YEAR,PHASE,RESP_BAT_ID,RESP_BAT_HAND_CD,RESP_PIT_HAND_CD,B_PA,B_AB,B_H,B_TB,B_2B,B_3B,B_HR,B_HR4,B_RBI,B_BB,B_IBB,B_SO,B_GDP,B_HP,B_SH,B_SF,B_XI
2025,D,arozr001,R,L,6,6,1,1,0,0,0,0,0,0,0,2,0,0,0,0,0
2025,D,arozr001,R,R,20,17,3,4,1,0,0,0,1,1,0,6,1,2,0,0,0
2025,D,badeh001,R,L,2,2,1,1,0,0,0,0,0,0,0,1,0,0,0,0,0
2025,D,badeh001,R,R,2,0,0,0,0,0,0,0,1,0,0,0,0,1,0,1,0
2025,D,baezj001,R,L,1,1,1,1,0,0,0,0,1,0,0,0,0,0,0,0,0
2025,D,baezj001,R,R,21,20,4,8,1,0,1,0,3,1,0,2,0,0,0,0,0
2025,D,ballm001,L,R,2,2,0,0,0,0,0,0,0,0,0,0,0,0,0,0,0
2025,D,barga001,L,L,2,2,1,1,0,0,0,0,0,0,0,1,0,0,0,0,0
2025,D,barga001,L,R,10,10,3,4,1,0,0,0,0,0,0,3,0,0,0,0,0
2025,D,bauej001,L,R,5,4,2,5,0,0,1,0,2,1,0,1,0,0,0,0,0
2025,D,bellc002,L,L,4,4,2,6,1,0,1,0,2,0,0,0,0,0,0,0,0
2025,D,bellc002,L,R,15,12,1,1,0,0,0,0,2,2,1,4,0,0,0,1,0
2025,D,bettm001,R,L,14,14,3,3,0,0,0,0,0,0,0,1,0,0,0,0,0
2025,D,bettm001,R,R,4,3,1,3,0,1,0,0,1,1,0,0,0,0,0,0,0
2025,D,bohma001,R,L,7,5,1,1,0,0,0,0,0,2,2,1,0,0,0,0,0
2025,D,bohma001,R,R,11,7,3,3,0,0,0,0,0,4,0,0,0,0,0,0,0
2025,D,buscm003,L,L,8,8,2,5,0,0,1,0,1,0,0,1,0,0,0,0,0
2025,D,buscm003,L,R,11,9,2,8,0,0,2,0,2,2,0,3,0,0,0,0,0
2025,D,cabaj001,R,R,2,1,1,1,0,0,0,0,0,0,0,0,0,1,0,0,0
2025,D,calla002,R,L,5,2,2,2,0,0,0,0,0,2,0,0,0,1,0,0,0
2025,D,canzd001,L,L,1,1,0,0,0,0,0,0,0,0,0,0,0,0,0,0,0
2025,D,canzd001,L,R,6,5,1,1,0,0,0,0,1,1,0,2,0,0,0,0,0
2025,D,carpk001,L,L,4,4,1,4,0,0,1,0,2,0,0,1,0,0,0,0,0
2025,D,carpk001,L,R,21,18,4,7,0,0,1,0,3,3,1,7,0,0,0,0,0
2025,D,castn001,R,L,4,4,0,0,0,0,0,0,0,0,0,1,0,0,0,0,0
2025,D,castn001,R,R,11,11,2,4,2,0,0,0,3,0,0,2,1,0,0,0,0
2025,D,chisj001,L,L,1,1,0,0,0,0,0,0,0,0,0,0,0,0,0,0,0
2025,D,chisj001,L,R,15,13,2,5,0,0,1,0,1,2,0,2,1,0,0,0,0
2025,D,chouj001,R,L,7,7,2,3,1,0,0,0,0,0,0,4,0,0,0,0,0
2025,D,chouj001,R,R,12,11,5,9,1,0,1,0,6,1,0,0,1,0,0,0,0
2025,D,cleme002,R,L,4,4,4,7,0,0,1,0,4,0,0,0,0,0,0,0,0
2025,D,cleme002,R,R,12,10,5,6,1,0,0,0,1,0,0,0,0,1,0,1,0
2025,D,colli001,L,R,3,3,0,0,0,0,0,0,0,0,0,2,0,0,0,0,0
2025,D,contw002,R,L,8,7,4,11,1,0,2,0,3,1,0,2,0,0,0,0,0
2025,D,contw002,R,R,13,13,2,2,0,0,0,0,0,0,0,1,2,0,0,0,0
2025,D,crawj002,L,L,7,7,2,5,0,0,1,0,1,0,0,3,0,0,0,0,0
2025,D,crawj002,L,R,14,12,3,3,0,0,0,0,1,1,0,2,0,0,0,1,0
2025,D,crowp001,L,L,5,3,0,0,0,0,0,0,0,1,0,1,0,0,1,0,0
2025,D,crowp001,L,R,14,14,2,2,0,0,0,0,2,0,0,5,0,0,0,0,0
2025,D,dingd001,R,L,1,1,0,0,0,0,0,0,0,0,0,0,0,0,0,0,0
2025,D,dingd001,R,R,22,19,4,6,2,0,0,0,1,2,0,5,0,1,0,0,0
2025,D,domij003,L,R,1,1,1,2,1,0,0,0,0,0,0,0,0,0,0,0,0
2025,D,durbc002,R,L,5,5,0,0,0,0,0,0,0,0,0,2,0,0,0,0,0
2025,D,durbc002,R,R,14,11,4,4,0,0,0,0,2,2,0,1,1,1,0,0,0
2025,D,edmat001,L,R,4,4,1,1,0,0,0,0,1,0,0,2,0,0,0,0,0
2025,D,edmat001,R,L,13,13,3,6,0,0,1,0,1,0,0,1,0,0,0,0,0
2025,D,freef001,L,L,14,13,3,4,1,0,0,0,0,1,0,4,0,0,0,0,0
2025,D,freef001,L,R,3,2,0,0,0,0,0,0,0,0,0,1,0,1,0,0,0
2025,D,frels001,L,L,7,6,1,2,1,0,0,0,0,1,0,1,0,0,0,0,0
2025,D,frels001,L,R,13,11,3,3,0,0,0,0,1,1,0,1,0,0,0,1,0
2025,D,garvm001,R,L,7,5,1,1,0,0,0,0,1,1,0,2,0,0,0,1,0
2025,D,gimea001,L,L,5,4,1,1,0,0,0,0,0,0,0,1,0,1,0,0,0
2025,D,gimea001,L,R,11,11,3,4,1,0,0,0,2,0,0,0,0,0,0,0,0
2025,D,goldp001,R,L,2,1,1,1,0,0,0,0,0,1,0,0,0,0,0,0,0
2025,D,goldp001,R,R,4,3,0,0,0,0,0,0,0,0,0,0,0,1,0,0,0
2025,D,greer003,L,L,4,4,1,4,0,0,1,0,1,0,0,1,0,0,0,0,0
2025,D,greer003,L,R,19,18,2,2,0,0,0,0,0,1,1,5,0,0,0,0,0
2025,D,grist001,L,L,8,7,1,1,0,0,0,0,0,1,0,2,0,0,0,0,0
2025,D,grist001,L,R,11,10,1,2,1,0,0,0,0,1,0,3,0,0,0,0,0
2025,D,guerv002,R,L,4,3,3,6,0,0,1,0,2,1,1,0,0,0,0,0,0
2025,D,guerv002,R,R,16,14,6,12,0,0,2,1,7,1,0,1,0,0,0,1,0
2025,D,happi001,L,R,15,14,2,8,0,0,2,0,4,1,0,6,0,0,0,0,0
2025,D,happi001,R,L,6,5,0,0,0,0,0,0,0,1,0,1,0,0,0,0,0
2025,D,harpb003,L,L,7,5,1,2,1,0,0,0,0,2,0,1,0,0,0,0,0
2025,D,harpb003,L,R,11,10,2,2,0,0,0,0,0,1,0,2,0,0,0,0,0
2025,D,herne001,R,L,11,10,3,4,1,0,0,0,2,1,0,2,0,0,0,0,0
2025,D,herne001,R,R,6,4,0,0,0,0,0,0,1,2,0,1,0,0,0,0,0
2025,D,hernt002,R,L,14,13,4,7,0,0,1,0,3,1,0,5,0,0,0,0,0
2025,D,hernt002,R,R,3,3,0,0,0,0,0,0,0,0,0,2,0,0,0,0,0
2025,D,hoern001,R,L,8,7,4,7,0,0,1,0,1,0,0,0,0,1,0,0,0
2025,D,hoern001,R,R,13,13,5,5,0,0,0,0,0,0,0,2,0,0,0,0,0
2025,D,ibana001,R,L,1,1,1,1,0,0,0,0,1,0,0,0,0,0,0,0,0
2025,D,jonej007,R,L,3,1,1,2,1,0,0,0,1,2,0,0,0,0,0,0,0
2025,D,judga001,R,L,4,2,2,3,1,0,0,0,0,2,2,0,0,0,0,0,0
2025,D,judga001,R,R,15,13,7,11,1,0,1,0,6,2,0,3,0,0,0,0,0
2025,D,keitc001,L,L,1,1,0,0,0,0,0,0,0,0,0,0,0,0,0,0,0
2025,D,keitc001,L,R,16,14,1,1,0,0,0,0,0,1,0,5,1,1,0,0,0
2025,D,kellc002,R,L,4,4,0,0,0,0,0,0,0,0,0,0,0,0,0,0,0
2025,D,kellc002,R,R,16,16,2,2,0,0,0,0,0,0,0,8,0,0,0,0,0
2025,D,kempo001,R,L,2,2,0,0,0,0,0,0,0,0,0,2,0,0,0,0,0
2025,D,keplm001,L,L,3,1,0,0,0,0,0,0,0,2,0,0,0,0,0,0,0
2025,D,keplm001,L,R,12,11,2,5,1,1,0,0,0,1,0,2,0,0,0,0,0
2025,D,kinei001,R,L,3,3,0,0,0,0,0,0,0,0,0,0,0,0,0,0,0
2025,D,kinei001,R,R,3,3,0,0,0,0,0,0,0,0,0,1,0,0,0,0,0
2025,D,kirka001,R,L,5,5,0,0,0,0,0,0,1,0,0,0,1,0,0,0,0
2025,D,kirka001,R,R,13,13,4,11,1,0,2,0,2,0,0,1,0,0,0,0,0
2025,D,lockb001,R,R,2,2,0,0,0,0,0,0,0,0,0,1,0,0,0,0,0
2025,D,luken001,L,R,12,12,4,6,2,0,0,0,5,0,0,1,0,0,0,0,0
2025,D,marsb002,L,L,5,4,0,0,0,0,0,0,0,1,0,1,0,0,0,0,0
2025,D,marsb002,L,R,10,9,1,1,0,0,0,0,1,0,0,4,0,0,0,1,0
2025,D,mckiz001,L,L,1,1,0,0,0,0,0,0,0,0,0,0,0,0,0,0,0
2025,D,mckiz001,L,R,21,20,5,5,0,0,0,0,2,1,0,6,0,0,0,0,0
2025,D,mcmar001,L,L,3,3,2,5,0,0,1,0,1,0,0,0,0,0,0,0,0
2025,D,mcmar001,L,R,7,7,1,1,0,0,0,0,0,0,0,0,0,0,0,0,0
2025,D,meadp001,L,L,1,1,0,0,0,0,0,0,0,0,0,1,0,0,0,0,0
2025,D,meadp001,L,R,18,16,1,1,0,0,0,0,0,0,0,6,0,0,2,0,0
2025,D,muncm001,L,L,4,4,2,2,0,0,0,0,0,0,0,0,1,0,0,0,0
2025,D,muncm001,L,R,6,5,2,3,1,0,0,0,0,1,0,1,0,0,0,0,0
2025,D,naylj001,L,L,9,9,2,3,1,0,0,0,0,0,0,1,1,0,0,0,0
2025,D,naylj001,L,R,15,14,4,5,1,0,0,0,0,1,0,0,0,0,0,0,0
2025,D,ohtas001,L,L,16,16,1,1,0,0,0,0,1,0,0,8,0,0,0,0,0
2025,D,ohtas001,L,R,4,2,0,0,0,0,0,0,0,2,1,1,0,0,0,0,0
2025,D,ortij005,R,L,4,3,0,0,0,0,0,0,0,0,0,1,0,0,1,0,0
2025,D,ortij005,R,R,12,10,2,2,0,0,0,0,0,2,0,2,0,0,0,0,0
2025,D,pagea001,R,L,8,8,0,0,0,0,0,0,0,0,0,2,0,0,0,0,0
2025,D,pagea001,R,R,7,7,1,1,0,0,0,0,0,0,0,2,0,0,0,0,0
2025,D,perew002,L,R,5,5,1,2,1,0,0,0,0,0,0,3,0,0,0,0,0
2025,D,perew002,R,L,1,1,0,0,0,0,0,0,0,0,0,0,0,0,0,0,0
2025,D,perkb002,L,R,11,10,2,3,1,0,0,0,0,1,0,3,0,0,0,0,0
2025,D,perkb002,R,L,5,4,1,1,0,0,0,0,1,1,0,2,0,0,0,0,0
2025,D,polaj001,L,R,17,15,2,2,0,0,0,0,1,2,0,6,0,0,0,0,0
2025,D,polaj001,R,L,7,7,2,8,0,0,2,0,2,0,0,2,0,0,0,0,0
2025,D,ralec001,L,R,19,15,7,11,1,0,1,0,4,4,1,3,0,0,0,0,0
2025,D,ralec001,R,L,6,6,1,1,0,0,0,0,0,0,0,4,0,0,0,0,0
2025,D,ralel001,L,R,5,4,0,0,0,0,0,0,0,0,0,2,0,1,0,0,0
2025,D,realj001,R,L,4,4,1,4,0,0,1,0,1,0,0,0,0,0,0,0,0
2025,D,realj001,R,R,13,13,5,9,2,1,0,0,2,0,0,3,0,0,0,0,0
2025,D,riceb001,L,L,3,2,1,1,0,0,0,0,1,0,0,0,0,0,0,1,0
2025,D,riceb001,L,R,11,9,1,2,1,0,0,0,1,2,0,5,0,0,0,0,0
2025,D,rival002,L,R,3,2,0,0,0,0,0,0,0,1,0,2,0,0,0,0,0
2025,D,rival002,R,L,1,1,1,1,0,0,0,0,1,0,0,0,0,0,0,0,0
2025,D,roblv001,R,L,8,7,0,0,0,0,0,0,0,1,0,1,0,0,0,0,0
2025,D,roblv001,R,R,11,7,2,4,2,0,0,0,0,3,0,2,1,1,0,0,0
2025,D,rodrj007,R,L,5,5,0,0,0,0,0,0,0,0,0,3,0,0,0,0,0
2025,D,rodrj007,R,R,20,18,4,8,1,0,1,0,3,2,1,6,0,0,0,0,0
2025,D,rogej004,R,L,1,1,1,1,0,0,0,0,0,0,0,0,0,0,0,0,0
2025,D,rojam002,R,L,3,3,0,0,0,0,0,0,0,0,0,0,0,0,0,0,0
2025,D,rortb001,L,L,2,1,0,0,0,0,0,0,0,0,0,1,0,1,0,0,0
2025,D,rosaa003,R,L,2,2,1,1,0,0,0,0,0,0,0,0,0,0,0,0,0
2025,D,rosaa003,R,R,2,2,1,2,1,0,0,0,0,0,0,0,0,0,0,0,0
2025,D,rushd001,L,R,1,1,0,0,0,0,0,0,0,0,0,1,0,0,0,0,0
2025,D,santa003,L,R,7,7,1,1,0,0,0,0,0,0,0,3,0,0,0,0,0
2025,D,santa003,R,L,3,3,1,1,0,0,0,0,2,0,0,0,0,0,0,0,0
2025,D,schnd001,R,L,5,3,2,3,1,0,0,0,0,2,0,0,0,0,0,0,0
2025,D,schnd001,R,R,3,3,0,0,0,0,0,0,0,0,0,3,0,0,0,0,0
2025,D,schwk001,L,L,7,5,1,4,0,0,1,0,2,2,0,2,0,0,0,0,0
2025,D,schwk001,L,R,11,11,2,6,1,0,1,0,1,0,0,6,0,0,0,0,0
2025,D,shawm002,R,L,6,5,1,1,0,0,0,0,1,1,0,1,0,0,0,0,0
2025,D,shawm002,R,R,9,5,1,1,0,0,0,0,0,4,0,1,0,0,0,0,0
2025,D,smitw003,R,L,8,8,1,1,0,0,0,0,0,0,0,3,1,0,0,0,0
2025,D,smitw003,R,R,7,5,1,1,0,0,0,0,2,1,0,3,0,1,0,0,0
2025,D,sosae001,R,L,3,3,1,1,0,0,0,0,0,0,0,1,0,0,0,0,0
2025,D,sprig001,R,L,5,5,0,0,0,0,0,0,0,0,0,1,0,0,0,0,0
2025,D,sprig001,R,R,15,12,3,8,2,0,1,0,2,2,0,4,0,0,0,1,0
2025,D,stanm004,R,R,18,15,4,5,1,0,0,0,4,2,0,4,0,0,0,1,0
2025,D,stotb001,L,L,3,2,0,0,0,0,0,0,0,0,0,0,0,0,1,0,0
2025,D,stotb001,L,R,11,11,2,2,0,0,0,0,0,0,0,4,0,0,0,0,0
2025,D,stram002,R,L,2,1,0,0,0,0,0,0,0,1,0,0,0,0,0,0,0
2025,D,stram002,R,R,4,4,2,2,0,0,0,0,1,0,0,1,0,0,0,0,0
2025,D,suare001,R,L,7,7,1,1,0,0,0,0,0,0,0,5,0,0,0,0,0
2025,D,suare001,R,R,15,14,1,4,0,0,1,0,1,1,0,4,2,0,0,0,0
2025,D,suzus001,R,L,6,6,3,7,1,0,1,0,3,0,0,1,0,0,0,0,0
2025,D,suzus001,R,R,15,14,1,4,0,0,1,0,1,1,0,4,0,0,0,0,0
2025,D,swand001,R,L,5,4,0,0,0,0,0,0,0,1,0,1,0,0,0,0,0
2025,D,swand001,R,R,14,13,2,3,1,0,0,0,0,1,0,8,0,0,0,0,0
2025,D,torks001,R,L,2,2,1,2,1,0,0,0,2,0,0,0,0,0,0,0,0
2025,D,torks001,R,R,21,19,3,5,2,0,0,0,2,2,0,6,0,0,0,0,0
2025,D,torrg001,R,L,3,2,0,0,0,0,0,0,0,1,1,1,0,0,0,0,0
2025,D,torrg001,R,R,21,19,6,11,2,0,1,0,1,2,0,6,0,0,0,0,0
2025,D,tuckk001,L,L,10,8,4,7,0,0,1,0,1,2,0,1,0,0,0,0,0
2025,D,tuckk001,L,R,11,8,0,0,0,0,0,0,0,3,0,2,0,0,0,0,0
2025,D,turab002,L,L,10,10,1,2,1,0,0,0,1,0,0,4,0,0,0,0,0
2025,D,turab002,L,R,11,10,2,5,0,0,1,0,1,1,0,4,0,0,0,0,0
2025,D,turnj001,R,L,2,2,1,1,0,0,0,0,0,0,0,0,0,0,0,0,0
2025,D,turnt001,R,L,5,4,2,2,0,0,0,0,2,1,0,2,0,0,0,0,0
2025,D,turnt001,R,R,14,13,2,2,0,0,0,0,1,1,0,3,0,0,0,0,0
2025,D,varsd001,L,L,5,5,3,5,2,0,0,0,1,0,0,1,0,0,0,0,0
2025,D,varsd001,L,R,12,11,4,11,1,0,2,0,3,1,0,2,1,0,0,0,0
2025,D,vauga001,R,L,6,4,1,4,0,0,1,0,3,2,0,0,0,0,0,0,0
2025,D,vauga001,R,R,11,10,3,6,0,0,1,0,1,1,0,0,1,0,0,0,0
2025,D,volpa001,R,L,5,5,0,0,0,0,0,0,0,0,0,5,0,0,0,0,0
2025,D,volpa001,R,R,10,10,1,2,1,0,0,0,0,0,0,6,0,0,0,0,0
2025,D,wella002,L,L,4,4,0,0,0,0,0,0,0,0,0,1,0,0,0,0,0
2025,D,wella002,L,R,9,9,3,3,0,0,0,0,1,0,0,2,0,0,0,0,0
2025,D,yelic001,L,L,10,9,2,2,0,0,0,0,0,1,0,2,0,0,0,0,0
2025,D,yelic001,L,R,12,10,3,4,1,0,0,0,0,2,0,0,0,0,0,0,0
2025,F,abrew002,L,R,5,5,0,0,0,0,0,0,0,0,0,3,0,0,0,0,0
2025,F,andum001,R,L,3,3,0,0,0,0,0,0,0,0,0,1,0,0,0,0,0
2025,F,andum001,R,R,2,1,0,0,0,0,0,0,0,1,0,0,0,0,0,0,0
2025,F,ariag002,R,L,6,6,2,2,0,0,0,0,1,0,0,2,1,0,0,0,0
2025,F,ariag002,R,R,4,4,0,0,0,0,0,0,0,0,0,1,0,0,0,0,0
2025,F,arral001,L,L,4,3,0,0,0,0,0,0,0,0,0,1,0,0,1,0,0
2025,F,arral001,L,R,8,8,2,2,0,0,0,0,0,0,0,0,0,0,0,0,0
2025,F,baezj001,R,L,2,2,1,2,1,0,0,0,0,0,0,1,0,0,0,0,0
2025,F,baezj001,R,R,9,9,4,4,0,0,0,0,1,0,0,0,0,0,0,0,0
2025,F,ballm001,L,R,1,1,0,0,0,0,0,0,0,0,0,1,0,0,0,0,0
2025,F,bellc002,L,L,8,8,2,3,1,0,0,0,0,0,0,1,0,0,0,0,0
2025,F,bellc002,L,R,4,4,1,1,0,0,0,0,0,0,0,0,0,0,0,0,0
2025,F,bensw001,L,L,1,1,0,0,0,0,0,0,0,0,0,1,0,0,0,0,0
2025,F,bensw001,L,R,1,0,0,0,0,0,0,0,0,1,0,0,0,0,0,0,0
2025,F,bettm001,R,L,1,1,0,0,0,0,0,0,0,0,0,0,0,0,0,0,0
2025,F,bettm001,R,R,9,8,6,9,3,0,0,0,3,1,0,1,0,0,0,0,0
2025,F,bogax001,R,L,4,4,3,4,1,0,0,0,1,0,0,1,0,0,0,0,0
2025,F,bogax001,R,R,8,8,1,1,0,0,0,0,0,0,0,2,0,0,0,0,0
2025,F,brega001,R,L,6,5,1,1,0,0,0,0,0,1,0,1,1,0,0,0,0
2025,F,brega001,R,R,7,5,2,3,1,0,0,0,1,2,0,1,0,0,0,0,0
2025,F,buscm003,L,L,3,3,2,2,0,0,0,0,0,0,0,0,0,0,0,0,0
2025,F,buscm003,L,R,9,7,2,5,0,0,1,0,1,1,1,0,1,1,0,0,0
2025,F,cabaj001,R,L,3,3,0,0,0,0,0,0,0,0,0,1,0,0,0,0,0
2025,F,calla002,R,L,1,1,1,1,0,0,0,0,0,0,0,0,0,0,0,0,0
2025,F,carpk001,L,L,3,2,1,2,1,0,0,0,1,1,0,1,0,0,0,0,0
2025,F,carpk001,L,R,11,8,3,3,0,0,0,0,0,3,1,2,0,0,0,0,0
2025,F,chisj001,L,L,7,7,2,2,0,0,0,0,0,0,0,3,0,0,0,0,0
2025,F,chisj001,L,R,2,1,0,0,0,0,0,0,0,1,0,0,0,0,0,0,0
2025,F,cronj001,L,L,9,9,0,0,0,0,0,0,0,0,0,3,0,0,0,0,0
2025,F,cronj001,L,R,2,2,0,0,0,0,0,0,0,0,0,0,0,0,0,0,0
2025,F,crowp001,L,L,1,1,0,0,0,0,0,0,0,0,0,0,0,0,0,0,0
2025,F,crowp001,L,R,9,9,3,3,0,0,0,0,1,0,0,6,0,0,0,0,0
2025,F,delac001,L,L,2,2,0,0,0,0,0,0,0,0,0,1,0,0,0,0,0
2025,F,delac001,L,R,5,4,1,1,0,0,0,0,0,1,0,0,1,0,0,0,0
2025,F,delae003,L,R,4,3,0,0,0,0,0,0,0,1,0,2,0,0,0,0,0
2025,F,delae003,R,L,4,3,0,0,0,0,0,0,2,1,0,2,0,0,0,0,0
2025,F,dingd001,R,L,3,2,1,4,0,0,1,0,1,1,0,1,0,0,0,0,0
2025,F,dingd001,R,R,10,8,0,0,0,0,0,0,0,2,0,4,0,0,0,0,0
2025,F,duraj001,L,L,6,5,1,1,0,0,0,0,0,0,0,1,0,1,0,0,0
2025,F,duraj001,L,R,6,6,0,0,0,0,0,0,0,0,0,3,0,0,0,0,0
2025,F,eaton001,R,L,6,5,2,3,1,0,0,0,0,1,0,1,1,0,0,0,0
2025,F,edmat001,L,R,3,3,1,4,0,0,1,0,1,0,0,2,0,0,0,0,0
2025,F,fermf002,R,L,4,4,2,3,1,0,0,0,0,0,0,1,0,0,0,0,0
2025,F,fermf002,R,R,7,7,2,3,1,0,0,0,0,0,0,0,0,0,0,0,0
2025,F,freef001,L,L,2,2,1,2,1,0,0,0,0,0,0,0,0,0,0,0,0
2025,F,freef001,L,R,8,6,1,1,0,0,0,0,0,2,1,1,0,0,0,0,0
2025,F,friet001,L,L,5,4,0,0,0,0,0,0,0,1,0,2,0,0,0,0,0
2025,F,friet001,L,R,5,4,1,1,0,0,0,0,0,1,0,1,0,0,0,0,0
2025,F,goldp001,R,L,5,5,3,3,0,0,0,0,0,0,0,1,0,0,0,0,0
2025,F,gonzr003,R,L,6,6,0,0,0,0,0,0,0,0,0,1,0,0,0,0,0
2025,F,gonzr003,R,R,3,3,1,1,0,0,0,0,0,0,0,2,0,0,0,0,0
2025,F,greer003,L,L,3,3,1,1,0,0,0,0,0,0,0,0,0,0,0,0,0
2025,F,greer003,L,R,9,8,3,5,2,0,0,0,1,1,0,3,0,0,0,0,0
2025,F,grist001,L,L,9,9,1,1,0,0,0,0,0,0,0,5,0,0,0,0,0
2025,F,grist001,L,R,4,3,1,2,1,0,0,0,0,1,0,0,0,0,0,0,0
2025,F,happi001,L,R,7,7,0,0,0,0,0,0,0,0,0,5,0,0,0,0,0
2025,F,happi001,R,L,5,4,1,2,1,0,0,0,0,0,0,1,1,0,1,0,0
2025,F,hayek001,R,L,4,4,0,0,0,0,0,0,0,0,0,0,0,0,0,0,0
2025,F,hayek001,R,R,2,2,0,0,0,0,0,0,0,0,0,0,0,0,0,0,0
2025,F,haysa001,R,L,3,3,1,1,0,0,0,0,0,0,0,1,0,0,0,0,0
2025,F,haysa001,R,R,5,4,0,0,0,0,0,0,0,1,0,0,0,0,0,0,0
2025,F,hedga001,R,L,3,1,0,0,0,0,0,0,0,2,0,1,0,0,0,0,0
2025,F,herne001,R,R,8,8,4,5,1,0,0,0,1,0,0,1,0,0,0,0,0
2025,F,hernt002,R,L,2,2,0,0,0,0,0,0,0,0,0,0,0,0,0,0,0
2025,F,hernt002,R,R,8,8,4,11,1,0,2,0,6,0,0,0,0,0,0,0,0
2025,F,hoern001,R,L,3,3,1,1,0,0,0,0,0,0,0,0,1,0,0,0,0
2025,F,hoern001,R,R,9,8,3,4,1,0,0,0,1,0,0,0,0,0,0,1,0
2025,F,iglej001,R,L,2,2,0,0,0,0,0,0,0,0,0,0,0,0,0,0,0
2025,F,johnb005,L,R,1,0,0,0,0,0,0,0,0,0,0,0,0,1,0,0,0
2025,F,johnb005,R,L,2,2,0,0,0,0,0,0,0,0,0,1,0,0,0,0,0
2025,F,jonej007,R,L,1,1,0,0,0,0,0,0,0,0,0,1,0,0,0,0,0
2025,F,judga001,R,L,6,6,2,2,0,0,0,0,0,0,0,1,0,0,0,0,0
2025,F,judga001,R,R,6,5,2,2,0,0,0,0,1,0,0,1,0,1,0,0,0
2025,F,kayfc001,L,L,1,1,1,1,0,0,0,0,0,0,0,0,0,0,0,0,0
2025,F,kayfc001,L,R,6,5,0,0,0,0,0,0,0,1,0,0,0,0,0,0,0
2025,F,kellc002,R,R,10,8,3,6,0,0,1,0,1,1,1,4,0,1,0,0,0
2025,F,kwans001,L,L,5,5,0,0,0,0,0,0,0,0,0,0,0,0,0,0,0
2025,F,kwans001,L,R,7,7,2,4,2,0,0,0,0,0,0,0,0,0,0,0,0
2025,F,lowen001,L,L,1,1,0,0,0,0,0,0,0,0,0,0,0,0,0,0,0
2025,F,lowen001,L,R,6,6,1,1,0,0,0,0,0,0,0,1,1,0,0,0,0
2025,F,lux-g001,L,R,6,6,3,3,0,0,0,0,0,0,0,1,0,0,0,0,0
2025,F,machm001,R,L,4,3,1,4,0,0,1,0,2,1,0,0,0,0,0,0,0
2025,F,machm001,R,R,8,7,0,0,0,0,0,0,0,1,0,3,0,0,0,0,0
2025,F,mallj001,R,R,1,1,0,0,0,0,0,0,0,0,0,1,0,0,0,0,0
2025,F,manzk001,L,L,6,6,1,1,0,0,0,0,0,0,0,2,1,0,0,0,0
2025,F,manzk001,L,R,6,5,0,0,0,0,0,0,0,1,0,1,0,0,0,0,0
2025,F,marta008,R,L,3,3,1,1,0,0,0,0,0,0,0,2,0,0,0,0,0
2025,F,martn004,R,L,4,3,0,0,0,0,0,0,0,1,0,2,0,0,0,0,0
2025,F,mckiz001,L,L,3,2,0,0,0,0,0,0,0,1,0,1,0,0,0,0,0
2025,F,mckiz001,L,R,9,6,0,0,0,0,0,0,1,2,0,3,0,0,1,0,0
2025,F,mclam001,R,L,4,3,2,3,1,0,0,0,0,1,0,1,0,0,0,0,0
2025,F,mclam001,R,R,4,4,0,0,0,0,0,0,0,0,0,4,0,0,0,0,0
2025,F,mcmar001,L,L,1,1,0,0,0,0,0,0,0,0,0,1,0,0,0,0,0
2025,F,mcmar001,L,R,4,3,1,1,0,0,0,0,0,1,0,1,0,0,0,0,0
2025,F,meadp001,L,L,2,2,1,1,0,0,0,0,0,0,0,0,0,0,0,0,0
2025,F,meadp001,L,R,11,10,2,2,0,0,0,0,0,1,0,3,0,0,0,0,0
2025,F,merrj002,L,L,4,2,1,2,1,0,0,0,0,1,0,0,0,0,1,0,0
2025,F,merrj002,L,R,8,7,2,6,1,0,1,0,2,0,0,2,1,0,0,1,0
2025,F,muncm001,L,L,2,1,0,0,0,0,0,0,0,0,0,1,0,1,0,0,0
2025,F,muncm001,L,R,8,6,1,1,0,0,0,0,0,2,1,2,0,0,0,0,0
2025,F,narvc002,R,L,6,4,0,0,0,0,0,0,0,2,0,2,1,0,0,0,0
2025,F,narvc002,R,R,5,4,0,0,0,0,0,0,0,1,0,2,0,0,0,0,0
2025,F,naylb001,L,L,3,3,1,4,0,0,1,0,3,0,0,0,0,0,0,0,0
2025,F,naylb001,L,R,5,5,0,0,0,0,0,0,0,0,0,1,0,0,0,0,0
2025,F,noelj001,R,L,3,3,0,0,0,0,0,0,0,0,0,3,0,0,0,0,0
2025,F,ohear001,L,L,9,8,1,1,0,0,0,0,0,1,0,1,0,0,0,0,0
2025,F,ohear001,L,R,2,1,1,1,0,0,0,0,0,0,0,0,0,1,0,0,0
2025,F,ohtas001,L,L,2,2,0,0,0,0,0,0,0,0,0,1,0,0,0,0,0
2025,F,ohtas001,L,R,8,7,3,9,0,0,2,0,4,1,1,2,0,0,0,0,0
2025,F,pagea001,R,L,2,2,0,0,0,0,0,0,0,0,0,0,0,0,0,0,0
2025,F,pagea001,R,R,8,7,0,0,0,0,0,0,0,0,0,2,0,1,0,0,0
2025,F,perew002,L,R,10,9,1,1,0,0,0,0,2,0,0,3,0,0,1,0,0
2025,F,perew002,R,L,4,4,0,0,0,0,0,0,0,0,0,1,1,0,0,0,0
2025,F,rafac001,R,L,4,3,0,0,0,0,0,0,0,1,0,1,0,0,0,0,0
2025,F,rafac001,R,R,8,7,0,0,0,0,0,0,0,1,0,3,0,0,0,0,0
2025,F,ramij003,L,R,9,6,2,2,0,0,0,0,1,3,1,1,0,0,0,0,0
2025,F,ramij003,R,L,3,2,0,0,0,0,0,0,0,1,0,1,0,0,0,0,0
2025,F,refsr001,R,L,6,5,0,0,0,0,0,0,0,1,0,2,0,0,0,0,0
2025,F,riceb001,L,L,4,4,1,1,0,0,0,0,0,0,0,2,0,0,0,0,0
2025,F,riceb001,L,R,3,3,1,4,0,0,1,0,2,0,0,1,0,0,0,0,0
2025,F,roccb001,L,R,5,5,2,5,0,0,1,0,1,0,0,1,0,0,0,0,0
2025,F,roccb001,R,L,4,4,0,0,0,0,0,0,0,0,0,2,0,0,0,0,0
2025,F,rodrj009,R,L,3,3,0,0,0,0,0,0,0,0,0,2,0,0,0,0,0
2025,F,rojam002,R,L,1,1,1,1,0,0,0,0,0,0,0,0,0,0,0,0,0
2025,F,rojam002,R,R,5,4,2,2,0,0,0,0,1,0,0,0,0,1,0,0,0
2025,F,rortb001,L,L,2,2,2,2,0,0,0,0,1,0,0,0,0,0,0,0,0
2025,F,rortb001,L,R,6,4,1,2,1,0,0,0,0,0,0,2,0,0,2,0,0
2025,F,rosaa003,R,L,5,5,1,1,0,0,0,0,1,0,0,0,0,0,0,0,0
2025,F,rosaa003,R,R,1,1,0,0,0,0,0,0,0,0,0,1,0,0,0,0,0
2025,F,schnd002,L,R,3,3,1,2,1,0,0,0,1,0,0,1,0,0,0,0,0
2025,F,shawm002,R,L,1,1,0,0,0,0,0,0,0,0,0,0,0,0,0,0,0
2025,F,shawm002,R,R,7,6,0,0,0,0,0,0,0,0,0,5,0,0,1,0,0
2025,F,sheeg001,L,L,5,5,1,1,0,0,0,0,0,0,0,0,0,0,0,0,0
2025,F,sheeg001,L,R,1,1,0,0,0,0,0,0,0,0,0,1,0,0,0,0,0
2025,F,sogan001,L,R,3,3,1,2,1,0,0,0,0,0,0,1,0,0,0,0,0
2025,F,sogan001,R,L,4,3,1,1,0,0,0,0,0,0,0,0,0,0,1,0,0
2025,F,stanm004,R,L,8,7,1,2,1,0,0,0,0,1,0,2,1,0,0,0,0
2025,F,stanm004,R,R,4,4,0,0,0,0,0,0,0,0,0,0,0,0,0,0,0
2025,F,stees001,R,L,3,3,1,1,0,0,0,0,0,0,0,0,0,0,0,0,0
2025,F,stees001,R,R,6,5,2,2,0,0,0,0,1,0,0,2,0,1,0,0,0
2025,F,stept001,R,L,4,4,1,2,1,0,0,0,1,0,0,2,0,0,0,0,0
2025,F,stept001,R,R,4,3,0,0,0,0,0,0,1,0,0,2,0,0,0,1,0
2025,F,stews004,R,R,5,4,2,2,0,0,0,0,4,1,0,1,0,0,0,0,0
2025,F,stort001,R,L,6,6,3,6,0,0,1,0,3,0,0,3,0,0,0,0,0
2025,F,stort001,R,R,7,7,2,2,0,0,0,0,0,0,0,1,0,0,0,0,0
2025,F,suzus001,R,L,1,1,0,0,0,0,0,0,0,0,0,1,0,0,0,0,0
2025,F,suzus001,R,R,10,10,3,8,2,0,1,0,1,0,0,4,1,0,0,0,0
2025,F,swand001,R,L,1,1,0,0,0,0,0,0,0,0,0,1,0,0,0,0,0
2025,F,swand001,R,R,9,8,2,2,0,0,0,0,1,1,0,5,0,0,0,0,0
2025,F,tatif002,R,L,4,3,0,0,0,0,0,0,0,1,0,0,0,0,0,0,0
2025,F,tatif002,R,R,9,9,1,1,0,0,0,0,0,0,0,4,0,0,0,0,0
2025,F,torks001,R,L,2,2,0,0,0,0,0,0,0,0,0,1,0,0,0,0,0
2025,F,torks001,R,R,12,9,2,2,0,0,0,0,2,1,0,4,0,2,0,0,0
2025,F,torrg001,R,L,1,1,0,0,0,0,0,0,0,0,0,1,0,0,0,0,0
2025,F,torrg001,R,R,13,12,2,2,0,0,0,0,0,0,0,2,1,1,0,0,0
2025,F,tuckk001,L,L,4,4,0,0,0,0,0,0,0,0,0,0,0,0,0,0,0
2025,F,tuckk001,L,R,7,7,3,3,0,0,0,0,0,0,0,2,0,0,0,0,0
2025,F,valeg001,L,R,7,7,2,6,1,0,1,0,1,0,0,2,0,0,0,0,0
2025,F,volpa001,R,L,7,7,3,6,0,0,1,0,2,0,0,4,0,0,0,0,0
2025,F,volpa001,R,R,4,4,1,1,0,0,0,0,0,0,0,1,1,0,0,0,0
2025,F,wella002,L,L,8,8,1,1,0,0,0,0,1,0,0,3,0,0,0,0,0
2025,F,wella002,L,R,2,1,1,1,0,0,0,0,1,1,0,0,0,0,0,0,0
2025,F,yoshm002,L,R,7,7,4,4,0,0,0,0,2,0,0,1,0,0,0,0,0
2025,L,arozr001,R,R,30,25,5,8,0,0,1,0,1,3,0,11,0,2,0,0,0
2025,L,barga001,L,L,2,2,0,0,0,0,0,0,0,0,0,1,0,0,0,0,0
2025,L,barga001,L,R,26,21,6,13,1,0,2,0,4,5,0,2,0,0,0,0,0
2025,L,bauej001,L,L,1,1,0,0,0,0,0,0,0,0,0,0,0,0,0,0,0
2025,L,bauej001,L,R,8,8,2,3,1,0,0,0,1,0,0,2,0,0,0,0,0
2025,L,bettm001,R,L,8,7,2,3,1,0,0,0,1,0,0,1,0,1,0,0,0
2025,L,bettm001,R,R,10,8,0,0,0,0,0,0,1,2,0,1,2,0,0,0,0
2025,L,calla002,R,R,1,1,0,0,0,0,0,0,0,0,0,0,0,0,0,0,0
2025,L,canzd001,L,R,22,22,2,2,0,0,0,0,0,0,0,8,1,0,0,0,0
2025,L,chouj001,R,L,4,4,1,1,0,0,0,0,0,0,0,2,0,0,0,0,0
2025,L,chouj001,R,R,12,11,2,6,1,0,1,0,2,0,0,3,0,0,0,1,0
2025,L,cleme002,R,L,4,4,0,0,0,0,0,0,0,0,0,1,0,0,0,0,0
2025,L,cleme002,R,R,25,24,9,13,2,1,0,0,2,1,0,1,1,0,0,0,0
2025,L,colli001,L,R,5,4,0,0,0,0,0,0,0,1,0,3,0,0,0,0,0
2025,L,colli001,R,L,2,2,0,0,0,0,0,0,0,0,0,2,0,0,0,0,0
2025,L,contw002,R,L,4,4,0,0,0,0,0,0,0,0,0,1,0,0,0,0,0
2025,L,contw002,R,R,12,10,2,2,0,0,0,0,0,2,0,3,0,0,0,0,0
2025,L,crawj002,L,L,1,1,1,1,0,0,0,0,1,0,0,0,0,0,0,0,0
2025,L,crawj002,L,R,25,20,2,3,1,0,0,0,1,3,0,2,1,0,1,1,0
2025,L,durbc002,R,L,3,3,2,3,1,0,0,0,0,0,0,1,0,0,0,0,0
2025,L,durbc002,R,R,11,10,2,5,1,1,0,0,0,1,0,4,0,0,0,0,0
2025,L,edmat001,L,R,13,12,4,5,1,0,0,0,2,1,0,5,0,0,0,0,0
2025,L,edmat001,R,L,3,3,1,1,0,0,0,0,1,0,0,2,0,0,0,0,0
2025,L,fordh001,R,L,1,1,1,1,0,0,0,0,0,0,0,0,0,0,0,0,0
2025,L,freef001,L,L,8,7,2,3,1,0,0,0,0,1,0,4,0,0,0,0,0
2025,L,freef001,L,R,10,9,2,6,1,0,1,0,1,1,0,1,0,0,0,0,0
2025,L,frels001,L,L,5,5,0,0,0,0,0,0,0,0,0,2,1,0,0,0,0
2025,L,frels001,L,R,9,9,1,1,0,0,0,0,0,0,0,1,0,0,0,0,0
2025,L,garvm001,R,L,2,2,1,3,0,1,0,0,0,0,0,0,0,0,0,0,0
2025,L,gimea001,L,L,2,1,1,1,0,0,0,0,0,0,0,0,0,0,1,0,0
2025,L,gimea001,L,R,25,22,5,11,0,0,2,0,6,2,0,4,0,0,1,0,0
2025,L,guerv002,R,L,1,0,0,0,0,0,0,0,0,1,1,0,0,0,0,0,0
2025,L,guerv002,R,R,30,26,10,22,3,0,3,0,3,3,2,2,0,1,0,0,0
2025,L,herne001,R,L,3,3,0,0,0,0,0,0,0,0,0,1,0,0,0,0,0
2025,L,herne001,R,R,12,11,4,6,2,0,0,0,0,1,0,4,0,0,0,0,0
2025,L,hernt002,R,L,3,3,1,1,0,0,0,0,1,0,0,0,0,0,0,0,0
2025,L,hernt002,R,R,13,12,2,5,0,0,1,0,1,1,0,4,1,0,0,0,0
2025,L,kinei001,R,L,1,1,1,1,0,0,0,0,0,0,0,0,0,0,0,0,0
2025,L,kinei001,R,R,15,14,4,6,2,0,0,0,1,0,0,0,0,0,1,0,0
2025,L,kirka001,R,L,1,1,1,4,0,0,1,0,3,0,0,0,0,0,0,0,0
2025,L,kirka001,R,R,30,26,5,6,1,0,0,0,1,4,0,6,0,0,0,0,0
2025,L,lopej008,L,R,1,1,0,0,0,0,0,0,0,0,0,0,0,0,0,0,0
2025,L,luken001,L,L,3,3,0,0,0,0,0,0,1,0,0,0,0,0,0,0,0
2025,L,luken001,L,R,27,24,9,10,1,0,0,0,1,3,0,4,1,0,0,0,0
2025,L,mastm001,L,L,1,1,0,0,0,0,0,0,0,0,0,1,0,0,0,0,0
2025,L,monaa001,R,R,1,0,0,0,0,0,0,0,0,1,0,0,0,0,0,0,0
2025,L,muncm001,L,L,4,3,0,0,0,0,0,0,0,1,0,1,0,0,0,0,0
2025,L,muncm001,L,R,12,9,1,4,0,0,1,0,1,3,0,1,1,0,0,0,0
2025,L,naylj001,L,L,4,2,0,0,0,0,0,0,0,2,0,2,0,0,0,0,0
2025,L,naylj001,L,R,23,22,10,19,0,0,3,0,5,1,0,3,0,0,0,0,0
2025,L,ohtas001,L,L,8,6,3,8,0,1,1,0,2,2,0,2,0,0,0,0,0
2025,L,ohtas001,L,R,10,8,2,8,0,0,2,0,2,2,2,3,0,0,0,0,0
2025,L,ortij005,R,L,2,2,0,0,0,0,0,0,0,0,0,0,0,0,0,0,0
2025,L,ortij005,R,R,5,4,0,0,0,0,0,0,0,1,0,1,0,0,0,0,0
2025,L,pagea001,R,L,2,2,0,0,0,0,0,0,0,0,0,0,0,0,0,0,0
2025,L,pagea001,R,R,12,9,2,3,1,0,0,0,1,0,0,3,0,1,2,0,0
2025,L,perkb002,L,R,2,1,0,0,0,0,0,0,0,1,0,1,0,0,0,0,0
2025,L,polaj001,L,R,26,25,5,9,1,0,1,0,4,1,0,4,1,0,0,0,0
2025,L,polaj001,R,L,2,1,1,1,0,0,0,0,1,1,0,0,0,0,0,0,0
2025,L,ralec001,L,R,28,24,5,15,1,0,3,0,3,4,2,10,1,0,0,0,0
2025,L,ralec001,R,L,1,1,1,4,0,0,1,0,1,0,0,0,0,0,0,0,0
2025,L,rival002,L,R,16,13,1,1,0,0,0,0,0,3,0,7,0,0,0,0,0
2025,L,rival002,R,L,1,1,0,0,0,0,0,0,0,0,0,0,0,0,0,0,0
2025,L,roblv001,R,L,3,3,0,0,0,0,0,0,0,0,0,1,0,0,0,0,0
2025,L,roblv001,R,R,13,10,1,1,0,0,0,0,0,3,0,3,0,0,0,0,0
2025,L,rodrj007,R,R,30,25,6,16,1,0,3,0,6,5,0,10,2,0,0,0,0
2025,L,santa003,L,R,5,4,1,1,0,0,0,0,0,1,0,2,0,0,0,0,0
2025,L,santa003,R,L,1,1,0,0,0,0,0,0,0,0,0,0,0,0,0,0,0
2025,L,schnd001,R,R,5,4,0,0,0,0,0,0,0,1,0,1,0,0,0,0,0
2025,L,smitw003,R,L,5,3,2,2,0,0,0,0,0,2,1,1,0,0,0,0,0
2025,L,smitw003,R,R,12,12,4,4,0,0,0,0,0,0,0,3,0,0,0,0,0
2025,L,sprig001,R,L,2,2,1,2,1,0,0,0,1,0,0,1,0,0,0,0,0
2025,L,sprig001,R,R,31,27,7,18,2,0,3,0,6,3,0,5,1,1,0,0,0
2025,L,stram002,R,L,2,2,0,0,0,0,0,0,0,0,0,1,0,0,0,0,0
2025,L,stram002,R,R,2,2,0,0,0,0,0,0,0,0,0,0,0,0,0,0,0
2025,L,suare001,R,L,4,4,2,2,0,0,0,0,1,0,0,2,0,0,0,0,0
2025,L,suare001,R,R,25,22,6,13,1,0,2,1,6,3,0,7,0,0,0,0,0
2025,L,turab002,L,L,5,5,0,0,0,0,0,0,1,0,0,1,0,0,0,0,0
2025,L,turab002,L,R,11,10,1,1,0,0,0,0,0,1,0,5,0,0,0,0,0
2025,L,varsd001,L,L,4,3,1,1,0,0,0,0,1,1,0,0,0,0,0,0,0
2025,L,varsd001,L,R,25,25,4,5,1,0,0,0,3,0,0,9,0,0,0,0,0
2025,L,vauga001,R,L,4,4,0,0,0,0,0,0,0,0,0,0,0,0,0,0,0
2025,L,vauga001,R,R,9,8,0,0,0,0,0,0,0,1,0,2,0,0,0,0,0
2025,L,yelic001,L,L,5,5,0,0,0,0,0,0,0,0,0,3,0,0,0,0,0
2025,L,yelic001,L,R,11,9,1,1,0,0,0,0,0,2,0,4,0,0,0,0,0
2025,R,abrac001,L,L,200,186,43,63,6,1,4,0,13,8,0,53,1,5,0,1,0
2025,R,abrac001,L,R,435,394,106,188,29,4,15,0,47,29,1,72,4,9,1,2,0
2025,R,abrew002,L,L,68,61,14,23,6,0,1,0,10,6,0,14,2,0,1,0,0
2025,R,abrew002,L,R,349,312,78,152,11,0,21,1,59,34,5,87,6,0,0,3,0
2025,R,acosm002,R,L,20,17,3,3,0,0,0,0,1,2,0,7,0,1,0,0,0
2025,R,acosm002,R,R,41,37,8,18,1,0,3,0,4,4,0,10,0,0,0,0,0
2025,R,acunl001,R,L,67,58,13,16,3,0,0,0,2,6,0,16,0,1,2,0,0
2025,R,acunl001,R,R,126,117,28,32,4,0,0,0,6,7,0,21,6,1,0,1,0
2025,R,acunr001,R,L,125,99,25,42,5,0,4,0,10,26,1,36,2,0,0,0,0
2025,R,acunr001,R,R,287,239,73,133,7,1,17,0,32,45,3,66,3,3,0,0,0
2025,R,adamj003,R,L,1,1,0,0,0,0,0,0,0,0,0,0,0,0,0,0,0
2025,R,adamj003,R,R,4,4,0,0,0,0,0,0,0,0,0,2,0,0,0,0,0
2025,R,adamr004,R,L,97,87,14,25,2,0,3,0,5,6,0,39,3,4,0,0,0
2025,R,adamr004,R,R,189,176,35,56,6,0,5,0,19,12,0,71,3,1,0,0,0
2025,R,adamw002,R,L,180,159,32,68,4,1,10,0,21,18,0,54,0,0,0,3,0
2025,R,adamw002,R,R,506,432,101,181,18,1,20,0,66,62,2,125,9,5,0,6,1
2025,R,adelj001,R,L,104,94,26,55,6,1,7,0,18,10,0,24,1,0,0,0,0
2025,R,adelj001,R,R,469,432,98,200,12,0,30,0,80,23,0,127,9,10,0,1,3
2025,R,ahmen001,R,L,7,7,0,0,0,0,0,0,0,0,0,2,1,0,0,0,0
2025,R,ahmen001,R,R,3,2,0,0,0,0,0,0,0,1,0,1,0,0,0,0,0
2025,R,albio001,L,R,481,426,96,147,13,1,12,0,55,49,1,76,5,4,0,2,0
2025,R,albio001,R,L,186,177,49,73,10,1,4,0,19,6,1,18,4,0,0,3,0
2025,R,alcak001,R,L,7,6,2,2,0,0,0,0,0,1,0,1,0,0,0,0,0
2025,R,alcak001,R,R,5,5,2,2,0,0,0,0,1,0,0,3,0,0,0,0,0
2025,R,alcas002,L,R,2,2,0,0,0,0,0,0,0,0,0,2,0,0,0,0,0
2025,R,alcas002,R,L,2,2,0,0,0,0,0,0,0,0,0,0,0,0,0,0,0
2025,R,alexb001,R,L,85,71,17,30,5,1,2,0,9,11,0,24,2,2,1,0,0
2025,R,alexb001,R,R,181,159,36,58,7,0,5,0,19,11,0,62,3,8,2,1,0
2025,R,alexc001,L,L,1,1,0,0,0,0,0,0,0,0,0,1,0,0,0,0,0
2025,R,alexc001,L,R,16,16,3,3,0,0,0,0,0,0,0,7,0,0,0,0,0
2025,R,alext001,R,L,1,1,0,0,0,0,0,0,0,0,0,0,0,0,0,0,0
2025,R,alfaj002,R,L,9,9,4,5,1,0,0,0,1,0,0,3,0,0,0,0,0
2025,R,alfaj002,R,R,30,30,6,7,1,0,0,0,2,0,0,11,0,0,0,0,0
2025,R,alleg002,L,R,14,14,0,0,0,0,0,0,0,0,0,5,2,0,0,0,0
2025,R,allen002,R,L,112,97,21,23,2,0,0,0,9,12,0,20,3,0,2,1,0
2025,R,allen002,R,R,304,274,61,70,9,0,0,0,13,19,0,79,5,3,6,2,0
2025,R,alonp001,R,L,204,181,41,76,8,0,9,0,23,18,4,61,4,4,0,1,0
2025,R,alonp001,R,R,505,443,129,251,33,1,29,1,103,43,1,101,19,11,0,8,0
2025,R,altuj001,R,L,124,111,29,52,2,0,7,0,16,12,1,28,4,0,0,1,0
2025,R,altuj001,R,R,530,477,127,208,22,1,19,0,61,43,4,81,16,4,1,5,0
2025,R,alvaf001,R,L,66,56,15,32,6,1,3,0,9,10,0,14,2,0,0,0,0
2025,R,alvaf001,R,R,211,190,48,78,6,0,8,0,23,17,0,59,4,4,0,0,0
2025,R,alvan001,R,L,55,47,7,9,2,0,0,0,6,5,0,14,0,1,1,1,0
2025,R,alvan001,R,R,153,141,37,53,10,0,2,0,9,7,0,35,1,4,1,0,0
2025,R,alvay001,L,L,38,32,11,21,4,0,2,0,6,6,0,4,0,0,0,0,0
2025,R,alvay001,L,R,161,133,34,50,4,0,4,0,21,22,5,29,1,0,0,6,0
2025,R,amada001,L,R,103,90,19,29,7,0,1,0,9,9,0,21,1,1,3,0,0
2025,R,amada001,R,L,25,23,1,1,0,0,0,0,1,2,0,6,1,0,0,0,0
2025,R,amayj001,R,L,22,21,2,3,1,0,0,0,3,0,0,7,0,0,0,1,0
2025,R,amayj001,R,R,51,45,5,5,0,0,0,0,5,3,0,9,1,0,1,2,0
2025,R,amaym001,R,L,21,19,3,6,0,0,1,0,1,1,0,8,0,0,1,0,0
2025,R,amaym001,R,R,82,77,24,42,9,0,3,0,24,3,0,14,0,1,0,1,0
2025,R,andet001,R,L,18,17,4,5,1,0,0,0,0,0,0,6,0,0,1,0,0
2025,R,andet001,R,R,72,66,13,15,2,0,0,0,3,3,0,23,1,3,0,0,0
2025,R,andum001,R,L,93,90,35,52,5,0,4,0,11,3,1,16,3,0,0,0,0
2025,R,andum001,R,R,248,231,67,99,12,1,6,1,33,14,0,33,5,1,0,2,0
2025,R,anthr001,L,L,98,90,25,39,2,0,4,0,11,8,0,38,0,0,0,0,0
2025,R,anthr001,L,R,205,167,50,80,16,1,4,0,21,32,0,46,2,5,0,1,0
2025,R,aranj001,L,L,98,84,23,29,3,0,1,0,8,12,0,27,2,2,0,0,0
2025,R,aranj001,L,R,324,286,94,152,19,0,13,0,51,29,3,80,7,6,0,3,0
2025,R,arcio002,R,L,56,54,12,17,2,0,1,0,2,2,0,11,1,0,0,0,0
2025,R,arcio002,R,R,158,149,29,42,5,1,2,0,11,8,0,36,3,0,0,1,0
2025,R,arenn001,R,L,112,102,30,41,5,0,2,0,11,8,3,7,2,0,0,2,0
2025,R,arenn001,R,R,324,299,65,110,13,1,10,0,41,20,1,42,8,3,0,2,0
2025,R,ariag002,R,L,135,128,27,53,10,2,4,0,11,7,1,51,3,0,0,0,0
2025,R,ariag002,R,R,336,304,68,104,15,0,7,0,43,20,0,111,5,7,1,4,0
2025,R,arozr001,R,L,203,186,45,85,11,1,9,1,27,11,0,51,3,4,0,2,0
2025,R,arozr001,R,R,506,427,101,176,21,0,18,0,49,53,2,140,6,23,0,3,0
2025,R,arral001,L,L,204,183,48,64,4,0,4,0,18,8,0,10,3,1,10,2,0
2025,R,arral001,L,R,471,437,133,179,26,4,4,0,43,26,0,11,9,1,2,5,0
2025,R,avand001,L,L,3,3,0,0,0,0,0,0,0,0,0,1,0,0,0,0,0
2025,R,avand001,L,R,15,14,2,2,0,0,0,0,1,0,0,5,0,0,0,1,0
2025,R,azocj001,R,L,9,7,3,3,0,0,0,0,1,2,0,0,0,0,0,0,0
2025,R,azocj001,R,R,12,12,2,2,0,0,0,0,0,0,0,1,0,0,0,0,0
2025,R,badda001,L,L,2,2,1,2,1,0,0,0,1,0,0,0,0,0,0,0,0
2025,R,badda001,L,R,16,15,1,1,0,0,0,0,0,1,0,5,0,0,0,0,0
2025,R,badeh001,R,L,157,141,32,55,5,0,6,0,16,12,0,56,1,3,0,1,0
2025,R,badeh001,R,R,344,307,92,146,19,1,11,0,38,27,0,80,4,8,0,2,0
2025,R,bae-j001,L,L,4,4,0,0,0,0,0,0,0,0,0,3,0,0,0,0,0
2025,R,bae-j001,L,R,21,16,1,1,0,0,0,0,0,5,0,6,0,0,0,0,0
2025,R,baezj001,R,L,134,129,41,56,5,2,2,0,17,3,0,31,0,1,0,1,0
2025,R,baezj001,R,R,303,288,66,110,12,1,10,1,40,7,0,78,8,5,0,2,1
2025,R,bailp001,L,R,330,295,67,98,14,1,5,0,40,23,0,97,6,3,4,5,0
2025,R,bailp001,R,L,121,113,24,35,4,2,1,1,15,7,0,36,1,0,0,1,0
2025,R,bailp001,R,R,1,1,0,0,0,0,0,0,0,0,0,0,0,0,0,0,0
2025,R,bakel001,R,L,34,27,8,11,3,0,0,0,2,7,0,9,2,0,0,0,0
2025,R,bakel001,R,R,7,7,0,0,0,0,0,0,0,0,0,1,1,0,0,0,0
2025,R,baldb001,L,R,264,241,60,104,12,1,10,0,30,17,0,74,7,1,3,2,0
2025,R,baldb001,R,L,64,59,12,18,3,0,1,0,8,4,0,12,2,0,1,0,0
2025,R,baldd001,L,L,95,87,26,40,2,0,4,0,17,7,0,15,1,1,0,0,0
2025,R,baldd001,L,R,351,318,85,150,16,2,15,0,63,31,0,53,8,2,0,0,0
2025,R,ballm001,L,L,4,2,0,0,0,0,0,0,0,2,0,2,0,0,0,0,0
2025,R,ballm001,L,R,62,55,17,27,2,1,2,0,11,7,1,10,2,0,0,0,0
2025,R,banfw001,R,L,1,1,0,0,0,0,0,0,0,0,0,0,1,0,0,0,0
2025,R,banfw001,R,R,9,9,1,1,0,0,0,0,0,0,0,6,0,0,0,0,0
2025,R,banud001,R,L,1,1,0,0,0,0,0,0,0,0,0,1,0,0,0,0,0
2025,R,banud001,R,R,1,0,0,0,0,0,0,0,0,0,0,0,0,1,0,0,0
2025,R,barga001,L,L,89,83,18,28,5,1,1,0,8,6,0,27,1,0,0,0,0
2025,R,barga001,L,R,413,377,94,181,27,0,20,0,66,30,4,94,7,3,0,2,1
2025,R,barna001,R,L,7,7,2,3,1,0,0,0,0,0,0,1,0,0,0,0,0
2025,R,barna001,R,R,37,35,7,9,2,0,0,0,2,1,0,13,1,0,1,0,0
2025,R,barnt001,L,L,5,5,0,0,0,0,0,0,0,0,0,2,1,0,0,0,0
2025,R,barnt001,L,R,10,8,3,3,0,0,0,0,0,1,0,2,1,1,0,0,0
2025,R,barrj004,L,R,33,32,4,5,1,0,0,0,2,0,0,11,0,0,0,1,0
2025,R,barrj004,R,L,44,39,6,11,2,0,1,0,5,2,0,11,1,1,0,2,0
2025,R,bartj003,R,L,86,72,22,34,3,0,3,0,11,14,0,26,1,0,0,0,0
2025,R,bartj003,R,R,246,213,49,63,9,1,1,0,19,26,0,67,13,7,0,0,0
2025,R,basas001,L,L,25,21,3,6,0,0,1,0,1,3,0,5,1,1,0,0,0
2025,R,basas001,L,R,93,88,15,30,6,0,3,0,14,3,0,25,3,2,0,0,0
2025,R,batyb001,L,L,83,77,19,29,1,0,3,0,10,4,0,19,1,2,0,0,0
2025,R,batyb001,L,R,349,316,81,142,12,2,15,0,40,29,0,89,5,0,0,3,1
2025,R,bauej001,L,L,17,15,3,4,1,0,0,0,3,2,0,6,0,0,0,0,0
2025,R,bauej001,L,R,201,168,40,69,8,0,7,0,25,30,1,53,1,2,0,1,0
2025,R,beavd001,L,L,25,20,3,7,1,0,1,0,4,5,0,4,0,0,0,0,0
2025,R,beavd001,L,R,112,90,22,37,4,1,3,0,10,21,0,32,0,0,1,0,0
2025,R,beckj003,R,L,137,127,37,62,8,1,5,0,14,9,0,42,1,1,0,0,0
2025,R,beckj003,R,R,451,412,102,162,19,4,11,0,39,34,0,132,8,3,0,1,1
2025,R,bellc002,L,L,176,153,54,92,10,2,8,1,36,18,0,17,3,1,0,4,0
2025,R,bellc002,L,R,480,435,106,190,15,3,21,0,62,39,1,73,5,1,0,5,0
2025,R,bellj005,L,R,413,362,95,163,14,0,18,0,53,43,1,60,9,5,0,3,0
2025,R,bellj005,R,L,120,106,16,32,2,1,4,0,10,14,0,28,6,0,0,0,0
2025,R,benia002,L,L,92,87,24,49,5,1,6,0,16,1,0,21,2,1,0,2,1
2025,R,benia002,L,R,378,333,77,132,11,1,14,1,47,39,2,61,3,2,0,4,0
2025,R,bensw001,L,L,21,17,2,8,0,0,2,0,4,3,0,5,0,0,0,1,0
2025,R,bensw001,L,R,232,213,50,92,8,2,10,0,37,13,1,62,4,1,0,5,0
2025,R,bernw002,R,L,29,29,8,11,0,0,1,0,5,0,0,2,0,0,0,0,0
2025,R,bernw002,R,R,117,110,27,46,8,1,3,0,9,7,0,23,2,0,0,0,0
2025,R,berrs002,L,R,2,2,0,0,0,0,0,0,0,0,0,1,0,0,0,0,0
2025,R,berrs002,R,L,4,3,0,0,0,0,0,0,0,1,0,1,0,0,0,0,0
2025,R,bertj001,R,L,30,29,6,6,0,0,0,0,0,1,0,3,0,0,0,0,0
2025,R,bertj001,R,R,77,71,15,17,2,0,0,0,2,4,0,19,1,2,0,0,0
2025,R,bettm001,R,L,187,165,43,70,6,0,7,0,21,17,2,19,4,1,0,4,0
2025,R,bettm001,R,R,476,424,109,169,17,2,13,1,61,44,0,49,11,2,0,6,0
2025,R,bichb001,R,L,139,130,40,71,10,0,7,0,31,7,2,14,5,1,0,1,0
2025,R,bichb001,R,R,489,452,141,210,34,1,11,0,63,33,0,77,12,2,0,2,0
2025,R,biggc002,L,L,9,6,1,1,0,0,0,0,0,1,0,2,0,0,2,0,0
2025,R,biggc002,L,R,74,63,11,16,2,0,1,0,4,10,0,19,0,1,0,0,0
2025,R,blact003,L,R,13,8,2,3,1,0,0,0,1,5,0,1,0,0,0,0,0
2025,R,bland001,R,L,5,5,1,2,1,0,0,0,1,0,0,2,0,0,0,0,0
2025,R,bland001,R,R,3,1,0,0,0,0,0,0,0,0,0,0,0,0,2,0,0
2025,R,bledj001,L,L,73,68,22,34,3,0,3,0,9,5,0,18,2,0,0,0,0
2025,R,bledj001,L,R,271,239,43,90,14,0,11,0,30,31,2,73,4,0,0,1,0
2025,R,blisr001,R,L,15,14,3,4,1,0,0,0,0,1,0,6,1,0,0,0,0
2025,R,blisr001,R,R,24,21,4,7,0,0,1,0,3,3,0,5,1,0,0,0,0
2025,R,bogax001,R,L,171,154,45,66,12,0,3,1,18,14,3,26,6,0,0,3,0
2025,R,bogax001,R,R,381,337,84,126,18,0,8,0,35,34,0,68,6,4,1,5,0
2025,R,bohma001,R,L,134,122,36,57,9,0,4,0,17,10,0,20,5,1,0,1,0
2025,R,bohma001,R,R,370,342,97,133,9,3,7,0,42,19,0,62,11,4,0,5,0
2025,R,boucs001,R,L,51,47,9,12,0,0,1,0,5,4,0,16,1,0,0,0,0
2025,R,boucs001,R,R,22,19,2,4,0,1,0,0,2,3,0,11,1,0,0,0,0
2025,R,branr002,L,L,7,7,3,3,0,0,0,0,1,0,0,1,0,0,0,0,0
2025,R,brega001,R,L,133,113,36,49,4,0,3,0,10,19,2,20,3,1,0,0,0
2025,R,brega001,R,R,362,320,82,151,24,0,15,0,52,32,1,50,9,8,0,2,0
2025,R,brenw002,L,R,13,11,1,1,0,0,0,0,0,1,0,1,1,1,0,0,0
2025,R,bridj001,R,L,67,58,11,12,1,0,0,0,4,8,1,19,0,0,0,1,0
2025,R,bridj001,R,R,58,54,8,9,1,0,0,0,1,3,0,20,1,1,0,0,0
2025,R,broot002,L,L,2,2,0,0,0,0,0,0,0,0,0,2,0,0,0,0,0
2025,R,broot002,L,R,41,39,6,11,2,0,1,0,2,2,0,11,2,0,0,0,0
2025,R,brows003,L,L,6,6,0,0,0,0,0,0,0,0,0,4,0,0,0,0,0
2025,R,brows003,L,R,70,59,12,17,2,0,1,0,3,9,0,19,2,2,0,0,0
2025,R,brujv001,L,R,77,71,18,22,4,0,0,0,6,5,0,14,1,0,0,1,0
2025,R,brujv001,R,L,17,15,4,5,1,0,0,0,2,1,0,7,0,1,0,0,0
2025,R,brujv001,R,R,1,1,0,0,0,0,0,0,0,0,0,0,0,0,0,0,0
2025,R,bryak001,R,L,13,12,1,2,1,0,0,0,0,1,0,4,0,0,0,0,0
2025,R,bryak001,R,R,28,27,5,6,1,0,0,0,1,1,0,9,1,0,0,0,0
2025,R,burgj001,R,L,100,91,24,46,5,1,5,0,24,6,0,18,0,1,0,2,0
2025,R,burgj001,R,R,276,265,60,103,10,0,11,0,29,6,0,75,3,4,0,1,0
2025,R,burla001,L,L,127,118,32,47,4,1,3,0,13,7,0,20,3,0,0,1,1
2025,R,burla001,L,R,419,379,112,181,22,1,15,0,56,32,1,59,11,3,1,3,1
2025,R,buscm003,L,L,95,87,18,32,2,0,4,0,8,7,0,26,0,1,0,0,0
2025,R,buscm003,L,R,497,437,119,242,23,5,30,1,82,49,2,113,2,9,0,2,0
2025,R,butll001,L,L,123,117,22,40,4,1,4,0,8,6,0,49,1,0,0,0,0
2025,R,butll001,L,R,507,452,111,190,26,1,17,1,55,53,0,130,6,0,2,0,0
2025,R,buxtb001,R,L,123,108,33,73,8,1,10,0,19,13,3,24,0,0,0,2,0
2025,R,buxtb001,R,R,419,380,96,196,13,6,25,0,64,28,2,124,0,7,0,4,0
2025,R,cabaj001,R,L,123,104,26,47,7,1,4,1,16,17,0,36,0,1,1,0,0
2025,R,cabaj001,R,R,247,210,48,62,11,0,1,0,20,30,0,62,1,2,3,2,0
2025,R,cabro002,L,R,101,88,20,27,4,0,1,0,9,10,0,21,0,1,1,1,0
2025,R,cabro002,R,L,21,19,6,6,0,0,0,0,2,1,0,4,1,1,0,0,0
2025,R,caglj001,L,L,67,61,11,23,1,1,3,0,5,4,0,15,2,2,0,0,0
2025,R,caglj001,L,R,165,149,22,39,5,0,4,0,13,14,0,37,2,2,0,0,0
2025,R,caiso001,L,R,27,26,5,9,1,0,1,0,4,1,0,11,0,0,0,0,0
2025,R,calla002,R,L,119,105,30,47,5,0,4,0,15,8,0,22,1,0,3,3,0
2025,R,calla002,R,R,203,165,42,57,8,2,1,0,16,28,0,33,5,6,3,1,0
2025,R,callt001,L,R,6,6,1,1,0,0,0,0,1,0,0,1,0,0,0,0,0
2025,R,camed001,R,L,32,32,6,10,1,0,1,0,2,0,0,11,1,0,0,0,0
2025,R,camed001,R,R,10,9,2,2,0,0,0,0,1,1,0,2,0,0,0,0,0
2025,R,camij001,R,L,192,176,44,88,5,0,13,0,33,12,1,31,5,1,0,3,0
2025,R,camij001,R,R,461,426,115,234,23,0,32,2,77,29,0,94,26,2,0,4,0
2025,R,campg001,L,R,47,39,9,16,1,0,2,0,5,5,0,9,2,3,0,0,0
2025,R,campg001,R,L,18,18,1,4,0,0,1,0,3,0,0,5,0,0,0,0,0
2025,R,campg001,R,R,1,1,0,0,0,0,0,0,0,0,0,0,0,0,0,0,0
2025,R,campk002,R,L,74,58,12,18,3,0,1,0,6,12,0,15,1,3,0,1,0
2025,R,campk002,R,R,189,171,39,61,7,0,5,0,15,17,0,57,0,1,0,0,0
2025,R,campl002,R,L,17,13,0,0,0,0,0,0,0,4,0,5,2,0,0,0,0
2025,R,campl002,R,R,10,8,0,0,0,0,0,0,0,2,0,6,0,0,0,0,0
2025,R,canaa001,R,L,108,99,19,34,3,0,4,0,9,8,0,37,1,0,0,1,0
2025,R,canaa001,R,R,126,117,28,39,3,1,2,0,11,9,0,43,4,0,0,0,0
2025,R,candj002,L,R,67,60,6,7,1,0,0,0,4,7,0,27,1,0,0,0,0
2025,R,candj002,R,L,24,20,3,10,1,0,2,0,6,2,0,2,0,0,0,2,0
2025,R,canhm001,R,L,69,63,15,20,2,0,1,0,4,3,0,12,0,2,0,1,0
2025,R,canhm001,R,R,56,50,9,10,1,0,0,0,2,4,0,12,1,1,0,1,0
2025,R,canzd001,L,L,68,58,16,20,1,0,1,0,4,8,0,15,1,1,0,1,0
2025,R,canzd001,L,R,201,185,57,97,10,0,10,0,28,12,0,44,5,2,0,1,1
2025,R,caprv001,R,L,56,52,8,11,0,0,1,0,4,0,0,14,3,1,2,1,0
2025,R,caprv001,R,R,49,44,4,6,2,0,0,0,2,3,0,11,2,0,1,1,0
2025,R,carav001,L,R,324,291,78,116,11,0,9,2,39,22,0,49,8,6,0,5,0
2025,R,carav001,R,L,62,53,11,23,3,0,3,0,7,1,0,16,0,7,0,1,0
2025,R,carld002,L,R,169,149,30,54,7,1,5,0,15,17,0,35,3,2,0,1,0
2025,R,carld002,R,L,72,68,14,19,2,0,1,0,5,4,0,19,0,0,0,0,0
2025,R,carpk001,L,L,63,60,13,24,2,0,3,0,5,2,0,14,0,0,0,1,0
2025,R,carpk001,L,R,401,373,96,191,16,5,23,0,57,16,0,92,3,7,0,1,4
2025,R,carrc005,L,L,201,179,44,87,11,4,8,0,27,18,1,44,2,3,0,1,0
2025,R,carrc005,L,R,441,385,102,218,21,13,23,1,57,49,3,109,4,4,0,3,0
2025,R,carte001,L,L,28,23,2,2,0,0,0,0,1,4,0,5,0,1,0,0,0
2025,R,carte001,L,R,192,171,46,74,9,2,5,0,24,15,1,36,2,6,0,0,0
2025,R,casat001,L,L,12,11,5,10,2,0,1,0,2,1,0,2,1,0,0,0,0
2025,R,casat001,L,R,100,88,13,20,1,0,2,0,9,10,2,25,2,2,0,0,0
2025,R,castn001,R,L,188,173,42,67,10,0,5,1,25,11,0,49,4,2,0,2,0
2025,R,castn001,R,R,401,374,95,152,17,2,12,1,47,21,0,84,9,2,0,4,0
2025,R,castw003,L,R,340,297,64,100,11,2,7,0,22,34,1,89,7,8,1,0,0
2025,R,castw003,R,L,113,104,26,46,6,1,4,0,11,6,0,22,5,3,0,0,0
2025,R,castw003,R,R,1,1,1,1,0,0,0,0,0,0,0,0,0,0,0,0,0
2025,R,chapa002,R,L,47,42,9,11,2,0,0,0,3,5,0,15,0,0,0,0,0
2025,R,chapa002,R,R,26,24,3,6,0,0,1,0,2,0,0,7,0,1,0,1,0
2025,R,chapm001,R,L,126,107,24,37,4,0,3,0,9,18,1,23,1,0,0,1,0
2025,R,chapm001,R,R,409,347,81,158,19,2,18,1,52,53,0,103,7,6,0,3,0
2025,R,chent001,L,L,1,1,0,0,0,0,0,0,0,0,0,1,0,0,0,0,0
2025,R,chent001,L,R,6,6,0,0,0,0,0,0,0,0,0,2,0,0,0,0,0
2025,R,chisj001,L,L,147,129,32,53,3,0,6,0,19,11,0,36,1,4,1,2,0
2025,R,chisj001,L,R,384,333,80,169,12,1,25,0,61,47,1,112,2,2,0,2,0
2025,R,chouj001,R,L,149,137,47,80,10,1,7,0,29,11,1,33,3,0,0,1,0
2025,R,chouj001,R,R,440,412,101,174,25,3,14,0,49,19,0,88,10,3,1,5,0
2025,R,churn001,L,L,14,12,5,6,1,0,0,0,4,0,0,4,0,0,2,0,0
2025,R,churn001,L,R,51,44,5,8,0,0,1,0,4,3,0,14,0,3,0,1,0
2025,R,clard004,R,L,31,28,5,12,2,1,1,0,2,2,0,12,1,0,1,0,0
2025,R,clard004,R,R,128,120,29,43,6,1,2,0,6,4,0,49,0,3,1,0,0
2025,R,clasj001,L,R,81,73,16,25,3,0,2,0,7,6,0,23,1,1,1,0,0
2025,R,clasj001,R,L,31,27,5,5,0,0,0,0,2,4,0,5,0,0,0,0,0
2025,R,cleme002,R,L,187,175,57,96,19,1,6,0,18,8,1,19,0,0,2,2,0
2025,R,cleme002,R,R,401,370,94,121,16,1,3,0,32,19,0,42,13,4,5,3,0
2025,R,clemk001,L,L,89,78,15,17,2,0,0,0,5,6,0,23,2,2,2,1,0
2025,R,clemk001,L,R,297,270,59,134,10,4,19,0,47,23,1,70,2,3,0,1,0
2025,R,colez001,L,L,11,8,1,1,0,0,0,0,0,3,0,4,0,0,0,0,0
2025,R,colez001,L,R,41,39,11,25,2,0,4,0,11,2,0,16,0,0,0,0,0
2025,R,colli001,L,R,295,246,69,102,14,2,5,0,36,43,0,63,3,2,3,1,0
2025,R,colli001,R,L,145,125,29,51,8,1,4,0,18,14,0,30,5,4,0,2,0
2025,R,colli001,R,R,1,1,0,0,0,0,0,0,0,0,0,0,0,0,0,0,0
2025,R,confm001,L,L,78,65,16,25,6,0,1,0,2,8,0,20,1,5,0,0,0
2025,R,confm001,L,R,408,353,67,114,14,0,11,0,34,48,0,101,11,4,0,3,0
2025,R,conig001,L,L,23,21,7,11,4,0,0,0,3,2,0,6,0,0,0,0,0
2025,R,conig001,L,R,63,58,13,22,3,0,2,0,5,5,0,19,0,0,0,0,0
2025,R,contw001,R,L,145,123,34,60,11,0,5,0,24,16,1,36,4,4,1,1,0
2025,R,contw001,R,R,418,367,92,159,20,1,15,0,56,28,0,106,11,19,0,3,1
2025,R,contw002,R,L,182,151,36,51,6,0,3,0,17,27,3,32,3,2,0,2,0
2025,R,contw002,R,R,477,415,111,175,22,0,14,0,59,57,1,88,11,1,0,4,0
2025,R,cookb002,R,L,4,4,2,2,0,0,0,0,0,0,0,0,0,0,0,0,0
2025,R,cookb002,R,R,2,2,0,0,0,0,0,0,0,0,0,1,0,0,0,0,0
2025,R,corok001,R,L,1,0,0,0,0,0,0,0,0,1,0,0,0,0,0,0,0
2025,R,corok001,R,R,3,2,0,0,0,0,0,0,0,1,0,1,0,0,0,0,0
2025,R,corrc001,R,L,140,125,34,55,6,0,5,0,15,15,0,25,4,0,0,0,0
2025,R,corrc001,R,R,444,412,114,161,23,0,8,0,37,30,0,88,15,1,0,1,0
2025,R,cortc001,L,L,5,5,2,2,0,0,0,0,0,0,0,0,0,0,0,0,0
2025,R,cortc001,L,R,94,89,27,49,8,1,4,0,14,3,0,20,3,0,0,2,0
2025,R,cowsc001,L,L,92,85,16,33,2,0,5,0,12,3,0,33,3,4,0,0,0
2025,R,cowsc001,L,R,268,242,48,93,12,0,11,0,28,24,1,95,2,2,0,0,0
2025,R,crawj002,L,L,213,183,43,63,8,0,4,0,20,25,0,40,2,2,3,0,0
2025,R,crawj002,L,R,441,387,108,148,16,0,8,2,38,49,1,82,9,1,3,1,0
2025,R,crewd001,R,L,79,75,15,21,1,1,1,0,3,3,0,18,1,1,0,0,0
2025,R,crewd001,R,R,243,218,46,82,7,1,9,0,24,21,0,58,3,4,0,0,0
2025,R,crimb001,R,L,15,12,3,6,0,0,1,0,5,1,0,3,0,0,0,2,0
2025,R,crimb001,R,R,59,53,10,24,2,0,4,0,7,5,0,25,0,1,0,0,0
2025,R,cronj001,L,L,165,133,33,47,5,0,3,0,19,21,0,32,2,6,4,1,0
2025,R,cronj001,L,R,350,286,70,111,15,1,8,0,40,48,1,75,2,9,0,6,1
2025,R,crooj001,L,L,8,8,2,5,0,0,1,0,1,0,0,2,0,0,0,0,0
2025,R,crooj001,L,R,38,37,4,6,0,1,0,0,0,0,0,15,1,1,0,0,0
2025,R,crowp001,L,L,188,170,32,64,9,1,7,0,27,5,0,55,0,3,4,6,0
2025,R,crowp001,L,R,459,421,114,220,28,3,24,1,68,24,1,100,1,6,2,6,0
2025,R,cruzo001,L,L,125,108,11,19,3,1,1,0,8,16,0,44,3,1,0,0,0
2025,R,cruzo001,L,R,419,363,83,159,15,2,19,2,53,48,4,130,3,3,0,5,0
2025,R,dalbb001,R,L,9,8,1,1,0,0,0,0,0,1,0,3,0,0,0,0,0
2025,R,dalbb001,R,R,12,10,3,4,1,0,0,0,1,2,0,3,1,0,0,0,0
2025,R,darnt001,R,L,48,45,8,16,2,0,2,0,3,2,0,16,0,1,0,0,0
2025,R,darnt001,R,R,183,168,34,57,11,0,4,0,18,11,0,58,5,3,0,1,0
2025,R,davih001,R,L,62,57,8,17,0,0,3,0,5,5,0,15,1,0,0,0,0
2025,R,davih001,R,R,221,195,34,53,7,0,4,0,17,13,0,61,1,5,3,3,2
2025,R,davij006,R,L,1,1,0,0,0,0,0,0,0,0,0,0,0,0,0,0,0
2025,R,davij006,R,R,8,8,1,1,0,0,0,0,0,0,0,3,0,0,0,0,0
2025,R,davil002,L,R,39,35,3,7,1,0,1,0,2,2,0,21,1,0,2,0,0
2025,R,davil002,R,L,8,7,4,5,1,0,0,0,2,1,0,1,0,0,0,0,0
2025,R,deanj001,R,R,2,2,0,0,0,0,0,0,0,0,0,1,0,0,0,0,0
2025,R,dejop001,R,L,69,65,12,29,2,0,5,0,11,3,0,28,2,0,0,1,0
2025,R,dejop001,R,R,139,128,32,43,8,0,1,0,12,8,0,42,1,1,0,2,0
2025,R,delab001,R,L,13,13,2,3,1,0,0,0,0,0,0,4,0,0,0,0,0
2025,R,delab001,R,R,37,34,7,7,0,0,0,0,0,3,0,14,1,0,0,0,0
2025,R,delae003,L,R,488,429,119,209,25,7,17,0,60,56,8,120,10,2,0,1,0
2025,R,delae003,R,L,210,199,47,68,6,0,5,1,26,11,2,61,4,0,0,0,0
2025,R,delae003,R,R,1,1,0,0,0,0,0,0,0,0,0,0,0,0,0,0,0
2025,R,delca001,L,L,9,7,0,0,0,0,0,0,1,1,0,4,0,0,0,1,0
2025,R,delca001,L,R,122,113,29,47,6,0,4,0,16,7,0,43,2,1,0,1,0
2025,R,deluj001,R,L,23,23,6,10,0,2,0,0,2,0,0,5,0,0,0,0,0
2025,R,deluj001,R,R,36,34,13,16,1,1,0,0,2,2,0,8,0,0,0,0,0
2025,R,devac002,R,L,15,14,3,3,0,0,0,0,0,1,0,10,0,0,0,0,0
2025,R,devac002,R,R,23,22,2,3,1,0,0,0,1,1,0,11,1,0,0,0,0
2025,R,dever001,L,L,240,212,51,88,10,0,9,0,38,22,3,65,7,5,0,1,0
2025,R,dever001,L,R,489,395,102,203,23,0,26,2,71,90,7,127,9,1,0,3,0
2025,R,dezez001,R,L,11,9,2,4,2,0,0,0,1,2,0,3,0,0,0,0,0
2025,R,dezez001,R,R,98,89,22,32,4,0,2,0,9,9,0,34,2,0,0,0,0
2025,R,diaze005,R,L,87,80,16,25,0,0,3,0,9,5,0,19,6,0,2,0,0
2025,R,diaze005,R,R,196,175,36,61,7,0,6,0,20,16,0,55,5,2,3,0,0
2025,R,diazy001,R,L,181,158,45,88,10,0,11,1,21,19,2,16,2,2,0,2,0
2025,R,diazy001,R,R,470,425,130,193,19,1,14,0,62,38,2,76,10,4,0,3,0
2025,R,diazy004,R,L,120,113,29,49,2,0,6,1,16,6,2,25,3,0,0,1,0
2025,R,diazy004,R,R,447,429,110,177,23,1,14,0,54,14,0,70,10,2,0,2,0
2025,R,dingd001,R,L,121,112,37,65,11,1,5,0,18,9,1,27,1,0,0,0,0
2025,R,dingd001,R,R,348,323,84,120,10,1,8,0,39,14,1,83,4,9,0,1,1
2025,R,domij003,L,R,325,288,79,121,13,1,9,1,39,32,1,81,2,2,0,3,0
2025,R,domij003,R,L,104,93,19,27,5,0,1,0,8,9,0,34,3,1,0,1,0
2025,R,donob001,L,L,169,152,35,49,8,0,2,0,13,11,0,29,0,3,1,2,0
2025,R,donob001,L,R,346,308,97,145,24,0,8,0,37,31,3,38,4,4,1,2,0
2025,R,doylb001,R,L,136,124,38,60,5,1,5,0,17,10,0,28,5,0,1,1,0
2025,R,doylb001,R,R,402,378,79,129,18,1,10,0,40,20,0,110,9,0,1,3,0
2025,R,dubom001,R,L,115,106,31,43,9,0,1,0,7,7,0,11,4,1,1,0,0
2025,R,dubom001,R,R,283,263,58,88,12,0,6,0,26,17,0,31,8,0,2,1,0
2025,R,dunnb001,R,L,35,26,4,6,2,0,0,0,4,5,0,13,1,4,0,0,0
2025,R,dunnb001,R,R,40,34,5,8,0,0,1,0,3,3,0,12,0,3,0,0,0
2025,R,dunno001,L,L,6,5,0,0,0,0,0,0,1,0,0,1,0,0,1,0,0
2025,R,dunno001,L,R,35,31,6,8,2,0,0,0,5,2,0,10,0,0,1,1,0
2025,R,durae002,R,L,94,91,21,26,5,0,0,0,6,2,0,29,1,1,0,0,0
2025,R,durae002,R,R,125,114,25,34,9,0,0,0,8,6,0,26,2,3,1,1,0
2025,R,duraj001,L,L,209,194,41,66,6,5,3,0,25,10,0,57,4,3,1,1,0
2025,R,duraj001,L,R,487,426,118,208,35,8,13,0,59,50,1,112,2,9,0,2,0
2025,R,durbc002,R,L,133,120,31,47,4,0,4,0,13,7,0,7,1,5,1,0,0
2025,R,durbc002,R,R,373,325,83,125,21,0,7,0,40,23,0,43,9,19,2,4,0
2025,R,eaton001,R,L,49,43,12,14,2,0,0,0,1,4,0,10,1,1,0,1,0
2025,R,eaton001,R,R,41,38,12,17,2,0,1,0,3,2,0,9,0,0,1,0,0
2025,R,edmat001,L,R,252,227,53,81,8,1,6,0,31,15,0,38,2,4,1,5,0
2025,R,edmat001,R,L,122,116,25,51,5,0,7,0,18,4,0,22,2,2,0,0,0
2025,R,edmat001,R,R,3,3,0,0,0,0,0,0,0,0,0,1,0,0,0,0,0
2025,R,edwax001,L,R,421,379,116,148,17,3,3,0,33,35,2,57,5,3,2,2,0
2025,R,edwax001,R,L,198,182,43,50,3,2,0,0,10,14,0,31,1,0,1,1,0
2025,R,eldrb002,L,L,2,2,0,0,0,0,0,0,0,0,0,0,0,0,0,0,0
2025,R,eldrb002,L,R,35,26,3,5,2,0,0,0,4,7,0,13,0,1,0,1,0
2025,R,elkot001,R,L,20,19,2,5,0,0,1,0,1,1,0,13,0,0,0,0,0
2025,R,elkot001,R,R,52,48,7,17,1,0,3,0,7,4,0,17,1,0,0,0,0
2025,R,encac001,R,L,33,33,2,2,0,0,0,0,0,0,0,11,1,0,0,0,0
2025,R,encac001,R,R,104,97,25,47,4,0,6,1,19,3,0,21,0,2,0,2,0
2025,R,encaj002,R,L,26,25,5,10,2,0,1,0,4,1,0,6,2,0,0,0,0
2025,R,encaj002,R,R,30,30,6,10,1,0,1,0,3,0,0,9,1,0,0,0,0
2025,R,englt001,R,L,4,4,0,0,0,0,0,0,0,0,0,2,0,0,0,0,0
2025,R,englt001,R,R,19,18,2,3,1,0,0,0,1,1,0,6,0,0,0,0,0
2025,R,escaj001,L,L,15,14,4,5,1,0,0,0,2,1,0,4,0,0,0,0,0
2025,R,escaj001,L,R,83,70,13,23,4,0,2,0,9,10,0,10,1,1,0,2,0
2025,R,espis001,R,L,126,117,31,40,9,0,0,0,6,9,0,11,4,0,0,0,0
2025,R,espis001,R,R,202,184,42,45,3,0,0,0,10,12,0,27,7,1,3,2,0
2025,R,estrt001,R,L,37,31,6,10,1,0,1,0,8,3,0,5,0,1,0,2,0
2025,R,estrt001,R,R,128,123,33,47,8,0,2,0,13,3,0,21,6,1,0,1,0
2025,R,fairs001,R,L,35,31,7,11,2,1,0,0,2,4,0,8,2,0,0,0,0
2025,R,fairs001,R,R,20,20,4,6,2,0,0,0,0,0,0,7,0,0,0,0,0
2025,R,farmk001,R,L,123,111,28,49,3,0,6,0,14,11,0,25,4,1,0,0,0
2025,R,farmk001,R,R,177,166,35,52,11,0,2,0,17,6,0,41,5,3,0,2,0
2025,R,feduh001,L,L,21,21,1,2,1,0,0,0,0,0,0,11,0,0,0,0,0
2025,R,feduh001,L,R,84,67,12,16,4,0,0,0,8,15,0,18,0,0,0,2,0
2025,R,fermf002,R,L,108,99,21,28,1,0,2,0,7,6,1,22,1,0,3,0,0
2025,R,fermf002,R,R,239,220,59,80,12,0,3,0,19,13,0,43,4,2,4,0,0
2025,R,fermj001,R,L,11,10,3,4,1,0,0,0,1,1,0,2,0,0,0,0,0
2025,R,fermj001,R,R,59,50,14,21,4,0,1,0,8,7,0,8,0,1,1,0,0
2025,R,ferny001,L,L,9,9,3,4,1,0,0,0,0,0,0,2,1,0,0,0,0
2025,R,ferny001,L,R,138,129,28,44,4,0,4,0,11,8,0,42,3,0,0,1,0
2025,R,fitzr001,L,L,20,18,2,8,0,0,2,0,4,2,0,2,0,0,0,0,0
2025,R,fitzr001,L,R,33,28,7,13,0,0,2,0,5,5,0,6,0,0,0,0,0
2025,R,fitzt001,R,L,75,63,14,20,1,1,1,0,3,10,0,24,0,1,1,0,0
2025,R,fitzt001,R,R,168,154,33,51,9,0,3,0,11,7,0,46,3,1,5,1,0
2025,R,fletd003,L,L,6,5,1,2,1,0,0,0,0,1,0,0,0,0,0,0,0
2025,R,fletd003,L,R,28,27,6,13,4,0,1,0,2,1,0,2,1,0,0,0,0
2025,R,florr004,R,L,9,8,1,2,1,0,0,0,0,1,0,5,0,0,0,0,0
2025,R,florr004,R,R,8,7,2,3,1,0,0,0,0,1,0,2,0,0,0,0,0
2025,R,florw001,R,L,151,140,33,54,3,0,6,1,20,9,0,29,4,1,0,1,0
2025,R,florw001,R,R,312,279,68,105,7,0,10,0,51,25,0,59,10,6,0,2,0
2025,R,fordh001,R,L,4,3,0,0,0,0,0,0,1,0,0,2,0,0,0,1,0
2025,R,fordh001,R,R,4,3,1,1,0,0,0,0,0,0,0,1,0,1,0,0,0
2025,R,fortn001,R,L,115,105,23,32,6,0,1,0,10,7,0,21,3,2,0,1,0
2025,R,fortn001,R,R,127,113,27,44,3,1,4,0,11,7,0,26,4,5,2,0,0
2025,R,foscj001,R,L,9,9,1,2,1,0,0,0,2,0,0,3,0,0,0,0,0
2025,R,fralj001,L,L,11,9,2,2,0,0,0,0,0,2,0,3,0,0,0,0,0
2025,R,fralj001,L,R,206,182,44,71,9,0,6,1,23,23,1,46,1,1,0,0,0
2025,R,frant002,R,L,141,131,32,51,10,0,3,0,14,6,1,23,3,4,0,0,0
2025,R,frant002,R,R,349,313,82,109,15,0,4,0,38,16,0,60,8,17,0,3,0
2025,R,fraza001,L,L,67,60,12,20,5,0,1,0,8,4,0,21,1,2,1,0,0
2025,R,fraza001,L,R,392,359,100,133,15,0,6,0,36,22,2,60,7,6,0,5,0
2025,R,freea001,L,R,81,70,14,24,2,1,2,0,6,9,0,27,3,1,1,0,0
2025,R,freea001,R,L,16,14,2,2,0,0,0,0,0,2,0,8,0,0,0,0,0
2025,R,freec003,R,L,48,46,9,17,2,0,2,0,5,1,0,8,3,0,0,1,0
2025,R,freec003,R,R,73,68,17,22,2,0,1,0,10,4,0,11,0,0,1,0,0
2025,R,freef001,L,L,175,158,45,80,9,1,8,0,19,14,1,42,4,2,0,1,0
2025,R,freef001,L,R,452,398,119,199,30,1,16,0,71,46,6,86,9,4,0,4,0
2025,R,freet001,R,L,119,110,32,42,7,0,1,0,10,6,0,14,4,1,1,1,0
2025,R,freet001,R,R,309,267,74,94,13,2,1,0,21,28,0,37,6,10,1,3,0
2025,R,frels001,L,L,174,156,47,53,6,0,0,0,15,10,0,23,1,4,2,1,1
2025,R,frels001,L,R,420,372,105,161,14,3,12,0,48,37,0,57,3,3,1,4,3
2025,R,friet001,L,L,198,173,42,59,3,1,4,0,13,18,0,35,3,5,1,1,0
2025,R,friet001,L,R,487,406,109,160,19,1,10,0,40,63,0,80,4,11,3,4,0
2025,R,fry-d001,R,L,120,113,20,42,4,0,6,0,20,5,0,44,2,2,0,0,0
2025,R,fry-d001,R,R,37,33,5,11,0,0,2,0,3,4,0,14,1,0,0,0,0
2025,R,fulfb001,R,L,43,39,11,18,3,2,0,0,7,3,0,10,1,0,0,1,0
2025,R,fulfb001,R,R,77,69,12,17,2,0,1,0,9,4,0,26,0,2,0,2,0
2025,R,garca005,R,L,145,136,27,48,6,0,5,0,19,8,1,44,1,1,0,0,0
2025,R,garca005,R,R,402,371,88,152,22,0,14,0,56,20,0,91,8,4,0,7,0
2025,R,garca006,R,L,2,2,0,0,0,0,0,0,0,0,0,1,0,0,0,0,0
2025,R,garca006,R,R,2,2,0,0,0,0,0,0,0,0,0,2,0,0,0,0,0
2025,R,garcj007,R,L,12,11,1,1,0,0,0,0,0,1,0,3,0,0,0,0,0
2025,R,garcj007,R,R,19,18,3,7,1,0,1,0,3,0,0,6,0,1,0,0,0
2025,R,garcj008,R,L,7,5,1,2,1,0,0,0,0,2,0,4,0,0,0,0,0
2025,R,garcj008,R,R,2,2,0,0,0,0,0,0,0,0,0,1,0,0,0,0,0
2025,R,garcl006,L,L,107,95,17,21,4,0,0,0,9,6,0,18,2,1,0,5,0
2025,R,garcl006,L,R,419,393,106,180,24,1,16,0,57,21,1,66,5,1,0,4,0
2025,R,garcm003,R,L,137,118,37,61,13,1,3,0,16,18,0,20,2,0,1,0,0
2025,R,garcm003,R,R,529,477,133,206,26,4,13,0,58,44,0,64,12,1,2,5,0
2025,R,garvm001,R,L,156,133,31,52,4,1,5,0,18,18,1,37,4,2,0,3,0
2025,R,garvm001,R,R,134,121,22,35,1,0,4,0,12,12,0,43,2,1,0,0,0
2025,R,gaspm001,L,R,73,63,9,16,1,0,2,0,6,6,0,11,0,3,0,1,0
2025,R,gaspm001,R,L,37,32,6,6,0,0,0,0,5,4,0,9,1,0,1,0,0
2025,R,geloz001,R,L,26,25,3,4,1,0,0,0,2,1,0,16,0,0,0,0,0
2025,R,geloz001,R,R,75,67,13,21,2,0,2,0,5,6,0,30,0,0,1,1,0
2025,R,gilbd001,L,L,19,18,2,3,1,0,0,0,1,1,0,5,0,0,0,0,0
2025,R,gilbd001,L,R,90,82,17,32,4,1,3,0,12,6,0,15,2,1,0,1,0
2025,R,gimea001,L,L,86,80,14,21,4,0,1,0,8,4,0,18,2,2,0,0,0
2025,R,gimea001,L,R,283,249,55,82,7,1,6,0,27,21,0,48,6,9,1,3,0
2025,R,goldp001,R,L,168,149,50,85,14,0,7,0,16,17,5,19,2,2,0,0,0
2025,R,goldp001,R,R,366,340,84,112,17,1,3,0,29,19,0,81,6,2,0,2,3
2025,R,gonzn001,R,L,99,91,22,35,5,1,2,0,7,7,0,18,2,1,0,0,0
2025,R,gonzn001,R,R,309,290,77,103,13,2,3,0,23,14,0,55,10,1,0,4,0
2025,R,gonzo001,R,L,29,28,5,6,1,0,0,0,2,1,0,8,0,0,0,0,0
2025,R,gonzo001,R,R,32,31,8,8,0,0,0,0,2,1,0,5,1,0,0,0,0
2025,R,gonzr003,R,L,143,130,43,78,10,2,7,1,25,11,1,32,5,0,0,2,0
2025,R,gonzr003,R,R,198,185,53,74,13,1,2,0,28,7,0,49,3,3,0,3,0
2025,R,goodh001,R,L,140,128,36,71,9,1,8,0,26,11,0,34,5,1,0,0,0
2025,R,goodh001,R,R,439,412,114,210,19,4,23,0,65,22,0,118,11,3,0,2,0
2025,R,gormn001,L,L,93,82,18,36,3,0,5,0,17,10,0,25,0,0,0,1,0
2025,R,gormn001,L,R,309,269,54,94,11,1,9,0,29,37,2,111,1,0,0,3,0
2025,R,gorsm001,R,L,23,23,4,9,0,1,1,0,1,0,0,9,1,0,0,0,0
2025,R,gorsm001,R,R,19,18,4,7,0,0,1,0,3,1,0,7,0,0,0,0,0
2025,R,grayt001,L,L,23,22,8,16,2,0,2,0,5,1,0,3,0,0,0,0,0
2025,R,grayt001,L,R,63,56,10,16,3,0,1,0,4,5,0,16,0,0,1,1,0
2025,R,greer003,L,L,200,179,39,59,8,0,4,0,28,17,0,60,6,2,0,2,0
2025,R,greer003,L,R,455,421,116,237,23,1,32,1,83,29,1,141,8,2,0,3,0
2025,R,gricr001,R,L,183,172,39,74,12,1,7,0,18,11,1,44,4,0,0,0,0
2025,R,gricr001,R,R,110,100,23,35,6,0,2,0,9,6,0,17,2,1,0,3,0
2025,R,grist001,L,L,155,132,24,46,1,0,7,1,18,21,0,41,4,2,0,0,0
2025,R,grist001,L,R,426,362,92,183,8,1,27,2,56,61,0,96,3,2,0,1,0
2025,R,guerv002,R,L,159,135,44,70,8,0,6,0,24,23,4,20,2,1,0,0,0
2025,R,guerv002,R,R,521,454,128,205,26,0,17,0,60,58,4,74,15,5,0,4,0
2025,R,guill001,L,L,3,3,0,0,0,0,0,0,0,0,0,2,1,0,0,0,0
2025,R,guill001,L,R,18,17,3,3,0,0,0,0,0,1,0,6,1,0,0,0,0
2025,R,gurrl001,R,L,156,142,42,61,4,0,5,1,21,13,0,12,2,0,0,1,0
2025,R,gurrl001,R,R,390,358,82,148,20,2,14,0,59,18,0,64,9,6,0,8,0
2025,R,gurry001,R,L,27,25,3,4,1,0,0,0,2,2,0,4,0,0,0,0,0
2025,R,gurry001,R,R,13,11,1,1,0,0,0,0,1,2,0,4,0,0,0,0,0
2025,R,guzmd002,R,L,8,8,0,0,0,0,0,0,0,0,0,5,0,0,0,0,0
2025,R,guzmd002,R,R,35,34,8,15,1,0,2,0,3,1,0,17,0,0,0,0,0
2025,R,haase001,R,L,26,25,4,7,0,0,1,0,2,1,0,10,1,0,0,0,0
2025,R,haase001,R,R,51,45,12,18,3,0,1,0,7,3,0,21,0,2,1,0,0
2025,R,haggs001,L,R,88,77,14,23,1,1,2,0,7,9,0,19,0,1,1,0,0
2025,R,haggs001,R,L,94,85,27,37,6,2,0,0,6,7,1,18,1,1,0,0,1
2025,R,halpp001,L,L,1,1,1,1,0,0,0,0,0,0,0,0,0,0,0,0,0
2025,R,halpp001,L,R,7,5,1,1,0,0,0,0,0,2,0,2,0,0,0,0,0
2025,R,hamid002,L,L,20,19,3,3,0,0,0,0,2,0,0,6,1,1,0,0,0
2025,R,hamid002,L,R,174,158,32,56,4,1,6,0,17,13,0,41,2,0,3,0,0
2025,R,hampg001,R,L,40,33,4,5,1,0,0,0,0,5,0,11,2,0,2,0,0
2025,R,hampg001,R,R,51,44,7,8,1,0,0,0,1,6,0,18,0,0,1,0,0
2025,R,handm001,R,L,7,4,0,0,0,0,0,0,1,1,0,3,0,1,0,1,0
2025,R,handm001,R,R,40,37,3,3,0,0,0,0,2,1,0,15,0,0,2,0,0
2025,R,happi001,L,R,479,407,100,179,25,0,18,1,59,66,2,109,5,2,0,4,0
2025,R,happi001,R,L,182,160,37,59,7,0,5,0,19,21,0,42,3,0,0,1,0
2025,R,happi001,R,R,2,2,1,1,0,0,0,0,1,0,0,0,0,0,0,0,0
2025,R,harpb003,L,L,229,209,57,100,13,0,10,0,32,19,0,50,2,1,0,0,0
2025,R,harpb003,L,R,351,292,74,144,19,0,17,0,43,51,6,71,3,5,0,3,0
2025,R,harrb002,R,L,31,27,6,7,1,0,0,0,1,3,0,9,1,0,1,0,0
2025,R,harrb002,R,R,53,46,14,18,4,0,0,0,4,4,0,12,0,2,0,1,0
2025,R,harrd003,L,L,2,2,0,0,0,0,0,0,0,0,0,1,0,0,0,0,0
2025,R,harrd003,L,R,41,38,8,14,3,0,1,0,2,3,0,12,1,0,0,0,0
2025,R,harrm004,L,L,183,171,41,65,9,3,3,0,21,5,0,39,2,2,2,3,0
2025,R,harrm004,L,R,458,440,111,185,17,3,17,1,65,11,1,89,5,1,2,4,0
2025,R,hassr002,L,L,38,35,8,9,1,0,0,0,2,2,0,13,1,1,0,0,0
2025,R,hassr002,L,R,168,162,36,53,8,0,3,0,16,6,0,49,3,0,0,0,0
2025,R,hayek001,R,L,121,113,24,29,5,0,0,0,10,7,1,25,3,0,0,1,0
2025,R,hayek001,R,R,449,414,100,132,11,3,5,0,39,29,0,86,9,5,1,0,0
2025,R,haysa001,R,L,105,91,29,50,9,3,2,0,17,12,1,24,1,1,0,1,0
2025,R,haysa001,R,R,311,289,72,122,7,2,13,0,47,17,1,83,8,0,0,5,0
2025,R,hedga001,R,L,89,77,13,21,2,0,2,0,5,10,0,24,0,0,1,1,0
2025,R,hedga001,R,R,91,78,12,22,1,0,3,0,5,8,0,19,2,1,3,1,0
2025,R,heimj001,L,R,301,276,59,91,11,0,7,0,33,22,0,57,9,1,1,1,0
2025,R,heimj001,R,L,132,119,25,40,3,0,4,0,10,10,0,31,1,0,0,3,0
2025,R,heint001,L,R,124,106,26,38,4,1,2,0,12,9,0,25,0,4,4,1,0
2025,R,heint001,R,L,50,43,17,24,4,0,1,0,8,3,0,6,1,2,1,1,0
2025,R,helmm001,R,L,50,46,8,19,2,0,3,1,11,2,0,11,0,1,1,0,0
2025,R,helmm001,R,R,60,53,15,26,3,1,2,0,9,5,0,10,0,0,2,0,0
2025,R,hendg002,L,L,210,192,43,61,7,1,3,0,19,14,0,51,2,3,0,1,0
2025,R,hendg002,L,R,441,385,115,192,27,4,14,0,49,48,6,86,5,4,0,4,0
2025,R,hernd006,R,L,57,48,12,18,1,1,1,0,6,8,0,6,0,0,1,0,0
2025,R,hernd006,R,R,140,125,28,35,4,0,1,0,10,9,0,18,2,0,1,5,0
2025,R,herne001,R,L,108,94,19,39,2,0,6,0,22,10,0,24,6,0,0,4,0
2025,R,herne001,R,R,148,138,28,46,6,0,4,0,13,8,0,44,1,0,1,1,0
2025,R,hernh001,R,L,124,108,28,47,7,0,4,0,15,15,0,36,3,0,0,1,0
2025,R,hernh001,R,R,170,148,40,65,5,1,6,0,30,16,0,41,3,3,0,3,0
2025,R,hernt002,R,L,126,120,30,56,8,0,6,0,17,5,0,22,5,1,0,0,0
2025,R,hernt002,R,R,420,391,96,176,21,1,19,0,72,21,0,112,8,2,0,5,1
2025,R,herri001,R,L,124,97,32,64,5,0,9,0,22,19,1,18,5,5,0,2,1
2025,R,herri001,R,R,328,291,78,116,8,0,10,0,44,24,0,66,15,10,0,2,1
2025,R,herrj003,L,R,144,115,17,26,3,0,2,0,11,17,0,29,1,1,9,2,0
2025,R,herrj003,R,L,59,50,13,16,3,0,0,0,5,6,0,18,1,0,2,1,0
2025,R,herrj003,R,R,1,1,1,1,0,0,0,0,1,0,0,0,0,0,0,0,0
2025,R,heywj001,L,L,12,11,4,4,0,0,0,0,0,1,0,2,0,0,0,0,0
2025,R,heywj001,L,R,83,74,11,19,2,0,2,0,12,5,0,18,1,0,0,3,1
2025,R,hickb003,R,R,4,3,2,2,0,0,0,0,0,1,0,1,0,0,0,0,0
2025,R,hickl001,L,L,66,51,10,12,2,0,0,0,5,8,0,10,1,3,3,1,0
2025,R,hickl001,L,R,324,281,72,103,11,1,6,0,40,35,0,46,4,6,0,2,0
2025,R,higak001,R,L,110,104,26,42,7,0,3,0,14,4,0,23,2,1,0,1,0
2025,R,higak001,R,R,217,199,47,80,7,1,8,0,33,16,0,49,3,1,0,1,0
2025,R,hilld002,R,L,63,54,10,16,3,0,1,0,5,5,0,21,0,2,2,0,0
2025,R,hilld002,R,R,86,80,19,28,3,0,2,0,6,4,0,27,3,1,1,0,0
2025,R,hills005,L,L,4,3,0,0,0,0,0,0,0,1,0,2,0,0,0,0,0
2025,R,hills005,L,R,57,48,10,21,3,1,2,0,3,9,0,21,1,0,0,0,0
2025,R,hindr001,R,L,19,19,0,0,0,0,0,0,0,0,0,13,0,0,0,0,0
2025,R,hindr001,R,R,25,24,5,12,1,0,2,0,3,1,0,8,1,0,0,0,0
2025,R,hiurk001,R,L,4,4,1,1,0,0,0,0,1,0,0,2,0,0,0,0,0
2025,R,hiurk001,R,R,17,14,3,4,1,0,0,0,0,0,0,5,0,3,0,0,0
2025,R,hoern001,R,L,149,141,52,76,8,2,4,0,16,4,0,8,0,3,0,1,0
2025,R,hoern001,R,R,500,458,126,160,21,2,3,0,45,35,1,41,4,4,0,3,0
2025,R,hollj003,L,L,179,165,33,51,6,0,4,0,16,11,0,43,1,3,0,0,0
2025,R,hollj003,L,R,470,421,109,169,15,3,13,1,39,45,1,97,3,3,0,1,0
2025,R,horws001,L,L,51,43,8,12,1,0,1,0,5,7,0,13,2,1,0,0,0
2025,R,horws001,L,R,360,321,91,146,25,0,10,1,46,37,1,60,5,1,0,1,0
2025,R,hoskr001,R,L,102,86,19,35,4,0,4,0,14,14,1,27,4,0,0,2,0
2025,R,hoskr001,R,R,226,193,47,81,8,1,8,0,29,24,1,64,2,5,0,4,0
2025,R,housb001,R,L,82,79,17,21,4,0,0,0,4,2,0,26,4,0,0,1,0
2025,R,housb001,R,R,192,182,44,63,7,0,4,0,25,6,0,52,7,0,0,4,0
2025,R,huffs001,R,L,18,17,5,8,0,0,1,0,2,1,0,8,1,0,0,0,0
2025,R,huffs001,R,R,40,36,6,10,1,0,1,0,2,3,0,17,1,0,0,1,0
2025,R,hummc001,L,R,60,49,7,7,0,0,0,0,1,9,0,19,1,1,1,0,0
2025,R,hummc001,R,L,45,39,8,17,0,0,3,0,6,5,0,12,0,1,0,0,0
2025,R,hurtj001,L,L,1,1,0,0,0,0,0,0,0,0,0,0,0,0,0,0,0
2025,R,hurtj001,L,R,14,11,1,1,0,0,0,0,0,1,0,6,0,2,0,0,0
2025,R,ibana001,R,L,135,124,32,50,6,0,4,0,17,9,0,22,4,1,0,1,0
2025,R,ibana001,R,R,58,52,10,12,2,0,0,0,4,3,0,4,2,3,0,0,0
2025,R,iglej001,R,L,137,120,28,41,10,0,1,0,12,14,0,27,3,1,2,0,0
2025,R,iglej001,R,R,206,186,42,49,1,0,2,0,24,10,0,29,4,6,2,2,0
2025,R,indij001,R,L,111,95,23,32,3,0,2,0,9,10,0,23,1,4,1,1,0
2025,R,indij001,R,R,456,402,93,140,26,0,7,0,36,44,0,83,9,9,0,1,0
2025,R,isbek001,L,L,75,64,14,16,2,0,0,0,6,5,0,20,0,2,4,0,0
2025,R,isbek001,L,R,334,304,80,114,14,4,4,0,27,18,0,54,7,0,9,3,0
2025,R,jacka002,R,L,32,28,7,19,3,0,3,0,4,2,0,10,0,2,0,0,0
2025,R,jacka002,R,R,68,63,13,24,5,0,2,0,4,3,0,27,2,2,0,0,0
2025,R,jackj002,R,L,54,50,13,21,3,1,1,0,8,4,0,18,0,0,0,0,0
2025,R,jackj002,R,R,129,120,34,55,7,1,4,0,13,7,0,32,6,2,0,0,0
2025,R,jankt001,L,L,7,7,2,2,0,0,0,0,0,0,0,2,0,0,0,0,0
2025,R,jankt001,L,R,43,38,9,11,2,0,0,0,2,3,0,10,0,0,1,1,0
2025,R,jansd001,R,L,119,96,19,39,5,0,5,0,11,21,0,38,2,0,0,2,0
2025,R,jansd001,R,R,218,192,43,76,6,0,9,0,25,21,0,48,3,4,1,0,0
2025,R,jeffr002,R,L,146,112,35,47,6,0,2,0,14,28,1,23,3,5,0,1,0
2025,R,jeffr002,R,R,318,294,73,114,20,0,7,0,33,22,0,68,6,2,0,0,0
2025,R,jensc001,L,L,14,12,2,2,0,0,0,0,0,2,0,0,0,0,0,0,0
2025,R,jensc001,L,R,55,48,16,31,6,0,3,0,13,7,0,12,1,0,0,0,0
2025,R,jimel003,R,L,21,19,2,5,0,0,1,0,1,2,0,6,1,0,0,0,0
2025,R,jimel003,R,R,11,10,0,0,0,0,0,0,0,0,0,2,0,0,1,0,0
2025,R,joe-c001,R,L,40,34,5,6,1,0,0,0,2,4,0,8,1,1,0,1,0
2025,R,joe-c001,R,R,40,36,8,11,3,0,0,0,2,3,0,12,1,0,0,1,0
2025,R,johnb005,L,R,49,46,17,23,3,0,1,0,6,0,0,12,1,2,1,0,0
2025,R,johnb005,R,L,35,30,9,10,1,0,0,0,2,3,0,7,0,0,2,0,0
2025,R,johnd006,L,L,7,7,2,3,1,0,0,0,0,0,0,1,0,0,0,0,0
2025,R,johnd006,L,R,50,46,8,13,2,0,1,0,1,4,0,12,0,0,0,0,0
2025,R,johnt003,L,L,8,8,1,1,0,0,0,0,0,0,0,3,0,0,0,0,0
2025,R,johnt003,L,R,113,104,30,46,2,1,4,0,13,8,0,23,1,1,0,0,0
2025,R,joneg003,L,R,2,2,0,0,0,0,0,0,0,0,0,2,0,0,0,0,0
2025,R,jonej007,R,L,122,104,30,60,9,0,7,0,17,15,1,28,3,3,0,0,0
2025,R,jonej007,R,R,28,25,7,11,2,1,0,0,6,3,0,4,0,0,0,0,0
2025,R,jonen002,L,L,85,76,14,15,1,0,0,0,6,6,0,32,3,2,1,0,0
2025,R,jonen002,L,R,318,279,61,93,13,2,5,0,28,33,1,81,3,3,0,3,0
2025,R,judga001,R,L,161,123,42,97,7,0,16,1,30,37,22,37,6,0,0,1,0
2025,R,judga001,R,R,518,418,137,275,23,2,37,0,84,87,14,123,10,7,0,6,0
2025,R,julie001,L,L,45,40,10,17,4,0,1,0,2,3,0,14,1,2,0,0,0
2025,R,julie001,L,R,163,142,30,42,6,0,2,0,10,19,0,47,2,0,1,1,0
2025,R,julkc001,R,L,8,7,1,1,0,0,0,0,1,0,0,2,0,0,0,1,0
2025,R,julkc001,R,R,5,5,2,4,2,0,0,0,0,0,0,1,0,0,0,0,0
2025,R,jungj001,R,L,146,140,35,57,7,0,5,0,20,6,0,31,4,0,0,0,0
2025,R,jungj001,R,R,365,342,86,131,16,1,9,0,41,21,0,98,6,2,0,0,0
2025,R,jungj002,L,L,2,2,0,0,0,0,0,0,0,0,0,0,1,0,0,0,0
2025,R,jungj002,L,R,53,45,5,5,0,0,0,0,3,7,0,16,1,1,0,0,0
2025,R,kaisc001,R,L,5,5,1,2,1,0,0,0,1,0,0,2,0,0,0,0,0
2025,R,kaisc001,R,R,14,13,1,1,0,0,0,0,1,1,0,3,1,0,0,0,0
2025,R,karrk001,R,L,34,31,4,6,2,0,0,0,0,3,0,8,2,0,0,0,0
2025,R,karrk001,R,R,122,106,27,32,2,0,1,0,9,12,0,33,3,2,0,2,0
2025,R,kavan001,L,L,4,4,0,0,0,0,0,0,0,0,0,3,0,0,0,0,0
2025,R,kavan001,L,R,19,16,2,2,0,0,0,0,0,3,0,7,0,0,0,0,0
2025,R,kayfc001,L,L,22,21,4,8,1,0,1,0,2,0,0,7,0,1,0,0,0
2025,R,kayfc001,L,R,116,102,23,43,9,1,3,0,17,11,0,31,0,1,1,1,0
2025,R,keasl001,R,L,66,59,10,16,3,0,1,0,7,3,0,15,1,3,0,1,0
2025,R,keasl001,R,R,141,123,45,65,11,0,3,0,21,16,0,14,3,2,0,0,0
2025,R,keird001,L,L,19,17,1,1,0,0,0,0,1,1,0,12,0,0,1,0,0
2025,R,keird001,L,R,69,67,8,14,0,0,2,0,5,1,0,21,1,1,0,0,0
2025,R,keitc001,L,L,46,43,7,8,1,0,0,0,1,3,0,12,1,0,0,0,0
2025,R,keitc001,L,R,422,371,99,163,21,2,13,0,44,45,1,90,6,2,0,4,0
2025,R,kelej001,L,L,6,6,0,0,0,0,0,0,0,0,0,4,0,0,0,0,0
2025,R,kelej001,L,R,59,54,10,18,2,0,2,0,2,5,0,19,1,0,0,0,0
2025,R,kellc002,R,L,126,111,30,51,4,1,5,0,12,14,0,22,4,0,0,1,0
2025,R,kellc002,R,R,295,258,62,107,9,0,12,0,38,31,0,58,7,3,0,3,0
2025,R,kempo001,R,L,74,65,15,30,3,0,4,0,9,7,0,26,2,2,0,0,0
2025,R,kempo001,R,R,144,132,31,51,8,0,4,0,19,5,0,41,2,5,0,2,0
2025,R,kennb002,R,L,21,19,2,3,1,0,0,0,1,2,0,6,0,0,0,0,0
2025,R,kennb002,R,R,11,10,0,0,0,0,0,0,0,0,0,2,0,1,0,0,0
2025,R,keplm001,L,L,76,69,15,24,3,0,2,0,9,6,0,17,2,0,0,1,0
2025,R,keplm001,L,R,398,348,75,139,16,0,16,0,43,42,3,76,8,4,1,3,0
2025,R,kiebc001,R,L,2,2,0,0,0,0,0,0,0,0,0,0,0,0,0,0,0
2025,R,kiebc001,R,R,6,6,2,2,0,0,0,0,1,0,0,1,0,0,0,0,0
2025,R,kim-h002,R,L,60,56,16,21,2,0,1,0,6,4,0,9,1,0,0,0,0
2025,R,kim-h002,R,R,131,115,24,38,2,0,4,0,11,12,0,30,1,2,0,2,0
2025,R,kim-h003,L,L,21,21,8,12,1,0,1,0,3,0,0,8,0,0,0,0,0
2025,R,kim-h003,L,R,149,140,37,50,5,1,2,0,14,7,0,44,0,1,1,0,0
2025,R,kinei001,R,L,124,119,27,34,1,0,2,0,13,2,0,20,2,2,0,1,0
2025,R,kinei001,R,R,335,312,86,110,20,2,0,0,27,15,0,57,7,3,5,0,0
2025,R,kings001,R,L,12,12,3,3,0,0,0,0,0,0,0,4,0,0,0,0,0
2025,R,kings001,R,R,17,15,1,2,1,0,0,0,0,2,0,7,1,0,0,0,0
2025,R,kirka001,R,L,144,127,35,53,6,0,4,1,20,15,1,19,2,0,0,2,0
2025,R,kirka001,R,R,362,324,92,137,12,0,11,0,56,33,1,40,14,1,0,4,0
2025,R,kjerh001,L,L,23,21,2,2,0,0,0,0,1,1,0,9,4,1,0,0,0
2025,R,kjerh001,L,R,144,135,28,49,5,2,4,0,18,5,0,36,5,3,0,1,0
2025,R,kniza001,R,L,25,25,7,10,0,0,1,0,1,0,0,3,0,0,0,0,0
2025,R,kniza001,R,R,63,52,10,13,1,1,0,0,4,7,0,7,0,2,1,1,0
2025,R,kossc001,R,L,47,43,12,13,1,0,0,0,2,2,0,17,0,2,0,0,0
2025,R,kossc001,R,R,144,131,34,51,8,0,3,1,21,7,0,28,4,1,3,2,0
2025,R,kreir001,R,L,17,13,1,1,0,0,0,0,0,2,0,6,0,0,2,0,0
2025,R,kreir001,R,R,27,25,3,3,0,0,0,0,0,2,0,13,0,0,0,0,0
2025,R,kurtn001,L,L,153,137,27,58,4,0,9,0,22,12,0,54,0,1,0,3,0
2025,R,kurtn001,L,R,336,283,95,202,22,2,27,2,64,51,3,97,4,1,0,0,1
2025,R,kwans001,L,L,224,203,50,57,7,0,0,0,12,15,1,20,2,2,1,3,0
2025,R,kwans001,L,R,469,422,120,177,22,1,11,0,44,40,1,40,1,1,2,4,0
2025,R,langs001,R,L,123,120,44,80,6,0,10,1,24,2,0,26,2,0,0,1,0
2025,R,langs001,R,R,400,361,89,178,26,0,21,0,48,34,1,77,8,1,0,4,0
2025,R,langw001,R,L,164,134,34,59,8,1,5,0,11,30,1,41,2,0,0,0,0
2025,R,langw001,R,R,409,355,84,152,17,0,17,0,51,44,2,110,7,5,0,5,0
2025,R,larnt001,L,L,118,106,25,33,5,0,1,0,14,9,0,30,5,1,0,2,0
2025,R,larnt001,L,R,449,397,101,170,19,1,16,0,46,44,2,92,14,3,0,4,1
2025,R,laurr001,R,L,159,142,40,74,7,0,9,0,24,13,1,31,3,2,0,2,0
2025,R,laurr001,R,R,329,299,84,152,19,2,15,1,52,22,0,88,7,6,0,2,0
2025,R,lawlj001,R,L,37,32,6,10,4,0,0,0,3,4,0,10,0,0,0,1,0
2025,R,lawlj001,R,R,37,34,6,9,3,0,0,0,2,2,0,16,0,1,0,0,0
2025,R,lee-b002,L,R,349,318,70,116,11,1,11,1,44,25,0,55,8,2,0,4,0
2025,R,lee-b002,R,L,178,169,45,64,4,0,5,0,20,6,0,37,3,2,0,1,0
2025,R,lee-j001,L,L,166,158,38,56,3,3,3,0,17,7,0,30,0,1,0,0,0
2025,R,lee-j001,L,R,451,402,111,172,28,9,5,0,38,40,0,41,2,5,0,4,0
2025,R,lee-k002,R,L,14,13,4,7,0,0,1,0,2,1,0,3,0,0,0,0,0
2025,R,lee-k002,R,R,26,22,5,8,3,0,0,0,1,3,0,4,1,0,1,0,0
2025,R,leitj001,R,R,1,1,0,0,0,0,0,0,0,0,0,1,0,0,0,0,0
2025,R,lemad001,R,L,51,44,10,10,0,0,0,0,3,7,0,14,2,0,0,0,0
2025,R,lemad001,R,R,91,84,24,33,3,0,2,0,9,7,0,21,2,0,0,0,0
2025,R,leons001,L,R,8,8,1,4,0,0,1,0,2,0,0,3,0,0,0,0,0
2025,R,leons001,R,L,4,4,0,0,0,0,0,0,1,0,0,1,0,0,0,0,0
2025,R,lewir003,R,L,119,109,26,43,5,0,4,0,14,9,0,22,4,0,0,1,0
2025,R,lewir003,R,R,284,267,63,103,13,0,9,1,38,16,0,58,3,0,0,1,0
2025,R,liled001,L,L,77,71,18,27,1,1,2,0,4,3,0,17,1,2,1,0,0
2025,R,liled001,L,R,274,250,78,133,14,10,7,0,37,18,0,39,4,2,0,3,1
2025,R,lindf001,L,R,505,444,125,227,30,0,24,0,60,45,2,101,7,11,0,5,0
2025,R,lindf001,R,L,227,200,47,73,5,0,7,0,26,20,0,30,2,5,0,2,0
2025,R,lipst001,R,L,1,1,1,1,0,0,0,0,0,0,0,0,0,0,0,0,0
2025,R,lipst001,R,R,3,3,1,1,0,0,0,0,0,0,0,1,0,0,0,0,0
2025,R,lockb001,R,L,73,67,14,21,5,1,0,0,3,4,0,18,0,0,2,0,0
2025,R,lockb001,R,R,75,67,17,19,2,0,0,0,8,4,0,18,2,1,1,2,0
2025,R,lockt001,R,L,37,34,5,11,0,0,2,0,4,2,0,16,1,1,0,0,0
2025,R,lockt001,R,R,79,69,13,16,0,0,1,0,2,8,0,27,2,2,0,0,0
2025,R,loftn001,R,L,68,61,12,20,2,0,2,0,7,5,0,11,3,2,0,0,0
2025,R,loftn001,R,R,120,107,23,40,7,2,2,0,13,9,0,16,4,1,1,2,0
2025,R,lopej008,L,L,23,20,7,7,0,0,0,0,3,1,0,4,2,1,1,0,0
2025,R,lopej008,L,R,81,76,25,41,4,0,4,0,11,3,0,23,0,2,0,0,0
2025,R,lopen001,L,L,2,2,0,0,0,0,0,0,0,0,0,0,0,0,0,0,0
2025,R,lopen001,L,R,26,22,1,1,0,0,0,0,1,4,0,4,1,0,0,0,0
2025,R,lopeo001,R,L,191,178,35,49,5,0,3,0,12,12,1,30,3,0,0,1,0
2025,R,lopeo001,R,R,403,366,99,151,16,0,12,0,65,32,1,52,6,3,0,2,0
2025,R,loweb001,L,L,147,139,27,44,2,0,5,0,9,5,0,45,0,2,0,1,0
2025,R,loweb001,L,R,406,368,103,198,17,0,26,1,74,33,1,104,6,0,0,5,0
2025,R,lowej002,L,L,125,115,19,27,5,0,1,0,7,8,0,39,3,1,0,1,0
2025,R,lowej002,L,R,310,281,68,118,16,2,10,0,33,25,1,70,4,2,1,1,0
2025,R,lowen001,L,L,171,155,26,41,7,1,2,0,10,15,0,51,2,0,0,1,0
2025,R,lowen001,L,R,438,385,97,165,16,2,16,1,74,47,2,108,4,2,0,4,0
2025,R,lugom001,R,L,17,17,6,10,1,0,1,0,4,0,0,4,1,0,0,0,0
2025,R,lugom001,R,R,53,52,10,22,1,1,3,0,5,0,0,20,2,1,0,0,0
2025,R,luken001,L,L,53,42,10,15,3,1,0,0,6,6,0,12,1,1,3,1,0
2025,R,luken001,L,R,385,346,89,143,16,1,12,0,59,32,2,48,11,1,4,2,0
2025,R,lux-g001,L,L,63,56,10,11,1,0,0,0,6,7,0,19,0,0,0,0,0
2025,R,lux-g001,L,R,440,390,110,156,27,2,5,1,47,49,0,95,3,0,0,1,0
2025,R,machm001,R,L,187,164,41,81,4,0,12,1,23,20,3,36,2,1,0,2,0
2025,R,machm001,R,R,491,451,128,202,29,0,15,1,72,35,1,95,14,2,0,3,0
2025,R,machv001,L,L,2,2,0,0,0,0,0,0,0,0,0,1,0,0,0,0,0
2025,R,machv001,L,R,10,9,1,4,0,0,1,0,1,1,0,1,0,0,0,0,0
2025,R,maciw001,R,L,40,36,7,16,3,0,2,0,5,3,0,8,0,1,0,0,0
2025,R,maciw001,R,R,71,66,12,17,2,0,1,0,4,4,0,19,1,1,0,0,0
2025,R,maill001,R,L,19,15,3,4,1,0,0,0,2,2,0,9,1,0,2,0,0
2025,R,maill001,R,R,35,30,8,12,1,0,1,0,4,5,0,7,0,0,0,0,0
2025,R,maldm001,R,L,52,46,13,19,3,0,1,0,3,5,0,15,1,0,1,0,0
2025,R,maldm001,R,R,109,101,17,29,3,0,3,0,9,3,0,42,2,0,5,0,0
2025,R,mallj001,R,L,70,56,14,20,3,0,1,0,11,13,0,15,0,1,0,0,0
2025,R,mallj001,R,R,57,48,9,12,3,0,0,0,6,7,0,17,1,0,0,2,0
2025,R,mangj001,L,R,291,276,84,105,13,1,2,0,29,14,0,47,2,1,0,0,0
2025,R,mangj001,R,L,137,129,36,44,5,0,1,0,11,5,0,17,2,1,1,1,0
2025,R,manzk001,L,L,95,86,16,36,3,1,5,0,14,7,0,25,2,1,0,1,0
2025,R,manzk001,L,R,436,384,94,178,16,1,22,0,56,41,2,110,5,7,0,4,0
2025,R,marcr001,L,R,83,75,14,23,3,0,2,0,12,6,0,13,0,1,0,1,0
2025,R,marcr001,R,L,35,30,8,9,1,0,0,0,1,4,0,4,1,0,1,0,0
2025,R,margm001,R,L,15,14,4,4,0,0,0,0,2,0,0,4,0,0,0,1,0
2025,R,margm001,R,R,5,5,2,2,0,0,0,0,1,0,0,2,0,0,0,0,0
2025,R,marsb002,L,L,88,76,15,22,1,0,2,0,10,10,0,32,0,0,1,1,0
2025,R,marsb002,L,R,337,303,91,146,24,2,9,0,33,28,1,78,2,0,2,3,1
2025,R,marsj002,L,L,81,74,24,41,8,0,3,0,12,6,0,18,2,0,0,1,0
2025,R,marsj002,L,R,153,135,37,59,10,3,2,0,21,16,0,30,0,2,0,0,0
2025,R,marta007,R,L,57,52,18,25,4,0,1,0,2,5,0,10,2,0,0,0,0
2025,R,marta007,R,R,124,104,26,32,4,1,0,0,5,17,0,21,4,1,2,0,0
2025,R,marta008,L,R,315,299,59,95,14,2,6,0,26,10,0,76,4,2,2,2,0
2025,R,marta008,R,L,169,147,41,65,9,0,5,1,19,13,0,34,4,4,3,2,0
2025,R,martk001,L,R,371,320,92,166,17,0,19,0,49,43,2,57,9,5,0,3,0
2025,R,martk001,R,L,184,159,44,82,11,0,9,0,23,21,4,25,3,4,0,0,0
2025,R,martk001,R,R,1,1,0,0,0,0,0,0,0,0,0,1,0,0,0,0,0
2025,R,martn003,L,L,5,4,0,0,0,0,0,0,0,1,0,0,0,0,0,0,0
2025,R,martn003,L,R,106,98,23,30,4,0,1,0,4,8,1,18,1,0,0,0,0
2025,R,martn004,R,L,104,95,22,26,1,0,1,0,14,8,0,28,2,0,0,1,0
2025,R,martn004,R,R,256,244,67,126,16,2,13,1,37,8,0,57,5,3,0,1,0
2025,R,marts002,R,L,147,133,35,54,7,0,4,0,12,11,0,30,4,2,0,1,0
2025,R,marts002,R,R,182,160,44,66,7,0,5,0,22,11,0,38,3,7,1,3,0
2025,R,massm001,L,L,49,47,11,13,2,0,0,0,4,1,0,9,0,0,1,0,0
2025,R,massm001,L,R,228,215,53,69,7,0,3,0,16,8,0,34,3,1,0,4,0
2025,R,mastm001,L,L,19,17,5,8,3,0,0,0,1,1,0,4,0,0,1,0,0
2025,R,mastm001,L,R,156,135,33,37,1,0,1,0,11,16,0,25,2,0,4,1,0
2025,R,matej003,R,L,39,39,8,11,3,0,0,0,0,0,0,13,0,0,0,0,0
2025,R,matej003,R,R,44,40,6,10,1,0,1,0,3,4,0,17,1,0,0,0,0
2025,R,matol002,R,L,86,82,15,34,4,0,5,0,12,4,0,13,4,0,0,0,0
2025,R,matol002,R,R,98,90,23,39,5,1,3,0,10,7,0,14,1,0,0,1,0
2025,R,maton001,L,L,1,0,0,0,0,0,0,0,0,1,0,0,0,0,0,0,0
2025,R,maton001,L,R,62,54,9,17,2,0,2,0,4,8,0,19,0,0,0,0,0
2025,R,mattb001,R,L,11,10,0,0,0,0,0,0,0,1,0,6,0,0,0,0,0
2025,R,mattb001,R,R,36,32,7,19,0,0,4,0,9,1,0,14,0,1,2,0,0
2025,R,maurr002,L,R,146,132,35,59,6,0,6,0,10,13,1,40,3,1,0,0,0
2025,R,maurr002,R,L,38,36,3,3,0,0,0,0,0,2,0,14,2,0,0,0,0
2025,R,mayem002,L,L,27,26,4,6,0,1,0,0,1,1,0,10,0,0,0,0,0
2025,R,mayem002,L,R,109,101,25,45,8,0,4,0,9,7,0,31,2,0,0,1,0
2025,R,mayoc001,R,L,97,87,22,38,4,0,4,0,9,9,0,25,0,1,0,0,0
2025,R,mayoc001,R,R,197,176,35,64,8,0,7,0,19,18,0,59,2,3,0,0,0
2025,R,mccaj001,R,L,50,43,12,18,3,0,1,0,3,4,0,10,0,2,1,0,0
2025,R,mccaj001,R,R,87,80,20,35,3,0,4,0,14,4,0,23,3,2,0,1,0
2025,R,mccaj003,L,L,42,42,9,12,1,1,0,0,1,0,0,6,0,0,0,0,0
2025,R,mccaj003,L,R,180,164,33,59,6,4,4,0,19,10,0,34,2,2,3,1,0
2025,R,mccoc001,R,L,49,42,9,16,4,0,1,0,3,4,0,11,0,1,2,0,0
2025,R,mccoc001,R,R,67,58,12,13,1,0,0,0,2,5,0,20,1,0,3,1,0
2025,R,mccom002,R,L,6,4,0,0,0,0,0,0,0,2,0,1,0,0,0,0,0
2025,R,mccom002,R,R,20,18,3,4,1,0,0,0,1,1,0,6,0,1,0,0,0
2025,R,mccrg001,L,L,4,4,0,0,0,0,0,0,0,0,0,2,0,0,0,0,0
2025,R,mccrg001,L,R,22,18,2,4,0,1,0,0,2,2,0,9,1,0,1,1,0
2025,R,mccua001,R,L,150,131,35,51,7,0,3,0,19,18,3,36,2,0,0,1,0
2025,R,mccua001,R,R,401,346,79,124,15,0,10,0,38,49,2,82,10,2,0,2,2
2025,R,mccuc001,R,L,25,24,5,5,0,0,0,0,1,1,0,12,0,0,0,0,0
2025,R,mccuc001,R,R,5,5,0,0,0,0,0,0,0,0,0,4,0,0,0,0,0
2025,R,mcgur002,L,L,17,16,3,9,0,0,2,0,3,0,0,6,0,0,1,0,0
2025,R,mcgur002,L,R,123,117,27,50,2,0,7,1,21,4,0,21,3,0,0,2,0
2025,R,mckib001,L,L,1,1,0,0,0,0,0,0,0,0,0,0,0,0,0,0,0
2025,R,mckib001,L,R,20,19,4,5,1,0,0,0,1,1,0,1,0,0,0,0,0
2025,R,mckiz001,L,L,119,108,32,55,6,7,1,0,15,7,0,26,2,2,0,2,0
2025,R,mckiz001,L,R,392,344,85,143,17,4,11,0,34,39,1,85,4,5,1,3,0
2025,R,mclam001,R,L,131,114,26,40,5,0,3,0,9,16,0,40,1,1,0,0,0
2025,R,mclam001,R,R,446,396,86,135,13,0,12,0,41,39,0,127,7,4,3,4,0
2025,R,mcmar001,L,L,129,114,21,30,3,0,2,0,9,12,0,41,0,2,0,1,0
2025,R,mcmar001,L,R,457,395,88,164,20,1,18,0,44,58,1,148,7,2,0,2,0
2025,R,mcnej002,L,L,107,89,21,32,4,2,1,0,9,14,0,16,1,2,2,0,0
2025,R,mcnej002,L,R,355,310,76,132,17,3,11,0,45,35,4,39,4,6,0,4,0
2025,R,meadc001,R,L,126,112,23,30,4,0,1,0,3,9,0,23,6,4,0,1,0
2025,R,meadc001,R,R,138,128,33,47,6,1,2,0,16,6,0,40,3,4,0,0,0
2025,R,meadp001,L,L,46,41,8,9,1,0,0,0,1,5,0,11,0,0,0,0,0
2025,R,meadp001,L,R,167,150,33,54,5,2,4,0,15,16,0,45,0,0,0,1,0
2025,R,meidc001,R,L,156,140,39,48,3,0,2,0,5,15,0,27,3,0,1,0,0
2025,R,meidc001,R,R,349,310,75,96,12,0,3,0,18,30,0,45,11,6,2,1,0
2025,R,melem001,L,L,11,8,1,4,0,0,1,0,1,1,0,3,0,2,0,0,0
2025,R,melem001,L,R,54,52,4,6,2,0,0,0,0,2,0,20,0,0,0,0,0
2025,R,meltj001,L,L,15,14,2,2,0,0,0,0,1,1,0,5,2,0,0,0,0
2025,R,meltj001,L,R,63,56,9,11,0,1,0,0,6,5,0,24,0,1,0,0,1
2025,R,merrj002,L,L,170,157,37,58,11,2,2,0,19,9,0,34,2,1,1,2,0
2025,R,merrj002,L,R,313,283,79,143,14,4,14,0,48,24,1,74,2,3,0,3,0
2025,R,mervm001,L,L,10,9,2,6,1,0,1,0,1,1,0,4,0,0,0,0,0
2025,R,mervm001,L,R,124,111,19,40,3,0,6,0,13,10,1,46,1,2,0,1,0
2025,R,mesav001,L,L,12,10,3,6,0,0,1,0,3,1,0,1,0,0,1,0,0
2025,R,mesav001,L,R,26,22,3,5,2,0,0,0,3,4,0,4,0,0,0,0,0
2025,R,meyej002,R,L,71,67,19,24,5,0,0,0,5,3,0,11,1,1,0,0,0
2025,R,meyej002,R,R,310,276,81,104,10,2,3,0,19,28,0,56,8,2,2,2,0
2025,R,milld003,L,R,42,37,13,19,4,1,0,0,5,3,0,2,0,0,1,0,1
2025,R,milld003,R,L,13,12,2,3,1,0,0,0,2,1,0,5,0,0,0,0,0
2025,R,millo002,R,L,8,6,0,0,0,0,0,0,0,1,0,2,0,1,0,0,0
2025,R,millo002,R,R,9,8,2,2,0,0,0,0,1,1,0,2,0,0,0,0,0
2025,R,miraj002,R,L,15,15,1,1,0,0,0,0,0,0,0,8,0,0,0,0,0
2025,R,miraj002,R,R,21,21,5,8,0,0,1,0,5,0,0,5,0,0,0,0,0
2025,R,misnk001,L,L,42,39,6,10,1,0,1,0,3,2,0,16,0,1,0,0,0
2025,R,misnk001,L,R,175,158,36,58,8,1,4,0,19,14,0,53,1,0,1,2,0
2025,R,mitcg001,L,L,24,20,4,4,0,0,0,0,1,2,0,4,0,1,1,0,0
2025,R,mitcg001,L,R,54,48,10,16,4,1,0,0,2,5,0,21,0,0,0,1,0
2025,R,monaa001,R,L,50,44,12,21,3,0,2,0,10,5,0,10,0,1,0,0,0
2025,R,monaa001,R,R,85,82,22,34,6,0,2,0,6,2,0,22,1,1,0,0,0
2025,R,moncy001,L,R,262,225,54,106,12,2,12,0,34,30,1,69,4,6,0,1,0
2025,R,moncy001,R,L,27,23,4,5,1,0,0,0,1,2,0,6,0,1,0,1,0
2025,R,monim001,L,L,60,54,12,17,2,0,1,0,6,5,0,19,0,0,0,1,0
2025,R,monim001,L,R,401,380,105,208,18,8,23,0,62,17,1,91,4,2,0,2,0
2025,R,montc002,R,L,8,8,2,2,0,0,0,0,1,0,0,2,0,0,0,0,0
2025,R,montc002,R,R,2,2,0,0,0,0,0,0,0,0,0,1,0,0,0,0,0
2025,R,montc004,L,L,83,77,18,34,4,0,4,0,11,5,0,17,1,1,0,0,0
2025,R,montc004,L,R,201,178,43,101,5,1,17,1,44,20,1,66,2,1,0,1,1
2025,R,moorc002,R,L,42,40,10,22,3,0,3,0,6,2,0,14,0,0,0,0,0
2025,R,moorc002,R,R,142,122,22,38,2,1,4,0,10,17,0,48,3,1,1,1,0
2025,R,moord002,R,L,132,114,19,37,0,0,6,0,13,15,0,50,0,1,0,2,0
2025,R,moord002,R,R,111,105,25,45,5,0,5,0,12,5,0,32,1,0,0,1,0
2025,R,morec001,R,L,159,145,32,58,8,0,6,0,21,14,0,56,4,0,0,0,0
2025,R,morec001,R,R,146,133,29,52,8,0,5,0,12,11,0,53,4,2,0,0,0
2025,R,moreg001,R,L,77,68,19,27,5,0,1,0,5,8,1,11,3,0,0,1,0
2025,R,moreg001,R,R,232,209,60,93,7,1,8,1,35,21,2,42,3,1,0,1,0
2025,R,mounr001,R,L,90,84,22,25,3,0,0,0,10,4,0,23,0,1,0,1,0
2025,R,mounr001,R,R,267,248,61,97,15,0,7,0,25,11,0,75,10,3,0,5,0
2025,R,mullc002,L,L,132,112,30,48,7,1,3,0,12,15,0,21,1,1,2,2,0
2025,R,mullc002,L,R,366,323,64,122,16,0,14,1,47,35,0,99,1,3,1,4,0
2025,R,muncm001,L,L,80,70,11,22,2,0,3,1,10,7,0,22,2,2,0,1,0
2025,R,muncm001,L,R,308,243,65,125,8,2,16,1,57,57,2,61,2,4,0,4,0
2025,R,muncm002,R,L,44,40,8,11,0,0,1,0,1,4,0,14,0,0,0,0,0
2025,R,muncm002,R,R,176,166,36,67,7,0,8,0,22,6,0,54,1,3,0,1,0
2025,R,murps001,R,L,116,96,19,45,5,0,7,0,19,18,1,38,4,2,0,0,0
2025,R,murps001,R,R,221,195,39,74,8,0,9,1,26,17,0,67,5,6,0,3,0
2025,R,myerd001,R,L,117,105,30,44,8,0,2,1,17,11,0,21,3,1,0,0,0
2025,R,myerd001,R,R,216,202,42,56,2,0,4,0,14,12,0,56,9,1,0,1,0
2025,R,narvc002,R,L,130,115,28,46,6,0,4,0,14,15,0,28,4,0,0,0,0
2025,R,narvc002,R,R,316,288,69,123,21,0,11,0,36,23,0,83,8,1,2,2,0
2025,R,narvo001,L,L,3,3,0,0,0,0,0,0,0,0,0,1,0,0,0,0,0
2025,R,narvo001,L,R,7,4,2,2,0,0,0,0,3,2,0,0,0,0,0,1,0
2025,R,navab001,R,L,7,7,2,6,1,0,1,0,3,0,0,1,0,0,0,0,0
2025,R,navab001,R,R,8,7,2,3,1,0,0,0,2,0,0,2,0,0,0,1,0
2025,R,naylb001,L,L,85,76,13,20,1,0,2,0,5,7,0,13,1,0,1,1,0
2025,R,naylb001,L,R,329,283,57,116,21,1,12,0,42,38,0,86,3,1,2,5,0
2025,R,naylj001,L,L,192,181,52,79,7,1,6,0,29,9,0,34,7,1,0,1,0
2025,R,naylj001,L,R,412,362,108,172,22,0,14,1,63,39,4,49,10,3,0,4,4
2025,R,nelsr003,R,R,1,1,1,1,0,0,0,0,1,0,0,0,0,0,0,0,0
2025,R,netoz001,R,L,110,100,23,50,6,0,7,0,11,7,4,35,2,2,0,1,0
2025,R,netoz001,R,R,444,402,106,188,23,1,19,0,51,26,2,114,3,12,2,2,0
2025,R,newmk001,R,L,38,36,7,8,1,0,0,0,1,1,0,9,1,0,1,0,0
2025,R,newmk001,R,R,78,78,16,23,1,0,2,0,10,0,0,14,4,0,0,0,0
2025,R,nidot001,R,L,10,9,4,4,0,0,0,0,1,0,0,1,1,0,1,0,0
2025,R,nidot001,R,R,27,26,8,8,0,0,0,0,1,0,0,9,0,1,0,0,0
2025,R,nimmb001,L,L,204,184,48,76,4,0,8,1,30,12,0,49,3,5,0,3,0
2025,R,nimmb001,L,R,448,403,106,180,23,0,17,2,62,38,1,92,5,2,1,4,0
2025,R,nodar001,L,L,4,3,0,0,0,0,0,0,0,1,0,3,0,0,0,0,0
2025,R,nodar001,L,R,55,44,5,8,0,0,1,0,2,10,2,22,0,0,1,0,0
2025,R,noelj001,R,L,86,83,15,28,1,0,4,0,6,2,0,32,2,0,0,1,0
2025,R,noelj001,R,R,67,65,9,16,1,0,2,0,7,2,0,20,2,0,0,0,0
2025,R,nolaa002,R,L,6,4,0,0,0,0,0,0,0,1,0,0,0,0,1,0,0
2025,R,nolaa002,R,R,35,34,7,8,1,0,0,0,1,1,0,5,2,0,0,0,0
2025,R,nootl001,L,L,180,159,32,46,5,0,3,0,8,17,0,47,2,3,1,0,0
2025,R,nootl001,L,R,403,350,87,138,19,1,10,0,40,47,3,72,2,3,0,3,0
2025,R,norbc001,R,L,101,87,16,25,3,0,2,0,4,13,0,27,1,1,0,0,0
2025,R,norbc001,R,R,236,224,62,96,14,1,6,0,30,5,0,63,2,4,0,3,0
2025,R,nuned001,L,L,6,6,2,2,0,0,0,0,0,0,0,3,0,0,0,0,0
2025,R,nuned001,L,R,1,1,0,0,0,0,0,0,0,0,0,1,0,0,0,0,0
2025,R,nunen001,L,R,57,52,11,18,1,0,2,0,9,3,0,17,0,0,1,1,0
2025,R,nunen001,R,L,35,30,8,15,1,0,2,0,4,5,0,3,1,0,0,0,0
2025,R,ogass001,L,L,1,1,0,0,0,0,0,0,0,0,0,1,0,0,0,0,0
2025,R,ohear001,L,L,109,97,27,46,8,1,3,1,15,9,0,27,2,3,0,0,0
2025,R,ohear001,L,R,435,377,106,161,13,0,14,0,48,49,4,82,9,5,0,4,0
2025,R,ohopl001,R,L,80,74,19,32,1,0,4,0,10,5,0,19,5,1,0,0,0
2025,R,ohopl001,R,R,371,349,71,125,7,1,15,1,33,19,0,120,7,1,1,1,0
2025,R,ohtas001,L,L,244,222,62,123,8,4,15,0,33,22,1,67,5,0,0,0,0
2025,R,ohtas001,L,R,483,389,110,257,17,5,40,0,69,87,19,120,4,3,0,2,2
2025,R,olsom001,L,L,216,196,55,90,15,1,6,0,30,16,1,60,4,1,0,3,0
2025,R,olsom001,L,R,508,428,115,212,26,1,23,1,65,75,1,116,10,3,0,2,0
2025,R,oneit001,R,L,59,51,8,20,0,0,4,0,8,6,1,18,0,1,0,1,0
2025,R,oneit001,R,R,150,130,28,51,6,1,5,0,18,16,0,33,2,2,0,2,0
2025,R,ornej001,R,L,3,2,1,1,0,0,0,0,0,1,0,0,0,0,0,0,0
2025,R,ornej001,R,R,7,7,1,1,0,0,0,0,0,0,0,3,0,0,0,0,0
2025,R,ornet001,L,R,16,14,1,1,0,0,0,0,1,2,0,2,1,0,0,0,0
2025,R,ortij005,R,L,143,135,39,56,9,1,2,0,10,4,0,20,2,2,2,0,0
2025,R,ortij005,R,R,363,335,69,93,9,0,5,1,35,23,0,54,8,1,4,0,0
2025,R,osuna003,L,L,13,11,1,2,1,0,0,0,2,1,0,3,0,1,0,0,0
2025,R,osuna003,L,R,163,140,31,40,3,0,2,0,13,20,1,31,1,1,0,2,0
2025,R,outmj002,L,L,42,39,4,8,1,0,1,0,1,3,0,18,0,0,0,0,0
2025,R,outmj002,L,R,106,95,14,35,4,1,5,0,10,9,0,45,0,2,0,0,0
2025,R,ozunm001,R,L,141,109,24,38,5,0,3,0,8,30,2,33,3,0,0,2,0
2025,R,ozunm001,R,R,451,378,89,157,14,0,18,0,60,64,0,111,8,3,0,5,1
2025,R,pagea001,R,L,154,147,46,63,8,0,3,0,16,6,0,35,2,1,0,0,0
2025,R,pagea001,R,R,470,434,112,205,19,1,24,0,70,23,0,100,7,7,0,6,0
2025,R,pagep001,R,L,113,103,25,37,6,0,2,0,15,7,1,35,3,1,0,2,0
2025,R,pagep001,R,R,276,258,58,94,9,0,9,0,30,12,0,72,6,2,3,1,0
2025,R,palaj001,L,L,18,18,2,3,1,0,0,0,0,0,0,8,0,0,0,0,0
2025,R,palaj001,L,R,127,110,24,36,3,0,3,0,9,12,0,28,0,4,1,0,0
2025,R,palar002,L,L,19,15,4,4,0,0,0,0,1,3,0,2,0,0,0,1,0
2025,R,palar002,L,R,29,27,10,15,2,0,1,0,2,2,0,7,3,0,0,0,0
2025,R,parei001,R,L,71,60,12,22,1,0,3,0,8,9,0,9,1,2,0,0,0
2025,R,parei001,R,R,367,318,84,151,14,1,17,0,45,41,0,67,9,6,0,2,0
2025,R,parik002,R,L,22,19,5,12,1,0,2,0,2,1,0,8,0,2,0,0,0
2025,R,parik002,R,R,118,107,19,36,3,1,4,0,9,9,0,51,1,1,0,0,1
2025,R,pasqv001,L,L,164,151,32,55,5,0,6,0,33,8,0,39,3,1,0,4,0
2025,R,pasqv001,L,R,518,470,132,240,28,1,26,0,80,41,5,68,11,6,0,1,0
2025,R,paulg001,L,L,24,18,4,6,2,0,0,0,0,5,0,2,0,0,1,0,0
2025,R,paulg001,L,R,160,143,32,53,7,1,4,0,11,16,0,34,1,0,0,1,0
2025,R,pedej001,L,L,19,13,3,7,1,0,1,0,1,6,0,4,1,0,0,0,0
2025,R,pedej001,L,R,287,252,45,80,9,1,8,0,25,28,0,61,4,5,0,1,1
2025,R,pegul001,R,L,33,28,6,12,0,0,2,0,4,4,0,11,2,1,0,0,0
2025,R,pegul001,R,R,55,52,10,17,1,0,2,0,4,2,0,14,1,1,0,0,0
2025,R,penaj004,R,L,107,97,27,41,2,0,4,0,14,10,1,14,2,0,0,0,0
2025,R,penaj004,R,R,436,396,123,194,28,2,13,1,48,25,1,79,7,12,1,2,0
2025,R,perao002,R,L,82,76,8,11,3,0,0,0,2,6,0,29,3,0,0,0,0
2025,R,perao002,R,R,183,168,32,50,3,0,5,0,18,11,0,51,3,2,0,1,1
2025,R,perdg001,L,R,501,412,110,186,26,4,14,1,71,68,1,68,8,10,3,8,0
2025,R,perdg001,R,L,219,185,63,90,7,1,6,1,29,26,0,15,3,0,5,3,0
2025,R,peree005,R,L,36,34,6,13,1,0,2,1,5,2,0,17,0,0,0,0,0
2025,R,peree005,R,R,37,31,3,3,0,0,0,0,3,5,0,11,2,0,0,1,0
2025,R,perej004,R,L,23,21,5,6,1,0,0,0,0,2,0,8,1,0,0,0,0
2025,R,perej004,R,R,55,48,12,17,5,0,0,0,4,6,0,13,0,0,1,0,0
2025,R,peres002,R,L,144,136,29,42,7,0,2,0,14,6,4,29,3,2,0,0,0
2025,R,peres002,R,R,497,461,112,224,28,0,28,0,86,22,1,96,11,10,0,1,3
2025,R,perew002,L,L,1,1,1,1,0,0,0,0,0,0,0,0,0,0,0,0,0
2025,R,perew002,L,R,273,244,56,95,11,2,8,0,27,24,0,64,5,3,0,2,0
2025,R,perew002,R,L,107,97,27,52,6,2,5,0,16,7,0,23,0,0,0,3,0
2025,R,perew002,R,R,2,2,0,0,0,0,0,0,0,0,0,0,0,0,0,0,0
2025,R,perkb002,L,R,116,107,22,33,4,2,1,0,15,8,0,34,1,1,0,0,0
2025,R,perkb002,R,L,54,48,13,21,2,0,2,0,4,6,0,13,3,0,0,0,0
2025,R,perkb002,R,R,1,0,0,0,0,0,0,0,0,1,0,0,0,0,0,0,0
2025,R,petet002,L,L,2,2,0,0,0,0,0,0,0,0,0,2,0,0,0,0,0
2025,R,petet002,L,R,10,10,0,0,0,0,0,0,0,0,0,5,0,0,0,0,0
2025,R,phamt001,R,L,122,102,22,33,2,0,3,0,14,18,2,24,1,0,0,2,0
2025,R,phamt001,R,R,327,290,74,112,15,1,7,0,38,32,1,70,11,2,0,3,0
2025,R,pillk001,R,L,35,35,8,10,2,0,0,0,1,0,0,7,0,0,0,0,0
2025,R,pillk001,R,R,8,8,1,1,0,0,0,0,0,0,0,1,0,0,0,0,0
2025,R,polaj001,L,L,1,1,0,0,0,0,0,0,0,0,0,1,0,0,0,0,0
2025,R,polaj001,L,R,410,366,93,176,20,0,21,0,59,35,1,62,6,3,2,4,0
2025,R,polaj001,R,L,113,104,32,57,10,0,5,0,19,7,0,19,1,0,1,1,0
2025,R,portl001,R,R,9,7,1,1,0,0,0,0,1,1,0,2,0,1,0,0,0
2025,R,pozoy001,R,L,42,40,11,17,3,0,1,0,6,1,0,6,3,0,0,1,0
2025,R,pozoy001,R,R,126,120,26,43,5,0,4,0,13,6,0,16,1,0,0,0,0
2025,R,priec002,L,R,6,6,1,1,0,0,0,0,0,0,0,5,0,0,0,0,0
2025,R,profj001,L,R,263,222,53,99,11,1,11,0,31,37,0,41,3,4,0,0,0
2025,R,profj001,R,L,107,95,25,39,5,0,3,0,12,11,0,18,1,1,0,0,0
2025,R,profj001,R,R,1,1,0,0,0,0,0,0,0,0,0,0,0,0,0,0,0
2025,R,quere001,L,R,266,236,52,71,7,0,4,0,22,25,0,48,5,3,0,2,0
2025,R,quere001,R,L,137,129,46,59,10,0,1,0,14,7,0,23,3,1,0,0,0
2025,R,rafac001,R,L,163,150,33,62,6,1,7,0,22,7,0,33,0,3,1,2,0
2025,R,rafac001,R,R,424,396,103,164,28,3,9,0,41,21,0,84,9,5,2,0,0
2025,R,ralec001,L,R,500,411,95,225,16,0,38,2,86,79,16,127,4,7,0,3,0
2025,R,ralec001,R,L,205,185,52,126,8,0,22,1,39,18,1,61,2,2,0,0,0
2025,R,ralel001,L,L,36,32,3,4,1,0,0,0,1,3,0,10,0,1,0,0,0
2025,R,ralel001,L,R,183,151,34,53,7,0,4,0,18,16,0,54,2,12,3,1,0
2025,R,ramia004,R,L,166,150,32,55,3,1,6,0,14,13,2,43,4,2,0,1,0
2025,R,ramia004,R,R,419,387,92,167,30,0,15,0,53,23,0,70,9,6,0,3,0
2025,R,ramij003,L,R,477,419,112,209,23,1,24,0,59,48,15,56,4,7,0,3,0
2025,R,ramij003,R,L,196,174,56,89,11,2,6,0,26,18,7,18,5,1,0,2,1
2025,R,ramob001,R,L,2,2,1,2,1,0,0,0,0,0,0,0,0,0,0,0,0
2025,R,ramob001,R,R,10,10,1,2,1,0,0,0,2,0,0,4,0,0,0,0,0
2025,R,ramoh002,R,L,189,169,43,71,13,0,5,0,17,15,2,49,3,3,0,2,0
2025,R,ramoh002,R,R,506,451,116,177,11,1,16,0,52,37,0,109,13,14,0,4,0
2025,R,ravej001,L,L,23,18,5,5,0,0,0,0,1,3,0,5,0,1,1,0,0
2025,R,ravej001,L,R,152,135,25,42,5,0,4,0,13,15,0,41,1,0,1,1,0
2025,R,rea-c001,R,R,1,1,0,0,0,0,0,0,0,0,0,1,0,0,0,0,0
2025,R,realj001,R,L,166,155,33,52,10,0,3,0,11,9,1,43,3,2,0,0,0
2025,R,realj001,R,R,384,347,96,141,16,1,9,0,41,26,0,86,10,7,0,3,1
2025,R,refsr001,R,L,138,116,35,65,9,0,7,0,25,19,1,32,4,1,0,2,0
2025,R,refsr001,R,R,71,66,14,23,3,0,2,0,5,5,0,22,2,0,0,0,0
2025,R,renfh001,R,L,42,37,9,12,3,0,0,0,1,4,0,6,2,0,0,1,0
2025,R,renfh001,R,R,66,62,9,12,3,0,0,0,3,4,0,15,2,0,0,0,0
2025,R,rengl001,L,R,439,402,97,131,14,1,6,0,33,30,0,84,5,3,1,3,0
2025,R,rengl001,R,L,101,98,22,37,2,2,3,0,10,3,0,20,2,0,0,0,0
2025,R,rengl001,R,R,1,1,0,0,0,0,0,0,0,0,0,0,0,0,0,0,0
2025,R,reyep001,R,L,18,16,2,2,0,0,0,0,2,2,0,5,0,0,0,0,0
2025,R,reyep001,R,R,16,15,4,5,1,0,0,0,0,0,0,5,0,0,1,0,0
2025,R,reynb001,L,R,487,439,106,171,29,3,10,0,56,39,1,124,9,7,0,2,0
2025,R,reynb001,R,L,167,148,38,65,9,0,6,0,17,18,0,49,6,0,0,1,0
2025,R,riceb001,L,L,119,106,22,51,6,1,7,1,18,10,0,33,4,0,0,2,1
2025,R,riceb001,L,R,411,361,97,182,22,3,19,1,47,40,0,67,14,9,0,0,1
2025,R,rilea001,R,L,101,96,25,40,3,0,4,0,9,5,0,22,3,0,0,0,0
2025,R,rilea001,R,R,346,320,83,138,17,1,12,0,45,22,1,106,6,3,0,1,0
2025,R,rittr002,R,L,44,40,12,15,3,0,0,0,5,1,0,9,1,1,1,1,0
2025,R,rittr002,R,R,163,147,33,48,6,3,1,0,13,9,0,52,6,4,3,0,0
2025,R,rival002,L,R,70,54,11,17,0,0,2,0,7,15,0,17,1,1,0,0,0
2025,R,rival002,R,L,41,36,11,13,2,0,0,0,2,5,0,7,0,0,0,0,0
2025,R,rivee001,R,L,35,33,10,11,1,0,0,0,5,2,0,7,0,0,0,0,0
2025,R,rivee001,R,R,92,87,20,23,3,0,0,0,8,4,0,17,3,1,0,0,0
2025,R,rives002,R,L,5,4,1,1,0,0,0,0,0,1,0,0,0,0,0,0,0
2025,R,rives002,R,R,29,29,5,7,2,0,0,0,2,0,0,9,0,0,0,0,0
2025,R,robel002,R,L,113,93,24,44,2,0,6,0,16,16,3,22,1,1,0,1,2
2025,R,robel002,R,R,318,289,61,95,10,0,8,0,37,24,0,90,7,1,1,2,1
2025,R,robew002,L,L,10,9,2,2,0,0,0,0,2,0,0,3,0,0,0,1,0
2025,R,robew002,L,R,65,61,7,8,1,0,0,0,7,2,0,24,1,2,0,0,0
2025,R,robic003,R,L,2,1,0,0,0,0,0,0,0,0,0,0,0,0,1,0,0
2025,R,roblv001,R,L,48,45,13,14,1,0,0,0,5,2,0,8,2,0,0,1,0
2025,R,roblv001,R,R,66,61,13,21,3,1,1,0,4,1,0,18,1,3,0,1,0
2025,R,roccb001,L,R,267,246,58,83,14,1,3,0,28,14,0,44,3,3,1,3,0
2025,R,roccb001,R,L,116,98,22,34,4,1,2,0,16,8,0,33,1,5,3,2,0
2025,R,rodea001,L,L,26,21,3,6,0,0,1,0,1,3,0,3,0,2,0,0,0
2025,R,rodea001,L,R,127,115,23,34,6,1,1,0,8,5,0,34,0,4,0,3,0
2025,R,rodgb002,R,L,26,24,6,10,1,0,1,0,3,2,0,10,0,0,0,0,0
2025,R,rodgb002,R,R,102,91,16,22,3,0,1,0,8,9,0,36,2,1,0,1,0
2025,R,rodre006,L,R,45,41,6,9,3,0,0,0,2,4,0,10,0,0,0,0,0
2025,R,rodre006,R,L,12,11,3,4,1,0,0,0,0,1,0,4,0,0,0,0,0
2025,R,rodrj007,R,L,186,172,44,85,9,1,10,1,24,14,4,45,3,0,0,0,0
2025,R,rodrj007,R,R,524,480,130,224,22,3,22,0,71,30,1,107,12,12,0,2,0
2025,R,rodrj009,R,L,55,50,12,23,3,1,2,0,9,5,0,15,1,0,0,0,0
2025,R,rodrj009,R,R,22,21,2,3,1,0,0,0,1,1,0,7,1,0,0,0,0
2025,R,rogej004,R,L,36,27,4,9,2,0,1,0,6,6,0,10,1,1,0,2,0
2025,R,rogej004,R,R,106,96,19,32,3,2,2,0,13,9,0,29,2,0,1,0,0
2025,R,roget003,L,L,2,2,0,0,0,0,0,0,0,0,0,2,0,0,0,0,0
2025,R,rojaj001,L,L,30,29,5,7,2,0,0,0,3,0,0,8,0,0,1,0,0
2025,R,rojaj001,L,R,181,160,29,42,7,0,2,0,8,19,0,40,6,0,0,2,0
2025,R,rojaj003,R,L,75,67,15,21,1,1,1,0,7,6,0,15,0,0,2,0,0
2025,R,rojaj003,R,R,97,85,19,23,2,1,0,0,11,7,0,25,2,0,2,3,0
2025,R,rojam002,R,L,135,122,36,63,9,0,6,0,16,13,1,17,3,0,0,0,0
2025,R,rojam002,R,R,182,168,40,52,9,0,1,0,11,11,0,29,4,0,3,0,0
2025,R,romod001,L,R,1,1,0,0,0,0,0,0,0,0,0,1,0,0,0,0,0
2025,R,romod001,R,L,2,2,0,0,0,0,0,0,0,0,0,2,0,0,0,0,0
2025,R,rookb001,R,L,161,140,41,70,14,0,5,0,15,21,4,26,1,0,0,0,0
2025,R,rookb001,R,R,538,486,123,230,26,3,25,0,74,44,0,129,12,5,0,2,1
2025,R,rortb001,L,L,24,20,5,5,0,0,0,0,3,2,0,4,0,0,2,0,0
2025,R,rortb001,L,R,104,92,12,18,3,0,1,0,7,9,0,19,1,2,1,0,0
2025,R,rosaa003,R,L,122,116,35,57,10,0,4,0,15,5,0,15,5,0,0,1,0
2025,R,rosaa003,R,R,69,65,15,22,1,0,2,0,8,2,0,16,1,2,0,0,0
2025,R,rosae001,L,R,8,8,1,1,0,0,0,0,0,0,0,2,0,0,0,0,0
2025,R,ruize001,R,L,18,17,3,6,0,0,1,0,2,1,0,7,0,0,0,0,0
2025,R,ruize001,R,R,5,4,1,1,0,0,0,0,0,1,0,1,0,0,0,0,0
2025,R,ruizk001,L,R,213,204,48,61,10,0,1,0,17,6,0,22,4,2,0,1,0
2025,R,ruizk001,R,L,54,51,15,20,2,0,1,0,8,2,0,4,0,1,0,0,0
2025,R,rushd001,L,L,41,35,6,6,0,0,0,0,6,3,0,15,0,1,0,2,0
2025,R,rushd001,L,R,114,107,23,40,5,0,4,0,18,7,0,43,1,0,0,0,0
2025,R,rutsa001,L,R,255,225,46,83,11,1,8,0,25,27,0,40,5,1,0,2,0
2025,R,rutsa001,R,L,110,97,25,35,5,1,1,0,4,13,0,17,3,0,0,0,0
2025,R,sabob001,L,L,5,4,0,0,0,0,0,0,1,0,0,2,0,0,0,1,0
2025,R,sabob001,L,R,13,12,2,3,1,0,0,0,0,1,0,5,1,0,0,0,0
2025,R,saggt001,R,L,68,66,18,23,2,0,1,0,4,1,0,20,2,0,0,1,0
2025,R,saggt001,R,R,227,209,53,71,15,0,1,0,21,15,0,63,3,1,1,1,0
2025,R,salac001,L,L,7,6,3,3,0,0,0,0,1,0,0,2,0,1,0,0,0
2025,R,salac001,L,R,9,7,0,0,0,0,0,0,0,2,0,0,1,0,0,0,0
2025,R,sanca009,R,L,6,6,2,3,1,0,0,0,0,0,0,1,0,0,0,0,0
2025,R,sanca009,R,R,17,17,3,4,1,0,0,0,0,0,0,5,1,0,0,0,0
2025,R,sancg002,R,L,42,38,8,12,1,0,1,0,7,2,0,11,2,1,0,1,0
2025,R,sancg002,R,R,59,53,13,26,1,0,4,1,17,2,0,16,0,4,0,0,0
2025,R,sancj003,L,L,75,69,11,17,3,0,1,0,4,4,0,21,1,2,0,0,0
2025,R,sancj003,L,R,422,382,96,161,18,4,13,0,44,38,1,89,9,0,0,2,0
2025,R,sanoj001,R,L,133,120,28,47,8,1,3,0,14,7,0,19,0,2,3,1,0
2025,R,sanoj001,R,R,209,193,48,77,14,3,3,0,24,12,0,22,2,0,1,3,0
2025,R,santa003,L,R,166,146,27,48,3,0,6,0,15,18,1,41,6,1,0,1,0
2025,R,santa003,R,L,55,48,7,9,2,0,0,0,3,7,0,20,0,0,0,0,0
2025,R,santc002,L,R,326,285,61,90,8,0,7,0,35,35,0,65,5,3,0,3,0
2025,R,santc002,R,L,148,130,30,45,3,0,4,1,19,17,1,26,2,0,0,1,0
2025,R,schan001,L,L,125,106,29,39,4,0,2,0,12,13,0,14,2,3,1,2,0
2025,R,schan001,L,R,439,382,100,151,19,1,10,0,41,46,4,57,8,7,2,2,0
2025,R,schmc003,R,L,120,107,21,34,7,0,2,0,8,12,1,31,1,1,0,0,0
2025,R,schmc003,R,R,228,205,53,91,8,0,10,2,32,15,0,52,5,4,1,3,0
2025,R,schnd001,R,L,128,107,23,39,4,0,4,0,15,19,0,37,1,2,0,0,0
2025,R,schnd001,R,R,99,81,21,43,1,0,7,0,16,17,0,23,3,0,0,1,0
2025,R,schnd002,L,L,62,53,8,9,1,0,0,0,4,7,0,22,0,1,0,1,0
2025,R,schnd002,L,R,360,326,70,125,17,1,12,1,37,31,1,95,4,2,1,0,0
2025,R,schua002,R,L,21,21,3,3,0,0,0,0,0,0,0,7,1,0,0,0,0
2025,R,schua002,R,R,12,11,3,4,1,0,0,0,0,0,0,3,0,0,1,0,0
2025,R,schum002,R,L,65,56,9,11,2,0,0,0,4,7,0,7,3,1,1,0,0
2025,R,schum002,R,R,148,127,27,39,2,2,2,0,9,15,0,28,3,3,2,1,0
2025,R,schwk001,L,L,276,234,59,140,8,2,23,0,46,36,0,77,3,6,0,0,0
2025,R,schwk001,L,R,448,370,86,200,15,0,33,2,86,72,6,120,1,5,0,1,0
2025,R,scotv001,L,L,131,108,22,26,4,0,0,0,10,11,0,36,1,3,7,2,0
2025,R,scotv001,L,R,332,290,64,92,11,1,5,0,27,31,0,75,2,7,3,1,0
2025,R,seagc001,L,L,149,135,30,59,5,0,8,0,14,11,1,37,3,3,0,0,0
2025,R,seagc001,L,R,296,245,73,126,14,0,13,0,36,47,9,50,10,2,0,2,0
2025,R,seiga001,L,L,4,4,2,2,0,0,0,0,0,0,0,1,0,0,0,0,0
2025,R,seiga001,L,R,69,58,10,11,1,0,0,0,5,8,0,15,2,1,1,1,0
2025,R,semim001,R,L,144,124,29,40,2,0,3,0,9,17,0,26,2,0,0,3,0
2025,R,semim001,R,R,390,346,79,131,14,1,12,0,53,33,0,67,6,5,0,6,0
2025,R,sengh001,R,L,18,16,2,2,0,0,0,0,2,0,0,8,0,1,0,1,0
2025,R,sengh001,R,R,60,56,11,12,1,0,0,0,2,3,0,14,3,0,1,0,0
2025,R,seymb001,L,L,18,18,4,4,0,0,0,0,0,0,0,11,0,0,0,0,0
2025,R,seymb001,L,R,65,60,12,18,1,1,1,0,5,4,0,21,0,1,0,0,0
2025,R,shawm002,R,L,110,100,25,49,4,1,6,0,14,10,0,22,1,0,0,0,0
2025,R,shawm002,R,R,327,293,64,106,17,2,7,0,30,28,0,72,1,2,0,4,0
2025,R,sheeg001,L,L,153,141,36,52,8,1,2,0,18,10,0,28,2,0,0,2,0
2025,R,sheeg001,L,R,392,351,88,159,20,0,17,0,53,34,1,79,7,5,0,2,0
2025,R,shorz001,R,L,19,17,6,10,1,0,1,0,5,2,0,8,0,0,0,0,0
2025,R,shorz001,R,R,37,33,5,9,1,0,1,0,2,2,0,10,0,1,1,0,0
2025,R,sianm001,L,L,3,3,0,0,0,0,0,0,0,0,0,1,0,0,0,0,0
2025,R,sianm001,L,R,16,14,4,4,0,0,0,0,0,2,0,6,0,0,0,0,0
2025,R,simor002,L,R,74,65,16,19,3,0,0,0,6,7,0,13,1,0,0,2,0
2025,R,simor002,R,L,14,12,2,2,0,0,0,0,1,1,0,2,0,0,1,0,0
2025,R,simpc001,L,L,113,107,32,32,0,0,0,0,6,5,0,9,3,0,0,0,1
2025,R,simpc001,L,R,328,307,90,111,15,3,0,0,20,15,0,34,7,0,3,2,1
2025,R,singj001,L,L,2,2,0,0,0,0,0,0,0,0,0,0,0,0,0,0,0
2025,R,singj001,L,R,7,7,1,1,0,0,0,0,0,0,0,1,0,0,0,0,0
2025,R,sirij001,R,L,13,13,1,2,1,0,0,0,0,0,0,11,0,0,0,0,0
2025,R,sirij001,R,R,23,19,1,2,1,0,0,0,1,4,0,6,0,0,0,0,0
2025,R,slata001,R,L,93,85,19,37,1,1,5,0,8,8,0,28,3,0,0,0,0
2025,R,slata001,R,R,67,63,13,18,5,0,0,0,5,3,0,23,3,0,1,0,0
2025,R,smitc010,R,L,137,115,30,52,8,1,4,0,17,17,0,38,3,3,0,2,0
2025,R,smitc010,R,R,356,326,74,106,13,2,5,0,34,26,0,99,8,4,0,0,0
2025,R,smitd008,L,L,27,25,5,7,2,0,0,0,1,1,0,4,0,1,0,0,0
2025,R,smitd008,L,R,198,179,53,78,10,0,5,0,32,14,0,38,5,1,0,4,0
2025,R,smitj007,L,L,121,107,22,24,2,0,0,0,6,9,0,32,0,2,2,1,0
2025,R,smitj007,L,R,442,388,102,157,21,2,10,0,29,46,2,68,3,6,1,0,1
2025,R,smitp002,L,L,24,18,3,3,0,0,0,0,0,6,0,9,1,0,0,0,0
2025,R,smitp002,L,R,264,226,60,103,17,1,8,0,28,35,1,83,6,0,0,2,1
2025,R,smitw003,R,L,112,93,24,42,6,0,4,0,10,18,0,26,1,1,0,0,0
2025,R,smitw003,R,R,324,269,83,138,14,1,13,0,51,46,1,63,6,4,0,5,0
2025,R,sodet001,L,L,146,137,37,58,6,0,5,0,20,8,0,38,2,1,0,0,0
2025,R,sodet001,L,R,478,424,118,208,28,1,20,1,73,47,2,103,16,5,0,2,0
2025,R,sogan001,L,R,69,61,12,16,4,0,0,0,7,5,0,15,2,3,0,0,0
2025,R,sogan001,R,L,35,35,13,17,4,0,0,0,2,0,0,9,1,0,0,0,0
2025,R,solad001,R,L,101,96,17,23,1,1,1,0,8,3,0,25,7,1,0,1,0
2025,R,solad001,R,R,78,70,24,33,3,0,2,0,13,5,0,15,2,2,0,1,0
2025,R,solan001,R,L,8,8,1,1,0,0,0,0,0,0,0,2,0,0,0,0,0
2025,R,solan001,R,R,3,3,0,0,0,0,0,0,0,0,0,0,0,0,0,0,0
2025,R,solej001,R,L,51,46,10,18,2,0,2,0,4,5,0,15,3,0,0,0,0
2025,R,solej001,R,R,264,233,50,90,10,0,10,0,30,23,0,79,2,4,0,3,1
2025,R,sosae001,R,L,116,107,34,57,5,0,6,0,16,6,0,28,4,2,0,1,0
2025,R,sosae001,R,R,145,136,33,57,7,1,5,0,23,4,0,28,3,0,3,1,1
2025,R,sosal001,R,L,140,134,37,59,7,0,5,0,22,4,0,29,2,1,0,1,0
2025,R,sosal001,R,R,404,384,100,166,13,1,17,0,53,14,0,98,9,3,1,2,0
2025,R,sotoj001,L,L,247,208,50,92,7,1,11,0,39,32,0,59,7,2,1,4,0
2025,R,sotoj001,L,R,468,369,102,211,13,0,32,1,66,95,13,78,10,1,0,2,1
2025,R,sprig001,R,L,149,122,31,58,3,0,8,0,17,21,1,31,4,1,0,3,2
2025,R,sprig001,R,R,437,376,123,221,24,1,24,2,67,48,2,80,10,7,0,1,5
2025,R,stalj001,R,L,40,38,2,2,0,0,0,0,0,2,0,18,3,0,0,0,0
2025,R,stalj001,R,R,89,81,14,18,4,0,0,0,9,4,0,22,2,3,1,0,0
2025,R,stanm004,R,L,78,65,18,36,3,0,5,0,24,13,3,24,2,0,0,0,0
2025,R,stanm004,R,R,203,184,50,112,5,0,19,0,42,16,0,72,3,1,0,1,1
2025,R,stees001,R,L,129,118,27,51,6,0,6,0,19,11,0,33,2,0,0,0,0
2025,R,stees001,R,R,439,391,94,158,15,2,15,0,56,40,0,96,10,5,1,2,0
2025,R,stefm001,R,L,5,4,0,0,0,0,0,0,0,1,0,2,0,0,0,0,0
2025,R,stefm001,R,R,20,18,4,4,0,0,0,0,0,2,0,1,0,0,0,0,0
2025,R,stept001,R,L,74,61,15,27,6,0,2,0,8,12,1,16,0,1,0,0,0
2025,R,stept001,R,R,268,238,54,99,12,0,11,1,42,25,0,100,4,1,0,4,0
2025,R,stevc001,L,R,8,8,2,2,0,0,0,0,1,0,0,2,0,0,0,0,0
2025,R,stevc002,R,L,3,3,0,0,0,0,0,0,0,0,0,3,0,0,0,0,0
2025,R,stevc002,R,R,11,10,2,2,0,0,0,0,0,0,0,4,0,0,1,0,0
2025,R,stews004,R,L,7,7,2,5,0,0,1,0,2,0,0,1,0,0,0,0,0
2025,R,stews004,R,R,51,48,12,25,1,0,4,0,6,3,0,14,1,0,0,0,0
2025,R,stort001,R,L,170,159,41,68,6,0,7,0,29,9,1,41,0,2,0,0,0
2025,R,stort001,R,R,484,453,120,197,23,0,18,0,67,24,0,135,3,5,1,1,0
2025,R,stotb001,L,L,123,111,25,32,4,0,1,0,12,10,0,22,0,0,1,1,0
2025,R,stotb001,L,R,437,388,103,163,18,3,12,0,54,44,1,69,4,1,1,3,0
2025,R,stowk001,L,L,103,91,23,32,4,1,1,0,13,9,0,21,1,2,0,1,0
2025,R,stowk001,L,R,354,308,92,185,17,2,24,2,60,39,3,104,5,3,1,3,0
2025,R,stram002,R,L,146,133,36,48,9,0,1,0,15,10,0,28,2,0,3,0,0
2025,R,stram002,R,R,153,134,34,50,5,1,3,0,17,9,0,22,3,1,8,1,0
2025,R,stubc001,R,L,1,1,0,0,0,0,0,0,0,0,0,0,0,0,0,0,0
2025,R,stubc001,R,R,2,2,0,0,0,0,0,0,0,0,0,0,0,0,0,0,0
2025,R,stubg001,L,L,1,1,0,0,0,0,0,0,0,0,0,0,0,0,0,0,0
2025,R,suare001,R,L,184,159,26,72,7,0,13,0,23,20,1,57,1,2,0,3,0
2025,R,suare001,R,R,473,429,108,237,21,0,36,3,95,26,1,139,10,14,0,4,0
2025,R,sullb001,L,R,9,6,1,1,0,0,0,0,2,1,0,3,0,1,0,1,0
2025,R,suwij001,L,L,7,7,0,0,0,0,0,0,0,0,0,2,0,0,0,0,0
2025,R,suwij001,L,R,171,143,22,38,7,0,3,0,10,24,1,55,1,4,0,0,0
2025,R,suzus001,R,L,184,152,36,74,8,0,10,0,27,28,1,43,2,0,0,4,0
2025,R,suzus001,R,R,467,419,104,199,23,3,22,1,76,43,0,121,11,1,0,4,0
2025,R,swand001,R,L,138,129,37,64,4,1,7,0,15,9,1,40,1,0,0,0,0
2025,R,swand001,R,R,507,461,107,182,20,2,17,0,62,38,0,128,8,2,1,5,0
2025,R,sweet001,L,L,50,46,11,13,0,1,0,0,4,2,0,15,0,0,0,2,0
2025,R,sweet001,L,R,276,250,47,73,6,1,6,0,28,24,0,77,2,0,0,2,0
2025,R,tatif002,R,L,185,153,35,56,4,1,5,0,12,31,6,34,4,0,0,1,0
2025,R,tatif002,R,R,506,441,124,209,23,1,20,1,59,58,1,95,2,6,0,1,0
2025,R,taucm001,L,L,71,59,13,25,3,0,3,0,10,10,0,18,3,2,0,0,0
2025,R,taucm001,L,R,314,276,75,109,14,1,6,0,30,35,0,68,2,2,0,1,0
2025,R,tavel001,L,R,149,142,27,43,5,1,3,0,14,3,0,41,0,0,3,1,0
2025,R,tavel001,R,L,31,29,8,9,1,0,0,0,3,2,0,9,0,0,0,0,0
2025,R,tawat001,R,L,82,75,19,25,3,0,1,0,7,5,0,24,2,0,0,2,0
2025,R,tawat001,R,R,143,124,21,44,5,0,6,0,11,15,0,40,4,1,2,1,0
2025,R,taylc001,R,L,36,34,4,5,1,0,0,0,1,2,0,12,0,0,0,0,0
2025,R,taylc001,R,R,89,79,17,29,6,0,2,0,11,3,0,30,1,6,0,1,0
2025,R,taylm002,R,L,139,131,29,59,13,1,5,0,21,4,1,51,2,0,2,2,0
2025,R,taylm002,R,R,186,164,30,49,7,0,4,0,14,19,0,59,5,1,2,0,0
2025,R,tayls003,R,L,6,5,1,1,0,0,0,0,0,0,0,1,0,0,1,0,0
2025,R,tayls003,R,R,3,3,0,0,0,0,0,0,0,0,0,0,0,0,0,0,0
2025,R,taylt002,R,L,102,90,19,23,4,0,0,0,6,9,1,19,2,2,1,0,0
2025,R,taylt002,R,R,239,220,50,76,14,3,2,0,21,7,0,57,2,7,2,2,1
2025,R,teelk001,L,L,52,43,8,10,2,0,0,0,1,7,0,20,0,1,1,0,0
2025,R,teelk001,L,R,245,210,61,94,9,0,8,0,34,30,0,57,1,4,0,1,0
2025,R,tellr001,L,L,24,20,1,1,0,0,0,0,2,3,0,10,2,1,0,0,0
2025,R,tellr001,L,R,288,269,65,127,11,0,17,1,47,14,0,73,7,2,0,3,0
2025,R,tenaj001,L,L,16,14,5,8,3,0,0,0,3,2,0,2,0,0,0,0,0
2025,R,tenaj001,L,R,153,138,32,46,10,2,0,0,13,13,0,35,4,1,0,1,0
2025,R,teodb001,R,L,28,24,6,11,2,0,1,0,3,1,0,9,1,1,1,1,0
2025,R,teodb001,R,R,122,114,22,31,5,2,0,0,4,4,0,38,1,3,0,1,0
2025,R,thaim001,L,L,28,24,5,7,2,0,0,0,2,2,0,6,0,1,1,0,0
2025,R,thaim001,L,R,162,132,29,38,4,1,1,0,14,27,0,40,2,2,0,1,0
2025,R,thoma004,L,L,88,80,19,27,2,0,2,0,7,2,0,20,0,1,4,1,0
2025,R,thoma004,L,R,381,353,89,133,17,3,7,0,31,19,0,102,2,4,2,3,0
2025,R,thomc005,R,L,69,61,15,36,3,0,6,0,16,6,0,25,0,0,0,2,0
2025,R,thomc005,R,R,63,59,12,14,2,0,0,0,3,1,0,24,3,1,1,1,0
2025,R,thoml002,R,L,47,40,6,12,0,0,2,0,5,6,0,12,1,0,0,1,0
2025,R,thoml002,R,R,95,85,14,22,2,0,2,0,6,8,0,32,3,1,0,1,0
2025,R,thomr008,L,L,1,0,0,0,0,0,0,0,1,0,0,0,0,0,0,1,0
2025,R,thomr008,L,R,9,8,1,2,1,0,0,0,1,1,0,0,0,0,0,0,0
2025,R,toglm001,L,R,241,216,38,70,8,0,8,1,21,24,2,103,4,1,0,0,0
2025,R,toglm001,R,L,96,90,20,38,7,1,3,0,11,4,0,29,3,0,0,2,0
2025,R,tolbt001,R,L,35,31,7,12,2,0,1,0,3,1,0,6,1,2,0,1,0
2025,R,tolbt001,R,R,22,19,7,7,0,0,0,0,3,0,0,5,0,1,1,1,0
2025,R,torks001,R,L,190,159,42,82,10,0,10,0,27,28,6,42,1,0,0,3,0
2025,R,torks001,R,R,459,404,93,175,17,1,21,0,51,44,0,127,11,9,0,2,0
2025,R,toroa001,L,R,203,186,43,69,8,0,6,0,17,11,1,32,1,4,0,2,0
2025,R,toroa001,R,L,78,71,18,25,4,0,1,0,9,3,0,10,0,2,0,2,0
2025,R,toroa001,R,R,3,2,1,2,1,0,0,0,1,0,0,0,0,0,0,1,0
2025,R,torrg001,R,L,173,143,40,72,11,0,7,0,28,28,0,22,3,0,0,2,0
2025,R,torrg001,R,R,455,389,96,134,11,0,9,0,46,57,0,79,8,4,0,5,0
2025,R,torrl001,R,L,74,70,17,25,6,1,0,0,5,3,0,17,3,1,0,0,0
2025,R,torrl001,R,R,209,191,42,65,8,0,5,0,24,16,0,39,4,1,1,0,0
2025,R,tovae001,R,L,90,80,22,32,4,0,2,0,7,9,0,25,0,0,1,0,0
2025,R,tovae001,R,R,300,280,69,112,14,4,7,0,26,12,0,73,2,1,5,2,0
2025,R,tramt001,L,L,16,13,4,5,1,0,0,0,0,3,0,5,0,0,0,0,0
2025,R,tramt001,L,R,119,104,19,34,6,0,3,0,12,14,0,36,0,0,0,1,0
2025,R,treja001,R,L,8,8,0,0,0,0,0,0,0,0,0,1,1,0,0,0,0
2025,R,treja001,R,R,35,32,7,9,2,0,0,0,1,1,0,6,2,0,1,1,0
2025,R,trevj001,R,L,79,74,14,23,6,0,1,0,6,4,0,7,2,0,0,1,0
2025,R,trevj001,R,R,223,208,53,76,14,0,3,0,16,11,0,32,7,0,1,3,0
2025,R,trioj001,R,L,122,109,30,50,7,2,3,0,8,10,1,21,0,1,1,1,0
2025,R,trioj001,R,R,254,222,45,68,11,0,4,0,16,29,0,55,4,1,2,0,0
2025,R,tromc001,R,L,7,7,2,3,1,0,0,0,0,0,0,2,0,0,0,0,0
2025,R,tromc001,R,R,15,14,1,4,0,0,1,0,1,1,0,4,1,0,0,0,0
2025,R,troum001,R,L,105,90,20,33,4,0,3,0,10,13,2,39,2,0,0,2,0
2025,R,troum001,R,R,451,366,86,167,10,1,23,0,54,74,8,139,5,6,0,4,1
2025,R,tuckk001,L,L,193,167,45,77,6,1,8,0,28,23,0,31,0,2,0,0,1
2025,R,tuckk001,L,R,404,333,88,155,19,3,14,0,45,64,7,57,8,2,1,3,1
2025,R,turab002,L,L,192,174,53,68,6,0,3,0,19,15,0,42,1,1,1,1,0
2025,R,turab002,L,R,467,410,115,186,22,2,15,0,62,51,1,108,2,1,1,4,0
2025,R,turnj001,R,L,109,98,27,42,6,0,3,0,11,9,0,20,2,0,0,2,0
2025,R,turnj001,R,R,82,71,10,11,1,0,0,0,7,8,0,17,1,1,0,2,0
2025,R,turnt001,R,L,205,189,61,87,8,3,4,0,17,14,1,32,1,2,0,0,0
2025,R,turnt001,R,R,434,400,118,182,23,4,11,0,52,29,0,75,10,3,0,2,0
2025,R,urial001,R,L,68,60,11,14,0,0,1,0,3,6,0,7,2,1,0,0,1
2025,R,urial001,R,R,262,227,55,83,7,0,7,0,22,25,0,38,7,5,0,3,2
2025,R,uriar001,R,L,118,107,28,45,5,0,4,0,16,10,0,31,1,0,0,1,0
2025,R,uriar001,R,R,273,245,57,90,12,0,7,0,28,17,0,57,5,2,0,9,0
2025,R,urshg001,R,L,47,41,9,13,4,0,0,0,2,5,0,12,3,0,0,1,0
2025,R,urshg001,R,R,150,140,34,46,10,1,0,0,18,8,0,28,3,0,2,0,0
2025,R,valde002,L,L,11,10,1,1,0,0,0,0,3,1,0,2,0,0,0,0,0
2025,R,valde002,L,R,91,81,18,32,4,2,2,0,9,10,0,14,2,0,0,0,0
2025,R,valeg001,L,L,5,5,0,0,0,0,0,0,0,0,0,0,1,0,0,0,0
2025,R,valeg001,L,R,43,36,9,17,2,0,2,0,5,7,0,13,0,0,0,0,0
2025,R,vargi001,L,R,69,65,18,25,2,1,1,0,8,1,0,9,3,1,1,1,0
2025,R,vargi001,R,L,52,50,13,19,0,0,2,0,11,1,0,6,0,1,0,0,0
2025,R,vargm001,R,L,154,138,36,58,14,1,2,0,11,14,0,28,1,0,0,2,0
2025,R,vargm001,R,R,415,366,82,144,18,1,14,1,49,42,0,72,8,6,0,1,0
2025,R,varsd001,L,L,56,50,13,19,0,0,2,1,7,4,0,14,0,1,0,1,0
2025,R,varsd001,L,R,215,198,46,117,13,2,18,1,48,13,1,63,1,0,0,4,0
2025,R,vauga001,R,L,132,115,36,54,9,0,3,0,23,14,0,18,4,1,1,1,0
2025,R,vauga001,R,R,315,291,67,113,13,0,11,1,42,17,0,62,8,2,0,5,0
2025,R,vavrt001,L,R,1,1,0,0,0,0,0,0,0,0,0,0,0,0,0,0,0
2025,R,vazqc001,R,L,60,51,6,7,1,0,0,0,0,8,0,12,0,1,0,0,0
2025,R,vazqc001,R,R,154,139,30,45,6,0,3,0,14,10,0,23,3,3,0,2,0
2025,R,vazql001,R,L,26,26,4,7,0,0,1,0,2,0,0,8,0,0,0,0,0
2025,R,vazql001,R,R,27,24,4,5,1,0,0,0,1,3,0,6,0,0,0,0,0
2025,R,veenz001,L,L,10,8,0,0,0,0,0,0,0,2,0,2,0,0,0,0,0
2025,R,veenz001,L,R,27,26,4,8,1,0,1,0,2,0,0,12,0,1,0,0,0
2025,R,verda001,L,L,31,28,4,4,0,0,0,0,1,2,0,6,1,1,0,0,0
2025,R,verda001,L,R,182,169,43,53,10,0,0,0,11,12,0,25,0,1,0,0,0
2025,R,vienm001,R,L,136,128,32,58,9,1,5,0,17,7,0,31,3,0,0,1,0
2025,R,vienm001,R,R,327,296,67,117,12,1,12,1,44,23,0,84,8,5,0,3,0
2025,R,vierm001,R,L,43,38,11,15,1,0,1,0,6,3,0,11,1,1,0,1,0
2025,R,vierm001,R,R,57,50,10,12,2,0,0,0,5,4,0,13,0,2,0,1,0
2025,R,vilar001,R,L,11,9,0,0,0,0,0,0,0,2,0,4,1,0,0,0,0
2025,R,vilar001,R,R,4,4,1,1,0,0,0,0,0,0,0,1,0,0,0,0,0
2025,R,villd001,R,L,19,16,4,5,1,0,0,0,0,2,0,3,1,1,0,0,0
2025,R,villd001,R,R,6,4,0,0,0,0,0,0,1,2,0,2,0,0,0,0,0
2025,R,vivaj001,L,L,6,5,1,2,1,0,0,0,0,1,0,0,0,0,0,0,0
2025,R,vivaj001,L,R,60,51,8,12,1,0,1,0,5,4,0,13,0,3,0,0,2
2025,R,volpa001,R,L,172,154,39,64,11,1,4,0,22,14,0,41,3,1,1,2,0
2025,R,volpa001,R,R,424,385,75,147,21,3,15,0,50,29,0,109,7,3,2,5,0
2025,R,wadel001,L,L,29,24,2,2,0,0,0,0,1,4,0,6,0,0,1,0,0
2025,R,wadel001,L,R,213,185,33,51,8,2,2,0,17,23,1,52,2,3,1,1,0
2025,R,wadet002,L,L,25,21,5,5,0,0,0,0,2,4,0,11,0,0,0,0,0
2025,R,wadet002,L,R,102,86,17,22,1,2,0,0,7,11,0,20,0,1,4,0,0
2025,R,wagae001,R,L,184,173,49,80,14,1,5,0,26,10,0,36,3,0,0,1,0
2025,R,wagae001,R,R,330,303,70,100,14,2,4,0,27,22,0,64,8,1,0,4,0
2025,R,wagnw001,L,L,20,18,3,4,1,0,0,0,0,1,0,4,0,0,1,0,0
2025,R,wagnw001,L,R,129,111,26,32,6,0,0,0,7,16,0,24,3,2,0,0,0
2025,R,walkc002,R,L,133,121,30,48,6,0,4,0,20,8,1,35,1,2,0,2,0
2025,R,walkc002,R,R,507,464,109,198,18,1,23,0,68,32,0,142,9,9,0,2,0
2025,R,walkj003,R,L,107,98,25,34,3,0,2,0,11,8,1,32,2,1,0,0,0
2025,R,walkj003,R,R,289,265,53,77,10,1,4,0,30,21,0,94,7,2,0,1,0
2025,R,wallm001,L,L,97,85,19,40,9,0,4,0,10,11,0,20,1,1,0,0,0
2025,R,wallm001,L,R,295,251,49,116,7,3,18,0,30,35,0,94,2,7,0,2,0
2025,R,wallt003,L,R,216,187,38,60,8,1,4,0,28,22,0,48,0,0,3,4,0
2025,R,wallt003,R,L,100,94,24,30,6,0,0,0,10,4,0,22,1,0,0,2,0
2025,R,wallt003,R,R,1,1,0,0,0,0,0,0,0,0,0,0,0,0,0,0,0
2025,R,waltd002,L,L,2,2,0,0,0,0,0,0,0,0,0,0,0,0,0,0,0
2025,R,waltd002,L,R,7,6,1,1,0,0,0,0,1,0,0,1,0,0,1,0,0
2025,R,wardt002,R,L,116,103,27,59,11,0,7,0,18,13,1,33,2,0,0,0,0
2025,R,wardt002,R,R,547,476,105,216,20,2,29,2,85,62,0,142,11,3,0,6,0
2025,R,wated001,L,R,175,166,44,59,6,3,1,0,13,8,0,47,2,1,0,0,0
2025,R,wated001,R,L,44,40,6,6,0,0,0,0,1,3,0,13,0,1,0,0,0
2025,R,wella002,L,L,137,125,30,56,6,1,6,1,28,8,0,35,6,1,0,3,0
2025,R,wella002,L,R,311,276,58,119,16,0,15,0,43,22,0,83,4,4,0,8,1
2025,R,westj002,R,L,108,101,27,44,2,0,5,0,13,5,0,22,0,1,0,1,0
2025,R,westj002,R,R,244,227,60,106,8,1,12,0,28,12,0,58,5,5,0,0,0
2025,R,white006,R,L,96,90,22,40,3,0,5,0,15,6,1,24,1,0,0,0,0
2025,R,white006,R,R,175,166,38,64,5,3,5,0,20,5,0,46,1,2,1,1,0
2025,R,whits003,R,L,10,10,1,4,0,0,1,0,1,0,0,1,0,0,0,0,0
2025,R,whits003,R,R,22,22,3,3,0,0,0,0,0,0,0,9,0,0,0,0,0
2025,R,wiemj001,R,L,34,28,6,14,2,0,2,0,8,2,1,12,0,2,0,2,0
2025,R,wiemj001,R,R,27,27,7,10,0,0,1,0,4,0,0,11,0,0,0,0,0
2025,R,willb004,R,L,94,85,22,27,5,0,0,0,4,7,0,19,3,1,1,0,0
2025,R,willb004,R,R,201,192,48,59,8,0,1,0,17,8,0,45,2,0,1,0,0
2025,R,willc002,R,L,37,33,6,15,0,0,3,0,4,4,0,15,1,0,0,0,0
2025,R,willc002,R,R,69,66,11,20,3,0,2,0,8,2,0,29,2,0,1,0,0
2025,R,willl001,R,L,9,9,2,3,1,0,0,0,2,0,0,3,1,0,0,0,0
2025,R,willl001,R,R,25,22,2,3,1,0,0,0,3,1,0,6,1,1,0,1,0
2025,R,wilsj006,R,L,117,110,37,54,5,0,4,0,10,5,0,8,4,1,1,0,0
2025,R,wilsj006,R,R,406,376,114,162,21,0,9,0,53,22,1,31,12,6,1,1,0
2025,R,wilsw002,R,L,82,72,14,26,3,0,3,0,8,9,0,24,0,1,0,0,0
2025,R,wilsw002,R,R,43,39,8,15,1,0,2,0,9,3,0,10,1,0,1,0,0
2025,R,wilsw003,R,L,49,41,9,13,4,0,0,0,1,4,0,18,0,1,3,0,0
2025,R,wilsw003,R,R,42,37,6,6,0,0,0,0,1,3,0,16,1,0,2,0,0
2025,R,winkj002,L,L,5,5,1,3,0,1,0,0,2,0,0,2,0,0,0,0,0
2025,R,winkj002,L,R,76,65,15,25,5,1,1,0,8,9,1,19,1,0,0,2,0
2025,R,winkj003,R,L,13,13,3,5,2,0,0,0,0,0,0,4,0,0,0,0,0
2025,R,winkj003,R,R,3,3,1,1,0,0,0,0,0,0,0,0,0,0,0,0,0
2025,R,winnm001,R,L,163,149,38,52,8,0,2,0,13,11,0,31,5,2,0,1,0
2025,R,winnm001,R,R,374,342,86,126,19,0,7,0,38,23,0,71,6,6,2,1,0
2025,R,wiseb001,L,L,9,8,2,3,1,0,0,0,2,1,0,2,0,0,0,0,0
2025,R,wiseb001,L,R,54,46,8,14,3,0,1,0,8,6,0,12,0,0,2,0,0
2025,R,wittb002,R,L,146,131,43,64,12,3,1,0,12,13,5,30,1,1,0,1,0
2025,R,wittb002,R,R,541,492,141,248,35,3,22,0,76,36,3,95,6,7,0,6,0
2025,R,wongc001,R,L,46,39,7,8,1,0,0,0,2,6,0,12,1,0,0,1,0
2025,R,wongc001,R,R,142,129,25,32,7,0,0,0,5,10,0,30,6,1,1,1,0
2025,R,woodj004,L,L,227,209,58,103,9,0,12,0,34,17,1,71,7,0,0,1,0
2025,R,woodj004,L,R,462,389,95,181,29,0,19,0,60,68,7,150,5,3,0,2,0
2025,R,workg001,L,L,1,1,0,0,0,0,0,0,0,0,0,0,0,0,0,0,0
2025,R,workg001,L,R,16,15,3,4,1,0,0,0,2,1,0,7,0,0,0,0,0
2025,R,wynna001,R,L,38,36,9,15,3,0,1,0,4,1,0,14,1,0,0,1,0
2025,R,wynna001,R,R,72,67,21,41,5,0,5,0,17,4,0,18,2,0,1,0,0
2025,R,yastm001,L,L,104,94,13,21,2,0,2,0,9,7,0,22,2,1,1,1,0
2025,R,yastm001,L,R,454,383,98,171,26,1,15,0,37,65,4,86,5,1,1,4,0
2025,R,yelic001,L,L,206,186,45,64,7,0,4,0,32,17,1,57,1,3,0,0,0
2025,R,yelic001,L,R,438,387,106,195,14,0,25,2,71,47,5,110,5,3,0,1,0
2025,R,yorkn001,R,L,25,24,8,10,2,0,0,0,3,1,0,4,0,0,0,0,0
2025,R,yorkn001,R,R,47,45,8,12,1,0,1,0,5,2,0,11,1,0,0,0,0
2025,R,yoshm002,L,L,32,31,7,8,1,0,0,0,3,1,0,4,2,0,0,0,0
2025,R,yoshm002,L,R,173,157,43,65,10,0,4,0,23,9,0,20,1,3,0,4,0
2025,R,younc005,L,L,67,59,13,19,4,1,0,0,5,7,0,14,0,1,0,0,0
2025,R,younc005,L,R,190,164,34,49,3,0,4,0,19,21,1,33,4,1,2,2,0
2025,R,younj003,L,L,2,2,1,1,0,0,0,0,0,0,0,0,0,0,0,0,0
2025,R,younj003,L,R,45,41,7,20,1,0,4,0,6,2,0,16,1,1,0,1,0
2025,R,younj004,R,L,103,89,20,24,4,0,0,0,3,11,0,19,1,1,2,0,0
2025,R,younj004,R,R,261,235,55,69,6,1,2,1,28,16,0,46,6,2,7,1,0
2025,W,barga001,L,L,11,9,5,8,0,0,1,1,4,2,0,1,0,0,0,0,0
2025,W,barga001,L,R,17,16,7,9,2,0,0,0,1,1,0,4,0,0,0,0,0
2025,W,bettm001,R,L,6,5,1,1,0,0,0,0,0,1,1,1,0,0,0,0,0
2025,W,bettm001,R,R,29,24,3,3,0,0,0,0,2,5,0,4,0,0,0,0,0
2025,W,bichb001,R,L,8,7,2,2,0,0,0,0,0,1,0,1,1,0,0,0,0
2025,W,bichb001,R,R,19,16,6,9,0,0,1,0,6,3,0,3,0,0,0,0,0
2025,W,calla002,R,L,3,3,1,1,0,0,0,0,0,0,0,0,0,0,0,0,0
2025,W,calla002,R,R,5,4,0,0,0,0,0,0,0,1,0,2,0,0,0,0,0
2025,W,cleme002,R,L,12,11,4,5,1,0,0,0,1,0,0,1,0,0,0,1,0
2025,W,cleme002,R,R,20,20,8,10,2,0,0,0,1,0,0,2,0,0,0,0,0
2025,W,edmat001,L,R,20,17,2,3,1,0,0,0,2,2,0,2,0,0,0,1,0
2025,W,edmat001,R,L,5,5,1,2,1,0,0,0,0,0,0,2,0,0,0,0,0
2025,W,edmat001,R,R,6,6,1,1,0,0,0,0,0,0,0,2,1,0,0,0,0
2025,W,frant002,R,L,2,2,0,0,0,0,0,0,1,0,0,1,0,0,0,0,0
2025,W,frant002,R,R,2,2,1,1,0,0,0,0,0,0,0,0,0,0,0,0,0
2025,W,freef001,L,L,6,6,2,5,0,0,1,0,2,0,0,0,0,0,0,0,0
2025,W,freef001,L,R,29,23,4,5,1,0,0,0,0,5,1,5,1,1,0,0,0
2025,W,gimea001,L,L,14,11,2,2,0,0,0,0,1,1,0,5,0,2,0,0,0
2025,W,gimea001,L,R,18,16,2,3,1,0,0,0,3,1,1,6,0,0,0,1,0
2025,W,guerv002,R,L,10,7,4,7,0,0,1,0,1,3,1,0,1,0,0,0,0
2025,W,guerv002,R,R,28,23,6,11,2,0,1,0,2,5,1,4,1,0,0,0,0
2025,W,heint001,L,R,3,3,0,0,0,0,0,0,0,0,0,1,0,0,0,0,0
2025,W,herne001,R,R,29,28,5,8,0,0,1,0,3,0,0,15,0,0,0,1,0
2025,W,hernt002,R,L,3,3,1,1,0,0,0,0,0,0,0,0,0,0,0,0,0
2025,W,hernt002,R,R,30,26,6,9,0,0,1,0,2,3,0,10,0,0,0,1,0
2025,W,kinei001,R,L,7,7,1,1,0,0,0,0,1,0,0,1,0,0,0,0,0
2025,W,kinei001,R,R,11,9,0,0,0,0,0,0,0,1,0,2,0,0,1,0,0
2025,W,kirka001,R,L,11,9,4,7,0,0,1,0,2,2,1,2,0,0,0,0,0
2025,W,kirka001,R,R,23,17,4,7,0,0,1,0,4,3,0,4,1,2,0,1,0
2025,W,luken001,L,L,4,4,0,0,0,0,0,0,0,0,0,1,0,0,0,0,0
2025,W,luken001,L,R,22,19,4,5,1,0,0,0,1,2,0,4,0,0,1,0,0
2025,W,muncm001,L,L,4,3,0,0,0,0,0,0,0,1,0,1,0,0,0,0,0
2025,W,muncm001,L,R,28,25,6,13,1,0,2,0,2,3,0,10,0,0,0,0,0
2025,W,ohtas001,L,L,7,3,2,4,2,0,0,0,1,4,2,1,0,0,0,0,0
2025,W,ohtas001,L,R,29,24,7,17,1,0,3,0,4,5,3,5,0,0,0,0,0
2025,W,pagea001,R,L,1,1,0,0,0,0,0,0,0,0,0,0,0,0,0,0,0
2025,W,pagea001,R,R,15,15,1,1,0,0,0,0,0,0,0,2,0,0,0,0,0
2025,W,rojam002,R,L,3,2,0,0,0,0,0,0,0,0,0,0,0,0,1,0,0
2025,W,rojam002,R,R,8,8,2,5,0,0,1,0,1,0,0,2,0,0,0,0,0
2025,W,schnd001,R,L,8,7,1,4,0,0,1,0,1,1,0,4,1,0,0,0,0
2025,W,schnd001,R,R,3,3,1,1,0,0,0,0,0,0,0,1,0,0,0,0,0
2025,W,smitw003,R,L,3,2,0,0,0,0,0,0,0,1,1,1,0,0,0,0,0
2025,W,smitw003,R,R,31,28,8,16,2,0,2,0,6,2,0,7,1,1,0,0,0
2025,W,sprig001,R,L,5,5,3,3,0,0,0,0,0,0,0,1,0,0,0,0,0
2025,W,sprig001,R,R,17,16,5,6,1,0,0,0,1,0,0,5,0,1,0,0,0
2025,W,stram002,R,L,4,4,0,0,0,0,0,0,0,0,0,2,0,0,0,0,0
2025,W,stram002,R,R,5,5,0,0,0,0,0,0,0,0,0,1,0,0,0,0,0
2025,W,varsd001,L,L,12,11,2,7,0,1,1,0,2,0,0,2,0,1,0,0,0
2025,W,varsd001,L,R,23,20,3,3,0,0,0,0,0,2,0,5,1,1,0,0,0
