YEAR,PHASE,RESP_BAT_ID,BAT_FLD_CD,B_PA,B_AB,B_H,B_TB,B_2B,B_3B,B_HR,B_HR4,B_RBI,B_BB,B_IBB,B_SO,B_GDP,B_HP,B_SH,B_SF,B_XI
2025,D,arozr001,7,26,23,4,5,1,0,0,0,1,1,0,8,1,2,0,0,0
2025,D,badeh001,8,2,0,0,0,0,0,0,0,1,0,0,0,0,1,0,1,0
2025,D,badeh001,11,2,2,1,1,0,0,0,0,0,0,0,1,0,0,0,0,0
2025,D,baezj001,6,22,21,5,9,1,0,1,0,4,1,0,2,0,0,0,0,0
2025,D,ballm001,11,2,2,0,0,0,0,0,0,0,0,0,0,0,0,0,0,0
2025,D,barga001,5,11,11,4,5,1,0,0,0,0,0,0,3,0,0,0,0,0
2025,D,barga001,11,1,1,0,0,0,0,0,0,0,0,0,1,0,0,0,0,0
2025,D,bauej001,3,4,4,2,5,0,0,1,0,2,0,0,1,0,0,0,0,0
2025,D,bauej001,11,1,0,0,0,0,0,0,0,0,1,0,0,0,0,0,0,0
2025,D,bellc002,7,19,16,3,7,1,0,1,0,4,2,1,4,0,0,0,1,0
2025,D,bettm001,6,18,17,4,6,0,1,0,0,1,1,0,1,0,0,0,0,0
2025,D,bohma001,5,18,12,4,4,0,0,0,0,0,6,2,1,0,0,0,0,0
2025,D,buscm003,3,18,16,4,13,0,0,3,0,3,2,0,4,0,0,0,0,0
2025,D,buscm003,11,1,1,0,0,0,0,0,0,0,0,0,0,0,0,0,0,0
2025,D,cabaj001,5,2,1,1,1,0,0,0,0,0,0,0,0,0,1,0,0,0
2025,D,calla002,7,5,2,2,2,0,0,0,0,0,2,0,0,0,1,0,0,0
2025,D,canzd001,10,7,6,1,1,0,0,0,0,1,1,0,2,0,0,0,0,0
2025,D,carpk001,9,25,22,5,11,0,0,2,0,5,3,1,8,0,0,0,0,0
2025,D,castn001,9,14,14,2,4,2,0,0,0,3,0,0,3,0,0,0,0,0
2025,D,castn001,11,1,1,0,0,0,0,0,0,0,0,0,0,1,0,0,0,0
2025,D,chisj001,4,16,14,2,5,0,0,1,0,1,2,0,2,1,0,0,0,0
2025,D,chouj001,7,19,18,7,12,2,0,1,0,6,1,0,4,1,0,0,0,0
2025,D,cleme002,4,9,8,4,5,1,0,0,0,0,0,0,0,0,1,0,0,0
2025,D,cleme002,5,7,6,5,8,0,0,1,0,5,0,0,0,0,0,0,1,0
2025,D,colli001,7,2,2,0,0,0,0,0,0,0,0,0,1,0,0,0,0,0
2025,D,colli001,11,1,1,0,0,0,0,0,0,0,0,0,1,0,0,0,0,0
2025,D,contw002,2,21,20,6,13,1,0,2,0,3,1,0,3,2,0,0,0,0
2025,D,crawj002,6,21,19,5,8,0,0,1,0,2,1,0,5,0,0,0,1,0
2025,D,crowp001,8,19,17,2,2,0,0,0,0,2,1,0,6,0,0,1,0,0
2025,D,dingd001,2,23,20,4,6,2,0,0,0,1,2,0,5,0,1,0,0,0
2025,D,domij003,11,1,1,1,2,1,0,0,0,0,0,0,0,0,0,0,0,0
2025,D,durbc002,5,19,16,4,4,0,0,0,0,2,2,0,3,1,1,0,0,0
2025,D,edmat001,4,17,17,4,7,0,0,1,0,2,0,0,3,0,0,0,0,0
2025,D,freef001,3,17,15,3,4,1,0,0,0,0,1,0,5,0,1,0,0,0
2025,D,frels001,9,20,17,4,5,1,0,0,0,1,2,0,2,0,0,0,1,0
2025,D,garvm001,10,7,5,1,1,0,0,0,0,1,1,0,2,0,0,0,1,0
2025,D,garvm001,11,2,1,0,0,0,0,0,0,0,1,0,0,0,0,0,0,0
2025,D,gimea001,6,16,15,4,5,1,0,0,0,2,0,0,1,0,1,0,0,0
2025,D,goldp001,3,5,3,0,0,0,0,0,0,0,1,0,0,0,1,0,0,0
2025,D,goldp001,11,1,1,1,1,0,0,0,0,0,0,0,0,0,0,0,0,0
2025,D,greer003,7,23,22,3,6,0,0,1,0,1,1,1,6,0,0,0,0,0
2025,D,grist001,8,19,17,2,3,1,0,0,0,0,2,0,5,0,0,0,0,0
2025,D,guerv002,3,20,17,9,18,0,0,3,1,9,2,1,1,0,0,0,1,0
2025,D,happi001,7,21,19,2,8,0,0,2,0,4,2,0,7,0,0,0,0,0
2025,D,harpb003,3,18,15,3,4,1,0,0,0,0,3,0,3,0,0,0,0,0
2025,D,herne001,5,7,7,2,3,1,0,0,0,2,0,0,1,0,0,0,0,0
2025,D,herne001,7,10,7,1,1,0,0,0,0,1,3,0,2,0,0,0,0,0
2025,D,hernt002,9,17,16,4,7,0,0,1,0,3,1,0,7,0,0,0,0,0
2025,D,hoern001,4,21,20,9,12,0,0,1,0,1,0,0,2,0,1,0,0,0
2025,D,ibana001,11,1,1,1,1,0,0,0,0,1,0,0,0,0,0,0,0,0
2025,D,jonej007,10,1,0,0,0,0,0,0,0,0,1,0,0,0,0,0,0,0
2025,D,jonej007,11,3,1,1,2,1,0,0,0,1,2,0,0,0,0,0,0,0
2025,D,judga001,9,19,15,9,14,2,0,1,0,6,4,2,3,0,0,0,0,0
2025,D,keitc001,10,17,15,1,1,0,0,0,0,0,1,0,5,1,1,0,0,0
2025,D,kellc002,2,20,20,2,2,0,0,0,0,0,0,0,8,0,0,0,0,0
2025,D,kempo001,7,2,2,0,0,0,0,0,0,0,0,0,2,0,0,0,0,0
2025,D,keplm001,7,10,7,0,0,0,0,0,0,0,3,0,1,0,0,0,0,0
2025,D,keplm001,8,1,1,1,2,1,0,0,0,0,0,0,0,0,0,0,0,0
2025,D,keplm001,9,3,3,0,0,0,0,0,0,0,0,0,1,0,0,0,0,0
2025,D,keplm001,11,1,1,1,3,0,1,0,0,0,0,0,0,0,0,0,0,0
2025,D,kinei001,4,6,6,0,0,0,0,0,0,0,0,0,1,0,0,0,0,0
2025,D,kirka001,2,18,18,4,11,1,0,2,0,3,0,0,1,1,0,0,0,0
2025,D,lockb001,8,2,2,0,0,0,0,0,0,0,0,0,1,0,0,0,0,0
2025,D,luken001,7,5,5,1,1,0,0,0,0,2,0,0,1,0,0,0,0,0
2025,D,luken001,9,7,7,3,5,2,0,0,0,3,0,0,0,0,0,0,0,0
2025,D,marsb002,7,3,3,1,1,0,0,0,0,0,0,0,2,0,0,0,0,0
2025,D,marsb002,8,12,10,0,0,0,0,0,0,1,1,0,3,0,0,0,1,0
2025,D,mckiz001,5,22,21,5,5,0,0,0,0,2,1,0,6,0,0,0,0,0
2025,D,mcmar001,5,10,10,3,6,0,0,1,0,1,0,0,0,0,0,0,0,0
2025,D,meadp001,8,19,17,1,1,0,0,0,0,0,0,0,7,0,0,2,0,0
2025,D,muncm001,5,7,7,4,5,1,0,0,0,0,0,0,1,1,0,0,0,0
2025,D,muncm001,11,3,2,0,0,0,0,0,0,0,1,0,0,0,0,0,0,0
2025,D,naylj001,3,24,23,6,8,2,0,0,0,0,1,0,1,1,0,0,0,0
2025,D,ohtas001,10,20,18,1,1,0,0,0,0,1,2,1,9,0,0,0,0,0
2025,D,ortij005,6,16,13,2,2,0,0,0,0,0,2,0,3,0,0,1,0,0
2025,D,pagea001,7,1,1,0,0,0,0,0,0,0,0,0,0,0,0,0,0,0
2025,D,pagea001,8,13,13,1,1,0,0,0,0,0,0,0,4,0,0,0,0,0
2025,D,pagea001,9,1,1,0,0,0,0,0,0,0,0,0,0,0,0,0,0,0
2025,D,perew002,8,2,2,1,2,1,0,0,0,0,0,0,0,0,0,0,0,0
2025,D,perew002,10,4,4,0,0,0,0,0,0,0,0,0,3,0,0,0,0,0
2025,D,perew002,11,2,2,0,0,0,0,0,0,0,0,0,1,0,0,0,0,0
2025,D,perkb002,8,15,13,3,4,1,0,0,0,1,2,0,5,0,0,0,0,0
2025,D,perkb002,11,1,1,0,0,0,0,0,0,0,0,0,0,0,0,0,0,0
2025,D,polaj001,4,24,22,4,10,0,0,2,0,3,2,0,8,0,0,0,0,0
2025,D,ralec001,2,25,21,8,12,1,0,1,0,4,4,1,7,0,0,0,0,0
2025,D,ralel001,9,1,1,0,0,0,0,0,0,0,0,0,0,0,0,0,0,0
2025,D,ralel001,10,3,2,0,0,0,0,0,0,0,0,0,1,0,1,0,0,0
2025,D,ralel001,11,3,2,0,0,0,0,0,0,0,0,0,2,0,1,0,0,0
2025,D,realj001,2,17,17,6,13,2,1,1,0,3,0,0,3,0,0,0,0,0
2025,D,riceb001,2,1,0,0,0,0,0,0,0,0,1,0,0,0,0,0,0,0
2025,D,riceb001,3,12,11,2,3,1,0,0,0,2,0,0,5,0,0,0,1,0
2025,D,riceb001,11,1,0,0,0,0,0,0,0,0,1,0,0,0,0,0,0,0
2025,D,rival002,10,4,3,1,1,0,0,0,0,1,1,0,2,0,0,0,0,0
2025,D,rival002,11,1,1,1,1,0,0,0,0,1,0,0,0,0,0,0,0,0
2025,D,roblv001,9,19,14,2,4,2,0,0,0,0,4,0,3,1,1,0,0,0
2025,D,rodrj007,8,25,23,4,8,1,0,1,0,3,2,1,9,0,0,0,0,0
2025,D,rogej004,10,1,1,1,1,0,0,0,0,0,0,0,0,0,0,0,0,0
2025,D,rogej004,11,1,1,1,1,0,0,0,0,0,0,0,0,0,0,0,0,0
2025,D,rojam002,5,2,2,0,0,0,0,0,0,0,0,0,0,0,0,0,0,0
2025,D,rojam002,11,1,1,0,0,0,0,0,0,0,0,0,0,0,0,0,0,0
2025,D,rortb001,2,2,1,0,0,0,0,0,0,0,0,0,1,0,1,0,0,0
2025,D,rosaa003,5,2,2,1,2,1,0,0,0,0,0,0,0,0,0,0,0,0
2025,D,rosaa003,11,2,2,1,1,0,0,0,0,0,0,0,0,0,0,0,0,0
2025,D,rushd001,11,1,1,0,0,0,0,0,0,0,0,0,1,0,0,0,0,0
2025,D,santa003,7,3,3,1,1,0,0,0,0,0,0,0,1,0,0,0,0,0
2025,D,santa003,9,7,7,1,1,0,0,0,0,2,0,0,2,0,0,0,0,0
2025,D,schnd001,7,8,6,2,3,1,0,0,0,0,2,0,3,0,0,0,0,0
2025,D,schwk001,10,18,16,3,10,1,0,2,0,3,2,0,8,0,0,0,0,0
2025,D,shawm002,5,15,10,2,2,0,0,0,0,1,5,0,2,0,0,0,0,0
2025,D,smitw003,2,13,11,2,2,0,0,0,0,2,1,0,5,1,1,0,0,0
2025,D,smitw003,11,2,2,0,0,0,0,0,0,0,0,0,1,0,0,0,0,0
2025,D,sosae001,4,2,2,1,1,0,0,0,0,0,0,0,1,0,0,0,0,0
2025,D,sosae001,11,1,1,0,0,0,0,0,0,0,0,0,0,0,0,0,0,0
2025,D,sprig001,10,20,17,3,8,2,0,1,0,2,2,0,5,0,0,0,1,0
2025,D,stanm004,10,18,15,4,5,1,0,0,0,4,2,0,4,0,0,0,1,0
2025,D,stotb001,4,13,12,2,2,0,0,0,0,0,0,0,4,0,0,1,0,0
2025,D,stotb001,11,1,1,0,0,0,0,0,0,0,0,0,0,0,0,0,0,0
2025,D,stram002,7,3,3,2,2,0,0,0,0,1,0,0,0,0,0,0,0,0
2025,D,stram002,9,3,2,0,0,0,0,0,0,0,1,0,1,0,0,0,0,0
2025,D,suare001,5,22,21,2,5,0,0,1,0,1,1,0,9,2,0,0,0,0
2025,D,suzus001,9,21,20,4,11,1,0,2,0,4,1,0,5,0,0,0,0,0
2025,D,swand001,6,19,17,2,3,1,0,0,0,0,2,0,9,0,0,0,0,0
2025,D,torks001,3,23,21,4,7,3,0,0,0,4,2,0,6,0,0,0,0,0
2025,D,torrg001,4,24,21,6,11,2,0,1,0,1,3,1,7,0,0,0,0,0
2025,D,tuckk001,10,21,16,4,7,0,0,1,0,1,5,0,3,0,0,0,0,0
2025,D,turab002,4,21,20,3,7,1,0,1,0,2,1,0,8,0,0,0,0,0
2025,D,turnj001,3,2,2,1,1,0,0,0,0,0,0,0,0,0,0,0,0,0
2025,D,turnt001,6,19,17,4,4,0,0,0,0,3,2,0,5,0,0,0,0,0
2025,D,varsd001,8,17,16,7,16,3,0,2,0,4,1,0,3,1,0,0,0,0
2025,D,vauga001,3,16,13,4,10,0,0,2,0,4,3,0,0,1,0,0,0,0
2025,D,vauga001,11,1,1,0,0,0,0,0,0,0,0,0,0,0,0,0,0,0
2025,D,volpa001,6,15,15,1,2,1,0,0,0,0,0,0,11,0,0,0,0,0
2025,D,wella002,2,13,13,3,3,0,0,0,0,1,0,0,3,0,0,0,0,0
2025,D,yelic001,10,22,19,5,6,1,0,0,0,0,3,0,2,0,0,0,0,0
2025,F,abrew002,9,3,3,0,0,0,0,0,0,0,0,0,2,0,0,0,0,0
2025,F,abrew002,11,2,2,0,0,0,0,0,0,0,0,0,1,0,0,0,0,0
2025,F,andum001,10,5,4,0,0,0,0,0,0,0,1,0,1,0,0,0,0,0
2025,F,ariag002,6,10,10,2,2,0,0,0,0,1,0,0,3,1,0,0,0,0
2025,F,arral001,3,12,11,2,2,0,0,0,0,0,0,0,1,0,0,1,0,0
2025,F,baezj001,6,11,11,5,6,1,0,0,0,1,0,0,1,0,0,0,0,0
2025,F,ballm001,11,1,1,0,0,0,0,0,0,0,0,0,1,0,0,0,0,0
2025,F,bellc002,7,12,12,3,4,1,0,0,0,0,0,0,1,0,0,0,0,0
2025,F,bensw001,11,2,1,0,0,0,0,0,0,0,1,0,1,0,0,0,0,0
2025,F,bettm001,6,10,9,6,9,3,0,0,0,3,1,0,1,0,0,0,0,0
2025,F,bogax001,6,12,12,4,5,1,0,0,0,1,0,0,3,0,0,0,0,0
2025,F,brega001,5,13,10,3,4,1,0,0,0,1,3,0,2,1,0,0,0,0
2025,F,buscm003,3,12,10,4,7,0,0,1,0,1,1,1,0,1,1,0,0,0
2025,F,cabaj001,5,3,3,0,0,0,0,0,0,0,0,0,1,0,0,0,0,0
2025,F,calla002,11,1,1,1,1,0,0,0,0,0,0,0,0,0,0,0,0,0
2025,F,carpk001,10,14,10,4,5,1,0,0,0,1,4,1,3,0,0,0,0,0
2025,F,chisj001,4,9,8,2,2,0,0,0,0,0,1,0,3,0,0,0,0,0
2025,F,cronj001,4,11,11,0,0,0,0,0,0,0,0,0,3,0,0,0,0,0
2025,F,crowp001,8,10,10,3,3,0,0,0,0,1,0,0,6,0,0,0,0,0
2025,F,delac001,8,6,5,1,1,0,0,0,0,0,1,0,1,1,0,0,0,0
2025,F,delac001,9,1,1,0,0,0,0,0,0,0,0,0,0,0,0,0,0,0
2025,F,delae003,6,8,6,0,0,0,0,0,0,2,2,0,4,0,0,0,0,0
2025,F,dingd001,2,13,10,1,4,0,0,1,0,1,3,0,5,0,0,0,0,0
2025,F,duraj001,7,12,11,1,1,0,0,0,0,0,0,0,4,0,1,0,0,0
2025,F,eaton001,9,6,5,2,3,1,0,0,0,0,1,0,1,1,0,0,0,0
2025,F,edmat001,4,3,3,1,4,0,0,1,0,1,0,0,2,0,0,0,0,0
2025,F,fermf002,2,11,11,4,6,2,0,0,0,0,0,0,1,0,0,0,0,0
2025,F,freef001,3,10,8,2,3,1,0,0,0,0,2,1,1,0,0,0,0,0
2025,F,friet001,8,10,8,1,1,0,0,0,0,0,2,0,3,0,0,0,0,0
2025,F,goldp001,3,4,4,2,2,0,0,0,0,0,0,0,1,0,0,0,0,0
2025,F,goldp001,11,1,1,1,1,0,0,0,0,0,0,0,0,0,0,0,0,0
2025,F,gonzr003,3,6,6,0,0,0,0,0,0,0,0,0,1,0,0,0,0,0
2025,F,gonzr003,4,3,3,1,1,0,0,0,0,0,0,0,2,0,0,0,0,0
2025,F,greer003,7,12,11,4,6,2,0,0,0,1,1,0,3,0,0,0,0,0
2025,F,grist001,8,13,12,2,3,1,0,0,0,0,1,0,5,0,0,0,0,0
2025,F,happi001,7,12,11,1,2,1,0,0,0,0,0,0,6,1,0,1,0,0
2025,F,hayek001,5,6,6,0,0,0,0,0,0,0,0,0,0,0,0,0,0,0
2025,F,haysa001,7,5,4,1,1,0,0,0,0,0,1,0,1,0,0,0,0,0
2025,F,haysa001,9,3,3,0,0,0,0,0,0,0,0,0,0,0,0,0,0,0
2025,F,hedga001,2,3,1,0,0,0,0,0,0,0,2,0,1,0,0,0,0,0
2025,F,herne001,7,8,8,4,5,1,0,0,0,1,0,0,1,0,0,0,0,0
2025,F,hernt002,9,10,10,4,11,1,0,2,0,6,0,0,0,0,0,0,0,0
2025,F,hoern001,4,12,11,4,5,1,0,0,0,1,0,0,0,1,0,0,1,0
2025,F,iglej001,11,2,2,0,0,0,0,0,0,0,0,0,0,0,0,0,0,0
2025,F,johnb005,7,3,2,0,0,0,0,0,0,0,0,0,1,0,1,0,0,0
2025,F,jonej007,11,1,1,0,0,0,0,0,0,0,0,0,1,0,0,0,0,0
2025,F,judga001,9,12,11,4,4,0,0,0,0,1,0,0,2,0,1,0,0,0
2025,F,kayfc001,3,6,5,1,1,0,0,0,0,0,1,0,0,0,0,0,0,0
2025,F,kayfc001,11,1,1,0,0,0,0,0,0,0,0,0,0,0,0,0,0,0
2025,F,kellc002,2,10,8,3,6,0,0,1,0,1,1,1,4,0,1,0,0,0
2025,F,kwans001,7,12,12,2,4,2,0,0,0,0,0,0,0,0,0,0,0,0
2025,F,lowen001,3,5,5,1,1,0,0,0,0,0,0,0,1,0,0,0,0,0
2025,F,lowen001,11,2,2,0,0,0,0,0,0,0,0,0,0,1,0,0,0,0
2025,F,lux-g001,10,5,5,2,2,0,0,0,0,0,0,0,1,0,0,0,0,0
2025,F,lux-g001,11,1,1,1,1,0,0,0,0,0,0,0,0,0,0,0,0,0
2025,F,machm001,5,12,10,1,4,0,0,1,0,2,2,0,3,0,0,0,0,0
2025,F,mallj001,11,1,1,0,0,0,0,0,0,0,0,0,1,0,0,0,0,0
2025,F,manzk001,10,12,11,1,1,0,0,0,0,0,1,0,3,1,0,0,0,0
2025,F,marta008,8,3,3,1,1,0,0,0,0,0,0,0,2,0,0,0,0,0
2025,F,martn004,9,4,3,0,0,0,0,0,0,0,1,0,2,0,0,0,0,0
2025,F,mckiz001,5,11,8,0,0,0,0,0,0,1,2,0,4,0,0,1,0,0
2025,F,mckiz001,7,1,0,0,0,0,0,0,0,0,1,0,0,0,0,0,0,0
2025,F,mclam001,4,8,7,2,3,1,0,0,0,0,1,0,5,0,0,0,0,0
2025,F,mcmar001,5,5,4,1,1,0,0,0,0,0,1,0,2,0,0,0,0,0
2025,F,meadp001,8,13,12,3,3,0,0,0,0,0,1,0,3,0,0,0,0,0
2025,F,merrj002,8,12,9,3,8,2,0,1,0,2,1,0,2,1,0,1,1,0
2025,F,muncm001,5,10,7,1,1,0,0,0,0,0,2,1,3,0,1,0,0,0
2025,F,narvc002,2,11,8,0,0,0,0,0,0,0,3,0,4,1,0,0,0,0
2025,F,naylb001,2,7,7,1,4,0,0,1,0,3,0,0,1,0,0,0,0,0
2025,F,naylb001,11,1,1,0,0,0,0,0,0,0,0,0,0,0,0,0,0,0
2025,F,noelj001,3,3,3,0,0,0,0,0,0,0,0,0,3,0,0,0,0,0
2025,F,ohear001,10,11,9,2,2,0,0,0,0,0,1,0,1,0,1,0,0,0
2025,F,ohtas001,10,10,9,3,9,0,0,2,0,4,1,1,3,0,0,0,0,0
2025,F,pagea001,8,9,8,0,0,0,0,0,0,0,0,0,1,0,1,0,0,0
2025,F,pagea001,9,1,1,0,0,0,0,0,0,0,0,0,1,0,0,0,0,0
2025,F,perew002,9,14,13,1,1,0,0,0,0,2,0,0,4,1,0,1,0,0
2025,F,rafac001,8,12,10,0,0,0,0,0,0,0,2,0,4,0,0,0,0,0
2025,F,ramij003,5,12,8,2,2,0,0,0,0,1,4,1,2,0,0,0,0,0
2025,F,refsr001,10,6,5,0,0,0,0,0,0,0,1,0,2,0,0,0,0,0
2025,F,riceb001,3,7,7,2,5,0,0,1,0,2,0,0,3,0,0,0,0,0
2025,F,roccb001,4,9,9,2,5,0,0,1,0,1,0,0,3,0,0,0,0,0
2025,F,rodrj009,9,3,3,0,0,0,0,0,0,0,0,0,2,0,0,0,0,0
2025,F,rojam002,4,6,5,3,3,0,0,0,0,1,0,0,0,0,1,0,0,0
2025,F,rortb001,2,8,6,3,4,1,0,0,0,1,0,0,2,0,0,2,0,0
2025,F,rosaa003,4,3,3,0,0,0,0,0,0,0,0,0,0,0,0,0,0,0
2025,F,rosaa003,5,3,3,1,1,0,0,0,0,1,0,0,1,0,0,0,0,0
2025,F,schnd002,8,1,1,1,2,1,0,0,0,1,0,0,0,0,0,0,0,0
2025,F,schnd002,11,2,2,0,0,0,0,0,0,0,0,0,1,0,0,0,0,0
2025,F,shawm002,5,8,7,0,0,0,0,0,0,0,0,0,5,0,0,1,0,0
2025,F,sheeg001,7,6,6,1,1,0,0,0,0,0,0,0,1,0,0,0,0,0
2025,F,sogan001,4,7,6,2,3,1,0,0,0,0,0,0,1,0,0,1,0,0
2025,F,stanm004,10,12,11,1,2,1,0,0,0,0,1,0,2,1,0,0,0,0
2025,F,stees001,3,4,4,1,1,0,0,0,0,0,0,0,1,0,0,0,0,0
2025,F,stees001,7,5,4,2,2,0,0,0,0,1,0,0,1,0,1,0,0,0
2025,F,stept001,2,8,7,1,2,1,0,0,0,2,0,0,4,0,0,0,1,0
2025,F,stews004,3,4,3,1,1,0,0,0,0,3,1,0,1,0,0,0,0,0
2025,F,stews004,5,1,1,1,1,0,0,0,0,1,0,0,0,0,0,0,0,0
2025,F,stort001,6,13,13,5,8,0,0,1,0,3,0,0,4,0,0,0,0,0
2025,F,suzus001,9,11,11,3,8,2,0,1,0,1,0,0,5,1,0,0,0,0
2025,F,swand001,6,10,9,2,2,0,0,0,0,1,1,0,6,0,0,0,0,0
2025,F,tatif002,9,13,12,1,1,0,0,0,0,0,1,0,4,0,0,0,0,0
2025,F,torks001,3,14,11,2,2,0,0,0,0,2,1,0,5,0,2,0,0,0
2025,F,torrg001,4,14,13,2,2,0,0,0,0,0,0,0,3,1,1,0,0,0
2025,F,tuckk001,10,11,11,3,3,0,0,0,0,0,0,0,2,0,0,0,0,0
2025,F,valeg001,9,6,6,2,6,1,0,1,0,1,0,0,1,0,0,0,0,0
2025,F,valeg001,11,1,1,0,0,0,0,0,0,0,0,0,1,0,0,0,0,0
2025,F,volpa001,6,11,11,4,7,0,0,1,0,2,0,0,5,1,0,0,0,0
2025,F,wella002,2,10,9,2,2,0,0,0,0,2,1,0,3,0,0,0,0,0
2025,F,yoshm002,10,7,7,4,4,0,0,0,0,2,0,0,1,0,0,0,0,0
2025,F,yoshm002,11,2,2,2,2,0,0,0,0,2,0,0,0,0,0,0,0,0
2025,L,arozr001,7,30,25,5,8,0,0,1,0,1,3,0,11,0,2,0,0,0
2025,L,barga001,5,13,11,1,4,0,0,1,0,1,2,0,1,0,0,0,0,0
2025,L,barga001,9,15,12,5,9,1,0,1,0,3,3,0,2,0,0,0,0,0
2025,L,bauej001,3,2,2,0,0,0,0,0,0,0,0,0,1,0,0,0,0,0
2025,L,bauej001,7,6,6,1,1,0,0,0,0,1,0,0,1,0,0,0,0,0
2025,L,bauej001,11,1,1,1,2,1,0,0,0,0,0,0,0,0,0,0,0,0
2025,L,bettm001,6,18,15,2,3,1,0,0,0,2,2,0,2,2,1,0,0,0
2025,L,calla002,11,1,1,0,0,0,0,0,0,0,0,0,0,0,0,0,0,0
2025,L,canzd001,9,12,12,2,2,0,0,0,0,0,0,0,3,0,0,0,0,0
2025,L,canzd001,10,9,9,0,0,0,0,0,0,0,0,0,4,1,0,0,0,0
2025,L,canzd001,11,1,1,0,0,0,0,0,0,0,0,0,1,0,0,0,0,0
2025,L,chouj001,7,3,3,1,2,1,0,0,0,0,0,0,1,0,0,0,0,0
2025,L,chouj001,9,12,11,2,5,0,0,1,0,2,0,0,3,0,0,0,1,0
2025,L,chouj001,11,1,1,0,0,0,0,0,0,0,0,0,1,0,0,0,0,0
2025,L,cleme002,4,12,12,3,4,1,0,0,0,1,0,0,1,0,0,0,0,0
2025,L,cleme002,5,17,16,6,9,1,1,0,0,1,1,0,1,1,0,0,0,0
2025,L,colli001,7,4,3,0,0,0,0,0,0,0,1,0,3,0,0,0,0,0
2025,L,colli001,11,3,3,0,0,0,0,0,0,0,0,0,2,0,0,0,0,0
2025,L,contw002,2,16,14,2,2,0,0,0,0,0,2,0,4,0,0,0,0,0
2025,L,crawj002,6,26,21,3,4,1,0,0,0,2,3,0,2,1,0,1,1,0
2025,L,durbc002,5,14,13,4,8,2,1,0,0,0,1,0,5,0,0,0,0,0
2025,L,edmat001,4,16,15,5,6,1,0,0,0,3,1,0,7,0,0,0,0,0
2025,L,fordh001,11,1,1,1,1,0,0,0,0,0,0,0,0,0,0,0,0,0
2025,L,freef001,3,18,16,4,9,2,0,1,0,1,2,0,5,0,0,0,0,0
2025,L,frels001,8,11,11,1,1,0,0,0,0,0,0,0,3,1,0,0,0,0
2025,L,frels001,9,3,3,0,0,0,0,0,0,0,0,0,0,0,0,0,0,0
2025,L,garvm001,10,2,2,1,3,0,1,0,0,0,0,0,0,0,0,0,0,0
2025,L,garvm001,11,2,2,1,3,0,1,0,0,0,0,0,0,0,0,0,0,0
2025,L,gimea001,6,27,23,6,12,0,0,2,0,6,2,0,4,0,0,2,0,0
2025,L,guerv002,3,31,26,10,22,3,0,3,0,3,4,3,2,0,1,0,0,0
2025,L,herne001,7,15,14,4,6,2,0,0,0,0,1,0,5,0,0,0,0,0
2025,L,hernt002,9,16,15,3,6,0,0,1,0,2,1,0,4,1,0,0,0,0
2025,L,kinei001,4,16,15,5,7,2,0,0,0,1,0,0,0,0,0,1,0,0
2025,L,kirka001,2,31,27,6,10,1,0,1,0,4,4,0,6,0,0,0,0,0
2025,L,lopej008,10,1,1,0,0,0,0,0,0,0,0,0,0,0,0,0,0,0
2025,L,luken001,7,20,18,5,6,1,0,0,0,0,2,0,3,1,0,0,0,0
2025,L,luken001,9,10,9,4,4,0,0,0,0,2,1,0,1,0,0,0,0,0
2025,L,mastm001,11,1,1,0,0,0,0,0,0,0,0,0,1,0,0,0,0,0
2025,L,monaa001,6,1,0,0,0,0,0,0,0,0,1,0,0,0,0,0,0,0
2025,L,muncm001,5,16,12,1,4,0,0,1,0,1,4,0,2,1,0,0,0,0
2025,L,naylj001,3,27,24,10,19,0,0,3,0,5,3,0,5,0,0,0,0,0
2025,L,ohtas001,10,18,14,5,16,0,1,3,0,4,4,2,5,0,0,0,0,0
2025,L,ortij005,6,7,6,0,0,0,0,0,0,0,1,0,1,0,0,0,0,0
2025,L,pagea001,8,13,11,2,3,1,0,0,0,1,0,0,3,0,1,1,0,0
2025,L,pagea001,9,1,0,0,0,0,0,0,0,0,0,0,0,0,0,1,0,0
2025,L,perkb002,8,2,1,0,0,0,0,0,0,0,1,0,1,0,0,0,0,0
2025,L,polaj001,4,12,12,5,9,1,0,1,0,5,0,0,1,0,0,0,0,0
2025,L,polaj001,10,16,14,1,1,0,0,0,0,0,2,0,3,1,0,0,0,0
2025,L,ralec001,2,29,25,6,19,1,0,4,0,4,4,2,10,1,0,0,0,0
2025,L,rival002,4,15,13,1,1,0,0,0,0,0,2,0,7,0,0,0,0,0
2025,L,rival002,10,2,1,0,0,0,0,0,0,0,1,0,0,0,0,0,0,0
2025,L,roblv001,9,16,13,1,1,0,0,0,0,0,3,0,4,0,0,0,0,0
2025,L,rodrj007,8,30,25,6,16,1,0,3,0,6,5,0,10,2,0,0,0,0
2025,L,santa003,7,3,3,1,1,0,0,0,0,0,0,0,1,0,0,0,0,0
2025,L,santa003,9,3,2,0,0,0,0,0,0,0,1,0,1,0,0,0,0,0
2025,L,schnd001,7,4,3,0,0,0,0,0,0,0,1,0,1,0,0,0,0,0
2025,L,schnd001,11,1,1,0,0,0,0,0,0,0,0,0,0,0,0,0,0,0
2025,L,smitw003,2,17,15,6,6,0,0,0,0,0,2,1,4,0,0,0,0,0
2025,L,sprig001,10,33,29,8,20,3,0,3,0,7,3,0,6,1,1,0,0,0
2025,L,stram002,7,2,2,0,0,0,0,0,0,0,0,0,1,0,0,0,0,0
2025,L,stram002,9,1,1,0,0,0,0,0,0,0,0,0,0,0,0,0,0,0
2025,L,stram002,11,1,1,0,0,0,0,0,0,0,0,0,0,0,0,0,0,0
2025,L,suare001,5,29,26,8,15,1,0,2,1,7,3,0,9,0,0,0,0,0
2025,L,turab002,4,16,15,1,1,0,0,0,0,1,1,0,6,0,0,0,0,0
2025,L,varsd001,8,29,28,5,6,1,0,0,0,4,1,0,9,0,0,0,0,0
2025,L,vauga001,3,12,11,0,0,0,0,0,0,0,1,0,2,0,0,0,0,0
2025,L,vauga001,11,1,1,0,0,0,0,0,0,0,0,0,0,0,0,0,0,0
2025,L,yelic001,10,16,14,1,1,0,0,0,0,0,2,0,7,0,0,0,0,0
2025,R,abrac001,6,628,573,149,251,35,5,19,0,60,37,1,122,5,14,1,3,0
2025,R,abrac001,10,5,5,0,0,0,0,0,0,0,0,0,3,0,0,0,0,0
2025,R,abrac001,11,2,2,0,0,0,0,0,0,0,0,0,0,0,0,0,0,0
2025,R,abrew002,9,392,349,90,170,17,0,21,1,67,39,5,91,6,0,1,3,0
2025,R,abrew002,10,12,12,2,5,0,0,1,0,2,0,0,6,0,0,0,0,0
2025,R,abrew002,11,15,14,0,0,0,0,0,0,0,1,0,5,2,0,0,0,0
2025,R,acosm002,4,15,13,3,4,1,0,0,0,0,2,0,6,0,0,0,0,0
2025,R,acosm002,5,30,28,5,8,0,0,1,0,2,1,0,9,0,1,0,0,0
2025,R,acosm002,6,16,13,3,9,0,0,2,0,3,3,0,2,0,0,0,0,0
2025,R,acunl001,4,169,154,34,41,7,0,0,0,8,11,0,33,6,1,2,1,0
2025,R,acunl001,5,3,2,1,1,0,0,0,0,0,1,0,1,0,0,0,0,0
2025,R,acunl001,6,16,15,6,6,0,0,0,0,0,1,0,1,0,0,0,0,0
2025,R,acunl001,8,1,1,0,0,0,0,0,0,0,0,0,0,0,0,0,0,0
2025,R,acunl001,11,4,3,0,0,0,0,0,0,0,0,0,2,0,1,0,0,0
2025,R,acunr001,9,393,325,93,169,11,1,21,0,42,66,4,101,5,2,0,0,0
2025,R,acunr001,10,18,12,5,6,1,0,0,0,0,5,0,1,0,1,0,0,0
2025,R,acunr001,11,1,1,0,0,0,0,0,0,0,0,0,0,0,0,0,0,0
2025,R,adamj003,8,4,4,0,0,0,0,0,0,0,0,0,2,0,0,0,0,0
2025,R,adamj003,9,1,1,0,0,0,0,0,0,0,0,0,0,0,0,0,0,0
2025,R,adamr004,2,279,256,47,77,6,0,8,0,24,18,0,107,6,5,0,0,0
2025,R,adamr004,3,1,1,1,2,1,0,0,0,0,0,0,0,0,0,0,0,0
2025,R,adamr004,10,1,1,0,0,0,0,0,0,0,0,0,0,0,0,0,0,0
2025,R,adamr004,11,5,5,1,2,1,0,0,0,0,0,0,3,0,0,0,0,0
2025,R,adamw002,6,682,587,133,249,22,2,30,0,87,80,2,177,9,5,0,9,1
2025,R,adamw002,10,4,4,0,0,0,0,0,0,0,0,0,2,0,0,0,0,0
2025,R,adelj001,8,324,297,70,141,12,1,19,0,58,18,0,84,5,7,0,1,1
2025,R,adelj001,9,241,221,51,107,5,0,17,0,38,15,0,65,5,3,0,0,2
2025,R,adelj001,10,4,4,3,7,1,0,1,0,2,0,0,0,0,0,0,0,0
2025,R,adelj001,11,4,4,0,0,0,0,0,0,0,0,0,2,0,0,0,0,0
2025,R,ahmen001,6,10,9,0,0,0,0,0,0,0,1,0,3,1,0,0,0,0
2025,R,albio001,4,667,603,145,220,23,2,16,0,74,55,2,94,9,4,0,5,0
2025,R,alcak001,7,2,2,2,2,0,0,0,0,1,0,0,0,0,0,0,0,0
2025,R,alcak001,8,9,8,2,2,0,0,0,0,0,1,0,3,0,0,0,0,0
2025,R,alcak001,9,1,1,0,0,0,0,0,0,0,0,0,1,0,0,0,0,0
2025,R,alcas002,5,2,2,0,0,0,0,0,0,0,0,0,0,0,0,0,0,0
2025,R,alcas002,6,2,2,0,0,0,0,0,0,0,0,0,2,0,0,0,0,0
2025,R,alexb001,4,51,43,10,17,4,0,1,0,6,5,0,17,1,3,0,0,0
2025,R,alexb001,5,197,174,38,63,7,0,6,0,17,14,0,65,4,7,2,0,0
2025,R,alexb001,7,3,2,1,2,1,0,0,0,3,0,0,1,0,0,0,1,0
2025,R,alexb001,8,10,7,3,5,0,1,0,0,2,3,0,2,0,0,0,0,0
2025,R,alexb001,10,4,4,1,1,0,0,0,0,0,0,0,1,0,0,0,0,0
2025,R,alexb001,11,1,0,0,0,0,0,0,0,0,0,0,0,0,0,1,0,0
2025,R,alexc001,3,6,6,0,0,0,0,0,0,0,0,0,3,0,0,0,0,0
2025,R,alexc001,5,7,7,1,1,0,0,0,0,0,0,0,4,0,0,0,0,0
2025,R,alexc001,7,1,1,0,0,0,0,0,0,0,0,0,1,0,0,0,0,0
2025,R,alexc001,9,1,1,1,1,0,0,0,0,0,0,0,0,0,0,0,0,0
2025,R,alexc001,11,2,2,1,1,0,0,0,0,0,0,0,0,0,0,0,0,0
2025,R,alext001,1,1,1,0,0,0,0,0,0,0,0,0,0,0,0,0,0,0
2025,R,alfaj002,2,39,39,10,12,2,0,0,0,3,0,0,14,0,0,0,0,0
2025,R,alleg002,7,3,3,0,0,0,0,0,0,0,0,0,1,0,0,0,0,0
2025,R,alleg002,8,11,11,0,0,0,0,0,0,0,0,0,4,2,0,0,0,0
2025,R,allen002,4,7,6,2,3,1,0,0,0,1,1,0,0,1,0,0,0,0
2025,R,allen002,6,408,364,80,90,10,0,0,0,21,30,0,98,7,3,8,3,0
2025,R,allen002,11,1,1,0,0,0,0,0,0,0,0,0,1,0,0,0,0,0
2025,R,alonp001,3,699,614,166,320,41,1,37,1,122,61,5,160,23,15,0,9,0
2025,R,alonp001,10,10,10,4,7,0,0,1,0,4,0,0,2,0,0,0,0,0
2025,R,altuj001,4,250,223,59,95,7,1,9,0,27,22,0,35,8,2,1,2,0
2025,R,altuj001,7,192,174,46,73,6,0,7,0,21,15,4,42,4,1,0,2,0
2025,R,altuj001,10,211,190,51,92,11,0,10,0,29,18,1,31,8,1,0,2,0
2025,R,altuj001,11,1,1,0,0,0,0,0,0,0,0,0,1,0,0,0,0,0
2025,R,alvaf001,2,269,238,62,109,12,1,11,0,32,27,0,73,6,4,0,0,0
2025,R,alvaf001,10,5,5,1,1,0,0,0,0,0,0,0,0,0,0,0,0,0
2025,R,alvaf001,11,4,4,0,0,0,0,0,0,0,0,0,0,0,0,0,0,0
2025,R,alvan001,5,207,188,44,62,12,0,2,0,15,12,0,49,1,4,2,1,0
2025,R,alvan001,11,1,0,0,0,0,0,0,0,0,0,0,0,0,1,0,0,0
2025,R,alvay001,7,62,49,20,29,3,0,2,0,10,11,2,8,0,0,0,2,0
2025,R,alvay001,10,136,116,25,42,5,0,4,0,17,16,3,25,1,0,0,4,0
2025,R,alvay001,11,1,0,0,0,0,0,0,0,0,1,0,0,0,0,0,0,0
2025,R,amada001,4,126,112,19,29,7,0,1,0,10,11,0,27,2,0,3,0,0
2025,R,amada001,11,2,1,1,1,0,0,0,0,0,0,0,0,0,1,0,0,0
2025,R,amayj001,4,3,2,1,1,0,0,0,0,1,1,0,0,0,0,0,0,0
2025,R,amayj001,6,70,64,6,7,1,0,0,0,7,2,0,16,1,0,1,3,0
2025,R,amaym001,2,99,93,25,43,9,0,3,0,22,4,0,22,0,0,1,1,0
2025,R,amaym001,10,4,3,2,5,0,0,1,0,3,0,0,0,0,1,0,0,0
2025,R,amaym001,11,1,1,0,0,0,0,0,0,0,0,0,0,0,0,0,0,0
2025,R,andet001,4,50,45,9,11,2,0,0,0,0,2,0,18,0,2,1,0,0
2025,R,andet001,6,40,38,8,9,1,0,0,0,3,1,0,11,1,1,0,0,0
2025,R,andum001,3,7,5,4,5,1,0,0,0,2,2,0,0,0,0,0,0,0
2025,R,andum001,5,115,109,30,50,8,0,4,0,14,5,1,16,1,0,0,1,0
2025,R,andum001,7,97,92,30,40,2,1,2,0,10,5,0,12,2,0,0,0,0
2025,R,andum001,9,10,10,4,4,0,0,0,0,2,0,0,1,1,0,0,0,0
2025,R,andum001,10,104,99,34,52,6,0,4,1,16,3,0,18,4,1,0,1,0
2025,R,andum001,11,14,12,4,5,1,0,0,0,1,2,0,3,1,0,0,0,0
2025,R,anthr001,7,80,64,20,32,7,1,1,0,5,13,0,15,0,3,0,0,0
2025,R,anthr001,9,140,123,33,52,4,0,5,0,17,15,0,43,1,1,0,1,0
2025,R,anthr001,10,79,68,22,35,7,0,2,0,10,10,0,26,1,1,0,0,0
2025,R,anthr001,11,5,2,0,0,0,0,0,0,0,3,0,0,0,0,0,0,0
2025,R,aranj001,3,368,318,102,158,20,0,12,0,49,40,3,91,9,8,0,2,0
2025,R,aranj001,10,44,43,14,22,2,0,2,0,8,1,0,12,0,0,0,0,0
2025,R,aranj001,11,10,9,1,1,0,0,0,0,2,0,0,4,0,0,0,1,0
2025,R,arcio002,3,31,28,6,7,1,0,0,0,2,3,0,6,1,0,0,0,0
2025,R,arcio002,4,45,44,8,13,2,0,1,0,2,1,0,9,0,0,0,0,0
2025,R,arcio002,5,62,57,16,23,2,1,1,0,7,4,0,15,1,0,0,1,0
2025,R,arcio002,6,72,70,9,14,2,0,1,0,2,2,0,17,2,0,0,0,0
2025,R,arcio002,10,3,3,2,2,0,0,0,0,0,0,0,0,0,0,0,0,0
2025,R,arcio002,11,1,1,0,0,0,0,0,0,0,0,0,0,0,0,0,0,0
2025,R,arenn001,5,421,386,92,148,18,1,12,0,50,28,4,47,10,3,0,4,0
2025,R,arenn001,10,14,14,2,2,0,0,0,0,1,0,0,2,0,0,0,0,0
2025,R,arenn001,11,1,1,1,1,0,0,0,0,1,0,0,0,0,0,0,0,0
2025,R,ariag002,4,77,68,21,34,7,0,2,0,8,6,0,17,1,2,0,1,0
2025,R,ariag002,5,15,14,2,5,0,0,1,0,2,0,0,5,1,0,0,1,0
2025,R,ariag002,6,378,349,72,118,18,2,8,0,44,21,1,140,6,5,1,2,0
2025,R,ariag002,11,1,1,0,0,0,0,0,0,0,0,0,0,0,0,0,0,0
2025,R,arozr001,7,699,606,146,261,32,1,27,1,76,62,2,189,9,26,0,5,0
2025,R,arozr001,10,10,7,0,0,0,0,0,0,0,2,0,2,0,1,0,0,0
2025,R,arral001,3,500,459,131,179,24,3,6,0,43,26,0,14,7,2,8,5,0
2025,R,arral001,4,42,38,12,12,0,0,0,0,3,3,0,3,0,0,0,1,0
2025,R,arral001,10,130,121,38,52,6,1,2,0,15,4,0,3,5,0,4,1,0
2025,R,arral001,11,4,3,0,0,0,0,0,0,0,1,0,1,0,0,0,0,0
2025,R,avand001,7,14,13,1,1,0,0,0,0,1,0,0,4,0,0,0,1,0
2025,R,avand001,8,2,2,0,0,0,0,0,0,0,0,0,1,0,0,0,0,0
2025,R,avand001,9,1,1,1,1,0,0,0,0,0,0,0,0,0,0,0,0,0
2025,R,avand001,11,1,1,0,0,0,0,0,0,0,0,0,1,0,0,0,0,0
2025,R,azocj001,7,8,7,3,3,0,0,0,0,1,1,0,0,0,0,0,0,0
2025,R,azocj001,8,6,6,1,1,0,0,0,0,0,0,0,1,0,0,0,0,0
2025,R,azocj001,9,5,4,1,1,0,0,0,0,0,1,0,0,0,0,0,0,0
2025,R,azocj001,11,2,2,0,0,0,0,0,0,0,0,0,0,0,0,0,0,0
2025,R,badda001,7,12,11,2,3,1,0,0,0,1,1,0,3,0,0,0,0,0
2025,R,badda001,8,1,1,0,0,0,0,0,0,0,0,0,0,0,0,0,0,0
2025,R,badda001,9,4,4,0,0,0,0,0,0,0,0,0,1,0,0,0,0,0
2025,R,badda001,11,1,1,0,0,0,0,0,0,0,0,0,1,0,0,0,0,0
2025,R,badeh001,7,212,187,47,79,8,0,8,0,25,20,0,56,2,5,0,0,0
2025,R,badeh001,8,261,236,68,106,15,1,7,0,22,16,0,73,3,6,0,3,0
2025,R,badeh001,9,17,16,5,6,1,0,0,0,2,1,0,5,0,0,0,0,0
2025,R,badeh001,11,11,9,4,10,0,0,2,0,5,2,0,2,0,0,0,0,0
2025,R,bae-j001,7,13,10,0,0,0,0,0,0,0,3,0,5,0,0,0,0,0
2025,R,bae-j001,8,8,7,1,1,0,0,0,0,0,1,0,2,0,0,0,0,0
2025,R,bae-j001,9,4,3,0,0,0,0,0,0,0,1,0,2,0,0,0,0,0
2025,R,baezj001,4,19,17,4,7,0,0,1,0,4,1,0,6,0,0,0,1,0
2025,R,baezj001,5,62,59,14,19,2,0,1,0,5,3,0,9,1,0,0,0,0
2025,R,baezj001,6,177,170,46,68,6,2,4,0,19,4,0,46,2,3,0,0,0
2025,R,baezj001,8,173,165,43,72,9,1,6,1,29,2,0,43,5,3,0,2,1
2025,R,baezj001,11,6,6,0,0,0,0,0,0,0,0,0,5,0,0,0,0,0
2025,R,bailp001,2,438,395,87,128,17,3,6,1,52,30,0,128,7,3,4,6,0
2025,R,bailp001,10,1,1,0,0,0,0,0,0,0,0,0,0,0,0,0,0,0
2025,R,bailp001,11,14,14,4,5,1,0,0,0,3,0,0,5,0,0,0,0,0
2025,R,bakel001,3,1,1,0,0,0,0,0,0,0,0,0,1,0,0,0,0,0
2025,R,bakel001,10,35,30,7,9,2,0,0,0,0,5,0,9,3,0,0,0,0
2025,R,bakel001,11,10,7,3,5,2,0,0,0,2,3,0,1,0,0,0,0,0
2025,R,baldb001,4,20,18,4,7,0,0,1,0,3,1,0,4,0,0,1,0,0
2025,R,baldb001,5,39,36,9,16,1,0,2,0,2,2,0,10,0,0,1,0,0
2025,R,baldb001,6,20,17,4,6,2,0,0,0,4,2,0,3,2,0,0,1,0
2025,R,baldb001,7,112,105,18,41,5,0,6,0,15,5,0,30,5,1,0,1,0
2025,R,baldb001,8,75,67,21,33,7,1,1,0,8,7,0,20,2,0,1,0,0
2025,R,baldb001,9,51,47,13,16,0,0,1,0,4,4,0,15,0,0,0,0,0
2025,R,baldb001,11,11,10,3,3,0,0,0,0,2,0,0,4,0,0,1,0,0
2025,R,baldd001,2,371,335,91,159,13,2,17,0,63,33,0,47,9,3,0,0,0
2025,R,baldd001,10,52,48,15,25,4,0,2,0,13,4,0,16,0,0,0,0,0
2025,R,baldd001,11,23,22,5,6,1,0,0,0,4,1,0,5,0,0,0,0,0
2025,R,ballm001,2,2,2,0,0,0,0,0,0,0,0,0,1,0,0,0,0,0
2025,R,ballm001,3,1,1,1,1,0,0,0,0,1,0,0,0,0,0,0,0,0
2025,R,ballm001,10,62,53,15,25,2,1,2,0,10,9,1,11,2,0,0,0,0
2025,R,ballm001,11,3,2,1,1,0,0,0,0,0,1,0,0,0,0,0,0,0
2025,R,banfw001,2,10,10,1,1,0,0,0,0,0,0,0,6,1,0,0,0,0
2025,R,banud001,10,2,1,0,0,0,0,0,0,0,0,0,1,0,1,0,0,0
2025,R,banud001,11,1,0,0,0,0,0,0,0,0,0,0,0,0,1,0,0,0
2025,R,barga001,5,285,256,64,118,19,1,11,0,42,26,4,75,3,3,0,0,0
2025,R,barga001,9,201,189,45,88,13,0,10,0,30,10,0,42,5,0,0,2,0
2025,R,barga001,10,4,4,0,0,0,0,0,0,0,0,0,1,0,0,0,0,0
2025,R,barga001,11,12,11,3,3,0,0,0,0,2,0,0,3,0,0,0,0,1
2025,R,barna001,2,43,41,8,11,3,0,0,0,2,1,0,14,1,0,1,0,0
2025,R,barna001,10,1,1,1,1,0,0,0,0,0,0,0,0,0,0,0,0,0
2025,R,barna001,11,1,1,1,1,0,0,0,0,0,0,0,0,0,0,0,0,0
2025,R,barnt001,1,1,1,0,0,0,0,0,0,0,0,0,1,0,0,0,0,0
2025,R,barnt001,2,14,12,3,3,0,0,0,0,0,1,0,3,2,1,0,0,0
2025,R,barrj004,7,25,24,2,2,0,0,0,0,1,0,0,8,1,0,0,1,0
2025,R,barrj004,8,32,30,6,11,2,0,1,0,6,0,0,8,0,0,0,2,0
2025,R,barrj004,9,13,10,2,3,1,0,0,0,0,2,0,2,0,1,0,0,0
2025,R,barrj004,11,7,7,0,0,0,0,0,0,0,0,0,4,0,0,0,0,0
2025,R,bartj003,2,307,264,66,91,11,1,4,0,28,36,0,89,14,7,0,0,0
2025,R,bartj003,10,18,15,3,4,1,0,0,0,0,3,0,2,0,0,0,0,0
2025,R,bartj003,11,8,7,2,2,0,0,0,0,2,1,0,2,0,0,0,0,0
2025,R,basas001,2,80,75,13,29,4,0,4,0,10,5,0,20,3,0,0,0,0
2025,R,basas001,3,8,7,1,1,0,0,0,0,0,0,0,1,0,1,0,0,0
2025,R,basas001,10,28,25,4,6,2,0,0,0,4,1,0,8,1,2,0,0,0
2025,R,basas001,11,2,2,0,0,0,0,0,0,1,0,0,1,0,0,0,0,0
2025,R,batyb001,4,167,153,41,64,8,0,5,0,12,11,0,45,3,1,0,2,0
2025,R,batyb001,5,249,225,56,104,5,2,13,0,38,21,0,57,3,1,0,1,1
2025,R,batyb001,10,5,5,1,1,0,0,0,0,0,0,0,3,0,0,0,0,0
2025,R,batyb001,11,14,13,3,3,0,0,0,0,0,1,0,5,0,0,0,0,0
2025,R,bauej001,1,2,2,0,0,0,0,0,0,0,0,0,1,0,0,0,0,0
2025,R,bauej001,3,91,75,17,28,2,0,3,0,7,15,1,27,0,1,0,0,0
2025,R,bauej001,7,68,56,10,15,5,0,0,0,4,12,0,19,0,0,0,0,0
2025,R,bauej001,9,14,13,5,9,1,0,1,0,5,1,0,0,1,0,0,0,0
2025,R,bauej001,10,17,16,6,13,1,0,2,0,8,1,0,5,0,0,0,0,0
2025,R,bauej001,11,29,23,6,10,1,0,1,0,6,4,0,7,0,1,0,1,0
2025,R,beavd001,7,83,68,11,16,2,0,1,0,4,15,0,25,0,0,0,0,0
2025,R,beavd001,9,53,41,14,28,3,1,3,0,10,11,0,10,0,0,1,0,0
2025,R,beavd001,11,1,1,0,0,0,0,0,0,0,0,0,1,0,0,0,0,0
2025,R,beckj003,7,559,511,133,216,25,5,16,0,52,42,0,167,9,4,0,1,1
2025,R,beckj003,10,23,22,6,8,2,0,0,0,1,1,0,5,0,0,0,0,0
2025,R,beckj003,11,8,8,0,0,0,0,0,0,0,0,0,3,0,0,0,0,0
2025,R,bellc002,3,13,13,2,3,1,0,0,0,3,0,0,1,0,0,0,0,0
2025,R,bellc002,7,279,245,76,137,15,2,14,1,38,30,0,34,3,0,0,4,0
2025,R,bellc002,8,156,143,37,65,5,1,7,0,22,11,1,23,2,0,0,2,0
2025,R,bellc002,9,206,186,45,77,4,2,8,0,35,16,0,31,3,1,0,3,0
2025,R,bellc002,11,2,1,0,0,0,0,0,0,0,0,0,1,0,1,0,0,0
2025,R,bellj005,3,125,113,29,56,3,0,8,0,22,10,0,15,7,0,0,2,0
2025,R,bellj005,10,398,348,80,134,13,1,13,0,37,44,1,71,8,5,0,1,0
2025,R,bellj005,11,11,8,2,5,0,0,1,0,4,3,0,3,0,0,0,0,0
2025,R,benia002,7,277,248,54,103,5,1,14,1,40,22,0,47,1,2,0,4,1
2025,R,benia002,10,188,168,46,77,11,1,6,0,22,17,2,35,4,1,0,2,0
2025,R,benia002,11,5,4,1,1,0,0,0,0,1,1,0,0,0,0,0,0,0
2025,R,bensw001,7,92,83,16,27,2,0,3,0,8,9,1,28,2,0,0,0,0
2025,R,bensw001,8,35,30,11,24,1,0,4,0,10,4,0,5,0,0,0,1,0
2025,R,bensw001,9,110,106,22,45,4,2,5,0,19,1,0,32,2,0,0,3,0
2025,R,bensw001,11,16,11,3,4,1,0,0,0,4,2,0,2,0,1,0,2,0
2025,R,bernw002,3,136,129,33,55,8,1,4,0,14,7,0,21,2,0,0,0,0
2025,R,bernw002,5,2,2,1,1,0,0,0,0,0,0,0,1,0,0,0,0,0
2025,R,bernw002,10,7,7,1,1,0,0,0,0,0,0,0,2,0,0,0,0,0
2025,R,bernw002,11,1,1,0,0,0,0,0,0,0,0,0,1,0,0,0,0,0
2025,R,berrs002,8,6,5,0,0,0,0,0,0,0,1,0,2,0,0,0,0,0
2025,R,bertj001,1,1,1,0,0,0,0,0,0,0,0,0,0,0,0,0,0,0
2025,R,bertj001,4,21,19,4,4,0,0,0,0,0,0,0,3,0,2,0,0,0
2025,R,bertj001,5,75,70,15,17,2,0,0,0,2,5,0,18,1,0,0,0,0
2025,R,bertj001,10,1,1,0,0,0,0,0,0,0,0,0,0,0,0,0,0,0
2025,R,bertj001,11,10,10,2,2,0,0,0,0,0,0,0,1,0,0,0,0,0
2025,R,bettm001,6,661,587,152,239,23,2,20,1,82,61,2,67,15,3,0,10,0
2025,R,bettm001,11,2,2,0,0,0,0,0,0,0,0,0,1,0,0,0,0,0
2025,R,bichb001,6,592,547,173,263,43,1,15,0,83,39,2,83,15,3,0,3,0
2025,R,bichb001,10,34,33,7,14,1,0,2,0,9,1,0,8,2,0,0,0,0
2025,R,bichb001,11,2,2,1,4,0,0,1,0,2,0,0,0,0,0,0,0,0
2025,R,biggc002,3,20,17,3,3,0,0,0,0,0,3,0,7,0,0,0,0,0
2025,R,biggc002,4,4,3,0,0,0,0,0,0,0,1,0,0,0,0,0,0,0
2025,R,biggc002,5,3,2,0,0,0,0,0,0,0,1,0,1,0,0,0,0,0
2025,R,biggc002,7,12,9,1,1,0,0,0,0,1,1,0,2,0,0,2,0,0
2025,R,biggc002,9,16,12,2,2,0,0,0,0,0,3,0,3,0,1,0,0,0
2025,R,biggc002,10,24,23,5,10,2,0,1,0,2,1,0,7,0,0,0,0,0
2025,R,biggc002,11,6,5,1,1,0,0,0,0,1,1,0,2,0,0,0,0,0
2025,R,blact003,3,6,6,2,3,1,0,0,0,1,0,0,1,0,0,0,0,0
2025,R,blact003,7,2,0,0,0,0,0,0,0,0,2,0,0,0,0,0,0,0
2025,R,blact003,9,1,1,0,0,0,0,0,0,0,0,0,0,0,0,0,0,0
2025,R,blact003,11,4,1,0,0,0,0,0,0,0,3,0,0,0,0,0,0,0
2025,R,bland001,7,3,1,0,0,0,0,0,0,0,0,0,0,0,0,2,0,0
2025,R,bland001,8,4,4,1,2,1,0,0,0,1,0,0,2,0,0,0,0,0
2025,R,bland001,11,1,1,0,0,0,0,0,0,0,0,0,0,0,0,0,0,0
2025,R,bledj001,7,44,37,7,9,2,0,0,0,1,7,0,13,0,0,0,0,0
2025,R,bledj001,8,206,184,40,77,10,0,9,0,26,21,1,47,5,0,0,1,0
2025,R,bledj001,9,77,72,15,32,5,0,4,0,10,5,1,24,1,0,0,0,0
2025,R,bledj001,10,1,1,0,0,0,0,0,0,0,0,0,1,0,0,0,0,0
2025,R,bledj001,11,17,14,3,6,0,0,1,0,2,3,0,7,0,0,0,0,0
2025,R,blisr001,4,39,35,7,11,1,0,1,0,3,4,0,11,2,0,0,0,0
2025,R,bogax001,6,510,453,118,171,29,0,8,0,46,44,3,90,9,4,1,8,0
2025,R,bogax001,10,40,36,11,21,1,0,3,1,7,4,0,4,3,0,0,0,0
2025,R,bogax001,11,2,2,0,0,0,0,0,0,0,0,0,0,0,0,0,0,0
2025,R,bohma001,3,55,52,15,20,2,0,1,0,4,3,0,8,3,0,0,0,0
2025,R,bohma001,5,449,412,118,170,16,3,10,0,55,26,0,74,13,5,0,6,0
2025,R,boucs001,3,3,3,0,0,0,0,0,0,0,0,0,2,0,0,0,0,0
2025,R,boucs001,7,10,8,2,2,0,0,0,0,0,2,0,4,0,0,0,0,0
2025,R,boucs001,9,38,35,5,10,0,1,1,0,5,3,0,16,1,0,0,0,0
2025,R,boucs001,10,11,10,1,1,0,0,0,0,1,1,0,3,1,0,0,0,0
2025,R,boucs001,11,15,14,4,4,0,0,0,0,2,1,0,3,0,0,0,0,0
2025,R,branr002,2,7,7,3,3,0,0,0,0,1,0,0,1,0,0,0,0,0
2025,R,brega001,5,489,427,117,196,28,0,17,0,59,51,3,69,12,9,0,2,0
2025,R,brega001,10,4,4,0,0,0,0,0,0,0,0,0,1,0,0,0,0,0
2025,R,brega001,11,2,2,1,4,0,0,1,0,3,0,0,0,0,0,0,0,0
2025,R,brenw002,8,1,1,0,0,0,0,0,0,0,0,0,1,0,0,0,0,0
2025,R,brenw002,9,11,9,1,1,0,0,0,0,0,1,0,0,1,1,0,0,0
2025,R,brenw002,11,1,1,0,0,0,0,0,0,0,0,0,0,0,0,0,0,0
2025,R,bridj001,1,4,4,0,0,0,0,0,0,0,0,0,0,1,0,0,0,0
2025,R,bridj001,3,23,22,3,4,1,0,0,0,1,1,0,8,0,0,0,0,0
2025,R,bridj001,4,2,1,0,0,0,0,0,0,0,1,0,0,0,0,0,0,0
2025,R,bridj001,5,66,58,11,11,0,0,0,0,3,6,1,21,0,1,0,1,0
2025,R,bridj001,10,22,20,3,3,0,0,0,0,1,2,0,8,0,0,0,0,0
2025,R,bridj001,11,10,9,2,3,1,0,0,0,0,1,0,3,0,0,0,0,0
2025,R,broot002,7,1,1,0,0,0,0,0,0,0,0,0,0,0,0,0,0,0
2025,R,broot002,10,29,27,4,6,2,0,0,0,0,2,0,10,1,0,0,0,0
2025,R,broot002,11,13,13,2,5,0,0,1,0,2,0,0,3,1,0,0,0,0
2025,R,brows003,7,24,19,3,6,0,0,1,0,1,4,0,6,1,1,0,0,0
2025,R,brows003,8,22,20,3,3,0,0,0,0,0,2,0,9,0,0,0,0,0
2025,R,brows003,9,8,7,3,4,1,0,0,0,1,0,0,1,0,1,0,0,0
2025,R,brows003,10,6,6,1,2,1,0,0,0,0,0,0,2,0,0,0,0,0
2025,R,brows003,11,16,13,2,2,0,0,0,0,1,3,0,5,1,0,0,0,0
2025,R,brujv001,4,4,4,0,0,0,0,0,0,0,0,0,0,1,0,0,0,0
2025,R,brujv001,5,35,32,11,14,3,0,0,0,5,2,0,7,0,0,0,1,0
2025,R,brujv001,6,17,16,3,4,1,0,0,0,2,0,0,3,0,1,0,0,0
2025,R,brujv001,7,2,2,1,1,0,0,0,0,0,0,0,0,0,0,0,0,0
2025,R,brujv001,8,6,6,1,1,0,0,0,0,0,0,0,1,0,0,0,0,0
2025,R,brujv001,9,14,10,1,1,0,0,0,0,0,4,0,4,0,0,0,0,0
2025,R,brujv001,11,17,17,5,6,1,0,0,0,1,0,0,6,0,0,0,0,0
2025,R,bryak001,10,40,38,6,8,2,0,0,0,1,2,0,12,1,0,0,0,0
2025,R,bryak001,11,1,1,0,0,0,0,0,0,0,0,0,1,0,0,0,0,0
2025,R,burgj001,3,337,318,74,128,12,0,14,0,48,11,0,82,3,5,0,3,0
2025,R,burgj001,10,33,32,9,18,3,0,2,0,4,1,0,7,0,0,0,0,0
2025,R,burgj001,11,10,9,2,4,0,1,0,0,2,1,0,4,0,0,0,0,0
2025,R,burla001,1,1,1,0,0,0,0,0,0,0,0,0,0,0,0,0,0,0
2025,R,burla001,3,163,150,50,79,12,1,5,0,20,11,1,28,4,1,0,1,0
2025,R,burla001,7,169,156,34,51,6,1,3,0,16,9,0,25,8,2,1,1,0
2025,R,burla001,9,131,120,40,71,7,0,8,0,28,9,0,17,1,0,0,2,0
2025,R,burla001,10,77,66,19,26,1,0,2,0,5,9,0,7,1,0,0,0,2
2025,R,burla001,11,9,8,2,2,0,0,0,0,0,1,0,2,0,0,0,0,0
2025,R,buscm003,3,569,503,134,268,24,4,34,1,87,55,2,127,2,9,0,2,0
2025,R,buscm003,10,3,3,2,3,1,0,0,0,2,0,0,1,0,0,0,0,0
2025,R,buscm003,11,22,20,3,6,1,1,0,0,3,1,0,11,0,1,0,0,0
2025,R,butll001,8,218,199,41,71,6,0,8,0,25,17,0,66,5,0,2,0,0
2025,R,butll001,9,403,362,89,155,23,2,13,1,38,41,0,111,2,0,0,0,0
2025,R,butll001,11,9,8,3,4,1,0,0,0,0,1,0,2,0,0,0,0,0
2025,R,buxtb001,8,505,456,117,241,20,7,30,0,75,37,4,140,0,6,0,6,0
2025,R,buxtb001,10,37,32,12,28,1,0,5,0,8,4,1,8,0,1,0,0,0
2025,R,cabaj001,4,64,48,12,14,2,0,0,0,4,12,0,11,0,0,4,0,0
2025,R,cabaj001,5,47,39,13,23,2,1,2,0,6,7,0,9,0,0,0,1,0
2025,R,cabaj001,6,150,133,28,42,11,0,1,0,15,14,0,39,0,2,0,1,0
2025,R,cabaj001,7,15,13,2,2,0,0,0,0,0,2,0,5,1,0,0,0,0
2025,R,cabaj001,8,7,6,0,0,0,0,0,0,1,0,0,1,0,1,0,0,0
2025,R,cabaj001,9,85,73,19,28,3,0,2,1,10,12,0,31,0,0,0,0,0
2025,R,cabaj001,11,2,2,0,0,0,0,0,0,0,0,0,2,0,0,0,0,0
2025,R,cabro002,5,119,105,25,32,4,0,1,0,10,11,0,25,1,2,1,0,0
2025,R,cabro002,11,3,2,1,1,0,0,0,0,1,0,0,0,0,0,0,1,0
2025,R,caglj001,3,12,12,3,3,0,0,0,0,1,0,0,4,1,0,0,0,0
2025,R,caglj001,9,190,172,29,58,6,1,7,0,17,14,0,41,3,4,0,0,0
2025,R,caglj001,10,28,25,1,1,0,0,0,0,0,3,0,6,0,0,0,0,0
2025,R,caglj001,11,2,1,0,0,0,0,0,0,0,1,0,1,0,0,0,0,0
2025,R,caiso001,7,4,4,1,1,0,0,0,0,0,0,0,2,0,0,0,0,0
2025,R,caiso001,9,15,14,3,6,0,0,1,0,4,1,0,7,0,0,0,0,0
2025,R,caiso001,10,4,4,0,0,0,0,0,0,0,0,0,1,0,0,0,0,0
2025,R,caiso001,11,4,4,1,2,1,0,0,0,0,0,0,1,0,0,0,0,0
2025,R,calla002,7,114,98,31,42,3,1,2,0,11,12,0,17,2,0,2,2,0
2025,R,calla002,8,13,11,3,6,0,0,1,0,4,2,0,2,0,0,0,0,0
2025,R,calla002,9,172,143,33,47,9,1,1,0,14,19,0,29,4,5,3,2,0
2025,R,calla002,10,6,4,2,5,0,0,1,0,1,1,0,1,0,0,1,0,0
2025,R,calla002,11,19,15,3,4,1,0,0,0,1,2,0,7,0,1,1,0,0
2025,R,callt001,4,1,1,0,0,0,0,0,0,0,0,0,1,0,0,0,0,0
2025,R,callt001,7,5,5,1,1,0,0,0,0,1,0,0,0,0,0,0,0,0
2025,R,camed001,7,18,18,6,10,1,0,1,0,2,0,0,3,1,0,0,0,0
2025,R,camed001,9,18,18,2,2,0,0,0,0,1,0,0,7,0,0,0,0,0
2025,R,camed001,11,6,5,0,0,0,0,0,0,0,1,0,3,0,0,0,0,0
2025,R,camij001,3,1,1,0,0,0,0,0,0,0,0,0,0,0,0,0,0,0
2025,R,camij001,5,624,576,151,303,26,0,42,2,100,38,1,120,30,3,0,7,0
2025,R,camij001,10,26,23,7,18,2,0,3,0,9,3,0,5,1,0,0,0,0
2025,R,camij001,11,2,2,1,1,0,0,0,0,1,0,0,0,0,0,0,0,0
2025,R,campg001,7,5,4,1,1,0,0,0,0,0,1,0,0,0,0,0,0,0
2025,R,campg001,8,2,2,0,0,0,0,0,0,0,0,0,0,0,0,0,0,0
2025,R,campg001,9,55,48,8,18,1,0,3,0,8,4,0,13,2,3,0,0,0
2025,R,campg001,10,3,3,0,0,0,0,0,0,0,0,0,1,0,0,0,0,0
2025,R,campg001,11,1,1,1,1,0,0,0,0,0,0,0,0,0,0,0,0,0
2025,R,campk002,4,227,196,44,65,9,0,4,0,19,26,0,56,1,4,0,1,0
2025,R,campk002,7,5,4,2,6,1,0,1,0,1,1,0,0,0,0,0,0,0
2025,R,campk002,8,24,23,4,7,0,0,1,0,1,1,0,13,0,0,0,0,0
2025,R,campk002,10,3,3,1,1,0,0,0,0,0,0,0,2,0,0,0,0,0
2025,R,campk002,11,4,3,0,0,0,0,0,0,0,1,0,1,0,0,0,0,0
2025,R,campl002,10,26,21,0,0,0,0,0,0,0,5,0,11,2,0,0,0,0
2025,R,campl002,11,2,1,0,0,0,0,0,0,0,1,0,0,0,0,0,0,0
2025,R,canaa001,7,86,81,16,20,1,0,1,0,3,5,0,36,2,0,0,0,0
2025,R,canaa001,8,78,73,17,27,4,0,2,0,7,4,0,26,0,0,0,1,0
2025,R,canaa001,9,60,54,14,26,1,1,3,0,9,6,0,16,2,0,0,0,0
2025,R,canaa001,11,10,8,0,0,0,0,0,0,1,2,0,2,1,0,0,0,0
2025,R,candj002,3,31,27,2,6,1,0,1,0,2,3,0,11,0,0,0,1,0
2025,R,candj002,5,48,42,6,10,1,0,1,0,7,5,0,14,1,0,0,1,0
2025,R,candj002,10,12,11,1,1,0,0,0,0,1,1,0,4,0,0,0,0,0
2025,R,canhm001,3,7,5,2,3,1,0,0,0,0,1,0,1,0,1,0,0,0
2025,R,canhm001,7,59,55,15,19,1,0,1,0,4,1,0,10,0,2,0,1,0
2025,R,canhm001,9,26,23,4,4,0,0,0,0,1,2,0,5,1,0,0,1,0
2025,R,canhm001,10,19,18,2,3,1,0,0,0,1,1,0,4,0,0,0,0,0
2025,R,canhm001,11,17,15,1,1,0,0,0,0,0,2,0,5,0,0,0,0,0
2025,R,canzd001,9,234,211,62,93,10,0,7,0,25,18,0,48,3,3,0,1,1
2025,R,canzd001,10,24,22,11,24,1,0,4,0,7,1,0,7,1,0,0,1,0
2025,R,canzd001,11,14,12,1,1,0,0,0,0,2,1,0,5,2,0,0,1,0
2025,R,caprv001,1,1,1,0,0,0,0,0,0,0,0,0,0,0,0,0,0,0
2025,R,caprv001,4,6,5,0,0,0,0,0,0,2,0,0,2,0,0,0,1,0
2025,R,caprv001,5,52,47,5,8,0,0,1,0,2,2,0,13,3,1,2,0,0
2025,R,caprv001,6,39,36,7,9,2,0,0,0,1,1,0,8,2,0,1,1,0
2025,R,caprv001,10,1,1,0,0,0,0,0,0,0,0,0,0,0,0,0,0,0
2025,R,caprv001,11,7,7,0,0,0,0,0,0,1,0,0,2,0,0,0,0,0
2025,R,carav001,2,200,180,58,89,7,0,8,1,26,14,0,30,5,6,0,0,0
2025,R,carav001,3,44,41,10,17,1,0,2,0,4,0,0,6,1,1,0,2,0
2025,R,carav001,10,118,103,18,29,5,0,2,1,13,8,0,23,2,4,0,3,0
2025,R,carav001,11,25,21,3,4,1,0,0,0,3,1,0,6,0,2,0,1,0
2025,R,carld002,7,158,141,33,54,7,1,4,0,14,16,0,34,1,0,0,1,0
2025,R,carld002,8,43,38,4,7,0,0,1,0,3,3,0,7,1,2,0,0,0
2025,R,carld002,9,33,32,7,12,2,0,1,0,2,1,0,9,1,0,0,0,0
2025,R,carld002,11,7,6,0,0,0,0,0,0,1,1,0,4,0,0,0,0,0
2025,R,carpk001,7,92,86,30,64,3,2,9,0,20,3,0,21,0,1,0,1,1
2025,R,carpk001,9,201,185,50,92,11,2,9,0,22,8,0,41,3,5,0,1,2
2025,R,carpk001,10,162,153,28,58,4,1,8,0,20,7,0,42,0,1,0,0,1
2025,R,carpk001,11,21,19,3,6,0,0,1,0,1,1,0,5,0,1,0,0,0
2025,R,carrc005,8,14,14,3,5,2,0,0,0,2,0,0,3,0,0,0,0,0
2025,R,carrc005,9,613,538,139,295,29,17,31,1,79,66,4,148,6,7,0,2,0
2025,R,carrc005,10,13,10,4,5,1,0,0,0,3,1,0,2,0,0,0,2,0
2025,R,carrc005,11,2,2,0,0,0,0,0,0,0,0,0,0,0,0,0,0,0
2025,R,carte001,8,211,186,47,75,9,2,5,0,25,19,1,36,2,6,0,0,0
2025,R,carte001,10,3,3,1,1,0,0,0,0,0,0,0,1,0,0,0,0,0
2025,R,carte001,11,8,7,1,1,0,0,0,0,0,0,0,4,0,1,0,0,0
2025,R,casat001,3,111,98,18,30,3,0,3,0,11,11,2,27,3,2,0,0,0
2025,R,casat001,11,1,1,0,0,0,0,0,0,0,0,0,0,0,0,0,0,0
2025,R,castn001,9,567,530,134,213,27,2,16,1,64,29,0,129,12,4,0,4,0
2025,R,castn001,10,18,14,2,5,0,0,1,1,6,3,0,3,1,0,0,1,0
2025,R,castn001,11,4,3,1,1,0,0,0,0,2,0,0,1,0,0,0,1,0
2025,R,castw003,1,1,1,0,0,0,0,0,0,0,0,0,1,0,0,0,0,0
2025,R,castw003,4,123,109,21,37,8,1,2,0,9,11,1,34,2,3,0,0,0
2025,R,castw003,5,60,55,12,12,0,0,0,0,1,2,0,11,1,3,0,0,0
2025,R,castw003,6,12,12,5,6,1,0,0,0,1,0,0,1,0,0,0,0,0
2025,R,castw003,7,124,105,32,52,4,2,4,0,10,16,0,35,5,3,0,0,0
2025,R,castw003,8,14,14,3,3,0,0,0,0,1,0,0,4,0,0,0,0,0
2025,R,castw003,9,115,101,17,36,4,0,5,0,11,11,0,23,4,2,1,0,0
2025,R,castw003,11,5,5,1,1,0,0,0,0,0,0,0,2,0,0,0,0,0
2025,R,chapa002,3,57,50,11,15,1,0,1,0,5,5,0,14,0,1,0,1,0
2025,R,chapa002,10,9,9,1,2,1,0,0,0,0,0,0,3,0,0,0,0,0
2025,R,chapa002,11,8,8,1,2,1,0,0,0,0,0,0,5,0,0,0,0,0
2025,R,chapm001,5,535,454,105,195,23,2,21,1,61,71,1,126,8,6,0,4,0
2025,R,chent001,4,2,2,0,0,0,0,0,0,0,0,0,1,0,0,0,0,0
2025,R,chent001,6,5,5,0,0,0,0,0,0,0,0,0,2,0,0,0,0,0
2025,R,chisj001,4,405,351,78,157,8,1,23,0,59,45,1,115,2,6,0,3,0
2025,R,chisj001,5,121,106,33,63,6,0,8,0,21,13,0,29,1,0,1,1,0
2025,R,chisj001,11,5,5,1,2,1,0,0,0,0,0,0,4,0,0,0,0,0
2025,R,chouj001,7,128,119,24,50,5,0,7,0,23,6,0,30,3,1,0,2,0
2025,R,chouj001,8,383,354,102,167,23,3,12,0,45,24,1,71,7,1,1,3,0
2025,R,chouj001,9,70,69,21,35,6,1,2,0,9,0,0,15,3,0,0,1,0
2025,R,chouj001,10,8,7,1,2,1,0,0,0,1,0,0,5,0,1,0,0,0
2025,R,churn001,7,3,3,1,1,0,0,0,0,0,0,0,1,0,0,0,0,0
2025,R,churn001,8,58,50,7,10,0,0,1,0,8,3,0,17,0,3,1,1,0
2025,R,churn001,9,4,3,2,3,1,0,0,0,0,0,0,0,0,0,1,0,0
2025,R,clard004,8,159,148,34,55,8,2,3,0,8,6,0,61,1,3,2,0,0
2025,R,clasj001,7,77,68,14,16,2,0,0,0,3,8,0,19,1,0,1,0,0
2025,R,clasj001,8,28,27,4,10,0,0,2,0,2,0,0,8,0,1,0,0,0
2025,R,clasj001,9,4,3,2,2,0,0,0,0,2,1,0,0,0,0,0,0,0
2025,R,clasj001,10,2,1,1,2,1,0,0,0,2,1,0,0,0,0,0,0,0
2025,R,clasj001,11,2,2,1,2,1,0,0,0,2,0,0,1,0,0,0,0,0
2025,R,cleme002,3,30,29,7,8,1,0,0,0,0,1,0,2,0,0,0,0,0
2025,R,cleme002,4,195,179,45,68,8,0,5,0,21,9,0,22,3,1,3,3,0
2025,R,cleme002,5,273,253,71,102,17,1,4,0,24,12,1,30,8,2,4,2,0
2025,R,cleme002,6,81,76,25,33,6,1,0,0,3,4,0,7,2,1,0,0,0
2025,R,cleme002,11,9,8,3,6,3,0,0,0,2,1,0,0,0,0,0,0,0
2025,R,clemk001,3,177,163,35,68,7,1,8,0,26,10,0,46,2,2,1,1,0
2025,R,clemk001,4,137,123,32,67,4,2,9,0,22,9,0,28,2,3,1,1,0
2025,R,clemk001,7,27,23,3,6,0,0,1,0,2,4,1,7,0,0,0,0,0
2025,R,clemk001,8,1,1,0,0,0,0,0,0,0,0,0,1,0,0,0,0,0
2025,R,clemk001,9,31,27,2,5,0,0,1,0,1,4,0,9,0,0,0,0,0
2025,R,clemk001,10,1,1,0,0,0,0,0,0,0,0,0,0,0,0,0,0,0
2025,R,clemk001,11,13,11,2,5,1,1,0,0,1,2,0,2,0,0,0,0,0
2025,R,colez001,7,21,18,4,7,0,0,1,0,4,3,0,11,0,0,0,0,0
2025,R,colez001,8,12,11,4,9,2,0,1,0,3,1,0,4,0,0,0,0,0
2025,R,colez001,9,18,17,4,10,0,0,2,0,4,1,0,4,0,0,0,0,0
2025,R,colez001,11,1,1,0,0,0,0,0,0,0,0,0,1,0,0,0,0,0
2025,R,colli001,4,2,1,1,2,1,0,0,0,0,0,0,0,0,1,0,0,0
2025,R,colli001,7,386,325,87,136,18,2,9,0,49,50,0,82,6,5,3,3,0
2025,R,colli001,9,27,23,5,8,1,1,0,0,3,4,0,4,1,0,0,0,0
2025,R,colli001,10,7,7,1,2,1,0,0,0,0,0,0,3,0,0,0,0,0
2025,R,colli001,11,20,17,4,5,1,0,0,0,2,3,0,5,1,0,0,0,0
2025,R,confm001,7,471,405,82,138,20,0,12,0,34,54,0,116,12,9,0,3,0
2025,R,confm001,11,15,13,1,1,0,0,0,0,2,2,0,5,0,0,0,0,0
2025,R,conig001,7,56,50,15,21,6,0,0,0,6,6,0,17,0,0,0,0,0
2025,R,conig001,9,24,24,4,10,0,0,2,0,2,0,0,7,0,0,0,0,0
2025,R,conig001,10,5,4,1,2,1,0,0,0,0,1,0,1,0,0,0,0,0
2025,R,conig001,11,1,1,0,0,0,0,0,0,0,0,0,0,0,0,0,0,0
2025,R,contw001,3,500,436,116,208,30,1,20,0,75,39,1,126,13,19,1,4,1
2025,R,contw001,10,63,54,10,11,1,0,0,0,5,5,0,16,2,4,0,0,0
2025,R,contw002,2,560,481,127,192,26,0,13,0,67,71,4,96,13,2,0,6,0
2025,R,contw002,7,1,1,0,0,0,0,0,0,0,0,0,0,0,0,0,0,0
2025,R,contw002,10,98,84,20,34,2,0,4,0,9,13,0,24,1,1,0,0,0
2025,R,cookb002,3,1,1,0,0,0,0,0,0,0,0,0,1,0,0,0,0,0
2025,R,cookb002,8,3,3,1,1,0,0,0,0,0,0,0,0,0,0,0,0,0
2025,R,cookb002,9,1,1,0,0,0,0,0,0,0,0,0,0,0,0,0,0,0
2025,R,cookb002,11,1,1,1,1,0,0,0,0,0,0,0,0,0,0,0,0,0
2025,R,corok001,8,4,2,0,0,0,0,0,0,0,2,0,1,0,0,0,0,0
2025,R,corrc001,5,207,188,52,79,9,0,6,0,21,18,0,44,7,1,0,0,0
2025,R,corrc001,6,376,349,96,137,20,0,7,0,31,26,0,69,12,0,0,1,0
2025,R,corrc001,11,1,0,0,0,0,0,0,0,0,1,0,0,0,0,0,0,0
2025,R,cortc001,7,20,20,8,21,4,0,3,0,6,0,0,6,0,0,0,0,0
2025,R,cortc001,9,60,56,16,21,3,1,0,0,5,2,0,11,2,0,0,2,0
2025,R,cortc001,10,3,3,1,1,0,0,0,0,0,0,0,0,0,0,0,0,0
2025,R,cortc001,11,16,15,4,8,1,0,1,0,3,1,0,3,1,0,0,0,0
2025,R,cowsc001,7,165,150,33,60,9,0,6,0,19,11,0,52,3,4,0,0,0
2025,R,cowsc001,8,186,168,30,65,5,0,10,0,21,16,1,72,2,2,0,0,0
2025,R,cowsc001,9,2,2,1,1,0,0,0,0,0,0,0,1,0,0,0,0,0
2025,R,cowsc001,10,4,4,0,0,0,0,0,0,0,0,0,1,0,0,0,0,0
2025,R,cowsc001,11,3,3,0,0,0,0,0,0,0,0,0,2,0,0,0,0,0
2025,R,crawj002,6,654,570,151,211,24,0,12,2,58,74,1,122,11,3,6,1,0
2025,R,crewd001,8,46,42,10,19,0,0,3,0,7,2,0,11,0,2,0,0,0
2025,R,crewd001,9,269,247,51,84,8,2,7,0,20,20,0,65,4,2,0,0,0
2025,R,crewd001,10,7,4,0,0,0,0,0,0,0,2,0,0,0,1,0,0,0
2025,R,crimb001,3,66,57,12,26,2,0,4,0,11,6,0,25,0,1,0,2,0
2025,R,crimb001,10,8,8,1,4,0,0,1,0,1,0,0,3,0,0,0,0,0
2025,R,crimb001,11,2,2,0,0,0,0,0,0,0,0,0,0,0,0,0,0,0
2025,R,cronj001,3,37,29,7,18,2,0,3,0,6,6,0,8,1,2,0,0,0
2025,R,cronj001,4,434,354,86,126,17,1,7,0,48,57,1,87,3,12,4,6,1
2025,R,cronj001,6,33,28,8,12,1,0,1,0,2,4,0,8,0,1,0,0,0
2025,R,cronj001,10,9,7,1,1,0,0,0,0,2,1,0,4,0,0,0,1,0
2025,R,cronj001,11,3,1,1,1,0,0,0,0,1,2,0,0,0,0,0,0,0
2025,R,crooj001,2,45,44,6,11,0,1,1,0,1,0,0,17,1,1,0,0,0
2025,R,crooj001,10,1,1,0,0,0,0,0,0,0,0,0,0,0,0,0,0,0
2025,R,crooj001,11,1,1,0,0,0,0,0,0,0,0,0,0,0,0,0,0,0
2025,R,crowp001,8,641,585,146,284,37,4,31,1,95,29,1,153,1,9,6,12,0
2025,R,crowp001,10,4,4,0,0,0,0,0,0,0,0,0,1,0,0,0,0,0
2025,R,crowp001,11,2,2,0,0,0,0,0,0,0,0,0,1,0,0,0,0,0
2025,R,cruzo001,8,521,450,92,176,18,3,20,2,61,62,4,166,6,4,0,5,0
2025,R,cruzo001,10,13,12,1,1,0,0,0,0,0,1,0,3,0,0,0,0,0
2025,R,cruzo001,11,10,9,1,1,0,0,0,0,0,1,0,5,0,0,0,0,0
2025,R,dalbb001,3,9,8,2,2,0,0,0,0,1,1,0,2,0,0,0,0,0
2025,R,dalbb001,5,3,2,1,2,1,0,0,0,0,1,0,1,0,0,0,0,0
2025,R,dalbb001,6,6,5,0,0,0,0,0,0,0,1,0,2,1,0,0,0,0
2025,R,dalbb001,11,3,3,1,1,0,0,0,0,0,0,0,1,0,0,0,0,0
2025,R,darnt001,2,211,195,39,67,13,0,5,0,19,11,0,66,4,4,0,1,0
2025,R,darnt001,10,12,10,1,1,0,0,0,0,0,2,0,6,1,0,0,0,0
2025,R,darnt001,11,8,8,2,5,0,0,1,0,2,0,0,2,0,0,0,0,0
2025,R,davih001,2,280,250,42,70,7,0,7,0,22,17,0,75,2,5,3,3,2
2025,R,davih001,10,1,1,0,0,0,0,0,0,0,0,0,1,0,0,0,0,0
2025,R,davih001,11,3,2,0,0,0,0,0,0,0,1,0,1,0,0,0,0,0
2025,R,davij006,3,5,5,1,1,0,0,0,0,0,0,0,3,0,0,0,0,0
2025,R,davij006,5,3,3,0,0,0,0,0,0,0,0,0,0,0,0,0,0,0
2025,R,davij006,11,1,1,0,0,0,0,0,0,0,0,0,0,0,0,0,0,0
2025,R,davil002,3,32,28,5,10,2,0,1,0,4,2,0,15,0,0,2,0,0
2025,R,davil002,4,4,4,0,0,0,0,0,0,0,0,0,1,1,0,0,0,0
2025,R,davil002,5,8,8,1,1,0,0,0,0,0,0,0,5,0,0,0,0,0
2025,R,davil002,10,1,0,0,0,0,0,0,0,0,1,0,0,0,0,0,0,0
2025,R,davil002,11,2,2,1,1,0,0,0,0,0,0,0,1,0,0,0,0,0
2025,R,deanj001,8,2,2,0,0,0,0,0,0,0,0,0,1,0,0,0,0,0
2025,R,dejop001,3,5,4,1,4,0,0,1,0,3,1,0,1,0,0,0,0,0
2025,R,dejop001,4,45,42,9,13,1,0,1,0,4,2,0,16,2,0,0,1,0
2025,R,dejop001,5,114,106,26,37,8,0,1,0,9,5,0,44,0,1,0,2,0
2025,R,dejop001,6,33,30,5,9,1,0,1,0,3,3,0,7,1,0,0,0,0
2025,R,dejop001,10,11,11,3,9,0,0,2,0,4,0,0,2,0,0,0,0,0
2025,R,delab001,7,42,39,9,10,1,0,0,0,0,3,0,15,1,0,0,0,0
2025,R,delab001,10,4,4,0,0,0,0,0,0,0,0,0,1,0,0,0,0,0
2025,R,delab001,11,4,4,0,0,0,0,0,0,0,0,0,2,0,0,0,0,0
2025,R,delae003,6,678,609,160,267,30,7,21,1,82,66,10,178,13,2,0,1,0
2025,R,delae003,10,20,19,6,10,1,0,1,0,4,1,0,3,1,0,0,0,0
2025,R,delae003,11,1,1,0,0,0,0,0,0,0,0,0,0,0,0,0,0,0
2025,R,delca001,2,15,12,4,8,1,0,1,0,4,2,0,4,0,1,0,0,0
2025,R,delca001,10,104,99,23,34,5,0,2,0,9,4,0,38,2,0,0,1,0
2025,R,delca001,11,13,10,2,5,0,0,1,0,4,2,0,6,0,0,0,1,0
2025,R,deluj001,8,58,56,18,25,1,3,0,0,4,2,0,13,0,0,0,0,0
2025,R,deluj001,11,1,1,1,1,0,0,0,0,0,0,0,0,0,0,0,0,0
2025,R,devac002,5,36,34,4,4,0,0,0,0,0,2,0,20,1,0,0,0,0
2025,R,devac002,11,2,2,1,2,1,0,0,0,1,0,0,1,0,0,0,0,0
2025,R,dever001,3,125,112,19,38,4,0,5,0,12,13,0,40,4,0,0,0,0
2025,R,dever001,5,4,4,0,0,0,0,0,0,0,0,0,2,0,0,0,0,0
2025,R,dever001,10,599,490,134,253,29,0,30,2,97,99,10,149,12,6,0,4,0
2025,R,dever001,11,1,1,0,0,0,0,0,0,0,0,0,1,0,0,0,0,0
2025,R,dezez001,3,6,5,3,5,2,0,0,0,1,1,0,2,0,0,0,0,0
2025,R,dezez001,7,51,47,6,9,3,0,0,0,2,4,0,22,1,0,0,0,0
2025,R,dezez001,9,40,35,12,16,1,0,1,0,6,5,0,9,1,0,0,0,0
2025,R,dezez001,10,12,11,3,6,0,0,1,0,1,1,0,4,0,0,0,0,0
2025,R,dezez001,11,1,1,0,0,0,0,0,0,0,0,0,1,0,0,0,0,0
2025,R,diaze005,2,263,236,51,85,7,0,9,0,28,20,0,62,10,2,5,0,0
2025,R,diaze005,11,20,19,1,1,0,0,0,0,1,1,0,12,1,0,0,0,0
2025,R,diazy001,3,155,137,49,80,11,1,6,0,21,17,1,21,3,0,0,1,0
2025,R,diazy001,10,496,446,126,201,18,0,19,1,62,40,3,71,9,6,0,4,0
2025,R,diazy004,2,455,437,118,200,23,1,19,1,61,16,1,72,10,1,0,1,0
2025,R,diazy004,10,106,99,20,25,2,0,1,0,9,4,1,21,3,1,0,2,0
2025,R,diazy004,11,7,7,1,1,0,0,0,0,0,0,0,2,0,0,0,0,0
2025,R,dingd001,2,450,417,116,177,20,1,13,0,54,23,2,103,4,9,0,0,1
2025,R,dingd001,10,11,11,3,6,1,1,0,0,1,0,0,5,1,0,0,0,0
2025,R,dingd001,11,8,7,2,2,0,0,0,0,2,0,0,2,0,0,0,1,0
2025,R,domij003,7,381,344,89,138,17,1,10,1,45,31,1,102,5,3,0,3,0
2025,R,domij003,10,41,30,7,8,1,0,0,0,2,10,0,11,0,0,0,1,0
2025,R,domij003,11,7,7,2,2,0,0,0,0,0,0,0,2,0,0,0,0,0
2025,R,donob001,4,411,368,112,163,24,0,9,0,40,33,2,52,2,5,1,4,0
2025,R,donob001,6,21,19,8,11,3,0,0,0,2,1,0,3,0,0,1,0,0
2025,R,donob001,7,74,64,11,18,4,0,1,0,6,8,1,10,2,2,0,0,0
2025,R,donob001,10,7,7,0,0,0,0,0,0,0,0,0,2,0,0,0,0,0
2025,R,donob001,11,2,2,1,2,1,0,0,0,2,0,0,0,0,0,0,0,0
2025,R,doylb001,8,519,484,113,180,21,2,14,0,55,30,0,132,13,0,2,3,0
2025,R,doylb001,10,13,13,2,3,1,0,0,0,0,0,0,5,1,0,0,0,0
2025,R,doylb001,11,7,6,2,6,1,0,1,0,2,0,0,2,0,0,0,1,0
2025,R,dubom001,3,5,5,2,2,0,0,0,0,0,0,0,0,1,0,0,0,0
2025,R,dubom001,4,133,128,34,52,9,0,3,0,14,5,0,7,6,0,0,0,0
2025,R,dubom001,5,58,51,16,19,3,0,0,0,6,5,0,5,2,1,0,1,0
2025,R,dubom001,6,88,79,20,32,3,0,3,0,8,8,0,12,0,0,1,0,0
2025,R,dubom001,7,60,57,9,14,2,0,1,0,3,3,0,12,2,0,0,0,0
2025,R,dubom001,8,37,34,7,10,3,0,0,0,1,2,0,4,1,0,1,0,0
2025,R,dubom001,9,8,6,0,0,0,0,0,0,0,1,0,1,0,0,1,0,0
2025,R,dubom001,11,9,9,1,2,1,0,0,0,1,0,0,1,0,0,0,0,0
2025,R,dunnb001,7,17,14,1,1,0,0,0,0,0,3,0,3,0,0,0,0,0
2025,R,dunnb001,8,14,11,3,6,0,0,1,0,1,2,0,5,0,1,0,0,0
2025,R,dunnb001,9,40,31,5,7,2,0,0,0,6,3,0,17,1,6,0,0,0
2025,R,dunnb001,10,2,2,0,0,0,0,0,0,0,0,0,0,0,0,0,0,0
2025,R,dunnb001,11,2,2,0,0,0,0,0,0,0,0,0,0,0,0,0,0,0
2025,R,dunno001,3,1,1,0,0,0,0,0,0,0,0,0,0,0,0,0,0,0
2025,R,dunno001,5,39,34,6,8,2,0,0,0,6,2,0,10,0,0,2,1,0
2025,R,dunno001,11,1,1,0,0,0,0,0,0,0,0,0,1,0,0,0,0,0
2025,R,durae002,1,1,1,0,0,0,0,0,0,0,0,0,0,0,0,0,0,0
2025,R,durae002,3,54,50,16,20,4,0,0,0,8,4,0,14,2,0,0,0,0
2025,R,durae002,4,36,36,11,14,3,0,0,0,2,0,0,7,0,0,0,0,0
2025,R,durae002,5,30,27,5,9,4,0,0,0,4,1,0,10,0,1,0,1,0
2025,R,durae002,6,55,53,7,9,2,0,0,0,0,1,0,15,0,1,0,0,0
2025,R,durae002,7,8,7,0,0,0,0,0,0,0,0,0,3,0,0,1,0,0
2025,R,durae002,9,15,14,5,6,1,0,0,0,0,1,0,1,1,0,0,0,0
2025,R,durae002,10,8,6,1,1,0,0,0,0,0,0,0,3,0,2,0,0,0
2025,R,durae002,11,13,11,1,1,0,0,0,0,0,1,0,2,0,1,0,0,0
2025,R,duraj001,7,585,528,135,231,31,13,13,0,68,44,0,139,4,9,1,3,0
2025,R,duraj001,8,101,82,22,38,10,0,2,0,14,16,1,26,2,3,0,0,0
2025,R,duraj001,9,1,1,0,0,0,0,0,0,0,0,0,1,0,0,0,0,0
2025,R,duraj001,10,4,4,0,0,0,0,0,0,0,0,0,1,0,0,0,0,0
2025,R,duraj001,11,5,5,2,5,0,0,1,0,2,0,0,2,0,0,0,0,0
2025,R,durbc002,4,16,13,4,8,1,0,1,0,3,1,0,2,0,2,0,0,0
2025,R,durbc002,5,479,424,107,160,23,0,10,0,49,27,0,47,10,22,3,3,0
2025,R,durbc002,6,2,2,2,3,1,0,0,0,0,0,0,0,0,0,0,0,0
2025,R,durbc002,11,9,6,1,1,0,0,0,0,1,2,0,1,0,0,0,1,0
2025,R,eaton001,1,1,1,0,0,0,0,0,0,0,0,0,0,0,0,0,0,0
2025,R,eaton001,5,29,26,7,9,2,0,0,0,1,1,0,12,0,1,0,1,0
2025,R,eaton001,7,6,5,3,3,0,0,0,0,0,1,0,0,0,0,0,0,0
2025,R,eaton001,8,11,10,2,3,1,0,0,0,1,1,0,1,0,0,0,0,0
2025,R,eaton001,9,37,33,11,15,1,0,1,0,2,3,0,6,0,0,1,0,0
2025,R,eaton001,10,4,4,1,1,0,0,0,0,0,0,0,0,0,0,0,0,0
2025,R,eaton001,11,2,2,0,0,0,0,0,0,0,0,0,0,1,0,0,0,0
2025,R,edmat001,4,243,225,56,94,12,1,8,0,32,11,0,40,4,4,0,3,0
2025,R,edmat001,5,44,41,8,14,0,0,2,0,6,1,0,7,0,1,1,0,0
2025,R,edmat001,8,81,71,14,24,1,0,3,0,11,7,0,13,0,1,0,2,0
2025,R,edmat001,10,5,5,0,0,0,0,0,0,0,0,0,1,0,0,0,0,0
2025,R,edmat001,11,4,4,0,0,0,0,0,0,0,0,0,0,0,0,0,0,0
2025,R,edwax001,4,423,388,113,147,17,4,3,0,32,30,1,54,6,2,2,1,0
2025,R,edwax001,6,190,167,44,49,3,1,0,0,11,19,1,32,0,1,1,2,0
2025,R,edwax001,10,4,4,1,1,0,0,0,0,0,0,0,2,0,0,0,0,0
2025,R,edwax001,11,2,2,1,1,0,0,0,0,0,0,0,0,0,0,0,0,0
2025,R,eldrb002,3,15,11,2,3,1,0,0,0,1,2,0,6,0,1,0,1,0
2025,R,eldrb002,10,22,17,1,2,1,0,0,0,3,5,0,7,0,0,0,0,0
2025,R,elkot001,3,64,59,7,17,1,0,3,0,5,5,0,28,0,0,0,0,0
2025,R,elkot001,10,8,8,2,5,0,0,1,0,3,0,0,2,1,0,0,0,0
2025,R,elkot001,11,1,1,0,0,0,0,0,0,0,0,0,0,0,0,0,0,0
2025,R,encac001,3,106,101,22,38,4,0,4,1,15,1,0,24,1,2,0,2,0
2025,R,encac001,5,31,29,5,11,0,0,2,0,4,2,0,8,0,0,0,0,0
2025,R,encaj002,3,3,3,0,0,0,0,0,0,0,0,0,1,1,0,0,0,0
2025,R,encaj002,7,5,5,1,1,0,0,0,0,1,0,0,0,0,0,0,0,0
2025,R,encaj002,9,42,41,9,18,3,0,2,0,6,1,0,12,2,0,0,0,0
2025,R,encaj002,11,6,6,1,1,0,0,0,0,0,0,0,2,0,0,0,0,0
2025,R,englt001,3,23,22,2,3,1,0,0,0,1,1,0,8,0,0,0,0,0
2025,R,escaj001,2,90,77,16,27,5,0,2,0,10,11,0,11,1,1,0,1,0
2025,R,escaj001,3,3,3,1,1,0,0,0,0,0,0,0,1,0,0,0,0,0
2025,R,escaj001,10,1,1,0,0,0,0,0,0,0,0,0,0,0,0,0,0,0
2025,R,escaj001,11,5,4,0,0,0,0,0,0,1,0,0,2,0,0,0,1,0
2025,R,espis001,3,6,4,1,1,0,0,0,0,0,2,0,1,0,0,0,0,0
2025,R,espis001,4,54,52,17,20,3,0,0,0,5,1,0,6,2,0,1,0,0
2025,R,espis001,5,218,202,44,51,7,0,0,0,6,12,0,25,9,1,2,1,0
2025,R,espis001,6,3,3,0,0,0,0,0,0,0,0,0,1,0,0,0,0,0
2025,R,espis001,7,18,15,5,6,1,0,0,0,5,2,0,3,0,0,0,1,0
2025,R,espis001,9,16,13,3,4,1,0,0,0,0,3,0,1,0,0,0,0,0
2025,R,espis001,10,2,1,0,0,0,0,0,0,0,1,0,0,0,0,0,0,0
2025,R,espis001,11,13,12,3,3,0,0,0,0,0,1,0,1,0,0,0,0,0
2025,R,estrt001,4,165,154,39,57,9,0,3,0,21,6,0,26,6,2,0,3,0
2025,R,fairs001,7,8,8,1,2,1,0,0,0,0,0,0,4,0,0,0,0,0
2025,R,fairs001,8,4,3,0,0,0,0,0,0,0,1,0,1,0,0,0,0,0
2025,R,fairs001,9,33,30,7,10,3,0,0,0,2,3,0,6,2,0,0,0,0
2025,R,fairs001,10,2,2,0,0,0,0,0,0,0,0,0,1,0,0,0,0,0
2025,R,fairs001,11,9,9,3,5,0,1,0,0,0,0,0,4,0,0,0,0,0
2025,R,farmk001,3,59,55,12,22,4,0,2,0,8,2,0,15,2,1,0,1,0
2025,R,farmk001,4,105,96,23,38,6,0,3,0,10,8,0,22,5,0,0,1,0
2025,R,farmk001,5,27,25,6,6,0,0,0,0,1,1,0,8,0,1,0,0,0
2025,R,farmk001,6,37,35,10,15,2,0,1,0,7,2,0,4,0,0,0,0,0
2025,R,farmk001,10,66,60,9,17,2,0,2,0,4,4,0,16,1,2,0,0,0
2025,R,farmk001,11,13,11,5,5,0,0,0,0,1,2,0,2,1,0,0,0,0
2025,R,feduh001,2,97,81,12,17,5,0,0,0,7,14,0,25,0,0,0,2,0
2025,R,feduh001,3,1,0,0,0,0,0,0,0,0,1,0,0,0,0,0,0,0
2025,R,feduh001,10,3,3,0,0,0,0,0,0,0,0,0,2,0,0,0,0,0
2025,R,feduh001,11,5,5,1,1,0,0,0,0,1,0,0,3,0,0,0,0,0
2025,R,fermf002,2,331,306,80,108,13,0,5,0,26,17,1,60,5,1,7,0,0
2025,R,fermf002,10,12,10,0,0,0,0,0,0,0,1,0,4,0,1,0,0,0
2025,R,fermf002,11,5,4,0,0,0,0,0,0,0,1,0,2,0,0,0,0,0
2025,R,fermj001,4,40,35,10,13,3,0,0,0,6,3,0,6,0,1,1,0,0
2025,R,fermj001,5,9,6,1,1,0,0,0,0,0,3,0,3,0,0,0,0,0
2025,R,fermj001,7,7,6,2,5,0,0,1,0,2,1,0,0,0,0,0,0,0
2025,R,fermj001,9,4,4,1,2,1,0,0,0,0,0,0,1,0,0,0,0,0
2025,R,fermj001,10,4,3,1,2,1,0,0,0,0,1,0,0,0,0,0,0,0
2025,R,fermj001,11,6,6,2,2,0,0,0,0,1,0,0,0,0,0,0,0,0
2025,R,ferny001,7,6,5,0,0,0,0,0,0,0,1,0,2,1,0,0,0,0
2025,R,ferny001,9,57,53,15,17,2,0,0,0,2,4,0,12,1,0,0,0,0
2025,R,ferny001,10,79,76,15,27,3,0,3,0,6,3,0,30,1,0,0,0,0
2025,R,ferny001,11,8,6,2,5,0,0,1,0,3,1,0,1,1,0,0,1,0
2025,R,fitzr001,1,1,1,1,4,0,0,1,0,2,0,0,0,0,0,0,0,0
2025,R,fitzr001,3,1,1,0,0,0,0,0,0,0,0,0,0,0,0,0,0,0
2025,R,fitzr001,4,18,16,1,4,0,0,1,0,1,2,0,2,0,0,0,0,0
2025,R,fitzr001,5,13,13,4,7,0,0,1,0,3,0,0,0,0,0,0,0,0
2025,R,fitzr001,6,18,13,3,6,0,0,1,0,3,5,0,5,0,0,0,0,0
2025,R,fitzr001,10,1,1,0,0,0,0,0,0,0,0,0,1,0,0,0,0,0
2025,R,fitzr001,11,2,2,0,0,0,0,0,0,0,0,0,1,0,0,0,0,0
2025,R,fitzt001,4,233,209,46,70,10,1,4,0,14,15,0,68,3,2,6,1,0
2025,R,fitzt001,9,9,7,1,1,0,0,0,0,0,2,0,1,0,0,0,0,0
2025,R,fitzt001,11,1,1,0,0,0,0,0,0,0,0,0,1,0,0,0,0,0
2025,R,fletd003,8,8,8,3,6,3,0,0,0,0,0,0,1,1,0,0,0,0
2025,R,fletd003,9,26,24,4,9,2,0,1,0,2,2,0,1,0,0,0,0,0
2025,R,florr004,2,3,3,1,1,0,0,0,0,0,0,0,1,0,0,0,0,0
2025,R,florr004,3,13,11,2,4,2,0,0,0,0,2,0,5,0,0,0,0,0
2025,R,florr004,11,1,1,0,0,0,0,0,0,0,0,0,1,0,0,0,0,0
2025,R,florw001,3,99,90,21,38,2,0,5,1,15,7,0,9,5,2,0,0,0
2025,R,florw001,5,4,4,1,1,0,0,0,0,0,0,0,1,0,0,0,0,0
2025,R,florw001,10,343,310,73,112,6,0,11,0,52,26,0,72,9,5,0,2,0
2025,R,florw001,11,19,17,6,8,2,0,0,0,4,1,0,7,0,0,0,1,0
2025,R,fordh001,2,5,4,1,1,0,0,0,0,0,0,0,2,0,1,0,0,0
2025,R,fordh001,11,3,2,0,0,0,0,0,0,1,0,0,1,0,0,0,1,0
2025,R,fortn001,2,228,206,49,74,8,1,5,0,21,12,0,45,6,7,2,1,0
2025,R,fortn001,10,5,5,0,0,0,0,0,0,0,0,0,0,0,0,0,0,0
2025,R,fortn001,11,13,11,1,2,1,0,0,0,0,2,0,2,1,0,0,0,0
2025,R,foscj001,3,8,8,0,0,0,0,0,0,0,0,0,3,0,0,0,0,0
2025,R,foscj001,10,1,1,1,2,1,0,0,0,2,0,0,0,0,0,0,0,0
2025,R,foscj001,11,1,1,1,2,1,0,0,0,2,0,0,0,0,0,0,0,0
2025,R,fralj001,7,17,15,1,1,0,0,0,0,0,2,0,6,0,0,0,0,0
2025,R,fralj001,9,185,163,44,71,9,0,6,1,23,21,0,38,1,1,0,0,0
2025,R,fralj001,10,2,1,0,0,0,0,0,0,0,1,1,1,0,0,0,0,0
2025,R,fralj001,11,15,13,1,1,0,0,0,0,0,2,1,5,0,0,0,0,0
2025,R,frant002,3,454,410,106,147,23,0,6,0,50,21,1,75,8,20,0,3,0
2025,R,frant002,4,1,1,0,0,0,0,0,0,0,0,0,0,0,0,0,0,0
2025,R,frant002,10,20,19,5,6,1,0,0,0,1,0,0,3,2,1,0,0,0
2025,R,frant002,11,15,14,3,7,1,0,1,0,1,1,0,5,1,0,0,0,0
2025,R,fraza001,4,265,239,59,80,12,0,3,0,22,20,2,49,7,5,0,1,0
2025,R,fraza001,5,17,16,7,7,0,0,0,0,3,0,0,0,0,0,0,1,0
2025,R,fraza001,7,107,101,25,37,3,0,3,0,10,2,0,22,1,1,1,2,0
2025,R,fraza001,9,22,20,7,11,1,0,1,0,3,2,0,2,0,0,0,0,0
2025,R,fraza001,10,28,26,6,8,2,0,0,0,3,0,0,6,0,1,0,1,0
2025,R,fraza001,11,20,17,8,10,2,0,0,0,3,2,0,2,0,1,0,0,0
2025,R,freea001,4,36,29,5,8,0,0,1,0,2,6,0,9,1,0,1,0,0
2025,R,freea001,5,57,52,9,12,1,1,0,0,2,4,0,26,1,1,0,0,0
2025,R,freea001,11,4,3,2,6,1,0,1,0,2,1,0,0,1,0,0,0,0
2025,R,freec003,4,80,73,22,33,2,0,3,0,14,5,0,12,0,0,1,1,0
2025,R,freec003,5,18,18,2,3,1,0,0,0,0,0,0,3,1,0,0,0,0
2025,R,freec003,7,5,5,0,0,0,0,0,0,0,0,0,2,0,0,0,0,0
2025,R,freec003,9,9,9,1,1,0,0,0,0,0,0,0,0,1,0,0,0,0
2025,R,freec003,10,6,6,1,2,1,0,0,0,1,0,0,1,0,0,0,0,0
2025,R,freec003,11,4,4,0,0,0,0,0,0,0,0,0,1,1,0,0,0,0
2025,R,freef001,3,625,555,164,279,39,2,24,0,90,59,6,128,13,6,0,5,0
2025,R,freef001,11,2,1,0,0,0,0,0,0,0,1,1,0,0,0,0,0,0
2025,R,freet001,4,52,44,7,9,0,1,0,0,2,4,0,10,1,3,0,1,0
2025,R,freet001,5,1,1,0,0,0,0,0,0,0,0,0,0,0,0,0,0,0
2025,R,freet001,7,1,1,1,4,0,0,1,0,2,0,0,0,0,0,0,0,0
2025,R,freet001,9,251,221,65,84,14,1,1,0,16,22,0,28,4,5,1,2,0
2025,R,freet001,10,117,104,32,38,6,0,0,0,10,8,0,11,5,3,1,1,0
2025,R,freet001,11,7,7,1,1,0,0,0,0,1,0,0,2,0,0,0,0,0
2025,R,frels001,8,34,32,13,16,3,0,0,0,3,1,0,5,0,1,0,0,0
2025,R,frels001,9,556,492,139,198,17,3,12,0,60,46,0,73,4,6,3,5,4
2025,R,frels001,11,4,4,0,0,0,0,0,0,0,0,0,2,0,0,0,0,0
2025,R,friet001,8,674,568,147,212,22,2,13,0,51,81,0,114,6,16,4,5,0
2025,R,friet001,10,10,10,4,7,0,0,1,0,2,0,0,1,1,0,0,0,0
2025,R,friet001,11,1,1,0,0,0,0,0,0,0,0,0,0,0,0,0,0,0
2025,R,fry-d001,10,135,127,23,50,3,0,8,0,21,7,0,46,3,1,0,0,0
2025,R,fry-d001,11,30,27,3,4,1,0,0,0,2,2,0,15,0,1,0,0,0
2025,R,fulfb001,2,103,92,22,34,5,2,1,0,16,6,0,31,1,2,0,3,0
2025,R,fulfb001,10,16,15,1,1,0,0,0,0,0,1,0,4,0,0,0,0,0
2025,R,fulfb001,11,3,3,0,0,0,0,0,0,0,0,0,2,0,0,0,0,0
2025,R,garca005,9,525,487,109,191,28,0,18,0,72,26,0,129,9,5,0,7,0
2025,R,garca005,10,19,17,4,7,0,0,1,0,2,2,1,5,0,0,0,0,0
2025,R,garca005,11,4,3,2,2,0,0,0,0,1,1,1,1,0,0,0,0,0
2025,R,garca006,2,4,4,0,0,0,0,0,0,0,0,0,3,0,0,0,0,0
2025,R,garcj007,5,1,1,0,0,0,0,0,0,0,0,0,0,0,0,0,0,0
2025,R,garcj007,6,17,16,4,8,1,0,1,0,3,0,0,6,0,1,0,0,0
2025,R,garcj007,8,11,10,0,0,0,0,0,0,0,1,0,3,0,0,0,0,0
2025,R,garcj007,9,1,1,0,0,0,0,0,0,0,0,0,0,0,0,0,0,0
2025,R,garcj007,11,1,1,0,0,0,0,0,0,0,0,0,0,0,0,0,0,0
2025,R,garcj008,7,3,3,1,2,1,0,0,0,0,0,0,1,0,0,0,0,0
2025,R,garcj008,9,6,4,0,0,0,0,0,0,0,2,0,4,0,0,0,0,0
2025,R,garcl006,3,8,7,0,0,0,0,0,0,0,1,0,1,0,0,0,0,0
2025,R,garcl006,4,501,467,117,191,27,1,15,0,61,23,1,79,7,2,0,9,0
2025,R,garcl006,10,6,5,4,5,1,0,0,0,2,1,0,0,0,0,0,0,0
2025,R,garcl006,11,12,10,3,7,1,0,1,0,5,2,0,4,0,0,0,0,0
2025,R,garcm003,4,29,24,5,6,1,0,0,0,0,5,0,6,0,0,0,0,0
2025,R,garcm003,5,549,497,141,224,31,5,14,0,64,44,0,71,12,1,2,5,0
2025,R,garcm003,6,44,36,10,14,4,0,0,0,5,7,0,3,2,0,1,0,0
2025,R,garcm003,8,15,12,6,13,1,0,2,0,4,3,0,2,0,0,0,0,0
2025,R,garcm003,9,4,4,0,0,0,0,0,0,0,0,0,0,0,0,0,0,0
2025,R,garcm003,10,24,21,8,10,2,0,0,0,1,3,0,1,0,0,0,0,0
2025,R,garcm003,11,1,1,0,0,0,0,0,0,0,0,0,1,0,0,0,0,0
2025,R,garvm001,2,171,151,32,49,3,1,4,0,16,17,1,53,4,2,0,1,0
2025,R,garvm001,10,113,98,21,38,2,0,5,0,13,13,0,24,2,1,0,1,0
2025,R,garvm001,11,23,19,4,4,0,0,0,0,1,3,0,6,0,0,0,1,0
2025,R,gaspm001,2,51,46,8,14,0,0,2,0,5,3,0,5,1,1,0,1,0
2025,R,gaspm001,3,8,6,0,0,0,0,0,0,0,2,0,5,0,0,0,0,0
2025,R,gaspm001,4,5,4,0,0,0,0,0,0,0,1,0,2,0,0,0,0,0
2025,R,gaspm001,7,2,1,0,0,0,0,0,0,0,1,0,0,0,0,0,0,0
2025,R,gaspm001,10,37,32,5,6,1,0,0,0,4,3,0,5,0,2,0,0,0
2025,R,gaspm001,11,11,8,2,2,0,0,0,0,2,1,0,5,0,1,1,0,0
2025,R,geloz001,4,101,92,16,25,3,0,2,0,7,7,0,46,0,0,1,1,0
2025,R,gilbd001,8,23,20,5,11,1,1,1,0,4,3,0,4,0,0,0,0,0
2025,R,gilbd001,9,84,78,14,24,4,0,2,0,9,4,0,16,2,1,0,1,0
2025,R,gilbd001,11,2,2,0,0,0,0,0,0,0,0,0,0,0,0,0,0,0
2025,R,gimea001,4,320,286,62,91,8,0,7,0,28,21,0,55,6,11,1,1,0
2025,R,gimea001,6,46,42,7,12,3,1,0,0,6,3,0,11,2,0,0,1,0
2025,R,gimea001,11,3,1,0,0,0,0,0,0,1,1,0,0,0,0,0,1,0
2025,R,goldp001,3,507,466,128,183,29,1,8,0,41,32,2,97,8,4,0,2,3
2025,R,goldp001,10,9,9,3,5,2,0,0,0,2,0,0,2,0,0,0,0,0
2025,R,goldp001,11,18,14,3,9,0,0,2,0,2,4,3,1,0,0,0,0,0
2025,R,gonzn001,4,359,334,90,123,14,2,5,0,23,20,0,63,10,2,0,3,0
2025,R,gonzn001,6,49,47,9,15,4,1,0,0,7,1,0,10,2,0,0,1,0
2025,R,gonzo001,7,42,41,8,9,1,0,0,0,2,1,0,9,1,0,0,0,0
2025,R,gonzo001,9,9,8,3,3,0,0,0,0,1,1,0,1,0,0,0,0,0
2025,R,gonzo001,10,8,8,2,2,0,0,0,0,1,0,0,2,0,0,0,0,0
2025,R,gonzo001,11,2,2,0,0,0,0,0,0,0,0,0,1,0,0,0,0,0
2025,R,gonzr003,3,174,162,46,79,13,1,6,1,31,8,0,40,5,2,0,2,0
2025,R,gonzr003,4,138,126,42,63,8,2,3,0,18,8,0,37,3,1,0,3,0
2025,R,gonzr003,5,5,5,2,3,1,0,0,0,0,0,0,1,0,0,0,0,0
2025,R,gonzr003,10,11,11,2,2,0,0,0,0,0,0,0,0,0,0,0,0,0
2025,R,gonzr003,11,16,14,4,5,1,0,0,0,4,2,1,3,0,0,0,0,0
2025,R,goodh001,2,412,390,113,223,20,3,28,0,71,19,0,104,11,1,0,2,0
2025,R,goodh001,10,160,144,36,54,8,2,2,0,18,14,0,45,5,2,0,0,0
2025,R,goodh001,11,8,7,1,4,0,0,1,0,2,0,0,3,0,1,0,0,0
2025,R,gormn001,3,20,18,4,5,1,0,0,0,1,2,0,7,0,0,0,0,0
2025,R,gormn001,4,101,87,17,33,5,1,3,0,14,12,0,31,1,0,0,2,0
2025,R,gormn001,5,186,162,32,52,5,0,5,0,18,23,1,66,0,0,0,1,0
2025,R,gormn001,10,88,77,19,40,3,0,6,0,13,10,1,29,0,0,0,1,0
2025,R,gormn001,11,7,7,0,0,0,0,0,0,0,0,0,3,0,0,0,0,0
2025,R,gorsm001,3,33,33,7,13,0,0,2,0,4,0,0,15,1,0,0,0,0
2025,R,gorsm001,7,1,1,0,0,0,0,0,0,0,0,0,0,0,0,0,0,0
2025,R,gorsm001,8,4,3,0,0,0,0,0,0,0,1,0,0,0,0,0,0,0
2025,R,gorsm001,11,4,4,1,3,0,1,0,0,0,0,0,1,0,0,0,0,0
2025,R,grayt001,3,7,7,1,1,0,0,0,0,0,0,0,2,0,0,0,0,0
2025,R,grayt001,4,35,33,7,12,2,0,1,0,3,2,0,9,0,0,0,0,0
2025,R,grayt001,5,14,11,0,0,0,0,0,0,0,2,0,3,0,0,1,0,0
2025,R,grayt001,6,26,25,10,19,3,0,2,0,4,1,0,4,0,0,0,0,0
2025,R,grayt001,11,4,2,0,0,0,0,0,0,2,1,0,1,0,0,0,1,0
2025,R,greer003,7,503,460,122,220,27,1,23,1,87,35,1,152,13,3,0,5,0
2025,R,greer003,8,54,50,11,24,1,0,4,0,8,4,0,17,1,0,0,0,0
2025,R,greer003,9,4,4,2,8,0,0,2,0,3,0,0,0,0,0,0,0,0
2025,R,greer003,10,92,84,20,44,3,0,7,0,13,7,0,30,0,1,0,0,0
2025,R,greer003,11,4,4,0,0,0,0,0,0,0,0,0,4,0,0,0,0,0
2025,R,gricr001,7,37,36,7,13,0,0,2,0,3,1,0,8,0,0,0,0,0
2025,R,gricr001,8,1,1,0,0,0,0,0,0,0,0,0,0,0,0,0,0,0
2025,R,gricr001,9,99,93,22,43,7,1,4,0,12,2,0,20,2,1,0,3,0
2025,R,gricr001,10,127,117,29,48,10,0,3,0,11,10,0,26,4,0,0,0,0
2025,R,gricr001,11,50,44,9,15,3,0,1,0,4,6,1,9,2,0,0,0,0
2025,R,grist001,8,573,487,114,224,9,1,33,3,72,81,0,136,7,4,0,1,0
2025,R,grist001,11,8,7,2,5,0,0,1,0,2,1,0,1,0,0,0,0,0
2025,R,guerv002,3,571,493,142,229,27,0,20,0,66,71,6,81,13,5,0,2,0
2025,R,guerv002,10,107,94,30,46,7,0,3,0,17,10,2,13,4,1,0,2,0
2025,R,guerv002,11,2,2,0,0,0,0,0,0,1,0,0,0,0,0,0,0,0
2025,R,guill001,4,6,6,0,0,0,0,0,0,0,0,0,3,1,0,0,0,0
2025,R,guill001,5,13,13,3,3,0,0,0,0,0,0,0,4,1,0,0,0,0
2025,R,guill001,11,2,1,0,0,0,0,0,0,0,1,0,1,0,0,0,0,0
2025,R,gurrl001,7,494,452,113,184,22,2,15,1,69,28,0,69,8,6,0,8,0
2025,R,gurrl001,10,50,46,11,25,2,0,4,0,11,3,0,7,3,0,0,1,0
2025,R,gurrl001,11,3,2,0,0,0,0,0,0,0,1,0,0,0,0,0,0,0
2025,R,gurry001,3,16,14,3,4,1,0,0,0,2,2,0,4,0,0,0,0,0
2025,R,gurry001,10,22,20,1,1,0,0,0,0,1,2,0,4,0,0,0,0,0
2025,R,gurry001,11,7,7,1,1,0,0,0,0,1,0,0,1,0,0,0,0,0
2025,R,guzmd002,6,43,42,8,15,1,0,2,0,3,1,0,22,0,0,0,0,0
2025,R,haase001,2,71,64,16,25,3,0,2,0,9,4,0,30,0,2,1,0,0
2025,R,haase001,10,5,5,0,0,0,0,0,0,0,0,0,1,1,0,0,0,0
2025,R,haase001,11,2,2,0,0,0,0,0,0,0,0,0,0,0,0,0,0,0
2025,R,haggs001,4,1,1,0,0,0,0,0,0,0,0,0,0,0,0,0,0,0
2025,R,haggs001,7,67,58,16,21,3,1,0,0,1,7,1,13,1,1,0,0,1
2025,R,haggs001,8,43,39,10,17,2,1,1,0,2,4,0,7,0,0,0,0,0
2025,R,haggs001,9,18,15,5,7,0,1,0,0,5,2,0,3,0,0,1,0,0
2025,R,haggs001,10,38,35,7,9,2,0,0,0,2,2,0,9,0,1,0,0,0
2025,R,haggs001,11,21,20,4,8,1,0,1,0,3,1,0,6,0,0,0,0,0
2025,R,halpp001,8,7,5,2,2,0,0,0,0,0,2,0,1,0,0,0,0,0
2025,R,halpp001,11,1,1,0,0,0,0,0,0,0,0,0,1,0,0,0,0,0
2025,R,hamid002,4,154,140,30,50,3,1,5,0,14,12,0,35,3,0,2,0,0
2025,R,hamid002,5,1,1,0,0,0,0,0,0,1,0,0,0,0,0,0,0,0
2025,R,hamid002,6,31,28,5,9,1,0,1,0,4,1,0,8,0,1,1,0,0
2025,R,hamid002,10,2,2,0,0,0,0,0,0,0,0,0,1,0,0,0,0,0
2025,R,hamid002,11,6,6,0,0,0,0,0,0,0,0,0,3,0,0,0,0,0
2025,R,hampg001,4,31,23,5,6,1,0,0,0,0,7,0,6,0,0,1,0,0
2025,R,hampg001,5,5,5,0,0,0,0,0,0,0,0,0,4,0,0,0,0,0
2025,R,hampg001,6,11,11,4,5,1,0,0,0,0,0,0,3,0,0,0,0,0
2025,R,hampg001,7,16,15,0,0,0,0,0,0,0,1,0,6,1,0,0,0,0
2025,R,hampg001,8,17,13,1,1,0,0,0,0,0,2,0,3,1,0,2,0,0
2025,R,hampg001,9,7,6,1,1,0,0,0,0,1,1,0,3,0,0,0,0,0
2025,R,hampg001,11,4,4,0,0,0,0,0,0,0,0,0,4,0,0,0,0,0
2025,R,handm001,2,46,40,3,3,0,0,0,0,3,2,0,17,0,1,2,1,0
2025,R,handm001,11,1,1,0,0,0,0,0,0,0,0,0,1,0,0,0,0,0
2025,R,happi001,7,648,556,136,234,32,0,22,1,78,85,2,147,8,2,0,5,0
2025,R,happi001,10,15,13,2,5,0,0,1,0,1,2,0,4,0,0,0,0,0
2025,R,happi001,11,1,1,0,0,0,0,0,0,0,0,0,1,0,0,0,0,0
2025,R,harpb003,3,570,492,128,238,32,0,26,0,74,69,6,119,5,6,0,3,0
2025,R,harpb003,10,10,9,3,6,0,0,1,0,1,1,0,2,0,0,0,0,0
2025,R,harrb002,3,7,6,1,2,1,0,0,0,0,1,0,2,0,0,0,0,0
2025,R,harrb002,5,72,63,18,22,4,0,0,0,5,6,0,19,0,2,0,1,0
2025,R,harrb002,11,5,4,1,1,0,0,0,0,0,0,0,0,1,0,1,0,0
2025,R,harrd003,7,22,21,7,12,2,0,1,0,1,1,0,5,0,0,0,0,0
2025,R,harrd003,8,8,6,0,0,0,0,0,0,0,2,0,3,0,0,0,0,0
2025,R,harrd003,9,6,6,1,2,1,0,0,0,1,0,0,2,0,0,0,0,0
2025,R,harrd003,10,4,4,0,0,0,0,0,0,0,0,0,1,1,0,0,0,0
2025,R,harrd003,11,3,3,0,0,0,0,0,0,0,0,0,2,0,0,0,0,0
2025,R,harrm004,8,639,609,151,249,26,6,20,1,86,16,1,128,7,3,4,7,0
2025,R,harrm004,11,2,2,1,1,0,0,0,0,0,0,0,0,0,0,0,0,0
2025,R,hassr002,7,11,9,1,2,1,0,0,0,1,1,0,5,0,1,0,0,0
2025,R,hassr002,8,158,155,35,47,3,0,3,0,15,3,0,49,3,0,0,0,0
2025,R,hassr002,9,24,22,5,8,3,0,0,0,1,2,0,5,1,0,0,0,0
2025,R,hassr002,10,4,2,0,0,0,0,0,0,1,2,0,0,0,0,0,0,0
2025,R,hassr002,11,9,9,3,5,2,0,0,0,0,0,0,3,0,0,0,0,0
2025,R,hayek001,5,568,525,123,160,16,3,5,0,48,36,1,110,12,5,1,1,0
2025,R,hayek001,11,2,2,1,1,0,0,0,0,1,0,0,1,0,0,0,0,0
2025,R,haysa001,7,248,228,64,108,9,4,9,0,35,15,1,67,7,1,0,4,0
2025,R,haysa001,10,162,147,37,64,7,1,6,0,29,13,1,39,2,0,0,2,0
2025,R,haysa001,11,8,7,0,0,0,0,0,0,0,1,0,2,0,0,0,0,0
2025,R,hedga001,2,180,155,25,43,3,0,5,0,10,18,0,43,2,1,4,2,0
2025,R,heimj001,2,344,313,71,107,9,0,9,0,34,26,0,62,9,1,1,3,0
2025,R,heimj001,10,85,79,13,24,5,0,2,0,8,6,0,23,1,0,0,0,0
2025,R,heimj001,11,11,9,1,4,0,0,1,0,3,1,0,7,0,0,0,1,0
2025,R,heint001,2,172,148,43,62,8,1,3,0,20,11,0,31,1,6,5,2,0
2025,R,heint001,11,2,1,0,0,0,0,0,0,0,1,0,0,0,0,0,0,0
2025,R,helmm001,0,1,1,1,1,0,0,0,0,0,0,0,0,0,0,0,0,0
2025,R,helmm001,8,103,93,21,43,5,1,5,1,20,6,0,19,0,1,3,0,0
2025,R,helmm001,11,6,5,1,1,0,0,0,0,0,1,0,2,0,0,0,0,0
2025,R,hendg002,6,611,540,146,233,32,5,15,0,61,59,5,123,6,7,0,5,0
2025,R,hendg002,10,36,34,10,15,2,0,1,0,4,2,1,14,1,0,0,0,0
2025,R,hendg002,11,4,3,2,5,0,0,1,0,3,1,0,0,0,0,0,0,0
2025,R,hernd006,4,44,40,7,7,0,0,0,0,6,1,0,6,0,0,2,1,0
2025,R,hernd006,5,62,56,12,13,1,0,0,0,0,6,0,8,2,0,0,0,0
2025,R,hernd006,6,91,77,21,33,4,1,2,0,10,10,0,10,0,0,0,4,0
2025,R,herne001,1,2,2,0,0,0,0,0,0,0,0,0,2,0,0,0,0,0
2025,R,herne001,3,75,68,14,28,2,0,4,0,13,6,0,20,2,0,0,1,0
2025,R,herne001,4,36,34,6,10,1,0,1,0,2,2,0,12,1,0,0,0,0
2025,R,herne001,5,83,75,19,32,4,0,3,0,14,3,0,18,3,0,1,4,0
2025,R,herne001,7,23,22,1,1,0,0,0,0,0,1,0,6,0,0,0,0,0
2025,R,herne001,8,18,14,5,8,0,0,1,0,3,4,0,4,0,0,0,0,0
2025,R,herne001,10,2,2,1,2,1,0,0,0,0,0,0,0,0,0,0,0,0
2025,R,herne001,11,19,17,2,6,1,0,1,0,3,2,0,6,1,0,0,0,0
2025,R,hernh001,7,121,102,25,37,1,1,3,0,15,15,0,33,4,2,0,2,0
2025,R,hernh001,9,37,34,8,16,2,0,2,0,9,2,0,9,0,0,0,1,0
2025,R,hernh001,10,126,112,33,57,9,0,5,0,20,12,0,33,2,1,0,1,0
2025,R,hernh001,11,12,10,3,6,0,0,1,0,3,2,0,2,0,0,0,0,0
2025,R,hernt002,9,544,511,126,232,29,1,25,0,89,24,0,134,13,3,0,5,1
2025,R,hernt002,11,2,0,0,0,0,0,0,0,0,2,0,0,0,0,0,0,0
2025,R,herri001,2,54,49,19,39,2,0,6,0,15,4,0,9,3,1,0,0,0
2025,R,herri001,7,16,14,3,3,0,0,0,0,0,1,0,2,0,0,0,0,1
2025,R,herri001,10,381,324,88,138,11,0,13,0,51,38,1,73,17,14,0,4,1
2025,R,herri001,11,1,1,0,0,0,0,0,0,0,0,0,0,0,0,0,0,0
2025,R,herrj003,1,1,1,0,0,0,0,0,0,0,0,0,1,0,0,0,0,0
2025,R,herrj003,2,203,165,31,43,6,0,2,0,17,23,0,46,2,1,11,3,0
2025,R,heywj001,7,81,72,13,21,2,0,2,0,10,6,0,16,1,0,0,2,1
2025,R,heywj001,8,3,3,0,0,0,0,0,0,0,0,0,2,0,0,0,0,0
2025,R,heywj001,9,7,6,1,1,0,0,0,0,1,0,0,0,0,0,0,1,0
2025,R,heywj001,11,4,4,1,1,0,0,0,0,1,0,0,2,0,0,0,0,0
2025,R,hickb003,8,4,3,2,2,0,0,0,0,0,1,0,1,0,0,0,0,0
2025,R,hickl001,2,193,162,36,52,4,0,4,0,25,19,0,28,3,8,3,1,0
2025,R,hickl001,3,96,82,21,25,4,0,0,0,7,13,0,11,0,0,0,1,0
2025,R,hickl001,10,77,69,22,34,4,1,2,0,10,8,0,14,1,0,0,0,0
2025,R,hickl001,11,26,21,4,5,1,0,0,0,4,3,0,3,1,1,0,1,0
2025,R,higak001,2,256,236,58,97,9,0,10,0,40,16,0,59,3,2,0,2,0
2025,R,higak001,10,69,65,15,25,5,1,1,0,7,4,0,12,2,0,0,0,0
2025,R,higak001,11,8,7,2,3,1,0,0,0,2,1,0,2,0,0,0,0,0
2025,R,hilld002,8,138,124,26,38,6,0,2,0,10,9,0,44,3,2,3,0,0
2025,R,hilld002,10,5,5,1,1,0,0,0,0,0,0,0,2,0,0,0,0,0
2025,R,hilld002,11,6,5,2,5,0,0,1,0,1,0,0,2,0,1,0,0,0
2025,R,hills005,7,27,21,3,8,2,0,1,0,2,6,0,12,0,0,0,0,0
2025,R,hills005,8,20,17,5,6,1,0,0,0,0,3,0,6,0,0,0,0,0
2025,R,hills005,9,8,8,0,0,0,0,0,0,0,0,0,4,0,0,0,0,0
2025,R,hills005,10,4,3,0,0,0,0,0,0,0,1,0,1,1,0,0,0,0
2025,R,hills005,11,4,4,2,7,0,1,1,0,1,0,0,1,0,0,0,0,0
2025,R,hindr001,9,43,42,5,12,1,0,2,0,3,1,0,20,1,0,0,0,0
2025,R,hindr001,11,1,1,0,0,0,0,0,0,0,0,0,1,0,0,0,0,0
2025,R,hiurk001,3,21,18,4,5,1,0,0,0,1,0,0,7,0,3,0,0,0
2025,R,hoern001,4,634,584,173,230,28,4,7,0,59,39,1,47,4,7,0,4,0
2025,R,hoern001,6,15,15,5,6,1,0,0,0,2,0,0,2,0,0,0,0,0
2025,R,hollj003,4,603,544,128,199,19,2,16,1,49,54,1,132,3,5,0,0,0
2025,R,hollj003,6,27,25,10,14,2,1,0,0,5,1,0,4,1,0,0,1,0
2025,R,hollj003,10,18,17,4,7,0,0,1,0,1,1,0,4,0,0,0,0,0
2025,R,hollj003,11,1,0,0,0,0,0,0,0,0,0,0,0,0,1,0,0,0
2025,R,horws001,3,395,351,96,154,25,0,11,1,51,41,1,70,6,2,0,1,0
2025,R,horws001,4,4,3,2,2,0,0,0,0,0,1,0,0,0,0,0,0,0
2025,R,horws001,10,1,1,0,0,0,0,0,0,0,0,0,0,0,0,0,0,0
2025,R,horws001,11,12,10,1,2,1,0,0,0,0,2,0,3,1,0,0,0,0
2025,R,hoskr001,3,311,263,63,112,11,1,12,0,42,37,2,84,6,5,0,6,0
2025,R,hoskr001,10,8,7,2,3,1,0,0,0,0,1,0,2,0,0,0,0,0
2025,R,hoskr001,11,9,9,1,1,0,0,0,0,1,0,0,5,0,0,0,0,0
2025,R,housb001,5,272,259,61,84,11,0,4,0,29,8,0,77,10,0,0,5,0
2025,R,housb001,11,2,2,0,0,0,0,0,0,0,0,0,1,1,0,0,0,0
2025,R,huffs001,2,58,53,11,18,1,0,2,0,4,4,0,25,2,0,0,1,0
2025,R,hummc001,1,1,1,0,0,0,0,0,0,0,0,0,0,0,0,0,0,0
2025,R,hummc001,7,82,69,11,20,0,0,3,0,5,10,0,22,1,2,1,0,0
2025,R,hummc001,9,1,1,0,0,0,0,0,0,0,0,0,1,0,0,0,0,0
2025,R,hummc001,10,11,9,1,1,0,0,0,0,0,2,0,4,0,0,0,0,0
2025,R,hummc001,11,10,8,3,3,0,0,0,0,2,2,0,4,0,0,0,0,0
2025,R,hurtj001,7,9,8,0,0,0,0,0,0,0,0,0,5,0,1,0,0,0
2025,R,hurtj001,9,1,1,0,0,0,0,0,0,0,0,0,0,0,0,0,0,0
2025,R,hurtj001,11,5,3,1,1,0,0,0,0,0,1,0,1,0,1,0,0,0
2025,R,ibana001,3,7,6,4,4,0,0,0,0,0,1,0,0,0,0,0,0,0
2025,R,ibana001,4,10,8,0,0,0,0,0,0,0,2,0,1,0,0,0,0,0
2025,R,ibana001,5,128,120,25,42,8,0,3,0,17,4,0,20,3,3,0,1,0
2025,R,ibana001,7,1,1,1,1,0,0,0,0,1,0,0,0,0,0,0,0,0
2025,R,ibana001,10,5,5,1,1,0,0,0,0,0,0,0,2,1,0,0,0,0
2025,R,ibana001,11,46,40,12,15,0,0,1,0,3,5,0,5,3,1,0,0,0
2025,R,iglej001,4,129,116,25,29,4,0,0,0,15,8,0,22,1,3,2,0,0
2025,R,iglej001,5,73,66,22,28,3,0,1,0,7,4,0,11,2,1,1,1,0
2025,R,iglej001,6,96,86,16,23,4,0,1,0,5,7,0,19,4,2,1,0,0
2025,R,iglej001,7,2,2,0,0,0,0,0,0,0,0,0,0,0,0,0,0,0
2025,R,iglej001,10,30,25,4,7,0,0,1,0,5,3,0,4,0,1,0,1,0
2025,R,iglej001,11,23,20,5,5,0,0,0,0,5,3,0,2,0,0,0,0,0
2025,R,indij001,4,295,257,60,92,14,0,6,0,23,28,0,60,7,9,1,0,0
2025,R,indij001,5,76,67,16,19,3,0,0,0,7,8,0,14,1,1,0,0,0
2025,R,indij001,7,76,64,17,25,5,0,1,0,4,11,0,10,0,0,0,1,0
2025,R,indij001,10,117,106,23,36,7,0,2,0,11,7,0,21,2,3,0,1,0
2025,R,indij001,11,3,3,0,0,0,0,0,0,0,0,0,1,0,0,0,0,0
2025,R,isbek001,8,403,366,94,130,16,4,4,0,33,19,0,73,7,2,13,3,0
2025,R,isbek001,11,6,2,0,0,0,0,0,0,0,4,0,1,0,0,0,0,0
2025,R,jacka002,2,98,89,19,39,8,0,4,0,7,5,0,37,2,4,0,0,0
2025,R,jacka002,10,1,1,1,4,0,0,1,0,1,0,0,0,0,0,0,0,0
2025,R,jacka002,11,2,2,1,4,0,0,1,0,1,0,0,0,0,0,0,0,0
2025,R,jackj002,4,1,1,0,0,0,0,0,0,0,0,0,0,0,0,0,0,0
2025,R,jackj002,5,43,39,9,17,5,0,1,0,6,4,0,8,3,0,0,0,0
2025,R,jackj002,9,124,115,33,52,5,1,4,0,14,7,0,36,3,2,0,0,0
2025,R,jackj002,10,11,11,4,4,0,0,0,0,0,0,0,4,0,0,0,0,0
2025,R,jackj002,11,4,4,1,3,0,1,0,0,1,0,0,2,0,0,0,0,0
2025,R,jankt001,7,15,15,5,6,1,0,0,0,0,0,0,3,0,0,0,0,0
2025,R,jankt001,8,4,4,1,1,0,0,0,0,0,0,0,0,0,0,0,0,0
2025,R,jankt001,9,27,23,5,6,1,0,0,0,2,3,0,8,0,0,0,1,0
2025,R,jankt001,10,1,0,0,0,0,0,0,0,0,0,0,0,0,0,1,0,0
2025,R,jankt001,11,4,3,0,0,0,0,0,0,0,0,0,1,0,0,1,0,0
2025,R,jansd001,2,325,277,60,113,11,0,14,0,35,41,0,79,5,4,1,2,0
2025,R,jansd001,10,5,5,0,0,0,0,0,0,0,0,0,4,0,0,0,0,0
2025,R,jansd001,11,11,10,2,2,0,0,0,0,1,1,0,6,0,0,0,0,0
2025,R,jeffr002,2,338,296,73,110,19,0,6,0,34,37,1,65,7,4,0,1,0
2025,R,jeffr002,10,122,107,35,51,7,0,3,0,13,12,0,25,2,3,0,0,0
2025,R,jeffr002,11,8,6,2,2,0,0,0,0,0,2,0,1,0,0,0,0,0
2025,R,jensc001,2,27,26,10,20,1,0,3,0,6,1,0,5,0,0,0,0,0
2025,R,jensc001,10,39,32,7,12,5,0,0,0,6,7,0,6,1,0,0,0,0
2025,R,jensc001,11,4,3,1,1,0,0,0,0,1,1,0,2,0,0,0,0,0
2025,R,jimel003,4,27,24,2,5,0,0,1,0,1,2,0,6,1,0,1,0,0
2025,R,jimel003,6,2,2,0,0,0,0,0,0,0,0,0,0,0,0,0,0,0
2025,R,jimel003,11,3,3,0,0,0,0,0,0,0,0,0,2,0,0,0,0,0
2025,R,joe-c001,3,10,9,2,3,1,0,0,0,0,1,0,2,0,0,0,0,0
2025,R,joe-c001,7,18,14,3,3,0,0,0,0,2,3,0,4,0,0,0,1,0
2025,R,joe-c001,8,4,4,0,0,0,0,0,0,0,0,0,2,0,0,0,0,0
2025,R,joe-c001,9,32,32,6,8,2,0,0,0,0,0,0,6,2,0,0,0,0
2025,R,joe-c001,10,5,2,0,0,0,0,0,0,1,2,0,2,0,0,0,1,0
2025,R,joe-c001,11,15,10,2,3,1,0,0,0,2,3,0,5,0,1,0,1,0
2025,R,johnb005,7,39,37,10,12,2,0,0,0,3,1,0,11,1,0,1,0,0
2025,R,johnb005,8,30,28,13,15,2,0,0,0,2,0,0,4,0,1,1,0,0
2025,R,johnb005,9,10,7,1,1,0,0,0,0,1,1,0,2,0,1,1,0,0
2025,R,johnb005,11,5,4,2,5,0,0,1,0,2,1,0,2,0,0,0,0,0
2025,R,johnd006,7,11,9,3,4,1,0,0,0,0,2,0,1,0,0,0,0,0
2025,R,johnd006,8,28,27,4,6,2,0,0,0,0,1,0,7,0,0,0,0,0
2025,R,johnd006,9,13,13,2,2,0,0,0,0,0,0,0,3,0,0,0,0,0
2025,R,johnd006,11,5,4,1,4,0,0,1,0,1,1,0,2,0,0,0,0,0
2025,R,johnt003,3,42,37,12,21,0,0,3,0,5,4,0,9,0,1,0,0,0
2025,R,johnt003,7,30,29,11,14,1,1,0,0,4,1,0,4,0,0,0,0,0
2025,R,johnt003,9,33,31,8,12,1,0,1,0,4,2,0,7,0,0,0,0,0
2025,R,johnt003,10,12,12,0,0,0,0,0,0,0,0,0,6,1,0,0,0,0
2025,R,johnt003,11,6,5,0,0,0,0,0,0,0,1,0,1,0,0,0,0,0
2025,R,joneg003,9,1,1,0,0,0,0,0,0,0,0,0,1,0,0,0,0,0
2025,R,joneg003,11,1,1,0,0,0,0,0,0,0,0,0,1,0,0,0,0,0
2025,R,jonej007,7,16,13,3,6,1,1,0,0,4,2,0,3,0,1,0,0,0
2025,R,jonej007,9,13,10,4,5,1,0,0,0,3,2,0,1,0,1,0,0,0
2025,R,jonej007,10,95,83,24,46,7,0,5,0,12,11,0,23,1,1,0,0,0
2025,R,jonej007,11,37,33,7,16,3,0,2,0,5,4,1,9,2,0,0,0,0
2025,R,jonen002,7,32,25,6,6,0,0,0,0,3,4,0,8,0,3,0,0,0
2025,R,jonen002,8,85,76,12,13,1,0,0,0,5,9,1,29,1,0,0,0,0
2025,R,jonen002,9,267,238,54,85,12,2,5,0,24,24,0,72,5,2,1,2,0
2025,R,jonen002,11,19,16,3,4,1,0,0,0,2,2,0,4,0,0,0,1,0
2025,R,judga001,9,425,341,121,244,20,2,33,1,77,75,25,105,7,3,0,6,0
2025,R,judga001,10,253,199,58,128,10,0,20,0,37,49,11,54,9,4,0,1,0
2025,R,judga001,11,1,1,0,0,0,0,0,0,0,0,0,1,0,0,0,0,0
2025,R,julie001,3,75,65,17,23,3,0,1,0,2,9,0,21,1,0,1,0,0
2025,R,julie001,4,87,77,15,25,4,0,2,0,7,9,0,25,2,0,0,1,0
2025,R,julie001,10,39,33,7,10,3,0,0,0,3,4,0,13,0,2,0,0,0
2025,R,julie001,11,7,7,1,1,0,0,0,0,0,0,0,2,0,0,0,0,0
2025,R,julkc001,7,13,12,3,5,2,0,0,0,1,0,0,3,0,0,0,1,0
2025,R,jungj001,5,494,467,119,183,23,1,13,0,58,25,0,123,9,2,0,0,0
2025,R,jungj001,10,14,12,2,5,0,0,1,0,3,2,0,5,1,0,0,0,0
2025,R,jungj001,11,5,5,0,0,0,0,0,0,0,0,0,2,0,0,0,0,0
2025,R,jungj002,5,53,45,5,5,0,0,0,0,3,7,0,15,2,1,0,0,0
2025,R,jungj002,11,2,2,0,0,0,0,0,0,0,0,0,1,0,0,0,0,0
2025,R,kaisc001,4,18,17,2,3,1,0,0,0,2,1,0,5,1,0,0,0,0
2025,R,kaisc001,11,1,1,0,0,0,0,0,0,0,0,0,0,0,0,0,0,0
2025,R,karrk001,5,152,133,31,38,4,0,1,0,9,15,0,39,5,2,0,2,0
2025,R,karrk001,10,4,4,0,0,0,0,0,0,0,0,0,2,0,0,0,0,0
2025,R,kavan001,3,22,19,2,2,0,0,0,0,0,3,0,10,0,0,0,0,0
2025,R,kavan001,11,1,1,0,0,0,0,0,0,0,0,0,0,0,0,0,0,0
2025,R,kayfc001,3,48,42,11,21,4,0,2,0,7,4,0,18,0,1,0,1,0
2025,R,kayfc001,9,83,74,15,28,5,1,2,0,12,7,0,19,0,1,1,0,0
2025,R,kayfc001,10,4,4,1,2,1,0,0,0,0,0,0,1,0,0,0,0,0
2025,R,kayfc001,11,3,3,0,0,0,0,0,0,0,0,0,0,0,0,0,0,0
2025,R,keasl001,4,180,161,47,71,12,0,4,0,27,14,0,26,4,4,0,1,0
2025,R,keasl001,10,27,21,8,10,2,0,0,0,1,5,0,3,0,1,0,0,0
2025,R,keird001,0,1,1,0,0,0,0,0,0,0,0,0,0,0,0,0,0,0
2025,R,keird001,7,23,22,1,4,0,0,1,0,2,1,0,7,0,0,0,0,0
2025,R,keird001,8,36,34,4,7,0,0,1,0,3,1,0,14,1,1,0,0,0
2025,R,keird001,9,24,23,4,4,0,0,0,0,1,0,0,9,0,0,1,0,0
2025,R,keird001,11,4,4,0,0,0,0,0,0,0,0,0,3,0,0,0,0,0
2025,R,keitc001,3,71,62,18,27,3,0,2,0,8,9,0,16,1,0,0,0,0
2025,R,keitc001,4,85,70,19,32,7,0,2,0,6,14,0,16,1,0,0,1,0
2025,R,keitc001,5,122,111,32,51,5,1,4,0,12,8,1,21,2,1,0,2,0
2025,R,keitc001,10,177,161,33,53,6,1,4,0,16,14,0,47,3,1,0,1,0
2025,R,keitc001,11,22,18,5,9,1,0,1,0,4,3,0,4,1,0,0,1,0
2025,R,kelej001,7,1,1,0,0,0,0,0,0,0,0,0,1,0,0,0,0,0
2025,R,kelej001,9,62,58,10,18,2,0,2,0,2,4,0,22,1,0,0,0,0
2025,R,kelej001,11,2,1,0,0,0,0,0,0,0,1,0,0,0,0,0,0,0
2025,R,kellc002,2,402,355,90,155,12,1,17,0,49,40,0,78,11,3,0,4,0
2025,R,kellc002,10,12,10,1,2,1,0,0,0,1,2,0,2,0,0,0,0,0
2025,R,kellc002,11,7,4,1,1,0,0,0,0,0,3,0,0,0,0,0,0,0
2025,R,kempo001,3,64,57,16,29,4,0,3,0,13,3,0,15,1,4,0,0,0
2025,R,kempo001,4,8,8,1,1,0,0,0,0,0,0,0,3,0,0,0,0,0
2025,R,kempo001,5,112,100,22,42,5,0,5,0,12,7,0,36,3,3,0,2,0
2025,R,kempo001,7,28,26,5,7,2,0,0,0,3,2,0,11,0,0,0,0,0
2025,R,kempo001,11,6,6,2,2,0,0,0,0,0,0,0,2,0,0,0,0,0
2025,R,kennb002,3,6,5,0,0,0,0,0,0,0,1,0,1,0,0,0,0,0
2025,R,kennb002,4,3,2,0,0,0,0,0,0,0,1,0,0,0,0,0,0,0
2025,R,kennb002,5,22,21,2,3,1,0,0,0,1,0,0,6,0,1,0,0,0
2025,R,kennb002,10,1,1,0,0,0,0,0,0,0,0,0,1,0,0,0,0,0
2025,R,kennb002,11,1,1,0,0,0,0,0,0,0,0,0,1,0,0,0,0,0
2025,R,keplm001,7,354,309,59,106,14,0,11,0,29,40,3,68,9,2,1,2,0
2025,R,keplm001,8,1,1,1,4,0,0,1,0,1,0,0,0,0,0,0,0,0
2025,R,keplm001,9,105,94,30,53,5,0,6,0,22,8,0,20,1,1,0,2,0
2025,R,keplm001,11,14,13,0,0,0,0,0,0,0,0,0,5,0,1,0,0,0
2025,R,kiebc001,3,7,7,2,2,0,0,0,0,1,0,0,1,0,0,0,0,0
2025,R,kiebc001,11,1,1,0,0,0,0,0,0,0,0,0,0,0,0,0,0,0
2025,R,kim-h002,4,21,17,2,2,0,0,0,0,0,4,0,5,0,0,0,0,0
2025,R,kim-h002,6,169,153,38,57,4,0,5,0,17,12,0,33,2,2,0,2,0
2025,R,kim-h002,11,1,1,0,0,0,0,0,0,0,0,0,1,0,0,0,0,0
2025,R,kim-h003,4,110,103,27,35,2,0,2,0,10,5,0,38,0,1,1,0,0
2025,R,kim-h003,6,18,17,6,9,0,0,1,0,2,1,0,4,0,0,0,0,0
2025,R,kim-h003,8,35,34,12,18,4,1,0,0,5,1,0,7,0,0,0,0,0
2025,R,kim-h003,11,7,7,0,0,0,0,0,0,0,0,0,3,0,0,0,0,0
2025,R,kinei001,4,7,7,3,3,0,0,0,0,2,0,0,0,0,0,0,0,0
2025,R,kinei001,5,108,103,22,31,7,1,0,0,8,2,0,21,3,1,2,0,0
2025,R,kinei001,6,339,316,87,109,14,1,2,0,30,15,0,55,6,4,3,1,0
2025,R,kinei001,11,5,5,1,1,0,0,0,0,0,0,0,1,0,0,0,0,0
2025,R,kings001,1,1,1,0,0,0,0,0,0,0,0,0,0,0,0,0,0,0
2025,R,kings001,4,19,18,3,4,1,0,0,0,0,1,0,6,1,0,0,0,0
2025,R,kings001,6,5,4,1,1,0,0,0,0,0,1,0,2,0,0,0,0,0
2025,R,kings001,8,2,2,0,0,0,0,0,0,0,0,0,2,0,0,0,0,0
2025,R,kings001,11,2,2,0,0,0,0,0,0,0,0,0,1,0,0,0,0,0
2025,R,kirka001,2,464,412,114,177,18,0,15,1,70,46,2,49,16,1,0,5,0
2025,R,kirka001,10,30,27,7,7,0,0,0,0,2,2,0,6,0,0,0,1,0
2025,R,kirka001,11,12,12,6,6,0,0,0,0,4,0,0,4,0,0,0,0,0
2025,R,kjerh001,7,90,83,12,23,2,0,3,0,9,4,0,25,6,3,0,0,0
2025,R,kjerh001,9,69,65,17,27,3,2,1,0,9,2,0,14,3,1,0,1,0
2025,R,kjerh001,10,4,4,1,1,0,0,0,0,1,0,0,2,0,0,0,0,0
2025,R,kjerh001,11,4,4,0,0,0,0,0,0,0,0,0,4,0,0,0,0,0
2025,R,kniza001,2,87,76,17,23,1,1,1,0,5,7,0,10,0,2,1,1,0
2025,R,kniza001,10,1,1,0,0,0,0,0,0,0,0,0,0,0,0,0,0,0
2025,R,kniza001,11,1,1,0,0,0,0,0,0,0,0,0,0,0,0,0,0,0
2025,R,kossc001,0,1,1,0,0,0,0,0,0,0,0,0,1,0,0,0,0,0
2025,R,kossc001,4,137,123,28,41,4,0,3,1,20,8,0,33,4,2,2,2,0
2025,R,kossc001,5,33,31,14,19,5,0,0,0,3,1,0,4,0,1,0,0,0
2025,R,kossc001,6,14,14,2,2,0,0,0,0,0,0,0,5,0,0,0,0,0
2025,R,kossc001,10,1,0,0,0,0,0,0,0,0,0,0,0,0,0,1,0,0
2025,R,kossc001,11,5,5,2,2,0,0,0,0,0,0,0,2,0,0,0,0,0
2025,R,kreir001,8,44,38,4,4,0,0,0,0,0,4,0,19,0,0,2,0,0
2025,R,kurtn001,3,465,398,114,236,25,2,31,2,76,61,3,140,4,2,0,3,1
2025,R,kurtn001,10,23,21,7,20,1,0,4,0,8,2,0,11,0,0,0,0,0
2025,R,kurtn001,11,1,1,1,4,0,0,1,0,2,0,0,0,0,0,0,0,0
2025,R,kwans001,7,676,610,166,230,29,1,11,0,56,53,2,58,3,3,3,7,0
2025,R,kwans001,10,17,15,4,4,0,0,0,0,0,2,0,2,0,0,0,0,0
2025,R,langs001,2,448,409,110,215,27,0,26,1,59,34,1,84,9,1,0,4,0
2025,R,langs001,10,72,69,23,43,5,0,5,0,13,2,0,17,1,0,0,1,0
2025,R,langs001,11,4,4,0,0,0,0,0,0,0,0,0,3,0,0,0,0,0
2025,R,langw001,7,418,360,85,158,17,1,18,0,49,51,0,116,7,3,0,4,0
2025,R,langw001,8,155,129,33,53,8,0,4,0,13,23,3,35,2,2,0,1,0
2025,R,larnt001,7,69,60,17,23,0,0,2,0,6,9,1,14,1,0,0,0,0
2025,R,larnt001,9,151,135,34,58,4,1,6,0,15,13,0,36,5,1,0,1,1
2025,R,larnt001,10,341,302,72,118,19,0,9,0,39,31,1,70,13,3,0,5,0
2025,R,larnt001,11,9,8,4,6,2,0,0,0,0,1,1,2,0,0,0,0,0
2025,R,laurr001,7,233,213,59,111,12,2,12,0,34,17,0,62,4,1,0,2,0
2025,R,laurr001,8,51,47,15,27,3,0,3,1,10,2,0,11,2,2,0,0,0
2025,R,laurr001,9,164,148,42,75,9,0,8,0,26,12,1,37,4,4,0,0,0
2025,R,laurr001,10,34,30,7,9,2,0,0,0,4,2,0,8,0,1,0,1,0
2025,R,laurr001,11,8,5,1,4,0,0,1,0,2,2,0,1,0,0,0,1,0
2025,R,lawlj001,4,15,13,0,0,0,0,0,0,0,2,0,5,0,0,0,0,0
2025,R,lawlj001,5,34,31,7,11,4,0,0,0,2,1,0,15,0,1,0,1,0
2025,R,lawlj001,6,4,3,0,0,0,0,0,0,0,1,0,1,0,0,0,0,0
2025,R,lawlj001,10,15,13,4,6,2,0,0,0,2,2,0,1,0,0,0,0,0
2025,R,lawlj001,11,8,7,1,2,1,0,0,0,1,1,0,4,0,0,0,0,0
2025,R,lee-b002,4,112,109,23,31,2,0,2,0,11,1,0,26,3,1,0,1,0
2025,R,lee-b002,5,131,121,35,57,7,0,5,0,16,9,0,21,2,0,0,1,0
2025,R,lee-b002,6,272,248,55,90,6,1,9,1,35,20,0,44,6,1,0,3,0
2025,R,lee-b002,10,3,2,1,1,0,0,0,0,1,0,0,0,0,1,0,0,0
2025,R,lee-b002,11,11,8,1,1,0,0,0,0,1,1,0,1,0,2,0,0,0
2025,R,lee-j001,8,611,555,147,226,31,12,8,0,54,47,0,70,2,6,0,3,0
2025,R,lee-j001,10,4,3,1,1,0,0,0,0,1,0,0,0,0,0,0,1,0
2025,R,lee-j001,11,2,2,1,1,0,0,0,0,0,0,0,1,0,0,0,0,0
2025,R,lee-k002,2,36,31,9,15,3,0,1,0,3,4,0,7,0,0,1,0,0
2025,R,lee-k002,10,1,1,0,0,0,0,0,0,0,0,0,0,0,0,0,0,0
2025,R,lee-k002,11,4,4,0,0,0,0,0,0,0,0,0,0,1,0,0,0,0
2025,R,leitj001,11,1,1,0,0,0,0,0,0,0,0,0,1,0,0,0,0,0
2025,R,lemad001,4,138,124,33,42,3,0,2,0,12,14,0,34,4,0,0,0,0
2025,R,lemad001,11,4,4,1,1,0,0,0,0,0,0,0,1,0,0,0,0,0
2025,R,leons001,2,12,12,1,4,0,0,1,0,3,0,0,4,0,0,0,0,0
2025,R,lewir003,5,375,353,86,139,17,0,12,1,49,20,0,76,5,0,0,2,0
2025,R,lewir003,10,25,21,2,3,1,0,0,0,0,4,0,3,2,0,0,0,0
2025,R,lewir003,11,4,2,1,4,0,0,1,0,3,2,0,1,0,0,0,0,0
2025,R,liled001,7,81,78,26,40,2,3,2,0,7,3,0,16,0,0,0,0,0
2025,R,liled001,9,204,187,52,86,11,7,3,0,23,11,0,32,4,3,0,3,0
2025,R,liled001,10,64,56,18,34,2,1,4,0,11,6,0,8,1,1,1,0,0
2025,R,liled001,11,2,0,0,0,0,0,0,0,0,1,0,0,0,0,0,0,1
2025,R,lindf001,6,722,636,168,291,33,0,30,0,81,64,2,131,9,15,0,7,0
2025,R,lindf001,10,9,7,3,7,1,0,1,0,3,1,0,0,0,1,0,0,0
2025,R,lindf001,11,1,1,1,2,1,0,0,0,2,0,0,0,0,0,0,0,0
2025,R,lipst001,5,4,4,2,2,0,0,0,0,0,0,0,1,0,0,0,0,0
2025,R,lockb001,7,51,47,14,18,4,0,0,0,4,2,0,11,0,1,1,0,0
2025,R,lockb001,8,59,56,11,14,3,0,0,0,3,2,0,15,2,0,1,0,0
2025,R,lockb001,9,31,26,5,7,0,1,0,0,4,2,0,8,0,0,1,2,0
2025,R,lockb001,11,7,5,1,1,0,0,0,0,0,2,0,2,0,0,0,0,0
2025,R,lockt001,3,114,101,18,27,0,0,3,0,6,10,0,41,3,3,0,0,0
2025,R,lockt001,11,2,2,0,0,0,0,0,0,0,0,0,2,0,0,0,0,0
2025,R,loftn001,3,7,5,2,2,0,0,0,0,1,1,0,2,0,0,1,0,0
2025,R,loftn001,4,37,35,7,14,2,1,1,0,7,1,0,6,1,1,0,0,0
2025,R,loftn001,5,39,36,9,13,4,0,0,0,3,2,0,5,3,1,0,0,0
2025,R,loftn001,7,82,72,14,28,3,1,3,0,7,8,0,10,1,0,0,2,0
2025,R,loftn001,10,4,4,1,1,0,0,0,0,1,0,0,1,1,0,0,0,0
2025,R,loftn001,11,19,16,2,2,0,0,0,0,1,2,0,3,1,1,0,0,0
2025,R,lopej008,7,68,62,20,33,4,0,3,0,9,2,0,17,1,3,1,0,0
2025,R,lopej008,9,25,25,9,9,0,0,0,0,3,0,0,7,1,0,0,0,0
2025,R,lopej008,11,11,9,3,6,0,0,1,0,2,2,0,3,0,0,0,0,0
2025,R,lopen001,5,21,17,1,1,0,0,0,0,1,4,0,2,0,0,0,0,0
2025,R,lopen001,6,4,4,0,0,0,0,0,0,0,0,0,1,0,0,0,0,0
2025,R,lopen001,10,1,1,0,0,0,0,0,0,0,0,0,0,0,0,0,0,0
2025,R,lopen001,11,3,3,0,0,0,0,0,0,0,0,0,1,1,0,0,0,0
2025,R,lopeo001,4,126,116,27,41,5,0,3,0,15,10,1,18,3,0,0,0,0
2025,R,lopeo001,6,462,423,106,158,16,0,12,0,61,33,1,62,6,3,0,3,0
2025,R,lopeo001,10,4,3,0,0,0,0,0,0,0,1,0,2,0,0,0,0,0
2025,R,lopeo001,11,2,2,1,1,0,0,0,0,1,0,0,0,0,0,0,0,0
2025,R,loweb001,3,8,8,2,5,0,0,1,0,1,0,0,2,0,0,0,0,0
2025,R,loweb001,4,501,459,116,208,17,0,25,0,70,34,0,136,6,2,0,6,0
2025,R,loweb001,10,39,36,10,23,1,0,4,1,10,3,0,9,0,0,0,0,0
2025,R,loweb001,11,5,4,2,6,1,0,1,0,2,1,1,2,0,0,0,0,0
2025,R,lowej002,9,412,374,80,132,18,2,10,0,37,32,1,105,7,3,1,2,0
2025,R,lowej002,10,17,16,6,12,3,0,1,0,1,1,0,3,0,0,0,0,0
2025,R,lowej002,11,6,6,1,1,0,0,0,0,2,0,0,1,0,0,0,0,0
2025,R,lowen001,3,583,519,115,193,21,3,17,1,73,57,2,156,5,2,0,5,0
2025,R,lowen001,10,19,15,5,8,0,0,1,0,6,4,0,1,1,0,0,0,0
2025,R,lowen001,11,8,7,3,5,2,0,0,0,5,1,0,2,0,0,0,0,0
2025,R,lugom001,7,20,20,4,9,0,1,1,0,3,0,0,7,1,0,0,0,0
2025,R,lugom001,8,26,25,5,10,2,0,1,0,2,0,0,9,2,1,0,0,0
2025,R,lugom001,9,18,18,5,5,0,0,0,0,1,0,0,5,0,0,0,0,0
2025,R,lugom001,11,6,6,2,8,0,0,2,0,3,0,0,3,0,0,0,0,0
2025,R,luken001,7,110,92,27,37,4,0,2,0,18,12,1,13,4,0,3,3,0
2025,R,luken001,8,109,97,28,50,7,0,5,0,20,8,1,13,1,2,2,0,0
2025,R,luken001,9,193,175,40,64,8,2,4,0,22,17,0,32,5,0,1,0,0
2025,R,luken001,10,5,5,1,1,0,0,0,0,1,0,0,0,0,0,0,0,0
2025,R,luken001,11,21,19,3,6,0,0,1,0,4,1,0,2,2,0,1,0,0
2025,R,lux-g001,4,65,58,17,20,3,0,0,0,7,7,0,16,1,0,0,0,0
2025,R,lux-g001,5,17,16,5,5,0,0,0,0,3,1,0,4,0,0,0,0,0
2025,R,lux-g001,7,187,169,48,65,14,0,1,0,14,18,0,46,1,0,0,0,0
2025,R,lux-g001,10,224,196,48,75,11,2,4,1,28,27,0,46,1,0,0,1,0
2025,R,lux-g001,11,12,9,3,3,0,0,0,0,1,3,0,2,0,0,0,0,0
2025,R,machm001,5,617,559,156,262,31,0,25,2,89,50,4,117,13,3,0,5,0
2025,R,machm001,10,61,56,13,21,2,0,2,0,6,5,0,14,3,0,0,0,0
2025,R,machv001,5,12,11,1,4,0,0,1,0,1,1,0,2,0,0,0,0,0
2025,R,maciw001,1,1,1,0,0,0,0,0,0,0,0,0,0,0,0,0,0,0
2025,R,maciw001,2,110,101,19,33,5,0,3,0,9,7,0,27,1,2,0,0,0
2025,R,maill001,1,1,0,0,0,0,0,0,0,0,1,0,0,0,0,0,0,0
2025,R,maill001,2,51,44,10,15,2,0,1,0,5,5,0,16,1,0,2,0,0
2025,R,maill001,11,2,1,1,1,0,0,0,0,1,1,0,0,0,0,0,0,0
2025,R,maldm001,2,161,147,30,48,6,0,4,0,12,8,0,57,3,0,6,0,0
2025,R,mallj001,3,1,1,1,2,1,0,0,0,1,0,0,0,0,0,0,0,0
2025,R,mallj001,7,2,2,0,0,0,0,0,0,0,0,0,1,0,0,0,0,0
2025,R,mallj001,9,35,29,6,6,0,0,0,0,3,6,0,9,0,0,0,0,0
2025,R,mallj001,10,78,63,13,20,4,0,1,0,9,12,0,21,1,1,0,2,0
2025,R,mallj001,11,23,19,5,7,2,0,0,0,5,4,0,5,0,0,0,0,0
2025,R,mangj001,7,198,188,54,71,6,1,3,0,17,9,0,35,0,1,0,0,0
2025,R,mangj001,8,124,117,34,42,8,0,0,0,12,5,0,15,1,1,1,0,0
2025,R,mangj001,9,101,95,30,34,4,0,0,0,10,5,0,12,3,0,0,1,0
2025,R,mangj001,10,2,2,1,1,0,0,0,0,0,0,0,0,0,0,0,0,0
2025,R,mangj001,11,4,4,2,2,0,0,0,0,1,0,0,2,0,0,0,0,0
2025,R,manzk001,3,219,198,45,91,7,0,13,0,28,15,2,56,4,3,0,3,0
2025,R,manzk001,10,307,267,64,121,11,2,14,0,42,33,0,75,3,5,0,2,0
2025,R,manzk001,11,21,20,3,5,2,0,0,0,2,1,0,8,0,0,0,0,0
2025,R,marcr001,2,115,102,20,30,4,0,2,0,13,10,0,17,1,1,1,1,0
2025,R,marcr001,11,3,3,2,2,0,0,0,0,0,0,0,0,0,0,0,0,0
2025,R,margm001,9,19,18,6,6,0,0,0,0,3,0,0,5,0,0,0,1,0
2025,R,margm001,11,1,1,0,0,0,0,0,0,0,0,0,1,0,0,0,0,0
2025,R,marsb002,7,149,133,35,66,11,1,6,0,18,14,1,42,1,0,1,1,0
2025,R,marsb002,8,257,229,63,94,14,1,5,0,23,22,0,63,1,0,2,3,1
2025,R,marsb002,9,1,1,0,0,0,0,0,0,1,0,0,0,0,0,0,0,0
2025,R,marsb002,11,18,16,8,8,0,0,0,0,1,2,0,5,0,0,0,0,0
2025,R,marsj002,7,23,16,6,8,2,0,0,0,5,6,0,5,0,0,0,1,0
2025,R,marsj002,8,195,177,50,87,16,3,5,0,27,16,0,41,2,2,0,0,0
2025,R,marsj002,9,14,14,4,4,0,0,0,0,1,0,0,2,0,0,0,0,0
2025,R,marsj002,11,2,2,1,1,0,0,0,0,0,0,0,0,0,0,0,0,0
2025,R,marta007,4,14,13,4,4,0,0,0,0,0,1,0,3,0,0,0,0,0
2025,R,marta007,7,127,107,31,38,7,0,0,0,6,18,0,22,5,1,1,0,0
2025,R,marta007,8,36,32,8,11,1,1,0,0,0,3,0,5,1,0,1,0,0
2025,R,marta007,11,4,4,1,4,0,0,1,0,1,0,0,1,0,0,0,0,0
2025,R,marta008,4,96,89,20,30,4,0,2,0,8,4,0,26,1,0,2,1,0
2025,R,marta008,7,1,1,0,0,0,0,0,0,0,0,0,0,0,0,0,0,0
2025,R,marta008,8,364,337,74,123,18,2,9,1,34,16,0,80,6,5,3,3,0
2025,R,marta008,9,6,6,2,2,0,0,0,0,0,0,0,0,1,0,0,0,0
2025,R,marta008,11,17,13,4,5,1,0,0,0,3,3,0,4,0,1,0,0,0
2025,R,martk001,4,459,396,107,195,19,0,23,0,58,54,6,72,12,6,0,3,0
2025,R,martk001,10,92,79,28,52,9,0,5,0,14,10,0,11,0,3,0,0,0
2025,R,martk001,11,5,5,1,1,0,0,0,0,0,0,0,0,0,0,0,0,0
2025,R,martn003,7,5,4,0,0,0,0,0,0,0,1,0,0,0,0,0,0,0
2025,R,martn003,9,44,40,12,14,2,0,0,0,1,4,0,8,1,0,0,0,0
2025,R,martn003,10,51,48,7,12,2,0,1,0,2,3,0,8,0,0,0,0,0
2025,R,martn003,11,11,10,4,4,0,0,0,0,1,1,1,2,0,0,0,0,0
2025,R,martn004,5,137,126,36,66,7,1,7,1,28,7,0,24,3,3,0,1,0
2025,R,martn004,8,4,4,0,0,0,0,0,0,0,0,0,2,0,0,0,0,0
2025,R,martn004,9,212,203,53,86,10,1,7,0,23,8,0,56,4,0,0,1,0
2025,R,martn004,10,4,3,0,0,0,0,0,0,0,1,0,2,0,0,0,0,0
2025,R,martn004,11,3,3,0,0,0,0,0,0,0,0,0,1,0,0,0,0,0
2025,R,marts002,7,27,23,9,12,0,0,1,0,2,4,0,3,0,0,0,0,0
2025,R,marts002,9,8,8,2,2,0,0,0,0,2,0,0,3,1,0,0,0,0
2025,R,marts002,10,284,253,66,104,14,0,8,0,29,18,0,59,6,9,1,3,0
2025,R,marts002,11,21,20,3,3,0,0,0,0,1,0,0,7,1,0,0,1,0
2025,R,massm001,4,221,210,52,67,6,0,3,0,16,6,0,31,3,0,1,4,0
2025,R,massm001,7,37,36,11,14,3,0,0,0,3,1,0,5,0,0,0,0,0
2025,R,massm001,10,15,12,1,1,0,0,0,0,1,2,0,5,0,1,0,0,0
2025,R,massm001,11,4,4,0,0,0,0,0,0,0,0,0,2,0,0,0,0,0
2025,R,mastm001,0,1,1,1,1,0,0,0,0,0,0,0,0,0,0,0,0,0
2025,R,mastm001,1,1,1,1,1,0,0,0,0,1,0,0,0,0,0,0,0,0
2025,R,mastm001,3,3,3,1,2,1,0,0,0,0,0,0,1,0,0,0,0,0
2025,R,mastm001,4,33,31,9,13,1,0,1,0,4,2,0,4,0,0,0,0,0
2025,R,mastm001,5,64,56,17,17,0,0,0,0,4,7,0,12,1,0,1,0,0
2025,R,mastm001,7,18,17,4,6,2,0,0,0,3,0,0,3,0,0,0,1,0
2025,R,mastm001,9,29,22,1,1,0,0,0,0,0,5,0,6,0,0,2,0,0
2025,R,mastm001,10,1,0,0,0,0,0,0,0,0,0,0,0,0,0,1,0,0
2025,R,mastm001,11,25,21,4,4,0,0,0,0,0,3,0,3,1,0,1,0,0
2025,R,matej003,4,16,16,2,4,2,0,0,0,0,0,0,6,0,0,0,0,0
2025,R,matej003,6,27,26,5,6,1,0,0,0,0,1,0,11,1,0,0,0,0
2025,R,matej003,7,4,4,0,0,0,0,0,0,0,0,0,0,0,0,0,0,0
2025,R,matej003,8,33,30,6,10,1,0,1,0,2,3,0,11,0,0,0,0,0
2025,R,matej003,10,1,1,0,0,0,0,0,0,0,0,0,1,0,0,0,0,0
2025,R,matej003,11,2,2,1,1,0,0,0,0,1,0,0,1,0,0,0,0,0
2025,R,matol002,7,34,32,11,16,2,0,1,0,4,2,0,1,1,0,0,0,0
2025,R,matol002,8,31,29,7,14,1,0,2,0,8,2,0,5,0,0,0,0,0
2025,R,matol002,9,107,102,18,35,6,1,3,0,7,4,0,17,4,0,0,1,0
2025,R,matol002,10,7,5,1,4,0,0,1,0,1,2,0,2,0,0,0,0,0
2025,R,matol002,11,6,5,1,4,0,0,1,0,2,1,0,2,0,0,0,0,0
2025,R,maton001,3,8,6,1,1,0,0,0,0,0,2,0,2,0,0,0,0,0
2025,R,maton001,4,1,0,0,0,0,0,0,0,0,1,0,0,0,0,0,0,0
2025,R,maton001,9,1,1,0,0,0,0,0,0,0,0,0,0,0,0,0,0,0
2025,R,maton001,10,48,43,8,16,2,0,2,0,4,5,0,15,0,0,0,0,0
2025,R,maton001,11,6,5,0,0,0,0,0,0,0,1,0,2,0,0,0,0,0
2025,R,mattb001,4,45,40,7,19,0,0,4,0,9,2,0,18,0,1,2,0,0
2025,R,mattb001,11,2,2,0,0,0,0,0,0,0,0,0,2,0,0,0,0,0
2025,R,maurr002,4,22,21,8,12,1,0,1,0,2,1,0,4,0,0,0,0,0
2025,R,maurr002,5,128,120,21,39,3,0,5,0,8,7,1,44,4,1,0,0,0
2025,R,maurr002,6,11,7,2,3,1,0,0,0,0,4,0,1,0,0,0,0,0
2025,R,maurr002,10,16,13,4,5,1,0,0,0,0,3,0,5,1,0,0,0,0
2025,R,maurr002,11,9,8,4,5,1,0,0,0,0,1,0,0,0,0,0,0,0
2025,R,mayem002,4,23,23,7,12,3,1,0,0,1,0,0,8,0,0,0,0,0
2025,R,mayem002,5,107,98,20,36,4,0,4,0,9,8,0,30,2,0,0,1,0
2025,R,mayem002,6,1,1,1,2,1,0,0,0,0,0,0,0,0,0,0,0,0
2025,R,mayem002,11,5,5,1,1,0,0,0,0,0,0,0,3,0,0,0,0,0
2025,R,mayoc001,0,1,1,1,2,1,0,0,0,2,0,0,0,0,0,0,0,0
2025,R,mayoc001,3,244,218,48,84,9,0,9,0,19,23,0,71,1,3,0,0,0
2025,R,mayoc001,5,8,7,0,0,0,0,0,0,0,1,0,5,0,0,0,0,0
2025,R,mayoc001,10,36,33,7,14,1,0,2,0,6,2,0,7,0,1,0,0,0
2025,R,mayoc001,11,6,5,1,2,1,0,0,0,1,1,0,1,1,0,0,0,0
2025,R,mccaj001,2,134,120,30,50,5,0,5,0,17,8,0,33,3,4,1,1,0
2025,R,mccaj001,3,1,1,0,0,0,0,0,0,0,0,0,0,0,0,0,0,0
2025,R,mccaj001,11,2,2,2,3,1,0,0,0,0,0,0,0,0,0,0,0,0
2025,R,mccaj003,7,126,119,26,47,7,4,2,0,9,4,0,19,1,1,2,0,0
2025,R,mccaj003,8,47,41,3,3,0,0,0,0,2,4,0,10,0,1,0,1,0
2025,R,mccaj003,9,38,36,11,19,0,1,2,0,8,2,0,9,1,0,0,0,0
2025,R,mccaj003,10,7,6,1,1,0,0,0,0,1,0,0,2,0,0,1,0,0
2025,R,mccaj003,11,6,6,1,1,0,0,0,0,0,0,0,2,0,0,0,0,0
2025,R,mccoc001,7,24,21,5,6,1,0,0,0,2,2,0,7,0,1,0,0,0
2025,R,mccoc001,8,67,59,14,20,3,0,1,0,3,6,0,17,1,0,1,1,0
2025,R,mccoc001,9,13,9,1,1,0,0,0,0,0,0,0,2,0,0,4,0,0
2025,R,mccoc001,10,4,3,1,2,1,0,0,0,0,1,0,2,0,0,0,0,0
2025,R,mccoc001,11,11,10,1,2,1,0,0,0,0,1,0,4,0,0,0,0,0
2025,R,mccom002,4,7,7,0,0,0,0,0,0,0,0,0,3,0,0,0,0,0
2025,R,mccom002,6,17,14,3,4,1,0,0,0,1,3,0,4,0,0,0,0,0
2025,R,mccom002,11,2,1,0,0,0,0,0,0,0,0,0,0,0,1,0,0,0
2025,R,mccrg001,8,1,1,0,0,0,0,0,0,0,0,0,0,0,0,0,0,0
2025,R,mccrg001,9,24,20,2,4,0,1,0,0,2,2,0,10,1,0,1,1,0
2025,R,mccrg001,11,1,1,0,0,0,0,0,0,0,0,0,1,0,0,0,0,0
2025,R,mccua001,7,4,3,1,1,0,0,0,0,0,1,0,0,0,0,0,0,0
2025,R,mccua001,9,26,22,5,5,0,0,0,0,0,4,0,6,1,0,0,0,0
2025,R,mccua001,10,513,445,107,168,22,0,13,0,55,61,5,110,10,2,0,3,2
2025,R,mccua001,11,8,7,1,1,0,0,0,0,2,1,0,2,1,0,0,0,0
2025,R,mccuc001,9,18,17,2,2,0,0,0,0,1,1,0,13,0,0,0,0,0
2025,R,mccuc001,10,7,7,2,2,0,0,0,0,0,0,0,2,0,0,0,0,0
2025,R,mccuc001,11,5,5,1,1,0,0,0,0,0,0,0,1,0,0,0,0,0
2025,R,mcgur002,2,138,131,30,59,2,0,9,1,24,4,0,26,3,0,1,2,0
2025,R,mcgur002,11,2,2,0,0,0,0,0,0,0,0,0,1,0,0,0,0,0
2025,R,mckib001,7,4,3,0,0,0,0,0,0,0,1,0,1,0,0,0,0,0
2025,R,mckib001,9,12,12,3,4,1,0,0,0,1,0,0,0,0,0,0,0,0
2025,R,mckib001,10,4,4,1,1,0,0,0,0,0,0,0,0,0,0,0,0,0
2025,R,mckib001,11,1,1,0,0,0,0,0,0,0,0,0,0,0,0,0,0,0
2025,R,mckiz001,3,1,1,0,0,0,0,0,0,0,0,0,0,0,0,0,0,0
2025,R,mckiz001,4,12,8,2,2,0,0,0,0,0,4,1,2,0,0,0,0,0
2025,R,mckiz001,5,258,229,48,74,7,5,3,0,17,22,0,53,3,6,0,1,0
2025,R,mckiz001,6,100,90,30,65,9,4,6,0,18,7,0,18,2,1,0,2,0
2025,R,mckiz001,7,38,36,8,10,2,0,0,0,2,2,0,10,1,0,0,0,0
2025,R,mckiz001,9,94,82,25,40,5,2,2,0,11,9,0,27,0,0,1,2,0
2025,R,mckiz001,10,2,2,2,2,0,0,0,0,0,0,0,0,0,0,0,0,0
2025,R,mckiz001,11,8,6,4,7,0,0,1,0,1,2,0,1,0,0,0,0,0
2025,R,mclam001,4,541,481,105,164,17,0,14,0,48,48,0,158,7,5,3,4,0
2025,R,mclam001,6,19,15,6,10,1,0,1,0,1,4,0,4,1,0,0,0,0
2025,R,mclam001,10,14,12,1,1,0,0,0,0,0,2,0,5,0,0,0,0,0
2025,R,mclam001,11,3,2,0,0,0,0,0,0,1,1,0,0,0,0,0,0,0
2025,R,mcmar001,5,576,499,107,192,23,1,20,0,53,70,1,186,7,4,0,3,0
2025,R,mcmar001,10,4,4,1,1,0,0,0,0,0,0,0,1,0,0,0,0,0
2025,R,mcmar001,11,6,6,1,1,0,0,0,0,0,0,0,2,0,0,0,0,0
2025,R,mcnej002,3,1,1,0,0,0,0,0,0,0,0,0,0,0,0,0,0,0
2025,R,mcnej002,4,277,242,52,92,14,1,8,0,30,27,3,38,4,6,1,1,0
2025,R,mcnej002,7,28,23,6,14,1,2,1,0,6,4,0,6,0,1,0,0,0
2025,R,mcnej002,8,102,85,25,38,5,1,2,0,9,13,1,6,1,1,0,3,0
2025,R,mcnej002,9,9,9,1,1,0,0,0,0,2,0,0,1,0,0,0,0,0
2025,R,mcnej002,10,38,34,10,14,1,0,1,0,6,3,0,3,0,0,1,0,0
2025,R,mcnej002,11,8,6,3,5,0,1,0,0,1,2,0,1,0,0,0,0,0
2025,R,meadc001,3,90,82,17,23,3,0,1,0,7,5,0,20,3,3,0,0,0
2025,R,meadc001,4,44,39,11,17,1,1,1,0,2,3,0,8,2,2,0,0,0
2025,R,meadc001,5,104,96,26,35,6,0,1,0,9,6,0,24,3,2,0,0,0
2025,R,meadc001,10,8,8,1,1,0,0,0,0,0,0,0,2,0,0,0,0,0
2025,R,meadc001,11,22,19,2,2,0,0,0,0,1,1,0,11,1,1,0,1,0
2025,R,meadp001,8,212,190,41,63,6,2,4,0,16,21,0,56,0,0,0,1,0
2025,R,meadp001,11,1,1,0,0,0,0,0,0,0,0,0,0,0,0,0,0,0
2025,R,meidc001,4,221,195,45,55,4,0,2,0,13,23,0,30,8,2,1,0,0
2025,R,meidc001,6,281,253,68,88,11,0,3,0,10,22,0,42,6,4,1,1,0
2025,R,meidc001,11,3,2,1,1,0,0,0,0,0,0,0,0,0,0,1,0,0
2025,R,melem001,7,47,44,4,8,1,0,1,0,1,2,0,18,0,1,0,0,0
2025,R,melem001,9,11,11,0,0,0,0,0,0,0,0,0,2,0,0,0,0,0
2025,R,melem001,10,4,2,0,0,0,0,0,0,0,1,0,2,0,1,0,0,0
2025,R,melem001,11,3,3,1,2,1,0,0,0,0,0,0,1,0,0,0,0,0
2025,R,meltj001,7,23,22,6,8,0,1,0,0,6,1,0,10,0,0,0,0,0
2025,R,meltj001,8,49,43,5,5,0,0,0,0,1,4,0,18,1,1,0,0,1
2025,R,meltj001,9,4,4,0,0,0,0,0,0,0,0,0,0,1,0,0,0,0
2025,R,meltj001,11,2,1,0,0,0,0,0,0,0,1,0,1,0,0,0,0,0
2025,R,merrj002,8,483,440,116,201,25,6,16,0,67,33,1,108,4,4,1,5,0
2025,R,mervm001,3,86,77,14,28,2,0,4,0,6,7,1,30,1,1,0,1,0
2025,R,mervm001,10,45,40,7,18,2,0,3,0,8,4,0,18,0,1,0,0,0
2025,R,mervm001,11,4,4,1,4,0,0,1,0,3,0,0,2,0,0,0,0,0
2025,R,mesav001,7,10,9,2,2,0,0,0,0,0,1,0,1,0,0,0,0,0
2025,R,mesav001,8,10,7,1,1,0,0,0,0,1,2,0,1,0,0,1,0,0
2025,R,mesav001,9,17,15,2,6,1,0,1,0,3,2,0,3,0,0,0,0,0
2025,R,mesav001,11,1,1,1,2,1,0,0,0,2,0,0,0,0,0,0,0,0
2025,R,meyej002,8,380,342,100,128,15,2,3,0,24,31,0,66,9,3,2,2,0
2025,R,meyej002,11,1,1,0,0,0,0,0,0,0,0,0,1,0,0,0,0,0
2025,R,milld003,2,51,45,15,22,5,1,0,0,7,4,0,6,0,0,1,0,1
2025,R,milld003,10,4,4,0,0,0,0,0,0,0,0,0,1,0,0,0,0,0
2025,R,millo002,4,12,9,1,1,0,0,0,0,1,2,0,3,0,1,0,0,0
2025,R,millo002,5,2,2,1,1,0,0,0,0,0,0,0,0,0,0,0,0,0
2025,R,millo002,10,3,3,0,0,0,0,0,0,0,0,0,1,0,0,0,0,0
2025,R,millo002,11,2,2,0,0,0,0,0,0,0,0,0,0,0,0,0,0,0
2025,R,miraj002,5,34,34,5,8,0,0,1,0,5,0,0,13,0,0,0,0,0
2025,R,miraj002,11,2,2,1,1,0,0,0,0,0,0,0,0,0,0,0,0,0
2025,R,misnk001,7,11,10,2,5,0,0,1,0,3,0,0,3,0,0,0,1,0
2025,R,misnk001,8,155,138,29,48,5,1,4,0,18,14,0,48,1,1,1,1,0
2025,R,misnk001,9,50,48,11,15,4,0,0,0,1,2,0,18,0,0,0,0,0
2025,R,misnk001,11,1,1,0,0,0,0,0,0,0,0,0,0,0,0,0,0,0
2025,R,mitcg001,8,77,67,14,20,4,1,0,0,3,7,0,24,0,1,1,1,0
2025,R,mitcg001,11,1,1,0,0,0,0,0,0,0,0,0,1,0,0,0,0,0
2025,R,monaa001,3,4,3,2,3,1,0,0,0,0,1,0,1,0,0,0,0,0
2025,R,monaa001,4,30,29,10,15,2,0,1,0,6,1,0,4,0,0,0,0,0
2025,R,monaa001,5,18,17,3,5,2,0,0,0,1,1,0,2,0,0,0,0,0
2025,R,monaa001,6,79,73,18,28,4,0,2,0,6,4,0,23,1,2,0,0,0
2025,R,monaa001,11,4,4,1,4,0,0,1,0,3,0,0,2,0,0,0,0,0
2025,R,moncy001,5,275,237,53,104,11,2,12,0,33,29,1,72,4,7,0,2,0
2025,R,moncy001,10,4,3,1,2,1,0,0,0,0,1,0,1,0,0,0,0,0
2025,R,moncy001,11,10,8,4,5,1,0,0,0,2,2,0,2,0,0,0,0,0
2025,R,monim001,7,47,44,13,25,2,2,2,0,6,3,1,10,0,0,0,0,0
2025,R,monim001,8,125,119,30,67,4,3,9,0,21,5,0,31,1,1,0,0,0
2025,R,monim001,9,233,220,61,108,11,3,10,0,31,10,0,53,3,0,0,3,0
2025,R,monim001,10,45,41,11,20,3,0,2,0,8,3,0,11,0,1,0,0,0
2025,R,monim001,11,16,14,4,8,1,0,1,0,3,2,0,5,0,0,0,0,0
2025,R,montc002,4,6,6,1,1,0,0,0,0,1,0,0,3,0,0,0,0,0
2025,R,montc002,5,3,3,1,1,0,0,0,0,0,0,0,0,0,0,0,0,0
2025,R,montc002,7,1,1,0,0,0,0,0,0,0,0,0,0,0,0,0,0,0
2025,R,montc004,5,41,40,9,19,1,0,3,0,10,1,0,9,1,0,0,0,0
2025,R,montc004,6,241,214,52,116,8,1,18,1,45,24,1,74,2,1,0,1,1
2025,R,montc004,11,2,1,0,0,0,0,0,0,0,0,0,0,0,1,0,0,0
2025,R,moorc002,4,180,158,30,57,4,1,7,0,16,19,0,61,3,1,1,1,0
2025,R,moorc002,11,4,4,2,3,1,0,0,0,0,0,0,1,0,0,0,0,0
2025,R,moord002,3,11,11,2,3,1,0,0,0,2,0,0,5,1,0,0,0,0
2025,R,moord002,4,84,81,21,37,4,0,4,0,9,3,0,23,0,0,0,0,0
2025,R,moord002,5,30,25,6,12,0,0,2,0,2,5,0,8,0,0,0,0,0
2025,R,moord002,6,18,17,3,6,0,0,1,0,1,1,0,9,0,0,0,0,0
2025,R,moord002,9,63,57,8,17,0,0,3,0,8,3,0,24,0,1,0,2,0
2025,R,moord002,10,7,5,2,5,0,0,1,0,3,1,0,1,0,0,0,1,0
2025,R,moord002,11,34,26,4,7,0,0,1,0,2,8,0,13,0,0,0,0,0
2025,R,morec001,4,1,1,0,0,0,0,0,0,0,0,0,0,0,0,0,0,0
2025,R,morec001,7,214,191,43,76,12,0,7,0,25,22,0,72,6,1,0,0,0
2025,R,morec001,9,5,4,1,2,1,0,0,0,0,0,0,1,0,1,0,0,0
2025,R,morec001,10,63,62,16,31,3,0,4,0,7,1,0,26,2,0,0,0,0
2025,R,morec001,11,26,23,2,3,1,0,0,0,1,3,0,10,1,0,0,0,0
2025,R,moreg001,2,276,251,75,113,12,1,8,1,36,24,1,46,4,0,0,1,0
2025,R,moreg001,10,29,23,3,3,0,0,0,0,2,5,2,7,2,0,0,1,0
2025,R,moreg001,11,6,4,1,4,0,0,1,0,2,1,0,1,0,1,0,0,0
2025,R,mounr001,3,209,196,55,75,14,0,2,0,20,10,0,49,5,1,0,2,0
2025,R,mounr001,10,143,132,27,45,3,0,5,0,15,5,0,48,5,2,0,4,0
2025,R,mounr001,11,5,4,1,2,1,0,0,0,0,0,0,1,0,1,0,0,0
2025,R,mullc002,8,484,422,93,169,23,1,17,1,58,49,0,114,2,4,3,6,0
2025,R,mullc002,10,8,8,0,0,0,0,0,0,0,0,0,3,0,0,0,0,0
2025,R,mullc002,11,6,5,1,1,0,0,0,0,1,1,0,3,0,0,0,0,0
2025,R,muncm001,5,378,306,76,147,10,2,19,2,67,61,1,80,4,6,0,5,0
2025,R,muncm001,11,10,7,0,0,0,0,0,0,0,3,1,3,0,0,0,0,0
2025,R,muncm002,4,79,77,13,20,4,0,1,0,4,2,0,22,1,0,0,0,0
2025,R,muncm002,5,115,105,26,47,3,0,6,0,17,6,0,36,0,3,0,1,0
2025,R,muncm002,6,24,22,5,11,0,0,2,0,2,2,0,9,0,0,0,0,0
2025,R,muncm002,11,2,2,0,0,0,0,0,0,0,0,0,1,0,0,0,0,0
2025,R,murps001,2,294,251,51,104,11,0,14,1,38,34,1,88,7,7,0,2,0
2025,R,murps001,10,29,27,4,11,1,0,2,0,3,1,0,10,2,1,0,0,0
2025,R,murps001,11,14,13,3,4,1,0,0,0,4,0,0,7,0,0,0,1,0
2025,R,myerd001,7,24,22,5,7,2,0,0,0,3,2,0,2,2,0,0,0,0
2025,R,myerd001,8,220,207,51,69,6,0,4,0,19,11,0,55,8,1,0,1,0
2025,R,myerd001,9,72,62,13,18,2,0,1,0,5,9,0,13,2,1,0,0,0
2025,R,myerd001,10,1,1,0,0,0,0,0,0,0,0,0,0,0,0,0,0,0
2025,R,myerd001,11,17,16,3,6,0,0,1,1,4,1,0,7,0,0,0,0,0
2025,R,narvc002,2,435,393,95,167,27,0,15,0,47,37,0,107,11,1,2,2,0
2025,R,narvc002,10,6,6,1,1,0,0,0,0,1,0,0,1,1,0,0,0,0
2025,R,narvc002,11,7,6,2,2,0,0,0,0,3,1,0,3,1,0,0,0,0
2025,R,narvo001,2,10,7,2,2,0,0,0,0,3,2,0,1,0,0,0,1,0
2025,R,navab001,2,15,14,4,9,2,0,1,0,5,0,0,3,0,0,0,1,0
2025,R,naylb001,2,403,352,69,132,22,1,13,0,44,41,0,96,4,1,3,6,0
2025,R,naylb001,11,11,7,1,4,0,0,1,0,3,4,0,3,0,0,0,0,0
2025,R,naylj001,3,520,469,129,205,23,1,17,1,77,41,4,73,15,4,0,3,3
2025,R,naylj001,10,82,72,30,44,5,0,3,0,14,7,0,10,2,0,0,2,1
2025,R,naylj001,11,2,2,1,2,1,0,0,0,1,0,0,0,0,0,0,0,0
2025,R,nelsr003,11,1,1,1,1,0,0,0,0,1,0,0,0,0,0,0,0,0
2025,R,netoz001,6,548,496,128,234,29,1,25,0,61,33,6,147,5,14,2,3,0
2025,R,netoz001,11,6,6,1,4,0,0,1,0,1,0,0,2,0,0,0,0,0
2025,R,newmk001,1,1,1,0,0,0,0,0,0,0,0,0,1,0,0,0,0,0
2025,R,newmk001,3,6,6,0,0,0,0,0,0,0,0,0,1,0,0,0,0,0
2025,R,newmk001,4,12,12,4,4,0,0,0,0,1,0,0,2,1,0,0,0,0
2025,R,newmk001,5,61,60,14,19,2,0,1,0,6,1,0,10,2,0,0,0,0
2025,R,newmk001,6,35,34,5,8,0,0,1,0,4,0,0,9,2,0,1,0,0
2025,R,newmk001,11,1,1,0,0,0,0,0,0,0,0,0,0,0,0,0,0,0
2025,R,nidot001,2,37,35,12,12,0,0,0,0,2,0,0,10,1,1,1,0,0
2025,R,nimmb001,7,624,563,149,246,25,0,24,3,88,47,1,140,8,6,1,7,0
2025,R,nimmb001,8,9,8,2,5,0,0,1,0,3,1,0,0,0,0,0,0,0
2025,R,nimmb001,10,17,14,3,5,2,0,0,0,1,2,0,1,0,1,0,0,0
2025,R,nimmb001,11,2,2,0,0,0,0,0,0,0,0,0,0,0,0,0,0,0
2025,R,nodar001,3,33,24,1,4,0,0,1,0,1,9,1,14,0,0,0,0,0
2025,R,nodar001,9,15,14,2,2,0,0,0,0,0,0,0,6,0,0,1,0,0
2025,R,nodar001,10,9,8,1,1,0,0,0,0,0,1,0,5,0,0,0,0,0
2025,R,nodar001,11,3,2,1,1,0,0,0,0,1,1,1,1,0,0,0,0,0
2025,R,noelj001,3,19,19,4,10,0,0,2,0,2,0,0,8,0,0,0,0,0
2025,R,noelj001,9,111,107,15,25,1,0,3,0,9,3,0,36,4,0,0,1,0
2025,R,noelj001,10,1,1,0,0,0,0,0,0,0,0,0,1,0,0,0,0,0
2025,R,noelj001,11,23,22,5,9,1,0,1,0,2,1,0,8,0,0,0,0,0
2025,R,nolaa002,2,39,36,7,8,1,0,0,0,1,2,0,4,2,0,1,0,0
2025,R,nolaa002,3,1,1,0,0,0,0,0,0,0,0,0,1,0,0,0,0,0
2025,R,nolaa002,10,1,1,0,0,0,0,0,0,0,0,0,0,0,0,0,0,0
2025,R,nolaa002,11,1,1,0,0,0,0,0,0,0,0,0,0,0,0,0,0,0
2025,R,nootl001,7,431,375,86,134,16,1,10,0,35,47,3,96,4,6,1,2,0
2025,R,nootl001,8,42,39,15,21,3,0,1,0,3,3,0,9,0,0,0,0,0
2025,R,nootl001,9,104,91,18,29,5,0,2,0,9,13,0,14,0,0,0,0,0
2025,R,nootl001,10,5,4,0,0,0,0,0,0,0,1,0,0,0,0,0,0,0
2025,R,nootl001,11,2,1,0,0,0,0,0,0,1,0,0,0,0,0,0,1,0
2025,R,norbc001,5,319,294,73,112,16,1,7,0,28,17,0,84,3,5,0,3,0
2025,R,norbc001,10,12,12,4,8,1,0,1,0,6,0,0,3,0,0,0,0,0
2025,R,norbc001,11,7,6,2,5,0,0,1,0,2,1,0,3,0,0,0,0,0
2025,R,nuned001,2,7,7,2,2,0,0,0,0,0,0,0,4,0,0,0,0,0
2025,R,nunen001,4,32,28,3,4,1,0,0,0,2,3,0,8,0,0,0,1,0
2025,R,nunen001,6,53,48,14,27,1,0,4,0,10,4,0,10,1,0,1,0,0
2025,R,nunen001,8,2,2,1,1,0,0,0,0,1,0,0,0,0,0,0,0,0
2025,R,nunen001,10,1,1,0,0,0,0,0,0,0,0,0,1,0,0,0,0,0
2025,R,nunen001,11,5,4,1,1,0,0,0,0,0,1,0,2,0,0,0,0,0
2025,R,ogass001,1,1,1,0,0,0,0,0,0,0,0,0,1,0,0,0,0,0
2025,R,ohear001,3,261,237,63,91,13,0,5,1,35,19,2,55,8,2,0,3,0
2025,R,ohear001,7,9,8,4,4,0,0,0,0,0,0,0,1,0,1,0,0,0
2025,R,ohear001,9,71,62,20,40,3,1,5,0,9,7,0,14,0,2,0,0,0
2025,R,ohear001,10,191,158,41,64,5,0,6,0,17,29,2,36,3,3,0,1,0
2025,R,ohear001,11,15,11,5,8,0,0,1,0,2,3,0,4,0,1,0,0,0
2025,R,ohopl001,2,404,379,81,138,7,1,16,1,38,21,0,122,11,2,1,1,0
2025,R,ohopl001,10,36,34,6,16,1,0,3,0,5,2,0,15,1,0,0,0,0
2025,R,ohopl001,11,12,11,3,3,0,0,0,0,0,1,0,2,0,0,0,0,0
2025,R,ohtas001,10,727,611,172,380,25,9,55,0,102,109,20,187,9,3,0,2,2
2025,R,olsom001,3,724,624,170,302,41,2,29,1,95,91,2,176,14,4,0,5,0
2025,R,oneit001,7,12,10,4,5,1,0,0,0,1,2,0,2,0,0,0,0,0
2025,R,oneit001,9,143,125,24,48,4,1,6,0,17,13,1,37,1,2,0,3,0
2025,R,oneit001,10,51,43,8,18,1,0,3,0,8,7,0,11,1,1,0,0,0
2025,R,oneit001,11,3,3,0,0,0,0,0,0,0,0,0,1,0,0,0,0,0
2025,R,ornej001,4,1,1,0,0,0,0,0,0,0,0,0,0,0,0,0,0,0
2025,R,ornej001,5,3,3,1,1,0,0,0,0,0,0,0,0,0,0,0,0,0
2025,R,ornej001,6,6,5,1,1,0,0,0,0,0,1,0,3,0,0,0,0,0
2025,R,ornet001,7,12,11,1,1,0,0,0,0,1,1,0,2,0,0,0,0,0
2025,R,ornet001,10,2,2,0,0,0,0,0,0,0,0,0,0,1,0,0,0,0
2025,R,ornet001,11,2,1,0,0,0,0,0,0,0,1,0,0,0,0,0,0,0
2025,R,ortij005,6,505,469,108,149,18,1,7,1,45,27,0,73,10,3,6,0,0
2025,R,ortij005,11,1,1,0,0,0,0,0,0,0,0,0,1,0,0,0,0,0
2025,R,osuna003,7,110,95,18,26,2,0,2,0,8,13,1,24,1,2,0,0,0
2025,R,osuna003,8,4,3,2,2,0,0,0,0,0,1,0,0,0,0,0,0,0
2025,R,osuna003,9,40,36,11,13,2,0,0,0,5,3,0,3,0,0,0,1,0
2025,R,osuna003,10,19,15,1,1,0,0,0,0,2,3,0,6,0,0,0,1,0
2025,R,osuna003,11,3,2,0,0,0,0,0,0,0,1,0,1,0,0,0,0,0
2025,R,outmj002,7,39,35,7,15,3,1,1,0,2,3,0,10,0,1,0,0,0
2025,R,outmj002,8,84,78,8,22,2,0,4,0,7,5,0,41,0,1,0,0,0
2025,R,outmj002,9,23,21,3,6,0,0,1,0,2,2,0,12,0,0,0,0,0
2025,R,outmj002,11,2,0,0,0,0,0,0,0,0,2,0,0,0,0,0,0,0
2025,R,ozunm001,10,584,483,113,195,19,0,21,0,68,90,2,141,11,3,0,7,1
2025,R,ozunm001,11,8,4,0,0,0,0,0,0,0,4,0,3,0,0,0,0,0
2025,R,pagea001,7,64,58,25,43,6,0,4,0,14,2,0,11,0,2,0,2,0
2025,R,pagea001,8,447,416,106,176,19,0,17,0,53,22,0,99,7,5,0,4,0
2025,R,pagea001,9,113,107,27,49,2,1,6,0,19,5,0,25,2,1,0,0,0
2025,R,pagep001,2,384,356,82,130,15,0,11,0,45,19,1,106,9,3,3,3,0
2025,R,pagep001,3,2,2,0,0,0,0,0,0,0,0,0,0,0,0,0,0,0
2025,R,pagep001,4,3,3,1,1,0,0,0,0,0,0,0,1,0,0,0,0,0
2025,R,palaj001,7,27,25,7,10,0,0,1,0,3,2,0,5,0,0,0,0,0
2025,R,palaj001,9,104,90,17,27,4,0,2,0,6,9,0,26,0,4,1,0,0
2025,R,palaj001,10,9,9,1,1,0,0,0,0,0,0,0,4,0,0,0,0,0
2025,R,palaj001,11,5,4,1,1,0,0,0,0,0,1,0,1,0,0,0,0,0
2025,R,palar002,3,5,5,1,4,0,0,1,0,1,0,0,0,2,0,0,0,0
2025,R,palar002,4,14,11,3,4,1,0,0,0,1,2,0,2,0,0,0,1,0
2025,R,palar002,7,14,14,8,9,1,0,0,0,1,0,0,2,0,0,0,0,0
2025,R,palar002,9,4,4,1,1,0,0,0,0,0,0,0,1,0,0,0,0,0
2025,R,palar002,10,9,6,1,1,0,0,0,0,0,3,0,2,1,0,0,0,0
2025,R,palar002,11,2,2,0,0,0,0,0,0,0,0,0,2,0,0,0,0,0
2025,R,parei001,5,387,330,85,156,12,1,19,0,50,48,0,62,7,7,0,2,0
2025,R,parei001,10,50,47,10,16,3,0,1,0,3,2,0,14,3,1,0,0,0
2025,R,parei001,11,1,1,1,1,0,0,0,0,0,0,0,0,0,0,0,0,0
2025,R,parik002,4,64,55,10,18,2,0,2,0,3,5,0,26,0,3,0,0,1
2025,R,parik002,8,73,68,13,29,2,1,4,0,7,5,0,32,1,0,0,0,0
2025,R,parik002,10,1,1,1,1,0,0,0,0,1,0,0,0,0,0,0,0,0
2025,R,parik002,11,2,2,0,0,0,0,0,0,0,0,0,1,0,0,0,0,0
2025,R,pasqv001,3,538,492,141,249,30,0,26,0,92,37,3,74,12,6,0,3,0
2025,R,pasqv001,10,144,129,23,46,3,1,6,0,21,12,2,33,2,1,0,2,0
2025,R,paulg001,3,15,11,1,1,0,0,0,0,0,4,0,1,0,0,0,0,0
2025,R,paulg001,4,12,12,6,9,3,0,0,0,1,0,0,1,0,0,0,0,0
2025,R,paulg001,5,157,138,29,49,6,1,4,0,10,17,0,34,1,0,1,1,0
2025,R,pedej001,3,8,5,0,0,0,0,0,0,0,3,0,0,0,0,0,0,0
2025,R,pedej001,9,2,2,0,0,0,0,0,0,0,0,0,1,0,0,0,0,0
2025,R,pedej001,10,286,248,45,80,9,1,8,0,25,31,0,62,5,5,0,1,1
2025,R,pedej001,11,17,14,3,7,1,0,1,0,1,3,0,4,0,0,0,0,0
2025,R,pegul001,3,25,22,6,16,1,0,3,0,5,2,0,9,0,1,0,0,0
2025,R,pegul001,4,16,15,4,4,0,0,0,0,0,0,0,4,0,1,0,0,0
2025,R,pegul001,6,44,41,6,9,0,0,1,0,3,3,0,11,2,0,0,0,0
2025,R,pegul001,11,3,2,0,0,0,0,0,0,0,1,0,1,1,0,0,0,0
2025,R,penaj004,6,531,481,147,228,29,2,16,1,60,35,2,89,9,12,1,2,0
2025,R,penaj004,10,9,9,2,6,1,0,1,0,2,0,0,3,0,0,0,0,0
2025,R,penaj004,11,3,3,1,1,0,0,0,0,0,0,0,1,0,0,0,0,0
2025,R,perao002,1,1,1,0,0,0,0,0,0,0,0,0,1,0,0,0,0,0
2025,R,perao002,3,48,39,11,15,1,0,1,0,5,6,0,15,1,1,0,1,1
2025,R,perao002,4,37,36,8,9,1,0,0,0,4,0,0,9,0,1,0,0,0
2025,R,perao002,5,143,134,17,30,4,0,3,0,8,9,0,45,4,0,0,0,0
2025,R,perao002,6,27,25,3,3,0,0,0,0,1,2,0,8,1,0,0,0,0
2025,R,perao002,11,9,9,1,4,0,0,1,0,2,0,0,2,0,0,0,0,0
2025,R,perdg001,6,719,596,172,275,33,5,20,2,98,94,1,83,11,10,8,11,0
2025,R,perdg001,11,1,1,1,1,0,0,0,0,2,0,0,0,0,0,0,0,0
2025,R,peree005,8,66,58,9,16,1,0,2,1,8,7,0,26,2,0,0,1,0
2025,R,peree005,9,6,6,0,0,0,0,0,0,0,0,0,1,0,0,0,0,0
2025,R,peree005,11,1,1,0,0,0,0,0,0,0,0,0,1,0,0,0,0,0
2025,R,perej004,1,1,1,0,0,0,0,0,0,0,0,0,0,0,0,0,0,0
2025,R,perej004,2,75,66,17,23,6,0,0,0,4,8,0,19,1,0,1,0,0
2025,R,perej004,11,2,2,0,0,0,0,0,0,0,0,0,2,0,0,0,0,0
2025,R,peres002,2,367,342,82,167,22,0,21,0,59,18,2,73,6,4,0,0,3
2025,R,peres002,3,114,109,27,46,7,0,4,0,13,3,1,19,3,2,0,0,0
2025,R,peres002,10,160,146,32,53,6,0,5,0,28,7,2,33,5,6,0,1,0
2025,R,perew002,7,4,4,1,1,0,0,0,0,1,0,0,0,0,0,0,0,0
2025,R,perew002,8,85,79,20,33,5,1,2,0,9,5,0,23,1,0,0,1,0
2025,R,perew002,9,287,254,62,113,12,3,11,0,33,26,0,63,4,3,0,4,0
2025,R,perew002,10,4,4,1,1,0,0,0,0,0,0,0,0,0,0,0,0,0
2025,R,perew002,11,3,3,0,0,0,0,0,0,0,0,0,1,0,0,0,0,0
2025,R,perkb002,8,167,151,34,53,6,2,3,0,18,15,0,45,4,1,0,0,0
2025,R,perkb002,10,1,1,1,1,0,0,0,0,1,0,0,0,0,0,0,0,0
2025,R,perkb002,11,3,3,0,0,0,0,0,0,0,0,0,2,0,0,0,0,0
2025,R,petet002,8,12,12,0,0,0,0,0,0,0,0,0,7,0,0,0,0,0
2025,R,phamt001,7,430,376,93,142,17,1,10,0,51,47,3,91,12,2,0,5,0
2025,R,phamt001,9,9,7,2,2,0,0,0,0,1,2,0,2,0,0,0,0,0
2025,R,phamt001,10,4,3,0,0,0,0,0,0,0,1,0,0,0,0,0,0,0
2025,R,phamt001,11,6,6,1,1,0,0,0,0,0,0,0,1,0,0,0,0,0
2025,R,pillk001,7,9,9,3,4,1,0,0,0,0,0,0,2,0,0,0,0,0
2025,R,pillk001,8,20,20,4,4,0,0,0,0,1,0,0,2,0,0,0,0,0
2025,R,pillk001,9,5,5,1,2,1,0,0,0,0,0,0,1,0,0,0,0,0
2025,R,pillk001,10,4,4,0,0,0,0,0,0,0,0,0,2,0,0,0,0,0
2025,R,pillk001,11,9,9,1,1,0,0,0,0,0,0,0,3,0,0,0,0,0
2025,R,polaj001,4,137,124,34,61,6,0,7,0,24,11,1,21,1,0,1,1,0
2025,R,polaj001,5,22,20,9,15,0,0,2,0,8,1,0,3,0,0,1,0,0
2025,R,polaj001,10,356,320,79,150,23,0,16,0,45,29,0,56,6,2,1,4,0
2025,R,polaj001,11,11,8,3,7,1,0,1,0,1,2,0,3,0,1,0,0,0
2025,R,portl001,2,9,7,1,1,0,0,0,0,1,1,0,2,0,1,0,0,0
2025,R,pozoy001,2,134,128,31,49,6,0,4,0,12,6,0,16,3,0,0,0,0
2025,R,pozoy001,3,4,4,0,0,0,0,0,0,0,0,0,0,0,0,0,0,0
2025,R,pozoy001,10,9,8,0,0,0,0,0,0,0,1,0,3,0,0,0,0,0
2025,R,pozoy001,11,22,21,6,11,2,0,1,0,7,0,0,3,1,0,0,1,0
2025,R,priec002,4,4,4,1,1,0,0,0,0,0,0,0,3,0,0,0,0,0
2025,R,priec002,10,1,1,0,0,0,0,0,0,0,0,0,1,0,0,0,0,0
2025,R,priec002,11,2,2,0,0,0,0,0,0,0,0,0,2,0,0,0,0,0
2025,R,profj001,7,366,313,78,138,16,1,14,0,43,48,0,57,4,5,0,0,0
2025,R,profj001,10,5,5,0,0,0,0,0,0,0,0,0,2,0,0,0,0,0
2025,R,quere001,2,271,242,71,96,13,0,4,0,26,24,0,42,5,3,0,2,0
2025,R,quere001,10,116,109,25,32,4,0,1,0,10,6,0,23,3,1,0,0,0
2025,R,quere001,11,17,15,3,3,0,0,0,0,2,2,0,6,0,0,0,0,0
2025,R,rafac001,4,79,76,10,11,1,0,0,0,1,3,0,17,2,0,0,0,0
2025,R,rafac001,8,508,470,126,215,33,4,16,0,62,25,0,100,7,8,3,2,0
2025,R,ralec001,2,533,448,115,280,18,0,49,2,98,76,12,129,5,7,0,2,0
2025,R,ralec001,10,170,147,31,70,6,0,11,1,25,20,5,59,1,2,0,1,0
2025,R,ralec001,11,2,1,1,1,0,0,0,0,2,1,0,0,0,0,0,0,0
2025,R,ralel001,0,1,0,0,0,0,0,0,0,0,0,0,0,0,1,0,0,0
2025,R,ralel001,3,89,75,16,29,4,0,3,0,8,9,0,30,1,5,0,0,0
2025,R,ralel001,7,4,3,0,0,0,0,0,0,1,0,0,1,0,1,0,0,0
2025,R,ralel001,8,13,11,1,1,0,0,0,0,0,2,0,5,0,0,0,0,0
2025,R,ralel001,9,88,74,14,20,3,0,1,0,10,6,0,22,1,5,2,1,0
2025,R,ralel001,10,12,11,3,3,0,0,0,0,0,1,0,3,0,0,0,0,0
2025,R,ralel001,11,12,9,3,4,1,0,0,0,0,1,0,3,0,1,1,0,0
2025,R,ramia004,2,311,282,60,98,17,0,7,0,28,20,1,52,8,7,0,2,0
2025,R,ramia004,10,272,253,63,123,16,1,14,0,38,16,1,60,5,1,0,2,0
2025,R,ramia004,11,4,4,1,1,0,0,0,0,1,0,0,2,0,0,0,0,0
2025,R,ramij003,5,559,494,140,248,29,2,25,0,72,53,16,63,6,6,0,5,1
2025,R,ramij003,10,114,99,28,50,5,1,5,0,13,13,6,11,3,2,0,0,0
2025,R,ramob001,5,12,12,2,4,2,0,0,0,2,0,0,4,0,0,0,0,0
2025,R,ramoh002,7,682,610,157,246,24,1,21,0,68,49,2,155,16,17,0,6,0
2025,R,ramoh002,10,12,9,1,1,0,0,0,0,1,3,0,3,0,0,0,0,0
2025,R,ramoh002,11,1,1,1,1,0,0,0,0,0,0,0,0,0,0,0,0,0
2025,R,ravej001,7,83,72,18,33,3,0,4,0,11,10,0,22,1,1,0,0,0
2025,R,ravej001,8,30,28,5,5,0,0,0,0,1,2,0,8,0,0,0,0,0
2025,R,ravej001,9,56,48,6,8,2,0,0,0,2,5,0,15,0,0,2,1,0
2025,R,ravej001,10,3,2,0,0,0,0,0,0,0,1,0,1,0,0,0,0,0
2025,R,ravej001,11,3,3,1,1,0,0,0,0,0,0,0,0,0,0,0,0,0
2025,R,rea-c001,1,1,1,0,0,0,0,0,0,0,0,0,1,0,0,0,0,0
2025,R,realj001,2,544,498,129,193,26,1,12,0,51,33,1,125,13,9,0,3,1
2025,R,realj001,10,5,4,0,0,0,0,0,0,1,1,0,4,0,0,0,0,0
2025,R,realj001,11,1,0,0,0,0,0,0,0,0,1,0,0,0,0,0,0,0
2025,R,refsr001,7,37,31,6,13,1,0,2,0,3,6,0,10,1,0,0,0,0
2025,R,refsr001,9,80,68,23,40,5,0,4,0,13,9,0,18,3,1,0,2,0
2025,R,refsr001,10,74,68,19,33,5,0,3,0,13,6,0,18,1,0,0,0,0
2025,R,refsr001,11,20,16,2,3,1,0,0,0,1,4,1,8,1,0,0,0,0
2025,R,renfh001,9,102,94,16,21,5,0,0,0,4,7,0,20,4,0,0,1,0
2025,R,renfh001,10,2,2,0,0,0,0,0,0,0,0,0,0,0,0,0,0,0
2025,R,renfh001,11,4,3,2,3,1,0,0,0,0,1,0,1,0,0,0,0,0
2025,R,rengl001,4,260,236,55,71,8,1,2,0,19,19,0,46,1,2,1,2,0
2025,R,rengl001,5,258,245,59,92,8,2,7,0,24,11,0,49,6,1,0,1,0
2025,R,rengl001,8,1,0,0,0,0,0,0,0,0,1,0,0,0,0,0,0,0
2025,R,rengl001,9,6,6,0,0,0,0,0,0,0,0,0,3,0,0,0,0,0
2025,R,rengl001,10,4,4,2,2,0,0,0,0,0,0,0,2,0,0,0,0,0
2025,R,rengl001,11,12,10,3,3,0,0,0,0,0,2,0,4,0,0,0,0,0
2025,R,reyep001,4,10,8,2,2,0,0,0,0,0,1,0,3,0,0,1,0,0
2025,R,reyep001,5,7,6,0,0,0,0,0,0,1,1,0,1,0,0,0,0,0
2025,R,reyep001,7,1,1,0,0,0,0,0,0,0,0,0,0,0,0,0,0,0
2025,R,reyep001,9,6,6,3,4,1,0,0,0,1,0,0,2,0,0,0,0,0
2025,R,reyep001,10,2,2,1,1,0,0,0,0,0,0,0,0,0,0,0,0,0
2025,R,reyep001,11,9,9,0,0,0,0,0,0,0,0,0,4,0,0,0,0,0
2025,R,reynb001,9,500,451,109,170,27,2,10,0,51,45,0,133,14,3,0,1,0
2025,R,reynb001,10,152,135,35,66,11,1,6,0,22,11,1,39,1,4,0,2,0
2025,R,reynb001,11,3,2,1,2,1,0,0,0,0,1,0,1,0,0,0,0,0
2025,R,riceb001,2,114,95,21,51,8,2,6,1,15,16,0,17,3,2,0,1,0
2025,R,riceb001,3,188,173,49,80,8,1,7,0,25,13,0,35,9,1,0,0,1
2025,R,riceb001,10,213,187,47,100,12,1,13,1,25,18,0,43,6,6,0,1,1
2025,R,riceb001,11,15,12,2,2,0,0,0,0,0,3,0,5,0,0,0,0,0
2025,R,rilea001,5,447,416,108,178,20,1,16,0,54,27,1,128,9,3,0,1,0
2025,R,rittr002,4,98,89,21,28,5,1,0,0,7,3,0,26,4,4,2,0,0
2025,R,rittr002,6,109,98,24,35,4,2,1,0,11,7,0,35,3,1,2,1,0
2025,R,rival002,4,81,66,15,16,1,0,0,0,3,15,0,14,1,0,0,0,0
2025,R,rival002,5,1,0,0,0,0,0,0,0,0,1,0,0,0,0,0,0,0
2025,R,rival002,6,15,13,5,6,1,0,0,0,2,2,0,7,0,0,0,0,0
2025,R,rival002,9,4,4,0,0,0,0,0,0,0,0,0,1,0,0,0,0,0
2025,R,rival002,10,3,2,2,8,0,0,2,0,4,1,0,0,0,0,0,0,0
2025,R,rival002,11,8,6,1,4,0,0,1,0,2,1,0,2,0,1,0,0,0
2025,R,rivee001,3,19,16,1,1,0,0,0,0,0,3,0,4,1,0,0,0,0
2025,R,rivee001,5,99,95,28,32,4,0,0,0,13,3,0,19,2,1,0,0,0
2025,R,rivee001,10,4,4,0,0,0,0,0,0,0,0,0,1,0,0,0,0,0
2025,R,rivee001,11,6,6,1,1,0,0,0,0,0,0,0,1,0,0,0,0,0
2025,R,rives002,2,34,33,6,8,2,0,0,0,2,1,0,9,0,0,0,0,0
2025,R,robel002,8,413,365,84,138,12,0,14,0,53,40,3,102,8,1,1,3,3
2025,R,robel002,10,16,15,1,1,0,0,0,0,0,0,0,8,0,1,0,0,0
2025,R,robel002,11,2,2,0,0,0,0,0,0,0,0,0,2,0,0,0,0,0
2025,R,robew002,7,55,51,6,7,1,0,0,0,5,1,0,19,0,2,0,1,0
2025,R,robew002,8,1,1,0,0,0,0,0,0,0,0,0,1,0,0,0,0,0
2025,R,robew002,9,16,15,3,3,0,0,0,0,4,1,0,7,1,0,0,0,0
2025,R,robew002,10,1,1,0,0,0,0,0,0,0,0,0,0,0,0,0,0,0
2025,R,robew002,11,3,3,0,0,0,0,0,0,0,0,0,0,0,0,0,0,0
2025,R,robic003,2,2,1,0,0,0,0,0,0,0,0,0,0,0,0,1,0,0
2025,R,roblv001,8,3,3,1,1,0,0,0,0,0,0,0,1,0,0,0,0,0
2025,R,roblv001,9,108,101,23,32,4,1,1,0,9,2,0,25,3,3,0,2,0
2025,R,roblv001,11,3,2,2,2,0,0,0,0,0,1,0,0,0,0,0,0,0
2025,R,roccb001,4,171,157,38,56,8,2,2,0,14,10,0,39,1,2,0,2,0
2025,R,roccb001,6,209,185,41,60,10,0,3,0,28,11,0,37,3,6,4,3,0
2025,R,roccb001,11,3,2,1,1,0,0,0,0,2,1,0,1,0,0,0,0,0
2025,R,rodea001,7,115,101,16,26,5,1,1,0,6,6,0,36,0,5,0,3,0
2025,R,rodea001,8,8,8,3,6,0,0,1,0,1,0,0,0,0,0,0,0,0
2025,R,rodea001,9,23,20,5,5,0,0,0,0,2,2,0,0,0,1,0,0,0
2025,R,rodea001,11,7,7,2,3,1,0,0,0,0,0,0,1,0,0,0,0,0
2025,R,rodgb002,4,121,109,20,29,3,0,2,0,11,10,0,43,2,1,0,1,0
2025,R,rodgb002,10,5,5,1,2,1,0,0,0,0,0,0,3,0,0,0,0,0
2025,R,rodgb002,11,3,2,1,1,0,0,0,0,0,1,0,0,0,0,0,0,0
2025,R,rodre006,2,23,21,4,5,1,0,0,0,2,2,0,4,0,0,0,0,0
2025,R,rodre006,3,33,30,5,8,3,0,0,0,0,3,0,10,0,0,0,0,0
2025,R,rodre006,11,1,1,0,0,0,0,0,0,0,0,0,0,0,0,0,0,0
2025,R,rodrj007,8,705,647,173,308,31,4,32,1,95,44,5,150,15,12,0,2,0
2025,R,rodrj007,10,4,4,1,1,0,0,0,0,0,0,0,1,0,0,0,0,0
2025,R,rodrj007,11,1,1,0,0,0,0,0,0,0,0,0,1,0,0,0,0,0
2025,R,rodrj009,7,1,1,0,0,0,0,0,0,0,0,0,1,0,0,0,0,0
2025,R,rodrj009,9,70,64,14,26,4,1,2,0,10,6,0,17,2,0,0,0,0
2025,R,rodrj009,10,2,2,0,0,0,0,0,0,0,0,0,0,0,0,0,0,0
2025,R,rodrj009,11,4,4,0,0,0,0,0,0,0,0,0,4,0,0,0,0,0
2025,R,rogej004,1,1,1,0,0,0,0,0,0,0,0,0,1,0,0,0,0,0
2025,R,rogej004,2,137,118,22,40,5,2,3,0,19,15,0,35,3,1,1,2,0
2025,R,rogej004,10,1,1,0,0,0,0,0,0,0,0,0,1,0,0,0,0,0
2025,R,rogej004,11,4,4,1,1,0,0,0,0,0,0,0,3,0,0,0,0,0
2025,R,roget003,1,2,2,0,0,0,0,0,0,0,0,0,2,0,0,0,0,0
2025,R,rojaj001,4,63,55,10,11,1,0,0,0,2,6,0,16,2,0,1,1,0
2025,R,rojaj001,5,134,122,24,38,8,0,2,0,9,11,0,27,4,0,0,1,0
2025,R,rojaj001,7,10,8,0,0,0,0,0,0,0,2,0,4,0,0,0,0,0
2025,R,rojaj001,11,4,4,0,0,0,0,0,0,0,0,0,1,0,0,0,0,0
2025,R,rojaj003,8,167,147,33,43,3,2,1,0,17,13,0,38,2,0,4,3,0
2025,R,rojaj003,11,5,5,1,1,0,0,0,0,1,0,0,2,0,0,0,0,0
2025,R,rojam002,1,4,4,0,0,0,0,0,0,0,0,0,0,0,0,0,0,0
2025,R,rojam002,3,1,1,0,0,0,0,0,0,0,0,0,0,0,0,0,0,0
2025,R,rojam002,4,181,163,40,53,10,0,1,0,10,15,1,27,1,0,3,0,0
2025,R,rojam002,5,66,62,18,31,4,0,3,0,7,4,0,10,1,0,0,0,0
2025,R,rojam002,6,50,46,12,20,2,0,2,0,6,4,0,6,5,0,0,0,0
2025,R,rojam002,11,15,14,6,11,2,0,1,0,4,1,0,3,0,0,0,0,0
2025,R,romod001,2,1,1,0,0,0,0,0,0,0,0,0,1,0,0,0,0,0
2025,R,romod001,10,1,1,0,0,0,0,0,0,0,0,0,1,0,0,0,0,0
2025,R,romod001,11,2,2,0,0,0,0,0,0,0,0,0,2,0,0,0,0,0
2025,R,rookb001,7,29,25,9,13,1,0,1,0,5,4,0,4,0,0,0,0,0
2025,R,rookb001,9,85,80,26,50,10,1,4,0,8,5,1,23,3,0,0,0,0
2025,R,rookb001,10,585,521,129,237,29,2,25,0,76,56,3,128,10,5,0,2,1
2025,R,rookb001,11,1,0,0,0,0,0,0,0,0,1,0,0,0,0,0,0,0
2025,R,rortb001,2,128,112,17,23,3,0,1,0,10,11,0,23,1,2,3,0,0
2025,R,rosaa003,4,59,54,16,28,3,0,3,0,8,3,0,10,1,1,0,1,0
2025,R,rosaa003,5,108,103,24,39,6,0,3,0,12,4,0,16,5,1,0,0,0
2025,R,rosaa003,9,6,6,3,5,2,0,0,0,1,0,0,1,0,0,0,0,0
2025,R,rosaa003,10,5,5,1,1,0,0,0,0,0,0,0,1,0,0,0,0,0
2025,R,rosaa003,11,14,14,6,6,0,0,0,0,2,0,0,4,0,0,0,0,0
2025,R,rosae001,9,3,3,0,0,0,0,0,0,0,0,0,1,0,0,0,0,0
2025,R,rosae001,10,4,4,1,1,0,0,0,0,0,0,0,0,0,0,0,0,0
2025,R,rosae001,11,1,1,0,0,0,0,0,0,0,0,0,1,0,0,0,0,0
2025,R,ruize001,7,14,12,2,5,0,0,1,0,1,2,0,5,0,0,0,0,0
2025,R,ruize001,9,6,6,2,2,0,0,0,0,1,0,0,2,0,0,0,0,0
2025,R,ruize001,11,3,3,0,0,0,0,0,0,0,0,0,1,0,0,0,0,0
2025,R,ruizk001,2,263,251,63,81,12,0,2,0,25,8,0,26,4,3,0,1,0
2025,R,ruizk001,11,4,4,0,0,0,0,0,0,0,0,0,0,0,0,0,0,0
2025,R,rushd001,2,135,123,23,36,4,0,3,0,20,9,0,52,0,1,0,2,0
2025,R,rushd001,3,10,9,3,4,1,0,0,0,1,1,0,2,0,0,0,0,0
2025,R,rushd001,10,2,2,1,4,0,0,1,0,3,0,0,0,0,0,0,0,0
2025,R,rushd001,11,9,9,2,2,0,0,0,0,0,0,0,4,1,0,0,0,0
2025,R,rutsa001,2,283,251,55,90,11,0,8,0,23,30,0,42,8,1,0,1,0
2025,R,rutsa001,10,76,66,15,25,5,1,1,0,6,9,0,15,0,0,0,1,0
2025,R,rutsa001,11,6,5,1,3,0,1,0,0,0,1,0,0,0,0,0,0,0
2025,R,sabob001,2,17,15,1,2,1,0,0,0,1,1,0,7,1,0,0,1,0
2025,R,sabob001,10,1,1,1,1,0,0,0,0,0,0,0,0,0,0,0,0,0
2025,R,sabob001,11,1,1,1,1,0,0,0,0,0,0,0,0,0,0,0,0,0
2025,R,saggt001,4,124,115,21,24,3,0,0,0,7,7,0,38,1,0,1,1,0
2025,R,saggt001,5,51,46,14,20,3,0,1,0,7,4,0,11,1,0,0,1,0
2025,R,saggt001,6,112,107,34,47,10,0,1,0,11,5,0,32,3,0,0,0,0
2025,R,saggt001,10,4,4,1,1,0,0,0,0,0,0,0,1,0,0,0,0,0
2025,R,saggt001,11,4,3,1,2,1,0,0,0,0,0,0,1,0,1,0,0,0
2025,R,salac001,2,9,6,2,2,0,0,0,0,1,2,0,1,0,1,0,0,0
2025,R,salac001,10,4,4,1,1,0,0,0,0,0,0,0,1,0,0,0,0,0
2025,R,salac001,11,6,6,1,1,0,0,0,0,0,0,0,1,1,0,0,0,0
2025,R,sanca009,2,20,20,4,5,1,0,0,0,0,0,0,6,1,0,0,0,0
2025,R,sanca009,3,1,1,0,0,0,0,0,0,0,0,0,0,0,0,0,0,0
2025,R,sanca009,11,2,2,1,2,1,0,0,0,0,0,0,0,0,0,0,0,0
2025,R,sancg002,2,76,68,18,31,1,0,4,1,20,4,0,20,1,3,0,1,0
2025,R,sancg002,10,24,22,3,7,1,0,1,0,4,0,0,6,1,2,0,0,0
2025,R,sancg002,11,1,1,0,0,0,0,0,0,0,0,0,1,0,0,0,0,0
2025,R,sancj003,7,88,80,16,25,6,0,1,0,10,7,0,18,3,1,0,0,0
2025,R,sancj003,8,34,30,3,6,0,0,1,0,2,4,0,11,1,0,0,0,0
2025,R,sancj003,9,343,309,80,133,15,4,10,0,31,31,1,70,6,1,0,2,0
2025,R,sancj003,10,14,14,5,5,0,0,0,0,1,0,0,8,0,0,0,0,0
2025,R,sancj003,11,19,19,4,10,0,0,2,0,5,0,0,3,0,0,0,0,0
2025,R,sanoj001,1,5,5,1,1,0,0,0,0,0,0,0,1,0,0,0,0,0
2025,R,sanoj001,3,1,1,1,1,0,0,0,0,0,0,0,0,0,0,0,0,0
2025,R,sanoj001,4,86,79,18,27,9,0,0,0,6,5,0,7,1,0,1,1,0
2025,R,sanoj001,5,105,96,25,43,7,1,3,0,14,7,0,13,1,1,1,0,0
2025,R,sanoj001,6,32,29,7,9,2,0,0,0,4,1,0,2,0,0,0,2,0
2025,R,sanoj001,7,59,53,13,22,4,1,1,0,9,2,0,6,0,1,2,1,0
2025,R,sanoj001,8,35,33,8,12,0,2,0,0,3,2,0,8,0,0,0,0,0
2025,R,sanoj001,11,19,17,3,9,0,0,2,0,2,2,0,4,0,0,0,0,0
2025,R,santa003,3,1,1,0,0,0,0,0,0,0,0,0,1,0,0,0,0,0
2025,R,santa003,7,27,24,3,3,0,0,0,0,0,2,0,5,0,1,0,0,0
2025,R,santa003,9,63,52,11,19,2,0,2,0,6,11,0,15,1,0,0,0,0
2025,R,santa003,10,128,117,20,35,3,0,4,0,12,10,0,40,5,0,0,1,0
2025,R,santa003,11,2,0,0,0,0,0,0,0,0,2,1,0,0,0,0,0,0
2025,R,santc002,3,392,346,78,118,10,0,10,1,51,41,1,69,7,2,0,3,0
2025,R,santc002,10,75,64,13,17,1,0,1,0,3,9,0,18,0,1,0,1,0
2025,R,santc002,11,8,6,0,0,0,0,0,0,0,2,0,4,0,0,0,0,0
2025,R,schan001,3,563,487,129,190,23,1,12,0,53,59,4,70,10,10,3,4,0
2025,R,schan001,11,1,1,0,0,0,0,0,0,0,0,0,1,0,0,0,0,0
2025,R,schmc003,3,51,45,10,13,3,0,0,0,2,4,0,16,1,1,1,0,0
2025,R,schmc003,4,193,176,37,66,8,0,7,0,23,13,1,44,3,1,0,3,0
2025,R,schmc003,5,93,81,27,46,4,0,5,2,15,10,0,22,2,2,0,0,0
2025,R,schmc003,6,3,3,0,0,0,0,0,0,0,0,0,1,0,0,0,0,0
2025,R,schmc003,10,2,1,0,0,0,0,0,0,0,0,0,0,0,1,0,0,0
2025,R,schmc003,11,6,6,0,0,0,0,0,0,0,0,0,0,0,0,0,0,0
2025,R,schnd001,4,57,50,10,18,2,0,2,0,10,6,0,14,1,1,0,0,0
2025,R,schnd001,5,1,1,0,0,0,0,0,0,0,0,0,0,0,0,0,0,0
2025,R,schnd001,7,150,121,30,59,2,0,9,0,19,27,0,40,3,1,0,1,0
2025,R,schnd001,10,4,4,2,2,0,0,0,0,1,0,0,0,0,0,0,0,0
2025,R,schnd001,11,15,12,2,3,1,0,0,0,1,3,0,6,0,0,0,0,0
2025,R,schnd002,4,219,190,48,87,12,0,9,0,24,28,1,55,2,1,0,0,0
2025,R,schnd002,5,61,60,11,20,1,1,2,1,10,0,0,22,0,0,0,1,0
2025,R,schnd002,6,23,20,0,0,0,0,0,0,0,3,0,5,0,0,0,0,0
2025,R,schnd002,7,14,12,2,2,0,0,0,0,0,2,0,5,0,0,0,0,0
2025,R,schnd002,8,63,59,11,18,4,0,1,0,4,3,0,20,1,0,1,0,0
2025,R,schnd002,9,26,22,3,4,1,0,0,0,0,2,0,5,1,2,0,0,0
2025,R,schnd002,10,1,1,0,0,0,0,0,0,0,0,0,0,0,0,0,0,0
2025,R,schnd002,11,16,16,3,3,0,0,0,0,3,0,0,5,0,0,0,0,0
2025,R,schua002,4,6,6,0,0,0,0,0,0,0,0,0,1,0,0,0,0,0
2025,R,schua002,5,4,4,1,1,0,0,0,0,0,0,0,2,0,0,0,0,0
2025,R,schua002,6,22,21,5,6,1,0,0,0,0,0,0,6,1,0,1,0,0
2025,R,schua002,11,1,1,0,0,0,0,0,0,0,0,0,1,0,0,0,0,0
2025,R,schum002,4,85,71,12,15,0,0,1,0,5,8,0,18,2,3,3,0,0
2025,R,schum002,5,43,37,9,16,3,2,0,0,0,5,0,8,3,1,0,0,0
2025,R,schum002,6,57,50,10,14,1,0,1,0,6,6,0,9,1,0,0,1,0
2025,R,schum002,7,16,15,2,2,0,0,0,0,2,1,0,0,0,0,0,0,0
2025,R,schum002,8,5,4,1,1,0,0,0,0,0,1,0,0,0,0,0,0,0
2025,R,schum002,9,1,1,0,0,0,0,0,0,0,0,0,0,0,0,0,0,0
2025,R,schum002,11,6,5,2,2,0,0,0,0,0,1,0,0,0,0,0,0,0
2025,R,schwk001,7,37,31,6,9,0,0,1,0,4,6,1,8,0,0,0,0,0
2025,R,schwk001,10,687,573,139,331,23,2,55,2,128,102,5,189,4,11,0,1,0
2025,R,scotv001,7,11,10,2,5,1,1,0,0,2,1,0,2,0,0,0,0,0
2025,R,scotv001,8,448,385,82,110,13,0,5,0,34,40,0,108,3,10,10,3,0
2025,R,scotv001,9,4,3,2,3,1,0,0,0,1,1,0,1,0,0,0,0,0
2025,R,seagc001,6,424,361,101,183,19,0,21,0,50,56,10,80,12,5,0,2,0
2025,R,seagc001,10,21,19,2,2,0,0,0,0,0,2,0,7,1,0,0,0,0
2025,R,seiga001,3,1,1,0,0,0,0,0,0,0,0,0,0,0,0,0,0,0
2025,R,seiga001,5,54,45,11,12,1,0,0,0,5,6,0,9,2,1,1,1,0
2025,R,seiga001,10,3,3,0,0,0,0,0,0,0,0,0,0,0,0,0,0,0
2025,R,seiga001,11,15,13,1,1,0,0,0,0,0,2,0,7,0,0,0,0,0
2025,R,semim001,4,534,470,108,171,16,1,15,0,62,50,0,93,8,5,0,9,0
2025,R,sengh001,2,76,70,12,13,1,0,0,0,4,3,0,21,3,1,1,1,0
2025,R,sengh001,11,2,2,1,1,0,0,0,0,0,0,0,1,0,0,0,0,0
2025,R,seymb001,3,81,76,16,22,1,1,1,0,5,4,0,31,0,1,0,0,0
2025,R,seymb001,10,2,2,0,0,0,0,0,0,0,0,0,1,0,0,0,0,0
2025,R,seymb001,11,1,1,0,0,0,0,0,0,0,0,0,0,0,0,0,0,0
2025,R,shawm002,4,2,2,1,2,1,0,0,0,0,0,0,0,0,0,0,0,0
2025,R,shawm002,5,430,386,86,145,20,3,11,0,42,38,0,93,2,2,0,4,0
2025,R,shawm002,11,5,5,2,8,0,0,2,0,2,0,0,1,0,0,0,0,0
2025,R,sheeg001,3,47,45,12,30,1,1,5,0,14,2,0,12,0,0,0,0,0
2025,R,sheeg001,7,242,216,62,101,15,0,8,0,28,22,1,34,4,2,0,2,0
2025,R,sheeg001,10,248,223,48,75,12,0,5,0,28,20,0,59,5,3,0,2,0
2025,R,sheeg001,11,13,13,3,6,0,0,1,0,2,0,0,3,0,0,0,0,0
2025,R,shorz001,6,56,50,11,19,2,0,2,0,7,4,0,18,0,1,1,0,0
2025,R,sianm001,8,19,17,4,4,0,0,0,0,0,2,0,7,0,0,0,0,0
2025,R,simor002,4,28,22,6,6,0,0,0,0,3,4,0,4,0,0,1,1,0
2025,R,simor002,6,1,1,0,0,0,0,0,0,0,0,0,0,1,0,0,0,0
2025,R,simor002,7,24,20,4,6,2,0,0,0,1,3,0,3,0,0,0,1,0
2025,R,simor002,9,19,19,6,7,1,0,0,0,1,0,0,6,0,0,0,0,0
2025,R,simor002,10,15,14,2,2,0,0,0,0,2,1,0,2,0,0,0,0,0
2025,R,simor002,11,1,1,0,0,0,0,0,0,0,0,0,0,0,0,0,0,0
2025,R,simpc001,7,207,194,56,66,6,2,0,0,15,9,0,24,3,0,3,1,0
2025,R,simpc001,8,221,208,64,75,9,1,0,0,11,10,0,17,7,0,0,1,2
2025,R,simpc001,9,1,1,0,0,0,0,0,0,0,0,0,0,0,0,0,0,0
2025,R,simpc001,10,9,8,2,2,0,0,0,0,0,1,0,0,0,0,0,0,0
2025,R,simpc001,11,3,3,0,0,0,0,0,0,0,0,0,2,0,0,0,0,0
2025,R,singj001,3,1,1,0,0,0,0,0,0,0,0,0,0,0,0,0,0,0
2025,R,singj001,10,7,7,1,1,0,0,0,0,0,0,0,1,0,0,0,0,0
2025,R,singj001,11,1,1,0,0,0,0,0,0,0,0,0,0,0,0,0,0,0
2025,R,sirij001,8,36,32,2,4,2,0,0,0,1,4,0,17,0,0,0,0,0
2025,R,slata001,0,1,0,0,0,0,0,0,0,0,1,0,0,0,0,0,0,0
2025,R,slata001,1,1,1,1,1,0,0,0,0,0,0,0,0,0,0,0,0,0
2025,R,slata001,7,55,52,12,25,2,1,3,0,7,2,0,22,3,0,1,0,0
2025,R,slata001,9,70,66,14,22,2,0,2,0,5,4,0,17,2,0,0,0,0
2025,R,slata001,10,10,9,2,4,2,0,0,0,0,1,0,5,0,0,0,0,0
2025,R,slata001,11,26,22,3,3,0,0,0,0,1,4,0,9,1,0,0,0,0
2025,R,smitc010,9,484,435,103,155,21,2,9,0,51,40,0,133,11,7,0,2,0
2025,R,smitc010,10,1,1,0,0,0,0,0,0,0,0,0,1,0,0,0,0,0
2025,R,smitc010,11,9,6,1,3,0,1,0,0,0,3,0,4,0,0,0,0,0
2025,R,smitd008,3,194,176,44,69,10,0,5,0,29,13,0,40,3,1,0,4,0
2025,R,smitd008,9,1,0,0,0,0,0,0,0,0,0,0,0,0,1,0,0,0
2025,R,smitd008,10,22,21,9,10,1,0,0,0,3,1,0,2,1,0,0,0,0
2025,R,smitd008,11,9,8,6,7,1,0,0,0,2,1,0,0,1,0,0,0,0
2025,R,smitj007,3,111,97,34,52,7,1,3,0,11,10,1,14,1,4,0,0,0
2025,R,smitj007,4,11,9,2,2,0,0,0,0,0,1,0,1,0,1,0,0,0
2025,R,smitj007,5,116,101,22,35,7,0,2,0,6,13,1,22,0,0,2,0,0
2025,R,smitj007,6,198,174,35,48,4,0,3,0,10,21,0,40,1,1,0,1,1
2025,R,smitj007,7,32,31,9,11,2,0,0,0,1,1,0,6,0,0,0,0,0
2025,R,smitj007,8,9,8,5,10,0,1,1,0,2,1,0,0,0,0,0,0,0
2025,R,smitj007,9,27,24,5,6,1,0,0,0,2,1,0,6,0,1,1,0,0
2025,R,smitj007,10,45,41,12,17,2,0,1,0,3,4,0,9,1,0,0,0,0
2025,R,smitj007,11,15,11,0,0,0,0,0,0,0,3,0,3,0,1,0,0,0
2025,R,smitp002,3,130,111,28,51,9,1,4,0,12,16,0,44,3,0,0,2,1
2025,R,smitp002,10,154,129,33,52,7,0,4,0,16,25,1,47,4,0,0,0,0
2025,R,smitp002,11,12,10,2,3,1,0,0,0,0,2,0,3,0,0,0,0,0
2025,R,smitw003,2,419,346,101,168,20,1,15,0,56,64,1,86,7,4,0,5,0
2025,R,smitw003,10,5,4,1,1,0,0,0,0,2,0,0,2,0,1,0,0,0
2025,R,smitw003,11,12,12,5,11,0,0,2,0,3,0,0,1,0,0,0,0,0
2025,R,sodet001,3,194,171,46,97,7,1,14,1,42,20,0,42,4,2,0,1,0
2025,R,sodet001,7,414,378,105,163,25,0,11,0,46,31,2,97,13,4,0,1,0
2025,R,sodet001,10,4,3,0,0,0,0,0,0,0,1,0,1,1,0,0,0,0
2025,R,sodet001,11,12,9,4,6,2,0,0,0,5,3,0,1,0,0,0,0,0
2025,R,sogan001,3,41,37,8,10,2,0,0,0,1,2,0,6,1,2,0,0,0
2025,R,sogan001,4,31,27,9,12,3,0,0,0,3,3,0,9,0,1,0,0,0
2025,R,sogan001,5,18,18,5,7,2,0,0,0,1,0,0,6,2,0,0,0,0
2025,R,sogan001,6,1,1,0,0,0,0,0,0,0,0,0,0,0,0,0,0,0
2025,R,sogan001,9,8,8,2,2,0,0,0,0,1,0,0,2,0,0,0,0,0
2025,R,sogan001,11,5,5,1,2,1,0,0,0,3,0,0,1,0,0,0,0,0
2025,R,solad001,3,151,139,40,55,4,1,3,0,20,8,0,31,5,3,0,1,0
2025,R,solad001,4,3,3,0,0,0,0,0,0,0,0,0,2,0,0,0,0,0
2025,R,solad001,5,2,2,0,0,0,0,0,0,0,0,0,0,0,0,0,0,0
2025,R,solad001,11,23,22,1,1,0,0,0,0,1,0,0,7,4,0,0,1,0
2025,R,solan001,3,6,6,1,1,0,0,0,0,0,0,0,1,0,0,0,0,0
2025,R,solan001,4,1,1,0,0,0,0,0,0,0,0,0,0,0,0,0,0,0
2025,R,solan001,7,3,3,0,0,0,0,0,0,0,0,0,1,0,0,0,0,0
2025,R,solan001,11,1,1,0,0,0,0,0,0,0,0,0,0,0,0,0,0,0
2025,R,solej001,9,157,138,31,65,4,0,10,0,25,14,0,45,1,2,0,2,1
2025,R,solej001,10,152,137,28,42,8,0,2,0,9,12,0,46,4,2,0,1,0
2025,R,solej001,11,6,4,1,1,0,0,0,0,0,2,0,3,0,0,0,0,0
2025,R,sosae001,4,97,89,32,50,6,0,4,0,15,6,0,15,3,1,0,0,1
2025,R,sosae001,5,100,93,16,28,1,1,3,0,12,2,0,23,2,1,3,1,0
2025,R,sosae001,6,51,49,18,35,5,0,4,0,11,2,0,11,2,0,0,0,0
2025,R,sosae001,7,4,3,0,0,0,0,0,0,1,0,0,2,0,0,0,1,0
2025,R,sosae001,11,9,9,1,1,0,0,0,0,0,0,0,5,0,0,0,0,0
2025,R,sosal001,3,149,143,38,65,6,0,7,0,22,4,0,33,7,1,1,0,0
2025,R,sosal001,4,338,323,86,142,12,1,14,0,46,11,0,83,4,2,0,2,0
2025,R,sosal001,5,8,8,1,1,0,0,0,0,0,0,0,1,0,0,0,0,0
2025,R,sosal001,10,43,39,12,17,2,0,1,0,7,2,0,8,0,1,0,1,0
2025,R,sosal001,11,7,6,0,0,0,0,0,0,0,1,0,2,0,0,0,0,0
2025,R,sotoj001,9,702,564,149,294,20,1,41,1,102,127,13,134,17,3,1,6,1
2025,R,sotoj001,10,13,13,3,9,0,0,2,0,3,0,0,3,0,0,0,0,0
2025,R,sprig001,7,46,39,13,26,1,0,4,0,6,6,1,11,1,1,0,0,0
2025,R,sprig001,8,33,29,10,15,3,1,0,0,4,3,0,8,0,0,0,0,1
2025,R,sprig001,9,141,117,30,51,12,0,3,1,17,17,1,31,4,1,0,2,4
2025,R,sprig001,10,360,307,100,186,11,0,25,1,57,43,1,59,9,6,0,2,2
2025,R,sprig001,11,7,6,1,1,0,0,0,0,0,1,0,2,0,0,0,0,0
2025,R,stalj001,2,127,117,16,20,4,0,0,0,9,6,0,38,5,3,1,0,0
2025,R,stalj001,11,2,2,0,0,0,0,0,0,0,0,0,2,0,0,0,0,0
2025,R,stanm004,7,20,18,3,6,0,0,1,0,1,2,0,9,0,0,0,0,0
2025,R,stanm004,9,52,45,15,36,3,0,6,0,16,6,0,15,0,0,0,0,1
2025,R,stanm004,10,197,177,46,95,4,0,15,0,43,18,2,71,3,1,0,1,0
2025,R,stanm004,11,12,9,4,11,1,0,2,0,6,3,1,1,2,0,0,0,0
2025,R,stees001,3,465,413,106,187,17,2,20,0,70,44,0,95,9,5,1,2,0
2025,R,stees001,7,33,31,7,9,2,0,0,0,2,2,0,11,0,0,0,0,0
2025,R,stees001,9,1,1,0,0,0,0,0,0,0,0,0,1,0,0,0,0,0
2025,R,stees001,10,66,61,6,11,2,0,1,0,3,5,0,22,2,0,0,0,0
2025,R,stees001,11,4,4,2,2,0,0,0,0,0,0,0,1,1,0,0,0,0
2025,R,stefm001,1,1,1,1,1,0,0,0,0,0,0,0,0,0,0,0,0,0
2025,R,stefm001,4,23,20,3,3,0,0,0,0,0,3,0,3,0,0,0,0,0
2025,R,stefm001,11,1,1,0,0,0,0,0,0,0,0,0,0,0,0,0,0,0
2025,R,stept001,2,268,236,56,95,12,0,9,0,39,26,1,86,2,2,0,4,0
2025,R,stept001,10,70,59,13,31,6,0,4,1,11,11,0,26,2,0,0,0,0
2025,R,stept001,11,4,4,0,0,0,0,0,0,0,0,0,4,0,0,0,0,0
2025,R,stevc001,8,5,5,1,1,0,0,0,0,0,0,0,1,0,0,0,0,0
2025,R,stevc001,11,3,3,1,1,0,0,0,0,1,0,0,1,0,0,0,0,0
2025,R,stevc002,4,9,8,1,1,0,0,0,0,0,0,0,4,0,0,1,0,0
2025,R,stevc002,5,5,5,1,1,0,0,0,0,0,0,0,3,0,0,0,0,0
2025,R,stews004,3,41,40,12,24,0,0,4,0,6,1,0,9,0,0,0,0,0
2025,R,stews004,5,14,12,2,6,1,0,1,0,2,2,0,4,0,0,0,0,0
2025,R,stews004,11,3,3,0,0,0,0,0,0,0,0,0,2,1,0,0,0,0
2025,R,stort001,6,653,611,161,265,29,0,25,0,96,33,1,176,3,7,1,1,0
2025,R,stort001,11,1,1,0,0,0,0,0,0,0,0,0,0,0,0,0,0,0
2025,R,stotb001,4,505,455,119,181,20,3,12,0,64,43,0,83,3,1,2,4,0
2025,R,stotb001,6,43,37,8,13,2,0,1,0,2,6,1,8,0,0,0,0,0
2025,R,stotb001,11,12,7,1,1,0,0,0,0,0,5,0,0,1,0,0,0,0
2025,R,stowk001,7,259,223,65,131,14,2,16,0,42,31,2,74,4,2,1,2,0
2025,R,stowk001,8,28,25,8,15,1,0,2,0,2,2,0,6,1,1,0,0,0
2025,R,stowk001,9,124,111,33,54,4,1,5,2,22,10,0,31,1,1,0,2,0
2025,R,stowk001,10,34,31,8,13,2,0,1,0,4,3,1,9,0,0,0,0,0
2025,R,stowk001,11,12,9,1,4,0,0,1,0,3,2,0,5,0,1,0,0,0
2025,R,stram002,4,1,1,0,0,0,0,0,0,0,0,0,0,0,0,0,0,0
2025,R,stram002,7,39,33,8,12,2,1,0,0,6,3,0,8,0,0,3,0,0
2025,R,stram002,8,217,194,51,69,12,0,2,0,19,13,0,33,4,1,8,1,0
2025,R,stram002,9,17,17,6,12,0,0,2,0,6,0,0,6,0,0,0,0,0
2025,R,stram002,11,25,22,5,5,0,0,0,0,1,3,0,3,1,0,0,0,0
2025,R,stubc001,2,3,3,0,0,0,0,0,0,0,0,0,0,0,0,0,0,0
2025,R,stubg001,2,1,1,0,0,0,0,0,0,0,0,0,0,0,0,0,0,0
2025,R,suare001,3,3,2,0,0,0,0,0,0,1,0,0,1,1,0,0,1,0
2025,R,suare001,5,636,571,129,297,27,0,47,3,113,46,2,191,10,15,0,4,0
2025,R,suare001,10,16,13,4,11,1,0,2,0,4,0,0,4,0,1,0,2,0
2025,R,suare001,11,2,2,1,1,0,0,0,0,0,0,0,0,0,0,0,0,0
2025,R,sullb001,2,9,6,1,1,0,0,0,0,2,1,0,3,0,1,0,1,0
2025,R,suwij001,7,56,50,9,15,3,0,1,0,3,5,0,21,0,1,0,0,0
2025,R,suwij001,8,65,53,6,12,3,0,1,0,3,11,0,18,1,1,0,0,0
2025,R,suwij001,9,50,42,7,11,1,0,1,0,4,6,1,16,0,2,0,0,0
2025,R,suwij001,11,7,5,0,0,0,0,0,0,0,2,0,2,0,0,0,0,0
2025,R,suzus001,7,62,53,12,26,5,0,3,0,11,6,0,19,1,0,0,3,0
2025,R,suzus001,8,4,4,0,0,0,0,0,0,0,0,0,2,0,0,0,0,0
2025,R,suzus001,9,139,125,38,83,6,0,13,1,34,11,0,28,0,1,0,2,0
2025,R,suzus001,10,444,388,90,164,20,3,16,0,58,53,1,114,12,0,0,3,0
2025,R,suzus001,11,2,1,0,0,0,0,0,0,0,1,0,1,0,0,0,0,0
2025,R,swand001,6,645,590,144,246,24,3,24,0,77,47,1,168,9,2,1,5,0
2025,R,sweet001,6,312,286,57,85,6,2,6,0,30,22,0,88,2,0,0,4,0
2025,R,sweet001,11,14,10,1,1,0,0,0,0,2,4,0,4,0,0,0,0,0
2025,R,tatif002,9,683,587,159,265,27,2,25,1,71,88,7,129,6,6,0,2,0
2025,R,tatif002,10,8,7,0,0,0,0,0,0,0,1,0,0,0,0,0,0,0
2025,R,taucm001,9,297,256,69,97,13,0,5,0,30,37,0,63,4,3,0,1,0
2025,R,taucm001,10,80,71,18,36,4,1,4,0,9,8,0,21,1,1,0,0,0
2025,R,taucm001,11,8,8,1,1,0,0,0,0,1,0,0,2,0,0,0,0,0
2025,R,tavel001,8,88,85,19,27,3,1,1,0,8,2,0,24,0,0,1,0,0
2025,R,tavel001,9,91,85,16,25,3,0,2,0,9,3,0,25,0,0,2,1,0
2025,R,tavel001,11,1,1,0,0,0,0,0,0,0,0,0,1,0,0,0,0,0
2025,R,tawat001,3,51,44,8,10,2,0,0,0,2,6,0,16,3,0,1,0,0
2025,R,tawat001,4,80,67,13,30,2,0,5,0,11,10,0,17,2,1,0,2,0
2025,R,tawat001,5,8,8,1,4,0,0,1,0,1,0,0,2,0,0,0,0,0
2025,R,tawat001,7,25,21,4,8,1,0,1,0,2,3,0,6,0,0,1,0,0
2025,R,tawat001,8,47,45,12,14,2,0,0,0,2,1,0,15,1,0,0,1,0
2025,R,tawat001,9,1,1,0,0,0,0,0,0,0,0,0,1,0,0,0,0,0
2025,R,tawat001,11,13,13,2,3,1,0,0,0,0,0,0,7,0,0,0,0,0
2025,R,taylc001,4,27,22,3,5,2,0,0,0,1,3,0,8,0,2,0,0,0
2025,R,taylc001,5,2,1,0,0,0,0,0,0,0,0,0,0,0,1,0,0,0
2025,R,taylc001,7,25,24,3,3,0,0,0,0,0,1,0,10,0,0,0,0,0
2025,R,taylc001,8,28,28,5,7,2,0,0,0,2,0,0,11,1,0,0,0,0
2025,R,taylc001,9,35,30,8,17,3,0,2,0,8,1,0,11,0,3,0,1,0
2025,R,taylc001,11,8,8,2,2,0,0,0,0,1,0,0,2,0,0,0,0,0
2025,R,taylm002,7,95,87,18,34,7,0,3,0,13,5,1,26,3,1,1,1,0
2025,R,taylm002,8,129,114,23,31,5,0,1,0,10,13,0,43,2,0,1,1,0
2025,R,taylm002,9,85,78,15,37,7,0,5,0,11,5,0,35,2,0,2,0,0
2025,R,taylm002,10,2,2,1,1,0,0,0,0,0,0,0,1,0,0,0,0,0
2025,R,taylm002,11,16,16,3,6,1,1,0,0,1,0,0,6,0,0,0,0,0
2025,R,tayls003,8,2,2,0,0,0,0,0,0,0,0,0,0,0,0,0,0,0
2025,R,tayls003,9,7,6,1,1,0,0,0,0,0,0,0,1,0,0,1,0,0
2025,R,taylt002,7,10,9,4,5,1,0,0,0,1,1,0,0,0,0,0,0,0
2025,R,taylt002,8,324,295,62,89,15,3,2,0,24,15,1,74,4,8,3,2,1
2025,R,taylt002,9,1,1,1,2,1,0,0,0,2,0,0,0,0,0,0,0,0
2025,R,taylt002,11,6,5,2,3,1,0,0,0,0,0,0,2,0,1,0,0,0
2025,R,teelk001,2,236,200,56,84,10,0,6,0,24,30,0,66,0,5,1,0,0
2025,R,teelk001,10,56,48,12,19,1,0,2,0,9,7,0,10,1,0,0,1,0
2025,R,teelk001,11,5,5,1,1,0,0,0,0,2,0,0,1,0,0,0,0,0
2025,R,tellr001,1,1,1,0,0,0,0,0,0,0,0,0,0,0,0,0,0,0
2025,R,tellr001,3,273,255,57,109,10,0,14,1,37,14,0,72,8,3,0,1,0
2025,R,tellr001,10,16,13,1,1,0,0,0,0,2,1,0,4,0,0,0,2,0
2025,R,tellr001,11,26,23,8,18,1,0,3,0,11,2,0,9,1,0,0,1,0
2025,R,tenaj001,4,16,16,3,5,2,0,0,0,4,0,0,3,0,0,0,0,0
2025,R,tenaj001,5,150,133,32,47,11,2,0,0,12,15,0,33,4,1,0,1,0
2025,R,tenaj001,10,1,1,1,1,0,0,0,0,0,0,0,0,0,0,0,0,0
2025,R,tenaj001,11,3,3,2,2,0,0,0,0,0,0,0,1,0,0,0,0,0
2025,R,teodb001,8,150,138,28,42,7,2,1,0,7,5,0,47,2,4,1,2,0
2025,R,thaim001,2,179,147,31,41,5,1,1,0,16,27,0,43,2,3,1,1,0
2025,R,thaim001,3,1,1,1,2,1,0,0,0,0,0,0,0,0,0,0,0,0
2025,R,thaim001,10,3,3,2,2,0,0,0,0,0,0,0,0,0,0,0,0,0
2025,R,thaim001,11,7,5,0,0,0,0,0,0,0,2,0,3,0,0,0,0,0
2025,R,thoma004,8,460,426,107,159,19,3,9,0,37,21,0,120,2,5,5,3,0
2025,R,thoma004,10,4,2,0,0,0,0,0,0,1,0,0,1,0,0,1,1,0
2025,R,thoma004,11,6,6,1,1,0,0,0,0,0,0,0,1,0,0,0,0,0
2025,R,thomc005,7,17,16,3,4,1,0,0,0,1,0,0,4,3,1,0,0,0
2025,R,thomc005,8,40,37,12,26,2,0,4,0,9,2,0,17,0,0,0,1,0
2025,R,thomc005,9,59,53,11,19,2,0,2,0,9,3,0,19,0,0,1,2,0
2025,R,thomc005,10,1,1,0,0,0,0,0,0,0,0,0,1,0,0,0,0,0
2025,R,thomc005,11,16,14,1,1,0,0,0,0,0,2,0,9,0,0,0,0,0
2025,R,thoml002,8,133,119,20,34,2,0,4,0,11,11,0,40,4,1,0,2,0
2025,R,thoml002,9,2,1,0,0,0,0,0,0,0,1,0,0,0,0,0,0,0
2025,R,thoml002,10,4,3,0,0,0,0,0,0,0,1,0,2,0,0,0,0,0
2025,R,thoml002,11,3,2,0,0,0,0,0,0,0,1,0,2,0,0,0,0,0
2025,R,thomr008,7,1,1,0,0,0,0,0,0,0,0,0,0,0,0,0,0,0
2025,R,thomr008,9,9,7,1,2,1,0,0,0,2,1,0,0,0,0,0,1,0
2025,R,toglm001,3,329,300,56,102,14,1,10,1,30,26,2,130,7,1,0,2,0
2025,R,toglm001,10,7,6,2,6,1,0,1,0,2,1,0,2,0,0,0,0,0
2025,R,toglm001,11,2,0,0,0,0,0,0,0,0,2,0,0,0,0,0,0,0
2025,R,tolbt001,4,2,2,0,0,0,0,0,0,0,0,0,0,0,0,0,0,0
2025,R,tolbt001,5,5,5,2,5,0,0,1,0,2,0,0,0,0,0,0,0,0
2025,R,tolbt001,6,2,1,1,1,0,0,0,0,0,0,0,0,0,1,0,0,0
2025,R,tolbt001,7,5,4,2,2,0,0,0,0,2,0,0,1,0,1,0,0,0
2025,R,tolbt001,8,29,25,6,7,1,0,0,0,2,0,0,6,1,1,1,2,0
2025,R,tolbt001,9,2,2,1,1,0,0,0,0,0,0,0,0,0,0,0,0,0
2025,R,tolbt001,11,12,11,2,3,1,0,0,0,0,1,0,4,0,0,0,0,0
2025,R,torks001,3,605,531,126,240,25,1,29,0,71,61,5,162,11,8,0,5,0
2025,R,torks001,10,43,31,9,17,2,0,2,0,7,11,1,7,1,1,0,0,0
2025,R,torks001,11,1,1,0,0,0,0,0,0,0,0,0,0,0,0,0,0,0
2025,R,toroa001,3,228,210,49,77,10,0,6,0,21,11,1,33,1,4,0,3,0
2025,R,toroa001,5,50,44,13,19,3,0,1,0,6,3,0,7,0,1,0,2,0
2025,R,toroa001,11,6,5,0,0,0,0,0,0,0,0,0,2,0,1,0,0,0
2025,R,torrg001,4,587,501,130,198,20,0,16,0,70,76,0,96,10,4,0,6,0
2025,R,torrg001,10,40,31,6,8,2,0,0,0,4,8,0,5,1,0,0,1,0
2025,R,torrg001,11,2,1,0,0,0,0,0,0,0,1,0,0,0,0,0,0,0
2025,R,torrl001,2,272,251,56,87,14,1,5,0,29,18,0,53,6,2,1,0,0
2025,R,torrl001,3,1,1,0,0,0,0,0,0,0,0,0,0,1,0,0,0,0
2025,R,torrl001,10,2,2,0,0,0,0,0,0,0,0,0,1,0,0,0,0,0
2025,R,torrl001,11,10,9,3,3,0,0,0,0,0,1,0,3,0,0,0,0,0
2025,R,tovae001,6,390,360,91,144,18,4,9,0,33,21,0,98,2,1,6,2,0
2025,R,tramt001,7,53,48,8,15,1,0,2,0,6,5,0,16,0,0,0,0,0
2025,R,tramt001,8,68,59,13,21,5,0,1,0,5,9,0,22,0,0,0,0,0
2025,R,tramt001,9,4,4,1,1,0,0,0,0,0,0,0,0,0,0,0,0,0
2025,R,tramt001,10,1,1,1,2,1,0,0,0,0,0,0,0,0,0,0,0,0
2025,R,tramt001,11,9,5,0,0,0,0,0,0,1,3,0,3,0,0,0,1,0
2025,R,treja001,6,43,40,7,9,2,0,0,0,1,1,0,7,3,0,1,1,0
2025,R,trevj001,1,1,1,1,1,0,0,0,0,0,0,0,0,0,0,0,0,0
2025,R,trevj001,2,295,275,65,97,20,0,4,0,22,15,0,39,8,0,1,4,0
2025,R,trevj001,10,6,6,1,1,0,0,0,0,0,0,0,0,1,0,0,0,0
2025,R,trevj001,11,2,2,0,0,0,0,0,0,0,0,0,0,0,0,0,0,0
2025,R,trioj001,3,42,36,5,7,2,0,0,0,2,5,0,6,0,0,1,0,0
2025,R,trioj001,4,31,27,6,7,1,0,0,0,2,2,0,7,1,1,0,1,0
2025,R,trioj001,5,125,111,23,43,6,1,4,0,10,13,1,28,2,0,1,0,0
2025,R,trioj001,6,174,153,38,58,9,1,3,0,10,19,0,34,1,1,1,0,0
2025,R,trioj001,11,4,4,3,3,0,0,0,0,0,0,0,1,0,0,0,0,0
2025,R,tromc001,2,22,21,3,7,1,0,1,0,1,1,0,6,1,0,0,0,0
2025,R,troum001,9,91,78,11,23,1,1,3,0,9,10,1,25,0,1,0,2,0
2025,R,troum001,10,463,376,94,176,13,0,23,0,54,77,9,153,7,5,0,4,1
2025,R,troum001,11,2,2,1,1,0,0,0,0,1,0,0,0,0,0,0,0,0
2025,R,tuckk001,9,511,427,118,205,22,4,19,0,66,74,6,70,8,4,1,3,2
2025,R,tuckk001,10,85,73,15,27,3,0,3,0,7,12,0,18,0,0,0,0,0
2025,R,tuckk001,11,2,1,0,0,0,0,0,0,0,1,1,0,0,0,0,0,0
2025,R,turab002,4,651,578,166,251,27,2,18,0,81,64,1,148,3,2,2,5,0
2025,R,turab002,6,3,2,2,3,1,0,0,0,0,1,0,0,0,0,0,0,0
2025,R,turab002,11,5,4,0,0,0,0,0,0,0,1,0,2,0,0,0,0,0
2025,R,turnj001,3,88,79,18,24,3,0,1,0,6,4,0,14,2,1,0,4,0
2025,R,turnj001,5,12,12,3,4,1,0,0,0,3,0,0,0,1,0,0,0,0
2025,R,turnj001,10,63,53,11,14,3,0,0,0,3,10,0,15,0,0,0,0,0
2025,R,turnj001,11,32,29,7,14,1,0,2,0,7,3,0,9,0,0,0,0,0
2025,R,turnt001,6,634,585,179,269,31,7,15,0,69,42,1,106,11,5,0,2,0
2025,R,turnt001,10,4,4,0,0,0,0,0,0,0,0,0,1,0,0,0,0,0
2025,R,turnt001,11,1,0,0,0,0,0,0,0,0,1,0,0,0,0,0,0,0
2025,R,urial001,4,312,275,63,91,7,0,7,0,22,28,0,43,8,5,0,2,2
2025,R,urial001,5,17,11,2,2,0,0,0,0,2,3,0,2,1,1,0,1,1
2025,R,urial001,11,1,1,1,4,0,0,1,0,1,0,0,0,0,0,0,0,0
2025,R,uriar001,3,3,3,0,0,0,0,0,0,0,0,0,1,0,0,0,0,0
2025,R,uriar001,4,76,72,14,25,5,0,2,0,6,3,0,25,0,0,0,1,0
2025,R,uriar001,5,292,258,65,104,12,0,9,0,34,23,0,60,5,2,0,9,0
2025,R,uriar001,10,9,8,2,2,0,0,0,0,0,1,0,2,1,0,0,0,0
2025,R,uriar001,11,12,12,5,5,0,0,0,0,4,0,0,0,0,0,0,0,0
2025,R,urshg001,3,6,4,0,0,0,0,0,0,1,1,0,2,0,0,0,1,0
2025,R,urshg001,5,187,173,43,59,14,1,0,0,19,12,0,35,5,0,2,0,0
2025,R,urshg001,10,3,3,0,0,0,0,0,0,0,0,0,2,1,0,0,0,0
2025,R,urshg001,11,1,1,0,0,0,0,0,0,0,0,0,1,0,0,0,0,0
2025,R,valde002,3,87,77,17,30,3,2,2,0,11,10,0,12,2,0,0,0,0
2025,R,valde002,4,10,9,1,2,1,0,0,0,1,1,0,3,0,0,0,0,0
2025,R,valde002,11,5,5,1,1,0,0,0,0,0,0,0,1,0,0,0,0,0
2025,R,valeg001,9,15,14,4,8,1,0,1,0,1,1,0,4,0,0,0,0,0
2025,R,valeg001,10,31,25,4,8,1,0,1,0,4,6,0,8,1,0,0,0,0
2025,R,valeg001,11,3,3,2,2,0,0,0,0,1,0,0,1,0,0,0,0,0
2025,R,vargi001,3,36,32,10,10,0,0,0,0,5,2,0,2,1,1,1,0,0
2025,R,vargi001,4,47,46,12,21,1,1,2,0,7,0,0,8,1,0,0,1,0
2025,R,vargi001,5,15,14,4,5,1,0,0,0,0,0,0,3,0,1,0,0,0
2025,R,vargi001,6,1,1,0,0,0,0,0,0,0,0,0,0,0,0,0,0,0
2025,R,vargi001,10,17,17,4,7,0,0,1,0,6,0,0,1,1,0,0,0,0
2025,R,vargi001,11,7,7,1,1,0,0,0,0,1,0,0,1,0,0,0,0,0
2025,R,vargm001,3,237,212,52,88,16,1,6,1,23,23,0,31,8,1,0,1,0
2025,R,vargm001,5,313,276,66,114,16,1,10,0,36,30,0,63,1,5,0,2,0
2025,R,vargm001,7,1,0,0,0,0,0,0,0,1,1,0,0,0,0,0,0,0
2025,R,vargm001,10,15,13,0,0,0,0,0,0,0,2,0,5,0,0,0,0,0
2025,R,vargm001,11,4,4,0,0,0,0,0,0,0,0,0,1,0,0,0,0,0
2025,R,varsd001,8,264,242,58,133,13,1,20,2,53,17,1,76,1,1,0,4,0
2025,R,varsd001,10,6,5,1,3,0,1,0,0,2,0,0,1,0,0,0,1,0
2025,R,varsd001,11,1,1,0,0,0,0,0,0,0,0,0,0,0,0,0,0,0
2025,R,vauga001,3,372,335,90,142,19,0,11,1,55,28,0,61,11,3,1,5,0
2025,R,vauga001,10,69,66,10,21,2,0,3,0,8,2,0,18,1,0,0,1,0
2025,R,vauga001,11,7,6,3,4,1,0,0,0,2,1,0,1,0,0,0,0,0
2025,R,vavrt001,11,1,1,0,0,0,0,0,0,0,0,0,0,0,0,0,0,0
2025,R,vazqc001,2,212,188,36,52,7,0,3,0,14,18,0,34,3,4,0,2,0
2025,R,vazqc001,11,2,2,0,0,0,0,0,0,0,0,0,1,0,0,0,0,0
2025,R,vazql001,4,10,10,2,5,0,0,1,0,1,0,0,3,0,0,0,0,0
2025,R,vazql001,5,18,17,3,4,1,0,0,0,0,1,0,3,0,0,0,0,0
2025,R,vazql001,6,21,19,2,2,0,0,0,0,0,2,0,7,0,0,0,0,0
2025,R,vazql001,11,4,4,1,1,0,0,0,0,2,0,0,1,0,0,0,0,0
2025,R,veenz001,7,17,16,1,1,0,0,0,0,0,1,0,9,0,0,0,0,0
2025,R,veenz001,9,20,18,3,7,1,0,1,0,2,1,0,5,0,1,0,0,0
2025,R,verda001,7,206,190,46,56,10,0,0,0,12,14,0,29,1,2,0,0,0
2025,R,verda001,11,7,7,1,1,0,0,0,0,0,0,0,2,0,0,0,0,0
2025,R,vienm001,3,12,11,2,5,0,0,1,0,3,0,0,1,0,0,0,1,0
2025,R,vienm001,5,275,251,63,107,12,1,10,0,34,21,0,63,7,1,0,2,0
2025,R,vienm001,10,172,158,33,61,8,1,6,1,22,9,0,51,4,4,0,1,0
2025,R,vienm001,11,9,8,1,2,1,0,0,0,2,1,0,0,0,0,0,0,0
2025,R,vierm001,5,1,1,1,1,0,0,0,0,0,0,0,0,0,0,0,0,0
2025,R,vierm001,7,22,19,2,2,0,0,0,0,1,3,0,5,0,0,0,0,0
2025,R,vierm001,8,61,54,12,14,2,0,0,0,5,3,0,14,1,3,0,1,0
2025,R,vierm001,9,5,4,1,1,0,0,0,0,1,0,0,3,0,0,0,1,0
2025,R,vierm001,10,5,4,1,2,1,0,0,0,1,1,0,1,0,0,0,0,0
2025,R,vierm001,11,6,6,4,7,0,0,1,0,3,0,0,1,0,0,0,0,0
2025,R,vilar001,7,1,1,1,1,0,0,0,0,0,0,0,0,0,0,0,0,0
2025,R,vilar001,9,10,9,0,0,0,0,0,0,0,1,0,3,1,0,0,0,0
2025,R,vilar001,10,2,2,0,0,0,0,0,0,0,0,0,2,0,0,0,0,0
2025,R,vilar001,11,3,2,0,0,0,0,0,0,0,1,0,1,0,0,0,0,0
2025,R,villd001,3,21,16,4,5,1,0,0,0,0,4,0,3,1,1,0,0,0
2025,R,villd001,10,2,2,0,0,0,0,0,0,0,0,0,1,0,0,0,0,0
2025,R,villd001,11,2,2,0,0,0,0,0,0,1,0,0,1,0,0,0,0,0
2025,R,vivaj001,4,38,30,5,9,1,0,1,0,4,4,0,8,0,2,0,0,2
2025,R,vivaj001,5,26,24,4,5,1,0,0,0,1,1,0,5,0,1,0,0,0
2025,R,vivaj001,11,2,2,0,0,0,0,0,0,0,0,0,0,0,0,0,0,0
2025,R,volpa001,6,596,539,114,211,32,4,19,0,72,43,0,150,10,4,3,7,0
2025,R,wadel001,3,174,149,25,38,8,1,1,0,15,21,1,35,2,1,2,1,0
2025,R,wadel001,7,4,4,0,0,0,0,0,0,0,0,0,4,0,0,0,0,0
2025,R,wadel001,9,49,42,5,5,0,0,0,0,0,5,0,15,0,2,0,0,0
2025,R,wadel001,10,3,3,0,0,0,0,0,0,0,0,0,2,0,0,0,0,0
2025,R,wadel001,11,14,13,5,10,0,1,1,0,3,1,0,3,0,0,0,0,0
2025,R,wadet002,4,15,13,2,2,0,0,0,0,0,2,0,3,0,0,0,0,0
2025,R,wadet002,5,3,3,0,0,0,0,0,0,0,0,0,2,0,0,0,0,0
2025,R,wadet002,6,2,2,0,0,0,0,0,0,0,0,0,2,0,0,0,0,0
2025,R,wadet002,7,31,28,5,7,0,1,0,0,5,0,0,6,0,1,2,0,0
2025,R,wadet002,8,60,48,14,17,1,1,0,0,3,10,0,14,0,0,2,0,0
2025,R,wadet002,9,4,3,0,0,0,0,0,0,0,1,0,1,0,0,0,0,0
2025,R,wadet002,11,12,10,1,1,0,0,0,0,1,2,0,3,0,0,0,0,0
2025,R,wagae001,3,392,363,86,136,20,3,8,0,43,23,0,77,9,1,0,5,0
2025,R,wagae001,5,2,2,0,0,0,0,0,0,0,0,0,1,0,0,0,0,0
2025,R,wagae001,7,53,49,17,20,3,0,0,0,4,4,0,8,2,0,0,0,0
2025,R,wagae001,9,6,6,1,1,0,0,0,0,0,0,0,3,0,0,0,0,0
2025,R,wagae001,10,43,38,9,15,3,0,1,0,3,5,0,5,0,0,0,0,0
2025,R,wagae001,11,18,18,6,8,2,0,0,0,3,0,0,6,0,0,0,0,0
2025,R,wagnw001,3,31,27,6,8,2,0,0,0,1,4,0,4,0,0,0,0,0
2025,R,wagnw001,4,3,3,1,1,0,0,0,0,0,0,0,0,0,0,0,0,0
2025,R,wagnw001,5,78,66,15,19,4,0,0,0,6,10,0,17,2,2,0,0,0
2025,R,wagnw001,10,20,18,5,6,1,0,0,0,0,1,0,5,0,0,1,0,0
2025,R,wagnw001,11,18,16,2,2,0,0,0,0,0,2,0,2,1,0,0,0,0
2025,R,walkc002,3,630,576,137,243,23,1,27,0,87,40,1,172,10,10,0,4,0
2025,R,walkc002,10,9,8,2,3,1,0,0,0,1,0,0,4,0,1,0,0,0
2025,R,walkc002,11,1,1,0,0,0,0,0,0,0,0,0,1,0,0,0,0,0
2025,R,walkj003,9,395,362,77,110,13,1,6,0,40,29,1,126,9,3,0,1,0
2025,R,walkj003,11,1,1,1,1,0,0,0,0,1,0,0,0,0,0,0,0,0
2025,R,wallm001,9,331,281,60,139,16,3,19,0,36,42,0,93,3,7,0,1,0
2025,R,wallm001,10,56,50,8,17,0,0,3,0,4,4,0,20,0,1,0,1,0
2025,R,wallm001,11,6,6,0,0,0,0,0,0,0,0,0,2,0,0,0,0,0
2025,R,wallt003,4,13,13,4,4,0,0,0,0,1,0,0,2,0,0,0,0,0
2025,R,wallt003,6,302,267,57,85,14,1,4,0,37,26,0,67,1,0,3,6,0
2025,R,wallt003,11,2,2,1,1,0,0,0,0,0,0,0,1,0,0,0,0,0
2025,R,waltd002,4,9,8,1,1,0,0,0,0,1,0,0,1,0,0,1,0,0
2025,R,wardt002,7,645,565,129,269,31,2,35,1,98,72,1,170,13,3,0,5,0
2025,R,wardt002,10,17,13,3,6,0,0,1,1,5,3,0,4,0,0,0,1,0
2025,R,wardt002,11,1,1,0,0,0,0,0,0,0,0,0,1,0,0,0,0,0
2025,R,wated001,7,98,91,19,23,4,0,0,0,6,6,0,24,2,1,0,0,0
2025,R,wated001,8,62,61,17,20,1,1,0,0,6,1,0,22,0,0,0,0,0
2025,R,wated001,9,53,48,13,19,1,1,1,0,2,4,0,12,0,1,0,0,0
2025,R,wated001,11,6,6,1,3,0,1,0,0,0,0,0,2,0,0,0,0,0
2025,R,wella002,2,444,398,88,175,22,1,21,1,71,30,0,116,10,4,0,11,1
2025,R,wella002,11,4,3,0,0,0,0,0,0,0,0,0,2,0,1,0,0,0
2025,R,westj002,4,73,69,21,42,3,0,6,0,13,4,0,11,3,0,0,0,0
2025,R,westj002,5,215,203,51,81,3,0,9,0,23,5,0,54,1,6,0,1,0
2025,R,westj002,10,63,55,15,27,4,1,2,0,5,8,0,15,1,0,0,0,0
2025,R,westj002,11,1,1,0,0,0,0,0,0,0,0,0,0,0,0,0,0,0
2025,R,white006,0,1,1,0,0,0,0,0,0,0,0,0,1,0,0,0,0,0
2025,R,white006,3,3,3,0,0,0,0,0,0,0,0,0,1,0,0,0,0,0
2025,R,white006,7,81,79,10,20,1,0,3,0,6,2,0,21,2,0,0,0,0
2025,R,white006,8,14,12,1,1,0,0,0,0,0,2,0,2,0,0,0,0,0
2025,R,white006,9,153,142,40,68,7,3,5,0,23,7,1,40,0,2,1,1,0
2025,R,white006,10,2,2,1,1,0,0,0,0,2,0,0,0,0,0,0,0,0
2025,R,white006,11,17,17,8,14,0,0,2,0,4,0,0,5,0,0,0,0,0
2025,R,whits003,4,12,12,1,1,0,0,0,0,0,0,0,2,0,0,0,0,0
2025,R,whits003,5,11,11,2,2,0,0,0,0,0,0,0,4,0,0,0,0,0
2025,R,whits003,7,1,1,0,0,0,0,0,0,0,0,0,1,0,0,0,0,0
2025,R,whits003,10,5,5,1,4,0,0,1,0,1,0,0,2,0,0,0,0,0
2025,R,whits003,11,4,4,0,0,0,0,0,0,0,0,0,2,0,0,0,0,0
2025,R,wiemj001,7,4,4,1,2,1,0,0,0,2,0,0,3,0,0,0,0,0
2025,R,wiemj001,9,55,50,12,22,1,0,3,0,10,1,0,20,0,2,0,2,0
2025,R,wiemj001,11,2,1,0,0,0,0,0,0,0,1,1,0,0,0,0,0,0
2025,R,willb004,5,293,276,70,86,13,0,1,0,21,14,0,64,5,1,2,0,0
2025,R,willb004,11,2,1,0,0,0,0,0,0,0,1,0,0,0,0,0,0,0
2025,R,willc002,6,106,99,17,35,3,0,5,0,12,6,0,44,3,0,1,0,0
2025,R,willc002,11,0,0,0,0,0,0,0,0,0,0,0,0,0,0,0,0,0
2025,R,willl001,5,9,8,0,0,0,0,0,0,0,1,0,4,1,0,0,0,0
2025,R,willl001,6,22,20,3,5,2,0,0,0,5,0,0,4,1,1,0,1,0
2025,R,willl001,10,1,1,1,1,0,0,0,0,0,0,0,0,0,0,0,0,0
2025,R,willl001,11,2,2,0,0,0,0,0,0,0,0,0,1,0,0,0,0,0
2025,R,wilsj006,6,520,483,150,215,26,0,13,0,63,27,1,38,16,7,2,1,0
2025,R,wilsj006,10,3,3,1,1,0,0,0,0,0,0,0,1,0,0,0,0,0
2025,R,wilsw002,3,12,12,3,9,0,0,2,0,4,0,0,5,1,0,0,0,0
2025,R,wilsw002,4,32,29,5,9,1,0,1,0,3,2,0,7,0,0,1,0,0
2025,R,wilsw002,7,74,63,12,21,3,0,2,0,10,10,0,21,0,1,0,0,0
2025,R,wilsw002,11,7,7,2,2,0,0,0,0,0,0,0,1,0,0,0,0,0
2025,R,wilsw003,1,1,0,0,0,0,0,0,0,0,1,0,0,0,0,0,0,0
2025,R,wilsw003,4,38,31,5,6,1,0,0,0,1,3,0,15,0,0,4,0,0
2025,R,wilsw003,5,45,41,10,13,3,0,0,0,1,3,0,16,1,0,1,0,0
2025,R,wilsw003,11,7,6,0,0,0,0,0,0,0,0,0,3,0,1,0,0,0
2025,R,winkj002,7,3,1,0,0,0,0,0,0,1,1,0,0,0,0,0,1,0
2025,R,winkj002,10,75,67,16,28,5,2,1,0,8,8,1,21,1,0,0,0,0
2025,R,winkj002,11,5,3,0,0,0,0,0,0,1,1,1,0,0,0,0,1,0
2025,R,winkj003,4,7,7,1,2,1,0,0,0,0,0,0,2,0,0,0,0,0
2025,R,winkj003,5,2,2,1,2,1,0,0,0,0,0,0,0,0,0,0,0,0
2025,R,winkj003,6,6,6,2,2,0,0,0,0,0,0,0,2,0,0,0,0,0
2025,R,winkj003,11,1,1,0,0,0,0,0,0,0,0,0,0,0,0,0,0,0
2025,R,winnm001,6,536,490,124,178,27,0,9,0,51,34,0,102,11,8,2,2,0
2025,R,winnm001,11,1,1,0,0,0,0,0,0,0,0,0,0,0,0,0,0,0
2025,R,wiseb001,4,51,43,7,10,3,0,0,0,8,6,0,10,0,0,2,0,0
2025,R,wiseb001,5,9,9,3,7,1,0,1,0,2,0,0,3,0,0,0,0,0
2025,R,wiseb001,6,1,1,0,0,0,0,0,0,0,0,0,0,0,0,0,0,0
2025,R,wiseb001,11,2,1,0,0,0,0,0,0,0,1,0,1,0,0,0,0,0
2025,R,wittb002,6,669,606,176,301,46,5,23,0,86,49,8,123,7,8,0,6,0
2025,R,wittb002,10,18,17,8,11,1,1,0,0,2,0,0,2,0,0,0,1,0
2025,R,wongc001,2,186,166,32,40,8,0,0,0,7,16,0,41,7,1,1,2,0
2025,R,wongc001,10,1,1,0,0,0,0,0,0,0,0,0,0,0,0,0,0,0
2025,R,wongc001,11,2,2,0,0,0,0,0,0,0,0,0,1,0,0,0,0,0
2025,R,woodj004,7,544,464,119,210,31,0,20,0,71,74,8,162,11,3,0,3,0
2025,R,woodj004,10,144,133,34,74,7,0,11,0,23,11,0,58,1,0,0,0,0
2025,R,woodj004,11,1,1,0,0,0,0,0,0,0,0,0,1,0,0,0,0,0
2025,R,workg001,5,14,13,2,2,0,0,0,0,0,1,0,7,0,0,0,0,0
2025,R,workg001,6,2,2,1,2,1,0,0,0,2,0,0,0,0,0,0,0,0
2025,R,workg001,11,1,1,0,0,0,0,0,0,0,0,0,0,0,0,0,0,0
2025,R,wynna001,2,104,99,28,53,7,0,6,0,20,4,0,31,3,0,1,0,0
2025,R,wynna001,3,3,3,2,3,1,0,0,0,0,0,0,0,0,0,0,0,0
2025,R,wynna001,10,1,1,0,0,0,0,0,0,0,0,0,1,0,0,0,0,0
2025,R,wynna001,11,3,1,0,0,0,0,0,0,1,1,0,1,0,0,0,1,0
2025,R,yastm001,7,27,21,4,6,2,0,0,0,1,5,0,4,1,0,0,1,0
2025,R,yastm001,8,19,17,2,4,2,0,0,0,0,2,0,3,0,0,0,0,0
2025,R,yastm001,9,484,413,103,177,24,1,16,0,44,64,4,92,5,1,2,4,0
2025,R,yastm001,10,15,15,2,5,0,0,1,0,1,0,0,5,1,0,0,0,0
2025,R,yastm001,11,13,11,0,0,0,0,0,0,0,1,0,4,0,1,0,0,0
2025,R,yelic001,7,80,67,17,27,4,0,2,0,8,10,0,19,0,2,0,1,0
2025,R,yelic001,10,563,505,134,232,17,0,27,2,95,54,6,148,6,4,0,0,0
2025,R,yelic001,11,4,4,1,1,0,0,0,0,0,0,0,2,0,0,0,0,0
2025,R,yorkn001,3,14,14,4,6,2,0,0,0,4,0,0,2,0,0,0,0,0
2025,R,yorkn001,4,46,43,9,13,1,0,1,0,3,3,0,9,1,0,0,0,0
2025,R,yorkn001,5,1,1,0,0,0,0,0,0,0,0,0,0,0,0,0,0,0
2025,R,yorkn001,9,10,10,2,2,0,0,0,0,0,0,0,4,0,0,0,0,0
2025,R,yorkn001,11,1,1,1,1,0,0,0,0,1,0,0,0,0,0,0,0,0
2025,R,yoshm002,7,15,14,1,1,0,0,0,0,0,1,0,5,0,0,0,0,0
2025,R,yoshm002,9,5,5,2,2,0,0,0,0,0,0,0,0,0,0,0,0,0
2025,R,yoshm002,10,179,163,46,68,10,0,4,0,24,9,0,17,3,3,0,4,0
2025,R,yoshm002,11,6,6,1,2,1,0,0,0,2,0,0,2,0,0,0,0,0
2025,R,younc005,4,254,221,47,68,7,1,4,0,24,28,1,47,4,2,1,2,0
2025,R,younc005,10,1,1,0,0,0,0,0,0,0,0,0,0,0,0,0,0,0
2025,R,younc005,11,3,2,0,0,0,0,0,0,0,0,0,0,0,0,1,0,0
2025,R,younj003,7,1,1,0,0,0,0,0,0,0,0,0,1,0,0,0,0,0
2025,R,younj003,10,40,37,6,16,1,0,3,0,4,2,0,13,1,1,0,0,0
2025,R,younj003,11,6,5,2,5,0,0,1,0,2,0,0,2,0,0,0,1,0
2025,R,younj004,8,362,323,75,93,10,1,2,1,31,26,0,65,7,3,9,1,0
2025,R,younj004,11,2,1,0,0,0,0,0,0,0,1,0,0,0,0,0,0,0
2025,W,barga001,9,27,24,11,13,2,0,0,0,1,3,0,5,0,0,0,0,0
2025,W,barga001,11,1,1,1,4,0,0,1,1,4,0,0,0,0,0,0,0,0
2025,W,bettm001,6,35,29,4,4,0,0,0,0,2,6,1,5,0,0,0,0,0
2025,W,bichb001,4,16,13,6,9,0,0,1,0,4,3,0,3,1,0,0,0,0
2025,W,bichb001,10,10,9,2,2,0,0,0,0,2,1,0,1,0,0,0,0,0
2025,W,bichb001,11,1,1,0,0,0,0,0,0,0,0,0,0,0,0,0,0,0
2025,W,calla002,7,6,5,1,1,0,0,0,0,0,1,0,1,0,0,0,0,0
2025,W,calla002,11,2,2,0,0,0,0,0,0,0,0,0,1,0,0,0,0,0
2025,W,cleme002,5,32,31,12,15,3,0,0,0,2,0,0,3,0,0,0,1,0
2025,W,edmat001,4,21,19,3,4,1,0,0,0,1,2,0,5,1,0,0,0,0
2025,W,edmat001,8,10,9,1,2,1,0,0,0,1,0,0,1,0,0,0,1,0
2025,W,frant002,10,3,3,1,1,0,0,0,0,0,0,0,1,0,0,0,0,0
2025,W,frant002,11,2,2,0,0,0,0,0,0,1,0,0,1,0,0,0,0,0
2025,W,freef001,3,35,29,6,10,1,0,1,0,2,5,1,5,1,1,0,0,0
2025,W,gimea001,6,32,27,4,5,1,0,0,0,4,2,1,11,0,2,0,1,0
2025,W,guerv002,3,38,30,10,18,2,0,2,0,3,8,2,4,2,0,0,0,0
2025,W,heint001,2,3,3,0,0,0,0,0,0,0,0,0,1,0,0,0,0,0
2025,W,herne001,7,25,24,4,4,0,0,0,0,2,0,0,12,0,0,0,1,0
2025,W,herne001,8,4,4,1,4,0,0,1,0,1,0,0,3,0,0,0,0,0
2025,W,hernt002,9,33,29,7,10,0,0,1,0,2,3,0,10,0,0,0,1,0
2025,W,kinei001,0,1,1,0,0,0,0,0,0,0,0,0,0,0,0,0,0,0
2025,W,kinei001,4,17,15,1,1,0,0,0,0,1,1,0,3,0,0,1,0,0
2025,W,kirka001,2,34,26,8,14,0,0,2,0,6,5,1,6,1,2,0,1,0
2025,W,luken001,7,21,19,3,3,0,0,0,0,0,1,0,5,0,0,1,0,0
2025,W,luken001,9,4,4,1,2,1,0,0,0,0,0,0,0,0,0,0,0,0
2025,W,luken001,11,1,0,0,0,0,0,0,0,1,1,0,0,0,0,0,0,0
2025,W,muncm001,5,32,28,6,13,1,0,2,0,2,4,0,11,0,0,0,0,0
2025,W,ohtas001,10,36,27,9,21,3,0,3,0,5,9,5,6,0,0,0,0,0
2025,W,pagea001,8,15,15,1,1,0,0,0,0,0,0,0,2,0,0,0,0,0
2025,W,pagea001,9,1,1,0,0,0,0,0,0,0,0,0,0,0,0,0,0,0
2025,W,rojam002,4,10,10,2,5,0,0,1,0,1,0,0,2,0,0,0,0,0
2025,W,rojam002,11,1,0,0,0,0,0,0,0,0,0,0,0,0,0,1,0,0
2025,W,schnd001,7,7,6,1,4,0,0,1,0,1,1,0,3,1,0,0,0,0
2025,W,schnd001,10,3,3,1,1,0,0,0,0,0,0,0,1,0,0,0,0,0
2025,W,schnd001,11,1,1,0,0,0,0,0,0,0,0,0,1,0,0,0,0,0
2025,W,smitw003,2,34,30,8,16,2,0,2,0,6,3,1,8,1,1,0,0,0
2025,W,sprig001,10,22,21,8,9,1,0,0,0,1,0,0,6,0,1,0,0,0
2025,W,stram002,7,7,7,0,0,0,0,0,0,0,0,0,2,0,0,0,0,0
2025,W,stram002,9,2,2,0,0,0,0,0,0,0,0,0,1,0,0,0,0,0
2025,W,varsd001,8,35,31,5,10,0,1,1,0,2,2,0,7,1,2,0,0,0
