YEAR,PHASE,RESP_BAT_ID,SITUATION,B_PA,B_AB,B_H,B_TB,B_2B,B_3B,B_HR,B_HR4,B_RBI,B_BB,B_IBB,B_SO,B_GDP,B_HP,B_SH,B_SF,B_XI
2025,R,abrac001,empty,415,381,99,171,23,2,15,0,15,27,0,85,0,7,0,0,0
2025,R,abrac001,loaded,9,9,3,4,1,0,0,0,5,0,0,4,0,0,0,0,0
2025,R,abrac001,menon,220,199,50,80,12,3,4,0,45,10,1,40,5,7,1,3,0
2025,R,abrac001,scoring,124,114,28,43,7,1,2,0,37,3,1,22,1,4,0,3,0
2025,F,abrew002,empty,3,3,0,0,0,0,0,0,0,0,0,2,0,0,0,0,0
2025,R,abrew002,empty,217,198,49,88,6,0,11,0,11,19,0,59,0,0,0,0,0
2025,R,abrew002,loaded,9,7,3,6,0,0,1,1,10,1,0,0,2,0,0,1,0
2025,F,abrew002,menon,2,2,0,0,0,0,0,0,0,0,0,1,0,0,0,0,0
2025,R,abrew002,menon,200,175,43,87,11,0,11,1,58,21,5,42,8,0,1,3,0
2025,R,abrew002,scoring,126,107,28,59,7,0,8,1,51,15,5,26,5,0,1,3,0
2025,R,acosm002,empty,36,32,6,16,1,0,3,0,3,4,0,12,0,0,0,0,0
2025,R,acosm002,menon,25,22,5,5,0,0,0,0,2,2,0,5,0,1,0,0,0
2025,R,acosm002,scoring,15,13,2,2,0,0,0,0,2,1,0,3,0,1,0,0,0
2025,R,acunl001,empty,104,95,24,29,5,0,0,0,0,7,0,19,0,2,0,0,0
2025,R,acunl001,loaded,7,6,0,0,0,0,0,0,2,1,0,0,1,0,0,0,0
2025,R,acunl001,menon,89,80,17,19,2,0,0,0,8,6,0,18,6,0,2,1,0
2025,R,acunl001,scoring,50,45,8,9,1,0,0,0,8,4,0,10,2,0,0,1,0
2025,R,acunr001,empty,248,211,68,121,9,1,14,0,14,35,0,59,0,2,0,0,0
2025,R,acunr001,loaded,5,3,0,0,0,0,0,0,2,2,0,1,0,0,0,0,0
2025,R,acunr001,menon,164,127,30,54,3,0,7,0,28,36,4,43,5,1,0,0,0
2025,R,acunr001,scoring,79,57,12,16,1,0,1,0,15,22,4,22,1,0,0,0,0
2025,R,adamj003,empty,2,2,0,0,0,0,0,0,0,0,0,1,0,0,0,0,0
2025,R,adamj003,menon,3,3,0,0,0,0,0,0,0,0,0,1,0,0,0,0,0
2025,R,adamj003,scoring,1,1,0,0,0,0,0,0,0,0,0,0,0,0,0,0,0
2025,R,adamr004,empty,167,154,32,53,3,0,6,0,6,11,0,70,0,2,0,0,0
2025,R,adamr004,loaded,8,7,4,4,0,0,0,0,8,1,0,1,0,0,0,0,0
2025,R,adamr004,menon,119,109,17,28,5,0,2,0,18,7,0,40,6,3,0,0,0
2025,R,adamr004,scoring,75,68,11,20,3,0,2,0,18,4,0,26,2,3,0,0,0
2025,R,adamw002,empty,397,346,79,156,11,0,22,0,22,47,0,100,0,3,0,0,1
2025,R,adamw002,loaded,18,9,2,2,0,0,0,0,12,6,0,6,0,1,0,2,0
2025,R,adamw002,menon,289,245,54,93,11,2,8,0,65,33,2,79,9,2,0,9,0
2025,R,adamw002,scoring,156,126,28,42,3,1,3,0,52,19,2,42,3,2,0,9,0
2025,R,adelj001,empty,322,298,60,136,5,1,23,0,23,15,0,81,0,8,0,0,1
2025,R,adelj001,loaded,18,14,3,4,1,0,0,0,12,3,0,4,0,0,0,1,0
2025,R,adelj001,menon,251,228,64,119,13,0,14,0,75,18,0,70,10,2,0,1,2
2025,R,adelj001,scoring,152,139,37,64,6,0,7,0,57,10,0,39,4,1,0,1,1
2025,R,ahmen001,empty,4,4,0,0,0,0,0,0,0,0,0,3,0,0,0,0,0
2025,R,ahmen001,menon,6,5,0,0,0,0,0,0,0,1,0,0,1,0,0,0,0
2025,R,ahmen001,scoring,5,4,0,0,0,0,0,0,0,1,0,0,1,0,0,0,0
2025,R,albio001,empty,361,335,73,115,10,1,10,0,10,23,0,49,0,3,0,0,0
2025,R,albio001,loaded,24,20,6,6,0,0,0,0,17,2,0,2,1,0,0,2,0
2025,R,albio001,menon,306,268,72,105,13,1,6,0,64,32,2,45,9,1,0,5,0
2025,R,albio001,scoring,182,153,43,64,6,0,5,0,59,23,2,27,3,1,0,5,0
2025,R,alcak001,empty,6,5,2,2,0,0,0,0,0,1,0,2,0,0,0,0,0
2025,R,alcak001,menon,6,6,2,2,0,0,0,0,1,0,0,2,0,0,0,0,0
2025,R,alcak001,scoring,4,4,1,1,0,0,0,0,1,0,0,2,0,0,0,0,0
2025,R,alcas002,empty,2,2,0,0,0,0,0,0,0,0,0,1,0,0,0,0,0
2025,R,alcas002,menon,2,2,0,0,0,0,0,0,0,0,0,1,0,0,0,0,0
2025,R,alcas002,scoring,2,2,0,0,0,0,0,0,0,0,0,1,0,0,0,0,0
2025,R,alexb001,empty,152,136,31,52,6,0,5,0,5,11,0,55,0,5,0,0,0
2025,R,alexb001,loaded,5,5,2,4,2,0,0,0,5,0,0,2,0,0,0,0,0
2025,R,alexb001,menon,114,94,22,36,6,1,2,0,23,11,0,31,5,5,3,1,0
2025,R,alexb001,scoring,69,58,14,22,6,1,0,0,19,6,0,21,4,1,3,1,0
2025,R,alexc001,empty,11,11,2,2,0,0,0,0,0,0,0,6,0,0,0,0,0
2025,R,alexc001,loaded,1,1,0,0,0,0,0,0,0,0,0,0,0,0,0,0,0
2025,R,alexc001,menon,6,6,1,1,0,0,0,0,0,0,0,2,0,0,0,0,0
2025,R,alexc001,scoring,4,4,1,1,0,0,0,0,0,0,0,1,0,0,0,0,0
2025,R,alext001,menon,1,1,0,0,0,0,0,0,0,0,0,0,0,0,0,0,0
2025,R,alext001,scoring,1,1,0,0,0,0,0,0,0,0,0,0,0,0,0,0,0
2025,R,alfaj002,empty,21,21,3,3,0,0,0,0,0,0,0,10,0,0,0,0,0
2025,R,alfaj002,menon,18,18,7,9,2,0,0,0,3,0,0,4,0,0,0,0,0
2025,R,alfaj002,scoring,11,11,3,4,1,0,0,0,3,0,0,3,0,0,0,0,0
2025,R,alleg002,empty,9,9,0,0,0,0,0,0,0,0,0,4,0,0,0,0,0
2025,R,alleg002,menon,5,5,0,0,0,0,0,0,0,0,0,1,2,0,0,0,0
2025,R,alleg002,scoring,2,2,0,0,0,0,0,0,0,0,0,1,0,0,0,0,0
2025,R,allen002,empty,241,223,55,63,8,0,0,0,0,15,0,56,0,3,0,0,0
2025,R,allen002,loaded,11,8,2,2,0,0,0,0,6,2,0,2,1,0,0,1,0
2025,R,allen002,menon,175,148,27,30,3,0,0,0,22,16,0,43,8,0,8,3,0
2025,R,allen002,scoring,108,87,15,17,2,0,0,0,21,15,0,25,3,0,3,3,0
2025,R,alonp001,empty,344,316,74,136,15,1,15,0,15,21,0,84,0,7,0,0,0
2025,R,alonp001,loaded,18,15,4,9,2,0,1,1,14,2,0,8,0,0,0,1,0
2025,R,alonp001,menon,365,308,96,191,26,0,23,1,111,40,5,78,23,8,0,9,0
2025,R,alonp001,scoring,217,175,54,111,15,0,14,1,87,29,5,47,9,4,0,9,0
2025,R,altuj001,empty,360,325,91,148,13,1,14,0,14,32,0,57,0,3,0,0,0
2025,R,altuj001,loaded,9,9,2,2,0,0,0,0,3,0,0,2,0,0,0,0,0
2025,R,altuj001,menon,294,263,65,112,11,0,12,0,63,23,5,52,20,1,1,6,0
2025,R,altuj001,scoring,170,148,36,60,9,0,5,0,49,15,5,31,5,0,1,6,0
2025,R,alvaf001,empty,155,138,33,54,4,1,5,0,5,15,0,44,0,2,0,0,0
2025,R,alvaf001,loaded,3,3,0,0,0,0,0,0,0,0,0,1,1,0,0,0,0
2025,R,alvaf001,menon,122,108,30,56,8,0,6,0,27,12,0,29,6,2,0,0,0
2025,R,alvaf001,scoring,69,60,14,28,5,0,3,0,21,8,0,16,4,1,0,0,0
2025,R,alvan001,empty,125,118,25,39,8,0,2,0,2,3,0,33,0,4,0,0,0
2025,R,alvan001,loaded,6,5,1,2,1,0,0,0,4,1,0,3,0,0,0,0,0
2025,R,alvan001,menon,83,70,19,23,4,0,0,0,13,9,0,16,1,1,2,1,0
2025,R,alvan001,scoring,53,43,11,14,3,0,0,0,13,7,0,9,0,1,1,1,0
2025,R,alvay001,empty,117,101,21,36,6,0,3,0,3,16,0,22,0,0,0,0,0
2025,R,alvay001,loaded,8,5,1,1,0,0,0,0,5,0,0,1,0,0,0,3,0
2025,R,alvay001,menon,82,64,24,35,2,0,3,0,24,12,5,11,1,0,0,6,0
2025,R,alvay001,scoring,44,29,11,14,0,0,1,0,19,9,5,4,0,0,0,6,0
2025,R,amada001,empty,74,69,12,19,4,0,1,0,1,5,0,17,0,0,0,0,0
2025,R,amada001,loaded,1,0,0,0,0,0,0,0,1,1,0,0,0,0,0,0,0
2025,R,amada001,menon,54,44,8,11,3,0,0,0,9,6,0,10,2,1,3,0,0
2025,R,amada001,scoring,32,26,5,7,2,0,0,0,8,4,0,9,0,1,1,0,0
2025,R,amayj001,empty,40,38,2,2,0,0,0,0,0,2,0,11,0,0,0,0,0
2025,R,amayj001,loaded,1,0,0,0,0,0,0,0,1,0,0,0,0,0,0,1,0
2025,R,amayj001,menon,33,28,5,6,1,0,0,0,8,1,0,5,1,0,1,3,0
2025,R,amayj001,scoring,22,18,3,4,1,0,0,0,8,1,0,3,0,0,0,3,0
2025,R,amaym001,empty,60,58,9,15,3,0,1,0,1,2,0,14,0,0,0,0,0
2025,R,amaym001,loaded,5,5,4,6,2,0,0,0,9,0,0,1,0,0,0,0,0
2025,R,amaym001,menon,43,38,18,33,6,0,3,0,24,2,0,8,0,1,1,1,0
2025,R,amaym001,scoring,31,27,13,21,5,0,1,0,19,2,0,6,0,0,1,1,0
2025,R,andet001,empty,63,59,11,13,2,0,0,0,0,2,0,21,0,2,0,0,0
2025,R,andet001,menon,27,24,6,7,1,0,0,0,3,1,0,8,1,1,1,0,0
2025,R,andet001,scoring,13,10,2,3,1,0,0,0,3,1,0,3,0,1,1,0,0
2025,F,andum001,empty,3,3,0,0,0,0,0,0,0,0,0,1,0,0,0,0,0
2025,R,andum001,empty,194,183,52,83,8,1,7,0,7,10,0,28,0,1,0,0,0
2025,R,andum001,loaded,2,2,1,4,0,0,1,1,4,0,0,0,0,0,0,0,0
2025,F,andum001,menon,2,1,0,0,0,0,0,0,0,1,0,0,0,0,0,0,0
2025,R,andum001,menon,147,138,50,68,9,0,3,1,37,7,1,21,8,0,0,2,0
2025,F,andum001,scoring,2,1,0,0,0,0,0,0,0,1,0,0,0,0,0,0,0
2025,R,andum001,scoring,90,81,29,41,3,0,3,1,33,7,1,15,1,0,0,2,0
2025,R,anthr001,empty,169,142,41,66,10,0,5,0,5,24,0,47,0,3,0,0,0
2025,R,anthr001,loaded,7,6,0,0,0,0,0,0,1,0,0,5,0,0,0,1,0
2025,R,anthr001,menon,134,115,34,53,8,1,3,0,27,16,0,37,2,2,0,1,0
2025,R,anthr001,scoring,74,62,20,33,4,0,3,0,25,10,0,20,0,1,0,1,0
2025,R,aranj001,empty,231,204,64,106,15,0,9,0,9,22,0,62,0,5,0,0,0
2025,R,aranj001,loaded,11,8,3,4,1,0,0,0,9,2,0,4,0,0,0,1,0
2025,R,aranj001,menon,191,166,53,75,7,0,5,0,50,19,3,45,9,3,0,3,0
2025,R,aranj001,scoring,104,90,33,48,3,0,4,0,48,10,3,23,2,1,0,3,0
2025,R,arcio002,empty,130,123,25,40,4,1,3,0,3,7,0,33,0,0,0,0,0
2025,R,arcio002,loaded,2,2,1,1,0,0,0,0,2,0,0,0,0,0,0,0,0
2025,R,arcio002,menon,84,80,16,19,3,0,0,0,10,3,0,14,4,0,0,1,0
2025,R,arcio002,scoring,45,42,8,8,0,0,0,0,9,2,0,7,3,0,0,1,0
2025,R,arenn001,empty,218,209,48,81,9,0,8,0,8,8,0,24,0,1,0,0,0
2025,R,arenn001,loaded,8,8,3,6,1,1,0,0,8,0,0,1,0,0,0,0,0
2025,R,arenn001,menon,218,192,47,70,9,1,4,0,44,20,4,25,10,2,0,4,0
2025,R,arenn001,scoring,133,110,25,36,6,1,1,0,37,17,4,14,4,2,0,4,0
2025,F,ariag002,empty,7,7,1,1,0,0,0,0,0,0,0,2,0,0,0,0,0
2025,R,ariag002,empty,287,270,57,94,17,1,6,0,6,12,0,103,0,5,0,0,0
2025,R,ariag002,loaded,11,10,2,3,1,0,0,0,6,1,0,4,0,0,0,0,0
2025,F,ariag002,menon,3,3,1,1,0,0,0,0,1,0,0,1,1,0,0,0,0
2025,R,ariag002,menon,184,162,38,63,8,1,5,0,48,15,1,59,8,2,1,4,0
2025,F,ariag002,scoring,1,1,1,1,0,0,0,0,1,0,0,0,0,0,0,0,0
2025,R,ariag002,scoring,106,89,28,49,6,0,5,0,47,11,1,30,3,2,0,4,0
2025,D,arozr001,empty,18,16,3,4,1,0,0,0,0,1,0,5,0,1,0,0,0
2025,L,arozr001,empty,20,16,4,7,0,0,1,0,1,3,0,6,0,1,0,0,0
2025,R,arozr001,empty,420,366,96,169,20,1,17,0,17,37,0,105,0,17,0,0,0
2025,R,arozr001,loaded,28,24,6,11,2,0,1,1,19,2,0,7,1,1,0,1,0
2025,D,arozr001,menon,8,7,1,1,0,0,0,0,1,0,0,3,1,1,0,0,0
2025,L,arozr001,menon,10,9,1,1,0,0,0,0,0,0,0,5,0,1,0,0,0
2025,R,arozr001,menon,289,247,50,92,12,0,10,1,59,27,2,86,9,10,0,5,0
2025,D,arozr001,scoring,5,5,1,1,0,0,0,0,1,0,0,2,1,0,0,0,0
2025,L,arozr001,scoring,3,2,0,0,0,0,0,0,0,0,0,2,0,1,0,0,0
2025,R,arozr001,scoring,177,145,30,59,8,0,7,1,52,20,2,48,3,7,0,5,0
2025,F,arral001,empty,7,7,1,1,0,0,0,0,0,0,0,1,0,0,0,0,0
2025,R,arral001,empty,376,357,103,138,19,2,4,0,4,17,0,11,0,2,0,0,0
2025,R,arral001,loaded,17,14,2,2,0,0,0,0,6,1,0,1,1,0,0,2,0
2025,F,arral001,menon,5,4,1,1,0,0,0,0,0,0,0,0,0,0,1,0,0
2025,R,arral001,menon,299,263,78,105,11,2,4,0,57,17,0,10,12,0,12,7,0
2025,F,arral001,scoring,2,2,0,0,0,0,0,0,0,0,0,0,0,0,0,0,0
2025,R,arral001,scoring,172,150,43,55,2,2,2,0,48,13,0,4,2,0,2,7,0
2025,R,avand001,empty,8,8,2,2,0,0,0,0,0,0,0,3,0,0,0,0,0
2025,R,avand001,loaded,2,2,0,0,0,0,0,0,0,0,0,0,0,0,0,0,0
2025,R,avand001,menon,10,9,0,0,0,0,0,0,1,0,0,3,0,0,0,1,0
2025,R,avand001,scoring,5,4,0,0,0,0,0,0,1,0,0,1,0,0,0,1,0
2025,R,azocj001,empty,11,9,3,3,0,0,0,0,0,2,0,0,0,0,0,0,0
2025,R,azocj001,loaded,3,3,0,0,0,0,0,0,0,0,0,0,0,0,0,0,0
2025,R,azocj001,menon,10,10,2,2,0,0,0,0,1,0,0,1,0,0,0,0,0
2025,R,azocj001,scoring,6,6,1,1,0,0,0,0,1,0,0,0,0,0,0,0,0
2025,R,badda001,empty,11,11,1,1,0,0,0,0,0,0,0,2,0,0,0,0,0
2025,R,badda001,loaded,1,1,0,0,0,0,0,0,0,0,0,1,0,0,0,0,0
2025,R,badda001,menon,7,6,1,2,1,0,0,0,1,1,0,3,0,0,0,0,0
2025,R,badda001,scoring,5,4,1,2,1,0,0,0,1,1,0,3,0,0,0,0,0
2025,D,badeh001,empty,1,0,0,0,0,0,0,0,0,0,0,0,0,1,0,0,0
2025,R,badeh001,empty,290,262,72,110,15,1,7,0,7,24,0,80,0,4,0,0,0
2025,R,badeh001,loaded,11,10,1,1,0,0,0,0,4,0,0,3,0,0,0,1,0
2025,D,badeh001,menon,3,2,1,1,0,0,0,0,1,0,0,1,0,0,0,1,0
2025,R,badeh001,menon,211,186,52,91,9,0,10,0,47,15,0,56,5,7,0,3,0
2025,D,badeh001,scoring,2,1,0,0,0,0,0,0,1,0,0,1,0,0,0,1,0
2025,R,badeh001,scoring,120,104,25,39,2,0,4,0,32,10,0,35,2,3,0,3,0
2025,R,bae-j001,empty,15,12,1,1,0,0,0,0,0,3,0,5,0,0,0,0,0
2025,R,bae-j001,menon,10,8,0,0,0,0,0,0,0,2,0,4,0,0,0,0,0
2025,R,bae-j001,scoring,7,5,0,0,0,0,0,0,0,2,0,2,0,0,0,0,0
2025,D,baezj001,empty,12,11,2,3,1,0,0,0,0,1,0,2,0,0,0,0,0
2025,F,baezj001,empty,5,5,3,4,1,0,0,0,0,0,0,0,0,0,0,0,0
2025,R,baezj001,empty,242,230,51,78,8,2,5,0,5,8,0,63,0,4,0,0,0
2025,F,baezj001,loaded,2,2,1,1,0,0,0,0,1,0,0,0,0,0,0,0,0
2025,R,baezj001,loaded,10,10,3,6,0,0,1,1,7,0,0,3,1,0,0,0,0
2025,D,baezj001,menon,10,10,3,6,0,0,1,0,4,0,0,0,0,0,0,0,0
2025,F,baezj001,menon,6,6,2,2,0,0,0,0,1,0,0,1,0,0,0,0,0
2025,R,baezj001,menon,195,187,56,88,9,1,7,1,52,2,0,46,8,2,0,3,1
2025,D,baezj001,scoring,9,9,3,6,0,0,1,0,4,0,0,0,0,0,0,0,0
2025,F,baezj001,scoring,4,4,1,1,0,0,0,0,1,0,0,1,0,0,0,0,0
2025,R,baezj001,scoring,112,106,31,54,6,1,5,1,47,2,0,28,3,1,0,3,0
2025,R,bailp001,empty,230,208,41,60,8,1,3,0,3,19,0,74,0,3,0,0,0
2025,R,bailp001,loaded,10,8,2,5,0,0,1,1,8,2,0,2,0,0,0,0,0
2025,R,bailp001,menon,222,201,50,73,10,2,3,1,52,11,0,59,7,0,4,6,0
2025,R,bailp001,scoring,138,121,31,50,8,1,3,1,51,8,0,34,3,0,3,6,0
2025,R,bakel001,empty,19,15,5,6,1,0,0,0,0,4,0,4,0,0,0,0,0
2025,R,bakel001,loaded,1,1,0,0,0,0,0,0,0,0,0,0,1,0,0,0,0
2025,R,bakel001,menon,22,19,3,5,2,0,0,0,2,3,0,6,3,0,0,0,0
2025,R,bakel001,scoring,13,11,1,2,1,0,0,0,2,2,0,5,2,0,0,0,0
2025,R,baldb001,empty,176,166,37,67,7,1,7,0,7,9,0,53,0,1,0,0,0
2025,R,baldb001,loaded,4,3,1,2,1,0,0,0,3,0,0,0,0,0,1,0,0
2025,R,baldb001,menon,152,134,35,55,8,0,4,0,31,12,0,33,9,0,4,2,0
2025,R,baldb001,scoring,94,83,16,27,5,0,2,0,26,5,0,25,5,0,4,2,0
2025,R,baldd001,empty,221,200,49,85,10,1,8,0,8,19,0,31,0,2,0,0,0
2025,R,baldd001,loaded,14,10,8,10,2,0,0,0,18,4,0,1,1,0,0,0,0
2025,R,baldd001,menon,225,205,62,105,8,1,11,0,72,19,0,37,9,1,0,0,0
2025,R,baldd001,scoring,124,113,36,55,4,0,5,0,56,11,0,20,2,0,0,0,0
2025,D,ballm001,empty,1,1,0,0,0,0,0,0,0,0,0,0,0,0,0,0,0
2025,F,ballm001,empty,1,1,0,0,0,0,0,0,0,0,0,1,0,0,0,0,0
2025,R,ballm001,empty,33,27,6,12,0,0,2,0,2,6,0,5,0,0,0,0,0
2025,R,ballm001,loaded,4,4,2,3,1,0,0,0,4,0,0,1,1,0,0,0,0
2025,D,ballm001,menon,1,1,0,0,0,0,0,0,0,0,0,0,0,0,0,0,0
2025,R,ballm001,menon,33,30,11,15,2,1,0,0,9,3,1,7,2,0,0,0,0
2025,D,ballm001,scoring,1,1,0,0,0,0,0,0,0,0,0,0,0,0,0,0,0
2025,R,ballm001,scoring,20,18,6,7,1,0,0,0,8,2,1,4,1,0,0,0,0
2025,R,banfw001,empty,5,5,1,1,0,0,0,0,0,0,0,4,0,0,0,0,0
2025,R,banfw001,menon,5,5,0,0,0,0,0,0,0,0,0,2,1,0,0,0,0
2025,R,banfw001,scoring,2,2,0,0,0,0,0,0,0,0,0,1,0,0,0,0,0
2025,R,banud001,empty,2,1,0,0,0,0,0,0,0,0,0,1,0,1,0,0,0
2025,D,barga001,empty,4,4,2,3,1,0,0,0,0,0,0,1,0,0,0,0,0
2025,L,barga001,empty,12,10,4,8,1,0,1,0,1,2,0,1,0,0,0,0,0
2025,R,barga001,empty,257,238,51,91,13,0,9,0,9,17,0,67,0,2,0,0,0
2025,W,barga001,empty,17,16,7,8,1,0,0,0,0,1,0,2,0,0,0,0,0
2025,L,barga001,loaded,1,1,0,0,0,0,0,0,0,0,0,1,0,0,0,0,0
2025,R,barga001,loaded,8,7,3,5,2,0,0,0,7,0,0,2,0,0,0,1,0
2025,W,barga001,loaded,1,1,1,4,0,0,1,1,4,0,0,0,0,0,0,0,0
2025,D,barga001,menon,8,8,2,2,0,0,0,0,0,0,0,3,0,0,0,0,0
2025,L,barga001,menon,16,13,2,5,0,0,1,0,3,3,0,2,0,0,0,0,0
2025,R,barga001,menon,245,222,61,118,19,1,12,0,65,19,4,54,8,1,0,2,1
2025,W,barga001,menon,11,9,5,9,1,0,1,1,5,2,0,3,0,0,0,0,0
2025,D,barga001,scoring,4,4,0,0,0,0,0,0,0,0,0,2,0,0,0,0,0
2025,L,barga001,scoring,11,10,2,5,0,0,1,0,3,1,0,2,0,0,0,0,0
2025,R,barga001,scoring,137,122,36,62,12,1,4,0,47,12,4,29,4,0,0,2,1
2025,W,barga001,scoring,6,5,2,5,0,0,1,1,5,1,0,2,0,0,0,0,0
2025,R,barna001,empty,24,24,5,6,1,0,0,0,0,0,0,9,0,0,0,0,0
2025,R,barna001,loaded,2,2,0,0,0,0,0,0,0,0,0,1,0,0,0,0,0
2025,R,barna001,menon,20,18,4,6,2,0,0,0,2,1,0,5,1,0,1,0,0
2025,R,barna001,scoring,8,8,1,2,1,0,0,0,2,0,0,4,0,0,0,0,0
2025,R,barnt001,empty,9,7,3,3,0,0,0,0,0,1,0,1,0,1,0,0,0
2025,R,barnt001,loaded,1,1,0,0,0,0,0,0,0,0,0,0,0,0,0,0,0
2025,R,barnt001,menon,6,6,0,0,0,0,0,0,0,0,0,3,2,0,0,0,0
2025,R,barnt001,scoring,4,4,0,0,0,0,0,0,0,0,0,1,2,0,0,0,0
2025,R,barrj004,empty,40,39,4,8,1,0,1,0,1,1,0,13,0,0,0,0,0
2025,R,barrj004,loaded,1,1,0,0,0,0,0,0,0,0,0,1,0,0,0,0,0
2025,R,barrj004,menon,37,32,6,8,2,0,0,0,6,1,0,9,1,1,0,3,0
2025,R,barrj004,scoring,28,23,4,5,1,0,0,0,6,1,0,7,0,1,0,3,0
2025,R,bartj003,empty,167,147,29,39,4,0,2,0,2,17,0,47,0,3,0,0,0
2025,R,bartj003,loaded,10,9,4,4,0,0,0,0,5,0,0,1,2,1,0,0,0
2025,R,bartj003,menon,165,138,42,58,8,1,2,0,28,23,0,46,14,4,0,0,0
2025,R,bartj003,scoring,94,78,24,35,3,1,2,0,27,14,0,28,7,2,0,0,0
2025,R,basas001,empty,68,62,8,21,4,0,3,0,3,3,0,16,0,3,0,0,0
2025,R,basas001,loaded,4,4,2,2,0,0,0,0,4,0,0,1,0,0,0,0,0
2025,R,basas001,menon,50,47,10,15,2,0,1,0,12,3,0,14,4,0,0,0,0
2025,R,basas001,scoring,25,23,5,7,2,0,0,0,10,2,0,7,0,0,0,0,0
2025,R,batyb001,empty,246,230,58,101,10,0,11,0,11,15,0,57,0,1,0,0,0
2025,R,batyb001,loaded,9,8,3,5,0,1,0,0,8,0,0,3,0,0,0,1,0
2025,R,batyb001,menon,186,163,42,70,3,2,7,0,39,18,0,51,6,1,0,3,1
2025,R,batyb001,scoring,111,96,27,44,1,2,4,0,33,11,0,27,3,1,0,3,0
2025,D,bauej001,empty,2,2,1,4,0,0,1,0,1,0,0,0,0,0,0,0,0
2025,L,bauej001,empty,3,3,0,0,0,0,0,0,0,0,0,0,0,0,0,0,0
2025,R,bauej001,empty,104,89,20,31,2,0,3,0,3,13,0,29,0,2,0,0,0
2025,D,bauej001,loaded,1,1,0,0,0,0,0,0,0,0,0,1,0,0,0,0,0
2025,R,bauej001,loaded,7,7,2,4,2,0,0,0,5,0,0,2,0,0,0,0,0
2025,D,bauej001,menon,3,2,1,1,0,0,0,0,1,1,0,1,0,0,0,0,0
2025,L,bauej001,menon,6,6,2,3,1,0,0,0,1,0,0,2,0,0,0,0,0
2025,R,bauej001,menon,114,94,23,42,7,0,4,0,25,19,1,30,1,0,0,1,0
2025,D,bauej001,scoring,3,2,1,1,0,0,0,0,1,1,0,1,0,0,0,0,0
2025,L,bauej001,scoring,4,4,1,1,0,0,0,0,1,0,0,2,0,0,0,0,0
2025,R,bauej001,scoring,73,58,10,17,4,0,1,0,17,14,1,21,0,0,0,1,0
2025,R,beavd001,empty,85,65,15,25,4,0,2,0,2,20,0,20,0,0,0,0,0
2025,R,beavd001,loaded,4,4,1,1,0,0,0,0,2,0,0,0,0,0,0,0,0
2025,R,beavd001,menon,52,45,10,19,1,1,2,0,12,6,0,16,0,0,1,0,0
2025,R,beavd001,scoring,32,27,6,7,1,0,0,0,7,4,0,8,0,0,1,0,0
2025,R,beckj003,empty,356,332,81,136,13,3,12,0,12,23,0,111,0,1,0,0,0
2025,R,beckj003,loaded,8,8,2,5,1,1,0,0,5,0,0,3,1,0,0,0,0
2025,R,beckj003,menon,232,207,58,88,14,2,4,0,41,20,0,63,9,3,0,1,1
2025,R,beckj003,scoring,134,119,29,55,10,2,4,0,41,12,0,41,3,1,0,1,1
2025,D,bellc002,empty,5,5,0,0,0,0,0,0,0,0,0,1,0,0,0,0,0
2025,F,bellc002,empty,6,6,2,3,1,0,0,0,0,0,0,0,0,0,0,0,0
2025,R,bellc002,empty,327,299,72,142,13,3,17,0,17,26,0,49,0,2,0,0,0
2025,D,bellc002,loaded,2,0,0,0,0,0,0,0,2,1,0,0,0,0,0,1,0
2025,F,bellc002,loaded,1,1,0,0,0,0,0,0,0,0,0,0,0,0,0,0,0
2025,R,bellc002,loaded,21,16,7,11,1,0,1,1,19,2,0,0,0,0,0,3,0
2025,D,bellc002,menon,14,11,3,7,1,0,1,0,4,2,1,3,0,0,0,1,0
2025,F,bellc002,menon,6,6,1,1,0,0,0,0,0,0,0,1,0,0,0,0,0
2025,R,bellc002,menon,329,289,88,140,12,2,12,1,81,31,1,41,8,0,0,9,0
2025,D,bellc002,scoring,6,3,2,5,0,0,1,0,4,2,1,0,0,0,0,1,0
2025,F,bellc002,scoring,5,5,1,1,0,0,0,0,0,0,0,1,0,0,0,0,0
2025,R,bellc002,scoring,171,141,49,80,8,1,7,1,70,21,1,18,2,0,0,9,0
2025,R,bellj005,empty,309,274,62,109,12,1,11,0,11,32,0,55,0,3,0,0,0
2025,R,bellj005,loaded,12,10,4,4,0,0,0,0,8,1,0,2,1,0,0,1,0
2025,R,bellj005,menon,224,194,49,86,4,0,11,0,52,25,1,33,15,2,0,3,0
2025,R,bellj005,scoring,141,117,29,53,3,0,7,0,44,20,1,19,5,1,0,3,0
2025,R,benia002,empty,255,240,60,114,10,1,14,0,14,15,0,47,0,0,0,0,0
2025,R,benia002,loaded,8,3,2,5,0,0,1,1,10,3,0,0,0,0,0,2,0
2025,R,benia002,menon,215,180,41,67,6,1,6,1,49,25,2,35,5,3,0,6,1
2025,R,benia002,scoring,120,96,22,41,4,0,5,1,45,14,2,20,1,3,0,6,1
2025,F,bensw001,empty,1,0,0,0,0,0,0,0,0,1,0,0,0,0,0,0,0
2025,R,bensw001,empty,129,121,30,57,4,1,7,0,7,7,0,37,0,1,0,0,0
2025,R,bensw001,loaded,6,3,1,1,0,0,0,0,5,0,0,1,0,0,0,3,0
2025,F,bensw001,menon,1,1,0,0,0,0,0,0,0,0,0,1,0,0,0,0,0
2025,R,bensw001,menon,124,109,22,43,4,1,5,0,34,9,1,30,4,0,0,6,0
2025,F,bensw001,scoring,1,1,0,0,0,0,0,0,0,0,0,1,0,0,0,0,0
2025,R,bensw001,scoring,70,57,14,21,4,0,1,0,25,7,1,13,1,0,0,6,0
2025,R,bernw002,empty,84,80,20,34,5,0,3,0,3,4,0,12,0,0,0,0,0
2025,R,bernw002,loaded,1,1,0,0,0,0,0,0,0,0,0,0,0,0,0,0,0
2025,R,bernw002,menon,62,59,15,23,3,1,1,0,11,3,0,13,2,0,0,0,0
2025,R,bernw002,scoring,35,32,6,9,0,0,1,0,9,3,0,7,1,0,0,0,0
2025,R,berrs002,empty,3,2,0,0,0,0,0,0,0,1,0,0,0,0,0,0,0
2025,R,berrs002,menon,3,3,0,0,0,0,0,0,0,0,0,2,0,0,0,0,0
2025,R,berrs002,scoring,2,2,0,0,0,0,0,0,0,0,0,1,0,0,0,0,0
2025,R,bertj001,empty,61,57,12,13,1,0,0,0,0,2,0,13,0,2,0,0,0
2025,R,bertj001,loaded,1,1,0,0,0,0,0,0,0,0,0,0,0,0,0,0,0
2025,R,bertj001,menon,46,43,9,10,1,0,0,0,2,3,0,9,1,0,0,0,0
2025,R,bertj001,scoring,26,25,2,3,1,0,0,0,2,1,0,8,0,0,0,0,0
2025,D,bettm001,empty,12,12,4,6,0,1,0,0,0,0,0,1,0,0,0,0,0
2025,F,bettm001,empty,6,5,3,4,1,0,0,0,0,1,0,1,0,0,0,0,0
2025,L,bettm001,empty,11,9,1,1,0,0,0,0,0,1,0,2,0,1,0,0,0
2025,R,bettm001,empty,373,337,83,139,14,0,14,0,14,34,0,49,0,2,0,0,0
2025,W,bettm001,empty,21,18,2,2,0,0,0,0,0,3,0,4,0,0,0,0,0
2025,D,bettm001,loaded,1,0,0,0,0,0,0,0,1,1,0,0,0,0,0,0,0
2025,L,bettm001,loaded,1,0,0,0,0,0,0,0,1,1,0,0,0,0,0,0,0
2025,R,bettm001,loaded,17,14,6,10,1,0,1,1,15,1,0,0,0,0,0,2,0
2025,W,bettm001,loaded,1,1,1,1,0,0,0,0,2,0,0,0,0,0,0,0,0
2025,D,bettm001,menon,6,5,0,0,0,0,0,0,1,1,0,0,0,0,0,0,0
2025,F,bettm001,menon,4,4,3,5,2,0,0,0,3,0,0,0,0,0,0,0,0
2025,L,bettm001,menon,7,6,1,2,1,0,0,0,2,1,0,0,2,0,0,0,0
2025,R,bettm001,menon,290,252,69,100,9,2,6,1,68,27,2,19,15,1,0,10,0
2025,W,bettm001,menon,14,11,2,2,0,0,0,0,2,3,1,1,0,0,0,0,0
2025,D,bettm001,scoring,4,3,0,0,0,0,0,0,1,1,0,0,0,0,0,0,0
2025,F,bettm001,scoring,4,4,3,5,2,0,0,0,3,0,0,0,0,0,0,0,0
2025,L,bettm001,scoring,3,2,1,2,1,0,0,0,2,1,0,0,1,0,0,0,0
2025,R,bettm001,scoring,151,129,38,60,6,2,4,1,62,12,2,6,1,0,0,10,0
2025,W,bettm001,scoring,9,6,1,1,0,0,0,0,2,3,1,0,0,0,0,0,0
2025,R,bichb001,empty,356,336,100,151,30,0,7,0,7,19,0,56,0,1,0,0,0
2025,W,bichb001,empty,15,12,3,3,0,0,0,0,0,3,0,3,0,0,0,0,0
2025,R,bichb001,loaded,11,10,5,6,1,0,0,0,13,0,0,2,0,0,0,1,0
2025,R,bichb001,menon,272,246,81,130,14,1,11,0,87,21,2,35,17,2,0,3,0
2025,W,bichb001,menon,12,11,5,8,0,0,1,0,6,1,0,1,1,0,0,0,0
2025,R,bichb001,scoring,164,147,56,92,10,1,8,0,80,13,2,21,9,1,0,3,0
2025,W,bichb001,scoring,5,4,3,6,0,0,1,0,5,1,0,0,0,0,0,0,0
2025,R,biggc002,empty,48,42,7,11,1,0,1,0,1,6,0,11,0,0,0,0,0
2025,R,biggc002,loaded,2,2,0,0,0,0,0,0,0,0,0,2,0,0,0,0,0
2025,R,biggc002,menon,35,27,5,6,1,0,0,0,3,5,0,10,0,1,2,0,0
2025,R,biggc002,scoring,24,19,4,5,1,0,0,0,3,2,0,8,0,1,2,0,0
2025,R,blact003,empty,5,3,0,0,0,0,0,0,0,2,0,1,0,0,0,0,0
2025,R,blact003,menon,8,5,2,3,1,0,0,0,1,3,0,0,0,0,0,0,0
2025,R,blact003,scoring,5,3,1,1,0,0,0,0,1,2,0,0,0,0,0,0,0
2025,R,bland001,empty,2,2,0,0,0,0,0,0,0,0,0,0,0,0,0,0,0
2025,R,bland001,menon,6,4,1,2,1,0,0,0,1,0,0,2,0,0,2,0,0
2025,R,bland001,scoring,3,2,1,2,1,0,0,0,1,0,0,0,0,0,1,0,0
2025,R,bledj001,empty,208,185,39,74,11,0,8,0,8,23,0,55,0,0,0,0,0
2025,R,bledj001,loaded,7,6,0,0,0,0,0,0,2,1,0,3,0,0,0,0,0
2025,R,bledj001,menon,136,122,26,50,6,0,6,0,31,13,2,36,6,0,0,1,0
2025,R,bledj001,scoring,79,70,15,28,4,0,3,0,25,8,2,23,3,0,0,1,0
2025,R,blisr001,empty,25,21,3,4,1,0,0,0,0,4,0,7,0,0,0,0,0
2025,R,blisr001,menon,14,14,4,7,0,0,1,0,3,0,0,4,2,0,0,0,0
2025,R,blisr001,scoring,9,9,1,1,0,0,0,0,1,0,0,3,2,0,0,0,0
2025,F,bogax001,empty,7,7,2,2,0,0,0,0,0,0,0,2,0,0,0,0,0
2025,R,bogax001,empty,296,272,75,111,15,0,7,0,7,21,0,51,0,3,0,0,0
2025,R,bogax001,loaded,17,15,2,5,0,0,1,1,7,0,0,6,0,0,0,2,0
2025,F,bogax001,menon,5,5,2,3,1,0,0,0,1,0,0,1,0,0,0,0,0
2025,R,bogax001,menon,256,219,54,81,15,0,4,1,46,27,3,43,12,1,1,8,0
2025,F,bogax001,scoring,4,4,2,3,1,0,0,0,1,0,0,0,0,0,0,0,0
2025,R,bogax001,scoring,147,121,22,33,5,0,2,1,38,18,3,22,6,0,0,8,0
2025,D,bohma001,empty,8,6,2,2,0,0,0,0,0,2,0,1,0,0,0,0,0
2025,R,bohma001,empty,285,264,78,109,11,1,6,0,6,18,0,42,0,3,0,0,0
2025,R,bohma001,loaded,12,10,3,3,0,0,0,0,7,0,0,5,1,0,0,2,0
2025,D,bohma001,menon,10,6,2,2,0,0,0,0,0,4,2,0,0,0,0,0,0
2025,R,bohma001,menon,219,200,55,81,7,2,5,0,53,11,0,40,16,2,0,6,0
2025,D,bohma001,scoring,6,2,1,1,0,0,0,0,0,4,2,0,0,0,0,0,0
2025,R,bohma001,scoring,138,123,35,52,4,2,3,0,48,8,0,25,6,1,0,6,0
2025,R,boucs001,empty,44,42,6,6,0,0,0,0,0,2,0,18,0,0,0,0,0
2025,R,boucs001,menon,29,24,5,10,0,1,1,0,7,5,0,9,2,0,0,0,0
2025,R,boucs001,scoring,18,14,4,9,0,1,1,0,7,4,0,4,2,0,0,0,0
2025,R,branr002,empty,4,4,2,2,0,0,0,0,0,0,0,1,0,0,0,0,0
2025,R,branr002,menon,3,3,1,1,0,0,0,0,1,0,0,0,0,0,0,0,0
2025,R,branr002,scoring,2,2,1,1,0,0,0,0,1,0,0,0,0,0,0,0,0
2025,F,brega001,empty,8,6,2,2,0,0,0,0,0,2,0,2,0,0,0,0,0
2025,R,brega001,empty,255,227,58,103,12,0,11,0,11,25,0,38,0,3,0,0,0
2025,R,brega001,loaded,13,13,2,4,2,0,0,0,4,0,0,2,1,0,0,0,0
2025,F,brega001,menon,5,4,1,2,1,0,0,0,1,1,0,0,1,0,0,0,0
2025,R,brega001,menon,240,206,60,97,16,0,7,0,51,26,3,32,12,6,0,2,0
2025,F,brega001,scoring,3,3,1,2,1,0,0,0,1,0,0,0,1,0,0,0,0
2025,R,brega001,scoring,131,108,28,49,9,0,4,0,42,17,3,17,3,4,0,2,0
2025,R,brenw002,empty,8,7,1,1,0,0,0,0,0,1,0,0,0,0,0,0,0
2025,R,brenw002,menon,5,4,0,0,0,0,0,0,0,0,0,1,1,1,0,0,0
2025,R,brenw002,scoring,2,2,0,0,0,0,0,0,0,0,0,1,0,0,0,0,0
2025,R,bridj001,empty,75,70,13,15,2,0,0,0,0,4,0,24,0,1,0,0,0
2025,R,bridj001,loaded,2,2,0,0,0,0,0,0,0,0,0,0,0,0,0,0,0
2025,R,bridj001,menon,50,42,6,6,0,0,0,0,5,7,1,15,1,0,0,1,0
2025,R,bridj001,scoring,30,25,4,4,0,0,0,0,5,4,1,10,0,0,0,1,0
2025,R,broot002,empty,20,18,4,6,2,0,0,0,0,2,0,5,0,0,0,0,0
2025,R,broot002,loaded,2,2,0,0,0,0,0,0,0,0,0,0,0,0,0,0,0
2025,R,broot002,menon,23,23,2,5,0,0,1,0,2,0,0,8,2,0,0,0,0
2025,R,broot002,scoring,14,14,0,0,0,0,0,0,0,0,0,7,0,0,0,0,0
2025,R,brows003,empty,40,34,9,14,2,0,1,0,1,5,0,8,0,1,0,0,0
2025,R,brows003,loaded,1,1,0,0,0,0,0,0,0,0,0,1,0,0,0,0,0
2025,R,brows003,menon,36,31,3,3,0,0,0,0,2,4,0,15,2,1,0,0,0
2025,R,brows003,scoring,20,17,3,3,0,0,0,0,2,3,0,6,0,0,0,0,0
2025,R,brujv001,empty,46,43,10,12,2,0,0,0,0,3,0,13,0,0,0,0,0
2025,R,brujv001,loaded,1,1,0,0,0,0,0,0,0,0,0,1,0,0,0,0,0
2025,R,brujv001,menon,49,44,12,15,3,0,0,0,8,3,0,8,1,1,0,1,0
2025,R,brujv001,scoring,35,30,9,12,3,0,0,0,8,3,0,7,1,1,0,1,0
2025,R,bryak001,empty,22,20,5,7,2,0,0,0,0,2,0,8,0,0,0,0,0
2025,R,bryak001,loaded,1,1,0,0,0,0,0,0,0,0,0,1,0,0,0,0,0
2025,R,bryak001,menon,19,19,1,1,0,0,0,0,1,0,0,5,1,0,0,0,0
2025,R,bryak001,scoring,11,11,1,1,0,0,0,0,1,0,0,5,0,0,0,0,0
2025,R,burgj001,empty,203,198,39,73,7,0,9,0,9,4,0,52,0,1,0,0,0
2025,R,burgj001,loaded,5,5,1,1,0,0,0,0,2,0,0,2,0,0,0,0,0
2025,R,burgj001,menon,173,158,45,76,8,1,7,0,44,8,0,41,3,4,0,3,0
2025,R,burgj001,scoring,113,101,27,47,5,0,5,0,38,7,0,29,3,2,0,3,0
2025,R,burla001,empty,289,271,75,118,17,1,8,0,8,16,0,44,0,2,0,0,0
2025,R,burla001,loaded,13,10,3,3,0,0,0,0,7,2,0,3,1,0,0,0,1
2025,R,burla001,menon,257,226,69,110,9,1,10,0,61,23,1,35,14,1,1,4,2
2025,R,burla001,scoring,138,119,33,46,4,0,3,0,45,13,1,22,2,1,0,4,1
2025,D,buscm003,empty,13,12,4,13,0,0,3,0,3,1,0,2,0,0,0,0,0
2025,F,buscm003,empty,9,8,4,7,0,0,1,0,1,0,0,0,0,1,0,0,0
2025,R,buscm003,empty,372,335,86,181,19,2,24,0,24,35,0,90,0,2,0,0,0
2025,F,buscm003,loaded,1,1,0,0,0,0,0,0,0,0,0,0,1,0,0,0,0
2025,R,buscm003,loaded,14,12,2,6,1,0,1,1,9,2,0,4,1,0,0,0,0
2025,D,buscm003,menon,6,5,0,0,0,0,0,0,0,1,0,2,0,0,0,0,0
2025,F,buscm003,menon,3,2,0,0,0,0,0,0,0,1,1,0,1,0,0,0,0
2025,R,buscm003,menon,220,189,51,93,6,3,10,1,66,21,2,49,2,8,0,2,0
2025,D,buscm003,scoring,1,1,0,0,0,0,0,0,0,0,0,0,0,0,0,0,0
2025,F,buscm003,scoring,3,2,0,0,0,0,0,0,0,1,1,0,1,0,0,0,0
2025,R,buscm003,scoring,141,120,35,61,4,2,6,1,56,15,2,29,1,4,0,2,0
2025,R,butll001,empty,396,356,88,157,21,0,16,0,16,40,0,107,0,0,0,0,0
2025,R,butll001,loaded,16,15,4,8,1,0,1,1,13,1,0,7,0,0,0,0,0
2025,R,butll001,menon,234,213,45,73,9,2,5,1,47,19,0,72,7,0,2,0,0
2025,R,butll001,scoring,141,128,29,52,6,1,5,1,46,13,0,40,1,0,0,0,0
2025,R,buxtb001,empty,351,324,86,185,11,5,26,0,26,23,0,97,0,4,0,0,0
2025,R,buxtb001,loaded,13,9,4,4,0,0,0,0,12,2,0,3,0,0,0,2,0
2025,R,buxtb001,menon,191,164,43,84,10,2,9,0,57,18,5,51,0,3,0,6,0
2025,R,buxtb001,scoring,118,96,30,57,8,2,5,0,49,15,5,32,0,1,0,6,0
2025,D,cabaj001,empty,1,0,0,0,0,0,0,0,0,0,0,0,0,1,0,0,0
2025,F,cabaj001,empty,2,2,0,0,0,0,0,0,0,0,0,1,0,0,0,0,0
2025,R,cabaj001,empty,211,182,40,60,9,1,3,0,3,28,0,62,0,1,0,0,0
2025,R,cabaj001,loaded,9,7,1,4,0,0,1,1,6,1,0,3,0,1,0,0,0
2025,D,cabaj001,menon,1,1,1,1,0,0,0,0,0,0,0,0,0,0,0,0,0
2025,F,cabaj001,menon,1,1,0,0,0,0,0,0,0,0,0,0,0,0,0,0,0
2025,R,cabaj001,menon,159,132,34,49,9,0,2,1,33,19,0,36,1,2,4,2,0
2025,D,cabaj001,scoring,1,1,1,1,0,0,0,0,0,0,0,0,0,0,0,0,0
2025,F,cabaj001,scoring,1,1,0,0,0,0,0,0,0,0,0,0,0,0,0,0,0
2025,R,cabaj001,scoring,97,78,21,28,4,0,1,1,29,13,0,21,0,1,3,2,0
2025,R,cabro002,empty,61,56,13,17,1,0,1,0,1,4,0,16,0,1,0,0,0
2025,R,cabro002,loaded,4,2,0,0,0,0,0,0,2,2,0,0,0,0,0,0,0
2025,R,cabro002,menon,61,51,13,16,3,0,0,0,10,7,0,9,1,1,1,1,0
2025,R,cabro002,scoring,34,28,5,6,1,0,0,0,9,4,0,7,0,0,1,1,0
2025,R,caglj001,empty,147,133,21,39,4,1,4,0,4,12,0,32,0,2,0,0,0
2025,R,caglj001,loaded,3,3,1,1,0,0,0,0,2,0,0,0,1,0,0,0,0
2025,R,caglj001,menon,85,77,12,23,2,0,3,0,14,6,0,20,4,2,0,0,0
2025,R,caglj001,scoring,44,40,6,14,2,0,2,0,12,2,0,8,3,2,0,0,0
2025,R,caiso001,empty,20,19,3,7,1,0,1,0,1,1,0,8,0,0,0,0,0
2025,R,caiso001,loaded,2,2,1,1,0,0,0,0,2,0,0,1,0,0,0,0,0
2025,R,caiso001,menon,7,7,2,2,0,0,0,0,3,0,0,3,0,0,0,0,0
2025,R,caiso001,scoring,5,5,2,2,0,0,0,0,3,0,0,2,0,0,0,0,0
2025,D,calla002,empty,4,2,2,2,0,0,0,0,0,1,0,0,0,1,0,0,0
2025,R,calla002,empty,167,151,42,70,11,1,5,0,5,15,0,30,0,1,0,0,0
2025,W,calla002,empty,6,5,1,1,0,0,0,0,0,1,0,2,0,0,0,0,0
2025,L,calla002,loaded,1,1,0,0,0,0,0,0,0,0,0,0,0,0,0,0,0
2025,R,calla002,loaded,11,10,4,4,0,0,0,0,8,0,0,1,0,0,0,1,0
2025,D,calla002,menon,1,0,0,0,0,0,0,0,0,1,0,0,0,0,0,0,0
2025,F,calla002,menon,1,1,1,1,0,0,0,0,0,0,0,0,0,0,0,0,0
2025,L,calla002,menon,1,1,0,0,0,0,0,0,0,0,0,0,0,0,0,0,0
2025,R,calla002,menon,155,119,30,34,2,1,0,0,26,21,0,25,6,5,6,4,0
2025,W,calla002,menon,2,2,0,0,0,0,0,0,0,0,0,0,0,0,0,0,0
2025,D,calla002,scoring,1,0,0,0,0,0,0,0,0,1,0,0,0,0,0,0,0
2025,L,calla002,scoring,1,1,0,0,0,0,0,0,0,0,0,0,0,0,0,0,0
2025,R,calla002,scoring,87,65,18,19,1,0,0,0,25,13,0,11,3,3,2,4,0
2025,W,calla002,scoring,2,2,0,0,0,0,0,0,0,0,0,0,0,0,0,0,0
2025,R,callt001,empty,3,3,0,0,0,0,0,0,0,0,0,1,0,0,0,0,0
2025,R,callt001,menon,3,3,1,1,0,0,0,0,1,0,0,0,0,0,0,0,0
2025,R,callt001,scoring,1,1,1,1,0,0,0,0,1,0,0,0,0,0,0,0,0
2025,R,camed001,empty,27,26,4,5,1,0,0,0,0,1,0,9,0,0,0,0,0
2025,R,camed001,menon,15,15,4,7,0,0,1,0,3,0,0,4,1,0,0,0,0
2025,R,camed001,scoring,5,5,1,1,0,0,0,0,1,0,0,3,0,0,0,0,0
2025,R,camij001,empty,348,328,91,185,13,0,27,0,27,18,0,76,0,2,0,0,0
2025,R,camij001,loaded,12,11,4,11,1,0,2,2,14,1,0,1,1,0,0,0,0
2025,R,camij001,menon,305,274,68,137,15,0,18,2,83,23,1,49,31,1,0,7,0
2025,R,camij001,scoring,158,137,37,80,7,0,12,2,71,13,1,17,9,1,0,7,0
2025,R,campg001,empty,34,31,6,9,0,0,1,0,1,3,0,7,0,0,0,0,0
2025,R,campg001,loaded,1,1,0,0,0,0,0,0,0,0,0,0,1,0,0,0,0
2025,R,campg001,menon,32,27,4,11,1,0,2,0,7,2,0,7,2,3,0,0,0
2025,R,campg001,scoring,18,14,2,6,1,0,1,0,5,2,0,2,1,2,0,0,0
2025,R,campk002,empty,137,118,29,46,8,0,3,0,3,17,0,36,0,2,0,0,0
2025,R,campk002,loaded,3,3,2,2,0,0,0,0,4,0,0,0,0,0,0,0,0
2025,R,campk002,menon,126,111,22,33,2,0,3,0,18,12,0,36,1,2,0,1,0
2025,R,campk002,scoring,79,67,12,16,1,0,1,0,14,10,0,20,0,1,0,1,0
2025,R,campl002,empty,12,10,0,0,0,0,0,0,0,2,0,6,0,0,0,0,0
2025,R,campl002,menon,15,11,0,0,0,0,0,0,0,4,0,5,2,0,0,0,0
2025,R,campl002,scoring,10,8,0,0,0,0,0,0,0,2,0,5,1,0,0,0,0
2025,R,canaa001,empty,134,126,34,55,4,1,5,0,5,8,0,42,0,0,0,0,0
2025,R,canaa001,loaded,8,6,0,0,0,0,0,0,2,2,0,6,0,0,0,0,0
2025,R,canaa001,menon,100,90,13,18,2,0,1,0,15,9,0,38,5,0,0,1,0
2025,R,canaa001,scoring,63,55,9,13,1,0,1,0,14,7,0,26,2,0,0,1,0
2025,R,candj002,empty,54,48,3,6,0,0,1,0,1,6,0,17,0,0,0,0,0
2025,R,candj002,loaded,3,3,1,1,0,0,0,0,2,0,0,0,0,0,0,0,0
2025,R,candj002,menon,37,32,6,11,2,0,1,0,9,3,0,12,1,0,0,2,0
2025,R,candj002,scoring,22,20,4,8,1,0,1,0,9,0,0,7,0,0,0,2,0
2025,R,canhm001,empty,70,64,14,20,3,0,1,0,1,4,0,14,0,2,0,0,0
2025,R,canhm001,loaded,1,1,0,0,0,0,0,0,1,0,0,0,0,0,0,0,0
2025,R,canhm001,menon,55,49,10,10,0,0,0,0,5,3,0,10,1,1,0,2,0
2025,R,canhm001,scoring,32,27,3,3,0,0,0,0,5,3,0,7,1,0,0,2,0
2025,D,canzd001,empty,5,4,0,0,0,0,0,0,0,1,0,1,0,0,0,0,0
2025,L,canzd001,empty,15,15,2,2,0,0,0,0,0,0,0,5,0,0,0,0,0
2025,R,canzd001,empty,154,140,47,82,8,0,9,0,9,11,0,34,0,2,0,0,1
2025,R,canzd001,loaded,4,4,2,2,0,0,0,0,3,0,0,0,1,0,0,0,0
2025,D,canzd001,menon,2,2,1,1,0,0,0,0,1,0,0,1,0,0,0,0,0
2025,L,canzd001,menon,7,7,0,0,0,0,0,0,0,0,0,3,1,0,0,0,0
2025,R,canzd001,menon,115,103,26,35,3,0,2,0,23,9,0,25,6,1,0,2,0
2025,D,canzd001,scoring,1,1,1,1,0,0,0,0,1,0,0,0,0,0,0,0,0
2025,L,canzd001,scoring,4,4,0,0,0,0,0,0,0,0,0,2,0,0,0,0,0
2025,R,canzd001,scoring,58,49,13,18,2,0,1,0,21,6,0,14,2,1,0,2,0
2025,R,caprv001,empty,53,52,7,11,1,0,1,0,1,1,0,17,0,0,0,0,0
2025,R,caprv001,loaded,3,3,0,0,0,0,0,0,0,0,0,1,0,0,0,0,0
2025,R,caprv001,menon,52,44,5,6,1,0,0,0,5,2,0,8,5,1,3,2,0
2025,R,caprv001,scoring,32,26,3,3,0,0,0,0,5,1,0,4,2,1,2,2,0
2025,R,carav001,empty,211,192,44,67,8,0,5,0,5,14,0,35,0,5,0,0,0
2025,R,carav001,loaded,10,8,3,9,0,0,2,2,12,0,0,2,1,0,0,2,0
2025,R,carav001,menon,175,152,45,72,6,0,7,2,41,9,0,30,8,8,0,6,0
2025,R,carav001,scoring,97,80,18,36,3,0,5,2,36,7,0,16,2,4,0,6,0
2025,R,carld002,empty,147,135,30,43,5,1,2,0,2,11,0,28,0,1,0,0,0
2025,R,carld002,loaded,2,2,0,0,0,0,0,0,1,0,0,1,0,0,0,0,0
2025,R,carld002,menon,94,82,14,30,4,0,4,0,18,10,0,26,3,1,0,1,0
2025,R,carld002,scoring,51,43,5,12,1,0,2,0,12,7,0,14,0,0,0,1,0
2025,D,carpk001,empty,16,14,3,3,0,0,0,0,0,2,0,6,0,0,0,0,0
2025,F,carpk001,empty,8,5,2,2,0,0,0,0,0,3,0,1,0,0,0,0,0
2025,R,carpk001,empty,269,255,67,121,13,1,13,0,13,8,0,61,0,3,0,0,3
2025,R,carpk001,loaded,5,4,1,1,0,0,0,0,4,0,0,2,0,0,0,1,0
2025,D,carpk001,menon,9,8,2,8,0,0,2,0,5,1,1,2,0,0,0,0,0
2025,F,carpk001,menon,6,5,2,3,1,0,0,0,1,1,1,2,0,0,0,0,0
2025,R,carpk001,menon,195,178,42,94,5,4,13,0,49,10,0,45,3,4,0,2,1
2025,D,carpk001,scoring,7,6,2,8,0,0,2,0,5,1,1,1,0,0,0,0,0
2025,F,carpk001,scoring,5,4,1,2,1,0,0,0,1,1,1,2,0,0,0,0,0
2025,R,carpk001,scoring,96,86,14,32,2,2,4,0,28,6,0,29,0,2,0,2,0
2025,R,carrc005,empty,378,338,84,185,17,12,20,0,20,35,0,90,0,5,0,0,0
2025,R,carrc005,loaded,6,5,1,4,0,0,1,1,5,0,0,2,0,0,0,1,0
2025,R,carrc005,menon,264,226,62,120,15,5,11,1,64,32,4,63,6,2,0,4,0
2025,R,carrc005,scoring,142,119,35,69,6,2,8,1,53,17,4,35,0,2,0,4,0
2025,R,carte001,empty,126,113,24,36,6,0,2,0,2,8,0,28,0,5,0,0,0
2025,R,carte001,loaded,6,5,3,3,0,0,0,0,6,1,0,0,1,0,0,0,0
2025,R,carte001,menon,94,81,24,40,3,2,3,0,23,11,1,13,2,2,0,0,0
2025,R,carte001,scoring,59,50,15,22,1,0,2,0,19,8,1,8,1,1,0,0,0
2025,R,casat001,empty,65,56,9,11,2,0,0,0,0,8,0,19,0,1,0,0,0
2025,R,casat001,loaded,1,1,1,1,0,0,0,0,1,0,0,0,0,0,0,0,0
2025,R,casat001,menon,47,43,9,19,1,0,3,0,11,3,2,8,3,1,0,0,0
2025,R,casat001,scoring,27,24,5,14,0,0,3,0,11,2,2,2,1,1,0,0,0
2025,D,castn001,empty,7,7,0,0,0,0,0,0,0,0,0,1,0,0,0,0,0
2025,R,castn001,empty,296,275,67,109,13,1,9,0,9,20,0,71,0,1,0,0,0
2025,R,castn001,loaded,12,10,2,8,0,0,2,2,11,0,0,2,0,1,0,1,0
2025,D,castn001,menon,8,8,2,4,2,0,0,0,3,0,0,2,1,0,0,0,0
2025,R,castn001,menon,293,272,70,110,14,1,8,2,63,12,0,62,13,3,0,6,0
2025,D,castn001,scoring,4,4,2,4,2,0,0,0,3,0,0,1,0,0,0,0,0
2025,R,castn001,scoring,156,140,34,57,5,0,6,2,56,8,0,30,4,2,0,6,0
2025,R,castw003,empty,255,233,52,90,10,2,8,0,8,18,0,63,0,4,0,0,0
2025,R,castw003,loaded,6,6,1,2,1,0,0,0,2,0,0,2,2,0,0,0,0
2025,R,castw003,menon,199,169,39,57,7,1,3,0,25,22,1,48,12,7,1,0,0
2025,R,castw003,scoring,102,81,22,36,6,1,2,0,22,16,1,22,3,4,1,0,0
2025,R,chapa002,empty,40,37,4,9,2,0,1,0,1,2,0,12,0,1,0,0,0
2025,R,chapa002,loaded,1,1,1,1,0,0,0,0,3,0,0,0,0,0,0,0,0
2025,R,chapa002,menon,33,29,8,8,0,0,0,0,4,3,0,10,0,0,0,1,0
2025,R,chapa002,scoring,19,15,1,1,0,0,0,0,4,3,0,6,0,0,0,1,0
2025,R,chapm001,empty,288,249,55,96,14,0,9,0,9,36,0,65,0,3,0,0,0
2025,R,chapm001,loaded,16,15,4,7,0,0,1,1,11,0,0,6,0,0,0,1,0
2025,R,chapm001,menon,247,205,50,99,9,2,12,1,52,35,1,61,8,3,0,4,0
2025,R,chapm001,scoring,144,120,23,41,3,0,5,1,36,19,1,43,2,1,0,4,0
2025,R,chent001,empty,5,5,0,0,0,0,0,0,0,0,0,2,0,0,0,0,0
2025,R,chent001,menon,2,2,0,0,0,0,0,0,0,0,0,1,0,0,0,0,0
2025,R,chent001,scoring,1,1,0,0,0,0,0,0,0,0,0,1,0,0,0,0,0
2025,D,chisj001,empty,9,9,2,5,0,0,1,0,1,0,0,1,0,0,0,0,0
2025,F,chisj001,empty,4,3,1,1,0,0,0,0,0,1,0,0,0,0,0,0,0
2025,R,chisj001,empty,291,259,61,115,7,1,15,0,15,29,0,87,0,3,0,0,0
2025,F,chisj001,loaded,1,1,0,0,0,0,0,0,0,0,0,0,0,0,0,0,0
2025,R,chisj001,loaded,18,14,4,5,1,0,0,0,10,2,0,3,0,0,0,2,0
2025,D,chisj001,menon,7,5,0,0,0,0,0,0,0,2,0,1,1,0,0,0,0
2025,F,chisj001,menon,5,5,1,1,0,0,0,0,0,0,0,3,0,0,0,0,0
2025,R,chisj001,menon,240,203,51,107,8,0,16,0,65,29,1,61,3,3,1,4,0
2025,D,chisj001,scoring,3,3,0,0,0,0,0,0,0,0,0,1,0,0,0,0,0
2025,F,chisj001,scoring,3,3,1,1,0,0,0,0,0,0,0,1,0,0,0,0,0
2025,R,chisj001,scoring,147,125,26,47,6,0,5,0,41,16,1,39,0,2,0,4,0
2025,D,chouj001,empty,10,9,3,5,2,0,0,0,0,1,0,3,0,0,0,0,0
2025,L,chouj001,empty,10,10,2,6,1,0,1,0,1,0,0,3,0,0,0,0,0
2025,R,chouj001,empty,342,322,92,150,20,4,10,0,10,19,0,69,0,1,0,0,0
2025,D,chouj001,loaded,2,2,2,2,0,0,0,0,3,0,0,0,0,0,0,0,0
2025,R,chouj001,loaded,15,12,2,2,0,0,0,0,7,0,0,3,1,0,0,3,0
2025,D,chouj001,menon,9,9,4,7,0,0,1,0,6,0,0,1,1,0,0,0,0
2025,L,chouj001,menon,6,5,1,1,0,0,0,0,1,0,0,2,0,0,0,1,0
2025,R,chouj001,menon,247,227,56,104,15,0,11,0,68,11,1,52,13,2,1,6,0
2025,D,chouj001,scoring,5,5,3,6,0,0,1,0,6,0,0,0,0,0,0,0,0
2025,L,chouj001,scoring,2,1,0,0,0,0,0,0,1,0,0,1,0,0,0,1,0
2025,R,chouj001,scoring,123,107,28,53,7,0,6,0,52,8,1,23,2,2,0,6,0
2025,R,churn001,empty,29,27,5,6,1,0,0,0,0,0,0,8,0,2,0,0,0
2025,R,churn001,loaded,4,3,1,1,0,0,0,0,3,0,0,2,0,0,0,1,0
2025,R,churn001,menon,36,29,5,8,0,0,1,0,8,3,0,10,0,1,2,1,0
2025,R,churn001,scoring,19,15,2,2,0,0,0,0,6,1,0,6,0,1,1,1,0
2025,R,clard004,empty,94,88,22,33,7,2,0,0,0,4,0,37,0,2,0,0,0
2025,R,clard004,loaded,2,2,0,0,0,0,0,0,1,0,0,1,0,0,0,0,0
2025,R,clard004,menon,65,60,12,22,1,0,3,0,8,2,0,24,1,1,2,0,0
2025,R,clard004,scoring,35,31,5,8,0,0,1,0,4,2,0,14,0,1,1,0,0
2025,R,clasj001,empty,62,58,13,20,1,0,2,0,2,4,0,15,0,0,0,0,0
2025,R,clasj001,loaded,4,4,2,3,1,0,0,0,4,0,0,0,1,0,0,0,0
2025,R,clasj001,menon,50,42,8,10,2,0,0,0,7,6,0,13,1,1,1,0,0
2025,R,clasj001,scoring,28,23,7,9,2,0,0,0,7,4,0,6,1,1,0,0,0
2025,D,cleme002,empty,9,9,6,7,1,0,0,0,0,0,0,0,0,0,0,0,0
2025,L,cleme002,empty,19,19,6,10,2,1,0,0,0,0,0,1,0,0,0,0,0
2025,R,cleme002,empty,327,309,85,127,20,2,6,0,6,14,0,31,0,4,0,0,0
2025,W,cleme002,empty,20,20,8,10,2,0,0,0,0,0,0,1,0,0,0,0,0
2025,L,cleme002,loaded,2,2,0,0,0,0,0,0,0,0,0,1,1,0,0,0,0
2025,R,cleme002,loaded,15,11,3,4,1,0,0,0,9,1,0,2,1,0,0,3,0
2025,W,cleme002,loaded,2,2,1,1,0,0,0,0,1,0,0,0,0,0,0,0,0
2025,D,cleme002,menon,7,5,3,6,0,0,1,0,5,0,0,0,0,1,0,1,0
2025,L,cleme002,menon,10,9,3,3,0,0,0,0,2,1,0,1,1,0,0,0,0
2025,R,cleme002,menon,261,236,66,90,15,0,3,0,44,13,1,30,13,0,7,5,0
2025,W,cleme002,menon,12,11,4,5,1,0,0,0,2,0,0,2,0,0,0,1,0
2025,D,cleme002,scoring,5,4,3,6,0,0,1,0,5,0,0,0,0,0,0,1,0
2025,L,cleme002,scoring,8,7,2,2,0,0,0,0,2,1,0,1,1,0,0,0,0
2025,R,cleme002,scoring,155,137,38,54,7,0,3,0,43,7,1,21,5,0,6,5,0
2025,W,cleme002,scoring,7,6,2,2,0,0,0,0,2,0,0,1,0,0,0,1,0
2025,R,clemk001,empty,223,206,44,86,7,1,11,0,11,17,0,56,0,0,0,0,0
2025,R,clemk001,loaded,14,12,2,3,1,0,0,0,7,0,0,2,1,0,0,2,0
2025,R,clemk001,menon,163,142,30,65,5,3,8,0,41,12,1,37,4,5,2,2,0
2025,R,clemk001,scoring,100,88,21,44,4,2,5,0,33,5,1,23,1,4,1,2,0
2025,R,colez001,empty,31,29,5,9,1,0,1,0,1,2,0,12,0,0,0,0,0
2025,R,colez001,loaded,1,1,0,0,0,0,0,0,0,0,0,1,0,0,0,0,0
2025,R,colez001,menon,21,18,7,17,1,0,3,0,10,3,0,8,0,0,0,0,0
2025,R,colez001,scoring,13,11,4,5,1,0,0,0,4,2,0,5,0,0,0,0,0
2025,D,colli001,empty,2,2,0,0,0,0,0,0,0,0,0,2,0,0,0,0,0
2025,L,colli001,empty,4,3,0,0,0,0,0,0,0,1,0,3,0,0,0,0,0
2025,R,colli001,empty,237,208,52,82,12,3,4,0,4,26,0,54,0,3,0,0,0
2025,R,colli001,loaded,16,12,5,5,0,0,0,0,15,1,0,1,1,1,0,2,0
2025,D,colli001,menon,1,1,0,0,0,0,0,0,0,0,0,0,0,0,0,0,0
2025,L,colli001,menon,3,3,0,0,0,0,0,0,0,0,0,2,0,0,0,0,0
2025,R,colli001,menon,204,164,46,71,10,0,5,0,50,31,0,39,8,3,3,3,0
2025,D,colli001,scoring,1,1,0,0,0,0,0,0,0,0,0,0,0,0,0,0,0
2025,L,colli001,scoring,2,2,0,0,0,0,0,0,0,0,0,1,0,0,0,0,0
2025,R,colli001,scoring,114,95,28,45,5,0,4,0,47,12,0,23,2,1,3,3,0
2025,R,confm001,empty,292,251,53,94,14,0,9,0,9,36,0,73,0,5,0,0,0
2025,R,confm001,loaded,11,9,2,2,0,0,0,0,6,1,0,3,0,0,0,1,0
2025,R,confm001,menon,194,167,30,45,6,0,3,0,27,20,0,48,12,4,0,3,0
2025,R,confm001,scoring,117,100,18,30,3,0,3,0,26,12,0,26,7,2,0,3,0
2025,R,conig001,empty,48,43,11,22,5,0,2,0,2,5,0,12,0,0,0,0,0
2025,R,conig001,loaded,1,1,0,0,0,0,0,0,0,0,0,1,0,0,0,0,0
2025,R,conig001,menon,38,36,9,11,2,0,0,0,6,2,0,13,0,0,0,0,0
2025,R,conig001,scoring,23,22,5,7,2,0,0,0,6,1,0,6,0,0,0,0,0
2025,R,contw001,empty,287,247,64,120,20,0,12,0,12,23,0,72,0,17,0,0,0
2025,R,contw001,loaded,12,7,3,5,2,0,0,0,12,2,0,3,0,0,0,3,0
2025,R,contw001,menon,276,243,62,99,11,1,8,0,68,21,1,70,15,6,1,4,1
2025,R,contw001,scoring,152,136,38,60,8,1,4,0,59,10,1,39,4,2,0,4,0
2025,D,contw002,empty,13,13,4,10,0,0,2,0,2,0,0,2,0,0,0,0,0
2025,L,contw002,empty,11,10,1,1,0,0,0,0,0,1,0,2,0,0,0,0,0
2025,R,contw002,empty,339,294,75,118,16,0,9,0,9,43,0,67,0,2,0,0,0
2025,R,contw002,loaded,8,5,1,1,0,0,0,0,5,2,0,1,0,0,0,1,0
2025,D,contw002,menon,8,7,2,3,1,0,0,0,1,1,0,1,2,0,0,0,0
2025,L,contw002,menon,5,4,1,1,0,0,0,0,0,1,0,2,0,0,0,0,0
2025,R,contw002,menon,320,272,72,108,12,0,8,0,67,41,4,53,14,1,0,6,0
2025,D,contw002,scoring,3,2,2,3,1,0,0,0,1,1,0,0,0,0,0,0,0
2025,L,contw002,scoring,2,1,0,0,0,0,0,0,0,1,0,1,0,0,0,0,0
2025,R,contw002,scoring,188,149,43,59,7,0,3,0,53,33,4,27,7,0,0,6,0
2025,R,cookb002,empty,4,4,2,2,0,0,0,0,0,0,0,0,0,0,0,0,0
2025,R,cookb002,menon,2,2,0,0,0,0,0,0,0,0,0,1,0,0,0,0,0
2025,R,cookb002,scoring,1,1,0,0,0,0,0,0,0,0,0,0,0,0,0,0,0
2025,R,corok001,empty,3,2,0,0,0,0,0,0,0,1,0,1,0,0,0,0,0
2025,R,corok001,menon,1,0,0,0,0,0,0,0,0,1,0,0,0,0,0,0,0
2025,R,corok001,scoring,1,0,0,0,0,0,0,0,0,1,0,0,0,0,0,0,0
2025,R,corrc001,empty,320,295,90,128,20,0,6,0,6,25,0,58,0,0,0,0,0
2025,R,corrc001,loaded,15,14,1,1,0,0,0,0,2,0,0,5,0,0,0,1,0
2025,R,corrc001,menon,264,242,58,88,9,0,7,0,46,20,0,55,19,1,0,1,0
2025,R,corrc001,scoring,143,133,35,48,4,0,3,0,37,9,0,37,5,0,0,1,0
2025,R,cortc001,empty,62,61,16,28,4,1,2,0,2,1,0,17,0,0,0,0,0
2025,R,cortc001,menon,37,33,13,23,4,0,2,0,12,2,0,3,3,0,0,2,0
2025,R,cortc001,scoring,22,18,7,11,1,0,1,0,8,2,0,2,2,0,0,2,0
2025,R,cowsc001,empty,217,197,39,76,7,0,10,0,10,17,0,84,0,3,0,0,0
2025,R,cowsc001,loaded,7,5,1,1,0,0,0,0,4,2,0,2,0,0,0,0,0
2025,R,cowsc001,menon,143,130,25,50,7,0,6,0,30,10,1,44,5,3,0,0,0
2025,R,cowsc001,scoring,82,73,16,35,4,0,5,0,28,8,1,28,0,1,0,0,0
2025,D,crawj002,empty,11,11,3,6,0,0,1,0,1,0,0,3,0,0,0,0,0
2025,L,crawj002,empty,16,13,2,3,1,0,0,0,0,3,0,1,0,0,0,0,0
2025,R,crawj002,empty,397,357,89,119,15,0,5,0,5,38,0,86,0,2,0,0,0
2025,L,crawj002,loaded,2,1,0,0,0,0,0,0,1,0,0,0,1,0,0,1,0
2025,R,crawj002,loaded,14,14,4,11,1,0,2,2,12,0,0,4,1,0,0,0,0
2025,D,crawj002,menon,10,8,2,2,0,0,0,0,1,1,0,2,0,0,0,1,0
2025,L,crawj002,menon,10,8,1,1,0,0,0,0,2,0,0,1,1,0,1,1,0
2025,R,crawj002,menon,257,213,62,92,9,0,7,2,53,36,1,36,11,1,6,1,0
2025,D,crawj002,scoring,6,5,1,1,0,0,0,0,1,0,0,1,0,0,0,1,0
2025,L,crawj002,scoring,7,5,1,1,0,0,0,0,2,0,0,0,1,0,1,1,0
2025,R,crawj002,scoring,149,121,35,52,5,0,4,2,46,20,1,22,2,1,6,1,0
2025,R,crewd001,empty,191,175,39,58,3,2,4,0,4,15,0,41,0,1,0,0,0
2025,R,crewd001,loaded,6,6,0,0,0,0,0,0,1,0,0,2,1,0,0,0,0
2025,R,crewd001,menon,131,118,22,45,5,0,6,0,23,9,0,35,4,4,0,0,0
2025,R,crewd001,scoring,73,65,13,26,4,0,3,0,17,6,0,15,2,2,0,0,0
2025,R,crimb001,empty,47,44,11,24,1,0,4,0,4,2,0,13,0,1,0,0,0
2025,R,crimb001,loaded,1,0,0,0,0,0,0,0,1,0,0,0,0,0,0,1,0
2025,R,crimb001,menon,27,21,2,6,1,0,1,0,8,4,0,15,0,0,0,2,0
2025,R,crimb001,scoring,18,13,2,6,1,0,1,0,8,3,0,9,0,0,0,2,0
2025,F,cronj001,empty,5,5,0,0,0,0,0,0,0,0,0,2,0,0,0,0,0
2025,R,cronj001,empty,266,228,54,86,12,1,6,0,6,31,0,59,0,6,0,0,1
2025,R,cronj001,loaded,18,13,5,5,0,0,0,0,11,2,0,4,0,2,0,1,0
2025,F,cronj001,menon,6,6,0,0,0,0,0,0,0,0,0,1,0,0,0,0,0
2025,R,cronj001,menon,249,191,49,72,8,0,5,0,53,38,1,48,4,9,4,7,0
2025,F,cronj001,scoring,5,5,0,0,0,0,0,0,0,0,0,0,0,0,0,0,0
2025,R,cronj001,scoring,143,108,31,43,6,0,2,0,46,21,1,30,0,5,2,7,0
2025,R,crooj001,empty,32,32,5,10,0,1,1,0,1,0,0,10,0,0,0,0,0
2025,R,crooj001,loaded,1,1,0,0,0,0,0,0,0,0,0,0,0,0,0,0,0
2025,R,crooj001,menon,14,13,1,1,0,0,0,0,0,0,0,7,1,1,0,0,0
2025,R,crooj001,scoring,5,4,0,0,0,0,0,0,0,0,0,3,0,1,0,0,0
2025,D,crowp001,empty,13,13,1,1,0,0,0,0,0,0,0,5,0,0,0,0,0
2025,F,crowp001,empty,6,6,1,1,0,0,0,0,0,0,0,5,0,0,0,0,0
2025,R,crowp001,empty,349,331,83,163,20,3,18,0,18,12,0,87,0,6,0,0,0
2025,D,crowp001,loaded,1,1,1,1,0,0,0,0,2,0,0,0,0,0,0,0,0
2025,F,crowp001,loaded,1,1,1,1,0,0,0,0,1,0,0,0,0,0,0,0,0
2025,R,crowp001,loaded,17,13,2,5,0,0,1,1,10,0,0,5,0,0,0,4,0
2025,D,crowp001,menon,6,4,1,1,0,0,0,0,2,1,0,1,0,0,1,0,0
2025,F,crowp001,menon,4,4,2,2,0,0,0,0,1,0,0,1,0,0,0,0,0
2025,R,crowp001,menon,298,260,63,121,17,1,13,1,77,17,1,68,1,3,6,12,0
2025,D,crowp001,scoring,3,2,1,1,0,0,0,0,2,1,0,1,0,0,0,0,0
2025,F,crowp001,scoring,2,2,1,1,0,0,0,0,1,0,0,0,0,0,0,0,0
2025,R,crowp001,scoring,176,149,37,77,10,0,10,1,69,8,1,45,1,2,5,12,0
2025,R,cruzo001,empty,318,275,52,102,12,1,12,0,12,39,0,96,0,4,0,0,0
2025,R,cruzo001,loaded,14,14,2,8,0,0,2,2,10,0,0,6,0,0,0,0,0
2025,R,cruzo001,menon,226,196,42,76,6,2,8,2,49,25,4,78,6,0,0,5,0
2025,R,cruzo001,scoring,139,114,23,45,2,1,6,2,42,20,4,50,2,0,0,5,0
2025,R,dalbb001,empty,13,13,1,1,0,0,0,0,0,0,0,6,0,0,0,0,0
2025,R,dalbb001,menon,8,5,3,4,1,0,0,0,1,3,0,0,1,0,0,0,0
2025,R,dalbb001,scoring,5,2,1,1,0,0,0,0,1,3,0,0,0,0,0,0,0
2025,R,darnt001,empty,137,129,25,46,9,0,4,0,4,7,0,45,0,1,0,0,0
2025,R,darnt001,loaded,4,3,1,1,0,0,0,0,3,0,0,1,0,1,0,0,0
2025,R,darnt001,menon,94,84,17,27,4,0,2,0,17,6,0,29,5,3,0,1,0
2025,R,darnt001,scoring,53,47,10,15,2,0,1,0,13,3,0,16,3,2,0,1,0
2025,R,davih001,empty,147,133,31,49,6,0,4,0,4,10,0,37,0,3,0,0,1
2025,R,davih001,loaded,8,7,0,0,0,0,0,0,2,1,0,4,0,0,0,0,0
2025,R,davih001,menon,136,119,11,21,1,0,3,0,18,8,0,39,2,2,3,3,1
2025,R,davih001,scoring,78,68,5,5,0,0,0,0,12,4,0,21,1,0,3,3,0
2025,R,davij006,empty,6,6,1,1,0,0,0,0,0,0,0,1,0,0,0,0,0
2025,R,davij006,menon,3,3,0,0,0,0,0,0,0,0,0,2,0,0,0,0,0
2025,R,davij006,scoring,1,1,0,0,0,0,0,0,0,0,0,1,0,0,0,0,0
2025,R,davil002,empty,30,29,3,6,0,0,1,0,1,1,0,17,0,0,0,0,0
2025,R,davil002,loaded,1,1,0,0,0,0,0,0,0,0,0,1,0,0,0,0,0
2025,R,davil002,menon,17,13,4,6,2,0,0,0,3,2,0,5,1,0,2,0,0
2025,R,davil002,scoring,11,8,3,5,2,0,0,0,3,1,0,3,0,0,2,0,0
2025,R,deanj001,empty,1,1,0,0,0,0,0,0,0,0,0,1,0,0,0,0,0
2025,R,deanj001,menon,1,1,0,0,0,0,0,0,0,0,0,0,0,0,0,0,0
2025,R,dejop001,empty,120,111,27,43,7,0,3,0,3,8,0,44,0,1,0,0,0
2025,R,dejop001,loaded,2,0,0,0,0,0,0,0,2,0,0,0,0,0,0,2,0
2025,R,dejop001,menon,88,82,17,29,3,0,3,0,20,3,0,26,3,0,0,3,0
2025,R,dejop001,scoring,53,48,10,18,2,0,2,0,17,2,0,16,0,0,0,3,0
2025,R,delab001,empty,32,30,7,8,1,0,0,0,0,2,0,14,0,0,0,0,0
2025,R,delab001,loaded,1,1,0,0,0,0,0,0,0,0,0,1,0,0,0,0,0
2025,R,delab001,menon,18,17,2,2,0,0,0,0,0,1,0,4,1,0,0,0,0
2025,R,delab001,scoring,9,9,0,0,0,0,0,0,0,0,0,2,0,0,0,0,0
2025,F,delac001,empty,6,5,1,1,0,0,0,0,0,1,0,1,0,0,0,0,0
2025,F,delac001,menon,1,1,0,0,0,0,0,0,0,0,0,0,1,0,0,0,0
2025,F,delae003,empty,3,3,0,0,0,0,0,0,0,0,0,2,0,0,0,0,0
2025,R,delae003,empty,377,351,84,148,19,6,11,0,11,25,0,103,0,1,0,0,0
2025,F,delae003,loaded,2,1,0,0,0,0,0,0,1,1,0,1,0,0,0,0,0
2025,R,delae003,loaded,19,18,8,14,3,0,1,1,20,1,0,3,0,0,0,0,0
2025,F,delae003,menon,5,3,0,0,0,0,0,0,2,2,0,2,0,0,0,0,0
2025,R,delae003,menon,322,278,82,129,12,1,11,1,75,42,10,78,14,1,0,1,0
2025,F,delae003,scoring,5,3,0,0,0,0,0,0,2,2,0,2,0,0,0,0,0
2025,R,delae003,scoring,192,162,47,70,8,0,5,1,58,28,10,49,4,1,0,1,0
2025,R,delca001,empty,68,63,14,17,3,0,0,0,0,4,0,21,0,1,0,0,0
2025,R,delca001,loaded,5,5,0,0,0,0,0,0,0,0,0,1,1,0,0,0,0
2025,R,delca001,menon,63,57,15,30,3,0,4,0,17,4,0,26,2,0,0,2,0
2025,R,delca001,scoring,36,32,9,20,2,0,3,0,14,2,0,14,1,0,0,2,0
2025,R,deluj001,empty,32,32,10,15,1,2,0,0,0,0,0,6,0,0,0,0,0
2025,R,deluj001,menon,27,25,9,11,0,1,0,0,4,2,0,7,0,0,0,0,0
2025,R,deluj001,scoring,17,15,5,7,0,1,0,0,4,2,0,6,0,0,0,0,0
2025,R,devac002,empty,21,19,3,3,0,0,0,0,0,2,0,11,0,0,0,0,0
2025,R,devac002,menon,17,17,2,3,1,0,0,0,1,0,0,10,1,0,0,0,0
2025,R,devac002,scoring,7,7,0,0,0,0,0,0,0,0,0,6,0,0,0,0,0
2025,R,dever001,empty,401,345,82,169,18,0,23,0,23,52,0,111,0,4,0,0,0
2025,R,dever001,loaded,11,6,3,9,0,0,2,2,15,3,0,2,0,0,0,2,0
2025,R,dever001,menon,328,262,71,122,15,0,12,2,86,60,10,81,16,2,0,4,0
2025,R,dever001,scoring,184,140,43,71,7,0,7,2,72,40,10,44,4,0,0,4,0
2025,R,dezez001,empty,54,46,11,16,2,0,1,0,1,8,0,19,0,0,0,0,0
2025,R,dezez001,loaded,1,1,0,0,0,0,0,0,0,0,0,1,0,0,0,0,0
2025,R,dezez001,menon,55,52,13,20,4,0,1,0,9,3,0,18,2,0,0,0,0
2025,R,dezez001,scoring,26,24,8,11,3,0,0,0,6,2,0,9,0,0,0,0,0
2025,R,diaze005,empty,139,126,27,43,4,0,4,0,4,11,0,34,0,2,0,0,0
2025,R,diaze005,loaded,5,5,0,0,0,0,0,0,0,0,0,2,0,0,0,0,0
2025,R,diaze005,menon,144,129,25,43,3,0,5,0,25,10,0,40,11,0,5,0,0
2025,R,diaze005,scoring,86,75,14,24,1,0,3,0,21,7,0,25,2,0,4,0,0
2025,R,diazy001,empty,401,360,110,170,21,0,13,0,13,36,0,53,0,5,0,0,0
2025,R,diazy001,loaded,10,8,2,5,0,0,1,1,8,0,0,1,0,0,0,2,0
2025,R,diazy001,menon,250,223,65,111,8,1,12,1,70,21,4,39,12,1,0,5,0
2025,R,diazy001,scoring,160,137,40,71,4,0,9,1,60,17,4,24,3,1,0,5,0
2025,R,diazy004,empty,313,299,79,126,12,1,11,0,11,13,0,58,0,1,0,0,0
2025,R,diazy004,loaded,16,14,2,5,0,0,1,1,8,0,0,1,2,0,0,2,0
2025,R,diazy004,menon,254,243,60,100,13,0,9,1,59,7,2,37,13,1,0,3,0
2025,R,diazy004,scoring,144,135,36,63,12,0,5,1,51,5,2,20,5,1,0,3,0
2025,D,dingd001,empty,12,11,2,3,1,0,0,0,0,0,0,2,0,1,0,0,0
2025,F,dingd001,empty,7,6,1,4,0,0,1,0,1,1,0,3,0,0,0,0,0
2025,R,dingd001,empty,250,237,68,105,13,0,8,0,8,8,0,60,0,4,0,0,1
2025,F,dingd001,loaded,1,1,0,0,0,0,0,0,0,0,0,0,0,0,0,0,0
2025,R,dingd001,loaded,10,9,2,2,0,0,0,0,6,1,0,4,1,0,0,0,0
2025,D,dingd001,menon,11,9,2,3,1,0,0,0,1,2,0,3,0,0,0,0,0
2025,F,dingd001,menon,6,4,0,0,0,0,0,0,0,2,0,2,0,0,0,0,0
2025,R,dingd001,menon,219,198,53,80,8,2,5,0,49,15,2,50,5,5,0,1,0
2025,D,dingd001,scoring,3,2,0,0,0,0,0,0,0,1,0,2,0,0,0,0,0
2025,F,dingd001,scoring,5,3,0,0,0,0,0,0,0,2,0,1,0,0,0,0,0
2025,R,dingd001,scoring,115,98,29,43,4,2,2,0,40,14,2,17,3,2,0,1,0
2025,D,domij003,empty,1,1,1,2,1,0,0,0,0,0,0,0,0,0,0,0,0
2025,R,domij003,empty,249,223,55,87,12,1,6,0,6,25,0,64,0,1,0,0,0
2025,R,domij003,loaded,14,10,4,8,1,0,1,1,14,0,0,3,0,1,0,3,0
2025,R,domij003,menon,180,158,43,61,6,0,4,1,41,16,1,51,5,2,0,4,0
2025,R,domij003,scoring,120,103,26,37,5,0,2,1,37,11,1,35,2,2,0,4,0
2025,R,donob001,empty,313,282,77,116,21,0,6,0,6,25,0,40,0,6,0,0,0
2025,R,donob001,loaded,8,6,2,2,0,0,0,0,6,0,0,2,0,0,0,2,0
2025,R,donob001,menon,202,178,55,78,11,0,4,0,44,17,3,27,4,1,2,4,0
2025,R,donob001,scoring,121,103,27,41,5,0,3,0,37,13,3,20,2,0,1,4,0
2025,R,doylb001,empty,335,312,69,113,12,1,10,0,10,23,0,87,0,0,0,0,0
2025,R,doylb001,loaded,11,10,3,5,2,0,0,0,8,0,0,2,1,0,0,1,0
2025,R,doylb001,menon,203,190,48,76,11,1,5,0,47,7,0,51,14,0,2,4,0
2025,R,doylb001,scoring,114,107,26,36,7,0,1,0,36,1,0,32,8,0,2,4,0
2025,R,dubom001,empty,215,201,47,72,10,0,5,0,5,13,0,27,0,1,0,0,0
2025,R,dubom001,loaded,7,7,2,2,0,0,0,0,4,0,0,1,0,0,0,0,0
2025,R,dubom001,menon,183,168,42,59,11,0,2,0,28,11,0,15,12,0,3,1,0
2025,R,dubom001,scoring,99,92,21,24,3,0,0,0,20,5,0,12,2,0,1,1,0
2025,R,dunnb001,empty,37,32,5,9,1,0,1,0,1,4,0,16,0,1,0,0,0
2025,R,dunnb001,loaded,4,2,1,2,1,0,0,0,4,1,0,0,0,1,0,0,0
2025,R,dunnb001,menon,38,28,4,5,1,0,0,0,6,4,0,9,1,6,0,0,0
2025,R,dunnb001,scoring,24,17,3,4,1,0,0,0,6,4,0,5,0,3,0,0,0
2025,R,dunno001,empty,23,22,4,5,1,0,0,0,0,1,0,6,0,0,0,0,0
2025,R,dunno001,loaded,2,2,1,2,1,0,0,0,2,0,0,1,0,0,0,0,0
2025,R,dunno001,menon,18,14,2,3,1,0,0,0,6,1,0,5,0,0,2,1,0
2025,R,dunno001,scoring,12,9,2,3,1,0,0,0,6,0,0,3,0,0,2,1,0
2025,R,durae002,empty,120,115,25,33,8,0,0,0,0,5,0,40,0,0,0,0,0
2025,R,durae002,loaded,5,4,2,2,0,0,0,0,4,0,0,1,0,0,0,1,0
2025,R,durae002,menon,99,90,21,27,6,0,0,0,14,3,0,15,3,4,1,1,0
2025,R,durae002,scoring,52,47,8,11,3,0,0,0,13,3,0,8,2,1,0,1,0
2025,F,duraj001,empty,7,7,1,1,0,0,0,0,0,0,0,2,0,0,0,0,0
2025,R,duraj001,empty,427,386,87,152,27,7,8,0,8,33,0,108,0,8,0,0,0
2025,R,duraj001,loaded,15,11,1,1,0,0,0,0,6,2,0,4,1,0,0,2,0
2025,F,duraj001,menon,5,4,0,0,0,0,0,0,0,0,0,2,0,1,0,0,0
2025,R,duraj001,menon,269,234,72,122,14,6,8,0,76,27,1,61,6,4,1,3,0
2025,F,duraj001,scoring,3,2,0,0,0,0,0,0,0,0,0,2,0,1,0,0,0
2025,R,duraj001,scoring,171,147,46,72,8,3,4,0,63,17,1,43,2,3,1,3,0
2025,D,durbc002,empty,8,7,1,1,0,0,0,0,0,0,0,2,0,1,0,0,0
2025,L,durbc002,empty,11,10,4,8,2,1,0,0,0,1,0,3,0,0,0,0,0
2025,R,durbc002,empty,268,241,56,94,17,0,7,0,7,14,0,29,0,13,0,0,0
2025,D,durbc002,loaded,1,1,1,1,0,0,0,0,2,0,0,0,0,0,0,0,0
2025,R,durbc002,loaded,12,8,2,2,0,0,0,0,9,0,0,0,0,2,0,2,0
2025,D,durbc002,menon,11,9,3,3,0,0,0,0,2,2,0,1,1,0,0,0,0
2025,L,durbc002,menon,3,3,0,0,0,0,0,0,0,0,0,2,0,0,0,0,0
2025,R,durbc002,menon,238,204,58,78,8,0,4,0,46,16,0,21,10,11,3,4,0
2025,D,durbc002,scoring,5,3,1,1,0,0,0,0,2,2,0,1,0,0,0,0,0
2025,R,durbc002,scoring,142,120,31,44,7,0,2,0,41,10,0,13,4,8,0,4,0
2025,F,eaton001,empty,4,3,1,1,0,0,0,0,0,1,0,1,0,0,0,0,0
2025,R,eaton001,empty,60,57,20,26,3,0,1,0,1,2,0,16,0,1,0,0,0
2025,F,eaton001,menon,2,2,1,2,1,0,0,0,0,0,0,0,1,0,0,0,0
2025,R,eaton001,menon,30,24,4,5,1,0,0,0,3,4,0,3,1,0,1,1,0
2025,R,eaton001,scoring,18,14,2,3,1,0,0,0,3,2,0,2,0,0,1,1,0
2025,D,edmat001,empty,10,10,2,5,0,0,1,0,1,0,0,2,0,0,0,0,0
2025,F,edmat001,empty,2,2,1,4,0,0,1,0,1,0,0,1,0,0,0,0,0
2025,L,edmat001,empty,6,6,1,2,1,0,0,0,0,0,0,2,0,0,0,0,0
2025,R,edmat001,empty,214,202,42,72,6,0,8,0,8,11,0,40,0,1,0,0,0
2025,W,edmat001,empty,19,17,2,4,2,0,0,0,0,2,0,5,0,0,0,0,0
2025,R,edmat001,loaded,10,7,1,1,0,0,0,0,4,0,0,1,1,0,0,3,0
2025,D,edmat001,menon,7,7,2,2,0,0,0,0,1,0,0,1,0,0,0,0,0
2025,F,edmat001,menon,1,1,0,0,0,0,0,0,0,0,0,1,0,0,0,0,0
2025,L,edmat001,menon,10,9,4,4,0,0,0,0,3,1,0,5,0,0,0,0,0
2025,R,edmat001,menon,163,144,36,60,7,1,5,0,41,8,0,21,4,5,1,5,0
2025,W,edmat001,menon,12,11,2,2,0,0,0,0,2,0,0,1,1,0,0,1,0
2025,D,edmat001,scoring,4,4,1,1,0,0,0,0,1,0,0,1,0,0,0,0,0
2025,F,edmat001,scoring,1,1,0,0,0,0,0,0,0,0,0,1,0,0,0,0,0
2025,L,edmat001,scoring,8,8,4,4,0,0,0,0,3,0,0,4,0,0,0,0,0
2025,R,edmat001,scoring,87,76,23,39,5,1,3,0,36,5,0,8,2,1,0,5,0
2025,W,edmat001,scoring,8,7,1,1,0,0,0,0,2,0,0,1,0,0,0,1,0
2025,R,edwax001,empty,408,377,104,130,15,4,1,0,1,28,0,62,0,3,0,0,0
2025,R,edwax001,loaded,10,9,3,3,0,0,0,0,6,1,0,1,0,0,0,0,0
2025,R,edwax001,menon,211,184,55,68,5,1,2,0,42,21,2,26,6,0,3,3,0
2025,R,edwax001,scoring,124,104,37,49,4,1,2,0,42,17,2,13,3,0,0,3,0
2025,R,eldrb002,empty,20,16,2,3,1,0,0,0,0,3,0,9,0,1,0,0,0
2025,R,eldrb002,loaded,1,1,1,2,1,0,0,0,3,0,0,0,0,0,0,0,0
2025,R,eldrb002,menon,17,12,1,2,1,0,0,0,4,4,0,4,0,0,0,1,0
2025,R,eldrb002,scoring,11,6,1,2,1,0,0,0,4,4,0,1,0,0,0,1,0
2025,R,elkot001,empty,38,34,5,12,1,0,2,0,2,4,0,13,0,0,0,0,0
2025,R,elkot001,loaded,3,3,0,0,0,0,0,0,0,0,0,2,0,0,0,0,0
2025,R,elkot001,menon,34,33,4,10,0,0,2,0,6,1,0,17,1,0,0,0,0
2025,R,elkot001,scoring,20,19,4,10,0,0,2,0,6,1,0,9,0,0,0,0,0
2025,R,encac001,empty,81,78,15,28,1,0,4,0,4,3,0,21,0,0,0,0,0
2025,R,encac001,loaded,5,5,2,6,1,0,1,1,7,0,0,1,0,0,0,0,0
2025,R,encac001,menon,56,52,12,21,3,0,2,1,15,0,0,11,1,2,0,2,0
2025,R,encac001,scoring,36,33,8,17,3,0,2,1,15,0,0,7,1,1,0,2,0
2025,R,encaj002,empty,33,32,8,15,1,0,2,0,2,1,0,10,0,0,0,0,0
2025,R,encaj002,loaded,1,1,0,0,0,0,0,0,1,0,0,0,0,0,0,0,0
2025,R,encaj002,menon,23,23,3,5,2,0,0,0,5,0,0,5,3,0,0,0,0
2025,R,encaj002,scoring,15,15,3,5,2,0,0,0,5,0,0,2,2,0,0,0,0
2025,R,englt001,empty,16,16,1,2,1,0,0,0,0,0,0,5,0,0,0,0,0
2025,R,englt001,menon,7,6,1,1,0,0,0,0,1,1,0,3,0,0,0,0,0
2025,R,englt001,scoring,5,4,0,0,0,0,0,0,1,1,0,2,0,0,0,0,0
2025,R,escaj001,empty,56,50,9,17,2,0,2,0,2,5,0,10,0,1,0,0,0
2025,R,escaj001,loaded,2,1,0,0,0,0,0,0,1,0,0,0,1,0,0,1,0
2025,R,escaj001,menon,42,34,8,11,3,0,0,0,9,6,0,4,1,0,0,2,0
2025,R,escaj001,scoring,27,22,6,8,2,0,0,0,9,3,0,2,1,0,0,2,0
2025,R,espis001,empty,185,168,35,44,9,0,0,0,0,16,0,18,0,1,0,0,0
2025,R,espis001,loaded,7,7,1,1,0,0,0,0,1,0,0,0,1,0,0,0,0
2025,R,espis001,menon,143,133,38,41,3,0,0,0,16,5,0,20,11,0,3,2,0
2025,R,espis001,scoring,76,69,15,17,2,0,0,0,15,3,0,12,3,0,2,2,0
2025,R,estrt001,empty,92,89,20,27,4,0,1,0,1,2,0,20,0,1,0,0,0
2025,R,estrt001,loaded,4,4,0,0,0,0,0,0,0,0,0,0,1,0,0,0,0
2025,R,estrt001,menon,73,65,19,30,5,0,2,0,20,4,0,6,6,1,0,3,0
2025,R,estrt001,scoring,47,40,11,16,2,0,1,0,18,3,0,4,4,1,0,3,0
2025,R,fairs001,empty,29,28,6,9,1,1,0,0,0,1,0,10,0,0,0,0,0
2025,R,fairs001,loaded,2,1,0,0,0,0,0,0,1,1,0,1,0,0,0,0,0
2025,R,fairs001,menon,26,23,5,8,3,0,0,0,2,3,0,5,2,0,0,0,0
2025,R,fairs001,scoring,10,8,1,2,1,0,0,0,2,2,0,2,0,0,0,0,0
2025,R,farmk001,empty,180,164,36,57,9,0,4,0,4,13,0,37,0,3,0,0,0
2025,R,farmk001,loaded,3,3,0,0,0,0,0,0,0,0,0,1,1,0,0,0,0
2025,R,farmk001,menon,120,113,27,44,5,0,4,0,27,4,0,29,9,1,0,2,0
2025,R,farmk001,scoring,59,52,14,19,2,0,1,0,18,4,0,12,4,1,0,2,0
2025,R,feduh001,empty,51,44,4,5,1,0,0,0,0,7,0,13,0,0,0,0,0
2025,R,feduh001,loaded,3,3,1,1,0,0,0,0,2,0,0,1,0,0,0,0,0
2025,R,feduh001,menon,54,44,9,13,4,0,0,0,8,8,0,16,0,0,0,2,0
2025,R,feduh001,scoring,33,26,4,6,2,0,0,0,8,5,0,10,0,0,0,2,0
2025,F,fermf002,empty,8,8,3,4,1,0,0,0,0,0,0,1,0,0,0,0,0
2025,R,fermf002,empty,203,187,47,64,8,0,3,0,3,14,0,44,0,2,0,0,0
2025,R,fermf002,loaded,8,8,3,4,1,0,0,0,5,0,0,3,1,0,0,0,0
2025,F,fermf002,menon,3,3,1,2,1,0,0,0,0,0,0,0,0,0,0,0,0
2025,R,fermf002,menon,144,132,33,44,5,0,2,0,23,5,1,21,5,0,7,0,0
2025,F,fermf002,scoring,2,2,0,0,0,0,0,0,0,0,0,0,0,0,0,0,0
2025,R,fermf002,scoring,90,81,20,23,3,0,0,0,19,4,1,14,1,0,5,0,0
2025,R,fermj001,empty,44,39,10,13,3,0,0,0,0,4,0,6,0,1,0,0,0
2025,R,fermj001,loaded,2,1,0,0,0,0,0,0,1,1,0,1,0,0,0,0,0
2025,R,fermj001,menon,26,21,7,12,2,0,1,0,9,4,0,4,0,0,1,0,0
2025,R,fermj001,scoring,18,13,5,7,2,0,0,0,7,4,0,1,0,0,1,0,0
2025,R,ferny001,empty,89,84,21,30,3,0,2,0,2,5,0,24,0,0,0,0,0
2025,R,ferny001,menon,58,54,10,18,2,0,2,0,9,3,0,20,4,0,0,1,0
2025,R,ferny001,scoring,30,28,1,2,1,0,0,0,4,1,0,13,1,0,0,1,0
2025,R,fitzr001,empty,32,26,3,6,0,0,1,0,1,6,0,6,0,0,0,0,0
2025,R,fitzr001,menon,21,20,6,15,0,0,3,0,8,1,0,2,0,0,0,0,0
2025,R,fitzr001,scoring,13,12,3,3,0,0,0,0,2,1,0,1,0,0,0,0,0
2025,R,fitzt001,empty,141,130,31,49,7,1,3,0,3,10,0,42,0,1,0,0,0
2025,R,fitzt001,loaded,3,3,0,0,0,0,0,0,0,0,0,0,0,0,0,0,0
2025,R,fitzt001,menon,102,87,16,22,3,0,1,0,11,7,0,28,3,1,6,1,0
2025,R,fitzt001,scoring,63,53,10,15,2,0,1,0,11,4,0,16,1,0,5,1,0
2025,R,fletd003,empty,28,26,6,11,5,0,0,0,0,2,0,2,0,0,0,0,0
2025,R,fletd003,menon,6,6,1,4,0,0,1,0,2,0,0,0,1,0,0,0,0
2025,R,fletd003,scoring,4,4,0,0,0,0,0,0,0,0,0,0,0,0,0,0,0
2025,R,florr004,empty,10,9,3,5,2,0,0,0,0,1,0,3,0,0,0,0,0
2025,R,florr004,menon,7,6,0,0,0,0,0,0,0,1,0,4,0,0,0,0,0
2025,R,florr004,scoring,5,4,0,0,0,0,0,0,0,1,0,3,0,0,0,0,0
2025,R,florw001,empty,243,220,47,73,5,0,7,0,7,19,0,48,0,4,0,0,0
2025,R,florw001,loaded,13,8,4,7,0,0,1,1,16,3,0,0,0,0,0,2,0
2025,R,florw001,menon,220,199,54,86,5,0,9,1,64,15,0,40,14,3,0,3,0
2025,R,florw001,scoring,124,108,36,59,2,0,7,1,58,12,0,23,3,1,0,3,0
2025,L,fordh001,empty,1,1,1,1,0,0,0,0,0,0,0,0,0,0,0,0,0
2025,R,fordh001,empty,3,3,0,0,0,0,0,0,0,0,0,1,0,0,0,0,0
2025,R,fordh001,loaded,1,0,0,0,0,0,0,0,1,0,0,0,0,0,0,1,0
2025,R,fordh001,menon,5,3,1,1,0,0,0,0,1,0,0,2,0,1,0,1,0
2025,R,fordh001,scoring,3,2,0,0,0,0,0,0,1,0,0,2,0,0,0,1,0
2025,R,fortn001,empty,140,128,28,45,6,1,3,0,3,8,0,32,0,4,0,0,0
2025,R,fortn001,loaded,3,2,0,0,0,0,0,0,1,0,0,0,0,0,0,1,0
2025,R,fortn001,menon,102,90,22,31,3,0,2,0,18,6,0,15,7,3,2,1,0
2025,R,fortn001,scoring,59,50,14,18,1,0,1,0,15,4,0,9,3,2,2,1,0
2025,R,foscj001,empty,8,8,0,0,0,0,0,0,0,0,0,3,0,0,0,0,0
2025,R,foscj001,loaded,0,0,0,0,0,0,0,0,0,0,0,0,0,0,0,0,0
2025,R,foscj001,menon,1,1,1,2,1,0,0,0,2,0,0,0,0,0,0,0,0
2025,R,foscj001,scoring,1,1,1,2,1,0,0,0,2,0,0,0,0,0,0,0,0
2025,R,fralj001,empty,128,113,24,39,6,0,3,0,3,14,0,29,0,1,0,0,0
2025,R,fralj001,loaded,4,4,2,5,0,0,1,1,6,0,0,1,1,0,0,0,0
2025,R,fralj001,menon,89,78,22,34,3,0,3,1,20,11,1,20,1,0,0,0,0
2025,R,fralj001,scoring,53,44,11,15,1,0,1,1,15,9,1,12,1,0,0,0,0
2025,R,frant002,empty,276,257,60,87,12,0,5,0,5,9,0,49,0,10,0,0,0
2025,W,frant002,empty,2,2,1,1,0,0,0,0,0,0,0,1,0,0,0,0,0
2025,R,frant002,loaded,11,10,2,3,1,0,0,0,5,0,0,1,1,1,0,0,0
2025,R,frant002,menon,214,187,54,73,13,0,2,0,47,13,1,34,11,11,0,3,0
2025,W,frant002,menon,2,2,0,0,0,0,0,0,1,0,0,0,0,0,0,0,0
2025,R,frant002,scoring,123,111,33,42,9,0,0,0,41,6,1,17,3,3,0,3,0
2025,W,frant002,scoring,2,2,0,0,0,0,0,0,1,0,0,0,0,0,0,0,0
2025,R,fraza001,empty,285,263,60,78,9,0,3,0,3,19,0,56,0,3,0,0,0
2025,R,fraza001,loaded,12,9,2,2,0,0,0,0,5,0,0,1,0,0,0,3,0
2025,R,fraza001,menon,174,156,52,75,11,0,4,0,41,7,2,25,8,5,1,5,0
2025,R,fraza001,scoring,105,88,28,39,8,0,1,0,35,7,2,13,2,4,1,5,0
2025,R,freea001,empty,56,49,9,17,0,1,2,0,2,6,0,22,0,1,0,0,0
2025,R,freea001,loaded,3,3,0,0,0,0,0,0,0,0,0,2,1,0,0,0,0
2025,R,freea001,menon,41,35,7,9,2,0,0,0,4,5,0,13,3,0,1,0,0
2025,R,freea001,scoring,23,19,4,6,2,0,0,0,4,3,0,8,2,0,1,0,0
2025,R,freec003,empty,73,70,10,15,2,0,1,0,1,3,0,13,0,0,0,0,0
2025,R,freec003,loaded,2,2,2,2,0,0,0,0,4,0,0,0,0,0,0,0,0
2025,R,freec003,menon,48,44,16,24,2,0,2,0,14,2,0,6,3,0,1,1,0
2025,R,freec003,scoring,29,26,8,9,1,0,0,0,10,1,0,4,1,0,1,1,0
2025,D,freef001,empty,13,12,2,2,0,0,0,0,0,1,0,5,0,0,0,0,0
2025,F,freef001,empty,3,2,0,0,0,0,0,0,0,1,0,0,0,0,0,0,0
2025,L,freef001,empty,7,7,2,6,1,0,1,0,1,0,0,2,0,0,0,0,0
2025,R,freef001,empty,336,315,85,142,16,1,13,0,13,19,0,72,0,2,0,0,0
2025,W,freef001,empty,18,15,4,8,1,0,1,0,1,2,0,3,0,1,0,0,0
2025,L,freef001,loaded,1,1,0,0,0,0,0,0,0,0,0,0,0,0,0,0,0
2025,R,freef001,loaded,15,12,3,6,1,1,0,0,10,3,0,6,0,0,0,0,0
2025,W,freef001,loaded,1,1,0,0,0,0,0,0,0,0,0,0,0,0,0,0,0
2025,D,freef001,menon,4,3,1,2,1,0,0,0,0,0,0,0,0,1,0,0,0
2025,F,freef001,menon,7,6,2,3,1,0,0,0,0,1,1,1,0,0,0,0,0
2025,L,freef001,menon,11,9,2,3,1,0,0,0,0,2,0,3,0,0,0,0,0
2025,R,freef001,menon,291,241,79,137,23,1,11,0,77,41,7,56,13,4,0,5,0
2025,W,freef001,menon,17,14,2,2,0,0,0,0,1,3,1,2,1,0,0,0,0
2025,D,freef001,scoring,3,2,0,0,0,0,0,0,0,0,0,0,0,1,0,0,0
2025,F,freef001,scoring,3,2,0,0,0,0,0,0,0,1,1,1,0,0,0,0,0
2025,L,freef001,scoring,4,3,0,0,0,0,0,0,0,1,0,2,0,0,0,0,0
2025,R,freef001,scoring,161,124,40,66,12,1,4,0,58,29,7,34,5,3,0,5,0
2025,W,freef001,scoring,10,8,2,2,0,0,0,0,1,2,1,0,0,0,0,0,0
2025,R,freet001,empty,270,243,68,85,13,2,0,0,0,19,0,41,0,8,0,0,0
2025,R,freet001,loaded,4,4,0,0,0,0,0,0,0,0,0,2,1,0,0,0,0
2025,R,freet001,menon,158,134,38,51,7,0,2,0,31,15,0,10,10,3,2,4,0
2025,R,freet001,scoring,88,76,23,31,5,0,1,0,28,5,0,6,5,2,1,4,0
2025,D,frels001,empty,13,11,4,5,1,0,0,0,0,2,0,2,0,0,0,0,0
2025,L,frels001,empty,10,10,1,1,0,0,0,0,0,0,0,2,0,0,0,0,0
2025,R,frels001,empty,347,312,90,137,11,3,10,0,10,30,0,57,0,5,0,0,0
2025,D,frels001,loaded,2,1,0,0,0,0,0,0,1,0,0,0,0,0,0,1,0
2025,R,frels001,loaded,19,15,2,2,0,0,0,0,7,1,0,4,0,1,0,2,0
2025,D,frels001,menon,7,6,0,0,0,0,0,0,1,0,0,0,0,0,0,1,0
2025,L,frels001,menon,4,4,0,0,0,0,0,0,0,0,0,1,1,0,0,0,0
2025,R,frels001,menon,247,216,62,77,9,0,2,0,53,17,0,23,4,2,3,5,4
2025,D,frels001,scoring,6,5,0,0,0,0,0,0,1,0,0,0,0,0,0,1,0
2025,L,frels001,scoring,1,1,0,0,0,0,0,0,0,0,0,0,1,0,0,0,0
2025,R,frels001,scoring,143,123,36,46,4,0,2,0,51,11,0,14,0,1,0,5,3
2025,F,friet001,empty,6,6,1,1,0,0,0,0,0,0,0,2,0,0,0,0,0
2025,R,friet001,empty,455,392,97,145,13,1,11,0,11,54,0,79,0,9,0,0,0
2025,F,friet001,loaded,1,1,0,0,0,0,0,0,0,0,0,1,0,0,0,0,0
2025,R,friet001,loaded,17,13,5,5,0,0,0,0,12,1,0,2,1,1,0,2,0
2025,F,friet001,menon,4,2,0,0,0,0,0,0,0,2,0,1,0,0,0,0,0
2025,R,friet001,menon,230,187,54,74,9,1,3,0,42,27,0,36,7,7,4,5,0
2025,F,friet001,scoring,2,1,0,0,0,0,0,0,0,1,0,1,0,0,0,0,0
2025,R,friet001,scoring,141,112,29,37,5,0,1,0,37,17,0,21,3,5,2,5,0
2025,R,fry-d001,empty,80,75,10,26,1,0,5,0,5,4,0,29,0,1,0,0,0
2025,R,fry-d001,loaded,6,6,2,4,2,0,0,0,5,0,0,1,1,0,0,0,0
2025,R,fry-d001,menon,77,71,15,27,3,0,3,0,18,5,0,29,3,1,0,0,0
2025,R,fry-d001,scoring,55,49,12,18,3,0,1,0,14,5,0,18,2,1,0,0,0
2025,R,fulfb001,empty,72,69,12,17,2,0,1,0,1,2,0,27,0,1,0,0,0
2025,R,fulfb001,loaded,3,2,1,3,0,1,0,0,4,1,0,0,0,0,0,0,0
2025,R,fulfb001,menon,48,39,11,18,3,2,0,0,15,5,0,9,1,1,0,3,0
2025,R,fulfb001,scoring,27,19,4,7,1,1,0,0,12,5,0,3,0,0,0,3,0
2025,R,garca005,empty,290,271,68,119,18,0,11,0,11,17,0,69,0,2,0,0,0
2025,R,garca005,loaded,10,9,5,7,2,0,0,0,11,0,0,0,0,0,0,1,0
2025,R,garca005,menon,257,236,47,81,10,0,8,0,64,11,1,66,9,3,0,7,0
2025,R,garca005,scoring,157,143,35,58,8,0,5,0,58,5,1,40,2,2,0,7,0
2025,R,garca006,empty,2,2,0,0,0,0,0,0,0,0,0,1,0,0,0,0,0
2025,R,garca006,menon,2,2,0,0,0,0,0,0,0,0,0,2,0,0,0,0,0
2025,R,garca006,scoring,1,1,0,0,0,0,0,0,0,0,0,1,0,0,0,0,0
2025,R,garcj007,empty,19,18,3,6,0,0,1,0,1,1,0,5,0,0,0,0,0
2025,R,garcj007,loaded,1,1,1,2,1,0,0,0,2,0,0,0,0,0,0,0,0
2025,R,garcj007,menon,12,11,1,2,1,0,0,0,2,0,0,4,0,1,0,0,0
2025,R,garcj007,scoring,9,9,1,2,1,0,0,0,2,0,0,3,0,0,0,0,0
2025,R,garcj008,empty,8,6,1,2,1,0,0,0,0,2,0,4,0,0,0,0,0
2025,R,garcj008,menon,1,1,0,0,0,0,0,0,0,0,0,1,0,0,0,0,0
2025,R,garcj008,scoring,1,1,0,0,0,0,0,0,0,0,0,1,0,0,0,0,0
2025,R,garcl006,empty,304,291,67,118,18,0,11,0,11,13,0,52,0,0,0,0,0
2025,R,garcl006,loaded,13,10,4,6,2,0,0,0,11,1,0,2,0,0,0,2,0
2025,R,garcl006,menon,222,197,56,83,10,1,5,0,55,14,1,32,7,2,0,9,0
2025,R,garcl006,scoring,137,115,34,53,7,0,4,0,52,11,1,19,4,2,0,9,0
2025,R,garcm003,empty,382,350,108,174,27,3,11,0,11,32,0,41,0,0,0,0,0
2025,R,garcm003,loaded,13,10,4,4,0,0,0,0,10,1,0,2,0,0,0,2,0
2025,R,garcm003,menon,284,245,62,93,12,2,5,0,63,30,0,43,14,1,3,5,0
2025,R,garcm003,scoring,179,154,42,59,7,2,2,0,55,18,0,22,6,0,2,5,0
2025,D,garvm001,empty,5,5,1,1,0,0,0,0,0,0,0,2,0,0,0,0,0
2025,L,garvm001,empty,1,1,1,3,0,1,0,0,0,0,0,0,0,0,0,0,0
2025,R,garvm001,empty,151,137,31,49,3,0,5,0,5,13,0,46,0,1,0,0,0
2025,R,garvm001,loaded,9,8,0,0,0,0,0,0,1,0,0,2,0,0,0,1,0
2025,D,garvm001,menon,2,0,0,0,0,0,0,0,1,1,0,0,0,0,0,1,0
2025,L,garvm001,menon,1,1,0,0,0,0,0,0,0,0,0,0,0,0,0,0,0
2025,R,garvm001,menon,139,117,22,38,2,1,4,0,25,17,1,34,6,2,0,3,0
2025,D,garvm001,scoring,2,0,0,0,0,0,0,0,1,1,0,0,0,0,0,1,0
2025,L,garvm001,scoring,1,1,0,0,0,0,0,0,0,0,0,0,0,0,0,0,0
2025,R,garvm001,scoring,91,75,16,29,2,1,3,0,23,11,1,21,3,2,0,3,0
2025,R,gaspm001,empty,59,49,7,13,0,0,2,0,2,8,0,11,0,2,0,0,0
2025,R,gaspm001,loaded,2,1,0,0,0,0,0,0,2,0,0,0,0,0,0,1,0
2025,R,gaspm001,menon,51,46,8,9,1,0,0,0,9,2,0,9,1,1,1,1,0
2025,R,gaspm001,scoring,31,28,5,6,1,0,0,0,9,1,0,6,0,0,1,1,0
2025,R,geloz001,empty,58,53,6,10,1,0,1,0,1,5,0,28,0,0,0,0,0
2025,R,geloz001,loaded,2,2,1,1,0,0,0,0,1,0,0,1,0,0,0,0,0
2025,R,geloz001,menon,43,39,10,15,2,0,1,0,6,2,0,18,0,0,1,1,0
2025,R,geloz001,scoring,23,20,3,4,1,0,0,0,4,1,0,9,0,0,1,1,0
2025,R,gilbd001,empty,58,55,7,13,0,0,2,0,2,3,0,13,0,0,0,0,0
2025,R,gilbd001,loaded,2,1,0,0,0,0,0,0,1,1,0,0,0,0,0,0,0
2025,R,gilbd001,menon,51,45,12,22,5,1,1,0,11,4,0,7,2,1,0,1,0
2025,R,gilbd001,scoring,25,21,7,15,3,1,1,0,10,3,0,6,0,0,0,1,0
2025,D,gimea001,empty,7,7,1,1,0,0,0,0,0,0,0,1,0,0,0,0,0
2025,L,gimea001,empty,15,13,3,3,0,0,0,0,0,2,0,2,0,0,0,0,0
2025,R,gimea001,empty,206,185,37,53,7,0,3,0,3,14,0,40,0,7,0,0,0
2025,W,gimea001,empty,12,11,0,0,0,0,0,0,0,0,0,6,0,1,0,0,0
2025,R,gimea001,loaded,5,3,1,1,0,0,0,0,4,1,0,0,0,1,0,0,0
2025,W,gimea001,loaded,2,2,1,1,0,0,0,0,1,0,0,1,0,0,0,0,0
2025,D,gimea001,menon,9,8,3,4,1,0,0,0,2,0,0,0,0,1,0,0,0
2025,L,gimea001,menon,12,10,3,9,0,0,2,0,6,0,0,2,0,0,2,0,0
2025,R,gimea001,menon,163,144,32,50,4,1,4,0,32,11,0,26,8,4,1,3,0
2025,W,gimea001,menon,20,16,4,5,1,0,0,0,4,2,1,5,0,1,0,1,0
2025,D,gimea001,scoring,4,4,2,3,1,0,0,0,2,0,0,0,0,0,0,0,0
2025,L,gimea001,scoring,9,8,3,9,0,0,2,0,6,0,0,1,0,0,1,0,0
2025,R,gimea001,scoring,87,75,19,26,1,0,2,0,27,5,0,18,2,3,1,3,0
2025,W,gimea001,scoring,11,8,3,4,1,0,0,0,4,2,1,2,0,0,0,1,0
2025,D,goldp001,empty,5,3,0,0,0,0,0,0,0,1,0,0,0,1,0,0,0
2025,F,goldp001,empty,5,5,3,3,0,0,0,0,0,0,0,1,0,0,0,0,0
2025,R,goldp001,empty,311,291,83,128,18,0,9,0,9,18,0,53,0,1,0,0,1
2025,R,goldp001,loaded,10,10,2,2,0,0,0,0,2,0,0,3,2,0,0,0,0
2025,D,goldp001,menon,1,1,1,1,0,0,0,0,0,0,0,0,0,0,0,0,0
2025,R,goldp001,menon,223,198,51,69,13,1,1,0,36,18,5,47,8,3,0,2,2
2025,R,goldp001,scoring,127,109,34,43,6,0,1,0,34,14,5,27,3,1,0,2,1
2025,R,gonzn001,empty,232,219,55,75,7,2,3,0,3,12,0,52,0,1,0,0,0
2025,R,gonzn001,loaded,9,7,1,1,0,0,0,0,4,0,0,0,1,0,0,2,0
2025,R,gonzn001,menon,176,162,44,63,11,1,2,0,27,9,0,21,12,1,0,4,0
2025,R,gonzn001,scoring,97,87,20,28,3,1,1,0,23,5,0,10,5,1,0,4,0
2025,R,gonzo001,empty,31,30,5,5,0,0,0,0,0,1,0,6,0,0,0,0,0
2025,R,gonzo001,loaded,2,2,0,0,0,0,0,0,0,0,0,2,0,0,0,0,0
2025,R,gonzo001,menon,30,29,8,9,1,0,0,0,4,1,0,7,1,0,0,0,0
2025,R,gonzo001,scoring,16,15,4,4,0,0,0,0,4,1,0,4,0,0,0,0,0
2025,F,gonzr003,empty,6,6,0,0,0,0,0,0,0,0,0,3,0,0,0,0,0
2025,R,gonzr003,empty,179,166,45,71,10,2,4,0,4,11,0,40,0,2,0,0,0
2025,R,gonzr003,loaded,10,10,3,7,1,0,1,1,9,0,0,2,1,0,0,0,0
2025,F,gonzr003,menon,3,3,1,1,0,0,0,0,0,0,0,0,0,0,0,0,0
2025,R,gonzr003,menon,162,149,51,81,13,1,5,1,49,7,1,41,8,1,0,5,0
2025,R,gonzr003,scoring,105,92,29,48,10,0,3,1,42,7,1,27,4,1,0,5,0
2025,R,goodh001,empty,325,310,82,149,15,2,16,0,16,13,0,95,0,2,0,0,0
2025,R,goodh001,loaded,7,6,2,2,0,0,0,0,4,1,0,2,1,0,0,0,0
2025,R,goodh001,menon,254,230,68,132,13,3,15,0,75,20,0,57,16,2,0,2,0
2025,R,goodh001,scoring,145,129,38,66,4,3,6,0,53,13,0,32,5,1,0,2,0
2025,R,gormn001,empty,231,202,38,60,8,1,4,0,4,29,0,85,0,0,0,0,0
2025,R,gormn001,loaded,10,7,2,3,1,0,0,0,7,2,0,2,0,0,0,1,0
2025,R,gormn001,menon,171,149,34,70,6,0,10,0,42,18,2,51,1,0,0,4,0
2025,R,gormn001,scoring,112,97,16,33,2,0,5,0,30,11,2,40,0,0,0,4,0
2025,R,gorsm001,empty,19,19,3,8,0,1,1,0,1,0,0,7,0,0,0,0,0
2025,R,gorsm001,loaded,1,1,0,0,0,0,0,0,0,0,0,0,0,0,0,0,0
2025,R,gorsm001,menon,23,22,5,8,0,0,1,0,3,1,0,9,1,0,0,0,0
2025,R,gorsm001,scoring,15,14,3,6,0,0,1,0,3,1,0,7,0,0,0,0,0
2025,R,grayt001,empty,52,49,10,15,2,0,1,0,1,3,0,12,0,0,0,0,0
2025,R,grayt001,loaded,2,1,0,0,0,0,0,0,1,0,0,0,0,0,0,1,0
2025,R,grayt001,menon,34,29,8,17,3,0,2,0,8,3,0,7,0,0,1,1,0
2025,R,grayt001,scoring,21,18,4,5,1,0,0,0,4,1,0,3,0,0,1,1,0
2025,D,greer003,empty,16,16,3,6,0,0,1,0,1,0,0,4,0,0,0,0,0
2025,F,greer003,empty,7,7,3,5,2,0,0,0,0,0,0,1,0,0,0,0,0
2025,R,greer003,empty,349,318,80,148,17,0,17,0,17,27,0,113,0,4,0,0,0
2025,R,greer003,loaded,17,16,5,10,2,0,1,1,15,0,0,7,1,0,0,1,0
2025,D,greer003,menon,7,6,0,0,0,0,0,0,0,1,1,2,0,0,0,0,0
2025,F,greer003,menon,5,4,1,1,0,0,0,0,1,1,0,2,0,0,0,0,0
2025,R,greer003,menon,306,282,75,148,14,1,19,1,94,19,1,88,14,0,0,5,0
2025,D,greer003,scoring,3,2,0,0,0,0,0,0,0,1,1,1,0,0,0,0,0
2025,F,greer003,scoring,3,3,1,1,0,0,0,0,1,0,0,1,0,0,0,0,0
2025,R,greer003,scoring,172,156,38,76,6,1,10,1,74,11,1,45,4,0,0,5,0
2025,R,gricr001,empty,168,158,37,67,10,1,6,0,6,9,0,34,0,1,0,0,0
2025,R,gricr001,loaded,2,1,0,0,0,0,0,0,1,0,0,0,1,0,0,1,0
2025,R,gricr001,menon,125,114,25,42,8,0,3,0,21,8,1,27,6,0,0,3,0
2025,R,gricr001,scoring,67,60,10,16,3,0,1,0,14,4,1,15,2,0,0,3,0
2025,D,grist001,empty,13,13,1,2,1,0,0,0,0,0,0,5,0,0,0,0,0
2025,F,grist001,empty,8,7,2,3,1,0,0,0,0,1,0,4,0,0,0,0,0
2025,R,grist001,empty,367,317,72,137,6,1,19,0,19,47,0,90,0,3,0,0,0
2025,F,grist001,loaded,2,2,0,0,0,0,0,0,0,0,0,1,0,0,0,0,0
2025,R,grist001,loaded,10,7,4,13,0,0,3,3,17,2,0,1,0,0,0,1,0
2025,D,grist001,menon,6,4,1,1,0,0,0,0,0,2,0,0,0,0,0,0,0
2025,F,grist001,menon,5,5,0,0,0,0,0,0,0,0,0,1,0,0,0,0,0
2025,R,grist001,menon,214,177,44,92,3,0,15,3,55,35,0,47,7,1,0,1,0
2025,D,grist001,scoring,5,3,1,1,0,0,0,0,0,2,0,0,0,0,0,0,0
2025,F,grist001,scoring,4,4,0,0,0,0,0,0,0,0,0,1,0,0,0,0,0
2025,R,grist001,scoring,130,101,21,49,1,0,9,3,42,28,0,27,2,0,0,1,0
2025,D,guerv002,empty,9,9,3,6,0,0,1,0,1,0,0,0,0,0,0,0,0
2025,L,guerv002,empty,15,13,6,17,2,0,3,0,3,1,0,1,0,1,0,0,0
2025,R,guerv002,empty,373,333,101,170,15,0,18,0,18,38,0,57,0,2,0,0,0
2025,W,guerv002,empty,23,19,8,13,2,0,1,0,1,4,0,2,0,0,0,0,0
2025,D,guerv002,loaded,1,1,1,4,0,0,1,1,4,0,0,0,0,0,0,0,0
2025,L,guerv002,loaded,1,1,0,0,0,0,0,0,0,0,0,0,0,0,0,0,0
2025,R,guerv002,loaded,5,4,1,1,0,0,0,0,3,1,0,0,0,0,0,0,0
2025,D,guerv002,menon,11,8,6,12,0,0,2,1,8,2,1,1,0,0,0,1,0
2025,L,guerv002,menon,16,13,4,5,1,0,0,0,0,3,3,1,0,0,0,0,0
2025,R,guerv002,menon,307,256,71,105,19,0,5,0,66,43,8,37,17,4,0,4,0
2025,W,guerv002,menon,15,11,2,5,0,0,1,0,2,4,2,2,2,0,0,0,0
2025,D,guerv002,scoring,5,3,2,5,0,0,1,1,6,1,1,0,0,0,0,1,0
2025,L,guerv002,scoring,8,5,0,0,0,0,0,0,0,3,3,1,0,0,0,0,0
2025,R,guerv002,scoring,177,140,43,68,13,0,4,0,58,30,8,21,4,3,0,4,0
2025,W,guerv002,scoring,6,3,0,0,0,0,0,0,0,3,2,1,0,0,0,0,0
2025,R,guill001,empty,12,11,3,3,0,0,0,0,0,1,0,4,0,0,0,0,0
2025,R,guill001,menon,9,9,0,0,0,0,0,0,0,0,0,4,2,0,0,0,0
2025,R,guill001,scoring,4,4,0,0,0,0,0,0,0,0,0,2,1,0,0,0,0
2025,R,gurrl001,empty,275,256,58,89,14,1,5,0,5,16,0,43,0,3,0,0,0
2025,R,gurrl001,loaded,8,7,2,5,0,0,1,1,7,0,0,3,0,0,0,1,0
2025,R,gurrl001,menon,271,244,66,120,10,1,14,1,75,15,0,33,11,3,0,9,0
2025,R,gurrl001,scoring,157,138,35,59,4,1,6,1,59,9,0,19,5,1,0,9,0
2025,R,gurry001,empty,17,16,1,1,0,0,0,0,0,1,0,4,0,0,0,0,0
2025,R,gurry001,menon,23,20,3,4,1,0,0,0,3,3,0,4,0,0,0,0,0
2025,R,gurry001,scoring,16,14,2,2,0,0,0,0,2,2,0,4,0,0,0,0,0
2025,R,guzmd002,empty,26,25,4,10,0,0,2,0,2,1,0,14,0,0,0,0,0
2025,R,guzmd002,loaded,1,1,0,0,0,0,0,0,0,0,0,1,0,0,0,0,0
2025,R,guzmd002,menon,17,17,4,5,1,0,0,0,1,0,0,8,0,0,0,0,0
2025,R,guzmd002,scoring,10,10,2,3,1,0,0,0,1,0,0,6,0,0,0,0,0
2025,R,haase001,empty,49,44,9,16,1,0,2,0,2,4,0,22,0,1,0,0,0
2025,R,haase001,loaded,3,3,2,2,0,0,0,0,2,0,0,1,0,0,0,0,0
2025,R,haase001,menon,28,26,7,9,2,0,0,0,7,0,0,9,1,1,1,0,0
2025,R,haase001,scoring,22,21,7,9,2,0,0,0,7,0,0,6,0,0,1,0,0
2025,R,haggs001,empty,109,103,28,40,5,2,1,0,1,5,0,22,0,1,0,0,0
2025,R,haggs001,loaded,3,3,0,0,0,0,0,0,0,0,0,1,0,0,0,0,0
2025,R,haggs001,menon,73,59,13,20,2,1,1,0,12,11,1,15,1,1,1,0,1
2025,R,haggs001,scoring,45,37,9,14,0,1,1,0,11,7,1,9,0,0,1,0,0
2025,R,halpp001,empty,4,4,1,1,0,0,0,0,0,0,0,2,0,0,0,0,0
2025,R,halpp001,menon,4,2,1,1,0,0,0,0,0,2,0,0,0,0,0,0,0
2025,R,halpp001,scoring,1,0,0,0,0,0,0,0,0,1,0,0,0,0,0,0,0
2025,R,hamid002,empty,104,99,17,29,1,1,3,0,3,5,0,27,0,0,0,0,0
2025,R,hamid002,loaded,5,5,1,2,1,0,0,0,2,0,0,2,0,0,0,0,0
2025,R,hamid002,menon,90,78,18,30,3,0,3,0,16,8,0,20,3,1,3,0,0
2025,R,hamid002,scoring,53,44,11,17,3,0,1,0,12,5,0,15,2,1,3,0,0
2025,R,hampg001,empty,49,43,6,8,2,0,0,0,0,6,0,15,0,0,0,0,0
2025,R,hampg001,loaded,1,1,0,0,0,0,0,0,0,0,0,0,1,0,0,0,0
2025,R,hampg001,menon,42,34,5,5,0,0,0,0,1,5,0,14,2,0,3,0,0
2025,R,hampg001,scoring,20,18,2,2,0,0,0,0,1,2,0,8,1,0,0,0,0
2025,R,handm001,empty,26,23,1,1,0,0,0,0,0,2,0,10,0,1,0,0,0
2025,R,handm001,menon,21,18,2,2,0,0,0,0,3,0,0,8,0,0,2,1,0
2025,R,handm001,scoring,14,11,0,0,0,0,0,0,3,0,0,5,0,0,2,1,0
2025,D,happi001,empty,11,11,1,4,0,0,1,0,1,0,0,4,0,0,0,0,0
2025,F,happi001,empty,6,6,1,2,1,0,0,0,0,0,0,2,0,0,0,0,0
2025,R,happi001,empty,403,348,82,147,20,0,15,0,15,53,0,93,0,2,0,0,0
2025,D,happi001,loaded,1,1,0,0,0,0,0,0,0,0,0,0,0,0,0,0,0
2025,R,happi001,loaded,12,9,3,7,1,0,1,1,11,1,0,1,1,0,0,2,0
2025,D,happi001,menon,10,8,1,4,0,0,1,0,3,2,0,3,0,0,0,0,0
2025,F,happi001,menon,6,5,0,0,0,0,0,0,0,0,0,4,1,0,1,0,0
2025,R,happi001,menon,260,221,56,92,12,0,8,1,64,34,2,58,8,0,0,5,0
2025,D,happi001,scoring,7,5,1,4,0,0,1,0,3,2,0,2,0,0,0,0,0
2025,F,happi001,scoring,3,2,0,0,0,0,0,0,0,0,0,1,1,0,1,0,0
2025,R,happi001,scoring,170,144,39,65,8,0,6,1,58,21,2,35,3,0,0,5,0
2025,D,harpb003,empty,12,9,2,3,1,0,0,0,0,3,0,2,0,0,0,0,0
2025,R,harpb003,empty,314,274,70,135,17,0,16,0,16,36,0,66,0,4,0,0,0
2025,R,harpb003,loaded,15,15,5,7,2,0,0,0,8,0,0,3,0,0,0,0,0
2025,D,harpb003,menon,6,6,1,1,0,0,0,0,0,0,0,1,0,0,0,0,0
2025,R,harpb003,menon,266,227,61,109,15,0,11,0,59,34,6,55,5,2,0,3,0
2025,D,harpb003,scoring,4,4,0,0,0,0,0,0,0,0,0,1,0,0,0,0,0
2025,R,harpb003,scoring,143,116,27,47,11,0,3,0,41,22,6,31,0,2,0,3,0
2025,R,harrb002,empty,47,42,12,16,4,0,0,0,0,3,0,15,0,2,0,0,0
2025,R,harrb002,loaded,1,0,0,0,0,0,0,0,1,0,0,0,0,0,0,1,0
2025,R,harrb002,menon,37,31,8,9,1,0,0,0,5,4,0,6,1,0,1,1,0
2025,R,harrb002,scoring,23,18,5,6,1,0,0,0,5,3,0,3,0,0,1,1,0
2025,R,harrd003,empty,29,27,7,12,2,0,1,0,1,2,0,8,0,0,0,0,0
2025,R,harrd003,menon,14,13,1,2,1,0,0,0,1,1,0,5,1,0,0,0,0
2025,R,harrd003,scoring,8,8,1,2,1,0,0,0,1,0,0,3,0,0,0,0,0
2025,R,harrm004,empty,348,339,91,147,13,5,11,0,11,8,0,71,0,1,0,0,0
2025,R,harrm004,loaded,31,27,7,10,0,0,1,1,20,1,0,7,0,0,0,3,0
2025,R,harrm004,menon,293,272,61,103,13,1,9,1,75,8,1,57,7,2,4,7,0
2025,R,harrm004,scoring,175,158,36,66,10,1,6,1,67,5,1,41,2,2,3,7,0
2025,R,hassr002,empty,118,116,20,31,5,0,2,0,2,2,0,41,0,0,0,0,0
2025,R,hassr002,loaded,2,1,1,1,0,0,0,0,3,1,0,0,0,0,0,0,0
2025,R,hassr002,menon,88,81,24,31,4,0,1,0,16,6,0,21,4,1,0,0,0
2025,R,hassr002,scoring,56,53,16,21,2,0,1,0,16,3,0,14,0,0,0,0,0
2025,F,hayek001,empty,4,4,0,0,0,0,0,0,0,0,0,0,0,0,0,0,0
2025,R,hayek001,empty,318,296,62,86,9,3,3,0,3,19,0,70,0,3,0,0,0
2025,F,hayek001,loaded,1,1,0,0,0,0,0,0,0,0,0,0,0,0,0,0,0
2025,R,hayek001,loaded,12,12,3,3,0,0,0,0,4,0,0,2,1,0,0,0,0
2025,F,hayek001,menon,2,2,0,0,0,0,0,0,0,0,0,0,0,0,0,0,0
2025,R,hayek001,menon,252,231,62,75,7,0,2,0,46,17,1,41,12,2,1,1,0
2025,F,hayek001,scoring,2,2,0,0,0,0,0,0,0,0,0,0,0,0,0,0,0
2025,R,hayek001,scoring,155,141,39,51,6,0,2,0,45,11,1,24,5,1,1,1,0
2025,F,haysa001,empty,5,5,1,1,0,0,0,0,0,0,0,1,0,0,0,0,0
2025,R,haysa001,empty,215,197,46,88,6,3,10,0,10,17,0,62,0,1,0,0,0
2025,F,haysa001,loaded,1,1,0,0,0,0,0,0,0,0,0,0,0,0,0,0,0
2025,R,haysa001,loaded,5,3,1,1,0,0,0,0,3,1,0,1,0,0,0,1,0
2025,F,haysa001,menon,3,2,0,0,0,0,0,0,0,1,0,0,0,0,0,0,0
2025,R,haysa001,menon,201,183,55,84,10,2,5,0,54,12,2,45,9,0,0,6,0
2025,F,haysa001,scoring,2,1,0,0,0,0,0,0,0,1,0,0,0,0,0,0,0
2025,R,haysa001,scoring,134,117,36,51,2,2,3,0,44,11,2,28,4,0,0,6,0
2025,F,hedga001,empty,3,1,0,0,0,0,0,0,0,2,0,1,0,0,0,0,0
2025,R,hedga001,empty,112,101,20,38,3,0,5,0,5,11,0,27,0,0,0,0,0
2025,R,hedga001,loaded,2,2,0,0,0,0,0,0,0,0,0,1,0,0,0,0,0
2025,R,hedga001,menon,68,54,5,5,0,0,0,0,5,7,0,16,2,1,4,2,0
2025,R,hedga001,scoring,42,32,3,3,0,0,0,0,5,3,0,9,0,1,4,2,0
2025,R,heimj001,empty,256,241,46,75,8,0,7,0,7,14,0,54,0,1,0,0,0
2025,R,heimj001,loaded,8,4,1,1,0,0,0,0,6,2,0,2,0,0,0,2,0
2025,R,heimj001,menon,177,154,38,56,6,0,4,0,36,18,0,34,10,0,1,4,0
2025,R,heimj001,scoring,114,96,18,20,2,0,0,0,26,13,0,32,1,0,1,4,0
2025,R,heint001,empty,100,92,23,35,4,1,2,0,2,5,0,21,0,3,0,0,0
2025,W,heint001,empty,1,1,0,0,0,0,0,0,0,0,0,0,0,0,0,0,0
2025,R,heint001,loaded,7,5,1,1,0,0,0,0,4,1,0,1,1,0,0,1,0
2025,R,heint001,menon,74,57,20,27,4,0,1,0,18,7,0,10,1,3,5,2,0
2025,W,heint001,menon,2,2,0,0,0,0,0,0,0,0,0,1,0,0,0,0,0
2025,R,heint001,scoring,49,37,12,16,4,0,0,0,16,4,0,6,1,1,5,2,0
2025,W,heint001,scoring,1,1,0,0,0,0,0,0,0,0,0,1,0,0,0,0,0
2025,R,helmm001,empty,67,63,12,16,2,1,0,0,0,4,0,17,0,0,0,0,0
2025,R,helmm001,loaded,1,1,1,4,0,0,1,1,4,0,0,0,0,0,0,0,0
2025,R,helmm001,menon,43,36,11,29,3,0,5,1,20,3,0,4,0,1,3,0,0
2025,R,helmm001,scoring,22,18,4,12,2,0,2,1,13,2,0,2,0,0,2,0,0
2025,R,hendg002,empty,378,347,84,137,20,3,9,0,9,27,0,83,0,4,0,0,0
2025,R,hendg002,loaded,6,3,1,2,1,0,0,0,5,1,0,0,0,0,0,2,0
2025,R,hendg002,menon,273,230,74,116,14,2,8,0,59,35,6,54,7,3,0,5,0
2025,R,hendg002,scoring,143,114,39,68,8,0,7,0,54,22,6,24,1,2,0,5,0
2025,R,hernd006,empty,106,95,27,37,5,1,1,0,1,11,0,11,0,0,0,0,0
2025,R,hernd006,loaded,6,4,2,2,0,0,0,0,6,1,0,1,0,0,0,1,0
2025,R,hernd006,menon,91,78,13,16,0,0,1,0,15,6,0,13,2,0,2,5,0
2025,R,hernd006,scoring,57,45,8,8,0,0,0,0,13,6,0,4,1,0,1,5,0
2025,D,herne001,empty,9,7,0,0,0,0,0,0,0,2,0,3,0,0,0,0,0
2025,F,herne001,empty,5,5,3,3,0,0,0,0,0,0,0,1,0,0,0,0,0
2025,L,herne001,empty,9,9,3,5,2,0,0,0,0,0,0,2,0,0,0,0,0
2025,R,herne001,empty,127,118,19,37,6,0,4,0,4,9,0,38,0,0,0,0,0
2025,W,herne001,empty,20,20,2,5,0,0,1,0,1,0,0,13,0,0,0,0,0
2025,F,herne001,loaded,1,1,0,0,0,0,0,0,0,0,0,0,0,0,0,0,0
2025,R,herne001,loaded,7,6,2,2,0,0,0,0,5,0,0,0,0,0,0,1,0
2025,W,herne001,loaded,1,1,0,0,0,0,0,0,0,0,0,0,0,0,0,0,0
2025,D,herne001,menon,8,7,3,4,1,0,0,0,3,1,0,0,0,0,0,0,0
2025,F,herne001,menon,3,3,1,2,1,0,0,0,1,0,0,0,0,0,0,0,0
2025,L,herne001,menon,6,5,1,1,0,0,0,0,0,1,0,3,0,0,0,0,0
2025,R,herne001,menon,129,114,28,48,2,0,6,0,31,9,0,30,7,0,1,5,0
2025,W,herne001,menon,9,8,3,3,0,0,0,0,2,0,0,2,0,0,0,1,0
2025,D,herne001,scoring,3,2,1,2,1,0,0,0,3,1,0,0,0,0,0,0,0
2025,F,herne001,scoring,1,1,0,0,0,0,0,0,0,0,0,0,0,0,0,0,0
2025,L,herne001,scoring,4,3,0,0,0,0,0,0,0,1,0,2,0,0,0,0,0
2025,R,herne001,scoring,74,62,14,25,2,0,3,0,25,6,0,18,1,0,1,5,0
2025,W,herne001,scoring,4,3,1,1,0,0,0,0,2,0,0,1,0,0,0,1,0
2025,R,hernh001,empty,154,139,37,66,8,0,7,0,7,14,0,46,0,1,0,0,0
2025,R,hernh001,loaded,6,5,3,3,0,0,0,0,6,1,0,0,1,0,0,0,0
2025,R,hernh001,menon,140,117,31,46,4,1,3,0,38,17,0,31,6,2,0,4,0
2025,R,hernh001,scoring,86,72,23,34,3,1,2,0,36,9,0,18,2,1,0,4,0
2025,D,hernt002,empty,10,10,2,2,0,0,0,0,0,0,0,4,0,0,0,0,0
2025,F,hernt002,empty,3,3,1,4,0,0,1,0,1,0,0,0,0,0,0,0,0
2025,L,hernt002,empty,9,8,3,6,0,0,1,0,1,1,0,1,0,0,0,0,0
2025,R,hernt002,empty,292,278,68,124,14,0,14,0,14,13,0,69,0,1,0,0,0
2025,W,hernt002,empty,19,17,3,6,0,0,1,0,1,2,0,5,0,0,0,0,0
2025,D,hernt002,loaded,1,1,0,0,0,0,0,0,0,0,0,1,0,0,0,0,0
2025,F,hernt002,loaded,1,1,1,2,1,0,0,0,2,0,0,0,0,0,0,0,0
2025,L,hernt002,loaded,1,1,0,0,0,0,0,0,0,0,0,0,1,0,0,0,0
2025,R,hernt002,loaded,20,16,3,4,1,0,0,0,12,1,0,7,1,0,0,3,0
2025,W,hernt002,loaded,2,1,0,0,0,0,0,0,1,0,0,1,0,0,0,1,0
2025,D,hernt002,menon,7,6,2,5,0,0,1,0,3,1,0,3,0,0,0,0,0
2025,F,hernt002,menon,7,7,3,7,1,0,1,0,5,0,0,0,0,0,0,0,0
2025,L,hernt002,menon,7,7,0,0,0,0,0,0,1,0,0,3,1,0,0,0,0
2025,R,hernt002,menon,254,233,58,108,15,1,11,0,75,13,0,65,13,2,0,5,1
2025,W,hernt002,menon,14,12,4,4,0,0,0,0,1,1,0,5,0,0,0,1,0
2025,D,hernt002,scoring,3,3,1,4,0,0,1,0,3,0,0,2,0,0,0,0,0
2025,F,hernt002,scoring,6,6,2,6,1,0,1,0,5,0,0,0,0,0,0,0,0
2025,L,hernt002,scoring,6,6,0,0,0,0,0,0,1,0,0,3,1,0,0,0,0
2025,R,hernt002,scoring,150,134,38,68,10,1,6,0,60,9,0,36,3,1,0,5,1
2025,W,hernt002,scoring,7,5,0,0,0,0,0,0,1,1,0,3,0,0,0,1,0
2025,R,herri001,empty,245,215,60,98,8,0,10,0,10,22,0,51,0,7,0,0,1
2025,R,herri001,loaded,10,9,2,3,1,0,0,0,5,1,0,1,2,0,0,0,0
2025,R,herri001,menon,207,173,50,82,5,0,9,0,56,21,1,33,20,8,0,4,1
2025,R,herri001,scoring,115,92,32,50,3,0,5,0,47,15,1,18,6,3,0,4,1
2025,R,herrj003,empty,119,102,17,22,2,0,1,0,1,17,0,29,0,0,0,0,0
2025,R,herrj003,loaded,3,2,0,0,0,0,0,0,1,0,0,0,1,0,0,1,0
2025,R,herrj003,menon,85,64,14,21,4,0,1,0,16,6,0,18,2,1,11,3,0
2025,R,herrj003,scoring,54,41,7,9,2,0,0,0,12,5,0,11,1,0,5,3,0
2025,R,heywj001,empty,52,48,8,12,1,0,1,0,1,4,0,11,0,0,0,0,0
2025,R,heywj001,loaded,5,4,1,1,0,0,0,0,2,1,0,2,1,0,0,0,0
2025,R,heywj001,menon,43,37,7,11,1,0,1,0,11,2,0,9,1,0,0,3,1
2025,R,heywj001,scoring,29,24,5,9,1,0,1,0,11,2,0,8,1,0,0,3,0
2025,R,hickb003,empty,2,2,1,1,0,0,0,0,0,0,0,1,0,0,0,0,0
2025,R,hickb003,menon,2,1,1,1,0,0,0,0,0,1,0,0,0,0,0,0,0
2025,R,hickb003,scoring,2,1,1,1,0,0,0,0,0,1,0,0,0,0,0,0,0
2025,R,hickl001,empty,212,183,41,53,6,0,2,0,2,24,0,32,0,5,0,0,0
2025,R,hickl001,loaded,10,9,3,4,1,0,0,0,8,0,0,1,1,0,0,1,0
2025,R,hickl001,menon,178,149,41,62,7,1,4,0,43,19,0,24,5,4,3,3,0
2025,R,hickl001,scoring,112,92,28,44,5,1,3,0,41,12,0,14,3,2,3,3,0
2025,R,higak001,empty,184,171,37,61,4,1,6,0,6,11,0,44,0,2,0,0,0
2025,R,higak001,loaded,6,5,2,4,2,0,0,0,7,0,0,3,0,0,0,1,0
2025,R,higak001,menon,143,132,36,61,10,0,5,0,41,9,0,28,5,0,0,2,0
2025,R,higak001,scoring,77,70,24,36,6,0,2,0,34,5,0,11,0,0,0,2,0
2025,R,hilld002,empty,74,67,14,20,3,0,1,0,1,5,0,28,0,2,0,0,0
2025,R,hilld002,loaded,2,2,0,0,0,0,0,0,0,0,0,0,1,0,0,0,0
2025,R,hilld002,menon,75,67,15,24,3,0,2,0,10,4,0,20,3,1,3,0,0
2025,R,hilld002,scoring,52,46,9,14,2,0,1,0,7,4,0,16,2,1,1,0,0
2025,R,hills005,empty,38,34,9,19,2,1,2,0,2,4,0,14,0,0,0,0,0
2025,R,hills005,menon,23,17,1,2,1,0,0,0,1,6,0,9,1,0,0,0,0
2025,R,hills005,scoring,10,7,1,2,1,0,0,0,1,3,0,4,0,0,0,0,0
2025,R,hindr001,empty,24,24,3,7,1,0,1,0,1,0,0,13,0,0,0,0,0
2025,R,hindr001,loaded,1,1,0,0,0,0,0,0,0,0,0,0,0,0,0,0,0
2025,R,hindr001,menon,20,19,2,5,0,0,1,0,2,1,0,8,1,0,0,0,0
2025,R,hindr001,scoring,10,9,1,4,0,0,1,0,2,1,0,4,0,0,0,0,0
2025,R,hiurk001,empty,14,12,3,4,1,0,0,0,0,0,0,5,0,2,0,0,0
2025,R,hiurk001,menon,7,6,1,1,0,0,0,0,1,0,0,2,0,1,0,0,0
2025,R,hiurk001,scoring,5,4,1,1,0,0,0,0,1,0,0,2,0,1,0,0,0
2025,D,hoern001,empty,13,13,8,11,0,0,1,0,1,0,0,0,0,0,0,0,0
2025,F,hoern001,empty,6,6,3,4,1,0,0,0,0,0,0,0,0,0,0,0,0
2025,R,hoern001,empty,369,346,95,130,16,2,5,0,5,18,0,23,0,5,0,0,0
2025,R,hoern001,loaded,18,16,3,3,0,0,0,0,9,1,0,1,1,0,0,1,0
2025,D,hoern001,menon,8,7,1,1,0,0,0,0,0,0,0,2,0,1,0,0,0
2025,F,hoern001,menon,6,5,1,1,0,0,0,0,1,0,0,0,1,0,0,1,0
2025,R,hoern001,menon,280,253,83,106,13,2,2,0,56,21,1,26,4,2,0,4,0
2025,D,hoern001,scoring,3,3,0,0,0,0,0,0,0,0,0,0,0,0,0,0,0
2025,F,hoern001,scoring,2,1,0,0,0,0,0,0,1,0,0,0,0,0,0,1,0
2025,R,hoern001,scoring,172,151,56,69,8,1,1,0,51,16,1,18,3,1,0,4,0
2025,R,hollj003,empty,435,391,96,148,14,1,12,0,12,38,0,96,0,6,0,0,0
2025,R,hollj003,loaded,9,9,3,6,0,0,1,1,9,0,0,1,0,0,0,0,0
2025,R,hollj003,menon,214,195,46,72,7,2,5,1,43,18,1,44,4,0,0,1,0
2025,R,hollj003,scoring,132,122,27,43,4,0,4,1,38,9,1,25,2,0,0,1,0
2025,R,horws001,empty,235,212,53,85,14,0,6,0,6,21,0,44,0,2,0,0,0
2025,R,horws001,loaded,8,7,2,6,1,0,1,1,9,0,0,1,0,0,0,1,0
2025,R,horws001,menon,176,152,46,73,12,0,5,1,45,23,1,29,7,0,0,1,0
2025,R,horws001,scoring,99,87,22,37,6,0,3,1,36,11,1,18,1,0,0,1,0
2025,R,hoskr001,empty,170,150,37,68,7,0,8,0,8,17,0,51,0,3,0,0,0
2025,R,hoskr001,loaded,9,6,1,1,0,0,0,0,5,0,0,2,0,0,0,3,0
2025,R,hoskr001,menon,158,129,29,48,5,1,4,0,35,21,2,40,6,2,0,6,0
2025,R,hoskr001,scoring,94,73,19,29,2,1,2,0,31,14,2,21,1,1,0,6,0
2025,R,housb001,empty,155,150,33,45,6,0,2,0,2,5,0,48,0,0,0,0,0
2025,R,housb001,loaded,10,6,1,1,0,0,0,0,6,1,0,2,1,0,0,3,0
2025,R,housb001,menon,119,111,28,39,5,0,2,0,27,3,0,30,11,0,0,5,0
2025,R,housb001,scoring,73,67,17,25,2,0,2,0,26,1,0,16,5,0,0,5,0
2025,R,huffs001,empty,32,31,8,11,0,0,1,0,1,1,0,15,0,0,0,0,0
2025,R,huffs001,loaded,1,1,0,0,0,0,0,0,0,0,0,0,1,0,0,0,0
2025,R,huffs001,menon,26,22,3,7,1,0,1,0,3,3,0,10,2,0,0,1,0
2025,R,huffs001,scoring,12,9,0,0,0,0,0,0,1,2,0,4,1,0,0,1,0
2025,R,hummc001,empty,56,48,8,11,0,0,1,0,1,8,0,15,0,0,0,0,0
2025,R,hummc001,loaded,1,1,0,0,0,0,0,0,0,0,0,0,0,0,0,0,0
2025,R,hummc001,menon,49,40,7,13,0,0,2,0,6,6,0,16,1,2,1,0,0
2025,R,hummc001,scoring,31,27,3,3,0,0,0,0,2,2,0,12,1,2,0,0,0
2025,R,hurtj001,empty,8,7,1,1,0,0,0,0,0,0,0,4,0,1,0,0,0
2025,R,hurtj001,menon,7,5,0,0,0,0,0,0,0,1,0,2,0,1,0,0,0
2025,R,hurtj001,scoring,3,3,0,0,0,0,0,0,0,0,0,1,0,0,0,0,0
2025,R,ibana001,empty,93,86,16,29,4,0,3,0,3,6,0,10,0,1,0,0,0
2025,R,ibana001,loaded,3,1,0,0,0,0,0,0,2,1,0,0,0,0,0,1,0
2025,D,ibana001,menon,1,1,1,1,0,0,0,0,1,0,0,0,0,0,0,0,0
2025,R,ibana001,menon,100,90,26,33,4,0,1,0,18,6,0,16,6,3,0,1,0
2025,D,ibana001,scoring,1,1,1,1,0,0,0,0,1,0,0,0,0,0,0,0,0
2025,R,ibana001,scoring,54,46,14,19,2,0,1,0,16,5,0,8,3,2,0,1,0
2025,R,iglej001,empty,181,165,34,46,6,0,2,0,2,12,0,34,0,4,0,0,0
2025,R,iglej001,loaded,14,13,7,8,1,0,0,0,13,1,0,1,1,0,0,0,0
2025,F,iglej001,menon,2,2,0,0,0,0,0,0,0,0,0,0,0,0,0,0,0
2025,R,iglej001,menon,162,141,36,44,5,0,1,0,34,12,0,22,7,3,4,2,0
2025,F,iglej001,scoring,2,2,0,0,0,0,0,0,0,0,0,0,0,0,0,0,0
2025,R,iglej001,scoring,98,87,22,26,4,0,0,0,32,6,0,12,3,1,2,2,0
2025,R,indij001,empty,371,333,74,101,18,0,3,0,3,30,0,75,0,8,0,0,0
2025,R,indij001,loaded,6,5,3,3,0,0,0,0,5,0,0,1,0,1,0,0,0
2025,R,indij001,menon,196,164,42,71,11,0,6,0,42,24,0,31,10,5,1,2,0
2025,R,indij001,scoring,112,95,27,52,7,0,6,0,42,9,0,14,4,5,1,2,0
2025,R,isbek001,empty,242,228,62,88,11,3,3,0,3,12,0,51,0,2,0,0,0
2025,R,isbek001,loaded,9,9,3,4,1,0,0,0,6,0,0,0,1,0,0,0,0
2025,R,isbek001,menon,167,140,32,42,5,1,1,0,30,11,0,23,7,0,13,3,0
2025,R,isbek001,scoring,95,77,20,24,4,0,0,0,27,7,0,12,1,0,8,3,0
2025,R,jacka002,empty,63,55,16,37,6,0,5,0,5,4,0,15,0,4,0,0,0
2025,R,jacka002,loaded,1,1,0,0,0,0,0,0,0,0,0,1,0,0,0,0,0
2025,R,jacka002,menon,37,36,4,6,2,0,0,0,3,1,0,22,2,0,0,0,0
2025,R,jacka002,scoring,18,17,4,6,2,0,0,0,3,1,0,10,0,0,0,0,0
2025,R,jackj002,empty,97,90,24,43,5,1,4,0,4,6,0,30,0,1,0,0,0
2025,R,jackj002,loaded,1,1,0,0,0,0,0,0,0,0,0,1,0,0,0,0,0
2025,R,jackj002,menon,86,80,23,33,5,1,1,0,17,5,0,20,6,1,0,0,0
2025,R,jackj002,scoring,40,37,12,17,5,0,0,0,14,3,0,8,1,0,0,0,0
2025,R,jankt001,empty,29,27,7,8,1,0,0,0,0,2,0,8,0,0,0,0,0
2025,R,jankt001,menon,21,18,4,5,1,0,0,0,2,1,0,4,0,0,1,1,0
2025,R,jankt001,scoring,10,7,1,1,0,0,0,0,2,1,0,3,0,0,1,1,0
2025,R,jansd001,empty,169,146,30,57,6,0,7,0,7,21,0,39,0,2,0,0,0
2025,R,jansd001,loaded,5,4,0,0,0,0,0,0,2,0,0,3,0,0,0,1,0
2025,R,jansd001,menon,168,142,32,58,5,0,7,0,29,21,0,47,5,2,1,2,0
2025,R,jansd001,scoring,96,76,14,28,2,0,4,0,22,15,0,27,4,2,1,2,0
2025,R,jeffr002,empty,260,225,51,82,13,0,6,0,6,31,0,54,0,4,0,0,0
2025,R,jeffr002,loaded,9,8,0,0,0,0,0,0,2,0,0,4,1,0,0,1,0
2025,R,jeffr002,menon,204,181,57,79,13,0,3,0,41,19,1,37,9,3,0,1,0
2025,R,jeffr002,scoring,119,103,25,35,7,0,1,0,33,13,1,24,5,2,0,1,0
2025,R,jensc001,empty,41,34,9,18,3,0,2,0,2,7,0,8,0,0,0,0,0
2025,R,jensc001,loaded,3,3,1,1,0,0,0,0,2,0,0,0,0,0,0,0,0
2025,R,jensc001,menon,28,26,9,15,3,0,1,0,11,2,0,4,1,0,0,0,0
2025,R,jensc001,scoring,17,16,6,8,2,0,0,0,9,1,0,3,0,0,0,0,0
2025,R,jimel003,empty,19,19,2,5,0,0,1,0,1,0,0,3,0,0,0,0,0
2025,R,jimel003,menon,13,10,0,0,0,0,0,0,0,2,0,5,1,0,1,0,0
2025,R,jimel003,scoring,7,4,0,0,0,0,0,0,0,2,0,2,0,0,1,0,0
2025,R,joe-c001,empty,42,39,7,10,3,0,0,0,0,3,0,12,0,0,0,0,0
2025,R,joe-c001,loaded,3,3,0,0,0,0,0,0,0,0,0,1,1,0,0,0,0
2025,R,joe-c001,menon,38,31,6,7,1,0,0,0,4,4,0,8,2,1,0,2,0
2025,R,joe-c001,scoring,25,20,3,4,1,0,0,0,4,2,0,4,1,1,0,2,0
2025,F,johnb005,empty,1,1,0,0,0,0,0,0,0,0,0,0,0,0,0,0,0
2025,R,johnb005,empty,44,41,11,14,3,0,0,0,0,2,0,10,0,1,0,0,0
2025,R,johnb005,loaded,3,2,0,0,0,0,0,0,1,1,0,1,0,0,0,0,0
2025,F,johnb005,menon,2,1,0,0,0,0,0,0,0,0,0,1,0,1,0,0,0
2025,R,johnb005,menon,40,35,15,19,1,0,1,0,8,1,0,9,1,1,3,0,0
2025,F,johnb005,scoring,1,1,0,0,0,0,0,0,0,0,0,1,0,0,0,0,0
2025,R,johnb005,scoring,24,20,7,7,0,0,0,0,6,1,0,7,0,1,2,0,0
2025,R,johnd006,empty,40,37,7,12,2,0,1,0,1,3,0,9,0,0,0,0,0
2025,R,johnd006,loaded,1,1,0,0,0,0,0,0,0,0,0,1,0,0,0,0,0
2025,R,johnd006,menon,17,16,3,4,1,0,0,0,0,1,0,4,0,0,0,0,0
2025,R,johnd006,scoring,11,10,1,1,0,0,0,0,0,1,0,4,0,0,0,0,0
2025,R,johnt003,empty,65,63,18,27,0,0,3,0,3,2,0,14,0,0,0,0,0
2025,R,johnt003,loaded,2,2,0,0,0,0,0,0,0,0,0,2,0,0,0,0,0
2025,R,johnt003,menon,56,49,13,20,2,1,1,0,10,6,0,12,1,1,0,0,0
2025,R,johnt003,scoring,34,30,8,10,2,0,0,0,7,3,0,8,0,1,0,0,0
2025,R,joneg003,empty,2,2,0,0,0,0,0,0,0,0,0,2,0,0,0,0,0
2025,D,jonej007,empty,1,0,0,0,0,0,0,0,0,1,0,0,0,0,0,0,0
2025,R,jonej007,empty,96,85,24,47,5,0,6,0,6,9,0,21,0,2,0,0,0
2025,R,jonej007,loaded,4,4,3,5,2,0,0,0,7,0,0,1,0,0,0,0,0
2025,D,jonej007,menon,2,1,1,2,1,0,0,0,1,1,0,0,0,0,0,0,0
2025,F,jonej007,menon,1,1,0,0,0,0,0,0,0,0,0,1,0,0,0,0,0
2025,R,jonej007,menon,54,44,13,24,6,1,1,0,17,9,1,11,3,1,0,0,0
2025,D,jonej007,scoring,1,1,1,2,1,0,0,0,1,0,0,0,0,0,0,0,0
2025,F,jonej007,scoring,1,1,0,0,0,0,0,0,0,0,0,1,0,0,0,0,0
2025,R,jonej007,scoring,34,27,11,21,5,1,1,0,17,7,1,6,1,0,0,0,0
2025,R,jonen002,empty,231,207,38,60,8,1,4,0,4,20,0,72,0,4,0,0,0
2025,R,jonen002,loaded,12,8,4,5,1,0,0,0,11,2,0,2,0,0,0,2,0
2025,R,jonen002,menon,172,148,37,48,6,1,1,0,30,19,1,41,6,1,1,3,0
2025,R,jonen002,scoring,102,80,20,28,5,0,1,0,28,17,1,21,2,1,1,3,0
2025,D,judga001,empty,13,9,5,6,1,0,0,0,0,4,2,2,0,0,0,0,0
2025,F,judga001,empty,5,5,0,0,0,0,0,0,0,0,0,1,0,0,0,0,0
2025,R,judga001,empty,379,314,105,226,17,1,34,0,34,62,5,100,0,3,0,0,0
2025,D,judga001,loaded,2,2,1,1,0,0,0,0,1,0,0,1,0,0,0,0,0
2025,R,judga001,loaded,15,13,5,8,0,0,1,1,14,0,0,5,0,0,0,2,0
2025,D,judga001,menon,6,6,4,8,1,0,1,0,6,0,0,1,0,0,0,0,0
2025,F,judga001,menon,7,6,4,4,0,0,0,0,1,0,0,1,0,1,0,0,0
2025,R,judga001,menon,300,227,74,146,13,1,19,1,80,62,31,60,16,4,0,7,0
2025,D,judga001,scoring,5,5,4,8,1,0,1,0,6,0,0,1,0,0,0,0,0
2025,F,judga001,scoring,3,2,1,1,0,0,0,0,1,0,0,1,0,1,0,0,0
2025,R,judga001,scoring,158,106,36,68,8,0,8,1,57,43,28,31,5,2,0,7,0
2025,R,julie001,empty,125,111,28,44,7,0,3,0,3,13,0,38,0,1,0,0,0
2025,R,julie001,loaded,2,1,1,1,0,0,0,0,2,1,0,0,0,0,0,0,0
2025,R,julie001,menon,83,71,12,15,3,0,0,0,9,9,0,23,3,1,1,1,0
2025,R,julie001,scoring,54,45,6,6,0,0,0,0,7,7,0,14,2,1,0,1,0
2025,R,julkc001,empty,7,7,3,5,2,0,0,0,0,0,0,2,0,0,0,0,0
2025,R,julkc001,menon,6,5,0,0,0,0,0,0,1,0,0,1,0,0,0,1,0
2025,R,julkc001,scoring,3,2,0,0,0,0,0,0,1,0,0,0,0,0,0,1,0
2025,R,jungj001,empty,298,278,60,91,10,0,7,0,7,18,0,68,0,2,0,0,0
2025,R,jungj001,loaded,11,10,3,4,1,0,0,0,8,1,0,4,0,0,0,0,0
2025,R,jungj001,menon,213,204,61,97,13,1,7,0,54,9,0,61,10,0,0,0,0
2025,R,jungj001,scoring,124,118,34,49,6,0,3,0,41,6,0,40,3,0,0,0,0
2025,R,jungj002,empty,35,31,1,1,0,0,0,0,0,4,0,15,0,0,0,0,0
2025,R,jungj002,loaded,1,1,0,0,0,0,0,0,0,0,0,0,0,0,0,0,0
2025,R,jungj002,menon,20,16,4,4,0,0,0,0,3,3,0,1,2,1,0,0,0
2025,R,jungj002,scoring,9,7,4,4,0,0,0,0,3,1,0,0,0,1,0,0,0
2025,R,kaisc001,empty,10,10,1,1,0,0,0,0,0,0,0,4,0,0,0,0,0
2025,R,kaisc001,loaded,1,0,0,0,0,0,0,0,1,1,0,0,0,0,0,0,0
2025,R,kaisc001,menon,9,8,1,2,1,0,0,0,2,1,0,1,1,0,0,0,0
2025,R,kaisc001,scoring,7,6,1,2,1,0,0,0,2,1,0,1,0,0,0,0,0
2025,R,karrk001,empty,91,81,20,23,3,0,0,0,0,8,0,22,0,2,0,0,0
2025,R,karrk001,loaded,1,1,0,0,0,0,0,0,0,0,0,1,0,0,0,0,0
2025,R,karrk001,menon,65,56,11,15,1,0,1,0,9,7,0,19,5,0,0,2,0
2025,R,karrk001,scoring,35,28,6,7,1,0,0,0,7,5,0,9,1,0,0,2,0
2025,R,kavan001,empty,18,15,2,2,0,0,0,0,0,3,0,7,0,0,0,0,0
2025,R,kavan001,menon,5,5,0,0,0,0,0,0,0,0,0,3,0,0,0,0,0
2025,R,kavan001,scoring,2,2,0,0,0,0,0,0,0,0,0,0,0,0,0,0,0
2025,F,kayfc001,empty,5,4,1,1,0,0,0,0,0,1,0,0,0,0,0,0,0
2025,R,kayfc001,empty,83,74,14,27,5,1,2,0,2,9,0,24,0,0,0,0,0
2025,R,kayfc001,loaded,4,3,2,3,1,0,0,0,5,0,0,1,0,1,0,0,0
2025,F,kayfc001,menon,2,2,0,0,0,0,0,0,0,0,0,0,0,0,0,0,0
2025,R,kayfc001,menon,55,49,13,24,5,0,2,0,17,2,0,14,0,2,1,1,0
2025,R,kayfc001,scoring,31,28,6,9,3,0,0,0,12,1,0,9,0,1,0,1,0
2025,R,keasl001,empty,104,89,23,32,6,0,1,0,1,12,0,17,0,3,0,0,0
2025,R,keasl001,loaded,5,4,0,0,0,0,0,0,1,0,0,3,0,0,0,1,0
2025,R,keasl001,menon,103,93,32,49,8,0,3,0,27,7,0,12,4,2,0,1,0
2025,R,keasl001,scoring,67,60,18,24,3,0,1,0,21,5,0,10,2,1,0,1,0
2025,R,keird001,empty,43,41,3,3,0,0,0,0,0,1,0,19,0,1,0,0,0
2025,R,keird001,menon,45,43,6,12,0,0,2,0,6,1,0,14,1,0,1,0,0
2025,R,keird001,scoring,18,17,2,2,0,0,0,0,2,1,0,6,0,0,0,0,0
2025,D,keitc001,empty,12,10,1,1,0,0,0,0,0,1,0,4,0,1,0,0,0
2025,R,keitc001,empty,273,245,57,89,13,2,5,0,5,27,0,68,0,1,0,0,0
2025,R,keitc001,loaded,5,3,1,2,1,0,0,0,4,0,0,2,0,1,0,1,0
2025,D,keitc001,menon,5,5,0,0,0,0,0,0,0,0,0,1,1,0,0,0,0
2025,R,keitc001,menon,195,169,49,82,9,0,8,0,40,21,1,34,7,1,0,4,0
2025,D,keitc001,scoring,3,3,0,0,0,0,0,0,0,0,0,1,0,0,0,0,0
2025,R,keitc001,scoring,102,87,24,43,7,0,4,0,32,10,1,17,0,1,0,4,0
2025,R,kelej001,empty,39,37,8,16,2,0,2,0,2,2,0,14,0,0,0,0,0
2025,R,kelej001,loaded,1,1,0,0,0,0,0,0,0,0,0,1,0,0,0,0,0
2025,R,kelej001,menon,26,23,2,2,0,0,0,0,0,3,0,9,1,0,0,0,0
2025,R,kelej001,scoring,14,11,0,0,0,0,0,0,0,3,0,5,0,0,0,0,0
2025,D,kellc002,empty,16,16,2,2,0,0,0,0,0,0,0,7,0,0,0,0,0
2025,F,kellc002,empty,8,8,3,6,0,0,1,0,1,0,0,4,0,0,0,0,0
2025,R,kellc002,empty,224,198,52,92,7,0,11,0,11,24,0,37,0,2,0,0,0
2025,D,kellc002,loaded,1,1,0,0,0,0,0,0,0,0,0,1,0,0,0,0,0
2025,R,kellc002,loaded,17,14,1,1,0,0,0,0,6,1,0,3,2,0,0,2,0
2025,D,kellc002,menon,4,4,0,0,0,0,0,0,0,0,0,1,0,0,0,0,0
2025,F,kellc002,menon,2,0,0,0,0,0,0,0,0,1,1,0,0,1,0,0,0
2025,R,kellc002,menon,197,171,40,66,6,1,6,0,39,21,0,43,11,1,0,4,0
2025,D,kellc002,scoring,2,2,0,0,0,0,0,0,0,0,0,1,0,0,0,0,0
2025,F,kellc002,scoring,2,0,0,0,0,0,0,0,0,1,1,0,0,1,0,0,0
2025,R,kellc002,scoring,134,114,28,48,2,0,6,0,38,15,0,25,8,1,0,4,0
2025,D,kempo001,empty,1,1,0,0,0,0,0,0,0,0,0,1,0,0,0,0,0
2025,R,kempo001,empty,131,121,24,41,5,0,4,0,4,8,0,42,0,2,0,0,0
2025,R,kempo001,loaded,6,5,0,0,0,0,0,0,2,0,0,3,0,1,0,0,0
2025,D,kempo001,menon,1,1,0,0,0,0,0,0,0,0,0,1,0,0,0,0,0
2025,R,kempo001,menon,87,76,22,40,6,0,4,0,24,4,0,25,4,5,0,2,0
2025,R,kempo001,scoring,48,40,11,20,3,0,2,0,18,4,0,14,2,2,0,2,0
2025,R,kennb002,empty,17,16,1,2,1,0,0,0,0,0,0,6,0,1,0,0,0
2025,R,kennb002,menon,15,13,1,1,0,0,0,0,1,2,0,2,0,0,0,0,0
2025,R,kennb002,scoring,8,7,1,1,0,0,0,0,1,1,0,2,0,0,0,0,0
2025,D,keplm001,empty,10,7,2,5,1,1,0,0,0,3,0,2,0,0,0,0,0
2025,R,keplm001,empty,260,236,53,104,12,0,13,0,13,23,0,58,0,1,0,0,0
2025,R,keplm001,loaded,9,8,2,2,0,0,0,0,5,0,0,0,1,1,0,0,0
2025,D,keplm001,menon,5,5,0,0,0,0,0,0,0,0,0,0,0,0,0,0,0
2025,R,keplm001,menon,214,181,37,59,7,0,5,0,39,25,3,35,10,3,1,4,0
2025,D,keplm001,scoring,3,3,0,0,0,0,0,0,0,0,0,0,0,0,0,0,0
2025,R,keplm001,scoring,132,106,17,27,4,0,2,0,30,20,3,17,4,2,0,4,0
2025,R,kiebc001,empty,6,6,0,0,0,0,0,0,0,0,0,1,0,0,0,0,0
2025,R,kiebc001,menon,2,2,2,2,0,0,0,0,1,0,0,0,0,0,0,0,0
2025,R,kiebc001,scoring,1,1,1,1,0,0,0,0,1,0,0,0,0,0,0,0,0
2025,R,kim-h002,empty,113,102,24,32,2,0,2,0,2,10,0,23,0,1,0,0,0
2025,R,kim-h002,loaded,2,1,0,0,0,0,0,0,1,0,0,1,0,0,0,1,0
2025,R,kim-h002,menon,78,69,16,27,2,0,3,0,15,6,0,16,2,1,0,2,0
2025,R,kim-h002,scoring,43,36,10,15,2,0,1,0,11,4,0,4,1,1,0,2,0
2025,R,kim-h003,empty,95,89,20,25,2,0,1,0,1,5,0,30,0,1,0,0,0
2025,R,kim-h003,loaded,1,1,0,0,0,0,0,0,0,0,0,0,0,0,0,0,0
2025,R,kim-h003,menon,75,72,25,37,4,1,2,0,16,2,0,22,0,0,1,0,0
2025,R,kim-h003,scoring,36,34,13,20,2,1,1,0,14,2,0,8,0,0,0,0,0
2025,D,kinei001,empty,2,2,0,0,0,0,0,0,0,0,0,0,0,0,0,0,0
2025,L,kinei001,empty,7,7,3,5,2,0,0,0,0,0,0,0,0,0,0,0,0
2025,R,kinei001,empty,255,241,59,77,10,1,2,0,2,11,0,43,0,3,0,0,0
2025,W,kinei001,empty,6,5,0,0,0,0,0,0,0,1,0,1,0,0,0,0,0
2025,L,kinei001,loaded,1,1,0,0,0,0,0,0,0,0,0,0,0,0,0,0,0
2025,R,kinei001,loaded,13,12,3,4,1,0,0,0,10,0,0,4,0,0,0,1,0
2025,D,kinei001,menon,4,4,0,0,0,0,0,0,0,0,0,1,0,0,0,0,0
2025,L,kinei001,menon,9,8,2,2,0,0,0,0,1,0,0,0,0,0,1,0,0
2025,R,kinei001,menon,204,190,54,67,11,1,0,0,38,6,0,34,9,2,5,1,0
2025,W,kinei001,menon,12,11,1,1,0,0,0,0,1,0,0,2,0,0,1,0,0
2025,D,kinei001,scoring,2,2,0,0,0,0,0,0,0,0,0,0,0,0,0,0,0
2025,L,kinei001,scoring,6,5,1,1,0,0,0,0,1,0,0,0,0,0,1,0,0
2025,R,kinei001,scoring,115,103,29,37,8,0,0,0,35,5,0,19,5,1,5,1,0
2025,W,kinei001,scoring,5,4,1,1,0,0,0,0,1,0,0,0,0,0,1,0,0
2025,R,kings001,empty,15,14,3,4,1,0,0,0,0,1,0,5,0,0,0,0,0
2025,R,kings001,loaded,1,1,0,0,0,0,0,0,0,0,0,0,0,0,0,0,0
2025,R,kings001,menon,14,13,1,1,0,0,0,0,0,1,0,6,1,0,0,0,0
2025,R,kings001,scoring,7,6,0,0,0,0,0,0,0,1,0,4,1,0,0,0,0
2025,D,kirka001,empty,9,9,4,11,1,0,2,0,2,0,0,0,0,0,0,0,0
2025,L,kirka001,empty,14,14,2,3,1,0,0,0,0,0,0,2,0,0,0,0,0
2025,R,kirka001,empty,261,233,59,91,8,0,8,0,8,28,0,28,0,0,0,0,0
2025,W,kirka001,empty,16,14,4,4,0,0,0,0,0,1,0,5,0,1,0,0,0
2025,R,kirka001,loaded,19,18,8,12,1,0,1,1,18,0,0,3,0,0,0,1,0
2025,D,kirka001,menon,9,9,0,0,0,0,0,0,1,0,0,1,1,0,0,0,0
2025,L,kirka001,menon,17,13,4,7,0,0,1,0,4,4,0,4,0,0,0,0,0
2025,R,kirka001,menon,245,218,68,99,10,0,7,1,68,20,2,31,16,1,0,6,0
2025,W,kirka001,menon,18,12,4,10,0,0,2,0,6,4,1,1,1,1,0,1,0
2025,D,kirka001,scoring,7,7,0,0,0,0,0,0,1,0,0,1,1,0,0,0,0
2025,L,kirka001,scoring,11,8,2,5,0,0,1,0,4,3,0,2,0,0,0,0,0
2025,R,kirka001,scoring,147,124,39,54,9,0,2,1,58,16,2,19,3,1,0,6,0
2025,W,kirka001,scoring,12,7,1,4,0,0,1,0,4,3,1,0,1,1,0,1,0
2025,R,kjerh001,empty,94,88,17,26,4,1,1,0,1,5,0,26,0,1,0,0,0
2025,R,kjerh001,loaded,3,3,0,0,0,0,0,0,1,0,0,1,0,0,0,0,0
2025,R,kjerh001,menon,73,68,13,25,1,1,3,0,18,1,0,19,9,3,0,1,0
2025,R,kjerh001,scoring,49,45,8,10,0,1,0,0,11,1,0,14,3,2,0,1,0
2025,R,kniza001,empty,57,53,13,16,0,0,1,0,1,2,0,8,0,2,0,0,0
2025,R,kniza001,menon,31,24,4,7,1,1,0,0,4,5,0,2,0,0,1,1,0
2025,R,kniza001,scoring,21,16,3,6,1,1,0,0,4,3,0,1,0,0,1,1,0
2025,R,kossc001,empty,99,94,19,23,4,0,0,0,0,4,0,25,0,1,0,0,0
2025,R,kossc001,loaded,10,10,4,9,2,0,1,1,9,0,0,0,2,0,0,0,0
2025,R,kossc001,menon,92,80,27,41,5,0,3,1,23,5,0,20,4,2,3,2,0
2025,R,kossc001,scoring,49,41,16,23,4,0,1,1,19,3,0,6,3,1,2,2,0
2025,R,kreir001,empty,23,21,4,4,0,0,0,0,0,2,0,9,0,0,0,0,0
2025,R,kreir001,loaded,1,1,0,0,0,0,0,0,0,0,0,1,0,0,0,0,0
2025,R,kreir001,menon,21,17,0,0,0,0,0,0,0,2,0,10,0,0,2,0,0
2025,R,kreir001,scoring,10,9,0,0,0,0,0,0,0,0,0,5,0,0,1,0,0
2025,R,kurtn001,empty,290,255,76,148,17,2,17,0,17,34,0,88,0,1,0,0,0
2025,R,kurtn001,loaded,13,12,4,10,0,0,2,2,11,0,0,5,0,0,0,1,0
2025,R,kurtn001,menon,199,165,46,112,9,0,19,2,69,29,3,63,4,1,0,3,1
2025,R,kurtn001,scoring,115,94,28,70,6,0,12,2,53,18,3,39,1,0,0,3,0
2025,F,kwans001,empty,9,9,1,2,1,0,0,0,0,0,0,0,0,0,0,0,0
2025,R,kwans001,empty,482,438,116,156,19,0,7,0,7,42,0,43,0,2,0,0,0
2025,R,kwans001,loaded,8,8,3,3,0,0,0,0,5,0,0,2,0,0,0,0,0
2025,F,kwans001,menon,3,3,1,2,1,0,0,0,0,0,0,0,0,0,0,0,0
2025,R,kwans001,menon,211,187,54,78,10,1,4,0,49,13,2,17,3,1,3,7,0
2025,R,kwans001,scoring,129,110,37,48,5,0,2,0,44,10,2,11,0,0,2,7,0
2025,R,langs001,empty,290,274,77,149,18,0,18,0,18,16,0,69,0,0,0,0,0
2025,R,langs001,loaded,11,11,2,5,0,0,1,1,6,0,0,1,2,0,0,0,0
2025,R,langs001,menon,233,207,56,109,14,0,13,1,54,20,1,34,10,1,0,5,0
2025,R,langs001,scoring,129,112,28,62,10,0,8,1,43,11,1,21,4,1,0,5,0
2025,R,langw001,empty,349,298,70,124,15,0,13,0,13,48,0,99,0,3,0,0,0
2025,R,langw001,loaded,11,8,3,6,3,0,0,0,11,1,0,2,0,0,0,2,0
2025,R,langw001,menon,224,191,48,87,10,1,9,0,49,26,3,52,9,2,0,5,0
2025,R,langw001,scoring,112,87,23,44,6,0,5,0,39,18,3,23,4,2,0,5,0
2025,R,larnt001,empty,320,289,72,123,16,1,11,0,11,27,0,69,0,4,0,0,0
2025,R,larnt001,loaded,6,4,0,0,0,0,0,0,2,1,0,2,0,0,0,1,0
2025,R,larnt001,menon,247,214,54,80,8,0,6,0,49,26,2,53,19,0,0,6,1
2025,R,larnt001,scoring,139,115,26,40,2,0,4,0,42,17,2,37,6,0,0,6,1
2025,R,laurr001,empty,255,232,67,125,14,1,14,0,14,21,0,51,0,2,0,0,0
2025,R,laurr001,loaded,11,8,3,6,0,0,1,1,13,1,0,3,0,0,0,2,0
2025,R,laurr001,menon,233,209,57,101,12,1,10,1,62,14,1,68,10,6,0,4,0
2025,R,laurr001,scoring,137,121,33,53,8,0,4,1,48,10,1,36,5,2,0,4,0
2025,R,lawlj001,empty,47,44,5,8,3,0,0,0,0,3,0,19,0,0,0,0,0
2025,R,lawlj001,loaded,3,2,1,1,0,0,0,0,2,0,0,0,0,0,0,1,0
2025,R,lawlj001,menon,27,22,7,11,4,0,0,0,5,3,0,7,0,1,0,1,0
2025,R,lawlj001,scoring,13,11,4,6,2,0,0,0,5,0,0,3,0,1,0,1,0
2025,R,lee-b002,empty,290,273,62,98,6,0,10,0,10,17,0,51,0,0,0,0,0
2025,R,lee-b002,loaded,14,9,3,6,0,0,1,1,13,1,0,4,0,2,0,2,0
2025,R,lee-b002,menon,237,214,53,82,9,1,6,1,54,14,0,41,11,4,0,5,0
2025,R,lee-b002,scoring,136,118,30,43,5,1,2,1,44,10,0,22,3,3,0,5,0
2025,R,lee-j001,empty,369,332,88,126,22,5,2,0,2,34,0,37,0,3,0,0,0
2025,R,lee-j001,loaded,15,13,2,2,0,0,0,0,5,0,0,7,0,1,0,1,0
2025,R,lee-j001,menon,248,228,61,102,9,7,6,0,53,13,0,34,2,3,0,4,0
2025,R,lee-j001,scoring,131,117,30,49,4,3,3,0,43,8,0,21,0,2,0,4,0
2025,R,lee-k002,empty,25,21,7,9,2,0,0,0,0,4,0,4,0,0,0,0,0
2025,R,lee-k002,menon,15,14,2,6,1,0,1,0,3,0,0,3,1,0,1,0,0
2025,R,lee-k002,scoring,8,7,1,2,1,0,0,0,1,0,0,2,0,0,1,0,0
2025,R,leitj001,menon,1,1,0,0,0,0,0,0,0,0,0,1,0,0,0,0,0
2025,R,leitj001,scoring,1,1,0,0,0,0,0,0,0,0,0,1,0,0,0,0,0
2025,R,lemad001,empty,77,70,19,27,2,0,2,0,2,7,0,22,0,0,0,0,0
2025,R,lemad001,loaded,6,6,1,1,0,0,0,0,1,0,0,1,1,0,0,0,0
2025,R,lemad001,menon,65,58,15,16,1,0,0,0,10,7,0,13,4,0,0,0,0
2025,R,lemad001,scoring,41,38,11,12,1,0,0,0,10,3,0,9,2,0,0,0,0
2025,R,leons001,empty,5,5,0,0,0,0,0,0,0,0,0,1,0,0,0,0,0
2025,R,leons001,loaded,1,1,0,0,0,0,0,0,0,0,0,1,0,0,0,0,0
2025,R,leons001,menon,7,7,1,4,0,0,1,0,3,0,0,3,0,0,0,0,0
2025,R,leons001,scoring,6,6,1,4,0,0,1,0,3,0,0,3,0,0,0,0,0
2025,R,lewir003,empty,215,202,44,80,9,0,9,0,9,13,0,44,0,0,0,0,0
2025,R,lewir003,loaded,9,7,4,8,1,0,1,1,12,2,0,0,0,0,0,0,0
2025,R,lewir003,menon,188,174,45,66,9,0,4,1,43,12,0,36,7,0,0,2,0
2025,R,lewir003,scoring,116,107,29,40,5,0,2,1,38,7,0,25,1,0,0,2,0
2025,R,liled001,empty,191,173,50,85,7,5,6,0,6,15,0,32,0,2,0,0,1
2025,R,liled001,loaded,7,7,2,4,0,1,0,0,5,0,0,3,1,0,0,0,0
2025,R,liled001,menon,160,148,46,75,8,6,3,0,35,6,0,24,5,2,1,3,0
2025,R,liled001,scoring,94,86,26,41,3,3,2,0,29,4,0,15,1,1,0,3,0
2025,R,lindf001,empty,464,417,117,212,20,0,25,0,25,39,0,86,0,8,0,0,0
2025,R,lindf001,loaded,17,13,4,6,2,0,0,0,13,0,0,3,1,0,0,4,0
2025,R,lindf001,menon,268,227,55,88,15,0,6,0,61,26,2,45,9,8,0,7,0
2025,R,lindf001,scoring,152,125,32,51,7,0,4,0,54,13,2,27,2,7,0,7,0
2025,R,lipst001,empty,2,2,1,1,0,0,0,0,0,0,0,0,0,0,0,0,0
2025,R,lipst001,menon,2,2,1,1,0,0,0,0,0,0,0,1,0,0,0,0,0
2025,R,lipst001,scoring,2,2,1,1,0,0,0,0,0,0,0,1,0,0,0,0,0
2025,D,lockb001,empty,1,1,0,0,0,0,0,0,0,0,0,1,0,0,0,0,0
2025,R,lockb001,empty,84,79,17,24,5,1,0,0,0,4,0,22,0,1,0,0,0
2025,R,lockb001,loaded,6,6,3,3,0,0,0,0,5,0,0,1,2,0,0,0,0
2025,D,lockb001,menon,1,1,0,0,0,0,0,0,0,0,0,0,0,0,0,0,0
2025,R,lockb001,menon,64,55,14,16,2,0,0,0,11,4,0,14,2,0,3,2,0
2025,D,lockb001,scoring,1,1,0,0,0,0,0,0,0,0,0,0,0,0,0,0,0
2025,R,lockb001,scoring,41,34,8,9,1,0,0,0,11,3,0,10,2,0,2,2,0
2025,R,lockt001,empty,59,54,11,20,0,0,3,0,3,3,0,20,0,2,0,0,0
2025,R,lockt001,loaded,3,2,0,0,0,0,0,0,2,0,0,1,0,1,0,0,0
2025,R,lockt001,menon,57,49,7,7,0,0,0,0,3,7,0,23,3,1,0,0,0
2025,R,lockt001,scoring,40,33,2,2,0,0,0,0,3,6,0,17,1,1,0,0,0
2025,R,loftn001,empty,113,108,19,33,3,1,3,0,3,5,0,18,0,0,0,0,0
2025,R,loftn001,loaded,3,2,0,0,0,0,0,0,1,0,0,0,0,0,0,1,0
2025,R,loftn001,menon,75,60,16,27,6,1,1,0,17,9,0,9,7,3,1,2,0
2025,R,loftn001,scoring,38,30,9,13,2,1,0,0,11,5,0,4,3,1,0,2,0
2025,L,lopej008,empty,1,1,0,0,0,0,0,0,0,0,0,0,0,0,0,0,0
2025,R,lopej008,empty,56,52,17,30,1,0,4,0,4,2,0,18,0,2,0,0,0
2025,R,lopej008,loaded,2,2,1,1,0,0,0,0,2,0,0,0,0,0,0,0,0
2025,R,lopej008,menon,48,44,15,18,3,0,0,0,10,2,0,9,2,1,1,0,0
2025,R,lopej008,scoring,20,18,7,8,1,0,0,0,9,1,0,2,0,0,1,0,0
2025,R,lopen001,empty,14,12,0,0,0,0,0,0,0,2,0,3,0,0,0,0,0
2025,R,lopen001,loaded,1,0,0,0,0,0,0,0,1,1,0,0,0,0,0,0,0
2025,R,lopen001,menon,14,12,1,1,0,0,0,0,1,2,0,1,1,0,0,0,0
2025,R,lopen001,scoring,8,7,0,0,0,0,0,0,1,1,0,1,0,0,0,0,0
2025,R,lopeo001,empty,320,299,59,84,10,0,5,0,5,20,0,54,0,1,0,0,0
2025,R,lopeo001,loaded,15,14,5,7,2,0,0,0,9,0,0,0,0,0,0,1,0
2025,R,lopeo001,menon,274,245,75,116,11,0,10,0,72,24,2,28,9,2,0,3,0
2025,R,lopeo001,scoring,161,143,44,66,7,0,5,0,61,14,2,16,3,1,0,3,0
2025,R,loweb001,empty,301,287,66,124,10,0,16,0,16,13,0,87,0,1,0,0,0
2025,R,loweb001,loaded,11,8,2,5,0,0,1,1,9,0,0,5,0,0,0,3,0
2025,R,loweb001,menon,252,220,64,118,9,0,15,1,67,25,1,62,6,1,0,6,0
2025,R,loweb001,scoring,135,112,32,56,3,0,7,1,48,17,1,38,0,0,0,6,0
2025,R,lowej002,empty,257,232,52,90,13,2,7,0,7,24,0,66,0,1,0,0,0
2025,R,lowej002,loaded,4,2,1,1,0,0,0,0,4,1,0,0,0,0,0,1,0
2025,R,lowej002,menon,178,164,35,55,8,0,4,0,33,9,1,43,7,2,1,2,0
2025,R,lowej002,scoring,104,93,20,33,4,0,3,0,30,7,1,29,1,1,1,2,0
2025,F,lowen001,empty,2,2,1,1,0,0,0,0,0,0,0,0,0,0,0,0,0
2025,R,lowen001,empty,321,295,54,92,9,1,9,0,9,25,0,91,0,1,0,0,0
2025,R,lowen001,loaded,18,12,5,11,1,1,1,1,21,2,0,2,0,1,0,3,0
2025,F,lowen001,menon,5,5,0,0,0,0,0,0,0,0,0,1,1,0,0,0,0
2025,R,lowen001,menon,288,245,69,114,14,2,9,1,75,37,2,68,6,1,0,5,0
2025,F,lowen001,scoring,2,2,0,0,0,0,0,0,0,0,0,0,0,0,0,0,0
2025,R,lowen001,scoring,177,148,41,68,7,1,6,1,64,23,2,40,2,1,0,5,0
2025,R,lugom001,empty,37,37,8,18,1,0,3,0,3,0,0,14,0,0,0,0,0
2025,R,lugom001,loaded,2,2,0,0,0,0,0,0,0,0,0,0,1,0,0,0,0
2025,R,lugom001,menon,33,32,8,14,1,1,1,0,6,0,0,10,3,1,0,0,0
2025,R,lugom001,scoring,15,15,5,9,1,0,1,0,5,0,0,3,1,0,0,0,0
2025,D,luken001,empty,6,6,1,2,1,0,0,0,0,0,0,1,0,0,0,0,0
2025,L,luken001,empty,17,16,7,8,1,0,0,0,0,1,0,2,0,0,0,0,0
2025,R,luken001,empty,242,218,51,81,10,1,6,0,6,22,0,37,0,2,0,0,0
2025,W,luken001,empty,14,13,2,2,0,0,0,0,0,1,0,2,0,0,0,0,0
2025,D,luken001,loaded,1,1,1,2,1,0,0,0,2,0,0,0,0,0,0,0,0
2025,L,luken001,loaded,1,1,0,0,0,0,0,0,0,0,0,1,0,0,0,0,0
2025,R,luken001,loaded,13,10,5,7,2,0,0,0,12,2,0,2,1,0,0,1,0
2025,W,luken001,loaded,2,1,0,0,0,0,0,0,1,1,0,0,0,0,0,0,0
2025,D,luken001,menon,6,6,3,4,1,0,0,0,5,0,0,0,0,0,0,0,0
2025,L,luken001,menon,13,11,2,2,0,0,0,0,2,2,0,2,1,0,0,0,0
2025,R,luken001,menon,196,170,48,77,9,1,6,0,59,16,2,23,12,0,7,3,0
2025,W,luken001,menon,12,10,2,3,1,0,0,0,1,1,0,3,0,0,1,0,0
2025,D,luken001,scoring,5,5,3,4,1,0,0,0,5,0,0,0,0,0,0,0,0
2025,L,luken001,scoring,7,6,2,2,0,0,0,0,2,1,0,1,0,0,0,0,0
2025,R,luken001,scoring,118,102,34,44,5,1,1,0,48,10,2,18,1,0,3,3,0
2025,W,luken001,scoring,6,5,1,1,0,0,0,0,1,1,0,1,0,0,0,0,0
2025,F,lux-g001,empty,4,4,2,2,0,0,0,0,0,0,0,1,0,0,0,0,0
2025,R,lux-g001,empty,294,266,69,94,18,2,1,0,1,28,0,69,0,0,0,0,0
2025,R,lux-g001,loaded,8,8,2,5,0,0,1,1,7,0,0,2,0,0,0,0,0
2025,F,lux-g001,menon,2,2,1,1,0,0,0,0,0,0,0,0,0,0,0,0,0
2025,R,lux-g001,menon,209,180,51,73,10,0,4,1,52,28,0,45,3,0,0,1,0
2025,F,lux-g001,scoring,1,1,1,1,0,0,0,0,0,0,0,0,0,0,0,0,0
2025,R,lux-g001,scoring,130,115,33,42,6,0,1,1,44,14,0,32,1,0,0,1,0
2025,F,machm001,empty,7,5,0,0,0,0,0,0,0,2,0,1,0,0,0,0,0
2025,R,machm001,empty,354,331,100,175,15,0,20,0,20,21,0,64,0,2,0,0,0
2025,R,machm001,loaded,20,18,7,15,2,0,2,2,21,1,0,7,0,0,0,1,0
2025,F,machm001,menon,5,5,1,4,0,0,1,0,2,0,0,2,0,0,0,0,0
2025,R,machm001,menon,324,284,69,108,18,0,7,2,75,34,4,67,16,1,0,5,0
2025,F,machm001,scoring,4,4,1,4,0,0,1,0,2,0,0,1,0,0,0,0,0
2025,R,machm001,scoring,180,152,45,69,12,0,4,2,67,23,4,35,3,0,0,5,0
2025,R,machv001,empty,6,6,1,4,0,0,1,0,1,0,0,0,0,0,0,0,0
2025,R,machv001,menon,6,5,0,0,0,0,0,0,0,1,0,2,0,0,0,0,0
2025,R,machv001,scoring,4,3,0,0,0,0,0,0,0,1,0,1,0,0,0,0,0
2025,R,maciw001,empty,65,58,11,23,3,0,3,0,3,6,0,15,0,1,0,0,0
2025,R,maciw001,loaded,1,1,1,1,0,0,0,0,1,0,0,0,0,0,0,0,0
2025,R,maciw001,menon,46,44,8,10,2,0,0,0,6,1,0,12,1,1,0,0,0
2025,R,maciw001,scoring,26,25,5,6,1,0,0,0,6,1,0,6,0,0,0,0,0
2025,R,maill001,empty,29,27,7,10,0,0,1,0,1,2,0,10,0,0,0,0,0
2025,R,maill001,loaded,2,1,1,2,1,0,0,0,3,1,0,0,0,0,0,0,0
2025,R,maill001,menon,25,18,4,6,2,0,0,0,5,5,0,6,1,0,2,0,0
2025,R,maill001,scoring,13,9,3,4,1,0,0,0,4,2,0,4,0,0,2,0,0
2025,R,maldm001,empty,102,98,20,32,3,0,3,0,3,4,0,40,0,0,0,0,0
2025,R,maldm001,loaded,3,2,0,0,0,0,0,0,1,1,0,0,1,0,0,0,0
2025,R,maldm001,menon,59,49,10,16,3,0,1,0,9,4,0,17,3,0,6,0,0
2025,R,maldm001,scoring,35,29,4,5,1,0,0,0,6,2,0,15,2,0,4,0,0
2025,R,mallj001,empty,79,68,12,18,3,0,1,0,1,11,0,23,0,0,0,0,0
2025,R,mallj001,loaded,3,2,1,2,1,0,0,0,4,0,0,0,0,0,0,1,0
2025,F,mallj001,menon,1,1,0,0,0,0,0,0,0,0,0,1,0,0,0,0,0
2025,R,mallj001,menon,48,36,11,14,3,0,0,0,16,9,0,9,1,1,0,2,0
2025,F,mallj001,scoring,1,1,0,0,0,0,0,0,0,0,0,1,0,0,0,0,0
2025,R,mallj001,scoring,34,26,9,10,1,0,0,0,14,6,0,6,1,0,0,2,0
2025,R,mangj001,empty,241,227,58,75,11,0,2,0,2,13,0,37,0,1,0,0,0
2025,R,mangj001,loaded,10,9,2,2,0,0,0,0,4,0,0,2,0,0,0,1,0
2025,R,mangj001,menon,187,178,62,74,7,1,1,0,38,6,0,27,4,1,1,1,0
2025,R,mangj001,scoring,103,97,34,42,3,1,1,0,37,4,0,17,0,0,1,1,0
2025,F,manzk001,empty,7,6,1,1,0,0,0,0,0,1,0,2,0,0,0,0,0
2025,R,manzk001,empty,292,259,60,125,9,1,18,0,18,28,0,70,0,5,0,0,0
2025,R,manzk001,loaded,15,14,3,3,0,0,0,0,4,0,0,4,1,0,0,1,0
2025,F,manzk001,menon,5,5,0,0,0,0,0,0,0,0,0,1,1,0,0,0,0
2025,R,manzk001,menon,239,211,50,89,10,1,9,0,52,20,2,65,7,3,0,5,0
2025,F,manzk001,scoring,3,3,0,0,0,0,0,0,0,0,0,1,0,0,0,0,0
2025,R,manzk001,scoring,147,127,29,45,7,0,3,0,37,12,2,39,3,3,0,5,0
2025,R,marcr001,empty,62,56,11,13,2,0,0,0,0,6,0,10,0,0,0,0,0
2025,R,marcr001,loaded,6,3,0,0,0,0,0,0,4,1,0,1,0,1,0,1,0
2025,R,marcr001,menon,56,49,11,19,2,0,2,0,13,4,0,7,1,1,1,1,0
2025,R,marcr001,scoring,32,28,5,12,1,0,2,0,13,1,0,5,1,1,1,1,0
2025,R,margm001,empty,13,13,2,2,0,0,0,0,0,0,0,4,0,0,0,0,0
2025,R,margm001,loaded,2,1,1,1,0,0,0,0,2,0,0,0,0,0,0,1,0
2025,R,margm001,menon,7,6,4,4,0,0,0,0,3,0,0,2,0,0,0,1,0
2025,R,margm001,scoring,5,4,2,2,0,0,0,0,3,0,0,2,0,0,0,1,0
2025,D,marsb002,empty,6,5,0,0,0,0,0,0,0,1,0,2,0,0,0,0,0
2025,R,marsb002,empty,234,210,57,91,12,2,6,0,6,24,0,58,0,0,0,0,0
2025,D,marsb002,loaded,1,1,0,0,0,0,0,0,0,0,0,1,0,0,0,0,0
2025,R,marsb002,loaded,12,12,2,2,0,0,0,0,3,0,0,6,0,0,0,0,0
2025,D,marsb002,menon,9,8,1,1,0,0,0,0,1,0,0,3,0,0,0,1,0
2025,R,marsb002,menon,191,169,49,77,13,0,5,0,37,14,1,52,2,0,3,4,1
2025,D,marsb002,scoring,4,3,0,0,0,0,0,0,1,0,0,2,0,0,0,1,0
2025,R,marsb002,scoring,107,88,20,34,5,0,3,0,31,12,1,30,1,0,2,4,1
2025,R,marsj002,empty,142,127,34,51,11,0,2,0,2,14,0,33,0,1,0,0,0
2025,R,marsj002,loaded,6,5,2,4,0,1,0,0,5,1,0,3,0,0,0,0,0
2025,R,marsj002,menon,92,82,27,49,7,3,3,0,31,8,0,15,2,1,0,1,0
2025,R,marsj002,scoring,55,47,17,31,7,2,1,0,26,6,0,10,0,1,0,1,0
2025,R,marta007,empty,112,98,35,47,7,1,1,0,1,14,0,16,0,0,0,0,0
2025,R,marta007,loaded,6,6,2,3,1,0,0,0,5,0,0,1,0,0,0,0,0
2025,R,marta007,menon,69,58,9,10,1,0,0,0,6,8,0,15,6,1,2,0,0
2025,R,marta007,scoring,43,34,5,6,1,0,0,0,6,6,0,10,3,1,2,0,0
2025,F,marta008,empty,3,3,1,1,0,0,0,0,0,0,0,2,0,0,0,0,0
2025,R,marta008,empty,288,273,59,92,13,1,6,0,6,14,0,76,0,1,0,0,0
2025,R,marta008,loaded,15,15,3,7,1,0,1,1,8,0,0,4,1,0,0,0,0
2025,R,marta008,menon,196,173,41,68,10,1,5,1,39,9,0,34,8,5,5,4,0
2025,R,marta008,scoring,103,88,22,38,5,1,3,1,35,5,0,17,2,2,4,4,0
2025,R,martk001,empty,333,287,89,169,20,0,20,0,20,40,0,48,0,6,0,0,0
2025,R,martk001,loaded,13,13,2,2,0,0,0,0,4,0,0,5,1,0,0,0,0
2025,R,martk001,menon,223,193,47,79,8,0,8,0,52,24,6,35,12,3,0,3,0
2025,R,martk001,scoring,138,121,30,47,5,0,4,0,43,13,6,20,1,1,0,3,0
2025,R,martn003,empty,78,72,18,24,3,0,1,0,1,6,0,12,0,0,0,0,0
2025,R,martn003,menon,33,30,5,6,1,0,0,0,3,3,1,6,1,0,0,0,0
2025,R,martn003,scoring,18,15,2,2,0,0,0,0,3,3,1,3,0,0,0,0,0
2025,F,martn004,empty,2,2,0,0,0,0,0,0,0,0,0,1,0,0,0,0,0
2025,R,martn004,empty,188,181,45,83,6,1,10,0,10,7,0,43,0,0,0,0,0
2025,R,martn004,loaded,10,10,1,4,0,0,1,1,4,0,0,5,0,0,0,0,0
2025,F,martn004,menon,2,1,0,0,0,0,0,0,0,1,0,1,0,0,0,0,0
2025,R,martn004,menon,172,158,44,69,11,1,4,1,41,9,0,42,7,3,0,2,0
2025,F,martn004,scoring,2,1,0,0,0,0,0,0,0,1,0,1,0,0,0,0,0
2025,R,martn004,scoring,98,87,25,37,6,0,2,1,33,8,0,21,1,1,0,2,0
2025,R,marts002,empty,193,180,53,87,10,0,8,0,8,9,0,46,0,4,0,0,0
2025,R,marts002,loaded,13,12,4,4,0,0,0,0,7,0,0,4,1,0,0,1,0
2025,R,marts002,menon,136,113,26,33,4,0,1,0,26,13,0,22,7,5,1,4,0
2025,R,marts002,scoring,79,59,15,17,2,0,0,0,24,11,0,9,4,4,1,4,0
2025,R,massm001,empty,159,153,37,45,5,0,1,0,1,6,0,24,0,0,0,0,0
2025,R,massm001,loaded,4,3,1,1,0,0,0,0,3,1,0,1,0,0,0,0,0
2025,R,massm001,menon,118,109,27,37,4,0,2,0,19,3,0,19,3,1,1,4,0
2025,R,massm001,scoring,72,65,14,19,2,0,1,0,17,2,0,15,0,0,1,4,0
2025,L,mastm001,empty,1,1,0,0,0,0,0,0,0,0,0,1,0,0,0,0,0
2025,R,mastm001,empty,101,91,22,27,2,0,1,0,1,10,0,17,0,0,0,0,0
2025,R,mastm001,loaded,4,4,1,1,0,0,0,0,1,0,0,1,0,0,0,0,0
2025,R,mastm001,menon,74,61,16,18,2,0,0,0,11,7,0,12,2,0,5,1,0
2025,R,mastm001,scoring,50,40,9,10,1,0,0,0,10,4,0,9,2,0,5,1,0
2025,R,matej003,empty,45,41,8,11,3,0,0,0,0,4,0,16,0,0,0,0,0
2025,R,matej003,loaded,3,3,0,0,0,0,0,0,0,0,0,3,0,0,0,0,0
2025,R,matej003,menon,38,38,6,10,1,0,1,0,3,0,0,14,1,0,0,0,0
2025,R,matej003,scoring,20,20,2,5,0,0,1,0,3,0,0,8,1,0,0,0,0
2025,R,matol002,empty,103,99,26,48,8,1,4,0,4,4,0,13,0,0,0,0,0
2025,R,matol002,loaded,6,6,2,3,1,0,0,0,5,0,0,1,0,0,0,0,0
2025,R,matol002,menon,81,73,12,25,1,0,4,0,18,7,0,14,5,0,0,1,0
2025,R,matol002,scoring,42,38,7,14,1,0,2,0,14,3,0,9,1,0,0,1,0
2025,R,maton001,empty,44,36,7,14,1,0,2,0,2,8,0,11,0,0,0,0,0
2025,R,maton001,loaded,1,1,0,0,0,0,0,0,1,0,0,0,0,0,0,0,0
2025,R,maton001,menon,19,18,2,3,1,0,0,0,2,1,0,8,0,0,0,0,0
2025,R,maton001,scoring,10,9,2,3,1,0,0,0,2,1,0,3,0,0,0,0,0
2025,R,mattb001,empty,26,23,2,5,0,0,1,0,1,2,0,12,0,1,0,0,0
2025,R,mattb001,loaded,0,0,0,0,0,0,0,0,0,0,0,0,0,0,0,0,0
2025,R,mattb001,menon,21,19,5,14,0,0,3,0,8,0,0,8,0,0,2,0,0
2025,R,mattb001,scoring,12,10,1,4,0,0,1,0,4,0,0,5,0,0,2,0,0
2025,R,maurr002,empty,109,100,26,48,4,0,6,0,6,9,0,31,0,0,0,0,0
2025,R,maurr002,loaded,6,6,0,0,0,0,0,0,0,0,0,2,0,0,0,0,0
2025,R,maurr002,menon,75,68,12,14,2,0,0,0,4,6,1,23,5,1,0,0,0
2025,R,maurr002,scoring,39,35,4,6,2,0,0,0,4,4,1,13,0,0,0,0,0
2025,R,mayem002,empty,73,70,22,42,6,1,4,0,4,3,0,19,0,0,0,0,0
2025,R,mayem002,loaded,1,0,0,0,0,0,0,0,1,1,0,0,0,0,0,0,0
2025,R,mayem002,menon,63,57,7,9,2,0,0,0,6,5,0,22,2,0,0,1,0
2025,R,mayem002,scoring,38,33,4,6,2,0,0,0,6,4,0,14,0,0,0,1,0
2025,R,mayoc001,empty,171,154,35,64,5,0,8,0,8,16,0,47,0,1,0,0,0
2025,R,mayoc001,loaded,6,6,1,2,1,0,0,0,3,0,0,1,0,0,0,0,0
2025,R,mayoc001,menon,123,109,22,38,7,0,3,0,20,11,0,37,2,3,0,0,0
2025,R,mayoc001,scoring,69,60,13,27,5,0,3,0,20,8,0,20,0,1,0,0,0
2025,R,mccaj001,empty,80,71,16,27,2,0,3,0,3,7,0,17,0,2,0,0,0
2025,R,mccaj001,loaded,4,3,2,2,0,0,0,0,4,0,0,0,0,0,0,1,0
2025,R,mccaj001,menon,57,52,16,26,4,0,2,0,14,1,0,16,3,2,1,1,0
2025,R,mccaj001,scoring,33,28,8,16,2,0,2,0,13,1,0,10,1,2,1,1,0
2025,R,mccaj003,empty,139,129,26,45,4,3,3,0,3,8,0,22,0,2,0,0,0
2025,R,mccaj003,loaded,10,9,1,3,0,1,0,0,6,0,0,4,0,0,0,1,0
2025,R,mccaj003,menon,83,77,16,26,3,2,1,0,17,2,0,18,2,0,3,1,0
2025,R,mccaj003,scoring,53,48,7,12,0,1,1,0,15,2,0,13,1,0,2,1,0
2025,R,mccoc001,empty,65,57,11,14,3,0,0,0,0,7,0,17,0,1,0,0,0
2025,R,mccoc001,menon,51,43,10,15,2,0,1,0,5,2,0,14,1,0,5,1,0
2025,R,mccoc001,scoring,26,20,3,6,0,0,1,0,4,1,0,8,0,0,4,1,0
2025,R,mccom002,empty,14,13,2,3,1,0,0,0,0,1,0,3,0,0,0,0,0
2025,R,mccom002,loaded,2,2,0,0,0,0,0,0,0,0,0,1,0,0,0,0,0
2025,R,mccom002,menon,12,9,1,1,0,0,0,0,1,2,0,4,0,1,0,0,0
2025,R,mccom002,scoring,8,7,1,1,0,0,0,0,1,1,0,3,0,0,0,0,0
2025,R,mccrg001,empty,14,14,1,3,0,1,0,0,0,0,0,7,0,0,0,0,0
2025,R,mccrg001,loaded,1,1,0,0,0,0,0,0,0,0,0,0,1,0,0,0,0
2025,R,mccrg001,menon,12,8,1,1,0,0,0,0,2,2,0,4,1,0,1,1,0
2025,R,mccrg001,scoring,9,5,1,1,0,0,0,0,2,2,0,1,1,0,1,1,0
2025,R,mccua001,empty,317,277,65,97,11,0,7,0,7,38,0,67,0,1,0,0,1
2025,R,mccua001,loaded,11,9,4,4,0,0,0,0,9,2,0,2,0,0,0,0,0
2025,R,mccua001,menon,234,200,49,78,11,0,6,0,50,29,5,51,12,1,0,3,1
2025,R,mccua001,scoring,129,104,22,40,6,0,4,0,43,20,5,31,6,1,0,3,1
2025,R,mccuc001,empty,19,18,3,3,0,0,0,0,0,1,0,13,0,0,0,0,0
2025,R,mccuc001,loaded,1,1,0,0,0,0,0,0,0,0,0,0,0,0,0,0,0
2025,R,mccuc001,menon,11,11,2,2,0,0,0,0,1,0,0,3,0,0,0,0,0
2025,R,mccuc001,scoring,6,6,0,0,0,0,0,0,1,0,0,2,0,0,0,0,0
2025,R,mcgur002,empty,73,70,15,33,0,0,6,0,6,3,0,15,0,0,0,0,0
2025,R,mcgur002,loaded,4,4,2,5,0,0,1,1,5,0,0,0,0,0,0,0,0
2025,R,mcgur002,menon,67,63,15,26,2,0,3,1,18,1,0,12,3,0,1,2,0
2025,R,mcgur002,scoring,40,37,7,14,1,0,2,1,15,1,0,10,1,0,0,2,0
2025,R,mckib001,empty,14,13,2,3,1,0,0,0,0,1,0,0,0,0,0,0,0
2025,R,mckib001,menon,7,7,2,2,0,0,0,0,1,0,0,1,0,0,0,0,0
2025,R,mckib001,scoring,4,4,1,1,0,0,0,0,1,0,0,1,0,0,0,0,0
2025,D,mckiz001,empty,16,16,3,3,0,0,0,0,0,0,0,5,0,0,0,0,0
2025,F,mckiz001,empty,6,5,0,0,0,0,0,0,0,1,0,1,0,0,0,0,0
2025,R,mckiz001,empty,282,258,70,124,11,8,9,0,9,21,0,60,0,3,0,0,0
2025,F,mckiz001,loaded,1,1,0,0,0,0,0,0,0,0,0,1,0,0,0,0,0
2025,R,mckiz001,loaded,12,12,1,1,0,0,0,0,4,0,0,6,1,0,0,0,0
2025,D,mckiz001,menon,6,5,2,2,0,0,0,0,2,1,0,1,0,0,0,0,0
2025,F,mckiz001,menon,6,3,0,0,0,0,0,0,1,2,0,3,0,0,1,0,0
2025,R,mckiz001,menon,229,194,47,74,12,3,3,0,40,25,1,51,6,4,1,5,0
2025,D,mckiz001,scoring,3,3,2,2,0,0,0,0,2,0,0,1,0,0,0,0,0
2025,F,mckiz001,scoring,4,2,0,0,0,0,0,0,1,1,0,2,0,0,1,0,0
2025,R,mckiz001,scoring,130,105,22,31,4,1,1,0,33,17,1,32,2,3,0,5,0
2025,F,mclam001,empty,6,6,2,3,1,0,0,0,0,0,0,4,0,0,0,0,0
2025,R,mclam001,empty,319,291,63,101,11,0,9,0,9,26,0,102,0,2,0,0,0
2025,R,mclam001,loaded,16,11,1,1,0,0,0,0,9,3,0,3,1,0,0,2,0
2025,F,mclam001,menon,2,1,0,0,0,0,0,0,0,1,0,1,0,0,0,0,0
2025,R,mclam001,menon,258,219,49,74,7,0,6,0,41,29,0,65,8,3,3,4,0
2025,F,mclam001,scoring,1,0,0,0,0,0,0,0,0,1,0,0,0,0,0,0,0
2025,R,mclam001,scoring,138,111,20,29,3,0,2,0,33,21,0,38,4,0,2,4,0
2025,D,mcmar001,empty,8,8,3,6,0,0,1,0,1,0,0,0,0,0,0,0,0
2025,F,mcmar001,empty,3,3,1,1,0,0,0,0,0,0,0,1,0,0,0,0,0
2025,R,mcmar001,empty,343,306,69,126,18,0,13,0,13,35,0,113,0,2,0,0,0
2025,R,mcmar001,loaded,10,8,2,3,1,0,0,0,5,1,0,3,0,0,0,1,0
2025,D,mcmar001,menon,2,2,0,0,0,0,0,0,0,0,0,0,0,0,0,0,0
2025,F,mcmar001,menon,2,1,0,0,0,0,0,0,0,1,0,1,0,0,0,0,0
2025,R,mcmar001,menon,243,203,40,68,5,1,7,0,40,35,1,76,7,2,0,3,0
2025,F,mcmar001,scoring,1,0,0,0,0,0,0,0,0,1,0,0,0,0,0,0,0
2025,R,mcmar001,scoring,154,125,23,37,3,1,3,0,32,24,1,46,2,2,0,3,0
2025,R,mcnej002,empty,270,238,59,100,13,2,8,0,8,26,0,32,0,6,0,0,0
2025,R,mcnej002,loaded,12,10,2,2,0,0,0,0,5,0,0,1,1,0,0,2,0
2025,R,mcnej002,menon,192,161,38,64,8,3,4,0,46,23,4,23,5,2,2,4,0
2025,R,mcnej002,scoring,118,97,27,48,6,3,3,0,44,16,4,13,3,0,1,4,0
2025,R,meadc001,empty,154,139,30,44,6,1,2,0,2,12,0,37,0,3,0,0,0
2025,R,meadc001,loaded,9,8,1,1,0,0,0,0,3,0,0,4,0,0,0,1,0
2025,R,meadc001,menon,110,101,26,33,4,0,1,0,17,3,0,26,9,5,0,1,0
2025,R,meadc001,scoring,59,53,13,16,3,0,0,0,15,2,0,18,1,3,0,1,0
2025,D,meadp001,empty,10,10,1,1,0,0,0,0,0,0,0,3,0,0,0,0,0
2025,F,meadp001,empty,7,7,2,2,0,0,0,0,0,0,0,1,0,0,0,0,0
2025,R,meadp001,empty,136,124,24,32,4,2,0,0,0,12,0,39,0,0,0,0,0
2025,R,meadp001,loaded,4,4,1,1,0,0,0,0,2,0,0,2,0,0,0,0,0
2025,D,meadp001,menon,9,7,0,0,0,0,0,0,0,0,0,4,0,0,2,0,0
2025,F,meadp001,menon,6,5,1,1,0,0,0,0,0,1,0,2,0,0,0,0,0
2025,R,meadp001,menon,77,67,17,31,2,0,4,0,16,9,0,17,0,0,0,1,0
2025,D,meadp001,scoring,4,3,0,0,0,0,0,0,0,0,0,3,0,0,1,0,0
2025,F,meadp001,scoring,4,4,1,1,0,0,0,0,0,0,0,1,0,0,0,0,0
2025,R,meadp001,scoring,42,35,7,14,1,0,2,0,12,6,0,8,0,0,0,1,0
2025,R,meidc001,empty,326,297,79,103,12,0,4,0,4,25,0,51,0,4,0,0,0
2025,R,meidc001,loaded,1,1,0,0,0,0,0,0,0,0,0,0,0,0,0,0,0
2025,R,meidc001,menon,179,153,35,41,3,0,1,0,19,20,0,21,14,2,3,1,0
2025,R,meidc001,scoring,110,91,21,22,1,0,0,0,17,15,0,15,3,1,2,1,0
2025,R,melem001,empty,44,42,3,8,2,0,1,0,1,2,0,20,0,0,0,0,0
2025,R,melem001,loaded,2,2,0,0,0,0,0,0,0,0,0,0,0,0,0,0,0
2025,R,melem001,menon,21,18,2,2,0,0,0,0,0,1,0,3,0,2,0,0,0
2025,R,melem001,scoring,11,10,0,0,0,0,0,0,0,0,0,1,0,1,0,0,0
2025,R,meltj001,empty,44,41,5,5,0,0,0,0,0,2,0,17,0,1,0,0,0
2025,R,meltj001,loaded,1,1,1,1,0,0,0,0,1,0,0,0,0,0,0,0,0
2025,R,meltj001,menon,34,29,6,8,0,1,0,0,7,4,0,12,2,0,0,0,1
2025,R,meltj001,scoring,22,19,6,8,0,1,0,0,7,3,0,9,0,0,0,0,0
2025,F,merrj002,empty,8,7,3,8,2,0,1,0,1,1,0,2,0,0,0,0,0
2025,R,merrj002,empty,244,230,60,111,13,1,12,0,12,13,0,53,0,1,0,0,0
2025,R,merrj002,loaded,9,7,3,6,1,1,0,0,9,1,0,2,1,0,0,1,0
2025,F,merrj002,menon,4,2,0,0,0,0,0,0,1,0,0,0,1,0,1,1,0
2025,R,merrj002,menon,239,210,56,90,12,5,4,0,55,20,1,55,4,3,1,5,0
2025,F,merrj002,scoring,1,0,0,0,0,0,0,0,1,0,0,0,0,0,0,1,0
2025,R,merrj002,scoring,134,110,32,51,9,2,2,0,47,16,1,31,2,2,1,5,0
2025,R,mervm001,empty,70,65,13,25,3,0,3,0,3,4,0,20,0,1,0,0,0
2025,R,mervm001,loaded,2,1,0,0,0,0,0,0,1,0,0,0,0,0,0,1,0
2025,R,mervm001,menon,64,55,8,21,1,0,4,0,11,7,1,30,1,1,0,1,0
2025,R,mervm001,scoring,29,23,3,9,0,0,2,0,7,5,1,13,0,0,0,1,0
2025,R,mesav001,empty,13,11,2,3,1,0,0,0,0,2,0,2,0,0,0,0,0
2025,R,mesav001,menon,25,21,4,8,1,0,1,0,6,3,0,3,0,0,1,0,0
2025,R,mesav001,scoring,18,14,3,7,1,0,1,0,6,3,0,2,0,0,1,0,0
2025,R,meyej002,empty,223,209,64,81,9,1,2,0,2,13,0,39,0,1,0,0,0
2025,R,meyej002,loaded,8,8,1,1,0,0,0,0,3,0,0,1,1,0,0,0,0
2025,R,meyej002,menon,158,134,36,47,6,1,1,0,22,18,0,28,9,2,2,2,0
2025,R,meyej002,scoring,85,71,15,22,2,1,1,0,20,11,0,18,2,1,0,2,0
2025,R,milld003,empty,29,27,5,7,2,0,0,0,0,2,0,4,0,0,0,0,0
2025,R,milld003,loaded,2,2,1,2,1,0,0,0,2,0,0,0,0,0,0,0,0
2025,R,milld003,menon,26,22,10,15,3,1,0,0,7,2,0,3,0,0,1,0,1
2025,R,milld003,scoring,14,12,6,10,2,1,0,0,6,1,0,1,0,0,1,0,0
2025,R,millo002,empty,10,8,1,1,0,0,0,0,0,1,0,3,0,1,0,0,0
2025,R,millo002,menon,7,6,1,1,0,0,0,0,1,1,0,1,0,0,0,0,0
2025,R,millo002,scoring,2,2,0,0,0,0,0,0,1,0,0,1,0,0,0,0,0
2025,R,miraj002,empty,16,16,4,4,0,0,0,0,0,0,0,6,0,0,0,0,0
2025,R,miraj002,loaded,2,2,1,1,0,0,0,0,2,0,0,1,0,0,0,0,0
2025,R,miraj002,menon,20,20,2,5,0,0,1,0,5,0,0,7,0,0,0,0,0
2025,R,miraj002,scoring,16,16,2,5,0,0,1,0,5,0,0,6,0,0,0,0,0
2025,R,misnk001,empty,116,109,21,37,4,0,4,0,4,7,0,37,0,0,0,0,0
2025,R,misnk001,loaded,6,4,0,0,0,0,0,0,3,1,0,1,0,0,0,1,0
2025,R,misnk001,menon,101,88,21,31,5,1,1,0,18,9,0,32,1,1,1,2,0
2025,R,misnk001,scoring,63,51,13,18,3,1,0,0,16,8,0,18,0,1,1,2,0
2025,R,mitcg001,empty,46,43,8,14,4,1,0,0,0,3,0,20,0,0,0,0,0
2025,R,mitcg001,loaded,1,1,0,0,0,0,0,0,0,0,0,0,0,0,0,0,0
2025,R,mitcg001,menon,32,25,6,6,0,0,0,0,3,4,0,5,0,1,1,1,0
2025,R,mitcg001,scoring,14,10,2,2,0,0,0,0,3,3,0,2,0,0,0,1,0
2025,R,monaa001,empty,74,71,20,35,6,0,3,0,3,2,0,18,0,1,0,0,0
2025,R,monaa001,loaded,2,2,1,1,0,0,0,0,1,0,0,0,0,0,0,0,0
2025,L,monaa001,menon,1,0,0,0,0,0,0,0,0,1,0,0,0,0,0,0,0
2025,R,monaa001,menon,61,55,14,20,3,0,1,0,13,5,0,14,1,1,0,0,0
2025,L,monaa001,scoring,1,0,0,0,0,0,0,0,0,1,0,0,0,0,0,0,0
2025,R,monaa001,scoring,37,34,10,15,2,0,1,0,13,3,0,9,0,0,0,0,0
2025,R,moncy001,empty,159,143,29,61,9,1,7,0,7,13,0,43,0,3,0,0,0
2025,R,moncy001,loaded,4,2,0,0,0,0,0,0,2,1,0,1,0,0,0,1,0
2025,R,moncy001,menon,130,105,29,50,4,1,5,0,28,19,1,32,4,4,0,2,0
2025,R,moncy001,scoring,64,51,14,28,2,0,4,0,25,9,1,18,2,2,0,2,0
2025,R,monim001,empty,274,263,67,128,13,3,14,0,14,9,0,68,0,2,0,0,0
2025,R,monim001,loaded,5,3,0,0,0,0,0,0,3,2,0,2,0,0,0,0,0
2025,R,monim001,menon,187,171,50,97,7,5,10,0,54,13,1,42,4,0,0,3,0
2025,R,monim001,scoring,105,93,31,62,4,3,7,0,46,9,1,17,1,0,0,3,0
2025,R,montc002,empty,7,7,1,1,0,0,0,0,0,0,0,3,0,0,0,0,0
2025,R,montc002,menon,3,3,1,1,0,0,0,0,1,0,0,0,0,0,0,0,0
2025,R,montc002,scoring,2,2,1,1,0,0,0,0,1,0,0,0,0,0,0,0,0
2025,R,montc004,empty,145,130,28,64,6,0,10,0,10,14,0,46,0,1,0,0,0
2025,R,montc004,loaded,12,12,4,9,2,0,1,1,11,0,0,2,0,0,0,0,0
2025,R,montc004,menon,139,125,33,71,3,1,11,1,45,11,1,37,3,1,0,1,1
2025,R,montc004,scoring,83,75,16,32,2,1,4,1,30,6,1,23,2,0,0,1,1
2025,R,moorc002,empty,121,106,21,42,4,1,5,0,5,14,0,39,0,1,0,0,0
2025,R,moorc002,loaded,5,4,0,0,0,0,0,0,1,1,0,2,0,0,0,0,0
2025,R,moorc002,menon,63,56,11,18,1,0,2,0,11,5,0,23,3,0,1,1,0
2025,R,moorc002,scoring,36,31,7,10,0,0,1,0,9,3,0,13,0,0,1,1,0
2025,R,moord002,empty,143,131,30,54,3,0,7,0,7,12,0,49,0,0,0,0,0
2025,R,moord002,loaded,6,5,1,1,0,0,0,0,3,0,0,2,0,0,0,1,0
2025,R,moord002,menon,100,88,14,28,2,0,4,0,18,8,0,33,1,1,0,3,0
2025,R,moord002,scoring,57,49,6,7,1,0,0,0,10,5,0,22,1,0,0,3,0
2025,R,morec001,empty,174,165,39,70,7,0,8,0,8,8,0,69,0,1,0,0,0
2025,R,morec001,loaded,7,7,3,5,2,0,0,0,7,0,0,2,0,0,0,0,0
2025,R,morec001,menon,131,113,22,40,9,0,3,0,25,17,0,40,8,1,0,0,0
2025,R,morec001,scoring,75,63,16,31,6,0,3,0,24,12,0,21,3,0,0,0,0
2025,R,moreg001,empty,162,149,42,56,6,1,2,0,2,13,0,23,0,0,0,0,0
2025,R,moreg001,loaded,6,6,1,4,0,0,1,1,4,0,0,2,0,0,0,0,0
2025,R,moreg001,menon,147,128,37,64,6,0,7,1,38,16,3,30,6,1,0,2,0
2025,R,moreg001,scoring,82,70,19,39,2,0,6,1,33,9,3,12,1,1,0,2,0
2025,R,mounr001,empty,194,186,47,72,10,0,5,0,5,7,0,50,0,1,0,0,0
2025,R,mounr001,loaded,5,4,1,1,0,0,0,0,3,0,0,2,0,0,0,1,0
2025,R,mounr001,menon,163,146,36,50,8,0,2,0,30,8,0,48,10,3,0,6,0
2025,R,mounr001,scoring,92,79,17,21,4,0,0,0,24,6,0,29,5,1,0,6,0
2025,R,mullc002,empty,275,244,51,92,11,0,10,0,10,29,0,66,0,2,0,0,0
2025,R,mullc002,loaded,15,11,3,6,0,0,1,1,13,1,0,3,0,0,0,3,0
2025,R,mullc002,menon,223,191,43,78,12,1,7,1,49,21,0,54,2,2,3,6,0
2025,R,mullc002,scoring,119,94,21,39,4,1,4,1,42,16,0,26,1,1,2,6,0
2025,D,muncm001,empty,4,4,1,2,1,0,0,0,0,0,0,1,0,0,0,0,0
2025,F,muncm001,empty,5,4,1,1,0,0,0,0,0,0,0,1,0,1,0,0,0
2025,L,muncm001,empty,8,6,1,4,0,0,1,0,1,2,0,1,0,0,0,0,0
2025,R,muncm001,empty,198,164,34,56,3,2,5,0,5,30,0,44,0,4,0,0,0
2025,W,muncm001,empty,22,19,2,8,0,0,2,0,2,3,0,8,0,0,0,0,0
2025,L,muncm001,loaded,2,2,0,0,0,0,0,0,0,0,0,1,1,0,0,0,0
2025,R,muncm001,loaded,9,6,3,9,0,0,2,2,12,0,0,1,1,0,0,3,0
2025,D,muncm001,menon,6,5,3,3,0,0,0,0,0,1,0,0,1,0,0,0,0
2025,F,muncm001,menon,5,3,0,0,0,0,0,0,0,2,1,2,0,0,0,0,0
2025,L,muncm001,menon,8,6,0,0,0,0,0,0,0,2,0,1,1,0,0,0,0
2025,R,muncm001,menon,190,149,42,91,7,0,14,2,62,34,2,39,4,2,0,5,0
2025,W,muncm001,menon,10,9,4,5,1,0,0,0,0,1,0,3,0,0,0,0,0
2025,D,muncm001,scoring,3,2,0,0,0,0,0,0,0,1,0,0,1,0,0,0,0
2025,F,muncm001,scoring,3,2,0,0,0,0,0,0,0,1,1,1,0,0,0,0,0
2025,L,muncm001,scoring,6,5,0,0,0,0,0,0,0,1,0,1,1,0,0,0,0
2025,R,muncm001,scoring,109,84,25,62,4,0,11,2,54,19,2,21,1,1,0,5,0
2025,W,muncm001,scoring,4,3,0,0,0,0,0,0,0,1,0,1,0,0,0,0,0
2025,R,muncm002,empty,133,128,27,42,3,0,4,0,4,4,0,42,0,1,0,0,0
2025,R,muncm002,loaded,4,4,1,1,0,0,0,0,2,0,0,1,0,0,0,0,0
2025,R,muncm002,menon,87,78,17,36,4,0,5,0,19,6,0,26,1,2,0,1,0
2025,R,muncm002,scoring,46,40,9,18,3,0,2,0,13,3,0,14,0,2,0,1,0
2025,R,murps001,empty,180,158,29,63,7,0,9,0,9,16,0,59,0,6,0,0,0
2025,R,murps001,loaded,8,6,3,7,1,0,1,1,11,0,0,2,0,0,0,2,0
2025,R,murps001,menon,157,133,29,56,6,0,7,1,36,19,1,46,9,2,0,3,0
2025,R,murps001,scoring,83,64,17,36,4,0,5,1,32,14,1,22,2,2,0,3,0
2025,R,myerd001,empty,193,176,41,55,5,0,3,0,3,16,0,48,0,1,0,0,0
2025,R,myerd001,loaded,9,8,2,5,0,0,1,1,6,0,0,1,2,0,0,1,0
2025,R,myerd001,menon,140,131,31,45,5,0,3,1,28,7,0,29,12,1,0,1,0
2025,R,myerd001,scoring,87,81,22,35,4,0,3,1,28,4,0,16,7,1,0,1,0
2025,F,narvc002,empty,8,5,0,0,0,0,0,0,0,3,0,3,0,0,0,0,0
2025,R,narvc002,empty,234,210,47,86,15,0,8,0,8,24,0,66,0,0,0,0,0
2025,R,narvc002,loaded,11,10,1,1,0,0,0,0,3,0,0,3,1,0,0,1,0
2025,F,narvc002,menon,3,3,0,0,0,0,0,0,0,0,0,1,1,0,0,0,0
2025,R,narvc002,menon,212,193,50,83,12,0,7,0,42,14,0,45,12,1,2,2,0
2025,R,narvc002,scoring,133,118,28,48,5,0,5,0,37,10,0,31,2,1,2,2,0
2025,R,narvo001,empty,3,3,1,1,0,0,0,0,0,0,0,0,0,0,0,0,0
2025,R,narvo001,loaded,1,1,1,1,0,0,0,0,2,0,0,0,0,0,0,0,0
2025,R,narvo001,menon,7,4,1,1,0,0,0,0,3,2,0,1,0,0,0,1,0
2025,R,narvo001,scoring,5,3,1,1,0,0,0,0,3,1,0,1,0,0,0,1,0
2025,R,navab001,empty,7,7,1,1,0,0,0,0,0,0,0,1,0,0,0,0,0
2025,R,navab001,loaded,1,1,0,0,0,0,0,0,0,0,0,1,0,0,0,0,0
2025,R,navab001,menon,8,7,3,8,2,0,1,0,5,0,0,2,0,0,0,1,0
2025,R,navab001,scoring,7,6,3,8,2,0,1,0,5,0,0,2,0,0,0,1,0
2025,F,naylb001,empty,4,4,0,0,0,0,0,0,0,0,0,1,0,0,0,0,0
2025,R,naylb001,empty,238,219,42,90,13,1,11,0,11,18,0,62,0,1,0,0,0
2025,R,naylb001,loaded,8,6,1,1,0,0,0,0,5,0,0,2,0,0,0,2,0
2025,F,naylb001,menon,4,4,1,4,0,0,1,0,3,0,0,0,0,0,0,0,0
2025,R,naylb001,menon,176,140,28,46,9,0,3,0,36,27,0,37,4,0,3,6,0
2025,F,naylb001,scoring,2,2,1,4,0,0,1,0,3,0,0,0,0,0,0,0,0
2025,R,naylb001,scoring,103,77,19,36,8,0,3,0,35,17,0,18,0,0,3,6,0
2025,D,naylj001,empty,16,16,5,7,2,0,0,0,0,0,0,1,0,0,0,0,0
2025,L,naylj001,empty,16,16,7,13,0,0,2,0,2,0,0,2,0,0,0,0,0
2025,R,naylj001,empty,320,290,78,123,12,0,11,0,11,26,0,47,0,2,0,0,2
2025,R,naylj001,loaded,15,13,6,11,2,0,1,1,15,1,0,5,1,0,0,1,0
2025,D,naylj001,menon,8,7,1,1,0,0,0,0,0,1,0,0,1,0,0,0,0
2025,L,naylj001,menon,11,8,3,6,0,0,1,0,3,3,0,3,0,0,0,0,0
2025,R,naylj001,menon,284,253,82,128,17,1,9,1,81,22,4,36,17,2,0,5,2
2025,D,naylj001,scoring,3,3,0,0,0,0,0,0,0,0,0,0,1,0,0,0,0
2025,L,naylj001,scoring,5,5,1,1,0,0,0,0,1,0,0,2,0,0,0,0,0
2025,R,naylj001,scoring,171,148,39,60,10,1,3,1,66,16,4,23,8,0,0,5,2
2025,R,nelsr003,menon,1,1,1,1,0,0,0,0,1,0,0,0,0,0,0,0,0
2025,R,nelsr003,scoring,1,1,1,1,0,0,0,0,1,0,0,0,0,0,0,0,0
2025,R,netoz001,empty,379,349,88,172,18,0,22,0,22,22,0,109,0,8,0,0,0
2025,R,netoz001,loaded,8,5,4,5,1,0,0,0,8,0,0,1,0,2,0,1,0
2025,R,netoz001,menon,175,153,41,66,11,1,4,0,40,11,6,40,5,6,2,3,0
2025,R,netoz001,scoring,107,87,25,41,8,1,2,0,34,10,6,27,0,5,2,3,0
2025,R,newmk001,empty,66,66,12,13,1,0,0,0,0,0,0,13,0,0,0,0,0
2025,R,newmk001,loaded,3,3,0,0,0,0,0,0,2,0,0,0,0,0,0,0,0
2025,R,newmk001,menon,50,48,11,18,1,0,2,0,11,1,0,10,5,0,1,0,0
2025,R,newmk001,scoring,36,34,7,10,0,0,1,0,9,1,0,6,5,0,1,0,0
2025,R,nidot001,empty,18,18,6,6,0,0,0,0,0,0,0,6,0,0,0,0,0
2025,R,nidot001,loaded,1,1,0,0,0,0,0,0,0,0,0,0,0,0,0,0,0
2025,R,nidot001,menon,19,17,6,6,0,0,0,0,2,0,0,4,1,1,1,0,0
2025,R,nidot001,scoring,9,8,2,2,0,0,0,0,2,0,0,2,0,1,0,0,0
2025,R,nimmb001,empty,367,333,87,145,16,0,14,0,14,29,0,88,0,5,0,0,0
2025,R,nimmb001,loaded,22,20,10,21,2,0,3,3,24,0,0,5,0,0,0,2,0
2025,R,nimmb001,menon,285,254,67,111,11,0,11,3,78,21,1,53,8,2,1,7,0
2025,R,nimmb001,scoring,182,158,49,83,10,0,8,3,71,16,1,33,4,1,0,7,0
2025,R,nodar001,empty,38,32,4,7,0,0,1,0,1,6,0,15,0,0,0,0,0
2025,R,nodar001,menon,21,15,1,1,0,0,0,0,1,5,2,10,0,0,1,0,0
2025,R,nodar001,scoring,12,7,1,1,0,0,0,0,1,4,2,4,0,0,1,0,0
2025,F,noelj001,empty,3,3,0,0,0,0,0,0,0,0,0,3,0,0,0,0,0
2025,R,noelj001,empty,93,92,16,31,0,0,5,0,5,1,0,30,0,0,0,0,0
2025,R,noelj001,loaded,4,4,1,2,1,0,0,0,2,0,0,2,0,0,0,0,0
2025,R,noelj001,menon,60,56,8,13,2,0,1,0,8,3,0,22,4,0,0,1,0
2025,R,noelj001,scoring,32,29,5,10,2,0,1,0,8,2,0,10,1,0,0,1,0
2025,R,nolaa002,empty,22,21,1,1,0,0,0,0,0,1,0,4,0,0,0,0,0
2025,R,nolaa002,menon,19,17,6,7,1,0,0,0,1,1,0,1,2,0,1,0,0
2025,R,nolaa002,scoring,5,4,1,2,1,0,0,0,1,0,0,0,0,0,1,0,0
2025,R,nootl001,empty,352,303,71,108,14,1,7,0,7,44,0,66,0,5,0,0,0
2025,R,nootl001,loaded,10,8,2,2,0,0,0,0,5,1,0,3,0,0,0,1,0
2025,R,nootl001,menon,231,206,48,76,10,0,6,0,41,20,3,53,4,1,1,3,0
2025,R,nootl001,scoring,151,132,26,40,5,0,3,0,32,14,3,39,2,1,1,3,0
2025,R,norbc001,empty,192,179,47,74,10,1,5,0,5,10,0,47,0,3,0,0,0
2025,R,norbc001,loaded,6,6,2,3,1,0,0,0,4,0,0,3,1,0,0,0,0
2025,R,norbc001,menon,145,132,31,47,7,0,3,0,29,8,0,43,3,2,0,3,0
2025,R,norbc001,scoring,77,67,15,25,4,0,2,0,27,6,0,24,2,1,0,3,0
2025,R,nuned001,empty,3,3,1,1,0,0,0,0,0,0,0,2,0,0,0,0,0
2025,R,nuned001,menon,4,4,1,1,0,0,0,0,0,0,0,2,0,0,0,0,0
2025,R,nuned001,scoring,3,3,1,1,0,0,0,0,0,0,0,1,0,0,0,0,0
2025,R,nunen001,empty,56,50,12,19,1,0,2,0,2,6,0,12,0,0,0,0,0
2025,R,nunen001,loaded,2,2,0,0,0,0,0,0,0,0,0,0,0,0,0,0,0
2025,R,nunen001,menon,36,32,7,14,1,0,2,0,11,2,0,8,1,0,1,1,0
2025,R,nunen001,scoring,27,24,6,12,0,0,2,0,10,2,0,6,0,0,0,1,0
2025,R,ogass001,menon,1,1,0,0,0,0,0,0,0,0,0,1,0,0,0,0,0
2025,F,ohear001,empty,6,5,1,1,0,0,0,0,0,0,0,1,0,1,0,0,0
2025,R,ohear001,empty,286,255,69,110,11,0,10,0,10,25,0,56,0,6,0,0,0
2025,R,ohear001,loaded,11,8,4,9,2,0,1,1,14,1,0,2,0,0,0,2,0
2025,F,ohear001,menon,5,4,1,1,0,0,0,0,0,1,0,0,0,0,0,0,0
2025,R,ohear001,menon,258,219,64,97,10,1,7,1,53,33,4,53,11,2,0,4,0
2025,F,ohear001,scoring,2,2,0,0,0,0,0,0,0,0,0,0,0,0,0,0,0
2025,R,ohear001,scoring,151,120,35,61,5,0,7,1,51,25,4,36,4,2,0,4,0
2025,R,ohopl001,empty,267,259,59,100,6,1,11,0,11,7,0,76,0,1,0,0,0
2025,R,ohopl001,loaded,16,15,3,6,0,0,1,1,9,0,0,6,0,0,0,1,0
2025,R,ohopl001,menon,184,164,31,57,2,0,8,1,32,17,0,63,12,1,1,1,0
2025,R,ohopl001,scoring,105,93,18,32,2,0,4,1,24,9,0,33,4,1,1,1,0
2025,D,ohtas001,empty,12,11,0,0,0,0,0,0,0,1,0,5,0,0,0,0,0
2025,F,ohtas001,empty,3,3,1,4,0,0,1,0,1,0,0,1,0,0,0,0,0
2025,L,ohtas001,empty,11,9,4,15,0,1,3,0,3,2,0,3,0,0,0,0,0
2025,R,ohtas001,empty,468,410,114,258,13,7,39,0,39,56,0,130,0,1,0,0,1
2025,W,ohtas001,empty,27,21,5,13,2,0,2,0,2,6,3,6,0,0,0,0,0
2025,L,ohtas001,loaded,1,1,0,0,0,0,0,0,0,0,0,1,0,0,0,0,0
2025,R,ohtas001,loaded,11,10,1,3,0,1,0,0,6,1,0,6,0,0,0,0,0
2025,W,ohtas001,loaded,1,1,0,0,0,0,0,0,0,0,0,0,0,0,0,0,0
2025,D,ohtas001,menon,8,7,1,1,0,0,0,0,1,1,1,4,0,0,0,0,0
2025,F,ohtas001,menon,7,6,2,5,0,0,1,0,3,1,1,2,0,0,0,0,0
2025,L,ohtas001,menon,7,5,1,1,0,0,0,0,1,2,2,2,0,0,0,0,0
2025,R,ohtas001,menon,259,201,58,122,12,2,16,0,63,53,20,57,9,2,0,2,1
2025,W,ohtas001,menon,9,6,4,8,1,0,1,0,3,3,2,0,0,0,0,0,0
2025,D,ohtas001,scoring,5,4,1,1,0,0,0,0,1,1,1,2,0,0,0,0,0
2025,F,ohtas001,scoring,5,4,1,1,0,0,0,0,1,1,1,1,0,0,0,0,0
2025,L,ohtas001,scoring,5,3,1,1,0,0,0,0,1,2,2,1,0,0,0,0,0
2025,R,ohtas001,scoring,135,93,23,51,2,1,8,0,42,37,19,31,2,2,0,2,1
2025,W,ohtas001,scoring,3,1,0,0,0,0,0,0,0,2,2,0,0,0,0,0,0
2025,R,olsom001,empty,392,340,92,176,19,1,21,0,21,50,0,99,0,2,0,0,0
2025,R,olsom001,loaded,21,21,9,16,2,1,1,1,22,0,0,5,1,0,0,0,0
2025,R,olsom001,menon,332,284,78,126,22,1,8,1,74,41,2,77,14,2,0,5,0
2025,R,olsom001,scoring,176,144,41,64,12,1,3,1,62,25,2,31,8,2,0,5,0
2025,R,oneit001,empty,117,104,21,38,5,0,4,0,4,12,0,26,0,1,0,0,0
2025,R,oneit001,loaded,3,1,1,1,0,0,0,0,3,0,0,0,0,0,0,2,0
2025,R,oneit001,menon,92,77,15,33,1,1,5,0,22,10,1,25,2,2,0,3,0
2025,R,oneit001,scoring,61,49,10,27,0,1,5,0,22,7,1,16,2,2,0,3,0
2025,R,ornej001,empty,6,6,1,1,0,0,0,0,0,0,0,2,0,0,0,0,0
2025,R,ornej001,loaded,1,1,0,0,0,0,0,0,0,0,0,1,0,0,0,0,0
2025,R,ornej001,menon,4,3,1,1,0,0,0,0,0,1,0,1,0,0,0,0,0
2025,R,ornej001,scoring,4,3,1,1,0,0,0,0,0,1,0,1,0,0,0,0,0
2025,R,ornet001,empty,12,10,1,1,0,0,0,0,0,2,0,2,0,0,0,0,0
2025,R,ornet001,loaded,1,1,0,0,0,0,0,0,1,0,0,0,0,0,0,0,0
2025,R,ornet001,menon,4,4,0,0,0,0,0,0,1,0,0,0,1,0,0,0,0
2025,R,ornet001,scoring,4,4,0,0,0,0,0,0,1,0,0,0,1,0,0,0,0
2025,D,ortij005,empty,7,7,1,1,0,0,0,0,0,0,0,2,0,0,0,0,0
2025,L,ortij005,empty,5,4,0,0,0,0,0,0,0,1,0,0,0,0,0,0,0
2025,R,ortij005,empty,269,251,46,70,10,1,4,0,4,16,0,41,0,2,0,0,0
2025,D,ortij005,loaded,1,1,0,0,0,0,0,0,0,0,0,0,0,0,0,0,0
2025,R,ortij005,loaded,31,30,5,9,1,0,1,1,16,1,0,4,3,0,0,0,0
2025,D,ortij005,menon,9,6,1,1,0,0,0,0,0,2,0,1,0,0,1,0,0
2025,L,ortij005,menon,2,2,0,0,0,0,0,0,0,0,0,1,0,0,0,0,0
2025,R,ortij005,menon,237,219,62,79,8,0,3,1,41,11,0,33,10,1,6,0,0
2025,D,ortij005,scoring,6,3,0,0,0,0,0,0,0,2,0,1,0,0,1,0,0
2025,L,ortij005,scoring,1,1,0,0,0,0,0,0,0,0,0,0,0,0,0,0,0
2025,R,ortij005,scoring,156,144,38,44,3,0,1,1,37,6,0,23,4,1,5,0,0
2025,R,osuna003,empty,109,92,15,16,1,0,0,0,0,15,0,20,0,2,0,0,0
2025,R,osuna003,menon,67,59,17,26,3,0,2,0,15,6,1,14,1,0,0,2,0
2025,R,osuna003,scoring,42,36,7,14,1,0,2,0,14,4,1,10,1,0,0,2,0
2025,R,outmj002,empty,83,78,12,31,5,1,4,0,4,4,0,38,0,1,0,0,0
2025,R,outmj002,loaded,5,5,1,1,0,0,0,0,1,0,0,1,0,0,0,0,0
2025,R,outmj002,menon,65,56,6,12,0,0,2,0,7,8,0,25,0,1,0,0,0
2025,R,outmj002,scoring,37,31,3,6,0,0,1,0,5,6,0,16,0,0,0,0,0
2025,R,ozunm001,empty,315,265,67,115,9,0,13,0,13,49,0,79,0,1,0,0,0
2025,R,ozunm001,loaded,14,13,4,5,1,0,0,0,12,0,0,5,0,0,0,1,0
2025,R,ozunm001,menon,277,222,46,80,10,0,8,0,55,45,2,65,11,2,0,7,1
2025,R,ozunm001,scoring,156,118,25,43,6,0,4,0,46,30,2,41,4,1,0,7,0
2025,D,pagea001,empty,6,6,1,1,0,0,0,0,0,0,0,2,0,0,0,0,0
2025,F,pagea001,empty,5,4,0,0,0,0,0,0,0,0,0,1,0,1,0,0,0
2025,L,pagea001,empty,9,8,1,1,0,0,0,0,0,0,0,3,0,1,0,0,0
2025,R,pagea001,empty,349,330,94,176,20,1,20,0,20,15,0,73,0,4,0,0,0
2025,W,pagea001,empty,10,10,1,1,0,0,0,0,0,0,0,0,0,0,0,0,0
2025,D,pagea001,loaded,2,2,0,0,0,0,0,0,0,0,0,0,0,0,0,0,0
2025,F,pagea001,loaded,2,2,0,0,0,0,0,0,0,0,0,0,0,0,0,0,0
2025,L,pagea001,loaded,1,1,0,0,0,0,0,0,0,0,0,0,0,0,0,0,0
2025,R,pagea001,loaded,11,8,2,3,1,0,0,0,7,1,0,1,1,0,0,2,0
2025,W,pagea001,loaded,2,2,0,0,0,0,0,0,0,0,0,1,0,0,0,0,0
2025,D,pagea001,menon,9,9,0,0,0,0,0,0,0,0,0,2,0,0,0,0,0
2025,F,pagea001,menon,5,5,0,0,0,0,0,0,0,0,0,1,0,0,0,0,0
2025,L,pagea001,menon,5,3,1,2,1,0,0,0,1,0,0,0,0,0,2,0,0
2025,R,pagea001,menon,275,251,64,92,7,0,7,0,66,14,0,62,9,4,0,6,0
2025,W,pagea001,menon,6,6,0,0,0,0,0,0,0,0,0,2,0,0,0,0,0
2025,D,pagea001,scoring,6,6,0,0,0,0,0,0,0,0,0,1,0,0,0,0,0
2025,F,pagea001,scoring,2,2,0,0,0,0,0,0,0,0,0,0,0,0,0,0,0
2025,L,pagea001,scoring,4,2,0,0,0,0,0,0,0,0,0,0,0,0,2,0,0
2025,R,pagea001,scoring,159,141,45,65,5,0,5,0,61,10,0,30,2,2,0,6,0
2025,W,pagea001,scoring,2,2,0,0,0,0,0,0,0,0,0,1,0,0,0,0,0
2025,R,pagep001,empty,200,189,39,57,6,0,4,0,4,11,0,58,0,0,0,0,0
2025,R,pagep001,loaded,11,10,1,1,0,0,0,0,3,1,0,4,1,0,0,0,0
2025,R,pagep001,menon,189,172,44,74,9,0,7,0,41,8,1,49,9,3,3,3,0
2025,R,pagep001,scoring,113,100,24,40,4,0,4,0,35,4,1,35,2,3,3,3,0
2025,R,palaj001,empty,88,80,20,30,4,0,2,0,2,7,0,18,0,1,0,0,0
2025,R,palaj001,loaded,7,5,0,0,0,0,0,0,2,1,0,2,0,1,0,0,0
2025,R,palaj001,menon,57,48,6,9,0,0,1,0,7,5,0,18,0,3,1,0,0
2025,R,palaj001,scoring,39,33,4,7,0,0,1,0,7,5,0,12,0,1,0,0,0
2025,R,palar002,empty,29,27,10,15,2,0,1,0,1,2,0,6,0,0,0,0,0
2025,R,palar002,menon,19,15,4,4,0,0,0,0,2,3,0,3,3,0,0,1,0
2025,R,palar002,scoring,8,6,0,0,0,0,0,0,2,1,0,3,1,0,0,1,0
2025,R,parei001,empty,255,224,59,109,8,0,14,0,14,25,0,50,0,6,0,0,0
2025,R,parei001,loaded,9,8,2,2,0,0,0,0,6,0,0,2,1,0,0,1,0
2025,R,parei001,menon,183,154,37,64,7,1,6,0,39,25,0,26,10,2,0,2,0
2025,R,parei001,scoring,102,87,20,30,4,0,2,0,28,11,0,15,4,2,0,2,0
2025,R,parik002,empty,95,90,17,36,4,0,5,0,5,4,0,44,0,1,0,0,0
2025,R,parik002,menon,45,36,7,12,0,1,1,0,6,6,0,15,1,2,0,0,1
2025,R,parik002,scoring,16,12,2,2,0,0,0,0,3,2,0,5,0,1,0,0,1
2025,R,pasqv001,empty,335,308,79,141,18,1,14,0,14,24,0,58,0,3,0,0,0
2025,R,pasqv001,loaded,9,9,3,3,0,0,0,0,6,0,0,1,0,0,0,0,0
2025,R,pasqv001,menon,347,313,85,154,15,0,18,0,99,25,5,49,14,4,0,5,0
2025,R,pasqv001,scoring,217,198,49,95,13,0,11,0,84,13,5,31,6,1,0,5,0
2025,R,paulg001,empty,114,103,23,36,5,1,2,0,2,11,0,27,0,0,0,0,0
2025,R,paulg001,loaded,1,1,0,0,0,0,0,0,0,0,0,1,0,0,0,0,0
2025,R,paulg001,menon,70,58,13,23,4,0,2,0,9,10,0,9,1,0,1,1,0
2025,R,paulg001,scoring,40,33,5,10,2,0,1,0,6,5,0,6,1,0,1,1,0
2025,R,pedej001,empty,168,146,25,44,5,1,4,0,4,17,0,34,0,4,0,0,1
2025,R,pedej001,loaded,6,6,1,1,0,0,0,0,3,0,0,3,0,0,0,0,0
2025,R,pedej001,menon,138,119,23,43,5,0,5,0,22,17,0,31,5,1,0,1,0
2025,R,pedej001,scoring,84,70,12,19,4,0,1,0,14,12,0,20,3,1,0,1,0
2025,R,pegul001,empty,46,41,11,21,1,0,3,0,3,4,0,10,0,1,0,0,0
2025,R,pegul001,loaded,1,1,0,0,0,0,0,0,1,0,0,0,0,0,0,0,0
2025,R,pegul001,menon,42,39,5,8,0,0,1,0,5,2,0,15,3,1,0,0,0
2025,R,pegul001,scoring,21,20,2,5,0,0,1,0,5,0,0,7,2,1,0,0,0
2025,R,penaj004,empty,353,327,92,142,17,0,11,0,11,18,0,62,0,8,0,0,0
2025,R,penaj004,loaded,8,8,3,6,0,0,1,1,6,0,0,2,0,0,0,0,0
2025,R,penaj004,menon,190,166,58,93,13,2,6,1,51,17,2,31,9,4,1,2,0
2025,R,penaj004,scoring,99,84,31,58,8,2,5,1,46,9,2,13,3,3,1,2,0
2025,R,perao002,empty,161,152,18,29,2,0,3,0,3,8,0,53,0,0,0,0,1
2025,R,perao002,loaded,8,6,2,2,0,0,0,0,6,1,0,2,0,0,0,1,0
2025,R,perao002,menon,104,92,22,32,4,0,2,0,17,9,0,27,6,2,0,1,0
2025,R,perao002,scoring,62,52,15,17,2,0,0,0,12,9,0,18,2,0,0,1,0
2025,R,perdg001,empty,411,356,100,159,22,2,11,0,11,51,0,51,0,4,0,0,0
2025,R,perdg001,loaded,10,7,5,13,0,1,2,2,18,2,0,0,1,0,0,1,0
2025,R,perdg001,menon,309,241,73,117,11,3,9,2,89,43,1,32,11,6,8,11,0
2025,R,perdg001,scoring,200,154,51,75,8,2,4,2,78,24,1,20,5,5,6,11,0
2025,R,peree005,empty,42,38,3,6,0,0,1,0,1,4,0,18,0,0,0,0,0
2025,R,peree005,loaded,2,2,1,4,0,0,1,1,4,0,0,1,0,0,0,0,0
2025,R,peree005,menon,31,27,6,10,1,0,1,1,7,3,0,10,2,0,0,1,0
2025,R,peree005,scoring,21,18,3,6,0,0,1,1,7,2,0,7,2,0,0,1,0
2025,R,perej004,empty,47,45,11,14,3,0,0,0,0,2,0,11,0,0,0,0,0
2025,R,perej004,loaded,2,1,0,0,0,0,0,0,1,1,0,1,0,0,0,0,0
2025,R,perej004,menon,31,24,6,9,3,0,0,0,4,6,0,10,1,0,1,0,0
2025,R,perej004,scoring,17,13,2,3,1,0,0,0,2,3,0,8,0,0,1,0,0
2025,R,peres002,empty,346,330,65,123,16,0,14,0,14,12,0,67,0,3,0,0,1
2025,R,peres002,loaded,8,8,2,3,1,0,0,0,6,0,0,1,0,0,0,0,0
2025,R,peres002,menon,295,267,76,143,19,0,16,0,86,16,5,58,14,9,0,1,2
2025,R,peres002,scoring,183,161,45,78,12,0,7,0,64,14,5,41,5,7,0,1,0
2025,D,perew002,empty,2,2,1,2,1,0,0,0,0,0,0,0,0,0,0,0,0
2025,F,perew002,empty,5,5,0,0,0,0,0,0,0,0,0,2,0,0,0,0,0
2025,R,perew002,empty,203,186,51,90,11,2,8,0,8,16,0,39,0,1,0,0,0
2025,F,perew002,loaded,1,1,1,1,0,0,0,0,2,0,0,0,0,0,0,0,0
2025,R,perew002,loaded,10,9,1,2,1,0,0,0,3,0,0,4,0,0,0,1,0
2025,D,perew002,menon,4,4,0,0,0,0,0,0,0,0,0,3,0,0,0,0,0
2025,F,perew002,menon,9,8,1,1,0,0,0,0,2,0,0,2,1,0,1,0,0
2025,R,perew002,menon,180,158,33,58,6,2,5,0,35,15,0,48,5,2,0,5,0
2025,D,perew002,scoring,3,3,0,0,0,0,0,0,0,0,0,2,0,0,0,0,0
2025,F,perew002,scoring,7,6,1,1,0,0,0,0,2,0,0,1,0,0,1,0,0
2025,R,perew002,scoring,96,82,17,28,6,1,1,0,26,8,0,29,0,1,0,5,0
2025,D,perkb002,empty,7,7,2,3,1,0,0,0,0,0,0,3,0,0,0,0,0
2025,L,perkb002,empty,2,1,0,0,0,0,0,0,0,1,0,1,0,0,0,0,0
2025,R,perkb002,empty,94,82,19,27,3,1,1,0,1,11,0,28,0,1,0,0,0
2025,R,perkb002,loaded,7,7,3,5,0,1,0,0,7,0,0,1,0,0,0,0,0
2025,D,perkb002,menon,9,7,1,1,0,0,0,0,1,2,0,2,0,0,0,0,0
2025,R,perkb002,menon,77,73,16,27,3,1,2,0,18,4,0,19,4,0,0,0,0
2025,D,perkb002,scoring,7,5,1,1,0,0,0,0,1,2,0,0,0,0,0,0,0
2025,R,perkb002,scoring,50,46,12,20,3,1,1,0,16,4,0,11,1,0,0,0,0
2025,R,petet002,empty,6,6,0,0,0,0,0,0,0,0,0,2,0,0,0,0,0
2025,R,petet002,menon,6,6,0,0,0,0,0,0,0,0,0,5,0,0,0,0,0
2025,R,petet002,scoring,5,5,0,0,0,0,0,0,0,0,0,4,0,0,0,0,0
2025,R,phamt001,empty,247,220,47,70,6,1,5,0,5,27,0,50,0,0,0,0,0
2025,R,phamt001,loaded,10,9,2,3,1,0,0,0,6,0,0,2,2,0,0,1,0
2025,R,phamt001,menon,202,172,49,75,11,0,5,0,47,23,3,44,12,2,0,5,0
2025,R,phamt001,scoring,118,96,27,38,5,0,2,0,37,16,3,22,7,1,0,5,0
2025,R,pillk001,empty,33,33,7,9,2,0,0,0,0,0,0,7,0,0,0,0,0
2025,R,pillk001,menon,10,10,2,2,0,0,0,0,1,0,0,1,0,0,0,0,0
2025,R,pillk001,scoring,4,4,1,1,0,0,0,0,1,0,0,0,0,0,0,0,0
2025,D,polaj001,empty,14,12,2,8,0,0,2,0,2,2,0,4,0,0,0,0,0
2025,L,polaj001,empty,18,16,3,4,1,0,0,0,0,2,0,3,0,0,0,0,0
2025,R,polaj001,empty,304,285,68,130,17,0,15,0,15,17,0,55,0,2,0,0,0
2025,D,polaj001,loaded,1,1,1,1,0,0,0,0,1,0,0,0,0,0,0,0,0
2025,R,polaj001,loaded,10,10,4,5,1,0,0,0,7,0,0,1,0,0,0,0,0
2025,D,polaj001,menon,10,10,2,2,0,0,0,0,1,0,0,4,0,0,0,0,0
2025,L,polaj001,menon,10,10,3,6,0,0,1,0,5,0,0,1,1,0,0,0,0
2025,R,polaj001,menon,220,186,57,103,13,0,11,0,63,25,1,27,7,1,3,5,0
2025,D,polaj001,scoring,7,7,2,2,0,0,0,0,1,0,0,2,0,0,0,0,0
2025,L,polaj001,scoring,7,7,3,6,0,0,1,0,5,0,0,1,1,0,0,0,0
2025,R,polaj001,scoring,127,104,35,60,7,0,6,0,52,16,1,19,2,0,2,5,0
2025,R,portl001,empty,2,2,0,0,0,0,0,0,0,0,0,1,0,0,0,0,0
2025,R,portl001,loaded,1,1,0,0,0,0,0,0,0,0,0,0,0,0,0,0,0
2025,R,portl001,menon,7,5,1,1,0,0,0,0,1,1,0,1,0,1,0,0,0
2025,R,portl001,scoring,5,4,1,1,0,0,0,0,1,1,0,1,0,0,0,0,0
2025,R,pozoy001,empty,92,85,17,34,5,0,4,0,4,7,0,15,0,0,0,0,0
2025,R,pozoy001,loaded,3,2,1,1,0,0,0,0,2,0,0,1,0,0,0,1,0
2025,R,pozoy001,menon,76,75,20,26,3,0,1,0,15,0,0,7,4,0,0,1,0
2025,R,pozoy001,scoring,42,41,10,14,1,0,1,0,14,0,0,3,1,0,0,1,0
2025,R,priec002,empty,4,4,1,1,0,0,0,0,0,0,0,3,0,0,0,0,0
2025,R,priec002,menon,2,2,0,0,0,0,0,0,0,0,0,2,0,0,0,0,0
2025,R,priec002,scoring,2,2,0,0,0,0,0,0,0,0,0,2,0,0,0,0,0
2025,R,profj001,empty,250,216,47,84,11,1,8,0,8,31,0,42,0,3,0,0,0
2025,R,profj001,loaded,9,9,3,4,1,0,0,0,8,0,0,2,1,0,0,0,0
2025,R,profj001,menon,121,102,31,54,5,0,6,0,35,17,0,17,4,2,0,0,0
2025,R,profj001,scoring,78,65,20,41,3,0,6,0,34,12,0,9,3,1,0,0,0
2025,R,quere001,empty,222,207,52,77,13,0,4,0,4,14,0,42,0,1,0,0,0
2025,R,quere001,loaded,9,8,3,3,0,0,0,0,6,0,0,2,0,0,0,1,0
2025,R,quere001,menon,181,158,46,53,4,0,1,0,32,18,0,29,8,3,0,2,0
2025,R,quere001,scoring,100,88,22,26,1,0,1,0,30,9,0,17,1,1,0,2,0
2025,F,rafac001,empty,5,4,0,0,0,0,0,0,0,1,0,1,0,0,0,0,0
2025,R,rafac001,empty,305,289,71,114,21,2,6,0,6,14,0,65,0,2,0,0,0
2025,R,rafac001,loaded,7,7,0,0,0,0,0,0,1,0,0,4,0,0,0,0,0
2025,F,rafac001,menon,7,6,0,0,0,0,0,0,0,1,0,3,0,0,0,0,0
2025,R,rafac001,menon,282,257,65,112,13,2,10,0,57,14,0,52,9,6,3,2,0
2025,F,rafac001,scoring,1,1,0,0,0,0,0,0,0,0,0,0,0,0,0,0,0
2025,R,rafac001,scoring,169,149,36,54,6,0,4,0,42,11,0,34,0,4,3,2,0
2025,D,ralec001,empty,15,13,4,5,1,0,0,0,0,2,0,5,0,0,0,0,0
2025,L,ralec001,empty,20,18,6,19,1,0,4,0,4,2,1,6,0,0,0,0,0
2025,R,ralec001,empty,396,352,86,188,15,0,29,0,29,40,0,103,0,4,0,0,0
2025,L,ralec001,loaded,1,1,0,0,0,0,0,0,0,0,0,0,1,0,0,0,0
2025,R,ralec001,loaded,18,16,5,14,0,0,3,3,18,0,0,8,0,0,0,2,0
2025,D,ralec001,menon,10,8,4,7,0,0,1,0,4,2,1,2,0,0,0,0,0
2025,L,ralec001,menon,9,7,0,0,0,0,0,0,0,2,1,4,1,0,0,0,0
2025,R,ralec001,menon,309,244,61,163,9,0,31,3,96,57,17,85,6,5,0,3,0
2025,D,ralec001,scoring,5,4,3,6,0,0,1,0,4,1,1,0,0,0,0,0,0
2025,L,ralec001,scoring,3,2,0,0,0,0,0,0,0,1,1,1,1,0,0,0,0
2025,R,ralec001,scoring,179,131,31,80,4,0,15,3,63,42,17,47,4,3,0,3,0
2025,D,ralel001,empty,5,4,0,0,0,0,0,0,0,0,0,2,0,1,0,0,0
2025,R,ralel001,empty,122,106,20,26,3,0,1,0,1,8,0,37,0,8,0,0,0
2025,R,ralel001,loaded,6,5,1,1,0,0,0,0,3,0,0,1,0,1,0,0,0
2025,R,ralel001,menon,97,77,17,31,5,0,3,0,18,11,0,27,2,5,3,1,0
2025,R,ralel001,scoring,63,48,10,18,2,0,2,0,16,6,0,15,0,5,3,1,0
2025,R,ramia004,empty,330,310,65,128,19,1,14,0,14,17,0,71,0,3,0,0,0
2025,R,ramia004,loaded,12,10,4,4,0,0,0,0,8,1,0,3,0,0,0,1,0
2025,R,ramia004,menon,255,227,59,94,14,0,7,0,53,19,2,42,13,5,0,4,0
2025,R,ramia004,scoring,146,126,37,59,7,0,5,0,47,15,2,26,1,1,0,4,0
2025,F,ramij003,empty,8,6,1,1,0,0,0,0,0,2,0,2,0,0,0,0,0
2025,R,ramij003,empty,388,361,98,174,23,1,17,0,17,24,0,52,0,3,0,0,0
2025,R,ramij003,loaded,11,9,3,5,2,0,0,0,8,0,0,1,0,0,0,2,0
2025,F,ramij003,menon,4,2,1,1,0,0,0,0,1,2,1,0,0,0,0,0,0
2025,R,ramij003,menon,285,232,70,124,11,2,13,0,68,42,22,22,9,5,0,5,1
2025,F,ramij003,scoring,3,2,1,1,0,0,0,0,1,1,1,0,0,0,0,0,0
2025,R,ramij003,scoring,143,106,34,55,5,2,4,0,49,27,22,5,3,4,0,5,1
2025,R,ramob001,empty,8,8,1,2,1,0,0,0,0,0,0,3,0,0,0,0,0
2025,R,ramob001,menon,4,4,1,2,1,0,0,0,2,0,0,1,0,0,0,0,0
2025,R,ramob001,scoring,4,4,1,2,1,0,0,0,2,0,0,1,0,0,0,0,0
2025,R,ramoh002,empty,415,372,101,156,14,1,13,0,13,31,0,97,0,12,0,0,0
2025,R,ramoh002,loaded,21,17,5,6,1,0,0,0,14,0,0,4,2,0,0,4,0
2025,R,ramoh002,menon,280,248,58,92,10,0,8,0,56,21,2,61,16,5,0,6,0
2025,R,ramoh002,scoring,146,125,32,53,9,0,4,0,48,14,2,33,6,1,0,6,0
2025,R,ravej001,empty,100,89,15,27,3,0,3,0,3,11,0,27,0,0,0,0,0
2025,R,ravej001,loaded,4,4,0,0,0,0,0,0,0,0,0,2,0,0,0,0,0
2025,R,ravej001,menon,75,64,15,20,2,0,1,0,11,7,0,19,1,1,2,1,0
2025,R,ravej001,scoring,42,34,8,12,1,0,1,0,10,5,0,11,1,0,2,1,0
2025,R,rea-c001,menon,1,1,0,0,0,0,0,0,0,0,0,1,0,0,0,0,0
2025,R,rea-c001,scoring,1,1,0,0,0,0,0,0,0,0,0,1,0,0,0,0,0
2025,D,realj001,empty,14,14,4,8,1,0,1,0,1,0,0,3,0,0,0,0,0
2025,R,realj001,empty,307,287,73,105,14,0,6,0,6,15,0,67,0,4,0,0,1
2025,R,realj001,loaded,11,6,2,2,0,0,0,0,8,4,0,0,1,0,0,1,0
2025,D,realj001,menon,3,3,2,5,1,1,0,0,2,0,0,0,0,0,0,0,0
2025,R,realj001,menon,243,215,56,88,12,1,6,0,46,20,1,62,13,5,0,3,0
2025,D,realj001,scoring,1,1,1,3,0,1,0,0,2,0,0,0,0,0,0,0,0
2025,R,realj001,scoring,132,112,24,36,4,1,2,0,36,14,1,35,4,3,0,3,0
2025,F,refsr001,empty,4,3,0,0,0,0,0,0,0,1,0,1,0,0,0,0,0
2025,R,refsr001,empty,104,96,28,52,6,0,6,0,6,7,0,25,0,1,0,0,0
2025,F,refsr001,loaded,1,1,0,0,0,0,0,0,0,0,0,1,0,0,0,0,0
2025,R,refsr001,loaded,7,4,1,1,0,0,0,0,5,2,0,2,0,0,0,1,0
2025,F,refsr001,menon,2,2,0,0,0,0,0,0,0,0,0,1,0,0,0,0,0
2025,R,refsr001,menon,105,86,21,36,6,0,3,0,24,17,1,29,6,0,0,2,0
2025,F,refsr001,scoring,1,1,0,0,0,0,0,0,0,0,0,1,0,0,0,0,0
2025,R,refsr001,scoring,61,47,8,16,2,0,2,0,19,12,1,17,2,0,0,2,0
2025,R,renfh001,empty,62,59,12,17,5,0,0,0,0,3,0,11,0,0,0,0,0
2025,R,renfh001,loaded,1,0,0,0,0,0,0,0,1,1,0,0,0,0,0,0,0
2025,R,renfh001,menon,46,40,6,7,1,0,0,0,4,5,0,10,4,0,0,1,0
2025,R,renfh001,scoring,28,22,2,2,0,0,0,0,4,5,0,7,4,0,0,1,0
2025,R,rengl001,empty,339,316,71,98,11,2,4,0,4,21,0,58,0,2,0,0,0
2025,R,rengl001,loaded,19,16,4,4,0,0,0,0,11,1,0,9,0,0,0,2,0
2025,R,rengl001,menon,202,185,48,70,5,1,5,0,39,12,0,46,7,1,1,3,0
2025,R,rengl001,scoring,114,101,26,39,2,1,3,0,35,9,0,28,2,1,0,3,0
2025,R,reyep001,empty,22,20,4,5,1,0,0,0,0,2,0,6,0,0,0,0,0
2025,R,reyep001,loaded,1,1,0,0,0,0,0,0,0,0,0,0,0,0,0,0,0
2025,R,reyep001,menon,12,11,2,2,0,0,0,0,2,0,0,4,0,0,1,0,0
2025,R,reyep001,scoring,8,8,1,1,0,0,0,0,2,0,0,3,0,0,0,0,0
2025,R,reynb001,empty,367,333,77,128,24,0,9,0,9,29,0,104,0,5,0,0,0
2025,R,reynb001,loaded,14,12,5,7,0,1,0,0,14,1,0,3,0,0,0,1,0
2025,R,reynb001,menon,287,254,67,108,14,3,7,0,64,28,1,69,15,2,0,3,0
2025,R,reynb001,scoring,161,135,39,63,6,3,4,0,57,21,1,38,4,2,0,3,0
2025,D,riceb001,empty,4,4,1,1,0,0,0,0,0,0,0,3,0,0,0,0,0
2025,F,riceb001,empty,3,3,1,1,0,0,0,0,0,0,0,1,0,0,0,0,0
2025,R,riceb001,empty,309,279,71,149,15,3,19,0,19,24,0,67,0,5,0,0,1
2025,D,riceb001,loaded,1,1,0,0,0,0,0,0,0,0,0,0,0,0,0,0,0
2025,R,riceb001,loaded,19,18,5,13,2,0,2,2,16,0,0,3,2,0,0,1,0
2025,D,riceb001,menon,10,7,1,2,1,0,0,0,2,2,0,2,0,0,0,1,0
2025,F,riceb001,menon,4,4,1,4,0,0,1,0,2,0,0,2,0,0,0,0,0
2025,R,riceb001,menon,221,188,48,84,13,1,7,2,46,26,0,33,18,4,0,2,1
2025,D,riceb001,scoring,7,4,1,2,1,0,0,0,2,2,0,0,0,0,0,1,0
2025,F,riceb001,scoring,3,3,0,0,0,0,0,0,0,0,0,2,0,0,0,0,0
2025,R,riceb001,scoring,120,99,23,44,6,0,5,2,41,15,0,22,4,4,0,2,0
2025,R,rilea001,empty,247,230,50,85,9,1,8,0,8,15,0,75,0,2,0,0,0
2025,R,rilea001,loaded,14,13,1,2,1,0,0,0,4,0,0,7,1,0,0,1,0
2025,R,rilea001,menon,200,186,58,93,11,0,8,0,46,12,1,53,9,1,0,1,0
2025,R,rilea001,scoring,110,103,32,47,6,0,3,0,36,5,1,31,5,1,0,1,0
2025,R,rittr002,empty,112,105,27,37,6,2,0,0,0,7,0,36,0,0,0,0,0
2025,R,rittr002,loaded,3,3,2,2,0,0,0,0,4,0,0,1,0,0,0,0,0
2025,R,rittr002,menon,95,82,18,26,3,1,1,0,18,3,0,25,7,5,4,1,0
2025,R,rittr002,scoring,59,50,8,9,1,0,0,0,14,2,0,22,1,3,3,1,0
2025,D,rival002,empty,2,1,0,0,0,0,0,0,0,1,0,1,0,0,0,0,0
2025,L,rival002,empty,9,7,0,0,0,0,0,0,0,2,0,3,0,0,0,0,0
2025,R,rival002,empty,53,42,9,11,2,0,0,0,0,11,0,13,0,0,0,0,0
2025,R,rival002,loaded,2,2,1,1,0,0,0,0,2,0,0,0,0,0,0,0,0
2025,D,rival002,menon,2,2,1,1,0,0,0,0,1,0,0,1,0,0,0,0,0
2025,L,rival002,menon,8,7,1,1,0,0,0,0,0,1,0,4,0,0,0,0,0
2025,R,rival002,menon,58,48,13,19,0,0,2,0,9,9,0,11,1,1,0,0,0
2025,D,rival002,scoring,1,1,1,1,0,0,0,0,1,0,0,0,0,0,0,0,0
2025,L,rival002,scoring,2,2,0,0,0,0,0,0,0,0,0,2,0,0,0,0,0
2025,R,rival002,scoring,34,28,7,13,0,0,2,0,9,5,0,7,1,1,0,0,0
2025,R,rivee001,empty,73,68,13,15,2,0,0,0,0,4,0,12,0,1,0,0,0
2025,R,rivee001,loaded,4,4,3,3,0,0,0,0,5,0,0,1,0,0,0,0,0
2025,R,rivee001,menon,54,52,17,19,2,0,0,0,13,2,0,12,3,0,0,0,0
2025,R,rivee001,scoring,36,34,8,9,1,0,0,0,12,2,0,10,1,0,0,0,0
2025,R,rives002,empty,19,18,2,3,1,0,0,0,0,1,0,6,0,0,0,0,0
2025,R,rives002,loaded,2,2,0,0,0,0,0,0,0,0,0,0,0,0,0,0,0
2025,R,rives002,menon,15,15,4,5,1,0,0,0,2,0,0,3,0,0,0,0,0
2025,R,rives002,scoring,10,10,3,4,1,0,0,0,2,0,0,1,0,0,0,0,0
2025,R,robel002,empty,231,212,43,73,6,0,8,0,8,16,0,63,0,1,0,0,2
2025,R,robel002,loaded,15,14,4,6,2,0,0,0,13,0,0,3,2,0,0,1,0
2025,R,robel002,menon,200,170,42,66,6,0,6,0,45,24,3,49,8,1,1,3,1
2025,R,robel002,scoring,115,92,25,30,5,0,0,0,32,17,3,28,4,1,1,3,1
2025,R,robew002,empty,40,37,1,1,0,0,0,0,0,1,0,19,0,2,0,0,0
2025,R,robew002,loaded,2,2,1,1,0,0,0,0,2,0,0,0,0,0,0,0,0
2025,R,robew002,menon,35,33,8,9,1,0,0,0,9,1,0,8,1,0,0,1,0
2025,R,robew002,scoring,17,16,6,7,1,0,0,0,9,0,0,1,0,0,0,1,0
2025,R,robic003,menon,2,1,0,0,0,0,0,0,0,0,0,0,0,0,1,0,0
2025,R,robic003,scoring,2,1,0,0,0,0,0,0,0,0,0,0,0,0,1,0,0
2025,D,roblv001,empty,12,9,2,4,2,0,0,0,0,3,0,2,0,0,0,0,0
2025,L,roblv001,empty,9,8,1,1,0,0,0,0,0,1,0,2,0,0,0,0,0
2025,R,roblv001,empty,65,64,17,22,2,0,1,0,1,0,0,14,0,1,0,0,0
2025,D,roblv001,loaded,1,1,0,0,0,0,0,0,0,0,0,0,1,0,0,0,0
2025,R,roblv001,loaded,4,3,1,1,0,0,0,0,3,1,0,1,0,0,0,0,0
2025,D,roblv001,menon,7,5,0,0,0,0,0,0,0,1,0,1,1,1,0,0,0
2025,L,roblv001,menon,7,5,0,0,0,0,0,0,0,2,0,2,0,0,0,0,0
2025,R,roblv001,menon,49,42,9,13,2,1,0,0,8,3,0,12,3,2,0,2,0
2025,D,roblv001,scoring,3,2,0,0,0,0,0,0,0,0,0,0,1,1,0,0,0
2025,L,roblv001,scoring,7,5,0,0,0,0,0,0,0,2,0,2,0,0,0,0,0
2025,R,roblv001,scoring,23,18,4,5,1,0,0,0,7,2,0,4,1,1,0,2,0
2025,F,roccb001,empty,6,6,2,5,0,0,1,0,1,0,0,3,0,0,0,0,0
2025,R,roccb001,empty,213,203,43,62,11,1,2,0,2,8,0,50,0,2,0,0,0
2025,R,roccb001,loaded,10,8,3,3,0,0,0,0,8,0,0,0,0,0,0,2,0
2025,F,roccb001,menon,3,3,0,0,0,0,0,0,0,0,0,0,0,0,0,0,0
2025,R,roccb001,menon,170,141,37,55,7,1,3,0,42,14,0,27,4,6,4,5,0
2025,F,roccb001,scoring,1,1,0,0,0,0,0,0,0,0,0,0,0,0,0,0,0
2025,R,roccb001,scoring,101,81,22,34,4,1,2,0,38,10,0,13,1,1,4,5,0
2025,R,rodea001,empty,87,81,18,28,5,1,1,0,1,4,0,24,0,2,0,0,0
2025,R,rodea001,loaded,5,3,0,0,0,0,0,0,2,0,0,2,0,0,0,2,0
2025,R,rodea001,menon,66,55,8,12,1,0,1,0,8,4,0,13,0,4,0,3,0
2025,R,rodea001,scoring,40,33,3,3,0,0,0,0,5,3,0,9,0,1,0,3,0
2025,R,rodgb002,empty,62,58,11,16,2,0,1,0,1,4,0,19,0,0,0,0,0
2025,R,rodgb002,loaded,7,6,1,2,1,0,0,0,3,1,0,3,1,0,0,0,0
2025,R,rodgb002,menon,66,57,11,16,2,0,1,0,10,7,0,27,2,1,0,1,0
2025,R,rodgb002,scoring,37,28,4,9,2,0,1,0,10,7,0,16,1,1,0,1,0
2025,R,rodre006,empty,34,29,5,7,2,0,0,0,0,5,0,7,0,0,0,0,0
2025,R,rodre006,loaded,1,1,0,0,0,0,0,0,0,0,0,0,0,0,0,0,0
2025,R,rodre006,menon,23,23,4,6,2,0,0,0,2,0,0,7,0,0,0,0,0
2025,R,rodre006,scoring,9,9,1,1,0,0,0,0,2,0,0,0,0,0,0,0,0
2025,D,rodrj007,empty,11,11,2,5,0,0,1,0,1,0,0,3,0,0,0,0,0
2025,L,rodrj007,empty,19,17,3,7,1,0,1,0,1,2,0,9,0,0,0,0,0
2025,R,rodrj007,empty,400,374,94,163,14,2,17,0,17,21,0,90,0,5,0,0,0
2025,R,rodrj007,loaded,25,23,8,14,3,0,1,1,21,0,0,5,1,0,0,2,0
2025,D,rodrj007,menon,14,12,2,3,1,0,0,0,2,2,1,6,0,0,0,0,0
2025,L,rodrj007,menon,11,8,3,9,0,0,2,0,5,3,0,1,2,0,0,0,0
2025,R,rodrj007,menon,310,278,80,146,17,2,15,1,78,23,5,62,15,7,0,2,0
2025,D,rodrj007,scoring,6,5,2,3,1,0,0,0,2,1,1,1,0,0,0,0,0
2025,L,rodrj007,scoring,6,4,2,8,0,0,2,0,5,2,0,1,0,0,0,0,0
2025,R,rodrj007,scoring,163,142,35,63,8,1,6,1,53,13,5,34,1,6,0,2,0
2025,F,rodrj009,empty,2,2,0,0,0,0,0,0,0,0,0,1,0,0,0,0,0
2025,R,rodrj009,empty,46,41,9,16,2,1,1,0,1,5,0,10,0,0,0,0,0
2025,R,rodrj009,loaded,3,3,2,3,1,0,0,0,4,0,0,1,0,0,0,0,0
2025,F,rodrj009,menon,1,1,0,0,0,0,0,0,0,0,0,1,0,0,0,0,0
2025,R,rodrj009,menon,31,30,5,10,2,0,1,0,9,1,0,12,2,0,0,0,0
2025,F,rodrj009,scoring,1,1,0,0,0,0,0,0,0,0,0,1,0,0,0,0,0
2025,R,rodrj009,scoring,20,19,5,10,2,0,1,0,9,1,0,8,0,0,0,0,0
2025,D,rogej004,empty,1,1,1,1,0,0,0,0,0,0,0,0,0,0,0,0,0
2025,R,rogej004,empty,86,78,10,16,4,1,0,0,0,7,0,21,0,1,0,0,0
2025,R,rogej004,loaded,2,2,0,0,0,0,0,0,0,0,0,1,0,0,0,0,0
2025,R,rogej004,menon,56,45,13,25,1,1,3,0,19,8,0,18,3,0,1,2,0
2025,R,rogej004,scoring,32,26,8,19,0,1,3,0,17,3,0,9,1,0,1,2,0
2025,R,roget003,empty,2,2,0,0,0,0,0,0,0,0,0,2,0,0,0,0,0
2025,R,rojaj001,empty,116,106,22,33,5,0,2,0,2,10,0,24,0,0,0,0,0
2025,R,rojaj001,loaded,3,2,0,0,0,0,0,0,1,1,0,2,0,0,0,0,0
2025,R,rojaj001,menon,95,83,12,16,4,0,0,0,9,9,0,24,6,0,1,2,0
2025,R,rojaj001,scoring,53,45,4,5,1,0,0,0,8,6,0,16,1,0,0,2,0
2025,R,rojaj003,empty,90,83,18,26,3,1,1,0,1,7,0,21,0,0,0,0,0
2025,R,rojaj003,loaded,9,5,0,0,0,0,0,0,4,2,0,2,0,0,0,2,0
2025,R,rojaj003,menon,82,69,16,18,0,1,0,0,17,6,0,19,2,0,4,3,0
2025,R,rojaj003,scoring,53,44,13,15,0,1,0,0,17,4,0,11,0,0,2,3,0
2025,D,rojam002,empty,3,3,0,0,0,0,0,0,0,0,0,0,0,0,0,0,0
2025,F,rojam002,empty,2,2,2,2,0,0,0,0,0,0,0,0,0,0,0,0,0
2025,R,rojam002,empty,191,174,51,78,12,0,5,0,5,17,0,24,0,0,0,0,0
2025,W,rojam002,empty,7,7,2,5,0,0,1,0,1,0,0,1,0,0,0,0,0
2025,R,rojam002,loaded,7,7,1,1,0,0,0,0,2,0,0,0,2,0,0,0,0
2025,F,rojam002,menon,4,3,1,1,0,0,0,0,1,0,0,0,0,1,0,0,0
2025,R,rojam002,menon,126,116,25,37,6,0,2,0,22,7,1,22,7,0,3,0,0
2025,W,rojam002,menon,4,3,0,0,0,0,0,0,0,0,0,1,0,0,1,0,0
2025,F,rojam002,scoring,3,2,1,1,0,0,0,0,1,0,0,0,0,1,0,0,0
2025,R,rojam002,scoring,74,66,16,20,4,0,0,0,17,6,1,11,3,0,2,0,0
2025,W,rojam002,scoring,4,3,0,0,0,0,0,0,0,0,0,1,0,0,1,0,0
2025,R,romod001,empty,1,1,0,0,0,0,0,0,0,0,0,1,0,0,0,0,0
2025,R,romod001,menon,2,2,0,0,0,0,0,0,0,0,0,2,0,0,0,0,0
2025,R,rookb001,empty,382,352,87,152,19,2,14,0,14,28,0,86,0,2,0,0,0
2025,R,rookb001,loaded,13,12,2,4,2,0,0,0,5,0,0,6,2,1,0,0,0
2025,R,rookb001,menon,317,274,77,148,21,1,16,0,75,37,4,69,13,3,0,2,1
2025,R,rookb001,scoring,167,139,33,67,11,1,7,0,52,23,3,40,6,2,0,2,1
2025,D,rortb001,empty,2,1,0,0,0,0,0,0,0,0,0,1,0,1,0,0,0
2025,F,rortb001,empty,2,2,1,2,1,0,0,0,0,0,0,1,0,0,0,0,0
2025,R,rortb001,empty,68,64,8,13,2,0,1,0,1,3,0,16,0,1,0,0,0
2025,R,rortb001,loaded,3,3,1,1,0,0,0,0,2,0,0,0,1,0,0,0,0
2025,F,rortb001,menon,6,4,2,2,0,0,0,0,1,0,0,1,0,0,2,0,0
2025,R,rortb001,menon,60,48,9,10,1,0,0,0,9,8,0,7,1,1,3,0,0
2025,F,rortb001,scoring,2,2,1,1,0,0,0,0,1,0,0,0,0,0,0,0,0
2025,R,rortb001,scoring,39,31,6,7,1,0,0,0,9,5,0,4,1,1,2,0,0
2025,D,rosaa003,empty,1,1,1,2,1,0,0,0,0,0,0,0,0,0,0,0,0
2025,F,rosaa003,empty,4,4,0,0,0,0,0,0,0,0,0,1,0,0,0,0,0
2025,R,rosaa003,empty,117,110,32,52,8,0,4,0,4,6,0,15,0,1,0,0,0
2025,R,rosaa003,loaded,2,2,0,0,0,0,0,0,0,0,0,1,0,0,0,0,0
2025,D,rosaa003,menon,3,3,1,1,0,0,0,0,0,0,0,0,0,0,0,0,0
2025,F,rosaa003,menon,2,2,1,1,0,0,0,0,1,0,0,0,0,0,0,0,0
2025,R,rosaa003,menon,74,71,18,27,3,0,2,0,19,1,0,16,6,1,0,1,0
2025,D,rosaa003,scoring,2,2,0,0,0,0,0,0,0,0,0,0,0,0,0,0,0
2025,F,rosaa003,scoring,2,2,1,1,0,0,0,0,1,0,0,0,0,0,0,0,0
2025,R,rosaa003,scoring,41,39,12,18,3,0,1,0,17,1,0,6,1,0,0,1,0
2025,R,rosae001,empty,3,3,1,1,0,0,0,0,0,0,0,1,0,0,0,0,0
2025,R,rosae001,menon,5,5,0,0,0,0,0,0,0,0,0,1,0,0,0,0,0
2025,R,rosae001,scoring,3,3,0,0,0,0,0,0,0,0,0,0,0,0,0,0,0
2025,R,ruize001,empty,10,9,1,4,0,0,1,0,1,1,0,3,0,0,0,0,0
2025,R,ruize001,menon,13,12,3,3,0,0,0,0,1,1,0,5,0,0,0,0,0
2025,R,ruize001,scoring,6,5,1,1,0,0,0,0,1,1,0,2,0,0,0,0,0
2025,R,ruizk001,empty,152,146,32,41,6,0,1,0,1,4,0,15,0,2,0,0,0
2025,R,ruizk001,loaded,6,6,2,3,1,0,0,0,5,0,0,1,0,0,0,0,0
2025,R,ruizk001,menon,115,109,31,40,6,0,1,0,24,4,0,11,4,1,0,1,0
2025,R,ruizk001,scoring,72,66,20,25,5,0,0,0,21,4,0,8,1,1,0,1,0
2025,R,rushd001,empty,80,74,16,19,3,0,0,0,0,5,0,31,0,1,0,0,0
2025,R,rushd001,loaded,6,6,2,2,0,0,0,0,4,0,0,2,0,0,0,0,0
2025,D,rushd001,menon,1,1,0,0,0,0,0,0,0,0,0,1,0,0,0,0,0
2025,R,rushd001,menon,75,68,13,27,2,0,4,0,24,5,0,27,1,0,0,2,0
2025,D,rushd001,scoring,1,1,0,0,0,0,0,0,0,0,0,1,0,0,0,0,0
2025,R,rushd001,scoring,48,43,11,22,2,0,3,0,22,3,0,15,1,0,0,2,0
2025,R,rutsa001,empty,216,193,47,77,13,1,5,0,5,22,0,38,0,1,0,0,0
2025,R,rutsa001,loaded,2,2,1,1,0,0,0,0,2,0,0,0,0,0,0,0,0
2025,R,rutsa001,menon,149,129,24,41,3,1,4,0,24,18,0,19,8,0,0,2,0
2025,R,rutsa001,scoring,72,60,8,15,2,1,1,0,17,10,0,10,0,0,0,2,0
2025,R,sabob001,empty,8,8,2,3,1,0,0,0,0,0,0,1,0,0,0,0,0
2025,R,sabob001,menon,10,8,0,0,0,0,0,0,1,1,0,6,1,0,0,1,0
2025,R,sabob001,scoring,7,6,0,0,0,0,0,0,1,0,0,4,1,0,0,1,0
2025,R,saggt001,empty,157,150,34,45,11,0,0,0,0,7,0,47,0,0,0,0,0
2025,R,saggt001,loaded,6,6,2,2,0,0,0,0,3,0,0,1,0,0,0,0,0
2025,R,saggt001,menon,138,125,37,49,6,0,2,0,25,9,0,36,5,1,1,2,0
2025,R,saggt001,scoring,80,73,19,26,4,0,1,0,22,4,0,26,2,1,0,2,0
2025,R,salac001,empty,6,5,2,2,0,0,0,0,0,1,0,0,0,0,0,0,0
2025,R,salac001,menon,10,8,1,1,0,0,0,0,1,1,0,2,1,1,0,0,0
2025,R,salac001,scoring,6,5,1,1,0,0,0,0,1,1,0,1,0,0,0,0,0
2025,R,sanca009,empty,12,12,4,5,1,0,0,0,0,0,0,4,0,0,0,0,0
2025,R,sanca009,loaded,1,1,0,0,0,0,0,0,0,0,0,0,0,0,0,0,0
2025,R,sanca009,menon,11,11,1,2,1,0,0,0,0,0,0,2,1,0,0,0,0
2025,R,sanca009,scoring,4,4,0,0,0,0,0,0,0,0,0,1,0,0,0,0,0
2025,R,sancg002,empty,56,53,7,10,0,0,1,0,1,2,0,17,0,1,0,0,0
2025,R,sancg002,loaded,5,4,3,7,1,0,1,1,10,0,0,0,0,0,0,1,0
2025,R,sancg002,menon,45,38,14,28,2,0,4,1,23,2,0,10,2,4,0,1,0
2025,R,sancg002,scoring,30,24,10,23,1,0,4,1,23,2,0,5,0,3,0,1,0
2025,R,sancj003,empty,267,246,64,111,14,3,9,0,9,20,0,58,0,1,0,0,0
2025,R,sancj003,loaded,4,4,1,1,0,0,0,0,1,0,0,1,0,0,0,0,0
2025,R,sancj003,menon,230,205,43,67,7,1,5,0,39,22,1,52,10,1,0,2,0
2025,R,sancj003,scoring,128,111,27,43,5,1,3,0,35,14,1,31,2,1,0,2,0
2025,R,sanoj001,empty,191,181,39,62,11,0,4,0,4,9,0,24,0,1,0,0,0
2025,R,sanoj001,loaded,5,5,1,1,0,0,0,0,1,0,0,0,1,0,0,0,0
2025,R,sanoj001,menon,151,132,37,62,11,4,2,0,34,10,0,17,2,1,4,4,0
2025,R,sanoj001,scoring,92,79,21,36,8,2,1,0,29,5,0,11,1,1,3,4,0
2025,D,santa003,empty,3,3,0,0,0,0,0,0,0,0,0,0,0,0,0,0,0
2025,L,santa003,empty,4,3,1,1,0,0,0,0,0,1,0,1,0,0,0,0,0
2025,R,santa003,empty,101,91,16,30,5,0,3,0,3,10,0,31,0,0,0,0,0
2025,R,santa003,loaded,4,4,1,1,0,0,0,0,3,0,0,2,0,0,0,0,0
2025,D,santa003,menon,7,7,2,2,0,0,0,0,2,0,0,3,0,0,0,0,0
2025,L,santa003,menon,2,2,0,0,0,0,0,0,0,0,0,1,0,0,0,0,0
2025,R,santa003,menon,120,103,18,27,0,0,3,0,15,15,1,30,6,1,0,1,0
2025,D,santa003,scoring,3,3,1,1,0,0,0,0,2,0,0,1,0,0,0,0,0
2025,L,santa003,scoring,2,2,0,0,0,0,0,0,0,0,0,1,0,0,0,0,0
2025,R,santa003,scoring,61,52,8,14,0,0,2,0,13,7,1,14,2,1,0,1,0
2025,R,santc002,empty,278,243,50,79,5,0,8,0,8,32,0,45,0,3,0,0,0
2025,R,santc002,loaded,16,11,3,8,2,0,1,1,15,5,0,4,0,0,0,0,0
2025,R,santc002,menon,196,172,41,56,6,0,3,1,46,20,1,46,7,0,0,4,0
2025,R,santc002,scoring,118,99,24,35,5,0,2,1,44,15,1,29,1,0,0,4,0
2025,R,schan001,empty,343,304,78,113,14,0,7,0,7,35,0,51,0,4,0,0,0
2025,R,schan001,loaded,13,9,1,1,0,0,0,0,7,2,0,0,0,0,0,2,0
2025,R,schan001,menon,221,184,51,77,9,1,5,0,46,24,4,20,10,6,3,4,0
2025,R,schan001,scoring,126,101,31,50,8,1,3,0,42,16,4,10,0,3,2,4,0
2025,R,schmc003,empty,182,171,43,69,8,0,6,0,6,9,0,46,0,2,0,0,0
2025,R,schmc003,loaded,11,9,2,8,0,0,2,2,11,2,0,3,0,0,0,0,0
2025,R,schmc003,menon,166,141,31,56,7,0,6,2,34,18,1,37,6,3,1,3,0
2025,R,schmc003,scoring,87,70,18,39,3,0,6,2,34,11,1,24,1,2,1,3,0
2025,D,schnd001,empty,7,5,2,3,1,0,0,0,0,2,0,2,0,0,0,0,0
2025,L,schnd001,empty,4,3,0,0,0,0,0,0,0,1,0,1,0,0,0,0,0
2025,R,schnd001,empty,134,114,27,53,2,0,8,0,8,19,0,32,0,1,0,0,0
2025,W,schnd001,empty,7,6,1,4,0,0,1,0,1,1,0,3,0,0,0,0,0
2025,D,schnd001,loaded,1,1,0,0,0,0,0,0,0,0,0,1,0,0,0,0,0
2025,R,schnd001,loaded,5,4,1,1,0,0,0,0,3,1,0,1,0,0,0,0,0
2025,D,schnd001,menon,1,1,0,0,0,0,0,0,0,0,0,1,0,0,0,0,0
2025,L,schnd001,menon,1,1,0,0,0,0,0,0,0,0,0,0,0,0,0,0,0
2025,R,schnd001,menon,93,74,17,29,3,0,3,0,23,17,0,28,4,1,0,1,0
2025,W,schnd001,menon,4,4,1,1,0,0,0,0,0,0,0,2,1,0,0,0,0
2025,D,schnd001,scoring,1,1,0,0,0,0,0,0,0,0,0,1,0,0,0,0,0
2025,R,schnd001,scoring,58,44,10,17,1,0,2,0,19,12,0,16,2,1,0,1,0
2025,W,schnd001,scoring,3,3,1,1,0,0,0,0,0,0,0,2,0,0,0,0,0
2025,F,schnd002,empty,2,2,0,0,0,0,0,0,0,0,0,1,0,0,0,0,0
2025,R,schnd002,empty,243,223,42,77,11,0,8,0,8,18,0,73,0,2,0,0,0
2025,R,schnd002,loaded,7,6,3,7,1,0,1,1,8,1,0,0,0,0,0,0,0
2025,F,schnd002,menon,1,1,1,2,1,0,0,0,1,0,0,0,0,0,0,0,0
2025,R,schnd002,menon,179,156,36,57,7,1,4,1,33,20,1,44,4,1,1,1,0
2025,F,schnd002,scoring,1,1,1,2,1,0,0,0,1,0,0,0,0,0,0,0,0
2025,R,schnd002,scoring,94,81,16,34,4,1,4,1,32,11,1,28,1,1,0,1,0
2025,R,schua002,empty,18,18,2,2,0,0,0,0,0,0,0,5,0,0,0,0,0
2025,R,schua002,loaded,1,1,0,0,0,0,0,0,0,0,0,0,1,0,0,0,0
2025,R,schua002,menon,15,14,4,5,1,0,0,0,0,0,0,5,1,0,1,0,0
2025,R,schua002,scoring,8,7,0,0,0,0,0,0,0,0,0,3,1,0,1,0,0
2025,R,schum002,empty,125,108,20,33,3,2,2,0,2,14,0,25,0,3,0,0,0
2025,R,schum002,loaded,5,5,2,2,0,0,0,0,4,0,0,0,1,0,0,0,0
2025,R,schum002,menon,88,75,16,17,1,0,0,0,11,8,0,10,6,1,3,1,0
2025,R,schum002,scoring,50,43,6,6,0,0,0,0,11,5,0,7,2,0,1,1,0
2025,D,schwk001,empty,11,11,2,6,1,0,1,0,1,0,0,4,0,0,0,0,0
2025,R,schwk001,empty,382,320,76,183,9,1,32,0,32,56,0,111,0,6,0,0,0
2025,R,schwk001,loaded,12,11,3,9,0,0,2,2,12,1,0,4,0,0,0,0,0
2025,D,schwk001,menon,7,5,1,4,0,0,1,0,2,2,0,4,0,0,0,0,0
2025,R,schwk001,menon,342,284,69,157,14,1,24,2,100,52,6,86,4,5,0,1,0
2025,D,schwk001,scoring,3,2,0,0,0,0,0,0,0,1,0,2,0,0,0,0,0
2025,R,schwk001,scoring,202,165,42,102,7,1,17,2,80,33,6,49,1,3,0,1,0
2025,R,scotv001,empty,265,238,48,57,9,0,0,0,0,23,0,70,0,4,0,0,0
2025,R,scotv001,loaded,7,7,1,2,1,0,0,0,3,0,0,2,0,0,0,0,0
2025,R,scotv001,menon,198,160,38,61,6,1,5,0,37,19,0,41,3,6,10,3,0
2025,R,scotv001,scoring,113,90,24,36,4,1,2,0,30,13,0,22,0,3,4,3,0
2025,R,seagc001,empty,250,219,63,120,12,0,15,0,15,27,0,45,0,4,0,0,0
2025,R,seagc001,loaded,8,8,3,3,0,0,0,0,7,0,0,2,0,0,0,0,0
2025,R,seagc001,menon,195,161,40,65,7,0,6,0,35,31,10,42,13,1,0,2,0
2025,R,seagc001,scoring,88,66,16,25,3,0,2,0,25,20,10,22,2,0,0,2,0
2025,R,seiga001,empty,35,31,7,7,0,0,0,0,0,4,0,10,0,0,0,0,0
2025,R,seiga001,loaded,1,1,1,1,0,0,0,0,2,0,0,0,0,0,0,0,0
2025,R,seiga001,menon,38,31,5,6,1,0,0,0,5,4,0,6,2,1,1,1,0
2025,R,seiga001,scoring,19,14,3,4,1,0,0,0,5,3,0,0,1,1,0,1,0
2025,R,semim001,empty,294,265,51,82,8,1,7,0,7,27,0,57,0,2,0,0,0
2025,R,semim001,loaded,12,10,1,1,0,0,0,0,5,0,0,1,0,0,0,2,0
2025,R,semim001,menon,240,205,57,89,8,0,8,0,55,23,0,36,8,3,0,9,0
2025,R,semim001,scoring,139,117,31,46,6,0,3,0,44,12,0,19,2,1,0,9,0
2025,R,sengh001,empty,47,43,5,6,1,0,0,0,0,3,0,13,0,1,0,0,0
2025,R,sengh001,loaded,4,3,0,0,0,0,0,0,1,0,0,1,1,0,0,1,0
2025,R,sengh001,menon,31,29,8,8,0,0,0,0,4,0,0,9,3,0,1,1,0
2025,R,sengh001,scoring,21,20,5,5,0,0,0,0,4,0,0,6,3,0,0,1,0
2025,R,seymb001,empty,54,49,7,13,1,1,1,0,1,4,0,26,0,1,0,0,0
2025,R,seymb001,loaded,2,2,0,0,0,0,0,0,0,0,0,1,0,0,0,0,0
2025,R,seymb001,menon,29,29,9,9,0,0,0,0,4,0,0,6,0,0,0,0,0
2025,R,seymb001,scoring,19,19,7,7,0,0,0,0,4,0,0,4,0,0,0,0,0
2025,D,shawm002,empty,12,7,1,1,0,0,0,0,0,5,0,1,0,0,0,0,0
2025,F,shawm002,empty,3,3,0,0,0,0,0,0,0,0,0,2,0,0,0,0,0
2025,R,shawm002,empty,252,233,55,97,13,1,9,0,9,17,0,61,0,2,0,0,0
2025,F,shawm002,loaded,1,1,0,0,0,0,0,0,0,0,0,1,0,0,0,0,0
2025,R,shawm002,loaded,11,9,1,1,0,0,0,0,6,1,0,1,0,0,0,1,0
2025,D,shawm002,menon,3,3,1,1,0,0,0,0,1,0,0,1,0,0,0,0,0
2025,F,shawm002,menon,5,4,0,0,0,0,0,0,0,0,0,3,0,0,1,0,0
2025,R,shawm002,menon,185,160,34,58,8,2,4,0,35,21,0,33,2,0,0,4,0
2025,D,shawm002,scoring,2,2,1,1,0,0,0,0,1,0,0,1,0,0,0,0,0
2025,F,shawm002,scoring,2,2,0,0,0,0,0,0,0,0,0,2,0,0,0,0,0
2025,R,shawm002,scoring,106,86,15,23,3,1,1,0,24,16,0,19,0,0,0,4,0
2025,F,sheeg001,empty,3,3,1,1,0,0,0,0,0,0,0,0,0,0,0,0,0
2025,R,sheeg001,empty,291,266,69,119,17,0,11,0,11,21,0,63,0,4,0,0,0
2025,R,sheeg001,loaded,10,9,2,4,2,0,0,0,7,0,0,3,0,0,0,1,0
2025,F,sheeg001,menon,3,3,0,0,0,0,0,0,0,0,0,1,0,0,0,0,0
2025,R,sheeg001,menon,254,226,55,92,11,1,8,0,60,23,1,44,9,1,0,4,0
2025,F,sheeg001,scoring,2,2,0,0,0,0,0,0,0,0,0,0,0,0,0,0,0
2025,R,sheeg001,scoring,145,124,33,49,5,1,3,0,48,16,1,20,3,1,0,4,0
2025,R,shorz001,empty,34,31,6,10,1,0,1,0,1,3,0,9,0,0,0,0,0
2025,R,shorz001,loaded,1,0,0,0,0,0,0,0,1,1,0,0,0,0,0,0,0
2025,R,shorz001,menon,22,19,5,9,1,0,1,0,6,1,0,9,0,1,1,0,0
2025,R,shorz001,scoring,14,12,3,4,1,0,0,0,4,1,0,7,0,0,1,0,0
2025,R,sianm001,empty,12,12,3,3,0,0,0,0,0,0,0,6,0,0,0,0,0
2025,R,sianm001,menon,7,5,1,1,0,0,0,0,0,2,0,1,0,0,0,0,0
2025,R,sianm001,scoring,4,2,0,0,0,0,0,0,0,2,0,0,0,0,0,0,0
2025,R,simor002,empty,47,43,10,12,2,0,0,0,0,4,0,7,0,0,0,0,0
2025,R,simor002,loaded,1,1,0,0,0,0,0,0,0,0,0,1,0,0,0,0,0
2025,R,simor002,menon,41,34,8,9,1,0,0,0,7,4,0,8,1,0,1,2,0
2025,R,simor002,scoring,30,23,6,7,1,0,0,0,7,4,0,5,0,0,1,2,0
2025,R,simpc001,empty,295,282,83,99,12,2,0,0,0,12,0,33,0,0,0,0,1
2025,R,simpc001,loaded,5,5,1,1,0,0,0,0,3,0,0,1,1,0,0,0,0
2025,R,simpc001,menon,146,132,39,44,3,1,0,0,26,8,0,10,10,0,3,2,1
2025,R,simpc001,scoring,89,75,22,26,2,1,0,0,26,8,0,7,3,0,3,2,1
2025,R,singj001,empty,5,5,1,1,0,0,0,0,0,0,0,1,0,0,0,0,0
2025,R,singj001,menon,4,4,0,0,0,0,0,0,0,0,0,0,0,0,0,0,0
2025,R,singj001,scoring,2,2,0,0,0,0,0,0,0,0,0,0,0,0,0,0,0
2025,R,sirij001,empty,20,17,1,2,1,0,0,0,0,3,0,8,0,0,0,0,0
2025,R,sirij001,loaded,1,1,0,0,0,0,0,0,0,0,0,0,0,0,0,0,0
2025,R,sirij001,menon,16,15,1,2,1,0,0,0,1,1,0,9,0,0,0,0,0
2025,R,sirij001,scoring,12,11,0,0,0,0,0,0,0,1,0,6,0,0,0,0,0
2025,R,slata001,empty,85,81,22,39,3,1,4,0,4,4,0,29,0,0,0,0,0
2025,R,slata001,loaded,3,3,0,0,0,0,0,0,0,0,0,2,0,0,0,0,0
2025,R,slata001,menon,75,67,10,16,3,0,1,0,9,7,0,22,6,0,1,0,0
2025,R,slata001,scoring,45,39,5,6,1,0,0,0,7,5,0,16,4,0,1,0,0
2025,R,smitc010,empty,270,241,54,79,8,1,5,0,5,27,0,82,0,2,0,0,0
2025,R,smitc010,loaded,10,9,3,4,1,0,0,0,6,0,0,3,0,0,0,1,0
2025,R,smitc010,menon,223,200,50,79,13,2,4,0,46,16,0,55,11,5,0,2,0
2025,R,smitc010,scoring,135,122,33,54,8,2,3,0,41,8,0,38,3,3,0,2,0
2025,R,smitd008,empty,124,116,28,39,8,0,1,0,1,6,0,23,0,2,0,0,0
2025,R,smitd008,loaded,9,8,5,5,0,0,0,0,9,0,0,0,0,0,0,1,0
2025,R,smitd008,menon,101,88,30,46,4,0,4,0,32,9,0,19,5,0,0,4,0
2025,R,smitd008,scoring,60,51,19,24,2,0,1,0,26,5,0,10,2,0,0,4,0
2025,R,smitj007,empty,359,319,85,127,16,1,8,0,8,37,0,59,0,2,0,0,1
2025,R,smitj007,loaded,12,11,1,1,0,0,0,0,3,0,0,3,0,1,0,0,0
2025,R,smitj007,menon,204,176,39,54,7,1,2,0,27,18,2,41,3,6,3,1,0
2025,R,smitj007,scoring,123,104,18,26,5,0,1,0,22,13,2,29,0,3,2,1,0
2025,R,smitp002,empty,161,139,37,57,8,0,4,0,4,22,0,52,0,0,0,0,0
2025,R,smitp002,loaded,5,5,1,1,0,0,0,0,2,0,0,2,0,0,0,0,0
2025,R,smitp002,menon,127,105,26,49,9,1,4,0,24,19,1,40,7,0,0,2,1
2025,R,smitp002,scoring,71,59,13,24,3,1,2,0,19,10,1,26,3,0,0,2,0
2025,D,smitw003,empty,8,8,1,1,0,0,0,0,0,0,0,4,0,0,0,0,0
2025,L,smitw003,empty,11,10,4,4,0,0,0,0,0,1,0,2,0,0,0,0,0
2025,R,smitw003,empty,238,203,54,99,7,1,12,0,12,33,0,53,0,2,0,0,0
2025,W,smitw003,empty,17,15,4,11,1,0,2,0,2,1,0,6,0,1,0,0,0
2025,D,smitw003,loaded,1,1,1,1,0,0,0,0,2,0,0,0,0,0,0,0,0
2025,R,smitw003,loaded,14,6,2,3,1,0,0,0,11,2,0,0,0,2,0,4,0
2025,W,smitw003,loaded,1,1,0,0,0,0,0,0,1,0,0,0,0,0,0,0,0
2025,D,smitw003,menon,7,5,1,1,0,0,0,0,2,1,0,2,1,1,0,0,0
2025,L,smitw003,menon,6,5,2,2,0,0,0,0,0,1,1,2,0,0,0,0,0
2025,R,smitw003,menon,198,159,53,81,13,0,5,0,49,31,1,36,7,3,0,5,0
2025,W,smitw003,menon,17,15,4,5,1,0,0,0,4,2,1,2,1,0,0,0,0
2025,D,smitw003,scoring,3,2,1,1,0,0,0,0,2,1,0,1,0,0,0,0,0
2025,L,smitw003,scoring,3,2,0,0,0,0,0,0,0,1,1,1,0,0,0,0,0
2025,R,smitw003,scoring,123,95,32,50,6,0,4,0,45,21,1,17,4,2,0,5,0
2025,W,smitw003,scoring,8,7,4,5,1,0,0,0,4,1,1,1,0,0,0,0,0
2025,R,sodet001,empty,325,294,85,146,14,1,15,0,15,30,0,78,0,1,0,0,0
2025,R,sodet001,loaded,20,17,7,12,2,0,1,1,17,2,0,3,2,0,0,1,0
2025,R,sodet001,menon,299,267,70,120,20,0,10,1,78,25,2,63,18,5,0,2,0
2025,R,sodet001,scoring,190,169,45,80,14,0,7,1,71,16,2,37,8,3,0,2,0
2025,F,sogan001,empty,4,4,1,1,0,0,0,0,0,0,0,1,0,0,0,0,0
2025,R,sogan001,empty,56,50,13,20,7,0,0,0,0,4,0,15,0,2,0,0,0
2025,R,sogan001,loaded,2,2,0,0,0,0,0,0,0,0,0,2,0,0,0,0,0
2025,F,sogan001,menon,3,2,1,2,1,0,0,0,0,0,0,0,0,0,1,0,0
2025,R,sogan001,menon,48,46,12,13,1,0,0,0,9,1,0,9,3,1,0,0,0
2025,F,sogan001,scoring,2,1,0,0,0,0,0,0,0,0,0,0,0,0,1,0,0
2025,R,sogan001,scoring,29,27,7,8,1,0,0,0,9,1,0,6,0,1,0,0,0
2025,R,solad001,empty,87,81,21,30,3,0,2,0,2,6,0,20,0,0,0,0,0
2025,R,solad001,loaded,5,4,2,2,0,0,0,0,4,0,0,1,1,0,0,1,0
2025,R,solad001,menon,92,85,20,26,1,1,1,0,19,2,0,20,9,3,0,2,0
2025,R,solad001,scoring,56,50,12,13,1,0,0,0,16,2,0,14,4,2,0,2,0
2025,R,solan001,empty,9,9,0,0,0,0,0,0,0,0,0,2,0,0,0,0,0
2025,R,solan001,menon,2,2,1,1,0,0,0,0,0,0,0,0,0,0,0,0,0
2025,R,solan001,scoring,1,1,0,0,0,0,0,0,0,0,0,0,0,0,0,0,0
2025,R,solej001,empty,192,174,36,68,5,0,9,0,9,14,0,53,0,4,0,0,0
2025,R,solej001,loaded,12,9,2,3,1,0,0,0,8,0,0,3,0,0,0,2,1
2025,R,solej001,menon,123,105,24,40,7,0,3,0,25,14,0,41,5,0,0,3,1
2025,R,solej001,scoring,69,58,14,21,4,0,1,0,20,7,0,24,1,0,0,3,1
2025,D,sosae001,empty,2,2,1,1,0,0,0,0,0,0,0,1,0,0,0,0,0
2025,R,sosae001,empty,149,144,38,63,7,0,6,0,6,4,0,35,0,1,0,0,0
2025,D,sosae001,loaded,1,1,0,0,0,0,0,0,0,0,0,0,0,0,0,0,0
2025,R,sosae001,loaded,7,4,2,3,1,0,0,0,7,2,0,1,0,0,0,0,1
2025,D,sosae001,menon,1,1,0,0,0,0,0,0,0,0,0,0,0,0,0,0,0
2025,R,sosae001,menon,112,99,29,51,5,1,5,0,33,6,0,21,7,1,3,2,1
2025,D,sosae001,scoring,1,1,0,0,0,0,0,0,0,0,0,0,0,0,0,0,0
2025,R,sosae001,scoring,64,55,16,32,2,1,4,0,31,5,0,10,3,0,1,2,1
2025,R,sosal001,empty,282,273,66,123,10,1,15,0,15,7,0,72,0,2,0,0,0
2025,R,sosal001,loaded,16,16,7,8,1,0,0,0,13,0,0,2,0,0,0,0,0
2025,R,sosal001,menon,262,245,71,102,10,0,7,0,60,11,0,55,11,2,1,3,0
2025,R,sosal001,scoring,152,140,40,51,5,0,2,0,48,6,0,34,3,2,1,3,0
2025,R,sotoj001,empty,389,323,94,199,12,0,31,0,31,64,0,76,0,2,0,0,0
2025,R,sotoj001,loaded,13,10,3,7,1,0,1,1,11,2,0,2,1,0,0,1,0
2025,R,sotoj001,menon,326,254,58,104,8,1,12,1,74,63,13,61,17,1,1,6,1
2025,R,sotoj001,scoring,193,143,34,66,3,1,9,1,64,41,13,37,4,1,1,6,1
2025,D,sprig001,empty,13,13,3,8,2,0,1,0,1,0,0,3,0,0,0,0,0
2025,L,sprig001,empty,19,17,4,11,1,0,2,0,2,1,0,4,0,1,0,0,0
2025,R,sprig001,empty,353,307,94,172,19,1,19,0,19,38,0,66,0,7,0,0,1
2025,W,sprig001,empty,15,14,5,6,1,0,0,0,0,0,0,3,0,1,0,0,0
2025,R,sprig001,loaded,14,12,6,12,0,0,2,2,17,0,0,3,0,0,0,1,1
2025,W,sprig001,loaded,1,1,0,0,0,0,0,0,0,0,0,0,0,0,0,0,0
2025,D,sprig001,menon,7,4,0,0,0,0,0,0,1,2,0,2,0,0,0,1,0
2025,L,sprig001,menon,14,12,4,9,2,0,1,0,5,2,0,2,1,0,0,0,0
2025,R,sprig001,menon,233,191,60,107,8,0,13,2,65,31,3,45,14,1,0,4,6
2025,W,sprig001,menon,7,7,3,3,0,0,0,0,1,0,0,3,0,0,0,0,0
2025,D,sprig001,scoring,7,4,0,0,0,0,0,0,1,2,0,2,0,0,0,1,0
2025,L,sprig001,scoring,8,6,3,8,2,0,1,0,5,2,0,1,0,0,0,0,0
2025,R,sprig001,scoring,142,112,37,65,4,0,8,2,53,20,3,32,5,0,0,4,6
2025,W,sprig001,scoring,5,5,1,1,0,0,0,0,1,0,0,3,0,0,0,0,0
2025,R,stalj001,empty,61,55,9,9,0,0,0,0,0,4,0,20,0,2,0,0,0
2025,R,stalj001,loaded,2,2,1,2,1,0,0,0,3,0,0,0,1,0,0,0,0
2025,R,stalj001,menon,68,64,7,11,4,0,0,0,9,2,0,20,5,1,1,0,0
2025,R,stalj001,scoring,35,34,6,10,4,0,0,0,9,1,0,13,1,0,0,0,0
2025,D,stanm004,empty,8,7,1,1,0,0,0,0,0,1,0,2,0,0,0,0,0
2025,F,stanm004,empty,8,8,1,2,1,0,0,0,0,0,0,1,0,0,0,0,0
2025,R,stanm004,empty,143,131,36,73,4,0,11,0,11,10,0,54,0,1,0,0,1
2025,D,stanm004,loaded,2,2,0,0,0,0,0,0,0,0,0,1,0,0,0,0,0
2025,F,stanm004,loaded,1,1,0,0,0,0,0,0,0,0,0,1,0,0,0,0,0
2025,R,stanm004,loaded,11,10,3,5,2,0,0,0,10,1,0,5,0,0,0,0,0
2025,D,stanm004,menon,10,8,3,4,1,0,0,0,4,1,0,2,0,0,0,1,0
2025,F,stanm004,menon,4,3,0,0,0,0,0,0,0,1,0,1,1,0,0,0,0
2025,R,stanm004,menon,138,118,32,75,4,0,13,0,55,19,3,42,5,0,0,1,0
2025,D,stanm004,scoring,7,6,2,2,0,0,0,0,4,0,0,2,0,0,0,1,0
2025,F,stanm004,scoring,3,2,0,0,0,0,0,0,0,1,0,1,1,0,0,0,0
2025,R,stanm004,scoring,88,72,22,47,4,0,7,0,43,15,3,25,1,0,0,1,0
2025,F,stees001,empty,5,4,0,0,0,0,0,0,0,0,0,2,0,1,0,0,0
2025,R,stees001,empty,319,286,66,113,12,1,11,0,11,30,0,64,0,3,0,0,0
2025,F,stees001,loaded,1,1,1,1,0,0,0,0,1,0,0,0,0,0,0,0,0
2025,R,stees001,loaded,15,11,2,2,0,0,0,0,7,2,0,2,2,1,0,1,0
2025,F,stees001,menon,4,4,3,3,0,0,0,0,1,0,0,0,0,0,0,0,0
2025,R,stees001,menon,249,223,55,96,9,1,10,0,64,21,0,65,12,2,1,2,0
2025,F,stees001,scoring,2,2,1,1,0,0,0,0,1,0,0,0,0,0,0,0,0
2025,R,stees001,scoring,148,130,33,56,6,1,5,0,52,14,0,42,6,1,1,2,0
2025,R,stefm001,empty,11,9,2,2,0,0,0,0,0,2,0,1,0,0,0,0,0
2025,R,stefm001,menon,14,13,2,2,0,0,0,0,0,1,0,2,0,0,0,0,0
2025,R,stefm001,scoring,5,5,0,0,0,0,0,0,0,0,0,0,0,0,0,0,0
2025,F,stept001,empty,5,5,0,0,0,0,0,0,0,0,0,3,0,0,0,0,0
2025,R,stept001,empty,189,172,32,55,8,0,5,0,5,16,0,70,0,1,0,0,0
2025,F,stept001,loaded,2,1,0,0,0,0,0,0,1,0,0,1,0,0,0,1,0
2025,R,stept001,loaded,9,9,3,7,1,0,1,1,9,0,0,3,0,0,0,0,0
2025,F,stept001,menon,3,2,1,2,1,0,0,0,2,0,0,1,0,0,0,1,0
2025,R,stept001,menon,153,127,37,71,10,0,8,1,45,21,1,46,4,1,0,4,0
2025,F,stept001,scoring,2,1,0,0,0,0,0,0,1,0,0,1,0,0,0,1,0
2025,R,stept001,scoring,87,70,20,40,5,0,5,1,37,13,1,28,1,0,0,4,0
2025,R,stevc001,empty,4,4,1,1,0,0,0,0,0,0,0,1,0,0,0,0,0
2025,R,stevc001,menon,4,4,1,1,0,0,0,0,1,0,0,1,0,0,0,0,0
2025,R,stevc001,scoring,4,4,1,1,0,0,0,0,1,0,0,1,0,0,0,0,0
2025,R,stevc002,empty,8,8,1,1,0,0,0,0,0,0,0,4,0,0,0,0,0
2025,R,stevc002,menon,6,5,1,1,0,0,0,0,0,0,0,3,0,0,1,0,0
2025,R,stevc002,scoring,2,2,0,0,0,0,0,0,0,0,0,1,0,0,0,0,0
2025,F,stews004,empty,1,1,0,0,0,0,0,0,0,0,0,0,0,0,0,0,0
2025,R,stews004,empty,34,32,8,20,0,0,4,0,4,2,0,9,0,0,0,0,0
2025,F,stews004,loaded,2,1,0,0,0,0,0,0,1,1,0,1,0,0,0,0,0
2025,R,stews004,loaded,1,1,1,1,0,0,0,0,1,0,0,0,0,0,0,0,0
2025,F,stews004,menon,4,3,2,2,0,0,0,0,4,1,0,1,0,0,0,0,0
2025,R,stews004,menon,24,23,6,10,1,0,1,0,4,1,0,6,1,0,0,0,0
2025,F,stews004,scoring,4,3,2,2,0,0,0,0,4,1,0,1,0,0,0,0,0
2025,R,stews004,scoring,11,10,3,3,0,0,0,0,2,1,0,4,0,0,0,0,0
2025,F,stort001,empty,8,8,3,6,0,0,1,0,1,0,0,2,0,0,0,0,0
2025,R,stort001,empty,367,344,82,133,15,0,12,0,12,20,0,101,0,3,0,0,0
2025,F,stort001,loaded,2,2,1,1,0,0,0,0,2,0,0,0,0,0,0,0,0
2025,R,stort001,loaded,18,17,8,11,3,0,0,0,19,0,0,3,0,1,0,0,0
2025,F,stort001,menon,5,5,2,2,0,0,0,0,2,0,0,2,0,0,0,0,0
2025,R,stort001,menon,287,268,79,132,14,0,13,0,84,13,1,75,3,4,1,1,0
2025,F,stort001,scoring,3,3,1,1,0,0,0,0,2,0,0,1,0,0,0,0,0
2025,R,stort001,scoring,182,171,50,86,9,0,9,0,74,9,1,51,0,1,0,1,0
2025,D,stotb001,empty,7,7,1,1,0,0,0,0,0,0,0,3,0,0,0,0,0
2025,R,stotb001,empty,316,288,67,99,13,2,5,0,5,28,0,54,0,0,0,0,0
2025,R,stotb001,loaded,17,13,3,5,2,0,0,0,12,1,0,2,0,0,0,3,0
2025,D,stotb001,menon,7,6,1,1,0,0,0,0,0,0,0,1,0,0,1,0,0
2025,R,stotb001,menon,244,211,61,96,9,1,8,0,61,26,1,37,4,1,2,4,0
2025,D,stotb001,scoring,4,3,0,0,0,0,0,0,0,0,0,0,0,0,1,0,0
2025,R,stotb001,scoring,154,134,42,73,8,1,7,0,58,15,1,23,2,0,1,4,0
2025,R,stowk001,empty,252,222,63,118,10,3,13,0,13,27,0,70,0,3,0,0,0
2025,R,stowk001,loaded,9,8,4,11,1,0,2,2,13,0,0,2,1,0,0,1,0
2025,R,stowk001,menon,205,177,52,99,11,0,12,2,60,21,3,55,6,2,1,4,0
2025,R,stowk001,scoring,123,106,27,57,6,0,8,2,49,12,3,42,1,1,0,4,0
2025,D,stram002,empty,3,3,0,0,0,0,0,0,0,0,0,1,0,0,0,0,0
2025,L,stram002,empty,2,2,0,0,0,0,0,0,0,0,0,0,0,0,0,0,0
2025,R,stram002,empty,149,137,34,43,6,0,1,0,1,11,0,28,0,1,0,0,0
2025,W,stram002,empty,4,4,0,0,0,0,0,0,0,0,0,1,0,0,0,0,0
2025,R,stram002,loaded,10,8,3,3,0,0,0,0,6,1,0,1,1,0,0,1,0
2025,D,stram002,menon,3,2,2,2,0,0,0,0,1,1,0,0,0,0,0,0,0
2025,L,stram002,menon,2,2,0,0,0,0,0,0,0,0,0,1,0,0,0,0,0
2025,R,stram002,menon,150,130,36,55,8,1,3,0,31,8,0,22,5,0,11,1,0
2025,W,stram002,menon,5,5,0,0,0,0,0,0,0,0,0,2,0,0,0,0,0
2025,D,stram002,scoring,2,2,2,2,0,0,0,0,1,0,0,0,0,0,0,0,0
2025,L,stram002,scoring,2,2,0,0,0,0,0,0,0,0,0,1,0,0,0,0,0
2025,R,stram002,scoring,82,73,18,24,3,0,1,0,23,3,0,15,5,0,5,1,0
2025,W,stram002,scoring,3,3,0,0,0,0,0,0,0,0,0,1,0,0,0,0,0
2025,R,stubc001,empty,3,3,0,0,0,0,0,0,0,0,0,0,0,0,0,0,0
2025,R,stubg001,empty,1,1,0,0,0,0,0,0,0,0,0,0,0,0,0,0,0
2025,D,suare001,empty,16,15,1,4,0,0,1,0,1,1,0,8,0,0,0,0,0
2025,L,suare001,empty,15,14,4,8,1,0,1,0,1,1,0,5,0,0,0,0,0
2025,R,suare001,empty,364,334,73,170,16,0,27,0,27,22,0,114,0,8,0,0,0
2025,L,suare001,loaded,1,1,1,4,0,0,1,1,4,0,0,0,0,0,0,0,0
2025,R,suare001,loaded,15,13,4,13,0,0,3,3,16,1,0,6,0,0,0,1,0
2025,D,suare001,menon,6,6,1,1,0,0,0,0,0,0,0,1,2,0,0,0,0
2025,L,suare001,menon,14,12,4,7,0,0,1,1,6,2,0,4,0,0,0,0,0
2025,R,suare001,menon,293,254,61,139,12,0,22,3,91,24,2,82,11,8,0,7,0
2025,D,suare001,scoring,3,3,0,0,0,0,0,0,0,0,0,1,1,0,0,0,0
2025,L,suare001,scoring,6,5,2,5,0,0,1,1,5,1,0,1,0,0,0,0,0
2025,R,suare001,scoring,184,152,36,79,7,0,12,3,69,19,2,47,5,6,0,7,0
2025,R,sullb001,empty,6,5,0,0,0,0,0,0,0,1,0,3,0,0,0,0,0
2025,R,sullb001,loaded,1,1,1,1,0,0,0,0,1,0,0,0,0,0,0,0,0
2025,R,sullb001,menon,3,1,1,1,0,0,0,0,2,0,0,0,0,1,0,1,0
2025,R,sullb001,scoring,3,1,1,1,0,0,0,0,2,0,0,0,0,1,0,1,0
2025,R,suwij001,empty,101,88,12,21,3,0,2,0,2,12,0,34,0,1,0,0,0
2025,R,suwij001,loaded,3,3,0,0,0,0,0,0,0,0,0,2,0,0,0,0,0
2025,R,suwij001,menon,77,62,10,17,4,0,1,0,8,12,1,23,1,3,0,0,0
2025,R,suwij001,scoring,42,35,5,8,3,0,0,0,6,6,1,13,0,1,0,0,0
2025,D,suzus001,empty,11,10,3,7,1,0,1,0,1,1,0,1,0,0,0,0,0
2025,F,suzus001,empty,7,7,2,6,1,0,1,0,1,0,0,3,0,0,0,0,0
2025,R,suzus001,empty,342,308,67,135,17,3,15,0,15,33,0,96,0,1,0,0,0
2025,D,suzus001,loaded,1,1,0,0,0,0,0,0,0,0,0,1,0,0,0,0,0
2025,R,suzus001,loaded,15,14,8,12,1,0,1,1,16,0,0,3,0,0,0,1,0
2025,D,suzus001,menon,10,10,1,4,0,0,1,0,3,0,0,4,0,0,0,0,0
2025,F,suzus001,menon,4,4,1,2,1,0,0,0,0,0,0,2,1,0,0,0,0
2025,R,suzus001,menon,309,263,73,138,14,0,17,1,88,38,1,68,13,0,0,8,0
2025,D,suzus001,scoring,8,8,1,4,0,0,1,0,3,0,0,3,0,0,0,0,0
2025,R,suzus001,scoring,181,149,46,90,8,0,12,1,76,24,1,38,3,0,0,8,0
2025,D,swand001,empty,13,13,2,3,1,0,0,0,0,0,0,7,0,0,0,0,0
2025,F,swand001,empty,7,7,2,2,0,0,0,0,0,0,0,4,0,0,0,0,0
2025,R,swand001,empty,374,350,93,158,12,1,17,0,17,24,0,103,0,0,0,0,0
2025,F,swand001,loaded,1,0,0,0,0,0,0,0,1,1,0,0,0,0,0,0,0
2025,R,swand001,loaded,22,18,9,12,1,1,0,0,19,1,0,4,0,0,0,3,0
2025,D,swand001,menon,6,4,0,0,0,0,0,0,0,2,0,2,0,0,0,0,0
2025,F,swand001,menon,3,2,0,0,0,0,0,0,1,1,0,2,0,0,0,0,0
2025,R,swand001,menon,271,240,51,88,12,2,7,0,60,23,1,65,9,2,1,5,0
2025,D,swand001,scoring,4,2,0,0,0,0,0,0,0,2,0,0,0,0,0,0,0
2025,F,swand001,scoring,2,1,0,0,0,0,0,0,1,1,0,1,0,0,0,0,0
2025,R,swand001,scoring,174,152,31,55,8,2,4,0,51,14,1,50,5,2,1,5,0
2025,R,sweet001,empty,177,162,29,41,4,1,2,0,2,15,0,51,0,0,0,0,0
2025,R,sweet001,loaded,7,6,1,1,0,0,0,0,4,1,0,2,0,0,0,0,0
2025,R,sweet001,menon,149,134,29,45,2,1,4,0,30,11,0,41,2,0,0,4,0
2025,R,sweet001,scoring,83,73,15,29,0,1,4,0,30,6,0,26,1,0,0,4,0
2025,F,tatif002,empty,9,8,1,1,0,0,0,0,0,1,0,3,0,0,0,0,0
2025,R,tatif002,empty,453,399,97,168,19,2,16,0,16,51,0,90,0,3,0,0,0
2025,R,tatif002,loaded,12,8,4,7,0,0,1,1,14,4,0,1,1,0,0,0,0
2025,F,tatif002,menon,4,4,0,0,0,0,0,0,0,0,0,1,0,0,0,0,0
2025,R,tatif002,menon,238,195,62,97,8,0,9,1,55,38,7,39,6,3,0,2,0
2025,F,tatif002,scoring,2,2,0,0,0,0,0,0,0,0,0,0,0,0,0,0,0
2025,R,tatif002,scoring,136,105,26,46,5,0,5,1,47,28,7,24,4,1,0,2,0
2025,R,taucm001,empty,250,221,57,90,10,1,7,0,7,26,0,59,0,3,0,0,0
2025,R,taucm001,loaded,8,8,2,4,2,0,0,0,5,0,0,2,0,0,0,0,0
2025,R,taucm001,menon,135,114,31,44,7,0,2,0,33,19,0,27,5,1,0,1,0
2025,R,taucm001,scoring,73,62,19,28,6,0,1,0,30,10,0,14,2,0,0,1,0
2025,R,tavel001,empty,110,107,19,28,3,0,2,0,2,3,0,34,0,0,0,0,0
2025,R,tavel001,loaded,5,5,1,2,1,0,0,0,2,0,0,2,0,0,0,0,0
2025,R,tavel001,menon,70,64,16,24,3,1,1,0,15,2,0,16,0,0,3,1,0
2025,R,tavel001,scoring,48,43,13,21,3,1,1,0,15,1,0,10,0,0,3,1,0
2025,R,tawat001,empty,118,109,28,55,6,0,7,0,7,9,0,31,0,0,0,0,0
2025,R,tawat001,loaded,3,1,0,0,0,0,0,0,2,1,0,1,0,0,0,1,0
2025,R,tawat001,menon,107,90,12,14,2,0,0,0,11,11,0,33,6,1,2,3,0
2025,R,tawat001,scoring,65,51,6,7,1,0,0,0,10,9,0,19,4,0,2,3,0
2025,R,taylc001,empty,72,64,11,17,3,0,1,0,1,4,0,24,0,4,0,0,0
2025,R,taylc001,loaded,3,3,0,0,0,0,0,0,0,0,0,0,1,0,0,0,0
2025,R,taylc001,menon,53,49,10,17,4,0,1,0,11,1,0,18,1,2,0,1,0
2025,R,taylc001,scoring,33,30,8,14,3,0,1,0,10,1,0,8,1,1,0,1,0
2025,R,taylm002,empty,188,176,30,53,9,1,4,0,4,11,0,68,0,1,0,0,0
2025,R,taylm002,loaded,10,9,3,5,2,0,0,0,8,1,0,4,2,0,0,0,0
2025,R,taylm002,menon,137,119,29,55,11,0,5,0,31,12,1,42,7,0,4,2,0
2025,R,taylm002,scoring,80,69,10,20,7,0,1,0,21,7,1,28,3,0,2,2,0
2025,R,tayls003,empty,2,2,0,0,0,0,0,0,0,0,0,0,0,0,0,0,0
2025,R,tayls003,menon,7,6,1,1,0,0,0,0,0,0,0,1,0,0,1,0,0
2025,R,tayls003,scoring,4,4,0,0,0,0,0,0,0,0,0,1,0,0,0,0,0
2025,R,taylt002,empty,180,169,34,51,7,2,2,0,2,6,0,46,0,5,0,0,0
2025,R,taylt002,loaded,7,6,2,4,2,0,0,0,7,0,0,1,0,0,0,1,0
2025,R,taylt002,menon,161,141,35,48,11,1,0,0,25,10,1,30,4,4,3,2,1
2025,R,taylt002,scoring,74,65,21,31,8,1,0,0,24,5,1,11,0,2,0,2,0
2025,R,teelk001,empty,184,161,40,63,8,0,5,0,5,20,0,50,0,3,0,0,0
2025,R,teelk001,loaded,7,6,4,5,1,0,0,0,7,1,0,2,0,0,0,0,0
2025,R,teelk001,menon,113,92,29,41,3,0,3,0,30,17,0,27,1,2,1,1,0
2025,R,teelk001,scoring,68,57,23,34,2,0,3,0,29,9,0,15,0,0,1,1,0
2025,R,tellr001,empty,168,157,34,65,4,0,9,0,9,11,0,52,0,0,0,0,0
2025,R,tellr001,loaded,15,12,2,5,0,0,1,1,11,0,0,1,2,1,0,2,0
2025,R,tellr001,menon,144,132,32,63,7,0,8,1,40,6,0,31,9,3,0,3,0
2025,R,tellr001,scoring,86,78,18,41,5,0,6,1,36,3,0,16,5,2,0,3,0
2025,R,tenaj001,empty,103,91,20,32,8,2,0,0,0,11,0,27,0,1,0,0,0
2025,R,tenaj001,loaded,4,4,1,1,0,0,0,0,2,0,0,0,0,0,0,0,0
2025,R,tenaj001,menon,66,61,17,22,5,0,0,0,16,4,0,10,4,0,0,1,0
2025,R,tenaj001,scoring,36,33,11,16,5,0,0,0,16,2,0,5,1,0,0,1,0
2025,R,teodb001,empty,100,95,19,28,5,2,0,0,0,2,0,33,0,3,0,0,0
2025,R,teodb001,menon,50,43,9,14,2,0,1,0,7,3,0,14,2,1,1,2,0
2025,R,teodb001,scoring,25,20,2,3,1,0,0,0,4,1,0,8,0,1,1,2,0
2025,R,thaim001,empty,103,87,18,21,3,0,0,0,0,15,0,20,0,1,0,0,0
2025,R,thaim001,loaded,4,2,0,0,0,0,0,0,2,1,0,1,0,1,0,0,0
2025,R,thaim001,menon,87,69,16,24,3,1,1,0,16,14,0,26,2,2,1,1,0
2025,R,thaim001,scoring,49,36,9,13,2,1,0,0,14,9,0,14,2,2,1,1,0
2025,R,thoma004,empty,267,250,64,101,14,1,7,0,7,14,0,74,0,3,0,0,0
2025,R,thoma004,loaded,9,6,2,2,0,0,0,0,6,1,0,1,0,0,0,2,0
2025,R,thoma004,menon,202,183,44,59,5,2,2,0,31,7,0,48,2,2,6,4,0
2025,R,thoma004,scoring,124,113,25,36,3,1,2,0,30,5,0,38,1,0,2,4,0
2025,R,thomc005,empty,72,65,13,21,2,0,2,0,2,6,0,29,0,1,0,0,0
2025,R,thomc005,loaded,5,5,0,0,0,0,0,0,0,0,0,3,0,0,0,0,0
2025,R,thomc005,menon,60,55,14,29,3,0,4,0,17,1,0,20,3,0,1,3,0
2025,R,thomc005,scoring,37,33,8,15,1,0,2,0,12,0,0,13,1,0,1,3,0
2025,R,thoml002,empty,73,67,11,17,0,0,2,0,2,6,0,23,0,0,0,0,0
2025,R,thoml002,menon,69,58,9,17,2,0,2,0,9,8,0,21,4,1,0,2,0
2025,R,thoml002,scoring,33,27,4,10,0,0,2,0,9,4,0,11,0,0,0,2,0
2025,R,thomr008,empty,7,6,1,2,1,0,0,0,0,1,0,0,0,0,0,0,0
2025,R,thomr008,loaded,1,1,0,0,0,0,0,0,1,0,0,0,0,0,0,0,0
2025,R,thomr008,menon,3,2,0,0,0,0,0,0,2,0,0,0,0,0,0,1,0
2025,R,thomr008,scoring,2,1,0,0,0,0,0,0,2,0,0,0,0,0,0,1,0
2025,R,toglm001,empty,204,189,34,59,7,0,6,0,6,14,0,80,0,1,0,0,0
2025,R,toglm001,loaded,6,5,2,6,1,0,1,1,7,0,0,0,1,0,0,1,0
2025,R,toglm001,menon,133,117,24,49,8,1,5,1,26,14,2,52,7,0,0,2,0
2025,R,toglm001,scoring,75,62,10,18,3,1,1,1,16,11,2,32,2,0,0,2,0
2025,R,tolbt001,empty,30,27,8,10,2,0,0,0,0,1,0,7,0,2,0,0,0
2025,R,tolbt001,loaded,3,3,1,1,0,0,0,0,2,0,0,1,0,0,0,0,0
2025,R,tolbt001,menon,27,23,6,9,0,0,1,0,6,0,0,4,1,1,1,2,0
2025,R,tolbt001,scoring,15,12,2,2,0,0,0,0,4,0,0,1,0,1,0,2,0
2025,D,torks001,empty,15,13,2,3,1,0,0,0,0,2,0,4,0,0,0,0,0
2025,F,torks001,empty,6,5,0,0,0,0,0,0,0,0,0,2,0,1,0,0,0
2025,R,torks001,empty,374,329,81,164,9,1,24,0,24,40,0,101,0,5,0,0,0
2025,R,torks001,loaded,7,5,1,2,1,0,0,0,4,0,0,0,1,0,0,2,0
2025,D,torks001,menon,8,8,2,4,2,0,0,0,4,0,0,2,0,0,0,0,0
2025,F,torks001,menon,8,6,2,2,0,0,0,0,2,1,0,3,0,1,0,0,0
2025,R,torks001,menon,275,234,54,93,18,0,7,0,54,32,6,68,12,4,0,5,0
2025,D,torks001,scoring,4,4,2,4,2,0,0,0,4,0,0,0,0,0,0,0,0
2025,F,torks001,scoring,5,5,2,2,0,0,0,0,2,0,0,2,0,0,0,0,0
2025,R,torks001,scoring,155,126,30,55,13,0,4,0,45,23,6,36,3,1,0,5,0
2025,R,toroa001,empty,162,153,37,63,8,0,6,0,6,5,0,28,0,4,0,0,0
2025,R,toroa001,loaded,6,5,2,2,0,0,0,0,3,1,0,1,1,0,0,0,0
2025,R,toroa001,menon,122,106,25,33,5,0,1,0,21,9,1,14,1,2,0,5,0
2025,R,toroa001,scoring,71,57,15,20,2,0,1,0,20,8,1,6,1,1,0,5,0
2025,D,torrg001,empty,15,14,5,10,2,0,1,0,1,1,0,5,0,0,0,0,0
2025,F,torrg001,empty,10,9,1,1,0,0,0,0,0,0,0,3,0,1,0,0,0
2025,R,torrg001,empty,381,320,72,110,11,0,9,0,9,58,0,67,0,3,0,0,0
2025,D,torrg001,loaded,1,1,0,0,0,0,0,0,0,0,0,0,0,0,0,0,0
2025,R,torrg001,loaded,11,6,5,6,1,0,0,0,15,2,0,0,0,0,0,3,0
2025,D,torrg001,menon,9,7,1,1,0,0,0,0,0,2,1,2,0,0,0,0,0
2025,F,torrg001,menon,4,4,1,1,0,0,0,0,0,0,0,0,1,0,0,0,0
2025,R,torrg001,menon,247,212,64,96,11,0,7,0,65,27,0,34,11,1,0,7,0
2025,D,torrg001,scoring,3,2,0,0,0,0,0,0,0,1,1,0,0,0,0,0,0
2025,F,torrg001,scoring,2,2,0,0,0,0,0,0,0,0,0,0,1,0,0,0,0
2025,R,torrg001,scoring,130,107,34,56,7,0,5,0,59,16,0,14,1,0,0,7,0
2025,R,torrl001,empty,162,149,25,34,6,0,1,0,1,11,0,34,0,2,0,0,0
2025,R,torrl001,loaded,7,7,2,2,0,0,0,0,3,0,0,2,1,0,0,0,0
2025,R,torrl001,menon,121,112,34,56,8,1,4,0,28,8,0,22,7,0,1,0,0
2025,R,torrl001,scoring,64,56,17,31,5,0,3,0,24,7,0,13,1,0,1,0,0
2025,R,tovae001,empty,253,237,58,97,10,4,7,0,7,15,0,67,0,1,0,0,0
2025,R,tovae001,loaded,4,3,1,1,0,0,0,0,3,0,0,1,0,0,0,1,0
2025,R,tovae001,menon,137,123,33,47,8,0,2,0,26,6,0,31,2,0,6,2,0
2025,R,tovae001,scoring,79,71,20,31,5,0,2,0,25,3,0,20,0,0,3,2,0
2025,R,tramt001,empty,86,74,15,21,3,0,1,0,1,12,0,22,0,0,0,0,0
2025,R,tramt001,loaded,3,2,0,0,0,0,0,0,2,1,0,1,0,0,0,0,0
2025,R,tramt001,menon,49,43,8,18,4,0,2,0,11,5,0,19,0,0,0,1,0
2025,R,tramt001,scoring,26,23,2,6,1,0,1,0,8,2,0,12,0,0,0,1,0
2025,R,treja001,empty,27,27,7,9,2,0,0,0,0,0,0,4,0,0,0,0,0
2025,R,treja001,menon,16,13,0,0,0,0,0,0,1,1,0,3,3,0,1,1,0
2025,R,treja001,scoring,7,5,0,0,0,0,0,0,1,1,0,0,1,0,0,1,0
2025,R,trevj001,empty,175,166,41,63,16,0,2,0,2,9,0,20,0,0,0,0,0
2025,R,trevj001,loaded,5,5,1,1,0,0,0,0,2,0,0,0,0,0,0,0,0
2025,R,trevj001,menon,127,116,26,36,4,0,2,0,20,6,0,19,9,0,1,4,0
2025,R,trevj001,scoring,75,66,15,17,2,0,0,0,16,4,0,10,2,0,1,4,0
2025,R,trioj001,empty,225,203,45,70,15,2,2,0,2,21,0,42,0,1,0,0,0
2025,R,trioj001,loaded,12,9,1,1,0,0,0,0,5,2,0,2,1,0,0,1,0
2025,R,trioj001,menon,151,128,30,48,3,0,5,0,22,18,1,34,4,1,3,1,0
2025,R,trioj001,scoring,80,65,10,14,1,0,1,0,13,12,1,23,2,0,2,1,0
2025,R,tromc001,empty,11,10,2,6,1,0,1,0,1,1,0,2,0,0,0,0,0
2025,R,tromc001,menon,11,11,1,1,0,0,0,0,0,0,0,4,1,0,0,0,0
2025,R,tromc001,scoring,7,7,0,0,0,0,0,0,0,0,0,4,0,0,0,0,0
2025,R,troum001,empty,329,287,64,125,8,1,17,0,17,39,0,116,0,2,0,0,1
2025,R,troum001,loaded,7,4,2,2,0,0,0,0,7,2,0,1,0,0,0,1,0
2025,R,troum001,menon,227,169,42,75,6,0,9,0,47,48,10,62,7,4,0,6,0
2025,R,troum001,scoring,129,91,23,37,2,0,4,0,36,30,10,33,4,2,0,6,0
2025,D,tuckk001,empty,10,10,2,5,0,0,1,0,1,0,0,1,0,0,0,0,0
2025,F,tuckk001,empty,6,6,3,3,0,0,0,0,0,0,0,1,0,0,0,0,0
2025,R,tuckk001,empty,342,295,73,131,18,2,12,0,12,45,0,51,0,1,0,0,1
2025,R,tuckk001,loaded,13,8,4,4,0,0,0,0,12,3,0,3,0,0,0,2,0
2025,D,tuckk001,menon,11,6,2,2,0,0,0,0,0,5,0,2,0,0,0,0,0
2025,F,tuckk001,menon,5,5,0,0,0,0,0,0,0,0,0,1,0,0,0,0,0
2025,R,tuckk001,menon,255,205,60,101,7,2,10,0,61,42,7,37,8,3,1,3,1
2025,D,tuckk001,scoring,2,1,0,0,0,0,0,0,0,1,0,1,0,0,0,0,0
2025,F,tuckk001,scoring,3,3,0,0,0,0,0,0,0,0,0,0,0,0,0,0,0
2025,R,tuckk001,scoring,137,105,28,48,3,1,5,0,50,25,7,17,2,2,1,3,1
2025,D,turab002,empty,13,13,2,5,0,0,1,0,1,0,0,5,0,0,0,0,0
2025,L,turab002,empty,12,11,1,1,0,0,0,0,0,1,0,4,0,0,0,0,0
2025,R,turab002,empty,388,348,88,131,9,2,10,0,10,40,0,103,0,0,0,0,0
2025,D,turab002,loaded,1,1,0,0,0,0,0,0,0,0,0,1,0,0,0,0,0
2025,L,turab002,loaded,1,1,0,0,0,0,0,0,0,0,0,1,0,0,0,0,0
2025,R,turab002,loaded,16,14,6,7,1,0,0,0,12,0,0,2,0,0,0,2,0
2025,D,turab002,menon,8,7,1,2,1,0,0,0,1,1,0,3,0,0,0,0,0
2025,L,turab002,menon,4,4,0,0,0,0,0,0,1,0,0,2,0,0,0,0,0
2025,R,turab002,menon,271,236,80,123,19,0,8,0,71,26,1,47,3,2,2,5,0
2025,D,turab002,scoring,6,5,1,2,1,0,0,0,1,1,0,3,0,0,0,0,0
2025,L,turab002,scoring,2,2,0,0,0,0,0,0,1,0,0,1,0,0,0,0,0
2025,R,turab002,scoring,170,144,53,73,11,0,3,0,59,19,1,28,2,1,1,5,0
2025,D,turnj001,empty,1,1,0,0,0,0,0,0,0,0,0,0,0,0,0,0,0
2025,R,turnj001,empty,106,102,19,29,4,0,2,0,2,4,0,23,0,0,0,0,0
2025,R,turnj001,loaded,4,3,1,1,0,0,0,0,2,0,0,0,1,0,0,1,0
2025,D,turnj001,menon,1,1,1,1,0,0,0,0,0,0,0,0,0,0,0,0,0
2025,R,turnj001,menon,85,67,18,24,3,0,1,0,16,13,0,14,3,1,0,4,0
2025,R,turnj001,scoring,51,37,11,13,2,0,0,0,14,9,0,7,1,1,0,4,0
2025,D,turnt001,empty,11,9,1,1,0,0,0,0,0,2,0,3,0,0,0,0,0
2025,R,turnt001,empty,378,346,101,163,18,4,12,0,12,29,0,65,0,3,0,0,0
2025,R,turnt001,loaded,11,11,3,3,0,0,0,0,7,0,0,2,0,0,0,0,0
2025,D,turnt001,menon,8,8,3,3,0,0,0,0,3,0,0,2,0,0,0,0,0
2025,R,turnt001,menon,261,243,78,106,13,3,3,0,57,14,1,42,11,2,0,2,0
2025,D,turnt001,scoring,6,6,2,2,0,0,0,0,3,0,0,1,0,0,0,0,0
2025,R,turnt001,scoring,157,143,49,65,6,2,2,0,51,10,1,23,1,2,0,2,0
2025,R,urial001,empty,194,173,43,66,5,0,6,0,6,17,0,23,0,3,0,0,1
2025,R,urial001,loaded,6,3,0,0,0,0,0,0,4,0,0,0,0,1,0,2,0
2025,R,urial001,menon,136,114,23,31,2,0,2,0,19,14,0,22,9,3,0,3,2
2025,R,urial001,scoring,74,58,11,16,2,0,1,0,17,9,0,11,3,2,0,3,2
2025,R,uriar001,empty,220,204,49,80,10,0,7,0,7,15,0,56,0,1,0,0,0
2025,R,uriar001,loaded,17,12,2,3,1,0,0,0,10,0,0,3,0,0,0,5,0
2025,R,uriar001,menon,171,148,36,55,7,0,4,0,37,12,0,32,6,1,0,10,0
2025,R,uriar001,scoring,102,87,19,33,2,0,4,0,36,5,0,21,1,0,0,10,0
2025,R,urshg001,empty,104,96,21,26,5,0,0,0,0,8,0,19,0,0,0,0,0
2025,R,urshg001,loaded,5,4,0,0,0,0,0,0,1,1,0,2,0,0,0,0,0
2025,R,urshg001,menon,93,85,22,33,9,1,0,0,20,5,0,21,6,0,2,1,0
2025,R,urshg001,scoring,54,48,11,19,6,1,0,0,18,3,0,14,2,0,2,1,0
2025,R,valde002,empty,56,51,9,17,1,2,1,0,1,5,0,12,0,0,0,0,0
2025,R,valde002,loaded,2,2,2,3,1,0,0,0,4,0,0,0,0,0,0,0,0
2025,R,valde002,menon,46,40,10,16,3,0,1,0,11,6,0,4,2,0,0,0,0
2025,R,valde002,scoring,22,17,5,7,2,0,0,0,8,5,0,2,1,0,0,0,0
2025,F,valeg001,empty,5,5,2,6,1,0,1,0,1,0,0,0,0,0,0,0,0
2025,R,valeg001,empty,25,22,4,9,2,0,1,0,1,3,0,7,0,0,0,0,0
2025,R,valeg001,loaded,1,1,0,0,0,0,0,0,0,0,0,1,0,0,0,0,0
2025,F,valeg001,menon,2,2,0,0,0,0,0,0,0,0,0,2,0,0,0,0,0
2025,R,valeg001,menon,23,19,5,8,0,0,1,0,4,4,0,6,1,0,0,0,0
2025,F,valeg001,scoring,2,2,0,0,0,0,0,0,0,0,0,2,0,0,0,0,0
2025,R,valeg001,scoring,14,11,4,7,0,0,1,0,4,3,0,3,0,0,0,0,0
2025,R,vargi001,empty,67,65,16,20,2,1,0,0,0,0,0,11,0,2,0,0,0
2025,R,vargi001,loaded,5,4,2,2,0,0,0,0,5,1,0,1,1,0,0,0,0
2025,R,vargi001,menon,54,50,15,24,0,0,3,0,19,2,0,4,3,0,1,1,0
2025,R,vargi001,scoring,33,29,10,16,0,0,2,0,17,2,0,3,1,0,1,1,0
2025,R,vargm001,empty,318,289,72,113,22,2,5,0,5,26,0,60,0,3,0,0,0
2025,R,vargm001,loaded,16,10,3,7,1,0,1,1,13,5,0,2,0,0,0,1,0
2025,R,vargm001,menon,251,215,46,89,10,0,11,1,55,30,0,40,9,3,0,3,0
2025,R,vargm001,scoring,139,107,24,49,4,0,7,1,45,27,0,14,6,2,0,3,0
2025,D,varsd001,empty,10,9,4,9,2,0,1,0,1,1,0,3,0,0,0,0,0
2025,L,varsd001,empty,17,17,3,3,0,0,0,0,0,0,0,6,0,0,0,0,0
2025,R,varsd001,empty,132,124,26,59,4,1,9,0,9,8,0,38,0,0,0,0,0
2025,W,varsd001,empty,14,12,2,4,0,1,0,0,0,1,0,2,0,1,0,0,0
2025,L,varsd001,loaded,2,1,0,0,0,0,0,0,1,1,0,1,0,0,0,0,0
2025,R,varsd001,loaded,9,4,2,8,0,0,2,2,13,1,0,2,0,0,0,4,0
2025,W,varsd001,loaded,3,3,0,0,0,0,0,0,0,0,0,0,0,0,0,0,0
2025,D,varsd001,menon,7,7,3,7,1,0,1,0,3,0,0,0,1,0,0,0,0
2025,L,varsd001,menon,12,11,2,3,1,0,0,0,4,1,0,3,0,0,0,0,0
2025,R,varsd001,menon,139,124,33,77,9,1,11,2,46,9,1,39,1,1,0,5,0
2025,W,varsd001,menon,21,19,3,6,0,0,1,0,2,1,0,5,1,1,0,0,0
2025,D,varsd001,scoring,5,5,2,3,1,0,0,0,1,0,0,0,0,0,0,0,0
2025,L,varsd001,scoring,10,9,2,3,1,0,0,0,4,1,0,3,0,0,0,0,0
2025,R,varsd001,scoring,75,66,17,40,6,1,5,2,34,4,1,25,0,0,0,5,0
2025,W,varsd001,scoring,10,9,0,0,0,0,0,0,0,0,0,3,0,1,0,0,0
2025,D,vauga001,empty,12,10,2,5,0,0,1,0,1,2,0,0,0,0,0,0,0
2025,L,vauga001,empty,10,9,0,0,0,0,0,0,0,1,0,2,0,0,0,0,0
2025,R,vauga001,empty,226,210,59,90,13,0,6,0,6,15,0,45,0,1,0,0,0
2025,R,vauga001,loaded,12,11,2,5,0,0,1,1,7,0,0,3,1,0,0,1,0
2025,D,vauga001,menon,5,4,2,5,0,0,1,0,3,1,0,0,1,0,0,0,0
2025,L,vauga001,menon,3,3,0,0,0,0,0,0,0,0,0,0,0,0,0,0,0
2025,R,vauga001,menon,221,196,44,77,9,0,8,1,59,16,0,35,12,2,1,6,0
2025,D,vauga001,scoring,3,2,2,5,0,0,1,0,3,1,0,0,0,0,0,0,0
2025,L,vauga001,scoring,2,2,0,0,0,0,0,0,0,0,0,0,0,0,0,0,0
2025,R,vauga001,scoring,138,118,31,62,7,0,8,1,58,11,0,22,6,2,1,6,0
2025,R,vavrt001,menon,1,1,0,0,0,0,0,0,0,0,0,0,0,0,0,0,0
2025,R,vavrt001,scoring,1,1,0,0,0,0,0,0,0,0,0,0,0,0,0,0,0
2025,R,vazqc001,empty,115,106,20,31,5,0,2,0,2,8,0,14,0,1,0,0,0
2025,R,vazqc001,loaded,8,6,0,0,0,0,0,0,3,0,0,2,1,0,0,2,0
2025,R,vazqc001,menon,99,84,16,21,2,0,1,0,12,10,0,21,3,3,0,2,0
2025,R,vazqc001,scoring,55,45,8,13,2,0,1,0,12,7,0,13,2,1,0,2,0
2025,R,vazql001,empty,31,29,3,7,1,0,1,0,1,2,0,8,0,0,0,0,0
2025,R,vazql001,menon,22,21,5,5,0,0,0,0,2,1,0,6,0,0,0,0,0
2025,R,vazql001,scoring,7,6,1,1,0,0,0,0,2,1,0,0,0,0,0,0,0
2025,R,veenz001,empty,23,21,2,5,0,0,1,0,1,1,0,8,0,1,0,0,0
2025,R,veenz001,menon,14,13,2,3,1,0,0,0,1,1,0,6,0,0,0,0,0
2025,R,veenz001,scoring,6,6,1,2,1,0,0,0,1,0,0,3,0,0,0,0,0
2025,R,verda001,empty,119,112,25,30,5,0,0,0,0,6,0,13,0,1,0,0,0
2025,R,verda001,loaded,3,2,0,0,0,0,0,0,1,1,0,1,0,0,0,0,0
2025,R,verda001,menon,94,85,22,27,5,0,0,0,12,8,0,18,1,1,0,0,0
2025,R,verda001,scoring,54,48,12,16,4,0,0,0,11,5,0,8,0,1,0,0,0
2025,R,vienm001,empty,264,249,61,99,9,1,9,0,9,12,0,66,0,3,0,0,0
2025,R,vienm001,loaded,14,11,3,9,1,1,1,1,13,1,0,5,1,0,0,2,0
2025,R,vienm001,menon,199,175,38,76,12,1,8,1,52,18,0,49,11,2,0,4,0
2025,R,vienm001,scoring,123,106,22,49,7,1,6,1,45,13,0,34,4,0,0,4,0
2025,R,vierm001,empty,64,59,10,11,1,0,0,0,0,4,0,15,0,1,0,0,0
2025,R,vierm001,loaded,4,4,1,1,0,0,0,0,2,0,0,1,0,0,0,0,0
2025,R,vierm001,menon,36,29,11,16,2,0,1,0,11,3,0,9,1,2,0,2,0
2025,R,vierm001,scoring,21,16,6,10,1,0,1,0,10,2,0,5,1,1,0,2,0
2025,R,vilar001,empty,8,6,1,1,0,0,0,0,0,2,0,2,0,0,0,0,0
2025,R,vilar001,menon,7,7,0,0,0,0,0,0,0,0,0,3,1,0,0,0,0
2025,R,vilar001,scoring,3,3,0,0,0,0,0,0,0,0,0,1,0,0,0,0,0
2025,R,villd001,empty,14,12,3,4,1,0,0,0,0,2,0,2,0,0,0,0,0
2025,R,villd001,menon,11,8,1,1,0,0,0,0,1,2,0,3,1,1,0,0,0
2025,R,villd001,scoring,8,5,0,0,0,0,0,0,1,2,0,1,1,1,0,0,0
2025,R,vivaj001,empty,40,35,5,9,1,0,1,0,1,4,0,7,0,0,0,0,1
2025,R,vivaj001,loaded,4,3,0,0,0,0,0,0,2,0,0,1,0,1,0,0,0
2025,R,vivaj001,menon,26,21,4,5,1,0,0,0,4,1,0,6,0,3,0,0,1
2025,R,vivaj001,scoring,17,14,1,1,0,0,0,0,4,1,0,5,0,2,0,0,0
2025,D,volpa001,empty,8,8,1,2,1,0,0,0,0,0,0,4,0,0,0,0,0
2025,F,volpa001,empty,5,5,2,5,0,0,1,0,1,0,0,2,0,0,0,0,0
2025,R,volpa001,empty,324,300,62,120,16,3,12,0,12,22,0,89,0,2,0,0,0
2025,F,volpa001,loaded,1,1,1,1,0,0,0,0,1,0,0,0,0,0,0,0,0
2025,R,volpa001,loaded,24,17,3,5,2,0,0,0,15,1,0,6,0,1,0,5,0
2025,D,volpa001,menon,7,7,0,0,0,0,0,0,0,0,0,7,0,0,0,0,0
2025,F,volpa001,menon,6,6,2,2,0,0,0,0,1,0,0,3,1,0,0,0,0
2025,R,volpa001,menon,272,239,52,91,16,1,7,0,60,21,0,61,10,2,3,7,0
2025,D,volpa001,scoring,2,2,0,0,0,0,0,0,0,0,0,2,0,0,0,0,0
2025,F,volpa001,scoring,2,2,1,1,0,0,0,0,1,0,0,1,0,0,0,0,0
2025,R,volpa001,scoring,183,158,31,54,9,1,4,0,53,15,0,44,4,2,1,7,0
2025,R,wadel001,empty,133,122,19,31,2,2,2,0,2,10,0,31,0,1,0,0,0
2025,R,wadel001,loaded,9,7,1,2,1,0,0,0,4,2,0,4,0,0,0,0,0
2025,R,wadel001,menon,109,87,16,22,6,0,0,0,16,17,1,27,2,2,2,1,0
2025,R,wadel001,scoring,68,54,10,16,6,0,0,0,16,11,1,18,0,1,1,1,0
2025,R,wadet002,empty,68,59,9,12,1,1,0,0,0,9,0,18,0,0,0,0,0
2025,R,wadet002,loaded,6,6,2,4,0,1,0,0,5,0,0,1,0,0,0,0,0
2025,R,wadet002,menon,59,48,13,15,0,1,0,0,9,6,0,13,0,1,4,0,0
2025,R,wadet002,scoring,35,28,8,10,0,1,0,0,9,4,0,8,0,1,2,0,0
2025,R,wagae001,empty,277,259,61,93,11,0,7,0,7,18,0,52,0,0,0,0,0
2025,R,wagae001,loaded,10,8,1,1,0,0,0,0,4,0,0,3,1,0,0,2,0
2025,R,wagae001,menon,237,217,58,87,17,3,2,0,46,14,0,48,11,1,0,5,0
2025,R,wagae001,scoring,138,122,30,42,8,2,0,0,36,10,0,33,5,1,0,5,0
2025,R,wagnw001,empty,81,71,15,20,5,0,0,0,0,10,0,15,0,0,0,0,0
2025,R,wagnw001,loaded,3,3,0,0,0,0,0,0,1,0,0,1,0,0,0,0,0
2025,R,wagnw001,menon,68,58,14,16,2,0,0,0,7,7,0,13,3,2,1,0,0
2025,R,wagnw001,scoring,42,37,9,11,2,0,0,0,7,4,0,10,2,1,0,0,0
2025,R,walkc002,empty,335,310,73,126,14,0,13,0,13,19,0,86,0,6,0,0,0
2025,R,walkc002,loaded,17,12,4,4,0,0,0,0,12,1,0,4,0,1,0,3,0
2025,R,walkc002,menon,305,275,66,120,10,1,14,0,75,21,1,91,10,5,0,4,0
2025,R,walkc002,scoring,175,151,36,63,4,1,7,0,57,16,1,55,1,4,0,4,0
2025,R,walkj003,empty,216,195,40,54,5,0,3,0,3,18,0,78,0,3,0,0,0
2025,R,walkj003,loaded,10,10,5,7,2,0,0,0,8,0,0,2,0,0,0,0,0
2025,R,walkj003,menon,180,168,38,57,8,1,3,0,38,11,1,48,9,0,0,1,0
2025,R,walkj003,scoring,105,97,26,39,5,1,2,0,34,7,1,27,1,0,0,1,0
2025,R,wallm001,empty,251,221,43,104,10,3,15,0,15,26,0,70,0,4,0,0,0
2025,R,wallm001,loaded,4,3,0,0,0,0,0,0,1,1,0,1,0,0,0,0,0
2025,R,wallm001,menon,141,115,25,52,6,0,7,0,25,20,0,44,3,4,0,2,0
2025,R,wallm001,scoring,79,62,11,20,3,0,2,0,14,14,0,19,1,1,0,2,0
2025,R,wallt003,empty,183,169,35,50,6,0,3,0,3,14,0,43,0,0,0,0,0
2025,R,wallt003,loaded,14,10,4,5,1,0,0,0,13,2,0,1,1,0,0,2,0
2025,R,wallt003,menon,134,113,27,40,8,1,1,0,35,12,0,27,1,0,3,6,0
2025,R,wallt003,scoring,94,77,18,27,7,1,0,0,32,9,0,21,1,0,2,6,0
2025,R,waltd002,empty,4,4,1,1,0,0,0,0,0,0,0,0,0,0,0,0,0
2025,R,waltd002,menon,5,4,0,0,0,0,0,0,1,0,0,1,0,0,1,0,0
2025,R,waltd002,scoring,2,2,0,0,0,0,0,0,1,0,0,1,0,0,0,0,0
2025,R,wardt002,empty,355,319,72,156,16,1,22,0,22,35,0,86,0,1,0,0,0
2025,R,wardt002,loaded,21,17,4,11,1,0,2,2,19,3,0,6,2,1,0,0,0
2025,R,wardt002,menon,308,260,60,119,15,1,14,2,81,40,1,89,13,2,0,6,0
2025,R,wardt002,scoring,173,142,35,67,8,0,8,2,64,23,1,48,5,2,0,6,0
2025,R,wated001,empty,128,119,28,38,3,2,1,0,1,9,0,34,0,0,0,0,0
2025,R,wated001,loaded,7,7,1,1,0,0,0,0,2,0,0,3,0,0,0,0,0
2025,R,wated001,menon,91,87,22,27,3,1,0,0,13,2,0,26,2,2,0,0,0
2025,R,wated001,scoring,55,52,12,15,1,1,0,0,12,1,0,13,1,2,0,0,0
2025,D,wella002,empty,7,7,1,1,0,0,0,0,0,0,0,2,0,0,0,0,0
2025,F,wella002,empty,5,4,0,0,0,0,0,0,0,1,0,2,0,0,0,0,0
2025,R,wella002,empty,248,232,48,101,6,1,15,0,15,15,0,71,0,1,0,0,0
2025,D,wella002,loaded,1,1,0,0,0,0,0,0,0,0,0,0,0,0,0,0,0
2025,F,wella002,loaded,1,1,0,0,0,0,0,0,1,0,0,0,0,0,0,0,0
2025,R,wella002,loaded,15,12,3,7,1,0,1,1,12,1,0,3,0,0,0,2,0
2025,D,wella002,menon,6,6,2,2,0,0,0,0,1,0,0,1,0,0,0,0,0
2025,F,wella002,menon,5,5,2,2,0,0,0,0,2,0,0,1,0,0,0,0,0
2025,R,wella002,menon,200,169,40,74,16,0,6,1,56,15,0,47,10,4,0,11,1
2025,D,wella002,scoring,3,3,2,2,0,0,0,0,1,0,0,0,0,0,0,0,0
2025,F,wella002,scoring,1,1,0,0,0,0,0,0,1,0,0,0,0,0,0,0,0
2025,R,wella002,scoring,135,112,28,54,11,0,5,1,54,10,0,30,5,1,0,11,1
2025,R,westj002,empty,226,212,53,92,7,1,10,0,10,10,0,54,0,4,0,0,0
2025,R,westj002,loaded,2,2,2,2,0,0,0,0,2,0,0,0,0,0,0,0,0
2025,R,westj002,menon,126,116,34,58,3,0,7,0,31,7,0,26,5,2,0,1,0
2025,R,westj002,scoring,60,53,19,38,1,0,6,0,29,5,0,13,2,1,0,1,0
2025,R,white006,empty,151,146,34,58,5,2,5,0,5,4,0,38,0,1,0,0,0
2025,R,white006,loaded,13,12,3,3,0,0,0,0,6,1,0,5,0,0,0,0,0
2025,R,white006,menon,120,110,26,46,3,1,5,0,30,7,1,32,2,1,1,1,0
2025,R,white006,scoring,75,68,17,29,1,1,3,0,25,5,1,21,1,0,1,1,0
2025,R,whits003,empty,15,15,3,6,0,0,1,0,1,0,0,3,0,0,0,0,0
2025,R,whits003,menon,17,17,1,1,0,0,0,0,0,0,0,7,0,0,0,0,0
2025,R,whits003,scoring,7,7,1,1,0,0,0,0,0,0,0,1,0,0,0,0,0
2025,R,wiemj001,empty,23,20,6,10,1,0,1,0,1,1,0,7,0,2,0,0,0
2025,R,wiemj001,loaded,1,1,1,1,0,0,0,0,1,0,0,0,0,0,0,0,0
2025,R,wiemj001,menon,38,35,7,14,1,0,2,0,11,1,1,16,0,0,0,2,0
2025,R,wiemj001,scoring,24,21,5,9,1,0,1,0,9,1,1,9,0,0,0,2,0
2025,R,willb004,empty,167,157,38,49,8,0,1,0,1,9,0,35,0,1,0,0,0
2025,R,willb004,loaded,9,9,3,4,1,0,0,0,6,0,0,2,1,0,0,0,0
2025,R,willb004,menon,128,120,32,37,5,0,0,0,20,6,0,29,5,0,2,0,0
2025,R,willb004,scoring,73,71,19,24,5,0,0,0,20,2,0,14,1,0,0,0,0
2025,R,willc002,empty,61,58,10,24,2,0,4,0,4,3,0,25,0,0,0,0,0
2025,R,willc002,loaded,2,1,0,0,0,0,0,0,1,1,0,1,0,0,0,0,0
2025,R,willc002,menon,45,41,7,11,1,0,1,0,8,3,0,19,3,0,1,0,0
2025,R,willc002,scoring,27,24,3,4,1,0,0,0,6,2,0,12,3,0,1,0,0
2025,R,willl001,empty,8,8,2,3,1,0,0,0,0,0,0,3,0,0,0,0,0
2025,R,willl001,loaded,3,3,2,3,1,0,0,0,4,0,0,0,0,0,0,0,0
2025,R,willl001,menon,26,23,2,3,1,0,0,0,5,1,0,6,2,1,0,1,0
2025,R,willl001,scoring,18,16,2,3,1,0,0,0,5,0,0,4,1,1,0,1,0
2025,R,wilsj006,empty,291,273,75,115,13,0,9,0,9,13,0,25,0,5,0,0,0
2025,R,wilsj006,loaded,8,6,3,5,2,0,0,0,8,2,0,0,1,0,0,0,0
2025,R,wilsj006,menon,232,213,76,101,13,0,4,0,54,14,1,14,16,2,2,1,0
2025,R,wilsj006,scoring,130,116,43,61,9,0,3,0,50,11,1,4,5,2,0,1,0
2025,R,wilsw002,empty,71,63,8,17,3,0,2,0,2,7,0,23,0,1,0,0,0
2025,R,wilsw002,loaded,3,2,1,1,0,0,0,0,3,1,0,0,0,0,0,0,0
2025,R,wilsw002,menon,54,48,14,24,1,0,3,0,15,5,0,11,1,0,1,0,0
2025,R,wilsw002,scoring,27,23,7,10,0,0,1,0,10,3,0,4,0,0,1,0,0
2025,R,wilsw003,empty,50,46,9,13,4,0,0,0,0,3,0,19,0,1,0,0,0
2025,R,wilsw003,loaded,1,1,0,0,0,0,0,0,0,0,0,1,0,0,0,0,0
2025,R,wilsw003,menon,41,32,6,6,0,0,0,0,2,4,0,15,1,0,5,0,0
2025,R,wilsw003,scoring,27,18,3,3,0,0,0,0,2,4,0,11,0,0,5,0,0
2025,R,winkj002,empty,41,36,8,16,3,1,1,0,1,5,0,11,0,0,0,0,0
2025,R,winkj002,loaded,3,2,0,0,0,0,0,0,2,1,0,0,0,0,0,0,0
2025,R,winkj002,menon,40,34,8,12,2,1,0,0,9,4,1,10,1,0,0,2,0
2025,R,winkj002,scoring,25,19,4,7,1,1,0,0,9,4,1,3,1,0,0,2,0
2025,R,winkj003,empty,11,11,2,4,2,0,0,0,0,0,0,1,0,0,0,0,0
2025,R,winkj003,menon,5,5,2,2,0,0,0,0,0,0,0,3,0,0,0,0,0
2025,R,winkj003,scoring,2,2,1,1,0,0,0,0,0,0,0,1,0,0,0,0,0
2025,R,winnm001,empty,316,290,68,98,9,0,7,0,7,21,0,56,0,5,0,0,0
2025,R,winnm001,loaded,14,14,5,6,1,0,0,0,8,0,0,4,1,0,0,0,0
2025,R,winnm001,menon,221,201,56,80,18,0,2,0,44,13,0,46,11,3,2,2,0
2025,R,winnm001,scoring,122,111,36,50,11,0,1,0,41,6,0,26,1,1,2,2,0
2025,R,wiseb001,empty,33,29,5,9,1,0,1,0,1,4,0,9,0,0,0,0,0
2025,R,wiseb001,menon,30,25,5,8,3,0,0,0,9,3,0,5,0,0,2,0,0
2025,R,wiseb001,scoring,18,13,5,8,3,0,0,0,9,3,0,3,0,0,2,0,0
2025,R,wittb002,empty,378,351,104,176,26,5,12,0,12,24,0,76,0,3,0,0,0
2025,R,wittb002,loaded,10,8,4,4,0,0,0,0,10,0,0,2,0,1,0,1,0
2025,R,wittb002,menon,309,272,80,136,21,1,11,0,76,25,8,49,7,5,0,7,0
2025,R,wittb002,scoring,171,143,46,73,12,0,5,0,60,19,8,23,1,2,0,7,0
2025,R,wongc001,empty,109,99,26,31,5,0,0,0,0,9,0,22,0,1,0,0,0
2025,R,wongc001,loaded,5,5,1,2,1,0,0,0,3,0,0,0,0,0,0,0,0
2025,R,wongc001,menon,79,69,6,9,3,0,0,0,7,7,0,20,7,0,1,2,0
2025,R,wongc001,scoring,57,49,3,5,2,0,0,0,7,5,0,17,4,0,1,2,0
2025,R,woodj004,empty,410,360,88,161,19,0,18,0,18,48,0,136,0,2,0,0,0
2025,R,woodj004,loaded,11,9,1,2,1,0,0,0,6,2,0,3,1,0,0,0,0
2025,R,woodj004,menon,279,238,65,123,19,0,13,0,76,37,8,85,12,1,0,3,0
2025,R,woodj004,scoring,178,147,38,76,11,0,9,0,62,28,8,57,5,0,0,3,0
2025,R,workg001,empty,6,5,2,2,0,0,0,0,0,1,0,2,0,0,0,0,0
2025,R,workg001,loaded,1,1,0,0,0,0,0,0,0,0,0,1,0,0,0,0,0
2025,R,workg001,menon,11,11,1,2,1,0,0,0,2,0,0,5,0,0,0,0,0
2025,R,workg001,scoring,9,9,1,2,1,0,0,0,2,0,0,5,0,0,0,0,0
2025,R,wynna001,empty,57,55,14,26,6,0,2,0,2,2,0,18,0,0,0,0,0
2025,R,wynna001,loaded,2,1,0,0,0,0,0,0,1,1,0,0,0,0,0,0,0
2025,R,wynna001,menon,53,48,16,30,2,0,4,0,19,3,0,14,3,0,1,1,0
2025,R,wynna001,scoring,30,26,9,16,1,0,2,0,14,2,0,8,1,0,1,1,0
2025,R,yastm001,empty,342,299,77,134,19,1,12,0,12,41,0,64,0,2,0,0,0
2025,R,yastm001,loaded,11,9,1,2,1,0,0,0,4,0,0,5,0,0,0,2,0
2025,R,yastm001,menon,216,178,34,58,9,0,5,0,34,31,4,44,7,0,2,5,0
2025,R,yastm001,scoring,126,102,17,37,5,0,5,0,33,18,4,26,2,0,1,5,0
2025,D,yelic001,empty,18,15,3,4,1,0,0,0,0,3,0,1,0,0,0,0,0
2025,L,yelic001,empty,11,10,0,0,0,0,0,0,0,1,0,6,0,0,0,0,0
2025,R,yelic001,empty,335,296,74,133,11,0,16,0,16,34,0,83,0,5,0,0,0
2025,R,yelic001,loaded,12,12,9,17,2,0,2,2,23,0,0,1,0,0,0,0,0
2025,D,yelic001,menon,4,4,2,2,0,0,0,0,0,0,0,1,0,0,0,0,0
2025,L,yelic001,menon,5,4,1,1,0,0,0,0,0,1,0,1,0,0,0,0,0
2025,R,yelic001,menon,309,277,77,126,10,0,13,2,87,30,6,84,6,1,0,1,0
2025,D,yelic001,scoring,2,2,0,0,0,0,0,0,0,0,0,1,0,0,0,0,0
2025,L,yelic001,scoring,3,2,0,0,0,0,0,0,0,1,0,0,0,0,0,0,0
2025,R,yelic001,scoring,178,158,48,74,8,0,6,2,73,18,6,51,1,1,0,1,0
2025,R,yorkn001,empty,44,42,9,13,1,0,1,0,1,2,0,11,0,0,0,0,0
2025,R,yorkn001,loaded,4,4,2,3,1,0,0,0,4,0,0,0,0,0,0,0,0
2025,R,yorkn001,menon,28,27,7,9,2,0,0,0,7,1,0,4,1,0,0,0,0
2025,R,yorkn001,scoring,19,18,4,5,1,0,0,0,7,1,0,3,1,0,0,0,0
2025,F,yoshm002,empty,3,3,2,2,0,0,0,0,0,0,0,0,0,0,0,0,0
2025,R,yoshm002,empty,111,104,30,46,7,0,3,0,3,6,0,12,0,1,0,0,0
2025,R,yoshm002,loaded,8,5,2,2,0,0,0,0,7,1,0,1,0,0,0,2,0
2025,F,yoshm002,menon,4,4,2,2,0,0,0,0,2,0,0,1,0,0,0,0,0
2025,R,yoshm002,menon,94,84,20,27,4,0,1,0,23,4,0,12,3,2,0,4,0
2025,F,yoshm002,scoring,2,2,2,2,0,0,0,0,2,0,0,0,0,0,0,0,0
2025,R,yoshm002,scoring,61,52,12,14,2,0,0,0,21,3,0,10,0,2,0,4,0
2025,R,younc005,empty,136,122,23,32,3,0,2,0,2,13,0,33,0,1,0,0,0
2025,R,younc005,loaded,7,5,1,1,0,0,0,0,3,1,0,0,1,0,0,1,0
2025,R,younc005,menon,121,101,24,36,4,1,2,0,22,15,1,14,4,1,2,2,0
2025,R,younc005,scoring,79,65,14,23,3,0,2,0,21,9,1,7,3,1,2,2,0
2025,R,younj003,empty,31,28,5,14,0,0,3,0,3,2,0,13,0,1,0,0,0
2025,R,younj003,menon,16,15,3,7,1,0,1,0,3,0,0,3,1,0,0,1,0
2025,R,younj003,scoring,9,8,1,1,0,0,0,0,1,0,0,2,1,0,0,1,0
2025,R,younj004,empty,205,189,41,46,5,0,0,0,0,15,0,35,0,1,0,0,0
2025,R,younj004,loaded,7,6,2,5,0,0,1,1,7,0,0,1,2,0,0,1,0
2025,R,younj004,menon,159,135,34,47,5,1,2,1,31,12,0,30,7,2,9,1,0
2025,R,younj004,scoring,102,83,24,32,3,1,1,1,28,10,0,16,2,1,7,1,0
