YEAR,PHASE,RESP_PIT_ID,RESP_PIT_HAND_CD,RESP_BAT_HAND_CD,B_PA,B_AB,B_H,B_TB,B_2B,B_3B,B_HR,B_HR4,B_RBI,B_BB,B_IBB,B_SO,B_GDP,B_HP,B_SH,B_SF,B_XI
2025,D,andeg002,R,L,2,2,0,0,0,0,0,0,0,0,0,1,0,0,0,0,0
2025,D,andeg002,R,R,4,4,1,1,0,0,0,0,0,0,0,1,0,0,0,0,0
2025,D,ashba003,L,L,9,6,1,1,0,0,0,0,0,2,0,1,0,0,1,0,0
2025,D,ashba003,L,R,16,13,4,7,0,0,1,0,4,2,0,3,0,1,0,0,0
2025,D,banda001,L,L,3,3,0,0,0,0,0,0,0,0,0,2,0,0,0,0,0
2025,D,banda001,L,R,1,0,0,0,0,0,0,0,0,1,1,0,0,0,0,0,0
2025,D,bankt001,L,L,2,2,0,0,0,0,0,0,0,0,0,0,0,0,0,0,0
2025,D,bankt001,L,R,2,2,1,1,0,0,0,0,0,0,0,0,0,0,0,0,0
2025,D,bazae001,R,L,12,10,2,3,1,0,0,0,1,1,1,5,0,0,1,0,0
2025,D,bazae001,R,R,12,12,4,9,2,0,1,0,2,0,0,3,0,0,0,0,0
2025,D,bednd001,R,L,6,6,1,2,1,0,0,0,0,0,0,2,0,0,0,0,0
2025,D,bednd001,R,R,5,5,0,0,0,0,0,0,0,0,0,3,0,0,0,0,0
2025,D,biebs001,R,L,10,9,2,3,1,0,0,0,0,1,0,1,0,0,0,0,0
2025,D,biebs001,R,R,5,4,3,4,1,0,0,0,3,0,0,1,0,0,0,1,0
2025,D,blacp001,R,L,4,4,3,5,2,0,0,0,2,0,0,0,0,0,0,0,0
2025,D,blacp001,R,R,6,5,3,6,0,0,1,0,2,0,0,0,0,0,0,1,0
2025,D,boydm001,L,L,10,9,2,4,2,0,0,0,1,1,0,2,0,0,0,0,0
2025,D,boydm001,L,R,17,13,4,6,2,0,0,0,2,3,0,5,0,0,1,0,0
2025,D,brasm001,R,L,9,9,0,0,0,0,0,0,0,0,0,4,0,0,0,0,0
2025,D,brasm001,R,R,9,7,1,2,1,0,0,0,2,2,0,3,0,0,0,0,0
2025,D,browb006,R,L,6,4,1,2,1,0,0,0,0,2,0,1,0,0,0,0,0
2025,D,browb006,R,R,3,3,0,0,0,0,0,0,0,0,0,2,0,0,0,0,0
2025,D,bruij001,L,L,3,3,2,5,0,0,1,0,2,0,0,0,0,0,0,0,0
2025,D,bruij001,L,R,1,1,1,1,0,0,0,0,0,0,0,0,0,0,0,0,0
2025,D,castl003,R,L,12,9,0,0,0,0,0,0,0,3,0,2,0,0,0,0,0
2025,D,castl003,R,R,11,10,1,1,0,0,0,0,0,1,0,2,0,0,0,0,0
2025,D,civaa001,R,L,8,8,2,2,0,0,0,0,0,0,0,3,0,0,0,0,0
2025,D,civaa001,R,R,7,7,1,1,0,0,0,0,1,0,0,0,1,0,0,0,0
2025,D,cruzf002,R,L,3,3,1,2,1,0,0,0,2,0,0,1,0,0,0,0,0
2025,D,cruzf002,R,R,6,4,1,1,0,0,0,0,1,1,0,2,0,0,0,1,0
2025,D,domis001,R,L,6,5,0,0,0,0,0,0,0,1,0,1,1,0,0,0,0
2025,D,domis001,R,R,6,4,0,0,0,0,0,0,0,2,0,2,0,0,0,0,0
2025,D,dovac001,R,L,5,5,0,0,0,0,0,0,0,0,0,1,0,0,0,0,0
2025,D,dovac001,R,R,9,8,3,5,2,0,0,0,1,0,0,0,0,1,0,0,0
2025,D,dreyj001,L,L,2,1,0,0,0,0,0,0,0,1,0,0,0,0,0,0,0
2025,D,dreyj001,L,R,2,2,0,0,0,0,0,0,0,0,0,0,0,0,0,0,0
2025,D,duraj002,R,L,6,4,1,2,1,0,0,0,0,2,1,2,0,0,0,0,0
2025,D,duraj002,R,R,10,8,0,0,0,0,0,0,1,2,0,5,0,0,0,0,0
2025,D,fergc001,L,L,1,1,0,0,0,0,0,0,0,0,0,0,0,0,0,0,0
2025,D,fergc001,L,R,6,4,3,4,1,0,0,0,3,2,0,0,0,0,0,0,0
2025,D,finnk001,R,L,10,9,5,6,1,0,0,0,1,1,0,0,0,0,0,0,0
2025,D,finnk001,R,R,10,10,2,3,1,0,0,0,1,0,0,2,1,0,0,0,0
2025,D,fishb002,R,L,4,3,1,1,0,0,0,0,1,1,0,1,0,0,0,0,0
2025,D,fishb002,R,R,5,5,3,5,2,0,0,0,0,0,0,2,0,0,0,0,0
2025,D,flahj002,R,L,13,10,1,1,0,0,0,0,0,3,0,5,0,0,0,0,0
2025,D,flahj002,R,R,11,8,3,7,1,0,1,0,2,3,0,3,1,0,0,0,0
2025,D,fluhm001,L,L,6,5,1,4,0,0,1,0,1,1,0,2,0,0,0,0,0
2025,D,fluhm001,L,R,3,3,0,0,0,0,0,0,0,0,0,2,0,0,0,0,0
2025,D,friem001,L,L,4,4,3,5,2,0,0,0,1,0,0,1,0,0,0,0,0
2025,D,friem001,L,R,14,12,5,8,0,0,1,0,4,2,0,0,1,0,0,0,0
2025,D,gassr001,L,L,4,3,3,9,0,0,2,0,2,1,0,0,0,0,0,0,0
2025,D,gassr001,L,R,8,8,2,2,0,0,0,0,0,0,0,0,0,0,0,0,0
2025,D,gausk001,R,L,15,13,2,2,0,0,0,0,1,2,0,2,0,0,0,0,0
2025,D,gausk001,R,R,7,7,2,3,1,0,0,0,0,0,0,1,0,0,0,0,0
2025,D,gil-l001,R,L,6,6,1,1,0,0,0,0,0,0,0,2,0,0,0,0,0
2025,D,gil-l001,R,R,6,6,3,9,0,0,2,0,2,0,0,0,0,0,0,0,0
2025,D,gilbl002,R,L,18,16,2,2,0,0,0,0,1,1,1,8,0,0,1,0,0
2025,D,gilbl002,R,R,15,14,5,6,1,0,0,0,0,0,0,1,0,1,0,0,0
2025,D,glast001,R,L,17,16,2,3,1,0,0,0,0,1,0,8,0,0,0,0,0
2025,D,glast001,R,R,14,10,2,2,0,0,0,0,0,4,0,2,1,0,0,0,0
2025,D,hanib001,R,L,3,3,1,4,0,0,1,0,2,0,0,0,0,0,0,0,0
2025,D,hanib001,R,R,2,2,1,2,1,0,0,0,0,0,0,0,0,0,0,0,0
2025,D,hillt002,L,L,5,5,1,1,0,0,0,0,0,0,0,1,0,0,0,0,0
2025,D,hillt002,L,R,4,4,0,0,0,0,0,0,0,0,0,0,0,0,0,0,0
2025,D,hoffj003,R,L,6,5,1,2,1,0,0,0,0,1,0,1,0,0,0,0,0
2025,D,hoffj003,R,R,5,4,1,1,0,0,0,0,1,0,0,1,0,1,0,0,0
2025,D,holtt002,L,L,2,2,1,1,0,0,0,0,0,0,0,0,1,0,0,0,0
2025,D,holtt002,L,R,5,4,2,2,0,0,0,0,1,1,0,0,0,0,0,0,0
2025,D,hurtb001,L,L,5,5,1,4,0,0,1,0,1,0,0,0,0,0,0,0,0
2025,D,hurtb001,L,R,5,5,0,0,0,0,0,0,0,0,0,1,0,0,0,0,0
2025,D,imans001,L,L,5,5,2,2,0,0,0,0,0,0,0,1,0,0,0,0,0
2025,D,imans001,L,R,8,8,3,9,0,0,2,0,4,0,0,2,0,0,0,0,0
2025,D,jackl001,R,L,2,2,0,0,0,0,0,0,0,0,0,0,0,0,0,0,0
2025,D,jackl001,R,R,1,1,0,0,0,0,0,0,1,0,0,0,0,0,0,0,0
2025,D,kahnt001,R,L,7,6,3,3,0,0,0,0,2,1,0,1,0,0,0,0,0
2025,D,kahnt001,R,R,5,3,0,0,0,0,0,0,0,1,1,1,0,1,0,0,0
2025,D,kellb003,R,L,6,5,0,0,0,0,0,0,0,1,0,2,0,0,0,0,0
2025,D,kellb003,R,R,5,4,0,0,0,0,0,0,0,1,0,0,1,0,0,0,0
2025,D,kerko001,R,L,5,4,0,0,0,0,0,0,0,1,0,3,0,0,0,0,0
2025,D,kerko001,R,R,8,7,1,1,0,0,0,0,3,1,0,0,0,0,0,0,0
2025,D,kersc001,L,L,8,5,2,6,1,0,1,0,2,2,0,0,0,0,1,0,0
2025,D,kersc001,L,R,6,5,4,7,0,0,1,0,3,1,1,0,0,0,0,0,0
2025,D,kirbg001,R,L,22,21,7,10,0,0,1,0,2,0,0,7,0,1,0,0,0
2025,D,kirbg001,R,R,18,17,2,4,2,0,0,0,0,1,0,7,0,0,0,0,0
2025,D,kitta001,R,L,6,6,2,8,0,0,2,0,2,0,0,1,0,0,0,0,0
2025,D,kitta001,R,R,5,4,1,2,1,0,0,0,0,1,0,0,0,0,0,0,0
2025,D,koenj001,L,L,5,5,1,1,0,0,0,0,0,0,0,0,0,0,0,0,0
2025,D,koenj001,L,R,6,6,2,5,0,0,1,0,1,0,0,1,0,0,0,0,0
2025,D,lauee001,L,L,6,6,2,2,0,0,0,0,0,0,0,1,0,0,0,0,0
2025,D,lauee001,L,R,4,3,1,1,0,0,0,0,0,1,1,2,0,0,0,0,0
2025,D,littb002,L,L,8,7,1,2,1,0,0,0,1,0,0,0,0,0,0,1,0
2025,D,littb002,L,R,5,3,2,3,1,0,0,0,0,2,1,1,0,0,0,0,0
2025,D,luzaj001,L,L,10,10,2,3,1,0,0,0,0,0,0,5,0,0,0,0,0
2025,D,luzaj001,L,R,19,18,3,3,0,0,0,0,0,1,0,3,0,0,0,0,0
2025,D,mearn001,R,L,2,2,0,0,0,0,0,0,0,0,0,1,0,0,0,0,0
2025,D,mearn001,R,R,5,4,1,2,1,0,0,0,0,1,0,2,0,0,0,0,0
2025,D,megit001,R,L,4,4,0,0,0,0,0,0,0,0,0,2,0,0,0,0,0
2025,D,megit001,R,R,4,3,1,1,0,0,0,0,0,1,0,0,0,0,0,0,0
2025,D,meltt001,R,L,16,14,3,3,0,0,0,0,0,2,1,3,0,0,0,0,0
2025,D,meltt001,R,R,15,14,2,6,1,0,1,0,1,1,0,5,1,0,0,0,0
2025,D,millb004,R,L,9,9,1,1,0,0,0,0,0,0,0,1,1,0,0,0,0
2025,D,millb004,R,R,7,7,3,4,1,0,0,0,1,0,0,1,0,0,0,0,0
2025,D,misij001,R,L,12,12,0,0,0,0,0,0,0,0,0,5,0,0,0,0,0
2025,D,misij001,R,R,15,13,4,7,0,0,1,0,1,2,0,2,0,0,0,0,0
2025,D,mizec001,R,L,7,6,2,3,1,0,0,0,1,1,0,4,0,0,0,0,0
2025,D,mizec001,R,R,6,5,0,0,0,0,0,0,0,1,0,2,0,0,0,0,0
2025,D,montk001,R,L,11,7,0,0,0,0,0,0,1,2,0,1,0,1,0,1,0
2025,D,montk001,R,R,9,8,1,1,0,0,0,0,0,0,0,1,1,1,0,0,0
2025,D,montr004,R,L,1,1,1,1,0,0,0,0,0,0,0,0,0,0,0,0,0
2025,D,montr004,R,R,2,1,1,1,0,0,0,0,1,1,0,0,0,0,0,0,0
2025,D,munoa002,R,L,11,10,0,0,0,0,0,0,0,1,0,4,0,0,0,0,0
2025,D,munoa002,R,R,6,5,0,0,0,0,0,0,0,1,0,1,0,0,0,0,0
2025,D,nanct001,R,L,5,3,2,3,1,0,0,0,2,1,1,0,0,0,0,1,0
2025,D,nanct001,R,R,5,5,3,3,0,0,0,0,3,0,0,0,0,0,0,0,0
2025,D,nolaa001,R,L,3,2,0,0,0,0,0,0,0,0,0,0,0,1,0,0,0
2025,D,nolaa001,R,R,5,5,1,3,0,1,0,0,0,0,0,3,0,0,0,0,0
2025,D,ohtas001,R,L,13,13,2,2,0,0,0,0,0,0,0,8,0,0,0,0,0
2025,D,ohtas001,R,R,10,7,1,3,0,1,0,0,3,1,0,1,0,1,0,1,0
2025,D,paled001,R,L,5,5,0,0,0,0,0,0,0,0,0,1,0,0,0,0,0
2025,D,paled001,R,R,13,11,3,6,0,0,1,0,3,1,0,0,0,1,0,0,0
2025,D,patrc001,R,L,5,5,0,0,0,0,0,0,0,0,0,3,0,0,0,0,0
2025,D,patrc001,R,R,9,9,0,0,0,0,0,0,0,0,0,3,0,0,0,0,0
2025,D,peraf001,R,L,19,16,4,13,0,0,3,0,5,3,0,3,0,0,0,0,0
2025,D,peraf001,R,R,22,20,3,3,0,0,0,0,0,2,0,12,0,0,0,0,0
2025,D,pomed001,L,L,7,7,0,0,0,0,0,0,0,0,0,2,0,0,0,0,0
2025,D,pomed001,L,R,6,6,1,4,0,0,1,0,1,0,0,4,0,0,0,0,0
2025,D,prieq001,R,L,4,2,2,5,0,0,1,0,3,2,0,0,0,0,0,0,0
2025,D,prieq001,R,R,3,3,1,1,0,0,0,0,0,0,0,1,0,0,0,0,0
2025,D,quinj001,L,L,5,5,1,1,0,0,0,0,0,0,0,2,0,0,0,0,0
2025,D,quinj001,L,R,7,6,1,2,1,0,0,0,0,1,0,0,0,0,0,0,0
2025,D,rea-c001,R,L,12,10,3,3,0,0,0,0,0,2,0,2,0,0,0,0,0
2025,D,rea-c001,R,R,15,14,5,8,0,0,1,0,1,1,0,0,3,0,0,0,0
2025,D,robed002,R,L,1,1,0,0,0,0,0,0,0,0,0,0,0,0,0,0,0
2025,D,robed002,R,R,2,1,1,1,0,0,0,0,0,0,0,0,0,1,0,0,0
2025,D,rodoc001,L,L,3,2,1,1,0,0,0,0,0,0,0,1,0,1,0,0,0
2025,D,rodoc001,L,R,13,11,5,9,1,0,1,0,5,2,1,1,0,0,0,0,0
2025,D,rodry003,R,L,2,2,0,0,0,0,0,0,0,0,0,0,0,0,0,0,0
2025,D,rodry003,R,R,4,3,0,0,0,0,0,0,0,1,0,0,0,0,0,0,0
2025,D,sancc002,L,L,13,11,2,2,0,0,0,0,0,1,0,4,0,1,0,0,0
2025,D,sancc002,L,R,37,34,7,8,1,0,0,0,2,2,0,9,1,1,0,0,0
2025,D,sasar001,R,L,7,7,1,2,1,0,0,0,0,0,0,1,0,0,0,0,0
2025,D,sasar001,R,R,7,7,0,0,0,0,0,0,0,0,0,2,0,0,0,0,0
2025,D,schlc001,R,L,15,15,4,5,1,0,0,0,0,0,0,1,1,0,0,0,0
2025,D,schlc001,R,R,12,11,4,5,1,0,0,0,2,0,0,1,0,0,0,1,0
2025,D,sheee001,R,L,7,7,1,3,0,1,0,0,0,0,0,1,0,0,0,0,0
2025,D,sheee001,R,R,6,6,3,4,1,0,0,0,2,0,0,1,0,0,0,0,0
2025,D,skubt001,L,L,10,10,2,3,1,0,0,0,0,0,0,4,0,0,0,0,0
2025,D,skubt001,L,R,37,35,5,11,0,0,2,0,3,1,0,18,0,0,0,1,0
2025,D,snelb001,L,L,8,5,0,0,0,0,0,0,0,3,0,2,0,0,0,0,0
2025,D,snelb001,L,R,14,13,1,1,0,0,0,0,0,1,0,7,0,0,0,0,0
2025,D,sorom001,R,L,4,4,1,1,0,0,0,0,0,0,0,1,0,0,0,0,0
2025,D,sorom001,R,R,6,4,4,4,0,0,0,0,4,2,0,0,0,0,0,0,0
2025,D,speig001,L,L,10,10,2,8,0,0,2,0,3,0,0,3,0,0,0,0,0
2025,D,speig001,L,R,7,6,2,3,1,0,0,0,2,1,1,1,0,0,0,0,0
2025,D,stram001,L,L,4,4,1,1,0,0,0,0,1,0,0,1,0,0,0,0,0
2025,D,stram001,L,R,5,5,1,4,0,0,1,0,3,0,0,1,0,0,0,0,0
2025,D,suarr001,L,L,7,7,1,1,0,0,0,0,0,0,0,3,1,0,0,0,0
2025,D,suarr001,L,R,13,12,4,7,0,0,1,0,1,1,0,1,0,0,0,0,0
2025,D,tailj001,R,L,8,6,3,4,1,0,0,0,2,1,0,0,0,0,0,1,0
2025,D,tailj001,R,R,10,10,2,2,0,0,0,0,0,0,0,3,0,0,0,0,0
2025,D,thiec001,L,L,5,4,0,0,0,0,0,0,0,1,0,2,0,0,0,0,0
2025,D,thiec001,L,R,4,3,0,0,0,0,0,0,0,1,0,0,0,0,0,0,0
2025,D,treib001,R,L,1,1,0,0,0,0,0,0,0,0,0,0,0,0,0,0,0
2025,D,treib001,R,R,5,5,3,5,2,0,0,0,2,0,0,0,0,0,0,0,0
2025,D,uriba001,R,L,5,4,0,0,0,0,0,0,0,1,0,1,0,0,0,0,0
2025,D,uriba001,R,R,5,5,0,0,0,0,0,0,0,0,0,2,0,0,0,0,0
2025,D,vargc003,R,L,5,5,2,2,0,0,0,0,1,0,0,1,0,0,0,0,0
2025,D,vargc003,R,R,6,4,1,4,0,0,1,0,1,2,0,1,0,0,0,0,0
2025,D,varll001,R,L,9,9,2,5,0,0,1,0,1,0,0,3,0,0,0,0,0
2025,D,varll001,R,R,8,7,2,5,0,0,1,0,3,0,0,2,0,1,0,0,0
2025,D,vesia001,L,L,4,3,0,0,0,0,0,0,0,1,0,0,0,0,0,0,0
2025,D,vesia001,L,R,4,4,1,1,0,0,0,0,0,0,0,1,0,0,0,0,0
2025,D,vestw001,R,L,11,11,1,1,0,0,0,0,0,0,0,3,0,0,0,0,0
2025,D,vestw001,R,R,6,5,0,0,0,0,0,0,0,0,0,4,0,1,0,0,0
2025,D,walkt004,R,L,3,3,2,2,0,0,0,0,1,0,0,1,0,0,0,0,0
2025,D,walkt004,R,R,2,1,0,0,0,0,0,0,0,1,0,0,0,0,0,0,0
2025,D,warrw001,R,L,5,5,2,8,0,0,2,0,3,0,0,0,0,0,0,0,0
2025,D,warrw001,R,R,17,16,5,12,1,0,2,1,5,1,0,4,0,0,0,0,0
2025,D,weavl001,R,L,4,3,2,2,0,0,0,0,1,1,0,0,0,0,0,0,0
2025,D,willd004,R,L,4,4,1,1,0,0,0,0,2,0,0,2,0,0,0,0,0
2025,D,willd004,R,R,5,4,1,1,0,0,0,0,0,1,0,1,0,0,0,0,0
2025,D,yamay001,R,L,10,8,3,6,0,0,1,0,2,1,0,0,0,0,0,1,0
2025,D,yamay001,R,R,9,9,3,4,1,0,0,0,0,0,0,2,0,0,0,0,0
2025,D,yesat001,R,L,12,12,0,0,0,0,0,0,0,0,0,7,0,0,0,0,0
2025,D,yesat001,R,R,6,5,0,0,0,0,0,0,0,1,0,4,0,0,0,0,0
2025,F,ashcg001,R,L,2,2,1,1,0,0,0,0,0,0,0,0,0,0,0,0,0
2025,F,ashcg001,R,R,4,3,1,1,0,0,0,0,0,0,0,0,0,1,0,0,0
2025,F,barls001,R,L,4,4,0,0,0,0,0,0,0,0,0,3,0,0,0,0,0
2025,F,barls001,R,R,1,1,0,0,0,0,0,0,0,0,0,1,0,0,0,0,0
2025,F,bednd001,R,L,6,6,0,0,0,0,0,0,0,0,0,3,0,0,0,0,0
2025,F,bednd001,R,R,5,4,2,3,1,0,0,0,1,1,0,1,0,0,0,0,0
2025,F,bellb002,R,L,7,6,3,6,0,0,1,0,2,1,0,0,0,0,0,0,0
2025,F,bellb002,R,R,4,4,1,1,0,0,0,0,0,0,0,0,1,0,0,0,0
2025,F,bibet001,R,L,12,11,3,4,1,0,0,0,0,1,0,2,0,0,0,0,0
2025,F,bibet001,R,R,10,8,2,2,0,0,0,0,1,2,0,4,0,0,0,0,0
2025,F,boydm001,L,L,10,9,1,2,1,0,0,0,0,0,0,2,0,0,1,0,0
2025,F,boydm001,L,R,8,7,3,4,1,0,0,0,1,1,0,0,0,0,0,0,0
2025,F,burnc003,R,L,2,2,0,0,0,0,0,0,0,0,0,0,0,0,0,0,0
2025,F,burnc003,R,R,3,3,0,0,0,0,0,0,0,0,0,1,0,0,0,0,0
2025,F,cantj002,L,L,5,3,1,1,0,0,0,0,0,2,0,0,0,0,0,0,0
2025,F,cantj002,L,R,6,6,1,4,0,0,1,0,1,0,0,3,1,0,0,0,0
2025,F,ceasd001,R,L,7,7,0,0,0,0,0,0,0,0,0,4,0,0,0,0,0
2025,F,ceasd001,R,R,8,7,3,4,1,0,0,0,0,1,1,1,0,0,0,0,0
2025,F,ceccs001,R,L,5,4,1,1,0,0,0,0,0,1,0,1,0,0,0,0,0
2025,F,ceccs001,R,R,5,5,1,1,0,0,0,0,0,0,0,2,0,0,0,0,0
2025,F,chapa001,L,L,5,5,1,1,0,0,0,0,0,0,0,3,0,0,0,0,0
2025,F,chapa001,L,R,6,6,3,3,0,0,0,0,0,0,0,2,0,0,0,0,0
2025,F,crocg001,L,L,9,9,0,0,0,0,0,0,0,0,0,6,0,0,0,0,0
2025,F,crocg001,L,R,17,17,4,7,0,0,1,0,1,0,0,5,1,0,0,0,0
2025,F,cruzf002,R,L,3,3,1,1,0,0,0,0,0,0,0,0,0,0,0,0,0
2025,F,cruzf002,R,R,4,3,0,0,0,0,0,0,0,1,0,1,0,0,0,0,0
2025,F,darvy001,R,L,4,4,3,3,0,0,0,0,1,0,0,1,0,0,0,0,0
2025,F,darvy001,R,R,3,2,1,2,1,0,0,0,0,0,0,0,0,1,0,0,0
2025,F,dreyj001,L,R,3,2,0,0,0,0,0,0,1,1,0,1,0,0,0,0,0
2025,F,earlc001,L,L,11,11,3,4,1,0,0,0,1,0,0,5,0,0,0,0,0
2025,F,earlc001,L,R,8,7,3,4,1,0,0,0,2,1,0,1,0,0,0,0,0
2025,F,estrj002,R,L,4,3,1,1,0,0,0,0,0,1,1,0,1,0,0,0,0
2025,F,estrj002,R,R,7,4,1,1,0,0,0,0,2,1,0,2,0,0,1,1,0
2025,F,festm001,R,L,1,1,0,0,0,0,0,0,0,0,0,1,0,0,0,0,0
2025,F,festm001,R,R,2,1,0,0,0,0,0,0,0,1,0,0,0,0,0,0,0
2025,F,finnk001,R,L,9,8,0,0,0,0,0,0,0,1,0,1,0,0,0,0,0
2025,F,finnk001,R,R,1,1,0,0,0,0,0,0,0,0,0,0,0,0,0,0,0
2025,F,flahj002,R,L,15,13,3,4,1,0,0,0,1,2,0,3,1,0,0,0,0
2025,F,flahj002,R,R,2,2,0,0,0,0,0,0,0,0,0,1,0,0,0,0,0
2025,F,friem001,L,L,3,3,0,0,0,0,0,0,0,0,0,1,0,0,0,0,0
2025,F,friem001,L,R,22,19,4,5,1,0,0,0,0,3,0,5,1,0,0,0,0
2025,F,gaddh001,R,L,7,5,3,3,0,0,0,0,4,1,1,1,0,0,1,0,0
2025,F,gaddh001,R,R,8,7,2,2,0,0,0,0,1,0,0,2,0,1,0,0,0
2025,F,greeh001,R,L,9,6,2,8,0,0,2,0,2,2,0,3,0,0,1,0,0
2025,F,greeh001,R,R,8,8,4,7,0,0,1,0,3,0,0,1,0,0,0,0,0
2025,F,henre001,R,R,3,1,1,1,0,0,0,0,2,2,0,0,0,0,0,0,0
2025,F,herrt002,L,L,1,1,1,2,1,0,0,0,1,0,0,0,0,0,0,0,0
2025,F,herrt002,L,R,4,4,0,0,0,0,0,0,0,0,0,3,0,0,0,0,0
2025,F,hillt002,L,L,1,1,0,0,0,0,0,0,0,0,0,0,0,0,0,0,0
2025,F,holtt002,L,L,8,8,1,1,0,0,0,0,0,0,0,1,1,0,0,0,0
2025,F,holtt002,L,R,3,3,1,1,0,0,0,0,0,0,0,1,0,0,0,0,0
2025,F,hurtb001,L,L,2,2,1,4,0,0,1,0,3,0,0,0,0,0,0,0,0
2025,F,hurtb001,L,R,1,1,0,0,0,0,0,0,0,0,0,0,0,0,0,0,0
2025,F,imans001,L,L,9,7,1,1,0,0,0,0,0,1,0,1,0,0,1,0,0
2025,F,imans001,L,R,8,7,2,6,1,0,1,0,2,1,0,2,0,0,0,0,0
2025,F,junij001,R,L,3,2,0,0,0,0,0,0,0,1,0,0,0,0,0,0,0
2025,F,junij001,R,R,3,3,0,0,0,0,0,0,0,0,0,0,0,0,0,0,0
2025,F,kahnt001,R,L,3,3,2,3,1,0,0,0,0,0,0,0,0,0,0,0,0
2025,F,kellb003,R,L,5,3,1,4,0,0,1,0,1,0,0,0,0,2,0,0,0
2025,F,kellb003,R,R,6,6,1,1,0,0,0,0,0,0,0,3,0,0,0,0,0
2025,F,kellz001,R,R,1,1,0,0,0,0,0,0,0,0,0,1,0,0,0,0,0
2025,F,kingm002,R,L,1,1,0,0,0,0,0,0,0,0,0,1,0,0,0,0,0
2025,F,kingm002,R,R,3,3,1,1,0,0,0,0,0,0,0,2,0,0,0,0,0
2025,F,kitta001,R,L,4,3,1,1,0,0,0,0,1,0,0,0,0,0,0,1,0
2025,F,kitta001,R,R,6,6,1,1,0,0,0,0,0,0,0,2,0,0,0,0,0
2025,F,littz001,R,L,7,7,2,3,1,0,0,0,0,0,0,1,0,0,0,0,0
2025,F,littz001,R,R,10,9,4,6,2,0,0,0,3,0,0,1,0,1,0,0,0
2025,F,lodon001,L,L,4,3,1,1,0,0,0,0,0,0,0,0,0,1,0,0,0
2025,F,lodon001,L,R,3,3,0,0,0,0,0,0,0,0,0,0,0,0,0,0,0
2025,F,martn002,R,L,3,2,1,1,0,0,0,0,1,1,1,0,0,0,0,0,0
2025,F,martn002,R,R,4,4,3,5,2,0,0,0,3,0,0,0,0,0,0,0,0
2025,F,matzs001,L,L,7,7,3,3,0,0,0,0,0,0,0,1,0,0,0,0,0
2025,F,matzs001,L,R,2,2,0,0,0,0,0,0,0,0,0,1,0,0,0,0,0
2025,F,meltt001,R,L,5,4,3,8,2,0,1,0,2,1,1,0,0,0,0,0,0
2025,F,millm004,R,L,4,3,0,0,0,0,0,0,0,0,0,3,0,1,0,0,0
2025,F,millm004,R,R,5,5,0,0,0,0,0,0,0,0,0,5,0,0,0,0,0
2025,F,mizec001,R,L,11,9,1,4,0,0,1,0,1,2,0,1,0,0,0,0,0
2025,F,mizec001,R,R,1,1,0,0,0,0,0,0,0,0,0,0,0,0,0,0,0
2025,F,morea001,L,L,6,6,1,1,0,0,0,0,0,0,0,0,0,0,0,0,0
2025,F,morea001,L,R,8,7,1,1,0,0,0,0,0,0,0,2,1,0,1,0,0
2025,F,morgd001,R,L,1,1,1,1,0,0,0,0,0,0,0,0,0,0,0,0,0
2025,F,morgd001,R,R,2,2,0,0,0,0,0,0,0,0,0,2,0,0,0,0,0
2025,F,paled001,R,L,4,4,0,0,0,0,0,0,0,0,0,1,1,0,0,0,0
2025,F,paled001,R,R,7,6,2,3,1,0,0,0,0,1,0,1,0,0,0,0,0
2025,F,peraw002,L,L,2,2,1,1,0,0,0,0,0,0,0,0,0,0,0,0,0
2025,F,peraw002,L,R,3,3,1,2,1,0,0,0,0,0,0,1,1,0,0,0,0
2025,F,philc001,R,L,3,3,1,4,0,0,1,0,2,0,0,2,0,0,0,0,0
2025,F,philc001,R,R,4,3,2,5,0,0,1,0,1,1,0,0,0,0,0,0,0
2025,F,piven001,R,L,8,8,0,0,0,0,0,0,0,0,0,5,0,0,0,0,0
2025,F,piven001,R,R,10,10,3,9,0,0,2,0,2,0,0,4,0,0,0,0,0
2025,F,pomed001,L,L,5,5,0,0,0,0,0,0,0,0,0,0,0,0,0,0,0
2025,F,pomed001,L,R,1,1,0,0,0,0,0,0,0,0,0,0,0,0,0,0,0
2025,F,rea-c001,R,L,2,2,1,1,0,0,0,0,0,0,0,0,0,0,0,0,0
2025,F,rea-c001,R,R,4,4,0,0,0,0,0,0,0,0,0,1,0,0,0,0,0
2025,F,rodoc001,L,L,3,2,1,1,0,0,0,0,0,0,0,0,0,1,0,0,0
2025,F,rodoc001,L,R,22,18,3,6,0,0,1,0,3,3,0,6,2,0,1,0,0
2025,F,roget001,L,L,2,2,0,0,0,0,0,0,0,0,0,0,0,0,0,0,0
2025,F,roget001,L,R,1,1,0,0,0,0,0,0,0,0,0,0,0,0,0,0,0
2025,F,sabre001,L,L,5,5,1,1,0,0,0,0,0,0,0,2,0,0,0,0,0
2025,F,sabre001,L,R,3,2,1,2,1,0,0,0,0,1,0,0,0,0,0,0,0
2025,F,santt001,R,L,3,0,0,0,0,0,0,0,0,2,2,0,0,0,1,0,0
2025,F,santt001,R,R,4,4,2,3,1,0,0,0,1,0,0,0,0,0,0,0,0
2025,F,sasar001,R,L,1,1,0,0,0,0,0,0,0,0,0,1,0,0,0,0,0
2025,F,sasar001,R,R,2,2,0,0,0,0,0,0,0,0,0,1,0,0,0,0,0
2025,F,schlc001,R,L,13,13,3,3,0,0,0,0,0,0,0,6,0,0,0,0,0
2025,F,schlc001,R,R,16,16,2,2,0,0,0,0,0,0,0,6,0,0,0,0,0
2025,F,sheee001,R,L,2,1,1,1,0,0,0,0,0,1,0,0,0,0,0,0,0
2025,F,sheee001,R,R,3,1,1,1,0,0,0,0,2,1,0,0,0,0,0,1,0
2025,F,skubt001,L,L,7,7,1,1,0,0,0,0,0,0,0,2,0,0,0,0,0
2025,F,skubt001,L,R,21,18,2,2,0,0,0,0,1,3,0,12,1,0,0,0,0
2025,F,slatj002,R,L,4,3,0,0,0,0,0,0,0,1,0,0,0,0,0,0,0
2025,F,slatj002,R,R,5,4,1,1,0,0,0,0,1,0,0,1,0,1,0,0,0
2025,F,smitc009,R,L,8,5,0,0,0,0,0,0,0,2,0,3,0,0,1,0,0
2025,F,smitc009,R,R,7,5,0,0,0,0,0,0,0,0,0,1,0,2,0,0,0
2025,F,snelb001,L,L,3,2,0,0,0,0,0,0,0,1,0,1,0,0,0,0,0
2025,F,snelb001,L,R,23,23,4,6,2,0,0,0,2,0,0,8,0,0,0,0,0
2025,F,sorom001,R,R,2,2,0,0,0,0,0,0,0,0,0,0,0,0,0,0,0
2025,F,suarr002,R,L,4,4,3,6,0,0,1,0,1,0,0,0,0,0,0,0,0
2025,F,suarr002,R,R,7,7,2,3,1,0,0,0,0,0,0,2,1,0,0,0,0
2025,F,suteb001,L,L,4,4,2,3,1,0,0,0,1,0,0,2,0,0,0,0,0
2025,F,suteb001,L,R,4,4,2,2,0,0,0,0,0,0,0,0,0,0,0,0,0
2025,F,tailj001,R,L,7,7,2,3,1,0,0,0,0,0,0,2,0,0,0,0,0
2025,F,tailj001,R,R,7,7,0,0,0,0,0,0,0,0,0,2,0,0,0,0,0
2025,F,thiec001,L,L,5,4,1,1,0,0,0,0,0,1,0,2,0,0,0,0,0
2025,F,thiec001,L,R,2,2,1,1,0,0,0,0,0,0,0,1,0,0,0,0,0
2025,F,tollp001,L,L,1,1,0,0,0,0,0,0,0,0,0,0,0,0,0,0,0
2025,F,treib001,R,L,2,2,1,1,0,0,0,0,0,0,0,1,0,0,0,0,0
2025,F,treib001,R,R,3,3,0,0,0,0,0,0,0,0,0,1,0,0,0,0,0
2025,F,vesia001,L,L,2,2,0,0,0,0,0,0,0,0,0,1,0,0,0,0,0
2025,F,vesia001,L,R,4,2,1,1,0,0,0,0,0,2,0,1,0,0,0,0,0
2025,F,vestw001,R,L,10,10,1,1,0,0,0,0,0,0,0,2,0,0,0,0,0
2025,F,weavl001,R,L,2,2,2,3,1,0,0,0,2,0,0,0,0,0,0,0,0
2025,F,weavl001,R,R,1,0,0,0,0,0,0,0,0,1,0,0,0,0,0,0,0
2025,F,weisg001,R,L,1,1,0,0,0,0,0,0,0,0,0,0,0,0,0,0,0
2025,F,weisg001,R,R,2,2,0,0,0,0,0,0,0,0,0,0,0,0,0,0,0
2025,F,whitg002,R,L,7,5,2,3,1,0,0,0,1,2,0,2,0,0,0,0,0
2025,F,whitg002,R,R,3,3,1,1,0,0,0,0,0,0,0,1,0,0,0,0,0
2025,F,willd004,R,L,3,3,0,0,0,0,0,0,0,0,0,0,1,0,0,0,0
2025,F,willd004,R,R,4,3,1,1,0,0,0,0,0,1,0,1,0,0,0,0,0
2025,F,willg004,R,L,14,13,2,3,1,0,0,0,0,1,0,6,0,0,0,0,0
2025,F,willg004,R,R,10,10,3,3,0,0,0,0,1,0,0,2,1,0,0,0,0
2025,F,wilsj004,L,L,4,4,0,0,0,0,0,0,0,0,0,0,0,0,0,0,0
2025,F,wilsj004,L,R,1,1,0,0,0,0,0,0,0,0,0,0,0,0,0,0,0
2025,F,yamay001,R,L,11,9,2,2,0,0,0,0,0,2,0,2,0,0,0,0,0
2025,F,yamay001,R,R,17,16,2,2,0,0,0,0,2,0,0,7,0,1,0,0,0
2025,L,andeg002,R,R,1,1,0,0,0,0,0,0,0,0,0,0,1,0,0,0,0
2025,L,ashba003,L,L,6,4,2,4,0,1,0,0,1,2,0,2,0,0,0,0,0
2025,L,ashba003,L,R,5,5,1,2,1,0,0,0,1,0,0,1,0,0,0,0,0
2025,L,banda001,L,L,4,4,0,0,0,0,0,0,1,0,0,1,0,0,0,0,0
2025,L,banda001,L,R,2,2,1,1,0,0,0,0,0,0,0,0,0,0,0,0,0
2025,L,bassc001,R,L,4,3,0,0,0,0,0,0,1,0,0,0,0,0,0,1,0
2025,L,bassc001,R,R,4,4,0,0,0,0,0,0,0,0,0,3,0,0,0,0,0
2025,L,bazae001,R,L,9,9,2,2,0,0,0,0,0,0,0,2,0,0,0,0,0
2025,L,bazae001,R,R,13,13,3,10,1,0,2,0,4,0,0,3,0,0,0,0,0
2025,L,biebs001,R,L,23,22,5,7,2,0,0,0,1,0,0,8,0,0,1,0,0
2025,L,biebs001,R,R,18,16,6,13,1,0,2,0,3,2,0,5,0,0,0,0,0
2025,L,brasm001,R,L,7,5,0,0,0,0,0,0,0,2,0,1,0,0,0,0,0
2025,L,brasm001,R,R,12,10,2,3,1,0,0,0,1,1,0,2,0,1,0,0,0
2025,L,castl003,R,L,5,5,2,5,0,0,1,0,2,0,0,1,0,0,0,0,0
2025,L,castl003,R,R,8,7,3,4,1,0,0,0,0,1,0,0,0,0,0,0,0
2025,L,domis001,R,L,10,10,2,2,0,0,0,0,1,0,0,2,0,0,0,0,0
2025,L,domis001,R,R,6,3,1,4,0,0,1,1,4,2,0,0,0,1,0,0,0
2025,L,fergc001,L,L,5,5,2,2,0,0,0,0,1,0,0,0,0,0,0,0,0
2025,L,fergc001,L,R,5,4,1,4,0,0,1,0,3,1,1,2,0,0,0,0,0
2025,L,fishb002,R,L,4,4,2,5,0,0,1,0,2,0,0,1,1,0,0,0,0
2025,L,fishb002,R,R,4,4,1,1,0,0,0,0,0,0,0,2,0,0,0,0,0
2025,L,fluhm001,L,L,3,2,1,1,0,0,0,0,1,1,0,1,0,0,0,0,0
2025,L,fluhm001,L,R,8,8,3,5,0,1,0,0,1,0,0,2,0,0,0,0,0
2025,L,gassr001,L,L,3,3,1,2,1,0,0,0,0,0,0,2,0,0,0,0,0
2025,L,gassr001,L,R,2,0,0,0,0,0,0,0,0,1,1,0,0,1,0,0,0
2025,L,gausk001,R,L,29,25,4,8,1,0,1,0,1,4,1,6,0,0,0,0,0
2025,L,gausk001,R,R,20,17,2,5,0,0,1,0,1,3,0,3,1,0,0,0,0
2025,L,gilbl002,R,L,16,16,6,9,0,0,1,0,4,0,0,4,0,0,0,0,0
2025,L,gilbl002,R,R,20,18,6,12,1,1,1,0,3,2,0,1,0,0,0,0,0
2025,L,glast001,R,L,10,10,2,2,0,0,0,0,1,0,0,6,0,0,0,0,0
2025,L,glast001,R,R,13,10,1,3,0,1,0,0,0,3,0,2,0,0,0,0,0
2025,L,hance001,R,L,7,5,1,1,0,0,0,0,2,2,0,2,0,0,0,0,0
2025,L,hance001,R,R,11,7,1,1,0,0,0,0,0,3,0,1,1,0,1,0,0
2025,L,hoffj003,R,L,10,9,0,0,0,0,0,0,0,1,0,4,0,0,0,0,0
2025,L,hoffj003,R,R,7,7,1,1,0,0,0,0,0,0,0,6,0,0,0,0,0
2025,L,jackl001,R,L,4,4,1,4,0,0,1,0,1,0,0,1,0,0,0,0,0
2025,L,jackl001,R,R,5,5,2,3,1,0,0,0,0,0,0,0,0,0,0,0,0
2025,L,kirbg001,R,L,19,18,6,10,1,0,1,0,5,1,0,5,0,0,0,0,0
2025,L,kirbg001,R,R,20,18,6,14,2,0,2,0,2,2,0,2,0,0,0,0,0
2025,L,koenj001,L,L,6,5,0,0,0,0,0,0,0,1,0,2,0,0,0,0,0
2025,L,koenj001,L,R,9,8,1,1,0,0,0,0,0,1,0,4,0,0,0,0,0
2025,L,lauee001,L,L,1,1,0,0,0,0,0,0,0,0,0,1,0,0,0,0,0
2025,L,lauee001,L,R,3,3,1,1,0,0,0,0,0,0,0,1,0,0,0,0,0
2025,L,littb002,L,L,2,1,0,0,0,0,0,0,0,1,0,1,0,0,0,0,0
2025,L,littb002,L,R,3,2,2,5,0,0,1,0,2,1,0,0,0,0,0,0,0
2025,L,megit001,R,L,3,3,2,6,1,0,1,0,1,0,0,1,0,0,0,0,0
2025,L,megit001,R,R,5,5,0,0,0,0,0,0,0,0,0,2,0,0,0,0,0
2025,L,millb004,R,L,18,15,3,4,1,0,0,0,0,3,0,4,0,0,0,0,0
2025,L,millb004,R,R,21,19,3,8,2,0,1,0,1,2,1,3,1,0,0,0,0
2025,L,misij001,R,L,9,8,1,1,0,0,0,0,1,1,0,5,0,0,0,0,0
2025,L,misij001,R,R,10,10,2,2,0,0,0,0,0,0,0,4,0,0,0,0,0
2025,L,munoa002,R,L,5,5,1,1,0,0,0,0,0,0,0,0,0,0,0,0,0
2025,L,munoa002,R,R,5,5,1,1,0,0,0,0,0,0,0,0,0,0,0,0,0
2025,L,myert001,R,L,2,1,1,1,0,0,0,0,1,1,0,0,0,0,0,0,0
2025,L,myert001,R,R,4,3,1,1,0,0,0,0,0,1,0,0,0,0,0,0,0
2025,L,ohtas001,R,L,13,10,0,0,0,0,0,0,0,3,0,5,0,0,0,0,0
2025,L,ohtas001,R,R,9,9,2,3,1,0,0,0,0,0,0,5,0,0,0,0,0
2025,L,patrc001,R,L,8,7,2,8,0,0,2,0,2,1,0,1,0,0,0,0,0
2025,L,patrc001,R,R,9,9,1,1,0,0,0,0,0,0,0,4,0,0,0,0,0
2025,L,peraf001,R,L,11,11,2,6,1,0,1,0,1,0,0,2,0,0,0,0,0
2025,L,peraf001,R,R,12,10,3,7,1,0,1,0,2,1,0,2,1,1,0,0,0
2025,L,prieq001,R,L,7,5,1,1,0,0,0,0,0,2,1,0,1,0,0,0,0
2025,L,prieq001,R,R,9,8,2,3,1,0,0,0,0,1,0,1,1,0,0,0,0
2025,L,quinj001,L,L,5,4,2,5,0,0,1,0,1,1,0,1,0,0,0,0,0
2025,L,quinj001,L,R,8,8,4,4,0,0,0,0,2,0,0,0,0,0,0,0,0
2025,L,rodry003,R,L,4,3,1,4,0,0,1,0,1,1,0,1,0,0,0,0,0
2025,L,rodry003,R,R,4,2,1,4,0,0,1,0,1,2,0,0,0,0,0,0,0
2025,L,sasar001,R,L,5,3,1,2,1,0,0,0,0,2,0,0,0,0,0,0,0
2025,L,sasar001,R,R,7,6,1,1,0,0,0,0,1,0,0,1,0,0,0,1,0
2025,L,schem001,R,L,14,11,3,6,0,0,1,0,1,3,0,1,1,0,0,0,0
2025,L,schem001,R,R,8,7,0,0,0,0,0,0,0,1,0,4,0,0,0,0,0
2025,L,snelb001,L,L,9,9,0,0,0,0,0,0,0,0,0,4,0,0,0,0,0
2025,L,snelb001,L,R,15,15,1,1,0,0,0,0,0,0,0,6,0,0,0,0,0
2025,L,speig001,L,L,6,4,0,0,0,0,0,0,1,1,0,1,0,0,1,0,0
2025,L,speig001,L,R,7,7,2,3,1,0,0,0,1,0,0,1,0,0,0,0,0
2025,L,treib001,R,L,4,4,0,0,0,0,0,0,0,0,0,3,0,0,0,0,0
2025,L,treib001,R,R,3,1,1,2,1,0,0,0,0,2,0,0,0,0,0,0,0
2025,L,uriba001,R,L,5,3,0,0,0,0,0,0,0,2,1,1,0,0,0,0,0
2025,L,uriba001,R,R,10,7,3,4,1,0,0,0,1,1,0,2,0,0,2,0,0
2025,L,vargc003,R,L,10,9,3,4,1,0,0,0,0,1,0,1,0,0,0,0,0
2025,L,vargc003,R,R,12,12,4,4,0,0,0,0,1,0,0,1,0,0,0,0,0
2025,L,varll001,R,L,16,16,2,8,0,0,2,0,4,0,0,4,0,0,0,0,0
2025,L,varll001,R,R,10,9,2,3,1,0,0,0,1,1,0,4,0,0,0,0,0
2025,L,vesia001,L,L,3,3,0,0,0,0,0,0,0,0,0,1,1,0,0,0,0
2025,L,vesia001,L,R,2,2,1,2,1,0,0,0,0,0,0,0,0,0,0,0,0
2025,L,woo-b001,R,L,9,6,0,0,0,0,0,0,0,2,0,0,1,0,1,0,0
2025,L,woo-b001,R,R,11,9,4,5,1,0,0,0,1,1,1,2,0,1,0,0,0
2025,L,yamay001,R,L,15,15,2,2,0,0,0,0,0,0,0,3,0,0,0,0,0
2025,L,yamay001,R,R,17,16,1,4,0,0,1,0,1,1,0,4,0,0,0,0,0
2025,L,yesat001,R,L,26,23,6,9,0,0,1,0,1,3,1,7,2,0,0,0,0
2025,L,yesat001,R,R,17,13,4,7,0,0,1,0,3,3,0,4,1,1,0,0,0
2025,R,abboa001,L,L,174,161,38,54,10,0,2,0,11,9,0,40,0,1,2,1,0
2025,R,abboa001,L,R,510,470,110,182,19,1,17,0,44,34,0,109,10,2,1,3,0
2025,R,abelm001,R,L,97,88,25,48,0,1,7,1,15,9,0,25,1,0,0,0,0
2025,R,abelm001,R,R,77,69,18,25,2,1,1,0,11,7,0,14,2,1,0,0,0
2025,R,abnep001,L,L,11,10,3,4,1,0,0,0,4,1,0,5,1,0,0,0,0
2025,R,abnep001,L,R,7,5,2,3,1,0,0,0,1,2,0,0,0,0,0,0,0
2025,R,abreb002,R,L,134,117,23,36,4,0,3,0,11,14,0,49,0,2,0,1,0
2025,R,abreb002,R,R,162,143,28,36,5,0,1,0,12,17,0,56,1,2,0,0,0
2025,R,actog001,R,L,4,2,0,0,0,0,0,0,0,2,0,0,0,0,0,0,0
2025,R,actog001,R,R,1,1,0,0,0,0,0,0,0,0,0,0,0,0,0,0,0
2025,R,adamj002,R,L,130,110,18,29,2,0,3,0,10,15,2,34,2,2,1,1,1
2025,R,adamj002,R,R,140,128,32,38,3,0,1,0,9,10,1,36,3,1,0,1,0
2025,R,adamt002,R,L,90,75,27,45,7,1,3,0,13,11,0,17,0,2,0,2,0
2025,R,adamt002,R,R,68,57,12,23,2,0,3,0,11,6,0,14,0,1,0,3,1
2025,R,adcot001,R,L,8,6,2,5,0,0,1,0,1,1,0,3,0,0,0,0,1
2025,R,adcot001,R,R,6,5,0,0,0,0,0,0,0,1,0,2,0,0,0,0,0
2025,R,agnoz001,R,L,67,58,17,30,5,1,2,0,8,9,0,11,1,0,0,0,0
2025,R,agnoz001,R,R,71,61,14,28,5,0,3,0,8,8,0,8,1,0,1,1,0
2025,R,akink001,L,L,106,94,27,43,4,0,4,1,12,11,0,26,1,0,0,1,0
2025,R,akink001,L,R,162,138,27,50,5,0,6,0,20,22,2,33,4,1,0,1,0
2025,R,alcaj001,R,L,106,94,28,57,8,0,7,1,23,12,1,24,2,0,0,0,0
2025,R,alcaj001,R,R,151,127,38,65,9,0,6,0,22,18,0,37,1,1,1,4,0
2025,R,alcas001,R,L,369,319,73,129,17,0,13,0,49,42,0,58,4,1,0,7,0
2025,R,alcas001,R,R,376,350,92,141,22,0,9,0,55,15,0,84,5,8,0,2,1
2025,R,aldes001,L,L,25,20,6,10,1,0,1,0,3,5,0,5,1,0,0,0,0
2025,R,aldes001,L,R,48,38,14,23,3,0,2,0,9,5,0,7,1,4,0,1,0
2025,R,alexj001,R,L,178,161,43,83,9,2,9,1,26,16,0,32,2,0,0,1,0
2025,R,alexj001,R,R,158,144,37,60,5,0,6,0,17,10,0,33,4,3,0,1,0
2025,R,alexs001,L,L,39,35,12,23,5,0,2,0,6,4,0,5,1,0,0,0,0
2025,R,alexs001,L,R,42,36,11,24,4,0,3,0,13,5,0,3,3,1,0,0,0
2025,R,alext001,L,L,179,169,47,73,9,1,5,0,22,6,0,34,2,1,1,1,1
2025,R,alext001,L,R,244,217,60,84,8,2,4,0,36,24,5,48,6,1,1,1,0
2025,R,allak001,L,L,86,78,22,30,2,0,2,0,8,5,0,16,1,1,2,0,0
2025,R,allak001,L,R,180,167,42,64,11,1,3,0,17,9,3,26,4,0,1,3,0
2025,R,allel003,L,L,139,123,27,41,2,0,4,0,13,13,0,35,4,1,1,1,0
2025,R,allel003,L,R,537,477,130,201,29,0,14,0,58,49,1,87,11,5,1,4,1
2025,R,altad001,R,L,66,58,9,23,2,0,4,0,5,6,0,16,1,2,0,0,0
2025,R,altad001,R,R,54,42,10,13,3,0,0,0,5,9,0,5,1,2,1,0,0
2025,R,alvaa003,L,L,15,14,4,4,0,0,0,0,0,0,0,4,0,1,0,0,0
2025,R,alvaa003,L,R,83,73,12,17,2,0,1,0,4,10,0,16,2,0,0,0,0
2025,R,alvae002,R,L,80,67,16,30,2,0,4,1,9,11,1,28,1,2,0,0,0
2025,R,alvae002,R,R,103,92,18,29,5,0,2,0,8,11,0,22,0,0,0,0,0
2025,R,alvaj004,L,L,30,26,7,13,0,0,2,0,5,2,0,8,0,1,1,0,0
2025,R,alvaj004,L,R,84,77,20,28,2,0,2,0,5,5,0,24,0,0,1,1,0
2025,R,amayj001,R,L,1,1,0,0,0,0,0,0,0,0,0,0,0,0,0,0,0
2025,R,amayj001,R,R,2,1,0,0,0,0,0,0,1,0,0,0,0,0,0,1,0
2025,R,andeg002,R,L,106,89,20,31,3,1,2,0,10,15,3,30,0,1,0,1,0
2025,R,andeg002,R,R,193,175,39,62,5,0,6,0,29,14,0,44,4,1,2,1,0
2025,R,andei001,R,L,16,14,5,5,0,0,0,0,3,2,0,2,0,0,0,0,0
2025,R,andei001,R,R,35,30,12,20,2,0,2,0,5,5,1,6,0,0,0,0,0
2025,R,anden001,R,L,28,27,5,9,1,0,1,0,6,1,0,4,0,0,0,0,0
2025,R,anden001,R,R,33,32,12,21,3,0,2,0,8,1,0,6,1,0,0,0,0
2025,R,andes002,R,L,26,24,8,18,1,0,3,0,6,2,0,6,0,0,0,0,0
2025,R,andes002,R,R,30,29,12,21,0,0,3,0,6,1,0,5,1,0,0,0,0
2025,R,andet002,L,L,180,159,48,97,12,2,11,0,19,19,1,29,3,1,0,1,0
2025,R,andet002,L,R,419,374,87,157,17,1,17,0,48,38,3,75,4,2,0,5,0
2025,R,arial001,R,L,27,20,7,15,0,1,2,0,7,4,0,4,0,2,0,1,0
2025,R,arial001,R,R,28,27,10,14,2,1,0,0,4,1,0,6,0,0,0,0,0
2025,R,armss001,R,L,106,94,22,44,6,2,4,1,14,9,0,25,2,2,0,1,0
2025,R,armss001,R,R,178,160,18,23,2,0,1,0,14,11,0,49,2,4,0,3,0
2025,R,arris001,R,L,81,68,18,32,3,1,3,0,9,11,0,16,0,1,0,1,0
2025,R,arris001,R,R,75,63,12,22,1,0,3,0,10,9,0,15,2,2,0,1,0
2025,R,ashba003,L,L,99,83,16,20,1,0,1,0,8,10,0,29,2,3,2,1,0
2025,R,ashba003,L,R,171,155,38,54,6,2,2,0,10,14,0,47,7,1,0,0,1
2025,R,ashcb001,R,L,128,112,27,38,8,0,1,0,9,15,1,33,0,1,0,0,0
2025,R,ashcb001,R,R,164,152,36,52,8,1,2,0,12,9,0,38,2,1,1,1,0
2025,R,ashcg001,R,L,126,113,26,35,3,0,2,0,14,11,0,29,5,0,2,0,0
2025,R,ashcg001,R,R,158,141,42,57,15,0,0,0,15,14,0,35,3,0,3,0,0
2025,R,assaj001,R,L,62,58,17,32,3,3,2,0,6,3,0,11,2,1,0,0,0
2025,R,assaj001,R,R,91,78,16,20,1,0,1,0,6,9,0,12,3,3,0,1,0
2025,R,avill002,R,L,25,23,2,3,1,0,0,0,0,2,0,7,0,0,0,0,0
2025,R,avill002,R,R,31,26,5,7,2,0,0,0,2,4,0,9,0,0,0,1,0
2025,R,bachl001,R,L,142,120,22,37,3,3,2,0,18,19,3,34,4,1,0,2,0
2025,R,bachl001,R,R,154,138,33,63,6,0,8,0,27,11,0,41,1,2,1,2,0
2025,R,bachs001,R,L,41,33,9,14,2,0,1,0,7,8,0,8,1,0,0,0,0
2025,R,bachs001,R,R,53,49,13,15,2,0,0,0,7,2,0,10,1,1,1,0,0
2025,R,backk001,L,L,41,36,5,10,2,0,1,0,3,4,0,10,2,0,1,0,0
2025,R,backk001,L,R,74,63,23,36,5,1,2,0,12,4,0,12,1,3,2,2,0
2025,R,bakeb001,R,L,143,131,27,52,5,1,6,0,13,10,0,43,2,0,1,1,0
2025,R,bakeb001,R,R,131,124,32,59,4,1,7,0,18,7,0,40,4,0,0,0,0
2025,R,banda001,L,L,112,98,15,25,4,0,2,0,8,12,0,28,0,0,0,2,0
2025,R,banda001,L,R,156,131,30,56,6,1,6,2,18,22,6,33,3,2,0,1,0
2025,R,bankt001,L,L,111,103,18,25,1,0,2,0,11,5,0,28,3,0,3,0,0
2025,R,bankt001,L,R,156,147,38,68,5,2,7,0,20,7,1,33,0,1,0,1,0
2025,R,barch001,L,L,3,3,1,2,1,0,0,0,0,0,0,0,0,0,0,0,0
2025,R,barch001,L,R,9,9,2,2,0,0,0,0,0,0,0,3,0,0,0,0,0
2025,R,barls001,R,L,119,99,21,43,5,1,5,1,14,17,3,30,0,3,0,0,0
2025,R,barls001,R,R,184,151,29,41,3,0,3,0,13,28,0,45,3,3,0,2,0
2025,R,barnj002,R,L,14,11,3,7,1,0,1,1,6,2,0,3,0,0,0,1,0
2025,R,barnj002,R,R,22,20,7,7,0,0,0,0,2,1,0,2,1,0,0,1,0
2025,R,barnm002,R,L,42,37,9,10,1,0,0,0,3,5,0,5,0,0,0,0,0
2025,R,barnm002,R,R,62,54,17,31,5,0,3,0,14,6,0,13,2,1,0,1,0
2025,R,barnt001,R,L,6,5,3,4,1,0,0,0,3,0,0,0,1,1,0,0,0
2025,R,barnt001,R,R,5,5,2,2,0,0,0,0,0,0,0,0,0,0,0,0,0
2025,R,bassb002,L,L,17,15,3,3,0,0,0,0,1,2,0,4,1,0,0,0,0
2025,R,bassb002,L,R,39,32,9,11,2,0,0,0,4,7,1,4,1,0,0,0,0
2025,R,bassc001,R,L,419,375,106,173,22,3,13,0,36,37,0,87,8,4,1,2,0
2025,R,bassc001,R,R,317,292,68,104,9,0,9,0,33,15,0,79,7,9,0,1,0
2025,R,bauej001,L,L,10,6,0,0,0,0,0,0,1,1,0,1,0,2,0,1,0
2025,R,bauej001,L,R,19,17,8,10,2,0,0,0,3,2,0,0,0,0,0,0,0
2025,R,bautf001,R,L,73,61,9,14,2,0,1,0,5,12,0,22,0,0,0,0,0
2025,R,bautf001,R,R,69,58,7,15,2,0,2,0,4,11,0,28,0,0,0,0,0
2025,R,baz-s001,R,L,337,302,77,122,16,1,9,0,36,27,0,95,2,6,0,2,0
2025,R,baz-s001,R,R,374,331,81,152,20,0,17,0,41,37,0,81,17,3,1,2,0
2025,R,bazae001,R,L,140,123,27,46,2,1,5,1,16,15,2,35,2,0,0,2,0
2025,R,bazae001,R,R,173,157,26,41,3,0,4,0,9,12,0,47,3,2,0,2,0
2025,R,beckt002,R,L,113,99,20,37,3,1,4,0,14,10,0,18,2,2,0,2,0
2025,R,beckt002,R,R,119,112,27,43,5,1,3,0,12,6,0,23,2,0,0,1,0
2025,R,bednd001,R,L,121,107,19,26,4,0,1,0,8,14,2,33,2,0,0,0,0
2025,R,bednd001,R,R,130,123,27,44,4,2,3,0,9,5,0,53,1,1,0,1,0
2025,R,beekj001,L,L,94,87,19,30,5,0,2,0,12,5,0,26,0,1,0,1,0
2025,R,beekj001,L,R,137,121,23,41,6,0,4,0,17,15,2,21,3,1,0,0,0
2025,R,beetc001,R,L,51,40,7,17,1,0,3,0,8,11,0,13,1,0,0,0,0
2025,R,beetc001,R,R,53,44,6,6,0,0,0,0,5,7,0,20,0,0,1,1,0
2025,R,bellb002,R,L,411,357,83,130,18,1,9,0,37,41,0,67,10,8,1,4,0
2025,R,bellb002,R,R,289,263,64,90,5,0,7,0,25,18,0,57,7,5,1,2,0
2025,R,bellv001,R,L,169,156,51,90,10,1,9,0,27,12,0,22,1,1,0,0,0
2025,R,bellv001,R,R,179,160,34,57,5,0,6,0,15,11,0,32,4,3,1,3,1
2025,R,benda001,R,L,86,74,15,27,4,1,2,0,11,11,2,16,2,1,0,0,0
2025,R,benda001,R,R,118,107,17,23,3,0,1,0,2,10,0,26,0,1,0,0,0
2025,R,bergr001,R,L,184,162,36,59,9,1,4,0,18,21,1,40,0,0,1,0,0
2025,R,bergr001,R,R,139,122,25,41,4,0,4,0,9,14,0,33,2,1,1,1,0
2025,R,bernb001,L,L,88,78,16,24,5,0,1,0,12,7,0,21,0,1,0,2,0
2025,R,bernb001,L,R,136,112,23,26,3,0,0,0,13,19,5,22,0,2,1,1,1
2025,R,berrj001,R,L,374,328,81,118,11,1,8,0,31,42,2,78,1,1,1,2,0
2025,R,berrj001,R,R,324,304,79,154,19,1,18,0,50,14,0,60,16,6,0,0,0
2025,R,bertj001,R,L,9,6,1,1,0,0,0,0,2,3,0,0,0,0,0,0,0
2025,R,bertj001,R,R,10,9,3,5,2,0,0,0,1,1,0,0,0,0,0,0,0
2025,R,bibet001,R,L,413,371,88,152,12,5,14,0,46,33,1,89,8,5,1,3,0
2025,R,bibet001,R,R,349,321,82,133,12,0,13,0,39,21,0,73,7,5,2,0,0
2025,R,bidoo001,R,L,154,136,40,74,4,0,10,1,23,12,0,41,1,0,0,6,0
2025,R,bidoo001,R,R,209,177,53,94,12,1,9,0,32,23,1,27,4,6,1,2,0
2025,R,biebs001,R,L,80,77,12,19,1,0,2,0,2,3,0,22,1,0,0,0,0
2025,R,biebs001,R,R,79,74,22,44,4,0,6,0,13,4,0,15,3,1,0,0,0
2025,R,biggh001,R,L,25,23,4,8,1,0,1,0,1,2,0,6,1,0,0,0,0
2025,R,biggh001,R,R,35,31,7,16,0,0,3,0,3,3,0,6,1,1,0,0,0
2025,R,birdh001,R,L,146,121,34,68,9,2,7,0,23,21,0,33,1,1,1,2,0
2025,R,birdh001,R,R,152,131,27,39,3,0,3,0,12,16,0,35,3,4,0,1,0
2025,R,birdj001,R,L,112,97,28,47,7,0,4,1,26,12,3,30,3,1,0,2,0
2025,R,birdj001,R,R,136,120,32,48,5,1,3,1,19,13,1,36,0,2,0,1,0
2025,R,bives001,R,L,165,146,40,60,7,2,3,0,25,16,1,25,3,1,1,1,0
2025,R,bives001,R,R,178,163,43,66,8,3,3,0,23,9,0,36,6,4,1,1,0
2025,R,blacm001,R,L,7,7,2,5,0,0,1,0,3,0,0,3,0,0,0,0,0
2025,R,blacm001,R,R,12,12,3,9,1,1,1,0,2,0,0,2,0,0,0,0,0
2025,R,blacp001,R,L,81,74,20,29,5,2,0,0,6,5,0,14,1,1,0,1,0
2025,R,blacp001,R,R,94,85,27,51,2,2,6,0,16,7,0,20,2,0,0,2,0
2025,R,blalb001,R,L,152,132,46,76,6,0,8,0,27,14,1,16,2,3,1,2,0
2025,R,blalb001,R,R,123,111,39,69,3,0,9,0,26,9,0,11,3,0,0,3,0
2025,R,blanr001,R,L,82,69,16,36,2,0,6,0,13,11,0,12,1,0,0,2,0
2025,R,blanr001,R,R,117,107,21,31,7,0,1,0,8,9,0,36,0,0,1,0,0
2025,R,blews001,R,L,95,83,19,41,1,0,7,0,16,11,0,20,0,0,0,1,0
2025,R,blews001,R,R,99,88,26,38,4,1,2,0,11,7,0,15,2,1,2,1,0
2025,R,bluba001,R,L,59,53,7,18,2,0,3,0,5,5,0,19,0,0,0,1,0
2025,R,bluba001,R,R,65,59,10,20,1,0,3,1,6,6,0,16,1,0,0,0,0
2025,R,boltc001,R,L,3,3,2,2,0,0,0,0,1,0,0,1,0,0,0,0,0
2025,R,boltc001,R,R,7,7,2,3,1,0,0,0,2,0,0,0,0,0,0,0,0
2025,R,boosc001,L,L,62,51,10,18,2,0,2,0,10,9,0,18,0,0,0,2,0
2025,R,boosc001,L,R,81,69,18,39,3,0,6,1,15,10,1,17,0,2,0,0,0
2025,R,borur001,L,L,70,60,7,9,2,0,0,0,7,9,0,15,2,0,0,1,0
2025,R,borur001,L,R,75,65,22,40,6,0,4,0,17,7,1,17,0,1,1,1,0
2025,R,bousc001,R,L,90,81,28,45,5,0,4,0,15,8,1,22,2,1,0,0,0
2025,R,bousc001,R,R,103,96,26,36,7,0,1,0,14,6,0,19,5,1,0,0,0
2025,R,bowdb001,L,L,18,13,1,2,1,0,0,0,1,4,0,5,0,0,0,1,0
2025,R,bowdb001,L,R,29,27,8,20,4,1,2,0,7,1,0,2,0,0,0,1,0
2025,R,bowlj001,R,L,81,73,21,42,6,0,5,0,11,8,0,21,1,0,0,0,0
2025,R,bowlj001,R,R,99,88,16,22,3,0,1,0,7,9,0,25,4,0,1,1,0
2025,R,bowmm001,R,L,50,46,10,20,4,0,2,0,7,3,0,8,0,1,0,0,0
2025,R,bowmm001,R,R,64,60,21,33,6,0,2,0,10,3,0,10,0,1,0,0,0
2025,R,boydm001,L,L,183,169,39,50,5,0,2,0,8,7,0,43,4,5,1,1,0
2025,R,boydm001,L,R,535,487,115,192,20,3,17,0,58,35,0,111,11,4,4,5,0
2025,R,boylj001,R,L,120,105,23,39,7,0,3,0,16,15,1,32,1,0,0,0,0
2025,R,boylj001,R,R,106,90,20,34,5,0,3,0,11,13,0,26,3,3,0,0,0
2025,R,bradk001,R,L,73,64,15,23,2,0,2,0,5,9,0,26,2,0,0,0,0
2025,R,bradk001,R,R,53,51,8,11,0,0,1,0,4,1,0,21,1,1,0,0,0
2025,R,bradt002,R,L,299,262,62,113,13,1,12,0,43,31,0,63,6,2,1,3,0
2025,R,bradt002,R,R,306,277,69,104,14,0,7,0,30,25,0,64,9,2,0,2,0
2025,R,brasm001,R,L,96,87,21,27,3,0,1,0,6,6,1,30,1,1,1,1,0
2025,R,brasm001,R,R,103,87,20,32,3,0,3,0,10,12,1,28,4,1,3,0,0
2025,R,brasr001,R,L,39,37,11,17,3,0,1,0,5,2,0,10,0,0,0,0,0
2025,R,brasr001,R,R,66,61,16,23,4,0,1,0,8,3,0,10,3,0,0,2,0
2025,R,brazh001,R,L,110,91,25,44,5,1,4,0,15,18,0,18,3,0,0,1,0
2025,R,brazh001,R,R,152,134,26,34,2,0,2,0,12,9,1,39,5,4,2,3,0
2025,R,brebj001,R,L,52,43,10,21,2,0,3,0,8,7,0,16,0,2,0,0,0
2025,R,brebj001,R,R,63,54,18,29,5,0,2,0,16,5,0,10,1,2,0,1,1
2025,R,bridj001,R,L,12,10,4,7,0,0,1,0,5,1,0,1,0,0,0,1,0
2025,R,bridj001,R,R,25,21,10,12,2,0,0,0,5,2,0,1,0,2,0,0,0
2025,R,brieb001,R,L,50,43,9,10,1,0,0,0,5,6,1,8,0,0,0,1,0
2025,R,brieb001,R,R,53,45,15,33,3,0,5,0,15,6,0,8,0,0,1,1,0
2025,R,brigj002,R,L,16,15,6,9,0,0,1,0,4,1,0,3,0,0,0,0,0
2025,R,brigj002,R,R,2,2,1,1,0,0,0,0,1,0,0,0,0,0,0,0,0
2025,R,brogc001,R,L,101,91,24,50,6,1,6,0,24,9,3,19,1,0,0,1,0
2025,R,brogc001,R,R,98,87,21,39,3,0,5,1,12,9,1,30,2,0,1,1,0
2025,R,browb006,R,L,215,198,57,107,9,1,13,0,33,14,0,62,1,3,0,0,0
2025,R,browb006,R,R,257,235,64,95,10,3,5,0,33,18,0,59,5,1,1,2,0
2025,R,browh001,R,L,377,334,65,108,10,3,9,0,30,40,1,115,6,1,0,2,0
2025,R,browh001,R,R,352,327,68,102,10,0,8,0,24,17,0,91,12,6,2,0,0
2025,R,browm007,R,L,63,47,17,28,2,0,3,0,8,11,0,9,1,5,0,0,0
2025,R,browm007,R,R,63,56,13,26,4,0,3,0,12,6,0,14,2,0,0,1,0
2025,R,brubj001,R,L,59,51,12,16,2,1,0,0,6,7,1,10,2,0,1,0,0
2025,R,brubj001,R,R,58,52,11,14,3,0,0,0,2,5,0,12,1,1,0,0,0
2025,R,bruij001,L,L,36,31,9,15,0,0,2,0,6,4,0,11,0,1,0,0,0
2025,R,bruij001,L,R,29,26,10,12,2,0,0,0,4,3,3,7,1,0,0,0,0
2025,R,brujv001,R,L,6,5,1,1,0,0,0,0,0,1,0,0,0,0,0,0,0
2025,R,brujv001,R,R,5,5,3,6,0,0,1,0,3,0,0,0,0,0,0,0,0
2025,R,brzyz001,R,L,52,43,10,18,2,0,2,0,8,9,0,14,1,0,0,0,0
2025,R,brzyz001,R,R,58,53,18,33,3,0,4,0,13,3,0,10,0,2,0,0,0
2025,R,bubik001,L,L,102,92,20,32,5,2,1,0,9,7,0,22,3,2,0,1,0
2025,R,bubik001,L,R,374,339,78,111,16,1,5,0,26,32,1,94,11,1,0,2,0
2025,R,buehw001,R,L,316,273,82,120,12,1,8,1,31,36,0,49,3,5,0,1,1
2025,R,buehw001,R,R,249,217,48,94,4,0,14,0,37,25,0,43,8,6,0,1,0
2025,R,bumma001,L,L,103,93,24,33,4,1,1,0,12,8,0,26,2,0,0,2,0
2025,R,bumma001,L,R,132,111,27,43,8,1,2,0,21,9,4,25,3,11,0,1,0
2025,R,burdn001,R,L,10,10,4,5,1,0,0,0,0,0,0,1,0,0,0,0,0
2025,R,burdn001,R,R,11,9,1,1,0,0,0,0,0,2,0,4,2,0,0,0,0
2025,R,burgj002,R,L,22,19,7,10,3,0,0,0,4,2,1,4,0,1,0,0,0
2025,R,burgj002,R,R,43,37,10,18,2,0,2,0,9,6,0,10,2,0,0,0,0
2025,R,burkb001,L,L,95,82,21,32,3,1,2,0,13,5,0,17,1,3,1,4,0
2025,R,burkb001,L,R,162,146,37,63,4,2,6,0,22,13,4,35,4,0,2,1,0
2025,R,burks001,R,L,300,256,61,109,10,1,12,0,31,40,0,73,4,1,1,1,1
2025,R,burks001,R,R,296,266,70,123,20,0,11,0,34,23,0,60,2,5,0,2,0
2025,R,burla001,L,L,2,1,0,0,0,0,0,0,0,0,0,0,1,1,0,0,0
2025,R,burla001,L,R,2,2,1,1,0,0,0,0,0,0,0,0,0,0,0,0,0
2025,R,burnc002,R,L,148,125,26,38,9,0,1,0,3,18,1,38,1,3,1,1,0
2025,R,burnc002,R,R,117,108,23,45,4,0,6,0,14,8,0,25,4,0,1,0,0
2025,R,burnc003,R,L,98,85,22,42,8,0,4,0,12,12,0,34,1,0,1,0,0
2025,R,burnc003,R,R,90,86,19,28,4,1,1,0,10,4,0,33,0,0,0,0,0
2025,R,burrm001,R,L,198,173,39,59,5,0,5,0,18,21,1,46,3,1,0,3,0
2025,R,burrm001,R,R,204,189,49,83,6,2,8,0,19,10,0,51,5,4,0,1,0
2025,R,burrr002,R,L,1,1,0,0,0,0,0,0,0,0,0,0,0,0,0,0,0
2025,R,burrr002,R,R,7,6,1,1,0,0,0,0,0,1,0,3,0,0,0,0,0
2025,R,buttj001,R,L,124,101,26,38,4,1,2,0,14,19,2,24,1,0,1,3,0
2025,R,buttj001,R,R,160,141,36,56,12,1,2,0,27,13,0,34,5,2,1,2,1
2025,R,cabaj001,R,L,6,5,2,6,1,0,1,0,4,1,0,0,0,0,0,0,0
2025,R,cabaj001,R,R,3,3,3,8,2,0,1,0,2,0,0,0,0,0,0,0,0
2025,R,cabre003,R,L,308,265,62,104,12,0,10,0,26,34,0,75,2,7,1,1,0
2025,R,cabre003,R,R,273,254,59,92,12,0,7,0,27,14,0,75,5,3,0,2,0
2025,R,cabrg001,L,L,78,66,13,26,4,0,3,1,9,8,0,13,2,2,0,2,0
2025,R,cabrg001,L,R,109,99,33,64,4,0,9,0,23,10,1,22,1,0,0,0,0
2025,R,camen001,L,L,135,124,20,42,5,1,5,0,11,9,0,27,2,1,1,0,0
2025,R,camen001,L,R,421,385,89,142,12,1,13,0,29,34,1,87,12,2,0,0,0
2025,R,campi001,R,L,12,11,5,5,0,0,0,0,1,1,0,0,1,0,0,0,0
2025,R,campi001,R,R,23,22,8,13,0,1,1,0,5,0,0,3,2,1,0,0,0
2025,R,canng001,R,L,172,152,37,56,4,0,5,0,17,20,0,41,2,0,0,0,0
2025,R,canng001,R,R,156,140,33,50,6,1,3,0,10,15,0,29,3,0,1,0,0
2025,R,cannj001,R,L,238,210,62,112,14,3,10,0,31,23,1,49,4,2,0,2,1
2025,R,cannj001,R,R,228,207,54,94,11,1,9,0,30,15,0,37,4,4,0,2,0
2025,R,canoy001,R,L,107,91,30,49,5,1,4,0,26,12,1,20,4,1,2,1,0
2025,R,canoy001,R,R,144,127,32,43,2,0,3,0,14,12,0,33,4,2,1,1,1
2025,R,cantj002,L,L,113,97,25,37,3,0,3,0,12,16,0,27,1,0,0,0,0
2025,R,cantj002,L,R,288,260,53,89,15,0,7,0,23,26,0,81,4,0,0,2,0
2025,R,caprv001,R,L,6,6,3,7,1,0,1,0,3,0,0,0,0,0,0,0,0
2025,R,caprv001,R,R,9,9,2,2,0,0,0,0,1,0,0,1,0,0,0,0,0
2025,R,carra002,R,L,8,7,1,4,0,0,1,0,1,0,0,3,0,1,0,0,0
2025,R,carra002,R,R,14,12,5,15,1,0,3,0,6,2,0,1,0,0,0,0,0
2025,R,carrc003,R,L,126,113,37,58,6,0,5,0,22,11,0,16,3,0,0,2,0
2025,R,carrc003,R,R,86,80,24,50,9,1,5,0,14,6,0,18,0,0,0,0,0
2025,R,caspb001,R,L,137,124,33,47,8,0,2,0,10,12,0,30,0,1,0,0,0
2025,R,caspb001,R,R,196,183,45,79,14,1,6,0,27,9,0,41,0,2,1,1,0
2025,R,castb003,R,L,16,13,4,9,2,0,1,0,3,2,0,1,0,1,0,0,0
2025,R,castj007,L,L,67,57,21,28,1,0,2,0,5,5,0,13,2,4,0,1,0
2025,R,castj007,L,R,82,72,19,31,6,0,2,0,14,9,1,17,2,0,0,1,0
2025,R,castl003,R,L,376,335,93,156,23,2,12,0,35,34,0,69,8,4,0,3,0
2025,R,castl003,R,R,369,354,75,121,11,1,11,1,37,12,0,93,7,3,0,0,0
2025,R,castl004,R,L,13,12,5,8,3,0,0,0,2,1,0,0,0,0,0,0,0
2025,R,castl004,R,R,28,21,7,7,0,0,0,0,5,6,0,5,1,0,1,0,0
2025,R,castm002,R,L,14,10,1,1,0,0,0,0,2,3,0,2,0,1,0,0,0
2025,R,castm002,R,R,14,12,4,9,2,0,1,0,2,2,0,2,1,0,0,0,0
2025,R,castw003,R,L,1,1,1,1,0,0,0,0,0,0,0,0,0,0,0,0,0
2025,R,castw003,R,R,3,3,0,0,0,0,0,0,0,0,0,0,0,0,0,0,0
2025,R,cavac001,R,L,124,113,25,42,5,0,4,0,13,8,0,27,4,1,0,0,2
2025,R,cavac001,R,R,95,84,32,46,3,1,3,0,14,7,0,13,1,3,0,1,0
2025,R,ceasd001,R,L,353,303,73,120,17,0,10,1,39,42,2,99,1,4,1,2,1
2025,R,ceasd001,R,R,369,333,79,134,20,1,11,1,40,29,0,116,7,1,2,3,1
2025,R,ceccs001,R,L,274,253,56,109,12,1,13,0,29,19,0,61,4,0,0,2,0
2025,R,ceccs001,R,R,271,253,69,119,15,1,11,0,32,13,1,48,6,3,1,1,0
2025,R,chafa001,L,L,72,59,8,11,0,0,1,0,5,11,0,21,2,0,1,1,0
2025,R,chafa001,L,R,71,63,21,25,1,0,1,0,7,8,0,15,1,0,0,0,0
2025,R,chanb001,R,L,61,59,10,18,3,1,1,0,7,2,0,16,2,0,0,0,0
2025,R,chanb001,R,R,63,58,15,21,3,0,1,0,5,2,0,15,1,3,0,0,0
2025,R,chapa001,L,L,55,54,8,13,2,0,1,0,4,1,0,23,0,0,0,0,0
2025,R,chapa001,L,R,173,158,20,29,3,0,2,0,5,14,0,62,2,0,0,1,0
2025,R,chavj001,R,L,17,13,7,14,1,0,2,1,5,4,0,3,0,0,0,0,0
2025,R,chavj001,R,R,26,25,7,16,3,0,2,0,6,1,0,5,0,0,0,0,0
2025,R,chiva001,R,L,108,96,26,47,6,0,5,0,20,10,1,15,1,2,0,0,0
2025,R,chiva001,R,R,167,150,50,80,6,0,8,0,31,13,0,28,4,4,0,0,0
2025,R,churm001,R,L,12,10,3,4,1,0,0,0,1,2,0,4,0,0,0,0,0
2025,R,churm001,R,R,11,6,1,2,1,0,0,0,1,4,0,1,1,0,0,1,0
2025,R,civaa001,R,L,216,189,47,86,15,0,8,0,29,22,0,49,5,3,1,1,0
2025,R,civaa001,R,R,219,203,49,84,11,0,8,1,22,11,1,39,2,4,0,1,0
2025,R,clart003,R,L,96,90,19,37,3,0,5,0,14,5,0,19,1,1,0,0,0
2025,R,clart003,R,R,110,106,19,33,3,1,3,0,11,4,0,25,5,0,0,0,0
2025,R,clase001,R,L,88,81,21,27,4,1,0,0,4,5,2,17,0,0,1,1,0
2025,R,clase001,R,R,113,99,25,35,4,0,2,0,14,7,0,30,1,4,0,3,0
2025,R,cleag001,L,L,84,75,14,26,0,0,4,0,5,7,0,31,1,2,0,0,0
2025,R,cleag001,L,R,159,142,26,48,5,1,5,0,18,11,0,51,2,5,0,1,0
2025,R,clemk001,R,L,2,2,1,4,0,0,1,0,1,0,0,0,0,0,0,0,0
2025,R,clemk001,R,R,4,4,2,5,0,0,1,0,3,0,0,0,0,0,0,0,0
2025,R,clevm001,R,L,15,11,4,4,0,0,0,0,3,4,0,0,0,0,0,0,0
2025,R,clevm001,R,R,16,11,1,2,1,0,0,0,2,4,0,3,0,0,0,1,0
2025,R,contl001,R,L,25,21,7,9,2,0,0,0,2,4,0,6,0,0,0,0,0
2025,R,contl001,R,R,29,25,4,11,1,0,2,0,5,4,0,7,1,0,0,0,0
2025,R,contr001,R,L,25,24,4,7,0,0,1,0,1,1,0,3,1,0,0,0,0
2025,R,contr001,R,R,26,24,8,15,1,0,2,0,5,1,0,3,0,1,0,0,0
2025,R,corbp001,L,L,167,149,35,57,7,0,5,0,19,16,0,35,2,0,0,2,0
2025,R,corbp001,L,R,496,453,126,202,24,2,16,0,52,35,1,96,8,3,3,2,0
2025,R,cornj003,R,L,9,8,3,7,1,0,1,0,4,1,0,1,0,0,0,0,0
2025,R,cortn001,L,L,39,35,14,32,0,0,6,0,9,3,0,8,0,0,0,1,0
2025,R,cortn001,L,R,118,99,22,47,4,0,7,0,12,17,0,21,2,2,0,0,0
2025,R,cosgt001,L,L,2,2,1,1,0,0,0,0,1,0,0,0,0,0,0,0,0
2025,R,cosgt001,L,R,14,13,2,2,0,0,0,0,0,1,0,3,0,0,0,0,0
2025,R,could001,L,L,78,71,16,18,2,0,0,0,5,5,0,17,2,0,1,1,0
2025,R,could001,L,R,98,85,16,27,2,0,3,0,9,13,0,26,0,0,0,0,0
2025,R,cox-a001,L,L,42,38,10,27,2,0,5,0,10,4,0,6,0,0,0,0,0
2025,R,cox-a001,L,R,60,56,20,37,5,0,4,0,14,3,0,16,0,0,0,1,0
2025,R,crisc002,R,L,30,29,9,10,1,0,0,0,5,1,0,3,0,0,0,0,0
2025,R,crisc002,R,R,50,45,14,24,1,0,3,0,7,4,0,6,1,0,0,1,0
2025,R,crisn001,R,L,63,59,18,35,0,1,5,0,13,4,0,5,4,0,0,0,0
2025,R,crisn001,R,R,90,83,22,31,4,1,1,0,6,5,0,20,0,1,0,1,0
2025,R,crocg001,L,L,151,145,24,38,5,0,3,0,7,4,0,46,4,1,0,0,1
2025,R,crocg001,L,R,663,617,141,231,23,2,21,0,50,42,0,209,6,2,1,1,0
2025,R,cruzf002,R,L,80,71,16,28,6,0,2,0,5,8,0,26,0,0,0,1,0
2025,R,cruzf002,R,R,120,101,17,27,1,0,3,0,12,16,0,46,4,3,0,0,0
2025,R,cruzo002,L,L,8,8,2,3,1,0,0,0,0,0,0,3,0,0,0,0,0
2025,R,cruzo002,L,R,10,7,2,2,0,0,0,0,1,3,0,2,0,0,0,0,0
2025,R,cruzs001,R,L,83,71,13,17,1,0,1,0,5,11,0,22,1,1,0,0,0
2025,R,cruzs001,R,R,106,98,23,41,6,0,4,0,17,7,1,16,1,0,0,1,0
2025,R,currx001,R,L,7,5,2,2,0,0,0,0,1,2,0,0,0,0,0,0,0
2025,R,currx001,R,R,9,8,2,2,0,0,0,0,2,1,0,1,1,0,0,0,0
2025,R,curtj003,R,L,63,60,9,18,0,0,3,0,8,3,0,14,1,0,0,0,0
2025,R,curtj003,R,R,78,75,20,34,8,0,2,0,9,2,0,10,2,0,1,0,0
2025,R,curvl001,R,L,39,31,6,10,4,0,0,0,5,6,1,9,0,0,0,2,0
2025,R,curvl001,R,R,45,41,11,22,2,0,3,0,11,4,0,11,0,0,0,0,0
2025,R,danac001,R,L,66,52,12,26,2,0,4,0,11,10,0,20,1,0,1,3,0
2025,R,danac001,R,R,75,65,18,34,1,0,5,0,12,8,0,13,2,1,0,1,0
2025,R,danid001,R,L,15,13,3,5,2,0,0,0,1,2,0,2,1,0,0,0,0
2025,R,danid001,R,R,31,23,6,11,0,1,1,0,5,5,0,7,0,1,0,2,0
2025,R,darnd001,R,L,20,18,1,1,0,0,0,0,1,2,0,3,1,0,0,0,0
2025,R,darnd001,R,R,28,23,9,14,2,0,1,0,3,5,0,2,2,0,0,0,0
2025,R,darrm002,R,L,14,14,2,5,0,0,1,0,3,0,0,6,1,0,0,0,0
2025,R,darrm002,R,R,29,22,8,9,1,0,0,0,5,4,0,2,1,1,0,2,0
2025,R,darvy001,R,L,155,136,36,72,10,1,8,0,18,15,0,28,1,3,1,0,0
2025,R,darvy001,R,R,141,133,30,53,5,0,6,0,21,4,0,40,2,3,1,0,0
2025,R,davil002,R,L,2,2,0,0,0,0,0,0,0,0,0,0,0,0,0,0,0
2025,R,davil002,R,R,1,1,0,0,0,0,0,0,0,0,0,1,0,0,0,0,0
2025,R,davin001,R,L,28,20,11,29,0,0,6,1,17,3,0,4,1,5,0,0,0
2025,R,davin001,R,R,37,32,11,15,1,0,1,0,6,3,0,11,1,2,0,0,0
2025,R,degeb001,R,L,6,5,1,1,0,0,0,0,1,1,0,0,0,0,0,0,0
2025,R,degeb001,R,R,4,2,0,0,0,0,0,0,0,2,0,0,0,0,0,0,0
2025,R,degrj001,R,L,331,307,57,107,11,0,13,0,24,20,0,102,4,2,0,2,0
2025,R,degrj001,R,R,338,317,65,114,8,1,13,0,29,17,0,83,0,1,0,3,0
2025,R,delej003,R,L,16,14,4,4,0,0,0,0,0,2,0,4,0,0,0,0,0
2025,R,delej003,R,R,12,11,4,7,0,0,1,0,3,1,0,4,2,0,0,0,0
2025,R,deloe001,R,L,109,99,28,46,9,0,3,0,21,9,2,18,1,0,0,1,0
2025,R,deloe001,R,R,171,153,33,54,7,1,4,0,21,15,0,44,3,2,1,0,0
2025,R,deloy001,R,L,63,55,16,22,3,0,1,0,9,6,0,10,1,0,1,1,0
2025,R,deloy001,R,R,97,84,21,24,3,0,0,0,3,11,0,18,4,1,1,0,0
2025,R,desca001,R,L,72,62,16,30,2,0,4,0,7,7,0,13,1,2,0,1,0
2025,R,desca001,R,R,97,86,21,48,6,0,7,0,18,5,2,23,2,3,1,2,0
2025,R,detmr001,L,L,82,72,21,22,1,0,0,0,7,8,1,21,4,2,0,0,0
2025,R,detmr001,L,R,184,166,37,63,8,0,6,0,23,17,3,59,5,0,0,1,0
2025,R,devec001,R,L,25,21,3,5,2,0,0,0,2,2,0,3,0,0,0,2,0
2025,R,devec001,R,R,40,35,7,12,2,0,1,0,4,3,0,11,1,2,0,0,0
2025,R,diaza004,R,L,31,23,7,19,1,1,3,0,7,7,0,4,0,1,0,0,0
2025,R,diaza004,R,R,54,45,8,19,2,0,3,0,6,5,0,13,0,4,0,0,0
2025,R,diaze006,R,L,137,120,19,31,3,0,3,0,11,12,0,57,1,3,0,2,0
2025,R,diaze006,R,R,121,105,18,24,3,0,1,0,8,9,0,41,1,5,2,0,0
2025,R,diazj007,L,L,2,2,1,1,0,0,0,0,0,0,0,0,0,0,0,0,0
2025,R,diazj007,L,R,3,3,0,0,0,0,0,0,0,0,0,1,0,0,0,0,0
2025,R,diazy005,R,L,7,7,1,2,1,0,0,0,1,0,0,0,1,0,0,0,0
2025,R,diazy005,R,R,8,5,3,4,1,0,0,0,2,3,0,1,0,0,0,0,0
2025,R,dobbh001,R,L,124,116,31,50,8,1,3,0,9,8,1,20,2,0,0,0,0
2025,R,dobbh001,R,R,132,121,30,45,6,0,3,0,12,9,0,25,5,2,0,0,0
2025,R,dobnr001,R,L,10,10,1,4,0,0,1,0,1,0,0,1,1,0,0,0,0
2025,R,dobnr001,R,R,9,7,1,1,0,0,0,0,0,2,0,0,0,0,0,0,0
2025,R,doddd001,L,L,52,47,15,27,1,1,3,0,13,4,0,7,0,0,0,1,0
2025,R,doddd001,L,R,84,81,13,23,4,0,2,0,9,1,0,23,0,1,0,1,0
2025,R,dollc001,R,L,240,205,58,103,7,1,12,1,39,30,0,37,2,2,0,3,0
2025,R,dollc001,R,R,201,176,45,70,7,0,6,0,33,19,0,45,5,4,1,1,0
2025,R,domis001,R,L,116,101,28,45,5,0,4,0,12,14,2,28,0,1,0,0,0
2025,R,domis001,R,R,145,121,16,22,3,0,1,0,11,22,0,51,5,1,0,1,0
2025,R,dovac001,R,L,128,112,22,33,5,0,2,0,13,15,1,36,4,1,0,0,0
2025,R,dovac001,R,R,150,126,29,39,4,0,2,0,16,20,0,36,4,2,1,1,0
2025,R,dreyj001,L,L,107,94,17,23,1,1,1,0,7,11,1,23,0,0,1,1,0
2025,R,dreyj001,L,R,200,182,39,63,13,1,3,0,20,13,4,51,1,0,2,3,0
2025,R,dubis001,R,L,58,53,12,20,2,0,2,0,9,5,0,12,2,0,0,0,0
2025,R,dubis001,R,R,87,79,25,41,4,0,4,0,14,6,0,16,0,2,0,0,0
2025,R,dunnd001,R,L,46,41,9,12,3,0,0,0,3,5,1,11,1,0,0,0,0
2025,R,dunnd001,R,R,49,43,15,29,2,0,4,0,12,2,0,10,0,3,0,1,0
2025,R,durac001,R,L,1,1,0,0,0,0,0,0,0,0,0,0,0,0,0,0,0
2025,R,durac001,R,R,4,1,1,1,0,0,0,0,1,3,0,0,0,0,0,0,0
2025,R,durae002,R,L,3,3,0,0,0,0,0,0,0,0,0,0,0,0,0,0,0
2025,R,durae002,R,R,8,8,1,1,0,0,0,0,0,0,0,0,0,0,0,0,0
2025,R,duraj002,R,L,153,137,23,30,4,0,1,0,11,12,3,46,2,3,0,1,0
2025,R,duraj002,R,R,134,126,35,45,4,0,2,0,8,7,1,34,1,0,0,1,0
2025,R,earlc001,L,L,22,20,3,3,0,0,0,0,0,1,0,13,0,1,0,0,0
2025,R,earlc001,L,R,57,54,14,15,1,0,0,0,4,3,0,16,1,0,0,0,0
2025,R,eaton001,R,L,2,2,1,2,1,0,0,0,0,0,0,0,1,0,0,0,0
2025,R,eaton001,R,R,2,2,1,1,0,0,0,0,0,0,0,0,0,0,0,0,0
2025,R,ederj001,L,L,31,28,4,10,0,0,2,0,6,1,0,5,1,1,1,0,0
2025,R,ederj001,L,R,47,39,11,17,3,0,1,0,5,8,1,10,1,0,0,0,0
2025,R,edwac001,R,L,8,6,2,5,0,0,1,0,4,2,0,2,0,0,0,0,0
2025,R,edwac001,R,R,16,14,2,2,0,0,0,0,2,1,0,4,1,0,0,1,0
2025,R,effrs001,R,L,21,19,7,10,3,0,0,0,6,2,1,0,0,0,0,0,0
2025,R,effrs001,R,R,30,29,9,18,2,2,1,0,4,1,0,6,0,0,0,0,0
2025,R,efliz001,R,L,185,174,55,113,13,0,15,0,33,7,0,27,2,0,2,2,0
2025,R,efliz001,R,R,124,115,33,48,6,0,3,0,13,6,0,23,2,2,0,1,0
2025,R,eiseb001,L,L,140,127,36,59,6,1,5,0,19,6,0,31,3,5,1,1,0
2025,R,eiseb001,L,R,166,145,39,76,14,1,7,0,22,19,6,43,3,0,0,2,0
2025,R,eldeb001,R,L,335,297,71,116,11,2,10,0,32,32,1,67,3,2,0,4,0
2025,R,eldeb001,R,R,344,319,96,159,21,0,14,0,56,19,0,64,8,4,2,0,0
2025,R,ellaf001,L,L,35,23,3,4,1,0,0,0,3,12,0,10,0,0,0,0,0
2025,R,ellaf001,L,R,39,31,5,8,0,0,1,0,1,7,0,12,2,1,0,0,0
2025,R,englm001,R,L,95,86,22,27,2,0,1,0,7,9,0,20,1,0,0,0,0
2025,R,englm001,R,R,90,85,21,32,2,0,3,0,10,2,0,24,4,1,0,1,1
2025,R,ennsd001,L,L,73,68,24,42,4,1,4,0,9,4,0,22,2,0,1,0,0
2025,R,ennsd001,L,R,127,115,26,35,3,0,2,0,14,11,4,27,1,0,0,1,0
2025,R,enrin001,R,L,53,49,13,20,1,0,2,0,7,3,0,12,0,1,0,0,0
2025,R,enrin001,R,R,74,64,11,16,2,0,1,0,6,9,0,18,1,1,0,0,0
2025,R,eovan001,R,L,260,243,49,80,11,1,6,0,18,11,1,66,2,4,1,0,1
2025,R,eovan001,R,R,236,220,41,62,9,0,4,0,10,10,0,63,12,3,1,2,0
2025,R,ercel001,R,L,132,120,24,32,5,0,1,0,7,11,3,26,3,1,0,0,0
2025,R,ercel001,R,R,117,107,30,45,4,1,3,0,14,7,0,22,4,3,0,0,0
2025,R,espaj001,R,L,5,5,0,0,0,0,0,0,0,0,0,2,0,0,0,0,0
2025,R,espaj001,R,R,4,4,1,1,0,0,0,0,0,0,0,2,0,0,0,0,0
2025,R,estec001,R,L,149,130,29,45,5,1,3,0,10,16,5,29,1,1,1,1,0
2025,R,estec001,R,R,120,111,19,31,6,0,2,0,17,6,1,25,0,3,0,0,0
2025,R,estej001,R,L,25,20,4,8,1,0,1,0,2,5,0,3,0,0,0,0,0
2025,R,estej001,R,R,30,26,12,24,3,0,3,0,9,1,0,3,0,1,0,2,0
2025,R,estrj002,R,L,127,106,18,33,1,1,4,0,16,16,2,40,1,2,1,2,0
2025,R,estrj002,R,R,177,163,40,72,8,0,8,0,20,11,0,68,1,1,1,1,0
2025,R,estrl002,R,L,11,10,6,8,2,0,0,0,3,1,0,2,0,0,0,0,0
2025,R,estrl002,R,R,24,21,4,10,0,0,2,0,4,0,0,8,0,2,1,0,0
2025,R,evanl001,R,L,174,155,41,69,6,2,6,0,17,15,0,25,3,2,1,1,0
2025,R,evanl001,R,R,176,158,41,71,9,0,7,0,21,16,1,34,5,2,0,0,0
2025,R,fairp001,R,L,118,106,22,40,4,1,4,0,11,10,0,31,2,1,1,0,0
2025,R,fairp001,R,R,126,118,23,38,6,0,3,0,11,8,0,28,1,0,0,0,0
2025,R,faltb001,L,L,129,119,32,51,5,1,4,0,19,7,0,21,3,1,1,1,0
2025,R,faltb001,L,R,389,345,83,150,22,0,15,0,37,39,0,60,13,0,2,3,0
2025,R,farmk001,R,L,2,2,2,2,0,0,0,0,0,0,0,0,0,0,0,0,0
2025,R,farmk001,R,R,3,3,1,4,0,0,1,0,1,0,0,0,1,0,0,0,0
2025,R,farrm001,L,L,34,31,8,18,1,0,3,0,6,2,0,10,0,0,0,1,0
2025,R,farrm001,L,R,73,61,16,27,4,2,1,0,9,9,0,14,0,1,0,2,0
2025,R,faucc001,R,L,130,115,26,41,4,1,3,0,12,11,0,29,1,2,0,2,0
2025,R,faucc001,R,R,125,110,27,42,0,0,5,0,14,13,0,30,3,1,0,1,0
2025,R,fedde001,R,L,324,281,87,148,15,2,14,0,52,41,1,37,7,0,0,2,0
2025,R,fedde001,R,R,299,265,60,92,17,0,5,0,32,26,0,46,8,3,4,1,0
2025,R,feltr001,R,L,68,58,17,28,5,0,2,0,7,10,0,13,1,0,0,0,0
2025,R,feltr001,R,R,67,64,16,26,4,0,2,0,8,2,0,12,1,0,0,1,0
2025,R,fergc001,L,L,115,103,19,21,2,0,0,0,9,9,0,21,2,2,0,1,0
2025,R,fergc001,L,R,155,133,35,50,9,0,2,0,17,13,3,30,2,4,3,2,0
2025,R,fergt001,R,L,75,54,13,22,1,1,2,0,9,19,2,9,1,1,0,1,0
2025,R,fergt001,R,R,171,147,30,44,4,2,2,0,20,15,0,45,4,3,2,4,0
2025,R,fermj002,R,L,69,57,11,31,2,0,6,1,14,12,2,17,1,0,0,0,0
2025,R,fermj002,R,R,83,70,14,21,1,0,2,0,8,11,0,22,1,1,0,1,0
2025,R,fernj007,R,L,10,9,2,8,0,0,2,0,3,1,0,2,0,0,0,0,0
2025,R,fernj007,R,R,10,9,1,1,0,0,0,0,0,1,0,3,0,0,0,0,0
2025,R,fernr001,R,L,59,49,14,25,1,2,2,0,14,10,2,16,0,0,0,0,0
2025,R,fernr001,R,R,81,74,22,39,3,1,4,0,13,6,0,18,3,1,0,0,0
2025,R,ferrj002,L,L,110,102,19,31,3,0,3,1,12,2,0,26,0,2,4,0,0
2025,R,ferrj002,L,R,214,192,62,81,9,2,2,0,29,14,1,45,12,5,1,2,0
2025,R,festd001,R,L,114,101,22,36,5,0,3,0,15,10,0,27,0,2,1,0,0
2025,R,festd001,R,R,115,103,27,50,2,0,7,0,15,9,0,26,1,2,0,1,0
2025,R,festm001,R,L,105,92,23,37,3,1,3,0,16,9,2,23,1,1,2,1,0
2025,R,festm001,R,R,121,107,21,27,3,0,1,0,18,6,0,33,0,4,2,2,0
2025,R,feyej001,R,L,9,8,5,10,2,0,1,0,3,1,1,2,0,0,0,0,0
2025,R,feyej001,R,R,14,14,6,10,1,0,1,0,4,0,0,2,1,0,0,0,0
2025,R,finnk001,R,L,116,103,21,31,5,1,1,0,14,11,2,30,0,1,0,1,0
2025,R,finnk001,R,R,113,101,24,40,3,2,3,1,17,7,0,25,3,0,2,2,1
2025,R,fishb002,R,L,87,74,11,18,4,0,1,0,7,10,0,34,0,1,1,1,0
2025,R,fishb002,R,R,115,103,21,32,2,0,3,0,12,9,1,28,3,2,0,1,0
2025,R,fittr001,R,L,82,67,17,29,0,0,4,0,8,12,0,16,1,0,1,1,1
2025,R,fittr001,R,R,113,104,26,49,2,0,7,0,16,4,0,24,4,3,0,1,1
2025,R,fitzr001,R,L,2,2,0,0,0,0,0,0,0,0,0,0,0,0,0,0,0
2025,R,fitzr001,R,R,6,6,2,2,0,0,0,0,0,0,0,0,0,0,0,0,0
2025,R,flahj002,R,L,360,315,78,134,15,1,13,0,47,41,1,90,5,2,1,1,0
2025,R,flahj002,R,R,321,299,69,115,16,0,10,1,29,18,0,98,6,3,1,0,0
2025,R,flexc001,R,L,77,70,20,36,1,0,5,0,10,7,0,7,1,0,0,0,0
2025,R,flexc001,R,R,101,94,18,25,1,0,2,0,12,5,0,15,1,0,0,2,0
2025,R,fluhm001,L,L,102,88,16,29,7,0,2,0,16,11,1,34,3,1,1,1,0
2025,R,fluhm001,L,R,113,99,20,33,1,0,4,0,8,13,3,22,2,1,0,0,0
2025,R,franb002,R,L,161,138,41,87,4,0,14,0,32,19,0,30,3,0,0,4,0
2025,R,franb002,R,R,127,113,30,48,1,1,5,0,13,8,0,24,1,6,0,0,0
2025,R,franj006,R,L,2,2,0,0,0,0,0,0,0,0,0,0,0,0,0,0,0
2025,R,franj006,R,R,14,12,2,3,1,0,0,0,1,2,0,5,0,0,0,0,0
2025,R,freec002,R,L,7,7,4,8,1,0,1,0,2,0,0,1,0,0,0,0,0
2025,R,freec002,R,R,9,7,1,1,0,0,0,0,0,1,0,2,0,0,1,0,0
2025,R,freek001,L,L,147,137,37,54,7,2,2,0,21,7,0,30,3,1,0,2,0
2025,R,freek001,L,R,562,520,156,249,27,3,20,0,71,31,2,94,13,5,1,5,0
2025,R,friem001,L,L,181,163,34,64,2,2,8,0,20,11,0,55,4,6,0,1,0
2025,R,friem001,L,R,620,574,130,182,24,5,6,0,43,40,0,134,8,4,1,1,0
2025,R,fuend001,R,L,30,27,10,21,2,0,3,0,5,3,0,3,1,0,0,0,0
2025,R,fuend001,R,R,39,33,13,22,0,0,3,0,10,3,0,9,0,2,0,1,0
2025,R,fulmc001,R,L,65,57,12,26,2,0,4,0,14,8,0,18,0,0,0,0,0
2025,R,fulmc001,R,R,58,53,13,20,2,1,1,0,7,3,0,8,1,0,1,1,0
2025,R,fulmm001,R,L,12,10,1,2,1,0,0,0,2,2,0,1,1,0,0,0,0
2025,R,fulmm001,R,R,11,11,5,10,2,0,1,0,4,0,0,2,1,0,0,0,0
2025,R,fundk001,L,L,80,65,16,19,3,0,0,0,2,13,0,20,0,2,0,0,0
2025,R,fundk001,L,R,103,95,28,40,6,0,2,0,15,5,1,20,3,1,0,2,0
2025,R,gaddh001,R,L,114,102,21,37,4,0,4,0,11,11,2,34,2,0,1,0,0
2025,R,gaddh001,R,R,160,146,37,58,5,2,4,1,22,10,0,39,0,1,1,2,0
2025,R,gagem001,L,L,72,64,15,18,3,0,0,0,6,5,0,13,1,2,1,0,0
2025,R,gagem001,L,R,65,58,20,24,4,0,0,0,11,7,1,14,3,0,0,0,0
2025,R,gallz001,R,L,400,360,92,152,22,1,12,0,38,34,1,76,7,4,1,1,0
2025,R,gallz001,R,R,413,377,84,162,15,3,19,1,59,32,0,99,6,0,1,3,0
2025,R,garag001,R,L,22,21,7,11,1,0,1,0,8,1,0,6,1,0,0,0,0
2025,R,garag001,R,R,19,17,8,9,1,0,0,0,4,0,0,2,1,2,0,0,0
2025,R,garcb002,L,L,27,24,7,9,2,0,0,0,2,3,0,5,0,0,0,0,0
2025,R,garcb002,L,R,39,33,11,12,1,0,0,0,3,5,0,9,3,1,0,0,0
2025,R,garcl005,R,L,101,86,22,26,4,0,0,0,11,14,5,20,8,0,0,1,0
2025,R,garcl005,R,R,132,117,33,54,11,2,2,0,16,12,0,28,6,0,2,1,0
2025,R,garcl007,R,L,7,6,0,0,0,0,0,0,0,0,0,1,0,1,0,0,0
2025,R,garcl007,R,R,21,20,3,9,0,0,2,0,3,1,0,6,0,0,0,0,0
2025,R,garcr006,R,L,71,62,12,24,1,1,3,0,7,8,1,23,1,0,0,1,0
2025,R,garcr006,R,R,71,69,19,27,2,0,2,0,7,2,0,15,1,0,0,0,0
2025,R,garcr008,L,L,99,94,23,36,4,0,3,0,8,3,0,25,1,1,1,0,0
2025,R,garcr008,L,R,170,148,35,54,4,0,5,0,20,19,2,43,4,0,2,1,0
2025,R,garcy001,R,L,44,37,6,10,1,0,1,1,5,6,1,11,0,0,1,0,0
2025,R,garcy001,R,R,46,39,7,10,0,0,1,0,2,6,0,14,0,1,0,0,0
2025,R,garrr001,R,L,107,88,21,30,3,0,2,1,15,19,2,25,0,0,0,0,0
2025,R,garrr001,R,R,131,123,26,44,9,0,3,1,23,7,0,39,2,1,0,0,0
2025,R,garzj001,R,L,16,16,3,5,2,0,0,0,3,0,0,1,0,0,0,0,0
2025,R,garzj001,R,R,12,11,5,8,0,0,1,0,3,1,0,2,1,0,0,0,0
2025,R,gassr001,L,L,9,7,0,0,0,0,0,0,0,2,0,1,0,0,0,0,0
2025,R,gassr001,L,R,20,16,5,9,1,0,1,0,3,2,0,4,0,2,0,0,0
2025,R,gausk001,R,L,370,342,66,116,16,2,10,0,38,24,1,84,4,1,1,1,1
2025,R,gausk001,R,R,405,374,89,140,18,0,11,0,38,26,1,105,4,2,0,2,1
2025,R,gerbj001,R,L,7,7,1,4,0,0,1,0,1,0,0,2,1,0,0,0,0
2025,R,gerbj001,R,R,8,8,2,2,0,0,0,0,0,0,0,2,0,0,0,0,0
2025,R,gervp001,R,L,16,13,4,13,0,0,3,0,4,3,0,3,0,0,0,0,0
2025,R,gervp001,R,R,23,20,4,5,1,0,0,0,1,3,0,5,0,0,0,0,0
2025,R,gibai001,R,L,48,42,9,11,2,0,0,0,2,6,0,5,0,0,0,0,0
2025,R,gibai001,R,R,61,58,17,30,4,0,3,0,8,2,0,10,0,0,0,1,0
2025,R,gibsc001,L,L,112,96,22,39,6,1,3,0,7,13,0,17,0,2,1,0,0
2025,R,gibsc001,L,R,118,105,22,25,3,0,0,0,9,8,3,26,3,4,0,1,0
2025,R,gibsk002,R,L,35,30,17,33,4,0,4,0,12,4,0,2,0,0,0,1,0
2025,R,gibsk002,R,R,38,34,12,27,2,2,3,0,10,3,0,8,0,0,0,1,0
2025,R,gil-l001,R,L,131,109,24,40,7,0,3,0,12,20,0,19,3,0,0,2,0
2025,R,gil-l001,R,R,113,99,23,36,7,0,2,0,7,13,0,22,1,1,0,0,0
2025,R,gilbl001,L,R,4,4,1,4,0,0,1,0,1,0,0,2,0,0,0,0,0
2025,R,gilbl002,R,L,270,249,49,86,8,1,9,0,19,17,0,84,0,3,1,0,0
2025,R,gilbl002,R,R,265,245,55,100,12,0,11,0,28,14,0,89,1,4,1,1,0
2025,R,gilbt001,L,L,104,90,19,28,6,0,1,0,10,10,0,28,2,2,1,1,0
2025,R,gilbt001,L,R,111,96,21,38,5,0,4,0,15,14,3,21,1,0,1,0,0
2025,R,gillc003,R,L,66,58,16,35,4,0,5,0,16,6,0,16,0,0,0,2,0
2025,R,gillc003,R,R,57,51,16,26,7,0,1,0,8,5,0,7,0,1,0,0,0
2025,R,gilll001,R,L,12,10,3,6,0,0,1,0,2,2,0,2,1,0,0,0,0
2025,R,gilll001,R,R,19,16,4,4,0,0,0,0,2,2,0,2,0,1,0,0,0
2025,R,ginkk001,R,L,49,41,9,16,1,0,2,0,5,4,0,16,1,2,0,2,0
2025,R,ginkk001,R,R,72,61,20,26,6,0,0,0,13,9,0,13,1,0,0,2,0
2025,R,ginnj001,R,L,185,162,55,102,13,2,10,0,26,19,1,34,6,3,0,1,0
2025,R,ginnj001,R,R,207,192,37,65,7,0,7,0,21,12,0,65,2,3,0,0,0
2025,R,gioll001,R,L,298,265,58,102,20,0,8,0,28,28,0,66,5,0,1,2,2
2025,R,gioll001,R,R,315,282,73,104,2,1,9,0,25,28,0,55,3,1,1,3,0
2025,R,gipss001,R,L,70,64,13,21,8,0,0,0,8,3,0,19,1,0,0,3,0
2025,R,gipss001,R,R,63,57,21,46,1,0,8,0,15,3,0,7,1,2,0,1,0
2025,R,glast001,R,L,175,154,28,48,5,0,5,0,12,18,0,45,3,2,0,1,0
2025,R,glast001,R,R,191,162,28,50,7,0,5,0,14,25,0,61,4,1,0,3,0
2025,R,gomba001,L,L,57,51,18,39,3,0,6,0,12,5,0,7,1,0,0,1,0
2025,R,gomba001,L,R,215,201,64,113,15,2,10,0,38,12,0,27,1,1,1,0,0
2025,R,gomey002,R,L,161,142,37,76,6,0,11,1,28,15,0,31,2,3,0,1,0
2025,R,gomey002,R,R,116,101,23,31,3,1,1,0,8,12,0,27,2,1,0,1,1
2025,R,gonst001,R,L,93,76,21,36,3,0,4,0,12,13,0,14,1,3,1,0,0
2025,R,gonst001,R,R,64,59,12,27,0,0,5,0,9,5,0,24,2,0,0,0,0
2025,R,gonzw002,R,L,50,41,8,14,3,0,1,0,5,8,0,12,0,0,1,0,0
2025,R,gonzw002,R,R,37,32,5,6,1,0,0,0,3,4,0,13,1,0,0,1,0
2025,R,gordc001,L,L,78,73,21,30,3,0,2,0,7,5,0,19,0,0,0,0,0
2025,R,gordc001,L,R,301,279,82,161,20,1,19,0,44,14,2,53,3,2,2,4,0
2025,R,gordt002,R,L,178,166,46,86,8,1,10,0,26,11,0,36,2,1,0,0,0
2025,R,gordt002,R,R,159,150,50,82,10,2,6,0,27,6,0,26,3,2,0,1,0
2025,R,gorem001,L,L,177,162,38,62,7,1,5,0,25,14,0,54,1,0,0,1,0
2025,R,gorem001,L,R,503,440,114,180,21,0,15,1,42,50,0,131,7,5,2,6,0
2025,R,gracg001,R,L,82,76,20,31,7,2,0,0,17,4,0,18,2,0,0,2,0
2025,R,gracg001,R,R,111,99,30,49,7,3,2,0,19,9,0,22,0,2,0,1,0
2025,R,grana001,R,L,37,32,12,15,1,1,0,0,7,2,0,8,0,0,0,3,0
2025,R,grana001,R,R,54,47,10,23,2,1,3,0,6,5,0,10,1,1,1,0,0
2025,R,gravk001,R,L,32,23,7,13,3,0,1,1,7,8,0,2,1,1,0,0,0
2025,R,gravk001,R,R,50,46,16,27,6,1,1,0,9,4,0,7,3,0,0,0,0
2025,R,grayj003,R,L,28,27,7,15,2,0,2,0,6,1,0,4,0,0,0,0,0
2025,R,grayj003,R,R,35,30,8,18,1,0,3,0,7,5,0,8,0,0,0,0,0
2025,R,grays001,R,L,390,364,89,139,12,4,10,0,36,20,0,114,3,2,0,2,2
2025,R,grays001,R,R,363,341,96,160,19,0,15,1,46,18,0,87,6,1,1,1,1
2025,R,greec003,R,L,75,69,17,39,4,0,6,0,13,4,0,18,0,2,0,0,0
2025,R,greec003,R,R,115,106,34,60,2,0,8,0,17,9,2,17,1,0,0,0,0
2025,R,greeh001,R,L,207,190,35,73,11,0,9,0,18,15,0,69,0,2,0,0,0
2025,R,greeh001,R,R,213,201,40,71,11,1,6,0,13,11,0,63,2,0,1,0,0
2025,R,guens001,L,L,21,19,7,9,2,0,0,0,2,2,0,4,1,0,0,0,0
2025,R,guens001,L,R,22,19,3,3,0,0,0,0,0,3,0,4,2,0,0,0,0
2025,R,guerl001,R,L,29,22,6,8,2,0,0,0,4,6,0,2,1,0,0,1,0
2025,R,guerl001,R,R,43,35,3,4,1,0,0,0,3,8,0,8,1,0,0,0,0
2025,R,gustr001,R,L,239,212,68,123,13,0,14,0,38,25,0,52,3,0,1,1,0
2025,R,gustr001,R,R,214,195,46,65,8,1,3,0,24,11,0,45,7,5,0,3,0
2025,R,hadej001,L,L,46,43,8,17,3,0,2,0,3,2,0,16,0,0,0,0,1
2025,R,hadej001,L,R,160,141,21,46,7,0,6,1,13,14,1,60,0,2,2,1,0
2025,R,hagej002,R,L,49,49,16,28,3,0,3,0,8,0,0,8,0,0,0,0,0
2025,R,hagej002,R,R,50,47,8,13,2,0,1,0,2,2,0,15,0,1,0,0,0
2025,R,hahnj001,R,L,7,5,3,3,0,0,0,0,2,2,1,1,0,0,0,0,0
2025,R,hahnj001,R,R,18,13,3,6,0,0,1,0,2,3,2,2,2,1,1,0,0
2025,R,halld004,L,L,68,58,7,15,0,1,2,0,5,10,0,14,1,0,0,0,0
2025,R,halld004,L,R,87,80,17,23,6,0,0,0,9,7,0,13,1,0,0,0,0
2025,R,halvs001,R,L,88,76,20,39,4,0,5,0,15,11,0,12,3,0,0,1,0
2025,R,halvs001,R,R,85,74,21,35,6,1,2,0,10,10,1,24,4,0,1,0,0
2025,R,hamed001,R,L,2,2,1,1,0,0,0,0,0,0,0,0,0,0,0,0,0
2025,R,hamed001,R,R,4,3,2,2,0,0,0,0,0,0,0,0,0,1,0,0,0
2025,R,hamii001,R,L,66,58,16,32,2,1,4,0,10,6,0,13,1,0,1,1,0
2025,R,hamii001,R,R,100,81,12,17,2,0,1,0,5,16,1,29,4,1,1,0,1
2025,R,hampg001,R,L,1,1,0,0,0,0,0,0,0,0,0,0,0,0,0,0,0
2025,R,hampg001,R,R,2,2,0,0,0,0,0,0,0,0,0,0,0,0,0,0,0
2025,R,hance001,R,L,204,178,47,88,5,0,12,0,26,23,0,36,3,1,1,1,0
2025,R,hance001,R,R,181,168,46,66,11,0,3,0,23,8,0,28,6,4,0,1,0
2025,R,hanib001,R,L,85,75,28,42,8,0,2,0,14,9,2,8,1,0,0,1,0
2025,R,hanib001,R,R,175,168,37,50,6,2,1,0,18,5,0,32,6,2,0,0,0
2025,R,harrh002,L,L,105,89,21,31,4,0,2,0,12,13,0,22,0,1,1,1,0
2025,R,harrh002,L,R,172,150,33,50,8,0,3,0,16,20,4,43,3,0,0,2,0
2025,R,harrh003,L,L,2,2,2,2,0,0,0,0,1,0,0,0,0,0,0,0,0
2025,R,harrh003,L,R,10,8,1,2,1,0,0,0,0,2,0,0,1,0,0,0,0
2025,R,harrk001,L,L,47,47,11,23,1,1,3,0,9,0,0,10,0,0,0,0,0
2025,R,harrk001,L,R,109,94,24,34,7,0,1,0,6,14,1,28,0,1,0,0,0
2025,R,harrt002,R,L,17,14,8,13,2,0,1,0,7,2,0,5,0,0,0,1,0
2025,R,harrt002,R,R,33,28,10,19,3,0,2,0,8,5,0,2,1,0,0,0,0
2025,R,hartg001,R,L,12,7,5,11,0,0,2,0,4,5,0,1,0,0,0,0,0
2025,R,hartg001,R,R,12,11,3,5,2,0,0,0,4,1,0,4,0,0,0,0,0
2025,R,hartk002,L,L,57,53,10,15,2,0,1,0,2,3,0,13,1,1,0,0,0
2025,R,hartk002,L,R,122,110,28,58,6,0,8,0,15,10,0,24,0,1,0,1,0
2025,R,harvh001,R,L,19,18,1,1,0,0,0,0,0,1,0,5,0,0,0,0,0
2025,R,harvh001,R,R,20,20,5,5,0,0,0,0,0,0,0,6,0,0,0,0,0
2025,R,hatct001,R,L,91,81,27,45,6,0,4,0,16,10,1,12,2,0,0,0,0
2025,R,hatct001,R,R,61,54,13,23,1,0,3,0,4,7,1,10,4,0,0,0,0
2025,R,headb001,L,L,40,37,9,23,2,0,4,0,8,2,0,12,1,1,0,0,0
2025,R,headb001,L,R,52,47,8,11,3,0,0,0,4,5,1,18,0,0,0,0,0
2025,R,heana001,L,L,149,135,42,85,11,1,10,0,26,9,0,22,3,3,1,1,0
2025,R,heana001,L,R,387,344,87,155,23,0,15,1,47,31,0,64,4,6,3,3,0
2025,R,hedga001,R,L,7,6,3,4,1,0,0,0,2,0,0,1,0,0,0,1,0
2025,R,hedga001,R,R,9,8,3,4,1,0,0,0,0,1,0,0,0,0,0,0,0
2025,R,heint001,R,L,14,12,7,11,1,0,1,0,7,0,0,0,0,2,0,0,0
2025,R,heint001,R,R,13,12,8,9,1,0,0,0,5,0,0,0,0,0,0,1,0
2025,R,helsr001,R,L,127,115,32,47,6,0,3,0,14,11,2,32,0,0,1,0,0
2025,R,helsr001,R,R,125,107,29,50,6,0,5,0,15,14,1,31,1,1,0,3,0
2025,R,hendk001,R,L,344,307,73,123,19,2,9,0,30,32,3,57,7,2,1,2,0
2025,R,hendk001,R,R,351,331,94,162,18,1,16,0,48,11,0,57,9,3,2,4,0
2025,R,hendl001,R,L,24,22,6,9,0,0,1,1,4,1,0,4,0,1,0,0,0
2025,R,hendl001,R,R,35,29,6,9,0,0,1,0,2,6,0,8,2,0,0,0,0
2025,R,hendl002,R,L,60,54,9,19,1,0,3,0,4,6,0,18,0,0,0,0,0
2025,R,hendl002,R,R,39,37,8,8,0,0,0,0,1,2,0,15,1,0,0,0,0
2025,R,henrc001,R,L,98,78,17,34,5,0,4,1,16,14,1,23,1,6,0,0,0
2025,R,henrc001,R,R,143,118,26,38,3,0,3,0,17,18,0,29,2,5,1,1,0
2025,R,henre001,R,L,24,22,5,13,2,0,2,0,4,1,0,7,0,0,0,1,0
2025,R,henre001,R,R,54,50,12,13,1,0,0,0,6,4,0,11,0,0,0,0,0
2025,R,henrr001,R,L,148,128,27,45,3,0,5,0,18,19,2,49,1,0,0,1,0
2025,R,henrr001,R,R,155,139,26,44,9,0,3,0,16,8,0,49,0,4,1,3,0
2025,R,henrt001,L,L,8,8,2,5,0,0,1,0,1,0,0,2,0,0,0,0,0
2025,R,henrt001,L,R,18,15,4,10,0,0,2,0,2,1,0,6,1,1,1,0,0
2025,R,hergj001,R,L,154,131,32,49,6,1,3,0,14,17,1,33,3,4,1,1,0
2025,R,hergj001,R,R,193,178,40,58,9,0,3,0,21,9,0,48,3,3,0,3,0
2025,R,hergk001,R,L,25,23,7,8,1,0,0,0,4,2,0,3,1,0,0,0,0
2025,R,hergk001,R,R,31,27,5,8,3,0,0,0,2,3,0,3,0,0,0,1,0
2025,R,hernc006,R,L,99,78,26,37,5,0,2,0,19,16,1,16,0,1,2,2,0
2025,R,hernc006,R,R,104,97,24,33,3,0,2,0,15,6,0,23,1,1,0,0,0
2025,R,hernd005,R,L,73,55,7,12,2,0,1,0,4,17,1,18,3,1,0,0,0
2025,R,hernd005,R,R,91,76,20,29,3,0,2,0,12,13,0,15,2,1,1,0,0
2025,R,herne001,R,L,17,12,4,6,2,0,0,0,2,4,0,0,0,0,0,1,0
2025,R,herne001,R,R,20,16,7,10,0,0,1,1,6,4,0,1,0,0,0,0,0
2025,R,hernn001,R,L,18,17,5,13,2,0,2,0,3,1,0,6,0,0,0,0,0
2025,R,hernn001,R,R,34,27,7,13,3,0,1,0,3,7,0,5,0,0,0,0,0
2025,R,herrj003,R,L,3,3,1,2,1,0,0,0,1,0,0,0,0,0,0,0,0
2025,R,herrj003,R,R,7,7,3,3,0,0,0,0,0,0,0,0,0,0,0,0,0
2025,R,herrt002,L,L,88,65,13,21,2,0,2,0,8,17,0,20,2,4,0,2,0
2025,R,herrt002,L,R,106,90,24,39,6,0,3,0,10,13,2,25,4,2,0,1,0
2025,R,heuec001,R,L,11,10,3,9,0,0,2,0,3,1,0,2,0,0,0,0,0
2025,R,heuec001,R,R,10,9,1,4,0,0,1,0,1,1,0,3,0,0,0,0,0
2025,R,hickj002,R,L,143,119,37,53,8,1,2,0,16,17,1,24,1,7,0,0,0
2025,R,hickj002,R,R,171,150,43,66,7,2,4,0,21,15,0,34,5,1,3,1,1
2025,R,hillj002,R,L,61,50,14,21,2,1,1,0,11,7,0,13,0,2,0,2,0
2025,R,hillj002,R,R,68,61,13,21,3,1,1,0,9,5,0,18,2,1,0,1,0
2025,R,hillr001,L,L,11,9,1,2,1,0,0,0,1,2,0,2,0,0,0,0,0
2025,R,hillr001,L,R,32,26,8,14,0,0,2,0,6,6,0,2,0,0,0,0,0
2025,R,hillt002,L,L,134,127,23,28,2,0,1,0,15,7,1,27,3,0,0,0,0
2025,R,hillt002,L,R,135,124,35,63,7,0,7,0,18,9,2,10,5,0,0,1,1
2025,R,hiray002,R,L,40,33,9,21,0,0,4,1,9,6,0,12,1,0,1,0,0
2025,R,hiray002,R,R,44,41,8,11,3,0,0,0,5,3,0,9,0,0,0,0,0
2025,R,hjels001,R,L,34,28,12,19,4,0,1,0,6,6,2,3,0,0,0,0,0
2025,R,hjels001,R,R,39,34,9,14,2,0,1,0,7,3,0,8,1,0,1,1,0
2025,R,hodgp001,R,L,61,53,12,23,0,1,3,0,6,8,1,16,1,0,0,0,0
2025,R,hodgp001,R,R,86,74,22,46,4,1,6,1,19,10,0,24,3,0,0,2,0
2025,R,hoeib001,R,L,15,14,2,2,0,0,0,0,0,1,0,2,1,0,0,0,0
2025,R,hoeib001,R,R,21,18,7,11,2,1,0,0,3,2,0,3,0,0,0,1,0
2025,R,hoffa001,R,L,24,19,4,8,1,0,1,0,3,5,0,3,1,0,0,0,0
2025,R,hoffa001,R,R,37,32,10,17,4,0,1,0,8,5,0,9,0,0,0,0,0
2025,R,hoffj003,R,L,145,126,28,62,10,0,8,0,20,14,1,43,0,3,1,1,0
2025,R,hoffj003,R,R,142,127,26,51,4,0,7,1,21,13,0,41,1,1,1,0,0
2025,R,hoffn001,R,L,5,5,2,4,2,0,0,0,1,0,0,2,0,0,0,0,0
2025,R,hoffn001,R,R,2,1,1,1,0,0,0,0,1,1,0,0,0,0,0,0,0
2025,R,hoglg001,R,L,70,66,17,31,2,0,4,0,9,4,0,14,2,0,0,0,0
2025,R,hoglg001,R,R,69,61,21,43,4,0,6,0,9,7,0,9,2,0,0,1,0
2025,R,holdc001,R,L,45,35,10,16,3,0,1,0,4,8,1,8,2,0,1,1,0
2025,R,holdc001,R,R,80,69,24,37,4,0,3,0,18,8,0,10,3,2,0,1,0
2025,R,hollg002,R,L,18,16,4,8,1,0,1,0,3,2,0,4,0,0,0,0,0
2025,R,hollg002,R,R,25,20,5,5,0,0,0,0,2,5,0,6,1,0,0,0,0
2025,R,holmc001,R,L,376,323,72,115,14,1,9,0,32,44,0,66,3,6,1,2,0
2025,R,holmc001,R,R,332,299,78,104,11,0,5,0,27,22,0,63,11,7,0,3,1
2025,R,holmg001,R,L,250,219,52,85,10,1,7,0,20,29,1,50,5,1,0,1,0
2025,R,holmg001,R,R,242,207,48,80,5,0,9,0,28,25,0,73,6,6,1,3,0
2025,R,holmg002,R,L,43,39,10,14,1,0,1,0,2,4,0,7,1,0,0,0,0
2025,R,holmg002,R,R,60,54,16,24,2,0,2,1,13,5,0,10,1,1,0,0,0
2025,R,holtt002,L,L,139,129,24,38,2,0,4,0,12,6,0,34,3,0,2,2,0
2025,R,holtt002,L,R,173,158,41,79,5,0,11,0,20,11,1,30,5,0,2,2,0
2025,R,hornb002,L,L,26,22,8,12,1,0,1,0,6,4,0,4,1,0,0,0,0
2025,R,hornb002,L,R,24,21,3,3,0,0,0,0,0,3,0,6,0,0,0,0,0
2025,R,hortc001,R,L,248,227,57,82,8,1,5,0,19,17,0,46,3,1,0,3,0
2025,R,hortc001,R,R,228,206,38,62,9,0,5,0,16,16,0,51,2,5,0,0,1
2025,R,houct001,R,L,115,98,37,63,5,0,7,0,22,12,0,17,0,4,0,1,0
2025,R,houct001,R,R,88,81,20,32,3,0,3,0,12,5,0,15,5,1,0,1,0
2025,R,housa001,R,L,261,226,62,103,9,4,8,0,21,27,0,47,5,4,0,4,0
2025,R,housa001,R,R,257,241,60,77,11,0,2,0,25,11,0,45,13,4,1,0,0
2025,R,hudsb001,L,L,29,24,8,16,2,0,2,0,4,5,0,4,0,0,0,0,0
2025,R,hudsb001,L,R,46,35,7,9,2,0,0,0,3,8,2,15,1,2,1,0,0
2025,R,hummc001,R,L,4,4,3,6,0,0,1,0,3,0,0,0,0,0,0,0,0
2025,R,hummc001,R,R,5,4,2,3,1,0,0,0,1,0,0,0,0,1,0,0,0
2025,R,hurtb001,L,L,117,95,19,22,3,0,0,0,6,12,0,27,4,8,2,0,0
2025,R,hurtb001,L,R,160,141,38,55,5,0,4,1,20,15,3,41,4,3,0,1,0
2025,R,igler001,R,L,141,130,27,43,7,0,3,1,16,9,0,37,1,1,0,1,0
2025,R,igler001,R,R,125,117,24,44,5,0,5,0,13,7,2,36,2,1,0,0,0
2025,R,imans001,L,L,145,133,29,47,4,1,4,0,15,10,0,34,0,1,0,1,0
2025,R,imans001,L,R,422,404,88,185,16,0,27,0,43,16,0,83,6,0,1,1,0
2025,R,irvij001,R,L,450,406,116,225,25,3,26,0,74,37,0,67,5,5,0,2,0
2025,R,irvij001,R,R,337,311,79,128,13,0,12,0,36,25,0,57,14,1,0,0,0
2025,R,jacka002,R,L,2,1,1,2,1,0,0,0,1,1,0,0,0,0,0,0,0
2025,R,jacka002,R,R,6,4,2,3,1,0,0,0,2,1,0,0,0,0,0,1,0
2025,R,jackl001,R,L,95,79,20,29,3,0,2,0,8,13,4,13,2,0,1,2,0
2025,R,jackl001,R,R,124,103,21,28,1,0,2,0,17,15,1,25,4,3,2,1,0
2025,R,jacoa001,R,L,57,51,14,22,2,0,2,1,9,4,0,5,0,0,0,2,0
2025,R,jacoa001,R,R,96,80,22,39,5,0,4,1,16,10,0,18,3,6,0,0,0
2025,R,jamed003,R,L,8,7,2,3,1,0,0,0,1,1,0,0,1,0,0,0,0
2025,R,jamed003,R,R,5,3,2,3,1,0,0,0,1,2,0,0,0,0,0,0,0
2025,R,jankt001,R,L,2,0,0,0,0,0,0,0,1,0,0,0,0,1,0,1,0
2025,R,jankt001,R,R,4,3,2,2,0,0,0,0,1,1,0,0,1,0,0,0,0
2025,R,jansk001,R,L,124,106,23,43,3,1,5,0,11,16,2,24,2,0,1,1,0
2025,R,jansk001,R,R,110,106,14,25,2,0,3,0,7,3,0,33,1,1,0,0,0
2025,R,jarvb001,R,L,52,46,11,15,4,0,0,0,1,5,0,9,1,0,0,1,0
2025,R,jarvb001,R,R,46,40,12,25,4,0,3,0,12,5,0,12,0,1,0,0,0
2025,R,javic001,R,L,82,73,18,27,4,1,1,0,10,7,0,19,0,1,0,1,0
2025,R,javic001,R,R,75,66,14,23,3,0,2,0,9,8,0,15,0,0,0,1,0
2025,R,jax-g001,R,L,146,133,39,62,9,1,4,0,15,11,3,46,0,1,1,0,0
2025,R,jax-g001,R,R,137,124,25,37,3,0,3,0,12,10,0,53,4,0,1,1,1
2025,R,jobej001,R,L,104,90,18,36,4,1,4,0,11,11,0,19,0,0,2,1,0
2025,R,jobej001,R,R,114,95,28,42,5,0,3,0,13,16,0,20,2,2,0,1,0
2025,R,johnp001,R,L,110,94,24,41,3,1,4,0,10,16,2,19,2,0,0,0,0
2025,R,johnp001,R,R,128,121,28,45,5,0,4,0,15,3,0,40,2,1,0,3,0
2025,R,johnr010,R,L,25,22,10,20,1,0,3,0,9,2,1,2,1,0,0,1,0
2025,R,johnr010,R,R,47,44,14,17,0,0,1,0,3,3,0,14,0,0,0,0,0
2025,R,johns003,R,L,26,22,4,11,1,0,2,0,5,4,0,10,0,0,0,0,0
2025,R,johns003,R,R,28,28,7,12,2,0,1,0,5,0,0,7,0,0,0,0,0
2025,R,joycb001,R,L,13,12,3,5,0,1,0,0,1,1,0,1,0,0,0,0,0
2025,R,joycb001,R,R,7,7,2,6,1,0,1,0,2,0,0,0,0,0,0,0,0
2025,R,junij001,R,L,107,97,23,35,2,2,2,0,9,9,1,17,2,1,0,0,0
2025,R,junij001,R,R,167,152,41,59,9,0,3,0,17,9,1,38,4,3,1,2,0
2025,R,junkj001,R,L,235,218,64,100,16,1,6,0,27,10,0,36,6,3,0,4,0
2025,R,junkj001,R,R,212,203,48,67,13,0,2,0,21,3,0,41,4,1,1,4,0
2025,R,kahnt001,R,L,144,127,30,56,6,1,6,0,22,17,0,22,4,0,0,0,0
2025,R,kahnt001,R,R,123,108,21,31,2,1,2,0,9,14,0,28,2,1,0,0,0
2025,R,kavan001,R,L,3,2,0,0,0,0,0,0,0,1,0,1,0,0,0,0,0
2025,R,kavan001,R,R,6,6,3,3,0,0,0,0,0,0,0,0,0,0,0,0,0
2025,R,kellb003,R,L,123,112,25,31,3,0,1,0,9,9,0,32,2,2,0,0,0
2025,R,kellb003,R,R,153,135,20,30,1,0,3,0,9,13,0,43,6,4,1,0,0
2025,R,kellc001,R,L,1,1,0,0,0,0,0,0,0,0,0,0,0,0,0,0,0
2025,R,kellc001,R,R,5,4,1,1,0,0,0,0,0,1,0,0,1,0,0,0,0
2025,R,kellk004,R,L,74,69,19,41,2,1,6,0,18,4,1,18,1,0,0,1,0
2025,R,kellk004,R,R,97,91,26,48,5,1,5,0,16,5,0,17,2,0,0,1,0
2025,R,kellm002,R,L,399,369,82,158,19,3,17,0,43,29,0,81,5,1,0,0,0
2025,R,kellm002,R,R,349,327,75,109,16,0,6,0,30,19,0,86,5,1,1,1,0
2025,R,kellm003,R,L,376,341,92,154,21,1,13,0,49,33,0,69,4,2,0,0,0
2025,R,kellm003,R,R,373,345,79,124,19,1,8,0,33,18,0,81,6,8,0,1,1
2025,R,kellm004,R,L,66,56,12,20,2,0,2,0,5,9,2,11,0,1,0,0,0
2025,R,kellm004,R,R,100,87,20,34,5,0,3,0,9,10,1,18,8,0,2,1,0
2025,R,kellz001,R,L,70,60,13,18,5,0,0,0,5,6,1,11,2,2,1,1,0
2025,R,kellz001,R,R,82,74,22,35,4,0,3,0,12,6,0,24,1,1,1,0,0
2025,R,kentz001,R,L,42,36,10,14,1,0,1,0,6,6,0,10,1,0,0,0,0
2025,R,kentz001,R,R,34,31,7,8,1,0,0,0,2,2,0,6,1,1,0,0,0
2025,R,kerko001,R,L,108,91,23,36,4,0,3,0,16,13,2,25,0,1,0,3,0
2025,R,kerko001,R,R,158,140,32,48,7,0,3,0,23,14,1,40,4,3,0,1,0
2025,R,kersc001,L,L,94,86,23,33,5,1,1,0,8,7,0,16,2,1,0,0,0
2025,R,kersc001,L,R,369,334,79,119,17,1,7,0,35,28,0,68,12,1,2,4,0
2025,R,kikuy001,L,L,158,143,36,46,7,0,1,0,8,13,0,44,3,2,0,0,0
2025,R,kikuy001,L,R,614,546,144,243,28,1,23,1,70,61,3,130,10,1,0,6,0
2025,R,kimbc001,R,L,20,16,5,11,0,0,2,0,4,4,0,6,0,0,0,0,0
2025,R,kimbc001,R,R,29,26,5,5,0,0,0,0,0,3,0,11,0,0,0,0,0
2025,R,kinei001,R,L,1,1,0,0,0,0,0,0,0,0,0,0,0,0,0,0,0
2025,R,kinei001,R,R,1,1,0,0,0,0,0,0,0,0,0,0,0,0,0,0,0
2025,R,kingb001,L,L,79,72,22,35,4,0,3,0,8,5,0,16,0,1,0,1,0
2025,R,kingb001,L,R,196,186,38,62,3,0,7,0,13,6,0,53,4,3,0,1,0
2025,R,kingj002,L,L,103,99,25,38,4,0,3,0,15,2,0,13,1,0,1,1,0
2025,R,kingj002,L,R,119,107,40,58,3,0,5,0,16,12,0,15,4,0,0,0,0
2025,R,kingm002,R,L,173,156,37,63,8,0,6,0,17,16,0,46,2,1,0,0,0
2025,R,kingm002,R,R,135,121,25,47,4,0,6,0,11,10,0,30,3,3,0,1,0
2025,R,kings001,R,L,5,5,4,11,1,0,2,0,6,0,0,1,0,0,0,0,0
2025,R,kings001,R,R,13,13,8,8,0,0,0,0,2,0,0,0,0,0,0,0,0
2025,R,kinlt001,R,L,145,124,25,42,5,0,4,1,20,17,2,34,0,3,0,1,0
2025,R,kinlt001,R,R,163,146,28,40,6,0,2,0,16,16,2,39,1,0,0,1,0
2025,R,kirbg001,R,L,284,258,68,106,11,0,9,0,32,20,0,73,3,3,0,3,0
2025,R,kirbg001,R,R,240,222,53,82,9,1,6,0,28,9,0,64,6,4,0,5,0
2025,R,kitta001,R,L,93,89,17,29,2,2,2,0,10,3,1,29,2,0,0,1,0
2025,R,kitta001,R,R,115,105,24,43,4,0,5,0,15,8,0,35,3,0,1,1,0
2025,R,kleiw001,R,L,40,35,6,8,2,0,0,0,5,3,0,14,1,1,0,1,0
2025,R,kleiw001,R,R,30,22,8,10,2,0,0,0,1,7,0,7,0,1,0,0,0
2025,R,knacl001,R,L,102,88,19,32,5,1,2,0,7,12,0,31,1,0,0,2,0
2025,R,knacl001,R,R,83,74,21,47,2,0,8,0,16,7,0,11,1,2,0,0,0
2025,R,kochj001,R,L,305,265,82,142,7,1,17,0,56,35,4,44,13,2,0,3,0
2025,R,kochj001,R,R,207,175,54,73,7,0,4,0,23,23,0,28,5,5,0,4,0
2025,R,koenj001,L,L,107,98,21,28,5,1,0,0,9,5,0,28,1,2,1,1,0
2025,R,koenj001,L,R,161,143,36,60,6,0,6,0,18,15,1,40,6,2,1,0,0
2025,R,koles001,R,L,251,223,51,85,11,1,7,0,27,23,1,48,5,1,0,3,1
2025,R,koles001,R,R,210,194,47,57,2,1,2,0,15,8,0,29,14,6,0,2,0
2025,R,kopem001,R,L,22,16,0,0,0,0,0,0,0,6,0,5,0,0,0,0,0
2025,R,kopem001,R,R,31,24,6,6,0,0,0,0,1,7,0,7,0,0,0,0,0
2025,R,kossc001,R,L,8,8,1,1,0,0,0,0,0,0,0,0,0,0,0,0,0
2025,R,kossc001,R,R,8,8,3,3,0,0,0,0,0,0,0,0,0,0,0,0,0
2025,R,kowaj001,R,L,43,39,8,16,2,0,2,0,2,3,0,9,0,1,0,0,0
2025,R,kowaj001,R,R,28,24,6,12,0,0,2,0,6,4,0,6,1,0,0,0,0
2025,R,kranm001,R,L,81,78,18,34,4,0,4,0,10,3,0,16,0,0,0,0,0
2025,R,kranm001,R,R,67,64,16,20,1,0,1,0,12,2,0,9,0,0,0,1,0
2025,R,kremd001,R,L,381,354,88,155,19,3,14,0,41,24,0,74,8,1,0,2,0
2025,R,kremd001,R,R,327,302,75,112,13,0,8,0,38,21,0,68,5,1,0,2,1
2025,R,krisb001,R,L,41,36,12,17,5,0,0,0,10,4,0,8,0,0,0,1,0
2025,R,krisb001,R,R,47,36,8,15,4,0,1,0,6,11,1,10,0,0,0,0,0
2025,R,kroom002,L,L,5,4,1,2,1,0,0,0,0,0,0,1,0,0,1,0,0
2025,R,kroom002,L,R,10,9,4,5,1,0,0,0,2,1,0,2,1,0,0,0,0
2025,R,langa001,R,L,2,1,0,0,0,0,0,0,0,1,0,1,0,0,0,0,0
2025,R,langa001,R,R,4,4,2,2,0,0,0,0,0,0,0,0,0,0,0,0,0
2025,R,lao-s001,R,L,23,22,6,15,3,0,2,0,4,1,0,2,0,0,0,0,0
2025,R,lao-s001,R,R,26,24,8,9,1,0,0,0,2,1,0,7,1,1,0,0,0
2025,R,laraa001,R,L,30,25,7,8,1,0,0,0,4,5,0,6,1,0,0,0,0
2025,R,laraa001,R,R,48,42,20,30,4,0,2,0,9,3,0,4,0,1,1,1,0
2025,R,lasoj001,L,L,13,13,7,13,0,0,2,0,2,0,0,2,0,0,0,0,0
2025,R,lasoj001,L,R,20,18,6,14,2,0,2,0,7,2,0,0,2,0,0,0,0
2025,R,latzj001,L,L,117,106,18,32,3,1,3,0,11,10,0,23,2,0,0,1,0
2025,R,latzj001,L,R,231,204,51,78,11,2,4,0,18,27,2,53,7,0,0,0,0
2025,R,lauee001,L,L,130,124,29,47,5,2,3,0,10,6,1,27,2,0,0,0,0
2025,R,lauee001,L,R,296,272,61,114,17,0,12,0,23,20,0,75,2,2,1,1,0
2025,R,lawec001,R,L,18,18,3,3,0,0,0,0,0,0,0,5,1,0,0,0,0
2025,R,lawec001,R,R,8,6,1,1,0,0,0,0,2,0,0,2,0,0,1,1,0
2025,R,lawrc001,R,L,33,32,10,14,1,0,1,0,9,0,0,3,0,0,0,1,0
2025,R,lawrc001,R,R,47,45,16,24,5,0,1,0,5,1,0,4,2,1,0,0,0
2025,R,lawrj002,R,L,30,22,3,6,3,0,0,0,0,6,2,9,0,2,0,0,0
2025,R,lawrj002,R,R,39,37,6,7,1,0,0,0,2,2,0,14,2,0,0,0,0
2025,R,lazam001,R,L,78,73,19,33,5,0,3,0,9,5,0,15,3,0,0,0,0
2025,R,lazam001,R,R,92,84,22,38,4,0,4,0,12,7,0,11,1,0,0,1,0
2025,R,leahk001,R,L,163,143,36,52,7,0,3,1,15,19,1,37,6,0,0,1,0
2025,R,leahk001,R,R,200,185,44,59,9,0,2,0,20,9,0,43,3,1,0,5,0
2025,R,leasj001,R,L,108,94,21,50,5,0,8,0,14,14,1,32,0,0,0,0,0
2025,R,leasj001,R,R,161,143,28,51,9,1,4,0,21,16,0,49,4,1,0,1,0
2025,R,leclj001,R,L,20,16,4,7,0,0,1,0,3,4,0,3,0,0,0,0,0
2025,R,leclj001,R,R,26,25,9,19,2,1,2,0,5,1,0,5,0,0,0,0,0
2025,R,lee-c005,R,L,63,57,11,19,3,1,1,0,7,5,1,14,1,0,0,1,0
2025,R,lee-c005,R,R,85,77,21,45,4,1,6,0,15,4,0,22,3,2,0,2,0
2025,R,lee-d005,L,L,119,110,22,39,2,0,5,0,10,7,0,35,4,0,1,1,0
2025,R,lee-d005,L,R,147,139,31,60,5,0,8,0,17,7,1,41,0,0,1,0,0
2025,R,lee-k002,R,L,8,8,2,4,2,0,0,0,0,0,0,0,0,0,0,0,0
2025,R,lee-k002,R,R,6,4,2,2,0,0,0,0,1,2,0,0,0,0,0,0,0
2025,R,leguc001,R,L,101,87,20,37,5,0,4,0,16,14,1,23,3,0,0,0,0
2025,R,leguc001,R,R,118,103,27,40,4,0,3,0,17,11,1,32,3,2,1,1,0
2025,R,leitj001,R,L,327,290,53,93,10,0,10,1,27,35,0,79,2,1,1,0,0
2025,R,leitj001,R,R,319,281,74,113,15,0,8,0,28,32,0,69,6,4,0,2,0
2025,R,leitm002,R,L,121,108,29,38,4,1,1,0,14,10,0,42,0,2,0,1,0
2025,R,leitm002,R,R,98,89,28,46,6,0,4,2,21,7,0,12,5,2,0,0,0
2025,R,libem001,L,L,133,117,32,48,7,0,3,0,10,13,0,29,1,1,1,1,0
2025,R,libem001,L,R,515,476,126,203,25,2,16,0,56,27,0,93,7,3,2,7,0
2025,R,littb002,L,L,139,118,23,35,5,2,1,0,12,18,0,45,1,1,1,1,0
2025,R,littb002,L,R,156,127,25,32,4,0,1,0,15,27,4,46,4,1,0,1,0
2025,R,littj001,R,L,5,5,3,5,0,1,0,0,1,0,0,0,0,0,0,0,0
2025,R,littj001,R,R,9,7,1,1,0,0,0,0,1,1,0,2,1,1,0,0,0
2025,R,littl001,L,L,6,2,0,0,0,0,0,0,0,4,0,2,0,0,0,0,0
2025,R,littl001,L,R,9,6,1,1,0,0,0,0,1,2,0,2,0,0,1,0,0
2025,R,littz001,R,L,354,332,79,144,15,1,16,0,34,17,1,63,7,1,0,2,2
2025,R,littz001,R,R,405,380,95,173,18,0,20,0,46,15,0,67,8,6,0,3,1
2025,R,liveb001,R,L,90,79,19,36,5,0,4,0,9,11,0,14,1,0,0,0,0
2025,R,liveb001,R,R,88,84,19,28,3,0,2,0,5,4,0,15,4,0,0,0,0
2025,R,loaij001,R,L,51,46,14,27,4,0,3,0,9,5,2,8,0,0,0,0,0
2025,R,loaij001,R,R,84,75,20,36,4,0,4,0,14,5,1,17,2,3,0,0,1
2025,R,lodon001,L,L,144,128,38,54,5,1,3,0,17,9,0,28,0,4,1,2,0
2025,R,lodon001,L,R,498,464,100,175,18,0,19,1,42,22,1,128,6,9,3,0,0
2025,R,longs002,L,L,75,67,22,34,3,0,3,0,17,7,0,14,0,1,0,0,0
2025,R,longs002,L,R,114,98,26,43,5,0,4,0,15,15,1,19,4,1,0,0,0
2025,R,lopej004,R,L,52,45,13,19,1,1,1,0,10,5,0,6,0,2,0,0,0
2025,R,lopej004,R,R,54,49,12,15,1,1,0,0,8,2,0,11,2,1,0,2,0
2025,R,lopej007,L,L,85,74,16,23,4,0,1,0,5,6,0,25,0,3,2,0,0
2025,R,lopej007,L,R,314,278,65,119,10,1,14,0,33,31,0,88,2,5,0,0,0
2025,R,lopen001,R,R,2,1,0,0,0,0,0,0,0,1,0,0,0,0,0,0,0
2025,R,lopep002,R,L,176,162,44,61,6,1,3,0,11,12,0,37,1,1,0,1,0
2025,R,lopep002,R,R,136,123,20,36,7,0,3,0,14,8,0,36,2,3,0,2,0
2025,R,loper003,R,L,14,12,5,5,0,0,0,0,0,2,0,0,0,0,0,0,0
2025,R,loper003,R,R,11,11,4,8,1,0,1,0,3,0,0,1,0,0,0,0,0
2025,R,lordb001,R,L,271,241,65,121,13,2,13,1,39,27,0,65,4,1,1,1,0
2025,R,lordb001,R,R,275,253,61,84,9,1,4,0,23,16,0,43,9,2,2,2,0
2025,R,lorem002,R,L,310,284,76,130,15,3,11,0,35,21,0,64,2,2,0,3,0
2025,R,lorem002,R,R,296,273,73,132,15,1,14,0,34,18,0,63,7,4,0,1,0
2025,R,loutr001,R,L,29,24,8,13,0,1,1,0,8,4,0,5,0,1,0,0,0
2025,R,loutr001,R,R,39,33,12,22,1,0,3,0,12,4,0,3,0,1,0,1,0
2025,R,lover001,L,L,29,22,5,7,2,0,0,0,2,3,0,5,0,3,0,1,0
2025,R,lover001,L,R,28,23,7,18,2,0,3,0,9,3,0,7,1,1,0,1,0
2025,R,lucae002,L,L,27,20,3,3,0,0,0,0,2,5,0,9,0,0,0,2,0
2025,R,lucae002,L,R,81,72,22,41,4,0,5,0,16,7,0,14,3,0,0,2,0
2025,R,luccj001,L,L,83,73,16,22,3,0,1,0,6,7,1,16,1,1,2,0,0
2025,R,luccj001,L,R,82,76,19,35,5,1,3,0,10,5,0,15,1,1,0,0,0
2025,R,lugos001,R,L,362,324,88,166,13,1,21,1,43,31,1,67,2,6,0,1,0
2025,R,lugos001,R,R,249,222,45,73,10,0,6,0,23,24,0,58,7,0,3,0,0
2025,R,luzaj001,L,L,173,166,34,46,6,0,2,0,8,7,0,68,3,0,0,0,0
2025,R,luzaj001,L,R,585,530,133,202,27,0,14,1,64,50,0,148,7,3,0,2,0
2025,R,lyncd001,L,L,124,107,28,40,3,0,3,0,8,11,1,22,2,5,1,0,0
2025,R,lyncd001,L,R,165,147,38,62,9,0,5,0,12,15,0,23,4,1,1,1,0
2025,R,maciw001,R,L,3,3,1,1,0,0,0,0,0,0,0,0,0,0,0,0,0
2025,R,maciw001,R,R,7,7,3,4,1,0,0,0,0,0,0,0,0,0,0,0,0
2025,R,maedk001,R,L,16,14,4,8,1,0,1,0,3,2,0,4,0,0,0,0,0
2025,R,maedk001,R,R,27,19,5,7,2,0,0,0,2,4,0,4,0,3,0,0,1
2025,R,mahlt001,R,L,151,140,25,39,5,0,3,0,7,10,0,35,3,0,0,1,0
2025,R,mahlt001,R,R,195,176,44,59,7,1,2,0,11,19,0,31,5,0,0,0,0
2025,R,maill001,R,L,4,3,0,0,0,0,0,0,0,1,0,0,0,0,0,0,0
2025,R,malda001,R,L,8,5,1,1,0,0,0,0,0,3,1,1,0,0,0,0,0
2025,R,malda001,R,R,25,23,9,21,3,0,3,0,9,2,0,6,0,0,0,0,0
2025,R,manas001,L,L,69,66,17,24,2,1,1,0,4,0,0,17,0,2,1,0,0
2025,R,manas001,L,R,194,175,45,90,9,0,12,0,28,12,0,58,1,5,1,1,0
2025,R,mantj002,L,L,26,25,12,27,3,0,4,0,14,1,0,4,0,0,0,0,0
2025,R,mantj002,L,R,32,29,14,18,1,0,1,0,4,2,1,4,0,1,0,0,0
2025,R,marir001,R,L,12,10,2,2,0,0,0,0,0,2,0,3,0,0,0,0,0
2025,R,marir001,R,R,30,27,4,4,0,0,0,0,1,2,0,9,0,0,0,1,0
2025,R,marqg001,R,L,304,267,83,143,16,4,12,0,44,31,1,44,5,3,0,2,1
2025,R,marqg001,R,R,287,263,85,146,24,2,11,0,45,17,0,39,5,3,1,2,1
2025,R,martc007,R,L,70,62,17,25,2,0,2,0,5,7,2,15,3,0,0,1,0
2025,R,martc007,R,R,104,102,26,39,1,0,4,0,14,1,1,28,3,1,0,0,0
2025,R,martc009,R,L,43,38,9,18,1,1,2,0,6,4,0,10,0,1,0,0,0
2025,R,martc009,R,R,46,38,13,23,4,0,2,0,9,5,0,13,0,1,2,0,0
2025,R,martd006,R,L,307,271,69,121,16,0,12,0,35,30,0,47,10,2,0,3,1
2025,R,martd006,R,R,294,270,67,110,13,3,8,0,26,18,1,57,7,4,0,2,0
2025,R,martj011,R,L,37,28,2,3,1,0,0,0,2,9,0,16,1,0,0,0,0
2025,R,martj011,R,R,30,24,5,9,1,0,1,0,4,3,1,6,1,3,0,0,0
2025,R,martn002,R,L,311,283,69,119,18,1,10,0,35,22,0,65,2,2,1,3,0
2025,R,martn002,R,R,372,338,89,151,26,0,12,0,40,20,1,51,8,4,4,6,0
2025,R,marts003,R,L,17,14,2,6,1,0,1,0,2,2,0,4,0,0,0,1,0
2025,R,marts003,R,R,10,8,2,5,0,0,1,0,5,1,0,0,0,0,0,1,0
2025,R,mastm001,R,L,3,2,0,0,0,0,0,0,0,1,0,0,0,0,0,0,0
2025,R,mastm001,R,R,3,2,1,1,0,0,0,0,0,1,0,0,0,0,0,0,0
2025,R,matej003,R,L,2,1,1,1,0,0,0,0,0,1,0,0,0,0,0,0,0
2025,R,matej003,R,R,9,7,4,7,0,0,1,1,5,1,0,0,0,1,0,0,0
2025,R,matop002,R,L,110,93,21,30,6,0,1,0,12,14,2,37,0,1,1,1,0
2025,R,matop002,R,R,138,121,21,33,6,0,2,0,13,9,0,44,5,6,1,1,0
2025,R,matsy001,L,L,114,99,26,49,3,1,6,0,15,14,0,27,0,0,1,0,0
2025,R,matsy001,L,R,158,134,27,48,7,1,4,0,19,19,2,34,4,1,0,4,0
2025,R,matti001,R,L,92,75,20,33,7,0,2,0,9,14,1,18,1,1,2,0,0
2025,R,matti001,R,R,106,97,15,21,0,0,2,0,9,5,1,27,1,1,0,3,0
2025,R,mattz001,R,L,176,158,50,86,9,0,9,0,30,14,0,45,2,0,1,3,0
2025,R,mattz001,R,R,178,165,44,59,6,0,3,0,14,10,0,43,3,0,1,2,0
2025,R,matzs001,L,L,129,123,26,42,3,2,3,0,19,3,0,23,4,2,1,0,0
2025,R,matzs001,L,R,180,170,47,74,10,1,5,0,17,8,0,36,3,0,0,1,1
2025,R,matzt001,L,L,15,12,6,7,1,0,0,0,3,3,0,1,0,0,0,0,0
2025,R,matzt001,L,R,20,17,5,8,3,0,0,0,3,2,0,6,0,0,0,1,0
2025,R,maxwz001,R,L,15,14,2,5,1,1,0,0,0,1,0,7,0,0,0,0,0
2025,R,maxwz001,R,R,28,25,8,18,1,0,3,0,5,3,0,6,1,0,0,0,0
2025,R,may-d003,R,L,334,287,75,142,12,5,15,0,41,40,3,82,7,4,1,2,0
2025,R,may-d003,R,R,250,223,57,86,9,1,6,0,27,16,0,41,5,8,1,2,0
2025,R,mayzt001,L,L,27,25,5,6,1,0,0,0,0,2,0,9,1,0,0,0,0
2025,R,mayzt001,L,R,47,41,12,21,3,0,2,0,9,3,0,6,0,2,0,1,0
2025,R,mazua001,R,L,80,72,20,36,4,0,4,0,15,7,0,9,2,1,0,0,0
2025,R,mazua001,R,R,59,53,13,17,4,0,0,0,5,5,0,10,0,0,0,1,0
2025,R,mccad002,R,L,5,5,0,0,0,0,0,0,0,0,0,1,0,0,0,0,0
2025,R,mccad002,R,R,18,17,5,6,1,0,0,0,1,1,0,5,0,0,0,0,0
2025,R,mccoc001,L,L,5,3,0,0,0,0,0,0,1,1,0,0,0,1,0,0,0
2025,R,mccoc001,L,R,10,8,3,3,0,0,0,0,1,1,0,1,1,1,0,0,0
2025,R,mccul002,R,L,129,108,25,39,5,0,3,0,24,18,0,31,0,3,0,0,0
2025,R,mccul002,R,R,145,119,36,66,7,1,7,0,16,21,0,30,2,4,0,0,1
2025,R,mcdag001,L,L,19,15,4,5,1,0,0,0,0,4,0,4,1,0,0,0,0
2025,R,mcdag001,L,R,31,26,9,16,1,0,2,1,10,4,0,2,2,1,0,0,0
2025,R,mcdec001,R,L,24,18,5,14,0,0,3,0,6,6,0,5,0,0,0,0,0
2025,R,mcdec001,R,R,27,18,7,9,2,0,0,0,7,6,0,4,0,1,1,1,0
2025,R,mcdot001,R,L,24,21,7,7,0,0,0,0,3,2,0,4,0,0,1,0,0
2025,R,mcdot001,R,R,36,36,6,10,1,0,1,0,3,0,0,10,1,0,0,0,0
2025,R,mcfat001,L,L,30,28,11,16,3,1,0,0,5,1,0,5,0,1,0,0,0
2025,R,mcfat001,L,R,44,41,15,26,1,2,2,0,12,2,0,2,3,0,0,1,0
2025,R,mcgee001,R,L,37,34,10,17,4,0,1,0,6,3,1,8,0,0,0,0,0
2025,R,mcgee001,R,R,25,22,5,5,0,0,0,0,3,2,0,5,2,0,0,1,0
2025,R,mcgos001,R,L,39,32,7,12,2,0,1,0,7,6,0,11,0,1,0,0,0
2025,R,mcgos001,R,R,36,35,11,24,4,0,3,0,5,1,0,5,0,0,0,0,0
2025,R,mcgrm001,R,L,190,173,55,94,8,2,9,0,27,14,0,27,0,1,0,2,0
2025,R,mcgrm001,R,R,210,200,45,65,7,2,3,0,20,6,0,31,10,2,2,0,0
2025,R,mcgur002,R,L,2,2,1,1,0,0,0,0,0,0,0,0,0,0,0,0,0
2025,R,mcgur002,R,R,4,3,1,4,0,0,1,0,1,1,0,0,0,0,0,0,0
2025,R,mcket001,R,L,14,11,4,8,1,0,1,0,3,3,0,0,0,0,0,0,0
2025,R,mcket001,R,R,16,11,3,4,1,0,0,0,4,4,0,4,0,0,0,1,0
2025,R,mckiz001,R,R,1,1,0,0,0,0,0,0,0,0,0,0,0,0,0,0,0
2025,R,mclen001,R,L,104,90,16,18,2,0,0,0,3,13,0,33,1,1,0,0,0
2025,R,mclen001,R,R,84,80,18,32,2,0,4,0,8,3,0,24,3,1,0,0,0
2025,R,mearn001,R,L,95,84,18,35,2,0,5,0,15,6,1,16,3,0,1,4,0
2025,R,mearn001,R,R,126,113,24,38,4,2,2,0,17,7,0,30,0,1,0,5,0
2025,R,medev001,R,L,45,36,10,26,2,1,4,1,11,8,0,8,1,1,0,0,0
2025,R,medev001,R,R,36,29,8,12,0,2,0,0,3,4,0,6,1,2,0,1,0
2025,R,megit001,R,L,103,91,17,24,4,0,1,0,12,11,2,34,1,0,0,1,0
2025,R,megit001,R,R,89,81,19,32,7,0,2,0,8,6,1,26,1,0,0,2,0
2025,R,megit002,R,L,149,122,27,39,6,0,2,0,13,20,0,40,1,4,1,2,0
2025,R,megit002,R,R,156,139,33,51,4,1,4,0,19,13,0,49,1,3,0,1,0
2025,R,mejij003,R,L,126,105,28,45,6,1,3,0,18,17,1,20,3,2,1,1,0
2025,R,mejij003,R,R,135,121,24,42,7,1,3,0,16,8,0,48,2,4,0,2,0
2025,R,meltt001,R,L,96,85,17,32,3,0,4,1,12,10,0,14,3,0,0,1,0
2025,R,meltt001,R,R,84,77,14,24,1,0,3,0,3,5,0,22,0,1,1,0,0
2025,R,menac001,R,L,14,13,1,1,0,0,0,0,0,1,0,6,0,0,0,0,0
2025,R,menac001,R,R,12,10,2,5,0,0,1,0,1,2,0,2,0,0,0,0,0
2025,R,mercm002,R,L,9,7,4,7,0,0,1,0,3,2,0,2,0,0,0,0,0
2025,R,mercm002,R,R,11,8,3,3,0,0,0,0,2,2,0,2,0,0,0,1,0
2025,R,merrj001,R,L,41,35,10,15,0,1,1,0,6,6,1,10,1,0,0,0,0
2025,R,merrj001,R,R,47,41,13,21,5,0,1,0,8,5,1,5,1,0,0,1,0
2025,R,messp001,L,L,44,43,11,15,1,0,1,0,1,1,0,9,2,0,0,0,0
2025,R,messp001,L,R,121,116,35,50,6,0,3,0,8,5,0,29,2,0,0,0,0
2025,R,mey-l001,R,L,41,32,6,7,1,0,0,0,3,9,0,11,0,0,0,0,0
2025,R,mey-l001,R,R,55,45,11,21,1,0,3,0,9,8,0,10,1,1,0,1,0
2025,R,meyem001,R,L,143,131,31,51,5,0,5,0,14,9,0,38,1,1,0,2,0
2025,R,meyem001,R,R,142,130,41,69,7,0,7,0,22,11,0,30,1,1,0,0,0
2025,R,mikom001,R,L,364,337,91,167,21,2,17,0,51,21,1,53,5,3,0,3,0
2025,R,mikom001,R,R,305,285,78,139,21,2,12,0,29,16,0,47,4,0,2,2,0
2025,R,milew001,L,L,16,15,2,2,0,0,0,0,0,0,0,2,1,0,0,0,1
2025,R,milew001,L,R,39,32,13,24,2,0,3,0,9,6,0,5,1,1,0,0,0
2025,R,millb004,R,L,171,151,39,80,9,1,10,0,20,18,0,30,2,0,0,2,0
2025,R,millb004,R,R,221,197,54,88,13,0,7,0,31,16,0,44,3,3,1,3,1
2025,R,millb005,R,L,15,14,5,12,1,0,2,1,6,1,1,4,0,0,0,0,0
2025,R,millb005,R,R,13,11,6,7,1,0,0,0,1,1,0,3,0,1,0,0,0
2025,R,mille002,L,L,48,37,8,8,0,0,0,0,4,7,0,11,2,2,1,1,0
2025,R,mille002,L,R,80,64,16,21,5,0,0,0,4,13,4,11,4,1,1,1,0
2025,R,millm004,R,L,102,80,13,28,1,1,4,1,12,18,2,39,3,1,2,1,0
2025,R,millm004,R,R,132,122,15,22,2,1,1,0,10,10,0,65,4,0,0,0,0
2025,R,mills001,R,L,93,79,11,24,1,0,4,0,11,11,3,30,1,1,0,2,0
2025,R,mills001,R,R,93,85,22,29,4,0,1,0,8,4,1,24,2,3,0,1,0
2025,R,milnh001,L,L,125,120,25,36,5,0,2,0,17,3,1,27,5,0,1,1,0
2025,R,milnh001,L,R,168,146,43,65,9,2,3,0,19,18,2,31,4,2,0,2,0
2025,R,minta001,L,L,18,17,3,4,1,0,0,0,1,1,0,5,0,0,0,0,0
2025,R,minta001,L,R,26,22,3,3,0,0,0,0,1,4,0,9,0,0,0,0,0
2025,R,misia001,L,L,10,6,2,5,0,0,1,0,1,4,0,1,0,0,0,0,0
2025,R,misia001,L,R,13,13,3,6,0,0,1,0,3,0,0,4,0,0,0,0,0
2025,R,misij001,R,L,140,122,27,50,5,0,6,1,19,17,0,54,2,1,0,0,0
2025,R,misij001,R,R,133,117,24,36,4,1,2,0,11,14,0,33,5,2,0,0,0
2025,R,mizec001,R,L,339,317,85,134,17,4,8,0,32,18,1,79,3,1,0,3,0
2025,R,mizec001,R,R,288,264,68,120,13,0,13,0,32,18,0,60,4,2,1,3,0
2025,R,mlodc001,R,L,206,190,47,72,11,1,4,0,19,11,0,45,3,2,3,0,0
2025,R,mlodc001,R,R,213,195,55,78,9,1,4,0,16,16,0,44,6,2,0,0,0
2025,R,molia001,R,L,77,70,28,57,5,0,8,0,16,5,0,9,2,0,0,0,2
2025,R,molia001,R,R,83,78,24,39,3,0,4,1,12,1,0,15,2,2,1,1,0
2025,R,molls001,L,L,47,41,7,15,2,0,2,0,5,5,0,18,0,0,1,0,0
2025,R,molls001,L,R,34,29,9,18,3,0,2,0,8,5,0,4,1,0,0,0,0
2025,R,montc003,R,L,4,4,0,0,0,0,0,0,0,0,0,1,0,0,0,0,0
2025,R,montc003,R,R,5,4,0,0,0,0,0,0,0,1,0,1,0,0,0,0,0
2025,R,montf001,R,L,89,81,25,50,7,0,6,0,16,7,0,14,1,0,1,0,0
2025,R,montf001,R,R,89,80,23,36,7,0,2,0,9,7,0,18,2,1,0,1,0
2025,R,montk001,R,L,187,163,46,85,7,1,10,0,23,23,0,26,4,0,1,0,0
2025,R,montk001,R,R,202,192,49,73,6,0,6,0,18,8,0,46,3,2,0,0,0
2025,R,montm003,L,L,80,68,14,22,5,0,1,0,16,11,0,24,0,0,0,1,0
2025,R,montm003,L,R,129,109,35,55,5,0,5,0,19,16,0,39,4,1,2,1,0
2025,R,montp001,L,L,9,9,5,6,1,0,0,0,3,0,0,2,0,0,0,0,0
2025,R,montp001,L,R,11,10,4,5,1,0,0,0,1,1,0,2,1,0,0,0,0
2025,R,montr004,R,L,108,91,17,30,4,0,3,0,10,17,2,20,3,0,0,0,0
2025,R,montr004,R,R,145,124,25,38,7,0,2,0,16,20,0,38,3,0,0,1,0
2025,R,moraj003,L,L,9,6,2,4,0,1,0,0,1,3,0,0,0,0,0,0,0
2025,R,moraj003,L,R,11,11,3,3,0,0,0,0,1,0,0,5,0,0,0,0,0
2025,R,moral001,R,L,100,90,20,32,4,1,2,0,8,8,0,20,0,1,0,1,0
2025,R,moral001,R,R,99,89,18,39,1,1,6,0,9,10,0,23,1,0,0,0,0
2025,R,morea001,L,L,122,115,17,18,1,0,0,0,10,3,0,34,3,0,3,1,0
2025,R,morea001,L,R,164,148,32,44,4,1,2,0,10,14,3,36,3,0,2,0,0
2025,R,mored002,R,L,31,25,7,8,1,0,0,0,4,5,1,9,1,0,0,1,0
2025,R,mored002,R,R,37,35,9,16,1,0,2,0,5,2,0,10,1,0,0,0,0
2025,R,morgd001,R,L,74,58,13,17,4,0,0,0,6,14,1,13,2,2,0,0,0
2025,R,morgd001,R,R,119,110,22,38,2,1,4,0,12,9,0,37,5,0,0,0,0
2025,R,morge001,R,L,18,17,6,13,4,0,1,0,6,1,0,3,0,0,0,0,0
2025,R,morge001,R,R,17,15,6,13,1,0,2,0,5,2,1,1,1,0,0,0,0
2025,R,morij002,R,L,67,53,14,19,3,1,0,0,7,12,0,19,2,1,0,1,0
2025,R,morij002,R,R,85,75,24,36,4,1,2,0,19,8,0,17,5,0,2,0,0
2025,R,mortc002,R,L,344,280,72,124,16,3,10,1,41,43,2,85,3,11,3,6,1
2025,R,mortc002,R,R,310,277,80,134,15,0,13,0,43,29,0,64,7,3,0,0,1
2025,R,munoa002,R,L,119,100,15,21,3,0,1,0,8,15,2,40,2,1,2,1,0
2025,R,munoa002,R,R,135,116,21,27,3,0,1,0,9,13,1,43,1,3,0,2,1
2025,R,munor001,R,L,20,16,3,9,0,0,2,0,6,2,0,6,0,0,1,1,0
2025,R,munor001,R,R,31,24,6,14,2,0,2,0,5,7,0,8,0,0,0,0,0
2025,R,munor002,R,L,10,9,2,5,0,0,1,0,3,1,0,4,0,0,0,0,0
2025,R,munor002,R,R,11,5,2,2,0,0,0,0,1,4,0,1,1,2,0,0,0
2025,R,murdn001,R,L,31,22,7,9,2,0,0,0,4,7,3,7,1,1,0,1,0
2025,R,murdn001,R,R,67,53,19,25,6,0,0,0,18,13,0,14,0,1,0,0,0
2025,R,murfp001,R,L,19,17,5,9,1,0,1,0,6,1,0,6,0,1,0,0,0
2025,R,murfp001,R,R,44,40,14,23,3,0,2,0,9,4,0,7,0,0,0,0,0
2025,R,murpc001,L,L,54,46,9,13,1,0,1,0,4,7,0,13,1,1,0,0,0
2025,R,murpc001,L,R,94,76,12,22,1,0,3,1,9,13,1,17,2,4,0,1,0
2025,R,murrj001,R,L,19,18,3,3,0,0,0,0,1,1,0,2,0,0,0,0,0
2025,R,murrj001,R,R,28,26,7,7,0,0,0,0,2,2,0,6,0,0,0,0,0
2025,R,myert001,R,L,96,84,23,31,5,0,1,0,8,9,0,17,1,1,0,2,0
2025,R,myert001,R,R,124,117,31,49,4,1,4,0,10,6,0,21,2,1,0,0,0
2025,R,nanct001,R,L,44,40,9,11,2,0,0,0,5,3,0,15,3,1,0,0,0
2025,R,nanct001,R,R,82,77,16,16,0,0,0,0,4,4,0,17,2,0,0,1,0
2025,R,nelsk001,L,L,4,3,1,4,0,0,1,0,1,1,0,1,0,0,0,0,0
2025,R,nelsk001,L,R,7,4,0,0,0,0,0,0,0,3,0,1,0,0,0,0,0
2025,R,nelsr003,R,L,285,262,50,81,6,5,5,1,19,20,0,54,4,3,0,0,0
2025,R,nelsr003,R,R,334,310,74,137,19,4,12,0,37,21,0,78,8,1,0,2,0
2025,R,nerih001,R,L,66,57,15,31,4,0,4,0,12,8,0,20,0,0,1,0,0
2025,R,nerih001,R,R,58,47,14,25,5,0,2,0,8,8,1,15,1,1,1,1,0
2025,R,newcs001,L,L,121,106,24,34,7,0,1,0,11,11,0,26,2,2,1,1,0
2025,R,newcs001,L,R,270,244,70,91,9,0,4,0,30,20,2,65,11,3,1,1,1
2025,R,newmk001,R,L,7,7,1,2,1,0,0,0,0,0,0,0,0,0,0,0,0
2025,R,newmk001,R,R,9,9,3,10,1,0,2,0,3,0,0,0,0,0,0,0,0
2025,R,nicok001,R,L,70,57,12,18,4,1,0,0,3,11,0,17,1,2,0,0,0
2025,R,nicok001,R,R,97,89,22,34,3,0,3,0,16,7,0,17,2,0,0,1,0
2025,R,nidot001,R,L,3,2,0,0,0,0,0,0,1,0,0,0,0,0,0,1,0
2025,R,nidot001,R,R,3,2,0,0,0,0,0,0,0,0,0,0,0,1,0,0,0
2025,R,nikhd001,L,L,7,6,3,6,1,1,0,0,3,1,0,2,0,0,0,0,0
2025,R,nikhd001,L,R,16,11,2,3,1,0,0,0,2,5,0,3,0,0,0,0,0
2025,R,nolaa001,R,L,250,226,61,118,11,2,14,0,41,21,0,55,2,3,0,0,0
2025,R,nolaa001,R,R,154,145,38,60,8,1,4,0,15,7,0,42,3,1,1,0,0
2025,R,nolaa002,R,L,3,1,1,1,0,0,0,0,2,0,0,0,0,0,0,2,0
2025,R,nolaa002,R,R,8,8,7,17,4,0,2,0,6,0,0,0,0,0,0,0,0
2025,R,nuned003,R,L,19,13,2,5,0,0,1,0,2,6,0,3,0,0,0,0,0
2025,R,nuned003,R,R,22,22,4,7,3,0,0,0,2,0,0,8,0,0,0,0,0
2025,R,nunee003,R,L,27,21,8,16,2,0,2,0,8,5,0,5,0,1,0,0,0
2025,R,nunee003,R,R,33,24,5,8,1,1,0,0,6,6,0,6,2,2,0,1,0
2025,R,oberb002,R,L,330,310,85,149,13,0,17,0,41,16,0,54,3,2,0,2,0
2025,R,oberb002,R,R,294,269,74,137,24,0,13,0,42,15,0,66,6,3,2,5,0
2025,R,obrir001,R,L,85,70,11,15,4,0,0,0,6,9,2,27,3,4,1,1,0
2025,R,obrir001,R,R,114,98,22,31,1,1,2,0,7,13,0,18,3,3,0,0,0
2025,R,ogass001,L,L,74,62,16,30,2,0,4,0,13,8,0,14,0,1,0,3,0
2025,R,ogass001,L,R,99,87,27,48,6,0,5,0,19,9,0,16,4,2,0,1,0
2025,R,ohl-p001,R,L,75,72,19,29,4,0,2,0,9,3,0,12,0,0,0,0,0
2025,R,ohl-p001,R,R,58,54,19,34,4,1,3,0,12,4,0,15,2,0,0,0,0
2025,R,ohtas001,R,L,83,78,14,16,2,0,0,0,3,4,0,32,1,0,0,1,0
2025,R,ohtas001,R,R,105,98,26,39,4,0,3,0,10,5,0,30,2,0,0,2,0
2025,R,okers001,L,L,108,98,18,31,4,0,3,0,13,5,0,33,1,1,1,3,0
2025,R,okers001,L,R,168,150,27,40,4,0,3,1,15,14,1,51,3,1,2,1,0
2025,R,olsor001,R,L,131,116,24,37,4,0,3,0,7,10,2,31,1,4,1,0,0
2025,R,olsor001,R,R,154,138,34,48,8,0,2,0,12,15,0,34,6,1,0,0,0
2025,R,ort-k001,R,L,74,63,16,33,2,0,5,0,14,9,0,16,0,0,0,1,1
2025,R,ort-k001,R,R,120,101,19,32,4,0,3,0,9,18,1,33,6,0,0,0,1
2025,R,ortil003,R,L,198,171,38,74,9,0,9,1,26,26,0,50,3,0,0,1,0
2025,R,ortil003,R,R,184,166,42,56,3,1,3,0,16,16,0,46,6,1,0,1,0
2025,R,orzee001,R,L,94,83,18,28,2,1,2,0,9,11,1,20,1,0,0,0,0
2025,R,orzee001,R,R,84,73,20,31,5,0,2,0,10,8,0,20,1,3,0,0,0
2025,R,otanm001,R,L,8,5,0,0,0,0,0,0,0,2,0,2,0,1,0,0,0
2025,R,otanm001,R,R,20,17,7,16,1,1,2,0,6,3,0,4,1,0,0,0,0
2025,R,ottaa001,R,L,3,1,0,0,0,0,0,0,0,2,0,1,0,0,0,0,0
2025,R,ottaa001,R,R,6,4,0,0,0,0,0,0,0,2,0,2,0,0,0,0,0
2025,R,oviej001,R,L,85,73,11,22,2,0,3,0,7,11,0,19,1,0,0,1,0
2025,R,oviej001,R,R,85,70,15,26,2,0,3,0,8,12,0,23,2,3,0,0,0
2025,R,owent001,R,L,6,4,1,1,0,0,0,0,1,2,0,0,0,0,0,0,0
2025,R,owent001,R,R,9,8,2,2,0,0,0,0,0,1,0,1,0,0,0,0,0
2025,R,paddc001,R,L,345,317,81,156,15,3,18,1,47,21,0,54,5,3,2,2,0
2025,R,paddc001,R,R,325,302,85,143,17,1,13,0,44,16,0,58,5,0,0,7,0
2025,R,pagae001,R,L,137,124,20,33,4,0,3,0,7,12,0,45,0,1,0,0,0
2025,R,pagae001,R,R,133,120,21,49,7,0,7,0,17,10,0,36,0,1,0,2,0
2025,R,paled001,R,L,106,91,22,43,3,3,4,0,13,14,1,29,0,0,0,1,0
2025,R,paled001,R,R,109,105,22,28,3,0,1,0,5,2,0,32,6,2,0,0,0
2025,R,palij001,L,L,1,1,0,0,0,0,0,0,0,0,0,0,0,0,0,0,0
2025,R,palij001,L,R,5,5,3,4,1,0,0,0,2,0,0,0,0,0,0,0,0
2025,R,palla001,R,L,347,316,84,137,19,2,10,0,47,30,0,60,6,0,0,1,0
2025,R,palla001,R,R,368,324,89,139,13,2,11,0,48,32,0,51,6,5,2,4,1
2025,R,palmc001,L,L,47,38,14,27,2,1,3,0,7,7,0,12,0,1,1,0,0
2025,R,palmc001,L,R,128,102,31,59,7,0,7,0,26,18,0,15,0,2,0,6,0
2025,R,parkm001,L,L,187,163,44,74,6,3,6,0,27,19,0,24,2,1,1,3,0
2025,R,parkm001,L,R,538,490,134,230,37,1,19,0,77,39,0,79,11,3,0,6,0
2025,R,patrc001,R,L,237,210,56,80,15,0,3,0,16,22,0,56,2,3,1,1,0
2025,R,patrc001,R,R,266,245,57,96,9,0,10,0,28,18,1,71,4,1,1,1,0
2025,R,payaj001,R,L,48,40,18,40,5,4,3,0,14,5,1,9,0,1,0,2,0
2025,R,payaj001,R,R,69,63,13,20,4,0,1,0,8,4,0,15,3,1,0,1,0
2025,R,pearn001,R,L,33,25,10,18,2,0,2,0,8,5,0,1,1,0,0,3,0
2025,R,pearn001,R,R,42,36,12,14,2,0,0,0,6,5,1,6,0,1,0,0,0
2025,R,pegue001,R,L,19,16,6,7,1,0,0,0,4,3,0,5,0,0,0,0,0
2025,R,pegue001,R,R,28,24,6,10,1,0,1,0,4,3,0,3,0,1,0,0,0
2025,R,peguj003,R,L,33,28,10,18,2,0,2,0,8,4,1,3,1,0,0,1,0
2025,R,peguj003,R,R,53,48,5,6,1,0,0,0,2,4,0,14,1,0,1,0,0
2025,R,pepir001,R,L,318,280,49,94,13,1,10,0,29,33,0,89,5,2,1,2,0
2025,R,pepir001,R,R,361,327,85,151,14,2,16,0,42,28,0,78,8,4,1,1,0
2025,R,peraf001,R,L,369,323,66,102,12,0,8,0,22,41,0,92,3,3,1,1,0
2025,R,peraf001,R,R,354,320,58,108,11,0,13,0,23,25,0,112,5,6,2,0,1
2025,R,peral001,L,L,46,37,13,20,1,0,2,0,6,8,0,5,0,1,0,0,0
2025,R,peral001,L,R,55,43,13,27,2,0,4,0,12,10,0,11,2,1,0,1,0
2025,R,perao002,R,L,6,6,3,3,0,0,0,0,1,0,0,0,0,0,0,0,0
2025,R,perao002,R,R,10,9,6,10,1,0,1,0,7,0,0,0,1,1,0,0,0
2025,R,peras001,L,L,18,15,4,5,1,0,0,0,4,2,0,6,0,0,0,1,0
2025,R,peras001,L,R,34,29,10,13,3,0,0,0,8,4,3,2,0,0,0,1,0
2025,R,peraw002,L,L,133,118,28,48,4,2,4,1,24,12,0,30,2,2,1,0,0
2025,R,peraw002,L,R,180,159,38,50,9,0,1,0,16,18,3,33,2,0,1,2,0
2025,R,perda001,L,L,6,3,1,1,0,0,0,0,0,2,0,0,0,1,0,0,0
2025,R,perda001,L,R,10,9,1,1,0,0,0,0,1,1,0,2,0,0,0,0,0
2025,R,perec004,L,L,43,34,9,11,2,0,0,0,7,6,0,9,2,1,2,0,0
2025,R,perec004,L,R,67,53,19,32,4,0,3,0,16,12,1,12,3,1,0,1,0
2025,R,peree004,R,L,218,197,37,68,6,2,7,0,25,19,0,60,1,1,0,1,0
2025,R,peree004,R,R,167,152,31,57,11,0,5,0,15,13,0,45,1,2,0,0,0
2025,R,perej004,R,L,10,9,4,8,1,0,1,0,3,0,0,2,0,0,0,1,0
2025,R,perej004,R,R,10,8,5,8,3,0,0,0,4,2,0,1,0,0,0,0,0
2025,R,perem004,L,L,57,55,8,14,3,0,1,0,4,2,0,14,2,0,0,0,0
2025,R,perem004,L,R,171,147,32,56,7,1,5,0,17,20,0,30,4,2,0,2,0
2025,R,perkj001,R,L,83,73,15,26,5,0,2,0,11,7,0,22,2,2,0,1,0
2025,R,perkj001,R,R,78,67,12,19,1,0,2,0,7,11,0,15,1,0,0,0,0
2025,R,peted003,L,L,162,149,34,43,6,0,1,0,16,6,0,48,2,4,2,1,0
2025,R,peted003,L,R,561,494,132,195,29,2,10,1,60,59,1,102,18,3,2,2,1
2025,R,petem001,R,L,37,33,8,18,1,0,3,0,8,4,2,8,0,0,0,0,0
2025,R,petem001,R,R,42,38,10,12,2,0,0,0,3,3,0,9,1,0,1,0,0
2025,R,pettc002,R,L,13,11,2,2,0,0,0,0,1,2,0,4,0,0,0,0,0
2025,R,pettc002,R,R,27,20,12,24,3,0,3,0,10,6,0,3,1,1,0,0,0
2025,R,pfaab001,R,L,416,377,101,170,25,1,14,0,53,22,2,74,1,11,1,4,1
2025,R,pfaab001,R,R,351,333,97,163,26,2,12,1,48,15,0,73,9,1,0,2,0
2025,R,philc001,R,L,41,33,6,14,2,0,2,1,6,7,0,14,0,1,0,0,0
2025,R,philc001,R,R,57,50,5,9,1,0,1,0,2,5,0,18,1,1,0,1,0
2025,R,phile001,R,L,7,5,1,1,0,0,0,0,0,2,0,1,0,0,0,0,0
2025,R,phile001,R,R,15,15,3,3,0,0,0,0,0,0,0,5,0,0,0,0,0
2025,R,philt002,R,L,151,133,26,42,7,0,3,0,14,18,0,24,5,0,0,0,0
2025,R,philt002,R,R,162,154,39,59,3,1,5,0,11,6,0,28,6,2,0,0,0
2025,R,pilkk001,L,L,48,42,11,27,1,0,5,0,8,6,0,12,0,0,0,0,0
2025,R,pilkk001,L,R,75,60,11,21,4,0,2,0,9,11,0,22,1,2,0,2,0
2025,R,pinar001,R,L,8,7,2,3,1,0,0,0,2,1,0,0,0,0,0,0,0
2025,R,pinar001,R,R,6,6,3,6,0,0,1,0,2,0,0,1,0,0,0,0,0
2025,R,pintj002,R,L,4,2,1,1,0,0,0,0,0,2,0,0,0,0,0,0,0
2025,R,pintj002,R,R,2,2,1,1,0,0,0,0,2,0,0,1,0,0,0,0,0
2025,R,piven001,R,L,354,324,60,95,12,1,7,0,21,27,1,93,1,0,1,2,0
2025,R,piven001,R,R,367,336,69,123,7,1,15,0,36,23,0,97,5,3,1,4,0
2025,R,pochc001,L,L,28,23,8,15,2,1,1,0,8,5,0,7,1,0,0,0,0
2025,R,pochc001,L,R,24,13,4,6,2,0,0,0,10,9,0,4,0,0,0,2,0
2025,R,pomed001,L,L,80,74,13,15,2,0,0,0,1,5,0,28,1,1,0,0,0
2025,R,pomed001,L,R,123,107,25,40,0,0,5,0,17,10,1,29,2,4,1,1,0
2025,R,pop-z001,R,L,17,16,7,20,1,0,4,0,7,1,0,2,0,0,0,0,0
2025,R,pop-z001,R,R,22,20,8,11,3,0,0,0,4,1,0,1,0,1,0,0,0
2025,R,popea001,R,L,4,3,1,1,0,0,0,0,0,1,0,0,0,0,0,0,0
2025,R,popea001,R,R,5,5,1,1,0,0,0,0,0,0,0,1,0,0,0,0,0
2025,R,portl001,R,L,2,2,1,1,0,0,0,0,0,0,0,0,0,0,0,0,0
2025,R,portl001,R,R,3,3,1,4,0,0,1,0,1,0,0,0,0,0,0,0,0
2025,R,potec001,R,L,8,7,2,4,0,1,0,0,2,1,0,1,0,0,0,0,0
2025,R,potec001,R,R,8,7,4,6,2,0,0,0,4,1,0,0,0,0,0,0,0
2025,R,poulp001,L,L,43,37,9,16,1,0,2,0,5,6,0,15,2,0,0,0,0
2025,R,poulp001,L,R,67,56,14,15,1,0,0,0,10,7,0,12,1,2,0,2,0
2025,R,povic001,L,L,116,104,30,52,4,3,4,0,16,10,0,32,1,0,0,2,0
2025,R,povic001,L,R,372,335,95,152,16,1,13,0,47,33,2,86,13,1,1,2,0
2025,R,presr001,R,L,94,83,24,36,3,0,3,0,8,9,0,16,4,0,1,0,1
2025,R,presr001,R,R,88,77,22,36,5,0,3,1,13,8,0,12,3,2,1,0,0
2025,R,prieq001,R,L,303,269,67,109,17,2,7,1,25,30,0,58,7,3,1,0,0
2025,R,prieq001,R,R,350,324,78,128,17,0,11,0,29,20,0,74,11,3,1,2,0
2025,R,puk-a001,L,L,13,13,3,7,1,0,1,0,1,0,0,6,0,0,0,0,0
2025,R,puk-a001,L,R,22,19,5,10,2,0,1,0,4,2,0,6,0,1,0,0,0
2025,R,quanc001,R,L,230,209,48,84,10,1,8,0,25,20,0,50,5,1,0,0,0
2025,R,quanc001,R,R,283,263,88,159,19,5,14,1,49,15,0,35,5,4,0,1,0
2025,R,quijj001,L,L,3,2,0,0,0,0,0,0,0,1,0,1,0,0,0,0,0
2025,R,quijj001,L,R,5,4,1,1,0,0,0,0,0,1,0,2,0,0,0,0,0
2025,R,quinj001,L,L,134,118,26,47,3,0,6,0,23,13,0,30,3,2,0,1,0
2025,R,quinj001,L,R,422,379,94,143,13,0,12,1,38,37,0,59,9,3,1,2,0
2025,R,ragac001,L,L,71,60,14,19,3,1,0,0,5,8,0,20,0,2,1,0,0
2025,R,ragac001,L,R,186,172,39,70,10,0,7,0,22,12,0,78,1,0,0,2,0
2025,R,ragsc001,R,L,12,12,4,7,3,0,0,0,5,0,0,1,0,0,0,0,0
2025,R,ragsc001,R,R,13,12,6,10,1,0,1,0,3,1,0,3,0,0,0,0,0
2025,R,raint003,R,L,24,21,4,6,2,0,0,0,2,2,0,5,0,1,0,0,0
2025,R,raint003,R,R,23,14,4,4,0,0,0,0,3,7,0,6,0,0,1,1,0
2025,R,raleb001,L,L,33,29,3,4,1,0,0,0,4,3,0,10,0,1,0,0,0
2025,R,raleb001,L,R,66,62,11,15,4,0,0,0,3,3,0,15,0,1,0,0,0
2025,R,ramie004,R,L,25,23,8,12,1,0,1,0,1,2,1,4,1,0,0,0,0
2025,R,ramie004,R,R,17,16,2,5,0,0,1,0,3,0,0,1,2,0,0,1,0
2025,R,ramiy002,R,L,58,46,12,19,1,0,2,0,8,9,1,17,0,2,0,1,0
2025,R,ramiy002,R,R,97,88,21,34,7,0,2,0,10,7,0,28,1,2,0,0,0
2025,R,ranga001,R,L,23,19,3,3,0,0,0,0,0,4,0,4,0,0,0,0,0
2025,R,ranga001,R,R,23,21,7,13,3,0,1,0,2,2,0,4,2,0,0,0,0
2025,R,raqun001,L,L,4,3,0,0,0,0,0,0,0,1,0,1,0,0,0,0,0
2025,R,raqun001,L,R,3,3,0,0,0,0,0,0,0,0,0,0,0,0,0,0,0
2025,R,rasht001,R,L,31,29,4,5,1,0,0,0,5,2,0,10,0,0,0,0,0
2025,R,rasht001,R,R,41,35,12,15,3,0,0,0,3,6,0,12,0,0,0,0,0
2025,R,rasmd002,R,L,322,294,67,109,9,0,11,0,25,22,1,78,5,4,1,1,0
2025,R,rasmd002,R,R,263,247,49,75,5,0,7,0,21,15,0,49,11,1,0,0,0
2025,R,ray-r002,L,L,175,154,29,49,8,0,4,0,16,17,0,38,1,3,1,0,0
2025,R,ray-r002,L,R,580,517,119,208,31,2,18,0,57,56,0,148,7,1,0,6,0
2025,R,rea-c001,R,L,348,308,90,153,19,1,14,0,45,32,0,66,4,1,3,4,0
2025,R,rea-c001,R,R,314,293,65,95,10,1,6,0,22,12,0,61,7,5,1,3,0
2025,R,reyep001,R,L,4,4,3,7,1,0,1,0,3,0,0,0,0,0,0,0,0
2025,R,reyep001,R,R,4,4,2,3,1,0,0,0,0,0,0,0,0,0,0,0,0
2025,R,reyns002,R,L,48,37,8,17,0,0,3,0,4,10,0,12,0,1,0,0,0
2025,R,reyns002,R,R,69,60,12,19,4,0,1,0,8,7,0,13,3,2,0,0,0
2025,R,ribao001,R,L,51,42,12,20,2,0,2,0,10,9,0,10,0,0,0,0,0
2025,R,ribao001,R,R,69,59,16,31,3,0,4,0,9,8,0,15,1,1,0,1,0
2025,R,richl001,R,L,69,60,18,28,4,0,2,0,10,8,3,11,3,1,0,0,0
2025,R,richl001,R,R,103,85,19,26,7,0,0,0,13,13,1,19,1,1,0,4,0
2025,R,richt001,R,L,11,9,4,4,0,0,0,0,1,1,0,0,0,0,0,1,0
2025,R,richt001,R,R,18,16,7,9,2,0,0,0,2,1,0,5,0,0,1,0,0
2025,R,rival002,R,L,3,2,2,2,0,0,0,0,0,1,0,0,0,0,0,0,0
2025,R,rival002,R,R,3,3,1,1,0,0,0,0,0,0,0,0,1,0,0,0,0
2025,R,rivee001,R,L,4,3,3,6,0,0,1,1,5,1,0,0,0,0,0,0,0
2025,R,rivee001,R,R,9,8,5,9,4,0,0,0,3,1,0,0,0,0,0,0,0
2025,R,roa-c001,R,L,6,5,1,2,1,0,0,0,0,1,0,0,1,0,0,0,0
2025,R,roa-c001,R,R,6,4,0,0,0,0,0,0,0,2,0,3,0,0,0,0,0
2025,R,robed002,R,L,36,32,10,17,1,0,2,0,5,4,1,10,0,0,0,0,0
2025,R,robed002,R,R,42,38,8,17,3,0,2,0,3,4,0,12,0,0,0,0,0
2025,R,robed005,R,L,27,24,2,2,0,0,0,0,1,3,0,6,1,0,0,0,0
2025,R,robed005,R,R,32,25,9,18,1,1,2,0,5,7,0,9,0,0,0,0,0
2025,R,robee001,R,L,17,14,4,11,1,0,2,0,5,1,0,2,0,1,0,1,0
2025,R,robee001,R,R,22,21,6,11,2,0,1,0,6,1,0,4,0,0,0,0,0
2025,R,rockj002,L,L,17,14,4,4,0,0,0,0,0,1,0,5,0,2,0,0,0
2025,R,rockj002,L,R,18,17,3,6,0,0,1,0,2,1,0,6,0,0,0,0,0
2025,R,rockk001,R,L,158,138,44,72,8,1,6,0,23,15,0,25,2,2,0,3,0
2025,R,rockk001,R,R,129,118,27,50,4,2,5,0,13,8,0,31,2,2,1,0,0
2025,R,rodoc001,L,L,176,158,28,45,2,0,5,1,12,13,0,51,2,4,1,0,0
2025,R,rodoc001,L,R,613,543,104,180,25,0,17,0,50,60,0,152,10,5,2,3,0
2025,R,rodrb001,R,L,11,10,0,0,0,0,0,0,0,1,1,5,0,0,0,0,0
2025,R,rodrb001,R,R,20,15,4,5,1,0,0,0,2,2,0,4,2,3,0,0,0
2025,R,rodrc003,R,L,22,19,6,9,3,0,0,0,3,3,0,6,0,0,0,0,0
2025,R,rodrc003,R,R,28,22,7,12,2,0,1,0,3,6,0,5,1,0,0,0,0
2025,R,rodre004,L,L,151,142,43,68,11,1,4,0,25,7,0,29,0,0,1,1,0
2025,R,rodre004,L,R,543,481,135,228,26,2,21,0,60,53,2,114,8,1,3,4,1
2025,R,rodre005,R,L,31,30,9,18,3,0,2,0,6,1,0,8,0,0,0,0,0
2025,R,rodre005,R,R,59,52,17,40,2,0,7,0,15,6,0,10,1,1,0,0,0
2025,R,rodrm001,R,L,42,37,8,9,1,0,0,0,7,2,0,8,2,1,1,1,0
2025,R,rodrm001,R,R,79,75,18,26,2,0,2,0,7,4,0,17,2,0,0,0,0
2025,R,rodrr010,R,L,104,94,12,19,1,0,2,0,6,7,0,38,2,3,0,0,0
2025,R,rodrr010,R,R,94,88,22,33,5,0,2,0,16,4,0,29,1,1,0,1,0
2025,R,rodry003,R,L,122,96,22,35,2,1,3,0,11,23,2,16,3,3,0,0,0
2025,R,rodry003,R,R,176,159,28,48,5,0,5,0,12,11,1,50,4,3,2,1,0
2025,R,rogej004,R,L,9,8,3,3,0,0,0,0,0,0,0,0,1,1,0,0,0
2025,R,rogej004,R,R,7,6,2,3,1,0,0,0,1,0,0,0,0,0,0,1,0
2025,R,roget001,L,L,105,88,20,36,7,0,3,0,20,14,0,30,0,1,1,1,0
2025,R,roget001,L,R,116,102,27,47,6,1,4,0,16,9,2,23,4,2,0,3,0
2025,R,roget002,R,L,144,135,31,43,3,0,3,0,12,6,0,17,1,1,0,1,1
2025,R,roget002,R,R,155,153,35,44,4,1,1,0,14,1,0,31,3,0,0,1,0
2025,R,roget003,L,L,78,69,11,14,1,1,0,0,3,6,0,23,2,0,2,1,0
2025,R,roget003,L,R,345,319,59,88,7,2,6,0,18,23,0,80,7,2,0,1,0
2025,R,rojam002,R,L,12,11,5,11,3,0,1,0,4,1,0,0,1,0,0,0,0
2025,R,rojam002,R,R,16,14,6,12,0,0,2,0,3,1,0,0,0,1,0,0,0
2025,R,rolir001,L,L,82,73,20,34,3,1,3,0,11,9,0,11,3,0,0,0,0
2025,R,rolir001,L,R,111,97,35,62,3,0,8,0,21,11,0,14,5,0,1,2,0
2025,R,romaj004,R,L,83,75,19,37,3,0,5,0,18,6,1,27,0,1,0,1,0
2025,R,romaj004,R,R,104,88,26,47,6,0,5,2,22,11,0,20,2,2,0,3,0
2025,R,romej002,L,L,104,90,19,22,3,0,0,0,8,9,0,27,1,1,2,1,1
2025,R,romej002,L,R,151,127,28,40,6,0,2,0,10,20,5,28,5,1,1,2,0
2025,R,roonj001,L,L,4,3,0,0,0,0,0,0,0,1,0,2,0,0,0,0,0
2025,R,roonj001,L,R,2,2,1,4,0,0,1,0,1,0,0,0,0,0,0,0,0
2025,R,rosaa003,R,L,3,3,1,1,0,0,0,0,1,0,0,0,0,0,0,0,0
2025,R,rosaa003,R,R,7,5,4,7,0,0,1,0,3,2,0,0,0,0,0,0,0
2025,R,rossj002,R,L,99,85,24,44,8,0,4,0,15,11,1,14,0,1,1,1,0
2025,R,rossj002,R,R,129,117,33,56,9,1,4,0,15,7,0,25,2,2,0,3,0
2025,R,roupl001,R,L,257,222,58,87,14,0,5,0,21,30,1,48,3,2,1,2,0
2025,R,roupl001,R,R,219,200,55,82,9,0,6,0,20,15,0,54,3,1,1,2,0
2025,R,roycc001,R,L,37,30,10,16,4,1,0,0,6,5,0,7,0,1,0,1,0
2025,R,roycc001,R,R,64,55,16,28,4,1,2,1,18,7,1,8,0,0,1,1,0
2025,R,ruizj001,R,L,29,26,8,14,3,0,1,0,9,1,0,8,0,0,0,2,0
2025,R,ruizj001,R,R,50,42,15,25,4,0,2,0,10,8,0,7,0,0,0,0,0
2025,R,rutlj002,R,L,142,124,45,86,6,1,11,0,32,13,0,18,1,3,0,2,0
2025,R,rutlj002,R,R,188,169,42,65,8,0,5,0,26,11,0,47,5,4,1,3,0
2025,R,ryanj002,R,L,356,328,79,147,20,0,16,0,32,21,0,84,2,5,1,1,0
2025,R,ryanj002,R,R,333,305,59,101,12,0,10,0,33,18,0,110,4,7,0,3,0
2025,R,saala001,L,L,36,29,6,8,2,0,0,0,4,7,1,5,1,0,0,0,0
2025,R,saala001,L,R,77,72,13,18,2,0,1,0,9,3,0,14,1,0,0,2,0
2025,R,sabre001,L,L,54,48,5,9,1,0,1,0,2,6,0,20,1,0,0,0,0
2025,R,sabre001,L,R,67,49,9,15,3,0,1,0,3,15,0,22,1,3,0,0,0
2025,R,salac001,R,L,2,1,0,0,0,0,0,0,0,0,0,0,0,1,0,0,0
2025,R,salac001,R,R,2,2,0,0,0,0,0,0,0,0,0,0,0,0,0,0,0
2025,R,salae001,R,L,68,58,19,34,6,0,3,1,14,8,0,8,1,0,1,1,0
2025,R,salae001,R,R,82,73,28,46,4,1,4,0,21,8,0,15,3,1,0,0,0
2025,R,salec001,L,L,98,86,14,26,0,3,2,0,7,8,0,32,0,2,2,0,0
2025,R,salec001,L,R,412,377,88,132,15,1,9,0,28,24,0,133,2,9,0,2,0
2025,R,sanca009,R,L,3,2,1,2,1,0,0,0,1,0,0,0,0,0,0,1,0
2025,R,sanca009,R,R,3,3,2,3,1,0,0,0,1,0,0,1,0,0,0,0,0
2025,R,sancc002,L,L,173,159,30,37,4,0,1,0,7,8,0,48,2,4,2,0,0
2025,R,sancc002,L,R,634,595,141,205,31,0,11,0,45,36,0,164,18,2,0,1,0
2025,R,sancg002,R,L,2,2,0,0,0,0,0,0,0,0,0,0,0,0,0,0,0
2025,R,sancg002,R,R,5,3,2,6,1,0,1,0,4,1,0,0,0,1,0,0,0
2025,R,sandc001,R,L,151,132,32,51,5,1,4,0,28,11,2,26,1,3,3,2,0
2025,R,sandc001,R,R,148,137,33,54,8,2,3,0,19,8,0,38,4,1,0,2,0
2025,R,sandc002,R,L,11,10,2,5,0,0,1,0,3,1,0,2,0,0,0,0,0
2025,R,sandc002,R,R,23,19,7,11,1,0,1,0,4,4,0,2,0,0,0,0,0
2025,R,sandj003,L,L,3,1,0,0,0,0,0,0,0,1,0,1,0,1,0,0,0
2025,R,sandj003,L,R,3,2,1,4,0,0,1,0,3,1,0,1,0,0,0,0,0
2025,R,sandn001,R,L,31,26,3,4,1,0,0,0,1,4,0,9,1,1,0,0,0
2025,R,sandn001,R,R,38,33,8,15,1,0,2,0,5,4,0,7,1,1,0,0,0
2025,R,sanmr001,L,L,1,1,0,0,0,0,0,0,0,0,0,0,0,0,0,0,0
2025,R,sanmr001,L,R,7,6,2,3,1,0,0,0,0,1,1,2,0,0,0,0,0
2025,R,sanoj001,R,L,19,17,10,11,1,0,0,0,4,2,0,1,0,0,0,0,0
2025,R,sanoj001,R,R,35,32,14,28,2,0,4,0,14,3,0,0,2,0,0,0,0
2025,R,santd003,R,L,112,98,14,20,3,0,1,0,9,11,0,23,0,0,0,3,0
2025,R,santd003,R,R,158,148,30,53,5,3,4,0,11,6,0,37,2,3,0,1,0
2025,R,santg001,R,L,14,9,3,5,2,0,0,0,0,5,2,0,1,0,0,0,0
2025,R,santg001,R,R,22,18,5,6,1,0,0,0,3,3,0,0,0,0,1,0,0
2025,R,santt001,R,L,161,139,31,58,8,2,5,1,23,16,0,41,6,4,0,1,1
2025,R,santt001,R,R,140,126,22,31,3,0,2,0,9,13,0,34,3,1,0,0,0
2025,R,sasar001,R,L,85,69,14,27,1,0,4,0,7,15,0,15,0,1,0,0,0
2025,R,sasar001,R,R,76,67,16,28,4,1,2,0,9,7,0,13,1,2,0,0,0
2025,R,sauct001,L,L,33,30,8,12,1,0,1,0,9,3,0,8,0,0,0,0,0
2025,R,sauct001,L,R,33,29,11,16,2,0,1,0,4,3,0,4,0,1,0,0,0
2025,R,sauem001,R,L,58,51,19,34,4,1,3,0,10,5,0,9,0,1,0,1,0
2025,R,sauem001,R,R,71,66,16,27,2,0,3,0,11,3,0,15,4,1,0,1,0
2025,R,schem001,R,L,200,187,48,102,15,0,13,0,27,13,0,38,1,0,0,0,0
2025,R,schem001,R,R,158,145,39,63,6,0,6,0,22,10,0,44,1,2,0,1,0
2025,R,schlc001,R,L,179,158,35,49,2,0,4,0,11,21,0,52,3,0,0,0,0
2025,R,schlc001,R,R,125,109,23,41,6,0,4,0,11,10,0,32,1,5,0,1,0
2025,R,schmc002,R,L,162,139,30,59,9,1,6,0,16,20,0,40,2,1,1,1,0
2025,R,schmc002,R,R,154,143,26,40,3,1,3,0,9,10,0,33,2,0,0,1,0
2025,R,schoj002,R,L,13,12,3,3,0,0,0,0,1,1,0,4,0,0,0,0,0
2025,R,schoj002,R,R,25,22,6,9,0,0,1,0,4,2,0,8,0,0,0,1,0
2025,R,schrj001,R,L,111,103,25,47,5,1,5,0,13,7,1,19,2,1,0,0,0
2025,R,schrj001,R,R,154,141,32,54,7,0,5,0,24,12,0,43,2,0,1,0,0
2025,R,schup002,R,L,57,48,13,20,4,0,1,0,9,7,0,16,0,0,0,2,0
2025,R,schup002,R,R,53,50,14,28,5,0,3,0,9,1,0,12,0,1,0,1,0
2025,R,schws001,R,L,236,218,49,90,6,1,11,1,28,14,1,46,2,1,1,2,0
2025,R,schws001,R,R,198,192,40,60,12,1,2,0,13,4,0,62,3,1,0,1,0
2025,R,scott003,L,L,65,58,15,36,2,2,5,0,14,5,0,17,1,1,0,1,0
2025,R,scott003,L,R,173,155,39,62,5,0,6,1,21,13,2,43,5,3,1,1,0
2025,R,scott004,R,L,53,40,12,25,3,2,2,0,9,10,0,6,0,1,1,1,0
2025,R,scott004,R,R,81,71,22,40,6,0,4,0,14,8,0,18,0,0,1,1,0
2025,R,seabc001,R,L,29,24,4,7,0,0,1,0,4,4,0,6,0,0,0,1,0
2025,R,seabc001,R,R,19,17,8,9,1,0,0,0,4,2,0,4,0,0,0,0,0
2025,R,searj001,L,L,96,90,26,46,8,0,4,0,7,4,0,21,2,1,0,1,0
2025,R,searj001,L,R,487,444,117,225,28,1,26,1,66,32,0,96,6,5,3,3,0
2025,R,seiga001,R,R,4,4,1,1,0,0,0,0,0,0,0,0,0,0,0,0,0
2025,R,selbc001,R,L,34,33,11,19,2,0,2,0,5,1,0,8,0,0,0,0,0
2025,R,selbc001,R,R,26,25,5,6,1,0,0,0,1,1,0,6,0,0,0,0,0
2025,R,sengk001,R,L,264,224,53,92,12,3,7,0,21,36,0,59,5,1,0,1,2
2025,R,sengk001,R,R,218,196,41,74,12,3,5,0,18,19,0,50,6,2,0,1,0
2025,R,senza001,R,L,332,302,105,155,19,2,9,1,45,23,1,32,10,3,3,0,1
2025,R,senza001,R,R,286,252,87,148,20,1,13,0,48,24,1,41,7,5,0,5,0
2025,R,sevel001,R,L,343,300,81,120,18,0,7,0,32,28,1,58,2,11,2,2,0
2025,R,sevel001,R,R,362,330,81,125,17,0,9,0,54,22,0,66,7,5,0,5,0
2025,R,sewap001,R,L,41,36,10,17,1,0,2,0,9,4,0,11,0,0,0,1,0
2025,R,sewap001,R,R,40,37,8,16,2,0,2,0,6,2,0,9,0,0,0,1,0
2025,R,seymc001,R,L,76,69,21,34,4,0,3,0,9,6,0,10,1,0,1,0,0
2025,R,seymc001,R,R,80,72,16,35,1,0,6,0,11,7,0,16,3,1,0,0,0
2025,R,seymi001,L,L,79,73,13,24,2,0,3,0,9,5,1,22,3,1,0,0,0
2025,R,seymi001,L,R,163,144,35,47,6,0,2,1,21,14,0,42,1,2,1,2,0
2025,R,sheee001,R,L,111,97,16,30,3,1,3,0,6,13,0,34,1,1,0,0,0
2025,R,sheee001,R,R,180,168,33,54,7,1,4,0,19,9,0,55,0,1,0,2,0
2025,R,shugc001,R,L,65,54,12,23,1,2,2,0,7,10,2,6,1,0,0,1,0
2025,R,shugc001,R,R,116,106,21,39,6,0,4,0,14,7,0,25,1,1,0,2,0
2025,R,shusj001,L,L,29,26,8,8,0,0,0,0,5,1,0,2,0,1,0,1,0
2025,R,shusj001,L,R,53,48,19,27,8,0,0,0,10,4,2,10,1,1,0,0,0
2025,R,silsc001,R,L,18,13,5,9,1,0,1,0,4,4,1,3,0,1,0,0,0
2025,R,silsc001,R,R,31,28,5,6,1,0,0,0,2,2,0,10,0,0,0,1,0
2025,R,simpj001,L,L,72,58,12,25,4,0,3,0,12,11,0,17,0,2,0,0,1
2025,R,simpj001,L,R,79,67,22,31,1,1,2,0,12,11,2,19,2,1,0,0,0
2025,R,simsl001,R,L,28,16,6,13,1,0,2,0,7,7,0,3,0,5,0,0,0
2025,R,simsl001,R,R,44,35,8,12,2,1,0,0,7,7,0,10,0,2,0,0,0
2025,R,singb001,R,L,404,352,88,162,21,4,15,0,47,37,0,100,6,8,1,6,0
2025,R,singb001,R,R,312,279,62,93,15,2,4,0,27,23,0,63,7,6,1,3,0
2025,R,siske001,L,L,36,26,5,5,0,0,0,0,2,7,0,14,0,1,1,1,0
2025,R,siske001,L,R,44,40,11,18,2,1,1,0,6,3,0,11,0,1,0,0,0
2025,R,skenp001,R,L,394,362,76,121,20,2,7,0,26,28,0,124,5,3,0,1,0
2025,R,skenp001,R,R,339,322,60,89,17,0,4,0,15,14,0,92,8,3,0,0,0
2025,R,skubt001,L,L,149,145,31,39,5,0,1,0,4,2,0,45,1,2,0,0,0
2025,R,skubt001,L,R,599,561,110,186,21,2,17,1,46,31,0,196,9,3,2,2,0
2025,R,slata001,R,L,1,1,0,0,0,0,0,0,0,0,0,0,0,0,0,0,0
2025,R,slata001,R,R,2,2,1,1,0,0,0,0,0,0,0,0,0,0,0,0,0
2025,R,slatj002,R,L,60,53,10,13,0,0,1,0,7,7,1,10,2,0,0,0,0
2025,R,slatj002,R,R,77,73,17,26,3,0,2,0,9,3,1,15,1,0,0,1,0
2025,R,smita001,R,L,108,99,21,34,4,0,3,0,12,9,0,26,2,0,0,0,0
2025,R,smita001,R,R,84,70,21,30,4,1,1,0,4,12,0,16,1,1,1,0,0
2025,R,smitc009,R,L,142,132,21,41,9,1,3,0,15,9,2,57,0,0,0,1,0
2025,R,smitc009,R,R,158,142,34,49,12,0,1,0,16,10,1,47,1,4,1,1,0
2025,R,smitd010,R,L,18,17,1,1,0,0,0,0,0,0,0,1,2,1,0,0,0
2025,R,smitd010,R,R,30,23,5,6,1,0,0,0,2,5,0,3,2,2,0,0,0
2025,R,smits003,R,L,338,302,68,125,12,3,13,0,37,32,0,78,4,4,0,0,0
2025,R,smits003,R,R,278,240,49,72,11,0,4,0,24,26,1,67,8,8,2,2,0
2025,R,snelb001,L,L,56,49,11,14,3,0,0,0,2,5,0,18,1,0,2,0,0
2025,R,snelb001,L,R,198,173,40,56,7,0,3,0,17,21,1,54,3,0,1,3,0
2025,R,snidc001,R,L,53,48,18,34,8,1,2,0,15,2,1,11,1,2,0,1,0
2025,R,snidc001,R,R,66,59,14,23,4,1,1,0,8,4,0,13,2,0,2,1,0
2025,R,sommd001,L,L,10,10,4,9,0,1,1,0,4,0,0,2,0,0,0,0,0
2025,R,sommd001,L,R,9,5,3,4,1,0,0,0,2,3,0,1,0,1,0,0,0
2025,R,sorig001,R,L,86,78,28,57,5,0,8,1,26,8,1,21,2,0,0,0,0
2025,R,sorig001,R,R,87,72,18,28,2,1,2,0,9,11,0,15,0,2,0,1,1
2025,R,sorij002,R,L,395,343,80,116,15,0,7,0,40,46,0,76,15,3,2,1,0
2025,R,sorij002,R,R,329,291,78,108,13,1,5,0,34,32,0,76,15,2,2,1,1
2025,R,sorom001,R,L,211,186,42,77,9,1,8,0,25,18,0,53,2,6,0,1,0
2025,R,sorom001,R,R,168,148,30,48,6,0,4,0,13,11,0,42,2,9,0,0,0
2025,R,sotog003,L,L,118,104,20,28,2,0,2,0,16,9,0,31,2,4,0,1,0
2025,R,sotog003,L,R,161,137,42,55,7,0,2,0,21,15,1,39,1,7,1,1,0
2025,R,sousb001,L,L,68,62,9,15,3,0,1,0,8,4,0,25,2,0,0,2,0
2025,R,sousb001,L,R,131,119,28,45,8,0,3,0,11,11,0,34,2,0,1,0,0
2025,R,speig001,L,L,112,106,19,32,4,0,3,0,12,2,0,42,0,3,0,1,0
2025,R,speig001,L,R,131,118,24,41,7,2,2,0,11,9,1,40,0,2,0,2,0
2025,R,spenm001,R,L,173,161,50,84,10,0,8,1,30,11,0,34,3,1,0,0,0
2025,R,spenm001,R,R,202,181,46,80,10,0,8,0,25,15,2,32,3,3,0,2,1
2025,R,spiec001,R,L,31,24,8,10,2,0,0,0,2,6,0,2,0,1,0,0,0
2025,R,spiec001,R,R,29,26,5,14,0,0,3,0,5,1,0,9,0,0,1,1,0
2025,R,sprij001,L,L,144,133,32,49,8,0,3,0,9,10,0,27,2,0,0,1,0
2025,R,sprij001,L,R,569,514,121,224,28,0,25,0,71,44,0,111,6,3,1,7,0
2025,R,sprob001,R,L,42,39,11,17,4,1,0,0,5,1,0,9,2,2,0,0,0
2025,R,sprob001,R,R,42,35,7,9,0,1,0,0,4,6,0,8,2,0,0,1,0
2025,R,stalj001,R,L,6,6,2,3,1,0,0,0,1,0,0,0,0,0,0,0,0
2025,R,stalj001,R,R,2,2,0,0,0,0,0,0,0,0,0,1,0,0,0,0,0
2025,R,stanr002,R,L,110,95,28,42,5,0,3,0,18,15,0,22,0,0,0,0,0
2025,R,stanr002,R,R,145,126,28,47,5,1,4,0,15,17,0,36,2,0,0,2,0
2025,R,steej002,L,L,30,27,5,6,1,0,0,0,1,2,0,6,1,1,0,0,0
2025,R,steej002,L,R,62,58,16,34,3,0,5,0,10,3,0,15,1,0,0,1,0
2025,R,stefm001,R,L,3,3,0,0,0,0,0,0,0,0,0,0,0,0,0,0,0
2025,R,stepr002,R,L,16,14,2,6,1,0,1,0,2,0,0,3,0,1,0,0,1
2025,R,stepr002,R,R,26,23,5,8,3,0,0,0,1,3,1,7,0,0,0,0,0
2025,R,sterj001,R,L,108,93,13,25,0,0,4,0,13,9,2,27,0,4,0,2,0
2025,R,sterj001,R,R,158,141,34,57,5,0,6,0,16,12,0,43,1,3,0,1,1
2025,R,stewb001,R,L,73,64,22,34,4,1,2,0,13,8,1,13,0,0,1,0,0
2025,R,stewb001,R,R,86,77,10,13,0,0,1,0,4,5,1,31,0,4,0,0,0
2025,R,stocr001,R,L,9,5,2,2,0,0,0,0,1,4,0,0,0,0,0,0,0
2025,R,stocr001,R,R,6,6,2,5,0,0,1,0,2,0,0,1,0,0,0,0,0
2025,R,strac001,R,L,49,42,14,16,2,0,0,0,7,6,0,11,0,0,0,1,0
2025,R,strac001,R,R,55,50,18,37,3,2,4,0,12,4,0,11,1,0,0,1,0
2025,R,strah001,R,L,40,34,14,18,1,0,1,0,8,3,0,8,0,2,0,1,0
2025,R,strah001,R,R,49,43,9,16,1,0,2,0,6,4,0,8,1,1,0,1,0
2025,R,stram001,L,L,84,73,17,28,6,1,1,0,8,6,0,21,1,1,1,3,0
2025,R,stram001,L,R,172,153,30,49,5,1,4,0,14,14,1,49,0,1,2,2,0
2025,R,strih001,R,L,43,38,7,11,1,0,1,0,3,5,1,5,0,0,0,0,0
2025,R,strih001,R,R,48,42,10,18,5,0,1,0,9,5,1,9,1,0,0,1,0
2025,R,stris002,R,L,287,248,67,115,13,1,11,0,36,30,0,61,3,5,1,3,0
2025,R,stris002,R,R,252,227,57,100,16,0,9,0,22,21,0,70,5,3,0,1,0
2025,R,strok001,R,L,37,34,6,7,1,0,0,0,2,2,0,13,0,0,0,1,0
2025,R,strok001,R,R,68,56,10,13,0,0,1,0,1,11,0,11,4,1,0,0,0
2025,R,strom001,R,L,105,96,29,52,8,0,5,0,19,8,0,16,2,1,0,0,0
2025,R,strom001,R,R,70,60,15,21,3,0,1,0,8,8,0,10,2,1,0,1,0
2025,R,suara001,R,L,19,17,4,5,1,0,0,0,0,1,1,3,0,1,0,0,0
2025,R,suara001,R,R,25,23,5,8,1,1,0,0,4,1,0,7,1,0,0,1,0
2025,R,suarj001,L,L,38,32,5,10,2,0,1,0,3,4,0,11,0,0,1,1,0
2025,R,suarj001,L,R,43,37,10,10,0,0,0,0,2,6,1,5,1,0,0,0,0
2025,R,suarr001,L,L,131,122,27,41,2,0,4,0,11,4,0,39,4,5,0,0,0
2025,R,suarr001,L,R,520,480,127,184,23,2,10,0,43,34,0,112,9,1,2,3,0
2025,R,suarr002,R,L,137,122,28,40,4,1,2,0,17,13,2,34,0,1,0,1,0
2025,R,suarr002,R,R,132,127,19,33,2,0,4,0,6,3,0,41,3,1,1,0,0
2025,R,suerw002,R,L,12,12,7,11,1,0,1,0,4,0,0,0,0,0,0,0,0
2025,R,suerw002,R,R,20,16,3,9,0,0,2,0,5,4,0,7,0,0,0,0,0
2025,R,sugat001,R,L,359,333,91,167,10,3,20,0,42,20,1,55,7,4,0,2,0
2025,R,sugat001,R,R,316,293,82,132,11,0,13,0,38,16,1,51,4,4,0,3,0
2025,R,sulsc001,R,L,45,41,9,12,0,0,1,0,3,4,1,12,2,0,0,0,0
2025,R,sulsc001,R,R,45,42,11,13,2,0,0,0,2,3,0,10,2,0,0,0,0
2025,R,suteb001,L,L,117,111,27,43,2,1,4,0,16,6,0,21,0,0,0,0,0
2025,R,suteb001,L,R,174,158,42,71,8,0,7,0,28,12,1,32,3,2,1,1,0
2025,R,svanm001,R,L,94,77,9,13,2,1,0,0,8,12,0,29,0,3,0,2,0
2025,R,svanm001,R,R,140,129,24,38,3,1,3,1,17,8,0,39,4,1,0,2,0
2025,R,swane001,R,L,13,9,1,2,1,0,0,0,1,3,0,0,0,0,0,1,0
2025,R,swane001,R,R,17,13,7,15,2,0,2,1,10,2,0,3,0,1,0,1,0
2025,R,tailj001,R,L,262,241,46,87,7,2,10,0,21,19,0,59,2,0,1,1,0
2025,R,tailj001,R,R,257,248,64,122,16,0,14,0,28,8,0,39,2,0,1,0,0
2025,R,tarnf001,R,L,19,16,1,4,0,0,1,0,2,2,0,8,0,1,0,0,0
2025,R,tarnf001,R,R,9,7,0,0,0,0,0,0,0,2,0,2,1,0,0,0,0
2025,R,tated001,R,L,15,9,3,7,1,0,1,0,3,5,0,1,0,1,0,0,0
2025,R,tated001,R,R,19,18,5,5,0,0,0,0,0,1,0,7,1,0,0,0,0
2025,R,taylg002,R,L,89,75,17,20,3,0,0,0,6,12,1,29,2,0,1,1,0
2025,R,taylg002,R,R,68,63,20,22,2,0,0,0,10,3,0,25,2,0,1,1,0
2025,R,taylt003,R,L,17,14,7,10,0,0,1,0,2,1,0,1,0,0,1,1,0
2025,R,taylt003,R,R,20,16,7,11,1,0,1,0,6,2,0,1,1,1,0,1,0
2025,R,tellr001,L,L,3,3,1,1,0,0,0,0,0,0,0,0,0,0,0,0,0
2025,R,tellr001,L,R,8,7,4,7,0,0,1,0,3,0,0,0,1,1,0,0,0
2025,R,tengk001,R,L,72,61,16,21,2,0,1,0,6,5,0,16,2,5,0,1,0
2025,R,tengk001,R,R,67,53,13,19,3,0,1,0,7,12,0,23,2,2,0,0,0
2025,R,thiec001,L,L,95,87,14,24,2,1,2,0,12,6,0,27,0,0,0,2,0
2025,R,thiec001,L,R,125,117,24,40,7,0,3,0,12,7,1,29,4,0,0,1,0
2025,R,thomc004,L,L,13,11,6,9,0,0,1,0,4,1,0,1,1,0,0,1,0
2025,R,thomc004,L,R,18,15,6,14,2,0,2,1,9,1,0,4,0,1,0,1,0
2025,R,thomm005,R,L,27,19,7,13,4,1,0,0,7,8,2,6,0,0,0,0,0
2025,R,thomm005,R,R,33,29,9,13,1,0,1,0,4,4,0,5,0,0,0,0,0
2025,R,thomr007,R,L,77,68,20,29,3,0,2,0,13,9,2,11,2,0,0,0,0
2025,R,thomr007,R,R,98,92,22,32,4,0,2,0,11,4,0,25,2,2,0,0,0
2025,R,thomz001,R,L,7,6,0,0,0,0,0,0,0,1,0,3,0,0,0,0,0
2025,R,thomz001,R,R,5,5,0,0,0,0,0,0,0,0,0,0,0,0,0,0,0
2025,R,thort002,R,L,89,77,22,35,2,1,3,0,11,9,2,20,2,0,1,2,0
2025,R,thort002,R,R,91,82,19,29,1,0,3,0,13,5,0,12,2,4,0,0,0
2025,R,tidwb001,R,L,31,25,8,14,0,0,2,0,7,5,0,4,0,0,0,1,0
2025,R,tidwb001,R,R,47,41,15,23,2,0,2,0,6,5,0,6,1,1,0,0,0
2025,R,tinoj001,R,L,35,29,4,8,1,0,1,0,3,6,1,4,0,0,0,0,0
2025,R,tinoj001,R,R,45,42,13,18,3,1,0,0,7,2,0,6,2,0,1,0,0
2025,R,tollp001,L,L,15,13,4,7,0,0,1,0,1,2,0,3,1,0,0,0,0
2025,R,tollp001,L,R,59,52,14,28,2,0,4,0,9,6,0,16,0,0,0,1,0
2025,R,tongj001,R,L,41,36,9,11,2,0,0,0,5,4,0,10,1,0,0,1,0
2025,R,tongj001,R,R,46,41,15,27,3,0,3,0,13,5,0,12,0,0,0,0,0
2025,R,tonkm001,R,L,55,49,15,28,4,0,3,0,12,2,0,10,0,3,0,1,0
2025,R,tonkm001,R,R,48,40,5,6,1,0,0,0,2,6,0,9,1,2,0,0,0
2025,R,topaj001,R,L,118,105,32,43,8,0,1,0,19,11,3,18,1,1,0,1,0
2025,R,topaj001,R,R,150,137,36,48,9,0,1,0,20,7,0,31,2,3,2,1,0
2025,R,toroa001,R,L,5,4,3,4,1,0,0,0,1,1,0,0,0,0,0,0,0
2025,R,toroa001,R,R,3,2,1,2,1,0,0,0,1,0,0,0,0,0,0,1,0
2025,R,torrl001,R,L,5,4,3,9,1,1,1,0,2,1,0,0,0,0,0,0,0
2025,R,torrl001,R,R,3,3,2,5,0,0,1,0,2,0,0,0,0,0,0,0,0
2025,R,toust001,R,L,5,5,3,3,0,0,0,0,2,0,0,0,0,0,0,0,0
2025,R,toust001,R,R,6,5,1,2,1,0,0,0,0,1,0,3,0,0,0,0,0
2025,R,treib001,R,L,54,44,14,25,2,0,3,0,12,9,3,14,0,1,0,0,0
2025,R,treib001,R,R,75,63,16,22,3,0,1,0,7,10,1,22,0,1,0,1,0
2025,R,treja001,R,L,2,2,1,1,0,0,0,0,0,0,0,0,1,0,0,0,0
2025,R,treja001,R,R,1,1,0,0,0,0,0,0,0,0,0,0,0,0,0,0,0
2025,R,trevj001,R,L,4,4,2,2,0,0,0,0,1,0,0,1,0,0,0,0,0
2025,R,trevj001,R,R,8,6,2,4,2,0,0,0,1,1,0,0,0,0,0,1,0
2025,R,trioj001,R,L,2,2,0,0,0,0,0,0,0,0,0,0,0,0,0,0,0
2025,R,trioj001,R,R,6,5,3,7,1,0,1,0,2,1,0,0,0,0,0,0,0
2025,R,trivl001,R,L,89,74,23,39,1,0,5,1,18,10,1,13,2,1,0,4,0
2025,R,trivl001,R,R,118,104,23,32,4,1,1,0,7,8,0,24,2,5,1,0,0
2025,R,turns003,R,L,14,13,6,9,0,0,1,0,3,1,0,3,0,0,0,0,0
2025,R,turns003,R,R,19,16,6,9,1,1,0,0,1,3,0,1,1,0,0,0,0
2025,R,ucete001,R,L,145,124,28,52,4,1,6,0,24,16,3,46,1,1,1,3,0
2025,R,ucete001,R,R,176,158,34,58,7,1,5,0,16,11,0,57,1,7,0,0,0
2025,R,urenj001,R,L,132,116,30,56,9,1,5,0,16,15,1,18,2,0,1,0,0
2025,R,urenj001,R,R,113,101,27,42,6,0,3,0,13,8,0,16,0,3,0,1,0
2025,R,uriba001,R,L,132,111,19,24,2,0,1,0,4,16,2,41,3,5,0,0,0
2025,R,uriba001,R,R,166,152,32,43,2,0,3,0,15,11,0,49,6,1,2,0,0
2025,R,urquj001,R,L,10,8,2,2,0,0,0,0,2,2,0,2,0,0,0,0,0
2025,R,urquj001,R,R,4,3,2,2,0,0,0,0,0,1,0,1,0,0,0,0,0
2025,R,valdf001,L,L,151,136,35,57,7,0,5,1,21,11,0,33,3,0,2,2,0
2025,R,valdf001,L,R,651,581,136,200,26,4,10,0,51,57,0,154,19,7,2,4,0
2025,R,vanbb001,R,L,19,19,8,11,0,0,1,0,4,0,0,2,1,0,0,0,0
2025,R,vanbb001,R,R,17,17,5,9,1,0,1,0,1,0,0,4,1,0,0,0,0
2025,R,vanwl001,R,L,21,21,8,8,0,0,0,0,4,0,0,2,0,0,0,0,0
2025,R,vanwl001,R,R,28,24,7,14,1,0,2,0,5,3,0,5,1,1,0,0,0
2025,R,vargc003,R,L,142,132,27,45,4,1,4,1,19,8,2,25,4,0,1,1,0
2025,R,vargc003,R,R,189,165,54,80,8,0,6,1,27,15,2,29,8,7,1,1,0
2025,R,varll001,R,L,132,122,31,52,7,1,4,0,18,6,0,29,4,1,1,2,0
2025,R,varll001,R,R,164,144,34,50,10,0,2,0,15,16,1,46,2,1,2,1,0
2025,R,vasim001,R,L,205,176,36,55,4,0,5,0,17,25,4,39,7,4,0,0,0
2025,R,vasim001,R,R,218,186,38,58,9,1,3,0,19,27,1,43,6,4,0,0,1
2025,R,vasqr001,R,L,279,239,63,97,8,1,8,0,23,34,1,37,3,3,0,3,0
2025,R,vasqr001,R,R,291,267,62,97,11,0,8,0,25,18,0,41,9,4,0,2,0
2025,R,vazql001,R,L,8,7,1,1,0,0,0,0,0,1,0,0,3,0,0,0,0
2025,R,vazql001,R,R,6,6,2,2,0,0,0,0,0,0,0,0,0,0,0,0,0
2025,R,venea001,L,L,67,59,17,29,1,1,3,0,8,4,0,16,1,2,1,1,0
2025,R,venea001,L,R,50,42,11,20,4,1,1,0,9,7,0,9,0,0,0,1,0
2025,R,verlj001,R,L,320,282,74,113,18,0,7,0,31,31,1,68,0,2,2,3,0
2025,R,verlj001,R,R,342,313,81,133,23,1,9,0,37,21,0,69,7,4,1,3,0
2025,R,vesia001,L,L,77,69,11,20,3,0,2,0,7,3,0,29,0,2,0,3,0
2025,R,vesia001,L,R,160,135,26,51,4,0,7,1,18,19,3,51,2,3,2,1,0
2025,R,vestw001,R,L,126,111,27,41,6,1,2,0,18,14,1,38,2,0,0,1,0
2025,R,vestw001,R,R,158,148,34,44,2,1,2,0,18,8,0,37,5,1,1,0,0
2025,R,vodnv001,R,L,115,96,25,39,6,1,2,0,16,19,2,22,3,0,0,0,0
2025,R,vodnv001,R,R,100,92,20,31,5,0,2,0,13,7,0,27,5,0,0,1,0
2025,R,wachm001,R,L,372,343,84,120,13,4,5,0,20,23,0,63,7,2,2,2,0
2025,R,wachm001,R,R,344,315,82,132,16,2,10,0,41,22,0,63,11,2,2,2,1
2025,R,waddb001,L,L,46,42,11,21,5,1,1,0,3,3,0,9,1,1,0,0,0
2025,R,waddb001,L,R,88,79,18,32,5,0,3,0,10,8,0,13,1,0,0,1,0
2025,R,wadet002,R,L,3,2,1,2,1,0,0,0,1,1,0,0,0,0,0,0,0
2025,R,wadet002,R,R,3,3,1,1,0,0,0,0,1,0,0,0,0,0,0,0,0
2025,R,waldh001,R,L,127,113,28,40,6,0,2,0,9,13,1,32,3,1,0,0,0
2025,R,waldh001,R,R,102,90,17,22,2,0,1,0,7,9,0,23,3,2,0,1,0
2025,R,waldm003,R,L,13,9,1,1,0,0,0,0,2,4,0,2,0,0,0,0,0
2025,R,waldm003,R,R,12,10,5,8,0,0,1,0,2,2,0,1,0,0,0,0,0
2025,R,walkj004,L,L,7,6,3,3,0,0,0,0,1,1,0,1,1,0,0,0,0
2025,R,walkj004,L,R,18,16,5,8,3,0,0,0,3,1,0,7,0,1,0,0,0
2025,R,walkr001,R,L,121,109,29,45,8,1,2,0,15,7,1,34,1,4,1,0,0
2025,R,walkr001,R,R,145,127,31,43,6,0,2,0,23,11,1,26,2,4,1,2,0
2025,R,walkt004,R,L,287,254,68,108,11,1,9,0,23,33,0,48,3,0,0,0,0
2025,R,walkt004,R,R,251,235,64,109,9,0,12,0,33,9,0,38,4,4,1,2,0
2025,R,walta001,R,L,1,1,0,0,0,0,0,0,0,0,0,1,0,0,0,0,0
2025,R,walta001,R,R,5,5,2,6,1,0,1,0,1,0,0,1,0,0,0,0,0
2025,R,waltb002,L,L,39,37,6,9,0,0,1,0,3,1,0,6,0,1,0,0,0
2025,R,waltb002,L,R,173,167,40,77,8,1,9,0,17,3,0,46,1,2,1,0,0
2025,R,warra003,R,L,17,14,3,6,0,0,1,0,2,3,0,5,0,0,0,0,0
2025,R,warra003,R,R,17,16,2,2,0,0,0,0,0,1,0,4,2,0,0,0,0
2025,R,warrw001,R,L,396,342,91,149,16,3,12,0,43,47,0,79,1,0,1,5,1
2025,R,warrw001,R,R,315,289,67,115,16,1,10,1,39,18,0,92,5,4,0,4,0
2025,R,weatr001,L,L,32,30,7,17,1,0,3,0,3,2,0,8,0,0,0,0,0
2025,R,weatr001,L,R,134,121,30,48,6,0,4,0,15,10,0,29,2,1,1,1,0
2025,R,weavl001,R,L,137,125,22,44,7,0,5,0,15,9,1,37,0,0,0,2,1
2025,R,weavl001,R,R,125,111,24,42,3,0,5,1,21,11,0,35,0,1,1,1,0
2025,R,webbj002,R,L,118,110,22,34,3,0,3,0,8,6,1,26,1,1,1,0,0
2025,R,webbj002,R,R,149,133,27,53,5,0,7,0,19,13,1,32,2,1,1,1,0
2025,R,webbl001,R,L,428,399,114,177,33,3,8,0,41,22,0,104,8,2,3,1,1
2025,R,webbl001,R,R,428,396,96,130,16,0,6,0,33,24,0,120,14,4,1,3,0
2025,R,weemj001,R,L,10,7,3,4,1,0,0,0,2,3,0,0,0,0,0,0,0
2025,R,weemj001,R,R,13,13,6,7,1,0,0,0,3,0,0,0,0,0,0,0,0
2025,R,weisg001,R,L,113,98,21,29,5,0,1,0,8,14,1,21,2,0,0,1,0
2025,R,weisg001,R,R,165,153,36,60,9,0,5,1,23,7,0,36,2,3,1,1,0
2025,R,wellt003,R,L,47,45,12,27,3,0,4,0,7,2,0,11,1,0,0,0,0
2025,R,wellt003,R,R,35,35,5,7,2,0,0,0,0,0,0,7,1,0,0,0,0
2025,R,wentj001,L,L,129,112,33,50,6,1,3,0,26,16,0,25,1,0,0,1,0
2025,R,wentj001,L,R,313,281,77,116,9,3,8,0,46,27,3,67,7,1,0,4,0
2025,R,wesnh001,R,L,54,49,11,21,4,0,2,0,4,4,0,10,0,0,0,1,0
2025,R,wesnh001,R,R,77,72,18,37,4,0,5,0,11,2,0,19,0,1,2,0,0
2025,R,wheez001,R,L,336,305,59,113,14,2,12,0,23,22,0,113,2,7,0,2,0
2025,R,wheez001,R,R,249,237,48,76,7,0,7,0,19,11,0,82,6,1,0,0,0
2025,R,whisc001,L,L,32,31,6,10,1,0,1,0,2,0,0,8,1,1,0,0,0
2025,R,whisc001,L,R,70,57,16,35,4,0,5,0,10,12,0,8,2,1,0,0,0
2025,R,whitf002,R,L,37,30,7,13,3,0,1,0,7,6,0,11,0,1,0,0,0
2025,R,whitf002,R,R,29,26,12,24,4,1,2,0,15,2,0,1,0,0,0,1,0
2025,R,whitg002,R,L,136,122,24,30,3,0,1,0,10,10,1,41,1,3,0,1,0
2025,R,whitg002,R,R,157,140,30,38,5,0,1,0,11,14,1,50,1,2,0,1,0
2025,R,whito001,R,L,14,12,5,8,0,0,1,0,5,2,0,2,1,0,0,0,0
2025,R,whito001,R,R,21,20,9,11,2,0,0,0,1,1,0,4,0,0,0,0,0
2025,R,wickj001,L,L,25,25,11,15,1,0,1,0,4,0,0,2,0,0,0,0,0
2025,R,wickj001,L,R,42,40,13,21,5,0,1,0,4,1,0,11,1,0,1,0,0
2025,R,wilcc001,R,L,4,2,1,1,0,0,0,0,1,2,0,0,0,0,0,0,0
2025,R,wilcc001,R,R,8,7,3,4,1,0,0,0,3,1,0,1,0,0,0,0,0
2025,R,wilen001,R,L,3,3,3,4,1,0,0,0,2,0,0,0,0,0,0,0,0
2025,R,wilen001,R,R,4,3,1,1,0,0,0,0,1,0,0,1,0,0,0,1,0
2025,R,willd004,R,L,120,101,20,38,4,1,4,0,20,13,0,35,0,4,1,1,0
2025,R,willd004,R,R,139,127,25,35,7,0,1,0,8,12,1,55,2,0,0,0,0
2025,R,willg004,R,L,363,313,51,101,11,0,13,1,28,48,0,93,4,0,1,1,0
2025,R,willg004,R,R,341,302,79,123,12,1,10,0,27,35,0,80,4,3,0,1,0
2025,R,willl001,R,L,12,11,2,2,0,0,0,0,1,1,0,2,0,0,0,0,0
2025,R,willl001,R,R,13,13,4,8,1,0,1,0,1,0,0,2,0,0,0,0,0
2025,R,willt002,R,L,208,189,73,114,11,3,8,0,30,14,0,28,0,1,0,4,0
2025,R,willt002,R,R,165,153,33,49,7,0,3,0,18,7,0,37,2,1,1,3,0
2025,R,wilsb003,R,L,99,82,29,50,4,1,5,0,13,15,0,8,0,1,0,0,1
2025,R,wilsb003,R,R,125,118,38,64,6,1,6,0,22,4,0,20,4,1,0,2,0
2025,R,wilsj004,L,L,96,85,18,24,3,0,1,1,14,9,0,25,4,1,0,1,0
2025,R,wilsj004,L,R,111,98,30,43,7,0,2,0,19,11,3,32,1,1,1,0,0
2025,R,wilss002,R,L,91,80,26,43,2,0,5,0,15,9,1,18,2,1,0,1,0
2025,R,wilss002,R,R,150,129,24,35,5,0,2,0,12,13,1,33,0,2,0,6,0
2025,R,wilsw002,R,L,6,6,2,2,0,0,0,0,0,0,0,0,0,0,0,0,0
2025,R,wilsw002,R,R,6,6,1,1,0,0,0,0,0,0,0,0,0,0,0,0,0
2025,R,wilsw003,R,L,5,5,1,2,1,0,0,0,0,0,0,0,0,0,0,0,0
2025,R,wilsw003,R,R,3,3,1,4,0,0,1,0,2,0,0,0,0,0,0,0,0
2025,R,winaa001,R,L,22,18,7,14,2,1,1,0,5,2,0,4,0,1,0,1,0
2025,R,winaa001,R,R,24,21,6,9,0,0,1,0,4,1,0,2,1,1,0,1,0
2025,R,wincj001,R,L,20,17,6,7,1,0,0,0,6,2,0,4,0,0,0,1,0
2025,R,wincj001,R,R,32,27,5,6,1,0,0,0,2,3,0,5,0,1,0,1,0
2025,R,winnc001,R,L,63,50,13,23,5,1,1,0,1,11,2,12,2,1,1,0,0
2025,R,winnc001,R,R,99,88,10,18,2,0,2,0,10,6,0,23,2,3,1,1,0
2025,R,winnk001,R,L,19,18,6,10,4,0,0,0,3,1,0,5,0,0,0,0,0
2025,R,winnk001,R,R,23,22,6,9,0,0,1,0,2,1,0,4,1,0,0,0,0
2025,R,wolfg001,L,L,56,48,15,18,3,0,0,0,7,6,0,19,0,1,0,1,0
2025,R,wolfg001,L,R,77,68,20,31,5,0,2,1,15,9,1,12,0,0,0,0,0
2025,R,woo-b001,R,L,371,340,67,119,14,1,12,0,29,24,0,89,6,3,1,3,0
2025,R,woo-b001,R,R,360,345,70,123,11,0,14,1,30,12,0,109,4,1,2,0,0
2025,R,woodb005,R,L,135,127,23,37,5,0,3,0,12,6,0,39,0,2,0,0,0
2025,R,woodb005,R,R,122,112,22,42,2,0,6,0,13,8,0,44,1,1,0,0,1
2025,R,woodj003,R,L,57,48,13,21,3,1,1,0,11,8,1,5,0,0,0,1,0
2025,R,woodj003,R,R,113,103,32,43,5,0,2,0,13,5,0,18,2,3,2,0,0
2025,R,woods002,R,L,232,204,47,77,6,0,8,1,22,24,0,48,2,1,0,3,0
2025,R,woods002,R,R,239,214,49,88,10,1,9,0,27,22,0,59,2,2,0,1,0
2025,R,wrobj001,L,L,81,72,14,24,1,0,3,0,14,4,0,22,0,2,2,1,0
2025,R,wrobj001,L,R,199,183,51,73,13,0,3,0,17,13,1,54,4,1,0,2,0
2025,R,wynnr001,R,L,7,6,1,4,0,0,1,0,1,1,0,2,0,0,0,0,0
2025,R,wynnr001,R,R,6,6,2,3,1,0,0,0,0,0,0,1,0,0,0,0,0
2025,R,yamay001,R,L,331,305,53,76,11,0,4,0,17,23,0,96,7,2,1,0,0
2025,R,yamay001,R,R,353,314,60,99,9,0,10,2,32,36,0,105,2,1,1,1,0
2025,R,yarbr001,L,L,88,86,17,31,2,0,4,0,5,1,0,19,1,1,0,0,0
2025,R,yarbr001,L,R,176,156,41,75,5,1,9,1,25,18,0,36,3,1,0,1,0
2025,R,yastm001,L,L,4,2,0,0,0,0,0,0,1,1,0,0,0,1,0,0,0
2025,R,yastm001,L,R,3,3,2,3,1,0,0,0,1,0,0,0,0,0,0,0,0
2025,R,yatek001,R,L,68,62,16,41,10,0,5,0,16,5,0,16,0,0,0,1,0
2025,R,yatek001,R,R,110,97,22,41,7,0,4,0,12,12,0,36,0,1,0,0,0
2025,R,yesat001,R,L,35,31,5,6,1,0,0,0,2,4,0,11,0,0,0,0,0
2025,R,yesat001,R,R,27,24,8,9,1,0,0,0,1,3,0,5,0,0,0,0,0
2025,R,yohoc001,R,L,16,9,3,3,0,0,0,0,2,5,0,2,0,1,0,1,0
2025,R,yohoc001,R,R,25,20,5,9,1,0,1,0,6,4,0,5,1,0,1,0,0
2025,R,younb001,R,L,144,127,40,69,11,0,6,0,16,16,0,23,1,0,1,0,0
2025,R,younb001,R,R,112,103,27,51,6,0,6,0,23,6,0,24,2,0,1,2,0
2025,R,yound005,L,L,17,15,4,4,0,0,0,0,0,2,0,8,1,0,0,0,0
2025,R,yound005,L,R,20,17,5,5,0,0,0,0,3,1,0,5,0,1,1,0,0
2025,R,younj003,R,L,2,2,1,1,0,0,0,0,0,0,0,0,0,0,0,0,0
2025,R,younj003,R,R,1,0,0,0,0,0,0,0,0,1,0,0,0,0,0,0,0
2025,R,zastr001,L,L,51,46,9,13,1,0,1,0,4,3,0,15,0,0,1,1,0
2025,R,zastr001,L,R,42,33,7,14,1,0,2,0,3,7,3,5,1,1,0,1,0
2025,R,zefer001,R,L,114,100,24,44,5,0,5,1,16,12,1,28,4,1,0,1,0
2025,R,zefer001,R,R,143,116,25,49,3,0,7,0,19,23,2,45,0,3,1,0,0
2025,R,zerpa001,L,L,114,102,23,35,3,0,3,0,10,10,0,24,2,1,1,0,0
2025,R,zerpa001,L,R,161,145,44,70,14,0,4,0,24,12,0,34,8,1,1,2,0
2025,R,zimmb002,L,L,10,8,4,10,0,0,2,1,6,2,0,0,1,0,0,0,0
2025,R,zimmb002,L,R,18,18,3,3,0,0,0,0,0,0,0,1,0,0,0,0,0
2025,R,zubet001,R,L,23,18,7,12,2,0,1,0,1,5,1,3,0,0,0,0,0
2025,R,zubet001,R,R,36,34,10,20,4,0,2,0,10,1,0,11,0,0,0,1,0
2025,R,zuluy001,R,L,14,13,2,5,0,0,1,0,3,0,0,2,0,0,0,1,0
2025,R,zuluy001,R,R,18,13,3,3,0,0,0,0,4,4,0,3,0,0,1,0,0
2025,W,banda001,L,L,7,7,2,5,0,0,1,1,5,0,0,0,0,0,0,0,0
2025,W,banda001,L,R,9,8,4,7,0,0,1,0,4,1,1,0,0,0,0,0,0
2025,W,bassc001,R,L,8,7,1,1,0,0,0,0,1,0,0,3,0,0,0,1,0
2025,W,bassc001,R,R,14,12,2,2,0,0,0,0,0,2,0,4,1,0,0,0,0
2025,W,biebs001,R,L,12,9,3,3,0,0,0,0,0,3,0,3,0,0,0,0,0
2025,W,biebs001,R,R,15,14,2,5,0,0,1,0,2,0,0,0,0,0,0,1,0
2025,W,domis001,R,L,8,7,2,5,0,0,1,0,1,1,0,0,0,0,0,0,0
2025,W,domis001,R,R,14,9,0,0,0,0,0,0,0,5,0,5,0,0,0,0,0
2025,W,dreyj001,L,L,6,5,1,1,0,0,0,0,0,0,0,2,0,1,0,0,0
2025,W,dreyj001,L,R,7,6,2,2,0,0,0,0,0,1,1,1,0,0,0,0,0
2025,W,fishb002,R,L,7,4,1,4,0,0,1,0,2,3,1,0,0,0,0,0,0
2025,W,fishb002,R,R,8,8,1,1,0,0,0,0,0,0,0,4,0,0,0,0,0
2025,W,fluhm001,L,L,7,7,3,5,2,0,0,0,2,0,0,1,0,0,0,0,0
2025,W,fluhm001,L,R,4,3,1,1,0,0,0,0,0,1,1,1,0,0,0,0,0
2025,W,gausk001,R,L,21,19,3,8,2,0,1,0,1,2,1,5,0,0,0,0,0
2025,W,gausk001,R,R,26,26,4,8,1,0,1,0,5,0,0,9,0,0,0,0,0
2025,W,glast001,R,L,14,11,2,3,1,0,0,0,2,2,0,3,0,0,0,1,0
2025,W,glast001,R,R,20,19,6,9,0,0,1,0,3,1,0,4,0,0,0,0,0
2025,W,henre001,R,L,3,2,0,0,0,0,0,0,0,0,0,1,0,1,0,0,0
2025,W,henre001,R,R,7,5,1,1,0,0,0,0,1,2,0,1,0,0,0,0,0
2025,W,hoffj003,R,L,7,5,0,0,0,0,0,0,0,2,2,2,0,0,0,0,0
2025,W,hoffj003,R,R,13,12,3,6,0,0,1,0,2,0,0,4,0,1,0,0,0
2025,W,kersc001,L,L,1,1,0,0,0,0,0,0,0,0,0,0,0,0,0,0,0
2025,W,kleiw001,R,L,8,7,1,1,0,0,0,0,0,1,0,2,0,0,0,0,0
2025,W,kleiw001,R,R,11,10,1,1,0,0,0,0,0,1,0,3,0,0,0,0,0
2025,W,lauee001,L,L,8,4,0,0,0,0,0,0,0,4,2,1,0,0,0,0,0
2025,W,lauee001,L,R,16,14,2,3,1,0,0,0,0,1,1,2,0,0,1,0,0
2025,W,littb002,L,L,2,1,1,4,0,0,1,0,1,1,0,0,0,0,0,0,0
2025,W,littb002,L,R,4,4,1,1,0,0,0,0,0,0,0,1,0,0,0,0,0
2025,W,ohtas001,R,L,16,15,5,5,0,0,0,0,0,0,0,4,0,0,1,0,0
2025,W,ohtas001,R,R,22,19,6,13,1,0,2,0,5,3,1,5,0,0,0,0,0
2025,W,sasar001,R,L,5,5,2,3,1,0,0,0,0,0,0,0,0,0,0,0,0
2025,W,sasar001,R,R,9,5,1,1,0,0,0,0,0,3,0,0,0,1,0,0,0
2025,W,schem001,R,L,16,14,4,8,1,0,1,0,1,2,0,2,0,0,0,0,0
2025,W,schem001,R,R,20,19,5,9,1,0,1,0,2,0,0,4,0,0,0,1,0
2025,W,sheee001,R,L,8,6,2,3,1,0,0,0,2,2,1,3,0,0,0,0,0
2025,W,sheee001,R,R,13,12,5,6,1,0,0,0,1,1,0,1,0,0,0,0,0
2025,W,snelb001,L,L,16,12,4,9,0,1,1,0,2,3,0,4,0,1,0,0,0
2025,W,snelb001,L,R,42,36,11,17,0,0,2,0,3,5,0,9,3,0,0,1,0
2025,W,treib001,R,L,2,2,2,2,0,0,0,0,1,0,0,0,0,0,0,0,0
2025,W,treib001,R,R,8,8,3,3,0,0,0,0,2,0,0,0,0,0,0,0,0
2025,W,varll001,R,L,10,10,3,4,1,0,0,0,1,0,0,1,0,0,0,0,0
2025,W,varll001,R,R,12,10,3,3,0,0,0,0,0,2,0,3,0,0,0,0,0
2025,W,wrobj001,L,L,11,10,2,2,0,0,0,0,0,0,0,3,0,1,0,0,0
2025,W,wrobj001,L,R,9,9,2,3,1,0,0,0,0,0,0,3,0,0,0,0,0
2025,W,yamay001,R,L,27,26,2,3,1,0,0,0,0,1,0,7,1,0,0,0,0
2025,W,yamay001,R,R,38,33,8,11,3,0,0,0,2,1,0,8,2,2,1,1,0
2025,W,yesat001,R,L,17,14,2,5,0,0,1,0,1,2,0,6,1,1,0,0,0
2025,W,yesat001,R,R,31,29,6,9,0,0,1,0,3,2,0,11,1,0,0,0,0
