YEAR,PHASE,RESP_PIT_ID,SITUATION,B_PA,B_AB,B_H,B_TB,B_2B,B_3B,B_HR,B_HR4,B_RBI,B_BB,B_IBB,B_SO,B_GDP,B_HP,B_SH,B_SF,B_XI
2025,R,abboa001,empty,406,377,89,144,17,1,12,0,12,28,0,93,0,1,0,0,0
2025,R,abboa001,loaded,14,13,3,4,1,0,0,0,7,1,0,1,2,0,0,0,0
2025,R,abboa001,menon,278,254,59,92,12,0,7,0,43,15,0,56,10,2,3,4,0
2025,R,abboa001,scoring,137,121,23,34,5,0,2,0,31,11,0,33,3,1,0,4,0
2025,R,abelm001,empty,108,102,22,46,1,1,7,0,7,6,0,28,0,0,0,0,0
2025,R,abelm001,loaded,9,6,3,7,1,0,1,1,12,3,0,1,0,0,0,0,0
2025,R,abelm001,menon,66,55,21,27,1,1,1,1,19,10,0,11,3,1,0,0,0
2025,R,abelm001,scoring,40,30,11,17,1,1,1,1,19,9,0,6,2,1,0,0,0
2025,R,abnep001,empty,1,1,1,1,0,0,0,0,0,0,0,0,0,0,0,0,0
2025,R,abnep001,loaded,6,5,1,2,1,0,0,0,4,1,0,2,0,0,0,0,0
2025,R,abnep001,menon,17,14,4,6,2,0,0,0,5,3,0,5,1,0,0,0,0
2025,R,abnep001,scoring,12,9,2,3,1,0,0,0,4,3,0,3,1,0,0,0,0
2025,R,abreb002,empty,148,126,27,36,6,0,1,0,1,21,0,46,0,1,0,0,0
2025,R,abreb002,loaded,9,6,3,4,1,0,0,0,9,2,0,1,0,0,0,1,0
2025,R,abreb002,menon,148,134,24,36,3,0,3,0,22,10,0,59,1,3,0,1,0
2025,R,abreb002,scoring,82,71,9,17,2,0,2,0,19,8,0,36,0,2,0,1,0
2025,R,actog001,empty,1,0,0,0,0,0,0,0,0,1,0,0,0,0,0,0,0
2025,R,actog001,menon,4,3,0,0,0,0,0,0,0,1,0,0,0,0,0,0,0
2025,R,actog001,scoring,2,1,0,0,0,0,0,0,0,1,0,0,0,0,0,0,0
2025,R,adamj002,empty,147,133,28,33,2,0,1,0,1,13,0,35,0,1,0,0,0
2025,R,adamj002,loaded,12,10,1,2,1,0,0,0,5,1,0,3,0,0,0,1,0
2025,R,adamj002,menon,123,105,22,34,3,0,3,0,18,12,3,35,5,2,1,2,1
2025,R,adamj002,scoring,73,58,11,17,3,0,1,0,14,10,3,21,1,2,0,2,1
2025,R,adamt002,empty,89,80,21,38,6,1,3,0,3,5,0,21,0,3,0,0,1
2025,R,adamt002,loaded,4,4,2,2,0,0,0,0,3,0,0,0,0,0,0,0,0
2025,R,adamt002,menon,69,52,18,30,3,0,3,0,21,12,0,10,0,0,0,5,0
2025,R,adamt002,scoring,52,37,11,18,1,0,2,0,17,10,0,8,0,0,0,5,0
2025,R,adcot001,empty,7,6,2,5,0,0,1,0,1,1,0,2,0,0,0,0,0
2025,R,adcot001,loaded,1,1,0,0,0,0,0,0,0,0,0,0,0,0,0,0,0
2025,R,adcot001,menon,7,5,0,0,0,0,0,0,0,1,0,3,0,0,0,0,1
2025,R,adcot001,scoring,2,1,0,0,0,0,0,0,0,0,0,0,0,0,0,0,1
2025,R,agnoz001,empty,78,71,20,42,5,1,5,0,5,7,0,7,0,0,0,0,0
2025,R,agnoz001,loaded,2,1,0,0,0,0,0,0,1,0,0,0,0,0,0,1,0
2025,R,agnoz001,menon,60,48,11,16,5,0,0,0,11,10,0,12,2,0,1,1,0
2025,R,agnoz001,scoring,39,31,7,9,2,0,0,0,9,6,0,9,0,0,1,1,0
2025,R,akink001,empty,138,119,29,46,5,0,4,0,4,18,0,30,0,1,0,0,0
2025,R,akink001,loaded,9,8,2,5,0,0,1,1,7,0,0,1,1,0,0,1,0
2025,R,akink001,menon,130,113,25,47,4,0,6,1,28,15,2,29,5,0,0,2,0
2025,R,akink001,scoring,73,64,15,25,1,0,3,1,21,7,2,15,3,0,0,2,0
2025,R,alcaj001,empty,130,113,31,60,11,0,6,0,6,17,0,32,0,0,0,0,0
2025,R,alcaj001,loaded,13,11,6,10,1,0,1,1,15,0,0,2,0,0,0,2,0
2025,R,alcaj001,menon,127,108,35,62,6,0,7,1,39,13,1,29,3,1,1,4,0
2025,R,alcaj001,scoring,87,72,26,43,5,0,4,1,33,9,1,19,1,1,1,4,0
2025,R,alcas001,empty,431,395,83,145,23,0,13,0,13,31,0,80,0,5,0,0,0
2025,R,alcas001,loaded,13,7,3,3,0,0,0,0,13,1,0,2,0,1,0,3,1
2025,R,alcas001,menon,314,274,82,125,16,0,9,0,91,26,0,62,9,4,0,9,1
2025,R,alcas001,scoring,203,170,55,84,11,0,6,0,82,20,0,37,2,3,0,9,1
2025,R,aldes001,empty,32,29,12,21,3,0,2,0,2,2,0,5,0,1,0,0,0
2025,R,aldes001,loaded,4,3,1,1,0,0,0,0,3,1,0,1,0,0,0,0,0
2025,R,aldes001,menon,41,29,8,12,1,0,1,0,10,8,0,7,2,3,0,1,0
2025,R,aldes001,scoring,29,22,7,11,1,0,1,0,10,4,0,6,0,2,0,1,0
2025,R,alexj001,empty,204,184,47,74,7,1,6,0,6,19,0,45,0,1,0,0,0
2025,R,alexj001,loaded,6,5,1,4,0,0,1,1,7,1,0,0,0,0,0,0,0
2025,R,alexj001,menon,132,121,33,69,7,1,9,1,37,7,0,20,6,2,0,2,0
2025,R,alexj001,scoring,59,52,16,33,3,1,4,1,26,3,0,10,0,2,0,2,0
2025,R,alexs001,empty,38,34,14,27,7,0,2,0,2,3,0,3,0,1,0,0,0
2025,R,alexs001,loaded,5,4,1,2,1,0,0,0,6,1,0,0,1,0,0,0,0
2025,R,alexs001,menon,43,37,9,20,2,0,3,0,17,6,0,5,4,0,0,0,0
2025,R,alexs001,scoring,32,26,6,14,2,0,2,0,15,6,0,4,2,0,0,0,0
2025,R,alext001,empty,216,200,46,66,8,0,4,0,4,16,0,46,0,0,0,0,0
2025,R,alext001,loaded,7,7,3,3,0,0,0,0,5,0,0,2,1,0,0,0,0
2025,R,alext001,menon,207,186,61,91,9,3,5,0,54,14,5,36,8,2,2,2,1
2025,R,alext001,scoring,125,109,34,54,5,3,3,0,49,12,5,19,3,1,0,2,1
2025,R,allak001,empty,153,147,38,57,8,1,3,0,3,5,0,27,0,1,0,0,0
2025,R,allak001,loaded,4,4,2,2,0,0,0,0,4,0,0,1,0,0,0,0,0
2025,R,allak001,menon,113,98,26,37,5,0,2,0,22,9,3,15,5,0,3,3,0
2025,R,allak001,scoring,68,56,13,19,3,0,1,0,20,6,3,7,2,0,3,3,0
2025,R,allel003,empty,373,335,88,130,15,0,9,0,9,35,0,68,0,3,0,0,0
2025,R,allel003,loaded,7,5,1,1,0,0,0,0,5,0,0,0,1,0,0,2,0
2025,R,allel003,menon,303,265,69,112,16,0,9,0,62,27,1,54,15,3,2,5,1
2025,R,allel003,scoring,155,128,31,44,7,0,2,0,44,17,1,26,5,2,2,5,1
2025,R,altad001,empty,68,59,14,27,4,0,3,0,3,7,0,11,0,2,0,0,0
2025,R,altad001,loaded,2,1,1,1,0,0,0,0,3,1,0,0,0,0,0,0,0
2025,R,altad001,menon,52,41,5,9,1,0,1,0,7,8,0,10,2,2,1,0,0
2025,R,altad001,scoring,28,18,3,4,1,0,0,0,5,7,0,3,0,2,1,0,0
2025,R,alvaa003,empty,57,51,8,11,0,0,1,0,1,6,0,13,0,0,0,0,0
2025,R,alvaa003,menon,41,36,8,10,2,0,0,0,3,4,0,7,2,1,0,0,0
2025,R,alvaa003,scoring,20,18,2,3,1,0,0,0,3,1,0,4,1,1,0,0,0
2025,R,alvae002,empty,107,90,19,34,3,0,4,0,4,15,0,26,0,2,0,0,0
2025,R,alvae002,loaded,4,3,2,5,0,0,1,1,6,1,0,1,0,0,0,0,0
2025,R,alvae002,menon,76,69,15,25,4,0,2,1,13,7,1,24,1,0,0,0,0
2025,R,alvae002,scoring,43,38,8,15,1,0,2,1,12,5,1,15,0,0,0,0,0
2025,R,alvaj004,empty,65,62,16,26,1,0,3,0,3,2,0,17,0,1,0,0,0
2025,R,alvaj004,loaded,7,7,0,0,0,0,0,0,0,0,0,6,0,0,0,0,0
2025,R,alvaj004,menon,49,41,11,15,1,0,1,0,7,5,0,15,0,0,2,1,0
2025,R,alvaj004,scoring,33,28,5,8,0,0,1,0,6,4,0,11,0,0,0,1,0
2025,R,amayj001,menon,3,2,0,0,0,0,0,0,1,0,0,0,0,0,0,1,0
2025,R,amayj001,scoring,1,0,0,0,0,0,0,0,1,0,0,0,0,0,0,1,0
2025,D,andeg002,empty,4,4,1,1,0,0,0,0,0,0,0,1,0,0,0,0,0
2025,R,andeg002,empty,151,137,29,52,5,0,6,0,6,14,0,31,0,0,0,0,0
2025,L,andeg002,loaded,1,1,0,0,0,0,0,0,0,0,0,0,1,0,0,0,0
2025,R,andeg002,loaded,15,13,5,6,1,0,0,0,12,2,0,3,1,0,0,0,0
2025,D,andeg002,menon,2,2,0,0,0,0,0,0,0,0,0,1,0,0,0,0,0
2025,L,andeg002,menon,1,1,0,0,0,0,0,0,0,0,0,0,1,0,0,0,0
2025,R,andeg002,menon,148,127,30,41,3,1,2,0,33,15,3,43,4,2,2,2,0
2025,L,andeg002,scoring,1,1,0,0,0,0,0,0,0,0,0,0,1,0,0,0,0
2025,R,andeg002,scoring,91,74,21,27,3,0,1,0,30,12,3,20,1,1,2,2,0
2025,R,andei001,empty,23,19,7,10,0,0,1,0,1,4,0,4,0,0,0,0,0
2025,R,andei001,loaded,2,2,0,0,0,0,0,0,0,0,0,0,0,0,0,0,0
2025,R,andei001,menon,28,25,10,15,2,0,1,0,7,3,1,4,0,0,0,0,0
2025,R,andei001,scoring,16,14,5,7,2,0,0,0,5,2,1,3,0,0,0,0,0
2025,R,anden001,empty,29,28,7,14,1,0,2,0,2,1,0,5,0,0,0,0,0
2025,R,anden001,loaded,4,4,3,4,1,0,0,0,5,0,0,0,0,0,0,0,0
2025,R,anden001,menon,32,31,10,16,3,0,1,0,12,1,0,5,1,0,0,0,0
2025,R,anden001,scoring,20,19,8,13,2,0,1,0,12,1,0,1,0,0,0,0,0
2025,R,andes002,empty,32,31,12,21,0,0,3,0,3,1,0,5,0,0,0,0,0
2025,R,andes002,menon,24,22,8,18,1,0,3,0,9,2,0,6,1,0,0,0,0
2025,R,andes002,scoring,10,10,3,9,0,0,2,0,6,0,0,4,0,0,0,0,0
2025,R,andet002,empty,346,316,83,163,19,2,19,0,19,29,0,52,0,1,0,0,0
2025,R,andet002,loaded,11,9,1,1,0,0,0,0,4,1,0,3,1,0,0,1,0
2025,R,andet002,menon,253,217,52,91,10,1,9,0,48,28,4,52,7,2,0,6,0
2025,R,andet002,scoring,146,121,25,36,3,1,2,0,33,19,4,33,2,0,0,6,0
2025,R,arial001,empty,28,24,7,13,1,1,1,0,1,2,0,4,0,2,0,0,0
2025,R,arial001,loaded,2,2,1,1,0,0,0,0,2,0,0,1,0,0,0,0,0
2025,R,arial001,menon,27,23,10,16,1,1,1,0,10,3,0,6,0,0,0,1,0
2025,R,arial001,scoring,19,16,7,11,1,0,1,0,9,2,0,3,0,0,0,1,0
2025,R,armss001,empty,148,136,23,36,3,2,2,0,2,12,0,36,0,0,0,0,0
2025,R,armss001,loaded,10,7,2,5,0,0,1,1,10,0,0,1,0,0,0,3,0
2025,R,armss001,menon,136,118,17,31,5,0,3,1,26,8,0,38,4,6,0,4,0
2025,R,armss001,scoring,82,67,9,17,2,0,2,1,22,7,0,24,2,4,0,4,0
2025,R,arris001,empty,92,80,16,32,4,0,4,0,4,11,0,19,0,1,0,0,0
2025,R,arris001,loaded,8,6,1,1,0,0,0,0,3,0,0,3,1,1,0,1,0
2025,R,arris001,menon,64,51,14,22,0,1,2,0,15,9,0,12,2,2,0,2,0
2025,R,arris001,scoring,44,34,11,19,0,1,2,0,15,7,0,8,1,1,0,2,0
2025,D,ashba003,empty,12,11,2,2,0,0,0,0,0,1,0,2,0,0,0,0,0
2025,L,ashba003,empty,2,1,1,3,0,1,0,0,0,1,0,0,0,0,0,0,0
2025,R,ashba003,empty,142,129,35,47,4,1,2,0,2,11,0,37,0,2,0,0,0
2025,D,ashba003,loaded,2,2,0,0,0,0,0,0,0,0,0,1,0,0,0,0,0
2025,R,ashba003,loaded,7,6,1,1,0,0,0,0,3,1,0,3,0,0,0,0,0
2025,D,ashba003,menon,13,8,3,6,0,0,1,0,4,3,0,2,0,1,1,0,0
2025,L,ashba003,menon,9,8,2,3,1,0,0,0,2,1,0,3,0,0,0,0,0
2025,R,ashba003,menon,128,109,19,27,3,1,1,0,16,13,0,39,9,2,2,1,1
2025,D,ashba003,scoring,8,6,2,5,0,0,1,0,4,2,0,2,0,0,0,0,0
2025,L,ashba003,scoring,5,4,2,3,1,0,0,0,2,1,0,2,0,0,0,0,0
2025,R,ashba003,scoring,72,62,10,14,1,0,1,0,15,6,0,22,4,1,1,1,1
2025,R,ashcb001,empty,159,145,39,54,7,1,2,0,2,13,0,40,0,1,0,0,0
2025,R,ashcb001,loaded,6,6,1,2,1,0,0,0,2,0,0,2,0,0,0,0,0
2025,R,ashcb001,menon,133,119,24,36,9,0,1,0,19,11,1,31,2,1,1,1,0
2025,R,ashcb001,scoring,66,58,13,17,4,0,0,0,16,6,1,11,2,0,1,1,0
2025,F,ashcg001,empty,1,1,1,1,0,0,0,0,0,0,0,0,0,0,0,0,0
2025,R,ashcg001,empty,130,117,26,42,10,0,2,0,2,13,0,36,0,0,0,0,0
2025,F,ashcg001,loaded,1,1,0,0,0,0,0,0,0,0,0,0,0,0,0,0,0
2025,R,ashcg001,loaded,12,12,2,3,1,0,0,0,4,0,0,1,2,0,0,0,0
2025,F,ashcg001,menon,5,4,1,1,0,0,0,0,0,0,0,0,0,1,0,0,0
2025,R,ashcg001,menon,154,137,42,50,8,0,0,0,27,12,0,28,8,0,5,0,0
2025,F,ashcg001,scoring,4,3,0,0,0,0,0,0,0,0,0,0,0,1,0,0,0
2025,R,ashcg001,scoring,115,101,29,36,7,0,0,0,27,10,0,22,3,0,4,0,0
2025,R,assaj001,empty,96,87,20,30,3,2,1,0,1,6,0,15,0,3,0,0,0
2025,R,assaj001,menon,57,49,13,22,1,1,2,0,11,6,0,8,5,1,0,1,0
2025,R,assaj001,scoring,31,28,8,15,1,0,2,0,10,2,0,6,1,0,0,1,0
2025,R,avill002,empty,32,27,4,5,1,0,0,0,0,5,0,9,0,0,0,0,0
2025,R,avill002,loaded,2,2,0,0,0,0,0,0,0,0,0,2,0,0,0,0,0
2025,R,avill002,menon,24,22,3,5,2,0,0,0,2,1,0,7,0,0,0,1,0
2025,R,avill002,scoring,12,11,1,1,0,0,0,0,1,0,0,6,0,0,0,1,0
2025,R,bachl001,empty,157,135,22,37,1,1,4,0,4,19,0,41,0,3,0,0,0
2025,R,bachl001,loaded,8,5,2,5,1,1,0,0,9,1,0,1,0,0,0,2,0
2025,R,bachl001,menon,139,123,33,63,8,2,6,0,41,11,3,34,5,0,1,4,0
2025,R,bachl001,scoring,79,69,19,38,5,1,4,0,35,6,3,17,2,0,0,4,0
2025,R,bachs001,empty,46,43,10,14,1,0,1,0,1,3,0,10,0,0,0,0,0
2025,R,bachs001,loaded,6,4,2,3,1,0,0,0,6,2,0,1,0,0,0,0,0
2025,R,bachs001,menon,48,39,12,15,3,0,0,0,13,7,0,8,2,1,1,0,0
2025,R,bachs001,scoring,28,21,7,8,1,0,0,0,11,6,0,5,1,0,1,0,0
2025,R,backk001,empty,50,44,15,25,4,0,2,0,2,5,0,8,0,1,0,0,0
2025,R,backk001,loaded,5,4,0,0,0,0,0,0,1,0,0,0,1,0,0,1,0
2025,R,backk001,menon,65,55,13,21,3,1,1,0,13,3,0,14,3,2,3,2,0
2025,R,backk001,scoring,34,26,8,12,1,0,1,0,11,2,0,5,1,2,2,2,0
2025,R,bakeb001,empty,168,159,37,76,7,1,10,0,10,9,0,51,0,0,0,0,0
2025,R,bakeb001,loaded,3,3,0,0,0,0,0,0,0,0,0,1,0,0,0,0,0
2025,R,bakeb001,menon,106,96,22,35,2,1,3,0,21,8,0,32,6,0,1,1,0
2025,R,bakeb001,scoring,66,58,13,20,2,1,1,0,17,6,0,21,3,0,1,1,0
2025,L,banda001,empty,3,3,0,0,0,0,0,0,0,0,0,1,0,0,0,0,0
2025,R,banda001,empty,148,134,28,47,7,0,4,0,4,13,0,34,0,1,0,0,0
2025,W,banda001,empty,3,3,2,2,0,0,0,0,0,0,0,0,0,0,0,0,0
2025,D,banda001,loaded,1,1,0,0,0,0,0,0,0,0,0,1,0,0,0,0,0
2025,R,banda001,loaded,10,9,2,8,0,0,2,2,9,0,0,2,1,0,0,1,0
2025,W,banda001,loaded,2,2,1,4,0,0,1,1,4,0,0,0,0,0,0,0,0
2025,D,banda001,menon,4,3,0,0,0,0,0,0,0,1,1,2,0,0,0,0,0
2025,L,banda001,menon,3,3,1,1,0,0,0,0,1,0,0,0,0,0,0,0,0
2025,R,banda001,menon,120,95,17,34,3,1,4,2,22,21,6,27,3,1,0,3,0
2025,W,banda001,menon,13,12,4,10,0,0,2,1,9,1,1,0,0,0,0,0,0
2025,D,banda001,scoring,4,3,0,0,0,0,0,0,0,1,1,2,0,0,0,0,0
2025,L,banda001,scoring,2,2,0,0,0,0,0,0,1,0,0,0,0,0,0,0,0
2025,R,banda001,scoring,85,62,11,25,3,1,3,2,20,19,6,19,1,1,0,3,0
2025,W,banda001,scoring,9,8,3,6,0,0,1,1,7,1,1,0,0,0,0,0,0
2025,D,bankt001,empty,3,3,1,1,0,0,0,0,0,0,0,0,0,0,0,0,0
2025,R,bankt001,empty,150,143,30,42,4,1,2,0,2,6,0,37,0,1,0,0,0
2025,R,bankt001,loaded,7,6,1,1,0,0,0,0,4,0,0,1,1,0,0,1,0
2025,D,bankt001,menon,1,1,0,0,0,0,0,0,0,0,0,0,0,0,0,0,0
2025,R,bankt001,menon,117,107,26,51,2,1,7,0,29,6,1,24,3,0,3,1,0
2025,D,bankt001,scoring,1,1,0,0,0,0,0,0,0,0,0,0,0,0,0,0,0
2025,R,bankt001,scoring,66,58,12,27,1,1,4,0,22,5,1,10,2,0,2,1,0
2025,R,barch001,empty,6,6,2,3,1,0,0,0,0,0,0,2,0,0,0,0,0
2025,R,barch001,menon,6,6,1,1,0,0,0,0,0,0,0,1,0,0,0,0,0
2025,R,barch001,scoring,4,4,0,0,0,0,0,0,0,0,0,1,0,0,0,0,0
2025,F,barls001,empty,5,5,0,0,0,0,0,0,0,0,0,4,0,0,0,0,0
2025,R,barls001,empty,150,129,28,49,4,1,5,0,5,18,0,40,0,3,0,0,0
2025,R,barls001,loaded,23,21,2,6,1,0,1,1,9,1,0,8,1,0,0,1,0
2025,R,barls001,menon,153,121,22,35,4,0,3,1,22,27,3,35,3,3,0,2,0
2025,R,barls001,scoring,109,86,13,18,2,0,1,1,17,20,3,27,2,1,0,2,0
2025,R,barnj002,empty,15,14,4,5,1,0,0,0,0,1,0,2,0,0,0,0,0
2025,R,barnj002,loaded,3,3,2,5,0,0,1,1,5,0,0,0,0,0,0,0,0
2025,R,barnj002,menon,21,17,6,9,0,0,1,1,8,2,0,3,1,0,0,2,0
2025,R,barnj002,scoring,17,13,4,7,0,0,1,1,8,2,0,2,1,0,0,2,0
2025,R,barnm002,empty,48,42,12,20,2,0,2,0,2,5,0,10,0,1,0,0,0
2025,R,barnm002,loaded,4,1,1,1,0,0,0,0,4,2,0,0,0,0,0,1,0
2025,R,barnm002,menon,56,49,14,21,4,0,1,0,15,6,0,8,2,0,0,1,0
2025,R,barnm002,scoring,35,31,9,16,4,0,1,0,15,3,0,6,1,0,0,1,0
2025,R,barnt001,empty,2,2,2,2,0,0,0,0,0,0,0,0,0,0,0,0,0
2025,R,barnt001,loaded,1,1,0,0,0,0,0,0,1,0,0,0,0,0,0,0,0
2025,R,barnt001,menon,9,8,3,4,1,0,0,0,3,0,0,0,1,1,0,0,0
2025,R,barnt001,scoring,6,6,2,3,1,0,0,0,3,0,0,0,1,0,0,0,0
2025,R,bassb002,empty,25,20,4,5,1,0,0,0,0,5,0,5,0,0,0,0,0
2025,R,bassb002,loaded,5,5,2,2,0,0,0,0,2,0,0,1,0,0,0,0,0
2025,R,bassb002,menon,31,27,8,9,1,0,0,0,5,4,1,3,2,0,0,0,0
2025,R,bassb002,scoring,19,16,6,6,0,0,0,0,4,3,1,1,0,0,0,0,0
2025,L,bassc001,empty,6,6,0,0,0,0,0,0,0,0,0,2,0,0,0,0,0
2025,R,bassc001,empty,433,395,103,167,19,3,13,0,13,33,0,100,0,5,0,0,0
2025,W,bassc001,empty,13,11,1,1,0,0,0,0,0,2,0,4,0,0,0,0,0
2025,L,bassc001,loaded,1,0,0,0,0,0,0,0,1,0,0,0,0,0,0,1,0
2025,R,bassc001,loaded,7,6,1,1,0,0,0,0,4,0,0,0,0,0,0,1,0
2025,L,bassc001,menon,2,1,0,0,0,0,0,0,1,0,0,1,0,0,0,1,0
2025,R,bassc001,menon,303,272,71,110,12,0,9,0,56,19,0,66,15,8,1,3,0
2025,W,bassc001,menon,9,8,2,2,0,0,0,0,1,0,0,3,1,0,0,1,0
2025,L,bassc001,scoring,2,1,0,0,0,0,0,0,1,0,0,1,0,0,0,1,0
2025,R,bassc001,scoring,172,153,34,61,9,0,6,0,50,10,0,40,7,6,0,3,0
2025,W,bassc001,scoring,3,2,0,0,0,0,0,0,1,0,0,0,0,0,0,1,0
2025,R,bauej001,empty,10,8,1,2,1,0,0,0,0,0,0,0,0,2,0,0,0
2025,R,bauej001,loaded,5,4,1,2,1,0,0,0,3,0,0,0,0,0,0,1,0
2025,R,bauej001,menon,19,15,7,8,1,0,0,0,4,3,0,1,0,0,0,1,0
2025,R,bauej001,scoring,14,11,5,6,1,0,0,0,4,2,0,0,0,0,0,1,0
2025,R,bautf001,empty,81,68,9,20,2,0,3,0,3,13,0,24,0,0,0,0,0
2025,R,bautf001,loaded,1,1,0,0,0,0,0,0,0,0,0,1,0,0,0,0,0
2025,R,bautf001,menon,61,51,7,9,2,0,0,0,6,10,0,26,0,0,0,0,0
2025,R,bautf001,scoring,45,39,7,9,2,0,0,0,6,6,0,18,0,0,0,0,0
2025,R,baz-s001,empty,414,372,92,156,25,0,13,0,13,35,0,98,0,7,0,0,0
2025,R,baz-s001,loaded,9,8,2,3,1,0,0,0,5,0,0,2,1,0,0,1,0
2025,R,baz-s001,menon,297,261,66,118,11,1,13,0,64,29,0,78,19,2,1,4,0
2025,R,baz-s001,scoring,178,155,37,73,6,0,10,0,55,17,0,53,8,1,1,4,0
2025,D,bazae001,empty,15,15,4,7,3,0,0,0,0,0,0,7,0,0,0,0,0
2025,L,bazae001,empty,16,16,4,8,1,0,1,0,1,0,0,4,0,0,0,0,0
2025,R,bazae001,empty,176,161,35,57,4,0,6,0,6,14,0,45,0,1,0,0,0
2025,D,bazae001,loaded,1,1,0,0,0,0,0,0,0,0,0,0,0,0,0,0,0
2025,R,bazae001,loaded,6,5,1,4,0,0,1,1,6,0,0,0,0,0,0,1,0
2025,D,bazae001,menon,9,7,2,5,0,0,1,0,3,1,1,1,0,0,1,0,0
2025,L,bazae001,menon,6,6,1,4,0,0,1,0,3,0,0,1,0,0,0,0,0
2025,R,bazae001,menon,137,119,18,30,1,1,3,1,19,13,2,37,5,1,0,4,0
2025,D,bazae001,scoring,7,5,2,5,0,0,1,0,3,1,1,1,0,0,1,0,0
2025,L,bazae001,scoring,3,3,1,4,0,0,1,0,3,0,0,0,0,0,0,0,0
2025,R,bazae001,scoring,81,66,6,12,0,0,2,1,16,10,2,26,1,1,0,4,0
2025,R,beckt002,empty,144,133,28,52,7,1,5,0,5,11,0,31,0,0,0,0,0
2025,R,beckt002,loaded,4,3,3,4,1,0,0,0,5,0,0,0,0,0,0,1,0
2025,R,beckt002,menon,88,78,19,28,1,1,2,0,21,5,0,10,4,2,0,3,0
2025,R,beckt002,scoring,45,39,11,12,1,0,0,0,16,3,0,3,0,0,0,3,0
2025,D,bednd001,empty,4,4,1,2,1,0,0,0,0,0,0,2,0,0,0,0,0
2025,F,bednd001,empty,7,6,1,1,0,0,0,0,0,1,0,3,0,0,0,0,0
2025,R,bednd001,empty,148,134,24,41,4,2,3,0,3,13,0,47,0,1,0,0,0
2025,R,bednd001,loaded,5,4,0,0,0,0,0,0,1,1,0,4,0,0,0,0,0
2025,D,bednd001,menon,7,7,0,0,0,0,0,0,0,0,0,3,0,0,0,0,0
2025,F,bednd001,menon,4,4,1,2,1,0,0,0,1,0,0,1,0,0,0,0,0
2025,R,bednd001,menon,103,96,22,29,4,0,1,0,14,6,2,39,3,0,0,1,0
2025,D,bednd001,scoring,6,6,0,0,0,0,0,0,0,0,0,3,0,0,0,0,0
2025,F,bednd001,scoring,1,1,1,2,1,0,0,0,1,0,0,0,0,0,0,0,0
2025,R,bednd001,scoring,62,56,9,10,1,0,0,0,11,5,2,25,1,0,0,1,0
2025,R,beekj001,empty,114,102,23,40,5,0,4,0,4,10,0,20,0,2,0,0,0
2025,R,beekj001,loaded,6,6,2,3,1,0,0,0,5,0,0,2,0,0,0,0,0
2025,R,beekj001,menon,117,106,19,31,6,0,2,0,25,10,2,27,3,0,0,1,0
2025,R,beekj001,scoring,70,65,13,20,4,0,1,0,22,4,2,11,2,0,0,1,0
2025,R,beetc001,empty,63,53,5,8,0,0,1,0,1,10,0,23,0,0,0,0,0
2025,R,beetc001,loaded,3,3,1,1,0,0,0,0,2,0,0,1,0,0,0,0,0
2025,R,beetc001,menon,41,31,8,15,1,0,2,0,12,8,0,10,1,0,1,1,0
2025,R,beetc001,scoring,25,19,5,9,1,0,1,0,10,4,0,9,0,0,1,1,0
2025,F,bellb002,empty,7,6,2,2,0,0,0,0,0,1,0,0,0,0,0,0,0
2025,R,bellb002,empty,405,364,83,134,16,1,11,0,11,34,0,75,0,7,0,0,0
2025,R,bellb002,loaded,18,13,4,4,0,0,0,0,11,2,0,5,1,0,0,3,0
2025,F,bellb002,menon,4,4,2,5,0,0,1,0,2,0,0,0,1,0,0,0,0
2025,R,bellb002,menon,295,256,64,86,7,0,5,0,51,25,0,49,17,6,2,6,0
2025,R,bellb002,scoring,160,131,29,37,2,0,2,0,43,20,0,30,4,2,1,6,0
2025,R,bellv001,empty,205,189,53,97,9,1,11,0,11,14,0,40,0,2,0,0,0
2025,R,bellv001,loaded,10,9,4,5,1,0,0,0,7,1,0,0,1,0,0,0,0
2025,R,bellv001,menon,143,127,32,50,6,0,4,0,31,9,0,14,5,2,1,3,1
2025,R,bellv001,scoring,72,60,17,28,5,0,2,0,26,6,0,5,2,1,1,3,1
2025,R,benda001,empty,105,92,17,30,2,1,3,0,3,13,0,20,0,0,0,0,0
2025,R,benda001,loaded,3,3,1,2,1,0,0,0,3,0,0,0,0,0,0,0,0
2025,R,benda001,menon,99,89,15,20,5,0,0,0,10,8,2,22,2,2,0,0,0
2025,R,benda001,scoring,67,61,9,11,2,0,0,0,8,6,2,15,0,0,0,0,0
2025,R,bergr001,empty,201,179,36,56,3,1,5,0,5,21,0,49,0,1,0,0,0
2025,R,bergr001,loaded,6,4,2,3,1,0,0,0,5,1,0,1,0,0,0,1,0
2025,R,bergr001,menon,122,105,25,44,10,0,3,0,22,14,1,24,2,0,2,1,0
2025,R,bergr001,scoring,58,48,10,21,5,0,2,0,18,8,1,16,1,0,1,1,0
2025,R,bernb001,empty,103,91,16,25,6,0,1,0,1,9,0,22,0,2,0,0,1
2025,R,bernb001,loaded,12,6,3,3,0,0,0,0,11,3,0,1,0,1,0,2,0
2025,R,bernb001,menon,121,99,23,25,2,0,0,0,24,17,5,21,0,1,1,3,0
2025,R,bernb001,scoring,87,66,13,14,1,0,0,0,23,16,5,15,0,1,1,3,0
2025,R,berrj001,empty,410,376,97,150,16,2,11,0,11,28,0,81,0,6,0,0,0
2025,R,berrj001,loaded,6,6,1,2,1,0,0,0,2,0,0,2,0,0,0,0,0
2025,R,berrj001,menon,288,256,63,122,14,0,15,0,70,28,2,57,17,1,1,2,0
2025,R,berrj001,scoring,145,129,34,71,7,0,10,0,60,13,2,34,0,0,1,2,0
2025,R,bertj001,empty,8,7,2,3,1,0,0,0,0,1,0,0,0,0,0,0,0
2025,R,bertj001,loaded,2,1,0,0,0,0,0,0,1,1,0,0,0,0,0,0,0
2025,R,bertj001,menon,11,8,2,3,1,0,0,0,3,3,0,0,0,0,0,0,0
2025,R,bertj001,scoring,9,6,1,1,0,0,0,0,3,3,0,0,0,0,0,0,0
2025,F,bibet001,empty,12,12,4,5,1,0,0,0,0,0,0,3,0,0,0,0,0
2025,R,bibet001,empty,470,432,98,154,14,3,12,0,12,35,0,109,0,3,0,0,0
2025,F,bibet001,loaded,1,1,1,1,0,0,0,0,1,0,0,0,0,0,0,0,0
2025,R,bibet001,loaded,10,10,3,3,0,0,0,0,5,0,0,3,1,0,0,0,0
2025,F,bibet001,menon,10,7,1,1,0,0,0,0,1,3,0,3,0,0,0,0,0
2025,R,bibet001,menon,292,260,72,131,10,2,15,0,73,19,1,53,15,7,3,3,0
2025,F,bibet001,scoring,8,6,1,1,0,0,0,0,1,2,0,3,0,0,0,0,0
2025,R,bibet001,scoring,144,125,34,50,7,0,3,0,47,10,1,33,5,3,3,3,0
2025,R,bidoo001,empty,196,173,52,93,6,1,11,0,11,22,0,37,0,1,0,0,0
2025,R,bidoo001,loaded,8,6,3,6,0,0,1,1,10,0,0,2,0,0,0,2,0
2025,R,bidoo001,menon,167,140,41,75,10,0,8,1,44,13,1,31,5,5,1,8,0
2025,R,bidoo001,scoring,99,81,18,38,5,0,5,1,36,6,1,20,2,3,1,8,0
2025,D,biebs001,empty,6,6,2,3,1,0,0,0,0,0,0,2,0,0,0,0,0
2025,L,biebs001,empty,24,23,8,14,3,0,1,0,1,1,0,7,0,0,0,0,0
2025,R,biebs001,empty,113,107,24,48,3,0,7,0,7,5,0,31,0,1,0,0,0
2025,W,biebs001,empty,17,14,3,6,0,0,1,0,1,3,0,3,0,0,0,0,0
2025,R,biebs001,loaded,1,1,1,1,0,0,0,0,2,0,0,0,0,0,0,0,0
2025,D,biebs001,menon,9,7,3,4,1,0,0,0,3,1,0,0,0,0,0,1,0
2025,L,biebs001,menon,17,15,3,6,0,0,1,0,3,1,0,6,0,0,1,0,0
2025,R,biebs001,menon,46,44,10,15,2,0,1,0,8,2,0,6,4,0,0,0,0
2025,W,biebs001,menon,10,9,2,2,0,0,0,0,1,0,0,0,0,0,0,1,0
2025,D,biebs001,scoring,6,5,3,4,1,0,0,0,3,0,0,0,0,0,0,1,0
2025,L,biebs001,scoring,10,8,2,5,0,0,1,0,3,1,0,4,0,0,1,0,0
2025,R,biebs001,scoring,18,17,5,10,2,0,1,0,8,1,0,3,1,0,0,0,0
2025,W,biebs001,scoring,1,0,0,0,0,0,0,0,1,0,0,0,0,0,0,1,0
2025,R,biggh001,empty,44,41,10,23,1,0,4,0,4,2,0,9,0,1,0,0,0
2025,R,biggh001,loaded,1,1,0,0,0,0,0,0,0,0,0,0,0,0,0,0,0
2025,R,biggh001,menon,16,13,1,1,0,0,0,0,0,3,0,3,2,0,0,0,0
2025,R,biggh001,scoring,8,5,0,0,0,0,0,0,0,3,0,3,0,0,0,0,0
2025,R,birdh001,empty,166,145,39,62,10,2,3,0,3,18,0,41,0,3,0,0,0
2025,R,birdh001,loaded,7,4,2,3,1,0,0,0,8,1,0,1,0,0,0,2,0
2025,R,birdh001,menon,132,107,22,45,2,0,7,0,32,19,0,27,4,2,1,3,0
2025,R,birdh001,scoring,72,56,13,29,1,0,5,0,28,11,0,11,2,2,0,3,0
2025,R,birdj001,empty,101,94,25,31,6,0,0,0,0,7,0,31,0,0,0,0,0
2025,R,birdj001,loaded,14,13,5,11,0,0,2,2,15,0,0,5,0,0,0,1,0
2025,R,birdj001,menon,147,123,35,64,6,1,7,2,45,18,4,35,3,3,0,3,0
2025,R,birdj001,scoring,98,77,21,44,2,0,7,2,44,15,4,25,1,3,0,3,0
2025,R,bives001,empty,180,165,39,61,9,2,3,0,3,12,0,33,0,3,0,0,0
2025,R,bives001,loaded,14,13,3,3,0,0,0,0,6,1,0,2,1,0,0,0,0
2025,R,bives001,menon,163,144,44,65,6,3,3,0,45,13,1,28,9,2,2,2,0
2025,R,bives001,scoring,112,98,32,45,6,2,1,0,40,9,1,17,4,1,2,2,0
2025,R,blacm001,empty,9,9,2,5,1,1,0,0,0,0,0,4,0,0,0,0,0
2025,R,blacm001,menon,10,10,3,9,0,0,2,0,5,0,0,1,0,0,0,0,0
2025,R,blacm001,scoring,7,7,3,9,0,0,2,0,5,0,0,0,0,0,0,0,0
2025,D,blacp001,empty,2,2,2,6,1,0,1,0,1,0,0,0,0,0,0,0,0
2025,R,blacp001,empty,93,86,27,53,6,4,4,0,4,6,0,23,0,1,0,0,0
2025,R,blacp001,loaded,4,3,1,1,0,0,0,0,3,0,0,0,0,0,0,1,0
2025,D,blacp001,menon,8,7,4,5,1,0,0,0,3,0,0,0,0,0,0,1,0
2025,R,blacp001,menon,82,73,20,27,1,0,2,0,18,6,0,11,3,0,0,3,0
2025,D,blacp001,scoring,7,6,3,4,1,0,0,0,3,0,0,0,0,0,0,1,0
2025,R,blacp001,scoring,54,47,15,19,1,0,1,0,16,4,0,6,1,0,0,3,0
2025,R,blalb001,empty,156,139,41,67,2,0,8,0,8,14,0,19,0,3,0,0,0
2025,R,blalb001,loaded,2,1,1,1,0,0,0,0,3,0,0,0,0,0,0,1,0
2025,R,blalb001,menon,119,104,44,78,7,0,9,0,45,9,1,8,5,0,1,5,0
2025,R,blalb001,scoring,59,47,17,30,4,0,3,0,32,7,1,5,1,0,0,5,0
2025,R,blanr001,empty,125,111,22,38,7,0,3,0,3,14,0,29,0,0,0,0,0
2025,R,blanr001,loaded,1,1,0,0,0,0,0,0,0,0,0,0,0,0,0,0,0
2025,R,blanr001,menon,74,65,15,29,2,0,4,0,18,6,0,19,1,0,1,2,0
2025,R,blanr001,scoring,41,36,8,12,1,0,1,0,12,3,0,13,0,0,0,2,0
2025,R,blews001,empty,99,88,23,40,3,1,4,0,4,10,0,20,0,1,0,0,0
2025,R,blews001,loaded,2,2,0,0,0,0,0,0,1,0,0,1,0,0,0,0,0
2025,R,blews001,menon,95,83,22,39,2,0,5,0,23,8,0,15,2,0,2,2,0
2025,R,blews001,scoring,61,54,16,30,2,0,4,0,21,3,0,11,1,0,2,2,0
2025,R,bluba001,empty,79,73,13,27,2,0,4,0,4,6,0,24,0,0,0,0,0
2025,R,bluba001,loaded,1,1,1,4,0,0,1,1,4,0,0,0,0,0,0,0,0
2025,R,bluba001,menon,45,39,4,11,1,0,2,1,7,5,0,11,1,0,0,1,0
2025,R,bluba001,scoring,21,17,1,4,0,0,1,1,5,3,0,5,0,0,0,1,0
2025,R,boltc001,empty,4,4,1,1,0,0,0,0,0,0,0,1,0,0,0,0,0
2025,R,boltc001,menon,6,6,3,4,1,0,0,0,3,0,0,0,0,0,0,0,0
2025,R,boltc001,scoring,3,3,2,3,1,0,0,0,3,0,0,0,0,0,0,0,0
2025,R,boosc001,empty,73,61,11,23,3,0,3,0,3,11,0,18,0,1,0,0,0
2025,R,boosc001,loaded,9,9,4,8,1,0,1,1,8,0,0,1,0,0,0,0,0
2025,R,boosc001,menon,70,59,17,34,2,0,5,1,22,8,1,17,0,1,0,2,0
2025,R,boosc001,scoring,41,33,11,19,2,0,2,1,16,6,1,7,0,0,0,2,0
2025,R,borur001,empty,78,69,13,22,3,0,2,0,2,9,0,18,0,0,0,0,0
2025,R,borur001,loaded,4,1,0,0,0,0,0,0,3,1,0,1,0,1,0,1,0
2025,R,borur001,menon,67,56,16,27,5,0,2,0,22,7,1,14,2,1,1,2,0
2025,R,borur001,scoring,40,30,11,17,3,0,1,0,20,6,1,7,0,1,1,2,0
2025,R,bousc001,empty,108,98,27,40,4,0,3,0,3,8,0,25,0,2,0,0,0
2025,R,bousc001,loaded,6,6,4,5,1,0,0,0,7,0,0,0,1,0,0,0,0
2025,R,bousc001,menon,85,79,27,41,8,0,2,0,26,6,1,16,7,0,0,0,0
2025,R,bousc001,scoring,46,42,18,26,5,0,1,0,22,4,1,10,1,0,0,0,0
2025,R,bowdb001,empty,27,25,6,15,3,0,2,0,2,2,0,5,0,0,0,0,0
2025,R,bowdb001,menon,20,15,3,7,2,1,0,0,6,3,0,2,0,0,0,2,0
2025,R,bowdb001,scoring,18,15,3,7,2,1,0,0,6,1,0,2,0,0,0,2,0
2025,R,bowlj001,empty,100,94,20,32,6,0,2,0,2,6,0,26,0,0,0,0,0
2025,R,bowlj001,loaded,4,3,2,2,0,0,0,0,4,0,0,0,1,0,0,1,0
2025,R,bowlj001,menon,80,67,17,32,3,0,4,0,16,11,0,20,5,0,1,1,0
2025,R,bowlj001,scoring,53,42,10,22,0,0,4,0,16,9,0,14,3,0,1,1,0
2025,R,bowmm001,empty,61,57,17,26,6,0,1,0,1,4,0,9,0,0,0,0,0
2025,R,bowmm001,loaded,3,3,2,3,1,0,0,0,3,0,0,0,0,0,0,0,0
2025,R,bowmm001,menon,53,49,14,27,4,0,3,0,16,2,0,9,0,2,0,0,0
2025,R,bowmm001,scoring,35,32,10,20,1,0,3,0,14,1,0,4,0,2,0,0,0
2025,D,boydm001,empty,10,8,3,5,2,0,0,0,0,2,0,3,0,0,0,0,0
2025,F,boydm001,empty,10,9,2,3,1,0,0,0,0,1,0,2,0,0,0,0,0
2025,R,boydm001,empty,450,419,87,140,18,1,11,0,11,26,0,101,0,5,0,0,0
2025,R,boydm001,loaded,19,17,2,2,0,0,0,0,7,1,0,5,2,0,0,1,0
2025,D,boydm001,menon,17,14,3,5,2,0,0,0,3,2,0,4,0,0,1,0,0
2025,F,boydm001,menon,8,7,2,3,1,0,0,0,1,0,0,0,0,0,1,0,0
2025,R,boydm001,menon,268,237,67,102,7,2,8,0,55,16,0,53,15,4,5,6,0
2025,D,boydm001,scoring,12,9,3,5,2,0,0,0,3,2,0,2,0,0,1,0,0
2025,F,boydm001,scoring,7,7,2,3,1,0,0,0,1,0,0,0,0,0,0,0,0
2025,R,boydm001,scoring,142,122,44,66,4,0,6,0,48,11,0,24,7,2,1,6,0
2025,R,boylj001,empty,128,107,20,33,4,0,3,0,3,19,0,34,0,2,0,0,0
2025,R,boylj001,loaded,1,1,0,0,0,0,0,0,0,0,0,1,0,0,0,0,0
2025,R,boylj001,menon,98,88,23,40,8,0,3,0,24,9,1,24,4,1,0,0,0
2025,R,boylj001,scoring,56,49,16,31,6,0,3,0,24,6,1,15,0,1,0,0,0
2025,R,bradk001,empty,76,69,14,25,2,0,3,0,3,7,0,29,0,0,0,0,0
2025,R,bradk001,menon,50,46,9,9,0,0,0,0,6,3,0,18,3,1,0,0,0
2025,R,bradk001,scoring,23,22,6,6,0,0,0,0,6,1,0,8,0,0,0,0,0
2025,R,bradt002,empty,354,314,70,119,17,1,10,0,10,37,0,81,0,3,0,0,0
2025,R,bradt002,loaded,15,12,4,5,1,0,0,0,12,2,0,3,0,0,0,1,0
2025,R,bradt002,menon,251,225,61,98,10,0,9,0,63,19,0,46,15,1,1,5,0
2025,R,bradt002,scoring,141,123,35,58,5,0,6,0,56,12,0,25,2,1,0,5,0
2025,D,brasm001,empty,11,9,0,0,0,0,0,0,0,2,0,2,0,0,0,0,0
2025,L,brasm001,empty,9,8,0,0,0,0,0,0,0,0,0,1,0,1,0,0,0
2025,R,brasm001,empty,100,91,21,27,3,0,1,0,1,9,0,29,0,0,0,0,0
2025,L,brasm001,loaded,1,1,0,0,0,0,0,0,0,0,0,0,0,0,0,0,0
2025,R,brasm001,loaded,7,7,0,0,0,0,0,0,1,0,0,2,0,0,0,0,0
2025,D,brasm001,menon,7,7,1,2,1,0,0,0,2,0,0,5,0,0,0,0,0
2025,L,brasm001,menon,10,7,2,3,1,0,0,0,1,3,0,2,0,0,0,0,0
2025,R,brasm001,menon,99,83,20,32,3,0,3,0,15,9,2,29,5,2,4,1,0
2025,D,brasm001,scoring,3,3,1,2,1,0,0,0,2,0,0,2,0,0,0,0,0
2025,L,brasm001,scoring,7,4,1,2,1,0,0,0,1,3,0,2,0,0,0,0,0
2025,R,brasm001,scoring,53,42,8,9,1,0,0,0,7,7,2,17,1,1,2,1,0
2025,R,brasr001,empty,60,56,15,22,4,0,1,0,1,4,0,13,0,0,0,0,0
2025,R,brasr001,loaded,1,0,0,0,0,0,0,0,1,0,0,0,0,0,0,1,0
2025,R,brasr001,menon,45,42,12,18,3,0,1,0,12,1,0,7,3,0,0,2,0
2025,R,brasr001,scoring,30,28,7,11,1,0,1,0,12,0,0,6,1,0,0,2,0
2025,R,brazh001,empty,127,116,33,47,3,1,3,0,3,11,0,29,0,0,0,0,0
2025,R,brazh001,loaded,11,8,2,3,1,0,0,0,7,1,0,3,0,0,0,2,0
2025,R,brazh001,menon,135,109,18,31,4,0,3,0,24,16,1,28,8,4,2,4,0
2025,R,brazh001,scoring,79,61,12,17,2,0,1,0,20,10,1,15,1,2,2,4,0
2025,R,brebj001,empty,52,43,9,18,3,0,2,0,2,5,0,12,0,3,0,0,1
2025,R,brebj001,loaded,5,5,1,1,0,0,0,0,2,0,0,1,1,0,0,0,0
2025,R,brebj001,menon,63,54,19,32,4,0,3,0,22,7,0,14,1,1,0,1,0
2025,R,brebj001,scoring,40,34,15,28,4,0,3,0,22,5,0,8,1,0,0,1,0
2025,R,bridj001,empty,12,11,5,5,0,0,0,0,0,1,0,0,0,0,0,0,0
2025,R,bridj001,loaded,2,1,1,1,0,0,0,0,2,0,0,0,0,0,0,1,0
2025,R,bridj001,menon,25,20,9,14,2,0,1,0,10,2,0,2,0,2,0,1,0
2025,R,bridj001,scoring,17,14,5,10,2,0,1,0,10,2,0,1,0,0,0,1,0
2025,R,brieb001,empty,53,46,9,15,3,0,1,0,1,7,0,12,0,0,0,0,0
2025,R,brieb001,loaded,1,1,1,1,0,0,0,0,2,0,0,0,0,0,0,0,0
2025,R,brieb001,menon,50,42,15,28,1,0,4,0,19,5,1,4,0,0,1,2,0
2025,R,brieb001,scoring,31,24,9,19,1,0,3,0,17,4,1,3,0,0,1,2,0
2025,R,brigj002,empty,5,4,2,2,0,0,0,0,0,1,0,0,0,0,0,0,0
2025,R,brigj002,loaded,2,2,0,0,0,0,0,0,1,0,0,1,0,0,0,0,0
2025,R,brigj002,menon,13,13,5,8,0,0,1,0,5,0,0,3,0,0,0,0,0
2025,R,brigj002,scoring,8,8,3,3,0,0,0,0,3,0,0,2,0,0,0,0,0
2025,R,brogc001,empty,104,96,21,47,5,0,7,0,7,8,0,31,0,0,0,0,0
2025,R,brogc001,loaded,9,8,3,6,0,0,1,1,9,0,0,2,0,0,0,1,0
2025,R,brogc001,menon,95,82,24,42,4,1,4,1,29,10,4,18,3,0,1,2,0
2025,R,brogc001,scoring,71,60,15,28,2,1,3,1,27,8,4,15,2,0,1,2,0
2025,D,browb006,empty,5,4,1,2,1,0,0,0,0,1,0,2,0,0,0,0,0
2025,R,browb006,empty,268,248,63,109,9,2,11,0,11,19,0,67,0,1,0,0,0
2025,R,browb006,loaded,9,6,3,3,0,0,0,0,6,1,0,2,0,1,0,1,0
2025,D,browb006,menon,4,3,0,0,0,0,0,0,0,1,0,1,0,0,0,0,0
2025,R,browb006,menon,204,185,58,93,10,2,7,0,55,13,0,54,6,3,1,2,0
2025,D,browb006,scoring,4,3,0,0,0,0,0,0,0,1,0,1,0,0,0,0,0
2025,R,browb006,scoring,113,101,31,45,7,2,1,0,41,8,0,35,3,1,1,2,0
2025,R,browh001,empty,472,436,88,142,11,2,13,0,13,32,0,141,0,4,0,0,0
2025,R,browh001,loaded,7,7,1,1,0,0,0,0,2,0,0,1,1,0,0,0,0
2025,R,browh001,menon,257,225,45,68,9,1,4,0,41,25,1,65,18,3,2,2,0
2025,R,browh001,scoring,142,118,25,34,6,0,1,0,32,18,1,36,5,2,2,2,0
2025,R,browm007,empty,72,59,14,28,2,0,4,0,4,11,0,15,0,2,0,0,0
2025,R,browm007,loaded,4,3,2,3,1,0,0,0,4,0,0,0,0,0,0,1,0
2025,R,browm007,menon,54,44,16,26,4,0,2,0,16,6,0,8,3,3,0,1,0
2025,R,browm007,scoring,33,25,12,22,4,0,2,0,16,4,0,4,2,3,0,1,0
2025,R,brubj001,empty,71,66,13,16,3,0,0,0,0,5,0,15,0,0,0,0,0
2025,R,brubj001,loaded,2,1,0,0,0,0,0,0,2,1,0,0,0,0,0,0,0
2025,R,brubj001,menon,46,37,10,14,2,1,0,0,8,7,1,7,3,1,1,0,0
2025,R,brubj001,scoring,27,22,6,8,0,1,0,0,7,4,1,5,1,1,0,0,0
2025,D,bruij001,empty,3,3,2,2,0,0,0,0,0,0,0,0,0,0,0,0,0
2025,R,bruij001,empty,33,29,8,12,1,0,1,0,1,3,1,11,0,1,0,0,0
2025,R,bruij001,loaded,1,1,1,1,0,0,0,0,2,0,0,0,0,0,0,0,0
2025,D,bruij001,menon,1,1,1,4,0,0,1,0,2,0,0,0,0,0,0,0,0
2025,R,bruij001,menon,32,28,11,15,1,0,1,0,9,4,2,7,1,0,0,0,0
2025,D,bruij001,scoring,1,1,1,4,0,0,1,0,2,0,0,0,0,0,0,0,0
2025,R,bruij001,scoring,19,18,6,9,0,0,1,0,9,1,0,4,1,0,0,0,0
2025,R,brujv001,empty,4,3,1,1,0,0,0,0,0,1,0,0,0,0,0,0,0
2025,R,brujv001,menon,7,7,3,6,0,0,1,0,3,0,0,0,0,0,0,0,0
2025,R,brujv001,scoring,5,5,1,1,0,0,0,0,1,0,0,0,0,0,0,0,0
2025,R,brzyz001,empty,55,46,13,28,3,0,4,0,4,9,0,8,0,0,0,0,0
2025,R,brzyz001,loaded,3,2,1,1,0,0,0,0,3,0,0,0,0,1,0,0,0
2025,R,brzyz001,menon,55,50,15,23,2,0,2,0,17,3,0,16,1,2,0,0,0
2025,R,brzyz001,scoring,37,32,10,17,1,0,2,0,17,3,0,13,0,2,0,0,0
2025,R,bubik001,empty,268,242,59,83,12,3,2,0,2,23,0,71,0,3,0,0,0
2025,R,bubik001,loaded,10,9,1,2,1,0,0,0,4,1,0,2,0,0,0,0,0
2025,R,bubik001,menon,208,189,39,60,9,0,4,0,33,16,1,45,14,0,0,3,0
2025,R,bubik001,scoring,98,88,21,33,6,0,2,0,29,7,1,21,4,0,0,3,0
2025,R,buehw001,empty,330,296,76,121,10,1,11,0,11,28,0,49,0,5,0,0,1
2025,R,buehw001,loaded,17,10,1,4,0,0,1,1,13,4,0,1,0,2,0,1,0
2025,R,buehw001,menon,235,194,54,93,6,0,11,1,57,33,0,43,11,6,0,2,0
2025,R,buehw001,scoring,128,101,25,41,4,0,4,1,43,20,0,21,5,5,0,2,0
2025,R,bumma001,empty,113,102,24,34,5,1,1,0,1,7,0,29,0,4,0,0,0
2025,R,bumma001,loaded,4,3,2,4,0,1,0,0,5,0,0,0,1,0,0,1,0
2025,R,bumma001,menon,122,102,27,42,7,1,2,0,32,10,4,22,5,7,0,3,0
2025,R,bumma001,scoring,75,63,21,32,6,1,1,0,29,7,4,11,3,2,0,3,0
2025,R,burdn001,empty,11,11,4,5,1,0,0,0,0,0,0,3,0,0,0,0,0
2025,R,burdn001,loaded,1,1,0,0,0,0,0,0,0,0,0,0,0,0,0,0,0
2025,R,burdn001,menon,10,8,1,1,0,0,0,0,0,2,0,2,2,0,0,0,0
2025,R,burdn001,scoring,5,5,1,1,0,0,0,0,0,0,0,1,1,0,0,0,0
2025,R,burgj002,empty,25,22,7,12,2,0,1,0,1,2,0,5,0,1,0,0,0
2025,R,burgj002,loaded,2,2,0,0,0,0,0,0,0,0,0,0,0,0,0,0,0
2025,R,burgj002,menon,40,34,10,16,3,0,1,0,12,6,1,9,2,0,0,0,0
2025,R,burgj002,scoring,24,21,7,11,1,0,1,0,12,3,1,5,1,0,0,0,0
2025,R,burkb001,empty,126,117,27,46,4,3,3,0,3,7,0,27,0,2,0,0,0
2025,R,burkb001,loaded,10,7,2,2,0,0,0,0,8,2,0,1,0,0,0,1,0
2025,R,burkb001,menon,131,111,31,49,3,0,5,0,32,11,4,25,5,1,3,5,0
2025,R,burkb001,scoring,91,74,14,22,2,0,2,0,26,9,4,17,3,1,2,5,0
2025,R,burks001,empty,346,314,83,149,16,1,16,0,16,30,0,72,0,2,0,0,0
2025,R,burks001,loaded,11,9,1,1,0,0,0,0,4,0,0,2,1,0,0,2,0
2025,R,burks001,menon,250,208,48,83,14,0,7,0,49,33,0,61,6,4,1,3,1
2025,R,burks001,scoring,146,121,30,59,8,0,7,0,46,20,0,37,1,2,0,3,0
2025,R,burla001,empty,1,0,0,0,0,0,0,0,0,0,0,0,0,1,0,0,0
2025,R,burla001,menon,3,3,1,1,0,0,0,0,0,0,0,0,1,0,0,0,0
2025,R,burla001,scoring,2,2,0,0,0,0,0,0,0,0,0,0,1,0,0,0,0
2025,R,burnc002,empty,161,149,34,55,9,0,4,0,4,10,0,41,0,2,0,0,0
2025,R,burnc002,loaded,6,6,1,1,0,0,0,0,1,0,0,3,1,0,0,0,0
2025,R,burnc002,menon,104,84,15,28,4,0,3,0,13,16,1,22,5,1,2,1,0
2025,R,burnc002,scoring,65,50,6,14,2,0,2,0,10,13,1,16,3,1,0,1,0
2025,F,burnc003,empty,3,3,0,0,0,0,0,0,0,0,0,1,0,0,0,0,0
2025,R,burnc003,empty,105,96,22,36,5,0,3,0,3,9,0,37,0,0,0,0,0
2025,R,burnc003,loaded,4,4,1,1,0,0,0,0,2,0,0,2,0,0,0,0,0
2025,F,burnc003,menon,2,2,0,0,0,0,0,0,0,0,0,0,0,0,0,0,0
2025,R,burnc003,menon,83,75,19,34,7,1,2,0,19,7,0,30,1,0,1,0,0
2025,F,burnc003,scoring,2,2,0,0,0,0,0,0,0,0,0,0,0,0,0,0,0
2025,R,burnc003,scoring,49,46,14,25,6,1,1,0,17,3,0,15,0,0,0,0,0
2025,R,burrm001,empty,243,224,56,93,9,2,8,0,8,16,0,55,0,3,0,0,0
2025,R,burrm001,loaded,5,5,0,0,0,0,0,0,0,0,0,3,0,0,0,0,0
2025,R,burrm001,menon,159,138,32,49,2,0,5,0,29,15,1,42,8,2,0,4,0
2025,R,burrm001,scoring,81,68,16,26,1,0,3,0,24,8,1,20,2,1,0,4,0
2025,R,burrr002,empty,4,3,0,0,0,0,0,0,0,1,0,1,0,0,0,0,0
2025,R,burrr002,menon,4,4,1,1,0,0,0,0,0,0,0,2,0,0,0,0,0
2025,R,burrr002,scoring,2,2,0,0,0,0,0,0,0,0,0,1,0,0,0,0,0
2025,R,buttj001,empty,130,113,26,39,7,0,2,0,2,16,0,30,0,1,0,0,0
2025,R,buttj001,loaded,13,11,2,3,1,0,0,0,5,1,0,3,1,0,0,1,0
2025,R,buttj001,menon,154,129,36,55,9,2,2,0,39,16,2,28,6,1,2,5,1
2025,R,buttj001,scoring,100,77,22,33,8,0,1,0,34,15,2,14,2,0,2,5,1
2025,R,cabaj001,empty,5,4,1,2,1,0,0,0,0,1,0,0,0,0,0,0,0
2025,R,cabaj001,menon,4,4,4,12,2,0,2,0,6,0,0,0,0,0,0,0,0
2025,R,cabaj001,scoring,3,3,3,10,1,0,2,0,6,0,0,0,0,0,0,0,0
2025,R,cabre003,empty,349,309,71,116,15,0,10,0,10,34,0,81,0,6,0,0,0
2025,R,cabre003,loaded,9,9,1,1,0,0,0,0,1,0,0,5,0,0,0,0,0
2025,R,cabre003,menon,232,210,50,80,9,0,7,0,43,14,0,69,7,4,1,3,0
2025,R,cabre003,scoring,138,123,28,45,5,0,4,0,35,10,0,40,1,1,1,3,0
2025,R,cabrg001,empty,104,93,25,46,3,0,6,0,6,10,0,18,0,1,0,0,0
2025,R,cabrg001,loaded,7,7,2,6,1,0,1,1,7,0,0,3,0,0,0,0,0
2025,R,cabrg001,menon,83,72,21,44,5,0,6,1,26,8,1,17,3,1,0,2,0
2025,R,cabrg001,scoring,52,44,12,27,3,0,4,1,22,6,1,10,0,0,0,2,0
2025,R,camen001,empty,352,324,75,121,11,1,11,0,11,27,0,74,0,1,0,0,0
2025,R,camen001,loaded,3,3,0,0,0,0,0,0,0,0,0,1,0,0,0,0,0
2025,R,camen001,menon,204,185,34,63,6,1,7,0,29,16,1,40,14,2,1,0,0
2025,R,camen001,scoring,82,74,15,30,3,0,4,0,21,7,1,18,3,0,1,0,0
2025,R,campi001,empty,18,16,6,6,0,0,0,0,0,1,0,1,0,1,0,0,0
2025,R,campi001,menon,17,17,7,12,0,1,1,0,6,0,0,2,3,0,0,0,0
2025,R,campi001,scoring,7,7,3,3,0,0,0,0,3,0,0,1,0,0,0,0,0
2025,R,canng001,empty,183,163,42,67,5,1,6,0,6,20,0,37,0,0,0,0,0
2025,R,canng001,loaded,1,1,0,0,0,0,0,0,1,0,0,0,0,0,0,0,0
2025,R,canng001,menon,145,129,28,39,5,0,2,0,21,15,0,33,5,0,1,0,0
2025,R,canng001,scoring,66,60,14,23,3,0,2,0,20,5,0,12,2,0,1,0,0
2025,R,cannj001,empty,254,230,68,104,16,4,4,0,4,20,0,44,0,3,0,0,1
2025,R,cannj001,loaded,11,11,3,3,0,0,0,0,5,0,0,2,0,0,0,0,0
2025,R,cannj001,menon,212,187,48,102,9,0,15,0,57,18,1,42,8,3,0,4,0
2025,R,cannj001,scoring,131,116,23,46,2,0,7,0,40,8,1,29,2,3,0,4,0
2025,R,canoy001,empty,121,110,30,44,5,0,3,0,3,10,0,29,0,1,0,0,0
2025,R,canoy001,loaded,10,7,2,2,0,0,0,0,5,1,0,1,2,0,0,2,0
2025,R,canoy001,menon,130,108,32,48,2,1,4,0,37,14,1,24,8,2,3,2,1
2025,R,canoy001,scoring,82,67,25,38,2,1,3,0,35,9,1,14,3,1,2,2,1
2025,F,cantj002,empty,6,5,2,5,0,0,1,0,1,1,0,1,0,0,0,0,0
2025,R,cantj002,empty,243,220,45,75,9,0,7,0,7,23,0,66,0,0,0,0,0
2025,R,cantj002,loaded,5,4,0,0,0,0,0,0,1,1,0,0,1,0,0,0,0
2025,F,cantj002,menon,5,4,0,0,0,0,0,0,0,1,0,2,1,0,0,0,0
2025,R,cantj002,menon,158,137,33,51,9,0,3,0,28,19,0,42,5,0,0,2,0
2025,F,cantj002,scoring,2,2,0,0,0,0,0,0,0,0,0,1,0,0,0,0,0
2025,R,cantj002,scoring,89,75,13,19,3,0,1,0,23,12,0,22,2,0,0,2,0
2025,R,caprv001,empty,8,8,2,2,0,0,0,0,0,0,0,0,0,0,0,0,0
2025,R,caprv001,menon,7,7,3,7,1,0,1,0,4,0,0,1,0,0,0,0,0
2025,R,caprv001,scoring,4,4,2,3,1,0,0,0,2,0,0,1,0,0,0,0,0
2025,R,carra002,empty,16,13,3,9,0,0,2,0,2,2,0,3,0,1,0,0,0
2025,R,carra002,menon,6,6,3,10,1,0,2,0,5,0,0,1,0,0,0,0,0
2025,R,carra002,scoring,2,2,1,4,0,0,1,0,2,0,0,1,0,0,0,0,0
2025,R,carrc003,empty,111,100,32,55,8,0,5,0,5,11,0,16,0,0,0,0,0
2025,R,carrc003,loaded,4,3,2,2,0,0,0,0,5,0,0,1,0,0,0,1,0
2025,R,carrc003,menon,101,93,29,53,7,1,5,0,31,6,0,18,3,0,0,2,0
2025,R,carrc003,scoring,59,53,14,21,2,1,1,0,21,4,0,12,1,0,0,2,0
2025,R,caspb001,empty,184,170,38,62,13,1,3,0,3,13,0,43,0,1,0,0,0
2025,R,caspb001,loaded,11,9,0,0,0,0,0,0,2,2,0,4,0,0,0,0,0
2025,R,caspb001,menon,149,137,40,64,9,0,5,0,34,8,0,28,0,2,1,1,0
2025,R,caspb001,scoring,94,84,23,39,4,0,4,0,30,6,0,17,0,2,1,1,0
2025,R,castb003,empty,9,8,3,7,1,0,1,0,1,1,0,0,0,0,0,0,0
2025,R,castb003,menon,7,5,1,2,1,0,0,0,2,1,0,1,0,1,0,0,0
2025,R,castb003,scoring,6,4,1,2,1,0,0,0,2,1,0,0,0,1,0,0,0
2025,R,castj007,empty,69,62,22,36,2,0,4,0,4,7,0,10,0,0,0,0,0
2025,R,castj007,loaded,5,5,1,1,0,0,0,0,2,0,0,0,0,0,0,0,0
2025,R,castj007,menon,80,67,18,23,5,0,0,0,15,7,1,20,4,4,0,2,0
2025,R,castj007,scoring,53,42,12,15,3,0,0,0,15,6,1,11,2,3,0,2,0
2025,D,castl003,empty,14,11,0,0,0,0,0,0,0,3,0,3,0,0,0,0,0
2025,L,castl003,empty,9,9,3,4,1,0,0,0,0,0,0,1,0,0,0,0,0
2025,R,castl003,empty,448,419,103,175,23,2,15,0,15,24,0,98,0,5,0,0,0
2025,R,castl003,loaded,9,8,2,6,1,0,1,1,7,0,0,2,1,0,0,1,0
2025,D,castl003,menon,9,8,1,1,0,0,0,0,0,1,0,1,0,0,0,0,0
2025,L,castl003,menon,4,3,2,5,0,0,1,0,2,1,0,0,0,0,0,0,0
2025,R,castl003,menon,297,270,65,102,11,1,8,1,57,22,0,64,15,2,0,3,0
2025,D,castl003,scoring,3,3,0,0,0,0,0,0,0,0,0,1,0,0,0,0,0
2025,L,castl003,scoring,2,1,1,4,0,0,1,0,2,1,0,0,0,0,0,0,0
2025,R,castl003,scoring,174,158,38,61,6,1,5,1,48,11,0,45,4,2,0,3,0
2025,R,castl004,empty,15,13,4,6,2,0,0,0,0,2,0,1,0,0,0,0,0
2025,R,castl004,loaded,5,4,1,2,1,0,0,0,3,1,0,1,1,0,0,0,0
2025,R,castl004,menon,26,20,8,9,1,0,0,0,7,5,0,4,1,0,1,0,0
2025,R,castl004,scoring,21,17,5,6,1,0,0,0,7,3,0,4,1,0,1,0,0
2025,R,castm002,empty,13,9,2,5,0,0,1,0,1,4,0,2,0,0,0,0,0
2025,R,castm002,loaded,1,1,0,0,0,0,0,0,0,0,0,0,0,0,0,0,0
2025,R,castm002,menon,15,13,3,5,2,0,0,0,3,1,0,2,1,1,0,0,0
2025,R,castm002,scoring,8,7,2,3,1,0,0,0,3,1,0,1,0,0,0,0,0
2025,R,castw003,empty,3,3,1,1,0,0,0,0,0,0,0,0,0,0,0,0,0
2025,R,castw003,menon,1,1,0,0,0,0,0,0,0,0,0,0,0,0,0,0,0
2025,R,cavac001,empty,115,104,30,45,6,0,3,0,3,11,0,25,0,0,0,0,0
2025,R,cavac001,loaded,6,5,0,0,0,0,0,0,1,0,0,2,1,0,0,1,0
2025,R,cavac001,menon,104,93,27,43,2,1,4,0,24,4,0,15,5,4,0,1,2
2025,R,cavac001,scoring,61,55,15,25,2,1,2,0,20,2,0,10,3,1,0,1,2
2025,F,ceasd001,empty,9,9,3,4,1,0,0,0,0,0,0,4,0,0,0,0,0
2025,R,ceasd001,empty,425,381,82,144,21,1,13,0,13,42,0,128,0,1,0,0,1
2025,R,ceasd001,loaded,15,11,4,10,0,0,2,2,16,1,0,3,1,0,0,3,0
2025,F,ceasd001,menon,6,5,0,0,0,0,0,0,0,1,1,1,0,0,0,0,0
2025,R,ceasd001,menon,297,255,70,110,16,0,8,2,66,29,2,87,8,4,3,5,1
2025,F,ceasd001,scoring,3,2,0,0,0,0,0,0,0,1,1,0,0,0,0,0,0
2025,R,ceasd001,scoring,171,146,39,61,10,0,4,2,56,17,2,53,3,1,2,5,0
2025,F,ceccs001,empty,7,6,1,1,0,0,0,0,0,1,0,1,0,0,0,0,0
2025,R,ceccs001,empty,345,325,79,145,16,1,16,0,16,19,0,67,0,1,0,0,0
2025,R,ceccs001,loaded,3,3,0,0,0,0,0,0,0,0,0,0,1,0,0,0,0
2025,F,ceccs001,menon,3,3,1,1,0,0,0,0,0,0,0,2,0,0,0,0,0
2025,R,ceccs001,menon,200,181,46,83,11,1,8,0,45,13,1,42,10,2,1,3,0
2025,R,ceccs001,scoring,105,94,23,43,3,1,5,0,36,5,1,23,2,2,1,3,0
2025,R,chafa001,empty,67,55,15,22,1,0,2,0,2,12,0,12,0,0,0,0,0
2025,R,chafa001,loaded,6,4,0,0,0,0,0,0,3,1,0,1,0,0,0,1,0
2025,R,chafa001,menon,76,67,14,14,0,0,0,0,10,7,0,24,3,0,1,1,0
2025,R,chafa001,scoring,51,44,8,8,0,0,0,0,10,5,0,19,1,0,1,1,0
2025,R,chanb001,empty,77,73,13,25,4,1,2,0,2,1,0,22,0,3,0,0,0
2025,R,chanb001,loaded,2,2,1,2,1,0,0,0,3,0,0,0,0,0,0,0,0
2025,R,chanb001,menon,47,44,12,14,2,0,0,0,10,3,0,9,3,0,0,0,0
2025,R,chanb001,scoring,29,27,9,11,2,0,0,0,10,2,0,6,1,0,0,0,0
2025,F,chapa001,empty,2,2,2,2,0,0,0,0,0,0,0,0,0,0,0,0,0
2025,R,chapa001,empty,139,130,19,32,4,0,3,0,3,9,0,45,0,0,0,0,0
2025,F,chapa001,loaded,3,3,0,0,0,0,0,0,0,0,0,2,0,0,0,0,0
2025,R,chapa001,loaded,1,1,0,0,0,0,0,0,0,0,0,0,1,0,0,0,0
2025,F,chapa001,menon,9,9,2,2,0,0,0,0,0,0,0,5,0,0,0,0,0
2025,R,chapa001,menon,89,82,9,10,1,0,0,0,6,6,0,40,2,0,0,1,0
2025,F,chapa001,scoring,5,5,1,1,0,0,0,0,0,0,0,2,0,0,0,0,0
2025,R,chapa001,scoring,50,45,6,7,1,0,0,0,6,4,0,20,1,0,0,1,0
2025,R,chavj001,empty,22,20,9,17,2,0,2,0,2,2,0,5,0,0,0,0,0
2025,R,chavj001,loaded,2,2,1,4,0,0,1,1,4,0,0,1,0,0,0,0,0
2025,R,chavj001,menon,21,18,5,13,2,0,2,1,9,3,0,3,0,0,0,0,0
2025,R,chavj001,scoring,13,11,3,8,2,0,1,1,7,2,0,3,0,0,0,0,0
2025,R,chiva001,empty,136,125,38,66,4,0,8,0,8,6,0,22,0,5,0,0,0
2025,R,chiva001,loaded,12,12,2,2,0,0,0,0,3,0,0,4,3,0,0,0,0
2025,R,chiva001,menon,139,121,38,61,8,0,5,0,43,17,1,21,5,1,0,0,0
2025,R,chiva001,scoring,86,74,25,30,5,0,0,0,32,12,1,12,3,0,0,0,0
2025,R,churm001,empty,10,6,2,2,0,0,0,0,0,4,0,3,0,0,0,0,0
2025,R,churm001,loaded,1,1,0,0,0,0,0,0,0,0,0,0,0,0,0,0,0
2025,R,churm001,menon,13,10,2,4,2,0,0,0,2,2,0,2,1,0,0,1,0
2025,R,churm001,scoring,9,6,0,0,0,0,0,0,2,2,0,1,0,0,0,1,0
2025,D,civaa001,empty,9,9,2,2,0,0,0,0,0,0,0,1,0,0,0,0,0
2025,R,civaa001,empty,258,234,54,101,14,0,11,0,11,21,1,55,0,3,0,0,0
2025,D,civaa001,loaded,2,2,1,1,0,0,0,0,1,0,0,1,0,0,0,0,0
2025,R,civaa001,loaded,7,7,4,9,2,0,1,1,12,0,0,0,1,0,0,0,0
2025,D,civaa001,menon,6,6,1,1,0,0,0,0,1,0,0,2,1,0,0,0,0
2025,R,civaa001,menon,177,158,42,69,12,0,5,1,40,12,0,33,7,4,1,2,0
2025,D,civaa001,scoring,2,2,1,1,0,0,0,0,1,0,0,1,0,0,0,0,0
2025,R,civaa001,scoring,97,83,20,35,6,0,3,1,33,9,0,22,1,2,1,2,0
2025,R,clart003,empty,136,131,23,40,3,1,4,0,4,5,0,29,0,0,0,0,0
2025,R,clart003,loaded,4,4,1,2,1,0,0,0,3,0,0,2,1,0,0,0,0
2025,R,clart003,menon,70,65,15,30,3,0,4,0,21,4,0,15,6,1,0,0,0
2025,R,clart003,scoring,42,38,12,24,3,0,3,0,19,4,0,10,3,0,0,0,0
2025,R,clase001,empty,96,92,24,31,2,1,1,0,1,2,0,18,0,2,0,0,0
2025,R,clase001,loaded,9,8,2,2,0,0,0,0,3,0,0,4,0,0,0,1,0
2025,R,clase001,menon,105,88,22,31,6,0,1,0,17,10,2,29,1,2,1,4,0
2025,R,clase001,scoring,75,61,13,20,4,0,1,0,17,8,2,24,1,1,1,4,0
2025,R,cleag001,empty,149,134,22,44,4,0,6,0,6,12,0,49,0,3,0,0,0
2025,R,cleag001,loaded,8,6,2,3,1,0,0,0,6,0,0,3,1,1,0,1,0
2025,R,cleag001,menon,94,83,18,30,1,1,3,0,17,6,0,33,3,4,0,1,0
2025,R,cleag001,scoring,52,44,8,11,1,1,0,0,11,4,0,17,1,3,0,1,0
2025,R,clemk001,empty,2,2,2,5,0,0,1,0,1,0,0,0,0,0,0,0,0
2025,R,clemk001,menon,4,4,1,4,0,0,1,0,3,0,0,0,0,0,0,0,0
2025,R,clemk001,scoring,1,1,1,4,0,0,1,0,3,0,0,0,0,0,0,0,0
2025,R,clevm001,empty,17,14,2,2,0,0,0,0,0,3,0,2,0,0,0,0,0
2025,R,clevm001,loaded,2,1,0,0,0,0,0,0,1,1,0,1,0,0,0,0,0
2025,R,clevm001,menon,14,8,3,4,1,0,0,0,5,5,0,1,0,0,0,1,0
2025,R,clevm001,scoring,8,4,2,3,1,0,0,0,5,3,0,1,0,0,0,1,0
2025,R,contl001,empty,21,18,7,11,1,0,1,0,1,3,0,4,0,0,0,0,0
2025,R,contl001,loaded,1,1,0,0,0,0,0,0,0,0,0,0,0,0,0,0,0
2025,R,contl001,menon,33,28,4,9,2,0,1,0,6,5,0,9,1,0,0,0,0
2025,R,contl001,scoring,18,17,3,8,2,0,1,0,6,1,0,3,1,0,0,0,0
2025,R,contr001,empty,36,34,8,15,1,0,2,0,2,1,0,4,0,1,0,0,0
2025,R,contr001,loaded,1,1,0,0,0,0,0,0,0,0,0,0,1,0,0,0,0
2025,R,contr001,menon,15,14,4,7,0,0,1,0,4,1,0,2,1,0,0,0,0
2025,R,contr001,scoring,7,7,3,6,0,0,1,0,4,0,0,1,1,0,0,0,0
2025,R,corbp001,empty,388,357,93,156,16,1,15,0,15,29,0,83,0,2,0,0,0
2025,R,corbp001,loaded,13,12,3,5,2,0,0,0,8,0,0,4,1,0,0,1,0
2025,R,corbp001,menon,275,245,68,103,15,1,6,0,56,22,1,48,10,1,3,4,0
2025,R,corbp001,scoring,163,141,40,63,9,1,4,0,49,17,1,26,2,0,1,4,0
2025,R,cornj003,empty,3,3,1,1,0,0,0,0,0,0,0,0,0,0,0,0,0
2025,R,cornj003,menon,6,5,2,6,1,0,1,0,4,1,0,1,0,0,0,0,0
2025,R,cornj003,scoring,6,5,2,6,1,0,1,0,4,1,0,1,0,0,0,0,0
2025,R,cortn001,empty,99,86,25,59,4,0,10,0,10,13,0,17,0,0,0,0,0
2025,R,cortn001,loaded,3,2,0,0,0,0,0,0,1,0,0,1,0,0,0,1,0
2025,R,cortn001,menon,58,48,11,20,0,0,3,0,11,7,0,12,2,2,0,1,0
2025,R,cortn001,scoring,31,26,5,14,0,0,3,0,11,3,0,10,0,1,0,1,0
2025,R,cosgt001,empty,12,11,1,1,0,0,0,0,0,1,0,1,0,0,0,0,0
2025,R,cosgt001,menon,4,4,2,2,0,0,0,0,1,0,0,2,0,0,0,0,0
2025,R,cosgt001,scoring,2,2,1,1,0,0,0,0,1,0,0,1,0,0,0,0,0
2025,R,could001,empty,85,76,18,26,2,0,2,0,2,9,0,23,0,0,0,0,0
2025,R,could001,loaded,8,7,0,0,0,0,0,0,1,1,0,2,1,0,0,0,0
2025,R,could001,menon,91,80,14,19,2,0,1,0,12,9,0,20,2,0,1,1,0
2025,R,could001,scoring,53,45,8,8,0,0,0,0,10,6,0,12,2,0,1,1,0
2025,R,cox-a001,empty,67,64,17,40,5,0,6,0,6,3,0,18,0,0,0,0,0
2025,R,cox-a001,loaded,1,1,1,1,0,0,0,0,2,0,0,0,0,0,0,0,0
2025,R,cox-a001,menon,35,30,13,24,2,0,3,0,18,4,0,4,0,0,0,1,0
2025,R,cox-a001,scoring,23,19,10,21,2,0,3,0,18,3,0,3,0,0,0,1,0
2025,R,crisc002,empty,34,33,14,21,1,0,2,0,2,1,0,3,0,0,0,0,0
2025,R,crisc002,loaded,1,1,1,1,0,0,0,0,2,0,0,0,0,0,0,0,0
2025,R,crisc002,menon,46,41,9,13,1,0,1,0,10,4,0,6,1,0,0,1,0
2025,R,crisc002,scoring,25,21,7,11,1,0,1,0,10,3,0,2,0,0,0,1,0
2025,R,crisn001,empty,82,74,24,38,4,2,2,0,2,7,0,15,0,1,0,0,0
2025,R,crisn001,loaded,2,2,1,1,0,0,0,0,2,0,0,1,0,0,0,0,0
2025,R,crisn001,menon,71,68,16,28,0,0,4,0,17,2,0,10,4,0,0,1,0
2025,R,crisn001,scoring,35,33,5,8,0,0,1,0,10,1,0,5,1,0,0,1,0
2025,F,crocg001,empty,22,22,3,6,0,0,1,0,1,0,0,9,0,0,0,0,0
2025,R,crocg001,empty,519,490,108,182,18,1,18,0,18,27,0,175,0,1,0,0,1
2025,R,crocg001,loaded,7,6,0,0,0,0,0,0,1,0,0,5,0,0,0,1,0
2025,F,crocg001,menon,4,4,1,1,0,0,0,0,0,0,0,2,1,0,0,0,0
2025,R,crocg001,menon,295,272,57,87,10,1,6,0,39,19,0,80,10,2,1,1,0
2025,F,crocg001,scoring,2,2,0,0,0,0,0,0,0,0,0,1,1,0,0,0,0
2025,R,crocg001,scoring,160,146,33,53,6,1,4,0,32,12,0,52,1,1,0,1,0
2025,D,cruzf002,empty,3,3,1,1,0,0,0,0,0,0,0,2,0,0,0,0,0
2025,R,cruzf002,empty,102,94,22,36,5,0,3,0,3,8,0,44,0,0,0,0,0
2025,D,cruzf002,loaded,1,1,1,2,1,0,0,0,2,0,0,0,0,0,0,0,0
2025,F,cruzf002,loaded,1,1,0,0,0,0,0,0,0,0,0,0,0,0,0,0,0
2025,R,cruzf002,loaded,10,8,2,2,0,0,0,0,6,1,0,3,0,0,0,1,0
2025,D,cruzf002,menon,6,4,1,2,1,0,0,0,3,1,0,1,0,0,0,1,0
2025,F,cruzf002,menon,7,6,1,1,0,0,0,0,0,1,0,1,0,0,0,0,0
2025,R,cruzf002,menon,98,78,11,19,2,0,2,0,14,16,0,28,4,3,0,1,0
2025,D,cruzf002,scoring,4,2,1,2,1,0,0,0,3,1,0,0,0,0,0,1,0
2025,F,cruzf002,scoring,5,5,1,1,0,0,0,0,0,0,0,0,0,0,0,0,0
2025,R,cruzf002,scoring,68,54,8,15,1,0,2,0,14,12,0,19,2,1,0,1,0
2025,R,cruzo002,empty,10,9,2,3,1,0,0,0,0,1,0,2,0,0,0,0,0
2025,R,cruzo002,loaded,1,1,0,0,0,0,0,0,0,0,0,1,0,0,0,0,0
2025,R,cruzo002,menon,8,6,2,2,0,0,0,0,1,2,0,3,0,0,0,0,0
2025,R,cruzo002,scoring,5,3,1,1,0,0,0,0,1,2,0,2,0,0,0,0,0
2025,R,cruzs001,empty,112,104,16,32,4,0,4,0,4,8,0,19,0,0,0,0,0
2025,R,cruzs001,loaded,12,11,4,5,1,0,0,0,8,1,0,3,0,0,0,0,0
2025,R,cruzs001,menon,77,65,20,26,3,0,1,0,18,10,1,19,2,1,0,1,0
2025,R,cruzs001,scoring,50,42,14,16,2,0,0,0,15,6,1,11,0,1,0,1,0
2025,R,currx001,empty,3,2,1,1,0,0,0,0,0,1,0,1,0,0,0,0,0
2025,R,currx001,loaded,3,2,0,0,0,0,0,0,1,1,0,0,1,0,0,0,0
2025,R,currx001,menon,13,11,3,3,0,0,0,0,3,2,0,0,1,0,0,0,0
2025,R,currx001,scoring,9,7,2,2,0,0,0,0,3,2,0,0,1,0,0,0,0
2025,R,curtj003,empty,84,82,16,29,4,0,3,0,3,2,0,16,0,0,0,0,0
2025,R,curtj003,loaded,1,1,1,2,1,0,0,0,2,0,0,0,0,0,0,0,0
2025,R,curtj003,menon,57,53,13,23,4,0,2,0,14,3,0,8,3,0,1,0,0
2025,R,curtj003,scoring,32,28,8,12,1,0,1,0,11,3,0,3,0,0,1,0,0
2025,R,curvl001,empty,37,31,6,11,2,0,1,0,1,6,0,10,0,0,0,0,0
2025,R,curvl001,loaded,2,2,1,2,1,0,0,0,2,0,0,0,0,0,0,0,0
2025,R,curvl001,menon,47,41,11,21,4,0,2,0,15,4,1,10,0,0,0,2,0
2025,R,curvl001,scoring,26,22,9,18,3,0,2,0,14,2,1,3,0,0,0,2,0
2025,R,danac001,empty,83,71,16,25,0,0,3,0,3,11,0,18,0,1,0,0,0
2025,R,danac001,menon,58,46,14,35,3,0,6,0,20,7,0,15,3,0,1,4,0
2025,R,danac001,scoring,36,28,6,13,1,0,2,0,12,3,0,10,1,0,1,4,0
2025,R,danid001,empty,19,14,5,10,2,0,1,0,1,4,0,1,0,1,0,0,0
2025,R,danid001,loaded,1,0,0,0,0,0,0,0,1,0,0,0,0,0,0,1,0
2025,R,danid001,menon,27,22,4,6,0,1,0,0,5,3,0,8,1,0,0,2,0
2025,R,danid001,scoring,21,16,2,2,0,0,0,0,4,3,0,7,0,0,0,2,0
2025,R,darnd001,empty,19,15,4,8,1,0,1,0,1,4,0,1,0,0,0,0,0
2025,R,darnd001,loaded,1,1,0,0,0,0,0,0,0,0,0,0,0,0,0,0,0
2025,R,darnd001,menon,29,26,6,7,1,0,0,0,3,3,0,4,3,0,0,0,0
2025,R,darnd001,scoring,17,15,3,4,1,0,0,0,3,2,0,3,1,0,0,0,0
2025,R,darrm002,empty,21,18,3,3,0,0,0,0,0,2,0,5,0,1,0,0,0
2025,R,darrm002,loaded,0,0,0,0,0,0,0,0,0,0,0,0,0,0,0,0,0
2025,R,darrm002,menon,22,18,7,11,1,0,1,0,8,2,0,3,2,0,0,2,0
2025,R,darrm002,scoring,16,12,5,9,1,0,1,0,8,2,0,2,1,0,0,2,0
2025,F,darvy001,empty,2,2,2,2,0,0,0,0,0,0,0,0,0,0,0,0,0
2025,R,darvy001,empty,191,175,40,76,7,1,9,0,9,12,0,50,0,4,0,0,0
2025,F,darvy001,loaded,1,1,1,1,0,0,0,0,1,0,0,0,0,0,0,0,0
2025,R,darvy001,loaded,2,2,1,1,0,0,0,0,2,0,0,1,0,0,0,0,0
2025,F,darvy001,menon,5,4,2,3,1,0,0,0,1,0,0,1,0,1,0,0,0
2025,R,darvy001,menon,105,94,26,49,8,0,5,0,30,7,0,18,3,2,2,0,0
2025,F,darvy001,scoring,2,1,1,1,0,0,0,0,1,0,0,0,0,1,0,0,0
2025,R,darvy001,scoring,62,56,14,28,2,0,4,0,24,5,0,13,0,0,1,0,0
2025,R,davil002,empty,3,3,0,0,0,0,0,0,0,0,0,1,0,0,0,0,0
2025,R,davin001,empty,28,20,7,8,1,0,0,0,0,3,0,7,0,5,0,0,0
2025,R,davin001,loaded,5,4,2,5,0,0,1,1,6,0,0,0,1,1,0,0,0
2025,R,davin001,menon,37,32,15,36,0,0,7,1,23,3,0,8,2,2,0,0,0
2025,R,davin001,scoring,21,17,9,24,0,0,5,1,19,2,0,4,1,2,0,0,0
2025,R,degeb001,empty,3,2,1,1,0,0,0,0,0,1,0,0,0,0,0,0,0
2025,R,degeb001,loaded,1,1,0,0,0,0,0,0,1,0,0,0,0,0,0,0,0
2025,R,degeb001,menon,7,5,0,0,0,0,0,0,1,2,0,0,0,0,0,0,0
2025,R,degeb001,scoring,5,4,0,0,0,0,0,0,1,1,0,0,0,0,0,0,0
2025,R,degrj001,empty,480,459,89,160,12,1,19,0,19,20,0,131,0,1,0,0,0
2025,R,degrj001,loaded,5,5,2,2,0,0,0,0,3,0,0,2,0,0,0,0,0
2025,R,degrj001,menon,189,165,33,61,7,0,7,0,34,17,0,54,4,2,0,5,0
2025,R,degrj001,scoring,99,85,14,25,2,0,3,0,25,9,0,31,0,0,0,5,0
2025,R,delej003,empty,17,15,5,5,0,0,0,0,0,2,0,5,0,0,0,0,0
2025,R,delej003,menon,11,10,3,6,0,0,1,0,3,1,0,3,2,0,0,0,0
2025,R,delej003,scoring,5,4,1,4,0,0,1,0,3,1,0,1,1,0,0,0,0
2025,R,deloe001,empty,145,128,25,44,7,0,4,0,4,15,0,33,0,2,0,0,0
2025,R,deloe001,loaded,14,12,5,8,3,0,0,0,13,2,0,4,0,0,0,0,0
2025,R,deloe001,menon,135,124,36,56,9,1,3,0,38,9,2,29,4,0,1,1,0
2025,R,deloe001,scoring,89,79,24,34,7,0,1,0,31,8,2,18,0,0,1,1,0
2025,R,deloy001,empty,88,81,22,24,2,0,0,0,0,7,0,18,0,0,0,0,0
2025,R,deloy001,loaded,5,4,0,0,0,0,0,0,1,1,0,0,0,0,0,0,0
2025,R,deloy001,menon,72,58,15,22,4,0,1,0,12,10,0,10,5,1,2,1,0
2025,R,deloy001,scoring,40,29,8,14,3,0,1,0,12,7,0,5,0,1,2,1,0
2025,R,desca001,empty,98,89,24,56,5,0,9,0,9,5,0,24,0,4,0,0,0
2025,R,desca001,loaded,3,2,1,2,1,0,0,0,3,0,0,0,0,0,0,1,0
2025,R,desca001,menon,71,59,13,22,3,0,2,0,16,7,2,12,3,1,1,3,0
2025,R,desca001,scoring,44,36,7,11,1,0,1,0,12,4,2,7,0,0,1,3,0
2025,R,detmr001,empty,144,127,31,42,5,0,2,0,2,16,1,44,0,1,0,0,0
2025,R,detmr001,loaded,5,5,1,1,0,0,0,0,3,0,0,2,0,0,0,0,0
2025,R,detmr001,menon,122,111,27,43,4,0,4,0,28,9,3,36,9,1,0,1,0
2025,R,detmr001,scoring,66,59,16,27,2,0,3,0,25,5,3,20,2,1,0,1,0
2025,R,devec001,empty,39,34,6,8,2,0,0,0,0,5,0,11,0,0,0,0,0
2025,R,devec001,loaded,1,1,0,0,0,0,0,0,0,0,0,0,1,0,0,0,0
2025,R,devec001,menon,26,22,4,9,2,0,1,0,6,0,0,3,1,2,0,2,0
2025,R,devec001,scoring,15,13,2,5,0,0,1,0,6,0,0,2,1,0,0,2,0
2025,R,diaza004,empty,44,36,9,25,2,1,4,0,4,5,0,8,0,3,0,0,0
2025,R,diaza004,loaded,2,1,0,0,0,0,0,0,2,1,0,0,0,0,0,0,0
2025,R,diaza004,menon,41,32,6,13,1,0,2,0,9,7,0,9,0,2,0,0,0
2025,R,diaza004,scoring,26,19,3,9,0,0,2,0,9,6,0,5,0,1,0,0,0
2025,R,diaze006,empty,142,128,21,29,2,0,2,0,2,11,0,53,0,3,0,0,0
2025,R,diaze006,loaded,11,10,1,1,0,0,0,0,2,0,0,5,1,1,0,0,0
2025,R,diaze006,menon,116,97,16,26,4,0,2,0,17,10,0,45,2,5,2,2,0
2025,R,diaze006,scoring,84,70,12,18,3,0,1,0,15,9,0,30,1,2,1,2,0
2025,R,diazj007,empty,3,3,1,1,0,0,0,0,0,0,0,0,0,0,0,0,0
2025,R,diazj007,menon,2,2,0,0,0,0,0,0,0,0,0,1,0,0,0,0,0
2025,R,diazy005,empty,4,2,1,2,1,0,0,0,0,2,0,0,0,0,0,0,0
2025,R,diazy005,menon,11,10,3,4,1,0,0,0,3,1,0,1,1,0,0,0,0
2025,R,diazy005,scoring,7,6,3,4,1,0,0,0,3,1,0,1,0,0,0,0,0
2025,R,dobbh001,empty,149,140,35,56,10,1,3,0,3,7,0,26,0,2,0,0,0
2025,R,dobbh001,loaded,3,3,0,0,0,0,0,0,0,0,0,0,2,0,0,0,0
2025,R,dobbh001,menon,107,97,26,39,4,0,3,0,18,10,1,19,7,0,0,0,0
2025,R,dobbh001,scoring,60,54,10,13,3,0,0,0,12,6,1,10,4,0,0,0,0
2025,R,dobnr001,empty,14,13,2,5,0,0,1,0,1,1,0,1,0,0,0,0,0
2025,R,dobnr001,menon,5,4,0,0,0,0,0,0,0,1,0,0,1,0,0,0,0
2025,R,dobnr001,scoring,2,1,0,0,0,0,0,0,0,1,0,0,0,0,0,0,0
2025,R,doddd001,empty,82,79,13,24,3,1,2,0,2,3,0,18,0,0,0,0,0
2025,R,doddd001,loaded,7,7,2,2,0,0,0,0,4,0,0,2,0,0,0,0,0
2025,R,doddd001,menon,54,49,15,26,2,0,3,0,20,2,0,12,0,1,0,2,0
2025,R,doddd001,scoring,32,29,9,15,0,0,2,0,17,1,0,6,0,0,0,2,0
2025,R,dollc001,empty,240,210,51,81,7,1,7,0,7,27,0,41,0,3,0,0,0
2025,R,dollc001,loaded,10,8,4,7,0,0,1,1,11,1,0,3,1,1,0,0,0
2025,R,dollc001,menon,201,171,52,92,7,0,11,1,65,22,0,41,7,3,1,4,0
2025,R,dollc001,scoring,121,105,32,48,4,0,4,1,50,9,0,22,3,2,1,4,0
2025,D,domis001,empty,6,4,0,0,0,0,0,0,0,2,0,1,0,0,0,0,0
2025,L,domis001,empty,9,8,1,1,0,0,0,0,0,1,0,0,0,0,0,0,0
2025,R,domis001,empty,125,105,26,44,3,0,5,0,5,19,0,29,0,1,0,0,0
2025,W,domis001,empty,12,9,1,4,0,0,1,0,1,3,0,4,0,0,0,0,0
2025,L,domis001,loaded,1,1,1,4,0,0,1,1,4,0,0,0,0,0,0,0,0
2025,R,domis001,loaded,7,7,3,4,1,0,0,0,6,0,0,3,0,0,0,0,0
2025,W,domis001,loaded,3,3,0,0,0,0,0,0,0,0,0,1,0,0,0,0,0
2025,D,domis001,menon,6,5,0,0,0,0,0,0,0,1,0,2,1,0,0,0,0
2025,L,domis001,menon,7,5,2,5,0,0,1,1,5,1,0,2,0,1,0,0,0
2025,R,domis001,menon,136,117,18,23,5,0,0,0,18,17,2,50,5,1,0,1,0
2025,W,domis001,menon,10,7,1,1,0,0,0,0,0,3,0,1,0,0,0,0,0
2025,D,domis001,scoring,2,1,0,0,0,0,0,0,0,1,0,1,0,0,0,0,0
2025,L,domis001,scoring,5,3,2,5,0,0,1,1,5,1,0,1,0,1,0,0,0
2025,R,domis001,scoring,85,70,13,18,5,0,0,0,18,13,2,30,2,1,0,1,0
2025,W,domis001,scoring,6,4,0,0,0,0,0,0,0,2,0,1,0,0,0,0,0
2025,D,dovac001,empty,9,9,2,4,2,0,0,0,0,0,0,1,0,0,0,0,0
2025,R,dovac001,empty,142,126,24,33,3,0,2,0,2,15,0,41,0,1,0,0,0
2025,R,dovac001,loaded,9,9,2,2,0,0,0,0,5,0,0,1,1,0,0,0,0
2025,D,dovac001,menon,5,4,1,1,0,0,0,0,1,0,0,0,0,1,0,0,0
2025,R,dovac001,menon,136,112,27,39,6,0,2,0,27,20,1,31,8,2,1,1,0
2025,D,dovac001,scoring,3,3,1,1,0,0,0,0,1,0,0,0,0,0,0,0,0
2025,R,dovac001,scoring,89,69,17,21,4,0,0,0,23,17,1,14,3,1,1,1,0
2025,D,dreyj001,empty,2,1,0,0,0,0,0,0,0,1,0,0,0,0,0,0,0
2025,R,dreyj001,empty,183,170,33,51,8,2,2,0,2,13,0,48,0,0,0,0,0
2025,W,dreyj001,empty,4,4,2,2,0,0,0,0,0,0,0,0,0,0,0,0,0
2025,F,dreyj001,loaded,3,2,0,0,0,0,0,0,1,1,0,1,0,0,0,0,0
2025,R,dreyj001,loaded,8,8,1,1,0,0,0,0,4,0,0,1,0,0,0,0,0
2025,D,dreyj001,menon,2,2,0,0,0,0,0,0,0,0,0,0,0,0,0,0,0
2025,F,dreyj001,menon,3,2,0,0,0,0,0,0,1,1,0,1,0,0,0,0,0
2025,R,dreyj001,menon,124,106,23,35,6,0,2,0,25,11,5,26,1,0,3,4,0
2025,W,dreyj001,menon,9,7,1,1,0,0,0,0,0,1,1,3,0,1,0,0,0
2025,F,dreyj001,scoring,3,2,0,0,0,0,0,0,1,1,0,1,0,0,0,0,0
2025,R,dreyj001,scoring,77,63,12,18,3,0,1,0,20,8,5,15,1,0,2,4,0
2025,W,dreyj001,scoring,5,4,0,0,0,0,0,0,0,1,1,3,0,0,0,0,0
2025,R,dubis001,empty,76,68,15,22,4,0,1,0,1,6,0,14,0,2,0,0,0
2025,R,dubis001,loaded,3,3,0,0,0,0,0,0,1,0,0,1,0,0,0,0,0
2025,R,dubis001,menon,69,64,22,39,2,0,5,0,22,5,0,14,2,0,0,0,0
2025,R,dubis001,scoring,35,33,12,20,2,0,2,0,16,2,0,7,0,0,0,0,0
2025,R,dunnd001,empty,51,45,12,22,4,0,2,0,2,5,0,15,0,1,0,0,0
2025,R,dunnd001,loaded,1,0,0,0,0,0,0,0,1,0,0,0,0,0,0,1,0
2025,R,dunnd001,menon,44,39,12,19,1,0,2,0,13,2,1,6,1,2,0,1,0
2025,R,dunnd001,scoring,24,20,6,9,0,0,1,0,10,1,1,4,0,2,0,1,0
2025,R,durac001,empty,2,1,0,0,0,0,0,0,0,1,0,0,0,0,0,0,0
2025,R,durac001,loaded,1,0,0,0,0,0,0,0,1,1,0,0,0,0,0,0,0
2025,R,durac001,menon,3,1,1,1,0,0,0,0,1,2,0,0,0,0,0,0,0
2025,R,durac001,scoring,2,1,1,1,0,0,0,0,1,1,0,0,0,0,0,0,0
2025,R,durae002,empty,8,8,1,1,0,0,0,0,0,0,0,0,0,0,0,0,0
2025,R,durae002,menon,3,3,0,0,0,0,0,0,0,0,0,0,0,0,0,0,0
2025,R,durae002,scoring,1,1,0,0,0,0,0,0,0,0,0,0,0,0,0,0,0
2025,D,duraj002,empty,8,7,1,2,1,0,0,0,0,1,0,5,0,0,0,0,0
2025,R,duraj002,empty,164,155,34,46,6,0,2,0,2,8,0,46,0,1,0,0,0
2025,D,duraj002,loaded,2,1,0,0,0,0,0,0,1,1,0,1,0,0,0,0,0
2025,R,duraj002,loaded,10,9,1,1,0,0,0,0,4,0,0,5,0,0,0,1,0
2025,D,duraj002,menon,8,5,0,0,0,0,0,0,1,3,1,2,0,0,0,0,0
2025,R,duraj002,menon,123,108,24,29,2,0,1,0,17,11,4,34,3,2,0,2,0
2025,D,duraj002,scoring,7,4,0,0,0,0,0,0,1,3,1,2,0,0,0,0,0
2025,R,duraj002,scoring,85,71,13,17,1,0,1,0,17,10,4,24,1,2,0,2,0
2025,F,earlc001,empty,8,8,3,5,2,0,0,0,0,0,0,3,0,0,0,0,0
2025,R,earlc001,empty,42,40,10,10,0,0,0,0,0,1,0,15,0,1,0,0,0
2025,F,earlc001,loaded,2,2,1,1,0,0,0,0,2,0,0,0,0,0,0,0,0
2025,R,earlc001,loaded,5,5,2,3,1,0,0,0,4,0,0,3,0,0,0,0,0
2025,F,earlc001,menon,11,10,3,3,0,0,0,0,3,1,0,3,0,0,0,0,0
2025,R,earlc001,menon,37,34,7,8,1,0,0,0,4,3,0,14,1,0,0,0,0
2025,F,earlc001,scoring,10,9,3,3,0,0,0,0,3,1,0,3,0,0,0,0,0
2025,R,earlc001,scoring,17,15,3,4,1,0,0,0,4,2,0,7,0,0,0,0,0
2025,R,eaton001,empty,2,2,2,3,1,0,0,0,0,0,0,0,0,0,0,0,0
2025,R,eaton001,menon,2,2,0,0,0,0,0,0,0,0,0,0,1,0,0,0,0
2025,R,eaton001,scoring,1,1,0,0,0,0,0,0,0,0,0,0,0,0,0,0,0
2025,R,ederj001,empty,40,34,7,10,3,0,0,0,0,6,0,12,0,0,0,0,0
2025,R,ederj001,menon,38,33,8,17,0,0,3,0,11,3,1,3,2,1,1,0,0
2025,R,ederj001,scoring,22,19,5,14,0,0,3,0,11,2,1,2,1,0,1,0,0
2025,R,edwac001,empty,11,9,1,1,0,0,0,0,0,2,0,3,0,0,0,0,0
2025,R,edwac001,loaded,1,0,0,0,0,0,0,0,1,0,0,0,0,0,0,1,0
2025,R,edwac001,menon,13,11,3,6,0,0,1,0,6,1,0,3,1,0,0,1,0
2025,R,edwac001,scoring,7,6,3,6,0,0,1,0,6,0,0,2,0,0,0,1,0
2025,R,effrs001,empty,27,25,8,14,4,1,0,0,0,2,0,5,0,0,0,0,0
2025,R,effrs001,menon,24,23,8,14,1,1,1,0,10,1,1,1,0,0,0,0,0
2025,R,effrs001,scoring,19,18,7,13,1,1,1,0,10,1,1,1,0,0,0,0,0
2025,R,efliz001,empty,189,180,52,101,13,0,12,0,12,8,0,32,0,1,0,0,0
2025,R,efliz001,loaded,1,0,0,0,0,0,0,0,1,0,0,0,0,0,0,1,0
2025,R,efliz001,menon,120,109,36,60,6,0,6,0,34,5,0,18,4,1,2,3,0
2025,R,efliz001,scoring,69,61,18,32,2,0,4,0,28,2,0,11,1,1,2,3,0
2025,R,eiseb001,empty,159,146,43,91,15,0,11,0,11,10,0,38,0,3,0,0,0
2025,R,eiseb001,loaded,14,12,4,5,1,0,0,0,9,1,0,4,0,1,0,0,0
2025,R,eiseb001,menon,147,126,32,44,5,2,1,0,30,15,6,36,6,2,1,3,0
2025,R,eiseb001,scoring,102,83,22,29,3,2,0,0,27,14,6,22,1,1,1,3,0
2025,R,eldeb001,empty,402,373,93,155,19,2,13,0,13,27,0,97,0,2,0,0,0
2025,R,eldeb001,loaded,12,11,5,8,3,0,0,0,13,1,0,1,1,0,0,0,0
2025,R,eldeb001,menon,277,243,74,120,13,0,11,0,75,24,1,34,11,4,2,4,0
2025,R,eldeb001,scoring,161,134,44,67,8,0,5,0,60,19,1,20,4,2,2,4,0
2025,R,ellaf001,empty,42,35,6,9,0,0,1,0,1,6,0,17,0,1,0,0,0
2025,R,ellaf001,loaded,5,5,1,2,1,0,0,0,3,0,0,1,0,0,0,0,0
2025,R,ellaf001,menon,32,19,2,3,1,0,0,0,3,13,0,5,2,0,0,0,0
2025,R,ellaf001,scoring,20,10,1,2,1,0,0,0,3,10,0,3,0,0,0,0,0
2025,R,englm001,empty,109,104,26,36,4,0,2,0,2,4,0,24,0,1,0,0,0
2025,R,englm001,loaded,1,1,0,0,0,0,0,0,0,0,0,1,0,0,0,0,0
2025,R,englm001,menon,76,67,17,23,0,0,2,0,15,7,0,20,5,0,0,1,1
2025,R,englm001,scoring,41,36,11,17,0,0,2,0,15,3,0,11,1,0,0,1,1
2025,R,ennsd001,empty,103,100,29,41,3,0,3,0,3,3,0,24,0,0,0,0,0
2025,R,ennsd001,loaded,3,3,1,1,0,0,0,0,3,0,0,1,0,0,0,0,0
2025,R,ennsd001,menon,97,83,21,36,4,1,3,0,20,12,4,25,3,0,1,1,0
2025,R,ennsd001,scoring,67,56,11,21,2,1,2,0,18,10,4,18,2,0,0,1,0
2025,R,enrin001,empty,71,61,10,12,2,0,0,0,0,8,0,17,0,2,0,0,0
2025,R,enrin001,loaded,3,3,1,1,0,0,0,0,1,0,0,1,0,0,0,0,0
2025,R,enrin001,menon,56,52,14,24,1,0,3,0,13,4,0,13,1,0,0,0,0
2025,R,enrin001,scoring,32,29,8,18,1,0,3,0,13,3,0,9,0,0,0,0,0
2025,R,eovan001,empty,327,307,65,99,16,0,6,0,6,15,0,88,0,4,0,0,1
2025,R,eovan001,loaded,5,4,0,0,0,0,0,0,2,0,0,1,0,1,0,0,0
2025,R,eovan001,menon,169,156,25,43,4,1,4,0,22,6,1,41,14,3,2,2,0
2025,R,eovan001,scoring,84,75,12,19,2,1,1,0,16,3,1,18,3,3,1,2,0
2025,R,ercel001,empty,134,123,31,43,4,1,2,0,2,9,0,29,0,2,0,0,0
2025,R,ercel001,loaded,5,5,2,3,1,0,0,0,5,0,0,0,0,0,0,0,0
2025,R,ercel001,menon,115,104,23,34,5,0,2,0,19,9,3,19,7,2,0,0,0
2025,R,ercel001,scoring,64,56,12,13,1,0,0,0,15,8,3,10,2,0,0,0,0
2025,R,espaj001,empty,9,9,1,1,0,0,0,0,0,0,0,4,0,0,0,0,0
2025,R,espaj001,menon,0,0,0,0,0,0,0,0,0,0,0,0,0,0,0,0,0
2025,R,estec001,empty,137,127,27,44,8,0,3,0,3,7,0,26,0,3,0,0,0
2025,R,estec001,loaded,10,10,3,5,2,0,0,0,8,0,0,3,0,0,0,0,0
2025,R,estec001,menon,132,114,21,32,3,1,2,0,24,15,6,28,1,1,1,1,0
2025,R,estec001,scoring,82,70,15,20,3,1,0,0,20,11,6,17,1,0,0,1,0
2025,R,estej001,empty,28,24,9,19,1,0,3,0,3,3,0,2,0,1,0,0,0
2025,R,estej001,menon,27,22,7,13,3,0,1,0,8,3,0,4,0,0,0,2,0
2025,R,estej001,scoring,16,13,4,9,2,0,1,0,8,1,0,2,0,0,0,2,0
2025,F,estrj002,empty,4,4,2,2,0,0,0,0,0,0,0,0,0,0,0,0,0
2025,R,estrj002,empty,168,151,33,56,5,0,6,0,6,15,0,60,0,2,0,0,0
2025,F,estrj002,loaded,3,2,0,0,0,0,0,0,1,1,0,1,1,0,0,0,0
2025,R,estrj002,loaded,3,2,0,0,0,0,0,0,1,0,0,2,0,0,0,1,0
2025,F,estrj002,menon,7,3,0,0,0,0,0,0,2,2,1,2,1,0,1,1,0
2025,R,estrj002,menon,136,118,25,49,4,1,6,0,30,12,2,48,2,1,2,3,0
2025,F,estrj002,scoring,5,2,0,0,0,0,0,0,2,2,1,1,1,0,0,1,0
2025,R,estrj002,scoring,72,62,14,36,2,1,6,0,29,5,2,26,0,0,2,3,0
2025,R,estrl002,empty,15,13,4,8,1,0,1,0,1,1,0,3,0,1,0,0,0
2025,R,estrl002,menon,20,18,6,10,1,0,1,0,6,0,0,7,0,1,1,0,0
2025,R,estrl002,scoring,10,10,4,7,0,0,1,0,6,0,0,3,0,0,0,0,0
2025,R,evanl001,empty,203,181,50,87,11,1,8,0,8,20,0,30,0,2,0,0,0
2025,R,evanl001,loaded,5,5,2,2,0,0,0,0,4,0,0,0,0,0,0,0,0
2025,R,evanl001,menon,147,132,32,53,4,1,5,0,30,11,1,29,8,2,1,1,0
2025,R,evanl001,scoring,70,61,15,21,3,0,1,0,20,8,1,10,2,0,0,1,0
2025,R,fairp001,empty,142,132,26,47,6,0,5,0,5,9,0,35,0,1,0,0,0
2025,R,fairp001,loaded,2,2,0,0,0,0,0,0,0,0,0,0,0,0,0,0,0
2025,R,fairp001,menon,102,92,19,31,4,1,2,0,17,9,0,24,3,0,1,0,0
2025,R,fairp001,scoring,70,63,11,18,2,1,1,0,15,6,0,18,1,0,1,0,0
2025,R,faltb001,empty,316,290,72,130,20,1,12,0,12,25,0,52,0,1,0,0,0
2025,R,faltb001,loaded,6,6,1,1,0,0,0,0,2,0,0,2,1,0,0,0,0
2025,R,faltb001,menon,202,174,43,71,7,0,7,0,44,21,0,29,16,0,3,4,0
2025,R,faltb001,scoring,115,97,26,44,3,0,5,0,38,13,0,15,3,0,1,4,0
2025,R,farmk001,empty,3,3,3,6,0,0,1,0,1,0,0,0,0,0,0,0,0
2025,R,farmk001,menon,2,2,0,0,0,0,0,0,0,0,0,0,1,0,0,0,0
2025,R,farrm001,empty,63,57,14,27,2,1,3,0,3,5,0,13,0,1,0,0,0
2025,R,farrm001,loaded,2,1,0,0,0,0,0,0,1,0,0,1,0,0,0,1,0
2025,R,farrm001,menon,44,35,10,18,3,1,1,0,12,6,0,11,0,0,0,3,0
2025,R,farrm001,scoring,25,18,5,9,2,1,0,0,10,4,0,6,0,0,0,3,0
2025,R,faucc001,empty,135,117,28,53,2,1,7,0,7,16,0,35,0,2,0,0,0
2025,R,faucc001,loaded,10,9,5,6,1,0,0,0,8,0,0,1,0,0,0,1,0
2025,R,faucc001,menon,120,108,25,30,2,0,1,0,19,8,0,24,4,1,0,3,0
2025,R,faucc001,scoring,66,59,14,18,1,0,1,0,18,4,0,13,0,0,0,3,0
2025,R,fedde001,empty,324,287,76,122,14,1,10,0,10,35,0,46,0,2,0,0,0
2025,R,fedde001,loaded,8,8,1,1,0,0,0,0,3,0,0,0,0,0,0,0,0
2025,R,fedde001,menon,299,259,71,118,18,1,9,0,74,32,1,37,15,1,4,3,0
2025,R,fedde001,scoring,170,138,43,72,12,1,5,0,64,26,1,21,2,0,3,3,0
2025,R,feltr001,empty,78,74,18,30,6,0,2,0,2,4,0,15,0,0,0,0,0
2025,R,feltr001,loaded,5,5,0,0,0,0,0,0,0,0,0,3,1,0,0,0,0
2025,R,feltr001,menon,57,48,15,24,3,0,2,0,13,8,0,10,2,0,0,1,0
2025,R,feltr001,scoring,44,35,10,18,2,0,2,0,13,8,0,9,1,0,0,1,0
2025,D,fergc001,empty,2,1,1,1,0,0,0,0,0,1,0,0,0,0,0,0,0
2025,L,fergc001,empty,3,3,2,2,0,0,0,0,0,0,0,0,0,0,0,0,0
2025,R,fergc001,empty,154,142,23,29,6,0,0,0,0,10,0,35,0,2,0,0,0
2025,R,fergc001,loaded,8,6,2,2,0,0,0,0,5,0,0,1,0,0,0,2,0
2025,D,fergc001,menon,5,4,2,3,1,0,0,0,3,1,0,0,0,0,0,0,0
2025,L,fergc001,menon,7,6,1,4,0,0,1,0,4,1,1,2,0,0,0,0,0
2025,R,fergc001,menon,116,94,31,42,5,0,2,0,26,12,3,16,4,4,3,3,0
2025,D,fergc001,scoring,2,2,2,3,1,0,0,0,3,0,0,0,0,0,0,0,0
2025,L,fergc001,scoring,6,5,1,4,0,0,1,0,4,1,1,2,0,0,0,0,0
2025,R,fergc001,scoring,82,64,21,30,3,0,2,0,25,10,3,11,3,3,2,3,0
2025,R,fergt001,empty,118,99,19,27,1,2,1,0,1,18,0,31,0,1,0,0,0
2025,R,fergt001,loaded,9,7,3,4,1,0,0,0,8,0,0,3,0,1,0,1,0
2025,R,fergt001,menon,128,102,24,39,4,1,3,0,28,16,2,23,5,3,2,5,0
2025,R,fergt001,scoring,78,59,14,26,4,1,2,0,26,11,2,13,1,3,0,5,0
2025,R,fermj002,empty,89,77,16,30,2,0,4,0,4,12,0,23,0,0,0,0,0
2025,R,fermj002,loaded,6,5,2,5,0,0,1,1,8,0,0,0,0,0,0,1,0
2025,R,fermj002,menon,63,50,9,22,1,0,4,1,18,11,2,16,2,1,0,1,0
2025,R,fermj002,scoring,31,21,5,11,0,0,2,1,14,9,2,3,1,0,0,1,0
2025,R,fernj007,empty,16,14,2,5,0,0,1,0,1,2,0,5,0,0,0,0,0
2025,R,fernj007,menon,4,4,1,4,0,0,1,0,2,0,0,0,0,0,0,0,0
2025,R,fernj007,scoring,1,1,0,0,0,0,0,0,0,0,0,0,0,0,0,0,0
2025,R,fernr001,empty,67,61,16,26,1,0,3,0,3,5,0,22,0,1,0,0,0
2025,R,fernr001,loaded,4,3,0,0,0,0,0,0,2,1,0,1,0,0,0,0,0
2025,R,fernr001,menon,73,62,20,38,3,3,3,0,24,11,2,12,3,0,0,0,0
2025,R,fernr001,scoring,53,43,12,22,2,1,2,0,20,10,2,9,2,0,0,0,0
2025,R,ferrj002,empty,158,145,40,55,4,1,3,0,3,9,0,33,0,4,0,0,0
2025,R,ferrj002,loaded,14,12,5,11,1,1,1,1,14,1,0,5,1,0,0,1,0
2025,R,ferrj002,menon,166,149,41,57,8,1,2,1,38,7,1,38,12,3,5,2,0
2025,R,ferrj002,scoring,95,85,23,33,5,1,1,1,34,4,1,23,3,3,1,2,0
2025,R,festd001,empty,149,138,25,44,4,0,5,0,5,10,0,36,0,1,0,0,0
2025,R,festd001,loaded,4,3,1,1,0,0,0,0,3,0,0,0,0,0,0,1,0
2025,R,festd001,menon,80,66,24,42,3,0,5,0,25,9,0,17,1,3,1,1,0
2025,R,festd001,scoring,46,38,11,19,2,0,2,0,19,5,0,10,1,2,0,1,0
2025,R,festm001,empty,114,104,20,33,2,1,3,0,3,8,0,32,0,2,0,0,0
2025,F,festm001,loaded,2,2,0,0,0,0,0,0,0,0,0,1,0,0,0,0,0
2025,R,festm001,loaded,7,6,1,1,0,0,0,0,3,0,0,2,0,0,0,1,0
2025,F,festm001,menon,3,2,0,0,0,0,0,0,0,1,0,1,0,0,0,0,0
2025,R,festm001,menon,112,95,24,31,4,0,1,0,31,7,2,24,1,3,4,3,0
2025,F,festm001,scoring,3,2,0,0,0,0,0,0,0,1,0,1,0,0,0,0,0
2025,R,festm001,scoring,80,68,18,24,3,0,1,0,30,4,2,17,0,1,4,3,0
2025,R,feyej001,empty,10,10,4,9,2,0,1,0,1,0,0,3,0,0,0,0,0
2025,R,feyej001,loaded,1,1,1,1,0,0,0,0,1,0,0,0,0,0,0,0,0
2025,R,feyej001,menon,13,12,7,11,1,0,1,0,6,1,1,1,1,0,0,0,0
2025,R,feyej001,scoring,10,9,6,10,1,0,1,0,6,1,1,0,1,0,0,0,0
2025,D,finnk001,empty,8,7,3,4,1,0,0,0,0,1,0,1,0,0,0,0,0
2025,F,finnk001,empty,8,7,0,0,0,0,0,0,0,1,0,1,0,0,0,0,0
2025,R,finnk001,empty,106,97,24,36,4,1,2,0,2,8,0,29,0,1,0,0,0
2025,D,finnk001,loaded,1,1,0,0,0,0,0,0,0,0,0,0,1,0,0,0,0
2025,R,finnk001,loaded,4,4,2,7,0,1,1,1,8,0,0,0,0,0,0,0,0
2025,D,finnk001,menon,12,12,4,5,1,0,0,0,2,0,0,1,1,0,0,0,0
2025,F,finnk001,menon,2,2,0,0,0,0,0,0,0,0,0,0,0,0,0,0,0
2025,R,finnk001,menon,123,107,21,35,4,2,2,1,29,10,2,26,3,0,2,3,1
2025,D,finnk001,scoring,6,6,3,4,1,0,0,0,2,0,0,0,1,0,0,0,0
2025,R,finnk001,scoring,83,72,16,29,3,2,2,1,29,7,2,18,1,0,1,3,0
2025,D,fishb002,empty,4,4,2,3,1,0,0,0,0,0,0,1,0,0,0,0,0
2025,L,fishb002,empty,4,4,2,2,0,0,0,0,0,0,0,1,0,0,0,0,0
2025,R,fishb002,empty,102,90,15,23,5,0,1,0,1,12,0,36,0,0,0,0,0
2025,W,fishb002,empty,8,5,0,0,0,0,0,0,0,3,1,3,0,0,0,0,0
2025,R,fishb002,loaded,10,8,1,1,0,0,0,0,3,1,0,2,0,0,0,1,0
2025,D,fishb002,menon,5,4,2,3,1,0,0,0,1,1,0,2,0,0,0,0,0
2025,L,fishb002,menon,4,4,1,4,0,0,1,0,2,0,0,2,1,0,0,0,0
2025,R,fishb002,menon,100,87,17,27,1,0,3,0,18,7,1,26,3,3,1,2,0
2025,W,fishb002,menon,7,7,2,5,0,0,1,0,2,0,0,1,0,0,0,0,0
2025,D,fishb002,scoring,3,3,1,1,0,0,0,0,1,0,0,2,0,0,0,0,0
2025,R,fishb002,scoring,67,56,11,15,1,0,1,0,14,6,1,15,0,2,1,2,0
2025,W,fishb002,scoring,1,1,0,0,0,0,0,0,0,0,0,0,0,0,0,0,0
2025,R,fittr001,empty,117,104,24,52,1,0,9,0,9,11,0,27,0,2,0,0,0
2025,R,fittr001,loaded,6,5,1,1,0,0,0,0,3,0,0,2,1,0,0,1,0
2025,R,fittr001,menon,78,67,19,26,1,0,2,0,15,5,0,13,5,1,1,2,2
2025,R,fittr001,scoring,44,36,9,12,0,0,1,0,13,3,0,8,1,0,1,2,2
2025,R,fitzr001,empty,4,4,1,1,0,0,0,0,0,0,0,0,0,0,0,0,0
2025,R,fitzr001,menon,4,4,1,1,0,0,0,0,0,0,0,0,0,0,0,0,0
2025,R,fitzr001,scoring,2,2,1,1,0,0,0,0,0,0,0,0,0,0,0,0,0
2025,D,flahj002,empty,13,9,2,6,1,0,1,0,1,4,0,3,0,0,0,0,0
2025,F,flahj002,empty,13,11,2,3,1,0,0,0,0,2,0,3,0,0,0,0,0
2025,R,flahj002,empty,405,371,89,148,18,1,13,0,13,32,0,111,0,2,0,0,0
2025,R,flahj002,loaded,14,14,5,9,1,0,1,1,12,0,0,3,1,0,0,0,0
2025,D,flahj002,menon,11,9,2,2,0,0,0,0,1,2,0,5,1,0,0,0,0
2025,F,flahj002,menon,4,4,1,1,0,0,0,0,1,0,0,1,1,0,0,0,0
2025,R,flahj002,menon,276,243,58,101,13,0,10,1,63,27,1,77,11,3,2,1,0
2025,D,flahj002,scoring,7,7,2,2,0,0,0,0,1,0,0,3,1,0,0,0,0
2025,F,flahj002,scoring,1,1,1,1,0,0,0,0,1,0,0,0,0,0,0,0,0
2025,R,flahj002,scoring,139,119,32,47,6,0,3,1,45,16,1,36,4,2,1,1,0
2025,R,flexc001,empty,94,84,21,29,2,0,2,0,2,10,0,10,0,0,0,0,0
2025,R,flexc001,loaded,3,3,1,1,0,0,0,0,3,0,0,0,0,0,0,0,0
2025,R,flexc001,menon,84,80,17,32,0,0,5,0,20,2,0,12,2,0,0,2,0
2025,R,flexc001,scoring,47,45,9,15,0,0,2,0,14,0,0,9,0,0,0,2,0
2025,D,fluhm001,empty,4,4,1,4,0,0,1,0,1,0,0,2,0,0,0,0,0
2025,L,fluhm001,empty,2,2,2,4,0,1,0,0,0,0,0,0,0,0,0,0,0
2025,R,fluhm001,empty,121,108,16,28,3,0,3,0,3,13,1,34,0,0,0,0,0
2025,W,fluhm001,empty,3,3,2,3,1,0,0,0,0,0,0,1,0,0,0,0,0
2025,R,fluhm001,loaded,10,8,2,2,0,0,0,0,5,1,0,4,0,0,0,1,0
2025,D,fluhm001,menon,5,4,0,0,0,0,0,0,0,1,0,2,0,0,0,0,0
2025,L,fluhm001,menon,9,8,2,2,0,0,0,0,2,1,0,3,0,0,0,0,0
2025,R,fluhm001,menon,94,79,20,34,5,0,3,0,21,11,3,22,5,2,1,1,0
2025,W,fluhm001,menon,8,7,2,3,1,0,0,0,2,1,1,1,0,0,0,0,0
2025,D,fluhm001,scoring,2,1,0,0,0,0,0,0,0,1,0,0,0,0,0,0,0
2025,L,fluhm001,scoring,7,7,2,2,0,0,0,0,2,0,0,2,0,0,0,0,0
2025,R,fluhm001,scoring,48,39,10,14,4,0,0,0,14,6,3,9,2,2,0,1,0
2025,W,fluhm001,scoring,6,5,1,1,0,0,0,0,1,1,1,1,0,0,0,0,0
2025,R,franb002,empty,174,155,41,88,0,1,15,0,15,16,0,32,0,3,0,0,0
2025,R,franb002,loaded,8,4,1,1,0,0,0,0,7,1,0,1,0,1,0,2,0
2025,R,franb002,menon,114,96,30,47,5,0,4,0,30,11,0,22,4,3,0,4,0
2025,R,franb002,scoring,53,43,13,20,4,0,1,0,24,4,0,10,1,2,0,4,0
2025,R,franj006,empty,10,9,1,1,0,0,0,0,0,1,0,2,0,0,0,0,0
2025,R,franj006,menon,6,5,1,2,1,0,0,0,1,1,0,3,0,0,0,0,0
2025,R,franj006,scoring,3,2,0,0,0,0,0,0,0,1,0,2,0,0,0,0,0
2025,R,freec002,empty,7,6,4,7,0,0,1,0,1,1,0,2,0,0,0,0,0
2025,R,freec002,menon,9,8,1,2,1,0,0,0,1,0,0,1,0,0,1,0,0
2025,R,freec002,scoring,5,5,1,2,1,0,0,0,1,0,0,1,0,0,0,0,0
2025,R,freek001,empty,402,378,106,165,15,4,12,0,12,18,0,69,0,6,0,0,0
2025,R,freek001,loaded,10,8,2,2,0,0,0,0,6,0,0,3,1,0,0,2,0
2025,R,freek001,menon,307,279,87,138,19,1,10,0,80,20,2,55,16,0,1,7,0
2025,R,freek001,scoring,170,148,42,72,10,1,6,0,65,14,2,32,7,0,1,7,0
2025,D,friem001,empty,9,8,3,4,1,0,0,0,0,1,0,1,0,0,0,0,0
2025,F,friem001,empty,17,14,2,2,0,0,0,0,0,3,0,4,0,0,0,0,0
2025,R,friem001,empty,482,443,97,153,13,5,11,0,11,35,0,121,0,4,0,0,0
2025,R,friem001,loaded,8,8,5,6,1,0,0,0,9,0,0,0,0,0,0,0,0
2025,D,friem001,menon,9,8,5,9,1,0,1,0,5,1,0,0,1,0,0,0,0
2025,F,friem001,menon,8,8,2,3,1,0,0,0,0,0,0,2,1,0,0,0,0
2025,R,friem001,menon,319,294,67,93,13,2,3,0,52,16,0,68,12,6,1,2,0
2025,D,friem001,scoring,6,6,3,7,1,0,1,0,5,0,0,0,1,0,0,0,0
2025,F,friem001,scoring,3,3,0,0,0,0,0,0,0,0,0,2,0,0,0,0,0
2025,R,friem001,scoring,166,152,35,52,4,2,3,0,47,10,0,29,5,2,0,2,0
2025,R,fuend001,empty,36,29,9,19,1,0,3,0,3,5,0,4,0,2,0,0,0
2025,R,fuend001,menon,33,31,14,24,1,0,3,0,12,1,0,8,1,0,0,1,0
2025,R,fuend001,scoring,13,12,6,9,0,0,1,0,8,0,0,4,1,0,0,1,0
2025,R,fulmc001,empty,72,64,10,14,2,1,0,0,0,8,0,18,0,0,0,0,0
2025,R,fulmc001,loaded,4,4,2,2,0,0,0,0,3,0,0,1,0,0,0,0,0
2025,R,fulmc001,menon,51,46,15,32,2,0,5,0,21,3,0,8,1,0,1,1,0
2025,R,fulmc001,scoring,27,23,10,17,1,0,2,0,15,3,0,5,0,0,0,1,0
2025,R,fulmm001,empty,14,13,3,7,1,0,1,0,1,1,0,2,0,0,0,0,0
2025,R,fulmm001,loaded,2,2,2,3,1,0,0,0,3,0,0,0,0,0,0,0,0
2025,R,fulmm001,menon,9,8,3,5,2,0,0,0,5,1,0,1,2,0,0,0,0
2025,R,fulmm001,scoring,7,6,3,5,2,0,0,0,5,1,0,1,0,0,0,0,0
2025,R,fundk001,empty,86,77,19,23,4,0,0,0,0,7,0,23,0,2,0,0,0
2025,R,fundk001,loaded,7,7,2,2,0,0,0,0,4,0,0,1,0,0,0,0,0
2025,R,fundk001,menon,97,83,25,36,5,0,2,0,17,11,1,17,3,1,0,2,0
2025,R,fundk001,scoring,61,52,13,19,3,0,1,0,15,7,1,14,1,0,0,2,0
2025,F,gaddh001,empty,3,2,0,0,0,0,0,0,0,0,0,2,0,1,0,0,0
2025,R,gaddh001,empty,138,130,32,52,4,2,4,0,4,7,0,38,0,1,0,0,0
2025,F,gaddh001,loaded,1,1,1,1,0,0,0,0,2,0,0,0,0,0,0,0,0
2025,R,gaddh001,loaded,9,7,1,4,0,0,1,1,6,1,0,2,0,0,0,1,0
2025,F,gaddh001,menon,12,10,5,5,0,0,0,0,5,1,1,1,0,0,1,0,0
2025,R,gaddh001,menon,136,118,26,43,5,0,4,1,29,14,2,35,2,0,2,2,0
2025,F,gaddh001,scoring,10,8,3,3,0,0,0,0,5,1,1,1,0,0,1,0,0
2025,R,gaddh001,scoring,85,69,16,26,4,0,2,1,24,12,2,23,0,0,2,2,0
2025,R,gagem001,empty,62,53,12,15,3,0,0,0,0,8,0,13,0,1,0,0,0
2025,R,gagem001,loaded,5,5,1,1,0,0,0,0,3,0,0,3,0,0,0,0,0
2025,R,gagem001,menon,75,69,23,27,4,0,0,0,17,4,1,14,4,1,1,0,0
2025,R,gagem001,scoring,47,44,15,17,2,0,0,0,17,2,1,10,2,1,0,0,0
2025,R,gallz001,empty,507,468,106,184,23,2,17,0,17,37,0,111,0,2,0,0,0
2025,R,gallz001,loaded,11,9,2,7,0,1,1,1,12,2,0,2,0,0,0,0,0
2025,R,gallz001,menon,306,269,70,130,14,2,14,1,80,29,1,64,13,2,2,4,0
2025,R,gallz001,scoring,157,133,33,58,5,1,6,1,56,18,1,37,2,1,1,4,0
2025,R,garag001,empty,13,11,4,5,1,0,0,0,0,1,0,3,0,1,0,0,0
2025,R,garag001,loaded,3,3,3,4,1,0,0,0,5,0,0,0,0,0,0,0,0
2025,R,garag001,menon,28,27,11,15,1,0,1,0,12,0,0,5,2,1,0,0,0
2025,R,garag001,scoring,18,17,8,9,1,0,0,0,10,0,0,5,0,1,0,0,0
2025,R,garcb002,empty,30,26,8,10,2,0,0,0,0,4,0,5,0,0,0,0,0
2025,R,garcb002,menon,36,31,10,11,1,0,0,0,5,4,0,9,3,1,0,0,0
2025,R,garcb002,scoring,21,21,8,9,1,0,0,0,5,0,0,5,1,0,0,0,0
2025,R,garcl005,empty,110,100,27,40,8,1,1,0,1,10,0,22,0,0,0,0,0
2025,R,garcl005,loaded,11,10,0,0,0,0,0,0,1,1,0,2,4,0,0,0,0
2025,R,garcl005,menon,123,103,28,40,7,1,1,0,26,16,5,26,14,0,2,2,0
2025,R,garcl005,scoring,91,72,16,24,6,1,0,0,24,15,5,22,8,0,2,2,0
2025,R,garcl007,empty,26,25,2,5,0,0,1,0,1,0,0,7,0,1,0,0,0
2025,R,garcl007,menon,2,1,1,4,0,0,1,0,2,1,0,0,0,0,0,0,0
2025,R,garcr006,empty,79,74,16,23,2,1,1,0,1,5,0,22,0,0,0,0,0
2025,R,garcr006,loaded,10,10,0,0,0,0,0,0,1,0,0,6,0,0,0,0,0
2025,R,garcr006,menon,63,57,15,28,1,0,4,0,13,5,1,16,2,0,0,1,0
2025,R,garcr006,scoring,35,33,8,14,0,0,2,0,9,1,1,10,2,0,0,1,0
2025,R,garcr008,empty,143,133,35,49,5,0,3,0,3,10,0,36,0,0,0,0,0
2025,R,garcr008,loaded,8,6,2,2,0,0,0,0,6,0,0,3,0,1,0,1,0
2025,R,garcr008,menon,126,109,23,41,3,0,5,0,25,12,2,32,5,1,3,1,0
2025,R,garcr008,scoring,78,64,14,24,1,0,3,0,20,9,2,21,2,1,3,1,0
2025,R,garcy001,empty,50,45,6,7,1,0,0,0,0,4,0,15,0,1,0,0,0
2025,R,garcy001,loaded,5,5,1,4,0,0,1,1,4,0,0,2,0,0,0,0,0
2025,R,garcy001,menon,40,31,7,13,0,0,2,1,7,8,1,10,0,0,1,0,0
2025,R,garcy001,scoring,28,22,3,6,0,0,1,1,5,5,1,8,0,0,1,0,0
2025,R,garrr001,empty,106,94,16,23,4,0,1,0,1,12,0,32,0,0,0,0,0
2025,R,garrr001,loaded,20,19,7,14,1,0,2,2,19,1,0,5,0,0,0,0,0
2025,R,garrr001,menon,132,117,31,51,8,0,4,2,37,14,2,32,2,1,0,0,0
2025,R,garrr001,scoring,95,80,19,29,4,0,2,2,30,14,2,23,1,1,0,0,0
2025,R,garzj001,empty,10,10,4,5,1,0,0,0,0,0,0,0,0,0,0,0,0
2025,R,garzj001,loaded,1,1,1,2,1,0,0,0,3,0,0,0,0,0,0,0,0
2025,R,garzj001,menon,18,17,4,8,1,0,1,0,6,1,0,3,1,0,0,0,0
2025,R,garzj001,scoring,12,11,3,7,1,0,1,0,6,1,0,3,1,0,0,0,0
2025,D,gassr001,empty,5,5,4,10,0,0,2,0,2,0,0,0,0,0,0,0,0
2025,L,gassr001,empty,1,0,0,0,0,0,0,0,0,0,0,0,0,1,0,0,0
2025,R,gassr001,empty,13,11,2,2,0,0,0,0,0,1,0,3,0,1,0,0,0
2025,L,gassr001,loaded,2,2,0,0,0,0,0,0,0,0,0,2,0,0,0,0,0
2025,D,gassr001,menon,7,6,1,1,0,0,0,0,0,1,0,0,0,0,0,0,0
2025,L,gassr001,menon,4,3,1,2,1,0,0,0,0,1,1,2,0,0,0,0,0
2025,R,gassr001,menon,16,12,3,7,1,0,1,0,3,3,0,2,0,1,0,0,0
2025,D,gassr001,scoring,4,3,0,0,0,0,0,0,0,1,0,0,0,0,0,0,0
2025,L,gassr001,scoring,3,2,0,0,0,0,0,0,0,1,1,2,0,0,0,0,0
2025,R,gassr001,scoring,10,9,1,1,0,0,0,0,1,1,0,2,0,0,0,0,0
2025,D,gausk001,empty,14,14,3,4,1,0,0,0,0,0,0,1,0,0,0,0,0
2025,L,gausk001,empty,34,28,5,12,1,0,2,0,2,6,1,7,0,0,0,0,0
2025,R,gausk001,empty,492,467,96,158,21,1,13,0,13,24,0,110,0,1,0,0,0
2025,W,gausk001,empty,39,39,4,12,2,0,2,0,2,0,0,11,0,0,0,0,0
2025,D,gausk001,loaded,3,2,0,0,0,0,0,0,1,1,0,1,0,0,0,0,0
2025,R,gausk001,loaded,12,7,4,7,1,1,0,0,15,3,0,0,2,1,0,1,0
2025,W,gausk001,loaded,1,1,1,1,0,0,0,0,2,0,0,0,0,0,0,0,0
2025,D,gausk001,menon,8,6,1,1,0,0,0,0,1,2,0,2,0,0,0,0,0
2025,L,gausk001,menon,15,14,1,1,0,0,0,0,0,1,0,2,1,0,0,0,0
2025,R,gausk001,menon,283,249,59,98,13,1,8,0,63,26,2,79,8,2,1,3,2
2025,W,gausk001,menon,8,6,3,4,1,0,0,0,4,2,1,3,0,0,0,0,0
2025,D,gausk001,scoring,5,3,1,1,0,0,0,0,1,2,0,1,0,0,0,0,0
2025,L,gausk001,scoring,6,6,0,0,0,0,0,0,0,0,0,1,0,0,0,0,0
2025,R,gausk001,scoring,164,139,34,57,9,1,4,0,55,18,2,40,4,2,1,3,1
2025,W,gausk001,scoring,7,5,3,4,1,0,0,0,4,2,1,2,0,0,0,0,0
2025,R,gerbj001,empty,11,11,2,5,0,0,1,0,1,0,0,3,0,0,0,0,0
2025,R,gerbj001,menon,4,4,1,1,0,0,0,0,0,0,0,1,1,0,0,0,0
2025,R,gerbj001,scoring,3,3,0,0,0,0,0,0,0,0,0,1,1,0,0,0,0
2025,R,gervp001,empty,26,23,5,15,1,0,3,0,3,3,0,6,0,0,0,0,0
2025,R,gervp001,loaded,2,1,0,0,0,0,0,0,1,1,0,0,0,0,0,0,0
2025,R,gervp001,menon,13,10,3,3,0,0,0,0,2,3,0,2,0,0,0,0,0
2025,R,gervp001,scoring,8,6,2,2,0,0,0,0,2,2,0,2,0,0,0,0,0
2025,R,gibai001,empty,69,66,17,27,4,0,2,0,2,3,0,10,0,0,0,0,0
2025,R,gibai001,loaded,2,2,0,0,0,0,0,0,0,0,0,0,0,0,0,0,0
2025,R,gibai001,menon,40,34,9,14,2,0,1,0,8,5,0,5,0,0,0,1,0
2025,R,gibai001,scoring,27,23,7,12,2,0,1,0,8,3,0,4,0,0,0,1,0
2025,R,gibsc001,empty,123,112,27,41,6,1,2,0,2,8,0,25,0,3,0,0,0
2025,R,gibsc001,loaded,6,5,2,2,0,0,0,0,5,1,0,0,0,0,0,0,0
2025,R,gibsc001,menon,107,89,17,23,3,0,1,0,14,13,3,18,3,3,1,1,0
2025,R,gibsc001,scoring,64,47,8,9,1,0,0,0,11,12,3,11,1,3,1,1,0
2025,R,gibsk002,empty,38,36,14,38,3,0,7,0,7,2,0,5,0,0,0,0,0
2025,R,gibsk002,loaded,1,1,1,1,0,0,0,0,2,0,0,0,0,0,0,0,0
2025,R,gibsk002,menon,35,28,15,22,3,2,0,0,15,5,0,5,0,0,0,2,0
2025,R,gibsk002,scoring,20,16,10,14,2,1,0,0,14,2,0,3,0,0,0,2,0
2025,D,gil-l001,empty,9,9,4,10,0,0,2,0,2,0,0,1,0,0,0,0,0
2025,R,gil-l001,empty,131,109,29,52,11,0,4,0,4,22,0,16,0,0,0,0,0
2025,R,gil-l001,loaded,3,2,1,1,0,0,0,0,3,0,0,1,0,0,0,1,0
2025,D,gil-l001,menon,3,3,0,0,0,0,0,0,0,0,0,1,0,0,0,0,0
2025,R,gil-l001,menon,113,99,18,24,3,0,1,0,15,11,0,25,4,1,0,2,0
2025,R,gil-l001,scoring,68,60,13,16,3,0,0,0,13,5,0,14,1,1,0,2,0
2025,R,gilbl001,empty,4,4,1,4,0,0,1,0,1,0,0,2,0,0,0,0,0
2025,D,gilbl002,empty,20,19,5,6,1,0,0,0,0,0,0,6,0,1,0,0,0
2025,L,gilbl002,empty,16,16,6,12,1,1,1,0,1,0,0,1,0,0,0,0,0
2025,R,gilbl002,empty,351,327,67,124,13,1,14,0,14,20,0,112,0,4,0,0,0
2025,L,gilbl002,loaded,2,2,0,0,0,0,0,0,0,0,0,1,0,0,0,0,0
2025,R,gilbl002,loaded,7,6,0,0,0,0,0,0,2,0,0,5,0,0,0,1,0
2025,D,gilbl002,menon,13,11,2,2,0,0,0,0,1,1,1,3,0,0,1,0,0
2025,L,gilbl002,menon,20,18,6,9,0,0,1,0,6,2,0,4,0,0,0,0,0
2025,R,gilbl002,menon,184,167,37,62,7,0,6,0,33,11,0,61,1,3,2,1,0
2025,D,gilbl002,scoring,7,6,1,1,0,0,0,0,1,1,1,1,0,0,0,0,0
2025,L,gilbl002,scoring,16,14,6,9,0,0,1,0,6,2,0,3,0,0,0,0,0
2025,R,gilbl002,scoring,116,104,21,38,5,0,4,0,29,8,0,41,0,2,1,1,0
2025,R,gilbt001,empty,118,107,24,38,8,0,2,0,2,9,0,26,0,2,0,0,0
2025,R,gilbt001,loaded,4,3,1,2,1,0,0,0,5,1,0,0,0,0,0,0,0
2025,R,gilbt001,menon,97,79,16,28,3,0,3,0,23,15,3,23,3,0,2,1,0
2025,R,gilbt001,scoring,65,50,10,19,3,0,2,0,21,12,3,14,0,0,2,1,0
2025,R,gillc003,empty,65,56,13,28,3,0,4,0,4,8,0,13,0,1,0,0,0
2025,R,gillc003,loaded,3,2,1,2,1,0,0,0,3,0,0,0,0,0,0,1,0
2025,R,gillc003,menon,58,53,19,33,8,0,2,0,20,3,0,10,0,0,0,2,0
2025,R,gillc003,scoring,39,34,13,24,5,0,2,0,18,3,0,7,0,0,0,2,0
2025,R,gilll001,empty,15,12,3,3,0,0,0,0,0,3,0,0,0,0,0,0,0
2025,R,gilll001,loaded,3,3,1,1,0,0,0,0,2,0,0,1,0,0,0,0,0
2025,R,gilll001,menon,16,14,4,7,0,0,1,0,4,1,0,4,1,1,0,0,0
2025,R,gilll001,scoring,10,8,1,1,0,0,0,0,2,1,0,3,0,1,0,0,0
2025,R,ginkk001,empty,48,42,13,22,3,0,2,0,2,6,0,12,0,0,0,0,0
2025,R,ginkk001,loaded,5,2,2,3,1,0,0,0,7,0,0,0,0,0,0,3,0
2025,R,ginkk001,menon,73,60,16,20,4,0,0,0,16,7,0,17,2,2,0,4,0
2025,R,ginkk001,scoring,48,38,10,12,2,0,0,0,15,5,0,11,0,1,0,4,0
2025,R,ginnj001,empty,228,210,56,105,11,1,12,0,12,15,0,63,0,3,0,0,0
2025,R,ginnj001,loaded,7,6,2,3,1,0,0,0,6,1,0,1,0,0,0,0,0
2025,R,ginnj001,menon,164,144,36,62,9,1,5,0,35,16,1,36,8,3,0,1,0
2025,R,ginnj001,scoring,100,87,19,28,6,0,1,0,24,10,1,27,2,2,0,1,0
2025,R,gioll001,empty,356,323,82,130,15,0,11,0,11,33,0,69,0,0,0,0,0
2025,R,gioll001,loaded,9,7,1,1,0,0,0,0,5,2,0,5,0,0,0,0,0
2025,R,gioll001,menon,257,224,49,76,7,1,6,0,42,23,0,52,8,1,2,5,2
2025,R,gioll001,scoring,132,114,25,37,4,1,2,0,33,10,0,32,1,0,2,5,1
2025,R,gipss001,empty,85,81,21,48,6,0,7,0,7,3,0,18,0,1,0,0,0
2025,R,gipss001,loaded,2,1,1,1,0,0,0,0,2,0,0,0,0,0,0,1,0
2025,R,gipss001,menon,48,40,13,19,3,0,1,0,16,3,0,8,2,1,0,4,0
2025,R,gipss001,scoring,33,26,12,17,2,0,1,0,15,2,0,3,0,1,0,4,0
2025,D,glast001,empty,17,14,3,4,1,0,0,0,0,3,0,5,0,0,0,0,0
2025,L,glast001,empty,17,14,1,3,0,1,0,0,0,3,0,7,0,0,0,0,0
2025,R,glast001,empty,228,200,36,67,4,0,9,0,9,25,0,79,0,3,0,0,0
2025,W,glast001,empty,15,12,4,4,0,0,0,0,0,3,0,3,0,0,0,0,0
2025,R,glast001,loaded,10,9,3,4,1,0,0,0,7,1,0,3,1,0,0,0,0
2025,D,glast001,menon,14,12,1,1,0,0,0,0,0,2,0,5,1,0,0,0,0
2025,L,glast001,menon,6,6,2,2,0,0,0,0,1,0,0,1,0,0,0,0,0
2025,R,glast001,menon,138,116,20,31,8,0,1,0,17,18,0,27,7,0,0,4,0
2025,W,glast001,menon,19,18,4,8,1,0,1,0,5,0,0,4,0,0,0,1,0
2025,D,glast001,scoring,5,3,0,0,0,0,0,0,0,2,0,1,0,0,0,0,0
2025,L,glast001,scoring,4,4,1,1,0,0,0,0,1,0,0,1,0,0,0,0,0
2025,R,glast001,scoring,69,54,8,12,4,0,0,0,14,11,0,13,2,0,0,4,0
2025,W,glast001,scoring,13,12,2,6,1,0,1,0,5,0,0,3,0,0,0,1,0
2025,R,gomba001,empty,154,142,41,80,8,2,9,0,9,11,0,17,0,1,0,0,0
2025,R,gomba001,loaded,4,3,1,2,1,0,0,0,4,0,0,1,0,0,0,1,0
2025,R,gomba001,menon,118,110,41,72,10,0,7,0,41,6,0,17,2,0,1,1,0
2025,R,gomba001,scoring,73,68,25,43,6,0,4,0,33,3,0,11,2,0,1,1,0
2025,R,gomey002,empty,151,134,34,58,4,1,6,0,6,13,0,33,0,3,0,0,1
2025,R,gomey002,loaded,9,7,2,6,1,0,1,1,9,1,0,2,1,0,0,1,0
2025,R,gomey002,menon,126,109,26,49,5,0,6,1,30,14,0,25,4,1,0,2,0
2025,R,gomey002,scoring,62,52,13,30,2,0,5,1,27,7,0,10,2,1,0,2,0
2025,R,gonst001,empty,95,81,18,31,1,0,4,0,4,12,0,24,0,2,0,0,0
2025,R,gonst001,loaded,2,2,2,3,1,0,0,0,3,0,0,0,0,0,0,0,0
2025,R,gonst001,menon,62,54,15,32,2,0,5,0,17,6,0,14,3,1,1,0,0
2025,R,gonst001,scoring,26,24,6,10,1,0,1,0,8,2,0,7,1,0,0,0,0
2025,R,gonzw002,empty,44,37,6,9,3,0,0,0,0,7,0,15,0,0,0,0,0
2025,R,gonzw002,loaded,2,1,0,0,0,0,0,0,1,1,0,1,0,0,0,0,0
2025,R,gonzw002,menon,43,36,7,11,1,0,1,0,8,5,0,10,1,0,1,1,0
2025,R,gonzw002,scoring,26,22,4,4,0,0,0,0,6,2,0,6,0,0,1,1,0
2025,R,gordc001,empty,225,213,63,119,12,1,14,0,14,11,0,41,0,1,0,0,0
2025,R,gordc001,loaded,3,3,0,0,0,0,0,0,0,0,0,0,0,0,0,0,0
2025,R,gordc001,menon,154,139,40,72,11,0,7,0,37,8,2,31,3,1,2,4,0
2025,R,gordc001,scoring,85,73,17,33,7,0,3,0,28,6,2,17,0,0,2,4,0
2025,R,gordt002,empty,198,193,56,102,11,1,11,0,11,5,0,44,0,0,0,0,0
2025,R,gordt002,loaded,5,5,3,4,1,0,0,0,7,0,0,0,0,0,0,0,0
2025,R,gordt002,menon,139,123,40,66,7,2,5,0,42,12,0,18,5,3,0,1,0
2025,R,gordt002,scoring,79,72,23,38,4,1,3,0,35,4,0,10,2,2,0,1,0
2025,R,gorem001,empty,402,369,87,141,19,1,11,0,11,32,0,106,0,1,0,0,0
2025,R,gorem001,loaded,19,17,3,7,1,0,1,1,10,0,0,11,0,0,0,2,0
2025,R,gorem001,menon,278,233,65,101,9,0,9,1,56,32,0,79,8,4,2,7,0
2025,R,gorem001,scoring,164,132,36,51,6,0,3,1,43,20,0,48,3,4,1,7,0
2025,R,gracg001,empty,91,86,20,31,4,2,1,0,1,3,0,19,0,2,0,0,0
2025,R,gracg001,loaded,5,5,4,7,1,1,0,0,8,0,0,1,0,0,0,0,0
2025,R,gracg001,menon,102,89,30,49,10,3,1,0,35,10,0,21,2,0,0,3,0
2025,R,gracg001,scoring,69,60,24,40,9,2,1,0,34,6,0,10,0,0,0,3,0
2025,R,grana001,empty,50,48,15,26,3,1,2,0,2,2,0,9,0,0,0,0,0
2025,R,grana001,loaded,1,0,0,0,0,0,0,0,1,0,0,0,0,0,0,1,0
2025,R,grana001,menon,41,31,7,12,0,1,1,0,11,5,0,9,1,1,1,3,0
2025,R,grana001,scoring,25,17,4,9,0,1,1,0,11,4,0,5,0,0,1,3,0
2025,R,gravk001,empty,38,33,12,19,5,1,0,0,0,5,0,4,0,0,0,0,0
2025,R,gravk001,loaded,3,2,1,4,0,0,1,1,6,0,0,0,0,1,0,0,0
2025,R,gravk001,menon,44,36,11,21,4,0,2,1,16,7,0,5,4,1,0,0,0
2025,R,gravk001,scoring,31,23,10,19,3,0,2,1,16,7,0,1,1,1,0,0,0
2025,R,grayj003,empty,41,39,8,15,1,0,2,0,2,2,0,9,0,0,0,0,0
2025,R,grayj003,loaded,1,0,0,0,0,0,0,0,1,1,0,0,0,0,0,0,0
2025,R,grayj003,menon,22,18,7,18,2,0,3,0,11,4,0,3,0,0,0,0,0
2025,R,grayj003,scoring,12,10,4,8,1,0,1,0,6,2,0,0,0,0,0,0,0
2025,R,grays001,empty,477,454,112,178,21,3,13,0,13,20,0,131,0,1,0,0,2
2025,R,grays001,loaded,13,12,3,6,0,0,1,1,10,0,0,3,0,0,0,1,0
2025,R,grays001,menon,276,251,73,121,10,1,12,1,69,18,0,70,9,2,1,3,1
2025,R,grays001,scoring,148,132,37,61,6,0,6,1,54,11,0,33,2,2,0,3,0
2025,R,greec003,empty,110,102,30,61,4,0,9,0,9,7,1,21,0,1,0,0,0
2025,R,greec003,loaded,4,4,0,0,0,0,0,0,0,0,0,1,0,0,0,0,0
2025,R,greec003,menon,80,73,21,38,2,0,5,0,21,6,1,14,1,1,0,0,0
2025,R,greec003,scoring,53,46,9,19,1,0,3,0,16,6,1,10,0,1,0,0,0
2025,F,greeh001,empty,9,8,4,10,0,0,2,0,2,1,0,1,0,0,0,0,0
2025,R,greeh001,empty,296,281,54,100,17,1,9,0,9,14,0,88,0,1,0,0,0
2025,R,greeh001,loaded,1,1,0,0,0,0,0,0,0,0,0,1,0,0,0,0,0
2025,F,greeh001,menon,8,6,2,5,0,0,1,0,3,1,0,3,0,0,1,0,0
2025,R,greeh001,menon,124,110,21,44,5,0,6,0,22,12,0,44,2,1,1,0,0
2025,F,greeh001,scoring,3,3,1,4,0,0,1,0,3,0,0,2,0,0,0,0,0
2025,R,greeh001,scoring,64,55,9,18,3,0,2,0,11,8,0,22,1,0,1,0,0
2025,R,guens001,empty,25,22,6,7,1,0,0,0,0,3,0,4,0,0,0,0,0
2025,R,guens001,menon,18,16,4,5,1,0,0,0,2,2,0,4,3,0,0,0,0
2025,R,guens001,scoring,6,5,2,2,0,0,0,0,1,1,0,2,0,0,0,0,0
2025,R,guerl001,empty,44,36,3,4,1,0,0,0,0,8,0,7,0,0,0,0,0
2025,R,guerl001,menon,28,21,6,8,2,0,0,0,7,6,0,3,2,0,0,1,0
2025,R,guerl001,scoring,17,14,6,8,2,0,0,0,7,2,0,2,1,0,0,1,0
2025,R,gustr001,empty,251,228,65,104,12,0,9,0,9,20,0,51,0,3,0,0,0
2025,R,gustr001,loaded,12,11,2,2,0,0,0,0,5,1,0,2,0,0,0,0,0
2025,R,gustr001,menon,202,179,49,84,9,1,8,0,53,16,0,46,10,2,1,4,0
2025,R,gustr001,scoring,101,88,25,37,3,0,3,0,40,8,0,16,5,1,0,4,0
2025,R,hadej001,empty,120,110,21,44,8,0,5,0,5,8,0,44,0,1,0,0,1
2025,R,hadej001,loaded,5,4,1,4,0,0,1,1,5,0,0,2,0,0,0,1,0
2025,R,hadej001,menon,86,74,8,19,2,0,3,1,11,8,1,32,0,1,2,1,0
2025,R,hadej001,scoring,56,46,4,13,0,0,3,1,11,6,1,20,0,1,2,1,0
2025,R,hagej002,empty,61,59,16,29,4,0,3,0,3,1,0,14,0,1,0,0,0
2025,R,hagej002,menon,38,37,8,12,1,0,1,0,7,1,0,9,0,0,0,0,0
2025,R,hagej002,scoring,17,17,5,8,0,0,1,0,7,0,0,4,0,0,0,0,0
2025,R,hahnj001,empty,8,6,2,2,0,0,0,0,0,1,0,1,0,1,0,0,0
2025,R,hahnj001,loaded,1,1,0,0,0,0,0,0,0,0,0,0,1,0,0,0,0
2025,R,hahnj001,menon,17,12,4,7,0,0,1,0,4,4,3,2,2,0,1,0,0
2025,R,hahnj001,scoring,12,8,2,2,0,0,0,0,2,3,3,1,2,0,1,0,0
2025,R,halld004,empty,98,89,11,17,3,0,1,0,1,9,0,20,0,0,0,0,0
2025,R,halld004,loaded,4,4,2,4,2,0,0,0,4,0,0,0,0,0,0,0,0
2025,R,halld004,menon,57,49,13,21,3,1,1,0,13,8,0,7,2,0,0,0,0
2025,R,halld004,scoring,35,29,11,17,3,0,1,0,12,6,0,4,1,0,0,0,0
2025,R,halvs001,empty,94,82,21,32,6,1,1,0,1,12,0,22,0,0,0,0,0
2025,R,halvs001,loaded,6,6,1,2,1,0,0,0,2,0,0,2,0,0,0,0,0
2025,R,halvs001,menon,79,68,20,42,4,0,6,0,24,9,1,14,7,0,1,1,0
2025,R,halvs001,scoring,58,50,16,37,3,0,6,0,24,6,1,12,2,0,1,1,0
2025,R,hamed001,empty,4,3,1,1,0,0,0,0,0,0,0,0,0,1,0,0,0
2025,R,hamed001,menon,2,2,2,2,0,0,0,0,0,0,0,0,0,0,0,0,0
2025,R,hamed001,scoring,1,1,1,1,0,0,0,0,0,0,0,0,0,0,0,0,0
2025,R,hamii001,empty,94,83,16,25,1,1,2,0,2,11,0,27,0,0,0,0,0
2025,R,hamii001,loaded,6,6,2,2,0,0,0,0,4,0,0,1,1,0,0,0,0
2025,R,hamii001,menon,72,56,12,24,3,0,3,0,13,11,1,15,5,1,2,1,1
2025,R,hamii001,scoring,37,26,5,9,1,0,1,0,8,8,1,5,2,1,1,1,0
2025,R,hampg001,empty,3,3,0,0,0,0,0,0,0,0,0,0,0,0,0,0,0
2025,L,hance001,empty,6,4,1,1,0,0,0,0,0,2,0,2,0,0,0,0,0
2025,R,hance001,empty,222,202,54,87,6,0,9,0,9,17,0,43,0,3,0,0,0
2025,R,hance001,loaded,5,3,0,0,0,0,0,0,2,0,0,2,0,0,0,2,0
2025,L,hance001,menon,12,8,1,1,0,0,0,0,2,3,0,1,1,0,1,0,0
2025,R,hance001,menon,163,144,39,67,10,0,6,0,40,14,0,21,9,2,1,2,0
2025,L,hance001,scoring,5,4,1,1,0,0,0,0,2,0,0,0,0,0,1,0,0
2025,R,hance001,scoring,88,79,22,37,3,0,4,0,35,6,0,10,2,1,0,2,0
2025,D,hanib001,empty,4,4,1,2,1,0,0,0,0,0,0,0,0,0,0,0,0
2025,R,hanib001,empty,113,109,32,47,5,2,2,0,2,2,0,16,0,2,0,0,0
2025,R,hanib001,loaded,10,9,1,1,0,0,0,0,3,1,0,2,0,0,0,0,0
2025,D,hanib001,menon,1,1,1,4,0,0,1,0,2,0,0,0,0,0,0,0,0
2025,R,hanib001,menon,147,134,33,45,9,0,1,0,30,12,2,24,7,0,0,1,0
2025,D,hanib001,scoring,1,1,1,4,0,0,1,0,2,0,0,0,0,0,0,0,0
2025,R,hanib001,scoring,94,85,20,23,3,0,0,0,24,8,2,14,4,0,0,1,0
2025,R,harrh002,empty,134,119,29,44,6,0,3,0,3,14,0,31,0,1,0,0,0
2025,R,harrh002,loaded,6,4,0,0,0,0,0,0,2,0,0,1,0,0,0,2,0
2025,R,harrh002,menon,143,120,25,37,6,0,2,0,25,19,4,34,3,0,1,3,0
2025,R,harrh002,scoring,88,74,18,26,2,0,2,0,23,11,4,20,0,0,0,3,0
2025,R,harrh003,empty,7,6,2,3,1,0,0,0,0,1,0,0,0,0,0,0,0
2025,R,harrh003,menon,5,4,1,1,0,0,0,0,1,1,0,0,1,0,0,0,0
2025,R,harrh003,scoring,2,2,1,1,0,0,0,0,1,0,0,0,0,0,0,0,0
2025,R,harrk001,empty,89,81,22,36,5,0,3,0,3,8,0,19,0,0,0,0,0
2025,R,harrk001,loaded,4,4,2,3,1,0,0,0,3,0,0,1,0,0,0,0,0
2025,R,harrk001,menon,67,60,13,21,3,1,1,0,12,6,1,19,0,1,0,0,0
2025,R,harrk001,scoring,40,37,8,15,2,1,1,0,11,3,1,12,0,0,0,0,0
2025,R,harrt002,empty,21,17,7,13,0,0,2,0,2,4,0,5,0,0,0,0,0
2025,R,harrt002,menon,29,25,11,19,5,0,1,0,13,3,0,2,1,0,0,1,0
2025,R,harrt002,scoring,19,16,6,10,4,0,0,0,10,2,0,2,0,0,0,1,0
2025,R,hartg001,empty,10,7,3,4,1,0,0,0,0,3,0,2,0,0,0,0,0
2025,R,hartg001,loaded,2,1,1,1,0,0,0,0,3,1,0,0,0,0,0,0,0
2025,R,hartg001,menon,14,11,5,12,1,0,2,0,8,3,0,3,0,0,0,0,0
2025,R,hartg001,scoring,8,7,3,6,0,0,1,0,5,1,0,1,0,0,0,0,0
2025,R,hartk002,empty,125,120,27,54,6,0,7,0,7,3,0,25,0,2,0,0,0
2025,R,hartk002,loaded,3,3,0,0,0,0,0,0,0,0,0,2,1,0,0,0,0
2025,R,hartk002,menon,54,43,11,19,2,0,2,0,10,10,0,12,1,0,0,1,0
2025,R,hartk002,scoring,31,24,6,13,1,0,2,0,10,6,0,8,1,0,0,1,0
2025,R,harvh001,empty,26,25,4,4,0,0,0,0,0,1,0,9,0,0,0,0,0
2025,R,harvh001,loaded,1,1,0,0,0,0,0,0,0,0,0,0,0,0,0,0,0
2025,R,harvh001,menon,13,13,2,2,0,0,0,0,0,0,0,2,0,0,0,0,0
2025,R,harvh001,scoring,8,8,0,0,0,0,0,0,0,0,0,2,0,0,0,0,0
2025,R,hatct001,empty,90,82,25,45,5,0,5,0,5,8,0,16,0,0,0,0,0
2025,R,hatct001,loaded,5,4,1,1,0,0,0,0,3,1,0,1,0,0,0,0,0
2025,R,hatct001,menon,62,53,15,23,2,0,2,0,15,9,2,6,6,0,0,0,0
2025,R,hatct001,scoring,45,38,12,20,2,0,2,0,15,7,2,5,1,0,0,0,0
2025,R,headb001,empty,56,49,9,14,2,0,1,0,1,6,0,16,0,1,0,0,0
2025,R,headb001,loaded,2,2,1,1,0,0,0,0,2,0,0,1,0,0,0,0,0
2025,R,headb001,menon,36,35,8,20,3,0,3,0,11,1,1,14,1,0,0,0,0
2025,R,headb001,scoring,17,16,4,10,0,0,2,0,7,1,1,8,0,0,0,0,0
2025,R,heana001,empty,334,311,78,143,18,1,15,0,15,20,0,63,0,3,0,0,0
2025,R,heana001,loaded,8,6,2,6,1,0,1,1,10,0,0,0,0,0,0,2,0
2025,R,heana001,menon,202,168,51,97,16,0,10,1,58,20,0,23,7,6,4,4,0
2025,R,heana001,scoring,114,93,28,56,7,0,7,1,49,11,0,14,1,5,1,4,0
2025,R,hedga001,empty,4,3,2,3,1,0,0,0,0,1,0,0,0,0,0,0,0
2025,R,hedga001,menon,12,11,4,5,1,0,0,0,2,0,0,1,0,0,0,1,0
2025,R,hedga001,scoring,9,8,2,3,1,0,0,0,2,0,0,1,0,0,0,1,0
2025,R,heint001,empty,6,4,3,3,0,0,0,0,0,0,0,0,0,2,0,0,0
2025,R,heint001,loaded,1,1,1,2,1,0,0,0,2,0,0,0,0,0,0,0,0
2025,R,heint001,menon,21,20,12,17,2,0,1,0,12,0,0,0,0,0,0,1,0
2025,R,heint001,scoring,14,13,9,13,1,0,1,0,12,0,0,0,0,0,0,1,0
2025,R,helsr001,empty,119,105,34,49,6,0,3,0,3,13,0,29,0,1,0,0,0
2025,R,helsr001,loaded,4,3,0,0,0,0,0,0,1,1,0,2,0,0,0,0,0
2025,R,helsr001,menon,133,117,27,48,6,0,5,0,26,12,3,34,1,0,1,3,0
2025,R,helsr001,scoring,81,70,12,22,4,0,2,0,19,8,3,22,0,0,0,3,0
2025,R,hendk001,empty,417,393,109,190,25,1,18,0,18,23,0,71,0,1,0,0,0
2025,R,hendk001,loaded,6,3,0,0,0,0,0,0,3,1,0,0,1,0,0,2,0
2025,R,hendk001,menon,278,245,58,95,12,2,7,0,60,20,3,43,16,4,3,6,0
2025,R,hendk001,scoring,151,125,32,55,6,1,5,0,49,15,3,22,5,2,3,6,0
2025,R,hendl001,empty,33,28,5,5,0,0,0,0,0,4,0,5,0,1,0,0,0
2025,R,hendl001,loaded,3,3,1,4,0,0,1,1,4,0,0,1,0,0,0,0,0
2025,R,hendl001,menon,26,23,7,13,0,0,2,1,6,3,0,7,2,0,0,0,0
2025,R,hendl001,scoring,13,11,5,11,0,0,2,1,6,2,0,3,0,0,0,0,0
2025,R,hendl002,empty,65,59,12,22,1,0,3,0,3,6,0,21,0,0,0,0,0
2025,R,hendl002,loaded,1,1,0,0,0,0,0,0,0,0,0,0,0,0,0,0,0
2025,R,hendl002,menon,34,32,5,5,0,0,0,0,2,2,0,12,1,0,0,0,0
2025,R,hendl002,scoring,11,10,2,2,0,0,0,0,2,1,0,3,0,0,0,0,0
2025,R,henrc001,empty,119,99,19,30,5,0,2,0,2,15,0,22,0,5,0,0,0
2025,R,henrc001,loaded,13,13,2,5,0,0,1,1,8,0,0,3,0,0,0,0,0
2025,R,henrc001,menon,122,97,24,42,3,0,5,1,31,17,1,30,3,6,1,1,0
2025,R,henrc001,scoring,86,67,16,32,1,0,5,1,31,14,1,20,2,4,0,1,0
2025,R,henre001,empty,40,37,7,11,1,0,1,0,1,3,0,9,0,0,0,0,0
2025,W,henre001,empty,6,5,0,0,0,0,0,0,0,0,0,2,0,1,0,0,0
2025,F,henre001,loaded,2,1,1,1,0,0,0,0,2,1,0,0,0,0,0,0,0
2025,R,henre001,loaded,3,3,1,1,0,0,0,0,3,0,0,1,0,0,0,0,0
2025,F,henre001,menon,3,1,1,1,0,0,0,0,2,2,0,0,0,0,0,0,0
2025,R,henre001,menon,38,35,10,15,2,0,1,0,9,2,0,9,0,0,0,1,0
2025,W,henre001,menon,4,2,1,1,0,0,0,0,1,2,0,0,0,0,0,0,0
2025,F,henre001,scoring,3,1,1,1,0,0,0,0,2,2,0,0,0,0,0,0,0
2025,R,henre001,scoring,29,27,6,10,1,0,1,0,9,1,0,6,0,0,0,1,0
2025,W,henre001,scoring,3,1,1,1,0,0,0,0,1,2,0,0,0,0,0,0,0
2025,R,henrr001,empty,151,137,28,47,7,0,4,0,4,13,0,51,0,1,0,0,0
2025,R,henrr001,loaded,8,5,2,3,1,0,0,0,7,2,0,2,0,0,0,1,0
2025,R,henrr001,menon,152,130,25,42,5,0,4,0,30,14,2,47,1,3,1,4,0
2025,R,henrr001,scoring,102,83,16,26,4,0,2,0,26,13,2,30,0,1,1,4,0
2025,R,henrt001,empty,18,16,4,13,0,0,3,0,3,1,0,6,0,1,0,0,0
2025,R,henrt001,menon,8,7,2,2,0,0,0,0,0,0,0,2,1,0,1,0,0
2025,R,henrt001,scoring,5,5,1,1,0,0,0,0,0,0,0,1,1,0,0,0,0
2025,R,hergj001,empty,181,161,33,54,7,1,4,0,4,16,0,45,0,4,0,0,0
2025,R,hergj001,loaded,13,10,1,1,0,0,0,0,5,0,0,2,1,1,0,2,0
2025,R,hergj001,menon,166,148,39,53,8,0,2,0,31,10,1,36,6,3,1,4,0
2025,R,hergj001,scoring,106,93,22,28,3,0,1,0,27,7,1,25,4,1,1,4,0
2025,R,hergk001,empty,26,24,8,10,2,0,0,0,0,2,0,1,0,0,0,0,0
2025,R,hergk001,loaded,4,3,0,0,0,0,0,0,1,1,0,1,0,0,0,0,0
2025,R,hergk001,menon,30,26,4,6,2,0,0,0,6,3,0,5,1,0,0,1,0
2025,R,hergk001,scoring,17,14,2,3,1,0,0,0,5,2,0,3,0,0,0,1,0
2025,R,hernc006,empty,87,77,19,25,3,0,1,0,1,10,0,16,0,0,0,0,0
2025,R,hernc006,loaded,10,9,3,3,0,0,0,0,5,1,0,2,1,0,0,0,0
2025,R,hernc006,menon,116,98,31,45,5,0,3,0,33,12,1,23,1,2,2,2,0
2025,R,hernc006,scoring,74,61,21,27,3,0,1,0,28,8,1,16,1,1,2,2,0
2025,R,hernd005,empty,75,59,14,24,4,0,2,0,2,16,0,14,0,0,0,0,0
2025,R,hernd005,loaded,5,3,1,1,0,0,0,0,4,1,0,1,0,1,0,0,0
2025,R,hernd005,menon,89,72,13,17,1,0,1,0,14,14,1,19,5,2,1,0,0
2025,R,hernd005,scoring,52,40,10,14,1,0,1,0,14,9,1,9,3,2,1,0,0
2025,R,herne001,empty,9,7,5,6,1,0,0,0,0,2,0,0,0,0,0,0,0
2025,R,herne001,loaded,3,2,2,5,0,0,1,1,6,0,0,0,0,0,0,1,0
2025,R,herne001,menon,28,21,6,10,1,0,1,1,8,6,0,1,0,0,0,1,0
2025,R,herne001,scoring,17,13,3,6,0,0,1,1,8,3,0,0,0,0,0,1,0
2025,R,hernn001,empty,29,25,9,19,4,0,2,0,2,4,0,8,0,0,0,0,0
2025,R,hernn001,menon,23,19,3,7,1,0,1,0,4,4,0,3,0,0,0,0,0
2025,R,hernn001,scoring,13,12,3,7,1,0,1,0,4,1,0,2,0,0,0,0,0
2025,R,herrj003,empty,4,4,2,2,0,0,0,0,0,0,0,0,0,0,0,0,0
2025,R,herrj003,menon,6,6,2,3,1,0,0,0,1,0,0,0,0,0,0,0,0
2025,R,herrj003,scoring,2,2,0,0,0,0,0,0,0,0,0,0,0,0,0,0,0
2025,R,herrt002,empty,96,77,20,36,4,0,4,0,4,16,0,25,0,3,0,0,0
2025,R,herrt002,loaded,6,6,1,2,1,0,0,0,2,0,0,1,1,0,0,0,0
2025,F,herrt002,menon,5,5,1,2,1,0,0,0,1,0,0,3,0,0,0,0,0
2025,R,herrt002,menon,98,78,17,24,4,0,1,0,14,14,2,20,6,3,0,3,0
2025,F,herrt002,scoring,5,5,1,2,1,0,0,0,1,0,0,3,0,0,0,0,0
2025,R,herrt002,scoring,53,39,8,12,1,0,1,0,13,10,2,12,1,1,0,3,0
2025,R,heuec001,empty,13,12,4,13,0,0,3,0,3,1,0,3,0,0,0,0,0
2025,R,heuec001,loaded,3,2,0,0,0,0,0,0,1,1,0,1,0,0,0,0,0
2025,R,heuec001,menon,8,7,0,0,0,0,0,0,1,1,0,2,0,0,0,0,0
2025,R,heuec001,scoring,6,5,0,0,0,0,0,0,1,1,0,2,0,0,0,0,0
2025,R,hickj002,empty,168,147,37,58,10,1,3,0,3,18,0,30,0,3,0,0,0
2025,R,hickj002,loaded,9,8,3,3,0,0,0,0,6,0,0,1,0,0,0,0,1
2025,R,hickj002,menon,146,122,43,61,5,2,3,0,34,14,1,28,6,5,3,1,1
2025,R,hickj002,scoring,84,66,26,39,2,1,3,0,33,11,1,14,3,4,1,1,1
2025,R,hillj002,empty,60,52,9,14,0,1,1,0,1,7,0,18,0,1,0,0,0
2025,R,hillj002,loaded,7,5,2,4,0,1,0,0,7,0,0,2,1,0,0,2,0
2025,R,hillj002,menon,69,59,18,28,5,1,1,0,19,5,0,13,2,2,0,3,0
2025,R,hillj002,scoring,47,37,12,21,4,1,1,0,19,5,0,8,1,2,0,3,0
2025,R,hillr001,empty,24,20,5,5,0,0,0,0,0,4,0,3,0,0,0,0,0
2025,R,hillr001,menon,19,15,4,11,1,0,2,0,7,4,0,1,0,0,0,0,0
2025,R,hillr001,scoring,10,9,1,1,0,0,0,0,2,1,0,0,0,0,0,0,0
2025,D,hillt002,empty,6,6,0,0,0,0,0,0,0,0,0,0,0,0,0,0,0
2025,R,hillt002,empty,139,130,29,51,4,0,6,0,6,9,0,20,0,0,0,0,0
2025,R,hillt002,loaded,21,19,1,1,0,0,0,0,8,1,0,4,1,0,0,1,0
2025,D,hillt002,menon,3,3,1,1,0,0,0,0,0,0,0,1,0,0,0,0,0
2025,F,hillt002,menon,1,1,0,0,0,0,0,0,0,0,0,0,0,0,0,0,0
2025,R,hillt002,menon,130,121,29,40,5,0,2,0,27,7,3,17,8,0,0,1,1
2025,D,hillt002,scoring,2,2,0,0,0,0,0,0,0,0,0,1,0,0,0,0,0
2025,F,hillt002,scoring,1,1,0,0,0,0,0,0,0,0,0,0,0,0,0,0,0
2025,R,hillt002,scoring,86,80,20,28,2,0,2,0,25,5,3,10,2,0,0,1,0
2025,R,hiray002,empty,55,50,8,16,2,0,2,0,2,5,0,14,0,0,0,0,0
2025,R,hiray002,loaded,2,2,1,4,0,0,1,1,4,0,0,0,0,0,0,0,0
2025,R,hiray002,menon,29,24,9,16,1,0,2,1,12,4,0,7,1,0,1,0,0
2025,R,hiray002,scoring,19,15,5,8,0,0,1,1,9,3,0,5,0,0,1,0,0
2025,R,hjels001,empty,35,31,9,17,2,0,2,0,2,4,0,4,0,0,0,0,0
2025,R,hjels001,loaded,2,1,1,2,1,0,0,0,3,0,0,0,0,0,0,1,0
2025,R,hjels001,menon,38,31,12,16,4,0,0,0,11,5,2,7,1,0,1,1,0
2025,R,hjels001,scoring,24,18,8,12,4,0,0,0,11,4,2,4,1,0,1,1,0
2025,R,hodgp001,empty,75,67,21,40,2,1,5,0,5,8,0,21,0,0,0,0,0
2025,R,hodgp001,loaded,4,3,1,4,0,0,1,1,5,0,0,2,0,0,0,1,0
2025,R,hodgp001,menon,72,60,13,29,2,1,4,1,20,10,1,19,4,0,0,2,0
2025,R,hodgp001,scoring,41,30,6,10,1,0,1,1,13,9,1,11,0,0,0,2,0
2025,R,hoeib001,empty,17,16,7,9,2,0,0,0,0,1,0,3,0,0,0,0,0
2025,R,hoeib001,loaded,1,1,0,0,0,0,0,0,0,0,0,0,0,0,0,0,0
2025,R,hoeib001,menon,19,16,2,4,0,1,0,0,3,2,0,2,1,0,0,1,0
2025,R,hoeib001,scoring,15,12,2,4,0,1,0,0,3,2,0,2,0,0,0,1,0
2025,R,hoffa001,empty,26,21,6,15,3,0,2,0,2,5,0,6,0,0,0,0,0
2025,R,hoffa001,loaded,4,3,2,3,1,0,0,0,5,1,0,0,0,0,0,0,0
2025,R,hoffa001,menon,35,30,8,10,2,0,0,0,9,5,0,6,1,0,0,0,0
2025,R,hoffa001,scoring,23,18,5,7,2,0,0,0,9,5,0,3,1,0,0,0,0
2025,D,hoffj003,empty,4,3,1,2,1,0,0,0,0,0,0,0,0,1,0,0,0
2025,L,hoffj003,empty,14,13,1,1,0,0,0,0,0,1,0,9,0,0,0,0,0
2025,R,hoffj003,empty,170,150,29,64,8,0,9,0,9,18,0,57,0,2,0,0,0
2025,W,hoffj003,empty,11,9,2,5,0,0,1,0,1,1,1,2,0,1,0,0,0
2025,D,hoffj003,loaded,1,1,0,0,0,0,0,0,0,0,0,0,0,0,0,0,0
2025,R,hoffj003,loaded,8,7,3,8,2,0,1,1,10,1,0,1,0,0,0,0,0
2025,W,hoffj003,loaded,1,1,0,0,0,0,0,0,1,0,0,0,0,0,0,0,0
2025,D,hoffj003,menon,7,6,1,1,0,0,0,0,1,1,0,2,0,0,0,0,0
2025,L,hoffj003,menon,3,3,0,0,0,0,0,0,0,0,0,1,0,0,0,0,0
2025,R,hoffj003,menon,117,103,25,49,6,0,6,1,32,9,1,27,1,2,2,1,0
2025,W,hoffj003,menon,9,8,1,1,0,0,0,0,1,1,1,4,0,0,0,0,0
2025,D,hoffj003,scoring,6,5,1,1,0,0,0,0,1,1,0,1,0,0,0,0,0
2025,L,hoffj003,scoring,2,2,0,0,0,0,0,0,0,0,0,1,0,0,0,0,0
2025,R,hoffj003,scoring,77,68,18,34,4,0,4,1,27,5,1,16,0,2,1,1,0
2025,W,hoffj003,scoring,4,3,0,0,0,0,0,0,1,1,1,1,0,0,0,0,0
2025,R,hoffn001,empty,2,1,1,2,1,0,0,0,0,1,0,0,0,0,0,0,0
2025,R,hoffn001,menon,5,5,2,3,1,0,0,0,2,0,0,2,0,0,0,0,0
2025,R,hoffn001,scoring,3,3,1,1,0,0,0,0,2,0,0,1,0,0,0,0,0
2025,R,hoglg001,empty,89,83,30,59,5,0,8,0,8,6,0,13,0,0,0,0,0
2025,R,hoglg001,loaded,1,1,0,0,0,0,0,0,0,0,0,0,1,0,0,0,0
2025,R,hoglg001,menon,50,44,8,15,1,0,2,0,10,5,0,10,4,0,0,1,0
2025,R,hoglg001,scoring,22,20,5,9,1,0,1,0,8,1,0,3,1,0,0,1,0
2025,R,holdc001,empty,46,39,17,30,4,0,3,0,3,7,0,6,0,0,0,0,0
2025,R,holdc001,loaded,6,6,1,2,1,0,0,0,3,0,0,2,0,0,0,0,0
2025,R,holdc001,menon,79,65,17,23,3,0,1,0,19,9,1,12,5,2,1,2,0
2025,R,holdc001,scoring,56,46,13,16,3,0,0,0,17,6,1,11,1,1,1,2,0
2025,R,hollg002,empty,23,21,5,6,1,0,0,0,0,2,0,5,0,0,0,0,0
2025,R,hollg002,loaded,4,4,2,2,0,0,0,0,3,0,0,0,1,0,0,0,0
2025,R,hollg002,menon,20,15,4,7,0,0,1,0,5,5,0,5,1,0,0,0,0
2025,R,hollg002,scoring,12,9,3,3,0,0,0,0,3,3,0,2,1,0,0,0,0
2025,R,holmc001,empty,400,354,88,135,15,1,10,0,10,40,0,72,0,6,0,0,0
2025,R,holmc001,loaded,19,14,5,7,2,0,0,0,16,1,0,4,1,1,0,3,0
2025,R,holmc001,menon,308,268,62,84,10,0,4,0,49,26,0,57,14,7,1,5,1
2025,R,holmc001,scoring,162,135,25,32,4,0,1,0,42,17,0,30,5,4,1,5,0
2025,R,holmg001,empty,287,255,60,99,9,0,10,0,10,29,0,77,0,3,0,0,0
2025,R,holmg001,loaded,15,12,1,1,0,0,0,0,5,0,0,4,0,1,0,2,0
2025,R,holmg001,menon,205,171,40,66,6,1,6,0,38,25,1,46,11,4,1,4,0
2025,R,holmg001,scoring,104,86,18,25,4,0,1,0,27,11,1,24,1,2,1,4,0
2025,R,holmg002,empty,51,47,10,17,1,0,2,0,2,4,0,7,0,0,0,0,0
2025,R,holmg002,loaded,5,4,2,5,0,0,1,1,7,0,0,1,0,1,0,0,0
2025,R,holmg002,menon,52,46,16,21,2,0,1,1,13,5,0,10,2,1,0,0,0
2025,R,holmg002,scoring,32,28,9,13,1,0,1,1,13,3,0,9,1,1,0,0,0
2025,D,holtt002,empty,1,1,1,1,0,0,0,0,0,0,0,0,0,0,0,0,0
2025,F,holtt002,empty,8,8,2,2,0,0,0,0,0,0,0,2,0,0,0,0,0
2025,R,holtt002,empty,193,184,44,83,6,0,11,0,11,9,0,47,0,0,0,0,0
2025,R,holtt002,loaded,3,1,0,0,0,0,0,0,2,0,0,0,0,0,0,2,0
2025,D,holtt002,menon,6,5,2,2,0,0,0,0,1,1,0,0,1,0,0,0,0
2025,F,holtt002,menon,3,3,0,0,0,0,0,0,0,0,0,0,1,0,0,0,0
2025,R,holtt002,menon,119,103,21,34,1,0,4,0,21,8,1,17,8,0,4,4,0
2025,D,holtt002,scoring,5,4,1,1,0,0,0,0,1,1,0,0,1,0,0,0,0
2025,R,holtt002,scoring,62,49,7,10,0,0,1,0,15,6,1,8,2,0,3,4,0
2025,R,hornb002,empty,23,20,7,10,0,0,1,0,1,3,0,6,0,0,0,0,0
2025,R,hornb002,loaded,4,4,2,2,0,0,0,0,4,0,0,1,0,0,0,0,0
2025,R,hornb002,menon,27,23,4,5,1,0,0,0,5,4,0,4,1,0,0,0,0
2025,R,hornb002,scoring,17,16,3,4,1,0,0,0,5,1,0,3,1,0,0,0,0
2025,R,hortc001,empty,292,270,59,87,13,0,5,0,5,19,0,64,0,3,0,0,0
2025,R,hortc001,loaded,5,4,1,1,0,0,0,0,2,0,0,0,0,0,0,1,0
2025,R,hortc001,menon,184,163,36,57,4,1,5,0,30,14,0,33,5,3,0,3,1
2025,R,hortc001,scoring,101,89,19,32,1,0,4,0,26,6,0,18,3,3,0,3,0
2025,R,houct001,empty,114,100,31,53,4,0,6,0,6,10,0,16,0,4,0,0,0
2025,R,houct001,loaded,4,4,0,0,0,0,0,0,3,0,0,0,0,0,0,0,0
2025,R,houct001,menon,89,79,26,42,4,0,4,0,28,7,0,16,5,1,0,2,0
2025,R,houct001,scoring,46,39,14,18,1,0,1,0,21,5,0,8,1,0,0,2,0
2025,R,housa001,empty,297,272,73,104,11,4,4,0,4,20,0,58,0,5,0,0,0
2025,R,housa001,loaded,7,6,0,0,0,0,0,0,1,0,0,1,2,0,0,1,0
2025,R,housa001,menon,221,195,49,76,9,0,6,0,42,18,0,34,18,3,1,4,0
2025,R,housa001,scoring,119,103,22,33,5,0,2,0,33,9,0,25,6,2,1,4,0
2025,R,hudsb001,empty,38,31,8,12,1,0,1,0,1,6,0,9,0,1,0,0,0
2025,R,hudsb001,loaded,3,2,0,0,0,0,0,0,1,1,0,0,0,0,0,0,0
2025,R,hudsb001,menon,37,28,7,13,3,0,1,0,6,7,2,10,1,1,1,0,0
2025,R,hudsb001,scoring,22,16,3,4,1,0,0,0,4,5,2,4,1,0,1,0,0
2025,R,hummc001,empty,3,2,1,1,0,0,0,0,0,0,0,0,0,1,0,0,0
2025,R,hummc001,menon,6,6,4,8,1,0,1,0,4,0,0,0,0,0,0,0,0
2025,R,hummc001,scoring,4,4,2,5,0,0,1,0,4,0,0,0,0,0,0,0,0
2025,D,hurtb001,empty,9,9,1,4,0,0,1,0,1,0,0,1,0,0,0,0,0
2025,F,hurtb001,empty,1,1,0,0,0,0,0,0,0,0,0,0,0,0,0,0,0
2025,R,hurtb001,empty,147,130,33,45,6,0,2,0,2,11,0,43,0,6,0,0,0
2025,R,hurtb001,loaded,14,11,4,7,0,0,1,1,13,2,0,3,0,1,0,0,0
2025,D,hurtb001,menon,1,1,0,0,0,0,0,0,0,0,0,0,0,0,0,0,0
2025,F,hurtb001,menon,2,2,1,4,0,0,1,0,3,0,0,0,0,0,0,0,0
2025,R,hurtb001,menon,130,106,24,32,2,0,2,1,24,16,3,25,8,5,2,1,0
2025,D,hurtb001,scoring,1,1,0,0,0,0,0,0,0,0,0,0,0,0,0,0,0
2025,F,hurtb001,scoring,2,2,1,4,0,0,1,0,3,0,0,0,0,0,0,0,0
2025,R,hurtb001,scoring,81,63,12,15,0,0,1,1,21,13,3,17,3,3,1,1,0
2025,R,igler001,empty,154,144,27,48,6,0,5,0,5,9,0,42,0,1,0,0,0
2025,R,igler001,loaded,3,3,2,5,0,0,1,1,5,0,0,0,0,0,0,0,0
2025,R,igler001,menon,112,103,24,39,6,0,3,1,24,7,2,31,3,1,0,1,0
2025,R,igler001,scoring,68,61,16,30,5,0,3,1,24,6,2,18,0,0,0,1,0
2025,D,imans001,empty,11,11,3,6,0,0,1,0,1,0,0,3,0,0,0,0,0
2025,F,imans001,empty,8,6,1,2,1,0,0,0,0,2,0,2,0,0,0,0,0
2025,R,imans001,empty,400,382,80,170,13,1,25,0,25,17,0,86,0,1,0,0,0
2025,R,imans001,loaded,5,5,1,1,0,0,0,0,3,0,0,2,0,0,0,0,0
2025,D,imans001,menon,2,2,2,5,0,0,1,0,3,0,0,0,0,0,0,0,0
2025,F,imans001,menon,9,8,2,5,0,0,1,0,2,0,0,1,0,0,1,0,0
2025,R,imans001,menon,167,155,37,62,7,0,6,0,33,9,0,31,6,0,1,2,0
2025,D,imans001,scoring,1,1,1,4,0,0,1,0,3,0,0,0,0,0,0,0,0
2025,F,imans001,scoring,6,6,1,4,0,0,1,0,2,0,0,0,0,0,0,0,0
2025,R,imans001,scoring,71,63,16,24,2,0,2,0,23,5,0,14,1,0,1,2,0
2025,R,irvij001,empty,462,421,112,199,26,2,19,0,19,38,0,73,0,3,0,0,0
2025,R,irvij001,loaded,4,4,1,1,0,0,0,0,2,0,0,0,0,0,0,0,0
2025,R,irvij001,menon,325,296,83,154,12,1,19,0,91,24,0,51,19,3,0,2,0
2025,R,irvij001,scoring,183,166,57,116,6,1,17,0,84,14,0,22,10,1,0,2,0
2025,R,jacka002,empty,1,0,0,0,0,0,0,0,0,1,0,0,0,0,0,0,0
2025,R,jacka002,menon,7,5,3,5,2,0,0,0,3,1,0,0,0,0,0,1,0
2025,R,jacka002,scoring,6,5,3,5,2,0,0,0,3,0,0,0,0,0,0,1,0
2025,L,jackl001,empty,5,5,3,7,1,0,1,0,1,0,0,0,0,0,0,0,0
2025,R,jackl001,empty,114,100,18,23,2,0,1,0,1,13,0,20,0,1,0,0,0
2025,R,jackl001,loaded,6,6,2,2,0,0,0,0,3,0,0,1,1,0,0,0,0
2025,D,jackl001,menon,3,3,0,0,0,0,0,0,1,0,0,0,0,0,0,0,0
2025,L,jackl001,menon,4,4,0,0,0,0,0,0,0,0,0,1,0,0,0,0,0
2025,R,jackl001,menon,105,82,23,34,2,0,3,0,24,15,5,18,6,2,3,3,0
2025,D,jackl001,scoring,2,2,0,0,0,0,0,0,1,0,0,0,0,0,0,0,0
2025,L,jackl001,scoring,3,3,0,0,0,0,0,0,0,0,0,1,0,0,0,0,0
2025,R,jackl001,scoring,72,53,16,19,0,0,1,0,20,12,5,10,2,1,3,3,0
2025,R,jacoa001,empty,76,65,17,27,4,0,2,0,2,7,0,10,0,4,0,0,0
2025,R,jacoa001,loaded,7,6,4,11,1,0,2,2,13,0,0,1,0,0,0,1,0
2025,R,jacoa001,menon,77,66,19,34,3,0,4,2,23,7,0,13,3,2,0,2,0
2025,R,jacoa001,scoring,51,41,9,19,1,0,3,2,20,6,0,10,1,2,0,2,0
2025,R,jamed003,empty,3,1,0,0,0,0,0,0,0,2,0,0,0,0,0,0,0
2025,R,jamed003,loaded,1,1,0,0,0,0,0,0,0,0,0,0,1,0,0,0,0
2025,R,jamed003,menon,10,9,4,6,2,0,0,0,2,1,0,0,1,0,0,0,0
2025,R,jamed003,scoring,8,7,3,5,2,0,0,0,2,1,0,0,1,0,0,0,0
2025,R,jankt001,empty,1,1,1,1,0,0,0,0,0,0,0,0,0,0,0,0,0
2025,R,jankt001,loaded,2,0,0,0,0,0,0,0,2,1,0,0,0,0,0,1,0
2025,R,jankt001,menon,5,2,1,1,0,0,0,0,2,1,0,0,1,1,0,1,0
2025,R,jankt001,scoring,4,2,1,1,0,0,0,0,2,1,0,0,1,0,0,1,0
2025,R,jansk001,empty,134,125,26,44,3,0,5,0,5,9,0,34,0,0,0,0,0
2025,R,jansk001,loaded,3,2,0,0,0,0,0,0,1,0,0,0,0,0,0,1,0
2025,R,jansk001,menon,100,87,11,24,2,1,3,0,13,10,2,23,3,1,1,1,0
2025,R,jansk001,scoring,57,46,5,6,1,0,0,0,6,9,2,14,1,0,1,1,0
2025,R,jarvb001,empty,48,41,15,26,5,0,2,0,2,6,0,9,0,1,0,0,0
2025,R,jarvb001,menon,50,45,8,14,3,0,1,0,11,4,0,12,1,0,0,1,0
2025,R,jarvb001,scoring,26,23,6,12,3,0,1,0,11,2,0,4,0,0,0,1,0
2025,R,javic001,empty,94,83,16,27,3,1,2,0,2,10,0,22,0,1,0,0,0
2025,R,javic001,loaded,3,2,2,2,0,0,0,0,4,0,0,0,0,0,0,1,0
2025,R,javic001,menon,63,56,16,23,4,0,1,0,17,5,0,12,0,0,0,2,0
2025,R,javic001,scoring,42,37,11,14,3,0,0,0,14,3,0,7,0,0,0,2,0
2025,R,jax-g001,empty,158,150,36,55,8,1,3,0,3,7,0,57,0,1,0,0,0
2025,R,jax-g001,loaded,7,7,1,1,0,0,0,0,2,0,0,4,0,0,0,0,0
2025,R,jax-g001,menon,125,107,28,44,4,0,4,0,24,14,3,42,4,0,2,1,1
2025,R,jax-g001,scoring,79,65,14,21,1,0,2,0,19,10,2,28,3,0,2,1,1
2025,R,jobej001,empty,108,92,28,44,4,0,4,0,4,14,0,19,0,2,0,0,0
2025,R,jobej001,loaded,2,2,0,0,0,0,0,0,0,0,0,0,0,0,0,0,0
2025,R,jobej001,menon,110,93,18,34,5,1,3,0,20,13,0,20,2,0,2,2,0
2025,R,jobej001,scoring,59,48,10,15,3,1,0,0,14,7,0,9,0,0,2,2,0
2025,R,johnp001,empty,130,119,27,46,5,1,4,0,4,11,0,31,0,0,0,0,0
2025,R,johnp001,loaded,4,4,0,0,0,0,0,0,0,0,0,0,0,0,0,0,0
2025,R,johnp001,menon,108,96,25,40,3,0,4,0,21,8,2,28,4,1,0,3,0
2025,R,johnp001,scoring,70,59,11,19,2,0,2,0,17,7,2,20,2,1,0,3,0
2025,R,johnr010,empty,29,27,10,17,1,0,2,0,2,2,0,7,0,0,0,0,0
2025,R,johnr010,loaded,8,8,1,1,0,0,0,0,2,0,0,3,0,0,0,0,0
2025,R,johnr010,menon,43,39,14,20,0,0,2,0,10,3,1,9,1,0,0,1,0
2025,R,johnr010,scoring,24,21,7,10,0,0,1,0,8,2,1,6,0,0,0,1,0
2025,R,johns003,empty,30,28,5,10,2,0,1,0,1,2,0,9,0,0,0,0,0
2025,R,johns003,menon,24,22,6,13,1,0,2,0,9,2,0,8,0,0,0,0,0
2025,R,johns003,scoring,16,15,6,13,1,0,2,0,9,1,0,5,0,0,0,0,0
2025,R,joycb001,empty,8,7,3,6,0,0,1,0,1,1,0,1,0,0,0,0,0
2025,R,joycb001,menon,12,12,2,5,1,1,0,0,2,0,0,0,0,0,0,0,0
2025,R,joycb001,scoring,9,9,1,3,0,1,0,0,1,0,0,0,0,0,0,0,0
2025,F,junij001,empty,5,4,0,0,0,0,0,0,0,1,0,0,0,0,0,0,0
2025,R,junij001,empty,156,146,38,56,7,1,3,0,3,9,0,33,0,1,0,0,0
2025,R,junij001,loaded,14,13,1,1,0,0,0,0,3,0,0,6,1,1,0,0,0
2025,F,junij001,menon,1,1,0,0,0,0,0,0,0,0,0,0,0,0,0,0,0
2025,R,junij001,menon,118,103,26,38,4,1,2,0,23,9,2,22,6,3,1,2,0
2025,R,junij001,scoring,72,64,16,21,2,0,1,0,20,4,1,18,1,1,1,2,0
2025,R,junkj001,empty,255,244,59,89,19,1,3,0,3,8,0,48,0,3,0,0,0
2025,R,junkj001,loaded,4,4,1,1,0,0,0,0,1,0,0,0,0,0,0,0,0
2025,R,junkj001,menon,192,177,53,78,10,0,5,0,45,5,0,29,10,1,1,8,0
2025,R,junkj001,scoring,116,102,35,52,8,0,3,0,41,4,0,20,4,1,1,8,0
2025,D,kahnt001,empty,4,4,1,1,0,0,0,0,0,0,0,1,0,0,0,0,0
2025,F,kahnt001,empty,2,2,1,1,0,0,0,0,0,0,0,0,0,0,0,0,0
2025,R,kahnt001,empty,151,135,27,49,4,0,6,0,6,15,0,30,0,1,0,0,0
2025,D,kahnt001,loaded,1,1,1,1,0,0,0,0,1,0,0,0,0,0,0,0,0
2025,R,kahnt001,loaded,10,9,2,5,1,1,0,0,7,1,0,2,2,0,0,0,0
2025,D,kahnt001,menon,8,5,2,2,0,0,0,0,2,2,1,1,0,1,0,0,0
2025,F,kahnt001,menon,1,1,1,2,1,0,0,0,0,0,0,0,0,0,0,0,0
2025,R,kahnt001,menon,116,100,24,38,4,2,2,0,25,16,0,20,6,0,0,0,0
2025,D,kahnt001,scoring,6,5,2,2,0,0,0,0,2,1,1,1,0,0,0,0,0
2025,R,kahnt001,scoring,65,54,14,19,3,1,0,0,20,11,0,9,3,0,0,0,0
2025,R,kavan001,empty,2,1,1,1,0,0,0,0,0,1,0,0,0,0,0,0,0
2025,R,kavan001,menon,7,7,2,2,0,0,0,0,0,0,0,1,0,0,0,0,0
2025,R,kavan001,scoring,2,2,0,0,0,0,0,0,0,0,0,0,0,0,0,0,0
2025,D,kellb003,empty,7,6,0,0,0,0,0,0,0,1,0,1,0,0,0,0,0
2025,F,kellb003,empty,7,6,2,5,0,0,1,0,1,0,0,2,0,1,0,0,0
2025,R,kellb003,empty,170,154,28,37,3,0,2,0,2,11,0,43,0,5,0,0,0
2025,D,kellb003,loaded,1,1,0,0,0,0,0,0,0,0,0,1,0,0,0,0,0
2025,R,kellb003,loaded,10,9,3,4,1,0,0,0,6,1,0,5,0,0,0,0,0
2025,D,kellb003,menon,4,3,0,0,0,0,0,0,0,1,0,1,1,0,0,0,0
2025,F,kellb003,menon,4,3,0,0,0,0,0,0,0,0,0,1,0,1,0,0,0
2025,R,kellb003,menon,106,93,17,24,1,0,2,0,16,11,0,32,8,1,1,0,0
2025,D,kellb003,scoring,2,1,0,0,0,0,0,0,0,1,0,1,0,0,0,0,0
2025,F,kellb003,scoring,2,2,0,0,0,0,0,0,0,0,0,0,0,0,0,0,0
2025,R,kellb003,scoring,51,44,10,17,1,0,2,0,16,5,0,17,1,1,1,0,0
2025,R,kellc001,empty,2,1,0,0,0,0,0,0,0,1,0,0,0,0,0,0,0
2025,R,kellc001,menon,4,4,1,1,0,0,0,0,0,0,0,0,1,0,0,0,0
2025,R,kellc001,scoring,2,2,0,0,0,0,0,0,0,0,0,0,0,0,0,0,0
2025,R,kellk004,empty,103,97,22,48,6,1,6,0,6,6,0,24,0,0,0,0,0
2025,R,kellk004,loaded,2,2,1,2,1,0,0,0,2,0,0,1,0,0,0,0,0
2025,R,kellk004,menon,68,63,23,41,1,1,5,0,28,3,1,11,3,0,0,2,0
2025,R,kellk004,scoring,46,41,16,29,1,0,4,0,25,3,1,10,0,0,0,2,0
2025,R,kellm002,empty,486,451,93,162,19,1,16,0,16,34,0,121,0,1,0,0,0
2025,R,kellm002,loaded,6,6,3,3,0,0,0,0,6,0,0,0,0,0,0,0,0
2025,R,kellm002,menon,262,245,64,105,16,2,7,0,57,14,0,46,10,1,1,1,0
2025,R,kellm002,scoring,137,127,36,63,10,1,5,0,48,7,0,25,4,1,1,1,0
2025,R,kellm003,empty,452,415,95,151,21,1,11,0,11,30,0,88,0,6,0,0,1
2025,R,kellm003,loaded,8,8,2,2,0,0,0,0,2,0,0,3,1,0,0,0,0
2025,R,kellm003,menon,297,271,76,127,19,1,10,0,71,21,0,62,10,4,0,1,0
2025,R,kellm003,scoring,171,155,40,60,8,0,4,0,51,13,0,33,3,2,0,1,0
2025,R,kellm004,empty,92,84,19,33,5,0,3,0,3,7,0,16,0,1,0,0,0
2025,R,kellm004,loaded,5,5,0,0,0,0,0,0,0,0,0,3,0,0,0,0,0
2025,R,kellm004,menon,74,59,13,21,2,0,2,0,11,12,3,13,8,0,2,1,0
2025,R,kellm004,scoring,49,36,6,9,0,0,1,0,9,10,3,7,5,0,2,1,0
2025,R,kellz001,empty,81,76,18,27,6,0,1,0,1,4,0,21,0,1,0,0,0
2025,R,kellz001,loaded,5,4,2,2,0,0,0,0,4,1,0,0,1,0,0,0,0
2025,F,kellz001,menon,1,1,0,0,0,0,0,0,0,0,0,1,0,0,0,0,0
2025,R,kellz001,menon,71,58,17,26,3,0,2,0,16,8,1,14,3,2,2,1,0
2025,F,kellz001,scoring,1,1,0,0,0,0,0,0,0,0,0,1,0,0,0,0,0
2025,R,kellz001,scoring,51,41,10,13,0,0,1,0,14,6,1,12,1,1,2,1,0
2025,R,kentz001,empty,41,37,8,9,1,0,0,0,0,4,0,9,0,0,0,0,0
2025,R,kentz001,loaded,4,4,1,1,0,0,0,0,2,0,0,1,0,0,0,0,0
2025,R,kentz001,menon,35,30,9,13,1,0,1,0,8,4,0,7,2,1,0,0,0
2025,R,kentz001,scoring,26,22,6,10,1,0,1,0,8,3,0,6,0,1,0,0,0
2025,D,kerko001,empty,6,6,0,0,0,0,0,0,0,0,0,2,0,0,0,0,0
2025,R,kerko001,empty,114,101,26,41,3,0,4,0,4,11,0,32,0,2,0,0,0
2025,D,kerko001,loaded,3,3,1,1,0,0,0,0,2,0,0,0,0,0,0,0,0
2025,R,kerko001,loaded,9,9,3,4,1,0,0,0,8,0,0,1,0,0,0,0,0
2025,D,kerko001,menon,7,5,1,1,0,0,0,0,3,2,0,1,0,0,0,0,0
2025,R,kerko001,menon,152,130,29,43,8,0,2,0,35,16,3,33,4,2,0,4,0
2025,D,kerko001,scoring,7,5,1,1,0,0,0,0,3,2,0,1,0,0,0,0,0
2025,R,kerko001,scoring,105,88,17,29,6,0,2,0,33,11,3,24,3,2,0,4,0
2025,D,kersc001,empty,4,3,3,7,1,0,1,0,1,1,0,0,0,0,0,0,0
2025,R,kersc001,empty,272,248,56,89,13,1,6,0,6,22,0,51,0,2,0,0,0
2025,R,kersc001,loaded,5,5,2,3,1,0,0,0,5,0,0,0,0,0,0,0,0
2025,W,kersc001,loaded,1,1,0,0,0,0,0,0,0,0,0,0,0,0,0,0,0
2025,D,kersc001,menon,10,7,3,6,0,0,1,0,4,2,1,0,0,0,1,0,0
2025,R,kersc001,menon,191,172,46,63,9,1,2,0,37,13,0,33,14,0,2,4,0
2025,W,kersc001,menon,1,1,0,0,0,0,0,0,0,0,0,0,0,0,0,0,0
2025,D,kersc001,scoring,6,4,2,2,0,0,0,0,2,1,1,0,0,0,1,0,0
2025,R,kersc001,scoring,104,94,26,35,4,1,1,0,33,6,0,18,6,0,0,4,0
2025,W,kersc001,scoring,1,1,0,0,0,0,0,0,0,0,0,0,0,0,0,0,0
2025,R,kikuy001,empty,448,406,104,172,21,1,15,0,15,40,0,99,0,2,0,0,0
2025,R,kikuy001,loaded,14,13,3,7,1,0,1,1,10,0,0,3,0,0,0,1,0
2025,R,kikuy001,menon,324,283,76,117,14,0,9,1,63,34,3,75,13,1,0,6,0
2025,R,kikuy001,scoring,169,140,42,63,9,0,4,1,53,23,3,39,5,0,0,6,0
2025,R,kimbc001,empty,28,24,6,9,0,0,1,0,1,4,0,11,0,0,0,0,0
2025,R,kimbc001,menon,21,18,4,7,0,0,1,0,3,3,0,6,0,0,0,0,0
2025,R,kimbc001,scoring,17,14,3,6,0,0,1,0,3,3,0,5,0,0,0,0,0
2025,R,kinei001,menon,2,2,0,0,0,0,0,0,0,0,0,0,0,0,0,0,0
2025,R,kinei001,scoring,2,2,0,0,0,0,0,0,0,0,0,0,0,0,0,0,0
2025,R,kingb001,empty,152,139,34,63,5,0,8,0,8,10,0,32,0,3,0,0,0
2025,R,kingb001,loaded,6,6,0,0,0,0,0,0,0,0,0,4,1,0,0,0,0
2025,R,kingb001,menon,123,119,26,34,2,0,2,0,13,1,0,37,4,1,0,2,0
2025,R,kingb001,scoring,56,53,11,15,1,0,1,0,11,1,0,16,2,0,0,2,0
2025,R,kingj002,empty,115,106,34,57,2,0,7,0,7,9,0,13,0,0,0,0,0
2025,R,kingj002,loaded,5,5,2,2,0,0,0,0,4,0,0,1,0,0,0,0,0
2025,R,kingj002,menon,107,100,31,39,5,0,1,0,24,5,0,15,5,0,1,1,0
2025,R,kingj002,scoring,61,57,21,23,2,0,0,0,22,3,0,10,3,0,0,1,0
2025,F,kingm002,empty,1,1,1,1,0,0,0,0,0,0,0,0,0,0,0,0,0
2025,R,kingm002,empty,192,175,39,71,8,0,8,0,8,15,0,50,0,2,0,0,0
2025,R,kingm002,loaded,6,5,1,1,0,0,0,0,3,0,0,1,1,0,0,1,0
2025,F,kingm002,menon,3,3,0,0,0,0,0,0,0,0,0,3,0,0,0,0,0
2025,R,kingm002,menon,116,102,23,39,4,0,4,0,20,11,0,26,5,2,0,1,0
2025,R,kingm002,scoring,56,49,14,23,3,0,2,0,16,6,0,11,2,0,0,1,0
2025,R,kings001,empty,6,6,4,5,1,0,0,0,0,0,0,1,0,0,0,0,0
2025,R,kings001,loaded,2,2,1,1,0,0,0,0,2,0,0,0,0,0,0,0,0
2025,R,kings001,menon,12,12,8,14,0,0,2,0,8,0,0,0,0,0,0,0,0
2025,R,kings001,scoring,9,9,6,12,0,0,2,0,8,0,0,0,0,0,0,0,0
2025,R,kinlt001,empty,165,150,22,35,4,0,3,0,3,13,0,40,0,2,0,0,0
2025,R,kinlt001,loaded,21,18,6,11,2,0,1,1,15,1,0,4,0,1,0,1,0
2025,R,kinlt001,menon,143,120,31,47,7,0,3,1,33,20,4,33,1,1,0,2,0
2025,R,kinlt001,scoring,102,83,19,29,4,0,2,1,30,16,4,28,1,1,0,2,0
2025,D,kirbg001,empty,25,24,8,10,2,0,0,0,0,0,0,7,0,1,0,0,0
2025,L,kirbg001,empty,25,23,7,14,1,0,2,0,2,2,0,5,0,0,0,0,0
2025,R,kirbg001,empty,314,294,62,103,8,0,11,0,11,17,0,88,0,3,0,0,0
2025,L,kirbg001,loaded,0,0,0,0,0,0,0,0,0,0,0,0,0,0,0,0,0
2025,R,kirbg001,loaded,14,12,1,1,0,0,0,0,5,0,0,4,0,0,0,2,0
2025,D,kirbg001,menon,15,14,1,4,0,0,1,0,2,1,0,7,0,0,0,0,0
2025,L,kirbg001,menon,14,13,5,10,2,0,1,0,5,1,0,2,0,0,0,0,0
2025,R,kirbg001,menon,210,186,59,85,12,1,4,0,49,12,0,49,9,4,0,8,0
2025,D,kirbg001,scoring,7,7,1,4,0,0,1,0,2,0,0,3,0,0,0,0,0
2025,L,kirbg001,scoring,9,8,3,7,1,0,1,0,5,1,0,2,0,0,0,0,0
2025,R,kirbg001,scoring,118,97,30,43,5,1,2,0,43,9,0,27,1,4,0,8,0
2025,D,kitta001,empty,9,9,3,10,1,0,2,0,2,0,0,1,0,0,0,0,0
2025,F,kitta001,empty,4,4,1,1,0,0,0,0,0,0,0,1,0,0,0,0,0
2025,R,kitta001,empty,130,126,21,36,3,0,4,0,4,4,0,42,0,0,0,0,0
2025,R,kitta001,loaded,2,1,0,0,0,0,0,0,1,0,0,0,0,0,0,1,0
2025,D,kitta001,menon,2,1,0,0,0,0,0,0,0,1,0,0,0,0,0,0,0
2025,F,kitta001,menon,6,5,1,1,0,0,0,0,1,0,0,1,0,0,0,1,0
2025,R,kitta001,menon,78,68,20,36,3,2,3,0,21,7,1,22,5,0,1,2,0
2025,D,kitta001,scoring,2,1,0,0,0,0,0,0,0,1,0,0,0,0,0,0,0
2025,F,kitta001,scoring,5,4,0,0,0,0,0,0,1,0,0,1,0,0,0,1,0
2025,R,kitta001,scoring,56,46,13,24,3,1,2,0,18,7,1,17,2,0,1,2,0
2025,R,kleiw001,empty,38,33,6,9,3,0,0,0,0,4,0,13,0,1,0,0,0
2025,W,kleiw001,empty,13,12,2,2,0,0,0,0,0,1,0,3,0,0,0,0,0
2025,R,kleiw001,loaded,4,3,2,2,0,0,0,0,5,1,0,0,1,0,0,0,0
2025,R,kleiw001,menon,32,24,8,9,1,0,0,0,6,6,0,8,1,1,0,1,0
2025,W,kleiw001,menon,6,5,0,0,0,0,0,0,0,1,0,2,0,0,0,0,0
2025,R,kleiw001,scoring,20,14,4,4,0,0,0,0,6,4,0,4,1,1,0,1,0
2025,W,kleiw001,scoring,1,1,0,0,0,0,0,0,0,0,0,1,0,0,0,0,0
2025,R,knacl001,empty,110,97,25,46,4,1,5,0,5,11,0,25,0,2,0,0,0
2025,R,knacl001,loaded,2,1,0,0,0,0,0,0,2,0,0,0,0,0,0,1,0
2025,R,knacl001,menon,75,65,15,33,3,0,5,0,18,8,0,17,2,0,0,2,0
2025,R,knacl001,scoring,39,32,4,9,2,0,1,0,10,5,0,7,0,0,0,2,0
2025,R,kochj001,empty,290,256,68,107,4,1,11,0,11,32,0,49,0,2,0,0,0
2025,R,kochj001,loaded,15,12,4,6,2,0,0,0,12,1,0,2,1,0,0,2,0
2025,R,kochj001,menon,222,184,68,108,10,0,10,0,68,26,4,23,18,5,0,7,0
2025,R,kochj001,scoring,123,96,36,62,5,0,7,0,60,17,4,14,7,3,0,7,0
2025,D,koenj001,empty,10,10,2,5,0,0,1,0,1,0,0,1,0,0,0,0,0
2025,L,koenj001,empty,9,8,1,1,0,0,0,0,0,1,0,4,0,0,0,0,0
2025,R,koenj001,empty,140,125,34,52,6,0,4,0,4,13,0,33,0,2,0,0,0
2025,R,koenj001,loaded,7,6,1,1,0,0,0,0,3,1,0,3,0,0,0,0,0
2025,D,koenj001,menon,1,1,1,1,0,0,0,0,0,0,0,0,0,0,0,0,0
2025,L,koenj001,menon,6,5,0,0,0,0,0,0,0,1,0,2,0,0,0,0,0
2025,R,koenj001,menon,128,116,23,36,5,1,2,0,23,7,1,35,7,2,2,1,0
2025,L,koenj001,scoring,4,3,0,0,0,0,0,0,0,1,0,1,0,0,0,0,0
2025,R,koenj001,scoring,60,51,12,19,4,0,1,0,19,6,1,17,0,1,1,1,0
2025,R,koles001,empty,286,261,55,79,7,1,5,0,5,22,0,56,0,2,0,0,1
2025,R,koles001,loaded,5,4,0,0,0,0,0,0,1,0,0,0,3,0,0,1,0
2025,R,koles001,menon,175,156,43,63,6,1,4,0,37,9,1,21,19,5,0,5,0
2025,R,koles001,scoring,87,76,20,22,0,1,0,0,26,3,1,13,7,3,0,5,0
2025,R,kopem001,empty,28,23,4,4,0,0,0,0,0,5,0,8,0,0,0,0,0
2025,R,kopem001,loaded,1,1,0,0,0,0,0,0,0,0,0,0,0,0,0,0,0
2025,R,kopem001,menon,25,17,2,2,0,0,0,0,1,8,0,4,0,0,0,0,0
2025,R,kopem001,scoring,14,9,1,1,0,0,0,0,1,5,0,2,0,0,0,0,0
2025,R,kossc001,empty,9,9,3,3,0,0,0,0,0,0,0,0,0,0,0,0,0
2025,R,kossc001,menon,7,7,1,1,0,0,0,0,0,0,0,0,0,0,0,0,0
2025,R,kossc001,scoring,2,2,0,0,0,0,0,0,0,0,0,0,0,0,0,0,0
2025,R,kowaj001,empty,42,38,7,17,1,0,3,0,3,3,0,10,0,1,0,0,0
2025,R,kowaj001,loaded,1,1,0,0,0,0,0,0,0,0,0,1,0,0,0,0,0
2025,R,kowaj001,menon,29,25,7,11,1,0,1,0,5,4,0,5,1,0,0,0,0
2025,R,kowaj001,scoring,18,15,4,7,0,0,1,0,5,3,0,3,1,0,0,0,0
2025,R,kranm001,empty,86,83,17,31,2,0,4,0,4,3,0,15,0,0,0,0,0
2025,R,kranm001,loaded,9,9,3,3,0,0,0,0,5,0,0,0,0,0,0,0,0
2025,R,kranm001,menon,62,59,17,23,3,0,1,0,18,2,0,10,0,0,0,1,0
2025,R,kranm001,scoring,37,35,11,15,1,0,1,0,17,1,0,4,0,0,0,1,0
2025,R,kremd001,empty,427,392,94,147,19,2,10,0,10,33,0,88,0,2,0,0,0
2025,R,kremd001,loaded,4,3,2,2,0,0,0,0,4,0,0,0,0,0,0,1,0
2025,R,kremd001,menon,281,264,69,120,13,1,12,0,69,12,0,54,13,0,0,4,1
2025,R,kremd001,scoring,139,128,36,62,6,1,6,0,55,7,0,24,2,0,0,4,0
2025,R,krisb001,empty,36,28,6,10,4,0,0,0,0,8,0,10,0,0,0,0,0
2025,R,krisb001,loaded,4,3,1,2,1,0,0,0,3,0,0,0,0,0,0,1,0
2025,R,krisb001,menon,52,44,14,22,5,0,1,0,16,7,1,8,0,0,0,1,0
2025,R,krisb001,scoring,35,29,10,16,3,0,1,0,16,5,1,6,0,0,0,1,0
2025,R,kroom002,empty,6,6,2,3,1,0,0,0,0,0,0,2,0,0,0,0,0
2025,R,kroom002,loaded,1,1,0,0,0,0,0,0,0,0,0,0,1,0,0,0,0
2025,R,kroom002,menon,9,7,3,4,1,0,0,0,2,1,0,1,1,0,1,0,0
2025,R,kroom002,scoring,7,6,2,2,0,0,0,0,1,1,0,1,1,0,0,0,0
2025,R,langa001,empty,1,1,1,1,0,0,0,0,0,0,0,0,0,0,0,0,0
2025,R,langa001,loaded,2,2,0,0,0,0,0,0,0,0,0,1,0,0,0,0,0
2025,R,langa001,menon,5,4,1,1,0,0,0,0,0,1,0,1,0,0,0,0,0
2025,R,langa001,scoring,4,3,1,1,0,0,0,0,0,1,0,1,0,0,0,0,0
2025,R,lao-s001,empty,25,24,7,13,3,0,1,0,1,0,0,6,0,1,0,0,0
2025,R,lao-s001,loaded,1,1,0,0,0,0,0,0,0,0,0,0,0,0,0,0,0
2025,R,lao-s001,menon,24,22,7,11,1,0,1,0,5,2,0,3,1,0,0,0,0
2025,R,lao-s001,scoring,15,14,4,5,1,0,0,0,3,1,0,2,1,0,0,0,0
2025,R,laraa001,empty,28,26,13,18,2,0,1,0,1,2,0,3,0,0,0,0,0
2025,R,laraa001,loaded,7,5,3,4,1,0,0,0,7,1,0,1,0,0,0,1,0
2025,R,laraa001,menon,50,41,14,20,3,0,1,0,12,6,0,7,1,1,1,1,0
2025,R,laraa001,scoring,32,26,10,15,2,0,1,0,12,4,0,5,1,0,1,1,0
2025,R,lasoj001,empty,19,18,8,16,2,0,2,0,2,1,0,2,0,0,0,0,0
2025,R,lasoj001,menon,14,13,5,11,0,0,2,0,7,1,0,0,2,0,0,0,0
2025,R,lasoj001,scoring,9,9,5,11,0,0,2,0,7,0,0,0,0,0,0,0,0
2025,R,latzj001,empty,208,188,43,69,9,1,5,0,5,20,0,41,0,0,0,0,0
2025,R,latzj001,loaded,5,4,0,0,0,0,0,0,1,1,0,0,1,0,0,0,0
2025,R,latzj001,menon,140,122,26,41,5,2,2,0,24,17,2,35,9,0,0,1,0
2025,R,latzj001,scoring,81,70,16,25,4,1,1,0,21,10,2,19,1,0,0,1,0
2025,D,lauee001,empty,6,5,1,1,0,0,0,0,0,1,1,2,0,0,0,0,0
2025,L,lauee001,empty,2,2,1,1,0,0,0,0,0,0,0,1,0,0,0,0,0
2025,R,lauee001,empty,276,258,63,122,15,1,14,0,14,18,0,65,0,0,0,0,0
2025,W,lauee001,empty,13,10,1,2,1,0,0,0,0,3,1,2,0,0,0,0,0
2025,R,lauee001,loaded,4,3,0,0,0,0,0,0,1,1,0,2,0,0,0,0,0
2025,W,lauee001,loaded,1,1,0,0,0,0,0,0,0,0,0,0,0,0,0,0,0
2025,D,lauee001,menon,4,4,2,2,0,0,0,0,0,0,0,1,0,0,0,0,0
2025,L,lauee001,menon,2,2,0,0,0,0,0,0,0,0,0,1,0,0,0,0,0
2025,R,lauee001,menon,150,138,27,39,7,1,1,0,19,8,1,37,4,2,1,1,0
2025,W,lauee001,menon,11,8,1,1,0,0,0,0,0,2,2,1,0,0,1,0,0
2025,D,lauee001,scoring,1,1,1,1,0,0,0,0,0,0,0,0,0,0,0,0,0
2025,L,lauee001,scoring,1,1,0,0,0,0,0,0,0,0,0,1,0,0,0,0,0
2025,R,lauee001,scoring,86,77,13,16,3,0,0,0,13,7,1,22,1,0,1,1,0
2025,W,lauee001,scoring,7,4,0,0,0,0,0,0,0,2,2,0,0,0,1,0,0
2025,R,lawec001,empty,19,19,3,3,0,0,0,0,0,0,0,6,0,0,0,0,0
2025,R,lawec001,menon,7,5,1,1,0,0,0,0,2,0,0,1,1,0,1,1,0
2025,R,lawec001,scoring,3,1,1,1,0,0,0,0,2,0,0,0,0,0,1,1,0
2025,R,lawrc001,empty,41,39,13,18,5,0,0,0,0,1,0,1,0,1,0,0,0
2025,R,lawrc001,loaded,1,0,0,0,0,0,0,0,1,0,0,0,0,0,0,1,0
2025,R,lawrc001,menon,39,38,13,20,1,0,2,0,14,0,0,6,2,0,0,1,0
2025,R,lawrc001,scoring,25,24,8,15,1,0,2,0,14,0,0,3,1,0,0,1,0
2025,R,lawrj002,empty,37,31,4,6,2,0,0,0,0,4,0,13,0,2,0,0,0
2025,R,lawrj002,loaded,2,2,0,0,0,0,0,0,0,0,0,1,0,0,0,0,0
2025,R,lawrj002,menon,32,28,5,7,2,0,0,0,2,4,2,10,2,0,0,0,0
2025,R,lawrj002,scoring,22,19,2,2,0,0,0,0,2,3,2,6,0,0,0,0,0
2025,R,lazam001,empty,95,87,23,40,5,0,4,0,4,8,0,14,0,0,0,0,0
2025,R,lazam001,loaded,3,2,0,0,0,0,0,0,1,1,0,1,0,0,0,0,0
2025,R,lazam001,menon,75,70,18,31,4,0,3,0,17,4,0,12,4,0,0,1,0
2025,R,lazam001,scoring,49,44,10,17,1,0,2,0,14,4,0,9,1,0,0,1,0
2025,R,leahk001,empty,185,165,37,58,12,0,3,0,3,19,0,41,0,1,0,0,0
2025,R,leahk001,loaded,12,9,5,10,2,0,1,1,17,0,0,1,1,0,0,3,0
2025,R,leahk001,menon,178,163,43,53,4,0,2,1,32,9,1,39,9,0,0,6,0
2025,R,leahk001,scoring,104,92,18,24,3,0,1,1,29,6,1,25,3,0,0,6,0
2025,R,leasj001,empty,142,127,24,52,7,0,7,0,7,14,0,45,0,1,0,0,0
2025,R,leasj001,loaded,9,7,1,2,1,0,0,0,4,2,0,2,1,0,0,0,0
2025,R,leasj001,menon,127,110,25,49,7,1,5,0,28,16,1,36,4,0,0,1,0
2025,R,leasj001,scoring,87,73,14,30,5,1,3,0,23,13,1,22,3,0,0,1,0
2025,R,leclj001,empty,25,24,8,18,2,1,2,0,2,1,0,6,0,0,0,0,0
2025,R,leclj001,loaded,4,3,0,0,0,0,0,0,1,1,0,0,0,0,0,0,0
2025,R,leclj001,menon,21,17,5,8,0,0,1,0,6,4,0,2,0,0,0,0,0
2025,R,leclj001,scoring,17,13,3,3,0,0,0,0,4,4,0,2,0,0,0,0,0
2025,R,lee-c005,empty,86,82,18,42,5,2,5,0,5,3,0,22,0,1,0,0,0
2025,R,lee-c005,loaded,3,2,0,0,0,0,0,0,1,0,0,1,0,0,0,1,0
2025,R,lee-c005,menon,62,52,14,22,2,0,2,0,17,6,1,14,4,1,0,3,0
2025,R,lee-c005,scoring,44,35,11,16,2,0,1,0,15,6,1,7,2,0,0,3,0
2025,R,lee-d005,empty,172,166,36,71,5,0,10,0,10,6,0,43,0,0,0,0,0
2025,R,lee-d005,loaded,9,8,1,1,0,0,0,0,2,0,0,4,0,0,0,1,0
2025,R,lee-d005,menon,94,83,17,28,2,0,3,0,17,8,1,33,4,0,2,1,0
2025,R,lee-d005,scoring,56,46,10,14,1,0,1,0,13,8,1,17,1,0,1,1,0
2025,R,lee-k002,empty,7,6,1,2,1,0,0,0,0,1,0,0,0,0,0,0,0
2025,R,lee-k002,menon,7,6,3,4,1,0,0,0,1,1,0,0,0,0,0,0,0
2025,R,lee-k002,scoring,6,5,2,2,0,0,0,0,1,1,0,0,0,0,0,0,0
2025,R,leguc001,empty,107,95,19,28,3,0,2,0,2,11,0,33,0,1,0,0,0
2025,R,leguc001,loaded,4,3,2,2,0,0,0,0,4,0,0,0,0,0,0,1,0
2025,R,leguc001,menon,112,95,28,49,6,0,5,0,31,14,2,22,6,1,1,1,0
2025,R,leguc001,scoring,68,56,19,33,5,0,3,0,26,9,2,11,1,1,1,1,0
2025,R,leitj001,empty,374,340,81,130,19,0,10,0,10,31,0,91,0,3,0,0,0
2025,R,leitj001,loaded,14,12,2,6,1,0,1,1,8,2,0,3,0,0,0,0,0
2025,R,leitj001,menon,272,231,46,76,6,0,8,1,45,36,0,57,8,2,1,2,0
2025,R,leitj001,scoring,140,112,24,40,4,0,4,1,37,25,0,30,3,1,0,2,0
2025,R,leitm002,empty,89,81,22,29,4,0,1,0,1,5,0,28,0,3,0,0,0
2025,R,leitm002,loaded,8,6,4,10,0,0,2,2,12,1,0,2,0,1,0,0,0
2025,R,leitm002,menon,130,116,35,55,6,1,4,2,34,12,0,26,5,1,0,1,0
2025,R,leitm002,scoring,84,74,24,40,5,1,3,2,32,8,0,18,1,1,0,1,0
2025,R,libem001,empty,397,375,95,156,23,1,12,0,12,19,0,83,0,3,0,0,0
2025,R,libem001,loaded,7,6,0,0,0,0,0,0,1,0,0,2,1,0,0,1,0
2025,R,libem001,menon,251,218,63,95,9,1,7,0,54,21,0,39,8,1,3,8,0
2025,R,libem001,scoring,145,122,33,50,6,1,3,0,45,13,0,24,4,0,2,8,0
2025,D,littb002,empty,5,3,1,2,1,0,0,0,0,2,1,0,0,0,0,0,0
2025,L,littb002,empty,2,1,1,4,0,0,1,0,1,1,0,0,0,0,0,0,0
2025,R,littb002,empty,130,108,18,27,4,1,1,0,1,21,0,42,0,1,0,0,0
2025,W,littb002,empty,4,4,2,5,0,0,1,0,1,0,0,1,0,0,0,0,0
2025,R,littb002,loaded,10,8,0,0,0,0,0,0,3,1,0,3,0,0,0,1,0
2025,D,littb002,menon,8,7,2,3,1,0,0,0,1,0,0,1,0,0,0,1,0
2025,L,littb002,menon,3,2,1,1,0,0,0,0,1,1,0,1,0,0,0,0,0
2025,R,littb002,menon,165,137,30,40,5,1,1,0,26,24,4,49,5,1,1,2,0
2025,W,littb002,menon,2,1,0,0,0,0,0,0,0,1,0,0,0,0,0,0,0
2025,D,littb002,scoring,4,3,0,0,0,0,0,0,1,0,0,0,0,0,0,1,0
2025,L,littb002,scoring,1,1,1,1,0,0,0,0,1,0,0,0,0,0,0,0,0
2025,R,littb002,scoring,108,87,18,26,3,1,1,0,26,18,3,38,0,0,1,2,0
2025,W,littb002,scoring,1,1,0,0,0,0,0,0,0,0,0,0,0,0,0,0,0
2025,R,littj001,empty,6,5,1,3,0,1,0,0,0,0,0,2,0,1,0,0,0
2025,R,littj001,loaded,2,1,0,0,0,0,0,0,1,1,0,0,1,0,0,0,0
2025,R,littj001,menon,8,7,3,3,0,0,0,0,2,1,0,0,1,0,0,0,0
2025,R,littj001,scoring,5,4,2,2,0,0,0,0,2,1,0,0,1,0,0,0,0
2025,R,littl001,empty,7,5,0,0,0,0,0,0,0,2,0,3,0,0,0,0,0
2025,R,littl001,loaded,1,0,0,0,0,0,0,0,1,1,0,0,0,0,0,0,0
2025,R,littl001,menon,8,3,1,1,0,0,0,0,1,4,0,1,0,0,1,0,0
2025,R,littl001,scoring,6,3,1,1,0,0,0,0,1,3,0,1,0,0,0,0,0
2025,F,littz001,empty,6,5,3,5,2,0,0,0,0,0,0,0,0,1,0,0,0
2025,R,littz001,empty,507,484,116,222,22,0,28,0,28,19,0,83,0,4,0,0,0
2025,R,littz001,loaded,15,15,1,1,0,0,0,0,4,0,0,5,0,0,0,0,0
2025,F,littz001,menon,11,11,3,4,1,0,0,0,3,0,0,2,0,0,0,0,0
2025,R,littz001,menon,252,228,58,95,11,1,8,0,52,13,1,47,15,3,0,5,3
2025,F,littz001,scoring,7,7,2,2,0,0,0,0,2,0,0,1,0,0,0,0,0
2025,R,littz001,scoring,142,126,31,49,6,0,4,0,42,9,1,31,3,1,0,5,1
2025,R,liveb001,empty,112,99,23,34,5,0,2,0,2,13,0,20,0,0,0,0,0
2025,R,liveb001,menon,66,64,15,30,3,0,4,0,12,2,0,9,5,0,0,0,0
2025,R,liveb001,scoring,35,35,7,14,1,0,2,0,8,0,0,5,2,0,0,0,0
2025,R,loaij001,empty,70,67,18,38,5,0,5,0,5,3,0,16,0,0,0,0,0
2025,R,loaij001,loaded,9,9,4,5,1,0,0,0,9,0,0,0,1,0,0,0,0
2025,R,loaij001,menon,65,54,16,25,3,0,2,0,18,7,3,9,2,3,0,0,1
2025,R,loaij001,scoring,52,43,12,20,2,0,2,0,17,5,3,6,2,3,0,0,1
2025,F,lodon001,empty,3,2,0,0,0,0,0,0,0,0,0,0,0,1,0,0,0
2025,R,lodon001,empty,396,369,88,146,16,0,14,0,14,20,0,96,0,7,0,0,0
2025,R,lodon001,loaded,7,6,4,7,0,0,1,1,10,0,0,0,0,0,0,1,0
2025,F,lodon001,menon,4,4,1,1,0,0,0,0,0,0,0,0,0,0,0,0,0
2025,R,lodon001,menon,246,223,50,83,7,1,8,1,45,11,1,60,6,6,4,2,0
2025,F,lodon001,scoring,2,2,0,0,0,0,0,0,0,0,0,0,0,0,0,0,0
2025,R,lodon001,scoring,129,110,23,35,4,1,2,1,30,11,1,30,2,4,2,2,0
2025,R,longs002,empty,83,69,21,35,2,0,4,0,4,13,0,16,0,1,0,0,0
2025,R,longs002,loaded,6,6,5,7,2,0,0,0,10,0,0,1,0,0,0,0,0
2025,R,longs002,menon,106,96,27,42,6,0,3,0,28,9,1,17,4,1,0,0,0
2025,R,longs002,scoring,60,52,19,29,4,0,2,0,25,7,1,10,1,1,0,0,0
2025,R,lopej004,empty,51,48,10,14,2,1,0,0,0,3,0,10,0,0,0,0,0
2025,R,lopej004,loaded,3,2,2,2,0,0,0,0,5,0,0,0,0,0,0,1,0
2025,R,lopej004,menon,55,46,15,20,0,1,1,0,18,4,0,7,2,3,0,2,0
2025,R,lopej004,scoring,37,31,11,16,0,1,1,0,18,2,0,6,1,2,0,2,0
2025,R,lopej007,empty,234,209,50,87,8,1,9,0,9,20,0,68,0,5,0,0,0
2025,R,lopej007,loaded,9,8,1,1,0,0,0,0,3,1,0,6,0,0,0,0,0
2025,R,lopej007,menon,165,143,31,55,6,0,6,0,29,17,0,45,2,3,2,0,0
2025,R,lopej007,scoring,90,83,18,35,5,0,4,0,25,6,0,28,0,1,0,0,0
2025,R,lopen001,empty,1,0,0,0,0,0,0,0,0,1,0,0,0,0,0,0,0
2025,R,lopen001,menon,1,1,0,0,0,0,0,0,0,0,0,0,0,0,0,0,0
2025,R,lopep002,empty,180,167,41,60,11,1,2,0,2,10,0,43,0,3,0,0,0
2025,R,lopep002,loaded,1,0,0,0,0,0,0,0,1,0,0,0,0,0,0,1,0
2025,R,lopep002,menon,132,118,23,37,2,0,4,0,23,10,0,30,3,1,0,3,0
2025,R,lopep002,scoring,67,61,14,22,2,0,2,0,19,3,0,13,2,0,0,3,0
2025,R,loper003,empty,11,11,6,9,0,0,1,0,1,0,0,1,0,0,0,0,0
2025,R,loper003,menon,14,12,3,4,1,0,0,0,2,2,0,0,0,0,0,0,0
2025,R,loper003,scoring,7,6,2,3,1,0,0,0,2,1,0,0,0,0,0,0,0
2025,R,lordb001,empty,325,298,76,118,14,2,8,0,8,24,0,64,0,3,0,0,0
2025,R,lordb001,loaded,8,6,1,4,0,0,1,1,7,2,0,3,0,0,0,0,0
2025,R,lordb001,menon,221,196,50,87,8,1,9,1,54,19,0,44,13,0,3,3,0
2025,R,lordb001,scoring,125,110,23,35,4,1,2,1,37,10,0,30,2,0,2,3,0
2025,R,lorem002,empty,371,343,89,163,19,2,17,0,17,25,0,82,0,3,0,0,0
2025,R,lorem002,loaded,4,3,2,2,0,0,0,0,5,0,0,0,0,0,0,1,0
2025,R,lorem002,menon,235,214,60,99,11,2,8,0,52,14,0,45,9,3,0,4,0
2025,R,lorem002,scoring,132,116,33,52,8,1,3,0,39,11,0,28,3,1,0,4,0
2025,R,loutr001,empty,27,25,6,6,0,0,0,0,0,1,0,4,0,1,0,0,0
2025,R,loutr001,loaded,8,6,2,4,0,1,0,0,7,1,0,0,0,0,0,1,0
2025,R,loutr001,menon,41,32,14,29,1,1,4,0,20,7,0,4,0,1,0,1,0
2025,R,loutr001,scoring,24,17,7,15,0,1,2,0,16,5,0,2,0,1,0,1,0
2025,R,lover001,empty,28,25,7,18,2,0,3,0,3,3,0,5,0,0,0,0,0
2025,R,lover001,loaded,2,1,1,2,1,0,0,0,4,0,0,0,0,0,0,1,0
2025,R,lover001,menon,29,20,5,7,2,0,0,0,8,3,0,7,1,4,0,2,0
2025,R,lover001,scoring,21,13,2,3,1,0,0,0,7,3,0,6,1,3,0,2,0
2025,R,lucae002,empty,66,59,13,19,3,0,1,0,1,7,0,18,0,0,0,0,0
2025,R,lucae002,loaded,7,4,1,1,0,0,0,0,5,0,0,1,0,0,0,3,0
2025,R,lucae002,menon,42,33,12,25,1,0,4,0,17,5,0,5,3,0,0,4,0
2025,R,lucae002,scoring,24,16,8,18,1,0,3,0,15,4,0,2,0,0,0,4,0
2025,R,luccj001,empty,95,85,18,23,5,0,0,0,0,8,0,18,0,2,0,0,0
2025,R,luccj001,menon,70,64,17,34,3,1,4,0,16,4,1,13,2,0,2,0,0
2025,R,luccj001,scoring,37,34,9,24,3,0,4,0,15,3,1,7,0,0,0,0,0
2025,R,lugos001,empty,371,334,85,161,17,1,19,0,19,32,0,81,0,5,0,0,0
2025,R,lugos001,loaded,7,7,4,8,1,0,1,1,10,0,0,3,0,0,0,0,0
2025,R,lugos001,menon,240,212,48,78,6,0,8,1,47,23,1,44,9,1,3,1,0
2025,R,lugos001,scoring,125,110,27,37,4,0,2,1,34,13,1,17,3,1,0,1,0
2025,D,luzaj001,empty,23,23,3,3,0,0,0,0,0,0,0,8,0,0,0,0,0
2025,R,luzaj001,empty,474,445,95,138,19,0,8,0,8,28,0,146,0,1,0,0,0
2025,R,luzaj001,loaded,10,8,5,8,0,0,1,1,14,2,0,1,0,0,0,0,0
2025,D,luzaj001,menon,6,5,2,3,1,0,0,0,0,1,0,0,0,0,0,0,0
2025,R,luzaj001,menon,284,251,72,110,14,0,8,1,64,29,0,70,10,2,0,2,0
2025,D,luzaj001,scoring,2,2,0,0,0,0,0,0,0,0,0,0,0,0,0,0,0
2025,R,luzaj001,scoring,157,133,40,65,7,0,6,1,59,22,0,43,3,0,0,2,0
2025,R,lyncd001,empty,150,133,45,71,8,0,6,0,6,13,0,20,0,4,0,0,0
2025,R,lyncd001,loaded,3,1,0,0,0,0,0,0,2,1,0,1,0,0,0,1,0
2025,R,lyncd001,menon,139,121,21,31,4,0,2,0,14,13,1,25,6,2,2,1,0
2025,R,lyncd001,scoring,76,69,6,7,1,0,0,0,9,5,1,17,4,0,1,1,0
2025,R,maciw001,empty,3,3,2,3,1,0,0,0,0,0,0,0,0,0,0,0,0
2025,R,maciw001,loaded,1,1,0,0,0,0,0,0,0,0,0,0,0,0,0,0,0
2025,R,maciw001,menon,7,7,2,2,0,0,0,0,0,0,0,0,0,0,0,0,0
2025,R,maciw001,scoring,5,5,1,1,0,0,0,0,0,0,0,0,0,0,0,0,0
2025,R,maedk001,empty,20,16,4,8,1,0,1,0,1,2,0,4,0,2,0,0,0
2025,R,maedk001,menon,23,17,5,7,2,0,0,0,4,4,0,4,0,1,0,0,1
2025,R,maedk001,scoring,18,14,5,7,2,0,0,0,4,3,0,2,0,1,0,0,0
2025,R,mahlt001,empty,205,187,47,70,6,1,5,0,5,18,0,37,0,0,0,0,0
2025,R,mahlt001,loaded,4,1,0,0,0,0,0,0,3,2,0,0,0,0,0,1,0
2025,R,mahlt001,menon,141,129,22,28,6,0,0,0,13,11,0,29,8,0,0,1,0
2025,R,mahlt001,scoring,58,51,9,9,0,0,0,0,12,6,0,13,1,0,0,1,0
2025,R,maill001,empty,3,2,0,0,0,0,0,0,0,1,0,0,0,0,0,0,0
2025,R,maill001,menon,1,1,0,0,0,0,0,0,0,0,0,0,0,0,0,0,0
2025,R,malda001,empty,15,12,4,11,1,0,2,0,2,3,0,2,0,0,0,0,0
2025,R,malda001,loaded,2,2,1,2,1,0,0,0,3,0,0,0,0,0,0,0,0
2025,R,malda001,menon,18,16,6,11,2,0,1,0,7,2,1,5,0,0,0,0,0
2025,R,malda001,scoring,13,11,5,10,2,0,1,0,7,2,1,3,0,0,0,0,0
2025,R,manas001,empty,164,156,40,70,6,0,8,0,8,6,0,53,0,2,0,0,0
2025,R,manas001,loaded,4,3,1,1,0,0,0,0,4,0,0,0,0,0,0,1,0
2025,R,manas001,menon,99,85,22,44,5,1,5,0,24,6,0,22,1,5,2,1,0
2025,R,manas001,scoring,52,45,10,20,1,0,3,0,18,4,0,12,0,2,0,1,0
2025,R,mantj002,empty,25,25,11,19,2,0,2,0,2,0,0,4,0,0,0,0,0
2025,R,mantj002,loaded,4,4,1,1,0,0,0,0,2,0,0,2,0,0,0,0,0
2025,R,mantj002,menon,33,29,15,26,2,0,3,0,16,3,1,4,0,1,0,0,0
2025,R,mantj002,scoring,23,20,10,17,1,0,2,0,14,2,1,3,0,1,0,0,0
2025,R,marir001,empty,25,21,4,4,0,0,0,0,0,4,0,7,0,0,0,0,0
2025,R,marir001,menon,17,16,2,2,0,0,0,0,1,0,0,5,0,0,0,1,0
2025,R,marir001,scoring,8,7,0,0,0,0,0,0,1,0,0,3,0,0,0,1,0
2025,R,marqg001,empty,299,271,89,163,23,3,15,0,15,25,0,42,0,2,0,0,1
2025,R,marqg001,loaded,16,15,4,4,0,0,0,0,10,0,0,3,1,0,0,1,0
2025,R,marqg001,menon,292,259,79,126,17,3,8,0,74,23,1,41,10,4,1,4,1
2025,R,marqg001,scoring,196,173,51,82,10,3,5,0,67,15,1,30,6,3,1,4,0
2025,R,martc007,empty,92,90,27,36,3,0,2,0,2,1,0,25,0,1,0,0,0
2025,R,martc007,loaded,1,1,1,1,0,0,0,0,2,0,0,0,0,0,0,0,0
2025,R,martc007,menon,82,74,16,28,0,0,4,0,17,7,3,18,6,0,0,1,0
2025,R,martc007,scoring,46,39,10,19,0,0,3,0,15,6,3,13,1,0,0,1,0
2025,R,martc009,empty,37,32,10,19,1,1,2,0,2,4,0,4,0,1,0,0,0
2025,R,martc009,loaded,1,1,0,0,0,0,0,0,0,0,0,0,0,0,0,0,0
2025,R,martc009,menon,52,44,12,22,4,0,2,0,13,5,0,19,0,1,2,0,0
2025,R,martc009,scoring,39,33,8,15,4,0,1,0,11,3,0,16,0,1,2,0,0
2025,R,martd006,empty,357,323,82,143,18,2,13,0,13,32,0,64,0,1,0,0,1
2025,R,martd006,loaded,10,7,1,2,1,0,0,0,7,0,0,1,0,0,0,3,0
2025,R,martd006,menon,244,218,54,88,11,1,7,0,48,16,1,40,17,5,0,5,0
2025,R,martd006,scoring,133,115,22,31,4,1,1,0,35,13,1,22,7,0,0,5,0
2025,R,martj011,empty,36,29,3,6,0,0,1,0,1,5,0,14,0,2,0,0,0
2025,R,martj011,loaded,8,6,0,0,0,0,0,0,2,2,0,4,0,0,0,0,0
2025,R,martj011,menon,31,23,4,6,2,0,0,0,5,7,1,8,2,1,0,0,0
2025,R,martj011,scoring,22,16,2,3,1,0,0,0,5,5,1,7,1,1,0,0,0
2025,F,martn002,empty,1,1,1,1,0,0,0,0,0,0,0,0,0,0,0,0,0
2025,R,martn002,empty,418,382,95,158,24,0,13,0,13,32,0,72,0,4,0,0,0
2025,F,martn002,loaded,1,1,1,2,1,0,0,0,2,0,0,0,0,0,0,0,0
2025,R,martn002,loaded,2,1,0,0,0,0,0,0,1,0,0,0,0,0,0,1,0
2025,F,martn002,menon,6,5,3,5,2,0,0,0,4,1,1,0,0,0,0,0,0
2025,R,martn002,menon,265,239,63,112,20,1,9,0,62,10,1,44,10,2,5,9,0
2025,F,martn002,scoring,5,4,3,5,2,0,0,0,4,1,1,0,0,0,0,0,0
2025,R,martn002,scoring,141,118,36,62,14,0,4,0,49,9,1,20,3,1,4,9,0
2025,R,marts003,empty,16,15,2,6,1,0,1,0,1,1,0,4,0,0,0,0,0
2025,R,marts003,loaded,3,2,1,1,0,0,0,0,2,0,0,0,0,0,0,1,0
2025,R,marts003,menon,11,7,2,5,0,0,1,0,6,2,0,0,0,0,0,2,0
2025,R,marts003,scoring,11,7,2,5,0,0,1,0,6,2,0,0,0,0,0,2,0
2025,R,mastm001,empty,1,1,1,1,0,0,0,0,0,0,0,0,0,0,0,0,0
2025,R,mastm001,loaded,1,1,0,0,0,0,0,0,0,0,0,0,0,0,0,0,0
2025,R,mastm001,menon,5,3,0,0,0,0,0,0,0,2,0,0,0,0,0,0,0
2025,R,mastm001,scoring,4,3,0,0,0,0,0,0,0,1,0,0,0,0,0,0,0
2025,R,matej003,empty,2,2,2,2,0,0,0,0,0,0,0,0,0,0,0,0,0
2025,R,matej003,loaded,4,3,1,4,0,0,1,1,5,0,0,0,0,1,0,0,0
2025,R,matej003,menon,9,6,3,6,0,0,1,1,5,2,0,0,0,1,0,0,0
2025,R,matej003,scoring,6,4,2,5,0,0,1,1,5,1,0,0,0,1,0,0,0
2025,R,matop002,empty,116,102,19,28,6,0,1,0,1,9,0,38,0,5,0,0,0
2025,R,matop002,loaded,10,9,3,4,1,0,0,0,7,1,0,5,1,0,0,0,0
2025,R,matop002,menon,132,112,23,35,6,0,2,0,24,14,2,43,5,2,2,2,0
2025,R,matop002,scoring,99,84,16,27,5,0,2,0,24,11,2,36,2,1,1,2,0
2025,R,matsy001,empty,137,122,29,55,6,1,6,0,6,15,0,30,0,0,0,0,0
2025,R,matsy001,loaded,13,11,3,3,0,0,0,0,6,0,0,3,0,0,0,2,0
2025,R,matsy001,menon,135,111,24,42,4,1,4,0,28,18,2,31,4,1,1,4,0
2025,R,matsy001,scoring,83,65,12,20,3,1,1,0,20,12,2,19,0,1,1,4,0
2025,R,matti001,empty,104,95,18,29,2,0,3,0,3,8,0,28,0,1,0,0,0
2025,R,matti001,loaded,9,5,1,2,1,0,0,0,7,1,0,3,0,0,0,3,0
2025,R,matti001,menon,94,77,17,25,5,0,1,0,15,11,2,17,2,1,2,3,0
2025,R,matti001,scoring,59,49,9,13,1,0,1,0,14,4,2,14,1,1,2,3,0
2025,R,mattz001,empty,193,183,58,91,9,0,8,0,8,10,0,49,0,0,0,0,0
2025,R,mattz001,loaded,5,4,3,3,0,0,0,0,7,0,0,0,0,0,0,1,0
2025,R,mattz001,menon,161,140,36,54,6,0,4,0,36,14,0,39,5,0,2,5,0
2025,R,mattz001,scoring,80,69,21,30,3,0,2,0,30,4,0,20,0,0,2,5,0
2025,F,matzs001,empty,2,2,2,2,0,0,0,0,0,0,0,0,0,0,0,0,0
2025,R,matzs001,empty,175,166,41,60,5,1,4,0,4,7,0,36,0,2,0,0,0
2025,R,matzs001,loaded,4,4,1,2,1,0,0,0,2,0,0,1,0,0,0,0,0
2025,F,matzs001,menon,7,7,1,1,0,0,0,0,0,0,0,2,0,0,0,0,0
2025,R,matzs001,menon,134,127,32,56,8,2,4,0,32,4,0,23,7,0,1,1,1
2025,F,matzs001,scoring,1,1,0,0,0,0,0,0,0,0,0,0,0,0,0,0,0
2025,R,matzs001,scoring,74,70,16,27,4,2,1,0,25,2,0,14,3,0,0,1,1
2025,R,matzt001,empty,12,11,5,7,2,0,0,0,0,1,0,3,0,0,0,0,0
2025,R,matzt001,loaded,2,2,1,1,0,0,0,0,2,0,0,0,0,0,0,0,0
2025,R,matzt001,menon,23,18,6,8,2,0,0,0,6,4,0,4,0,0,0,1,0
2025,R,matzt001,scoring,16,11,4,6,2,0,0,0,6,4,0,2,0,0,0,1,0
2025,R,maxwz001,empty,24,22,8,17,1,1,2,0,2,2,0,7,0,0,0,0,0
2025,R,maxwz001,menon,19,17,2,6,1,0,1,0,3,2,0,6,1,0,0,0,0
2025,R,maxwz001,scoring,9,8,1,2,1,0,0,0,1,1,0,4,0,0,0,0,0
2025,R,may-d003,empty,322,286,79,130,13,1,12,0,12,31,0,72,0,5,0,0,0
2025,R,may-d003,loaded,10,10,3,6,1,1,0,0,9,0,0,1,0,0,0,0,0
2025,R,may-d003,menon,262,224,53,98,8,5,9,0,56,25,3,51,12,7,2,4,0
2025,R,may-d003,scoring,155,131,29,55,6,4,4,0,44,16,3,29,4,3,1,4,0
2025,R,mayzt001,empty,39,37,7,12,2,0,1,0,1,1,0,9,0,1,0,0,0
2025,R,mayzt001,loaded,6,6,2,2,0,0,0,0,3,0,0,1,0,0,0,0,0
2025,R,mayzt001,menon,35,29,10,15,2,0,1,0,8,4,0,6,1,1,0,1,0
2025,R,mayzt001,scoring,25,19,4,5,1,0,0,0,6,4,0,4,0,1,0,1,0
2025,R,mazua001,empty,68,61,15,23,5,0,1,0,1,6,0,9,0,1,0,0,0
2025,R,mazua001,loaded,2,1,0,0,0,0,0,0,2,0,0,0,0,0,0,1,0
2025,R,mazua001,menon,71,64,18,30,3,0,3,0,19,6,0,10,2,0,0,1,0
2025,R,mazua001,scoring,40,35,15,27,3,0,3,0,19,4,0,3,2,0,0,1,0
2025,R,mccad002,empty,10,10,4,5,1,0,0,0,0,0,0,4,0,0,0,0,0
2025,R,mccad002,menon,13,12,1,1,0,0,0,0,1,1,0,2,0,0,0,0,0
2025,R,mccad002,scoring,3,3,1,1,0,0,0,0,1,0,0,1,0,0,0,0,0
2025,R,mccoc001,empty,6,4,0,0,0,0,0,0,0,1,0,0,0,1,0,0,0
2025,R,mccoc001,loaded,3,3,1,1,0,0,0,0,2,0,0,0,1,0,0,0,0
2025,R,mccoc001,menon,9,7,3,3,0,0,0,0,2,1,0,1,1,1,0,0,0
2025,R,mccoc001,scoring,6,4,1,1,0,0,0,0,2,1,0,0,1,1,0,0,0
2025,R,mccul002,empty,143,120,28,57,3,1,8,0,8,20,0,35,0,2,0,0,1
2025,R,mccul002,loaded,14,13,2,2,0,0,0,0,6,1,0,4,0,0,0,0,0
2025,R,mccul002,menon,131,107,33,48,9,0,2,0,32,19,0,26,2,5,0,0,0
2025,R,mccul002,scoring,81,65,20,32,6,0,2,0,29,14,0,13,0,2,0,0,0
2025,R,mcdag001,empty,22,19,5,5,0,0,0,0,0,3,0,3,0,0,0,0,0
2025,R,mcdag001,loaded,2,2,1,4,0,0,1,1,4,0,0,1,0,0,0,0,0
2025,R,mcdag001,menon,28,22,8,16,2,0,2,1,10,5,0,3,3,1,0,0,0
2025,R,mcdag001,scoring,19,14,5,12,1,0,2,1,10,5,0,2,1,0,0,0,0
2025,R,mcdec001,empty,16,7,3,7,1,0,1,0,1,8,0,1,0,1,0,0,0
2025,R,mcdec001,loaded,2,2,1,1,0,0,0,0,1,0,0,1,0,0,0,0,0
2025,R,mcdec001,menon,35,29,9,16,1,0,2,0,12,4,0,8,0,0,1,1,0
2025,R,mcdec001,scoring,18,16,6,10,1,0,1,0,10,1,0,5,0,0,0,1,0
2025,R,mcdot001,empty,42,41,7,8,1,0,0,0,0,1,0,10,0,0,0,0,0
2025,R,mcdot001,menon,18,16,6,9,0,0,1,0,6,1,0,4,1,0,1,0,0
2025,R,mcdot001,scoring,9,8,4,7,0,0,1,0,6,1,0,2,0,0,0,0,0
2025,R,mcfat001,empty,31,30,13,21,3,1,1,0,1,1,0,2,0,0,0,0,0
2025,R,mcfat001,loaded,5,5,4,4,0,0,0,0,7,0,0,0,0,0,0,0,0
2025,R,mcfat001,menon,43,39,13,21,1,2,1,0,16,2,0,5,3,1,0,1,0
2025,R,mcfat001,scoring,32,28,9,11,0,1,0,0,13,2,0,5,1,1,0,1,0
2025,R,mcgee001,empty,33,30,7,12,2,0,1,0,1,3,0,10,0,0,0,0,0
2025,R,mcgee001,loaded,2,2,1,1,0,0,0,0,2,0,0,0,0,0,0,0,0
2025,R,mcgee001,menon,29,26,8,10,2,0,0,0,8,2,1,3,2,0,0,1,0
2025,R,mcgee001,scoring,18,15,4,5,1,0,0,0,7,2,1,1,2,0,0,1,0
2025,R,mcgos001,empty,40,38,9,22,4,0,3,0,3,2,0,9,0,0,0,0,0
2025,R,mcgos001,loaded,1,1,0,0,0,0,0,0,0,0,0,0,0,0,0,0,0
2025,R,mcgos001,menon,35,29,9,14,2,0,1,0,9,5,0,7,0,1,0,0,0
2025,R,mcgos001,scoring,24,21,8,12,1,0,1,0,9,2,0,6,0,1,0,0,0
2025,R,mcgrm001,empty,228,214,55,92,8,1,9,0,9,14,0,35,0,0,0,0,0
2025,R,mcgrm001,loaded,4,4,2,2,0,0,0,0,4,0,0,1,0,0,0,0,0
2025,R,mcgrm001,menon,172,159,45,67,7,3,3,0,38,6,0,23,10,3,2,2,0
2025,R,mcgrm001,scoring,96,87,18,27,4,1,1,0,32,5,0,13,4,1,1,2,0
2025,R,mcgur002,empty,3,3,2,5,0,0,1,0,1,0,0,0,0,0,0,0,0
2025,R,mcgur002,menon,3,2,0,0,0,0,0,0,0,1,0,0,0,0,0,0,0
2025,R,mcgur002,scoring,2,2,0,0,0,0,0,0,0,0,0,0,0,0,0,0,0
2025,R,mcket001,empty,15,11,4,8,1,0,1,0,1,4,0,2,0,0,0,0,0
2025,R,mcket001,menon,15,11,3,4,1,0,0,0,6,3,0,2,0,0,0,1,0
2025,R,mcket001,scoring,5,3,3,4,1,0,0,0,6,1,0,0,0,0,0,1,0
2025,R,mckiz001,menon,1,1,0,0,0,0,0,0,0,0,0,0,0,0,0,0,0
2025,R,mclen001,empty,120,106,21,33,3,0,3,0,3,12,0,36,0,2,0,0,0
2025,R,mclen001,loaded,1,1,0,0,0,0,0,0,0,0,0,0,1,0,0,0,0
2025,R,mclen001,menon,68,64,13,17,1,0,1,0,8,4,0,21,4,0,0,0,0
2025,R,mclen001,scoring,31,30,7,10,0,0,1,0,8,1,0,10,2,0,0,0,0
2025,D,mearn001,empty,3,3,1,2,1,0,0,0,0,0,0,2,0,0,0,0,0
2025,R,mearn001,empty,111,104,22,41,2,1,5,0,5,6,0,27,0,1,0,0,0
2025,R,mearn001,loaded,14,11,2,3,1,0,0,0,8,0,0,3,1,0,0,3,0
2025,D,mearn001,menon,4,3,0,0,0,0,0,0,0,1,0,1,0,0,0,0,0
2025,R,mearn001,menon,110,93,20,32,4,1,2,0,27,7,1,19,3,0,1,9,0
2025,D,mearn001,scoring,4,3,0,0,0,0,0,0,0,1,0,1,0,0,0,0,0
2025,R,mearn001,scoring,76,61,14,23,3,0,2,0,26,5,1,16,2,0,1,9,0
2025,R,medev001,empty,39,31,8,13,1,2,0,0,0,8,0,6,0,0,0,0,0
2025,R,medev001,loaded,3,3,1,4,0,0,1,1,4,0,0,0,0,0,0,0,0
2025,R,medev001,menon,42,34,10,25,1,1,4,1,14,4,0,8,2,3,0,1,0
2025,R,medev001,scoring,26,22,6,15,1,1,2,1,10,2,0,4,1,1,0,1,0
2025,D,megit001,empty,6,5,0,0,0,0,0,0,0,1,0,1,0,0,0,0,0
2025,L,megit001,empty,6,6,2,6,1,0,1,0,1,0,0,2,0,0,0,0,0
2025,R,megit001,empty,98,93,21,37,7,0,3,0,3,5,0,28,0,0,0,0,0
2025,R,megit001,loaded,3,2,1,1,0,0,0,0,3,0,0,0,0,0,0,1,0
2025,D,megit001,menon,2,2,1,1,0,0,0,0,0,0,0,1,0,0,0,0,0
2025,L,megit001,menon,2,2,0,0,0,0,0,0,0,0,0,1,0,0,0,0,0
2025,R,megit001,menon,94,79,15,19,4,0,0,0,17,12,3,32,2,0,0,3,0
2025,L,megit001,scoring,2,2,0,0,0,0,0,0,0,0,0,1,0,0,0,0,0
2025,R,megit001,scoring,75,63,13,16,3,0,0,0,17,9,3,27,0,0,0,3,0
2025,R,megit002,empty,178,160,30,48,7,1,3,0,3,13,0,54,0,5,0,0,0
2025,R,megit002,loaded,11,8,2,2,0,0,0,0,5,1,0,3,0,0,0,2,0
2025,R,megit002,menon,127,101,30,42,3,0,3,0,29,20,0,35,2,2,1,3,0
2025,R,megit002,scoring,72,53,19,23,1,0,1,0,24,13,0,16,1,2,1,3,0
2025,R,mejij003,empty,132,113,25,38,4,0,3,0,3,14,0,33,0,5,0,0,0
2025,R,mejij003,loaded,5,3,1,1,0,0,0,0,3,0,0,1,0,0,0,2,0
2025,R,mejij003,menon,129,113,27,49,9,2,3,0,31,11,1,35,5,1,1,3,0
2025,R,mejij003,scoring,74,64,17,34,4,2,3,0,29,6,1,18,2,1,0,3,0
2025,D,meltt001,empty,21,20,4,8,1,0,1,0,1,1,0,7,0,0,0,0,0
2025,F,meltt001,empty,3,3,2,6,1,0,1,0,1,0,0,0,0,0,0,0,0
2025,R,meltt001,empty,109,101,24,42,3,0,5,0,5,8,0,12,0,0,0,0,0
2025,R,meltt001,loaded,3,3,1,4,0,0,1,1,4,0,0,1,0,0,0,0,0
2025,D,meltt001,menon,10,8,1,1,0,0,0,0,0,2,1,1,1,0,0,0,0
2025,F,meltt001,menon,2,1,1,2,1,0,0,0,1,1,1,0,0,0,0,0,0
2025,R,meltt001,menon,71,61,7,14,1,0,2,1,10,7,0,24,3,1,1,1,0
2025,D,meltt001,scoring,6,5,0,0,0,0,0,0,0,1,1,1,0,0,0,0,0
2025,F,meltt001,scoring,2,1,1,2,1,0,0,0,1,1,1,0,0,0,0,0,0
2025,R,meltt001,scoring,33,26,3,7,1,0,1,1,8,4,0,10,0,1,1,1,0
2025,R,menac001,empty,18,17,3,6,0,0,1,0,1,1,0,5,0,0,0,0,0
2025,R,menac001,loaded,1,1,0,0,0,0,0,0,0,0,0,1,0,0,0,0,0
2025,R,menac001,menon,8,6,0,0,0,0,0,0,0,2,0,3,0,0,0,0,0
2025,R,menac001,scoring,5,4,0,0,0,0,0,0,0,1,0,1,0,0,0,0,0
2025,R,mercm002,empty,7,5,2,5,0,0,1,0,1,2,0,1,0,0,0,0,0
2025,R,mercm002,loaded,4,3,2,2,0,0,0,0,4,0,0,0,0,0,0,1,0
2025,R,mercm002,menon,13,10,5,5,0,0,0,0,4,2,0,3,0,0,0,1,0
2025,R,mercm002,scoring,10,7,3,3,0,0,0,0,4,2,0,3,0,0,0,1,0
2025,R,merrj001,empty,41,38,12,18,3,0,1,0,1,3,0,7,0,0,0,0,0
2025,R,merrj001,loaded,2,1,1,1,0,0,0,0,2,0,0,0,0,0,0,1,0
2025,R,merrj001,menon,47,38,11,18,2,1,1,0,13,8,2,8,2,0,0,1,0
2025,R,merrj001,scoring,37,28,7,10,1,1,0,0,10,8,2,5,0,0,0,1,0
2025,R,messp001,empty,98,94,28,44,4,0,4,0,4,4,0,30,0,0,0,0,0
2025,R,messp001,loaded,3,3,0,0,0,0,0,0,0,0,0,1,0,0,0,0,0
2025,R,messp001,menon,67,65,18,21,3,0,0,0,5,2,0,8,4,0,0,0,0
2025,R,messp001,scoring,34,33,8,9,1,0,0,0,5,1,0,3,2,0,0,0,0
2025,R,mey-l001,empty,43,36,6,10,1,0,1,0,1,6,0,10,0,1,0,0,0
2025,R,mey-l001,loaded,5,3,0,0,0,0,0,0,2,2,0,1,0,0,0,0,0
2025,R,mey-l001,menon,53,41,11,18,1,0,2,0,11,11,0,11,1,0,0,1,0
2025,R,mey-l001,scoring,33,26,5,8,0,0,1,0,9,6,0,11,0,0,0,1,0
2025,R,meyem001,empty,168,156,43,78,5,0,10,0,10,10,0,47,0,2,0,0,0
2025,R,meyem001,loaded,2,2,1,1,0,0,0,0,2,0,0,1,0,0,0,0,0
2025,R,meyem001,menon,117,105,29,42,7,0,2,0,26,10,0,21,2,0,0,2,0
2025,R,meyem001,scoring,69,61,16,19,3,0,0,0,20,6,0,15,0,0,0,2,0
2025,R,mikom001,empty,399,372,103,193,26,2,20,0,20,24,0,66,0,3,0,0,0
2025,R,mikom001,loaded,2,2,1,2,1,0,0,0,2,0,0,0,1,0,0,0,0
2025,R,mikom001,menon,270,250,66,113,16,2,9,0,60,13,1,34,9,0,2,5,0
2025,R,mikom001,scoring,165,153,35,58,9,1,4,0,48,6,1,23,5,0,1,5,0
2025,R,milew001,empty,26,22,8,16,2,0,2,0,2,4,0,3,0,0,0,0,0
2025,R,milew001,loaded,4,4,1,1,0,0,0,0,1,0,0,0,0,0,0,0,0
2025,R,milew001,menon,29,25,7,10,0,0,1,0,7,2,0,4,2,1,0,0,1
2025,R,milew001,scoring,18,15,5,8,0,0,1,0,7,1,0,2,0,1,0,0,1
2025,D,millb004,empty,12,12,3,3,0,0,0,0,0,0,0,2,0,0,0,0,0
2025,L,millb004,empty,26,24,6,12,3,0,1,0,1,2,0,5,0,0,0,0,0
2025,R,millb004,empty,232,211,52,94,16,1,8,0,8,18,0,50,0,2,0,0,1
2025,L,millb004,loaded,2,2,0,0,0,0,0,0,0,0,0,1,1,0,0,0,0
2025,R,millb004,loaded,3,3,0,0,0,0,0,0,0,0,0,1,0,0,0,0,0
2025,D,millb004,menon,4,4,1,2,1,0,0,0,1,0,0,0,1,0,0,0,0
2025,L,millb004,menon,13,10,0,0,0,0,0,0,0,3,1,2,1,0,0,0,0
2025,R,millb004,menon,160,137,41,74,6,0,9,0,43,16,0,24,5,1,1,5,0
2025,L,millb004,scoring,10,8,0,0,0,0,0,0,0,2,1,2,1,0,0,0,0
2025,R,millb004,scoring,108,90,25,42,5,0,4,0,33,11,0,16,1,1,1,5,0
2025,R,millb005,empty,12,12,6,9,0,0,1,0,1,0,0,2,0,0,0,0,0
2025,R,millb005,loaded,3,3,1,4,0,0,1,1,4,0,0,0,0,0,0,0,0
2025,R,millb005,menon,16,13,5,10,2,0,1,1,6,2,1,5,0,1,0,0,0
2025,R,millb005,scoring,9,7,3,7,1,0,1,1,5,2,1,1,0,0,0,0,0
2025,R,mille002,empty,44,38,12,15,3,0,0,0,0,5,0,4,0,1,0,0,0
2025,R,mille002,loaded,9,8,3,4,1,0,0,0,6,0,0,2,1,0,0,1,0
2025,R,mille002,menon,84,63,12,14,2,0,0,0,8,15,4,18,6,2,2,2,0
2025,R,mille002,scoring,59,41,7,8,1,0,0,0,8,12,4,13,3,2,2,2,0
2025,F,millm004,empty,9,8,0,0,0,0,0,0,0,0,0,8,0,1,0,0,0
2025,R,millm004,empty,138,122,16,22,1,1,1,0,1,15,0,68,0,1,0,0,0
2025,R,millm004,loaded,9,6,1,4,0,0,1,1,7,3,0,4,0,0,0,0,0
2025,R,millm004,menon,96,80,12,28,2,1,4,1,21,13,2,36,7,0,2,1,0
2025,R,millm004,scoring,58,46,6,15,1,1,2,1,17,10,2,23,4,0,1,1,0
2025,R,mills001,empty,104,98,19,31,0,0,4,0,4,5,0,31,0,1,0,0,0
2025,R,mills001,loaded,10,7,0,0,0,0,0,0,3,1,0,2,0,1,0,1,0
2025,R,mills001,menon,82,66,14,22,5,0,1,0,15,10,4,23,3,3,0,3,0
2025,R,mills001,scoring,54,41,7,11,1,0,1,0,14,8,4,18,0,2,0,3,0
2025,R,milnh001,empty,150,139,32,46,6,1,2,0,2,10,0,30,0,1,0,0,0
2025,R,milnh001,loaded,11,8,0,0,0,0,0,0,3,1,0,6,0,0,0,2,0
2025,R,milnh001,menon,143,127,36,55,8,1,3,0,34,11,3,28,9,1,1,3,0
2025,R,milnh001,scoring,88,77,24,36,7,1,1,0,29,6,3,20,0,1,1,3,0
2025,R,minta001,empty,24,21,4,5,1,0,0,0,0,3,0,7,0,0,0,0,0
2025,R,minta001,loaded,1,1,0,0,0,0,0,0,0,0,0,0,0,0,0,0,0
2025,R,minta001,menon,20,18,2,2,0,0,0,0,2,2,0,7,0,0,0,0,0
2025,R,minta001,scoring,8,6,1,1,0,0,0,0,1,2,0,2,0,0,0,0,0
2025,R,misia001,empty,15,11,2,5,0,0,1,0,1,4,0,4,0,0,0,0,0
2025,R,misia001,menon,8,8,3,6,0,0,1,0,3,0,0,1,0,0,0,0,0
2025,R,misia001,scoring,4,4,1,1,0,0,0,0,1,0,0,1,0,0,0,0,0
2025,D,misij001,empty,18,16,4,7,0,0,1,0,1,2,0,4,0,0,0,0,0
2025,L,misij001,empty,14,14,2,2,0,0,0,0,0,0,0,7,0,0,0,0,0
2025,R,misij001,empty,163,144,28,49,6,0,5,0,5,16,0,54,0,3,0,0,0
2025,R,misij001,loaded,7,5,4,8,1,0,1,1,12,2,0,1,0,0,0,0,0
2025,D,misij001,menon,9,9,0,0,0,0,0,0,0,0,0,3,0,0,0,0,0
2025,L,misij001,menon,5,4,1,1,0,0,0,0,1,1,0,2,0,0,0,0,0
2025,R,misij001,menon,110,95,23,37,3,1,3,1,25,15,0,33,7,0,0,0,0
2025,L,misij001,scoring,3,3,1,1,0,0,0,0,1,0,0,2,0,0,0,0,0
2025,R,misij001,scoring,58,54,15,24,1,1,2,1,22,4,0,19,3,0,0,0,0
2025,D,mizec001,empty,7,6,1,2,1,0,0,0,0,1,0,2,0,0,0,0,0
2025,F,mizec001,empty,11,9,1,4,0,0,1,0,1,2,0,1,0,0,0,0,0
2025,R,mizec001,empty,372,348,93,159,17,2,15,0,15,21,0,82,0,3,0,0,0
2025,R,mizec001,loaded,8,7,2,3,1,0,0,0,5,0,0,1,0,0,0,1,0
2025,D,mizec001,menon,6,5,1,1,0,0,0,0,1,1,0,4,0,0,0,0,0
2025,F,mizec001,menon,1,1,0,0,0,0,0,0,0,0,0,0,0,0,0,0,0
2025,R,mizec001,menon,255,233,60,95,13,2,6,0,49,15,1,57,7,0,1,6,0
2025,D,mizec001,scoring,3,3,1,1,0,0,0,0,1,0,0,2,0,0,0,0,0
2025,R,mizec001,scoring,138,122,29,44,4,1,3,0,42,9,1,33,1,0,1,6,0
2025,R,mlodc001,empty,237,220,63,94,11,1,6,0,6,14,0,50,0,3,0,0,0
2025,R,mlodc001,loaded,3,3,0,0,0,0,0,0,1,0,0,0,1,0,0,0,0
2025,R,mlodc001,menon,182,165,39,56,9,1,2,0,29,13,0,39,9,1,3,0,0
2025,R,mlodc001,scoring,88,79,16,20,4,0,0,0,23,6,0,21,3,1,2,0,0
2025,R,molia001,empty,91,85,32,56,6,0,6,0,6,3,0,14,0,2,0,0,1
2025,R,molia001,loaded,3,3,1,4,0,0,1,1,4,0,0,0,0,0,0,0,0
2025,R,molia001,menon,69,63,20,40,2,0,6,1,22,3,0,10,4,0,1,1,1
2025,R,molia001,scoring,31,28,11,24,1,0,4,1,18,0,0,3,1,0,1,1,1
2025,R,molls001,empty,45,38,9,21,3,0,3,0,3,7,0,13,0,0,0,0,0
2025,R,molls001,loaded,2,2,2,3,1,0,0,0,3,0,0,0,0,0,0,0,0
2025,R,molls001,menon,36,32,7,12,2,0,1,0,10,3,0,9,1,0,1,0,0
2025,R,molls001,scoring,25,21,4,8,1,0,1,0,9,3,0,6,1,0,1,0,0
2025,R,montc003,empty,8,7,0,0,0,0,0,0,0,1,0,2,0,0,0,0,0
2025,R,montc003,menon,1,1,0,0,0,0,0,0,0,0,0,0,0,0,0,0,0
2025,R,montf001,empty,101,95,25,47,7,0,5,0,5,5,0,19,0,1,0,0,0
2025,R,montf001,loaded,4,4,0,0,0,0,0,0,0,0,0,1,0,0,0,0,0
2025,R,montf001,menon,77,66,23,39,7,0,3,0,20,9,0,13,3,0,1,1,0
2025,R,montf001,scoring,52,43,13,23,4,0,2,0,18,7,0,9,1,0,1,1,0
2025,D,montk001,empty,13,10,1,1,0,0,0,0,0,2,0,2,0,1,0,0,0
2025,R,montk001,empty,235,213,56,98,7,1,11,0,11,20,0,40,0,2,0,0,0
2025,R,montk001,loaded,7,7,0,0,0,0,0,0,2,0,0,3,1,0,0,0,0
2025,D,montk001,menon,7,5,0,0,0,0,0,0,1,0,0,0,1,1,0,1,0
2025,R,montk001,menon,154,142,39,60,6,0,5,0,30,11,0,32,7,0,1,0,0
2025,D,montk001,scoring,4,2,0,0,0,0,0,0,1,0,0,0,1,1,0,1,0
2025,R,montk001,scoring,74,69,16,23,4,0,1,0,21,4,0,13,4,0,1,0,0
2025,R,montm003,empty,86,71,19,27,2,0,2,0,2,14,0,28,0,1,0,0,0
2025,R,montm003,loaded,4,4,0,0,0,0,0,0,0,0,0,1,1,0,0,0,0
2025,R,montm003,menon,123,106,30,50,8,0,4,0,33,13,0,35,4,0,2,2,0
2025,R,montm003,scoring,74,63,21,34,7,0,2,0,28,8,0,20,3,0,1,2,0
2025,R,montp001,empty,7,7,3,4,1,0,0,0,0,0,0,2,0,0,0,0,0
2025,R,montp001,menon,13,12,6,7,1,0,0,0,4,1,0,2,1,0,0,0,0
2025,R,montp001,scoring,10,9,4,5,1,0,0,0,4,1,0,2,0,0,0,0,0
2025,D,montr004,empty,1,0,0,0,0,0,0,0,0,1,0,0,0,0,0,0,0
2025,R,montr004,empty,138,118,19,30,5,0,2,0,2,20,0,34,0,0,0,0,0
2025,R,montr004,loaded,11,9,2,2,0,0,0,0,6,1,0,3,0,0,0,1,0
2025,D,montr004,menon,2,2,2,2,0,0,0,0,1,0,0,0,0,0,0,0,0
2025,R,montr004,menon,115,97,23,38,6,0,3,0,24,17,2,24,6,0,0,1,0
2025,D,montr004,scoring,1,1,1,1,0,0,0,0,1,0,0,0,0,0,0,0,0
2025,R,montr004,scoring,67,53,12,21,3,0,2,0,21,13,2,14,2,0,0,1,0
2025,R,moraj003,empty,7,5,2,2,0,0,0,0,0,2,0,2,0,0,0,0,0
2025,R,moraj003,menon,13,12,3,5,0,1,0,0,2,1,0,3,0,0,0,0,0
2025,R,moraj003,scoring,5,5,2,2,0,0,0,0,1,0,0,0,0,0,0,0,0
2025,R,moral001,empty,126,117,25,53,3,2,7,0,7,8,0,27,0,1,0,0,0
2025,R,moral001,loaded,3,3,0,0,0,0,0,0,0,0,0,1,0,0,0,0,0
2025,R,moral001,menon,73,62,13,18,2,0,1,0,10,10,0,16,1,0,0,1,0
2025,R,moral001,scoring,37,31,7,8,1,0,0,0,8,5,0,7,1,0,0,1,0
2025,F,morea001,empty,7,7,1,1,0,0,0,0,0,0,0,1,0,0,0,0,0
2025,R,morea001,empty,151,144,30,40,2,1,2,0,2,7,0,42,0,0,0,0,0
2025,R,morea001,loaded,8,8,2,2,0,0,0,0,3,0,0,4,0,0,0,0,0
2025,F,morea001,menon,7,6,1,1,0,0,0,0,0,0,0,1,1,0,1,0,0
2025,R,morea001,menon,135,119,19,22,3,0,0,0,18,10,3,28,6,0,5,1,0
2025,F,morea001,scoring,5,4,0,0,0,0,0,0,0,0,0,0,1,0,1,0,0
2025,R,morea001,scoring,87,76,15,16,1,0,0,0,17,7,3,15,3,0,3,1,0
2025,R,mored002,empty,37,32,6,10,1,0,1,0,1,5,0,11,0,0,0,0,0
2025,R,mored002,loaded,1,1,1,1,0,0,0,0,1,0,0,0,0,0,0,0,0
2025,R,mored002,menon,31,28,10,14,1,0,1,0,8,2,1,8,2,0,0,1,0
2025,R,mored002,scoring,18,16,6,7,1,0,0,0,6,1,1,5,0,0,0,1,0
2025,F,morgd001,empty,3,3,1,1,0,0,0,0,0,0,0,2,0,0,0,0,0
2025,R,morgd001,empty,100,87,20,31,2,0,3,0,3,11,0,25,0,2,0,0,0
2025,R,morgd001,loaded,6,4,2,3,1,0,0,0,6,2,0,0,0,0,0,0,0
2025,F,morgd001,menon,0,0,0,0,0,0,0,0,0,0,0,0,0,0,0,0,0
2025,R,morgd001,menon,93,81,15,24,4,1,1,0,15,12,1,25,7,0,0,0,0
2025,R,morgd001,scoring,54,47,9,14,2,0,1,0,12,7,1,15,1,0,0,0,0
2025,R,morge001,empty,16,15,5,10,2,0,1,0,1,1,0,2,0,0,0,0,0
2025,R,morge001,menon,19,17,7,16,3,0,2,0,10,2,1,2,1,0,0,0,0
2025,R,morge001,scoring,16,14,5,10,2,0,1,0,7,2,1,2,1,0,0,0,0
2025,R,morij002,empty,52,45,14,17,3,0,0,0,0,6,0,13,0,1,0,0,0
2025,R,morij002,loaded,7,7,4,4,0,0,0,0,6,0,0,2,0,0,0,0,0
2025,R,morij002,menon,100,83,24,38,4,2,2,0,26,14,0,23,7,0,2,1,0
2025,R,morij002,scoring,64,51,16,24,3,1,1,0,22,11,0,13,5,0,1,1,0
2025,R,mortc002,empty,336,287,84,131,17,3,8,0,8,41,0,74,0,8,0,0,0
2025,R,mortc002,loaded,20,13,5,8,0,0,1,1,17,3,0,6,1,0,0,4,0
2025,R,mortc002,menon,318,270,68,127,14,0,15,1,76,31,2,75,10,6,3,6,2
2025,R,mortc002,scoring,206,177,32,61,8,0,7,1,58,19,2,59,3,1,2,6,1
2025,D,munoa002,empty,13,12,0,0,0,0,0,0,0,1,0,5,0,0,0,0,0
2025,L,munoa002,empty,7,7,1,1,0,0,0,0,0,0,0,0,0,0,0,0,0
2025,R,munoa002,empty,121,106,20,27,4,0,1,0,1,13,0,37,0,2,0,0,0
2025,R,munoa002,loaded,11,11,2,2,0,0,0,0,3,0,0,6,0,0,0,0,0
2025,D,munoa002,menon,4,3,0,0,0,0,0,0,0,1,0,0,0,0,0,0,0
2025,L,munoa002,menon,3,3,1,1,0,0,0,0,0,0,0,0,0,0,0,0,0
2025,R,munoa002,menon,133,110,16,21,2,0,1,0,16,15,3,46,3,2,2,3,1
2025,D,munoa002,scoring,1,1,0,0,0,0,0,0,0,0,0,0,0,0,0,0,0
2025,L,munoa002,scoring,2,2,0,0,0,0,0,0,0,0,0,0,0,0,0,0,0
2025,R,munoa002,scoring,82,65,10,12,2,0,0,0,14,9,3,25,0,2,2,3,1
2025,R,munor001,empty,25,19,3,10,1,0,2,0,2,6,0,6,0,0,0,0,0
2025,R,munor001,menon,26,21,6,13,1,0,2,0,9,3,0,8,0,0,1,1,0
2025,R,munor001,scoring,18,13,5,11,0,0,2,0,9,3,0,7,0,0,1,1,0
2025,R,munor002,empty,6,3,1,1,0,0,0,0,0,2,0,0,0,1,0,0,0
2025,R,munor002,loaded,0,0,0,0,0,0,0,0,0,0,0,0,0,0,0,0,0
2025,R,munor002,menon,15,11,3,6,0,0,1,0,4,3,0,5,1,1,0,0,0
2025,R,munor002,scoring,8,7,3,6,0,0,1,0,4,1,0,3,0,0,0,0,0
2025,R,murdn001,empty,33,28,9,10,1,0,0,0,0,4,0,7,0,1,0,0,0
2025,R,murdn001,loaded,9,8,5,9,4,0,0,0,13,1,0,1,0,0,0,0,0
2025,R,murdn001,menon,65,47,17,24,7,0,0,0,22,16,3,14,1,1,0,1,0
2025,R,murdn001,scoring,45,29,12,18,6,0,0,0,21,14,3,8,0,1,0,1,0
2025,R,murfp001,empty,29,26,7,11,4,0,0,0,0,3,0,6,0,0,0,0,0
2025,R,murfp001,loaded,2,2,2,2,0,0,0,0,3,0,0,0,0,0,0,0,0
2025,R,murfp001,menon,34,31,12,21,0,0,3,0,15,2,0,7,0,1,0,0,0
2025,R,murfp001,scoring,20,19,9,18,0,0,3,0,15,0,0,6,0,1,0,0,0
2025,R,murpc001,empty,89,73,11,22,2,0,3,0,3,12,0,15,0,4,0,0,0
2025,R,murpc001,loaded,6,4,1,4,0,0,1,1,7,1,0,1,0,0,0,1,0
2025,R,murpc001,menon,59,49,10,13,0,0,1,1,10,8,1,15,3,1,0,1,0
2025,R,murpc001,scoring,38,32,5,8,0,0,1,1,10,5,1,13,1,0,0,1,0
2025,R,murrj001,empty,26,24,3,3,0,0,0,0,0,2,0,4,0,0,0,0,0
2025,R,murrj001,loaded,4,4,1,1,0,0,0,0,1,0,0,3,0,0,0,0,0
2025,R,murrj001,menon,21,20,7,7,0,0,0,0,3,1,0,4,0,0,0,0,0
2025,R,murrj001,scoring,11,10,4,4,0,0,0,0,3,1,0,3,0,0,0,0,0
2025,L,myert001,empty,1,1,1,1,0,0,0,0,0,0,0,0,0,0,0,0,0
2025,R,myert001,empty,121,113,33,57,7,1,5,0,5,8,0,20,0,0,0,0,0
2025,L,myert001,loaded,1,1,0,0,0,0,0,0,0,0,0,0,0,0,0,0,0
2025,R,myert001,loaded,4,3,0,0,0,0,0,0,1,0,0,2,1,1,0,0,0
2025,L,myert001,menon,5,3,1,1,0,0,0,0,1,2,0,0,0,0,0,0,0
2025,R,myert001,menon,99,88,21,23,2,0,0,0,13,7,0,18,3,2,0,2,0
2025,L,myert001,scoring,4,3,1,1,0,0,0,0,1,1,0,0,0,0,0,0,0
2025,R,myert001,scoring,55,49,13,15,2,0,0,0,13,3,0,10,2,1,0,2,0
2025,D,nanct001,empty,1,1,1,1,0,0,0,0,0,0,0,0,0,0,0,0,0
2025,R,nanct001,empty,65,58,12,12,0,0,0,0,0,7,0,12,0,0,0,0,0
2025,D,nanct001,loaded,3,2,1,1,0,0,0,0,2,0,0,0,0,0,0,1,0
2025,R,nanct001,loaded,2,2,0,0,0,0,0,0,0,0,0,1,0,0,0,0,0
2025,D,nanct001,menon,9,7,4,5,1,0,0,0,5,1,1,0,0,0,0,1,0
2025,R,nanct001,menon,61,59,13,15,2,0,0,0,9,0,0,20,5,1,0,1,0
2025,D,nanct001,scoring,7,5,4,5,1,0,0,0,5,1,1,0,0,0,0,1,0
2025,R,nanct001,scoring,32,31,7,8,1,0,0,0,9,0,0,9,2,0,0,1,0
2025,R,nelsk001,empty,6,5,1,4,0,0,1,0,1,1,0,1,0,0,0,0,0
2025,R,nelsk001,menon,5,2,0,0,0,0,0,0,0,3,0,1,0,0,0,0,0
2025,R,nelsk001,scoring,4,2,0,0,0,0,0,0,0,2,0,1,0,0,0,0,0
2025,R,nelsr003,empty,395,364,76,129,15,7,8,0,8,28,0,84,0,3,0,0,0
2025,R,nelsr003,loaded,6,6,2,6,1,0,1,1,7,0,0,3,0,0,0,0,0
2025,R,nelsr003,menon,224,208,48,89,10,2,9,1,48,13,0,48,12,1,0,2,0
2025,R,nelsr003,scoring,107,98,20,37,5,0,4,1,33,6,0,23,3,1,0,2,0
2025,R,nerih001,empty,66,58,15,34,4,0,5,0,5,7,0,16,0,1,0,0,0
2025,R,nerih001,loaded,3,2,0,0,0,0,0,0,1,0,0,2,0,0,0,1,0
2025,R,nerih001,menon,58,46,14,22,5,0,1,0,15,9,1,19,1,0,2,1,0
2025,R,nerih001,scoring,37,29,11,19,5,0,1,0,15,6,1,10,0,0,1,1,0
2025,R,newcs001,empty,190,170,49,61,6,0,2,0,2,16,0,38,0,3,0,0,1
2025,R,newcs001,loaded,5,4,0,0,0,0,0,0,1,0,0,1,1,0,0,1,0
2025,R,newcs001,menon,201,180,45,64,10,0,3,0,39,15,2,53,13,2,2,2,0
2025,R,newcs001,scoring,117,102,26,40,8,0,2,0,36,10,2,36,3,1,2,2,0
2025,R,newmk001,empty,12,12,3,8,2,0,1,0,1,0,0,0,0,0,0,0,0
2025,R,newmk001,menon,4,4,1,4,0,0,1,0,2,0,0,0,0,0,0,0,0
2025,R,newmk001,scoring,4,4,1,4,0,0,1,0,2,0,0,0,0,0,0,0,0
2025,R,nicok001,empty,73,67,21,24,3,0,0,0,0,5,0,14,0,1,0,0,0
2025,R,nicok001,loaded,3,3,2,3,1,0,0,0,3,0,0,0,0,0,0,0,0
2025,R,nicok001,menon,94,79,13,28,4,1,3,0,19,13,0,20,3,1,0,1,0
2025,R,nicok001,scoring,49,40,9,14,3,1,0,0,13,8,0,8,1,0,0,1,0
2025,R,nidot001,empty,4,3,0,0,0,0,0,0,0,0,0,0,0,1,0,0,0
2025,R,nidot001,menon,2,1,0,0,0,0,0,0,1,0,0,0,0,0,0,1,0
2025,R,nidot001,scoring,1,0,0,0,0,0,0,0,1,0,0,0,0,0,0,1,0
2025,R,nikhd001,empty,9,7,1,2,1,0,0,0,0,2,0,4,0,0,0,0,0
2025,R,nikhd001,loaded,2,1,0,0,0,0,0,0,1,1,0,0,0,0,0,0,0
2025,R,nikhd001,menon,14,10,4,7,1,1,0,0,5,4,0,1,0,0,0,0,0
2025,R,nikhd001,scoring,11,8,3,4,1,0,0,0,4,3,0,1,0,0,0,0,0
2025,D,nolaa001,empty,5,5,1,3,0,1,0,0,0,0,0,1,0,0,0,0,0
2025,R,nolaa001,empty,240,221,54,101,11,3,10,0,10,17,0,55,0,2,0,0,0
2025,R,nolaa001,loaded,10,7,4,4,0,0,0,0,11,3,0,1,0,0,0,0,0
2025,D,nolaa001,menon,3,2,0,0,0,0,0,0,0,0,0,2,0,1,0,0,0
2025,R,nolaa001,menon,164,150,45,77,8,0,8,0,46,11,0,42,5,2,1,0,0
2025,D,nolaa001,scoring,3,2,0,0,0,0,0,0,0,0,0,2,0,1,0,0,0
2025,R,nolaa001,scoring,98,88,26,47,6,0,5,0,38,8,0,32,2,2,0,0,0
2025,R,nolaa002,empty,4,4,3,7,1,0,1,0,1,0,0,0,0,0,0,0,0
2025,R,nolaa002,menon,7,5,5,11,3,0,1,0,7,0,0,0,0,0,0,2,0
2025,R,nolaa002,scoring,6,4,4,10,3,0,1,0,7,0,0,0,0,0,0,2,0
2025,R,nuned003,empty,27,24,2,4,2,0,0,0,0,3,0,9,0,0,0,0,0
2025,R,nuned003,menon,14,11,4,8,1,0,1,0,4,3,0,2,0,0,0,0,0
2025,R,nuned003,scoring,11,9,2,6,1,0,1,0,4,2,0,2,0,0,0,0,0
2025,R,nunee003,empty,24,18,6,13,1,0,2,0,2,5,0,2,0,1,0,0,0
2025,R,nunee003,loaded,6,4,1,1,0,0,0,0,4,1,0,3,0,0,0,1,0
2025,R,nunee003,menon,36,27,7,11,2,1,0,0,12,6,0,9,2,2,0,1,0
2025,R,nunee003,scoring,26,20,6,10,2,1,0,0,12,4,0,6,0,1,0,1,0
2025,R,oberb002,empty,386,359,91,159,20,0,16,0,16,22,0,77,0,5,0,0,0
2025,R,oberb002,loaded,1,0,0,0,0,0,0,0,1,0,0,0,0,0,0,1,0
2025,R,oberb002,menon,238,220,68,127,17,0,14,0,67,9,0,43,9,0,2,7,0
2025,R,oberb002,scoring,110,96,30,58,4,0,8,0,52,5,0,21,3,0,2,7,0
2025,R,obrir001,empty,110,94,19,26,1,0,2,0,2,12,0,25,0,4,0,0,0
2025,R,obrir001,loaded,8,7,0,0,0,0,0,0,1,1,0,4,1,0,0,0,0
2025,R,obrir001,menon,89,74,14,20,4,1,0,0,11,10,2,20,6,3,1,1,0
2025,R,obrir001,scoring,50,40,8,13,3,1,0,0,11,7,2,13,3,1,1,1,0
2025,R,ogass001,empty,93,83,21,44,2,0,7,0,7,8,0,18,0,2,0,0,0
2025,R,ogass001,loaded,11,8,3,4,1,0,0,0,7,1,0,3,0,0,0,2,0
2025,R,ogass001,menon,80,66,22,34,6,0,2,0,25,9,0,12,4,1,0,4,0
2025,R,ogass001,scoring,51,42,15,26,5,0,2,0,24,5,0,9,0,0,0,4,0
2025,R,ohl-p001,empty,74,72,19,31,4,1,2,0,2,2,0,15,0,0,0,0,0
2025,R,ohl-p001,loaded,8,8,1,1,0,0,0,0,2,0,0,3,0,0,0,0,0
2025,R,ohl-p001,menon,59,54,19,32,4,0,3,0,19,5,0,12,2,0,0,0,0
2025,R,ohl-p001,scoring,37,33,13,22,3,0,2,0,17,4,0,7,0,0,0,0,0
2025,D,ohtas001,empty,16,14,0,0,0,0,0,0,0,1,0,8,0,1,0,0,0
2025,L,ohtas001,empty,13,10,1,2,1,0,0,0,0,3,0,4,0,0,0,0,0
2025,R,ohtas001,empty,121,117,26,38,3,0,3,0,3,4,0,39,0,0,0,0,0
2025,W,ohtas001,empty,23,21,5,5,0,0,0,0,0,2,0,6,0,0,0,0,0
2025,W,ohtas001,loaded,1,1,0,0,0,0,0,0,0,0,0,1,0,0,0,0,0
2025,D,ohtas001,menon,7,6,3,5,0,1,0,0,3,0,0,1,0,0,0,1,0
2025,L,ohtas001,menon,9,9,1,1,0,0,0,0,0,0,0,6,0,0,0,0,0
2025,R,ohtas001,menon,67,59,14,17,3,0,0,0,10,5,0,23,3,0,0,3,0
2025,W,ohtas001,menon,15,13,6,13,1,0,2,0,5,1,1,3,0,0,1,0,0
2025,D,ohtas001,scoring,5,4,1,3,0,1,0,0,3,0,0,1,0,0,0,1,0
2025,L,ohtas001,scoring,3,3,0,0,0,0,0,0,0,0,0,2,0,0,0,0,0
2025,R,ohtas001,scoring,34,28,7,9,2,0,0,0,10,3,0,11,1,0,0,3,0
2025,W,ohtas001,scoring,7,6,2,5,0,0,1,0,3,1,1,1,0,0,0,0,0
2025,R,okers001,empty,156,142,26,40,5,0,3,0,3,12,0,51,0,2,0,0,0
2025,R,okers001,loaded,7,7,2,5,0,0,1,1,7,0,0,3,0,0,0,0,0
2025,R,okers001,menon,120,106,19,31,3,0,3,1,25,7,1,33,4,0,3,4,0
2025,R,okers001,scoring,80,69,11,18,1,0,2,1,22,5,1,27,2,0,2,4,0
2025,R,olsor001,empty,166,150,37,53,7,0,3,0,3,14,0,41,0,2,0,0,0
2025,R,olsor001,loaded,5,5,0,0,0,0,0,0,0,0,0,2,1,0,0,0,0
2025,R,olsor001,menon,119,104,21,32,5,0,2,0,16,11,2,24,7,3,1,0,0
2025,R,olsor001,scoring,58,50,11,20,3,0,2,0,14,5,2,11,3,3,0,0,0
2025,R,ort-k001,empty,102,88,21,35,2,0,4,0,4,13,0,26,0,0,0,0,1
2025,R,ort-k001,loaded,4,3,0,0,0,0,0,0,2,1,0,1,0,0,0,0,0
2025,R,ort-k001,menon,92,76,14,30,4,0,4,0,19,14,1,23,6,0,0,1,1
2025,R,ort-k001,scoring,50,42,9,18,3,0,2,0,15,6,1,12,1,0,0,1,1
2025,R,ortil003,empty,224,196,44,73,5,0,8,0,8,28,0,55,0,0,0,0,0
2025,R,ortil003,loaded,6,6,4,8,1,0,1,1,9,0,0,1,0,0,0,0,0
2025,R,ortil003,menon,158,141,36,57,7,1,4,1,34,14,0,41,9,1,0,2,0
2025,R,ortil003,scoring,90,76,22,37,6,0,3,1,31,12,0,25,2,0,0,2,0
2025,R,orzee001,empty,91,83,21,33,4,1,2,0,2,8,0,21,0,0,0,0,0
2025,R,orzee001,loaded,10,9,3,3,0,0,0,0,7,0,0,4,1,1,0,0,0
2025,R,orzee001,menon,87,73,17,26,3,0,2,0,17,11,1,19,2,3,0,0,0
2025,R,orzee001,scoring,65,54,10,14,1,0,1,0,15,9,1,17,1,2,0,0,0
2025,R,otanm001,empty,15,12,2,4,0,1,0,0,0,3,0,5,0,0,0,0,0
2025,R,otanm001,menon,13,10,5,12,1,0,2,0,6,2,0,1,1,1,0,0,0
2025,R,otanm001,scoring,8,5,2,6,1,0,1,0,4,2,0,0,1,1,0,0,0
2025,R,ottaa001,empty,2,1,0,0,0,0,0,0,0,1,0,1,0,0,0,0,0
2025,R,ottaa001,menon,7,4,0,0,0,0,0,0,0,3,0,2,0,0,0,0,0
2025,R,ottaa001,scoring,6,4,0,0,0,0,0,0,0,2,0,2,0,0,0,0,0
2025,R,oviej001,empty,97,79,13,25,3,0,3,0,3,16,0,24,0,2,0,0,0
2025,R,oviej001,loaded,7,5,1,1,0,0,0,0,3,1,0,4,0,0,0,1,0
2025,R,oviej001,menon,73,64,13,23,1,0,3,0,12,7,0,18,3,1,0,1,0
2025,R,oviej001,scoring,45,40,6,9,0,0,1,0,8,3,0,15,1,1,0,1,0
2025,R,owent001,empty,7,7,2,2,0,0,0,0,0,0,0,1,0,0,0,0,0
2025,R,owent001,loaded,1,0,0,0,0,0,0,0,1,1,0,0,0,0,0,0,0
2025,R,owent001,menon,8,5,1,1,0,0,0,0,1,3,0,0,0,0,0,0,0
2025,R,owent001,scoring,6,4,0,0,0,0,0,0,1,2,0,0,0,0,0,0,0
2025,R,paddc001,empty,423,402,100,179,20,1,19,0,19,19,0,76,0,2,0,0,0
2025,R,paddc001,loaded,11,7,3,6,0,0,1,1,12,1,0,1,0,1,0,2,0
2025,R,paddc001,menon,247,217,66,120,12,3,12,1,72,18,0,36,10,1,2,9,0
2025,R,paddc001,scoring,133,110,35,68,5,2,8,1,61,11,0,21,2,1,2,9,0
2025,R,pagae001,empty,165,148,23,48,7,0,6,0,6,16,0,44,0,1,0,0,0
2025,R,pagae001,loaded,4,4,1,1,0,0,0,0,1,0,0,1,0,0,0,0,0
2025,R,pagae001,menon,105,96,18,34,4,0,4,0,18,6,0,37,0,1,0,2,0
2025,R,pagae001,scoring,63,58,8,14,0,0,2,0,10,3,0,22,0,0,0,2,0
2025,D,paled001,empty,9,7,1,1,0,0,0,0,0,1,0,0,0,1,0,0,0
2025,F,paled001,empty,6,5,1,1,0,0,0,0,0,1,0,2,0,0,0,0,0
2025,R,paled001,empty,125,118,29,48,5,1,4,0,4,6,0,39,0,1,0,0,0
2025,D,paled001,loaded,1,1,0,0,0,0,0,0,0,0,0,0,0,0,0,0,0
2025,R,paled001,loaded,2,2,1,1,0,0,0,0,1,0,0,0,0,0,0,0,0
2025,D,paled001,menon,9,9,2,5,0,0,1,0,3,0,0,1,0,0,0,0,0
2025,F,paled001,menon,5,5,1,2,1,0,0,0,0,0,0,0,1,0,0,0,0
2025,R,paled001,menon,90,78,15,23,1,2,1,0,14,10,1,22,6,1,0,1,0
2025,D,paled001,scoring,3,3,1,4,0,0,1,0,3,0,0,0,0,0,0,0,0
2025,F,paled001,scoring,1,1,0,0,0,0,0,0,0,0,0,0,0,0,0,0,0
2025,R,paled001,scoring,51,44,9,14,0,1,1,0,12,5,1,12,2,1,0,1,0
2025,R,palij001,empty,1,1,1,1,0,0,0,0,0,0,0,0,0,0,0,0,0
2025,R,palij001,menon,5,5,2,3,1,0,0,0,2,0,0,0,0,0,0,0,0
2025,R,palij001,scoring,4,4,1,2,1,0,0,0,2,0,0,0,0,0,0,0,0
2025,R,palla001,empty,405,374,92,152,18,3,12,0,12,28,0,57,0,3,0,0,0
2025,R,palla001,loaded,26,23,6,6,0,0,0,0,16,2,0,7,1,0,0,1,0
2025,R,palla001,menon,310,266,81,124,14,1,9,0,83,34,0,54,12,2,2,5,1
2025,R,palla001,scoring,221,187,52,82,9,0,7,0,75,25,0,44,5,1,2,5,1
2025,R,palmc001,empty,88,72,24,48,4,1,6,0,6,16,0,15,0,0,0,0,0
2025,R,palmc001,loaded,1,0,0,0,0,0,0,0,1,0,0,0,0,0,0,1,0
2025,R,palmc001,menon,87,68,21,38,5,0,4,0,27,9,0,12,0,3,1,6,0
2025,R,palmc001,scoring,55,44,11,23,3,0,3,0,24,4,0,8,0,1,0,6,0
2025,R,parkm001,empty,412,375,89,153,19,3,13,0,13,34,0,72,0,3,0,0,0
2025,R,parkm001,loaded,13,9,3,4,1,0,0,0,11,0,0,1,1,0,0,4,0
2025,R,parkm001,menon,313,278,89,151,24,1,12,0,91,24,0,31,13,1,1,9,0
2025,R,parkm001,scoring,174,153,50,82,15,1,5,0,70,11,0,16,6,0,1,9,0
2025,D,patrc001,empty,9,9,0,0,0,0,0,0,0,0,0,4,0,0,0,0,0
2025,L,patrc001,empty,13,13,3,9,0,0,2,0,2,0,0,3,0,0,0,0,0
2025,R,patrc001,empty,292,259,66,93,15,0,4,0,4,30,0,64,0,3,0,0,0
2025,R,patrc001,loaded,2,2,1,1,0,0,0,0,2,0,0,0,1,0,0,0,0
2025,D,patrc001,menon,5,5,0,0,0,0,0,0,0,0,0,2,0,0,0,0,0
2025,L,patrc001,menon,4,3,0,0,0,0,0,0,0,1,0,2,0,0,0,0,0
2025,R,patrc001,menon,211,196,47,83,9,0,9,0,40,10,1,63,6,1,2,2,0
2025,D,patrc001,scoring,5,5,0,0,0,0,0,0,0,0,0,2,0,0,0,0,0
2025,L,patrc001,scoring,3,3,0,0,0,0,0,0,0,0,0,2,0,0,0,0,0
2025,R,patrc001,scoring,109,99,17,28,2,0,3,0,25,5,1,30,3,1,2,2,0
2025,R,payaj001,empty,61,57,16,31,4,1,3,0,3,2,0,12,0,2,0,0,0
2025,R,payaj001,loaded,4,4,1,2,1,0,0,0,3,0,0,3,0,0,0,0,0
2025,R,payaj001,menon,56,46,15,29,5,3,1,0,19,7,1,12,3,0,0,3,0
2025,R,payaj001,scoring,42,34,9,16,4,0,1,0,15,5,1,10,0,0,0,3,0
2025,R,pearn001,empty,37,31,8,15,1,0,2,0,2,6,0,6,0,0,0,0,0
2025,R,pearn001,loaded,3,2,2,3,1,0,0,0,4,0,0,0,0,0,0,1,0
2025,R,pearn001,menon,38,30,14,17,3,0,0,0,12,4,1,1,1,1,0,3,0
2025,R,pearn001,scoring,22,16,7,8,1,0,0,0,12,3,1,1,0,0,0,3,0
2025,R,pegue001,empty,19,17,5,9,1,0,1,0,1,1,0,5,0,1,0,0,0
2025,R,pegue001,loaded,2,1,1,1,0,0,0,0,3,1,0,0,0,0,0,0,0
2025,R,pegue001,menon,28,23,7,8,1,0,0,0,7,5,0,3,0,0,0,0,0
2025,R,pegue001,scoring,16,13,5,6,1,0,0,0,7,3,0,1,0,0,0,0,0
2025,R,peguj003,empty,40,37,9,16,1,0,2,0,2,3,0,9,0,0,0,0,0
2025,R,peguj003,loaded,2,2,2,2,0,0,0,0,4,0,0,0,0,0,0,0,0
2025,R,peguj003,menon,46,39,6,8,2,0,0,0,8,5,1,8,2,0,1,1,0
2025,R,peguj003,scoring,36,29,5,6,1,0,0,0,8,5,1,7,0,0,1,1,0
2025,R,pepir001,empty,431,382,77,155,15,3,19,0,19,44,0,101,0,5,0,0,0
2025,R,pepir001,loaded,8,8,3,4,1,0,0,0,6,0,0,3,0,0,0,0,0
2025,R,pepir001,menon,248,225,57,90,12,0,7,0,52,17,0,66,13,1,2,3,0
2025,R,pepir001,scoring,138,125,30,49,7,0,4,0,46,9,0,41,2,1,0,3,0
2025,D,peraf001,empty,29,27,6,12,0,0,2,0,2,2,0,9,0,0,0,0,0
2025,L,peraf001,empty,16,14,4,11,1,0,2,0,2,1,0,1,0,1,0,0,0
2025,R,peraf001,empty,468,431,86,151,17,0,16,0,16,30,0,134,0,7,0,0,0
2025,R,peraf001,loaded,13,12,2,4,2,0,0,0,8,1,0,3,0,0,0,0,0
2025,D,peraf001,menon,12,9,1,4,0,0,1,0,3,3,0,6,0,0,0,0,0
2025,L,peraf001,menon,7,7,1,2,1,0,0,0,1,0,0,3,1,0,0,0,0
2025,R,peraf001,menon,255,212,38,59,6,0,5,0,29,36,0,70,8,2,3,1,1
2025,D,peraf001,scoring,4,4,1,4,0,0,1,0,3,0,0,2,0,0,0,0,0
2025,L,peraf001,scoring,2,2,0,0,0,0,0,0,0,0,0,1,0,0,0,0,0
2025,R,peraf001,scoring,134,111,15,29,5,0,3,0,25,20,0,36,3,1,1,1,0
2025,R,peral001,empty,44,35,11,28,2,0,5,0,5,7,0,9,0,2,0,0,0
2025,R,peral001,loaded,5,4,0,0,0,0,0,0,1,1,0,1,0,0,0,0,0
2025,R,peral001,menon,57,45,15,19,1,0,1,0,13,11,0,7,2,0,0,1,0
2025,R,peral001,scoring,38,29,8,11,0,0,1,0,13,8,0,6,0,0,0,1,0
2025,R,perao002,empty,6,6,2,2,0,0,0,0,0,0,0,0,0,0,0,0,0
2025,R,perao002,loaded,2,2,2,3,1,0,0,0,3,0,0,0,0,0,0,0,0
2025,R,perao002,menon,10,9,7,11,1,0,1,0,8,0,0,0,1,1,0,0,0
2025,R,perao002,scoring,7,6,4,8,1,0,1,0,8,0,0,0,1,1,0,0,0
2025,R,peras001,empty,22,20,2,3,1,0,0,0,0,2,0,4,0,0,0,0,0
2025,R,peras001,loaded,3,2,1,1,0,0,0,0,3,0,0,1,0,0,0,1,0
2025,R,peras001,menon,30,24,12,15,3,0,0,0,12,4,3,4,0,0,0,2,0
2025,R,peras001,scoring,24,19,10,12,2,0,0,0,11,3,3,3,0,0,0,2,0
2025,F,peraw002,empty,2,2,2,3,1,0,0,0,0,0,0,0,0,0,0,0,0
2025,R,peraw002,empty,147,134,29,44,7,1,2,0,2,13,0,30,0,0,0,0,0
2025,R,peraw002,loaded,20,18,6,10,1,0,1,1,14,1,0,5,0,0,0,1,0
2025,F,peraw002,menon,3,3,0,0,0,0,0,0,0,0,0,1,1,0,0,0,0
2025,R,peraw002,menon,166,143,37,54,6,1,3,1,38,17,3,33,4,2,2,2,0
2025,F,peraw002,scoring,2,2,0,0,0,0,0,0,0,0,0,1,0,0,0,0,0
2025,R,peraw002,scoring,103,84,26,38,4,1,2,1,36,15,3,21,0,1,1,2,0
2025,R,perda001,empty,8,6,1,1,0,0,0,0,0,1,0,1,0,1,0,0,0
2025,R,perda001,menon,8,6,1,1,0,0,0,0,1,2,0,1,0,0,0,0,0
2025,R,perda001,scoring,6,5,1,1,0,0,0,0,1,1,0,1,0,0,0,0,0
2025,R,perec004,empty,40,32,6,13,1,0,2,0,2,7,0,9,0,1,0,0,0
2025,R,perec004,loaded,3,3,1,1,0,0,0,0,3,0,0,1,1,0,0,0,0
2025,R,perec004,menon,70,55,22,30,5,0,1,0,21,11,1,12,5,1,2,1,0
2025,R,perec004,scoring,42,34,12,18,3,0,1,0,20,4,1,7,4,1,2,1,0
2025,R,peree004,empty,251,225,36,66,9,0,7,0,7,23,0,74,0,3,0,0,0
2025,R,peree004,loaded,2,2,2,4,0,1,0,0,4,0,0,0,0,0,0,0,0
2025,R,peree004,menon,134,124,32,59,8,2,5,0,33,9,0,31,2,0,0,1,0
2025,R,peree004,scoring,79,73,18,37,2,1,5,0,28,5,0,22,0,0,0,1,0
2025,R,perej004,empty,4,4,4,8,1,0,1,0,1,0,0,0,0,0,0,0,0
2025,R,perej004,loaded,2,1,1,2,1,0,0,0,4,0,0,0,0,0,0,1,0
2025,R,perej004,menon,16,13,5,8,3,0,0,0,6,2,0,3,0,0,0,1,0
2025,R,perej004,scoring,14,11,3,5,2,0,0,0,6,2,0,3,0,0,0,1,0
2025,R,perem004,empty,148,136,28,43,6,0,3,0,3,11,0,27,0,1,0,0,0
2025,R,perem004,loaded,2,1,0,0,0,0,0,0,1,0,0,0,0,0,0,1,0
2025,R,perem004,menon,80,66,12,27,4,1,3,0,18,11,0,17,6,1,0,2,0
2025,R,perem004,scoring,39,29,8,16,2,0,2,0,14,8,0,3,3,0,0,2,0
2025,R,perkj001,empty,91,78,11,20,3,0,2,0,2,12,0,24,0,1,0,0,0
2025,R,perkj001,loaded,8,6,4,5,1,0,0,0,7,1,0,0,0,0,0,1,0
2025,R,perkj001,menon,70,62,16,25,3,0,2,0,16,6,0,13,3,1,0,1,0
2025,R,perkj001,scoring,40,33,9,14,2,0,1,0,13,6,0,9,0,0,0,1,0
2025,R,peted003,empty,403,364,87,124,17,1,6,0,6,35,0,95,0,4,0,0,0
2025,R,peted003,loaded,16,14,5,9,1,0,1,1,15,1,0,1,0,1,0,0,0
2025,R,peted003,menon,320,279,79,114,18,1,5,1,70,30,1,55,20,3,4,3,1
2025,R,peted003,scoring,174,147,41,61,14,0,2,1,62,19,1,31,4,2,2,3,1
2025,R,petem001,empty,40,36,7,7,0,0,0,0,0,4,0,9,0,0,0,0,0
2025,R,petem001,loaded,1,1,0,0,0,0,0,0,0,0,0,1,0,0,0,0,0
2025,R,petem001,menon,39,35,11,23,3,0,3,0,11,3,2,8,1,0,1,0,0
2025,R,petem001,scoring,22,19,7,17,1,0,3,0,11,3,2,2,0,0,0,0,0
2025,R,pettc002,empty,15,13,6,11,2,0,1,0,1,2,0,3,0,0,0,0,0
2025,R,pettc002,loaded,1,1,1,2,1,0,0,0,2,0,0,0,0,0,0,0,0
2025,R,pettc002,menon,25,18,8,15,1,0,2,0,10,6,0,4,1,1,0,0,0
2025,R,pettc002,scoring,17,14,6,13,1,0,2,0,10,2,0,3,1,1,0,0,0
2025,R,pfaab001,empty,439,407,108,184,24,2,16,0,16,23,0,81,0,8,0,0,1
2025,R,pfaab001,loaded,8,7,2,6,1,0,1,1,8,0,0,3,0,0,0,1,0
2025,R,pfaab001,menon,328,303,90,149,27,1,10,1,85,14,2,66,10,4,1,6,0
2025,R,pfaab001,scoring,192,177,49,87,21,1,5,1,72,6,2,38,4,3,0,6,0
2025,F,philc001,empty,5,4,2,5,0,0,1,0,1,1,0,1,0,0,0,0,0
2025,R,philc001,empty,56,52,8,16,2,0,2,0,2,4,0,20,0,0,0,0,0
2025,R,philc001,loaded,4,4,1,4,0,0,1,1,4,0,0,1,0,0,0,0,0
2025,F,philc001,menon,2,2,1,4,0,0,1,0,2,0,0,1,0,0,0,0,0
2025,R,philc001,menon,42,31,3,7,1,0,1,1,6,8,0,12,1,2,0,1,0
2025,R,philc001,scoring,29,21,2,5,0,0,1,1,6,6,0,5,1,1,0,1,0
2025,R,phile001,empty,11,10,3,3,0,0,0,0,0,1,0,4,0,0,0,0,0
2025,R,phile001,menon,11,10,1,1,0,0,0,0,0,1,0,2,0,0,0,0,0
2025,R,phile001,scoring,9,8,0,0,0,0,0,0,0,1,0,2,0,0,0,0,0
2025,R,philt002,empty,185,167,37,57,8,0,4,0,4,16,0,31,0,2,0,0,0
2025,R,philt002,loaded,4,3,1,1,0,0,0,0,3,1,0,1,0,0,0,0,0
2025,R,philt002,menon,128,120,28,44,2,1,4,0,21,8,0,21,11,0,0,0,0
2025,R,philt002,scoring,74,70,13,17,1,0,1,0,13,4,0,12,2,0,0,0,0
2025,R,pilkk001,empty,69,59,13,30,2,0,5,0,5,9,0,20,0,1,0,0,0
2025,R,pilkk001,loaded,7,5,0,0,0,0,0,0,2,1,0,3,0,0,0,1,0
2025,R,pilkk001,menon,54,43,9,18,3,0,2,0,12,8,0,14,1,1,0,2,0
2025,R,pilkk001,scoring,28,21,4,11,1,0,2,0,11,4,0,7,0,1,0,2,0
2025,R,pinar001,empty,8,8,2,5,0,0,1,0,1,0,0,1,0,0,0,0,0
2025,R,pinar001,menon,6,5,3,4,1,0,0,0,3,1,0,0,0,0,0,0,0
2025,R,pinar001,scoring,2,2,2,2,0,0,0,0,3,0,0,0,0,0,0,0,0
2025,R,pintj002,empty,1,0,0,0,0,0,0,0,0,1,0,0,0,0,0,0,0
2025,R,pintj002,menon,5,4,2,2,0,0,0,0,2,1,0,1,0,0,0,0,0
2025,R,pintj002,scoring,4,3,1,1,0,0,0,0,2,1,0,1,0,0,0,0,0
2025,F,piven001,empty,16,16,3,9,0,0,2,0,2,0,0,7,0,0,0,0,0
2025,R,piven001,empty,481,453,88,147,15,1,14,0,14,26,0,131,0,2,0,0,0
2025,R,piven001,loaded,15,11,2,2,0,0,0,0,7,1,0,6,0,0,0,3,0
2025,F,piven001,menon,2,2,0,0,0,0,0,0,0,0,0,2,0,0,0,0,0
2025,R,piven001,menon,240,207,41,71,4,1,8,0,43,24,1,59,6,1,2,6,0
2025,R,piven001,scoring,129,109,21,41,3,1,5,0,37,12,1,29,1,0,2,6,0
2025,R,pochc001,empty,16,13,2,4,0,1,0,0,0,3,0,4,0,0,0,0,0
2025,R,pochc001,loaded,7,4,2,2,0,0,0,0,8,1,0,0,0,0,0,2,0
2025,R,pochc001,menon,36,23,10,17,4,0,1,0,18,11,0,7,1,0,0,2,0
2025,R,pochc001,scoring,31,20,10,17,4,0,1,0,18,9,0,4,1,0,0,2,0
2025,D,pomed001,empty,13,13,1,4,0,0,1,0,1,0,0,6,0,0,0,0,0
2025,F,pomed001,empty,3,3,0,0,0,0,0,0,0,0,0,0,0,0,0,0,0
2025,R,pomed001,empty,110,97,18,23,2,0,1,0,1,8,0,32,0,5,0,0,0
2025,R,pomed001,loaded,4,3,0,0,0,0,0,0,1,0,0,2,0,0,0,1,0
2025,F,pomed001,menon,3,3,0,0,0,0,0,0,0,0,0,0,0,0,0,0,0
2025,R,pomed001,menon,93,84,20,32,0,0,4,0,17,7,1,25,3,0,1,1,0
2025,F,pomed001,scoring,2,2,0,0,0,0,0,0,0,0,0,0,0,0,0,0,0
2025,R,pomed001,scoring,52,47,12,21,0,0,3,0,15,4,1,14,1,0,0,1,0
2025,R,pop-z001,empty,23,22,9,20,2,0,3,0,3,1,0,2,0,0,0,0,0
2025,R,pop-z001,menon,16,14,6,11,2,0,1,0,8,1,0,1,0,1,0,0,0
2025,R,pop-z001,scoring,11,10,5,7,2,0,0,0,6,0,0,1,0,1,0,0,0
2025,R,popea001,empty,5,5,2,2,0,0,0,0,0,0,0,0,0,0,0,0,0
2025,R,popea001,menon,4,3,0,0,0,0,0,0,0,1,0,1,0,0,0,0,0
2025,R,popea001,scoring,2,2,0,0,0,0,0,0,0,0,0,1,0,0,0,0,0
2025,R,portl001,empty,3,3,2,5,0,0,1,0,1,0,0,0,0,0,0,0,0
2025,R,portl001,menon,2,2,0,0,0,0,0,0,0,0,0,0,0,0,0,0,0
2025,R,potec001,empty,2,0,0,0,0,0,0,0,0,2,0,0,0,0,0,0,0
2025,R,potec001,menon,14,14,6,10,2,1,0,0,6,0,0,1,0,0,0,0,0
2025,R,potec001,scoring,4,4,4,5,1,0,0,0,4,0,0,0,0,0,0,0,0
2025,R,poulp001,empty,53,47,10,15,2,0,1,0,1,5,0,15,0,1,0,0,0
2025,R,poulp001,loaded,4,4,2,2,0,0,0,0,3,0,0,1,0,0,0,0,0
2025,R,poulp001,menon,57,46,13,16,0,0,1,0,14,8,0,12,3,1,0,2,0
2025,R,poulp001,scoring,39,33,10,13,0,0,1,0,14,4,0,8,1,0,0,2,0
2025,R,povic001,empty,281,252,69,112,13,3,8,0,8,28,0,75,0,1,0,0,0
2025,R,povic001,loaded,8,8,4,5,1,0,0,0,6,0,0,2,1,0,0,0,0
2025,R,povic001,menon,207,187,56,92,7,1,9,0,55,15,2,43,14,0,1,4,0
2025,R,povic001,scoring,107,94,32,52,6,1,4,0,45,8,2,25,7,0,1,4,0
2025,R,presr001,empty,97,86,27,38,5,0,2,0,2,10,0,15,0,0,0,0,1
2025,R,presr001,loaded,6,5,3,6,0,0,1,1,8,0,0,1,1,1,0,0,0
2025,R,presr001,menon,85,74,19,34,3,0,4,1,19,7,0,13,7,2,2,0,0
2025,R,presr001,scoring,43,37,9,16,1,0,2,1,15,3,0,10,1,2,1,0,0
2025,D,prieq001,empty,2,2,2,5,0,0,1,0,1,0,0,0,0,0,0,0,0
2025,L,prieq001,empty,8,6,1,2,1,0,0,0,0,2,0,0,0,0,0,0,0
2025,R,prieq001,empty,381,346,90,160,23,1,15,0,15,31,0,88,0,4,0,0,0
2025,D,prieq001,loaded,2,2,1,1,0,0,0,0,2,0,0,1,0,0,0,0,0
2025,L,prieq001,loaded,1,1,0,0,0,0,0,0,0,0,0,0,1,0,0,0,0
2025,R,prieq001,loaded,11,11,3,6,0,0,1,1,6,0,0,0,1,0,0,0,0
2025,D,prieq001,menon,5,3,1,1,0,0,0,0,2,2,0,1,0,0,0,0,0
2025,L,prieq001,menon,8,7,2,2,0,0,0,0,0,1,1,1,2,0,0,0,0
2025,R,prieq001,menon,272,247,55,77,11,1,3,1,39,19,0,44,18,2,2,2,0
2025,D,prieq001,scoring,4,3,1,1,0,0,0,0,2,1,0,1,0,0,0,0,0
2025,L,prieq001,scoring,5,4,1,1,0,0,0,0,0,1,1,0,2,0,0,0,0
2025,R,prieq001,scoring,144,129,29,40,5,0,2,1,32,12,0,22,5,0,1,2,0
2025,R,puk-a001,empty,16,15,6,11,2,0,1,0,1,0,0,4,0,1,0,0,0
2025,R,puk-a001,menon,19,17,2,6,1,0,1,0,4,2,0,8,0,0,0,0,0
2025,R,puk-a001,scoring,16,14,1,4,0,0,1,0,3,2,0,7,0,0,0,0,0
2025,R,quanc001,empty,316,300,82,139,20,2,11,0,11,14,0,56,0,2,0,0,0
2025,R,quanc001,loaded,10,9,2,5,0,0,1,1,6,0,0,2,2,0,0,1,0
2025,R,quanc001,menon,197,172,54,104,9,4,11,1,63,21,0,29,10,3,0,1,0
2025,R,quanc001,scoring,129,109,36,68,5,3,7,1,52,18,0,23,4,1,0,1,0
2025,R,quijj001,empty,3,1,0,0,0,0,0,0,0,2,0,1,0,0,0,0,0
2025,R,quijj001,menon,5,5,1,1,0,0,0,0,0,0,0,2,0,0,0,0,0
2025,R,quijj001,scoring,2,2,0,0,0,0,0,0,0,0,0,2,0,0,0,0,0
2025,D,quinj001,empty,8,8,2,3,1,0,0,0,0,0,0,1,0,0,0,0,0
2025,L,quinj001,empty,6,5,3,6,0,0,1,0,1,1,0,0,0,0,0,0,0
2025,R,quinj001,empty,333,303,67,111,8,0,12,0,12,26,0,53,0,4,0,0,0
2025,R,quinj001,loaded,9,7,2,5,0,0,1,1,9,1,0,1,0,1,0,0,0
2025,D,quinj001,menon,4,3,0,0,0,0,0,0,0,1,0,1,0,0,0,0,0
2025,L,quinj001,menon,7,7,3,3,0,0,0,0,2,0,0,1,0,0,0,0,0
2025,R,quinj001,menon,223,194,53,79,8,0,6,1,49,24,0,36,12,1,1,3,0
2025,D,quinj001,scoring,4,3,0,0,0,0,0,0,0,1,0,1,0,0,0,0,0
2025,L,quinj001,scoring,4,4,1,1,0,0,0,0,2,0,0,1,0,0,0,0,0
2025,R,quinj001,scoring,113,97,24,37,1,0,4,1,42,12,0,22,0,1,0,3,0
2025,R,ragac001,empty,161,143,29,48,8,1,3,0,3,17,0,60,0,1,0,0,0
2025,R,ragac001,loaded,1,1,0,0,0,0,0,0,0,0,0,1,0,0,0,0,0
2025,R,ragac001,menon,96,89,24,41,5,0,4,0,24,3,0,38,1,1,1,2,0
2025,R,ragac001,scoring,53,47,13,18,2,0,1,0,16,2,0,17,0,1,1,2,0
2025,R,ragsc001,empty,12,12,4,8,1,0,1,0,1,0,0,3,0,0,0,0,0
2025,R,ragsc001,loaded,1,1,1,2,1,0,0,0,3,0,0,0,0,0,0,0,0
2025,R,ragsc001,menon,13,12,6,9,3,0,0,0,7,1,0,1,0,0,0,0,0
2025,R,ragsc001,scoring,8,7,4,5,1,0,0,0,6,1,0,1,0,0,0,0,0
2025,R,raint003,empty,27,22,3,3,0,0,0,0,0,4,0,9,0,1,0,0,0
2025,R,raint003,loaded,2,0,0,0,0,0,0,0,2,1,0,0,0,0,0,1,0
2025,R,raint003,menon,20,13,5,7,2,0,0,0,5,5,0,2,0,0,1,1,0
2025,R,raint003,scoring,11,6,3,4,1,0,0,0,5,4,0,1,0,0,0,1,0
2025,R,raleb001,empty,59,57,9,12,3,0,0,0,0,2,0,16,0,0,0,0,0
2025,R,raleb001,loaded,5,4,1,1,0,0,0,0,2,0,0,1,0,1,0,0,0
2025,R,raleb001,menon,40,34,5,7,2,0,0,0,7,4,0,9,0,2,0,0,0
2025,R,raleb001,scoring,22,18,4,6,2,0,0,0,7,3,0,4,0,1,0,0,0
2025,R,ramie004,empty,20,20,8,15,1,0,2,0,2,0,0,2,0,0,0,0,0
2025,R,ramie004,menon,22,19,2,2,0,0,0,0,2,2,1,3,3,0,0,1,0
2025,R,ramie004,scoring,13,11,1,1,0,0,0,0,2,1,1,2,0,0,0,1,0
2025,R,ramiy002,empty,67,61,17,24,4,0,1,0,1,4,0,18,0,2,0,0,0
2025,R,ramiy002,loaded,4,4,0,0,0,0,0,0,1,0,0,1,0,0,0,0,0
2025,R,ramiy002,menon,88,73,16,29,4,0,3,0,17,12,1,27,1,2,0,1,0
2025,R,ramiy002,scoring,58,47,9,15,3,0,1,0,12,10,1,21,0,0,0,1,0
2025,R,ranga001,empty,25,21,6,8,2,0,0,0,0,4,0,3,0,0,0,0,0
2025,R,ranga001,loaded,0,0,0,0,0,0,0,0,0,0,0,0,0,0,0,0,0
2025,R,ranga001,menon,21,19,4,8,1,0,1,0,2,2,0,5,2,0,0,0,0
2025,R,ranga001,scoring,8,7,1,1,0,0,0,0,0,1,0,1,1,0,0,0,0
2025,R,raqun001,empty,4,3,0,0,0,0,0,0,0,1,0,0,0,0,0,0,0
2025,R,raqun001,menon,3,3,0,0,0,0,0,0,0,0,0,1,0,0,0,0,0
2025,R,raqun001,scoring,2,2,0,0,0,0,0,0,0,0,0,1,0,0,0,0,0
2025,R,rasht001,empty,36,34,9,12,3,0,0,0,0,2,0,11,0,0,0,0,0
2025,R,rasht001,loaded,3,2,1,1,0,0,0,0,3,1,0,0,0,0,0,0,0
2025,R,rasht001,menon,36,30,7,8,1,0,0,0,8,6,0,11,0,0,0,0,0
2025,R,rasht001,scoring,22,18,5,6,1,0,0,0,8,4,0,6,0,0,0,0,0
2025,R,rasmd002,empty,379,355,79,135,11,0,15,0,15,20,0,88,0,4,0,0,0
2025,R,rasmd002,loaded,8,5,0,0,0,0,0,0,3,2,0,3,0,0,0,1,0
2025,R,rasmd002,menon,206,186,37,49,3,0,3,0,31,17,1,39,16,1,1,1,0
2025,R,rasmd002,scoring,112,99,22,30,2,0,2,0,28,10,1,26,5,1,1,1,0
2025,R,ray-r002,empty,462,414,91,161,24,2,14,0,14,44,0,113,0,4,0,0,0
2025,R,ray-r002,loaded,9,6,0,0,0,0,0,0,3,2,0,4,1,0,0,1,0
2025,R,ray-r002,menon,293,257,57,96,15,0,8,0,59,29,0,73,8,0,1,6,0
2025,R,ray-r002,scoring,153,135,33,57,12,0,4,0,51,12,0,32,2,0,0,6,0
2025,D,rea-c001,empty,17,15,6,9,0,0,1,0,1,2,0,2,0,0,0,0,0
2025,F,rea-c001,empty,3,3,1,1,0,0,0,0,0,0,0,0,0,0,0,0,0
2025,R,rea-c001,empty,407,376,94,142,17,2,9,0,9,28,0,89,0,3,0,0,0
2025,R,rea-c001,loaded,4,3,1,1,0,0,0,0,4,0,0,0,0,0,0,1,0
2025,D,rea-c001,menon,10,9,2,2,0,0,0,0,0,1,0,0,3,0,0,0,0
2025,F,rea-c001,menon,3,3,0,0,0,0,0,0,0,0,0,1,0,0,0,0,0
2025,R,rea-c001,menon,255,225,61,106,12,0,11,0,58,16,0,38,11,3,4,7,0
2025,D,rea-c001,scoring,3,2,0,0,0,0,0,0,0,1,0,0,0,0,0,0,0
2025,F,rea-c001,scoring,1,1,0,0,0,0,0,0,0,0,0,0,0,0,0,0,0
2025,R,rea-c001,scoring,126,106,26,42,4,0,4,0,40,8,0,24,4,2,3,7,0
2025,R,reyep001,empty,2,2,2,2,0,0,0,0,0,0,0,0,0,0,0,0,0
2025,R,reyep001,menon,6,6,3,8,2,0,1,0,3,0,0,0,0,0,0,0,0
2025,R,reyep001,scoring,3,3,1,4,0,0,1,0,3,0,0,0,0,0,0,0,0
2025,R,reyns002,empty,60,49,13,24,2,0,3,0,3,10,0,18,0,1,0,0,0
2025,R,reyns002,loaded,2,2,1,2,1,0,0,0,3,0,0,0,0,0,0,0,0
2025,R,reyns002,menon,57,48,7,12,2,0,1,0,9,7,0,7,3,2,0,0,0
2025,R,reyns002,scoring,30,26,4,6,2,0,0,0,7,3,0,3,0,1,0,0,0
2025,R,ribao001,empty,54,47,14,24,1,0,3,0,3,6,0,11,0,1,0,0,0
2025,R,ribao001,loaded,4,4,2,3,1,0,0,0,4,0,0,1,0,0,0,0,0
2025,R,ribao001,menon,66,54,14,27,4,0,3,0,16,11,0,14,1,0,0,1,0
2025,R,ribao001,scoring,32,26,7,13,3,0,1,0,12,5,0,6,0,0,0,1,0
2025,R,richl001,empty,86,77,18,25,4,0,1,0,1,8,0,15,0,1,0,0,0
2025,R,richl001,loaded,5,4,2,2,0,0,0,0,5,0,0,0,0,0,0,1,0
2025,R,richl001,menon,86,68,19,29,7,0,1,0,22,13,4,15,4,1,0,4,0
2025,R,richl001,scoring,46,32,11,17,3,0,1,0,20,10,4,6,0,0,0,4,0
2025,R,richt001,empty,8,7,5,7,2,0,0,0,0,1,0,0,0,0,0,0,0
2025,R,richt001,loaded,1,0,0,0,0,0,0,0,1,1,0,0,0,0,0,0,0
2025,R,richt001,menon,21,18,6,6,0,0,0,0,3,1,0,5,0,0,1,1,0
2025,R,richt001,scoring,14,11,4,4,0,0,0,0,3,1,0,4,0,0,1,1,0
2025,R,rival002,empty,2,2,2,2,0,0,0,0,0,0,0,0,0,0,0,0,0
2025,R,rival002,loaded,1,1,0,0,0,0,0,0,0,0,0,0,0,0,0,0,0
2025,R,rival002,menon,4,3,1,1,0,0,0,0,0,1,0,0,1,0,0,0,0
2025,R,rival002,scoring,2,2,1,1,0,0,0,0,0,0,0,0,0,0,0,0,0
2025,R,rivee001,empty,3,3,2,4,2,0,0,0,0,0,0,0,0,0,0,0,0
2025,R,rivee001,loaded,3,2,1,4,0,0,1,1,5,1,0,0,0,0,0,0,0
2025,R,rivee001,menon,10,8,6,11,2,0,1,1,8,2,0,0,0,0,0,0,0
2025,R,rivee001,scoring,9,7,5,9,1,0,1,1,8,2,0,0,0,0,0,0,0
2025,R,roa-c001,empty,7,5,1,2,1,0,0,0,0,2,0,2,0,0,0,0,0
2025,R,roa-c001,menon,5,4,0,0,0,0,0,0,0,1,0,1,1,0,0,0,0
2025,R,roa-c001,scoring,3,2,0,0,0,0,0,0,0,1,0,1,0,0,0,0,0
2025,D,robed002,empty,1,1,1,1,0,0,0,0,0,0,0,0,0,0,0,0,0
2025,R,robed002,empty,46,42,10,25,3,0,4,0,4,4,0,17,0,0,0,0,0
2025,R,robed002,loaded,3,3,1,1,0,0,0,0,2,0,0,0,0,0,0,0,0
2025,D,robed002,menon,2,1,0,0,0,0,0,0,0,0,0,0,0,1,0,0,0
2025,R,robed002,menon,32,28,8,9,1,0,0,0,4,4,1,5,0,0,0,0,0
2025,D,robed002,scoring,1,1,0,0,0,0,0,0,0,0,0,0,0,0,0,0,0
2025,R,robed002,scoring,19,15,3,3,0,0,0,0,4,4,1,2,0,0,0,0,0
2025,R,robed005,empty,30,24,6,9,1,1,0,0,0,6,0,6,0,0,0,0,0
2025,R,robed005,loaded,1,0,0,0,0,0,0,0,1,1,0,0,0,0,0,0,0
2025,R,robed005,menon,29,25,5,11,0,0,2,0,6,4,0,9,1,0,0,0,0
2025,R,robed005,scoring,15,12,1,4,0,0,1,0,4,3,0,5,1,0,0,0,0
2025,R,robee001,empty,16,15,5,12,1,0,2,0,2,1,0,3,0,0,0,0,0
2025,R,robee001,loaded,1,1,0,0,0,0,0,0,0,0,0,0,0,0,0,0,0
2025,R,robee001,menon,23,20,5,10,2,0,1,0,9,1,0,3,0,1,0,1,0
2025,R,robee001,scoring,19,18,5,10,2,0,1,0,9,0,0,3,0,0,0,1,0
2025,R,rockj002,empty,17,14,4,4,0,0,0,0,0,1,0,4,0,2,0,0,0
2025,R,rockj002,menon,18,17,3,6,0,0,1,0,2,1,0,7,0,0,0,0,0
2025,R,rockj002,scoring,7,7,0,0,0,0,0,0,0,0,0,4,0,0,0,0,0
2025,R,rockk001,empty,159,141,40,73,5,2,8,0,8,15,0,33,0,3,0,0,0
2025,R,rockk001,loaded,3,3,2,2,0,0,0,0,3,0,0,1,0,0,0,0,0
2025,R,rockk001,menon,128,115,31,49,7,1,3,0,28,8,0,23,4,1,1,3,0
2025,R,rockk001,scoring,79,68,19,30,5,0,2,0,24,6,0,15,1,1,1,3,0
2025,D,rodoc001,empty,6,5,2,3,1,0,0,0,0,1,0,2,0,0,0,0,0
2025,F,rodoc001,empty,16,14,3,6,0,0,1,0,1,2,0,5,0,0,0,0,0
2025,R,rodoc001,empty,486,436,84,141,21,0,12,0,12,46,0,120,0,4,0,0,0
2025,F,rodoc001,loaded,2,2,1,1,0,0,0,0,2,0,0,1,0,0,0,0,0
2025,R,rodoc001,loaded,9,8,2,5,0,0,1,1,8,0,0,2,0,0,0,1,0
2025,D,rodoc001,menon,10,8,4,7,0,0,1,0,5,1,1,0,0,1,0,0,0
2025,F,rodoc001,menon,9,6,1,1,0,0,0,0,2,1,0,1,2,1,1,0,0
2025,R,rodoc001,menon,303,265,48,84,6,0,10,1,50,27,0,83,12,5,3,3,0
2025,D,rodoc001,scoring,6,5,3,3,0,0,0,0,3,1,1,0,0,0,0,0,0
2025,F,rodoc001,scoring,5,3,1,1,0,0,0,0,2,0,0,1,1,1,1,0,0
2025,R,rodoc001,scoring,154,134,24,45,3,0,6,1,41,12,0,39,4,2,3,3,0
2025,R,rodrb001,empty,11,8,1,1,0,0,0,0,0,2,0,2,0,1,0,0,0
2025,R,rodrb001,loaded,1,1,0,0,0,0,0,0,0,0,0,0,1,0,0,0,0
2025,R,rodrb001,menon,20,17,3,4,1,0,0,0,2,1,1,7,2,2,0,0,0
2025,R,rodrb001,scoring,10,8,2,3,1,0,0,0,2,1,1,1,2,1,0,0,0
2025,R,rodrc003,empty,24,18,3,5,2,0,0,0,0,6,0,6,0,0,0,0,0
2025,R,rodrc003,loaded,1,1,0,0,0,0,0,0,0,0,0,0,0,0,0,0,0
2025,R,rodrc003,menon,26,23,10,16,3,0,1,0,6,3,0,5,1,0,0,0,0
2025,R,rodrc003,scoring,16,14,6,11,2,0,1,0,6,2,0,4,0,0,0,0,0
2025,R,rodre004,empty,372,331,95,168,24,2,15,0,15,40,0,75,0,1,0,0,0
2025,R,rodre004,loaded,20,17,4,4,0,0,0,0,10,0,0,6,1,0,0,2,1
2025,R,rodre004,menon,322,292,83,128,13,1,10,0,70,20,2,68,8,0,4,5,1
2025,R,rodre004,scoring,179,153,42,54,6,0,2,0,50,16,2,36,5,0,4,5,1
2025,R,rodre005,empty,57,50,15,34,1,0,6,0,6,6,0,11,0,1,0,0,0
2025,R,rodre005,menon,33,32,11,24,4,0,3,0,15,1,0,7,1,0,0,0,0
2025,R,rodre005,scoring,15,15,7,13,3,0,1,0,10,0,0,4,0,0,0,0,0
2025,R,rodrm001,empty,56,53,14,22,2,0,2,0,2,3,0,13,0,0,0,0,0
2025,R,rodrm001,loaded,2,2,1,1,0,0,0,0,2,0,0,0,1,0,0,0,0
2025,R,rodrm001,menon,65,59,12,13,1,0,0,0,12,3,0,12,4,1,1,1,0
2025,R,rodrm001,scoring,34,28,9,10,1,0,0,0,12,3,0,4,3,1,1,1,0
2025,R,rodrr010,empty,103,96,21,35,5,0,3,0,3,5,0,35,0,2,0,0,0
2025,R,rodrr010,loaded,8,7,2,2,0,0,0,0,6,0,0,3,0,0,0,1,0
2025,R,rodrr010,menon,95,86,13,17,1,0,1,0,19,6,0,32,3,2,0,1,0
2025,R,rodrr010,scoring,66,61,10,10,0,0,0,0,17,3,0,22,2,1,0,1,0
2025,D,rodry003,empty,3,3,0,0,0,0,0,0,0,0,0,0,0,0,0,0,0
2025,L,rodry003,empty,6,5,2,8,0,0,2,0,2,1,0,1,0,0,0,0,0
2025,R,rodry003,empty,161,140,32,58,6,1,6,0,6,20,0,39,0,1,0,0,0
2025,R,rodry003,loaded,8,6,1,1,0,0,0,0,4,1,0,1,1,0,0,1,0
2025,D,rodry003,menon,3,2,0,0,0,0,0,0,0,1,0,0,0,0,0,0,0
2025,L,rodry003,menon,2,0,0,0,0,0,0,0,0,2,0,0,0,0,0,0,0
2025,R,rodry003,menon,137,115,18,25,1,0,2,0,17,14,3,27,7,5,2,1,0
2025,D,rodry003,scoring,2,2,0,0,0,0,0,0,0,0,0,0,0,0,0,0,0
2025,L,rodry003,scoring,1,0,0,0,0,0,0,0,0,1,0,0,0,0,0,0,0
2025,R,rodry003,scoring,82,66,9,12,0,0,1,0,15,12,3,13,4,2,1,1,0
2025,R,rogej004,empty,6,6,3,4,1,0,0,0,0,0,0,0,0,0,0,0,0
2025,R,rogej004,loaded,1,1,0,0,0,0,0,0,0,0,0,0,0,0,0,0,0
2025,R,rogej004,menon,10,8,2,2,0,0,0,0,1,0,0,0,1,1,0,1,0
2025,R,rogej004,scoring,7,5,1,1,0,0,0,0,1,0,0,0,0,1,0,1,0
2025,F,roget001,empty,3,3,0,0,0,0,0,0,0,0,0,0,0,0,0,0,0
2025,R,roget001,empty,120,109,24,42,6,0,4,0,4,10,0,27,0,1,0,0,0
2025,R,roget001,loaded,10,8,3,4,1,0,0,0,8,2,0,2,0,0,0,0,0
2025,R,roget001,menon,101,81,23,41,7,1,3,0,32,13,2,26,4,2,1,4,0
2025,R,roget001,scoring,69,54,15,26,5,0,2,0,29,10,2,17,2,1,0,4,0
2025,R,roget002,empty,185,180,38,48,4,0,2,0,2,4,0,30,0,0,0,0,1
2025,R,roget002,loaded,7,7,3,3,0,0,0,0,5,0,0,1,0,0,0,0,0
2025,R,roget002,menon,114,108,28,39,3,1,2,0,24,3,0,18,4,1,0,2,0
2025,R,roget002,scoring,62,58,18,24,1,1,1,0,22,1,0,10,2,1,0,2,0
2025,R,roget003,empty,265,244,44,61,5,3,2,0,2,20,0,55,0,1,0,0,0
2025,R,roget003,loaded,3,3,0,0,0,0,0,0,0,0,0,0,0,0,0,0,0
2025,R,roget003,menon,158,144,26,41,3,0,4,0,19,9,0,48,9,1,2,2,0
2025,R,roget003,scoring,71,62,8,9,1,0,0,0,11,5,0,21,0,0,2,2,0
2025,R,rojam002,empty,15,14,7,14,1,0,2,0,2,1,0,0,0,0,0,0,0
2025,R,rojam002,menon,13,11,4,9,2,0,1,0,5,1,0,0,1,1,0,0,0
2025,R,rojam002,scoring,7,7,4,9,2,0,1,0,5,0,0,0,0,0,0,0,0
2025,R,rolir001,empty,104,92,28,47,2,1,5,0,5,12,0,16,0,0,0,0,0
2025,R,rolir001,loaded,6,6,1,1,0,0,0,0,2,0,0,2,0,0,0,0,0
2025,R,rolir001,menon,89,78,27,49,4,0,6,0,27,8,0,9,8,0,1,2,0
2025,R,rolir001,scoring,50,42,17,29,3,0,3,0,21,5,0,6,1,0,1,2,0
2025,R,romaj004,empty,99,85,17,25,5,0,1,0,1,12,0,29,0,2,0,0,0
2025,R,romaj004,loaded,6,4,2,8,0,0,2,2,10,0,0,2,0,0,0,2,0
2025,R,romaj004,menon,88,78,28,59,4,0,9,2,39,5,1,18,2,1,0,4,0
2025,R,romaj004,scoring,64,58,23,54,4,0,9,2,39,2,1,11,0,0,0,4,0
2025,R,romej002,empty,123,112,32,38,6,0,0,0,0,10,0,31,0,0,0,0,1
2025,R,romej002,loaded,9,6,1,1,0,0,0,0,6,0,0,2,0,0,0,3,0
2025,R,romej002,menon,132,105,15,24,3,0,2,0,18,19,5,24,6,2,3,3,0
2025,R,romej002,scoring,81,60,6,9,0,0,1,0,15,15,5,14,0,1,2,3,0
2025,R,roonj001,empty,4,4,1,4,0,0,1,0,1,0,0,1,0,0,0,0,0
2025,R,roonj001,menon,2,1,0,0,0,0,0,0,0,1,0,1,0,0,0,0,0
2025,R,roonj001,scoring,1,1,0,0,0,0,0,0,0,0,0,1,0,0,0,0,0
2025,R,rosaa003,empty,3,2,1,1,0,0,0,0,0,1,0,0,0,0,0,0,0
2025,R,rosaa003,loaded,1,1,0,0,0,0,0,0,0,0,0,0,0,0,0,0,0
2025,R,rosaa003,menon,7,6,4,7,0,0,1,0,4,1,0,0,0,0,0,0,0
2025,R,rosaa003,scoring,4,4,3,6,0,0,1,0,4,0,0,0,0,0,0,0,0
2025,R,rossj002,empty,111,101,36,68,12,1,6,0,6,7,0,15,0,3,0,0,0
2025,R,rossj002,loaded,3,1,0,0,0,0,0,0,2,0,0,0,0,0,0,2,0
2025,R,rossj002,menon,117,101,21,32,5,0,2,0,24,11,1,24,2,0,1,4,0
2025,R,rossj002,scoring,69,58,13,19,3,0,1,0,21,7,1,15,1,0,0,4,0
2025,R,roupl001,empty,258,231,68,111,16,0,9,0,9,25,0,52,0,2,0,0,0
2025,R,roupl001,loaded,7,6,2,4,2,0,0,0,6,0,0,1,1,0,0,1,0
2025,R,roupl001,menon,218,191,45,58,7,0,2,0,32,20,1,50,6,1,2,4,0
2025,R,roupl001,scoring,112,93,22,29,4,0,1,0,29,13,1,20,1,0,2,4,0
2025,R,roycc001,empty,40,35,6,12,1,1,1,0,1,4,0,7,0,1,0,0,0
2025,R,roycc001,loaded,4,4,2,5,0,0,1,1,5,0,0,1,0,0,0,0,0
2025,R,roycc001,menon,61,50,20,32,7,1,1,1,23,8,1,8,0,0,1,2,0
2025,R,roycc001,scoring,44,36,14,23,4,1,1,1,22,6,1,5,0,0,0,2,0
2025,R,ruizj001,empty,28,25,10,19,6,0,1,0,1,3,0,5,0,0,0,0,0
2025,R,ruizj001,loaded,7,4,0,0,0,0,0,0,3,2,0,2,0,0,0,1,0
2025,R,ruizj001,menon,51,43,13,20,1,0,2,0,18,6,0,10,0,0,0,2,0
2025,R,ruizj001,scoring,38,31,10,17,1,0,2,0,18,5,0,8,0,0,0,2,0
2025,R,rutlj002,empty,163,153,48,81,6,0,9,0,9,8,0,40,0,2,0,0,0
2025,R,rutlj002,loaded,7,5,2,2,0,0,0,0,7,1,0,0,1,0,0,1,0
2025,R,rutlj002,menon,167,140,39,70,8,1,7,0,49,16,0,25,6,5,1,5,0
2025,R,rutlj002,scoring,110,93,23,39,5,1,3,0,40,11,0,17,5,1,0,5,0
2025,R,ryanj002,empty,429,394,86,161,21,0,18,0,18,25,0,129,0,10,0,0,0
2025,R,ryanj002,loaded,8,7,1,2,1,0,0,0,4,0,0,2,0,0,0,1,0
2025,R,ryanj002,menon,260,239,52,87,11,0,8,0,47,14,0,65,6,2,1,4,0
2025,R,ryanj002,scoring,148,134,29,45,4,0,4,0,35,9,0,38,1,0,1,4,0
2025,R,saala001,empty,52,47,10,11,1,0,0,0,0,5,0,9,0,0,0,0,0
2025,R,saala001,loaded,3,1,0,0,0,0,0,0,2,1,0,0,0,0,0,1,0
2025,R,saala001,menon,61,54,9,15,3,0,1,0,13,5,1,10,2,0,0,2,0
2025,R,saala001,scoring,37,31,6,11,2,0,1,0,13,4,1,5,0,0,0,2,0
2025,F,sabre001,empty,5,4,1,2,1,0,0,0,0,1,0,1,0,0,0,0,0
2025,R,sabre001,empty,69,59,12,22,4,0,2,0,2,10,0,30,0,0,0,0,0
2025,R,sabre001,loaded,4,4,1,1,0,0,0,0,2,0,0,1,0,0,0,0,0
2025,F,sabre001,menon,3,3,1,1,0,0,0,0,0,0,0,1,0,0,0,0,0
2025,R,sabre001,menon,52,38,2,2,0,0,0,0,3,11,0,12,2,3,0,0,0
2025,F,sabre001,scoring,2,2,1,1,0,0,0,0,0,0,0,0,0,0,0,0,0
2025,R,sabre001,scoring,33,27,2,2,0,0,0,0,3,5,0,11,2,1,0,0,0
2025,R,salac001,empty,3,2,0,0,0,0,0,0,0,0,0,0,0,1,0,0,0
2025,R,salac001,menon,1,1,0,0,0,0,0,0,0,0,0,0,0,0,0,0,0
2025,R,salae001,empty,65,59,20,40,5,0,5,0,5,6,0,13,0,0,0,0,0
2025,R,salae001,loaded,4,4,2,6,1,0,1,1,6,0,0,1,0,0,0,0,0
2025,R,salae001,menon,85,72,27,40,5,1,2,1,30,10,0,10,4,1,1,1,0
2025,R,salae001,scoring,66,54,20,32,4,1,2,1,29,10,0,8,1,0,1,1,0
2025,R,salec001,empty,307,287,76,123,11,3,10,0,10,18,0,94,0,2,0,0,0
2025,R,salec001,loaded,6,6,1,1,0,0,0,0,3,0,0,2,0,0,0,0,0
2025,R,salec001,menon,203,176,26,35,4,1,1,0,25,14,0,71,2,9,2,2,0
2025,R,salec001,scoring,115,97,16,20,2,1,0,0,22,10,0,42,0,5,1,2,0
2025,R,sanca009,empty,1,1,1,2,1,0,0,0,0,0,0,0,0,0,0,0,0
2025,R,sanca009,menon,5,4,2,3,1,0,0,0,2,0,0,1,0,0,0,1,0
2025,R,sanca009,scoring,4,3,2,3,1,0,0,0,2,0,0,1,0,0,0,1,0
2025,D,sancc002,empty,26,22,5,5,0,0,0,0,0,2,0,7,0,2,0,0,0
2025,R,sancc002,empty,489,461,108,147,18,0,7,0,7,24,0,131,0,4,0,0,0
2025,R,sancc002,loaded,8,8,0,0,0,0,0,0,1,0,0,3,1,0,0,0,0
2025,D,sancc002,menon,24,23,4,5,1,0,0,0,2,1,0,6,1,0,0,0,0
2025,R,sancc002,menon,318,293,63,95,17,0,5,0,45,20,0,81,20,2,2,1,0
2025,D,sancc002,scoring,6,5,1,2,1,0,0,0,2,1,0,1,0,0,0,0,0
2025,R,sancc002,scoring,150,135,27,35,8,0,0,0,29,13,0,47,9,0,1,1,0
2025,R,sancg002,empty,4,3,0,0,0,0,0,0,0,1,0,0,0,0,0,0,0
2025,R,sancg002,menon,3,2,2,6,1,0,1,0,4,0,0,0,0,1,0,0,0
2025,R,sancg002,scoring,2,2,2,6,1,0,1,0,4,0,0,0,0,0,0,0,0
2025,R,sandc001,empty,164,151,31,54,7,2,4,0,4,10,0,34,0,3,0,0,0
2025,R,sandc001,loaded,9,9,3,5,2,0,0,0,6,0,0,2,0,0,0,0,0
2025,R,sandc001,menon,135,118,34,51,6,1,3,0,43,9,2,30,5,1,3,4,0
2025,R,sandc001,scoring,91,75,21,30,4,1,1,0,38,9,2,17,2,1,2,4,0
2025,R,sandc002,empty,19,16,4,8,1,0,1,0,1,3,0,1,0,0,0,0,0
2025,R,sandc002,loaded,3,2,1,1,0,0,0,0,3,1,0,0,0,0,0,0,0
2025,R,sandc002,menon,15,13,5,8,0,0,1,0,6,2,0,3,0,0,0,0,0
2025,R,sandc002,scoring,8,6,2,5,0,0,1,0,6,2,0,2,0,0,0,0,0
2025,R,sandj003,empty,3,2,0,0,0,0,0,0,0,1,0,2,0,0,0,0,0
2025,R,sandj003,menon,3,1,1,4,0,0,1,0,3,1,0,0,0,1,0,0,0
2025,R,sandj003,scoring,2,1,1,4,0,0,1,0,3,1,0,0,0,0,0,0,0
2025,R,sandn001,empty,35,31,8,13,2,0,1,0,1,4,0,8,0,0,0,0,0
2025,R,sandn001,loaded,2,2,0,0,0,0,0,0,1,0,0,1,0,0,0,0,0
2025,R,sandn001,menon,34,28,3,6,0,0,1,0,5,4,0,8,2,2,0,0,0
2025,R,sandn001,scoring,23,19,3,6,0,0,1,0,5,3,0,5,0,1,0,0,0
2025,R,sanmr001,empty,3,3,2,3,1,0,0,0,0,0,0,1,0,0,0,0,0
2025,R,sanmr001,menon,5,4,0,0,0,0,0,0,0,1,1,1,0,0,0,0,0
2025,R,sanmr001,scoring,5,4,0,0,0,0,0,0,0,1,1,1,0,0,0,0,0
2025,R,sanoj001,empty,21,19,10,16,0,0,2,0,2,2,0,0,0,0,0,0,0
2025,R,sanoj001,loaded,4,4,3,5,2,0,0,0,5,0,0,0,0,0,0,0,0
2025,R,sanoj001,menon,33,30,14,23,3,0,2,0,16,3,0,1,2,0,0,0,0
2025,R,sanoj001,scoring,20,20,11,17,3,0,1,0,14,0,0,0,1,0,0,0,0
2025,R,santd003,empty,160,146,28,45,4,2,3,0,3,12,0,41,0,2,0,0,0
2025,R,santd003,loaded,1,0,0,0,0,0,0,0,1,0,0,0,0,0,0,1,0
2025,R,santd003,menon,110,100,16,28,4,1,2,0,17,5,0,19,2,1,0,4,0
2025,R,santd003,scoring,50,43,7,8,1,0,0,0,11,3,0,8,0,0,0,4,0
2025,R,santg001,empty,16,14,6,9,3,0,0,0,0,2,0,0,0,0,0,0,0
2025,R,santg001,loaded,2,1,0,0,0,0,0,0,1,1,0,0,0,0,0,0,0
2025,R,santg001,menon,20,13,2,2,0,0,0,0,3,6,2,0,1,0,1,0,0
2025,R,santg001,scoring,15,9,2,2,0,0,0,0,3,6,2,0,0,0,0,0,0
2025,F,santt001,empty,1,1,1,1,0,0,0,0,0,0,0,0,0,0,0,0,0
2025,R,santt001,empty,156,135,27,45,6,0,4,0,4,16,0,42,0,4,0,0,1
2025,F,santt001,loaded,2,2,0,0,0,0,0,0,0,0,0,0,0,0,0,0,0
2025,R,santt001,loaded,9,9,3,7,1,0,1,1,9,0,0,1,0,0,0,0,0
2025,F,santt001,menon,6,3,1,2,1,0,0,0,1,2,2,0,0,0,1,0,0
2025,R,santt001,menon,145,130,26,44,5,2,3,1,28,13,0,33,9,1,0,1,0
2025,F,santt001,scoring,5,3,1,2,1,0,0,0,1,2,2,0,0,0,0,0,0
2025,R,santt001,scoring,89,80,17,30,3,2,2,1,26,7,0,22,1,1,0,1,0
2025,D,sasar001,empty,11,11,1,2,1,0,0,0,0,0,0,3,0,0,0,0,0
2025,F,sasar001,empty,3,3,0,0,0,0,0,0,0,0,0,2,0,0,0,0,0
2025,L,sasar001,empty,6,5,1,1,0,0,0,0,0,1,0,1,0,0,0,0,0
2025,R,sasar001,empty,94,80,17,32,3,0,4,0,4,12,0,18,0,2,0,0,0
2025,W,sasar001,empty,4,2,1,1,0,0,0,0,0,1,0,0,0,1,0,0,0
2025,R,sasar001,loaded,8,6,1,1,0,0,0,0,3,2,0,2,0,0,0,0,0
2025,D,sasar001,menon,3,3,0,0,0,0,0,0,0,0,0,0,0,0,0,0,0
2025,L,sasar001,menon,6,4,1,2,1,0,0,0,1,1,0,0,0,0,0,1,0
2025,R,sasar001,menon,67,56,13,23,2,1,2,0,12,10,0,10,1,1,0,0,0
2025,W,sasar001,menon,10,8,2,3,1,0,0,0,0,2,0,0,0,0,0,0,0
2025,D,sasar001,scoring,3,3,0,0,0,0,0,0,0,0,0,0,0,0,0,0,0
2025,L,sasar001,scoring,2,0,0,0,0,0,0,0,1,1,0,0,0,0,0,1,0
2025,R,sasar001,scoring,41,32,4,9,0,1,1,0,9,8,0,7,0,1,0,0,0
2025,W,sasar001,scoring,5,5,0,0,0,0,0,0,0,0,0,0,0,0,0,0,0
2025,R,sauct001,empty,34,31,10,15,2,0,1,0,1,3,0,9,0,0,0,0,0
2025,R,sauct001,loaded,1,1,0,0,0,0,0,0,0,0,0,0,0,0,0,0,0
2025,R,sauct001,menon,32,28,9,13,1,0,1,0,12,3,0,3,0,1,0,0,0
2025,R,sauct001,scoring,21,19,8,9,1,0,0,0,10,2,0,1,0,0,0,0,0
2025,R,sauem001,empty,69,65,19,31,3,0,3,0,3,3,0,12,0,1,0,0,0
2025,R,sauem001,loaded,4,4,0,0,0,0,0,0,0,0,0,2,1,0,0,0,0
2025,R,sauem001,menon,60,52,16,30,3,1,3,0,18,5,0,12,4,1,0,2,0
2025,R,sauem001,scoring,38,32,7,9,2,0,0,0,10,3,0,9,3,1,0,2,0
2025,L,schem001,empty,15,12,3,6,0,0,1,0,1,3,0,3,0,0,0,0,0
2025,R,schem001,empty,225,210,51,92,14,0,9,0,9,14,0,50,0,1,0,0,0
2025,W,schem001,empty,23,22,7,15,2,0,2,0,2,1,0,5,0,0,0,0,0
2025,R,schem001,loaded,6,4,0,0,0,0,0,0,3,1,0,2,0,0,0,1,0
2025,W,schem001,loaded,1,0,0,0,0,0,0,0,1,0,0,0,0,0,0,1,0
2025,L,schem001,menon,7,6,0,0,0,0,0,0,0,1,0,2,1,0,0,0,0
2025,R,schem001,menon,133,122,36,73,7,0,10,0,40,9,0,32,2,1,0,1,0
2025,W,schem001,menon,13,11,2,2,0,0,0,0,1,1,0,1,0,0,0,1,0
2025,L,schem001,scoring,1,1,0,0,0,0,0,0,0,0,0,0,1,0,0,0,0
2025,R,schem001,scoring,78,69,18,44,5,0,7,0,34,7,0,19,0,1,0,1,0
2025,W,schem001,scoring,11,9,2,2,0,0,0,0,1,1,0,1,0,0,0,1,0
2025,D,schlc001,empty,12,12,5,7,2,0,0,0,0,0,0,0,0,0,0,0,0
2025,F,schlc001,empty,18,18,4,4,0,0,0,0,0,0,0,5,0,0,0,0,0
2025,R,schlc001,empty,189,170,35,56,6,0,5,0,5,15,0,51,0,4,0,0,0
2025,R,schlc001,loaded,4,3,1,1,0,0,0,0,3,0,0,1,0,0,0,1,0
2025,D,schlc001,menon,15,14,3,3,0,0,0,0,2,0,0,2,1,0,0,1,0
2025,F,schlc001,menon,11,11,1,1,0,0,0,0,0,0,0,7,0,0,0,0,0
2025,R,schlc001,menon,115,97,23,34,2,0,3,0,17,16,0,33,4,1,0,1,0
2025,D,schlc001,scoring,8,7,1,1,0,0,0,0,2,0,0,1,0,0,0,1,0
2025,F,schlc001,scoring,1,1,0,0,0,0,0,0,0,0,0,1,0,0,0,0,0
2025,R,schlc001,scoring,61,50,10,10,0,0,0,0,10,10,0,15,3,0,0,1,0
2025,R,schmc002,empty,206,187,37,62,8,1,5,0,5,18,0,45,0,1,0,0,0
2025,R,schmc002,loaded,3,3,0,0,0,0,0,0,0,0,0,1,0,0,0,0,0
2025,R,schmc002,menon,110,95,19,37,4,1,4,0,20,12,0,28,4,0,1,2,0
2025,R,schmc002,scoring,59,48,8,18,1,0,3,0,16,8,0,17,0,0,1,2,0
2025,R,schoj002,empty,22,19,2,5,0,0,1,0,1,3,0,8,0,0,0,0,0
2025,R,schoj002,menon,16,15,7,7,0,0,0,0,4,0,0,4,0,0,0,1,0
2025,R,schoj002,scoring,10,9,3,3,0,0,0,0,4,0,0,4,0,0,0,1,0
2025,R,schrj001,empty,141,134,26,53,6,0,7,0,7,7,0,29,0,0,0,0,0
2025,R,schrj001,loaded,10,9,3,4,1,0,0,0,7,1,0,1,1,0,0,0,0
2025,R,schrj001,menon,124,110,31,48,6,1,3,0,30,12,1,33,4,1,1,0,0
2025,R,schrj001,scoring,78,67,17,25,5,0,1,0,24,9,1,19,4,1,1,0,0
2025,R,schup002,empty,49,45,16,26,4,0,2,0,2,3,0,9,0,1,0,0,0
2025,R,schup002,loaded,1,0,0,0,0,0,0,0,1,0,0,0,0,0,0,1,0
2025,R,schup002,menon,61,53,11,22,5,0,2,0,16,5,0,19,0,0,0,3,0
2025,R,schup002,scoring,37,32,6,10,4,0,0,0,12,2,0,11,0,0,0,3,0
2025,R,schws001,empty,289,279,57,95,10,2,8,0,8,9,0,80,0,1,0,0,0
2025,R,schws001,loaded,2,2,1,4,0,0,1,1,4,0,0,1,0,0,0,0,0
2025,R,schws001,menon,145,131,32,55,8,0,5,1,33,9,1,28,5,1,1,3,0
2025,R,schws001,scoring,72,63,18,28,4,0,2,1,26,5,1,14,1,1,0,3,0
2025,R,scott003,empty,139,131,31,57,3,1,7,0,7,6,0,41,0,2,0,0,0
2025,R,scott003,loaded,6,6,3,6,0,0,1,1,8,0,0,2,1,0,0,0,0
2025,R,scott003,menon,99,82,23,41,4,1,4,1,28,12,2,19,6,2,1,2,0
2025,R,scott003,scoring,59,48,15,29,3,1,3,1,26,7,2,11,2,1,1,2,0
2025,R,scott004,empty,67,57,18,36,4,1,4,0,4,10,0,13,0,0,0,0,0
2025,R,scott004,loaded,4,3,1,1,0,0,0,0,2,0,0,0,0,0,0,1,0
2025,R,scott004,menon,67,54,16,29,5,1,2,0,19,8,0,11,0,1,2,2,0
2025,R,scott004,scoring,51,40,12,21,4,1,1,0,17,6,0,8,0,1,2,2,0
2025,R,seabc001,empty,22,19,5,6,1,0,0,0,0,3,0,4,0,0,0,0,0
2025,R,seabc001,loaded,3,3,2,2,0,0,0,0,3,0,0,0,0,0,0,0,0
2025,R,seabc001,menon,26,22,7,10,0,0,1,0,8,3,0,6,0,0,0,1,0
2025,R,seabc001,scoring,16,13,5,8,0,0,1,0,8,2,0,3,0,0,0,1,0
2025,R,searj001,empty,357,339,95,175,24,1,18,0,18,18,0,71,0,0,0,0,0
2025,R,searj001,loaded,9,8,2,5,0,0,1,1,7,0,0,1,3,0,0,1,0
2025,R,searj001,menon,226,195,48,96,12,0,12,1,55,18,0,46,8,6,3,4,0
2025,R,searj001,scoring,127,109,27,56,8,0,7,1,42,10,0,25,7,2,2,4,0
2025,R,seiga001,empty,1,1,1,1,0,0,0,0,0,0,0,0,0,0,0,0,0
2025,R,seiga001,menon,3,3,0,0,0,0,0,0,0,0,0,0,0,0,0,0,0
2025,R,selbc001,empty,32,31,11,20,3,0,2,0,2,1,0,6,0,0,0,0,0
2025,R,selbc001,loaded,2,2,0,0,0,0,0,0,1,0,0,0,0,0,0,0,0
2025,R,selbc001,menon,28,27,5,5,0,0,0,0,4,1,0,8,0,0,0,0,0
2025,R,selbc001,scoring,16,15,3,3,0,0,0,0,4,1,0,3,0,0,0,0,0
2025,R,sengk001,empty,268,236,54,96,15,3,7,0,7,31,0,65,0,1,0,0,0
2025,R,sengk001,loaded,8,7,1,1,0,0,0,0,2,0,0,1,1,0,0,1,0
2025,R,sengk001,menon,214,184,40,70,9,3,5,0,32,24,0,44,11,2,0,2,2
2025,R,sengk001,scoring,122,103,16,27,3,1,2,0,24,15,0,33,6,2,0,2,0
2025,R,senza001,empty,294,273,106,159,21,1,10,0,10,17,0,34,0,4,0,0,0
2025,R,senza001,loaded,17,15,7,13,1,1,1,1,20,1,0,2,0,0,0,1,0
2025,R,senza001,menon,324,281,86,144,18,2,12,1,83,30,2,39,17,4,3,5,1
2025,R,senza001,scoring,183,155,48,83,13,2,6,1,69,18,2,22,8,3,1,5,1
2025,R,sevel001,empty,405,374,86,122,18,0,6,0,6,26,0,73,0,5,0,0,0
2025,R,sevel001,loaded,25,18,6,7,1,0,0,0,19,2,0,6,0,0,0,5,0
2025,R,sevel001,menon,300,256,76,123,17,0,10,0,80,24,1,51,9,11,2,7,0
2025,R,sevel001,scoring,179,144,44,68,9,0,5,0,65,19,1,33,3,7,2,7,0
2025,R,sewap001,empty,40,37,8,15,1,0,2,0,2,3,0,10,0,0,0,0,0
2025,R,sewap001,loaded,3,3,1,1,0,0,0,0,2,0,0,1,0,0,0,0,0
2025,R,sewap001,menon,41,36,10,18,2,0,2,0,13,3,0,10,0,0,0,2,0
2025,R,sewap001,scoring,26,22,6,8,2,0,0,0,9,2,0,6,0,0,0,2,0
2025,R,seymc001,empty,93,81,22,38,4,0,4,0,4,12,0,14,0,0,0,0,0
2025,R,seymc001,menon,63,60,15,31,1,0,5,0,16,1,0,12,4,1,1,0,0
2025,R,seymc001,scoring,24,22,5,6,1,0,0,0,6,1,0,3,1,0,1,0,0
2025,R,seymi001,empty,120,108,25,31,3,0,1,0,1,11,0,38,0,1,0,0,0
2025,R,seymi001,loaded,6,6,3,6,0,0,1,1,8,0,0,3,0,0,0,0,0
2025,R,seymi001,menon,122,109,23,40,5,0,4,1,29,8,1,26,4,2,1,2,0
2025,R,seymi001,scoring,60,51,13,21,2,0,2,1,24,6,1,12,0,1,0,2,0
2025,D,sheee001,empty,6,6,2,4,0,1,0,0,0,0,0,0,0,0,0,0,0
2025,F,sheee001,empty,1,1,1,1,0,0,0,0,0,0,0,0,0,0,0,0,0
2025,R,sheee001,empty,181,165,28,47,5,1,4,0,4,14,0,56,0,2,0,0,0
2025,W,sheee001,empty,11,10,3,4,1,0,0,0,0,1,0,3,0,0,0,0,0
2025,F,sheee001,loaded,1,0,0,0,0,0,0,0,1,0,0,0,0,0,0,1,0
2025,W,sheee001,loaded,4,3,2,2,0,0,0,0,3,1,0,0,0,0,0,0,0
2025,D,sheee001,menon,7,7,2,3,1,0,0,0,2,0,0,2,0,0,0,0,0
2025,F,sheee001,menon,4,1,1,1,0,0,0,0,2,2,0,0,0,0,0,1,0
2025,R,sheee001,menon,110,100,21,37,5,1,3,0,21,8,0,33,1,0,0,2,0
2025,W,sheee001,menon,10,8,4,5,1,0,0,0,3,2,1,1,0,0,0,0,0
2025,D,sheee001,scoring,4,4,2,3,1,0,0,0,2,0,0,1,0,0,0,0,0
2025,F,sheee001,scoring,4,1,1,1,0,0,0,0,2,2,0,0,0,0,0,1,0
2025,R,sheee001,scoring,48,43,10,14,2,1,0,0,13,3,0,11,1,0,0,2,0
2025,W,sheee001,scoring,6,4,3,3,0,0,0,0,3,2,1,0,0,0,0,0,0
2025,R,shugc001,empty,105,97,19,37,5,2,3,0,3,7,0,23,0,1,0,0,0
2025,R,shugc001,loaded,7,6,2,3,1,0,0,0,5,0,0,0,0,0,0,1,0
2025,R,shugc001,menon,76,63,14,25,2,0,3,0,18,10,2,8,2,0,0,3,0
2025,R,shugc001,scoring,49,40,9,13,1,0,1,0,14,6,2,5,1,0,0,3,0
2025,R,shusj001,empty,31,29,11,14,3,0,0,0,0,1,0,6,0,1,0,0,0
2025,R,shusj001,loaded,4,4,1,1,0,0,0,0,2,0,0,1,0,0,0,0,0
2025,R,shusj001,menon,51,45,16,21,5,0,0,0,15,4,2,6,1,1,0,1,0
2025,R,shusj001,scoring,36,33,12,16,4,0,0,0,14,2,2,4,0,0,0,1,0
2025,R,silsc001,empty,22,18,5,9,1,0,1,0,1,3,0,9,0,1,0,0,0
2025,R,silsc001,loaded,4,4,1,1,0,0,0,0,2,0,0,1,0,0,0,0,0
2025,R,silsc001,menon,27,23,5,6,1,0,0,0,5,3,1,4,0,0,0,1,0
2025,R,silsc001,scoring,21,17,3,4,1,0,0,0,5,3,1,4,0,0,0,1,0
2025,R,simpj001,empty,70,61,15,21,4,1,0,0,0,8,0,19,0,1,0,0,0
2025,R,simpj001,loaded,11,9,1,1,0,0,0,0,4,1,0,3,0,0,0,0,1
2025,R,simpj001,menon,81,64,19,35,1,0,5,0,24,14,2,17,2,2,0,0,1
2025,R,simpj001,scoring,53,41,14,27,1,0,4,0,22,9,2,11,0,2,0,0,1
2025,R,simsl001,empty,35,26,6,10,1,0,1,0,1,5,0,8,0,4,0,0,0
2025,R,simsl001,loaded,5,3,1,1,0,0,0,0,3,2,0,0,0,0,0,0,0
2025,R,simsl001,menon,37,25,8,15,2,1,1,0,13,9,0,5,0,3,0,0,0
2025,R,simsl001,scoring,25,17,6,13,2,1,1,0,13,7,0,4,0,1,0,0,0
2025,R,singb001,empty,408,364,83,139,18,4,10,0,10,34,0,93,0,10,0,0,0
2025,R,singb001,loaded,16,12,4,6,0,1,0,0,11,1,0,6,0,0,0,3,0
2025,R,singb001,menon,308,267,67,116,18,2,9,0,64,26,0,70,13,4,2,9,0
2025,R,singb001,scoring,168,142,35,60,6,2,5,0,51,15,0,45,3,2,0,9,0
2025,R,siske001,empty,43,37,8,10,0,1,0,0,0,5,0,12,0,1,0,0,0
2025,R,siske001,loaded,0,0,0,0,0,0,0,0,0,0,0,0,0,0,0,0,0
2025,R,siske001,menon,37,29,8,13,2,0,1,0,8,5,0,13,0,1,1,1,0
2025,R,siske001,scoring,28,21,5,6,1,0,0,0,6,5,0,10,0,0,1,1,0
2025,R,skenp001,empty,465,436,88,144,27,1,9,0,9,26,0,138,0,3,0,0,0
2025,R,skenp001,loaded,3,3,0,0,0,0,0,0,1,0,0,1,1,0,0,0,0
2025,R,skenp001,menon,268,248,48,66,10,1,2,0,32,16,0,78,13,3,0,1,0
2025,R,skenp001,scoring,137,127,23,35,4,1,2,0,31,8,0,35,8,1,0,1,0
2025,D,skubt001,empty,35,34,7,14,1,0,2,0,2,1,0,16,0,0,0,0,0
2025,F,skubt001,empty,20,18,2,2,0,0,0,0,0,2,0,12,0,0,0,0,0
2025,R,skubt001,empty,520,500,94,142,16,1,10,0,10,19,0,166,0,1,0,0,0
2025,R,skubt001,loaded,9,8,1,4,0,0,1,1,5,0,0,5,0,0,0,1,0
2025,D,skubt001,menon,12,11,0,0,0,0,0,0,1,0,0,6,0,0,0,1,0
2025,F,skubt001,menon,8,7,1,1,0,0,0,0,1,1,0,2,1,0,0,0,0
2025,R,skubt001,menon,228,206,47,83,10,1,8,1,40,14,0,75,10,4,2,2,0
2025,D,skubt001,scoring,2,1,0,0,0,0,0,0,1,0,0,0,0,0,0,1,0
2025,F,skubt001,scoring,4,4,1,1,0,0,0,0,1,0,0,2,0,0,0,0,0
2025,R,skubt001,scoring,115,102,17,29,3,0,3,1,28,8,0,41,2,2,1,2,0
2025,R,slata001,empty,1,1,1,1,0,0,0,0,0,0,0,0,0,0,0,0,0
2025,R,slata001,menon,2,2,0,0,0,0,0,0,0,0,0,0,0,0,0,0,0
2025,F,slatj002,empty,6,5,0,0,0,0,0,0,0,1,0,1,0,0,0,0,0
2025,R,slatj002,empty,80,76,11,14,0,0,1,0,1,4,0,18,0,0,0,0,0
2025,F,slatj002,loaded,1,1,0,0,0,0,0,0,0,0,0,0,0,0,0,0,0
2025,R,slatj002,loaded,5,5,2,2,0,0,0,0,2,0,0,1,0,0,0,0,0
2025,F,slatj002,menon,3,2,1,1,0,0,0,0,1,0,0,0,0,1,0,0,0
2025,R,slatj002,menon,57,50,16,25,3,0,2,0,15,6,2,7,3,0,0,1,0
2025,F,slatj002,scoring,3,2,1,1,0,0,0,0,1,0,0,0,0,1,0,0,0
2025,R,slatj002,scoring,34,27,10,16,0,0,2,0,14,6,2,5,1,0,0,1,0
2025,R,smita001,empty,110,100,26,37,3,1,2,0,2,9,0,24,0,1,0,0,0
2025,R,smita001,loaded,7,6,2,3,1,0,0,0,5,1,0,2,1,0,0,0,0
2025,R,smita001,menon,82,69,16,27,5,0,2,0,14,12,0,18,3,0,1,0,0
2025,R,smita001,scoring,51,41,9,15,3,0,1,0,11,10,0,13,1,0,0,0,0
2025,F,smitc009,empty,6,4,0,0,0,0,0,0,0,1,0,1,0,1,0,0,0
2025,R,smitc009,empty,165,152,21,35,8,0,2,0,2,10,0,58,0,3,0,0,0
2025,F,smitc009,loaded,1,1,0,0,0,0,0,0,0,0,0,0,0,0,0,0,0
2025,R,smitc009,loaded,11,9,0,0,0,0,0,0,2,0,0,4,1,0,0,2,0
2025,F,smitc009,menon,9,6,0,0,0,0,0,0,0,1,0,3,0,1,1,0,0
2025,R,smitc009,menon,135,122,34,55,13,1,2,0,29,9,3,46,1,1,1,2,0
2025,F,smitc009,scoring,7,6,0,0,0,0,0,0,0,0,0,3,0,0,1,0,0
2025,R,smitc009,scoring,89,80,24,41,9,1,2,0,27,5,3,24,1,1,1,2,0
2025,R,smitd010,empty,25,17,1,1,0,0,0,0,0,5,0,1,0,3,0,0,0
2025,R,smitd010,loaded,2,2,0,0,0,0,0,0,0,0,0,0,0,0,0,0,0
2025,R,smitd010,menon,23,23,5,6,1,0,0,0,2,0,0,3,4,0,0,0,0
2025,R,smitd010,scoring,11,11,2,3,1,0,0,0,2,0,0,1,1,0,0,0,0
2025,R,smits003,empty,355,311,67,98,11,1,6,0,6,39,0,89,0,5,0,0,0
2025,R,smits003,loaded,5,5,1,1,0,0,0,0,2,0,0,0,0,0,0,0,0
2025,R,smits003,menon,261,231,50,99,12,2,11,0,55,19,1,56,12,7,2,2,0
2025,R,smits003,scoring,136,120,29,62,7,1,8,0,48,8,1,28,2,4,2,2,0
2025,D,snelb001,empty,15,12,1,1,0,0,0,0,0,3,0,6,0,0,0,0,0
2025,F,snelb001,empty,20,20,2,3,1,0,0,0,0,0,0,8,0,0,0,0,0
2025,L,snelb001,empty,23,23,1,1,0,0,0,0,0,0,0,9,0,0,0,0,0
2025,R,snelb001,empty,145,132,30,39,6,0,1,0,1,13,0,47,0,0,0,0,0
2025,W,snelb001,empty,31,26,11,19,0,1,2,0,2,5,0,4,0,0,0,0,0
2025,R,snelb001,loaded,5,4,2,4,2,0,0,0,5,0,0,0,0,0,0,1,0
2025,W,snelb001,loaded,1,1,0,0,0,0,0,0,0,0,0,0,0,0,0,0,0
2025,D,snelb001,menon,7,6,0,0,0,0,0,0,0,1,0,3,0,0,0,0,0
2025,F,snelb001,menon,6,5,2,3,1,0,0,0,2,1,0,1,0,0,0,0,0
2025,L,snelb001,menon,1,1,0,0,0,0,0,0,0,0,0,1,0,0,0,0,0
2025,R,snelb001,menon,109,90,21,31,4,0,2,0,18,13,1,25,4,0,3,3,0
2025,W,snelb001,menon,27,22,4,7,0,0,1,0,3,3,0,9,3,1,0,1,0
2025,D,snelb001,scoring,3,2,0,0,0,0,0,0,0,1,0,1,0,0,0,0,0
2025,F,snelb001,scoring,4,3,0,0,0,0,0,0,1,1,0,1,0,0,0,0,0
2025,R,snelb001,scoring,65,54,11,15,4,0,0,0,14,8,1,15,1,0,0,3,0
2025,W,snelb001,scoring,10,6,0,0,0,0,0,0,1,2,0,3,0,1,0,1,0
2025,R,snidc001,empty,50,48,13,26,5,1,2,0,2,1,0,10,0,1,0,0,0
2025,R,snidc001,loaded,2,2,1,2,1,0,0,0,2,0,0,1,0,0,0,0,0
2025,R,snidc001,menon,69,59,19,31,7,1,1,0,21,5,1,14,3,1,2,2,0
2025,R,snidc001,scoring,51,43,14,22,3,1,1,0,18,4,1,10,2,1,1,2,0
2025,R,sommd001,empty,8,7,4,4,0,0,0,0,0,1,0,1,0,0,0,0,0
2025,R,sommd001,menon,11,8,3,9,1,1,1,0,6,2,0,2,0,1,0,0,0
2025,R,sommd001,scoring,4,3,2,5,1,1,0,0,4,0,0,1,0,1,0,0,0
2025,R,sorig001,empty,75,61,16,33,3,1,4,0,4,13,0,14,0,1,0,0,0
2025,R,sorig001,loaded,3,3,2,6,1,0,1,1,6,0,0,0,0,0,0,0,0
2025,R,sorig001,menon,98,89,30,52,4,0,6,1,31,6,1,22,2,1,0,1,1
2025,R,sorig001,scoring,65,59,19,33,2,0,4,1,26,4,1,15,1,0,0,1,1
2025,R,sorij002,empty,395,343,83,116,10,1,7,0,7,48,0,87,0,3,0,0,1
2025,R,sorij002,loaded,22,20,6,9,3,0,0,0,13,1,0,8,4,0,0,1,0
2025,R,sorij002,menon,329,291,75,108,18,0,5,0,67,30,0,65,30,2,4,2,0
2025,R,sorij002,scoring,169,144,41,59,12,0,2,0,58,20,0,32,8,1,2,2,0
2025,D,sorom001,empty,1,1,1,1,0,0,0,0,0,0,0,0,0,0,0,0,0
2025,F,sorom001,empty,2,2,0,0,0,0,0,0,0,0,0,0,0,0,0,0,0
2025,R,sorom001,empty,240,214,46,80,8,1,8,0,8,19,0,62,0,7,0,0,0
2025,D,sorom001,loaded,3,3,2,2,0,0,0,0,4,0,0,0,0,0,0,0,0
2025,R,sorom001,loaded,5,4,2,3,1,0,0,0,6,1,0,1,0,0,0,0,0
2025,D,sorom001,menon,9,7,4,4,0,0,0,0,4,2,0,1,0,0,0,0,0
2025,R,sorom001,menon,139,120,26,45,7,0,4,0,30,10,0,33,4,8,0,1,0
2025,D,sorom001,scoring,8,6,3,3,0,0,0,0,4,2,0,1,0,0,0,0,0
2025,R,sorom001,scoring,73,62,14,22,5,0,1,0,23,7,0,13,1,3,0,1,0
2025,R,sotog003,empty,105,89,26,33,4,0,1,0,1,9,0,21,0,7,0,0,0
2025,R,sotog003,loaded,10,10,4,4,0,0,0,0,7,0,0,2,0,0,0,0,0
2025,R,sotog003,menon,174,152,36,50,5,0,3,0,36,15,1,49,3,4,1,2,0
2025,R,sotog003,scoring,105,90,25,33,5,0,1,0,32,9,1,26,1,3,1,2,0
2025,R,sousb001,empty,104,95,20,36,7,0,3,0,3,9,0,35,0,0,0,0,0
2025,R,sousb001,loaded,4,4,2,2,0,0,0,0,3,0,0,0,1,0,0,0,0
2025,R,sousb001,menon,95,86,17,24,4,0,1,0,16,6,0,24,4,0,1,2,0
2025,R,sousb001,scoring,67,59,12,16,4,0,0,0,14,5,0,18,2,0,1,2,0
2025,D,speig001,empty,10,10,1,4,0,0,1,0,1,0,0,3,0,0,0,0,0
2025,L,speig001,empty,7,7,1,1,0,0,0,0,0,0,0,0,0,0,0,0,0
2025,R,speig001,empty,138,131,27,47,8,0,4,0,4,4,0,43,0,3,0,0,0
2025,L,speig001,loaded,3,2,0,0,0,0,0,0,1,1,0,2,0,0,0,0,0
2025,R,speig001,loaded,7,4,0,0,0,0,0,0,3,0,0,3,0,1,0,2,0
2025,D,speig001,menon,7,6,3,7,1,0,1,0,4,1,1,1,0,0,0,0,0
2025,L,speig001,menon,6,4,1,2,1,0,0,0,2,1,0,2,0,0,1,0,0
2025,R,speig001,menon,105,93,16,26,3,2,1,0,19,7,1,39,0,2,0,3,0
2025,D,speig001,scoring,7,6,3,7,1,0,1,0,4,1,1,1,0,0,0,0,0
2025,L,speig001,scoring,5,4,1,2,1,0,0,0,2,1,0,2,0,0,0,0,0
2025,R,speig001,scoring,60,52,9,12,3,0,0,0,15,4,1,21,0,1,0,3,0
2025,R,spenm001,empty,215,199,53,91,8,0,10,0,10,12,0,41,0,3,0,0,1
2025,R,spenm001,loaded,9,8,3,6,0,0,1,1,8,0,0,3,0,0,0,1,0
2025,R,spenm001,menon,160,143,43,73,12,0,6,1,45,14,2,25,6,1,0,2,0
2025,R,spenm001,scoring,84,71,25,44,7,0,4,1,40,10,2,16,2,1,0,2,0
2025,R,spiec001,empty,34,28,7,17,1,0,3,0,3,5,0,7,0,1,0,0,0
2025,R,spiec001,menon,26,22,6,7,1,0,0,0,4,2,0,4,0,0,1,1,0
2025,R,spiec001,scoring,13,11,3,3,0,0,0,0,4,0,0,1,0,0,1,1,0
2025,R,sprij001,empty,443,416,91,173,19,0,21,0,21,26,0,88,0,1,0,0,0
2025,R,sprij001,loaded,16,10,1,2,1,0,0,0,9,1,0,7,1,0,0,5,0
2025,R,sprij001,menon,270,231,62,100,17,0,7,0,59,28,0,50,8,2,1,8,0
2025,R,sprij001,scoring,160,131,34,52,6,0,4,0,48,20,0,34,4,0,1,8,0
2025,R,sprob001,empty,49,41,8,9,1,0,0,0,0,6,0,11,0,2,0,0,0
2025,R,sprob001,menon,35,33,10,17,3,2,0,0,9,1,0,6,4,0,0,1,0
2025,R,sprob001,scoring,15,14,5,11,2,2,0,0,8,0,0,0,2,0,0,1,0
2025,R,stalj001,empty,6,6,1,1,0,0,0,0,0,0,0,1,0,0,0,0,0
2025,R,stalj001,menon,2,2,1,2,1,0,0,0,1,0,0,0,0,0,0,0,0
2025,R,stalj001,scoring,1,1,0,0,0,0,0,0,0,0,0,0,0,0,0,0,0
2025,R,stanr002,empty,122,108,26,39,2,1,3,0,3,14,0,29,0,0,0,0,0
2025,R,stanr002,loaded,5,4,2,2,0,0,0,0,4,0,0,1,0,0,0,1,0
2025,R,stanr002,menon,133,113,30,50,8,0,4,0,30,18,0,29,2,0,0,2,0
2025,R,stanr002,scoring,70,56,16,28,3,0,3,0,27,12,0,16,1,0,0,2,0
2025,R,steej002,empty,59,53,12,20,2,0,2,0,2,5,0,18,0,1,0,0,0
2025,R,steej002,menon,33,32,9,20,2,0,3,0,9,0,0,3,2,0,0,1,0
2025,R,steej002,scoring,14,13,4,10,0,0,2,0,7,0,0,1,0,0,0,1,0
2025,R,stefm001,empty,3,3,0,0,0,0,0,0,0,0,0,0,0,0,0,0,0
2025,R,stepr002,empty,21,20,5,10,2,0,1,0,1,1,0,5,0,0,0,0,0
2025,R,stepr002,menon,21,17,2,4,2,0,0,0,2,2,1,5,0,1,0,0,1
2025,R,stepr002,scoring,17,14,2,4,2,0,0,0,2,1,1,3,0,1,0,0,1
2025,R,sterj001,empty,141,126,26,50,3,0,7,0,7,10,0,38,0,4,0,0,1
2025,R,sterj001,loaded,5,5,1,1,0,0,0,0,2,0,0,2,0,0,0,0,0
2025,R,sterj001,menon,125,108,21,32,2,0,3,0,22,11,2,32,1,3,0,3,0
2025,R,sterj001,scoring,76,64,11,15,1,0,1,0,18,6,2,18,0,3,0,3,0
2025,R,stewb001,empty,75,68,17,19,2,0,0,0,0,5,0,16,0,2,0,0,0
2025,R,stewb001,loaded,3,3,0,0,0,0,0,0,0,0,0,1,0,0,0,0,0
2025,R,stewb001,menon,84,73,15,28,2,1,3,0,17,8,2,28,0,2,1,0,0
2025,R,stewb001,scoring,50,42,10,21,2,0,3,0,16,7,2,13,0,1,0,0,0
2025,R,stocr001,empty,6,4,1,1,0,0,0,0,0,2,0,0,0,0,0,0,0
2025,R,stocr001,loaded,1,1,1,1,0,0,0,0,1,0,0,0,0,0,0,0,0
2025,R,stocr001,menon,9,7,3,6,0,0,1,0,3,2,0,1,0,0,0,0,0
2025,R,stocr001,scoring,4,2,1,1,0,0,0,0,1,2,0,0,0,0,0,0,0
2025,R,strac001,empty,48,43,16,32,2,1,4,0,4,5,0,13,0,0,0,0,0
2025,R,strac001,loaded,2,2,0,0,0,0,0,0,1,0,0,1,0,0,0,0,0
2025,R,strac001,menon,56,49,16,21,3,1,0,0,15,5,0,9,1,0,0,2,0
2025,R,strac001,scoring,33,29,11,15,2,1,0,0,15,2,0,6,0,0,0,2,0
2025,R,strah001,empty,38,34,9,15,0,0,2,0,2,4,0,8,0,0,0,0,0
2025,R,strah001,loaded,8,5,1,1,0,0,0,0,4,0,0,2,0,1,0,2,0
2025,R,strah001,menon,51,43,14,19,2,0,1,0,12,3,0,8,1,3,0,2,0
2025,R,strah001,scoring,29,23,7,9,2,0,0,0,10,2,0,6,0,2,0,2,0
2025,D,stram001,empty,4,4,0,0,0,0,0,0,0,0,0,1,0,0,0,0,0
2025,R,stram001,empty,142,128,26,49,8,0,5,0,5,13,0,41,0,1,0,0,0
2025,R,stram001,loaded,1,0,0,0,0,0,0,0,1,0,0,0,0,0,0,1,0
2025,D,stram001,menon,5,5,2,5,0,0,1,0,4,0,0,1,0,0,0,0,0
2025,R,stram001,menon,114,98,21,28,3,2,0,0,17,7,1,29,1,1,3,5,0
2025,D,stram001,scoring,5,5,2,5,0,0,1,0,4,0,0,1,0,0,0,0,0
2025,R,stram001,scoring,66,55,11,16,3,1,0,0,16,4,1,16,1,1,1,5,0
2025,R,strih001,empty,43,36,7,13,3,0,1,0,1,7,0,7,0,0,0,0,0
2025,R,strih001,loaded,7,6,1,1,0,0,0,0,3,1,0,0,0,0,0,0,0
2025,R,strih001,menon,48,44,10,16,3,0,1,0,11,3,2,7,1,0,0,1,0
2025,R,strih001,scoring,34,30,6,8,2,0,0,0,8,3,2,5,1,0,0,1,0
2025,R,stris002,empty,321,286,74,124,15,1,11,0,11,30,0,79,0,5,0,0,0
2025,R,stris002,loaded,9,7,2,3,1,0,0,0,6,0,0,2,1,0,0,2,0
2025,R,stris002,menon,218,189,50,91,14,0,9,0,47,21,0,52,8,3,1,4,0
2025,R,stris002,scoring,127,107,22,36,5,0,3,0,30,14,0,32,5,1,1,4,0
2025,R,strok001,empty,62,56,10,14,1,0,1,0,1,5,0,16,0,1,0,0,0
2025,R,strok001,menon,43,34,6,6,0,0,0,0,2,8,0,8,4,0,0,1,0
2025,R,strok001,scoring,23,18,2,2,0,0,0,0,2,4,0,6,4,0,0,1,0
2025,R,strom001,empty,100,90,21,36,6,0,3,0,3,8,0,16,0,2,0,0,0
2025,R,strom001,loaded,4,3,1,2,1,0,0,0,4,1,0,1,0,0,0,0,0
2025,R,strom001,menon,75,66,23,37,5,0,3,0,24,8,0,10,4,0,0,1,0
2025,R,strom001,scoring,44,37,14,24,4,0,2,0,22,6,0,5,2,0,0,1,0
2025,R,suara001,empty,22,20,4,5,1,0,0,0,0,1,0,5,0,1,0,0,0
2025,R,suara001,menon,22,20,5,8,1,1,0,0,4,1,1,5,1,0,0,1,0
2025,R,suara001,scoring,15,13,4,7,1,1,0,0,4,1,1,3,0,0,0,1,0
2025,R,suarj001,empty,43,38,9,13,1,0,1,0,1,5,0,11,0,0,0,0,0
2025,R,suarj001,loaded,2,1,0,0,0,0,0,0,1,1,0,0,0,0,0,0,0
2025,R,suarj001,menon,38,31,6,7,1,0,0,0,4,5,1,5,1,0,1,1,0
2025,R,suarj001,scoring,20,13,1,1,0,0,0,0,3,5,1,2,0,0,1,1,0
2025,D,suarr001,empty,15,14,3,6,0,0,1,0,1,1,0,4,0,0,0,0,0
2025,R,suarr001,empty,379,354,94,140,12,2,10,0,10,21,0,93,0,4,0,0,0
2025,R,suarr001,loaded,9,8,3,4,1,0,0,0,7,1,0,1,0,0,0,0,0
2025,D,suarr001,menon,5,5,2,2,0,0,0,0,0,0,0,0,1,0,0,0,0
2025,R,suarr001,menon,272,248,60,85,13,0,4,0,44,17,0,58,13,2,2,3,0
2025,D,suarr001,scoring,2,2,0,0,0,0,0,0,0,0,0,0,1,0,0,0,0
2025,R,suarr001,scoring,118,104,28,46,6,0,4,0,44,9,0,20,4,1,1,3,0
2025,F,suarr002,empty,6,6,4,8,1,0,1,0,1,0,0,0,0,0,0,0,0
2025,R,suarr002,empty,167,160,26,45,4,0,5,0,5,6,0,49,0,1,0,0,0
2025,R,suarr002,loaded,10,7,3,5,0,1,0,0,8,2,0,3,0,0,0,1,0
2025,F,suarr002,menon,5,5,1,1,0,0,0,0,0,0,0,2,1,0,0,0,0
2025,R,suarr002,menon,102,89,21,28,2,1,1,0,18,10,2,26,3,1,1,1,0
2025,F,suarr002,scoring,2,2,0,0,0,0,0,0,0,0,0,2,0,0,0,0,0
2025,R,suarr002,scoring,63,53,14,17,1,1,0,0,16,7,2,19,2,1,1,1,0
2025,R,suerw002,empty,16,15,4,5,1,0,0,0,0,1,0,2,0,0,0,0,0
2025,R,suerw002,loaded,1,1,0,0,0,0,0,0,0,0,0,0,0,0,0,0,0
2025,R,suerw002,menon,16,13,6,15,0,0,3,0,9,3,0,5,0,0,0,0,0
2025,R,suerw002,scoring,10,8,4,13,0,0,3,0,9,2,0,3,0,0,0,0,0
2025,R,sugat001,empty,410,387,106,196,14,2,24,0,24,22,0,69,0,1,0,0,0
2025,R,sugat001,loaded,9,8,1,1,0,0,0,0,2,0,0,1,0,0,0,1,0
2025,R,sugat001,menon,265,239,67,103,7,1,9,0,56,14,2,37,11,7,0,5,0
2025,R,sugat001,scoring,138,124,32,52,3,1,5,0,47,6,2,22,4,3,0,5,0
2025,R,sulsc001,empty,56,52,10,12,2,0,0,0,0,4,0,19,0,0,0,0,0
2025,R,sulsc001,loaded,2,2,0,0,0,0,0,0,0,0,0,1,0,0,0,0,0
2025,R,sulsc001,menon,34,31,10,13,0,0,1,0,5,3,1,3,4,0,0,0,0
2025,R,sulsc001,scoring,19,17,5,8,0,0,1,0,5,2,1,2,2,0,0,0,0
2025,F,suteb001,empty,2,2,1,1,0,0,0,0,0,0,0,0,0,0,0,0,0
2025,R,suteb001,empty,162,152,34,50,7,0,3,0,3,9,0,34,0,1,0,0,0
2025,R,suteb001,loaded,9,8,2,2,0,0,0,0,5,0,0,2,0,0,0,1,0
2025,F,suteb001,menon,6,6,3,4,1,0,0,0,1,0,0,2,0,0,0,0,0
2025,R,suteb001,menon,129,117,35,64,3,1,8,0,41,9,1,19,3,1,1,1,0
2025,F,suteb001,scoring,2,2,1,1,0,0,0,0,1,0,0,1,0,0,0,0,0
2025,R,suteb001,scoring,78,67,18,34,2,1,4,0,33,8,1,13,1,1,1,1,0
2025,R,svanm001,empty,136,120,13,17,1,0,1,0,1,14,0,42,0,2,0,0,0
2025,R,svanm001,loaded,14,13,3,6,0,0,1,1,11,0,0,2,0,0,0,1,0
2025,R,svanm001,menon,98,86,20,34,4,2,2,1,24,6,0,26,4,2,0,4,0
2025,R,svanm001,scoring,60,49,9,13,1,0,1,1,20,5,0,15,1,2,0,4,0
2025,R,swane001,empty,10,10,4,8,1,0,1,0,1,0,0,0,0,0,0,0,0
2025,R,swane001,loaded,4,3,1,4,0,0,1,1,5,1,0,1,0,0,0,0,0
2025,R,swane001,menon,20,12,4,9,2,0,1,1,10,5,0,3,0,1,0,2,0
2025,R,swane001,scoring,16,9,4,9,2,0,1,1,10,4,0,2,0,1,0,2,0
2025,D,tailj001,empty,9,9,2,3,1,0,0,0,0,0,0,3,0,0,0,0,0
2025,F,tailj001,empty,12,12,2,3,1,0,0,0,0,0,0,3,0,0,0,0,0
2025,R,tailj001,empty,350,330,75,146,19,2,16,0,16,20,0,66,0,0,0,0,0
2025,D,tailj001,loaded,1,0,0,0,0,0,0,0,1,0,0,0,0,0,0,1,0
2025,R,tailj001,loaded,3,3,1,1,0,0,0,0,3,0,0,0,0,0,0,0,0
2025,D,tailj001,menon,9,7,3,3,0,0,0,0,2,1,0,0,0,0,0,1,0
2025,F,tailj001,menon,2,2,0,0,0,0,0,0,0,0,0,1,0,0,0,0,0
2025,R,tailj001,menon,169,159,35,63,4,0,8,0,33,7,0,32,4,0,2,1,0
2025,D,tailj001,scoring,8,6,2,2,0,0,0,0,2,1,0,0,0,0,0,1,0
2025,F,tailj001,scoring,1,1,0,0,0,0,0,0,0,0,0,0,0,0,0,0,0
2025,R,tailj001,scoring,84,77,19,25,3,0,1,0,19,5,0,17,0,0,1,1,0
2025,R,tarnf001,empty,17,13,0,0,0,0,0,0,0,3,0,3,0,1,0,0,0
2025,R,tarnf001,menon,11,10,1,4,0,0,1,0,2,1,0,7,1,0,0,0,0
2025,R,tarnf001,scoring,3,3,0,0,0,0,0,0,0,0,0,3,0,0,0,0,0
2025,R,tated001,empty,17,13,5,6,1,0,0,0,0,3,0,4,0,1,0,0,0
2025,R,tated001,loaded,1,1,0,0,0,0,0,0,0,0,0,0,0,0,0,0,0
2025,R,tated001,menon,17,14,3,6,0,0,1,0,3,3,0,4,1,0,0,0,0
2025,R,tated001,scoring,8,7,2,2,0,0,0,0,1,1,0,1,0,0,0,0,0
2025,R,taylg002,empty,73,66,16,18,2,0,0,0,0,7,0,24,0,0,0,0,0
2025,R,taylg002,loaded,4,3,1,1,0,0,0,0,4,0,0,1,0,0,0,1,0
2025,R,taylg002,menon,84,72,21,24,3,0,0,0,16,8,1,30,4,0,2,2,0
2025,R,taylg002,scoring,54,45,13,16,3,0,0,0,16,5,1,22,1,0,2,2,0
2025,R,taylt003,empty,17,16,7,10,0,0,1,0,1,1,0,1,0,0,0,0,0
2025,R,taylt003,loaded,4,2,1,1,0,0,0,0,3,0,0,0,0,0,0,2,0
2025,R,taylt003,menon,20,14,7,11,1,0,1,0,7,2,0,1,1,1,1,2,0
2025,R,taylt003,scoring,12,9,5,6,1,0,0,0,5,1,0,0,0,0,0,2,0
2025,R,tellr001,empty,6,6,3,3,0,0,0,0,0,0,0,0,0,0,0,0,0
2025,R,tellr001,menon,5,4,2,5,0,0,1,0,3,0,0,0,1,1,0,0,0
2025,R,tellr001,scoring,2,2,1,4,0,0,1,0,3,0,0,0,0,0,0,0,0
2025,R,tengk001,empty,69,58,14,16,2,0,0,0,0,9,0,22,0,2,0,0,0
2025,R,tengk001,loaded,7,7,4,4,0,0,0,0,6,0,0,0,1,0,0,0,0
2025,R,tengk001,menon,70,56,15,24,3,0,2,0,13,8,0,17,4,5,0,1,0
2025,R,tengk001,scoring,40,33,7,10,0,0,1,0,11,4,0,15,1,2,0,1,0
2025,D,thiec001,empty,6,5,0,0,0,0,0,0,0,1,0,1,0,0,0,0,0
2025,F,thiec001,empty,3,3,2,2,0,0,0,0,0,0,0,1,0,0,0,0,0
2025,R,thiec001,empty,141,135,20,25,5,0,0,0,0,6,0,33,0,0,0,0,0
2025,R,thiec001,loaded,6,6,0,0,0,0,0,0,0,0,0,4,0,0,0,0,0
2025,D,thiec001,menon,3,2,0,0,0,0,0,0,0,1,0,1,0,0,0,0,0
2025,F,thiec001,menon,4,3,0,0,0,0,0,0,0,1,0,2,0,0,0,0,0
2025,R,thiec001,menon,79,69,18,39,4,1,5,0,24,7,1,23,4,0,0,3,0
2025,D,thiec001,scoring,3,2,0,0,0,0,0,0,0,1,0,1,0,0,0,0,0
2025,F,thiec001,scoring,2,2,0,0,0,0,0,0,0,0,0,1,0,0,0,0,0
2025,R,thiec001,scoring,47,40,12,23,3,1,2,0,18,4,1,15,1,0,0,3,0
2025,R,thomc004,empty,13,11,3,7,1,0,1,0,1,2,0,4,0,0,0,0,0
2025,R,thomc004,loaded,3,3,3,6,0,0,1,1,7,0,0,0,0,0,0,0,0
2025,R,thomc004,menon,18,15,9,16,1,0,2,1,12,0,0,1,1,1,0,2,0
2025,R,thomc004,scoring,13,10,6,12,0,0,2,1,12,0,0,0,1,1,0,2,0
2025,R,thomm005,empty,30,25,8,13,2,0,1,0,1,5,0,5,0,0,0,0,0
2025,R,thomm005,loaded,5,4,3,5,0,1,0,0,8,1,0,0,0,0,0,0,0
2025,R,thomm005,menon,30,23,8,13,3,1,0,0,10,7,2,6,0,0,0,0,0
2025,R,thomm005,scoring,21,14,6,9,1,1,0,0,10,7,2,4,0,0,0,0,0
2025,R,thomr007,empty,89,81,18,21,3,0,0,0,0,7,0,17,0,1,0,0,0
2025,R,thomr007,loaded,7,7,1,1,0,0,0,0,3,0,0,3,0,0,0,0,0
2025,R,thomr007,menon,86,79,24,40,4,0,4,0,24,6,2,19,4,1,0,0,0
2025,R,thomr007,scoring,58,52,17,32,3,0,4,0,24,5,2,14,0,1,0,0,0
2025,R,thomz001,empty,9,8,0,0,0,0,0,0,0,1,0,3,0,0,0,0,0
2025,R,thomz001,menon,3,3,0,0,0,0,0,0,0,0,0,0,0,0,0,0,0
2025,R,thomz001,scoring,1,1,0,0,0,0,0,0,0,0,0,0,0,0,0,0,0
2025,R,thort002,empty,100,93,25,33,2,0,2,0,2,6,0,17,0,1,0,0,0
2025,R,thort002,loaded,4,4,0,0,0,0,0,0,1,0,0,2,0,0,0,0,0
2025,R,thort002,menon,80,66,16,31,1,1,4,0,22,8,2,15,4,3,1,2,0
2025,R,thort002,scoring,45,35,11,26,1,1,4,0,22,5,2,8,3,2,1,2,0
2025,R,tidwb001,empty,37,32,14,25,2,0,3,0,3,5,0,4,0,0,0,0,0
2025,R,tidwb001,loaded,4,3,2,2,0,0,0,0,6,0,0,0,0,0,0,1,0
2025,R,tidwb001,menon,41,34,9,12,0,0,1,0,10,5,0,6,1,1,0,1,0
2025,R,tidwb001,scoring,24,19,5,8,0,0,1,0,10,4,0,3,0,0,0,1,0
2025,R,tinoj001,empty,39,37,9,11,2,0,0,0,0,2,0,5,0,0,0,0,0
2025,R,tinoj001,loaded,2,2,2,3,1,0,0,0,3,0,0,0,0,0,0,0,0
2025,R,tinoj001,menon,41,34,8,15,2,1,1,0,10,6,1,5,2,0,1,0,0
2025,R,tinoj001,scoring,27,24,7,14,2,1,1,0,10,3,1,2,1,0,0,0,0
2025,R,tollp001,empty,44,39,11,24,1,0,4,0,4,5,0,13,0,0,0,0,0
2025,F,tollp001,loaded,1,1,0,0,0,0,0,0,0,0,0,0,0,0,0,0,0
2025,R,tollp001,loaded,3,2,1,1,0,0,0,0,3,0,0,0,0,0,0,1,0
2025,F,tollp001,menon,1,1,0,0,0,0,0,0,0,0,0,0,0,0,0,0,0
2025,R,tollp001,menon,30,26,7,11,1,0,1,0,6,3,0,6,1,0,0,1,0
2025,F,tollp001,scoring,1,1,0,0,0,0,0,0,0,0,0,0,0,0,0,0,0
2025,R,tollp001,scoring,17,14,3,6,0,0,1,0,6,2,0,5,0,0,0,1,0
2025,R,tongj001,empty,46,41,10,18,2,0,2,0,2,5,0,13,0,0,0,0,0
2025,R,tongj001,loaded,2,2,2,3,1,0,0,0,4,0,0,0,0,0,0,0,0
2025,R,tongj001,menon,41,36,14,20,3,0,1,0,16,4,0,9,1,0,0,1,0
2025,R,tongj001,scoring,25,22,11,14,3,0,0,0,14,2,0,3,0,0,0,1,0
2025,R,tonkm001,empty,50,43,10,16,0,0,2,0,2,5,0,11,0,2,0,0,0
2025,R,tonkm001,loaded,1,0,0,0,0,0,0,0,1,0,0,0,0,0,0,1,0
2025,R,tonkm001,menon,53,46,10,18,5,0,1,0,12,3,0,8,1,3,0,1,0
2025,R,tonkm001,scoring,34,29,7,11,4,0,0,0,10,2,0,6,1,2,0,1,0
2025,R,topaj001,empty,114,107,30,39,6,0,1,0,1,6,0,23,0,1,0,0,0
2025,R,topaj001,loaded,15,13,4,4,0,0,0,0,8,1,0,2,0,0,0,1,0
2025,R,topaj001,menon,154,135,38,52,11,0,1,0,38,12,3,26,3,3,2,2,0
2025,R,topaj001,scoring,103,87,27,38,8,0,1,0,36,9,3,16,0,3,2,2,0
2025,R,toroa001,empty,1,1,1,2,1,0,0,0,0,0,0,0,0,0,0,0,0
2025,R,toroa001,loaded,3,2,0,0,0,0,0,0,1,0,0,0,0,0,0,1,0
2025,R,toroa001,menon,7,5,3,4,1,0,0,0,2,1,0,0,0,0,0,1,0
2025,R,toroa001,scoring,7,5,3,4,1,0,0,0,2,1,0,0,0,0,0,1,0
2025,R,torrl001,empty,4,3,3,7,1,0,1,0,1,1,0,0,0,0,0,0,0
2025,R,torrl001,menon,4,4,2,7,0,1,1,0,3,0,0,0,0,0,0,0,0
2025,R,torrl001,scoring,1,1,0,0,0,0,0,0,0,0,0,0,0,0,0,0,0
2025,R,toust001,empty,5,5,1,1,0,0,0,0,0,0,0,2,0,0,0,0,0
2025,R,toust001,loaded,1,1,0,0,0,0,0,0,0,0,0,0,0,0,0,0,0
2025,R,toust001,menon,6,5,3,4,1,0,0,0,2,1,0,1,0,0,0,0,0
2025,R,toust001,scoring,3,2,1,1,0,0,0,0,2,1,0,0,0,0,0,0,0
2025,D,treib001,empty,4,4,1,1,0,0,0,0,0,0,0,0,0,0,0,0,0
2025,F,treib001,empty,3,3,1,1,0,0,0,0,0,0,0,2,0,0,0,0,0
2025,L,treib001,empty,1,1,1,2,1,0,0,0,0,0,0,0,0,0,0,0,0
2025,R,treib001,empty,51,46,18,30,3,0,3,0,3,4,0,12,0,1,0,0,0
2025,W,treib001,empty,4,4,1,1,0,0,0,0,0,0,0,0,0,0,0,0,0
2025,L,treib001,loaded,1,1,0,0,0,0,0,0,0,0,0,1,0,0,0,0,0
2025,R,treib001,loaded,8,5,0,0,0,0,0,0,4,3,0,2,0,0,0,0,0
2025,D,treib001,menon,2,2,2,4,2,0,0,0,2,0,0,0,0,0,0,0,0
2025,F,treib001,menon,2,2,0,0,0,0,0,0,0,0,0,0,0,0,0,0,0
2025,L,treib001,menon,6,4,0,0,0,0,0,0,0,2,0,3,0,0,0,0,0
2025,R,treib001,menon,78,61,12,17,2,0,1,0,16,15,4,24,0,1,0,1,0
2025,W,treib001,menon,6,6,4,4,0,0,0,0,3,0,0,0,0,0,0,0,0
2025,D,treib001,scoring,1,1,1,2,1,0,0,0,2,0,0,0,0,0,0,0,0
2025,F,treib001,scoring,2,2,0,0,0,0,0,0,0,0,0,0,0,0,0,0,0
2025,L,treib001,scoring,6,4,0,0,0,0,0,0,0,2,0,3,0,0,0,0,0
2025,R,treib001,scoring,56,39,7,12,2,0,1,0,16,15,4,13,0,1,0,1,0
2025,W,treib001,scoring,4,4,2,2,0,0,0,0,2,0,0,0,0,0,0,0,0
2025,R,treja001,empty,2,2,1,1,0,0,0,0,0,0,0,0,0,0,0,0,0
2025,R,treja001,menon,1,1,0,0,0,0,0,0,0,0,0,0,1,0,0,0,0
2025,R,trevj001,empty,2,1,1,2,1,0,0,0,0,1,0,0,0,0,0,0,0
2025,R,trevj001,loaded,2,1,0,0,0,0,0,0,1,0,0,0,0,0,0,1,0
2025,R,trevj001,menon,10,9,3,4,1,0,0,0,2,0,0,1,0,0,0,1,0
2025,R,trevj001,scoring,6,5,2,2,0,0,0,0,2,0,0,0,0,0,0,1,0
2025,R,trioj001,empty,3,3,1,2,1,0,0,0,0,0,0,0,0,0,0,0,0
2025,R,trioj001,loaded,1,1,0,0,0,0,0,0,0,0,0,0,0,0,0,0,0
2025,R,trioj001,menon,5,4,2,5,0,0,1,0,2,1,0,0,0,0,0,0,0
2025,R,trioj001,scoring,5,4,2,5,0,0,1,0,2,1,0,0,0,0,0,0,0
2025,R,trivl001,empty,105,94,23,37,3,1,3,0,3,10,0,15,0,1,0,0,0
2025,R,trivl001,loaded,10,8,1,4,0,0,1,1,6,1,0,3,0,0,0,1,0
2025,R,trivl001,menon,102,84,23,34,2,0,3,1,22,8,1,22,4,5,1,4,0
2025,R,trivl001,scoring,64,47,12,16,1,0,1,1,17,7,1,13,1,5,1,4,0
2025,R,turns003,empty,15,13,6,12,1,1,1,0,1,2,0,1,0,0,0,0,0
2025,R,turns003,loaded,3,3,1,1,0,0,0,0,2,0,0,0,0,0,0,0,0
2025,R,turns003,menon,18,16,6,6,0,0,0,0,3,2,0,3,1,0,0,0,0
2025,R,turns003,scoring,13,11,3,3,0,0,0,0,3,2,0,2,1,0,0,0,0
2025,R,ucete001,empty,153,136,31,55,7,1,5,0,5,11,0,52,0,6,0,0,0
2025,R,ucete001,loaded,14,12,1,1,0,0,0,0,4,0,0,3,1,1,0,1,0
2025,R,ucete001,menon,168,146,31,55,4,1,6,0,35,16,3,51,2,2,1,3,0
2025,R,ucete001,scoring,108,91,19,39,3,1,5,0,33,11,3,35,1,2,1,3,0
2025,R,urenj001,empty,141,130,31,56,10,0,5,0,5,9,0,18,0,2,0,0,0
2025,R,urenj001,loaded,5,5,2,5,1,1,0,0,6,0,0,1,0,0,0,0,0
2025,R,urenj001,menon,104,87,26,42,5,1,3,0,24,14,1,16,2,1,1,1,0
2025,R,urenj001,scoring,64,51,15,26,3,1,2,0,22,10,1,6,2,1,1,1,0
2025,D,uriba001,empty,8,7,0,0,0,0,0,0,0,1,0,3,0,0,0,0,0
2025,L,uriba001,empty,5,4,2,3,1,0,0,0,0,1,0,1,0,0,0,0,0
2025,R,uriba001,empty,162,142,27,34,1,0,2,0,2,17,0,54,0,3,0,0,0
2025,L,uriba001,loaded,3,2,0,0,0,0,0,0,1,1,0,0,0,0,0,0,0
2025,R,uriba001,loaded,5,5,0,0,0,0,0,0,1,0,0,1,1,0,0,0,0
2025,D,uriba001,menon,2,2,0,0,0,0,0,0,0,0,0,0,0,0,0,0,0
2025,L,uriba001,menon,10,6,1,1,0,0,0,0,1,2,1,2,0,0,2,0,0
2025,R,uriba001,menon,136,121,24,33,3,0,2,0,17,10,2,36,9,3,2,0,0
2025,L,uriba001,scoring,8,4,0,0,0,0,0,0,1,2,1,2,0,0,2,0,0
2025,R,uriba001,scoring,63,55,11,16,2,0,1,0,14,6,2,21,1,2,0,0,0
2025,R,urquj001,empty,7,7,3,3,0,0,0,0,0,0,0,2,0,0,0,0,0
2025,R,urquj001,loaded,2,2,1,1,0,0,0,0,2,0,0,0,0,0,0,0,0
2025,R,urquj001,menon,7,4,1,1,0,0,0,0,2,3,0,1,0,0,0,0,0
2025,R,urquj001,scoring,4,2,1,1,0,0,0,0,2,2,0,0,0,0,0,0,0
2025,R,valdf001,empty,448,398,95,151,20,3,10,0,10,47,0,115,0,3,0,0,0
2025,R,valdf001,loaded,9,4,2,5,0,0,1,1,11,2,0,2,0,0,0,3,0
2025,R,valdf001,menon,354,319,76,106,13,1,5,1,62,21,0,72,22,4,4,6,0
2025,R,valdf001,scoring,205,181,39,53,6,1,2,1,53,12,0,41,9,4,2,6,0
2025,R,vanbb001,empty,20,20,8,12,1,0,1,0,1,0,0,2,0,0,0,0,0
2025,R,vanbb001,menon,16,16,5,8,0,0,1,0,4,0,0,4,2,0,0,0,0
2025,R,vanbb001,scoring,8,8,3,6,0,0,1,0,4,0,0,3,0,0,0,0,0
2025,R,vanwl001,empty,28,27,8,11,0,0,1,0,1,0,0,4,0,1,0,0,0
2025,R,vanwl001,loaded,3,2,1,1,0,0,0,0,3,1,0,0,0,0,0,0,0
2025,R,vanwl001,menon,21,18,7,11,1,0,1,0,8,3,0,3,1,0,0,0,0
2025,R,vanwl001,scoring,11,8,3,4,1,0,0,0,6,3,0,1,0,0,0,0,0
2025,D,vargc003,empty,6,5,2,5,0,0,1,0,1,1,0,0,0,0,0,0,0
2025,L,vargc003,empty,10,9,3,4,1,0,0,0,0,1,0,1,0,0,0,0,0
2025,R,vargc003,empty,159,149,35,59,6,0,6,0,6,9,0,28,0,1,0,0,0
2025,R,vargc003,loaded,6,4,2,8,0,0,2,2,10,0,0,0,2,1,0,1,0
2025,D,vargc003,menon,5,4,1,1,0,0,0,0,1,1,0,2,0,0,0,0,0
2025,L,vargc003,menon,12,12,4,4,0,0,0,0,1,0,0,1,0,0,0,0,0
2025,R,vargc003,menon,172,148,46,66,6,1,4,2,40,14,4,26,12,6,2,2,0
2025,D,vargc003,scoring,5,4,1,1,0,0,0,0,1,1,0,2,0,0,0,0,0
2025,L,vargc003,scoring,7,7,1,1,0,0,0,0,1,0,0,0,0,0,0,0,0
2025,R,vargc003,scoring,116,99,25,40,4,1,3,2,38,11,4,19,9,3,1,2,0
2025,D,varll001,empty,13,12,3,6,0,0,1,0,1,0,0,3,0,1,0,0,0
2025,L,varll001,empty,16,16,2,6,1,0,1,0,1,0,0,5,0,0,0,0,0
2025,R,varll001,empty,163,151,33,53,6,1,4,0,4,11,0,46,0,1,0,0,0
2025,W,varll001,empty,10,9,2,2,0,0,0,0,0,1,0,2,0,0,0,0,0
2025,D,varll001,loaded,1,1,0,0,0,0,0,0,0,0,0,1,0,0,0,0,0
2025,R,varll001,loaded,11,7,2,2,0,0,0,0,7,2,0,3,0,0,0,2,0
2025,D,varll001,menon,4,4,1,4,0,0,1,0,3,0,0,2,0,0,0,0,0
2025,L,varll001,menon,10,9,2,5,0,0,1,0,4,1,0,3,0,0,0,0,0
2025,R,varll001,menon,133,115,32,49,11,0,2,0,29,11,1,29,6,1,3,3,0
2025,W,varll001,menon,12,11,4,5,1,0,0,0,1,1,0,2,0,0,0,0,0
2025,D,varll001,scoring,2,2,1,4,0,0,1,0,3,0,0,1,0,0,0,0,0
2025,L,varll001,scoring,7,7,1,4,0,0,1,0,3,0,0,2,0,0,0,0,0
2025,R,varll001,scoring,84,70,17,26,6,0,1,0,25,8,1,20,0,1,2,3,0
2025,W,varll001,scoring,6,5,0,0,0,0,0,0,1,1,0,1,0,0,0,0,0
2025,R,vasim001,empty,213,182,41,51,7,0,1,0,1,26,0,38,0,4,0,0,1
2025,R,vasim001,loaded,16,15,3,4,1,0,0,0,5,1,0,6,2,0,0,0,0
2025,R,vasim001,menon,210,180,33,62,6,1,7,0,35,26,5,44,13,4,0,0,0
2025,R,vasim001,scoring,135,109,21,43,5,1,5,0,31,23,5,29,6,3,0,0,0
2025,R,vasqr001,empty,346,313,73,120,11,0,12,0,12,26,0,51,0,7,0,0,0
2025,R,vasqr001,loaded,9,7,0,0,0,0,0,0,3,1,0,2,0,0,0,1,0
2025,R,vasqr001,menon,224,193,52,74,8,1,4,0,36,26,1,27,12,0,0,5,0
2025,R,vasqr001,scoring,122,101,23,30,1,0,2,0,28,16,1,16,5,0,0,5,0
2025,R,vazql001,empty,9,8,3,3,0,0,0,0,0,1,0,0,0,0,0,0,0
2025,R,vazql001,menon,5,5,0,0,0,0,0,0,0,0,0,0,3,0,0,0,0
2025,R,vazql001,scoring,1,1,0,0,0,0,0,0,0,0,0,0,0,0,0,0,0
2025,R,venea001,empty,49,43,16,30,3,1,3,0,3,6,0,8,0,0,0,0,0
2025,R,venea001,loaded,4,2,0,0,0,0,0,0,3,0,0,1,0,1,0,1,0
2025,R,venea001,menon,68,58,12,19,2,1,1,0,14,5,0,17,1,2,1,2,0
2025,R,venea001,scoring,47,39,6,12,1,1,1,0,14,4,0,15,1,1,1,2,0
2025,R,verlj001,empty,380,352,89,150,23,1,12,0,12,23,0,79,0,5,0,0,0
2025,R,verlj001,loaded,8,7,3,4,1,0,0,0,6,1,0,1,0,0,0,0,0
2025,R,verlj001,menon,282,243,66,96,18,0,4,0,56,29,1,58,7,1,3,6,0
2025,R,verlj001,scoring,166,135,36,53,11,0,2,0,51,21,1,29,4,1,3,6,0
2025,D,vesia001,empty,2,1,0,0,0,0,0,0,0,1,0,0,0,0,0,0,0
2025,F,vesia001,empty,1,1,1,1,0,0,0,0,0,0,0,0,0,0,0,0,0
2025,L,vesia001,empty,1,1,1,2,1,0,0,0,0,0,0,0,0,0,0,0,0
2025,R,vesia001,empty,134,123,25,49,6,0,6,0,6,7,0,49,0,4,0,0,0
2025,D,vesia001,loaded,1,1,0,0,0,0,0,0,0,0,0,0,0,0,0,0,0
2025,F,vesia001,loaded,1,1,0,0,0,0,0,0,0,0,0,1,0,0,0,0,0
2025,R,vesia001,loaded,12,8,1,4,0,0,1,1,8,0,0,6,1,0,0,4,0
2025,D,vesia001,menon,6,6,1,1,0,0,0,0,0,0,0,1,0,0,0,0,0
2025,F,vesia001,menon,5,3,0,0,0,0,0,0,0,2,0,2,0,0,0,0,0
2025,L,vesia001,menon,4,4,0,0,0,0,0,0,0,0,0,1,1,0,0,0,0
2025,R,vesia001,menon,103,81,12,22,1,0,3,1,19,15,3,31,2,1,2,4,0
2025,D,vesia001,scoring,4,4,0,0,0,0,0,0,0,0,0,1,0,0,0,0,0
2025,F,vesia001,scoring,4,2,0,0,0,0,0,0,0,2,0,2,0,0,0,0,0
2025,L,vesia001,scoring,3,3,0,0,0,0,0,0,0,0,0,0,1,0,0,0,0
2025,R,vesia001,scoring,66,48,8,15,1,0,2,1,17,12,3,20,1,0,2,4,0
2025,D,vestw001,empty,14,13,1,1,0,0,0,0,0,0,0,4,0,1,0,0,0
2025,F,vestw001,empty,4,4,1,1,0,0,0,0,0,0,0,0,0,0,0,0,0
2025,R,vestw001,empty,145,135,24,32,2,0,2,0,2,9,0,43,0,1,0,0,0
2025,R,vestw001,loaded,11,9,2,3,1,0,0,0,6,1,0,2,1,0,0,1,0
2025,D,vestw001,menon,3,3,0,0,0,0,0,0,0,0,0,3,0,0,0,0,0
2025,F,vestw001,menon,6,6,0,0,0,0,0,0,0,0,0,2,0,0,0,0,0
2025,R,vestw001,menon,139,124,37,53,6,2,2,0,34,13,1,32,7,0,1,1,0
2025,F,vestw001,scoring,5,5,0,0,0,0,0,0,0,0,0,2,0,0,0,0,0
2025,R,vestw001,scoring,96,84,24,34,5,1,1,0,30,10,1,21,4,0,1,1,0
2025,R,vodnv001,empty,109,95,21,32,5,0,2,0,2,14,0,18,0,0,0,0,0
2025,R,vodnv001,loaded,7,5,2,3,1,0,0,0,6,1,0,2,0,0,0,1,0
2025,R,vodnv001,menon,106,93,24,38,6,1,2,0,27,12,2,31,8,0,0,1,0
2025,R,vodnv001,scoring,65,54,14,24,4,0,2,0,25,10,2,18,2,0,0,1,0
2025,R,wachm001,empty,431,408,101,160,17,3,12,0,12,20,0,81,0,3,0,0,0
2025,R,wachm001,loaded,9,7,1,1,0,0,0,0,3,1,0,2,1,0,0,1,0
2025,R,wachm001,menon,285,250,65,92,12,3,3,0,49,25,0,45,18,1,4,4,1
2025,R,wachm001,scoring,144,125,30,49,8,1,3,0,43,11,0,20,5,1,3,4,0
2025,R,waddb001,empty,73,66,16,29,7,0,2,0,2,6,0,15,0,1,0,0,0
2025,R,waddb001,loaded,3,2,0,0,0,0,0,0,1,1,0,0,0,0,0,0,0
2025,R,waddb001,menon,61,55,13,24,3,1,2,0,11,5,0,7,2,0,0,1,0
2025,R,waddb001,scoring,32,28,5,12,1,0,2,0,10,3,0,1,1,0,0,1,0
2025,R,wadet002,menon,6,5,2,3,1,0,0,0,2,1,0,0,0,0,0,0,0
2025,R,wadet002,scoring,6,5,2,3,1,0,0,0,2,1,0,0,0,0,0,0,0
2025,R,waldh001,empty,130,114,27,36,6,0,1,0,1,16,0,32,0,0,0,0,0
2025,R,waldh001,loaded,8,7,1,1,0,0,0,0,3,0,0,1,0,0,0,1,0
2025,R,waldh001,menon,99,89,18,26,2,0,2,0,15,6,1,23,6,3,0,1,0
2025,R,waldh001,scoring,49,41,11,13,2,0,0,0,11,4,1,7,1,3,0,1,0
2025,R,waldm003,empty,13,9,2,5,0,0,1,0,1,4,0,2,0,0,0,0,0
2025,R,waldm003,menon,12,10,4,4,0,0,0,0,3,2,0,1,0,0,0,0,0
2025,R,waldm003,scoring,9,8,2,2,0,0,0,0,3,1,0,1,0,0,0,0,0
2025,R,walkj004,empty,6,4,3,4,1,0,0,0,0,2,0,1,0,0,0,0,0
2025,R,walkj004,loaded,1,1,1,2,1,0,0,0,2,0,0,0,0,0,0,0,0
2025,R,walkj004,menon,19,18,5,7,2,0,0,0,4,0,0,7,1,1,0,0,0
2025,R,walkj004,scoring,11,10,3,4,1,0,0,0,3,0,0,4,0,1,0,0,0
2025,R,walkr001,empty,137,127,29,38,4,1,1,0,1,7,0,26,0,3,0,0,0
2025,R,walkr001,loaded,12,10,6,10,4,0,0,0,14,0,0,2,0,1,0,1,0
2025,R,walkr001,menon,129,109,31,50,10,0,3,0,37,11,2,34,3,5,2,2,0
2025,R,walkr001,scoring,80,63,19,30,8,0,1,0,32,8,2,17,0,5,2,2,0
2025,D,walkt004,empty,2,1,0,0,0,0,0,0,0,1,0,0,0,0,0,0,0
2025,R,walkt004,empty,312,291,86,150,14,1,16,0,16,19,0,48,0,2,0,0,0
2025,R,walkt004,loaded,11,10,1,1,0,0,0,0,2,0,0,4,0,0,0,1,0
2025,D,walkt004,menon,3,3,2,2,0,0,0,0,1,0,0,1,0,0,0,0,0
2025,R,walkt004,menon,226,198,46,67,6,0,5,0,40,23,0,38,7,2,1,2,0
2025,D,walkt004,scoring,2,2,1,1,0,0,0,0,1,0,0,1,0,0,0,0,0
2025,R,walkt004,scoring,117,102,28,40,3,0,3,0,36,13,0,20,3,0,0,2,0
2025,R,walta001,empty,4,4,2,6,1,0,1,0,1,0,0,1,0,0,0,0,0
2025,R,walta001,menon,2,2,0,0,0,0,0,0,0,0,0,1,0,0,0,0,0
2025,R,walta001,scoring,2,2,0,0,0,0,0,0,0,0,0,1,0,0,0,0,0
2025,R,waltb002,empty,144,138,33,59,6,1,6,0,6,4,0,39,0,2,0,0,0
2025,R,waltb002,menon,68,66,13,27,2,0,4,0,14,0,0,13,1,1,1,0,0
2025,R,waltb002,scoring,33,32,6,16,1,0,3,0,12,0,0,6,0,0,1,0,0
2025,R,warra003,empty,17,14,4,4,0,0,0,0,0,3,0,2,0,0,0,0,0
2025,R,warra003,loaded,1,1,0,0,0,0,0,0,0,0,0,0,0,0,0,0,0
2025,R,warra003,menon,17,16,1,4,0,0,1,0,2,1,0,7,2,0,0,0,0
2025,R,warra003,scoring,5,5,0,0,0,0,0,0,0,0,0,2,0,0,0,0,0
2025,D,warrw001,empty,16,16,5,12,1,0,2,0,2,0,0,2,0,0,0,0,0
2025,R,warrw001,empty,411,382,92,153,20,4,11,0,11,28,0,104,0,1,0,0,0
2025,D,warrw001,loaded,2,2,1,4,0,0,1,1,4,0,0,1,0,0,0,0,0
2025,R,warrw001,loaded,18,15,6,11,2,0,1,1,18,0,0,6,0,0,0,3,0
2025,D,warrw001,menon,6,5,2,8,0,0,2,1,6,1,0,2,0,0,0,0,0
2025,R,warrw001,menon,300,249,66,111,12,0,11,1,71,37,0,67,6,3,1,9,1
2025,D,warrw001,scoring,4,3,1,4,0,0,1,1,4,1,0,1,0,0,0,0,0
2025,R,warrw001,scoring,174,143,35,64,8,0,7,1,61,19,0,41,4,2,0,9,1
2025,R,weatr001,empty,99,94,26,46,5,0,5,0,5,4,0,22,0,1,0,0,0
2025,R,weatr001,loaded,2,2,1,2,1,0,0,0,2,0,0,0,0,0,0,0,0
2025,R,weatr001,menon,67,57,11,19,2,0,2,0,13,8,0,15,2,0,1,1,0
2025,R,weatr001,scoring,38,31,7,15,2,0,2,0,13,5,0,8,1,0,1,1,0
2025,D,weavl001,empty,2,1,0,0,0,0,0,0,0,1,0,0,0,0,0,0,0
2025,F,weavl001,empty,1,0,0,0,0,0,0,0,0,1,0,0,0,0,0,0,0
2025,R,weavl001,empty,154,143,24,44,5,0,5,0,5,10,0,48,0,1,0,0,0
2025,R,weavl001,loaded,12,11,5,10,2,0,1,1,13,0,0,4,0,0,0,1,0
2025,D,weavl001,menon,2,2,2,2,0,0,0,0,1,0,0,0,0,0,0,0,0
2025,F,weavl001,menon,2,2,2,3,1,0,0,0,2,0,0,0,0,0,0,0,0
2025,R,weavl001,menon,108,93,22,42,5,0,5,1,31,10,1,24,0,0,1,3,1
2025,D,weavl001,scoring,1,1,1,1,0,0,0,0,1,0,0,0,0,0,0,0,0
2025,F,weavl001,scoring,1,1,1,1,0,0,0,0,2,0,0,0,0,0,0,0,0
2025,R,weavl001,scoring,67,54,13,22,3,0,2,1,24,8,1,16,0,0,1,3,1
2025,R,webbj002,empty,156,143,24,50,2,0,8,0,8,11,0,36,0,2,0,0,0
2025,R,webbj002,loaded,8,7,1,2,1,0,0,0,6,0,0,0,1,0,0,1,0
2025,R,webbj002,menon,111,100,25,37,6,0,2,0,19,8,2,22,3,0,2,1,0
2025,R,webbj002,scoring,66,59,13,24,5,0,2,0,19,5,2,12,1,0,1,1,0
2025,R,webbl001,empty,488,464,120,181,30,2,9,0,9,19,0,133,0,5,0,0,0
2025,R,webbl001,loaded,14,14,3,5,0,1,0,0,8,0,0,2,3,0,0,0,0
2025,R,webbl001,menon,368,331,90,126,19,1,5,0,65,27,0,91,22,1,4,4,1
2025,R,webbl001,scoring,212,193,52,72,9,1,3,0,57,12,0,48,16,1,2,4,0
2025,R,weemj001,empty,11,11,4,5,1,0,0,0,0,0,0,0,0,0,0,0,0
2025,R,weemj001,loaded,3,2,2,2,0,0,0,0,3,1,0,0,0,0,0,0,0
2025,R,weemj001,menon,12,9,5,6,1,0,0,0,5,3,0,0,0,0,0,0,0
2025,R,weemj001,scoring,8,5,4,4,0,0,0,0,5,3,0,0,0,0,0,0,0
2025,F,weisg001,empty,3,3,0,0,0,0,0,0,0,0,0,0,0,0,0,0,0
2025,R,weisg001,empty,132,122,30,48,9,0,3,0,3,8,0,26,0,2,0,0,0
2025,R,weisg001,loaded,4,3,1,4,0,0,1,1,5,1,0,1,0,0,0,0,0
2025,R,weisg001,menon,146,129,27,41,5,0,3,1,28,13,1,31,4,1,1,2,0
2025,R,weisg001,scoring,96,85,17,25,2,0,2,1,25,8,1,18,1,0,1,2,0
2025,R,wellt003,empty,53,51,12,24,3,0,3,0,3,2,0,12,0,0,0,0,0
2025,R,wellt003,menon,29,29,5,10,2,0,1,0,4,0,0,6,2,0,0,0,0
2025,R,wellt003,scoring,19,19,2,6,1,0,1,0,3,0,0,3,1,0,0,0,0
2025,R,wentj001,empty,230,205,50,70,6,1,4,0,4,25,0,54,0,0,0,0,0
2025,R,wentj001,loaded,16,13,5,8,3,0,0,0,15,2,0,0,0,1,0,0,0
2025,R,wentj001,menon,212,188,60,96,9,3,7,0,68,18,3,38,8,1,0,5,0
2025,R,wentj001,scoring,129,110,39,67,6,2,6,0,64,13,3,19,2,1,0,5,0
2025,R,wesnh001,empty,88,84,20,38,3,0,5,0,5,3,0,20,0,1,0,0,0
2025,R,wesnh001,menon,43,37,9,20,5,0,2,0,10,3,0,9,0,0,2,1,0
2025,R,wesnh001,scoring,21,17,4,10,3,0,1,0,8,2,0,5,0,0,1,1,0
2025,R,wheez001,empty,387,363,75,123,14,2,10,0,10,21,0,123,0,3,0,0,0
2025,R,wheez001,loaded,3,3,1,2,1,0,0,0,2,0,0,1,1,0,0,0,0
2025,R,wheez001,menon,198,179,32,66,7,0,9,0,32,12,0,72,8,5,0,2,0
2025,R,wheez001,scoring,85,74,14,30,4,0,4,0,21,6,0,33,3,3,0,2,0
2025,R,whisc001,empty,57,50,15,32,2,0,5,0,5,6,0,7,0,1,0,0,0
2025,R,whisc001,loaded,2,2,0,0,0,0,0,0,0,0,0,0,2,0,0,0,0
2025,R,whisc001,menon,45,38,7,13,3,0,1,0,7,6,0,9,3,1,0,0,0
2025,R,whisc001,scoring,26,21,4,9,2,0,1,0,7,4,0,5,2,1,0,0,0
2025,R,whitf002,empty,31,27,4,7,1,1,0,0,0,4,0,4,0,0,0,0,0
2025,R,whitf002,loaded,3,3,2,3,1,0,0,0,4,0,0,0,0,0,0,0,0
2025,R,whitf002,menon,35,29,15,30,6,0,3,0,22,4,0,8,0,1,0,1,0
2025,R,whitf002,scoring,25,20,11,25,5,0,3,0,21,3,0,5,0,1,0,1,0
2025,F,whitg002,empty,5,4,1,2,1,0,0,0,0,1,0,2,0,0,0,0,0
2025,R,whitg002,empty,153,142,30,35,5,0,0,0,0,10,0,47,0,1,0,0,0
2025,R,whitg002,loaded,9,7,1,1,0,0,0,0,3,2,0,3,0,0,0,0,0
2025,F,whitg002,menon,5,4,2,2,0,0,0,0,1,1,0,1,0,0,0,0,0
2025,R,whitg002,menon,140,120,24,33,3,0,2,0,21,14,2,44,2,4,0,2,0
2025,F,whitg002,scoring,3,2,0,0,0,0,0,0,0,1,0,1,0,0,0,0,0
2025,R,whitg002,scoring,73,57,13,20,1,0,2,0,20,12,2,24,1,2,0,2,0
2025,R,whito001,empty,18,16,6,7,1,0,0,0,0,2,0,4,0,0,0,0,0
2025,R,whito001,loaded,1,1,0,0,0,0,0,0,0,0,0,0,0,0,0,0,0
2025,R,whito001,menon,17,16,8,12,1,0,1,0,6,1,0,2,1,0,0,0,0
2025,R,whito001,scoring,13,12,6,9,0,0,1,0,6,1,0,2,1,0,0,0,0
2025,R,wickj001,empty,30,29,12,19,4,0,1,0,1,1,0,4,0,0,0,0,0
2025,R,wickj001,menon,37,36,12,17,2,0,1,0,7,0,0,9,1,0,1,0,0
2025,R,wickj001,scoring,25,24,9,11,2,0,0,0,5,0,0,7,0,0,1,0,0
2025,R,wilcc001,empty,2,2,1,2,1,0,0,0,0,0,0,0,0,0,0,0,0
2025,R,wilcc001,loaded,4,3,0,0,0,0,0,0,2,1,0,0,0,0,0,0,0
2025,R,wilcc001,menon,10,7,3,3,0,0,0,0,4,3,0,1,0,0,0,0,0
2025,R,wilcc001,scoring,10,7,3,3,0,0,0,0,4,3,0,1,0,0,0,0,0
2025,R,wilen001,empty,1,1,1,1,0,0,0,0,0,0,0,0,0,0,0,0,0
2025,R,wilen001,menon,6,5,3,4,1,0,0,0,3,0,0,1,0,0,0,1,0
2025,R,wilen001,scoring,3,2,2,3,1,0,0,0,3,0,0,0,0,0,0,1,0
2025,D,willd004,empty,4,4,1,1,0,0,0,0,0,0,0,1,0,0,0,0,0
2025,F,willd004,empty,3,2,1,1,0,0,0,0,0,1,0,1,0,0,0,0,0
2025,R,willd004,empty,137,126,22,38,5,1,3,0,3,9,0,50,0,2,0,0,0
2025,R,willd004,loaded,6,4,1,1,0,0,0,0,4,1,0,2,1,0,0,1,0
2025,D,willd004,menon,5,4,1,1,0,0,0,0,2,1,0,2,0,0,0,0,0
2025,F,willd004,menon,4,4,0,0,0,0,0,0,0,0,0,0,1,0,0,0,0
2025,R,willd004,menon,122,102,23,35,6,0,2,0,25,16,1,40,2,2,1,1,0
2025,D,willd004,scoring,3,3,1,1,0,0,0,0,2,0,0,1,0,0,0,0,0
2025,R,willd004,scoring,87,70,14,19,2,0,1,0,23,14,1,31,1,1,1,1,0
2025,F,willg004,empty,17,17,4,5,1,0,0,0,0,0,0,5,0,0,0,0,0
2025,R,willg004,empty,421,375,86,151,15,1,16,0,16,45,0,99,0,1,0,0,0
2025,R,willg004,loaded,17,14,4,7,0,0,1,1,13,1,0,5,0,0,0,2,0
2025,F,willg004,menon,7,6,1,1,0,0,0,0,1,1,0,3,1,0,0,0,0
2025,R,willg004,menon,283,240,44,73,8,0,7,1,39,38,0,74,8,2,1,2,0
2025,F,willg004,scoring,4,4,1,1,0,0,0,0,1,0,0,1,1,0,0,0,0
2025,R,willg004,scoring,155,133,21,34,4,0,3,1,31,20,0,47,5,0,0,2,0
2025,R,willl001,empty,16,16,4,8,1,0,1,0,1,0,0,3,0,0,0,0,0
2025,R,willl001,loaded,2,2,0,0,0,0,0,0,0,0,0,1,0,0,0,0,0
2025,R,willl001,menon,9,8,2,2,0,0,0,0,1,1,0,1,0,0,0,0,0
2025,R,willl001,scoring,5,4,1,1,0,0,0,0,1,1,0,1,0,0,0,0,0
2025,R,willt002,empty,207,197,60,98,8,3,8,0,8,8,0,35,0,2,0,0,0
2025,R,willt002,loaded,5,4,1,1,0,0,0,0,4,0,0,1,0,0,0,1,0
2025,R,willt002,menon,166,145,46,65,10,0,3,0,40,13,0,30,2,0,1,7,0
2025,R,willt002,scoring,98,83,26,38,6,0,2,0,38,8,0,17,0,0,0,7,0
2025,R,wilsb003,empty,113,102,35,66,6,2,7,0,7,10,0,14,0,1,0,0,0
2025,R,wilsb003,loaded,7,6,1,1,0,0,0,0,4,0,0,2,0,0,0,1,0
2025,R,wilsb003,menon,111,98,32,48,4,0,4,0,28,9,0,14,4,1,0,2,1
2025,R,wilsb003,scoring,75,64,19,25,3,0,1,0,22,7,0,8,2,1,0,2,1
2025,F,wilsj004,empty,3,3,0,0,0,0,0,0,0,0,0,0,0,0,0,0,0
2025,R,wilsj004,empty,84,76,22,27,5,0,0,0,0,8,0,22,0,0,0,0,0
2025,R,wilsj004,loaded,6,4,2,5,0,0,1,1,8,1,0,2,0,0,1,0,0
2025,F,wilsj004,menon,2,2,0,0,0,0,0,0,0,0,0,0,0,0,0,0,0
2025,R,wilsj004,menon,123,107,26,40,5,0,3,1,33,12,3,35,5,2,1,1,0
2025,F,wilsj004,scoring,2,2,0,0,0,0,0,0,0,0,0,0,0,0,0,0,0
2025,R,wilsj004,scoring,86,74,17,27,4,0,2,1,30,9,3,28,2,1,1,1,0
2025,R,wilss002,empty,117,105,27,47,5,0,5,0,5,12,0,28,0,0,0,0,0
2025,R,wilss002,loaded,11,8,1,1,0,0,0,0,5,1,0,3,0,0,0,2,0
2025,R,wilss002,menon,124,104,23,31,2,0,2,0,22,10,2,23,2,3,0,7,0
2025,R,wilss002,scoring,81,64,14,17,0,0,1,0,19,7,2,16,1,3,0,7,0
2025,R,wilsw002,empty,6,6,3,3,0,0,0,0,0,0,0,0,0,0,0,0,0
2025,R,wilsw002,menon,6,6,0,0,0,0,0,0,0,0,0,0,0,0,0,0,0
2025,R,wilsw003,empty,5,5,1,2,1,0,0,0,0,0,0,0,0,0,0,0,0
2025,R,wilsw003,menon,3,3,1,4,0,0,1,0,2,0,0,0,0,0,0,0,0
2025,R,wilsw003,scoring,3,3,1,4,0,0,1,0,2,0,0,0,0,0,0,0,0
2025,R,winaa001,empty,21,17,7,11,1,0,1,0,1,2,0,1,0,2,0,0,0
2025,R,winaa001,loaded,1,0,0,0,0,0,0,0,1,0,0,0,0,0,0,1,0
2025,R,winaa001,menon,25,22,6,12,1,1,1,0,8,1,0,5,1,0,0,2,0
2025,R,winaa001,scoring,12,10,3,4,1,0,0,0,5,0,0,5,0,0,0,2,0
2025,R,wincj001,empty,25,23,4,5,1,0,0,0,0,2,0,7,0,0,0,0,0
2025,R,wincj001,loaded,7,7,3,3,0,0,0,0,5,0,0,1,0,0,0,0,0
2025,R,wincj001,menon,27,21,7,8,1,0,0,0,8,3,0,2,0,1,0,2,0
2025,R,wincj001,scoring,21,15,5,5,0,0,0,0,8,3,0,2,0,1,0,2,0
2025,R,winnc001,empty,77,64,13,23,5,1,1,0,1,12,0,18,0,1,0,0,0
2025,R,winnc001,loaded,5,4,0,0,0,0,0,0,2,0,0,2,1,1,0,0,0
2025,R,winnc001,menon,85,74,10,18,2,0,2,0,10,5,2,17,4,3,2,1,0
2025,R,winnc001,scoring,55,48,6,10,1,0,1,0,8,3,2,14,1,2,1,1,0
2025,R,winnk001,empty,25,24,7,11,1,0,1,0,1,1,0,8,0,0,0,0,0
2025,R,winnk001,menon,17,16,5,8,3,0,0,0,4,1,0,1,1,0,0,0,0
2025,R,winnk001,scoring,10,9,1,2,1,0,0,0,2,1,0,1,1,0,0,0,0
2025,R,wolfg001,empty,52,48,19,24,2,0,1,0,1,4,0,15,0,0,0,0,0
2025,R,wolfg001,loaded,8,6,3,6,0,0,1,1,10,2,0,1,0,0,0,0,0
2025,R,wolfg001,menon,81,68,16,25,6,0,1,1,21,11,1,16,0,1,0,1,0
2025,R,wolfg001,scoring,57,46,10,16,3,0,1,1,19,9,1,12,0,1,0,1,0
2025,L,woo-b001,empty,7,4,2,3,1,0,0,0,0,2,0,1,0,1,0,0,0
2025,R,woo-b001,empty,499,471,88,169,16,1,21,0,21,24,0,138,0,4,0,0,0
2025,R,woo-b001,loaded,8,7,1,4,0,0,1,1,5,0,0,3,0,0,0,1,0
2025,L,woo-b001,menon,13,11,2,2,0,0,0,0,1,1,1,1,1,0,1,0,0
2025,R,woo-b001,menon,232,214,49,73,9,0,5,1,38,12,0,60,10,0,3,3,0
2025,L,woo-b001,scoring,7,5,1,1,0,0,0,0,1,1,1,0,0,0,1,0,0
2025,R,woo-b001,scoring,127,118,21,33,6,0,2,1,31,4,0,33,2,0,2,3,0
2025,R,woodb005,empty,177,163,23,47,3,0,7,0,7,11,0,59,0,2,0,0,1
2025,R,woodb005,menon,80,76,22,32,4,0,2,0,18,3,0,24,1,1,0,0,0
2025,R,woodb005,scoring,41,38,11,19,2,0,2,0,16,3,0,14,1,0,0,0,0
2025,R,woodj003,empty,80,73,21,30,6,0,1,0,1,7,0,13,0,0,0,0,0
2025,R,woodj003,loaded,4,4,2,2,0,0,0,0,4,0,0,1,0,0,0,0,0
2025,R,woodj003,menon,90,78,24,34,2,1,2,0,23,6,1,10,2,3,2,1,0
2025,R,woodj003,scoring,55,48,15,18,1,1,0,0,19,4,1,5,0,1,1,1,0
2025,R,woods002,empty,286,255,58,112,10,1,14,0,14,30,0,68,0,1,0,0,0
2025,R,woods002,loaded,6,5,2,5,0,0,1,1,7,0,0,1,0,0,0,1,0
2025,R,woods002,menon,185,163,38,53,6,0,3,1,35,16,0,39,4,2,0,4,0
2025,R,woods002,scoring,92,81,21,34,4,0,3,1,35,6,0,20,1,1,0,4,0
2025,R,wrobj001,empty,158,147,35,46,5,0,2,0,2,8,0,43,0,3,0,0,0
2025,W,wrobj001,empty,13,12,3,4,1,0,0,0,0,0,0,2,0,1,0,0,0
2025,R,wrobj001,loaded,5,3,2,3,1,0,0,0,6,1,0,0,0,0,0,1,0
2025,R,wrobj001,menon,122,108,30,51,9,0,4,0,29,9,1,33,4,0,2,3,0
2025,W,wrobj001,menon,7,7,1,1,0,0,0,0,0,0,0,4,0,0,0,0,0
2025,R,wrobj001,scoring,73,63,16,26,4,0,2,0,24,7,1,18,0,0,0,3,0
2025,W,wrobj001,scoring,2,2,0,0,0,0,0,0,0,0,0,2,0,0,0,0,0
2025,R,wynnr001,empty,6,5,2,6,1,0,1,0,1,1,0,0,0,0,0,0,0
2025,R,wynnr001,menon,7,7,1,1,0,0,0,0,0,0,0,3,0,0,0,0,0
2025,R,wynnr001,scoring,4,4,1,1,0,0,0,0,0,0,0,1,0,0,0,0,0
2025,D,yamay001,empty,13,12,4,8,1,0,1,0,1,1,0,1,0,0,0,0,0
2025,F,yamay001,empty,17,15,1,1,0,0,0,0,0,1,0,5,0,1,0,0,0
2025,L,yamay001,empty,25,24,3,6,0,0,1,0,1,1,0,4,0,0,0,0,0
2025,R,yamay001,empty,446,408,65,101,12,0,8,0,8,38,0,135,0,0,0,0,0
2025,W,yamay001,empty,39,38,7,11,4,0,0,0,0,0,0,9,0,1,0,0,0
2025,F,yamay001,loaded,3,3,0,0,0,0,0,0,0,0,0,2,0,0,0,0,0
2025,R,yamay001,loaded,6,6,3,9,0,0,2,2,11,0,0,1,0,0,0,0,0
2025,W,yamay001,loaded,2,2,0,0,0,0,0,0,0,0,0,0,0,0,0,0,0
2025,D,yamay001,menon,6,5,2,2,0,0,0,0,1,0,0,1,0,0,0,1,0
2025,F,yamay001,menon,11,10,3,3,0,0,0,0,2,1,0,4,0,0,0,0,0
2025,L,yamay001,menon,7,7,0,0,0,0,0,0,0,0,0,3,0,0,0,0,0
2025,R,yamay001,menon,238,211,48,74,8,0,6,2,41,21,0,66,9,3,2,1,0
2025,W,yamay001,menon,26,21,3,3,0,0,0,0,2,2,0,6,3,1,1,1,0
2025,D,yamay001,scoring,3,2,0,0,0,0,0,0,1,0,0,1,0,0,0,1,0
2025,F,yamay001,scoring,6,6,2,2,0,0,0,0,2,0,0,3,0,0,0,0,0
2025,R,yamay001,scoring,129,113,23,36,4,0,3,2,34,11,0,37,2,3,1,1,0
2025,W,yamay001,scoring,16,11,2,2,0,0,0,0,2,2,0,4,1,1,1,1,0
2025,R,yarbr001,empty,168,153,37,71,5,1,9,0,9,13,0,32,0,2,0,0,0
2025,R,yarbr001,loaded,6,5,3,7,1,0,1,1,9,0,0,1,1,0,0,1,0
2025,R,yarbr001,menon,96,89,21,35,2,0,4,1,21,6,0,23,4,0,0,1,0
2025,R,yarbr001,scoring,43,38,11,15,1,0,1,1,15,4,0,6,1,0,0,1,0
2025,R,yastm001,empty,1,1,1,1,0,0,0,0,0,0,0,0,0,0,0,0,0
2025,R,yastm001,loaded,1,1,0,0,0,0,0,0,1,0,0,0,0,0,0,0,0
2025,R,yastm001,menon,6,4,1,2,1,0,0,0,2,1,0,0,0,1,0,0,0
2025,R,yastm001,scoring,4,3,0,0,0,0,0,0,2,1,0,0,0,0,0,0,0
2025,R,yatek001,empty,108,99,21,49,10,0,6,0,6,8,0,34,0,1,0,0,0
2025,R,yatek001,loaded,2,1,1,2,1,0,0,0,3,0,0,0,0,0,0,1,0
2025,R,yatek001,menon,70,60,17,33,7,0,3,0,22,9,0,18,0,0,0,1,0
2025,R,yatek001,scoring,59,50,15,29,5,0,3,0,22,8,0,16,0,0,0,1,0
2025,D,yesat001,empty,14,13,0,0,0,0,0,0,0,1,0,8,0,0,0,0,0
2025,L,yesat001,empty,26,23,6,9,0,0,1,0,1,2,0,7,0,1,0,0,0
2025,R,yesat001,empty,34,30,7,8,1,0,0,0,0,4,0,7,0,0,0,0,0
2025,W,yesat001,empty,33,29,3,9,0,0,2,0,2,3,0,15,0,1,0,0,0
2025,L,yesat001,loaded,2,2,0,0,0,0,0,0,0,0,0,0,2,0,0,0,0
2025,R,yesat001,loaded,3,3,1,1,0,0,0,0,2,0,0,1,0,0,0,0,0
2025,W,yesat001,loaded,2,2,0,0,0,0,0,0,0,0,0,1,0,0,0,0,0
2025,D,yesat001,menon,4,4,0,0,0,0,0,0,0,0,0,3,0,0,0,0,0
2025,L,yesat001,menon,17,13,4,7,0,0,1,0,3,4,1,4,3,0,0,0,0
2025,R,yesat001,menon,28,25,6,7,1,0,0,0,3,3,0,9,0,0,0,0,0
2025,W,yesat001,menon,15,14,5,5,0,0,0,0,2,1,0,2,2,0,0,0,0
2025,L,yesat001,scoring,8,5,1,4,0,0,1,0,3,3,1,1,2,0,0,0,0
2025,R,yesat001,scoring,14,11,2,2,0,0,0,0,2,3,0,5,0,0,0,0,0
2025,W,yesat001,scoring,8,8,3,3,0,0,0,0,2,0,0,2,0,0,0,0,0
2025,R,yohoc001,empty,21,17,5,5,0,0,0,0,0,3,0,5,0,1,0,0,0
2025,R,yohoc001,loaded,2,1,1,2,1,0,0,0,4,1,0,0,0,0,0,0,0
2025,R,yohoc001,menon,20,12,3,7,1,0,1,0,8,6,0,2,1,0,1,1,0
2025,R,yohoc001,scoring,10,5,2,6,1,0,1,0,8,4,0,0,0,0,0,1,0
2025,R,younb001,empty,154,141,35,60,10,0,5,0,5,13,0,30,0,0,0,0,0
2025,R,younb001,loaded,4,3,1,1,0,0,0,0,3,0,0,2,0,0,0,1,0
2025,R,younb001,menon,102,89,32,60,7,0,7,0,34,9,0,17,3,0,2,2,0
2025,R,younb001,scoring,56,48,16,26,4,0,2,0,24,4,0,11,0,0,2,2,0
2025,R,yound005,empty,14,12,4,4,0,0,0,0,0,1,0,4,0,1,0,0,0
2025,R,yound005,menon,23,20,5,5,0,0,0,0,3,2,0,9,1,0,1,0,0
2025,R,yound005,scoring,10,10,4,4,0,0,0,0,3,0,0,4,1,0,0,0,0
2025,R,younj003,empty,1,1,1,1,0,0,0,0,0,0,0,0,0,0,0,0,0
2025,R,younj003,menon,2,1,0,0,0,0,0,0,0,1,0,0,0,0,0,0,0
2025,R,younj003,scoring,1,1,0,0,0,0,0,0,0,0,0,0,0,0,0,0,0
2025,R,zastr001,empty,47,43,8,17,0,0,3,0,3,3,0,13,0,1,0,0,0
2025,R,zastr001,loaded,2,2,0,0,0,0,0,0,0,0,0,1,0,0,0,0,0
2025,R,zastr001,menon,46,36,8,10,2,0,0,0,4,7,3,7,1,0,1,2,0
2025,R,zastr001,scoring,29,19,2,3,1,0,0,0,4,7,3,5,1,0,1,2,0
2025,R,zefer001,empty,134,117,28,61,6,0,9,0,9,16,0,37,0,1,0,0,0
2025,R,zefer001,loaded,16,13,5,8,0,0,1,1,12,2,0,6,0,1,0,0,0
2025,R,zefer001,menon,123,99,21,32,2,0,3,1,26,19,3,36,4,3,1,1,0
2025,R,zefer001,scoring,84,66,16,26,1,0,3,1,25,15,3,27,1,2,0,1,0
2025,R,zerpa001,empty,145,129,33,49,7,0,3,0,3,14,0,39,0,2,0,0,0
2025,R,zerpa001,loaded,3,2,1,2,1,0,0,0,5,1,0,0,0,0,0,0,0
2025,R,zerpa001,menon,130,118,34,56,10,0,4,0,31,8,0,19,10,0,2,2,0
2025,R,zerpa001,scoring,68,60,15,24,6,0,1,0,24,5,0,9,5,0,1,2,0
2025,R,zimmb002,empty,16,15,3,3,0,0,0,0,0,1,0,0,0,0,0,0,0
2025,R,zimmb002,loaded,3,3,1,4,0,0,1,1,4,0,0,0,1,0,0,0,0
2025,R,zimmb002,menon,12,11,4,10,0,0,2,1,6,1,0,1,1,0,0,0,0
2025,R,zimmb002,scoring,5,5,2,5,0,0,1,1,4,0,0,0,1,0,0,0,0
2025,R,zubet001,empty,34,33,9,16,4,0,1,0,1,1,0,11,0,0,0,0,0
2025,R,zubet001,loaded,2,2,1,2,1,0,0,0,2,0,0,0,0,0,0,0,0
2025,R,zubet001,menon,25,19,8,16,2,0,2,0,10,5,1,3,0,0,0,1,0
2025,R,zubet001,scoring,19,14,3,7,1,0,1,0,7,4,1,3,0,0,0,1,0
2025,R,zuluy001,empty,16,14,2,5,0,0,1,0,1,2,0,3,0,0,0,0,0
2025,R,zuluy001,loaded,2,1,0,0,0,0,0,0,2,0,0,0,0,0,0,1,0
2025,R,zuluy001,menon,16,12,3,3,0,0,0,0,6,2,0,2,0,0,1,1,0
2025,R,zuluy001,scoring,12,8,3,3,0,0,0,0,6,2,0,2,0,0,1,1,0
