game.key,game.source,game.date,game.number,site.key,season.phase,team.alignment,team.key,opponent.key,R_G,R_W,R_L,R_T,B_G,B_PA,B_AB,B_R,B_H,B_TB,B_2B,B_3B,B_HR,B_HR4,B_RBI,B_GW,B_BB,B_IBB,B_SO,B_GDP,B_HP,B_SH,B_SF,B_SB,B_CS,B_XI,B_LOB,P_G,P_GS,P_CG,P_SHO,P_CSHO,P_GF,P_W,P_L,P_SV,P_OUT,P_TBF,P_AB,P_R,P_ER,P_H,P_TB,P_2B,P_3B,P_HR,P_HR4,P_BB,P_IBB,P_SO,P_GDP,P_HP,P_SH,P_SF,P_XI,P_WP,P_BK,P_IR,P_IRS,P_GO,P_AO,P_PITCH,P_STRIKE,F_G,F_OUT,F_TC,F_PO,F_A,F_E,F_DP,F_TP,F_PB
BLN189904150,box,1899-04-15,0,BAL07,R,1,BLN,NY1,1,1,0,0,1,,26,5,6,8,2,0,0,,2,,4,0,,0,4,0,0,4,1,0,5,1,1,1,0,0,0,1,0,0,27,35,33,3,1,3,3,0,0,0,0,2,0,,0,0,0,0,0,0,0,0,0,0,0,,,1,27,38,27,8,3,0,0,0
BLN189904170,box,1899-04-17,0,BAL07,R,1,BLN,NY1,1,1,0,0,1,,31,8,11,13,2,0,0,,8,,5,0,0,1,1,1,0,4,2,0,6,1,1,1,0,0,0,1,0,0,27,34,33,1,1,8,8,0,0,0,0,1,0,3,1,0,0,0,0,0,0,0,0,0,0,,,1,27,38,27,11,0,1,0,1
BLN189904180,box,1899-04-18,0,BAL07,R,1,BLN,NY1,1,1,0,0,1,,31,8,10,13,3,0,0,,8,,3,0,,0,0,1,0,1,1,0,3,1,1,1,0,0,0,1,0,0,27,40,37,4,2,9,11,2,0,0,0,2,0,,0,1,0,0,0,0,0,0,0,0,0,,,1,27,47,27,17,3,1,0,0
BLN189904190,box,1899-04-19,0,BAL07,R,1,BLN,NY1,1,0,1,0,1,,31,0,6,6,0,0,0,,0,,1,0,3,0,2,0,0,0,1,0,7,1,1,1,0,0,0,0,1,0,27,39,36,6,6,9,12,3,0,0,0,3,0,1,0,0,0,0,0,0,0,0,0,0,0,,,1,27,41,27,12,2,0,0,1
NY1189904200,box,1899-04-20,0,NYC10,R,0,BLN,NY1,1,0,1,0,1,,34,4,7,9,2,0,0,,4,,5,1,2,1,1,0,0,2,0,0,9,1,1,1,0,0,0,0,1,0,24,33,30,5,5,10,16,4,1,0,0,3,0,2,1,0,0,0,0,1,0,0,0,0,0,,,1,24,38,24,12,2,3,0,0
NY1189904210,box,1899-04-21,0,NYC10,R,0,BLN,NY1,1,1,0,0,1,,38,5,10,13,3,0,0,,4,,4,0,,0,1,0,0,4,0,0,11,1,1,1,0,0,0,1,0,0,27,33,32,1,1,7,7,0,0,0,0,1,0,2,0,0,0,0,0,0,0,0,0,0,0,,,1,27,44,27,16,1,1,0,0
NY1189904220,box,1899-04-22,0,NYC10,R,0,BLN,NY1,1,0,1,0,1,,34,7,8,10,2,0,0,,4,,4,0,,0,3,0,0,6,2,0,7,1,1,1,0,0,0,0,1,0,24,40,35,8,7,14,16,2,0,0,0,3,0,,0,1,1,0,0,2,0,0,0,0,0,,,1,24,38,24,12,2,0,0,2
NY1189904240,box,1899-04-24,0,NYC10,R,0,BLN,NY1,1,1,0,0,1,,34,6,9,13,1,0,1,,3,,6,0,3,2,3,0,0,7,1,0,10,1,1,1,1,0,0,1,0,0,27,32,31,0,0,7,8,1,0,0,0,1,0,,0,0,0,0,0,0,0,0,0,0,0,,,1,27,44,27,17,0,0,1,0
BRO189904250,box,1899-04-25,0,NYC12,R,0,BLN,BRO,1,0,1,0,1,,33,0,7,7,0,0,0,,0,,3,0,2,0,0,0,0,0,1,0,9,1,1,1,0,0,0,0,1,0,24,34,31,6,2,10,12,0,1,0,0,2,0,2,2,1,0,0,0,0,0,0,0,0,0,,,1,24,47,24,20,3,4,0,0
BRO189904260,box,1899-04-26,0,NYC12,R,0,BLN,BRO,1,0,1,0,1,,35,3,8,10,2,0,0,,2,,2,0,2,0,0,0,0,1,0,0,7,1,1,1,0,0,0,0,1,0,24,38,29,5,4,9,11,0,1,0,0,5,0,0,1,3,1,0,0,0,0,0,0,0,0,,,1,24,38,24,12,2,1,0,0
BRO189904270,box,1899-04-27,0,NYC12,R,0,BLN,BRO,1,0,1,0,1,,32,2,7,8,1,0,0,,2,,3,0,3,0,1,0,0,2,2,0,7,1,1,1,0,0,0,0,1,0,24,35,30,6,4,8,12,0,2,0,0,4,0,3,0,0,1,0,0,0,0,0,0,0,0,,,1,24,36,24,11,1,1,0,0
BRO189904280,box,1899-04-28,0,NYC12,R,0,BLN,BRO,1,1,0,0,1,,35,12,14,17,1,1,0,,10,,7,0,,0,1,1,0,7,2,0,8,1,1,0,0,0,1,1,0,0,24,47,37,11,10,15,20,2,0,1,0,6,0,,0,3,1,0,0,0,0,0,0,0,0,,,1,24,36,24,11,1,0,0,0
BLN189904290,box,1899-04-29,0,BAL07,R,1,BLN,BSN,1,1,0,0,1,,30,3,7,13,2,2,0,,3,,2,0,3,0,0,0,0,2,1,0,5,1,1,1,0,0,0,1,0,0,27,31,28,1,1,2,2,0,0,0,0,1,0,0,1,1,1,0,0,0,0,0,0,0,0,,,1,27,46,27,18,1,1,0,0
BLN189905010,box,1899-05-01,0,BAL07,R,1,BLN,BSN,1,1,0,0,1,,28,1,5,6,1,0,0,,1,,1,0,2,1,0,0,0,1,0,0,4,1,1,1,1,0,0,1,0,0,27,35,32,0,0,7,8,1,0,0,0,3,0,2,0,0,0,0,0,0,0,0,0,0,0,,,1,27,42,27,14,1,0,0,0
BLN189905020,box,1899-05-02,0,BAL07,R,1,BLN,BSN,1,0,1,0,1,,30,2,7,9,2,0,0,,2,,4,0,3,1,1,0,0,2,1,0,6,1,1,1,0,0,0,0,1,0,27,39,34,9,4,10,12,0,1,0,0,3,0,,0,0,2,0,0,0,0,0,0,0,0,,,1,27,43,27,12,4,2,0,0
BLN189905030,box,1899-05-03,0,BAL07,R,1,BLN,BSN,1,0,1,0,1,,28,3,4,6,2,0,0,,3,,3,0,4,1,0,1,0,0,0,0,2,1,1,1,0,0,0,0,1,0,27,34,32,4,3,5,6,1,0,0,0,0,0,1,2,1,1,0,0,1,0,0,0,0,0,,,1,27,50,27,20,3,2,0,0
BLN189905040,box,1899-05-04,0,BAL07,R,1,BLN,PHI,1,0,1,0,1,,34,6,12,12,0,0,0,,6,,4,0,2,0,3,0,0,1,0,0,8,1,1,1,0,0,0,0,1,0,27,46,41,10,5,13,18,1,2,0,0,3,0,4,0,1,1,0,0,0,0,0,0,0,0,,,1,27,41,27,11,3,0,0,0
BLN189905050,box,1899-05-05,0,BAL07,R,1,BLN,PHI,1,0,1,0,1,,35,4,9,11,0,1,0,,4,,3,,2,,1,0,0,1,,0,8,1,1,1,0,0,0,0,1,0,27,42,39,6,6,13,14,1,0,0,0,2,,1,,0,1,0,0,0,0,0,0,0,0,,,1,27,36,27,8,1,1,0,0
PHI189905060,box,1899-05-06,0,PHI09,R,0,BLN,PHI,1,1,0,0,1,,37,11,11,14,3,0,0,,8,,5,0,1,2,1,1,0,7,0,0,6,1,1,0,0,0,1,1,0,0,27,43,35,3,2,12,12,0,0,0,0,7,0,0,1,1,0,0,0,1,0,0,0,0,0,,,1,27,40,27,12,1,2,0,0
PHI189905090,box,1899-05-09,0,PHI09,R,0,BLN,PHI,1,1,0,0,1,,37,4,13,18,5,0,0,,4,,1,0,1,0,0,1,0,2,1,0,8,1,1,1,0,0,0,1,0,0,27,36,35,2,2,9,16,4,0,1,0,0,0,,0,0,1,0,0,0,0,0,0,0,0,,,1,27,43,27,16,0,0,0,0
BSN189905100,box,1899-05-10,0,BOS05,R,0,BLN,BSN,1,1,0,0,1,,36,5,12,17,2,0,1,,3,,2,0,4,2,1,0,0,2,1,0,7,1,1,1,1,0,0,1,0,0,27,34,32,0,0,6,8,2,0,0,0,1,0,5,1,1,0,0,0,0,0,0,0,0,0,,,1,27,38,27,9,2,1,0,0
BSN189905110,box,1899-05-11,0,BOS05,R,0,BLN,BSN,1,0,1,0,1,,24,1,6,8,0,1,0,,1,,1,0,2,1,0,0,0,0,0,0,3,1,1,1,0,0,0,0,1,0,21,28,26,4,4,9,12,1,1,0,0,1,0,1,0,0,1,0,0,0,0,0,0,0,0,,,1,21,28,21,7,0,1,0,0
BSN189905120,box,1899-05-12,0,BOS05,R,0,BLN,BSN,1,0,1,0,1,,37,6,9,13,1,0,1,,5,,3,0,,1,0,0,0,0,0,0,7,1,1,1,0,0,0,0,1,0,24,38,35,7,2,10,14,0,2,0,0,2,0,2,0,0,1,0,0,0,0,0,0,0,0,,,1,24,44,24,16,4,1,0,2
BSN189905130,box,1899-05-13,0,BOS05,R,0,BLN,BSN,1,0,1,0,1,,28,1,4,6,2,0,0,,1,,6,0,,0,2,0,0,1,2,0,8,1,1,1,0,0,0,0,1,0,26,32,32,2,2,7,12,1,2,0,0,0,0,,0,0,0,0,0,0,0,0,0,0,0,,,1,26,36,26,9,1,0,0,0
BLN189905150,box,1899-05-15,0,BAL07,R,1,BLN,NY1,1,1,0,0,1,,31,5,11,12,1,0,0,,2,,4,0,1,1,2,0,0,3,1,0,8,1,1,1,0,0,0,1,0,0,27,36,33,3,3,7,9,2,0,0,0,3,0,1,0,0,0,0,0,0,0,0,0,0,0,,,1,27,38,27,11,0,1,0,0
BLN189905160,box,1899-05-16,0,BAL07,R,1,BLN,NY1,1,1,0,0,1,,39,15,20,25,5,0,0,,12,,8,0,1,0,2,0,0,7,4,0,10,1,1,1,0,0,0,1,0,0,27,42,40,5,4,15,17,2,0,0,0,1,0,1,1,0,0,0,0,0,1,0,0,0,0,,,1,27,46,27,18,1,1,0,0
CHN189905190,box,1899-05-19,0,CHI08,R,0,BLN,CHN,1,1,0,0,1,,33,4,10,11,1,0,0,,4,,3,0,0,1,0,0,0,2,0,0,5,1,1,1,0,0,0,1,0,0,27,37,32,2,0,5,7,0,1,0,0,5,0,,0,0,0,0,0,0,0,0,0,0,0,,,1,27,44,27,16,1,0,0,0
CHN189905200,box,1899-05-20,0,CHI08,R,0,BLN,CHN,1,1,0,0,1,,37,9,15,23,3,1,1,,8,,2,0,2,1,1,1,0,1,0,0,5,1,1,0,0,0,1,1,0,1,27,38,32,5,4,7,9,0,1,0,0,4,0,2,0,0,2,0,0,0,0,0,0,0,0,,,1,27,41,27,11,3,0,0,1
CHN189905210,box,1899-05-21,0,CHI08,R,0,BLN,CHN,1,0,1,0,1,,30,1,3,4,1,0,0,,1,,1,0,0,0,0,1,0,0,0,0,4,1,1,1,0,0,0,0,1,0,24,37,32,6,4,9,10,1,0,0,0,2,0,3,0,2,1,0,0,0,0,0,0,0,0,,,1,24,45,24,16,5,0,0,0
PIT189905220,box,1899-05-22,0,PIT05,R,0,BLN,PIT,1,0,1,0,1,,38,4,14,16,2,0,0,,4,,3,,3,,0,0,0,0,,0,10,1,1,1,0,0,0,0,1,0,24,42,37,9,6,14,26,3,3,1,0,3,,0,,2,0,0,0,1,0,0,0,0,0,,,1,24,34,24,8,2,1,0,0
PIT189905230,box,1899-05-23,0,PIT05,R,0,BLN,PIT,1,1,0,0,1,,38,8,13,20,2,1,1,,7,,3,,1,,0,0,0,1,,0,6,1,1,1,0,0,0,1,0,0,27,39,37,2,2,11,15,4,0,0,0,2,,2,,0,0,0,0,0,0,0,0,0,0,,,1,27,35,27,8,0,1,0,0
PIT189905240,box,1899-05-24,0,PIT05,R,0,BLN,PIT,1,1,0,0,1,,46,7,13,16,1,1,0,,7,,4,,5,,1,0,0,6,,0,8,1,1,1,0,0,0,1,0,0,36,55,46,6,5,16,19,1,1,0,0,2,,2,,1,6,0,0,0,0,0,0,0,0,,,1,36,62,36,21,5,1,0,0
CL4189905250,box,1899-05-25,0,CLE05,R,0,BLN,CL4,1,0,1,0,1,,37,6,9,15,4,1,0,,4,,3,0,4,0,2,0,0,3,1,0,9,1,1,1,0,0,0,0,1,0,24,38,34,8,5,12,12,0,0,0,0,2,0,1,1,1,1,0,0,0,0,0,0,0,0,,,1,24,37,24,10,3,1,0,1
CL4189905260,box,1899-05-26,0,CLE05,R,0,BLN,CL4,1,1,0,0,1,,44,12,21,24,1,1,0,,12,,5,,3,,1,0,0,4,,0,11,1,1,0,1,1,1,1,0,1,27,35,32,0,0,6,6,0,0,0,0,3,,4,,0,0,0,0,0,0,0,0,0,0,,,1,27,40,27,13,0,1,0,0
CIN189905280,box,1899-05-28,0,CIN05,R,0,BLN,CIN,1,1,0,0,1,,40,15,15,22,2,1,1,,12,,5,0,,1,2,1,0,3,0,0,7,1,1,1,0,0,0,1,0,0,27,43,37,9,6,8,10,2,0,0,0,2,0,,1,2,2,0,0,0,0,0,0,0,0,,,1,27,41,27,10,4,1,0,0
BLN189905301,box,1899-05-30,1,BAL07,R,1,BLN,SLN,1,0,1,0,1,,35,3,12,13,1,0,0,,1,,2,0,0,0,1,1,0,0,2,0,9,1,1,1,0,0,0,0,1,0,27,44,38,7,2,10,11,1,0,0,0,5,0,4,0,0,1,0,0,0,0,0,0,0,0,,,1,27,41,27,12,2,0,0,0
BLN189905302,box,1899-05-30,2,BAL07,R,1,BLN,SLN,1,1,0,0,1,,33,6,13,13,0,0,0,,5,,0,0,2,,1,1,0,1,,0,5,1,1,1,0,0,0,1,0,0,27,35,32,4,3,7,8,1,0,0,0,3,,0,,0,0,0,0,0,0,0,0,0,0,,,1,27,42,27,14,1,3,0,0
BLN189905310,box,1899-05-31,0,BAL07,R,1,BLN,SLN,1,1,0,0,1,,29,4,8,11,3,0,0,,4,,4,,5,,0,2,0,1,,0,7,1,1,1,0,0,0,1,0,0,27,40,39,3,1,12,13,1,0,0,0,1,,1,,0,0,0,0,0,0,0,0,0,0,,,1,27,44,27,15,2,1,0,0
BLN189906010,box,1899-06-01,0,BAL07,R,1,BLN,SLN,1,1,0,0,1,,38,3,8,11,1,1,0,,3,,1,,1,,0,1,0,1,,0,8,1,1,1,0,0,0,1,0,0,30,39,39,2,0,8,11,1,1,0,0,0,0,1,,0,0,0,0,0,0,0,0,0,0,,,1,30,45,30,13,2,1,0,0
BLN189906020,box,1899-06-02,0,BAL07,R,1,BLN,CHN,1,1,0,0,1,,30,4,9,12,1,1,0,,4,,2,0,5,0,1,1,0,2,0,0,6,1,1,1,0,0,0,1,0,0,27,34,33,2,2,8,11,1,1,0,0,0,0,4,1,0,1,0,0,0,0,0,0,0,0,,,1,27,44,27,17,0,1,0,0
BLN189906030,box,1899-06-03,0,BAL07,R,1,BLN,CHN,1,0,1,0,1,,35,5,11,16,1,2,0,,5,,2,,2,,1,1,0,1,,0,7,1,1,0,0,0,1,0,1,0,27,48,45,14,6,17,17,0,0,0,0,1,,1,,1,0,0,0,0,1,0,0,0,0,,,1,27,46,27,14,5,1,0,0
BLN189906050,box,1899-06-05,0,BAL07,R,1,BLN,CHN,1,0,1,0,1,,32,4,9,11,2,0,0,,4,,1,,2,,1,1,0,2,,0,5,1,1,1,0,0,0,0,1,0,24,42,38,9,4,10,14,2,1,0,0,3,,1,,0,1,0,0,0,0,0,0,0,0,,,1,24,40,24,10,6,0,0,0
BLN189906060,box,1899-06-06,0,BAL07,R,1,BLN,PIT,1,1,0,0,1,,36,6,14,15,1,0,0,,6,,2,0,0,2,0,0,0,3,0,0,8,1,1,1,0,0,0,1,0,0,27,39,37,3,0,7,9,0,1,0,0,1,0,7,0,0,1,0,0,0,0,0,0,0,0,,,1,27,40,27,10,3,0,0,1
BLN189906070,box,1899-06-07,0,BAL07,R,1,BLN,PIT,1,1,0,0,1,,30,6,9,9,0,0,0,,4,,3,0,2,0,0,2,0,5,3,0,5,1,1,1,0,0,0,1,0,0,27,36,36,2,1,8,8,0,0,0,0,0,0,0,0,0,0,0,0,1,0,0,0,0,0,,,1,27,37,27,9,1,0,0,0
BLN189906080,box,1899-06-08,0,BAL07,R,1,BLN,PIT,1,1,0,0,1,,35,11,15,25,3,2,1,,9,,3,0,0,0,0,1,0,3,2,0,5,1,1,1,0,0,0,1,0,0,27,41,39,5,4,10,12,2,0,0,0,2,0,3,0,0,0,0,0,0,0,0,0,0,0,,,1,27,41,27,12,2,0,0,0
BLN189906131,box,1899-06-13,1,BAL07,R,1,BLN,BRO,1,1,0,0,1,,37,10,17,19,2,0,0,,5,,4,,0,,0,1,0,5,,0,8,1,1,1,0,0,0,1,0,0,27,36,28,3,2,5,7,2,0,0,0,3,,,,2,3,0,0,0,0,0,0,0,0,,,1,27,45,27,17,1,1,0,0
BLN189906132,box,1899-06-13,2,BAL07,R,1,BLN,BRO,1,0,1,0,1,,36,5,11,15,0,2,0,,5,,4,0,3,0,0,0,0,4,3,0,8,1,1,1,0,0,0,0,1,0,27,40,36,6,4,12,14,0,1,0,0,2,0,1,0,0,2,0,0,1,0,0,0,0,0,,,1,27,41,27,11,3,1,0,0
WSN189906140,box,1899-06-14,0,WAS06,R,0,BLN,WSN,1,1,0,0,1,,32,9,11,14,1,1,0,,8,,3,,2,,2,3,0,4,,0,7,1,1,1,0,0,0,1,0,0,27,39,35,3,3,10,12,0,1,0,0,3,,1,,1,0,0,0,0,0,0,0,0,0,,,1,27,40,27,12,1,2,0,0
BLN189906150,box,1899-06-15,0,BAL07,R,1,BLN,WSN,1,1,0,0,1,,33,10,11,15,4,0,0,,10,,3,,,,1,0,0,2,,0,3,1,1,1,0,0,0,1,0,0,27,43,39,2,2,12,13,1,0,0,0,1,,,,2,1,0,0,0,0,0,0,0,0,,,1,27,39,27,11,1,0,0,0
WSN189906160,box,1899-06-16,0,WAS06,R,0,BLN,WSN,1,1,0,0,1,,41,6,14,16,2,0,0,,5,,3,,2,,0,0,0,1,,0,12,1,1,1,0,0,0,1,0,0,27,40,37,5,2,7,8,1,0,0,0,1,,3,,0,2,0,0,0,0,0,0,0,0,,,1,27,50,27,18,5,1,0,1
LS3189906180,box,1899-06-18,0,LOU03,R,0,BLN,LS3,1,1,0,0,1,,38,7,13,13,0,0,0,,4,,2,,,,1,0,0,2,,0,7,1,1,1,0,0,0,1,0,0,27,34,32,2,2,5,7,2,0,0,0,1,,0,,1,0,0,0,1,0,0,0,0,0,,,1,27,37,27,10,0,0,0,0
LS3189906190,box,1899-06-19,0,LOU03,R,0,BLN,LS3,1,0,1,0,1,,41,2,4,4,0,0,0,,1,,0,0,0,,1,1,0,2,,0,5,1,1,1,0,0,0,0,1,0,35,49,44,3,2,12,14,2,0,0,0,2,,,,0,3,0,0,0,0,0,0,0,0,,,1,35,55,35,17,3,1,0,0
LS3189906200,box,1899-06-20,0,LOU03,R,0,BLN,LS3,1,1,0,0,1,,34,2,8,9,1,0,0,,2,,1,,,,0,0,0,2,,0,6,1,1,1,0,0,0,1,0,0,27,35,33,1,0,6,6,0,0,0,0,0,0,,,1,1,0,0,0,0,0,0,0,0,,,1,27,39,27,10,2,0,0,0
LS3189906210,box,1899-06-21,0,LOU03,R,0,BLN,LS3,1,0,1,0,1,,34,4,6,6,0,0,0,,2,,1,,,,0,1,0,1,,0,5,1,1,0,0,0,1,0,1,0,24,42,33,8,5,10,12,2,0,0,0,5,,,,0,3,0,0,0,1,0,0,0,0,,,1,24,38,24,10,4,0,0,1
CIN189906230,box,1899-06-23,0,CIN05,R,0,BLN,CIN,1,0,1,0,1,,34,3,8,8,0,0,0,,3,,2,,,,0,1,0,1,,0,7,1,1,0,0,0,1,0,1,0,24,37,35,8,6,13,18,1,2,0,0,1,,,,0,1,0,0,0,0,0,0,0,0,,,1,24,37,24,10,3,2,0,0
CIN189906251,box,1899-06-25,1,CIN05,R,0,BLN,CIN,1,0,1,0,1,,31,1,4,5,1,0,0,,1,,3,,0,,0,0,0,0,,0,6,1,1,1,0,0,0,0,1,0,24,38,30,6,1,8,9,1,0,0,0,6,,,,0,2,0,0,0,0,0,0,0,0,,,1,24,39,24,13,2,0,0,0
CIN189906252,box,1899-06-25,2,CIN05,R,0,BLN,CIN,1,0,1,0,1,,44,3,9,10,1,0,0,,3,,0,0,,,0,0,0,0,,0,5,1,1,0,0,0,1,0,1,0,35,46,38,4,3,7,9,0,1,0,0,6,,0,,1,1,0,0,0,0,0,0,0,0,,,1,35,51,35,15,1,2,0,1
SLN189906280,box,1899-06-28,0,STL05,R,0,BLN,SLN,1,1,0,0,1,,28,5,10,15,0,1,1,,5,,1,,1,,2,0,0,4,,0,2,1,1,1,1,0,0,1,0,0,27,36,33,0,0,6,7,1,0,0,0,3,,0,,0,0,0,0,0,0,0,0,0,0,,,1,27,41,27,13,1,1,0,0
SLN189906290,box,1899-06-29,0,STL05,R,0,BLN,SLN,1,0,1,0,1,,31,2,7,11,1,0,1,,2,,1,,0,,0,0,0,0,,0,3,1,1,1,0,0,0,0,1,0,24,38,36,4,4,13,19,1,1,1,0,1,,2,,1,0,0,0,0,0,0,0,0,0,,,1,24,35,24,11,0,0,0,0
SLN189907010,box,1899-07-01,0,STL05,R,0,BLN,SLN,1,1,0,0,1,,35,6,9,12,3,0,0,,5,,2,,4,,1,0,0,3,,0,5,1,1,1,0,0,0,1,0,0,27,35,32,2,2,8,11,1,1,0,0,2,,2,,0,1,0,0,0,0,0,0,0,0,,,1,27,36,27,9,0,1,0,0
SLN189907020,box,1899-07-02,0,STL05,R,0,BLN,SLN,1,1,0,0,1,,36,10,13,16,0,0,1,,9,,8,,4,,0,1,0,2,,0,11,1,1,1,0,0,0,1,0,0,27,41,38,3,3,11,15,0,2,0,0,3,,0,,0,0,0,0,0,0,0,0,0,0,,,1,27,45,27,16,2,1,0,0
BLN189907041,box,1899-07-04,1,BAL07,R,1,BLN,BSN,1,1,0,0,1,,27,2,6,9,1,1,0,,2,,3,,2,,0,0,0,2,,0,4,1,1,1,0,0,0,1,0,0,27,36,32,1,1,7,9,0,1,0,0,2,,4,,0,2,0,0,1,0,0,0,0,0,,,1,27,41,27,11,3,0,0,0
BLN189907042,box,1899-07-04,2,BAL07,R,1,BLN,BSN,1,1,0,0,1,,32,5,9,9,0,0,0,,4,,7,,0,,1,0,0,5,,0,11,1,1,1,0,0,0,1,0,0,27,41,38,4,2,11,11,0,0,0,0,3,,4,,0,0,0,0,0,0,0,0,0,0,,,1,27,42,27,13,2,1,0,1
BLN189907050,box,1899-07-05,0,BAL07,R,1,BLN,BSN,1,0,1,0,1,,32,4,8,8,0,0,0,,2,,3,,4,,0,0,0,2,,0,4,1,1,1,0,0,0,0,1,0,27,40,38,5,4,11,11,0,0,0,0,0,0,2,,0,2,0,0,0,0,0,0,0,0,,,1,27,46,27,15,4,0,0,0
WSN189907070,box,1899-07-07,0,WAS06,R,0,BLN,WSN,1,0,1,0,1,,32,3,4,4,0,0,0,,2,,4,,0,,1,0,0,1,,0,4,1,1,1,0,0,0,0,1,0,30,43,35,4,2,10,11,1,0,0,0,7,,0,,1,0,0,0,0,0,0,0,0,0,,,1,30,48,30,16,2,2,0,0
BLN189907080,box,1899-07-08,0,BAL07,R,1,BLN,WSN,1,1,0,0,1,,34,4,12,17,3,1,0,,4,,3,,3,,1,1,0,3,,0,8,1,1,1,0,0,0,1,0,0,27,35,31,1,1,7,7,0,0,0,0,3,,2,,1,0,0,0,0,0,0,0,0,0,,,1,27,44,27,16,1,2,0,0
WSN189907100,box,1899-07-10,0,WAS06,R,0,BLN,WSN,1,0,1,0,1,,31,1,7,7,0,0,0,,0,,6,,2,,0,1,0,0,,0,10,1,1,0,0,0,1,0,1,0,27,41,39,7,7,17,28,3,4,0,0,0,0,2,,2,0,0,0,0,0,0,0,0,0,,,1,27,37,27,8,2,2,0,0
BLN189907110,box,1899-07-11,0,BAL07,R,1,BLN,LS3,1,1,0,0,1,,37,10,13,14,1,0,0,,8,,6,,4,,1,0,0,7,,0,10,1,1,0,0,0,1,1,0,0,27,39,36,6,6,13,18,1,2,0,0,2,,1,,0,1,0,0,0,0,0,0,0,0,,,1,27,45,27,16,2,3,0,0
BLN189907120,box,1899-07-12,0,BAL07,R,1,BLN,LS3,1,0,1,0,1,,36,3,11,13,2,0,0,,3,,1,,2,,0,0,0,0,,0,7,1,1,1,0,0,0,0,1,0,27,48,41,13,11,16,22,2,2,0,0,4,,2,,0,3,0,0,0,0,0,0,0,0,,,1,27,40,27,11,2,0,0,0
BLN189907140,box,1899-07-14,0,BAL07,R,1,BLN,CL4,1,1,0,0,1,,39,14,14,17,0,0,1,,12,,6,,0,,1,1,0,6,,0,6,1,1,1,0,0,0,1,0,0,27,34,32,1,0,3,4,1,0,0,0,1,,3,,1,0,0,0,0,0,0,0,0,0,,,1,27,38,27,8,3,0,0,0
BLN189907151,box,1899-07-15,1,BAL07,R,1,BLN,CL4,1,1,0,0,1,,33,10,12,17,2,0,1,,7,,3,,3,,2,2,0,3,,0,6,1,1,1,1,0,0,1,0,0,27,31,29,0,0,4,4,0,0,0,0,1,,3,,0,1,0,0,0,0,0,0,0,0,,,1,27,34,27,7,0,1,0,0
BLN189907152,box,1899-07-15,2,BAL07,R,1,BLN,CL4,1,1,0,0,1,,29,5,10,11,1,0,0,,4,,4,,0,,2,1,0,4,,0,7,1,1,1,1,0,0,1,0,0,27,33,32,0,0,5,6,1,0,0,0,1,,3,,0,0,0,0,0,0,0,0,0,0,,,1,27,38,27,11,0,0,0,0
BLN189907171,box,1899-07-17,1,BAL07,R,1,BLN,CL4,1,0,1,0,1,,30,2,6,8,0,1,0,,2,,4,,4,,2,0,0,1,,0,7,1,1,0,0,0,1,0,1,0,27,43,38,7,4,12,16,0,2,0,0,0,0,1,,2,3,0,0,0,0,0,0,0,0,,,1,27,42,27,11,4,0,0,0
BLN189907172,box,1899-07-17,2,BAL07,R,1,BLN,CL4,1,1,0,0,1,,42,21,25,33,2,3,0,,16,,4,,0,,5,2,0,9,,0,8,1,1,1,0,0,0,1,0,0,27,39,38,6,3,12,12,0,0,0,0,1,,2,,0,0,0,0,0,0,0,0,0,0,,,1,27,44,27,14,3,0,0,0
BLN189907180,box,1899-07-18,0,BAL07,R,1,BLN,CIN,1,0,1,0,1,,34,5,11,11,0,0,0,,4,,5,,3,,0,1,0,2,,0,8,1,1,1,0,0,0,0,1,0,27,39,32,7,5,12,12,0,0,0,0,5,,1,,0,2,0,0,1,0,0,0,0,0,,,1,27,42,27,14,1,0,0,1
BLN189907190,box,1899-07-19,0,BAL07,R,1,BLN,CIN,1,0,1,0,1,,33,0,6,6,0,0,0,,0,,0,0,3,,0,0,0,0,,0,6,1,1,1,0,0,0,0,1,0,24,36,31,5,5,8,10,0,1,0,0,2,,3,,2,1,0,0,0,0,0,0,0,0,,,1,24,34,24,9,1,0,0,0
BLN189907200,box,1899-07-20,0,BAL07,R,1,BLN,CIN,1,0,1,0,1,,32,4,10,16,2,2,0,,4,,0,0,2,,3,1,0,2,,0,5,1,1,1,0,0,0,0,1,0,27,37,35,5,3,10,15,3,1,0,0,1,,4,,0,1,0,0,0,0,0,0,0,0,,,1,27,44,27,14,3,0,0,1
CHN189907220,box,1899-07-22,0,CHI08,R,0,BLN,CHN,1,1,0,0,1,,30,2,4,7,3,0,0,,2,,2,,2,,3,1,0,1,,0,7,1,1,1,0,0,0,1,0,0,27,34,30,1,0,4,4,0,0,0,0,3,,1,,0,1,0,0,0,0,0,0,0,0,,,1,27,41,27,11,3,1,0,0
CHN189907230,box,1899-07-23,0,CHI08,R,0,BLN,CHN,1,0,1,0,1,,36,4,9,10,1,0,0,,3,,2,,1,,1,1,0,1,,0,9,1,1,1,0,0,0,0,1,0,24,34,33,8,7,10,18,3,1,1,0,1,,4,,0,0,0,0,0,0,0,0,0,0,,,1,24,33,24,7,2,1,0,1
CHN189907240,box,1899-07-24,0,CHI08,R,0,BLN,CHN,1,1,0,0,1,,30,5,5,5,0,0,0,,2,,7,,0,,0,2,0,0,,0,7,1,1,1,0,0,0,1,0,0,27,38,35,4,1,8,8,0,0,0,0,2,,2,,0,1,0,0,0,0,0,0,0,0,,,1,27,40,27,9,4,1,0,0
CHN189907250,box,1899-07-25,0,CHI08,R,0,BLN,CHN,1,1,0,0,1,,31,7,9,11,2,0,0,,6,,1,,3,,2,1,0,2,,0,1,1,1,1,0,0,0,1,0,0,27,37,33,3,3,8,11,1,1,0,0,4,,2,,0,0,0,0,0,0,0,0,0,0,,,1,27,40,27,13,0,0,0,0
BLN189907271,box,1899-07-27,1,BAL07,R,1,BLN,CL4,1,1,0,0,1,,35,8,13,16,3,0,0,,7,,4,,,,0,1,0,2,,0,8,1,1,0,0,0,1,1,0,0,27,45,41,5,5,13,17,4,0,0,0,2,,,,2,0,0,0,1,0,0,0,0,0,,,1,27,42,27,12,3,0,0,0
BLN189907272,box,1899-07-27,2,BAL07,R,1,BLN,CL4,1,1,0,0,1,,32,9,13,18,1,2,0,,9,,6,,1,,2,0,0,1,,0,7,1,1,1,0,0,0,1,0,0,27,39,35,4,1,8,10,0,1,0,0,3,,1,,1,0,0,0,0,0,0,0,0,0,,,1,27,40,27,11,2,0,0,0
BLN189907281,box,1899-07-28,1,BAL07,R,1,BLN,CL4,1,1,0,0,1,,31,6,12,14,0,1,0,,3,,3,,1,,0,1,0,4,,0,5,1,1,1,0,0,0,1,0,0,27,35,34,1,1,9,10,1,0,0,0,1,,2,,0,0,0,0,0,0,0,0,0,0,,,1,27,36,27,8,1,1,0,0
BLN189907282,box,1899-07-28,2,BAL07,R,1,BLN,CL4,1,1,0,0,1,,22,8,9,14,1,2,0,,6,,4,,1,,1,2,0,6,,0,6,1,1,1,0,0,0,1,0,0,15,22,20,2,1,2,2,0,0,0,0,2,,,,0,0,0,0,1,0,0,0,0,0,,,1,15,20,15,4,1,0,0,0
PIT189907310,box,1899-07-31,0,PIT05,R,0,BLN,PIT,1,0,1,0,1,,34,3,8,8,0,0,0,,2,,5,,,,0,0,0,1,,0,9,1,1,1,0,0,0,0,1,0,24,38,34,7,4,11,15,2,1,0,0,3,,3,,0,1,0,0,0,0,0,0,0,0,,,1,24,43,24,15,4,1,0,0
PIT189908010,box,1899-08-01,0,PIT05,R,0,BLN,PIT,1,0,1,0,1,,42,2,17,19,0,1,0,,2,,0,0,2,,0,0,0,0,,0,13,1,1,1,0,0,0,0,1,0,24,41,38,9,4,15,19,2,1,0,0,3,,2,,0,0,0,0,1,0,0,0,0,0,,,1,24,42,24,15,3,0,0,1
PIT189908020,box,1899-08-02,0,PIT05,R,0,BLN,PIT,1,1,0,0,1,,34,6,9,9,0,0,0,,5,,4,,1,,2,0,0,0,,0,7,1,1,1,0,0,0,1,0,0,27,38,35,3,2,10,14,0,2,0,0,0,0,3,,0,3,0,0,0,0,0,0,0,0,,,1,27,42,27,12,3,0,0,0
PIT189908030,box,1899-08-03,0,PIT05,R,0,BLN,PIT,1,1,0,0,1,,33,5,9,13,0,2,0,,5,,3,,4,,0,0,0,0,,0,4,1,1,1,0,0,0,1,0,0,27,37,34,4,4,8,10,2,0,0,0,3,,2,,0,0,0,0,0,0,0,0,0,0,,,1,27,41,27,13,1,0,0,0
PHI189908040,box,1899-08-04,0,PHI09,R,0,BLN,PHI,1,0,1,0,1,,34,3,8,9,1,0,0,,2,,2,,4,,1,0,0,0,,0,7,1,1,1,0,0,0,0,1,0,24,39,32,4,4,11,13,2,0,0,0,4,,2,,2,1,0,0,1,0,0,0,0,0,,,1,24,36,24,11,1,1,0,0
PHI189908050,box,1899-08-05,0,PHI09,R,0,BLN,PHI,1,1,0,0,1,,44,8,11,11,0,0,0,,7,,2,0,,0,0,0,0,2,0,0,5,1,1,1,0,0,0,1,0,0,33,46,44,5,5,14,16,2,0,0,0,1,0,,1,0,1,0,0,0,0,0,0,0,0,,,1,33,44,33,11,0,2,0,0
PHI189908070,box,1899-08-07,0,PHI09,R,0,BLN,PHI,1,1,0,0,1,,35,4,8,9,1,0,0,,4,,1,,3,,0,1,0,3,,0,6,1,1,1,0,0,0,1,0,0,27,40,32,3,2,8,8,0,0,0,0,4,,1,,1,3,0,0,1,0,0,0,0,0,,,1,27,41,27,12,2,1,0,0
BLN189908080,box,1899-08-08,0,BAL07,R,1,BLN,SLN,1,1,0,0,1,,32,7,15,17,0,1,0,,0,,2,,,,2,4,0,3,,0,9,1,1,1,0,0,0,1,0,0,27,42,38,5,4,14,17,3,0,0,0,2,,,,1,1,0,0,1,0,0,0,0,0,,,1,27,39,26,11,2,0,0,0
BLN189908090,box,1899-08-09,0,BAL07,R,1,BLN,SLN,1,0,1,0,1,,34,3,10,14,2,1,0,,2,,0,0,,,0,2,0,2,,0,6,1,1,1,0,0,0,0,1,0,27,39,37,6,6,10,18,3,1,1,0,2,,,,0,0,0,0,0,0,0,0,0,0,,,1,27,43,27,15,1,0,0,0
BLN189908100,box,1899-08-10,0,BAL07,R,1,BLN,SLN,1,1,0,0,1,,33,7,13,22,3,3,0,,7,,1,,3,,0,1,0,2,,0,4,1,1,1,0,0,0,1,0,0,27,33,33,4,4,7,12,1,2,0,0,0,0,3,,0,0,0,0,0,0,0,0,0,0,,,1,27,33,27,5,1,1,0,0
BLN189908120,box,1899-08-12,0,BAL07,R,1,BLN,PIT,1,1,0,0,1,,35,16,15,22,3,2,0,,14,,6,,2,,2,3,0,2,,0,6,1,1,1,0,0,0,1,0,0,27,36,35,2,2,7,7,0,0,0,0,0,0,1,,0,1,0,0,0,0,0,0,0,0,,,1,27,44,27,15,2,0,0,0
BLN189908140,box,1899-08-14,0,BAL07,R,1,BLN,PIT,1,1,0,0,1,,28,14,10,13,1,1,0,,12,,5,,4,,2,1,0,1,,0,4,1,1,0,0,0,1,1,0,1,21,39,38,9,5,15,18,1,1,0,0,1,,5,,0,0,0,0,0,0,0,0,0,0,,,1,21,31,21,7,3,0,0,0
BLN189908160,box,1899-08-16,0,BAL07,R,1,BLN,CHN,1,1,0,0,1,,29,6,6,6,0,0,0,,3,,8,,2,,1,0,0,7,,0,8,1,1,1,0,0,0,1,0,0,27,34,33,1,1,7,8,1,0,0,0,1,,0,,0,0,0,0,0,0,0,0,0,0,,,1,27,45,27,16,2,0,0,0
BLN189908170,box,1899-08-17,0,BAL07,R,1,BLN,CHN,1,1,0,0,1,,41,13,19,24,1,2,0,,9,,2,,,,1,0,0,3,,0,7,1,1,1,0,0,0,1,0,0,27,42,39,5,0,9,12,1,1,0,0,3,,,,0,0,0,0,0,0,0,0,0,0,,,1,27,43,27,12,4,1,0,0
BLN189908181,box,1899-08-18,1,BAL07,R,1,BLN,CHN,1,0,1,0,1,,39,12,14,17,0,0,1,,11,,4,,2,,2,0,0,5,,0,6,1,1,0,0,0,1,0,1,0,27,50,44,13,11,21,25,2,1,0,0,2,,0,,0,4,0,0,0,0,0,0,0,0,,,1,27,45,26,13,6,0,0,1
BLN189908182,box,1899-08-18,2,BAL07,R,1,BLN,CHN,1,1,0,0,1,,24,5,8,11,1,1,0,,5,,4,,6,,1,0,0,1,,0,6,1,1,1,0,0,0,1,0,0,18,26,22,4,2,7,10,1,1,0,0,3,,,,0,1,0,0,0,0,0,0,0,0,,,1,18,33,18,14,1,0,0,0
BLN189908190,box,1899-08-19,0,BAL07,R,1,BLN,WSN,1,1,0,0,1,,35,11,13,19,4,1,0,,11,,5,,2,,0,1,0,2,,0,6,1,1,1,0,0,0,1,0,0,27,37,36,1,1,8,8,0,0,0,0,1,,3,,0,0,0,0,0,0,0,0,0,0,,,1,27,41,27,13,1,0,0,0
WSN189908210,box,1899-08-21,0,WAS06,R,0,BLN,WSN,1,0,1,0,1,,30,1,6,8,2,0,0,,1,,2,,2,,0,0,0,2,,0,4,1,1,1,0,0,0,0,1,0,27,46,43,12,10,17,26,2,2,1,0,2,,0,,0,1,0,0,0,0,0,0,0,0,,,1,27,43,27,13,3,0,0,0
BLN189908221,box,1899-08-22,1,BAL07,R,1,BLN,WSN,1,1,0,0,1,,42,15,20,26,4,1,0,,10,,5,,0,,2,1,0,5,,0,9,1,1,0,0,0,1,1,0,1,27,40,35,5,5,7,11,1,0,1,0,4,,0,,1,0,0,0,0,0,0,0,0,0,,,1,27,44,27,14,3,0,0,0
BLN189908222,box,1899-08-22,2,BAL07,R,1,BLN,WSN,1,1,0,0,1,,33,6,8,15,1,3,0,,6,,2,,7,,0,1,0,1,,0,3,1,1,1,0,0,0,1,0,0,27,39,34,5,3,8,10,2,0,0,0,3,,2,,1,1,0,0,1,0,0,0,0,0,,,1,27,47,27,19,1,0,0,0
LS3189908240,box,1899-08-24,0,LOU04,R,0,BLN,LS3,1,0,0,1,1,,38,4,10,13,1,1,0,,3,,0,0,,0,1,0,0,2,0,0,5,1,1,1,0,0,0,0,0,0,30,47,39,4,2,12,13,1,0,0,0,6,0,,0,0,2,0,0,0,0,0,0,0,0,,,1,30,46,30,13,3,0,0,0
LS3189908260,box,1899-08-26,0,LOU04,R,0,BLN,LS3,1,0,1,0,1,,30,1,6,9,3,0,0,,1,,1,,,,0,0,0,0,,0,3,1,1,1,0,0,0,0,1,0,24,31,29,5,4,3,6,0,0,1,0,0,0,,,1,1,0,0,0,0,0,0,0,0,,,1,24,39,24,12,3,0,0,0
LS3189908271,box,1899-08-27,1,LOU04,R,0,BLN,LS3,1,1,0,0,1,,37,7,11,17,3,0,1,,7,,2,,,,2,2,0,1,,0,9,1,1,1,0,0,0,1,0,0,27,37,33,3,3,8,11,0,0,1,0,2,,,,2,0,0,0,0,0,0,0,0,0,,,1,27,41,27,14,0,1,0,0
LS3189908272,box,1899-08-27,2,LOU04,R,0,BLN,LS3,1,0,0,1,1,,32,4,8,13,1,2,0,,4,,1,,,,1,1,0,1,,0,7,1,1,1,0,0,0,0,0,0,24,35,30,4,3,6,6,0,0,0,0,3,,,,1,1,0,0,0,0,0,0,0,0,,,1,24,38,24,13,1,0,0,1
CIN189908280,box,1899-08-28,0,CIN05,R,0,BLN,CIN,1,0,1,0,1,,36,4,10,13,1,1,0,,4,,1,,,,0,0,0,0,,0,6,1,1,1,0,0,0,0,1,0,24,44,37,12,6,14,18,0,2,0,0,4,,,,1,2,0,0,0,0,0,0,0,0,,,1,24,44,24,13,7,0,0,0
CIN189908290,box,1899-08-29,0,CIN05,R,0,BLN,CIN,1,1,0,0,1,,34,5,12,20,2,3,0,,4,,1,,,,0,1,0,1,,0,4,1,1,1,0,0,0,1,0,0,27,38,33,4,0,4,6,0,1,0,0,3,,,,2,0,0,0,0,0,0,0,0,0,,,1,27,37,27,7,3,0,0,0
CIN189908300,box,1899-08-30,0,CIN05,R,0,BLN,CIN,1,0,1,0,1,,32,0,7,8,1,0,0,,0,,0,0,1,1,1,0,0,0,1,0,6,1,1,1,0,0,0,0,1,0,24,38,37,4,4,14,15,1,0,0,0,0,0,,0,0,1,0,0,0,0,0,0,0,0,,,1,24,35,24,10,1,0,0,0
SLN189908310,box,1899-08-31,0,STL05,R,0,BLN,SLN,1,0,1,0,1,,37,3,8,9,1,0,0,,2,,1,,2,,0,1,0,1,,0,9,1,1,1,0,0,0,0,1,0,24,37,33,5,4,8,9,1,0,0,0,3,,1,,1,0,0,0,0,0,0,0,0,0,,,1,24,39,24,12,3,0,0,1
SLN189909010,box,1899-09-01,0,STL05,R,0,BLN,SLN,1,0,1,0,1,,35,6,10,11,1,0,0,,6,,4,,1,,0,0,0,2,,0,6,1,1,1,0,0,0,0,1,0,24,36,32,7,2,7,9,2,0,0,0,4,,2,,0,0,0,0,0,0,0,0,0,0,,,1,24,44,24,16,4,0,0,0
SLN189909020,box,1899-09-02,0,STL05,R,0,BLN,SLN,1,0,1,0,1,,37,4,10,12,2,0,0,,1,,0,0,,0,0,1,0,0,0,0,7,1,1,1,0,0,0,0,1,0,24,37,37,8,8,14,24,1,3,1,0,0,0,1,0,0,0,0,0,0,0,0,0,0,0,,,1,24,36,24,12,0,0,0,0
BSN189909040,box,1899-09-04,0,BOS05,R,0,BLN,BSN,1,0,1,0,1,,34,1,11,14,1,1,0,,1,,1,0,6,0,1,1,0,1,1,0,9,1,1,1,0,0,0,0,1,0,24,35,29,4,3,7,9,0,1,0,0,5,0,3,1,0,1,0,0,0,0,0,0,0,0,,,1,24,41,24,13,4,1,0,0
BSN189909050,box,1899-09-05,0,BOS05,R,0,BLN,BSN,1,1,0,0,1,,41,8,17,20,3,0,0,,7,,2,,2,,0,0,0,2,,0,8,1,1,1,0,0,0,1,0,0,27,40,35,4,1,6,8,2,0,0,0,5,,0,,0,0,0,0,0,0,0,0,0,0,,,1,27,41,27,11,3,0,0,0
BSN189909060,box,1899-09-06,0,BOS05,R,0,BLN,BSN,1,1,0,0,1,,40,5,12,16,2,1,0,,5,,3,0,,1,1,0,0,2,0,0,9,1,1,1,0,0,0,1,0,0,30,39,34,3,2,9,13,1,0,1,0,4,0,,0,1,0,0,0,1,0,0,0,0,0,,,1,30,43,30,12,1,1,0,0
NY1189909070,box,1899-09-07,0,NYC10,R,0,BLN,NY1,1,1,0,0,1,,40,10,15,17,2,0,0,,5,,3,0,4,0,0,0,0,2,1,0,6,1,1,1,1,0,0,1,0,0,27,32,31,0,0,5,5,0,0,0,0,1,0,4,1,0,0,0,0,0,0,0,0,0,0,,,1,27,43,27,15,1,2,0,0
NY1189909080,box,1899-09-08,0,NYC10,R,0,BLN,NY1,1,0,1,0,1,,36,6,12,16,2,1,0,,5,,1,0,,0,1,0,0,7,1,0,8,1,1,1,0,0,0,0,1,0,21,36,31,9,4,10,11,1,0,0,0,4,0,4,1,1,0,0,0,0,0,0,0,0,0,,,1,21,38,21,13,4,1,0,2
NY1189909091,box,1899-09-09,1,NYC10,R,0,BLN,NY1,1,1,0,0,1,,30,2,4,6,2,0,0,,1,,6,,10,,0,1,0,5,,0,8,1,1,1,0,0,0,1,0,0,27,35,33,1,1,8,9,1,0,0,0,2,,1,,0,0,0,0,0,0,0,0,0,0,,,1,27,40,27,13,0,1,0,0
NY1189909092,box,1899-09-09,2,NYC10,R,0,BLN,NY1,1,1,0,0,1,,34,7,9,13,1,0,1,,5,,3,,3,,0,4,0,2,,0,10,1,1,1,0,0,0,1,0,0,27,42,38,6,3,13,13,0,0,0,0,3,,3,,0,1,0,0,0,0,0,0,0,0,,,1,27,41,26,13,2,0,0,0
BLN189909110,box,1899-09-11,0,BAL07,R,1,BLN,LS3,1,0,1,0,1,,36,3,9,9,0,0,0,,1,,1,,7,,0,0,0,0,,0,7,1,1,1,0,0,0,0,1,0,27,38,36,5,3,10,11,1,0,0,0,1,,0,,0,1,0,0,0,0,0,0,0,0,,,1,27,44,27,14,3,1,0,0
BLN189909120,box,1899-09-12,0,BAL07,R,1,BLN,LS3,1,0,1,0,1,,42,3,8,10,0,1,0,,2,,2,,,,2,1,0,4,,0,8,1,1,0,0,0,1,0,1,0,36,51,47,5,4,12,14,2,0,0,0,2,,,,1,1,0,0,0,0,0,0,0,0,,,1,36,57,36,19,2,1,0,0
BLN189909131,box,1899-09-13,1,BAL07,R,1,BLN,LS3,1,1,0,0,1,,27,3,8,9,1,0,0,,3,,2,,0,,1,1,0,1,,0,4,1,1,1,0,0,0,1,0,0,27,34,33,2,0,7,9,2,0,0,0,1,,5,,0,0,0,0,0,0,0,0,0,0,,,1,27,45,27,15,3,0,0,2
BLN189909132,box,1899-09-13,2,BAL07,R,1,BLN,LS3,1,1,0,0,1,,36,8,13,14,1,0,0,,0,,1,,4,,0,1,0,7,,0,6,1,1,1,0,0,0,1,0,0,27,42,39,4,4,11,13,2,0,0,0,3,,1,,0,0,0,0,0,0,0,0,0,0,,,1,27,39,27,11,1,0,0,0
BLN189909140,box,1899-09-14,0,BAL07,R,1,BLN,LS3,1,0,1,0,1,,34,5,8,12,4,0,0,,4,,1,,3,,1,0,0,5,,0,4,1,1,1,0,0,0,0,1,0,27,38,32,6,6,7,8,1,0,0,0,5,,0,,0,1,0,0,0,0,0,0,0,0,,,1,27,40,27,13,0,0,0,2
BLN189909150,box,1899-09-15,0,BAL07,R,1,BLN,CIN,1,0,1,0,1,,35,2,10,12,2,0,0,,1,,2,,3,,0,1,0,0,,0,9,1,1,1,0,0,0,0,1,0,27,42,36,7,3,12,12,0,0,0,0,3,,3,,1,2,0,0,1,0,0,0,0,0,,,1,27,51,27,17,7,3,0,0
BLN189909160,box,1899-09-16,0,BAL07,R,1,BLN,CIN,1,1,0,0,1,,37,6,12,17,1,2,0,,4,,2,,3,,1,0,0,3,,0,8,1,1,1,0,0,0,1,0,0,27,37,35,5,3,8,9,1,0,0,0,1,,2,,0,1,0,0,1,0,0,0,0,0,,,1,27,44,27,15,2,1,0,0
BLN189909180,box,1899-09-18,0,BAL07,R,1,BLN,CIN,1,1,0,0,1,,32,3,7,8,1,0,0,,3,,0,0,4,,1,0,0,3,,0,5,1,1,1,0,0,0,1,0,0,27,32,29,2,2,6,11,1,2,0,0,0,0,4,,1,2,0,0,0,0,0,0,0,0,,,1,27,39,27,11,1,3,0,0
BLN189909200,box,1899-09-20,0,BAL07,R,1,BLN,CL4,1,1,0,0,1,,33,6,11,12,1,0,0,,3,,2,,2,,1,0,0,3,,0,6,1,1,0,0,0,1,1,0,1,27,38,37,2,0,7,7,0,0,0,0,1,,4,,0,0,0,0,0,0,0,0,0,0,,,1,27,42,27,12,3,0,0,0
BLN189909211,box,1899-09-21,1,BAL07,R,1,BLN,CL4,1,1,0,0,1,,40,5,14,16,2,0,0,,4,,2,,5,,1,2,0,8,,0,9,1,1,0,0,0,1,1,0,0,33,48,45,4,3,12,13,1,0,0,0,3,,1,,0,0,0,0,0,0,0,0,0,0,,,1,33,47,33,13,1,0,0,0
BLN189909212,box,1899-09-21,2,BAL07,R,1,BLN,CL4,1,1,0,0,1,,18,4,6,7,1,0,0,,4,,2,,3,,1,0,0,3,,0,2,1,1,1,0,0,0,1,0,0,18,22,21,1,0,4,5,1,0,0,0,1,,,,0,0,0,0,0,0,0,0,0,0,,,1,18,26,18,8,0,1,0,1
PHI189909230,box,1899-09-23,0,PHI09,R,0,BLN,PHI,1,0,1,0,1,,37,2,8,9,1,0,0,,1,,5,0,5,0,1,0,0,0,0,0,14,1,1,1,0,0,0,0,1,0,24,37,33,7,6,9,12,1,1,0,0,2,0,4,0,1,1,0,0,0,0,0,0,0,0,,,1,24,37,24,11,2,0,0,0
PHI189909250,box,1899-09-25,0,PHI09,R,0,BLN,PHI,1,0,1,0,1,,32,0,8,10,2,0,0,,0,,0,0,2,,0,0,0,0,,0,5,1,1,1,0,0,0,0,1,0,24,36,33,6,6,12,16,4,0,0,0,3,,2,,0,0,0,0,0,0,0,0,0,0,,,1,24,38,24,13,1,1,0,0
BLN189909271,box,1899-09-27,1,BAL07,R,1,BLN,PHI,1,1,0,0,1,,37,11,19,23,2,1,0,,10,,2,,2,,1,4,0,5,,0,9,1,1,1,1,0,0,1,0,0,27,36,33,0,0,6,7,1,0,0,0,3,,5,,0,0,0,0,0,0,0,0,0,0,,,1,27,41,27,13,1,0,0,0
BLN189909272,box,1899-09-27,2,BAL07,R,1,BLN,PHI,1,0,1,0,1,,24,0,4,4,0,0,0,,0,,0,0,4,,0,0,0,1,,0,3,1,1,0,0,0,1,0,1,0,21,43,33,15,14,18,21,3,0,0,0,8,,1,,0,2,0,0,1,0,0,0,0,0,,,1,21,39,21,15,3,1,0,0
BLN189909280,box,1899-09-28,0,BAL07,R,1,BLN,BRO,1,1,0,0,1,,31,7,8,9,1,0,0,,0,,3,0,2,0,2,1,0,5,2,0,6,1,1,1,0,0,0,1,0,0,24,38,30,5,5,6,6,0,0,0,0,7,0,5,1,1,0,0,0,1,0,0,0,0,0,,,1,24,36,24,9,3,1,0,0
BLN189909290,box,1899-09-29,0,BAL07,R,1,BLN,BRO,1,1,0,0,1,,29,3,6,6,0,0,0,,3,,2,0,1,1,1,1,0,3,1,0,5,1,1,1,0,0,0,1,0,0,27,42,35,2,2,9,10,1,0,0,0,4,0,2,0,1,2,0,0,1,0,0,0,0,0,,,1,27,41,27,13,1,0,0,1
BLN189909300,box,1899-09-30,0,BAL07,R,1,BLN,BRO,1,1,0,0,1,,35,6,14,20,4,1,0,,0,,3,,3,,1,0,0,8,,0,9,1,1,1,0,0,0,1,0,0,24,39,38,4,4,14,15,1,0,0,0,1,,2,,0,0,0,0,0,0,0,0,0,0,,,1,24,37,24,12,1,0,0,0
BLN189910020,box,1899-10-02,0,BAL07,R,1,BLN,BRO,1,0,1,0,1,,34,3,7,10,3,0,0,,1,,0,0,2,,1,1,0,3,,0,6,1,1,1,0,0,0,0,1,0,24,33,31,4,0,6,6,0,0,0,0,1,,1,,1,0,0,0,0,0,0,0,0,0,,,1,24,38,24,11,3,0,0,0
BLN189910030,box,1899-10-03,0,BAL07,R,1,BLN,PHI,1,1,0,0,1,,23,10,8,13,3,1,0,,8,,3,,2,,2,2,0,5,,0,5,1,1,1,0,0,0,1,0,0,15,27,23,5,4,7,9,2,0,0,0,4,,4,,0,0,0,0,0,0,0,0,0,0,,,1,15,25,15,8,2,0,0,0
BLN189910040,box,1899-10-04,0,BAL07,R,1,BLN,PHI,1,0,1,0,1,,22,5,6,6,0,0,0,,0,,2,,1,,0,1,0,2,,0,5,1,1,1,0,0,0,0,1,0,15,32,25,7,3,8,10,2,0,0,0,6,,0,,1,0,0,0,0,0,0,0,0,0,,,1,15,25,14,8,3,1,0,0
BLN189910050,box,1899-10-05,0,BAL07,R,1,BLN,PHI,1,0,0,1,1,,32,2,6,7,1,0,0,,2,,0,0,0,,0,0,0,0,,0,3,1,1,1,0,0,0,0,0,0,27,36,35,2,0,8,8,0,0,0,0,0,0,1,,0,1,0,0,0,0,0,0,0,0,,,1,27,42,27,14,1,0,0,0
BLN189910070,box,1899-10-07,0,BAL07,R,1,BLN,WSN,1,1,0,0,1,,29,2,7,8,1,0,0,,2,,3,,1,,0,1,0,5,,0,7,1,1,1,0,0,0,1,0,0,24,31,30,1,0,7,7,0,0,0,0,1,,7,,0,0,0,0,0,0,0,0,0,0,,,1,24,37,24,10,3,1,0,0
WSN189910091,box,1899-10-09,1,WAS06,R,0,BLN,WSN,1,0,1,0,1,,36,6,14,16,0,1,0,,6,,2,,8,,0,1,0,1,,0,6,1,1,1,0,0,0,0,1,0,27,46,39,8,8,16,17,1,0,0,0,5,,2,,0,2,0,0,0,0,0,0,0,0,,,1,27,44,27,17,0,1,0,0
WSN189910092,box,1899-10-09,2,WAS06,R,0,BLN,WSN,1,1,0,0,1,,32,9,12,13,1,0,0,,6,,4,,2,,0,0,0,4,,0,9,1,1,1,0,0,0,1,0,0,18,24,23,2,2,6,10,1,0,1,0,0,0,2,,1,0,0,0,0,0,0,0,0,0,,,1,18,29,18,10,1,1,0,0
BLN189910100,box,1899-10-10,0,BAL07,R,1,BLN,WSN,1,0,0,1,1,,24,5,10,10,0,0,0,,5,,4,,1,,1,1,0,6,,0,7,1,1,1,0,0,0,0,0,0,18,25,20,5,4,5,6,1,0,0,0,2,,0,,0,3,0,0,0,0,0,0,0,0,,,1,18,33,18,13,2,1,0,0
BRO189910120,box,1899-10-12,0,NYC12,R,0,BLN,BRO,1,0,1,0,1,,27,1,4,4,0,0,0,,0,,3,0,0,1,2,2,0,1,1,0,6,1,1,1,0,0,0,0,1,0,24,31,29,5,5,6,8,0,1,0,0,0,0,3,0,2,0,0,0,0,0,0,0,0,0,,,1,24,36,24,10,2,0,0,0
BRO189910130,box,1899-10-13,0,NYC12,R,0,BLN,BRO,1,1,0,0,1,,31,8,11,19,2,0,2,,6,,0,0,2,0,2,1,0,3,1,0,5,1,1,1,0,0,0,1,0,0,21,28,27,2,2,8,8,0,0,0,0,1,0,0,0,0,0,0,0,0,0,0,0,0,0,,,1,21,29,21,7,1,0,0,0
BRO189910142,box,1899-10-14,2,NYC12,R,0,BLN,BRO,1,0,1,0,1,,20,3,5,5,0,0,0,,3,,1,0,,0,0,0,0,1,1,0,3,1,1,1,0,0,0,0,1,0,12,23,22,8,6,10,12,2,0,0,0,0,0,,0,1,0,0,0,0,0,0,0,0,0,,,1,12,18,12,2,4,0,0,0
BRO189904150,box,1899-04-15,0,NYC12,R,1,BRO,BSN,1,0,1,0,1,,30,0,4,6,0,1,0,,0,,4,0,0,0,2,2,0,0,3,0,5,1,1,1,0,0,0,0,1,0,33,39,38,1,0,7,11,0,2,0,0,1,0,1,0,0,0,0,0,1,0,0,0,0,0,,,1,33,53,33,19,1,1,0,0
BRO189904170,box,1899-04-17,0,NYC12,R,1,BRO,BSN,1,1,0,0,1,,26,4,5,5,0,0,0,,3,,2,0,1,2,1,1,0,3,0,0,2,1,1,1,0,0,0,1,0,0,27,35,31,1,1,4,5,1,0,0,0,4,0,0,1,0,0,0,0,0,0,0,0,0,0,,,1,27,41,27,13,1,1,0,0
BRO189904180,box,1899-04-18,0,NYC12,R,1,BRO,BSN,1,1,0,0,1,,33,11,14,19,3,1,0,,9,,3,0,1,1,1,1,0,2,2,0,5,1,1,1,0,0,0,1,0,0,27,43,38,7,5,12,16,0,2,0,0,4,0,2,1,0,1,0,0,1,0,0,0,0,0,,,1,27,45,27,15,3,1,0,0
BSN189904190,box,1899-04-19,0,BOS05,R,0,BRO,BSN,1,0,1,0,1,,31,0,4,4,0,0,0,,0,,1,0,5,1,0,0,0,0,0,0,5,1,1,0,0,0,1,0,1,0,24,39,34,7,6,13,19,0,0,2,0,3,0,1,0,0,2,0,0,0,0,0,0,0,0,,,1,24,45,24,19,2,1,0,0
PHI189904200,box,1899-04-20,0,PHI09,R,0,BRO,PHI,1,0,1,0,1,,33,3,6,6,0,0,0,,2,,1,,4,,1,0,0,5,,0,5,1,1,1,0,0,0,0,1,0,26,39,36,4,2,7,9,2,0,0,0,2,,3,,0,0,0,0,1,1,0,0,0,0,,,1,26,39,26,9,4,0,0,0
PHI189904210,box,1899-04-21,0,PHI09,R,0,BRO,PHI,1,1,0,0,1,,37,6,11,17,4,1,0,,6,,1,0,4,0,1,0,0,1,2,0,6,1,1,1,0,0,0,1,0,0,27,44,38,4,4,12,14,2,0,0,0,4,0,1,0,1,1,0,0,0,0,0,0,0,0,,,1,27,42,27,14,1,1,0,0
PHI189904220,box,1899-04-22,0,PHI09,R,0,BRO,PHI,1,0,1,0,1,,34,3,8,9,1,0,0,,2,,3,0,,1,0,0,0,2,0,0,7,1,1,1,0,0,0,0,1,0,24,36,34,5,3,10,11,1,0,0,0,2,0,,0,0,0,0,0,0,0,0,0,0,0,,,1,24,40,24,14,2,1,0,0
PHI189904240,box,1899-04-24,0,PHI09,R,0,BRO,PHI,1,1,0,0,1,,35,10,11,12,1,0,0,,8,,7,0,,0,2,0,0,5,1,0,7,1,1,0,0,0,1,1,0,1,27,50,44,8,6,17,18,1,0,0,0,4,0,,0,2,0,0,0,1,0,0,0,0,0,,,1,27,37,27,8,2,0,0,2
BRO189904250,box,1899-04-25,0,NYC12,R,1,BRO,BLN,1,1,0,0,1,,31,6,10,12,0,1,0,,4,,2,0,2,2,1,0,0,4,1,0,4,1,1,1,1,0,0,1,0,0,27,36,33,0,0,7,7,0,0,0,0,3,0,2,0,0,0,0,0,0,0,0,0,0,0,,,1,27,32,27,5,0,0,0,0
BRO189904260,box,1899-04-26,0,NYC12,R,1,BRO,BLN,1,1,0,0,1,,29,5,9,11,0,1,0,,3,,5,0,0,1,3,1,0,4,3,0,9,1,1,1,0,0,0,1,0,0,27,37,35,3,1,8,10,2,0,0,0,2,0,2,0,0,0,0,0,1,0,0,0,0,0,,,1,27,39,27,10,2,2,0,0
BRO189904270,box,1899-04-27,0,NYC12,R,1,BRO,BLN,1,1,0,0,1,,30,6,8,12,0,2,0,,4,,4,0,3,0,0,1,0,2,1,0,5,1,1,1,0,0,0,1,0,0,27,36,32,2,2,7,8,1,0,0,0,3,0,3,0,1,0,0,0,0,0,0,0,0,0,,,1,27,37,27,9,1,0,0,0
BRO189904280,box,1899-04-28,0,NYC12,R,1,BRO,BLN,1,0,1,0,1,,37,11,15,20,2,0,1,,10,,6,0,,0,3,1,0,2,2,0,12,1,1,0,0,0,1,0,1,0,24,44,35,12,11,14,17,1,1,0,0,7,0,,0,1,1,0,0,0,0,0,0,0,0,,,1,24,47,24,18,5,0,0,0
WSN189904290,box,1899-04-29,0,WAS06,R,0,BRO,WSN,1,0,1,0,1,,40,4,11,13,0,1,0,,3,,3,0,3,0,0,0,0,0,0,0,13,1,1,1,0,0,0,0,1,0,27,40,39,6,4,14,23,1,1,2,0,1,0,0,0,0,0,0,0,0,0,0,0,0,0,,,1,27,40,26,13,1,0,0,0
WSN189905010,box,1899-05-01,0,WAS06,R,0,BRO,WSN,1,1,0,0,1,,37,7,12,21,2,2,1,,7,,4,0,0,0,0,0,0,1,1,0,10,1,1,1,0,0,0,1,0,0,27,38,33,6,2,10,12,0,1,0,0,3,0,,1,1,1,0,0,1,0,0,0,0,0,,,1,27,45,27,16,2,1,0,0
WSN189905020,box,1899-05-02,0,WAS06,R,0,BRO,WSN,1,1,0,0,1,,32,7,7,12,0,1,1,,2,,2,0,1,0,2,0,0,2,0,0,6,1,1,1,1,0,0,1,0,0,27,32,28,0,0,4,4,0,0,0,0,4,0,1,2,0,0,0,0,0,0,0,0,0,0,,,1,27,38,27,11,0,3,0,0
WSN189905030,box,1899-05-03,0,WAS06,R,0,BRO,WSN,1,1,0,0,1,,29,2,6,8,2,0,0,,2,,5,0,4,0,1,0,0,2,1,0,9,1,1,1,0,0,0,1,0,0,24,31,29,1,0,4,4,0,0,0,0,2,0,2,0,0,0,0,0,0,0,0,0,0,0,,,1,24,43,24,15,4,0,0,0
BRO189905040,box,1899-05-04,0,NYC12,R,1,BRO,BSN,1,0,1,0,1,,32,2,6,7,1,0,0,,2,,1,0,4,0,0,3,0,3,1,0,7,1,1,1,0,0,0,0,1,0,27,43,41,10,3,10,17,2,1,1,0,2,0,2,1,0,0,0,0,0,0,0,0,0,0,,,1,27,49,27,16,6,1,0,0
BSN189905050,box,1899-05-05,0,BOS05,R,0,BRO,BSN,1,1,0,0,1,,40,11,13,20,1,0,2,,8,,3,0,0,1,1,1,0,1,1,0,7,1,1,1,0,0,0,1,0,0,27,38,34,2,2,6,9,0,0,1,0,4,0,5,0,0,0,0,0,0,0,0,0,0,0,,,1,27,39,27,11,1,0,0,0
BSN189905060,box,1899-05-06,0,BOS05,R,0,BRO,BSN,1,1,0,0,1,,43,12,14,24,1,0,3,,10,,2,0,2,1,0,0,0,2,2,0,3,1,1,0,0,0,1,1,0,1,30,50,47,10,9,16,18,2,0,0,0,3,0,0,1,0,0,0,0,0,0,0,0,0,0,,,1,30,46,30,13,3,1,0,0
BSN189905080,box,1899-05-08,0,BOS05,R,0,BRO,BSN,1,0,1,0,1,,29,0,5,6,1,0,0,,0,,2,0,1,3,1,0,0,0,1,0,5,1,1,1,0,0,0,0,1,0,24,32,30,5,5,8,10,2,0,0,0,2,0,1,0,0,0,0,0,0,0,0,0,0,0,,,1,24,39,24,14,1,0,0,0
BRO189905100,box,1899-05-10,0,NYC12,R,1,BRO,WSN,1,1,0,0,1,,37,9,15,22,4,0,1,,8,,1,0,,0,3,1,0,2,1,0,9,1,1,0,0,0,1,1,0,0,27,46,39,7,4,13,17,2,1,0,0,3,0,,0,3,1,0,0,0,0,0,0,0,0,,,1,27,49,27,18,4,1,0,0
BRO189905120,box,1899-05-12,0,NYC12,R,1,BRO,WSN,1,1,0,0,1,,29,3,7,13,2,2,0,,3,,1,0,2,0,0,1,0,1,1,0,4,1,1,1,1,0,0,1,0,0,27,31,27,0,0,4,5,1,0,0,0,3,0,2,2,1,0,0,0,0,0,0,0,0,0,,,1,27,45,27,17,1,2,0,0
BRO189905131,box,1899-05-13,1,NYC12,R,1,BRO,WSN,1,1,0,0,1,,39,12,14,23,1,4,0,,12,,0,0,3,0,2,0,0,1,0,0,5,1,1,1,0,0,0,1,0,0,27,39,31,1,0,8,9,1,0,0,0,6,0,2,3,0,2,0,0,0,0,0,0,0,0,,,1,27,44,27,15,2,4,0,0
BRO189905132,box,1899-05-13,2,NYC12,R,1,BRO,WSN,1,1,0,0,1,,33,7,8,11,1,1,0,,5,,4,0,,0,0,0,0,1,1,0,6,1,1,1,0,0,0,1,0,0,27,33,29,3,2,4,7,1,1,0,0,2,0,0,2,0,1,0,0,1,1,0,0,0,0,,,1,27,44,27,14,3,3,0,0
BRO189905150,box,1899-05-15,0,NYC12,R,1,BRO,PHI,1,1,0,0,1,,34,8,12,18,0,0,2,,8,,5,0,1,2,0,0,0,1,1,0,7,1,1,1,0,0,0,1,0,0,27,38,35,5,5,13,17,2,1,0,0,2,0,3,2,0,1,0,0,0,0,0,0,0,0,,,1,27,44,27,16,1,2,0,0
BRO189905160,box,1899-05-16,0,NYC12,R,1,BRO,PHI,1,1,0,0,1,,30,6,9,14,0,1,1,,5,,3,0,1,1,1,1,0,3,0,0,7,1,1,1,0,0,0,1,0,0,27,40,33,5,5,10,10,0,0,0,0,5,0,2,0,0,2,0,0,0,0,0,0,0,0,,,1,27,36,27,8,1,0,0,0
BRO189905170,box,1899-05-17,0,NYC12,R,1,BRO,PHI,1,1,0,0,1,,35,11,14,18,0,2,0,,9,,5,0,2,0,2,0,0,6,2,0,7,1,1,0,0,0,1,1,0,1,27,42,36,10,3,6,11,0,1,1,0,5,0,2,1,0,0,0,0,0,1,0,0,0,0,,,1,27,47,27,14,6,1,0,0
CIN189905190,box,1899-05-19,0,CIN05,R,0,BRO,CIN,1,1,0,0,1,,36,7,13,18,1,2,0,,7,,4,0,1,0,3,0,0,0,1,0,13,1,1,1,0,0,0,1,0,0,27,43,40,5,4,13,17,2,1,0,0,3,0,1,0,0,0,0,0,0,0,0,0,0,0,,,1,27,39,27,10,2,0,0,0
CIN189905200,box,1899-05-20,0,CIN05,R,0,BRO,CIN,1,0,1,0,1,,34,4,9,10,1,0,0,,4,,2,0,,1,1,0,0,0,1,0,6,1,1,0,0,0,1,0,1,0,27,40,37,8,6,14,19,3,1,0,0,2,0,,1,0,1,0,0,0,0,0,0,0,0,,,1,27,45,27,15,3,3,0,0
CIN189905210,box,1899-05-21,0,CIN05,R,0,BRO,CIN,1,1,0,0,1,,26,6,5,7,2,0,0,,4,,6,0,,1,2,0,0,0,0,0,4,1,1,1,0,0,0,1,0,0,27,34,29,2,2,6,8,2,0,0,0,4,0,,1,0,1,0,0,0,0,0,0,0,0,,,1,27,44,27,16,1,1,0,0
LS3189905220,box,1899-05-22,0,LOU03,R,0,BRO,LS3,1,1,0,0,1,,37,5,9,11,2,0,0,,5,,1,0,0,0,0,0,0,2,1,0,6,1,1,1,0,0,0,1,0,0,27,37,34,2,2,8,11,1,1,0,0,2,0,,1,0,1,0,0,0,0,0,0,0,0,,,1,27,38,27,9,2,1,0,0
LS3189905230,box,1899-05-23,0,LOU03,R,0,BRO,LS3,1,1,0,0,1,,41,9,17,24,2,1,1,,9,,1,0,,0,2,0,0,1,1,0,8,1,1,1,0,0,0,1,0,0,27,34,29,1,0,5,5,0,0,0,0,5,0,,1,0,0,0,0,0,0,0,0,0,0,,,1,27,40,27,12,1,3,0,0
LS3189905240,box,1899-05-24,0,LOU03,R,0,BRO,LS3,1,0,1,0,1,,35,5,11,14,1,1,0,,5,,3,0,,2,4,0,0,0,0,0,10,1,1,1,0,0,0,0,1,0,26,37,32,6,3,8,10,0,1,0,0,3,0,,0,1,1,0,0,0,1,0,0,0,0,,,1,26,43,26,16,1,0,0,0
SLN189905250,box,1899-05-25,0,STL05,R,0,BRO,SLN,1,1,0,0,1,,39,8,12,15,1,1,0,,6,,2,0,0,1,0,1,0,3,1,0,7,1,1,1,0,0,0,1,0,0,27,36,32,1,1,8,8,0,0,0,0,3,0,0,2,1,0,0,0,0,0,0,0,0,0,,,1,27,44,27,16,1,3,0,0
SLN189905260,box,1899-05-26,0,STL05,R,0,BRO,SLN,1,0,0,1,1,,45,3,6,6,0,0,0,,3,,6,0,2,0,0,0,0,4,0,0,12,1,1,0,0,0,1,0,0,0,36,48,42,3,2,10,11,1,0,0,0,3,0,2,1,0,3,0,0,0,0,0,0,0,0,,,1,36,57,36,19,2,1,0,0
SLN189905270,box,1899-05-27,0,STL05,R,0,BRO,SLN,1,0,1,0,1,,37,6,9,13,2,1,0,,3,,0,0,1,0,0,0,0,5,0,0,4,1,1,1,0,0,0,0,1,0,27,39,33,7,6,10,17,1,0,2,0,2,0,2,0,0,4,0,0,0,0,0,0,0,0,,,1,27,43,27,14,2,0,0,0
SLN189905280,box,1899-05-28,0,STL05,R,0,BRO,SLN,1,1,0,0,1,,35,3,12,16,2,1,0,,2,,3,,1,,1,1,0,1,,0,13,1,1,1,0,0,0,1,0,0,27,38,29,1,1,3,3,0,0,0,0,8,,4,,0,1,0,0,0,0,0,0,0,0,,,1,27,39,27,11,1,1,0,0
BRO189905301,box,1899-05-30,1,NYC12,R,1,BRO,LS3,1,1,0,0,1,,33,5,11,13,2,0,0,,1,,2,0,2,0,1,0,0,2,1,0,7,1,1,1,0,0,0,1,0,0,27,32,30,1,1,4,6,2,0,0,0,2,0,1,0,0,0,0,0,0,0,0,0,0,0,,,1,27,40,27,13,0,0,0,0
BRO189905302,box,1899-05-30,2,NYC12,R,1,BRO,LS3,1,1,0,0,1,,32,4,8,9,1,0,0,,3,,3,,,,1,0,0,3,,0,8,1,1,1,0,0,0,1,0,0,27,37,32,3,3,8,15,3,2,0,0,3,,,,0,2,0,0,0,0,0,0,0,0,,,1,27,42,27,12,3,0,0,0
BRO189905310,box,1899-05-31,0,NYC12,R,1,BRO,LS3,1,1,0,0,1,,32,7,9,10,1,0,0,,3,,2,0,2,0,0,0,0,3,1,0,3,1,1,1,0,0,0,1,0,0,27,33,29,1,1,5,5,0,0,0,0,3,0,4,2,0,1,0,0,0,0,0,0,0,0,,,1,27,42,26,14,2,3,0,0
BRO189906010,box,1899-06-01,0,NYC12,R,1,BRO,LS3,1,1,0,0,1,,35,8,14,18,1,0,1,,4,,3,0,2,0,0,2,0,0,1,0,8,1,1,0,0,0,1,1,0,0,27,44,40,7,6,14,20,1,1,1,0,1,0,0,0,2,1,0,0,0,0,0,0,0,0,,,1,27,46,27,15,4,1,0,0
BRO189906020,box,1899-06-02,0,NYC12,R,1,BRO,CL4,1,1,0,0,1,,36,11,11,11,0,0,0,,7,,13,0,,0,1,1,0,1,1,0,14,1,1,0,0,0,1,1,0,0,27,41,35,10,7,13,14,1,0,0,0,3,0,,2,1,2,0,0,1,0,0,0,0,0,,,1,27,49,27,18,4,2,0,0
BRO189906030,box,1899-06-03,0,NYC12,R,1,BRO,CL4,1,1,0,0,1,,37,13,13,15,0,1,0,,12,,9,0,3,0,1,0,0,3,1,0,10,1,1,1,0,0,0,1,0,0,27,39,38,4,3,11,15,2,1,0,0,1,0,,1,0,0,0,0,0,0,0,0,0,0,,,1,27,40,27,11,2,1,0,0
BRO189906050,box,1899-06-05,0,NYC12,R,1,BRO,CL4,1,1,0,0,1,,43,14,19,29,1,3,1,,14,,2,0,1,0,0,1,0,2,1,0,8,1,1,1,0,0,0,1,0,0,27,33,29,2,1,4,4,0,0,0,0,4,0,0,0,0,0,0,0,0,0,0,0,0,0,,,1,27,48,27,17,4,1,0,0
BRO189906060,box,1899-06-06,0,NYC12,R,1,BRO,CIN,1,1,0,0,1,,31,6,8,11,1,1,0,,5,,4,0,0,2,1,0,0,3,0,0,6,1,1,0,0,0,1,1,0,1,27,40,34,4,4,10,11,1,0,0,0,5,0,3,0,0,1,0,0,0,0,0,0,0,0,,,1,27,39,27,12,0,1,0,0
BRO189906070,box,1899-06-07,0,NYC12,R,1,BRO,CIN,1,1,0,0,1,,35,6,9,13,2,1,0,,5,,4,0,2,0,1,0,0,1,2,0,8,1,1,1,0,0,0,1,0,0,27,38,35,5,5,11,16,2,0,1,0,3,0,1,1,0,0,0,0,0,0,0,0,0,0,,,1,27,45,27,15,3,1,0,0
BRO189906080,box,1899-06-08,0,NYC12,R,1,BRO,CIN,1,1,0,0,1,,30,5,5,7,2,0,0,,4,,3,0,2,0,0,0,0,2,0,0,5,1,1,1,1,0,0,1,0,0,27,35,32,0,0,6,6,0,0,0,0,3,0,1,1,0,0,0,0,0,0,0,0,0,0,,,1,27,41,27,14,0,1,0,0
BRO189906090,box,1899-06-09,0,NYC12,R,1,BRO,CIN,1,1,0,0,1,,31,6,10,17,3,2,0,,5,,3,0,3,1,1,1,0,2,1,0,6,1,1,1,0,0,0,1,0,0,27,33,30,3,3,6,8,0,1,0,0,3,0,2,0,0,0,0,0,0,0,0,0,0,0,,,1,27,38,27,11,0,1,0,0
BLN189906131,box,1899-06-13,1,BAL07,R,0,BRO,BLN,1,0,1,0,1,,28,3,5,7,2,0,0,,3,,3,,,,2,3,0,1,,0,6,1,1,1,0,0,0,0,1,0,24,42,37,10,8,17,19,2,0,0,0,4,,0,,0,1,0,0,1,0,0,0,0,0,,,1,24,41,24,15,2,2,0,0
BLN189906132,box,1899-06-13,2,BAL07,R,0,BRO,BLN,1,1,0,0,1,,36,6,12,14,0,1,0,,5,,2,0,1,0,0,2,0,2,0,0,7,1,1,1,0,0,0,1,0,0,27,40,36,5,5,11,15,0,2,0,0,4,0,3,0,0,0,0,0,0,0,0,0,0,0,,,1,27,42,27,12,3,0,0,1
BRO189906150,box,1899-06-15,0,NYC12,R,1,BRO,NY1,1,1,0,0,1,,19,6,7,7,0,0,0,,4,,3,0,2,0,1,2,0,0,1,0,3,1,1,1,0,0,0,1,0,0,18,23,22,2,2,7,8,1,0,0,0,1,0,3,1,0,0,0,0,0,0,0,0,0,0,,,1,18,27,18,9,0,1,0,0
CIN189906180,box,1899-06-18,0,CIN05,R,0,BRO,CIN,1,1,0,0,1,,39,13,15,16,1,0,0,,9,,3,,,,2,2,0,4,,0,6,1,1,0,0,0,1,1,0,1,27,45,38,11,11,15,20,1,2,0,0,6,,,,0,1,0,0,0,0,0,0,0,0,,,1,27,37,27,10,0,3,0,0
CL4189906190,box,1899-06-19,0,CLE05,R,0,BRO,CL4,1,1,0,0,1,,32,6,9,10,1,0,0,,5,,8,0,0,1,2,1,0,0,0,0,10,1,1,1,0,0,0,1,0,0,27,34,32,1,1,5,5,0,0,0,0,0,0,1,0,2,0,0,0,0,0,0,0,0,0,,,1,27,43,27,15,1,0,0,0
CL4189906200,box,1899-06-20,0,CLE05,R,0,BRO,CL4,1,1,0,0,1,,43,9,16,20,1,0,1,,7,,1,0,,0,1,0,0,6,2,0,9,1,1,1,0,0,0,1,0,0,27,43,40,7,6,12,16,2,1,0,0,3,0,,1,0,0,0,0,0,0,0,0,0,0,,,1,27,38,27,9,2,1,0,0
CL4189906210,box,1899-06-21,0,CLE05,R,0,BRO,CL4,1,1,0,0,1,,41,10,16,18,0,1,0,,8,,1,0,0,2,1,1,0,0,1,0,7,1,1,1,0,0,0,1,0,0,27,46,44,6,4,14,15,1,0,0,0,2,0,3,0,0,0,0,0,1,0,0,0,0,0,,,1,27,43,27,12,4,0,0,0
CL4189906220,box,1899-06-22,0,CLE05,R,0,BRO,CL4,1,1,0,0,1,,33,8,12,14,2,0,0,,8,,1,0,1,1,0,1,0,4,1,0,5,1,1,1,1,0,0,1,0,0,27,34,32,0,0,5,6,1,0,0,0,2,0,1,0,0,0,0,0,0,0,0,0,0,0,,,1,27,42,27,14,1,0,0,0
CHN189906230,box,1899-06-23,0,CHI08,R,0,BRO,CHN,1,0,1,0,1,,35,2,9,10,1,0,0,,2,,2,0,0,0,2,0,0,0,1,0,10,1,1,1,0,0,0,0,1,0,24,36,35,3,3,9,9,0,0,0,0,0,0,1,0,1,0,0,0,0,0,0,0,0,0,,,1,24,40,24,14,2,0,0,0
CHN189906240,box,1899-06-24,0,CHI08,R,0,BRO,CHN,1,0,1,0,1,,32,2,5,6,1,0,0,,2,,1,0,2,0,0,0,0,1,0,0,4,1,1,1,0,0,0,0,1,0,25,37,30,3,1,8,9,1,0,0,0,5,0,3,1,0,2,0,0,0,0,0,0,0,0,,,1,25,46,25,16,5,1,0,0
CHN189906250,box,1899-06-25,0,CHI08,R,0,BRO,CHN,1,1,0,0,1,,38,7,7,11,2,1,0,,4,,5,,1,,3,0,0,1,,0,12,1,1,1,0,0,0,1,0,0,27,39,33,3,2,11,12,1,0,0,0,3,,2,,0,3,0,0,0,0,0,0,0,0,,,1,27,42,27,12,3,0,0,1
CHN189906260,box,1899-06-26,0,CHI08,R,0,BRO,CHN,1,0,1,0,1,,35,5,9,10,1,0,0,,2,,5,0,,1,2,0,0,2,0,0,10,1,1,0,0,0,1,0,1,0,24,37,34,6,5,11,14,1,1,0,0,2,0,,0,0,1,0,0,0,0,0,0,0,0,,,1,24,45,24,16,5,0,0,1
PIT189906280,box,1899-06-28,0,PIT05,R,0,BRO,PIT,1,0,1,0,1,,30,1,5,6,1,0,0,,1,,4,0,2,0,0,1,0,0,0,0,7,1,1,1,0,0,0,0,1,0,24,39,34,9,5,11,16,2,0,1,0,1,0,1,0,1,3,0,0,1,0,0,0,0,0,,,1,24,47,24,18,5,1,0,0
PIT189906290,box,1899-06-29,0,PIT05,R,0,BRO,PIT,1,0,1,0,1,,35,5,10,12,2,0,0,,5,,5,,,,0,1,0,2,,0,9,1,1,1,0,0,0,0,1,0,24,41,34,9,9,13,21,1,2,1,0,4,,,,1,2,0,0,0,0,0,0,0,0,,,1,24,38,23,13,2,0,0,0
PIT189906300,box,1899-06-30,0,PIT05,R,0,BRO,PIT,1,0,1,0,1,,37,10,13,16,1,1,0,,8,,4,0,,1,2,1,0,1,1,0,8,1,1,0,0,0,1,0,1,0,24,40,38,11,11,16,28,4,4,0,0,2,0,,1,0,0,0,0,0,0,0,0,0,0,,,1,24,38,24,12,2,2,0,0
PIT189907010,box,1899-07-01,0,PIT05,R,0,BRO,PIT,1,0,1,0,1,,29,2,6,7,1,0,0,,1,,5,0,,0,1,1,0,2,3,0,7,1,1,1,0,0,0,0,1,0,24,33,27,3,2,5,6,1,0,0,0,5,0,,0,0,1,0,0,0,0,0,0,0,0,,,1,24,36,24,11,1,1,0,0
PHI189907041,box,1899-07-04,1,PHI09,R,0,BRO,PHI,1,0,1,0,1,,38,7,12,14,2,0,0,,4,,6,0,2,0,1,0,0,0,0,0,11,1,1,1,0,0,0,0,1,0,24,41,33,10,9,14,21,4,0,1,0,5,0,3,0,1,2,0,0,0,0,0,0,0,0,,,1,24,36,24,11,1,1,0,0
PHI189907042,box,1899-07-04,2,PHI09,R,0,BRO,PHI,1,0,1,0,1,,32,1,6,8,2,0,0,,1,,4,0,0,0,1,0,0,0,1,0,9,1,1,1,0,0,0,0,1,0,24,43,37,9,6,13,17,2,1,0,0,5,0,0,0,0,1,0,0,0,0,0,0,0,0,,,1,24,42,24,14,4,1,0,1
PHI189907050,box,1899-07-05,0,PHI09,R,0,BRO,PHI,1,0,1,0,1,,38,4,12,17,3,1,0,,3,,0,0,2,0,0,0,0,0,0,0,7,1,1,1,0,0,0,0,1,0,24,40,36,7,6,13,15,2,0,0,0,4,0,3,1,0,0,0,0,0,0,0,0,0,0,,,1,24,35,24,10,1,1,0,1
BRO189907060,box,1899-07-06,0,NYC12,R,1,BRO,PHI,1,1,0,0,1,,29,7,8,10,0,1,0,,7,,5,0,,1,1,1,0,4,2,0,5,1,1,1,0,0,0,1,0,0,27,36,35,1,1,10,13,1,1,0,0,1,0,1,1,0,0,0,0,0,0,0,0,0,0,,,1,27,36,27,8,1,1,0,0
BRO189907070,box,1899-07-07,0,NYC12,R,1,BRO,PHI,1,1,0,0,1,,35,9,12,16,2,1,0,,9,,3,0,1,0,0,0,0,2,2,0,5,1,1,1,0,0,0,1,0,0,27,39,36,7,7,12,19,0,2,1,0,1,0,1,1,0,2,0,0,0,0,0,0,0,0,,,1,27,43,27,15,1,1,0,0
BRO189907080,box,1899-07-08,0,NYC12,R,1,BRO,PHI,1,1,0,0,1,,29,6,9,13,2,1,0,,4,,5,0,,0,3,2,0,2,2,0,9,1,1,1,0,0,0,1,0,0,27,33,30,2,1,4,4,0,0,0,0,2,0,,0,0,1,0,0,0,0,0,0,0,0,,,1,27,39,27,11,1,0,0,0
BRO189907100,box,1899-07-10,0,NYC12,R,1,BRO,PHI,1,0,1,0,1,,31,0,6,6,0,0,0,,0,,4,0,2,0,0,1,0,1,0,0,9,1,1,1,0,0,0,0,1,0,27,48,43,10,7,16,21,3,1,0,0,4,0,5,2,0,1,0,0,0,0,0,0,0,0,,,1,27,46,27,13,6,2,0,0
BRO189907110,box,1899-07-11,0,NYC12,R,1,BRO,SLN,1,1,0,0,1,,41,11,14,20,2,2,0,,9,,3,0,5,1,0,0,0,4,0,0,9,1,1,1,0,0,0,1,0,0,27,42,38,10,7,12,16,1,0,1,0,2,0,1,0,0,2,0,0,0,0,0,0,0,0,,,1,27,40,27,9,4,1,0,0
BRO189907120,box,1899-07-12,0,NYC12,R,1,BRO,SLN,1,1,0,0,1,,35,10,10,16,1,1,1,,8,,8,0,3,0,0,0,0,5,0,0,9,1,1,1,0,0,0,1,0,0,27,38,34,5,2,9,12,0,0,1,0,3,0,1,2,0,1,0,0,0,0,0,0,0,0,,,1,27,36,27,7,2,2,0,1
BRO189907130,box,1899-07-13,0,NYC12,R,1,BRO,SLN,1,0,1,0,1,,32,2,7,7,0,0,0,,2,,3,0,1,0,0,0,0,0,1,0,6,1,1,1,0,0,0,0,1,0,27,41,36,8,4,12,12,0,0,0,0,2,0,1,0,1,2,0,0,1,0,0,0,0,0,,,1,27,39,27,10,2,0,0,1
BRO189907140,box,1899-07-14,0,NYC12,R,1,BRO,CHN,1,1,0,0,1,,32,4,8,10,2,0,0,,1,,2,0,,1,1,0,0,2,0,0,7,1,1,1,0,0,0,1,0,0,27,38,30,3,0,4,8,2,1,0,0,6,0,4,0,0,2,0,0,0,0,0,0,0,0,,,1,27,47,27,15,5,0,0,1
BRO189907150,box,1899-07-15,0,NYC12,R,1,BRO,CHN,1,1,0,0,1,,33,5,8,10,0,1,0,,3,,2,0,2,1,0,0,0,0,0,0,6,1,1,1,0,0,0,1,0,0,27,33,32,2,1,5,7,0,1,0,0,1,0,2,1,0,0,0,0,0,0,0,0,0,0,,,1,27,40,27,11,2,1,0,0
BRO189907170,box,1899-07-17,0,NYC12,R,1,BRO,CHN,1,1,0,0,1,,36,7,13,16,3,0,0,,7,,2,0,2,0,0,0,0,5,1,0,7,1,1,1,0,0,0,1,0,0,27,37,36,4,3,8,12,0,2,0,0,1,0,5,0,0,0,0,0,0,0,0,0,0,0,,,1,27,43,27,15,1,0,0,0
BRO189907180,box,1899-07-18,0,NYC12,R,1,BRO,PIT,1,0,1,0,1,,34,2,5,7,2,0,0,,2,,2,0,1,0,0,0,0,0,0,0,7,1,1,1,0,0,0,0,1,0,27,39,35,8,3,10,11,1,0,0,0,2,0,2,0,1,1,0,0,1,0,0,0,0,0,,,1,27,59,27,25,7,0,0,0
BRO189907190,box,1899-07-19,0,NYC12,R,1,BRO,PIT,1,1,0,0,1,,35,4,10,13,1,1,0,,4,,1,0,0,0,1,0,0,2,1,0,9,1,1,1,0,0,0,1,0,0,27,37,33,1,1,8,10,2,0,0,0,4,0,1,1,0,0,0,0,0,0,0,0,0,0,,,1,27,42,27,14,1,2,0,0
BRO189907200,box,1899-07-20,0,NYC12,R,1,BRO,PIT,1,1,0,0,1,,31,9,11,13,2,0,0,,5,,3,0,,2,0,1,0,2,1,0,2,1,1,1,0,0,0,1,0,0,27,42,38,2,1,11,12,1,0,0,0,3,0,,0,0,1,0,0,0,0,0,0,0,0,,,1,27,39,27,9,3,1,0,0
LS3189907220,box,1899-07-22,0,LOU03,R,0,BRO,LS3,1,0,1,0,1,,32,2,8,8,0,0,0,,1,,2,0,,1,0,0,0,1,0,0,6,1,1,0,0,0,1,0,1,0,24,39,28,9,8,11,13,0,1,0,0,6,0,,0,1,4,0,0,1,0,0,0,0,0,,,1,24,45,24,19,2,0,0,1
LS3189907230,box,1899-07-23,0,LOU03,R,0,BRO,LS3,1,1,0,0,1,,35,5,11,11,0,0,0,,4,,3,,,,0,1,0,2,,0,7,1,1,1,0,0,0,1,0,0,27,36,33,3,3,7,9,2,0,0,0,1,,,,1,1,0,0,0,0,0,0,0,0,,,1,27,42,27,13,2,0,0,0
LS3189907260,box,1899-07-26,0,LOU03,R,0,BRO,LS3,1,1,0,0,1,,32,3,5,9,1,0,1,,2,,3,0,1,1,0,0,0,2,0,0,5,1,1,1,0,0,0,1,0,0,27,36,31,2,2,5,5,0,0,0,0,5,0,1,0,0,0,0,0,0,0,0,0,0,0,,,1,27,36,27,8,1,0,0,0
SLN189907270,box,1899-07-27,0,STL05,R,0,BRO,SLN,1,1,0,0,1,,41,12,16,22,4,1,0,,10,,5,0,2,0,0,0,0,1,3,0,7,1,1,1,0,0,0,1,0,0,27,41,33,3,3,7,8,1,0,0,0,6,0,2,0,1,1,0,0,0,0,0,0,0,0,,,1,27,47,27,18,2,1,0,0
SLN189907280,box,1899-07-28,0,STL05,R,0,BRO,SLN,1,0,1,0,1,,32,0,7,7,0,0,0,,0,,0,0,2,,0,0,0,0,,0,5,1,1,1,0,0,0,0,1,0,24,34,32,5,5,9,13,0,2,0,0,1,,1,,0,1,0,0,0,0,0,0,0,0,,,1,24,37,24,12,1,0,0,0
SLN189907290,box,1899-07-29,0,STL05,R,0,BRO,SLN,1,1,0,0,1,,32,6,9,13,1,0,1,,5,,6,,,,0,3,0,0,,0,8,1,1,1,0,0,0,1,0,0,27,41,36,4,4,10,16,0,0,2,0,5,,,,0,0,0,0,0,0,0,0,0,0,,,1,27,39,27,10,2,2,0,0
SLN189907300,box,1899-07-30,0,STL05,R,0,BRO,SLN,1,1,0,0,1,,42,9,15,21,1,1,1,,7,,1,,2,,0,0,0,3,,0,7,1,1,1,0,0,0,1,0,0,27,38,34,5,4,10,13,1,1,0,0,3,,3,,0,1,0,0,0,0,0,0,0,0,,,1,27,40,27,12,1,0,0,0
CIN189907310,box,1899-07-31,0,CIN05,R,0,BRO,CIN,1,0,1,0,1,,32,3,8,10,2,0,0,,2,,3,0,2,0,3,2,0,0,0,0,10,1,1,1,0,0,0,0,1,0,24,36,31,4,1,7,9,0,1,0,0,3,0,2,1,1,1,0,0,0,0,0,0,0,0,,,1,24,44,24,16,4,1,0,1
CIN189908010,box,1899-08-01,0,CIN05,R,0,BRO,CIN,1,0,1,0,1,,36,4,9,11,2,0,0,,3,,7,0,,0,0,0,0,3,1,0,12,1,1,0,0,0,1,0,1,0,24,42,35,10,8,17,21,4,0,0,0,5,0,,2,1,1,0,0,0,0,0,0,0,0,,,1,24,38,24,13,1,2,0,0
CIN189908020,box,1899-08-02,0,CIN05,R,0,BRO,CIN,1,0,1,0,1,,35,3,8,13,1,2,0,,2,,1,0,2,1,0,0,0,1,1,0,6,1,1,1,0,0,0,0,1,0,24,38,34,8,6,12,16,2,1,0,0,4,0,3,1,0,0,0,0,0,0,0,0,0,0,,,1,24,42,24,15,3,3,0,1
BRO189908040,box,1899-08-04,0,NYC12,R,1,BRO,NY1,1,1,0,0,1,,31,3,8,10,2,0,0,,3,,3,0,4,1,0,1,0,1,0,0,8,1,1,1,0,0,0,1,0,0,27,39,34,2,1,14,15,1,0,0,0,5,0,5,0,0,0,0,0,1,0,0,0,0,0,,,1,27,48,27,19,2,0,0,0
BRO189908070,box,1899-08-07,0,NYC12,R,1,BRO,NY1,1,0,1,0,1,,33,3,6,10,1,0,1,,3,,4,,,,0,1,0,1,,0,8,1,1,1,0,0,0,0,1,0,27,42,36,9,9,14,23,1,4,0,0,4,,,,0,2,0,0,0,0,0,0,0,0,,,1,27,46,27,19,0,1,0,0
BRO189908080,box,1899-08-08,0,NYC12,R,1,BRO,CIN,1,0,1,0,1,,34,6,8,11,3,0,0,,4,,2,,2,,2,0,0,2,,0,5,1,1,0,0,0,1,0,1,0,27,47,35,8,6,9,11,2,0,0,0,9,,2,,0,3,0,0,1,0,0,0,0,0,,,1,27,46,27,15,4,1,0,0
BRO189908090,box,1899-08-09,0,NYC12,R,1,BRO,CIN,1,0,1,0,1,,40,13,12,20,1,2,1,,12,,12,,2,,0,0,0,2,,0,12,1,1,0,0,0,1,0,1,0,27,49,39,14,7,15,23,1,2,1,0,8,,3,,1,1,0,0,1,0,0,0,0,0,,,1,27,44,27,15,2,1,0,1
BRO189908110,box,1899-08-11,0,NYC12,R,1,BRO,LS3,1,1,0,0,1,,26,1,5,5,0,0,0,,0,,1,0,0,0,1,3,0,1,2,0,6,1,1,1,1,0,0,1,0,0,27,31,31,0,0,3,6,1,1,0,0,0,0,0,0,0,0,0,0,0,0,0,0,0,0,,,1,27,35,27,7,1,0,0,0
BRO189908121,box,1899-08-12,1,NYC12,R,1,BRO,LS3,1,0,1,0,1,,36,6,12,17,3,1,0,,5,,2,,,,0,2,0,2,,0,7,1,1,1,0,0,0,0,1,0,27,46,40,7,3,12,16,2,1,0,0,5,,2,,1,0,0,0,0,0,0,0,0,0,,,1,27,43,27,10,6,0,0,0
BRO189908122,box,1899-08-12,2,NYC12,R,1,BRO,LS3,1,1,0,0,1,,25,6,8,10,2,0,0,,5,,1,,,,0,1,0,3,,0,6,1,1,1,0,0,0,1,0,0,15,23,21,2,2,7,8,1,0,0,0,2,,,,0,0,0,0,0,0,0,0,0,0,,,1,15,27,15,11,1,0,0,0
BRO189908140,box,1899-08-14,0,NYC12,R,1,BRO,LS3,1,1,0,0,1,,33,4,12,12,0,0,0,,3,,1,,0,,1,1,0,2,,0,8,1,1,1,0,0,0,1,0,0,27,36,31,2,2,5,8,0,0,1,0,4,,4,,0,1,0,0,0,0,0,0,0,0,,,1,27,37,27,10,0,0,0,0
BRO189908150,box,1899-08-15,0,NYC12,R,1,BRO,CL4,1,1,0,0,1,,32,6,7,11,2,1,0,,4,,3,,5,,1,0,0,5,,0,6,1,1,1,0,0,0,1,0,0,27,37,32,2,2,5,5,0,0,0,0,3,,5,,2,0,0,0,0,0,0,0,0,0,,,1,27,39,27,9,3,1,0,0
BRO189908160,box,1899-08-16,0,NYC12,R,1,BRO,CL4,1,1,0,0,1,,35,13,13,17,2,1,0,,11,,9,,,,0,2,0,3,,0,9,1,1,0,0,0,1,1,0,1,27,39,34,2,2,7,7,0,0,0,0,5,,4,,0,0,0,0,0,0,0,0,0,0,,,1,27,44,27,15,2,1,0,1
BRO189908170,box,1899-08-17,0,NYC12,R,1,BRO,CL4,1,1,0,0,1,,43,20,19,30,2,3,1,,17,,4,,1,,2,1,0,1,,0,6,1,1,0,0,0,1,1,0,1,27,34,29,2,2,5,8,1,1,0,0,5,,0,,0,0,0,0,0,0,0,0,0,0,,,1,27,43,27,16,0,2,0,0
BRO189908180,box,1899-08-18,0,NYC12,R,1,BRO,CL4,1,1,0,0,1,,26,4,7,10,0,0,1,,4,,5,0,0,1,2,0,0,2,0,0,9,1,1,1,0,0,0,1,0,0,24,29,24,2,2,6,6,0,0,0,0,4,0,3,1,0,1,0,0,2,0,0,0,0,0,,,1,24,40,24,15,1,1,0,0
BSN189908190,box,1899-08-19,0,BOS05,R,0,BRO,BSN,1,0,1,0,1,,30,0,6,7,1,0,0,,0,,4,0,2,1,0,0,0,0,2,0,7,1,1,0,0,0,1,0,1,0,24,38,35,9,8,13,18,1,2,0,0,2,0,1,0,0,1,0,0,0,0,0,0,0,0,,,1,24,38,24,12,2,0,0,0
BSN189908210,box,1899-08-21,0,BOS05,R,0,BRO,BSN,1,1,0,0,1,,36,7,11,11,0,0,0,,5,,3,0,5,0,0,1,0,3,1,0,6,1,1,1,0,0,0,1,0,0,27,42,35,5,5,8,10,0,1,0,0,5,0,5,0,1,1,0,0,1,0,0,0,0,0,,,1,27,35,27,7,1,0,0,0
BSN189908220,box,1899-08-22,0,BOS05,R,0,BRO,BSN,1,1,0,0,1,,38,5,13,18,2,0,1,,4,,2,0,1,0,0,0,0,1,3,0,8,1,1,1,0,0,0,1,0,0,27,32,30,2,2,8,11,3,0,0,0,2,0,1,3,0,0,0,0,0,0,0,0,0,0,,,1,27,44,27,17,0,4,0,0
CHN189908240,box,1899-08-24,0,CHI08,R,0,BRO,CHN,1,1,0,0,1,,36,9,13,16,1,1,0,,7,,7,,,,1,0,0,2,,0,8,1,1,1,0,0,0,1,0,0,27,39,37,3,3,14,18,1,0,1,0,2,,,,0,0,0,0,0,0,0,0,0,0,,,1,27,44,27,16,1,1,0,0
CHN189908260,box,1899-08-26,0,CHI08,R,0,BRO,CHN,1,1,0,0,1,,41,10,16,22,2,2,0,,9,,0,0,3,,2,1,0,3,,0,7,1,1,1,0,0,0,1,0,0,27,39,34,6,4,6,7,1,0,0,0,5,,5,,0,0,0,0,1,0,0,0,0,0,,,1,27,43,27,11,5,0,0,0
CHN189908270,box,1899-08-27,0,CHI08,R,0,BRO,CHN,1,1,0,0,1,,38,6,8,12,1,0,1,,2,,2,,2,,1,0,0,2,,0,8,1,1,1,0,0,0,1,0,0,27,37,34,2,2,7,8,1,0,0,0,3,,6,,0,0,0,0,0,0,0,0,0,0,,,1,27,38,27,9,2,0,0,0
PIT189908280,box,1899-08-28,0,PIT05,R,0,BRO,PIT,1,1,0,0,1,,43,7,17,21,2,1,0,,6,,2,0,1,1,3,0,0,3,2,0,11,1,1,1,0,0,0,1,0,0,30,47,42,4,4,13,15,2,0,0,0,4,0,1,0,1,0,0,0,0,0,0,0,0,0,,,1,30,45,30,15,0,0,0,0
PIT189908290,box,1899-08-29,0,PIT05,R,0,BRO,PIT,1,1,0,0,1,,37,6,10,19,1,4,0,,5,,7,0,1,0,0,0,0,2,2,0,11,1,1,1,0,0,0,1,0,0,27,39,35,3,2,8,11,3,0,0,0,2,0,5,0,1,1,0,0,0,0,0,0,0,0,,,1,27,42,27,12,3,0,0,0
PIT189908300,box,1899-08-30,0,PIT05,R,0,BRO,PIT,1,0,1,0,1,,31,3,8,12,2,1,0,,2,,5,0,1,2,2,1,0,0,1,0,9,1,1,1,0,0,0,0,1,0,24,32,31,4,3,8,8,0,0,0,0,1,0,0,1,0,0,0,0,0,0,0,0,0,0,,,1,24,37,24,11,2,1,0,0
BRO189908310,box,1899-08-31,0,NYC12,R,1,BRO,CL4,1,1,0,0,1,,38,9,14,19,3,1,0,,7,,2,0,1,0,0,1,0,2,1,0,9,1,1,1,0,0,0,1,0,0,25,36,32,3,3,8,9,1,0,0,0,3,0,4,0,1,0,0,0,0,0,0,0,0,0,,,1,25,44,25,14,5,1,0,0
BRO189909011,box,1899-09-01,1,NYC12,R,1,BRO,CL4,1,1,0,0,1,,34,7,11,17,2,2,0,,7,,4,0,1,0,1,0,0,2,2,0,8,1,1,1,0,0,0,1,0,0,27,34,33,2,2,7,12,2,0,1,0,1,0,1,1,0,0,0,0,0,0,0,0,0,0,,,1,27,37,27,10,0,1,0,0
BRO189909012,box,1899-09-01,2,NYC12,R,1,BRO,CL4,1,1,0,0,1,,27,5,9,9,0,0,0,,3,,2,0,0,0,0,0,0,4,0,0,6,1,1,1,0,0,0,1,0,0,21,27,25,1,1,7,8,1,0,0,0,2,0,3,1,0,0,0,0,0,0,0,0,0,0,,,1,21,31,21,10,0,1,0,0
BRO189909041,box,1899-09-04,1,NYC12,R,1,BRO,NY1,1,1,0,0,1,,32,3,7,7,0,0,0,,3,,8,0,1,0,0,0,0,3,0,0,11,1,1,1,0,0,0,1,0,0,27,33,32,2,2,6,9,0,0,1,0,1,0,0,1,0,0,0,0,1,0,0,0,0,0,,,1,27,41,27,13,1,1,0,0
NY1189909042,box,1899-09-04,2,NYC10,R,0,BRO,NY1,1,1,0,0,1,,33,5,7,8,1,0,0,,5,,6,0,10,1,1,0,0,3,0,0,8,1,1,1,0,0,0,1,0,0,27,41,33,4,3,10,14,2,1,0,0,6,0,8,0,1,1,0,0,0,0,0,0,0,0,,,1,27,45,27,13,5,0,0,0
BRO189909050,box,1899-09-05,0,NYC12,R,1,BRO,NY1,1,1,0,0,1,,40,16,17,23,2,2,0,,12,,3,0,,0,0,0,0,4,0,0,6,1,1,1,0,0,0,1,0,0,21,34,30,5,4,9,13,2,1,0,0,3,0,,0,1,0,0,0,0,0,0,0,0,0,,,1,21,30,21,8,1,0,0,0
NY1189909060,box,1899-09-06,0,NYC10,R,0,BRO,NY1,1,1,0,0,1,,32,6,11,13,0,1,0,,6,,1,0,3,0,2,1,0,2,0,0,7,1,1,1,0,0,0,1,0,0,27,36,33,4,1,4,5,1,0,0,0,3,0,6,1,0,0,0,0,1,0,0,0,0,0,,,1,27,51,27,20,4,1,0,0
BRO189909070,box,1899-09-07,0,NYC12,R,1,BRO,BSN,1,0,1,0,1,,30,1,6,6,0,0,0,,1,,2,0,0,1,0,1,0,0,0,0,5,1,1,1,0,0,0,0,1,0,27,35,29,2,0,4,4,0,0,0,0,5,0,1,0,0,1,0,0,0,0,0,0,0,0,,,1,27,48,27,18,3,1,0,0
BRO189909080,box,1899-09-08,0,NYC12,R,1,BRO,BSN,1,1,0,0,1,,30,5,11,17,0,3,0,,5,,4,0,4,0,0,2,0,3,1,0,7,1,1,1,1,0,0,1,0,0,27,34,32,0,0,6,6,0,0,0,0,2,0,3,1,0,0,0,0,0,0,0,0,0,0,,,1,27,34,27,6,1,2,0,0
BRO189909090,box,1899-09-09,0,NYC12,R,1,BRO,BSN,1,1,0,0,1,,29,4,7,8,1,0,0,,3,,4,0,0,0,1,0,0,1,1,0,6,1,1,1,1,0,0,1,0,0,27,34,29,0,0,1,1,0,0,0,0,5,0,5,0,0,0,0,0,0,0,0,0,0,0,,,1,27,43,27,15,1,0,0,0
BRO189909120,box,1899-09-12,0,NYC12,R,1,BRO,PIT,1,1,0,0,1,,31,11,11,17,2,2,0,,10,,5,0,0,0,0,3,0,1,1,0,4,1,1,0,0,0,1,1,0,1,27,42,39,8,8,14,18,4,0,0,0,3,0,,0,0,0,0,0,0,0,0,0,0,0,,,1,27,40,27,13,0,0,0,0
BRO189909130,box,1899-09-13,0,NYC12,R,1,BRO,PIT,1,1,0,0,1,,28,4,7,8,1,0,0,,4,,5,0,1,0,0,2,0,2,0,0,7,1,1,1,0,0,0,1,0,0,24,40,34,3,3,9,11,0,1,0,0,5,0,3,0,0,1,0,0,0,0,0,0,0,0,,,1,24,39,24,13,2,0,0,1
BRO189909141,box,1899-09-14,1,NYC12,R,1,BRO,PIT,1,1,0,0,1,,31,7,8,12,2,1,0,,4,,3,,1,,1,1,0,1,,0,5,1,1,1,0,0,0,1,0,0,27,38,35,5,4,10,14,1,0,1,0,2,,8,,0,1,0,0,0,0,0,0,0,0,,,1,27,42,27,12,3,0,0,1
BRO189909142,box,1899-09-14,2,NYC12,R,1,BRO,PIT,1,1,0,0,1,,27,7,6,13,0,2,1,,6,,3,0,4,0,0,1,0,3,0,0,3,1,1,1,0,0,0,1,0,0,21,30,25,1,1,6,7,1,0,0,0,3,0,2,1,1,1,0,0,0,0,0,0,0,0,,,1,21,32,21,10,1,1,0,0
BRO189909150,box,1899-09-15,0,NYC12,R,1,BRO,CHN,1,0,1,0,1,,29,2,4,5,1,0,0,,2,,5,0,3,1,1,0,0,1,1,0,6,1,1,1,0,0,0,0,1,0,27,44,39,8,4,12,17,1,2,0,0,2,0,4,0,0,3,0,0,0,0,0,0,0,0,,,1,27,45,27,15,3,0,0,1
BRO189909160,box,1899-09-16,0,NYC12,R,1,BRO,CHN,1,1,0,0,1,,28,9,7,16,1,4,0,,9,,3,,0,,2,1,0,1,,0,4,1,1,0,0,0,1,1,0,0,21,36,29,7,7,10,11,1,0,0,0,5,,4,,1,1,0,0,2,0,0,0,0,0,,,1,21,37,21,13,3,1,0,0
BRO189909180,box,1899-09-18,0,NYC12,R,1,BRO,CHN,1,0,0,1,1,,36,10,13,19,0,3,0,,8,,1,0,1,0,2,1,0,3,2,0,6,1,1,0,0,0,1,0,0,0,24,43,35,10,4,11,13,0,1,0,0,7,0,1,0,0,1,0,0,0,0,0,0,0,0,,,1,24,50,24,20,6,1,0,1
BRO189909190,box,1899-09-19,0,NYC12,R,1,BRO,CHN,1,0,1,0,1,,29,2,3,4,1,0,0,,2,,3,0,4,0,2,1,0,1,0,0,6,1,1,1,0,0,0,0,1,0,27,34,27,4,1,6,11,0,1,1,0,3,0,1,0,1,3,0,0,1,0,0,0,0,0,,,1,27,46,27,18,1,2,0,0
BRO189909200,box,1899-09-20,0,NYC12,R,1,BRO,SLN,1,0,1,0,1,,35,3,12,14,2,0,0,,3,,1,0,,0,0,1,0,0,0,0,10,1,1,1,0,0,0,0,1,0,24,39,33,5,4,10,12,2,0,0,0,5,0,,1,0,1,0,0,0,0,0,0,0,0,,,1,24,37,24,12,1,1,0,0
BRO189909220,box,1899-09-22,0,NYC12,R,1,BRO,SLN,1,1,0,0,1,,31,2,5,8,1,1,0,,2,,1,0,0,1,0,0,0,0,0,0,6,1,1,1,1,0,0,1,0,0,27,30,28,0,0,2,2,0,0,0,0,2,0,0,1,0,0,0,0,0,0,0,0,0,0,,,1,27,40,27,12,1,1,0,0
BRO189909230,box,1899-09-23,0,NYC12,R,1,BRO,WSN,1,1,0,0,1,,36,7,11,17,4,1,0,,4,,3,,1,,1,0,0,0,,0,9,1,1,0,0,0,1,1,0,0,24,36,30,5,4,7,13,0,0,2,0,3,,4,,0,3,0,0,0,0,0,0,0,0,,,1,24,40,24,14,2,0,0,0
BRO189909250,box,1899-09-25,0,NYC12,R,1,BRO,WSN,1,1,0,0,1,,30,13,12,16,0,2,0,,12,,5,0,2,0,1,2,0,5,1,0,8,1,1,0,0,0,1,1,0,1,21,27,24,1,0,3,4,1,0,0,0,2,0,0,1,1,0,0,0,0,0,0,0,0,0,,,1,21,30,21,7,2,1,0,0
NY1189909270,box,1899-09-27,0,NYC10,R,0,BRO,NY1,1,1,0,0,1,,35,7,13,17,4,0,0,,6,,0,0,0,1,0,0,0,0,1,0,4,1,1,1,0,0,0,1,0,0,24,36,34,5,3,11,12,1,0,0,0,2,0,1,0,0,0,0,0,0,0,0,0,0,0,,,1,24,38,23,12,3,0,0,0
BLN189909280,box,1899-09-28,0,BAL07,R,0,BRO,BLN,1,0,1,0,1,,30,5,6,6,0,0,0,,5,,7,0,5,1,1,0,0,1,0,0,9,1,1,1,0,0,0,0,1,0,24,37,31,7,3,8,9,1,0,0,0,3,0,2,0,2,1,0,0,0,0,0,0,0,0,,,1,24,40,24,14,2,0,0,0
BLN189909290,box,1899-09-29,0,BAL07,R,0,BRO,BLN,1,0,1,0,1,,35,2,9,10,1,0,0,,2,,4,0,2,0,1,2,0,0,0,0,13,1,1,1,0,0,0,0,1,0,25,33,29,3,2,6,6,0,0,0,0,2,0,1,1,1,1,0,0,0,0,0,0,0,0,,,1,25,41,25,14,2,1,0,0
BLN189909300,box,1899-09-30,0,BAL07,R,0,BRO,BLN,1,0,1,0,1,,38,4,14,15,1,0,0,,4,,1,,2,,0,0,0,5,,0,11,1,1,1,0,0,0,0,1,0,24,39,35,6,6,14,20,4,1,0,0,3,,3,,1,0,0,0,0,0,0,0,0,0,,,1,24,41,24,14,3,0,0,0
BLN189910020,box,1899-10-02,0,BAL07,R,0,BRO,BLN,1,1,0,0,1,,31,4,6,6,0,0,0,,3,,1,,1,,1,0,0,2,,0,5,1,1,1,0,0,0,1,0,0,27,36,34,3,0,7,10,3,0,0,0,0,0,2,,1,1,0,0,0,0,0,0,0,0,,,1,27,44,26,14,4,2,0,0
WSN189910031,box,1899-10-03,1,WAS06,R,0,BRO,WSN,1,1,0,0,1,,33,12,12,14,2,0,0,,11,,7,,1,,1,1,0,3,,0,6,1,1,1,0,0,0,1,0,0,27,36,32,3,2,6,7,1,0,0,0,4,,5,,0,0,0,0,0,0,0,0,0,0,,,1,27,40,27,11,2,0,0,0
WSN189910032,box,1899-10-03,2,WAS06,R,0,BRO,WSN,1,0,1,0,1,,28,2,10,12,2,0,0,,2,,0,0,1,0,0,1,0,1,0,0,6,1,1,1,0,0,0,0,1,0,18,24,23,3,2,5,6,1,0,0,0,1,0,5,0,0,0,0,0,0,0,0,0,0,0,,,1,18,29,18,9,2,0,0,0
WSN189910040,box,1899-10-04,0,WAS06,R,0,BRO,WSN,1,1,0,0,1,,29,5,9,15,2,2,0,,5,,2,0,3,0,0,0,0,0,0,0,5,1,1,1,0,0,0,1,0,0,21,30,27,1,1,8,11,0,0,1,0,3,0,2,0,0,0,0,0,0,0,0,0,0,0,,,1,21,31,21,10,0,0,0,0
WSN189910050,box,1899-10-05,0,WAS06,R,0,BRO,WSN,1,0,1,0,1,,31,1,9,11,0,1,0,,1,,2,0,1,0,0,0,0,0,2,0,5,1,1,1,0,0,0,0,1,0,24,34,33,4,3,11,14,1,1,0,0,0,0,1,0,0,1,0,0,0,0,0,0,0,0,,,1,24,41,24,16,1,1,0,0
BRO189910070,box,1899-10-07,0,NYC12,R,1,BRO,NY1,1,1,0,0,1,,26,13,11,11,0,0,0,,12,,6,0,0,1,1,0,0,0,1,0,5,1,1,1,0,0,0,1,0,0,18,28,24,2,1,7,7,0,0,0,0,3,0,2,0,0,1,0,0,0,0,0,0,0,0,,,1,18,30,18,9,3,0,0,0
BRO189910100,box,1899-10-10,0,NYC12,R,1,BRO,NY1,1,0,1,0,1,,28,2,5,5,0,0,0,,1,,4,0,3,0,2,0,0,2,0,0,11,1,1,0,0,0,1,0,1,0,21,36,31,5,4,9,12,0,0,1,0,4,0,4,0,1,0,0,0,0,0,0,0,0,0,,,1,21,37,21,13,3,0,0,0
NY1189910110,box,1899-10-11,0,NYC10,R,0,BRO,NY1,1,1,0,0,1,,26,7,11,13,2,0,0,,6,,0,0,0,0,1,0,0,2,1,0,5,1,1,1,0,0,0,1,0,0,18,24,22,2,2,8,8,0,0,0,0,1,0,2,0,0,1,0,0,0,0,0,0,0,0,,,1,18,32,18,14,0,0,0,0
BRO189910120,box,1899-10-12,0,NYC12,R,1,BRO,BLN,1,1,0,0,1,,29,5,6,8,0,1,0,,5,,0,0,3,0,2,0,0,4,0,0,2,1,1,1,0,0,0,1,0,0,27,34,27,1,0,4,4,0,0,0,0,3,0,0,1,2,2,0,0,0,0,0,0,0,0,,,1,27,45,27,15,3,3,0,0
BRO189910130,box,1899-10-13,0,NYC12,R,1,BRO,BLN,1,0,1,0,1,,27,2,8,8,0,0,0,,2,,1,0,0,0,0,0,0,3,2,0,5,1,1,1,0,0,0,0,1,0,21,34,31,8,6,11,19,2,0,2,0,0,0,2,0,2,1,0,0,0,0,0,0,0,0,,,1,21,30,21,6,3,1,0,0
BRO189910142,box,1899-10-14,2,NYC12,R,1,BRO,BLN,1,1,0,0,1,,22,8,10,12,2,0,0,,5,,0,0,,0,1,0,0,2,0,0,3,1,1,1,0,0,0,1,0,0,15,21,20,3,0,5,5,0,0,0,0,1,0,,0,0,0,0,0,0,0,0,0,0,0,,,1,15,30,15,13,2,0,0,0
BRO189904150,box,1899-04-15,0,NYC12,R,0,BSN,BRO,1,1,0,0,1,,38,1,7,11,0,2,0,,1,,1,0,1,0,0,0,0,0,1,0,5,1,1,1,1,0,0,1,0,0,33,38,30,0,0,4,6,0,1,0,0,4,0,0,0,2,2,0,0,0,0,0,0,0,0,,,1,33,59,33,26,0,1,0,0
BRO189904170,box,1899-04-17,0,NYC12,R,0,BSN,BRO,1,0,1,0,1,,31,1,4,5,1,0,0,,1,,4,0,0,1,0,0,0,0,0,0,7,1,1,1,0,0,0,0,1,0,24,30,26,4,3,5,5,0,0,0,0,2,0,1,2,1,1,0,0,0,0,0,0,0,0,,,1,24,39,24,13,2,3,0,0
BRO189904180,box,1899-04-18,0,NYC12,R,0,BSN,BRO,1,0,1,0,1,,38,7,12,16,0,2,0,,6,,4,0,2,1,0,1,0,3,0,0,9,1,1,1,0,0,0,0,1,0,24,40,33,11,9,14,19,3,1,0,0,3,0,1,1,1,1,0,0,0,2,0,0,0,0,,,1,24,47,24,21,2,1,0,0
BSN189904190,box,1899-04-19,0,BOS05,R,1,BSN,BRO,1,1,0,0,1,,34,7,13,19,0,0,2,,6,,3,0,1,0,0,2,0,2,0,0,8,1,1,1,1,0,0,1,0,0,27,32,31,0,0,4,4,0,0,0,0,1,0,5,1,0,0,0,0,0,0,0,0,0,0,,,1,27,43,27,13,3,1,0,0
WSN189904200,box,1899-04-20,0,WAS06,R,0,BSN,WSN,1,1,0,0,1,,46,17,21,23,2,0,0,,16,,4,,0,,1,3,0,0,,0,10,1,1,1,0,0,0,1,0,0,27,35,27,1,0,3,3,0,0,0,0,5,,3,,2,0,0,0,0,1,0,0,0,0,,,1,27,42,27,14,1,1,0,0
WSN189904210,box,1899-04-21,0,WAS06,R,0,BSN,WSN,1,1,0,0,1,,33,7,12,13,1,0,0,,6,,5,0,3,0,0,2,0,4,0,0,9,1,1,1,0,0,0,1,0,0,27,37,29,3,3,8,11,1,1,0,0,6,0,,2,0,2,0,0,0,0,0,0,0,0,,,1,27,38,27,11,0,4,0,0
WSN189904220,box,1899-04-22,0,WAS06,R,0,BSN,WSN,1,1,0,0,1,,34,7,13,14,1,0,0,,7,,5,0,4,0,1,0,0,0,0,0,9,1,1,1,0,0,0,1,0,0,27,39,32,4,4,9,11,2,0,0,0,4,0,1,2,2,1,0,0,0,0,0,0,0,0,,,1,27,43,27,15,1,2,0,0
WSN189904240,box,1899-04-24,0,WAS06,R,0,BSN,WSN,1,1,0,0,1,,34,10,11,18,2,1,1,,10,,5,0,1,1,0,1,0,2,0,0,9,1,1,1,0,0,0,1,0,0,24,33,32,1,1,6,10,1,0,1,0,1,0,1,0,0,0,0,0,0,0,0,0,0,0,,,1,24,40,24,14,2,0,0,0
PHI189904250,box,1899-04-25,0,PHI09,R,0,BSN,PHI,1,0,1,0,1,,38,8,16,18,2,0,0,,8,,6,0,,1,0,1,0,1,1,0,10,1,1,1,0,0,0,0,1,0,24,40,38,10,8,13,17,0,2,0,0,1,0,3,0,0,1,0,0,1,0,0,0,0,0,,,1,24,38,24,9,5,0,0,0
PHI189904260,box,1899-04-26,0,PHI09,R,0,BSN,PHI,1,1,0,0,1,,38,9,12,13,1,0,0,,8,,2,0,0,0,0,4,0,0,0,0,8,1,1,1,0,0,0,1,0,0,27,36,34,3,1,7,7,0,0,0,0,2,0,4,0,0,0,0,0,0,0,0,0,0,0,,,1,27,37,27,9,1,0,0,0
PHI189904270,box,1899-04-27,0,PHI09,R,0,BSN,PHI,1,0,1,0,1,,34,3,6,8,0,1,0,,3,,3,0,0,0,0,0,0,1,0,0,7,1,1,0,0,0,1,0,1,0,24,55,36,20,13,11,18,2,1,1,0,14,0,0,0,2,3,0,0,0,0,0,0,0,0,,,1,24,41,24,10,7,1,0,0
PHI189904280,box,1899-04-28,0,PHI09,R,0,BSN,PHI,1,0,1,0,1,,32,0,5,6,1,0,0,,0,,0,0,1,0,0,0,0,1,0,0,5,1,1,1,0,0,0,0,1,0,24,35,30,6,2,6,9,1,1,0,0,4,0,1,0,0,1,0,0,0,0,0,0,0,0,,,1,24,36,24,9,3,0,0,1
BLN189904290,box,1899-04-29,0,BAL07,R,0,BSN,BLN,1,0,1,0,1,,28,1,2,2,0,0,0,,1,,1,0,0,1,1,1,0,1,0,0,3,1,1,1,0,0,0,0,1,0,24,32,30,3,3,7,13,2,2,0,0,2,0,3,0,0,0,0,0,0,0,0,0,0,0,,,1,24,36,24,11,1,0,0,1
BLN189905010,box,1899-05-01,0,BAL07,R,0,BSN,BLN,1,0,1,0,1,,32,0,7,8,1,0,0,,0,,3,0,2,0,0,0,0,2,1,0,8,1,1,1,0,0,0,0,1,0,24,29,28,1,1,5,6,1,0,0,0,1,0,2,1,0,0,0,0,0,0,0,0,0,0,,,1,24,40,24,16,0,1,0,0
BLN189905020,box,1899-05-02,0,BAL07,R,0,BSN,BLN,1,1,0,0,1,,34,9,10,12,0,1,0,,4,,3,0,,0,0,2,0,1,2,0,3,1,1,1,0,0,0,1,0,0,27,35,30,2,2,7,9,2,0,0,0,4,0,3,1,1,0,0,0,0,0,0,0,0,0,,,1,27,35,27,7,1,2,0,0
BLN189905030,box,1899-05-03,0,BAL07,R,0,BSN,BLN,1,1,0,0,1,,32,4,5,6,1,0,0,,4,,0,0,1,2,1,1,0,0,0,0,3,1,1,1,0,0,0,1,0,0,27,32,28,3,3,4,6,2,0,0,0,3,0,4,1,0,1,0,0,0,0,0,0,0,0,,,1,27,40,27,13,0,2,0,0
BRO189905040,box,1899-05-04,0,NYC12,R,0,BSN,BRO,1,1,0,0,1,,41,10,10,17,2,1,1,,7,,2,0,2,1,0,0,0,2,0,0,6,1,1,1,0,0,0,1,0,0,27,36,32,2,1,6,7,1,0,0,0,1,0,4,0,0,3,0,0,0,0,0,0,0,0,,,1,27,45,27,15,3,1,0,0
BSN189905050,box,1899-05-05,0,BOS05,R,1,BSN,BRO,1,0,1,0,1,,34,2,6,9,0,0,1,,2,,4,0,5,0,0,0,0,1,0,0,9,1,1,1,0,0,0,0,1,0,27,45,40,11,7,13,20,1,0,2,0,3,0,0,1,1,1,0,0,0,0,0,0,0,0,,,1,27,45,27,12,6,1,0,0
BSN189905060,box,1899-05-06,0,BOS05,R,1,BSN,BRO,1,0,1,0,1,,47,10,16,18,2,0,0,,10,,3,0,0,1,0,0,0,0,1,0,10,1,1,1,0,0,0,0,1,0,30,45,43,12,7,14,24,1,0,3,0,2,0,2,1,0,0,0,0,1,0,0,0,0,0,,,1,30,55,30,21,4,1,0,1
BSN189905080,box,1899-05-08,0,BOS05,R,1,BSN,BRO,1,1,0,0,1,,30,5,8,10,2,0,0,,5,,2,0,1,0,0,0,0,1,2,0,3,1,1,1,1,0,0,1,0,0,27,32,29,0,0,5,6,1,0,0,0,2,0,1,3,1,0,0,0,0,0,0,0,0,0,,,1,27,38,27,10,1,3,0,0
BSN189905100,box,1899-05-10,0,BOS05,R,1,BSN,BLN,1,0,1,0,1,,32,0,6,8,2,0,0,,0,,1,0,5,1,1,0,0,2,1,0,7,1,1,1,0,0,0,0,1,0,27,39,36,5,4,12,17,2,0,1,0,2,0,4,2,1,0,0,0,0,0,0,0,0,0,,,1,27,44,27,14,3,2,0,0
BSN189905110,box,1899-05-11,0,BOS05,R,1,BSN,BLN,1,1,0,0,1,,26,4,9,12,1,1,0,,3,,1,0,1,0,0,1,0,2,1,0,3,1,1,1,0,0,0,1,0,0,21,25,24,1,1,6,8,0,1,0,0,1,0,2,1,0,0,0,0,0,0,0,0,0,0,,,1,21,32,21,10,1,2,0,0
BSN189905120,box,1899-05-12,0,BOS05,R,1,BSN,BLN,1,1,0,0,1,,35,7,10,14,0,2,0,,6,,2,0,2,0,0,1,0,3,0,0,7,1,1,0,0,0,1,1,0,1,27,40,37,6,4,9,13,1,0,1,0,3,0,,1,0,0,0,0,0,0,0,0,0,0,,,1,27,45,27,15,3,1,0,0
BSN189905130,box,1899-05-13,0,BOS05,R,1,BSN,BLN,1,1,0,0,1,,32,2,7,12,1,2,0,,2,,0,0,,0,0,0,0,0,0,0,4,1,1,1,0,0,0,1,0,0,27,36,28,1,1,4,6,2,0,0,0,6,0,,0,2,0,0,0,0,0,0,0,0,0,,,1,27,37,27,10,0,1,0,0
WSN189905150,box,1899-05-15,0,WAS06,R,0,BSN,WSN,1,0,1,0,1,,33,2,9,10,1,0,0,,2,,0,0,3,,0,0,0,0,,0,4,1,1,1,0,0,0,0,1,0,27,35,32,5,5,8,14,1,1,1,0,3,,2,,0,0,0,0,0,0,0,0,0,0,,,1,27,47,27,16,4,1,0,0
WSN189905160,box,1899-05-16,0,WAS06,R,0,BSN,WSN,1,1,0,0,1,,37,8,14,18,0,2,0,,7,,2,0,1,0,0,3,0,0,1,0,10,1,1,1,0,0,0,1,0,0,27,36,30,4,4,7,10,0,0,1,0,4,0,0,0,0,2,0,0,0,0,0,0,0,0,,,1,27,38,27,11,0,1,0,0
LS3189905180,box,1899-05-18,0,LOU03,R,0,BSN,LS3,1,1,0,0,1,,38,6,15,21,4,1,0,,4,,1,0,0,1,0,3,0,0,1,0,9,1,1,1,1,0,0,1,0,0,27,35,31,0,0,5,5,0,0,0,0,2,0,2,1,1,1,0,0,1,0,0,0,0,0,,,1,27,40,27,10,3,1,0,0
LS3189905190,box,1899-05-19,0,LOU03,R,0,BSN,LS3,1,1,0,0,1,,45,13,18,25,2,1,1,,13,,3,0,2,0,1,1,0,2,1,0,10,1,1,1,0,0,0,1,0,0,27,37,32,4,3,6,9,1,1,0,0,4,0,,0,1,0,0,0,2,0,0,0,0,0,,,1,27,41,27,14,0,0,0,1
SLN189905220,box,1899-05-22,0,STL05,R,0,BSN,SLN,1,1,0,0,1,,39,10,13,17,2,1,0,,7,,4,,1,,0,1,0,0,,0,7,1,1,0,0,0,1,1,0,0,27,40,31,3,2,4,7,1,1,0,0,8,,2,,1,0,0,0,0,0,0,0,0,0,,,1,27,39,27,10,2,0,0,1
SLN189905230,box,1899-05-23,0,STL05,R,0,BSN,SLN,1,0,1,0,1,,34,4,11,15,2,1,0,,4,,2,,0,,0,0,0,0,,0,5,1,1,1,0,0,0,0,1,0,27,49,42,9,6,16,19,3,0,0,0,3,,1,,0,4,0,0,1,0,0,0,0,0,,,1,27,49,27,16,6,1,0,0
SLN189905240,box,1899-05-24,0,STL05,R,0,BSN,SLN,1,1,0,0,1,,38,8,13,16,1,1,0,,8,,3,0,1,0,0,4,0,1,0,0,13,1,1,1,0,0,0,1,0,0,27,38,34,1,1,8,11,0,0,1,0,4,0,1,1,0,0,0,0,0,0,0,0,0,0,,,1,27,37,27,9,1,1,0,0
CIN189905250,box,1899-05-25,0,CIN05,R,0,BSN,CIN,1,1,0,0,1,,32,3,10,12,2,0,0,,2,,3,0,,1,1,1,0,0,0,0,10,1,1,1,0,0,0,1,0,0,27,34,33,1,1,8,9,1,0,0,0,1,0,,1,0,0,0,0,0,0,0,0,0,0,,,1,27,38,27,11,0,1,0,0
CIN189905260,box,1899-05-26,0,CIN05,R,0,BSN,CIN,1,1,0,0,1,,36,6,12,22,4,3,0,,5,,0,0,3,0,0,0,0,1,0,0,6,1,1,1,1,0,0,1,0,0,27,33,28,0,0,3,3,0,0,0,0,2,0,1,1,3,0,0,0,0,0,0,0,0,0,,,1,27,42,27,13,2,2,0,0
CIN189905270,box,1899-05-27,0,CIN05,R,0,BSN,CIN,1,1,0,0,1,,37,8,12,15,3,0,0,,8,,3,0,0,1,0,3,0,0,0,0,9,1,1,1,0,0,0,1,0,0,27,35,33,2,1,7,10,1,1,0,0,2,0,,0,0,0,0,0,0,0,0,0,0,0,,,1,27,34,27,6,1,0,0,0
BSN189905301,box,1899-05-30,1,BOS05,R,1,BSN,CL4,1,1,0,0,1,,33,7,12,14,0,1,0,,7,,6,0,,1,1,1,0,1,2,0,10,1,1,1,0,0,0,1,0,0,27,33,32,3,1,5,8,0,0,1,0,1,0,,0,0,0,0,0,0,0,0,0,0,0,,,1,27,40,27,11,2,0,0,0
BSN189905302,box,1899-05-30,2,BOS05,R,1,BSN,CL4,1,0,1,0,1,,32,3,5,9,1,0,1,,3,,1,0,0,1,0,0,0,0,0,0,3,1,1,1,0,0,0,0,1,0,27,39,35,6,4,11,12,1,0,0,0,3,0,1,0,0,1,0,0,0,0,0,0,0,0,,,1,27,43,27,15,1,0,0,0
BSN189905310,box,1899-05-31,0,BOS05,R,1,BSN,CL4,1,1,0,0,1,,43,16,18,24,0,3,0,,13,,6,0,2,2,0,1,0,4,0,0,10,1,1,0,0,0,1,1,0,0,27,51,39,10,9,16,20,0,2,0,0,8,0,3,0,1,3,0,0,2,0,0,0,0,0,,,1,27,38,27,10,1,0,0,1
BSN189906010,box,1899-06-01,0,BOS05,R,1,BSN,CL4,1,1,0,0,1,,37,12,15,21,4,1,0,,11,,4,0,1,0,0,1,0,5,1,0,6,1,1,1,0,0,0,1,0,0,27,36,25,6,6,4,5,1,0,0,0,4,0,2,1,3,4,0,0,0,0,0,0,0,0,,,1,27,46,27,19,0,1,0,0
BSN189906020,box,1899-06-02,0,BOS05,R,1,BSN,CIN,1,1,0,0,1,,33,6,11,19,2,0,2,,5,,0,0,,0,0,1,0,1,1,0,4,1,1,1,0,0,0,1,0,0,27,34,30,4,3,7,8,1,0,0,0,4,0,0,3,0,0,0,0,0,0,0,0,0,0,,,1,27,43,27,13,3,3,0,0
BSN189906030,box,1899-06-03,0,BOS05,R,1,BSN,CIN,1,1,0,0,1,,33,8,11,18,1,0,2,,6,,0,0,,1,0,3,0,0,0,0,4,1,1,1,0,0,0,1,0,0,27,35,33,2,1,4,5,1,0,0,0,1,0,,0,0,1,0,0,0,0,0,0,0,0,,,1,27,45,27,14,4,0,0,1
BSN189906050,box,1899-06-05,0,BOS05,R,1,BSN,CIN,1,1,0,0,1,,37,10,18,19,1,0,0,,8,,2,0,0,1,0,3,0,2,2,0,8,1,1,1,0,0,0,1,0,0,27,43,36,5,5,10,13,1,1,0,0,6,0,5,0,1,0,0,0,0,0,0,0,0,0,,,1,27,46,27,17,2,0,0,0
BSN189906060,box,1899-06-06,0,BOS05,R,1,BSN,LS3,1,1,0,0,1,,37,9,13,16,1,1,0,,8,,2,0,,0,1,1,0,2,0,0,8,1,1,1,0,0,0,1,0,0,27,38,33,4,4,11,15,4,0,0,0,3,0,0,1,1,1,0,0,0,0,0,0,0,0,,,1,27,44,27,16,1,1,0,0
BSN189906070,box,1899-06-07,0,BOS05,R,1,BSN,LS3,1,0,1,0,1,,31,6,5,5,0,0,0,,4,,3,0,1,1,1,0,0,1,0,0,5,1,1,1,0,0,0,0,1,0,24,38,33,7,5,10,13,1,1,0,0,4,0,5,0,0,1,0,0,0,0,0,0,0,0,,,1,24,34,24,8,2,0,0,0
BSN189906080,box,1899-06-08,0,BOS05,R,1,BSN,LS3,1,1,0,0,1,,46,7,14,18,0,2,0,,6,,3,0,1,0,0,2,0,3,1,0,8,1,1,1,0,0,0,1,0,0,36,52,48,5,3,11,13,2,0,0,0,3,0,1,0,0,1,0,0,0,0,0,0,0,0,,,1,36,63,36,22,5,0,0,0
NY1189906100,box,1899-06-10,0,NYC10,R,0,BSN,NY1,1,1,0,0,1,,36,5,6,6,0,0,0,,6,,7,1,9,0,2,0,0,4,0,0,13,1,1,1,0,0,0,1,0,0,27,39,34,4,4,8,8,0,0,0,0,2,0,2,0,2,1,0,0,0,0,0,0,0,0,,,1,27,36,27,8,1,0,0,1
NY1189906120,box,1899-06-12,0,NYC10,R,0,BSN,NY1,1,1,0,0,1,,38,11,12,16,2,1,0,,11,,3,0,1,1,0,0,0,2,2,0,3,1,1,1,0,0,0,1,0,0,27,42,39,2,0,12,13,1,0,0,0,3,0,1,1,0,0,0,0,2,0,0,0,0,0,,,1,27,43,27,14,2,2,0,1
NY1189906130,box,1899-06-13,0,NYC10,R,0,BSN,NY1,1,0,1,0,1,,35,4,8,9,1,0,0,,4,,2,0,5,0,0,0,0,6,0,0,7,1,1,1,0,0,0,0,1,0,24,32,27,6,3,6,7,1,0,0,0,3,0,2,0,1,1,0,0,0,0,0,0,0,0,,,1,24,43,24,14,5,1,0,0
NY1189906140,box,1899-06-14,0,NYC10,R,0,BSN,NY1,1,1,0,0,1,,35,5,12,12,0,0,0,,5,,3,0,2,0,0,3,0,1,0,0,9,1,1,1,0,0,0,1,0,0,27,33,33,4,4,6,9,0,0,1,0,0,0,1,1,0,0,0,0,0,0,0,0,0,0,,,1,27,41,27,12,2,1,0,0
BSN189906150,box,1899-06-15,0,BOS05,R,1,BSN,PHI,1,1,0,0,1,,22,6,9,9,0,0,0,,6,,2,0,0,0,0,2,0,0,0,0,5,1,1,1,0,0,0,1,0,0,18,26,24,1,1,7,9,0,1,0,0,2,0,5,0,0,0,0,0,0,0,0,0,0,0,,,1,18,26,18,6,2,1,0,0
BSN189906160,box,1899-06-16,0,BOS05,R,1,BSN,PHI,1,0,1,0,1,,31,3,8,12,0,2,0,,3,,4,0,,2,0,0,0,0,0,0,5,1,1,1,0,0,0,0,1,0,27,40,36,4,2,8,13,0,1,1,0,3,0,,0,0,1,0,0,0,0,0,0,0,0,,,1,27,47,27,15,5,0,0,0
BSN189906170,box,1899-06-17,0,BOS05,R,1,BSN,PHI,1,0,1,0,1,,33,4,7,10,1,1,0,,4,,3,0,0,0,0,1,0,1,0,0,6,1,1,1,0,0,0,0,1,0,27,40,34,6,3,7,13,1,1,1,0,4,0,2,0,1,1,0,0,1,0,0,0,0,0,,,1,27,50,27,20,3,0,0,0
CHN189906190,box,1899-06-19,0,CHI08,R,0,BSN,CHN,1,0,1,0,1,,38,8,13,16,1,1,0,,5,,2,,2,,0,2,0,0,,0,7,1,1,0,0,0,1,0,1,0,24,40,32,10,9,8,16,1,2,1,0,4,,1,,3,1,0,0,0,0,0,0,0,0,,,1,24,35,24,9,2,0,0,0
CHN189906200,box,1899-06-20,0,CHI08,R,0,BSN,CHN,1,1,0,0,1,,45,5,8,14,4,1,0,,5,,2,,3,,1,2,0,1,,0,6,1,1,1,0,0,0,1,0,0,39,48,45,1,0,7,7,0,0,0,0,2,,6,,0,1,0,0,0,0,0,0,0,0,,,1,39,60,39,18,3,0,0,0
CHN189906210,box,1899-06-21,0,CHI08,R,0,BSN,CHN,1,0,1,0,1,,35,5,8,11,3,0,0,,4,,3,,1,,0,0,0,0,,0,6,1,1,1,0,0,0,0,1,0,24,36,34,6,3,9,12,1,1,0,0,1,,1,,0,1,0,0,0,0,0,0,0,0,,,1,24,41,24,13,4,1,0,0
CHN189906220,box,1899-06-22,0,CHI08,R,0,BSN,CHN,1,1,0,0,1,,35,5,9,14,0,1,1,,4,,2,,1,,0,1,0,1,,0,6,1,1,1,0,0,0,1,0,0,27,33,31,1,1,6,8,2,0,0,0,1,,1,,0,1,0,0,0,0,0,0,0,0,,,1,27,41,27,13,1,1,0,0
PIT189906230,box,1899-06-23,0,PIT05,R,0,BSN,PIT,1,1,0,0,1,,38,4,12,12,0,0,0,,4,,0,0,0,,0,0,0,0,,0,7,1,1,1,0,0,0,1,0,0,27,39,37,2,1,8,11,1,1,0,0,1,,3,,0,1,0,0,0,0,0,0,0,0,,,1,27,37,27,7,3,0,0,0
PIT189906261,box,1899-06-26,1,PIT05,R,0,BSN,PIT,1,1,0,0,1,,42,12,15,19,0,2,0,,8,,3,,5,,0,0,0,3,,0,6,1,1,0,0,0,1,1,0,1,27,51,44,10,7,17,22,3,1,0,0,5,,2,,1,1,0,0,0,0,0,0,0,0,,,1,27,48,27,17,4,0,0,0
PIT189906262,box,1899-06-26,2,PIT05,R,0,BSN,PIT,1,0,1,0,1,,32,1,5,5,0,0,0,,1,,1,,4,,0,0,0,1,,0,5,1,1,1,0,0,0,0,1,0,24,42,37,8,8,13,20,5,1,0,0,3,,2,,0,2,0,0,0,0,0,0,0,0,,,1,24,41,24,13,4,0,0,0
PIT189906270,box,1899-06-27,0,PIT05,R,0,BSN,PIT,1,0,1,0,1,,39,3,11,12,1,0,0,,1,,1,,2,,0,2,0,1,,0,9,1,1,1,0,0,0,0,1,0,29,38,36,4,3,8,15,0,2,1,0,1,,0,,1,0,0,0,0,0,0,0,0,0,,,1,29,49,29,18,2,0,0,0
CL4189906290,box,1899-06-29,0,CLE05,R,0,BSN,CL4,1,0,1,0,1,,37,2,10,14,2,1,0,,2,,1,0,0,0,0,0,0,0,0,0,9,1,1,1,0,0,0,0,1,0,24,37,32,7,7,10,10,0,0,0,0,3,0,1,0,1,1,0,0,1,0,0,0,0,0,,,1,24,37,24,11,2,0,0,0
CL4189906300,box,1899-06-30,0,CLE05,R,0,BSN,CL4,1,1,0,0,1,,33,3,6,8,2,0,0,,1,,2,,0,,2,0,0,1,,0,7,1,1,1,0,0,0,1,0,0,27,35,33,1,1,7,9,2,0,0,0,1,,,,1,0,0,0,0,0,0,0,0,0,,,1,27,40,27,13,0,1,0,0
CL4189907011,box,1899-07-01,1,CLE05,R,0,BSN,CL4,1,0,1,0,1,,47,9,15,19,2,1,0,,8,,2,0,0,0,3,3,0,5,0,0,13,1,1,0,0,0,1,0,1,0,31,49,45,10,4,14,18,2,1,0,0,3,0,1,0,1,0,0,0,1,0,0,0,0,0,,,1,31,43,31,11,1,1,0,0
CL4189907012,box,1899-07-01,2,CLE05,R,0,BSN,CL4,1,1,0,0,1,,33,14,17,23,2,2,0,,14,,1,,1,,1,1,0,2,,0,4,1,1,1,1,0,0,1,0,0,18,22,21,0,0,2,2,0,0,0,0,1,,1,,0,0,0,0,0,0,0,0,0,0,,,1,18,27,18,8,1,0,0,0
WSN189907030,box,1899-07-03,0,WAS06,R,0,BSN,WSN,1,0,1,0,1,,36,2,9,10,1,0,0,,2,,3,0,,0,0,0,0,1,0,0,10,1,1,0,0,0,1,0,1,0,27,49,45,15,12,16,23,2,1,1,0,3,0,,0,0,1,0,0,1,0,0,0,0,0,,,1,27,46,26,15,5,0,0,0
BLN189907041,box,1899-07-04,1,BAL07,R,0,BSN,BLN,1,0,1,0,1,,32,1,7,9,0,1,0,,0,,2,,4,,0,2,0,2,,0,8,1,1,1,0,0,0,0,1,0,24,30,27,2,2,6,9,1,1,0,0,3,,2,,0,0,0,0,0,0,0,0,0,0,,,1,24,35,24,11,0,1,0,0
BLN189907042,box,1899-07-04,2,BAL07,R,0,BSN,BLN,1,0,1,0,1,,38,4,11,11,0,0,0,,2,,3,,4,,0,0,0,0,,0,10,1,1,1,0,0,0,0,1,0,24,40,32,5,5,9,9,0,0,0,0,7,,0,,1,0,0,0,0,0,0,0,0,0,,,1,24,40,24,16,0,1,0,0
BLN189907050,box,1899-07-05,0,BAL07,R,0,BSN,BLN,1,1,0,0,1,,38,5,11,11,0,0,0,,4,,0,0,2,,0,2,0,3,,0,8,1,1,1,0,0,0,1,0,0,27,35,32,4,2,8,8,0,0,0,0,3,,4,,0,0,0,0,0,0,0,0,0,0,,,1,27,47,27,16,4,2,0,0
BSN189907070,box,1899-07-07,0,BOS05,R,1,BSN,NY1,1,1,0,0,1,,34,8,15,17,0,1,0,,7,,5,0,1,1,0,2,0,3,1,0,9,1,1,1,0,0,0,1,0,0,27,39,29,3,2,5,5,0,0,0,0,9,0,1,0,0,1,0,0,0,0,0,0,0,0,,,1,27,44,27,14,3,1,0,0
BSN189907101,box,1899-07-10,1,BOS05,R,1,BSN,NY1,1,1,0,0,1,,27,3,6,7,1,0,0,,3,,6,0,,0,0,2,0,4,0,0,8,1,1,1,1,0,0,1,0,0,27,34,32,0,0,7,8,1,0,0,0,1,0,,0,1,0,0,0,0,0,0,0,0,0,,,1,27,39,27,11,1,0,0,0
BSN189907102,box,1899-07-10,2,BOS05,R,1,BSN,NY1,1,1,0,0,1,,42,6,15,21,3,0,1,,5,,4,0,,1,1,0,0,2,1,0,10,1,1,1,0,0,0,1,0,0,33,43,40,5,4,8,12,1,0,1,0,2,0,2,1,0,1,0,0,0,0,0,0,0,0,,,1,33,48,33,14,1,1,0,0
BSN189907110,box,1899-07-11,0,BOS05,R,1,BSN,CHN,1,0,1,0,1,,42,6,12,15,0,0,1,,6,,1,,2,,0,0,0,0,,0,10,1,1,0,0,0,1,0,1,0,27,43,37,10,9,13,19,0,0,2,0,2,,5,,3,1,0,0,0,0,0,0,0,0,,,1,27,47,27,14,6,2,0,0
BSN189907120,box,1899-07-12,0,BOS05,R,1,BSN,CHN,1,1,0,0,1,,28,4,6,6,0,0,0,,1,,0,0,1,1,1,1,0,1,0,0,2,1,1,1,0,0,0,1,0,0,27,34,31,1,1,5,7,0,1,0,0,3,0,1,0,0,0,0,0,0,0,0,0,0,0,,,1,27,43,27,14,2,0,0,0
BSN189907130,box,1899-07-13,0,BOS05,R,1,BSN,CHN,1,0,1,0,1,,38,4,11,13,0,1,0,,2,,2,0,1,0,0,0,0,0,0,0,9,1,1,1,0,0,0,0,1,0,27,43,39,9,9,14,23,1,4,0,0,3,0,0,2,0,1,0,0,0,0,0,0,0,0,,,1,27,41,27,13,1,2,0,0
BSN189907140,box,1899-07-14,0,BOS05,R,1,BSN,PIT,1,1,0,0,1,,26,2,4,4,0,0,0,,1,,3,0,2,0,0,2,0,0,0,0,5,1,1,1,1,0,0,1,0,0,27,29,27,0,0,1,1,0,0,0,0,2,0,1,0,0,0,0,0,0,0,0,0,0,0,,,1,27,42,27,15,0,0,0,0
BSN189907150,box,1899-07-15,0,BOS05,R,1,BSN,PIT,1,1,0,0,1,,36,1,6,8,2,0,0,,1,,0,0,,0,1,3,0,0,0,0,7,1,1,1,1,0,0,1,0,0,33,42,37,0,0,6,6,0,0,0,0,3,0,,0,2,0,0,0,0,0,0,0,0,0,,,1,33,51,33,16,2,0,0,0
BSN189907170,box,1899-07-17,0,BOS05,R,1,BSN,PIT,1,1,0,0,1,,29,9,8,12,1,0,1,,6,,8,0,,0,0,3,0,2,0,0,7,1,1,1,0,0,0,1,0,0,27,43,39,5,5,12,12,0,0,0,0,3,0,,0,1,0,0,0,0,0,0,0,0,0,,,1,27,35,27,6,2,0,0,0
BSN189907180,box,1899-07-18,0,BOS05,R,1,BSN,SLN,1,0,1,0,1,,34,3,8,11,0,0,1,,3,,2,,,,0,1,0,0,,0,7,1,1,1,0,0,0,0,1,0,27,40,37,9,5,11,16,2,0,1,0,2,,3,,0,1,0,0,1,0,0,0,0,0,,,1,27,45,27,15,3,0,0,1
BSN189907190,box,1899-07-19,0,BOS05,R,1,BSN,SLN,1,1,0,0,1,,35,8,9,21,0,3,2,,7,,2,,,,0,1,0,0,,0,7,1,1,1,0,0,0,1,0,0,27,32,30,1,0,7,7,0,0,0,0,2,,1,,0,0,0,0,0,0,0,0,0,0,,,1,27,43,26,16,1,2,0,0
BSN189907200,box,1899-07-20,0,BOS05,R,1,BSN,SLN,1,0,1,0,1,,31,2,4,9,0,1,1,,2,,4,0,1,0,0,0,0,2,0,0,6,1,1,1,0,0,0,0,1,0,27,40,33,3,2,9,9,0,0,0,0,5,0,1,0,0,2,0,0,0,0,0,0,0,0,,,1,27,39,27,11,1,1,0,0
CIN189907220,box,1899-07-22,0,CIN05,R,0,BSN,CIN,1,1,0,0,1,,40,5,12,16,4,0,0,,4,,1,0,,0,1,0,0,0,1,0,7,1,1,1,0,0,0,1,0,0,30,42,34,4,4,8,10,2,0,0,0,4,1,,1,1,3,0,0,0,0,0,0,0,0,,,1,30,43,30,12,1,2,0,0
CIN189907240,box,1899-07-24,0,CIN05,R,0,BSN,CIN,1,1,0,0,1,,40,8,13,17,2,1,0,,8,,3,,,,0,0,0,0,,0,8,1,1,1,0,0,0,1,0,0,27,36,32,3,3,7,7,0,0,0,0,4,,,,0,0,0,0,0,0,0,0,0,0,,,1,27,43,27,14,2,1,0,0
CIN189907261,box,1899-07-26,1,CIN05,R,0,BSN,CIN,1,1,0,0,1,,41,9,13,15,2,0,0,,9,,1,,,,0,0,0,4,,0,6,1,1,1,0,0,0,1,0,0,27,35,31,5,5,4,7,1,1,0,0,4,,,,0,0,0,0,1,0,0,0,0,0,,,1,27,38,27,9,2,0,0,0
CIN189907262,box,1899-07-26,2,CIN05,R,0,BSN,CIN,1,0,1,0,1,,31,1,7,11,2,1,0,,1,,1,,,,1,4,0,0,,0,6,1,1,1,0,0,0,0,1,0,30,35,30,2,2,6,10,2,1,0,0,3,,,,0,2,0,0,0,0,0,0,0,0,,,1,30,46,30,16,0,2,0,0
LS3189907271,box,1899-07-27,1,LOU03,R,0,BSN,LS3,1,0,1,0,1,,34,3,9,10,1,0,0,,3,,4,0,,0,0,2,0,1,0,0,10,1,1,1,0,0,0,0,1,0,24,36,33,4,1,12,14,2,0,0,0,1,0,,2,0,2,0,0,0,0,0,0,0,0,,,1,24,39,24,13,2,2,0,0
LS3189907272,box,1899-07-27,2,LOU03,R,0,BSN,LS3,1,0,1,0,1,,39,5,15,21,3,0,1,,5,,2,0,0,0,0,0,0,0,0,0,12,1,1,1,0,0,0,0,1,0,24,36,34,6,6,12,14,2,0,0,0,2,0,,1,0,0,0,0,0,0,0,0,0,0,,,1,24,33,24,8,1,1,0,0
LS3189907280,box,1899-07-28,0,LOU03,R,0,BSN,LS3,1,1,0,0,1,,32,4,7,7,0,0,0,,4,,2,0,,0,0,2,0,0,0,0,5,1,1,1,0,0,0,1,0,0,27,36,34,1,1,5,6,1,0,0,0,2,0,,0,0,0,0,0,0,0,0,0,0,0,,,1,27,45,27,15,3,0,0,0
SLN189908010,box,1899-08-01,0,STL05,R,0,BSN,SLN,1,0,1,0,1,,58,7,17,24,3,2,0,,6,,3,,2,,2,1,0,1,,0,15,1,1,1,0,0,0,0,1,0,39,54,52,8,6,15,22,1,3,0,0,1,,2,,0,1,0,0,0,0,0,0,0,0,,,1,39,60,39,19,2,1,0,0
SLN189908021,box,1899-08-02,1,STL05,R,0,BSN,SLN,1,1,0,0,1,,37,10,13,18,2,0,1,,6,,4,,,,0,3,0,5,,0,7,1,1,1,0,0,0,1,0,0,27,37,34,2,2,7,8,1,0,0,0,3,,5,,0,0,0,0,0,0,0,0,0,0,,,1,27,35,27,8,0,0,0,0
SLN189908022,box,1899-08-02,2,STL05,R,0,BSN,SLN,1,1,0,0,1,,33,5,8,10,0,1,0,,5,,3,,0,,0,3,0,0,,0,7,1,1,1,0,0,0,1,0,0,27,34,33,1,1,8,9,1,0,0,0,1,,1,,0,0,0,0,0,0,0,0,0,0,,,1,27,38,27,10,1,2,0,0
BSN189908040,box,1899-08-04,0,BOS05,R,1,BSN,WSN,1,1,0,0,1,,29,4,5,7,0,1,0,,4,,3,,2,,2,1,0,0,,0,5,1,1,0,0,0,1,1,0,0,27,34,33,3,3,9,12,1,1,0,0,1,,,,0,0,0,0,0,0,0,0,0,0,,,1,27,37,27,9,1,0,0,0
BSN189908050,box,1899-08-05,0,BOS05,R,1,BSN,WSN,1,1,0,0,1,,34,9,11,20,2,2,1,,9,,3,,1,,1,0,0,1,,0,5,1,1,1,0,0,0,1,0,0,27,34,34,3,3,6,8,2,0,0,0,0,0,1,,0,0,0,0,0,0,0,0,0,0,,,1,27,44,27,16,1,0,0,1
BSN189908070,box,1899-08-07,0,BOS05,R,1,BSN,WSN,1,1,0,0,1,,38,7,17,21,2,1,0,,7,,5,,,,0,1,0,3,,0,13,1,1,1,0,0,0,1,0,0,27,30,25,1,0,1,1,0,0,0,0,3,,5,,2,0,0,0,0,0,0,0,0,0,,,1,27,44,27,16,1,2,0,1
BSN189908080,box,1899-08-08,0,BOS05,R,1,BSN,CL4,1,1,0,0,1,,40,18,21,32,3,1,2,,18,,5,0,,0,0,2,0,1,0,0,5,1,1,0,0,0,1,1,0,1,27,45,38,8,8,11,16,2,0,1,0,4,0,,0,2,1,0,0,0,0,0,0,0,0,,,1,27,42,27,13,2,0,0,0
BSN189908090,box,1899-08-09,0,BOS05,R,1,BSN,CL4,1,1,0,0,1,,34,7,12,16,1,0,1,,7,,4,0,0,0,0,0,0,1,1,0,7,1,1,1,0,0,0,1,0,0,27,37,37,3,3,12,14,2,0,0,0,0,0,4,1,0,0,0,0,0,0,0,0,0,0,,,1,27,43,27,15,1,1,0,0
BSN189908121,box,1899-08-12,1,BOS05,R,1,BSN,CIN,1,0,1,0,1,,34,2,10,10,0,0,0,,2,,0,0,,1,1,2,0,2,0,0,9,1,1,1,0,0,0,0,1,0,27,39,30,7,4,8,10,2,0,0,0,3,0,,0,2,4,0,0,0,0,0,0,0,0,,,1,27,45,27,16,2,1,0,0
BSN189908122,box,1899-08-12,2,BOS05,R,1,BSN,CIN,1,0,1,0,1,,30,2,6,7,1,0,0,,2,,2,0,2,0,0,0,0,1,1,0,6,1,1,0,0,0,1,0,1,0,24,38,34,7,5,11,17,1,1,1,0,3,0,2,1,0,1,0,0,0,0,0,0,0,0,,,1,24,37,24,10,3,1,0,0
BSN189908140,box,1899-08-14,0,BOS05,R,1,BSN,CIN,1,1,0,0,1,,31,8,9,15,3,0,1,,7,,5,0,4,0,0,1,0,1,0,0,5,1,1,1,0,0,0,1,0,0,27,40,37,3,3,9,15,1,1,1,0,3,0,1,1,0,0,0,0,0,0,0,0,0,0,,,1,27,42,27,13,2,1,0,0
BSN189908150,box,1899-08-15,0,BOS05,R,1,BSN,CIN,1,0,1,0,1,,33,0,5,5,0,0,0,,0,,3,0,2,0,0,0,0,0,0,0,9,1,1,1,0,0,0,0,1,0,27,32,31,1,1,7,7,0,0,0,0,1,0,1,0,0,0,0,0,0,0,0,0,0,0,,,1,27,38,27,11,0,0,0,0
BSN189908161,box,1899-08-16,1,BOS05,R,1,BSN,LS3,1,0,1,0,1,,30,0,3,5,0,1,0,,0,,1,,,,0,0,0,0,,0,4,1,1,1,0,0,0,0,1,0,27,39,36,3,2,9,11,0,1,0,0,2,,,,1,0,0,0,0,0,0,0,0,0,,,1,27,37,27,8,2,1,0,0
BSN189908162,box,1899-08-16,2,BOS05,R,1,BSN,LS3,1,1,0,0,1,,39,12,14,21,3,2,0,,12,,2,,2,,1,2,0,1,,0,5,1,1,0,0,0,1,1,0,1,27,46,31,5,4,6,9,0,0,1,0,14,,2,,0,1,0,0,1,0,0,0,0,0,,,1,27,37,27,9,1,2,0,0
BSN189908171,box,1899-08-17,1,BOS05,R,1,BSN,LS3,1,1,0,0,1,,35,7,11,12,1,0,0,,7,,5,0,,1,0,1,0,2,1,0,10,1,1,1,0,0,0,1,0,0,27,40,35,6,3,11,15,1,0,1,0,5,0,,1,0,0,0,0,0,0,0,0,0,0,,,1,27,47,27,17,3,3,0,0
BSN189908172,box,1899-08-17,2,BOS05,R,1,BSN,LS3,1,0,1,0,1,,24,1,8,12,2,1,0,,0,,6,0,3,0,0,2,0,4,2,0,10,1,1,1,0,0,0,0,1,0,21,30,20,2,2,3,6,0,0,1,0,5,0,3,0,2,3,0,0,0,0,0,0,0,0,,,1,21,31,21,9,1,1,0,0
BSN189908181,box,1899-08-18,1,BOS05,R,1,BSN,LS3,1,1,0,0,1,,31,5,7,14,2,1,1,,3,,3,0,2,0,0,2,0,2,0,0,7,1,1,1,0,0,0,1,0,0,27,34,31,2,2,6,7,1,0,0,0,2,0,3,0,1,0,0,0,1,0,0,0,0,0,,,1,27,42,27,15,0,0,0,1
BSN189908182,box,1899-08-18,2,BOS05,R,1,BSN,LS3,1,1,0,0,1,,40,7,14,21,3,2,0,,7,,2,0,,0,1,1,0,0,0,0,11,1,1,1,0,0,0,1,0,0,27,41,36,6,5,10,17,4,0,1,0,4,0,1,2,1,0,0,0,0,0,0,0,0,0,,,1,27,41,27,11,3,2,0,0
BSN189908190,box,1899-08-19,0,BOS05,R,1,BSN,BRO,1,1,0,0,1,,35,9,13,18,1,2,0,,9,,2,0,1,0,0,1,0,1,2,0,5,1,1,1,1,0,0,1,0,0,27,34,30,0,0,6,7,1,0,0,0,4,0,2,1,0,0,0,0,0,0,0,0,0,0,,,1,27,40,27,11,2,2,0,0
BSN189908210,box,1899-08-21,0,BOS05,R,1,BSN,BRO,1,0,1,0,1,,35,5,8,10,0,1,0,,5,,5,0,5,0,1,1,0,2,0,0,10,1,1,1,0,0,0,0,1,0,27,40,36,7,5,11,11,0,0,0,0,3,0,5,0,0,1,0,0,0,0,0,0,0,0,,,1,27,41,27,11,3,0,0,0
BSN189908220,box,1899-08-22,0,BOS05,R,1,BSN,BRO,1,0,1,0,1,,30,2,8,11,3,0,0,,2,,2,0,1,3,0,0,0,0,1,0,3,1,1,0,0,0,1,0,1,0,27,40,38,5,5,13,18,2,0,1,0,2,0,1,0,0,0,0,0,0,0,0,0,0,0,,,1,27,45,27,17,1,0,0,0
PIT189908240,box,1899-08-24,0,PIT05,R,0,BSN,PIT,1,1,0,0,1,,38,3,11,14,1,1,0,,3,,3,,2,,0,1,0,0,,0,9,1,1,1,0,0,0,1,0,0,30,39,35,1,0,6,8,0,1,0,0,3,,0,,0,1,0,0,0,0,0,0,0,0,,,1,30,45,30,14,1,1,0,0
PIT189908250,box,1899-08-25,0,PIT05,R,0,BSN,PIT,1,0,1,0,1,,38,6,12,16,0,2,0,,5,,1,0,3,0,0,0,0,0,0,0,6,1,1,1,0,0,0,0,1,0,24,36,35,7,5,10,18,1,2,1,0,0,0,1,0,0,1,0,0,0,0,0,0,0,0,,,1,24,39,24,12,3,0,0,0
CL4189908280,box,1899-08-28,0,CLE05,R,0,BSN,CL4,1,1,0,0,1,,38,6,6,7,1,0,0,,3,,1,,1,,0,0,0,2,,0,6,1,1,1,0,0,0,1,0,0,27,36,33,4,3,7,12,1,2,0,0,3,,1,,0,0,0,0,0,0,0,0,0,0,,,1,27,40,27,12,1,0,0,0
CL4189908291,box,1899-08-29,1,CLE05,R,0,BSN,CL4,1,1,0,0,1,,40,9,11,13,2,0,0,,9,,4,,1,,0,2,0,2,,0,10,1,1,1,0,0,0,1,0,0,27,31,30,1,0,3,3,0,0,0,0,0,0,3,,1,0,0,0,1,0,0,0,0,0,,,1,27,42,27,13,2,0,0,0
CL4189908292,box,1899-08-29,2,CLE05,R,0,BSN,CL4,1,1,0,0,1,,33,11,14,19,3,1,0,,8,,1,,,,0,0,0,5,,0,5,1,1,1,0,0,0,1,0,0,21,34,33,3,1,12,16,2,1,0,0,1,,,,0,0,0,0,0,0,0,0,0,0,,,1,21,36,21,13,2,0,0,0
CL4189908300,box,1899-08-30,0,CLE05,R,0,BSN,CL4,1,1,0,0,1,,40,8,16,24,3,1,1,,7,,1,,0,,0,1,0,0,,0,7,1,1,1,0,0,0,1,0,0,27,38,34,5,5,11,17,2,2,0,0,3,,4,,0,0,0,0,0,1,0,0,0,0,,,1,27,42,27,14,1,1,0,0
CHN189908310,box,1899-08-31,0,CHI08,R,0,BSN,CHN,1,0,1,0,1,,31,2,7,8,1,0,0,,2,,0,0,1,,0,1,0,0,,0,3,1,1,1,0,0,0,0,1,0,24,37,31,5,5,10,10,0,0,0,0,4,,2,,1,1,0,0,0,0,0,0,0,0,,,1,24,36,24,12,0,1,0,0
CHN189909010,box,1899-09-01,0,CHI08,R,0,BSN,CHN,1,0,1,0,1,,34,4,9,10,1,0,0,,4,,1,0,1,1,1,0,0,0,1,0,5,1,1,1,0,0,0,0,1,0,24,31,28,5,2,5,6,1,0,0,0,1,0,5,0,0,2,0,0,1,0,0,0,0,0,,,1,24,37,24,9,4,0,0,0
CHN189909020,box,1899-09-02,0,CHI08,R,0,BSN,CHN,1,1,0,0,1,,38,8,9,10,1,0,0,,4,,2,0,1,2,1,1,0,0,0,0,7,1,1,1,0,0,0,1,0,0,27,36,32,3,3,9,11,0,1,0,0,2,0,,0,0,2,0,0,0,0,0,0,0,0,,,1,27,40,27,12,1,1,0,0
BSN189909040,box,1899-09-04,0,BOS05,R,1,BSN,BLN,1,1,0,0,1,,29,4,7,9,0,1,0,,4,,5,0,3,1,0,1,0,2,1,0,7,1,1,1,0,0,0,1,0,0,27,37,34,1,1,11,14,1,1,0,0,1,0,6,0,1,1,0,0,0,0,0,0,0,0,,,1,27,40,27,13,0,0,0,0
BSN189909050,box,1899-09-05,0,BOS05,R,1,BSN,BLN,1,0,1,0,1,,35,4,6,8,2,0,0,,3,,5,,0,,0,0,0,3,,0,9,1,1,1,0,0,0,0,1,0,27,43,41,8,7,17,20,3,0,0,0,2,,2,,0,0,0,0,0,0,0,0,0,0,,,1,27,51,27,19,5,0,0,0
BSN189909060,box,1899-09-06,0,BOS05,R,1,BSN,BLN,1,0,1,0,1,,34,3,9,13,1,0,1,,2,,4,0,,0,1,0,0,1,2,0,6,1,1,1,0,0,0,0,1,0,30,44,40,5,4,12,16,2,1,0,0,3,0,,1,1,0,0,0,0,0,0,0,0,0,,,1,30,48,30,17,1,1,0,0
BRO189909070,box,1899-09-07,0,NYC12,R,0,BSN,BRO,1,1,0,0,1,,29,2,4,4,0,0,0,,1,,5,0,1,0,0,1,0,1,0,0,6,1,1,1,0,0,0,1,0,0,27,33,30,1,1,6,6,0,0,0,0,2,0,0,1,0,1,0,0,0,0,0,0,0,0,,,1,27,40,27,12,1,1,0,0
BRO189909080,box,1899-09-08,0,NYC12,R,0,BSN,BRO,1,0,1,0,1,,32,0,6,6,0,0,0,,0,,2,0,3,1,0,0,0,0,0,0,7,1,1,1,0,0,0,0,1,0,24,36,30,5,5,11,17,0,3,0,0,4,0,4,0,0,2,0,0,1,0,0,0,0,0,,,1,24,35,24,11,0,1,0,0
BRO189909090,box,1899-09-09,0,NYC12,R,0,BSN,BRO,1,0,1,0,1,,29,0,1,1,0,0,0,,0,,5,0,5,0,0,0,0,1,0,0,7,1,1,1,0,0,0,0,1,0,24,34,29,4,3,7,8,1,0,0,0,4,0,0,0,1,0,0,0,0,0,0,0,0,0,,,1,24,35,24,9,2,1,0,0
BSN189909110,box,1899-09-11,0,BOS05,R,1,BSN,SLN,1,1,0,0,1,,31,5,8,13,0,1,1,,4,,2,,,,0,0,0,3,,0,4,1,1,1,0,0,0,1,0,0,27,35,32,2,2,8,8,0,0,0,0,3,,,,0,0,0,0,1,0,0,0,0,0,,,1,27,42,27,13,2,2,0,1
BSN189909131,box,1899-09-13,1,BOS05,R,1,BSN,SLN,1,1,0,0,1,,31,6,9,10,1,0,0,,4,,0,0,1,,0,2,0,1,,0,3,1,1,1,0,0,0,1,0,0,27,41,32,3,2,9,10,1,0,0,0,7,,2,,0,2,0,0,0,0,0,0,0,0,,,1,27,43,27,15,1,1,0,0
BSN189909132,box,1899-09-13,2,BOS05,R,1,BSN,SLN,1,1,0,0,1,,25,5,7,9,0,1,0,,3,,4,0,2,0,1,0,0,1,0,0,7,1,1,1,0,0,0,1,0,0,18,26,24,3,3,5,10,2,0,1,0,1,0,2,0,1,0,0,0,0,0,0,0,0,0,,,1,18,24,18,5,1,0,0,0
BSN189909141,box,1899-09-14,1,BOS05,R,1,BSN,SLN,1,0,1,0,1,,40,1,12,14,0,1,0,,1,,1,,1,,0,0,0,0,,0,13,1,1,1,0,0,0,0,1,0,27,46,40,11,3,10,12,2,0,0,0,3,,1,,0,3,0,0,0,0,0,0,0,0,,,1,27,49,27,12,10,0,0,0
BSN189909142,box,1899-09-14,2,BOS05,R,1,BSN,SLN,1,0,1,0,1,,23,4,6,7,1,0,0,,4,,4,,0,,1,2,0,1,,0,8,1,1,1,0,0,0,0,1,0,18,31,29,7,3,11,12,1,0,0,0,1,,4,,0,1,0,0,0,0,0,0,0,0,,,1,18,28,18,7,3,0,0,0
BSN189909150,box,1899-09-15,0,BOS05,R,1,BSN,PIT,1,1,0,0,1,,32,9,10,18,0,1,2,,5,,5,,,,0,1,0,3,,0,5,1,1,1,0,0,0,1,0,0,27,35,34,4,4,10,16,0,0,2,0,0,0,,,0,1,0,0,0,0,0,0,0,0,,,1,27,41,27,13,1,1,0,0
BSN189909160,box,1899-09-16,0,BOS05,R,1,BSN,PIT,1,1,0,0,1,,41,4,10,11,1,0,0,,2,,6,,5,,0,1,0,1,,0,13,1,1,0,0,0,1,1,0,0,33,46,37,3,2,10,10,0,0,0,0,6,,2,,0,3,0,0,0,0,0,0,0,0,,,1,33,49,33,14,2,3,0,0
BSN189909181,box,1899-09-18,1,BOS05,R,1,BSN,PIT,1,0,1,0,1,,33,5,8,10,2,0,0,,5,,3,,0,,0,2,0,1,,0,7,1,1,1,0,0,0,0,1,0,27,39,33,7,7,10,16,0,0,2,0,5,,2,,0,1,0,0,0,0,0,0,0,0,,,1,27,39,27,12,0,0,0,0
BSN189909182,box,1899-09-18,2,BOS05,R,1,BSN,PIT,1,1,0,0,1,,32,11,12,20,1,2,1,,11,,4,,,,0,1,0,0,,0,5,1,1,1,0,0,0,1,0,0,24,40,37,4,3,12,13,1,0,0,0,2,,,,1,0,0,0,0,0,0,0,0,0,,,1,24,31,24,5,2,0,0,0
BSN189909190,box,1899-09-19,0,BOS05,R,1,BSN,PIT,1,1,0,0,1,,36,9,14,21,0,2,1,,9,,1,,,,0,1,0,0,,0,5,1,1,1,0,0,0,1,0,0,27,37,37,5,4,8,8,0,0,0,0,0,0,,,0,0,0,0,0,0,0,0,0,0,,,1,27,42,27,12,3,1,0,0
BSN189909221,box,1899-09-22,1,BOS05,R,1,BSN,CHN,1,0,1,0,1,,32,0,12,14,2,0,0,,0,,2,,0,,0,1,0,0,,0,8,1,1,1,0,0,0,0,1,0,27,35,34,3,1,9,11,2,0,0,0,0,0,3,,0,1,0,0,0,0,0,0,0,0,,,1,27,43,27,14,2,0,0,0
BSN189909222,box,1899-09-22,2,BOS05,R,1,BSN,CHN,1,1,0,0,1,,36,8,14,15,1,0,0,,6,,5,,3,,0,0,0,4,,0,9,1,1,1,0,0,0,1,0,0,24,36,33,7,6,9,15,1,1,1,0,2,,1,,0,1,0,0,0,0,0,0,0,0,,,1,24,39,24,13,2,0,0,0
NY1189909230,box,1899-09-23,0,NYC10,R,0,BSN,NY1,1,0,1,0,1,,32,2,6,8,2,0,0,,2,,6,,6,,0,1,0,1,,0,10,1,1,1,0,0,0,0,1,0,24,36,32,5,2,9,11,2,0,0,0,2,,4,,1,1,0,0,0,0,0,0,0,0,,,1,24,40,24,12,4,2,0,1
NY1189909250,box,1899-09-25,0,NYC10,R,0,BSN,NY1,1,1,0,0,1,,31,2,9,11,0,1,0,,2,,0,0,2,0,1,1,0,0,0,0,7,1,1,1,0,0,0,1,0,0,24,34,29,1,1,5,5,0,0,0,0,5,0,2,2,0,0,0,0,0,0,0,0,0,0,,,1,24,41,24,14,3,2,0,0
BSN189909270,box,1899-09-27,0,BOS05,R,1,BSN,WSN,1,1,0,0,1,,33,14,14,21,1,0,2,,13,,6,0,1,0,2,1,0,2,1,0,7,1,1,1,0,0,0,1,0,0,24,42,33,8,5,8,10,2,0,0,0,8,0,5,0,1,0,0,0,2,0,0,0,0,0,,,1,24,39,24,11,4,0,0,0
BSN189909280,box,1899-09-28,0,BOS05,R,1,BSN,WSN,1,0,0,1,1,,35,8,7,9,2,0,0,,8,,7,,6,,0,0,0,2,,0,7,1,1,1,0,0,0,0,0,0,27,43,35,8,5,10,14,1,0,1,0,4,,4,,1,3,0,0,0,0,0,0,0,0,,,1,27,39,27,10,2,0,0,0
BSN189909291,box,1899-09-29,1,BOS05,R,1,BSN,WSN,1,1,0,0,1,,32,4,6,8,2,0,0,,3,,2,,3,,0,1,0,2,,0,7,1,1,1,0,0,0,1,0,0,27,34,33,2,2,7,8,1,0,0,0,0,0,2,,0,1,0,0,0,0,0,0,0,0,,,1,27,46,27,17,2,1,0,3
BSN189909292,box,1899-09-29,2,BOS05,R,1,BSN,WSN,1,1,0,0,1,,28,6,9,11,2,0,0,,4,,3,,,,1,1,0,7,,0,6,1,1,1,0,0,0,1,0,0,24,30,28,2,1,6,6,0,0,0,0,0,0,,,0,2,0,0,1,0,0,0,0,0,,,1,24,40,24,12,4,1,0,0
BSN189909300,box,1899-09-30,0,BOS05,R,1,BSN,WSN,1,1,0,0,1,,34,5,9,10,1,0,0,,5,,6,,,,1,1,0,2,,0,8,1,1,1,0,0,0,1,0,0,30,39,35,4,4,10,14,2,1,0,0,3,,,,1,0,0,0,0,0,0,0,0,0,,,1,30,48,30,18,0,1,0,1
BSN189910021,box,1899-10-02,1,BOS05,R,1,BSN,NY1,1,1,0,0,1,,40,11,13,19,3,0,1,,11,,6,,1,,0,0,0,2,,0,11,1,1,1,0,0,0,1,0,0,27,34,32,5,5,9,12,1,1,0,0,2,,0,,0,0,0,0,0,0,0,0,0,0,,,1,27,40,27,13,0,1,0,0
BSN189910022,box,1899-10-02,2,BOS05,R,1,BSN,NY1,1,1,0,0,1,,27,5,11,11,0,0,0,,5,,4,0,0,0,1,0,0,0,0,0,9,1,1,1,0,0,0,1,0,0,18,25,24,3,2,5,5,0,0,0,0,1,0,3,0,0,0,0,0,0,0,0,0,0,0,,,1,18,24,18,5,1,0,0,0
BSN189910030,box,1899-10-03,0,BOS05,R,1,BSN,NY1,1,1,0,0,1,,35,13,11,15,1,0,1,,12,,8,0,,0,0,3,0,3,0,0,9,1,1,1,0,0,0,1,0,0,27,36,33,4,3,8,14,0,0,2,0,3,0,,1,0,0,0,0,0,0,0,0,0,0,,,1,27,39,27,11,1,1,0,0
BSN189910040,box,1899-10-04,0,BOS05,R,1,BSN,NY1,1,1,0,0,1,,34,6,10,12,2,0,0,,4,,3,0,2,1,0,0,0,2,0,0,7,1,1,1,0,0,0,1,0,0,27,37,36,4,0,9,12,1,1,0,0,1,0,5,2,0,0,0,0,0,0,0,0,0,0,,,1,27,41,27,9,5,3,0,0
BSN189910050,box,1899-10-05,0,BOS05,R,1,BSN,NY1,1,1,0,0,1,,32,9,11,20,0,3,1,,8,,8,0,1,1,1,1,0,1,1,0,10,1,1,1,0,0,0,1,0,0,27,39,34,3,3,9,11,2,0,0,0,5,0,,1,0,0,0,0,0,0,0,0,0,0,,,1,27,44,27,16,1,1,0,0
PHI189910070,box,1899-10-07,0,PHI09,R,0,BSN,PHI,1,0,1,0,1,,31,1,4,4,0,0,0,,1,,3,0,,0,0,0,0,0,0,0,6,1,1,1,0,0,0,0,1,0,24,39,36,6,5,12,13,1,0,0,0,3,0,,0,0,0,0,0,1,0,0,0,0,0,,,1,24,39,24,13,2,0,0,0
PHI189910090,box,1899-10-09,0,PHI09,R,0,BSN,PHI,1,0,1,0,1,,33,1,8,8,0,0,0,,1,,1,,,,0,1,0,0,,0,7,1,1,1,0,0,0,0,1,0,24,32,29,3,3,5,7,2,0,0,0,2,,,,0,1,0,0,1,0,0,0,0,0,,,1,24,33,24,8,1,0,0,1
PHI189910100,box,1899-10-10,0,PHI09,R,0,BSN,PHI,1,1,0,0,1,,34,6,7,12,2,0,1,,4,,3,,2,,0,2,0,1,,0,6,1,1,1,1,0,0,1,0,0,27,32,32,0,0,8,12,0,2,0,0,0,0,5,,0,0,0,0,0,0,0,0,0,0,,,1,27,39,27,11,1,2,0,0
BSN189910110,box,1899-10-11,0,BOS05,R,1,BSN,PHI,1,1,0,0,1,,22,2,6,7,1,0,0,,2,,4,0,1,1,0,0,0,0,0,0,3,1,1,1,1,0,0,1,0,0,24,30,28,0,0,4,4,0,0,0,0,2,0,5,0,0,0,0,0,0,0,0,0,0,0,,,1,24,33,24,8,1,0,0,1
BSN189910120,box,1899-10-12,0,BOS05,R,1,BSN,PHI,1,0,1,0,1,,29,3,9,11,2,0,0,,2,,0,0,1,0,0,3,0,0,1,0,5,1,1,1,0,0,0,0,1,0,24,40,33,7,7,11,18,1,0,2,0,6,0,5,0,1,0,0,0,1,0,0,0,0,0,,,1,24,29,24,5,0,0,0,1
BSN189910130,box,1899-10-13,0,BOS05,R,1,BSN,PHI,1,1,0,0,1,,28,1,5,6,1,0,0,,1,,0,0,2,0,0,0,0,0,3,0,3,1,1,1,1,0,0,1,0,0,27,31,29,0,0,3,3,0,0,0,0,1,0,5,0,0,1,0,0,0,0,0,0,0,0,,,1,27,45,27,18,0,0,0,1
BSN189910140,box,1899-10-14,0,BOS05,R,1,BSN,PHI,1,0,1,0,1,,30,1,6,8,2,0,0,,1,,1,0,1,1,1,1,0,0,0,0,5,1,1,1,0,0,0,0,1,0,27,43,41,6,1,11,12,1,0,0,0,2,0,2,1,0,0,0,0,0,0,0,0,0,0,,,1,27,45,27,12,6,1,0,1
LS3189904140,box,1899-04-14,0,LOU03,R,0,CHN,LS3,1,1,0,0,1,,47,15,15,21,6,0,0,,10,,4,0,0,1,1,0,0,2,0,0,11,1,1,1,0,0,0,1,0,0,27,36,33,1,1,8,9,1,0,0,0,1,0,1,1,1,1,0,0,0,0,0,0,0,0,,,1,27,40,27,13,0,1,0,0
LS3189904150,box,1899-04-15,0,LOU03,R,0,CHN,LS3,1,1,0,0,1,,36,2,11,15,2,1,0,,1,,2,,4,,0,0,0,3,,0,10,1,1,1,0,0,0,1,0,0,27,42,37,1,1,10,12,2,0,0,0,3,,1,,2,0,0,0,1,0,0,0,0,0,,,1,27,41,27,12,2,0,0,0
CIN189904160,box,1899-04-16,0,CIN05,R,0,CHN,CIN,1,1,0,0,1,,36,8,9,11,2,0,0,,8,,3,0,,1,1,0,0,1,1,0,5,1,1,1,0,0,0,1,0,0,27,37,33,4,4,8,10,2,0,0,0,2,0,,0,1,1,0,0,0,0,0,0,0,0,,,1,27,41,27,13,1,1,0,0
LS3189904170,box,1899-04-17,0,LOU03,R,0,CHN,LS3,1,0,1,0,1,,31,0,5,5,0,0,0,,0,,2,,1,,0,0,0,3,,0,6,1,1,1,0,0,0,0,1,0,24,37,32,8,4,8,10,2,0,0,0,3,,0,,0,2,0,0,0,0,0,0,0,0,,,1,24,41,24,13,4,0,0,0
LS3189904190,box,1899-04-19,0,LOU03,R,0,CHN,LS3,1,1,0,0,1,,38,8,12,14,2,0,0,,8,,2,0,2,1,1,1,0,0,0,0,7,1,1,0,0,0,1,1,0,0,27,36,31,3,3,11,12,1,0,0,0,2,0,,1,0,2,0,0,0,1,0,0,0,0,,,1,27,48,27,21,0,2,0,0
CIN189904200,box,1899-04-20,0,CIN05,R,0,CHN,CIN,1,1,0,0,1,,43,13,20,27,2,1,1,,11,,4,0,1,2,0,0,0,1,1,0,7,1,1,1,0,0,0,1,0,0,27,35,33,2,2,7,10,1,1,0,0,2,0,,0,0,0,0,0,1,0,0,0,0,0,,,1,27,41,27,14,0,1,0,0
CIN189904210,box,1899-04-21,0,CIN05,R,0,CHN,CIN,1,1,0,0,1,,36,6,11,12,1,0,0,,4,,2,0,1,0,0,0,0,3,2,0,5,1,1,1,0,0,0,1,0,0,27,37,34,3,1,6,7,1,0,0,0,3,0,5,0,0,0,0,0,0,0,0,0,0,0,,,1,27,43,27,11,5,1,0,0
CIN189904220,box,1899-04-22,0,CIN05,R,0,CHN,CIN,1,0,1,0,1,,31,1,5,7,0,1,0,,1,,0,0,,0,0,0,0,0,0,0,3,1,1,1,0,0,0,0,1,0,27,38,31,4,3,10,14,2,1,0,0,5,0,0,1,0,2,0,0,2,0,0,0,0,0,,,1,27,42,27,13,2,1,0,0
CIN189904230,box,1899-04-23,0,CIN05,R,0,CHN,CIN,1,0,1,0,1,,35,6,7,8,1,0,0,,4,,6,0,,0,0,0,0,0,0,0,8,1,1,1,0,0,0,0,1,0,27,39,35,8,4,7,11,2,1,0,0,2,0,0,0,1,1,0,0,0,0,0,0,0,0,,,1,27,45,27,12,6,1,0,0
SLN189904240,box,1899-04-24,0,STL05,R,0,CHN,SLN,1,0,1,0,1,,31,2,6,10,1,0,1,,2,,1,0,2,1,0,0,0,0,1,0,3,1,1,1,0,0,0,0,1,0,24,32,26,3,3,7,9,2,0,0,0,3,0,0,1,1,2,0,0,0,0,0,0,0,0,,,1,24,43,23,19,1,1,0,0
SLN189904250,box,1899-04-25,0,STL05,R,0,CHN,SLN,1,0,1,0,1,,37,2,8,10,2,0,0,,2,,1,,0,,0,2,0,1,,0,5,1,1,1,0,0,0,0,1,0,32,43,38,3,1,9,12,1,1,0,0,3,,1,,0,2,0,0,0,0,0,0,0,0,,,1,32,55,32,21,2,1,0,0
SLN189904260,box,1899-04-26,0,STL05,R,0,CHN,SLN,1,1,0,0,1,,37,7,12,12,0,0,0,,7,,3,,,,0,0,0,1,,0,6,1,1,1,0,0,0,1,0,0,27,41,36,6,2,9,9,0,0,0,0,2,,1,,0,3,0,0,0,0,0,0,0,0,,,1,27,54,27,22,5,0,0,0
CHN189904270,box,1899-04-27,0,CHI08,R,1,CHN,CIN,1,1,0,0,1,,25,4,6,7,1,0,0,,4,,2,0,1,1,0,2,0,3,0,0,2,1,1,1,0,0,0,1,0,0,27,35,32,3,3,8,11,3,0,0,0,1,0,1,1,0,1,0,0,0,1,0,0,0,0,,,1,27,41,27,13,1,2,0,0
CHN189904290,box,1899-04-29,0,CHI08,R,1,CHN,CIN,1,0,1,0,1,,35,0,4,4,0,0,0,,0,,2,0,3,0,0,0,0,0,0,0,10,1,1,1,0,0,0,0,1,0,27,38,32,4,1,3,3,0,0,0,0,2,0,2,0,0,4,0,0,0,0,0,0,0,0,,,1,27,50,27,17,6,0,0,0
CHN189904300,box,1899-04-30,0,CHI08,R,1,CHN,SLN,1,1,0,0,1,,33,4,11,11,0,0,0,,1,,1,0,0,1,0,1,0,2,0,0,7,1,1,1,1,0,0,1,0,0,27,37,37,0,0,12,12,0,0,0,0,0,0,3,2,0,0,0,0,0,0,0,0,0,0,,,1,27,45,27,18,0,2,0,0
CL4189905030,box,1899-05-03,0,CLE05,R,0,CHN,CL4,1,1,0,0,1,,37,7,11,15,4,0,0,,5,,4,0,2,0,0,0,0,2,3,0,4,1,1,1,0,0,0,1,0,0,30,41,38,4,3,10,13,3,0,0,0,2,0,1,2,0,1,0,0,0,0,0,0,0,0,,,1,30,46,30,13,3,2,0,0
CL4189905040,box,1899-05-04,0,CLE05,R,0,CHN,CL4,1,1,0,0,1,,36,10,14,19,3,1,0,,8,,2,0,1,1,1,3,0,0,0,0,5,1,1,1,0,0,0,1,0,0,27,36,33,2,2,8,8,0,0,0,0,3,0,1,2,0,0,0,0,0,0,0,0,0,0,,,1,27,48,27,20,1,2,0,0
CL4189905050,box,1899-05-05,0,CLE05,R,0,CHN,CL4,1,1,0,0,1,,37,11,14,20,4,1,0,,11,,3,0,,0,0,2,0,0,0,0,7,1,1,1,0,0,0,1,0,0,27,36,35,2,1,8,8,0,0,0,0,1,0,,1,0,0,0,0,0,0,0,0,0,0,,,1,27,41,27,11,3,1,0,0
CHN189905060,box,1899-05-06,0,CHI08,R,1,CHN,CL4,1,1,0,0,1,,36,10,11,13,0,1,0,,7,,2,0,2,0,1,1,0,3,0,0,7,1,1,1,0,0,0,1,0,0,27,41,40,5,3,11,15,2,1,0,0,1,0,2,0,0,0,0,0,0,0,0,0,0,0,,,1,27,43,27,12,4,1,0,0
CHN189905080,box,1899-05-08,0,CHI08,R,1,CHN,CL4,1,1,0,0,1,,32,8,10,14,1,0,1,,7,,3,,3,,2,2,0,4,,0,6,1,1,1,0,0,0,1,0,0,27,44,42,7,4,13,16,3,0,0,0,0,0,0,,1,1,0,0,0,0,0,0,0,0,,,1,27,46,27,13,6,1,0,0
CHN189905100,box,1899-05-10,0,CHI08,R,1,CHN,LS3,1,1,0,0,1,,29,6,9,12,1,1,0,,4,,1,0,0,0,0,3,0,0,0,0,3,1,1,1,0,0,0,1,0,0,27,37,32,1,1,7,8,1,0,0,0,3,0,3,0,0,2,0,0,0,0,0,0,0,0,,,1,27,36,27,7,2,1,0,1
CHN189905110,box,1899-05-11,0,CHI08,R,1,CHN,LS3,1,0,1,0,1,,35,4,9,11,2,0,0,,3,,1,0,,0,0,3,0,4,1,0,5,1,1,1,0,0,0,0,1,0,30,41,38,5,1,7,8,1,0,0,0,1,0,,0,0,2,0,0,0,0,0,0,0,0,,,1,30,47,30,12,5,0,0,1
CHN189905130,box,1899-05-13,0,CHI08,R,1,CHN,LS3,1,1,0,0,1,,34,5,7,11,1,0,1,,5,,1,0,1,0,1,0,0,1,0,0,7,1,1,1,0,0,0,1,0,0,27,37,33,4,4,9,12,1,1,0,0,1,0,1,1,1,1,0,0,0,1,0,0,0,0,,,1,27,45,27,16,2,2,0,0
PIT189905150,box,1899-05-15,0,PIT05,R,0,CHN,PIT,1,1,0,0,1,,39,4,7,12,1,2,0,,3,,2,0,5,0,0,0,0,1,0,0,7,1,1,1,0,0,0,1,0,0,30,39,36,3,2,8,10,0,1,0,0,1,0,3,2,1,1,0,0,0,0,0,0,0,0,,,1,30,54,30,19,5,2,0,0
PIT189905160,box,1899-05-16,0,PIT05,R,0,CHN,PIT,1,1,0,0,1,,39,10,14,18,1,0,1,,9,,3,0,3,1,0,1,0,2,3,0,6,1,1,1,0,0,0,1,0,0,27,45,37,9,6,10,16,0,3,0,0,8,0,4,0,0,0,0,0,0,0,0,0,0,0,,,1,27,40,27,9,4,0,0,0
PIT189905170,box,1899-05-17,0,PIT05,R,0,CHN,PIT,1,0,1,0,1,,27,1,2,2,0,0,0,,0,,1,0,,0,1,0,0,0,0,0,4,1,1,1,0,0,0,0,1,0,21,39,32,11,7,15,17,2,0,0,0,5,0,,0,0,2,0,0,0,0,0,0,0,0,,,1,21,34,21,10,3,0,0,0
CHN189905190,box,1899-05-19,0,CHI08,R,1,CHN,BLN,1,0,1,0,1,,32,2,5,7,0,1,0,,2,,5,0,,0,0,0,0,1,1,0,8,1,1,1,0,0,0,0,1,0,27,36,33,4,2,10,11,1,0,0,0,3,0,0,1,0,0,0,0,0,0,0,0,0,0,,,1,27,51,27,22,2,2,0,0
CHN189905200,box,1899-05-20,0,CHI08,R,1,CHN,BLN,1,0,1,0,1,,32,5,7,9,0,1,0,,4,,4,0,2,0,0,2,0,2,1,0,6,1,1,1,0,0,0,0,1,0,27,41,37,9,8,15,23,3,1,1,0,2,0,2,1,1,1,0,0,0,0,0,0,0,0,,,1,27,43,27,15,1,1,0,0
CHN189905210,box,1899-05-21,0,CHI08,R,1,CHN,BLN,1,1,0,0,1,,32,6,9,10,1,0,0,,4,,2,0,3,0,2,1,0,2,0,0,7,1,1,1,0,0,0,1,0,0,27,32,30,1,0,3,4,1,0,0,0,1,0,0,0,0,1,0,0,0,0,0,0,0,0,,,1,27,41,27,12,2,0,0,0
CHN189905220,box,1899-05-22,0,CHI08,R,1,CHN,PHI,1,1,0,0,1,,32,5,7,10,1,1,0,,2,,5,0,,1,1,1,0,0,1,0,8,1,1,1,0,0,0,1,0,0,27,43,37,4,3,11,16,3,1,0,0,2,0,0,1,3,1,0,0,0,0,0,0,0,0,,,1,27,44,27,16,1,1,0,0
CHN189905230,box,1899-05-23,0,CHI08,R,1,CHN,PHI,1,0,1,0,1,,41,10,13,20,0,2,1,,9,,2,,0,,0,1,0,1,,0,7,1,1,1,0,0,0,0,1,0,27,46,43,11,10,17,26,1,1,2,0,3,,4,,0,0,0,0,0,0,0,0,0,0,,,1,27,43,27,13,3,0,0,0
CHN189905240,box,1899-05-24,0,CHI08,R,1,CHN,PHI,1,0,1,0,1,,38,7,10,11,1,0,0,,7,,5,,2,,0,0,0,2,,0,9,1,1,1,0,0,0,0,1,0,27,51,44,14,10,14,19,5,0,0,0,3,,1,,1,3,0,0,1,0,0,0,0,0,,,1,27,54,27,17,10,0,0,0
CHN189905250,box,1899-05-25,0,CHI08,R,1,CHN,WSN,1,0,1,0,1,,37,5,8,15,0,2,1,,4,,1,,2,,0,0,0,1,,0,6,1,1,1,0,0,0,0,1,0,27,44,42,11,9,14,22,1,2,1,0,0,0,0,,2,0,0,0,0,0,0,0,0,0,,,1,27,48,27,18,3,1,0,0
CHN189905260,box,1899-05-26,0,CHI08,R,1,CHN,WSN,1,0,1,0,1,,31,0,6,7,1,0,0,,0,,3,,,,1,1,0,2,,0,9,1,1,1,0,0,0,0,1,0,27,30,29,2,0,2,4,2,0,0,0,0,0,2,,0,1,0,0,0,0,0,0,0,0,,,1,27,43,27,14,2,1,0,0
CHN189905270,box,1899-05-27,0,CHI08,R,1,CHN,WSN,1,1,0,0,1,,34,5,8,9,1,0,0,,5,,0,0,2,1,0,0,0,4,1,0,5,1,1,1,0,0,0,1,0,0,27,34,32,1,1,6,8,2,0,0,0,2,0,1,0,0,0,0,0,0,0,0,0,0,0,,,1,27,43,27,15,1,1,0,0
CHN189905280,box,1899-05-28,0,CHI08,R,1,CHN,WSN,1,0,1,0,1,,33,3,9,9,0,0,0,,3,,4,0,1,1,0,2,0,1,0,0,9,1,1,1,0,0,0,0,1,0,27,41,38,4,4,14,15,1,0,0,0,2,0,2,0,0,1,0,0,0,0,0,0,0,0,,,1,27,42,27,15,0,0,0,0
PHI189905301,box,1899-05-30,1,PHI09,R,0,CHN,PHI,1,1,0,0,1,,42,14,17,19,2,0,0,,13,,4,0,0,1,1,0,0,6,0,0,6,1,1,1,0,0,0,1,0,0,27,40,36,2,1,9,15,2,2,0,0,2,0,1,0,1,1,0,0,0,0,0,0,0,0,,,1,27,45,27,17,1,0,0,0
PHI189905302,box,1899-05-30,2,PHI09,R,0,CHN,PHI,1,1,0,0,1,,41,9,16,21,3,1,0,,9,,3,,5,,1,0,0,3,,0,9,1,1,1,0,0,0,1,0,0,27,37,36,4,2,10,13,1,1,0,0,1,,1,,0,0,0,0,1,0,0,0,0,0,,,1,27,37,27,8,2,1,0,0
PHI189905310,box,1899-05-31,0,PHI09,R,0,CHN,PHI,1,1,0,0,1,,38,6,11,17,2,2,0,,6,,1,0,2,0,1,1,0,1,0,0,8,1,1,1,0,0,0,1,0,0,27,35,34,1,1,7,12,1,2,0,0,1,0,4,0,0,0,0,0,0,0,0,0,0,0,,,1,27,45,27,16,2,1,0,0
PHI189906010,box,1899-06-01,0,PHI09,R,0,CHN,PHI,1,0,1,0,1,,35,1,8,13,3,1,0,,2,,0,0,,0,0,0,0,0,0,0,7,1,1,1,0,0,0,0,1,0,24,38,33,7,5,10,14,1,0,1,0,3,0,,1,0,2,0,0,0,0,0,0,0,0,,,1,24,34,24,7,3,1,0,0
BLN189906020,box,1899-06-02,0,BAL07,R,0,CHN,BLN,1,0,1,0,1,,33,2,8,11,1,1,0,,2,,0,0,4,1,0,1,0,0,0,0,5,1,1,1,0,0,0,0,1,0,24,34,30,4,3,9,12,1,1,0,0,2,0,5,0,1,1,0,0,0,0,0,0,0,0,,,1,24,43,24,18,1,2,0,0
BLN189906030,box,1899-06-03,0,BAL07,R,0,CHN,BLN,1,1,0,0,1,,45,14,17,17,0,0,0,,10,,1,,1,,1,0,0,3,,0,7,1,1,1,0,0,0,1,0,0,27,39,35,5,5,11,16,1,2,0,0,2,,2,,1,1,0,0,0,0,0,0,0,0,,,1,27,43,27,16,0,1,0,0
BLN189906050,box,1899-06-05,0,BAL07,R,0,CHN,BLN,1,1,0,0,1,,38,9,10,14,2,1,0,,9,,3,,1,,0,1,0,1,,0,9,1,1,0,0,0,1,1,0,1,27,36,32,4,2,9,11,2,0,0,0,1,,2,,1,1,0,0,1,1,0,0,0,0,,,1,27,39,27,10,2,2,0,1
WSN189906060,box,1899-06-06,0,WAS06,R,0,CHN,WSN,1,0,1,0,1,,30,1,5,8,1,1,0,,0,,1,,1,,0,0,0,1,,0,3,1,1,1,0,0,0,0,1,0,27,35,33,3,3,7,11,2,1,0,0,1,,1,,0,1,0,0,0,0,0,0,0,0,,,1,27,35,26,7,2,0,0,0
WSN189906070,box,1899-06-07,0,WAS06,R,0,CHN,WSN,1,0,1,0,1,,33,3,9,15,4,1,0,,3,,2,,1,,0,0,0,1,,0,5,1,1,1,0,0,0,0,1,0,27,43,41,8,8,14,21,1,0,2,0,1,,3,,1,0,0,0,0,0,0,0,0,0,,,1,27,46,27,16,3,1,0,0
WSN189906080,box,1899-06-08,0,WAS06,R,0,CHN,WSN,1,0,1,0,1,,38,4,9,14,2,0,1,,3,,4,,4,,1,0,0,4,,0,9,1,1,1,0,0,0,0,1,0,30,41,40,5,3,9,11,0,1,0,0,1,,1,,0,0,0,0,0,0,0,0,0,0,,,1,30,45,30,11,4,0,0,0
CHN189906100,box,1899-06-10,0,CHI08,R,1,CHN,SLN,1,1,0,0,1,,32,3,10,12,0,1,0,,1,,0,0,2,,0,1,0,1,,0,6,1,1,1,1,0,0,1,0,0,27,32,29,0,0,4,5,1,0,0,0,2,,2,,0,1,0,0,0,0,0,0,0,0,,,1,27,46,27,17,2,2,0,0
CHN189906110,box,1899-06-11,0,CHI08,R,1,CHN,SLN,1,1,0,0,1,,32,2,9,12,1,1,0,,2,,2,,3,,1,0,0,0,,0,9,1,1,1,0,0,0,1,0,0,27,32,31,1,0,5,5,0,0,0,0,0,0,1,,0,1,0,0,0,0,0,0,0,0,,,1,27,48,27,17,4,1,0,0
CHN189906140,box,1899-06-14,0,CHI08,R,1,CHN,CIN,1,0,1,0,1,,33,1,5,5,0,0,0,,1,,3,,2,,0,0,0,2,,0,5,1,1,1,0,0,0,0,1,0,30,36,33,2,0,6,6,0,0,0,0,2,,5,,0,1,0,0,0,0,0,0,0,0,,,1,30,40,30,8,2,2,0,2
CHN189906150,box,1899-06-15,0,CHI08,R,1,CHN,CIN,1,1,0,0,1,,30,6,8,9,1,0,0,,5,,4,,6,,0,1,0,3,,0,5,1,1,1,0,0,0,1,0,0,27,39,37,4,4,11,13,2,0,0,0,1,,0,,1,0,0,0,0,0,0,0,0,0,,,1,27,47,27,19,1,1,0,0
CHN189906170,box,1899-06-17,0,CHI08,R,1,CHN,CIN,1,1,0,0,1,,38,12,17,18,1,0,0,,8,,5,,2,,0,2,0,7,,0,10,1,1,1,0,0,0,1,0,0,27,35,32,1,0,5,5,0,0,0,0,3,,5,,0,0,0,0,0,0,0,0,0,0,,,1,27,44,27,15,2,0,0,0
CHN189906180,box,1899-06-18,0,CHI08,R,1,CHN,NY1,1,1,0,0,1,,30,3,7,7,0,0,0,,2,,0,0,4,,1,1,0,4,,0,5,1,1,1,0,0,0,1,0,0,27,36,35,2,2,9,10,1,0,0,0,0,0,2,,1,0,0,0,0,0,0,0,0,0,,,1,27,44,27,14,3,3,0,0
CHN189906190,box,1899-06-19,0,CHI08,R,1,CHN,BSN,1,1,0,0,1,,32,10,8,16,1,2,1,,9,,4,,1,,3,1,0,7,,0,6,1,1,1,0,0,0,1,0,0,27,42,38,8,1,13,16,1,1,0,0,2,,2,,0,2,0,0,0,0,0,0,0,0,,,1,27,50,27,16,7,2,0,0
CHN189906200,box,1899-06-20,0,CHI08,R,1,CHN,BSN,1,0,1,0,1,,45,1,7,7,0,0,0,,1,,2,,6,,0,1,0,1,,0,8,1,1,1,0,0,0,0,1,0,39,50,45,5,1,8,14,4,1,0,0,2,,3,,1,2,0,0,0,0,0,0,0,0,,,1,39,55,39,14,2,2,0,0
CHN189906210,box,1899-06-21,0,CHI08,R,1,CHN,BSN,1,1,0,0,1,,34,6,9,12,1,1,0,,5,,1,,1,,0,1,0,1,,0,6,1,1,1,0,0,0,1,0,0,27,38,35,5,3,8,11,3,0,0,0,3,,1,,0,0,0,0,0,0,0,0,0,0,,,1,27,38,27,9,2,1,0,0
CHN189906220,box,1899-06-22,0,CHI08,R,1,CHN,BSN,1,0,1,0,1,,31,1,6,8,2,0,0,,1,,1,,1,,0,1,0,0,,0,5,1,1,1,0,0,0,0,1,0,27,38,35,5,2,9,14,0,1,1,0,2,,1,,0,1,0,0,0,0,0,0,0,0,,,1,27,43,27,12,4,2,0,0
CHN189906230,box,1899-06-23,0,CHI08,R,1,CHN,BRO,1,1,0,0,1,,35,3,9,9,0,0,0,,3,,0,0,1,0,1,0,0,0,0,0,9,1,1,1,0,0,0,1,0,0,27,39,35,2,2,9,10,1,0,0,0,2,0,0,0,2,0,0,0,0,0,0,0,0,0,,,1,27,45,27,15,3,2,0,0
CHN189906240,box,1899-06-24,0,CHI08,R,1,CHN,BRO,1,1,0,0,1,,30,3,8,9,1,0,0,,2,,5,0,3,1,0,2,0,4,4,0,9,1,1,1,0,0,0,1,0,0,27,33,32,2,2,5,6,1,0,0,0,1,0,2,0,0,0,0,0,0,0,0,0,0,0,,,1,27,41,27,12,2,0,0,0
CHN189906250,box,1899-06-25,0,CHI08,R,1,CHN,BRO,1,0,1,0,1,,33,3,11,12,1,0,0,,3,,3,,2,,0,3,0,1,,0,9,1,1,1,0,0,0,0,1,0,27,46,38,7,4,7,11,2,1,0,0,5,,1,,3,0,0,0,0,0,0,0,0,0,,,1,27,46,27,15,4,0,0,0
CHN189906260,box,1899-06-26,0,CHI08,R,1,CHN,BRO,1,1,0,0,1,,34,6,11,14,1,1,0,,5,,2,0,,0,0,1,0,2,0,0,7,1,1,1,0,0,0,1,0,0,27,42,35,5,3,9,10,1,0,0,0,5,0,,1,2,0,0,0,1,0,0,0,0,0,,,1,27,45,27,15,3,1,0,0
CHN189906290,box,1899-06-29,0,CHI08,R,1,CHN,NY1,1,1,0,0,1,,38,17,15,17,2,0,0,,10,,9,0,1,0,0,1,0,3,1,0,8,1,1,1,0,0,0,1,0,0,27,46,44,9,7,14,19,3,1,0,0,2,0,3,0,0,0,0,0,0,0,0,0,0,0,,,1,27,44,27,12,5,0,0,0
CHN189907010,box,1899-07-01,0,CHI08,R,1,CHN,NY1,1,1,0,0,1,,36,10,11,16,1,2,0,,8,,6,,3,,1,1,0,1,,0,8,1,1,1,0,0,0,1,0,0,27,45,42,9,6,11,16,1,2,0,0,3,,2,,0,0,0,0,0,0,0,0,0,0,,,1,27,51,27,19,5,0,0,0
PIT189907050,box,1899-07-05,0,PIT05,R,0,CHN,PIT,1,1,0,0,1,,36,6,13,18,0,1,1,,5,,3,,3,,1,1,0,1,,0,8,1,1,1,0,0,0,1,0,0,27,39,37,3,0,9,10,1,0,0,0,1,,2,,1,0,0,0,0,0,0,0,0,0,,,1,27,44,27,15,2,0,0,0
PIT189907060,box,1899-07-06,0,PIT05,R,0,CHN,PIT,1,1,0,0,1,,38,11,17,23,2,2,0,,11,,5,,1,,0,1,0,2,,0,6,1,1,1,0,0,0,1,0,0,27,44,40,8,6,14,17,1,1,0,0,3,,3,,1,0,0,0,0,0,0,0,0,0,,,1,27,41,27,11,3,3,0,0
PIT189907070,box,1899-07-07,0,PIT05,R,0,CHN,PIT,1,0,1,0,1,,38,6,12,17,0,1,1,,3,,1,,2,,0,0,0,1,,0,6,1,1,1,0,0,0,0,1,0,24,35,33,7,5,12,15,1,1,0,0,0,0,2,,0,2,0,0,0,0,0,0,0,0,,,1,24,40,24,14,2,1,0,0
PIT189907080,box,1899-07-08,0,PIT05,R,0,CHN,PIT,1,0,1,0,1,,33,0,4,5,1,0,0,,0,,3,,4,,0,0,0,2,,0,9,1,1,1,0,0,0,0,1,0,24,36,33,6,5,10,13,1,1,0,0,3,,1,,0,0,0,0,0,0,0,0,0,0,,,1,24,36,24,10,2,2,0,0
CHN189907090,box,1899-07-09,0,CHI08,R,1,CHN,CIN,1,1,0,0,1,,27,7,10,12,2,0,0,,5,,3,,0,,0,4,0,0,,0,3,1,1,1,0,0,0,1,0,0,27,37,33,1,0,6,7,1,0,0,0,3,,2,,0,1,0,0,0,0,0,0,0,0,,,1,27,45,27,15,3,1,0,0
BSN189907110,box,1899-07-11,0,BOS05,R,0,CHN,BSN,1,1,0,0,1,,37,10,13,19,0,0,2,,9,,2,,5,,3,1,0,4,,0,6,1,1,1,0,0,0,1,0,0,27,43,42,6,1,12,15,0,0,1,0,1,,2,,0,0,0,0,0,0,0,0,0,0,,,1,27,52,27,19,6,0,0,0
BSN189907120,box,1899-07-12,0,BOS05,R,0,CHN,BSN,1,0,1,0,1,,31,1,5,7,0,1,0,,1,,3,0,1,0,0,0,0,0,1,0,6,1,1,1,0,0,0,0,1,0,24,30,28,4,1,6,6,0,0,0,0,0,0,1,1,1,1,0,0,0,0,0,0,0,0,,,1,24,39,24,13,2,1,0,0
BSN189907130,box,1899-07-13,0,BOS05,R,0,CHN,BSN,1,1,0,0,1,,39,9,14,23,1,4,0,,7,,3,0,0,2,0,1,0,3,0,0,7,1,1,1,0,0,0,1,0,0,27,40,38,4,2,11,13,0,1,0,0,2,0,1,0,0,0,0,0,0,0,0,0,0,0,,,1,27,48,27,19,2,0,0,0
BRO189907140,box,1899-07-14,0,NYC12,R,0,CHN,BRO,1,0,1,0,1,,30,3,4,8,2,1,0,,2,,6,0,4,0,0,2,0,5,2,0,8,1,1,1,0,0,0,0,1,0,24,35,32,4,2,8,10,2,0,0,0,2,0,,1,1,0,0,0,0,0,0,0,0,0,,,1,24,40,24,13,3,1,0,0
BRO189907150,box,1899-07-15,0,NYC12,R,0,CHN,BRO,1,0,1,0,1,,32,2,5,7,0,1,0,,1,,1,0,2,1,0,0,0,1,0,0,4,1,1,1,0,0,0,0,1,0,24,35,33,5,1,8,10,0,1,0,0,2,0,2,1,0,0,0,0,0,0,0,0,0,0,,,1,24,44,24,15,5,1,0,0
BRO189907170,box,1899-07-17,0,NYC12,R,0,CHN,BRO,1,0,1,0,1,,36,4,8,12,0,2,0,,2,,1,0,5,0,0,0,0,1,0,0,6,1,1,1,0,0,0,0,1,0,24,38,36,7,6,13,16,3,0,0,0,2,0,2,0,0,0,0,0,0,0,0,0,0,0,,,1,24,38,24,12,2,0,0,0
NY1189907180,box,1899-07-18,0,NYC10,R,0,CHN,NY1,1,1,0,0,1,,34,7,12,14,2,0,0,,6,,4,0,2,1,0,2,0,3,2,0,6,1,1,1,0,0,0,1,0,0,27,39,37,6,4,12,12,0,0,0,0,2,0,3,0,0,0,0,0,0,0,0,0,0,0,,,1,27,43,27,15,1,1,0,0
NY1189907190,box,1899-07-19,0,NYC10,R,0,CHN,NY1,1,0,1,0,1,,30,0,8,8,0,0,0,,0,,3,0,,2,1,0,0,0,2,0,7,1,1,1,0,0,0,0,1,0,24,31,30,3,3,7,7,0,0,0,0,0,0,,0,0,1,0,0,0,0,0,0,0,0,,,1,24,33,24,7,2,0,0,1
NY1189907200,box,1899-07-20,0,NYC10,R,0,CHN,NY1,1,0,1,0,1,,33,1,7,9,0,1,0,,1,,1,0,5,0,2,0,0,2,1,0,8,1,1,1,0,0,0,0,1,0,24,31,29,4,3,6,7,1,0,0,0,1,0,3,0,1,0,0,0,0,0,0,0,0,0,,,1,24,43,24,18,1,0,0,0
CHN189907220,box,1899-07-22,0,CHI08,R,1,CHN,BLN,1,0,1,0,1,,30,1,4,4,0,0,0,,0,,3,,1,,0,1,0,1,,0,6,1,1,1,0,0,0,0,1,0,27,36,30,2,1,4,7,3,0,0,0,2,,2,,3,1,0,0,0,0,0,0,0,0,,,1,27,47,27,17,3,1,0,0
CHN189907230,box,1899-07-23,0,CHI08,R,1,CHN,BLN,1,1,0,0,1,,33,8,10,18,3,1,1,,8,,1,,4,,0,0,0,1,,0,2,1,1,1,0,0,0,1,0,0,27,40,36,4,3,9,10,1,0,0,0,2,,1,,1,1,0,0,0,0,0,0,0,0,,,1,27,43,27,13,3,1,0,1
CHN189907240,box,1899-07-24,0,CHI08,R,1,CHN,BLN,1,0,1,0,1,,35,4,8,8,0,0,0,,3,,2,,2,,0,1,0,2,,0,7,1,1,1,0,0,0,0,1,0,27,39,30,5,3,5,5,0,0,0,0,7,,0,,0,2,0,0,0,0,0,0,0,0,,,1,27,43,27,14,2,0,0,0
CHN189907250,box,1899-07-25,0,CHI08,R,1,CHN,BLN,1,0,1,0,1,,33,3,8,11,1,1,0,,3,,4,,2,,0,0,0,1,,0,7,1,1,1,0,0,0,0,1,0,27,35,31,7,7,9,11,2,0,0,0,1,,3,,2,1,0,0,0,0,0,0,0,0,,,1,27,52,27,23,2,3,0,0
CHN189907260,box,1899-07-26,0,CHI08,R,1,CHN,PHI,1,0,1,0,1,,37,5,9,11,2,0,0,,4,,2,,2,,0,0,0,3,,0,7,1,1,1,0,0,0,0,1,0,27,40,37,7,2,10,10,0,0,0,0,1,,1,,1,1,0,0,0,0,0,0,0,0,,,1,27,43,27,11,5,1,0,0
CHN189907270,box,1899-07-27,0,CHI08,R,1,CHN,PHI,1,1,0,0,1,,31,9,12,13,1,0,0,,9,,6,,0,,1,3,0,4,,0,8,1,1,1,0,0,0,1,0,0,27,42,35,1,1,8,9,1,0,0,0,6,,3,,1,0,0,0,0,0,0,0,0,0,,,1,27,41,27,12,2,0,0,0
CHN189907280,box,1899-07-28,0,CHI08,R,1,CHN,PHI,1,0,1,0,1,,28,2,5,5,0,0,0,,2,,3,,5,,0,4,0,3,,0,6,1,1,1,0,0,0,0,1,0,27,32,27,4,0,3,3,0,0,0,0,3,,5,,0,2,0,0,0,0,0,0,0,0,,,1,27,45,27,14,4,1,0,0
CHN189907290,box,1899-07-29,0,CHI08,R,1,CHN,PHI,1,0,1,0,1,,40,6,11,18,4,0,1,,6,,3,,5,,0,1,0,2,,0,8,1,1,1,0,0,0,0,1,0,30,44,38,7,5,10,17,1,3,0,0,5,,3,,1,0,0,0,0,0,0,0,0,0,,,1,30,51,30,18,3,0,0,0
CHN189907300,box,1899-07-30,0,CHI08,R,1,CHN,WSN,1,0,1,0,1,,29,3,6,7,1,0,0,,3,,2,,2,,0,3,0,1,,0,4,1,1,1,0,0,0,0,1,0,27,39,38,7,3,9,15,3,0,1,0,0,0,2,,0,1,0,0,0,0,0,0,0,0,,,1,27,44,27,12,5,1,0,0
CHN189907310,box,1899-07-31,0,CHI08,R,1,CHN,WSN,1,0,1,0,1,,35,5,11,15,2,1,0,,5,,2,,2,,0,2,0,0,,0,7,1,1,1,0,0,0,0,1,0,27,42,37,8,6,13,13,0,0,0,0,2,,0,,1,2,0,0,0,0,0,0,0,0,,,1,27,46,27,16,3,2,0,0
CHN189908010,box,1899-08-01,0,CHI08,R,1,CHN,WSN,1,1,0,0,1,,30,6,9,12,1,1,0,,5,,3,,0,,0,2,0,0,,0,5,1,1,1,0,0,0,1,0,0,27,40,34,5,2,10,14,2,1,0,0,1,,2,,1,4,0,0,0,0,0,0,0,0,,,1,27,47,27,16,4,0,0,1
CHN189908030,box,1899-08-03,0,CHI08,R,1,CHN,SLN,1,1,0,0,1,,27,1,4,5,1,0,0,,1,,2,0,2,0,1,1,0,0,1,0,6,1,1,1,1,0,0,1,0,0,27,34,28,0,0,4,4,0,0,0,0,4,0,3,0,0,2,0,0,0,0,0,0,0,0,,,1,27,47,27,18,2,0,0,0
CHN189908040,box,1899-08-04,0,CHI08,R,1,CHN,SLN,1,1,0,0,1,,34,8,18,20,2,0,0,,8,,2,,1,,0,4,0,2,,0,8,1,1,1,0,0,0,1,0,0,27,37,34,3,3,9,10,1,0,0,0,2,,1,,0,1,0,0,0,0,0,0,0,0,,,1,27,46,27,18,1,0,0,0
CHN189908050,box,1899-08-05,0,CHI08,R,1,CHN,CL4,1,1,0,0,1,,29,4,6,6,0,0,0,,3,,3,,1,,0,1,0,3,,0,5,1,1,1,1,0,0,1,0,0,27,31,30,0,0,3,4,1,0,0,0,1,,1,,0,0,0,0,0,0,0,0,0,0,,,1,27,42,27,14,1,0,0,0
CHN189908061,box,1899-08-06,1,CHI08,R,1,CHN,CL4,1,0,1,0,1,,38,9,14,15,1,0,0,,6,,6,,1,,2,2,0,2,,0,12,1,1,1,0,0,0,0,1,0,27,39,33,10,10,14,16,2,0,0,0,2,,1,,2,2,0,0,0,0,0,0,0,0,,,1,27,44,27,17,0,5,0,0
CHN189908062,box,1899-08-06,2,CHI08,R,1,CHN,CL4,1,1,0,0,1,,32,9,13,16,3,0,0,,6,,1,,1,,2,4,0,1,,0,6,1,1,1,0,0,0,1,0,0,27,40,38,5,2,12,12,0,0,0,0,1,,4,,1,0,0,0,0,0,0,0,0,0,,,1,27,44,27,13,4,0,0,0
WSN189908080,box,1899-08-08,0,WAS06,R,0,CHN,WSN,1,0,1,0,1,,31,1,6,6,0,0,0,,0,,2,,1,,0,0,0,1,,0,5,1,1,1,0,0,0,0,1,0,24,33,32,4,4,10,14,0,2,0,0,0,0,3,,1,0,0,0,0,0,0,0,0,0,,,1,24,38,23,15,0,0,0,0
WSN189908090,box,1899-08-09,0,WAS06,R,0,CHN,WSN,1,1,0,0,1,,35,6,11,18,3,2,0,,5,,0,0,,,2,1,0,3,,0,5,1,1,1,0,0,0,1,0,0,27,37,35,3,3,13,16,1,1,0,0,1,,,,0,1,0,0,0,0,0,0,0,0,,,1,27,45,27,17,1,3,0,0
WSN189908100,box,1899-08-10,0,WAS06,R,0,CHN,WSN,1,1,0,0,1,,35,5,9,11,0,1,0,,5,,2,,2,,0,2,0,2,,0,7,1,1,1,0,0,0,1,0,0,27,39,36,4,2,9,12,1,1,0,0,1,,,,2,0,0,0,0,0,0,0,0,0,,,1,27,43,27,12,4,1,0,0
PHI189908120,box,1899-08-12,0,PHI09,R,0,CHN,PHI,1,0,1,0,1,,31,0,3,4,1,0,0,,0,,1,,2,,1,0,0,0,,0,6,1,1,1,0,0,0,0,1,0,24,39,37,5,3,10,13,1,1,0,0,2,,2,,0,0,0,0,0,0,0,0,0,0,,,1,24,50,24,20,6,0,0,0
PHI189908140,box,1899-08-14,0,PHI09,R,0,CHN,PHI,1,0,1,0,1,,35,3,10,12,2,0,0,,3,,3,,,,0,2,0,1,,0,10,1,1,1,0,0,0,0,1,0,24,34,31,6,2,7,9,2,0,0,0,2,,,,1,0,0,0,0,0,0,0,0,0,,,1,24,34,23,9,2,1,0,0
PHI189908150,box,1899-08-15,0,PHI09,R,0,CHN,PHI,1,0,1,0,1,,32,1,4,5,1,0,0,,1,,2,,0,,0,0,0,0,,0,6,1,1,1,0,0,0,0,1,0,24,31,29,2,2,9,10,1,0,0,0,0,0,,,0,2,0,0,0,0,0,0,0,0,,,1,24,39,24,14,1,0,0,0
BLN189908160,box,1899-08-16,0,BAL07,R,0,CHN,BLN,1,0,1,0,1,,33,1,7,8,1,0,0,,1,,1,,0,,0,0,0,0,,0,6,1,1,1,0,0,0,0,1,0,24,38,29,6,1,6,6,0,0,0,0,8,,2,,1,0,0,0,0,0,0,0,0,0,,,1,24,48,24,20,4,0,0,0
BLN189908170,box,1899-08-17,0,BAL07,R,0,CHN,BLN,1,0,1,0,1,,39,5,9,12,1,1,0,,5,,3,,,,0,0,0,0,,0,10,1,1,1,0,0,0,0,1,0,24,44,41,13,10,19,24,1,2,0,0,2,,,,1,0,0,0,0,0,0,0,0,0,,,1,24,42,24,14,4,1,0,0
BLN189908181,box,1899-08-18,1,BAL07,R,0,CHN,BLN,1,1,0,0,1,,44,13,21,25,2,1,0,,12,,2,,0,,0,4,0,3,,0,10,1,1,0,0,0,1,1,0,0,27,45,39,12,12,14,17,0,0,1,0,4,,2,,2,0,0,0,0,0,0,0,0,0,,,1,27,42,27,14,1,0,0,0
BLN189908182,box,1899-08-18,2,BAL07,R,0,CHN,BLN,1,0,1,0,1,,22,4,7,10,1,1,0,,4,,3,,,,0,1,0,2,,0,4,1,1,1,0,0,0,0,1,0,18,29,24,5,5,8,11,1,1,0,0,4,,6,,1,0,0,0,0,0,0,0,0,0,,,1,18,25,17,7,1,0,0,0
CHN189908201,box,1899-08-20,1,CHI08,R,1,CHN,CL4,1,1,0,0,1,,33,8,8,13,1,2,0,,7,,3,,2,,0,2,0,0,,0,5,1,1,1,0,0,0,1,0,0,27,45,40,7,3,10,12,0,1,0,0,4,,4,,0,1,0,0,0,0,0,0,0,0,,,1,27,43,27,10,6,1,0,0
CHN189908202,box,1899-08-20,2,CHI08,R,1,CHN,LS3,1,0,1,0,1,,29,0,8,10,0,1,0,,0,,2,,1,,0,0,0,0,,0,7,1,1,1,0,0,0,0,1,0,24,34,31,5,4,10,15,2,0,1,0,0,0,5,,0,3,0,0,0,0,0,0,0,0,,,1,24,43,24,16,3,0,0,0
SLN189908210,box,1899-08-21,0,STL05,R,0,CHN,SLN,1,0,1,0,1,,37,0,7,7,0,0,0,,0,,0,0,,,0,0,0,0,,0,10,1,1,1,0,0,0,0,1,0,24,30,28,2,2,7,10,3,0,0,0,1,,2,,0,1,0,0,0,0,0,0,0,0,,,1,24,47,24,21,2,2,0,0
SLN189908220,box,1899-08-22,0,STL05,R,0,CHN,SLN,1,0,1,0,1,,32,1,6,11,1,2,0,,1,,1,,2,,1,0,0,0,,0,6,1,1,1,0,0,0,0,1,0,24,36,34,5,3,10,11,1,0,0,0,1,,3,,0,1,0,0,0,0,0,0,0,0,,,1,24,41,24,13,4,1,0,1
SLN189908231,box,1899-08-23,1,STL05,R,0,CHN,SLN,1,0,1,0,1,,31,7,8,15,0,2,1,,6,,4,,1,,1,3,0,0,,0,5,1,1,1,0,0,0,0,1,0,26,47,42,8,6,14,18,0,2,0,0,3,,2,,0,2,0,0,0,0,0,0,0,0,,,1,26,47,26,14,7,2,0,0
SLN189908232,box,1899-08-23,2,STL05,R,0,CHN,SLN,1,1,0,0,1,,31,12,11,13,0,1,0,,10,,5,,1,,1,2,0,2,,0,6,1,1,1,0,0,0,1,0,0,21,34,30,7,3,7,7,0,0,0,0,4,,1,,0,0,0,0,0,0,0,0,0,0,,,1,21,37,21,11,5,0,0,0
CHN189908240,box,1899-08-24,0,CHI08,R,1,CHN,BRO,1,0,1,0,1,,37,3,14,18,1,0,1,,3,,2,,,,0,0,0,4,,0,9,1,1,1,0,0,0,0,1,0,27,44,36,9,8,13,16,1,1,0,0,7,,,,1,0,0,0,1,0,0,0,0,0,,,1,27,48,27,19,2,1,0,0
CHN189908260,box,1899-08-26,0,CHI08,R,1,CHN,BRO,1,0,1,0,1,,34,6,6,7,1,0,0,,4,,5,,5,,0,0,0,0,,0,6,1,1,0,0,0,1,0,1,0,27,44,41,10,9,16,22,2,2,0,0,0,0,3,,2,1,0,0,1,0,0,0,0,0,,,1,27,49,27,19,3,1,0,0
CHN189908270,box,1899-08-27,0,CHI08,R,1,CHN,BRO,1,0,1,0,1,,34,2,7,8,1,0,0,,2,,3,,6,,0,0,0,1,,0,8,1,1,0,0,0,1,0,1,0,27,41,38,6,3,8,12,1,0,1,0,2,,2,,1,0,0,0,0,0,0,0,0,0,,,1,27,46,27,11,8,0,0,1
CHN189908281,box,1899-08-28,1,CHI08,R,1,CHN,NY1,1,0,1,0,1,,33,4,9,11,2,0,0,,4,,4,0,6,3,0,0,0,2,1,0,6,1,1,1,0,0,0,0,1,0,27,40,38,6,6,11,16,2,0,1,0,0,0,0,0,0,2,0,0,0,0,0,0,0,0,,,1,27,48,27,17,4,0,0,0
CHN189908282,box,1899-08-28,2,CHI08,R,1,CHN,NY1,1,1,0,0,1,,37,11,12,24,1,4,1,,10,,3,,2,,1,1,0,4,,0,7,1,1,1,0,0,0,1,0,0,27,39,37,3,3,12,13,1,0,0,0,1,,1,,1,0,0,0,0,0,0,0,0,0,,,1,27,41,27,14,0,2,0,0
CHN189908290,box,1899-08-29,0,CHI08,R,1,CHN,NY1,1,0,1,0,1,,33,2,6,6,0,0,0,,2,,0,0,1,0,1,1,0,1,0,0,6,1,1,1,0,0,0,0,1,0,27,40,35,6,1,9,11,0,1,0,0,5,0,6,0,0,0,0,0,0,0,0,0,0,0,,,1,27,48,27,17,4,1,0,0
CHN189908300,box,1899-08-30,0,CHI08,R,1,CHN,NY1,1,1,0,0,1,,31,3,9,9,0,0,0,,1,,6,0,2,0,1,1,0,2,2,0,12,1,1,1,0,0,0,1,0,0,27,34,33,2,0,9,10,1,0,0,0,1,0,,0,0,0,0,0,0,0,0,0,0,0,,,1,27,46,27,15,4,3,0,0
CHN189908310,box,1899-08-31,0,CHI08,R,1,CHN,BSN,1,1,0,0,1,,31,5,10,10,0,0,0,,4,,4,,2,,1,1,0,2,,0,8,1,1,1,0,0,0,1,0,0,27,32,31,2,1,7,8,1,0,0,0,0,0,1,,0,1,0,0,0,0,0,0,0,0,,,1,27,40,27,12,1,2,0,0
CHN189909010,box,1899-09-01,0,CHI08,R,1,CHN,BSN,1,1,0,0,1,,28,5,5,6,1,0,0,,1,,1,0,5,0,0,2,0,1,0,0,2,1,1,1,0,0,0,1,0,0,27,36,34,4,3,9,10,1,0,0,0,1,0,1,1,1,0,0,0,0,0,0,0,0,0,,,1,27,48,27,18,3,2,0,0
CHN189909020,box,1899-09-02,0,CHI08,R,1,CHN,BSN,1,0,1,0,1,,32,3,9,11,0,1,0,,3,,2,0,,0,0,2,0,2,1,0,6,1,1,1,0,0,0,0,1,0,27,42,38,8,3,9,10,1,0,0,0,2,0,1,2,1,1,0,0,0,0,0,0,0,0,,,1,27,48,27,15,6,2,0,0
CHN189909030,box,1899-09-03,0,CHI08,R,1,CHN,SLN,1,0,1,0,1,,28,1,6,8,0,1,0,,1,,5,,1,,0,3,0,0,,0,8,1,1,1,0,0,0,0,1,0,27,41,37,7,7,13,18,2,0,1,0,4,,1,,0,0,0,0,0,0,0,0,0,0,,,1,27,48,27,19,2,0,0,0
CHN189909041,box,1899-09-04,1,CHI08,R,1,CHN,PIT,1,0,1,0,1,,35,2,10,12,2,0,0,,1,,2,,1,,0,1,0,0,,0,9,1,1,1,0,0,0,0,1,0,27,41,36,7,4,12,15,3,0,0,0,1,,2,,1,3,0,0,0,0,0,0,0,0,,,1,27,44,27,14,3,0,0,0
CHN189909042,box,1899-09-04,2,CHI08,R,1,CHN,PIT,1,0,0,1,1,,34,4,12,15,1,1,0,,3,,3,,2,,0,3,0,2,,0,9,1,1,1,0,0,0,0,0,0,27,40,36,4,2,9,14,1,2,0,0,3,,0,,0,1,0,0,0,0,0,0,0,0,,,1,27,52,27,18,7,3,0,0
CHN189909050,box,1899-09-05,0,CHI08,R,1,CHN,PIT,1,1,0,0,1,,37,13,18,21,1,1,0,,11,,3,,2,,0,3,0,3,,0,7,1,1,1,0,0,0,1,0,0,27,43,38,7,4,13,22,1,1,2,0,4,,3,,0,1,0,0,1,0,0,0,0,0,,,1,27,47,27,18,2,1,0,1
CHN189909060,box,1899-09-06,0,CHI08,R,1,CHN,PIT,1,0,1,0,1,,36,4,11,13,2,0,0,,4,,3,,1,,1,0,0,0,,0,9,1,1,1,0,0,0,0,1,0,27,42,37,5,5,10,12,0,1,0,0,3,,1,,1,1,0,0,0,0,0,0,0,0,,,1,27,47,27,16,4,0,0,0
CHN189909070,box,1899-09-07,0,CHI08,R,1,CHN,CL4,1,1,0,0,1,,35,7,13,16,1,1,0,,3,,2,,2,,1,3,0,1,,0,8,1,1,1,0,0,0,1,0,0,27,38,36,6,6,12,13,1,0,0,0,1,,1,,0,1,0,0,0,0,0,0,0,0,,,1,27,40,27,11,2,0,0,0
CHN189909080,box,1899-09-08,0,CHI08,R,1,CHN,CL4,1,1,0,0,1,,29,5,6,8,0,1,0,,4,,4,,,,0,1,0,3,,0,5,1,1,1,0,0,0,1,0,0,27,33,32,1,0,6,6,0,0,0,0,0,0,,,1,0,0,0,0,0,0,0,0,0,,,1,27,40,27,12,1,0,0,1
CHN189909091,box,1899-09-09,1,CHI08,R,1,CHN,CL4,1,1,0,0,1,,36,5,15,18,3,0,0,,5,,1,,1,,0,1,0,4,,0,9,1,1,1,0,0,0,1,0,0,27,34,31,2,0,4,4,0,0,0,0,2,,0,,0,1,0,0,0,0,0,0,0,0,,,1,27,46,27,15,4,1,0,0
CHN189909092,box,1899-09-09,2,CHI08,R,1,CHN,CL4,1,1,0,0,1,,41,11,15,18,3,0,0,,7,,2,,1,,0,2,0,3,,0,10,1,1,1,1,0,0,1,0,0,27,35,33,0,0,6,8,0,1,0,0,1,,5,,1,0,0,0,0,0,0,0,0,0,,,1,27,36,27,9,0,0,0,0
NY1189909121,box,1899-09-12,1,NYC10,R,0,CHN,NY1,1,1,0,0,1,,46,12,18,22,4,0,0,,9,,5,,2,,0,0,0,1,,0,12,1,1,1,0,0,0,1,0,0,27,36,36,5,5,13,19,2,2,0,0,0,0,0,,0,0,0,0,0,0,0,0,0,0,,,1,27,46,27,18,1,1,0,0
NY1189909122,box,1899-09-12,2,NYC10,R,0,CHN,NY1,1,0,1,0,1,,23,5,6,6,0,0,0,,4,,4,0,1,2,0,2,0,0,0,0,6,1,1,1,0,0,0,0,1,0,18,30,29,6,5,11,15,1,0,1,0,1,0,2,0,0,0,0,0,0,0,0,0,0,0,,,1,18,26,18,6,2,0,0,0
NY1189909130,box,1899-09-13,0,NYC10,R,0,CHN,NY1,1,0,1,0,1,,37,2,7,8,1,0,0,,0,,7,0,8,0,1,1,0,0,0,0,17,1,1,1,0,0,0,0,1,0,27,51,44,13,13,19,22,1,1,0,0,5,0,7,0,1,1,0,0,0,0,0,0,0,0,,,1,27,40,27,12,1,0,0,0
NY1189909140,box,1899-09-14,0,NYC10,R,0,CHN,NY1,1,0,0,1,1,,36,8,10,12,0,1,0,,8,,3,0,,1,1,4,0,0,0,0,9,1,1,1,0,0,0,0,0,0,27,41,39,8,5,13,16,1,1,0,0,2,0,2,1,0,0,0,0,1,0,0,0,0,0,,,1,27,49,27,18,4,1,0,0
BRO189909150,box,1899-09-15,0,NYC12,R,0,CHN,BRO,1,1,0,0,1,,39,8,12,17,1,2,0,,7,,2,0,4,0,0,3,0,0,0,0,9,1,1,1,0,0,0,1,0,0,27,35,29,2,2,4,5,1,0,0,0,5,0,3,1,1,0,0,0,0,0,0,0,0,0,,,1,27,44,27,16,1,1,0,0
BRO189909160,box,1899-09-16,0,NYC12,R,0,CHN,BRO,1,0,1,0,1,,29,7,10,11,1,0,0,,5,,5,,4,,1,1,0,5,,0,8,1,1,1,0,0,0,0,1,0,21,34,28,9,8,7,16,1,4,0,0,3,,0,,2,1,0,0,1,0,0,0,0,0,,,1,21,38,21,14,3,1,0,0
BRO189909180,box,1899-09-18,0,NYC12,R,0,CHN,BRO,1,0,0,1,1,,35,10,11,13,0,1,0,,6,,7,0,1,0,0,1,0,4,1,0,9,1,1,1,0,0,0,0,0,0,24,40,36,10,4,13,19,0,3,0,0,1,0,1,0,2,1,0,0,0,0,0,0,0,0,,,1,24,43,24,16,3,0,0,0
BRO189909190,box,1899-09-19,0,NYC12,R,0,CHN,BRO,1,1,0,0,1,,27,4,6,11,0,1,1,,3,,3,0,1,0,1,3,0,1,0,0,3,1,1,1,0,0,0,1,0,0,27,35,29,2,2,3,4,1,0,0,0,3,0,4,0,2,1,0,0,0,0,0,0,0,0,,,1,27,38,27,11,0,0,0,0
BSN189909221,box,1899-09-22,1,BOS05,R,0,CHN,BSN,1,1,0,0,1,,34,3,9,11,2,0,0,,2,,0,0,3,,0,1,0,1,,0,5,1,1,1,1,0,0,1,0,0,27,35,32,0,0,12,14,2,0,0,0,2,,0,,0,1,0,0,0,0,0,0,0,0,,,1,27,45,27,18,0,1,0,1
BSN189909222,box,1899-09-22,2,BOS05,R,0,CHN,BSN,1,0,1,0,1,,33,7,9,15,1,1,1,,7,,2,,1,,0,1,0,1,,0,5,1,1,1,0,0,0,0,1,0,24,41,36,8,6,14,15,1,0,0,0,5,,3,,0,0,0,0,0,0,0,0,0,0,,,1,24,38,24,10,4,0,0,0
CIN189909241,box,1899-09-24,1,CIN05,R,0,CHN,CIN,1,1,0,0,1,,48,21,23,34,5,0,2,,17,,3,,4,,2,1,0,1,,0,6,1,1,1,0,0,0,1,0,0,27,41,38,5,4,13,16,3,0,0,0,3,,0,,0,0,0,0,0,0,0,0,0,0,,,1,27,38,26,11,1,1,0,0
CIN189909242,box,1899-09-24,2,CIN05,R,0,CHN,CIN,1,0,1,0,1,,17,1,5,8,1,1,0,,1,,1,,0,,0,0,0,0,,0,2,1,1,1,0,0,0,0,1,0,12,25,22,11,10,12,16,2,1,0,0,1,,,,0,2,0,0,0,0,0,0,0,0,,,1,12,22,12,9,1,0,0,0
CHN189909261,box,1899-09-26,1,CHI08,R,1,CHN,PIT,1,0,1,0,1,,31,0,5,5,0,0,0,,0,,3,0,6,1,0,0,0,1,0,0,7,1,1,1,0,0,0,0,1,0,27,40,38,5,3,11,13,2,0,0,0,1,0,3,1,0,1,0,0,1,0,0,0,0,0,,,1,27,44,27,14,3,2,0,0
CHN189909262,box,1899-09-26,2,CHI08,R,1,CHN,PIT,1,0,1,0,1,,30,0,4,5,1,0,0,,0,,2,,1,,0,0,0,2,,0,8,1,1,1,0,0,0,0,1,0,24,41,37,12,7,12,23,3,1,2,0,3,,5,,0,1,0,0,0,0,0,0,0,0,,,1,24,43,24,12,7,0,0,0
CHN189909271,box,1899-09-27,1,CHI08,R,1,CHN,PIT,1,1,0,0,1,,32,4,7,13,2,2,0,,4,,3,,1,,2,0,0,2,,0,9,1,1,1,0,0,0,1,0,0,27,34,33,1,1,7,7,0,0,0,0,1,,0,,0,0,0,0,0,0,0,0,0,0,,,1,27,48,27,20,1,0,0,0
CHN189909272,box,1899-09-27,2,CHI08,R,1,CHN,PIT,1,0,0,1,1,,34,7,10,15,2,0,1,,7,,6,,1,,2,3,0,1,,0,14,1,1,1,0,0,0,0,0,0,24,39,31,7,7,9,13,2,1,0,0,6,,1,,0,2,0,0,0,0,0,0,0,0,,,1,24,40,24,16,0,0,0,0
CHN189909300,box,1899-09-30,0,CHI08,R,1,CHN,LS3,1,0,1,0,1,,36,6,12,13,1,0,0,,6,,4,,2,,0,0,0,0,,0,10,1,1,1,0,0,0,0,1,0,24,42,39,12,8,15,19,2,1,0,0,2,,4,,1,0,0,0,0,0,0,0,0,0,,,1,24,38,24,10,4,0,0,0
CHN189910010,box,1899-10-01,0,CHI08,R,1,CHN,CIN,1,0,1,0,1,,33,3,9,11,2,0,0,,3,,2,,3,,0,1,0,0,,0,6,1,1,1,0,0,0,0,1,0,27,38,32,7,2,6,11,3,1,0,0,4,,2,,1,1,0,0,0,0,0,0,0,0,,,1,27,38,27,8,3,0,0,0
CHN189910020,box,1899-10-02,0,CHI08,R,1,CHN,LS3,1,0,1,0,1,,26,1,3,3,0,0,0,,1,,4,,13,,1,0,0,2,,0,6,1,1,1,0,0,0,0,1,0,24,39,31,6,3,10,12,2,0,0,0,4,,1,,1,3,0,0,0,0,0,0,0,0,,,1,24,40,24,13,3,3,0,0
CHN189910030,box,1899-10-03,0,CHI08,R,1,CHN,LS3,1,0,1,0,1,,31,2,6,12,1,1,1,,2,,5,,2,,0,0,0,1,,0,7,1,1,1,0,0,0,0,1,0,27,45,38,10,6,12,16,0,2,0,0,3,,3,,2,2,0,0,1,0,0,0,0,0,,,1,27,52,27,19,6,0,0,0
CHN189910040,box,1899-10-04,0,CHI08,R,1,CHN,LS3,1,1,0,0,1,,30,4,5,6,1,0,0,,3,,1,,2,,1,0,0,0,,0,4,1,1,1,0,0,0,1,0,0,27,37,34,3,2,8,9,1,0,0,0,1,,4,,1,1,0,0,0,0,0,0,0,0,,,1,27,48,27,17,4,1,0,1
CHN189910081,box,1899-10-08,1,CHI08,R,1,CHN,CL4,1,1,0,0,1,,41,13,15,24,3,0,2,,10,,2,,0,,1,0,0,4,,0,7,1,1,1,1,0,0,1,0,0,27,33,32,0,0,8,9,1,0,0,0,1,,,,0,0,0,0,0,0,0,0,0,0,,,1,27,41,27,12,2,2,0,0
CHN189910082,box,1899-10-08,2,CHI08,R,1,CHN,LS3,1,1,0,0,1,,23,7,10,14,1,0,1,,5,,3,,4,,1,1,0,0,,0,6,1,1,1,0,0,0,1,0,0,18,26,23,3,3,7,10,1,1,0,0,3,,3,,0,0,0,0,0,0,0,0,0,0,,,1,18,28,18,8,2,0,0,1
CHN189910151,box,1899-10-15,1,CHI08,R,1,CHN,SLN,1,1,0,0,1,,32,7,7,9,0,1,0,,3,,3,,1,,0,2,0,7,,0,6,1,1,1,1,0,0,1,0,0,27,33,30,0,0,3,4,1,0,0,0,3,,3,,0,0,0,0,0,0,0,0,0,0,,,1,27,44,27,12,5,2,0,0
CHN189910152,box,1899-10-15,2,CHI08,R,1,CHN,LS3,1,0,1,0,1,,33,5,8,9,1,0,0,,2,,0,0,1,,0,0,0,1,,0,4,1,1,1,0,0,0,0,1,0,24,42,38,9,1,11,14,1,1,0,0,2,,3,,0,2,0,0,0,0,0,0,0,0,,,1,24,45,24,14,7,1,0,0
CIN189904150,box,1899-04-15,0,CIN05,R,1,CIN,PIT,1,0,1,0,1,,34,2,10,10,0,0,0,,2,,1,0,,1,0,0,0,1,1,0,6,1,1,1,0,0,0,0,1,0,27,39,35,5,4,10,16,3,0,1,0,2,0,,0,1,1,0,0,0,0,0,0,0,0,,,1,27,45,27,16,2,1,0,0
CIN189904160,box,1899-04-16,0,CIN05,R,1,CIN,CHN,1,0,1,0,1,,33,4,8,10,2,0,0,,4,,2,0,,0,1,1,0,0,0,0,6,1,1,1,0,0,0,0,1,0,27,40,36,8,3,9,11,2,0,0,0,3,0,,1,1,0,0,0,0,0,0,0,0,0,,,1,27,44,27,13,4,3,0,0
CIN189904170,box,1899-04-17,0,CIN05,R,1,CIN,PIT,1,1,0,0,1,,30,8,8,14,1,1,1,,7,,4,0,,0,0,1,0,4,0,0,3,1,1,0,0,0,1,1,0,0,27,42,35,7,7,16,26,1,3,1,0,4,0,1,0,0,3,0,0,0,0,0,0,0,0,,,1,27,40,27,13,0,1,0,0
CIN189904180,box,1899-04-18,0,CIN05,R,1,CIN,PIT,1,1,0,0,1,,33,7,8,12,2,1,0,,7,,2,0,1,0,0,1,0,2,0,0,5,1,1,1,0,0,0,1,0,0,27,41,31,5,2,8,12,0,2,0,0,7,0,4,1,1,2,0,0,0,0,0,0,0,0,,,1,27,44,27,15,2,2,0,1
CIN189904190,box,1899-04-19,0,CIN05,R,1,CIN,PIT,1,0,0,1,1,,40,3,6,8,0,1,0,,2,,4,0,,0,0,4,0,3,1,0,9,1,1,1,0,0,0,0,0,0,36,51,47,3,3,12,19,5,1,0,0,1,0,,0,0,2,0,0,0,1,0,0,0,0,,,1,36,51,36,14,1,0,0,0
CIN189904200,box,1899-04-20,0,CIN05,R,1,CIN,CHN,1,0,1,0,1,,33,2,7,10,1,1,0,,1,,2,0,,0,0,0,0,0,0,0,6,1,1,0,0,0,1,0,1,0,27,47,43,13,11,20,27,2,1,1,0,4,0,1,2,0,0,0,0,0,0,0,0,0,0,,,1,27,48,27,15,6,4,0,0
CIN189904210,box,1899-04-21,0,CIN05,R,1,CIN,CHN,1,0,1,0,1,,34,3,6,7,1,0,0,,1,,3,0,5,0,0,0,0,4,0,0,7,1,1,1,0,0,0,0,1,0,27,38,36,6,6,11,12,1,0,0,0,2,0,1,0,0,0,0,0,0,0,0,0,0,0,,,1,27,48,27,20,1,0,0,1
CIN189904220,box,1899-04-22,0,CIN05,R,1,CIN,CHN,1,1,0,0,1,,31,4,10,14,2,1,0,,2,,5,0,0,1,0,2,0,0,1,0,7,1,1,1,0,0,0,1,0,0,27,31,31,1,1,5,7,0,1,0,0,0,0,,0,0,0,0,0,0,0,0,0,0,0,,,1,27,41,27,13,1,1,0,0
CIN189904230,box,1899-04-23,0,CIN05,R,1,CIN,CHN,1,1,0,0,1,,35,8,7,11,2,1,0,,3,,2,0,0,0,1,1,0,5,1,0,4,1,1,0,0,0,1,1,0,1,27,41,35,6,4,7,8,1,0,0,0,6,0,,0,0,0,0,0,1,0,0,0,0,0,,,1,27,38,27,10,1,0,0,0
CIN189904260,box,1899-04-26,0,CIN05,R,1,CIN,CL4,1,1,0,0,1,,41,10,16,24,6,1,0,,8,,2,0,0,0,0,1,0,1,0,0,7,1,1,0,0,0,1,1,0,1,27,42,38,5,5,11,13,2,0,0,0,4,0,1,0,0,0,0,0,0,0,0,0,0,0,,,1,27,38,27,11,0,0,0,0
CHN189904270,box,1899-04-27,0,CHI08,R,0,CIN,CHN,1,0,1,0,1,,32,3,8,11,3,0,0,,3,,1,0,1,1,0,1,0,2,0,0,5,1,1,1,0,0,0,0,1,0,24,30,25,4,4,6,7,1,0,0,0,2,0,1,1,0,2,0,0,0,1,0,0,0,0,,,1,24,37,24,13,0,1,0,0
CHN189904290,box,1899-04-29,0,CHI08,R,0,CIN,CHN,1,1,0,0,1,,32,4,3,3,0,0,0,,2,,2,0,2,0,0,4,0,1,1,0,7,1,1,1,1,0,0,1,0,0,27,37,35,0,0,4,4,0,0,0,0,2,0,3,0,0,0,0,0,1,0,0,0,0,0,,,1,27,44,27,11,6,0,0,1
CIN189904300,box,1899-04-30,0,CIN05,R,1,CIN,CL4,1,1,0,0,1,,36,9,15,18,1,1,0,,8,,0,0,0,,0,3,0,3,,0,6,1,1,1,1,0,0,1,0,0,27,32,31,0,0,7,10,3,0,0,0,1,,0,,0,0,0,0,0,0,0,0,0,0,,,1,27,45,27,18,0,3,0,0
CIN189905030,box,1899-05-03,0,CIN05,R,1,CIN,SLN,1,0,1,0,1,,30,1,7,10,1,1,0,,1,,2,0,0,0,0,0,0,1,1,0,4,1,1,1,0,0,0,0,1,0,27,44,40,9,5,11,14,1,1,0,0,4,0,1,0,0,0,0,0,0,0,0,0,0,0,,,1,27,41,27,10,4,0,0,1
CIN189905050,box,1899-05-05,0,CIN05,R,1,CIN,SLN,1,1,0,0,1,,32,5,12,14,2,0,0,,4,,0,0,1,1,0,2,0,1,0,0,2,1,1,1,0,0,0,1,0,0,27,34,32,2,2,4,5,1,0,0,0,1,0,5,0,0,1,0,0,0,0,0,0,0,0,,,1,27,39,27,8,4,1,0,0
CIN189905060,box,1899-05-06,0,CIN05,R,1,CIN,SLN,1,1,0,0,1,,37,11,15,20,3,1,0,,8,,4,,3,,1,1,0,9,,0,8,1,1,1,1,0,0,1,0,0,24,34,32,0,0,11,13,2,0,0,0,2,,2,,0,0,0,0,0,0,0,0,0,0,,,1,24,39,24,14,1,2,0,0
CIN189905070,box,1899-05-07,0,CIN05,R,1,CIN,SLN,1,0,1,0,1,,33,3,9,10,1,0,0,,3,,3,,1,,0,0,0,1,,0,6,1,1,1,0,0,0,0,1,0,25,35,33,4,4,6,8,2,0,0,0,1,,1,,1,0,0,0,0,0,0,0,0,0,,,1,25,39,25,11,3,1,0,0
PIT189905090,box,1899-05-09,0,PIT05,R,0,CIN,PIT,1,1,0,0,1,,32,5,9,11,0,1,0,,2,,3,0,0,1,0,2,0,1,0,0,5,1,1,1,0,0,0,1,0,0,27,37,34,2,2,8,9,1,0,0,0,3,0,2,0,0,0,0,0,0,0,0,0,0,0,,,1,27,41,27,14,0,0,0,0
PIT189905100,box,1899-05-10,0,PIT05,R,0,CIN,PIT,1,1,0,0,1,,43,11,13,14,1,0,0,,10,,1,0,3,0,1,2,0,1,0,0,9,1,1,1,0,0,0,1,0,0,27,41,38,5,5,11,14,1,1,0,0,1,0,1,0,1,1,0,0,0,0,0,0,0,0,,,1,27,36,27,7,2,0,0,0
PIT189905110,box,1899-05-11,0,PIT05,R,0,CIN,PIT,1,1,0,0,1,,30,1,4,7,1,1,0,,1,,0,0,4,0,0,0,0,0,1,0,2,1,1,1,1,0,0,1,0,0,27,32,28,0,0,3,5,0,1,0,0,3,0,,0,0,1,0,0,0,0,0,0,0,0,,,1,27,37,27,9,1,1,0,0
PIT189905120,box,1899-05-12,0,PIT05,R,0,CIN,PIT,1,1,0,0,1,,32,5,8,10,0,1,0,,5,,3,,3,,0,2,0,2,,0,5,1,1,1,0,0,0,1,0,0,27,35,34,1,0,7,9,2,0,0,0,1,,3,,0,0,0,0,0,0,0,0,0,0,,,1,27,42,27,14,1,0,0,0
CIN189905130,box,1899-05-13,0,CIN05,R,1,CIN,SLN,1,1,0,0,1,,37,7,8,12,2,1,0,,4,,1,0,3,0,0,0,0,5,1,0,4,1,1,1,0,0,0,1,0,0,27,38,36,3,3,8,10,2,0,0,0,2,0,,0,0,0,0,0,0,0,0,0,0,0,,,1,27,42,27,13,2,0,0,0
SLN189905140,box,1899-05-14,0,STL05,R,0,CIN,SLN,1,0,1,0,1,,46,5,17,22,5,0,0,,5,,0,0,4,,0,0,0,1,,0,8,1,1,1,0,0,0,0,1,0,32,50,41,6,3,9,10,1,0,0,0,9,,2,,0,0,0,0,0,0,0,0,0,0,,,1,32,44,32,11,1,0,0,0
CL4189905150,box,1899-05-15,0,CLE05,R,0,CIN,CL4,1,1,0,0,1,,28,3,8,10,2,0,0,,2,,4,0,0,1,1,2,0,1,2,0,5,1,1,1,0,0,0,1,0,0,27,34,34,2,1,6,7,1,0,0,0,0,0,1,0,0,0,0,0,0,0,0,0,0,0,,,1,27,37,27,9,1,0,0,0
CIN189905190,box,1899-05-19,0,CIN05,R,1,CIN,BRO,1,0,1,0,1,,40,5,13,17,2,1,0,,4,,3,0,1,0,0,0,0,1,1,0,11,1,1,0,0,0,1,0,1,0,24,44,36,7,7,13,18,1,2,0,0,4,0,1,0,3,0,0,0,1,1,0,0,0,0,,,1,24,43,24,16,3,2,0,0
CIN189905200,box,1899-05-20,0,CIN05,R,1,CIN,BRO,1,1,0,0,1,,37,8,14,19,3,1,0,,6,,2,0,,1,0,1,0,0,1,0,5,1,1,1,0,0,0,1,0,0,27,37,34,4,4,9,10,1,0,0,0,2,0,,1,1,0,0,0,0,0,0,0,0,0,,,1,27,42,27,14,1,2,0,0
CIN189905210,box,1899-05-21,0,CIN05,R,1,CIN,BRO,1,0,1,0,1,,29,2,6,8,2,0,0,,2,,4,0,,1,0,1,0,0,1,0,5,1,1,0,0,0,1,0,1,0,24,34,26,6,4,5,7,2,0,0,0,6,0,,1,2,0,0,0,0,0,0,0,0,0,,,1,24,45,24,19,2,2,0,0
CIN189905220,box,1899-05-22,0,CIN05,R,1,CIN,NY1,1,1,0,0,1,,31,5,7,12,1,2,0,,4,,9,0,0,2,1,3,0,0,1,0,9,1,1,1,0,0,0,1,0,0,30,43,37,4,4,11,14,3,0,0,0,4,0,1,0,0,2,0,0,0,0,0,0,0,0,,,1,30,43,30,13,0,1,0,0
CIN189905230,box,1899-05-23,0,CIN05,R,1,CIN,NY1,1,0,1,0,1,,31,5,7,9,2,0,0,,3,,7,0,0,2,1,1,0,1,1,0,8,1,1,0,0,0,1,0,1,0,27,41,37,7,7,13,17,4,0,0,0,3,0,,2,1,0,0,0,0,0,0,0,0,0,,,1,27,47,27,19,1,2,0,0
CIN189905240,box,1899-05-24,0,CIN05,R,1,CIN,NY1,1,1,0,0,1,,36,7,7,11,2,1,0,,6,,13,0,0,1,0,0,0,3,0,0,12,1,1,0,0,0,1,1,0,0,30,43,37,6,5,8,10,2,0,0,0,3,0,1,0,2,1,0,0,0,0,0,0,0,0,,,1,30,51,30,19,2,0,0,1
CIN189905250,box,1899-05-25,0,CIN05,R,1,CIN,BSN,1,0,1,0,1,,33,1,8,9,1,0,0,,1,,1,0,,1,0,0,0,0,1,0,6,1,1,0,0,0,1,0,1,0,24,37,32,3,3,10,12,2,0,0,0,3,0,,1,1,1,0,0,0,0,0,0,0,0,,,1,24,33,24,9,0,1,0,0
CIN189905260,box,1899-05-26,0,CIN05,R,1,CIN,BSN,1,0,1,0,1,,28,0,3,3,0,0,0,,0,,2,0,1,1,3,0,0,1,1,0,6,1,1,1,0,0,0,0,1,0,24,36,36,6,6,12,22,4,3,0,0,0,0,3,0,0,0,0,0,0,0,0,0,0,0,,,1,24,36,24,11,1,0,0,0
CIN189905270,box,1899-05-27,0,CIN05,R,1,CIN,BSN,1,0,1,0,1,,33,2,7,10,1,1,0,,1,,2,0,,0,0,0,0,0,2,0,6,1,1,1,0,0,0,0,1,0,27,44,37,8,6,12,15,3,0,0,0,3,0,0,1,0,3,0,0,0,1,0,0,0,0,,,1,27,46,27,16,3,3,0,0
CIN189905280,box,1899-05-28,0,CIN05,R,1,CIN,BLN,1,0,1,0,1,,37,9,8,10,2,0,0,,8,,2,0,,1,2,2,0,0,0,0,7,1,1,0,0,0,1,0,1,0,27,49,40,15,12,15,22,2,1,1,0,5,0,,1,2,1,0,0,1,1,0,0,0,0,,,1,27,38,27,8,3,2,0,0
NY1189905301,box,1899-05-30,1,NYC10,R,0,CIN,NY1,1,1,0,0,1,,36,9,15,18,3,0,0,,4,,5,0,1,2,1,1,0,3,0,0,7,1,1,1,0,0,0,1,0,0,27,42,40,3,1,13,16,0,0,1,0,1,0,3,0,1,0,0,0,0,0,0,0,0,0,,,1,27,39,27,8,4,0,0,0
NY1189905302,box,1899-05-30,2,NYC10,R,0,CIN,NY1,1,0,1,0,1,,33,5,9,12,1,1,0,,5,,2,0,,1,1,1,0,0,0,0,5,1,1,1,0,0,0,0,1,0,24,36,33,7,6,10,16,4,1,0,0,2,0,0,1,1,0,0,0,0,0,0,0,0,0,,,1,24,39,24,13,2,2,0,0
NY1189905310,box,1899-05-31,0,NYC10,R,0,CIN,NY1,1,1,0,0,1,,41,5,13,16,1,1,0,,3,,2,0,3,0,0,0,0,1,1,0,11,1,1,1,0,0,0,1,0,0,27,40,38,4,3,13,16,1,1,0,0,0,0,7,0,2,0,0,0,1,0,0,0,0,0,,,1,27,39,27,11,1,0,0,0
NY1189906010,box,1899-06-01,0,NYC10,R,0,CIN,NY1,1,1,0,0,1,,33,7,8,11,3,0,0,,4,,9,0,1,1,0,2,0,2,2,0,10,1,1,1,0,0,0,1,0,0,27,39,36,3,2,11,13,2,0,0,0,2,0,,1,0,1,0,0,0,0,0,0,0,0,,,1,27,47,27,18,2,1,0,0
BSN189906020,box,1899-06-02,0,BOS05,R,0,CIN,BSN,1,0,1,0,1,,30,4,7,8,1,0,0,,3,,4,0,0,3,0,0,0,3,2,0,3,1,1,1,0,0,0,0,1,0,24,34,33,6,5,11,19,2,0,2,0,0,0,,0,0,1,0,0,0,0,0,0,0,0,,,1,24,32,24,7,1,0,0,0
BSN189906030,box,1899-06-03,0,BOS05,R,0,CIN,BSN,1,0,1,0,1,,33,2,4,5,1,0,0,,2,,1,0,,0,0,1,0,2,0,0,6,1,1,1,0,0,0,0,1,0,24,36,33,8,6,11,18,1,0,2,0,0,0,,1,0,3,0,0,0,0,0,0,0,0,,,1,24,42,24,14,4,1,0,0
BSN189906050,box,1899-06-05,0,BOS05,R,0,CIN,BSN,1,0,1,0,1,,36,5,10,13,1,1,0,,5,,6,0,5,0,1,0,0,1,1,0,11,1,1,1,0,0,0,0,1,0,24,42,37,10,7,18,19,1,0,0,0,2,0,0,1,0,3,0,0,0,0,0,0,0,0,,,1,24,44,24,17,3,1,0,1
BRO189906060,box,1899-06-06,0,NYC12,R,0,CIN,BRO,1,0,1,0,1,,34,4,10,11,1,0,0,,4,,5,0,3,0,0,1,0,3,1,0,9,1,1,1,0,0,0,0,1,0,24,36,31,6,5,8,11,1,1,0,0,4,0,0,2,1,0,0,0,0,0,0,0,0,0,,,1,24,39,24,14,1,2,0,0
BRO189906070,box,1899-06-07,0,NYC12,R,0,CIN,BRO,1,0,1,0,1,,35,5,11,16,2,0,1,,5,,3,0,1,1,0,0,0,0,3,0,6,1,1,0,0,0,1,0,1,0,26,40,35,6,5,9,13,2,1,0,0,4,0,2,0,1,0,0,0,0,0,0,0,0,0,,,1,26,42,25,12,5,1,0,0
BRO189906080,box,1899-06-08,0,NYC12,R,0,CIN,BRO,1,0,1,0,1,,32,0,6,6,0,0,0,,0,,3,0,1,1,0,0,0,1,0,0,8,1,1,1,0,0,0,0,1,0,24,34,30,5,1,5,7,2,0,0,0,3,0,2,0,0,0,0,0,0,1,0,0,0,0,,,1,24,38,24,11,3,0,0,0
BRO189906090,box,1899-06-09,0,NYC12,R,0,CIN,BRO,1,0,1,0,1,,30,3,6,8,0,1,0,,1,,3,0,2,0,0,0,0,0,2,0,3,1,1,1,0,0,0,0,1,0,24,36,31,6,4,10,17,3,2,0,0,3,0,3,1,1,1,0,0,0,0,0,0,0,0,,,1,24,38,24,12,2,2,0,2
CIN189906111,box,1899-06-11,1,CIN05,R,1,CIN,LS3,1,1,0,0,1,,33,8,12,14,2,0,0,,7,,4,,,,2,1,0,1,,0,8,1,1,1,0,0,0,1,0,0,27,34,32,2,2,6,12,1,1,1,0,1,,,,0,1,0,0,0,0,0,0,0,0,,,1,27,35,27,6,2,0,0,0
CIN189906112,box,1899-06-11,2,CIN05,R,1,CIN,CL4,1,1,0,0,1,,29,10,8,8,0,0,0,,7,,8,,,,2,1,0,1,,0,6,1,1,1,0,0,0,1,0,0,27,38,34,1,1,8,10,0,1,0,0,4,,,,0,0,0,0,0,0,0,0,0,0,,,1,27,36,27,9,0,1,0,0
CHN189906140,box,1899-06-14,0,CHI08,R,0,CIN,CHN,1,1,0,0,1,,33,2,6,6,0,0,0,,1,,2,,5,,0,1,0,1,,0,4,1,1,1,0,0,0,1,0,0,30,36,33,1,1,5,5,0,0,0,0,3,,2,,0,0,0,0,0,0,0,0,0,0,,,1,30,50,30,19,1,0,0,0
CHN189906150,box,1899-06-15,0,CHI08,R,0,CIN,CHN,1,0,1,0,1,,37,4,11,13,2,0,0,,4,,1,,0,,1,0,0,2,,0,8,1,1,1,0,0,0,0,1,0,24,35,30,6,5,8,9,1,0,0,0,4,,6,,0,1,0,0,0,0,0,0,0,0,,,1,24,43,23,18,2,0,0,0
CHN189906170,box,1899-06-17,0,CHI08,R,0,CIN,CHN,1,0,1,0,1,,32,1,5,5,0,0,0,,0,,3,,5,,0,0,0,0,,0,7,1,1,0,0,0,1,0,1,0,24,46,38,12,8,17,18,1,0,0,0,5,,2,,0,2,0,0,0,1,0,0,0,0,,,1,24,44,24,13,7,1,0,0
CIN189906180,box,1899-06-18,0,CIN05,R,1,CIN,BRO,1,0,1,0,1,,38,11,15,20,1,2,0,,10,,6,,,,0,1,0,2,,0,7,1,1,0,0,0,1,0,1,0,27,46,39,13,8,15,16,1,0,0,0,3,,,,2,2,0,0,0,0,0,0,0,0,,,1,27,42,27,8,7,2,0,1
CIN189906190,box,1899-06-19,0,CIN05,R,1,CIN,PHI,1,0,1,0,1,,30,0,6,7,1,0,0,,0,,3,,0,,1,2,0,1,,0,9,1,1,1,0,0,0,0,1,0,27,44,39,9,6,13,18,3,1,0,0,4,,1,,0,1,0,0,0,0,0,0,0,0,,,1,27,43,26,13,4,0,0,0
CIN189906200,box,1899-06-20,0,CIN05,R,1,CIN,PHI,1,1,0,0,1,,29,3,6,8,2,0,0,,3,,4,,,,1,0,0,1,,0,7,1,1,1,0,0,0,1,0,0,27,38,32,2,1,9,10,1,0,0,0,4,,,,0,2,0,0,0,0,0,0,0,0,,,1,27,47,27,19,1,0,0,0
CIN189906210,box,1899-06-21,0,CIN05,R,1,CIN,PHI,1,0,1,0,1,,36,6,7,7,0,0,0,,6,,2,,,,0,1,0,1,,0,6,1,1,1,0,0,0,0,1,0,27,42,40,7,7,16,22,4,1,0,0,2,,,,0,0,0,0,0,0,0,0,0,0,,,1,27,39,27,12,0,1,0,1
CIN189906220,box,1899-06-22,0,CIN05,R,1,CIN,PHI,1,0,1,0,1,,39,5,9,14,3,1,0,,5,,0,0,,,0,0,0,0,,0,7,1,1,0,0,0,1,0,1,0,27,41,36,9,8,15,18,1,1,0,0,2,,,,1,2,0,0,0,0,0,0,0,0,,,1,27,47,27,19,1,0,0,0
CIN189906230,box,1899-06-23,0,CIN05,R,1,CIN,BLN,1,1,0,0,1,,35,8,13,18,1,2,0,,7,,1,,,,0,1,0,1,,0,5,1,1,1,0,0,0,1,0,0,27,37,34,3,3,8,8,0,0,0,0,2,,,,0,1,0,0,0,0,0,0,0,0,,,1,27,39,27,10,2,0,0,1
CIN189906251,box,1899-06-25,1,CIN05,R,1,CIN,BLN,1,1,0,0,1,,30,6,8,9,1,0,0,,4,,6,,,,0,2,0,2,,0,8,1,1,1,0,0,0,1,0,0,27,34,31,1,0,4,5,1,0,0,0,3,,0,,0,0,0,0,0,0,0,0,0,0,,,1,27,39,27,11,1,0,0,0
CIN189906252,box,1899-06-25,2,CIN05,R,1,CIN,BLN,1,1,0,0,1,,38,4,7,9,0,1,0,,4,,6,,0,,1,1,0,1,,0,7,1,1,1,0,0,0,1,0,0,36,44,44,3,1,9,10,1,0,0,0,0,0,,,0,0,0,0,0,0,0,0,0,0,,,1,36,51,36,12,3,1,0,0
CIN189906280,box,1899-06-28,0,CIN05,R,1,CIN,WSN,1,1,0,0,1,,31,6,8,13,3,1,0,,6,,3,,,,0,0,0,1,,0,4,1,1,0,0,0,1,1,0,0,27,37,37,5,5,14,22,2,3,0,0,0,0,,,0,0,0,0,0,0,0,0,0,0,,,1,27,48,27,19,2,4,0,0
CIN189907010,box,1899-07-01,0,CIN05,R,1,CIN,WSN,1,1,0,0,1,,30,2,8,9,1,0,0,,2,,1,,,,0,1,0,2,,0,6,1,1,1,0,0,0,1,0,0,27,32,31,1,1,4,5,1,0,0,0,0,0,,,1,0,0,0,0,0,0,0,0,0,,,1,27,40,27,11,2,0,0,0
CIN189907021,box,1899-07-02,1,CIN05,R,1,CIN,WSN,1,1,0,0,1,,31,4,9,11,2,0,0,,3,,2,,,,0,3,0,1,,0,6,1,1,1,0,0,0,1,0,0,27,40,33,3,1,9,10,1,0,0,0,4,,,,1,2,0,0,0,0,0,0,0,0,,,1,27,45,27,15,3,0,0,0
CIN189907022,box,1899-07-02,2,CIN05,R,1,CIN,WSN,1,1,0,0,1,,25,6,9,11,2,0,0,,6,,2,,,,0,1,0,1,,0,4,1,1,1,0,0,0,1,0,0,21,25,24,1,0,6,7,1,0,0,0,0,0,,,0,1,0,0,0,0,0,0,0,0,,,1,21,35,21,12,2,2,0,0
CIN189907041,box,1899-07-04,1,CIN05,R,1,CIN,LS3,1,1,0,0,1,,39,6,5,6,1,0,0,,3,,6,,,,1,4,0,1,,0,7,1,1,1,0,0,0,1,0,0,39,52,44,5,2,10,12,0,1,0,0,4,,1,,1,3,0,0,0,0,0,0,0,0,,,1,39,60,39,19,2,1,0,0
CIN189907042,box,1899-07-04,2,CIN05,R,1,CIN,LS3,1,1,0,0,1,,36,9,10,18,4,2,0,,8,,3,,0,,0,0,0,1,,0,6,1,1,1,0,0,0,1,0,0,27,42,39,6,2,13,14,1,0,0,0,3,,,,0,0,0,0,0,0,0,0,0,0,,,1,27,44,27,14,3,0,0,0
LS3189907050,box,1899-07-05,0,LOU03,R,0,CIN,LS3,1,0,1,0,1,,38,7,9,9,0,0,0,,5,,2,,0,,0,0,0,4,,0,6,1,1,1,0,0,0,0,1,0,24,38,33,11,5,7,11,1,0,1,0,3,,0,,1,1,0,0,0,0,0,0,0,0,,,1,24,41,24,13,4,0,0,0
LS3189907060,box,1899-07-06,0,LOU03,R,0,CIN,LS3,1,0,1,0,1,,36,2,10,10,0,0,0,,2,,1,,0,,0,0,0,1,,0,8,1,1,1,0,0,0,0,1,0,24,34,30,3,3,7,12,2,0,1,0,2,,0,,0,2,0,0,0,0,0,0,0,0,,,1,24,34,24,9,1,0,0,0
LS3189907070,box,1899-07-07,0,LOU03,R,0,CIN,LS3,1,0,1,0,1,,36,3,8,8,0,0,0,,3,,2,,,,0,0,0,0,,0,8,1,1,1,0,0,0,0,1,0,24,35,33,6,6,11,16,3,1,0,0,1,,,,0,1,0,0,0,0,0,0,0,0,,,1,24,39,24,14,1,1,0,1
LS3189907080,box,1899-07-08,0,LOU03,R,0,CIN,LS3,1,0,1,0,1,,39,4,11,12,1,0,0,,4,,1,,,,0,2,0,2,,0,11,1,1,1,0,0,0,0,1,0,24,34,32,5,2,10,10,0,0,0,0,1,,,,1,0,0,0,0,0,0,0,0,0,,,1,24,35,24,8,3,2,0,0
CHN189907090,box,1899-07-09,0,CHI08,R,0,CIN,CHN,1,0,1,0,1,,33,1,6,7,1,0,0,,0,,3,,2,,0,1,0,2,,0,9,1,1,1,0,0,0,0,1,0,24,34,27,7,6,10,12,2,0,0,0,3,,0,,0,4,0,0,1,0,0,0,0,0,,,1,24,37,24,11,2,1,0,0
PIT189907100,box,1899-07-10,0,PIT05,R,0,CIN,PIT,1,1,0,0,1,,31,4,9,12,1,1,0,,4,,5,0,,1,1,1,0,1,3,0,7,1,1,0,0,0,1,1,0,0,27,38,34,3,0,6,11,1,2,0,0,3,0,,0,0,0,0,0,0,1,0,0,0,0,,,1,27,42,27,12,3,0,0,1
WSN189907110,box,1899-07-11,0,WAS06,R,0,CIN,WSN,1,1,0,0,1,,37,10,14,22,1,2,1,,9,,2,,0,,1,0,0,5,,0,6,1,1,1,0,0,0,1,0,0,27,40,36,6,4,8,11,1,1,0,0,3,,,,0,1,0,0,1,0,0,0,0,0,,,1,27,41,27,10,4,1,0,1
WSN189907120,box,1899-07-12,0,WAS06,R,0,CIN,WSN,1,0,1,0,1,,34,5,9,11,0,1,0,,4,,2,,4,,0,0,0,1,,0,4,1,1,1,0,0,0,0,1,0,27,43,40,10,8,14,18,1,0,1,0,1,,3,,0,2,0,0,0,0,0,0,0,0,,,1,27,47,27,14,6,1,0,0
PHI189907140,box,1899-07-14,0,PHI09,R,0,CIN,PHI,1,0,1,0,1,,35,6,10,15,3,1,0,,6,,2,0,2,1,0,0,0,0,0,0,4,1,1,0,0,0,1,0,1,0,24,46,37,9,8,13,18,2,0,1,0,6,0,3,0,1,1,0,0,0,1,0,0,0,0,,,1,24,44,24,16,4,0,0,0
PHI189907150,box,1899-07-15,0,PHI09,R,0,CIN,PHI,1,0,1,0,1,,33,2,7,10,3,0,0,,2,,4,,1,,1,0,0,0,,0,9,1,1,0,0,0,1,0,1,0,24,36,33,4,4,10,12,2,0,0,0,3,,3,,0,0,0,0,0,0,0,0,0,0,,,1,24,34,24,10,0,1,0,0
PHI189907170,box,1899-07-17,0,PHI09,R,0,CIN,PHI,1,0,1,0,1,,38,2,8,9,1,0,0,,2,,3,,1,,1,3,0,0,,0,10,1,1,1,0,0,0,0,1,0,30,39,35,3,3,9,11,2,0,0,0,3,,2,,1,0,0,0,0,0,0,0,0,0,,,1,30,48,30,17,1,3,0,0
BLN189907180,box,1899-07-18,0,BAL07,R,0,CIN,BLN,1,1,0,0,1,,32,7,12,12,0,0,0,,4,,5,,1,,0,2,0,0,,0,5,1,1,1,0,0,0,1,0,0,27,40,34,5,4,11,11,0,0,0,0,5,,3,,0,1,0,0,0,0,0,0,0,0,,,1,27,37,27,9,1,0,0,0
BLN189907190,box,1899-07-19,0,BAL07,R,0,CIN,BLN,1,1,0,0,1,,31,5,8,10,0,1,0,,5,,2,,3,,2,1,0,1,,0,7,1,1,1,1,0,0,1,0,0,27,33,33,0,0,6,6,0,0,0,0,0,0,3,,0,0,0,0,0,0,0,0,0,0,,,1,27,39,27,11,1,0,0,0
BLN189907200,box,1899-07-20,0,BAL07,R,0,CIN,BLN,1,1,0,0,1,,35,5,10,15,3,1,0,,5,,1,,4,,0,1,0,3,,0,5,1,1,1,0,0,0,1,0,0,27,36,32,4,4,10,16,2,2,0,0,0,0,2,,3,1,0,0,0,0,0,0,0,0,,,1,27,45,27,17,1,1,0,0
CIN189907220,box,1899-07-22,0,CIN05,R,1,CIN,BSN,1,0,1,0,1,,34,4,8,10,2,0,0,,4,,4,1,,1,1,3,0,2,1,0,8,1,1,1,0,0,0,0,1,0,30,42,40,5,4,12,16,4,0,0,0,1,0,,0,1,0,0,0,0,0,0,0,0,0,,,1,30,47,30,16,1,1,0,0
CIN189907231,box,1899-07-23,1,CIN05,R,1,CIN,WSN,1,0,1,0,1,,34,5,7,7,0,0,0,,2,,3,,0,,0,1,0,0,,0,6,1,1,1,0,0,0,0,1,0,27,44,39,8,8,14,18,2,1,0,0,5,,,,0,0,0,0,0,0,0,0,0,0,,,1,27,42,27,13,2,0,0,0
CIN189907232,box,1899-07-23,2,CIN05,R,1,CIN,WSN,1,1,0,0,1,,33,7,12,17,1,2,0,,6,,1,,0,,0,1,0,2,,0,4,1,1,1,1,0,0,1,0,0,27,36,32,0,0,5,5,0,0,0,0,3,,0,,0,1,0,0,0,0,0,0,0,0,,,1,27,40,27,10,3,1,0,0
CIN189907240,box,1899-07-24,0,CIN05,R,1,CIN,BSN,1,0,1,0,1,,32,3,7,7,0,0,0,,3,,4,,,,0,0,0,0,,0,6,1,1,0,0,0,1,0,1,0,27,43,40,8,6,13,17,2,1,0,0,3,,,,0,0,0,0,0,0,0,0,0,0,,,1,27,44,27,14,3,1,0,0
CIN189907261,box,1899-07-26,1,CIN05,R,1,CIN,BSN,1,0,1,0,1,,31,5,4,7,1,1,0,,4,,4,,,,0,0,0,2,,0,3,1,1,1,0,0,0,0,1,0,27,42,41,9,6,13,15,2,0,0,0,1,,,,0,0,0,0,0,0,0,0,0,0,,,1,27,42,27,12,3,0,0,0
CIN189907262,box,1899-07-26,2,CIN05,R,1,CIN,BSN,1,1,0,0,1,,30,2,6,10,2,1,0,,2,,3,,,,0,2,0,0,,0,3,1,1,1,0,0,0,1,0,0,30,37,31,1,1,7,11,2,1,0,0,1,,,,1,4,0,0,0,0,0,0,0,0,,,1,30,49,30,18,1,2,0,0
CIN189907270,box,1899-07-27,0,CIN05,R,1,CIN,NY1,1,1,0,0,1,,33,9,12,19,3,2,0,,9,,2,0,,1,0,0,0,1,1,0,2,1,1,1,0,0,0,1,0,0,27,33,33,2,1,7,10,1,1,0,0,0,0,,1,0,0,0,0,0,0,0,0,0,0,,,1,27,39,27,10,2,1,0,0
CIN189907290,box,1899-07-29,0,CIN05,R,1,CIN,NY1,1,1,0,0,1,,37,9,16,19,3,0,0,,6,,3,,0,,1,1,0,2,,0,9,1,1,0,0,0,1,1,0,0,27,45,39,8,7,11,16,1,2,0,0,5,,1,,0,1,0,0,0,0,0,0,0,0,,,1,27,51,27,20,4,0,0,0
CIN189907300,box,1899-07-30,0,CIN05,R,1,CIN,NY1,1,1,0,0,1,,27,5,4,4,0,0,0,,5,,7,,,,1,3,0,0,,0,8,1,1,1,0,0,0,1,0,0,27,38,36,4,4,10,14,0,2,0,0,1,,,,0,1,0,0,0,0,0,0,0,0,,,1,27,33,27,5,1,0,0,0
CIN189907310,box,1899-07-31,0,CIN05,R,1,CIN,BRO,1,1,0,0,1,,31,4,7,9,0,1,0,,1,,3,0,2,1,1,1,0,1,1,0,8,1,1,1,0,0,0,1,0,0,27,40,32,3,3,8,10,2,0,0,0,3,0,2,0,3,2,0,0,0,0,0,0,0,0,,,1,27,40,27,13,0,0,0,0
CIN189908010,box,1899-08-01,0,CIN05,R,1,CIN,BRO,1,1,0,0,1,,35,10,17,21,4,0,0,,9,,5,0,,2,1,1,0,0,1,0,8,1,1,1,0,0,0,1,0,0,27,43,36,4,3,9,11,2,0,0,0,7,0,,0,0,0,0,0,0,0,0,0,0,0,,,1,27,36,27,8,1,0,0,0
CIN189908020,box,1899-08-02,0,CIN05,R,1,CIN,BRO,1,1,0,0,1,,34,8,12,16,2,1,0,,7,,4,0,3,1,0,0,0,2,0,0,6,1,1,1,0,0,0,1,0,0,27,36,35,3,1,8,13,1,2,0,0,1,0,2,1,0,0,0,0,0,0,0,0,0,0,,,1,27,43,27,13,3,1,0,0
CIN189908050,box,1899-08-05,0,CIN05,R,1,CIN,LS3,1,1,0,0,1,,26,6,9,12,3,0,0,,6,,3,,,,0,1,0,2,,0,0,1,1,1,0,0,0,1,0,0,27,31,28,1,1,4,5,1,0,0,0,0,0,,,1,2,0,0,0,0,0,0,0,0,,,1,27,38,27,10,1,0,0,0
CIN189908061,box,1899-08-06,1,CIN05,R,1,CIN,LS3,1,1,0,0,1,,34,9,12,15,3,0,0,,4,,4,0,,1,0,2,0,4,0,0,7,1,1,1,0,0,0,1,0,0,27,41,36,6,5,9,15,4,1,0,0,3,0,,1,2,0,0,0,0,0,0,0,0,0,,,1,27,40,27,11,2,1,0,0
CIN189908062,box,1899-08-06,2,CIN05,R,1,CIN,SLN,1,1,0,0,1,,26,4,5,6,1,0,0,,4,,3,,0,,1,3,0,1,,0,5,1,1,1,0,0,0,1,0,0,27,31,27,2,0,3,3,0,0,0,0,2,,1,,0,2,0,0,0,0,0,0,0,0,,,1,27,41,27,12,2,2,0,0
BRO189908080,box,1899-08-08,0,NYC12,R,0,CIN,BRO,1,1,0,0,1,,35,8,9,11,2,0,0,,6,,9,,2,,0,3,0,3,,0,12,1,1,1,0,0,0,1,0,0,27,38,34,6,3,8,11,3,0,0,0,2,,2,,2,0,0,0,1,0,0,0,0,0,,,1,27,48,27,18,3,0,0,0
BRO189908090,box,1899-08-09,0,NYC12,R,0,CIN,BRO,1,1,0,0,1,,39,14,15,23,1,2,1,,10,,8,,3,,1,1,0,2,,0,8,1,1,0,0,0,1,1,0,1,27,52,40,13,12,12,20,1,2,1,0,12,,2,,0,0,0,0,1,0,0,0,0,0,,,1,27,46,27,16,3,0,0,0
BSN189908121,box,1899-08-12,1,BOS05,R,0,CIN,BSN,1,1,0,0,1,,30,7,8,10,2,0,0,,6,,3,0,,0,2,4,0,0,1,0,5,1,1,1,0,0,0,1,0,0,27,38,34,2,1,10,10,0,0,0,0,0,0,,1,1,2,0,0,0,1,0,0,0,0,,,1,27,41,27,14,0,1,0,0
BSN189908122,box,1899-08-12,2,BOS05,R,0,CIN,BSN,1,1,0,0,1,,34,7,11,17,1,1,1,,7,,3,0,2,1,0,1,0,0,1,0,7,1,1,1,0,0,0,1,0,0,24,32,30,2,1,6,7,1,0,0,0,2,0,2,0,0,0,0,0,0,0,0,0,0,0,,,1,24,36,24,10,2,0,0,0
BSN189908140,box,1899-08-14,0,BOS05,R,0,CIN,BSN,1,0,1,0,1,,37,3,9,15,1,1,1,,3,,3,0,1,1,0,0,0,0,0,0,10,1,1,1,0,0,0,0,1,0,24,37,31,8,8,9,15,3,0,1,0,5,0,4,0,0,1,0,0,0,0,0,0,0,0,,,1,24,34,24,7,3,1,1,1
BSN189908150,box,1899-08-15,0,BOS05,R,0,CIN,BSN,1,1,0,0,1,,31,1,7,7,0,0,0,,1,,1,0,1,0,0,0,0,1,0,0,4,1,1,1,1,0,0,1,0,0,27,36,33,0,0,5,5,0,0,0,0,3,0,2,0,0,0,0,0,1,0,0,0,0,0,,,1,27,38,27,9,2,0,0,0
NY1189908160,box,1899-08-16,0,NYC10,R,0,CIN,NY1,1,0,1,0,1,,33,2,7,7,0,0,0,,2,,0,0,4,0,1,0,0,2,1,0,5,1,1,1,0,0,0,0,1,0,24,38,38,7,5,14,19,3,1,0,0,0,0,5,0,0,0,0,0,0,0,0,0,0,0,,,1,24,36,24,9,3,0,0,0
NY1189908171,box,1899-08-17,1,NYC10,R,0,CIN,NY1,1,0,1,0,1,,37,4,5,5,0,0,0,,2,,4,,6,,0,1,0,3,,0,11,1,1,0,0,0,1,0,1,0,24,45,40,13,7,15,17,0,1,0,0,3,,1,,1,1,0,0,0,0,0,0,0,0,,,1,24,42,24,13,5,1,0,0
NY1189908172,box,1899-08-17,2,NYC10,R,0,CIN,NY1,1,0,1,0,1,,36,4,10,10,0,0,0,,4,,4,,3,,1,0,0,0,,0,10,1,1,1,0,0,0,0,1,0,24,35,32,5,5,12,17,1,2,0,0,0,0,2,,1,2,0,0,0,0,0,0,0,0,,,1,24,31,24,7,0,0,0,1
NY1189908180,box,1899-08-18,0,NYC10,R,0,CIN,NY1,1,0,1,0,1,,34,4,10,10,0,0,0,,3,,5,0,2,0,1,1,0,0,1,0,10,1,1,1,0,0,0,0,1,0,24,36,35,5,3,10,15,1,2,0,0,1,0,6,1,0,0,0,0,0,0,0,0,0,0,,,1,24,32,24,5,3,2,0,0
CIN189908200,box,1899-08-20,0,CIN05,R,1,CIN,SLN,1,0,1,0,1,,38,1,10,11,1,0,0,,1,,2,,,,1,0,0,2,,0,13,1,1,1,0,0,0,0,1,0,27,48,39,10,4,9,12,1,1,0,0,7,,3,,1,1,0,0,0,0,0,0,0,0,,,1,27,45,27,12,6,1,0,0
CIN189908210,box,1899-08-21,0,CIN05,R,1,CIN,PIT,1,1,0,0,1,,31,7,7,8,1,0,0,,5,,5,,,,0,0,0,0,,0,5,1,1,1,0,0,0,1,0,0,27,32,30,1,1,5,5,0,0,0,0,2,,,,0,0,0,0,0,0,0,0,0,0,,,1,27,37,27,9,1,3,0,0
CIN189908221,box,1899-08-22,1,CIN05,R,1,CIN,PIT,1,1,0,0,1,,35,2,6,6,0,0,0,,1,,3,0,,0,0,1,0,2,0,0,6,1,1,1,0,0,0,1,0,0,33,43,40,1,1,9,9,0,0,0,0,2,0,,1,0,1,0,0,0,0,0,0,0,0,,,1,33,50,33,15,2,1,0,0
CIN189908222,box,1899-08-22,2,CIN05,R,1,CIN,PIT,1,0,0,1,1,,31,4,4,4,0,0,0,,4,,6,1,,1,0,2,0,2,2,0,8,1,1,1,0,0,0,0,0,0,27,37,31,4,3,9,10,1,0,0,0,3,0,,0,0,3,0,0,0,0,0,0,0,0,,,1,27,43,26,16,1,0,0,0
CIN189908231,box,1899-08-23,1,CIN05,R,1,CIN,PIT,1,0,1,0,1,,30,2,5,12,1,3,0,,2,,3,0,0,0,1,1,0,1,2,0,6,1,1,1,0,0,0,0,1,0,27,36,36,5,2,12,15,1,1,0,0,0,0,,0,0,0,0,0,0,0,0,0,0,0,,,1,27,44,27,12,5,3,0,0
CIN189908232,box,1899-08-23,2,CIN05,R,1,CIN,PIT,1,1,0,0,1,,29,5,9,14,1,2,0,,5,,2,0,,0,1,0,0,1,2,0,6,1,1,1,0,0,0,1,0,0,24,35,33,3,1,9,10,1,0,0,0,2,0,,1,0,0,0,0,0,0,0,0,0,0,,,1,24,39,24,13,2,1,0,0
CIN189908260,box,1899-08-26,0,CIN05,R,1,CIN,WSN,1,1,0,0,1,,35,11,12,18,2,2,0,,9,,4,,,,2,0,0,4,,0,6,1,1,1,0,0,0,1,0,0,27,38,38,4,3,9,12,3,0,0,0,0,0,,,0,0,0,0,0,0,0,0,0,0,,,1,27,40,27,9,4,0,0,0
CIN189908270,box,1899-08-27,0,CIN05,R,1,CIN,NY1,1,1,0,0,1,,31,8,11,12,1,0,0,,7,,9,,,,1,3,0,0,,0,12,1,1,0,0,0,1,1,0,1,27,38,38,4,4,11,15,2,1,0,0,0,0,,,0,0,0,0,1,0,0,0,0,0,,,1,27,42,27,13,2,0,0,0
CIN189908280,box,1899-08-28,0,CIN05,R,1,CIN,BLN,1,1,0,0,1,,37,12,14,18,0,2,0,,11,,4,,,,1,2,0,1,,0,8,1,1,1,0,0,0,1,0,0,27,37,36,4,2,10,13,1,1,0,0,1,,,,0,0,0,0,0,0,0,0,0,0,,,1,27,42,27,13,2,2,0,0
CIN189908290,box,1899-08-29,0,CIN05,R,1,CIN,BLN,1,0,1,0,1,,33,4,4,6,0,1,0,,3,,3,,,,2,0,0,2,,0,7,1,1,1,0,0,0,0,1,0,27,36,34,5,5,12,20,2,3,0,0,1,,,,0,1,0,0,0,0,0,0,0,0,,,1,27,46,26,19,1,1,0,0
CIN189908300,box,1899-08-30,0,CIN05,R,1,CIN,BLN,1,1,0,0,1,,37,4,14,15,1,0,0,,4,,0,0,,0,0,1,0,2,0,0,10,1,1,1,1,0,0,1,0,0,27,33,32,0,0,7,8,1,0,0,0,0,0,1,1,1,0,0,0,0,0,0,0,0,0,,,1,27,35,27,8,0,1,0,0
CIN189908310,box,1899-08-31,0,CIN05,R,1,CIN,PHI,1,0,1,0,1,,31,2,5,5,0,0,0,,2,,2,0,,0,0,1,0,2,0,0,5,1,1,1,0,0,0,0,1,0,27,44,40,9,8,15,19,4,0,0,0,2,0,0,0,0,2,0,0,0,0,0,0,0,0,,,1,27,49,27,17,5,0,0,0
CIN189909010,box,1899-09-01,0,CIN05,R,1,CIN,PHI,1,1,0,0,1,,34,10,8,12,0,2,0,,8,,4,,,,2,0,0,5,,0,6,1,1,0,0,0,1,1,0,1,27,33,33,5,5,9,14,3,1,0,0,0,0,,,0,0,0,0,0,0,0,0,0,0,,,1,27,41,27,14,0,2,0,0
CIN189909020,box,1899-09-02,0,CIN05,R,1,CIN,PHI,1,0,1,0,1,,38,7,12,16,2,1,0,,7,,3,,,,0,1,0,1,,0,8,1,1,1,0,0,0,0,1,0,27,48,44,13,6,15,17,2,0,0,0,3,,,,0,1,0,0,0,0,0,0,0,0,,,1,27,50,27,17,6,0,0,2
CIN189909031,box,1899-09-03,1,CIN05,R,1,CIN,LS3,1,0,1,0,1,,38,6,11,15,2,1,0,,6,,1,,,,3,0,0,1,,0,9,1,1,1,0,0,0,0,1,0,27,43,37,7,3,10,14,2,1,0,0,4,,,,0,2,0,0,0,0,0,0,0,0,,,1,27,38,27,7,4,0,0,0
CIN189909032,box,1899-09-03,2,CIN05,R,1,CIN,CL4,1,1,0,0,1,,25,3,6,6,0,0,0,,2,,5,,,,1,0,0,3,,0,7,1,1,1,0,0,0,1,0,0,24,32,30,1,1,6,9,1,1,0,0,2,,,,0,0,0,0,0,0,0,0,0,0,,,1,24,33,24,8,1,0,0,0
CIN189909041,box,1899-09-04,1,CIN05,R,1,CIN,CL4,1,1,0,0,1,,31,6,10,13,1,1,0,,5,,4,,,,1,0,0,3,,0,6,1,1,1,0,0,0,1,0,0,27,42,39,3,3,12,13,1,0,0,0,2,,,,1,0,0,0,0,0,0,0,0,0,,,1,27,39,27,10,2,0,0,0
CIN189909042,box,1899-09-04,2,CIN05,R,1,CIN,CL4,1,1,0,0,1,,37,8,9,13,4,0,0,,7,,3,,0,,0,0,0,1,,0,8,1,1,1,0,0,0,1,0,0,27,32,32,1,1,4,4,0,0,0,0,0,0,0,,0,0,0,0,0,0,0,0,0,0,,,1,27,45,27,16,2,0,0,0
CIN189909051,box,1899-09-05,1,CIN05,R,1,CIN,CL4,1,1,0,0,1,,40,19,22,37,0,6,1,,14,,8,,,,3,2,0,0,,0,10,1,1,1,0,0,0,1,0,0,27,36,34,3,3,7,10,1,1,0,0,2,,,,0,0,0,0,0,0,0,0,0,0,,,1,27,42,27,14,1,0,0,0
CIN189909052,box,1899-09-05,2,CIN05,R,1,CIN,CL4,1,1,0,0,1,,35,9,12,17,1,2,0,,9,,6,,,,2,0,0,3,,0,10,1,1,1,0,0,0,1,0,0,27,42,39,7,6,12,17,3,1,0,0,2,,,,1,0,0,0,0,0,0,0,0,0,,,1,27,43,27,12,4,0,0,0
SLN189909070,box,1899-09-07,0,STL05,R,0,CIN,SLN,1,1,0,0,1,,29,4,6,13,1,0,2,,2,,3,0,4,0,1,2,0,0,1,0,4,1,1,1,0,0,0,1,0,0,25,31,31,2,1,7,9,2,0,0,0,0,0,6,0,0,0,0,0,0,0,0,0,0,0,,,1,25,33,25,6,2,0,0,0
SLN189909080,box,1899-09-08,0,STL05,R,0,CIN,SLN,1,0,1,0,1,,36,3,11,13,0,1,0,,2,,1,,5,,1,0,0,2,,0,8,1,1,1,0,0,0,0,1,0,24,43,40,12,9,15,33,1,1,5,0,3,,1,,0,0,0,0,0,0,0,0,0,0,,,1,24,42,24,15,3,0,0,0
SLN189909090,box,1899-09-09,0,STL05,R,0,CIN,SLN,1,0,1,0,1,,29,6,6,12,0,0,2,,6,,4,,2,,2,0,0,1,,0,5,1,1,0,0,0,1,0,1,0,22,41,35,12,11,15,21,1,1,1,0,3,,4,,2,1,0,0,0,0,0,0,0,0,,,1,22,30,22,6,2,1,0,0
CIN189909101,box,1899-09-10,1,CIN05,R,1,CIN,CL4,1,1,0,0,1,,33,10,17,23,2,2,0,,6,,0,0,0,,1,0,0,1,,0,7,1,1,1,0,0,0,1,0,0,21,29,25,2,1,5,7,2,0,0,0,3,,0,,1,0,0,0,0,0,0,0,0,0,,,1,21,29,21,7,1,0,0,0
CIN189909102,box,1899-09-10,2,CIN05,R,1,CIN,LS3,1,1,0,0,1,,36,8,16,21,3,1,0,,8,,1,,,,1,1,0,1,,0,7,1,1,1,0,0,0,1,0,0,27,41,37,7,4,11,13,0,1,0,0,2,,,,2,0,0,0,0,0,0,0,0,0,,,1,27,49,27,17,5,0,0,0
WSN189909110,box,1899-09-11,0,WAS06,R,0,CIN,WSN,1,0,0,1,1,,33,3,11,13,2,0,0,,3,,3,,7,,2,0,0,1,,0,11,1,1,1,0,0,0,0,0,0,24,34,32,3,1,8,10,2,0,0,0,1,,5,,0,1,0,0,0,0,0,0,0,0,,,1,24,38,24,11,3,0,0,0
WSN189909121,box,1899-09-12,1,WAS06,R,0,CIN,WSN,1,0,1,0,1,,29,3,4,8,2,1,0,,3,,3,0,5,1,0,0,0,1,2,0,2,1,1,0,0,0,1,0,1,0,27,40,35,7,6,11,14,1,1,0,0,2,0,5,0,1,1,0,0,0,1,0,0,0,0,,,1,27,49,27,21,1,0,0,0
WSN189909122,box,1899-09-12,2,WAS06,R,0,CIN,WSN,1,0,1,0,1,,31,4,8,14,1,1,1,,4,,4,0,4,0,0,0,0,1,3,0,4,1,1,1,0,0,0,0,1,0,26,40,34,5,5,11,17,4,1,0,0,3,0,2,0,2,1,0,0,0,0,0,0,0,0,,,1,26,43,26,15,2,0,0,0
WSN189909131,box,1899-09-13,1,WAS06,R,0,CIN,WSN,1,1,0,0,1,,42,14,15,21,2,2,0,,12,,6,,2,,1,1,0,1,,0,9,1,1,1,0,0,0,1,0,0,27,39,35,4,4,11,14,1,1,0,0,3,,3,,1,0,0,0,1,0,0,0,0,0,,,1,27,34,27,7,0,1,0,0
WSN189909132,box,1899-09-13,2,WAS06,R,0,CIN,WSN,1,0,1,0,1,,23,3,7,7,0,0,0,,3,,1,,2,,0,2,0,2,,0,5,1,1,1,0,0,0,0,1,0,18,26,25,6,3,7,11,1,0,1,0,0,0,2,,1,0,0,0,0,0,0,0,0,0,,,1,18,34,18,14,2,0,0,2
WSN189909140,box,1899-09-14,0,WAS06,R,0,CIN,WSN,1,0,1,0,1,,35,2,9,11,0,1,0,,1,,3,,4,,0,0,0,1,,0,9,1,1,1,0,0,0,0,1,0,24,33,31,7,6,10,11,1,0,0,0,1,,7,,1,0,0,0,0,0,0,0,0,0,,,1,24,38,24,13,1,0,0,1
BLN189909150,box,1899-09-15,0,BAL07,R,0,CIN,BLN,1,1,0,0,1,,36,7,12,12,0,0,0,,2,,3,,3,,1,2,0,0,,0,8,1,1,1,0,0,0,1,0,0,27,38,35,2,1,10,12,2,0,0,0,2,,3,,0,1,0,0,0,0,0,0,0,0,,,1,27,40,27,12,1,0,0,1
BLN189909160,box,1899-09-16,0,BAL07,R,0,CIN,BLN,1,0,1,0,1,,35,5,8,9,1,0,0,,5,,1,,2,,0,1,0,0,,0,5,1,1,1,0,0,0,0,1,0,26,40,37,6,1,12,17,1,2,0,0,2,,3,,1,0,0,0,0,0,0,0,0,0,,,1,26,40,26,11,3,0,0,0
BLN189909180,box,1899-09-18,0,BAL07,R,0,CIN,BLN,1,0,1,0,1,,29,2,6,11,1,2,0,,2,,0,0,4,,1,2,0,0,,0,3,1,1,1,0,0,0,0,1,0,25,33,32,3,2,7,8,1,0,0,0,0,0,4,,1,0,0,0,0,0,0,0,0,0,,,1,25,41,25,14,2,0,0,1
PHI189909200,box,1899-09-20,0,PHI09,R,0,CIN,PHI,1,0,1,0,1,,33,3,7,7,0,0,0,,2,,2,0,2,1,2,0,0,2,1,0,7,1,1,1,0,0,0,0,1,0,24,38,30,4,4,9,10,1,0,0,0,6,0,0,0,2,0,0,0,1,0,0,0,0,0,,,1,24,40,24,14,2,2,0,0
PHI189909210,box,1899-09-21,0,PHI09,R,0,CIN,PHI,1,1,0,0,1,,39,5,10,13,0,0,1,,5,,2,,4,,0,0,0,0,,0,9,1,1,1,0,0,0,1,0,0,27,36,34,4,3,7,9,2,0,0,0,2,,,,0,0,0,0,0,0,0,0,0,0,,,1,27,38,27,10,1,0,0,0
PHI189909221,box,1899-09-22,1,PHI09,R,0,CIN,PHI,1,1,0,0,1,,36,6,12,16,2,1,0,,6,,3,,,,0,0,0,4,,0,6,1,1,1,0,0,0,1,0,0,27,38,33,2,0,7,7,0,0,0,0,3,,,,1,1,0,0,0,0,0,0,0,0,,,1,27,37,27,9,1,0,0,0
PHI189909222,box,1899-09-22,2,PHI09,R,0,CIN,PHI,1,0,1,0,1,,23,5,9,10,1,0,0,,4,,2,,,,0,0,0,0,,0,5,1,1,1,0,0,0,0,1,0,15,27,21,8,5,7,9,2,0,0,0,4,,0,,1,1,0,0,0,0,0,0,0,0,,,1,15,25,15,7,3,0,0,0
CIN189909241,box,1899-09-24,1,CIN05,R,1,CIN,CHN,1,0,1,0,1,,38,5,13,16,3,0,0,,4,,3,,0,,0,0,0,0,,0,9,1,1,1,0,0,0,0,1,0,27,54,48,21,13,23,34,5,0,2,0,3,,4,,2,1,0,0,0,0,0,0,0,0,,,1,27,46,27,14,5,2,0,0
CIN189909242,box,1899-09-24,2,CIN05,R,1,CIN,CHN,1,1,0,0,1,,22,11,12,16,2,1,0,,11,,1,,,,0,2,0,3,,0,2,1,1,1,0,0,0,1,0,0,15,18,17,1,1,5,8,1,1,0,0,1,,0,,0,0,0,0,0,0,0,0,0,0,,,1,15,22,15,7,0,1,0,0
PIT189909280,box,1899-09-28,0,PIT05,R,0,CIN,PIT,1,0,1,0,1,,35,5,8,9,1,0,0,,5,,1,,4,,0,0,0,0,,0,4,1,1,1,0,0,0,0,1,0,24,39,36,7,5,11,17,4,1,0,0,2,,1,,0,1,0,0,2,0,0,0,0,0,,,1,24,41,24,13,4,0,0,0
PIT189909300,box,1899-09-30,0,PIT05,R,0,CIN,PIT,1,0,0,1,1,,38,3,9,14,1,2,0,,3,,1,,,,2,1,0,0,,0,9,1,1,1,0,0,0,0,0,0,30,41,38,3,2,7,11,0,2,0,0,3,,3,,0,0,0,0,0,0,0,0,0,0,,,1,30,49,30,15,4,1,0,0
CHN189910010,box,1899-10-01,0,CHI08,R,0,CIN,CHN,1,1,0,0,1,,32,7,6,11,3,1,0,,6,,4,,2,,1,1,0,1,,0,4,1,1,1,0,0,0,1,0,0,27,36,33,3,2,9,11,2,0,0,0,2,,3,,0,1,0,0,0,0,0,0,0,0,,,1,27,44,27,14,3,2,0,0
CIN189910050,box,1899-10-05,0,CIN05,R,1,CIN,LS3,1,0,1,0,1,,32,0,6,8,0,1,0,,0,,1,0,,1,1,0,0,0,0,0,7,1,1,1,0,0,0,0,1,0,27,35,34,4,4,8,8,0,0,0,0,1,0,,0,0,0,0,0,0,0,0,0,0,0,,,1,27,46,27,17,2,1,0,0
CIN189910060,box,1899-10-06,0,CIN05,R,1,CIN,LS3,1,1,0,0,1,,32,8,12,14,2,0,0,,5,,1,0,,0,3,2,0,5,2,0,6,1,1,1,0,0,0,1,0,0,27,30,30,1,0,1,1,0,0,0,0,0,0,,0,0,0,0,0,0,0,0,0,0,0,,,1,27,32,27,3,2,0,0,0
CIN189910070,box,1899-10-07,0,CIN05,R,1,CIN,LS3,1,1,0,0,1,,34,4,8,8,0,0,0,,4,,2,,,,1,1,0,1,,0,10,1,1,1,0,0,0,1,0,0,27,37,34,2,0,8,9,1,0,0,0,2,,,,0,0,0,0,0,1,0,0,0,0,,,1,27,41,27,12,2,1,0,0
SLN189910081,box,1899-10-08,1,STL05,R,0,CIN,SLN,1,0,1,0,1,,40,7,7,10,1,1,0,,4,,0,0,3,,0,3,0,1,,0,6,1,1,1,0,0,0,0,1,0,27,43,34,8,5,10,16,1,1,1,0,5,,0,,0,3,0,0,1,1,0,0,0,0,,,1,27,47,27,17,3,0,0,0
SLN189910082,box,1899-10-08,2,STL05,R,0,CIN,SLN,1,0,0,1,1,,16,1,4,6,0,1,0,,1,,1,,0,,1,0,0,0,,0,2,1,1,1,0,0,0,0,0,0,15,18,17,1,1,4,5,1,0,0,0,0,0,2,,0,1,0,0,0,0,0,0,0,0,,,1,15,20,15,5,0,0,0,0
SLN189910091,box,1899-10-09,1,STL05,R,0,CIN,SLN,1,0,1,0,1,,38,4,10,11,1,0,0,,4,,4,,0,,0,0,0,0,,0,11,1,1,1,0,0,0,0,1,0,24,34,30,6,6,9,12,3,0,0,0,3,,1,,0,1,0,0,0,0,0,0,0,0,,,1,24,38,24,13,1,0,0,2
SLN189910092,box,1899-10-09,2,STL05,R,0,CIN,SLN,1,0,0,1,1,,21,6,7,14,1,3,0,,6,,5,0,6,1,0,2,0,1,1,0,4,1,1,1,0,0,0,0,0,0,18,33,28,6,3,9,11,2,0,0,0,5,0,0,0,0,0,0,0,0,0,0,0,0,0,,,1,18,32,18,12,2,0,0,0
CIN189910120,box,1899-10-12,0,CIN05,R,1,CIN,CL4,1,1,0,0,1,,23,6,6,7,1,0,0,,6,,4,0,,1,1,0,0,0,0,0,4,1,1,1,0,0,0,1,0,0,21,33,31,2,2,9,10,1,0,0,0,2,0,,1,0,0,0,0,0,0,0,0,0,0,,,1,21,33,21,9,3,1,0,0
CIN189910140,box,1899-10-14,0,CIN05,R,1,CIN,CL4,1,1,0,0,1,,39,12,17,22,1,2,0,,9,,0,0,,,1,2,0,8,,0,6,1,1,1,0,0,0,1,0,0,27,37,35,4,3,9,10,1,0,0,0,2,,,,0,0,0,0,0,0,0,0,0,0,,,1,27,37,27,9,1,0,0,0
CIN189910151,box,1899-10-15,1,CIN05,R,1,CIN,CL4,1,1,0,0,1,,39,16,17,24,1,3,0,,14,,5,,,,0,1,0,2,,0,5,1,1,1,0,0,0,1,0,0,27,32,32,1,1,6,7,1,0,0,0,0,0,,,0,0,0,0,0,0,0,0,0,0,,,1,27,47,27,18,2,0,0,0
CIN189910152,box,1899-10-15,2,CIN05,R,1,CIN,CL4,1,1,0,0,1,,37,19,18,29,3,4,0,,14,,5,,,,0,1,0,5,,0,0,1,1,1,0,0,0,1,0,0,27,40,39,3,2,12,13,1,0,0,0,1,,,,0,0,0,0,0,0,0,0,0,0,,,1,27,38,27,8,3,1,0,0
SLN189904150,box,1899-04-15,0,STL05,R,0,CL4,SLN,1,0,1,0,1,,35,1,6,6,0,0,0,,1,,1,0,3,1,0,0,0,0,0,0,8,1,1,1,0,0,0,0,1,0,24,40,35,10,5,13,20,5,1,0,0,4,0,0,0,0,1,0,0,0,0,0,0,0,0,,,1,24,43,24,14,5,0,0,1
SLN189904160,box,1899-04-16,0,STL05,R,0,CL4,SLN,1,0,1,0,1,,37,5,12,15,3,0,0,,5,,2,0,,0,1,0,0,3,0,0,8,1,1,1,0,0,0,0,1,0,24,36,31,6,6,7,12,2,0,1,0,3,0,,0,2,0,0,0,1,0,0,0,0,0,,,1,24,35,24,10,1,1,0,0
LS3189904200,box,1899-04-20,0,LOU03,R,0,CL4,LS3,1,0,1,0,1,,32,2,6,8,2,0,0,,1,,1,,,,0,0,0,0,,0,4,1,1,1,0,0,0,0,1,0,24,40,34,11,11,15,22,5,1,0,0,3,,,,2,1,0,0,0,0,0,0,0,0,,,1,24,43,24,18,1,1,0,0
LS3189904210,box,1899-04-21,0,LOU03,R,0,CL4,LS3,1,0,1,0,1,,30,4,5,6,1,0,0,,4,,4,0,,1,0,1,0,0,0,0,4,1,1,1,0,0,0,0,1,0,24,47,39,11,11,21,27,6,0,0,0,4,0,,0,1,3,0,0,0,0,0,0,0,0,,,1,24,36,24,11,1,0,0,0
LS3189904221,box,1899-04-22,1,LOU03,R,0,CL4,LS3,1,1,0,0,1,,42,6,14,18,2,1,0,,6,,4,,,,0,0,0,3,,0,13,1,1,0,0,0,1,1,0,0,27,38,34,5,5,10,13,1,1,0,0,2,,,,1,1,0,0,0,0,0,0,0,0,,,1,27,41,27,12,2,1,0,0
LS3189904222,box,1899-04-22,2,LOU03,R,0,CL4,LS3,1,0,1,0,1,,39,2,13,13,0,0,0,,1,,1,0,,0,0,1,0,1,0,0,12,1,1,0,0,0,1,0,1,0,24,46,31,15,13,9,12,1,1,0,0,11,0,,0,0,4,0,0,4,0,0,0,0,0,,,1,24,45,24,16,5,0,0,0
CIN189904260,box,1899-04-26,0,CIN05,R,0,CL4,CIN,1,0,1,0,1,,38,5,11,13,2,0,0,,5,,4,0,1,0,0,0,0,0,0,0,10,1,1,1,0,0,0,0,1,0,27,44,41,10,8,16,24,6,1,0,0,2,0,0,0,0,1,0,0,0,0,0,0,0,0,,,1,27,47,27,15,5,1,0,0
CIN189904300,box,1899-04-30,0,CIN05,R,0,CL4,CIN,1,0,1,0,1,,31,0,7,10,3,0,0,,0,,1,,0,,0,0,0,0,,0,5,1,1,1,0,0,0,0,1,0,24,39,36,9,7,15,18,1,1,0,0,0,0,0,,0,3,0,0,0,0,0,0,0,0,,,1,24,38,24,11,3,1,0,0
CL4189905011,box,1899-05-01,1,CLE05,R,1,CL4,LS3,1,1,0,0,1,,49,5,14,16,2,0,0,,5,,6,0,,2,2,4,0,0,0,0,14,1,1,0,0,0,1,1,0,0,42,57,52,4,4,13,18,3,1,0,0,3,0,,1,2,0,0,0,0,0,0,0,0,0,,,1,42,61,42,19,0,2,0,0
CL4189905012,box,1899-05-01,2,CLE05,R,1,CL4,LS3,1,0,1,0,1,,30,1,4,6,0,1,0,,1,,2,0,2,0,0,0,0,0,0,0,4,1,1,1,0,0,0,0,1,0,24,35,28,2,1,7,7,0,0,0,0,4,0,5,0,1,2,0,0,0,0,0,0,0,0,,,1,24,36,24,11,1,0,0,0
CL4189905021,box,1899-05-02,1,CLE05,R,1,CL4,LS3,1,0,1,0,1,,33,2,6,8,0,1,0,,2,,2,,2,,0,1,0,2,,0,7,1,1,1,0,0,0,0,1,0,24,34,32,3,0,9,10,1,0,0,0,2,,1,,0,0,0,0,0,0,0,0,0,0,,,1,24,42,24,15,3,0,0,0
CL4189905022,box,1899-05-02,2,CLE05,R,1,CL4,LS3,1,1,0,0,1,,36,9,13,17,2,1,0,,8,,2,,2,,0,2,0,2,,0,4,1,1,1,0,0,0,1,0,0,27,38,37,5,4,11,13,2,0,0,0,0,0,2,,0,1,0,0,0,0,0,0,0,0,,,1,27,41,27,13,1,0,0,0
CL4189905030,box,1899-05-03,0,CLE05,R,1,CL4,CHN,1,0,1,0,1,,38,4,10,13,3,0,0,,4,,2,0,1,2,0,1,0,3,0,0,7,1,1,1,0,0,0,0,1,0,30,41,37,7,5,11,15,4,0,0,0,4,0,2,0,0,0,0,0,0,0,0,0,0,0,,,1,30,49,30,17,2,0,0,0
CL4189905040,box,1899-05-04,0,CLE05,R,1,CL4,CHN,1,0,1,0,1,,33,2,8,8,0,0,0,,2,,3,0,1,2,0,0,0,2,0,0,7,1,1,1,0,0,0,0,1,0,27,42,36,10,7,14,19,3,1,0,0,2,0,1,1,1,3,0,0,0,0,0,0,0,0,,,1,27,40,27,11,2,1,0,0
CL4189905050,box,1899-05-05,0,CLE05,R,1,CL4,CHN,1,0,1,0,1,,35,2,8,8,0,0,0,,1,,1,0,,1,0,0,0,0,0,0,7,1,1,1,0,0,0,0,1,0,24,42,37,11,7,14,20,4,1,0,0,3,0,,0,0,2,0,0,0,0,0,0,0,0,,,1,24,42,24,14,4,0,0,0
CHN189905060,box,1899-05-06,0,CHI08,R,0,CL4,CHN,1,0,1,0,1,,40,5,11,15,2,1,0,,4,,1,0,2,0,0,0,0,2,0,0,9,1,1,1,0,0,0,0,1,0,24,41,36,10,7,11,13,0,1,0,0,2,0,2,0,1,1,0,0,0,1,0,0,0,0,,,1,24,35,24,8,3,0,0,1
CHN189905080,box,1899-05-08,0,CHI08,R,0,CL4,CHN,1,0,1,0,1,,42,7,13,16,3,0,0,,6,,0,0,0,,1,1,0,1,,0,10,1,1,1,0,0,0,0,1,0,25,39,32,8,8,10,14,1,0,1,0,3,,3,,2,2,0,0,0,0,0,0,0,0,,,1,25,37,25,11,1,0,0,1
CL4189905090,box,1899-05-09,0,CLE05,R,1,CL4,SLN,1,0,1,0,1,,32,1,4,4,0,0,0,,1,,2,0,2,0,0,0,0,1,0,0,6,1,1,1,0,0,0,0,1,0,27,41,35,8,3,10,12,0,1,0,0,4,0,,0,0,2,0,0,0,0,0,0,0,0,,,1,27,43,27,15,1,1,0,0
CL4189905100,box,1899-05-10,0,CLE05,R,1,CL4,SLN,1,0,1,0,1,,33,2,10,11,1,0,0,,1,,2,0,2,1,0,0,0,2,0,0,6,1,1,1,0,0,0,0,1,0,27,45,38,12,11,15,21,4,1,0,0,5,0,2,0,0,2,0,0,0,0,0,0,0,0,,,1,27,51,27,22,2,0,0,0
CL4189905110,box,1899-05-11,0,CLE05,R,1,CL4,SLN,1,0,1,0,1,,40,6,18,19,1,0,0,,6,,0,0,1,1,1,2,0,1,1,0,10,1,1,1,0,0,0,0,1,0,24,42,38,8,3,16,18,2,0,0,0,3,0,1,1,1,0,0,0,0,0,0,0,0,0,,,1,24,37,24,10,3,2,0,0
CL4189905120,box,1899-05-12,0,CLE05,R,1,CL4,SLN,1,0,1,0,1,,38,4,9,10,1,0,0,,4,,0,0,,0,2,1,0,0,0,0,7,1,1,1,0,0,0,0,1,0,27,38,36,5,5,11,16,2,0,1,0,1,0,,0,0,0,0,0,0,1,0,0,0,0,,,1,27,37,27,10,0,0,0,0
PIT189905130,box,1899-05-13,0,PIT05,R,0,CL4,PIT,1,0,1,0,1,,31,0,3,4,1,0,0,,0,,1,,2,,1,0,0,0,,0,6,1,1,1,0,0,0,0,1,0,24,39,37,6,2,12,16,0,2,0,0,2,,2,,0,0,0,0,0,0,0,0,0,0,,,1,24,38,24,11,3,0,0,0
CL4189905150,box,1899-05-15,0,CLE05,R,1,CL4,CIN,1,0,1,0,1,,34,2,6,7,1,0,0,,1,,0,0,1,0,0,0,0,2,0,0,5,1,1,1,0,0,0,0,1,0,27,35,28,3,2,8,10,2,0,0,0,4,0,0,1,1,2,0,0,0,0,0,0,0,0,,,1,27,49,27,21,1,2,0,0
CL4189905200,box,1899-05-20,0,CLE05,R,1,CL4,PHI,1,1,0,0,1,,37,10,13,20,2,1,1,,10,,3,0,2,0,1,1,0,0,1,0,8,1,1,1,0,0,0,1,0,0,27,38,36,4,4,13,15,2,0,0,0,1,0,4,0,0,1,0,0,0,0,0,0,0,0,,,1,27,44,27,17,0,1,0,0
LS3189905210,box,1899-05-21,0,LOU03,R,0,CL4,LS3,1,1,0,0,1,,37,4,8,9,1,0,0,,2,,1,0,,1,0,2,0,0,0,0,9,1,1,1,0,0,0,1,0,0,27,42,33,3,3,11,14,0,0,1,0,3,0,,1,2,3,0,0,0,1,0,0,0,0,,,1,27,43,27,14,2,3,0,0
CL4189905220,box,1899-05-22,0,CLE05,R,1,CL4,WSN,1,0,1,0,1,,34,3,7,8,1,0,0,,3,,4,0,,1,0,0,0,0,0,0,8,1,1,0,0,0,1,0,1,0,27,49,42,14,11,16,24,1,2,1,0,2,0,,0,3,2,0,0,2,0,0,0,0,0,,,1,27,43,27,14,2,0,0,0
CL4189905230,box,1899-05-23,0,CLE05,R,1,CL4,WSN,1,1,0,0,1,,28,4,8,11,0,0,1,,4,,2,0,0,0,1,1,0,4,1,0,4,1,1,1,0,0,0,1,0,0,27,41,37,3,2,8,9,1,0,0,0,3,0,4,0,0,1,0,0,0,1,0,0,0,0,,,1,27,41,27,10,4,0,0,0
CL4189905240,box,1899-05-24,0,CLE05,R,1,CL4,WSN,1,0,1,0,1,,39,6,12,14,2,0,0,,6,,5,0,,0,0,0,0,0,1,0,11,1,1,1,0,0,0,0,1,0,27,41,37,8,8,14,20,0,3,0,0,2,0,,1,0,2,0,0,0,0,0,0,0,0,,,1,27,39,27,10,2,2,0,0
CL4189905250,box,1899-05-25,0,CLE05,R,1,CL4,BLN,1,1,0,0,1,,34,8,12,12,0,0,0,,7,,2,0,1,1,1,1,0,1,1,0,6,1,1,1,0,0,0,1,0,0,27,42,37,6,4,9,15,4,1,0,0,3,0,4,0,2,0,0,0,0,0,0,0,0,0,,,1,27,38,27,8,3,0,0,0
CL4189905260,box,1899-05-26,0,CLE05,R,1,CL4,BLN,1,0,1,0,1,,32,0,6,6,0,0,0,,0,,3,,4,,0,0,0,1,,0,8,1,1,0,0,0,1,0,1,0,27,50,44,12,12,21,24,1,1,0,0,5,,3,,1,0,0,0,0,0,0,0,0,0,,,1,27,34,26,6,2,1,0,0
PHI189905290,box,1899-05-29,0,PHI09,R,0,CL4,PHI,1,0,1,0,1,,31,1,5,7,0,1,0,,1,,2,0,0,0,1,3,0,1,0,0,9,1,1,1,0,0,0,0,1,0,24,39,37,7,5,14,17,1,1,0,0,0,0,5,0,0,2,0,0,0,0,0,0,0,0,,,1,24,36,24,9,3,1,0,0
BSN189905301,box,1899-05-30,1,BOS05,R,0,CL4,BSN,1,0,1,0,1,,32,3,5,8,0,0,1,,2,,1,0,,0,0,0,0,0,0,0,3,1,1,0,0,0,1,0,1,0,24,41,33,7,6,12,14,0,1,0,0,6,0,,1,1,1,0,0,1,0,0,0,0,0,,,1,24,35,24,10,1,1,0,1
BSN189905302,box,1899-05-30,2,BOS05,R,0,CL4,BSN,1,1,0,0,1,,35,6,11,12,1,0,0,,5,,3,0,1,0,0,1,0,0,0,0,6,1,1,1,0,0,0,1,0,0,27,33,32,3,2,5,9,1,0,1,0,1,0,0,1,0,0,0,0,1,0,0,0,0,0,,,1,27,40,27,12,1,1,0,0
BSN189905310,box,1899-05-31,0,BOS05,R,0,CL4,BSN,1,0,1,0,1,,39,10,16,20,0,2,0,,10,,8,0,3,0,1,3,0,0,0,0,14,1,1,0,0,0,1,0,1,0,27,57,43,16,14,18,24,0,3,0,0,6,0,2,2,0,1,0,0,1,0,0,0,0,0,,,1,27,39,24,10,5,2,0,0
BSN189906010,box,1899-06-01,0,BOS05,R,0,CL4,BSN,1,0,1,0,1,,25,6,4,5,1,0,0,,4,,4,0,2,1,3,4,0,1,3,0,3,1,1,1,0,0,0,0,1,0,24,42,37,12,6,15,21,4,1,0,0,4,0,1,0,0,1,0,0,0,0,0,0,0,0,,,1,24,37,24,11,2,1,0,0
BRO189906020,box,1899-06-02,0,NYC12,R,0,CL4,BRO,1,0,1,0,1,,35,10,13,14,1,0,0,,7,,3,0,,2,1,2,0,0,0,0,4,1,1,0,0,0,1,0,1,0,26,51,36,11,6,11,11,0,0,0,0,13,0,,0,1,1,0,0,0,0,0,0,0,0,,,1,26,37,26,9,2,0,0,0
BRO189906030,box,1899-06-03,0,NYC12,R,0,CL4,BRO,1,0,1,0,1,,38,4,11,15,2,1,0,,3,,1,0,,1,0,0,0,0,0,0,8,1,1,1,0,0,0,0,1,0,24,47,37,13,8,13,15,0,1,0,0,9,0,3,0,1,0,0,0,1,0,0,0,0,0,,,1,24,40,24,11,5,0,0,0
BRO189906050,box,1899-06-05,0,NYC12,R,0,CL4,BRO,1,0,1,0,1,,29,2,4,4,0,0,0,,1,,4,0,0,0,0,0,0,0,3,0,4,1,1,1,0,0,0,0,1,0,24,46,43,14,11,19,29,1,3,1,0,2,0,1,0,0,1,0,0,0,0,0,0,0,0,,,1,24,38,24,11,3,0,0,0
NY1189906060,box,1899-06-06,0,NYC10,R,0,CL4,NY1,1,0,1,0,1,,36,6,9,12,1,1,0,,5,,3,0,5,1,1,1,0,0,0,0,8,1,1,1,0,0,0,0,1,0,24,41,38,9,6,13,18,1,2,0,0,2,0,3,2,0,1,0,0,1,0,0,0,0,0,,,1,24,42,24,13,5,2,0,0
NY1189906070,box,1899-06-07,0,NYC10,R,0,CL4,NY1,1,0,1,0,1,,34,1,8,9,1,0,0,,1,,1,0,2,0,0,1,0,0,0,0,8,1,1,1,0,0,0,0,1,0,24,40,31,7,4,11,13,2,0,0,0,8,0,1,0,0,1,0,0,0,0,0,0,0,0,,,1,24,41,24,15,2,0,0,0
NY1189906080,box,1899-06-08,0,NYC10,R,0,CL4,NY1,1,0,1,0,1,,38,5,15,19,2,1,0,,5,,2,0,4,2,1,0,0,1,0,0,9,1,1,0,0,0,1,0,1,0,24,46,38,14,12,18,20,2,0,0,0,7,0,2,1,0,1,0,0,0,0,0,0,0,0,,,1,24,42,24,15,3,2,0,0
NY1189906090,box,1899-06-09,0,NYC10,R,0,CL4,NY1,1,0,1,0,1,,36,6,11,15,1,0,1,,5,,1,0,2,1,0,1,0,2,0,0,5,1,1,1,0,0,0,0,1,0,24,34,34,7,5,13,19,4,1,0,0,0,0,0,0,0,0,0,0,1,0,0,0,0,0,,,1,24,34,24,9,1,1,0,1
CIN189906112,box,1899-06-11,2,CIN05,R,0,CL4,CIN,1,0,1,0,1,,34,1,8,10,0,1,0,,1,,4,,,,0,0,0,0,,0,10,1,1,1,0,0,0,0,1,0,24,40,29,10,6,8,8,0,0,0,0,8,,,,2,1,0,0,0,0,0,0,0,0,,,1,24,39,24,13,2,1,0,0
CL4189906120,box,1899-06-12,0,CLE05,R,1,CL4,PIT,1,0,1,0,1,,33,3,10,11,1,0,0,,3,,4,,,,0,0,0,0,,0,7,1,1,1,0,0,0,0,1,0,27,40,34,5,3,11,11,0,0,0,0,2,,2,,0,4,0,0,0,0,0,0,0,0,,,1,27,45,27,14,4,0,0,0
CL4189906130,box,1899-06-13,0,CLE05,R,1,CL4,PIT,1,0,1,0,1,,39,6,13,18,2,0,1,,6,,2,,1,,0,0,0,3,,0,8,1,1,1,0,0,0,0,1,0,27,44,38,10,6,10,10,0,0,0,0,6,,1,,0,0,0,0,0,0,0,0,0,0,,,1,27,48,27,14,7,0,0,0
CL4189906140,box,1899-06-14,0,CLE05,R,1,CL4,PIT,1,0,1,0,1,,34,1,6,7,1,0,0,,1,,1,0,,0,1,0,0,0,0,0,8,1,1,0,0,0,1,0,1,0,24,41,37,10,10,16,21,1,2,0,0,3,0,,0,0,1,0,0,0,0,0,0,0,0,,,1,24,36,24,11,1,0,0,0
CL4189906150,box,1899-06-15,0,CLE05,R,1,CL4,PIT,1,1,0,0,1,,32,6,9,9,0,0,0,,5,,2,0,3,0,0,0,0,0,0,0,4,1,1,1,0,0,0,1,0,0,27,34,32,2,2,7,11,4,0,0,0,2,0,3,1,0,0,0,0,0,0,0,0,0,0,,,1,27,38,27,11,0,2,0,0
PIT189906170,box,1899-06-17,0,PIT05,R,0,CL4,PIT,1,0,1,0,1,,32,2,5,5,0,0,0,,2,,2,,3,,2,0,0,1,,0,7,1,1,1,0,0,0,0,1,0,25,33,29,3,3,10,12,2,0,0,0,2,,0,,1,1,0,0,0,0,0,0,0,0,,,1,25,38,25,12,1,3,0,1
CL4189906190,box,1899-06-19,0,CLE05,R,1,CL4,BRO,1,0,1,0,1,,32,1,5,5,0,0,0,,1,,0,0,1,0,2,0,0,1,0,0,6,1,1,1,0,0,0,0,1,0,27,43,32,6,6,9,10,1,0,0,0,8,0,0,1,2,1,0,0,0,0,0,0,0,0,,,1,27,45,27,17,1,3,0,1
CL4189906200,box,1899-06-20,0,CLE05,R,1,CL4,BRO,1,0,1,0,1,,40,7,12,16,2,1,0,,6,,3,0,,1,0,0,0,2,0,0,9,1,1,1,0,0,0,0,1,0,27,45,43,9,7,16,20,1,0,1,0,1,0,,0,1,0,0,0,0,0,0,0,0,0,,,1,27,43,27,13,3,1,0,0
CL4189906210,box,1899-06-21,0,CLE05,R,1,CL4,BRO,1,0,1,0,1,,44,6,14,15,1,0,0,,5,,2,0,3,0,0,0,0,3,0,0,13,1,1,1,0,0,0,0,1,0,27,44,41,10,8,16,18,0,1,0,0,1,0,0,2,1,1,0,0,0,0,0,0,0,0,,,1,27,40,27,11,2,2,0,0
CL4189906220,box,1899-06-22,0,CLE05,R,1,CL4,BRO,1,0,1,0,1,,32,0,5,6,1,0,0,,0,,2,0,1,0,0,0,0,2,0,0,7,1,1,1,0,0,0,0,1,0,24,37,33,8,8,12,14,2,0,0,0,1,0,1,1,0,1,0,0,0,2,0,0,0,0,,,1,24,38,24,12,2,1,0,0
CL4189906230,box,1899-06-23,0,CLE05,R,1,CL4,NY1,1,0,1,0,1,,31,2,8,8,0,0,0,,1,,3,0,0,1,1,0,0,3,1,0,6,1,1,1,0,0,0,0,1,0,27,46,36,8,6,12,14,2,0,0,0,9,0,0,1,0,1,0,0,0,0,0,0,0,0,,,1,27,43,27,12,4,2,0,0
CL4189906240,box,1899-06-24,0,CLE05,R,1,CL4,NY1,1,0,1,0,1,,37,2,11,12,1,0,0,,2,,2,0,1,0,0,1,0,0,0,0,11,1,1,1,0,0,0,0,1,0,24,37,34,7,5,10,11,1,0,0,0,3,0,1,0,0,0,0,0,0,0,0,0,0,0,,,1,24,38,24,12,2,0,0,1
SLN189906252,box,1899-06-25,2,STL05,R,0,CL4,SLN,1,1,0,0,1,,35,3,9,12,1,1,0,,3,,2,,1,,0,2,0,1,,0,9,1,1,1,0,0,0,1,0,0,27,37,31,1,1,8,8,0,0,0,0,3,,0,,1,2,0,0,0,0,0,0,0,0,,,1,27,44,26,17,1,1,0,0
CL4189906260,box,1899-06-26,0,CLE05,R,1,CL4,NY1,1,0,1,0,1,,39,7,12,18,4,1,0,,4,,2,0,1,0,0,0,0,1,0,0,8,1,1,1,0,0,0,0,1,0,24,44,32,10,9,9,10,1,0,0,0,9,0,1,0,3,0,0,0,1,0,0,0,0,0,,,1,24,38,24,13,1,1,0,0
CL4189906270,box,1899-06-27,0,CLE05,R,1,CL4,NY1,1,0,1,0,1,,35,1,11,12,1,0,0,,1,,2,0,,1,0,1,0,0,2,0,10,1,1,1,0,0,0,0,1,0,24,36,30,6,4,5,5,0,0,0,0,5,0,,0,0,0,0,0,0,1,0,0,0,0,,,1,24,41,24,15,2,1,0,0
CL4189906290,box,1899-06-29,0,CLE05,R,1,CL4,BSN,1,1,0,0,1,,32,7,10,10,0,0,0,,7,,3,0,1,0,1,1,0,2,1,0,6,1,1,1,0,0,0,1,0,0,27,38,37,2,2,10,14,2,1,0,0,1,0,0,0,0,0,0,0,0,0,0,0,0,0,,,1,27,37,27,8,2,0,0,0
CL4189906300,box,1899-06-30,0,CLE05,R,1,CL4,BSN,1,0,1,0,1,,33,1,7,9,2,0,0,,1,,1,,,,1,0,0,0,,0,7,1,1,1,0,0,0,0,1,0,27,37,33,3,0,6,8,2,0,0,0,2,,0,,2,0,0,0,0,0,0,0,0,0,,,1,27,44,27,13,4,2,0,0
CL4189907011,box,1899-07-01,1,CLE05,R,1,CL4,BSN,1,1,0,0,1,,45,10,14,18,2,1,0,,9,,3,0,1,0,1,0,0,3,0,0,8,1,1,1,0,0,0,1,0,0,33,55,47,9,6,15,19,2,1,0,0,2,0,0,0,3,3,0,0,0,0,0,0,0,0,,,1,33,49,31,16,2,0,0,0
CL4189907012,box,1899-07-01,2,CLE05,R,1,CL4,BSN,1,0,1,0,1,,21,0,2,2,0,0,0,,0,,1,,1,,0,0,0,0,,0,4,1,1,0,0,0,1,0,1,0,18,36,33,14,13,17,23,2,2,0,0,1,,1,,1,1,0,0,0,0,0,0,0,0,,,1,18,23,18,4,1,0,0,0
PIT189907030,box,1899-07-03,0,PIT05,R,0,CL4,PIT,1,0,1,0,1,,36,1,6,7,1,0,0,,1,,0,0,,,0,0,0,0,,0,8,1,1,1,0,0,0,0,1,0,24,39,36,7,4,12,16,1,0,1,0,3,,,,0,0,0,0,0,0,0,0,0,0,,,1,24,43,24,15,4,0,0,0
PIT189907041,box,1899-07-04,1,PIT05,R,0,CL4,PIT,1,0,1,0,1,,39,3,9,11,0,1,0,,2,,0,0,1,,0,0,0,2,,0,6,1,1,1,0,0,0,0,1,0,29,42,38,4,3,13,16,3,0,0,0,2,,2,,0,2,0,0,0,0,0,0,0,0,,,1,29,49,29,19,1,0,0,0
PIT189907042,box,1899-07-04,2,PIT05,R,0,CL4,PIT,1,0,1,0,1,,48,6,11,15,0,2,0,,6,,2,,2,,0,0,0,2,,0,5,1,1,1,0,0,0,0,1,0,36,57,47,7,3,15,18,3,0,0,0,4,,3,,2,4,0,0,0,0,0,0,0,0,,,1,36,62,36,23,3,0,0,0
SLN189907060,box,1899-07-06,0,STL05,R,0,CL4,SLN,1,0,1,0,1,,37,4,11,14,1,1,0,,4,,0,0,,,1,0,0,1,,0,7,1,1,1,0,0,0,0,1,0,24,41,35,9,5,11,15,1,0,1,0,5,,,,1,0,0,0,0,0,0,0,0,0,,,1,24,37,24,9,4,3,0,0
SLN189907081,box,1899-07-08,1,STL05,R,0,CL4,SLN,1,0,1,0,1,,38,4,7,9,2,0,0,,2,,1,0,5,0,0,1,0,1,1,0,7,1,1,1,0,0,0,0,1,0,29,49,42,5,5,15,17,0,1,0,0,5,0,0,1,0,2,0,0,0,0,0,0,0,0,,,1,29,51,29,20,2,1,0,0
SLN189907082,box,1899-07-08,2,STL05,R,0,CL4,SLN,1,0,1,0,1,,31,2,7,7,0,0,0,,2,,1,,2,,2,0,0,0,,0,5,1,1,1,0,0,0,0,1,0,24,38,33,6,3,14,16,0,1,0,0,2,,1,,1,2,0,0,0,0,0,0,0,0,,,1,24,41,24,14,3,1,0,0
SLN189907092,box,1899-07-09,2,STL05,R,0,CL4,SLN,1,0,1,0,1,,32,4,10,12,2,0,0,,4,,1,,1,,0,0,0,0,,0,5,1,1,1,0,0,0,0,1,0,21,42,39,11,9,17,23,0,0,2,0,3,,0,,0,0,0,0,0,0,0,0,0,0,,,1,21,35,21,10,4,0,0,0
PHI189907110,box,1899-07-11,0,PHI09,R,0,CL4,PHI,1,0,1,0,1,,32,1,7,8,1,0,0,,1,,1,,2,,2,0,0,0,,0,7,1,1,1,0,0,0,0,1,0,24,35,32,5,5,11,12,1,0,0,0,2,,0,,0,1,0,0,0,0,0,0,0,0,,,1,24,40,24,15,1,0,0,0
PHI189907120,box,1899-07-12,0,PHI09,R,0,CL4,PHI,1,0,1,0,1,,34,2,9,13,4,0,0,,2,,2,,,,2,1,0,2,,0,10,1,1,1,0,0,0,0,1,0,24,36,29,4,4,9,13,2,1,0,0,4,,,,1,2,0,0,0,0,0,0,0,0,,,1,24,39,24,14,1,0,0,0
PHI189907130,box,1899-07-13,0,PHI09,R,0,CL4,PHI,1,0,1,0,1,,24,1,2,2,0,0,0,,1,,1,,,,0,0,0,0,,0,3,1,1,1,0,0,0,0,1,0,18,29,27,5,5,12,16,4,0,0,0,2,,,,0,0,0,0,0,0,0,0,0,0,,,1,18,28,18,10,0,1,0,0
BLN189907140,box,1899-07-14,0,BAL07,R,0,CL4,BLN,1,0,1,0,1,,32,1,3,4,1,0,0,,0,,1,,3,,1,0,0,2,,0,6,1,1,1,0,0,0,0,1,0,27,47,39,14,12,14,17,0,0,1,0,6,,0,,1,1,0,0,2,0,0,0,0,0,,,1,27,43,27,14,2,0,0,0
BLN189907151,box,1899-07-15,1,BAL07,R,0,CL4,BLN,1,0,1,0,1,,29,0,4,4,0,0,0,,0,,1,,3,,0,1,0,0,,0,4,1,1,1,0,0,0,0,1,0,24,40,33,10,6,12,17,2,0,1,0,3,,3,,2,2,0,0,0,0,0,0,0,0,,,1,24,38,24,13,1,0,0,0
BLN189907152,box,1899-07-15,2,BAL07,R,0,CL4,BLN,1,0,1,0,1,,32,0,5,6,1,0,0,,0,,1,,3,,0,0,0,0,,0,6,1,1,1,0,0,0,0,1,0,24,36,29,5,3,10,11,1,0,0,0,4,,0,,2,1,0,0,0,0,0,0,0,0,,,1,24,40,24,14,2,0,0,0
BLN189907171,box,1899-07-17,1,BAL07,R,0,CL4,BLN,1,1,0,0,1,,38,7,12,16,0,2,0,,6,,0,0,1,,2,3,0,1,,0,9,1,1,1,0,0,0,1,0,0,27,36,30,2,2,6,8,0,1,0,0,4,,4,,2,0,0,0,0,0,0,0,0,0,,,1,27,38,27,10,1,0,0,0
BLN189907172,box,1899-07-17,2,BAL07,R,0,CL4,BLN,1,0,1,0,1,,38,6,12,12,0,0,0,,0,,1,,2,,0,0,0,4,,0,6,1,1,0,0,0,1,0,1,0,24,53,42,21,17,25,33,2,3,0,0,4,,0,,5,2,0,0,0,0,0,0,0,0,,,1,24,44,24,15,5,2,0,0
WSN189907181,box,1899-07-18,1,WAS06,R,0,CL4,WSN,1,1,0,0,1,,36,5,12,14,0,1,0,,5,,1,,1,,0,0,0,1,,0,8,1,1,1,0,0,0,1,0,0,27,37,33,4,3,7,9,0,1,0,0,2,,,,1,1,0,0,1,0,0,0,0,0,,,1,27,40,27,12,1,1,0,0
WSN189907182,box,1899-07-18,2,WAS06,R,0,CL4,WSN,1,0,1,0,1,,38,4,10,12,0,1,0,,3,,0,0,0,,0,0,0,0,,0,7,1,1,0,0,0,1,0,1,0,24,44,33,11,8,9,9,0,0,0,0,6,,0,,4,1,0,0,2,0,0,0,0,0,,,1,24,43,24,15,4,0,0,1
WSN189907191,box,1899-07-19,1,WAS06,R,0,CL4,WSN,1,0,1,0,1,,33,4,8,8,0,0,0,,3,,3,,1,,0,0,0,2,,0,5,1,1,1,0,0,0,0,1,0,24,36,34,7,5,11,13,0,1,0,0,2,,1,,0,0,0,0,0,0,0,0,0,0,,,1,24,40,24,13,3,0,0,0
WSN189907192,box,1899-07-19,2,WAS06,R,0,CL4,WSN,1,0,1,0,1,,36,2,6,8,0,1,0,,1,,1,,1,,0,1,0,0,,0,9,1,1,1,0,0,0,0,1,0,24,35,29,6,5,7,8,1,0,0,0,5,,3,,1,0,0,0,0,0,0,0,0,0,,,1,24,32,24,7,1,0,0,0
WSN189907200,box,1899-07-20,0,WAS06,R,0,CL4,WSN,1,0,1,0,1,,34,0,5,5,0,0,0,,0,,1,,6,,1,0,0,0,,0,9,1,1,1,0,0,0,0,1,0,24,32,26,4,4,8,11,1,1,0,0,3,,1,,2,1,0,0,0,0,0,0,0,0,,,1,24,38,24,14,0,2,0,0
WSN189907211,box,1899-07-21,1,WAS06,R,0,CL4,WSN,1,1,0,0,1,,38,5,13,20,3,2,0,,5,,2,,1,,0,0,0,2,,0,8,1,1,1,0,0,0,1,0,0,27,35,30,3,3,6,7,1,0,0,0,3,,0,,1,1,0,0,0,0,0,0,0,0,,,1,27,43,27,16,0,0,0,0
WSN189907212,box,1899-07-21,2,WAS06,R,0,CL4,WSN,1,0,1,0,1,,32,3,8,9,1,0,0,,3,,1,,1,,0,0,0,0,,0,3,1,1,1,0,0,0,0,1,0,24,36,29,5,4,7,10,0,0,1,0,4,,1,,2,1,0,0,0,0,0,0,0,0,,,1,24,43,24,18,1,1,0,0
BLN189907271,box,1899-07-27,1,BAL07,R,0,CL4,BLN,1,0,1,0,1,,41,5,13,17,4,0,0,,4,,2,,,,2,0,0,1,,0,13,1,1,1,0,0,0,0,1,0,24,40,35,8,7,13,16,3,0,0,0,4,,,,0,1,0,0,0,0,0,0,0,0,,,1,24,41,24,16,1,0,0,0
BLN189907272,box,1899-07-27,2,BAL07,R,0,CL4,BLN,1,0,1,0,1,,35,4,8,10,0,1,0,,2,,3,,1,,1,0,0,0,,0,8,1,1,1,0,0,0,0,1,0,24,40,32,9,8,13,18,1,2,0,0,6,,1,,2,0,0,0,0,0,0,0,0,0,,,1,24,42,24,15,3,1,0,0
BLN189907281,box,1899-07-28,1,BAL07,R,0,CL4,BLN,1,0,1,0,1,,34,1,9,10,1,0,0,,1,,1,,2,,0,0,0,0,,0,7,1,1,1,0,0,0,0,1,0,24,35,31,6,4,12,14,0,1,0,0,3,,1,,0,1,0,0,0,0,0,0,0,0,,,1,24,44,24,15,5,0,0,0
BLN189907282,box,1899-07-28,2,BAL07,R,0,CL4,BLN,1,0,1,0,1,,20,2,2,2,0,0,0,,1,,2,,,,0,0,0,0,,0,5,1,1,1,0,0,0,0,1,0,15,29,22,8,5,9,14,1,2,0,0,4,,1,,1,2,0,0,0,0,0,0,0,0,,,1,15,23,15,7,1,0,0,0
LS3189907301,box,1899-07-30,1,LOU03,R,0,CL4,LS3,1,0,1,0,1,,33,2,7,8,1,0,0,,4,,1,,,,0,0,0,0,,0,5,1,1,1,0,0,0,0,1,0,24,38,35,9,7,11,21,1,0,3,0,3,,,,0,0,0,0,1,0,0,0,0,0,,,1,24,39,24,12,3,1,0,0
LS3189907302,box,1899-07-30,2,LOU03,R,0,CL4,LS3,1,0,1,0,1,,45,13,20,21,1,0,0,,11,,5,,,,2,0,0,0,,0,12,1,1,0,0,0,1,0,1,0,24,46,37,16,13,15,22,1,0,2,0,6,,,,2,1,0,0,0,0,0,0,0,0,,,1,24,42,24,14,4,2,0,0
PHI189908011,box,1899-08-01,1,PHI09,R,0,CL4,PHI,1,0,1,0,1,,38,5,12,13,1,0,0,,4,,0,0,2,,3,0,0,6,,0,9,1,1,1,0,0,0,0,1,0,24,33,30,7,6,7,11,1,0,1,0,3,,2,,0,0,0,0,0,0,0,0,0,0,,,1,24,34,24,9,1,1,0,0
PHI189908012,box,1899-08-01,2,PHI09,R,0,CL4,PHI,1,1,0,0,1,,37,6,8,8,0,0,0,,5,,2,,,,0,0,0,0,,0,6,1,1,1,0,0,0,1,0,0,27,37,36,2,2,9,10,1,0,0,0,1,,,,0,0,0,0,0,0,0,0,0,0,,,1,27,41,27,12,2,0,0,0
PHI189908020,box,1899-08-02,0,PHI09,R,0,CL4,PHI,1,0,1,0,1,,23,5,9,10,1,0,0,,6,,0,0,,0,0,0,0,2,0,0,3,1,1,1,0,0,0,0,1,0,15,27,25,8,8,14,21,5,1,0,0,0,0,,0,0,2,0,0,0,0,0,0,0,0,,,1,15,22,14,6,2,0,0,0
PHI189908031,box,1899-08-03,1,PHI09,R,0,CL4,PHI,1,0,1,0,1,,32,1,8,8,0,0,0,,0,,1,,2,,2,0,0,0,,0,7,1,1,1,0,0,0,0,1,0,24,35,32,6,2,12,16,2,1,0,0,1,,1,,0,2,0,0,0,0,0,0,0,0,,,1,24,43,24,16,3,2,0,0
PHI189908032,box,1899-08-03,2,PHI09,R,0,CL4,PHI,1,0,1,0,1,,32,0,5,6,1,0,0,,0,,2,,1,,0,0,0,0,,0,7,1,1,1,0,0,0,0,1,0,24,34,31,4,3,8,11,1,1,0,0,3,,3,,0,0,0,0,0,0,0,0,0,0,,,1,24,35,24,11,0,1,0,2
CHN189908050,box,1899-08-05,0,CHI08,R,0,CL4,CHN,1,0,1,0,1,,30,0,3,4,1,0,0,,0,,1,,1,,0,0,0,0,,0,4,1,1,1,0,0,0,0,1,0,24,33,29,4,4,6,6,0,0,0,0,3,,1,,0,1,0,0,0,0,0,0,0,0,,,1,24,40,24,15,1,0,0,0
CHN189908061,box,1899-08-06,1,CHI08,R,0,CL4,CHN,1,1,0,0,1,,33,10,14,16,2,0,0,,9,,2,,1,,2,2,0,1,,0,2,1,1,1,0,0,0,1,0,0,27,48,38,9,6,14,15,1,0,0,0,6,,1,,2,2,0,0,0,0,0,0,0,0,,,1,27,44,26,14,4,1,0,0
CHN189908062,box,1899-08-06,2,CHI08,R,0,CL4,CHN,1,0,1,0,1,,38,5,12,12,0,0,0,,3,,1,,4,,1,0,0,0,,0,8,1,1,1,0,0,0,0,1,0,24,39,32,9,7,13,16,3,0,0,0,1,,1,,2,4,0,0,0,0,0,0,0,0,,,1,24,39,24,13,2,0,0,0
BSN189908080,box,1899-08-08,0,BOS05,R,0,CL4,BSN,1,0,1,0,1,,38,8,11,16,2,0,1,,8,,4,0,,0,2,1,0,0,0,0,10,1,1,1,0,0,0,0,1,0,24,47,40,18,17,21,32,3,1,2,0,5,0,,0,0,2,0,0,0,0,0,0,0,0,,,1,24,38,24,12,2,0,0,0
BSN189908090,box,1899-08-09,0,BOS05,R,0,CL4,BSN,1,0,1,0,1,,37,3,12,14,2,0,0,,3,,0,0,4,1,0,0,0,0,2,0,7,1,1,1,0,0,0,0,1,0,24,38,34,7,6,12,16,1,0,1,0,4,0,0,0,0,0,0,0,0,0,0,0,0,0,,,1,24,41,24,15,2,1,0,1
NY1189908121,box,1899-08-12,1,NYC10,R,0,CL4,NY1,1,0,1,0,1,,29,1,4,4,0,0,0,,1,,6,0,5,2,1,0,0,0,0,0,8,1,1,1,0,0,0,0,1,0,24,46,39,13,10,18,20,2,0,0,0,7,0,1,0,0,0,0,0,0,0,0,0,0,0,,,1,24,39,24,12,3,1,0,1
NY1189908122,box,1899-08-12,2,NYC10,R,0,CL4,NY1,1,0,1,0,1,,32,2,5,6,1,0,0,,2,,1,,,,0,0,0,0,,0,4,1,1,1,0,0,0,0,1,0,24,34,30,6,5,10,10,0,0,0,0,4,,,,0,0,0,0,1,0,0,0,0,0,,,1,24,47,24,19,4,3,0,0
NY1189908140,box,1899-08-14,0,NYC10,R,0,CL4,NY1,1,0,1,0,1,,38,6,11,12,1,0,0,,3,,3,,2,,0,0,0,0,,0,8,1,1,1,0,0,0,0,1,0,24,37,30,7,4,11,15,0,2,0,0,4,,3,,0,3,0,0,0,0,0,0,0,0,,,1,24,42,24,16,2,2,0,2
BRO189908150,box,1899-08-15,0,NYC12,R,0,CL4,BRO,1,0,1,0,1,,32,2,5,5,0,0,0,,1,,3,,5,,2,0,0,1,,0,8,1,1,1,0,0,0,0,1,0,24,36,32,6,5,7,11,2,1,0,0,3,,5,,1,0,0,0,1,0,0,0,0,0,,,1,24,40,24,14,2,0,0,0
BRO189908160,box,1899-08-16,0,NYC12,R,0,CL4,BRO,1,0,1,0,1,,34,2,7,7,0,0,0,,2,,5,,4,,0,0,0,1,,0,10,1,1,1,0,0,0,0,1,0,24,46,35,13,9,13,17,2,1,0,0,9,,,,0,2,0,0,0,0,0,0,0,0,,,1,24,43,23,15,5,2,0,0
BRO189908170,box,1899-08-17,0,NYC12,R,0,CL4,BRO,1,0,1,0,1,,29,2,5,8,1,1,0,,2,,5,,0,,0,0,0,0,,0,5,1,1,0,0,0,1,0,1,0,24,50,43,20,10,19,30,2,3,1,0,4,,1,,2,1,0,0,0,0,0,0,0,0,,,1,24,49,24,19,6,2,0,0
BRO189908180,box,1899-08-18,0,NYC12,R,0,CL4,BRO,1,0,1,0,1,,24,2,6,6,0,0,0,,1,,4,0,3,1,0,1,0,0,3,0,3,1,1,1,0,0,0,0,1,0,21,34,26,4,4,7,10,0,0,1,0,5,0,0,1,2,0,0,0,0,1,0,0,0,0,,,1,21,31,21,9,1,1,1,0
PIT189908191,box,1899-08-19,1,PIT05,R,0,CL4,PIT,1,0,1,0,1,,34,1,9,9,0,0,0,,1,,1,,2,,1,0,0,1,,0,8,1,1,1,0,0,0,0,1,0,24,41,34,11,8,16,23,3,2,0,0,4,,0,,1,2,0,0,2,0,0,0,0,0,,,1,24,40,24,11,5,1,0,1
PIT189908192,box,1899-08-19,2,PIT05,R,0,CL4,PIT,1,1,0,0,1,,41,8,15,24,0,3,1,,7,,1,,,,1,1,0,2,,0,9,1,1,1,0,0,0,1,0,0,27,36,32,3,2,7,7,0,0,0,0,1,,,,1,2,0,0,0,0,0,0,0,0,,,1,27,45,27,15,3,0,0,1
CHN189908201,box,1899-08-20,1,CHI08,R,0,CL4,CHN,1,0,1,0,1,,40,7,10,12,0,1,0,,6,,4,,4,,0,1,0,2,,0,11,1,1,1,0,0,0,0,1,0,25,38,33,8,4,8,13,1,2,0,0,3,,2,,0,2,0,0,0,0,0,0,0,0,,,1,25,47,25,17,5,0,0,0
LS3189908220,box,1899-08-22,0,LOU04,R,0,CL4,LS3,1,0,1,0,1,,40,6,13,15,0,1,0,,6,,2,,,,0,1,0,2,,0,10,1,1,1,0,0,0,0,1,0,24,47,43,15,12,18,24,3,0,1,0,2,,,,0,0,0,0,0,2,0,0,0,0,,,1,24,46,24,14,8,0,0,0
LS3189908230,box,1899-08-23,0,LOU04,R,0,CL4,LS3,1,0,1,0,1,,36,3,11,14,0,0,1,,3,,0,0,1,,1,0,0,0,,0,7,1,1,1,0,0,0,0,1,0,24,45,36,13,13,12,23,3,1,2,0,8,,1,,1,0,0,0,0,0,0,0,0,0,,,1,24,39,24,13,2,0,0,0
CL4189908240,box,1899-08-24,0,CLE05,R,1,CL4,NY1,1,0,1,0,1,,36,2,11,11,0,0,0,,2,,4,0,,1,0,0,0,1,1,0,11,1,1,1,0,0,0,0,1,0,27,41,33,6,5,10,16,1,1,1,0,7,0,,0,0,1,0,0,1,0,0,0,0,0,,,1,27,42,27,13,2,2,0,0
CL4189908250,box,1899-08-25,0,CLE05,R,1,CL4,NY1,1,1,0,0,1,,33,4,9,11,2,0,0,,4,,2,0,,1,0,0,0,0,1,0,7,1,1,1,0,0,0,1,0,0,27,33,27,2,0,3,4,1,0,0,0,6,0,,0,0,0,0,0,0,0,0,0,0,0,,,1,27,47,27,17,3,1,0,0
CL4189908260,box,1899-08-26,0,CLE05,R,1,CL4,NY1,1,0,1,0,1,,17,1,3,5,0,1,0,,1,,0,0,1,2,0,0,0,0,0,0,1,1,1,1,0,0,0,0,1,0,12,19,15,2,1,6,7,1,0,0,0,2,0,1,0,0,2,0,0,0,0,0,0,0,0,,,1,12,17,12,4,1,1,0,1
CL4189908280,box,1899-08-28,0,CLE05,R,1,CL4,BSN,1,0,1,0,1,,33,4,7,12,1,2,0,,2,,3,,1,,0,0,0,2,,0,5,1,1,1,0,0,0,0,1,0,27,39,38,6,3,6,7,1,0,0,0,1,,1,,0,0,0,0,0,0,0,0,0,0,,,1,27,46,27,13,6,0,0,1
CL4189908291,box,1899-08-29,1,CLE05,R,1,CL4,BSN,1,0,1,0,1,,30,1,3,3,0,0,0,,1,,0,0,3,,1,0,0,0,,0,3,1,1,1,0,0,0,0,1,0,27,46,40,9,4,11,13,2,0,0,0,4,,1,,0,2,0,0,0,0,0,0,0,0,,,1,27,48,27,17,4,0,0,0
CL4189908292,box,1899-08-29,2,CLE05,R,1,CL4,BSN,1,0,1,0,1,,33,3,12,16,2,1,0,,2,,1,,,,0,0,0,1,,0,10,1,1,1,0,0,0,0,1,0,18,34,33,11,10,14,19,3,1,0,0,1,,,,0,0,0,0,0,0,0,0,0,0,,,1,18,28,18,8,2,0,0,0
CL4189908300,box,1899-08-30,0,CLE05,R,1,CL4,BSN,1,0,1,0,1,,34,5,11,17,2,2,0,,5,,3,,4,,0,0,0,1,,0,6,1,1,1,0,0,0,0,1,0,27,42,40,8,8,16,24,3,1,1,0,1,,0,,0,1,0,0,0,0,0,0,0,0,,,1,27,39,26,13,0,1,0,0
BRO189908310,box,1899-08-31,0,NYC12,R,0,CL4,BRO,1,0,1,0,1,,32,3,8,9,1,0,0,,3,,3,0,4,0,1,0,0,3,0,0,8,1,1,1,0,0,0,0,1,0,24,42,38,9,6,14,19,3,1,0,0,2,0,1,0,0,1,0,0,1,1,0,0,0,0,,,1,24,38,24,12,2,0,0,0
BRO189909011,box,1899-09-01,1,NYC12,R,0,CL4,BRO,1,0,1,0,1,,33,2,7,12,2,0,1,,2,,1,0,1,1,0,0,0,1,0,0,5,1,1,1,0,0,0,0,1,0,24,39,34,7,6,11,17,2,2,0,0,4,0,1,0,1,0,0,0,0,0,0,0,0,0,,,1,24,35,24,10,1,0,0,0
BRO189909012,box,1899-09-01,2,NYC12,R,0,CL4,BRO,1,0,1,0,1,,25,1,7,8,1,0,0,,1,,2,0,3,1,0,0,0,1,2,0,5,1,1,1,0,0,0,0,1,0,18,29,27,5,4,9,9,0,0,0,0,2,0,0,0,0,0,0,0,0,0,0,0,0,0,,,1,18,31,18,10,3,0,0,0
CIN189909032,box,1899-09-03,2,CIN05,R,0,CL4,CIN,1,0,1,0,1,,30,1,6,9,1,1,0,,1,,2,,,,0,0,0,0,,0,7,1,1,1,0,0,0,0,1,0,21,31,25,3,1,6,6,0,0,0,0,5,,,,1,0,0,0,0,0,0,0,0,0,,,1,21,30,21,8,1,0,0,0
CIN189909041,box,1899-09-04,1,CIN05,R,0,CL4,CIN,1,0,1,0,1,,39,3,12,13,1,0,0,,3,,2,,,,1,0,0,2,,0,12,1,1,1,0,0,0,0,1,0,24,36,31,6,4,10,13,1,1,0,0,4,,,,1,0,0,0,1,0,0,0,0,0,,,1,24,40,24,14,2,3,0,0
CIN189909042,box,1899-09-04,2,CIN05,R,0,CL4,CIN,1,0,1,0,1,,32,1,4,4,0,0,0,,1,,0,0,0,,0,0,0,0,,0,4,1,1,1,0,0,0,0,1,0,24,40,37,8,3,9,13,4,0,0,0,3,,0,,0,0,0,0,0,0,0,0,0,0,,,1,24,41,24,11,6,0,0,0
CIN189909051,box,1899-09-05,1,CIN05,R,0,CL4,CIN,1,0,1,0,1,,34,3,7,10,1,1,0,,3,,2,,,,0,0,0,0,,0,6,1,1,1,0,0,0,0,1,0,24,53,40,19,16,22,37,0,6,1,0,8,,,,3,2,0,0,0,0,0,0,0,0,,,1,24,43,24,15,4,0,0,0
CIN189909052,box,1899-09-05,2,CIN05,R,0,CL4,CIN,1,0,1,0,1,,39,7,12,17,3,1,0,,7,,2,,,,1,0,0,1,,0,8,1,1,1,0,0,0,0,1,0,24,43,35,9,9,12,17,1,2,0,0,6,,,,2,0,0,0,0,0,0,0,0,0,,,1,24,34,24,8,2,0,0,0
CHN189909070,box,1899-09-07,0,CHI08,R,0,CL4,CHN,1,0,1,0,1,,36,6,12,13,1,0,0,,6,,1,,1,,0,1,0,0,,0,5,1,1,1,0,0,0,0,1,0,26,41,35,7,4,13,16,1,1,0,0,2,,2,,1,3,0,0,0,0,0,0,0,0,,,1,26,42,26,14,2,0,0,0
CHN189909080,box,1899-09-08,0,CHI08,R,0,CL4,CHN,1,0,1,0,1,,32,1,6,6,0,0,0,,1,,0,0,,,1,0,0,2,,0,5,1,1,1,0,0,0,0,1,0,24,34,29,5,3,6,8,0,1,0,0,4,,,,0,1,0,0,0,0,0,0,0,0,,,1,24,40,24,15,1,0,0,0
CHN189909091,box,1899-09-09,1,CHI08,R,0,CL4,CHN,1,0,1,0,1,,31,2,4,4,0,0,0,,0,,2,,0,,0,1,0,3,,0,5,1,1,1,0,0,0,0,1,0,24,38,36,5,5,15,18,3,0,0,0,1,,1,,0,1,0,0,0,0,0,0,0,0,,,1,24,40,24,16,0,0,0,0
CHN189909092,box,1899-09-09,2,CHI08,R,0,CL4,CHN,1,0,1,0,1,,33,0,6,8,0,1,0,,0,,1,,5,,1,0,0,0,,0,8,1,1,1,0,0,0,0,1,0,24,45,41,11,7,15,18,3,0,0,0,2,,1,,0,2,0,0,0,0,0,0,0,0,,,1,24,45,24,13,8,0,0,0
CIN189909101,box,1899-09-10,1,CIN05,R,0,CL4,CIN,1,0,1,0,1,,25,2,5,7,2,0,0,,1,,3,,0,,1,0,0,0,,0,6,1,1,1,0,0,0,0,1,0,18,35,33,10,4,17,23,2,2,0,0,0,0,0,,1,0,0,0,0,1,0,0,0,0,,,1,18,33,18,13,2,0,0,0
PHI189909121,box,1899-09-12,1,PHI09,R,0,CL4,PHI,1,0,1,0,1,,33,0,7,8,1,0,0,,0,,0,0,3,,1,0,0,0,,0,7,1,1,1,0,0,0,0,1,0,24,41,38,13,12,14,25,3,1,2,0,1,,3,,1,1,0,0,2,0,0,0,0,0,,,1,24,35,24,9,2,0,0,1
PHI189909122,box,1899-09-12,2,PHI09,R,0,CL4,PHI,1,0,1,0,1,,33,4,8,9,1,0,0,,4,,2,,4,,0,0,0,3,,0,4,1,1,1,0,0,0,0,1,0,24,41,35,8,4,10,14,2,1,0,0,5,,0,,0,1,0,0,0,0,0,0,0,0,,,1,24,43,24,15,4,1,0,1
PHI189909130,box,1899-09-13,0,PHI09,R,0,CL4,PHI,1,0,1,0,1,,38,2,7,8,1,0,0,,1,,1,,2,,1,0,0,2,,0,12,1,1,1,0,0,0,0,1,0,24,37,32,8,8,12,15,1,1,0,0,5,,1,,0,0,0,0,0,0,0,0,0,0,,,1,24,38,24,14,0,1,0,0
PHI189909140,box,1899-09-14,0,PHI09,R,0,CL4,PHI,1,0,1,0,1,,32,0,5,7,2,0,0,,0,,0,0,,,0,0,0,0,,0,6,1,1,1,0,0,0,0,1,0,24,38,32,8,8,9,14,2,0,1,0,4,,,,1,0,0,0,0,1,0,0,0,0,,,1,24,38,24,12,2,0,0,0
WSN189909150,box,1899-09-15,0,WAS06,R,0,CL4,WSN,1,0,1,0,1,,37,3,9,12,1,1,0,,3,,2,,,,0,0,0,1,,0,9,1,1,0,0,0,1,0,1,0,24,43,38,14,10,14,19,0,1,1,0,3,,,,2,0,0,0,1,0,0,0,0,0,,,1,24,43,24,15,4,1,0,1
WSN189909160,box,1899-09-16,0,WAS06,R,0,CL4,WSN,1,0,1,0,1,,39,10,12,16,0,2,0,,7,,1,0,,0,1,0,0,0,0,0,4,1,1,1,0,0,0,0,1,0,27,47,45,15,13,21,29,1,2,1,0,2,0,2,2,0,0,0,0,0,0,0,0,0,0,,,1,27,52,27,22,3,2,0,1
WSN189909181,box,1899-09-18,1,WAS06,R,0,CL4,WSN,1,1,0,0,1,,34,5,8,14,1,1,1,,5,,3,,2,,2,1,0,1,,0,7,1,1,1,0,0,0,1,0,0,30,42,40,4,3,12,13,1,0,0,0,1,,4,,1,0,0,0,0,0,0,0,0,0,,,1,30,47,30,14,3,0,0,0
WSN189909182,box,1899-09-18,2,WAS06,R,0,CL4,WSN,1,0,1,0,1,,33,5,12,16,1,0,1,,4,,3,,2,,0,1,0,0,,0,8,1,1,1,0,0,0,0,1,0,21,35,31,8,5,11,15,1,0,1,0,2,,3,,0,2,0,0,0,0,0,0,0,0,,,1,21,33,21,8,4,0,0,1
BLN189909200,box,1899-09-20,0,BAL07,R,0,CL4,BLN,1,0,1,0,1,,37,2,7,7,0,0,0,,2,,1,,4,,0,0,0,0,,0,9,1,1,1,0,0,0,0,1,0,24,36,33,6,4,11,12,1,0,0,0,2,,2,,1,0,0,0,0,0,0,0,0,0,,,1,24,38,24,11,3,0,0,0
BLN189909211,box,1899-09-21,1,BAL07,R,0,CL4,BLN,1,0,1,0,1,,45,4,12,13,1,0,0,,4,,3,,1,,0,0,0,0,,0,11,1,1,1,0,0,0,0,1,0,31,45,40,5,4,14,16,2,0,0,0,2,,5,,1,2,0,0,0,0,0,0,0,0,,,1,31,46,31,14,1,0,0,0
BLN189909212,box,1899-09-21,2,BAL07,R,0,CL4,BLN,1,0,1,0,1,,21,1,4,5,1,0,0,,1,,1,,,,0,0,0,2,,0,3,1,1,1,0,0,0,0,1,0,15,21,18,4,4,6,7,1,0,0,0,2,,3,,1,0,0,0,0,0,0,0,0,0,,,1,15,22,15,7,0,1,0,0
PIT189909231,box,1899-09-23,1,PIT05,R,0,CL4,PIT,1,0,1,0,1,,33,1,8,8,0,0,0,,1,,4,,1,,0,0,0,0,,0,9,1,1,1,0,0,0,0,1,0,24,31,29,4,4,8,9,1,0,0,0,1,,,,0,1,0,0,0,0,0,0,0,0,,,1,24,39,24,14,1,0,0,0
PIT189909232,box,1899-09-23,2,PIT05,R,0,CL4,PIT,1,0,1,0,1,,36,2,8,8,0,0,0,,2,,2,,3,,0,0,0,0,,0,9,1,1,1,0,0,0,0,1,0,24,36,32,6,4,11,12,1,0,0,0,2,,0,,2,0,0,0,0,0,0,0,0,0,,,1,24,37,24,11,2,0,0,0
LS3189909242,box,1899-09-24,2,STL05,R,0,CL4,LS3,1,0,1,0,1,,27,1,6,6,0,0,0,,0,,2,,,,0,0,0,0,,0,7,1,1,1,0,0,0,0,1,0,18,26,24,5,3,6,11,2,0,1,0,2,,,,0,0,0,0,0,0,0,0,0,0,,,1,18,28,18,9,1,0,0,0
SLN189909260,box,1899-09-26,0,STL05,R,0,CL4,SLN,1,0,1,0,1,,40,3,12,14,0,1,0,,3,,1,,1,,0,0,0,0,,0,11,1,1,1,0,0,0,0,1,0,24,44,42,15,13,22,42,5,6,1,0,1,,1,,1,0,0,0,0,0,0,0,0,0,,,1,24,44,24,18,2,2,0,0
SLN189909300,box,1899-09-30,0,STL05,R,0,CL4,SLN,1,0,1,0,1,,32,3,9,13,1,0,1,,3,,1,,2,,0,1,0,1,,0,7,1,1,1,0,0,0,0,1,0,21,40,37,10,8,20,22,2,0,0,0,3,,0,,0,0,0,0,0,0,0,0,0,0,,,1,21,41,21,16,4,1,0,0
SLN189910010,box,1899-10-01,0,STL05,R,0,CL4,SLN,1,0,1,0,1,,30,3,4,6,2,0,0,,3,,5,,1,,0,0,0,1,,0,5,1,1,1,0,0,0,0,1,0,24,33,29,4,3,4,9,0,1,1,0,2,,4,,1,1,0,0,0,0,0,0,0,0,,,1,24,38,24,11,3,1,0,0
PIT189910070,box,1899-10-07,0,PIT05,R,0,CL4,PIT,1,0,1,0,1,,33,3,8,12,2,1,0,,2,,1,,2,,0,0,0,0,,0,4,1,1,1,0,0,0,0,1,0,24,46,40,16,10,16,25,2,2,1,0,5,,,,0,1,0,0,1,0,0,0,0,0,,,1,24,41,24,12,5,2,0,2
CHN189910081,box,1899-10-08,1,CHI08,R,0,CL4,CHN,1,0,1,0,1,,32,0,8,9,1,0,0,,0,,1,,,,0,0,0,0,,0,6,1,1,1,0,0,0,0,1,0,24,44,41,13,9,15,24,3,0,2,0,2,,0,,1,0,0,0,0,0,0,0,0,0,,,1,24,45,24,13,8,1,0,0
CIN189910120,box,1899-10-12,0,CIN05,R,0,CL4,CIN,1,0,1,0,1,,31,2,9,10,1,0,0,,2,,2,0,,1,0,0,0,1,0,0,10,1,1,1,0,0,0,0,1,0,18,28,23,6,5,6,7,1,0,0,0,4,0,,1,1,0,0,0,1,0,0,0,0,0,,,1,18,35,18,14,3,2,0,0
CIN189910140,box,1899-10-14,0,CIN05,R,0,CL4,CIN,1,0,1,0,1,,35,4,9,10,1,0,0,,3,,2,,,,0,0,0,0,,0,6,1,1,1,0,0,0,0,1,0,24,42,39,12,5,17,22,1,2,0,0,0,0,,,1,2,0,0,0,0,0,0,0,0,,,1,24,49,24,18,7,0,0,0
CIN189910151,box,1899-10-15,1,CIN05,R,0,CL4,CIN,1,0,1,0,1,,32,1,6,7,1,0,0,,1,,0,0,,,0,0,0,1,,0,4,1,1,1,0,0,0,0,1,0,24,45,39,16,14,17,24,1,3,0,0,5,,,,0,1,0,0,0,0,0,0,0,0,,,1,24,39,24,14,1,2,0,0
CIN189910152,box,1899-10-15,2,CIN05,R,0,CL4,CIN,1,0,1,0,1,,39,3,12,13,1,0,0,,2,,1,,,,0,0,0,0,,0,10,1,1,1,0,0,0,0,1,0,24,43,37,19,13,18,29,3,4,0,0,5,,,,0,1,0,0,0,0,0,0,0,0,,,1,24,45,24,14,7,1,0,0
LS3189904140,box,1899-04-14,0,LOU03,R,1,LS3,CHN,1,0,1,0,1,,33,1,8,9,1,0,0,,1,,1,0,1,1,1,1,0,0,0,0,8,1,1,1,0,0,0,0,1,0,27,53,47,15,9,15,21,6,0,0,0,4,0,0,1,1,0,0,0,0,1,0,0,0,0,,,1,27,51,27,16,8,2,0,0
LS3189904150,box,1899-04-15,0,LOU03,R,1,LS3,CHN,1,0,1,0,1,,37,1,10,12,2,0,0,,1,,3,,1,,2,0,0,2,,0,14,1,1,1,0,0,0,0,1,0,27,39,36,2,1,11,15,2,1,0,0,2,,4,,0,0,0,0,0,1,0,0,0,0,,,1,27,41,27,11,3,2,0,0
LS3189904170,box,1899-04-17,0,LOU03,R,1,LS3,CHN,1,1,0,0,1,,32,8,8,10,2,0,0,,5,,3,,0,,0,2,0,0,,0,5,1,1,1,1,0,0,1,0,0,27,33,31,0,0,5,5,0,0,0,0,2,,1,,0,0,0,0,0,0,0,0,0,0,,,1,27,43,27,15,1,1,0,0
LS3189904190,box,1899-04-19,0,LOU03,R,1,LS3,CHN,1,0,1,0,1,,31,3,11,12,1,0,0,,3,,2,0,,1,0,2,0,2,0,0,6,1,1,1,0,0,0,0,1,0,27,42,38,8,7,12,14,2,0,0,0,2,0,2,1,1,1,0,0,0,0,0,0,0,0,,,1,27,40,27,12,1,1,0,0
LS3189904200,box,1899-04-20,0,LOU03,R,1,LS3,CL4,1,1,0,0,1,,34,11,15,22,5,1,0,,11,,3,,,,2,1,0,5,,0,5,1,1,1,0,0,0,1,0,0,27,33,32,2,1,6,8,2,0,0,0,1,,,,0,0,0,0,0,0,0,0,0,0,,,1,27,45,27,16,2,0,0,0
LS3189904210,box,1899-04-21,0,LOU03,R,1,LS3,CL4,1,1,0,0,1,,39,11,21,27,6,0,0,,11,,4,0,,0,1,3,0,2,0,0,12,1,1,0,0,0,1,1,0,0,27,35,30,4,4,5,6,1,0,0,0,4,0,,1,0,1,0,0,0,0,0,0,0,0,,,1,27,43,27,14,2,2,0,0
LS3189904221,box,1899-04-22,1,LOU03,R,1,LS3,CL4,1,0,1,0,1,,34,5,10,13,1,1,0,,5,,2,,,,1,1,0,3,,0,6,1,1,1,0,0,0,0,1,0,27,46,42,6,5,14,18,2,1,0,0,4,,,,0,0,0,0,0,0,0,0,0,0,,,1,27,46,27,16,3,0,0,0
LS3189904222,box,1899-04-22,2,LOU03,R,1,LS3,CL4,1,1,0,0,1,,31,15,9,12,1,1,0,,8,,11,0,,0,0,4,0,3,1,0,7,1,1,1,0,0,0,1,0,0,27,41,39,2,2,13,13,0,0,0,0,1,0,,0,0,1,0,0,0,0,0,0,0,0,,,1,27,44,27,14,3,1,0,0
LS3189904250,box,1899-04-25,0,LOU03,R,1,LS3,PIT,1,1,0,0,1,,30,2,8,14,0,0,2,,2,,0,0,,1,1,0,0,1,0,0,5,1,1,1,0,0,0,1,0,0,27,36,31,1,1,11,11,0,0,0,0,1,1,,1,0,4,0,0,0,0,0,0,0,0,,,1,27,42,27,14,1,2,0,0
LS3189904260,box,1899-04-26,0,LOU03,R,1,LS3,PIT,1,0,1,0,1,,35,3,8,10,0,1,0,,3,,1,0,,0,2,1,0,0,0,0,9,1,1,1,0,0,0,0,1,0,27,43,42,7,4,11,15,4,0,0,0,1,0,,0,0,0,0,0,0,0,0,0,0,0,,,1,27,45,26,12,7,1,0,0
CL4189905011,box,1899-05-01,1,CLE05,R,0,LS3,CL4,1,0,1,0,1,,52,4,13,18,3,1,0,,4,,3,0,,1,2,0,0,3,0,0,11,1,1,1,0,0,0,0,1,0,42,61,49,5,2,14,16,2,0,0,0,6,0,,2,2,4,0,0,0,0,0,0,0,0,,,1,42,60,41,18,1,2,0,0
CL4189905012,box,1899-05-01,2,CLE05,R,0,LS3,CL4,1,1,0,0,1,,28,2,7,7,0,0,0,,2,,4,0,5,0,1,2,0,3,0,0,9,1,1,1,0,0,0,1,0,0,27,32,30,1,1,4,6,0,1,0,0,2,0,2,0,0,0,0,0,0,0,0,0,0,0,,,1,27,33,27,6,0,1,0,0
CL4189905021,box,1899-05-02,1,CLE05,R,0,LS3,CL4,1,1,0,0,1,,32,3,9,10,1,0,0,,2,,2,,1,,0,0,0,0,,0,7,1,1,1,0,0,0,1,0,0,27,36,33,2,2,6,8,0,1,0,0,2,,2,,0,1,0,0,0,0,0,0,0,0,,,1,27,42,27,14,1,0,0,0
CL4189905022,box,1899-05-02,2,CLE05,R,0,LS3,CL4,1,0,1,0,1,,37,5,11,13,2,0,0,,5,,0,0,2,,0,1,0,2,,0,6,1,1,1,0,0,0,0,1,0,27,40,36,9,8,13,17,2,1,0,0,2,,2,,0,2,0,0,0,0,0,0,0,0,,,1,27,43,27,12,4,0,0,0
PIT189905030,box,1899-05-03,0,PIT05,R,0,LS3,PIT,1,0,1,0,1,,28,6,7,14,3,2,0,,6,,1,0,3,1,0,4,0,0,0,0,0,1,1,1,0,0,0,0,1,0,26,39,36,7,1,8,14,0,0,2,0,3,0,1,1,0,0,0,0,0,0,0,0,0,0,,,1,26,42,26,11,5,2,0,1
PIT189905040,box,1899-05-04,0,PIT05,R,0,LS3,PIT,1,1,0,0,1,,34,4,10,14,0,2,0,,4,,5,0,2,0,2,2,0,0,1,0,9,1,1,1,0,0,0,1,0,0,30,37,37,3,1,7,7,0,0,0,0,0,0,0,0,0,0,0,0,0,0,0,0,0,0,,,1,30,47,30,15,2,0,0,0
PIT189905050,box,1899-05-05,0,PIT05,R,0,LS3,PIT,1,0,1,0,1,,33,5,10,13,1,1,0,,5,,4,,1,,0,3,0,1,,0,8,1,1,1,0,0,0,0,1,0,27,42,40,7,3,11,16,2,0,1,0,1,,2,,0,1,0,0,0,0,0,0,0,0,,,1,27,42,27,12,3,0,0,0
PIT189905060,box,1899-05-06,0,PIT05,R,0,LS3,PIT,1,0,1,0,1,,41,5,11,14,1,1,0,,5,,1,0,3,0,2,3,0,1,0,0,10,1,1,0,0,0,1,0,1,0,33,54,49,10,9,20,27,3,2,0,0,2,0,2,0,0,3,0,0,0,0,0,0,0,0,,,1,33,48,33,13,2,0,0,1
PIT189905080,box,1899-05-08,0,PIT05,R,0,LS3,PIT,1,0,1,0,1,,34,5,8,13,0,1,1,,4,,7,0,2,0,1,0,0,0,1,0,10,1,1,0,0,0,1,0,1,0,27,45,36,8,8,15,19,2,1,0,0,6,0,2,0,1,2,0,0,0,0,0,0,0,0,,,1,27,42,27,14,1,2,0,0
CHN189905100,box,1899-05-10,0,CHI08,R,0,LS3,CHN,1,0,1,0,1,,32,1,7,8,1,0,0,,1,,3,0,3,0,0,2,0,1,0,0,9,1,1,1,0,0,0,0,1,0,24,33,29,6,4,9,12,1,1,0,0,1,0,0,0,0,3,0,0,0,0,0,0,0,0,,,1,24,44,24,17,3,0,0,0
CHN189905110,box,1899-05-11,0,CHI08,R,0,LS3,CHN,1,1,0,0,1,,38,5,7,8,1,0,0,,2,,1,0,,0,0,2,0,3,0,0,6,1,1,1,0,0,0,1,0,0,30,39,35,4,2,9,11,2,0,0,0,1,0,,0,0,3,0,0,0,0,0,0,0,0,,,1,30,48,29,15,4,0,0,0
CHN189905130,box,1899-05-13,0,CHI08,R,0,LS3,CHN,1,0,1,0,1,,33,4,9,12,1,1,0,,4,,1,0,1,1,1,1,0,0,2,0,6,1,1,1,0,0,0,0,1,0,24,36,34,5,4,7,11,1,0,1,0,1,0,1,0,1,0,0,0,0,0,0,0,0,0,,,1,24,42,24,14,4,1,0,0
SLN189905150,box,1899-05-15,0,STL05,R,0,LS3,SLN,1,0,1,0,1,,32,1,9,11,2,0,0,,1,,1,,4,,0,2,0,3,,0,7,1,1,1,0,0,0,0,1,0,24,35,31,4,3,8,9,1,0,0,0,4,,2,,0,0,0,0,0,0,0,0,0,0,,,1,24,37,24,12,1,0,0,0
SLN189905160,box,1899-05-16,0,STL05,R,0,LS3,SLN,1,0,1,0,1,,37,3,10,11,1,0,0,,3,,0,0,7,,0,1,0,0,,0,8,1,1,0,0,0,1,0,1,0,24,45,41,9,6,15,22,2,1,1,0,4,,0,,0,0,0,0,2,0,0,0,0,0,,,1,24,44,24,17,3,0,0,0
SLN189905170,box,1899-05-17,0,STL05,R,0,LS3,SLN,1,1,0,0,1,,21,2,4,5,1,0,0,,1,,0,0,2,0,0,1,0,0,0,0,2,1,1,1,0,0,0,1,0,0,18,21,20,1,0,5,5,0,0,0,0,0,0,0,0,0,1,0,0,0,0,0,0,0,0,,,1,18,31,18,12,1,2,0,0
LS3189905180,box,1899-05-18,0,LOU03,R,1,LS3,BSN,1,0,1,0,1,,31,0,5,5,0,0,0,,0,,2,0,2,1,1,1,0,1,1,0,8,1,1,1,0,0,0,0,1,0,27,42,38,6,4,15,21,4,1,0,0,1,0,0,1,0,3,0,0,0,0,0,0,0,0,,,1,27,43,27,14,2,1,0,0
LS3189905190,box,1899-05-19,0,LOU03,R,1,LS3,BSN,1,0,1,0,1,,32,4,6,9,1,1,0,,3,,4,0,,0,1,0,0,1,0,0,6,1,1,1,0,0,0,0,1,0,27,50,45,13,10,18,25,2,1,1,0,3,0,2,0,1,1,0,0,0,0,0,0,0,0,,,1,27,44,27,13,4,0,0,0
LS3189905210,box,1899-05-21,0,LOU03,R,1,LS3,CL4,1,0,1,0,1,,33,3,11,14,0,0,1,,3,,3,0,,1,2,3,0,0,0,0,12,1,1,1,0,0,0,0,1,0,27,40,37,4,1,8,9,1,0,0,0,1,0,,1,0,2,0,0,0,0,0,0,0,0,,,1,27,51,27,18,6,1,0,0
LS3189905220,box,1899-05-22,0,LOU03,R,1,LS3,BRO,1,0,1,0,1,,34,2,8,11,1,1,0,,2,,2,0,,1,0,1,0,0,0,0,8,1,1,1,0,0,0,0,1,0,27,38,37,5,2,9,11,2,0,0,0,1,0,0,0,0,0,0,0,1,0,0,0,0,0,,,1,27,48,27,18,3,0,0,1
LS3189905230,box,1899-05-23,0,LOU03,R,1,LS3,BRO,1,0,1,0,1,,29,1,5,5,0,0,0,,1,,5,0,,1,0,0,0,1,1,0,6,1,1,1,0,0,0,0,1,0,27,44,41,9,8,17,24,2,1,1,0,1,0,,0,2,0,0,0,0,0,0,0,0,0,,,1,27,43,27,14,2,0,0,0
LS3189905240,box,1899-05-24,0,LOU03,R,1,LS3,BRO,1,1,0,0,1,,32,6,8,10,0,1,0,,3,,3,0,,0,1,1,0,3,2,0,5,1,1,1,0,0,0,1,0,0,27,42,35,5,5,11,14,1,1,0,0,3,0,,2,4,0,0,0,1,0,0,0,0,0,,,1,27,44,27,15,2,3,0,0
LS3189905250,box,1899-05-25,0,LOU03,R,1,LS3,NY1,1,1,0,0,1,,26,7,4,4,0,0,0,,4,,8,0,,1,2,2,0,7,2,0,7,1,1,1,1,0,0,1,0,0,27,31,28,0,0,0,0,0,0,0,0,3,0,,0,0,0,0,0,0,0,0,0,0,0,,,1,27,42,27,14,1,0,0,0
LS3189905260,box,1899-05-26,0,LOU03,R,1,LS3,NY1,1,0,1,0,1,,30,0,6,7,1,0,0,,0,,0,0,1,1,0,0,0,0,2,0,3,1,1,1,0,0,0,0,1,0,27,39,38,3,3,13,15,2,0,0,0,0,0,1,0,0,1,0,0,0,0,0,0,0,0,,,1,27,36,27,9,0,0,0,0
LS3189905270,box,1899-05-27,0,LOU03,R,1,LS3,NY1,1,0,1,0,1,,35,6,9,10,1,0,0,,5,,9,0,,1,0,2,0,3,0,0,13,1,1,1,0,0,0,0,1,0,27,45,37,9,6,12,16,1,0,1,0,6,0,,0,2,0,0,0,0,0,0,0,0,0,,,1,27,42,27,9,6,1,0,0
LS3189905280,box,1899-05-28,0,LOU03,R,1,LS3,NY1,1,0,1,0,1,,30,3,7,9,0,1,0,,3,,2,,,,2,1,0,1,,0,5,1,1,1,0,0,0,0,1,0,27,36,35,4,3,7,13,0,3,0,0,1,,,,0,0,0,0,0,0,0,0,0,0,,,1,27,46,27,14,5,1,0,0
BRO189905301,box,1899-05-30,1,NYC12,R,0,LS3,BRO,1,0,1,0,1,,30,1,4,6,2,0,0,,1,,2,0,1,0,0,0,0,0,1,0,4,1,1,1,0,0,0,0,1,0,24,36,33,5,4,11,13,2,0,0,0,2,0,2,0,1,0,0,0,0,0,0,0,0,0,,,1,24,38,24,12,2,1,0,0
BRO189905302,box,1899-05-30,2,NYC12,R,0,LS3,BRO,1,0,1,0,1,,32,3,8,15,3,2,0,,2,,3,,,,0,2,0,1,,0,7,1,1,1,0,0,0,0,1,0,24,36,32,4,3,8,9,1,0,0,0,3,,,,1,0,0,0,0,0,0,0,0,0,,,1,24,46,24,20,2,0,0,0
BRO189905310,box,1899-05-31,0,NYC12,R,0,LS3,BRO,1,0,1,0,1,,29,1,5,5,0,0,0,,1,,3,0,4,2,0,1,0,0,0,0,5,1,1,1,0,0,0,0,1,0,24,34,32,7,2,9,10,1,0,0,0,2,0,2,0,0,0,0,0,0,0,0,0,0,0,,,1,24,36,24,9,3,0,0,0
BRO189906010,box,1899-06-01,0,NYC12,R,0,LS3,BRO,1,0,1,0,1,,40,7,14,20,1,1,1,,6,,1,0,0,0,2,1,0,4,1,0,10,1,1,1,0,0,0,0,1,0,24,40,35,8,6,14,18,1,0,1,0,3,0,2,0,0,2,0,0,0,0,0,0,0,0,,,1,24,50,24,21,5,0,0,0
NY1189906020,box,1899-06-02,0,NYC10,R,0,LS3,NY1,1,0,1,0,1,,44,12,12,13,1,0,0,,9,,5,0,8,0,2,1,0,2,0,0,13,1,1,0,0,0,1,0,1,0,26,50,47,13,8,18,21,1,1,0,0,2,0,3,0,1,0,0,0,0,0,0,0,0,0,,,1,26,45,26,14,5,0,0,0
NY1189906030,box,1899-06-03,0,NYC10,R,0,LS3,NY1,1,1,0,0,1,,30,5,8,11,0,0,1,,3,,4,,1,,2,4,0,0,,0,8,1,1,1,0,0,0,1,0,0,27,41,36,2,1,8,10,2,0,0,0,5,,1,,0,0,0,0,0,0,0,0,0,0,,,1,27,47,27,15,5,2,0,0
NY1189906040,box,1899-06-04,0,WNY01,R,0,LS3,NY1,1,0,1,0,1,,36,2,10,13,0,0,1,,2,,4,,,,0,0,0,0,,0,11,1,1,0,0,0,1,0,1,0,24,42,33,13,12,13,17,1,0,1,0,6,,,,0,3,0,0,0,0,0,0,0,0,,,1,24,47,24,16,7,0,0,0
BSN189906060,box,1899-06-06,0,BOS05,R,0,LS3,BSN,1,0,1,0,1,,33,4,11,15,4,0,0,,4,,3,0,0,1,1,1,0,0,2,0,7,1,1,1,0,0,0,0,1,0,24,41,37,9,6,13,16,1,1,0,0,2,0,,0,1,1,0,0,0,0,0,0,0,0,,,1,24,40,24,14,2,0,0,0
BSN189906070,box,1899-06-07,0,BOS05,R,0,LS3,BSN,1,1,0,0,1,,33,7,10,13,1,1,0,,5,,4,0,5,0,0,1,0,3,0,0,7,1,1,1,0,0,0,1,0,0,24,35,31,6,2,5,5,0,0,0,0,3,0,1,1,1,0,0,0,0,0,0,0,0,0,,,1,24,44,24,16,4,1,0,0
BSN189906080,box,1899-06-08,0,BOS05,R,0,LS3,BSN,1,0,1,0,1,,48,5,11,13,2,0,0,,5,,3,0,1,0,0,1,0,0,0,0,11,1,1,1,0,0,0,0,1,0,36,51,46,7,5,14,18,0,2,0,0,3,0,1,0,0,2,0,0,0,0,0,0,0,0,,,1,36,55,36,15,4,0,0,0
PIT189906101,box,1899-06-10,1,PIT05,R,0,LS3,PIT,1,0,1,0,1,,35,1,6,6,0,0,0,,0,,3,,4,,0,0,0,1,,0,10,1,1,1,0,0,0,0,1,0,24,37,34,6,6,14,20,4,1,0,0,2,,2,,1,0,0,0,0,0,0,0,0,0,,,1,24,42,24,17,1,0,0,0
PIT189906102,box,1899-06-10,2,PIT05,R,0,LS3,PIT,1,0,1,0,1,,37,4,12,12,0,0,0,,4,,1,,5,,0,0,0,0,,0,7,1,1,1,0,0,0,0,1,0,24,36,34,5,3,7,8,1,0,0,0,2,,3,,0,0,0,0,1,0,0,0,0,0,,,1,24,40,24,12,4,0,0,0
CIN189906111,box,1899-06-11,1,CIN05,R,0,LS3,CIN,1,0,1,0,1,,32,2,6,12,1,1,1,,2,,1,,,,0,1,0,0,,0,5,1,1,0,0,0,1,0,1,0,24,40,33,8,6,12,14,2,0,0,0,4,,,,2,1,0,0,0,0,0,0,0,0,,,1,24,39,24,13,2,0,0,0
LS3189906140,box,1899-06-14,0,LOU03,R,1,LS3,SLN,1,0,1,0,1,,24,0,6,8,2,0,0,,0,,3,,1,,0,0,0,3,,0,9,1,1,1,0,0,0,0,1,0,18,24,22,2,2,4,6,2,0,0,0,2,,1,,0,0,0,0,0,0,0,0,0,0,,,1,18,30,18,10,2,1,0,0
LS3189906150,box,1899-06-15,0,LOU03,R,1,LS3,SLN,1,0,1,0,1,,31,2,9,10,1,0,0,,2,,2,,1,,0,1,0,0,,0,5,1,1,1,0,0,0,0,1,0,24,34,32,4,2,6,10,1,0,1,0,1,,2,,0,1,0,0,1,0,0,0,0,0,,,1,24,39,24,11,4,0,0,0
LS3189906160,box,1899-06-16,0,LOU03,R,1,LS3,SLN,1,1,0,0,1,,48,13,19,20,1,0,0,,10,,2,,,,0,2,0,3,,0,10,1,1,1,0,0,0,1,0,0,30,50,46,12,9,16,22,2,2,0,0,2,,,,0,1,0,0,0,1,0,0,0,0,,,1,30,51,30,16,5,0,0,0
LS3189906170,box,1899-06-17,0,LOU03,R,1,LS3,SLN,1,0,1,0,1,,33,0,6,7,1,0,0,,0,,2,,5,,0,0,0,0,,0,8,1,1,1,0,0,0,0,1,0,27,42,38,7,5,10,12,0,1,0,0,3,,1,,1,0,0,0,0,0,0,0,0,0,,,1,27,42,27,11,4,0,0,0
LS3189906180,box,1899-06-18,0,LOU03,R,1,LS3,BLN,1,0,1,0,1,,32,2,5,7,2,0,0,,1,,1,,0,,1,0,0,0,,0,5,1,1,1,0,0,0,0,1,0,27,41,38,7,3,13,13,0,0,0,0,2,,,,1,0,0,0,0,0,0,0,0,0,,,1,27,50,27,14,9,1,0,1
LS3189906190,box,1899-06-19,0,LOU03,R,1,LS3,BLN,1,1,0,0,1,,44,3,12,14,2,0,0,,3,,2,,,,0,3,0,0,,0,11,1,1,1,0,0,0,1,0,0,36,43,41,2,1,4,4,0,0,0,0,0,0,0,,1,1,0,0,0,0,0,0,0,0,,,1,36,56,36,17,3,0,0,0
LS3189906200,box,1899-06-20,0,LOU03,R,1,LS3,BLN,1,0,1,0,1,,33,1,6,6,0,0,0,,1,,0,0,,,1,1,0,0,,0,7,1,1,1,0,0,0,0,1,0,27,35,34,2,0,8,9,1,0,0,0,1,,,,0,0,0,0,0,0,0,0,0,0,,,1,27,42,27,13,2,1,0,0
LS3189906210,box,1899-06-21,0,LOU03,R,1,LS3,BLN,1,1,0,0,1,,33,8,10,12,2,0,0,,5,,5,,,,0,3,0,2,,0,10,1,1,1,0,0,0,1,0,0,27,36,34,4,0,6,6,0,0,0,0,1,,,,0,1,0,0,0,0,0,0,0,0,,,1,27,43,27,10,6,0,0,0
LS3189906230,box,1899-06-23,0,LOU03,R,1,LS3,WSN,1,1,0,0,1,,37,8,15,20,1,2,0,,8,,1,0,,0,0,2,0,0,0,0,8,1,1,1,0,0,0,1,0,0,27,37,37,3,0,10,13,1,1,0,0,0,0,,0,0,0,0,0,0,0,0,0,0,0,,,1,27,43,27,13,3,0,0,0
LS3189906251,box,1899-06-25,1,LOU03,R,1,LS3,WSN,1,1,0,0,1,,34,8,13,24,2,3,1,,8,,1,,0,,0,2,0,0,,0,6,1,1,1,0,0,0,1,0,0,27,31,30,1,0,3,5,0,1,0,0,0,0,0,,0,1,0,0,0,0,0,0,0,0,,,1,27,47,27,17,3,0,0,0
LS3189906252,box,1899-06-25,2,LOU03,R,1,LS3,WSN,1,1,0,0,1,,32,7,11,12,1,0,0,,5,,3,,,,0,1,0,4,,0,5,1,1,0,0,0,1,1,0,0,27,38,35,5,3,7,9,0,1,0,0,2,,1,,1,0,0,0,0,0,0,0,0,0,,,1,27,43,27,13,3,1,0,0
LS3189906260,box,1899-06-26,0,LOU03,R,1,LS3,WSN,1,1,0,0,1,,32,6,10,11,1,0,0,,5,,3,0,,0,2,0,0,3,1,0,7,1,1,1,0,0,0,1,0,0,27,39,37,3,2,13,18,0,1,1,0,1,0,,0,0,1,0,0,0,0,0,0,0,0,,,1,27,44,27,14,3,0,0,0
LS3189906280,box,1899-06-28,0,LOU03,R,1,LS3,PHI,1,0,1,0,1,,33,1,7,8,1,0,0,,1,,2,,0,,2,1,0,2,,0,10,1,1,1,0,0,0,0,1,0,27,39,35,3,3,9,12,3,0,0,0,3,,,,1,0,0,0,0,0,0,0,0,0,,,1,27,40,27,12,1,0,0,0
LS3189906290,box,1899-06-29,0,LOU03,R,1,LS3,PHI,1,1,0,0,1,,40,11,12,14,0,1,0,,9,,0,0,,,0,2,0,2,,0,7,1,1,1,0,0,0,1,0,0,27,38,36,3,3,9,14,3,1,0,0,2,,,,0,0,0,0,0,0,0,0,0,0,,,1,27,42,27,14,1,0,0,0
LS3189906300,box,1899-06-30,0,LOU03,R,1,LS3,PHI,1,0,1,0,1,,38,9,13,15,2,0,0,,6,,2,,,,0,2,0,0,,0,6,1,1,0,0,0,1,0,1,0,27,49,42,13,6,12,19,5,1,0,0,2,,,,1,4,0,0,0,0,0,0,0,0,,,1,27,48,27,12,9,0,0,0
LS3189907010,box,1899-07-01,0,LOU03,R,1,LS3,PHI,1,1,0,0,1,,42,10,15,18,3,0,0,,10,,2,,,,0,1,0,2,,0,11,1,1,1,0,0,0,1,0,0,27,38,38,4,1,8,10,0,1,0,0,0,0,,,0,0,0,0,0,0,0,0,0,0,,,1,27,46,27,16,3,0,0,0
CIN189907041,box,1899-07-04,1,CIN05,R,0,LS3,CIN,1,0,1,0,1,,44,5,10,12,0,1,0,,5,,4,,1,,1,3,0,0,,0,8,1,1,1,0,0,0,0,1,0,38,51,39,6,3,5,6,1,0,0,0,6,,,,1,4,0,0,0,1,0,0,0,0,,,1,38,53,38,11,4,2,0,0
CIN189907042,box,1899-07-04,2,CIN05,R,0,LS3,CIN,1,0,1,0,1,,39,6,13,14,1,0,0,,2,,3,,,,0,0,0,3,,0,9,1,1,1,0,0,0,0,1,0,24,39,36,9,7,10,18,4,2,0,0,3,,0,,0,0,0,0,0,0,0,0,0,0,,,1,24,39,24,12,3,0,0,0
LS3189907050,box,1899-07-05,0,LOU03,R,1,LS3,CIN,1,1,0,0,1,,33,11,7,11,1,0,1,,6,,3,,0,,1,1,0,4,,0,3,1,1,1,0,0,0,1,0,0,27,40,38,7,2,9,9,0,0,0,0,2,,0,,0,0,0,0,0,0,0,0,0,0,,,1,27,53,27,21,5,1,0,0
LS3189907060,box,1899-07-06,0,LOU03,R,1,LS3,CIN,1,1,0,0,1,,30,3,7,12,2,0,1,,3,,2,,0,,0,2,0,0,,0,7,1,1,1,0,0,0,1,0,0,27,37,36,2,1,10,10,0,0,0,0,1,,0,,0,0,0,0,0,0,0,0,0,0,,,1,27,44,27,15,2,1,0,0
LS3189907070,box,1899-07-07,0,LOU03,R,1,LS3,CIN,1,1,0,0,1,,33,6,11,16,3,1,0,,5,,1,,,,0,1,0,2,,0,5,1,1,1,0,0,0,1,0,0,27,38,36,3,1,8,8,0,0,0,0,2,,,,0,0,0,0,0,0,0,0,0,0,,,1,27,47,27,18,2,0,0,0
LS3189907080,box,1899-07-08,0,LOU03,R,1,LS3,CIN,1,1,0,0,1,,32,5,10,10,0,0,0,,3,,1,,,,1,0,0,0,,0,5,1,1,1,0,0,0,1,0,0,27,42,39,4,2,11,12,1,0,0,0,1,,,,0,2,0,0,0,0,0,0,0,0,,,1,27,44,27,13,4,1,0,0
SLN189907091,box,1899-07-09,1,STL05,R,0,LS3,SLN,1,0,1,0,1,,37,4,11,16,3,1,0,,6,,1,,5,,1,0,0,2,,0,8,1,1,1,0,0,0,0,1,0,24,42,40,11,10,17,23,2,2,0,0,2,,0,,0,0,0,0,0,0,0,0,0,0,,,1,24,41,24,15,2,0,0,1
BLN189907110,box,1899-07-11,0,BAL07,R,0,LS3,BLN,1,0,1,0,1,,36,6,13,18,1,2,0,,6,,2,,1,,0,1,0,1,,0,6,1,1,1,0,0,0,0,1,0,24,44,37,10,8,13,14,1,0,0,0,6,,4,,1,0,0,0,0,0,0,0,0,0,,,1,24,33,24,8,1,0,0,1
BLN189907120,box,1899-07-12,0,BAL07,R,0,LS3,BLN,1,1,0,0,1,,41,13,16,22,2,2,0,,11,,4,,2,,0,3,0,1,,0,8,1,1,1,0,0,0,1,0,0,27,37,36,3,3,11,13,2,0,0,0,1,,2,,0,0,0,0,0,0,0,0,0,0,,,1,27,46,27,18,1,0,0,0
WSN189907140,box,1899-07-14,0,WAS06,R,0,LS3,WSN,1,1,0,0,1,,35,8,14,17,3,0,0,,5,,0,0,2,,0,2,0,1,,0,5,1,1,0,0,0,1,1,0,0,27,37,36,6,3,10,19,1,1,2,0,1,,1,,0,0,0,0,0,0,0,0,0,0,,,1,27,39,27,10,2,1,0,0
WSN189907150,box,1899-07-15,0,WAS06,R,0,LS3,WSN,1,1,0,0,1,,30,4,8,8,0,0,0,,3,,2,,1,,0,0,0,0,,0,4,1,1,1,0,0,0,1,0,0,27,35,31,1,1,6,8,0,1,0,0,3,,1,,0,1,0,0,0,0,0,0,0,0,,,1,27,41,27,14,0,0,0,0
PHI189907180,box,1899-07-18,0,PHI09,R,0,LS3,PHI,1,1,0,0,1,,36,8,11,12,1,0,0,,8,,4,0,,0,2,1,0,5,0,0,8,1,1,0,0,0,1,1,0,0,27,40,31,4,2,4,5,1,0,0,0,8,0,,0,1,0,0,0,0,0,0,0,0,0,,,1,27,44,27,14,3,1,0,0
PHI189907190,box,1899-07-19,0,PHI09,R,0,LS3,PHI,1,0,1,0,1,,36,3,8,11,1,1,0,,2,,0,0,0,,4,1,0,2,,0,11,1,1,1,0,0,0,0,1,0,24,37,30,5,5,10,13,3,0,0,0,3,,4,,2,2,0,0,0,0,0,0,0,0,,,1,24,37,24,11,2,0,0,0
PHI189907200,box,1899-07-20,0,PHI09,R,0,LS3,PHI,1,1,0,0,1,,40,6,13,19,4,1,0,,6,,4,,1,,0,2,0,1,,0,13,1,1,1,0,0,0,1,0,0,27,40,38,3,3,10,11,1,0,0,0,2,,0,,0,0,0,0,0,0,0,0,0,0,,,1,27,40,27,11,2,0,0,1
LS3189907220,box,1899-07-22,0,LOU03,R,1,LS3,BRO,1,1,0,0,1,,28,9,11,13,0,1,0,,6,,6,0,,0,1,4,0,3,1,0,6,1,1,1,0,0,0,1,0,0,27,35,32,2,2,8,8,0,0,0,0,2,0,,1,0,0,0,0,0,1,0,0,0,0,,,1,27,42,27,14,1,1,1,0
LS3189907230,box,1899-07-23,0,LOU03,R,1,LS3,BRO,1,0,1,0,1,,33,3,7,9,2,0,0,,3,,1,,,,1,1,0,0,,0,6,1,1,1,0,0,0,0,1,0,27,39,35,5,2,11,11,0,0,0,0,3,,,,0,1,0,0,0,0,0,0,0,0,,,1,27,47,27,14,6,0,0,0
LS3189907260,box,1899-07-26,0,LOU03,R,1,LS3,BRO,1,0,1,0,1,,31,2,5,5,0,0,0,,2,,5,0,1,0,0,0,0,2,1,0,7,1,1,1,0,0,0,0,1,0,27,35,32,3,3,5,9,1,0,1,0,3,0,1,1,0,0,0,0,0,0,0,0,0,0,,,1,27,40,27,12,1,1,0,0
LS3189907271,box,1899-07-27,1,LOU03,R,1,LS3,BSN,1,1,0,0,1,,33,4,12,14,2,0,0,,2,,1,0,,2,0,2,0,0,0,0,8,1,1,0,0,0,1,1,0,0,27,40,34,3,2,9,10,1,0,0,0,4,0,,0,0,2,0,0,0,0,0,0,0,0,,,1,27,37,27,9,1,1,0,0
LS3189907272,box,1899-07-27,2,LOU03,R,1,LS3,BSN,1,1,0,0,1,,34,6,12,14,2,0,0,,6,,2,0,,1,0,0,0,0,0,0,6,1,1,1,0,0,0,1,0,0,24,41,39,5,5,15,21,3,0,1,0,2,0,0,0,0,0,0,0,0,0,0,0,0,0,,,1,24,29,24,5,0,0,0,0
LS3189907280,box,1899-07-28,0,LOU03,R,1,LS3,BSN,1,0,1,0,1,,34,1,5,6,1,0,0,,1,,2,0,,0,0,0,0,2,1,0,8,1,1,1,0,0,0,0,1,0,27,36,32,4,4,7,7,0,0,0,0,2,0,,0,0,2,0,0,0,0,0,0,0,0,,,1,27,41,27,13,1,1,0,0
LS3189907301,box,1899-07-30,1,LOU03,R,1,LS3,CL4,1,1,0,0,1,,35,9,11,21,1,0,3,,7,,3,,,,0,0,0,2,,0,5,1,1,1,0,0,0,1,0,0,27,34,33,2,2,7,8,1,0,0,0,1,,,,0,0,0,0,0,0,0,0,0,0,,,1,27,38,27,10,1,1,0,0
LS3189907302,box,1899-07-30,2,LOU03,R,1,LS3,CL4,1,1,0,0,1,,37,16,15,22,1,0,2,,14,,6,,,,2,1,0,3,,0,6,1,1,0,0,0,1,1,0,1,27,52,45,13,8,20,21,1,0,0,0,5,,,,2,0,0,0,0,0,0,0,0,0,,,1,27,42,27,12,3,2,0,0
LS3189907310,box,1899-07-31,0,LOU03,R,1,LS3,NY1,1,1,0,0,1,,33,8,12,14,2,0,0,,5,,2,,,,1,3,0,1,,0,7,1,1,1,0,0,0,1,0,0,27,36,33,3,2,6,9,1,1,0,0,1,,,,1,1,0,0,0,0,0,0,0,0,,,1,27,47,27,17,3,0,0,0
LS3189908010,box,1899-08-01,0,LOU03,R,1,LS3,NY1,1,1,0,0,1,,30,7,7,7,0,0,0,,4,,7,0,1,0,0,1,0,3,1,0,7,1,1,1,0,0,0,1,0,0,27,36,33,1,1,6,6,0,0,0,0,3,0,3,0,0,0,0,0,0,0,0,0,0,0,,,1,27,44,27,15,2,1,0,0
LS3189908020,box,1899-08-02,0,LOU03,R,1,LS3,NY1,1,1,0,0,1,,29,7,12,19,2,1,1,,7,,5,,,,2,1,0,1,,0,6,1,1,1,0,0,0,1,0,0,27,42,38,6,6,15,18,1,1,0,0,2,,,,0,2,0,0,0,0,0,0,0,0,,,1,27,44,27,15,2,1,0,0
CIN189908050,box,1899-08-05,0,CIN05,R,0,LS3,CIN,1,0,1,0,1,,28,1,4,5,1,0,0,,1,,0,0,,,1,2,0,0,,0,3,1,1,1,0,0,0,0,1,0,24,30,26,6,6,9,12,3,0,0,0,3,,,,0,1,0,0,0,0,0,0,0,0,,,1,24,36,24,11,1,0,0,0
CIN189908061,box,1899-08-06,1,CIN05,R,0,LS3,CIN,1,0,1,0,1,,36,6,9,15,4,1,0,,6,,3,0,,1,2,0,0,2,0,0,8,1,1,0,0,0,1,0,1,0,24,40,34,9,7,12,15,3,0,0,0,4,0,,1,0,2,0,0,0,0,0,0,0,0,,,1,24,40,24,13,3,1,0,0
NY1189908080,box,1899-08-08,0,NYC10,R,0,LS3,NY1,1,0,1,0,1,,37,4,9,9,0,0,0,,3,,2,0,3,1,0,0,0,2,2,0,5,1,1,1,0,0,0,0,1,0,28,37,32,5,4,7,7,0,0,0,0,5,0,3,1,0,0,0,0,0,0,0,0,0,0,,,1,28,44,28,15,1,1,0,0
NY1189908090,box,1899-08-09,0,NYC10,R,0,LS3,NY1,1,1,0,0,1,,30,4,10,13,1,1,0,,4,,3,0,2,3,0,3,0,0,0,0,5,1,1,1,0,0,0,1,0,0,27,36,33,2,2,7,9,2,0,0,0,2,0,1,2,1,0,0,0,0,0,0,0,0,0,,,1,27,41,27,13,1,2,0,0
BRO189908110,box,1899-08-11,0,NYC12,R,0,LS3,BRO,1,0,1,0,1,,31,0,3,6,1,1,0,,0,,0,0,0,0,0,0,0,1,0,0,4,1,1,1,0,0,0,0,1,0,24,31,26,1,1,5,5,0,0,0,0,1,0,0,0,1,3,0,0,0,0,0,0,0,0,,,1,24,38,24,11,3,1,0,0
BRO189908121,box,1899-08-12,1,NYC12,R,0,LS3,BRO,1,1,0,0,1,,40,7,12,16,2,1,0,,1,,5,,2,,1,0,0,2,,0,12,1,1,1,0,0,0,1,0,0,27,40,36,6,6,12,17,3,1,0,0,2,,,,0,2,0,0,0,0,0,0,0,0,,,1,27,46,27,17,2,2,0,0
BRO189908122,box,1899-08-12,2,NYC12,R,0,LS3,BRO,1,0,1,0,1,,21,2,7,8,1,0,0,,2,,2,,,,0,0,0,3,,0,6,1,1,1,0,0,0,0,1,0,15,27,25,6,5,8,10,2,0,0,0,1,,,,0,1,0,0,0,0,0,0,0,0,,,1,15,28,15,9,4,0,0,0
NY1189908130,box,1899-08-13,0,WNY01,R,0,LS3,NY1,1,0,1,0,1,,35,5,8,11,1,1,0,,4,,4,,,,1,1,0,0,,0,9,1,1,0,0,0,1,0,1,0,24,39,35,9,6,12,22,3,2,1,0,3,,,,0,1,0,0,0,0,0,0,0,0,,,1,24,36,24,10,2,0,0,0
BRO189908140,box,1899-08-14,0,NYC12,R,0,LS3,BRO,1,0,1,0,1,,31,2,5,8,0,0,1,,2,,4,,4,,0,1,0,1,,0,7,1,1,1,0,0,0,0,1,0,24,36,33,4,4,12,12,0,0,0,0,1,,0,,1,1,0,0,0,0,0,0,0,0,,,1,24,36,24,9,3,1,0,0
NY1189908150,box,1899-08-15,0,NYC10,R,0,LS3,NY1,1,1,0,0,1,,38,9,9,9,0,0,0,,3,,8,,,,1,0,0,1,,0,11,1,1,1,0,0,0,1,0,0,27,39,37,5,3,11,12,1,0,0,0,2,,,,0,0,0,0,1,0,0,0,0,0,,,1,27,38,27,9,2,0,0,0
BSN189908161,box,1899-08-16,1,BOS05,R,0,LS3,BSN,1,1,0,0,1,,36,3,9,11,0,1,0,,3,,2,,,,1,0,0,3,,0,9,1,1,1,1,0,0,1,0,0,27,31,30,0,0,3,5,0,1,0,0,1,,,,0,0,0,0,0,0,0,0,0,0,,,1,27,38,27,11,0,0,0,0
BSN189908162,box,1899-08-16,2,BOS05,R,0,LS3,BSN,1,0,1,0,1,,31,5,6,9,0,0,1,,4,,14,,2,,0,1,0,0,,0,14,1,1,0,0,0,1,0,1,0,27,44,39,12,8,14,21,3,2,0,0,2,,2,,1,2,0,0,0,0,0,0,0,0,,,1,27,42,27,9,6,0,0,0
BSN189908171,box,1899-08-17,1,BOS05,R,0,LS3,BSN,1,0,1,0,1,,35,6,11,15,1,0,1,,5,,5,0,,1,0,0,0,2,0,0,7,1,1,1,0,0,0,0,1,0,25,42,35,7,4,11,12,1,0,0,0,5,0,,1,0,1,0,0,1,1,0,0,0,0,,,1,25,49,25,18,6,1,0,0
BSN189908172,box,1899-08-17,2,BOS05,R,0,LS3,BSN,1,1,0,0,1,,20,2,3,6,0,0,1,,2,,5,0,3,0,2,3,0,0,0,0,7,1,1,1,0,0,0,1,0,0,21,32,24,1,0,8,12,2,1,0,0,6,0,3,0,0,2,0,0,0,0,0,0,0,0,,,1,21,30,21,8,1,1,0,0
BSN189908181,box,1899-08-18,1,BOS05,R,0,LS3,BSN,1,0,1,0,1,,31,2,6,7,1,0,0,,2,,2,0,3,0,1,0,0,0,2,0,5,1,1,1,0,0,0,0,1,0,24,36,31,5,2,7,14,2,1,1,0,3,0,2,0,0,2,0,0,0,0,0,0,0,0,,,1,24,44,24,16,4,0,0,0
BSN189908182,box,1899-08-18,2,BOS05,R,0,LS3,BSN,1,0,1,0,1,,36,6,10,17,4,0,1,,5,,4,0,1,2,1,0,0,0,1,0,8,1,1,0,0,0,1,0,1,0,26,44,40,7,6,14,21,3,2,0,0,2,0,,0,1,1,0,0,0,0,0,0,0,0,,,1,26,41,26,13,2,1,0,0
CHN189908202,box,1899-08-20,2,CHI08,R,0,LS3,CHN,1,1,0,0,1,,31,5,10,15,2,0,1,,4,,0,0,5,,0,3,0,0,,0,5,1,1,1,1,0,0,1,0,0,24,31,29,0,0,8,10,0,1,0,0,2,,1,,0,0,0,0,0,0,0,0,0,0,,,1,24,35,24,11,0,0,0,0
LS3189908220,box,1899-08-22,0,LOU04,R,1,LS3,CL4,1,1,0,0,1,,43,15,18,24,3,0,1,,10,,2,,,,0,0,0,2,,0,8,1,1,0,0,0,1,1,0,0,27,43,40,6,3,13,15,0,1,0,0,2,,,,0,1,0,0,0,0,0,0,0,0,,,1,27,44,27,15,2,0,0,0
LS3189908230,box,1899-08-23,0,LOU04,R,1,LS3,CL4,1,1,0,0,1,,36,13,12,23,3,1,2,,13,,8,,1,,1,0,0,2,,0,8,1,1,1,0,0,0,1,0,0,27,37,36,3,2,11,14,0,0,1,0,0,0,1,,1,0,0,0,0,0,0,0,0,0,,,1,27,43,27,15,1,1,0,0
LS3189908240,box,1899-08-24,0,LOU04,R,1,LS3,BLN,1,0,0,1,1,,39,4,12,13,1,0,0,,4,,6,0,,0,0,2,0,1,1,0,13,1,1,1,0,0,0,0,0,0,30,39,38,4,4,10,13,1,1,0,0,0,0,,0,1,0,0,0,0,0,0,0,0,0,,,1,30,44,30,13,1,1,0,0
LS3189908260,box,1899-08-26,0,LOU04,R,1,LS3,BLN,1,1,0,0,1,,29,5,3,6,0,0,1,,5,,0,0,,,1,1,0,4,,0,2,1,1,1,0,0,0,1,0,0,27,31,30,1,1,6,9,3,0,0,0,1,,,,0,0,0,0,0,0,0,0,0,0,,,1,27,38,27,11,0,0,0,0
LS3189908271,box,1899-08-27,1,LOU04,R,1,LS3,BLN,1,0,1,0,1,,33,3,8,11,0,0,1,,3,,2,,,,2,0,0,0,,0,7,1,1,1,0,0,0,0,1,0,27,43,37,7,5,11,17,3,0,1,0,2,,,,2,2,0,0,0,0,0,0,0,0,,,1,27,46,27,15,4,1,0,0
LS3189908272,box,1899-08-27,2,LOU04,R,1,LS3,BLN,1,0,0,1,1,,30,4,6,6,0,0,0,,4,,3,,,,1,1,0,0,,0,7,1,1,1,0,0,0,0,0,0,24,35,32,4,4,8,13,1,2,0,0,1,,,,1,1,0,0,0,0,0,0,0,0,,,1,24,40,24,12,4,0,0,0
LS3189908280,box,1899-08-28,0,LOU04,R,1,LS3,PHI,1,0,1,0,1,,30,0,3,3,0,0,0,,0,,4,0,5,0,0,0,0,1,0,0,7,1,1,1,0,0,0,0,1,0,27,45,42,12,12,16,37,3,3,4,0,3,0,1,0,0,0,0,0,0,0,0,0,0,0,,,1,27,44,27,17,0,1,0,0
LS3189908290,box,1899-08-29,0,LOU04,R,1,LS3,PHI,1,0,1,0,1,,41,7,12,16,0,2,0,,6,,3,0,,0,0,0,0,1,0,0,10,1,1,1,0,0,0,0,1,0,25,40,39,8,6,13,19,3,0,1,0,0,0,,0,1,0,0,0,0,0,0,0,0,0,,,1,25,41,25,13,3,0,0,0
LS3189908300,box,1899-08-30,0,LOU04,R,1,LS3,PHI,1,1,0,0,1,,32,6,9,11,2,0,0,,6,,5,0,,0,0,3,0,1,0,0,10,1,1,1,0,0,0,1,0,0,27,39,34,2,2,9,10,1,0,0,0,3,0,,0,1,1,0,0,0,0,0,0,0,0,,,1,27,43,27,16,0,1,0,0
LS3189908310,box,1899-08-31,0,LOU04,R,1,LS3,WSN,1,0,1,0,1,,44,6,16,19,1,1,0,,4,,1,,,,1,0,0,4,,0,13,1,1,1,0,0,0,0,1,0,27,41,40,7,3,13,15,2,0,0,0,0,0,0,,1,0,0,0,0,0,0,0,0,0,,,1,27,45,27,13,5,1,0,0
LS3189909010,box,1899-09-01,0,LOU04,R,1,LS3,WSN,1,0,1,0,1,,37,3,12,14,2,0,0,,3,,1,0,,0,0,2,0,2,0,0,10,1,1,1,0,0,0,0,1,0,27,36,33,5,5,11,15,1,0,1,0,1,0,,1,0,2,0,0,0,0,0,0,0,0,,,1,27,43,27,16,0,1,0,1
LS3189909020,box,1899-09-02,0,LOU04,R,1,LS3,WSN,1,1,0,0,1,,48,25,22,43,3,0,6,,19,,7,,0,,3,0,0,8,,0,9,1,1,1,0,0,0,1,0,0,24,33,32,4,4,8,20,2,2,2,0,1,,0,,0,0,0,0,0,0,0,0,0,0,,,1,24,39,24,14,1,0,0,0
CIN189909031,box,1899-09-03,1,CIN05,R,0,LS3,CIN,1,1,0,0,1,,37,7,10,14,2,1,0,,5,,4,,,,0,2,0,1,,0,9,1,1,1,0,0,0,1,0,0,27,42,38,6,5,11,15,2,1,0,0,1,,,,3,0,0,0,1,0,0,0,0,0,,,1,27,41,27,13,1,0,0,0
SLN189909041,box,1899-09-04,1,STL05,R,0,LS3,SLN,1,1,0,0,1,,39,14,17,26,1,1,2,,11,,5,,1,,1,3,0,3,,0,7,1,1,1,0,0,0,1,0,0,27,36,36,2,0,7,7,0,0,0,0,0,0,1,,0,0,0,0,0,0,0,0,0,0,,,1,27,39,27,9,3,0,0,0
SLN189909042,box,1899-09-04,2,STL05,R,0,LS3,SLN,1,0,1,0,1,,29,1,3,3,0,0,0,,1,,1,,1,,0,1,0,0,,0,6,1,1,1,0,0,0,0,1,0,24,32,29,2,1,7,8,1,0,0,0,1,,1,,0,2,0,0,0,0,0,0,0,0,,,1,24,40,24,14,2,0,0,0
SLN189909050,box,1899-09-05,0,STL05,R,0,LS3,SLN,1,0,0,1,1,,31,4,12,18,1,1,1,,4,,3,,,,0,4,0,1,,0,7,1,1,1,0,0,0,0,0,0,27,38,34,4,2,7,7,0,0,0,0,4,,0,,0,0,0,0,0,0,0,0,0,0,,,1,27,46,27,16,3,0,0,0
PIT189909070,box,1899-09-07,0,PIT05,R,0,LS3,PIT,1,1,0,0,1,,42,7,16,16,0,0,0,,0,,1,,1,,0,1,0,2,,0,10,1,1,1,0,0,0,1,0,0,27,40,35,4,4,11,13,0,1,0,0,2,,1,,0,3,0,0,0,0,0,0,0,0,,,1,27,40,27,11,2,1,0,0
PIT189909080,box,1899-09-08,0,PIT05,R,0,LS3,PIT,1,1,0,0,1,,34,5,8,10,0,1,0,,5,,4,,2,,2,0,0,2,,0,8,1,1,1,0,0,0,1,0,0,27,37,34,3,3,9,13,2,1,0,0,2,,1,,1,0,0,0,0,0,0,0,0,0,,,1,27,44,26,17,1,0,0,0
PIT189909091,box,1899-09-09,1,PIT05,R,0,LS3,PIT,1,1,0,0,1,,37,13,14,17,1,1,0,,10,,10,,3,,0,3,0,5,,0,10,1,1,0,0,0,1,1,0,0,27,46,44,10,3,15,18,0,0,1,0,1,,0,,1,0,0,0,0,0,0,0,0,0,,,1,27,51,27,17,7,2,0,0
PIT189909092,box,1899-09-09,2,PIT05,R,0,LS3,PIT,1,0,1,0,1,,28,1,6,10,1,0,1,,1,,4,,8,,0,0,0,1,,0,7,1,1,1,0,0,0,0,1,0,21,33,28,5,0,7,8,1,0,0,0,4,,0,,0,1,0,0,0,0,0,0,0,0,,,1,21,36,21,12,3,1,0,0
CIN189909102,box,1899-09-10,2,CIN05,R,0,LS3,CIN,1,0,1,0,1,,37,7,11,13,0,1,0,,4,,2,,,,2,0,0,1,,0,7,1,1,1,0,0,0,0,1,0,24,39,36,8,6,16,21,3,1,0,0,1,,,,1,1,0,0,0,0,0,0,0,0,,,1,24,41,24,16,1,0,0,0
BLN189909110,box,1899-09-11,0,BAL07,R,0,LS3,BLN,1,1,0,0,1,,36,5,10,11,1,0,0,,4,,1,,0,,0,1,0,0,,0,6,1,1,1,0,0,0,1,0,0,27,37,36,3,1,9,9,0,0,0,0,1,,7,,0,0,0,0,0,0,0,0,0,0,,,1,27,37,27,8,2,1,0,1
BLN189909120,box,1899-09-12,0,BAL07,R,0,LS3,BLN,1,1,0,0,1,,47,5,12,14,2,0,0,,4,,2,,,,1,1,0,1,,0,10,1,1,1,0,0,0,1,0,0,36,47,42,3,0,8,10,0,1,0,0,2,,,,2,1,0,0,0,0,0,0,0,0,,,1,36,59,36,20,3,1,0,0
BLN189909131,box,1899-09-13,1,BAL07,R,0,LS3,BLN,1,0,1,0,1,,33,2,7,9,2,0,0,,0,,1,,5,,0,0,0,2,,0,5,1,1,1,0,0,0,0,1,0,24,31,27,3,3,8,9,1,0,0,0,2,,0,,1,1,0,0,0,0,0,0,0,0,,,1,24,39,24,15,0,2,0,0
BLN189909132,box,1899-09-13,2,BAL07,R,0,LS3,BLN,1,0,1,0,1,,39,4,11,13,2,0,0,,4,,3,,1,,0,0,0,0,,0,11,1,1,1,0,0,0,0,1,0,24,38,36,8,7,13,14,1,0,0,0,1,,4,,0,1,0,0,0,0,0,0,0,0,,,1,24,36,24,11,1,0,0,0
BLN189909140,box,1899-09-14,0,BAL07,R,0,LS3,BLN,1,1,0,0,1,,32,6,7,8,1,0,0,,0,,5,,0,,0,1,0,2,,0,5,1,1,0,0,0,1,1,0,1,27,36,34,5,4,8,12,4,0,0,0,1,,3,,1,0,0,0,0,0,0,0,0,0,,,1,27,47,27,17,3,0,0,0
PHI189909150,box,1899-09-15,0,PHI09,R,0,LS3,PHI,1,1,0,0,1,,38,10,16,22,2,2,0,,10,,1,,2,,0,1,0,2,,0,6,1,1,1,0,0,0,1,0,0,24,41,35,9,4,10,14,0,2,0,0,2,,,,3,1,0,0,0,0,0,0,0,0,,,1,24,46,24,17,5,0,0,1
PHI189909160,box,1899-09-16,0,PHI09,R,0,LS3,PHI,1,0,1,0,1,,30,0,6,7,1,0,0,,0,,2,,1,,1,1,0,1,,0,7,1,1,1,0,0,0,0,1,0,24,34,31,4,1,8,8,0,0,0,0,1,,0,,0,2,0,0,0,0,0,0,0,0,,,1,24,38,24,12,2,0,0,0
PHI189909180,box,1899-09-18,0,PHI09,R,0,LS3,PHI,1,1,0,0,1,,38,6,11,15,4,0,0,,5,,1,,2,,0,0,0,2,,0,6,1,1,1,0,0,0,1,0,0,27,38,34,1,0,8,11,3,0,0,0,4,,1,,0,0,0,0,0,0,0,0,0,0,,,1,27,39,26,11,2,1,0,0
WSN189909201,box,1899-09-20,1,WAS06,R,0,LS3,WSN,1,1,0,0,1,,31,4,7,11,4,0,0,,4,,1,0,5,1,1,1,0,0,0,0,3,1,1,1,0,0,0,1,0,0,27,33,30,1,1,6,8,2,0,0,0,2,0,0,1,0,1,0,0,0,0,0,0,0,0,,,1,27,46,27,18,1,1,0,0
WSN189909202,box,1899-09-20,2,WAS06,R,0,LS3,WSN,1,1,0,0,1,,33,6,10,15,1,2,0,,5,,5,,,,2,2,0,5,,0,9,1,1,1,0,0,0,1,0,0,27,33,33,4,4,6,12,1,1,1,0,0,0,,,0,0,0,0,0,0,0,0,0,0,,,1,27,43,27,16,0,0,0,0
WSN189909211,box,1899-09-21,1,WAS06,R,0,LS3,WSN,1,1,0,0,1,,29,4,8,13,2,0,1,,3,,6,,8,,0,2,0,4,,0,9,1,1,1,0,0,0,1,0,0,27,36,31,3,1,11,16,1,2,0,0,1,,3,,2,2,0,0,0,0,0,0,0,0,,,1,27,44,27,15,2,0,0,0
WSN189909212,box,1899-09-21,2,WAS06,R,0,LS3,WSN,1,1,0,0,1,,28,6,10,14,0,2,0,,5,,3,,4,,0,0,0,4,,0,4,1,1,1,0,0,0,1,0,0,24,34,33,4,2,9,9,0,0,0,0,1,,1,,0,0,0,0,0,0,0,0,0,0,,,1,24,41,24,12,5,2,0,0
WSN189909220,box,1899-09-22,0,WAS06,R,0,LS3,WSN,1,1,0,0,1,,44,17,19,27,2,3,0,,14,,5,,0,,1,2,0,3,,0,11,1,1,1,0,0,0,1,0,0,27,41,38,4,4,12,17,2,0,1,0,2,,,,1,0,0,0,0,0,0,0,0,0,,,1,27,45,27,16,2,0,0,0
SLN189909241,box,1899-09-24,1,STL05,R,0,LS3,SLN,1,1,0,0,1,,34,7,9,10,1,0,0,,3,,1,,,,0,0,0,2,,0,4,1,1,1,0,0,0,1,0,0,27,37,35,6,6,8,13,0,1,1,0,2,,,,0,0,0,0,0,0,0,0,0,0,,,1,27,44,27,17,0,0,0,0
LS3189909242,box,1899-09-24,2,STL05,R,1,LS3,CL4,1,1,0,0,1,,24,5,6,11,2,0,1,,3,,2,,,,0,0,0,2,,0,3,1,1,1,0,0,0,1,0,0,21,29,27,1,0,6,6,0,0,0,0,2,,,,0,0,0,0,0,0,0,0,0,0,,,1,21,33,21,8,4,1,0,0
SLN189909250,box,1899-09-25,0,STL05,R,0,LS3,SLN,1,1,0,0,1,,40,16,12,16,2,1,0,,10,,5,,3,,2,5,0,3,,0,9,1,1,1,0,0,0,1,0,0,27,40,37,3,3,10,16,4,1,0,0,1,,1,,1,1,0,0,0,0,0,0,0,0,,,1,27,36,27,8,1,0,0,1
SLN189909270,box,1899-09-27,0,STL05,R,0,LS3,SLN,1,0,1,0,1,,34,2,6,6,0,0,0,,2,,0,0,1,,0,1,0,2,,0,6,1,1,1,0,0,0,0,1,0,24,33,32,3,2,10,10,0,0,0,0,0,0,0,,0,1,0,0,0,0,0,0,0,0,,,1,24,43,24,18,1,1,0,0
SLN189909280,box,1899-09-28,0,STL05,R,0,LS3,SLN,1,0,1,0,1,,34,3,8,12,0,2,0,,3,,0,0,2,0,0,1,0,0,0,0,6,1,1,1,0,0,0,0,1,0,24,37,34,7,7,12,18,1,1,1,0,2,0,2,0,1,0,0,0,0,0,0,0,0,0,,,1,24,34,24,8,2,1,0,1
CHN189909300,box,1899-09-30,0,CHI08,R,0,LS3,CHN,1,1,0,0,1,,39,12,15,19,2,1,0,,10,,2,,4,,1,0,0,2,,0,6,1,1,0,0,0,1,1,0,0,24,40,36,6,6,12,13,1,0,0,0,4,,2,,0,0,0,0,0,0,0,0,0,0,,,1,24,33,24,7,2,0,0,0
CHN189910020,box,1899-10-02,0,CHI08,R,0,LS3,CHN,1,1,0,0,1,,31,6,10,12,2,0,0,,4,,4,,1,,1,3,0,2,,0,9,1,1,1,0,0,0,1,0,0,24,31,26,1,1,3,3,0,0,0,0,4,,13,,1,0,0,0,0,0,0,0,0,0,,,1,24,30,24,5,1,0,0,1
CHN189910030,box,1899-10-03,0,CHI08,R,0,LS3,CHN,1,1,0,0,1,,38,10,12,16,0,2,0,,5,,3,,3,,2,2,0,1,,0,8,1,1,1,0,0,0,1,0,0,27,36,31,2,2,6,12,1,1,1,0,5,,2,,0,0,0,0,0,0,0,0,0,0,,,1,27,42,27,14,1,1,0,0
CHN189910040,box,1899-10-04,0,CHI08,R,0,LS3,CHN,1,0,1,0,1,,34,3,8,9,1,0,0,,3,,1,,4,,1,1,0,0,,0,7,1,1,1,0,0,0,0,1,0,24,32,30,4,2,5,6,1,0,0,0,1,,2,,1,0,0,0,0,0,0,0,0,0,,,1,24,40,24,13,3,1,0,0
CIN189910050,box,1899-10-05,0,CIN05,R,0,LS3,CIN,1,1,0,0,1,,34,4,8,8,0,0,0,,2,,1,0,,0,0,0,0,3,1,0,4,1,1,1,1,0,0,1,0,0,27,34,32,0,0,6,8,0,1,0,0,1,0,,1,1,0,0,0,0,0,0,0,0,0,,,1,27,42,27,14,1,1,0,0
CIN189910060,box,1899-10-06,0,CIN05,R,0,LS3,CIN,1,0,1,0,1,,30,1,1,1,0,0,0,,1,,0,0,,0,0,0,0,0,0,0,2,1,1,1,0,0,0,0,1,0,24,38,32,8,7,12,14,2,0,0,0,1,0,,0,3,2,0,0,0,0,0,0,0,0,,,1,24,41,24,15,2,1,0,0
CIN189910070,box,1899-10-07,0,CIN05,R,0,LS3,CIN,1,0,1,0,1,,34,2,8,9,1,0,0,,0,,2,,,,0,0,0,2,,0,8,1,1,1,0,0,0,0,1,0,24,38,34,4,1,8,8,0,0,0,0,2,,,,1,1,0,0,1,0,0,0,0,0,,,1,24,39,24,11,4,0,0,0
CHN189910082,box,1899-10-08,2,CHI08,R,0,LS3,CHN,1,0,1,0,1,,23,3,7,10,1,1,0,,1,,3,,3,,0,0,0,1,,0,5,1,1,1,0,0,0,0,1,0,15,28,23,7,6,10,14,1,0,1,0,3,,4,,1,1,0,0,0,0,0,0,0,0,,,1,15,22,15,6,1,0,0,0
PIT189910130,box,1899-10-13,0,PIT05,R,0,LS3,PIT,1,0,1,0,1,,28,2,4,6,2,0,0,,2,,0,0,5,,0,0,0,1,,0,2,1,1,1,0,0,0,0,1,0,24,37,33,5,2,9,11,2,0,0,0,3,,2,,0,1,0,0,0,0,0,0,0,0,,,1,24,38,24,11,3,0,0,0
PIT189910140,box,1899-10-14,0,PIT05,R,0,LS3,PIT,1,1,0,0,1,,36,4,15,19,2,1,0,,4,,2,,0,,0,1,0,1,,0,8,1,1,1,0,0,0,1,0,0,27,35,34,1,1,6,6,0,0,0,0,1,,,,0,0,0,0,0,0,0,0,0,0,,,1,27,38,27,10,1,0,0,0
CHN189910152,box,1899-10-15,2,CHI08,R,0,LS3,CHN,1,1,0,0,1,,38,9,11,14,1,1,0,,6,,2,,3,,0,2,0,2,,0,9,1,1,1,0,0,0,1,0,0,24,33,33,5,3,8,9,1,0,0,0,0,0,1,,0,0,0,0,1,0,0,0,0,0,,,1,24,38,24,13,1,0,0,1
BLN189904150,box,1899-04-15,0,BAL07,R,0,NY1,BLN,1,0,1,0,1,,33,3,3,3,0,0,0,,3,,2,0,,0,0,0,0,0,0,0,5,1,1,1,0,0,0,0,1,0,24,34,26,5,2,6,8,2,0,0,0,4,0,,0,4,0,0,0,1,0,0,0,0,0,,,1,24,38,24,12,2,1,0,0
BLN189904170,box,1899-04-17,0,BAL07,R,0,NY1,BLN,1,0,1,0,1,,33,1,8,8,0,0,0,,1,,1,0,3,1,0,0,0,0,1,0,6,1,1,1,0,0,0,0,1,0,24,38,31,8,7,11,13,2,0,0,0,5,0,0,1,1,1,0,0,0,0,0,0,0,0,,,1,24,43,24,17,2,2,0,0
BLN189904180,box,1899-04-18,0,BAL07,R,0,NY1,BLN,1,0,1,0,1,,37,4,9,11,2,0,0,,4,,2,0,,0,1,0,0,1,0,0,9,1,1,1,0,0,0,0,1,0,24,35,31,8,8,10,13,3,0,0,0,3,0,,0,0,1,0,0,0,0,0,0,0,0,,,1,24,39,24,15,0,1,0,1
BLN189904190,box,1899-04-19,0,BAL07,R,0,NY1,BLN,1,1,0,0,1,,36,6,9,12,3,0,0,,6,,3,0,1,0,0,0,0,3,1,0,6,1,1,1,1,0,0,1,0,0,27,34,31,0,0,6,6,0,0,0,0,1,0,3,0,2,0,0,0,0,0,0,0,0,0,,,1,27,42,27,15,0,0,0,0
NY1189904200,box,1899-04-20,0,NYC10,R,1,NY1,BLN,1,1,0,0,1,,30,5,10,16,4,1,0,,3,,3,0,2,1,0,0,0,1,2,0,4,1,1,1,0,0,0,1,0,0,27,40,34,4,4,7,9,2,0,0,0,5,1,2,1,1,0,0,0,0,0,0,0,0,0,,,1,27,40,27,8,5,1,0,0
NY1189904210,box,1899-04-21,0,NYC10,R,1,NY1,BLN,1,0,1,0,1,,32,1,7,7,0,0,0,,1,,1,0,2,0,0,0,0,0,1,0,5,1,1,1,0,0,0,0,1,0,27,43,38,5,3,10,13,3,0,0,0,4,0,,0,1,0,0,0,0,0,0,0,0,0,,,1,27,42,27,12,3,0,0,1
NY1189904220,box,1899-04-22,0,NYC10,R,1,NY1,BLN,1,1,0,0,1,,35,8,14,16,2,0,0,,7,,3,0,,0,1,1,0,3,2,0,8,1,1,1,0,0,0,1,0,0,27,41,34,7,5,8,10,2,0,0,0,4,0,,0,3,0,0,0,1,0,0,0,0,0,,,1,27,45,27,12,6,0,0,1
NY1189904240,box,1899-04-24,0,NYC10,R,1,NY1,BLN,1,0,1,0,1,,31,0,7,8,1,0,0,,0,,1,0,,0,0,0,0,0,0,0,5,1,1,1,0,0,0,0,1,0,27,43,34,6,3,9,13,1,0,1,0,6,0,3,2,3,0,0,0,1,0,0,0,0,0,,,1,27,41,27,10,4,3,0,1
WSN189904250,box,1899-04-25,0,WAS06,R,0,NY1,WSN,1,0,1,0,1,,33,8,10,15,1,2,0,,6,,4,0,2,0,1,1,0,1,0,0,4,1,1,1,0,0,0,0,1,0,27,43,37,9,7,11,19,1,2,1,0,5,0,0,0,0,1,0,0,0,0,0,0,0,0,,,1,27,45,27,13,5,2,0,0
WSN189904270,box,1899-04-27,0,WAS06,R,0,NY1,WSN,1,1,0,0,1,,33,7,11,12,1,0,0,,5,,1,0,,0,0,1,0,4,3,0,4,1,1,1,0,0,0,1,0,0,27,35,33,2,1,7,8,1,0,0,0,2,0,5,1,0,0,0,0,0,0,0,0,0,0,,,1,27,41,27,12,2,1,0,0
WSN189904280,box,1899-04-28,0,WAS06,R,0,NY1,WSN,1,0,1,0,1,,33,8,11,17,4,1,0,,8,,3,0,0,0,2,0,0,1,1,0,6,1,1,0,0,0,1,0,1,0,24,42,32,12,12,14,20,3,0,1,0,8,0,2,1,1,1,0,0,0,0,0,0,0,0,,,1,24,37,24,13,0,1,0,1
NY1189904290,box,1899-04-29,0,NYC10,R,1,NY1,PHI,1,0,1,0,1,,37,5,11,11,0,0,0,,5,,6,0,,0,2,0,0,2,1,0,13,1,1,1,0,0,0,0,1,0,27,38,36,8,6,12,14,2,0,0,0,2,0,,2,0,0,0,0,0,0,0,0,0,0,,,1,27,49,27,18,4,4,0,0
NY1189905010,box,1899-05-01,0,NYC10,R,1,NY1,PHI,1,0,0,1,1,,42,8,13,18,2,0,1,,7,,1,0,1,1,0,0,0,3,2,0,5,1,1,1,0,0,0,0,0,0,30,47,42,8,4,12,17,1,2,0,0,3,1,4,0,1,1,0,0,0,0,0,0,0,0,,,1,30,59,30,22,7,0,0,0
NY1189905020,box,1899-05-02,0,NYC10,R,1,NY1,PHI,1,1,0,0,1,,32,4,10,10,0,0,0,,2,,1,0,6,0,0,1,0,2,0,0,9,1,1,1,0,0,0,1,0,0,24,35,33,3,3,10,11,1,0,0,0,2,0,2,0,0,0,0,0,0,0,0,0,0,0,,,1,24,36,24,11,1,0,0,0
NY1189905030,box,1899-05-03,0,NYC10,R,1,NY1,PHI,1,0,1,0,1,,30,3,8,9,1,0,0,,3,,6,0,,1,0,0,0,0,2,0,6,1,1,1,0,0,0,0,1,0,27,45,36,7,6,9,9,0,0,0,0,6,0,6,0,2,0,0,0,1,1,0,0,0,0,,,1,27,43,27,14,2,0,0,0
NY1189905050,box,1899-05-05,0,NYC10,R,1,NY1,WSN,1,1,0,0,1,,33,5,11,11,0,0,0,,5,,3,0,4,1,0,0,0,5,1,0,5,1,1,1,0,0,0,1,0,0,27,36,31,4,2,7,9,0,1,0,0,5,0,5,0,0,0,0,0,0,0,0,0,0,0,,,1,27,44,27,15,2,2,0,0
NY1189905060,box,1899-05-06,0,NYC10,R,1,NY1,WSN,1,1,0,0,1,,30,3,7,7,0,0,0,,2,,1,0,0,0,0,0,0,3,2,0,4,1,1,1,0,0,0,1,0,0,27,37,33,2,0,7,11,2,1,0,0,2,0,1,0,2,0,0,0,0,0,0,0,0,0,,,1,27,40,27,11,2,1,0,0
NY1189905080,box,1899-05-08,0,NYC10,R,1,NY1,WSN,1,1,0,0,1,,34,6,11,14,3,0,0,,5,,3,0,2,0,0,2,0,4,2,0,9,1,1,1,0,0,0,1,0,0,27,35,33,2,2,9,9,0,0,0,0,1,0,5,0,1,0,0,0,1,0,0,0,0,0,,,1,27,39,27,11,1,0,0,0
NY1189905090,box,1899-05-09,0,NYC10,R,1,NY1,WSN,1,1,0,0,1,,48,19,22,28,2,2,0,,12,,4,0,,0,0,1,0,3,0,0,10,1,1,1,0,0,0,1,0,0,27,38,32,1,1,6,6,0,0,0,0,6,0,,0,0,0,0,0,0,0,0,0,0,0,,,1,27,41,27,13,1,1,0,0
PHI189905100,box,1899-05-10,0,PHI09,R,0,NY1,PHI,1,0,1,0,1,,41,3,9,14,1,2,0,,3,,1,0,4,0,0,0,0,1,0,0,6,1,1,1,0,0,0,0,1,0,30,44,41,4,2,13,14,1,0,0,0,2,0,0,0,0,1,0,0,0,0,0,0,0,0,,,1,30,49,30,17,2,0,0,0
PHI189905121,box,1899-05-12,1,PHI09,R,0,NY1,PHI,1,0,1,0,1,,32,0,7,7,0,0,0,,0,,1,0,,0,0,0,0,0,1,0,6,1,1,1,0,0,0,0,1,0,24,44,37,11,11,15,21,2,2,0,0,4,0,,0,2,1,0,0,0,0,0,0,0,0,,,1,24,37,24,12,1,0,0,0
PHI189905122,box,1899-05-12,2,PHI09,R,0,NY1,PHI,1,0,1,0,1,,34,4,6,10,1,0,1,,3,,3,0,0,1,0,0,0,1,0,0,6,1,1,1,0,0,0,0,1,0,24,38,36,7,4,14,19,3,1,0,0,1,0,2,0,0,1,0,0,0,0,0,0,0,0,,,1,24,34,24,8,2,0,0,0
PHI189905130,box,1899-05-13,0,PHI09,R,0,NY1,PHI,1,0,1,0,1,,28,0,3,3,0,0,0,,0,,2,0,,2,0,0,0,0,0,0,3,1,1,1,0,0,0,0,1,0,24,43,41,9,9,18,24,6,0,0,0,1,0,0,1,1,0,0,0,0,0,0,0,0,0,,,1,24,34,24,9,1,2,0,0
BLN189905150,box,1899-05-15,0,BAL07,R,0,NY1,BLN,1,0,1,0,1,,33,3,7,9,2,0,0,,3,,3,0,1,0,0,0,0,2,0,0,6,1,1,1,0,0,0,0,1,0,24,37,31,5,3,11,12,1,0,0,0,4,0,1,1,2,0,0,0,0,0,0,0,0,0,,,1,24,41,24,14,3,2,0,0
BLN189905160,box,1899-05-16,0,BAL07,R,0,NY1,BLN,1,0,1,0,1,,40,5,15,17,2,0,0,,4,,1,0,1,1,0,0,0,0,1,0,10,1,1,1,0,0,0,0,1,0,24,49,39,15,15,20,25,5,0,0,0,8,0,1,0,2,0,0,0,1,0,0,0,0,0,,,1,24,38,24,12,2,0,0,0
SLN189905190,box,1899-05-19,0,STL05,R,0,NY1,SLN,1,1,0,0,1,,26,10,9,19,1,3,1,,9,,3,0,,0,1,0,0,0,2,0,2,1,1,0,0,0,1,0,0,0,18,37,29,9,4,10,11,1,0,0,0,8,0,0,0,0,0,0,0,0,0,0,0,0,0,,,1,18,31,18,9,4,1,0,0
SLN189905211,box,1899-05-21,1,STL05,R,0,NY1,SLN,1,1,0,0,1,,35,8,9,12,0,0,1,,6,,1,,2,,0,1,0,0,,0,2,1,1,1,0,0,0,1,0,0,27,38,28,4,4,3,9,1,1,1,0,9,,4,,0,0,0,0,0,1,0,0,0,0,,,1,27,39,27,11,1,2,0,0
SLN189905212,box,1899-05-21,2,STL05,R,0,NY1,SLN,1,0,1,0,1,,23,5,6,9,0,0,1,,3,,1,,2,,0,0,0,3,,0,4,1,1,1,0,0,0,0,1,0,15,30,22,9,7,10,11,1,0,0,0,8,,0,,0,0,0,0,1,0,0,0,0,0,,,1,15,28,15,10,3,2,0,0
CIN189905220,box,1899-05-22,0,CIN05,R,0,NY1,CIN,1,0,1,0,1,,37,4,11,14,3,0,0,,4,,4,0,1,0,0,2,0,1,2,0,9,1,1,1,0,0,0,0,1,0,30,44,31,5,4,7,12,1,2,0,0,9,0,0,2,1,3,0,0,1,0,0,0,0,0,,,1,30,52,29,21,2,2,0,0
CIN189905230,box,1899-05-23,0,CIN05,R,0,NY1,CIN,1,1,0,0,1,,37,7,13,17,4,0,0,,7,,3,0,,2,1,0,0,0,1,0,7,1,1,1,0,0,0,1,0,0,27,40,31,5,3,7,9,2,0,0,0,7,0,0,2,1,1,0,0,1,0,0,0,0,0,,,1,27,50,27,20,3,3,0,0
CIN189905240,box,1899-05-24,0,CIN05,R,0,NY1,CIN,1,0,1,0,1,,37,6,8,10,2,0,0,,5,,3,0,1,0,2,1,0,3,1,0,7,1,1,1,0,0,0,0,1,0,30,49,36,7,5,7,11,2,1,0,0,13,0,0,1,0,0,0,0,0,0,0,0,0,0,,,1,30,46,30,15,1,2,0,0
LS3189905250,box,1899-05-25,0,LOU03,R,0,NY1,LS3,1,0,1,0,1,,28,0,0,0,0,0,0,,0,,3,0,,0,0,0,0,1,0,0,4,1,1,1,0,0,0,0,1,0,24,38,26,7,2,4,4,0,0,0,0,8,0,,1,2,2,0,0,0,0,0,0,0,0,,,1,24,41,24,13,4,1,0,0
LS3189905260,box,1899-05-26,0,LOU03,R,0,NY1,LS3,1,1,0,0,1,,38,3,13,15,2,0,0,,3,,0,0,1,0,0,1,0,0,0,0,9,1,1,1,1,0,0,1,0,0,27,30,30,0,0,6,7,1,0,0,0,0,0,1,1,0,0,0,0,0,0,0,0,0,0,,,1,27,41,27,14,0,1,0,0
LS3189905270,box,1899-05-27,0,LOU03,R,0,NY1,LS3,1,1,0,0,1,,37,9,12,16,1,0,1,,7,,6,0,,0,2,0,0,2,2,0,9,1,1,1,0,0,0,1,0,0,27,46,35,6,4,9,10,1,0,0,0,9,0,,1,0,2,0,0,0,0,0,0,0,0,,,1,27,42,26,13,3,1,0,2
LS3189905280,box,1899-05-28,0,LOU03,R,0,NY1,LS3,1,1,0,0,1,,35,4,7,13,0,3,0,,4,,1,,,,0,0,0,1,,0,5,1,1,1,0,0,0,1,0,0,27,35,30,3,3,7,9,0,1,0,0,2,,,,2,1,0,0,0,0,0,0,0,0,,,1,27,42,27,15,0,1,0,0
NY1189905301,box,1899-05-30,1,NYC10,R,1,NY1,CIN,1,0,1,0,1,,40,3,13,16,0,0,1,,1,,1,0,3,0,1,0,0,0,0,0,12,1,1,1,0,0,0,0,1,0,27,43,36,9,6,15,18,3,0,0,0,5,0,1,2,1,1,0,0,2,0,0,0,0,0,,,1,27,55,27,19,9,3,0,0
NY1189905302,box,1899-05-30,2,NYC10,R,1,NY1,CIN,1,1,0,0,1,,33,7,10,16,4,1,0,,6,,2,0,0,1,1,0,0,1,0,0,5,1,1,1,0,0,0,1,0,0,27,37,33,5,4,9,12,1,1,0,0,2,0,,1,1,1,0,0,0,0,0,0,0,0,,,1,27,44,27,15,2,2,0,0
NY1189905310,box,1899-05-31,0,NYC10,R,1,NY1,CIN,1,0,1,0,1,,38,4,13,16,1,1,0,,4,,0,0,7,0,2,0,0,1,3,0,9,1,1,1,0,0,0,0,1,0,27,43,41,5,3,13,16,1,1,0,0,2,0,3,0,0,0,0,0,1,0,0,0,0,0,,,1,27,43,27,12,4,0,0,1
NY1189906010,box,1899-06-01,0,NYC10,R,1,NY1,CIN,1,0,1,0,1,,36,3,11,13,2,0,0,,2,,2,0,,1,0,1,0,0,1,0,9,1,1,1,0,0,0,0,1,0,27,44,33,7,3,8,11,3,0,0,0,9,0,1,1,0,2,0,0,1,0,0,0,0,0,,,1,27,44,27,13,4,1,0,0
NY1189906020,box,1899-06-02,0,NYC10,R,1,NY1,LS3,1,1,0,0,1,,47,13,18,21,1,1,0,,10,,2,0,3,0,1,0,0,1,0,0,11,1,1,1,0,0,0,1,0,0,27,52,44,12,3,12,13,1,0,0,0,5,0,8,0,2,1,0,0,1,0,0,0,0,0,,,1,27,51,27,14,10,0,0,1
NY1189906030,box,1899-06-03,0,NYC10,R,1,NY1,LS3,1,0,1,0,1,,36,2,8,10,2,0,0,,1,,5,,1,,0,0,0,0,,0,12,1,1,1,0,0,0,0,1,0,27,40,30,5,3,8,11,0,0,1,0,4,,1,,2,4,0,0,2,1,0,0,0,0,,,1,27,42,27,14,1,0,0,0
NY1189906040,box,1899-06-04,0,WNY01,R,1,NY1,LS3,1,1,0,0,1,,33,13,13,17,1,0,1,,13,,6,,,,0,3,0,1,,0,5,1,1,1,0,0,0,1,0,0,27,40,36,2,2,10,13,0,0,1,0,4,,,,0,0,0,0,0,0,0,0,0,0,,,1,27,43,27,16,0,1,0,0
NY1189906060,box,1899-06-06,0,NYC10,R,1,NY1,CL4,1,1,0,0,1,,38,9,13,18,1,2,0,,7,,2,0,3,2,0,1,0,4,0,0,8,1,1,1,0,0,0,1,0,0,27,41,36,6,3,9,12,1,1,0,0,3,0,5,1,1,1,0,0,0,0,0,0,0,0,,,1,27,52,27,18,7,1,0,0
NY1189906070,box,1899-06-07,0,NYC10,R,1,NY1,CL4,1,1,0,0,1,,31,7,11,13,2,0,0,,6,,8,0,1,0,0,1,0,4,3,0,9,1,1,1,0,0,0,1,0,0,27,36,34,1,0,8,9,1,0,0,0,1,0,2,0,0,1,0,0,0,0,0,0,0,0,,,1,27,44,27,16,1,0,0,0
NY1189906080,box,1899-06-08,0,NYC10,R,1,NY1,CL4,1,1,0,0,1,,38,14,18,20,2,0,0,,13,,7,0,2,1,0,1,0,4,0,0,8,1,1,1,0,0,0,1,0,0,27,41,38,5,5,15,19,2,1,0,0,2,0,4,2,1,0,0,0,0,0,0,0,0,0,,,1,27,40,27,12,1,2,0,0
NY1189906090,box,1899-06-09,0,NYC10,R,1,NY1,CL4,1,1,0,0,1,,34,7,13,19,4,1,0,,7,,0,0,0,0,0,0,0,0,2,0,3,1,1,1,0,0,0,1,0,0,27,38,36,6,4,11,15,1,0,1,0,1,0,2,1,0,1,0,0,0,0,0,0,0,0,,,1,27,42,27,12,3,2,0,0
NY1189906100,box,1899-06-10,0,NYC10,R,1,NY1,BSN,1,0,1,0,1,,34,4,8,8,0,0,0,,4,,2,0,2,0,2,1,0,2,1,0,8,1,1,1,0,0,0,0,1,0,27,45,36,5,4,6,6,0,0,0,0,7,1,9,0,2,0,0,0,0,0,0,0,0,0,,,1,27,46,26,14,6,1,0,1
NY1189906120,box,1899-06-12,0,NYC10,R,1,NY1,BSN,1,0,1,0,1,,39,2,12,13,1,0,0,,0,,3,0,1,1,0,0,0,1,0,0,13,1,1,0,0,0,1,0,1,0,27,41,38,11,5,12,16,2,1,0,0,3,0,1,1,0,0,0,0,0,0,0,0,0,0,,,1,27,46,27,12,7,2,0,1
NY1189906130,box,1899-06-13,0,NYC10,R,1,NY1,BSN,1,1,0,0,1,,27,6,6,7,1,0,0,,4,,3,0,2,0,1,1,0,2,2,0,2,1,1,1,0,0,0,1,0,0,27,38,35,4,4,8,9,1,0,0,0,2,0,5,0,0,0,0,0,0,1,0,0,0,0,,,1,27,46,27,15,4,1,0,0
NY1189906140,box,1899-06-14,0,NYC10,R,1,NY1,BSN,1,0,1,0,1,,33,4,6,9,0,0,1,,4,,0,0,1,1,0,0,0,0,1,0,2,1,1,1,0,0,0,0,1,0,27,41,35,5,4,12,12,0,0,0,0,3,0,2,0,0,3,0,0,0,0,0,0,0,0,,,1,27,42,27,14,1,0,0,0
BRO189906150,box,1899-06-15,0,NYC12,R,0,NY1,BRO,1,0,1,0,1,,22,2,7,8,1,0,0,,2,,1,0,3,1,0,0,0,1,1,0,3,1,1,1,0,0,0,0,1,0,16,25,19,6,4,7,7,0,0,0,0,3,0,2,0,1,2,0,0,1,0,0,0,0,0,,,1,16,27,16,10,1,0,0,1
CHN189906180,box,1899-06-18,0,CHI08,R,0,NY1,CHN,1,0,1,0,1,,35,2,9,10,1,0,0,,2,,0,0,2,,1,0,0,0,,0,7,1,1,1,0,0,0,0,1,0,24,32,30,3,2,7,7,0,0,0,0,0,0,4,,1,1,0,0,0,0,0,0,0,0,,,1,24,37,24,9,4,1,0,0
PIT189906190,box,1899-06-19,0,PIT05,R,0,NY1,PIT,1,0,1,0,1,,31,0,5,5,0,0,0,,0,,0,0,3,0,0,0,0,0,0,0,4,1,1,1,0,0,0,0,1,0,24,33,31,5,4,6,10,1,0,1,0,2,0,5,0,0,0,0,0,0,0,0,0,0,0,,,1,24,38,24,13,1,0,0,0
PIT189906200,box,1899-06-20,0,PIT05,R,0,NY1,PIT,1,1,0,0,1,,39,4,9,15,2,2,0,,4,,1,0,1,0,0,0,0,0,1,0,6,1,1,1,0,0,0,1,0,0,30,45,37,2,0,8,8,0,0,0,0,7,0,,0,0,1,0,0,1,0,0,0,0,0,,,1,30,42,30,9,3,0,0,1
PIT189906210,box,1899-06-21,0,PIT05,R,0,NY1,PIT,1,1,0,0,1,,34,5,10,12,2,0,0,,4,,5,0,4,0,1,0,0,1,2,0,8,1,1,1,0,0,0,1,0,0,27,34,31,2,2,5,11,0,3,0,0,0,0,1,0,2,1,0,0,0,0,0,0,0,0,,,1,27,42,27,15,0,0,0,0
PIT189906220,box,1899-06-22,0,PIT05,R,0,NY1,PIT,1,1,0,0,1,,39,11,15,23,2,3,0,,9,,2,0,1,1,1,0,0,4,2,0,4,1,1,1,0,0,0,1,0,0,27,37,31,6,2,5,8,3,0,0,0,4,0,4,0,0,2,0,0,0,0,0,0,0,0,,,1,27,45,27,13,5,1,0,1
CL4189906230,box,1899-06-23,0,CLE05,R,0,NY1,CL4,1,1,0,0,1,,36,8,12,14,2,0,0,,5,,9,0,0,1,0,1,0,4,0,0,11,1,1,1,0,0,0,1,0,0,27,35,31,2,2,8,8,0,0,0,0,3,0,0,1,1,0,0,0,0,0,0,0,0,0,,,1,27,40,27,12,1,1,0,0
CL4189906240,box,1899-06-24,0,CLE05,R,0,NY1,CL4,1,1,0,0,1,,34,7,10,11,1,0,0,,6,,3,0,1,0,0,0,0,10,1,0,6,1,1,1,0,0,0,1,0,0,27,40,37,2,1,11,12,1,0,0,0,2,0,1,0,0,1,0,0,0,0,0,0,0,0,,,1,27,44,27,13,4,0,0,0
SLN189906251,box,1899-06-25,1,STL05,R,0,NY1,SLN,1,1,0,0,1,,39,5,11,16,2,0,1,,5,,1,,1,,0,0,0,0,,0,5,1,1,1,0,0,0,1,0,0,30,44,37,3,1,10,15,2,0,1,0,7,,3,,0,0,0,0,0,0,0,0,0,0,,,1,30,51,30,18,3,2,0,1
CL4189906260,box,1899-06-26,0,CLE05,R,0,NY1,CL4,1,1,0,0,1,,32,10,9,10,1,0,0,,8,,9,0,1,0,3,0,0,3,0,0,10,1,1,1,0,0,0,1,0,0,27,42,39,7,4,12,18,4,1,0,0,2,0,1,0,0,0,0,0,0,1,0,0,0,0,,,1,27,49,27,18,4,0,0,0
CL4189906270,box,1899-06-27,0,CLE05,R,0,NY1,CL4,1,1,0,0,1,,30,6,5,5,0,0,0,,4,,5,0,,0,0,0,0,5,0,0,6,1,1,1,0,0,0,1,0,0,27,38,35,1,1,11,12,1,0,0,0,2,0,,1,0,1,0,0,1,0,0,0,0,0,,,1,27,44,27,15,2,2,0,0
CHN189906290,box,1899-06-29,0,CHI08,R,0,NY1,CHN,1,0,1,0,1,,44,9,14,19,3,1,0,,8,,2,0,3,0,0,0,0,0,1,0,10,1,1,0,0,0,1,0,1,0,24,49,38,17,10,15,17,2,0,0,0,9,0,1,0,0,1,0,0,2,1,0,0,0,0,,,1,24,45,24,15,6,0,0,1
CHN189907010,box,1899-07-01,0,CHI08,R,0,NY1,CHN,1,0,1,0,1,,42,9,11,16,1,2,0,,5,,3,,2,,0,0,0,5,,0,9,1,1,1,0,0,0,0,1,0,26,44,36,10,6,11,16,1,2,0,0,6,,3,,1,1,0,0,0,0,0,0,0,0,,,1,26,51,26,19,6,1,0,0
NY1189907041,box,1899-07-04,1,NYC10,R,1,NY1,WSN,1,0,1,0,1,,31,2,5,5,0,0,0,,2,,3,0,1,0,1,0,0,0,2,0,6,1,1,1,0,0,0,0,1,0,27,40,34,5,3,10,11,1,0,0,0,5,0,2,1,0,1,0,0,0,0,0,0,0,0,,,1,27,44,27,15,2,3,0,1
NY1189907042,box,1899-07-04,2,NYC10,R,1,NY1,WSN,1,0,1,0,1,,31,0,6,6,0,0,0,,0,,0,0,5,0,0,0,0,1,0,0,4,1,1,1,0,0,0,0,1,0,27,35,29,2,2,6,6,0,0,0,0,4,0,4,0,1,1,0,0,0,0,0,0,0,0,,,1,27,43,26,15,2,0,0,1
NY1189907050,box,1899-07-05,0,NYC10,R,1,NY1,WSN,1,0,1,0,1,,31,2,6,6,0,0,0,,1,,2,0,2,2,0,1,0,4,0,0,5,1,1,1,0,0,0,0,1,0,27,38,37,6,4,11,16,3,1,0,0,1,0,0,0,0,0,0,0,0,0,0,0,0,0,,,1,27,47,26,17,4,1,0,0
BSN189907070,box,1899-07-07,0,BOS05,R,0,NY1,BSN,1,0,1,0,1,,29,3,5,5,0,0,0,,3,,9,0,1,0,0,1,0,3,1,0,9,1,1,1,0,0,0,0,1,0,24,41,34,8,5,15,17,0,1,0,0,5,0,1,1,0,2,0,0,1,0,0,0,0,0,,,1,24,41,24,13,4,3,0,1
BSN189907101,box,1899-07-10,1,BOS05,R,0,NY1,BSN,1,0,1,0,1,,32,0,7,8,1,0,0,,0,,1,0,,0,1,0,0,0,2,0,7,1,1,1,0,0,0,0,1,0,24,35,27,3,3,6,7,1,0,0,0,6,0,,0,0,2,0,0,0,0,0,0,0,0,,,1,24,43,24,17,2,1,0,1
BSN189907102,box,1899-07-10,2,BOS05,R,0,NY1,BSN,1,0,1,0,1,,40,5,8,12,1,0,1,,5,,2,0,2,1,0,1,0,0,0,0,5,1,1,1,0,0,0,0,1,0,31,47,42,6,6,15,21,3,0,1,0,4,0,,1,1,0,0,0,0,0,0,0,0,0,,,1,31,49,31,17,1,2,0,0
NY1189907110,box,1899-07-11,0,NYC10,R,1,NY1,PIT,1,1,0,0,1,,35,11,13,16,3,0,0,,9,,7,0,1,1,1,0,0,4,2,0,8,1,1,0,0,0,1,1,0,0,27,38,35,8,6,9,12,1,1,0,0,2,0,3,0,0,1,0,0,0,0,0,0,0,0,,,1,27,42,27,13,2,1,0,0
NY1189907120,box,1899-07-12,0,NYC10,R,1,NY1,PIT,1,1,0,0,1,,31,4,6,10,4,0,0,,3,,1,0,2,0,0,0,0,1,1,0,4,1,1,1,0,0,0,1,0,0,27,37,36,1,0,8,9,1,0,0,0,0,0,1,1,1,0,0,0,0,0,0,0,0,0,,,1,27,46,27,15,4,1,0,0
NY1189907130,box,1899-07-13,0,NYC10,R,1,NY1,PIT,1,0,1,0,1,,37,5,12,14,0,1,0,,4,,1,0,3,1,0,1,0,3,0,0,7,1,1,1,0,0,0,0,1,0,27,45,38,9,2,14,19,3,1,0,0,5,0,4,0,1,1,0,0,1,0,0,0,0,0,,,1,27,57,27,23,7,0,0,0
NY1189907140,box,1899-07-14,0,NYC10,R,1,NY1,SLN,1,0,1,0,1,,38,1,11,12,1,0,0,,1,,3,0,1,1,0,0,0,1,0,0,13,1,1,1,0,0,0,0,1,0,27,32,29,3,2,4,7,0,0,1,0,3,0,4,0,0,0,0,0,0,0,0,0,0,0,,,1,27,41,27,12,2,1,0,1
NY1189907150,box,1899-07-15,0,NYC10,R,1,NY1,SLN,1,1,0,0,1,,30,3,6,8,2,0,0,,2,,2,,,,1,1,0,1,,0,7,1,1,1,1,0,0,1,0,0,27,32,31,0,0,5,5,0,0,0,0,1,,,,0,0,0,0,0,0,0,0,0,0,,,1,27,43,27,15,1,1,0,0
NY1189907160,box,1899-07-16,0,WNY01,R,1,NY1,SLN,1,0,1,0,1,,34,2,7,10,3,0,0,,2,,5,,,,2,0,0,1,,0,12,1,1,0,0,0,1,0,1,0,27,45,39,10,3,11,15,0,2,0,0,5,,,,0,1,0,0,1,0,0,0,0,0,,,1,27,50,27,18,5,0,0,1
NY1189907180,box,1899-07-18,0,NYC10,R,1,NY1,CHN,1,0,1,0,1,,37,6,12,12,0,0,0,,6,,2,0,3,0,0,0,0,4,1,0,6,1,1,1,0,0,0,0,1,0,27,40,34,7,6,12,14,2,0,0,0,4,0,2,1,0,2,0,0,0,0,0,0,0,0,,,1,27,51,27,22,2,1,0,0
NY1189907190,box,1899-07-19,0,NYC10,R,1,NY1,CHN,1,1,0,0,1,,30,3,7,7,0,0,0,,3,,0,0,,0,0,1,0,1,1,0,4,1,1,1,1,0,0,1,0,0,27,34,30,0,0,8,8,0,0,0,0,3,0,,2,1,0,0,0,0,0,0,0,0,0,,,1,27,45,27,18,0,2,0,0
NY1189907200,box,1899-07-20,0,NYC10,R,1,NY1,CHN,1,1,0,0,1,,29,4,6,7,1,0,0,,3,,1,0,3,0,1,0,0,0,1,0,3,1,1,1,0,0,0,1,0,0,27,36,33,1,1,7,9,0,1,0,0,1,0,5,0,2,0,0,0,0,0,0,0,0,0,,,1,27,35,27,7,1,1,0,0
SLN189907230,box,1899-07-23,0,STL05,R,0,NY1,SLN,1,0,1,0,1,,33,2,6,7,1,0,0,,2,,1,,1,,0,1,0,0,,0,3,1,1,1,0,0,0,0,1,0,27,40,35,3,3,11,12,1,0,0,0,5,,2,,0,0,0,0,1,0,0,0,0,0,,,1,27,44,27,16,1,1,0,0
SLN189907250,box,1899-07-25,0,STL05,R,0,NY1,SLN,1,0,1,0,1,,33,2,6,7,1,0,0,,2,,3,0,5,0,0,0,0,0,0,0,7,1,1,1,0,0,0,0,1,0,24,34,34,4,4,9,14,1,2,0,0,0,0,1,0,0,0,0,0,0,0,0,0,0,0,,,1,24,41,24,15,2,0,0,0
SLN189907260,box,1899-07-26,0,STL05,R,0,NY1,SLN,1,0,1,0,1,,34,3,10,10,0,0,0,,3,,1,0,5,0,0,2,0,1,0,0,7,1,1,1,0,0,0,0,1,0,24,41,30,4,4,8,10,0,1,0,0,8,0,2,0,0,3,0,0,0,0,0,0,0,0,,,1,24,34,24,9,1,0,0,0
CIN189907270,box,1899-07-27,0,CIN05,R,0,NY1,CIN,1,0,1,0,1,,33,2,7,10,1,1,0,,2,,0,0,,1,0,0,0,0,0,0,4,1,1,1,0,0,0,0,1,0,24,35,33,9,9,12,19,3,2,0,0,2,0,,1,0,0,0,0,0,0,0,0,0,0,,,1,24,37,24,11,2,2,0,0
CIN189907290,box,1899-07-29,0,CIN05,R,0,NY1,CIN,1,0,1,0,1,,39,8,11,16,1,2,0,,7,,5,,1,,0,1,0,0,,0,10,1,1,1,0,0,0,0,1,0,24,42,37,9,8,16,19,3,0,0,0,3,,0,,1,1,0,0,0,0,0,0,0,0,,,1,24,44,23,17,4,1,0,0
CIN189907300,box,1899-07-30,0,CIN05,R,0,NY1,CIN,1,0,1,0,1,,36,4,10,14,0,2,0,,4,,1,,,,0,1,0,1,,0,7,1,1,1,0,0,0,0,1,0,25,38,27,5,3,4,4,0,0,0,0,7,,,,1,3,0,0,1,0,0,0,0,0,,,1,25,43,25,16,2,0,0,3
LS3189907310,box,1899-07-31,0,LOU03,R,0,NY1,LS3,1,0,1,0,1,,33,3,6,9,1,1,0,,3,,1,,,,1,1,0,2,,0,6,1,1,1,0,0,0,0,1,0,24,39,33,8,4,12,14,2,0,0,0,2,,,,1,3,0,0,0,0,0,0,0,0,,,1,24,48,24,19,5,0,0,0
LS3189908010,box,1899-08-01,0,LOU03,R,0,NY1,LS3,1,0,1,0,1,,33,1,6,6,0,0,0,,1,,3,0,3,0,0,0,0,2,0,0,8,1,1,1,0,0,0,0,1,0,24,38,30,7,6,7,7,0,0,0,0,7,0,1,0,0,1,0,0,1,0,0,0,0,0,,,1,24,41,24,15,2,0,0,0
LS3189908020,box,1899-08-02,0,LOU03,R,0,NY1,LS3,1,0,1,0,1,,38,6,15,18,1,1,0,,6,,2,,,,0,2,0,0,,0,9,1,1,1,0,0,0,0,1,0,24,37,29,7,7,12,19,2,1,1,0,5,,,,2,1,0,0,0,0,0,0,0,0,,,1,24,40,24,16,0,1,0,0
BRO189908040,box,1899-08-04,0,NYC12,R,0,NY1,BRO,1,0,1,0,1,,34,2,14,15,1,0,0,,1,,5,0,5,0,0,0,0,4,7,0,10,1,1,1,0,0,0,0,1,0,24,35,31,3,3,8,10,2,0,0,0,3,0,4,1,0,1,0,0,1,0,0,0,0,0,,,1,24,35,24,10,1,1,0,0
BRO189908070,box,1899-08-07,0,NYC12,R,0,NY1,BRO,1,1,0,0,1,,36,9,14,23,1,4,0,,9,,4,,,,0,2,0,2,,0,6,1,1,1,0,0,0,1,0,0,27,38,33,3,3,6,10,1,0,1,0,4,,,,0,1,0,0,0,0,0,0,0,0,,,1,27,43,27,13,3,0,0,0
NY1189908080,box,1899-08-08,0,NYC10,R,1,NY1,LS3,1,1,0,0,1,,32,5,7,7,0,0,0,,4,,5,0,3,1,0,0,0,3,3,0,4,1,1,1,0,0,0,1,0,0,30,39,37,4,2,9,9,0,0,0,0,2,0,3,1,0,0,0,0,0,0,0,0,0,0,,,1,30,55,30,22,3,2,0,0
NY1189908090,box,1899-08-09,0,NYC10,R,1,NY1,LS3,1,0,1,0,1,,33,2,7,9,2,0,0,,2,,2,0,1,2,1,0,0,5,0,0,7,1,1,1,0,0,0,0,1,0,27,36,30,4,4,10,13,1,1,0,0,3,0,2,3,0,3,0,0,0,0,0,0,0,0,,,1,27,46,27,18,1,3,0,0
NY1189908121,box,1899-08-12,1,NYC10,R,1,NY1,CL4,1,1,0,0,1,,39,13,18,20,2,0,0,,10,,7,0,1,0,0,0,0,1,3,0,9,1,1,1,0,0,0,1,0,0,27,36,29,1,0,4,4,0,0,0,0,6,0,5,2,1,0,0,0,0,0,0,0,0,0,,,1,27,46,27,16,3,3,0,0
NY1189908122,box,1899-08-12,2,NYC10,R,1,NY1,CL4,1,1,0,0,1,,30,6,10,10,0,0,0,,5,,4,,,,0,0,0,5,,0,4,1,1,1,0,0,0,1,0,0,27,33,32,2,2,5,6,1,0,0,0,1,,,,0,0,0,0,0,0,0,0,0,0,,,1,27,47,27,19,1,1,0,0
NY1189908130,box,1899-08-13,0,WNY01,R,1,NY1,LS3,1,1,0,0,1,,35,9,12,22,3,2,1,,8,,3,,,,0,1,0,0,,0,6,1,1,1,0,0,0,1,0,0,27,41,35,5,2,8,11,1,1,0,0,4,,,,1,1,0,0,0,0,0,0,0,0,,,1,27,48,27,17,4,0,0,0
NY1189908140,box,1899-08-14,0,NYC10,R,1,NY1,CL4,1,1,0,0,1,,30,7,11,15,0,2,0,,7,,4,,3,,0,3,0,3,,0,6,1,1,1,0,0,0,1,0,0,27,41,38,6,4,11,12,1,0,0,0,3,,2,,0,0,0,0,0,0,0,0,0,0,,,1,27,43,27,14,2,0,0,0
NY1189908150,box,1899-08-15,0,NYC10,R,1,NY1,LS3,1,0,1,0,1,,37,5,11,12,1,0,0,,2,,2,,,,0,0,0,2,,0,7,1,1,1,0,0,0,0,1,0,27,47,38,9,1,9,9,0,0,0,0,8,,,,1,0,0,0,0,0,0,0,0,0,,,1,27,51,27,15,9,0,0,0
NY1189908160,box,1899-08-16,0,NYC10,R,1,NY1,CIN,1,1,0,0,1,,38,7,14,19,3,1,0,,7,,0,0,5,0,0,0,0,2,2,0,7,1,1,1,0,0,0,1,0,0,27,34,33,2,2,7,7,0,0,0,0,0,0,4,0,1,0,0,0,0,0,0,0,0,0,,,1,27,44,27,14,3,0,0,0
NY1189908171,box,1899-08-17,1,NYC10,R,1,NY1,CIN,1,1,0,0,1,,40,13,15,17,0,1,0,,11,,3,,1,,1,1,0,4,,0,8,1,1,1,0,0,0,1,0,0,27,42,37,4,0,5,5,0,0,0,0,4,,6,,0,1,0,0,0,0,0,0,0,0,,,1,27,46,27,11,8,0,0,0
NY1189908172,box,1899-08-17,2,NYC10,R,1,NY1,CIN,1,1,0,0,1,,32,5,12,17,1,2,0,,5,,0,0,2,,1,2,0,1,,0,6,1,1,1,0,0,0,1,0,0,27,41,36,4,2,10,10,0,0,0,0,4,,3,,1,0,0,0,0,0,0,0,0,0,,,1,27,37,27,9,1,2,0,0
NY1189908180,box,1899-08-18,0,NYC10,R,1,NY1,CIN,1,1,0,0,1,,35,5,10,15,1,2,0,,3,,1,0,6,1,0,0,0,1,0,0,7,1,1,1,0,0,0,1,0,0,27,41,34,4,3,10,10,0,0,0,0,5,0,2,0,1,1,0,0,0,0,0,0,0,0,,,1,27,42,27,13,2,1,0,1
NY1189908190,box,1899-08-19,0,NYC10,R,1,NY1,PHI,1,0,1,0,1,,37,2,9,12,1,1,0,,2,,2,0,,0,0,0,0,0,0,0,10,1,1,1,0,0,0,0,1,0,27,35,30,4,2,5,6,1,0,0,0,1,0,3,0,0,4,0,0,2,0,0,0,0,0,,,1,27,49,27,19,3,0,0,0
NY1189908211,box,1899-08-21,1,NYC10,R,1,NY1,PHI,1,1,0,0,1,,35,7,12,15,0,0,1,,5,,2,,1,,1,0,0,1,,0,7,1,1,1,0,0,0,1,0,0,27,39,32,3,3,9,10,1,0,0,0,7,,3,,0,0,0,0,0,0,0,0,0,0,,,1,27,45,27,18,0,1,0,0
NY1189908212,box,1899-08-21,2,NYC10,R,1,NY1,PHI,1,0,1,0,1,,35,1,8,9,1,0,0,,1,,0,0,3,0,0,0,0,3,1,0,7,1,1,1,0,0,0,0,1,0,27,38,36,2,2,10,12,2,0,0,0,1,0,0,2,1,0,0,0,0,0,0,0,0,0,,,1,27,46,27,16,3,2,0,1
NY1189908220,box,1899-08-22,0,NYC10,R,1,NY1,PHI,1,0,1,0,1,,30,2,2,2,0,0,0,,1,,3,0,1,0,0,0,0,0,1,0,4,1,1,0,0,0,1,0,1,0,27,46,38,13,9,12,14,2,0,0,0,6,0,3,0,2,0,0,0,1,0,0,0,0,0,,,1,27,47,27,14,6,0,0,1
CL4189908240,box,1899-08-24,0,CLE05,R,0,NY1,CL4,1,1,0,0,1,,33,6,10,16,1,1,1,,5,,7,0,,0,0,1,0,3,1,0,8,1,1,1,0,0,0,1,0,0,27,40,36,2,2,11,11,0,0,0,0,4,0,,1,0,0,0,0,0,0,0,0,0,0,,,1,27,41,27,14,0,1,0,0
CL4189908250,box,1899-08-25,0,CLE05,R,0,NY1,CL4,1,0,1,0,1,,27,2,3,4,1,0,0,,2,,6,0,,0,0,0,0,2,3,0,4,1,1,1,0,0,0,0,1,0,24,35,33,4,4,9,11,2,0,0,0,2,0,,1,0,0,0,0,0,0,0,0,0,0,,,1,24,39,24,10,5,3,0,0
CL4189908260,box,1899-08-26,0,CLE05,R,0,NY1,CL4,1,1,0,0,1,,15,2,6,7,1,0,0,,1,,2,0,1,0,0,2,0,1,1,0,5,1,1,1,0,0,0,1,0,0,15,17,17,1,1,3,5,0,1,0,0,0,0,1,2,0,0,0,0,0,0,0,0,0,0,,,1,15,24,15,9,0,2,0,0
CIN189908270,box,1899-08-27,0,CIN05,R,0,NY1,CIN,1,0,1,0,1,,38,4,11,15,2,1,0,,4,,0,0,,,0,0,0,0,,0,7,1,1,1,0,0,0,0,1,0,24,44,31,8,6,11,12,1,0,0,0,9,,,,1,3,0,0,1,0,0,0,0,0,,,1,24,42,24,16,2,0,0,0
CHN189908281,box,1899-08-28,1,CHI08,R,0,NY1,CHN,1,1,0,0,1,,38,6,11,16,2,0,1,,6,,0,0,0,0,0,2,0,1,0,0,7,1,1,1,0,0,0,1,0,0,27,37,33,4,4,9,11,2,0,0,0,4,0,6,3,0,0,0,0,0,0,0,0,0,0,,,1,27,48,27,17,4,3,0,0
CHN189908282,box,1899-08-28,2,CHI08,R,0,NY1,CHN,1,0,1,0,1,,37,3,12,13,1,0,0,,2,,1,,1,,1,0,0,0,,0,9,1,1,1,0,0,0,0,1,0,24,42,37,11,3,12,24,1,4,1,0,3,,2,,1,1,0,0,0,0,0,0,0,0,,,1,24,39,24,11,4,1,0,0
CHN189908290,box,1899-08-29,0,CHI08,R,0,NY1,CHN,1,1,0,0,1,,35,6,9,11,0,1,0,,5,,5,0,6,0,0,0,0,2,1,0,7,1,1,1,0,0,0,1,0,0,27,35,33,2,0,6,6,0,0,0,0,0,0,1,0,1,1,0,0,0,0,0,0,0,0,,,1,27,46,27,15,4,0,0,0
CHN189908300,box,1899-08-30,0,CHI08,R,0,NY1,CHN,1,0,1,0,1,,33,2,9,10,1,0,0,,1,,1,0,,0,0,0,0,1,0,0,5,1,1,1,0,0,0,0,1,0,24,39,31,3,2,9,9,0,0,0,0,6,0,2,0,1,1,0,0,2,0,0,0,0,0,,,1,24,39,24,13,2,0,0,0
PIT189908310,box,1899-08-31,0,PIT05,R,0,NY1,PIT,1,0,1,0,1,,36,7,14,19,2,0,1,,7,,2,0,3,1,1,0,0,1,1,0,5,1,1,1,0,0,0,0,1,0,24,37,33,8,8,14,19,1,2,0,0,3,0,4,2,1,0,0,0,1,0,0,0,0,0,,,1,24,42,24,18,0,3,0,0
PIT189909021,box,1899-09-02,1,PIT05,R,0,NY1,PIT,1,0,1,0,1,,29,1,6,8,0,1,0,,0,,2,0,3,2,1,0,0,1,1,0,4,1,1,1,0,0,0,0,1,0,24,42,35,7,6,10,10,0,0,0,0,6,0,5,0,1,0,0,0,0,0,0,0,0,0,,,1,24,40,24,14,2,0,0,0
PIT189909022,box,1899-09-02,2,PIT05,R,0,NY1,PIT,1,0,1,0,1,,30,0,4,4,0,0,0,,0,,2,,0,,0,0,0,0,,0,5,1,1,1,0,0,0,0,1,0,24,37,30,4,2,9,9,0,0,0,0,3,,,,1,3,0,0,0,0,0,0,0,0,,,1,24,39,24,12,3,0,0,0
BRO189909041,box,1899-09-04,1,NYC12,R,0,NY1,BRO,1,0,1,0,1,,32,2,6,9,0,0,1,,2,,1,0,0,1,0,0,0,0,2,0,4,1,1,1,0,0,0,0,1,0,26,40,32,3,3,7,7,0,0,0,0,8,0,1,0,0,0,0,0,1,0,0,0,0,0,,,1,26,37,26,10,1,1,0,0
NY1189909042,box,1899-09-04,2,NYC10,R,1,NY1,BRO,1,0,1,0,1,,33,4,10,14,2,1,0,,2,,6,0,8,0,1,1,0,3,3,0,10,1,1,1,0,0,0,0,1,0,27,40,33,5,5,7,8,1,0,0,0,6,0,10,1,1,0,0,0,0,0,0,0,0,0,,,1,27,43,27,13,3,1,0,1
BRO189909050,box,1899-09-05,0,NYC12,R,0,NY1,BRO,1,0,1,0,1,,30,5,9,13,2,1,0,,4,,3,0,,0,1,0,0,1,1,0,8,1,1,1,0,0,0,0,1,0,21,43,40,16,13,17,23,2,2,0,0,3,0,,0,0,0,0,0,1,0,0,0,0,0,,,1,21,34,21,9,4,1,0,0
NY1189909060,box,1899-09-06,0,NYC10,R,1,NY1,BRO,1,0,1,0,1,,33,4,4,5,1,0,0,,2,,3,0,6,1,0,0,0,0,1,0,5,1,1,1,0,0,0,0,1,0,24,37,32,6,6,11,13,0,1,0,0,1,0,3,0,2,1,0,0,1,1,0,0,0,0,,,1,24,45,24,20,1,0,0,0
NY1189909070,box,1899-09-07,0,NYC10,R,1,NY1,BLN,1,0,1,0,1,,31,0,5,5,0,0,0,,0,,1,0,4,1,0,0,0,0,1,0,5,1,1,0,0,0,1,0,1,0,27,43,40,10,7,15,17,2,0,0,0,3,0,4,0,0,0,0,0,1,0,0,0,0,0,,,1,27,45,27,14,4,1,0,0
NY1189909080,box,1899-09-08,0,NYC10,R,1,NY1,BLN,1,1,0,0,1,,31,9,10,11,1,0,0,,6,,4,0,4,1,1,0,0,6,0,0,6,1,1,1,0,0,0,1,0,0,24,38,36,6,4,12,16,2,1,0,0,1,0,,0,1,0,0,0,0,0,0,0,0,0,,,1,24,47,24,16,7,1,0,1
NY1189909091,box,1899-09-09,1,NYC10,R,1,NY1,BLN,1,0,1,0,1,,33,1,8,9,1,0,0,,1,,2,,1,,0,0,0,1,,0,7,1,1,1,0,0,0,0,1,0,27,37,30,2,1,4,6,2,0,0,0,6,,10,,0,1,0,0,1,0,0,0,0,0,,,1,27,48,27,18,3,0,0,0
NY1189909092,box,1899-09-09,2,NYC10,R,1,NY1,BLN,1,0,1,0,1,,38,6,13,13,0,0,0,,4,,3,,3,,0,1,0,1,,0,9,1,1,1,0,0,0,0,1,0,24,41,34,7,3,9,13,1,0,1,0,3,,3,,0,4,0,0,0,0,0,0,0,0,,,1,24,47,24,16,7,0,0,1
NY1189909121,box,1899-09-12,1,NYC10,R,1,NY1,CHN,1,0,1,0,1,,36,5,13,19,2,2,0,,5,,0,0,0,,0,0,0,0,,0,4,1,1,1,0,0,0,0,1,0,27,51,46,12,9,18,22,4,0,0,0,5,,2,,0,0,0,0,0,0,0,0,0,0,,,1,27,56,27,19,10,1,0,0
NY1189909122,box,1899-09-12,2,NYC10,R,1,NY1,CHN,1,1,0,0,1,,29,6,11,15,1,0,1,,6,,1,0,2,0,0,0,0,3,0,0,6,1,1,1,0,0,0,1,0,0,18,29,23,5,3,6,6,0,0,0,0,4,0,1,2,0,2,0,0,0,0,0,0,0,0,,,1,18,39,18,15,6,2,0,0
NY1189909130,box,1899-09-13,0,NYC10,R,1,NY1,CHN,1,1,0,0,1,,44,13,19,22,1,1,0,,13,,5,0,7,0,1,1,0,3,0,0,11,1,1,1,0,0,0,1,0,0,27,46,37,2,0,7,8,1,0,0,0,7,0,8,0,1,1,0,0,0,0,0,0,0,0,,,1,27,42,27,7,8,0,0,0
NY1189909140,box,1899-09-14,0,NYC10,R,1,NY1,CHN,1,0,0,1,1,,39,8,13,16,1,1,0,,5,,2,0,2,1,0,0,0,1,1,0,6,1,1,1,0,0,0,0,0,0,27,44,36,8,5,10,12,0,1,0,0,3,0,,1,1,4,0,0,0,0,0,0,0,0,,,1,27,45,27,13,5,2,0,0
NY1189909150,box,1899-09-15,0,NYC10,R,1,NY1,SLN,1,1,0,0,1,,41,10,18,18,0,0,0,,8,,1,0,,0,0,0,0,2,0,0,8,1,1,1,0,0,0,1,0,0,24,43,35,5,4,11,11,0,0,0,0,8,0,1,1,0,0,0,0,1,0,0,0,0,0,,,1,24,39,24,11,4,1,0,0
NY1189909160,box,1899-09-16,0,NYC10,R,1,NY1,SLN,1,0,1,0,1,,29,0,4,4,0,0,0,,0,,1,0,3,0,0,0,0,0,0,0,6,1,1,0,0,0,1,0,1,0,21,35,31,6,6,10,14,4,0,0,0,3,0,0,0,0,1,0,0,0,0,0,0,0,0,,,1,21,40,21,15,4,0,0,0
NY1189909170,box,1899-09-17,0,WNY01,R,1,NY1,SLN,1,0,1,0,1,,36,4,10,12,2,0,0,,3,,6,,3,,0,1,0,0,,0,12,1,1,0,0,0,1,0,1,0,24,43,39,14,13,19,31,2,5,0,0,4,,4,,0,0,0,0,0,0,0,0,0,0,,,1,24,37,24,11,2,1,0,0
NY1189909190,box,1899-09-19,0,NYC10,R,1,NY1,SLN,1,0,1,0,1,,31,2,8,8,0,0,0,,2,,3,0,,1,1,0,0,1,0,0,9,1,1,0,0,0,1,0,1,0,24,44,32,13,10,15,20,1,2,0,0,8,0,1,1,2,2,0,0,1,0,0,0,0,0,,,1,24,42,24,15,3,3,0,0
NY1189909200,box,1899-09-20,0,NYC10,R,1,NY1,PIT,1,1,0,0,1,,33,5,15,17,2,0,0,,5,,3,0,2,1,0,2,0,1,1,0,9,1,1,1,0,0,0,1,0,0,27,37,34,1,1,8,8,0,0,0,0,2,0,0,0,0,1,0,0,1,0,0,0,0,0,,,1,27,53,27,23,3,0,0,1
NY1189909221,box,1899-09-22,1,NYC10,R,1,NY1,PIT,1,0,1,0,1,,36,2,7,9,0,1,0,,1,,1,0,6,0,0,0,0,1,0,0,8,1,1,1,0,0,0,0,1,0,27,52,43,11,8,18,26,4,2,0,0,5,0,,0,0,4,0,0,0,0,0,0,0,0,,,1,27,50,27,18,5,0,0,1
NY1189909222,box,1899-09-22,2,NYC10,R,1,NY1,PIT,1,0,1,0,1,,19,0,3,3,0,0,0,,0,,2,0,3,0,0,0,0,1,2,0,3,1,1,1,0,0,0,0,1,0,15,22,21,4,3,6,7,1,0,0,0,1,0,2,0,0,0,0,0,1,0,0,0,0,0,,,1,15,27,15,11,1,0,0,0
NY1189909230,box,1899-09-23,0,NYC10,R,1,NY1,BSN,1,1,0,0,1,,32,5,9,11,2,0,0,,3,,2,,4,,1,1,0,2,,0,7,1,1,1,0,0,0,1,0,0,27,39,32,2,1,6,8,2,0,0,0,6,,6,,0,1,0,0,2,0,0,0,0,0,,,1,27,36,27,8,1,1,0,1
NY1189909250,box,1899-09-25,0,NYC10,R,1,NY1,BSN,1,0,1,0,1,,29,1,5,5,0,0,0,,0,,5,0,2,2,0,0,0,6,0,0,9,1,1,0,0,0,1,0,1,0,24,33,31,2,2,9,11,0,1,0,0,0,0,2,0,1,1,0,0,0,0,0,0,0,0,,,1,24,42,24,17,1,1,0,0
NY1189909270,box,1899-09-27,0,NYC10,R,1,NY1,BRO,1,0,1,0,1,,34,5,11,12,1,0,0,,2,,2,0,1,0,0,0,0,4,1,0,7,1,1,1,0,0,0,0,1,0,24,35,35,7,7,13,17,4,0,0,0,0,0,0,1,0,0,0,0,0,0,0,0,0,0,,,1,24,42,24,17,1,1,0,0
PHI189909280,box,1899-09-28,0,PHI09,R,0,NY1,PHI,1,1,0,0,1,,27,6,7,8,1,0,0,,3,,4,0,2,0,1,1,0,4,5,0,3,1,1,1,0,0,0,1,0,0,24,38,28,3,3,4,4,0,0,0,0,10,0,11,0,0,0,0,0,1,0,0,0,0,0,,,1,24,32,24,8,0,0,0,0
PHI189909290,box,1899-09-29,0,PHI09,R,0,NY1,PHI,1,1,0,0,1,,29,7,9,10,1,0,0,,6,,3,1,2,1,2,1,0,1,2,0,5,1,1,1,0,0,0,1,0,0,24,36,30,2,2,8,10,2,0,0,0,5,0,2,0,1,0,0,0,0,0,0,0,0,0,,,1,24,38,24,13,1,0,0,0
PHI189909300,box,1899-09-30,0,PHI09,R,0,NY1,PHI,1,0,1,0,1,,34,4,5,7,2,0,0,,4,,0,0,,0,0,0,0,0,0,0,3,1,1,1,0,0,0,0,1,0,24,45,41,8,7,18,22,4,0,0,0,4,0,,0,0,0,0,0,0,0,0,0,0,0,,,1,24,38,24,12,2,0,0,0
BSN189910021,box,1899-10-02,1,BOS05,R,0,NY1,BSN,1,0,1,0,1,,32,5,9,12,1,1,0,,5,,2,,0,,0,0,0,0,,0,2,1,1,1,0,0,0,0,1,0,24,46,40,11,8,13,19,3,0,1,0,6,,1,,0,0,0,0,0,0,0,0,0,0,,,1,24,38,24,10,4,1,0,0
BSN189910022,box,1899-10-02,2,BOS05,R,0,NY1,BSN,1,0,1,0,1,,24,3,5,5,0,0,0,,2,,1,0,3,0,0,0,0,1,0,0,4,1,1,1,0,0,0,0,1,0,18,32,27,5,5,11,11,0,0,0,0,4,0,0,0,1,0,0,0,0,0,0,0,0,0,,,1,18,28,18,9,1,0,0,0
BSN189910030,box,1899-10-03,0,BOS05,R,0,NY1,BSN,1,0,1,0,1,,33,4,8,14,0,0,2,,3,,3,0,,1,0,0,0,0,1,0,5,1,1,1,0,0,0,0,1,0,24,46,35,13,12,11,15,1,0,1,0,8,0,,0,0,3,0,0,1,0,0,0,0,0,,,1,24,37,24,10,3,0,0,1
BSN189910040,box,1899-10-04,0,BOS05,R,0,NY1,BSN,1,0,1,0,1,,36,4,9,12,1,1,0,,4,,1,0,5,2,0,0,0,0,1,0,6,1,1,1,0,0,0,0,1,0,24,37,34,6,5,10,12,2,0,0,0,3,0,2,1,0,0,0,0,0,0,0,0,0,0,,,1,24,38,24,12,2,1,0,0
BSN189910050,box,1899-10-05,0,BOS05,R,0,NY1,BSN,1,0,1,0,1,,34,3,9,11,2,0,0,,3,,5,0,,1,0,0,0,0,1,0,9,1,1,1,0,0,0,0,1,0,24,43,32,9,9,11,20,0,3,1,0,8,0,1,1,1,1,0,0,1,1,0,0,0,0,,,1,24,36,24,11,1,1,0,0
BRO189910070,box,1899-10-07,0,NYC12,R,0,NY1,BRO,1,0,1,0,1,,24,2,7,7,0,0,0,,2,,3,0,2,0,0,1,0,0,1,0,8,1,1,0,0,0,1,0,1,0,15,33,26,13,13,11,11,0,0,0,0,6,0,0,1,1,0,0,0,1,0,0,0,0,0,,,1,15,26,15,8,3,1,0,1
BRO189910100,box,1899-10-10,0,NYC12,R,0,NY1,BRO,1,1,0,0,1,,31,5,9,12,0,0,1,,4,,4,0,4,0,1,0,0,2,0,0,10,1,1,1,0,0,0,1,0,0,21,34,28,2,1,5,5,0,0,0,0,4,0,3,0,2,0,0,0,1,0,0,0,0,0,,,1,21,38,21,10,7,0,1,1
NY1189910110,box,1899-10-11,0,NYC10,R,1,NY1,BRO,1,0,1,0,1,,22,2,8,8,0,0,0,,2,,1,0,2,0,0,1,0,0,1,0,4,1,1,1,0,0,0,0,1,0,15,27,26,7,6,11,13,2,0,0,0,0,0,0,0,1,0,0,0,0,0,0,0,0,0,,,1,15,26,15,10,1,0,0,0
WSN189910121,box,1899-10-12,1,WAS06,R,0,NY1,WSN,1,1,0,0,1,,31,9,10,13,1,1,0,,7,,3,,,,0,5,0,2,,0,6,1,1,1,0,0,0,1,0,0,27,43,40,7,6,15,19,1,0,1,0,3,,2,,0,0,0,0,0,0,0,0,0,0,,,1,27,43,27,14,2,3,0,0
WSN189910122,box,1899-10-12,2,WAS06,R,0,NY1,WSN,1,1,0,0,1,,42,5,14,19,2,0,1,,3,,0,0,0,0,0,0,0,1,0,0,10,1,1,1,0,0,0,1,0,0,27,38,29,4,4,4,6,2,0,0,0,7,0,,0,1,1,0,0,0,0,0,0,0,0,,,1,27,42,27,14,1,1,0,0
WSN189910130,box,1899-10-13,0,WAS06,R,0,NY1,WSN,1,0,1,0,1,,24,4,6,6,0,0,0,,3,,4,0,,0,1,0,0,1,0,0,4,1,1,1,0,0,0,0,1,0,21,35,23,6,5,6,8,2,0,0,0,11,0,,1,1,0,0,0,0,0,0,0,0,0,,,1,21,35,21,11,3,1,0,1
WSN189910140,box,1899-10-14,0,WAS06,R,0,NY1,WSN,1,0,1,0,1,,40,9,12,17,0,1,1,,7,,1,0,0,0,0,0,0,2,1,0,8,1,1,1,0,0,0,0,1,0,24,40,33,12,7,10,13,1,1,0,0,5,0,1,0,1,1,0,0,0,0,0,0,0,0,,,1,24,40,24,14,2,1,0,0
PHI189904140,box,1899-04-14,0,PHI09,R,1,PHI,WSN,1,1,0,0,1,,32,6,9,15,4,1,0,,5,,4,0,3,0,1,0,0,1,0,0,7,1,1,1,0,0,0,1,0,0,27,40,37,5,3,8,9,1,0,0,0,2,0,2,1,0,1,0,0,1,0,0,0,0,0,,,1,27,41,27,10,4,1,0,1
PHI189904150,box,1899-04-15,0,PHI09,R,1,PHI,WSN,1,1,0,0,1,,38,6,12,15,1,1,0,,6,,2,0,0,0,0,0,0,1,0,0,10,1,1,1,0,0,0,1,0,0,27,37,34,5,1,9,12,1,1,0,0,0,0,0,1,2,1,0,0,0,0,0,0,0,0,,,1,27,46,27,16,3,2,0,0
PHI189904170,box,1899-04-17,0,PHI09,R,1,PHI,WSN,1,1,0,0,1,,39,11,18,21,3,0,0,,10,,2,0,,0,0,1,0,5,1,0,7,1,1,1,0,0,0,1,0,0,27,37,36,4,1,6,8,2,0,0,0,0,0,0,0,1,0,0,0,0,0,0,0,0,0,,,1,27,43,27,13,3,0,0,0
WSN189904180,box,1899-04-18,0,WAS06,R,0,PHI,WSN,1,0,1,0,1,,35,4,8,11,3,0,0,,4,,1,0,0,0,2,2,0,0,0,0,9,1,1,1,0,0,0,0,1,0,24,35,33,6,4,9,17,2,3,0,0,0,0,2,0,1,1,0,0,0,0,0,0,0,0,,,1,24,36,24,11,1,0,0,0
WSN189904190,box,1899-04-19,0,WAS06,R,0,PHI,WSN,1,1,0,0,1,,49,16,24,38,2,3,2,,14,,2,,,,0,0,0,3,,0,8,1,1,1,0,0,0,1,0,0,27,33,31,2,2,4,4,0,0,0,0,2,,0,,0,0,0,0,0,0,0,0,0,0,,,1,27,38,27,10,1,1,0,1
PHI189904200,box,1899-04-20,0,PHI09,R,1,PHI,BRO,1,1,0,0,1,,36,4,7,9,2,0,0,,2,,2,,3,,0,0,0,0,,0,9,1,1,1,0,0,0,1,0,0,27,35,33,3,2,6,6,0,0,0,0,1,,4,,1,0,0,0,0,0,0,0,0,0,,,1,27,53,27,21,5,2,0,1
PHI189904210,box,1899-04-21,0,PHI09,R,1,PHI,BRO,1,0,1,0,1,,38,4,12,14,2,0,0,,4,,4,0,1,0,1,1,0,1,0,0,13,1,1,1,0,0,0,0,1,0,27,39,37,6,6,11,17,4,1,0,0,1,0,4,0,1,0,0,0,0,0,0,0,0,0,,,1,27,43,27,13,3,0,0,0
PHI189904220,box,1899-04-22,0,PHI09,R,1,PHI,BRO,1,1,0,0,1,,34,5,10,11,1,0,0,,4,,2,0,,0,0,0,0,1,0,0,7,1,1,1,0,0,0,1,0,0,27,37,34,3,2,8,9,1,0,0,0,3,0,,1,0,0,0,0,0,0,0,0,0,0,,,1,27,40,27,12,1,1,0,0
PHI189904240,box,1899-04-24,0,PHI09,R,1,PHI,BRO,1,0,1,0,1,,44,8,17,18,1,0,0,,6,,4,0,,0,2,0,0,3,0,0,15,1,1,0,0,0,1,0,1,0,27,44,35,10,8,11,12,1,0,0,0,7,0,,0,2,0,0,0,3,0,0,0,0,0,,,1,27,50,27,20,3,0,0,1
PHI189904250,box,1899-04-25,0,PHI09,R,1,PHI,BSN,1,1,0,0,1,,38,10,13,17,0,2,0,,9,,1,0,3,0,0,1,0,4,0,0,6,1,1,1,0,0,0,1,0,0,27,45,38,8,8,16,18,2,0,0,0,6,0,,1,0,1,0,0,0,0,0,0,0,0,,,1,27,44,27,17,0,1,0,0
PHI189904260,box,1899-04-26,0,PHI09,R,1,PHI,BSN,1,0,1,0,1,,34,3,7,7,0,0,0,,3,,2,0,4,0,0,0,0,0,0,0,6,1,1,0,0,0,1,0,1,0,27,44,38,9,6,12,13,1,0,0,0,2,0,0,0,0,4,0,0,1,0,0,0,0,0,,,1,27,41,27,11,3,0,0,0
PHI189904270,box,1899-04-27,0,PHI09,R,1,PHI,BSN,1,1,0,0,1,,36,20,11,18,2,1,1,,16,,14,0,0,0,2,3,0,5,0,0,11,1,1,1,0,0,0,1,0,0,27,37,34,3,2,6,8,0,1,0,0,3,0,0,0,0,0,0,0,0,0,0,0,0,0,,,1,27,43,27,15,1,0,0,0
PHI189904280,box,1899-04-28,0,PHI09,R,1,PHI,BSN,1,1,0,0,1,,30,6,6,9,1,1,0,,5,,4,0,1,0,0,1,0,2,1,0,5,1,1,1,1,0,0,1,0,0,27,32,32,0,0,5,6,1,0,0,0,0,0,1,0,0,0,0,0,0,0,0,0,0,0,,,1,27,37,27,9,1,0,0,0
NY1189904290,box,1899-04-29,0,NYC10,R,0,PHI,NY1,1,1,0,0,1,,36,8,12,14,2,0,0,,7,,2,0,,2,0,0,0,1,1,0,3,1,1,1,0,0,0,1,0,0,27,45,37,5,5,11,11,0,0,0,0,6,0,,0,2,0,0,0,1,0,0,0,0,0,,,1,27,38,27,9,2,0,0,1
NY1189905010,box,1899-05-01,0,NYC10,R,0,PHI,NY1,1,0,0,1,1,,42,8,12,17,1,2,0,,6,,3,1,4,0,1,1,0,4,1,0,9,1,1,1,0,0,0,0,0,0,30,43,42,8,5,13,18,2,0,1,0,1,0,1,1,0,0,0,0,0,0,0,0,0,0,,,1,30,48,30,14,4,1,0,0
NY1189905020,box,1899-05-02,0,NYC10,R,0,PHI,NY1,1,0,1,0,1,,33,3,10,11,1,0,0,,3,,2,0,2,0,0,0,0,2,1,0,8,1,1,1,0,0,0,0,1,0,21,34,32,4,2,10,10,0,0,0,0,1,0,6,0,0,1,0,0,0,0,0,0,0,0,,,1,21,33,21,8,4,1,0,0
NY1189905030,box,1899-05-03,0,NYC10,R,0,PHI,NY1,1,1,0,0,1,,36,7,9,9,0,0,0,,5,,6,0,6,0,2,0,0,4,1,0,11,1,1,1,0,0,0,1,0,0,27,36,30,3,3,8,9,1,0,0,0,6,0,,1,0,0,0,0,0,0,0,0,0,0,,,1,27,42,27,14,1,3,0,0
BLN189905040,box,1899-05-04,0,BAL07,R,0,PHI,BLN,1,1,0,0,1,,41,10,13,18,1,2,0,,9,,3,0,4,0,1,1,0,0,0,0,9,1,1,1,0,0,0,1,0,0,27,41,34,6,4,12,12,0,0,0,0,4,0,2,0,3,0,0,0,0,0,0,0,0,0,,,1,27,36,27,8,1,1,0,1
BLN189905050,box,1899-05-05,0,BAL07,R,0,PHI,BLN,1,1,0,0,1,,39,6,13,14,1,0,0,,6,,2,,1,,0,1,0,2,,0,9,1,1,1,0,0,0,1,0,0,27,39,35,4,4,9,11,0,1,0,0,3,,2,,1,0,0,0,0,0,0,0,0,0,,,1,27,49,27,19,3,2,0,1
PHI189905060,box,1899-05-06,0,PHI09,R,1,PHI,BLN,1,0,1,0,1,,35,3,12,12,0,0,0,,2,,7,0,0,1,1,0,0,0,0,0,13,1,1,0,0,0,1,0,1,0,27,44,37,11,7,11,14,3,0,0,0,5,0,1,2,1,1,0,0,0,0,0,0,0,0,,,1,27,49,27,17,5,3,0,1
PHI189905090,box,1899-05-09,0,PHI09,R,1,PHI,BLN,1,0,1,0,1,,35,2,9,16,4,0,1,,2,,0,0,,0,0,1,0,0,0,0,7,1,1,1,0,0,0,0,1,0,27,39,37,4,4,13,18,5,0,0,0,1,0,1,0,0,1,0,0,0,0,0,0,0,0,,,1,27,40,27,13,0,0,0,0
PHI189905100,box,1899-05-10,0,PHI09,R,1,PHI,NY1,1,1,0,0,1,,41,4,13,14,1,0,0,,5,,2,0,0,0,0,1,0,4,3,0,10,1,1,1,0,0,0,1,0,0,33,42,41,3,3,9,14,1,2,0,0,1,0,4,0,0,0,0,0,0,0,0,0,0,0,,,1,33,38,33,5,0,0,0,0
PHI189905121,box,1899-05-12,1,PHI09,R,1,PHI,NY1,1,1,0,0,1,,37,11,15,21,2,2,0,,7,,4,0,,0,2,1,0,1,1,0,9,1,1,1,1,0,0,1,0,0,27,33,32,0,0,7,7,0,0,0,0,1,0,,0,0,0,0,0,0,0,0,0,0,0,,,1,27,41,27,13,1,0,0,0
PHI189905122,box,1899-05-12,2,PHI09,R,1,PHI,NY1,1,1,0,0,1,,36,7,14,19,3,1,0,,7,,1,0,2,0,0,1,0,2,2,0,7,1,1,1,0,0,0,1,0,0,27,37,34,4,2,6,10,1,0,1,0,3,0,0,1,0,0,0,0,0,0,0,0,0,0,,,1,27,43,27,12,4,1,0,0
PHI189905130,box,1899-05-13,0,PHI09,R,1,PHI,NY1,1,1,0,0,1,,41,9,18,24,6,0,0,,9,,1,0,0,1,1,0,0,1,0,0,10,1,1,1,1,0,0,1,0,0,27,30,28,0,0,3,3,0,0,0,0,2,0,,2,0,0,0,0,1,0,0,0,0,0,,,1,27,40,27,12,1,2,0,0
BRO189905150,box,1899-05-15,0,NYC12,R,0,PHI,BRO,1,0,1,0,1,,35,5,13,17,2,1,0,,6,,2,0,3,2,0,1,0,0,3,0,6,1,1,1,0,0,0,0,1,0,24,39,34,8,8,12,18,0,0,2,0,5,0,1,2,0,0,0,0,0,0,0,0,0,0,,,1,24,41,24,15,2,3,0,0
BRO189905160,box,1899-05-16,0,NYC12,R,0,PHI,BRO,1,0,1,0,1,,33,5,10,10,0,0,0,,4,,5,0,2,0,0,2,0,2,1,0,8,1,1,1,0,0,0,0,1,0,24,37,30,6,5,9,14,0,1,1,0,3,0,1,1,1,1,0,0,0,2,0,0,0,0,,,1,24,36,24,11,1,2,0,0
BRO189905170,box,1899-05-17,0,NYC12,R,0,PHI,BRO,1,0,1,0,1,,36,10,6,11,0,1,1,,7,,5,0,2,1,0,0,0,3,1,0,5,1,1,0,0,0,1,0,1,0,24,42,35,11,10,14,18,0,2,0,0,5,0,2,0,2,0,0,0,0,0,0,0,0,0,,,1,24,45,24,20,1,1,0,0
CL4189905200,box,1899-05-20,0,CLE05,R,0,PHI,CL4,1,0,1,0,1,,36,4,13,15,2,0,0,,3,,1,0,4,0,0,1,0,1,0,0,7,1,1,0,0,0,1,0,1,0,24,42,37,10,6,13,20,2,1,1,0,3,0,2,0,1,1,0,0,0,0,0,0,0,0,,,1,24,48,24,20,4,1,0,0
CHN189905220,box,1899-05-22,0,CHI08,R,0,PHI,CHN,1,0,1,0,1,,37,4,11,16,3,1,0,,4,,2,0,0,1,3,1,0,0,0,0,12,1,1,1,0,0,0,0,1,0,26,39,32,5,2,7,10,1,1,0,0,5,0,,1,1,1,0,0,0,0,0,0,0,0,,,1,26,46,26,17,3,1,0,2
CHN189905230,box,1899-05-23,0,CHI08,R,0,PHI,CHN,1,1,0,0,1,,43,11,17,26,1,1,2,,11,,3,,4,,0,0,0,1,,0,8,1,1,1,0,0,0,1,0,0,27,44,41,10,8,13,20,0,2,1,0,2,,0,,0,1,0,0,1,0,0,0,0,0,,,1,27,50,27,17,6,0,0,0
CHN189905240,box,1899-05-24,0,CHI08,R,0,PHI,CHN,1,1,0,0,1,,44,14,14,19,5,0,0,,12,,3,,1,,1,3,0,5,,0,10,1,1,0,0,0,1,1,0,1,27,43,38,7,6,10,11,1,0,0,0,5,,2,,0,0,0,0,1,0,0,0,0,0,,,1,27,42,27,12,3,1,0,1
PIT189905250,box,1899-05-25,0,PIT05,R,0,PHI,PIT,1,1,0,0,1,,39,6,11,14,1,1,0,,4,,1,0,1,0,1,1,0,1,0,0,6,1,1,1,0,0,0,1,0,0,30,43,39,5,3,10,18,2,3,0,0,2,0,1,0,1,1,0,0,0,0,0,0,0,0,,,1,30,44,30,13,1,0,0,1
PIT189905260,box,1899-05-26,0,PIT05,R,0,PHI,PIT,1,0,1,0,1,,34,5,7,8,1,0,0,,5,,3,,1,,1,1,0,2,,0,7,1,1,1,0,0,0,0,1,0,24,42,36,7,7,14,20,2,2,0,0,4,,0,,1,1,0,0,0,0,0,0,0,0,,,1,24,41,24,16,1,1,0,0
PHI189905290,box,1899-05-29,0,PHI09,R,1,PHI,CL4,1,1,0,0,1,,37,7,14,17,1,1,0,,6,,0,0,5,0,0,2,0,4,0,0,8,1,1,1,0,0,0,1,0,0,27,37,31,1,1,5,7,0,1,0,0,2,0,0,0,1,3,0,0,0,0,0,0,0,0,,,1,27,41,27,10,4,1,0,0
PHI189905301,box,1899-05-30,1,PHI09,R,1,PHI,CHN,1,0,1,0,1,,36,2,9,15,2,2,0,,1,,2,0,1,0,1,1,0,0,0,0,11,1,1,0,0,0,1,0,1,0,27,47,42,14,13,17,19,2,0,0,0,4,0,0,1,1,0,0,0,0,0,0,0,0,0,,,1,27,49,27,16,6,2,0,1
PHI189905302,box,1899-05-30,2,PHI09,R,1,PHI,CHN,1,0,1,0,1,,36,4,10,13,1,1,0,,4,,1,,1,,0,0,0,1,,0,6,1,1,0,0,0,1,0,1,0,27,45,41,9,8,16,21,3,1,0,0,3,,5,,1,0,0,0,0,0,0,0,0,0,,,1,27,43,27,13,3,2,0,2
PHI189905310,box,1899-05-31,0,PHI09,R,1,PHI,CHN,1,0,1,0,1,,34,1,7,12,1,2,0,,1,,1,0,4,0,0,0,0,1,0,0,7,1,1,1,0,0,0,0,1,0,27,41,38,6,5,11,17,2,2,0,0,1,0,2,0,1,1,0,0,0,0,0,0,0,0,,,1,27,42,27,13,2,0,0,0
PHI189906010,box,1899-06-01,0,PHI09,R,1,PHI,CHN,1,1,0,0,1,,33,7,10,14,1,0,1,,7,,3,0,,1,0,2,0,0,0,0,7,1,1,1,0,0,0,1,0,0,27,35,35,1,1,8,13,3,1,0,0,0,0,,0,0,0,0,0,0,0,0,0,0,0,,,1,27,44,27,14,3,0,0,0
PHI189906020,box,1899-06-02,0,PHI09,R,1,PHI,PIT,1,1,0,0,1,,34,4,10,16,3,0,1,,4,,3,0,0,0,1,2,0,1,0,0,11,1,1,1,0,0,0,1,0,0,27,39,34,3,3,9,10,1,0,0,0,2,0,2,0,2,1,0,0,1,0,0,0,0,0,,,1,27,38,27,10,1,1,0,0
PHI189906030,box,1899-06-03,0,PHI09,R,1,PHI,PIT,1,0,1,0,1,,31,3,4,5,1,0,0,,2,,3,0,,1,1,0,0,0,0,0,5,1,1,0,0,0,1,0,1,0,27,51,44,15,8,14,20,4,1,0,0,6,0,,1,1,0,0,0,1,0,0,0,0,0,,,1,27,41,26,7,8,2,0,0
PHI189906050,box,1899-06-05,0,PHI09,R,1,PHI,PIT,1,1,0,0,1,,37,13,15,22,4,0,1,,13,,2,0,,0,1,2,0,2,1,0,5,1,1,1,0,0,0,1,0,0,27,41,36,3,3,9,12,1,1,0,0,3,0,,0,2,0,0,0,1,0,0,0,0,0,,,1,27,41,27,13,1,1,0,0
PHI189906060,box,1899-06-06,0,PHI09,R,1,PHI,SLN,1,0,1,0,1,,33,3,8,9,1,0,0,,1,,1,,5,,0,0,0,0,,0,4,1,1,1,0,0,0,0,1,0,27,40,38,6,2,10,12,2,0,0,0,0,0,1,,1,1,0,0,0,0,0,0,0,0,,,1,27,44,27,11,6,1,0,0
PHI189906070,box,1899-06-07,0,PHI09,R,1,PHI,SLN,1,0,1,0,1,,35,2,10,11,1,0,0,,2,,2,,3,,0,0,0,0,,0,8,1,1,1,0,0,0,0,1,0,27,35,32,3,3,6,9,1,1,0,0,2,,2,,0,1,0,0,0,0,0,0,0,0,,,1,27,35,27,8,0,0,0,0
PHI189906080,box,1899-06-08,0,PHI09,R,1,PHI,SLN,1,1,0,0,1,,28,8,13,20,1,3,0,,8,,1,,2,,1,0,0,0,,0,4,1,1,1,0,0,0,1,0,0,18,27,24,4,3,8,11,1,1,0,0,2,,1,,0,1,0,0,0,0,0,0,0,0,,,1,18,33,18,14,1,1,0,0
PHI189906090,box,1899-06-09,0,PHI09,R,1,PHI,WSN,1,1,0,0,1,,25,9,15,16,1,0,0,,6,,2,,0,,0,0,0,2,,0,5,1,1,1,0,0,0,1,0,0,15,20,18,1,0,2,3,1,0,0,0,2,,3,,0,0,0,0,0,0,0,0,0,0,,,1,15,24,15,6,3,0,0,0
WSN189906131,box,1899-06-13,1,WAS06,R,0,PHI,WSN,1,1,0,0,1,,37,11,12,20,1,2,1,,7,,3,,,,2,0,0,2,,0,7,1,1,0,0,0,1,1,0,0,27,43,37,10,9,15,18,3,0,0,0,4,,,,2,0,0,0,0,0,0,0,0,0,,,1,27,46,27,16,3,2,0,0
WSN189906132,box,1899-06-13,2,WAS06,R,0,PHI,WSN,1,1,0,0,1,,31,2,8,9,1,0,0,,1,,0,0,0,,0,1,0,0,,0,6,1,1,1,1,0,0,1,0,0,27,32,30,0,0,3,4,1,0,0,0,2,,0,,0,0,0,0,0,0,0,0,0,0,,,1,27,36,26,8,2,1,0,0
BSN189906150,box,1899-06-15,0,BOS05,R,0,PHI,BSN,1,0,1,0,1,,24,1,7,9,0,1,0,,1,,2,0,5,0,0,0,0,0,1,0,7,1,1,1,0,0,0,0,1,0,15,26,22,6,4,9,9,0,0,0,0,2,0,0,0,0,2,0,0,0,0,0,0,0,0,,,1,15,23,15,5,3,0,0,0
BSN189906160,box,1899-06-16,0,BOS05,R,0,PHI,BSN,1,1,0,0,1,,36,4,8,13,0,1,1,,3,,3,0,,0,0,1,0,1,1,0,9,1,1,1,0,0,0,1,0,0,27,35,31,3,3,8,12,0,2,0,0,4,0,,2,0,0,0,0,0,0,0,0,0,0,,,1,27,42,26,16,0,2,0,0
BSN189906170,box,1899-06-17,0,BOS05,R,0,PHI,BSN,1,1,0,0,1,,34,6,7,13,1,1,1,,3,,4,0,2,0,1,1,0,0,1,0,7,1,1,1,0,0,0,1,0,0,27,37,33,4,4,7,10,1,1,0,0,3,0,0,0,0,1,0,0,0,0,0,0,0,0,,,1,27,43,27,15,1,0,0,0
CIN189906190,box,1899-06-19,0,CIN05,R,0,PHI,CIN,1,1,0,0,1,,39,9,13,18,3,1,0,,8,,4,,1,,0,1,0,2,,0,8,1,1,1,1,0,0,1,0,0,27,36,30,0,0,6,7,1,0,0,0,3,,0,,1,2,0,0,0,0,0,0,0,0,,,1,27,40,27,13,0,1,0,0
CIN189906200,box,1899-06-20,0,CIN05,R,0,PHI,CIN,1,0,1,0,1,,32,2,9,10,1,0,0,,2,,4,,,,0,2,0,0,,0,9,1,1,1,0,0,0,0,1,0,24,34,29,3,3,6,8,2,0,0,0,4,,,,1,0,0,0,0,0,0,0,0,0,,,1,24,36,24,10,2,0,0,0
CIN189906210,box,1899-06-21,0,CIN05,R,0,PHI,CIN,1,1,0,0,1,,40,7,16,22,4,1,0,,7,,2,,,,0,0,0,2,,0,8,1,1,1,0,0,0,1,0,0,27,39,36,6,5,7,7,0,0,0,0,2,,,,0,1,0,0,0,0,0,0,0,0,,,1,27,43,27,12,4,0,0,0
CIN189906220,box,1899-06-22,0,CIN05,R,0,PHI,CIN,1,1,0,0,1,,36,9,15,18,1,1,0,,9,,2,,,,1,2,0,1,,0,5,1,1,1,0,0,0,1,0,0,27,39,39,5,2,9,14,3,1,0,0,0,0,,,0,0,0,0,0,0,0,0,0,0,,,1,27,41,27,10,4,1,0,0
SLN189906230,box,1899-06-23,0,STL05,R,0,PHI,SLN,1,1,0,0,1,,39,9,14,22,0,1,2,,9,,1,,0,,0,3,0,2,,0,7,1,1,1,0,0,0,1,0,0,27,39,33,4,4,10,12,0,1,0,0,6,,0,,0,0,0,0,0,0,0,0,0,0,,,1,27,44,26,18,0,2,0,0
SLN189906240,box,1899-06-24,0,STL05,R,0,PHI,SLN,1,1,0,0,1,,34,4,9,13,1,0,1,,3,,1,,2,,0,0,0,1,,0,7,1,1,1,0,0,0,1,0,0,27,35,30,3,0,5,5,0,0,0,0,3,,0,,0,2,0,0,0,0,0,0,0,0,,,1,27,43,26,15,2,1,0,0
SLN189906270,box,1899-06-27,0,STL05,R,0,PHI,SLN,1,0,1,0,1,,39,4,12,15,3,0,0,,4,,6,,4,,0,0,0,1,,0,14,1,1,0,0,0,1,0,1,0,27,35,32,6,5,8,16,0,1,2,0,2,,1,,0,1,0,0,0,0,0,0,0,0,,,1,27,42,27,13,2,2,0,1
LS3189906280,box,1899-06-28,0,LOU03,R,0,PHI,LS3,1,1,0,0,1,,35,3,9,12,3,0,0,,3,,3,,,,1,0,0,1,,0,9,1,1,1,0,0,0,1,0,0,27,38,33,1,1,7,8,1,0,0,0,2,,0,,2,1,0,0,0,0,0,0,0,0,,,1,27,43,27,14,2,0,0,0
LS3189906290,box,1899-06-29,0,LOU03,R,0,PHI,LS3,1,0,1,0,1,,36,3,9,14,3,1,0,,3,,2,,,,0,0,0,1,,0,8,1,1,1,0,0,0,0,1,0,24,42,40,11,7,12,14,0,1,0,0,0,0,,,0,2,0,0,0,0,0,0,0,0,,,1,24,48,24,14,10,1,0,0
LS3189906300,box,1899-06-30,0,LOU03,R,0,PHI,LS3,1,1,0,0,1,,42,13,12,19,5,1,0,,11,,2,,,,1,4,0,0,,0,9,1,1,1,0,0,0,1,0,0,27,42,38,9,6,13,15,2,0,0,0,2,,,,0,2,0,0,0,0,0,0,0,0,,,1,27,40,26,8,6,1,0,0
LS3189907010,box,1899-07-01,0,LOU03,R,0,PHI,LS3,1,0,1,0,1,,38,4,8,10,0,1,0,,4,,0,0,,,0,0,0,1,,0,7,1,1,0,0,0,1,0,1,0,24,45,42,10,6,15,18,3,0,0,0,2,,,,0,1,0,0,0,0,0,0,0,0,,,1,24,39,24,8,7,0,0,0
PHI189907041,box,1899-07-04,1,PHI09,R,1,PHI,BRO,1,1,0,0,1,,33,10,14,21,4,0,1,,9,,5,0,3,0,1,2,0,0,2,0,7,1,1,1,0,0,0,1,0,0,27,45,38,7,3,12,14,2,0,0,0,6,0,2,0,1,0,0,0,0,0,0,0,0,0,,,1,27,43,27,13,3,1,0,1
PHI189907042,box,1899-07-04,2,PHI09,R,1,PHI,BRO,1,1,0,0,1,,37,9,13,17,2,1,0,,8,,5,0,0,0,0,1,0,0,0,0,10,1,1,1,0,0,0,1,0,0,27,37,32,1,1,6,8,2,0,0,0,4,0,0,0,1,0,0,0,0,0,0,0,0,0,,,1,27,41,27,14,0,0,0,0
PHI189907050,box,1899-07-05,0,PHI09,R,1,PHI,BRO,1,1,0,0,1,,36,7,13,15,2,0,0,,6,,4,0,3,1,0,0,0,0,0,0,9,1,1,1,0,0,0,1,0,0,27,38,38,4,4,12,17,3,1,0,0,0,0,2,0,0,0,0,0,0,0,0,0,0,0,,,1,27,43,27,15,1,0,0,0
BRO189907060,box,1899-07-06,0,NYC12,R,0,PHI,BRO,1,0,1,0,1,,35,1,10,13,1,1,0,,1,,1,0,1,1,0,0,0,1,0,0,8,1,1,1,0,0,0,0,1,0,24,36,29,7,3,8,10,0,1,0,0,5,0,,1,1,1,0,0,0,0,0,0,0,0,,,1,24,41,24,14,3,2,0,0
BRO189907070,box,1899-07-07,0,NYC12,R,0,PHI,BRO,1,0,1,0,1,,36,7,12,19,0,2,1,,7,,1,0,1,1,0,2,0,0,1,0,5,1,1,1,0,0,0,0,1,0,24,38,35,9,9,12,16,2,1,0,0,3,0,1,0,0,0,0,0,0,0,0,0,0,0,,,1,24,44,24,17,3,1,0,1
BRO189907080,box,1899-07-08,0,NYC12,R,0,PHI,BRO,1,0,1,0,1,,30,2,4,4,0,0,0,,1,,2,0,,0,0,1,0,0,0,0,4,1,1,1,0,0,0,0,1,0,24,39,29,6,5,9,13,2,1,0,0,5,0,,0,3,2,0,0,2,0,0,0,0,0,,,1,24,41,24,16,1,1,0,1
BRO189907100,box,1899-07-10,0,NYC12,R,0,PHI,BRO,1,1,0,0,1,,43,10,16,21,3,1,0,,8,,4,0,5,2,0,1,0,3,0,0,11,1,1,1,1,0,0,1,0,0,27,36,31,0,0,6,6,0,0,0,0,4,0,2,0,0,1,0,0,0,0,0,0,0,0,,,1,27,48,27,17,4,1,0,1
PHI189907110,box,1899-07-11,0,PHI09,R,1,PHI,CL4,1,1,0,0,1,,32,5,11,12,1,0,0,,5,,2,,0,,0,1,0,3,,0,6,1,1,1,0,0,0,1,0,0,27,35,32,1,1,7,8,1,0,0,0,1,,2,,2,0,0,0,0,0,0,0,0,0,,,1,27,41,27,14,0,1,0,0
PHI189907120,box,1899-07-12,0,PHI09,R,1,PHI,CL4,1,1,0,0,1,,29,4,9,13,2,1,0,,4,,4,,,,1,2,0,1,,0,8,1,1,1,0,0,0,1,0,0,27,39,34,2,2,9,13,4,0,0,0,2,,,,2,1,0,0,0,0,0,0,0,0,,,1,27,37,27,9,1,1,0,1
PHI189907130,box,1899-07-13,0,PHI09,R,1,PHI,CL4,1,1,0,0,1,,27,5,12,16,4,0,0,,5,,2,,,,0,0,0,4,,0,6,1,1,1,0,0,0,1,0,0,21,25,24,1,0,2,2,0,0,0,0,1,,,,0,0,0,0,0,0,0,0,0,0,,,1,21,38,21,14,3,0,0,0
PHI189907140,box,1899-07-14,0,PHI09,R,1,PHI,CIN,1,1,0,0,1,,37,9,13,18,2,0,1,,8,,6,0,3,0,1,1,0,3,0,0,13,1,1,0,0,0,1,1,0,0,27,37,35,6,4,10,15,3,1,0,0,2,0,2,1,0,0,0,0,0,0,0,0,0,0,,,1,27,37,27,8,2,3,0,0
PHI189907150,box,1899-07-15,0,PHI09,R,1,PHI,CIN,1,1,0,0,1,,33,4,10,12,2,0,0,,4,,3,,3,,0,0,0,2,,0,8,1,1,1,0,0,0,1,0,0,27,38,33,2,2,7,10,3,0,0,0,4,,1,,1,0,0,0,0,0,0,0,0,0,,,1,27,36,27,9,0,1,0,0
PHI189907170,box,1899-07-17,0,PHI09,R,1,PHI,CIN,1,1,0,0,1,,35,3,9,11,2,0,0,,3,,3,,2,,1,0,0,1,,0,6,1,1,1,0,0,0,1,0,0,33,45,38,2,1,8,9,1,0,0,0,3,,1,,1,3,0,0,0,0,0,0,0,0,,,1,33,49,33,14,2,0,0,0
PHI189907180,box,1899-07-18,0,PHI09,R,1,PHI,LS3,1,0,1,0,1,,31,4,4,5,1,0,0,,4,,8,0,,0,1,0,0,0,1,0,9,1,1,1,0,0,0,0,1,0,27,43,36,8,7,11,12,1,0,0,0,4,0,,0,2,1,0,0,1,0,0,0,0,0,,,1,27,41,27,14,0,0,0,3
PHI189907190,box,1899-07-19,0,PHI09,R,1,PHI,LS3,1,1,0,0,1,,30,5,10,13,3,0,0,,5,,3,,4,,2,2,0,0,,0,8,1,1,1,0,0,0,1,0,0,27,41,36,3,2,8,11,1,1,0,0,0,0,0,,4,1,0,0,0,0,0,0,0,0,,,1,27,41,27,11,3,0,0,0
PHI189907200,box,1899-07-20,0,PHI09,R,1,PHI,LS3,1,0,1,0,1,,38,3,10,11,1,0,0,,3,,2,,0,,0,0,0,0,,0,10,1,1,1,0,0,0,0,1,0,27,46,40,6,5,13,19,4,1,0,0,4,,1,,0,2,0,0,0,0,0,0,0,0,,,1,27,43,27,13,3,0,0,0
PIT189907210,box,1899-07-21,0,PIT05,R,0,PHI,PIT,1,0,1,0,1,,36,3,9,9,0,0,0,,3,,2,,1,,0,1,0,1,,0,9,1,1,1,0,0,0,0,1,0,24,37,35,6,5,11,17,2,2,0,0,2,,2,,0,0,0,0,0,0,0,0,0,0,,,1,24,42,24,13,5,0,0,0
PIT189907220,box,1899-07-22,0,PIT05,R,0,PHI,PIT,1,0,1,0,1,,38,4,11,13,0,1,0,,2,,1,,3,,0,0,0,1,,0,8,1,1,1,0,0,0,0,1,0,24,49,40,18,10,19,26,1,3,0,0,5,,1,,0,4,0,0,0,0,0,0,0,0,,,1,24,46,24,15,7,0,0,1
PIT189907241,box,1899-07-24,1,PIT05,R,0,PHI,PIT,1,0,1,0,1,,35,8,9,11,2,0,0,,8,,5,,4,,0,1,0,1,,0,6,1,1,0,0,0,1,0,1,0,24,39,36,9,6,12,20,1,2,1,0,3,,3,,0,0,0,0,0,0,0,0,0,0,,,1,24,38,24,13,1,1,0,1
PIT189907242,box,1899-07-24,2,PIT05,R,0,PHI,PIT,1,0,1,0,1,,32,4,10,15,1,2,0,,3,,4,,2,,1,1,0,4,,0,7,1,1,1,0,0,0,0,1,0,26,37,30,5,4,7,10,1,1,0,0,5,,0,,2,0,0,0,1,0,0,0,0,0,,,1,26,40,26,12,2,2,0,0
PIT189907250,box,1899-07-25,0,PIT05,R,0,PHI,PIT,1,0,1,0,1,,42,12,13,18,1,2,0,,11,,10,,3,,0,1,0,4,,0,14,1,1,0,0,0,1,0,1,0,24,45,40,15,8,15,20,0,1,1,0,4,,3,,0,1,0,0,2,0,0,0,0,0,,,1,24,40,24,7,9,0,0,0
CHN189907260,box,1899-07-26,0,CHI08,R,0,PHI,CHN,1,1,0,0,1,,37,7,10,10,0,0,0,,4,,1,,1,,1,1,0,1,,0,6,1,1,1,0,0,0,1,0,0,27,39,37,5,3,9,11,2,0,0,0,2,,2,,0,0,0,0,0,0,0,0,0,0,,,1,27,47,27,16,4,0,0,0
CHN189907270,box,1899-07-27,0,CHI08,R,0,PHI,CHN,1,0,1,0,1,,35,1,8,9,1,0,0,,1,,6,,3,,1,0,0,2,,0,14,1,1,1,0,0,0,0,1,0,24,41,31,9,7,12,13,1,0,0,0,6,,0,,1,3,0,0,1,0,0,0,0,0,,,1,24,43,24,15,4,0,0,0
CHN189907280,box,1899-07-28,0,CHI08,R,0,PHI,CHN,1,1,0,0,1,,27,4,3,3,0,0,0,,2,,3,,5,,0,2,0,1,,0,1,1,1,1,0,0,0,1,0,0,27,35,28,2,1,5,5,0,0,0,0,3,,5,,0,4,0,0,0,0,0,0,0,0,,,1,27,37,27,8,2,0,0,2
CHN189907290,box,1899-07-29,0,CHI08,R,0,PHI,CHN,1,1,0,0,1,,38,7,10,17,1,3,0,,7,,5,,3,,1,0,0,2,,0,7,1,1,1,0,0,0,1,0,0,30,44,40,6,6,11,18,4,0,1,0,3,,5,,0,1,0,0,0,0,0,0,0,0,,,1,30,45,30,14,1,0,0,1
PHI189908011,box,1899-08-01,1,PHI09,R,1,PHI,CL4,1,1,0,0,1,,30,7,7,11,1,0,1,,6,,3,,2,,0,0,0,0,,0,2,1,1,1,0,0,0,1,0,0,27,41,38,5,4,12,13,1,0,0,0,0,0,2,,3,0,0,0,0,0,0,0,0,0,,,1,27,43,26,16,1,2,0,0
PHI189908012,box,1899-08-01,2,PHI09,R,1,PHI,CL4,1,0,1,0,1,,36,2,9,10,1,0,0,,2,,1,,,,0,0,0,0,,0,8,1,1,0,0,0,1,0,1,0,27,39,37,6,1,8,8,0,0,0,0,2,,,,0,0,0,0,0,0,0,0,0,0,,,1,27,45,27,12,6,2,0,0
PHI189908020,box,1899-08-02,0,PHI09,R,1,PHI,CL4,1,1,0,0,1,,25,8,14,21,5,1,0,,8,,0,0,,0,0,2,0,0,1,0,4,1,1,0,0,0,1,1,0,0,15,23,23,5,2,9,10,1,0,0,0,0,0,,0,0,0,0,0,0,0,0,0,0,0,,,1,15,22,15,5,2,1,0,0
PHI189908031,box,1899-08-03,1,PHI09,R,1,PHI,CL4,1,1,0,0,1,,32,6,12,16,2,1,0,,5,,1,,1,,0,2,0,1,,0,5,1,1,1,0,0,0,1,0,0,27,35,32,1,1,8,8,0,0,0,0,1,,2,,2,0,0,0,0,0,0,0,0,0,,,1,27,40,27,12,1,1,0,0
PHI189908032,box,1899-08-03,2,PHI09,R,1,PHI,CL4,1,1,0,0,1,,31,4,8,11,1,1,0,,4,,3,,3,,0,0,0,4,,0,6,1,1,1,1,0,0,1,0,0,27,34,32,0,0,5,6,1,0,0,0,2,,1,,0,0,0,0,0,0,0,0,0,0,,,1,27,45,27,16,2,1,0,0
PHI189908040,box,1899-08-04,0,PHI09,R,1,PHI,BLN,1,1,0,0,1,,32,4,11,13,2,0,0,,4,,4,,2,,2,1,0,2,,0,11,1,1,1,0,0,0,1,0,0,27,37,34,3,2,8,9,1,0,0,0,2,,4,,1,0,0,0,0,0,0,0,0,0,,,1,27,45,27,16,2,1,0,1
PHI189908050,box,1899-08-05,0,PHI09,R,1,PHI,BLN,1,0,1,0,1,,44,5,14,16,2,0,0,,5,,1,0,,1,0,1,0,0,0,0,8,1,1,1,0,0,0,0,1,0,33,46,44,8,3,11,11,0,0,0,0,2,0,,0,0,0,0,0,0,0,0,0,0,0,,,1,33,56,33,19,4,1,0,0
PHI189908070,box,1899-08-07,0,PHI09,R,1,PHI,BLN,1,0,1,0,1,,32,3,8,8,0,0,0,,3,,4,,1,,1,3,0,0,,0,10,1,1,1,0,0,0,0,1,0,27,37,35,4,1,8,9,1,0,0,0,1,,3,,0,1,0,0,0,0,0,0,0,0,,,1,27,43,27,12,4,0,0,0
PHI189908080,box,1899-08-08,0,PHI09,R,1,PHI,PIT,1,1,0,0,1,,36,5,14,15,1,0,0,,3,,6,,1,,0,1,0,1,,0,12,1,1,1,0,0,0,1,0,0,30,43,38,4,4,12,17,1,2,0,0,2,,2,,1,2,0,0,0,0,0,0,0,0,,,1,30,45,30,15,0,0,0,0
PHI189908090,box,1899-08-09,0,PHI09,R,1,PHI,PIT,1,1,0,0,1,,45,14,22,25,3,0,0,,14,,2,0,2,0,1,1,0,5,0,0,10,1,1,0,0,0,1,1,0,0,27,50,44,13,9,16,27,3,4,0,0,4,0,2,0,0,1,0,0,0,1,0,0,0,0,,,1,27,38,26,9,3,1,0,0
PHI189908100,box,1899-08-10,0,PHI09,R,1,PHI,PIT,1,1,0,0,1,,31,3,8,11,1,1,0,,3,,4,,,,1,0,0,0,,0,9,1,1,1,0,0,0,1,0,0,27,37,31,2,1,6,7,1,0,0,0,3,,,,1,2,0,0,0,0,0,0,0,0,,,1,27,52,27,22,3,1,0,0
PHI189908110,box,1899-08-11,0,PHI09,R,1,PHI,PIT,1,0,1,0,1,,31,0,7,8,1,0,0,,0,,1,,2,,0,1,0,0,,0,6,1,1,1,0,0,0,0,1,0,27,36,33,5,5,8,8,0,0,0,0,2,,3,,0,1,0,0,0,0,0,0,0,0,,,1,27,40,27,13,0,0,0,1
PHI189908120,box,1899-08-12,0,PHI09,R,1,PHI,CHN,1,1,0,0,1,,37,5,10,13,1,1,0,,5,,2,,2,,0,0,0,3,,0,10,1,1,1,1,0,0,1,0,0,27,33,31,0,0,3,4,1,0,0,0,1,,2,,1,0,0,0,0,0,0,0,0,0,,,1,27,42,27,13,2,0,0,0
PHI189908140,box,1899-08-14,0,PHI09,R,1,PHI,CHN,1,1,0,0,1,,31,6,7,9,2,0,0,,6,,2,,,,1,0,0,1,,0,4,1,1,1,0,0,0,1,0,0,27,40,35,3,0,10,12,2,0,0,0,3,,,,0,2,0,0,0,0,0,0,0,0,,,1,27,49,27,17,5,2,0,0
PHI189908150,box,1899-08-15,0,PHI09,R,1,PHI,CHN,1,1,0,0,1,,29,2,9,10,1,0,0,,2,,0,0,,,0,2,0,2,,0,5,1,1,1,0,0,0,1,0,0,27,34,32,1,1,4,5,1,0,0,0,2,,0,,0,0,0,0,0,0,0,0,0,0,,,1,27,38,27,11,0,0,0,0
PHI189908160,box,1899-08-16,0,PHI09,R,1,PHI,SLN,1,1,0,0,1,,35,9,12,17,3,1,0,,9,,3,,0,,1,0,0,0,,0,6,1,1,1,0,0,0,1,0,0,27,40,34,4,4,11,13,2,0,0,0,3,,2,,1,2,0,0,0,0,0,0,0,0,,,1,27,49,27,17,5,2,0,0
PHI189908170,box,1899-08-17,0,PHI09,R,1,PHI,SLN,1,1,0,0,1,,38,12,14,16,0,1,0,,8,,3,,1,,1,1,0,0,,0,7,1,1,1,0,0,0,1,0,0,27,39,36,6,5,9,11,2,0,0,0,3,,1,,0,0,0,0,0,0,0,0,0,0,,,1,27,41,27,11,3,1,0,0
PHI189908181,box,1899-08-18,1,PHI09,R,1,PHI,SLN,1,0,1,0,1,,29,0,5,5,0,0,0,,0,,0,0,1,,0,1,0,1,,0,3,1,1,0,0,0,1,0,1,0,27,42,39,8,7,14,16,2,0,0,0,2,,2,,0,1,0,0,0,0,0,0,0,0,,,1,27,40,27,10,3,1,0,0
PHI189908182,box,1899-08-18,2,PHI09,R,1,PHI,SLN,1,1,0,0,1,,33,3,9,12,3,0,0,,3,,5,,1,,0,2,0,0,,0,9,1,1,1,0,0,0,1,0,0,30,42,38,2,1,9,9,0,0,0,0,3,,2,,0,0,0,0,0,1,0,0,0,0,,,1,30,50,30,16,4,2,0,0
NY1189908190,box,1899-08-19,0,NYC10,R,0,PHI,NY1,1,1,0,0,1,,30,4,5,6,1,0,0,,2,,1,0,3,0,0,4,0,1,1,0,4,1,1,1,0,0,0,1,0,0,27,39,37,2,1,9,12,1,1,0,0,2,0,,0,0,0,0,0,0,0,0,0,0,0,,,1,27,41,27,12,2,1,0,0
NY1189908211,box,1899-08-21,1,NYC10,R,0,PHI,NY1,1,0,1,0,1,,32,3,9,10,1,0,0,,3,,7,,3,,0,0,0,0,,0,9,1,1,1,0,0,0,0,1,0,24,38,35,7,5,12,15,0,0,1,0,2,,1,,1,0,0,0,0,0,0,0,0,0,,,1,24,39,24,12,3,1,0,1
NY1189908212,box,1899-08-21,2,NYC10,R,0,PHI,NY1,1,1,0,0,1,,36,2,10,12,2,0,0,,2,,1,0,0,2,1,0,0,0,1,0,9,1,1,1,0,0,0,1,0,0,27,35,35,1,1,8,9,1,0,0,0,0,0,3,0,0,0,0,0,0,0,0,0,0,0,,,1,27,42,27,13,2,0,0,1
NY1189908220,box,1899-08-22,0,NYC10,R,0,PHI,NY1,1,1,0,0,1,,38,13,12,14,2,0,0,,8,,6,0,3,0,2,0,0,0,3,0,6,1,1,1,0,0,0,1,0,0,27,33,30,2,2,2,2,0,0,0,0,3,0,1,0,0,0,0,0,1,0,0,0,0,0,,,1,27,44,27,15,2,0,0,1
SLN189908240,box,1899-08-24,0,STL05,R,0,PHI,SLN,1,0,1,0,1,,31,0,3,4,1,0,0,,0,,0,0,2,,0,0,0,0,,0,4,1,1,1,0,0,0,0,1,0,24,34,32,5,3,11,11,0,0,0,0,2,,0,,0,0,0,0,0,0,0,0,0,0,,,1,24,44,23,16,5,3,0,1
SLN189908251,box,1899-08-25,1,STL05,R,0,PHI,SLN,1,0,1,0,1,,29,2,4,8,1,0,1,,2,,1,,1,,0,1,0,1,,0,2,1,1,1,0,0,0,0,1,0,24,36,34,7,4,9,13,0,2,0,0,2,,,,0,0,0,0,1,0,0,0,0,0,,,1,24,41,24,13,4,1,0,0
SLN189908252,box,1899-08-25,2,STL05,R,0,PHI,SLN,1,0,1,0,1,,28,1,3,7,0,2,0,,1,,1,,1,,0,0,0,1,,0,1,1,1,1,0,0,0,0,1,0,24,35,31,3,2,10,11,1,0,0,0,2,,2,,2,0,0,0,0,0,0,0,0,0,,,1,24,36,24,11,1,1,0,1
SLN189908260,box,1899-08-26,0,STL05,R,0,PHI,SLN,1,1,0,0,1,,34,5,9,11,0,1,0,,3,,2,,,,1,1,0,0,,0,6,1,1,0,0,0,1,1,0,0,27,38,36,4,3,10,15,0,1,1,0,1,,,,0,1,0,0,1,0,0,0,0,0,,,1,27,44,27,13,4,2,0,0
LS3189908280,box,1899-08-28,0,LOU04,R,0,PHI,LS3,1,1,0,0,1,,42,12,16,37,3,3,4,,12,,3,0,1,0,0,0,0,4,0,0,6,1,1,1,1,0,0,1,0,0,27,34,30,0,0,3,3,0,0,0,0,4,0,5,0,0,0,0,0,0,0,0,0,0,0,,,1,27,42,27,15,0,0,0,0
LS3189908290,box,1899-08-29,0,LOU04,R,0,PHI,LS3,1,1,0,0,1,,39,8,13,19,3,0,1,,6,,0,0,,0,1,0,0,1,0,0,7,1,1,1,0,0,0,1,0,0,27,44,41,7,6,12,16,0,2,0,0,3,0,,0,0,0,0,0,0,0,0,0,0,0,,,1,27,50,27,20,3,0,0,1
LS3189908300,box,1899-08-30,0,LOU04,R,0,PHI,LS3,1,0,1,0,1,,34,2,9,10,1,0,0,,2,,3,0,,0,1,1,0,1,0,0,10,1,1,1,0,0,0,0,1,0,24,40,32,6,5,9,11,2,0,0,0,5,0,,0,0,3,0,0,0,0,0,0,0,0,,,1,24,42,24,15,3,0,0,1
CIN189908310,box,1899-08-31,0,CIN05,R,0,PHI,CIN,1,1,0,0,1,,40,9,15,19,4,0,0,,9,,2,0,0,0,0,2,0,0,1,0,8,1,1,1,0,0,0,1,0,0,27,34,31,2,2,5,5,0,0,0,0,2,0,,0,0,1,0,0,0,0,0,0,0,0,,,1,27,41,27,13,1,0,0,0
CIN189909010,box,1899-09-01,0,CIN05,R,0,PHI,CIN,1,0,1,0,1,,33,5,9,14,3,1,0,,5,,0,0,,,0,0,0,0,,0,1,1,1,1,0,0,0,0,1,0,24,40,34,10,7,8,12,0,2,0,0,4,,,,2,0,0,0,1,0,0,0,0,0,,,1,24,40,24,11,5,0,0,1
CIN189909020,box,1899-09-02,0,CIN05,R,0,PHI,CIN,1,1,0,0,1,,44,13,15,17,2,0,0,,9,,3,,,,0,1,0,2,,0,8,1,1,0,0,0,1,1,0,0,27,42,38,7,6,12,16,2,1,0,0,3,,,,0,1,0,0,0,0,0,0,0,0,,,1,27,38,27,10,1,0,0,0
PHI189909041,box,1899-09-04,1,PHI09,R,1,PHI,WSN,1,1,0,0,1,,33,3,6,6,0,0,0,,1,,4,,,,1,0,0,0,,0,6,1,1,1,0,0,0,1,0,0,30,38,36,2,2,9,11,2,0,0,0,0,0,,,0,2,0,0,0,0,0,0,0,0,,,1,30,47,30,15,2,0,0,1
PHI189909042,box,1899-09-04,2,PHI09,R,1,PHI,WSN,1,1,0,0,1,,44,17,18,23,1,2,0,,16,,1,,2,,1,1,0,4,,0,6,1,1,1,1,0,0,1,0,0,27,33,33,0,0,5,5,0,0,0,0,0,0,5,,0,0,0,0,0,0,0,0,0,0,,,1,27,40,27,11,2,0,0,0
PHI189909050,box,1899-09-05,0,PHI09,R,1,PHI,WSN,1,1,0,0,1,,42,18,23,29,4,1,0,,16,,9,,0,,1,0,0,5,,0,10,1,1,1,0,0,0,1,0,0,27,45,41,10,10,17,17,0,0,0,0,2,,,,2,0,0,0,0,0,0,0,0,0,,,1,27,40,27,12,1,0,0,0
WSN189909070,box,1899-09-07,0,WAS06,R,0,PHI,WSN,1,0,1,0,1,,27,1,2,2,0,0,0,,1,,2,,4,,1,2,0,1,,0,4,1,1,1,0,0,0,0,1,0,27,43,40,5,3,16,19,1,1,0,0,3,,1,,0,0,0,0,0,0,0,0,0,0,,,1,27,45,27,16,2,0,0,1
WSN189909080,box,1899-09-08,0,WAS06,R,0,PHI,WSN,1,1,0,0,1,,31,4,9,13,0,2,0,,4,,1,,2,,1,2,0,1,,0,7,1,1,1,0,0,0,1,0,0,27,34,33,2,2,8,12,1,0,1,0,1,,1,,0,0,0,0,0,0,0,0,0,0,,,1,27,42,27,14,1,0,0,0
PHI189909090,box,1899-09-09,0,PHI09,R,1,PHI,WSN,1,1,0,0,1,,42,13,18,25,3,2,0,,10,,1,0,2,0,1,1,0,1,0,0,8,1,1,1,0,0,0,1,0,0,27,37,36,6,5,10,15,1,2,0,0,1,0,2,0,0,0,0,0,0,0,0,0,0,0,,,1,27,40,27,12,1,1,0,0
PHI189909121,box,1899-09-12,1,PHI09,R,1,PHI,CL4,1,1,0,0,1,,38,13,14,25,3,1,2,,13,,1,,3,,1,1,0,4,,0,4,1,1,1,1,0,0,1,0,0,27,34,33,0,0,7,8,1,0,0,0,0,0,3,,1,0,0,0,0,0,0,0,0,0,,,1,27,35,27,7,1,1,0,0
PHI189909122,box,1899-09-12,2,PHI09,R,1,PHI,CL4,1,1,0,0,1,,35,8,10,14,2,1,0,,6,,5,,0,,0,1,0,2,,0,9,1,1,1,0,0,0,1,0,0,27,35,33,4,4,8,9,1,0,0,0,2,,4,,0,0,0,0,0,0,0,0,0,0,,,1,27,36,27,9,0,0,0,0
PHI189909130,box,1899-09-13,0,PHI09,R,1,PHI,CL4,1,1,0,0,1,,32,8,12,15,1,1,0,,8,,5,,1,,0,0,0,3,,0,5,1,1,1,0,0,0,1,0,0,27,41,38,2,0,7,8,1,0,0,0,1,,2,,1,0,0,0,0,1,0,0,0,0,,,1,27,45,27,11,7,0,0,0
PHI189909140,box,1899-09-14,0,PHI09,R,1,PHI,CL4,1,1,0,0,1,,32,8,9,14,2,0,1,,7,,4,,,,1,0,0,2,,0,6,1,1,1,1,0,0,1,0,0,27,33,32,0,0,5,7,2,0,0,0,0,0,,,0,0,0,0,0,1,0,0,0,0,,,1,27,46,27,16,3,0,0,0
PHI189909150,box,1899-09-15,0,PHI09,R,1,PHI,LS3,1,0,1,0,1,,35,9,10,14,0,2,0,,6,,2,,,,3,1,0,2,,0,8,1,1,0,0,0,1,0,1,0,24,40,38,10,9,16,22,2,2,0,0,1,,2,,0,1,0,0,0,0,0,0,0,0,,,1,24,36,23,10,3,0,0,1
PHI189909160,box,1899-09-16,0,PHI09,R,1,PHI,LS3,1,1,0,0,1,,31,4,8,8,0,0,0,,4,,1,,0,,0,2,0,0,,0,6,1,1,1,1,0,0,1,0,0,27,34,30,0,0,6,7,1,0,0,0,2,,1,,1,1,0,0,0,0,0,0,0,0,,,1,27,45,27,17,1,1,0,0
PHI189909180,box,1899-09-18,0,PHI09,R,1,PHI,LS3,1,0,1,0,1,,34,1,8,11,3,0,0,,0,,4,,1,,0,0,0,1,,0,10,1,1,1,0,0,0,0,1,0,27,39,38,6,4,11,15,4,0,0,0,1,,2,,0,0,0,0,0,0,0,0,0,0,,,1,27,46,27,16,3,1,0,0
PHI189909200,box,1899-09-20,0,PHI09,R,1,PHI,CIN,1,1,0,0,1,,30,4,9,10,1,0,0,,4,,6,0,0,0,2,0,0,3,2,0,10,1,1,1,0,0,0,1,0,0,27,37,33,3,2,7,7,0,0,0,0,2,0,2,1,2,0,0,0,0,0,0,0,0,0,,,1,27,42,27,14,1,1,0,0
PHI189909210,box,1899-09-21,0,PHI09,R,1,PHI,CIN,1,0,1,0,1,,34,4,7,9,2,0,0,,3,,2,,,,0,0,0,0,,0,5,1,1,0,0,0,1,0,1,0,27,41,39,5,2,10,13,0,0,1,0,2,,4,,0,0,0,0,0,0,0,0,0,0,,,1,27,49,27,17,5,0,0,0
PHI189909221,box,1899-09-22,1,PHI09,R,1,PHI,CIN,1,0,1,0,1,,33,2,7,7,0,0,0,,2,,3,,,,1,1,0,1,,0,9,1,1,1,0,0,0,0,1,0,27,39,36,6,6,12,16,2,1,0,0,3,,,,0,0,0,0,0,0,0,0,0,0,,,1,27,40,27,12,1,1,0,0
PHI189909222,box,1899-09-22,2,PHI09,R,1,PHI,CIN,1,1,0,0,1,,21,8,7,9,2,0,0,,8,,4,,0,,1,1,0,1,,0,4,1,1,0,0,0,1,1,0,1,15,25,23,5,2,9,10,1,0,0,0,2,,,,0,0,0,0,0,0,0,0,0,0,,,1,15,23,15,7,1,0,0,0
PHI189909230,box,1899-09-23,0,PHI09,R,1,PHI,BLN,1,1,0,0,1,,33,7,9,12,1,1,0,,7,,2,0,4,0,1,1,0,0,0,0,6,1,1,1,0,0,0,1,0,0,27,43,37,2,1,8,9,1,0,0,0,5,0,5,0,1,0,0,0,0,0,0,0,0,0,,,1,27,41,27,12,2,0,0,2
PHI189909250,box,1899-09-25,0,PHI09,R,1,PHI,BLN,1,1,0,0,1,,33,6,12,16,4,0,0,,6,,3,,2,,0,0,0,2,,0,6,1,1,1,1,0,0,1,0,0,27,32,32,0,0,8,10,2,0,0,0,0,0,2,,0,0,0,0,0,0,0,0,0,0,,,1,27,37,27,10,0,0,0,0
BLN189909271,box,1899-09-27,1,BAL07,R,0,PHI,BLN,1,0,1,0,1,,33,0,6,7,1,0,0,,0,,3,,5,,0,0,0,0,,0,9,1,1,1,0,0,0,0,1,0,24,44,37,11,11,19,23,2,1,0,0,2,,2,,1,4,0,0,0,0,0,0,0,0,,,1,24,37,23,14,0,0,0,0
BLN189909272,box,1899-09-27,2,BAL07,R,0,PHI,BLN,1,1,0,0,1,,33,15,18,21,3,0,0,,11,,8,,1,,0,2,0,4,,0,7,1,1,1,1,0,0,1,0,0,21,24,24,0,0,4,4,0,0,0,0,0,0,4,,0,0,0,0,0,0,0,0,0,0,,,1,21,29,21,7,1,0,0,0
PHI189909280,box,1899-09-28,0,PHI09,R,1,PHI,NY1,1,0,1,0,1,,28,3,4,4,0,0,0,,2,,10,0,11,0,0,0,0,2,0,0,11,1,1,1,0,0,0,0,1,0,24,33,27,6,3,7,8,1,0,0,0,4,0,2,0,1,1,0,0,0,0,0,0,0,0,,,1,24,40,24,10,6,0,0,0
PHI189909290,box,1899-09-29,0,PHI09,R,1,PHI,NY1,1,0,1,0,1,,30,2,8,10,2,0,0,,1,,5,0,2,0,1,0,0,1,1,0,10,1,1,1,0,0,0,0,1,0,24,36,29,7,5,9,10,1,0,0,0,3,1,2,1,2,1,0,0,0,1,0,0,0,0,,,1,24,40,24,12,4,1,0,0
PHI189909300,box,1899-09-30,0,PHI09,R,1,PHI,NY1,1,1,0,0,1,,41,8,18,22,4,0,0,,7,,4,0,,0,0,0,0,2,0,0,13,1,1,1,0,0,0,1,0,0,27,34,34,4,1,5,7,2,0,0,0,0,0,,0,0,0,0,0,1,0,0,0,0,0,,,1,27,41,27,11,3,0,0,0
BLN189910030,box,1899-10-03,0,BAL07,R,0,PHI,BLN,1,0,1,0,1,,23,5,7,9,2,0,0,,3,,4,,4,,0,0,0,2,,0,7,1,1,1,0,0,0,0,1,0,15,30,23,10,8,8,13,3,1,0,0,3,,2,,2,2,0,0,0,0,0,0,0,0,,,1,15,25,15,8,2,0,0,0
BLN189910040,box,1899-10-04,0,BAL07,R,0,PHI,BLN,1,1,0,0,1,,25,7,8,10,2,0,0,,4,,6,,0,,1,0,0,3,,0,10,1,1,1,0,0,0,1,0,0,15,25,22,5,4,6,6,0,0,0,0,2,,1,,0,1,0,0,0,0,0,0,0,0,,,1,15,29,15,11,3,0,0,0
BLN189910050,box,1899-10-05,0,BAL07,R,0,PHI,BLN,1,0,0,1,1,,35,2,8,8,0,0,0,,0,,0,0,1,,0,1,0,1,,0,7,1,1,1,0,0,0,0,0,0,27,32,32,2,2,6,7,1,0,0,0,0,0,0,,0,0,0,0,0,0,0,0,0,0,,,1,27,43,27,16,0,1,0,0
PHI189910070,box,1899-10-07,0,PHI09,R,1,PHI,BSN,1,1,0,0,1,,36,6,12,13,1,0,0,,4,,3,0,,0,0,0,0,3,0,0,9,1,1,1,0,0,0,1,0,0,27,34,31,1,1,4,4,0,0,0,0,3,0,,0,0,0,0,0,0,0,0,0,0,0,,,1,27,34,27,7,0,0,0,0
PHI189910090,box,1899-10-09,0,PHI09,R,1,PHI,BSN,1,1,0,0,1,,29,3,5,7,2,0,0,,1,,2,,,,0,1,0,0,,0,5,1,1,1,0,0,0,1,0,0,27,35,33,1,1,8,8,0,0,0,0,1,,,,0,1,0,0,0,0,0,0,0,0,,,1,27,37,27,10,0,0,0,1
PHI189910100,box,1899-10-10,0,PHI09,R,1,PHI,BSN,1,0,1,0,1,,32,0,8,12,0,2,0,,0,,0,0,5,,0,0,0,1,,0,5,1,1,0,0,0,1,0,1,0,27,39,34,6,3,7,12,2,0,1,0,3,,2,,0,2,0,0,0,0,0,0,0,0,,,1,27,45,27,13,5,0,0,0
BSN189910110,box,1899-10-11,0,BOS05,R,0,PHI,BSN,1,0,1,0,1,,28,0,4,4,0,0,0,,0,,2,0,5,0,0,0,0,1,0,0,6,1,1,1,0,0,0,0,1,0,21,26,22,2,2,6,7,1,0,0,0,4,0,1,1,0,0,0,0,0,0,0,0,0,0,,,1,21,35,21,14,0,2,0,0
BSN189910120,box,1899-10-12,0,BOS05,R,0,PHI,BSN,1,1,0,0,1,,33,7,11,18,1,0,2,,7,,6,0,5,0,1,0,0,2,1,0,9,1,1,1,0,0,0,1,0,0,24,32,29,3,2,9,11,2,0,0,0,0,0,1,0,0,3,0,0,0,0,0,0,0,0,,,1,24,38,24,12,2,0,0,0
BSN189910130,box,1899-10-13,0,BOS05,R,0,PHI,BSN,1,0,1,0,1,,29,0,3,3,0,0,0,,0,,1,0,5,0,0,1,0,1,0,0,4,1,1,1,0,0,0,0,1,0,24,28,28,1,1,5,6,1,0,0,0,0,0,2,0,0,0,0,0,0,0,0,0,0,0,,,1,24,36,24,10,2,0,0,0
BSN189910140,box,1899-10-14,0,BOS05,R,0,PHI,BSN,1,1,0,0,1,,41,6,11,12,1,0,0,,4,,2,0,2,1,0,0,0,2,0,0,10,1,1,1,0,0,0,1,0,0,27,33,30,1,1,6,8,2,0,0,0,1,0,1,1,1,1,0,0,0,0,0,0,0,0,,,1,27,43,27,15,1,2,0,1
CIN189904150,box,1899-04-15,0,CIN05,R,0,PIT,CIN,1,1,0,0,1,,35,5,10,16,3,0,1,,4,,2,0,,0,1,1,0,2,0,0,7,1,1,1,0,0,0,1,0,0,27,35,34,2,2,10,10,0,0,0,0,1,0,,1,0,0,0,0,0,0,0,0,0,0,,,1,27,45,27,17,1,2,0,0
CIN189904170,box,1899-04-17,0,CIN05,R,0,PIT,CIN,1,0,1,0,1,,35,7,16,26,1,3,1,,6,,4,0,1,0,0,3,0,1,0,0,8,1,1,0,0,0,1,0,1,0,24,35,30,8,8,8,14,1,1,1,0,4,0,,0,0,1,0,0,0,0,0,0,0,0,,,1,24,31,24,6,1,0,0,0
CIN189904180,box,1899-04-18,0,CIN05,R,0,PIT,CIN,1,0,1,0,1,,31,5,8,12,0,2,0,,5,,7,0,4,1,1,2,0,1,0,0,9,1,1,1,0,0,0,0,1,0,24,36,33,7,5,8,12,2,1,0,0,2,0,1,0,0,1,0,0,0,0,0,0,0,0,,,1,24,38,24,11,3,0,0,0
CIN189904190,box,1899-04-19,0,CIN05,R,0,PIT,CIN,1,0,0,1,1,,47,3,12,19,5,1,0,,3,,1,0,,0,0,2,0,0,0,0,12,1,1,1,0,0,0,0,0,0,36,48,40,3,3,6,8,0,1,0,0,4,0,,0,0,4,0,0,0,0,0,0,0,0,,,1,36,55,36,14,5,0,0,0
SLN189904200,box,1899-04-20,0,STL05,R,0,PIT,SLN,1,0,1,0,1,,29,2,6,10,0,2,0,,2,,1,,,,0,0,0,0,,0,4,1,1,1,0,0,0,0,1,0,21,33,31,6,3,10,12,0,1,0,0,1,,,,0,1,0,0,0,0,0,0,0,0,,,1,21,34,21,11,2,0,0,0
SLN189904210,box,1899-04-21,0,STL05,R,0,PIT,SLN,1,0,1,0,1,,31,5,9,13,0,2,0,,5,,1,0,,3,1,2,0,1,1,0,3,1,1,0,0,0,1,0,1,0,24,41,36,6,5,13,17,2,1,0,0,4,0,,0,1,0,0,0,0,0,0,0,0,0,,,1,24,42,24,15,3,0,0,1
SLN189904220,box,1899-04-22,0,STL05,R,0,PIT,SLN,1,0,1,0,1,,26,3,8,11,3,0,0,,3,,0,0,4,0,0,0,0,0,0,0,4,1,1,1,0,0,0,0,1,0,18,29,26,5,1,7,9,2,0,0,0,3,0,,0,0,0,0,0,0,0,0,0,0,0,,,1,18,34,18,13,3,0,0,0
LS3189904250,box,1899-04-25,0,LOU03,R,0,PIT,LS3,1,0,1,0,1,,31,1,11,11,0,0,0,,1,,1,1,,1,0,4,0,0,1,0,8,1,1,1,0,0,0,0,1,0,24,31,30,2,2,8,14,0,0,2,0,0,0,,1,1,0,0,0,0,0,0,0,0,0,,,1,24,33,24,9,0,1,0,0
LS3189904260,box,1899-04-26,0,LOU03,R,0,PIT,LS3,1,1,0,0,1,,42,7,11,15,4,0,0,,6,,1,0,,0,0,0,0,1,0,0,9,1,1,1,0,0,0,1,0,0,27,39,35,3,3,8,10,0,1,0,0,1,0,,0,2,1,0,0,0,0,0,0,0,0,,,1,27,42,27,13,2,0,0,1
PIT189904280,box,1899-04-28,0,PIT05,R,1,PIT,SLN,1,0,1,0,1,,35,1,6,11,1,2,0,,1,,0,0,2,,0,0,0,0,,0,7,1,1,1,0,0,0,0,1,0,27,40,37,5,5,10,15,1,2,0,0,3,,1,,0,0,0,0,0,0,0,0,0,0,,,1,27,37,27,9,1,0,0,0
PIT189904290,box,1899-04-29,0,PIT05,R,1,PIT,SLN,1,0,1,0,1,,34,1,8,8,0,0,0,,1,,2,0,2,1,2,0,0,0,0,0,10,1,1,1,0,0,0,0,1,0,27,38,33,2,0,8,10,2,0,0,0,3,0,,2,1,1,0,0,0,0,0,0,0,0,,,1,27,43,27,12,4,3,0,0
PIT189905010,box,1899-05-01,0,PIT05,R,1,PIT,SLN,1,0,1,0,1,,34,5,5,6,1,0,0,,3,,2,0,4,0,0,0,0,0,0,0,4,1,1,1,0,0,0,0,1,0,27,39,32,7,6,8,15,1,3,0,0,6,0,1,0,0,1,0,0,1,0,0,0,0,0,,,1,27,42,27,13,2,1,0,0
PIT189905020,box,1899-05-02,0,PIT05,R,1,PIT,SLN,1,1,0,0,1,,38,4,13,15,2,0,0,,3,,1,0,4,0,1,3,0,0,0,0,10,1,1,0,0,0,1,1,0,0,30,43,36,3,3,9,11,0,1,0,0,6,0,2,0,0,1,0,0,0,0,0,0,0,0,,,1,30,41,30,11,0,1,0,0
PIT189905030,box,1899-05-03,0,PIT05,R,1,PIT,LS3,1,1,0,0,1,,36,7,8,14,0,0,2,,4,,3,0,1,1,0,0,0,0,0,0,6,1,1,1,0,0,0,1,0,0,27,33,28,6,6,7,14,3,2,0,0,1,0,3,1,0,4,0,0,0,0,0,0,0,0,,,1,27,45,27,16,2,2,0,0
PIT189905040,box,1899-05-04,0,PIT05,R,1,PIT,LS3,1,0,1,0,1,,37,3,7,7,0,0,0,,2,,0,0,0,0,0,0,0,0,0,0,4,1,1,1,0,0,0,0,1,0,30,43,34,4,4,10,14,0,2,0,0,5,0,2,0,2,2,0,0,0,0,0,0,0,0,,,1,30,47,30,17,0,0,0,0
PIT189905050,box,1899-05-05,0,PIT05,R,1,PIT,LS3,1,1,0,0,1,,40,7,11,16,2,0,1,,6,,1,,2,,0,1,0,0,,0,8,1,1,1,0,0,0,1,0,0,27,40,33,5,5,10,13,1,1,0,0,4,,1,,0,3,0,0,0,0,0,0,0,0,,,1,27,43,26,16,1,0,0,0
PIT189905060,box,1899-05-06,0,PIT05,R,1,PIT,LS3,1,1,0,0,1,,49,10,20,27,3,2,0,,7,,2,0,2,0,0,3,0,4,1,0,11,1,1,1,0,0,0,1,0,0,33,48,41,5,5,11,14,1,1,0,0,1,0,3,0,2,3,0,0,0,1,0,0,0,0,,,1,33,52,33,18,1,0,0,1
PIT189905080,box,1899-05-08,0,PIT05,R,1,PIT,LS3,1,1,0,0,1,,36,8,15,19,2,1,0,,8,,6,0,2,0,1,2,0,0,1,0,10,1,1,0,0,0,1,1,0,1,27,42,34,5,4,8,13,0,1,1,0,7,0,2,0,1,0,0,0,1,0,0,0,0,0,,,1,27,45,27,16,2,0,0,1
PIT189905090,box,1899-05-09,0,PIT05,R,1,PIT,CIN,1,0,1,0,1,,34,2,8,9,1,0,0,,2,,3,0,2,0,0,0,0,2,0,0,8,1,1,1,0,0,0,0,1,0,27,37,32,5,2,9,11,0,1,0,0,3,0,0,1,0,2,0,0,0,0,0,0,0,0,,,1,27,46,27,17,2,1,0,0
PIT189905100,box,1899-05-10,0,PIT05,R,1,PIT,CIN,1,0,1,0,1,,38,5,11,14,1,1,0,,5,,1,0,1,0,1,1,0,1,0,0,9,1,1,1,0,0,0,0,1,0,27,47,43,11,5,13,14,1,0,0,0,1,0,3,0,1,2,0,0,0,0,0,0,0,0,,,1,27,51,27,17,7,0,0,1
PIT189905110,box,1899-05-11,0,PIT05,R,1,PIT,CIN,1,0,1,0,1,,28,0,3,5,0,1,0,,0,,3,0,,0,0,1,0,1,0,0,5,1,1,1,0,0,0,0,1,0,27,30,30,1,1,4,7,1,1,0,0,0,0,4,0,0,0,0,0,0,0,0,0,0,0,,,1,27,39,27,11,1,0,0,0
PIT189905120,box,1899-05-12,0,PIT05,R,1,PIT,CIN,1,0,1,0,1,,34,1,7,9,2,0,0,,1,,1,,3,,0,0,0,2,,0,7,1,1,0,0,0,1,0,1,0,27,37,32,5,3,8,10,0,1,0,0,3,,3,,0,2,0,0,0,0,0,0,0,0,,,1,27,45,27,13,5,0,0,1
PIT189905130,box,1899-05-13,0,PIT05,R,1,PIT,CL4,1,1,0,0,1,,37,6,12,16,0,2,0,,4,,2,,2,,0,0,0,4,,0,9,1,1,1,1,0,0,1,0,0,27,33,31,0,0,3,4,1,0,0,0,1,,2,,1,0,0,0,0,0,0,0,0,0,,,1,27,50,27,21,2,0,0,0
PIT189905150,box,1899-05-15,0,PIT05,R,1,PIT,CHN,1,0,1,0,1,,36,3,8,10,0,1,0,,2,,1,0,3,2,1,1,0,2,0,0,6,1,1,1,0,0,0,0,1,0,30,41,39,4,3,7,12,1,2,0,0,2,0,5,0,0,0,0,0,0,0,0,0,0,0,,,1,30,44,30,12,2,0,0,0
PIT189905160,box,1899-05-16,0,PIT05,R,1,PIT,CHN,1,0,1,0,1,,37,9,10,16,0,3,0,,7,,8,0,4,0,0,0,0,2,1,0,9,1,1,0,0,0,1,0,1,0,27,43,39,10,6,14,18,1,0,1,0,3,0,3,1,0,1,0,0,1,0,0,0,0,0,,,1,27,44,27,13,4,2,0,0
PIT189905170,box,1899-05-17,0,PIT05,R,1,PIT,CHN,1,1,0,0,1,,32,11,15,17,2,0,0,,10,,5,0,,0,0,2,0,1,2,0,7,1,1,1,0,0,0,1,0,0,24,29,27,1,1,2,2,0,0,0,0,1,0,,0,1,0,0,0,0,0,0,0,0,0,,,1,24,30,24,5,1,0,0,0
WSN189905191,box,1899-05-19,1,WAS06,R,0,PIT,WSN,1,1,0,0,1,,37,11,12,17,2,0,1,,9,,2,,1,,1,3,0,3,,0,5,1,1,1,0,0,0,1,0,0,27,41,39,4,4,12,14,2,0,0,0,1,,2,,0,1,0,0,0,0,0,0,0,0,,,1,27,48,27,17,4,1,0,0
WSN189905192,box,1899-05-19,2,WAS06,R,0,PIT,WSN,1,0,1,0,1,,34,2,7,9,2,0,0,,1,,3,,,,0,0,0,1,,0,8,1,1,0,0,0,1,0,1,0,27,44,38,10,4,11,18,2,1,1,0,4,,2,,0,0,0,0,1,2,0,0,0,0,,,1,27,46,27,15,4,1,0,0
PIT189905200,box,1899-05-20,0,PIT05,R,1,PIT,WSN,1,0,1,0,1,,35,6,10,16,2,2,0,,5,,5,0,7,0,1,0,0,3,0,0,8,1,1,1,0,0,0,0,1,0,27,40,37,7,7,10,11,1,0,0,0,1,0,2,0,1,1,0,0,0,0,0,0,0,0,,,1,27,48,27,17,4,0,0,1
PIT189905220,box,1899-05-22,0,PIT05,R,1,PIT,BLN,1,1,0,0,1,,37,9,14,26,3,3,1,,8,,3,,0,,2,0,0,0,,0,9,1,1,1,0,0,0,1,0,0,27,41,38,4,4,14,16,2,0,0,0,3,,3,,0,0,0,0,0,0,0,0,0,0,,,1,27,41,27,14,0,0,0,0
PIT189905230,box,1899-05-23,0,PIT05,R,1,PIT,BLN,1,0,1,0,1,,37,2,11,15,4,0,0,,2,,2,,2,,0,0,0,1,,0,10,1,1,0,0,0,1,0,1,0,27,41,38,8,7,13,20,2,1,1,0,3,,1,,0,0,0,0,0,0,0,0,0,0,,,1,27,48,27,15,6,0,0,0
PIT189905240,box,1899-05-24,0,PIT05,R,1,PIT,BLN,1,0,1,0,1,,46,6,16,19,1,1,0,,5,,2,,2,,1,6,0,0,,0,13,1,1,1,0,0,0,0,1,0,36,51,46,7,7,13,16,1,1,0,0,4,,5,,1,0,0,0,0,0,0,0,0,0,,,1,36,50,36,12,2,1,0,1
PIT189905250,box,1899-05-25,0,PIT05,R,1,PIT,PHI,1,0,1,0,1,,39,5,10,18,2,3,0,,5,,2,0,1,0,1,1,0,0,0,0,8,1,1,1,0,0,0,0,1,0,30,42,39,6,1,11,14,1,1,0,0,1,0,1,0,1,1,0,0,0,0,0,0,0,0,,,1,30,47,30,15,2,1,0,1
PIT189905260,box,1899-05-26,0,PIT05,R,1,PIT,PHI,1,1,0,0,1,,36,7,14,20,2,2,0,,7,,4,,0,,1,1,0,3,,0,11,1,1,0,0,0,1,1,0,1,27,39,34,5,3,7,8,1,0,0,0,3,,1,,1,1,0,0,0,0,0,0,0,0,,,1,27,45,27,16,2,0,0,0
PIT189905301,box,1899-05-30,1,PIT05,R,1,PIT,WSN,1,1,0,0,1,,39,4,11,13,2,0,0,,4,,2,,2,,2,1,0,4,,0,12,1,1,1,0,0,0,1,0,0,30,39,36,3,2,9,13,2,1,0,0,2,,,,0,1,0,0,0,0,0,0,0,0,,,1,30,51,30,20,1,1,0,0
PIT189905302,box,1899-05-30,2,PIT05,R,1,PIT,WSN,1,1,0,0,1,,31,5,10,13,1,1,0,,5,,5,,4,,0,1,0,2,,0,8,1,1,1,0,0,0,1,0,0,27,39,37,4,2,8,10,2,0,0,0,2,,5,,0,0,0,0,0,0,0,0,0,0,,,1,27,47,27,16,4,0,0,0
WSN189905310,box,1899-05-31,0,WAS06,R,0,PIT,WSN,1,1,0,0,1,,33,5,10,18,2,3,0,,5,,1,0,2,0,0,0,0,0,1,0,5,1,1,1,0,0,0,1,0,0,27,33,31,1,1,4,7,0,0,1,0,2,0,1,1,0,0,0,0,0,0,0,0,0,0,,,1,27,43,27,15,1,1,0,0
WSN189906010,box,1899-06-01,0,WAS06,R,0,PIT,WSN,1,1,0,0,1,,35,11,14,24,0,5,0,,10,,5,,1,,1,1,0,0,,0,7,1,1,0,0,0,1,1,0,1,24,43,39,10,7,14,18,4,0,0,0,4,,1,,0,0,0,0,1,0,0,0,0,0,,,1,24,38,24,12,2,2,0,0
PHI189906020,box,1899-06-02,0,PHI09,R,0,PIT,PHI,1,0,1,0,1,,34,3,9,10,1,0,0,,3,,2,0,2,0,2,1,0,0,1,0,9,1,1,1,0,0,0,0,1,0,25,40,34,4,4,10,16,3,0,1,0,3,0,0,0,1,2,0,0,0,0,0,0,0,0,,,1,25,42,25,15,2,0,0,0
PHI189906030,box,1899-06-03,0,PHI09,R,0,PIT,PHI,1,1,0,0,1,,44,15,14,20,4,1,0,,10,,6,0,,1,1,0,0,1,0,0,9,1,1,1,0,0,0,1,0,0,27,35,31,3,1,4,5,1,0,0,0,3,0,,1,1,0,0,0,0,0,0,0,0,0,,,1,27,41,27,11,3,1,0,0
PHI189906050,box,1899-06-05,0,PHI09,R,0,PIT,PHI,1,0,1,0,1,,36,3,9,12,1,1,0,,3,,3,0,,0,2,0,0,0,1,0,11,1,1,0,0,0,1,0,1,0,24,42,37,13,8,15,22,4,0,1,0,2,0,,0,1,2,0,0,1,0,0,0,0,0,,,1,24,44,24,17,3,0,0,0
BLN189906060,box,1899-06-06,0,BAL07,R,0,PIT,BLN,1,0,1,0,1,,37,3,7,9,0,1,0,,3,,1,0,7,0,0,1,0,0,0,0,9,1,1,1,0,0,0,0,1,0,24,38,36,6,6,14,15,1,0,0,0,2,0,0,2,0,0,0,0,0,0,0,0,0,0,,,1,24,41,24,17,0,2,0,0
BLN189906070,box,1899-06-07,0,BAL07,R,0,PIT,BLN,1,0,1,0,1,,36,2,8,8,0,0,0,,1,,0,0,0,0,0,0,0,0,0,0,7,1,1,1,0,0,0,0,1,0,24,35,30,6,4,9,9,0,0,0,0,3,0,2,0,0,2,0,0,0,0,0,0,0,0,,,1,24,44,24,18,2,0,0,0
BLN189906080,box,1899-06-08,0,BAL07,R,0,PIT,BLN,1,0,1,0,1,,39,5,10,12,2,0,0,,5,,2,0,3,0,0,0,0,1,0,0,9,1,1,0,0,0,1,0,1,0,24,40,35,11,9,15,25,3,2,1,0,3,0,0,0,0,1,0,0,0,1,0,0,0,0,,,1,24,40,24,13,3,1,0,0
PIT189906101,box,1899-06-10,1,PIT05,R,1,PIT,LS3,1,1,0,0,1,,34,6,14,20,4,1,0,,6,,2,,2,,1,0,0,0,,0,7,1,1,1,0,0,0,1,0,0,27,38,35,1,0,6,6,0,0,0,0,3,,4,,0,0,0,0,0,0,0,0,0,0,,,1,27,45,27,13,5,0,0,0
PIT189906102,box,1899-06-10,2,PIT05,R,1,PIT,LS3,1,1,0,0,1,,34,5,7,8,1,0,0,,4,,2,,3,,0,0,0,2,,0,7,1,1,1,0,0,0,1,0,0,27,38,37,4,4,12,12,0,0,0,0,1,,5,,0,0,0,0,0,0,0,0,0,0,,,1,27,40,27,11,2,0,0,0
CL4189906120,box,1899-06-12,0,CLE05,R,0,PIT,CL4,1,1,0,0,1,,34,5,11,11,0,0,0,,4,,2,,2,,0,4,0,2,,0,8,1,1,0,0,0,1,1,0,0,27,37,33,3,1,10,11,1,0,0,0,4,,,,0,0,0,0,0,0,0,0,0,0,,,1,27,43,27,15,1,1,0,0
CL4189906130,box,1899-06-13,0,CLE05,R,0,PIT,CL4,1,1,0,0,1,,38,10,10,10,0,0,0,,6,,6,,1,,0,0,0,4,,0,7,1,1,1,0,0,0,1,0,0,27,41,39,6,6,13,18,2,0,1,0,2,,1,,0,0,0,0,0,0,0,0,0,0,,,1,27,40,27,12,1,0,0,0
CL4189906140,box,1899-06-14,0,CLE05,R,0,PIT,CL4,1,1,0,0,1,,37,10,16,21,1,2,0,,10,,3,0,,0,0,1,0,1,0,0,7,1,1,1,0,0,0,1,0,0,27,36,34,1,1,6,7,1,0,0,0,1,0,,0,1,0,0,0,0,0,0,0,0,0,,,1,27,41,27,13,1,0,0,0
CL4189906150,box,1899-06-15,0,CLE05,R,0,PIT,CL4,1,0,1,0,1,,32,2,7,11,4,0,0,,2,,2,0,3,1,0,0,0,0,1,0,5,1,1,1,0,0,0,0,1,0,24,34,32,6,2,9,9,0,0,0,0,2,0,3,0,0,0,0,0,0,0,0,0,0,0,,,1,24,35,24,8,3,2,0,1
PIT189906170,box,1899-06-17,0,PIT05,R,1,PIT,CL4,1,1,0,0,1,,29,3,10,12,2,0,0,,3,,2,,0,,1,1,0,0,,0,5,1,1,1,0,0,0,1,0,0,27,36,32,2,1,5,5,0,0,0,0,2,,3,,2,0,0,0,1,0,0,0,0,0,,,1,27,46,27,17,2,0,0,0
PIT189906190,box,1899-06-19,0,PIT05,R,1,PIT,NY1,1,1,0,0,1,,31,5,6,10,1,0,1,,5,,2,0,5,0,0,0,0,2,0,0,4,1,1,1,1,0,0,1,0,0,27,31,31,0,0,5,5,0,0,0,0,0,0,3,0,0,0,0,0,0,0,0,0,0,0,,,1,27,44,27,17,0,0,0,0
PIT189906200,box,1899-06-20,0,PIT05,R,1,PIT,NY1,1,0,1,0,1,,37,2,8,8,0,0,0,,0,,7,0,,0,0,1,0,3,2,0,13,1,1,1,0,0,0,0,1,0,30,40,39,4,3,9,15,2,2,0,0,1,0,1,0,0,0,0,0,0,0,0,0,0,0,,,1,30,51,30,20,1,0,0,0
PIT189906210,box,1899-06-21,0,PIT05,R,1,PIT,NY1,1,0,1,0,1,,31,2,5,11,0,3,0,,2,,0,0,1,0,2,1,0,1,0,0,5,1,1,0,0,0,1,0,1,0,27,40,34,5,4,10,12,2,0,0,0,5,0,4,0,1,0,0,0,0,0,0,0,0,0,,,1,27,48,27,18,3,0,0,0
PIT189906220,box,1899-06-22,0,PIT05,R,1,PIT,NY1,1,0,1,0,1,,31,6,5,8,3,0,0,,4,,4,0,4,0,0,2,0,1,1,0,4,1,1,0,0,0,1,0,1,0,27,42,39,11,10,15,23,2,3,0,0,2,0,1,1,1,0,0,0,0,0,0,0,0,0,,,1,27,47,27,18,2,1,0,0
PIT189906230,box,1899-06-23,0,PIT05,R,1,PIT,BSN,1,0,1,0,1,,37,2,8,11,1,1,0,,2,,1,,3,,0,1,0,1,,0,10,1,1,1,0,0,0,0,1,0,27,38,38,4,4,12,12,0,0,0,0,0,0,0,,0,0,0,0,0,0,0,0,0,0,,,1,27,46,27,15,4,2,0,0
PIT189906261,box,1899-06-26,1,PIT05,R,1,PIT,BSN,1,0,1,0,1,,44,10,17,22,3,1,0,,10,,5,,2,,1,1,0,0,,0,14,1,1,0,0,0,1,0,1,0,27,45,42,12,8,15,19,0,2,0,0,3,,5,,0,0,0,0,0,0,0,0,0,0,,,1,27,39,27,8,4,1,0,0
PIT189906262,box,1899-06-26,2,PIT05,R,1,PIT,BSN,1,1,0,0,1,,37,8,13,20,5,1,0,,8,,3,,2,,0,2,0,3,,0,10,1,1,1,0,0,0,1,0,0,27,33,32,1,1,5,5,0,0,0,0,1,,4,,0,0,0,0,0,0,0,0,0,0,,,1,27,40,27,11,2,1,0,0
PIT189906270,box,1899-06-27,0,PIT05,R,1,PIT,BSN,1,1,0,0,1,,36,4,8,15,0,2,1,,4,,1,,0,,1,0,0,2,,0,5,1,1,1,0,0,0,1,0,0,30,42,39,3,1,11,12,1,0,0,0,1,,2,,0,2,0,0,0,0,0,0,0,0,,,1,30,54,30,20,4,2,0,0
PIT189906280,box,1899-06-28,0,PIT05,R,1,PIT,BRO,1,1,0,0,1,,34,9,11,16,2,0,1,,7,,1,0,1,0,1,3,0,0,1,0,6,1,1,1,0,0,0,1,0,0,27,35,30,1,1,5,6,1,0,0,0,4,0,2,0,0,1,0,0,0,0,0,0,0,0,,,1,27,36,27,9,0,1,0,0
PIT189906290,box,1899-06-29,0,PIT05,R,1,PIT,BRO,1,1,0,0,1,,34,9,13,21,1,2,1,,9,,4,,,,1,2,0,3,,0,8,1,1,0,0,0,1,1,0,0,27,41,35,5,5,10,12,2,0,0,0,5,,,,0,1,0,0,0,0,0,0,0,0,,,1,27,40,27,12,1,1,0,0
PIT189906300,box,1899-06-30,0,PIT05,R,1,PIT,BRO,1,1,0,0,1,,38,11,16,28,4,4,0,,11,,2,0,,1,0,0,0,1,2,0,5,1,1,0,0,0,1,1,0,0,27,45,37,10,9,13,16,1,1,0,0,4,0,,1,2,1,0,0,0,1,0,0,0,0,,,1,27,42,27,12,3,1,0,1
PIT189907010,box,1899-07-01,0,PIT05,R,1,PIT,BRO,1,1,0,0,1,,27,3,5,6,1,0,0,,2,,5,0,,0,0,1,0,2,0,0,6,1,1,1,0,0,0,1,0,0,27,36,29,2,2,6,7,1,0,0,0,5,0,,0,1,1,0,0,1,0,0,0,0,0,,,1,27,38,27,11,0,1,0,0
PIT189907030,box,1899-07-03,0,PIT05,R,1,PIT,CL4,1,1,0,0,1,,36,7,12,16,1,0,1,,7,,3,,,,0,0,0,5,,0,8,1,1,1,0,0,0,1,0,0,27,36,36,1,1,6,7,1,0,0,0,0,0,,,0,0,0,0,0,0,0,0,0,0,,,1,27,49,27,18,4,1,0,0
PIT189907041,box,1899-07-04,1,PIT05,R,1,PIT,CL4,1,1,0,0,1,,38,4,13,16,3,0,0,,4,,2,,2,,0,2,0,1,,0,9,1,1,1,0,0,0,1,0,0,30,39,39,3,2,9,11,0,1,0,0,0,0,1,,0,0,0,0,0,0,0,0,0,0,,,1,30,47,30,16,1,0,0,0
PIT189907042,box,1899-07-04,2,PIT05,R,1,PIT,CL4,1,1,0,0,1,,47,7,15,18,3,0,0,,6,,4,,3,,2,4,0,2,,0,14,1,1,0,0,0,1,1,0,0,39,50,48,6,5,11,15,0,2,0,0,2,,2,,0,0,0,0,0,0,0,0,0,0,,,1,39,63,39,20,4,0,0,0
PIT189907050,box,1899-07-05,0,PIT05,R,1,PIT,CHN,1,0,1,0,1,,37,3,9,10,1,0,0,,2,,1,,2,,1,0,0,2,,0,9,1,1,0,0,0,1,0,1,0,27,41,36,6,4,13,18,0,1,1,0,3,,3,,1,1,0,0,0,0,0,0,0,0,,,1,27,42,27,13,2,0,0,1
PIT189907060,box,1899-07-06,0,PIT05,R,1,PIT,CHN,1,0,1,0,1,,40,8,14,17,1,1,0,,7,,3,,3,,1,0,0,1,,0,9,1,1,1,0,0,0,0,1,0,27,44,38,11,11,17,23,2,2,0,0,5,,1,,0,1,0,0,0,0,0,0,0,0,,,1,27,54,27,21,6,2,0,0
PIT189907070,box,1899-07-07,0,PIT05,R,1,PIT,CHN,1,1,0,0,1,,33,7,12,15,1,1,0,,6,,0,0,2,,0,2,0,1,,0,4,1,1,0,0,0,1,1,0,1,27,39,38,6,2,12,17,0,1,1,0,1,,2,,0,0,0,0,0,0,0,0,0,0,,,1,27,43,27,12,4,1,0,0
PIT189907080,box,1899-07-08,0,PIT05,R,1,PIT,CHN,1,1,0,0,1,,33,6,10,13,1,1,0,,6,,3,,1,,0,0,0,1,,0,6,1,1,1,1,0,0,1,0,0,27,36,33,0,0,4,5,1,0,0,0,3,,4,,0,0,0,0,0,0,0,0,0,0,,,1,27,41,27,11,3,0,0,1
PIT189907100,box,1899-07-10,0,PIT05,R,1,PIT,CIN,1,0,1,0,1,,34,3,6,11,1,2,0,,2,,3,0,,0,0,0,0,2,0,0,8,1,1,1,0,0,0,0,1,0,27,38,31,4,4,9,12,1,1,0,0,5,0,,1,1,1,0,0,0,0,0,0,0,0,,,1,27,45,27,17,1,1,0,1
NY1189907110,box,1899-07-11,0,NYC10,R,0,PIT,NY1,1,0,1,0,1,,35,8,9,12,1,1,0,,8,,2,0,3,0,0,1,0,2,1,0,3,1,1,0,0,0,1,0,1,0,24,43,35,11,8,13,16,3,0,0,0,7,0,1,1,1,0,0,0,0,0,0,0,0,0,,,1,24,44,24,15,5,1,0,0
NY1189907120,box,1899-07-12,0,NYC10,R,0,PIT,NY1,1,0,1,0,1,,36,1,8,9,1,0,0,,0,,0,0,1,1,1,0,0,0,0,0,9,1,1,1,0,0,0,0,1,0,24,32,31,4,2,6,10,4,0,0,0,1,0,2,0,0,0,0,0,1,0,0,0,0,0,,,1,24,35,24,9,2,0,0,0
NY1189907130,box,1899-07-13,0,NYC10,R,0,PIT,NY1,1,1,0,0,1,,38,9,14,19,3,1,0,,6,,5,0,4,0,1,1,0,2,1,0,9,1,1,1,0,0,0,1,0,0,27,39,37,5,4,12,14,0,1,0,0,1,0,3,1,0,1,0,0,0,0,0,0,0,0,,,1,27,43,27,13,3,1,0,0
BSN189907140,box,1899-07-14,0,BOS05,R,0,PIT,BSN,1,0,1,0,1,,27,0,1,1,0,0,0,,0,,2,0,1,0,0,0,0,1,1,0,2,1,1,1,0,0,0,0,1,0,24,31,26,2,0,4,4,0,0,0,0,3,0,2,0,0,2,0,0,0,0,0,0,0,0,,,1,24,39,24,14,1,0,0,0
BSN189907150,box,1899-07-15,0,BOS05,R,0,PIT,BSN,1,0,1,0,1,,37,0,6,6,0,0,0,,0,,3,0,,0,2,0,0,0,3,0,9,1,1,1,0,0,0,0,1,0,32,40,36,1,1,6,8,2,0,0,0,0,0,,0,1,3,0,0,0,0,0,0,0,0,,,1,32,57,32,21,4,2,0,0
BSN189907170,box,1899-07-17,0,BOS05,R,0,PIT,BSN,1,0,1,0,1,,39,5,12,12,0,0,0,,3,,3,0,,0,1,0,0,2,0,0,11,1,1,0,0,0,1,0,1,0,24,40,29,9,5,8,12,1,0,1,0,8,0,,0,0,3,0,0,0,0,0,0,0,0,,,1,24,41,24,14,3,0,0,0
BRO189907180,box,1899-07-18,0,NYC12,R,0,PIT,BRO,1,1,0,0,1,,35,8,10,11,1,0,0,,6,,2,0,2,0,1,1,0,2,2,0,4,1,1,1,0,0,0,1,0,0,27,36,34,2,2,5,7,2,0,0,0,2,0,1,0,0,0,0,0,0,0,0,0,0,0,,,1,27,40,26,12,2,0,0,1
BRO189907190,box,1899-07-19,0,NYC12,R,0,PIT,BRO,1,0,1,0,1,,33,1,8,10,2,0,0,,1,,4,0,1,1,0,0,0,0,1,0,9,1,1,1,0,0,0,0,1,0,24,37,35,4,4,10,13,1,1,0,0,1,0,0,0,1,0,0,0,0,0,0,0,0,0,,,1,24,48,24,19,5,0,0,1
BRO189907200,box,1899-07-20,0,NYC12,R,0,PIT,BRO,1,0,1,0,1,,38,2,11,12,1,0,0,,2,,3,0,,0,0,1,0,2,0,0,13,1,1,1,0,0,0,0,1,0,24,35,31,9,6,11,13,2,0,0,0,3,0,,2,0,1,0,0,0,0,0,0,0,0,,,1,24,45,24,15,6,3,0,0
PIT189907210,box,1899-07-21,0,PIT05,R,1,PIT,PHI,1,1,0,0,1,,35,6,11,17,2,2,0,,4,,2,,2,,0,0,0,1,,0,7,1,1,1,0,0,0,1,0,0,27,39,36,3,2,9,9,0,0,0,0,2,,1,,0,1,0,0,0,0,0,0,0,0,,,1,27,43,27,14,2,0,0,0
PIT189907220,box,1899-07-22,0,PIT05,R,1,PIT,PHI,1,1,0,0,1,,40,18,19,26,1,3,0,,10,,5,,1,,0,4,0,2,,0,7,1,1,1,0,0,0,1,0,0,27,39,38,4,1,11,13,0,1,0,0,1,,3,,0,0,0,0,0,0,0,0,0,0,,,1,27,49,27,18,4,1,0,0
PIT189907241,box,1899-07-24,1,PIT05,R,1,PIT,PHI,1,1,0,0,1,,36,9,12,20,1,2,1,,8,,3,,3,,0,0,0,0,,0,6,1,1,1,0,0,0,1,0,0,27,41,35,8,8,9,11,2,0,0,0,5,,4,,0,1,0,0,0,0,0,0,0,0,,,1,27,42,27,14,1,0,0,0
PIT189907242,box,1899-07-24,2,PIT05,R,1,PIT,PHI,1,1,0,0,1,,30,5,7,10,1,1,0,,4,,5,,0,,2,0,0,0,,0,6,1,1,1,0,0,0,1,0,0,27,38,32,4,4,10,15,1,2,0,0,4,,2,,1,1,0,0,1,0,0,0,0,0,,,1,27,43,27,15,1,0,0,1
PIT189907250,box,1899-07-25,0,PIT05,R,1,PIT,PHI,1,1,0,0,1,,40,15,15,20,0,1,1,,9,,4,,3,,0,1,0,2,,0,6,1,1,0,0,0,1,1,0,0,27,53,42,12,7,13,18,1,2,0,0,10,,3,,0,1,0,0,0,0,0,0,0,0,,,1,27,41,27,10,4,0,0,0
PIT189907260,box,1899-07-26,0,PIT05,R,1,PIT,WSN,1,1,0,0,1,,39,8,15,19,0,2,0,,7,,2,,1,,0,0,0,0,,0,9,1,1,1,0,0,0,1,0,0,27,35,31,1,0,5,5,0,0,0,0,2,,2,,0,2,0,0,0,0,0,0,0,0,,,1,27,40,27,10,3,1,0,0
PIT189907281,box,1899-07-28,1,PIT05,R,1,PIT,WSN,1,0,1,0,1,,34,1,7,7,0,0,0,,1,,3,,0,,0,0,0,4,,0,9,1,1,1,0,0,0,0,1,0,27,36,34,4,4,9,12,1,1,0,0,0,0,2,,2,0,0,0,0,0,0,0,0,0,,,1,27,44,27,16,1,1,0,0
PIT189907282,box,1899-07-28,2,PIT05,R,1,PIT,WSN,1,1,0,0,1,,33,6,9,11,0,1,0,,4,,0,0,1,,0,0,0,2,,0,3,1,1,1,0,0,0,1,0,0,27,38,37,5,4,11,15,0,2,0,0,0,0,3,,0,1,0,0,0,0,0,0,0,0,,,1,27,46,27,15,4,2,0,0
PIT189907290,box,1899-07-29,0,PIT05,R,1,PIT,WSN,1,1,0,0,1,,41,6,9,12,1,1,0,,6,,2,,1,,0,0,0,0,,0,5,1,1,0,0,0,1,1,0,0,33,45,41,5,4,10,12,2,0,0,0,1,,6,,2,1,0,0,0,0,0,0,0,0,,,1,33,53,33,18,2,0,0,0
PIT189907310,box,1899-07-31,0,PIT05,R,1,PIT,BLN,1,1,0,0,1,,34,7,11,15,2,1,0,,6,,3,,3,,0,1,0,1,,0,7,1,1,1,0,0,0,1,0,0,27,39,34,3,1,8,8,0,0,0,0,5,,,,0,0,0,0,1,0,0,0,0,0,,,1,27,41,27,12,2,1,0,0
PIT189908010,box,1899-08-01,0,PIT05,R,1,PIT,BLN,1,1,0,0,1,,38,9,15,19,2,1,0,,8,,3,,2,,0,0,0,1,,0,8,1,1,1,0,0,0,1,0,0,27,42,42,2,2,17,19,0,1,0,0,0,0,2,,0,0,0,0,0,0,0,0,0,0,,,1,27,41,27,12,2,0,0,0
PIT189908020,box,1899-08-02,0,PIT05,R,1,PIT,BLN,1,0,1,0,1,,35,3,10,14,0,2,0,,3,,0,0,3,,0,3,0,0,,0,8,1,1,1,0,0,0,0,1,0,27,40,34,6,5,9,9,0,0,0,0,4,,1,,2,0,0,0,1,0,0,0,0,0,,,1,27,52,27,19,6,0,0,0
PIT189908030,box,1899-08-03,0,PIT05,R,1,PIT,BLN,1,0,1,0,1,,34,4,8,10,2,0,0,,4,,3,,2,,0,0,0,1,,0,6,1,1,0,0,0,1,0,1,0,27,36,33,5,4,9,13,0,2,0,0,3,,4,,0,0,0,0,0,0,0,0,0,0,,,1,27,42,27,11,4,0,0,0
PIT189908050,box,1899-08-05,0,PIT05,R,1,PIT,SLN,1,1,0,0,1,,29,4,7,7,0,0,0,,2,,1,0,2,0,0,0,0,2,1,0,5,1,1,1,1,0,0,1,0,0,24,30,29,0,0,4,5,1,0,0,0,0,0,0,0,1,0,0,0,0,0,0,0,0,0,,,1,24,37,24,12,1,0,0,0
PIT189908071,box,1899-08-07,1,PIT05,R,1,PIT,SLN,1,0,1,0,1,,38,5,12,13,1,0,0,,5,,1,,2,,2,0,0,0,,0,9,1,1,0,0,0,1,0,1,0,27,50,43,11,9,16,22,2,2,0,0,3,,2,,2,2,0,0,0,0,0,0,0,0,,,1,27,39,27,9,3,0,0,0
PIT189908072,box,1899-08-07,2,PIT05,R,1,PIT,SLN,1,1,0,0,1,,26,3,4,5,1,0,0,,1,,4,,3,,1,2,0,3,,0,6,1,1,1,0,0,0,1,0,0,27,34,29,1,1,5,5,0,0,0,0,4,,4,,0,1,0,0,0,0,0,0,0,0,,,1,27,46,27,18,1,1,0,0
PHI189908080,box,1899-08-08,0,PHI09,R,0,PIT,PHI,1,0,1,0,1,,38,4,12,17,1,2,0,,4,,2,,2,,1,2,0,1,,0,9,1,1,0,0,0,1,0,1,0,27,44,36,5,5,14,15,1,0,0,0,6,,1,,0,1,0,0,0,1,0,0,0,0,,,1,27,43,27,15,1,0,0,0
PHI189908090,box,1899-08-09,0,PHI09,R,0,PIT,PHI,1,0,1,0,1,,44,13,16,27,3,4,0,,11,,4,0,2,0,0,1,0,1,0,0,10,1,1,1,0,0,0,0,1,0,25,49,45,14,12,22,25,3,0,0,0,2,0,2,0,1,1,0,0,0,0,0,0,0,0,,,1,25,42,25,14,3,0,0,0
PHI189908100,box,1899-08-10,0,PHI09,R,0,PIT,PHI,1,0,1,0,1,,31,2,6,7,1,0,0,,1,,3,,,,1,2,0,1,,0,8,1,1,1,0,0,0,0,1,0,24,36,31,3,3,8,11,1,1,0,0,4,,,,1,0,0,0,1,0,0,0,0,0,,,1,24,40,24,15,1,1,0,0
PHI189908110,box,1899-08-11,0,PHI09,R,0,PIT,PHI,1,1,0,0,1,,33,5,8,8,0,0,0,,5,,2,,3,,0,1,0,0,,0,4,1,1,1,1,0,0,1,0,0,27,33,31,0,0,7,8,1,0,0,0,1,,2,,0,1,0,0,0,0,0,0,0,0,,,1,27,38,27,11,0,0,0,0
BLN189908120,box,1899-08-12,0,BAL07,R,0,PIT,BLN,1,0,1,0,1,,35,2,7,7,0,0,0,,2,,0,0,1,,0,1,0,1,,0,7,1,1,1,0,0,0,0,1,0,24,46,35,16,11,15,22,3,2,0,0,6,,2,,2,3,0,0,0,0,0,0,0,0,,,1,24,44,24,16,4,1,0,0
BLN189908140,box,1899-08-14,0,BAL07,R,0,PIT,BLN,1,0,1,0,1,,38,9,15,18,1,1,0,,9,,1,,5,,0,0,0,0,,0,9,1,1,0,0,0,1,0,1,0,18,36,28,14,11,10,13,1,1,0,0,5,,4,,2,1,0,0,0,0,0,0,0,0,,,1,18,34,18,11,5,1,0,0
WSN189908160,box,1899-08-16,0,WAS06,R,0,PIT,WSN,1,1,0,0,1,,35,7,8,10,2,0,0,,7,,2,,2,,1,1,0,1,,0,5,1,1,1,0,0,0,1,0,0,27,37,34,5,4,8,11,1,1,0,0,3,,2,,0,0,0,0,0,0,0,0,0,0,,,1,27,41,27,12,2,0,0,0
WSN189908170,box,1899-08-17,0,WAS06,R,0,PIT,WSN,1,1,0,0,1,,37,5,10,11,1,0,0,,5,,3,,2,,0,0,0,0,,0,8,1,1,1,0,0,0,1,0,0,27,38,34,3,3,11,15,1,0,1,0,2,,1,,2,0,0,0,0,0,0,0,0,0,,,1,27,40,27,13,0,2,0,0
WSN189908180,box,1899-08-18,0,WAS06,R,0,PIT,WSN,1,1,0,0,1,,30,2,8,8,0,0,0,,2,,0,0,3,,1,3,0,0,,0,5,1,1,1,0,0,0,1,0,0,27,32,30,1,0,4,4,0,0,0,0,1,,2,,0,1,0,0,0,0,0,0,0,0,,,1,27,44,27,14,3,0,0,0
PIT189908191,box,1899-08-19,1,PIT05,R,1,PIT,CL4,1,1,0,0,1,,34,11,16,23,3,2,0,,8,,4,,0,,1,2,0,3,,0,6,1,1,1,0,0,0,1,0,0,27,36,34,1,0,9,9,0,0,0,0,1,,2,,1,0,0,0,0,0,0,0,0,0,,,1,27,39,27,11,1,1,0,0
PIT189908192,box,1899-08-19,2,PIT05,R,1,PIT,CL4,1,0,1,0,1,,32,3,7,7,0,0,0,,2,,1,,,,1,2,0,0,,0,6,1,1,0,0,0,1,0,1,0,27,44,41,8,7,15,24,0,3,1,0,1,,,,1,1,0,0,0,0,0,0,0,0,,,1,27,41,27,11,3,0,0,0
CIN189908210,box,1899-08-21,0,CIN05,R,0,PIT,CIN,1,0,1,0,1,,30,1,5,5,0,0,0,,1,,2,,,,0,0,0,0,,0,4,1,1,1,0,0,0,0,1,0,24,36,31,7,2,7,8,1,0,0,0,5,,,,0,0,0,0,0,0,0,0,0,0,,,1,24,40,24,13,3,0,0,1
CIN189908221,box,1899-08-22,1,CIN05,R,0,PIT,CIN,1,0,1,0,1,,40,1,9,9,0,0,0,,1,,2,0,,1,0,1,0,1,1,0,9,1,1,1,0,0,0,0,1,0,31,39,35,2,1,6,6,0,0,0,0,3,0,,0,0,1,0,0,0,0,0,0,0,0,,,1,31,51,31,17,3,1,0,0
CIN189908222,box,1899-08-22,2,CIN05,R,0,PIT,CIN,1,0,0,1,1,,31,4,9,10,1,0,0,,4,,3,0,,0,0,3,0,0,0,0,6,1,1,0,0,0,1,0,0,0,27,39,31,4,0,4,4,0,0,0,0,6,1,,1,0,2,0,0,0,0,0,0,0,0,,,1,27,40,27,8,5,1,0,0
CIN189908231,box,1899-08-23,1,CIN05,R,0,PIT,CIN,1,1,0,0,1,,36,5,12,15,1,1,0,,4,,0,0,,0,0,0,0,0,0,0,4,1,1,1,0,0,0,1,0,0,27,35,30,2,0,5,12,1,3,0,0,3,0,0,0,1,1,0,0,1,0,0,0,0,0,,,1,27,38,27,10,1,0,0,0
CIN189908232,box,1899-08-23,2,CIN05,R,0,PIT,CIN,1,0,1,0,1,,33,3,9,10,1,0,0,,1,,2,0,,1,0,0,0,0,1,0,8,1,1,1,0,0,0,0,1,0,21,32,29,5,5,9,14,1,2,0,0,2,0,,0,1,0,0,0,0,0,0,0,0,0,,,1,21,33,21,11,1,0,0,0
PIT189908240,box,1899-08-24,0,PIT05,R,1,PIT,BSN,1,0,1,0,1,,35,1,6,8,0,1,0,,1,,3,,0,,0,1,0,2,,0,8,1,1,1,0,0,0,0,1,0,30,42,38,3,3,11,14,1,1,0,0,3,,2,,0,1,0,0,0,0,0,0,0,0,,,1,30,46,30,16,0,0,0,0
PIT189908250,box,1899-08-25,0,PIT05,R,1,PIT,BSN,1,1,0,0,1,,35,7,10,18,1,2,1,,7,,0,0,1,0,0,1,0,1,0,0,5,1,1,1,0,0,0,1,0,0,27,39,38,6,4,12,16,0,2,0,0,1,0,3,0,0,0,0,0,0,0,0,0,0,0,,,1,27,35,27,7,1,0,0,0
PIT189908280,box,1899-08-28,0,PIT05,R,1,PIT,BRO,1,0,1,0,1,,42,4,13,15,2,0,0,,4,,4,0,1,0,1,0,0,0,0,0,13,1,1,1,0,0,0,0,1,0,30,48,43,7,6,17,21,2,1,0,0,2,0,1,1,3,0,0,0,0,0,0,0,0,0,,,1,30,44,30,13,1,1,0,0
PIT189908290,box,1899-08-29,0,PIT05,R,1,PIT,BRO,1,0,1,0,1,,35,3,8,11,3,0,0,,3,,2,0,5,0,1,1,0,5,0,0,9,1,1,1,0,0,0,0,1,0,27,44,37,6,3,10,19,1,4,0,0,7,0,1,0,0,0,0,0,0,0,0,0,0,0,,,1,27,46,27,14,5,0,0,0
PIT189908300,box,1899-08-30,0,PIT05,R,1,PIT,BRO,1,1,0,0,1,,31,4,8,8,0,0,0,,4,,1,0,0,1,0,0,0,0,0,0,4,1,1,1,0,0,0,1,0,0,27,39,31,3,2,8,12,2,1,0,0,5,0,1,2,2,1,0,0,0,0,0,0,0,0,,,1,27,42,27,14,1,2,0,2
PIT189908310,box,1899-08-31,0,PIT05,R,1,PIT,NY1,1,1,0,0,1,,33,8,14,19,1,2,0,,7,,3,0,4,2,1,0,0,2,2,0,5,1,1,1,0,0,0,1,0,0,27,39,36,7,6,14,19,2,0,1,0,2,0,3,1,1,0,0,0,0,0,0,0,0,0,,,1,27,40,27,11,2,3,0,0
PIT189909021,box,1899-09-02,1,PIT05,R,1,PIT,NY1,1,1,0,0,1,,35,7,10,10,0,0,0,,6,,6,0,5,0,1,0,0,2,0,0,11,1,1,1,0,0,0,1,0,0,27,32,29,1,0,6,8,0,1,0,0,2,0,3,2,1,0,0,0,0,0,0,0,0,0,,,1,27,43,27,15,1,3,0,0
PIT189909022,box,1899-09-02,2,PIT05,R,1,PIT,NY1,1,1,0,0,1,,30,4,9,9,0,0,0,,2,,3,,,,1,3,0,4,,0,9,1,1,1,1,0,0,1,0,0,27,32,30,0,0,4,4,0,0,0,0,2,,0,,0,0,0,0,0,0,0,0,0,0,,,1,27,36,27,9,0,0,0,0
CHN189909041,box,1899-09-04,1,CHI08,R,0,PIT,CHN,1,1,0,0,1,,36,7,12,15,3,0,0,,6,,1,,2,,1,3,0,1,,0,7,1,1,1,0,0,0,1,0,0,27,38,35,2,1,10,12,2,0,0,0,2,,1,,0,1,0,0,0,0,0,0,0,0,,,1,27,45,27,16,2,0,0,0
CHN189909042,box,1899-09-04,2,CHI08,R,0,PIT,CHN,1,0,0,1,1,,36,4,9,14,1,2,0,,4,,3,,0,,0,1,0,2,,0,9,1,1,1,0,0,0,0,0,0,27,40,34,4,4,12,15,1,1,0,0,3,,2,,0,3,0,0,0,0,0,0,0,0,,,1,27,41,27,12,2,1,0,0
CHN189909050,box,1899-09-05,0,CHI08,R,0,PIT,CHN,1,0,1,0,1,,38,7,13,22,1,1,2,,4,,4,,3,,0,1,0,0,,0,9,1,1,1,0,0,0,0,1,0,24,44,37,13,8,18,21,1,1,0,0,3,,2,,0,3,0,0,0,1,0,0,0,0,,,1,24,47,24,20,3,1,0,0
CHN189909060,box,1899-09-06,0,CHI08,R,0,PIT,CHN,1,1,0,0,1,,37,5,10,12,0,1,0,,4,,3,,1,,1,1,0,2,,0,10,1,1,1,0,0,0,1,0,0,27,40,36,4,4,11,13,2,0,0,0,3,,1,,1,0,0,0,0,0,0,0,0,0,,,1,27,45,27,17,1,1,0,0
PIT189909070,box,1899-09-07,0,PIT05,R,1,PIT,LS3,1,0,1,0,1,,35,4,11,13,0,1,0,,1,,2,,1,,0,3,0,0,,0,9,1,1,1,0,0,0,0,1,0,27,44,42,7,2,16,16,0,0,0,0,1,,1,,0,1,0,0,0,0,0,0,0,0,,,1,27,46,27,14,5,1,0,0
PIT189909080,box,1899-09-08,0,PIT05,R,1,PIT,LS3,1,0,1,0,1,,34,3,9,13,2,1,0,,3,,2,,1,,1,0,0,2,,0,7,1,1,1,0,0,0,0,1,0,27,40,34,5,5,8,10,0,1,0,0,4,,2,,2,0,0,0,0,0,0,0,0,0,,,1,27,37,27,9,1,0,0,1
PIT189909091,box,1899-09-09,1,PIT05,R,1,PIT,LS3,1,0,1,0,1,,44,10,15,18,0,0,1,,5,,1,,0,,1,0,0,0,,0,9,1,1,0,0,0,1,0,1,0,27,50,37,13,11,14,17,1,1,0,0,10,,3,,0,3,0,0,1,0,0,0,0,0,,,1,27,43,27,14,2,0,0,0
PIT189909092,box,1899-09-09,2,PIT05,R,1,PIT,LS3,1,1,0,0,1,,28,5,7,8,1,0,0,,5,,4,,0,,0,1,0,0,,0,7,1,1,1,0,0,0,1,0,0,24,32,28,1,1,6,10,1,0,1,0,4,,8,,0,0,0,0,0,0,0,0,0,0,,,1,24,32,24,6,2,1,0,0
BRO189909120,box,1899-09-12,0,NYC12,R,0,PIT,BRO,1,0,1,0,1,,39,8,14,18,4,0,0,,8,,3,0,,0,0,0,0,0,0,0,7,1,1,1,0,0,0,0,1,0,24,39,31,11,10,11,17,2,2,0,0,5,0,0,0,0,3,0,0,0,0,0,0,0,0,,,1,24,44,24,16,4,0,0,0
BRO189909130,box,1899-09-13,0,NYC12,R,0,PIT,BRO,1,0,1,0,1,,34,3,9,11,0,1,0,,3,,5,0,3,0,0,1,0,0,0,0,13,1,1,0,0,0,1,0,1,0,24,35,28,4,4,7,8,1,0,0,0,5,0,1,0,0,2,0,0,0,0,0,0,0,0,,,1,24,38,24,13,1,1,0,0
BRO189909141,box,1899-09-14,1,NYC12,R,0,PIT,BRO,1,0,1,0,1,,35,5,10,14,1,0,1,,3,,2,,8,,0,1,0,1,,0,6,1,1,0,0,0,1,0,1,0,24,36,31,7,4,8,12,2,1,0,0,3,,1,,1,1,0,0,1,0,0,0,0,0,,,1,24,37,24,11,2,0,0,0
BRO189909142,box,1899-09-14,2,NYC12,R,0,PIT,BRO,1,0,1,0,1,,25,1,6,7,1,0,0,,1,,3,0,2,1,1,1,0,0,0,0,8,1,1,1,0,0,0,0,1,0,21,31,27,7,6,6,13,0,2,1,0,3,0,4,0,0,1,0,0,1,0,0,0,0,0,,,1,21,31,21,9,1,0,0,1
BSN189909150,box,1899-09-15,0,BOS05,R,0,PIT,BSN,1,0,1,0,1,,34,4,10,16,0,0,2,,4,,0,0,,,0,1,0,4,,0,4,1,1,1,0,0,0,0,1,0,24,38,32,9,4,10,18,0,1,2,0,5,,,,0,1,0,0,1,0,0,0,0,0,,,1,24,42,24,14,4,0,0,0
BSN189909160,box,1899-09-16,0,BOS05,R,0,PIT,BSN,1,0,1,0,1,,37,3,10,10,0,0,0,,3,,6,,2,,0,3,0,0,,0,10,1,1,1,0,0,0,0,1,0,31,48,41,4,2,10,11,1,0,0,0,6,,5,,0,1,0,0,0,0,0,0,0,0,,,1,31,43,31,9,3,0,0,1
BSN189909181,box,1899-09-18,1,BOS05,R,0,PIT,BSN,1,1,0,0,1,,33,7,10,16,0,0,2,,7,,5,,2,,0,1,0,3,,0,5,1,1,1,0,0,0,1,0,0,27,39,33,5,5,8,10,2,0,0,0,3,,0,,0,2,0,0,0,1,0,0,0,0,,,1,27,36,27,9,0,0,0,1
BSN189909182,box,1899-09-18,2,BOS05,R,0,PIT,BSN,1,0,1,0,1,,37,4,12,13,1,0,0,,4,,2,,,,1,0,0,0,,0,12,1,1,0,0,0,1,0,1,0,21,37,32,11,6,12,20,1,2,1,0,4,,,,0,1,0,0,0,0,0,0,0,0,,,1,21,30,21,8,1,0,0,2
BSN189909190,box,1899-09-19,0,BOS05,R,0,PIT,BSN,1,0,1,0,1,,37,5,8,8,0,0,0,,4,,0,0,,,0,0,0,1,,0,5,1,1,1,0,0,0,0,1,0,24,38,36,9,6,14,21,0,2,1,0,1,,,,0,1,0,0,0,0,0,0,0,0,,,1,24,37,24,10,3,1,0,0
NY1189909200,box,1899-09-20,0,NYC10,R,0,PIT,NY1,1,0,1,0,1,,34,1,8,8,0,0,0,,1,,2,0,0,0,0,1,0,0,0,0,9,1,1,1,0,0,0,0,1,0,24,38,33,5,5,15,17,2,0,0,0,3,0,2,1,0,2,0,0,0,0,0,0,0,0,,,1,24,41,24,17,0,1,0,0
NY1189909221,box,1899-09-22,1,NYC10,R,0,PIT,NY1,1,1,0,0,1,,43,11,18,26,4,2,0,,9,,5,0,,0,0,4,0,1,2,0,14,1,1,1,0,0,0,1,0,0,27,37,36,2,0,7,9,0,1,0,0,1,0,6,0,0,0,0,0,0,0,0,0,0,0,,,1,27,42,27,12,3,0,0,0
NY1189909222,box,1899-09-22,2,NYC10,R,0,PIT,NY1,1,1,0,0,1,,21,4,6,7,1,0,0,,3,,1,0,2,0,0,0,0,1,1,0,3,1,1,1,1,0,0,1,0,0,18,21,19,0,0,3,3,0,0,0,0,2,0,3,0,0,0,0,0,0,0,0,0,0,0,,,1,18,30,18,11,1,0,0,0
PIT189909231,box,1899-09-23,1,PIT05,R,1,PIT,CL4,1,1,0,0,1,,29,4,8,9,1,0,0,,4,,1,,,,0,1,0,2,,0,3,1,1,1,0,0,0,1,0,0,27,37,33,1,1,8,8,0,0,0,0,4,,1,,0,0,0,0,0,0,0,0,0,0,,,1,27,47,27,17,3,1,0,0
PIT189909232,box,1899-09-23,2,PIT05,R,1,PIT,CL4,1,1,0,0,1,,32,6,11,12,1,0,0,,4,,2,,0,,2,0,0,2,,0,6,1,1,1,0,0,0,1,0,0,27,38,36,2,1,8,8,0,0,0,0,2,,3,,0,0,0,0,0,0,0,0,0,0,,,1,27,41,27,12,2,2,0,0
CHN189909261,box,1899-09-26,1,CHI08,R,0,PIT,CHN,1,1,0,0,1,,38,5,11,13,2,0,0,,5,,1,0,3,1,0,1,0,1,0,0,8,1,1,1,1,0,0,1,0,0,27,34,31,0,0,5,5,0,0,0,0,3,0,6,1,0,0,0,0,0,0,0,0,0,0,,,1,27,42,27,15,0,1,0,0
CHN189909262,box,1899-09-26,2,CHI08,R,0,PIT,CHN,1,1,0,0,1,,37,12,12,23,3,1,2,,10,,3,,5,,0,1,0,4,,0,5,1,1,1,1,0,0,1,0,0,24,32,30,0,0,4,5,1,0,0,0,2,,1,,0,0,0,0,0,0,0,0,0,0,,,1,24,36,24,10,2,0,0,0
CHN189909271,box,1899-09-27,1,CHI08,R,0,PIT,CHN,1,0,1,0,1,,33,1,7,7,0,0,0,,1,,1,,0,,0,0,0,0,,0,6,1,1,1,0,0,0,0,1,0,24,37,32,4,2,7,13,2,2,0,0,3,,1,,2,0,0,0,0,0,0,0,0,0,,,1,24,41,24,14,3,0,0,0
CHN189909272,box,1899-09-27,2,CHI08,R,0,PIT,CHN,1,0,0,1,1,,31,7,9,13,2,1,0,,7,,6,,1,,0,2,0,1,,0,8,1,1,0,0,0,1,0,0,0,24,45,34,7,5,10,15,2,0,1,0,6,,1,,2,3,0,0,0,0,0,0,0,0,,,1,24,42,24,13,5,0,0,1
PIT189909280,box,1899-09-28,0,PIT05,R,1,PIT,CIN,1,1,0,0,1,,36,7,11,17,4,1,0,,6,,2,,1,,0,1,0,0,,0,8,1,1,1,0,0,0,1,0,0,27,36,35,5,4,8,9,1,0,0,0,1,,4,,0,0,0,0,0,0,0,0,0,0,,,1,27,51,27,18,6,0,0,1
PIT189909300,box,1899-09-30,0,PIT05,R,1,PIT,CIN,1,0,0,1,1,,38,3,7,11,0,2,0,,3,,3,,3,,0,0,0,0,,0,8,1,1,1,0,0,0,0,0,0,30,42,38,3,2,9,14,1,2,0,0,1,,,,2,1,0,0,0,0,0,0,0,0,,,1,30,48,30,15,3,1,0,0
SLN189910020,box,1899-10-02,0,STL05,R,0,PIT,SLN,1,1,0,0,1,,41,7,12,17,0,1,1,,7,,1,,3,,1,0,0,2,,0,9,1,1,1,0,0,0,1,0,0,27,40,36,6,5,10,14,0,2,0,0,3,,,,0,1,0,0,0,0,0,0,0,0,,,1,27,41,27,13,1,0,0,1
SLN189910030,box,1899-10-03,0,STL05,R,0,PIT,SLN,1,1,0,0,1,,42,9,15,27,0,3,2,,9,,1,,3,,0,0,0,0,,0,7,1,1,1,0,0,0,1,0,0,27,41,37,6,2,10,15,2,0,1,0,3,,4,,0,1,0,0,0,0,0,0,0,0,,,1,27,41,27,12,2,0,0,1
SLN189910040,box,1899-10-04,0,STL05,R,0,PIT,SLN,1,1,0,0,1,,38,8,11,14,3,0,0,,7,,0,0,1,,0,1,0,1,,0,4,1,1,1,0,0,0,1,0,0,27,43,37,4,2,8,8,0,0,0,0,6,,3,,0,0,0,0,0,0,0,0,0,0,,,1,27,38,27,7,4,0,0,1
SLN189910050,box,1899-10-05,0,STL05,R,0,PIT,SLN,1,1,0,0,1,,33,9,10,12,2,0,0,,7,,3,,1,,0,0,0,0,,0,3,1,1,0,0,0,1,1,0,0,27,45,41,6,5,15,21,3,0,1,0,4,,3,,0,0,0,0,0,0,0,0,0,0,,,1,27,42,27,14,1,2,0,0
PIT189910070,box,1899-10-07,0,PIT05,R,1,PIT,CL4,1,1,0,0,1,,40,16,16,25,2,2,1,,8,,5,,,,0,1,0,4,,0,6,1,1,1,0,0,0,1,0,0,27,34,33,3,1,8,12,2,1,0,0,1,,2,,0,0,0,0,0,0,0,0,0,0,,,1,27,48,27,19,2,0,0,0
PIT189910130,box,1899-10-13,0,PIT05,R,1,PIT,LS3,1,1,0,0,1,,33,5,9,11,2,0,0,,4,,3,,2,,0,1,0,1,,0,8,1,1,1,0,0,0,1,0,0,24,28,28,2,2,4,6,2,0,0,0,0,0,5,,0,0,0,0,0,0,0,0,0,0,,,1,24,36,24,11,1,0,0,0
PIT189910140,box,1899-10-14,0,PIT05,R,1,PIT,LS3,1,0,1,0,1,,34,1,6,6,0,0,0,,1,,1,,,,0,0,0,2,,0,7,1,1,1,0,0,0,0,1,0,27,39,36,4,4,15,19,2,1,0,0,2,,0,,0,1,0,0,0,0,0,0,0,0,,,1,27,39,27,10,2,1,0,0
SLN189904150,box,1899-04-15,0,STL05,R,1,SLN,CL4,1,1,0,0,1,,35,10,13,20,5,1,0,,8,,4,0,0,0,0,1,0,0,1,0,6,1,1,1,0,0,0,1,0,0,27,36,35,1,1,6,6,0,0,0,0,1,0,3,1,0,0,0,0,0,0,0,0,0,0,,,1,27,43,27,12,4,1,0,0
SLN189904160,box,1899-04-16,0,STL05,R,1,SLN,CL4,1,1,0,0,1,,31,6,7,12,2,0,1,,6,,3,0,,0,2,0,0,0,0,0,6,1,1,1,0,0,0,1,0,0,27,40,37,5,5,12,15,3,0,0,0,2,0,,0,1,0,0,0,0,0,0,0,0,0,,,1,27,39,27,10,2,1,0,0
SLN189904200,box,1899-04-20,0,STL05,R,1,SLN,PIT,1,1,0,0,1,,31,6,10,12,0,1,0,,5,,1,,,,0,1,0,0,,0,6,1,1,1,0,0,0,1,0,0,24,30,29,2,2,6,10,0,2,0,0,1,,,,0,0,0,0,0,0,0,0,0,0,,,1,24,40,24,14,2,0,0,0
SLN189904210,box,1899-04-21,0,STL05,R,1,SLN,PIT,1,1,0,0,1,,36,6,13,17,2,1,0,,5,,4,0,,0,1,0,0,1,0,0,11,1,1,1,0,0,0,1,0,0,27,35,31,5,5,9,13,0,2,0,0,1,0,,3,1,2,0,0,0,0,0,0,0,0,,,1,27,40,27,11,2,3,0,0
SLN189904220,box,1899-04-22,0,STL05,R,1,SLN,PIT,1,1,0,0,1,,26,5,7,9,2,0,0,,3,,3,0,,0,0,0,0,0,0,0,6,1,1,1,0,0,0,1,0,0,19,26,26,3,3,8,11,3,0,0,0,0,0,4,0,0,0,0,0,2,0,0,0,0,0,,,1,19,33,19,14,0,0,0,0
SLN189904240,box,1899-04-24,0,STL05,R,1,SLN,CHN,1,1,0,0,1,,26,3,7,9,2,0,0,,3,,3,0,0,1,1,2,0,2,0,0,5,1,1,1,0,0,0,1,0,0,27,32,31,2,2,6,10,1,0,1,0,1,0,2,1,0,0,0,0,0,0,0,0,0,0,,,1,27,45,27,18,0,1,0,0
SLN189904250,box,1899-04-25,0,STL05,R,1,SLN,CHN,1,1,0,0,1,,38,3,9,12,1,1,0,,2,,3,,1,,0,2,0,3,,0,8,1,1,1,0,0,0,1,0,0,33,40,37,2,2,8,10,2,0,0,0,1,,0,,0,2,0,0,0,0,0,0,0,0,,,1,33,53,33,19,1,1,0,0
SLN189904260,box,1899-04-26,0,STL05,R,1,SLN,CHN,1,0,1,0,1,,36,6,9,9,0,0,0,,3,,2,,1,,0,3,0,0,,0,8,1,1,1,0,0,0,0,1,0,27,40,37,7,6,12,12,0,0,0,0,3,,,,0,0,0,0,1,0,0,0,0,0,,,1,27,45,27,15,3,2,0,0
PIT189904280,box,1899-04-28,0,PIT05,R,0,SLN,PIT,1,1,0,0,1,,37,5,10,15,1,2,0,,5,,3,,1,,0,0,0,1,,0,8,1,1,1,0,0,0,1,0,0,27,35,35,1,1,6,11,1,2,0,0,0,0,2,,0,0,0,0,0,0,0,0,0,0,,,1,27,42,27,12,3,0,0,0
PIT189904290,box,1899-04-29,0,PIT05,R,0,SLN,PIT,1,1,0,0,1,,33,2,8,10,2,0,0,,2,,3,0,,2,1,1,0,0,0,0,9,1,1,1,0,0,0,1,0,0,27,38,34,1,1,8,8,0,0,0,0,2,0,2,1,2,0,0,0,0,0,0,0,0,0,,,1,27,44,27,15,2,2,0,0
CHN189904300,box,1899-04-30,0,CHI08,R,0,SLN,CHN,1,0,1,0,1,,37,0,12,12,0,0,0,,0,,0,0,3,2,0,0,0,0,0,0,10,1,1,1,0,0,0,0,1,0,24,35,33,4,1,11,11,0,0,0,0,1,0,0,1,0,1,0,0,2,0,0,0,0,0,,,1,24,41,24,13,4,2,0,0
PIT189905010,box,1899-05-01,0,PIT05,R,0,SLN,PIT,1,1,0,0,1,,32,7,8,15,1,3,0,,5,,6,0,1,0,0,1,0,0,0,0,5,1,1,1,0,0,0,1,0,0,27,36,34,5,3,5,6,1,0,0,0,2,0,4,0,0,0,0,0,0,0,0,0,0,0,,,1,27,44,27,14,3,0,0,0
PIT189905020,box,1899-05-02,0,PIT05,R,0,SLN,PIT,1,0,1,0,1,,36,3,9,11,0,1,0,,3,,6,0,2,0,0,1,0,0,1,0,10,1,1,1,0,0,0,0,1,0,29,43,38,4,3,13,15,2,0,0,0,1,0,4,0,1,3,0,0,0,0,0,0,0,0,,,1,29,48,29,18,1,0,0,0
CIN189905030,box,1899-05-03,0,CIN05,R,0,SLN,CIN,1,1,0,0,1,,40,9,11,14,1,1,0,,6,,4,0,1,0,0,0,0,2,0,0,8,1,1,1,0,0,0,1,0,0,27,32,30,1,1,7,10,1,1,0,0,2,0,0,0,0,0,0,0,0,0,0,0,0,0,,,1,27,43,27,15,1,0,0,0
CIN189905050,box,1899-05-05,0,CIN05,R,0,SLN,CIN,1,0,1,0,1,,32,2,4,5,1,0,0,,2,,1,0,5,0,0,1,0,1,0,0,5,1,1,1,0,0,0,0,1,0,27,34,32,5,3,12,14,2,0,0,0,0,0,1,1,0,2,0,0,0,0,0,0,0,0,,,1,27,49,27,20,2,1,0,0
CIN189905060,box,1899-05-06,0,CIN05,R,0,SLN,CIN,1,0,1,0,1,,32,0,11,13,2,0,0,,0,,2,,2,,0,0,0,1,,0,10,1,1,1,0,0,0,0,1,0,24,43,37,11,6,15,20,3,1,0,0,4,,3,,1,1,0,0,0,0,0,0,0,0,,,1,24,40,24,13,3,0,0,0
CIN189905070,box,1899-05-07,0,CIN05,R,0,SLN,CIN,1,1,0,0,1,,33,4,6,8,2,0,0,,4,,1,,1,,1,0,0,0,,0,6,1,1,1,0,0,0,1,0,0,27,36,33,3,3,9,10,1,0,0,0,3,,1,,0,0,0,0,0,0,0,0,0,0,,,1,27,44,27,17,0,1,0,0
CL4189905090,box,1899-05-09,0,CLE05,R,0,SLN,CL4,1,1,0,0,1,,35,8,10,12,0,1,0,,8,,4,0,,0,0,2,0,3,0,0,6,1,1,1,0,0,0,1,0,0,27,34,32,1,0,4,4,0,0,0,0,2,0,2,0,0,0,0,0,0,0,0,0,0,0,,,1,27,42,27,12,3,0,0,1
CL4189905100,box,1899-05-10,0,CLE05,R,0,SLN,CL4,1,1,0,0,1,,38,12,15,21,4,1,0,,11,,5,0,2,0,0,2,0,6,1,0,6,1,1,1,0,0,0,1,0,0,27,35,33,2,2,10,11,1,0,0,0,2,0,2,1,0,0,0,0,1,0,0,0,0,0,,,1,27,41,27,13,1,1,0,1
CL4189905110,box,1899-05-11,0,CLE05,R,0,SLN,CL4,1,1,0,0,1,,38,8,16,18,2,0,0,,8,,3,0,1,1,1,0,0,2,1,0,10,1,1,1,0,0,0,1,0,0,27,43,40,6,3,18,19,1,0,0,0,0,0,1,1,1,2,0,0,0,0,0,0,0,0,,,1,27,46,27,17,2,2,0,0
CL4189905120,box,1899-05-12,0,CLE05,R,0,SLN,CL4,1,1,0,0,1,,36,5,11,16,2,0,1,,5,,1,0,,0,0,0,0,0,0,0,6,1,1,1,0,0,0,1,0,0,30,41,38,4,4,9,10,1,0,0,0,0,0,,0,2,1,0,0,1,0,0,0,0,0,,,1,30,49,30,18,1,1,0,0
CIN189905130,box,1899-05-13,0,CIN05,R,0,SLN,CIN,1,0,1,0,1,,36,3,8,10,2,0,0,,3,,2,0,,0,0,0,0,0,0,0,8,1,1,1,0,0,0,0,1,0,27,38,37,7,4,8,12,2,1,0,0,1,0,3,0,0,0,0,0,0,0,0,0,0,0,,,1,27,46,27,13,6,0,0,0
SLN189905140,box,1899-05-14,0,STL05,R,1,SLN,CIN,1,1,0,0,1,,41,6,9,10,1,0,0,,6,,9,,2,,0,0,0,0,,0,12,1,1,1,0,0,0,1,0,0,33,46,46,5,4,17,22,5,0,0,0,0,0,4,,0,0,0,0,0,0,0,0,0,0,,,1,33,46,33,11,2,1,0,0
SLN189905150,box,1899-05-15,0,STL05,R,1,SLN,LS3,1,1,0,0,1,,31,4,8,9,1,0,0,,4,,4,,2,,0,0,0,1,,0,7,1,1,1,0,0,0,1,0,0,27,35,32,1,1,9,11,2,0,0,0,1,,4,,0,2,0,0,0,0,0,0,0,0,,,1,27,36,27,9,0,2,0,0
SLN189905160,box,1899-05-16,0,STL05,R,1,SLN,LS3,1,1,0,0,1,,41,9,15,22,2,1,1,,9,,4,,0,,0,0,0,2,,0,12,1,1,1,0,0,0,1,0,0,27,38,37,3,2,10,11,1,0,0,0,0,0,7,,0,1,0,0,0,0,0,0,0,0,,,1,27,40,27,11,2,0,0,0
SLN189905170,box,1899-05-17,0,STL05,R,1,SLN,LS3,1,0,1,0,1,,20,1,5,5,0,0,0,,1,,0,0,0,0,0,1,0,0,1,0,2,1,1,1,0,0,0,0,1,0,18,22,21,2,0,4,5,1,0,0,0,0,0,2,0,0,1,0,0,0,0,0,0,0,0,,,1,18,28,18,8,2,1,0,0
SLN189905190,box,1899-05-19,0,STL05,R,1,SLN,NY1,1,0,1,0,1,,29,9,10,11,1,0,0,,6,,8,0,0,0,0,0,0,0,0,0,10,1,1,0,0,0,1,0,0,0,18,30,26,10,7,9,19,1,3,1,0,3,0,,0,1,0,0,0,0,0,0,0,0,0,,,1,18,31,18,10,3,1,0,0
SLN189905211,box,1899-05-21,1,STL05,R,1,SLN,NY1,1,0,1,0,1,,28,4,3,9,1,1,1,,4,,9,,4,,0,0,0,1,,0,7,1,1,1,0,0,0,0,1,0,27,37,35,8,5,9,12,0,0,1,0,1,,2,,0,1,0,0,0,0,0,0,0,0,,,1,27,42,27,12,3,0,0,0
SLN189905212,box,1899-05-21,2,STL05,R,1,SLN,NY1,1,1,0,0,1,,22,9,10,11,1,0,0,,6,,8,,0,,0,0,0,2,,0,6,1,1,1,0,0,0,1,0,0,15,24,23,5,3,6,9,0,0,1,0,1,,2,,0,0,0,0,0,0,0,0,0,0,,,1,15,20,15,1,4,0,0,0
SLN189905220,box,1899-05-22,0,STL05,R,1,SLN,BSN,1,0,1,0,1,,31,3,4,7,1,1,0,,3,,8,,2,,1,0,0,4,,0,10,1,1,0,0,0,1,0,1,0,27,44,39,10,7,13,17,2,1,0,0,4,,1,,0,1,0,0,0,0,0,0,0,0,,,1,27,44,27,12,5,2,0,0
SLN189905230,box,1899-05-23,0,STL05,R,1,SLN,BSN,1,1,0,0,1,,42,9,16,19,3,0,0,,9,,3,,1,,0,4,0,1,,0,13,1,1,1,0,0,0,1,0,0,27,36,34,4,4,11,15,2,1,0,0,2,,0,,0,0,0,0,0,0,0,0,0,0,,,1,27,43,27,15,1,2,0,0
SLN189905240,box,1899-05-24,0,STL05,R,1,SLN,BSN,1,0,1,0,1,,34,1,8,11,0,0,1,,1,,4,0,1,1,0,0,0,0,0,0,10,1,1,1,0,0,0,0,1,0,24,45,38,8,6,13,16,1,1,0,0,3,0,1,0,0,4,0,0,0,0,0,0,0,0,,,1,24,40,24,11,5,0,0,0
SLN189905250,box,1899-05-25,0,STL05,R,1,SLN,BRO,1,0,1,0,1,,32,1,8,8,0,0,0,,1,,3,0,0,2,1,0,0,3,0,0,8,1,1,1,0,0,0,0,1,0,27,42,39,8,4,12,15,1,1,0,0,2,0,0,1,0,1,0,0,0,0,0,0,0,0,,,1,27,48,27,16,5,1,0,0
SLN189905260,box,1899-05-26,0,STL05,R,1,SLN,BRO,1,0,0,1,1,,42,3,10,11,1,0,0,,2,,3,0,2,1,0,3,0,3,1,0,9,1,1,1,0,0,0,0,0,0,36,51,45,3,2,6,6,0,0,0,0,6,0,2,0,0,0,0,0,0,0,0,0,0,0,,,1,36,50,36,11,3,0,0,0
SLN189905270,box,1899-05-27,0,STL05,R,1,SLN,BRO,1,1,0,0,1,,33,7,10,17,1,0,2,,7,,2,0,2,0,0,4,0,2,1,0,5,1,1,1,0,0,0,1,0,0,27,37,37,6,4,9,13,2,1,0,0,0,0,1,0,0,0,0,0,0,0,0,0,0,0,,,1,27,48,27,19,2,0,0,0
SLN189905280,box,1899-05-28,0,STL05,R,1,SLN,BRO,1,0,1,0,1,,29,1,3,3,0,0,0,,1,,8,,4,,0,1,0,2,,0,10,1,1,1,0,0,0,0,1,0,24,40,35,3,2,12,16,2,1,0,0,3,,1,,1,1,0,0,0,0,0,0,0,0,,,1,24,43,24,16,3,1,0,0
BLN189905301,box,1899-05-30,1,BAL07,R,0,SLN,BLN,1,1,0,0,1,,38,7,10,11,1,0,0,,6,,5,0,4,0,0,1,0,1,0,0,10,1,1,1,0,0,0,1,0,0,27,39,35,3,2,12,13,1,0,0,0,2,0,0,0,1,1,0,0,0,0,0,0,0,0,,,1,27,50,27,19,4,1,0,0
BLN189905302,box,1899-05-30,2,BAL07,R,0,SLN,BLN,1,0,1,0,1,,32,4,7,8,1,0,0,,4,,3,,0,,0,0,0,0,,0,4,1,1,1,0,0,0,0,1,0,24,35,33,6,6,13,13,0,0,0,0,0,0,2,,1,1,0,0,0,0,0,0,0,0,,,1,24,40,24,14,2,1,0,0
BLN189905310,box,1899-05-31,0,BAL07,R,0,SLN,BLN,1,0,1,0,1,,39,3,12,13,1,0,0,,2,,1,,1,,0,0,0,0,,0,10,1,1,1,0,0,0,0,1,0,24,35,29,4,4,8,11,3,0,0,0,4,,5,,0,2,0,0,0,0,0,0,0,0,,,1,24,37,24,11,2,1,0,0
BLN189906010,box,1899-06-01,0,BAL07,R,0,SLN,BLN,1,0,1,0,1,,39,2,8,11,1,1,0,,2,,0,0,1,,0,0,0,0,,0,7,1,1,1,0,0,0,0,1,0,29,40,38,3,1,8,11,1,1,0,0,1,,1,,0,1,0,0,0,0,0,0,0,0,,,1,29,43,29,10,4,0,0,0
WSN189906020,box,1899-06-02,0,WAS06,R,0,SLN,WSN,1,1,0,0,1,,35,7,10,10,0,0,0,,7,,5,0,3,0,0,1,0,0,0,0,7,1,1,1,0,0,0,1,0,0,27,31,30,2,0,3,3,0,0,0,0,1,0,1,0,0,0,0,0,1,0,0,0,0,0,,,1,27,44,27,15,2,0,0,0
WSN189906030,box,1899-06-03,0,WAS06,R,0,SLN,WSN,1,0,1,0,1,,35,2,9,10,1,0,0,,2,,2,,,,1,0,0,0,,0,9,1,1,1,0,0,0,0,1,0,27,45,41,11,11,17,23,1,1,1,0,2,,,,0,2,0,0,0,0,0,0,0,0,,,1,27,48,27,17,4,1,0,0
WSN189906050,box,1899-06-05,0,WAS06,R,0,SLN,WSN,1,0,1,0,1,,34,3,7,8,1,0,0,,3,,2,,,,1,0,0,0,,0,7,1,1,0,0,0,1,0,1,0,27,42,39,11,10,16,21,0,1,1,0,1,,,,0,2,0,0,0,0,0,0,0,0,,,1,27,46,27,17,2,0,0,1
PHI189906060,box,1899-06-06,0,PHI09,R,0,SLN,PHI,1,1,0,0,1,,38,6,10,12,2,0,0,,5,,0,0,1,,1,1,0,2,,0,7,1,1,1,0,0,0,1,0,0,27,34,33,3,2,8,9,1,0,0,0,1,,5,,0,0,0,0,1,0,0,0,0,0,,,1,27,40,27,10,3,2,0,0
PHI189906070,box,1899-06-07,0,PHI09,R,0,SLN,PHI,1,1,0,0,1,,32,3,6,9,1,1,0,,3,,2,,2,,0,1,0,0,,0,5,1,1,1,0,0,0,1,0,0,27,37,35,2,1,10,11,1,0,0,0,2,,3,,0,0,0,0,0,0,0,0,0,0,,,1,27,38,27,10,1,1,0,0
PHI189906080,box,1899-06-08,0,PHI09,R,0,SLN,PHI,1,0,1,0,1,,24,4,8,11,1,1,0,,3,,2,,1,,0,1,0,0,,0,5,1,1,1,0,0,0,0,1,0,18,30,28,8,8,13,20,1,3,0,0,1,,2,,1,0,0,0,0,0,0,0,0,0,,,1,18,31,18,13,0,0,0,0
CHN189906100,box,1899-06-10,0,CHI08,R,0,SLN,CHN,1,0,1,0,1,,29,0,4,5,1,0,0,,0,,2,,2,,0,1,0,0,,0,5,1,1,1,0,0,0,0,1,0,24,33,32,3,3,10,12,0,1,0,0,0,0,2,,0,1,0,0,0,0,0,0,0,0,,,1,24,38,24,10,4,1,0,0
CHN189906110,box,1899-06-11,0,CHI08,R,0,SLN,CHN,1,0,1,0,1,,31,1,5,5,0,0,0,,1,,0,0,1,,0,1,0,1,,0,4,1,1,1,0,0,0,0,1,0,24,35,32,2,2,9,12,1,1,0,0,2,,3,,1,0,0,0,0,0,0,0,0,0,,,1,24,37,24,13,0,1,0,1
LS3189906140,box,1899-06-14,0,LOU03,R,0,SLN,LS3,1,1,0,0,1,,22,2,4,6,2,0,0,,2,,2,,1,,0,0,0,0,,0,4,1,1,1,1,0,0,1,0,0,18,27,24,0,0,6,8,2,0,0,0,3,,1,,0,0,0,0,0,0,0,0,0,0,,,1,18,29,18,11,0,0,0,0
LS3189906150,box,1899-06-15,0,LOU03,R,0,SLN,LS3,1,1,0,0,1,,32,4,6,10,1,0,1,,3,,1,,2,,0,1,0,2,,0,6,1,1,1,0,0,0,1,0,0,27,34,31,2,2,9,10,1,0,0,0,2,,1,,0,1,0,0,0,0,0,0,0,0,,,1,27,48,27,20,1,2,0,0
LS3189906160,box,1899-06-16,0,LOU03,R,0,SLN,LS3,1,0,1,0,1,,46,12,16,22,2,2,0,,11,,2,,,,0,1,0,1,,0,8,1,1,1,0,0,0,0,1,0,29,52,48,13,10,19,20,1,0,0,0,2,,,,0,2,0,0,0,0,0,0,0,0,,,1,29,45,29,12,4,0,0,0
LS3189906170,box,1899-06-17,0,LOU03,R,0,SLN,LS3,1,1,0,0,1,,38,7,10,12,0,1,0,,5,,3,,1,,1,0,0,1,,0,8,1,1,1,1,0,0,1,0,0,27,35,33,0,0,6,7,1,0,0,0,2,,5,,0,0,0,0,0,0,0,0,0,0,,,1,27,35,27,8,0,0,0,0
SLN189906180,box,1899-06-18,0,STL05,R,1,SLN,WSN,1,1,0,0,1,,38,8,13,16,1,1,0,,5,,3,,1,,0,1,0,0,,0,11,1,1,1,0,0,0,1,0,0,27,36,34,3,1,6,9,1,1,0,0,2,,3,,0,0,0,0,0,0,0,0,0,0,,,1,27,44,27,15,2,0,0,0
SLN189906190,box,1899-06-19,0,STL05,R,1,SLN,WSN,1,1,0,0,1,,33,7,13,18,1,2,0,,7,,3,,0,,1,2,0,3,,0,8,1,1,1,0,0,0,1,0,0,27,35,34,4,4,9,14,0,1,1,0,0,0,6,,0,1,0,0,0,0,0,0,0,0,,,1,27,42,27,14,1,0,0,0
SLN189906200,box,1899-06-20,0,STL05,R,1,SLN,WSN,1,0,1,0,1,,36,3,9,9,0,0,0,,2,,2,,2,,1,0,0,0,,0,9,1,1,1,0,0,0,0,1,0,27,41,39,5,3,16,22,1,1,1,0,2,,1,,0,0,0,0,0,0,0,0,0,0,,,1,27,43,27,13,3,2,0,0
SLN189906210,box,1899-06-21,0,STL05,R,1,SLN,WSN,1,1,0,0,1,,37,9,16,17,1,0,0,,9,,3,,0,,0,1,0,4,,0,8,1,1,1,0,0,0,1,0,0,27,37,36,3,2,10,14,4,0,0,0,1,,2,,0,0,0,0,0,0,0,0,0,0,,,1,27,43,27,15,1,1,0,0
SLN189906220,box,1899-06-22,0,STL05,R,1,SLN,WSN,1,1,0,0,1,,30,4,12,17,1,2,0,,4,,1,,1,,0,1,0,0,,0,4,1,1,0,0,0,1,1,0,1,27,35,34,1,1,9,10,1,0,0,0,1,,3,,0,0,0,0,1,0,0,0,0,0,,,1,27,43,27,14,2,2,0,0
SLN189906230,box,1899-06-23,0,STL05,R,1,SLN,PHI,1,0,1,0,1,,33,4,10,12,0,1,0,,4,,6,,0,,0,0,0,0,,0,8,1,1,1,0,0,0,0,1,0,27,43,39,9,8,14,22,0,1,2,0,1,,0,,0,3,0,0,0,0,0,0,0,0,,,1,27,45,27,17,1,0,0,1
SLN189906240,box,1899-06-24,0,STL05,R,1,SLN,PHI,1,0,1,0,1,,30,3,5,5,0,0,0,,2,,3,,0,,0,2,0,2,,0,5,1,1,1,0,0,0,0,1,0,24,35,34,4,2,9,13,1,0,1,0,1,,2,,0,0,0,0,0,0,0,0,0,0,,,1,24,46,24,18,4,0,0,0
SLN189906251,box,1899-06-25,1,STL05,R,1,SLN,NY1,1,0,1,0,1,,37,3,10,15,2,0,1,,1,,7,,3,,0,0,0,0,,0,11,1,1,1,0,0,0,0,1,0,30,40,39,5,5,11,16,2,0,1,0,1,,1,,0,0,0,0,0,0,0,0,0,0,,,1,30,45,30,15,0,0,0,0
SLN189906252,box,1899-06-25,2,STL05,R,1,SLN,CL4,1,0,1,0,1,,31,1,8,8,0,0,0,,0,,3,,0,,1,2,0,2,,0,9,1,1,1,0,0,0,0,1,0,27,39,35,3,0,9,12,1,1,0,0,2,,1,,0,2,0,0,0,0,0,0,0,0,,,1,27,40,27,10,3,0,0,0
SLN189906270,box,1899-06-27,0,STL05,R,1,SLN,PHI,1,1,0,0,1,,32,6,8,16,0,1,2,,5,,2,,1,,0,1,0,1,,0,2,1,1,1,0,0,0,1,0,0,27,45,39,4,4,12,15,3,0,0,0,6,,4,,0,0,0,0,0,0,0,0,0,0,,,1,27,41,27,12,2,0,0,0
SLN189906280,box,1899-06-28,0,STL05,R,1,SLN,BLN,1,0,1,0,1,,33,0,6,7,1,0,0,,0,,3,,0,,0,0,0,0,,0,9,1,1,0,0,0,1,0,1,0,24,31,28,5,5,10,15,0,1,1,0,1,,1,,2,0,0,0,0,0,0,0,0,0,,,1,24,36,23,13,0,2,1,0
SLN189906290,box,1899-06-29,0,STL05,R,1,SLN,BLN,1,1,0,0,1,,36,4,13,19,1,1,1,,4,,1,,2,,1,0,0,0,,0,10,1,1,1,0,0,0,1,0,0,27,32,31,2,2,7,11,1,0,1,0,1,,0,,0,0,0,0,0,0,0,0,0,0,,,1,27,44,27,17,0,0,0,0
SLN189907010,box,1899-07-01,0,STL05,R,1,SLN,BLN,1,0,1,0,1,,32,2,8,11,1,1,0,,2,,2,,2,,0,1,0,0,,0,6,1,1,1,0,0,0,0,1,0,27,38,35,6,4,9,12,3,0,0,0,2,,4,,1,0,0,0,2,0,0,0,0,0,,,1,27,46,27,15,4,0,0,0
SLN189907020,box,1899-07-02,0,STL05,R,1,SLN,BLN,1,0,1,0,1,,38,3,11,15,0,2,0,,3,,3,,0,,0,0,0,2,,0,11,1,1,1,0,0,0,0,1,0,24,45,36,10,6,13,16,0,0,1,0,8,,4,,0,1,0,0,0,0,0,0,0,0,,,1,24,47,24,18,5,1,0,1
SLN189907060,box,1899-07-06,0,STL05,R,1,SLN,CL4,1,1,0,0,1,,35,9,11,15,1,0,1,,8,,5,,,,1,0,0,1,,0,8,1,1,1,0,0,0,1,0,0,27,38,37,4,4,11,14,1,1,0,0,0,0,,,1,0,0,0,0,0,0,0,0,0,,,1,27,43,27,15,1,2,0,0
SLN189907081,box,1899-07-08,1,STL05,R,1,SLN,CL4,1,1,0,0,1,,42,5,15,17,0,1,0,,5,,5,0,0,1,0,2,0,5,0,0,15,1,1,1,0,0,0,1,0,0,30,41,38,4,0,7,9,2,0,0,0,1,0,5,0,0,1,0,0,0,1,0,0,0,0,,,1,30,53,30,17,6,0,0,1
SLN189907082,box,1899-07-08,2,STL05,R,1,SLN,CL4,1,1,0,0,1,,33,6,14,16,0,1,0,,3,,2,,1,,1,2,0,3,,0,8,1,1,1,0,0,0,1,0,0,27,34,31,2,2,7,7,0,0,0,0,1,,2,,2,0,0,0,1,0,0,0,0,0,,,1,27,40,27,10,3,3,0,0
SLN189907091,box,1899-07-09,1,STL05,R,1,SLN,LS3,1,1,0,0,1,,40,11,17,23,2,2,0,,10,,2,,0,,0,0,0,4,,0,7,1,1,1,0,0,0,1,0,0,27,39,37,4,4,11,16,3,1,0,0,1,,5,,1,0,0,0,0,0,0,0,0,0,,,1,27,34,27,7,0,1,0,1
SLN189907092,box,1899-07-09,2,STL05,R,1,SLN,CL4,1,1,0,0,1,,39,11,17,23,0,0,2,,11,,3,,0,,0,0,0,1,,0,10,1,1,1,0,0,0,1,0,0,24,33,32,4,4,10,12,2,0,0,0,1,,1,,0,0,0,0,0,0,0,0,0,0,,,1,24,45,24,19,2,1,0,0
BRO189907110,box,1899-07-11,0,NYC12,R,0,SLN,BRO,1,0,1,0,1,,38,10,12,16,1,0,1,,8,,2,0,1,0,0,2,0,2,1,0,5,1,1,1,0,0,0,0,1,0,24,44,41,11,8,14,20,2,2,0,0,3,0,5,1,0,0,0,0,0,0,0,0,0,0,,,1,24,41,24,13,4,1,0,0
BRO189907120,box,1899-07-12,0,NYC12,R,0,SLN,BRO,1,0,1,0,1,,34,5,9,12,0,0,1,,3,,3,0,1,2,0,1,0,4,0,0,6,1,1,0,0,0,1,0,1,0,24,43,35,10,10,10,16,1,1,1,0,8,0,3,0,0,0,0,0,2,0,0,0,0,0,,,1,24,37,24,10,3,0,0,0
BRO189907130,box,1899-07-13,0,NYC12,R,0,SLN,BRO,1,1,0,0,1,,36,8,12,12,0,0,0,,6,,2,0,1,0,1,2,0,1,1,0,6,1,1,1,0,0,0,1,0,0,27,35,32,2,2,7,7,0,0,0,0,3,0,1,0,0,0,0,0,0,0,0,0,0,0,,,1,27,39,27,11,1,0,0,0
NY1189907140,box,1899-07-14,0,NYC10,R,0,SLN,NY1,1,1,0,0,1,,29,3,4,7,0,0,1,,3,,3,0,4,0,0,0,0,1,1,0,2,1,1,1,0,0,0,1,0,0,27,41,38,1,1,11,12,1,0,0,0,3,0,1,1,0,0,0,0,1,0,0,0,0,0,,,1,27,43,27,14,2,1,0,0
NY1189907150,box,1899-07-15,0,NYC10,R,0,SLN,NY1,1,0,1,0,1,,31,0,5,5,0,0,0,,0,,1,,,,0,0,0,1,,0,5,1,1,1,0,0,0,0,1,0,24,34,30,3,2,6,8,2,0,0,0,2,,,,1,1,0,0,0,0,0,0,0,0,,,1,24,36,24,10,2,0,0,2
NY1189907160,box,1899-07-16,0,WNY01,R,0,SLN,NY1,1,1,0,0,1,,39,10,11,15,0,2,0,,8,,5,,,,0,1,0,2,,0,8,1,1,1,0,0,0,1,0,0,27,41,34,2,0,7,10,3,0,0,0,5,,,,2,0,0,0,0,0,0,0,0,0,,,1,27,40,27,12,1,1,0,0
BSN189907180,box,1899-07-18,0,BOS05,R,0,SLN,BSN,1,1,0,0,1,,37,9,11,16,2,0,1,,8,,2,,3,,0,1,0,2,,0,4,1,1,1,0,0,0,1,0,0,27,37,34,3,3,8,11,0,0,1,0,2,,,,0,1,0,0,0,0,0,0,0,0,,,1,27,44,27,15,2,0,0,0
BSN189907190,box,1899-07-19,0,BOS05,R,0,SLN,BSN,1,0,1,0,1,,30,1,7,7,0,0,0,,0,,2,,1,,0,0,0,0,,0,4,1,1,0,0,0,1,0,1,0,24,39,35,8,5,9,21,0,3,2,0,2,,,,0,1,0,0,0,1,0,0,0,0,,,1,24,37,24,8,5,0,0,1
BSN189907200,box,1899-07-20,0,BOS05,R,0,SLN,BSN,1,1,0,0,1,,33,3,9,9,0,0,0,,3,,5,0,1,0,0,2,0,1,0,0,10,1,1,1,0,0,0,1,0,0,27,35,31,2,2,4,9,0,1,1,0,4,0,1,0,0,0,0,0,0,0,0,0,0,0,,,1,27,41,27,13,1,0,0,1
SLN189907230,box,1899-07-23,0,STL05,R,1,SLN,NY1,1,1,0,0,1,,35,3,11,12,1,0,0,,3,,5,,2,,0,0,0,1,,0,10,1,1,1,0,0,0,1,0,0,30,35,33,2,2,6,7,1,0,0,0,1,,1,,0,1,0,0,0,0,0,0,0,0,,,1,30,46,30,16,0,0,0,0
SLN189907250,box,1899-07-25,0,STL05,R,1,SLN,NY1,1,1,0,0,1,,34,4,9,14,1,2,0,,4,,0,0,1,0,0,0,0,0,0,0,6,1,1,1,0,0,0,1,0,0,27,36,33,2,2,6,7,1,0,0,0,3,0,5,0,0,0,0,0,2,0,0,0,0,0,,,1,27,39,27,10,2,2,0,0
SLN189907260,box,1899-07-26,0,STL05,R,1,SLN,NY1,1,1,0,0,1,,30,4,8,10,0,1,0,,4,,8,0,2,0,0,3,0,1,1,0,13,1,1,1,0,0,0,1,0,0,27,37,34,3,3,10,10,0,0,0,0,1,0,5,0,0,2,0,0,1,0,0,0,0,0,,,1,27,41,27,13,1,1,0,0
SLN189907270,box,1899-07-27,0,STL05,R,1,SLN,BRO,1,0,1,0,1,,33,3,7,8,1,0,0,,3,,6,0,2,0,1,1,0,2,1,0,11,1,1,0,0,0,1,0,1,0,27,46,41,12,10,16,22,4,1,0,0,5,0,2,0,0,0,0,0,0,0,0,0,0,0,,,1,27,47,27,17,3,0,0,0
SLN189907280,box,1899-07-28,0,STL05,R,1,SLN,BRO,1,1,0,0,1,,32,5,9,13,0,2,0,,5,,1,,1,,0,1,0,1,,0,5,1,1,1,1,0,0,1,0,0,27,32,32,0,0,7,7,0,0,0,0,0,0,2,,0,0,0,0,0,0,0,0,0,0,,,1,27,39,27,12,0,1,0,0
SLN189907290,box,1899-07-29,0,STL05,R,1,SLN,BRO,1,0,1,0,1,,36,4,10,16,0,0,2,,4,,5,,,,0,0,0,0,,0,10,1,1,0,0,0,1,0,1,0,27,41,32,6,5,9,13,1,0,1,0,6,,,,0,3,0,0,0,0,0,0,0,0,,,1,27,42,27,11,4,1,0,0
SLN189907300,box,1899-07-30,0,STL05,R,1,SLN,BRO,1,0,1,0,1,,34,5,10,13,1,1,0,,5,,3,,3,,0,1,0,0,,0,6,1,1,1,0,0,0,0,1,0,27,43,42,9,6,15,21,1,1,1,0,1,,2,,0,0,0,0,0,0,0,0,0,0,,,1,27,49,27,14,8,1,0,1
SLN189908010,box,1899-08-01,0,STL05,R,1,SLN,BSN,1,1,0,0,1,,52,8,15,22,1,3,0,,8,,1,,2,,0,1,0,0,,0,7,1,1,0,0,0,1,1,0,0,42,64,58,7,7,17,24,3,2,0,0,3,,2,,2,1,0,0,1,0,0,0,0,0,,,1,42,73,42,26,5,0,0,0
SLN189908021,box,1899-08-02,1,STL05,R,1,SLN,BSN,1,0,1,0,1,,34,2,7,8,1,0,0,,2,,3,,5,,0,0,0,2,,0,8,1,1,0,0,0,1,0,1,0,27,44,37,10,7,13,18,2,0,1,0,4,,,,0,3,0,0,0,0,0,0,0,0,,,1,27,51,27,18,6,0,0,0
SLN189908022,box,1899-08-02,2,STL05,R,1,SLN,BSN,1,0,1,0,1,,33,1,8,9,1,0,0,,1,,1,,1,,0,0,0,3,,0,6,1,1,1,0,0,0,0,1,0,27,39,33,5,5,8,10,0,1,0,0,3,,0,,0,3,0,0,0,0,0,0,0,0,,,1,27,43,27,14,2,0,0,0
CHN189908030,box,1899-08-03,0,CHI08,R,0,SLN,CHN,1,0,1,0,1,,28,0,4,4,0,0,0,,0,,4,0,3,0,0,2,0,2,1,0,7,1,1,1,0,0,0,0,1,0,24,31,27,1,1,4,5,1,0,0,0,2,0,2,0,1,1,0,0,0,0,0,0,0,0,,,1,24,41,24,16,1,0,0,0
CHN189908040,box,1899-08-04,0,CHI08,R,0,SLN,CHN,1,0,1,0,1,,34,3,9,10,1,0,0,,3,,2,,1,,0,1,0,0,,0,7,1,1,1,0,0,0,0,1,0,24,40,34,8,8,18,20,2,0,0,0,2,,1,,0,4,0,0,0,0,0,0,0,0,,,1,24,49,24,22,3,0,0,0
PIT189908050,box,1899-08-05,0,PIT05,R,0,SLN,PIT,1,0,1,0,1,,29,0,4,5,1,0,0,,0,,0,0,0,0,1,0,0,0,0,0,6,1,1,1,0,0,0,0,1,0,21,30,29,4,2,7,7,0,0,0,0,1,0,2,0,0,0,0,0,0,0,0,0,0,0,,,1,21,31,21,8,2,0,0,2
CIN189908062,box,1899-08-06,2,CIN05,R,0,SLN,CIN,1,0,1,0,1,,27,2,3,3,0,0,0,,2,,2,,1,,0,2,0,0,,0,2,1,1,1,0,0,0,0,1,0,24,33,26,4,4,5,6,1,0,0,0,3,,0,,1,3,0,0,0,0,0,0,0,0,,,1,24,45,24,21,0,0,0,0
PIT189908071,box,1899-08-07,1,PIT05,R,0,SLN,PIT,1,1,0,0,1,,43,11,16,22,2,2,0,,10,,3,,2,,2,2,0,0,,0,12,1,1,1,0,0,0,1,0,0,27,41,38,5,5,12,13,1,0,0,0,1,,2,,2,0,0,0,0,0,0,0,0,0,,,1,27,40,27,13,0,1,0,1
PIT189908072,box,1899-08-07,2,PIT05,R,0,SLN,PIT,1,0,1,0,1,,29,1,5,5,0,0,0,,0,,4,,4,,0,1,0,1,,0,6,1,1,1,0,0,0,0,1,0,24,33,26,3,1,4,5,1,0,0,0,4,,3,,1,2,0,0,0,0,0,0,0,0,,,1,24,38,24,12,2,1,0,0
BLN189908080,box,1899-08-08,0,BAL07,R,0,SLN,BLN,1,0,1,0,1,,38,5,14,17,3,0,0,,3,,2,,,,1,1,0,1,,0,10,1,1,1,0,0,0,0,1,0,24,40,32,7,5,15,17,0,1,0,0,2,,,,2,4,0,0,0,0,0,0,0,0,,,1,24,43,24,16,3,1,0,0
BLN189908090,box,1899-08-09,0,BAL07,R,0,SLN,BLN,1,1,0,0,1,,37,6,10,18,3,1,1,,6,,2,,,,0,0,0,0,,0,6,1,1,1,0,0,0,1,0,0,27,36,34,3,0,10,14,2,1,0,0,0,0,,,0,2,0,0,0,0,0,0,0,0,,,1,27,48,27,17,4,0,0,1
BLN189908100,box,1899-08-10,0,BAL07,R,0,SLN,BLN,1,0,1,0,1,,33,4,7,12,1,2,0,,4,,0,0,3,,0,0,0,1,,0,2,1,1,1,0,0,0,0,1,0,24,35,33,7,6,13,22,3,3,0,0,1,,3,,0,1,0,0,0,0,0,0,0,0,,,1,24,41,24,15,2,2,0,0
WSN189908120,box,1899-08-12,0,WAS06,R,0,SLN,WSN,1,1,0,0,1,,38,9,12,17,3,1,0,,7,,1,,2,,0,0,0,4,,0,6,1,1,1,0,0,0,1,0,0,27,37,37,3,3,9,13,2,1,0,0,0,0,1,,0,0,0,0,0,0,0,0,0,0,,,1,27,41,27,12,2,1,0,0
WSN189908150,box,1899-08-15,0,WAS06,R,0,SLN,WSN,1,1,0,0,1,,36,8,10,12,2,0,0,,4,,5,,5,,0,3,0,2,,0,9,1,1,1,0,0,0,1,0,0,27,36,33,3,3,8,11,1,1,0,0,2,,5,,0,1,0,0,0,0,0,0,0,0,,,1,27,42,27,14,1,2,0,1
PHI189908160,box,1899-08-16,0,PHI09,R,0,SLN,PHI,1,0,1,0,1,,34,4,11,13,2,0,0,,4,,3,,2,,1,2,0,0,,0,9,1,1,0,0,0,1,0,1,0,24,39,35,9,7,12,17,3,1,0,0,3,,0,,1,0,0,0,0,0,0,0,0,0,,,1,24,42,24,17,1,1,0,0
PHI189908170,box,1899-08-17,0,PHI09,R,0,SLN,PHI,1,0,1,0,1,,36,6,9,11,2,0,0,,5,,3,,1,,0,0,0,0,,0,6,1,1,1,0,0,0,0,1,0,24,43,38,12,5,14,16,0,1,0,0,3,,1,,1,1,0,0,0,0,0,0,0,0,,,1,24,44,24,11,9,0,0,0
PHI189908181,box,1899-08-18,1,PHI09,R,0,SLN,PHI,1,1,0,0,1,,39,8,14,16,2,0,0,,6,,2,,2,,0,1,0,3,,0,7,1,1,1,1,0,0,1,0,0,27,30,29,0,0,5,5,0,0,0,0,0,0,1,,0,1,0,0,0,0,0,0,0,0,,,1,27,46,27,18,1,1,0,0
PHI189908182,box,1899-08-18,2,PHI09,R,0,SLN,PHI,1,0,1,0,1,,38,2,9,9,0,0,0,,2,,3,,2,,0,0,0,0,,0,10,1,1,1,0,0,0,0,1,0,28,40,33,3,3,9,12,3,0,0,0,5,,1,,0,2,0,0,0,0,0,0,0,0,,,1,28,48,28,20,0,1,0,0
CIN189908200,box,1899-08-20,0,CIN05,R,0,SLN,CIN,1,1,0,0,1,,39,10,9,12,1,1,0,,9,,7,,3,,1,1,0,1,,0,11,1,1,1,0,0,0,1,0,0,27,41,38,1,1,10,11,1,0,0,0,2,,,,1,0,0,0,0,0,0,0,0,0,,,1,27,34,27,6,1,0,0,0
SLN189908210,box,1899-08-21,0,STL05,R,1,SLN,CHN,1,1,0,0,1,,28,2,7,10,3,0,0,,0,,1,,2,,0,1,0,0,,0,4,1,1,1,1,0,0,1,0,0,27,37,37,0,0,7,7,0,0,0,0,0,0,,,0,0,0,0,0,0,0,0,0,0,,,1,27,40,27,10,3,0,0,0
SLN189908220,box,1899-08-22,0,STL05,R,1,SLN,CHN,1,1,0,0,1,,34,5,10,11,1,0,0,,3,,1,,3,,0,1,0,7,,0,7,1,1,1,0,0,0,1,0,0,27,34,32,1,1,6,11,1,2,0,0,1,,2,,1,0,0,0,0,0,0,0,0,0,,,1,27,38,27,11,0,0,0,0
SLN189908231,box,1899-08-23,1,STL05,R,1,SLN,CHN,1,1,0,0,1,,42,8,14,18,0,2,0,,6,,3,,2,,0,2,0,1,,0,13,1,1,0,0,0,1,1,0,0,27,39,31,7,6,8,15,0,2,1,0,4,,1,,1,3,0,0,0,0,0,0,0,0,,,1,27,43,27,15,1,0,0,0
SLN189908232,box,1899-08-23,2,STL05,R,1,SLN,CHN,1,0,1,0,1,,30,7,7,7,0,0,0,,7,,4,,1,,0,0,0,0,,0,6,1,1,0,0,0,1,0,1,0,21,39,31,12,9,11,13,0,1,0,0,5,,1,,1,2,0,0,0,0,0,0,0,0,,,1,21,37,21,11,5,2,0,0
SLN189908240,box,1899-08-24,0,STL05,R,1,SLN,PHI,1,1,0,0,1,,32,5,11,11,0,0,0,,4,,2,,0,,0,0,0,4,,0,5,1,1,1,1,0,0,1,0,0,27,31,31,0,0,3,4,1,0,0,0,0,0,2,,0,0,0,0,0,0,0,0,0,0,,,1,27,47,27,18,2,1,0,0
SLN189908251,box,1899-08-25,1,STL05,R,1,SLN,PHI,1,1,0,0,1,,34,7,9,13,0,2,0,,3,,2,,,,0,0,0,0,,0,5,1,1,1,0,0,0,1,0,0,27,31,29,2,2,4,8,1,0,1,0,1,,1,,0,1,0,0,0,0,0,0,0,0,,,1,27,38,27,11,0,1,0,0
SLN189908252,box,1899-08-25,2,STL05,R,1,SLN,PHI,1,1,0,0,1,,31,3,10,11,1,0,0,,2,,2,,2,,2,0,0,3,,0,8,1,1,1,0,0,0,1,0,0,27,29,28,1,1,3,7,0,2,0,0,1,,1,,0,0,0,0,0,0,0,0,0,0,,,1,27,43,27,15,1,1,0,0
SLN189908260,box,1899-08-26,0,STL05,R,1,SLN,PHI,1,0,1,0,1,,36,4,10,15,0,1,1,,4,,1,,,,0,1,0,2,,0,7,1,1,1,0,0,0,0,1,0,27,38,34,5,4,9,11,0,1,0,0,2,,,,1,1,0,0,0,0,0,0,0,0,,,1,27,38,26,11,1,0,0,0
SLN189908271,box,1899-08-27,1,STL05,R,1,SLN,WSN,1,1,0,0,1,,45,16,20,34,4,2,2,,14,,2,,1,,1,1,0,5,,0,9,1,1,1,0,0,0,1,0,0,27,37,36,2,1,10,12,0,1,0,0,1,,0,,0,0,0,0,0,0,0,0,0,0,,,1,27,45,27,14,4,1,0,0
SLN189908272,box,1899-08-27,2,STL05,R,1,SLN,WSN,1,0,1,0,1,,41,9,16,21,2,0,1,,7,,4,,,,0,0,0,7,,0,9,1,1,0,0,0,1,0,1,0,27,49,43,15,10,17,25,0,1,2,0,5,,,,1,0,0,0,0,0,0,0,0,0,,,1,27,50,27,18,5,0,0,0
SLN189908280,box,1899-08-28,0,STL05,R,1,SLN,WSN,1,0,1,0,1,,44,12,12,26,1,2,3,,12,,4,,5,,0,0,0,3,,0,9,1,1,0,0,0,1,0,1,0,27,50,42,14,12,18,24,1,1,1,0,5,,2,,0,2,0,0,0,1,0,0,0,0,,,1,27,43,26,16,1,0,0,1
SLN189908290,box,1899-08-29,0,STL05,R,1,SLN,WSN,1,0,1,0,1,,39,7,13,16,0,0,1,,6,,3,,3,,2,0,0,6,,0,10,1,1,0,0,0,1,0,1,0,27,47,36,13,9,12,21,0,3,1,0,9,,4,,1,0,0,0,1,1,0,0,0,0,,,1,27,52,27,20,5,2,0,0
SLN189908310,box,1899-08-31,0,STL05,R,1,SLN,BLN,1,1,0,0,1,,33,5,8,9,1,0,0,,4,,3,,1,,1,0,0,0,,0,8,1,1,1,0,0,0,1,0,0,27,39,37,3,1,8,9,1,0,0,0,1,,2,,0,1,0,0,0,0,0,0,0,0,,,1,27,43,27,12,4,1,0,0
SLN189909010,box,1899-09-01,0,STL05,R,1,SLN,BLN,1,1,0,0,1,,32,7,7,9,2,0,0,,5,,4,,2,,0,0,0,2,,0,5,1,1,1,0,0,0,1,0,0,27,39,35,6,3,10,11,1,0,0,0,4,,1,,0,0,0,0,0,0,0,0,0,0,,,1,27,50,27,20,3,0,0,0
SLN189909020,box,1899-09-02,0,STL05,R,1,SLN,BLN,1,1,0,0,1,,37,8,14,24,1,3,1,,7,,0,0,1,0,0,0,0,2,0,0,5,1,1,1,0,0,0,1,0,0,27,38,37,4,1,10,12,2,0,0,0,0,0,,0,0,1,0,0,0,0,0,0,0,0,,,1,27,43,27,13,3,0,0,0
CHN189909030,box,1899-09-03,0,CHI08,R,0,SLN,CHN,1,1,0,0,1,,37,7,13,18,2,0,1,,6,,4,,1,,0,0,0,2,,0,7,1,1,1,0,0,0,1,0,0,27,36,28,1,0,6,8,0,1,0,0,5,,1,,0,3,0,0,0,0,0,0,0,0,,,1,27,46,27,18,1,1,0,0
SLN189909041,box,1899-09-04,1,STL05,R,1,SLN,LS3,1,0,1,0,1,,36,2,7,7,0,0,0,,2,,0,0,1,,0,0,0,1,,0,7,1,1,0,0,0,1,0,1,0,27,48,39,14,9,17,26,1,1,2,0,5,,1,,1,3,0,0,0,0,0,0,0,0,,,1,27,45,26,15,4,0,0,0
SLN189909042,box,1899-09-04,2,STL05,R,1,SLN,LS3,1,1,0,0,1,,29,2,7,8,1,0,0,,1,,1,,1,,0,2,0,1,,0,6,1,1,1,0,0,0,1,0,0,24,31,29,1,0,3,3,0,0,0,0,1,,1,,0,1,0,0,0,0,0,0,0,0,,,1,24,40,24,12,4,0,0,0
SLN189909050,box,1899-09-05,0,STL05,R,1,SLN,LS3,1,0,0,1,1,,34,4,7,7,0,0,0,,3,,4,,0,,0,0,0,0,,0,7,1,1,1,0,0,0,0,0,0,27,38,31,4,4,12,18,1,1,1,0,3,,,,0,4,0,0,0,0,0,0,0,0,,,1,27,52,27,21,4,2,0,0
SLN189909070,box,1899-09-07,0,STL05,R,1,SLN,CIN,1,0,1,0,1,,31,2,7,9,2,0,0,,2,,0,0,6,0,0,0,0,0,1,0,4,1,1,1,0,0,0,0,1,0,27,35,29,4,3,6,13,1,0,2,0,3,0,4,0,1,2,0,0,0,0,0,0,0,0,,,1,27,43,27,14,2,0,0,0
SLN189909080,box,1899-09-08,0,STL05,R,1,SLN,CIN,1,1,0,0,1,,40,12,15,33,1,1,5,,11,,3,,1,,0,0,0,0,,0,7,1,1,1,0,0,0,1,0,0,27,38,36,3,2,11,13,0,1,0,0,1,,5,,1,0,0,0,0,0,0,0,0,0,,,1,27,44,27,15,2,2,0,0
SLN189909090,box,1899-09-09,0,STL05,R,1,SLN,CIN,1,1,0,0,1,,35,12,15,21,1,1,1,,11,,3,,4,,2,1,0,1,,0,7,1,1,1,0,0,0,1,0,0,24,35,29,6,2,6,12,0,0,2,0,4,,2,,2,0,0,0,1,0,0,0,0,0,,,1,24,39,24,14,1,2,0,0
BSN189909110,box,1899-09-11,0,BOS05,R,0,SLN,BSN,1,0,1,0,1,,32,2,8,8,0,0,0,,1,,3,,,,0,0,0,2,,0,6,1,1,1,0,0,0,0,1,0,24,33,31,5,4,8,13,0,1,1,0,2,,,,0,0,0,0,1,0,0,0,0,0,,,1,24,36,24,9,3,1,0,0
BSN189909131,box,1899-09-13,1,BOS05,R,0,SLN,BSN,1,0,1,0,1,,32,3,9,10,1,0,0,,2,,7,,2,,0,2,0,0,,0,11,1,1,1,0,0,0,0,1,0,24,33,31,6,3,9,10,1,0,0,0,0,0,1,,0,2,0,0,0,0,0,0,0,0,,,1,24,43,24,15,4,0,0,0
BSN189909132,box,1899-09-13,2,BOS05,R,0,SLN,BSN,1,0,1,0,1,,24,3,5,10,2,0,1,,3,,1,0,2,0,1,0,0,1,0,0,5,1,1,1,0,0,0,0,1,0,18,30,25,5,1,7,9,0,1,0,0,4,0,2,0,1,0,0,0,0,0,0,0,0,0,,,1,18,28,18,8,2,0,0,0
BSN189909141,box,1899-09-14,1,BOS05,R,0,SLN,BSN,1,1,0,0,1,,40,11,10,12,2,0,0,,8,,3,,1,,0,3,0,1,,0,8,1,1,1,0,0,0,1,0,0,27,41,40,1,1,12,14,0,1,0,0,1,,1,,0,0,0,0,0,0,0,0,0,0,,,1,27,41,27,9,5,2,0,0
BSN189909142,box,1899-09-14,2,BOS05,R,0,SLN,BSN,1,1,0,0,1,,29,7,11,12,1,0,0,,7,,1,,4,,0,1,0,1,,0,6,1,1,1,0,0,0,1,0,0,18,30,23,4,1,6,7,1,0,0,0,4,,0,,1,2,0,0,0,0,0,0,0,0,,,1,18,31,18,9,4,0,0,0
NY1189909150,box,1899-09-15,0,NYC10,R,0,SLN,NY1,1,0,1,0,1,,35,5,11,11,0,0,0,,5,,8,0,1,1,0,0,0,0,0,0,14,1,1,1,0,0,0,0,1,0,24,42,41,10,8,18,18,0,0,0,0,1,0,,0,0,0,0,0,0,0,0,0,0,0,,,1,24,35,24,6,5,0,0,0
NY1189909160,box,1899-09-16,0,NYC10,R,0,SLN,NY1,1,1,0,0,1,,31,6,10,14,4,0,0,,5,,3,0,0,0,0,1,0,2,0,0,8,1,1,1,1,0,0,1,0,0,24,30,29,0,0,4,4,0,0,0,0,1,0,3,0,0,0,0,0,0,0,0,0,0,0,,,1,24,39,24,13,2,1,0,0
NY1189909170,box,1899-09-17,0,WNY01,R,0,SLN,NY1,1,1,0,0,1,,39,14,19,31,2,5,0,,13,,4,,4,,0,0,0,2,,0,5,1,1,1,0,0,0,1,0,0,27,43,36,4,3,10,12,2,0,0,0,6,,3,,0,1,0,0,0,0,0,0,0,0,,,1,27,45,27,16,2,1,0,2
NY1189909190,box,1899-09-19,0,NYC10,R,0,SLN,NY1,1,1,0,0,1,,32,13,15,20,1,2,0,,9,,8,0,1,1,2,2,0,1,1,0,7,1,1,1,0,0,0,1,0,0,24,35,31,2,2,8,8,0,0,0,0,3,0,,1,1,0,0,0,0,0,0,0,0,0,,,1,24,36,24,12,0,1,0,0
BRO189909200,box,1899-09-20,0,NYC12,R,0,SLN,BRO,1,1,0,0,1,,33,5,10,12,2,0,0,,4,,5,0,,1,0,1,0,0,1,0,10,1,1,1,0,0,0,1,0,0,24,37,35,3,3,12,14,2,0,0,0,1,0,,0,0,1,0,0,0,0,0,0,0,0,,,1,24,33,24,8,1,0,0,0
BRO189909220,box,1899-09-22,0,NYC12,R,0,SLN,BRO,1,0,1,0,1,,28,0,2,2,0,0,0,,0,,2,0,0,1,0,0,0,0,1,0,3,1,1,1,0,0,0,0,1,0,24,32,31,2,2,5,8,1,1,0,0,1,0,0,1,0,0,0,0,1,0,0,0,0,0,,,1,24,39,24,12,3,1,0,0
SLN189909241,box,1899-09-24,1,STL05,R,1,SLN,LS3,1,0,1,0,1,,35,6,8,13,0,1,1,,6,,2,,,,0,0,0,4,,0,4,1,1,1,0,0,0,0,1,0,24,35,34,7,3,9,10,1,0,0,0,1,,,,0,0,0,0,0,0,0,0,0,0,,,1,24,45,24,17,4,0,0,0
SLN189909250,box,1899-09-25,0,STL05,R,1,SLN,LS3,1,0,1,0,1,,37,3,10,16,4,1,0,,3,,1,,1,,1,1,0,0,,0,10,1,1,1,0,0,0,0,1,0,27,52,40,16,7,12,16,2,1,0,0,5,,3,,2,5,0,0,0,0,0,0,0,0,,,1,27,48,27,14,7,0,0,1
SLN189909260,box,1899-09-26,0,STL05,R,1,SLN,CL4,1,1,0,0,1,,42,15,22,42,5,6,1,,11,,1,,1,,1,0,0,1,,0,5,1,1,1,0,0,0,1,0,0,27,41,40,3,1,12,14,0,1,0,0,1,,1,,0,0,0,0,0,0,0,0,0,0,,,1,27,49,27,16,6,2,0,0
SLN189909270,box,1899-09-27,0,STL05,R,1,SLN,LS3,1,1,0,0,1,,32,3,10,10,0,0,0,,3,,0,0,0,,0,1,0,2,,0,6,1,1,1,0,0,0,1,0,0,27,35,34,2,1,6,6,0,0,0,0,0,0,1,,0,1,0,0,0,0,0,0,0,0,,,1,27,47,27,18,2,0,0,0
SLN189909280,box,1899-09-28,0,STL05,R,1,SLN,LS3,1,1,0,0,1,,34,7,12,18,1,1,1,,6,,2,0,2,0,1,0,0,1,1,0,6,1,1,1,0,0,0,1,0,0,27,36,34,3,3,8,12,0,2,0,0,0,0,2,0,0,1,0,0,0,1,0,0,0,0,,,1,27,43,27,15,1,0,0,0
SLN189909300,box,1899-09-30,0,STL05,R,1,SLN,CL4,1,1,0,0,1,,37,10,20,22,2,0,0,,7,,3,,0,,0,0,0,2,,0,9,1,1,1,0,0,0,1,0,0,24,34,32,3,2,9,13,1,0,1,0,1,,2,,0,1,0,0,0,0,0,0,0,0,,,1,24,42,24,14,4,2,0,0
SLN189910010,box,1899-10-01,0,STL05,R,1,SLN,CL4,1,1,0,0,1,,29,4,4,9,0,1,1,,3,,2,,4,,1,1,0,1,,0,5,1,1,1,0,0,0,1,0,0,27,35,30,3,2,4,6,2,0,0,0,5,,1,,0,0,0,0,0,0,0,0,0,0,,,1,27,43,27,15,1,1,0,0
SLN189910020,box,1899-10-02,0,STL05,R,1,SLN,PIT,1,0,1,0,1,,36,6,10,14,0,2,0,,6,,3,,,,0,1,0,1,,0,7,1,1,1,0,0,0,0,1,0,27,43,41,7,4,12,17,0,1,1,0,1,,3,,1,0,0,0,0,0,0,0,0,0,,,1,27,43,26,10,7,1,0,0
SLN189910030,box,1899-10-03,0,STL05,R,1,SLN,PIT,1,0,1,0,1,,37,6,10,15,2,0,1,,6,,3,,4,,0,1,0,3,,0,8,1,1,1,0,0,0,0,1,0,27,43,42,9,6,15,27,0,3,2,0,1,,3,,0,0,0,0,0,0,0,0,0,0,,,1,27,44,27,13,4,3,0,1
SLN189910040,box,1899-10-04,0,STL05,R,1,SLN,PIT,1,0,1,0,1,,37,4,8,8,0,0,0,,4,,6,,3,,0,0,0,1,,0,12,1,1,0,0,0,1,0,1,0,27,39,38,8,5,11,14,3,0,0,0,0,0,1,,0,1,0,0,0,0,0,0,0,0,,,1,27,50,27,18,5,0,0,0
SLN189910050,box,1899-10-05,0,STL05,R,1,SLN,PIT,1,0,1,0,1,,41,6,15,21,3,0,1,,6,,4,,3,,0,0,0,1,,0,12,1,1,1,0,0,0,0,1,0,24,36,33,9,8,10,12,2,0,0,0,3,,1,,0,0,0,0,0,0,0,0,0,0,,,1,24,41,24,13,4,1,0,0
SLN189910081,box,1899-10-08,1,STL05,R,1,SLN,CIN,1,1,0,0,1,,34,8,10,16,1,1,1,,8,,5,,0,,0,3,0,3,,0,8,1,1,0,0,0,1,1,0,0,30,43,40,7,1,7,10,1,1,0,0,0,0,3,,0,3,0,0,0,0,0,0,0,0,,,1,30,66,30,26,10,0,0,0
SLN189910082,box,1899-10-08,2,STL05,R,1,SLN,CIN,1,0,0,1,1,,17,1,4,5,1,0,0,,1,,0,0,2,,0,1,0,0,,0,2,1,1,1,0,0,0,0,0,0,15,18,16,1,1,4,6,0,1,0,0,1,,0,,1,0,0,0,0,0,0,0,0,0,,,1,15,24,15,9,0,1,0,0
SLN189910091,box,1899-10-09,1,STL05,R,1,SLN,CIN,1,1,0,0,1,,30,6,9,12,3,0,0,,6,,3,,1,,0,1,0,2,,0,4,1,1,1,0,0,0,1,0,0,27,42,38,4,4,10,11,1,0,0,0,4,,0,,0,0,0,0,0,0,0,0,0,0,,,1,27,46,27,16,3,0,0,0
SLN189910092,box,1899-10-09,2,STL05,R,1,SLN,CIN,1,0,0,1,1,,28,6,9,11,2,0,0,,4,,5,0,0,0,0,0,0,4,0,0,9,1,1,0,0,0,1,0,0,0,18,28,21,6,6,7,14,1,3,0,0,5,0,6,1,0,2,0,0,0,0,0,0,0,0,,,1,18,29,18,9,2,1,0,0
CHN189910151,box,1899-10-15,1,CHI08,R,0,SLN,CHN,1,0,1,0,1,,30,0,3,4,1,0,0,,0,,3,,3,,0,0,0,1,,0,6,1,1,1,0,0,0,0,1,0,24,37,32,7,3,7,9,0,1,0,0,3,,1,,0,2,0,0,0,0,0,0,0,0,,,1,24,50,24,19,7,0,0,0
PHI189904140,box,1899-04-14,0,PHI09,R,0,WSN,PHI,1,0,1,0,1,,37,5,8,9,1,0,0,,5,,2,0,2,1,0,1,0,1,0,0,8,1,1,1,0,0,0,0,1,0,24,37,32,6,6,9,15,4,1,0,0,4,0,3,0,1,0,0,0,1,0,0,0,0,0,,,1,24,32,24,7,1,0,0,0
PHI189904150,box,1899-04-15,0,PHI09,R,0,WSN,PHI,1,0,1,0,1,,34,5,9,12,1,1,0,,3,,0,0,0,1,2,1,0,2,0,0,5,1,1,1,0,0,0,0,1,0,24,40,38,6,3,12,15,1,1,0,0,2,0,0,0,0,0,0,0,0,0,0,0,0,0,,,1,24,36,24,9,3,0,0,1
PHI189904170,box,1899-04-17,0,PHI09,R,0,WSN,PHI,1,0,1,0,1,,36,4,6,8,2,0,0,,3,,0,0,0,0,1,0,0,1,0,0,6,1,1,0,0,0,1,0,1,0,24,42,39,11,10,18,21,3,0,0,0,2,0,,0,0,1,0,0,1,0,0,0,0,0,,,1,24,41,24,14,3,0,0,0
WSN189904180,box,1899-04-18,0,WAS06,R,1,WSN,PHI,1,1,0,0,1,,33,6,9,17,2,3,0,,4,,0,0,2,0,1,1,0,0,0,0,5,1,1,1,0,0,0,1,0,0,27,40,35,4,2,8,11,3,0,0,0,1,0,0,0,2,2,0,0,1,0,0,0,0,0,,,1,27,43,27,13,3,0,0,0
WSN189904190,box,1899-04-19,0,WAS06,R,1,WSN,PHI,1,0,1,0,1,,31,2,4,4,0,0,0,,2,,2,,0,,0,0,0,1,,0,4,1,1,0,0,0,1,0,1,0,27,51,49,16,15,24,38,2,3,2,0,2,,,,0,0,0,0,0,0,0,0,0,0,,,1,27,47,27,18,2,0,0,0
WSN189904200,box,1899-04-20,0,WAS06,R,1,WSN,BSN,1,0,1,0,1,,27,1,3,3,0,0,0,,0,,5,,3,,2,0,0,0,,0,7,1,1,1,0,0,0,0,1,0,27,54,46,17,8,21,23,2,0,0,0,4,,0,,1,3,0,0,0,0,0,0,0,0,,,1,27,45,27,13,5,1,0,0
WSN189904210,box,1899-04-21,0,WAS06,R,1,WSN,BSN,1,0,1,0,1,,29,3,8,11,1,1,0,,3,,6,0,,2,0,2,0,1,0,0,7,1,1,1,0,0,0,0,1,0,24,40,33,7,6,12,13,1,0,0,0,5,0,3,0,0,2,0,0,1,0,0,0,0,0,,,1,24,37,24,12,1,0,0,0
WSN189904220,box,1899-04-22,0,WAS06,R,1,WSN,BSN,1,0,1,0,1,,32,4,9,11,2,0,0,,4,,4,0,1,2,2,1,0,1,0,0,8,1,1,1,0,0,0,0,1,0,24,40,34,7,7,13,14,1,0,0,0,5,0,4,0,1,0,0,0,0,0,0,0,0,0,,,1,24,39,24,13,2,0,0,0
WSN189904240,box,1899-04-24,0,WAS06,R,1,WSN,BSN,1,0,1,0,1,,32,1,6,10,1,0,1,,1,,1,0,1,0,0,0,0,1,0,0,8,1,1,1,0,0,0,0,1,0,21,40,34,10,8,11,18,2,1,1,0,5,0,1,1,0,1,0,0,0,0,0,0,0,0,,,1,21,35,21,9,5,1,0,0
WSN189904250,box,1899-04-25,0,WAS06,R,1,WSN,NY1,1,1,0,0,1,,37,9,11,19,1,2,1,,7,,5,0,0,0,0,1,0,1,2,0,7,1,1,0,0,0,1,1,0,0,27,39,33,8,6,10,15,1,2,0,0,4,0,2,0,1,1,0,0,0,0,0,0,0,0,,,1,27,45,27,16,2,2,0,0
WSN189904270,box,1899-04-27,0,WAS06,R,1,WSN,NY1,1,0,1,0,1,,33,2,7,8,1,0,0,,1,,2,0,5,1,0,0,0,0,0,0,6,1,1,1,0,0,0,0,1,0,24,35,33,7,1,11,12,1,0,0,0,1,0,,0,0,1,0,0,0,0,0,0,0,0,,,1,24,40,24,14,2,0,0,0
WSN189904280,box,1899-04-28,0,WAS06,R,1,WSN,NY1,1,1,0,0,1,,32,12,14,20,3,0,1,,12,,8,0,2,1,1,1,0,0,3,0,6,1,1,1,0,0,0,1,0,0,24,38,33,8,4,11,17,4,1,0,0,3,0,0,0,2,0,0,0,0,0,0,0,0,0,,,1,24,41,24,16,1,0,0,0
WSN189904290,box,1899-04-29,0,WAS06,R,1,WSN,BRO,1,1,0,0,1,,39,6,14,23,1,1,2,,6,,1,0,0,0,0,0,0,0,1,0,7,1,1,1,0,0,0,1,0,0,27,44,40,4,2,11,13,0,1,0,0,3,0,3,0,0,0,0,0,0,1,0,0,0,0,,,1,27,46,27,13,6,1,0,0
WSN189905010,box,1899-05-01,0,WAS06,R,1,WSN,BRO,1,0,1,0,1,,33,6,10,12,0,1,0,,4,,3,0,,1,1,1,0,4,2,0,5,1,1,1,0,0,0,0,1,0,24,41,37,7,6,12,21,2,2,1,0,4,0,0,0,0,0,0,0,0,0,0,0,0,0,,,1,24,39,24,12,3,0,0,2
WSN189905020,box,1899-05-02,0,WAS06,R,1,WSN,BRO,1,0,1,0,1,,28,0,4,4,0,0,0,,0,,4,0,1,2,0,0,0,1,0,0,5,1,1,1,0,0,0,0,1,0,24,37,32,7,2,7,12,0,1,1,0,2,0,1,0,2,0,0,0,0,1,0,0,0,0,,,1,24,43,24,14,5,0,0,0
WSN189905030,box,1899-05-03,0,WAS06,R,1,WSN,BRO,1,0,1,0,1,,29,1,4,4,0,0,0,,1,,2,0,2,0,0,0,0,2,1,0,6,1,1,1,0,0,0,0,1,0,24,35,29,2,2,6,8,2,0,0,0,5,0,4,0,1,0,0,0,0,0,0,0,0,0,,,1,24,36,24,11,1,0,0,0
NY1189905050,box,1899-05-05,0,NYC10,R,0,WSN,NY1,1,0,1,0,1,,31,4,7,9,0,1,0,,1,,5,0,5,0,0,0,0,4,3,0,5,1,1,1,0,0,0,0,1,0,26,36,33,5,3,11,11,0,0,0,0,3,0,4,1,0,0,0,0,0,0,0,0,0,0,,,1,26,37,26,10,1,2,0,0
NY1189905060,box,1899-05-06,0,NYC10,R,0,WSN,NY1,1,0,1,0,1,,33,2,7,11,2,1,0,,1,,2,0,1,0,2,0,0,2,2,0,8,1,1,1,0,0,0,0,1,0,24,31,30,3,2,7,7,0,0,0,0,1,0,0,0,0,0,0,0,0,0,0,0,0,0,,,1,24,41,24,16,1,0,0,0
NY1189905080,box,1899-05-08,0,NYC10,R,0,WSN,NY1,1,0,1,0,1,,33,2,9,9,0,0,0,,2,,1,0,5,0,1,0,0,1,1,0,6,1,1,1,0,0,0,0,1,0,24,39,34,6,5,11,14,3,0,0,0,3,0,2,0,0,2,0,0,0,0,0,0,0,0,,,1,24,40,24,11,5,0,0,1
NY1189905090,box,1899-05-09,0,NYC10,R,0,WSN,NY1,1,0,1,0,1,,32,1,6,6,0,0,0,,1,,6,0,,0,0,0,0,0,0,0,10,1,1,0,0,0,1,0,1,0,24,53,48,19,11,22,28,2,2,0,0,4,0,,0,0,1,0,0,2,0,0,0,0,0,,,1,24,46,24,14,8,0,0,1
BRO189905100,box,1899-05-10,0,NYC12,R,0,WSN,BRO,1,0,1,0,1,,39,7,13,17,2,1,0,,5,,3,0,,0,3,1,0,1,2,0,12,1,1,1,0,0,0,0,1,0,24,42,37,9,8,15,22,4,0,1,0,1,0,,0,3,1,0,0,0,0,0,0,0,0,,,1,24,35,23,10,2,1,0,0
BRO189905120,box,1899-05-12,0,NYC12,R,0,WSN,BRO,1,0,1,0,1,,27,0,4,5,1,0,0,,0,,3,0,2,2,1,0,0,0,2,0,4,1,1,1,0,0,0,0,1,0,24,31,29,3,3,7,13,2,2,0,0,1,0,2,0,0,1,0,0,0,0,0,0,0,0,,,1,24,37,24,12,1,0,0,0
BRO189905131,box,1899-05-13,1,NYC12,R,0,WSN,BRO,1,0,1,0,1,,31,1,8,9,1,0,0,,1,,6,0,2,3,0,2,0,1,0,0,11,1,1,1,0,0,0,0,1,0,24,41,39,12,11,14,23,1,4,0,0,0,0,3,0,2,0,0,0,1,0,0,0,0,0,,,1,24,36,24,11,1,0,0,0
BRO189905132,box,1899-05-13,2,NYC12,R,0,WSN,BRO,1,0,1,0,1,,29,3,4,7,1,1,0,,2,,2,0,0,2,0,1,0,0,0,0,3,1,1,1,0,0,0,0,1,0,24,37,33,7,6,8,11,1,1,0,0,4,0,,0,0,0,0,0,1,0,0,0,0,0,,,1,24,40,24,13,3,0,0,0
WSN189905150,box,1899-05-15,0,WAS06,R,1,WSN,BSN,1,1,0,0,1,,32,5,8,14,1,1,1,,5,,3,,2,,0,0,0,2,,0,3,1,1,1,0,0,0,1,0,0,27,33,33,2,2,9,10,1,0,0,0,0,0,3,,0,0,0,0,0,0,0,0,0,0,,,1,27,35,27,8,0,3,0,0
WSN189905160,box,1899-05-16,0,WAS06,R,1,WSN,BSN,1,0,1,0,1,,30,4,7,10,0,0,1,,4,,4,0,0,0,0,2,0,2,0,0,5,1,1,0,0,0,1,0,1,0,24,42,37,8,5,14,18,0,2,0,0,2,0,1,0,0,3,0,0,0,0,0,0,0,0,,,1,24,40,24,12,4,0,0,0
WSN189905191,box,1899-05-19,1,WAS06,R,1,WSN,PIT,1,0,1,0,1,,39,4,12,14,2,0,0,,4,,1,,2,,0,1,0,0,,0,10,1,1,1,0,0,0,0,1,0,27,43,37,11,6,12,17,2,0,1,0,2,,1,,1,3,0,0,0,0,0,0,0,0,,,1,27,47,27,14,6,3,0,0
WSN189905192,box,1899-05-19,2,WAS06,R,1,WSN,PIT,1,1,0,0,1,,38,10,11,18,2,1,1,,5,,4,,2,,0,0,0,3,,0,7,1,1,0,0,0,1,1,0,0,27,37,34,2,1,7,9,2,0,0,0,3,,,,0,0,0,0,0,0,0,0,0,0,,,1,27,39,27,8,4,1,0,1
PIT189905200,box,1899-05-20,0,PIT05,R,0,WSN,PIT,1,1,0,0,1,,37,7,10,11,1,0,0,,5,,1,0,2,0,1,1,0,2,1,0,6,1,1,1,0,0,0,1,0,0,27,41,35,6,5,10,16,2,2,0,0,5,0,7,0,1,0,0,0,1,0,0,0,0,0,,,1,27,42,27,14,1,0,0,0
CL4189905220,box,1899-05-22,0,CLE05,R,0,WSN,CL4,1,1,0,0,1,,42,14,16,24,1,2,1,,11,,2,0,,0,3,2,0,3,0,0,8,1,1,1,0,0,0,1,0,0,27,38,34,3,3,7,8,1,0,0,0,4,0,,1,0,0,0,0,0,0,0,0,0,0,,,1,27,51,27,21,3,1,0,0
CL4189905230,box,1899-05-23,0,CLE05,R,0,WSN,CL4,1,0,1,0,1,,37,3,8,9,1,0,0,,2,,3,0,4,0,0,1,0,1,1,0,11,1,1,0,0,0,1,0,1,0,24,32,28,4,2,8,11,0,0,1,0,2,0,0,0,1,1,0,0,0,0,0,0,0,0,,,1,24,41,24,15,2,1,0,0
CL4189905240,box,1899-05-24,0,CLE05,R,0,WSN,CL4,1,1,0,0,1,,37,8,14,20,0,3,0,,7,,2,0,,1,0,2,0,0,0,0,6,1,1,1,0,0,0,1,0,0,27,44,39,6,1,12,14,2,0,0,0,5,0,,0,0,0,0,0,0,0,0,0,0,0,,,1,27,44,27,14,3,2,0,0
CHN189905250,box,1899-05-25,0,CHI08,R,0,WSN,CHN,1,1,0,0,1,,42,11,14,22,1,2,1,,10,,0,0,0,,2,0,0,1,,0,6,1,1,1,0,0,0,1,0,0,27,38,37,5,4,8,15,0,2,1,0,1,,2,,0,0,0,0,1,0,0,0,0,0,,,1,27,41,27,11,3,1,0,0
CHN189905260,box,1899-05-26,0,CHI08,R,0,WSN,CHN,1,1,0,0,1,,29,2,2,4,2,0,0,,2,,0,0,2,,0,1,0,0,,0,1,1,1,1,1,0,0,1,0,0,27,36,31,0,0,6,7,1,0,0,0,3,,,,1,1,0,0,1,0,0,0,0,0,,,1,27,47,27,18,2,1,0,1
CHN189905270,box,1899-05-27,0,CHI08,R,0,WSN,CHN,1,0,1,0,1,,32,1,6,8,2,0,0,,1,,2,0,1,0,0,0,0,0,0,0,6,1,1,1,0,0,0,0,1,0,24,34,34,5,2,8,9,1,0,0,0,0,0,2,1,0,0,0,0,0,0,0,0,0,0,,,1,24,40,24,11,5,1,0,0
CHN189905280,box,1899-05-28,0,CHI08,R,0,WSN,CHN,1,1,0,0,1,,38,4,14,15,1,0,0,,4,,2,0,2,0,0,1,0,1,0,0,10,1,1,0,0,0,1,1,0,1,27,39,33,3,3,9,9,0,0,0,0,4,0,1,1,0,2,0,0,0,0,0,0,0,0,,,1,27,47,27,16,4,2,0,0
PIT189905301,box,1899-05-30,1,PIT05,R,0,WSN,PIT,1,0,1,0,1,,36,3,9,13,2,1,0,,3,,2,,,,0,1,0,0,,0,6,1,1,0,0,0,1,0,1,0,28,44,39,4,3,11,13,2,0,0,0,2,,2,,2,1,0,0,0,0,0,0,0,0,,,1,28,44,28,14,2,1,0,0
PIT189905302,box,1899-05-30,2,PIT05,R,0,WSN,PIT,1,0,1,0,1,,37,4,8,10,2,0,0,,4,,2,,5,,0,0,0,2,,0,8,1,1,1,0,0,0,0,1,0,24,37,31,5,3,10,13,1,1,0,0,5,,4,,0,1,0,0,0,0,0,0,0,0,,,1,24,37,24,11,2,1,0,0
WSN189905310,box,1899-05-31,0,WAS06,R,1,WSN,PIT,1,0,1,0,1,,31,1,4,7,0,0,1,,1,,2,0,1,1,0,0,0,1,0,0,5,1,1,1,0,0,0,0,1,0,24,34,33,5,5,10,18,2,3,0,0,1,0,2,0,0,0,0,0,0,0,0,0,0,0,,,1,24,33,24,8,1,0,0,0
WSN189906010,box,1899-06-01,0,WAS06,R,1,WSN,PIT,1,0,1,0,1,,39,10,14,18,4,0,0,,8,,4,,1,,0,0,0,2,,0,9,1,1,0,0,0,1,0,1,0,24,42,35,11,11,14,24,0,5,0,0,5,,1,,1,1,0,0,1,0,0,0,0,0,,,1,24,39,24,14,1,2,0,0
WSN189906020,box,1899-06-02,0,WAS06,R,1,WSN,SLN,1,0,1,0,1,,30,2,3,3,0,0,0,,1,,1,0,1,0,0,0,0,0,1,0,2,1,1,1,0,0,0,0,1,0,27,41,35,7,4,10,10,0,0,0,0,5,0,3,0,0,1,0,0,0,0,0,0,0,0,,,1,27,38,27,10,1,0,0,0
WSN189906030,box,1899-06-03,0,WAS06,R,1,WSN,SLN,1,1,0,0,1,,41,11,17,23,1,1,1,,10,,2,,,,0,2,0,1,,0,7,1,1,1,0,0,0,1,0,0,27,38,35,2,2,9,10,1,0,0,0,2,,,,1,0,0,0,0,0,0,0,0,0,,,1,27,31,27,4,0,0,0,0
WSN189906050,box,1899-06-05,0,WAS06,R,1,WSN,SLN,1,1,0,0,1,,39,11,16,21,0,1,1,,11,,1,,,,0,2,0,1,,0,4,1,1,1,0,0,0,1,0,0,27,37,34,3,3,7,8,1,0,0,0,2,,,,1,0,0,0,0,0,0,0,0,0,,,1,27,47,27,18,2,0,0,0
WSN189906060,box,1899-06-06,0,WAS06,R,1,WSN,CHN,1,1,0,0,1,,33,3,7,11,2,1,0,,3,,1,,1,,0,1,0,0,,0,5,1,1,1,0,0,0,1,0,0,27,31,30,1,1,5,8,1,1,0,0,1,,1,,0,0,0,0,0,0,0,0,0,0,,,1,27,43,27,15,1,1,0,0
WSN189906070,box,1899-06-07,0,WAS06,R,1,WSN,CHN,1,1,0,0,1,,41,8,14,21,1,0,2,,7,,1,,3,,1,0,0,0,,0,8,1,1,1,0,0,0,1,0,0,27,35,33,3,3,9,15,4,1,0,0,2,,1,,0,0,0,0,0,0,0,0,0,0,,,1,27,42,27,15,0,1,0,0
WSN189906080,box,1899-06-08,0,WAS06,R,1,WSN,CHN,1,1,0,0,1,,40,5,9,11,0,1,0,,5,,1,,1,,0,0,0,2,,0,6,1,1,1,0,0,0,1,0,0,30,43,38,4,3,9,14,2,0,1,0,4,,4,,1,0,0,0,0,0,0,0,0,0,,,1,30,51,30,19,2,0,0,0
PHI189906090,box,1899-06-09,0,PHI09,R,0,WSN,PHI,1,0,1,0,1,,18,1,2,3,1,0,0,,0,,2,,3,,0,0,0,1,,0,4,1,1,0,0,0,1,0,1,0,13,27,25,9,7,15,16,1,0,0,0,2,,0,,0,0,0,0,0,0,0,0,0,0,,,1,13,30,13,11,6,2,0,1
WSN189906131,box,1899-06-13,1,WAS06,R,1,WSN,PHI,1,0,1,0,1,,37,10,15,18,3,0,0,,9,,4,,,,2,0,0,0,,0,6,1,1,0,0,0,1,0,1,0,24,42,37,11,8,12,20,1,2,1,0,3,,,,2,0,0,0,0,0,0,0,0,0,,,1,24,35,24,8,3,0,0,0
WSN189906132,box,1899-06-13,2,WAS06,R,1,WSN,PHI,1,0,1,0,1,,30,0,3,4,1,0,0,,0,,2,,0,,0,0,0,1,,0,5,1,1,1,0,0,0,0,1,0,24,32,31,2,2,8,9,1,0,0,0,0,0,0,,0,1,0,0,0,0,0,0,0,0,,,1,24,40,24,14,2,1,0,1
WSN189906140,box,1899-06-14,0,WAS06,R,1,WSN,BLN,1,0,1,0,1,,35,3,10,12,0,1,0,,3,,3,,1,,1,0,0,0,,0,9,1,1,0,0,0,1,0,1,0,24,40,32,9,6,11,14,1,1,0,0,3,,2,,2,3,0,0,2,0,0,0,0,0,,,1,24,38,24,12,2,0,0,0
BLN189906150,box,1899-06-15,0,BAL07,R,0,WSN,BLN,1,0,1,0,1,,39,2,12,13,1,0,0,,2,,1,,,,2,1,0,0,,0,14,1,1,0,0,0,1,0,1,0,24,37,33,10,7,11,15,4,0,0,0,3,,,,1,0,0,0,0,0,0,0,0,0,,,1,24,35,24,10,1,0,0,1
WSN189906160,box,1899-06-16,0,WAS06,R,1,WSN,BLN,1,0,1,0,1,,37,5,7,8,1,0,0,,3,,1,,3,,0,2,0,1,,0,8,1,1,1,0,0,0,0,1,0,26,44,41,6,4,14,16,2,0,0,0,3,,2,,0,0,0,0,0,0,0,0,0,0,,,1,26,40,26,12,2,0,0,0
SLN189906180,box,1899-06-18,0,STL05,R,0,WSN,SLN,1,0,1,0,1,,34,3,6,9,1,1,0,,2,,2,,3,,0,0,0,0,,0,6,1,1,1,0,0,0,0,1,0,24,43,38,8,3,13,16,1,1,0,0,3,,1,,0,1,0,0,0,1,0,0,0,0,,,1,24,36,24,8,4,1,0,0
SLN189906190,box,1899-06-19,0,STL05,R,0,WSN,SLN,1,0,1,0,1,,34,4,9,14,0,1,1,,4,,0,0,6,,0,1,0,3,,0,4,1,1,1,0,0,0,0,1,0,24,39,33,7,5,13,18,1,2,0,0,3,,0,,1,2,0,0,0,0,0,0,0,0,,,1,24,40,24,14,2,0,0,0
SLN189906200,box,1899-06-20,0,STL05,R,0,WSN,SLN,1,1,0,0,1,,39,5,16,22,1,1,1,,4,,2,,1,,0,0,0,0,,0,9,1,1,1,0,0,0,1,0,0,27,39,36,3,2,9,9,0,0,0,0,2,,2,,1,0,0,0,0,0,0,0,0,0,,,1,27,46,27,16,3,2,0,0
SLN189906210,box,1899-06-21,0,STL05,R,0,WSN,SLN,1,0,1,0,1,,36,3,10,14,4,0,0,,3,,1,,2,,0,0,0,1,,0,7,1,1,1,0,0,0,0,1,0,24,41,37,9,6,16,17,1,0,0,0,3,,0,,0,1,0,0,0,0,0,0,0,0,,,1,24,44,24,14,6,2,0,0
SLN189906220,box,1899-06-22,0,STL05,R,0,WSN,SLN,1,0,1,0,1,,34,1,9,10,1,0,0,,1,,1,,3,,0,0,0,1,,0,7,1,1,1,0,0,0,0,1,0,24,32,30,4,3,12,17,1,2,0,0,1,,1,,0,1,0,0,0,0,0,0,0,0,,,1,24,38,24,12,2,2,0,0
LS3189906230,box,1899-06-23,0,LOU03,R,0,WSN,LS3,1,0,1,0,1,,37,3,10,13,1,1,0,,0,,0,0,,0,0,0,0,0,0,0,7,1,1,1,0,0,0,0,1,0,24,40,37,8,8,15,20,1,2,0,0,1,0,,0,0,2,0,0,0,0,0,0,0,0,,,1,24,41,24,16,1,0,0,1
LS3189906251,box,1899-06-25,1,LOU03,R,0,WSN,LS3,1,0,1,0,1,,30,1,3,5,0,1,0,,1,,0,0,0,,0,1,0,0,,0,3,1,1,1,0,0,0,0,1,0,24,38,34,8,8,13,24,2,3,1,0,1,,0,,0,2,0,0,0,1,0,0,0,0,,,1,24,33,24,8,1,1,0,1
LS3189906252,box,1899-06-25,2,LOU03,R,0,WSN,LS3,1,0,1,0,1,,35,5,7,9,0,1,0,,3,,2,,1,,1,0,0,1,,0,6,1,1,1,0,0,0,0,1,0,24,36,32,7,3,11,12,1,0,0,0,3,,,,0,1,0,0,0,0,0,0,0,0,,,1,24,37,24,9,4,0,0,1
LS3189906260,box,1899-06-26,0,LOU03,R,0,WSN,LS3,1,0,1,0,1,,37,3,13,18,0,1,1,,2,,1,0,,0,0,1,0,1,0,0,9,1,1,1,0,0,0,0,1,0,24,37,32,6,5,10,11,1,0,0,0,3,0,,0,2,0,0,0,0,0,0,0,0,0,,,1,24,34,24,9,1,0,0,0
CIN189906280,box,1899-06-28,0,CIN05,R,0,WSN,CIN,1,0,1,0,1,,37,5,14,22,2,3,0,,5,,0,0,,,0,0,0,0,,0,5,1,1,1,0,0,0,0,1,0,24,34,31,6,6,8,13,3,1,0,0,3,,,,0,0,0,0,0,0,0,0,0,0,,,1,24,33,24,9,0,0,0,0
CIN189907010,box,1899-07-01,0,CIN05,R,0,WSN,CIN,1,0,1,0,1,,31,1,4,5,1,0,0,,1,,0,0,,,1,0,0,1,,0,4,1,1,1,0,0,0,0,1,0,24,32,30,2,1,8,9,1,0,0,0,1,,,,0,1,0,0,0,0,0,0,0,0,,,1,24,34,24,9,1,0,0,1
CIN189907021,box,1899-07-02,1,CIN05,R,0,WSN,CIN,1,0,1,0,1,,33,3,9,10,1,0,0,,3,,4,,,,1,2,0,0,,0,10,1,1,1,0,0,0,0,1,0,26,36,31,4,3,9,11,2,0,0,0,2,,,,0,3,0,0,0,0,0,0,0,0,,,1,26,41,26,10,5,0,0,1
CIN189907022,box,1899-07-02,2,CIN05,R,0,WSN,CIN,1,0,1,0,1,,24,1,6,7,1,0,0,,1,,0,0,,,0,1,0,0,,0,3,1,1,1,0,0,0,0,1,0,18,28,25,6,3,9,11,2,0,0,0,2,,,,0,1,0,0,0,0,0,0,0,0,,,1,18,26,18,7,1,1,0,1
WSN189907030,box,1899-07-03,0,WAS06,R,1,WSN,BSN,1,1,0,0,1,,45,15,16,23,2,1,1,,13,,3,0,,0,0,1,0,6,0,0,7,1,1,1,0,0,0,1,0,0,27,39,36,2,0,9,10,1,0,0,0,3,0,,0,0,0,0,0,0,0,0,0,0,0,,,1,27,36,26,8,2,1,0,1
NY1189907041,box,1899-07-04,1,NYC10,R,0,WSN,NY1,1,1,0,0,1,,34,5,10,11,1,0,0,,3,,5,0,2,1,0,1,0,1,1,0,8,1,1,1,0,0,0,1,0,0,27,35,31,2,2,5,5,0,0,0,0,3,0,1,0,1,0,0,0,0,0,0,0,0,0,,,1,27,42,27,12,3,1,0,0
NY1189907042,box,1899-07-04,2,NYC10,R,0,WSN,NY1,1,1,0,0,1,,29,2,6,6,0,0,0,,2,,4,0,4,0,1,1,0,1,1,0,6,1,1,1,1,0,0,1,0,0,27,31,31,0,0,6,6,0,0,0,0,0,0,5,0,0,0,0,0,0,0,0,0,0,0,,,1,27,35,27,8,0,1,0,0
NY1189907050,box,1899-07-05,0,NYC10,R,0,WSN,NY1,1,1,0,0,1,,37,6,11,16,3,1,0,,5,,1,0,0,0,0,0,0,0,1,0,5,1,1,1,0,0,0,1,0,0,27,34,31,2,0,6,6,0,0,0,0,2,0,2,2,0,1,0,0,0,0,0,0,0,0,,,1,27,49,27,18,4,3,0,0
WSN189907070,box,1899-07-07,0,WAS06,R,1,WSN,BLN,1,1,0,0,1,,35,4,10,11,1,0,0,,3,,7,,0,,1,0,0,1,,0,9,1,1,1,0,0,0,1,0,0,30,37,32,3,2,4,4,0,0,0,0,4,,0,,1,0,0,0,0,0,0,0,0,0,,,1,30,45,30,14,1,0,0,0
BLN189907080,box,1899-07-08,0,BAL07,R,0,WSN,BLN,1,0,1,0,1,,31,1,7,7,0,0,0,,1,,3,,2,,1,0,0,0,,0,7,1,1,1,0,0,0,0,1,0,27,39,34,4,4,12,17,3,1,0,0,3,,3,,1,1,0,0,0,0,0,0,0,0,,,1,27,43,27,15,1,0,0,0
WSN189907100,box,1899-07-10,0,WAS06,R,1,WSN,BLN,1,1,0,0,1,,39,7,17,28,3,4,0,,7,,0,0,2,,2,0,0,1,,0,7,1,1,1,0,0,0,1,0,0,27,38,31,1,0,7,7,0,0,0,0,6,,2,,0,1,0,0,0,0,0,0,0,0,,,1,27,41,27,13,1,0,0,0
WSN189907110,box,1899-07-11,0,WAS06,R,1,WSN,CIN,1,0,1,0,1,,36,6,8,11,1,1,0,,4,,3,,,,0,1,0,2,,0,7,1,1,0,0,0,1,0,1,0,24,40,37,10,7,14,22,1,2,1,0,2,,0,,1,0,0,0,0,0,0,0,0,0,,,1,24,42,24,11,7,1,0,0
WSN189907120,box,1899-07-12,0,WAS06,R,1,WSN,CIN,1,1,0,0,1,,40,10,14,18,1,0,1,,6,,1,,3,,0,2,0,2,,0,6,1,1,1,0,0,0,1,0,0,27,36,34,5,2,9,11,0,1,0,0,2,,4,,0,0,0,0,0,0,0,0,0,0,,,1,27,44,27,12,5,1,0,0
WSN189907140,box,1899-07-14,0,WAS06,R,1,WSN,LS3,1,0,1,0,1,,36,6,10,19,1,1,2,,5,,1,,1,,0,0,0,1,,0,4,1,1,1,0,0,0,0,1,0,24,37,35,8,6,14,17,3,0,0,0,0,0,2,,0,2,0,0,0,0,0,0,0,0,,,1,24,41,24,14,3,1,0,0
WSN189907150,box,1899-07-15,0,WAS06,R,1,WSN,LS3,1,0,1,0,1,,31,1,6,8,0,1,0,,1,,3,,1,,0,1,0,0,,0,7,1,1,1,0,0,0,0,1,0,24,32,30,4,0,8,8,0,0,0,0,2,,1,,0,0,0,0,0,0,0,0,0,0,,,1,24,38,24,12,2,0,0,0
WSN189907181,box,1899-07-18,1,WAS06,R,1,WSN,CL4,1,0,1,0,1,,33,4,7,9,0,1,0,,4,,2,,,,1,1,0,0,,0,6,1,1,1,0,0,0,0,1,0,24,37,36,5,5,12,14,0,1,0,0,1,,1,,0,0,0,0,0,0,0,0,0,0,,,1,24,33,24,8,1,1,0,0
WSN189907182,box,1899-07-18,2,WAS06,R,1,WSN,CL4,1,1,0,0,1,,33,11,9,9,0,0,0,,7,,6,,0,,4,1,0,2,,0,9,1,1,1,0,0,0,1,0,0,27,38,38,4,2,10,12,0,1,0,0,0,0,0,,0,0,0,0,0,0,0,0,0,0,,,1,27,47,27,17,3,0,0,0
WSN189907191,box,1899-07-19,1,WAS06,R,1,WSN,CL4,1,1,0,0,1,,34,7,11,13,0,1,0,,6,,2,,1,,0,0,0,2,,0,5,1,1,1,0,0,0,1,0,0,27,36,33,4,3,8,8,0,0,0,0,3,,1,,0,0,0,0,0,0,0,0,0,0,,,1,27,42,27,14,1,0,0,0
WSN189907192,box,1899-07-19,2,WAS06,R,1,WSN,CL4,1,1,0,0,1,,29,6,7,8,1,0,0,,6,,5,,3,,1,0,0,2,,0,5,1,1,1,0,0,0,1,0,0,27,38,36,2,1,6,8,0,1,0,0,1,,1,,0,1,0,0,0,0,0,0,0,0,,,1,27,43,27,13,3,0,0,0
WSN189907200,box,1899-07-20,0,WAS06,R,1,WSN,CL4,1,1,0,0,1,,26,4,8,11,1,1,0,,3,,3,,1,,2,1,0,1,,0,4,1,1,1,1,0,0,1,0,0,27,36,34,0,0,5,5,0,0,0,0,1,,6,,1,0,0,0,0,0,0,0,0,0,,,1,27,42,27,11,4,0,0,0
WSN189907211,box,1899-07-21,1,WAS06,R,1,WSN,CL4,1,0,1,0,1,,30,3,6,7,1,0,0,,3,,3,,0,,1,1,0,1,,0,5,1,1,1,0,0,0,0,1,0,27,40,38,5,5,13,20,3,2,0,0,2,,1,,0,0,0,0,0,0,0,0,0,0,,,1,27,53,27,22,4,1,0,0
WSN189907212,box,1899-07-21,2,WAS06,R,1,WSN,CL4,1,1,0,0,1,,29,5,7,10,0,0,1,,4,,4,,1,,2,1,0,1,,0,7,1,1,1,0,0,0,1,0,0,27,33,32,3,3,8,9,1,0,0,0,1,,1,,0,0,0,0,0,0,0,0,0,0,,,1,27,41,27,12,2,2,0,0
CIN189907231,box,1899-07-23,1,CIN05,R,0,WSN,CIN,1,1,0,0,1,,39,8,14,18,2,1,0,,8,,5,,,,0,0,0,0,,0,9,1,1,1,0,0,0,1,0,0,27,38,34,5,2,7,7,0,0,0,0,3,,0,,0,1,0,0,1,0,0,0,0,0,,,1,27,39,27,8,4,1,0,1
CIN189907232,box,1899-07-23,2,CIN05,R,0,WSN,CIN,1,0,1,0,1,,32,0,5,5,0,0,0,,0,,3,,0,,0,1,0,0,,0,9,1,1,1,0,0,0,0,1,0,24,35,33,7,7,12,17,1,2,0,0,1,,0,,0,1,0,0,0,0,0,0,0,0,,,1,24,34,23,11,0,1,0,0
PIT189907260,box,1899-07-26,0,PIT05,R,0,WSN,PIT,1,0,1,0,1,,31,1,5,5,0,0,0,,1,,2,,2,,0,2,0,1,,0,7,1,1,1,0,0,0,0,1,0,24,41,39,8,5,15,19,0,2,0,0,2,,1,,0,0,0,0,0,0,0,0,0,0,,,1,24,44,24,16,4,2,0,1
PIT189907281,box,1899-07-28,1,PIT05,R,0,WSN,PIT,1,1,0,0,1,,34,4,9,12,1,1,0,,2,,0,0,2,,2,0,0,3,,0,5,1,1,1,0,0,0,1,0,0,27,37,34,1,1,7,7,0,0,0,0,3,,0,,0,0,0,0,0,0,0,0,0,0,,,1,27,39,27,10,2,0,0,0
PIT189907282,box,1899-07-28,2,PIT05,R,0,WSN,PIT,1,0,1,0,1,,37,5,11,15,0,2,0,,4,,0,0,3,,0,1,0,0,,0,6,1,1,0,0,0,1,0,1,0,24,33,33,6,4,9,11,0,1,0,0,0,0,1,,0,0,0,0,0,0,0,0,0,0,,,1,24,41,24,12,5,0,0,0
PIT189907290,box,1899-07-29,0,PIT05,R,0,WSN,PIT,1,0,1,0,1,,41,5,10,12,2,0,0,,5,,1,,6,,2,1,0,2,,0,7,1,1,1,0,0,0,0,1,0,32,43,41,6,5,9,12,1,1,0,0,2,,1,,0,0,0,0,0,0,0,0,0,0,,,1,32,51,32,16,3,0,0,0
CHN189907300,box,1899-07-30,0,CHI08,R,0,WSN,CHN,1,1,0,0,1,,38,7,9,15,3,0,1,,5,,0,0,2,,0,1,0,3,,0,5,1,1,1,0,0,0,1,0,0,27,34,29,3,3,6,7,1,0,0,0,2,,2,,0,3,0,0,1,0,0,0,0,0,,,1,27,44,27,16,1,0,0,1
CHN189907310,box,1899-07-31,0,CHI08,R,0,WSN,CHN,1,1,0,0,1,,37,8,13,13,0,0,0,,6,,2,,0,,1,2,0,0,,0,7,1,1,1,0,0,0,1,0,0,27,39,35,5,5,11,15,2,1,0,0,2,,2,,0,2,0,0,0,0,0,0,0,0,,,1,27,37,27,9,1,1,0,0
CHN189908010,box,1899-08-01,0,CHI08,R,0,WSN,CHN,1,0,1,0,1,,34,5,10,14,2,1,0,,4,,1,,2,,1,4,0,0,,0,8,1,1,1,0,0,0,0,1,0,24,35,30,6,3,9,12,1,1,0,0,3,,0,,0,2,0,0,0,0,0,0,0,0,,,1,24,45,24,18,3,2,0,0
BSN189908040,box,1899-08-04,0,BOS05,R,0,WSN,BSN,1,0,1,0,1,,33,3,9,12,1,1,0,,3,,1,,,,0,0,0,1,,0,4,1,1,1,0,0,0,0,1,0,26,35,29,4,3,5,7,0,1,0,0,3,,2,,2,1,0,0,0,0,0,0,0,0,,,1,26,36,26,8,2,1,0,1
BSN189908050,box,1899-08-05,0,BOS05,R,0,WSN,BSN,1,0,1,0,1,,34,3,6,8,2,0,0,,3,,0,0,1,,0,0,0,0,,0,4,1,1,1,0,0,0,0,1,0,24,38,34,9,9,11,20,2,2,1,0,3,,1,,1,0,0,0,0,0,0,0,0,0,,,1,24,42,24,16,2,0,0,0
BSN189908070,box,1899-08-07,0,BOS05,R,0,WSN,BSN,1,0,1,0,1,,25,1,1,1,0,0,0,,0,,3,,5,,2,0,0,0,,0,2,1,1,1,0,0,0,0,1,0,24,44,38,7,7,17,21,2,1,0,0,5,,,,0,1,0,0,0,0,0,0,0,0,,,1,24,36,24,10,2,1,0,0
WSN189908080,box,1899-08-08,0,WAS06,R,1,WSN,CHN,1,1,0,0,1,,32,4,10,14,0,2,0,,4,,0,0,3,,1,0,0,2,,0,5,1,1,1,0,0,0,1,0,0,27,33,31,1,0,6,6,0,0,0,0,2,,1,,0,0,0,0,0,0,0,0,0,0,,,1,27,44,27,16,1,0,0,0
WSN189908090,box,1899-08-09,0,WAS06,R,1,WSN,CHN,1,0,1,0,1,,35,3,13,16,1,1,0,,3,,1,,,,0,1,0,0,,0,7,1,1,1,0,0,0,0,1,0,27,38,35,6,6,11,18,3,2,0,0,0,0,,,2,1,0,0,0,0,0,0,0,0,,,1,27,39,27,11,1,0,0,0
WSN189908100,box,1899-08-10,0,WAS06,R,1,WSN,CHN,1,0,1,0,1,,36,4,9,12,1,1,0,,3,,1,,,,2,0,0,3,,0,8,1,1,1,0,0,0,0,1,0,27,39,35,5,5,9,11,0,1,0,0,2,,2,,0,2,0,0,0,0,0,0,0,0,,,1,27,40,27,11,2,1,0,1
WSN189908120,box,1899-08-12,0,WAS06,R,1,WSN,SLN,1,0,1,0,1,,37,3,9,13,2,1,0,,3,,0,0,1,,0,0,0,1,,0,7,1,1,1,0,0,0,0,1,0,24,39,38,9,7,12,17,3,1,0,0,1,,2,,0,0,0,0,0,0,0,0,0,0,,,1,24,40,24,11,5,0,0,0
WSN189908150,box,1899-08-15,0,WAS06,R,1,WSN,SLN,1,0,1,0,1,,33,3,8,11,1,1,0,,3,,2,,5,,0,1,0,2,,0,6,1,1,1,0,0,0,0,1,0,27,44,36,8,2,10,12,2,0,0,0,5,,5,,0,3,0,0,0,0,0,0,0,0,,,1,27,48,27,17,4,0,0,0
WSN189908160,box,1899-08-16,0,WAS06,R,1,WSN,PIT,1,0,1,0,1,,34,5,8,11,1,1,0,,4,,3,,2,,0,0,0,0,,0,5,1,1,1,0,0,0,0,1,0,27,39,35,7,3,8,10,2,0,0,0,2,,2,,1,1,0,0,0,0,0,0,0,0,,,1,27,44,27,13,4,2,0,1
WSN189908170,box,1899-08-17,0,WAS06,R,1,WSN,PIT,1,0,1,0,1,,34,3,11,15,1,0,1,,3,,2,,1,,2,0,0,0,,0,8,1,1,0,0,0,1,0,1,0,27,40,37,5,4,10,11,1,0,0,0,3,,2,,0,0,0,0,0,0,0,0,0,0,,,1,27,42,27,13,2,0,0,0
WSN189908180,box,1899-08-18,0,WAS06,R,1,WSN,PIT,1,0,1,0,1,,30,1,4,4,0,0,0,,0,,1,,2,,0,1,0,1,,0,4,1,1,1,0,0,0,0,1,0,27,34,30,2,2,8,8,0,0,0,0,0,0,3,,1,3,0,0,0,0,0,0,0,0,,,1,27,39,27,12,0,1,0,0
BLN189908190,box,1899-08-19,0,BAL07,R,0,WSN,BLN,1,0,1,0,1,,36,1,8,8,0,0,0,,1,,1,,3,,0,0,0,0,,0,9,1,1,1,0,0,0,0,1,0,24,41,35,11,10,13,19,4,1,0,0,5,,2,,0,1,0,0,0,0,0,0,0,0,,,1,24,46,24,20,2,0,0,0
WSN189908210,box,1899-08-21,0,WAS06,R,1,WSN,BLN,1,1,0,0,1,,43,12,17,26,2,2,1,,10,,2,,0,,0,1,0,3,,0,7,1,1,1,0,0,0,1,0,0,27,32,30,1,1,6,8,2,0,0,0,2,,2,,0,0,0,0,0,0,0,0,0,0,,,1,27,41,26,15,0,1,0,0
BLN189908221,box,1899-08-22,1,BAL07,R,0,WSN,BLN,1,0,1,0,1,,35,5,7,11,1,0,1,,5,,4,,0,,1,0,0,0,,0,8,1,1,0,0,0,1,0,1,0,27,51,42,15,10,20,26,4,1,0,0,5,,0,,2,1,0,0,0,1,0,0,0,0,,,1,27,48,27,16,5,1,0,0
BLN189908222,box,1899-08-22,2,BAL07,R,0,WSN,BLN,1,0,1,0,1,,34,5,8,10,2,0,0,,3,,3,,2,,1,1,0,2,,0,7,1,1,1,0,0,0,0,1,0,27,36,33,6,5,8,15,1,3,0,0,2,,7,,0,1,0,0,0,0,0,0,0,0,,,1,27,38,27,10,1,0,0,0
CIN189908260,box,1899-08-26,0,CIN05,R,0,WSN,CIN,1,0,1,0,1,,38,4,9,12,3,0,0,,4,,0,0,,,0,0,0,1,,0,7,1,1,1,0,0,0,0,1,0,24,41,35,11,6,12,18,2,2,0,0,4,,,,2,0,0,0,0,0,0,0,0,0,,,1,24,48,24,16,8,0,0,0
SLN189908271,box,1899-08-27,1,STL05,R,0,WSN,SLN,1,0,1,0,1,,36,2,10,12,0,1,0,,1,,1,,0,,0,0,0,0,,0,8,1,1,1,0,0,0,0,1,0,24,49,45,16,7,20,34,4,2,2,0,2,,1,,1,1,0,0,0,0,0,0,0,0,,,1,24,44,24,15,5,1,0,1
SLN189908272,box,1899-08-27,2,STL05,R,0,WSN,SLN,1,1,0,0,1,,43,15,17,25,0,1,2,,14,,5,,,,1,0,0,3,,0,7,1,1,1,0,0,0,1,0,0,27,45,41,9,7,16,21,2,0,1,0,4,,,,0,0,0,0,0,0,0,0,0,0,,,1,27,43,27,13,3,0,0,1
SLN189908280,box,1899-08-28,0,STL05,R,0,WSN,SLN,1,1,0,0,1,,42,14,18,24,1,1,1,,14,,5,,2,,0,2,0,2,,0,9,1,1,1,0,0,0,1,0,0,27,48,44,12,9,12,26,1,2,3,0,4,,5,,0,0,0,0,0,0,0,0,0,0,,,1,27,38,27,5,6,0,0,1
SLN189908290,box,1899-08-29,0,STL05,R,0,WSN,SLN,1,1,0,0,1,,36,13,12,21,0,3,1,,10,,9,,4,,1,0,0,2,,0,7,1,1,1,0,0,0,1,0,0,27,44,39,7,4,13,16,0,0,1,0,3,,3,,2,0,0,0,0,0,0,0,0,0,,,1,27,46,27,15,4,1,0,0
LS3189908310,box,1899-08-31,0,LOU04,R,0,WSN,LS3,1,1,0,0,1,,40,7,13,15,2,0,0,,4,,0,0,0,,1,0,0,3,,0,7,1,1,1,0,0,0,1,0,0,27,46,44,6,2,16,19,1,1,0,0,1,,,,1,0,0,0,0,0,0,0,0,0,,,1,27,44,27,12,5,1,0,0
LS3189909010,box,1899-09-01,0,LOU04,R,0,WSN,LS3,1,1,0,0,1,,33,5,11,15,1,0,1,,5,,1,0,,1,0,2,0,1,0,0,4,1,1,1,0,0,0,1,0,0,27,40,37,3,2,12,14,2,0,0,0,1,0,,0,0,2,0,0,0,0,0,0,0,0,,,1,27,37,27,7,3,0,0,0
LS3189909020,box,1899-09-02,0,LOU04,R,0,WSN,LS3,1,0,1,0,1,,32,4,8,20,2,2,2,,4,,1,,0,,0,0,0,0,,0,5,1,1,0,0,0,1,0,1,0,24,58,48,25,18,22,43,3,0,6,0,7,,0,,3,0,0,0,0,0,0,0,0,0,,,1,24,36,24,8,4,1,0,0
PHI189909041,box,1899-09-04,1,PHI09,R,0,WSN,PHI,1,0,1,0,1,,36,2,9,11,2,0,0,,2,,0,0,,,0,2,0,0,,0,6,1,1,1,0,0,0,0,1,0,29,38,33,3,1,6,6,0,0,0,0,4,,,,1,0,0,0,0,0,0,0,0,0,,,1,29,50,29,18,3,2,0,0
PHI189909042,box,1899-09-04,2,PHI09,R,0,WSN,PHI,1,0,1,0,1,,33,0,5,5,0,0,0,,0,,0,0,5,,0,0,0,0,,0,6,1,1,1,0,0,0,0,1,0,24,47,44,17,13,18,23,1,2,0,0,1,,2,,1,1,0,0,0,0,0,0,0,0,,,1,24,37,24,8,5,0,0,0
PHI189909050,box,1899-09-05,0,PHI09,R,0,WSN,PHI,1,0,1,0,1,,41,10,17,17,0,0,0,,10,,2,,,,2,0,0,0,,0,8,1,1,1,0,0,0,0,1,0,24,52,42,18,16,23,29,4,1,0,0,9,,0,,1,0,0,0,0,0,0,0,0,0,,,1,24,44,24,14,6,1,0,1
WSN189909070,box,1899-09-07,0,WAS06,R,1,WSN,PHI,1,1,0,0,1,,40,5,16,19,1,1,0,,3,,3,,1,,0,0,0,0,,0,11,1,1,1,0,0,0,1,0,0,27,32,27,1,0,2,2,0,0,0,0,2,,4,,1,2,0,0,0,0,0,0,0,0,,,1,27,39,27,10,2,0,0,0
WSN189909080,box,1899-09-08,0,WAS06,R,1,WSN,PHI,1,0,1,0,1,,33,2,8,12,1,0,1,,2,,1,,1,,0,0,0,2,,0,5,1,1,1,0,0,0,0,1,0,24,35,31,4,2,9,13,0,2,0,0,1,,2,,1,2,0,0,0,0,0,0,0,0,,,1,24,37,24,11,2,0,0,0
PHI189909090,box,1899-09-09,0,PHI09,R,0,WSN,PHI,1,0,1,0,1,,36,6,10,15,1,2,0,,5,,1,0,2,0,0,0,0,0,0,0,4,1,1,1,0,0,0,0,1,0,24,45,42,13,7,18,25,3,2,0,0,1,0,2,0,1,1,0,0,0,0,0,0,0,0,,,1,24,35,24,7,4,1,0,0
WSN189909110,box,1899-09-11,0,WAS06,R,1,WSN,CIN,1,0,0,1,1,,32,3,8,10,2,0,0,,3,,1,,5,,0,1,0,4,,0,7,1,1,1,0,0,0,0,0,0,24,38,33,3,3,11,13,2,0,0,0,3,,7,,2,0,0,0,0,0,0,0,0,0,,,1,24,33,24,9,0,1,0,0
WSN189909121,box,1899-09-12,1,WAS06,R,1,WSN,CIN,1,1,0,0,1,,35,7,11,14,1,1,0,,5,,2,0,5,0,1,1,0,0,1,0,6,1,1,1,0,0,0,1,0,0,27,32,29,3,3,4,8,2,1,0,0,3,0,5,1,0,0,0,0,0,0,0,0,0,0,,,1,27,42,27,14,1,2,0,0
WSN189909122,box,1899-09-12,2,WAS06,R,1,WSN,CIN,1,1,0,0,1,,34,5,11,17,4,1,0,,4,,3,0,2,0,2,1,0,0,1,0,9,1,1,1,0,0,0,1,0,0,27,35,31,4,4,8,14,1,1,1,0,4,0,4,0,0,0,0,0,0,0,0,0,0,0,,,1,27,43,27,16,0,1,0,0
WSN189909131,box,1899-09-13,1,WAS06,R,1,WSN,CIN,1,0,1,0,1,,35,4,11,14,1,1,0,,3,,3,,3,,1,0,0,2,,0,8,1,1,1,0,0,0,0,1,0,27,50,42,14,13,15,21,2,2,0,0,6,,2,,1,1,0,0,1,0,0,0,0,0,,,1,27,44,27,14,3,0,0,0
WSN189909132,box,1899-09-13,2,WAS06,R,1,WSN,CIN,1,1,0,0,1,,25,6,7,11,1,0,1,,5,,0,0,2,,1,0,0,1,,0,2,1,1,1,0,0,0,1,0,0,18,26,23,3,3,7,7,0,0,0,0,1,,2,,0,2,0,0,0,0,0,0,0,0,,,1,18,25,18,7,0,0,0,0
WSN189909140,box,1899-09-14,0,WAS06,R,1,WSN,CIN,1,1,0,0,1,,31,7,10,11,1,0,0,,6,,1,,7,,1,0,0,4,,0,2,1,1,1,0,0,0,1,0,0,27,38,35,2,2,9,11,0,1,0,0,3,,4,,0,0,0,0,1,0,0,0,0,0,,,1,27,37,27,9,1,0,0,0
WSN189909150,box,1899-09-15,0,WAS06,R,1,WSN,CL4,1,1,0,0,1,,38,14,14,19,0,1,1,,12,,3,,,,2,0,0,1,,0,5,1,1,1,0,0,0,1,0,0,27,39,37,3,3,9,12,1,1,0,0,2,,,,0,0,0,0,0,0,0,0,0,0,,,1,27,37,27,9,1,0,0,0
WSN189909160,box,1899-09-16,0,WAS06,R,1,WSN,CL4,1,1,0,0,1,,45,15,21,29,1,2,1,,14,,2,0,2,2,0,0,0,2,0,0,5,1,1,1,0,0,0,1,0,0,27,41,39,10,8,12,16,0,2,0,0,1,0,,0,1,0,0,0,0,0,0,0,0,0,,,1,27,40,27,10,3,0,0,0
WSN189909181,box,1899-09-18,1,WAS06,R,1,WSN,CL4,1,0,1,0,1,,40,4,12,13,1,0,0,,3,,1,,4,,1,0,0,5,,0,8,1,1,1,0,0,0,0,1,0,28,40,34,5,2,8,14,1,1,1,0,3,,2,,2,1,0,0,0,0,0,0,0,0,,,1,28,44,28,14,2,0,0,0
WSN189909182,box,1899-09-18,2,WAS06,R,1,WSN,CL4,1,1,0,0,1,,31,8,11,15,1,0,1,,5,,2,,3,,0,2,0,4,,0,6,1,1,1,0,0,0,1,0,0,24,37,33,5,3,12,16,1,0,1,0,3,,2,,0,1,0,0,0,0,0,0,0,0,,,1,24,40,24,13,3,2,0,0
WSN189909201,box,1899-09-20,1,WAS06,R,1,WSN,LS3,1,0,1,0,1,,30,1,6,8,2,0,0,,1,,2,0,0,1,0,1,0,0,0,0,5,1,1,1,0,0,0,0,1,0,27,34,31,4,4,7,11,4,0,0,0,1,0,5,1,1,1,0,0,0,0,0,0,0,0,,,1,27,38,27,9,2,2,0,0
WSN189909202,box,1899-09-20,2,WAS06,R,1,WSN,LS3,1,0,1,0,1,,33,4,6,12,1,1,1,,4,,0,0,,,0,0,0,0,,0,2,1,1,1,0,0,0,0,1,0,27,42,33,6,5,10,15,1,2,0,0,5,,,,2,2,0,0,0,0,0,0,0,0,,,1,27,40,27,10,3,0,0,1
WSN189909211,box,1899-09-21,1,WAS06,R,1,WSN,LS3,1,0,1,0,1,,31,3,11,16,1,2,0,,2,,1,,3,,2,2,0,0,,0,6,1,1,1,0,0,0,0,1,0,24,37,29,4,4,8,13,2,0,1,0,6,,8,,0,2,0,0,1,0,0,0,0,0,,,1,24,46,24,17,5,0,0,0
WSN189909212,box,1899-09-21,2,WAS06,R,1,WSN,LS3,1,0,1,0,1,,33,4,9,9,0,0,0,,3,,1,,1,,0,0,0,2,,0,6,1,1,1,0,0,0,0,1,0,21,31,28,6,4,10,14,0,2,0,0,3,,4,,0,0,0,0,0,0,0,0,0,0,,,1,21,29,21,5,3,0,0,0
WSN189909220,box,1899-09-22,0,WAS06,R,1,WSN,LS3,1,0,1,0,1,,38,4,12,17,2,0,1,,4,,2,,,,1,0,0,0,,0,10,1,1,0,0,0,1,0,1,0,24,52,44,17,11,19,27,2,3,0,0,5,,0,,1,2,0,0,0,0,0,0,0,0,,,1,24,38,24,10,4,0,0,0
BRO189909230,box,1899-09-23,0,NYC12,R,0,WSN,BRO,1,0,1,0,1,,30,5,7,13,0,0,2,,4,,3,,4,,0,3,0,1,,0,7,1,1,1,0,0,0,0,1,0,24,40,36,7,4,11,17,4,1,0,0,3,,1,,1,0,0,0,0,0,0,0,0,0,,,1,24,40,24,11,5,0,0,0
BRO189909250,box,1899-09-25,0,NYC12,R,0,WSN,BRO,1,0,1,0,1,,24,1,3,4,1,0,0,,0,,2,0,0,1,1,0,0,2,0,0,5,1,1,0,0,0,1,0,1,0,18,39,30,13,8,12,16,0,2,0,0,5,0,2,0,1,2,0,0,0,1,0,0,0,0,,,1,18,32,18,8,6,1,0,0
BSN189909270,box,1899-09-27,0,BOS05,R,0,WSN,BSN,1,0,1,0,1,,33,8,8,10,2,0,0,,3,,8,0,5,0,1,0,0,0,1,0,10,1,1,0,0,0,1,0,1,0,21,42,33,14,13,14,21,1,0,2,0,6,0,1,0,2,1,0,0,0,0,0,0,0,0,,,1,21,38,21,14,3,0,0,1
BSN189909280,box,1899-09-28,0,BOS05,R,0,WSN,BSN,1,0,0,1,1,,35,8,10,14,1,0,1,,8,,4,,4,,1,3,0,1,,0,8,1,1,1,0,0,0,0,0,0,27,42,35,8,4,7,9,2,0,0,0,7,,6,,0,0,0,0,0,0,0,0,0,0,,,1,27,36,27,6,3,0,0,1
BSN189909291,box,1899-09-29,1,BOS05,R,0,WSN,BSN,1,0,1,0,1,,33,2,7,8,1,0,0,,2,,0,0,2,,0,1,0,1,,0,5,1,1,1,0,0,0,0,1,0,24,35,32,4,3,6,8,2,0,0,0,2,,3,,0,1,0,0,0,0,0,0,0,0,,,1,24,37,24,10,3,0,0,0
BSN189909292,box,1899-09-29,2,BOS05,R,0,WSN,BSN,1,0,1,0,1,,28,2,6,6,0,0,0,,2,,0,0,,,0,2,0,2,,0,4,1,1,1,0,0,0,0,1,0,21,33,28,6,3,9,11,2,0,0,0,3,,,,1,1,0,0,0,0,0,0,0,0,,,1,21,37,21,12,4,0,0,1
BSN189909300,box,1899-09-30,0,BOS05,R,0,WSN,BSN,1,0,1,0,1,,35,4,10,14,2,1,0,,4,,3,,,,1,0,0,1,,0,5,1,1,0,0,0,1,0,1,0,29,42,34,5,5,9,10,1,0,0,0,6,,,,1,1,0,0,0,0,0,0,0,0,,,1,29,40,29,11,0,0,0,1
WSN189910031,box,1899-10-03,1,WAS06,R,1,WSN,BRO,1,0,1,0,1,,32,3,6,7,1,0,0,,2,,4,,5,,0,0,0,2,,0,6,1,1,1,0,0,0,0,1,0,24,42,33,12,10,12,14,2,0,0,0,7,,1,,1,1,0,0,0,0,0,0,0,0,,,1,24,41,24,15,2,0,0,0
WSN189910032,box,1899-10-03,2,WAS06,R,1,WSN,BRO,1,1,0,0,1,,23,3,5,6,1,0,0,,3,,1,0,5,0,0,0,0,1,0,0,3,1,1,1,0,0,0,1,0,0,21,29,28,2,2,10,12,2,0,0,0,0,0,1,0,0,1,0,0,0,0,0,0,0,0,,,1,21,27,21,6,0,0,0,0
WSN189910040,box,1899-10-04,0,WAS06,R,1,WSN,BRO,1,0,1,0,1,,27,1,8,11,0,0,1,,1,,3,0,2,0,0,0,0,1,1,0,8,1,1,1,0,0,0,0,1,0,21,31,29,5,5,9,15,2,2,0,0,2,0,3,0,0,0,0,0,0,0,0,0,0,0,,,1,21,27,21,6,0,0,0,0
WSN189910050,box,1899-10-05,0,WAS06,R,1,WSN,BRO,1,1,0,0,1,,33,4,11,14,1,1,0,,3,,0,0,1,0,0,1,0,1,0,0,6,1,1,1,0,0,0,1,0,0,27,33,31,1,1,9,11,0,1,0,0,2,0,1,0,0,0,0,0,0,0,0,0,0,0,,,1,27,40,27,13,0,0,0,0
BLN189910070,box,1899-10-07,0,BAL07,R,0,WSN,BLN,1,0,1,0,1,,30,1,7,7,0,0,0,,0,,1,,7,,0,0,0,1,,0,6,1,1,1,0,0,0,0,1,0,24,33,29,2,2,7,8,1,0,0,0,3,,1,,0,1,0,0,0,0,0,0,0,0,,,1,24,40,24,14,2,0,0,0
WSN189910091,box,1899-10-09,1,WAS06,R,1,WSN,BLN,1,1,0,0,1,,39,8,16,17,1,0,0,,7,,5,,2,,0,2,0,3,,0,11,1,1,1,0,0,0,1,0,0,27,39,36,6,6,14,16,0,1,0,0,2,,8,,0,1,0,0,0,0,0,0,0,0,,,1,27,38,27,11,0,0,0,0
WSN189910092,box,1899-10-09,2,WAS06,R,1,WSN,BLN,1,0,1,0,1,,23,2,6,10,1,0,1,,2,,0,0,2,,1,0,0,0,,0,4,1,1,0,0,0,1,0,1,0,18,36,32,9,3,12,13,1,0,0,0,4,,2,,0,0,0,0,0,0,0,0,0,0,,,1,18,27,18,5,4,0,0,1
BLN189910100,box,1899-10-10,0,BAL07,R,0,WSN,BLN,1,0,0,1,1,,20,5,5,6,1,0,0,,5,,2,,0,,0,3,0,0,,0,2,1,1,0,0,0,1,0,0,0,18,30,24,5,5,10,10,0,0,0,0,4,,1,,1,1,0,0,0,0,0,0,0,0,,,1,18,30,18,10,2,1,0,0
WSN189910121,box,1899-10-12,1,WAS06,R,1,WSN,NY1,1,0,1,0,1,,40,7,15,19,1,0,1,,7,,3,,2,,0,0,0,0,,0,9,1,1,1,0,0,0,0,1,0,24,39,31,9,7,10,13,1,1,0,0,3,,,,0,5,0,0,0,0,0,0,0,0,,,1,24,42,24,15,3,1,0,0
WSN189910122,box,1899-10-12,2,WAS06,R,1,WSN,NY1,1,0,1,0,1,,29,4,4,6,2,0,0,,4,,7,0,,0,1,1,0,2,1,0,7,1,1,1,0,0,0,0,1,0,27,42,42,5,3,14,19,2,0,1,0,0,0,0,0,0,0,0,0,0,0,0,0,0,0,,,1,27,39,27,9,3,0,0,0
WSN189910130,box,1899-10-13,0,WAS06,R,1,WSN,NY1,1,1,0,0,1,,23,6,6,8,2,0,0,,3,,11,0,,1,1,0,0,7,2,0,8,1,1,1,0,0,0,1,0,0,21,29,24,4,1,6,6,0,0,0,0,4,0,,0,1,0,0,0,0,0,0,0,0,0,,,1,21,30,21,8,1,2,0,0
WSN189910140,box,1899-10-14,0,WAS06,R,1,WSN,NY1,1,1,0,0,1,,33,12,10,13,1,1,0,,7,,5,0,1,0,1,1,0,1,1,0,4,1,1,1,0,0,0,1,0,0,24,41,40,9,3,12,17,0,1,1,0,1,0,0,0,0,0,0,0,0,0,0,0,0,0,,,1,24,42,24,13,5,0,0,0
