game.key,game.source,game.date,game.number,site.key,season.phase,team.alignment,team.key,opponent.key,R_G,R_W,R_L,R_T,B_G,B_PA,B_AB,B_R,B_H,B_TB,B_2B,B_3B,B_HR,B_HR4,B_RBI,B_GW,B_BB,B_IBB,B_SO,B_GDP,B_HP,B_SH,B_SF,B_SB,B_CS,B_XI,B_LOB,P_G,P_GS,P_CG,P_SHO,P_CSHO,P_GF,P_W,P_L,P_SV,P_OUT,P_TBF,P_AB,P_R,P_ER,P_H,P_TB,P_2B,P_3B,P_HR,P_HR4,P_BB,P_IBB,P_SO,P_GDP,P_HP,P_SH,P_SF,P_XI,P_WP,P_BK,P_IR,P_IRS,P_GO,P_AO,P_PITCH,P_STRIKE,F_G,F_OUT,F_TC,F_PO,F_A,F_E,F_DP,F_TP,F_PB
NY1190004190,box,1900-04-19,0,NYC10,R,0,BRO,NY1,1,1,0,0,1,,33,3,7,8,1,0,0,,3,,1,0,2,1,2,0,0,3,1,0,6,1,1,1,0,0,0,1,0,0,27,34,30,2,2,9,10,1,0,0,0,1,0,7,0,0,3,0,0,0,0,0,0,0,0,,,1,27,43,27,13,3,0,0,0
NY1190004200,box,1900-04-20,0,NYC10,R,0,BRO,NY1,1,0,1,0,1,,30,8,7,7,0,0,0,,5,,5,0,2,0,2,1,0,4,1,0,6,1,1,0,0,0,1,0,1,0,23,41,35,12,12,14,15,1,0,0,0,5,0,3,0,1,0,0,0,0,1,0,0,0,0,,,1,23,34,23,10,1,0,0,2
BRO190004210,box,1900-04-21,0,NYC12,R,1,BRO,NY1,1,1,0,0,1,,32,5,9,11,2,0,0,,4,,2,0,2,0,1,1,0,5,0,0,7,1,1,1,0,0,0,1,0,0,27,38,32,2,2,8,9,1,0,0,0,5,0,1,0,1,0,0,0,1,0,0,0,0,0,,,1,27,42,27,14,1,1,0,0
PHI190004240,box,1900-04-24,0,PHI09,R,0,BRO,PHI,1,0,1,0,1,,32,0,4,5,1,0,0,,0,,1,0,1,0,0,0,0,0,0,0,6,1,1,1,0,0,0,0,1,0,24,34,30,3,3,9,14,0,1,1,0,2,0,3,0,0,2,0,0,0,0,0,0,0,0,,,1,24,42,24,15,3,0,0,0
PHI190004250,box,1900-04-25,0,PHI09,R,0,BRO,PHI,1,1,0,0,1,,35,6,9,10,1,0,0,,4,,2,0,0,0,1,0,0,1,0,0,5,1,1,1,0,0,0,1,0,0,27,45,39,4,4,13,15,2,0,0,0,4,0,1,1,1,1,0,0,0,0,0,0,0,0,,,1,27,44,27,15,2,1,0,0
PHI190004260,box,1900-04-26,0,PHI09,R,0,BRO,PHI,1,0,1,0,1,,35,7,9,12,1,1,0,,5,,3,0,3,0,0,1,0,2,0,0,5,1,1,1,0,0,0,0,1,0,24,41,36,11,6,12,18,3,0,1,0,3,0,1,0,0,2,0,0,0,0,0,0,0,0,,,1,24,45,24,16,5,0,0,0
PHI190004270,box,1900-04-27,0,PHI09,R,0,BRO,PHI,1,1,0,0,1,,39,9,16,22,4,1,0,,9,,3,0,1,0,0,0,0,2,4,0,6,1,1,1,0,0,0,1,0,0,27,39,34,4,4,11,17,1,1,1,0,3,0,1,2,1,1,0,0,0,0,0,0,0,0,,,1,27,39,27,10,2,3,0,0
BRO190004280,box,1900-04-28,0,NYC12,R,1,BRO,BSN,1,1,0,0,1,,31,10,10,16,1,1,1,,10,,5,,2,,0,1,0,1,,0,3,1,1,1,0,0,0,1,0,0,27,34,32,1,1,6,9,1,1,0,0,2,,2,,0,0,0,0,2,0,0,0,0,0,,,1,27,44,27,17,0,1,0,0
BRO190004300,box,1900-04-30,0,NYC12,R,1,BRO,BSN,1,1,0,0,1,,29,5,5,5,0,0,0,,2,,6,0,1,0,0,1,0,5,0,0,7,1,1,1,0,0,0,1,0,0,27,41,36,2,2,11,14,3,0,0,0,4,0,1,0,0,1,0,0,0,0,0,0,0,0,,,1,27,38,27,10,1,0,0,0
BRO190005010,box,1900-05-01,0,NYC12,R,1,BRO,BSN,1,1,0,0,1,,37,3,8,14,2,2,0,,2,,2,0,2,0,0,1,0,1,0,0,8,1,1,1,0,0,0,1,0,0,30,38,36,2,2,7,9,0,1,0,0,1,0,4,0,1,0,0,0,0,0,0,0,0,0,,,1,30,46,30,14,2,0,0,0
BRO190005020,box,1900-05-02,0,NYC12,R,1,BRO,BSN,1,0,1,0,1,,33,5,7,11,1,0,1,,4,,7,0,2,0,0,0,0,5,1,0,8,1,1,0,0,0,1,0,1,0,27,44,38,10,10,14,18,2,1,0,0,3,0,0,0,0,3,0,0,0,0,0,0,0,0,,,1,27,45,27,13,5,2,0,0
BRO190005030,box,1900-05-03,0,NYC12,R,1,BRO,NY1,1,1,0,0,1,,24,6,7,9,2,0,0,,4,,3,0,2,1,3,0,0,0,2,0,5,1,1,1,0,0,0,1,0,0,21,31,28,4,4,8,11,1,1,0,0,3,0,2,0,0,0,0,0,0,0,0,0,0,0,,,1,21,38,21,16,1,0,0,1
NY1190005040,box,1900-05-04,0,NYC10,R,0,BRO,NY1,1,0,1,0,1,,35,5,10,11,1,0,0,,4,,2,0,0,0,1,0,0,2,2,0,6,1,1,1,0,0,0,0,1,0,24,35,29,6,5,9,10,1,0,0,0,5,0,1,0,1,0,0,0,0,0,0,0,0,0,,,1,24,40,24,15,1,0,0,0
BRO190005050,box,1900-05-05,0,NYC12,R,1,BRO,NY1,1,0,1,0,1,,31,3,8,9,1,0,0,,2,,5,0,4,0,0,1,0,4,1,0,7,1,1,1,0,0,0,0,1,0,27,39,34,5,3,8,9,1,0,0,0,3,0,5,0,1,1,0,0,1,0,0,0,0,0,,,1,27,47,27,17,3,1,0,0
BRO190005070,box,1900-05-07,0,NYC12,R,1,BRO,PHI,1,1,0,0,1,,42,13,16,18,2,0,0,,6,,2,0,3,0,2,0,0,5,0,0,9,1,1,1,0,0,0,1,0,0,27,44,39,9,7,13,21,2,3,0,0,5,0,2,1,0,0,0,0,0,0,0,0,0,0,,,1,27,41,27,11,3,2,0,0
BRO190005080,box,1900-05-08,0,NYC12,R,1,BRO,PHI,1,0,1,0,1,,38,3,10,10,0,0,0,,3,,3,0,3,0,0,0,0,4,0,0,11,1,1,0,0,0,1,0,1,0,27,42,40,10,4,12,17,3,1,0,0,2,0,0,1,0,0,0,0,1,0,0,0,0,0,,,1,27,49,27,15,7,1,0,0
SLN190005120,box,1900-05-12,0,STL05,R,0,BRO,SLN,1,1,0,0,1,,36,5,8,8,0,0,0,,4,,3,0,,0,0,0,0,4,2,0,7,1,1,0,0,0,1,1,0,1,27,43,34,4,3,9,11,2,0,0,0,6,0,,1,2,1,0,0,0,0,0,0,0,0,,,1,27,46,27,17,2,2,0,0
SLN190005130,box,1900-05-13,0,STL05,R,0,BRO,SLN,1,0,1,0,1,,33,0,9,10,1,0,0,,0,,4,,2,,0,0,0,0,,0,10,1,1,1,0,0,0,0,1,0,27,45,40,8,4,15,20,0,1,1,0,3,,0,,0,2,0,0,0,0,0,0,0,0,,,1,27,45,27,14,4,2,0,0
SLN190005140,box,1900-05-14,0,STL05,R,0,BRO,SLN,1,1,0,0,1,,29,3,9,9,0,0,0,,3,,3,0,2,1,0,0,0,1,3,0,5,1,1,1,0,0,0,1,0,0,27,32,30,2,1,6,8,0,1,0,0,1,0,2,0,1,0,0,0,0,0,0,0,0,0,,,1,27,45,27,16,2,1,0,0
SLN190005150,box,1900-05-15,0,STL05,R,0,BRO,SLN,1,1,0,0,1,,35,5,13,16,0,0,1,,5,,2,0,1,0,0,1,0,1,2,0,9,1,1,1,0,0,0,1,0,0,27,41,35,2,0,10,10,0,0,0,0,5,0,0,2,0,1,0,0,0,0,0,0,0,0,,,1,27,48,27,18,3,2,0,0
CIN190005160,box,1900-05-16,0,CIN05,R,0,BRO,CIN,1,1,0,0,1,,37,8,12,15,3,0,0,,5,,4,0,1,1,1,3,0,0,0,0,10,1,1,1,0,0,0,1,0,0,27,40,38,5,5,13,18,5,0,0,0,2,0,3,0,0,0,0,0,0,0,0,0,0,0,,,1,27,40,27,12,1,1,0,0
CIN190005170,box,1900-05-17,0,CIN05,R,0,BRO,CIN,1,1,0,0,1,,35,4,8,13,3,1,0,,3,,4,0,3,0,0,0,0,2,1,0,8,1,1,1,0,0,0,1,0,0,27,38,34,2,2,10,12,2,0,0,0,4,0,1,0,0,0,0,0,0,0,0,0,0,0,,,1,27,47,27,20,0,0,0,0
CIN190005200,box,1900-05-20,0,CIN05,R,0,BRO,CIN,1,0,1,0,1,,37,4,13,17,2,1,0,,3,,2,,,,0,0,0,4,,0,8,1,1,1,0,0,0,0,1,0,27,38,37,5,5,12,18,2,2,0,0,1,,,,0,0,0,0,0,0,0,0,0,0,,,1,27,47,27,18,2,0,0,0
PIT190005210,box,1900-05-21,0,PIT05,R,0,BRO,PIT,1,1,0,0,1,,41,7,13,19,2,2,0,,5,,2,0,3,1,0,0,0,1,1,0,9,1,1,0,0,0,1,1,0,0,27,39,32,5,3,6,10,2,1,0,0,6,0,1,2,1,0,0,0,1,0,0,0,0,0,,,1,27,43,27,15,1,2,0,0
PIT190005220,box,1900-05-22,0,PIT05,R,0,BRO,PIT,1,1,0,0,1,,33,4,8,11,1,1,0,,4,,3,0,2,1,2,0,0,0,1,0,7,1,1,1,0,0,0,1,0,0,27,38,35,1,1,9,9,0,0,0,0,2,0,2,0,1,0,0,0,0,0,0,0,0,0,,,1,27,39,27,11,1,1,0,0
PIT190005230,box,1900-05-23,0,PIT05,R,0,BRO,PIT,1,0,1,0,1,,31,5,5,8,1,1,0,,5,,8,0,2,0,2,0,0,1,0,0,9,1,1,0,0,0,1,0,1,0,24,35,34,8,5,9,14,1,2,0,0,1,0,0,1,0,0,0,0,0,0,0,0,0,0,,,1,24,39,24,11,4,1,0,0
PIT190005240,box,1900-05-24,0,PIT05,R,0,BRO,PIT,1,0,1,0,1,,37,4,9,11,0,1,0,,3,,1,0,4,1,0,1,0,0,0,0,5,1,1,1,0,0,0,0,1,0,27,40,39,5,5,12,15,3,0,0,0,1,0,2,0,0,0,0,0,0,0,0,0,0,0,,,1,27,36,27,8,1,0,0,1
CHN190005250,box,1900-05-25,0,CHI08,R,0,BRO,CHN,1,1,0,0,1,,42,12,14,17,3,0,0,,7,,0,0,3,0,0,1,0,1,0,0,4,1,1,1,0,0,0,1,0,0,27,39,36,3,1,8,11,3,0,0,0,3,0,2,0,0,0,0,0,0,0,0,0,0,0,,,1,27,42,27,14,1,0,0,1
CHN190005260,box,1900-05-26,0,CHI08,R,0,BRO,CHN,1,0,1,0,1,,31,0,5,6,1,0,0,,0,,1,,2,,0,0,0,1,,0,5,1,1,1,0,0,0,0,1,0,24,32,30,1,1,9,9,0,0,0,0,0,0,1,,0,2,0,0,0,0,0,0,0,0,,,1,24,39,24,13,2,1,0,0
CHN190005280,box,1900-05-28,0,CHI08,R,0,BRO,CHN,1,1,0,0,1,,45,12,16,21,3,1,0,,10,,1,0,0,0,0,0,0,2,0,0,7,1,1,0,0,0,1,1,0,0,27,42,34,7,5,11,13,2,0,0,0,3,0,1,1,3,2,0,0,0,0,0,0,0,0,,,1,27,45,27,17,1,2,0,1
BRO190005301,box,1900-05-30,1,NYC12,R,1,BRO,SLN,1,0,1,0,1,,32,1,7,7,0,0,0,,1,,2,0,2,0,1,1,0,3,2,0,8,1,1,1,0,0,0,0,1,0,27,39,32,5,4,9,10,1,0,0,0,6,0,2,0,0,1,0,0,0,0,0,0,0,0,,,1,27,42,27,13,2,2,0,0
BRO190005302,box,1900-05-30,2,NYC12,R,1,BRO,SLN,1,0,1,0,1,,38,6,8,13,1,2,0,,6,,5,0,6,0,0,0,0,2,0,0,10,1,1,0,0,0,1,0,1,0,27,40,35,11,9,10,13,0,0,1,0,4,0,3,1,1,0,0,0,0,0,0,0,0,0,,,1,27,44,27,15,2,1,0,1
BRO190006010,box,1900-06-01,0,NYC12,R,1,BRO,SLN,1,1,0,0,1,,37,8,10,14,1,0,1,,7,,1,0,3,0,0,0,0,3,0,0,3,1,1,1,0,0,0,1,0,0,27,35,35,3,3,9,11,0,1,0,0,0,0,1,0,0,0,0,0,0,0,0,0,0,0,,,1,27,41,27,14,0,0,0,0
BRO190006040,box,1900-06-04,0,NYC12,R,1,BRO,CHN,1,0,1,0,1,,35,4,7,10,0,0,1,,4,,2,0,2,0,1,0,0,3,0,0,7,1,1,0,0,0,1,0,1,0,27,41,40,6,5,16,27,5,3,0,0,0,0,1,1,0,1,0,0,0,0,0,0,0,0,,,1,27,46,27,16,3,1,0,0
BRO190006050,box,1900-06-05,0,NYC12,R,1,BRO,CHN,1,1,0,0,1,,37,5,9,14,3,1,0,,5,,1,0,0,0,1,0,0,3,1,0,7,1,1,0,0,0,1,1,0,1,27,41,37,4,2,11,13,2,0,0,0,1,0,2,1,1,2,0,0,0,0,0,0,0,0,,,1,27,44,27,14,3,1,0,0
BRO190006060,box,1900-06-06,0,NYC12,R,1,BRO,CHN,1,1,0,0,1,,32,8,8,16,1,2,1,,6,,2,0,0,0,0,2,0,2,2,0,4,1,1,1,0,0,0,1,0,0,27,33,32,3,3,5,9,2,1,0,0,1,0,2,1,0,0,0,0,0,0,0,0,0,0,,,1,27,41,27,13,1,1,0,0
BRO190006070,box,1900-06-07,0,NYC12,R,1,BRO,PIT,1,0,1,0,1,,39,4,12,13,1,0,0,,4,,1,0,3,1,0,0,0,1,0,0,9,1,1,1,0,0,0,0,1,0,27,39,37,7,5,12,19,1,3,0,0,1,0,1,0,0,1,0,0,0,0,0,0,0,0,,,1,27,37,27,8,2,0,0,0
BRO190006090,box,1900-06-09,0,NYC12,R,1,BRO,PIT,1,1,0,0,1,,39,9,14,19,3,1,0,,9,,4,0,1,1,0,2,0,4,0,0,9,1,1,1,0,0,0,1,0,0,27,36,35,3,3,8,9,1,0,0,0,1,0,1,0,0,0,0,0,0,0,0,0,0,0,,,1,27,34,27,6,1,0,0,0
BRO190006110,box,1900-06-11,0,NYC12,R,1,BRO,PIT,1,1,0,0,1,,35,8,13,18,0,1,1,,8,,0,0,4,0,1,1,0,0,1,0,5,1,1,1,0,0,0,1,0,0,27,40,38,7,4,9,9,0,0,0,0,1,0,0,0,0,1,0,0,0,0,0,0,0,0,,,1,27,45,27,15,3,0,0,0
BRO190006120,box,1900-06-12,0,NYC12,R,1,BRO,CIN,1,1,0,0,1,,30,5,6,11,0,1,1,,5,,0,0,4,0,0,0,0,2,1,0,1,1,1,1,0,0,0,1,0,0,27,34,31,4,3,6,10,1,0,1,0,3,0,2,2,0,0,0,0,0,0,0,0,0,0,,,1,27,40,27,12,1,2,0,0
BRO190006130,box,1900-06-13,0,NYC12,R,1,BRO,CIN,1,1,0,0,1,,36,11,12,20,1,2,1,,7,,3,0,0,0,2,1,0,3,2,0,4,1,1,1,0,0,0,1,0,0,27,34,30,1,1,4,9,1,2,0,0,3,0,3,1,1,0,0,0,0,0,0,0,0,0,,,1,27,39,27,12,0,1,0,0
BRO190006140,box,1900-06-14,0,NYC12,R,1,BRO,CIN,1,1,0,0,1,,21,3,5,6,1,0,0,,2,,4,0,2,0,1,0,0,4,0,0,6,1,1,1,1,0,0,1,0,0,18,22,21,0,0,3,6,1,1,0,0,0,0,0,0,1,0,0,0,0,0,0,0,0,0,,,1,18,23,18,5,0,0,0,0
BSN190006150,box,1900-06-15,0,BOS05,R,0,BRO,BSN,1,1,0,0,1,,35,4,11,17,1,1,1,,4,,2,0,,2,0,0,0,2,3,0,6,1,1,1,0,0,0,1,0,0,27,36,32,2,2,9,15,1,1,1,0,4,0,,1,0,0,0,0,0,0,0,0,0,0,,,1,27,44,27,16,1,2,0,1
BSN190006160,box,1900-06-16,0,BOS05,R,0,BRO,BSN,1,1,0,0,1,,39,7,11,16,2,0,1,,6,,2,0,4,0,1,0,0,2,1,0,8,1,1,1,0,0,0,1,0,0,27,43,40,6,4,12,15,3,0,0,0,2,0,1,0,0,1,0,0,0,0,0,0,0,0,,,1,27,43,27,12,4,0,0,0
BSN190006180,box,1900-06-18,0,BOS05,R,0,BRO,BSN,1,1,0,0,1,,41,6,13,17,4,0,0,,6,,4,0,0,0,0,2,0,0,1,0,8,1,1,1,0,0,0,1,0,0,33,48,43,3,2,11,13,2,0,0,0,2,0,1,0,3,0,0,0,0,0,0,0,0,0,,,1,33,50,33,16,1,0,0,0
BSN190006190,box,1900-06-19,0,BOS05,R,0,BRO,BSN,1,1,0,0,1,,36,10,12,23,3,1,2,,10,,5,0,1,0,2,0,0,2,3,0,6,1,1,1,0,0,0,1,0,0,27,38,36,4,4,9,12,0,0,1,0,2,0,0,1,0,0,0,0,0,0,0,0,0,0,,,1,27,44,27,15,2,1,0,0
PHI190006200,box,1900-06-20,0,PHI09,R,0,BRO,PHI,1,0,1,0,1,,39,4,13,15,0,1,0,,4,,5,0,1,0,0,1,0,2,0,0,14,1,1,1,0,0,0,0,1,0,24,33,30,5,5,8,14,0,0,2,0,2,0,2,0,0,1,0,0,0,0,0,0,0,0,,,1,24,38,24,13,1,0,0,0
PHI190006210,box,1900-06-21,0,PHI09,R,0,BRO,PHI,1,1,0,0,1,,38,8,13,15,2,0,0,,6,,3,0,,0,3,0,0,4,2,0,9,1,1,0,0,0,1,1,0,1,27,42,36,6,2,10,11,1,0,0,0,3,0,,0,2,1,0,0,0,0,0,0,0,0,,,1,27,38,27,8,3,1,0,1
PHI190006220,box,1900-06-22,0,PHI09,R,0,BRO,PHI,1,1,0,0,1,,51,20,22,26,4,0,0,,16,,10,0,,0,1,1,0,12,4,0,10,1,1,0,0,0,1,1,0,0,30,52,44,13,9,19,20,1,0,0,0,5,0,,2,1,2,0,0,0,0,0,0,0,0,,,1,30,43,30,11,2,2,0,1
NY1190006230,box,1900-06-23,0,NYC10,R,0,BRO,NY1,1,1,0,0,1,,36,12,13,18,2,0,1,,9,,6,0,2,0,2,1,0,0,2,0,6,1,1,1,0,0,0,1,0,0,27,35,30,1,1,4,4,0,0,0,0,4,0,3,1,1,0,0,0,0,0,0,0,0,0,,,1,27,45,27,18,0,1,0,0
BRO190006250,box,1900-06-25,0,NYC12,R,1,BRO,NY1,1,1,0,0,1,,41,15,21,25,2,1,0,,12,,1,0,1,1,1,1,0,5,3,0,5,1,1,1,0,0,0,1,0,0,27,38,37,2,2,8,10,0,1,0,0,1,0,3,0,0,0,0,0,0,0,0,0,0,0,,,1,27,41,27,12,2,0,0,1
NY1190006260,box,1900-06-26,0,NYC10,R,0,BRO,NY1,1,1,0,0,1,,38,8,14,15,1,0,0,,7,,4,0,0,2,2,0,0,2,3,0,9,1,1,1,0,0,0,1,0,0,27,41,38,6,2,9,11,0,1,0,0,3,0,4,2,0,0,0,0,0,0,0,0,0,0,,,1,27,50,27,17,6,2,0,1
CHN190006290,box,1900-06-29,0,CHI08,R,0,BRO,CHN,1,0,1,0,1,,32,0,4,4,0,0,0,,0,,2,0,2,0,0,0,0,4,0,0,7,1,1,1,0,0,0,0,1,0,24,31,28,1,1,5,6,1,0,0,0,1,0,1,0,2,0,0,0,0,0,0,0,0,0,,,1,24,39,24,15,0,0,0,0
CHN190006300,box,1900-06-30,0,CHI08,R,0,BRO,CHN,1,0,1,0,1,,32,1,5,5,0,0,0,,0,,2,0,3,1,1,0,0,0,0,0,7,1,1,1,0,0,0,0,1,0,24,40,33,8,6,13,17,2,1,0,0,5,0,3,1,0,2,0,0,1,0,0,0,0,0,,,1,24,48,24,19,5,1,0,2
CHN190007010,box,1900-07-01,0,CHI08,R,0,BRO,CHN,1,0,1,0,1,,32,5,10,11,1,0,0,,3,,5,,,,0,2,0,0,,0,7,1,1,0,0,0,1,0,1,0,26,37,31,6,5,9,12,1,1,0,0,3,,1,,2,1,0,0,0,0,0,0,0,0,,,1,26,38,26,9,3,3,0,1
SLN190007020,box,1900-07-02,0,STL05,R,0,BRO,SLN,1,1,0,0,1,,36,8,12,16,1,0,1,,8,,2,0,0,0,1,2,0,3,3,0,6,1,1,1,0,0,0,1,0,0,27,38,35,2,2,11,14,3,0,0,0,3,0,1,0,0,0,0,0,0,0,0,0,0,0,,,1,27,42,26,15,1,1,0,0
SLN190007041,box,1900-07-04,1,STL05,R,0,BRO,SLN,1,1,0,0,1,,34,9,8,11,1,1,0,,5,,2,0,4,0,0,1,0,3,2,0,4,1,1,0,0,0,1,1,0,0,27,36,32,5,5,7,9,2,0,0,0,4,0,2,0,0,0,0,0,0,0,0,0,0,0,,,1,27,40,27,13,0,0,0,0
SLN190007042,box,1900-07-04,2,STL05,R,0,BRO,SLN,1,0,1,0,1,,32,0,7,7,0,0,0,,0,,2,0,3,0,0,0,0,2,2,0,7,1,1,1,0,0,0,0,1,0,27,42,34,9,6,13,16,3,0,0,0,3,0,1,2,3,2,0,0,0,0,0,0,0,0,,,1,27,51,27,18,6,4,0,0
CIN190007050,box,1900-07-05,0,CIN05,R,0,BRO,CIN,1,1,0,0,1,,35,2,10,13,1,1,0,,2,,1,0,5,1,0,0,0,1,0,0,7,1,1,1,1,0,0,1,0,0,27,30,27,0,0,1,1,0,0,0,0,2,0,6,0,1,0,0,0,0,0,0,0,0,0,,,1,27,34,27,7,0,0,0,0
CIN190007060,box,1900-07-06,0,CIN05,R,0,BRO,CIN,1,1,0,0,1,,39,10,14,23,2,2,1,,9,,3,0,2,1,0,1,0,0,0,0,6,1,1,1,1,0,0,1,0,0,27,32,29,0,0,1,1,0,0,0,0,3,0,3,0,0,0,0,0,0,0,0,0,0,0,,,1,27,41,27,13,1,0,0,0
CIN190007070,box,1900-07-07,0,CIN05,R,0,BRO,CIN,1,1,0,0,1,,39,9,14,20,3,0,1,,7,,6,0,,0,1,0,0,2,1,0,10,1,1,1,0,0,0,1,0,0,27,41,35,5,4,10,13,3,0,0,0,6,0,,0,0,0,0,0,0,0,0,0,0,0,,,1,27,43,27,14,2,0,0,1
CIN190007080,box,1900-07-08,0,CIN05,R,0,BRO,CIN,1,1,0,0,1,,45,4,10,11,1,0,0,,4,,4,,3,,1,2,0,2,,0,9,1,1,0,0,0,1,1,0,0,39,54,43,3,3,9,10,1,0,0,0,6,,7,,1,4,0,0,0,0,0,0,0,0,,,1,39,63,39,20,4,1,0,1
PIT190007100,box,1900-07-10,0,PIT05,R,0,BRO,PIT,1,1,0,0,1,,34,4,11,14,1,1,0,,4,,6,,2,,2,0,0,3,,0,11,1,1,1,0,0,0,1,0,0,27,36,34,2,1,7,9,2,0,0,0,1,,,,1,0,0,0,0,0,0,0,0,0,,,1,27,39,27,11,1,1,0,0
PIT190007110,box,1900-07-11,0,PIT05,R,0,BRO,PIT,1,0,1,0,1,,31,0,4,4,0,0,0,,0,,2,,0,,0,0,0,0,,0,6,1,1,1,0,0,0,0,1,0,24,33,32,4,1,10,11,1,0,0,0,1,,1,,0,0,0,0,0,0,0,0,0,0,,,1,24,41,23,15,3,1,0,0
PIT190007120,box,1900-07-12,0,PIT05,R,0,BRO,PIT,1,0,1,0,1,,36,6,9,15,0,3,0,,6,,2,,1,,1,0,0,1,,0,6,1,1,0,0,0,1,0,1,0,24,37,35,7,4,11,17,0,0,2,0,0,0,0,,0,2,0,0,1,0,0,0,0,0,,,1,24,39,24,10,5,0,0,0
NY1190007130,box,1900-07-13,0,NYC10,R,0,BRO,NY1,1,0,1,0,1,,33,1,6,6,0,0,0,,0,,0,0,3,1,0,0,0,0,0,0,5,1,1,0,0,0,1,0,1,0,24,44,40,14,12,20,26,1,1,1,0,0,0,1,2,0,4,0,0,1,0,0,0,0,0,,,1,24,43,24,14,5,3,0,0
BRO190007140,box,1900-07-14,0,NYC12,R,1,BRO,NY1,1,1,0,0,1,,32,1,10,12,2,0,0,,1,,2,0,0,0,0,0,0,1,1,0,9,1,1,1,1,0,0,1,0,0,27,34,32,0,0,6,8,0,1,0,0,2,0,0,0,0,0,0,0,0,0,0,0,0,0,,,1,27,48,27,19,2,0,0,0
NY1190007160,box,1900-07-16,0,NYC10,R,0,BRO,NY1,1,0,1,0,1,,34,5,11,15,2,1,0,,4,,1,0,0,0,1,0,0,1,2,0,4,1,1,1,0,0,0,0,1,0,24,35,33,7,7,9,12,3,0,0,0,2,0,4,0,0,0,0,0,0,0,0,0,0,0,,,1,24,37,24,10,3,0,0,0
BRO190007170,box,1900-07-17,0,NYC12,R,1,BRO,NY1,1,1,0,0,1,,33,13,9,10,1,0,0,,9,,6,0,1,0,4,2,0,3,1,0,8,1,1,1,0,0,0,1,0,0,27,41,37,7,5,10,14,4,0,0,0,2,0,4,0,2,0,0,0,0,0,0,0,0,0,,,1,27,42,27,9,6,0,0,0
BRO190007180,box,1900-07-18,0,NYC12,R,1,BRO,BSN,1,1,0,0,1,,36,10,14,21,5,1,0,,8,,2,,1,,0,1,0,1,,0,5,1,1,1,0,0,0,1,0,0,27,38,37,3,0,8,11,1,1,0,0,1,,5,,0,0,0,0,0,0,0,0,0,0,,,1,27,46,27,16,3,0,0,0
BRO190007190,box,1900-07-19,0,NYC12,R,1,BRO,CIN,1,1,0,0,1,,36,12,14,27,7,3,0,,8,,6,0,1,0,0,1,0,1,1,0,7,1,1,0,0,0,1,1,0,1,27,45,39,8,6,11,15,2,1,0,0,6,0,0,0,0,0,0,0,0,0,0,0,0,0,,,1,27,49,27,18,4,0,0,0
BRO190007200,box,1900-07-20,0,NYC12,R,1,BRO,CIN,1,0,1,0,1,,40,7,14,19,1,2,0,,7,,2,,0,,0,0,0,2,,0,8,1,1,1,0,0,0,0,1,0,27,43,37,8,8,12,20,4,2,0,0,5,,2,,1,0,0,0,1,0,0,0,0,0,,,1,27,38,27,11,0,1,0,0
BRO190007210,box,1900-07-21,0,NYC12,R,1,BRO,CIN,1,1,0,0,1,,31,6,8,14,1,1,1,,5,,2,0,1,0,0,1,0,1,2,0,2,1,1,1,0,0,0,1,0,0,27,42,41,5,3,13,17,4,0,0,0,1,0,2,0,0,0,0,0,0,0,0,0,0,0,,,1,27,39,27,9,3,0,0,0
BRO190007230,box,1900-07-23,0,NYC12,R,1,BRO,CHN,1,0,0,1,1,,39,7,12,16,2,1,0,,6,,3,0,2,1,0,0,0,2,1,0,8,1,1,1,0,0,0,0,0,0,27,40,35,7,4,10,17,1,0,2,0,1,0,3,0,1,3,0,0,0,0,0,0,0,0,,,1,27,44,27,14,3,0,0,0
BRO190007240,box,1900-07-24,0,NYC12,R,1,BRO,CHN,1,0,1,0,1,,38,7,10,11,1,0,0,,6,,4,0,8,0,2,1,0,5,0,0,11,1,1,0,0,0,1,0,1,0,27,45,41,9,9,14,22,1,2,1,0,3,0,7,0,1,0,0,0,0,0,0,0,0,0,,,1,27,42,27,12,3,0,0,0
BRO190007250,box,1900-07-25,0,NYC12,R,1,BRO,CHN,1,1,0,0,1,,29,6,5,6,1,0,0,,3,,7,0,1,0,1,0,0,2,1,0,7,1,1,1,0,0,0,1,0,0,27,37,33,2,2,8,8,0,0,0,0,4,0,3,0,0,0,0,0,0,0,0,0,0,0,,,1,27,40,27,12,1,1,0,0
BRO190007270,box,1900-07-27,0,NYC12,R,1,BRO,SLN,1,0,1,0,1,,35,5,8,9,1,0,0,,5,,5,,1,,0,0,0,4,,0,8,1,1,0,0,0,1,0,1,0,27,45,40,10,7,12,15,1,1,0,0,3,,1,,0,2,0,0,0,0,0,0,0,0,,,1,27,48,27,18,3,0,0,0
BRO190007280,box,1900-07-28,0,NYC12,R,1,BRO,SLN,1,1,0,0,1,,36,8,16,24,2,3,0,,7,,0,0,1,0,0,0,0,5,3,0,4,1,1,1,0,0,0,1,0,0,27,38,32,6,0,6,6,0,0,0,0,6,0,,0,0,0,0,0,0,0,0,0,0,0,,,1,27,40,27,11,2,1,0,0
BRO190007310,box,1900-07-31,0,NYC12,R,1,BRO,PIT,1,0,1,0,1,,30,1,5,5,0,0,0,,0,,1,,,,2,0,0,0,,0,5,1,1,0,0,0,1,0,1,0,27,52,48,17,13,26,35,5,2,0,0,4,,,,0,0,0,0,0,0,0,0,0,0,,,1,27,49,27,17,5,2,0,1
BRO190008010,box,1900-08-01,0,NYC12,R,1,BRO,PIT,1,1,0,0,1,,36,10,9,9,0,0,0,,10,,1,,,,1,0,0,1,,0,4,1,1,1,0,0,0,1,0,0,27,39,33,6,3,5,6,1,0,0,0,4,,0,,2,0,0,0,0,0,0,0,0,0,,,1,27,42,27,13,2,0,0,0
BRO190008020,box,1900-08-02,0,NYC12,R,1,BRO,BSN,1,1,0,0,1,,36,8,15,20,3,1,0,,8,,0,0,,,1,1,0,4,,0,6,1,1,0,0,0,1,1,0,0,27,42,37,6,5,11,13,0,1,0,0,5,,,,0,0,0,0,0,0,0,0,0,0,,,1,27,44,27,15,2,3,0,0
CHN190008040,box,1900-08-04,0,CHI08,R,0,BRO,CHN,1,1,0,0,1,,39,6,13,17,4,0,0,,6,,0,0,4,0,2,1,0,2,0,0,9,1,1,1,0,0,0,1,0,0,27,36,31,2,2,7,10,1,1,0,0,2,0,3,0,1,2,0,0,0,0,0,0,0,0,,,1,27,42,27,14,1,0,0,0
CHN190008050,box,1900-08-05,0,CHI08,R,0,BRO,CHN,1,1,0,0,1,,37,3,9,11,2,0,0,,3,,2,,2,,1,0,0,0,,0,10,1,1,1,0,0,0,1,0,0,27,34,32,1,1,5,5,0,0,0,0,2,,2,,0,0,0,0,0,0,0,0,0,0,,,1,27,40,27,12,1,1,0,0
CHN190008060,box,1900-08-06,0,CHI08,R,0,BRO,CHN,1,0,1,0,1,,34,7,12,18,0,3,0,,7,,4,0,0,0,0,1,0,0,2,0,5,1,1,1,0,0,0,0,1,0,24,36,28,8,5,8,14,2,2,0,0,6,0,,2,0,2,0,0,0,0,0,0,0,0,,,1,24,44,24,17,3,2,0,0
CHN190008070,box,1900-08-07,0,CHI08,R,0,BRO,CHN,1,0,1,0,1,,32,1,8,8,0,0,0,,1,,2,0,2,1,0,0,0,2,2,0,6,1,1,0,0,0,1,0,1,0,24,38,31,7,6,10,11,1,0,0,0,3,0,2,0,2,2,0,0,0,0,0,0,0,0,,,1,24,39,23,15,1,0,0,0
SLN190008090,box,1900-08-09,0,STL05,R,0,BRO,SLN,1,1,0,0,1,,44,7,18,19,1,0,0,,7,,1,,2,,0,0,0,3,,0,11,1,1,1,0,0,0,1,0,0,27,36,34,3,2,8,16,1,2,1,0,1,,2,,1,0,0,0,0,0,0,0,0,0,,,1,27,42,27,14,1,1,0,0
SLN190008110,box,1900-08-11,0,STL05,R,0,BRO,SLN,1,0,1,0,1,,35,1,8,10,0,1,0,,0,,1,,,,0,0,0,1,,0,8,1,1,0,0,0,1,0,1,0,27,49,40,8,5,14,15,1,0,0,0,5,,5,,0,4,0,0,0,0,0,0,0,0,,,1,27,44,27,13,4,0,0,1
SLN190008120,box,1900-08-12,0,STL05,R,0,BRO,SLN,1,1,0,0,1,,34,3,12,14,2,0,0,,3,,6,,1,,0,0,0,1,,0,12,1,1,1,0,0,0,1,0,0,27,37,31,2,1,5,7,0,1,0,0,4,,0,,1,1,0,0,0,0,0,0,0,0,,,1,27,42,27,13,2,1,0,1
CIN190008130,box,1900-08-13,0,CIN05,R,0,BRO,CIN,1,0,1,0,1,,29,0,5,5,0,0,0,,0,,3,,2,,0,1,0,0,,0,6,1,1,1,0,0,0,0,1,0,24,33,30,4,4,7,11,1,0,1,0,2,,2,,0,1,0,0,0,0,0,0,0,0,,,1,24,38,24,14,0,0,0,0
CIN190008151,box,1900-08-15,1,CIN05,R,0,BRO,CIN,1,1,0,0,1,,34,3,7,8,1,0,0,,2,,1,0,4,0,0,1,0,0,1,0,6,1,1,1,0,0,0,1,0,0,27,38,36,2,2,10,10,0,0,0,0,1,0,4,0,0,1,0,0,0,0,0,0,0,0,,,1,27,42,27,14,1,1,0,0
CIN190008152,box,1900-08-15,2,CIN05,R,0,BRO,CIN,1,0,0,1,1,,23,4,5,6,1,0,0,,4,,3,,2,,1,0,0,0,,0,5,1,1,1,0,0,0,0,0,0,18,25,21,4,4,9,11,0,1,0,0,2,,1,,0,2,0,0,0,0,0,0,0,0,,,1,18,26,18,8,0,0,0,0
PIT190008160,box,1900-08-16,0,PIT05,R,0,BRO,PIT,1,1,0,0,1,,37,8,12,15,0,0,1,,6,,4,0,4,0,0,0,0,3,3,0,6,1,1,1,1,0,0,1,0,0,27,33,31,0,0,5,5,0,0,0,0,1,0,1,1,1,0,0,0,0,0,0,0,0,0,,,1,27,39,27,12,0,1,0,0
PIT190008170,box,1900-08-17,0,PIT05,R,0,BRO,PIT,1,0,1,0,1,,38,3,12,15,1,1,0,,3,,0,0,5,0,0,0,0,0,1,0,8,1,1,1,0,0,0,0,1,0,24,35,34,5,3,9,13,2,1,0,0,1,0,0,1,0,0,0,0,0,0,0,0,0,0,,,1,24,36,24,9,3,1,0,0
PIT190008180,box,1900-08-18,0,PIT05,R,0,BRO,PIT,1,0,1,0,1,,33,4,5,6,1,0,0,,4,,1,0,0,0,0,0,0,0,0,0,3,1,1,1,0,0,0,0,1,0,24,42,33,8,5,12,16,2,1,0,0,5,0,2,0,1,3,0,0,0,0,0,0,0,0,,,1,24,39,24,12,3,0,0,0
BSN190008220,box,1900-08-22,0,BOS05,R,0,BRO,BSN,1,1,0,0,1,,44,16,19,21,2,0,0,,11,,8,,,,0,2,0,3,,0,11,1,1,0,0,0,1,1,0,0,27,49,38,8,8,13,17,2,1,0,0,10,,0,,0,1,0,0,0,0,0,0,0,0,,,1,27,40,27,12,1,1,0,0
BSN190008230,box,1900-08-23,0,BOS05,R,0,BRO,BSN,1,0,1,0,1,,36,3,9,10,1,0,0,,3,,7,,2,,0,0,0,4,,0,13,1,1,1,0,0,0,0,1,0,24,39,38,6,4,11,13,2,0,0,0,1,,2,,0,0,0,0,0,0,0,0,0,0,,,1,24,37,24,10,3,0,0,1
BSN190008250,box,1900-08-25,0,BOS05,R,0,BRO,BSN,1,0,1,0,1,,29,0,4,6,2,0,0,,0,,4,0,4,1,0,0,0,3,1,0,6,1,1,1,0,0,0,0,1,0,24,38,31,8,4,9,13,1,0,1,0,3,0,1,0,0,4,0,0,0,1,0,0,0,0,,,1,24,42,24,14,4,1,0,0
BRO190008270,box,1900-08-27,0,NYC12,R,1,BRO,NY1,1,1,0,0,1,,35,9,14,15,1,0,0,,9,,2,0,0,1,2,0,0,0,1,0,8,1,1,1,0,0,0,1,0,0,24,33,31,2,2,9,11,0,1,0,0,2,0,0,1,0,0,0,0,0,0,0,0,0,0,,,1,24,40,24,16,0,1,0,0
BRO190008280,box,1900-08-28,0,NYC12,R,1,BRO,PHI,1,1,0,0,1,,37,10,16,21,0,1,1,,8,,7,,,,0,1,0,2,,0,11,1,1,1,0,0,0,1,0,0,27,44,42,6,5,16,23,1,0,2,0,1,,,,0,1,0,0,0,0,0,0,0,0,,,1,27,36,27,7,2,0,0,0
BRO190008290,box,1900-08-29,0,NYC12,R,1,BRO,PHI,1,0,1,0,1,,30,0,5,6,1,0,0,,0,,4,,,,1,1,0,4,,0,9,1,1,0,0,0,1,0,1,0,27,45,34,8,7,14,15,1,0,0,0,8,,0,,1,2,0,0,0,0,0,0,0,0,,,1,27,43,27,15,1,2,0,0
BRO190008300,box,1900-08-30,0,NYC12,R,1,BRO,PHI,1,1,0,0,1,,38,14,18,28,2,4,0,,13,,4,0,3,0,0,0,0,3,2,0,4,1,1,1,0,0,0,1,0,0,27,40,34,3,2,7,7,0,0,0,0,6,0,0,0,0,0,0,0,0,0,0,0,0,0,,,1,27,38,27,9,2,0,0,1
BRO190008310,box,1900-08-31,0,NYC12,R,1,BRO,PHI,1,0,1,0,1,,33,4,7,10,0,0,1,,4,,7,0,2,1,0,1,0,1,0,0,10,1,1,0,0,0,1,0,1,0,27,45,32,9,5,10,11,1,0,0,0,9,0,2,1,0,4,0,0,0,0,0,0,0,0,,,1,27,42,27,12,3,1,0,0
BRO190009010,box,1900-09-01,0,NYC12,R,1,BRO,PHI,1,1,0,0,1,,33,5,9,12,1,1,0,,5,,2,,,,0,0,0,0,,0,6,1,1,1,0,0,0,1,0,0,27,36,33,2,1,7,9,0,1,0,0,3,,,,0,0,0,0,0,0,0,0,0,0,,,1,27,41,27,12,2,2,0,0
BRO190009031,box,1900-09-03,1,NYC12,R,1,BRO,CHN,1,1,0,0,1,,34,9,13,17,4,0,0,,8,,3,0,1,0,0,3,0,1,0,0,7,1,1,1,0,0,0,1,0,0,27,41,38,5,5,12,18,3,0,1,0,3,0,2,2,0,0,0,0,0,0,0,0,0,0,,,1,27,45,27,16,2,2,0,0
BRO190009032,box,1900-09-03,2,NYC12,R,1,BRO,CHN,1,1,0,0,1,,36,10,11,14,1,1,0,,6,,4,0,2,0,0,1,0,1,0,0,7,1,1,1,0,0,0,1,0,0,27,39,36,7,3,9,13,1,0,1,0,1,0,4,0,0,2,0,0,0,0,0,0,0,0,,,1,27,43,27,13,3,0,0,0
BRO190009040,box,1900-09-04,0,NYC12,R,1,BRO,CHN,1,0,1,0,1,,35,7,12,16,4,0,0,,7,,9,,2,,0,1,0,7,,0,11,1,1,0,0,0,1,0,1,0,27,47,43,8,5,15,22,5,1,0,0,3,,1,,0,1,0,0,0,0,0,0,0,0,,,1,27,49,27,17,5,0,0,0
BRO190009051,box,1900-09-05,1,NYC12,R,1,BRO,CHN,1,1,0,0,1,,36,9,11,20,1,4,0,,7,,6,0,4,1,0,1,0,7,0,0,10,1,1,1,0,0,0,1,0,0,27,44,39,4,2,13,14,1,0,0,0,2,0,2,1,3,0,0,0,0,0,0,0,0,0,,,1,27,45,27,15,3,1,0,0
BRO190009052,box,1900-09-05,2,NYC12,R,1,BRO,CHN,1,0,1,0,1,,35,1,11,13,2,0,0,,1,,2,0,2,1,0,0,0,1,0,0,9,1,1,1,0,0,0,0,1,0,27,47,41,12,3,15,24,1,1,2,0,2,0,2,1,0,4,0,0,0,0,0,0,0,0,,,1,27,48,26,16,6,1,0,0
BRO190009060,box,1900-09-06,0,NYC12,R,1,BRO,PIT,1,0,1,0,1,,33,2,12,15,1,1,0,,2,,2,,,,1,0,0,0,,0,10,1,1,0,0,0,1,0,1,0,24,41,36,9,5,13,17,2,1,0,0,2,,0,,2,1,0,0,0,0,0,0,0,0,,,1,24,32,24,7,1,1,0,0
BRO190009070,box,1900-09-07,0,NYC12,R,1,BRO,PIT,1,0,0,1,1,,36,6,9,13,1,0,1,,4,,2,,,,2,0,0,4,,0,7,1,1,1,0,0,0,0,0,0,27,39,37,6,5,11,15,1,0,1,0,1,,,,1,0,0,0,0,0,0,0,0,0,,,1,27,40,27,12,1,0,0,0
BRO190009081,box,1900-09-08,1,NYC12,R,1,BRO,PIT,1,0,1,0,1,,37,7,14,16,2,0,0,,6,,0,0,0,1,2,0,0,1,2,0,5,1,1,0,0,0,1,0,1,0,27,50,45,15,10,18,27,5,2,0,0,3,0,2,0,0,2,0,0,0,0,0,0,0,0,,,1,27,45,27,14,4,0,0,0
BRO190009082,box,1900-09-08,2,NYC12,R,1,BRO,PIT,1,1,0,0,1,,24,6,8,11,1,1,0,,6,,2,0,1,0,0,0,0,0,1,0,5,1,1,1,0,0,0,1,0,0,18,28,28,5,2,8,10,2,0,0,0,0,0,4,0,0,0,0,0,0,0,0,0,0,0,,,1,18,26,18,5,3,0,0,0
BRO190009100,box,1900-09-10,0,NYC12,R,1,BRO,PIT,1,0,1,0,1,,38,5,12,13,1,0,0,,3,,1,0,3,1,1,1,0,0,0,0,9,1,1,0,0,0,1,0,1,0,27,37,33,6,5,10,14,1,0,1,0,1,0,2,0,0,3,0,0,0,0,0,0,0,0,,,1,27,41,27,13,1,0,0,0
BRO190009110,box,1900-09-11,0,NYC12,R,1,BRO,CIN,1,0,0,1,1,,34,6,7,8,1,0,0,,6,,7,,,,0,1,0,4,,0,9,1,1,0,0,0,1,0,0,0,27,41,39,6,5,14,23,4,1,1,0,2,,,,0,0,0,0,0,0,0,0,0,0,,,1,27,42,27,13,2,1,0,0
BRO190009120,box,1900-09-12,0,NYC12,R,1,BRO,CIN,1,1,0,0,1,,27,6,10,13,3,0,0,,6,,5,,0,,0,0,0,0,,0,6,1,1,1,0,0,0,1,0,0,21,30,26,4,1,8,9,1,0,0,0,4,,0,,0,0,0,0,0,0,0,0,0,0,,,1,21,35,21,10,4,0,0,1
BRO190009131,box,1900-09-13,1,NYC12,R,1,BRO,CIN,1,1,0,0,1,,32,7,12,15,3,0,0,,5,,4,0,2,0,0,1,0,1,4,0,6,1,1,1,0,0,0,1,0,0,27,36,34,2,2,10,13,1,1,0,0,2,0,1,1,0,0,0,0,0,0,0,0,0,0,,,1,27,39,27,12,0,2,0,0
BRO190009132,box,1900-09-13,2,NYC12,R,1,BRO,CIN,1,1,0,0,1,,31,13,11,21,3,2,1,,9,,3,,,,0,2,0,0,,0,5,1,1,0,0,0,1,1,0,0,21,35,33,9,7,12,13,1,0,0,0,1,,1,,1,0,0,0,0,0,0,0,0,0,,,1,21,29,21,6,2,0,0,0
BRO190009140,box,1900-09-14,0,NYC12,R,1,BRO,CIN,1,0,1,0,1,,26,0,6,6,0,0,0,,0,,3,,1,,0,0,0,0,,0,5,1,1,1,0,0,0,0,1,0,24,34,32,2,1,9,9,0,0,0,0,2,,1,,0,0,0,0,0,0,0,0,0,0,,,1,24,36,24,11,1,0,0,0
BRO190009151,box,1900-09-15,1,NYC12,R,1,BRO,SLN,1,1,0,0,1,,34,5,10,16,4,1,0,,5,,1,0,5,0,0,0,0,2,0,0,6,1,1,1,0,0,0,1,0,0,27,38,36,4,2,9,12,1,1,0,0,1,0,1,0,1,0,0,0,0,0,0,0,0,0,,,1,27,47,27,18,2,1,0,0
BRO190009152,box,1900-09-15,2,NYC12,R,1,BRO,SLN,1,1,0,0,1,,26,8,12,15,1,1,0,,7,,2,,0,,0,0,0,4,,0,5,1,1,1,0,0,0,1,0,0,15,28,25,5,2,9,9,0,0,0,0,0,0,5,,3,0,0,0,1,0,0,0,0,0,,,1,15,24,15,6,3,0,0,0
BRO190009170,box,1900-09-17,0,NYC12,R,1,BRO,SLN,1,1,0,0,1,,33,7,9,12,1,1,0,,7,,2,0,2,0,0,0,0,2,1,0,4,1,1,1,0,0,0,1,0,0,27,40,35,5,4,10,11,1,0,0,0,4,0,2,0,1,0,0,0,0,0,0,0,0,0,,,1,27,41,27,12,2,0,0,1
BRO190009180,box,1900-09-18,0,NYC12,R,1,BRO,SLN,1,0,1,0,1,,35,2,7,9,2,0,0,,1,,0,0,3,0,0,0,0,1,0,0,6,1,1,0,0,0,1,0,1,0,27,48,40,9,6,13,19,1,1,1,0,6,0,1,2,0,2,0,0,1,0,0,0,0,0,,,1,27,48,27,15,6,2,0,1
NY1190009200,box,1900-09-20,0,NYC10,R,0,BRO,NY1,1,0,1,0,1,,35,2,9,9,0,0,0,,0,,3,0,5,0,2,0,0,0,5,0,8,1,1,1,0,0,0,0,1,0,28,41,35,3,3,9,13,2,1,0,0,3,0,2,0,0,3,0,0,0,0,0,0,0,0,,,1,28,36,28,7,1,0,0,0
BRO190009210,box,1900-09-21,0,NYC12,R,1,BRO,NY1,1,0,1,0,1,,32,3,8,11,1,1,0,,3,,3,0,1,2,1,0,0,0,2,0,6,1,1,1,0,0,0,0,1,0,27,39,32,4,3,8,10,0,1,0,0,4,0,3,0,1,2,0,0,0,0,0,0,0,0,,,1,27,39,27,10,2,0,0,0
NY1190009220,box,1900-09-22,0,NYC10,R,0,BRO,NY1,1,0,1,0,1,,32,5,10,11,1,0,0,,3,,3,0,,1,2,1,0,0,0,0,6,1,1,0,0,0,1,0,1,0,24,38,31,6,6,10,12,0,1,0,0,7,0,0,0,0,0,0,0,1,0,0,0,0,0,,,1,24,36,24,12,0,1,0,0
BRO190009240,box,1900-09-24,0,NYC12,R,1,BRO,PHI,1,0,1,0,1,,36,6,9,13,2,1,0,,6,,3,0,1,0,0,0,0,1,0,0,6,1,1,1,0,0,0,0,1,0,27,44,38,9,5,11,16,1,2,0,0,4,0,1,0,2,0,0,0,0,0,0,0,0,0,,,1,27,38,27,8,3,0,0,0
BRO190009250,box,1900-09-25,0,NYC12,R,1,BRO,PHI,1,0,1,0,1,,32,1,6,7,1,0,0,,1,,4,0,2,0,0,0,0,8,1,0,8,1,1,1,0,0,0,0,1,0,27,39,34,2,1,5,7,2,0,0,0,5,0,6,0,0,0,0,0,0,0,0,0,0,0,,,1,27,41,27,11,3,1,0,1
BRO190009260,box,1900-09-26,0,NYC12,R,1,BRO,PHI,1,1,0,0,1,,39,12,17,26,3,0,2,,12,,2,0,,0,0,1,0,3,1,0,6,1,1,1,1,0,0,1,0,0,27,35,32,0,0,4,4,0,0,0,0,3,0,,0,0,0,0,0,0,0,0,0,0,0,,,1,27,40,27,12,1,0,0,0
BRO190009270,box,1900-09-27,0,NYC12,R,1,BRO,BSN,1,1,0,0,1,,29,4,9,12,3,0,0,,4,,0,0,2,0,1,2,0,0,2,0,4,1,1,1,0,0,0,1,0,0,27,38,31,2,2,6,6,0,0,0,0,3,0,4,0,1,3,0,0,0,0,0,0,0,0,,,1,27,37,27,9,1,0,0,0
BRO190009280,box,1900-09-28,0,NYC12,R,1,BRO,BSN,1,1,0,0,1,,28,5,8,11,1,1,0,,5,,6,0,,0,1,1,0,1,2,0,7,1,1,1,0,0,0,1,0,0,27,37,35,3,3,8,11,1,1,0,0,2,0,,0,0,0,0,0,0,0,0,0,0,0,,,1,27,43,27,15,1,0,0,0
BRO190009290,box,1900-09-29,0,NYC12,R,1,BRO,BSN,1,0,0,1,1,,30,6,7,9,2,0,0,,4,,3,0,,0,1,1,0,2,2,0,5,1,1,0,0,0,1,0,0,0,24,39,34,6,3,15,17,0,1,0,0,4,0,,1,0,1,0,0,0,0,0,0,0,0,,,1,24,48,24,21,3,1,0,0
BRO190010011,box,1900-10-01,1,NYC12,R,1,BRO,BSN,1,0,1,0,1,,39,3,8,10,0,1,0,,3,,1,0,1,0,0,0,0,0,0,0,4,1,1,1,0,0,0,0,1,0,33,45,38,4,1,5,8,1,1,0,0,6,0,2,0,1,0,0,0,0,0,0,0,0,0,,,1,33,48,33,11,4,0,0,0
BRO190010012,box,1900-10-01,2,NYC12,R,1,BRO,BSN,1,1,0,0,1,,25,5,9,14,1,2,0,,4,,3,0,2,0,0,0,0,1,0,0,5,1,1,1,1,0,0,1,0,0,21,24,24,0,0,2,2,0,0,0,0,0,0,2,0,0,0,0,0,0,0,0,0,0,0,,,1,21,38,21,16,1,0,0,0
BSN190010020,box,1900-10-02,0,BOS05,R,0,BRO,BSN,1,0,0,1,1,,33,7,9,12,1,1,0,,5,,7,0,,0,3,0,0,1,0,0,12,1,1,0,0,0,1,0,0,0,24,36,32,7,5,7,8,1,0,0,0,3,0,,0,0,1,0,0,1,0,0,0,0,0,,,1,24,37,24,11,2,0,0,1
BSN190010031,box,1900-10-03,1,BOS05,R,0,BRO,BSN,1,1,0,0,1,,34,6,8,12,2,1,0,,6,,7,0,0,0,0,0,0,2,0,0,8,1,1,1,0,0,0,1,0,0,27,33,30,4,4,5,9,1,0,1,0,3,0,1,3,0,0,0,0,0,0,0,0,0,0,,,1,27,43,27,15,1,3,0,0
BSN190010032,box,1900-10-03,2,BOS05,R,0,BRO,BSN,1,1,0,0,1,,29,5,8,11,3,0,0,,3,,4,0,2,0,0,1,0,2,1,0,8,1,1,1,0,0,0,1,0,0,21,27,26,4,0,8,9,1,0,0,0,1,0,0,0,0,0,0,0,0,0,0,0,0,0,,,1,21,35,21,11,3,1,0,1
BSN190010040,box,1900-10-04,0,BOS05,R,0,BRO,BSN,1,1,0,0,1,,30,7,9,14,2,0,1,,7,,5,0,1,1,1,2,0,3,2,0,4,1,1,1,0,0,0,1,0,0,27,37,34,3,2,8,9,1,0,0,0,3,0,1,1,0,0,0,0,0,0,0,0,0,0,,,1,27,44,27,16,1,1,0,0
PHI190010060,box,1900-10-06,0,PHI09,R,0,BRO,PHI,1,1,0,0,1,,42,8,17,21,2,1,0,,8,,3,,0,,0,0,0,1,,0,10,1,1,1,0,0,0,1,0,0,27,41,36,6,6,14,19,1,2,0,0,5,,3,,0,0,0,0,0,0,0,0,0,0,,,1,27,45,27,18,0,3,0,0
BRO190010110,box,1900-10-11,0,NYC12,R,1,BRO,NY1,1,0,1,0,1,,34,4,11,12,1,0,0,,2,,1,0,2,1,0,0,0,1,0,0,7,1,1,1,0,0,0,0,1,0,24,37,31,7,7,9,12,3,0,0,0,3,0,4,0,2,1,0,0,0,0,0,0,0,0,,,1,24,39,24,13,2,0,0,1
BRO190010120,box,1900-10-12,0,NYC12,R,1,BRO,NY1,1,0,1,0,1,,34,4,9,11,0,1,0,,1,,1,0,3,1,2,0,0,2,0,0,9,1,1,1,0,0,0,0,1,0,24,40,38,9,9,16,21,5,0,0,0,2,0,1,1,0,0,0,0,0,0,0,0,0,0,,,1,24,40,24,15,1,1,0,0
NY1190010130,box,1900-10-13,0,NYC10,R,0,BRO,NY1,1,1,0,0,1,,26,1,6,7,1,0,0,,1,,2,0,0,0,0,0,0,0,0,0,6,1,1,1,1,0,0,1,0,0,21,25,24,0,0,5,7,2,0,0,0,1,0,4,0,0,0,0,0,0,0,0,0,0,0,,,1,21,31,21,10,0,0,0,0
BSN190004190,box,1900-04-19,0,BOS05,R,1,BSN,PHI,1,0,1,0,1,,54,17,26,35,2,2,1,,16,,4,,3,,1,0,0,0,,0,12,1,1,0,0,0,1,0,1,0,30,62,53,19,12,20,23,0,0,1,0,8,,3,,1,0,0,0,2,0,0,0,0,0,,,1,30,48,30,13,5,0,0,3
PHI190004200,box,1900-04-20,0,PHI09,R,0,BSN,PHI,1,0,1,0,1,,40,4,8,8,0,0,0,,4,,4,0,0,1,0,1,0,0,0,0,8,1,1,1,0,0,0,0,1,0,31,43,40,5,1,6,7,1,0,0,0,1,0,4,0,0,2,0,0,0,0,0,0,0,0,,,1,31,55,31,18,6,0,0,0
PHI190004210,box,1900-04-21,0,PHI09,R,0,BSN,PHI,1,0,1,0,1,,32,2,6,7,1,0,0,,2,,1,0,2,1,0,0,0,1,0,0,4,1,1,1,0,0,0,0,1,0,24,36,33,5,3,10,11,1,0,0,0,1,0,2,0,1,1,0,0,0,1,0,0,0,0,,,1,24,36,24,10,2,0,0,0
PHI190004230,box,1900-04-23,0,PHI09,R,0,BSN,PHI,1,1,0,0,1,,43,8,15,20,2,0,1,,7,,2,0,,0,1,0,0,2,1,0,11,1,1,1,0,0,0,1,0,0,27,42,37,5,3,10,13,1,1,0,0,4,0,,0,0,1,0,0,0,0,0,0,0,0,,,1,27,45,27,15,3,0,0,0
NY1190004240,box,1900-04-24,0,NYC10,R,0,BSN,NY1,1,0,1,0,1,,35,3,10,12,2,0,0,,3,,2,0,2,1,0,2,0,2,0,0,9,1,1,1,0,0,0,0,1,0,24,33,32,4,2,8,9,1,0,0,0,0,0,4,0,1,0,0,0,0,0,0,0,0,0,,,1,24,36,24,11,1,0,0,1
NY1190004250,box,1900-04-25,0,NYC10,R,0,BSN,NY1,1,1,0,0,1,,39,9,16,23,2,1,1,,7,,6,0,6,1,0,1,0,2,0,0,10,1,1,1,0,0,0,1,0,0,27,42,34,8,4,9,11,2,0,0,0,6,0,3,0,2,0,0,0,0,1,0,0,0,0,,,1,27,47,27,15,5,0,0,0
NY1190004260,box,1900-04-26,0,NYC10,R,0,BSN,NY1,1,0,0,1,1,,41,10,16,19,3,0,0,,8,,2,0,3,0,0,2,0,3,0,0,8,1,1,0,0,0,1,0,0,0,27,40,32,10,9,6,14,1,2,1,0,7,0,4,0,1,0,0,0,1,0,0,0,0,0,,,1,27,42,27,13,2,0,0,2
NY1190004270,box,1900-04-27,0,NYC10,R,0,BSN,NY1,1,0,1,0,1,,30,4,5,6,1,0,0,,4,,3,0,1,0,2,1,0,0,0,0,5,1,1,0,0,0,1,0,1,0,24,44,35,8,8,13,16,3,0,0,0,6,0,3,0,1,2,0,0,0,0,0,0,0,0,,,1,24,36,24,11,1,0,0,0
BRO190004280,box,1900-04-28,0,NYC12,R,0,BSN,BRO,1,0,1,0,1,,32,1,6,9,1,1,0,,1,,2,,2,,0,0,0,1,,0,6,1,1,0,0,0,1,0,1,0,24,37,31,10,7,10,16,1,1,1,0,5,,2,,0,1,0,0,0,0,0,0,0,0,,,1,24,42,24,15,3,1,0,1
BRO190004300,box,1900-04-30,0,NYC12,R,0,BSN,BRO,1,0,1,0,1,,36,2,11,14,3,0,0,,2,,4,0,1,0,0,1,0,0,0,0,12,1,1,1,0,0,0,0,1,0,24,36,29,5,2,5,5,0,0,0,0,6,0,1,0,0,1,0,0,0,0,0,0,0,0,,,1,24,38,24,9,5,0,0,1
BRO190005010,box,1900-05-01,0,NYC12,R,0,BSN,BRO,1,0,1,0,1,,36,2,7,9,0,1,0,,2,,1,0,4,0,1,0,0,1,1,0,6,1,1,1,0,0,0,0,1,0,29,40,37,3,2,8,14,2,2,0,0,2,0,2,0,0,1,0,0,0,0,0,0,0,0,,,1,29,51,29,19,3,0,0,0
BRO190005020,box,1900-05-02,0,NYC12,R,0,BSN,BRO,1,1,0,0,1,,38,10,14,18,2,1,0,,8,,3,0,0,0,0,3,0,6,0,0,7,1,1,1,0,0,0,1,0,0,27,40,33,5,1,7,11,1,0,1,0,7,0,2,0,0,0,0,0,1,0,0,0,0,0,,,1,27,36,27,8,1,1,0,0
BSN190005040,box,1900-05-04,0,BOS05,R,1,BSN,PHI,1,0,1,0,1,,35,4,10,11,1,0,0,,4,,4,0,3,0,1,0,0,0,1,0,9,1,1,0,0,0,1,0,1,0,27,49,39,12,11,14,27,1,3,2,0,10,0,3,0,0,0,0,0,1,0,0,0,0,0,,,1,27,43,27,13,3,1,0,0
BSN190005050,box,1900-05-05,0,BOS05,R,1,BSN,PHI,1,1,0,0,1,,49,13,20,29,3,3,0,,11,,0,0,,0,0,1,0,1,2,0,10,1,1,0,0,0,1,1,0,0,27,48,35,10,5,12,20,2,0,2,0,9,0,2,0,0,4,0,0,0,0,0,0,0,0,,,1,27,45,27,16,2,1,0,0
BSN190005070,box,1900-05-07,0,BOS05,R,1,BSN,NY1,1,1,0,0,1,,39,18,18,29,2,3,1,,15,,9,0,1,0,1,1,0,1,1,0,8,1,1,0,0,0,1,1,0,1,27,49,40,11,7,13,16,3,0,0,0,9,0,2,0,0,0,0,0,0,0,0,0,0,0,,,1,27,43,27,11,5,0,0,0
BSN190005080,box,1900-05-08,0,BOS05,R,1,BSN,NY1,1,0,1,0,1,,36,4,11,17,3,0,1,,4,,3,0,2,0,0,1,0,0,0,0,9,1,1,0,0,0,1,0,1,0,27,46,39,13,6,15,19,1,0,1,0,5,0,4,0,0,2,0,0,0,0,0,0,0,0,,,1,27,49,27,14,8,0,0,1
PIT190005120,box,1900-05-12,0,PIT05,R,0,BSN,PIT,1,0,1,0,1,,30,1,5,5,0,0,0,,1,,1,,4,,0,1,0,0,,0,4,1,1,1,0,0,0,0,1,0,24,36,32,5,5,8,16,2,3,0,0,4,,2,,0,0,0,0,1,0,0,0,0,0,,,1,24,32,24,7,1,0,0,0
PIT190005140,box,1900-05-14,0,PIT05,R,0,BSN,PIT,1,0,1,0,1,,33,3,7,9,0,1,0,,3,,3,,1,,0,1,0,2,,0,7,1,1,1,0,0,0,0,1,0,24,40,34,6,6,10,18,1,2,1,0,6,,6,,0,0,0,0,0,0,0,0,0,0,,,1,24,32,24,7,1,0,0,1
PIT190005150,box,1900-05-15,0,PIT05,R,0,BSN,PIT,1,0,1,0,1,,35,5,7,12,0,1,1,,4,,2,,0,,0,0,0,1,,0,5,1,1,1,0,0,0,0,1,0,24,39,32,7,5,9,13,2,1,0,0,6,,2,,0,1,0,0,0,0,0,0,0,0,,,1,24,37,24,12,1,0,0,2
CHN190005160,box,1900-05-16,0,CHI08,R,0,BSN,CHN,1,0,1,0,1,,38,4,11,12,1,0,0,,3,,1,,5,,0,0,0,1,,0,8,1,1,1,0,0,0,0,1,0,24,40,37,7,4,12,16,0,2,0,0,2,,0,,0,1,0,0,0,0,0,0,0,0,,,1,24,41,24,12,5,0,0,0
CHN190005190,box,1900-05-19,0,CHI08,R,0,BSN,CHN,1,0,1,0,1,,38,4,11,14,1,1,0,,3,,1,,2,,1,1,0,0,,0,10,1,1,1,0,0,0,0,1,0,24,36,32,6,5,7,12,2,0,1,0,3,,4,,0,1,0,0,0,0,0,0,0,0,,,1,24,36,24,10,2,0,0,1
SLN190005210,box,1900-05-21,0,STL05,R,0,BSN,SLN,1,0,1,0,1,,33,2,6,6,0,0,0,,2,,2,,2,,0,0,0,0,,0,6,1,1,0,0,0,1,0,1,0,24,46,35,11,11,16,25,1,4,0,0,7,,4,,2,2,0,0,1,0,0,0,0,0,,,1,24,35,24,10,1,0,0,0
SLN190005220,box,1900-05-22,0,STL05,R,0,BSN,SLN,1,0,1,0,1,,29,0,6,6,0,0,0,,0,,2,,0,,0,1,0,1,,0,5,1,1,1,0,0,0,0,1,0,24,39,34,7,7,9,13,0,2,0,0,5,,0,,0,0,0,0,0,0,0,0,0,0,,,1,24,33,24,9,0,0,0,1
SLN190005230,box,1900-05-23,0,STL05,R,0,BSN,SLN,1,1,0,0,1,,33,3,6,12,1,1,1,,3,,0,0,,,0,0,0,1,,0,3,1,1,1,0,0,0,1,0,0,27,31,31,2,2,5,8,0,0,1,0,0,0,,,0,0,0,0,1,0,0,0,0,0,,,1,27,42,27,14,1,0,0,0
CIN190005240,box,1900-05-24,0,CIN05,R,0,BSN,CIN,1,1,0,0,1,,37,7,10,14,2,1,0,,7,,3,,,,0,0,0,1,,0,6,1,1,1,0,0,0,1,0,0,27,34,32,2,2,6,9,3,0,0,0,2,,,,0,0,0,0,0,0,0,0,0,0,,,1,27,38,27,10,1,0,0,0
CIN190005250,box,1900-05-25,0,CIN05,R,0,BSN,CIN,1,0,1,0,1,,38,1,7,8,1,0,0,,0,,0,0,0,,0,0,0,1,,0,7,1,1,1,0,0,0,0,1,0,29,36,33,2,2,6,10,2,1,0,0,3,,3,,0,0,0,0,0,0,0,0,0,0,,,1,29,40,29,11,0,0,0,1
CIN190005260,box,1900-05-26,0,CIN05,R,0,BSN,CIN,1,1,0,0,1,,33,9,8,10,2,0,0,,8,,9,,4,,0,2,0,4,,0,8,1,1,1,0,0,0,1,0,0,27,36,33,4,2,7,12,1,2,0,0,3,,2,,0,0,0,0,0,0,0,0,0,0,,,1,27,44,27,14,3,0,0,0
BSN190005301,box,1900-05-30,1,BOS05,R,1,BSN,CIN,1,1,0,0,1,,38,8,16,18,2,0,0,,7,,1,,1,,0,0,0,3,,0,7,1,1,1,0,0,0,1,0,0,27,36,35,4,4,10,17,3,2,0,0,1,,9,,0,0,0,0,0,0,0,0,0,0,,,1,27,36,27,9,0,0,0,0
BSN190005302,box,1900-05-30,2,BOS05,R,1,BSN,CIN,1,1,0,0,1,,32,7,10,10,0,0,0,,7,,3,,2,,3,0,0,2,,0,7,1,1,1,0,0,0,1,0,0,27,38,37,3,2,9,10,1,0,0,0,0,0,4,,1,0,0,0,0,0,0,0,0,0,,,1,27,34,27,6,1,0,0,1
BSN190005310,box,1900-05-31,0,BOS05,R,1,BSN,CIN,1,1,0,0,1,,36,2,8,9,1,0,0,,2,,3,0,1,0,0,1,0,1,2,0,6,1,1,1,0,0,0,1,0,0,33,39,36,1,1,5,6,1,0,0,0,2,0,0,1,0,1,0,0,0,0,0,0,0,0,,,1,33,52,33,16,3,2,0,1
BSN190006010,box,1900-06-01,0,BOS05,R,1,BSN,CIN,1,1,0,0,1,,33,9,9,11,2,0,0,,9,,6,0,,0,1,0,0,3,1,0,7,1,1,1,0,0,0,1,0,0,27,34,32,2,2,7,10,1,1,0,0,1,0,,0,1,0,0,0,0,0,0,0,0,0,,,1,27,38,27,10,1,0,0,2
BSN190006020,box,1900-06-02,0,BOS05,R,1,BSN,SLN,1,1,0,0,1,,52,17,23,35,5,2,1,,15,,5,,,,1,2,0,3,,0,14,1,1,0,0,0,1,1,0,0,30,58,47,16,13,18,27,2,2,1,0,9,,,,2,0,0,0,1,0,0,0,0,0,,,1,30,46,30,10,6,1,0,0
BSN190006040,box,1900-06-04,0,BOS05,R,1,BSN,SLN,1,1,0,0,1,,34,6,12,17,5,0,0,,5,,2,,1,,0,1,0,2,,0,7,1,1,1,0,0,0,1,0,0,27,39,34,3,2,8,10,2,0,0,0,5,,,,0,0,0,0,0,0,0,0,0,0,,,1,27,45,26,17,2,1,0,0
BSN190006050,box,1900-06-05,0,BOS05,R,1,BSN,SLN,1,1,0,0,1,,42,15,17,23,3,0,1,,13,,4,0,,0,1,0,0,2,1,0,8,1,1,0,0,0,1,1,0,0,27,43,38,11,8,15,18,1,1,0,0,4,0,2,1,1,0,0,0,0,1,0,0,0,0,,,1,27,43,27,15,1,1,0,0
BSN190006060,box,1900-06-06,0,BOS05,R,1,BSN,SLN,1,0,1,0,1,,38,6,10,15,3,1,0,,6,,6,,,,0,0,0,0,,0,11,1,1,0,0,0,1,0,1,0,27,47,42,12,6,16,27,2,0,3,0,4,,,,1,0,0,0,0,0,0,0,0,0,,,1,27,46,27,16,3,1,0,1
BSN190006070,box,1900-06-07,0,BOS05,R,1,BSN,CHN,1,1,0,0,1,,41,13,15,18,1,1,0,,11,,3,0,0,1,0,0,0,3,0,0,7,1,1,1,0,0,0,1,0,0,27,35,33,4,4,6,15,1,1,2,0,2,0,4,0,0,0,0,0,0,0,0,0,0,0,,,1,27,38,27,11,0,0,0,0
BSN190006080,box,1900-06-08,0,BOS05,R,1,BSN,CHN,1,1,0,0,1,,32,6,6,7,1,0,0,,3,,2,,0,,0,1,0,1,,0,5,1,1,1,0,0,0,1,0,0,27,38,35,5,5,10,21,2,0,3,0,3,,1,,0,0,0,0,0,0,0,0,0,0,,,1,27,40,27,12,1,1,0,0
BSN190006090,box,1900-06-09,0,BOS05,R,1,BSN,CHN,1,0,1,0,1,,37,2,9,10,1,0,0,,2,,2,,2,,0,0,0,0,,0,10,1,1,1,0,0,0,0,1,0,27,40,36,6,6,10,17,4,0,1,0,3,,4,,1,0,0,0,0,0,0,0,0,0,,,1,27,40,27,13,0,0,0,0
BSN190006110,box,1900-06-11,0,BOS05,R,1,BSN,CHN,1,1,0,0,1,,29,4,7,8,1,0,0,,3,,4,,3,,0,2,0,1,,0,7,1,1,1,0,0,0,1,0,0,27,34,33,3,1,8,10,2,0,0,0,1,,3,,0,0,0,0,0,0,0,0,0,0,,,1,27,43,27,14,2,1,0,0
BSN190006120,box,1900-06-12,0,BOS05,R,1,BSN,PIT,1,1,0,0,1,,27,3,6,9,0,0,1,,3,,4,,1,,0,1,0,1,,0,5,1,1,1,0,0,0,1,0,0,27,36,31,1,0,5,5,0,0,0,0,3,,2,,0,2,0,0,1,0,0,0,0,0,,,1,27,44,27,14,3,2,0,0
BSN190006130,box,1900-06-13,0,BOS05,R,1,BSN,PIT,1,1,0,0,1,,28,1,6,9,0,0,1,,1,,2,0,0,1,0,2,0,1,0,0,7,1,1,1,1,0,0,1,0,0,27,30,28,0,0,3,3,0,0,0,0,2,0,2,0,0,0,0,0,0,0,0,0,0,0,,,1,27,39,27,12,0,0,0,0
BSN190006140,box,1900-06-14,0,BOS05,R,1,BSN,PIT,1,1,0,0,1,,34,7,10,15,1,2,0,,6,,1,,,,0,0,0,1,,0,4,1,1,1,0,0,0,1,0,0,27,34,34,3,3,7,8,1,0,0,0,0,0,,,0,0,0,0,0,0,0,0,0,0,,,1,27,41,27,13,1,1,0,0
BSN190006150,box,1900-06-15,0,BOS05,R,1,BSN,BRO,1,0,1,0,1,,32,2,9,15,1,1,1,,2,,4,0,,1,0,0,0,1,2,0,7,1,1,1,0,0,0,0,1,0,27,37,35,4,3,11,17,1,1,1,0,2,0,,2,0,0,0,0,0,0,0,0,0,0,,,1,27,45,27,16,2,2,0,0
BSN190006160,box,1900-06-16,0,BOS05,R,1,BSN,BRO,1,0,1,0,1,,40,6,12,15,3,0,0,,4,,2,0,1,0,0,1,0,0,0,0,10,1,1,1,0,0,0,0,1,0,27,42,39,7,6,11,16,2,0,1,0,2,0,4,0,1,0,0,0,1,0,0,0,0,0,,,1,27,43,27,13,3,0,0,0
BSN190006180,box,1900-06-18,0,BOS05,R,1,BSN,BRO,1,0,1,0,1,,43,3,11,13,2,0,0,,3,,2,0,1,0,3,0,0,1,2,0,12,1,1,1,0,0,0,0,1,0,33,47,41,6,6,13,17,4,0,0,0,4,0,0,0,0,2,0,0,0,0,0,0,0,0,,,1,33,50,33,17,0,2,0,0
BSN190006190,box,1900-06-19,0,BOS05,R,1,BSN,BRO,1,0,1,0,1,,36,4,9,12,0,0,1,,4,,2,0,0,1,0,0,0,0,0,0,7,1,1,1,0,0,0,0,1,0,27,43,36,10,6,12,23,3,1,2,0,5,0,1,0,2,0,0,0,0,0,0,0,0,0,,,1,27,47,27,17,3,0,0,0
NY1190006200,box,1900-06-20,0,NYC10,R,0,BSN,NY1,1,1,0,0,1,,38,12,18,20,2,0,0,,9,,8,0,0,0,0,1,0,4,2,0,8,1,1,1,0,0,0,1,0,0,27,35,35,2,1,8,9,1,0,0,0,0,0,,1,0,0,0,0,0,0,0,0,0,0,,,1,27,45,27,16,2,1,0,0
NY1190006210,box,1900-06-21,0,NYC10,R,0,BSN,NY1,1,1,0,0,1,,35,5,11,14,0,0,1,,4,,2,0,2,0,0,0,0,2,1,0,5,1,1,1,0,0,0,1,0,0,27,32,28,1,1,3,3,0,0,0,0,2,0,2,0,0,2,0,0,0,0,0,0,0,0,,,1,27,39,27,10,2,0,0,0
NY1190006220,box,1900-06-22,0,NYC10,R,0,BSN,NY1,1,1,0,0,1,,38,6,15,18,1,1,0,,5,,1,1,0,0,0,1,0,0,2,0,7,1,1,1,0,0,0,1,0,0,27,38,36,2,2,10,12,2,0,0,0,1,0,0,0,0,1,0,0,1,0,0,0,0,0,,,1,27,40,27,12,1,0,0,0
BSN190006230,box,1900-06-23,0,BOS05,R,1,BSN,PHI,1,0,1,0,1,,37,4,8,9,1,0,0,,4,,5,0,5,0,0,0,0,0,2,0,11,1,1,0,0,0,1,0,1,0,27,45,41,10,4,13,17,0,2,0,0,3,0,1,1,0,1,0,0,0,0,0,0,0,0,,,1,27,53,27,20,6,1,0,2
BSN190006250,box,1900-06-25,0,BOS05,R,1,BSN,PHI,1,1,0,0,1,,42,20,18,20,2,0,0,,15,,8,,0,,5,1,0,0,,0,12,1,1,0,0,0,1,1,0,1,27,40,30,4,4,8,10,2,0,0,0,8,,6,,0,2,0,0,0,0,0,0,0,0,,,1,27,36,27,9,0,3,0,0
BSN190006260,box,1900-06-26,0,BOS05,R,1,BSN,PHI,1,1,0,0,1,,39,10,17,23,4,1,0,,9,,5,0,1,0,0,0,0,2,2,0,10,1,1,1,0,0,0,1,0,0,27,41,35,6,1,10,12,0,1,0,0,6,0,5,1,0,0,0,0,0,0,0,0,0,0,,,1,27,41,27,11,3,1,0,0
CIN190006280,box,1900-06-28,0,CIN05,R,0,BSN,CIN,1,1,0,0,1,,35,7,11,14,1,1,0,,7,,4,,2,,0,1,0,2,,0,6,1,1,1,0,0,0,1,0,0,27,32,30,2,2,4,7,1,1,0,0,2,,2,,0,0,0,0,0,0,0,0,0,0,,,1,27,45,27,18,0,1,0,0
CIN190006290,box,1900-06-29,0,CIN05,R,0,BSN,CIN,1,0,1,0,1,,32,2,7,8,1,0,0,,2,,1,,,,1,2,0,0,,0,7,1,1,1,0,0,0,0,1,0,25,32,29,3,3,6,6,0,0,0,0,3,,,,0,0,0,0,0,0,0,0,0,0,,,1,25,40,25,14,1,2,0,0
CIN190006300,box,1900-06-30,0,CIN05,R,0,BSN,CIN,1,0,1,0,1,,29,0,3,3,0,0,0,,0,,0,0,2,0,0,0,0,0,0,0,2,1,1,1,0,0,0,0,1,0,24,31,30,4,3,6,13,1,0,2,0,1,0,0,0,0,0,0,0,0,0,0,0,0,0,,,1,24,39,24,12,3,0,0,0
PIT190007020,box,1900-07-02,0,PIT05,R,0,BSN,PIT,1,0,1,0,1,,28,1,1,1,0,0,0,,1,,1,,3,,0,0,0,0,,0,1,1,1,1,0,0,0,0,1,0,24,29,26,2,1,3,5,0,1,0,0,1,,3,,1,1,0,0,0,0,0,0,0,0,,,1,24,35,24,9,2,0,0,1
PIT190007030,box,1900-07-03,0,PIT05,R,0,BSN,PIT,1,0,1,0,1,,33,1,6,8,0,1,0,,1,,0,0,2,0,0,0,0,0,0,0,5,1,1,1,0,0,0,0,1,0,24,27,27,2,2,5,5,0,0,0,0,0,0,1,0,0,0,0,0,0,0,0,0,0,0,,,1,24,33,24,9,0,1,0,0
PIT190007041,box,1900-07-04,1,PIT05,R,0,BSN,PIT,1,0,1,0,1,,35,6,9,10,1,0,0,,6,,0,0,2,,0,1,0,0,,0,3,1,1,0,0,0,1,0,1,0,24,39,34,8,3,10,14,0,2,0,0,4,,3,,0,1,0,0,0,0,0,0,0,0,,,1,24,43,24,15,4,0,0,0
PIT190007042,box,1900-07-04,2,PIT05,R,0,BSN,PIT,1,0,1,0,1,,35,1,8,10,2,0,0,,1,,1,,0,,0,0,0,1,,0,8,1,1,1,0,0,0,0,1,0,24,33,28,3,3,8,10,0,1,0,0,3,,2,,1,1,0,0,0,0,0,0,0,0,,,1,24,38,24,13,1,2,0,0
CHN190007050,box,1900-07-05,0,CHI08,R,0,BSN,CHN,1,0,1,0,1,,34,0,7,8,1,0,0,,0,,3,1,2,0,0,1,0,0,0,0,11,1,1,1,0,0,0,0,1,0,24,29,28,2,2,8,10,2,0,0,0,0,0,4,0,0,1,0,0,1,0,0,0,0,0,,,1,24,41,24,15,2,1,0,0
CHN190007060,box,1900-07-06,0,CHI08,R,0,BSN,CHN,1,0,1,0,1,,36,4,7,8,1,0,0,,4,,0,0,2,0,0,0,0,0,0,0,5,1,1,1,0,0,0,0,1,0,24,37,34,6,4,10,12,2,0,0,0,2,0,1,0,0,1,0,0,0,0,0,0,0,0,,,1,24,42,24,14,4,1,0,0
CHN190007070,box,1900-07-07,0,CHI08,R,0,BSN,CHN,1,1,0,0,1,,42,11,19,22,3,0,0,,10,,1,0,0,0,1,1,0,1,0,0,7,1,1,1,0,0,0,1,0,0,27,40,37,4,3,11,16,2,0,1,0,2,0,2,1,1,0,0,0,0,0,0,0,0,0,,,1,27,40,27,11,2,1,0,0
SLN190007090,box,1900-07-09,0,STL05,R,0,BSN,SLN,1,0,1,0,1,,34,5,7,11,2,1,0,,4,,3,,3,,0,0,0,1,,0,5,1,1,0,0,0,1,0,1,0,24,38,32,10,8,12,20,2,0,2,0,6,,1,,0,0,0,0,0,0,0,0,0,0,,,1,24,44,24,14,6,1,0,0
SLN190007100,box,1900-07-10,0,STL05,R,0,BSN,SLN,1,0,1,0,1,,30,0,3,3,0,0,0,,0,,2,,5,,0,0,0,0,,0,5,1,1,1,0,0,0,0,1,0,24,31,25,3,2,7,8,1,0,0,0,3,,2,,1,2,0,0,0,0,0,0,0,0,,,1,24,44,24,19,1,1,0,0
SLN190007110,box,1900-07-11,0,STL05,R,0,BSN,SLN,1,1,0,0,1,,32,3,8,13,0,1,1,,3,,0,0,,,0,1,0,1,,0,3,1,1,1,1,0,0,1,0,0,27,31,30,0,0,2,2,0,0,0,0,1,,,,0,0,0,0,0,0,0,0,0,0,,,1,27,42,27,13,2,1,0,0
SLN190007120,box,1900-07-12,0,STL05,R,0,BSN,SLN,1,0,1,0,1,,30,1,2,2,0,0,0,,1,,2,,2,,0,0,0,1,,0,4,1,1,1,0,0,0,0,1,0,26,32,29,2,2,6,12,0,3,0,0,3,,3,,0,0,0,0,0,0,0,0,0,0,,,1,26,37,26,11,0,0,0,1
PHI190007140,box,1900-07-14,0,PHI09,R,0,BSN,PHI,1,0,1,0,1,,29,0,1,1,0,0,0,,0,,3,0,4,0,0,1,0,2,0,0,6,1,1,1,0,0,0,0,1,0,24,28,26,1,1,4,9,1,2,0,0,2,0,2,0,0,0,0,0,0,0,0,0,0,0,,,1,24,39,24,15,0,1,0,0
PHI190007160,box,1900-07-16,0,PHI09,R,0,BSN,PHI,1,1,0,0,1,,38,8,17,19,0,1,0,,8,,4,,,,0,2,0,3,,0,9,1,1,1,0,0,0,1,0,0,27,34,30,1,1,6,6,0,0,0,0,3,,,,1,0,0,0,0,0,0,0,0,0,,,1,27,41,27,14,0,2,0,1
PHI190007170,box,1900-07-17,0,PHI09,R,0,BSN,PHI,1,1,0,0,1,,41,9,15,16,1,0,0,,7,,5,,1,,0,0,0,2,,0,10,1,1,1,0,0,0,1,0,0,27,35,31,4,3,5,6,1,0,0,0,3,,3,,1,0,0,0,0,0,0,0,0,0,,,1,27,40,27,12,1,0,0,0
BRO190007180,box,1900-07-18,0,NYC12,R,0,BSN,BRO,1,0,1,0,1,,37,3,8,11,1,1,0,,3,,1,,5,,0,0,0,1,,0,8,1,1,1,0,0,0,0,1,0,24,39,36,10,8,14,21,5,1,0,0,2,,1,,0,1,0,0,0,0,0,0,0,0,,,1,24,41,24,13,4,1,0,1
BSN190007190,box,1900-07-19,0,BOS05,R,1,BSN,CHN,1,1,0,0,1,,31,5,9,13,1,0,1,,5,,2,0,,0,1,1,0,3,0,0,6,1,1,1,0,0,0,1,0,0,27,39,32,1,0,7,8,1,0,0,0,6,0,,0,0,1,0,0,1,0,0,0,0,0,,,1,27,40,27,12,1,0,0,0
BSN190007200,box,1900-07-20,0,BOS05,R,1,BSN,CHN,1,0,1,0,1,,36,3,10,15,2,0,1,,3,,0,0,2,0,0,0,0,1,1,0,6,1,1,1,0,0,0,0,1,0,27,44,40,8,6,15,23,2,0,2,0,2,0,4,0,0,2,0,0,0,1,0,0,0,0,,,1,27,46,27,14,5,0,0,0
BSN190007210,box,1900-07-21,0,BOS05,R,1,BSN,CHN,1,1,0,0,1,,36,9,15,23,2,0,2,,7,,3,0,,1,0,2,0,1,0,0,8,1,1,1,1,0,0,1,0,0,27,33,32,0,0,5,5,0,0,0,0,1,0,,0,0,0,0,0,0,0,0,0,0,0,,,1,27,34,27,7,0,0,0,0
BSN190007230,box,1900-07-23,0,BOS05,R,1,BSN,SLN,1,1,0,0,1,,38,5,14,20,1,1,1,,5,,4,,2,,0,2,0,1,,0,10,1,1,1,0,0,0,1,0,0,30,42,38,4,1,9,11,2,0,0,0,3,,0,,1,0,0,0,1,0,0,0,0,0,,,1,30,50,30,16,4,1,0,0
BSN190007240,box,1900-07-24,0,BOS05,R,1,BSN,SLN,1,1,0,0,1,,45,12,18,29,2,3,1,,8,,2,,,,1,1,0,0,,0,10,1,1,0,0,0,1,1,0,0,30,45,40,11,10,14,25,3,1,2,0,2,,,,3,0,0,0,0,0,0,0,0,0,,,1,30,44,30,13,1,0,0,0
BSN190007250,box,1900-07-25,0,BOS05,R,1,BSN,SLN,1,1,0,0,1,,33,18,16,27,2,3,1,,16,,2,,1,,0,1,0,1,,0,2,1,1,1,0,0,0,1,0,0,18,31,28,5,5,12,19,2,1,1,0,3,,4,,0,0,0,0,0,0,0,0,0,0,,,1,18,24,18,6,0,0,0,0
BSN190007270,box,1900-07-27,0,BOS05,R,1,BSN,PIT,1,1,0,0,1,,29,3,7,10,0,0,1,,1,,1,,1,,0,0,0,0,,0,3,1,1,1,0,0,0,1,0,0,27,34,29,2,2,6,7,1,0,0,0,2,,2,,0,3,0,0,0,0,0,0,0,0,,,1,27,41,27,13,1,0,0,1
BSN190007280,box,1900-07-28,0,BOS05,R,1,BSN,PIT,1,0,1,0,1,,32,2,7,7,0,0,0,,1,,2,,3,,0,0,0,0,,0,5,1,1,1,0,0,0,0,1,0,27,41,38,9,6,13,21,1,2,1,0,1,,1,,2,0,0,0,1,0,0,0,0,0,,,1,27,48,27,18,3,1,0,1
BSN190007300,box,1900-07-30,0,BOS05,R,1,BSN,CIN,1,0,1,0,1,,41,3,9,12,0,0,1,,3,,4,,,,0,0,0,1,,0,9,1,1,1,0,0,0,0,1,0,33,44,40,4,2,9,12,3,0,0,0,3,,,,0,1,0,0,0,0,0,0,0,0,,,1,33,52,33,16,3,3,0,0
BSN190007310,box,1900-07-31,0,BOS05,R,1,BSN,CIN,1,1,0,0,1,,35,11,13,21,0,1,2,,10,,4,,3,,1,0,0,4,,0,5,1,1,0,0,0,1,1,0,0,27,40,37,9,4,10,24,1,2,3,0,2,,1,,0,1,0,0,0,0,0,0,0,0,,,1,27,46,27,15,4,1,0,0
BSN190008010,box,1900-08-01,0,BOS05,R,1,BSN,CIN,1,1,0,0,1,,33,3,5,7,2,0,0,,2,,2,0,0,1,2,3,0,0,0,0,5,1,1,1,0,0,0,1,0,0,33,42,38,2,2,9,10,1,0,0,0,3,0,5,0,0,1,0,0,0,0,0,0,0,0,,,1,33,44,33,10,1,1,0,0
BRO190008020,box,1900-08-02,0,NYC12,R,0,BSN,BRO,1,0,1,0,1,,37,6,11,13,0,1,0,,6,,5,,,,0,0,0,1,,0,9,1,1,1,0,0,0,0,1,0,24,38,36,8,7,15,20,3,1,0,0,0,0,,,1,1,0,0,1,0,0,0,0,0,,,1,24,38,24,12,2,2,0,0
CIN190008040,box,1900-08-04,0,CIN05,R,0,BSN,CIN,1,1,0,0,1,,32,2,8,9,1,0,0,,1,,2,0,2,2,0,1,0,0,1,0,6,1,1,1,1,0,0,1,0,0,27,31,28,0,0,4,4,0,0,0,0,2,0,3,1,0,1,0,0,0,0,0,0,0,0,,,1,27,43,27,16,0,1,0,0
CIN190008061,box,1900-08-06,1,CIN05,R,0,BSN,CIN,1,1,0,0,1,,39,4,11,19,0,1,2,,4,,2,,1,,0,3,0,1,,0,7,1,1,1,0,0,0,1,0,0,33,36,33,1,0,5,7,2,0,0,0,0,0,8,,1,2,0,0,0,0,0,0,0,0,,,1,33,50,33,14,3,0,0,0
CIN190008062,box,1900-08-06,2,CIN05,R,0,BSN,CIN,1,1,0,0,1,,33,4,8,9,1,0,0,,3,,3,,5,,0,1,0,0,,0,6,1,1,1,0,0,0,1,0,0,27,35,31,3,2,6,9,0,0,1,0,3,,1,,1,0,0,0,1,0,0,0,0,0,,,1,27,41,27,13,1,1,0,0
CIN190008070,box,1900-08-07,0,CIN05,R,0,BSN,CIN,1,0,1,0,1,,31,0,6,6,0,0,0,,0,,5,,1,,0,0,0,2,,0,9,1,1,0,0,0,1,0,1,0,24,30,28,3,3,7,12,0,1,1,0,2,,0,,0,0,0,0,0,0,0,0,0,0,,,1,24,37,24,13,0,1,0,0
PIT190008080,box,1900-08-08,0,PIT05,R,0,BSN,PIT,1,0,1,0,1,,33,3,5,8,1,1,0,,3,,0,0,1,,0,0,0,0,,0,3,1,1,1,0,0,0,0,1,0,24,35,35,6,3,9,12,1,1,0,0,0,0,5,,0,0,0,0,0,0,0,0,0,0,,,1,24,42,24,13,5,0,0,1
PIT190008090,box,1900-08-09,0,PIT05,R,0,BSN,PIT,1,1,0,0,1,,40,3,9,10,1,0,0,,3,,1,,2,,0,0,0,0,,0,8,1,1,1,0,0,0,1,0,0,30,39,36,2,1,8,12,0,2,0,0,1,,3,,1,1,0,0,0,0,0,0,0,0,,,1,30,48,30,16,2,0,0,0
PIT190008110,box,1900-08-11,0,PIT05,R,0,BSN,PIT,1,0,1,0,1,,29,1,5,6,1,0,0,,1,,3,,1,,0,2,0,1,,0,6,1,1,1,0,0,0,0,1,0,24,33,31,5,5,9,17,1,2,1,0,2,,3,,0,0,0,0,0,0,0,0,0,0,,,1,24,39,24,12,3,1,0,0
CHN190008131,box,1900-08-13,1,CHI08,R,0,BSN,CHN,1,0,1,0,1,,33,1,8,9,1,0,0,,1,,3,1,3,0,0,2,0,1,1,0,10,1,1,1,0,0,0,0,1,0,27,43,34,7,2,9,14,0,1,1,0,7,0,1,0,0,2,0,0,0,0,0,0,0,0,,,1,27,44,27,15,2,1,0,0
CHN190008132,box,1900-08-13,2,CHI08,R,0,BSN,CHN,1,0,1,0,1,,34,4,6,10,4,0,0,,3,,1,0,3,0,0,1,0,2,1,0,5,1,1,1,0,0,0,0,1,0,24,36,33,6,4,9,12,1,1,0,0,3,0,2,1,0,0,0,0,0,0,0,0,0,0,,,1,24,42,24,14,4,1,0,1
CHN190008141,box,1900-08-14,1,CHI08,R,0,BSN,CHN,1,1,0,0,1,,42,7,12,23,1,5,0,,6,,1,0,4,2,1,0,0,1,1,0,7,1,1,1,0,0,0,1,0,0,30,46,37,6,4,11,13,2,0,0,0,3,0,0,1,2,4,0,0,0,0,0,0,0,0,,,1,30,45,30,13,2,1,0,0
CHN190008142,box,1900-08-14,2,CHI08,R,0,BSN,CHN,1,1,0,0,1,,27,7,8,10,0,1,0,,6,,4,,2,,0,0,0,1,,0,6,1,1,0,0,0,1,1,0,0,18,31,25,6,6,9,11,2,0,0,0,3,,,,1,2,0,0,1,0,0,0,0,0,,,1,18,25,18,5,2,0,0,1
SLN190008160,box,1900-08-16,0,STL05,R,0,BSN,SLN,1,1,0,0,1,,30,3,6,11,1,2,0,,3,,0,0,2,,0,0,0,0,,0,3,1,1,1,0,0,0,1,0,0,27,33,29,1,1,6,7,1,0,0,0,1,,2,,1,2,0,0,0,0,0,0,0,0,,,1,27,47,27,20,0,1,0,0
SLN190008170,box,1900-08-17,0,STL05,R,0,BSN,SLN,1,0,1,0,1,,32,3,5,9,2,1,0,,2,,2,,3,,0,0,0,1,,0,4,1,1,1,0,0,0,0,1,0,24,36,31,7,5,8,10,0,1,0,0,2,,0,,1,2,0,0,0,0,0,0,0,0,,,1,24,40,24,12,4,0,0,1
SLN190008180,box,1900-08-18,0,STL05,R,0,BSN,SLN,1,1,0,0,1,,39,9,15,20,3,1,0,,8,,2,,1,,0,2,0,3,,0,7,1,1,1,0,0,0,1,0,0,27,32,32,1,0,4,6,2,0,0,0,0,0,1,,0,0,0,0,0,0,0,0,0,0,,,1,27,40,27,12,1,0,0,0
BSN190008220,box,1900-08-22,0,BOS05,R,1,BSN,BRO,1,0,1,0,1,,38,8,13,17,2,1,0,,7,,10,,0,,0,1,0,0,,0,14,1,1,1,0,0,0,0,1,0,27,54,44,16,10,19,21,2,0,0,0,8,,,,0,2,0,0,0,0,0,0,0,0,,,1,27,46,27,14,5,1,0,0
BSN190008230,box,1900-08-23,0,BOS05,R,1,BSN,BRO,1,1,0,0,1,,38,6,11,13,2,0,0,,6,,1,,2,,0,0,0,4,,0,9,1,1,1,0,0,0,1,0,0,27,43,36,3,3,9,10,1,0,0,0,7,,2,,0,0,0,0,0,0,0,0,0,0,,,1,27,42,27,13,2,1,0,1
BSN190008250,box,1900-08-25,0,BOS05,R,1,BSN,BRO,1,1,0,0,1,,31,8,9,13,1,0,1,,7,,3,0,1,0,0,4,0,2,1,0,6,1,1,1,1,0,0,1,0,0,27,33,29,0,0,4,6,2,0,0,0,4,0,4,1,0,0,0,0,0,0,0,0,0,0,,,1,27,37,27,10,0,1,0,1
BSN190008280,box,1900-08-28,0,BOS05,R,1,BSN,NY1,1,0,1,0,1,,32,4,8,9,1,0,0,,3,,4,0,1,0,2,1,0,5,1,0,8,1,1,1,0,0,0,0,1,0,27,36,35,5,5,9,16,1,0,2,0,1,0,2,1,0,0,0,0,0,0,0,0,0,0,,,1,27,44,27,17,0,1,0,0
BSN190008290,box,1900-08-29,0,BOS05,R,1,BSN,NY1,1,1,0,0,1,,29,6,8,13,0,1,1,,4,,2,0,0,0,1,2,0,2,2,0,4,1,1,1,0,0,0,1,0,0,27,38,35,5,3,10,15,2,0,1,0,2,0,1,1,1,0,0,0,0,0,0,0,0,0,,,1,27,43,27,14,2,1,0,0
BSN190008300,box,1900-08-30,0,BOS05,R,1,BSN,NY1,1,0,1,0,1,,38,3,8,12,1,0,1,,3,,4,0,0,1,0,0,0,1,0,0,9,1,1,1,0,0,0,0,1,0,30,47,39,5,5,14,15,1,0,0,0,6,0,1,2,1,1,0,0,0,0,0,0,0,0,,,1,30,51,30,20,1,3,0,0
BSN190008310,box,1900-08-31,0,BOS05,R,1,BSN,NY1,1,1,0,0,1,,29,5,7,8,1,0,0,,4,,6,0,0,1,0,0,0,1,2,0,6,1,1,1,0,0,0,1,0,0,27,34,31,3,3,5,10,2,0,1,0,3,0,1,0,0,0,0,0,0,0,0,0,0,0,,,1,27,36,27,9,0,0,0,0
BSN190009010,box,1900-09-01,0,BOS05,R,1,BSN,NY1,1,1,0,0,1,,34,10,11,12,1,0,0,,8,,2,0,1,0,0,0,0,2,0,0,2,1,1,1,0,0,0,1,0,0,27,35,33,2,2,7,10,0,0,1,0,1,0,2,1,1,0,0,0,0,0,0,0,0,0,,,1,27,41,27,14,0,1,0,0
BSN190009031,box,1900-09-03,1,BOS05,R,1,BSN,PIT,1,0,1,0,1,,39,7,12,19,1,0,2,,6,,3,,2,,0,2,0,1,,0,10,1,1,1,0,0,0,0,1,0,27,42,35,8,7,11,16,0,1,1,0,6,,0,,0,1,0,0,0,0,0,0,0,0,,,1,27,42,27,13,2,1,0,1
BSN190009032,box,1900-09-03,2,BOS05,R,1,BSN,PIT,1,0,1,0,1,,33,1,4,4,0,0,0,,1,,1,,4,,0,0,0,0,,0,6,1,1,0,0,0,1,0,1,0,27,46,43,14,11,17,22,3,1,0,0,3,,4,,0,0,0,0,0,0,0,0,0,0,,,1,27,38,27,9,2,1,0,1
BSN190009041,box,1900-09-04,1,BOS05,R,1,BSN,PIT,1,0,1,0,1,,30,0,5,5,0,0,0,,0,,3,,1,,2,0,0,0,,0,8,1,1,1,0,0,0,0,1,0,27,45,34,9,6,13,14,1,0,0,0,5,,2,,2,4,0,0,0,0,0,0,0,0,,,1,27,42,27,14,1,0,0,0
BSN190009042,box,1900-09-04,2,BOS05,R,1,BSN,PIT,1,0,1,0,1,,35,5,13,14,1,0,0,,5,,1,,,,0,2,0,0,,0,12,1,1,1,0,0,0,0,1,0,21,34,29,6,2,8,12,2,1,0,0,4,,,,0,1,0,0,0,0,0,0,0,0,,,1,21,38,21,14,3,0,0,3
BSN190009050,box,1900-09-05,0,BOS05,R,1,BSN,PIT,1,0,1,0,1,,33,2,7,13,0,0,2,,2,,1,,1,,1,1,0,0,,0,7,1,1,1,0,0,0,0,1,0,27,37,31,5,2,4,7,0,0,1,0,5,,0,,0,1,0,0,0,0,0,0,0,0,,,1,27,44,27,14,3,1,0,0
BSN190009060,box,1900-09-06,0,BOS05,R,1,BSN,CIN,1,1,0,0,1,,33,5,11,17,0,0,2,,4,,0,0,0,1,0,0,0,2,0,0,7,1,1,1,1,0,0,1,0,0,24,32,30,0,0,8,8,0,0,0,0,2,0,2,0,0,0,0,0,0,0,0,0,0,0,,,1,24,35,24,9,2,0,0,0
BSN190009070,box,1900-09-07,0,BOS05,R,1,BSN,CIN,1,0,1,0,1,,38,5,13,16,0,0,1,,5,,1,0,4,0,0,2,0,3,0,0,9,1,1,0,0,0,1,0,1,0,27,42,35,6,5,11,16,2,0,1,0,4,0,4,0,1,2,0,0,0,0,0,0,0,0,,,1,27,41,27,14,0,0,0,0
BSN190009080,box,1900-09-08,0,BOS05,R,1,BSN,CIN,1,0,1,0,1,,37,1,8,12,4,0,0,,1,,1,0,6,0,0,0,0,0,4,0,4,1,1,1,0,0,0,0,1,0,33,42,42,2,1,7,8,1,0,0,0,0,0,7,0,0,0,0,0,0,0,0,0,0,0,,,1,33,49,33,14,2,0,0,0
BSN190009110,box,1900-09-11,0,BOS05,R,1,BSN,SLN,1,1,0,0,1,,32,7,9,11,0,1,0,,6,,6,,1,,1,0,0,0,,0,8,1,1,1,0,0,0,1,0,0,27,38,31,4,1,8,9,1,0,0,0,6,,7,,0,1,0,0,0,0,0,0,0,0,,,1,27,37,27,8,2,0,0,0
BSN190009120,box,1900-09-12,0,BOS05,R,1,BSN,SLN,1,1,0,0,1,,36,18,20,34,3,4,1,,17,,2,,3,,0,2,0,0,,0,4,1,1,1,0,0,0,1,0,0,18,27,24,3,3,9,12,1,1,0,0,3,,3,,0,0,0,0,0,0,0,0,0,0,,,1,18,30,18,11,1,0,0,0
BSN190009130,box,1900-09-13,0,BOS05,R,1,BSN,SLN,1,0,1,0,1,,36,4,9,10,1,0,0,,4,,3,,0,,0,1,0,1,,0,9,1,1,0,0,0,1,0,1,0,27,41,37,6,4,11,15,0,2,0,0,3,,3,,1,0,0,0,1,0,0,0,0,0,,,1,27,39,27,9,3,2,0,0
BSN190009150,box,1900-09-15,0,BOS05,R,1,BSN,CHN,1,1,0,0,1,,32,7,10,14,2,1,0,,6,,2,0,1,1,1,1,0,3,0,0,5,1,1,1,0,0,0,1,0,0,27,39,35,3,2,11,15,2,1,0,0,1,0,3,0,0,3,0,0,0,0,0,0,0,0,,,1,27,41,27,14,0,1,0,1
BSN190009171,box,1900-09-17,1,BOS05,R,1,BSN,CHN,1,1,0,0,1,,31,8,10,14,1,0,1,,7,,2,0,1,1,1,2,0,1,1,0,4,1,1,1,0,0,0,1,0,0,27,37,32,1,1,5,8,0,0,1,0,4,0,0,0,1,0,0,0,0,0,0,0,0,0,,,1,27,38,27,11,0,0,0,0
BSN190009172,box,1900-09-17,2,BOS05,R,1,BSN,CHN,1,1,0,0,1,,29,6,7,12,0,1,1,,6,,4,0,3,1,0,0,0,1,1,0,3,1,1,1,0,0,0,1,0,0,27,38,35,4,4,9,13,1,0,1,0,3,0,3,0,0,0,0,0,0,1,0,0,0,0,,,1,27,38,27,11,0,0,0,0
BSN190009180,box,1900-09-18,0,BOS05,R,1,BSN,CHN,1,1,0,0,1,,45,14,18,19,1,0,0,,10,,3,0,3,1,1,0,0,2,1,0,11,1,1,1,0,0,0,1,0,0,27,38,36,5,2,9,11,2,0,0,0,2,0,1,0,0,0,0,0,0,0,0,0,0,0,,,1,27,41,27,13,1,0,0,0
BSN190009200,box,1900-09-20,0,BOS05,R,1,BSN,PHI,1,1,0,0,1,,33,5,9,12,1,1,0,,4,,4,,2,,0,0,0,4,,0,8,1,1,1,0,0,0,1,0,0,27,41,39,2,2,10,14,4,0,0,0,2,,3,,0,0,0,0,0,0,0,0,0,0,,,1,27,42,27,13,2,0,0,0
BSN190009211,box,1900-09-21,1,BOS05,R,1,BSN,PHI,1,1,0,0,1,,34,11,14,22,2,0,2,,10,,4,,2,,1,3,0,6,,0,7,1,1,1,1,0,0,1,0,0,27,30,29,0,0,4,4,0,0,0,0,0,0,5,,0,1,0,0,0,0,0,0,0,0,,,1,27,40,27,12,1,0,0,0
BSN190009212,box,1900-09-21,2,BOS05,R,1,BSN,PHI,1,0,1,0,1,,35,6,12,17,0,1,1,,5,,4,,2,,0,2,0,0,,0,8,1,1,1,0,0,0,0,1,0,27,42,38,10,9,10,26,4,3,2,0,4,,1,,0,0,0,0,1,0,0,0,0,0,,,1,27,43,27,13,3,0,0,0
BSN190009220,box,1900-09-22,0,BOS05,R,1,BSN,PHI,1,0,1,0,1,,37,4,13,13,0,0,0,,3,,3,,0,,0,0,0,4,,0,9,1,1,1,0,0,0,0,1,0,27,39,34,5,5,9,14,0,1,1,0,4,,2,,0,1,0,0,0,0,0,0,0,0,,,1,27,41,27,12,2,1,0,0
BSN190009240,box,1900-09-24,0,BOS05,R,1,BSN,NY1,1,0,0,1,1,,40,14,18,27,4,1,1,,13,,4,,5,,0,1,0,0,,0,10,1,1,0,0,0,1,0,0,0,21,42,32,14,11,12,14,2,0,0,0,8,,4,,1,1,0,0,0,0,0,0,0,0,,,1,21,39,21,14,4,0,0,2
BSN190009251,box,1900-09-25,1,BOS05,R,1,BSN,NY1,1,1,0,0,1,,40,8,14,18,1,0,1,,7,,0,0,1,0,0,0,0,0,0,0,8,1,1,1,1,0,0,1,0,0,27,34,30,0,0,5,5,0,0,0,0,4,0,1,0,0,0,0,0,0,0,0,0,0,0,,,1,27,39,27,11,1,2,0,0
BSN190009252,box,1900-09-25,2,BOS05,R,1,BSN,NY1,1,1,0,0,1,,34,8,10,13,0,0,1,,6,,4,0,1,0,0,0,0,1,1,0,6,1,1,1,0,0,0,1,0,0,27,37,33,1,0,4,5,1,0,0,0,4,0,,0,0,0,0,0,0,0,0,0,0,0,,,1,27,41,27,12,2,0,0,1
BSN190009260,box,1900-09-26,0,BOS05,R,1,BSN,NY1,1,1,0,0,1,,29,8,6,6,0,0,0,,7,,9,0,0,1,1,0,0,2,1,0,7,1,1,1,0,0,0,1,0,0,27,43,38,7,4,13,17,4,0,0,0,4,0,1,0,1,0,0,0,0,0,0,0,0,0,,,1,27,43,27,14,2,0,0,1
BRO190009270,box,1900-09-27,0,NYC12,R,0,BSN,BRO,1,0,1,0,1,,31,2,6,6,0,0,0,,2,,3,0,4,0,1,3,0,2,0,0,9,1,1,1,0,0,0,0,1,0,24,32,29,4,4,9,12,3,0,0,0,0,0,2,0,1,2,0,0,0,0,0,0,0,0,,,1,24,40,24,14,2,1,0,0
BRO190009280,box,1900-09-28,0,NYC12,R,0,BSN,BRO,1,0,1,0,1,,35,3,8,11,1,1,0,,3,,2,0,,0,0,0,0,0,0,0,7,1,1,1,0,0,0,0,1,0,24,36,28,5,5,8,11,1,1,0,0,6,0,,0,1,1,0,0,0,0,0,0,0,0,,,1,24,39,24,15,0,1,0,1
BRO190009290,box,1900-09-29,0,NYC12,R,0,BSN,BRO,1,0,0,1,1,,34,6,15,17,0,1,0,,5,,4,0,,1,0,1,0,7,1,0,9,1,1,1,0,0,0,0,0,0,24,35,30,6,4,7,9,2,0,0,0,3,0,,0,1,1,0,0,0,0,0,0,0,0,,,1,24,37,24,11,2,0,0,0
BRO190010011,box,1900-10-01,1,NYC12,R,0,BSN,BRO,1,1,0,0,1,,38,4,5,8,1,1,0,,2,,6,0,2,0,1,0,0,3,1,0,8,1,1,1,0,0,0,1,0,0,33,40,39,3,2,8,10,0,1,0,0,1,0,1,0,0,0,0,0,0,0,0,0,0,0,,,1,33,52,33,19,0,2,0,1
BRO190010012,box,1900-10-01,2,NYC12,R,0,BSN,BRO,1,0,1,0,1,,24,0,2,2,0,0,0,,0,,0,0,2,0,0,0,0,0,0,0,3,1,1,1,0,0,0,0,1,0,18,28,25,5,5,9,14,1,2,0,0,3,0,2,0,0,0,0,0,1,0,0,0,0,0,,,1,18,30,18,12,0,2,0,0
BSN190010020,box,1900-10-02,0,BOS05,R,1,BSN,BRO,1,0,0,1,1,,32,7,7,8,1,0,0,,7,,3,0,,0,0,1,0,3,0,0,5,1,1,0,0,0,1,0,0,0,24,43,33,7,3,9,12,1,1,0,0,7,0,,0,3,0,0,0,0,0,0,0,0,0,,,1,24,43,24,16,3,1,0,1
BSN190010031,box,1900-10-03,1,BOS05,R,1,BSN,BRO,1,0,1,0,1,,30,4,5,9,1,0,1,,4,,3,0,1,3,0,0,0,1,1,0,2,1,1,1,0,0,0,0,1,0,27,41,34,6,6,8,12,2,1,0,0,7,0,0,0,0,0,0,0,0,0,0,0,0,0,,,1,27,37,27,9,1,1,0,0
BSN190010032,box,1900-10-03,2,BOS05,R,1,BSN,BRO,1,0,1,0,1,,26,4,8,9,1,0,0,,3,,1,0,0,0,0,0,0,1,4,0,2,1,1,1,0,0,0,0,1,0,21,34,29,5,2,8,11,3,0,0,0,4,0,2,0,0,1,0,0,1,0,0,0,0,0,,,1,21,32,21,9,2,0,0,0
BSN190010040,box,1900-10-04,0,BOS05,R,1,BSN,BRO,1,0,1,0,1,,34,3,8,9,1,0,0,,3,,3,0,1,1,0,0,0,3,0,0,7,1,1,0,0,0,1,0,1,0,27,38,30,7,7,9,14,2,0,1,0,5,0,1,1,1,2,0,0,0,0,0,0,0,0,,,1,27,41,27,14,0,1,0,0
NY1190010050,box,1900-10-05,0,NYC10,R,0,BSN,NY1,1,0,1,0,1,,33,1,10,11,1,0,0,,1,,2,0,2,0,0,0,0,0,1,0,10,1,1,1,0,0,0,0,1,0,21,32,28,9,8,10,12,2,0,0,0,3,0,1,0,1,0,0,0,0,0,0,0,0,0,,,1,21,34,21,12,1,0,0,0
NY1190010060,box,1900-10-06,0,NYC10,R,0,BSN,NY1,1,0,1,0,1,,30,1,5,5,0,0,0,,1,,2,0,,0,0,0,0,0,0,0,7,1,1,1,0,0,0,0,1,0,21,27,23,4,3,4,4,0,0,0,0,3,0,,0,0,1,0,0,0,0,0,0,0,0,,,1,21,31,21,8,2,0,0,0
PHI190010100,box,1900-10-10,0,PHI09,R,0,BSN,PHI,1,0,1,0,1,,32,2,8,9,1,0,0,,2,,3,0,,1,0,0,0,0,2,0,6,1,1,1,0,0,0,0,1,0,24,34,31,5,4,10,14,1,0,1,0,2,0,,0,1,0,0,0,0,0,0,0,0,0,,,1,24,39,24,14,1,2,0,0
PHI190010110,box,1900-10-11,0,PHI09,R,0,BSN,PHI,1,1,0,0,1,,35,9,13,13,0,0,0,,6,,4,,1,,2,2,0,3,,0,7,1,1,1,0,0,0,1,0,0,27,40,37,4,4,10,15,5,0,0,0,3,,1,,0,0,0,0,0,0,0,0,0,0,,,1,27,37,27,9,1,0,0,0
PHI190010120,box,1900-10-12,0,PHI09,R,0,BSN,PHI,1,0,1,0,1,,34,4,9,12,3,0,0,,4,,4,0,,0,0,0,0,1,0,0,7,1,1,1,0,0,0,0,1,0,24,34,32,5,2,7,8,1,0,0,0,1,0,,1,1,0,0,0,0,0,0,0,0,0,,,1,24,43,24,16,3,1,0,1
PHI190010130,box,1900-10-13,0,PHI09,R,0,BSN,PHI,1,0,1,0,1,,28,3,7,7,0,0,0,,3,,4,,0,,0,0,0,0,,0,8,1,1,1,0,0,0,0,1,0,20,35,31,8,4,10,14,4,0,0,0,4,,0,,0,0,0,0,0,0,0,0,0,0,,,1,20,32,20,10,2,0,0,1
CIN190004190,box,1900-04-19,0,CIN05,R,0,CHN,CIN,1,1,0,0,1,,38,13,16,20,2,1,0,,11,,5,0,3,0,0,1,0,3,1,0,4,1,1,0,0,0,1,1,0,0,27,45,36,10,7,11,11,0,0,0,0,3,0,,0,4,2,0,0,0,0,0,0,0,0,,,1,27,45,27,14,4,0,0,0
CIN190004210,box,1900-04-21,0,CIN05,R,0,CHN,CIN,1,0,1,0,1,,33,3,9,10,1,0,0,,3,,5,,2,,0,1,0,2,,0,9,1,1,1,0,0,0,0,1,0,25,40,35,4,2,10,14,0,2,0,0,2,,,,2,1,0,0,0,0,0,0,0,0,,,1,25,43,25,15,3,1,0,0
CIN190004220,box,1900-04-22,0,CIN05,R,0,CHN,CIN,1,0,1,0,1,,33,6,6,9,3,0,0,,4,,8,,4,,0,1,0,1,,0,9,1,1,1,0,0,0,0,1,0,26,38,37,7,4,10,11,1,0,0,0,1,,6,,0,0,0,0,0,0,0,0,0,0,,,1,26,41,26,12,3,0,0,0
SLN190004240,box,1900-04-24,0,STL05,R,0,CHN,SLN,1,0,1,0,1,,31,1,5,8,3,0,0,,1,,0,0,0,,0,0,0,1,,0,3,1,1,1,0,0,0,0,1,0,24,35,33,4,0,7,7,0,0,0,0,1,,0,,1,0,0,0,0,0,0,0,0,0,,,1,24,44,24,14,6,2,0,0
SLN190004250,box,1900-04-25,0,STL05,R,0,CHN,SLN,1,0,1,0,1,,34,2,9,10,1,0,0,,1,,2,,1,,1,0,0,3,,0,8,1,1,1,0,0,0,0,1,0,24,31,27,5,4,5,9,2,1,0,0,2,,2,,2,0,0,0,0,0,0,0,0,0,,,1,24,37,24,12,1,0,0,0
SLN190004260,box,1900-04-26,0,STL05,R,0,CHN,SLN,1,1,0,0,1,,41,11,14,19,5,0,0,,10,,2,,2,,0,0,0,0,,0,5,1,1,1,0,0,0,1,0,0,27,46,42,8,3,15,21,2,2,0,0,3,,2,,0,1,0,0,0,0,0,0,0,0,,,1,27,51,27,18,6,2,0,0
CHN190004270,box,1900-04-27,0,CHI08,R,1,CHN,SLN,1,1,0,0,1,,31,6,13,19,1,1,1,,6,,5,,1,,1,0,0,2,,0,7,1,1,1,0,0,0,1,0,0,27,37,37,5,2,10,14,2,1,0,0,0,0,,,0,0,0,0,0,1,0,0,0,0,,,1,27,49,27,18,4,2,0,0
CHN190004280,box,1900-04-28,0,CHI08,R,1,CHN,SLN,1,0,1,0,1,,34,1,5,5,0,0,0,,1,,2,0,1,0,0,1,0,1,2,0,6,1,1,1,0,0,0,0,1,0,30,41,37,3,2,7,10,3,0,0,0,0,0,6,0,3,1,0,0,0,0,0,0,0,0,,,1,30,50,30,18,2,0,0,0
CHN190004290,box,1900-04-29,0,CHI08,R,1,CHN,SLN,1,0,1,0,1,,33,1,5,5,0,0,0,,1,,2,,,,0,0,0,0,,0,7,1,1,1,0,0,0,0,1,0,27,39,38,6,4,11,13,2,0,0,0,1,,,,0,0,0,0,0,0,0,0,0,0,,,1,27,40,27,10,3,1,0,0
CHN190004300,box,1900-04-30,0,CHI08,R,1,CHN,SLN,1,1,0,0,1,,31,9,7,10,3,0,0,,4,,4,,2,,2,2,0,5,,0,6,1,1,1,0,0,0,1,0,0,27,40,40,6,4,11,16,3,1,0,0,0,0,3,,0,0,0,0,0,0,0,0,0,0,,,1,27,49,27,17,5,0,0,0
CHN190005010,box,1900-05-01,0,CHI08,R,1,CHN,SLN,1,1,0,0,1,,31,3,9,12,1,1,0,,3,,1,,3,,0,0,0,0,,0,4,1,1,1,0,0,0,1,0,0,27,40,37,2,1,11,13,2,0,0,0,2,,0,,1,0,0,0,0,0,0,0,0,0,,,1,27,51,27,20,4,2,0,0
CHN190005030,box,1900-05-03,0,CHI08,R,1,CHN,CIN,1,0,1,0,1,,35,4,10,10,0,0,0,,3,,3,,4,,0,0,0,0,,0,7,1,1,0,0,0,1,0,1,0,27,45,41,11,5,14,21,4,0,1,0,2,,4,,1,1,0,0,0,0,0,0,0,0,,,1,27,43,27,11,5,0,0,0
CHN190005040,box,1900-05-04,0,CHI08,R,1,CHN,CIN,1,0,1,0,1,,35,3,10,13,3,0,0,,3,,3,,4,,0,1,0,2,,0,9,1,1,1,0,0,0,0,1,0,27,40,37,5,3,8,8,0,0,0,0,2,,5,,0,1,0,0,0,0,0,0,0,0,,,1,27,46,27,13,6,0,0,0
CHN190005050,box,1900-05-05,0,CHI08,R,1,CHN,CIN,1,1,0,0,1,,32,4,10,17,4,0,1,,4,,2,0,1,1,1,1,0,2,0,0,8,1,1,1,0,0,0,1,0,0,27,36,34,3,3,9,9,0,0,0,0,2,0,3,0,0,0,0,0,0,0,0,0,0,0,,,1,27,40,27,11,2,1,0,0
CHN190005060,box,1900-05-06,0,CHI08,R,1,CHN,PIT,1,1,0,0,1,,33,7,8,9,1,0,0,,3,,0,0,3,,2,1,0,2,,0,5,1,1,1,0,0,0,1,0,0,27,39,33,6,6,6,8,2,0,0,0,5,,3,,1,0,0,0,0,0,0,0,0,0,,,1,27,45,27,16,2,1,0,0
PIT190005070,box,1900-05-07,0,PIT05,R,0,CHN,PIT,1,0,1,0,1,,34,4,9,12,3,0,0,,2,,1,,2,,1,0,0,1,,0,5,1,1,1,0,0,0,0,1,0,24,36,32,6,5,10,15,0,1,1,0,3,,3,,0,1,0,0,0,0,0,0,0,0,,,1,24,41,24,15,2,0,0,0
PIT190005080,box,1900-05-08,0,PIT05,R,0,CHN,PIT,1,1,0,0,1,,33,2,6,6,0,0,0,,1,,3,,3,,0,3,0,0,,0,7,1,1,1,0,0,0,1,0,0,30,40,38,1,1,7,11,0,2,0,0,2,,2,,0,0,0,0,0,0,0,0,0,0,,,1,30,52,30,21,1,0,0,0
PIT190005100,box,1900-05-10,0,PIT05,R,0,CHN,PIT,1,0,1,0,1,,36,4,9,14,0,1,1,,3,,1,,1,,0,1,0,1,,0,7,1,1,1,0,0,0,0,1,0,24,36,32,5,4,11,14,1,1,0,0,3,,1,,0,1,0,0,0,0,0,0,0,0,,,1,24,39,24,14,1,1,0,0
CHN190005120,box,1900-05-12,0,CHI08,R,1,CHN,NY1,1,1,0,0,1,,35,13,12,16,1,0,1,,10,,8,0,2,1,2,0,0,1,0,0,8,1,1,1,0,0,0,1,0,0,27,39,32,3,2,8,10,2,0,0,0,6,0,1,2,1,0,0,0,0,0,0,0,0,0,,,1,27,49,27,21,1,2,0,0
CHN190005130,box,1900-05-13,0,CHI08,R,1,CHN,NY1,1,1,0,0,1,,39,10,13,15,0,1,0,,7,,7,,0,,0,2,0,1,,0,12,1,1,1,0,0,0,1,0,0,27,41,36,9,9,14,21,3,2,0,0,2,,4,,0,3,0,0,0,0,0,0,0,0,,,1,27,44,27,15,2,0,0,0
CHN190005140,box,1900-05-14,0,CHI08,R,1,CHN,NY1,1,1,0,0,1,,33,4,10,11,1,0,0,,3,,1,0,3,0,0,1,0,1,0,0,7,1,1,1,1,0,0,1,0,0,27,36,30,0,0,4,7,3,0,0,0,3,0,,0,2,1,0,0,0,0,0,0,0,0,,,1,27,38,27,11,0,0,0,0
CHN190005150,box,1900-05-15,0,CHI08,R,1,CHN,NY1,1,1,0,0,1,,30,10,7,10,0,0,1,,8,,12,0,2,0,1,1,0,2,0,0,10,1,1,0,0,0,1,1,0,1,27,45,36,8,7,11,12,1,0,0,0,8,0,0,0,0,1,0,0,0,0,0,0,0,0,,,1,27,46,27,17,2,1,0,2
CHN190005160,box,1900-05-16,0,CHI08,R,1,CHN,BSN,1,1,0,0,1,,37,7,12,16,0,2,0,,6,,2,,0,,0,1,0,0,,0,9,1,1,1,0,0,0,1,0,0,27,39,38,4,3,11,12,1,0,0,0,1,,5,,0,0,0,0,0,0,0,0,0,0,,,1,27,38,27,9,2,0,0,0
CHN190005190,box,1900-05-19,0,CHI08,R,1,CHN,BSN,1,1,0,0,1,,32,6,7,12,2,0,1,,6,,3,,4,,0,1,0,4,,0,6,1,1,1,0,0,0,1,0,0,27,41,38,4,2,11,14,1,1,0,0,1,,2,,1,1,0,0,0,0,0,0,0,0,,,1,27,51,27,20,4,0,0,0
CHN190005200,box,1900-05-20,0,CHI08,R,1,CHN,PIT,1,1,0,0,1,,33,6,11,13,2,0,0,,6,,1,,2,,1,3,0,3,,0,8,1,1,1,0,0,0,1,0,0,27,37,36,3,3,10,11,1,0,0,0,1,,1,,0,0,0,0,0,0,0,0,0,0,,,1,27,43,27,14,2,1,0,0
CHN190005210,box,1900-05-21,0,CHI08,R,1,CHN,PHI,1,0,1,0,1,,32,1,6,6,0,0,0,,1,,1,0,3,0,0,1,0,1,1,0,6,1,1,1,0,0,0,0,1,0,27,39,35,2,2,6,7,1,0,0,0,3,0,6,0,1,0,0,0,0,0,0,0,0,0,,,1,27,46,27,14,5,1,0,0
CHN190005220,box,1900-05-22,0,CHI08,R,1,CHN,PHI,1,0,1,0,1,,35,5,9,11,2,0,0,,4,,0,0,4,,2,0,0,0,,0,5,1,1,1,0,0,0,0,1,0,27,45,38,8,4,11,13,2,0,0,0,4,,4,,2,1,0,0,0,0,0,0,0,0,,,1,27,54,27,20,7,0,0,1
CHN190005230,box,1900-05-23,0,CHI08,R,1,CHN,PHI,1,1,0,0,1,,32,5,10,15,2,0,1,,4,,1,0,2,1,1,1,0,1,1,0,6,1,1,1,0,0,0,1,0,0,27,37,33,3,2,10,14,0,2,0,0,3,0,2,0,1,0,0,0,0,0,0,0,0,0,,,1,27,47,27,18,2,1,0,0
CHN190005250,box,1900-05-25,0,CHI08,R,1,CHN,BRO,1,0,1,0,1,,36,3,8,11,3,0,0,,3,,3,0,2,0,0,0,0,0,0,0,9,1,1,0,0,0,1,0,1,0,27,43,42,12,4,14,17,3,0,0,0,0,0,3,0,0,1,0,0,0,0,0,0,0,0,,,1,27,47,27,14,6,0,0,0
CHN190005260,box,1900-05-26,0,CHI08,R,1,CHN,BRO,1,1,0,0,1,,30,1,9,9,0,0,0,,1,,0,0,1,,0,2,0,1,,0,7,1,1,1,1,0,0,1,0,0,27,32,31,0,0,5,6,1,0,0,0,1,,2,,0,0,0,0,0,0,0,0,0,0,,,1,27,42,27,14,1,0,0,0
CHN190005280,box,1900-05-28,0,CHI08,R,1,CHN,BRO,1,0,1,0,1,,34,7,11,13,2,0,0,,5,,3,0,1,1,3,2,0,0,0,0,8,1,1,0,0,0,1,0,1,0,27,46,45,12,3,16,21,3,1,0,0,1,0,0,0,0,0,0,0,0,0,0,0,0,0,,,1,27,43,27,11,5,0,0,0
PHI190005301,box,1900-05-30,1,PHI09,R,0,CHN,PHI,1,0,1,0,1,,33,2,8,8,0,0,0,,1,,2,,0,,0,1,0,0,,0,7,1,1,1,0,0,0,0,1,0,24,38,35,5,5,12,14,0,1,0,0,0,0,2,,1,2,0,0,0,0,0,0,0,0,,,1,24,40,24,11,5,2,0,0
PHI190005302,box,1900-05-30,2,PHI09,R,0,CHN,PHI,1,0,1,0,1,,37,3,11,16,3,1,0,,3,,2,,4,,0,0,0,2,,0,9,1,1,1,0,0,0,0,1,0,24,44,43,13,6,16,18,0,1,0,0,0,0,1,,0,1,0,0,0,0,0,0,0,0,,,1,24,43,24,13,6,0,0,0
PHI190005310,box,1900-05-31,0,PHI09,R,0,CHN,PHI,1,0,1,0,1,,29,0,4,4,0,0,0,,0,,3,,2,,0,0,0,0,,0,5,1,1,1,0,0,0,0,1,0,24,30,27,3,2,6,9,0,0,1,0,2,,1,,0,1,0,0,0,0,0,0,0,0,,,1,24,34,23,9,2,2,0,0
PHI190006010,box,1900-06-01,0,PHI09,R,0,CHN,PHI,1,1,0,0,1,,36,7,10,12,2,0,0,,6,,0,0,,,1,2,0,0,,0,5,1,1,1,0,0,0,1,0,0,27,36,32,2,1,5,8,1,1,0,0,4,,,,0,0,0,0,0,0,0,0,0,0,,,1,27,47,27,18,2,0,0,0
BRO190006040,box,1900-06-04,0,NYC12,R,0,CHN,BRO,1,1,0,0,1,,40,6,16,27,5,3,0,,4,,0,0,1,1,0,1,0,3,1,0,8,1,1,1,0,0,0,1,0,0,27,38,35,4,2,7,10,0,0,1,0,2,0,2,0,1,0,0,0,0,0,0,0,0,0,,,1,27,42,27,13,2,1,0,1
BRO190006050,box,1900-06-05,0,NYC12,R,0,CHN,BRO,1,0,1,0,1,,37,4,11,13,2,0,0,,3,,1,0,2,1,1,2,0,1,1,0,10,1,1,1,0,0,0,0,1,0,27,39,37,5,5,9,14,3,1,0,0,1,0,0,0,1,0,0,0,0,0,0,0,0,0,,,1,27,40,27,12,1,0,0,0
BRO190006060,box,1900-06-06,0,NYC12,R,0,CHN,BRO,1,0,1,0,1,,32,3,5,9,2,1,0,,3,,1,0,2,1,0,0,0,0,0,0,3,1,1,1,0,0,0,0,1,0,24,36,32,8,4,8,16,1,2,1,0,2,0,0,0,0,2,0,0,1,0,0,0,0,0,,,1,24,47,24,17,6,0,0,0
BSN190006070,box,1900-06-07,0,BOS05,R,0,CHN,BSN,1,0,1,0,1,,33,4,6,15,1,1,2,,4,,2,0,4,0,0,0,0,0,0,0,4,1,1,1,0,0,0,0,1,0,24,44,41,13,4,15,18,1,1,0,0,3,0,0,1,0,0,0,0,0,0,0,0,0,0,,,1,24,41,24,14,3,1,0,1
BSN190006080,box,1900-06-08,0,BOS05,R,0,CHN,BSN,1,0,1,0,1,,35,5,10,21,2,0,3,,5,,3,,1,,0,0,0,0,,0,6,1,1,1,0,0,0,0,1,0,24,35,32,6,1,6,7,1,0,0,0,2,,0,,0,1,0,0,0,0,0,0,0,0,,,1,24,46,24,16,6,0,0,0
BSN190006090,box,1900-06-09,0,BOS05,R,0,CHN,BSN,1,1,0,0,1,,36,6,10,17,4,0,1,,6,,3,,4,,1,0,0,3,,0,7,1,1,1,0,0,0,1,0,0,27,39,37,2,2,9,10,1,0,0,0,2,,2,,0,0,0,0,0,0,0,0,0,0,,,1,27,34,27,6,1,0,0,0
BSN190006110,box,1900-06-11,0,BOS05,R,0,CHN,BSN,1,0,1,0,1,,33,3,8,10,2,0,0,,1,,1,,3,,0,0,0,0,,0,4,1,1,1,0,0,0,0,1,0,24,35,29,4,1,7,8,1,0,0,0,4,,3,,0,2,0,0,0,0,0,0,0,0,,,1,24,37,24,10,3,1,0,0
NY1190006120,box,1900-06-12,0,NYC10,R,0,CHN,NY1,1,0,1,0,1,,34,0,9,10,1,0,0,,0,,2,0,2,0,0,1,0,0,1,0,10,1,1,1,0,0,0,0,1,0,24,32,31,4,2,6,6,0,0,0,0,0,0,2,0,1,0,0,0,0,0,0,0,0,0,,,1,24,37,24,11,2,0,0,0
NY1190006130,box,1900-06-13,0,NYC10,R,0,CHN,NY1,1,0,1,0,1,,29,0,5,7,0,1,0,,0,,1,0,,1,0,0,0,0,0,0,3,1,1,1,0,0,0,0,1,0,24,36,33,5,3,9,11,0,1,0,0,1,0,,0,1,1,0,0,0,0,0,0,0,0,,,1,24,44,24,14,6,0,0,0
PIT190006160,box,1900-06-16,0,PIT05,R,0,CHN,PIT,1,1,0,0,1,,37,8,13,19,2,2,0,,7,,0,0,2,,0,2,0,1,,0,4,1,1,1,0,0,0,1,0,0,27,41,38,5,4,12,16,2,1,0,0,1,,,,1,1,0,0,0,0,0,0,0,0,,,1,27,39,27,10,2,2,0,0
CHN190006170,box,1900-06-17,0,CHI08,R,1,CHN,PIT,1,1,0,0,1,,32,8,9,13,2,1,0,,7,,3,,3,,1,2,0,0,,0,6,1,1,1,0,0,0,1,0,0,27,36,33,1,0,6,6,0,0,0,0,3,,6,,0,0,0,0,0,0,0,0,0,0,,,1,27,41,27,12,2,0,0,1
CHN190006180,box,1900-06-18,0,CHI08,R,1,CHN,PIT,1,0,1,0,1,,33,1,6,8,2,0,0,,1,,2,,8,,1,0,0,4,,0,8,1,1,1,0,0,0,0,1,0,27,40,36,4,2,7,14,2,1,1,0,1,,6,,2,1,0,0,0,0,0,0,0,0,,,1,27,45,27,14,4,0,0,1
CHN190006190,box,1900-06-19,0,CHI08,R,1,CHN,PIT,1,1,0,0,1,,44,1,7,7,0,0,0,,1,,8,,12,,0,2,0,2,,0,12,1,1,1,1,0,0,1,0,0,42,48,46,0,0,5,7,2,0,0,0,1,,7,,0,1,0,0,0,0,0,0,0,0,,,1,42,60,42,17,1,0,0,0
CHN190006200,box,1900-06-20,0,CHI08,R,1,CHN,PIT,1,0,1,0,1,,35,1,6,8,2,0,0,,1,,2,,2,,0,0,0,1,,0,9,1,1,1,0,0,0,0,1,0,27,43,34,8,7,12,15,0,0,1,0,3,,1,,0,6,0,0,0,0,0,0,0,0,,,1,27,48,27,16,5,2,0,0
CHN190006220,box,1900-06-22,0,CHI08,R,1,CHN,CIN,1,1,0,0,1,,36,7,11,16,2,0,1,,7,,4,,0,,2,0,0,2,,0,11,1,1,1,0,0,0,1,0,0,27,37,36,4,4,9,12,1,1,0,0,1,,1,,0,0,0,0,0,0,0,0,0,0,,,1,27,42,27,13,2,0,0,0
CHN190006230,box,1900-06-23,0,CHI08,R,1,CHN,CIN,1,0,1,0,1,,30,3,5,7,2,0,0,,2,,1,0,2,0,0,1,0,1,1,0,2,1,1,1,0,0,0,0,1,0,27,32,31,4,3,4,6,2,0,0,0,1,0,4,0,0,0,0,0,2,0,0,0,0,0,,,1,27,41,27,13,1,0,0,0
CHN190006240,box,1900-06-24,0,CHI08,R,1,CHN,CIN,1,0,1,0,1,,31,3,8,11,3,0,0,,1,,2,,,,0,1,0,3,,0,4,1,1,0,0,0,1,0,1,0,27,38,34,5,2,10,10,0,0,0,0,3,,0,,1,0,0,0,0,0,0,0,0,0,,,1,27,49,27,20,2,0,0,0
PIT190006260,box,1900-06-26,0,PIT05,R,0,CHN,PIT,1,0,1,0,1,,35,6,12,14,2,0,0,,6,,1,0,,0,0,2,0,1,0,0,5,1,1,1,0,0,0,0,1,0,24,42,37,8,7,12,17,3,1,0,0,3,0,,0,2,0,0,0,0,0,0,0,0,0,,,1,24,42,24,14,4,1,0,0
PIT190006270,box,1900-06-27,0,PIT05,R,0,CHN,PIT,1,0,1,0,1,,36,2,9,10,1,0,0,,2,,1,0,1,1,0,0,0,0,0,0,8,1,1,1,0,0,0,0,1,0,24,41,35,9,9,15,19,2,1,0,0,3,0,0,0,0,3,0,0,1,0,0,0,0,0,,,1,24,38,24,12,2,0,0,1
CHN190006290,box,1900-06-29,0,CHI08,R,1,CHN,BRO,1,1,0,0,1,,28,1,5,6,1,0,0,,1,,1,0,1,0,2,0,0,1,1,0,6,1,1,1,1,0,0,1,0,0,27,34,32,0,0,4,4,0,0,0,0,2,0,2,0,0,0,0,0,0,0,0,0,0,0,,,1,27,46,27,17,2,0,0,0
CHN190006300,box,1900-06-30,0,CHI08,R,1,CHN,BRO,1,1,0,0,1,,33,8,13,17,2,1,0,,7,,5,0,3,1,0,2,0,4,1,0,8,1,1,1,0,0,0,1,0,0,27,35,32,1,0,5,5,0,0,0,0,2,0,3,1,1,0,0,0,0,0,0,0,0,0,,,1,27,48,27,19,2,1,0,0
CHN190007010,box,1900-07-01,0,CHI08,R,1,CHN,BRO,1,1,0,0,1,,31,6,9,12,1,1,0,,4,,3,,1,,2,1,0,0,,0,5,1,1,1,0,0,0,1,0,0,27,39,32,5,2,10,11,1,0,0,0,5,,,,0,2,0,0,0,0,0,0,0,0,,,1,27,56,27,23,6,0,0,1
CHN190007020,box,1900-07-02,0,CHI08,R,1,CHN,PHI,1,1,0,0,1,,34,6,9,15,2,2,0,,5,,0,0,2,0,0,0,0,4,1,0,4,1,1,1,1,0,0,1,0,0,27,29,28,0,0,3,5,0,1,0,0,1,0,4,0,0,0,0,0,0,0,0,0,0,0,,,1,27,36,27,8,1,1,0,0
CHN190007030,box,1900-07-03,0,CHI08,R,1,CHN,PHI,1,1,0,0,1,,37,9,14,17,1,1,0,,8,,2,0,2,0,0,0,0,7,2,0,6,1,1,1,0,0,0,1,0,0,27,36,34,3,1,10,11,1,0,0,0,2,0,2,1,0,0,0,0,0,0,0,0,0,0,,,1,27,38,27,10,1,3,0,1
CHN190007041,box,1900-07-04,1,CHI08,R,1,CHN,PHI,1,1,0,0,1,,35,10,11,11,0,0,0,,7,,4,,0,,2,2,0,5,,0,9,1,1,1,0,0,0,1,0,0,27,38,33,4,3,9,11,2,0,0,0,2,,2,,2,1,0,0,0,0,0,0,0,0,,,1,27,45,27,14,4,1,0,0
CHN190007042,box,1900-07-04,2,CHI08,R,1,CHN,PHI,1,1,0,0,1,,40,5,7,11,2,1,0,,1,,1,0,3,0,0,1,0,2,0,0,4,1,1,1,0,0,0,1,0,0,36,57,49,4,3,14,15,1,0,0,0,5,0,2,0,0,3,0,0,0,0,0,0,0,0,,,1,36,53,36,15,2,0,0,1
CHN190007050,box,1900-07-05,0,CHI08,R,1,CHN,BSN,1,1,0,0,1,,28,2,8,10,2,0,0,,1,,0,0,4,0,0,1,0,4,2,0,3,1,1,1,1,0,0,1,0,0,27,38,34,0,0,7,8,1,0,0,0,3,1,2,0,0,1,0,0,0,0,0,0,0,0,,,1,27,39,27,11,1,0,0,0
CHN190007060,box,1900-07-06,0,CHI08,R,1,CHN,BSN,1,1,0,0,1,,34,6,10,12,2,0,0,,5,,2,0,1,0,0,1,0,0,0,0,7,1,1,1,0,0,0,1,0,0,27,36,36,4,3,7,8,1,0,0,0,0,0,2,0,0,0,0,0,0,0,0,0,0,0,,,1,27,44,27,15,2,0,0,0
CHN190007070,box,1900-07-07,0,CHI08,R,1,CHN,BSN,1,0,1,0,1,,37,4,11,16,2,0,1,,3,,2,0,2,1,1,0,0,1,0,0,9,1,1,1,0,0,0,0,1,0,27,45,42,11,9,19,22,3,0,0,0,1,0,0,0,1,1,0,0,0,0,0,0,0,0,,,1,27,41,26,14,1,1,0,0
CHN190007080,box,1900-07-08,0,CHI08,R,1,CHN,NY1,1,1,0,0,1,,41,11,16,26,7,0,1,,9,,1,,3,,0,0,0,2,,0,7,1,1,1,0,0,0,1,0,0,27,40,34,3,2,6,8,2,0,0,0,6,,0,,0,0,0,0,0,0,0,0,0,0,,,1,27,48,27,17,4,1,0,0
CHN190007090,box,1900-07-09,0,CHI08,R,1,CHN,NY1,1,1,0,0,1,,28,3,11,15,2,1,0,,2,,0,0,2,2,1,1,0,2,2,0,3,1,1,1,0,0,0,1,0,0,27,33,30,2,0,3,5,0,1,0,0,2,0,1,1,0,1,0,0,0,0,0,0,0,0,,,1,27,39,27,9,3,1,0,1
CHN190007100,box,1900-07-10,0,CHI08,R,1,CHN,NY1,1,1,0,0,1,,30,5,7,8,1,0,0,,3,,4,0,3,0,2,1,0,1,1,0,8,1,1,1,0,0,0,1,0,0,27,33,29,2,2,5,7,0,1,0,0,1,0,2,0,2,1,0,0,0,0,0,0,0,0,,,1,27,42,27,14,1,0,0,0
CHN190007140,box,1900-07-14,0,CHI08,R,1,CHN,PIT,1,0,1,0,1,,34,1,7,7,0,0,0,,1,,0,0,1,0,0,0,0,0,1,0,6,1,1,1,0,0,0,0,1,0,27,41,40,6,3,11,14,1,1,0,0,1,0,3,1,0,0,0,0,0,0,0,0,0,0,,,1,27,48,27,17,4,1,0,1
CHN190007150,box,1900-07-15,0,CHI08,R,1,CHN,PIT,1,1,0,0,1,,32,5,8,11,3,0,0,,2,,4,,3,,1,0,0,2,,0,8,1,1,1,0,0,0,1,0,0,27,36,32,3,1,7,7,0,0,0,0,2,,5,,0,2,0,0,0,0,0,0,0,0,,,1,27,40,27,11,2,2,0,0
CHN190007160,box,1900-07-16,0,CHI08,R,1,CHN,PIT,1,0,1,0,1,,35,3,9,10,1,0,0,,3,,2,0,4,0,0,0,0,1,0,0,7,1,1,1,0,0,0,0,1,0,27,42,38,7,3,12,16,4,0,0,0,1,0,2,0,0,3,0,0,0,0,0,0,0,0,,,1,27,44,27,14,3,0,0,0
PIT190007170,box,1900-07-17,0,PIT05,R,0,CHN,PIT,1,0,1,0,1,,20,0,4,5,1,0,0,,0,,0,0,0,1,0,0,0,0,1,0,2,1,1,1,0,0,0,0,1,0,15,22,20,2,0,4,5,1,0,0,0,2,0,4,0,0,0,0,0,0,0,0,0,0,0,,,1,15,22,15,5,2,0,0,0
BSN190007190,box,1900-07-19,0,BOS05,R,0,CHN,BSN,1,0,1,0,1,,32,1,7,8,1,0,0,,0,,6,0,,0,0,1,0,1,1,0,11,1,1,1,0,0,0,0,1,0,24,35,31,5,4,9,13,1,0,1,0,2,0,,0,1,1,0,0,1,0,0,0,0,0,,,1,24,32,24,8,0,1,0,2
BSN190007200,box,1900-07-20,0,BOS05,R,0,CHN,BSN,1,1,0,0,1,,40,8,15,23,2,0,2,,6,,2,0,4,0,0,2,0,1,1,0,9,1,1,1,0,0,0,1,0,0,27,36,36,3,3,10,15,2,0,1,0,0,0,2,0,0,0,0,0,0,0,0,0,0,0,,,1,27,38,27,11,0,0,0,0
BSN190007210,box,1900-07-21,0,BOS05,R,0,CHN,BSN,1,0,1,0,1,,32,0,5,5,0,0,0,,0,,1,0,,0,0,0,0,0,0,0,6,1,1,1,0,0,0,0,1,0,24,41,36,9,8,15,23,2,0,2,0,3,0,,1,0,2,0,0,0,0,0,0,0,0,,,1,24,36,24,10,2,1,0,0
BRO190007230,box,1900-07-23,0,NYC12,R,0,CHN,BRO,1,0,0,1,1,,35,7,10,17,1,0,2,,7,,1,0,3,0,1,3,0,2,1,0,6,1,1,1,0,0,0,0,0,0,27,42,39,7,6,12,16,2,1,0,0,3,0,2,1,0,0,0,0,0,0,0,0,0,0,,,1,27,45,27,14,4,1,0,1
BRO190007240,box,1900-07-24,0,NYC12,R,0,CHN,BRO,1,1,0,0,1,,41,9,14,22,1,2,1,,9,,3,0,7,0,1,0,0,4,1,0,9,1,1,1,0,0,0,1,0,0,27,45,38,7,5,10,11,1,0,0,0,4,0,8,0,2,1,0,0,0,0,0,0,0,0,,,1,27,40,27,10,3,0,0,1
BRO190007250,box,1900-07-25,0,NYC12,R,0,CHN,BRO,1,0,1,0,1,,33,2,8,8,0,0,0,,2,,4,0,3,0,0,0,0,0,1,0,8,1,1,1,0,0,0,0,1,0,24,37,29,6,3,5,6,1,0,0,0,7,0,1,0,1,0,0,0,0,0,0,0,0,0,,,1,24,43,24,15,4,0,0,0
PHI190007270,box,1900-07-27,0,PHI09,R,0,CHN,PHI,1,0,1,0,1,,31,4,6,9,3,0,0,,3,,7,0,,1,1,0,0,4,1,0,8,1,1,1,0,0,0,0,1,0,24,35,32,7,4,8,8,0,0,0,0,1,0,,1,2,0,0,0,0,0,0,0,0,0,,,1,24,40,24,13,3,2,0,0
PHI190007280,box,1900-07-28,0,PHI09,R,0,CHN,PHI,1,1,0,0,1,,37,8,10,13,3,0,0,,6,,4,0,2,1,0,1,0,1,2,0,7,1,1,1,0,0,0,1,0,0,27,41,36,4,2,8,8,0,0,0,0,3,0,3,0,1,1,0,0,0,0,0,0,0,0,,,1,27,37,27,8,2,0,0,0
NY1190007310,box,1900-07-31,0,NYC10,R,0,CHN,NY1,1,0,1,0,1,,37,4,11,12,1,0,0,,3,,4,0,,2,1,1,0,1,1,0,12,1,1,1,0,0,0,0,1,0,24,40,35,9,1,13,15,2,0,0,0,3,0,,1,2,0,0,0,0,0,0,0,0,0,,,1,24,44,24,14,6,1,0,0
NY1190008010,box,1900-08-01,0,NYC10,R,0,CHN,NY1,1,0,1,0,1,,38,5,8,8,0,0,0,,2,,1,0,,0,1,1,0,2,0,0,9,1,1,1,0,0,0,0,1,0,24,40,33,8,4,7,12,0,1,1,0,5,0,3,0,2,0,0,0,0,0,0,0,0,0,,,1,24,39,24,8,7,1,0,2
NY1190008020,box,1900-08-02,0,NYC10,R,0,CHN,NY1,1,1,0,0,1,,39,7,15,23,2,0,2,,7,,2,0,1,1,2,0,0,0,1,0,9,1,1,1,0,0,0,1,0,0,27,40,35,6,4,11,12,1,0,0,0,4,0,3,0,0,1,0,0,0,0,0,0,0,0,,,1,27,40,27,11,2,1,0,1
CHN190008040,box,1900-08-04,0,CHI08,R,1,CHN,BRO,1,0,1,0,1,,31,2,7,10,1,1,0,,2,,2,0,3,0,1,2,0,1,1,0,7,1,1,1,0,0,0,0,1,0,27,42,39,6,5,13,17,4,0,0,0,0,0,4,0,2,1,0,0,0,0,0,0,0,0,,,1,27,42,27,13,2,0,0,0
CHN190008050,box,1900-08-05,0,CHI08,R,1,CHN,BRO,1,0,1,0,1,,32,1,5,5,0,0,0,,1,,2,,2,,0,0,0,1,,0,6,1,1,1,0,0,0,0,1,0,27,40,37,3,0,9,11,2,0,0,0,2,,2,,1,0,0,0,0,0,0,0,0,0,,,1,27,44,27,15,2,1,0,0
CHN190008060,box,1900-08-06,0,CHI08,R,1,CHN,BRO,1,1,0,0,1,,28,8,8,14,2,2,0,,8,,6,0,,2,0,2,0,0,0,0,4,1,1,1,0,0,0,1,0,0,27,39,34,7,7,12,18,0,3,0,0,4,0,0,0,0,1,0,0,0,0,0,0,0,0,,,1,27,45,27,17,1,1,0,0
CHN190008070,box,1900-08-07,0,CHI08,R,1,CHN,BRO,1,1,0,0,1,,31,7,10,11,1,0,0,,7,,3,0,2,0,2,2,0,1,0,0,7,1,1,1,0,0,0,1,0,0,27,34,32,1,0,8,8,0,0,0,0,2,0,2,1,0,0,0,0,1,0,0,0,0,0,,,1,27,41,27,13,1,2,0,2
CHN190008080,box,1900-08-08,0,CHI08,R,1,CHN,PHI,1,0,1,0,1,,34,3,10,12,2,0,0,,3,,1,0,,2,1,0,0,7,0,0,6,1,1,1,0,0,0,0,1,0,27,36,35,5,3,9,10,1,0,0,0,1,0,4,0,0,0,0,0,0,0,0,0,0,0,,,1,27,44,27,15,2,1,0,0
CHN190008090,box,1900-08-09,0,CHI08,R,1,CHN,PHI,1,1,0,0,1,,30,5,11,19,2,0,2,,5,,8,0,3,2,0,2,0,5,1,0,11,1,1,1,0,0,0,1,0,0,27,32,31,1,0,3,4,1,0,0,0,1,0,2,1,0,0,0,0,1,0,0,0,0,0,,,1,27,47,27,17,3,1,0,0
CHN190008110,box,1900-08-11,0,CHI08,R,1,CHN,PHI,1,0,1,0,1,,30,0,5,5,0,0,0,,0,,1,0,2,1,0,1,0,0,1,0,5,1,1,1,0,0,0,0,1,0,27,35,34,2,1,7,9,2,0,0,0,1,0,3,0,0,0,0,0,0,0,0,0,0,0,,,1,27,35,27,7,1,1,0,0
CHN190008120,box,1900-08-12,0,CHI08,R,1,CHN,PIT,1,0,1,0,1,,34,2,6,9,1,1,0,,2,,0,0,2,,0,0,0,0,,0,5,1,1,1,0,0,0,0,1,0,27,41,39,6,3,13,17,1,0,1,0,1,,1,,0,1,0,0,0,0,0,0,0,0,,,1,27,45,27,15,3,1,0,0
CHN190008131,box,1900-08-13,1,CHI08,R,1,CHN,BSN,1,1,0,0,1,,34,7,9,14,0,1,1,,5,,7,0,1,0,0,2,0,4,1,0,9,1,1,1,0,0,0,1,0,0,27,38,33,1,1,8,9,1,0,0,0,3,1,3,0,0,2,0,0,0,0,0,0,0,0,,,1,27,44,27,16,1,0,0,0
CHN190008132,box,1900-08-13,2,CHI08,R,1,CHN,BSN,1,1,0,0,1,,33,6,9,12,1,1,0,,4,,3,0,2,1,0,0,0,1,2,0,6,1,1,1,0,0,0,1,0,0,27,36,34,4,1,6,10,4,0,0,0,1,0,3,0,0,1,0,0,0,0,0,0,0,0,,,1,27,46,27,15,4,0,0,0
CHN190008141,box,1900-08-14,1,CHI08,R,1,CHN,BSN,1,0,1,0,1,,37,6,11,13,2,0,0,,5,,3,0,0,1,2,4,0,0,0,0,10,1,1,1,0,0,0,0,1,0,30,44,42,7,3,12,23,1,5,0,0,1,0,4,2,1,0,0,0,0,0,0,0,0,0,,,1,30,43,30,9,4,2,0,0
CHN190008142,box,1900-08-14,2,CHI08,R,1,CHN,BSN,1,0,1,0,1,,25,6,9,11,2,0,0,,6,,3,,,,1,2,0,4,,0,7,1,1,1,0,0,0,0,1,0,18,31,27,7,4,8,10,0,1,0,0,4,,2,,0,0,0,0,0,0,0,0,0,0,,,1,18,30,18,9,3,0,0,0
CHN190008160,box,1900-08-16,0,CHI08,R,1,CHN,NY1,1,1,0,0,1,,28,2,7,8,1,0,0,,2,,1,0,3,0,1,1,0,0,1,0,5,1,1,1,1,0,0,1,0,0,27,30,28,0,0,4,4,0,0,0,0,2,0,0,2,0,0,0,0,0,0,0,0,0,0,,,1,27,45,27,18,0,3,0,0
CHN190008180,box,1900-08-18,0,CHI08,R,1,CHN,NY1,1,0,1,0,1,,35,2,3,4,1,0,0,,1,,6,0,2,0,1,0,0,1,0,0,13,1,1,1,0,0,0,0,1,0,27,37,34,5,1,10,10,0,0,0,0,1,0,0,1,0,2,0,0,0,0,0,0,0,0,,,1,27,50,27,20,3,1,0,0
CHN190008190,box,1900-08-19,0,CHI08,R,1,CHN,NY1,1,1,0,0,1,,30,2,8,9,1,0,0,,2,,3,,0,,0,2,0,2,,0,9,1,1,1,0,0,0,1,0,0,27,34,33,1,1,9,12,3,0,0,0,1,,3,,0,0,0,0,0,0,0,0,0,0,,,1,27,44,27,16,1,0,0,0
SLN190008240,box,1900-08-24,0,STL05,R,0,CHN,SLN,1,0,1,0,1,,31,0,4,6,0,1,0,,0,,1,,4,,0,0,0,1,,0,5,1,1,1,0,0,0,0,1,0,24,39,35,7,4,10,12,0,1,0,0,3,,0,,0,1,0,0,0,0,0,0,0,0,,,1,24,42,24,14,4,0,0,1
SLN190008250,box,1900-08-25,0,STL05,R,0,CHN,SLN,1,0,1,0,1,,29,0,3,3,0,0,0,,0,,0,0,4,1,0,0,0,0,0,0,2,1,1,1,0,0,0,0,1,0,24,29,29,2,0,4,4,0,0,0,0,0,0,2,0,0,0,0,0,0,0,0,0,0,0,,,1,24,42,24,16,2,0,0,0
SLN190008260,box,1900-08-26,0,STL05,R,0,CHN,SLN,1,0,1,0,1,,33,3,7,8,1,0,0,,3,,0,0,3,,0,2,0,0,,0,5,1,1,1,0,0,0,0,1,0,24,37,34,6,4,14,15,1,0,0,0,1,,0,,1,1,0,0,0,0,0,0,0,0,,,1,24,41,24,14,3,1,0,0
CHN190008270,box,1900-08-27,0,CHI08,R,1,CHN,SLN,1,1,0,0,1,,27,2,6,7,1,0,0,,2,,1,0,0,0,0,2,0,0,1,0,4,1,1,1,0,0,0,1,0,0,27,36,34,1,0,8,8,0,0,0,0,2,0,3,0,0,0,0,0,0,0,0,0,0,0,,,1,27,37,27,9,1,1,0,0
CHN190008280,box,1900-08-28,0,CHI08,R,1,CHN,SLN,1,0,1,0,1,,33,2,8,8,0,0,0,,2,,1,0,5,0,0,0,0,2,2,0,5,1,1,1,0,0,0,0,1,0,27,35,32,3,2,9,11,0,1,0,0,0,0,2,0,2,1,0,0,0,0,0,0,0,0,,,1,27,46,27,16,3,0,0,0
CHN190008290,box,1900-08-29,0,CHI08,R,1,CHN,SLN,1,1,0,0,1,,38,6,11,18,3,2,0,,4,,2,0,2,0,0,2,0,3,3,0,5,1,1,0,0,0,1,1,0,0,33,45,43,5,2,13,19,2,2,0,0,0,0,5,1,1,1,0,0,0,0,0,0,0,0,,,1,33,56,33,20,3,1,0,1
CHN190008300,box,1900-08-30,0,CHI08,R,1,CHN,CIN,1,0,0,1,1,,46,3,9,11,2,0,0,,2,,1,,6,,0,1,0,0,,0,6,1,1,1,0,0,0,0,0,0,39,50,48,3,2,9,10,1,0,0,0,2,,4,,0,0,0,0,1,0,0,0,0,0,,,1,39,59,39,19,1,1,0,0
CHN190008310,box,1900-08-31,0,CHI08,R,1,CHN,CIN,1,0,1,0,1,,30,1,4,4,0,0,0,,1,,3,0,4,0,0,0,0,0,1,0,5,1,1,1,0,0,0,0,1,0,27,44,42,11,2,12,14,0,1,0,0,1,0,2,0,0,1,0,0,1,0,0,0,0,0,,,1,27,52,27,15,10,0,0,2
CHN190009011,box,1900-09-01,1,CHI08,R,1,CHN,CIN,1,1,0,0,1,,30,2,6,8,2,0,0,,2,,1,0,5,0,1,1,0,0,0,0,6,1,1,1,0,0,0,1,0,0,27,33,28,1,0,3,3,0,0,0,0,3,0,5,0,2,0,0,0,0,0,0,0,0,0,,,1,27,42,27,13,2,0,0,0
CHN190009012,box,1900-09-01,2,CHI08,R,1,CHN,CIN,1,1,0,0,1,,33,6,7,9,2,0,0,,6,,0,0,3,,1,1,0,1,,0,5,1,1,1,0,0,0,1,0,0,27,37,33,4,3,8,9,1,0,0,0,1,,3,,1,2,0,0,0,0,0,0,0,0,,,1,27,39,27,9,3,0,0,0
BRO190009031,box,1900-09-03,1,NYC12,R,0,CHN,BRO,1,0,1,0,1,,38,5,12,18,3,0,1,,5,,3,0,2,2,0,0,0,1,0,0,9,1,1,1,0,0,0,0,1,0,24,40,34,9,8,13,17,4,0,0,0,3,0,1,0,0,3,0,0,0,0,0,0,0,0,,,1,24,40,24,14,2,1,0,0
BRO190009032,box,1900-09-03,2,NYC12,R,0,CHN,BRO,1,0,1,0,1,,36,7,9,13,1,0,1,,3,,1,0,4,0,0,2,0,3,0,0,5,1,1,1,0,0,0,0,1,0,24,41,36,10,4,11,14,1,1,0,0,4,0,2,0,0,1,0,0,0,0,0,0,0,0,,,1,24,45,24,16,5,0,0,1
BRO190009040,box,1900-09-04,0,NYC12,R,0,CHN,BRO,1,1,0,0,1,,43,8,15,22,5,1,0,,6,,3,,1,,0,1,0,0,,0,12,1,1,1,0,0,0,1,0,0,27,45,35,7,6,12,16,4,0,0,0,9,,2,,0,1,0,0,0,0,0,0,0,0,,,1,27,46,27,17,2,3,0,1
BRO190009051,box,1900-09-05,1,NYC12,R,0,CHN,BRO,1,0,1,0,1,,39,4,13,14,1,0,0,,4,,2,0,2,1,3,0,0,0,0,0,13,1,1,1,0,0,0,0,1,0,24,43,36,9,8,11,20,1,4,0,0,6,0,4,1,0,1,0,0,0,0,0,0,0,0,,,1,24,37,23,10,4,1,0,1
BRO190009052,box,1900-09-05,2,NYC12,R,0,CHN,BRO,1,1,0,0,1,,41,12,15,24,1,1,2,,10,,2,0,2,1,0,4,0,3,0,0,8,1,1,1,0,0,0,1,0,0,27,37,35,1,1,11,13,2,0,0,0,2,0,2,1,0,0,0,0,0,0,0,0,0,0,,,1,27,39,27,12,0,3,0,0
PHI190009060,box,1900-09-06,0,PHI09,R,0,CHN,PHI,1,0,1,0,1,,34,5,8,11,1,1,0,,5,,5,0,1,0,1,1,0,0,1,0,9,1,1,1,0,0,0,0,1,0,24,52,47,20,20,25,37,5,2,1,0,4,0,2,1,1,0,0,0,1,0,0,0,0,0,,,1,24,52,24,21,7,1,0,0
PHI190009070,box,1900-09-07,0,PHI09,R,0,CHN,PHI,1,0,0,1,1,,40,6,15,19,2,1,0,,6,,0,0,,0,0,0,0,0,2,0,7,1,1,1,0,0,0,0,0,0,27,43,39,6,5,12,13,1,0,0,0,3,0,,1,1,0,0,0,0,0,0,0,0,0,,,1,27,39,27,8,4,1,0,0
PHI190009080,box,1900-09-08,0,PHI09,R,0,CHN,PHI,1,1,0,0,1,,35,5,10,11,1,0,0,,5,,2,0,0,0,0,1,0,1,0,0,6,1,1,1,0,0,0,1,0,0,27,36,33,2,1,6,7,1,0,0,0,1,0,2,0,2,0,0,0,0,0,0,0,0,0,,,1,27,40,27,11,2,0,0,1
PHI190009101,box,1900-09-10,1,PHI09,R,0,CHN,PHI,1,0,1,0,1,,34,0,8,8,0,0,0,,0,,1,0,1,1,0,1,0,0,0,0,9,1,1,0,0,0,1,0,1,0,24,39,33,6,5,10,14,4,0,0,0,4,0,3,0,1,1,0,0,0,0,0,0,0,0,,,1,24,33,24,5,4,0,0,0
PHI190009102,box,1900-09-10,2,PHI09,R,0,CHN,PHI,1,0,1,0,1,,32,2,5,8,0,0,1,,2,,2,0,2,0,0,1,0,3,1,0,6,1,1,1,0,0,0,0,1,0,24,32,24,5,5,7,10,0,0,1,0,3,0,2,0,3,2,0,0,1,0,0,0,0,0,,,1,24,39,24,15,0,0,0,0
NY1190009111,box,1900-09-11,1,NYC10,R,0,CHN,NY1,1,0,1,0,1,,34,3,8,10,0,1,0,,3,,3,0,,2,0,0,0,0,0,0,7,1,1,1,0,0,0,0,1,0,24,48,41,14,13,23,27,1,0,1,0,3,0,0,1,1,3,0,0,0,0,0,0,0,0,,,1,24,49,24,20,5,2,0,0
NY1190009112,box,1900-09-11,2,NYC10,R,0,CHN,NY1,1,0,0,1,1,,33,3,7,7,0,0,0,,3,,2,0,3,0,0,1,0,2,0,0,6,1,1,1,0,0,0,0,0,0,27,31,31,3,3,6,7,1,0,0,0,0,0,3,0,0,0,0,0,1,0,0,0,0,0,,,1,27,39,27,12,0,0,0,0
NY1190009121,box,1900-09-12,1,NYC10,R,0,CHN,NY1,1,1,0,0,1,,38,9,13,15,2,0,0,,6,,2,0,,2,2,1,0,2,2,0,7,1,1,1,0,0,0,1,0,0,27,36,36,1,1,10,10,0,0,0,0,0,0,,1,0,0,0,0,0,0,0,0,0,0,,,1,27,47,27,19,1,2,0,0
NY1190009122,box,1900-09-12,2,NYC10,R,0,CHN,NY1,1,0,1,0,1,,30,6,8,10,2,0,0,,4,,3,0,1,0,0,0,0,1,0,0,6,1,1,1,0,0,0,0,1,0,21,34,32,7,6,12,16,1,0,1,0,1,0,5,1,1,0,0,0,0,0,0,0,0,0,,,1,21,35,21,12,2,1,0,0
NY1190009130,box,1900-09-13,0,NYC10,R,0,CHN,NY1,1,1,0,0,1,,35,6,7,8,1,0,0,,5,,3,0,5,0,0,0,0,2,0,0,5,1,1,1,0,0,0,1,0,0,27,41,37,5,3,10,11,1,0,0,0,3,0,0,0,1,0,0,0,0,0,0,0,0,0,,,1,27,38,27,9,2,0,0,0
NY1190009140,box,1900-09-14,0,NYC10,R,0,CHN,NY1,1,0,1,0,1,,34,1,6,7,1,0,0,,1,,1,0,5,0,0,0,0,0,0,0,7,1,1,1,0,0,0,0,1,0,24,35,32,5,5,11,13,0,1,0,0,2,0,1,0,1,0,0,0,0,0,0,0,0,0,,,1,24,37,24,13,0,0,0,0
BSN190009150,box,1900-09-15,0,BOS05,R,0,CHN,BSN,1,0,1,0,1,,35,3,11,15,2,1,0,,3,,1,0,3,0,0,3,0,1,0,0,9,1,1,1,0,0,0,0,1,0,24,36,32,7,6,10,14,2,1,0,0,2,0,1,1,1,1,0,0,0,0,0,0,0,0,,,1,24,36,24,8,4,1,0,0
BSN190009171,box,1900-09-17,1,BOS05,R,0,CHN,BSN,1,0,1,0,1,,32,1,5,8,0,0,1,,1,,4,0,0,0,1,0,0,0,1,0,9,1,1,1,0,0,0,0,1,0,24,36,31,8,7,10,14,1,0,1,0,2,0,1,1,1,2,0,0,0,0,0,0,0,0,,,1,24,38,24,11,3,2,0,0
BSN190009172,box,1900-09-17,2,BOS05,R,0,CHN,BSN,1,0,1,0,1,,35,4,9,13,1,0,1,,4,,3,0,3,0,0,0,0,0,1,0,7,1,1,1,0,0,0,0,1,0,24,33,29,6,4,7,12,0,1,1,0,4,0,3,1,0,0,0,0,0,0,0,0,0,0,,,1,24,35,24,10,1,1,0,1
BSN190009180,box,1900-09-18,0,BOS05,R,0,CHN,BSN,1,0,1,0,1,,36,5,9,11,2,0,0,,5,,2,0,1,0,0,0,0,2,1,0,6,1,1,1,0,0,0,0,1,0,24,49,45,14,6,18,19,1,0,0,0,3,0,3,1,1,0,0,0,0,0,0,0,0,0,,,1,24,41,24,12,5,2,0,0
CIN190009210,box,1900-09-21,0,CIN05,R,0,CHN,CIN,1,0,1,0,1,,29,3,4,4,0,0,0,,3,,1,0,,1,0,2,0,0,0,0,2,1,1,1,0,0,0,0,1,0,24,33,30,6,4,7,7,0,0,0,0,1,0,3,0,0,2,0,0,0,0,0,0,0,0,,,1,24,41,24,14,3,0,0,0
CIN190009220,box,1900-09-22,0,CIN05,R,0,CHN,CIN,1,1,0,0,1,,31,5,6,10,2,1,0,,5,,3,0,,0,1,1,0,1,1,0,4,1,1,1,0,0,0,1,0,0,27,39,34,4,3,9,12,1,1,0,0,3,0,,0,1,1,0,0,0,0,0,0,0,0,,,1,27,38,27,10,1,0,0,2
CIN190009231,box,1900-09-23,1,CIN05,R,0,CHN,CIN,1,1,0,0,1,,36,6,9,12,3,0,0,,5,,3,,6,,0,3,0,2,,0,9,1,1,1,0,0,0,1,0,0,27,36,35,4,2,6,8,0,1,0,0,1,,0,,0,0,0,0,0,0,0,0,0,0,,,1,27,44,27,13,4,1,0,0
CIN190009232,box,1900-09-23,2,CIN05,R,0,CHN,CIN,1,1,0,0,1,,32,8,12,16,2,1,0,,6,,3,,2,,1,2,0,0,,0,6,1,1,1,0,0,0,1,0,0,24,29,25,1,1,3,6,1,1,0,0,2,,,,1,1,0,0,0,0,0,0,0,0,,,1,24,35,24,11,0,0,0,0
SLN190009250,box,1900-09-25,0,STL05,R,0,CHN,SLN,1,0,1,0,1,,31,1,5,5,0,0,0,,1,,4,0,2,0,0,1,0,0,1,0,8,1,1,1,0,0,0,0,1,0,24,36,31,8,6,10,13,1,1,0,0,2,0,0,2,0,3,0,0,0,0,0,0,0,0,,,1,24,43,24,12,7,2,0,0
SLN190009280,box,1900-09-28,0,STL05,R,0,CHN,SLN,1,0,0,1,1,,41,3,11,12,1,0,0,,3,,3,0,0,1,1,4,0,0,0,0,13,1,1,1,0,0,0,0,0,0,30,44,38,3,2,13,15,0,1,0,0,2,0,2,0,2,2,0,0,0,0,0,0,0,0,,,1,30,51,30,19,2,1,0,1
CHN190009291,box,1900-09-29,1,CHI08,R,1,CHN,SLN,1,0,1,0,1,,38,7,10,11,1,0,0,,4,,3,0,2,0,0,2,0,2,0,0,9,1,1,0,0,0,1,0,1,0,27,49,42,10,8,15,16,1,0,0,0,5,0,5,0,1,1,0,0,0,0,0,0,0,0,,,1,27,40,27,7,6,0,0,0
CHN190009292,box,1900-09-29,2,CHI08,R,1,CHN,SLN,1,0,0,1,1,,22,0,3,3,0,0,0,,0,,4,0,0,0,0,1,0,1,1,0,6,1,1,1,1,0,0,0,0,0,21,24,23,0,0,3,4,1,0,0,0,1,0,2,0,0,0,0,0,0,0,0,0,0,0,,,1,21,34,21,11,2,0,0,0
CHN190009301,box,1900-09-30,1,CHI08,R,1,CHN,SLN,1,0,1,0,1,,35,2,11,12,1,0,0,,2,,1,,3,,1,0,0,0,,0,8,1,1,1,0,0,0,0,1,0,27,43,36,4,2,10,12,2,0,0,0,5,,5,,0,2,0,0,0,0,0,0,0,0,,,1,27,48,27,16,5,0,0,2
CHN190009302,box,1900-09-30,2,CHI08,R,1,CHN,SLN,1,1,0,0,1,,20,4,7,8,1,0,0,,4,,3,,0,,0,1,0,0,,0,4,1,1,1,0,0,0,1,0,0,18,25,23,1,0,5,6,1,0,0,0,2,,3,,0,0,0,0,0,0,0,0,0,0,,,1,18,31,18,12,1,1,0,0
CHN190010010,box,1900-10-01,0,CHI08,R,1,CHN,SLN,1,1,0,0,1,,29,4,7,8,1,0,0,,2,,0,0,4,1,1,2,0,1,2,0,4,1,1,1,0,0,0,1,0,0,27,39,36,2,1,9,17,2,3,0,0,3,0,2,1,0,0,0,0,0,0,0,0,0,0,,,1,27,39,27,9,3,2,0,0
CHN190010020,box,1900-10-02,0,CHI08,R,1,CHN,SLN,1,1,0,0,1,,30,3,8,12,2,1,0,,3,,2,0,0,0,0,1,0,2,0,0,6,1,1,1,1,0,0,1,0,0,27,32,31,0,0,3,3,0,0,0,0,0,0,5,0,1,0,0,0,0,0,0,0,0,0,,,1,27,39,27,11,1,0,0,0
CHN190010071,box,1900-10-07,1,CHI08,R,1,CHN,CIN,1,1,0,0,1,,32,4,11,13,0,1,0,,3,,2,,0,,0,3,0,2,,0,8,1,1,1,0,0,0,1,0,0,27,33,31,3,2,7,9,0,1,0,0,1,,3,,0,1,0,0,0,0,0,0,0,0,,,1,27,47,27,19,1,0,0,0
CHN190010072,box,1900-10-07,2,CHI08,R,1,CHN,CIN,1,0,1,0,1,,23,2,5,8,1,1,0,,1,,2,,4,,0,0,0,2,,0,5,1,1,1,0,0,0,0,1,0,18,34,29,7,6,14,16,2,0,0,0,2,,5,,0,3,0,0,0,0,0,0,0,0,,,1,18,28,18,9,1,0,0,1
CHN190010081,box,1900-10-08,1,CHI08,R,1,CHN,CIN,1,0,1,0,1,,38,4,13,18,1,2,0,,4,,1,0,3,2,0,0,0,1,2,0,8,1,1,1,0,0,0,0,1,0,27,49,42,13,7,14,18,1,0,1,0,4,0,2,0,1,2,0,0,0,0,0,0,0,0,,,1,27,48,27,11,10,0,0,0
CHN190010082,box,1900-10-08,2,CHI08,R,1,CHN,CIN,1,0,1,0,1,,29,1,3,5,0,1,0,,0,,0,0,4,1,0,0,0,0,0,0,4,1,1,1,0,0,0,0,1,0,26,42,36,9,4,12,15,1,1,0,0,2,0,0,1,0,4,0,0,0,0,0,0,0,0,,,1,26,54,26,21,7,1,0,1
PIT190010110,box,1900-10-11,0,PIT05,R,0,CHN,PIT,1,0,1,0,1,,32,1,5,8,1,1,0,,1,,2,0,12,0,1,1,0,1,1,0,8,1,1,1,0,0,0,0,1,0,24,32,28,2,1,6,6,0,0,0,0,3,0,4,0,0,1,0,0,1,0,0,0,0,0,,,1,24,38,24,12,2,1,0,0
PIT190010120,box,1900-10-12,0,PIT05,R,0,CHN,PIT,1,0,1,0,1,,36,6,8,12,0,2,0,,5,,0,0,3,0,0,0,0,1,1,0,3,1,1,1,0,0,0,0,1,0,24,40,35,10,7,11,19,1,2,1,0,3,0,1,0,2,0,0,0,0,0,0,0,0,0,,,1,24,38,23,13,2,0,0,0
PIT190010130,box,1900-10-13,0,PIT05,R,0,CHN,PIT,1,1,0,0,1,,33,7,10,10,0,0,0,,5,,1,0,3,0,1,0,0,1,0,0,4,1,1,1,0,0,0,1,0,0,24,37,30,5,4,7,10,1,1,0,0,4,0,3,0,3,0,0,0,0,0,0,0,0,0,,,1,24,35,24,10,1,0,0,0
CIN190004190,box,1900-04-19,0,CIN05,R,1,CIN,CHN,1,0,1,0,1,,36,10,11,11,0,0,0,,8,,3,0,,0,4,2,0,5,1,0,8,1,1,0,0,0,1,0,1,0,27,44,38,13,9,16,20,2,1,0,0,5,0,3,0,0,1,0,0,0,0,0,0,0,0,,,1,27,48,27,18,3,2,0,0
CIN190004210,box,1900-04-21,0,CIN05,R,1,CIN,CHN,1,1,0,0,1,,35,4,10,14,0,2,0,,4,,2,,,,2,1,0,0,,0,11,1,1,1,0,0,0,1,0,0,27,39,33,3,3,9,10,1,0,0,0,5,,2,,0,1,0,0,0,0,0,0,0,0,,,1,27,47,27,17,3,2,0,1
CIN190004220,box,1900-04-22,0,CIN05,R,1,CIN,CHN,1,1,0,0,1,,37,7,10,11,1,0,0,,6,,1,,6,,0,0,0,0,,0,5,1,1,1,0,0,0,1,0,0,27,42,33,6,2,6,9,3,0,0,0,8,,4,,0,1,0,0,0,0,0,0,0,0,,,1,27,42,27,11,4,1,0,0
CIN190004230,box,1900-04-23,0,CIN05,R,1,CIN,PIT,1,0,1,0,1,,29,0,3,4,1,0,0,,0,,0,0,6,,1,1,0,0,,0,4,1,1,1,0,0,0,0,1,0,27,38,35,6,4,10,14,0,2,0,0,0,0,1,,1,2,0,0,0,0,0,0,0,0,,,1,27,48,27,15,6,2,0,0
CIN190004240,box,1900-04-24,0,CIN05,R,1,CIN,PIT,1,0,1,0,1,,33,3,10,12,0,1,0,,3,,2,,3,,0,0,0,3,,0,5,1,1,1,0,0,0,0,1,0,27,35,31,5,5,7,12,3,1,0,0,3,,0,,1,0,0,0,0,0,0,0,0,0,,,1,27,48,27,17,4,1,0,0
CIN190004250,box,1900-04-25,0,CIN05,R,1,CIN,PIT,1,1,0,0,1,,34,9,12,14,2,0,0,,9,,6,,,,1,1,0,0,,0,8,1,1,1,0,0,0,1,0,0,27,44,39,8,4,9,13,4,0,0,0,2,,,,3,0,0,0,1,0,0,0,0,0,,,1,27,47,27,14,6,1,1,0
PIT190004260,box,1900-04-26,0,PIT05,R,0,CIN,PIT,1,1,0,0,1,,43,12,18,22,0,2,0,,9,,2,,7,,0,1,0,4,,0,7,1,1,1,0,0,0,1,0,0,27,46,41,11,3,12,14,2,0,0,0,5,,4,,0,0,0,0,0,0,0,0,0,0,,,1,27,40,26,11,3,0,0,1
PIT190004270,box,1900-04-27,0,PIT05,R,0,CIN,PIT,1,1,0,0,1,,51,19,22,29,5,1,0,,15,,5,,2,,1,0,0,0,,0,11,1,1,0,0,0,1,1,0,0,27,41,35,5,3,6,6,0,0,0,0,6,,1,,0,0,0,0,0,0,0,0,0,0,,,1,27,51,27,19,5,2,0,2
PIT190004280,box,1900-04-28,0,PIT05,R,0,CIN,PIT,1,1,0,0,1,,39,7,13,18,5,0,0,,7,,2,,2,,0,0,0,0,,0,4,1,1,1,0,0,0,1,0,0,30,43,38,4,4,9,15,1,1,1,0,4,,1,,0,1,0,0,1,0,0,0,0,0,,,1,30,50,30,18,2,0,0,0
CIN190004290,box,1900-04-29,0,CIN05,R,1,CIN,PIT,1,0,1,0,1,,48,6,15,21,6,0,0,,6,,4,,4,,2,1,0,2,,0,16,1,1,1,0,0,0,0,1,0,33,51,46,8,2,12,13,1,0,0,0,3,,2,,1,1,0,0,0,0,0,0,0,0,,,1,33,53,33,15,5,0,0,0
CHN190005030,box,1900-05-03,0,CHI08,R,0,CIN,CHN,1,1,0,0,1,,41,11,14,21,4,0,1,,7,,2,,4,,1,1,0,3,,0,7,1,1,1,0,0,0,1,0,0,27,38,35,4,3,10,10,0,0,0,0,3,,4,,0,0,0,0,0,0,0,0,0,0,,,1,27,43,27,14,2,2,0,0
CHN190005040,box,1900-05-04,0,CHI08,R,0,CIN,CHN,1,1,0,0,1,,37,5,8,8,0,0,0,,3,,2,,5,,0,1,0,2,,0,8,1,1,1,0,0,0,1,0,0,27,39,35,3,3,10,13,3,0,0,0,3,,4,,0,1,0,0,0,0,0,0,0,0,,,1,27,40,27,12,1,0,0,0
CHN190005050,box,1900-05-05,0,CHI08,R,0,CIN,CHN,1,0,1,0,1,,34,3,9,9,0,0,0,,3,,2,0,3,0,0,0,0,0,1,0,6,1,1,1,0,0,0,0,1,0,24,36,32,4,3,10,17,4,0,1,0,2,0,1,1,1,1,0,0,0,0,0,0,0,0,,,1,24,35,24,11,0,1,0,1
SLN190005060,box,1900-05-06,0,STL05,R,0,CIN,SLN,1,1,0,0,1,,39,5,13,17,4,0,0,,5,,0,0,1,,0,2,0,0,,0,9,1,1,0,0,0,1,1,0,1,27,35,32,4,0,9,12,0,0,1,0,2,,3,,1,0,0,0,0,0,0,0,0,0,,,1,27,48,27,19,2,0,0,0
SLN190005080,box,1900-05-08,0,STL05,R,0,CIN,SLN,1,0,1,0,1,,35,8,9,13,1,0,1,,6,,6,,0,,0,1,0,0,,0,7,1,1,0,0,0,1,0,1,0,24,40,35,9,8,14,19,2,0,1,0,3,,4,,1,1,0,0,0,0,0,0,0,0,,,1,24,41,24,15,2,1,0,0
CIN190005110,box,1900-05-11,0,CIN05,R,1,CIN,PHI,1,0,1,0,1,,43,11,15,25,4,3,0,,11,,2,,,,0,0,0,2,,0,7,1,1,0,0,0,1,0,1,0,27,60,50,20,10,21,29,4,2,0,0,6,,,,2,2,0,0,0,0,0,0,0,0,,,1,27,50,27,14,9,1,0,0
CIN190005120,box,1900-05-12,0,CIN05,R,1,CIN,PHI,1,0,1,0,1,,37,5,11,15,2,1,0,,5,,4,,2,,1,0,0,0,,0,10,1,1,1,0,0,0,0,1,0,27,44,40,8,8,13,21,2,3,0,0,4,,2,,0,0,0,0,0,0,0,0,0,0,,,1,27,39,27,11,1,0,0,0
CIN190005130,box,1900-05-13,0,CIN05,R,1,CIN,PIT,1,0,1,0,1,,37,6,9,11,2,0,0,,4,,2,,5,,0,0,0,0,,0,6,1,1,0,0,0,1,0,1,0,27,43,42,7,7,14,19,3,1,0,0,1,,3,,0,0,0,0,0,0,0,0,0,0,,,1,27,40,27,10,3,0,0,0
CIN190005140,box,1900-05-14,0,CIN05,R,1,CIN,PHI,1,0,1,0,1,,35,4,10,11,1,0,0,,3,,0,0,,,1,0,0,1,,0,5,1,1,1,0,0,0,0,1,0,27,41,39,7,6,13,20,2,1,1,0,1,,,,0,1,0,0,0,0,0,0,0,0,,,1,27,40,27,10,3,0,0,0
CIN190005150,box,1900-05-15,0,CIN05,R,1,CIN,PHI,1,0,0,1,1,,48,4,13,17,0,2,0,,3,,6,,4,,0,1,0,4,,0,15,1,1,1,0,0,0,0,0,0,36,51,49,4,4,14,21,3,2,0,0,1,,7,,0,1,0,0,0,0,0,0,0,0,,,1,36,60,36,20,4,2,0,0
CIN190005160,box,1900-05-16,0,CIN05,R,1,CIN,BRO,1,0,1,0,1,,38,5,13,18,5,0,0,,5,,2,0,3,0,0,0,0,2,1,0,8,1,1,1,0,0,0,0,1,0,27,45,37,8,4,12,15,3,0,0,0,4,0,1,1,1,3,0,0,0,0,0,0,0,0,,,1,27,47,27,16,4,1,0,1
CIN190005170,box,1900-05-17,0,CIN05,R,1,CIN,BRO,1,0,1,0,1,,34,2,10,12,2,0,0,,2,,4,0,1,0,0,0,0,0,3,0,9,1,1,1,0,0,0,0,1,0,27,39,35,4,4,8,13,3,1,0,0,4,0,3,0,0,0,0,0,0,0,0,0,0,0,,,1,27,37,27,8,2,0,0,0
CIN190005200,box,1900-05-20,0,CIN05,R,1,CIN,BRO,1,1,0,0,1,,37,5,12,18,2,2,0,,5,,1,,,,0,0,0,1,,0,6,1,1,1,0,0,0,1,0,0,27,39,37,4,4,13,17,2,1,0,0,2,,,,0,0,0,0,0,0,0,0,0,0,,,1,27,43,27,14,2,1,0,0
CIN190005210,box,1900-05-21,0,CIN05,R,1,CIN,NY1,1,0,1,0,1,,26,3,3,3,0,0,0,,3,,9,1,6,1,0,2,0,0,2,0,7,1,1,1,0,0,0,0,1,0,27,34,33,4,2,8,11,1,1,0,0,1,0,3,1,0,0,0,0,0,0,0,0,0,0,,,1,27,42,27,13,2,1,0,0
CIN190005220,box,1900-05-22,0,CIN05,R,1,CIN,NY1,1,1,0,0,1,,36,8,11,18,1,3,0,,7,,6,0,0,0,0,1,0,2,2,0,8,1,1,1,0,0,0,1,0,0,27,39,35,5,2,9,10,1,0,0,0,4,0,2,1,0,0,0,0,0,0,0,0,0,0,,,1,27,42,27,11,4,3,0,0
CIN190005230,box,1900-05-23,0,CIN05,R,1,CIN,NY1,1,0,1,0,1,,35,4,6,7,1,0,0,,4,,8,0,2,0,1,0,0,0,1,0,13,1,1,0,0,0,1,0,1,0,24,45,44,15,9,18,24,4,1,0,0,1,0,7,0,0,0,0,0,0,0,0,0,0,0,,,1,24,40,24,11,5,0,0,0
CIN190005240,box,1900-05-24,0,CIN05,R,1,CIN,BSN,1,0,1,0,1,,32,2,6,9,3,0,0,,2,,2,,,,0,0,0,1,,0,5,1,1,1,0,0,0,0,1,0,27,40,37,7,6,10,14,2,1,0,0,3,,,,0,0,0,0,0,0,0,0,0,0,,,1,27,40,27,11,2,0,0,0
CIN190005250,box,1900-05-25,0,CIN05,R,1,CIN,BSN,1,1,0,0,1,,33,2,6,10,2,1,0,,2,,3,,3,,0,0,0,1,,0,5,1,1,1,0,0,0,1,0,0,30,38,38,1,0,7,8,1,0,0,0,0,0,0,,0,0,0,0,0,0,0,0,0,0,,,1,30,55,30,20,5,0,0,0
CIN190005260,box,1900-05-26,0,CIN05,R,1,CIN,BSN,1,0,1,0,1,,33,4,7,12,1,2,0,,3,,3,,2,,0,0,0,0,,0,5,1,1,1,0,0,0,0,1,0,27,44,33,9,8,8,10,2,0,0,0,9,,4,,0,2,0,0,0,1,0,0,0,0,,,1,27,41,27,13,1,0,0,0
CIN190005270,box,1900-05-27,0,CIN05,R,1,CIN,PIT,1,0,1,0,1,,34,2,7,9,0,1,0,,2,,2,,,,0,0,0,0,,0,7,1,1,0,0,0,1,0,1,0,27,43,41,10,9,15,21,2,2,0,0,1,,,,1,0,0,0,0,0,0,0,0,0,,,1,27,34,27,4,3,2,0,0
BSN190005301,box,1900-05-30,1,BOS05,R,0,CIN,BSN,1,0,1,0,1,,35,4,10,17,3,2,0,,4,,1,,9,,0,0,0,0,,0,5,1,1,1,0,0,0,0,1,0,24,39,38,8,7,16,18,2,0,0,0,1,,1,,0,0,0,0,0,0,0,0,0,0,,,1,24,49,24,21,4,2,0,0
BSN190005302,box,1900-05-30,2,BOS05,R,0,CIN,BSN,1,0,1,0,1,,37,3,9,10,1,0,0,,3,,0,0,4,,1,0,0,0,,0,8,1,1,1,0,0,0,0,1,0,24,38,32,7,7,10,10,0,0,0,0,3,,2,,3,0,0,0,1,0,0,0,0,0,,,1,24,38,24,12,2,1,0,1
BSN190005310,box,1900-05-31,0,BOS05,R,0,CIN,BSN,1,0,1,0,1,,36,1,5,6,1,0,0,,1,,2,0,0,1,0,1,0,2,0,0,5,1,1,1,0,0,0,0,1,0,32,40,36,2,2,8,9,1,0,0,0,3,0,1,0,0,1,0,0,0,0,0,0,0,0,,,1,32,46,32,11,3,1,0,0
BSN190006010,box,1900-06-01,0,BOS05,R,0,CIN,BSN,1,0,1,0,1,,32,2,7,10,1,1,0,,1,,1,0,,0,1,0,0,1,1,0,5,1,1,1,0,0,0,0,1,0,24,40,33,9,2,9,11,2,0,0,0,6,0,,0,1,0,0,0,0,0,0,0,0,0,,,1,24,35,24,8,3,0,0,2
NY1190006040,box,1900-06-04,0,NYC10,R,0,CIN,NY1,1,0,1,0,1,,34,4,8,8,0,0,0,,3,,0,0,1,3,0,0,0,0,0,0,3,1,1,0,0,0,1,0,1,0,24,35,31,7,6,11,18,1,3,0,0,4,0,3,2,0,0,0,0,0,0,0,0,0,0,,,1,24,41,24,14,3,2,0,1
NY1190006050,box,1900-06-05,0,NYC10,R,0,CIN,NY1,1,1,0,0,1,,45,14,13,20,3,2,0,,11,,2,0,,0,0,2,0,2,1,0,8,1,1,1,0,0,0,1,0,0,27,40,35,8,4,8,10,2,0,0,0,4,0,,1,1,0,0,0,0,0,0,0,0,0,,,1,27,43,27,12,4,1,0,1
NY1190006060,box,1900-06-06,0,NYC10,R,0,CIN,NY1,1,1,0,0,1,,43,11,14,18,2,1,0,,8,,5,0,2,1,1,1,0,2,2,0,12,1,1,1,0,0,0,1,0,0,27,36,31,5,4,8,10,0,1,0,0,4,0,0,0,0,1,0,0,1,0,0,0,0,0,,,1,27,47,27,15,5,3,0,0
PHI190006070,box,1900-06-07,0,PHI09,R,0,CIN,PHI,1,1,0,0,1,,41,5,12,17,1,2,0,,5,,0,0,2,0,0,0,0,3,0,0,9,1,1,1,0,0,0,1,0,0,27,36,34,1,1,8,8,0,0,0,0,1,0,5,0,1,0,0,0,0,0,0,0,0,0,,,1,27,37,27,9,1,1,0,0
PHI190006090,box,1900-06-09,0,PHI09,R,0,CIN,PHI,1,0,1,0,1,,32,3,8,13,2,0,1,,3,,4,,,,0,0,0,0,,0,6,1,1,0,0,0,1,0,1,0,24,38,35,9,6,12,19,5,1,0,0,2,,2,,0,1,0,0,0,0,0,0,0,0,,,1,24,39,24,11,4,1,0,0
PHI190006110,box,1900-06-11,0,PHI09,R,0,CIN,PHI,1,1,0,0,1,,45,13,24,30,1,1,1,,13,,2,,5,,1,1,0,5,,0,9,1,1,0,0,0,1,1,0,0,27,44,41,8,5,14,19,3,1,0,0,3,,3,,0,0,0,0,0,0,0,0,0,0,,,1,27,48,27,18,3,1,0,0
BRO190006120,box,1900-06-12,0,NYC12,R,0,CIN,BRO,1,0,1,0,1,,31,4,6,10,1,0,1,,4,,3,0,2,2,0,0,0,2,0,0,3,1,1,1,0,0,0,0,1,0,24,30,30,5,4,6,11,0,1,1,0,0,0,4,0,0,0,0,0,1,0,0,0,0,0,,,1,24,35,24,9,2,0,0,0
BRO190006130,box,1900-06-13,0,NYC12,R,0,CIN,BRO,1,0,1,0,1,,30,1,4,9,1,2,0,,1,,3,0,3,1,1,0,0,0,0,0,6,1,1,1,0,0,0,0,1,0,27,42,36,11,8,12,20,1,2,1,0,3,0,0,0,2,1,0,0,0,0,0,0,0,0,,,1,27,50,27,18,5,0,0,0
BRO190006140,box,1900-06-14,0,NYC12,R,0,CIN,BRO,1,0,1,0,1,,21,0,3,6,1,1,0,,0,,0,0,0,0,1,0,0,0,0,0,4,1,1,1,0,0,0,0,1,0,17,26,21,3,2,5,6,1,0,0,0,4,0,2,0,1,0,0,0,0,0,0,0,0,0,,,1,17,21,17,3,1,0,0,1
SLN190006160,box,1900-06-16,0,STL05,R,0,CIN,SLN,1,1,0,0,1,,44,9,15,24,3,0,2,,9,,7,,5,,0,1,0,2,,0,10,1,1,1,0,0,0,1,0,0,33,47,39,3,3,10,13,3,0,0,0,5,,7,,2,1,0,0,0,0,0,0,0,0,,,1,33,52,33,17,2,1,0,1
SLN190006170,box,1900-06-17,0,STL05,R,0,CIN,SLN,1,1,0,0,1,,40,14,18,30,2,2,2,,11,,2,,5,,2,2,0,1,,0,8,1,1,1,0,0,0,1,0,0,27,37,34,2,1,9,11,2,0,0,0,1,,3,,0,2,0,0,0,0,0,0,0,0,,,1,27,49,27,19,3,2,0,1
SLN190006180,box,1900-06-18,0,STL05,R,0,CIN,SLN,1,1,0,0,1,,44,9,16,22,0,3,0,,7,,3,,0,,0,1,0,3,,0,13,1,1,0,0,0,1,1,0,0,27,40,32,8,6,8,11,0,0,1,0,8,,2,,0,0,0,0,0,0,0,0,0,0,,,1,27,41,27,12,2,1,0,0
SLN190006190,box,1900-06-19,0,STL05,R,0,CIN,SLN,1,1,0,0,1,,35,7,13,15,0,1,0,,5,,2,,1,,0,3,0,1,,0,6,1,1,1,0,0,0,1,0,0,27,39,39,3,2,12,12,0,0,0,0,0,0,1,,0,0,0,0,0,0,0,0,0,0,,,1,27,40,27,11,2,0,0,0
CHN190006220,box,1900-06-22,0,CHI08,R,0,CIN,CHN,1,0,1,0,1,,36,4,9,12,1,1,0,,4,,1,,1,,0,0,0,1,,0,6,1,1,1,0,0,0,0,1,0,24,42,36,7,7,11,16,2,0,1,0,4,,0,,2,0,0,0,0,0,0,0,0,0,,,1,24,35,24,8,3,0,0,0
CHN190006230,box,1900-06-23,0,CHI08,R,0,CIN,CHN,1,1,0,0,1,,31,4,4,6,2,0,0,,2,,1,0,4,0,0,0,0,0,1,0,1,1,1,1,0,0,0,1,0,0,27,32,30,3,0,5,7,2,0,0,0,1,0,2,0,0,1,0,0,0,0,0,0,0,0,,,1,27,39,27,11,1,0,0,0
CHN190006240,box,1900-06-24,0,CHI08,R,0,CIN,CHN,1,1,0,0,1,,34,5,10,10,0,0,0,,4,,3,,0,,1,0,0,1,,0,6,1,1,1,0,0,0,1,0,0,27,34,31,3,1,8,11,3,0,0,0,2,,,,0,1,0,0,0,0,0,0,0,0,,,1,27,44,27,13,4,3,0,0
SLN190006250,box,1900-06-25,0,STL05,R,0,CIN,SLN,1,0,1,0,1,,29,0,2,4,0,1,0,,0,,0,0,1,,0,0,0,0,,0,2,1,1,1,0,0,0,0,1,0,24,35,29,2,1,7,7,0,0,0,0,4,,0,,2,0,0,0,0,0,0,0,0,0,,,1,24,39,24,13,2,1,0,1
SLN190006260,box,1900-06-26,0,STL05,R,0,CIN,SLN,1,1,0,0,1,,36,7,10,13,1,1,0,,7,,2,,5,,0,1,0,1,,0,8,1,1,1,0,0,0,1,0,0,27,36,35,5,5,11,14,1,1,0,0,1,,2,,0,0,0,0,0,0,0,0,0,0,,,1,27,41,27,14,0,1,0,0
SLN190006270,box,1900-06-27,0,STL05,R,0,CIN,SLN,1,1,0,0,1,,32,5,5,10,0,1,1,,4,,1,,7,,0,0,0,0,,0,1,1,1,1,0,0,0,1,0,0,27,35,33,4,4,8,10,0,1,0,0,2,,0,,0,0,0,0,0,0,0,0,0,0,,,1,27,41,27,13,1,0,0,0
CIN190006280,box,1900-06-28,0,CIN05,R,1,CIN,BSN,1,0,1,0,1,,30,2,4,7,1,1,0,,2,,2,,2,,0,0,0,0,,0,3,1,1,1,0,0,0,0,1,0,27,40,35,7,4,11,14,1,1,0,0,4,,2,,0,1,0,0,0,0,0,0,0,0,,,1,27,45,27,16,2,0,0,0
CIN190006290,box,1900-06-29,0,CIN05,R,1,CIN,BSN,1,1,0,0,1,,29,3,6,6,0,0,0,,3,,3,,,,0,0,0,2,,0,4,1,1,1,0,0,0,1,0,0,27,36,32,2,2,7,8,1,0,0,0,1,,,,1,2,0,0,0,0,0,0,0,0,,,1,27,43,27,14,2,0,0,0
CIN190006300,box,1900-06-30,0,CIN05,R,1,CIN,BSN,1,1,0,0,1,,30,4,6,13,1,0,2,,4,,1,0,0,0,0,0,0,1,2,0,3,1,1,1,1,0,0,1,0,0,27,29,29,0,0,3,3,0,0,0,0,0,0,2,0,0,0,0,0,0,0,0,0,0,0,,,1,27,36,27,9,0,1,0,0
CIN190007010,box,1900-07-01,0,CIN05,R,1,CIN,PIT,1,0,1,0,1,,34,0,6,7,1,0,0,,0,,4,,,,1,0,0,1,,0,12,1,1,1,0,0,0,0,1,0,27,44,38,6,4,10,13,1,1,0,0,5,,,,0,1,0,0,0,0,0,0,0,0,,,1,27,41,27,9,5,0,0,0
CIN190007020,box,1900-07-02,0,CIN05,R,1,CIN,NY1,1,1,0,0,1,,38,9,15,18,1,1,0,,7,,2,0,2,2,0,2,0,1,0,0,9,1,1,1,0,0,0,1,0,0,27,39,37,6,4,11,17,0,3,0,0,1,0,1,0,1,0,0,0,0,0,0,0,0,0,,,1,27,46,27,16,3,1,0,0
CIN190007030,box,1900-07-03,0,CIN05,R,1,CIN,NY1,1,1,0,0,1,,29,10,7,12,2,0,1,,9,,8,0,4,2,2,0,0,0,2,0,6,1,1,0,0,0,1,1,0,0,27,42,39,8,7,14,19,1,2,0,0,1,0,,0,0,2,0,0,0,0,0,0,0,0,,,1,27,43,27,12,4,1,0,0
CIN190007041,box,1900-07-04,1,CIN05,R,1,CIN,NY1,1,1,0,0,1,,31,8,9,10,1,0,0,,6,,1,0,1,0,2,2,0,3,1,0,4,1,1,1,0,0,0,1,0,0,27,32,32,1,0,6,7,1,0,0,0,0,0,2,0,0,0,0,0,0,0,0,0,0,0,,,1,27,43,27,14,2,0,0,0
CIN190007042,box,1900-07-04,2,CIN05,R,1,CIN,NY1,1,0,1,0,1,,38,3,8,14,1,1,1,,3,,0,0,2,0,0,0,0,2,0,0,8,1,1,0,0,0,1,0,1,0,27,39,36,6,5,14,16,2,0,0,0,2,0,1,1,0,1,0,0,1,0,0,0,0,0,,,1,27,50,27,21,2,1,0,2
CIN190007050,box,1900-07-05,0,CIN05,R,1,CIN,BRO,1,0,1,0,1,,27,0,1,1,0,0,0,,0,,2,0,6,0,1,0,0,1,1,0,3,1,1,1,0,0,0,0,1,0,27,36,35,2,2,10,13,1,1,0,0,1,0,5,1,0,0,0,0,0,0,0,0,0,0,,,1,27,45,27,18,0,2,0,0
CIN190007060,box,1900-07-06,0,CIN05,R,1,CIN,BRO,1,0,1,0,1,,29,0,1,1,0,0,0,,0,,3,0,3,0,0,0,0,0,0,0,5,1,1,1,0,0,0,0,1,0,27,43,39,10,9,14,23,2,2,1,0,3,0,2,1,0,1,0,0,1,0,0,0,0,0,,,1,27,42,27,14,1,1,0,1
CIN190007070,box,1900-07-07,0,CIN05,R,1,CIN,BRO,1,0,1,0,1,,35,5,10,13,3,0,0,,4,,6,0,,0,0,0,0,3,0,0,9,1,1,0,0,0,1,0,1,0,27,46,39,9,7,14,20,3,0,1,0,6,0,,0,1,0,0,0,0,0,0,0,0,0,,,1,27,43,27,13,3,0,0,1
CIN190007080,box,1900-07-08,0,CIN05,R,1,CIN,BRO,1,0,1,0,1,,43,3,9,10,1,0,0,,3,,6,,7,,1,4,0,3,,0,12,1,1,1,0,0,0,0,1,0,39,52,45,4,3,10,11,1,0,0,0,4,,3,,1,2,0,0,0,0,0,0,0,0,,,1,39,64,39,21,4,1,0,0
CIN190007090,box,1900-07-09,0,CIN05,R,1,CIN,PHI,1,1,0,0,1,,38,5,7,13,0,3,0,,3,,2,,1,,1,0,0,2,,0,5,1,1,1,0,0,0,1,0,0,33,45,38,4,4,8,12,0,2,0,0,7,,,,0,0,0,0,0,0,0,0,0,0,,,1,33,54,33,19,2,2,0,1
CIN190007100,box,1900-07-10,0,CIN05,R,1,CIN,PHI,1,1,0,0,1,,32,5,8,11,0,0,1,,4,,1,,,,0,0,0,1,,0,4,1,1,1,0,0,0,1,0,0,27,35,33,2,1,5,8,0,0,1,0,1,,,,1,0,0,0,0,0,0,0,0,0,,,1,27,39,27,8,4,1,0,0
CIN190007110,box,1900-07-11,0,CIN05,R,1,CIN,PHI,1,1,0,0,1,,34,7,8,13,0,1,1,,7,,2,,0,,1,2,0,2,,0,7,1,1,1,0,0,0,1,0,0,27,35,32,6,3,5,5,0,0,0,0,3,,4,,0,0,0,0,0,0,0,0,0,0,,,1,27,44,27,14,3,0,0,0
CIN190007120,box,1900-07-12,0,CIN05,R,1,CIN,PHI,1,1,0,0,1,,30,4,7,12,0,1,1,,4,,5,,2,,0,1,0,0,,0,8,1,1,1,1,0,0,1,0,0,27,28,25,0,0,0,0,0,0,0,0,2,,8,,1,0,0,0,1,0,0,0,0,0,,,1,27,40,27,12,1,1,0,0
CIN190007130,box,1900-07-13,0,CIN05,R,1,CIN,SLN,1,1,0,0,1,,32,1,6,6,0,0,0,,1,,3,0,0,0,1,1,0,1,0,0,8,1,1,1,1,0,0,1,0,0,30,36,34,0,0,5,5,0,0,0,0,1,0,4,0,0,1,0,0,0,0,0,0,0,0,,,1,30,49,30,18,1,0,0,0
CIN190007140,box,1900-07-14,0,CIN05,R,1,CIN,SLN,1,0,1,0,1,,32,1,6,8,0,1,0,,1,,1,,,,0,0,0,3,,0,5,1,1,0,0,0,1,0,1,0,27,36,31,4,3,9,12,1,1,0,0,3,,,,2,0,0,0,0,0,0,0,0,0,,,1,27,46,27,17,2,2,0,0
CIN190007150,box,1900-07-15,0,CIN05,R,1,CIN,SLN,1,1,0,0,1,,31,9,10,16,3,0,1,,8,,4,,1,,1,3,0,2,,0,6,1,1,1,1,0,0,1,0,0,27,36,33,0,0,9,11,2,0,0,0,3,,6,,0,0,0,0,1,0,0,0,0,0,,,1,27,38,27,11,0,1,0,0
NY1190007180,box,1900-07-18,0,NYC10,R,0,CIN,NY1,1,0,1,0,1,,40,9,13,17,4,0,0,,8,,1,,,,1,0,0,1,,0,6,1,1,0,0,0,1,0,1,0,24,40,34,10,6,11,16,5,0,0,0,4,,,,2,0,0,0,0,0,0,0,0,0,,,1,24,42,24,12,6,1,0,1
BRO190007190,box,1900-07-19,0,NYC12,R,0,CIN,BRO,1,0,1,0,1,,39,8,11,15,2,1,0,,5,,6,0,0,0,0,0,0,0,1,0,10,1,1,0,0,0,1,0,1,0,24,43,36,12,10,14,27,7,3,0,0,6,0,1,0,0,1,0,0,0,1,0,0,0,0,,,1,24,47,24,19,4,0,0,0
BRO190007200,box,1900-07-20,0,NYC12,R,0,CIN,BRO,1,1,0,0,1,,37,8,12,20,4,2,0,,7,,5,,2,,1,0,0,0,,0,8,1,1,1,0,0,0,1,0,0,27,42,40,7,4,14,19,1,2,0,0,2,,0,,0,0,0,0,1,0,0,0,0,0,,,1,27,41,27,12,2,2,0,0
BRO190007210,box,1900-07-21,0,NYC12,R,0,CIN,BRO,1,0,1,0,1,,41,5,13,17,4,0,0,,4,,1,0,2,0,0,0,0,2,0,0,10,1,1,1,0,0,0,0,1,0,26,34,31,6,5,8,14,1,1,1,0,2,0,1,0,0,1,0,0,0,0,0,0,0,0,,,1,26,40,26,14,0,0,0,2
PHI190007230,box,1900-07-23,0,PHI09,R,0,CIN,PHI,1,0,0,1,1,,41,4,8,11,1,1,0,,2,,4,,1,,1,1,0,2,,0,10,1,1,1,0,0,0,0,0,0,33,42,38,4,2,7,9,2,0,0,0,2,,2,,1,1,0,0,0,0,0,0,0,0,,,1,33,56,33,20,3,1,0,1
PHI190007240,box,1900-07-24,0,PHI09,R,0,CIN,PHI,1,0,1,0,1,,32,1,7,7,0,0,0,,1,,1,,1,,0,0,0,0,,0,5,1,1,1,0,0,0,0,1,0,24,36,30,3,3,9,12,1,1,0,0,5,,3,,0,1,0,0,1,0,0,0,0,0,,,1,24,34,24,10,0,0,0,1
PHI190007250,box,1900-07-25,0,PHI09,R,0,CIN,PHI,1,0,1,0,1,,34,2,9,10,1,0,0,,2,,1,,0,,1,0,0,1,,0,7,1,1,0,0,0,1,0,1,0,24,51,43,13,11,22,23,1,0,0,0,4,,3,,1,3,0,0,1,0,0,0,0,0,,,1,24,41,24,15,2,0,0,1
NY1190007270,box,1900-07-27,0,NYC10,R,0,CIN,NY1,1,0,1,0,1,,30,2,6,8,0,1,0,,1,,2,0,,0,0,1,0,0,2,0,4,1,1,1,0,0,0,0,1,0,24,32,29,4,4,10,11,1,0,0,0,2,0,,0,0,1,0,0,0,0,0,0,0,0,,,1,24,42,24,17,1,1,0,0
NY1190007280,box,1900-07-28,0,NYC10,R,0,CIN,NY1,1,0,1,0,1,,31,2,6,6,0,0,0,,2,,2,0,5,0,0,0,0,0,1,0,4,1,1,1,0,0,0,0,1,0,26,35,32,3,1,6,7,1,0,0,0,2,0,4,0,1,0,0,0,0,0,0,0,0,0,,,1,26,39,26,11,2,0,0,0
BSN190007300,box,1900-07-30,0,BOS05,R,0,CIN,BSN,1,1,0,0,1,,40,4,9,12,3,0,0,,2,,3,,,,0,1,0,3,,0,7,1,1,1,0,0,0,1,0,0,33,45,41,3,3,9,12,0,0,1,0,4,,,,0,0,0,0,0,0,0,0,0,0,,,1,33,50,33,16,1,1,0,1
BSN190007310,box,1900-07-31,0,BOS05,R,0,CIN,BSN,1,0,1,0,1,,37,9,10,24,1,2,3,,7,,2,,1,,0,1,0,0,,0,4,1,1,0,0,0,1,0,1,0,24,40,35,11,8,13,21,0,1,2,0,4,,3,,1,0,0,0,0,0,0,0,0,0,,,1,24,37,24,10,3,1,0,0
BSN190008010,box,1900-08-01,0,BOS05,R,0,CIN,BSN,1,0,1,0,1,,38,2,9,10,1,0,0,,2,,3,0,5,0,0,1,0,1,1,0,7,1,1,1,0,0,0,0,1,0,32,40,33,3,2,5,7,2,0,0,0,2,0,0,1,2,3,0,0,0,0,0,0,0,0,,,1,32,53,32,18,3,2,0,0
CIN190008040,box,1900-08-04,0,CIN05,R,1,CIN,BSN,1,0,1,0,1,,28,0,4,4,0,0,0,,0,,2,0,3,1,0,1,0,2,1,0,4,1,1,1,0,0,0,0,1,0,27,35,32,2,0,8,9,1,0,0,0,2,0,2,2,0,1,0,0,0,0,0,0,0,0,,,1,27,44,26,16,2,2,0,1
CIN190008050,box,1900-08-05,0,CIN05,R,1,CIN,PIT,1,1,0,0,1,,25,3,6,6,0,0,0,,2,,1,,4,,1,3,0,2,,0,3,1,1,1,0,0,0,1,0,0,27,32,31,1,1,8,10,2,0,0,0,1,,3,,0,0,0,0,0,0,0,0,0,0,,,1,27,41,27,14,0,1,0,0
CIN190008061,box,1900-08-06,1,CIN05,R,1,CIN,BSN,1,0,1,0,1,,33,1,5,7,2,0,0,,0,,0,0,8,,1,2,0,0,,0,2,1,1,1,0,0,0,0,1,0,33,44,39,4,4,11,19,0,1,2,0,2,,1,,0,3,0,0,0,0,0,0,0,0,,,1,33,51,33,18,0,1,0,0
CIN190008062,box,1900-08-06,2,CIN05,R,1,CIN,BSN,1,0,1,0,1,,31,3,6,9,0,0,1,,3,,3,,1,,1,0,0,1,,0,5,1,1,1,0,0,0,0,1,0,27,37,33,4,3,8,9,1,0,0,0,3,,5,,0,1,0,0,0,0,0,0,0,0,,,1,27,46,27,16,3,1,0,0
CIN190008070,box,1900-08-07,0,CIN05,R,1,CIN,BSN,1,1,0,0,1,,28,3,7,12,0,1,1,,3,,2,,0,,0,0,0,0,,0,3,1,1,1,1,0,0,1,0,0,27,36,31,0,0,6,6,0,0,0,0,5,,1,,0,0,0,0,0,0,0,0,0,0,,,1,27,41,27,12,2,2,0,0
CIN190008090,box,1900-08-09,0,CIN05,R,1,CIN,NY1,1,0,1,0,1,,32,2,7,8,1,0,0,,1,,0,0,1,0,0,1,0,1,0,0,4,1,1,1,0,0,0,0,1,0,27,35,34,5,5,12,20,2,3,0,0,1,0,1,0,0,0,0,0,0,0,0,0,0,0,,,1,27,47,27,20,0,0,0,0
CIN190008110,box,1900-08-11,0,CIN05,R,1,CIN,NY1,1,0,1,0,1,,29,0,3,3,0,0,0,,0,,1,0,,0,0,0,0,0,0,0,3,1,1,1,0,0,0,0,1,0,27,35,34,1,1,9,12,1,1,0,0,1,0,,0,0,0,0,0,1,0,0,0,0,0,,,1,27,44,27,16,1,2,0,0
CIN190008130,box,1900-08-13,0,CIN05,R,1,CIN,BRO,1,1,0,0,1,,30,4,7,11,1,0,1,,4,,2,,2,,0,1,0,4,,0,5,1,1,1,1,0,0,1,0,0,27,33,29,0,0,5,5,0,0,0,0,3,,2,,0,1,0,0,0,0,0,0,0,0,,,1,27,46,27,18,1,0,0,1
CIN190008151,box,1900-08-15,1,CIN05,R,1,CIN,BRO,1,0,1,0,1,,36,2,10,10,0,0,0,,1,,1,0,4,0,0,1,0,5,0,0,9,1,1,1,0,0,0,0,1,0,27,36,34,3,2,7,8,1,0,0,0,1,0,4,0,0,1,0,0,0,1,0,0,0,0,,,1,27,47,27,16,4,0,0,0
CIN190008152,box,1900-08-15,2,CIN05,R,1,CIN,BRO,1,0,0,1,1,,21,4,9,11,0,1,0,,4,,2,,1,,0,2,0,0,,0,3,1,1,1,0,0,0,0,0,0,18,27,23,4,4,5,6,1,0,0,0,3,,2,,1,0,0,0,0,0,0,0,0,0,,,1,18,25,18,7,0,0,0,0
CIN190008160,box,1900-08-16,0,CIN05,R,1,CIN,PHI,1,1,0,0,1,,36,6,11,15,4,0,0,,6,,3,,4,,0,0,0,0,,0,9,1,1,1,0,0,0,1,0,0,27,41,33,3,3,9,16,3,2,0,0,6,,2,,1,1,0,0,0,0,0,0,0,0,,,1,27,40,27,12,1,0,0,0
CIN190008170,box,1900-08-17,0,CIN05,R,1,CIN,PHI,1,1,0,0,1,,39,5,15,19,4,0,0,,4,,1,,,,1,2,0,2,,0,7,1,1,0,0,0,1,1,0,0,33,44,37,4,3,9,10,1,0,0,0,3,,,,0,4,0,0,0,0,0,0,0,0,,,1,33,61,33,26,2,1,0,1
CIN190008180,box,1900-08-18,0,CIN05,R,1,CIN,PHI,1,1,0,0,1,,29,3,6,9,1,1,0,,3,,0,0,1,,0,0,0,1,,0,2,1,1,1,1,0,0,1,0,0,27,30,30,0,0,4,6,0,1,0,0,0,0,2,,0,0,0,0,0,0,0,0,0,0,,,1,27,39,27,12,0,1,0,0
SLN190008190,box,1900-08-19,0,STL05,R,0,CIN,SLN,1,1,0,0,1,,35,8,12,14,2,0,0,,5,,1,,5,,1,5,0,1,,0,7,1,1,1,0,0,0,1,0,0,27,41,39,5,3,11,15,0,2,0,0,2,,2,,0,0,0,0,1,0,0,0,0,0,,,1,27,49,27,20,2,0,0,0
SLN190008200,box,1900-08-20,0,STL05,R,0,CIN,SLN,1,1,0,0,1,,43,15,20,37,3,4,2,,14,,1,,4,,0,2,0,3,,0,4,1,1,1,0,0,0,1,0,0,27,49,42,7,5,16,24,3,1,1,0,6,,0,,0,1,0,0,0,0,0,0,0,0,,,1,27,42,27,14,1,0,0,0
SLN190008210,box,1900-08-21,0,STL05,R,0,CIN,SLN,1,0,1,0,1,,39,8,13,19,2,2,0,,5,,6,,0,,1,3,0,0,,0,14,1,1,0,0,0,1,0,1,0,24,37,34,9,9,14,19,0,1,1,0,2,,3,,1,0,0,0,0,0,0,0,0,0,,,1,24,39,24,13,2,1,0,2
PIT190008230,box,1900-08-23,0,PIT05,R,0,CIN,PIT,1,1,0,0,1,,34,3,10,12,0,1,0,,3,,1,,10,,0,0,0,2,,0,5,1,1,1,0,0,0,1,0,0,27,34,32,2,2,8,8,0,0,0,0,1,,1,,1,0,0,0,0,0,0,0,0,0,,,1,27,44,27,17,0,3,0,1
PIT190008240,box,1900-08-24,0,PIT05,R,0,CIN,PIT,1,1,0,0,1,,38,11,12,20,1,2,1,,8,,5,,8,,1,1,0,2,,0,7,1,1,1,0,0,0,1,0,0,27,37,37,2,2,10,12,2,0,0,0,0,0,3,,0,0,0,0,0,0,0,0,0,0,,,1,27,34,27,7,0,0,0,0
PIT190008250,box,1900-08-25,0,PIT05,R,0,CIN,PIT,1,0,1,0,1,,37,5,10,11,1,0,0,,4,,2,0,1,0,1,2,0,2,1,0,7,1,1,1,0,0,0,0,1,0,29,40,35,6,4,6,7,1,0,0,0,4,0,0,0,0,1,0,0,2,0,0,0,0,0,,,1,29,53,29,21,3,1,0,0
CIN190008260,box,1900-08-26,0,CIN05,R,1,CIN,PIT,1,1,0,0,1,,24,1,3,3,0,0,0,,1,,1,,3,,0,2,0,0,,0,2,1,1,1,1,0,0,1,0,0,27,32,30,0,0,6,7,1,0,0,0,1,,7,,0,1,0,0,0,0,0,0,0,0,,,1,27,41,27,14,0,0,0,0
CHN190008300,box,1900-08-30,0,CHI08,R,0,CIN,CHN,1,0,0,1,1,,48,3,9,10,1,0,0,,2,,2,,4,,0,0,0,1,,0,8,1,1,1,0,0,0,0,0,0,39,48,46,3,0,9,11,2,0,0,0,1,,6,,0,1,0,0,1,0,0,0,0,0,,,1,39,63,39,21,3,0,0,0
CHN190008310,box,1900-08-31,0,CHI08,R,0,CIN,CHN,1,1,0,0,1,,42,11,12,14,0,1,0,,5,,1,0,2,0,0,1,0,4,2,0,6,1,1,1,0,0,0,1,0,0,27,33,30,1,0,4,4,0,0,0,0,3,0,4,0,0,0,0,0,1,0,0,0,0,0,,,1,27,42,27,13,2,0,0,2
CHN190009011,box,1900-09-01,1,CHI08,R,0,CIN,CHN,1,0,1,0,1,,28,1,3,3,0,0,0,,1,,3,0,5,0,2,0,0,2,1,0,5,1,1,1,0,0,0,0,1,0,25,33,30,2,1,6,8,2,0,0,0,1,0,5,0,1,1,0,0,1,0,0,0,0,0,,,1,25,35,25,9,1,1,0,0
CHN190009012,box,1900-09-01,2,CHI08,R,0,CIN,CHN,1,0,1,0,1,,33,4,8,9,1,0,0,,3,,1,,3,,1,2,0,3,,0,6,1,1,1,0,0,0,0,1,0,24,35,33,6,2,7,9,2,0,0,0,0,0,3,,1,1,0,0,0,0,0,0,0,0,,,1,24,35,24,8,3,0,0,0
NY1190009031,box,1900-09-03,1,NYC10,R,0,CIN,NY1,1,1,0,0,1,,41,10,13,14,1,0,0,,7,,1,0,0,1,0,0,0,3,1,0,5,1,1,1,0,0,0,1,0,0,27,43,35,4,2,9,9,0,0,0,0,6,0,2,0,0,2,0,0,0,0,0,0,0,0,,,1,27,42,27,13,2,1,0,1
NY1190009032,box,1900-09-03,2,NYC10,R,0,CIN,NY1,1,0,1,0,1,,29,6,11,13,2,0,0,,6,,2,0,0,1,0,0,0,1,0,0,7,1,1,1,0,0,0,0,1,0,15,32,27,11,11,14,15,1,0,0,0,2,0,1,0,2,1,0,0,0,0,0,0,0,0,,,1,15,29,15,10,4,0,0,0
NY1190009041,box,1900-09-04,1,NYC10,R,0,CIN,NY1,1,0,1,0,1,,30,3,8,9,1,0,0,,2,,2,0,4,1,0,2,0,1,1,0,4,1,1,1,0,0,0,0,1,0,24,32,27,4,3,9,10,1,0,0,0,1,0,1,0,1,3,0,0,0,0,0,0,0,0,,,1,24,45,24,20,1,0,0,0
NY1190009042,box,1900-09-04,2,NYC10,R,0,CIN,NY1,1,0,1,0,1,,38,5,11,12,1,0,0,,4,,3,0,3,0,1,0,0,0,2,0,10,1,1,0,0,0,1,0,1,0,24,44,38,11,10,16,23,5,1,0,0,6,0,2,1,0,0,0,0,0,0,0,0,0,0,,,1,24,44,24,17,3,1,0,0
NY1190009050,box,1900-09-05,0,NYC10,R,0,CIN,NY1,1,0,1,0,1,,32,3,10,11,1,0,0,,3,,1,0,,0,0,0,0,1,0,0,9,1,1,0,0,0,1,0,1,0,18,36,31,11,8,12,14,2,0,0,0,4,0,,0,1,0,0,0,0,0,0,0,0,0,,,1,18,29,18,8,3,0,0,0
BSN190009060,box,1900-09-06,0,BOS05,R,0,CIN,BSN,1,0,1,0,1,,30,0,8,8,0,0,0,,0,,2,0,2,0,0,0,0,0,1,0,8,1,1,1,0,0,0,0,1,0,21,33,33,5,3,11,17,0,0,2,0,0,0,0,1,0,0,0,0,0,0,0,0,0,0,,,1,21,41,21,14,6,1,0,1
BSN190009070,box,1900-09-07,0,BOS05,R,0,CIN,BSN,1,1,0,0,1,,35,6,11,16,2,0,1,,5,,4,0,4,0,1,2,0,2,2,0,9,1,1,0,0,0,1,1,0,1,27,41,38,5,4,13,16,0,0,1,0,1,0,4,0,0,2,0,0,1,0,0,0,0,0,,,1,27,39,27,10,2,0,0,0
BSN190009080,box,1900-09-08,0,BOS05,R,0,CIN,BSN,1,1,0,0,1,,42,2,7,8,1,0,0,,2,,0,0,7,0,0,0,0,0,0,0,7,1,1,1,0,0,0,1,0,0,33,38,37,1,0,8,12,4,0,0,0,1,0,6,0,0,0,0,0,0,0,0,0,0,0,,,1,33,48,33,12,3,1,0,0
BRO190009110,box,1900-09-11,0,NYC12,R,0,CIN,BRO,1,0,0,1,1,,39,6,14,23,4,1,1,,6,,2,,,,0,0,0,0,,0,8,1,1,1,0,0,0,0,0,0,27,42,34,6,5,7,8,1,0,0,0,7,,,,0,1,0,0,0,0,0,0,0,0,,,1,27,45,27,16,2,1,0,0
BRO190009120,box,1900-09-12,0,NYC12,R,0,CIN,BRO,1,0,1,0,1,,26,4,8,9,1,0,0,,2,,4,,0,,0,0,0,3,,0,5,1,1,1,0,0,0,0,1,0,20,32,27,6,5,10,13,3,0,0,0,5,,0,,0,0,0,0,0,0,0,0,0,0,,,1,20,28,20,7,1,1,0,0
BRO190009131,box,1900-09-13,1,NYC12,R,0,CIN,BRO,1,0,1,0,1,,34,2,10,13,1,1,0,,2,,2,0,1,1,0,0,0,0,1,0,7,1,1,1,0,0,0,0,1,0,24,37,32,7,3,12,15,3,0,0,0,4,0,2,0,0,1,0,0,0,0,0,0,0,0,,,1,24,47,24,17,6,1,0,2
BRO190009132,box,1900-09-13,2,NYC12,R,0,CIN,BRO,1,0,1,0,1,,33,9,12,13,1,0,0,,9,,1,,1,,1,0,0,0,,0,5,1,1,1,0,0,0,0,1,0,18,36,31,13,7,11,21,3,2,1,0,3,,,,0,2,0,0,0,0,0,0,0,0,,,1,18,40,18,14,8,1,0,1
BRO190009140,box,1900-09-14,0,NYC12,R,0,CIN,BRO,1,1,0,0,1,,32,2,9,9,0,0,0,,1,,2,,1,,0,0,0,0,,0,8,1,1,1,1,0,0,1,0,0,24,29,26,0,0,6,6,0,0,0,0,3,,1,,0,0,0,0,0,0,0,0,0,0,,,1,24,37,24,12,1,2,0,0
PHI190009150,box,1900-09-15,0,PHI09,R,0,CIN,PHI,1,0,1,0,1,,46,5,13,16,3,0,0,,5,,5,,5,,0,1,0,3,,0,11,1,1,0,0,0,1,0,1,0,34,50,45,6,6,12,15,3,0,0,0,4,,,,0,1,0,0,0,0,0,0,0,0,,,1,34,51,34,16,1,0,0,0
PHI190009171,box,1900-09-17,1,PHI09,R,0,CIN,PHI,1,0,1,0,1,,35,2,8,11,0,0,1,,2,,1,,3,,0,0,0,1,,0,7,1,1,1,0,0,0,0,1,0,24,31,27,4,4,7,10,1,1,0,0,2,,3,,1,1,0,0,0,0,0,0,0,0,,,1,24,36,24,12,0,0,0,0
PHI190009172,box,1900-09-17,2,PHI09,R,0,CIN,PHI,1,0,1,0,1,,27,1,3,3,0,0,0,,1,,3,,1,,0,1,0,0,,0,3,1,1,1,0,0,0,0,1,0,24,36,33,4,1,11,14,1,1,0,0,3,,2,,0,0,0,0,0,0,0,0,0,0,,,1,24,38,24,13,1,1,0,1
PHI190009180,box,1900-09-18,0,PHI09,R,0,CIN,PHI,1,0,1,0,1,,37,4,12,13,1,0,0,,4,,4,,2,,0,1,0,2,,0,11,1,1,1,0,0,0,0,1,0,24,43,33,6,2,9,9,0,0,0,0,7,,3,,2,1,0,0,0,0,0,0,0,0,,,1,24,36,24,10,2,0,0,1
PHI190009190,box,1900-09-19,0,PHI09,R,0,CIN,PHI,1,0,1,0,1,,38,7,12,15,3,0,0,,6,,1,,3,,0,1,0,2,,0,6,1,1,1,0,0,0,0,1,0,24,36,29,8,5,9,14,1,2,0,0,2,,0,,1,4,0,0,0,0,0,0,0,0,,,1,24,40,24,11,5,0,0,0
CIN190009210,box,1900-09-21,0,CIN05,R,1,CIN,CHN,1,1,0,0,1,,30,6,7,7,0,0,0,,3,,1,0,3,0,0,2,0,3,0,0,3,1,1,1,0,0,0,1,0,0,27,32,29,3,3,4,4,0,0,0,0,1,0,,1,0,2,0,0,0,0,0,0,0,0,,,1,27,38,27,11,0,1,0,0
CIN190009220,box,1900-09-22,0,CIN05,R,1,CIN,CHN,1,0,1,0,1,,34,4,9,12,1,1,0,,4,,3,0,,0,1,1,0,2,1,0,8,1,1,1,0,0,0,0,1,0,27,36,31,5,5,6,10,2,1,0,0,3,0,,0,1,1,0,0,1,0,0,0,0,0,,,1,27,44,27,16,1,0,0,0
CIN190009231,box,1900-09-23,1,CIN05,R,1,CIN,CHN,1,0,1,0,1,,35,4,6,8,0,1,0,,4,,1,,0,,0,0,0,1,,0,5,1,1,1,0,0,0,0,1,0,27,42,36,6,3,9,12,3,0,0,0,3,,6,,0,3,0,0,0,0,0,0,0,0,,,1,27,49,27,18,4,0,0,1
CIN190009232,box,1900-09-23,2,CIN05,R,1,CIN,CHN,1,0,1,0,1,,25,1,3,6,1,1,0,,1,,2,,,,1,1,0,0,,0,4,1,1,1,0,0,0,0,1,0,24,38,32,8,6,12,16,2,1,0,0,3,,2,,1,2,0,0,0,0,0,0,0,0,,,1,24,43,24,17,2,2,0,0
PIT190009260,box,1900-09-26,0,PIT05,R,0,CIN,PIT,1,1,0,0,1,,36,6,10,13,0,0,1,,6,,3,,1,,1,1,0,3,,0,8,1,1,1,0,0,0,1,0,0,27,38,35,4,1,8,9,1,0,0,0,2,,,,0,1,0,0,1,0,0,0,0,0,,,1,27,46,27,15,4,0,0,0
PIT190009270,box,1900-09-27,0,PIT05,R,0,CIN,PIT,1,1,0,0,1,,33,4,7,9,0,1,0,,4,,1,,4,,0,1,0,4,,0,4,1,1,1,0,0,0,1,0,0,27,34,30,1,1,7,10,1,1,0,0,4,,1,,0,0,0,0,1,0,0,0,0,0,,,1,27,48,27,20,1,1,0,0
PIT190009280,box,1900-09-28,0,PIT05,R,0,CIN,PIT,1,0,1,0,1,,33,1,7,7,0,0,0,,1,,3,,5,,0,0,0,1,,0,8,1,1,1,0,0,0,0,1,0,24,36,33,8,7,11,18,1,3,0,0,3,,2,,0,0,0,0,1,0,0,0,0,0,,,1,24,44,24,18,2,0,0,0
PIT190009290,box,1900-09-29,0,PIT05,R,0,CIN,PIT,1,1,0,0,1,,34,2,7,11,2,1,0,,2,,0,0,3,,0,0,0,0,,0,5,1,1,1,0,0,0,1,0,0,27,39,32,1,0,5,6,1,0,0,0,5,,5,,1,1,0,0,0,0,0,0,0,0,,,1,27,40,27,12,1,0,0,1
CIN190009300,box,1900-09-30,0,CIN05,R,1,CIN,PIT,1,1,0,0,1,,32,4,6,7,1,0,0,,3,,2,,,,0,0,0,3,,0,4,1,1,1,0,0,0,1,0,0,27,35,33,3,2,9,15,2,2,0,0,1,,,,0,1,0,0,0,0,0,0,0,0,,,1,27,45,27,17,1,1,0,0
CIN190010030,box,1900-10-03,0,CIN05,R,1,CIN,SLN,1,1,0,0,1,,39,12,16,26,3,2,1,,11,,1,,,,0,0,0,1,,0,4,1,1,0,0,0,1,1,0,0,27,44,36,6,6,11,12,1,0,0,0,7,,,,0,1,0,0,0,0,0,0,0,0,,,1,27,43,27,14,2,0,0,1
CIN190010040,box,1900-10-04,0,CIN05,R,1,CIN,SLN,1,0,1,0,1,,32,1,11,11,0,0,0,,1,,0,0,2,,0,1,0,1,,0,5,1,1,1,0,0,0,0,1,0,27,36,32,2,2,8,8,0,0,0,0,3,,4,,0,1,0,0,0,0,0,0,0,0,,,1,27,44,27,17,0,0,0,0
CIN190010050,box,1900-10-05,0,CIN05,R,1,CIN,SLN,1,0,1,0,1,,34,1,8,8,0,0,0,,1,,2,,1,,0,0,0,0,,0,8,1,1,1,0,0,0,0,1,0,27,39,36,6,6,10,22,1,1,3,0,3,,6,,0,0,0,0,0,0,0,0,0,0,,,1,27,48,27,20,1,0,0,0
CHN190010071,box,1900-10-07,1,CHI08,R,0,CIN,CHN,1,0,1,0,1,,31,3,7,9,0,1,0,,3,,1,,3,,0,1,0,2,,0,3,1,1,1,0,0,0,0,1,0,25,37,32,4,4,11,13,0,1,0,0,2,,0,,0,3,0,0,0,0,0,0,0,0,,,1,25,44,25,18,1,1,0,0
CHN190010072,box,1900-10-07,2,CHI08,R,0,CIN,CHN,1,1,0,0,1,,29,7,14,16,2,0,0,,7,,2,,5,,0,3,0,1,,0,9,1,1,1,0,0,0,1,0,0,18,25,23,2,1,5,8,1,1,0,0,2,,4,,0,0,0,0,0,0,0,0,0,0,,,1,18,26,18,7,1,0,0,0
CHN190010081,box,1900-10-08,1,CHI08,R,0,CIN,CHN,1,1,0,0,1,,42,13,14,18,1,0,1,,11,,4,0,2,0,1,2,0,2,0,0,9,1,1,1,0,0,0,1,0,0,27,39,38,4,4,13,18,1,2,0,0,1,0,3,2,0,0,0,0,0,0,0,0,0,0,,,1,27,46,27,16,3,2,0,0
CHN190010082,box,1900-10-08,2,CHI08,R,0,CIN,CHN,1,1,0,0,1,,36,9,12,15,1,1,0,,5,,2,0,0,1,0,4,0,4,1,0,7,1,1,1,0,0,0,1,0,0,24,29,29,1,1,3,5,0,1,0,0,0,0,4,1,0,0,0,0,0,0,0,0,0,0,,,1,24,40,24,13,3,1,0,0
SLN190010130,box,1900-10-13,0,STL05,R,0,CIN,SLN,1,0,1,0,1,,39,2,10,10,0,0,0,,1,,0,0,4,,0,0,0,0,,0,10,1,1,1,0,0,0,0,1,0,24,36,34,3,2,10,12,0,1,0,0,1,,5,,0,1,0,0,0,0,0,0,0,0,,,1,24,41,24,14,3,0,0,0
SLN190010140,box,1900-10-14,0,STL05,R,0,CIN,SLN,1,0,1,0,1,,32,0,5,6,1,0,0,,0,,0,0,2,,1,0,0,0,,0,6,1,1,1,0,0,0,0,1,0,24,35,33,7,6,16,23,2,1,1,0,2,,1,,0,0,0,0,0,0,0,0,0,0,,,1,24,43,24,18,1,1,0,1
NY1190004190,box,1900-04-19,0,NYC10,R,1,NY1,BRO,1,0,1,0,1,,30,2,9,10,1,0,0,,2,,1,0,7,0,0,3,0,0,4,0,5,1,1,1,0,0,0,0,1,0,27,36,33,3,3,7,8,1,0,0,0,1,0,2,1,2,0,0,0,0,0,0,0,0,0,,,1,27,42,27,14,1,1,0,0
NY1190004200,box,1900-04-20,0,NYC10,R,1,NY1,BRO,1,1,0,0,1,,35,12,14,15,1,0,0,,10,,5,0,3,0,1,0,0,3,1,0,6,1,1,0,0,0,1,1,0,0,24,38,30,8,4,7,7,0,0,0,0,5,0,2,0,2,1,0,0,1,0,0,0,0,0,,,1,24,45,24,17,4,1,0,1
BRO190004210,box,1900-04-21,0,NYC12,R,0,NY1,BRO,1,0,1,0,1,,32,2,8,9,1,0,0,,2,,5,0,1,0,1,0,0,0,3,0,9,1,1,1,0,0,0,0,1,0,24,36,32,5,3,9,11,2,0,0,0,2,0,2,0,1,1,0,0,0,0,0,0,0,0,,,1,24,47,24,18,5,1,0,0
NY1190004240,box,1900-04-24,0,NYC10,R,1,NY1,BSN,1,1,0,0,1,,32,4,8,9,1,0,0,,2,,0,0,4,0,1,0,0,5,1,0,5,1,1,1,0,0,0,1,0,0,27,39,35,3,2,10,12,2,0,0,0,2,0,2,1,0,2,0,0,0,0,0,0,0,0,,,1,27,41,27,12,2,1,0,0
NY1190004250,box,1900-04-25,0,NYC10,R,1,NY1,BSN,1,0,1,0,1,,34,8,9,11,2,0,0,,3,,6,0,3,0,2,0,0,2,1,0,7,1,1,1,0,0,0,0,1,0,27,46,39,9,8,16,23,2,1,1,0,6,0,6,1,0,1,0,0,1,0,0,0,0,0,,,1,27,38,27,10,1,2,0,1
NY1190004260,box,1900-04-26,0,NYC10,R,1,NY1,BSN,1,0,0,1,1,,32,10,6,14,1,2,1,,10,,7,0,4,0,1,0,0,1,0,0,3,1,1,1,0,0,0,0,0,0,27,45,41,10,7,16,19,3,0,0,0,2,0,3,0,0,2,0,0,0,0,0,0,0,0,,,1,27,42,27,11,4,1,0,0
NY1190004270,box,1900-04-27,0,NYC10,R,1,NY1,BSN,1,1,0,0,1,,35,8,13,16,3,0,0,,8,,6,0,3,0,1,2,0,5,0,0,12,1,1,0,0,0,1,1,0,0,27,36,30,4,4,5,6,1,0,0,0,3,0,1,0,2,1,0,0,0,0,0,0,0,0,,,1,27,45,27,16,2,1,0,0
PHI190004280,box,1900-04-28,0,PHI09,R,0,NY1,PHI,1,0,1,0,1,,33,1,9,12,3,0,0,,1,,2,0,,1,3,0,0,0,1,0,10,1,1,1,0,0,0,0,1,0,24,52,41,19,13,17,25,4,2,0,0,5,0,1,0,3,3,0,0,0,0,0,0,0,0,,,1,24,47,24,18,5,0,0,0
PHI190004300,box,1900-04-30,0,PHI09,R,0,NY1,PHI,1,0,1,0,1,,46,13,16,20,2,1,0,,13,,4,0,1,0,1,1,0,6,3,0,9,1,1,0,0,0,1,0,1,0,28,52,43,14,9,17,21,2,1,0,0,6,0,1,0,2,1,0,0,0,0,0,0,0,0,,,1,28,50,28,15,7,2,0,0
NY1190005010,box,1900-05-01,0,NYC10,R,1,NY1,PHI,1,0,1,0,1,,39,8,16,18,2,0,0,,6,,2,0,2,0,0,0,0,2,1,0,6,1,1,1,0,0,0,0,1,0,27,50,44,11,7,17,25,4,2,0,0,4,0,3,1,1,1,0,0,1,0,0,0,0,0,,,1,27,46,27,15,4,1,0,0
NY1190005020,box,1900-05-02,0,NYC10,R,1,NY1,PHI,1,0,1,0,1,,36,5,9,14,2,0,1,,5,,0,0,0,0,0,1,0,1,0,0,5,1,1,1,0,0,0,0,1,0,27,43,40,7,4,16,17,1,0,0,0,2,0,0,0,0,1,0,0,0,0,0,0,0,0,,,1,27,48,27,19,2,1,0,0
BRO190005030,box,1900-05-03,0,NYC12,R,0,NY1,BRO,1,0,1,0,1,,28,4,8,11,1,1,0,,4,,3,0,2,0,0,0,0,3,1,0,6,1,1,1,0,0,0,0,1,0,19,30,24,6,4,7,9,2,0,0,0,3,0,2,1,3,0,0,0,0,0,0,0,0,0,,,1,19,32,19,10,3,1,0,0
NY1190005040,box,1900-05-04,0,NYC10,R,1,NY1,BRO,1,1,0,0,1,,29,6,9,10,1,0,0,,6,,5,0,1,0,1,0,0,4,2,0,5,1,1,1,0,0,0,1,0,0,27,38,35,5,2,10,11,1,0,0,0,2,0,0,0,1,0,0,0,0,0,0,0,0,0,,,1,27,42,27,12,3,2,0,0
BRO190005050,box,1900-05-05,0,NYC12,R,0,NY1,BRO,1,1,0,0,1,,34,5,8,9,1,0,0,,2,,3,0,5,0,1,1,0,1,0,0,7,1,1,1,0,0,0,1,0,0,27,37,31,3,3,8,9,1,0,0,0,5,0,4,0,0,1,0,0,2,0,0,0,0,0,,,1,27,51,27,24,0,0,0,0
BSN190005070,box,1900-05-07,0,BOS05,R,0,NY1,BSN,1,0,1,0,1,,40,11,13,16,3,0,0,,10,,9,0,2,0,0,0,0,0,0,0,11,1,1,0,0,0,1,0,1,0,24,50,39,18,14,18,29,2,3,1,0,9,0,1,0,1,1,0,0,1,0,0,0,0,0,,,1,24,41,24,14,3,2,0,0
BSN190005080,box,1900-05-08,0,BOS05,R,0,NY1,BSN,1,1,0,0,1,,39,13,15,19,1,0,1,,8,,5,0,4,0,0,2,0,5,2,0,6,1,1,1,0,0,0,1,0,0,27,40,36,4,4,11,17,3,0,1,0,3,0,2,0,0,1,0,0,0,0,0,0,0,0,,,1,27,39,27,11,1,1,0,0
CHN190005120,box,1900-05-12,0,CHI08,R,0,NY1,CHN,1,0,1,0,1,,32,3,8,10,2,0,0,,2,,6,0,1,2,1,0,0,1,1,0,9,1,1,0,0,0,1,0,1,0,24,45,35,13,7,12,16,1,0,1,0,8,0,2,1,2,0,0,0,1,0,0,0,0,0,,,1,24,49,24,18,7,2,0,1
CHN190005130,box,1900-05-13,0,CHI08,R,0,NY1,CHN,1,0,1,0,1,,36,9,14,21,3,2,0,,7,,2,,4,,0,3,0,2,,0,5,1,1,0,0,0,1,0,1,0,26,48,39,10,5,13,15,0,1,0,0,7,,0,,0,2,0,0,0,0,0,0,0,0,,,1,26,50,26,17,7,1,0,0
CHN190005140,box,1900-05-14,0,CHI08,R,0,NY1,CHN,1,0,1,0,1,,30,0,4,7,3,0,0,,0,,3,0,,0,2,1,0,1,0,0,9,1,1,1,0,0,0,0,1,0,24,35,33,4,2,10,11,1,0,0,0,1,0,3,0,0,1,0,0,0,0,0,0,0,0,,,1,24,39,24,12,3,0,0,0
CHN190005150,box,1900-05-15,0,CHI08,R,0,NY1,CHN,1,0,1,0,1,,36,8,11,12,1,0,0,,5,,8,0,0,0,0,1,0,5,1,0,10,1,1,0,0,0,1,0,1,0,24,44,30,10,10,7,10,0,0,1,0,12,0,2,0,1,1,0,0,2,0,0,0,0,0,,,1,24,39,24,13,2,0,0,1
SLN190005160,box,1900-05-16,0,STL05,R,0,NY1,SLN,1,0,1,0,1,,40,6,14,17,1,1,0,,5,,2,0,5,0,0,1,0,2,1,0,10,1,1,1,0,0,0,0,1,0,26,42,33,7,4,8,11,3,0,0,0,7,0,1,0,1,1,0,0,1,0,0,0,0,0,,,1,26,52,26,19,7,1,0,0
SLN190005180,box,1900-05-18,0,STL05,R,0,NY1,SLN,1,0,1,0,1,,34,5,9,10,1,0,0,,5,,2,0,4,0,0,0,0,0,0,0,4,1,1,0,0,0,1,0,1,0,24,47,40,13,11,16,24,0,1,2,0,4,0,2,1,2,1,0,0,0,0,0,0,0,0,,,1,24,44,24,15,5,1,0,0
SLN190005200,box,1900-05-20,0,STL05,R,0,NY1,SLN,1,0,1,0,1,,37,5,10,18,1,2,1,,2,,1,,3,,1,0,0,1,,0,7,1,1,1,0,0,0,0,1,0,24,40,33,9,8,14,17,3,0,0,0,4,,1,,1,2,0,0,0,0,0,0,0,0,,,1,24,44,24,18,2,0,0,0
CIN190005210,box,1900-05-21,0,CIN05,R,0,NY1,CIN,1,1,0,0,1,,33,4,8,11,1,1,0,,2,,1,0,3,1,0,0,0,2,2,0,3,1,1,1,0,0,0,1,0,0,27,37,26,3,3,3,3,0,0,0,0,9,1,6,1,0,2,0,0,0,0,0,0,0,0,,,1,27,46,27,18,1,1,0,1
CIN190005220,box,1900-05-22,0,CIN05,R,0,NY1,CIN,1,0,1,0,1,,35,5,9,10,1,0,0,,4,,4,0,2,1,0,0,0,0,0,0,7,1,1,1,0,0,0,0,1,0,27,43,36,8,4,11,18,1,3,0,0,6,0,0,0,0,1,0,0,0,0,0,0,0,0,,,1,27,51,27,19,5,0,0,0
CIN190005230,box,1900-05-23,0,CIN05,R,0,NY1,CIN,1,1,0,0,1,,44,15,18,24,4,1,0,,12,,1,0,7,0,0,0,0,2,0,0,6,1,1,1,0,0,0,1,0,0,27,44,35,4,1,6,7,1,0,0,0,8,0,2,0,1,0,0,0,1,0,0,0,0,0,,,1,27,44,27,14,3,1,0,0
PIT190005250,box,1900-05-25,0,PIT05,R,0,NY1,PIT,1,1,0,0,1,,33,4,9,12,1,1,0,,3,,5,0,9,1,1,2,0,3,1,0,10,1,1,1,0,0,0,1,0,0,27,36,33,3,2,8,11,1,1,0,0,2,0,1,1,1,0,0,0,0,1,0,0,0,0,,,1,27,45,27,16,2,1,0,1
PIT190005260,box,1900-05-26,0,PIT05,R,0,NY1,PIT,1,1,0,0,1,,39,13,16,26,2,4,0,,10,,4,0,3,1,1,2,0,1,4,0,6,1,1,0,0,0,1,1,0,0,27,43,34,6,6,6,10,2,1,0,0,7,0,3,1,2,0,0,0,1,0,0,0,0,0,,,1,27,45,27,15,3,1,0,0
PIT190005280,box,1900-05-28,0,PIT05,R,0,NY1,PIT,1,0,1,0,1,,27,0,3,3,0,0,0,,0,,5,0,5,3,0,0,0,0,1,0,5,1,1,0,0,0,1,0,1,0,24,49,35,14,12,12,17,0,1,1,0,8,0,6,0,5,1,0,0,2,0,0,0,0,0,,,1,24,36,24,11,1,0,0,3
NY1190005301,box,1900-05-30,1,NYC10,R,1,NY1,PIT,1,0,1,0,1,,34,6,9,14,3,1,0,,5,,2,0,7,0,1,1,0,4,0,0,5,1,1,1,0,0,0,0,1,0,27,39,33,7,6,11,13,2,0,0,0,4,0,2,0,1,1,0,0,0,0,0,0,0,0,,,1,27,46,27,17,2,2,0,0
NY1190005302,box,1900-05-30,2,NYC10,R,1,NY1,PIT,1,1,0,0,1,,33,9,7,7,0,0,0,,3,,2,0,4,0,0,1,0,3,0,0,3,1,1,1,0,0,0,1,0,0,27,39,36,1,0,6,6,0,0,0,0,1,0,0,0,2,0,0,0,0,0,0,0,0,0,,,1,27,50,27,19,4,0,0,0
NY1190005310,box,1900-05-31,0,NYC10,R,1,NY1,PIT,1,0,1,0,1,,37,4,12,16,2,1,0,,4,,1,,0,,1,0,0,2,,0,8,1,1,1,0,0,0,0,1,0,27,42,36,6,2,9,13,2,1,0,0,5,,2,,1,0,0,0,2,0,0,0,0,0,,,1,27,44,27,13,4,0,0,2
NY1190006010,box,1900-06-01,0,NYC10,R,1,NY1,PIT,1,1,0,0,1,,27,6,6,8,0,1,0,,3,,1,0,4,1,1,1,0,1,2,0,0,1,1,1,0,0,0,1,0,0,27,40,30,4,4,6,7,1,0,0,0,9,0,6,3,0,1,0,0,1,0,0,0,0,0,,,1,27,44,27,15,2,3,0,1
NY1190006040,box,1900-06-04,0,NYC10,R,1,NY1,CIN,1,1,0,0,1,,31,7,11,18,1,3,0,,6,,4,0,3,2,0,0,0,3,3,0,4,1,1,1,0,0,0,1,0,0,27,34,34,4,1,8,8,0,0,0,0,0,0,1,3,0,0,0,0,0,0,0,0,0,0,,,1,27,45,27,14,4,3,0,0
NY1190006050,box,1900-06-05,0,NYC10,R,1,NY1,CIN,1,0,1,0,1,,35,8,8,10,2,0,0,,5,,4,0,,1,1,0,0,6,0,0,5,1,1,1,0,0,0,0,1,0,27,49,45,14,4,13,20,3,2,0,0,2,0,,0,0,2,0,0,1,0,0,0,0,0,,,1,27,59,27,22,10,0,0,0
NY1190006060,box,1900-06-06,0,NYC10,R,1,NY1,CIN,1,0,1,0,1,,31,5,8,10,0,1,0,,4,,4,0,0,0,0,1,0,1,1,0,4,1,1,0,0,0,1,0,1,0,27,50,43,11,6,14,18,2,1,0,0,5,0,2,1,1,1,0,0,0,1,0,0,0,0,,,1,27,50,27,14,9,2,0,0
NY1190006070,box,1900-06-07,0,NYC10,R,1,NY1,SLN,1,1,0,0,1,,38,10,14,15,1,0,0,,5,,2,0,0,0,0,2,0,2,2,0,8,1,1,1,0,0,0,1,0,0,27,43,32,3,3,10,10,0,0,0,0,11,0,4,2,0,0,0,0,1,0,0,0,0,0,,,1,27,45,27,16,2,2,0,0
NY1190006090,box,1900-06-09,0,NYC10,R,1,NY1,SLN,1,0,1,0,1,,33,3,6,7,1,0,0,,2,,4,0,2,0,1,2,0,4,0,0,7,1,1,1,0,0,0,0,1,0,30,45,42,6,1,11,11,0,0,0,0,3,0,4,2,0,0,0,0,0,0,0,0,0,0,,,1,30,54,30,16,8,2,0,0
NY1190006110,box,1900-06-11,0,NYC10,R,1,NY1,SLN,1,1,0,0,1,,35,8,13,16,3,0,0,,6,,2,0,1,0,0,0,0,0,1,0,5,1,1,1,1,0,0,1,0,0,27,34,32,0,0,5,5,0,0,0,0,1,0,1,3,1,0,0,0,0,0,0,0,0,0,,,1,27,44,27,14,3,4,0,0
NY1190006120,box,1900-06-12,0,NYC10,R,1,NY1,CHN,1,1,0,0,1,,31,4,6,6,0,0,0,,4,,0,0,2,0,1,0,0,1,0,0,4,1,1,1,1,0,0,1,0,0,27,37,34,0,0,9,10,1,0,0,0,2,0,2,0,0,1,0,0,1,0,0,0,0,0,,,1,27,42,27,14,1,1,0,0
NY1190006130,box,1900-06-13,0,NYC10,R,1,NY1,CHN,1,1,0,0,1,,33,5,9,11,0,1,0,,5,,1,0,,0,1,1,0,1,1,0,7,1,1,1,1,0,0,1,0,0,27,30,29,0,0,5,7,0,1,0,0,1,0,,1,0,0,0,0,0,0,0,0,0,0,,,1,27,46,27,19,0,2,0,1
PHI190006150,box,1900-06-15,0,PHI09,R,0,NY1,PHI,1,0,1,0,1,,33,2,9,9,0,0,0,,1,,3,0,2,1,0,1,0,1,1,0,8,1,1,1,0,0,0,0,1,0,24,35,34,3,2,11,13,2,0,0,0,0,0,3,0,0,1,0,0,0,0,0,0,0,0,,,1,24,36,24,10,2,1,0,0
PHI190006160,box,1900-06-16,0,PHI09,R,0,NY1,PHI,1,1,0,0,1,,34,6,10,13,1,1,0,,6,,1,0,5,1,0,0,0,2,1,0,2,1,1,1,0,0,0,1,0,0,27,41,33,5,4,11,11,0,0,0,0,4,0,1,0,0,4,0,0,1,0,0,0,0,0,,,1,27,43,27,14,2,0,0,1
PHI190006180,box,1900-06-18,0,PHI09,R,0,NY1,PHI,1,0,1,0,1,,33,1,8,10,0,1,0,,1,,1,0,1,1,1,0,0,3,2,0,7,1,1,1,0,0,0,0,1,0,24,34,29,2,1,7,8,1,0,0,0,1,0,3,0,2,2,0,0,0,0,0,0,0,0,,,1,24,34,24,9,1,0,0,0
PHI190006190,box,1900-06-19,0,PHI09,R,0,NY1,PHI,1,1,0,0,1,,36,8,10,11,1,0,0,,6,,7,0,2,0,0,0,0,6,1,0,9,1,1,1,0,0,0,1,0,0,27,41,36,1,0,10,10,0,0,0,0,3,0,1,0,1,1,0,0,0,0,0,0,0,0,,,1,27,45,27,15,3,1,0,1
NY1190006200,box,1900-06-20,0,NYC10,R,1,NY1,BSN,1,0,1,0,1,,35,2,8,9,1,0,0,,1,,0,0,,1,0,0,0,0,1,0,6,1,1,0,0,0,1,0,1,0,27,47,38,12,11,18,20,2,0,0,0,8,0,0,0,0,1,0,0,0,0,0,0,0,0,,,1,27,47,27,14,6,0,0,1
NY1190006210,box,1900-06-21,0,NYC10,R,1,NY1,BSN,1,0,1,0,1,,28,1,3,3,0,0,0,,1,,2,0,2,0,0,2,0,3,1,0,4,1,1,1,0,0,0,0,1,0,27,37,35,5,4,11,14,0,0,1,0,2,0,2,0,0,0,0,0,0,0,0,0,0,0,,,1,27,45,27,15,3,1,0,1
NY1190006220,box,1900-06-22,0,NYC10,R,1,NY1,BSN,1,0,1,0,1,,36,2,10,12,2,0,0,,2,,1,0,0,0,0,1,0,3,0,0,9,1,1,1,0,0,0,0,1,0,27,40,38,6,4,15,18,1,1,0,0,1,1,0,0,0,1,0,0,0,0,0,0,0,0,,,1,27,48,27,18,3,0,0,0
NY1190006230,box,1900-06-23,0,NYC10,R,1,NY1,BRO,1,0,1,0,1,,30,1,4,4,0,0,0,,1,,4,0,3,1,1,0,0,1,0,0,7,1,1,1,0,0,0,0,1,0,27,45,36,12,11,13,18,2,0,1,0,6,0,2,0,2,1,0,0,1,0,0,0,0,0,,,1,27,47,27,17,3,0,0,0
BRO190006250,box,1900-06-25,0,NYC12,R,0,NY1,BRO,1,0,1,0,1,,37,2,8,10,0,1,0,,1,,1,0,3,0,0,0,0,0,0,0,9,1,1,0,0,0,1,0,1,0,24,44,41,15,11,21,25,2,1,0,0,1,0,1,1,1,1,0,0,0,0,0,0,0,0,,,1,24,43,24,15,4,1,0,0
NY1190006260,box,1900-06-26,0,NYC10,R,1,NY1,BRO,1,0,1,0,1,,38,6,9,11,0,1,0,,5,,3,0,4,2,0,0,0,1,1,0,8,1,1,1,0,0,0,0,1,0,27,44,38,8,6,14,15,1,0,0,0,4,0,0,2,2,0,0,0,0,0,0,0,0,0,,,1,27,54,27,22,5,2,0,0
SLN190006290,box,1900-06-29,0,STL05,R,0,NY1,SLN,1,0,1,0,1,,35,3,7,8,1,0,0,,2,,2,0,6,0,0,0,0,2,2,0,7,1,1,1,0,0,0,0,1,0,24,35,32,4,1,8,9,1,0,0,0,2,0,0,1,0,1,0,0,0,0,0,0,0,0,,,1,24,45,24,16,5,2,0,0
SLN190006300,box,1900-06-30,0,STL05,R,0,NY1,SLN,1,0,1,0,1,,27,1,2,2,0,0,0,,0,,3,,5,,0,0,0,6,,0,5,1,1,1,0,0,0,0,1,0,24,38,30,6,1,9,9,0,0,0,0,6,,1,,1,1,0,0,0,1,0,0,0,0,,,1,24,48,24,18,6,1,0,0
SLN190007010,box,1900-07-01,0,STL05,R,0,NY1,SLN,1,0,1,0,1,,31,1,5,6,1,0,0,,1,,1,,2,,0,0,0,1,,0,4,1,1,1,0,0,0,0,1,0,24,32,27,6,2,8,8,0,0,0,0,2,,2,,1,2,0,0,0,0,0,0,0,0,,,1,24,44,24,16,4,2,0,1
CIN190007020,box,1900-07-02,0,CIN05,R,0,NY1,CIN,1,0,1,0,1,,37,6,11,17,0,3,0,,4,,1,0,1,0,1,0,0,0,0,0,6,1,1,1,0,0,0,0,1,0,24,42,38,9,3,15,18,1,1,0,0,2,0,2,2,0,2,0,0,0,0,0,0,0,0,,,1,24,46,24,16,6,2,0,2
CIN190007030,box,1900-07-03,0,CIN05,R,0,NY1,CIN,1,0,1,0,1,,39,8,14,19,1,2,0,,8,,1,0,,0,0,2,0,1,1,0,7,1,1,0,0,0,1,0,1,0,24,40,29,10,8,7,12,2,0,1,0,8,0,4,2,2,0,0,0,0,1,0,0,0,0,,,1,24,44,24,15,5,2,0,0
CIN190007041,box,1900-07-04,1,CIN05,R,0,NY1,CIN,1,0,1,0,1,,32,1,6,7,1,0,0,,0,,0,0,2,0,0,0,0,1,1,0,4,1,1,1,0,0,0,0,1,0,24,36,31,8,6,9,10,1,0,0,0,1,0,1,0,2,2,0,0,0,0,0,0,0,0,,,1,24,38,24,12,2,0,0,0
CIN190007042,box,1900-07-04,2,CIN05,R,0,NY1,CIN,1,1,0,0,1,,36,6,14,16,2,0,0,,5,,2,0,1,1,0,1,0,0,3,0,6,1,1,1,0,0,0,1,0,0,27,38,38,3,1,8,14,1,1,1,0,0,0,2,0,0,0,0,0,0,0,0,0,0,0,,,1,27,48,27,16,5,0,0,0
PIT190007050,box,1900-07-05,0,PIT05,R,0,NY1,PIT,1,1,0,0,1,,35,7,7,10,1,1,0,,4,,1,0,2,0,0,3,0,5,0,0,5,1,1,1,0,0,0,1,0,0,27,42,38,3,3,9,11,2,0,0,0,4,0,2,0,0,0,0,0,0,0,0,0,0,0,,,1,27,44,27,13,4,1,0,0
PIT190007070,box,1900-07-07,0,PIT05,R,0,NY1,PIT,1,0,1,0,1,,35,3,9,10,1,0,0,,2,,0,0,0,,0,2,0,0,,0,7,1,1,1,0,0,0,0,1,0,25,39,33,4,2,10,12,0,1,0,0,3,,1,,0,3,0,0,0,0,0,0,0,0,,,1,25,40,25,12,3,1,0,0
CHN190007080,box,1900-07-08,0,CHI08,R,0,NY1,CHN,1,0,1,0,1,,34,3,6,8,2,0,0,,3,,6,,0,,0,0,0,0,,0,10,1,1,1,0,0,0,0,1,0,24,42,41,11,7,16,26,7,0,1,0,1,,3,,0,0,0,0,0,0,0,0,0,0,,,1,24,43,24,14,5,0,0,0
CHN190007090,box,1900-07-09,0,CHI08,R,0,NY1,CHN,1,0,1,0,1,,30,2,3,5,0,1,0,,2,,2,0,1,1,0,1,0,2,1,0,4,1,1,1,0,0,0,0,1,0,24,30,28,3,2,11,15,2,1,0,0,0,0,2,2,1,1,0,0,0,0,0,0,0,0,,,1,24,44,24,18,2,4,0,0
CHN190007100,box,1900-07-10,0,CHI08,R,0,NY1,CHN,1,0,1,0,1,,29,2,5,7,0,1,0,,2,,1,0,2,0,2,1,0,0,1,0,4,1,1,1,0,0,0,0,1,0,24,37,30,5,2,7,8,1,0,0,0,4,0,3,0,2,1,0,0,1,0,0,0,0,0,,,1,24,42,24,14,4,1,0,0
NY1190007130,box,1900-07-13,0,NYC10,R,1,NY1,BRO,1,1,0,0,1,,40,14,20,26,1,1,1,,13,,0,0,1,2,0,4,0,3,0,0,6,1,1,1,0,0,0,1,0,0,27,33,33,1,0,6,6,0,0,0,0,0,0,3,1,0,0,0,0,0,1,0,0,0,0,,,1,27,39,27,11,1,1,0,0
BRO190007140,box,1900-07-14,0,NYC12,R,0,NY1,BRO,1,0,1,0,1,,32,0,6,8,0,1,0,,0,,2,0,0,0,0,0,0,1,1,0,7,1,1,1,0,0,0,0,1,0,24,34,32,1,1,10,12,2,0,0,0,2,0,0,0,0,0,0,0,0,0,0,0,0,0,,,1,24,35,24,11,0,1,0,0
NY1190007160,box,1900-07-16,0,NYC10,R,1,NY1,BRO,1,1,0,0,1,,33,7,9,12,3,0,0,,5,,2,0,4,0,0,0,0,3,1,0,4,1,1,1,0,0,0,1,0,0,27,36,34,5,4,11,15,2,1,0,0,1,0,0,0,1,0,0,0,0,0,0,0,0,0,,,1,27,46,27,16,3,0,0,0
BRO190007170,box,1900-07-17,0,NYC12,R,0,NY1,BRO,1,0,1,0,1,,37,7,10,14,4,0,0,,6,,2,0,4,0,2,0,0,2,1,0,7,1,1,0,0,0,1,0,1,0,24,45,33,13,8,9,10,1,0,0,0,6,0,1,0,4,2,0,0,1,0,0,0,0,0,,,1,24,44,24,15,5,0,0,2
NY1190007180,box,1900-07-18,0,NYC10,R,1,NY1,CIN,1,1,0,0,1,,34,10,11,16,5,0,0,,6,,4,,,,2,0,0,2,,0,6,1,1,1,0,0,0,1,0,0,27,42,40,9,4,13,17,4,0,0,0,1,,,,1,0,0,0,0,0,0,0,0,0,,,1,27,50,27,18,5,1,0,1
NY1190007190,box,1900-07-19,0,NYC10,R,1,NY1,SLN,1,1,0,0,1,,34,8,13,18,0,1,1,,6,,2,0,1,0,0,2,0,2,0,0,6,1,1,1,0,0,0,1,0,0,27,40,38,3,3,14,16,2,0,0,0,1,0,4,0,1,0,0,0,0,0,0,0,0,0,,,1,27,42,27,15,0,0,0,0
NY1190007200,box,1900-07-20,0,NYC10,R,1,NY1,SLN,1,1,0,0,1,,27,3,8,8,0,0,0,,1,,0,0,1,0,1,2,0,2,2,0,3,1,1,1,0,0,0,1,0,0,27,32,28,2,2,7,8,1,0,0,0,3,0,1,1,0,1,0,0,0,0,0,0,0,0,,,1,27,45,27,18,0,1,0,0
NY1190007210,box,1900-07-21,0,NYC10,R,1,NY1,SLN,1,0,1,0,1,,34,3,9,14,1,2,0,,3,,1,0,2,0,0,0,0,2,1,0,5,1,1,1,0,0,0,0,1,0,27,44,38,8,3,8,8,0,0,0,0,5,0,2,0,1,0,0,0,1,0,0,0,0,0,,,1,27,48,27,16,5,0,0,0
NY1190007240,box,1900-07-24,0,NYC10,R,1,NY1,PIT,1,1,0,0,1,,29,2,6,7,1,0,0,,1,,1,0,,0,0,0,0,1,3,0,4,1,1,1,0,0,0,1,0,0,27,32,32,1,0,8,10,2,0,0,0,0,0,,1,0,0,0,0,0,0,0,0,0,0,,,1,27,38,27,9,2,1,0,0
NY1190007250,box,1900-07-25,0,NYC10,R,1,NY1,PIT,1,0,1,0,1,,36,3,8,12,1,0,1,,3,,5,0,1,1,0,0,0,0,0,0,11,1,1,0,0,0,1,0,1,0,27,46,43,11,9,15,21,3,0,1,0,2,0,5,0,1,0,0,0,0,0,0,0,0,0,,,1,27,43,27,13,3,0,0,0
NY1190007270,box,1900-07-27,0,NYC10,R,1,NY1,CIN,1,1,0,0,1,,29,4,10,11,1,0,0,,4,,2,0,,0,0,1,0,3,3,0,4,1,1,1,0,0,0,1,0,0,27,33,30,2,1,6,8,0,1,0,0,2,0,,0,0,1,0,0,0,0,0,0,0,0,,,1,27,40,27,12,1,0,0,0
NY1190007280,box,1900-07-28,0,NYC10,R,1,NY1,CIN,1,1,0,0,1,,32,3,6,7,1,0,0,,2,,2,0,4,0,1,0,0,1,2,0,6,1,1,1,0,0,0,1,0,0,27,33,31,2,2,6,6,0,0,0,0,2,0,5,0,0,0,0,0,0,0,0,0,0,0,,,1,27,40,27,12,1,0,0,0
NY1190007310,box,1900-07-31,0,NYC10,R,1,NY1,CHN,1,1,0,0,1,,35,9,13,15,2,0,0,,6,,3,0,,1,2,0,0,1,2,0,7,1,1,1,0,0,0,1,0,0,27,43,37,4,3,11,12,1,0,0,0,4,0,,2,1,1,0,0,0,0,0,0,0,0,,,1,27,47,27,16,4,2,0,0
NY1190008010,box,1900-08-01,0,NYC10,R,1,NY1,CHN,1,1,0,0,1,,33,8,7,12,0,1,1,,5,,5,0,3,0,2,0,0,6,0,0,8,1,1,1,0,0,0,1,0,0,27,41,38,5,3,8,8,0,0,0,0,1,0,,0,1,1,0,0,0,0,0,0,0,0,,,1,27,49,27,15,7,0,0,0
NY1190008020,box,1900-08-02,0,NYC10,R,1,NY1,CHN,1,0,1,0,1,,35,6,11,12,1,0,0,,6,,4,0,3,0,0,1,0,4,2,0,7,1,1,1,0,0,0,0,1,0,27,43,39,7,6,15,23,2,0,2,0,2,0,1,1,2,0,0,0,0,0,0,0,0,0,,,1,27,42,27,13,2,2,0,0
SLN190008040,box,1900-08-04,0,STL05,R,0,NY1,SLN,1,0,1,0,1,,36,8,9,12,1,1,0,,7,,4,0,2,0,0,2,0,1,1,0,7,1,1,0,0,0,1,0,1,0,24,41,32,9,7,15,19,1,0,1,0,5,0,1,0,1,3,0,0,0,0,0,0,0,0,,,1,24,42,24,16,2,2,0,0
SLN190008050,box,1900-08-05,0,STL05,R,0,NY1,SLN,1,0,1,0,1,,36,1,7,12,1,2,0,,1,,0,0,2,,0,0,0,1,,0,8,1,1,1,0,0,0,0,1,0,24,42,35,10,10,13,21,1,2,1,0,5,,0,,1,1,0,0,0,0,0,0,0,0,,,1,24,46,24,21,1,0,0,0
SLN190008060,box,1900-08-06,0,STL05,R,0,NY1,SLN,1,0,1,0,1,,29,0,4,4,0,0,0,,0,,1,0,,0,0,0,0,0,1,0,3,1,1,1,0,0,0,0,1,0,24,34,30,3,3,13,14,1,0,0,0,2,0,,0,0,2,0,0,0,0,0,0,0,0,,,1,24,39,24,15,0,0,0,0
SLN190008070,box,1900-08-07,0,STL05,R,0,NY1,SLN,1,1,0,0,1,,35,8,8,13,0,1,1,,5,,2,0,1,1,0,1,0,4,2,0,3,1,1,1,0,0,0,1,0,0,27,36,32,6,4,10,11,1,0,0,0,3,0,2,2,0,1,0,0,0,0,0,0,0,0,,,1,27,48,27,19,2,2,0,0
CIN190008090,box,1900-08-09,0,CIN05,R,0,NY1,CIN,1,1,0,0,1,,34,5,12,20,2,3,0,,5,,1,0,1,0,0,0,0,1,1,0,3,1,1,1,0,0,0,1,0,0,27,33,32,2,1,7,8,1,0,0,0,0,0,1,0,0,1,0,0,1,0,0,0,0,0,,,1,27,48,27,20,1,2,0,1
CIN190008110,box,1900-08-11,0,CIN05,R,0,NY1,CIN,1,1,0,0,1,,34,1,9,12,1,1,0,,1,,1,0,,0,0,0,0,0,2,0,7,1,1,1,1,0,0,1,0,0,27,30,29,0,0,3,3,0,0,0,0,1,0,,0,0,0,0,0,0,0,0,0,0,0,,,1,27,38,27,11,0,1,0,0
PIT190008130,box,1900-08-13,0,PIT05,R,0,NY1,PIT,1,1,0,0,1,,37,7,10,18,2,0,2,,7,,3,0,2,0,0,0,0,0,0,0,6,1,1,1,0,0,0,1,0,0,27,34,32,4,2,7,10,0,0,1,0,1,0,2,1,0,1,0,0,0,0,0,0,0,0,,,1,27,46,27,17,2,1,0,0
PIT190008141,box,1900-08-14,1,PIT05,R,0,NY1,PIT,1,0,1,0,1,,30,0,4,4,0,0,0,,0,,0,0,1,0,3,0,0,1,1,0,6,1,1,1,0,0,0,0,1,0,24,33,31,5,4,8,9,1,0,0,0,2,0,0,0,0,0,0,0,0,0,0,0,0,0,,,1,24,37,24,12,1,1,0,0
PIT190008142,box,1900-08-14,2,PIT05,R,0,NY1,PIT,1,0,1,0,1,,30,1,3,5,0,1,0,,1,,2,0,,0,0,0,0,1,1,0,4,1,1,1,0,0,0,0,1,0,24,35,32,7,5,7,14,1,3,0,0,2,0,,0,1,0,0,0,0,0,0,0,0,0,,,1,24,38,24,8,6,0,0,0
PIT190008150,box,1900-08-15,0,PIT05,R,0,NY1,PIT,1,0,1,0,1,,33,2,6,8,2,0,0,,2,,0,0,2,1,0,0,0,1,0,0,4,1,1,1,0,0,0,0,1,0,24,34,28,6,3,9,12,1,1,0,0,3,0,0,1,0,3,0,0,0,0,0,0,0,0,,,1,24,42,24,16,2,2,0,1
CHN190008160,box,1900-08-16,0,CHI08,R,0,NY1,CHN,1,0,1,0,1,,28,0,4,4,0,0,0,,0,,2,0,0,2,0,0,0,1,0,0,3,1,1,1,0,0,0,0,1,0,24,31,28,2,1,7,8,1,0,0,0,1,0,3,0,1,1,0,0,0,0,0,0,0,0,,,1,24,37,24,11,2,2,0,0
CHN190008180,box,1900-08-18,0,CHI08,R,0,NY1,CHN,1,1,0,0,1,,34,5,10,10,0,0,0,,5,,1,0,0,1,0,2,0,1,2,0,5,1,1,1,0,0,0,1,0,0,27,42,35,2,1,3,4,1,0,0,0,6,0,2,0,1,0,0,0,0,0,0,0,0,0,,,1,27,43,27,10,6,0,0,0
CHN190008190,box,1900-08-19,0,CHI08,R,0,NY1,CHN,1,0,1,0,1,,33,1,9,12,3,0,0,,1,,1,,3,,0,0,0,0,,0,6,1,1,1,0,0,0,0,1,0,24,35,30,2,1,8,9,1,0,0,0,3,,0,,0,2,0,0,0,0,0,0,0,0,,,1,24,41,24,16,1,0,0,1
PIT190008200,box,1900-08-20,0,PIT05,R,0,NY1,PIT,1,1,0,0,1,,36,4,13,13,0,0,0,,3,,1,0,2,1,0,1,0,0,1,0,7,1,1,1,0,0,0,1,0,0,27,35,33,2,2,5,8,3,0,0,0,1,0,2,0,1,0,0,0,0,0,0,0,0,0,,,1,27,43,27,15,1,0,0,0
PHI190008210,box,1900-08-21,0,PHI09,R,0,NY1,PHI,1,0,1,0,1,,38,4,9,9,0,0,0,,4,,2,0,2,1,1,1,0,3,0,0,8,1,1,1,0,0,0,0,1,0,28,39,31,5,5,6,9,3,0,0,0,6,0,2,0,0,2,0,0,0,0,0,0,0,0,,,1,28,41,28,13,0,0,0,0
NY1190008220,box,1900-08-22,0,NYC10,R,1,NY1,PHI,1,1,0,0,1,,33,8,13,16,1,1,0,,5,,3,0,3,1,0,3,0,1,3,0,7,1,1,1,0,0,0,1,0,0,27,37,35,2,1,8,8,0,0,0,0,2,0,2,0,0,0,0,0,0,0,0,0,0,0,,,1,27,42,27,14,1,0,0,1
NY1190008230,box,1900-08-23,0,NYC10,R,1,NY1,PHI,1,1,0,0,1,,36,5,15,17,2,0,0,,4,,1,0,,0,1,0,0,3,1,0,9,1,1,1,0,0,0,1,0,0,27,43,39,4,3,15,17,2,0,0,0,2,0,1,0,1,1,0,0,0,0,0,0,0,0,,,1,27,42,27,14,1,1,0,0
NY1190008240,box,1900-08-24,0,NYC10,R,1,NY1,PHI,1,0,1,0,1,,30,1,4,4,0,0,0,,1,,3,0,2,0,0,0,0,1,2,0,5,1,1,1,0,0,0,0,1,0,27,41,38,3,3,12,13,1,0,0,0,3,0,2,0,0,0,0,0,0,0,0,0,0,0,,,1,27,39,27,12,0,0,0,0
NY1190008250,box,1900-08-25,0,NYC10,R,1,NY1,PHI,1,0,1,0,1,,33,3,9,13,2,1,0,,2,,5,0,3,1,1,1,0,2,2,0,10,1,1,0,0,0,1,0,1,0,27,44,39,5,2,11,12,1,0,0,0,3,1,3,0,1,1,0,0,1,0,0,0,0,0,,,1,27,44,27,12,5,1,0,0
BRO190008270,box,1900-08-27,0,NYC12,R,0,NY1,BRO,1,0,1,0,1,,31,2,9,11,0,1,0,,2,,2,0,0,1,0,0,0,0,0,0,7,1,1,0,0,0,1,0,1,0,22,39,35,9,8,14,15,1,0,0,0,2,0,0,1,2,0,0,0,1,0,0,0,0,0,,,1,22,35,22,11,2,2,0,0
BSN190008280,box,1900-08-28,0,BOS05,R,0,NY1,BSN,1,1,0,0,1,,35,5,9,16,1,0,2,,5,,1,0,2,1,0,0,0,4,0,0,4,1,1,1,0,0,0,1,0,0,27,39,32,4,4,8,9,1,0,0,0,4,0,1,0,2,1,0,0,0,0,0,0,0,0,,,1,27,39,27,9,3,2,0,0
BSN190008290,box,1900-08-29,0,BOS05,R,0,NY1,BSN,1,0,1,0,1,,35,5,10,15,2,0,1,,4,,2,0,1,1,1,0,0,1,1,0,6,1,1,1,0,0,0,0,1,0,24,34,29,6,3,8,13,0,1,1,0,2,0,0,0,1,2,0,0,0,0,0,0,0,0,,,1,24,39,24,12,3,0,0,0
BSN190008300,box,1900-08-30,0,BOS05,R,0,NY1,BSN,1,1,0,0,1,,39,5,14,15,1,0,0,,5,,6,0,1,2,1,1,0,1,1,0,12,1,1,1,0,0,0,1,0,0,30,42,38,3,3,8,12,1,0,1,0,4,0,0,1,0,0,0,0,0,0,0,0,0,0,,,1,30,46,30,14,2,2,0,0
BSN190008310,box,1900-08-31,0,BOS05,R,0,NY1,BSN,1,0,1,0,1,,31,3,5,10,2,0,1,,4,,3,0,1,0,0,0,0,0,1,0,4,1,1,1,0,0,0,0,1,0,24,35,29,5,4,7,8,1,0,0,0,6,0,0,1,0,0,0,0,0,0,0,0,0,0,,,1,24,40,24,14,2,1,0,0
BSN190009010,box,1900-09-01,0,BOS05,R,0,NY1,BSN,1,0,1,0,1,,33,2,7,10,0,0,1,,2,,1,0,2,1,1,0,0,0,0,0,6,1,1,1,0,0,0,0,1,0,24,36,34,10,5,11,12,1,0,0,0,2,0,1,0,0,0,0,0,0,0,0,0,0,0,,,1,24,37,24,12,1,0,0,0
NY1190009031,box,1900-09-03,1,NYC10,R,1,NY1,CIN,1,0,1,0,1,,35,4,9,9,0,0,0,,3,,6,0,2,0,0,2,0,1,0,0,12,1,1,1,0,0,0,0,1,0,27,42,41,10,2,13,14,1,0,0,0,1,0,0,1,0,0,0,0,1,0,0,0,0,0,,,1,27,49,27,16,6,1,0,0
NY1190009032,box,1900-09-03,2,NYC10,R,1,NY1,CIN,1,1,0,0,1,,27,11,14,15,1,0,0,,8,,2,0,1,0,2,1,0,1,0,0,6,1,1,1,0,0,0,1,0,0,18,31,29,6,5,11,13,2,0,0,0,2,0,0,1,0,0,0,0,0,0,0,0,0,0,,,1,18,29,18,10,1,1,0,1
NY1190009041,box,1900-09-04,1,NYC10,R,1,NY1,CIN,1,1,0,0,1,,27,4,9,10,1,0,0,,3,,1,0,1,0,1,3,0,1,3,0,4,1,1,1,0,0,0,1,0,0,27,34,30,3,1,8,9,1,0,0,0,2,0,4,1,0,2,0,0,0,0,0,0,0,0,,,1,27,43,27,13,3,1,0,0
NY1190009042,box,1900-09-04,2,NYC10,R,1,NY1,CIN,1,1,0,0,1,,38,11,16,23,5,1,0,,9,,6,0,2,1,0,0,0,0,1,0,9,1,1,1,0,0,0,1,0,0,27,42,38,5,1,11,12,1,0,0,0,3,0,3,0,1,0,0,0,0,0,0,0,0,0,,,1,27,49,27,17,5,0,0,0
NY1190009050,box,1900-09-05,0,NYC10,R,1,NY1,CIN,1,1,0,0,1,,31,11,12,14,2,0,0,,9,,4,0,,0,1,0,0,2,1,0,7,1,1,1,0,0,0,1,0,0,21,33,32,3,3,10,11,1,0,0,0,1,0,,0,0,0,0,0,1,0,0,0,0,0,,,1,21,28,21,6,1,0,0,0
NY1190009060,box,1900-09-06,0,NYC10,R,1,NY1,SLN,1,0,1,0,1,,28,4,4,11,1,0,2,,5,,2,0,6,1,2,0,0,1,0,0,4,1,1,0,0,0,1,0,1,0,24,42,36,11,2,10,11,1,0,0,0,5,0,5,0,0,1,0,0,0,0,0,0,0,0,,,1,24,41,23,11,7,0,0,1
NY1190009070,box,1900-09-07,0,NYC10,R,1,NY1,SLN,1,1,0,0,1,,30,5,7,10,1,1,0,,2,,1,,1,,2,0,0,3,,0,4,1,1,1,0,0,0,1,0,0,27,36,32,3,3,9,12,1,1,0,0,2,,,,1,1,0,0,0,0,0,0,0,0,,,1,27,46,27,18,1,0,0,0
NY1190009080,box,1900-09-08,0,NYC10,R,1,NY1,SLN,1,0,1,0,1,,24,5,6,10,1,0,1,,4,,6,0,,0,0,1,0,6,0,0,5,1,1,1,0,0,0,0,1,0,21,37,32,6,3,12,14,2,0,0,0,4,0,,1,0,1,0,0,0,0,0,0,0,0,,,1,21,42,21,17,4,1,0,1
NY1190009100,box,1900-09-10,0,NYC10,R,1,NY1,SLN,1,0,1,0,1,,41,8,16,22,4,1,0,,7,,2,0,3,0,0,0,0,0,2,0,8,1,1,0,0,0,1,0,1,0,27,53,48,12,2,15,18,1,1,0,0,2,0,2,1,3,0,0,0,2,0,0,0,0,0,,,1,27,49,26,14,9,1,0,0
NY1190009111,box,1900-09-11,1,NYC10,R,1,NY1,CHN,1,1,0,0,1,,41,14,23,27,1,0,1,,10,,3,0,0,1,1,3,0,2,1,0,10,1,1,1,0,0,0,1,0,0,27,37,34,3,2,8,10,0,1,0,0,3,0,,2,0,0,0,0,0,0,0,0,0,0,,,1,27,46,27,17,2,2,0,0
NY1190009112,box,1900-09-11,2,NYC10,R,1,NY1,CHN,1,0,0,1,1,,31,3,6,7,1,0,0,,2,,0,0,3,0,0,0,0,0,1,0,1,1,1,1,0,0,0,0,0,0,27,36,33,3,3,7,7,0,0,0,0,2,0,3,0,0,1,0,0,0,0,0,0,0,0,,,1,27,47,27,18,2,0,0,0
NY1190009121,box,1900-09-12,1,NYC10,R,1,NY1,CHN,1,0,1,0,1,,36,1,10,10,0,0,0,,1,,0,0,,1,0,0,0,0,0,0,8,1,1,0,0,0,1,0,1,0,27,43,38,9,6,13,15,2,0,0,0,2,0,,2,2,1,0,0,1,0,0,0,0,0,,,1,27,50,27,18,5,2,0,0
NY1190009122,box,1900-09-12,2,NYC10,R,1,NY1,CHN,1,1,0,0,1,,32,7,12,16,1,0,1,,6,,1,0,5,1,1,0,0,1,0,0,6,1,1,1,0,0,0,1,0,0,21,33,30,6,2,8,10,2,0,0,0,3,0,1,0,0,0,0,0,0,0,0,0,0,0,,,1,21,38,21,13,4,0,0,0
NY1190009130,box,1900-09-13,0,NYC10,R,1,NY1,CHN,1,0,1,0,1,,37,5,10,11,1,0,0,,4,,3,0,0,0,1,0,0,0,0,0,9,1,1,1,0,0,0,0,1,0,27,38,35,6,5,7,8,1,0,0,0,3,0,5,0,0,0,0,0,0,0,0,0,0,0,,,1,27,43,27,13,3,0,0,1
NY1190009140,box,1900-09-14,0,NYC10,R,1,NY1,CHN,1,1,0,0,1,,32,5,11,13,0,1,0,,4,,2,0,1,0,1,0,0,3,2,0,6,1,1,1,0,0,0,1,0,0,27,35,34,1,1,6,7,1,0,0,0,1,0,5,0,0,0,0,0,0,0,0,0,0,0,,,1,27,38,27,9,2,0,0,0
NY1190009150,box,1900-09-15,0,NYC10,R,1,NY1,PIT,1,1,0,0,1,,30,2,8,13,2,0,1,,1,,0,0,0,0,0,0,0,0,1,0,4,1,1,1,0,0,0,1,0,0,27,35,34,1,0,6,6,0,0,0,0,1,0,0,0,0,0,0,0,0,0,0,0,0,0,,,1,27,52,27,22,3,0,0,0
NY1190009170,box,1900-09-17,0,NYC10,R,1,NY1,PIT,1,0,1,0,1,,39,3,13,14,1,0,0,,2,,1,0,5,1,1,0,0,3,0,0,11,1,1,1,0,0,0,0,1,0,27,46,44,12,11,15,17,2,0,0,0,2,0,1,0,0,0,0,0,0,0,0,0,0,0,,,1,27,46,27,16,3,0,0,1
NY1190009180,box,1900-09-18,0,NYC10,R,1,NY1,PIT,1,0,1,0,1,,34,4,11,16,2,0,1,,4,,2,0,8,0,0,0,0,2,2,0,5,1,1,1,0,0,0,0,1,0,27,45,41,9,7,17,24,2,1,1,0,1,0,5,0,1,2,0,0,0,0,0,0,0,0,,,1,27,46,27,15,4,0,0,1
NY1190009190,box,1900-09-19,0,NYC10,R,1,NY1,PIT,1,0,1,0,1,,31,2,4,4,0,0,0,,2,,2,0,1,0,0,0,0,1,0,0,4,1,1,0,0,0,1,0,1,0,27,41,37,5,3,13,16,3,0,0,0,2,0,2,3,1,1,0,0,0,0,0,0,0,0,,,1,27,45,27,16,2,3,0,1
NY1190009200,box,1900-09-20,0,NYC10,R,1,NY1,BRO,1,1,0,0,1,,35,3,9,13,2,1,0,,3,,3,0,2,0,0,3,0,1,0,0,10,1,1,1,0,0,0,1,0,0,30,40,35,2,0,9,9,0,0,0,0,3,0,5,0,2,0,0,0,0,0,0,0,0,0,,,1,30,45,30,13,2,0,0,0
BRO190009210,box,1900-09-21,0,NYC12,R,0,NY1,BRO,1,1,0,0,1,,32,4,8,10,0,1,0,,3,,4,0,3,0,1,2,0,0,0,0,8,1,1,1,0,0,0,1,0,0,27,36,32,3,3,8,11,1,1,0,0,3,0,1,2,1,0,0,0,0,0,0,0,0,0,,,1,27,47,27,17,3,2,0,1
NY1190009220,box,1900-09-22,0,NYC10,R,1,NY1,BRO,1,1,0,0,1,,31,6,10,12,0,1,0,,5,,7,0,0,0,0,0,0,2,2,0,8,1,1,1,0,0,0,1,0,0,27,38,32,5,4,10,11,1,0,0,0,3,0,,1,2,1,0,0,0,0,0,0,0,0,,,1,27,36,27,6,3,4,0,0
BSN190009240,box,1900-09-24,0,BOS05,R,0,NY1,BSN,1,0,0,1,1,,32,14,12,14,2,0,0,,11,,8,,4,,1,1,0,1,,0,7,1,1,0,0,0,1,0,0,0,21,45,40,14,11,18,27,4,1,1,0,4,,5,,0,1,0,0,1,0,0,0,0,0,,,1,21,32,21,5,6,0,0,0
BSN190009251,box,1900-09-25,1,BOS05,R,0,NY1,BSN,1,0,1,0,1,,30,0,5,5,0,0,0,,0,,4,0,1,0,0,0,0,0,0,0,7,1,1,1,0,0,0,0,1,0,24,40,40,8,5,14,18,1,0,1,0,0,0,1,0,0,0,0,0,0,0,0,0,0,0,,,1,24,41,24,14,3,0,0,0
BSN190009252,box,1900-09-25,2,BOS05,R,0,NY1,BSN,1,0,1,0,1,,33,1,4,5,1,0,0,,0,,4,0,,0,0,0,0,0,0,0,9,1,1,1,0,0,0,0,1,0,24,38,34,8,5,10,13,0,0,1,0,4,0,1,0,0,0,0,0,0,0,0,0,0,0,,,1,24,42,24,12,6,0,0,0
BSN190009260,box,1900-09-26,0,BOS05,R,0,NY1,BSN,1,0,1,0,1,,38,7,13,17,4,0,0,,5,,4,0,1,0,1,0,0,2,2,0,9,1,1,0,0,0,1,0,1,0,24,39,29,8,3,6,6,0,0,0,0,9,0,0,1,1,0,0,0,1,0,0,0,0,0,,,1,24,46,24,17,5,1,0,1
NY1190009270,box,1900-09-27,0,NYC10,R,1,NY1,PHI,1,1,0,0,1,,32,6,10,11,1,0,0,,6,,4,0,1,2,0,0,0,2,1,0,6,1,1,1,0,0,0,1,0,0,27,37,35,4,0,6,6,0,0,0,0,1,0,0,0,0,1,0,0,0,0,0,0,0,0,,,1,27,45,27,13,5,0,0,0
NY1190009280,box,1900-09-28,0,NYC10,R,1,NY1,PHI,1,0,1,0,1,,31,3,9,12,3,0,0,,3,,2,0,3,0,0,1,0,1,1,0,4,1,1,0,0,0,1,0,1,0,27,44,40,7,6,16,20,2,1,0,0,3,0,2,0,0,1,0,0,1,0,0,0,0,0,,,1,27,42,26,14,2,0,0,0
NY1190009290,box,1900-09-29,0,NYC10,R,1,NY1,PHI,1,1,0,0,1,,26,4,8,10,2,0,0,,1,,5,,3,,0,1,0,3,,0,7,1,1,1,0,0,0,1,0,0,24,30,27,2,0,5,8,0,0,1,0,2,,0,,1,0,0,0,0,0,0,0,0,0,,,1,24,41,24,14,3,1,0,0
NY1190010010,box,1900-10-01,0,NYC10,R,1,NY1,PHI,1,0,1,0,1,,37,2,10,10,0,0,0,,2,,2,0,,2,0,0,0,0,0,0,10,1,1,0,0,0,1,0,1,0,27,38,37,5,3,13,14,1,0,0,0,1,0,,1,0,0,0,0,0,0,0,0,0,0,,,1,27,44,27,15,2,3,0,1
PHI190010020,box,1900-10-02,0,PHI09,R,0,NY1,PHI,1,1,0,0,1,,33,6,11,14,3,0,0,,5,,2,0,0,2,1,0,0,0,1,0,6,1,1,1,0,0,0,1,0,0,24,34,31,2,1,7,7,0,0,0,0,1,0,2,1,2,0,0,0,0,0,0,0,0,0,,,1,24,35,24,9,2,1,0,0
PHI190010030,box,1900-10-03,0,PHI09,R,0,NY1,PHI,1,0,1,0,1,,34,4,10,12,2,0,0,,3,,4,0,4,0,1,1,0,2,0,0,9,1,1,1,0,0,0,0,1,0,25,40,39,5,4,12,14,2,0,0,0,1,0,2,0,0,0,0,0,0,0,0,0,0,0,,,1,25,31,25,4,2,0,0,0
PHI190010040,box,1900-10-04,0,PHI09,R,0,NY1,PHI,1,0,1,0,1,,41,4,14,15,1,0,0,,4,,1,0,2,0,0,0,0,0,0,0,11,1,1,0,0,0,1,0,1,0,24,34,31,5,4,7,12,3,1,0,0,2,0,1,1,1,0,0,0,0,0,0,0,0,0,,,1,24,41,24,16,1,1,0,0
NY1190010050,box,1900-10-05,0,NYC10,R,1,NY1,BSN,1,1,0,0,1,,28,9,10,12,2,0,0,,7,,3,0,1,0,1,0,0,3,3,0,2,1,1,1,0,0,0,1,0,0,24,35,33,1,1,10,11,1,0,0,0,2,0,2,0,0,0,0,0,0,0,0,0,0,0,,,1,24,34,24,9,1,0,0,0
NY1190010060,box,1900-10-06,0,NYC10,R,1,NY1,BSN,1,1,0,0,1,,23,4,4,4,0,0,0,,2,,3,0,,0,0,1,0,2,1,0,2,1,1,1,0,0,0,1,0,0,24,32,30,1,1,5,5,0,0,0,0,2,0,,0,0,0,0,0,0,0,0,0,0,0,,,1,24,42,24,14,4,1,0,0
BRO190010110,box,1900-10-11,0,NYC12,R,0,NY1,BRO,1,1,0,0,1,,31,7,9,12,3,0,0,,8,,3,0,4,0,2,1,0,4,2,0,6,1,1,1,0,0,0,1,0,0,24,35,34,4,4,11,12,1,0,0,0,1,0,2,1,0,0,0,0,0,0,0,0,0,0,,,1,24,42,24,15,3,1,0,0
BRO190010120,box,1900-10-12,0,NYC12,R,0,NY1,BRO,1,1,0,0,1,,38,9,16,21,5,0,0,,8,,2,0,1,1,0,0,0,3,1,0,7,1,1,1,0,0,0,1,0,0,24,37,34,4,3,9,11,0,1,0,0,1,0,3,1,2,0,0,0,1,0,0,0,0,0,,,1,24,42,24,14,4,2,0,0
NY1190010130,box,1900-10-13,0,NYC10,R,1,NY1,BRO,1,0,1,0,1,,24,0,5,7,2,0,0,,0,,1,0,4,0,0,0,0,0,2,0,4,1,1,1,0,0,0,0,1,0,21,28,26,1,1,6,7,1,0,0,0,2,0,0,0,0,0,0,0,0,0,0,0,0,0,,,1,21,38,21,15,2,1,0,0
BSN190004190,box,1900-04-19,0,BOS05,R,0,PHI,BSN,1,1,0,0,1,,53,19,20,23,0,0,1,,16,,8,,3,,1,0,0,2,,0,13,1,1,0,0,0,1,1,0,1,30,59,54,17,15,26,35,2,2,1,0,4,,3,,1,0,0,0,0,0,0,0,0,0,,,1,30,51,30,18,3,2,0,0
PHI190004200,box,1900-04-20,0,PHI09,R,1,PHI,BSN,1,1,0,0,1,,40,5,6,7,1,0,0,,3,,1,0,4,0,0,2,0,0,0,0,7,1,1,1,0,0,0,1,0,0,33,45,40,4,0,8,8,0,0,0,0,4,0,0,1,0,1,0,0,0,0,0,0,0,0,,,1,33,56,33,20,3,2,0,0
PHI190004210,box,1900-04-21,0,PHI09,R,1,PHI,BSN,1,1,0,0,1,,33,5,10,11,1,0,0,,4,,1,0,2,0,1,1,0,0,0,0,7,1,1,1,0,0,0,1,0,0,27,33,32,2,2,6,7,1,0,0,0,1,0,2,1,0,0,0,0,0,0,0,0,0,0,,,1,27,43,27,16,0,1,0,0
PHI190004230,box,1900-04-23,0,PHI09,R,1,PHI,BSN,1,0,1,0,1,,37,5,10,13,1,1,0,,5,,4,0,,0,0,1,0,1,0,0,10,1,1,0,0,0,1,0,1,0,27,46,43,8,6,15,20,2,0,1,0,2,0,,0,1,0,0,0,0,0,0,0,0,0,,,1,27,39,27,9,3,0,0,0
PHI190004240,box,1900-04-24,0,PHI09,R,1,PHI,BRO,1,1,0,0,1,,30,3,9,14,0,1,1,,2,,2,0,3,0,0,2,0,0,2,0,7,1,1,1,1,0,0,1,0,0,27,33,32,0,0,4,5,1,0,0,0,1,0,1,0,0,0,0,0,0,0,0,0,0,0,,,1,27,39,27,11,1,0,0,0
PHI190004250,box,1900-04-25,0,PHI09,R,1,PHI,BRO,1,0,1,0,1,,39,4,13,15,2,0,0,,4,,4,0,1,1,1,1,0,0,0,0,14,1,1,1,0,0,0,0,1,0,27,38,35,6,4,9,10,1,0,0,0,2,0,0,0,1,0,0,0,0,0,0,0,0,0,,,1,27,46,27,14,5,2,0,0
PHI190004260,box,1900-04-26,0,PHI09,R,1,PHI,BRO,1,1,0,0,1,,36,11,12,18,3,0,1,,9,,3,0,1,0,0,2,0,3,0,0,6,1,1,1,0,0,0,1,0,0,27,39,35,7,4,9,12,1,1,0,0,3,0,3,0,0,1,0,0,0,1,0,0,0,0,,,1,27,42,27,14,1,1,0,0
PHI190004270,box,1900-04-27,0,PHI09,R,1,PHI,BRO,1,0,1,0,1,,34,4,11,17,1,1,1,,4,,3,0,1,2,1,1,0,1,1,0,8,1,1,1,0,0,0,0,1,0,27,42,39,9,9,16,22,4,1,0,0,3,0,1,0,0,0,0,0,0,0,0,0,0,0,,,1,27,46,27,16,3,1,0,0
PHI190004280,box,1900-04-28,0,PHI09,R,1,PHI,NY1,1,1,0,0,1,,41,19,17,25,4,2,0,,16,,5,0,1,0,3,3,0,2,0,0,9,1,1,1,0,0,0,1,0,0,27,38,33,1,1,9,12,3,0,0,0,2,0,,1,3,0,0,0,0,0,0,0,0,0,,,1,27,47,27,19,1,2,0,0
PHI190004300,box,1900-04-30,0,PHI09,R,1,PHI,NY1,1,1,0,0,1,,43,14,17,21,2,1,0,,14,,6,0,1,0,2,1,0,3,0,0,10,1,1,0,0,0,1,1,0,0,30,52,46,13,13,16,20,2,1,0,0,4,0,1,0,1,1,0,0,0,0,0,0,0,0,,,1,30,48,30,13,5,0,0,0
NY1190005010,box,1900-05-01,0,NYC10,R,0,PHI,NY1,1,1,0,0,1,,44,11,17,25,4,2,0,,10,,4,0,3,1,1,1,0,3,0,0,12,1,1,0,0,0,1,1,0,0,27,41,39,8,7,16,18,2,0,0,0,2,0,2,0,0,0,0,0,0,0,0,0,0,0,,,1,27,43,27,14,2,3,0,0
NY1190005020,box,1900-05-02,0,NYC10,R,0,PHI,NY1,1,1,0,0,1,,40,7,16,17,1,0,0,,6,,2,0,0,0,0,1,0,0,1,0,9,1,1,0,0,0,1,1,0,0,27,37,36,5,4,9,14,2,0,1,0,0,0,0,0,0,1,0,0,0,0,0,0,0,0,,,1,27,43,27,14,2,0,0,0
BSN190005040,box,1900-05-04,0,BOS05,R,0,PHI,BSN,1,1,0,0,1,,39,12,14,27,1,3,2,,12,,10,0,3,0,0,0,0,3,2,0,10,1,1,1,0,0,0,1,0,0,27,40,35,4,4,10,11,1,0,0,0,4,0,3,0,1,0,0,0,1,0,0,0,0,0,,,1,27,42,27,15,0,1,0,0
BSN190005050,box,1900-05-05,0,BOS05,R,0,PHI,BSN,1,0,1,0,1,,35,10,12,20,2,0,2,,9,,9,0,2,0,0,4,0,1,2,0,11,1,1,1,0,0,0,0,1,0,27,50,49,13,4,20,29,3,3,0,0,0,0,,0,0,1,0,0,0,0,0,0,0,0,,,1,27,50,27,16,7,0,0,0
BRO190005070,box,1900-05-07,0,NYC12,R,0,PHI,BRO,1,0,1,0,1,,39,9,13,21,2,3,0,,8,,5,0,2,1,0,0,0,0,1,0,8,1,1,1,0,0,0,0,1,0,24,46,42,13,6,16,18,2,0,0,0,2,0,3,0,2,0,0,0,0,0,0,0,0,0,,,1,24,43,24,11,8,1,0,0
BRO190005080,box,1900-05-08,0,NYC12,R,0,PHI,BRO,1,1,0,0,1,,40,10,12,17,3,1,0,,9,,2,0,0,1,0,0,0,1,2,0,5,1,1,1,0,0,0,1,0,0,27,41,38,3,2,10,10,0,0,0,0,3,0,3,0,0,0,0,0,0,0,0,0,0,0,,,1,27,48,27,14,7,1,0,0
CIN190005110,box,1900-05-11,0,CIN05,R,0,PHI,CIN,1,1,0,0,1,,50,20,21,29,4,2,0,,17,,6,,,,2,2,0,3,,0,13,1,1,0,0,0,1,1,0,0,27,45,43,11,8,15,25,4,3,0,0,2,,,,0,0,0,0,0,0,0,0,0,0,,,1,27,43,27,11,5,1,0,0
CIN190005120,box,1900-05-12,0,CIN05,R,0,PHI,CIN,1,1,0,0,1,,40,8,13,21,2,3,0,,8,,4,,2,,0,0,0,1,,0,9,1,1,1,0,0,0,1,0,0,27,42,37,5,5,11,15,2,1,0,0,4,,2,,1,0,0,0,0,0,0,0,0,0,,,1,27,41,27,13,1,1,0,0
CIN190005140,box,1900-05-14,0,CIN05,R,0,PHI,CIN,1,1,0,0,1,,39,7,13,20,2,1,1,,6,,1,,,,0,1,0,1,,0,7,1,1,1,0,0,0,1,0,0,27,36,35,4,4,10,11,1,0,0,0,0,0,,,1,0,0,0,0,0,0,0,0,0,,,1,27,43,27,15,1,1,0,0
CIN190005150,box,1900-05-15,0,CIN05,R,0,PHI,CIN,1,0,0,1,1,,49,4,14,21,3,2,0,,4,,1,,7,,0,1,0,1,,0,11,1,1,1,0,0,0,0,0,0,36,55,48,4,2,13,17,0,2,0,0,6,,4,,0,1,0,0,0,0,0,0,0,0,,,1,36,60,36,19,5,1,0,0
PIT190005160,box,1900-05-16,0,PIT05,R,0,PHI,PIT,1,0,1,0,1,,37,3,10,12,2,0,0,,3,,2,,5,,0,0,0,0,,0,9,1,1,1,0,0,0,0,1,0,24,39,38,8,3,14,24,2,4,0,0,1,,1,,0,0,0,0,1,0,0,0,0,0,,,1,24,39,24,11,4,3,0,0
PIT190005170,box,1900-05-17,0,PIT05,R,0,PHI,PIT,1,1,0,0,1,,34,4,6,8,0,1,0,,4,,3,,5,,1,1,0,2,,0,8,1,1,1,0,0,0,1,0,0,27,41,37,3,3,11,13,0,1,0,0,3,,1,,0,1,0,0,0,0,0,0,0,0,,,1,27,37,27,9,1,1,0,0
PIT190005180,box,1900-05-18,0,PIT05,R,0,PHI,PIT,1,0,1,0,1,,34,4,8,10,0,1,0,,3,,4,,3,,1,1,0,0,,0,9,1,1,1,0,0,0,0,1,0,24,40,38,11,10,17,26,3,3,0,0,2,,4,,0,0,0,0,0,0,0,0,0,0,,,1,24,37,24,13,0,1,0,2
CHN190005210,box,1900-05-21,0,CHI08,R,0,PHI,CHN,1,1,0,0,1,,35,2,6,7,1,0,0,,1,,3,0,6,0,1,0,0,6,2,0,10,1,1,1,0,0,0,1,0,0,27,34,32,1,1,6,6,0,0,0,0,1,0,3,0,0,1,0,0,0,0,0,0,0,0,,,1,27,43,27,14,2,1,0,0
CHN190005220,box,1900-05-22,0,CHI08,R,0,PHI,CHN,1,1,0,0,1,,38,8,11,13,2,0,0,,5,,4,,4,,2,1,0,0,,0,10,1,1,1,0,0,0,1,0,0,27,37,35,5,3,9,11,2,0,0,0,0,0,4,,2,0,0,0,0,0,0,0,0,0,,,1,27,48,27,17,4,2,0,0
CHN190005230,box,1900-05-23,0,CHI08,R,0,PHI,CHN,1,0,1,0,1,,33,3,10,14,0,2,0,,2,,3,0,2,0,1,0,0,2,1,0,7,1,1,1,0,0,0,0,1,0,24,35,32,5,3,10,15,2,0,1,0,1,0,2,1,1,1,0,0,0,0,0,0,0,0,,,1,24,40,24,14,2,1,0,0
SLN190005240,box,1900-05-24,0,STL05,R,0,PHI,SLN,1,0,1,0,1,,36,5,10,11,1,0,0,,5,,3,,2,,0,1,0,3,,0,8,1,1,1,0,0,0,0,1,0,27,46,44,11,8,17,25,0,1,2,0,1,,3,,0,1,0,0,0,0,0,0,0,0,,,1,27,38,26,9,3,1,0,1
SLN190005250,box,1900-05-25,0,STL05,R,0,PHI,SLN,1,1,0,0,1,,28,3,6,9,1,1,0,,1,,1,,1,,0,2,0,1,,0,4,1,1,1,0,0,0,1,0,0,27,32,28,1,1,6,7,1,0,0,0,4,,1,,0,0,0,0,0,0,0,0,0,0,,,1,27,41,27,14,0,1,0,0
SLN190005260,box,1900-05-26,0,STL05,R,0,PHI,SLN,1,0,1,0,1,,37,5,11,12,1,0,0,,4,,0,0,5,,0,3,0,1,,0,8,1,1,0,0,0,1,0,1,0,26,37,36,6,3,11,14,1,1,0,0,1,,1,,0,0,0,0,1,0,0,0,0,0,,,1,26,45,26,16,3,0,0,1
SLN190005280,box,1900-05-28,0,STL05,R,0,PHI,SLN,1,1,0,0,1,,42,11,15,23,1,2,1,,8,,2,,3,,0,0,0,4,,0,6,1,1,0,0,0,1,1,0,1,27,38,34,4,4,7,11,1,0,1,0,3,,7,,1,0,0,0,0,0,0,0,0,0,,,1,27,40,27,12,1,0,0,1
PHI190005301,box,1900-05-30,1,PHI09,R,1,PHI,CHN,1,1,0,0,1,,35,5,12,14,0,1,0,,5,,0,0,2,,1,2,0,3,,0,9,1,1,1,0,0,0,1,0,0,27,36,33,2,1,8,8,0,0,0,0,2,,0,,0,1,0,0,0,0,0,0,0,0,,,1,27,49,27,19,3,2,0,0
PHI190005302,box,1900-05-30,2,PHI09,R,1,PHI,CHN,1,1,0,0,1,,43,13,16,18,0,1,0,,10,,0,0,1,,0,1,0,2,,0,7,1,1,1,0,0,0,1,0,0,27,39,37,3,2,11,16,3,1,0,0,2,,4,,0,0,0,0,0,0,0,0,0,0,,,1,27,49,27,21,1,2,0,0
PHI190005310,box,1900-05-31,0,PHI09,R,1,PHI,CHN,1,1,0,0,1,,27,3,6,9,0,0,1,,3,,2,,1,,0,1,0,1,,0,3,1,1,1,1,0,0,1,0,0,27,32,29,0,0,4,4,0,0,0,0,3,,2,,0,0,0,0,0,0,0,0,0,0,,,1,27,37,27,10,0,0,0,0
PHI190006010,box,1900-06-01,0,PHI09,R,1,PHI,CHN,1,0,1,0,1,,32,2,5,8,1,1,0,,2,,4,,,,0,0,0,0,,0,7,1,1,1,0,0,0,0,1,0,27,39,36,7,6,10,12,2,0,0,0,0,0,,,1,2,0,0,0,0,0,0,0,0,,,1,27,41,27,11,3,1,0,0
PHI190006020,box,1900-06-02,0,PHI09,R,1,PHI,PIT,1,1,0,0,1,,19,8,8,8,0,0,0,,5,,3,,1,,0,1,0,1,,0,3,1,1,1,0,0,0,1,0,0,15,22,20,2,2,5,6,1,0,0,0,2,,1,,0,0,0,0,0,0,0,0,0,0,,,1,15,23,15,8,0,0,0,0
PHI190006040,box,1900-06-04,0,PHI09,R,1,PHI,PIT,1,0,1,0,1,,33,4,7,7,0,0,0,,2,,6,,5,,0,1,0,3,,0,6,1,1,1,0,0,0,0,1,0,30,42,38,5,1,10,13,1,1,0,0,3,,6,,0,1,0,0,0,0,0,0,0,0,,,1,30,41,30,9,2,1,0,0
PHI190006050,box,1900-06-05,0,PHI09,R,1,PHI,PIT,1,1,0,0,1,,36,6,11,16,2,0,1,,6,,5,,2,,0,0,0,4,,0,11,1,1,1,0,0,0,1,0,0,27,36,35,5,5,6,10,4,0,0,0,1,,1,,0,0,0,0,3,0,0,0,0,0,,,1,27,43,27,14,2,0,0,0
PHI190006060,box,1900-06-06,0,PHI09,R,1,PHI,PIT,1,0,1,0,1,,32,3,9,9,0,0,0,,2,,4,,8,,1,0,0,0,,0,7,1,1,1,0,0,0,0,1,0,27,39,33,6,5,10,16,2,2,0,0,2,,2,,2,2,0,0,0,0,0,0,0,0,,,1,27,41,27,11,3,0,0,0
PHI190006070,box,1900-06-07,0,PHI09,R,1,PHI,CIN,1,0,1,0,1,,34,1,8,8,0,0,0,,1,,1,0,5,0,1,0,0,0,0,0,8,1,1,0,0,0,1,0,1,0,27,41,41,5,4,12,17,1,2,0,0,0,0,2,0,0,0,0,0,0,0,0,0,0,0,,,1,27,43,27,13,3,1,0,2
PHI190006090,box,1900-06-09,0,PHI09,R,1,PHI,CIN,1,1,0,0,1,,35,9,12,19,5,1,0,,8,,2,,2,,0,1,0,4,,0,5,1,1,1,0,0,0,1,0,0,27,36,32,3,2,8,13,2,0,1,0,4,,,,0,0,0,0,0,0,0,0,0,0,,,1,27,43,27,15,1,2,0,0
PHI190006110,box,1900-06-11,0,PHI09,R,1,PHI,CIN,1,0,1,0,1,,41,8,14,19,3,1,0,,8,,3,,3,,0,0,0,1,,0,9,1,1,0,0,0,1,0,1,0,27,49,45,13,13,24,30,1,1,1,0,2,,5,,1,1,0,0,0,0,0,0,0,0,,,1,27,40,27,13,0,0,0,0
PHI190006120,box,1900-06-12,0,PHI09,R,1,PHI,SLN,1,1,0,0,1,,33,6,9,11,2,0,0,,5,,4,,1,,0,1,0,0,,0,8,1,1,1,0,0,0,1,0,0,27,41,40,5,4,16,18,2,0,0,0,1,,2,,0,0,0,0,0,1,0,0,0,0,,,1,27,47,27,18,2,1,0,0
PHI190006130,box,1900-06-13,0,PHI09,R,1,PHI,SLN,1,1,0,0,1,,36,11,16,18,2,0,0,,10,,1,,4,,2,5,0,2,,0,9,1,1,1,0,0,0,1,0,0,27,42,35,7,7,10,14,0,2,0,0,5,,4,,2,0,0,0,0,0,0,0,0,0,,,1,27,38,27,11,0,1,0,0
PHI190006140,box,1900-06-14,0,PHI09,R,1,PHI,SLN,1,1,0,0,1,,38,11,14,22,2,3,0,,9,,5,,1,,0,3,0,2,,0,11,1,1,1,0,0,0,1,0,0,27,39,37,5,5,12,15,1,1,0,0,2,,1,,0,0,0,0,0,0,0,0,0,0,,,1,27,42,27,14,1,3,0,0
PHI190006150,box,1900-06-15,0,PHI09,R,1,PHI,NY1,1,1,0,0,1,,34,3,11,13,2,0,0,,3,,0,0,3,0,0,1,0,0,3,0,8,1,1,1,0,0,0,1,0,0,27,37,33,2,1,9,9,0,0,0,0,3,0,2,1,0,1,0,0,0,0,0,0,0,0,,,1,27,47,27,19,1,1,0,1
PHI190006160,box,1900-06-16,0,PHI09,R,1,PHI,NY1,1,0,1,0,1,,33,5,11,11,0,0,0,,5,,4,0,1,0,0,4,0,0,2,0,9,1,1,1,0,0,0,0,1,0,27,35,34,6,6,10,13,1,1,0,0,1,0,5,1,0,0,0,0,0,0,0,0,0,0,,,1,27,38,27,11,0,1,0,0
PHI190006180,box,1900-06-18,0,PHI09,R,1,PHI,NY1,1,1,0,0,1,,29,2,7,8,1,0,0,,1,,1,0,3,0,2,2,0,3,0,0,8,1,1,1,0,0,0,1,0,0,27,35,33,1,0,8,10,0,1,0,0,1,0,1,1,1,0,0,0,0,0,0,0,0,0,,,1,27,47,27,17,3,2,0,0
PHI190006190,box,1900-06-19,0,PHI09,R,1,PHI,NY1,1,0,1,0,1,,36,1,10,10,0,0,0,,0,,3,0,1,0,1,1,0,0,0,0,13,1,1,0,0,0,1,0,1,0,27,44,36,8,8,10,11,1,0,0,0,7,0,2,0,0,0,0,0,0,1,0,0,0,0,,,1,27,41,27,13,1,0,0,2
PHI190006200,box,1900-06-20,0,PHI09,R,1,PHI,BRO,1,1,0,0,1,,30,5,8,14,0,0,2,,5,,2,0,2,0,0,1,0,1,1,0,4,1,1,1,0,0,0,1,0,0,27,45,39,4,4,13,15,0,1,0,0,5,0,1,0,0,1,0,0,0,0,0,0,0,0,,,1,27,44,27,16,1,0,0,2
PHI190006210,box,1900-06-21,0,PHI09,R,1,PHI,BRO,1,0,1,0,1,,36,6,10,11,1,0,0,,6,,3,0,,0,2,1,0,4,1,0,9,1,1,0,0,0,1,0,1,0,27,44,38,8,6,13,15,2,0,0,0,3,0,,0,3,0,0,0,2,0,0,0,0,0,,,1,27,41,27,11,3,1,0,2
PHI190006220,box,1900-06-22,0,PHI09,R,1,PHI,BRO,1,0,1,0,1,,44,13,19,20,1,0,0,,13,,5,0,,2,1,2,0,1,1,0,9,1,1,0,0,0,1,0,1,0,33,63,51,20,17,22,26,4,0,0,0,10,0,,0,1,1,0,0,0,0,0,0,0,0,,,1,33,51,33,14,4,1,0,0
BSN190006230,box,1900-06-23,0,BOS05,R,0,PHI,BSN,1,1,0,0,1,,41,10,13,17,0,2,0,,7,,3,0,1,1,0,1,0,2,1,0,8,1,1,1,0,0,0,1,0,0,27,42,37,4,0,8,9,1,0,0,0,5,0,5,0,0,0,0,0,0,0,0,0,0,0,,,1,27,46,27,13,6,0,0,0
BSN190006250,box,1900-06-25,0,BOS05,R,0,PHI,BSN,1,0,1,0,1,,30,4,8,10,2,0,0,,4,,8,,6,,0,2,0,1,,0,9,1,1,0,0,0,1,0,1,0,24,56,42,20,11,18,20,2,0,0,0,8,,0,,5,1,0,0,0,0,0,0,0,0,,,1,24,46,24,17,5,0,0,0
BSN190006260,box,1900-06-26,0,BOS05,R,0,PHI,BSN,1,0,1,0,1,,35,6,10,12,0,1,0,,6,,6,0,5,1,0,0,0,1,2,0,8,1,1,1,0,0,0,0,1,0,24,44,39,10,9,17,23,4,1,0,0,5,0,1,0,0,0,0,0,0,0,0,0,0,0,,,1,24,42,24,16,2,0,0,1
PIT190006280,box,1900-06-28,0,PIT05,R,0,PHI,PIT,1,0,1,0,1,,26,0,2,2,0,0,0,,0,,1,,2,,1,0,0,0,,0,1,1,1,1,0,0,0,0,1,0,24,34,28,3,2,5,8,1,1,0,0,2,,1,,2,2,0,0,0,0,0,0,0,0,,,1,24,39,24,12,3,0,0,0
PIT190006290,box,1900-06-29,0,PIT05,R,0,PHI,PIT,1,1,0,0,1,,35,4,7,7,0,0,0,,2,,4,,4,,2,1,0,3,,0,11,1,1,1,0,0,0,1,0,0,27,40,29,2,2,3,3,0,0,0,0,8,,1,,2,1,0,0,1,0,0,0,0,0,,,1,27,39,27,11,1,2,0,0
PIT190006300,box,1900-06-30,0,PIT05,R,0,PHI,PIT,1,0,1,0,1,,34,3,6,10,2,1,0,,1,,2,,2,,0,0,0,1,,0,6,1,1,1,0,0,0,0,1,0,24,34,30,5,3,9,11,0,1,0,0,1,,0,,0,3,0,0,0,0,0,0,0,0,,,1,24,42,24,16,2,0,0,0
CHN190007020,box,1900-07-02,0,CHI08,R,0,PHI,CHN,1,0,1,0,1,,28,0,3,5,0,1,0,,0,,1,0,4,0,0,0,0,1,1,0,2,1,1,1,0,0,0,0,1,0,24,34,34,6,6,9,15,2,2,0,0,0,0,2,0,0,0,0,0,0,0,0,0,0,0,,,1,24,38,24,11,3,0,0,0
CHN190007030,box,1900-07-03,0,CHI08,R,0,PHI,CHN,1,0,1,0,1,,34,3,10,11,1,0,0,,2,,2,0,2,1,0,0,0,0,1,0,6,1,1,1,0,0,0,0,1,0,24,39,37,9,8,14,17,1,1,0,0,2,0,2,0,0,0,0,0,0,0,0,0,0,0,,,1,24,43,24,16,3,0,0,1
CHN190007041,box,1900-07-04,1,CHI08,R,0,PHI,CHN,1,0,1,0,1,,33,4,9,11,2,0,0,,4,,2,,2,,2,1,0,0,,0,7,1,1,1,0,0,0,0,1,0,24,43,35,10,2,11,11,0,0,0,0,4,,0,,2,2,0,0,0,0,0,0,0,0,,,1,24,45,24,16,5,0,0,2
CHN190007042,box,1900-07-04,2,CHI08,R,0,PHI,CHN,1,0,1,0,1,,49,4,14,15,1,0,0,,4,,5,0,2,0,0,3,0,5,0,0,17,1,1,1,0,0,0,0,1,0,33,42,40,5,2,7,11,2,1,0,0,1,0,3,0,0,1,0,0,0,0,0,0,0,0,,,1,33,54,33,17,4,0,0,0
SLN190007050,box,1900-07-05,0,STL05,R,0,PHI,SLN,1,1,0,0,1,,38,3,10,15,1,2,0,,2,,2,,,,0,1,0,2,,0,8,1,1,1,0,0,0,1,0,0,30,40,35,2,0,8,8,0,0,0,0,4,,,,1,0,0,0,0,0,0,0,0,0,,,1,30,54,30,21,3,2,0,2
SLN190007060,box,1900-07-06,0,STL05,R,0,PHI,SLN,1,1,0,0,1,,36,10,10,15,3,1,0,,8,,4,,3,,0,0,0,0,,0,6,1,1,1,0,0,0,1,0,0,27,45,42,6,3,13,14,1,0,0,0,3,,1,,0,0,0,0,0,0,0,0,0,0,,,1,27,43,27,11,5,0,0,0
SLN190007070,box,1900-07-07,0,STL05,R,0,PHI,SLN,1,0,1,0,1,,41,6,12,19,1,0,2,,6,,3,,1,,0,0,0,0,,0,11,1,1,0,0,0,1,0,1,0,24,42,32,10,8,12,17,1,2,0,0,6,,2,,1,3,0,0,0,0,0,0,0,0,,,1,24,44,24,17,3,0,0,0
CIN190007090,box,1900-07-09,0,CIN05,R,0,PHI,CIN,1,0,1,0,1,,38,4,8,12,0,2,0,,3,,7,,,,0,0,0,2,,0,8,1,1,1,0,0,0,0,1,0,31,41,38,5,3,7,13,0,3,0,0,2,,1,,1,0,0,0,0,0,0,0,0,0,,,1,31,49,31,16,2,2,0,1
CIN190007100,box,1900-07-10,0,CIN05,R,0,PHI,CIN,1,0,1,0,1,,33,2,5,8,0,0,1,,1,,1,,,,1,0,0,0,,0,6,1,1,1,0,0,0,0,1,0,24,33,32,5,1,8,11,0,0,1,0,1,,,,0,0,0,0,0,0,0,0,0,0,,,1,24,39,24,12,3,3,0,0
CIN190007110,box,1900-07-11,0,CIN05,R,0,PHI,CIN,1,0,1,0,1,,32,6,5,5,0,0,0,,5,,3,,4,,0,0,0,4,,0,2,1,1,0,0,0,1,0,1,0,25,39,34,7,4,8,13,0,1,1,0,2,,0,,1,2,0,0,0,0,0,0,0,0,,,1,25,42,25,12,5,1,0,0
CIN190007120,box,1900-07-12,0,CIN05,R,0,PHI,CIN,1,0,1,0,1,,25,0,0,0,0,0,0,,0,,2,,8,,1,0,0,0,,0,1,1,1,1,0,0,0,0,1,0,24,36,30,4,4,7,12,0,1,1,0,5,,2,,0,1,0,0,1,0,0,0,0,0,,,1,24,39,24,14,1,1,0,1
PIT190007130,box,1900-07-13,0,PIT05,R,0,PHI,PIT,1,1,0,0,1,,47,23,24,35,3,4,0,,15,,7,,3,,0,1,0,3,,0,8,1,1,1,0,0,0,1,0,0,24,36,32,8,6,9,14,0,1,1,0,3,,,,1,0,0,0,0,0,0,0,0,0,,,1,24,45,24,15,6,1,0,1
PHI190007140,box,1900-07-14,0,PHI09,R,1,PHI,BSN,1,1,0,0,1,,26,1,4,9,1,2,0,,1,,2,0,2,0,0,0,0,0,1,0,3,1,1,1,1,0,0,1,0,0,27,33,29,0,0,1,1,0,0,0,0,3,0,4,0,0,1,0,0,0,0,0,0,0,0,,,1,27,42,27,12,3,1,0,0
PHI190007160,box,1900-07-16,0,PHI09,R,1,PHI,BSN,1,0,1,0,1,,30,1,6,6,0,0,0,,1,,3,,,,1,0,0,1,,0,6,1,1,1,0,0,0,0,1,0,27,44,38,8,8,17,19,0,1,0,0,4,,,,0,2,0,0,0,0,0,0,0,0,,,1,27,42,27,13,2,0,0,0
PHI190007170,box,1900-07-17,0,PHI09,R,1,PHI,BSN,1,0,1,0,1,,31,4,5,6,1,0,0,,4,,3,,3,,1,0,0,0,,0,4,1,1,1,0,0,0,0,1,0,27,46,41,9,6,15,16,1,0,0,0,5,,1,,0,0,0,0,0,0,0,0,0,0,,,1,27,41,27,10,4,0,0,0
PHI190007190,box,1900-07-19,0,PHI09,R,1,PHI,PIT,1,1,0,0,1,,31,4,10,12,2,0,0,,4,,2,,1,,0,1,0,1,,0,6,1,1,1,0,0,0,1,0,0,27,39,36,3,2,10,11,1,0,0,0,2,,1,,0,1,0,0,1,0,0,0,0,0,,,1,27,49,27,19,3,1,0,0
PHI190007200,box,1900-07-20,0,PHI09,R,1,PHI,PIT,1,1,0,0,1,,32,7,8,13,2,0,1,,7,,4,,3,,1,0,0,0,,0,6,1,1,1,0,0,0,1,0,0,27,36,35,4,3,7,12,3,1,0,0,1,,4,,0,0,0,0,1,0,0,0,0,0,,,1,27,42,27,12,3,0,0,3
PHI190007210,box,1900-07-21,0,PHI09,R,1,PHI,PIT,1,1,0,0,1,,26,3,8,11,1,1,0,,3,,1,,1,,0,0,0,0,,0,4,1,1,1,1,0,0,1,0,0,21,28,27,0,0,6,6,0,0,0,0,0,0,4,,1,0,0,0,0,0,0,0,0,0,,,1,21,29,21,8,0,0,0,0
PHI190007230,box,1900-07-23,0,PHI09,R,1,PHI,CIN,1,0,0,1,1,,38,4,7,9,2,0,0,,3,,2,,2,,1,1,0,1,,0,5,1,1,1,0,0,0,0,0,0,33,47,41,4,3,8,11,1,1,0,0,4,,1,,1,1,0,0,0,0,0,0,0,0,,,1,33,52,33,14,5,1,0,0
PHI190007240,box,1900-07-24,0,PHI09,R,1,PHI,CIN,1,1,0,0,1,,30,3,9,12,1,1,0,,3,,5,,3,,0,1,0,3,,0,9,1,1,1,0,0,0,1,0,0,27,33,32,1,1,7,7,0,0,0,0,1,,1,,0,0,0,0,0,0,0,0,0,0,,,1,27,38,27,11,0,1,0,0
PHI190007250,box,1900-07-25,0,PHI09,R,1,PHI,CIN,1,1,0,0,1,,43,13,22,23,1,0,0,,11,,4,,3,,1,3,0,3,,0,14,1,1,1,0,0,0,1,0,0,27,36,34,2,2,9,10,1,0,0,0,1,,0,,1,0,0,0,0,0,0,0,0,0,,,1,27,46,27,19,0,1,0,1
PHI190007270,box,1900-07-27,0,PHI09,R,1,PHI,CHN,1,1,0,0,1,,32,7,8,8,0,0,0,,6,,1,0,,1,2,0,0,0,1,0,4,1,1,1,0,0,0,1,0,0,27,39,31,4,3,6,9,3,0,0,0,7,0,,1,1,0,0,0,0,0,0,0,0,0,,,1,27,42,27,14,1,1,0,1
PHI190007280,box,1900-07-28,0,PHI09,R,1,PHI,CHN,1,0,1,0,1,,36,4,8,8,0,0,0,,4,,3,0,3,0,1,1,0,0,0,0,10,1,1,0,0,0,1,0,1,0,27,42,37,8,5,10,13,3,0,0,0,4,0,2,1,0,1,0,0,0,1,0,0,0,0,,,1,27,46,27,16,3,1,0,0
PHI190007310,box,1900-07-31,0,PHI09,R,1,PHI,SLN,1,0,1,0,1,,33,4,7,7,0,0,0,,4,,4,,1,,0,0,0,1,,0,6,1,1,0,0,0,1,0,1,0,27,47,39,11,9,14,14,0,0,0,0,7,,1,,1,0,0,0,0,0,0,0,0,0,,,1,27,37,27,8,2,3,0,0
PHI190008010,box,1900-08-01,0,PHI09,R,1,PHI,SLN,1,1,0,0,1,,39,8,12,13,1,0,0,,8,,0,0,4,,0,0,0,1,,0,7,1,1,1,0,0,0,1,0,0,27,43,38,7,6,13,14,1,0,0,0,3,,0,,1,1,0,0,0,0,0,0,0,0,,,1,27,44,27,14,3,2,0,0
PHI190008020,box,1900-08-02,0,PHI09,R,1,PHI,SLN,1,1,0,0,1,,35,10,15,18,3,0,0,,10,,5,,3,,0,1,0,2,,0,7,1,1,1,0,0,0,1,0,0,27,42,36,5,4,8,10,2,0,0,0,6,,2,,0,0,0,0,0,0,0,0,0,0,,,1,27,46,27,15,4,0,0,0
PIT190008040,box,1900-08-04,0,PIT05,R,0,PHI,PIT,1,0,1,0,1,,41,3,12,15,3,0,0,,3,,1,,1,,1,2,0,2,,0,9,1,1,0,0,0,1,0,1,0,32,52,44,4,1,14,15,1,0,0,0,4,,4,,2,2,0,0,0,0,0,0,0,0,,,1,32,55,32,20,3,1,0,1
PIT190008060,box,1900-08-06,0,PIT05,R,0,PHI,PIT,1,0,1,0,1,,37,3,12,14,0,1,0,,3,,3,,4,,0,0,0,3,,0,10,1,1,1,0,0,0,0,1,0,24,35,33,7,6,10,16,2,2,0,0,2,,1,,0,0,0,0,0,0,0,0,0,0,,,1,24,41,24,13,4,1,0,0
PIT190008070,box,1900-08-07,0,PIT05,R,0,PHI,PIT,1,0,1,0,1,,32,0,8,9,1,0,0,,0,,0,0,1,,1,0,0,0,,0,6,1,1,1,0,0,0,0,1,0,24,37,33,9,7,11,18,2,1,1,0,2,,1,,1,1,0,0,0,0,0,0,0,0,,,1,24,37,24,10,3,0,0,1
CHN190008080,box,1900-08-08,0,CHI08,R,0,PHI,CHN,1,1,0,0,1,,35,5,9,10,1,0,0,,4,,1,0,4,0,0,0,0,0,2,0,4,1,1,1,0,0,0,1,0,0,27,36,34,3,3,10,12,2,0,0,0,1,0,,2,1,0,0,0,0,0,0,0,0,0,,,1,27,49,27,18,4,3,0,0
CHN190008090,box,1900-08-09,0,CHI08,R,0,PHI,CHN,1,0,1,0,1,,31,1,3,4,1,0,0,,1,,1,0,2,1,0,0,0,0,0,0,4,1,1,1,0,0,0,0,1,0,24,40,30,5,5,11,19,2,0,2,0,8,0,3,2,0,2,0,0,0,0,0,0,0,0,,,1,24,38,24,14,0,2,0,1
CHN190008110,box,1900-08-11,0,CHI08,R,0,PHI,CHN,1,1,0,0,1,,34,2,7,9,2,0,0,,2,,1,0,3,0,0,0,0,0,0,0,6,1,1,1,1,0,0,1,0,0,27,32,30,0,0,5,5,0,0,0,0,1,0,2,1,0,1,0,0,0,0,0,0,0,0,,,1,27,41,27,13,1,1,0,0
SLN190008130,box,1900-08-13,0,STL05,R,0,PHI,SLN,1,0,1,0,1,,31,3,8,11,1,1,0,,3,,6,,2,,0,0,0,0,,0,7,1,1,1,0,0,0,0,1,0,24,42,36,10,9,18,29,4,2,1,0,4,,2,,1,1,0,0,0,0,0,0,0,0,,,1,24,43,24,17,2,1,0,1
SLN190008140,box,1900-08-14,0,STL05,R,0,PHI,SLN,1,0,1,0,1,,36,2,9,9,0,0,0,,1,,0,0,5,,0,0,0,1,,0,7,1,1,1,0,0,0,0,1,0,24,37,32,6,3,9,11,0,1,0,0,3,,0,,0,2,0,0,0,0,0,0,0,0,,,1,24,42,24,13,5,1,0,1
SLN190008150,box,1900-08-15,0,STL05,R,0,PHI,SLN,1,0,1,0,1,,35,5,7,9,2,0,0,,5,,3,,0,,0,1,0,1,,0,7,1,1,1,0,0,0,0,1,0,27,43,38,8,7,13,17,1,0,1,0,5,,2,,0,0,0,0,0,0,0,0,0,0,,,1,27,47,27,18,2,1,0,0
CIN190008160,box,1900-08-16,0,CIN05,R,0,PHI,CIN,1,0,1,0,1,,33,3,9,16,3,2,0,,2,,6,,2,,1,1,0,1,,0,11,1,1,1,0,0,0,0,1,0,24,39,36,6,6,11,15,4,0,0,0,3,,4,,0,0,0,0,1,0,0,0,0,0,,,1,24,37,24,11,2,0,0,1
CIN190008170,box,1900-08-17,0,CIN05,R,0,PHI,CIN,1,0,1,0,1,,37,4,9,10,1,0,0,,3,,3,,,,0,4,0,1,,0,7,1,1,1,0,0,0,0,1,0,31,43,39,5,3,15,19,4,0,0,0,1,,,,1,2,0,0,1,0,0,0,0,0,,,1,31,51,31,19,1,0,0,0
CIN190008180,box,1900-08-18,0,CIN05,R,0,PHI,CIN,1,0,1,0,1,,30,0,4,6,0,1,0,,0,,0,0,2,,0,0,0,0,,0,3,1,1,1,0,0,0,0,1,0,24,29,29,3,3,6,9,1,1,0,0,0,0,1,,0,0,0,0,0,0,0,0,0,0,,,1,24,38,24,12,2,0,0,0
PHI190008210,box,1900-08-21,0,PHI09,R,1,PHI,NY1,1,1,0,0,1,,31,5,6,9,3,0,0,,5,,6,0,2,0,0,2,0,0,0,0,6,1,1,1,0,0,0,1,0,0,30,42,38,4,3,9,9,0,0,0,0,2,0,2,1,1,1,0,0,0,0,0,0,0,0,,,1,30,45,30,13,2,2,0,1
NY1190008220,box,1900-08-22,0,NYC10,R,0,PHI,NY1,1,0,1,0,1,,35,2,8,8,0,0,0,,2,,2,0,2,0,0,0,0,3,0,0,8,1,1,1,0,0,0,0,1,0,24,39,33,8,3,13,16,1,1,0,0,3,0,3,1,0,3,0,0,0,0,0,0,0,0,,,1,24,45,24,15,6,2,0,0
NY1190008230,box,1900-08-23,0,NYC10,R,0,PHI,NY1,1,0,1,0,1,,39,4,15,17,2,0,0,,3,,2,0,1,0,1,1,0,0,1,0,12,1,1,1,0,0,0,0,1,0,24,38,36,5,4,15,17,2,0,0,0,1,0,,0,1,0,0,0,1,0,0,0,0,0,,,1,24,41,24,15,2,1,0,0
NY1190008240,box,1900-08-24,0,NYC10,R,0,PHI,NY1,1,1,0,0,1,,38,3,12,13,1,0,0,,3,,3,0,2,0,0,0,0,2,0,0,11,1,1,1,0,0,0,1,0,0,27,33,30,1,1,4,4,0,0,0,0,3,0,2,0,0,0,0,0,0,0,0,0,0,0,,,1,27,36,27,8,1,0,0,1
NY1190008250,box,1900-08-25,0,NYC10,R,0,PHI,NY1,1,1,0,0,1,,39,5,11,12,1,0,0,,3,,3,1,3,0,1,1,0,0,0,0,12,1,1,1,0,0,0,1,0,0,27,40,33,3,2,9,13,2,1,0,0,5,0,3,1,1,1,0,0,0,0,0,0,0,0,,,1,27,42,27,13,2,1,0,0
BRO190008280,box,1900-08-28,0,NYC12,R,0,PHI,BRO,1,0,1,0,1,,42,6,16,23,1,0,2,,6,,1,,,,0,1,0,2,,0,11,1,1,1,0,0,0,0,1,0,24,45,37,10,8,16,21,0,1,1,0,7,,,,0,1,0,0,0,0,0,0,0,0,,,1,24,41,24,14,3,0,0,0
BRO190008290,box,1900-08-29,0,NYC12,R,0,PHI,BRO,1,1,0,0,1,,34,8,14,15,1,0,0,,6,,8,,0,,1,2,0,0,,0,10,1,1,1,1,0,0,1,0,0,27,36,30,0,0,5,6,1,0,0,0,4,,,,1,1,0,0,0,0,0,0,0,0,,,1,27,47,27,19,1,0,0,2
BRO190008300,box,1900-08-30,0,NYC12,R,0,PHI,BRO,1,0,1,0,1,,34,3,7,7,0,0,0,,2,,6,0,0,0,0,0,0,2,1,0,10,1,1,1,0,0,0,0,1,0,24,42,38,14,11,18,28,2,4,0,0,4,0,3,0,0,0,0,0,0,0,0,0,0,0,,,1,24,37,24,11,2,1,0,1
BRO190008310,box,1900-08-31,0,NYC12,R,0,PHI,BRO,1,1,0,0,1,,32,9,10,11,1,0,0,,5,,9,0,2,1,0,4,0,2,2,0,9,1,1,0,0,0,1,1,0,0,27,41,33,4,2,7,10,0,0,1,0,7,0,2,1,0,1,0,0,0,0,0,0,0,0,,,1,27,46,27,18,1,1,0,0
BRO190009010,box,1900-09-01,0,NYC12,R,0,PHI,BRO,1,0,1,0,1,,33,2,7,9,0,1,0,,1,,3,,,,0,0,0,1,,0,7,1,1,1,0,0,0,0,1,0,24,35,33,5,5,9,12,1,1,0,0,2,,,,0,0,0,0,0,0,0,0,0,0,,,1,24,34,24,9,1,0,0,0
PHI190009031,box,1900-09-03,1,PHI09,R,1,PHI,SLN,1,1,0,0,1,,33,10,15,20,2,0,1,,8,,5,,2,,1,3,0,2,,0,8,1,1,1,0,0,0,1,0,0,27,36,34,2,2,8,9,1,0,0,0,1,,2,,1,0,0,0,0,0,0,0,0,0,,,1,27,41,27,14,0,0,0,0
PHI190009032,box,1900-09-03,2,PHI09,R,1,PHI,SLN,1,1,0,0,1,,39,10,14,25,4,2,1,,10,,1,,1,,3,0,0,4,,0,9,1,1,1,0,0,0,1,0,0,27,39,36,4,1,9,10,1,0,0,0,1,,3,,2,0,0,0,0,0,0,0,0,0,,,1,27,42,27,12,3,0,0,0
PHI190009040,box,1900-09-04,0,PHI09,R,1,PHI,SLN,1,1,0,0,1,,37,13,16,22,4,1,0,,9,,4,,0,,1,1,0,5,,0,6,1,1,1,0,0,0,1,0,0,27,41,39,8,6,12,17,2,0,1,0,1,,1,,1,0,0,0,0,0,0,0,0,0,,,1,27,41,26,12,3,0,0,0
PHI190009050,box,1900-09-05,0,PHI09,R,1,PHI,SLN,1,0,1,0,1,,36,1,10,12,2,0,0,,1,,0,0,2,,0,0,0,1,,0,8,1,1,1,0,0,0,0,1,0,27,43,39,7,3,9,12,1,1,0,0,2,,0,,2,0,0,0,0,0,0,0,0,0,,,1,27,44,27,13,4,0,0,0
PHI190009060,box,1900-09-06,0,PHI09,R,1,PHI,CHN,1,1,0,0,1,,47,20,25,37,5,2,1,,16,,4,0,2,1,1,0,0,3,2,0,8,1,1,0,0,0,1,1,0,0,27,41,34,5,5,8,11,1,1,0,0,5,0,1,0,1,1,0,0,0,0,0,0,0,0,,,1,27,41,27,13,1,0,0,1
PHI190009070,box,1900-09-07,0,PHI09,R,1,PHI,CHN,1,0,0,1,1,,39,6,12,13,1,0,0,,5,,3,0,,1,1,0,0,3,1,0,10,1,1,1,0,0,0,0,0,0,27,40,40,6,6,15,19,2,1,0,0,0,0,,0,0,0,0,0,0,0,0,0,0,0,,,1,27,44,27,17,0,0,0,1
PHI190009080,box,1900-09-08,0,PHI09,R,1,PHI,CHN,1,0,1,0,1,,33,2,6,7,1,0,0,,1,,1,0,2,0,2,0,0,5,0,0,7,1,1,1,0,0,0,0,1,0,27,38,35,5,5,10,11,1,0,0,0,2,0,0,0,0,1,0,0,0,1,0,0,0,0,,,1,27,40,27,12,1,1,0,0
PHI190009101,box,1900-09-10,1,PHI09,R,1,PHI,CHN,1,1,0,0,1,,33,6,10,14,4,0,0,,6,,4,0,3,0,1,1,0,1,1,0,9,1,1,1,1,0,0,1,0,0,27,36,34,0,0,8,8,0,0,0,0,1,0,1,1,0,1,0,0,0,0,0,0,0,0,,,1,27,38,27,10,1,1,0,0
PHI190009102,box,1900-09-10,2,PHI09,R,1,PHI,CHN,1,1,0,0,1,,24,5,7,10,0,0,1,,5,,3,0,2,0,3,2,0,0,3,0,3,1,1,0,0,0,1,1,0,1,27,35,32,2,2,5,8,0,0,1,0,2,0,2,0,0,1,0,0,0,0,0,0,0,0,,,1,27,42,27,14,1,0,0,3
PHI190009110,box,1900-09-11,0,PHI09,R,1,PHI,PIT,1,0,1,0,1,,30,0,2,2,0,0,0,,0,,2,0,1,0,1,0,0,0,0,0,6,1,1,1,0,0,0,0,1,0,27,33,32,2,2,7,10,1,1,0,0,0,0,1,0,1,0,0,0,0,0,0,0,0,0,,,1,27,43,27,16,0,0,0,0
PHI190009120,box,1900-09-12,0,PHI09,R,1,PHI,PIT,1,0,1,0,1,,39,9,14,17,3,0,0,,9,,6,0,8,2,2,0,0,1,1,0,11,1,1,0,0,0,1,0,1,0,27,46,42,10,9,17,24,5,1,0,0,2,0,5,2,0,2,0,0,1,0,0,0,0,0,,,1,27,42,27,13,2,2,0,1
PHI190009130,box,1900-09-13,0,PHI09,R,1,PHI,PIT,1,1,0,0,1,,38,11,16,18,2,0,0,,10,,6,0,2,0,2,2,0,5,1,0,13,1,1,1,0,0,0,1,0,0,27,43,38,6,6,15,20,2,0,1,0,5,0,3,2,0,0,0,0,0,0,0,0,0,0,,,1,27,38,27,11,0,2,0,2
PHI190009150,box,1900-09-15,0,PHI09,R,1,PHI,CIN,1,1,0,0,1,,45,6,12,15,3,0,0,,6,,4,,,,0,1,0,3,,0,10,1,1,0,0,0,1,1,0,0,36,52,46,5,5,13,16,3,0,0,0,5,,5,,0,1,0,0,0,0,0,0,0,0,,,1,36,53,36,16,1,1,0,0
PHI190009171,box,1900-09-17,1,PHI09,R,1,PHI,CIN,1,1,0,0,1,,27,4,7,10,1,1,0,,4,,2,,3,,1,1,0,0,,0,3,1,1,1,0,0,0,1,0,0,27,36,35,2,1,8,11,0,0,1,0,1,,3,,0,0,0,0,0,0,0,0,0,0,,,1,27,48,27,16,5,2,0,1
PHI190009172,box,1900-09-17,2,PHI09,R,1,PHI,CIN,1,1,0,0,1,,33,4,11,14,1,1,0,,3,,3,,2,,0,0,0,2,,0,8,1,1,1,0,0,0,1,0,0,27,31,27,1,1,3,3,0,0,0,0,3,,1,,0,1,0,0,0,0,0,0,0,0,,,1,27,44,27,17,0,0,0,0
PHI190009180,box,1900-09-18,0,PHI09,R,1,PHI,CIN,1,1,0,0,1,,33,6,9,9,0,0,0,,5,,7,,3,,2,1,0,5,,0,13,1,1,1,0,0,0,1,0,0,27,42,37,4,3,12,13,1,0,0,0,4,,2,,0,1,0,0,0,0,0,0,0,0,,,1,27,41,27,13,1,0,0,2
PHI190009190,box,1900-09-19,0,PHI09,R,1,PHI,CIN,1,1,0,0,1,,29,8,9,14,1,2,0,,7,,2,,0,,1,4,0,1,,0,4,1,1,0,0,0,1,1,0,0,27,40,38,7,7,12,15,3,0,0,0,1,,3,,0,1,0,0,1,0,0,0,0,0,,,1,27,44,27,15,2,0,0,1
BSN190009200,box,1900-09-20,0,BOS05,R,0,PHI,BSN,1,0,1,0,1,,39,2,10,14,4,0,0,,2,,2,,3,,0,0,0,0,,0,12,1,1,1,0,0,0,0,1,0,24,37,33,5,2,9,12,1,1,0,0,4,,2,,0,0,0,0,0,0,0,0,0,0,,,1,24,40,24,12,4,2,0,0
BSN190009211,box,1900-09-21,1,BOS05,R,0,PHI,BSN,1,0,1,0,1,,29,0,4,4,0,0,0,,0,,0,0,5,,0,1,0,1,,0,3,1,1,1,0,0,0,0,1,0,24,42,34,11,9,14,22,2,0,2,0,4,,2,,1,3,0,0,0,0,0,0,0,0,,,1,24,36,24,10,2,1,0,0
BSN190009212,box,1900-09-21,2,BOS05,R,0,PHI,BSN,1,1,0,0,1,,38,10,10,26,4,3,2,,10,,4,,1,,0,0,0,2,,0,5,1,1,1,0,0,0,1,0,0,27,41,35,6,5,12,17,0,1,1,0,4,,2,,0,2,0,0,0,0,0,0,0,0,,,1,27,46,27,16,3,1,0,0
BSN190009220,box,1900-09-22,0,BOS05,R,0,PHI,BSN,1,1,0,0,1,,34,5,9,14,0,1,1,,5,,4,,2,,0,1,0,4,,0,7,1,1,1,0,0,0,1,0,0,27,40,37,4,3,13,13,0,0,0,0,3,,0,,0,0,0,0,0,0,0,0,0,0,,,1,27,40,27,9,4,2,0,0
BRO190009240,box,1900-09-24,0,NYC12,R,0,PHI,BRO,1,1,0,0,1,,38,9,11,16,1,2,0,,8,,4,0,1,0,2,0,0,4,1,0,8,1,1,1,0,0,0,1,0,0,27,39,36,6,4,9,13,2,1,0,0,3,0,1,0,0,0,0,0,0,0,0,0,0,0,,,1,27,45,27,17,1,1,0,0
BRO190009250,box,1900-09-25,0,NYC12,R,0,PHI,BRO,1,1,0,0,1,,34,2,5,7,2,0,0,,2,,5,0,6,0,0,0,0,2,0,0,10,1,1,1,0,0,0,1,0,0,27,36,32,1,0,6,7,1,0,0,0,4,0,2,0,0,0,0,0,0,0,0,0,0,0,,,1,27,42,27,14,1,2,0,0
BRO190009260,box,1900-09-26,0,NYC12,R,0,PHI,BRO,1,0,1,0,1,,32,0,4,4,0,0,0,,0,,3,0,,0,0,0,0,2,0,0,8,1,1,1,0,0,0,0,1,0,24,42,39,12,11,17,26,3,0,2,0,2,0,,0,0,1,0,0,0,0,0,0,0,0,,,1,24,38,24,13,1,1,0,0
NY1190009270,box,1900-09-27,0,NYC10,R,0,PHI,NY1,1,0,1,0,1,,35,4,6,6,0,0,0,,3,,1,0,0,0,0,1,0,1,1,0,6,1,1,1,0,0,0,0,1,0,24,36,32,6,6,10,11,1,0,0,0,4,0,1,2,0,0,0,0,0,0,0,0,0,0,,,1,24,40,24,14,2,2,0,0
NY1190009280,box,1900-09-28,0,NYC10,R,0,PHI,NY1,1,1,0,0,1,,40,7,16,20,2,1,0,,7,,3,0,2,0,0,1,0,2,2,0,10,1,1,1,0,0,0,1,0,0,27,34,31,3,3,9,12,3,0,0,0,2,0,3,0,0,1,0,0,0,0,0,0,0,0,,,1,27,40,27,12,1,2,0,0
NY1190009290,box,1900-09-29,0,NYC10,R,0,PHI,NY1,1,0,1,0,1,,27,2,5,8,0,0,1,,2,,2,,0,,1,0,0,0,,0,4,1,1,1,0,0,0,0,1,0,21,32,26,4,2,8,10,2,0,0,0,5,,3,,0,1,0,0,0,0,0,0,0,0,,,1,21,34,21,9,4,0,0,1
NY1190010010,box,1900-10-01,0,NYC10,R,0,PHI,NY1,1,1,0,0,1,,37,5,13,14,1,0,0,,4,,1,0,,1,0,0,0,0,2,0,6,1,1,1,0,0,0,1,0,0,27,39,37,2,0,10,10,0,0,0,0,2,0,,2,0,0,0,0,0,0,0,0,0,0,,,1,27,42,27,13,2,2,0,1
PHI190010020,box,1900-10-02,0,PHI09,R,1,PHI,NY1,1,0,1,0,1,,31,2,7,7,0,0,0,,1,,1,0,2,1,2,0,0,0,1,0,8,1,1,1,0,0,0,0,1,0,24,36,33,6,6,11,14,3,0,0,0,2,0,0,2,1,0,0,0,0,0,0,0,0,0,,,1,24,41,24,15,2,2,0,0
PHI190010030,box,1900-10-03,0,PHI09,R,1,PHI,NY1,1,1,0,0,1,,39,5,12,14,2,0,0,,4,,1,0,2,0,0,0,0,0,0,0,10,1,1,1,0,0,0,1,0,0,27,40,34,4,3,10,12,2,0,0,0,4,0,4,0,1,1,0,0,0,0,0,0,0,0,,,1,27,40,27,12,1,0,0,0
PHI190010040,box,1900-10-04,0,PHI09,R,1,PHI,NY1,1,1,0,0,1,,31,5,7,12,3,1,0,,4,,2,0,1,1,1,0,0,2,0,0,5,1,1,1,0,0,0,1,0,0,27,42,41,4,3,14,15,1,0,0,0,1,0,2,0,0,0,0,0,0,0,0,0,0,0,,,1,27,42,27,14,1,0,0,2
PHI190010060,box,1900-10-06,0,PHI09,R,1,PHI,BRO,1,0,1,0,1,,36,6,14,19,1,2,0,,5,,5,,3,,0,0,0,0,,0,8,1,1,1,0,0,0,0,1,0,27,45,42,8,4,17,21,2,1,0,0,3,,0,,0,0,0,0,0,0,0,0,0,0,,,1,27,45,27,15,3,0,0,2
PHI190010100,box,1900-10-10,0,PHI09,R,1,PHI,BSN,1,1,0,0,1,,31,5,10,14,1,0,1,,5,,2,0,,0,1,0,0,2,1,0,5,1,1,1,0,0,0,1,0,0,27,35,32,2,2,8,9,1,0,0,0,3,0,,1,0,0,0,0,0,0,0,0,0,0,,,1,27,38,27,10,1,1,0,0
PHI190010110,box,1900-10-11,0,PHI09,R,1,PHI,BSN,1,0,1,0,1,,37,4,10,15,5,0,0,,4,,3,,1,,0,0,0,0,,0,9,1,1,1,0,0,0,0,1,0,27,43,35,9,6,13,13,0,0,0,0,4,,1,,2,2,0,0,0,0,0,0,0,0,,,1,27,48,27,15,6,1,0,0
PHI190010120,box,1900-10-12,0,PHI09,R,1,PHI,BSN,1,1,0,0,1,,32,5,7,8,1,0,0,,2,,1,0,,1,1,0,0,2,0,0,5,1,1,1,0,0,0,1,0,0,27,38,34,4,4,9,12,3,0,0,0,4,0,,0,0,0,0,0,1,0,0,0,0,0,,,1,27,42,27,15,0,1,0,0
PHI190010130,box,1900-10-13,0,PHI09,R,1,PHI,BSN,1,1,0,0,1,,31,8,10,14,4,0,0,,8,,4,,0,,0,0,0,2,,0,7,1,1,1,0,0,0,1,0,0,21,32,28,3,2,7,7,0,0,0,0,4,,0,,0,0,0,0,1,0,0,0,0,0,,,1,21,40,21,16,3,2,0,0
SLN190004190,box,1900-04-19,0,STL05,R,0,PIT,SLN,1,0,1,0,1,,30,0,5,6,1,0,0,,0,,0,0,9,,0,0,0,0,,0,3,1,1,0,0,0,1,0,1,0,24,31,30,3,3,7,9,0,1,0,0,0,0,4,,1,0,0,0,0,0,0,0,0,0,,,1,24,43,24,17,2,0,0,0
SLN190004210,box,1900-04-21,0,STL05,R,0,PIT,SLN,1,1,0,0,1,,40,4,13,15,0,1,0,,2,,3,0,,0,0,0,0,1,0,0,12,1,1,1,0,0,0,1,0,0,27,36,31,3,0,5,6,1,0,0,0,1,0,,1,2,2,0,0,0,0,0,0,0,0,,,1,27,45,27,16,2,1,0,0
SLN190004220,box,1900-04-22,0,STL05,R,0,PIT,SLN,1,0,1,0,1,,35,5,9,12,1,1,0,,4,,2,0,,0,0,0,0,1,0,0,5,1,1,0,0,0,1,0,1,0,26,41,33,6,6,14,17,1,1,0,0,3,0,,0,1,4,0,0,0,0,0,0,0,0,,,1,26,50,26,22,2,0,0,1
CIN190004230,box,1900-04-23,0,CIN05,R,0,PIT,CIN,1,1,0,0,1,,35,6,10,14,0,2,0,,5,,0,0,1,,1,2,0,2,,0,5,1,1,1,1,0,0,1,0,0,27,31,29,0,0,3,4,1,0,0,0,0,0,6,,1,1,0,0,0,0,0,0,0,0,,,1,27,40,27,12,1,0,0,0
CIN190004240,box,1900-04-24,0,CIN05,R,0,PIT,CIN,1,1,0,0,1,,31,5,7,12,3,1,0,,5,,3,,0,,1,0,0,2,,0,3,1,1,1,0,0,0,1,0,0,27,35,33,3,3,10,12,0,1,0,0,2,,3,,0,0,0,0,0,0,0,0,0,0,,,1,27,43,27,15,1,0,0,1
CIN190004250,box,1900-04-25,0,CIN05,R,0,PIT,CIN,1,0,1,0,1,,39,8,9,13,4,0,0,,5,,2,,,,3,0,0,2,,0,9,1,1,0,0,0,1,0,1,0,25,42,34,9,9,12,14,2,0,0,0,6,,,,1,1,0,0,0,0,0,0,0,0,,,1,25,41,25,15,1,0,0,0
PIT190004260,box,1900-04-26,0,PIT05,R,1,PIT,CIN,1,0,1,0,1,,41,11,12,14,2,0,0,,8,,5,,4,,0,0,0,0,,0,8,1,1,0,0,0,1,0,1,0,27,46,43,12,6,18,22,0,2,0,0,2,,7,,0,1,0,0,1,0,0,0,0,0,,,1,27,50,27,17,6,2,0,0
PIT190004270,box,1900-04-27,0,PIT05,R,1,PIT,CIN,1,0,1,0,1,,35,5,6,6,0,0,0,,4,,6,,1,,0,0,0,1,,0,9,1,1,0,0,0,1,0,1,0,27,57,51,19,9,22,29,5,1,0,0,5,,2,,1,0,0,0,0,0,0,0,0,0,,,1,27,42,27,8,7,0,0,0
PIT190004280,box,1900-04-28,0,PIT05,R,1,PIT,CIN,1,0,1,0,1,,38,4,9,15,1,1,1,,3,,4,,1,,0,1,0,0,,0,9,1,1,1,0,0,0,0,1,0,30,41,39,7,5,13,18,5,0,0,0,2,,2,,0,0,0,0,0,0,0,0,0,0,,,1,30,45,30,13,2,2,0,0
CIN190004290,box,1900-04-29,0,CIN05,R,0,PIT,CIN,1,1,0,0,1,,46,8,12,13,1,0,0,,7,,3,,2,,1,1,0,2,,0,10,1,1,1,0,0,0,1,0,0,33,55,48,6,5,15,21,6,0,0,0,4,,4,,2,1,0,0,1,0,0,0,0,0,,,1,33,52,33,17,2,0,0,1
PIT190005020,box,1900-05-02,0,PIT05,R,1,PIT,SLN,1,1,0,0,1,,37,6,9,13,2,1,0,,6,,2,,1,,0,0,0,0,,0,4,1,1,1,0,0,0,1,0,0,30,41,39,5,4,10,13,3,0,0,0,0,0,3,,0,2,0,0,0,0,0,0,0,0,,,1,30,51,30,18,3,1,0,1
PIT190005030,box,1900-05-03,0,PIT05,R,1,PIT,SLN,1,0,1,0,1,,33,2,6,6,0,0,0,,2,,0,0,2,,0,0,0,0,,0,4,1,1,1,0,0,0,0,1,0,27,40,39,9,3,11,15,0,2,0,0,1,,5,,0,0,0,0,0,0,0,0,0,0,,,1,27,43,27,11,5,0,0,2
PIT190005050,box,1900-05-05,0,PIT05,R,1,PIT,SLN,1,1,0,0,1,,31,5,7,8,1,0,0,,4,,3,,2,,0,1,0,3,,0,6,1,1,1,0,0,0,1,0,0,27,39,35,1,1,7,12,1,2,0,0,3,,3,,0,1,0,0,0,0,0,0,0,0,,,1,27,43,27,13,3,0,0,0
CHN190005060,box,1900-05-06,0,CHI08,R,0,PIT,CHN,1,0,1,0,1,,33,6,6,8,2,0,0,,4,,5,,3,,1,0,0,0,,0,6,1,1,0,0,0,1,0,1,0,24,36,33,7,2,8,9,1,0,0,0,0,0,3,,2,1,0,0,0,0,0,0,0,0,,,1,24,45,24,15,6,0,0,2
PIT190005070,box,1900-05-07,0,PIT05,R,1,PIT,CHN,1,1,0,0,1,,32,6,10,15,0,1,1,,6,,3,,3,,0,1,0,1,,0,6,1,1,1,0,0,0,1,0,0,27,36,34,4,3,9,12,3,0,0,0,1,,2,,1,0,0,0,0,1,0,0,0,0,,,1,27,44,27,16,1,0,0,0
PIT190005080,box,1900-05-08,0,PIT05,R,1,PIT,CHN,1,0,1,0,1,,38,1,7,11,0,2,0,,1,,2,,2,,0,0,0,0,,0,9,1,1,1,0,0,0,0,1,0,30,39,33,2,1,6,6,0,0,0,0,3,,3,,0,3,0,0,0,0,0,0,0,0,,,1,30,47,30,14,3,1,0,0
PIT190005100,box,1900-05-10,0,PIT05,R,1,PIT,CHN,1,1,0,0,1,,32,5,11,14,1,1,0,,5,,3,,1,,0,1,0,2,,0,7,1,1,1,0,0,0,1,0,0,27,38,36,4,2,9,14,0,1,1,0,1,,1,,0,1,0,0,0,0,0,0,0,0,,,1,27,42,27,12,3,0,0,0
PIT190005120,box,1900-05-12,0,PIT05,R,1,PIT,BSN,1,1,0,0,1,,32,5,8,16,2,3,0,,5,,4,,2,,0,0,0,3,,0,7,1,1,1,0,0,0,1,0,0,27,32,30,1,1,5,5,0,0,0,0,1,,4,,0,1,0,0,1,0,0,0,0,0,,,1,27,39,27,11,1,1,0,0
CIN190005130,box,1900-05-13,0,CIN05,R,0,PIT,CIN,1,1,0,0,1,,42,7,14,19,3,1,0,,7,,1,,3,,0,0,0,0,,0,9,1,1,1,0,0,0,1,0,0,27,39,37,6,4,9,11,2,0,0,0,2,,5,,0,0,0,0,1,0,0,0,0,0,,,1,27,42,27,11,4,1,0,1
PIT190005140,box,1900-05-14,0,PIT05,R,1,PIT,BSN,1,1,0,0,1,,34,6,10,18,1,2,1,,6,,6,,6,,0,0,0,2,,0,10,1,1,1,0,0,0,1,0,0,27,37,33,3,2,7,9,0,1,0,0,3,,1,,0,1,0,0,0,0,0,0,0,0,,,1,27,41,27,12,2,2,0,0
PIT190005150,box,1900-05-15,0,PIT05,R,1,PIT,BSN,1,1,0,0,1,,32,7,9,13,2,1,0,,5,,6,,2,,0,1,0,1,,0,8,1,1,1,0,0,0,1,0,0,27,37,35,5,2,7,12,0,1,1,0,2,,0,,0,0,0,0,0,0,0,0,0,0,,,1,27,44,27,15,2,1,0,0
PIT190005160,box,1900-05-16,0,PIT05,R,1,PIT,PHI,1,1,0,0,1,,38,8,14,24,2,4,0,,7,,1,,1,,0,0,0,4,,0,7,1,1,1,0,0,0,1,0,0,27,39,37,3,1,10,12,2,0,0,0,2,,5,,0,0,0,0,0,0,0,0,0,0,,,1,27,38,27,9,2,0,0,0
PIT190005170,box,1900-05-17,0,PIT05,R,1,PIT,PHI,1,0,1,0,1,,37,3,11,13,0,1,0,,3,,3,,1,,0,1,0,0,,0,11,1,1,0,0,0,1,0,1,0,27,39,34,4,2,6,8,0,1,0,0,3,,5,,1,1,0,0,0,0,0,0,0,0,,,1,27,41,27,11,3,0,0,2
PIT190005180,box,1900-05-18,0,PIT05,R,1,PIT,PHI,1,1,0,0,1,,38,11,17,26,3,3,0,,11,,2,,4,,0,0,0,3,,0,5,1,1,1,0,0,0,1,0,0,27,40,34,4,3,8,10,0,1,0,0,4,,3,,1,1,0,0,0,0,0,0,0,0,,,1,27,36,27,8,1,0,0,1
CHN190005200,box,1900-05-20,0,CHI08,R,0,PIT,CHN,1,0,1,0,1,,36,3,10,11,1,0,0,,3,,1,,1,,0,0,0,0,,0,7,1,1,1,0,0,0,0,1,0,24,38,33,6,5,11,13,2,0,0,0,1,,2,,1,3,0,0,0,0,0,0,0,0,,,1,24,38,24,12,2,0,0,0
PIT190005210,box,1900-05-21,0,PIT05,R,1,PIT,BRO,1,0,1,0,1,,32,5,6,10,2,1,0,,2,,6,0,1,2,1,0,0,1,0,0,7,1,1,1,0,0,0,0,1,0,27,43,41,7,4,13,19,2,2,0,0,2,0,3,1,0,0,0,0,1,0,0,0,0,0,,,1,27,43,27,10,6,1,0,2
PIT190005220,box,1900-05-22,0,PIT05,R,1,PIT,BRO,1,0,1,0,1,,35,1,9,9,0,0,0,,1,,2,0,2,0,1,0,0,1,0,0,10,1,1,1,0,0,0,0,1,0,27,38,33,4,4,8,11,1,1,0,0,3,0,2,1,2,0,0,0,0,0,0,0,0,0,,,1,27,43,27,16,0,1,0,1
PIT190005230,box,1900-05-23,0,PIT05,R,1,PIT,BRO,1,1,0,0,1,,34,8,9,14,1,2,0,,7,,1,0,0,1,0,0,0,2,0,0,3,1,1,0,0,0,1,1,0,0,27,41,31,5,5,5,8,1,1,0,0,8,0,2,0,2,0,0,0,0,0,0,0,0,0,,,1,27,41,27,13,1,1,0,0
PIT190005240,box,1900-05-24,0,PIT05,R,1,PIT,BRO,1,1,0,0,1,,39,5,12,15,3,0,0,,5,,1,0,2,0,0,0,0,0,0,0,8,1,1,1,0,0,0,1,0,0,30,39,37,4,3,9,11,0,1,0,0,1,0,4,1,0,1,0,0,0,0,0,0,0,0,,,1,30,46,30,14,2,2,0,0
PIT190005250,box,1900-05-25,0,PIT05,R,1,PIT,NY1,1,0,1,0,1,,33,3,8,11,1,1,0,,2,,2,0,1,1,1,0,0,0,0,0,6,1,1,0,0,0,1,0,1,0,27,41,33,4,4,9,12,1,1,0,0,5,0,9,1,1,2,0,0,0,0,0,0,0,0,,,1,27,37,27,10,0,1,0,0
PIT190005260,box,1900-05-26,0,PIT05,R,1,PIT,NY1,1,0,1,0,1,,34,6,6,10,2,1,0,,5,,7,0,3,1,2,0,0,0,0,0,10,1,1,0,0,0,1,0,1,0,27,46,39,13,9,16,26,2,4,0,0,4,0,3,1,1,2,0,0,1,0,0,0,0,0,,,1,27,49,27,18,4,2,0,0
CIN190005270,box,1900-05-27,0,CIN05,R,0,PIT,CIN,1,1,0,0,1,,41,10,15,21,2,2,0,,9,,1,,,,1,0,0,0,,0,6,1,1,1,0,0,0,1,0,0,27,36,34,2,2,7,9,0,1,0,0,2,,,,0,0,0,0,0,0,0,0,0,0,,,1,27,42,27,14,1,0,0,0
PIT190005280,box,1900-05-28,0,PIT05,R,1,PIT,NY1,1,1,0,0,1,,35,14,12,17,0,1,1,,13,,8,0,6,0,5,1,0,1,0,0,11,1,1,1,1,0,0,1,0,0,27,32,27,0,0,3,3,0,0,0,0,5,0,5,3,0,0,0,0,0,0,0,0,0,0,,,1,27,37,27,9,1,3,0,0
NY1190005301,box,1900-05-30,1,NYC10,R,0,PIT,NY1,1,1,0,0,1,,33,7,11,13,2,0,0,,6,,4,0,2,0,1,1,0,1,2,0,5,1,1,1,0,0,0,1,0,0,27,38,34,6,4,9,14,3,1,0,0,2,0,7,0,1,1,0,0,0,0,0,0,0,0,,,1,27,40,27,8,5,0,0,0
NY1190005302,box,1900-05-30,2,NYC10,R,0,PIT,NY1,1,0,1,0,1,,36,1,6,6,0,0,0,,1,,1,0,0,0,2,0,0,1,1,0,11,1,1,1,0,0,0,0,1,0,24,36,33,9,4,7,7,0,0,0,0,2,0,4,0,0,1,0,0,0,0,0,0,0,0,,,1,24,41,24,13,4,0,0,1
NY1190005310,box,1900-05-31,0,NYC10,R,0,PIT,NY1,1,1,0,0,1,,36,6,9,13,2,1,0,,5,,5,,2,,1,0,0,0,,0,9,1,1,1,0,0,0,1,0,0,27,39,37,4,3,12,16,2,1,0,0,1,,0,,1,0,0,0,0,0,0,0,0,0,,,1,27,45,27,13,5,1,0,0
NY1190006010,box,1900-06-01,0,NYC10,R,0,PIT,NY1,1,0,1,0,1,,30,4,6,7,1,0,0,,3,,9,0,6,3,0,1,0,0,0,0,9,1,1,0,0,0,1,0,1,0,24,30,27,6,4,6,8,0,1,0,0,1,0,4,1,1,1,0,0,1,0,0,0,0,0,,,1,24,38,24,11,3,1,0,0
PHI190006020,box,1900-06-02,0,PHI09,R,0,PIT,PHI,1,0,1,0,1,,20,2,5,6,1,0,0,,2,,2,,1,,0,0,0,1,,0,5,1,1,1,0,0,0,0,1,0,12,23,19,8,6,8,8,0,0,0,0,3,,1,,0,1,0,0,2,0,0,0,0,0,,,1,12,20,12,7,1,0,0,0
PHI190006040,box,1900-06-04,0,PHI09,R,0,PIT,PHI,1,1,0,0,1,,38,5,10,13,1,1,0,,3,,3,,6,,0,1,0,1,,0,7,1,1,0,0,0,1,1,0,0,30,40,33,4,2,7,7,0,0,0,0,6,,5,,0,1,0,0,0,0,0,0,0,0,,,1,30,50,30,18,2,0,0,0
PHI190006050,box,1900-06-05,0,PHI09,R,0,PIT,PHI,1,0,1,0,1,,35,5,6,10,4,0,0,,3,,1,,1,,0,0,0,0,,0,4,1,1,1,0,0,0,0,1,0,24,41,36,6,5,11,16,2,0,1,0,5,,2,,0,0,0,0,0,0,0,0,0,0,,,1,24,29,24,3,2,1,0,0
PHI190006060,box,1900-06-06,0,PHI09,R,0,PIT,PHI,1,1,0,0,1,,33,6,10,16,2,2,0,,5,,2,,2,,2,2,0,2,,0,6,1,1,1,0,0,0,1,0,0,27,37,32,3,2,9,9,0,0,0,0,4,,8,,1,0,0,0,0,0,0,0,0,0,,,1,27,42,27,13,2,3,0,1
BRO190006070,box,1900-06-07,0,NYC12,R,0,PIT,BRO,1,1,0,0,1,,37,7,12,19,1,3,0,,7,,1,0,1,0,0,1,0,1,1,0,5,1,1,1,0,0,0,1,0,0,27,40,39,4,3,12,13,1,0,0,0,1,0,3,1,0,0,0,0,0,0,0,0,0,0,,,1,27,39,27,11,1,1,0,0
BRO190006090,box,1900-06-09,0,NYC12,R,0,PIT,BRO,1,0,1,0,1,,35,3,8,9,1,0,0,,3,,1,0,1,0,0,0,0,0,0,0,6,1,1,1,0,0,0,0,1,0,27,45,39,9,9,14,19,3,1,0,0,4,0,1,1,0,2,0,0,0,0,0,0,0,0,,,1,27,51,27,23,1,1,0,1
BRO190006110,box,1900-06-11,0,NYC12,R,0,PIT,BRO,1,0,1,0,1,,38,7,9,9,0,0,0,,6,,1,0,0,0,0,1,0,0,0,0,6,1,1,0,0,0,1,0,1,0,24,37,35,8,7,13,18,0,1,1,0,0,0,4,0,1,1,0,0,1,1,0,0,0,0,,,1,24,36,24,9,3,1,0,0
BSN190006120,box,1900-06-12,0,BOS05,R,0,PIT,BSN,1,0,1,0,1,,31,1,5,5,0,0,0,,0,,3,,2,,0,2,0,1,,0,8,1,1,1,0,0,0,0,1,0,24,32,27,3,3,6,9,0,0,1,0,4,,1,,0,1,0,0,0,0,0,0,0,0,,,1,24,35,24,10,1,1,0,0
BSN190006130,box,1900-06-13,0,BOS05,R,0,PIT,BSN,1,0,1,0,1,,28,0,3,3,0,0,0,,0,,2,0,2,0,0,0,0,0,2,0,3,1,1,1,0,0,0,0,1,0,24,32,28,1,1,6,9,0,0,1,0,2,0,0,1,0,2,0,0,0,0,0,0,0,0,,,1,24,42,24,17,1,1,0,0
BSN190006140,box,1900-06-14,0,BOS05,R,0,PIT,BSN,1,0,1,0,1,,34,3,7,8,1,0,0,,3,,0,0,,,0,0,0,0,,0,4,1,1,1,0,0,0,0,1,0,24,35,34,7,5,10,15,1,2,0,0,1,,,,0,0,0,0,0,0,0,0,0,0,,,1,24,34,24,8,2,0,0,0
PIT190006160,box,1900-06-16,0,PIT05,R,1,PIT,CHN,1,0,1,0,1,,38,5,12,16,2,1,0,,4,,1,,,,1,1,0,1,,0,9,1,1,0,0,0,1,0,1,0,27,39,37,8,6,13,19,2,2,0,0,0,0,2,,0,2,0,0,0,0,0,0,0,0,,,1,27,46,27,16,3,1,0,1
CHN190006170,box,1900-06-17,0,CHI08,R,0,PIT,CHN,1,0,1,0,1,,33,1,6,6,0,0,0,,1,,3,,6,,0,0,0,0,,0,8,1,1,1,0,0,0,0,1,0,24,38,32,8,4,9,13,2,1,0,0,3,,3,,1,2,0,0,1,0,0,0,0,0,,,1,24,37,24,10,3,0,0,1
CHN190006180,box,1900-06-18,0,CHI08,R,0,PIT,CHN,1,1,0,0,1,,36,4,7,14,2,1,1,,2,,1,,6,,2,1,0,2,,0,9,1,1,1,0,0,0,1,0,0,27,36,33,1,1,6,8,2,0,0,0,2,,8,,1,0,0,0,0,0,0,0,0,0,,,1,27,38,27,10,1,1,0,1
CHN190006190,box,1900-06-19,0,CHI08,R,0,PIT,CHN,1,0,1,0,1,,46,0,5,7,2,0,0,,0,,1,,7,,0,1,0,2,,0,6,1,1,1,0,0,0,0,1,0,41,54,44,1,1,7,7,0,0,0,0,8,,12,,0,2,0,0,0,0,0,0,0,0,,,1,41,56,40,15,1,0,0,1
CHN190006200,box,1900-06-20,0,CHI08,R,0,PIT,CHN,1,1,0,0,1,,34,8,12,15,0,0,1,,6,,3,,1,,0,6,0,0,,0,8,1,1,1,0,0,0,1,0,0,27,37,35,1,1,6,8,2,0,0,0,2,,2,,0,0,0,0,0,0,0,0,0,0,,,1,27,41,27,12,2,0,0,0
PIT190006260,box,1900-06-26,0,PIT05,R,1,PIT,CHN,1,1,0,0,1,,37,8,12,17,3,1,0,,7,,3,0,,0,2,0,0,2,1,0,10,1,1,1,0,0,0,1,0,0,27,38,35,6,5,12,14,2,0,0,0,1,0,,0,0,2,0,0,0,0,0,0,0,0,,,1,27,47,27,18,2,0,0,0
PIT190006270,box,1900-06-27,0,PIT05,R,1,PIT,CHN,1,1,0,0,1,,35,9,15,19,2,1,0,,8,,3,0,0,0,0,3,0,1,0,0,8,1,1,1,0,0,0,1,0,0,27,37,36,2,2,9,10,1,0,0,0,1,0,1,1,0,0,0,0,0,0,0,0,0,0,,,1,27,43,27,13,3,1,0,0
PIT190006280,box,1900-06-28,0,PIT05,R,1,PIT,PHI,1,1,0,0,1,,28,3,5,8,1,1,0,,3,,2,,1,,2,2,0,2,,0,7,1,1,1,1,0,0,1,0,0,27,28,26,0,0,2,2,0,0,0,0,1,,2,,1,0,0,0,0,0,0,0,0,0,,,1,27,44,27,17,0,2,0,0
PIT190006290,box,1900-06-29,0,PIT05,R,1,PIT,PHI,1,0,1,0,1,,29,2,3,3,0,0,0,,2,,8,,1,,2,1,0,0,,0,11,1,1,1,0,0,0,0,1,0,27,42,35,4,2,7,7,0,0,0,0,4,,4,,2,1,0,0,0,0,0,0,0,0,,,1,27,48,27,16,5,0,0,0
PIT190006300,box,1900-06-30,0,PIT05,R,1,PIT,PHI,1,1,0,0,1,,30,5,9,11,0,1,0,,4,,1,,0,,0,3,0,2,,0,5,1,1,1,0,0,0,1,0,0,27,36,34,3,1,6,10,2,1,0,0,2,,2,,0,0,0,0,0,0,0,0,0,0,,,1,27,41,27,12,2,0,0,0
CIN190007010,box,1900-07-01,0,CIN05,R,0,PIT,CIN,1,1,0,0,1,,38,6,10,13,1,1,0,,5,,5,,,,0,1,0,3,,0,11,1,1,1,1,0,0,1,0,0,27,39,34,0,0,6,7,1,0,0,0,4,,,,1,0,0,0,0,0,0,0,0,0,,,1,27,47,27,18,2,2,0,0
PIT190007020,box,1900-07-02,0,PIT05,R,1,PIT,BSN,1,1,0,0,1,,26,2,3,5,0,1,0,,1,,1,,3,,1,1,0,0,,0,3,1,1,1,0,0,0,1,0,0,27,29,28,1,0,1,1,0,0,0,0,1,,3,,0,0,0,0,0,0,0,0,0,0,,,1,27,43,27,14,2,0,0,0
PIT190007030,box,1900-07-03,0,PIT05,R,1,PIT,BSN,1,1,0,0,1,,27,2,5,5,0,0,0,,2,,0,0,1,0,0,0,0,2,0,0,1,1,1,1,0,0,0,1,0,0,27,33,33,1,0,6,8,0,1,0,0,0,0,2,0,0,0,0,0,0,0,0,0,0,0,,,1,27,36,27,8,1,0,0,2
PIT190007041,box,1900-07-04,1,PIT05,R,1,PIT,BSN,1,1,0,0,1,,34,8,10,14,0,2,0,,6,,4,,3,,0,1,0,4,,0,7,1,1,1,0,0,0,1,0,0,27,36,35,6,4,9,10,1,0,0,0,0,0,2,,0,1,0,0,0,0,0,0,0,0,,,1,27,43,27,14,2,0,0,0
PIT190007042,box,1900-07-04,2,PIT05,R,1,PIT,BSN,1,1,0,0,1,,28,3,8,10,0,1,0,,3,,3,,2,,1,1,0,1,,0,6,1,1,1,0,0,0,1,0,0,27,36,35,1,1,8,10,2,0,0,0,1,,0,,0,0,0,0,0,0,0,0,0,0,,,1,27,41,27,13,1,1,0,0
PIT190007050,box,1900-07-05,0,PIT05,R,1,PIT,NY1,1,0,1,0,1,,38,3,9,11,2,0,0,,3,,4,0,2,0,0,0,0,0,1,0,12,1,1,0,0,0,1,0,1,0,27,39,35,7,5,7,10,1,1,0,0,1,0,2,0,0,3,0,0,1,0,0,0,0,0,,,1,27,45,27,14,4,0,0,0
PIT190007070,box,1900-07-07,0,PIT05,R,1,PIT,NY1,1,1,0,0,1,,33,4,10,12,0,1,0,,3,,3,,1,,0,3,0,2,,0,10,1,1,1,0,0,0,1,0,0,27,37,35,3,0,9,10,1,0,0,0,0,0,0,,0,2,0,0,0,0,0,0,0,0,,,1,27,48,27,16,5,1,0,0
SLN190007080,box,1900-07-08,0,STL05,R,0,PIT,SLN,1,0,1,0,1,,35,3,8,10,2,0,0,,3,,0,0,3,,0,0,0,0,,0,5,1,1,0,0,0,1,0,1,0,24,46,40,17,10,14,28,1,2,3,0,6,,0,,0,0,0,0,1,0,0,0,0,0,,,1,24,40,24,12,4,1,0,0
PIT190007100,box,1900-07-10,0,PIT05,R,1,PIT,BRO,1,0,1,0,1,,34,2,7,9,2,0,0,,2,,1,,,,1,0,0,1,,0,7,1,1,0,0,0,1,0,1,0,27,42,34,4,2,11,14,1,1,0,0,6,,2,,2,0,0,0,0,0,0,0,0,0,,,1,27,42,27,11,4,3,0,0
PIT190007110,box,1900-07-11,0,PIT05,R,1,PIT,BRO,1,1,0,0,1,,32,4,10,11,1,0,0,,2,,1,,1,,0,0,0,1,,0,5,1,1,1,1,0,0,1,0,0,27,33,31,0,0,4,4,0,0,0,0,2,,0,,0,0,0,0,0,0,0,0,0,0,,,1,27,42,27,13,2,0,0,0
PIT190007120,box,1900-07-12,0,PIT05,R,1,PIT,BRO,1,1,0,0,1,,35,7,11,17,0,0,2,,4,,0,0,0,,0,2,0,3,,0,6,1,1,1,0,0,0,1,0,0,27,39,36,6,5,9,15,0,3,0,0,2,,1,,1,0,0,0,0,0,0,0,0,0,,,1,27,42,27,14,1,1,0,0
PIT190007130,box,1900-07-13,0,PIT05,R,1,PIT,PHI,1,0,1,0,1,,32,8,9,14,0,1,1,,6,,3,,,,1,0,0,1,,0,4,1,1,0,0,0,1,0,1,0,24,55,47,23,13,24,35,3,4,0,0,7,,3,,0,1,0,0,0,0,0,0,0,0,,,1,24,46,24,17,5,0,0,1
CHN190007140,box,1900-07-14,0,CHI08,R,0,PIT,CHN,1,1,0,0,1,,40,6,11,14,1,1,0,,3,,1,0,3,1,0,0,0,1,1,0,8,1,1,1,0,0,0,1,0,0,27,34,34,1,0,7,7,0,0,0,0,0,0,1,0,0,0,0,0,0,0,0,0,0,0,,,1,27,44,27,14,3,1,0,0
CHN190007150,box,1900-07-15,0,CHI08,R,0,PIT,CHN,1,0,1,0,1,,32,3,7,7,0,0,0,,1,,2,,5,,0,2,0,2,,0,6,1,1,1,0,0,0,0,1,0,24,37,32,5,2,8,11,3,0,0,0,4,,3,,1,0,0,0,0,0,0,0,0,0,,,1,24,40,24,12,4,0,0,3
CHN190007160,box,1900-07-16,0,CHI08,R,0,PIT,CHN,1,1,0,0,1,,38,7,12,16,4,0,0,,5,,1,0,2,0,0,3,0,2,2,0,8,1,1,0,0,0,1,1,0,1,27,37,35,3,2,9,10,1,0,0,0,2,0,4,0,0,0,0,0,0,0,0,0,0,0,,,1,27,38,27,10,1,0,0,1
PIT190007170,box,1900-07-17,0,PIT05,R,1,PIT,CHN,1,1,0,0,1,,20,2,4,5,1,0,0,,1,,2,0,4,0,0,0,0,3,0,0,5,1,1,1,1,0,0,1,0,0,18,20,20,0,0,4,5,1,0,0,0,0,0,0,1,0,0,0,0,0,0,0,0,0,0,,,1,18,25,18,7,0,1,0,0
PHI190007190,box,1900-07-19,0,PHI09,R,0,PIT,PHI,1,0,1,0,1,,36,3,10,11,1,0,0,,1,,2,,1,,0,1,0,1,,0,9,1,1,1,0,0,0,0,1,0,24,34,31,4,4,10,12,2,0,0,0,2,,1,,0,1,0,0,0,0,0,0,0,0,,,1,24,42,24,16,2,0,0,0
PHI190007200,box,1900-07-20,0,PHI09,R,0,PIT,PHI,1,0,1,0,1,,35,4,7,12,3,1,0,,4,,1,,4,,0,0,0,3,,0,5,1,1,1,0,0,0,0,1,0,24,37,32,7,7,8,13,2,0,1,0,4,,3,,1,0,0,0,0,0,0,0,0,0,,,1,24,31,24,6,1,0,0,0
PHI190007210,box,1900-07-21,0,PHI09,R,0,PIT,PHI,1,0,1,0,1,,27,0,6,6,0,0,0,,0,,0,0,4,,1,0,0,1,,0,7,1,1,1,0,0,0,0,1,0,20,27,26,3,3,8,11,1,1,0,0,1,,1,,0,0,0,0,0,0,0,0,0,0,,,1,20,34,20,13,1,0,0,0
NY1190007240,box,1900-07-24,0,NYC10,R,0,PIT,NY1,1,0,1,0,1,,32,1,8,10,2,0,0,,2,,0,0,,1,0,0,0,1,1,0,4,1,1,1,0,0,0,0,1,0,24,30,29,2,1,6,7,1,0,0,0,1,0,,0,0,0,0,0,0,0,0,0,0,0,,,1,24,42,24,14,4,0,0,0
NY1190007250,box,1900-07-25,0,NYC10,R,0,PIT,NY1,1,1,0,0,1,,43,11,15,21,3,0,1,,9,,2,0,5,0,1,0,0,1,0,0,8,1,1,1,0,0,0,1,0,0,27,41,36,3,3,8,12,1,0,1,0,5,0,1,1,0,0,0,0,0,0,0,0,0,0,,,1,27,42,27,13,2,1,0,1
BSN190007270,box,1900-07-27,0,BOS05,R,0,PIT,BSN,1,0,1,0,1,,29,2,6,7,1,0,0,,3,,2,,2,,0,3,0,0,,0,5,1,1,1,0,0,0,0,1,0,24,30,29,3,3,7,10,0,0,1,0,1,,1,,0,0,0,0,0,0,0,0,0,0,,,1,24,40,24,15,1,2,0,0
BSN190007280,box,1900-07-28,0,BOS05,R,0,PIT,BSN,1,1,0,0,1,,38,9,13,21,1,2,1,,7,,1,,1,,2,0,0,0,,0,5,1,1,1,0,0,0,1,0,0,27,34,32,2,1,7,7,0,0,0,0,2,,3,,0,0,0,0,0,0,0,0,0,0,,,1,27,43,27,14,2,1,0,0
BRO190007310,box,1900-07-31,0,NYC12,R,0,PIT,BRO,1,1,0,0,1,,48,17,26,35,5,2,0,,12,,4,,,,0,0,0,3,,0,8,1,1,1,0,0,0,1,0,0,27,33,30,1,1,5,5,0,0,0,0,1,,,,2,0,0,0,0,0,0,0,0,0,,,1,27,42,27,14,1,2,0,0
BRO190008010,box,1900-08-01,0,NYC12,R,0,PIT,BRO,1,0,1,0,1,,33,6,5,6,1,0,0,,4,,4,,0,,2,0,0,1,,0,6,1,1,1,0,0,0,0,1,0,24,38,36,10,3,9,9,0,0,0,0,1,,,,1,0,0,0,0,0,0,0,0,0,,,1,24,41,24,12,5,1,0,0
PIT190008040,box,1900-08-04,0,PIT05,R,1,PIT,PHI,1,1,0,0,1,,44,4,14,15,1,0,0,,2,,4,,4,,2,2,0,2,,0,16,1,1,1,0,0,0,1,0,0,33,45,41,3,2,12,15,3,0,0,0,1,,1,,1,2,0,0,0,0,0,0,0,0,,,1,33,53,33,18,2,3,0,2
CIN190008050,box,1900-08-05,0,CIN05,R,0,PIT,CIN,1,0,1,0,1,,31,1,8,10,2,0,0,,1,,1,,3,,0,0,0,0,,0,4,1,1,1,0,0,0,0,1,0,24,30,25,3,1,6,6,0,0,0,0,1,,4,,1,3,0,0,0,0,0,0,0,0,,,1,24,39,24,14,1,0,0,0
PIT190008060,box,1900-08-06,0,PIT05,R,1,PIT,PHI,1,1,0,0,1,,33,7,10,16,2,2,0,,5,,2,,1,,0,0,0,2,,0,4,1,1,1,0,0,0,1,0,0,27,40,37,3,2,12,14,0,1,0,0,3,,4,,0,0,0,0,0,0,0,0,0,0,,,1,27,36,26,9,1,2,0,0
PIT190008070,box,1900-08-07,0,PIT05,R,1,PIT,PHI,1,1,0,0,1,,33,9,11,18,2,1,1,,9,,2,,1,,1,1,0,0,,0,4,1,1,1,1,0,0,1,0,0,27,33,32,0,0,8,9,1,0,0,0,0,0,1,,1,0,0,0,0,0,0,0,0,0,,,1,27,44,27,16,1,2,0,0
PIT190008080,box,1900-08-08,0,PIT05,R,1,PIT,BSN,1,1,0,0,1,,35,6,9,12,1,1,0,,4,,0,0,5,,0,0,0,2,,0,5,1,1,1,0,0,0,1,0,0,27,33,33,3,1,5,8,1,1,0,0,0,0,1,,0,0,0,0,1,0,0,0,0,0,,,1,27,44,27,14,3,0,0,0
PIT190008090,box,1900-08-09,0,PIT05,R,1,PIT,BSN,1,0,1,0,1,,36,2,8,12,0,2,0,,1,,1,,3,,1,1,0,2,,0,7,1,1,1,0,0,0,0,1,0,30,41,40,3,1,9,10,1,0,0,0,1,,2,,0,0,0,0,1,0,0,0,0,0,,,1,30,49,30,16,3,0,0,0
PIT190008110,box,1900-08-11,0,PIT05,R,1,PIT,BSN,1,1,0,0,1,,31,5,9,17,1,2,1,,5,,2,,3,,0,0,0,3,,0,4,1,1,1,0,0,0,1,0,0,27,34,29,1,0,5,6,1,0,0,0,3,,1,,0,2,0,0,1,0,0,0,0,0,,,1,27,38,27,9,2,2,0,0
CHN190008120,box,1900-08-12,0,CHI08,R,0,PIT,CHN,1,1,0,0,1,,39,6,13,17,1,0,1,,6,,1,,1,,0,1,0,1,,0,8,1,1,1,0,0,0,1,0,0,27,34,34,2,2,6,9,1,1,0,0,0,0,2,,0,0,0,0,0,0,0,0,0,0,,,1,27,43,27,14,2,0,0,0
PIT190008130,box,1900-08-13,0,PIT05,R,1,PIT,NY1,1,0,1,0,1,,32,4,7,10,0,0,1,,3,,1,0,2,1,0,1,0,0,2,0,3,1,1,1,0,0,0,0,1,0,27,40,37,7,5,10,18,2,0,2,0,3,0,2,0,0,0,0,0,0,0,0,0,0,0,,,1,27,42,27,14,1,1,0,1
PIT190008141,box,1900-08-14,1,PIT05,R,1,PIT,NY1,1,1,0,0,1,,31,5,8,9,1,0,0,,4,,2,0,0,0,0,0,0,2,1,0,4,1,1,1,1,0,0,1,0,0,27,33,30,0,0,4,4,0,0,0,0,0,0,1,0,3,0,0,0,0,0,0,0,0,0,,,1,27,43,27,14,2,1,0,0
PIT190008142,box,1900-08-14,2,PIT05,R,1,PIT,NY1,1,1,0,0,1,,32,7,7,14,1,3,0,,2,,2,0,,0,1,0,0,1,1,0,4,1,1,1,0,0,0,1,0,0,27,32,30,1,1,3,5,0,1,0,0,2,0,,0,0,0,0,0,1,0,0,0,0,0,,,1,27,42,27,14,1,0,0,0
PIT190008150,box,1900-08-15,0,PIT05,R,1,PIT,NY1,1,1,0,0,1,,28,6,9,12,1,1,0,,5,,3,0,0,1,0,3,0,0,1,0,4,1,1,1,0,0,0,1,0,0,27,33,33,2,2,6,8,2,0,0,0,0,0,2,1,0,0,0,0,0,0,0,0,0,0,,,1,27,42,27,14,1,1,0,0
PIT190008160,box,1900-08-16,0,PIT05,R,1,PIT,BRO,1,0,1,0,1,,31,0,5,5,0,0,0,,0,,1,0,1,1,1,0,0,0,0,0,6,1,1,0,0,0,1,0,1,0,27,41,37,8,6,12,15,0,0,1,0,4,0,4,0,0,0,0,0,0,0,0,0,0,0,,,1,27,44,27,14,3,0,0,0
PIT190008170,box,1900-08-17,0,PIT05,R,1,PIT,BRO,1,1,0,0,1,,34,5,9,13,2,1,0,,3,,1,0,0,1,0,0,0,0,0,0,6,1,1,1,0,0,0,1,0,0,27,38,38,3,3,12,15,1,1,0,0,0,0,5,0,0,0,0,0,1,0,0,0,0,0,,,1,27,39,27,12,0,0,0,0
PIT190008180,box,1900-08-18,0,PIT05,R,1,PIT,BRO,1,1,0,0,1,,33,8,12,16,2,1,0,,7,,5,0,2,0,1,3,0,4,0,0,10,1,1,1,0,0,0,1,0,0,27,34,33,4,2,5,6,1,0,0,0,1,0,0,0,0,0,0,0,0,0,0,0,0,0,,,1,27,44,27,16,1,0,0,0
PIT190008200,box,1900-08-20,0,PIT05,R,1,PIT,NY1,1,0,1,0,1,,33,2,5,8,3,0,0,,2,,1,0,2,0,1,0,0,0,0,0,6,1,1,1,0,0,0,0,1,0,27,38,36,4,4,13,13,0,0,0,0,1,0,2,1,0,1,0,0,0,0,0,0,0,0,,,1,27,45,27,16,2,1,0,0
PIT190008230,box,1900-08-23,0,PIT05,R,1,PIT,CIN,1,0,1,0,1,,32,2,8,8,0,0,0,,2,,1,,1,,1,0,0,0,,0,5,1,1,1,0,0,0,0,1,0,27,35,34,3,2,10,12,0,1,0,0,1,,10,,0,0,0,0,0,0,0,0,0,0,,,1,27,44,27,15,2,0,0,0
PIT190008240,box,1900-08-24,0,PIT05,R,1,PIT,CIN,1,0,1,0,1,,37,2,10,12,2,0,0,,2,,0,0,3,,0,0,0,0,,0,8,1,1,0,0,0,1,0,1,0,27,45,38,11,5,12,20,1,2,1,0,5,,8,,1,1,0,0,1,0,0,0,0,0,,,1,27,39,27,9,3,0,0,0
PIT190008250,box,1900-08-25,0,PIT05,R,1,PIT,CIN,1,1,0,0,1,,35,6,6,7,1,0,0,,3,,4,0,0,0,0,1,0,2,1,0,5,1,1,1,0,0,0,1,0,0,30,42,37,5,4,10,11,1,0,0,0,2,0,1,0,1,2,0,0,0,0,0,0,0,0,,,1,30,50,30,18,2,0,0,0
CIN190008260,box,1900-08-26,0,CIN05,R,0,PIT,CIN,1,0,1,0,1,,30,0,6,7,1,0,0,,0,,1,,7,,0,1,0,0,,0,5,1,1,1,0,0,0,0,1,0,24,27,24,1,1,3,3,0,0,0,0,1,,3,,0,2,0,0,0,0,0,0,0,0,,,1,24,37,24,12,1,1,0,0
PIT190008300,box,1900-08-30,0,PIT05,R,1,PIT,SLN,1,1,0,0,1,,37,11,14,22,1,2,1,,10,,2,,1,,1,1,0,2,,0,6,1,1,1,0,0,0,1,0,0,27,36,32,3,3,8,8,0,0,0,0,4,,6,,0,0,0,0,0,0,0,0,0,0,,,1,27,41,27,13,1,0,0,0
PIT190008310,box,1900-08-31,0,PIT05,R,1,PIT,SLN,1,0,1,0,1,,40,5,14,21,1,0,2,,5,,2,,2,,0,2,0,2,,0,12,1,1,0,0,0,1,0,1,0,27,45,43,10,3,16,19,1,1,0,0,2,,4,,0,0,0,0,0,0,0,0,0,0,,,1,27,44,27,14,3,1,0,0
PIT190009010,box,1900-09-01,0,PIT05,R,1,PIT,SLN,1,1,0,0,1,,37,2,8,9,1,0,0,,2,,1,,4,,1,1,0,2,,0,9,1,1,1,0,0,0,1,0,0,30,37,35,1,1,6,6,0,0,0,0,2,,1,,0,0,0,0,1,0,0,0,0,0,,,1,30,47,30,16,1,0,0,1
BSN190009031,box,1900-09-03,1,BOS05,R,0,PIT,BSN,1,1,0,0,1,,35,8,11,16,0,1,1,,7,,6,,0,,0,1,0,3,,0,7,1,1,1,0,0,0,1,0,0,27,44,39,7,1,12,19,1,0,2,0,3,,2,,0,2,0,0,0,0,0,0,0,0,,,1,27,49,27,15,7,1,0,0
BSN190009032,box,1900-09-03,2,BOS05,R,0,PIT,BSN,1,1,0,0,1,,43,14,17,22,3,1,0,,13,,3,,4,,0,0,0,3,,0,5,1,1,1,0,0,0,1,0,0,27,34,33,1,1,4,4,0,0,0,0,1,,4,,0,0,0,0,0,0,0,0,0,0,,,1,27,43,27,10,6,0,0,0
BSN190009041,box,1900-09-04,1,BOS05,R,0,PIT,BSN,1,1,0,0,1,,34,9,13,14,1,0,0,,8,,5,,2,,2,4,0,0,,0,9,1,1,1,1,0,0,1,0,0,27,35,30,0,0,5,5,0,0,0,0,3,,1,,2,0,0,0,0,0,0,0,0,0,,,1,27,43,27,13,3,2,0,1
BSN190009042,box,1900-09-04,2,BOS05,R,0,PIT,BSN,1,1,0,0,1,,29,6,8,12,2,1,0,,2,,4,,,,0,1,0,0,,0,7,1,1,1,0,0,0,1,0,0,21,38,35,5,4,13,14,1,0,0,0,1,,,,0,2,0,0,0,0,0,0,0,0,,,1,21,31,21,7,3,0,0,0
BSN190009050,box,1900-09-05,0,BOS05,R,0,PIT,BSN,1,1,0,0,1,,31,5,4,7,0,0,1,,4,,5,,0,,0,1,0,1,,0,5,1,1,1,0,0,0,1,0,0,27,36,33,2,2,7,13,0,0,2,0,1,,1,,1,1,0,0,0,0,0,0,0,0,,,1,27,45,27,17,1,1,0,0
BRO190009060,box,1900-09-06,0,NYC12,R,0,PIT,BRO,1,1,0,0,1,,36,9,13,17,2,1,0,,9,,2,,0,,2,1,0,2,,0,8,1,1,1,0,0,0,1,0,0,24,36,33,2,2,12,15,1,1,0,0,2,,,,1,0,0,0,0,0,0,0,0,0,,,1,24,33,24,9,0,0,0,0
BRO190009070,box,1900-09-07,0,NYC12,R,0,PIT,BRO,1,0,0,1,1,,37,6,11,15,1,0,1,,6,,1,,,,1,0,0,0,,0,6,1,1,1,0,0,0,0,0,0,27,40,36,6,5,9,13,1,0,1,0,2,,,,2,0,0,0,0,0,0,0,0,0,,,1,27,41,27,11,3,1,0,0
BRO190009081,box,1900-09-08,1,NYC12,R,0,PIT,BRO,1,1,0,0,1,,45,15,18,27,5,2,0,,13,,3,0,2,0,0,2,0,4,1,0,8,1,1,1,0,0,0,1,0,0,27,39,37,7,7,14,16,2,0,0,0,0,0,0,1,2,0,0,0,0,0,0,0,0,0,,,1,27,38,27,11,0,2,0,0
BRO190009082,box,1900-09-08,2,NYC12,R,0,PIT,BRO,1,0,1,0,1,,28,5,8,10,2,0,0,,3,,0,0,4,0,0,0,0,2,0,0,5,1,1,1,0,0,0,0,1,0,15,26,24,6,3,8,11,1,1,0,0,2,0,1,0,0,0,0,0,0,0,0,0,0,0,,,1,15,25,15,8,2,0,0,0
BRO190009100,box,1900-09-10,0,NYC12,R,0,PIT,BRO,1,1,0,0,1,,33,6,10,14,1,0,1,,6,,1,0,2,0,0,3,0,2,1,0,4,1,1,1,0,0,0,1,0,0,27,41,38,5,1,12,13,1,0,0,0,1,0,3,1,1,1,0,0,0,0,0,0,0,0,,,1,27,47,27,15,5,1,0,1
PHI190009110,box,1900-09-11,0,PHI09,R,0,PIT,PHI,1,1,0,0,1,,32,2,7,10,1,1,0,,2,,0,0,1,0,1,0,0,3,2,0,4,1,1,1,1,0,0,1,0,0,27,33,30,0,0,2,2,0,0,0,0,2,0,1,0,1,0,0,0,0,0,0,0,0,0,,,1,27,36,27,8,1,0,0,0
PHI190009120,box,1900-09-12,0,PHI09,R,0,PIT,PHI,1,1,0,0,1,,42,10,17,24,5,1,0,,8,,2,0,5,2,0,2,0,1,0,0,9,1,1,0,0,0,1,1,0,0,27,47,39,9,9,14,17,3,0,0,0,6,0,8,2,2,0,0,0,0,0,0,0,0,0,,,1,27,42,27,12,3,3,0,0
PHI190009130,box,1900-09-13,0,PHI09,R,0,PIT,PHI,1,0,1,0,1,,38,6,15,20,2,0,1,,6,,5,0,3,2,0,0,0,2,0,0,10,1,1,1,0,0,0,0,1,0,24,48,38,11,11,16,18,2,0,0,0,6,0,2,0,2,2,0,0,0,0,0,0,0,0,,,1,24,37,24,12,1,1,0,0
NY1190009150,box,1900-09-15,0,NYC10,R,0,PIT,NY1,1,0,1,0,1,,34,1,6,6,0,0,0,,0,,1,0,0,0,0,0,0,0,2,0,7,1,1,1,0,0,0,0,1,0,24,30,30,2,1,8,13,2,0,1,0,0,0,0,0,0,0,0,0,0,0,0,0,0,0,,,1,24,37,24,11,2,1,0,0
NY1190009170,box,1900-09-17,0,NYC10,R,0,PIT,NY1,1,1,0,0,1,,44,12,15,17,2,0,0,,12,,2,0,1,0,0,0,0,1,0,0,7,1,1,1,0,0,0,1,0,0,27,41,39,3,3,13,14,1,0,0,0,1,0,5,1,1,0,0,0,1,0,0,0,0,0,,,1,27,40,27,12,1,1,0,0
NY1190009180,box,1900-09-18,0,NYC10,R,0,PIT,NY1,1,1,0,0,1,,41,9,17,24,2,1,1,,9,,1,0,5,0,1,2,0,0,0,0,9,1,1,1,0,0,0,1,0,0,27,36,34,4,2,11,16,2,0,1,0,2,0,8,0,0,0,0,0,0,0,0,0,0,0,,,1,27,39,27,10,2,1,0,0
NY1190009190,box,1900-09-19,0,NYC10,R,0,PIT,NY1,1,1,0,0,1,,37,5,13,16,3,0,0,,5,,2,0,2,3,1,1,0,0,1,0,9,1,1,1,0,0,0,1,0,0,27,33,31,2,0,4,4,0,0,0,0,2,0,1,0,0,0,0,0,0,0,0,0,0,0,,,1,27,39,27,11,1,0,0,1
PIT190009200,box,1900-09-20,0,PIT05,R,1,PIT,SLN,1,1,0,0,1,,33,10,13,19,4,1,0,,8,,1,0,2,0,1,2,0,7,0,0,6,1,1,1,0,0,0,1,0,0,24,37,36,4,3,11,11,0,0,0,0,1,0,1,0,0,0,0,0,0,0,0,0,0,0,,,1,24,35,24,9,2,0,0,0
PIT190009210,box,1900-09-21,0,PIT05,R,1,PIT,SLN,1,1,0,0,1,,37,7,15,20,3,1,0,,7,,1,,0,,0,2,0,1,,0,9,1,1,1,0,0,0,1,0,0,27,37,36,3,2,12,14,0,1,0,0,0,0,3,,0,1,0,0,1,0,0,0,0,0,,,1,27,43,27,15,1,1,0,3
PIT190009220,box,1900-09-22,0,PIT05,R,1,PIT,SLN,1,0,1,0,1,,35,6,11,14,1,1,0,,4,,0,0,,,0,0,0,2,,0,2,1,1,0,0,0,1,0,1,0,27,48,45,7,5,14,18,2,1,0,0,3,,6,,0,0,0,0,0,0,0,0,0,0,,,1,27,46,27,15,4,0,0,0
SLN190009230,box,1900-09-23,0,STL05,R,0,PIT,SLN,1,1,0,0,1,,29,3,4,6,0,1,0,,2,,2,,2,,0,1,0,3,,0,2,1,1,1,0,0,0,1,0,0,27,35,32,1,1,8,8,0,0,0,0,2,,1,,0,1,0,0,0,0,0,0,0,0,,,1,27,45,27,16,2,2,0,0
SLN190009240,box,1900-09-24,0,STL05,R,0,PIT,SLN,1,0,1,0,1,,30,0,4,5,1,0,0,,0,,0,0,2,0,0,0,0,1,1,0,3,1,1,1,0,0,0,0,1,0,24,29,28,1,0,5,5,0,0,0,0,0,0,1,0,0,1,0,0,0,0,0,0,0,0,,,1,24,43,24,19,0,0,0,0
PIT190009260,box,1900-09-26,0,PIT05,R,1,PIT,CIN,1,0,1,0,1,,35,4,8,9,1,0,0,,1,,2,,,,0,1,0,0,,0,7,1,1,0,0,0,1,0,1,0,27,41,36,6,6,10,13,0,0,1,0,3,,1,,1,1,0,0,0,0,0,0,0,0,,,1,27,43,27,13,3,0,0,0
PIT190009270,box,1900-09-27,0,PIT05,R,1,PIT,CIN,1,0,1,0,1,,30,1,7,10,1,1,0,,1,,4,,1,,0,0,0,1,,0,6,1,1,1,0,0,0,0,1,0,27,35,33,4,3,7,9,0,1,0,0,1,,4,,0,1,0,0,0,0,0,0,0,0,,,1,27,41,27,12,2,0,0,0
PIT190009280,box,1900-09-28,0,PIT05,R,1,PIT,CIN,1,1,0,0,1,,33,8,11,18,1,3,0,,7,,3,,2,,0,0,0,2,,0,4,1,1,1,0,0,0,1,0,0,27,36,33,1,1,7,7,0,0,0,0,3,,5,,0,0,0,0,0,0,0,0,0,0,,,1,27,43,27,14,2,0,0,0
PIT190009290,box,1900-09-29,0,PIT05,R,1,PIT,CIN,1,0,1,0,1,,32,1,5,6,1,0,0,,1,,5,,5,,1,1,0,0,,0,11,1,1,1,0,0,0,0,1,0,27,34,34,2,1,7,11,2,1,0,0,0,0,3,,0,0,0,0,0,0,0,0,0,0,,,1,27,38,27,9,2,1,0,0
CIN190009300,box,1900-09-30,0,CIN05,R,0,PIT,CIN,1,0,1,0,1,,33,3,9,15,2,2,0,,3,,1,,,,0,1,0,0,,0,5,1,1,1,0,0,0,0,1,0,26,34,32,4,2,6,7,1,0,0,0,2,,,,0,0,0,0,2,0,0,0,0,0,,,1,26,41,26,13,2,0,0,1
PIT190010060,box,1900-10-06,0,PIT05,R,1,PIT,SLN,1,0,1,0,1,,36,3,9,11,2,0,0,,2,,2,,4,,0,1,0,3,,0,9,1,1,1,0,0,0,0,1,0,27,37,35,4,0,8,11,1,1,0,0,2,,4,,0,0,0,0,1,0,0,0,0,0,,,1,27,50,27,16,7,0,0,0
SLN190010070,box,1900-10-07,0,STL05,R,0,PIT,SLN,1,1,0,0,1,,24,3,6,7,1,0,0,,3,,1,,4,,0,1,0,1,,0,2,1,1,1,0,0,0,1,0,0,21,28,25,2,2,9,12,1,1,0,0,2,,1,,0,1,0,0,0,0,0,0,0,0,,,1,21,38,21,16,1,1,0,0
SLN190010081,box,1900-10-08,1,STL05,R,0,PIT,SLN,1,1,0,0,1,,36,8,13,19,1,1,1,,8,,3,,4,,0,3,0,0,,0,7,1,1,1,1,0,0,1,0,0,27,33,29,0,0,4,4,0,0,0,0,3,,4,,1,0,0,0,0,0,0,0,0,0,,,1,27,41,27,14,0,0,0,0
SLN190010082,box,1900-10-08,2,STL05,R,0,PIT,SLN,1,1,0,0,1,,36,8,11,13,2,0,0,,5,,2,,3,,0,3,0,1,,0,6,1,1,1,0,0,0,1,0,0,27,34,33,2,1,6,6,0,0,0,0,1,,4,,0,0,0,0,0,0,0,0,0,0,,,1,27,46,27,12,7,0,0,0
SLN190010090,box,1900-10-09,0,STL05,R,0,PIT,SLN,1,0,1,0,1,,35,4,8,12,2,1,0,,4,,1,,1,,0,0,0,1,,0,5,1,1,1,0,0,0,0,1,0,24,41,39,8,8,15,21,4,1,0,0,1,,4,,0,1,0,0,1,0,0,0,0,0,,,1,24,39,24,13,2,0,0,0
PIT190010110,box,1900-10-11,0,PIT05,R,1,PIT,CHN,1,1,0,0,1,,28,2,6,6,0,0,0,,1,,3,0,4,0,0,1,0,1,1,0,6,1,1,1,0,0,0,1,0,0,27,36,32,1,1,5,8,1,1,0,0,2,0,12,0,1,1,0,0,0,0,0,0,0,0,,,1,27,41,27,12,2,0,0,0
PIT190010120,box,1900-10-12,0,PIT05,R,1,PIT,CHN,1,1,0,0,1,,35,10,11,19,1,2,1,,8,,3,0,1,0,2,0,0,2,1,0,6,1,1,0,0,0,1,1,0,0,27,36,36,6,2,8,12,0,2,0,0,0,0,3,0,0,0,0,0,0,0,0,0,0,0,,,1,27,44,27,15,2,0,0,1
PIT190010130,box,1900-10-13,0,PIT05,R,1,PIT,CHN,1,0,1,0,1,,30,5,7,10,1,1,0,,4,,4,0,3,0,3,0,0,2,1,0,8,1,1,1,0,0,0,0,1,0,24,35,33,7,5,10,10,0,0,0,0,1,0,3,0,1,0,0,0,0,0,0,0,0,0,,,1,24,43,24,15,4,0,0,1
SLN190004190,box,1900-04-19,0,STL05,R,1,SLN,PIT,1,1,0,0,1,,30,3,7,9,0,1,0,,3,,0,0,4,,1,0,0,0,,0,4,1,1,1,1,0,0,1,0,0,27,30,30,0,0,5,6,1,0,0,0,0,0,9,,0,0,0,0,0,0,0,0,0,0,,,1,27,47,27,19,1,0,0,0
SLN190004210,box,1900-04-21,0,STL05,R,1,SLN,PIT,1,0,1,0,1,,31,3,5,6,1,0,0,,3,,1,0,,1,2,2,0,0,0,0,6,1,1,1,0,0,0,0,1,0,27,43,40,4,2,13,15,0,1,0,0,3,0,,0,0,0,0,0,0,0,0,0,0,0,,,1,27,48,27,18,3,0,0,0
SLN190004220,box,1900-04-22,0,STL05,R,1,SLN,PIT,1,1,0,0,1,,33,6,14,17,1,1,0,,5,,3,0,,0,1,4,0,1,1,0,9,1,1,1,0,0,0,1,0,0,27,37,35,5,1,9,12,1,1,0,0,2,0,,0,0,0,0,0,0,0,0,0,0,0,,,1,27,40,27,12,1,2,0,0
SLN190004240,box,1900-04-24,0,STL05,R,1,SLN,CHN,1,1,0,0,1,,33,4,7,7,0,0,0,,1,,1,,0,,1,0,0,1,,0,7,1,1,1,0,0,0,1,0,0,27,31,31,1,1,5,8,3,0,0,0,0,0,0,,0,0,0,0,0,0,0,0,0,0,,,1,27,51,27,23,1,1,0,0
SLN190004250,box,1900-04-25,0,STL05,R,1,SLN,CHN,1,1,0,0,1,,27,5,5,9,2,1,0,,3,,2,,2,,2,0,0,2,,0,2,1,1,1,0,0,0,1,0,0,27,37,34,2,1,9,10,1,0,0,0,2,,1,,1,0,0,0,0,0,0,0,0,0,,,1,27,45,26,16,3,2,0,0
SLN190004260,box,1900-04-26,0,STL05,R,1,SLN,CHN,1,0,1,0,1,,42,8,15,21,2,2,0,,4,,3,,2,,0,1,0,0,,0,11,1,1,0,0,0,1,0,1,0,27,43,41,11,8,14,19,5,0,0,0,2,,2,,0,0,0,0,0,0,0,0,0,0,,,1,27,38,27,8,3,0,0,0
CHN190004270,box,1900-04-27,0,CHI08,R,0,SLN,CHN,1,0,1,0,1,,37,5,10,14,2,1,0,,4,,0,0,,,0,0,0,0,,0,5,1,1,1,0,0,0,0,1,0,24,37,31,6,5,13,19,1,1,1,0,5,,1,,1,0,0,0,0,0,0,0,0,0,,,1,24,34,23,10,1,0,0,0
CHN190004280,box,1900-04-28,0,CHI08,R,0,SLN,CHN,1,1,0,0,1,,37,3,7,10,3,0,0,,3,,0,0,6,0,3,1,0,0,0,0,8,1,1,1,0,0,0,1,0,0,30,37,34,1,1,5,5,0,0,0,0,2,0,1,0,0,1,0,0,1,0,0,0,0,0,,,1,30,48,30,16,2,0,0,0
CHN190004290,box,1900-04-29,0,CHI08,R,0,SLN,CHN,1,1,0,0,1,,38,6,11,13,2,0,0,,5,,1,,,,0,0,0,0,,0,6,1,1,1,0,0,0,1,0,0,27,35,33,1,0,5,5,0,0,0,0,2,,,,0,0,0,0,0,0,0,0,0,0,,,1,27,38,27,10,1,0,0,0
CHN190004300,box,1900-04-30,0,CHI08,R,0,SLN,CHN,1,0,1,0,1,,40,6,11,16,3,1,0,,4,,0,0,3,,0,0,0,0,,0,7,1,1,0,0,0,1,0,1,0,24,39,31,9,8,7,10,3,0,0,0,4,,2,,2,2,0,0,2,0,0,0,0,0,,,1,24,47,24,17,6,0,0,0
CHN190005010,box,1900-05-01,0,CHI08,R,0,SLN,CHN,1,0,1,0,1,,37,2,11,13,2,0,0,,1,,2,,0,,1,0,0,1,,0,11,1,1,1,0,0,0,0,1,0,25,32,31,3,2,9,12,1,1,0,0,1,,3,,0,0,0,0,0,0,0,0,0,0,,,1,25,35,25,8,2,3,0,0
PIT190005020,box,1900-05-02,0,PIT05,R,0,SLN,PIT,1,0,1,0,1,,39,5,10,13,3,0,0,,5,,0,0,3,,0,2,0,0,,0,6,1,1,1,0,0,0,0,1,0,29,39,37,6,6,9,13,2,1,0,0,2,,1,,0,0,0,0,0,0,0,0,0,0,,,1,29,47,29,17,1,0,0,0
PIT190005030,box,1900-05-03,0,PIT05,R,0,SLN,PIT,1,1,0,0,1,,39,9,11,15,0,2,0,,3,,1,,5,,0,0,0,2,,0,4,1,1,1,0,0,0,1,0,0,27,33,33,2,1,6,6,0,0,0,0,0,0,2,,0,0,0,0,0,0,0,0,0,0,,,1,27,40,27,10,3,0,0,0
PIT190005050,box,1900-05-05,0,PIT05,R,0,SLN,PIT,1,0,1,0,1,,35,1,7,12,1,2,0,,1,,3,,3,,0,1,0,1,,0,11,1,1,1,0,0,0,0,1,0,24,35,31,5,2,7,8,1,0,0,0,3,,2,,0,1,0,0,0,0,0,0,0,0,,,1,24,40,24,14,2,0,0,0
SLN190005060,box,1900-05-06,0,STL05,R,1,SLN,CIN,1,0,1,0,1,,32,4,9,12,0,0,1,,4,,2,,3,,1,0,0,2,,0,4,1,1,1,0,0,0,0,1,0,27,41,39,5,1,13,17,4,0,0,0,0,0,1,,0,2,0,0,0,0,0,0,0,0,,,1,27,38,27,9,2,0,0,1
SLN190005080,box,1900-05-08,0,STL05,R,1,SLN,CIN,1,1,0,0,1,,35,9,14,19,2,0,1,,8,,3,,4,,1,1,0,1,,0,7,1,1,1,0,0,0,1,0,0,27,42,35,8,2,9,13,1,0,1,0,6,,0,,0,1,0,0,0,0,0,0,0,0,,,1,27,46,27,15,4,2,0,0
SLN190005120,box,1900-05-12,0,STL05,R,1,SLN,BRO,1,0,1,0,1,,34,4,9,11,2,0,0,,3,,6,0,,1,2,1,0,4,0,0,12,1,1,1,0,0,0,0,1,0,27,39,36,5,2,8,8,0,0,0,0,3,0,,0,0,0,0,0,1,0,0,0,0,0,,,1,27,39,27,9,3,0,0,1
SLN190005130,box,1900-05-13,0,STL05,R,1,SLN,BRO,1,1,0,0,1,,40,8,15,20,0,1,1,,5,,3,,0,,0,2,0,1,,0,10,1,1,1,1,0,0,1,0,0,27,37,33,0,0,9,10,1,0,0,0,4,,2,,0,0,0,0,0,0,0,0,0,0,,,1,27,42,27,15,0,1,0,0
SLN190005140,box,1900-05-14,0,STL05,R,1,SLN,BRO,1,0,1,0,1,,30,2,6,8,0,1,0,,2,,1,0,2,0,1,0,0,2,3,0,3,1,1,1,0,0,0,0,1,0,24,32,29,3,3,9,9,0,0,0,0,3,0,2,1,0,0,0,0,0,0,0,0,0,0,,,1,24,35,24,11,0,1,0,0
SLN190005150,box,1900-05-15,0,STL05,R,1,SLN,BRO,1,0,1,0,1,,35,2,10,10,0,0,0,,2,,5,0,0,2,0,1,0,1,0,0,12,1,1,1,0,0,0,0,1,0,24,38,35,5,3,13,16,0,0,1,0,2,0,1,0,0,1,0,0,0,0,0,0,0,0,,,1,24,44,24,18,2,0,0,0
SLN190005160,box,1900-05-16,0,STL05,R,1,SLN,NY1,1,1,0,0,1,,33,7,8,11,3,0,0,,3,,7,0,1,0,1,1,0,6,1,0,9,1,1,0,0,0,1,1,0,0,27,43,40,6,1,14,17,1,1,0,0,2,0,5,0,0,1,0,0,0,0,0,0,0,0,,,1,27,49,27,19,3,0,0,0
SLN190005180,box,1900-05-18,0,STL05,R,1,SLN,NY1,1,1,0,0,1,,40,13,16,24,0,1,2,,10,,4,0,2,1,2,1,0,3,2,0,10,1,1,1,0,0,0,1,0,0,27,36,34,5,5,9,10,1,0,0,0,2,0,4,0,0,0,0,0,0,0,0,0,0,0,,,1,27,36,27,9,0,1,0,0
SLN190005200,box,1900-05-20,0,STL05,R,1,SLN,NY1,1,1,0,0,1,,33,9,14,17,3,0,0,,9,,4,,1,,1,2,0,1,,0,7,1,1,1,0,0,0,1,0,0,27,39,37,5,2,10,18,1,2,1,0,1,,3,,1,0,0,0,0,0,0,0,0,0,,,1,27,44,27,14,3,1,0,0
SLN190005210,box,1900-05-21,0,STL05,R,1,SLN,BSN,1,1,0,0,1,,35,11,16,25,1,4,0,,11,,7,,4,,2,2,0,4,,0,11,1,1,1,0,0,0,1,0,0,27,35,33,2,1,6,6,0,0,0,0,2,,2,,0,0,0,0,1,0,0,0,0,0,,,1,27,42,27,13,2,1,0,0
SLN190005220,box,1900-05-22,0,STL05,R,1,SLN,BSN,1,1,0,0,1,,34,7,9,13,0,2,0,,7,,5,,0,,0,0,0,3,,0,8,1,1,1,1,0,0,1,0,0,27,32,29,0,0,6,6,0,0,0,0,2,,0,,0,1,0,0,0,0,0,0,0,0,,,1,27,41,27,14,0,1,0,0
SLN190005230,box,1900-05-23,0,STL05,R,1,SLN,BSN,1,0,1,0,1,,31,2,5,8,0,0,1,,2,,0,0,,,0,0,0,0,,0,2,1,1,1,0,0,0,0,1,0,27,33,33,3,2,6,12,1,1,1,0,0,0,,,0,0,0,0,0,0,0,0,0,0,,,1,27,41,27,12,2,0,0,1
SLN190005240,box,1900-05-24,0,STL05,R,1,SLN,PHI,1,1,0,0,1,,44,11,17,25,0,1,2,,11,,1,,3,,0,1,0,7,,0,8,1,1,1,0,0,0,1,0,0,27,40,36,5,5,10,11,1,0,0,0,3,,2,,0,1,0,0,0,0,0,0,0,0,,,1,27,42,27,13,2,0,0,0
SLN190005250,box,1900-05-25,0,STL05,R,1,SLN,PHI,1,0,1,0,1,,28,1,6,7,1,0,0,,1,,4,,1,,0,0,0,0,,0,4,1,1,1,0,0,0,0,1,0,24,31,28,3,0,6,9,1,1,0,0,1,,1,,0,2,0,0,0,0,0,0,0,0,,,1,24,39,24,13,2,1,0,0
SLN190005260,box,1900-05-26,0,STL05,R,1,SLN,PHI,1,1,0,0,1,,36,6,11,14,1,1,0,,5,,1,,1,,0,0,0,1,,0,5,1,1,1,0,0,0,1,0,0,27,40,37,5,4,11,12,1,0,0,0,0,0,5,,0,3,0,0,0,0,0,0,0,0,,,1,27,40,27,10,3,0,0,0
SLN190005280,box,1900-05-28,0,STL05,R,1,SLN,PHI,1,0,1,0,1,,34,4,7,11,1,0,1,,4,,3,,7,,1,0,0,2,,0,7,1,1,0,0,0,1,0,1,0,27,44,42,11,6,15,23,1,2,1,0,2,,3,,0,0,0,0,0,0,0,0,0,0,,,1,27,47,27,14,6,0,0,1
BRO190005301,box,1900-05-30,1,NYC12,R,0,SLN,BRO,1,1,0,0,1,,32,5,9,10,1,0,0,,4,,6,0,2,0,0,1,0,4,0,0,7,1,1,1,0,0,0,1,0,0,27,36,32,1,1,7,7,0,0,0,0,2,0,2,0,1,1,0,0,1,0,0,0,0,0,,,1,27,41,27,13,1,0,0,1
BRO190005302,box,1900-05-30,2,NYC12,R,0,SLN,BRO,1,1,0,0,1,,35,11,10,13,0,0,1,,11,,4,0,3,1,1,0,0,1,1,0,2,1,1,0,0,0,1,1,0,0,27,43,38,6,3,8,13,1,2,0,0,5,0,6,0,0,0,0,0,0,0,0,0,0,0,,,1,27,45,27,13,5,0,0,0
BRO190006010,box,1900-06-01,0,NYC12,R,0,SLN,BRO,1,0,1,0,1,,35,3,9,11,0,1,0,,3,,0,0,1,0,0,0,0,1,1,0,5,1,1,1,0,0,0,0,1,0,27,38,37,8,7,10,14,1,0,1,0,1,0,3,0,0,0,0,0,0,0,0,0,0,0,,,1,27,33,27,5,1,1,0,0
BSN190006020,box,1900-06-02,0,BOS05,R,0,SLN,BSN,1,0,1,0,1,,47,16,18,27,2,2,1,,13,,9,,,,2,0,0,2,,0,12,1,1,0,0,0,1,0,1,0,29,60,52,17,11,23,35,5,2,1,0,5,,,,1,2,0,0,0,0,0,0,0,0,,,1,29,45,29,10,6,0,0,1
BSN190006040,box,1900-06-04,0,BOS05,R,0,SLN,BSN,1,0,1,0,1,,34,3,8,10,2,0,0,,3,,5,,,,0,0,0,2,,0,9,1,1,1,0,0,0,0,1,0,24,37,34,6,6,12,17,5,0,0,0,2,,1,,0,1,0,0,0,0,0,0,0,0,,,1,24,35,24,9,2,0,0,0
BSN190006050,box,1900-06-05,0,BOS05,R,0,SLN,BSN,1,0,1,0,1,,38,11,15,18,1,1,0,,11,,4,0,2,1,1,0,0,1,3,0,5,1,1,0,0,0,1,0,1,0,24,47,42,15,12,17,23,3,0,1,0,4,0,,0,1,0,0,0,0,0,0,0,0,0,,,1,24,41,24,13,4,0,0,0
BSN190006060,box,1900-06-06,0,BOS05,R,0,SLN,BSN,1,1,0,0,1,,42,12,16,27,2,0,3,,11,,4,,,,1,0,0,1,,0,8,1,1,1,0,0,0,1,0,0,27,44,38,6,3,10,15,3,1,0,0,6,,,,0,0,0,0,0,0,0,0,0,0,,,1,27,47,27,17,3,0,0,0
NY1190006070,box,1900-06-07,0,NYC10,R,0,SLN,NY1,1,0,1,0,1,,32,3,10,10,0,0,0,,3,,11,0,4,2,0,0,0,0,0,0,13,1,1,0,0,0,1,0,1,0,24,42,38,10,1,14,15,1,0,0,0,2,0,0,0,0,2,0,0,0,0,0,0,0,0,,,1,24,46,24,16,6,1,0,1
NY1190006090,box,1900-06-09,0,NYC10,R,0,SLN,NY1,1,1,0,0,1,,42,6,11,11,0,0,0,,4,,3,0,4,2,0,0,0,3,0,0,9,1,1,1,0,0,0,1,0,0,30,40,33,3,0,6,7,1,0,0,0,4,0,2,0,1,2,0,0,0,0,0,0,0,0,,,1,30,43,30,10,3,2,0,0
NY1190006110,box,1900-06-11,0,NYC10,R,0,SLN,NY1,1,0,1,0,1,,32,0,5,5,0,0,0,,0,,1,0,1,3,1,0,0,0,0,0,7,1,1,1,0,0,0,0,1,0,24,37,35,8,7,13,16,3,0,0,0,2,0,1,0,0,0,0,0,0,0,0,0,0,0,,,1,24,36,24,9,3,2,0,0
PHI190006120,box,1900-06-12,0,PHI09,R,0,SLN,PHI,1,0,1,0,1,,40,5,16,18,2,0,0,,5,,1,,2,,0,0,0,0,,0,9,1,1,1,0,0,0,0,1,0,24,38,33,6,5,9,11,2,0,0,0,4,,1,,0,1,0,0,0,0,0,0,0,0,,,1,24,43,24,16,3,0,0,0
PHI190006130,box,1900-06-13,0,PHI09,R,0,SLN,PHI,1,0,1,0,1,,35,7,10,14,0,2,0,,7,,5,,4,,2,0,0,3,,0,8,1,1,0,0,0,1,0,1,0,24,44,36,11,6,16,18,2,0,0,0,1,,4,,2,5,0,0,1,0,0,0,0,0,,,1,24,37,24,10,3,0,0,0
PHI190006140,box,1900-06-14,0,PHI09,R,0,SLN,PHI,1,0,1,0,1,,37,5,12,15,1,1,0,,5,,2,,1,,0,0,0,2,,0,7,1,1,0,0,0,1,0,1,0,24,46,38,11,6,14,22,2,3,0,0,5,,1,,0,3,0,0,0,0,0,0,0,0,,,1,24,40,24,10,6,0,0,0
SLN190006160,box,1900-06-16,0,STL05,R,1,SLN,CIN,1,0,1,0,1,,39,3,10,13,3,0,0,,3,,5,,7,,2,1,0,2,,0,11,1,1,0,0,0,1,0,1,0,33,52,44,9,9,15,24,3,0,2,0,7,,5,,0,1,0,0,0,0,0,0,0,0,,,1,33,49,33,15,1,2,0,0
SLN190006170,box,1900-06-17,0,STL05,R,1,SLN,CIN,1,0,1,0,1,,34,2,9,11,2,0,0,,2,,1,,3,,0,2,0,1,,0,8,1,1,0,0,0,1,0,1,0,24,46,40,14,10,18,30,2,2,2,0,2,,5,,2,2,0,0,0,0,0,0,0,0,,,1,24,47,24,18,5,0,0,0
SLN190006180,box,1900-06-18,0,STL05,R,1,SLN,CIN,1,0,1,0,1,,32,8,8,11,0,0,1,,5,,8,,2,,0,0,0,1,,0,5,1,1,0,0,0,1,0,1,0,26,48,44,9,6,16,22,0,3,0,0,3,,0,,0,1,0,0,0,0,0,0,0,0,,,1,26,43,26,9,8,0,0,0
SLN190006190,box,1900-06-19,0,STL05,R,1,SLN,CIN,1,0,1,0,1,,39,3,12,12,0,0,0,,3,,0,0,1,,0,0,0,0,,0,9,1,1,1,0,0,0,0,1,0,27,40,35,7,6,13,15,0,1,0,0,2,,1,,0,3,0,0,1,0,0,0,0,0,,,1,27,45,27,17,1,1,0,1
SLN190006250,box,1900-06-25,0,STL05,R,1,SLN,CIN,1,1,0,0,1,,29,2,7,7,0,0,0,,1,,4,,0,,2,0,0,1,,0,9,1,1,1,1,0,0,1,0,0,27,29,29,0,0,2,4,0,1,0,0,0,0,1,,0,0,0,0,0,0,0,0,0,0,,,1,27,43,27,14,2,2,0,0
SLN190006260,box,1900-06-26,0,STL05,R,1,SLN,CIN,1,0,1,0,1,,35,5,11,14,1,1,0,,5,,1,,2,,0,0,0,2,,0,4,1,1,1,0,0,0,0,1,0,24,39,36,7,6,10,13,1,1,0,0,2,,5,,0,1,0,0,0,0,0,0,0,0,,,1,24,40,24,13,3,0,0,0
SLN190006270,box,1900-06-27,0,STL05,R,1,SLN,CIN,1,0,1,0,1,,33,4,8,10,0,1,0,,4,,2,,0,,0,0,0,1,,0,4,1,1,1,0,0,0,0,1,0,27,33,32,5,3,5,10,0,1,1,0,1,,7,,0,0,0,0,0,0,0,0,0,0,,,1,27,41,27,11,3,0,0,0
SLN190006290,box,1900-06-29,0,STL05,R,1,SLN,NY1,1,1,0,0,1,,32,4,8,9,1,0,0,,3,,2,0,0,1,0,1,0,0,0,0,7,1,1,1,0,0,0,1,0,0,27,37,35,3,1,7,8,1,0,0,0,2,0,6,0,0,0,0,0,0,0,0,0,0,0,,,1,27,40,27,10,3,0,0,0
SLN190006300,box,1900-06-30,0,STL05,R,1,SLN,NY1,1,1,0,0,1,,30,6,9,9,0,0,0,,3,,6,,1,,1,1,0,2,,0,8,1,1,1,0,0,0,1,0,0,24,30,27,1,0,2,2,0,0,0,0,3,,5,,0,0,0,0,0,0,0,0,0,0,,,1,24,34,24,8,2,0,0,0
SLN190007010,box,1900-07-01,0,STL05,R,1,SLN,NY1,1,1,0,0,1,,27,6,8,8,0,0,0,,1,,2,,2,,1,2,0,4,,0,2,1,1,1,0,0,0,1,0,0,27,32,31,1,0,5,6,1,0,0,0,1,,2,,0,0,0,0,0,0,0,0,0,0,,,1,27,38,27,10,1,0,0,0
SLN190007020,box,1900-07-02,0,STL05,R,1,SLN,BRO,1,0,1,0,1,,35,2,11,14,3,0,0,,2,,3,0,1,0,0,0,0,4,0,0,9,1,1,1,0,0,0,0,1,0,27,41,36,8,8,12,16,1,0,1,0,2,0,0,0,1,2,0,0,0,0,0,0,0,0,,,1,27,47,27,18,2,1,0,1
SLN190007041,box,1900-07-04,1,STL05,R,1,SLN,BRO,1,0,1,0,1,,32,5,7,9,2,0,0,,5,,4,0,2,0,0,0,0,1,2,0,4,1,1,1,0,0,0,0,1,0,24,37,34,9,5,8,11,1,1,0,0,2,0,4,0,0,1,0,0,0,0,0,0,0,0,,,1,24,50,24,18,8,0,0,0
SLN190007042,box,1900-07-04,2,STL05,R,1,SLN,BRO,1,1,0,0,1,,34,9,13,16,3,0,0,,3,,3,0,1,2,3,2,0,4,0,0,6,1,1,1,1,0,0,1,0,0,27,34,32,0,0,7,7,0,0,0,0,2,0,3,0,0,0,0,0,0,0,0,0,0,0,,,1,27,43,27,14,2,0,0,0
SLN190007050,box,1900-07-05,0,STL05,R,1,SLN,PHI,1,0,1,0,1,,35,2,8,8,0,0,0,,0,,4,,,,1,0,0,3,,0,8,1,1,1,0,0,0,0,1,0,30,41,38,3,2,10,15,1,2,0,0,2,,,,0,1,0,0,0,0,0,0,0,0,,,1,30,48,30,16,2,1,0,0
SLN190007060,box,1900-07-06,0,STL05,R,1,SLN,PHI,1,0,1,0,1,,42,6,13,14,1,0,0,,3,,3,,1,,0,0,0,3,,0,12,1,1,1,0,0,0,0,1,0,24,40,36,10,7,10,15,3,1,0,0,4,,3,,0,0,0,0,1,0,0,0,0,0,,,1,24,38,24,11,3,0,0,1
SLN190007070,box,1900-07-07,0,STL05,R,1,SLN,PHI,1,1,0,0,1,,32,10,12,17,1,2,0,,7,,6,,2,,1,3,0,8,,0,8,1,1,1,0,0,0,1,0,0,27,44,41,6,4,12,19,1,0,2,0,3,,1,,0,0,0,0,0,0,0,0,0,0,,,1,27,40,27,10,3,0,0,0
SLN190007080,box,1900-07-08,0,STL05,R,1,SLN,PIT,1,1,0,0,1,,40,17,14,28,1,2,3,,16,,6,,0,,0,0,0,3,,0,5,1,1,1,0,0,0,1,0,0,27,35,35,3,3,8,10,2,0,0,0,0,0,3,,0,0,0,0,0,0,0,0,0,0,,,1,27,44,27,15,2,1,0,0
SLN190007090,box,1900-07-09,0,STL05,R,1,SLN,BSN,1,1,0,0,1,,32,10,12,20,2,0,2,,9,,6,,1,,0,0,0,2,,0,4,1,1,1,0,0,0,1,0,0,27,37,34,5,2,7,11,2,1,0,0,3,,3,,0,0,0,0,0,0,0,0,0,0,,,1,27,41,27,13,1,1,0,0
SLN190007100,box,1900-07-10,0,STL05,R,1,SLN,BSN,1,1,0,0,1,,25,3,7,8,1,0,0,,3,,3,,2,,1,2,0,1,,0,4,1,1,1,1,0,0,1,0,0,27,32,30,0,0,3,3,0,0,0,0,2,,5,,0,0,0,0,0,0,0,0,0,0,,,1,27,38,27,10,1,0,0,0
SLN190007110,box,1900-07-11,0,STL05,R,1,SLN,BSN,1,0,1,0,1,,30,0,2,2,0,0,0,,0,,1,,,,0,0,0,1,,0,4,1,1,1,0,0,0,0,1,0,27,33,32,3,3,8,13,0,1,1,0,0,0,,,0,1,0,0,0,0,0,0,0,0,,,1,27,37,27,10,0,0,0,0
SLN190007120,box,1900-07-12,0,STL05,R,1,SLN,BSN,1,1,0,0,1,,29,2,6,12,0,3,0,,2,,3,,3,,0,0,0,1,,0,4,1,1,1,0,0,0,1,0,0,27,32,30,1,0,2,2,0,0,0,0,2,,2,,0,0,0,0,0,0,0,0,0,0,,,1,27,37,27,7,3,0,0,0
CIN190007130,box,1900-07-13,0,CIN05,R,0,SLN,CIN,1,0,1,0,1,,34,0,5,5,0,0,0,,0,,1,0,4,0,0,1,0,0,0,0,6,1,1,1,0,0,0,0,1,0,28,37,32,1,1,6,6,0,0,0,0,3,0,0,0,1,1,0,0,0,0,0,0,0,0,,,1,28,43,28,13,2,2,0,1
CIN190007140,box,1900-07-14,0,CIN05,R,0,SLN,CIN,1,1,0,0,1,,31,4,9,12,1,1,0,,3,,3,,,,2,0,0,1,,0,5,1,1,1,0,0,0,1,0,0,27,33,32,1,1,6,8,0,1,0,0,1,,,,0,0,0,0,0,0,0,0,0,0,,,1,27,38,27,11,0,1,0,0
CIN190007150,box,1900-07-15,0,CIN05,R,0,SLN,CIN,1,0,1,0,1,,33,0,9,11,2,0,0,,0,,3,,6,,0,0,0,0,,0,9,1,1,0,0,0,1,0,1,0,24,39,31,9,7,10,16,3,0,1,0,4,,1,,1,3,0,0,1,0,0,0,0,0,,,1,24,40,24,13,3,0,0,1
NY1190007190,box,1900-07-19,0,NYC10,R,0,SLN,NY1,1,0,1,0,1,,38,3,14,16,2,0,0,,3,,1,0,4,0,1,0,0,0,3,0,10,1,1,1,0,0,0,0,1,0,24,38,34,8,7,13,18,0,1,1,0,2,0,1,0,0,2,0,0,0,1,0,0,0,0,,,1,24,39,24,14,1,0,0,0
NY1190007200,box,1900-07-20,0,NYC10,R,0,SLN,NY1,1,0,1,0,1,,28,2,7,8,1,0,0,,2,,3,0,1,1,0,1,0,1,1,0,3,1,1,1,0,0,0,0,1,0,24,30,27,3,1,8,8,0,0,0,0,0,0,1,0,1,2,0,0,0,0,0,0,0,0,,,1,24,42,24,15,3,0,0,0
NY1190007210,box,1900-07-21,0,NYC10,R,0,SLN,NY1,1,1,0,0,1,,38,8,8,8,0,0,0,,6,,5,0,2,0,1,0,0,3,0,0,9,1,1,0,0,0,1,1,0,0,27,35,34,3,3,9,14,1,2,0,0,1,0,2,0,0,0,0,0,0,0,0,0,0,0,,,1,27,41,27,13,1,0,0,0
BSN190007230,box,1900-07-23,0,BOS05,R,0,SLN,BSN,1,0,1,0,1,,38,4,9,11,2,0,0,,4,,3,,0,,1,0,0,3,,0,8,1,1,1,0,0,0,0,1,0,29,44,38,5,5,14,20,1,1,1,0,4,,2,,0,2,0,0,1,0,0,0,0,0,,,1,29,49,29,18,2,1,0,0
BSN190007240,box,1900-07-24,0,BOS05,R,0,SLN,BSN,1,0,1,0,1,,40,11,14,25,3,1,2,,9,,2,,,,3,0,0,0,,0,4,1,1,0,0,0,1,0,1,0,27,49,45,12,5,18,29,2,3,1,0,2,,,,1,1,0,0,0,0,0,0,0,0,,,1,27,47,27,15,5,1,0,0
BSN190007250,box,1900-07-25,0,BOS05,R,0,SLN,BSN,1,0,1,0,1,,28,5,12,19,2,1,1,,5,,3,,4,,0,0,0,0,,0,8,1,1,0,0,0,1,0,1,0,16,36,33,18,14,16,27,2,3,1,0,2,,1,,0,1,0,0,0,1,0,0,0,0,,,1,16,32,16,12,4,0,0,1
BRO190007270,box,1900-07-27,0,NYC12,R,0,SLN,BRO,1,1,0,0,1,,40,10,12,15,1,1,0,,9,,3,,1,,0,2,0,0,,0,8,1,1,0,0,0,1,1,0,0,27,40,35,5,3,8,9,1,0,0,0,5,,1,,0,0,0,0,0,0,0,0,0,0,,,1,27,41,27,12,2,1,0,0
BRO190007280,box,1900-07-28,0,NYC12,R,0,SLN,BRO,1,0,1,0,1,,32,6,6,6,0,0,0,,5,,6,0,,0,0,0,0,0,1,0,5,1,1,1,0,0,0,0,1,0,24,36,36,8,7,16,24,2,3,0,0,0,0,1,0,0,0,0,0,0,0,0,0,0,0,,,1,24,43,24,17,2,0,0,0
PHI190007310,box,1900-07-31,0,PHI09,R,0,SLN,PHI,1,1,0,0,1,,39,11,14,14,0,0,0,,9,,7,,1,,1,0,0,1,,0,9,1,1,1,0,0,0,1,0,0,27,37,33,4,2,7,7,0,0,0,0,4,,1,,0,0,0,0,0,0,0,0,0,0,,,1,27,43,27,14,2,0,0,1
PHI190008010,box,1900-08-01,0,PHI09,R,0,SLN,PHI,1,0,1,0,1,,38,7,13,14,1,0,0,,6,,3,,0,,1,1,0,5,,0,9,1,1,1,0,0,0,0,1,0,24,39,39,8,5,12,13,1,0,0,0,0,0,4,,0,0,0,0,0,0,0,0,0,0,,,1,24,33,24,7,2,1,0,1
PHI190008020,box,1900-08-02,0,PHI09,R,0,SLN,PHI,1,0,1,0,1,,36,5,8,10,2,0,0,,5,,6,,2,,0,0,0,1,,0,10,1,1,0,0,0,1,0,1,0,24,41,35,10,10,15,18,3,0,0,0,5,,3,,0,1,0,0,0,0,0,0,0,0,,,1,24,36,24,12,0,0,0,1
SLN190008040,box,1900-08-04,0,STL05,R,1,SLN,NY1,1,1,0,0,1,,32,9,15,19,1,0,1,,7,,5,0,1,0,1,3,0,3,1,0,8,1,1,1,0,0,0,1,0,0,27,42,36,8,2,9,12,1,1,0,0,4,0,2,0,0,2,0,0,0,0,0,0,0,0,,,1,27,47,27,16,4,0,0,0
SLN190008050,box,1900-08-05,0,STL05,R,1,SLN,NY1,1,1,0,0,1,,35,10,13,21,1,2,1,,9,,5,,0,,1,1,0,3,,0,8,1,1,1,0,0,0,1,0,0,27,36,36,1,1,7,12,1,2,0,0,0,0,2,,0,0,0,0,0,0,0,0,0,0,,,1,27,46,27,15,4,0,0,0
SLN190008060,box,1900-08-06,0,STL05,R,1,SLN,NY1,1,1,0,0,1,,30,3,13,14,1,0,0,,2,,2,0,,0,0,2,0,2,3,0,7,1,1,1,1,0,0,1,0,0,27,30,29,0,0,4,4,0,0,0,0,1,0,,0,0,0,0,0,0,0,0,0,0,0,,,1,27,44,27,17,0,1,0,0
SLN190008070,box,1900-08-07,0,STL05,R,1,SLN,NY1,1,0,1,0,1,,32,6,10,11,1,0,0,,3,,3,0,2,2,0,1,0,3,3,0,3,1,1,1,0,0,0,0,1,0,27,38,35,8,4,8,13,0,1,1,0,2,0,1,1,0,1,0,0,0,0,0,0,0,0,,,1,27,51,27,19,5,1,0,0
SLN190008090,box,1900-08-09,0,STL05,R,1,SLN,BRO,1,0,1,0,1,,34,3,8,16,1,2,1,,3,,1,,2,,1,0,0,1,,0,6,1,1,1,0,0,0,0,1,0,27,45,44,7,4,18,19,1,0,0,0,1,,2,,0,0,0,0,0,0,0,0,0,0,,,1,27,47,27,15,5,0,0,0
SLN190008110,box,1900-08-11,0,STL05,R,1,SLN,BRO,1,1,0,0,1,,40,8,14,15,1,0,0,,5,,5,,5,,0,4,0,0,,0,14,1,1,1,0,0,0,1,0,0,27,36,35,1,0,8,10,0,1,0,0,1,,,,0,0,0,0,0,0,0,0,0,0,,,1,27,41,27,13,1,0,0,0
SLN190008120,box,1900-08-12,0,STL05,R,1,SLN,BRO,1,0,1,0,1,,31,2,5,7,0,1,0,,1,,4,,0,,1,1,0,1,,0,8,1,1,1,0,0,0,0,1,0,25,40,34,3,3,12,14,2,0,0,0,6,,1,,0,0,0,0,0,0,0,0,0,0,,,1,25,39,25,12,2,0,0,0
SLN190008130,box,1900-08-13,0,STL05,R,1,SLN,PHI,1,1,0,0,1,,36,10,18,29,4,2,1,,9,,4,,2,,1,1,0,2,,0,8,1,1,1,0,0,0,1,0,0,27,37,31,3,3,8,11,1,1,0,0,6,,2,,0,0,0,0,0,0,0,0,0,0,,,1,27,36,27,9,0,2,0,0
SLN190008140,box,1900-08-14,0,STL05,R,1,SLN,PHI,1,1,0,0,1,,32,6,9,11,0,1,0,,3,,3,,0,,0,2,0,3,,0,7,1,1,1,0,0,0,1,0,0,27,36,36,2,1,9,9,0,0,0,0,0,0,5,,0,0,0,0,0,0,0,0,0,0,,,1,27,44,27,14,3,0,0,0
SLN190008150,box,1900-08-15,0,STL05,R,1,SLN,PHI,1,1,0,0,1,,38,8,13,17,1,0,1,,7,,5,,2,,0,0,0,0,,0,8,1,1,1,0,0,0,1,0,0,27,39,35,5,4,7,9,2,0,0,0,3,,0,,0,1,0,0,0,0,0,0,0,0,,,1,27,45,27,15,3,2,0,0
SLN190008160,box,1900-08-16,0,STL05,R,1,SLN,BSN,1,0,1,0,1,,29,1,6,7,1,0,0,,1,,1,,2,,1,2,0,3,,0,5,1,1,0,0,0,1,0,1,0,24,30,30,3,1,6,11,1,2,0,0,0,0,2,,0,0,0,0,0,0,0,0,0,0,,,1,24,32,24,7,1,0,0,0
SLN190008170,box,1900-08-17,0,STL05,R,1,SLN,BSN,1,1,0,0,1,,31,7,8,10,0,1,0,,6,,2,,0,,1,2,0,4,,0,5,1,1,1,0,0,0,1,0,0,27,34,32,3,1,5,9,2,1,0,0,2,,3,,0,0,0,0,0,0,0,0,0,0,,,1,27,42,27,13,2,1,0,0
SLN190008180,box,1900-08-18,0,STL05,R,1,SLN,BSN,1,0,1,0,1,,32,1,4,6,2,0,0,,1,,0,0,1,,0,0,0,0,,0,4,1,1,0,0,0,1,0,1,0,27,43,39,9,9,15,20,3,1,0,0,2,,1,,0,2,0,0,0,0,0,0,0,0,,,1,27,42,27,12,3,2,0,1
SLN190008190,box,1900-08-19,0,STL05,R,1,SLN,CIN,1,0,1,0,1,,39,5,11,15,0,2,0,,4,,2,,2,,0,0,0,1,,0,9,1,1,1,0,0,0,0,1,0,27,42,35,8,6,12,14,2,0,0,0,1,,5,,1,5,0,0,0,0,0,0,0,0,,,1,27,43,27,13,3,0,0,0
SLN190008200,box,1900-08-20,0,STL05,R,1,SLN,CIN,1,0,1,0,1,,42,7,16,24,3,1,1,,6,,6,,0,,0,1,0,2,,0,15,1,1,0,0,0,1,0,1,0,27,46,43,15,14,20,37,3,4,2,0,1,,4,,0,2,0,0,0,0,0,0,0,0,,,1,27,42,27,14,1,0,0,0
SLN190008210,box,1900-08-21,0,STL05,R,1,SLN,CIN,1,1,0,0,1,,34,9,14,19,0,1,1,,7,,2,,3,,1,0,0,2,,0,4,1,1,0,0,0,1,1,0,0,27,49,39,8,4,13,19,2,2,0,0,6,,0,,1,3,0,0,0,0,0,0,0,0,,,1,27,47,27,16,4,0,0,0
SLN190008240,box,1900-08-24,0,STL05,R,1,SLN,CHN,1,1,0,0,1,,35,7,10,12,0,1,0,,6,,3,,0,,0,1,0,2,,0,8,1,1,1,1,0,0,1,0,0,27,32,31,0,0,4,6,0,1,0,0,1,,4,,0,0,0,0,1,0,0,0,0,0,,,1,27,41,27,13,1,0,0,0
SLN190008250,box,1900-08-25,0,STL05,R,1,SLN,CHN,1,1,0,0,1,,29,2,4,4,0,0,0,,1,,0,0,2,0,0,0,0,4,0,0,3,1,1,1,1,0,0,1,0,0,27,29,29,0,0,3,3,0,0,0,0,0,0,4,1,0,0,0,0,0,0,0,0,0,0,,,1,27,37,27,8,2,1,0,0
SLN190008260,box,1900-08-26,0,STL05,R,1,SLN,CHN,1,1,0,0,1,,34,6,14,15,1,0,0,,4,,1,,0,,1,1,0,2,,0,7,1,1,1,0,0,0,1,0,0,27,35,33,3,2,7,8,1,0,0,0,0,0,3,,0,2,0,0,0,0,0,0,0,0,,,1,27,42,27,14,1,0,0,0
CHN190008270,box,1900-08-27,0,CHI08,R,0,SLN,CHN,1,0,1,0,1,,34,1,8,8,0,0,0,,1,,2,0,3,0,0,0,0,1,1,0,8,1,1,1,0,0,0,0,1,0,24,30,27,2,2,6,7,1,0,0,0,1,0,0,0,0,2,0,0,0,0,0,0,0,0,,,1,24,34,24,10,0,0,0,0
CHN190008280,box,1900-08-28,0,CHI08,R,0,SLN,CHN,1,1,0,0,1,,32,3,9,11,0,1,0,,3,,0,0,2,0,2,1,0,1,2,0,5,1,1,1,0,0,0,1,0,0,27,34,33,2,2,8,8,0,0,0,0,1,0,5,0,0,0,0,0,0,0,0,0,0,0,,,1,27,42,27,15,0,0,0,0
CHN190008290,box,1900-08-29,0,CHI08,R,0,SLN,CHN,1,0,1,0,1,,43,5,13,19,2,2,0,,5,,0,0,5,1,1,1,0,2,3,0,7,1,1,1,0,0,0,0,1,0,31,42,38,6,4,11,18,3,2,0,0,2,0,2,0,0,2,0,0,0,0,0,0,0,0,,,1,31,55,31,20,4,1,0,0
PIT190008300,box,1900-08-30,0,PIT05,R,0,SLN,PIT,1,0,1,0,1,,32,3,8,8,0,0,0,,3,,4,,6,,0,0,0,0,,0,6,1,1,1,0,0,0,0,1,0,24,41,37,11,6,14,22,1,2,1,0,2,,1,,1,1,0,0,0,0,0,0,0,0,,,1,24,44,24,17,3,0,0,1
PIT190008310,box,1900-08-31,0,PIT05,R,0,SLN,PIT,1,1,0,0,1,,43,10,16,19,1,1,0,,8,,2,,4,,0,0,0,1,,0,8,1,1,1,0,0,0,1,0,0,27,44,40,5,5,14,21,1,0,2,0,2,,2,,0,2,0,0,0,0,0,0,0,0,,,1,27,37,27,9,1,0,0,0
PIT190009010,box,1900-09-01,0,PIT05,R,0,SLN,PIT,1,0,1,0,1,,35,1,6,6,0,0,0,,1,,2,,1,,0,0,0,6,,0,6,1,1,1,0,0,0,0,1,0,29,40,37,2,2,8,9,1,0,0,0,1,,4,,1,1,0,0,1,0,0,0,0,0,,,1,29,44,29,13,2,0,0,1
PHI190009031,box,1900-09-03,1,PHI09,R,0,SLN,PHI,1,0,1,0,1,,34,2,8,9,1,0,0,,2,,1,,2,,1,0,0,0,,0,7,1,1,1,0,0,0,0,1,0,24,42,33,10,8,15,20,2,0,1,0,5,,2,,1,3,0,0,0,0,0,0,0,0,,,1,24,41,24,16,1,0,0,0
PHI190009032,box,1900-09-03,2,PHI09,R,0,SLN,PHI,1,0,1,0,1,,36,4,9,10,1,0,0,,2,,1,,3,,2,0,0,0,,0,8,1,1,1,0,0,0,0,1,0,24,43,39,10,9,14,25,4,2,1,0,1,,1,,3,0,0,0,0,0,0,0,0,0,,,1,24,40,24,14,2,0,0,0
PHI190009040,box,1900-09-04,0,PHI09,R,0,SLN,PHI,1,0,1,0,1,,39,8,12,17,2,0,1,,7,,1,,1,,1,0,0,0,,0,6,1,1,1,0,0,0,0,1,0,24,43,37,13,9,16,22,4,1,0,0,4,,0,,1,1,0,0,0,0,0,0,0,0,,,1,24,46,24,17,5,2,0,0
PHI190009050,box,1900-09-05,0,PHI09,R,0,SLN,PHI,1,1,0,0,1,,39,7,9,12,1,1,0,,6,,2,,0,,2,0,0,1,,0,9,1,1,1,0,0,0,1,0,0,27,36,36,1,1,10,12,2,0,0,0,0,0,2,,0,0,0,0,0,0,0,0,0,0,,,1,27,35,27,8,0,1,0,0
NY1190009060,box,1900-09-06,0,NYC10,R,0,SLN,NY1,1,1,0,0,1,,36,11,10,11,1,0,0,,9,,5,0,5,0,0,1,0,7,1,0,7,1,1,1,0,0,0,1,0,0,24,32,28,4,3,4,11,1,0,2,0,2,0,6,1,2,0,0,0,0,0,0,0,0,0,,,1,24,36,24,10,2,1,0,0
NY1190009070,box,1900-09-07,0,NYC10,R,0,SLN,NY1,1,0,1,0,1,,32,3,9,12,1,1,0,,2,,2,,,,1,1,0,2,,0,6,1,1,1,0,0,0,0,1,0,24,33,30,5,3,7,10,1,1,0,0,1,,1,,2,0,0,0,0,0,0,0,0,0,,,1,24,40,23,15,2,0,0,0
NY1190009080,box,1900-09-08,0,NYC10,R,0,SLN,NY1,1,1,0,0,1,,32,6,12,14,2,0,0,,3,,4,0,,1,0,1,0,1,0,0,10,1,1,1,0,0,0,1,0,0,21,31,24,5,3,6,10,1,0,1,0,6,0,,0,0,1,0,0,0,0,0,0,0,0,,,1,21,34,21,11,2,2,0,1
NY1190009100,box,1900-09-10,0,NYC10,R,0,SLN,NY1,1,1,0,0,1,,48,12,15,18,1,1,0,,7,,2,0,2,1,3,0,0,1,0,0,14,1,1,1,0,0,0,1,0,0,27,43,41,8,5,16,22,4,1,0,0,2,0,3,0,0,0,0,0,0,0,0,0,0,0,,,1,27,43,27,12,4,1,0,1
BSN190009110,box,1900-09-11,0,BOS05,R,0,SLN,BSN,1,0,1,0,1,,31,4,8,9,1,0,0,,3,,6,,7,,0,1,0,2,,0,7,1,1,1,0,0,0,0,1,0,24,39,32,7,5,9,11,0,1,0,0,6,,1,,1,0,0,0,0,0,0,0,0,0,,,1,24,42,24,14,4,2,0,0
BSN190009120,box,1900-09-12,0,BOS05,R,0,SLN,BSN,1,0,1,0,1,,24,3,9,12,1,1,0,,3,,3,,3,,0,0,0,2,,0,6,1,1,1,0,0,0,0,1,0,18,40,36,18,17,20,34,3,4,1,0,2,,3,,0,2,0,0,0,0,0,0,0,0,,,1,18,31,18,11,2,0,0,0
BSN190009130,box,1900-09-13,0,BOS05,R,0,SLN,BSN,1,1,0,0,1,,37,6,11,15,0,2,0,,4,,3,,3,,1,0,0,2,,0,8,1,1,1,0,0,0,1,0,0,27,40,36,4,4,9,10,1,0,0,0,3,,0,,0,1,0,0,0,0,0,0,0,0,,,1,27,41,27,13,1,0,0,1
BRO190009151,box,1900-09-15,1,NYC12,R,0,SLN,BRO,1,0,1,0,1,,36,4,9,12,1,1,0,,4,,1,0,1,0,1,0,0,2,0,0,7,1,1,1,0,0,0,0,1,0,24,35,34,5,5,10,16,4,1,0,0,1,0,5,0,0,0,0,0,0,0,0,0,0,0,,,1,24,27,24,3,0,0,0,0
BRO190009152,box,1900-09-15,2,NYC12,R,0,SLN,BRO,1,0,1,0,1,,25,5,9,9,0,0,0,,4,,0,0,5,,3,0,0,1,,0,8,1,1,1,0,0,0,0,1,0,15,28,26,8,7,12,15,1,1,0,0,2,,0,,0,0,0,0,2,0,0,0,0,0,,,1,15,29,15,12,2,0,0,0
BRO190009170,box,1900-09-17,0,NYC12,R,0,SLN,BRO,1,0,1,0,1,,35,5,10,11,1,0,0,,5,,4,0,2,0,1,0,0,4,2,0,8,1,1,1,0,0,0,0,1,0,24,35,33,7,4,9,12,1,1,0,0,2,0,2,0,0,0,0,0,0,0,0,0,0,0,,,1,24,37,24,10,3,0,0,1
BRO190009180,box,1900-09-18,0,NYC12,R,0,SLN,BRO,1,1,0,0,1,,40,9,13,19,1,1,1,,7,,6,0,1,2,0,2,0,1,0,0,12,1,1,1,0,0,0,1,0,0,27,35,35,2,1,7,9,2,0,0,0,0,0,3,0,0,0,0,0,0,0,0,0,0,0,,,1,27,47,27,16,4,1,0,0
PIT190009200,box,1900-09-20,0,PIT05,R,0,SLN,PIT,1,0,1,0,1,,36,4,11,11,0,0,0,,4,,1,0,1,0,0,0,0,0,1,0,9,1,1,1,0,0,0,0,1,0,21,37,33,10,9,13,19,4,1,0,0,1,0,2,0,1,2,0,0,0,0,0,0,0,0,,,1,21,33,21,11,1,0,0,1
PIT190009210,box,1900-09-21,0,PIT05,R,0,SLN,PIT,1,0,1,0,1,,36,3,12,14,0,1,0,,3,,0,0,3,,0,1,0,3,,0,7,1,1,1,0,0,0,0,1,0,24,40,37,7,6,15,20,3,1,0,0,1,,0,,0,2,0,0,1,0,0,0,0,0,,,1,24,40,24,14,2,0,0,1
PIT190009220,box,1900-09-22,0,PIT05,R,0,SLN,PIT,1,1,0,0,1,,45,7,14,18,2,1,0,,7,,3,,6,,0,0,0,3,,0,14,1,1,1,0,0,0,1,0,0,27,35,35,6,6,11,14,1,1,0,0,0,0,,,0,0,0,0,1,0,0,0,0,0,,,1,27,42,27,15,0,0,0,1
SLN190009230,box,1900-09-23,0,STL05,R,1,SLN,PIT,1,0,1,0,1,,32,1,8,8,0,0,0,,1,,2,,1,,0,1,0,2,,0,7,1,1,1,0,0,0,0,1,0,27,32,29,3,2,4,6,0,1,0,0,2,,2,,0,1,0,0,0,0,0,0,0,0,,,1,27,44,27,15,2,0,0,0
SLN190009240,box,1900-09-24,0,STL05,R,1,SLN,PIT,1,1,0,0,1,,28,1,5,5,0,0,0,,1,,0,0,1,0,0,1,0,0,0,0,4,1,1,1,1,0,0,1,0,0,27,30,30,0,0,4,5,1,0,0,0,0,0,2,0,0,0,0,0,0,0,0,0,0,0,,,1,27,42,27,14,1,0,0,0
SLN190009250,box,1900-09-25,0,STL05,R,1,SLN,CHN,1,1,0,0,1,,31,8,10,13,1,1,0,,7,,2,0,0,2,0,3,0,5,1,0,4,1,1,1,0,0,0,1,0,0,27,36,31,1,1,5,5,0,0,0,0,4,0,2,0,0,1,0,0,0,0,0,0,0,0,,,1,27,42,27,14,1,0,0,0
SLN190009280,box,1900-09-28,0,STL05,R,1,SLN,CHN,1,0,0,1,1,,38,3,13,15,0,1,0,,3,,2,0,2,0,2,2,0,2,1,0,11,1,1,1,0,0,0,0,0,0,33,49,41,3,0,11,12,1,0,0,0,3,0,0,1,1,4,0,0,0,0,0,0,0,0,,,1,33,58,33,22,3,2,0,1
CHN190009291,box,1900-09-29,1,CHI08,R,0,SLN,CHN,1,1,0,0,1,,42,10,15,16,1,0,0,,8,,5,0,5,0,1,1,0,3,1,0,12,1,1,1,0,0,0,1,0,0,27,43,38,7,0,10,11,1,0,0,0,3,0,2,0,0,2,0,0,0,0,0,0,0,0,,,1,27,39,27,8,4,0,0,0
CHN190009292,box,1900-09-29,2,CHI08,R,0,SLN,CHN,1,0,0,1,1,,23,0,3,4,1,0,0,,0,,1,0,2,0,0,0,0,1,1,0,3,1,1,1,1,0,0,0,0,0,21,27,22,0,0,3,3,0,0,0,0,4,0,0,0,0,1,0,0,0,0,0,0,0,0,,,1,21,36,21,14,1,1,0,0
CHN190009301,box,1900-09-30,1,CHI08,R,0,SLN,CHN,1,1,0,0,1,,36,4,10,12,2,0,0,,2,,5,,5,,0,2,0,4,,0,12,1,1,1,0,0,0,1,0,0,27,37,35,2,2,11,12,1,0,0,0,1,,3,,1,0,0,0,0,0,0,0,0,0,,,1,27,45,27,16,2,0,0,1
CHN190009302,box,1900-09-30,2,CHI08,R,0,SLN,CHN,1,0,1,0,1,,23,1,5,6,1,0,0,,0,,2,,3,,0,0,0,3,,0,6,1,1,1,0,0,0,0,1,0,16,24,20,4,4,7,8,1,0,0,0,3,,0,,0,1,0,0,0,0,0,0,0,0,,,1,16,24,16,8,0,2,0,1
CHN190010010,box,1900-10-01,0,CHI08,R,0,SLN,CHN,1,0,1,0,1,,36,2,9,17,2,3,0,,1,,3,0,2,1,0,0,0,2,0,0,10,1,1,1,0,0,0,0,1,0,24,32,29,4,0,7,8,1,0,0,0,0,0,4,1,1,2,0,0,0,0,0,0,0,0,,,1,24,40,24,11,5,1,0,0
CHN190010020,box,1900-10-02,0,CHI08,R,0,SLN,CHN,1,0,1,0,1,,31,0,3,3,0,0,0,,0,,0,0,5,0,1,0,0,1,0,0,5,1,1,1,0,0,0,0,1,0,24,33,30,3,3,8,12,2,1,0,0,2,0,0,0,0,1,0,0,0,0,0,0,0,0,,,1,24,33,24,9,0,0,0,1
CIN190010030,box,1900-10-03,0,CIN05,R,0,SLN,CIN,1,0,1,0,1,,36,6,11,12,1,0,0,,6,,7,,,,0,1,0,0,,0,11,1,1,0,0,0,1,0,1,0,24,40,39,12,9,16,26,3,2,1,0,1,,,,0,0,0,0,0,0,0,0,0,0,,,1,24,43,24,14,5,0,0,0
CIN190010040,box,1900-10-04,0,CIN05,R,0,SLN,CIN,1,1,0,0,1,,32,2,8,8,0,0,0,,2,,3,,4,,0,1,0,0,,0,7,1,1,1,0,0,0,1,0,0,27,33,32,1,1,11,11,0,0,0,0,0,0,2,,0,1,0,0,0,0,0,0,0,0,,,1,27,47,27,18,2,0,0,0
CIN190010050,box,1900-10-05,0,CIN05,R,0,SLN,CIN,1,1,0,0,1,,36,6,10,22,1,1,3,,6,,3,,6,,0,0,0,0,,0,6,1,1,1,0,0,0,1,0,0,27,36,34,1,1,8,8,0,0,0,0,2,,1,,0,0,0,0,0,0,0,0,0,0,,,1,27,40,27,12,1,0,0,0
PIT190010060,box,1900-10-06,0,PIT05,R,0,SLN,PIT,1,1,0,0,1,,35,4,8,11,1,1,0,,0,,2,,4,,0,0,0,3,,0,6,1,1,1,0,0,0,1,0,0,27,39,36,3,2,9,11,2,0,0,0,2,,4,,0,1,0,0,0,0,0,0,0,0,,,1,27,36,27,8,1,0,0,0
SLN190010070,box,1900-10-07,0,STL05,R,1,SLN,PIT,1,0,1,0,1,,25,2,9,12,1,1,0,,2,,2,,1,,0,1,0,1,,0,5,1,1,1,0,0,0,0,1,0,21,26,24,3,1,6,7,1,0,0,0,1,,4,,0,1,0,0,0,0,0,0,0,0,,,1,21,30,21,8,1,0,0,0
SLN190010081,box,1900-10-08,1,STL05,R,1,SLN,PIT,1,0,1,0,1,,29,0,4,4,0,0,0,,0,,3,,4,,1,0,0,1,,0,6,1,1,1,0,0,0,0,1,0,27,42,36,8,8,13,19,1,1,1,0,3,,4,,0,3,0,0,0,0,0,0,0,0,,,1,27,45,27,14,4,0,0,0
SLN190010082,box,1900-10-08,2,STL05,R,1,SLN,PIT,1,0,1,0,1,,33,2,6,6,0,0,0,,0,,1,,4,,0,0,0,0,,0,5,1,1,1,0,0,0,0,1,0,27,41,36,8,5,11,13,2,0,0,0,2,,3,,0,3,0,0,0,0,0,0,0,0,,,1,27,54,27,22,5,0,0,1
SLN190010090,box,1900-10-09,0,STL05,R,1,SLN,PIT,1,1,0,0,1,,39,8,15,21,4,1,0,,8,,1,,4,,0,1,0,3,,0,9,1,1,1,0,0,0,1,0,0,27,36,35,4,2,8,12,2,1,0,0,1,,1,,0,0,0,0,0,0,0,0,0,0,,,1,27,38,27,10,1,0,0,1
SLN190010130,box,1900-10-13,0,STL05,R,1,SLN,CIN,1,1,0,0,1,,34,3,10,12,0,1,0,,3,,1,,5,,0,1,0,1,,0,9,1,1,1,0,0,0,1,0,0,27,39,39,2,0,10,10,0,0,0,0,0,0,4,,0,0,0,0,0,0,0,0,0,0,,,1,27,45,27,15,3,0,0,0
SLN190010140,box,1900-10-14,0,STL05,R,1,SLN,CIN,1,1,0,0,1,,33,7,16,23,2,1,1,,7,,2,,1,,0,0,0,4,,0,4,1,1,1,1,0,0,1,0,0,27,33,32,0,0,5,6,1,0,0,0,0,0,2,,1,0,0,0,0,0,0,0,0,0,,,1,27,39,27,11,1,0,0,0
