game.key,game.source,game.date,game.number,site.key,season.phase,team.alignment,team.key,opponent.key,R_G,R_W,R_L,R_T,B_G,B_PA,B_AB,B_R,B_H,B_TB,B_2B,B_3B,B_HR,B_HR4,B_RBI,B_GW,B_BB,B_IBB,B_SO,B_GDP,B_HP,B_SH,B_SF,B_SB,B_CS,B_XI,B_LOB,P_G,P_GS,P_CG,P_SHO,P_CSHO,P_GF,P_W,P_L,P_SV,P_OUT,P_TBF,P_AB,P_R,P_ER,P_H,P_TB,P_2B,P_3B,P_HR,P_HR4,P_BB,P_IBB,P_SO,P_GDP,P_HP,P_SH,P_SF,P_XI,P_WP,P_BK,P_IR,P_IRS,P_GO,P_AO,P_PITCH,P_STRIKE,F_G,F_OUT,F_TC,F_PO,F_A,F_E,F_DP,F_TP,F_PB
PHA190904120,evt,1909-04-12,0,PHI11,R,0,BOS,PHA,1,0,1,0,1,38,33,1,6,8,2,0,0,0,1,,3,0,5,0,1,1,0,0,0,0,10,1,1,0,0,0,1,0,1,0,24,41,36,8,5,13,16,3,0,0,0,3,0,1,0,1,1,0,0,0,0,2,0,7,13,,,1,24,36,24,10,2,0,0,0
PHA190904120,box,1909-04-12,0,PHI11,R,0,BOS,PHA,1,0,1,0,1,,33,1,6,8,2,0,0,,1,,3,0,5,0,1,1,0,0,0,0,10,1,1,0,0,0,1,0,1,0,24,41,36,8,5,13,16,3,0,0,0,3,0,1,0,1,1,0,0,0,0,0,0,0,0,,,1,24,36,24,10,2,0,0,0
PHA190904130,evt,1909-04-13,0,PHI11,R,0,BOS,PHA,1,1,0,0,1,38,35,4,8,10,0,1,0,0,1,,1,0,4,1,0,2,0,2,1,0,7,1,1,1,0,0,0,1,0,0,27,38,37,2,2,9,10,1,0,0,0,1,0,2,0,0,0,0,0,0,0,0,0,13,11,,,1,27,42,27,13,2,0,0,0
PHA190904130,box,1909-04-13,0,PHI11,R,0,BOS,PHA,1,1,0,0,1,,35,4,8,10,0,1,0,,1,,1,0,4,1,0,2,0,2,1,0,7,1,1,1,0,0,0,1,0,0,27,38,37,2,2,9,10,1,0,0,0,1,0,2,0,0,0,0,0,0,0,0,0,0,0,,,1,27,42,27,13,2,0,0,0
WS1190904160,evt,1909-04-16,0,WAS08,R,0,BOS,WS1,1,0,1,0,1,36,35,2,8,13,3,1,0,0,2,,0,0,5,0,1,0,0,1,0,0,7,1,1,1,0,0,0,0,1,0,24,37,30,3,1,9,11,0,1,0,0,2,0,1,0,1,3,1,0,0,0,0,0,15,3,,,1,24,24,12,6,6,0,0,0
WS1190904160,box,1909-04-16,0,WAS08,R,0,BOS,WS1,1,0,1,0,1,,35,2,8,13,3,1,0,,2,,0,0,5,0,1,0,0,1,0,0,7,1,1,1,0,0,0,0,1,0,24,37,30,3,1,9,11,0,1,0,0,2,0,1,0,1,3,1,0,0,0,0,0,0,0,,,1,24,44,24,14,6,0,0,0
WS1190904170,evt,1909-04-17,0,WAS08,R,0,BOS,WS1,1,1,0,0,1,40,35,6,12,13,1,0,0,0,6,,3,1,4,1,0,2,0,5,2,0,7,1,1,0,0,0,1,1,0,1,27,36,31,1,1,7,7,0,0,0,0,4,0,4,2,0,1,0,0,0,0,1,0,9,9,,,1,27,39,27,11,1,3,0,0
WS1190904170,box,1909-04-17,0,WAS08,R,0,BOS,WS1,1,1,0,0,1,,35,6,12,13,1,0,0,,6,,3,1,4,1,0,2,0,5,2,0,7,1,1,0,0,0,1,1,0,1,27,36,31,1,1,7,7,0,0,0,0,4,0,4,2,0,1,0,0,0,0,0,0,0,0,,,1,27,39,27,11,1,3,0,0
WS1190904190,evt,1909-04-19,0,WAS08,R,0,BOS,WS1,1,1,0,0,1,36,33,8,11,12,1,0,0,0,3,,3,0,4,1,0,0,0,1,4,0,1,1,1,0,0,0,1,1,0,1,27,40,32,4,4,7,7,0,0,0,0,6,0,1,0,1,0,1,0,0,0,3,2,10,14,,,1,27,39,27,11,1,0,0,0
WS1190904190,box,1909-04-19,0,WAS08,R,0,BOS,WS1,1,1,0,0,1,,33,8,11,12,1,0,0,,3,,3,0,4,1,0,0,0,1,4,0,1,1,1,0,0,0,1,1,0,1,27,40,32,4,4,7,7,0,0,0,0,6,0,1,0,1,0,1,0,0,0,0,0,0,0,,,1,27,39,27,11,1,0,0,0
BOS190904210,evt,1909-04-21,0,BOS06,R,1,BOS,PHA,1,1,0,0,1,37,32,6,7,9,0,1,0,0,3,,4,0,4,0,0,1,0,8,1,0,7,1,1,1,0,0,0,1,0,0,27,39,34,2,2,5,6,1,0,0,0,5,0,3,0,0,0,0,0,0,0,0,0,11,10,,,1,27,41,27,12,2,0,0,0
BOS190904210,box,1909-04-21,0,BOS06,R,1,BOS,PHA,1,1,0,0,1,,32,6,7,9,0,1,0,,3,,4,0,4,0,0,1,0,8,1,0,7,1,1,1,0,0,0,1,0,0,27,39,34,2,2,5,6,1,0,0,0,5,0,3,0,0,0,0,0,0,0,0,0,0,0,,,1,27,41,27,12,2,0,0,0
BOS190904220,evt,1909-04-22,0,BOS06,R,1,BOS,PHA,1,0,1,0,1,32,24,0,1,3,0,1,0,0,0,,6,1,3,0,1,1,0,1,3,0,5,1,1,1,0,0,0,0,1,0,27,38,33,1,0,7,7,0,0,0,0,3,0,7,0,0,2,0,0,0,0,0,0,12,3,,,1,27,49,27,18,4,1,0,1
BOS190904220,box,1909-04-22,0,BOS06,R,1,BOS,PHA,1,0,1,0,1,,24,0,1,3,0,1,0,,0,,6,1,3,0,1,1,0,1,3,0,5,1,1,1,0,0,0,0,1,0,27,38,33,1,0,7,7,0,0,0,0,3,0,7,0,0,2,0,0,0,0,0,0,0,0,,,1,27,49,27,18,4,1,0,1
BOS190904240,evt,1909-04-24,0,BOS06,R,1,BOS,PHA,1,0,1,0,1,34,33,1,8,10,2,0,0,0,1,,1,0,4,0,0,0,0,0,4,0,6,1,1,1,0,0,0,0,1,0,27,32,28,4,4,4,9,0,1,1,1,3,1,5,0,0,1,0,0,0,0,0,0,11,7,,,1,27,42,27,15,0,1,0,0
BOS190904240,box,1909-04-24,0,BOS06,R,1,BOS,PHA,1,0,1,0,1,,33,1,8,10,2,0,0,,1,,1,0,4,0,0,0,0,0,4,0,6,1,1,1,0,0,0,0,1,0,27,32,28,4,4,4,9,0,1,1,0,3,1,5,0,0,1,0,0,0,0,0,0,0,0,,,1,27,42,27,15,0,1,0,0
BOS190904260,evt,1909-04-26,0,BOS06,R,1,BOS,NYA,1,1,0,0,1,33,25,1,4,6,0,1,0,0,1,,6,0,5,0,1,1,0,0,1,0,8,1,1,1,1,0,0,1,0,0,27,30,28,0,0,2,3,1,0,0,0,2,0,6,0,0,0,0,0,0,0,0,0,13,6,,,1,27,41,27,14,0,0,0,0
BOS190904260,box,1909-04-26,0,BOS06,R,1,BOS,NYA,1,1,0,0,1,,25,1,4,6,0,1,0,,1,,6,0,5,0,1,1,0,0,1,0,8,1,1,1,1,0,0,1,0,0,27,30,28,0,0,2,3,1,0,0,0,2,0,6,0,0,0,0,0,0,0,0,0,0,0,,,1,27,41,27,14,0,0,0,0
BOS190904270,evt,1909-04-27,0,BOS06,R,1,BOS,NYA,1,0,1,0,1,36,33,3,7,11,2,1,0,0,3,,1,0,8,1,1,0,1,0,2,0,6,1,1,0,0,0,1,0,1,0,27,36,29,4,3,5,6,1,0,0,0,4,1,10,0,0,2,1,0,1,0,2,2,4,10,,,1,27,35,27,6,2,1,0,1
BOS190904270,box,1909-04-27,0,BOS06,R,1,BOS,NYA,1,0,1,0,1,,33,3,7,11,2,1,0,,3,,1,0,8,1,1,0,1,0,2,0,6,1,1,0,0,0,1,0,1,0,27,36,29,4,3,5,6,1,0,0,0,4,1,10,0,0,2,1,0,1,0,0,0,0,0,,,1,27,35,27,6,2,1,0,1
BOS190904280,evt,1909-04-28,0,BOS06,R,1,BOS,NYA,1,1,0,0,1,43,32,12,12,19,1,3,0,0,8,,5,0,3,0,3,2,1,3,1,0,7,1,1,1,0,0,0,1,0,0,27,35,32,2,1,5,9,2,1,0,0,2,0,9,0,0,1,0,0,0,0,0,0,10,7,,,1,27,43,27,14,2,0,0,0
BOS190904280,box,1909-04-28,0,BOS06,R,1,BOS,NYA,1,1,0,0,1,,32,12,12,19,1,3,0,,8,,5,0,3,0,3,2,1,3,1,0,7,1,1,1,0,0,0,1,0,0,27,35,32,2,1,5,9,2,1,0,0,2,0,9,0,0,1,0,0,0,0,0,0,0,0,,,1,27,43,27,14,2,0,0,0
BOS190904290,evt,1909-04-29,0,BOS06,R,1,BOS,NYA,1,1,0,0,1,44,35,10,13,16,3,0,0,0,8,,4,0,4,0,1,4,0,4,1,0,10,1,1,1,0,0,0,1,0,0,27,42,34,4,2,7,11,0,2,0,0,7,0,2,0,0,1,0,0,0,0,0,0,11,13,,,1,27,45,27,15,3,0,0,0
BOS190904290,box,1909-04-29,0,BOS06,R,1,BOS,NYA,1,1,0,0,1,,35,10,13,16,3,0,0,,8,,4,0,4,0,1,4,0,4,1,0,10,1,1,1,0,0,0,1,0,0,27,42,34,4,2,7,11,0,2,0,0,7,0,2,0,0,1,0,0,0,0,0,0,0,0,,,1,27,44,27,14,3,0,0,0
BOS190905030,evt,1909-05-03,0,BOS06,R,1,BOS,WS1,1,1,0,0,1,34,30,7,10,13,0,0,1,0,6,,2,0,2,0,1,1,0,1,1,0,3,1,1,1,0,0,0,1,0,0,27,36,34,1,1,8,9,1,0,0,0,2,0,4,0,0,0,0,0,0,0,0,0,16,5,,,1,27,30,20,10,0,0,0,0
BOS190905030,box,1909-05-03,0,BOS06,R,1,BOS,WS1,1,1,0,0,1,,30,7,10,13,0,0,1,,6,,2,0,2,0,1,1,0,1,1,0,3,1,1,1,0,0,0,1,0,0,27,36,34,1,1,8,9,1,0,0,0,2,0,4,0,0,0,0,0,0,0,0,0,0,0,,,1,27,41,27,14,0,0,0,0
BOS190905040,evt,1909-05-04,0,BOS06,R,1,BOS,WS1,1,0,1,0,1,28,25,0,3,3,0,0,0,0,0,,2,0,2,1,1,0,0,0,3,0,1,1,1,1,0,0,0,0,1,0,27,29,26,1,1,2,4,0,1,0,0,2,0,5,0,1,0,0,0,0,1,0,0,8,10,,,1,27,40,27,12,1,1,0,0
BOS190905040,box,1909-05-04,0,BOS06,R,1,BOS,WS1,1,0,1,0,1,,25,0,3,3,0,0,0,,0,,2,0,2,1,1,0,0,0,3,0,1,1,1,1,0,0,0,0,1,0,27,29,26,1,1,2,4,0,1,0,0,2,0,5,0,1,0,0,0,0,1,0,0,0,0,,,1,27,40,27,12,1,1,0,0
NYA190905050,evt,1909-05-05,0,NYC13,R,0,BOS,NYA,1,0,1,0,1,35,31,0,6,7,1,0,0,0,0,,1,0,4,0,1,2,0,0,1,0,8,1,1,1,0,0,0,0,1,0,24,30,25,2,2,5,5,0,0,0,0,2,1,1,1,0,2,1,0,0,0,0,0,8,11,,,1,24,36,24,12,0,1,0,0
NYA190905050,box,1909-05-05,0,NYC13,R,0,BOS,NYA,1,0,1,0,1,,31,0,6,7,1,0,0,,0,,1,0,4,0,1,2,0,0,1,0,8,1,1,1,0,0,0,0,1,0,24,30,25,2,2,5,5,0,0,0,0,2,1,1,1,0,2,1,0,0,0,0,0,0,0,,,1,24,36,24,12,0,1,0,0
NYA190905060,evt,1909-05-06,0,NYC13,R,0,BOS,NYA,1,1,0,0,1,38,33,4,8,9,1,0,0,0,4,,5,0,6,0,0,0,0,2,2,0,7,1,1,0,0,0,1,1,0,0,27,36,32,3,3,7,9,0,1,0,0,3,0,7,0,0,1,0,0,0,0,0,0,11,7,,,1,27,40,27,12,1,0,0,0
NYA190905060,box,1909-05-06,0,NYC13,R,0,BOS,NYA,1,1,0,0,1,,33,4,8,9,1,0,0,,4,,5,0,6,0,0,0,0,2,2,0,7,1,1,0,0,0,1,1,0,0,27,36,32,3,3,7,9,0,1,0,0,3,0,7,0,0,1,0,0,0,0,0,0,0,0,,,1,27,40,27,12,1,0,0,0
NYA190905070,evt,1909-05-07,0,NYC13,R,0,BOS,NYA,1,0,1,0,1,46,41,3,8,13,1,2,0,0,3,,1,0,5,0,1,3,0,0,1,0,7,1,1,1,0,0,0,0,1,0,34,46,45,4,2,11,17,3,0,1,0,0,0,1,0,0,1,0,0,0,0,0,0,16,14,,,1,34,52,34,16,2,1,0,0
NYA190905070,box,1909-05-07,0,NYC13,R,0,BOS,NYA,1,0,1,0,1,,41,3,8,13,1,2,0,,3,,1,0,5,0,1,3,0,0,1,0,7,1,1,1,0,0,0,0,1,0,34,46,45,4,2,11,17,3,0,1,0,0,0,1,0,0,1,0,0,0,0,0,0,0,0,,,1,34,52,34,16,2,1,0,0
NYA190905080,evt,1909-05-08,0,NYC13,R,0,BOS,NYA,1,1,0,0,1,41,34,6,9,10,1,0,0,0,5,,5,0,2,0,1,1,0,2,1,0,8,1,1,0,0,0,1,1,0,0,27,39,35,4,3,10,10,0,0,0,0,2,0,1,0,1,0,1,0,1,0,1,0,12,13,,,1,27,42,27,13,2,0,0,0
NYA190905080,box,1909-05-08,0,NYC13,R,0,BOS,NYA,1,1,0,0,1,,34,6,9,10,1,0,0,,5,,5,0,2,0,1,1,0,2,1,0,8,1,1,0,0,0,1,1,0,0,27,39,35,4,3,10,10,0,0,0,0,2,0,1,0,1,0,1,0,1,0,0,0,0,0,,,1,27,42,27,13,2,0,0,0
CLE190905110,evt,1909-05-11,0,CLE05,R,0,BOS,CLE,1,1,0,0,1,38,35,5,11,18,3,2,0,0,5,,2,0,3,0,0,1,0,1,3,0,6,1,1,0,0,0,1,1,0,1,27,31,30,1,1,6,7,1,0,0,0,0,0,5,0,0,0,1,0,0,0,1,0,11,7,,,1,27,24,17,5,2,2,0,0
CLE190905110,box,1909-05-11,0,CLE05,R,0,BOS,CLE,1,1,0,0,1,,35,5,11,18,3,2,0,,5,,2,0,3,0,0,1,0,1,3,0,6,1,1,0,0,0,1,1,0,1,27,31,30,1,1,6,7,1,0,0,0,0,0,5,0,0,0,1,0,0,0,0,0,0,0,,,1,27,43,27,14,2,2,0,0
CLE190905120,evt,1909-05-12,0,CLE05,R,0,BOS,CLE,1,1,0,0,1,34,31,3,6,8,2,0,0,0,2,,1,0,10,0,1,1,0,1,1,0,4,1,1,1,0,0,0,1,0,0,27,36,31,2,2,7,8,1,0,0,0,5,0,4,1,0,0,0,0,0,0,0,0,14,5,,,1,27,22,15,6,1,2,0,0
CLE190905120,box,1909-05-12,0,CLE05,R,0,BOS,CLE,1,1,0,0,1,,31,3,6,8,2,0,0,,2,,1,0,10,0,1,1,0,1,1,0,4,1,1,1,0,0,0,1,0,0,27,36,31,2,2,7,8,1,0,0,0,5,0,4,1,0,0,0,0,0,0,0,0,0,0,,,1,27,41,27,13,1,2,0,0
CLE190905130,evt,1909-05-13,0,CLE05,R,0,BOS,CLE,1,1,0,0,1,44,38,8,17,17,0,0,0,0,8,,3,0,2,0,0,3,0,0,4,0,9,1,1,1,0,0,0,1,0,0,27,34,28,1,1,5,8,1,1,0,0,4,0,3,0,1,1,0,0,0,0,0,0,18,2,,,1,27,18,11,7,0,0,0,0
CLE190905130,box,1909-05-13,0,CLE05,R,0,BOS,CLE,1,1,0,0,1,,38,8,17,17,0,0,0,,8,,3,0,2,0,0,3,0,0,4,0,9,1,1,1,0,0,0,1,0,0,27,34,28,1,1,5,8,1,1,0,0,4,0,3,0,1,1,0,0,0,0,0,0,0,0,,,1,27,48,27,21,0,0,0,0
DET190905160,evt,1909-05-16,0,DET02,R,0,BOS,DET,1,1,0,0,1,40,36,3,8,10,2,0,0,0,1,,1,0,1,0,2,1,0,1,0,0,10,1,1,0,0,0,1,1,0,1,27,34,31,2,2,9,10,1,0,0,0,1,0,0,0,0,2,0,0,0,0,1,0,14,8,,,1,27,44,27,17,0,0,0,0
DET190905160,box,1909-05-16,0,DET02,R,0,BOS,DET,1,1,0,0,1,,36,3,8,10,2,0,0,,1,,1,0,1,0,2,1,0,1,0,0,10,1,1,0,0,0,1,1,0,1,27,34,31,2,2,9,10,1,0,0,0,1,0,0,0,0,2,0,0,0,0,0,0,0,0,,,1,27,44,27,17,0,0,0,0
DET190905170,evt,1909-05-17,0,DET02,R,0,BOS,DET,1,0,1,0,1,36,34,3,10,14,2,1,0,0,3,,2,0,2,0,0,0,0,0,2,0,6,1,1,0,0,0,1,0,1,0,24,33,32,5,5,11,14,1,1,0,0,0,0,1,1,0,0,1,0,0,0,1,1,11,8,,,1,24,38,24,13,1,1,0,0
DET190905170,box,1909-05-17,0,DET02,R,0,BOS,DET,1,0,1,0,1,,34,3,10,14,2,1,0,,3,,2,0,2,0,0,0,0,0,2,0,6,1,1,0,0,0,1,0,1,0,24,33,32,5,5,11,14,1,1,0,0,0,0,1,1,0,0,1,0,0,0,0,0,0,0,,,1,24,38,24,13,1,1,0,0
DET190905180,evt,1909-05-18,0,DET02,R,0,BOS,DET,1,1,0,0,1,40,37,5,10,13,1,1,0,0,4,,1,0,3,1,0,1,1,1,0,0,5,1,1,0,0,0,1,1,0,0,30,40,39,3,1,11,14,1,1,0,0,0,0,3,0,1,0,0,0,0,0,0,0,8,15,,,1,30,42,30,11,1,1,0,0
DET190905180,box,1909-05-18,0,DET02,R,0,BOS,DET,1,1,0,0,1,,37,5,10,13,1,1,0,,4,,1,0,3,1,0,1,1,1,0,0,5,1,1,0,0,0,1,1,0,0,30,40,39,3,1,11,14,1,1,0,0,0,0,3,0,1,0,0,0,0,0,0,0,0,0,,,1,30,42,30,11,1,1,0,0
CHA190905190,evt,1909-05-19,0,CHI09,R,0,BOS,CHA,1,1,0,0,1,42,38,5,11,11,0,0,0,0,4,,1,0,2,1,1,2,0,5,0,0,10,1,1,1,0,0,0,1,0,0,27,32,29,2,2,3,3,0,0,0,0,2,0,3,0,0,1,0,0,0,0,0,0,15,8,,,1,27,43,27,16,0,0,0,0
CHA190905190,box,1909-05-19,0,CHI09,R,0,BOS,CHA,1,1,0,0,1,,38,5,11,11,0,0,0,,4,,1,0,,1,1,2,0,5,0,0,10,1,1,1,0,0,0,1,0,0,27,32,29,2,2,3,3,0,0,0,0,2,0,3,0,0,1,0,0,0,0,0,0,0,0,,,1,27,43,27,16,0,0,0,0
CHA190905200,evt,1909-05-20,0,CHI09,R,0,BOS,CHA,1,0,1,0,1,39,34,3,6,6,0,0,0,0,1,,3,0,5,0,1,1,0,4,0,0,9,1,1,0,0,0,1,0,1,0,24,45,37,12,3,14,16,2,0,0,0,4,0,3,0,0,4,0,0,0,0,1,1,10,8,,,1,24,42,24,13,5,1,0,0
CHA190905200,box,1909-05-20,0,CHI09,R,0,BOS,CHA,1,0,1,0,1,,34,3,6,6,0,0,0,,1,,3,0,5,0,1,1,0,4,0,0,9,1,1,0,0,0,1,0,1,0,24,45,37,12,3,14,16,2,0,0,0,4,0,3,0,0,4,0,0,0,0,0,0,0,0,,,1,24,42,24,13,5,1,0,0
CHA190905210,evt,1909-05-21,0,CHI09,R,0,BOS,CHA,1,1,0,0,1,39,35,6,8,10,2,0,0,0,4,,2,0,7,0,0,2,0,6,0,0,6,1,1,1,0,0,0,1,0,0,27,36,33,3,0,6,7,1,0,0,0,2,0,3,0,0,0,1,0,0,0,0,0,13,10,,,1,27,43,27,14,2,0,0,0
CHA190905210,box,1909-05-21,0,CHI09,R,0,BOS,CHA,1,1,0,0,1,,35,6,8,10,2,0,0,,4,,2,0,7,0,0,2,0,6,0,0,6,1,1,1,0,0,0,1,0,0,27,36,33,3,0,6,7,1,0,0,0,2,0,3,0,0,0,1,0,0,0,0,0,0,0,,,1,27,43,27,14,2,0,0,0
CHA190905220,evt,1909-05-22,0,CHI09,R,0,BOS,CHA,1,0,1,0,1,31,31,1,5,6,1,0,0,0,1,,0,0,3,1,0,0,0,1,1,0,3,1,1,0,0,0,1,0,1,0,24,33,28,2,2,9,13,2,1,0,0,3,0,1,1,0,2,0,0,0,0,2,0,12,6,,,1,24,44,24,18,2,2,0,0
CHA190905220,box,1909-05-22,0,CHI09,R,0,BOS,CHA,1,0,1,0,1,,31,1,5,6,1,0,0,,1,,0,0,3,1,0,0,0,1,1,0,3,1,1,0,0,0,1,0,1,0,24,33,28,2,2,9,13,2,1,0,0,3,0,1,1,0,2,0,0,0,0,0,0,0,0,,,1,24,44,24,18,2,2,0,0
SLA190905230,evt,1909-05-23,0,STL07,R,0,BOS,SLA,1,0,1,0,1,31,29,0,5,5,0,0,0,0,0,,1,0,2,0,0,1,0,1,1,0,4,1,1,1,0,0,0,0,1,0,26,32,30,1,1,8,8,0,0,0,0,0,0,0,2,0,1,1,0,0,0,0,0,18,4,,,1,26,24,14,9,1,2,0,0
SLA190905230,box,1909-05-23,0,STL07,R,0,BOS,SLA,1,0,1,0,1,,29,0,5,5,0,0,0,,0,,1,0,,0,0,1,0,1,1,0,4,1,1,1,0,0,0,0,1,0,26,32,30,1,1,8,8,0,0,0,0,0,0,,2,0,1,1,0,0,0,0,0,0,0,,,1,26,40,26,13,1,2,0,0
SLA190905250,evt,1909-05-25,0,STL07,R,0,BOS,SLA,1,0,1,0,1,31,29,0,6,7,1,0,0,0,0,,2,0,0,1,0,0,0,0,3,0,4,1,1,0,0,0,1,0,1,0,24,36,32,5,5,14,18,0,2,0,0,3,0,2,0,0,0,1,0,0,0,0,0,10,6,,,1,24,26,15,10,1,2,0,0
SLA190905250,box,1909-05-25,0,STL07,R,0,BOS,SLA,1,0,1,0,1,,29,0,6,7,1,0,0,,0,,2,0,,1,0,0,0,0,3,0,4,1,1,0,0,0,1,0,1,0,24,36,32,5,5,14,18,0,2,0,0,3,0,0,0,0,0,1,0,0,0,0,0,0,0,,,1,24,37,23,13,1,2,0,0
SLA190905260,evt,1909-05-26,0,STL07,R,0,BOS,SLA,1,0,1,0,1,30,29,0,4,4,0,0,0,0,0,,1,0,2,1,0,0,0,0,1,0,3,1,1,0,0,0,1,0,1,0,24,38,34,5,4,11,13,0,1,0,0,3,0,0,1,0,1,0,0,0,0,0,0,18,3,,,1,24,25,12,9,4,1,0,0
SLA190905260,box,1909-05-26,0,STL07,R,0,BOS,SLA,1,0,1,0,1,,29,0,4,4,0,0,0,,0,,1,0,,1,0,0,0,0,1,0,3,1,1,0,0,0,1,0,1,0,24,38,34,5,4,11,13,0,1,0,0,3,0,,1,0,1,0,0,0,0,0,0,0,0,,,1,24,43,24,15,4,1,0,0
PHA190905291,evt,1909-05-29,1,PHI11,R,0,BOS,PHA,1,0,1,0,1,33,30,2,4,6,2,0,0,0,2,,2,0,10,0,1,0,0,0,1,0,4,1,1,0,0,0,1,0,1,0,24,33,26,6,6,9,14,0,1,1,0,3,0,0,0,1,3,0,0,0,0,0,0,6,11,,,1,24,37,24,13,0,1,0,0
PHA190905291,box,1909-05-29,1,PHI11,R,0,BOS,PHA,1,0,1,0,1,,30,2,4,6,2,0,0,,2,,2,0,10,0,1,0,0,0,1,0,4,1,1,0,0,0,1,0,1,0,24,33,26,6,6,9,14,0,1,1,0,3,0,0,0,1,3,0,0,0,0,0,0,0,0,,,1,24,37,24,13,0,1,0,0
PHA190905292,evt,1909-05-29,2,PHI11,R,0,BOS,PHA,1,0,1,0,1,34,33,2,6,8,0,1,0,0,1,,1,0,8,0,0,0,0,1,0,0,5,1,1,0,0,0,1,0,1,0,24,35,31,4,4,9,13,4,0,0,0,1,0,4,0,1,1,1,0,0,0,0,0,9,10,,,1,24,33,24,9,0,0,0,0
PHA190905292,box,1909-05-29,2,PHI11,R,0,BOS,PHA,1,0,1,0,1,,33,2,6,8,0,1,0,,1,,1,0,8,0,0,0,0,1,0,0,5,1,1,0,0,0,1,0,1,0,24,35,31,4,4,9,13,4,0,0,0,1,0,4,0,1,1,1,0,0,0,0,0,0,0,,,1,24,33,24,9,0,0,0,0
PHA190905311,evt,1909-05-31,1,PHI11,R,0,BOS,PHA,1,1,0,0,1,40,35,3,10,11,1,0,0,0,3,,5,0,3,1,0,0,0,2,1,0,10,1,1,1,0,0,0,1,0,0,27,32,28,2,2,3,3,0,0,0,0,3,0,6,0,0,0,1,0,0,0,0,0,11,9,,,1,27,40,27,13,0,0,0,0
PHA190905311,box,1909-05-31,1,PHI11,R,0,BOS,PHA,1,1,0,0,1,,35,3,10,11,1,0,0,,3,,5,0,3,1,0,0,0,2,1,0,10,1,1,1,0,0,0,1,0,0,27,32,28,2,2,3,3,0,0,0,0,3,0,6,0,0,0,1,0,0,0,0,0,0,0,,,1,27,40,27,13,0,0,0,0
PHA190905312,evt,1909-05-31,2,PHI11,R,0,BOS,PHA,1,1,0,0,1,33,27,2,3,6,1,1,0,0,2,,4,0,4,0,0,1,1,1,1,0,4,1,1,1,0,0,0,1,0,0,27,35,29,1,1,6,6,0,0,0,0,3,0,3,0,1,2,0,0,0,0,0,0,11,9,,,1,27,44,27,17,0,0,0,0
PHA190905312,box,1909-05-31,2,PHI11,R,0,BOS,PHA,1,1,0,0,1,,27,2,3,6,1,1,0,,2,,4,0,4,0,0,1,1,1,1,0,4,1,1,1,0,0,0,1,0,0,27,35,29,1,1,6,6,0,0,0,0,3,0,3,0,1,2,0,0,0,0,0,0,0,0,,,1,27,44,27,17,0,0,0,0
PHA190906011,evt,1909-06-01,1,PHI11,R,0,BOS,PHA,1,0,1,0,1,39,36,0,7,8,1,0,0,0,0,,0,0,8,0,0,3,0,1,2,0,6,1,1,1,0,0,0,0,1,0,32,40,36,1,1,9,12,1,1,0,0,3,0,3,1,0,1,0,0,0,0,0,0,13,11,,,1,32,51,32,19,0,2,0,0
PHA190906011,box,1909-06-01,1,PHI11,R,0,BOS,PHA,1,0,1,0,1,,36,0,7,8,1,0,0,,0,,0,0,8,0,0,3,0,1,2,0,6,1,1,1,0,0,0,0,1,0,32,40,36,1,1,9,12,1,1,0,0,3,0,3,1,0,1,0,0,0,0,0,0,0,0,,,1,32,51,32,19,0,2,0,0
PHA190906012,evt,1909-06-01,2,PHI11,R,0,BOS,PHA,1,1,0,0,1,34,33,1,7,9,2,0,0,0,1,,1,0,2,0,0,0,0,0,2,0,6,1,1,0,1,1,1,1,0,1,27,32,26,0,0,5,8,3,0,0,0,2,0,2,0,2,2,0,0,0,0,1,0,8,11,,,1,27,42,27,15,0,1,0,0
PHA190906012,box,1909-06-01,2,PHI11,R,0,BOS,PHA,1,1,0,0,1,,33,1,7,9,2,0,0,,1,,1,0,2,0,0,0,0,0,2,0,6,1,1,0,1,1,1,1,0,1,27,32,26,0,0,5,8,3,0,0,0,2,0,2,0,2,2,0,0,0,0,0,0,0,0,,,1,27,42,27,15,0,1,0,0
BOS190906020,evt,1909-06-02,0,BOS06,R,1,BOS,DET,1,1,0,0,1,37,32,6,8,11,0,0,1,0,5,,4,0,1,1,1,0,0,1,0,0,7,1,1,0,0,0,1,1,0,1,27,39,33,5,4,11,13,2,0,0,0,2,0,3,0,1,3,0,0,3,0,0,0,9,9,,,1,27,43,27,14,2,1,0,0
BOS190906020,box,1909-06-02,0,BOS06,R,1,BOS,DET,1,1,0,0,1,,32,6,8,11,0,0,1,,5,,4,0,1,1,1,0,0,1,0,0,7,1,1,0,0,0,1,1,0,1,27,39,33,5,4,11,13,2,0,0,0,2,0,3,0,1,3,0,0,3,0,0,0,0,0,,,1,27,43,27,14,2,1,0,0
BOS190906030,evt,1909-06-03,0,BOS06,R,1,BOS,DET,1,0,1,0,1,37,32,3,8,10,0,1,0,0,2,,3,0,2,0,1,1,0,6,3,0,7,1,1,0,0,0,1,0,1,0,27,37,33,5,3,11,15,1,0,1,0,3,0,4,1,0,0,1,0,0,0,1,0,8,9,,,1,27,45,27,15,3,2,0,0
BOS190906030,box,1909-06-03,0,BOS06,R,1,BOS,DET,1,0,1,0,1,,32,3,8,10,0,1,0,,2,,3,0,2,0,1,1,0,6,3,0,7,1,1,0,0,0,1,0,1,0,27,37,33,5,3,11,15,1,0,1,0,3,0,4,1,0,0,1,0,0,0,0,0,0,0,,,1,27,44,27,14,3,2,0,0
BOS190906040,evt,1909-06-04,0,BOS06,R,1,BOS,DET,1,0,1,0,1,35,34,0,8,10,2,0,0,0,0,,0,0,7,1,0,1,0,4,2,0,8,1,1,0,0,0,1,0,1,0,27,38,32,5,4,9,14,2,0,1,0,4,0,2,1,1,1,0,0,2,0,0,0,10,9,,,1,27,48,27,17,4,1,0,0
BOS190906040,box,1909-06-04,0,BOS06,R,1,BOS,DET,1,0,1,0,1,,34,0,8,10,2,0,0,,0,,0,0,7,1,0,1,0,4,2,0,8,1,1,0,0,0,1,0,1,0,27,38,32,5,4,9,14,2,0,1,0,4,0,2,1,1,1,0,0,2,0,0,0,0,0,,,1,27,48,27,17,4,1,0,0
BOS190906070,evt,1909-06-07,0,BOS06,R,1,BOS,SLA,1,1,0,0,1,38,37,6,15,21,1,1,1,0,6,,1,0,2,0,0,0,0,4,1,0,8,1,1,0,0,0,1,1,0,0,27,38,33,4,1,4,5,1,0,0,0,4,0,4,1,0,0,1,0,0,0,1,0,9,14,,,1,27,41,27,10,4,1,0,1
BOS190906070,box,1909-06-07,0,BOS06,R,1,BOS,SLA,1,1,0,0,1,,37,6,15,21,1,1,1,,6,,1,0,2,0,0,0,0,4,1,0,8,1,1,0,0,0,1,1,0,0,27,38,33,4,1,4,5,1,0,0,0,4,0,4,1,0,0,1,0,0,0,0,0,0,0,,,1,27,41,27,10,4,1,0,1
BOS190906080,evt,1909-06-08,0,BOS06,R,1,BOS,SLA,1,1,0,0,1,48,40,4,8,10,0,1,0,0,4,,6,0,11,0,1,1,0,1,2,0,10,1,1,0,0,0,1,1,0,0,36,48,43,3,1,9,10,1,0,0,0,3,0,6,0,2,0,0,0,0,0,0,0,13,13,,,1,36,56,36,16,4,1,0,0
BOS190906080,box,1909-06-08,0,BOS06,R,1,BOS,SLA,1,1,0,0,1,,40,4,8,10,0,1,0,,4,,6,0,11,0,1,1,0,1,2,0,10,1,1,0,0,0,1,1,0,0,36,48,43,3,1,9,10,1,0,0,0,3,0,6,0,2,0,0,0,0,0,0,0,0,0,,,1,36,56,36,16,4,1,0,0
BOS190906090,evt,1909-06-09,0,BOS06,R,1,BOS,SLA,1,1,0,0,1,36,33,3,10,12,0,1,0,0,3,,3,1,3,0,0,0,0,1,1,0,9,1,1,0,0,0,1,1,0,0,27,33,29,2,0,5,6,1,0,0,0,3,0,4,1,0,1,0,0,0,0,0,0,7,11,,,1,27,45,27,12,6,2,0,0
BOS190906090,box,1909-06-09,0,BOS06,R,1,BOS,SLA,1,1,0,0,1,,33,3,10,12,0,1,0,,3,,3,1,3,0,0,0,0,1,1,0,9,1,1,0,0,0,1,1,0,0,27,33,29,2,0,5,6,1,0,0,0,3,0,4,1,0,1,0,0,0,0,0,0,0,0,,,1,27,45,27,12,6,2,0,0
BOS190906110,evt,1909-06-11,0,BOS06,R,1,BOS,CLE,1,0,1,0,1,30,28,1,3,3,0,0,0,0,0,,2,1,5,0,0,0,0,1,1,0,2,1,1,1,0,0,0,0,1,0,27,38,36,3,2,10,10,0,0,0,0,0,0,2,0,0,2,0,0,0,0,0,0,14,8,,,1,27,51,27,19,5,0,0,0
BOS190906110,box,1909-06-11,0,BOS06,R,1,BOS,CLE,1,0,1,0,1,,28,1,3,3,0,0,0,,0,,2,1,5,0,0,0,0,1,1,0,2,1,1,1,0,0,0,0,1,0,27,38,36,3,2,10,10,0,0,0,0,0,0,2,0,0,2,0,0,0,0,0,0,0,0,,,1,27,51,27,19,5,0,0,0
BOS190906120,evt,1909-06-12,0,BOS06,R,1,BOS,CLE,1,0,1,0,1,32,27,0,3,3,0,0,0,0,0,,2,0,8,0,2,1,0,1,2,0,5,1,1,1,0,0,0,0,1,0,27,36,34,4,0,4,5,1,0,0,0,1,0,6,0,0,1,0,0,0,0,0,0,8,10,,,1,27,45,27,12,6,0,0,0
BOS190906120,box,1909-06-12,0,BOS06,R,1,BOS,CLE,1,0,1,0,1,,27,0,3,3,0,0,0,,0,,2,0,8,0,2,1,0,1,2,0,5,1,1,1,0,0,0,0,1,0,27,36,34,4,0,4,5,1,0,0,0,1,0,0,0,0,1,0,0,0,0,0,0,0,0,,,1,27,44,27,11,6,0,0,0
BOS190906140,evt,1909-06-14,0,BOS06,R,1,BOS,CLE,1,0,1,0,1,33,31,1,8,9,1,0,0,0,1,,1,0,2,2,0,1,0,0,0,0,5,1,1,1,0,0,0,0,1,0,27,34,30,3,0,3,3,0,0,0,0,2,0,2,0,0,1,1,0,1,0,0,0,14,8,,,1,27,49,27,17,5,0,0,0
BOS190906140,box,1909-06-14,0,BOS06,R,1,BOS,CLE,1,0,1,0,1,,31,1,8,9,1,0,0,,1,,1,0,2,2,0,1,0,0,0,0,5,1,1,1,0,0,0,0,1,0,27,34,30,3,0,3,3,0,0,0,0,2,0,2,0,0,1,1,0,1,0,0,0,0,0,,,1,27,49,27,17,5,0,0,0
BOS190906150,evt,1909-06-15,0,BOS06,R,1,BOS,CLE,1,1,0,0,1,42,40,7,16,18,2,0,0,0,4,,0,0,0,1,0,1,1,0,0,0,9,1,1,0,0,0,1,1,0,0,27,39,37,6,4,8,9,1,0,0,0,2,0,7,0,0,0,0,0,0,0,2,0,9,11,,,1,27,42,27,9,6,0,0,1
BOS190906150,box,1909-06-15,0,BOS06,R,1,BOS,CLE,1,1,0,0,1,,40,7,16,18,2,0,0,,4,,0,0,0,1,0,1,1,0,0,0,9,1,1,0,0,0,1,1,0,0,27,39,37,6,4,8,9,1,0,0,0,2,0,7,0,0,0,0,0,0,0,0,0,0,0,,,1,27,40,27,7,6,0,0,1
BOS190906160,evt,1909-06-16,0,BOS06,R,1,BOS,CHA,1,0,1,0,1,37,30,4,10,14,0,2,0,0,3,,3,0,2,1,1,3,0,0,3,0,6,1,1,0,0,0,1,0,1,0,27,38,36,6,6,9,14,1,2,0,0,0,0,5,0,0,2,0,0,0,0,1,1,10,9,,,1,27,45,27,14,4,1,0,0
BOS190906160,box,1909-06-16,0,BOS06,R,1,BOS,CHA,1,0,1,0,1,,30,4,10,14,0,2,0,,3,,3,0,2,1,1,3,0,0,3,0,6,1,1,0,0,0,1,0,1,0,27,38,36,6,6,9,14,1,2,0,0,0,0,5,0,0,2,0,0,0,0,0,0,0,0,,,1,27,44,27,13,4,1,0,0
BOS190906171,evt,1909-06-17,1,BOS06,R,1,BOS,CHA,1,0,1,0,1,36,33,2,9,11,0,1,0,0,2,,1,0,7,0,1,1,0,0,0,0,7,1,1,0,0,0,1,0,1,0,27,40,34,9,9,9,14,1,2,0,0,4,0,1,0,0,2,0,0,1,0,2,1,13,11,,,1,27,48,27,16,5,0,0,0
BOS190906171,box,1909-06-17,1,BOS06,R,1,BOS,CHA,1,0,1,0,1,,33,2,9,11,0,1,0,,2,,1,0,7,0,1,1,0,0,0,0,7,1,1,0,0,0,1,0,1,0,27,40,34,9,9,9,14,1,2,0,0,4,0,1,0,0,2,0,0,1,0,0,0,0,0,,,1,27,46,27,14,5,0,0,0
BOS190906172,evt,1909-06-17,2,BOS06,R,1,BOS,CHA,1,1,0,0,1,34,29,6,7,7,0,0,0,0,5,,4,0,5,0,0,1,0,3,1,0,4,1,1,1,0,0,0,1,0,0,27,35,30,1,1,5,5,0,0,0,0,3,0,3,0,0,1,1,0,0,0,0,0,10,13,,,1,27,38,27,10,1,0,0,0
BOS190906172,box,1909-06-17,2,BOS06,R,1,BOS,CHA,1,1,0,0,1,,29,6,7,7,0,0,0,,5,,4,0,5,0,0,1,0,3,1,0,4,1,1,1,0,0,0,1,0,0,27,35,30,1,1,5,5,0,0,0,0,3,0,3,0,0,1,1,0,0,0,0,0,0,0,,,1,27,38,27,10,1,0,0,0
BOS190906190,evt,1909-06-19,0,BOS06,R,1,BOS,PHA,1,1,0,0,1,42,34,7,12,14,2,0,0,0,6,,3,0,3,0,2,2,1,2,0,0,11,1,1,0,0,0,1,1,0,1,27,46,39,6,6,16,20,1,0,1,0,3,0,2,0,0,3,1,0,2,0,1,0,12,9,,,1,27,42,27,14,1,0,0,0
BOS190906190,box,1909-06-19,0,BOS06,R,1,BOS,PHA,1,1,0,0,1,,34,7,12,14,2,0,0,,6,,3,0,3,0,2,2,1,2,0,0,11,1,1,0,0,0,1,1,0,1,27,46,39,6,6,16,20,1,0,1,0,3,0,2,0,0,3,1,0,2,0,0,0,0,0,,,1,27,42,27,14,1,0,0,0
BOS190906211,evt,1909-06-21,1,BOS06,R,1,BOS,PHA,1,1,0,0,1,39,35,6,11,15,2,1,0,0,6,,1,1,5,0,0,1,2,2,0,0,9,1,1,0,0,0,1,1,0,0,27,38,33,5,5,10,14,2,1,0,0,2,0,4,0,1,0,2,0,0,0,1,1,7,13,,,1,27,41,27,11,3,1,0,0
BOS190906211,box,1909-06-21,1,BOS06,R,1,BOS,PHA,1,1,0,0,1,,35,6,11,15,2,1,0,,6,,1,1,5,0,0,1,2,2,0,0,9,1,1,0,0,0,1,1,0,0,27,38,33,5,5,10,14,2,1,0,0,2,0,4,0,1,0,2,0,0,0,0,0,0,0,,,1,27,41,27,11,3,1,0,0
BOS190906212,evt,1909-06-21,2,BOS06,R,1,BOS,PHA,1,1,0,0,1,31,27,4,7,8,1,0,0,0,2,,2,0,1,0,0,2,0,2,2,0,3,1,1,1,0,0,0,1,0,0,27,31,28,1,0,2,4,0,1,0,0,1,0,1,0,2,0,0,0,0,0,0,0,10,14,,,1,27,41,27,13,1,0,0,0
BOS190906212,box,1909-06-21,2,BOS06,R,1,BOS,PHA,1,1,0,0,1,,27,4,7,8,1,0,0,,2,,2,0,1,0,0,2,0,2,2,0,3,1,1,1,0,0,0,1,0,0,27,31,28,1,0,2,4,0,1,0,0,1,0,1,0,2,0,0,0,0,0,0,0,0,0,,,1,27,41,27,13,1,0,0,0
BOS190906220,evt,1909-06-22,0,BOS06,R,1,BOS,NYA,1,1,0,0,1,37,32,9,13,16,1,1,0,0,8,,3,0,3,0,0,1,1,1,0,0,4,1,1,0,0,0,1,1,0,1,27,40,37,6,3,10,10,0,0,0,0,3,0,5,0,0,0,0,0,0,0,2,1,10,8,,,1,27,47,27,15,5,0,0,0
BOS190906220,box,1909-06-22,0,BOS06,R,1,BOS,NYA,1,1,0,0,1,,32,9,13,16,1,1,0,,8,,3,0,3,0,0,1,1,1,0,0,4,1,1,0,0,0,1,1,0,1,27,40,37,6,3,10,10,0,0,0,0,3,0,5,0,0,0,0,0,0,0,0,0,0,0,,,1,27,47,27,15,5,0,0,0
BOS190906230,evt,1909-06-23,0,BOS06,R,1,BOS,NYA,1,1,0,0,1,42,38,14,21,28,3,2,0,0,13,,1,0,1,0,0,1,2,3,3,0,4,1,1,1,0,0,0,1,0,0,27,46,41,5,5,13,15,0,1,0,0,4,0,6,0,0,1,0,0,0,0,0,0,8,12,,,1,27,39,27,8,4,0,0,0
BOS190906230,box,1909-06-23,0,BOS06,R,1,BOS,NYA,1,1,0,0,1,,38,14,21,28,3,2,0,,13,,1,0,1,0,0,1,2,3,3,0,4,1,1,1,0,0,0,1,0,0,27,46,41,5,5,13,15,0,1,0,0,4,0,6,0,0,1,0,0,0,0,0,0,0,0,,,1,27,39,27,8,4,0,0,0
WS1190906240,evt,1909-06-24,0,WAS08,R,0,BOS,WS1,1,1,0,0,1,39,38,5,10,14,2,1,0,0,4,,0,0,3,0,1,0,0,2,1,0,7,1,1,0,0,0,1,1,0,1,27,34,32,1,1,6,6,0,0,0,0,1,0,4,0,1,0,0,0,0,1,0,0,18,3,,,1,27,16,11,4,1,0,0,0
WS1190906240,box,1909-06-24,0,WAS08,R,0,BOS,WS1,1,1,0,0,1,,38,5,10,14,2,1,0,,4,,0,0,3,0,1,0,0,2,1,0,7,1,1,0,0,0,1,1,0,1,27,34,32,1,1,6,6,0,0,0,0,1,0,4,0,1,0,0,0,0,1,0,0,0,0,,,1,27,36,27,8,1,0,0,0
WS1190906251,evt,1909-06-25,1,WAS08,R,0,BOS,WS1,1,0,1,0,1,32,29,1,4,7,1,1,0,0,1,,2,0,2,0,0,1,0,0,2,0,4,1,1,0,0,0,1,0,1,0,24,32,26,2,1,9,9,0,0,0,0,4,0,1,1,0,2,0,0,0,0,2,1,11,5,,,1,24,27,16,10,1,2,0,0
WS1190906251,box,1909-06-25,1,WAS08,R,0,BOS,WS1,1,0,1,0,1,,29,1,4,7,1,1,0,,1,,2,0,2,0,0,1,0,0,2,0,4,1,1,0,0,0,1,0,1,0,24,32,26,2,1,9,9,0,0,0,0,4,0,1,1,0,2,0,0,0,0,0,0,0,0,,,1,24,38,24,13,1,2,0,0
WS1190906252,evt,1909-06-25,2,WAS08,R,0,BOS,WS1,1,1,0,0,1,39,31,3,10,10,0,0,0,0,3,,5,1,4,1,1,2,0,1,2,0,9,1,1,1,0,0,0,1,0,0,27,33,29,2,2,5,7,2,0,0,0,2,0,3,1,0,2,0,0,0,0,0,0,20,0,,,1,27,16,9,6,1,1,0,0
WS1190906252,box,1909-06-25,2,WAS08,R,0,BOS,WS1,1,1,0,0,1,,31,3,10,10,0,0,0,,3,,5,1,4,1,1,2,0,1,2,0,9,1,1,1,0,0,0,1,0,0,27,33,29,2,2,5,7,2,0,0,0,2,0,3,1,0,2,0,0,0,0,0,0,0,0,,,1,27,41,27,13,1,1,0,0
WS1190906260,evt,1909-06-26,0,WAS08,R,0,BOS,WS1,1,1,0,0,1,42,31,7,10,16,2,2,0,0,5,,5,1,2,0,3,2,1,2,0,0,8,1,1,1,0,0,0,1,0,0,27,37,32,3,3,6,7,1,0,0,0,4,0,3,0,0,0,1,0,0,0,0,0,17,4,,,1,27,13,10,2,1,0,0,0
WS1190906260,box,1909-06-26,0,WAS08,R,0,BOS,WS1,1,1,0,0,1,,31,7,10,16,2,2,0,,5,,5,1,2,0,3,2,1,2,0,0,8,1,1,1,0,0,0,1,0,0,27,37,32,3,3,6,7,1,0,0,0,4,0,3,0,0,0,1,0,0,0,0,0,0,0,,,1,27,40,27,12,1,0,0,0
WS1190906280,evt,1909-06-28,0,WAS08,R,0,BOS,WS1,1,1,0,0,1,39,33,6,12,15,1,1,0,0,6,,2,1,1,0,0,3,1,0,2,0,6,1,1,0,0,0,1,1,0,0,27,38,35,5,5,10,12,2,0,0,0,1,0,2,0,0,1,1,0,0,1,1,1,21,2,,,1,27,14,8,5,1,0,0,0
WS1190906280,box,1909-06-28,0,WAS08,R,0,BOS,WS1,1,1,0,0,1,,33,6,12,15,1,1,0,,6,,2,1,1,0,0,3,1,0,2,0,6,1,1,0,0,0,1,1,0,0,27,38,35,5,5,10,12,2,0,0,0,1,0,2,0,0,1,1,0,0,1,0,0,0,0,,,1,27,44,27,16,1,0,0,0
BOS190906290,evt,1909-06-29,0,BOS06,R,1,BOS,PHA,1,0,1,0,1,32,31,0,5,5,0,0,0,0,0,,1,0,4,1,0,0,0,0,0,0,5,1,1,0,0,0,1,0,1,0,27,44,39,9,9,14,18,2,1,0,0,3,0,3,0,0,2,0,0,0,0,1,1,13,7,,,1,27,45,27,16,2,0,0,0
BOS190906290,box,1909-06-29,0,BOS06,R,1,BOS,PHA,1,0,1,0,1,,31,0,5,5,0,0,0,,0,,1,0,4,1,0,0,0,0,0,0,5,1,1,0,0,0,1,0,1,0,27,44,39,9,9,14,18,2,1,0,0,3,0,3,0,0,2,0,0,0,0,0,0,0,0,,,1,27,45,27,16,2,0,0,0
BOS190906301,evt,1909-06-30,1,BOS06,R,1,BOS,PHA,1,0,1,0,1,38,34,4,8,14,1,1,1,0,4,,3,0,5,0,0,0,1,0,0,0,7,1,1,0,0,0,1,0,1,0,27,39,29,8,6,10,15,2,0,1,0,5,0,2,1,0,4,1,0,0,0,0,0,9,9,,,1,27,43,27,14,2,2,0,0
BOS190906301,box,1909-06-30,1,BOS06,R,1,BOS,PHA,1,0,1,0,1,,34,4,8,14,1,1,1,,4,,3,0,5,0,0,0,1,0,0,0,7,1,1,0,0,0,1,0,1,0,27,39,29,8,6,10,15,2,0,1,0,5,0,2,1,0,4,1,0,0,0,0,0,0,0,,,1,27,43,27,14,2,2,0,0
BOS190906302,evt,1909-06-30,2,BOS06,R,1,BOS,PHA,1,0,1,0,1,39,30,2,4,5,1,0,0,0,2,,7,0,4,0,2,0,0,1,1,0,10,1,1,1,0,0,0,0,1,0,27,37,29,6,3,7,10,3,0,0,0,3,0,3,0,0,5,0,0,1,1,0,0,7,9,,,1,27,46,27,14,5,1,0,0
BOS190906302,box,1909-06-30,2,BOS06,R,1,BOS,PHA,1,0,1,0,1,,30,2,4,5,1,0,0,,2,,7,0,4,0,2,0,0,1,1,0,10,1,1,1,0,0,0,0,1,0,27,37,29,6,3,7,10,3,0,0,0,3,0,3,0,0,5,0,0,1,1,0,0,0,0,,,1,27,46,27,14,5,1,0,0
BOS190907010,evt,1909-07-01,0,BOS06,R,1,BOS,PHA,1,1,0,0,1,33,30,3,9,11,0,1,0,0,3,,1,0,1,0,0,2,0,0,1,0,6,1,1,1,0,0,0,1,0,0,27,33,31,1,1,6,8,2,0,0,0,1,0,1,0,0,1,0,0,0,0,0,0,14,10,,,1,27,43,27,16,0,1,0,0
BOS190907010,box,1909-07-01,0,BOS06,R,1,BOS,PHA,1,1,0,0,1,,30,3,9,11,0,1,0,,3,,1,0,1,0,0,2,0,0,1,0,6,1,1,1,0,0,0,1,0,0,27,33,31,1,1,6,8,2,0,0,0,1,0,1,0,0,1,0,0,0,0,0,0,0,0,,,1,27,43,27,16,0,1,0,0
BOS190907020,evt,1909-07-02,0,BOS06,R,1,BOS,PHA,1,0,1,0,1,32,32,0,4,4,0,0,0,0,0,,0,0,9,0,0,0,0,0,0,0,5,1,1,1,0,0,0,0,1,0,27,34,30,1,1,6,9,0,0,1,0,4,0,3,1,0,0,0,0,0,0,0,0,12,9,,,1,27,41,27,14,0,1,0,0
BOS190907020,box,1909-07-02,0,BOS06,R,1,BOS,PHA,1,0,1,0,1,,32,0,4,4,0,0,0,,0,,0,0,9,0,0,0,0,0,0,0,5,1,1,1,0,0,0,0,1,0,27,34,30,1,1,6,9,0,0,1,0,4,0,3,1,0,0,0,0,0,0,0,0,0,0,,,1,27,41,27,14,0,1,0,0
BOS190907031,evt,1909-07-03,1,BOS06,R,1,BOS,WS1,1,1,0,0,1,37,32,6,11,17,1,1,1,0,4,,3,0,4,1,0,1,1,0,2,0,7,1,1,0,0,0,1,1,0,1,27,46,38,4,4,10,13,3,0,0,0,6,0,8,0,1,1,0,0,0,0,5,3,9,9,,,1,27,33,24,7,2,0,0,0
BOS190907031,box,1909-07-03,1,BOS06,R,1,BOS,WS1,1,1,0,0,1,,32,6,11,17,1,1,1,,4,,3,0,,1,0,1,1,0,2,0,7,1,1,0,0,0,1,1,0,1,27,46,38,4,4,10,13,3,0,0,0,6,0,8,0,1,1,0,0,0,0,0,0,0,0,,,1,27,39,27,10,2,0,0,0
BOS190907032,evt,1909-07-03,2,BOS06,R,1,BOS,WS1,1,1,0,0,1,37,35,5,14,17,1,1,0,0,5,,0,0,4,1,0,2,0,2,1,0,8,1,1,1,0,0,0,1,0,0,27,32,31,1,1,4,6,0,1,0,0,0,0,4,0,0,1,0,0,0,0,0,0,12,8,,,1,27,44,27,15,2,0,0,0
BOS190907032,box,1909-07-03,2,BOS06,R,1,BOS,WS1,1,1,0,0,1,,35,5,14,17,1,1,0,,5,,0,0,4,1,0,2,0,2,1,0,8,1,1,1,0,0,0,1,0,0,27,32,31,1,1,4,6,0,1,0,0,0,0,4,0,0,1,0,0,0,0,0,0,0,0,,,1,27,44,27,15,2,0,0,0
BOS190907051,evt,1909-07-05,1,BOS06,R,1,BOS,WS1,1,0,1,0,1,36,33,6,6,11,0,1,1,0,5,,3,0,8,0,0,0,0,1,1,0,3,1,1,0,0,0,1,0,1,0,27,42,39,7,5,9,12,1,1,0,0,3,0,4,1,0,0,0,0,0,0,2,1,16,6,,,1,27,46,27,15,4,1,0,0
BOS190907051,box,1909-07-05,1,BOS06,R,1,BOS,WS1,1,0,1,0,1,,33,6,6,11,0,1,1,,5,,3,0,8,0,0,0,0,1,1,0,3,1,1,0,0,0,1,0,1,0,27,42,39,7,5,9,12,1,1,0,0,3,0,4,1,0,0,0,0,0,0,0,0,0,0,,,1,27,46,27,15,4,1,0,0
BOS190907052,evt,1909-07-05,2,BOS06,R,1,BOS,WS1,1,1,0,0,1,37,34,8,12,16,4,0,0,0,8,,1,0,4,0,0,1,1,3,0,0,5,1,1,1,0,0,0,1,0,0,27,30,27,1,0,3,5,2,0,0,0,3,0,0,0,0,0,0,0,0,0,0,0,21,2,,,1,27,15,8,6,1,0,0,0
BOS190907052,box,1909-07-05,2,BOS06,R,1,BOS,WS1,1,1,0,0,1,,34,8,12,16,4,0,0,,8,,1,0,4,0,0,1,1,3,0,0,5,1,1,1,0,0,0,1,0,0,27,30,27,1,0,3,5,2,0,0,0,3,0,,0,0,0,0,0,0,0,0,0,0,0,,,1,27,45,27,17,1,0,0,0
BOS190907061,evt,1909-07-06,1,BOS06,R,1,BOS,WS1,1,1,0,0,1,31,28,3,5,5,0,0,0,0,2,,3,0,1,0,0,0,0,3,1,0,4,1,1,1,0,0,0,1,0,0,27,33,31,2,2,7,8,1,0,0,0,1,0,4,1,0,0,1,0,0,0,0,0,13,5,,,1,27,30,19,9,2,1,0,0
BOS190907061,box,1909-07-06,1,BOS06,R,1,BOS,WS1,1,1,0,0,1,,28,3,5,5,0,0,0,,2,,3,0,,0,0,0,0,3,1,0,4,1,1,1,0,0,0,1,0,0,27,33,31,2,2,7,8,1,0,0,0,1,0,,1,0,0,1,0,0,0,0,0,0,0,,,1,27,43,27,14,2,1,0,0
BOS190907062,evt,1909-07-06,2,BOS06,R,1,BOS,WS1,1,1,0,0,1,29,28,2,4,7,0,0,1,0,1,,1,0,2,0,0,0,0,1,1,0,3,1,1,1,1,0,0,1,0,0,27,32,30,0,0,4,4,0,0,0,0,1,0,7,0,0,1,0,0,0,0,0,0,11,6,,,1,27,43,27,15,1,1,0,0
BOS190907062,box,1909-07-06,2,BOS06,R,1,BOS,WS1,1,1,0,0,1,,28,2,4,7,0,0,1,,1,,1,0,2,0,0,0,0,1,1,0,3,1,1,1,1,0,0,1,0,0,27,32,30,0,0,4,4,0,0,0,0,1,0,7,0,0,1,0,0,0,0,0,0,0,0,,,1,27,43,27,15,1,1,0,0
NYA190907070,evt,1909-07-07,0,NYC13,R,0,BOS,NYA,1,1,0,0,1,43,36,9,14,17,1,1,0,0,8,,5,0,4,0,1,1,0,2,1,0,7,1,1,0,0,0,1,1,0,0,27,39,36,6,4,9,10,1,0,0,0,2,0,5,0,1,0,0,0,0,0,0,0,12,9,,,1,27,41,27,13,1,0,0,0
NYA190907070,box,1909-07-07,0,NYC13,R,0,BOS,NYA,1,1,0,0,1,,36,9,14,17,1,1,0,,8,,5,0,4,0,1,1,0,2,1,0,7,1,1,0,0,0,1,1,0,0,27,39,36,6,4,9,10,1,0,0,0,2,0,5,0,1,0,0,0,0,0,0,0,0,0,,,1,27,41,27,13,1,0,0,0
CHA190907090,evt,1909-07-09,0,CHI09,R,0,BOS,CHA,1,1,0,0,1,31,28,2,4,7,0,0,1,0,2,,1,0,1,0,1,1,0,0,1,0,2,1,1,1,0,0,0,1,0,0,27,33,28,1,1,4,5,1,0,0,0,3,0,0,0,0,2,0,0,0,0,0,0,14,9,,,1,27,48,27,18,3,1,0,0
CHA190907090,box,1909-07-09,0,CHI09,R,0,BOS,CHA,1,1,0,0,1,,28,2,4,7,0,0,1,,2,,1,0,1,0,1,1,0,0,1,0,2,1,1,1,0,0,0,1,0,0,27,33,28,1,1,4,5,1,0,0,0,3,0,0,0,0,2,0,0,0,0,0,0,0,0,,,1,27,48,27,18,3,1,0,0
CHA190907100,evt,1909-07-10,0,CHI09,R,0,BOS,CHA,1,0,1,0,1,36,35,1,9,9,0,0,0,0,1,,0,0,3,0,1,0,0,0,0,0,8,1,1,0,0,0,1,0,1,0,24,42,31,6,4,12,16,2,1,0,0,7,0,2,0,0,3,1,0,0,0,3,0,8,9,,,1,24,38,24,10,4,0,0,0
CHA190907100,box,1909-07-10,0,CHI09,R,0,BOS,CHA,1,0,1,0,1,,35,1,9,9,0,0,0,,1,,0,0,3,0,1,0,0,0,0,0,8,1,1,0,0,0,1,0,1,0,24,42,31,6,4,12,16,2,1,0,0,7,0,2,0,0,3,1,0,0,0,0,0,0,0,,,1,24,38,24,10,4,0,0,0
CHA190907110,evt,1909-07-11,0,CHI09,R,0,BOS,CHA,1,0,1,0,1,28,27,0,3,3,0,0,0,0,0,,0,0,2,0,1,0,0,0,0,0,1,1,1,0,0,0,1,0,1,0,24,33,31,4,3,9,12,3,0,0,0,2,0,2,0,0,0,0,0,0,1,1,1,15,4,,,1,24,23,12,8,3,0,0,0
CHA190907110,box,1909-07-11,0,CHI09,R,0,BOS,CHA,1,0,1,0,1,,27,0,3,3,0,0,0,,0,,0,0,2,0,1,0,0,0,0,0,1,1,1,0,0,0,1,0,1,0,24,33,31,4,3,9,12,3,0,0,0,2,0,2,0,0,0,0,0,0,1,0,0,0,0,,,1,24,43,24,16,3,0,0,0
CHA190907120,evt,1909-07-12,0,CHI09,R,0,BOS,CHA,1,1,0,0,1,43,38,4,11,12,1,0,0,0,3,,2,0,2,0,2,1,0,1,1,0,9,1,1,0,0,0,1,1,0,0,30,41,36,3,3,11,13,2,0,0,0,1,0,3,1,0,4,0,0,1,0,0,0,15,5,,,1,30,52,30,21,1,1,0,0
CHA190907120,box,1909-07-12,0,CHI09,R,0,BOS,CHA,1,1,0,0,1,,38,4,11,12,1,0,0,,3,,2,0,2,0,2,1,0,1,1,0,9,1,1,0,0,0,1,1,0,0,30,41,36,3,3,11,13,2,0,0,0,1,0,3,1,0,4,0,0,1,0,0,0,0,0,,,1,30,52,30,21,1,1,0,0
SLA190907131,evt,1909-07-13,1,STL07,R,0,BOS,SLA,1,1,0,0,1,40,37,6,11,16,2,0,1,0,5,,2,0,3,1,0,1,0,2,1,0,7,1,1,0,0,0,1,1,0,0,27,39,37,5,5,12,15,1,1,0,0,2,0,5,1,0,0,0,0,0,0,3,0,14,6,,,1,27,39,25,14,0,1,0,0
SLA190907131,box,1909-07-13,1,STL07,R,0,BOS,SLA,1,1,0,0,1,,37,6,11,16,2,0,1,,5,,2,0,3,1,0,1,0,2,1,0,7,1,1,0,0,0,1,1,0,0,27,39,37,5,5,12,15,1,1,0,0,2,0,5,1,0,0,0,0,0,0,0,0,0,0,,,1,27,42,27,15,0,1,0,0
SLA190907132,evt,1909-07-13,2,STL07,R,0,BOS,SLA,1,1,0,0,1,40,33,7,9,11,0,1,0,0,7,,5,0,4,0,0,2,0,1,2,0,6,1,1,1,0,0,0,1,0,0,27,36,35,1,1,8,8,0,0,0,0,1,0,1,1,0,0,0,0,0,0,0,0,18,6,,,1,27,25,16,7,2,2,0,0
SLA190907132,box,1909-07-13,2,STL07,R,0,BOS,SLA,1,1,0,0,1,,33,7,9,11,0,1,0,,7,,5,0,2,0,0,2,0,1,2,0,6,1,1,1,0,0,0,1,0,0,27,36,35,1,1,8,8,0,0,0,0,1,0,,1,0,0,0,0,0,0,0,0,0,0,,,1,27,43,27,14,2,2,0,0
SLA190907151,evt,1909-07-15,1,STL07,R,0,BOS,SLA,1,0,1,0,1,37,33,4,10,10,0,0,0,0,3,,3,0,3,0,0,1,0,0,2,0,6,1,1,0,0,0,1,0,1,0,24,40,35,9,4,11,13,2,0,0,0,3,0,3,1,2,0,0,0,1,0,3,2,13,4,,,1,24,30,17,10,3,1,0,2
SLA190907151,box,1909-07-15,1,STL07,R,0,BOS,SLA,1,0,1,0,1,,33,4,10,10,0,0,0,,3,,3,0,,0,0,1,0,0,2,0,6,1,1,0,0,0,1,0,1,0,24,40,35,9,4,11,13,2,0,0,0,3,0,3,1,2,0,0,0,1,0,0,0,0,0,,,1,24,39,24,12,3,1,0,2
SLA190907152,evt,1909-07-15,2,STL07,R,0,BOS,SLA,1,0,1,0,1,32,29,0,5,6,1,0,0,0,0,,3,0,3,1,0,0,0,0,0,0,5,1,1,1,0,0,0,0,1,0,24,27,24,1,0,4,4,0,0,0,0,2,0,0,0,0,1,0,0,0,0,0,0,15,4,,,1,24,11,7,3,1,1,0,1
SLA190907152,box,1909-07-15,2,STL07,R,0,BOS,SLA,1,0,1,0,1,,29,0,5,6,1,0,0,,0,,3,0,0,1,0,0,0,0,0,0,5,1,1,1,0,0,0,0,1,0,24,27,24,1,0,4,4,0,0,0,0,2,0,,0,0,1,0,0,0,0,0,0,0,0,,,1,24,34,24,9,1,1,0,1
SLA190907160,evt,1909-07-16,0,STL07,R,0,BOS,SLA,1,1,0,0,1,41,34,2,7,8,1,0,0,0,2,,3,0,7,0,2,2,0,0,1,0,9,1,1,1,0,0,0,1,0,0,30,35,33,1,1,8,10,2,0,0,0,2,0,4,1,0,0,0,0,0,0,0,0,12,8,,,1,30,34,24,10,0,1,0,0
SLA190907160,box,1909-07-16,0,STL07,R,0,BOS,SLA,1,1,0,0,1,,34,2,7,8,1,0,0,,2,,3,0,7,0,2,2,0,0,1,0,9,1,1,1,0,0,0,1,0,0,30,35,33,1,1,8,10,2,0,0,0,2,0,1,1,0,0,0,0,0,0,0,0,0,0,,,1,30,46,30,16,0,1,0,0
CLE190907170,evt,1909-07-17,0,CLE05,R,0,BOS,CLE,1,1,0,0,1,39,36,6,10,12,0,1,0,0,5,,2,1,4,0,0,1,0,1,0,0,6,1,1,0,0,0,1,1,0,0,27,38,35,4,4,12,15,1,1,0,0,1,0,10,1,0,1,1,0,1,0,0,0,10,4,,,1,27,20,16,4,0,1,0,0
CLE190907170,box,1909-07-17,0,CLE05,R,0,BOS,CLE,1,1,0,0,1,,36,6,10,12,0,1,0,,5,,2,1,4,0,0,1,0,1,0,0,6,1,1,0,0,0,1,1,0,0,27,38,35,4,4,12,15,1,1,0,0,1,0,10,1,0,1,1,0,1,0,0,0,0,0,,,1,27,37,27,10,0,1,0,0
CLE190907191,evt,1909-07-19,1,CLE05,R,0,BOS,CLE,1,0,1,0,1,36,33,1,8,8,0,0,0,0,1,,1,0,3,0,1,1,0,1,0,0,8,1,1,0,0,0,1,0,1,0,24,35,30,6,3,10,14,1,0,1,0,2,0,3,0,1,1,1,0,0,0,0,0,10,6,,,1,24,30,16,11,3,1,0,1
CLE190907191,box,1909-07-19,1,CLE05,R,0,BOS,CLE,1,0,1,0,1,,33,1,8,8,0,0,0,,1,,1,0,3,0,1,1,0,1,0,0,8,1,1,0,0,0,1,0,1,0,24,35,30,6,3,10,14,1,0,1,0,2,0,3,0,1,1,1,0,0,0,0,0,0,0,,,1,24,43,24,16,3,1,0,1
CLE190907192,evt,1909-07-19,2,CLE05,R,0,BOS,CLE,1,1,0,0,1,40,34,8,8,10,0,1,0,0,4,,4,0,4,0,2,0,0,2,4,0,5,1,1,1,0,0,0,1,0,0,27,33,32,2,1,6,9,1,1,0,0,0,0,7,0,0,0,1,0,0,0,0,0,15,4,,,1,27,16,12,1,3,1,0,0
CLE190907192,box,1909-07-19,2,CLE05,R,0,BOS,CLE,1,1,0,0,1,,34,8,8,10,0,1,0,,4,,4,0,4,0,2,0,0,2,4,0,5,1,1,1,0,0,0,1,0,0,27,33,32,2,1,6,9,1,1,0,0,0,0,7,0,0,0,1,0,0,0,0,0,0,0,,,1,27,40,27,10,3,1,0,0
CLE190907200,evt,1909-07-20,0,CLE05,R,0,BOS,CLE,1,1,0,0,1,40,35,4,10,13,1,1,0,0,2,,3,0,5,0,1,1,0,4,3,0,9,1,1,1,1,0,0,1,0,0,27,34,33,0,0,6,7,1,0,0,0,1,0,2,0,0,0,0,0,0,0,0,0,19,5,,,1,27,14,10,3,1,0,0,0
CLE190907200,box,1909-07-20,0,CLE05,R,0,BOS,CLE,1,1,0,0,1,,35,4,10,13,1,1,0,,2,,3,0,5,0,1,1,0,4,3,0,9,1,1,1,1,0,0,1,0,0,27,34,33,0,0,6,7,1,0,0,0,1,0,2,0,0,0,0,0,0,0,0,0,0,0,,,1,27,39,27,11,1,0,0,0
CLE190907210,evt,1909-07-21,0,CLE05,R,0,BOS,CLE,1,0,1,0,1,35,30,2,7,7,0,0,0,0,2,,4,0,7,1,0,1,0,1,3,0,6,1,1,0,0,0,1,0,1,0,24,35,28,4,4,7,9,0,1,0,0,4,0,3,0,1,1,1,0,1,0,2,2,13,6,,,1,24,14,12,2,0,0,0,0
CLE190907210,box,1909-07-21,0,CLE05,R,0,BOS,CLE,1,0,1,0,1,,30,2,7,7,0,0,0,,2,,4,0,7,1,0,1,0,1,3,0,6,1,1,0,0,0,1,0,1,0,24,35,28,4,4,7,9,0,1,0,0,4,0,3,0,1,1,1,0,1,0,0,0,0,0,,,1,24,30,24,6,0,0,0,0
DET190907220,evt,1909-07-22,0,DET02,R,0,BOS,DET,1,0,1,0,1,34,31,0,6,7,1,0,0,0,0,,2,0,3,0,0,1,0,0,1,0,7,1,1,0,0,0,1,0,1,0,24,36,27,6,6,8,8,0,0,0,0,4,0,4,1,1,4,0,0,2,0,0,0,7,7,,,1,24,35,24,10,1,2,0,0
DET190907220,box,1909-07-22,0,DET02,R,0,BOS,DET,1,0,1,0,1,,31,0,6,7,1,0,0,,0,,2,0,3,0,0,1,0,0,1,0,7,1,1,0,0,0,1,0,1,0,24,36,27,6,6,8,8,0,0,0,0,4,0,4,1,1,4,0,0,2,0,0,0,0,0,,,1,24,35,24,10,1,2,0,0
DET190907231,evt,1909-07-23,1,DET02,R,0,BOS,DET,1,0,1,0,1,40,33,2,8,12,0,2,0,0,2,,5,0,3,0,0,1,1,2,0,0,11,1,1,1,0,0,0,0,1,0,24,36,32,5,5,7,12,1,2,0,0,4,0,5,1,0,0,0,0,0,0,0,0,10,8,,,1,24,37,24,11,2,1,0,0
DET190907231,box,1909-07-23,1,DET02,R,0,BOS,DET,1,0,1,0,1,,33,2,8,12,0,2,0,,2,,5,0,3,0,0,1,1,2,0,0,11,1,1,1,0,0,0,0,1,0,24,36,32,5,5,7,12,1,2,0,0,4,0,5,1,0,0,0,0,0,0,0,0,0,0,,,1,24,37,24,11,2,1,0,0
DET190907232,evt,1909-07-23,2,DET02,R,0,BOS,DET,1,0,1,0,1,35,34,2,6,7,1,0,0,0,2,,0,0,4,0,1,0,0,0,0,0,6,1,1,1,0,0,0,0,1,0,24,32,26,4,4,7,7,0,0,0,0,2,0,2,0,0,3,1,0,1,0,0,0,8,9,,,1,24,41,24,15,2,0,0,0
DET190907232,box,1909-07-23,2,DET02,R,0,BOS,DET,1,0,1,0,1,,34,2,6,7,1,0,0,,2,,0,0,4,0,1,0,0,0,0,0,6,1,1,1,0,0,0,0,1,0,24,32,26,4,4,7,7,0,0,0,0,2,0,2,0,0,3,1,0,1,0,0,0,0,0,,,1,24,41,24,15,2,0,0,0
DET190907240,evt,1909-07-24,0,DET02,R,0,BOS,DET,1,0,1,0,1,44,39,1,4,4,0,0,0,0,1,,3,0,5,0,0,1,1,4,0,0,7,1,1,1,0,0,0,0,1,0,35,49,43,2,2,12,14,2,0,0,0,4,2,5,0,0,2,0,0,0,0,0,0,11,14,,,1,35,51,35,15,1,0,0,0
DET190907240,box,1909-07-24,0,DET02,R,0,BOS,DET,1,0,1,0,1,,39,1,4,4,0,0,0,,1,,3,0,5,0,0,1,1,4,0,0,7,1,1,1,0,0,0,0,1,0,35,49,43,2,2,12,14,2,0,0,0,4,2,5,0,0,2,0,0,0,0,0,0,0,0,,,1,35,51,35,15,1,0,0,0
DET190907250,evt,1909-07-25,0,DET02,R,0,BOS,DET,1,1,0,0,1,35,33,4,7,8,1,0,0,0,3,,2,0,4,0,0,0,0,1,2,0,4,1,1,1,1,0,0,1,0,0,27,30,29,0,0,5,7,2,0,0,0,1,0,3,0,0,0,0,0,1,0,0,0,11,9,,,1,27,43,27,15,1,2,0,0
DET190907250,box,1909-07-25,0,DET02,R,0,BOS,DET,1,1,0,0,1,,33,4,7,8,1,0,0,,3,,2,0,4,0,0,0,0,1,2,0,4,1,1,1,1,0,0,1,0,0,27,30,29,0,0,5,7,2,0,0,0,1,0,3,0,0,0,0,0,1,0,0,0,0,0,,,1,27,43,27,15,1,2,0,0
NYA190907270,evt,1909-07-27,0,NYC13,R,0,BOS,NYA,1,0,1,0,1,33,29,0,3,3,0,0,0,0,0,,4,0,6,2,0,0,0,0,0,0,6,1,1,0,0,0,1,0,1,0,24,40,34,6,5,14,19,3,1,0,0,3,0,2,0,0,3,0,0,2,0,1,0,8,9,,,1,24,40,24,14,2,0,0,0
NYA190907270,box,1909-07-27,0,NYC13,R,0,BOS,NYA,1,0,1,0,1,,29,0,3,3,0,0,0,,0,,4,0,6,2,0,0,0,0,0,0,6,1,1,0,0,0,1,0,1,0,24,40,34,6,5,14,19,3,1,0,0,3,0,2,0,0,3,0,0,2,0,0,0,0,0,,,1,24,39,24,13,2,0,0,0
NYA190907280,evt,1909-07-28,0,NYC13,R,0,BOS,NYA,1,1,0,0,1,43,36,8,12,17,1,2,0,0,8,,2,0,6,0,2,2,1,2,2,0,8,1,1,1,0,0,0,1,0,0,27,39,34,2,1,9,11,0,1,0,0,3,0,0,0,2,0,0,0,1,0,0,0,9,16,,,1,27,41,27,12,2,1,0,0
NYA190907280,box,1909-07-28,0,NYC13,R,0,BOS,NYA,1,1,0,0,1,,36,8,12,17,1,2,0,,8,,2,0,6,0,2,2,1,2,2,0,8,1,1,1,0,0,0,1,0,0,27,39,34,2,1,9,11,0,1,0,0,3,0,0,0,2,0,0,0,1,0,0,0,0,0,,,1,27,41,27,12,2,1,0,0
BOS190907290,evt,1909-07-29,0,BOS06,R,1,BOS,SLA,1,0,1,0,1,36,35,3,8,8,0,0,0,0,3,,1,0,4,0,0,0,0,0,0,0,6,1,1,0,0,0,1,0,1,0,27,39,33,6,6,10,13,1,1,0,0,4,0,1,0,0,2,0,0,0,0,2,1,11,10,,,1,27,45,27,17,1,1,0,1
BOS190907290,box,1909-07-29,0,BOS06,R,1,BOS,SLA,1,0,1,0,1,,35,3,8,8,0,0,0,,3,,1,0,4,0,0,0,0,0,0,0,6,1,1,0,0,0,1,0,1,0,27,39,33,6,6,10,13,1,1,0,0,4,0,1,0,0,2,0,0,0,0,0,0,0,0,,,1,27,45,27,17,1,1,0,1
BOS190907301,evt,1909-07-30,1,BOS06,R,1,BOS,SLA,1,1,0,0,1,34,33,7,11,16,0,1,1,0,6,,1,0,0,1,0,0,0,0,1,0,3,1,1,0,0,0,1,1,0,1,27,32,29,1,1,4,4,0,0,0,0,3,0,0,2,0,0,0,0,0,0,0,0,17,8,,,1,27,46,27,19,0,2,0,0
BOS190907301,box,1909-07-30,1,BOS06,R,1,BOS,SLA,1,1,0,0,1,,33,7,11,16,0,1,1,,6,,1,0,0,1,0,0,0,0,1,0,3,1,1,0,0,0,1,1,0,1,27,32,29,1,1,4,4,0,0,0,0,3,0,0,2,0,0,0,0,0,0,0,0,0,0,,,1,27,46,27,19,0,2,0,0
BOS190907302,evt,1909-07-30,2,BOS06,R,1,BOS,SLA,1,0,1,0,1,37,34,4,8,12,1,0,1,0,3,,2,0,1,0,0,0,1,0,0,0,6,1,1,0,0,0,1,0,1,0,27,40,36,10,7,9,14,0,1,1,0,2,0,3,0,0,2,0,0,1,0,1,1,13,8,,,1,27,37,23,10,4,0,0,1
BOS190907302,box,1909-07-30,2,BOS06,R,1,BOS,SLA,1,0,1,0,1,,34,4,8,12,1,0,1,,3,,2,0,,0,0,0,1,0,0,0,6,1,1,0,0,0,1,0,1,0,27,40,36,10,7,9,14,0,1,1,0,2,0,3,0,0,2,0,0,1,0,0,0,0,0,,,1,27,42,27,11,4,0,0,1
BOS190907310,evt,1909-07-31,0,BOS06,R,1,BOS,SLA,1,1,0,0,1,34,30,7,9,15,3,0,1,0,6,,3,0,2,1,0,1,0,1,1,0,3,1,1,1,0,0,0,1,0,0,27,36,36,2,0,7,7,0,0,0,0,0,0,3,0,0,0,0,0,0,0,0,0,9,15,,,1,27,40,27,11,2,0,0,0
BOS190907310,box,1909-07-31,0,BOS06,R,1,BOS,SLA,1,1,0,0,1,,30,7,9,15,3,0,1,,6,,3,0,2,1,0,1,0,1,1,0,3,1,1,1,0,0,0,1,0,0,27,36,36,2,0,7,7,0,0,0,0,0,0,3,0,0,0,0,0,0,0,0,0,0,0,,,1,27,40,27,11,2,0,0,0
BOS190908031,evt,1909-08-03,1,BOS06,R,1,BOS,DET,1,1,0,0,1,36,31,2,10,14,4,0,0,0,2,,3,1,4,1,1,1,0,0,0,0,10,1,1,1,0,0,0,1,0,0,27,37,33,1,1,3,6,3,0,0,0,2,0,7,1,2,0,0,0,0,0,0,0,10,9,,,1,27,42,27,11,4,1,0,0
BOS190908031,box,1909-08-03,1,BOS06,R,1,BOS,DET,1,1,0,0,1,,31,2,10,14,4,0,0,,2,,3,1,4,1,1,1,0,0,0,0,10,1,1,1,0,0,0,1,0,0,27,37,33,1,1,3,6,3,0,0,0,2,0,7,1,2,0,0,0,0,0,0,0,0,0,,,1,27,42,27,11,4,1,0,0
BOS190908032,evt,1909-08-03,2,BOS06,R,1,BOS,DET,1,1,0,0,1,43,39,8,13,20,7,0,0,0,8,,1,0,0,0,2,1,0,1,0,0,10,1,1,0,0,0,1,1,0,0,27,48,45,7,7,16,25,9,0,0,0,2,0,4,0,0,1,0,0,1,0,0,0,12,8,,,1,27,45,27,15,3,0,0,0
BOS190908032,box,1909-08-03,2,BOS06,R,1,BOS,DET,1,1,0,0,1,,39,8,13,20,7,0,0,,8,,1,0,0,0,2,1,0,1,0,0,10,1,1,0,0,0,1,1,0,0,27,48,45,7,7,16,25,9,0,0,0,2,0,4,0,0,1,0,0,1,0,0,0,0,0,,,1,27,45,27,15,3,0,0,0
BOS190908041,evt,1909-08-04,1,BOS06,R,1,BOS,DET,1,0,1,0,1,35,33,3,8,9,1,0,0,0,2,,1,0,1,0,0,1,0,2,0,0,5,1,1,0,0,0,1,0,1,0,27,47,42,10,9,17,24,7,0,0,0,5,0,3,1,0,0,0,0,0,0,0,0,10,9,,,1,27,50,27,19,4,1,0,0
BOS190908041,box,1909-08-04,1,BOS06,R,1,BOS,DET,1,0,1,0,1,,33,3,8,9,1,0,0,,2,,1,0,1,0,0,1,0,2,0,0,5,1,1,0,0,0,1,0,1,0,27,47,42,10,9,17,24,7,0,0,0,5,0,3,1,0,0,0,0,0,0,0,0,0,0,,,1,27,50,27,19,4,1,0,0
BOS190908042,evt,1909-08-04,2,BOS06,R,1,BOS,DET,1,1,0,0,1,30,25,2,3,6,3,0,0,0,2,,2,0,6,0,1,1,1,2,0,0,4,1,1,1,0,0,0,1,0,0,27,36,33,1,0,7,7,0,0,0,0,1,0,3,0,0,2,0,0,0,0,0,0,11,8,,,1,27,46,27,15,4,0,0,0
BOS190908042,box,1909-08-04,2,BOS06,R,1,BOS,DET,1,1,0,0,1,,25,2,3,6,3,0,0,,2,,2,0,6,0,1,1,1,2,0,0,4,1,1,1,0,0,0,1,0,0,27,36,33,1,0,7,7,0,0,0,0,1,0,3,0,0,2,0,0,0,0,0,0,0,0,,,1,27,46,27,15,4,0,0,0
BOS190908060,evt,1909-08-06,0,BOS06,R,1,BOS,CHA,1,1,0,0,1,36,34,8,11,12,1,0,0,0,5,,1,0,2,0,0,1,0,2,1,0,4,1,1,1,0,0,0,1,0,0,27,33,32,1,0,5,8,3,0,0,0,1,0,5,0,0,0,0,0,0,0,0,0,11,11,,,1,27,37,27,10,0,0,0,1
BOS190908060,box,1909-08-06,0,BOS06,R,1,BOS,CHA,1,1,0,0,1,,34,8,11,12,1,0,0,,5,,1,0,2,0,0,1,0,2,1,0,4,1,1,1,0,0,0,1,0,0,27,33,32,1,0,5,8,3,0,0,0,1,0,5,0,0,0,0,0,0,0,0,0,0,0,,,1,27,37,27,10,0,0,0,1
BOS190908070,evt,1909-08-07,0,BOS06,R,1,BOS,CHA,1,1,0,0,1,28,27,3,7,7,0,0,0,0,3,,1,0,3,0,0,0,0,1,3,0,1,1,1,1,1,0,0,1,0,0,27,31,29,0,0,3,4,1,0,0,0,1,0,7,0,1,0,0,0,0,0,0,0,9,9,,,1,27,40,27,13,0,0,0,0
BOS190908070,box,1909-08-07,0,BOS06,R,1,BOS,CHA,1,1,0,0,1,,27,3,7,7,0,0,0,,3,,1,0,3,0,0,0,0,1,3,0,1,1,1,1,1,0,0,1,0,0,27,31,29,0,0,3,4,1,0,0,0,1,0,7,0,1,0,0,0,0,0,0,0,0,0,,,1,27,40,27,13,0,0,0,0
BOS190908090,evt,1909-08-09,0,BOS06,R,1,BOS,CHA,1,1,0,0,1,32,27,2,5,5,0,0,0,0,2,,4,0,7,1,0,1,0,2,2,0,5,1,1,1,0,0,0,1,0,0,27,33,29,1,1,4,4,0,0,0,0,4,0,4,1,0,0,0,0,0,0,0,0,9,12,,,1,27,41,27,12,2,1,0,0
BOS190908090,box,1909-08-09,0,BOS06,R,1,BOS,CHA,1,1,0,0,1,,27,2,5,5,0,0,0,,2,,4,0,7,1,0,1,0,2,2,0,5,1,1,1,0,0,0,1,0,0,27,33,29,1,1,4,4,0,0,0,0,4,0,4,1,0,0,0,0,0,0,0,0,0,0,,,1,27,41,27,12,2,1,0,0
BOS190908100,evt,1909-08-10,0,BOS06,R,1,BOS,CHA,1,1,0,0,1,35,30,3,10,13,3,0,0,0,2,,2,1,3,0,1,2,0,1,0,0,8,1,1,1,0,0,0,1,0,0,27,33,29,2,2,8,12,0,2,0,0,2,0,2,0,0,1,1,0,0,0,0,0,14,6,,,1,27,48,27,21,0,1,0,1
BOS190908100,box,1909-08-10,0,BOS06,R,1,BOS,CHA,1,1,0,0,1,,30,3,10,13,3,0,0,,2,,2,1,3,0,1,2,0,1,0,0,8,1,1,1,0,0,0,1,0,0,27,33,29,2,2,8,12,0,2,0,0,2,0,2,0,0,1,1,0,0,0,0,0,0,0,,,1,27,48,27,21,0,1,0,1
BOS190908110,evt,1909-08-11,0,BOS06,R,1,BOS,CLE,1,1,0,0,1,32,27,4,10,12,0,1,0,0,4,,2,0,2,0,0,2,1,1,1,0,4,1,1,1,0,0,0,1,0,0,27,38,37,2,2,12,20,2,3,0,0,1,0,4,1,0,0,0,0,0,0,0,0,10,10,,,1,27,38,26,11,1,1,0,0
BOS190908110,box,1909-08-11,0,BOS06,R,1,BOS,CLE,1,1,0,0,1,,27,4,10,12,0,1,0,,4,,2,0,2,0,0,2,1,1,1,0,4,1,1,1,0,0,0,1,0,0,27,38,37,2,2,12,20,2,3,0,0,1,0,4,1,0,0,0,0,0,0,0,0,0,0,,,1,27,38,26,11,1,1,0,0
BOS190908120,evt,1909-08-12,0,BOS06,R,1,BOS,CLE,1,1,0,0,1,36,30,5,11,12,1,0,0,0,5,,5,1,2,1,0,1,0,1,3,0,7,1,1,0,0,0,1,1,0,0,27,37,31,4,4,6,12,4,1,0,0,5,0,3,0,0,0,1,0,0,0,0,0,10,12,,,1,27,39,27,10,2,1,0,0
BOS190908120,box,1909-08-12,0,BOS06,R,1,BOS,CLE,1,1,0,0,1,,30,5,11,12,1,0,0,,5,,5,1,2,1,0,1,0,1,3,0,7,1,1,0,0,0,1,1,0,0,27,37,31,4,4,6,12,4,1,0,0,5,0,3,0,0,0,1,0,0,0,0,0,0,0,,,1,27,39,27,10,2,1,0,0
BOS190908130,evt,1909-08-13,0,BOS06,R,1,BOS,CLE,1,1,0,0,1,40,33,7,10,16,3,0,1,0,7,,5,0,3,0,0,2,0,2,1,0,9,1,1,1,0,0,0,1,0,0,27,37,34,2,2,8,10,0,1,0,0,2,1,3,0,0,0,1,0,0,0,0,0,10,14,,,1,27,38,27,10,1,0,0,0
BOS190908130,box,1909-08-13,0,BOS06,R,1,BOS,CLE,1,1,0,0,1,,33,7,10,16,3,0,1,,7,,5,0,3,0,0,2,0,2,1,0,9,1,1,1,0,0,0,1,0,0,27,37,34,2,2,8,10,0,1,0,0,2,1,3,0,0,0,1,0,0,0,0,0,0,0,,,1,27,38,27,10,1,0,0,0
BOS190908140,evt,1909-08-14,0,BOS06,R,1,BOS,CLE,1,1,0,0,1,32,30,3,6,7,1,0,0,0,2,,2,1,2,0,0,0,0,0,1,0,5,1,1,1,0,0,0,1,0,0,27,35,33,1,1,8,10,2,0,0,0,0,0,6,0,0,2,0,0,0,0,0,0,9,10,,,1,27,38,27,10,1,0,0,0
BOS190908140,box,1909-08-14,0,BOS06,R,1,BOS,CLE,1,1,0,0,1,,30,3,6,7,1,0,0,,2,,2,1,2,0,0,0,0,0,1,0,5,1,1,1,0,0,0,1,0,0,27,35,33,1,1,8,10,2,0,0,0,0,0,6,0,0,2,0,0,0,0,0,0,0,0,,,1,27,38,27,10,1,0,0,0
NYA190908181,evt,1909-08-18,1,NYC13,R,0,BOS,NYA,1,1,0,0,1,38,31,3,7,8,1,0,0,0,3,,5,0,3,1,0,2,0,3,1,0,8,1,1,1,1,0,0,1,0,0,27,30,28,0,0,3,3,0,0,0,0,1,0,3,0,1,0,0,0,0,0,0,0,12,10,,,1,27,39,27,12,0,1,0,0
NYA190908181,box,1909-08-18,1,NYC13,R,0,BOS,NYA,1,1,0,0,1,,31,3,7,8,1,0,0,,3,,5,0,3,1,0,2,0,3,1,0,8,1,1,1,1,0,0,1,0,0,27,30,28,0,0,3,3,0,0,0,0,1,0,3,0,1,0,0,0,0,0,0,0,0,0,,,1,27,39,27,12,0,1,0,0
NYA190908182,evt,1909-08-18,2,NYC13,R,0,BOS,NYA,1,1,0,0,1,35,34,6,9,16,1,3,0,0,6,,1,0,3,0,0,0,0,1,1,0,2,1,1,1,0,0,0,1,0,0,27,34,30,3,1,5,6,1,0,0,0,2,0,1,0,0,1,1,0,0,0,0,0,8,15,,,1,27,40,27,11,2,1,0,0
NYA190908182,box,1909-08-18,2,NYC13,R,0,BOS,NYA,1,1,0,0,1,,34,6,9,16,1,3,0,,6,,1,0,3,0,0,0,0,1,1,0,2,1,1,1,0,0,0,1,0,0,27,34,30,3,1,5,6,1,0,0,0,2,0,1,0,0,1,1,0,0,0,0,0,0,0,,,1,27,40,27,11,2,1,0,0
NYA190908191,evt,1909-08-19,1,NYC13,R,0,BOS,NYA,1,0,1,0,1,40,35,6,10,14,2,1,0,0,6,,2,1,2,0,3,0,0,1,1,0,7,1,1,0,0,0,1,0,1,0,24,38,29,7,3,9,10,1,0,0,0,5,0,3,0,1,1,2,0,1,0,2,1,6,11,,,1,24,35,24,10,1,2,0,0
NYA190908191,box,1909-08-19,1,NYC13,R,0,BOS,NYA,1,0,1,0,1,,35,6,10,14,2,1,0,,6,,2,1,2,0,3,0,0,1,1,0,7,1,1,0,0,0,1,0,1,0,24,38,29,7,3,9,10,1,0,0,0,5,0,3,0,1,1,2,0,1,0,0,0,0,0,,,1,24,35,24,10,1,2,0,0
NYA190908192,evt,1909-08-19,2,NYC13,R,0,BOS,NYA,1,0,1,0,1,41,31,1,7,9,0,1,0,0,0,,6,0,2,2,1,3,0,1,1,0,10,1,1,1,0,0,0,0,1,0,29,37,33,2,1,8,9,1,0,0,0,3,0,2,2,0,1,0,0,0,0,0,0,11,10,,,1,29,47,29,16,2,2,0,1
NYA190908192,box,1909-08-19,2,NYC13,R,0,BOS,NYA,1,0,1,0,1,,31,1,7,9,0,1,0,,0,,6,0,2,2,1,3,0,1,1,0,10,1,1,1,0,0,0,0,1,0,29,37,33,2,1,8,9,1,0,0,0,3,0,2,2,0,1,0,0,0,0,0,0,0,0,,,1,29,47,29,16,2,2,0,1
SLA190908210,evt,1909-08-21,0,STL07,R,0,BOS,SLA,1,1,0,0,1,40,37,6,15,15,0,0,0,0,5,,1,0,4,0,0,2,0,3,0,0,7,1,1,1,1,0,0,1,0,0,27,31,30,0,0,3,3,0,0,0,0,1,0,1,1,0,0,0,0,0,0,0,0,22,3,,,1,27,9,6,2,1,1,0,0
SLA190908210,box,1909-08-21,0,STL07,R,0,BOS,SLA,1,1,0,0,1,,37,6,15,15,0,0,0,,5,,1,0,,0,0,2,0,3,0,0,7,1,1,1,1,0,0,1,0,0,27,31,30,0,0,3,3,0,0,0,0,1,0,,1,0,0,0,0,0,0,0,0,0,0,,,1,27,38,27,10,1,1,0,0
SLA190908220,evt,1909-08-22,0,STL07,R,0,BOS,SLA,1,1,0,0,1,42,40,9,13,16,1,1,0,0,8,,1,0,3,0,0,0,1,1,2,0,6,1,1,1,0,0,0,1,0,0,27,40,37,3,3,11,13,0,1,0,0,2,0,4,1,1,0,0,0,0,0,0,0,15,6,,,1,27,23,17,6,0,1,0,0
SLA190908220,box,1909-08-22,0,STL07,R,0,BOS,SLA,1,1,0,0,1,,40,9,13,16,1,1,0,,8,,1,0,,0,0,0,1,1,2,0,6,1,1,1,0,0,0,1,0,0,27,40,37,3,3,11,13,0,1,0,0,2,0,,1,1,0,0,0,0,0,0,0,0,0,,,1,27,38,27,11,0,1,0,0
SLA190908230,evt,1909-08-23,0,STL07,R,0,BOS,SLA,1,1,0,0,1,36,34,3,8,12,0,2,0,0,3,,2,0,3,0,0,0,0,2,0,0,6,1,1,1,0,0,0,1,0,0,27,34,32,2,2,6,11,1,2,0,0,1,0,8,0,0,0,1,0,2,0,0,0,10,8,,,1,27,42,27,13,2,1,0,2
SLA190908230,box,1909-08-23,0,STL07,R,0,BOS,SLA,1,1,0,0,1,,34,3,8,12,0,2,0,,3,,2,0,3,0,0,0,0,2,0,0,6,1,1,1,0,0,0,1,0,0,27,34,32,2,2,6,11,1,2,0,0,1,0,8,0,0,0,1,0,2,0,0,0,0,0,,,1,27,42,27,13,2,1,0,2
CHA190908240,evt,1909-08-24,0,CHI09,R,0,BOS,CHA,1,1,0,0,1,36,31,5,8,11,3,0,0,0,5,,1,0,4,0,1,2,1,1,0,0,4,1,1,0,0,0,1,1,0,1,27,37,32,2,2,5,6,1,0,0,0,4,0,4,0,1,0,0,0,0,0,2,0,10,12,,,1,27,42,27,11,4,0,0,0
CHA190908240,box,1909-08-24,0,CHI09,R,0,BOS,CHA,1,1,0,0,1,,31,5,8,11,3,0,0,,5,,1,0,4,0,1,2,1,1,0,0,4,1,1,0,0,0,1,1,0,1,27,37,32,2,2,5,6,1,0,0,0,4,0,4,0,1,0,0,0,0,0,0,0,0,0,,,1,27,42,27,11,4,0,0,0
CHA190908250,evt,1909-08-25,0,CHI09,R,0,BOS,CHA,1,0,0,1,1,37,31,4,10,12,2,0,0,0,4,,4,1,4,2,0,2,0,2,1,0,6,1,1,0,0,0,1,0,0,0,27,37,29,4,4,8,9,1,0,0,0,4,0,4,0,0,3,1,0,1,0,1,0,12,6,,,1,27,41,27,14,0,1,0,0
CHA190908250,box,1909-08-25,0,CHI09,R,0,BOS,CHA,1,0,0,1,1,,31,4,10,12,2,0,0,,4,,4,1,4,2,0,2,0,2,1,0,6,1,1,0,0,0,1,0,0,0,27,37,29,4,4,8,9,1,0,0,0,4,0,4,0,0,3,1,0,1,0,0,0,0,0,,,1,27,41,27,14,0,1,0,0
CHA190908261,evt,1909-08-26,1,CHI09,R,0,BOS,CHA,1,0,1,0,1,35,33,3,5,11,2,2,0,0,2,,2,0,4,1,0,0,0,3,2,0,5,1,1,0,0,0,1,0,1,0,26,40,31,4,2,8,8,0,0,0,0,7,1,8,0,0,2,0,0,0,0,0,0,6,8,,,1,26,38,26,10,2,1,0,0
CHA190908261,box,1909-08-26,1,CHI09,R,0,BOS,CHA,1,0,1,0,1,,33,3,5,11,2,2,0,,2,,2,0,4,1,0,0,0,3,2,0,5,1,1,0,0,0,1,0,1,0,26,40,31,4,2,8,8,0,0,0,0,7,1,8,0,0,2,0,0,0,0,0,0,0,0,,,1,26,38,26,10,2,1,0,0
CHA190908262,evt,1909-08-26,2,CHI09,R,0,BOS,CHA,1,1,0,0,1,40,33,3,4,7,1,1,0,0,1,,7,1,5,0,0,0,0,3,0,0,10,1,1,1,1,0,0,1,0,0,27,31,29,0,0,7,9,2,0,0,0,1,0,2,1,0,1,0,0,0,0,0,0,11,9,,,1,27,28,20,8,0,2,0,0
CHA190908262,box,1909-08-26,2,CHI09,R,0,BOS,CHA,1,1,0,0,1,,33,3,4,7,1,1,0,,1,,7,1,5,0,0,0,0,3,0,0,10,1,1,1,1,0,0,1,0,0,27,31,29,0,0,7,9,2,0,0,0,1,0,2,1,0,1,0,0,0,0,0,0,0,0,,,1,27,38,27,11,0,2,0,0
CLE190908270,evt,1909-08-27,0,CLE05,R,0,BOS,CLE,1,0,1,0,1,36,32,3,6,7,1,0,0,0,2,,3,0,4,0,0,1,0,2,0,0,6,1,1,1,0,0,0,0,1,0,24,37,32,5,5,7,9,0,1,0,0,3,0,7,0,0,2,0,0,0,0,0,0,6,8,,,1,24,38,24,9,5,0,0,0
CLE190908270,box,1909-08-27,0,CLE05,R,0,BOS,CLE,1,0,1,0,1,,32,3,6,7,1,0,0,,1,,3,0,4,0,0,1,0,2,0,0,6,1,1,1,0,0,0,0,1,0,24,37,32,5,5,7,9,0,1,0,0,3,0,7,0,0,2,0,0,0,0,0,0,0,0,,,1,24,38,24,9,5,0,0,0
CLE190908280,evt,1909-08-28,0,CLE05,R,0,BOS,CLE,1,1,0,0,1,36,33,4,11,11,0,0,0,0,4,,1,0,6,0,1,1,0,1,3,0,5,1,1,0,0,0,1,1,0,0,27,37,31,3,3,8,12,2,1,0,0,5,0,4,1,0,1,0,0,0,0,1,0,6,11,,,1,27,42,27,12,3,2,0,0
CLE190908280,box,1909-08-28,0,CLE05,R,0,BOS,CLE,1,1,0,0,1,,33,4,11,11,0,0,0,,4,,1,0,6,0,1,1,0,1,3,0,5,1,1,0,0,0,1,1,0,0,27,37,31,3,3,8,12,2,1,0,0,5,0,4,1,0,1,0,0,0,0,0,0,0,0,,,1,27,42,27,12,3,2,0,0
CLE190908300,evt,1909-08-30,0,CLE05,R,0,BOS,CLE,1,0,1,0,1,40,36,2,12,13,1,0,0,0,2,,3,0,8,1,0,1,0,3,2,0,11,1,1,0,0,0,1,0,1,0,24,30,29,4,4,9,10,1,0,0,0,0,0,4,2,0,1,0,0,3,0,0,0,12,4,,,1,24,38,24,14,0,2,0,0
CLE190908300,box,1909-08-30,0,CLE05,R,0,BOS,CLE,1,0,1,0,1,,36,2,12,13,1,0,0,,2,,3,0,8,1,0,1,0,3,2,0,11,1,1,0,0,0,1,0,1,0,24,30,29,4,4,9,10,1,0,0,0,0,0,4,2,0,1,0,0,3,0,0,0,0,0,,,1,24,38,24,14,0,2,0,0
DET190908310,evt,1909-08-31,0,DET02,R,0,BOS,DET,1,0,1,0,1,40,38,4,11,16,1,2,0,0,4,,0,0,3,0,1,0,1,0,0,0,9,1,1,0,0,0,1,0,1,0,24,38,32,7,7,12,15,1,1,0,0,2,0,0,0,1,2,1,0,0,0,0,0,13,5,,,1,24,30,16,12,2,0,0,0
DET190908310,box,1909-08-31,0,DET02,R,0,BOS,DET,1,0,1,0,1,,38,4,11,16,1,2,0,,4,,0,0,3,0,1,0,1,0,0,0,9,1,1,0,0,0,1,0,1,0,24,38,32,7,7,12,15,1,1,0,0,2,0,0,0,1,2,1,0,0,0,0,0,0,0,,,1,24,47,24,21,2,0,0,0
DET190909010,evt,1909-09-01,0,DET02,R,0,BOS,DET,1,0,1,0,1,46,38,4,8,9,1,0,0,0,4,,4,0,2,1,1,2,1,4,0,0,9,1,1,1,0,0,0,0,1,0,32,42,36,5,5,9,15,1,1,1,0,3,0,5,2,0,3,0,0,0,0,0,0,16,4,,,1,32,57,32,22,3,3,0,0
DET190909010,box,1909-09-01,0,DET02,R,0,BOS,DET,1,0,1,0,1,,38,4,8,9,1,0,0,,4,,4,0,2,1,1,2,1,4,0,0,9,1,1,1,0,0,0,0,1,0,32,42,36,5,5,9,15,1,1,1,0,3,0,5,2,0,3,0,0,0,0,0,0,0,0,,,1,32,57,32,22,3,3,0,0
DET190909020,evt,1909-09-02,0,DET02,R,0,BOS,DET,1,0,1,0,1,35,35,5,10,11,1,0,0,0,4,,0,0,2,0,0,0,0,3,0,0,3,1,1,0,0,0,1,0,1,0,24,35,27,8,8,7,11,1,0,1,0,3,0,2,0,1,3,1,0,0,0,0,0,10,8,,,1,24,41,24,14,3,1,0,1
DET190909020,box,1909-09-02,0,DET02,R,0,BOS,DET,1,0,1,0,1,,35,5,10,11,1,0,0,,4,,0,0,2,0,0,0,0,3,0,0,3,1,1,0,0,0,1,0,1,0,24,35,27,8,8,7,11,1,0,1,0,3,0,2,0,1,3,1,0,0,0,0,0,0,0,,,1,24,41,24,14,3,1,0,1
BOS190909040,evt,1909-09-04,0,BOS06,R,1,BOS,NYA,1,0,1,0,1,38,30,6,8,9,1,0,0,0,5,,6,2,4,1,1,1,0,1,2,0,5,1,1,0,0,0,1,0,1,0,27,44,39,8,8,15,17,0,1,0,0,3,0,3,0,1,1,0,0,0,0,0,0,11,7,,,1,27,44,27,13,4,0,0,0
BOS190909040,box,1909-09-04,0,BOS06,R,1,BOS,NYA,1,0,1,0,1,,30,6,8,9,1,0,0,,5,,6,2,4,1,1,1,0,1,2,0,5,1,1,0,0,0,1,0,1,0,27,44,39,8,8,15,17,0,1,0,0,3,0,3,0,1,1,0,0,0,0,0,0,0,0,,,1,27,44,27,13,4,0,0,0
BOS190909061,evt,1909-09-06,1,BOS06,R,1,BOS,NYA,1,1,0,0,1,43,35,10,11,19,3,1,1,0,6,,5,0,5,2,0,2,1,1,1,0,5,1,1,0,0,0,1,1,0,0,30,44,35,9,4,10,14,1,0,1,0,5,0,5,0,0,3,1,0,0,0,0,0,10,7,,,1,30,56,30,18,8,1,0,0
BOS190909061,box,1909-09-06,1,BOS06,R,1,BOS,NYA,1,1,0,0,1,,35,10,11,19,3,1,1,,6,,5,0,5,2,0,2,1,1,1,0,5,1,1,0,0,0,1,1,0,0,30,44,35,9,4,10,14,1,0,1,0,5,0,5,0,0,3,1,0,0,0,0,0,0,0,,,1,30,56,30,18,8,1,0,0
BOS190909062,evt,1909-09-06,2,BOS06,R,1,BOS,NYA,1,0,1,0,1,44,35,6,11,13,2,0,0,0,4,,8,0,4,1,1,0,0,0,1,0,11,1,1,1,0,0,0,0,1,0,27,41,36,9,5,7,9,2,0,0,0,3,0,7,0,1,0,1,0,0,0,0,0,14,5,,,1,27,27,17,6,4,1,0,1
BOS190909062,box,1909-09-06,2,BOS06,R,1,BOS,NYA,1,0,1,0,1,,35,6,11,13,2,0,0,,4,,8,0,4,1,1,0,0,0,1,0,11,1,1,1,0,0,0,0,1,0,27,41,36,9,5,7,9,2,0,0,0,3,0,,0,1,0,1,0,0,0,0,0,0,0,,,1,27,41,27,10,4,1,0,1
WS1190909070,evt,1909-09-07,0,WAS08,R,0,BOS,WS1,1,0,1,0,1,38,33,6,7,9,0,1,0,0,3,,2,0,2,0,1,1,1,2,1,0,5,1,1,0,0,0,1,0,1,0,24,42,31,11,8,11,15,2,1,0,0,9,1,3,0,0,1,1,0,0,0,4,2,13,3,,,1,24,22,11,7,4,1,0,0
WS1190909070,box,1909-09-07,0,WAS08,R,0,BOS,WS1,1,0,1,0,1,,33,6,7,9,0,1,0,,3,,2,0,,0,1,1,1,2,1,0,5,1,1,0,0,0,1,0,1,0,24,42,31,11,8,11,15,2,1,0,0,9,1,3,0,0,1,1,0,0,0,0,0,0,0,,,1,24,42,24,14,4,1,0,0
WS1190909080,evt,1909-09-08,0,WAS08,R,0,BOS,WS1,1,1,0,0,1,42,38,6,9,13,0,2,0,0,4,,3,0,6,0,0,1,0,5,0,0,9,1,1,1,0,0,0,1,0,0,27,44,39,3,3,13,19,2,2,0,0,3,0,7,0,1,1,0,0,0,0,0,0,11,6,,,1,27,22,15,6,1,0,0,0
WS1190909080,box,1909-09-08,0,WAS08,R,0,BOS,WS1,1,1,0,0,1,,38,6,9,13,0,2,0,,4,,3,0,6,0,0,1,0,5,0,0,9,1,1,1,0,0,0,1,0,0,27,44,39,3,3,13,19,2,2,0,0,3,0,7,0,1,1,0,0,0,0,0,0,0,0,,,1,27,42,27,14,1,0,0,0
WS1190909090,evt,1909-09-09,0,WAS08,R,0,BOS,WS1,1,1,0,0,1,44,39,3,12,15,3,0,0,0,3,,4,2,2,0,0,1,0,4,0,0,11,1,1,1,0,0,0,1,0,0,30,38,35,1,0,6,7,1,0,0,0,2,0,2,0,0,1,0,0,0,0,0,0,24,2,,,1,30,16,10,5,1,0,0,0
WS1190909090,box,1909-09-09,0,WAS08,R,0,BOS,WS1,1,1,0,0,1,,39,3,12,15,3,0,0,,3,,4,2,2,0,0,1,0,4,0,0,11,1,1,1,0,0,0,1,0,0,30,38,35,1,0,6,7,1,0,0,0,2,0,2,0,0,1,0,0,0,0,0,0,0,0,,,1,30,48,30,17,1,0,0,0
PHA190909111,evt,1909-09-11,1,PHI11,R,0,BOS,PHA,1,0,1,0,1,31,30,0,7,7,0,0,0,0,0,,1,0,3,2,0,0,0,1,2,0,4,1,1,1,0,0,0,0,1,0,24,29,27,1,1,4,6,2,0,0,0,1,0,4,0,0,1,0,0,1,0,0,0,11,8,,,1,24,37,24,12,1,0,0,0
PHA190909111,box,1909-09-11,1,PHI11,R,0,BOS,PHA,1,0,1,0,1,,30,0,7,7,0,0,0,,0,,1,0,3,2,0,0,0,1,2,0,4,1,1,1,0,0,0,0,1,0,24,29,27,1,1,4,6,2,0,0,0,1,0,4,0,0,1,0,0,1,0,0,0,0,0,,,1,24,36,24,11,1,0,0,0
PHA190909112,evt,1909-09-11,2,PHI11,R,0,BOS,PHA,1,1,0,0,1,30,29,1,4,7,3,0,0,0,1,,1,0,6,1,0,0,0,0,2,0,2,1,1,1,1,0,0,1,0,0,27,34,31,0,0,4,4,0,0,0,0,2,0,3,0,0,1,0,0,0,0,0,0,13,9,,,1,27,44,27,15,2,0,0,0
PHA190909112,box,1909-09-11,2,PHI11,R,0,BOS,PHA,1,1,0,0,1,,29,1,4,7,3,0,0,,1,,1,0,6,1,0,0,0,0,2,0,2,1,1,1,1,0,0,1,0,0,27,34,31,0,0,4,4,0,0,0,0,2,0,3,0,0,1,0,0,0,0,0,0,0,0,,,1,27,44,27,15,2,0,0,0
BOS190909130,evt,1909-09-13,0,BOS06,R,1,BOS,WS1,1,1,0,0,1,36,32,4,11,13,2,0,0,0,4,,1,0,6,0,0,2,1,1,0,0,8,1,1,1,0,0,0,1,0,0,27,36,33,2,2,8,12,1,0,1,0,2,0,7,0,0,1,0,0,0,0,0,0,8,10,,,1,27,40,27,11,2,0,0,0
BOS190909130,box,1909-09-13,0,BOS06,R,1,BOS,WS1,1,1,0,0,1,,32,4,11,13,2,0,0,,4,,1,0,6,0,0,2,1,1,0,0,8,1,1,1,0,0,0,1,0,0,27,36,33,2,2,8,12,1,0,1,0,2,0,7,0,0,1,0,0,0,0,0,0,0,0,,,1,27,40,27,11,2,0,0,0
BOS190909140,evt,1909-09-14,0,BOS06,R,1,BOS,WS1,1,1,0,0,1,37,31,5,10,12,2,0,0,0,5,,3,0,3,0,1,1,1,3,0,0,8,1,1,1,0,0,0,1,0,0,27,35,29,2,1,5,7,2,0,0,0,4,0,5,0,0,2,0,0,0,0,0,0,5,12,,,1,27,43,27,13,3,0,0,0
BOS190909140,box,1909-09-14,0,BOS06,R,1,BOS,WS1,1,1,0,0,1,,31,5,10,12,2,0,0,,5,,3,0,3,0,1,1,1,3,0,0,8,1,1,1,0,0,0,1,0,0,27,35,29,2,1,5,7,2,0,0,0,4,0,5,0,0,2,0,0,0,0,0,0,0,0,,,1,27,43,27,13,3,0,0,0
BOS190909150,evt,1909-09-15,0,BOS06,R,1,BOS,WS1,1,0,1,0,1,43,41,4,11,13,2,0,0,0,4,,1,0,4,0,1,0,0,1,0,0,12,1,1,0,0,0,1,0,1,0,27,43,39,7,6,14,15,1,0,0,0,1,0,3,0,1,1,1,0,0,0,2,1,5,15,,,1,27,40,27,8,5,1,0,0
BOS190909150,box,1909-09-15,0,BOS06,R,1,BOS,WS1,1,0,1,0,1,,41,4,11,13,2,0,0,,4,,1,0,4,0,1,0,0,1,0,0,12,1,1,0,0,0,1,0,1,0,27,43,39,7,6,14,15,1,0,0,0,1,0,3,0,1,1,1,0,0,0,0,0,0,0,,,1,27,40,27,8,5,1,0,0
BOS190909160,evt,1909-09-16,0,BOS06,R,1,BOS,CHA,1,0,1,0,1,41,39,5,13,17,2,1,0,0,4,,1,0,5,0,0,0,1,1,0,0,9,1,1,0,0,0,1,0,1,0,27,38,33,7,6,12,18,1,1,1,0,2,0,3,0,1,2,0,0,0,0,0,0,10,7,,,1,27,45,27,17,1,0,0,0
BOS190909160,box,1909-09-16,0,BOS06,R,1,BOS,CHA,1,0,1,0,1,,39,5,13,17,2,1,0,,4,,1,0,5,0,0,0,1,1,0,0,9,1,1,0,0,0,1,0,1,0,27,38,33,7,6,12,18,1,1,1,0,2,0,3,0,1,2,0,0,0,0,0,0,0,0,,,1,27,45,27,17,1,0,0,0
BOS190909181,evt,1909-09-18,1,BOS06,R,1,BOS,CHA,1,0,1,0,1,35,32,0,6,7,1,0,0,0,0,,3,0,5,0,0,0,0,2,1,0,8,1,1,0,0,0,1,0,1,0,27,43,40,7,6,15,21,2,2,0,0,2,0,5,0,0,1,0,0,0,0,0,0,10,7,,,1,27,48,27,18,3,1,0,0
BOS190909181,box,1909-09-18,1,BOS06,R,1,BOS,CHA,1,0,1,0,1,,32,0,6,7,1,0,0,,0,,3,0,5,0,0,0,0,2,1,0,8,1,1,0,0,0,1,0,1,0,27,43,40,7,6,15,21,2,2,0,0,2,0,5,0,0,1,0,0,0,0,0,0,0,0,,,1,27,48,27,18,3,1,0,0
BOS190909182,evt,1909-09-18,2,BOS06,R,1,BOS,CHA,1,1,0,0,1,36,30,2,11,12,1,0,0,0,2,,2,0,9,0,0,4,0,2,1,0,10,1,1,1,1,0,0,1,0,0,27,32,30,0,0,6,8,0,1,0,0,1,0,5,1,0,1,0,0,0,0,0,0,13,5,,,1,27,48,27,18,3,3,0,1
BOS190909182,box,1909-09-18,2,BOS06,R,1,BOS,CHA,1,1,0,0,1,,30,2,11,12,1,0,0,,2,,2,0,9,0,0,4,0,2,1,0,10,1,1,1,1,0,0,1,0,0,27,32,30,0,0,6,8,0,1,0,0,1,0,5,1,0,1,0,0,0,0,0,0,0,0,,,1,27,48,27,18,3,3,0,1
BOS190909200,evt,1909-09-20,0,BOS06,R,1,BOS,CHA,1,1,0,0,1,33,30,6,8,11,0,0,1,0,6,,1,0,4,0,1,1,0,4,0,0,3,1,1,0,0,0,1,1,0,0,27,38,35,5,5,10,10,0,0,0,0,0,0,2,0,1,2,0,0,0,0,2,0,6,16,,,1,27,37,27,8,2,0,0,0
BOS190909200,box,1909-09-20,0,BOS06,R,1,BOS,CHA,1,1,0,0,1,,30,6,8,11,0,0,1,,6,,1,0,4,0,1,1,0,4,0,0,3,1,1,0,0,0,1,1,0,0,27,38,35,5,5,10,10,0,0,0,0,0,0,2,0,1,2,0,0,0,0,0,0,0,0,,,1,27,37,27,8,2,0,0,0
BOS190909210,evt,1909-09-21,0,BOS06,R,1,BOS,CLE,1,1,0,0,1,36,30,7,11,15,1,0,1,0,6,,3,0,2,0,1,2,0,2,0,0,5,1,1,1,0,0,0,1,0,0,27,33,32,3,3,7,11,1,0,1,0,0,0,1,1,1,0,0,0,0,1,0,0,17,6,,,1,27,21,13,6,2,1,0,0
BOS190909210,box,1909-09-21,0,BOS06,R,1,BOS,CLE,1,1,0,0,1,,30,7,11,15,1,0,1,,6,,3,0,2,0,1,2,0,2,0,0,5,1,1,1,0,0,0,1,0,0,27,33,32,3,3,7,11,1,0,1,0,0,0,,1,1,0,0,0,0,1,0,0,0,0,,,1,27,40,27,11,2,1,0,0
BOS190909220,evt,1909-09-22,0,BOS06,R,1,BOS,CLE,1,1,0,0,1,35,28,3,7,7,0,0,0,0,2,,3,1,1,0,2,2,0,3,1,0,8,1,1,1,0,0,0,1,0,0,27,34,32,1,0,5,7,0,1,0,0,2,1,1,0,0,0,0,0,0,0,0,0,20,6,,,1,27,26,16,9,1,0,0,0
BOS190909220,box,1909-09-22,0,BOS06,R,1,BOS,CLE,1,1,0,0,1,,28,3,7,7,0,0,0,,2,,3,1,,0,2,2,0,3,1,0,8,1,1,1,0,0,0,1,0,0,27,34,32,1,0,5,7,0,1,0,0,2,1,,0,0,0,0,0,0,0,0,0,0,0,,,1,27,42,27,14,1,0,0,0
BOS190909230,evt,1909-09-23,0,BOS06,R,1,BOS,CLE,1,0,1,0,1,35,34,3,9,13,1,0,1,0,3,,1,0,7,0,0,0,0,0,2,0,5,1,1,0,0,0,1,0,1,0,27,40,36,7,7,15,16,1,0,0,0,2,0,10,0,0,1,1,0,0,0,0,0,10,2,,,1,27,31,20,11,0,0,0,0
BOS190909230,box,1909-09-23,0,BOS06,R,1,BOS,CLE,1,0,1,0,1,,34,3,9,13,1,0,1,,3,,1,0,7,0,0,0,0,0,2,0,5,1,1,0,0,0,1,0,1,0,27,40,36,7,7,15,16,1,0,0,0,2,0,10,0,0,1,1,0,0,0,0,0,0,0,,,1,27,45,27,18,0,0,0,0
BOS190909251,evt,1909-09-25,1,BOS06,R,1,BOS,SLA,1,1,0,0,1,36,25,3,9,9,0,0,0,0,3,,4,0,3,0,2,4,1,2,3,0,9,1,1,0,0,0,1,1,0,1,27,37,31,2,2,8,8,0,0,0,0,5,2,6,0,0,1,0,0,0,0,2,0,12,5,,,1,27,42,27,15,0,1,0,0
BOS190909251,box,1909-09-25,1,BOS06,R,1,BOS,SLA,1,1,0,0,1,,25,3,9,9,0,0,0,,3,,4,0,3,0,2,4,1,2,3,0,9,1,1,0,0,0,1,1,0,1,27,37,31,2,2,8,8,0,0,0,0,5,2,6,0,0,1,0,0,0,0,0,0,0,0,,,1,27,42,27,15,0,1,0,0
BOS190909252,evt,1909-09-25,2,BOS06,R,1,BOS,SLA,1,1,0,0,1,42,36,4,11,15,2,1,0,0,4,,3,0,1,0,0,2,1,1,0,0,9,1,1,0,0,0,1,1,0,0,30,35,32,3,2,4,4,0,0,0,0,1,0,2,0,0,2,0,0,0,0,0,0,23,2,,,1,30,13,8,4,1,0,0,0
BOS190909252,box,1909-09-25,2,BOS06,R,1,BOS,SLA,1,1,0,0,1,,36,4,11,15,2,1,0,,4,,3,0,,0,0,2,1,1,0,0,9,1,1,0,0,0,1,1,0,0,30,35,32,3,2,4,4,0,0,0,0,1,0,,0,0,2,0,0,0,0,0,0,0,0,,,1,30,47,30,16,1,0,0,0
BOS190909291,evt,1909-09-29,1,BOS06,R,1,BOS,DET,1,0,1,0,1,31,29,0,2,2,0,0,0,0,0,,0,0,3,0,2,0,0,0,1,0,4,1,1,0,0,0,1,0,1,0,27,39,29,5,5,7,10,0,0,1,0,7,1,7,0,2,1,0,0,0,0,1,0,11,2,,,1,27,46,27,18,1,1,0,1
BOS190909291,box,1909-09-29,1,BOS06,R,1,BOS,DET,1,0,1,0,1,,29,0,2,2,0,0,0,,0,,0,0,3,0,2,0,0,0,1,0,4,1,1,0,0,0,1,0,1,0,27,39,29,5,5,7,10,0,0,1,0,7,1,7,0,2,1,0,0,0,0,0,0,0,0,,,1,27,46,27,18,1,1,0,1
BOS190909292,evt,1909-09-29,2,BOS06,R,1,BOS,DET,1,0,1,0,1,38,34,3,11,11,0,0,0,0,3,,3,0,5,1,0,0,1,1,1,0,8,1,1,0,0,0,1,0,1,0,27,42,32,8,4,11,15,0,2,0,0,7,0,5,2,0,3,0,0,0,0,1,0,7,8,,,1,27,42,27,13,2,2,0,1
BOS190909292,box,1909-09-29,2,BOS06,R,1,BOS,DET,1,0,1,0,1,,34,3,11,11,0,0,0,,3,,3,0,5,1,0,0,1,1,1,0,8,1,1,0,0,0,1,0,1,0,27,42,32,8,4,11,15,0,2,0,0,7,0,5,2,0,3,0,0,0,0,0,0,0,0,,,1,27,42,27,13,2,2,0,1
BOS190909300,evt,1909-09-30,0,BOS06,R,1,BOS,DET,1,1,0,0,1,35,31,9,13,15,0,1,0,0,9,,3,0,2,0,0,1,0,3,4,0,2,1,1,0,0,0,1,1,0,0,27,43,35,7,7,11,12,1,0,0,0,7,1,4,0,0,1,0,0,1,0,0,0,10,9,,,1,27,41,27,13,1,0,0,3
BOS190909300,box,1909-09-30,0,BOS06,R,1,BOS,DET,1,1,0,0,1,,31,9,13,15,0,1,0,,9,,3,0,2,0,0,1,0,3,4,0,2,1,1,0,0,0,1,1,0,0,27,43,35,7,7,11,12,1,0,0,0,7,1,4,0,0,1,0,0,1,0,0,0,0,0,,,1,27,41,27,13,1,0,0,3
BOS190910010,evt,1909-10-01,0,BOS06,R,1,BOS,DET,1,1,0,0,1,40,39,9,18,25,1,0,2,0,9,,1,0,1,3,0,0,0,2,0,0,7,1,1,1,0,0,0,1,0,0,27,36,35,6,5,15,16,1,0,0,0,0,0,0,0,0,0,1,0,0,0,0,0,8,10,,,1,27,51,27,20,4,0,0,0
BOS190910010,box,1909-10-01,0,BOS06,R,1,BOS,DET,1,1,0,0,1,,39,9,18,25,1,0,2,,9,,1,0,1,3,0,0,0,2,0,0,7,1,1,1,0,0,0,1,0,0,27,36,35,6,5,15,16,1,0,0,0,0,0,0,0,0,0,1,0,0,0,0,0,0,0,,,1,27,51,27,20,4,0,0,0
BOS190910021,evt,1909-10-02,1,BOS06,R,1,BOS,NYA,1,0,1,0,1,42,38,5,8,9,1,0,0,0,4,,3,0,4,1,0,1,0,1,0,0,10,1,1,0,0,0,1,0,1,0,27,41,38,6,4,10,13,0,0,1,0,3,0,3,1,0,0,0,0,0,0,0,0,6,16,,,1,27,37,27,8,2,1,0,0
BOS190910021,box,1909-10-02,1,BOS06,R,1,BOS,NYA,1,0,1,0,1,,38,5,8,9,1,0,0,,4,,3,0,4,1,0,1,0,1,0,0,10,1,1,0,0,0,1,0,1,0,27,41,38,6,4,10,13,0,0,1,0,3,0,3,1,0,0,0,0,0,0,0,0,0,0,,,1,27,37,27,8,2,1,0,0
BOS190910022,evt,1909-10-02,2,BOS06,R,1,BOS,NYA,1,1,0,0,1,37,32,6,12,16,1,0,1,0,5,,2,0,4,0,0,2,1,2,1,0,7,1,1,0,0,0,1,1,0,1,27,35,33,1,1,8,8,0,0,0,0,2,0,3,0,0,0,0,0,1,0,0,0,15,6,,,1,27,48,27,20,1,0,0,0
BOS190910022,box,1909-10-02,2,BOS06,R,1,BOS,NYA,1,1,0,0,1,,32,6,12,16,1,0,1,,5,,2,0,4,0,0,2,1,2,1,0,7,1,1,0,0,0,1,1,0,1,27,35,33,1,1,8,8,0,0,0,0,2,0,3,0,0,0,0,0,1,0,0,0,0,0,,,1,27,48,27,20,1,0,0,0
NY1190904150,evt,1909-04-15,0,NYC10,R,0,BRO,NY1,1,1,0,0,1,47,45,3,7,12,3,1,0,0,2,,2,1,10,1,0,0,0,0,1,0,5,1,1,1,1,0,0,1,0,0,39,47,40,0,0,4,4,0,0,0,0,7,0,4,0,0,0,0,0,0,0,0,0,21,11,,,1,39,61,39,22,0,0,0,0
NY1190904150,box,1909-04-15,0,NYC10,R,0,BRO,NY1,1,1,0,0,1,,45,3,7,12,3,1,0,,2,,2,1,10,1,0,0,0,0,1,0,5,1,1,1,1,0,0,1,0,0,39,47,40,0,0,4,4,0,0,0,0,7,0,4,0,0,0,0,0,0,0,0,0,0,0,,,1,39,61,39,22,0,0,0,0
NY1190904160,evt,1909-04-16,0,NYC10,R,0,BRO,NY1,1,0,1,0,1,34,30,0,5,6,1,0,0,0,0,,3,0,4,1,0,1,0,1,0,0,7,1,1,0,0,0,1,0,1,0,24,33,29,3,3,7,7,0,0,0,0,3,1,5,0,0,1,0,0,0,0,2,1,3,13,,,1,24,31,24,6,1,1,0,0
NY1190904160,box,1909-04-16,0,NYC10,R,0,BRO,NY1,1,0,1,0,1,,30,0,5,6,1,0,0,,0,,3,0,4,1,0,1,0,1,0,0,7,1,1,0,0,0,1,0,1,0,24,33,29,3,3,7,7,0,0,0,0,3,1,5,0,0,1,0,0,0,0,0,0,0,0,,,1,24,31,24,6,1,1,0,0
BSN190904170,evt,1909-04-17,0,BOS05,R,0,BRO,BSN,1,0,1,0,1,38,36,1,9,10,1,0,0,0,0,,1,0,7,0,0,1,0,1,0,0,10,1,1,1,0,0,0,0,1,0,24,33,28,5,5,9,11,2,0,0,0,1,0,2,0,0,3,1,0,1,0,0,0,5,12,,,1,24,36,24,9,3,1,0,0
BSN190904170,box,1909-04-17,0,BOS05,R,0,BRO,BSN,1,0,1,0,1,,36,1,9,10,1,0,0,,0,,1,0,7,0,0,1,0,1,0,0,10,1,1,1,0,0,0,0,1,0,24,33,28,5,5,9,11,2,0,0,0,1,0,2,0,0,3,1,0,1,0,0,0,0,0,,,1,24,36,24,9,3,1,0,0
BSN190904191,evt,1909-04-19,1,BOS05,R,0,BRO,BSN,1,0,1,0,1,37,30,2,7,10,3,0,0,0,1,,4,0,2,1,1,2,0,0,0,0,8,1,1,1,0,0,0,0,1,0,25,35,34,3,3,11,18,2,1,1,0,1,0,6,0,0,0,0,0,0,0,0,0,11,5,,,1,25,41,25,15,1,0,0,0
BSN190904191,box,1909-04-19,1,BOS05,R,0,BRO,BSN,1,0,1,0,1,,30,2,7,10,3,0,0,,1,,4,0,2,1,1,2,0,0,0,0,8,1,1,1,0,0,0,0,1,0,25,35,34,3,3,11,18,2,1,1,0,1,0,6,0,0,0,0,0,0,0,0,0,0,0,,,1,25,41,25,15,1,0,0,0
BSN190904192,evt,1909-04-19,2,BOS05,R,0,BRO,BSN,1,1,0,0,1,38,34,5,10,12,2,0,0,0,3,,1,0,2,0,0,2,1,0,1,0,6,1,1,1,1,0,0,1,0,0,27,36,34,0,0,4,4,0,0,0,0,1,0,5,0,1,0,0,0,0,0,0,0,12,9,,,1,27,44,27,12,5,0,0,0
BSN190904192,box,1909-04-19,2,BOS05,R,0,BRO,BSN,1,1,0,0,1,,34,5,10,12,2,0,0,,3,,1,0,2,0,0,2,1,0,1,0,6,1,1,1,1,0,0,1,0,0,27,36,34,0,0,4,4,0,0,0,0,1,0,5,0,1,0,0,0,0,0,0,0,0,0,,,1,27,44,27,12,5,0,0,0
BRO190904220,evt,1909-04-22,0,NYC12,R,1,BRO,NY1,1,0,1,0,1,39,33,5,8,9,1,0,0,0,4,,2,0,4,1,0,4,0,1,1,0,7,1,1,1,0,0,0,0,1,0,27,43,39,8,6,11,15,1,0,1,0,3,0,2,0,0,1,0,0,0,0,0,0,14,8,,,1,27,45,27,13,5,0,0,0
BRO190904220,box,1909-04-22,0,NYC12,R,1,BRO,NY1,1,0,1,0,1,,33,5,8,9,1,0,0,,4,,2,0,4,1,0,4,0,1,1,0,7,1,1,1,0,0,0,0,1,0,27,43,39,8,6,11,15,1,0,1,0,3,0,2,0,0,1,0,0,0,0,0,0,0,0,,,1,27,45,27,13,5,0,0,0
BRO190904240,evt,1909-04-24,0,NYC12,R,1,BRO,NY1,1,1,0,0,1,31,24,2,5,8,3,0,0,0,1,,4,0,2,1,0,3,0,1,1,0,5,1,1,1,1,0,0,1,0,0,27,37,31,0,0,7,7,0,0,0,0,5,0,6,0,0,1,0,0,0,0,0,0,5,10,,,1,27,45,27,14,4,2,0,0
BRO190904240,box,1909-04-24,0,NYC12,R,1,BRO,NY1,1,1,0,0,1,,24,2,5,8,3,0,0,,1,,4,0,2,1,0,3,0,1,1,0,5,1,1,1,1,0,0,1,0,0,27,37,31,0,0,7,7,0,0,0,0,5,0,6,0,0,1,0,0,0,0,0,0,0,0,,,1,27,45,27,14,4,2,0,0
PHI190904260,evt,1909-04-26,0,PHI09,R,0,BRO,PHI,1,0,1,0,1,38,32,4,7,8,1,0,0,0,4,,4,0,6,1,1,0,1,0,0,0,7,1,1,1,0,0,0,0,1,0,24,40,38,6,4,13,18,5,0,0,0,0,0,3,0,0,2,0,0,0,0,0,0,8,9,,,1,24,41,24,12,5,1,0,0
PHI190904260,box,1909-04-26,0,PHI09,R,0,BRO,PHI,1,0,1,0,1,,32,4,7,8,1,0,0,,4,,4,0,6,1,1,0,1,0,0,0,7,1,1,1,0,0,0,0,1,0,24,40,38,6,4,13,18,5,0,0,0,0,0,3,0,0,2,0,0,0,0,0,0,0,0,,,1,24,41,24,12,5,1,0,0
PHI190904270,evt,1909-04-27,0,PHI09,R,0,BRO,PHI,1,0,1,0,1,38,35,2,9,11,0,1,0,0,1,,2,0,4,0,0,1,0,1,1,0,9,1,1,1,0,0,0,0,1,0,24,30,25,3,2,6,6,0,0,0,0,2,0,6,0,1,2,0,0,0,0,0,0,8,5,,,1,24,41,24,14,3,0,0,0
PHI190904270,box,1909-04-27,0,PHI09,R,0,BRO,PHI,1,0,1,0,1,,35,2,9,11,0,1,0,,1,,2,0,4,0,0,1,0,1,1,0,9,1,1,1,0,0,0,0,1,0,24,30,25,3,2,6,6,0,0,0,0,2,0,6,0,1,2,0,0,0,0,0,0,0,0,,,1,24,41,24,14,3,0,0,0
PHI190904280,evt,1909-04-28,0,PHI09,R,0,BRO,PHI,1,1,0,0,1,36,31,6,6,10,2,1,0,0,5,,3,0,4,0,0,1,1,3,1,0,3,1,1,1,0,0,0,1,0,0,27,40,29,1,1,8,8,0,0,0,0,6,0,5,0,1,3,1,0,0,0,0,0,5,12,,,1,27,37,27,10,0,0,0,0
PHI190904280,box,1909-04-28,0,PHI09,R,0,BRO,PHI,1,1,0,0,1,,31,6,6,10,2,1,0,,5,,3,0,4,0,0,1,1,3,1,0,3,1,1,1,0,0,0,1,0,0,27,40,29,1,1,8,8,0,0,0,0,6,0,5,0,1,3,1,0,0,0,0,0,0,0,,,1,27,37,27,10,0,0,0,0
BRO190905030,evt,1909-05-03,0,NYC12,R,1,BRO,BSN,1,0,1,0,1,42,37,7,10,12,2,0,0,0,5,,5,0,3,0,0,0,0,5,1,0,8,1,1,0,0,0,1,0,1,0,27,50,40,9,9,14,18,2,1,0,0,8,0,6,0,2,0,0,0,0,0,0,0,10,9,,,1,27,43,27,13,3,1,0,0
BRO190905030,box,1909-05-03,0,NYC12,R,1,BRO,BSN,1,0,1,0,1,,37,7,10,12,2,0,0,,5,,5,0,3,0,0,0,0,5,1,0,8,1,1,0,0,0,1,0,1,0,27,50,40,9,9,14,18,2,1,0,0,8,0,6,0,2,0,0,0,0,0,0,0,0,0,,,1,27,43,27,13,3,1,0,0
BRO190905041,evt,1909-05-04,1,NYC12,R,1,BRO,BSN,1,0,1,0,1,42,36,6,9,11,2,0,0,0,4,,4,0,2,0,0,1,1,3,0,0,9,1,1,0,0,0,1,0,1,0,27,40,32,7,7,8,9,1,0,0,0,4,0,4,0,1,2,1,0,1,0,0,0,5,14,,,1,27,34,27,6,1,1,0,0
BRO190905041,box,1909-05-04,1,NYC12,R,1,BRO,BSN,1,0,1,0,1,,36,6,9,11,2,0,0,,4,,4,0,2,0,0,1,1,3,0,0,9,1,1,0,0,0,1,0,1,0,27,40,32,7,7,8,9,1,0,0,0,4,0,4,0,1,2,1,0,1,0,0,0,0,0,,,1,27,35,27,7,1,1,0,0
BRO190905042,evt,1909-05-04,2,NYC12,R,1,BRO,BSN,1,1,0,0,1,35,30,5,9,10,1,0,0,0,5,,4,0,2,1,1,0,0,2,0,0,6,1,1,1,0,0,0,1,0,0,27,35,29,2,2,5,8,1,1,0,0,3,0,4,0,0,1,2,0,0,0,0,0,9,12,,,1,27,38,27,10,1,0,0,0
BRO190905042,box,1909-05-04,2,NYC12,R,1,BRO,BSN,1,1,0,0,1,,30,5,9,10,1,0,0,,5,,4,0,2,1,1,0,0,2,0,0,6,1,1,1,0,0,0,1,0,0,27,35,29,2,2,5,8,1,1,0,0,3,0,4,0,0,1,2,0,0,0,0,0,0,0,,,1,27,38,27,10,1,0,0,0
BRO190905050,evt,1909-05-05,0,NYC12,R,1,BRO,PHI,1,1,0,0,1,36,30,8,10,14,0,2,0,0,8,,5,0,7,0,0,1,0,1,2,0,4,1,1,1,0,0,0,1,0,0,27,38,35,3,2,8,10,0,1,0,0,1,0,8,0,1,1,0,0,0,0,0,0,10,7,,,1,27,40,27,11,2,0,0,0
BRO190905050,box,1909-05-05,0,NYC12,R,1,BRO,PHI,1,1,0,0,1,,30,8,10,14,0,2,0,,8,,5,0,7,0,0,1,0,1,2,0,4,1,1,1,0,0,0,1,0,0,27,38,35,3,2,8,10,0,1,0,0,1,0,8,0,1,1,0,0,0,0,0,0,0,0,,,1,27,40,27,11,2,0,0,0
BRO190905060,evt,1909-05-06,0,NYC12,R,1,BRO,PHI,1,1,0,0,1,34,30,7,7,10,1,1,0,0,5,,3,0,5,0,0,1,0,0,0,0,3,1,1,1,0,0,0,1,0,0,27,35,29,1,1,4,6,2,0,0,0,4,0,1,1,0,2,0,0,0,0,0,0,6,16,,,1,27,38,27,9,2,2,0,0
BRO190905060,box,1909-05-06,0,NYC12,R,1,BRO,PHI,1,1,0,0,1,,30,7,7,10,1,1,0,,5,,3,0,5,0,0,1,0,0,0,0,3,1,1,1,0,0,0,1,0,0,27,35,29,1,1,4,6,2,0,0,0,4,0,1,1,0,2,0,0,0,0,0,0,0,0,,,1,27,38,27,9,2,2,0,0
BRO190905070,evt,1909-05-07,0,NYC12,R,1,BRO,PHI,1,0,1,0,1,36,33,1,8,9,1,0,0,0,1,,2,0,8,0,1,0,0,1,2,0,8,1,1,0,0,0,1,0,1,0,27,36,31,4,3,9,11,2,0,0,0,3,0,6,2,0,2,0,0,0,0,0,0,10,5,,,1,27,43,27,15,1,2,0,1
BRO190905070,box,1909-05-07,0,NYC12,R,1,BRO,PHI,1,0,1,0,1,,33,1,8,9,1,0,0,,1,,2,0,8,0,1,0,0,1,2,0,8,1,1,0,0,0,1,0,1,0,27,36,31,4,3,9,11,2,0,0,0,3,0,6,2,0,2,0,0,0,0,0,0,0,0,,,1,27,43,27,15,1,2,0,1
BRO190905080,evt,1909-05-08,0,NYC12,R,1,BRO,PHI,1,0,1,0,1,38,35,2,8,8,0,0,0,0,2,,3,0,7,1,0,0,0,1,0,0,9,1,1,0,0,0,1,0,1,0,27,39,37,8,4,13,15,0,1,0,0,0,0,6,0,0,1,1,0,0,0,0,0,9,7,,,1,27,47,27,15,5,0,0,0
BRO190905080,box,1909-05-08,0,NYC12,R,1,BRO,PHI,1,0,1,0,1,,35,2,8,8,0,0,0,,2,,3,0,7,1,0,0,0,1,0,0,9,1,1,0,0,0,1,0,1,0,27,39,37,8,4,13,15,0,1,0,0,0,0,6,0,0,1,1,0,0,0,0,0,0,0,,,1,27,47,27,15,5,0,0,0
BRO190905100,evt,1909-05-10,0,NYC12,R,1,BRO,PHI,1,1,0,0,1,34,32,4,9,10,1,0,0,0,4,,2,0,2,0,0,0,0,1,0,0,6,1,1,1,0,0,0,1,0,0,27,37,35,2,2,7,8,1,0,0,0,2,0,3,0,0,0,0,0,0,0,0,0,8,14,,,1,27,39,27,9,3,0,0,0
BRO190905100,box,1909-05-10,0,NYC12,R,1,BRO,PHI,1,1,0,0,1,,32,4,9,10,1,0,0,,4,,2,0,2,0,0,0,0,1,0,0,6,1,1,1,0,0,0,1,0,0,27,37,35,2,2,7,8,1,0,0,0,2,0,3,0,0,0,0,0,0,0,0,0,0,0,,,1,27,39,27,9,3,0,0,0
BRO190905110,evt,1909-05-11,0,NYC12,R,1,BRO,SLN,1,1,0,0,1,34,31,2,7,12,3,1,0,0,2,,3,0,3,0,0,0,0,0,0,0,7,1,1,1,0,0,0,1,0,0,27,32,27,1,0,3,4,1,0,0,0,5,0,6,2,0,0,0,0,0,0,0,0,10,6,,,1,27,44,27,15,2,2,0,0
BRO190905110,box,1909-05-11,0,NYC12,R,1,BRO,SLN,1,1,0,0,1,,31,2,7,12,3,1,0,,2,,3,0,3,0,0,0,0,0,0,0,7,1,1,1,0,0,0,1,0,0,27,32,27,1,0,3,4,1,0,0,0,5,0,6,2,0,0,0,0,0,0,0,0,0,0,,,1,27,44,27,15,2,2,0,0
BRO190905120,evt,1909-05-12,0,NYC12,R,1,BRO,SLN,1,0,1,0,1,30,28,0,2,3,1,0,0,0,0,,2,0,2,0,0,0,0,0,1,0,3,1,1,1,0,0,0,0,1,0,27,46,37,10,9,13,15,0,1,0,0,7,0,5,0,0,2,0,0,1,0,0,0,10,6,,,1,27,45,27,16,2,0,0,0
BRO190905120,box,1909-05-12,0,NYC12,R,1,BRO,SLN,1,0,1,0,1,,28,0,2,3,1,0,0,,0,,2,0,2,0,0,0,0,0,1,0,3,1,1,1,0,0,0,0,1,0,27,46,37,10,9,13,15,0,1,0,0,7,0,5,0,0,2,0,0,1,0,0,0,0,0,,,1,27,45,27,16,2,0,0,0
BRO190905130,evt,1909-05-13,0,NYC12,R,1,BRO,SLN,1,1,0,0,1,32,31,2,6,11,0,1,1,0,2,,1,0,1,0,0,0,0,0,0,0,6,1,1,1,0,0,0,1,0,0,27,35,28,1,1,4,4,0,0,0,0,6,0,9,1,0,0,1,0,0,0,0,0,5,11,,,1,27,33,27,6,0,1,0,0
BRO190905130,box,1909-05-13,0,NYC12,R,1,BRO,SLN,1,1,0,0,1,,31,2,6,11,0,1,1,,2,,1,0,1,0,0,0,0,0,0,0,6,1,1,1,0,0,0,1,0,0,27,35,28,1,1,4,4,0,0,0,0,6,0,9,1,0,0,1,0,0,0,0,0,0,0,,,1,27,33,27,6,0,1,0,0
BRO190905140,evt,1909-05-14,0,NYC12,R,1,BRO,SLN,1,1,0,0,1,41,30,10,10,16,1,1,1,0,9,,7,0,2,0,0,3,1,1,1,0,7,1,1,1,0,0,0,1,0,0,27,36,30,4,1,6,6,0,0,0,0,5,0,1,0,0,0,1,0,1,0,0,0,12,12,,,1,27,42,27,14,1,1,0,0
BRO190905140,box,1909-05-14,0,NYC12,R,1,BRO,SLN,1,1,0,0,1,,30,10,10,16,1,1,1,,9,,7,0,2,0,0,3,1,1,1,0,7,1,1,1,0,0,0,1,0,0,27,36,30,4,1,6,6,0,0,0,0,5,0,1,0,0,0,1,0,1,0,0,0,0,0,,,1,27,41,27,13,1,1,0,0
BRO190905150,evt,1909-05-15,0,NYC12,R,1,BRO,PIT,1,0,1,0,1,38,35,5,8,12,2,1,0,0,5,,2,0,6,0,0,1,0,0,0,0,6,1,1,1,0,0,0,0,1,0,27,36,32,6,5,8,10,2,0,0,0,4,0,2,0,0,0,0,0,0,0,0,0,9,9,,,1,27,46,27,17,2,1,0,0
BRO190905150,box,1909-05-15,0,NYC12,R,1,BRO,PIT,1,0,1,0,1,,35,5,8,12,2,1,0,,5,,2,0,6,0,0,1,0,0,0,0,6,1,1,1,0,0,0,0,1,0,27,36,32,6,5,8,10,2,0,0,0,4,0,2,0,0,0,0,0,0,0,0,0,0,0,,,1,27,46,27,17,2,1,0,0
BRO190905170,evt,1909-05-17,0,NYC12,R,1,BRO,PIT,1,0,1,0,1,35,33,1,6,6,0,0,0,0,0,,2,0,3,0,0,0,0,0,1,0,7,1,1,0,0,0,1,0,1,0,27,50,36,11,7,11,14,1,1,0,0,10,0,5,0,0,4,0,0,1,0,0,0,8,8,,,1,27,45,27,14,4,1,0,0
BRO190905170,box,1909-05-17,0,NYC12,R,1,BRO,PIT,1,0,1,0,1,,33,1,6,6,0,0,0,,0,,2,0,3,0,0,0,0,0,1,0,7,1,1,0,0,0,1,0,1,0,27,50,36,11,7,11,14,1,1,0,0,10,0,5,0,0,4,0,0,1,0,0,0,0,0,,,1,27,45,27,14,4,1,0,0
BRO190905180,evt,1909-05-18,0,NYC12,R,1,BRO,PIT,1,0,1,0,1,46,39,5,14,17,1,1,0,0,4,,3,0,0,0,1,2,1,1,1,0,11,1,1,0,0,0,1,0,1,0,30,42,39,8,6,12,20,2,3,0,0,0,0,8,0,1,0,2,0,0,0,0,0,6,13,,,1,30,42,30,9,3,1,0,0
BRO190905180,box,1909-05-18,0,NYC12,R,1,BRO,PIT,1,0,1,0,1,,39,5,14,17,1,1,0,,4,,3,0,0,0,1,2,1,1,1,0,11,1,1,0,0,0,1,0,1,0,30,42,39,8,6,12,20,2,3,0,0,0,0,8,0,1,0,2,0,0,0,0,0,0,0,,,1,30,42,30,9,3,1,0,0
BRO190905190,evt,1909-05-19,0,NYC12,R,1,BRO,PIT,1,1,0,0,1,31,28,2,7,9,2,0,0,0,2,,1,0,1,0,0,2,0,0,1,0,5,1,1,1,1,0,0,1,0,0,27,30,28,0,0,2,2,0,0,0,0,1,0,6,0,0,1,0,0,0,0,0,0,9,11,,,1,27,38,27,11,0,0,0,0
BRO190905190,box,1909-05-19,0,NYC12,R,1,BRO,PIT,1,1,0,0,1,,28,2,7,9,2,0,0,,2,,1,0,1,0,0,2,0,0,1,0,5,1,1,1,1,0,0,1,0,0,27,30,28,0,0,2,2,0,0,0,0,1,0,6,0,0,1,0,0,0,0,0,0,0,0,,,1,27,38,27,11,0,0,0,0
BRO190905200,evt,1909-05-20,0,NYC12,R,1,BRO,CIN,1,1,0,0,1,31,26,3,7,9,2,0,0,0,3,,2,0,2,1,0,3,0,0,2,0,4,1,1,1,0,0,0,1,0,0,27,40,34,2,1,10,12,2,0,0,0,4,0,2,0,0,2,0,0,0,0,0,0,11,11,,,1,27,42,27,14,1,0,0,0
BRO190905200,box,1909-05-20,0,NYC12,R,1,BRO,CIN,1,1,0,0,1,,26,3,7,9,2,0,0,,3,,2,0,2,1,0,3,0,0,2,0,4,1,1,1,0,0,0,1,0,0,27,40,34,2,1,10,12,2,0,0,0,4,0,2,0,0,2,0,0,0,0,0,0,0,0,,,1,27,42,27,14,1,0,0,0
BRO190905240,evt,1909-05-24,0,NYC12,R,1,BRO,CHN,1,0,1,0,1,39,37,3,6,11,0,1,1,0,3,,1,0,5,0,0,1,0,0,1,0,3,1,1,1,0,0,0,0,1,0,33,41,40,4,2,9,16,2,1,1,0,1,0,7,0,0,0,0,0,0,0,0,0,9,13,,,1,33,49,33,13,3,2,0,0
BRO190905240,box,1909-05-24,0,NYC12,R,1,BRO,CHN,1,0,1,0,1,,37,3,6,11,0,1,1,,3,,1,0,5,0,0,1,0,0,1,0,3,1,1,1,0,0,0,0,1,0,33,41,40,4,2,9,16,2,1,1,0,1,0,7,0,0,0,0,0,0,0,0,0,0,0,,,1,33,49,33,13,3,2,0,0
BRO190905250,evt,1909-05-25,0,NYC12,R,1,BRO,CHN,1,0,1,0,1,38,31,3,7,8,1,0,0,0,2,,5,0,4,0,0,2,0,0,0,0,8,1,1,1,0,0,0,0,1,0,27,36,31,4,3,9,9,0,0,0,0,2,0,9,1,0,2,1,0,0,0,0,0,4,9,,,1,27,38,27,9,2,1,0,0
BRO190905250,box,1909-05-25,0,NYC12,R,1,BRO,CHN,1,0,1,0,1,,31,3,7,8,1,0,0,,2,,5,0,4,0,0,2,0,0,0,0,8,1,1,1,0,0,0,0,1,0,27,36,31,4,3,9,9,0,0,0,0,2,0,9,1,0,2,1,0,0,0,0,0,0,0,,,1,27,38,27,9,2,1,0,0
BRO190905260,evt,1909-05-26,0,NYC12,R,1,BRO,CHN,1,0,1,0,1,33,31,0,4,4,0,0,0,0,0,,2,0,10,0,0,0,0,0,0,0,6,1,1,1,0,0,0,0,1,0,27,34,31,2,2,7,8,1,0,0,0,2,0,2,0,0,1,0,0,1,0,0,0,10,10,,,1,27,40,27,12,1,0,0,1
BRO190905260,box,1909-05-26,0,NYC12,R,1,BRO,CHN,1,0,1,0,1,,31,0,4,4,0,0,0,,0,,2,0,10,0,0,0,0,0,0,0,6,1,1,1,0,0,0,0,1,0,27,34,31,2,2,7,8,1,0,0,0,2,0,2,0,0,1,0,0,1,0,0,0,0,0,,,1,27,40,27,12,1,0,0,1
BSN190905291,evt,1909-05-29,1,BOS05,R,0,BRO,BSN,1,1,0,0,1,35,32,4,5,8,1,1,0,0,3,,1,0,3,0,0,1,1,0,0,0,4,1,1,1,0,0,0,1,0,0,27,40,31,1,1,7,9,0,1,0,0,8,0,1,0,0,1,0,0,0,0,0,0,7,15,,,1,27,38,27,10,1,0,0,0
BSN190905291,box,1909-05-29,1,BOS05,R,0,BRO,BSN,1,1,0,0,1,,32,4,5,8,1,1,0,,3,,1,0,3,0,0,1,1,0,0,0,4,1,1,1,0,0,0,1,0,0,27,40,31,1,1,7,9,0,1,0,0,8,0,1,0,0,1,0,0,0,0,0,0,0,0,,,1,27,38,27,10,1,0,0,0
BSN190905292,evt,1909-05-29,2,BOS05,R,0,BRO,BSN,1,1,0,0,1,40,30,4,6,8,2,0,0,0,3,,4,0,4,0,1,4,1,0,0,0,9,1,1,1,0,0,0,1,0,0,27,34,32,1,1,6,7,1,0,0,0,2,0,3,0,0,0,0,0,0,0,0,0,13,10,,,1,27,42,27,15,0,0,0,0
BSN190905292,box,1909-05-29,2,BOS05,R,0,BRO,BSN,1,1,0,0,1,,30,4,6,8,2,0,0,,3,,4,0,4,0,1,4,1,0,0,0,9,1,1,1,0,0,0,1,0,0,27,34,32,1,1,6,7,1,0,0,0,2,0,3,0,0,0,0,0,0,0,0,0,0,0,,,1,27,42,27,15,0,0,0,0
BSN190905311,evt,1909-05-31,1,BOS05,R,0,BRO,BSN,1,0,1,0,1,34,30,0,9,9,0,0,0,0,0,,2,0,2,0,0,2,0,0,1,0,7,1,1,1,0,0,0,0,1,0,24,33,27,1,1,6,8,0,1,0,0,3,0,1,1,2,1,0,0,0,0,0,0,9,11,,,1,24,34,24,10,0,1,0,0
BSN190905311,box,1909-05-31,1,BOS05,R,0,BRO,BSN,1,0,1,0,1,,30,0,9,9,0,0,0,,0,,2,0,2,0,0,2,0,0,1,0,7,1,1,1,0,0,0,0,1,0,24,33,27,1,1,6,8,0,1,0,0,3,0,1,1,2,1,0,0,0,0,0,0,0,0,,,1,24,34,24,10,0,1,0,0
BSN190905312,evt,1909-05-31,2,BOS05,R,0,BRO,BSN,1,1,0,0,1,35,32,3,4,5,1,0,0,0,1,,3,0,6,0,0,0,0,1,0,0,5,1,1,1,1,0,0,1,0,0,27,34,30,0,0,5,6,1,0,0,0,3,0,7,0,0,1,0,0,0,0,0,0,10,7,,,1,27,41,27,13,1,0,0,0
BSN190905312,box,1909-05-31,2,BOS05,R,0,BRO,BSN,1,1,0,0,1,,32,3,4,5,1,0,0,,1,,3,0,6,0,0,0,0,1,0,0,5,1,1,1,1,0,0,1,0,0,27,34,30,0,0,5,6,1,0,0,0,3,0,7,0,0,1,0,0,0,0,0,0,0,0,,,1,27,41,27,13,1,0,0,0
NY1190906010,evt,1909-06-01,0,NYC10,R,0,BRO,NY1,1,0,1,0,1,35,31,2,5,5,0,0,0,0,2,,4,0,7,1,0,0,0,0,1,0,6,1,1,1,0,0,0,0,1,0,24,31,30,5,2,9,12,0,0,1,0,0,0,3,0,0,1,0,0,0,0,0,0,4,11,,,1,24,39,24,10,5,1,0,0
NY1190906010,box,1909-06-01,0,NYC10,R,0,BRO,NY1,1,0,1,0,1,,31,2,5,5,0,0,0,,2,,4,0,7,1,0,0,0,0,1,0,6,1,1,1,0,0,0,0,1,0,24,31,30,5,2,9,12,0,0,1,0,0,0,3,0,0,1,0,0,0,0,0,0,0,0,,,1,24,39,24,10,5,1,0,0
CIN190906030,evt,1909-06-03,0,CIN06,R,0,BRO,CIN,1,0,1,0,1,34,30,2,6,6,0,0,0,0,1,,2,0,10,0,0,2,0,0,2,0,5,1,1,0,0,0,1,0,1,0,24,35,29,6,6,9,13,4,0,0,0,2,0,2,1,3,1,0,0,0,0,0,0,9,9,,,1,24,36,24,12,0,2,0,0
CIN190906030,box,1909-06-03,0,CIN06,R,0,BRO,CIN,1,0,1,0,1,,30,2,6,6,0,0,0,,1,,2,0,10,0,0,2,0,0,2,0,5,1,1,0,0,0,1,0,1,0,24,35,29,6,6,9,13,4,0,0,0,2,0,2,1,3,1,0,0,0,0,0,0,0,0,,,1,24,36,24,12,0,2,0,0
CIN190906050,evt,1909-06-05,0,CIN06,R,0,BRO,CIN,1,0,1,0,1,41,36,4,11,12,1,0,0,0,4,,0,0,10,1,1,4,0,4,1,0,7,1,1,1,0,0,0,0,1,0,27,42,37,5,1,13,15,2,0,0,0,4,0,2,1,0,0,1,0,0,0,0,0,10,10,,,1,27,42,27,12,3,1,0,0
CIN190906050,box,1909-06-05,0,CIN06,R,0,BRO,CIN,1,0,1,0,1,,36,4,11,12,1,0,0,,4,,0,0,10,1,1,4,0,4,1,0,7,1,1,1,0,0,0,0,1,0,27,42,37,5,1,13,15,2,0,0,0,4,0,2,1,0,0,1,0,0,0,0,0,0,0,,,1,27,42,27,12,3,1,0,0
CIN190906061,evt,1909-06-06,1,CIN06,R,0,BRO,CIN,1,0,1,0,1,38,35,3,10,11,1,0,0,0,0,,3,0,3,3,0,0,0,0,1,0,8,1,1,1,0,0,0,0,1,0,24,34,28,5,5,9,9,0,0,0,0,5,0,2,0,0,1,0,0,0,0,0,0,12,5,,,1,24,15,10,4,1,2,0,0
CIN190906061,box,1909-06-06,1,CIN06,R,0,BRO,CIN,1,0,1,0,1,,35,3,10,11,1,0,0,,0,,3,0,3,3,0,0,0,0,1,0,8,1,1,1,0,0,0,0,1,0,24,34,28,5,5,9,9,0,0,0,0,5,0,2,0,0,1,0,0,0,0,0,0,0,0,,,1,24,37,24,12,1,2,0,0
CIN190906062,evt,1909-06-06,2,CIN06,R,0,BRO,CIN,1,0,1,0,1,44,39,3,8,11,1,1,0,0,3,,3,1,2,0,0,2,0,2,0,0,8,1,1,1,0,0,0,0,1,0,31,43,38,4,4,8,10,0,1,0,0,4,0,4,0,1,0,0,0,1,0,0,0,19,7,,,1,31,11,9,2,0,0,0,0
CIN190906062,box,1909-06-06,2,CIN06,R,0,BRO,CIN,1,0,1,0,1,,39,3,8,11,1,1,0,,3,,3,1,2,0,0,2,0,2,0,0,8,1,1,1,0,0,0,0,1,0,31,43,38,4,4,8,10,0,1,0,0,4,0,4,0,1,0,0,0,1,0,0,0,0,0,,,1,31,42,31,11,0,0,0,0
SLN190906070,evt,1909-06-07,0,STL05,R,0,BRO,SLN,1,1,0,0,1,34,31,2,6,7,1,0,0,0,2,,2,0,5,1,0,1,0,1,2,0,5,1,1,1,1,0,0,1,0,0,27,31,29,0,0,6,6,0,0,0,0,2,0,6,2,0,0,0,0,0,0,0,0,9,6,,,1,27,44,27,16,1,2,0,0
SLN190906070,box,1909-06-07,0,STL05,R,0,BRO,SLN,1,1,0,0,1,,31,2,6,7,1,0,0,,2,,2,0,5,1,0,1,0,1,2,0,5,1,1,1,1,0,0,1,0,0,27,31,29,0,0,6,6,0,0,0,0,2,0,6,2,0,0,0,0,0,0,0,0,0,0,,,1,27,44,27,16,1,2,0,0
SLN190906080,evt,1909-06-08,0,STL05,R,0,BRO,SLN,1,0,1,0,1,34,30,1,3,3,0,0,0,0,1,,3,0,1,0,0,1,0,2,0,0,6,1,1,0,0,0,1,0,1,0,24,38,30,7,7,11,14,1,1,0,0,6,0,3,0,1,1,0,0,0,0,0,0,10,6,,,1,24,26,18,8,0,0,0,1
SLN190906080,box,1909-06-08,0,STL05,R,0,BRO,SLN,1,0,1,0,1,,30,1,3,3,0,0,0,,1,,3,0,,0,0,1,0,2,0,0,6,1,1,0,0,0,1,0,1,0,24,38,30,7,7,11,14,1,1,0,0,6,0,3,0,1,1,0,0,0,0,0,0,0,0,,,1,24,36,24,12,0,0,0,1
SLN190906090,evt,1909-06-09,0,STL05,R,0,BRO,SLN,1,0,1,0,1,36,31,3,7,9,2,0,0,0,2,,3,0,2,0,0,2,0,0,1,0,6,1,1,1,0,0,0,0,1,0,24,38,34,4,4,11,14,3,0,0,0,3,0,3,1,1,0,0,0,0,0,0,0,10,8,,,1,24,37,22,12,3,1,0,0
SLN190906090,box,1909-06-09,0,STL05,R,0,BRO,SLN,1,0,1,0,1,,31,3,7,9,2,0,0,,2,,3,0,2,0,0,2,0,0,1,0,6,1,1,1,0,0,0,0,1,0,24,38,34,4,4,11,14,3,0,0,0,3,0,3,1,1,0,0,0,0,0,0,0,0,0,,,1,24,42,24,15,3,1,0,0
PIT190906110,evt,1909-06-11,0,PIT05,R,0,BRO,PIT,1,0,1,0,1,33,32,1,7,11,2,1,0,0,1,,0,0,3,1,0,0,1,0,0,0,5,1,1,1,0,0,0,0,1,0,24,40,38,8,6,13,19,4,1,0,0,1,0,3,0,0,1,0,0,0,0,0,0,13,6,,,1,24,41,24,15,2,0,0,0
PIT190906110,box,1909-06-11,0,PIT05,R,0,BRO,PIT,1,0,1,0,1,,32,1,7,11,2,1,0,,1,,0,0,3,1,0,0,1,0,0,0,5,1,1,1,0,0,0,0,1,0,24,40,38,8,6,13,19,4,1,0,0,1,0,3,0,0,1,0,0,0,0,0,0,0,0,,,1,24,41,24,15,2,0,0,0
PIT190906120,evt,1909-06-12,0,PIT05,R,0,BRO,PIT,1,0,1,0,1,34,34,1,8,8,0,0,0,0,1,,0,0,8,1,0,0,0,0,0,0,6,1,1,1,0,0,0,0,1,0,24,39,31,10,5,13,15,2,0,0,0,4,0,1,1,0,3,1,0,0,0,0,0,7,10,,,1,24,39,24,11,4,2,0,0
PIT190906120,box,1909-06-12,0,PIT05,R,0,BRO,PIT,1,0,1,0,1,,34,1,8,8,0,0,0,,1,,0,0,8,1,0,0,0,0,0,0,6,1,1,1,0,0,0,0,1,0,24,39,31,10,5,13,15,2,0,0,0,4,0,1,1,0,3,1,0,0,0,0,0,0,0,,,1,24,39,24,11,4,2,0,0
PIT190906140,evt,1909-06-14,0,PIT05,R,0,BRO,PIT,1,0,1,0,1,44,42,5,16,19,1,1,0,0,4,,1,0,3,0,0,1,0,1,0,0,12,1,1,1,0,0,0,0,1,0,24,37,31,7,3,10,14,2,1,0,0,6,0,3,0,0,0,0,0,0,0,0,0,7,10,,,1,24,41,24,16,1,0,0,0
PIT190906140,box,1909-06-14,0,PIT05,R,0,BRO,PIT,1,0,1,0,1,,42,5,16,19,1,1,0,,4,,1,0,3,0,0,1,0,1,0,0,12,1,1,1,0,0,0,0,1,0,24,37,31,7,3,10,14,2,1,0,0,6,0,3,0,0,0,0,0,0,0,0,0,0,0,,,1,24,41,24,16,1,0,0,0
PIT190906150,evt,1909-06-15,0,PIT05,R,0,BRO,PIT,1,0,1,0,1,38,37,2,12,16,2,1,0,0,2,,0,0,0,0,0,1,0,0,0,0,9,1,1,1,0,0,0,0,1,0,24,44,34,8,6,13,20,0,2,1,0,6,0,2,0,1,3,0,0,2,0,0,0,8,10,,,1,24,36,23,10,3,0,0,0
PIT190906150,box,1909-06-15,0,PIT05,R,0,BRO,PIT,1,0,1,0,1,,37,2,12,16,2,1,0,,2,,0,0,0,0,0,1,0,0,0,0,9,1,1,1,0,0,0,0,1,0,24,44,34,8,6,13,20,0,2,1,0,6,0,2,0,1,3,0,0,2,0,0,0,0,0,,,1,24,37,23,11,3,0,0,0
CHN190906160,evt,1909-06-16,0,CHI08,R,0,BRO,CHN,1,0,1,0,1,34,33,1,9,10,1,0,0,0,1,,0,0,3,1,0,0,1,1,0,0,6,1,1,1,0,0,0,0,1,0,24,30,25,3,3,6,7,1,0,0,0,2,0,5,0,0,3,0,0,0,0,0,0,7,6,,,1,24,37,24,12,1,1,0,0
CHN190906160,box,1909-06-16,0,CHI08,R,0,BRO,CHN,1,0,1,0,1,,33,1,9,10,1,0,0,,1,,0,0,3,1,0,0,1,1,0,0,6,1,1,1,0,0,0,0,1,0,24,30,25,3,3,6,7,1,0,0,0,2,0,5,0,0,3,0,0,0,0,0,0,0,0,,,1,24,37,24,12,1,1,0,0
CHN190906170,evt,1909-06-17,0,CHI08,R,0,BRO,CHN,1,0,1,0,1,35,32,2,7,9,2,0,0,0,2,,1,0,4,0,0,1,1,1,0,0,6,1,1,1,0,0,0,0,1,0,24,36,29,3,2,6,10,0,2,0,0,5,0,0,1,0,2,0,0,0,1,0,0,10,8,,,1,24,45,24,18,3,1,0,0
CHN190906170,box,1909-06-17,0,CHI08,R,0,BRO,CHN,1,0,1,0,1,,32,2,7,9,2,0,0,,2,,1,0,4,0,0,1,1,1,0,0,6,1,1,1,0,0,0,0,1,0,24,36,29,3,2,6,10,0,2,0,0,5,0,0,1,0,2,0,0,0,1,0,0,0,0,,,1,24,45,24,18,3,1,0,0
CHN190906190,evt,1909-06-19,0,CHI08,R,0,BRO,CHN,1,0,1,0,1,41,38,5,10,12,2,0,0,0,5,,2,0,2,0,1,0,0,0,0,0,9,1,1,0,0,0,1,0,1,0,24,40,34,10,7,14,16,0,1,0,0,1,0,4,0,0,4,1,0,1,1,0,0,3,10,,,1,24,39,24,9,6,1,0,0
CHN190906190,box,1909-06-19,0,CHI08,R,0,BRO,CHN,1,0,1,0,1,,38,5,10,12,2,0,0,,5,,2,0,2,0,1,0,0,0,0,0,9,1,1,0,0,0,1,0,1,0,24,40,34,10,7,14,16,0,1,0,0,1,0,4,0,0,4,1,0,1,1,0,0,0,0,,,1,24,39,24,9,6,1,0,0
CHN190906200,evt,1909-06-20,0,CHI08,R,0,BRO,CHN,1,0,1,0,1,30,28,1,3,3,0,0,0,0,1,,1,0,5,0,0,1,0,0,1,0,2,1,1,1,0,0,0,0,1,0,24,36,32,6,5,8,15,2,1,1,0,3,0,4,0,0,1,0,0,0,0,0,0,12,5,,,1,24,19,12,3,4,1,0,0
CHN190906200,box,1909-06-20,0,CHI08,R,0,BRO,CHN,1,0,1,0,1,,28,1,3,3,0,0,0,,1,,1,0,5,0,0,1,0,0,1,0,2,1,1,1,0,0,0,0,1,0,24,36,32,6,5,8,15,2,1,1,0,3,0,4,0,0,1,0,0,0,0,0,0,0,0,,,1,24,37,24,9,4,1,0,0
BRO190906231,evt,1909-06-23,1,NYC12,R,1,BRO,PHI,1,1,0,0,1,32,30,2,6,7,1,0,0,0,1,,2,0,5,0,0,0,0,3,1,0,6,1,1,1,1,0,0,1,0,0,27,34,26,0,0,3,3,0,0,0,0,6,0,5,0,0,2,0,0,1,0,0,0,7,10,,,1,27,38,27,11,0,0,0,0
BRO190906231,box,1909-06-23,1,NYC12,R,1,BRO,PHI,1,1,0,0,1,,30,2,6,7,1,0,0,,1,,2,0,5,0,0,0,0,3,1,0,6,1,1,1,1,0,0,1,0,0,27,34,26,0,0,3,3,0,0,0,0,6,0,5,0,0,2,0,0,1,0,0,0,0,0,,,1,27,38,27,11,0,0,0,0
BRO190906232,evt,1909-06-23,2,NYC12,R,1,BRO,PHI,1,1,0,0,1,35,29,5,8,12,2,1,0,0,4,,5,0,4,0,0,1,0,2,2,0,6,1,1,1,0,0,0,1,0,0,27,35,32,1,1,7,8,1,0,0,0,1,0,5,1,0,2,0,0,1,0,0,0,8,11,,,1,27,40,27,11,2,1,0,0
BRO190906232,box,1909-06-23,2,NYC12,R,1,BRO,PHI,1,1,0,0,1,,29,5,8,12,2,1,0,,4,,5,0,4,0,0,1,0,2,2,0,6,1,1,1,0,0,0,1,0,0,27,35,32,1,1,7,8,1,0,0,0,1,0,5,1,0,2,0,0,1,0,0,0,0,0,,,1,27,40,27,11,2,1,0,0
BRO190906240,evt,1909-06-24,0,NYC12,R,1,BRO,PHI,1,1,0,0,1,36,32,6,12,20,0,4,0,0,6,,3,0,1,1,0,1,0,0,1,0,6,1,1,1,0,0,0,1,0,0,27,39,37,3,3,11,12,1,0,0,0,1,0,6,0,0,1,0,0,0,0,0,0,9,11,,,1,27,37,27,10,0,0,0,0
BRO190906240,box,1909-06-24,0,NYC12,R,1,BRO,PHI,1,1,0,0,1,,32,6,12,20,0,4,0,,6,,3,0,1,1,0,1,0,0,1,0,6,1,1,1,0,0,0,1,0,0,27,39,37,3,3,11,12,1,0,0,0,1,0,6,0,0,1,0,0,0,0,0,0,0,0,,,1,27,37,27,10,0,0,0,0
NY1190906251,evt,1909-06-25,1,NYC10,R,0,BRO,NY1,1,0,1,0,1,35,33,2,6,10,1,0,1,0,2,,2,0,2,0,0,0,0,0,0,0,6,1,1,0,0,0,1,0,1,0,24,34,25,4,4,5,12,1,0,2,0,7,0,1,0,0,0,2,0,2,0,0,0,8,13,,,1,24,35,24,11,0,0,0,0
NY1190906251,box,1909-06-25,1,NYC10,R,0,BRO,NY1,1,0,1,0,1,,33,2,6,10,1,0,1,,2,,2,0,2,0,0,0,0,0,0,0,6,1,1,0,0,0,1,0,1,0,24,34,25,4,4,5,12,1,0,2,0,7,0,1,0,0,0,2,0,2,0,0,0,0,0,,,1,24,35,24,11,0,0,0,0
NY1190906252,evt,1909-06-25,2,NYC10,R,0,BRO,NY1,1,0,1,0,1,33,31,1,7,8,1,0,0,0,1,,1,0,1,1,0,0,1,0,0,0,5,1,1,1,0,0,0,0,1,0,24,39,35,9,9,11,14,1,1,0,0,3,0,2,0,0,0,1,0,1,0,0,0,6,13,,,1,24,35,24,8,3,1,0,1
NY1190906252,box,1909-06-25,2,NYC10,R,0,BRO,NY1,1,0,1,0,1,,31,1,7,8,1,0,0,,1,,1,0,1,1,0,0,1,0,0,0,5,1,1,1,0,0,0,0,1,0,24,39,35,9,9,11,14,1,1,0,0,3,0,2,0,0,0,1,0,1,0,0,0,0,0,,,1,24,35,24,8,3,1,0,1
NY1190906260,evt,1909-06-26,0,NYC10,R,0,BRO,NY1,1,0,1,0,1,30,29,1,7,9,0,1,0,0,0,,0,0,3,1,0,1,0,0,2,0,2,1,1,1,0,0,0,0,1,0,24,30,27,2,1,6,7,1,0,0,0,2,0,7,0,0,1,0,0,0,0,0,0,5,8,,,1,24,35,24,8,3,2,0,0
NY1190906260,box,1909-06-26,0,NYC10,R,0,BRO,NY1,1,0,1,0,1,,29,1,7,9,0,1,0,,0,,0,0,3,1,0,1,0,0,2,0,2,1,1,1,0,0,0,0,1,0,24,30,27,2,1,6,7,1,0,0,0,2,0,7,0,0,1,0,0,0,0,0,0,0,0,,,1,24,35,24,8,3,2,0,0
BRO190906290,evt,1909-06-29,0,NYC12,R,1,BRO,NY1,1,0,1,0,1,36,33,2,7,7,0,0,0,0,2,,1,0,6,0,1,1,0,1,0,0,7,1,1,1,0,0,0,0,1,0,27,40,34,4,2,11,12,1,0,0,0,5,0,3,0,0,1,0,0,0,0,0,0,6,12,,,1,27,43,27,13,3,1,0,0
BRO190906290,box,1909-06-29,0,NYC12,R,1,BRO,NY1,1,0,1,0,1,,33,2,7,7,0,0,0,,2,,1,0,6,0,1,1,0,1,0,0,7,1,1,1,0,0,0,0,1,0,27,40,34,4,2,11,12,1,0,0,0,5,0,3,0,0,1,0,0,0,0,0,0,0,0,,,1,27,43,27,13,3,1,0,0
BRO190906301,evt,1909-06-30,1,NYC12,R,1,BRO,NY1,1,1,0,0,1,40,38,7,15,17,0,1,0,0,5,,1,0,6,0,0,1,0,1,0,0,9,1,1,1,0,0,0,1,0,0,27,36,31,2,2,6,7,1,0,0,0,2,0,3,0,1,1,1,0,0,0,0,0,11,9,,,1,27,46,27,18,1,1,0,0
BRO190906301,box,1909-06-30,1,NYC12,R,1,BRO,NY1,1,1,0,0,1,,38,7,15,17,0,1,0,,5,,1,0,6,0,0,1,0,1,0,0,9,1,1,1,0,0,0,1,0,0,27,36,31,2,2,6,7,1,0,0,0,2,0,3,0,1,1,1,0,0,0,0,0,0,0,,,1,27,46,27,18,1,1,0,0
BRO190906302,evt,1909-06-30,2,NYC12,R,1,BRO,NY1,1,0,1,0,1,29,29,0,4,5,1,0,0,0,0,,0,0,8,0,0,0,0,1,2,0,2,1,1,1,0,0,0,0,1,0,27,38,34,3,3,10,10,0,0,0,0,4,0,2,1,0,0,0,0,0,0,0,0,10,11,,,1,27,40,27,13,0,1,0,0
BRO190906302,box,1909-06-30,2,NYC12,R,1,BRO,NY1,1,0,1,0,1,,29,0,4,5,1,0,0,,0,,0,0,8,0,0,0,0,1,2,0,2,1,1,1,0,0,0,0,1,0,27,38,34,3,3,10,10,0,0,0,0,4,0,2,1,0,0,0,0,0,0,0,0,0,0,,,1,27,40,27,13,0,1,0,0
BRO190907020,evt,1909-07-02,0,NYC12,R,1,BRO,NY1,1,0,1,0,1,39,31,3,7,11,2,1,0,0,3,,4,0,5,1,0,2,2,1,0,0,9,1,1,1,0,0,0,0,1,0,27,40,34,5,5,10,12,0,1,0,0,4,0,2,0,0,1,1,0,0,0,0,0,8,14,,,1,27,40,27,12,1,0,0,0
BRO190907020,box,1909-07-02,0,NYC12,R,1,BRO,NY1,1,0,1,0,1,,31,3,7,11,2,1,0,,3,,4,0,5,1,0,2,2,1,0,0,9,1,1,1,0,0,0,0,1,0,27,40,34,5,5,10,12,0,1,0,0,4,0,2,0,0,1,1,0,0,0,0,0,0,0,,,1,27,40,27,12,1,0,0,0
BRO190907031,evt,1909-07-03,1,NYC12,R,1,BRO,NY1,1,0,1,0,1,51,50,3,9,12,1,1,0,0,2,,0,0,8,0,0,1,0,2,0,0,6,1,1,1,0,0,0,0,1,0,42,54,47,5,4,7,9,2,0,0,0,4,0,4,1,2,1,0,0,1,0,0,0,19,13,,,1,42,66,42,22,2,2,0,0
BRO190907031,box,1909-07-03,1,NYC12,R,1,BRO,NY1,1,0,1,0,1,,50,3,9,12,1,1,0,,2,,0,0,8,0,0,1,0,2,0,0,6,1,1,1,0,0,0,0,1,0,42,54,47,5,4,7,9,2,0,0,0,4,0,4,1,2,1,0,0,1,0,0,0,0,0,,,1,42,66,42,22,2,2,0,0
BRO190907032,evt,1909-07-03,2,NYC12,R,1,BRO,NY1,1,0,1,0,1,35,33,1,7,11,0,2,0,0,1,,2,0,10,0,0,0,0,0,1,0,7,1,1,1,0,0,0,0,1,0,27,34,31,2,1,5,6,1,0,0,0,2,0,8,0,0,0,1,0,0,0,0,0,10,9,,,1,27,39,27,10,2,0,0,0
BRO190907032,box,1909-07-03,2,NYC12,R,1,BRO,NY1,1,0,1,0,1,,33,1,7,11,0,2,0,,1,,2,0,10,0,0,0,0,0,1,0,7,1,1,1,0,0,0,0,1,0,27,34,31,2,1,5,6,1,0,0,0,2,0,8,0,0,0,1,0,0,0,0,0,0,0,,,1,27,38,27,9,2,0,0,0
BRO190907051,evt,1909-07-05,1,NYC12,R,1,BRO,BSN,1,0,1,0,1,33,29,1,6,7,1,0,0,0,0,,3,0,4,1,0,1,0,2,1,0,5,1,1,1,0,0,0,0,1,0,27,36,28,5,4,7,9,0,1,0,0,5,0,4,1,0,2,1,0,0,0,0,0,10,8,,,1,27,41,27,13,1,1,0,0
BRO190907051,box,1909-07-05,1,NYC12,R,1,BRO,BSN,1,0,1,0,1,,29,1,6,7,1,0,0,,0,,3,0,4,1,0,1,0,2,1,0,5,1,1,1,0,0,0,0,1,0,27,36,28,5,4,7,9,0,1,0,0,5,0,4,1,0,2,1,0,0,0,0,0,0,0,,,1,27,42,27,14,1,1,0,0
BRO190907052,evt,1909-07-05,2,NYC12,R,1,BRO,BSN,1,1,0,0,1,34,33,3,9,11,0,1,0,0,3,,0,0,5,0,0,1,0,1,0,0,7,1,1,1,0,0,0,1,0,0,27,39,37,1,1,11,11,0,0,0,0,2,0,3,0,0,0,0,0,0,0,0,0,13,10,,,1,27,41,27,14,0,0,0,0
BRO190907052,box,1909-07-05,2,NYC12,R,1,BRO,BSN,1,1,0,0,1,,33,3,9,11,0,1,0,,3,,0,0,5,0,0,1,0,1,0,0,7,1,1,1,0,0,0,1,0,0,27,39,37,1,1,11,11,0,0,0,0,2,0,3,0,0,0,0,0,0,0,0,0,0,0,,,1,27,41,27,14,0,0,0,0
BRO190907060,evt,1909-07-06,0,NYC12,R,1,BRO,BSN,1,1,0,0,1,29,26,2,7,11,0,2,0,0,2,,1,0,2,0,0,1,1,1,0,0,3,1,1,1,0,0,0,1,0,0,27,35,32,1,0,3,5,0,1,0,0,3,0,3,0,0,0,0,0,0,0,0,0,17,8,,,1,27,46,27,16,3,0,0,0
BRO190907060,box,1909-07-06,0,NYC12,R,1,BRO,BSN,1,1,0,0,1,,26,2,7,11,0,2,0,,2,,1,0,2,0,0,1,1,1,0,0,3,1,1,1,0,0,0,1,0,0,27,35,32,1,0,3,5,0,1,0,0,3,0,3,0,0,0,0,0,0,0,0,0,0,0,,,1,27,45,27,15,3,0,0,0
BRO190907071,evt,1909-07-07,1,NYC12,R,1,BRO,BSN,1,1,0,0,1,35,29,7,7,17,2,1,2,0,6,,4,0,0,0,0,2,0,0,0,0,4,1,1,0,0,0,1,1,0,1,27,45,33,4,4,8,10,0,1,0,0,9,0,6,0,1,1,1,0,2,0,1,0,16,4,,,1,27,14,12,2,0,0,0,0
BRO190907071,box,1909-07-07,1,NYC12,R,1,BRO,BSN,1,1,0,0,1,,29,7,7,17,2,1,2,,6,,4,0,0,0,0,2,0,0,0,0,4,1,1,0,0,0,1,1,0,1,27,45,33,4,4,8,10,0,1,0,0,9,0,6,0,1,1,1,0,2,0,0,0,0,0,,,1,27,41,27,14,0,0,0,0
BRO190907072,evt,1909-07-07,2,NYC12,R,1,BRO,BSN,1,1,0,0,1,35,31,5,9,11,2,0,0,0,4,,1,0,3,1,0,3,0,1,0,0,6,1,1,1,0,0,0,1,0,0,27,36,32,1,1,8,9,1,0,0,0,1,0,5,1,1,2,0,0,0,0,0,0,6,12,,,1,27,37,27,9,1,1,0,0
BRO190907072,box,1909-07-07,2,NYC12,R,1,BRO,BSN,1,1,0,0,1,,31,5,9,11,2,0,0,,4,,1,0,3,1,0,3,0,1,0,0,6,1,1,1,0,0,0,1,0,0,27,36,32,1,1,8,9,1,0,0,0,1,0,5,1,1,2,0,0,0,0,0,0,0,0,,,1,27,37,27,9,1,1,0,0
BRO190907080,evt,1909-07-08,0,NYC12,R,1,BRO,CIN,1,0,1,0,1,44,39,8,14,17,1,1,0,0,6,,4,0,4,1,0,1,0,0,0,0,9,1,1,1,0,0,0,0,1,0,27,42,33,9,7,11,13,2,0,0,0,5,0,2,1,0,2,2,0,1,0,0,0,11,9,,,1,27,46,27,15,4,2,0,0
BRO190907080,box,1909-07-08,0,NYC12,R,1,BRO,CIN,1,0,1,0,1,,39,8,14,17,1,1,0,,6,,4,0,4,1,0,1,0,0,0,0,9,1,1,1,0,0,0,0,1,0,27,42,33,9,7,11,13,2,0,0,0,5,0,2,1,0,2,2,0,1,0,0,0,0,0,,,1,27,46,27,15,4,2,0,0
BRO190907090,evt,1909-07-09,0,NYC12,R,1,BRO,CIN,1,0,1,0,1,40,35,3,6,8,0,1,0,0,3,,5,2,5,1,0,0,0,2,1,0,7,1,1,1,0,0,0,0,1,0,30,42,38,6,4,13,20,2,1,1,0,1,0,8,0,0,2,1,0,1,0,0,0,12,4,,,1,30,50,30,18,2,0,0,0
BRO190907090,box,1909-07-09,0,NYC12,R,1,BRO,CIN,1,0,1,0,1,,35,3,6,8,0,1,0,,3,,5,2,5,1,0,0,0,2,1,0,7,1,1,1,0,0,0,0,1,0,30,42,38,6,4,13,20,2,1,1,0,1,0,8,0,0,2,1,0,1,0,0,0,0,0,,,1,30,50,30,18,2,0,0,0
BRO190907101,evt,1909-07-10,1,NYC12,R,1,BRO,CIN,1,0,1,0,1,31,28,0,1,1,0,0,0,0,0,,3,0,3,0,0,0,0,0,0,0,4,1,1,1,0,0,0,0,1,0,27,43,36,8,8,14,18,4,0,0,0,4,0,4,1,0,2,1,0,0,0,0,0,9,9,,,1,27,42,27,14,1,2,0,0
BRO190907101,box,1909-07-10,1,NYC12,R,1,BRO,CIN,1,0,1,0,1,,28,0,1,1,0,0,0,,0,,3,0,3,0,0,0,0,0,0,0,4,1,1,1,0,0,0,0,1,0,27,43,36,8,8,14,18,4,0,0,0,4,0,4,1,0,2,1,0,0,0,0,0,0,0,,,1,27,42,27,14,1,2,0,0
BRO190907102,evt,1909-07-10,2,NYC12,R,1,BRO,CIN,1,0,1,0,1,33,31,1,5,5,0,0,0,0,1,,2,0,6,0,0,0,0,0,1,0,5,1,1,1,0,0,0,0,1,0,27,32,29,2,0,7,7,0,0,0,0,0,0,8,0,0,3,0,0,0,0,0,0,2,12,,,1,27,38,27,8,3,0,0,0
BRO190907102,box,1909-07-10,2,NYC12,R,1,BRO,CIN,1,0,1,0,1,,31,1,5,5,0,0,0,,1,,2,0,6,0,0,0,0,0,1,0,5,1,1,1,0,0,0,0,1,0,27,32,29,2,0,7,7,0,0,0,0,0,0,8,0,0,3,0,0,0,0,0,0,0,0,,,1,27,38,27,8,3,0,0,0
BRO190907121,evt,1909-07-12,1,NYC12,R,1,BRO,CIN,1,0,1,0,1,36,32,1,9,12,1,1,0,0,1,,3,0,2,2,0,0,1,0,0,0,8,1,1,0,0,0,1,0,1,0,27,44,37,11,10,13,27,3,1,3,0,4,0,4,0,1,1,1,0,0,0,2,1,9,10,,,1,27,42,27,13,2,0,0,0
BRO190907121,box,1909-07-12,1,NYC12,R,1,BRO,CIN,1,0,1,0,1,,32,1,9,12,1,1,0,,1,,3,0,2,2,0,0,1,0,0,0,8,1,1,0,0,0,1,0,1,0,27,44,37,11,10,13,27,3,1,3,0,4,0,4,0,1,1,1,0,0,0,0,0,0,0,,,1,27,42,27,13,2,0,0,0
BRO190907122,evt,1909-07-12,2,NYC12,R,1,BRO,CIN,1,1,0,0,1,38,32,5,7,12,3,1,0,0,4,,5,0,3,0,0,1,0,0,1,0,7,1,1,1,0,0,0,1,0,0,27,35,32,4,3,5,10,1,2,0,0,2,0,1,0,1,0,0,0,0,0,0,0,15,11,,,1,27,44,27,16,1,0,0,0
BRO190907122,box,1909-07-12,2,NYC12,R,1,BRO,CIN,1,1,0,0,1,,32,5,7,12,3,1,0,,4,,5,0,3,0,0,1,0,0,1,0,7,1,1,1,0,0,0,1,0,0,27,35,32,4,3,5,10,1,2,0,0,2,0,1,0,1,0,0,0,0,0,0,0,0,0,,,1,27,44,27,16,1,0,0,0
BRO190907130,evt,1909-07-13,0,NYC12,R,1,BRO,PIT,1,0,1,0,1,32,29,0,4,4,0,0,0,0,0,,1,0,4,0,1,1,0,0,1,0,5,1,1,1,0,0,0,0,1,0,27,37,32,3,3,7,9,2,0,0,0,3,0,1,0,0,1,1,0,1,0,0,0,12,12,,,1,27,40,27,13,0,0,0,0
BRO190907130,box,1909-07-13,0,NYC12,R,1,BRO,PIT,1,0,1,0,1,,29,0,4,4,0,0,0,,0,,1,0,4,0,1,1,0,0,1,0,5,1,1,1,0,0,0,0,1,0,27,37,32,3,3,7,9,2,0,0,0,3,0,1,0,0,1,1,0,1,0,0,0,0,0,,,1,27,40,27,13,0,0,0,0
BRO190907140,evt,1909-07-14,0,NYC12,R,1,BRO,PIT,1,0,1,0,1,34,34,2,9,11,2,0,0,0,2,,0,0,5,1,0,0,0,0,0,0,5,1,1,1,0,0,0,0,1,0,27,36,33,7,4,7,12,2,0,1,0,3,0,4,1,0,0,0,0,0,0,0,0,8,13,,,1,27,41,27,11,3,1,0,0
BRO190907140,box,1909-07-14,0,NYC12,R,1,BRO,PIT,1,0,1,0,1,,34,2,9,11,2,0,0,,2,,0,0,5,1,0,0,0,0,0,0,5,1,1,1,0,0,0,0,1,0,27,36,33,7,4,7,12,2,0,1,0,3,0,4,1,0,0,0,0,0,0,0,0,0,0,,,1,27,41,27,11,3,1,0,0
BRO190907150,evt,1909-07-15,0,NYC12,R,1,BRO,PIT,1,1,0,0,1,34,32,5,12,20,1,2,1,0,5,,1,0,3,0,0,1,0,4,0,0,5,1,1,1,0,0,0,1,0,0,27,38,35,1,1,7,8,1,0,0,0,3,0,3,0,0,0,0,0,0,0,0,0,10,11,,,1,27,42,27,12,3,1,0,0
BRO190907150,box,1909-07-15,0,NYC12,R,1,BRO,PIT,1,1,0,0,1,,32,5,12,20,1,2,1,,5,,1,0,3,0,0,1,0,4,0,0,5,1,1,1,0,0,0,1,0,0,27,38,35,1,1,7,8,1,0,0,0,3,0,3,0,0,0,0,0,0,0,0,0,0,0,,,1,27,42,27,12,3,1,0,0
BRO190907171,evt,1909-07-17,1,NYC12,R,1,BRO,CHN,1,1,0,0,1,32,29,1,8,10,2,0,0,0,1,,2,0,3,0,0,1,0,1,1,0,7,1,1,1,1,0,0,1,0,0,27,31,30,0,0,6,6,0,0,0,0,0,0,2,1,0,1,0,0,0,0,0,0,10,11,,,1,27,39,27,12,0,1,0,0
BRO190907171,box,1909-07-17,1,NYC12,R,1,BRO,CHN,1,1,0,0,1,,29,1,8,10,2,0,0,,1,,2,0,3,0,0,1,0,1,1,0,7,1,1,1,1,0,0,1,0,0,27,31,30,0,0,6,6,0,0,0,0,0,0,2,1,0,1,0,0,0,0,0,0,0,0,,,1,27,39,27,12,0,1,0,0
BRO190907172,evt,1909-07-17,2,NYC12,R,1,BRO,CHN,1,0,1,0,1,36,32,0,7,8,1,0,0,0,0,,4,0,4,1,0,0,0,0,1,0,9,1,1,1,0,0,0,0,1,0,27,39,36,4,3,13,15,2,0,0,0,1,0,5,1,0,2,0,0,0,0,0,0,8,8,,,1,27,39,27,10,2,1,0,0
BRO190907172,box,1909-07-17,2,NYC12,R,1,BRO,CHN,1,0,1,0,1,,32,0,7,8,1,0,0,,0,,4,0,4,1,0,0,0,0,1,0,9,1,1,1,0,0,0,0,1,0,27,39,36,4,3,13,15,2,0,0,0,1,0,5,1,0,2,0,0,0,0,0,0,0,0,,,1,27,39,27,10,2,1,0,0
BRO190907190,evt,1909-07-19,0,NYC12,R,1,BRO,CHN,1,0,1,0,1,30,28,0,2,2,0,0,0,0,0,,2,0,6,1,0,0,0,0,0,0,3,1,1,1,0,0,0,0,1,0,27,36,31,2,1,8,9,1,0,0,0,2,0,3,0,0,3,0,0,0,0,0,0,10,9,,,1,27,45,27,16,2,0,0,0
BRO190907190,box,1909-07-19,0,NYC12,R,1,BRO,CHN,1,0,1,0,1,,28,0,2,2,0,0,0,,0,,2,0,6,1,0,0,0,0,0,0,3,1,1,1,0,0,0,0,1,0,27,36,31,2,1,8,9,1,0,0,0,2,0,3,0,0,3,0,0,0,0,0,0,0,0,,,1,27,45,27,16,2,0,0,0
BRO190907200,evt,1909-07-20,0,NYC12,R,1,BRO,CHN,1,1,0,0,1,38,35,6,10,16,1,1,1,0,6,,3,0,5,0,0,0,0,1,1,0,6,1,1,0,0,0,1,1,0,1,27,37,33,5,3,8,10,0,1,0,0,2,0,3,2,0,1,1,0,0,0,1,0,11,10,,,1,27,39,27,10,2,2,0,0
BRO190907200,box,1909-07-20,0,NYC12,R,1,BRO,CHN,1,1,0,0,1,,35,6,10,16,1,1,1,,6,,3,0,5,0,0,0,0,1,1,0,6,1,1,0,0,0,1,1,0,1,27,37,33,5,3,8,10,0,1,0,0,2,0,3,2,0,1,1,0,0,0,0,0,0,0,,,1,27,39,27,10,2,2,0,0
BRO190907210,evt,1909-07-21,0,NYC12,R,1,BRO,CHN,1,0,1,0,1,38,34,2,10,14,4,0,0,0,2,,2,0,9,1,1,1,0,0,0,0,9,1,1,1,0,0,0,0,1,0,27,37,31,3,0,6,8,2,0,0,0,5,0,3,3,0,1,0,0,0,0,0,0,7,9,,,1,27,47,27,15,5,3,0,0
BRO190907210,box,1909-07-21,0,NYC12,R,1,BRO,CHN,1,0,1,0,1,,34,2,10,14,4,0,0,,2,,2,0,9,1,1,1,0,0,0,0,9,1,1,1,0,0,0,0,1,0,27,37,31,3,0,6,8,2,0,0,0,5,0,3,3,0,1,0,0,0,0,0,0,0,0,,,1,27,47,27,15,5,3,0,0
BRO190907241,evt,1909-07-24,1,NYC12,R,1,BRO,SLN,1,1,0,0,1,28,24,1,3,3,0,0,0,0,1,,2,0,4,0,0,2,0,1,1,0,3,1,1,1,1,0,0,1,0,0,27,35,29,0,0,4,7,1,1,0,0,4,0,1,0,0,2,0,0,0,0,0,0,10,14,,,1,27,38,27,11,0,0,0,0
BRO190907241,box,1909-07-24,1,NYC12,R,1,BRO,SLN,1,1,0,0,1,,24,1,3,3,0,0,0,,1,,2,0,4,0,0,2,0,1,1,0,3,1,1,1,1,0,0,1,0,0,27,35,29,0,0,4,7,1,1,0,0,4,0,1,0,0,2,0,0,0,0,0,0,0,0,,,1,27,38,27,11,0,0,0,0
BRO190907242,evt,1909-07-24,2,NYC12,R,1,BRO,SLN,1,1,0,0,1,29,28,1,4,6,0,1,0,0,1,,1,0,3,0,0,0,0,0,0,0,4,1,1,1,1,0,0,1,0,0,27,30,27,0,0,2,2,0,0,0,0,3,0,16,0,0,0,0,0,0,0,0,0,4,5,,,1,27,33,27,6,0,0,0,0
BRO190907242,box,1909-07-24,2,NYC12,R,1,BRO,SLN,1,1,0,0,1,,28,1,4,6,0,1,0,,1,,1,0,3,0,0,0,0,0,0,0,4,1,1,1,1,0,0,1,0,0,27,30,27,0,0,2,2,0,0,0,0,3,0,16,0,0,0,0,0,0,0,0,0,0,0,,,1,27,33,27,6,0,0,0,0
PHI190907260,evt,1909-07-26,0,PHI09,R,0,BRO,PHI,1,0,1,0,1,38,33,2,9,10,1,0,0,0,2,,5,0,6,2,0,0,0,0,1,0,9,1,1,1,0,0,0,0,1,0,24,35,28,7,6,11,14,1,1,0,0,2,0,1,0,2,3,0,0,0,0,0,0,8,7,,,1,24,41,24,15,2,0,0,0
PHI190907260,box,1909-07-26,0,PHI09,R,0,BRO,PHI,1,0,1,0,1,,33,2,9,10,1,0,0,,2,,5,0,6,2,0,0,0,0,1,0,9,1,1,1,0,0,0,0,1,0,24,35,28,7,6,11,14,1,1,0,0,2,0,1,0,2,3,0,0,0,0,0,0,0,0,,,1,24,41,24,15,2,0,0,0
PHI190907271,evt,1909-07-27,1,PHI09,R,0,BRO,PHI,1,0,1,0,1,31,31,0,7,8,1,0,0,0,0,,0,0,4,1,0,0,0,0,0,0,4,1,1,1,0,0,0,0,1,0,24,36,35,7,6,12,17,3,1,0,0,0,0,1,0,0,0,1,0,0,0,0,0,5,17,,,1,24,34,24,8,2,0,0,0
PHI190907271,box,1909-07-27,1,PHI09,R,0,BRO,PHI,1,0,1,0,1,,31,0,7,8,1,0,0,,0,,0,0,4,1,0,0,0,0,0,0,4,1,1,1,0,0,0,0,1,0,24,36,35,7,6,12,17,3,1,0,0,0,0,1,0,0,0,1,0,0,0,0,0,0,0,,,1,24,34,24,8,2,0,0,0
PHI190907272,evt,1909-07-27,2,PHI09,R,0,BRO,PHI,1,0,1,0,1,37,32,2,7,11,2,1,0,0,2,,2,0,3,0,1,2,0,1,0,0,8,1,1,1,0,0,0,0,1,0,25,35,31,3,1,12,12,0,0,0,0,1,0,5,2,2,1,0,0,0,0,0,0,7,5,,,1,25,41,25,14,2,2,0,0
PHI190907272,box,1909-07-27,2,PHI09,R,0,BRO,PHI,1,0,1,0,1,,32,2,7,11,2,1,0,,2,,2,0,3,0,1,2,0,1,0,0,8,1,1,1,0,0,0,0,1,0,25,35,31,3,1,12,12,0,0,0,0,1,0,5,2,2,1,0,0,0,0,0,0,0,0,,,1,25,41,25,14,2,2,0,0
PHI190907280,evt,1909-07-28,0,PHI09,R,0,BRO,PHI,1,1,0,0,1,36,30,4,5,5,0,0,0,0,3,,4,0,6,0,0,2,0,2,0,0,5,1,1,1,1,0,0,1,0,0,27,32,28,0,0,1,3,0,1,0,0,4,0,2,0,0,0,0,0,0,0,0,0,10,15,,,1,27,38,27,10,1,1,0,0
PHI190907280,box,1909-07-28,0,PHI09,R,0,BRO,PHI,1,1,0,0,1,,30,4,5,5,0,0,0,,3,,4,0,6,0,0,2,0,2,0,0,5,1,1,1,1,0,0,1,0,0,27,32,28,0,0,1,3,0,1,0,0,4,0,2,0,0,0,0,0,0,0,0,0,0,0,,,1,27,37,27,9,1,1,0,0
CIN190907300,evt,1909-07-30,0,CIN06,R,0,BRO,CIN,1,0,0,1,1,46,42,2,7,7,0,0,0,0,0,,3,0,3,0,0,1,0,0,1,0,5,1,1,0,0,0,1,0,0,0,39,51,39,2,2,8,9,1,0,0,0,6,1,2,0,0,6,0,0,0,0,0,0,22,6,,,1,39,26,16,8,2,0,0,0
CIN190907300,box,1909-07-30,0,CIN06,R,0,BRO,CIN,1,0,0,1,1,,42,2,7,7,0,0,0,,0,,3,0,3,0,0,1,0,0,1,0,5,1,1,0,0,0,1,0,0,0,39,51,39,2,2,8,9,1,0,0,0,6,1,,0,0,6,0,0,0,0,0,0,0,0,,,1,39,65,39,24,2,0,0,0
CIN190907310,evt,1909-07-31,0,CIN06,R,0,BRO,CIN,1,0,1,0,1,27,24,0,5,6,1,0,0,0,0,,1,0,3,1,0,2,0,1,2,0,3,1,1,1,0,0,0,0,1,0,22,26,21,1,1,3,5,2,0,0,0,3,0,0,0,0,2,0,0,0,0,0,0,8,9,,,1,22,35,22,12,1,0,0,0
CIN190907310,box,1909-07-31,0,CIN06,R,0,BRO,CIN,1,0,1,0,1,,24,0,5,6,1,0,0,,0,,1,0,3,1,0,2,0,1,2,0,3,1,1,1,0,0,0,0,1,0,22,26,21,1,1,3,5,2,0,0,0,3,0,0,0,0,2,0,0,0,0,0,0,0,0,,,1,22,35,22,12,1,0,0,0
CIN190908011,evt,1909-08-01,1,CIN06,R,0,BRO,CIN,1,1,0,0,1,37,32,3,8,12,2,1,0,0,2,,1,0,1,0,0,3,1,0,0,0,7,1,1,1,0,0,0,1,0,0,27,38,35,2,1,6,9,1,1,0,0,3,0,9,0,0,0,0,0,0,0,0,0,7,9,,,1,27,21,17,1,3,0,0,0
CIN190908011,box,1909-08-01,1,CIN06,R,0,BRO,CIN,1,1,0,0,1,,32,3,8,12,2,1,0,,2,,1,0,1,0,0,3,1,0,0,0,7,1,1,1,0,0,0,1,0,0,27,38,35,2,1,6,9,1,1,0,0,3,0,9,0,0,0,0,0,0,0,0,0,0,0,,,1,27,37,27,7,3,0,0,0
CIN190908012,evt,1909-08-01,2,CIN06,R,0,BRO,CIN,1,0,1,0,1,32,30,1,9,11,2,0,0,0,1,,1,0,5,0,0,1,0,0,4,0,4,1,1,1,0,0,0,0,1,0,24,32,28,3,0,6,6,0,0,0,0,2,0,3,0,0,1,1,0,0,0,0,0,16,3,,,1,24,12,8,2,2,0,0,0
CIN190908012,box,1909-08-01,2,CIN06,R,0,BRO,CIN,1,0,1,0,1,,30,1,9,11,2,0,0,,1,,1,0,5,0,0,1,0,0,4,0,4,1,1,1,0,0,0,0,1,0,24,32,28,3,0,6,6,0,0,0,0,2,0,3,0,0,1,1,0,0,0,0,0,0,0,,,1,24,38,24,12,2,0,0,0
PIT190908030,evt,1909-08-03,0,PIT06,R,0,BRO,PIT,1,0,1,0,1,34,34,1,6,7,1,0,0,0,1,,0,0,2,0,0,0,0,0,1,0,6,1,1,0,0,0,1,0,1,0,24,42,31,9,9,12,16,1,0,1,0,10,1,0,1,0,1,0,0,0,0,0,0,9,10,,,1,24,37,24,13,0,1,0,0
PIT190908030,box,1909-08-03,0,PIT06,R,0,BRO,PIT,1,0,1,0,1,,34,1,6,7,1,0,0,,1,,0,0,2,0,0,0,0,0,1,0,6,1,1,0,0,0,1,0,1,0,24,42,31,9,9,12,16,1,0,1,0,10,1,0,1,0,1,0,0,0,0,0,0,0,0,,,1,24,37,24,13,0,1,0,0
PIT190908040,evt,1909-08-04,0,PIT06,R,0,BRO,PIT,1,1,0,0,1,33,31,1,5,5,0,0,0,0,1,,0,0,4,0,0,2,0,1,0,0,5,1,1,1,1,0,0,1,0,0,27,33,29,0,0,4,4,0,0,0,0,2,1,3,1,0,2,0,0,0,0,0,0,10,10,,,1,27,41,27,12,2,1,0,0
PIT190908040,box,1909-08-04,0,PIT06,R,0,BRO,PIT,1,1,0,0,1,,31,1,5,5,0,0,0,,1,,0,0,4,0,0,2,0,1,0,0,5,1,1,1,1,0,0,1,0,0,27,33,29,0,0,4,4,0,0,0,0,2,1,3,1,0,2,0,0,0,0,0,0,0,0,,,1,27,41,27,12,2,1,0,0
PIT190908050,evt,1909-08-05,0,PIT06,R,0,BRO,PIT,1,1,0,0,1,40,37,4,12,17,3,1,0,0,4,,2,0,4,0,1,0,0,1,2,0,9,1,1,1,0,0,0,1,0,0,27,34,31,1,1,5,5,0,0,0,0,3,0,4,0,0,0,0,0,0,0,0,0,8,12,,,1,27,41,27,11,3,0,0,0
PIT190908050,box,1909-08-05,0,PIT06,R,0,BRO,PIT,1,1,0,0,1,,37,4,12,17,3,1,0,,4,,2,0,4,0,1,0,0,1,2,0,9,1,1,1,0,0,0,1,0,0,27,34,31,1,1,5,5,0,0,0,0,3,0,4,0,0,0,0,0,0,0,0,0,0,0,,,1,27,41,27,11,3,0,0,0
PIT190908060,evt,1909-08-06,0,PIT06,R,0,BRO,PIT,1,0,1,0,1,55,52,2,12,15,1,1,0,0,2,,1,0,7,0,1,0,1,0,1,0,11,1,1,1,0,0,0,0,1,0,39,52,41,3,2,8,10,0,1,0,0,5,0,5,1,0,6,0,0,0,0,0,0,10,17,,,1,39,59,39,18,2,1,0,0
PIT190908060,box,1909-08-06,0,PIT06,R,0,BRO,PIT,1,0,1,0,1,,52,2,12,15,1,1,0,,2,,1,0,7,0,1,0,1,0,1,0,11,1,1,1,0,0,0,0,1,0,39,52,41,3,2,8,10,0,1,0,0,5,0,5,1,0,6,0,0,0,0,0,0,0,0,,,1,39,59,39,18,2,1,0,0
CHN190908070,evt,1909-08-07,0,CHI08,R,0,BRO,CHN,1,0,1,0,1,32,32,2,5,7,2,0,0,0,2,,0,0,2,0,0,0,0,0,0,0,3,1,1,1,0,0,0,0,1,0,24,31,27,3,3,2,5,0,0,1,0,4,0,3,0,0,0,0,0,0,0,0,0,10,10,,,1,24,34,24,9,1,0,0,0
CHN190908070,box,1909-08-07,0,CHI08,R,0,BRO,CHN,1,0,1,0,1,,32,2,5,7,2,0,0,,2,,0,0,2,0,0,0,0,0,0,0,3,1,1,1,0,0,0,0,1,0,24,31,27,3,3,2,5,0,0,1,0,4,0,3,0,0,0,0,0,0,0,0,0,0,0,,,1,24,34,24,9,1,0,0,0
CHN190908080,evt,1909-08-08,0,CHI08,R,0,BRO,CHN,1,0,1,0,1,29,28,0,3,5,2,0,0,0,0,,0,0,7,0,0,1,0,0,0,0,2,1,1,1,0,0,0,0,1,0,24,33,27,7,4,6,11,1,2,0,0,2,0,1,0,0,3,1,0,0,0,0,0,14,4,,,1,24,16,9,3,4,1,0,0
CHN190908080,box,1909-08-08,0,CHI08,R,0,BRO,CHN,1,0,1,0,1,,28,0,3,5,2,0,0,,0,,0,0,7,0,0,1,0,0,0,0,2,1,1,1,0,0,0,0,1,0,24,33,27,7,4,6,11,1,2,0,0,2,0,1,0,0,3,1,0,0,0,0,0,0,0,,,1,24,40,24,12,4,1,0,0
CHN190908090,evt,1909-08-09,0,CHI08,R,0,BRO,CHN,1,1,0,0,1,33,28,2,4,6,0,1,0,0,1,,4,0,7,0,0,1,0,1,1,0,4,1,1,1,1,0,0,1,0,0,27,31,26,0,0,2,3,1,0,0,0,5,0,7,0,0,0,0,0,0,0,0,0,10,6,,,1,27,40,27,13,0,1,0,0
CHN190908090,box,1909-08-09,0,CHI08,R,0,BRO,CHN,1,1,0,0,1,,28,2,4,6,0,1,0,,1,,4,0,7,0,0,1,0,1,1,0,4,1,1,1,1,0,0,1,0,0,27,31,26,0,0,2,3,1,0,0,0,5,0,7,0,0,0,0,0,0,0,0,0,0,0,,,1,27,40,27,13,0,1,0,0
CHN190908100,evt,1909-08-10,0,CHI08,R,0,BRO,CHN,1,0,1,0,1,33,32,1,6,7,1,0,0,0,1,,1,0,4,2,0,0,0,0,0,0,5,1,1,0,0,0,1,0,1,0,24,36,26,8,5,7,10,1,1,0,0,5,0,3,0,0,5,0,0,0,0,1,1,6,9,,,1,24,38,24,12,2,1,0,0
CHN190908100,box,1909-08-10,0,CHI08,R,0,BRO,CHN,1,0,1,0,1,,32,1,6,7,1,0,0,,1,,1,0,4,2,0,0,0,0,0,0,5,1,1,0,0,0,1,0,1,0,24,36,26,8,5,7,10,1,1,0,0,5,0,3,0,0,5,0,0,0,0,0,0,0,0,,,1,24,39,24,13,2,1,0,0
SLN190908120,evt,1909-08-12,0,STL05,R,0,BRO,SLN,1,0,0,1,1,53,51,6,17,19,2,0,0,0,4,,1,0,1,0,0,1,0,2,2,0,11,1,1,0,0,0,1,0,0,0,36,52,41,6,6,9,17,1,2,1,0,7,0,1,0,1,1,2,0,0,0,0,0,24,7,,,1,36,37,21,14,2,0,0,0
SLN190908120,box,1909-08-12,0,STL05,R,0,BRO,SLN,1,0,0,1,1,,51,6,17,19,2,0,0,,4,,1,0,1,0,0,1,0,2,2,0,11,1,1,0,0,0,1,0,0,0,36,52,41,6,6,9,17,1,2,1,0,7,0,0,0,1,1,2,0,0,0,0,0,0,0,,,1,36,59,36,21,2,0,0,0
SLN190908130,evt,1909-08-13,0,STL05,R,0,BRO,SLN,1,0,1,0,1,35,31,4,8,12,2,1,0,0,4,,2,0,7,0,1,1,0,1,1,0,4,1,1,1,0,0,0,0,1,0,24,33,28,5,3,7,9,0,1,0,0,4,0,3,0,0,0,1,0,0,0,0,0,10,9,,,1,24,38,24,13,1,0,0,2
SLN190908130,box,1909-08-13,0,STL05,R,0,BRO,SLN,1,0,1,0,1,,31,4,8,12,2,1,0,,4,,2,0,7,0,1,1,0,1,1,0,4,1,1,1,0,0,0,0,1,0,24,33,28,5,3,7,9,0,1,0,0,4,0,3,0,0,0,1,0,0,0,0,0,0,0,,,1,24,37,24,12,1,0,0,2
SLN190908140,evt,1909-08-14,0,STL05,R,0,BRO,SLN,1,0,1,0,1,37,33,3,10,13,1,1,0,0,3,,1,0,5,0,0,1,2,2,1,0,7,1,1,1,0,0,0,0,1,0,25,33,30,4,4,8,11,1,1,0,0,2,0,1,0,0,0,1,0,0,0,0,0,11,10,,,1,25,24,17,6,1,0,0,0
SLN190908140,box,1909-08-14,0,STL05,R,0,BRO,SLN,1,0,1,0,1,,33,3,10,13,1,1,0,,3,,1,0,5,0,0,1,2,2,1,0,7,1,1,1,0,0,0,0,1,0,25,33,30,4,4,8,11,1,1,0,0,2,0,1,0,0,0,1,0,0,0,0,0,0,0,,,1,25,35,25,9,1,0,0,0
SLN190908151,evt,1909-08-15,1,STL05,R,0,BRO,SLN,1,1,0,0,1,42,39,9,13,17,1,0,1,0,8,,3,0,2,0,0,0,0,4,0,0,6,1,1,1,0,0,0,1,0,0,27,31,28,3,3,3,6,0,0,1,0,3,0,0,0,0,0,0,0,1,0,0,0,25,0,,,1,27,1,0,0,1,0,0,0
SLN190908151,box,1909-08-15,1,STL05,R,0,BRO,SLN,1,1,0,0,1,,39,9,13,17,1,0,1,,8,,3,0,2,0,0,0,0,4,0,0,6,1,1,1,0,0,0,1,0,0,27,31,28,3,3,3,6,0,0,1,0,3,0,,0,0,0,0,0,1,0,0,0,0,0,,,1,27,38,27,10,1,0,0,0
SLN190908152,evt,1909-08-15,2,STL05,R,0,BRO,SLN,1,0,1,0,1,33,31,2,7,8,1,0,0,0,2,,1,0,0,0,0,0,1,2,1,0,4,1,1,0,0,0,1,0,1,0,24,35,32,6,4,10,12,2,0,0,0,3,0,2,0,0,0,0,0,0,0,1,1,14,5,,,1,24,15,10,3,2,0,0,0
SLN190908152,box,1909-08-15,2,STL05,R,0,BRO,SLN,1,0,1,0,1,,31,2,7,8,1,0,0,,2,,1,0,,0,0,0,1,2,1,0,4,1,1,0,0,0,1,0,1,0,24,35,32,6,4,10,12,2,0,0,0,3,0,,0,0,0,0,0,0,0,0,0,0,0,,,1,24,35,24,9,2,0,0,0
BSN190908191,evt,1909-08-19,1,BOS05,R,0,BRO,BSN,1,0,1,0,1,35,32,1,5,7,2,0,0,0,1,,2,0,2,0,1,0,0,0,0,0,7,1,1,1,0,0,0,0,1,0,24,35,31,5,4,11,14,3,0,0,0,3,0,1,0,0,1,0,0,0,0,0,0,7,11,,,1,24,35,24,10,1,1,0,0
BSN190908191,box,1909-08-19,1,BOS05,R,0,BRO,BSN,1,0,1,0,1,,32,1,5,7,2,0,0,,1,,2,0,2,0,1,0,0,0,0,0,7,1,1,1,0,0,0,0,1,0,24,35,31,5,4,11,14,3,0,0,0,3,0,1,0,0,1,0,0,0,0,0,0,0,0,,,1,24,35,24,10,1,1,0,0
BSN190908192,evt,1909-08-19,2,BOS05,R,0,BRO,BSN,1,0,1,0,1,35,33,0,6,7,1,0,0,0,0,,2,0,6,0,0,0,0,0,0,0,8,1,1,1,0,0,0,0,1,0,24,30,25,1,1,5,5,0,0,0,0,2,0,0,0,0,2,1,0,0,0,0,0,6,13,,,1,24,37,24,11,2,0,0,0
BSN190908192,box,1909-08-19,2,BOS05,R,0,BRO,BSN,1,0,1,0,1,,33,0,6,7,1,0,0,,0,,2,0,6,0,0,0,0,0,0,0,8,1,1,1,0,0,0,0,1,0,24,30,25,1,1,5,5,0,0,0,0,2,0,0,0,0,2,1,0,0,0,0,0,0,0,,,1,24,37,24,11,2,0,0,0
BRO190908200,evt,1909-08-20,0,NYC12,R,1,BRO,SLN,1,0,1,0,1,41,37,1,5,5,0,0,0,0,1,,3,0,5,1,0,1,0,0,0,0,7,1,1,1,0,0,0,0,1,0,33,44,37,3,3,11,11,0,0,0,0,2,0,8,0,3,2,0,0,0,0,0,0,10,8,,,1,33,53,33,20,0,0,0,0
BRO190908200,box,1909-08-20,0,NYC12,R,1,BRO,SLN,1,0,1,0,1,,37,1,5,5,0,0,0,,1,,3,0,5,1,0,1,0,0,0,0,7,1,1,1,0,0,0,0,1,0,33,44,37,3,3,11,11,0,0,0,0,2,0,8,0,3,2,0,0,0,0,0,0,0,0,,,1,33,53,33,20,0,0,0,0
BRO190908211,evt,1909-08-21,1,NYC12,R,1,BRO,SLN,1,1,0,0,1,50,44,1,9,9,0,0,0,0,1,,5,1,8,0,0,1,0,4,3,0,11,1,1,1,1,0,0,1,0,0,39,45,42,0,0,9,9,0,0,0,0,2,0,5,1,0,1,0,0,0,0,0,0,13,14,,,1,39,61,39,22,0,1,0,0
BRO190908211,box,1909-08-21,1,NYC12,R,1,BRO,SLN,1,1,0,0,1,,44,1,9,9,0,0,0,,1,,5,1,8,0,0,1,0,4,3,0,11,1,1,1,1,0,0,1,0,0,39,45,42,0,0,9,9,0,0,0,0,2,0,5,1,0,1,0,0,0,0,0,0,0,0,,,1,39,61,39,22,0,1,0,0
BRO190908212,evt,1909-08-21,2,NYC12,R,1,BRO,SLN,1,1,0,0,1,35,29,6,6,8,2,0,0,0,5,,4,0,1,0,1,1,0,2,0,0,5,1,1,1,0,0,0,1,0,0,27,40,35,3,2,8,9,1,0,0,0,4,0,5,0,0,1,0,0,0,0,0,0,13,7,,,1,27,43,27,14,2,0,0,0
BRO190908212,box,1909-08-21,2,NYC12,R,1,BRO,SLN,1,1,0,0,1,,29,6,6,8,2,0,0,,5,,4,0,1,0,1,1,0,2,0,0,5,1,1,1,0,0,0,1,0,0,27,40,35,3,2,8,9,1,0,0,0,4,0,5,0,0,1,0,0,0,0,0,0,0,0,,,1,27,43,27,14,2,0,0,0
BRO190908231,evt,1909-08-23,1,NYC12,R,1,BRO,SLN,1,1,0,0,1,37,32,7,9,12,1,1,0,0,6,,4,0,2,0,0,0,1,7,0,0,6,1,1,1,1,0,0,1,0,0,27,35,32,0,0,5,5,0,0,0,0,3,0,4,1,0,0,0,0,0,0,0,0,10,11,,,1,27,36,27,8,1,1,0,0
BRO190908231,box,1909-08-23,1,NYC12,R,1,BRO,SLN,1,1,0,0,1,,32,7,9,12,1,1,0,,6,,4,0,2,0,0,0,1,7,0,0,6,1,1,1,1,0,0,1,0,0,27,35,32,0,0,5,5,0,0,0,0,3,0,4,1,0,0,0,0,0,0,0,0,0,0,,,1,27,36,27,8,1,1,0,0
BRO190908232,evt,1909-08-23,2,NYC12,R,1,BRO,SLN,1,0,1,0,1,38,36,1,9,9,0,0,0,0,0,,2,0,5,0,0,0,0,2,0,0,10,1,1,1,0,0,0,0,1,0,27,42,33,9,9,15,19,2,1,0,0,6,0,5,0,0,2,1,0,0,0,0,0,5,9,,,1,27,40,27,12,1,1,0,1
BRO190908232,box,1909-08-23,2,NYC12,R,1,BRO,SLN,1,0,1,0,1,,36,1,9,9,0,0,0,,0,,2,0,5,0,0,0,0,2,0,0,10,1,1,1,0,0,0,0,1,0,27,42,33,9,9,15,19,2,1,0,0,6,0,5,0,0,2,1,0,0,0,0,0,0,0,,,1,27,40,27,12,1,1,0,1
BRO190908240,evt,1909-08-24,0,NYC12,R,1,BRO,CIN,1,1,0,0,1,33,29,2,6,6,0,0,0,0,1,,1,0,8,0,0,3,0,1,0,0,7,1,1,1,1,0,0,1,0,0,27,29,29,0,0,5,5,0,0,0,0,0,0,6,0,0,0,0,0,0,0,0,0,9,9,,,1,27,39,27,12,0,0,0,0
BRO190908240,box,1909-08-24,0,NYC12,R,1,BRO,CIN,1,1,0,0,1,,29,2,6,6,0,0,0,,1,,1,0,8,0,0,3,0,1,0,0,7,1,1,1,1,0,0,1,0,0,27,29,29,0,0,5,5,0,0,0,0,0,0,6,0,0,0,0,0,0,0,0,0,0,0,,,1,27,39,27,12,0,0,0,0
BRO190908250,evt,1909-08-25,0,NYC12,R,1,BRO,CIN,1,0,1,0,1,30,29,0,3,3,0,0,0,0,0,,1,0,7,0,0,0,0,1,1,0,3,1,1,1,0,0,0,0,1,0,27,36,31,2,2,6,7,1,0,0,0,4,0,4,0,0,1,0,0,1,0,0,0,7,12,,,1,27,39,27,11,1,1,0,0
BRO190908250,box,1909-08-25,0,NYC12,R,1,BRO,CIN,1,0,1,0,1,,29,0,3,3,0,0,0,,0,,1,0,7,0,0,0,0,1,1,0,3,1,1,1,0,0,0,0,1,0,27,36,31,2,2,6,7,1,0,0,0,4,0,4,0,0,1,0,0,1,0,0,0,0,0,,,1,27,39,27,11,1,1,0,0
BRO190908260,evt,1909-08-26,0,NYC12,R,1,BRO,CIN,1,0,1,0,1,33,29,1,6,6,0,0,0,0,1,,2,0,4,0,0,1,1,3,1,0,5,1,1,1,0,0,0,0,1,0,27,41,35,7,5,11,14,3,0,0,0,3,0,5,0,1,2,0,0,0,0,0,0,7,10,,,1,27,45,27,13,5,0,0,0
BRO190908260,box,1909-08-26,0,NYC12,R,1,BRO,CIN,1,0,1,0,1,,29,1,6,6,0,0,0,,1,,2,0,4,0,0,1,1,3,1,0,5,1,1,1,0,0,0,0,1,0,27,41,35,7,5,11,14,3,0,0,0,3,0,5,0,1,2,0,0,0,0,0,0,0,0,,,1,27,45,27,13,5,0,0,0
BRO190908270,evt,1909-08-27,0,NYC12,R,1,BRO,PIT,1,0,1,0,1,34,34,0,6,7,1,0,0,0,0,,0,0,1,0,0,0,0,0,0,0,7,1,1,1,0,0,0,0,1,0,27,45,36,5,2,13,14,1,0,0,0,7,0,0,0,0,2,0,0,0,0,0,0,12,9,,,1,27,47,27,16,4,0,0,0
BRO190908270,box,1909-08-27,0,NYC12,R,1,BRO,PIT,1,0,1,0,1,,34,0,6,7,1,0,0,,0,,0,0,1,0,0,0,0,0,0,0,7,1,1,1,0,0,0,0,1,0,27,45,36,5,2,13,14,1,0,0,0,7,0,0,0,0,2,0,0,0,0,0,0,0,0,,,1,27,47,27,16,4,0,0,0
BRO190908281,evt,1909-08-28,1,NYC12,R,1,BRO,PIT,1,0,1,0,1,34,33,3,8,10,2,0,0,0,3,,1,0,7,1,0,0,0,0,1,0,4,1,1,1,0,0,0,0,1,0,27,43,36,7,7,13,16,1,1,0,0,5,0,3,0,0,2,0,0,0,0,0,0,6,12,,,1,27,40,27,12,1,0,0,0
BRO190908281,box,1909-08-28,1,NYC12,R,1,BRO,PIT,1,0,1,0,1,,33,3,8,10,2,0,0,,3,,1,0,7,1,0,0,0,0,1,0,4,1,1,1,0,0,0,0,1,0,27,43,36,7,7,13,16,1,1,0,0,5,0,3,0,0,2,0,0,0,0,0,0,0,0,,,1,27,40,27,12,1,0,0,0
BRO190908282,evt,1909-08-28,2,NYC12,R,1,BRO,PIT,1,0,1,0,1,33,29,0,4,5,1,0,0,0,0,,1,0,3,0,0,3,0,1,0,0,6,1,1,1,0,0,0,0,1,0,27,36,31,3,2,7,11,2,1,0,0,2,0,7,0,0,3,0,0,0,0,0,0,3,13,,,1,27,35,27,6,2,0,0,0
BRO190908282,box,1909-08-28,2,NYC12,R,1,BRO,PIT,1,0,1,0,1,,29,0,4,5,1,0,0,,0,,1,0,3,0,0,3,0,1,0,0,6,1,1,1,0,0,0,0,1,0,27,36,31,3,2,7,11,2,1,0,0,2,0,7,0,0,3,0,0,0,0,0,0,0,0,,,1,27,35,27,6,2,0,0,0
BRO190908300,evt,1909-08-30,0,NYC12,R,1,BRO,PIT,1,0,1,0,1,32,30,1,5,5,0,0,0,0,1,,1,0,0,0,0,1,0,0,1,0,4,1,1,1,0,0,0,0,1,0,27,35,30,2,1,7,8,1,0,0,0,2,0,2,1,2,1,0,0,0,0,0,0,12,8,,,1,27,44,27,16,1,2,0,0
BRO190908300,box,1909-08-30,0,NYC12,R,1,BRO,PIT,1,0,1,0,1,,30,1,5,5,0,0,0,,1,,1,0,0,0,0,1,0,0,1,0,4,1,1,1,0,0,0,0,1,0,27,35,30,2,1,7,8,1,0,0,0,2,0,2,1,2,1,0,0,0,0,0,0,0,0,,,1,27,44,27,16,1,2,0,0
BRO190908310,evt,1909-08-31,0,NYC12,R,1,BRO,CIN,1,0,1,0,1,41,36,4,10,13,3,0,0,0,4,,4,0,2,0,0,1,0,0,0,0,10,1,1,0,0,0,1,0,1,0,27,39,33,9,9,14,24,2,1,2,0,4,0,3,0,0,2,0,0,0,0,1,0,6,9,,,1,27,40,26,13,1,0,0,0
BRO190908310,box,1909-08-31,0,NYC12,R,1,BRO,CIN,1,0,1,0,1,,36,4,10,13,3,0,0,,4,,4,0,2,0,0,1,0,0,0,0,10,1,1,0,0,0,1,0,1,0,27,39,33,9,9,14,24,2,1,2,0,4,0,3,0,0,2,0,0,0,0,0,0,0,0,,,1,27,41,26,14,1,0,0,0
BRO190909010,evt,1909-09-01,0,NYC12,R,1,BRO,CHN,1,0,1,0,1,29,28,0,2,2,0,0,0,0,0,,1,0,5,0,0,0,0,0,1,0,2,1,1,0,0,0,1,0,1,0,27,46,36,12,10,16,18,2,0,0,0,5,0,2,0,0,3,2,0,0,0,0,0,11,8,,,1,27,45,27,16,2,1,0,0
BRO190909010,box,1909-09-01,0,NYC12,R,1,BRO,CHN,1,0,1,0,1,,28,0,2,2,0,0,0,,0,,1,0,5,0,0,0,0,0,1,0,2,1,1,0,0,0,1,0,1,0,27,46,36,12,10,16,18,2,0,0,0,5,0,2,0,0,3,2,0,0,0,0,0,0,0,,,1,27,45,27,16,2,1,0,0
BRO190909020,evt,1909-09-02,0,NYC12,R,1,BRO,CHN,1,1,0,0,1,34,30,3,10,14,2,1,0,0,3,,3,0,4,0,0,1,0,1,1,0,7,1,1,1,0,0,0,1,0,0,27,33,30,1,1,4,6,2,0,0,0,2,0,6,0,0,0,1,0,0,0,0,0,9,11,,,1,27,38,27,10,1,0,0,0
BRO190909020,box,1909-09-02,0,NYC12,R,1,BRO,CHN,1,1,0,0,1,,30,3,10,14,2,1,0,,3,,3,0,4,0,0,1,0,1,1,0,7,1,1,1,0,0,0,1,0,0,27,33,30,1,1,4,6,2,0,0,0,2,0,6,0,0,0,1,0,0,0,0,0,0,0,,,1,27,38,27,10,1,0,0,0
BRO190909030,evt,1909-09-03,0,NYC12,R,1,BRO,CHN,1,0,1,0,1,37,34,4,9,9,0,0,0,0,2,,1,0,5,0,0,2,0,2,1,0,6,1,1,1,0,0,0,0,1,0,27,42,30,10,10,9,12,1,1,0,0,7,0,5,1,2,1,2,0,0,0,0,0,8,10,,,1,27,40,27,11,2,1,0,0
BRO190909030,box,1909-09-03,0,NYC12,R,1,BRO,CHN,1,0,1,0,1,,34,4,9,9,0,0,0,,2,,1,0,5,0,0,2,0,2,1,0,6,1,1,1,0,0,0,0,1,0,27,42,30,10,10,9,12,1,1,0,0,7,0,5,1,2,1,2,0,0,0,0,0,0,0,,,1,27,40,27,11,2,1,0,0
PHI190909040,evt,1909-09-04,0,PHI09,R,0,BRO,PHI,1,1,0,0,1,43,37,8,12,14,2,0,0,0,5,,2,0,7,0,1,3,0,2,0,0,8,1,1,1,0,0,0,1,0,0,27,38,33,4,4,9,13,1,0,1,0,4,0,2,1,0,0,1,0,0,0,0,0,9,14,,,1,27,39,27,12,0,1,0,0
PHI190909040,box,1909-09-04,0,PHI09,R,0,BRO,PHI,1,1,0,0,1,,37,8,12,14,2,0,0,,5,,2,0,7,0,1,3,0,2,0,0,8,1,1,1,0,0,0,1,0,0,27,38,33,4,4,9,13,1,0,1,0,4,0,2,1,0,0,1,0,0,0,0,0,0,0,,,1,27,39,27,12,0,1,0,0
BRO190909061,evt,1909-09-06,1,NYC12,R,1,BRO,PHI,1,0,1,0,1,34,31,1,7,7,0,0,0,0,1,,2,0,11,0,0,1,0,1,2,0,6,1,1,0,0,0,1,0,1,0,27,38,33,3,1,7,8,1,0,0,0,3,0,1,0,0,1,1,0,0,0,0,0,11,12,,,1,27,44,27,13,4,0,0,0
BRO190909061,box,1909-09-06,1,NYC12,R,1,BRO,PHI,1,0,1,0,1,,31,1,7,7,0,0,0,,1,,2,0,11,0,0,1,0,1,2,0,6,1,1,0,0,0,1,0,1,0,27,38,33,3,1,7,8,1,0,0,0,3,0,1,0,0,1,1,0,0,0,0,0,0,0,,,1,27,44,27,13,4,0,0,0
BRO190909062,evt,1909-09-06,2,NYC12,R,1,BRO,PHI,1,1,0,0,1,35,30,6,9,20,2,0,3,0,5,,4,0,5,0,0,1,0,2,2,0,5,1,1,1,0,0,0,1,0,0,27,41,36,2,0,11,12,1,0,0,0,3,0,3,2,2,0,0,0,1,0,0,0,12,10,,,1,27,41,27,13,1,2,0,0
BRO190909062,box,1909-09-06,2,NYC12,R,1,BRO,PHI,1,1,0,0,1,,30,6,9,20,2,0,3,,5,,4,0,5,0,0,1,0,2,2,0,5,1,1,1,0,0,0,1,0,0,27,41,36,2,0,11,12,1,0,0,0,3,0,3,2,2,0,0,0,1,0,0,0,0,0,,,1,27,41,27,13,1,2,0,0
BRO190909070,evt,1909-09-07,0,NYC12,R,1,BRO,PHI,1,0,1,0,1,36,34,2,9,12,3,0,0,0,2,,2,0,7,1,0,0,0,1,0,0,7,1,1,1,0,0,0,0,1,0,27,41,36,7,7,13,16,1,1,0,0,2,0,6,0,0,2,1,0,1,0,0,0,11,6,,,1,27,41,27,14,0,0,0,0
BRO190909070,box,1909-09-07,0,NYC12,R,1,BRO,PHI,1,0,1,0,1,,34,2,9,12,3,0,0,,2,,2,0,7,1,0,0,0,1,0,0,7,1,1,1,0,0,0,0,1,0,27,41,36,7,7,13,16,1,1,0,0,2,0,6,0,0,2,1,0,1,0,0,0,0,0,,,1,27,41,27,14,0,0,0,0
NY1190909081,evt,1909-09-08,1,NYC10,R,0,BRO,NY1,1,0,1,0,1,36,34,6,8,13,3,1,0,0,5,,2,0,3,0,0,0,0,0,0,0,3,1,1,1,0,0,0,0,1,0,24,37,32,7,6,11,19,2,0,2,0,3,0,2,1,1,0,1,0,0,0,0,0,8,11,,,1,24,37,24,10,3,1,0,0
NY1190909081,box,1909-09-08,1,NYC10,R,0,BRO,NY1,1,0,1,0,1,,34,6,8,13,3,1,0,,5,,2,0,3,0,0,0,0,0,0,0,3,1,1,1,0,0,0,0,1,0,24,37,32,7,6,11,19,2,0,2,0,3,0,2,1,1,0,1,0,0,0,0,0,0,0,,,1,24,37,24,10,3,1,0,0
NY1190909082,evt,1909-09-08,2,NYC10,R,0,BRO,NY1,1,1,0,0,1,38,36,6,11,15,2,1,0,0,5,,1,0,5,0,0,1,0,1,3,0,5,1,1,0,0,0,1,1,0,1,27,39,35,3,0,9,11,2,0,0,0,3,0,3,1,1,0,0,0,0,0,3,1,9,13,,,1,27,40,27,10,3,2,0,0
NY1190909082,box,1909-09-08,2,NYC10,R,0,BRO,NY1,1,1,0,0,1,,36,6,11,15,2,1,0,,5,,1,0,5,0,0,1,0,1,3,0,5,1,1,0,0,0,1,1,0,1,27,39,35,3,0,9,11,2,0,0,0,3,0,3,1,1,0,0,0,0,0,0,0,0,0,,,1,27,40,27,10,3,2,0,0
NY1190909090,evt,1909-09-09,0,NYC10,R,0,BRO,NY1,1,0,1,0,1,39,37,5,9,12,1,1,0,0,5,,2,0,6,0,0,0,0,2,1,0,7,1,1,0,0,0,1,0,1,0,24,36,34,6,5,11,18,2,1,1,0,1,0,6,0,0,1,0,0,0,0,0,0,7,10,,,1,24,32,24,7,1,0,0,1
NY1190909090,box,1909-09-09,0,NYC10,R,0,BRO,NY1,1,0,1,0,1,,37,5,9,12,1,1,0,,5,,2,0,,0,0,0,0,2,1,0,7,1,1,0,0,0,1,0,1,0,24,36,34,6,5,11,18,2,1,1,0,1,0,6,0,0,1,0,0,0,0,0,0,0,0,,,1,24,32,24,7,1,0,0,1
NY1190909111,evt,1909-09-11,1,NYC10,R,0,BRO,NY1,1,0,1,0,1,32,31,0,3,3,0,0,0,0,0,,1,0,6,0,0,0,0,0,0,0,5,1,1,1,0,0,0,0,1,0,24,33,27,4,4,6,9,0,0,1,1,5,0,2,1,0,1,0,0,0,0,0,0,6,10,,,1,24,39,24,12,3,1,0,0
NY1190909111,box,1909-09-11,1,NYC10,R,0,BRO,NY1,1,0,1,0,1,,31,0,3,3,0,0,0,,0,,1,0,6,0,0,0,0,0,0,0,5,1,1,1,0,0,0,0,1,0,24,33,27,4,4,6,9,0,0,1,0,5,0,2,1,0,1,0,0,0,0,0,0,0,0,,,1,24,39,24,12,3,1,0,0
NY1190909112,evt,1909-09-11,2,NYC10,R,0,BRO,NY1,1,1,0,0,1,44,32,10,11,13,0,1,0,0,6,,7,0,2,1,0,5,0,3,4,0,7,1,1,1,0,0,0,1,0,0,27,38,35,1,1,9,10,1,0,0,0,2,0,4,0,0,1,0,0,0,0,0,0,10,9,,,1,27,45,27,14,4,0,0,0
NY1190909112,box,1909-09-11,2,NYC10,R,0,BRO,NY1,1,1,0,0,1,,32,10,11,13,0,1,0,,6,,7,0,2,1,0,5,0,3,4,0,7,1,1,1,0,0,0,1,0,0,27,38,35,1,1,9,10,1,0,0,0,2,0,4,0,0,1,0,0,0,0,0,0,0,0,,,1,27,45,27,14,4,0,0,0
PHI190909130,evt,1909-09-13,0,PHI09,R,0,BRO,PHI,1,0,1,0,1,34,31,0,4,5,1,0,0,0,0,,2,0,5,0,0,1,0,2,0,0,7,1,1,1,0,0,0,0,1,0,24,37,32,7,7,13,17,2,1,0,0,4,0,3,0,0,0,1,0,0,0,0,0,8,9,,,1,24,39,24,14,1,1,0,0
PHI190909130,box,1909-09-13,0,PHI09,R,0,BRO,PHI,1,0,1,0,1,,31,0,4,5,1,0,0,,0,,2,0,5,0,0,1,0,2,0,0,7,1,1,1,0,0,0,0,1,0,24,37,32,7,7,13,17,2,1,0,0,4,0,3,0,0,0,1,0,0,0,0,0,0,0,,,1,24,39,24,14,1,1,0,0
PHI190909140,evt,1909-09-14,0,PHI09,R,0,BRO,PHI,1,1,0,0,1,30,27,1,3,3,0,0,0,0,1,,1,0,5,0,0,1,1,0,1,0,2,1,1,1,1,0,0,1,0,0,27,32,29,0,0,5,5,0,0,0,0,2,0,3,1,0,1,0,0,0,0,0,0,12,8,,,1,27,43,27,14,2,1,0,0
PHI190909140,box,1909-09-14,0,PHI09,R,0,BRO,PHI,1,1,0,0,1,,27,1,3,3,0,0,0,,1,,1,0,5,0,0,1,1,0,1,0,2,1,1,1,1,0,0,1,0,0,27,32,29,0,0,5,5,0,0,0,0,2,0,3,1,0,1,0,0,0,0,0,0,0,0,,,1,27,43,27,14,2,1,0,0
PHI190909150,evt,1909-09-15,0,PHI09,R,0,BRO,PHI,1,0,1,0,1,30,30,0,2,2,0,0,0,0,0,,0,0,1,1,0,0,0,0,0,0,3,1,1,1,0,0,0,0,1,0,24,32,26,2,2,4,4,0,0,0,0,4,0,3,0,0,2,0,0,0,0,0,0,5,13,,,1,24,30,24,6,0,0,0,0
PHI190909150,box,1909-09-15,0,PHI09,R,0,BRO,PHI,1,0,1,0,1,,30,0,2,2,0,0,0,,0,,0,0,1,1,0,0,0,0,0,0,3,1,1,1,0,0,0,0,1,0,24,32,26,2,2,4,4,0,0,0,0,4,0,3,0,0,2,0,0,0,0,0,0,0,0,,,1,24,30,24,6,0,0,0,0
PIT190909170,evt,1909-09-17,0,PIT06,R,0,BRO,PIT,1,0,1,0,1,33,32,3,6,7,1,0,0,0,3,,0,0,2,0,0,1,0,0,0,0,3,1,1,1,0,0,0,0,1,0,24,37,32,6,5,9,22,2,4,1,0,4,0,2,0,0,1,0,0,0,0,0,0,10,9,,,1,24,38,24,12,2,0,0,0
PIT190909170,box,1909-09-17,0,PIT06,R,0,BRO,PIT,1,0,1,0,1,,32,3,6,7,1,0,0,,3,,0,0,2,0,0,1,0,0,0,0,3,1,1,1,0,0,0,0,1,0,24,37,32,6,5,9,22,2,4,1,0,4,0,2,0,0,1,0,0,0,0,0,0,0,0,,,1,24,38,24,12,2,0,0,0
PIT190909180,evt,1909-09-18,0,PIT06,R,0,BRO,PIT,1,0,1,0,1,34,31,0,1,1,0,0,0,0,0,,3,1,3,0,0,0,0,0,0,0,7,1,1,1,0,0,0,0,1,0,24,38,30,6,5,10,13,1,1,0,0,7,0,4,0,0,1,0,0,0,0,0,0,8,7,,,1,24,38,24,13,1,1,0,0
PIT190909180,box,1909-09-18,0,PIT06,R,0,BRO,PIT,1,0,1,0,1,,31,0,1,1,0,0,0,,0,,3,1,3,0,0,0,0,0,0,0,7,1,1,1,0,0,0,0,1,0,24,38,30,6,5,10,13,1,1,0,0,7,0,4,0,0,1,0,0,0,0,0,0,0,0,,,1,24,38,24,13,1,1,0,0
PIT190909200,evt,1909-09-20,0,PIT06,R,0,BRO,PIT,1,0,1,0,1,33,32,3,5,8,1,1,0,0,2,,1,0,3,2,0,0,0,0,0,0,3,1,1,1,0,0,0,0,1,0,24,44,34,12,5,10,11,1,0,0,0,7,0,0,0,0,2,1,0,0,0,0,0,18,4,,,1,24,26,12,7,7,0,0,1
PIT190909200,box,1909-09-20,0,PIT06,R,0,BRO,PIT,1,0,1,0,1,,32,3,5,8,1,1,0,,2,,1,0,3,2,0,0,0,0,0,0,3,1,1,1,0,0,0,0,1,0,24,44,34,12,5,10,11,1,0,0,0,7,0,0,0,0,2,1,0,0,0,0,0,0,0,,,1,24,45,24,14,7,0,0,1
CHN190909231,evt,1909-09-23,1,CHI08,R,0,BRO,CHN,1,1,0,0,1,38,31,4,8,9,1,0,0,0,4,,2,0,3,1,1,3,1,1,0,0,7,1,1,1,0,0,0,1,0,0,27,40,31,1,1,4,5,1,0,0,0,7,0,6,0,1,0,1,0,0,0,0,0,4,17,,,1,27,31,27,3,1,0,0,0
CHN190909231,box,1909-09-23,1,CHI08,R,0,BRO,CHN,1,1,0,0,1,,31,4,8,9,1,0,0,,4,,2,0,3,1,1,3,1,1,0,0,7,1,1,1,0,0,0,1,0,0,27,40,31,1,1,4,5,1,0,0,0,7,0,6,0,1,0,1,0,0,0,0,0,0,0,,,1,27,31,27,3,1,0,0,0
CHN190909232,evt,1909-09-23,2,CHI08,R,0,BRO,CHN,1,0,1,0,1,42,37,1,9,11,2,0,0,0,1,,4,0,9,0,1,0,0,2,1,0,14,1,1,1,0,0,0,0,1,0,24,34,30,4,1,8,9,1,0,0,0,1,0,6,0,0,2,1,0,0,0,0,0,8,8,,,1,24,41,24,14,3,0,0,0
CHN190909232,box,1909-09-23,2,CHI08,R,0,BRO,CHN,1,0,1,0,1,,37,1,9,11,2,0,0,,1,,4,0,9,0,1,0,0,2,1,0,14,1,1,1,0,0,0,0,1,0,24,34,30,4,1,8,9,1,0,0,0,1,0,6,0,0,2,1,0,0,0,0,0,0,0,,,1,24,41,24,14,3,0,0,0
SLN190909240,evt,1909-09-24,0,STL05,R,0,BRO,SLN,1,1,0,0,1,43,39,12,16,26,3,2,1,0,12,,1,0,2,0,0,3,0,1,0,0,4,1,1,1,0,0,0,1,0,0,27,45,38,6,6,15,18,3,0,0,0,4,0,5,0,1,1,1,0,1,0,0,0,11,7,,,1,27,24,17,5,2,1,0,0
SLN190909240,box,1909-09-24,0,STL05,R,0,BRO,SLN,1,1,0,0,1,,39,12,16,26,3,2,1,,12,,1,0,2,0,0,3,0,1,0,0,4,1,1,1,0,0,0,1,0,0,27,45,38,6,6,15,18,3,0,0,0,4,0,0,0,1,1,1,0,1,0,0,0,0,0,,,1,27,34,27,5,2,1,0,0
SLN190909250,box,1909-09-25,0,STL05,R,0,BRO,SLN,1,0,1,0,1,,36,4,12,16,2,1,0,,4,,3,0,,0,0,1,1,0,0,0,10,1,1,0,0,0,1,0,1,0,24,40,31,12,9,8,16,0,1,2,0,7,0,,0,0,1,1,0,0,0,0,0,0,0,,,1,24,37,24,8,5,1,0,0
SLN190909250,ded,1909-09-25,0,STL05,R,0,BRO,SLN,1,0,1,0,1,41,36,4,12,16,2,1,0,0,4,,3,0,1,0,0,1,1,0,0,0,10,1,1,0,0,0,1,0,1,0,24,40,31,12,9,8,16,0,1,2,0,7,0,1,0,0,1,1,0,0,0,2,1,16,4,,,1,24,19,9,5,5,1,0,0
SLN190909261,box,1909-09-26,1,STL05,R,0,BRO,SLN,1,0,1,0,1,,38,3,9,14,0,1,1,,3,,5,0,,0,0,0,0,0,0,0,10,1,1,0,0,0,1,0,1,0,29,43,34,4,4,8,16,0,1,2,0,8,0,,1,1,0,0,0,2,0,0,0,0,0,,,1,29,41,29,12,0,1,0,0
SLN190909261,ded,1909-09-26,1,STL05,R,0,BRO,SLN,1,0,1,0,1,43,38,3,9,14,0,1,1,0,3,,5,0,1,0,0,0,0,0,0,0,10,1,1,0,0,0,1,0,1,0,29,43,34,4,4,8,16,0,1,2,0,8,0,1,1,1,0,0,0,2,0,1,0,25,0,,,1,29,11,7,4,0,1,0,0
SLN190909262,box,1909-09-26,2,STL05,R,0,BRO,SLN,1,1,0,0,1,,24,1,5,6,1,0,0,,1,,3,0,,0,0,2,1,1,0,0,5,1,1,1,1,0,0,1,0,0,24,31,28,0,0,5,7,2,0,0,0,3,0,,0,0,0,0,0,0,0,0,0,0,0,,,1,24,29,24,4,1,1,0,0
SLN190909262,ded,1909-09-26,2,STL05,R,0,BRO,SLN,1,1,0,0,1,30,24,1,5,6,1,0,0,0,1,,3,0,0,0,0,2,1,1,0,0,5,1,1,1,1,0,0,1,0,0,24,31,28,0,0,5,7,2,0,0,0,3,0,6,0,0,0,0,0,0,0,0,0,15,2,,,1,24,11,9,1,1,1,0,0
CIN190909271,evt,1909-09-27,1,CIN06,R,0,BRO,CIN,1,0,1,0,1,39,37,3,9,12,1,1,0,0,1,,1,0,9,0,0,1,0,3,0,0,9,1,1,1,0,0,0,0,1,0,24,32,30,4,3,10,11,1,0,0,0,0,0,2,0,0,1,1,0,0,0,0,0,13,4,,,1,24,31,17,11,3,1,0,0
CIN190909271,box,1909-09-27,1,CIN06,R,0,BRO,CIN,1,0,1,0,1,,37,3,9,12,1,1,0,,1,,1,0,9,0,0,1,0,3,0,0,9,1,1,1,0,0,0,0,1,0,24,32,30,4,3,10,11,1,0,0,0,0,0,2,0,0,1,1,0,0,0,0,0,0,0,,,1,24,44,24,17,3,1,0,0
CIN190909272,evt,1909-09-27,2,CIN06,R,0,BRO,CIN,1,0,1,0,1,32,28,1,4,5,1,0,0,0,1,,3,0,4,0,0,1,0,2,0,0,7,1,1,1,0,0,0,0,1,0,21,31,29,3,3,9,16,2,1,1,0,2,0,2,0,0,0,0,0,0,0,0,0,5,12,,,1,21,22,17,4,1,0,0,0
CIN190909272,box,1909-09-27,2,CIN06,R,0,BRO,CIN,1,0,1,0,1,,28,1,4,5,1,0,0,,1,,3,0,4,0,0,1,0,2,0,0,7,1,1,1,0,0,0,0,1,0,21,31,29,3,3,9,16,2,1,1,0,2,0,2,0,0,0,0,0,0,0,0,0,0,0,,,1,21,29,21,7,1,0,0,0
CIN190909280,evt,1909-09-28,0,CIN06,R,0,BRO,CIN,1,1,0,0,1,44,42,4,9,10,1,0,0,0,4,,1,0,6,0,0,1,0,1,2,0,7,1,1,1,0,0,0,1,0,0,33,42,39,1,0,6,6,0,0,0,0,3,0,2,0,0,0,0,0,0,0,0,0,13,15,,,1,33,35,25,7,3,0,0,0
CIN190909280,box,1909-09-28,0,CIN06,R,0,BRO,CIN,1,1,0,0,1,,42,4,9,10,1,0,0,,4,,1,0,6,0,0,1,0,1,2,0,7,1,1,1,0,0,0,1,0,0,33,42,39,1,0,6,6,0,0,0,0,3,0,2,0,0,0,0,0,0,0,0,0,0,0,,,1,33,52,33,16,3,0,0,0
CIN190909290,evt,1909-09-29,0,CIN06,R,0,BRO,CIN,1,0,1,0,1,34,32,3,7,9,2,0,0,0,1,,0,0,7,0,0,2,0,0,0,0,4,1,1,0,0,0,1,0,1,0,24,37,30,7,7,8,13,0,1,1,0,5,0,3,0,1,0,1,0,1,0,0,0,13,6,,,1,24,25,18,6,1,0,0,0
CIN190909290,box,1909-09-29,0,CIN06,R,0,BRO,CIN,1,0,1,0,1,,32,3,7,9,2,0,0,,1,,0,0,7,0,0,2,0,0,0,0,4,1,1,0,0,0,1,0,1,0,24,37,30,7,7,8,13,0,1,1,0,5,0,3,0,1,0,1,0,1,0,0,0,0,0,,,1,24,35,24,10,1,0,0,0
BRO190910021,evt,1909-10-02,1,NYC12,R,1,BRO,BSN,1,1,0,0,1,34,28,6,7,9,0,1,0,0,4,,6,0,4,2,0,0,0,6,0,0,4,1,1,1,0,0,0,1,0,0,27,35,26,2,2,4,6,0,1,0,0,6,0,5,0,0,3,0,0,0,0,0,0,7,9,,,1,27,40,27,12,1,1,0,0
BRO190910021,box,1909-10-02,1,NYC12,R,1,BRO,BSN,1,1,0,0,1,,28,6,7,9,0,1,0,,4,,6,0,4,2,0,0,0,6,0,0,4,1,1,1,0,0,0,1,0,0,27,35,26,2,2,4,6,0,1,0,0,6,0,5,0,0,3,0,0,0,0,0,0,0,0,,,1,27,40,27,12,1,1,0,0
BRO190910022,evt,1909-10-02,2,NYC12,R,1,BRO,BSN,1,0,1,0,1,31,30,0,3,3,0,0,0,0,0,,1,0,3,0,0,0,0,1,1,0,4,1,1,1,0,0,0,0,1,0,27,36,25,1,0,6,6,0,0,0,0,7,0,4,1,0,4,0,0,0,0,0,0,8,7,,,1,27,42,27,13,2,1,0,0
BRO190910022,box,1909-10-02,2,NYC12,R,1,BRO,BSN,1,0,1,0,1,,30,0,3,3,0,0,0,,0,,1,0,3,0,0,0,0,1,1,0,4,1,1,1,0,0,0,0,1,0,27,36,25,1,0,6,6,0,0,0,0,7,0,4,1,0,4,0,0,0,0,0,0,0,0,,,1,27,42,27,13,2,1,0,0
BRO190910041,evt,1909-10-04,1,NYC12,R,1,BRO,BSN,1,0,1,0,1,32,31,2,4,8,1,0,1,0,2,,1,0,2,0,0,0,0,0,0,0,3,1,1,0,0,0,1,0,1,0,27,40,31,4,3,11,12,1,0,0,0,5,0,5,0,0,3,1,0,1,0,0,0,10,5,,,1,27,47,27,19,1,0,0,0
BRO190910041,box,1909-10-04,1,NYC12,R,1,BRO,BSN,1,0,1,0,1,,31,2,4,8,1,0,1,,2,,1,0,2,0,0,0,0,0,0,0,3,1,1,0,0,0,1,0,1,0,27,40,31,4,3,11,12,1,0,0,0,5,0,5,0,0,3,1,0,1,0,0,0,0,0,,,1,27,46,27,18,1,0,0,0
BRO190910042,evt,1909-10-04,2,NYC12,R,1,BRO,BSN,1,1,0,0,1,34,30,3,12,14,2,0,0,0,2,,1,0,5,0,0,3,0,1,0,0,7,1,1,1,0,0,0,1,0,0,27,35,31,1,1,6,8,0,1,0,0,3,0,2,0,0,1,0,0,0,0,0,0,16,7,,,1,27,44,27,17,0,0,0,0
BRO190910042,box,1909-10-04,2,NYC12,R,1,BRO,BSN,1,1,0,0,1,,30,3,12,14,2,0,0,,2,,1,0,5,0,0,3,0,1,0,0,7,1,1,1,0,0,0,1,0,0,27,35,31,1,1,6,8,0,1,0,0,3,0,2,0,0,1,0,0,0,0,0,0,0,0,,,1,27,44,27,17,0,0,0,0
BRO190910050,evt,1909-10-05,0,NYC12,R,1,BRO,BSN,1,0,1,0,1,41,36,3,9,12,3,0,0,0,3,,4,0,1,0,0,1,0,0,2,0,8,1,1,1,0,0,0,0,1,0,30,41,36,5,3,10,11,1,0,0,0,1,0,5,0,0,3,1,0,0,0,0,0,11,11,,,1,30,47,30,14,3,1,0,0
BRO190910050,box,1909-10-05,0,NYC12,R,1,BRO,BSN,1,0,1,0,1,,36,3,9,12,3,0,0,,3,,4,0,1,0,0,1,0,0,2,0,8,1,1,1,0,0,0,0,1,0,30,41,36,5,3,10,11,1,0,0,0,1,0,5,0,0,3,1,0,0,0,0,0,0,0,,,1,30,46,30,13,3,1,0,0
BRO190910061,evt,1909-10-06,1,NYC12,R,1,BRO,NY1,1,1,0,0,1,33,29,4,8,14,3,0,1,0,4,,3,0,1,0,0,1,0,0,2,0,5,1,1,1,0,0,0,1,0,0,27,32,30,1,1,4,4,0,0,0,0,2,0,3,0,0,0,0,0,0,0,0,0,8,13,,,1,27,38,27,10,1,1,0,0
BRO190910061,box,1909-10-06,1,NYC12,R,1,BRO,NY1,1,1,0,0,1,,29,4,8,14,3,0,1,,4,,3,0,1,0,0,1,0,0,2,0,5,1,1,1,0,0,0,1,0,0,27,32,30,1,1,4,4,0,0,0,0,2,0,3,0,0,0,0,0,0,0,0,0,0,0,,,1,27,38,27,10,1,1,0,0
BRO190910062,evt,1909-10-06,2,NYC12,R,1,BRO,NY1,1,0,1,0,1,42,33,4,7,10,3,0,0,0,4,,8,0,2,0,0,1,0,4,0,0,11,1,1,1,0,0,0,0,1,0,27,42,38,8,7,13,15,2,0,0,0,2,0,5,0,0,1,1,0,1,0,0,0,7,11,,,1,27,40,27,10,3,0,0,1
BRO190910062,box,1909-10-06,2,NYC12,R,1,BRO,NY1,1,0,1,0,1,,33,4,7,10,3,0,0,,4,,8,0,2,0,0,1,0,4,0,0,11,1,1,1,0,0,0,0,1,0,27,42,38,8,7,13,15,2,0,0,0,2,0,5,0,0,1,1,0,1,0,0,0,0,0,,,1,27,40,27,10,3,0,0,1
BRO190910070,evt,1909-10-07,0,NYC12,R,1,BRO,NY1,1,1,0,0,1,40,35,7,11,15,4,0,0,0,7,,2,0,4,0,1,1,1,1,0,0,9,1,1,0,0,0,1,1,0,0,27,47,36,5,5,10,10,0,0,0,0,6,0,1,0,4,1,0,0,0,0,3,0,12,11,,,1,27,41,27,13,1,0,0,0
BRO190910070,box,1909-10-07,0,NYC12,R,1,BRO,NY1,1,1,0,0,1,,35,7,11,15,4,0,0,,7,,2,0,4,0,1,1,1,1,0,0,9,1,1,0,0,0,1,1,0,0,27,47,36,5,5,10,10,0,0,0,0,6,0,1,0,4,1,0,0,0,0,0,0,0,0,,,1,27,41,27,13,1,0,0,0
BSN190904140,evt,1909-04-14,0,BOS05,R,1,BSN,PHI,1,1,0,0,1,41,40,9,18,24,3,0,1,0,8,,1,0,2,0,0,0,0,0,2,0,8,1,1,0,0,0,1,1,0,1,27,38,30,5,5,10,14,4,0,0,0,3,0,5,0,2,2,1,0,0,1,2,1,9,7,,,1,27,45,27,16,2,0,0,0
BSN190904140,box,1909-04-14,0,BOS05,R,1,BSN,PHI,1,1,0,0,1,,40,9,18,24,3,0,1,,8,,1,0,2,0,0,0,0,0,2,0,8,1,1,0,0,0,1,1,0,1,27,38,30,5,5,10,14,4,0,0,0,3,0,5,0,2,2,1,0,0,1,0,0,0,0,,,1,27,45,27,16,2,0,0,0
BSN190904160,evt,1909-04-16,0,BOS05,R,1,BSN,PHI,1,1,0,0,1,28,25,2,4,4,0,0,0,0,2,,2,0,3,1,0,1,0,0,1,0,2,1,1,1,1,0,0,1,0,0,27,33,30,0,0,5,7,2,0,0,0,2,0,1,1,0,1,0,0,1,0,0,0,17,7,,,1,27,44,27,16,1,1,0,0
BSN190904160,box,1909-04-16,0,BOS05,R,1,BSN,PHI,1,1,0,0,1,,25,2,4,4,0,0,0,,2,,2,0,3,1,0,1,0,0,1,0,2,1,1,1,1,0,0,1,0,0,27,33,30,0,0,5,7,2,0,0,0,2,0,1,1,0,1,0,0,1,0,0,0,0,0,,,1,27,44,27,16,1,1,0,0
BSN190904170,evt,1909-04-17,0,BOS05,R,1,BSN,BRO,1,1,0,0,1,33,28,5,9,11,2,0,0,0,5,,1,0,2,0,0,3,1,0,2,0,4,1,1,1,0,0,0,1,0,0,27,38,36,1,0,9,10,1,0,0,0,1,0,7,0,0,1,0,0,0,0,0,0,10,7,,,1,27,41,27,11,3,1,0,1
BSN190904170,box,1909-04-17,0,BOS05,R,1,BSN,BRO,1,1,0,0,1,,28,5,9,11,2,0,0,,5,,1,0,2,0,0,3,1,0,2,0,4,1,1,1,0,0,0,1,0,0,27,38,36,1,0,9,10,1,0,0,0,1,0,7,0,0,1,0,0,0,0,0,0,0,0,,,1,27,41,27,11,3,1,0,1
BSN190904191,evt,1909-04-19,1,BOS05,R,1,BSN,BRO,1,1,0,0,1,35,34,3,11,18,2,1,1,0,3,,1,0,6,0,0,0,0,0,1,0,7,1,1,1,0,0,0,1,0,0,27,37,30,2,2,7,10,3,0,0,0,4,0,2,1,1,2,0,0,0,0,0,0,12,5,,,1,27,51,27,23,1,3,0,0
BSN190904191,box,1909-04-19,1,BOS05,R,1,BSN,BRO,1,1,0,0,1,,34,3,11,18,2,1,1,,3,,1,0,6,0,0,0,0,0,1,0,7,1,1,1,0,0,0,1,0,0,27,37,30,2,2,7,10,3,0,0,0,4,0,2,1,1,2,0,0,0,0,0,0,0,0,,,1,27,51,27,23,1,3,0,0
BSN190904192,evt,1909-04-19,2,BOS05,R,1,BSN,BRO,1,0,1,0,1,36,34,0,4,4,0,0,0,0,0,,1,0,5,0,1,0,0,2,0,0,9,1,1,1,0,0,0,0,1,0,27,38,34,5,3,10,12,2,0,0,0,1,0,2,0,0,2,1,0,1,0,0,0,11,9,,,1,27,48,27,18,3,1,0,0
BSN190904192,box,1909-04-19,2,BOS05,R,1,BSN,BRO,1,0,1,0,1,,34,0,4,4,0,0,0,,0,,1,0,5,0,1,0,0,2,0,0,9,1,1,1,0,0,0,0,1,0,27,38,34,5,3,10,12,2,0,0,0,1,0,2,0,0,2,1,0,1,0,0,0,0,0,,,1,27,48,27,18,3,1,0,0
PHI190904220,evt,1909-04-22,0,PHI09,R,0,BSN,PHI,1,0,1,0,1,33,29,0,4,5,1,0,0,0,0,,3,0,6,0,0,1,0,0,0,0,6,1,1,1,0,0,0,0,1,0,24,36,27,4,4,7,9,2,0,0,0,5,0,1,0,1,3,0,0,0,0,0,0,6,12,,,1,24,36,24,10,2,1,0,0
PHI190904220,box,1909-04-22,0,PHI09,R,0,BSN,PHI,1,0,1,0,1,,29,0,4,5,1,0,0,,0,,3,0,6,0,0,1,0,0,0,0,6,1,1,1,0,0,0,0,1,0,24,36,27,4,4,7,9,2,0,0,0,5,0,1,0,1,3,0,0,0,0,0,0,0,0,,,1,24,36,24,10,2,1,0,0
PHI190904240,evt,1909-04-24,0,PHI09,R,0,BSN,PHI,1,0,1,0,1,32,31,0,4,4,0,0,0,0,0,,1,0,0,2,0,0,0,0,0,0,5,1,1,0,0,0,1,0,1,0,24,31,24,4,4,6,11,2,0,1,0,4,0,0,0,1,1,1,0,0,0,0,0,11,8,,,1,24,40,24,16,0,0,0,0
PHI190904240,box,1909-04-24,0,PHI09,R,0,BSN,PHI,1,0,1,0,1,,31,0,4,4,0,0,0,,0,,1,0,0,2,0,0,0,0,0,0,5,1,1,0,0,0,1,0,1,0,24,31,24,4,4,6,11,2,0,1,0,4,0,0,0,1,1,1,0,0,0,0,0,0,0,,,1,24,40,24,16,0,0,0,0
NY1190904260,evt,1909-04-26,0,NYC10,R,0,BSN,NY1,1,1,0,0,1,35,31,3,8,11,1,1,0,0,3,,1,0,3,0,0,2,1,1,1,0,5,1,1,1,0,0,0,1,0,0,27,39,33,2,2,8,11,1,1,0,0,5,0,4,0,0,1,0,0,0,0,0,0,11,10,,,1,27,39,27,12,0,0,0,0
NY1190904260,box,1909-04-26,0,NYC10,R,0,BSN,NY1,1,1,0,0,1,,31,3,8,11,1,1,0,,3,,1,0,3,0,0,2,1,1,1,0,5,1,1,1,0,0,0,1,0,0,27,39,33,2,2,8,11,1,1,0,0,5,0,4,0,0,1,0,0,0,0,0,0,0,0,,,1,27,39,27,12,0,0,0,0
NY1190904270,evt,1909-04-27,0,NYC10,R,0,BSN,NY1,1,1,0,0,1,47,41,10,16,19,3,0,0,0,7,,4,0,4,1,0,2,0,1,2,0,10,1,1,1,1,0,0,1,0,0,27,30,27,0,0,2,2,0,0,0,0,3,0,1,1,0,0,0,0,1,0,0,0,8,15,,,1,27,36,27,9,0,2,0,0
NY1190904270,box,1909-04-27,0,NYC10,R,0,BSN,NY1,1,1,0,0,1,,41,10,16,19,3,0,0,,7,,4,0,4,1,0,2,0,1,2,0,10,1,1,1,1,0,0,1,0,0,27,30,27,0,0,2,2,0,0,0,0,3,0,1,1,0,0,0,0,1,0,0,0,0,0,,,1,27,36,27,9,0,2,0,0
NY1190904280,evt,1909-04-28,0,NYC10,R,0,BSN,NY1,1,0,1,0,1,36,33,3,8,9,1,0,0,0,3,,3,0,6,0,0,0,0,1,1,0,6,1,1,1,0,0,0,0,1,0,24,36,33,5,3,9,11,2,0,0,0,2,0,1,0,0,1,0,0,0,0,0,0,8,11,,,1,24,43,24,15,4,0,0,0
NY1190904280,box,1909-04-28,0,NYC10,R,0,BSN,NY1,1,0,1,0,1,,33,3,8,9,1,0,0,,3,,3,0,6,0,0,0,0,1,1,0,6,1,1,1,0,0,0,0,1,0,24,36,33,5,3,9,11,2,0,0,0,2,0,1,0,0,1,0,0,0,0,0,0,0,0,,,1,24,43,24,15,4,0,0,0
BRO190905030,evt,1909-05-03,0,NYC12,R,0,BSN,BRO,1,1,0,0,1,50,40,9,14,18,2,1,0,0,8,,8,0,6,0,2,0,0,6,2,0,14,1,1,0,0,0,1,1,0,1,27,42,37,7,5,10,12,2,0,0,0,5,0,3,0,0,0,0,0,0,0,1,0,14,8,,,1,27,47,27,16,4,0,0,0
BRO190905030,box,1909-05-03,0,NYC12,R,0,BSN,BRO,1,1,0,0,1,,40,9,14,18,2,1,0,,8,,8,0,6,0,2,0,0,6,2,0,14,1,1,0,0,0,1,1,0,1,27,42,37,7,5,10,12,2,0,0,0,5,0,3,0,0,0,0,0,0,0,0,0,0,0,,,1,27,47,27,16,4,0,0,0
BRO190905041,evt,1909-05-04,1,NYC12,R,0,BSN,BRO,1,1,0,0,1,40,32,7,8,9,1,0,0,0,7,,4,0,4,0,1,2,1,1,1,0,6,1,1,0,0,0,1,1,0,0,27,42,36,6,5,9,11,2,0,0,0,4,0,2,0,0,1,1,0,0,0,0,0,10,13,,,1,27,41,27,10,4,1,0,0
BRO190905041,box,1909-05-04,1,NYC12,R,0,BSN,BRO,1,1,0,0,1,,32,7,8,9,1,0,0,,7,,4,0,4,0,1,2,1,1,1,0,6,1,1,0,0,0,1,1,0,0,27,42,36,6,5,9,11,2,0,0,0,4,0,2,0,0,1,1,0,0,0,0,0,0,0,,,1,27,40,27,9,4,1,0,0
BRO190905042,evt,1909-05-04,2,NYC12,R,0,BSN,BRO,1,0,1,0,1,35,29,2,5,8,1,1,0,0,2,,3,0,4,0,0,1,2,0,1,0,6,1,1,0,0,0,1,0,1,0,24,35,30,5,5,9,10,1,0,0,0,4,0,2,1,1,0,0,0,0,0,0,0,9,9,,,1,24,37,24,12,1,2,0,0
BRO190905042,box,1909-05-04,2,NYC12,R,0,BSN,BRO,1,0,1,0,1,,29,2,5,8,1,1,0,,2,,3,0,4,0,0,1,2,0,1,0,6,1,1,0,0,0,1,0,1,0,24,35,30,5,5,9,10,1,0,0,0,4,0,2,1,1,0,0,0,0,0,0,0,0,0,,,1,24,37,24,12,1,2,0,0
BSN190905061,evt,1909-05-06,1,BOS05,R,1,BSN,NY1,1,0,1,0,1,34,31,1,4,6,2,0,0,0,1,,1,0,5,0,0,2,0,0,1,0,6,1,1,1,0,0,0,0,1,0,27,36,32,2,1,6,8,2,0,0,0,3,0,5,0,0,0,1,0,1,0,0,0,11,11,,,1,27,37,27,10,0,0,0,0
BSN190905061,box,1909-05-06,1,BOS05,R,1,BSN,NY1,1,0,1,0,1,,31,1,4,6,2,0,0,,1,,1,0,5,0,0,2,0,0,1,0,6,1,1,1,0,0,0,0,1,0,27,36,32,2,1,6,8,2,0,0,0,3,0,5,0,0,0,1,0,1,0,0,0,0,0,,,1,27,37,27,10,0,0,0,0
BSN190905062,evt,1909-05-06,2,BOS05,R,1,BSN,NY1,1,0,1,0,1,44,42,0,7,8,1,0,0,0,0,,2,0,5,0,0,0,0,2,0,0,8,1,1,1,0,0,0,0,1,0,36,51,43,1,1,12,14,2,0,0,0,6,0,4,1,0,2,0,0,0,1,0,0,12,12,,,1,36,59,36,21,2,1,0,0
BSN190905062,box,1909-05-06,2,BOS05,R,1,BSN,NY1,1,0,1,0,1,,42,0,7,8,1,0,0,,0,,2,0,5,0,0,0,0,2,0,0,8,1,1,1,0,0,0,0,1,0,36,51,43,1,1,12,14,2,0,0,0,6,0,4,1,0,2,0,0,0,1,0,0,0,0,,,1,36,59,36,21,2,1,0,0
BSN190905070,evt,1909-05-07,0,BOS05,R,1,BSN,NY1,1,1,0,0,1,28,25,2,4,5,1,0,0,0,2,,2,0,6,0,0,1,0,0,2,0,2,1,1,0,0,0,1,1,0,1,27,39,31,1,1,4,4,0,0,0,0,7,0,4,0,1,0,0,0,0,0,0,0,12,9,,,1,27,46,27,15,4,0,0,0
BSN190905070,box,1909-05-07,0,BOS05,R,1,BSN,NY1,1,1,0,0,1,,25,2,4,5,1,0,0,,2,,2,0,6,0,0,1,0,0,2,0,2,1,1,0,0,0,1,1,0,1,27,39,31,1,1,4,4,0,0,0,0,7,0,4,0,1,0,0,0,0,0,0,0,0,0,,,1,27,46,27,15,4,0,0,0
BSN190905080,evt,1909-05-08,0,BOS05,R,1,BSN,NY1,1,1,0,0,1,34,28,2,5,5,0,0,0,0,1,,4,1,3,0,1,1,0,1,0,0,8,1,1,1,0,0,0,1,0,0,27,34,31,1,1,2,2,0,0,0,0,3,0,2,0,0,0,0,0,0,0,0,0,11,14,,,1,27,38,27,6,5,0,0,0
BSN190905080,box,1909-05-08,0,BOS05,R,1,BSN,NY1,1,1,0,0,1,,28,2,5,5,0,0,0,,1,,4,1,3,0,1,1,0,1,0,0,8,1,1,1,0,0,0,1,0,0,27,34,31,1,1,2,2,0,0,0,0,3,0,2,0,0,0,0,0,0,0,0,0,0,0,,,1,27,38,27,6,5,0,0,0
BSN190905100,evt,1909-05-10,0,BOS05,R,1,BSN,NY1,1,0,1,0,1,36,33,1,8,10,2,0,0,0,1,,2,0,5,0,0,1,0,2,0,0,8,1,1,1,0,0,0,0,1,0,27,39,34,2,0,7,8,1,0,0,0,5,0,3,0,0,0,0,0,1,0,0,0,9,11,,,1,27,42,27,12,3,0,0,0
BSN190905100,box,1909-05-10,0,BOS05,R,1,BSN,NY1,1,0,1,0,1,,33,1,8,10,2,0,0,,1,,2,0,5,0,0,1,0,2,0,0,8,1,1,1,0,0,0,0,1,0,27,39,34,2,0,7,8,1,0,0,0,5,0,3,0,0,0,0,0,1,0,0,0,0,0,,,1,27,42,27,12,3,0,0,0
BSN190905110,evt,1909-05-11,0,BOS05,R,1,BSN,CIN,1,0,1,0,1,43,39,8,13,16,3,0,0,0,6,,3,0,2,0,1,0,0,0,1,0,8,1,1,0,0,0,1,0,1,0,27,43,34,10,6,11,15,4,0,0,0,4,0,3,0,0,4,1,0,0,0,0,0,8,8,,,1,27,29,17,6,6,0,0,1
BSN190905110,box,1909-05-11,0,BOS05,R,1,BSN,CIN,1,0,1,0,1,,39,8,13,16,3,0,0,,6,,3,0,2,0,1,0,0,0,1,0,8,1,1,0,0,0,1,0,1,0,27,43,34,10,6,11,15,4,0,0,0,4,0,3,0,0,4,1,0,0,0,0,0,0,0,,,1,27,45,27,12,6,0,0,1
BSN190905120,evt,1909-05-12,0,BOS05,R,1,BSN,CIN,1,0,1,0,1,44,32,2,4,4,0,0,0,0,2,,12,0,4,0,0,0,0,0,1,0,15,1,1,0,0,0,1,0,1,0,27,41,32,6,4,8,9,1,0,0,0,8,0,3,0,0,0,1,0,0,0,2,2,15,5,,,1,27,30,15,10,5,0,0,1
BSN190905120,box,1909-05-12,0,BOS05,R,1,BSN,CIN,1,0,1,0,1,,32,2,4,4,0,0,0,,2,,12,0,4,0,0,0,0,0,1,0,15,1,1,0,0,0,1,0,1,0,27,41,32,6,4,8,9,1,0,0,0,8,0,3,0,0,0,1,0,0,0,0,0,0,0,,,1,27,49,26,18,5,0,0,1
BSN190905130,evt,1909-05-13,0,BOS05,R,1,BSN,CIN,1,1,0,0,1,55,50,3,16,20,2,1,0,0,3,,4,0,1,1,1,0,0,1,0,0,14,1,1,0,0,0,1,1,0,0,39,50,46,2,1,12,14,2,0,0,0,2,0,2,2,0,1,1,0,0,0,0,0,14,17,,,1,39,60,39,19,2,3,0,0
BSN190905130,box,1909-05-13,0,BOS05,R,1,BSN,CIN,1,1,0,0,1,,50,3,16,20,2,1,0,,3,,4,0,1,1,1,0,0,1,0,0,14,1,1,0,0,0,1,1,0,0,39,50,46,2,1,12,14,2,0,0,0,2,0,0,2,0,1,1,0,0,0,0,0,0,0,,,1,39,60,39,19,2,3,0,0
BSN190905140,evt,1909-05-14,0,BOS05,R,1,BSN,CIN,1,0,1,0,1,41,37,4,10,13,1,1,0,0,4,,2,0,4,1,1,0,1,0,0,0,10,1,1,0,0,0,1,0,1,0,27,43,39,7,2,12,13,1,0,0,0,2,0,3,0,0,2,0,0,0,0,0,0,11,10,,,1,27,49,27,15,7,0,0,0
BSN190905140,box,1909-05-14,0,BOS05,R,1,BSN,CIN,1,0,1,0,1,,37,4,10,13,1,1,0,,4,,2,0,4,1,1,0,1,0,0,0,10,1,1,0,0,0,1,0,1,0,27,43,39,7,2,12,13,1,0,0,0,2,0,3,0,0,2,0,0,0,0,0,0,0,0,,,1,27,49,27,15,7,0,0,0
BSN190905150,evt,1909-05-15,0,BOS05,R,1,BSN,SLN,1,0,1,0,1,38,36,3,9,9,0,0,0,0,2,,0,0,4,0,1,0,1,0,0,0,8,1,1,1,0,0,0,0,1,0,27,42,34,5,4,8,9,1,0,0,0,8,0,3,0,0,0,0,0,1,0,0,0,13,6,,,1,27,50,27,19,4,0,0,0
BSN190905150,box,1909-05-15,0,BOS05,R,1,BSN,SLN,1,0,1,0,1,,36,3,9,9,0,0,0,,2,,0,0,4,0,1,0,1,0,0,0,8,1,1,1,0,0,0,0,1,0,27,42,34,5,4,8,9,1,0,0,0,8,0,3,0,0,0,0,0,1,0,0,0,0,0,,,1,27,50,27,19,4,0,0,0
BSN190905170,evt,1909-05-17,0,BOS05,R,1,BSN,SLN,1,0,1,0,1,35,28,1,3,4,1,0,0,0,1,,5,0,4,2,1,1,0,1,1,0,7,1,1,0,0,0,1,0,1,0,27,39,31,6,6,7,12,2,0,1,0,6,0,2,1,0,2,0,0,0,0,0,0,7,12,,,1,27,46,27,15,4,1,0,0
BSN190905170,box,1909-05-17,0,BOS05,R,1,BSN,SLN,1,0,1,0,1,,28,1,3,4,1,0,0,,1,,5,0,4,2,1,1,0,1,1,0,7,1,1,0,0,0,1,0,1,0,27,39,31,6,6,7,12,2,0,1,0,6,0,2,1,0,2,0,0,0,0,0,0,0,0,,,1,27,46,27,15,4,1,0,0
BSN190905180,evt,1909-05-18,0,BOS05,R,1,BSN,SLN,1,0,1,0,1,34,31,1,4,5,1,0,0,0,1,,2,0,3,0,0,1,0,0,1,0,6,1,1,1,0,0,0,0,1,0,27,39,29,3,3,4,4,0,0,0,0,9,0,8,0,0,0,1,0,0,0,0,0,6,12,,,1,27,33,27,6,0,0,0,0
BSN190905180,box,1909-05-18,0,BOS05,R,1,BSN,SLN,1,0,1,0,1,,31,1,4,5,1,0,0,,1,,2,0,3,0,0,1,0,0,1,0,6,1,1,1,0,0,0,0,1,0,27,39,29,3,3,4,4,0,0,0,0,9,0,8,0,0,0,1,0,0,0,0,0,0,0,,,1,27,33,27,6,0,0,0,0
BSN190905190,evt,1909-05-19,0,BOS05,R,1,BSN,SLN,1,0,1,0,1,32,31,0,5,5,0,0,0,0,0,,1,0,1,2,0,0,0,1,0,0,5,1,1,0,0,0,1,0,1,0,27,35,32,2,2,10,10,0,0,0,0,2,0,4,3,0,1,0,0,0,0,0,0,9,9,,,1,27,41,27,14,0,4,0,0
BSN190905190,box,1909-05-19,0,BOS05,R,1,BSN,SLN,1,0,1,0,1,,31,0,5,5,0,0,0,,0,,1,0,1,2,0,0,0,1,0,0,5,1,1,0,0,0,1,0,1,0,27,35,32,2,2,10,10,0,0,0,0,2,0,4,3,0,1,0,0,0,0,0,0,0,0,,,1,27,41,27,14,0,4,0,0
BSN190905200,evt,1909-05-20,0,BOS05,R,1,BSN,CHN,1,0,1,0,1,33,30,2,6,6,0,0,0,0,2,,1,0,6,0,0,2,0,0,1,0,4,1,1,1,0,0,0,0,1,0,27,40,32,6,5,10,11,1,0,0,0,6,0,0,0,0,1,1,0,0,0,0,0,11,12,,,1,27,44,27,14,3,0,0,0
BSN190905200,box,1909-05-20,0,BOS05,R,1,BSN,CHN,1,0,1,0,1,,30,2,6,6,0,0,0,,2,,1,0,6,0,0,2,0,0,1,0,4,1,1,1,0,0,0,0,1,0,27,40,32,6,5,10,11,1,0,0,0,6,0,0,0,0,1,1,0,0,0,0,0,0,0,,,1,27,44,27,14,3,0,0,0
BSN190905210,evt,1909-05-21,0,BOS05,R,1,BSN,CHN,1,0,1,0,1,32,28,0,2,2,0,0,0,0,0,,4,0,8,0,0,0,0,2,2,0,5,1,1,1,0,0,0,0,1,0,27,44,38,7,5,12,18,1,1,1,0,3,0,5,0,0,3,0,0,1,0,0,0,11,6,,,1,27,47,27,15,5,0,0,0
BSN190905210,box,1909-05-21,0,BOS05,R,1,BSN,CHN,1,0,1,0,1,,28,0,2,2,0,0,0,,0,,4,0,8,0,0,0,0,2,2,0,5,1,1,1,0,0,0,0,1,0,27,44,38,7,5,12,18,1,1,1,0,3,0,5,0,0,3,0,0,1,0,0,0,0,0,,,1,27,47,27,15,5,0,0,0
BSN190905240,evt,1909-05-24,0,BOS05,R,1,BSN,PIT,1,0,1,0,1,40,35,2,9,10,1,0,0,0,2,,4,0,2,0,1,0,0,1,0,0,11,1,1,0,0,0,1,0,1,0,27,36,29,6,6,9,11,0,1,0,0,4,0,3,0,0,3,0,0,0,0,2,2,7,10,,,1,27,42,27,15,0,1,0,0
BSN190905240,box,1909-05-24,0,BOS05,R,1,BSN,PIT,1,0,1,0,1,,35,2,9,10,1,0,0,,2,,4,0,2,0,1,0,0,1,0,0,11,1,1,0,0,0,1,0,1,0,27,36,29,6,6,9,11,0,1,0,0,4,0,3,0,0,3,0,0,0,0,0,0,0,0,,,1,27,42,27,15,0,1,0,0
BSN190905250,evt,1909-05-25,0,BOS05,R,1,BSN,PIT,1,0,1,0,1,31,30,2,6,6,0,0,0,0,2,,1,0,1,1,0,0,0,0,1,0,2,1,1,1,0,0,0,0,1,0,27,38,33,6,6,6,12,0,0,2,0,3,0,1,0,0,2,0,0,0,1,0,0,7,16,,,1,27,41,27,10,4,0,0,1
BSN190905250,box,1909-05-25,0,BOS05,R,1,BSN,PIT,1,0,1,0,1,,30,2,6,6,0,0,0,,2,,1,0,1,1,0,0,0,0,1,0,2,1,1,1,0,0,0,0,1,0,27,38,33,6,6,6,12,0,0,2,0,3,0,1,0,0,2,0,0,0,1,0,0,0,0,,,1,27,41,27,10,4,0,0,1
BSN190905260,evt,1909-05-26,0,BOS05,R,1,BSN,PIT,1,0,1,0,1,41,36,4,11,12,1,0,0,0,4,,2,0,2,1,0,0,3,5,3,0,7,1,1,1,0,0,0,0,1,0,30,50,44,9,9,12,20,6,1,0,0,5,1,5,0,0,1,0,0,0,2,0,0,12,10,,,1,30,48,30,13,5,1,0,0
BSN190905260,box,1909-05-26,0,BOS05,R,1,BSN,PIT,1,0,1,0,1,,36,4,11,12,1,0,0,,4,,2,0,2,1,0,0,3,5,3,0,7,1,1,1,0,0,0,0,1,0,30,50,44,9,9,12,20,6,1,0,0,5,1,5,0,0,1,0,0,0,2,0,0,0,0,,,1,30,48,30,13,5,1,0,0
BSN190905270,evt,1909-05-27,0,BOS05,R,1,BSN,PIT,1,0,1,0,1,36,32,0,6,6,0,0,0,0,0,,4,1,1,0,0,0,0,3,1,0,9,1,1,1,0,0,0,0,1,0,27,39,34,7,7,10,13,3,0,0,0,5,0,2,0,0,0,0,0,0,0,0,0,13,7,,,1,27,49,27,19,3,1,0,0
BSN190905270,box,1909-05-27,0,BOS05,R,1,BSN,PIT,1,0,1,0,1,,32,0,6,6,0,0,0,,0,,4,1,1,0,0,0,0,3,1,0,9,1,1,1,0,0,0,0,1,0,27,39,34,7,7,10,13,3,0,0,0,5,0,2,0,0,0,0,0,0,0,0,0,0,0,,,1,27,49,27,19,3,1,0,0
BSN190905291,evt,1909-05-29,1,BOS05,R,1,BSN,BRO,1,0,1,0,1,40,31,1,7,9,0,1,0,0,1,,8,0,1,0,0,1,0,2,2,0,12,1,1,1,0,0,0,0,1,0,27,35,32,4,2,5,8,1,1,0,0,1,0,3,0,0,1,1,0,0,0,0,0,14,9,,,1,27,41,27,13,1,0,0,0
BSN190905291,box,1909-05-29,1,BOS05,R,1,BSN,BRO,1,0,1,0,1,,31,1,7,9,0,1,0,,1,,8,0,1,0,0,1,0,2,2,0,12,1,1,1,0,0,0,0,1,0,27,35,32,4,2,5,8,1,1,0,0,1,0,3,0,0,1,1,0,0,0,0,0,0,0,,,1,27,41,27,13,1,0,0,0
BSN190905292,evt,1909-05-29,2,BOS05,R,1,BSN,BRO,1,0,1,0,1,34,32,1,6,7,1,0,0,0,1,,2,0,3,0,0,0,0,0,0,0,6,1,1,1,0,0,0,0,1,0,27,40,30,4,3,6,8,2,0,0,0,4,0,4,0,1,4,1,0,0,0,0,0,5,14,,,1,27,38,27,8,3,0,0,0
BSN190905292,box,1909-05-29,2,BOS05,R,1,BSN,BRO,1,0,1,0,1,,32,1,6,7,1,0,0,,1,,2,0,3,0,0,0,0,0,0,0,6,1,1,1,0,0,0,0,1,0,27,40,30,4,3,6,8,2,0,0,0,4,0,4,0,1,4,1,0,0,0,0,0,0,0,,,1,27,38,27,8,3,0,0,0
BSN190905311,evt,1909-05-31,1,BOS05,R,1,BSN,BRO,1,1,0,0,1,33,27,1,6,8,0,1,0,0,1,,3,0,1,1,2,1,0,2,1,0,8,1,1,1,1,0,0,1,0,0,27,34,30,0,0,9,9,0,0,0,0,2,0,2,0,0,2,0,0,0,0,0,0,10,9,,,1,27,45,27,18,0,1,0,0
BSN190905311,box,1909-05-31,1,BOS05,R,1,BSN,BRO,1,1,0,0,1,,27,1,6,8,0,1,0,,1,,3,0,1,1,2,1,0,2,1,0,8,1,1,1,1,0,0,1,0,0,27,34,30,0,0,9,9,0,0,0,0,2,0,2,0,0,2,0,0,0,0,0,0,0,0,,,1,27,45,27,18,0,1,0,0
BSN190905312,evt,1909-05-31,2,BOS05,R,1,BSN,BRO,1,0,1,0,1,34,30,0,5,6,1,0,0,0,0,,3,0,7,0,0,1,0,0,2,0,7,1,1,0,0,0,1,0,1,0,27,35,32,3,1,4,5,1,0,0,0,3,0,6,0,0,0,0,0,0,0,0,0,16,4,,,1,27,46,27,16,3,0,0,1
BSN190905312,box,1909-05-31,2,BOS05,R,1,BSN,BRO,1,0,1,0,1,,30,0,5,6,1,0,0,,0,,3,0,7,0,0,1,0,0,2,0,7,1,1,0,0,0,1,0,1,0,27,35,32,3,1,4,5,1,0,0,0,3,0,6,0,0,0,0,0,0,0,0,0,0,0,,,1,27,46,27,16,3,0,0,1
PIT190906020,evt,1909-06-02,0,PIT05,R,0,BSN,PIT,1,0,1,0,1,33,31,0,4,4,0,0,0,0,0,,2,0,0,1,0,0,0,0,0,0,6,1,1,1,0,0,0,0,1,0,24,34,31,2,2,9,15,2,2,0,0,2,0,0,1,0,1,0,0,0,0,0,0,13,9,,,1,24,16,12,3,1,1,0,0
PIT190906020,box,1909-06-02,0,PIT05,R,0,BSN,PIT,1,0,1,0,1,,31,0,4,4,0,0,0,,0,,2,0,0,1,0,0,0,0,0,0,6,1,1,1,0,0,0,0,1,0,24,34,31,2,2,9,15,2,2,0,0,2,0,0,1,0,1,0,0,0,0,0,0,0,0,,,1,24,33,24,8,1,1,0,0
PIT190906030,evt,1909-06-03,0,PIT05,R,0,BSN,PIT,1,0,1,0,1,42,35,8,13,20,1,3,0,0,5,,3,0,4,0,0,3,1,3,1,0,7,1,1,0,0,0,1,0,1,0,24,42,31,9,9,9,12,0,0,1,1,8,0,3,0,0,2,1,0,0,0,3,3,10,8,,,1,24,27,18,7,2,0,0,0
PIT190906030,box,1909-06-03,0,PIT05,R,0,BSN,PIT,1,0,1,0,1,,35,8,13,20,1,3,0,,5,,3,0,4,0,0,3,1,3,1,0,7,1,1,0,0,0,1,0,1,0,24,42,31,9,9,9,12,0,0,1,0,8,0,3,0,0,2,1,0,0,0,0,0,0,0,,,1,24,36,24,10,2,0,0,0
PIT190906050,evt,1909-06-05,0,PIT05,R,0,BSN,PIT,1,0,1,0,1,36,35,1,9,10,1,0,0,0,1,,0,0,2,0,0,1,0,1,0,0,8,1,1,1,0,0,0,0,1,0,24,38,31,3,3,8,9,1,0,0,0,7,0,2,0,0,0,0,0,1,0,0,0,9,11,,,1,24,38,24,12,2,0,0,0
PIT190906050,box,1909-06-05,0,PIT05,R,0,BSN,PIT,1,0,1,0,1,,35,1,9,10,1,0,0,,1,,0,0,2,0,0,1,0,1,0,0,8,1,1,1,0,0,0,0,1,0,24,38,31,3,3,8,9,1,0,0,0,7,0,2,0,0,0,0,0,1,0,0,0,0,0,,,1,24,38,24,12,2,0,0,0
CIN190906070,evt,1909-06-07,0,CIN06,R,0,BSN,CIN,1,0,1,0,1,37,33,1,7,10,1,1,0,0,0,,3,0,2,1,0,1,0,0,0,0,9,1,1,0,0,0,1,0,1,0,24,37,32,6,6,11,14,1,1,0,0,4,1,1,1,0,1,0,0,0,0,0,0,17,1,,,1,24,19,9,7,3,1,0,0
CIN190906070,box,1909-06-07,0,CIN06,R,0,BSN,CIN,1,0,1,0,1,,33,1,7,10,1,1,0,,0,,3,0,2,1,0,1,0,0,0,0,9,1,1,0,0,0,1,0,1,0,24,37,32,6,6,11,14,1,1,0,0,4,1,1,1,0,1,0,0,0,0,0,0,0,0,,,1,24,43,24,16,3,1,0,0
CIN190906090,evt,1909-06-09,0,CIN06,R,0,BSN,CIN,1,0,1,0,1,39,37,2,11,12,1,0,0,0,2,,1,0,3,1,1,0,0,0,0,0,10,1,1,1,0,0,0,0,1,0,24,44,37,13,11,17,19,2,0,0,0,5,0,0,0,0,1,1,0,0,0,0,0,12,7,,,1,24,27,15,9,3,2,0,0
CIN190906090,box,1909-06-09,0,CIN06,R,0,BSN,CIN,1,0,1,0,1,,37,2,11,12,1,0,0,,2,,1,0,,1,1,0,0,0,0,0,10,1,1,1,0,0,0,0,1,0,24,44,37,13,11,17,19,2,0,0,0,5,0,0,0,0,1,1,0,0,0,0,0,0,0,,,1,24,42,24,15,3,2,0,0
CHN190906110,evt,1909-06-11,0,CHI08,R,0,BSN,CHN,1,1,0,0,1,38,34,4,9,12,1,1,0,0,4,,2,0,4,0,0,1,1,2,3,0,7,1,1,1,0,0,0,1,0,0,27,39,32,2,2,5,7,0,1,0,0,6,0,2,0,0,1,0,0,0,0,0,0,12,12,,,1,27,42,27,13,2,1,0,0
CHN190906110,box,1909-06-11,0,CHI08,R,0,BSN,CHN,1,1,0,0,1,,34,4,9,12,1,1,0,,4,,2,0,4,0,0,1,1,2,3,0,7,1,1,1,0,0,0,1,0,0,27,39,32,2,2,5,7,0,1,0,0,6,0,2,0,0,1,0,0,0,0,0,0,0,0,,,1,27,42,27,13,2,1,0,0
CHN190906120,evt,1909-06-12,0,CHI08,R,0,BSN,CHN,1,0,1,0,1,36,35,0,9,9,0,0,0,0,0,,1,0,3,1,0,0,0,1,0,0,9,1,1,1,0,0,0,0,1,0,24,31,29,2,1,6,6,0,0,0,0,0,0,1,1,1,1,0,0,0,0,0,0,10,10,,,1,24,40,24,14,2,1,0,0
CHN190906120,box,1909-06-12,0,CHI08,R,0,BSN,CHN,1,0,1,0,1,,35,0,9,9,0,0,0,,0,,1,0,3,1,0,0,0,1,0,0,9,1,1,1,0,0,0,0,1,0,24,31,29,2,1,6,6,0,0,0,0,0,0,1,1,1,1,0,0,0,0,0,0,0,0,,,1,24,40,24,14,2,1,0,0
CHN190906130,evt,1909-06-13,0,CHI08,R,0,BSN,CHN,1,0,1,0,1,39,37,7,9,10,1,0,0,0,3,,2,0,3,0,0,0,0,2,1,0,5,1,1,1,0,0,0,0,1,0,24,42,34,9,4,11,17,4,1,0,0,6,0,0,0,0,1,1,0,0,0,0,0,16,5,,,1,24,23,10,5,8,0,0,0
CHN190906130,box,1909-06-13,0,CHI08,R,0,BSN,CHN,1,0,1,0,1,,37,7,9,10,1,0,0,,3,,2,0,3,0,0,0,0,2,1,0,5,1,1,1,0,0,0,0,1,0,24,42,34,9,4,11,17,4,1,0,0,6,0,0,0,0,1,1,0,0,0,0,0,0,0,,,1,24,48,24,16,8,0,0,0
SLN190906160,box,1909-06-16,0,STL05,R,0,BSN,SLN,1,0,1,0,1,,35,3,5,5,0,0,0,,2,,5,0,,0,0,1,0,0,0,0,11,1,1,1,0,0,0,0,1,0,24,40,34,6,4,13,13,0,0,0,0,4,0,2,0,0,2,0,0,0,0,0,0,0,0,,,1,24,37,24,12,1,1,0,0
SLN190906160,ded,1909-06-16,0,STL05,R,0,BSN,SLN,1,0,1,0,1,41,35,3,5,5,0,0,0,0,2,,5,0,0,0,0,1,0,0,0,0,11,1,1,1,0,0,0,0,1,0,24,40,34,6,4,13,13,0,0,0,0,4,0,2,0,0,2,0,0,0,0,0,0,15,3,,,1,24,12,8,3,1,1,0,0
SLN190906170,evt,1909-06-17,0,STL05,R,0,BSN,SLN,1,0,1,0,1,36,32,3,8,10,0,1,0,0,3,,1,0,1,0,0,3,0,0,0,0,6,1,1,1,0,0,0,0,1,0,24,33,28,4,4,9,11,2,0,0,0,2,0,1,1,1,2,0,0,2,0,0,0,15,1,,,1,24,19,9,10,0,2,0,0
SLN190906170,box,1909-06-17,0,STL05,R,0,BSN,SLN,1,0,1,0,1,,32,3,8,10,0,1,0,,3,,1,0,,0,0,3,0,0,0,0,6,1,1,1,0,0,0,0,1,0,24,33,28,4,4,9,11,2,0,0,0,2,0,,1,1,2,0,0,2,0,0,0,0,0,,,1,24,40,24,16,0,2,0,0
SLN190906190,evt,1909-06-19,0,STL05,R,0,BSN,SLN,1,0,1,0,1,32,31,4,3,4,1,0,0,0,2,,1,0,0,1,0,0,0,0,0,0,1,1,1,0,0,0,1,0,1,0,24,38,33,6,5,10,16,2,2,0,0,2,0,0,0,1,2,0,0,0,0,2,1,19,2,,,1,24,15,8,6,1,0,0,0
SLN190906190,box,1909-06-19,0,STL05,R,0,BSN,SLN,1,0,1,0,1,,31,4,3,4,1,0,0,,2,,1,0,,1,0,0,0,0,0,0,1,1,1,0,0,0,1,0,1,0,24,38,33,6,5,10,16,2,2,0,0,2,0,,0,1,2,0,0,0,0,0,0,0,0,,,1,24,36,24,11,1,0,0,0
SLN190906200,evt,1909-06-20,0,STL05,R,0,BSN,SLN,1,0,1,0,1,36,34,3,8,9,1,0,0,0,3,,1,0,0,0,0,0,1,1,1,0,6,1,1,1,0,0,0,0,1,0,24,39,38,8,7,15,22,5,1,0,0,0,0,1,0,1,0,0,0,0,0,0,0,18,2,,,1,24,10,5,2,3,1,0,0
SLN190906200,box,1909-06-20,0,STL05,R,0,BSN,SLN,1,0,1,0,1,,34,3,8,9,1,0,0,,3,,1,0,,0,0,0,1,1,1,0,6,1,1,1,0,0,0,0,1,0,24,39,38,8,7,15,22,5,1,0,0,0,0,,0,1,0,0,0,0,0,0,0,0,0,,,1,24,43,24,16,3,1,0,0
NY1190906231,evt,1909-06-23,1,NYC10,R,0,BSN,NY1,1,0,1,0,1,34,32,4,6,13,0,2,1,0,2,,1,0,6,0,0,1,0,1,2,0,3,1,1,1,0,0,0,0,1,0,25,37,31,5,4,7,7,0,0,0,0,5,0,3,0,0,1,0,0,2,1,0,0,13,7,,,1,25,40,25,14,1,0,0,0
NY1190906231,box,1909-06-23,1,NYC10,R,0,BSN,NY1,1,0,1,0,1,,32,4,6,13,0,2,1,,2,,1,0,6,0,0,1,0,1,2,0,3,1,1,1,0,0,0,0,1,0,25,37,31,5,4,7,7,0,0,0,0,5,0,3,0,0,1,0,0,2,1,0,0,0,0,,,1,25,40,25,14,1,0,0,0
NY1190906232,evt,1909-06-23,2,NYC10,R,0,BSN,NY1,1,0,1,0,1,36,34,1,4,7,0,0,1,0,1,,2,0,4,0,0,0,0,0,0,0,8,1,1,0,0,0,1,0,1,0,24,40,37,11,11,18,25,2,1,1,0,3,0,2,2,0,0,0,0,0,0,2,1,6,10,,,1,24,38,24,12,2,3,0,0
NY1190906232,box,1909-06-23,2,NYC10,R,0,BSN,NY1,1,0,1,0,1,,34,1,4,7,0,0,1,,1,,2,0,,0,0,0,0,0,0,0,8,1,1,0,0,0,1,0,1,0,24,40,37,11,11,18,25,2,1,1,0,3,0,2,2,0,0,0,0,0,0,0,0,0,0,,,1,24,38,24,12,2,3,0,0
NY1190906241,evt,1909-06-24,1,NYC10,R,0,BSN,NY1,1,0,1,0,1,37,35,4,11,13,0,1,0,0,2,,1,0,2,0,0,1,0,0,1,0,6,1,1,1,0,0,0,0,1,0,24,38,35,7,5,13,18,1,2,0,0,2,0,1,0,0,1,0,0,1,0,0,0,6,14,,,1,24,38,24,10,4,0,0,0
NY1190906241,box,1909-06-24,1,NYC10,R,0,BSN,NY1,1,0,1,0,1,,35,4,11,13,0,1,0,,2,,1,0,2,0,0,1,0,0,1,0,6,1,1,1,0,0,0,0,1,0,24,38,35,7,5,13,18,1,2,0,0,2,0,1,0,0,1,0,0,1,0,0,0,0,0,,,1,24,38,24,10,4,0,0,0
NY1190906242,evt,1909-06-24,2,NYC10,R,0,BSN,NY1,1,0,1,0,1,38,33,5,5,5,0,0,0,0,2,,4,0,6,0,1,0,0,0,0,0,6,1,1,0,0,0,1,0,1,0,24,39,34,12,10,11,19,0,1,2,0,3,0,1,0,1,0,1,0,0,0,2,1,7,13,,,1,24,35,24,8,3,1,0,0
NY1190906242,box,1909-06-24,2,NYC10,R,0,BSN,NY1,1,0,1,0,1,,33,5,5,5,0,0,0,,2,,4,0,6,0,1,0,0,0,0,0,6,1,1,0,0,0,1,0,1,0,24,39,34,12,10,11,19,0,1,2,0,3,0,1,0,1,0,1,0,0,0,0,0,0,0,,,1,24,35,24,8,3,1,0,0
BSN190906250,evt,1909-06-25,0,BOS05,R,1,BSN,PHI,1,0,1,0,1,33,30,0,4,5,1,0,0,0,0,,2,0,3,0,0,1,0,0,0,0,6,1,1,0,0,0,1,0,1,0,27,41,32,6,6,11,11,0,0,0,0,3,0,1,0,1,4,1,0,0,0,0,0,9,10,,,1,27,45,27,16,2,1,0,0
BSN190906250,box,1909-06-25,0,BOS05,R,1,BSN,PHI,1,0,1,0,1,,30,0,4,5,1,0,0,,0,,2,0,3,0,0,1,0,0,0,0,6,1,1,0,0,0,1,0,1,0,27,41,32,6,6,11,11,0,0,0,0,3,0,1,0,1,4,1,0,0,0,0,0,0,0,,,1,27,45,27,16,2,1,0,0
BSN190906261,evt,1909-06-26,1,BOS05,R,1,BSN,PHI,1,1,0,0,1,37,34,6,11,18,1,0,2,0,6,,1,0,5,0,0,1,1,2,0,0,7,1,1,1,0,0,0,1,0,0,27,36,27,3,3,5,5,0,0,0,0,6,0,1,0,0,2,1,0,1,0,0,0,5,15,,,1,27,43,27,13,3,0,0,0
BSN190906261,box,1909-06-26,1,BOS05,R,1,BSN,PHI,1,1,0,0,1,,34,6,11,18,1,0,2,,6,,1,0,5,0,0,1,1,2,0,0,7,1,1,1,0,0,0,1,0,0,27,36,27,3,3,5,5,0,0,0,0,6,0,1,0,0,2,1,0,1,0,0,0,0,0,,,1,27,43,27,13,3,0,0,0
BSN190906262,evt,1909-06-26,2,BOS05,R,1,BSN,PHI,1,1,0,0,1,37,32,7,10,14,2,1,0,0,7,,3,0,8,0,0,2,0,2,1,0,6,1,1,1,0,0,0,1,0,0,27,40,38,3,1,11,11,0,0,0,0,1,0,5,0,0,0,1,0,0,0,0,0,9,11,,,1,27,41,27,11,3,1,0,0
BSN190906262,box,1909-06-26,2,BOS05,R,1,BSN,PHI,1,1,0,0,1,,32,7,10,14,2,1,0,,7,,3,0,8,0,0,2,0,2,1,0,6,1,1,1,0,0,0,1,0,0,27,40,38,3,1,11,11,0,0,0,0,1,0,5,0,0,0,1,0,0,0,0,0,0,0,,,1,27,41,27,11,3,1,0,0
BSN190906280,evt,1909-06-28,0,BOS05,R,1,BSN,PHI,1,0,1,0,1,38,31,3,9,12,1,1,0,0,3,,4,0,3,1,0,2,1,0,1,0,8,1,1,1,0,0,0,0,1,0,27,40,37,5,3,11,12,1,0,0,0,1,0,0,0,1,1,0,0,0,0,0,0,15,11,,,1,27,43,27,14,2,0,0,0
BSN190906280,box,1909-06-28,0,BOS05,R,1,BSN,PHI,1,0,1,0,1,,31,3,9,12,1,1,0,,3,,4,0,3,1,0,2,1,0,1,0,8,1,1,1,0,0,0,0,1,0,27,40,37,5,3,11,12,1,0,0,0,1,0,0,0,1,1,0,0,0,0,0,0,0,0,,,1,27,43,27,14,2,0,0,0
PHI190906290,evt,1909-06-29,0,PHI09,R,0,BSN,PHI,1,0,1,0,1,35,33,3,6,7,1,0,0,0,3,,1,0,4,1,0,1,0,0,0,0,5,1,1,1,0,0,0,0,1,0,24,33,26,4,2,6,10,2,1,0,0,4,0,0,0,0,3,0,0,0,0,0,0,12,7,,,1,24,46,24,20,2,0,0,0
PHI190906290,box,1909-06-29,0,PHI09,R,0,BSN,PHI,1,0,1,0,1,,33,3,6,7,1,0,0,,3,,1,0,4,1,0,1,0,0,0,0,5,1,1,1,0,0,0,0,1,0,24,33,26,4,2,6,10,2,1,0,0,4,0,0,0,0,3,0,0,0,0,0,0,0,0,,,1,24,46,24,20,2,0,0,0
PHI190906300,evt,1909-06-30,0,PHI09,R,0,BSN,PHI,1,1,0,0,1,31,28,1,5,8,1,1,0,0,1,,2,0,4,0,0,1,0,0,2,0,3,1,1,1,1,0,0,1,0,0,27,37,30,0,0,4,5,1,0,0,0,3,0,4,0,1,3,0,0,0,0,0,0,4,16,,,1,27,35,27,6,2,0,0,0
PHI190906300,box,1909-06-30,0,PHI09,R,0,BSN,PHI,1,1,0,0,1,,28,1,5,8,1,1,0,,1,,2,0,4,0,0,1,0,0,2,0,3,1,1,1,1,0,0,1,0,0,27,37,30,0,0,4,5,1,0,0,0,3,0,4,0,1,3,0,0,0,0,0,0,0,0,,,1,27,35,27,6,2,0,0,0
PHI190907021,evt,1909-07-02,1,PHI09,R,0,BSN,PHI,1,0,1,0,1,44,34,4,7,11,2,1,0,0,4,,7,0,0,0,0,3,0,0,3,0,7,1,1,0,0,0,1,0,1,0,31,46,43,5,4,13,16,3,0,0,0,3,0,3,1,0,0,0,0,2,0,2,0,14,10,,,1,31,53,31,16,6,1,0,0
PHI190907021,box,1909-07-02,1,PHI09,R,0,BSN,PHI,1,0,1,0,1,,34,4,7,11,2,1,0,,4,,7,0,0,0,0,3,0,0,3,0,7,1,1,0,0,0,1,0,1,0,31,46,43,5,4,13,16,3,0,0,0,3,0,3,1,0,0,0,0,2,0,0,0,0,0,,,1,31,53,31,16,6,1,0,0
PHI190907022,evt,1909-07-02,2,PHI09,R,0,BSN,PHI,1,1,0,0,1,36,33,3,10,13,1,1,0,0,3,,2,0,5,0,0,1,0,6,1,0,6,1,1,1,1,0,0,1,0,0,27,29,28,0,0,2,4,2,0,0,0,1,0,0,0,0,0,0,0,0,0,0,0,11,15,,,1,27,35,27,8,0,0,0,0
PHI190907022,box,1909-07-02,2,PHI09,R,0,BSN,PHI,1,1,0,0,1,,33,3,10,13,1,1,0,,3,,2,0,5,0,0,1,0,6,1,0,6,1,1,1,1,0,0,1,0,0,27,29,28,0,0,2,4,2,0,0,0,1,0,0,0,0,0,0,0,0,0,0,0,0,0,,,1,27,35,27,8,0,0,0,0
PHI190907031,evt,1909-07-03,1,PHI09,R,0,BSN,PHI,1,0,1,0,1,39,33,6,8,9,1,0,0,0,5,,3,0,1,0,0,2,1,3,0,0,6,1,1,0,0,0,1,0,1,0,25,46,35,7,6,12,17,1,2,0,0,7,0,0,0,2,1,1,0,2,0,1,0,9,14,,,1,25,38,25,11,2,0,0,0
PHI190907031,box,1909-07-03,1,PHI09,R,0,BSN,PHI,1,0,1,0,1,,33,6,8,9,1,0,0,,5,,3,0,1,0,0,2,1,3,0,0,6,1,1,0,0,0,1,0,1,0,25,46,35,7,6,12,17,1,2,0,0,7,0,0,0,2,1,1,0,2,0,0,0,0,0,,,1,25,38,25,11,2,0,0,0
PHI190907032,evt,1909-07-03,2,PHI09,R,0,BSN,PHI,1,1,0,0,1,43,34,4,9,14,2,0,1,0,3,,4,0,7,0,2,3,0,2,0,0,12,1,1,1,1,0,0,1,0,0,27,33,31,0,0,5,6,1,0,0,0,1,0,1,0,0,1,0,0,0,0,0,0,10,13,,,1,27,41,27,13,1,1,0,0
PHI190907032,box,1909-07-03,2,PHI09,R,0,BSN,PHI,1,1,0,0,1,,34,4,9,14,2,0,1,,3,,4,0,7,0,2,3,0,2,0,0,12,1,1,1,1,0,0,1,0,0,27,33,31,0,0,5,6,1,0,0,0,1,0,1,0,0,1,0,0,0,0,0,0,0,0,,,1,27,41,27,13,1,1,0,0
BRO190907051,evt,1909-07-05,1,NYC12,R,0,BSN,BRO,1,1,0,0,1,36,28,5,7,9,0,1,0,0,4,,5,0,4,1,0,2,1,1,3,0,4,1,1,1,0,0,0,1,0,0,27,33,29,1,1,6,7,1,0,0,0,3,0,4,1,0,1,0,0,0,0,0,0,8,10,,,1,27,41,27,13,1,1,0,0
BRO190907051,box,1909-07-05,1,NYC12,R,0,BSN,BRO,1,1,0,0,1,,28,5,7,9,0,1,0,,4,,5,0,4,1,0,2,1,1,3,0,4,1,1,1,0,0,0,1,0,0,27,33,29,1,1,6,7,1,0,0,0,3,0,4,1,0,1,0,0,0,0,0,0,0,0,,,1,27,41,27,13,1,1,0,0
BRO190907052,evt,1909-07-05,2,NYC12,R,0,BSN,BRO,1,0,1,0,1,39,37,1,11,11,0,0,0,0,1,,2,0,3,0,0,0,0,2,0,0,11,1,1,0,0,0,1,0,1,0,24,34,33,3,3,9,11,0,1,0,0,0,0,5,0,0,1,0,0,0,0,0,0,8,10,,,1,24,33,24,7,2,0,0,0
BRO190907052,box,1909-07-05,2,NYC12,R,0,BSN,BRO,1,0,1,0,1,,37,1,11,11,0,0,0,,1,,2,0,3,0,0,0,0,2,0,0,11,1,1,0,0,0,1,0,1,0,24,34,33,3,3,9,11,0,1,0,0,0,0,5,0,0,1,0,0,0,0,0,0,0,0,,,1,24,33,24,7,2,0,0,0
BRO190907060,evt,1909-07-06,0,NYC12,R,0,BSN,BRO,1,0,1,0,1,35,32,1,3,5,0,1,0,0,0,,3,0,3,0,0,0,0,3,0,0,7,1,1,0,0,0,1,0,1,0,24,29,26,2,2,7,11,0,2,0,0,1,0,2,0,0,1,1,0,0,0,0,0,9,9,,,1,24,37,24,13,0,1,0,0
BRO190907060,box,1909-07-06,0,NYC12,R,0,BSN,BRO,1,0,1,0,1,,32,1,3,5,0,1,0,,0,,3,0,3,0,0,0,0,3,0,0,7,1,1,0,0,0,1,0,1,0,24,29,26,2,2,7,11,0,2,0,0,1,0,2,0,0,1,1,0,0,0,0,0,0,0,,,1,24,37,24,13,0,1,0,0
BRO190907071,evt,1909-07-07,1,NYC12,R,0,BSN,BRO,1,0,1,0,1,45,33,4,8,10,0,1,0,0,3,,9,0,6,0,1,1,1,0,0,0,14,1,1,0,0,0,1,0,1,0,24,35,29,7,7,7,17,2,1,2,0,4,0,0,0,0,2,0,0,1,0,0,0,20,2,,,1,24,4,3,1,0,0,0,0
BRO190907071,box,1909-07-07,1,NYC12,R,0,BSN,BRO,1,0,1,0,1,,33,4,8,10,0,1,0,,3,,9,0,6,0,1,1,1,0,0,0,14,1,1,0,0,0,1,0,1,0,24,35,29,7,7,7,17,2,1,2,0,4,0,0,0,0,2,0,0,1,0,0,0,0,0,,,1,24,40,24,16,0,0,0,0
BRO190907072,evt,1909-07-07,2,NYC12,R,0,BSN,BRO,1,0,1,0,1,36,32,1,8,9,1,0,0,0,1,,1,0,5,1,1,2,0,0,1,0,8,1,1,1,0,0,0,0,1,0,24,35,31,5,4,9,11,2,0,0,0,1,0,3,1,0,3,0,0,0,0,0,0,7,9,,,1,24,40,24,13,3,1,0,0
BRO190907072,box,1909-07-07,2,NYC12,R,0,BSN,BRO,1,0,1,0,1,,32,1,8,9,1,0,0,,1,,1,0,5,1,1,2,0,0,1,0,8,1,1,1,0,0,0,0,1,0,24,35,31,5,4,9,11,2,0,0,0,1,0,3,1,0,3,0,0,0,0,0,0,0,0,,,1,24,40,24,13,3,1,0,0
BSN190907080,evt,1909-07-08,0,BOS05,R,1,BSN,SLN,1,1,0,0,1,45,37,10,16,19,1,1,0,0,9,,6,0,2,0,0,2,0,1,1,0,11,1,1,1,0,0,0,1,0,0,27,43,34,6,5,10,12,2,0,0,0,7,0,3,0,0,1,1,0,0,0,0,0,7,14,,,1,27,38,27,10,1,0,0,0
BSN190907080,box,1909-07-08,0,BOS05,R,1,BSN,SLN,1,1,0,0,1,,37,10,16,19,1,1,0,,9,,6,0,2,0,0,2,0,1,1,0,11,1,1,1,0,0,0,1,0,0,27,43,34,6,5,10,12,2,0,0,0,7,0,3,0,0,1,1,0,0,0,0,0,0,0,,,1,27,38,27,10,1,0,0,0
BSN190907090,evt,1909-07-09,0,BOS05,R,1,BSN,SLN,1,1,0,0,1,39,32,4,8,12,0,2,0,0,3,,5,0,5,0,2,0,0,1,0,0,11,1,1,1,0,0,0,1,0,0,27,34,31,3,3,7,11,1,0,1,0,2,0,6,1,0,0,1,0,0,0,0,0,13,5,,,1,27,43,27,16,0,2,0,0
BSN190907090,box,1909-07-09,0,BOS05,R,1,BSN,SLN,1,1,0,0,1,,32,4,8,12,0,2,0,,3,,5,0,5,0,2,0,0,1,0,0,11,1,1,1,0,0,0,1,0,0,27,34,31,3,3,7,11,1,0,1,0,2,0,6,1,0,0,1,0,0,0,0,0,0,0,,,1,27,43,27,16,0,2,0,0
BSN190907100,evt,1909-07-10,0,BOS05,R,1,BSN,SLN,1,0,1,0,1,33,29,0,3,4,1,0,0,0,0,,4,0,3,1,0,0,0,0,0,0,6,1,1,0,0,0,1,0,1,0,27,43,32,6,4,9,14,3,1,0,0,6,0,0,2,1,4,0,0,0,0,2,0,13,7,,,1,27,47,27,17,3,2,0,1
BSN190907100,box,1909-07-10,0,BOS05,R,1,BSN,SLN,1,0,1,0,1,,29,0,3,4,1,0,0,,0,,4,0,3,1,0,0,0,0,0,0,6,1,1,0,0,0,1,0,1,0,27,43,32,6,4,9,14,3,1,0,0,6,0,0,2,1,4,0,0,0,0,0,0,0,0,,,1,27,47,27,17,3,2,0,1
BSN190907120,evt,1909-07-12,0,BOS05,R,1,BSN,SLN,1,1,0,0,1,35,33,4,7,7,0,0,0,0,4,,1,0,2,0,0,1,0,2,1,0,5,1,1,1,0,0,0,1,0,0,27,41,39,3,3,14,17,3,0,0,0,2,0,5,1,0,0,0,0,1,0,0,0,4,13,,,1,27,36,27,9,0,3,0,0
BSN190907120,box,1909-07-12,0,BOS05,R,1,BSN,SLN,1,1,0,0,1,,33,4,7,7,0,0,0,,4,,1,0,2,0,0,1,0,2,1,0,5,1,1,1,0,0,0,1,0,0,27,41,39,3,3,14,17,3,0,0,0,2,0,5,1,0,0,0,0,1,0,0,0,0,0,,,1,27,36,27,9,0,3,0,0
BSN190907131,evt,1909-07-13,1,BOS05,R,1,BSN,CHN,1,0,1,0,1,37,32,2,6,6,0,0,0,0,2,,2,0,5,0,0,3,0,1,1,0,8,1,1,0,0,0,1,0,1,0,27,34,27,3,3,5,8,0,0,1,0,5,0,5,0,0,2,0,0,0,0,0,0,8,7,,,1,27,45,27,16,2,2,0,0
BSN190907131,box,1909-07-13,1,BOS05,R,1,BSN,CHN,1,0,1,0,1,,32,2,6,6,0,0,0,,2,,2,0,5,0,0,3,0,1,1,0,8,1,1,0,0,0,1,0,1,0,27,34,27,3,3,5,8,0,0,1,0,5,0,5,0,0,2,0,0,0,0,0,0,0,0,,,1,27,44,27,15,2,2,0,0
BSN190907132,evt,1909-07-13,2,BOS05,R,1,BSN,CHN,1,0,1,0,1,32,31,0,6,6,0,0,0,0,0,,1,0,3,1,0,0,0,0,1,0,5,1,1,1,0,0,0,0,1,0,27,39,37,8,3,10,14,2,1,0,0,1,0,6,1,0,1,0,0,2,0,0,0,9,7,,,1,27,49,27,18,4,2,0,1
BSN190907132,box,1909-07-13,2,BOS05,R,1,BSN,CHN,1,0,1,0,1,,31,0,6,6,0,0,0,,0,,1,0,3,1,0,0,0,0,1,0,5,1,1,1,0,0,0,0,1,0,27,39,37,8,3,10,14,2,1,0,0,1,0,6,1,0,1,0,0,2,0,0,0,0,0,,,1,27,49,27,18,4,2,0,1
BSN190907140,evt,1909-07-14,0,BOS05,R,1,BSN,CHN,1,0,1,0,1,32,31,2,7,9,2,0,0,0,2,,1,0,5,0,0,0,0,0,1,0,3,1,1,0,0,0,1,0,1,0,27,42,37,8,1,10,11,1,0,0,0,2,0,2,0,0,3,0,0,0,0,0,0,11,10,,,1,27,50,27,16,7,0,0,0
BSN190907140,box,1909-07-14,0,BOS05,R,1,BSN,CHN,1,0,1,0,1,,31,2,7,9,2,0,0,,2,,1,0,5,0,0,0,0,0,1,0,3,1,1,0,0,0,1,0,1,0,27,42,37,8,1,10,11,1,0,0,0,2,0,2,0,0,3,0,0,0,0,0,0,0,0,,,1,27,50,27,16,7,0,0,0
BSN190907150,evt,1909-07-15,0,BOS05,R,1,BSN,CHN,1,0,1,0,1,33,30,2,4,5,1,0,0,0,2,,2,0,7,1,0,1,0,2,1,0,4,1,1,1,0,0,0,0,1,0,27,42,34,6,6,11,14,3,0,0,0,4,0,3,0,1,2,1,0,0,0,0,0,10,9,,,1,27,43,27,15,1,1,0,2
BSN190907150,box,1909-07-15,0,BOS05,R,1,BSN,CHN,1,0,1,0,1,,30,2,4,5,1,0,0,,2,,2,0,7,1,0,1,0,2,1,0,4,1,1,1,0,0,0,0,1,0,27,42,34,6,6,11,14,3,0,0,0,4,0,3,0,1,2,1,0,0,0,0,0,0,0,,,1,27,43,27,15,1,1,0,2
BSN190907160,evt,1909-07-16,0,BOS05,R,1,BSN,CHN,1,0,1,0,1,32,31,1,3,3,0,0,0,0,1,,1,0,5,0,0,0,0,0,0,0,4,1,1,1,0,0,0,0,1,0,27,36,31,4,1,8,10,2,0,0,0,3,0,12,0,0,2,0,0,0,0,0,0,3,6,,,1,27,40,27,11,2,0,0,1
BSN190907160,box,1909-07-16,0,BOS05,R,1,BSN,CHN,1,0,1,0,1,,31,1,3,3,0,0,0,,1,,1,0,5,0,0,0,0,0,0,0,4,1,1,1,0,0,0,0,1,0,27,36,31,4,1,8,10,2,0,0,0,3,0,12,0,0,2,0,0,0,0,0,0,0,0,,,1,27,40,27,11,2,0,0,1
BSN190907170,evt,1909-07-17,0,BOS05,R,1,BSN,CIN,1,1,0,0,1,33,30,1,10,11,1,0,0,0,1,,1,0,1,1,0,2,0,1,1,0,8,1,1,1,1,0,0,1,0,0,27,34,27,0,0,6,7,1,0,0,0,6,0,3,0,0,1,0,0,0,1,0,0,10,8,,,1,27,42,27,15,0,0,0,0
BSN190907170,box,1909-07-17,0,BOS05,R,1,BSN,CIN,1,1,0,0,1,,30,1,10,11,1,0,0,,1,,1,0,1,1,0,2,0,1,1,0,8,1,1,1,1,0,0,1,0,0,27,34,27,0,0,6,7,1,0,0,0,6,0,3,0,0,1,0,0,0,1,0,0,0,0,,,1,27,42,27,15,0,0,0,0
BSN190907190,evt,1909-07-19,0,BOS05,R,1,BSN,CIN,1,0,1,0,1,30,29,0,3,4,1,0,0,0,0,,1,0,4,1,0,0,0,0,0,0,3,1,1,0,0,0,1,0,1,0,27,37,31,5,5,9,11,2,0,0,0,6,0,2,0,0,0,0,0,1,0,3,2,14,6,,,1,27,47,27,20,0,0,0,0
BSN190907190,box,1909-07-19,0,BOS05,R,1,BSN,CIN,1,0,1,0,1,,29,0,3,4,1,0,0,,0,,1,0,4,1,0,0,0,0,0,0,3,1,1,0,0,0,1,0,1,0,27,37,31,5,5,9,11,2,0,0,0,6,0,2,0,0,0,0,0,1,0,0,0,0,0,,,1,27,47,27,20,0,0,0,0
BSN190907200,evt,1909-07-20,0,BOS05,R,1,BSN,CIN,1,0,1,0,1,33,32,1,7,9,2,0,0,0,1,,1,0,3,1,0,0,0,0,1,0,5,1,1,1,0,0,0,0,1,0,27,37,31,2,2,7,8,1,0,0,0,4,0,4,0,0,2,0,0,0,0,0,0,10,8,,,1,27,44,27,15,2,0,0,0
BSN190907200,box,1909-07-20,0,BOS05,R,1,BSN,CIN,1,0,1,0,1,,32,1,7,9,2,0,0,,1,,1,0,3,1,0,0,0,0,1,0,5,1,1,1,0,0,0,0,1,0,27,37,31,2,2,7,8,1,0,0,0,4,0,4,0,0,2,0,0,0,0,0,0,0,0,,,1,27,44,27,15,2,0,0,0
BSN190907210,evt,1909-07-21,0,BOS05,R,1,BSN,CIN,1,1,0,0,1,39,29,7,6,10,2,1,0,0,5,,5,0,5,0,2,3,0,4,0,0,8,1,1,1,0,0,0,1,0,0,27,35,34,2,2,10,10,0,0,0,0,1,0,3,3,0,0,0,0,0,0,0,0,7,13,,,1,27,38,27,10,1,3,0,0
BSN190907210,box,1909-07-21,0,BOS05,R,1,BSN,CIN,1,1,0,0,1,,29,7,6,10,2,1,0,,5,,5,0,5,0,2,3,0,4,0,0,8,1,1,1,0,0,0,1,0,0,27,35,34,2,2,10,10,0,0,0,0,1,0,3,3,0,0,0,0,0,0,0,0,0,0,,,1,27,38,27,10,1,3,0,0
BSN190907220,evt,1909-07-22,0,BOS05,R,1,BSN,PIT,1,0,1,0,1,37,28,0,3,3,0,0,0,0,0,,5,2,2,0,0,4,0,2,0,0,10,1,1,1,0,0,0,0,1,0,27,39,36,9,4,9,15,1,1,1,0,2,0,7,0,0,1,0,0,0,0,0,0,9,7,,,1,27,44,27,14,3,0,0,0
BSN190907220,box,1909-07-22,0,BOS05,R,1,BSN,PIT,1,0,1,0,1,,28,0,3,3,0,0,0,,0,,5,2,2,0,0,4,0,2,0,0,10,1,1,1,0,0,0,0,1,0,27,39,36,9,4,9,15,1,1,1,0,2,0,7,0,0,1,0,0,0,0,0,0,0,0,,,1,27,44,27,14,3,0,0,0
BSN190907241,evt,1909-07-24,1,BOS05,R,1,BSN,PIT,1,0,1,0,1,38,31,3,6,9,0,0,1,0,2,,6,0,3,1,0,1,0,1,1,0,8,1,1,1,0,0,0,0,1,0,27,40,34,7,7,12,17,5,0,0,0,4,1,7,0,0,1,1,0,0,0,0,0,7,9,,,1,27,38,27,11,0,1,0,0
BSN190907241,box,1909-07-24,1,BOS05,R,1,BSN,PIT,1,0,1,0,1,,31,3,6,9,0,0,1,,2,,6,0,3,1,0,1,0,1,1,0,8,1,1,1,0,0,0,0,1,0,27,40,34,7,7,12,17,5,0,0,0,4,1,7,0,0,1,1,0,0,0,0,0,0,0,,,1,27,38,27,11,0,1,0,0
BSN190907242,evt,1909-07-24,2,BOS05,R,1,BSN,PIT,1,0,1,0,1,35,35,3,9,15,1,1,1,0,3,,0,0,3,1,0,0,0,1,0,0,5,1,1,0,0,0,1,0,1,0,27,40,34,6,6,9,11,2,0,0,0,5,0,2,1,0,1,0,0,1,0,0,0,12,9,,,1,27,44,27,16,1,1,0,0
BSN190907242,box,1909-07-24,2,BOS05,R,1,BSN,PIT,1,0,1,0,1,,35,3,9,15,1,1,1,,3,,0,0,3,1,0,0,0,1,0,0,5,1,1,0,0,0,1,0,1,0,27,40,34,6,6,9,11,2,0,0,0,5,0,2,1,0,1,0,0,1,0,0,0,0,0,,,1,27,44,27,16,1,1,0,0
BSN190907260,evt,1909-07-26,0,BOS05,R,1,BSN,NY1,1,0,0,1,1,63,58,3,11,15,2,1,0,0,1,,4,0,10,1,0,1,0,4,4,0,9,1,1,1,0,0,0,0,0,0,51,72,63,3,2,15,18,1,1,0,0,6,0,7,0,0,3,0,0,0,0,0,0,19,16,,,1,51,83,51,28,4,0,0,0
BSN190907260,box,1909-07-26,0,BOS05,R,1,BSN,NY1,1,0,0,1,1,,58,3,11,15,2,1,0,,1,,4,0,10,1,0,1,0,4,4,0,9,1,1,1,0,0,0,0,0,0,51,72,63,3,2,15,18,1,1,0,0,6,0,7,0,0,3,0,0,0,0,0,0,0,0,,,1,51,83,51,28,4,0,0,0
BSN190907271,evt,1909-07-27,1,BOS05,R,1,BSN,NY1,1,1,0,0,1,38,34,7,14,21,3,2,0,0,6,,2,0,2,0,0,1,1,2,1,0,7,1,1,0,0,0,1,1,0,0,27,39,37,4,3,14,16,2,0,0,0,0,0,2,0,1,1,0,0,0,0,0,0,4,17,,,1,27,39,27,10,2,0,0,0
BSN190907271,box,1909-07-27,1,BOS05,R,1,BSN,NY1,1,1,0,0,1,,34,7,14,21,3,2,0,,6,,2,0,2,0,0,1,1,2,1,0,7,1,1,0,0,0,1,1,0,0,27,39,37,4,3,14,16,2,0,0,0,0,0,2,0,1,1,0,0,0,0,0,0,0,0,,,1,27,39,27,10,2,0,0,0
BSN190907272,evt,1909-07-27,2,BOS05,R,1,BSN,NY1,1,0,1,0,1,39,37,2,7,7,0,0,0,0,1,,2,0,8,0,0,0,0,0,0,0,10,1,1,0,0,0,1,0,1,0,27,39,33,6,5,8,8,0,0,0,0,3,0,0,2,2,1,0,0,1,0,0,0,14,10,,,1,27,44,27,16,1,2,0,0
BSN190907272,box,1909-07-27,2,BOS05,R,1,BSN,NY1,1,0,1,0,1,,37,2,7,7,0,0,0,,1,,2,0,8,0,0,0,0,0,0,0,10,1,1,0,0,0,1,0,1,0,27,39,33,6,5,8,8,0,0,0,0,3,0,0,2,2,1,0,0,1,0,0,0,0,0,,,1,27,44,27,16,1,2,0,0
BSN190907281,evt,1909-07-28,1,BOS05,R,1,BSN,NY1,1,0,1,0,1,40,39,4,11,12,1,0,0,0,4,,1,0,2,0,0,0,0,1,0,0,9,1,1,0,0,0,1,0,1,0,27,43,36,7,6,13,15,2,0,0,0,3,0,5,0,0,4,0,0,2,0,0,0,6,9,,,1,27,42,27,13,2,1,0,0
BSN190907281,box,1909-07-28,1,BOS05,R,1,BSN,NY1,1,0,1,0,1,,39,4,11,12,1,0,0,,4,,1,0,2,0,0,0,0,1,0,0,9,1,1,0,0,0,1,0,1,0,27,43,36,7,6,13,15,2,0,0,0,3,0,5,0,0,4,0,0,2,0,0,0,0,0,,,1,27,42,27,13,2,1,0,0
BSN190907282,evt,1909-07-28,2,BOS05,R,1,BSN,NY1,1,0,1,0,1,37,35,3,9,13,2,1,0,0,3,,2,0,5,0,0,0,0,1,0,0,7,1,1,0,0,0,1,0,1,0,27,42,31,4,3,10,12,2,0,0,0,10,1,4,1,0,1,0,0,0,0,2,0,7,9,,,1,27,40,27,11,2,1,0,0
BSN190907282,box,1909-07-28,2,BOS05,R,1,BSN,NY1,1,0,1,0,1,,35,3,9,13,2,1,0,,3,,2,0,5,0,0,0,0,1,0,0,7,1,1,0,0,0,1,0,1,0,27,42,31,4,3,10,12,2,0,0,0,10,1,4,1,0,1,0,0,0,0,0,0,0,0,,,1,27,40,27,11,2,1,0,0
SLN190907300,evt,1909-07-30,0,STL05,R,0,BSN,SLN,1,0,1,0,1,36,32,2,7,13,1,1,1,0,2,,2,0,2,0,0,2,0,0,0,0,7,1,1,1,0,0,0,0,1,0,26,35,32,3,3,7,9,0,1,0,0,3,1,1,0,0,0,0,0,0,0,0,0,21,2,,,1,26,12,5,5,2,0,0,0
SLN190907300,box,1909-07-30,0,STL05,R,0,BSN,SLN,1,0,1,0,1,,32,2,7,13,1,1,1,,2,,2,0,0,0,0,2,0,0,0,0,7,1,1,1,0,0,0,0,1,0,26,35,32,3,3,7,9,0,1,0,0,3,1,1,0,0,0,0,0,0,0,0,0,0,0,,,1,26,40,26,12,2,0,0,0
SLN190907310,evt,1909-07-31,0,STL05,R,0,BSN,SLN,1,0,1,0,1,36,31,2,7,8,1,0,0,0,2,,4,0,0,0,1,0,0,1,3,0,7,1,1,0,0,0,1,0,1,0,25,32,30,3,1,6,9,0,0,1,0,2,0,3,0,0,0,0,0,0,0,0,0,19,2,,,1,25,11,8,2,1,1,0,1
SLN190907310,box,1909-07-31,0,STL05,R,0,BSN,SLN,1,0,1,0,1,,31,2,7,8,1,0,0,,2,,4,0,,0,1,0,0,1,3,0,7,1,1,0,0,0,1,0,1,0,25,32,30,3,1,6,9,0,0,1,0,2,0,,0,0,0,0,0,0,0,0,0,0,0,,,1,25,35,25,9,1,1,0,1
SLN190908010,evt,1909-08-01,0,STL05,R,0,BSN,SLN,1,1,0,0,1,45,38,10,14,17,3,0,0,0,8,,4,0,2,1,0,3,0,1,2,0,8,1,1,0,0,0,1,1,0,1,27,35,33,4,4,10,13,3,0,0,0,1,0,1,1,0,1,0,0,1,0,2,1,21,1,,,1,27,20,11,9,0,2,0,0
SLN190908010,box,1909-08-01,0,STL05,R,0,BSN,SLN,1,1,0,0,1,,38,10,14,17,3,0,0,,8,,4,0,,1,0,3,0,1,2,0,8,1,1,0,0,0,1,1,0,1,27,35,33,4,4,10,13,3,0,0,0,1,0,,1,0,1,0,0,1,0,0,0,0,0,,,1,27,45,27,18,0,2,0,0
CHN190908030,evt,1909-08-03,0,CHI08,R,0,BSN,CHN,1,0,1,0,1,35,29,1,4,7,1,1,0,0,1,,5,0,4,0,0,0,1,0,1,0,7,1,1,0,0,0,1,0,1,0,24,37,30,7,2,7,11,1,0,1,0,4,0,2,1,0,3,0,0,1,0,2,0,8,10,,,1,24,37,24,10,3,1,0,0
CHN190908030,box,1909-08-03,0,CHI08,R,0,BSN,CHN,1,0,1,0,1,,29,1,4,7,1,1,0,,1,,5,0,4,0,0,0,1,0,1,0,7,1,1,0,0,0,1,0,1,0,24,37,30,7,2,7,11,1,0,1,0,4,0,2,1,0,3,0,0,1,0,0,0,0,0,,,1,24,38,24,11,3,1,0,0
CHN190908040,evt,1909-08-04,0,CHI08,R,0,BSN,CHN,1,0,1,0,1,35,32,3,7,8,1,0,0,0,3,,1,0,2,0,0,2,0,1,0,0,5,1,1,0,0,0,1,0,1,0,24,37,31,8,8,11,16,2,0,1,0,2,0,2,0,0,4,0,0,0,0,0,0,4,11,,,1,24,39,24,11,4,1,0,0
CHN190908040,box,1909-08-04,0,CHI08,R,0,BSN,CHN,1,0,1,0,1,,32,3,7,8,1,0,0,,3,,1,0,2,0,0,2,0,1,0,0,5,1,1,0,0,0,1,0,1,0,24,37,31,8,8,11,16,2,0,1,0,2,0,2,0,0,4,0,0,0,0,0,0,0,0,,,1,24,39,24,11,4,1,0,0
CHN190908051,evt,1909-08-05,1,CHI08,R,0,BSN,CHN,1,0,1,0,1,31,31,1,5,5,0,0,0,0,1,,0,0,7,0,0,0,0,0,3,0,3,1,1,1,0,0,0,0,1,0,24,29,26,2,1,5,7,0,1,0,0,1,0,2,0,0,2,0,0,0,0,0,0,5,12,,,1,24,34,24,9,1,1,0,0
CHN190908051,box,1909-08-05,1,CHI08,R,0,BSN,CHN,1,0,1,0,1,,31,1,5,5,0,0,0,,1,,0,0,7,0,0,0,0,0,3,0,3,1,1,1,0,0,0,0,1,0,24,29,26,2,1,5,7,0,1,0,0,1,0,2,0,0,2,0,0,0,0,0,0,0,0,,,1,24,35,24,10,1,1,0,0
CHN190908052,evt,1909-08-05,2,CHI08,R,0,BSN,CHN,1,0,1,0,1,33,30,0,4,4,0,0,0,0,0,,2,0,3,1,0,1,0,0,0,0,6,1,1,1,0,0,0,0,1,0,24,32,29,4,4,9,10,1,0,0,0,1,0,4,0,0,2,0,0,2,0,0,0,8,8,,,1,24,37,24,12,1,0,0,0
CHN190908052,box,1909-08-05,2,CHI08,R,0,BSN,CHN,1,0,1,0,1,,30,0,4,4,0,0,0,,0,,2,0,3,1,0,1,0,0,0,0,6,1,1,1,0,0,0,0,1,0,24,32,29,4,4,9,10,1,0,0,0,1,0,4,0,0,2,0,0,2,0,0,0,0,0,,,1,24,37,24,12,1,0,0,0
CHN190908060,evt,1909-08-06,0,CHI08,R,0,BSN,CHN,1,0,1,0,1,34,30,1,5,6,1,0,0,0,1,,3,0,5,1,0,1,0,0,0,0,6,1,1,1,0,0,0,0,1,0,24,34,31,3,3,10,14,2,1,0,0,0,0,2,0,0,2,1,0,0,0,0,0,12,8,,,1,24,39,24,14,1,0,0,0
CHN190908060,box,1909-08-06,0,CHI08,R,0,BSN,CHN,1,0,1,0,1,,30,1,5,6,1,0,0,,1,,3,0,5,1,0,1,0,0,0,0,6,1,1,1,0,0,0,0,1,0,24,34,31,3,3,10,14,2,1,0,0,0,0,2,0,0,2,1,0,0,0,0,0,0,0,,,1,24,39,24,14,1,0,0,0
PIT190908071,evt,1909-08-07,1,PIT06,R,0,BSN,PIT,1,0,1,0,1,32,29,4,4,4,0,0,0,0,3,,2,0,6,1,0,0,1,0,1,0,1,1,1,0,0,0,1,0,1,0,24,38,32,6,6,11,18,2,1,1,0,5,0,2,0,0,1,0,0,0,0,0,0,10,7,,,1,24,36,24,12,0,2,0,1
PIT190908071,box,1909-08-07,1,PIT06,R,0,BSN,PIT,1,0,1,0,1,,29,4,4,4,0,0,0,,3,,2,0,6,1,0,0,1,0,1,0,1,1,1,0,0,0,1,0,1,0,24,38,32,6,6,11,18,2,1,1,0,5,0,2,0,0,1,0,0,0,0,0,0,0,0,,,1,24,36,24,12,0,2,0,1
PIT190908072,evt,1909-08-07,2,PIT06,R,0,BSN,PIT,1,0,1,0,1,32,32,1,9,9,0,0,0,0,1,,0,0,4,0,0,0,0,1,2,0,4,1,1,1,0,0,0,0,1,0,24,34,27,3,3,7,7,0,0,0,0,4,0,0,0,1,1,1,0,0,0,0,0,6,15,,,1,24,33,24,8,1,0,0,0
PIT190908072,box,1909-08-07,2,PIT06,R,0,BSN,PIT,1,0,1,0,1,,32,1,9,9,0,0,0,,1,,0,0,4,0,0,0,0,1,2,0,4,1,1,1,0,0,0,0,1,0,24,34,27,3,3,7,7,0,0,0,0,4,0,0,0,1,1,1,0,0,0,0,0,0,0,,,1,24,33,24,8,1,0,0,0
PIT190908090,evt,1909-08-09,0,PIT06,R,0,BSN,PIT,1,0,1,0,1,35,32,1,6,7,1,0,0,0,1,,3,0,5,0,0,0,0,0,1,0,7,1,1,0,0,0,1,0,1,0,24,44,36,10,8,17,21,4,0,0,0,2,0,0,0,1,3,2,0,0,0,3,1,8,11,,,1,24,45,24,17,4,2,0,0
PIT190908090,box,1909-08-09,0,PIT06,R,0,BSN,PIT,1,0,1,0,1,,32,1,6,7,1,0,0,,1,,3,0,5,0,0,0,0,0,1,0,7,1,1,0,0,0,1,0,1,0,24,44,36,10,8,17,21,4,0,0,0,2,0,0,0,1,3,2,0,0,0,0,0,0,0,,,1,24,44,24,16,4,2,0,0
PIT190908100,evt,1909-08-10,0,PIT06,R,0,BSN,PIT,1,0,1,0,1,48,41,1,8,10,0,1,0,0,1,,3,0,7,2,1,2,1,1,1,0,11,1,1,1,0,0,0,0,1,0,35,47,38,2,2,4,5,1,0,0,0,7,1,6,0,0,2,0,0,1,0,0,0,8,17,,,1,35,45,35,9,1,0,0,1
PIT190908100,box,1909-08-10,0,PIT06,R,0,BSN,PIT,1,0,1,0,1,,41,1,8,10,0,1,0,,1,,3,0,7,2,1,2,1,1,1,0,11,1,1,1,0,0,0,0,1,0,35,47,38,2,2,4,5,1,0,0,0,7,1,6,0,0,2,0,0,1,0,0,0,0,0,,,1,35,45,35,9,1,0,0,1
PIT190908110,evt,1909-08-11,0,PIT06,R,0,BSN,PIT,1,0,1,0,1,31,31,0,5,5,0,0,0,0,0,,0,0,3,0,0,0,0,0,1,0,4,1,1,1,0,0,0,0,1,0,24,32,26,1,0,4,4,0,0,0,0,3,1,3,0,0,3,0,0,0,0,0,0,6,13,,,1,24,34,24,7,3,0,0,0
PIT190908110,box,1909-08-11,0,PIT06,R,0,BSN,PIT,1,0,1,0,1,,31,0,5,5,0,0,0,,0,,0,0,3,0,0,0,0,0,1,0,4,1,1,1,0,0,0,0,1,0,24,32,26,1,0,4,4,0,0,0,0,3,1,3,0,0,3,0,0,0,0,0,0,0,0,,,1,24,35,24,8,3,0,0,0
CIN190908121,evt,1909-08-12,1,CIN06,R,0,BSN,CIN,1,0,1,0,1,42,37,1,9,12,1,1,0,0,1,,3,0,1,0,0,1,1,0,2,0,11,1,1,1,0,0,0,0,1,0,28,38,31,2,1,5,6,1,0,0,0,6,0,4,0,0,1,0,0,0,0,0,0,19,2,,,1,28,10,8,1,1,0,0,1
CIN190908121,box,1909-08-12,1,CIN06,R,0,BSN,CIN,1,0,1,0,1,,37,1,9,12,1,1,0,,1,,3,0,1,0,0,1,1,0,2,0,11,1,1,1,0,0,0,0,1,0,28,38,31,2,1,5,6,1,0,0,0,6,0,4,0,0,1,0,0,0,0,0,0,0,0,,,1,28,42,28,13,1,0,0,1
CIN190908122,evt,1909-08-12,2,CIN06,R,0,BSN,CIN,1,0,1,0,1,35,34,2,9,12,3,0,0,0,2,,1,0,2,0,0,0,0,0,1,0,6,1,1,1,0,0,0,0,1,0,24,38,32,8,7,9,11,2,0,0,0,5,0,4,0,0,0,1,0,0,0,0,0,15,5,,,1,24,14,10,0,4,0,0,0
CIN190908122,box,1909-08-12,2,CIN06,R,0,BSN,CIN,1,0,1,0,1,,34,2,9,12,3,0,0,,2,,1,0,2,0,0,0,0,0,1,0,6,1,1,1,0,0,0,0,1,0,24,38,32,8,7,9,11,2,0,0,0,5,0,4,0,0,0,1,0,0,0,0,0,0,0,,,1,24,39,24,11,4,0,0,0
CIN190908140,evt,1909-08-14,0,CIN06,R,0,BSN,CIN,1,0,1,0,1,17,15,0,2,2,0,0,0,0,0,,2,0,0,1,0,0,0,0,1,0,2,1,1,1,0,0,0,0,1,0,14,18,14,1,0,2,2,0,0,0,0,3,0,1,0,0,1,0,0,1,0,0,0,6,4,,,1,14,26,14,10,2,0,0,0
CIN190908140,box,1909-08-14,0,CIN06,R,0,BSN,CIN,1,0,1,0,1,,15,0,2,2,0,0,0,,0,,2,0,0,1,0,0,0,0,1,0,2,1,1,1,0,0,0,0,1,0,14,18,14,1,0,2,2,0,0,0,0,3,0,1,0,0,1,0,0,1,0,0,0,0,0,,,1,14,26,14,10,2,0,0,0
CIN190908151,evt,1909-08-15,1,CIN06,R,0,BSN,CIN,1,0,1,0,1,34,28,2,4,4,0,0,0,0,2,,4,0,5,0,0,2,0,0,2,0,5,1,1,0,0,0,1,0,1,0,24,43,37,7,7,14,20,4,1,0,0,3,0,2,0,1,0,2,0,1,0,2,0,8,13,,,1,24,21,16,1,4,0,0,0
CIN190908151,box,1909-08-15,1,CIN06,R,0,BSN,CIN,1,0,1,0,1,,28,2,4,4,0,0,0,,2,,4,0,5,0,0,2,0,0,2,0,5,1,1,0,0,0,1,0,1,0,24,43,37,7,7,14,20,4,1,0,0,3,0,2,0,1,0,2,0,1,0,0,0,0,0,,,1,24,33,24,5,4,0,0,0
CIN190908152,evt,1909-08-15,2,CIN06,R,0,BSN,CIN,1,0,1,0,1,38,30,1,5,5,0,0,0,0,1,,8,0,3,1,0,0,0,0,0,0,10,1,1,1,0,0,0,0,1,0,24,35,27,3,2,7,7,0,0,0,0,5,0,3,0,0,2,1,0,0,0,0,0,14,4,,,1,24,17,12,4,1,0,0,0
CIN190908152,box,1909-08-15,2,CIN06,R,0,BSN,CIN,1,0,1,0,1,,30,1,5,5,0,0,0,,1,,8,0,3,1,0,0,0,0,0,0,10,1,1,1,0,0,0,0,1,0,24,35,27,3,2,7,7,0,0,0,0,5,0,3,0,0,2,1,0,0,0,0,0,0,0,,,1,24,33,24,8,1,0,0,0
BSN190908191,evt,1909-08-19,1,BOS05,R,1,BSN,BRO,1,1,0,0,1,35,31,5,11,14,3,0,0,0,3,,3,0,1,0,0,1,0,2,1,0,6,1,1,1,0,0,0,1,0,0,27,35,32,1,1,5,7,2,0,0,0,2,0,2,0,1,0,0,0,0,0,0,0,12,12,,,1,27,40,27,12,1,1,0,0
BSN190908191,box,1909-08-19,1,BOS05,R,1,BSN,BRO,1,1,0,0,1,,31,5,11,14,3,0,0,,3,,3,0,1,0,0,1,0,2,1,0,6,1,1,1,0,0,0,1,0,0,27,35,32,1,1,5,7,2,0,0,0,2,0,2,0,1,0,0,0,0,0,0,0,0,0,,,1,27,40,27,12,1,1,0,0
BSN190908192,evt,1909-08-19,2,BOS05,R,1,BSN,BRO,1,1,0,0,1,30,25,1,5,5,0,0,0,0,1,,2,0,0,0,0,2,1,0,2,0,5,1,1,1,1,0,0,1,0,0,27,35,33,0,0,6,7,1,0,0,0,2,0,6,0,0,0,0,0,0,0,0,0,10,11,,,1,27,36,27,9,0,0,0,0
BSN190908192,box,1909-08-19,2,BOS05,R,1,BSN,BRO,1,1,0,0,1,,25,1,5,5,0,0,0,,1,,2,0,0,0,0,2,1,0,2,0,5,1,1,1,1,0,0,1,0,0,27,35,33,0,0,6,7,1,0,0,0,2,0,6,0,0,0,0,0,0,0,0,0,0,0,,,1,27,36,27,9,0,0,0,0
BSN190908200,evt,1909-08-20,0,BOS05,R,1,BSN,CHN,1,0,1,0,1,32,30,3,7,10,0,0,1,0,1,,1,0,3,1,0,1,0,2,0,0,2,1,1,1,0,0,0,0,1,0,27,39,31,5,4,8,12,2,1,0,0,4,0,3,0,1,2,1,0,0,0,0,0,11,9,,,1,27,45,27,16,2,0,0,0
BSN190908200,box,1909-08-20,0,BOS05,R,1,BSN,CHN,1,0,1,0,1,,30,3,7,10,0,0,1,,1,,1,0,3,1,0,1,0,2,0,0,2,1,1,1,0,0,0,0,1,0,27,39,31,5,4,8,12,2,1,0,0,4,0,3,0,1,2,1,0,0,0,0,0,0,0,,,1,27,46,27,17,2,0,0,0
BSN190908211,evt,1909-08-21,1,BOS05,R,1,BSN,CHN,1,0,1,0,1,34,31,3,6,6,0,0,0,0,1,,2,0,5,1,0,1,0,2,0,0,4,1,1,1,0,0,0,0,1,0,27,39,34,8,8,11,13,2,0,0,0,1,0,3,1,2,2,0,0,0,0,0,0,9,10,,,1,27,43,27,14,2,1,0,0
BSN190908211,box,1909-08-21,1,BOS05,R,1,BSN,CHN,1,0,1,0,1,,31,3,6,6,0,0,0,,1,,2,0,5,1,0,1,0,2,0,0,4,1,1,1,0,0,0,0,1,0,27,39,34,8,8,11,13,2,0,0,0,1,0,3,1,2,2,0,0,0,0,0,0,0,0,,,1,27,43,27,14,2,1,0,0
BSN190908212,evt,1909-08-21,2,BOS05,R,1,BSN,CHN,1,0,1,0,1,36,32,2,5,7,0,1,0,0,1,,2,0,6,0,0,1,1,1,0,0,7,1,1,1,0,0,0,0,1,0,27,35,32,3,3,6,6,0,0,0,0,2,0,2,0,0,1,0,0,0,0,0,0,13,9,,,1,27,48,27,17,4,0,0,0
BSN190908212,box,1909-08-21,2,BOS05,R,1,BSN,CHN,1,0,1,0,1,,32,2,5,7,0,1,0,,1,,2,0,6,0,0,1,1,1,0,0,7,1,1,1,0,0,0,0,1,0,27,35,32,3,3,6,6,0,0,0,0,2,0,2,0,0,1,0,0,0,0,0,0,0,0,,,1,27,48,27,17,4,0,0,0
BSN190908230,evt,1909-08-23,0,BOS05,R,1,BSN,CHN,1,0,1,0,1,45,41,6,11,14,3,0,0,0,4,,3,0,1,1,1,0,0,0,0,0,12,1,1,0,0,0,1,0,1,0,27,46,38,11,10,13,14,1,0,0,0,6,0,5,1,0,2,0,0,1,0,2,2,10,9,,,1,27,44,27,13,4,1,0,0
BSN190908230,box,1909-08-23,0,BOS05,R,1,BSN,CHN,1,0,1,0,1,,41,6,11,14,3,0,0,,4,,3,0,1,1,1,0,0,0,0,0,12,1,1,0,0,0,1,0,1,0,27,46,38,11,10,13,14,1,0,0,0,6,0,5,1,0,2,0,0,1,0,0,0,0,0,,,1,27,44,27,13,4,1,0,0
BSN190908240,evt,1909-08-24,0,BOS05,R,1,BSN,SLN,1,1,0,0,1,30,26,3,7,8,1,0,0,0,1,,2,0,2,0,0,2,0,0,1,0,3,1,1,0,0,0,1,1,0,1,27,40,34,1,1,8,8,0,0,0,0,5,0,1,0,0,0,1,0,0,0,3,1,10,16,,,1,27,37,27,10,0,0,0,0
BSN190908240,box,1909-08-24,0,BOS05,R,1,BSN,SLN,1,1,0,0,1,,26,3,7,8,1,0,0,,1,,2,0,2,0,0,2,0,0,1,0,3,1,1,0,0,0,1,1,0,1,27,40,34,1,1,8,8,0,0,0,0,5,0,1,0,0,0,1,0,0,0,0,0,0,0,,,1,27,37,27,10,0,0,0,0
BSN190908250,evt,1909-08-25,0,BOS05,R,1,BSN,SLN,1,1,0,0,1,44,37,9,15,19,2,1,0,0,8,,5,0,0,1,0,1,1,0,0,0,11,1,1,0,0,0,1,1,0,1,27,43,34,8,8,11,16,2,0,1,1,8,0,2,1,0,0,1,0,2,0,3,1,12,10,,,1,27,48,27,18,3,1,0,0
BSN190908250,box,1909-08-25,0,BOS05,R,1,BSN,SLN,1,1,0,0,1,,37,9,15,19,2,1,0,,8,,5,0,0,1,0,1,1,0,0,0,11,1,1,0,0,0,1,1,0,1,27,43,34,8,8,11,16,2,0,1,0,8,0,2,1,0,0,1,0,2,0,0,0,0,0,,,1,27,48,27,18,3,1,0,0
BSN190908260,evt,1909-08-26,0,BOS05,R,1,BSN,SLN,1,1,0,0,1,42,30,10,13,13,0,0,0,0,7,,9,0,4,1,0,2,1,3,2,0,8,1,1,0,0,0,1,1,0,1,27,48,45,8,3,15,16,1,0,0,0,3,0,5,0,0,0,0,0,0,0,2,1,14,5,,,1,27,48,27,17,4,1,0,0
BSN190908260,box,1909-08-26,0,BOS05,R,1,BSN,SLN,1,1,0,0,1,,30,10,13,13,0,0,0,,7,,9,0,4,1,0,2,1,3,2,0,8,1,1,0,0,0,1,1,0,1,27,48,45,8,3,15,16,1,0,0,0,3,0,5,0,0,0,0,0,0,0,0,0,0,0,,,1,27,48,27,17,4,1,0,0
BSN190908270,evt,1909-08-27,0,BOS05,R,1,BSN,CIN,1,1,0,0,1,39,28,5,6,6,0,0,0,0,4,,8,0,1,2,0,1,2,3,0,0,9,1,1,1,0,0,0,1,0,0,27,34,26,4,4,3,3,0,0,0,0,4,0,0,1,1,2,1,0,0,0,0,0,10,10,,,1,27,52,27,20,5,2,0,0
BSN190908270,box,1909-08-27,0,BOS05,R,1,BSN,CIN,1,1,0,0,1,,28,5,6,6,0,0,0,,4,,8,0,1,2,0,1,2,3,0,0,9,1,1,1,0,0,0,1,0,0,27,34,26,4,4,3,3,0,0,0,0,4,0,0,1,1,2,1,0,0,0,0,0,0,0,,,1,27,52,27,20,5,2,0,0
BSN190908280,evt,1909-08-28,0,BOS05,R,1,BSN,CIN,1,0,1,0,1,39,29,6,6,8,2,0,0,0,6,,8,0,4,0,1,1,0,6,2,0,6,1,1,0,0,0,1,0,1,0,27,39,36,7,6,10,13,1,1,0,0,2,0,2,0,1,0,0,0,0,0,1,0,10,10,,,1,27,47,27,16,4,0,0,1
BSN190908280,box,1909-08-28,0,BOS05,R,1,BSN,CIN,1,0,1,0,1,,29,6,6,8,2,0,0,,6,,8,0,4,0,1,1,0,6,2,0,6,1,1,0,0,0,1,0,1,0,27,39,36,7,6,10,13,1,1,0,0,2,0,2,0,1,0,0,0,0,0,0,0,0,0,,,1,27,47,27,16,4,0,0,1
BSN190908300,evt,1909-08-30,0,BOS05,R,1,BSN,CIN,1,0,1,0,1,39,32,3,5,7,2,0,0,0,3,,5,1,3,0,0,2,0,2,0,0,6,1,1,1,0,0,0,0,1,0,30,42,36,5,2,5,6,1,0,0,0,5,0,0,0,0,1,0,0,0,0,0,0,23,4,,,1,30,21,11,6,4,0,0,1
BSN190908300,box,1909-08-30,0,BOS05,R,1,BSN,CIN,1,0,1,0,1,,32,3,5,7,2,0,0,,3,,5,1,0,0,0,2,0,2,0,0,6,1,1,1,0,0,0,0,1,0,30,42,36,5,2,5,6,1,0,0,0,5,0,,0,0,1,0,0,0,0,0,0,0,0,,,1,30,48,30,14,4,0,0,1
BSN190908310,evt,1909-08-31,0,BOS05,R,1,BSN,PIT,1,0,1,0,1,34,31,2,7,8,1,0,0,0,1,,3,1,4,2,0,0,0,0,1,0,5,1,1,1,0,0,0,0,1,0,27,37,34,7,4,8,11,3,0,0,0,1,0,4,1,1,1,0,0,0,0,0,0,15,6,,,1,27,46,27,16,3,1,0,1
BSN190908310,box,1909-08-31,0,BOS05,R,1,BSN,PIT,1,0,1,0,1,,31,2,7,8,1,0,0,,1,,3,1,4,2,0,0,0,0,1,0,5,1,1,1,0,0,0,0,1,0,27,37,34,7,4,8,11,3,0,0,0,1,0,4,1,1,1,0,0,0,0,0,0,0,0,,,1,27,46,27,16,3,1,0,1
BSN190909021,evt,1909-09-02,1,BOS05,R,1,BSN,PIT,1,1,0,0,1,30,28,1,5,5,0,0,0,0,1,,0,0,3,0,0,2,0,0,0,0,5,1,1,1,1,0,0,1,0,0,27,34,29,0,0,5,6,1,0,0,0,4,0,4,0,0,1,0,0,0,0,0,0,13,7,,,1,27,43,27,16,0,0,0,0
BSN190909021,box,1909-09-02,1,BOS05,R,1,BSN,PIT,1,1,0,0,1,,28,1,5,5,0,0,0,,1,,0,0,3,0,0,2,0,0,0,0,5,1,1,1,1,0,0,1,0,0,27,34,29,0,0,5,6,1,0,0,0,4,0,4,0,0,1,0,0,0,0,0,0,0,0,,,1,27,43,27,16,0,0,0,0
BSN190909022,evt,1909-09-02,2,BOS05,R,1,BSN,PIT,1,0,1,0,1,33,30,3,6,8,2,0,0,0,2,,2,0,1,1,0,0,1,1,1,0,3,1,1,0,0,0,1,0,1,0,27,39,35,5,4,10,13,3,0,0,0,3,0,3,0,0,1,0,0,0,0,1,1,19,2,,,1,27,16,10,4,2,0,0,0
BSN190909022,box,1909-09-02,2,BOS05,R,1,BSN,PIT,1,0,1,0,1,,30,3,6,8,2,0,0,,2,,2,0,1,1,0,0,1,1,1,0,3,1,1,0,0,0,1,0,1,0,27,39,35,5,4,10,13,3,0,0,0,3,0,3,0,0,1,0,0,0,0,0,0,0,0,,,1,27,44,27,15,2,0,0,0
NY1190909040,evt,1909-09-04,0,NYC10,R,0,BSN,NY1,1,0,1,0,1,38,36,3,9,10,1,0,0,0,3,,2,0,3,1,0,0,0,1,0,0,8,1,1,1,0,0,0,0,1,0,24,36,32,7,4,13,21,3,1,1,0,3,0,0,1,0,0,1,0,0,0,0,0,6,12,,,1,24,42,24,14,4,1,0,0
NY1190909040,box,1909-09-04,0,NYC10,R,0,BSN,NY1,1,0,1,0,1,,36,3,9,10,1,0,0,,3,,2,0,3,1,0,0,0,1,0,0,8,1,1,1,0,0,0,0,1,0,24,36,32,7,4,13,21,3,1,1,0,3,0,0,1,0,0,1,0,0,0,0,0,0,0,,,1,24,42,24,14,4,1,0,0
NY1190909061,box,1909-09-06,1,NYC10,R,0,BSN,NY1,1,1,0,0,1,,30,2,7,8,1,0,0,,1,,4,0,,0,1,3,0,1,1,0,9,1,1,1,1,0,0,1,0,0,27,36,29,0,0,6,6,0,0,0,0,3,0,0,0,3,1,0,0,0,0,0,0,0,0,,,1,27,41,27,13,1,0,0,0
NY1190909061,ded,1909-09-06,1,NYC10,R,0,BSN,NY1,1,1,0,0,1,38,30,2,7,8,1,0,0,0,1,,4,0,1,0,1,3,0,1,1,0,9,1,1,1,1,0,0,1,0,0,27,36,29,0,0,6,6,0,0,0,0,3,0,0,0,3,1,0,0,0,0,0,0,15,7,,,1,27,17,11,5,1,0,0,0
NY1190909062,evt,1909-09-06,2,NYC10,R,0,BSN,NY1,1,0,1,0,1,35,33,4,6,6,0,0,0,0,4,,0,0,5,0,0,1,1,0,0,0,1,1,1,0,0,0,1,0,1,0,29,45,37,5,4,13,20,1,3,0,0,6,0,3,1,0,2,0,0,1,0,2,0,9,10,,,1,29,47,29,16,2,1,0,0
NY1190909062,box,1909-09-06,2,NYC10,R,0,BSN,NY1,1,0,1,0,1,,33,4,6,6,0,0,0,,4,,0,0,5,0,0,1,1,0,0,0,1,1,1,0,0,0,1,0,1,0,29,45,37,5,4,13,20,1,3,0,0,6,0,3,1,0,2,0,0,1,0,0,0,0,0,,,1,29,47,29,16,2,1,0,0
NY1190909070,evt,1909-09-07,0,NYC10,R,0,BSN,NY1,1,0,1,0,1,33,31,1,11,12,1,0,0,0,1,,1,0,1,0,0,1,0,0,3,0,5,1,1,1,0,0,0,0,1,0,24,35,29,3,3,9,10,1,0,0,0,5,0,4,0,1,0,0,0,0,0,0,0,6,10,,,1,24,35,24,11,0,0,0,0
NY1190909070,box,1909-09-07,0,NYC10,R,0,BSN,NY1,1,0,1,0,1,,31,1,11,12,1,0,0,,1,,1,0,1,0,0,1,0,0,3,0,5,1,1,1,0,0,0,0,1,0,24,35,29,3,3,9,10,1,0,0,0,5,0,4,0,1,0,0,0,0,0,0,0,0,0,,,1,24,35,24,11,0,0,0,0
BSN190909081,evt,1909-09-08,1,BOS05,R,1,BSN,PHI,1,0,1,0,1,34,29,2,5,6,1,0,0,0,1,,4,0,7,0,0,1,0,0,1,0,5,1,1,1,0,0,0,0,1,0,27,37,37,6,6,12,17,0,1,1,0,0,0,4,1,0,0,0,0,0,0,0,0,11,9,,,1,27,42,27,15,0,1,0,0
BSN190909081,box,1909-09-08,1,BOS05,R,1,BSN,PHI,1,0,1,0,1,,29,2,5,6,1,0,0,,1,,4,0,7,0,0,1,0,0,1,0,5,1,1,1,0,0,0,0,1,0,27,37,37,6,6,12,17,0,1,1,0,0,0,4,1,0,0,0,0,0,0,0,0,0,0,,,1,27,42,27,15,0,1,0,0
BSN190909082,evt,1909-09-08,2,BOS05,R,1,BSN,PHI,1,0,1,0,1,35,33,3,6,6,0,0,0,0,3,,2,0,0,1,0,0,0,0,0,0,5,1,1,0,0,0,1,0,1,0,27,40,36,5,3,12,13,1,0,0,0,2,0,3,1,0,2,0,0,2,0,2,2,12,7,,,1,27,46,27,16,3,1,0,0
BSN190909082,box,1909-09-08,2,BOS05,R,1,BSN,PHI,1,0,1,0,1,,33,3,6,6,0,0,0,,3,,2,0,0,1,0,0,0,0,0,0,5,1,1,0,0,0,1,0,1,0,27,40,36,5,3,12,13,1,0,0,0,2,0,3,1,0,2,0,0,2,0,0,0,0,0,,,1,27,46,27,16,3,1,0,0
BSN190909090,evt,1909-09-09,0,BOS05,R,1,BSN,PHI,1,0,1,0,1,32,30,0,7,8,1,0,0,0,0,,1,0,5,1,0,1,0,1,1,0,5,1,1,1,0,0,0,0,1,0,27,35,34,3,2,6,7,1,0,0,0,1,0,4,0,0,0,0,0,0,0,0,0,13,9,,,1,27,44,27,12,5,1,0,0
BSN190909090,box,1909-09-09,0,BOS05,R,1,BSN,PHI,1,0,1,0,1,,30,0,7,8,1,0,0,,0,,1,0,5,1,0,1,0,1,1,0,5,1,1,1,0,0,0,0,1,0,27,35,34,3,2,6,7,1,0,0,0,1,0,4,0,0,0,0,0,0,0,0,0,0,0,,,1,27,44,27,12,5,1,0,0
BSN190909111,evt,1909-09-11,1,BOS05,R,1,BSN,PHI,1,1,0,0,1,30,26,3,5,8,0,0,1,0,2,,1,0,2,0,0,3,0,0,1,0,3,1,1,1,0,0,0,1,0,0,27,35,31,2,2,10,10,0,0,0,0,2,0,1,1,0,2,0,0,0,0,0,0,9,11,,,1,27,42,27,15,0,1,0,1
BSN190909111,box,1909-09-11,1,BOS05,R,1,BSN,PHI,1,1,0,0,1,,26,3,5,8,0,0,1,,2,,1,0,2,0,0,3,0,0,1,0,3,1,1,1,0,0,0,1,0,0,27,35,31,2,2,10,10,0,0,0,0,2,0,1,1,0,2,0,0,0,0,0,0,0,0,,,1,27,42,27,15,0,1,0,1
BSN190909112,evt,1909-09-11,2,BOS05,R,1,BSN,PHI,1,1,0,0,1,31,27,1,4,4,0,0,0,0,1,,2,0,1,1,1,1,0,0,0,0,6,1,1,1,1,0,0,1,0,0,27,32,29,0,0,4,4,0,0,0,0,3,0,3,0,0,0,0,0,0,0,0,0,12,10,,,1,27,41,27,13,1,0,0,0
BSN190909112,box,1909-09-11,2,BOS05,R,1,BSN,PHI,1,1,0,0,1,,27,1,4,4,0,0,0,,1,,2,0,1,1,1,1,0,0,0,0,6,1,1,1,1,0,0,1,0,0,27,32,29,0,0,4,4,0,0,0,0,3,0,3,0,0,0,0,0,0,0,0,0,0,0,,,1,27,41,27,13,1,0,0,0
BSN190909131,evt,1909-09-13,1,BOS05,R,1,BSN,NY1,1,1,0,0,1,34,32,6,8,14,0,0,2,1,5,,2,0,0,0,0,0,0,0,1,0,4,1,1,1,0,0,0,1,0,0,27,34,33,1,1,6,7,1,0,0,0,1,0,0,0,0,0,0,0,0,0,0,0,12,11,,,1,27,39,27,12,0,0,0,0
BSN190909131,box,1909-09-13,1,BOS05,R,1,BSN,NY1,1,1,0,0,1,,32,6,8,14,0,0,2,,5,,2,0,0,0,0,0,0,0,1,0,4,1,1,1,0,0,0,1,0,0,27,34,33,1,1,6,7,1,0,0,0,1,0,0,0,0,0,0,0,0,0,0,0,0,0,,,1,27,39,27,12,0,0,0,0
BSN190909132,evt,1909-09-13,2,BOS05,R,1,BSN,NY1,1,0,0,1,1,55,47,4,11,12,1,0,0,0,4,,4,0,8,0,0,4,0,0,1,0,12,1,1,0,0,0,1,0,0,0,39,47,37,4,4,5,6,1,0,0,0,9,0,4,0,0,0,1,0,0,0,3,2,12,15,,,1,39,59,39,19,1,2,0,0
BSN190909132,box,1909-09-13,2,BOS05,R,1,BSN,NY1,1,0,0,1,1,,47,4,11,12,1,0,0,,4,,4,0,8,0,0,4,0,0,1,0,12,1,1,0,0,0,1,0,0,0,39,47,37,4,4,5,6,1,0,0,0,9,0,4,0,0,0,1,0,0,0,0,0,0,0,,,1,39,59,39,19,1,2,0,0
BSN190909140,evt,1909-09-14,0,BOS05,R,1,BSN,NY1,1,1,0,0,1,29,28,3,4,5,1,0,0,0,1,,1,0,3,0,0,0,0,1,0,0,2,1,1,1,1,0,0,1,0,0,27,36,30,0,0,5,6,1,0,0,0,6,0,2,2,0,0,0,0,0,0,0,0,13,9,,,1,27,44,27,16,1,2,0,0
BSN190909140,box,1909-09-14,0,BOS05,R,1,BSN,NY1,1,1,0,0,1,,28,3,4,5,1,0,0,,1,,1,0,3,0,0,0,0,1,0,0,2,1,1,1,1,0,0,1,0,0,27,36,30,0,0,5,6,1,0,0,0,6,0,2,2,0,0,0,0,0,0,0,0,0,0,,,1,27,44,27,16,1,2,0,0
CIN190909181,evt,1909-09-18,1,CIN06,R,0,BSN,CIN,1,1,0,0,1,34,30,2,5,5,0,0,0,0,2,,3,0,3,1,0,1,0,0,0,0,5,1,1,0,0,0,1,1,0,0,27,31,26,1,0,5,5,0,0,0,0,2,0,5,0,0,3,0,0,0,0,0,0,6,9,,,1,27,41,27,13,1,1,0,0
CIN190909181,box,1909-09-18,1,CIN06,R,0,BSN,CIN,1,1,0,0,1,,30,2,5,5,0,0,0,,2,,3,0,3,1,0,1,0,0,0,0,5,1,1,0,0,0,1,1,0,0,27,31,26,1,0,5,5,0,0,0,0,2,0,5,0,0,3,0,0,0,0,0,0,0,0,,,1,27,41,27,13,1,1,0,0
CIN190909182,evt,1909-09-18,2,CIN06,R,0,BSN,CIN,1,0,1,0,1,36,33,5,5,6,1,0,0,0,2,,3,0,6,0,0,0,0,0,2,0,4,1,1,0,0,0,1,0,1,0,24,38,32,8,7,10,15,1,2,0,0,5,0,4,0,0,1,0,0,0,0,2,1,4,12,,,1,24,36,24,9,3,0,0,0
CIN190909182,box,1909-09-18,2,CIN06,R,0,BSN,CIN,1,0,1,0,1,,33,5,5,6,1,0,0,,2,,3,0,6,0,0,0,0,0,2,0,4,1,1,0,0,0,1,0,1,0,24,38,32,8,7,10,15,1,2,0,0,5,0,4,0,0,1,0,0,0,0,0,0,0,0,,,1,24,36,24,9,3,0,0,0
CIN190909191,evt,1909-09-19,1,CIN06,R,0,BSN,CIN,1,0,1,0,1,35,34,4,9,12,1,1,0,0,4,,0,0,3,0,0,1,0,0,1,0,4,1,1,1,0,0,0,0,1,0,24,36,32,5,3,8,11,1,1,0,0,3,0,0,0,0,1,0,0,1,0,0,0,9,11,,,1,24,40,24,11,5,0,0,1
CIN190909191,box,1909-09-19,1,CIN06,R,0,BSN,CIN,1,0,1,0,1,,34,4,9,12,1,1,0,,4,,0,0,3,0,0,1,0,0,1,0,4,1,1,1,0,0,0,0,1,0,24,36,32,5,3,8,11,1,1,0,0,3,0,0,0,0,1,0,0,1,0,0,0,0,0,,,1,24,40,24,11,5,0,0,1
CIN190909192,evt,1909-09-19,2,CIN06,R,0,BSN,CIN,1,0,1,0,1,38,36,3,8,12,0,2,0,0,2,,2,0,2,0,0,0,0,0,0,0,8,1,1,0,0,0,1,0,1,0,24,36,29,5,4,8,12,2,1,0,0,6,0,1,0,0,1,0,0,0,0,0,0,9,11,,,1,24,19,15,2,2,0,0,1
CIN190909192,box,1909-09-19,2,CIN06,R,0,BSN,CIN,1,0,1,0,1,,36,3,8,12,0,2,0,,2,,2,0,2,0,0,0,0,0,0,0,8,1,1,0,0,0,1,0,1,0,24,36,29,5,4,8,12,2,1,0,0,6,0,1,0,0,1,0,0,0,0,0,0,0,0,,,1,24,38,24,12,2,0,0,1
PIT190909211,evt,1909-09-21,1,PIT06,R,0,BSN,PIT,1,0,1,0,1,31,28,0,3,4,1,0,0,0,0,,1,0,4,1,0,2,0,0,0,0,4,1,1,1,0,0,0,0,1,0,24,33,26,2,2,7,8,1,0,0,0,6,1,1,2,0,1,0,0,0,0,0,0,16,2,,,1,24,23,12,10,1,2,0,0
PIT190909211,box,1909-09-21,1,PIT06,R,0,BSN,PIT,1,0,1,0,1,,28,0,3,4,1,0,0,,0,,1,0,4,1,0,2,0,0,0,0,4,1,1,1,0,0,0,0,1,0,24,33,26,2,2,7,8,1,0,0,0,6,1,1,2,0,1,0,0,0,0,0,0,0,0,,,1,24,42,24,17,1,2,0,0
PIT190909212,evt,1909-09-21,2,PIT06,R,0,BSN,PIT,1,0,1,0,1,31,29,0,5,5,0,0,0,0,0,,1,0,5,1,0,1,0,0,1,0,4,1,1,1,0,0,0,0,1,0,24,35,30,5,3,9,15,0,3,0,0,3,0,2,1,0,1,1,0,0,0,0,0,15,3,,,1,24,19,11,7,1,2,0,0
PIT190909212,box,1909-09-21,2,PIT06,R,0,BSN,PIT,1,0,1,0,1,,29,0,5,5,0,0,0,,0,,1,0,5,1,0,1,0,0,1,0,4,1,1,1,0,0,0,0,1,0,24,35,30,5,3,9,15,0,3,0,0,3,0,2,1,0,1,1,0,0,0,0,0,0,0,,,1,24,37,24,12,1,2,0,0
PIT190909220,evt,1909-09-22,0,PIT06,R,0,BSN,PIT,1,0,1,0,1,42,37,7,11,14,3,0,0,0,7,,3,0,1,0,0,2,0,0,2,0,8,1,1,0,0,0,1,0,1,0,24,41,35,12,12,13,22,6,0,1,0,6,0,1,0,0,0,0,0,2,0,3,2,12,9,,,1,24,35,24,11,0,0,0,1
PIT190909220,box,1909-09-22,0,PIT06,R,0,BSN,PIT,1,0,1,0,1,,37,7,11,14,3,0,0,,7,,3,0,1,0,0,2,0,0,2,0,8,1,1,0,0,0,1,0,1,0,24,41,35,12,12,13,22,6,0,1,0,6,0,1,0,0,0,0,0,2,0,0,0,0,0,,,1,24,35,24,11,0,0,0,1
CHN190909240,evt,1909-09-24,0,CHI08,R,0,BSN,CHN,1,0,1,0,1,38,34,1,7,8,1,0,0,0,1,,4,0,3,1,0,0,0,3,1,0,10,1,1,0,0,0,1,0,1,0,24,40,32,9,5,11,14,1,1,0,0,4,0,6,0,0,2,2,0,0,0,1,0,4,11,,,1,24,38,24,9,5,1,0,0
CHN190909240,box,1909-09-24,0,CHI08,R,0,BSN,CHN,1,0,1,0,1,,34,1,7,8,1,0,0,,1,,4,0,3,1,0,0,0,3,1,0,10,1,1,0,0,0,1,0,1,0,24,40,32,9,5,11,14,1,1,0,0,4,0,6,0,0,2,2,0,0,0,0,0,0,0,,,1,24,38,24,9,5,1,0,0
CHN190909250,evt,1909-09-25,0,CHI08,R,0,BSN,CHN,1,0,1,0,1,41,36,4,6,7,1,0,0,0,4,,5,0,2,0,0,0,0,0,0,0,10,1,1,0,0,0,1,0,1,0,24,33,31,7,1,8,8,0,0,0,0,1,0,2,0,0,1,0,0,1,0,0,0,9,9,,,1,24,42,24,14,4,0,0,0
CHN190909250,box,1909-09-25,0,CHI08,R,0,BSN,CHN,1,0,1,0,1,,36,4,6,7,1,0,0,,4,,5,0,2,0,0,0,0,0,0,0,10,1,1,0,0,0,1,0,1,0,24,33,31,7,1,8,8,0,0,0,0,1,0,2,0,0,1,0,0,1,0,0,0,0,0,,,1,24,42,24,14,4,0,0,0
CHN190909260,evt,1909-09-26,0,CHI08,R,0,BSN,CHN,1,0,1,0,1,36,34,2,8,9,1,0,0,0,2,,0,0,4,1,0,1,1,1,1,0,7,1,1,1,0,0,0,0,1,0,25,38,33,3,2,10,12,2,0,0,0,2,0,1,1,0,2,1,0,1,0,0,0,13,7,,,1,25,22,12,7,3,1,0,0
CHN190909260,box,1909-09-26,0,CHI08,R,0,BSN,CHN,1,0,1,0,1,,34,2,8,9,1,0,0,,2,,0,0,4,1,0,1,1,1,1,0,7,1,1,1,0,0,0,0,1,0,25,38,33,3,2,10,12,2,0,0,0,2,0,1,1,0,2,1,0,1,0,0,0,0,0,,,1,25,42,25,14,3,1,0,0
SLN190909281,evt,1909-09-28,1,STL05,R,0,BSN,SLN,1,1,0,0,1,32,29,2,4,4,0,0,0,0,1,,1,0,0,1,0,2,0,1,2,0,3,1,1,1,0,0,0,1,0,0,27,35,32,1,1,6,7,1,0,0,0,2,0,0,1,1,0,0,0,0,0,0,0,20,6,,,1,27,18,13,5,0,1,0,0
SLN190909281,box,1909-09-28,1,STL05,R,0,BSN,SLN,1,1,0,0,1,,29,2,4,4,0,0,0,,1,,1,0,,1,0,2,0,1,2,0,3,1,1,1,0,0,0,1,0,0,27,35,32,1,1,6,7,1,0,0,0,2,0,,1,1,0,0,0,0,0,0,0,0,0,,,1,27,36,27,9,0,1,0,0
SLN190909282,evt,1909-09-28,2,STL05,R,0,BSN,SLN,1,0,1,0,1,37,31,3,7,8,1,0,0,0,3,,4,0,5,0,1,1,0,3,1,0,7,1,1,0,0,0,1,0,1,0,24,37,31,7,6,10,16,0,3,0,0,3,0,1,1,1,1,1,0,1,0,2,2,12,7,,,1,24,26,14,6,6,2,0,0
SLN190909282,box,1909-09-28,2,STL05,R,0,BSN,SLN,1,0,1,0,1,,31,3,7,8,1,0,0,,3,,4,0,,0,1,1,0,3,1,0,7,1,1,0,0,0,1,0,1,0,24,37,31,7,6,10,16,0,3,0,0,3,0,0,1,1,1,1,0,1,0,0,0,0,0,,,1,24,42,24,12,6,2,0,0
SLN190909290,box,1909-09-29,0,STL05,R,0,BSN,SLN,1,0,1,0,1,,31,1,9,11,2,0,0,,1,,1,0,0,0,0,2,0,0,3,0,6,1,1,1,0,0,0,0,1,0,26,32,29,2,1,5,5,0,0,0,0,2,0,,0,0,1,0,0,0,0,0,0,0,0,,,1,26,41,26,13,2,1,0,0
SLN190909290,ded,1909-09-29,0,STL05,R,0,BSN,SLN,1,0,1,0,1,34,31,1,9,11,2,0,0,0,1,,1,0,0,0,0,2,0,0,3,0,6,1,1,1,0,0,0,0,1,0,26,32,29,2,1,5,5,0,0,0,0,2,0,0,0,0,1,0,0,0,0,0,0,21,1,,,1,26,9,4,3,2,1,0,0
SLN190909300,evt,1909-09-30,0,STL05,R,0,BSN,SLN,1,1,0,0,1,39,34,4,10,11,1,0,0,0,3,,0,0,3,0,0,4,1,2,1,0,8,1,1,1,0,0,0,1,0,0,27,36,31,2,2,5,6,1,0,0,0,5,0,3,1,0,0,0,0,0,0,0,0,9,13,,,1,27,36,27,8,1,1,0,0
SLN190909300,box,1909-09-30,0,STL05,R,0,BSN,SLN,1,1,0,0,1,,34,4,10,11,1,0,0,,3,,0,0,3,0,0,4,1,2,1,0,8,1,1,1,0,0,0,1,0,0,27,36,31,2,2,5,6,1,0,0,0,5,0,3,1,0,0,0,0,0,0,0,0,0,0,,,1,27,36,27,8,1,1,0,0
BRO190910021,evt,1909-10-02,1,NYC12,R,0,BSN,BRO,1,0,1,0,1,35,26,2,4,6,0,1,0,0,2,,6,0,5,0,0,3,0,2,2,0,6,1,1,0,0,0,1,0,1,0,24,34,28,6,6,7,9,0,1,0,0,6,0,4,2,0,0,0,0,1,0,0,0,8,8,,,1,24,39,24,14,1,2,0,0
BRO190910021,box,1909-10-02,1,NYC12,R,0,BSN,BRO,1,0,1,0,1,,26,2,4,6,0,1,0,,2,,6,0,5,0,0,3,0,2,2,0,6,1,1,0,0,0,1,0,1,0,24,34,28,6,6,7,9,0,1,0,0,6,0,4,2,0,0,0,0,1,0,0,0,0,0,,,1,24,39,24,14,1,2,0,0
BRO190910022,evt,1909-10-02,2,NYC12,R,0,BSN,BRO,1,1,0,0,1,36,25,1,6,6,0,0,0,0,0,,7,0,4,1,0,4,0,4,2,0,8,1,1,1,1,0,0,1,0,0,27,31,30,0,0,3,3,0,0,0,0,1,0,3,0,0,0,0,0,0,0,0,0,11,12,,,1,27,40,27,11,2,0,0,0
BRO190910022,box,1909-10-02,2,NYC12,R,0,BSN,BRO,1,1,0,0,1,,25,1,6,6,0,0,0,,0,,7,0,4,1,0,4,0,4,2,0,8,1,1,1,1,0,0,1,0,0,27,31,30,0,0,3,3,0,0,0,0,1,0,3,0,0,0,0,0,0,0,0,0,0,0,,,1,27,40,27,11,2,0,0,0
BRO190910041,evt,1909-10-04,1,NYC12,R,0,BSN,BRO,1,1,0,0,1,40,31,4,11,12,1,0,0,0,4,,5,0,5,0,0,3,1,2,1,0,9,1,1,1,0,0,0,1,0,0,27,32,31,2,2,4,8,1,0,1,0,1,0,2,0,0,0,0,0,0,0,0,0,17,8,,,1,27,43,27,16,0,0,0,0
BRO190910041,box,1909-10-04,1,NYC12,R,0,BSN,BRO,1,1,0,0,1,,31,4,11,12,1,0,0,,4,,5,0,5,0,0,3,1,2,1,0,9,1,1,1,0,0,0,1,0,0,27,32,31,2,2,4,8,1,0,1,0,1,0,2,0,0,0,0,0,0,0,0,0,0,0,,,1,27,43,27,16,0,0,0,0
BRO190910042,evt,1909-10-04,2,NYC12,R,0,BSN,BRO,1,0,1,0,1,35,31,1,6,8,0,1,0,0,1,,3,0,2,0,0,1,0,0,1,0,7,1,1,1,0,0,0,0,1,0,24,34,30,3,2,12,14,2,0,0,0,1,0,5,0,0,3,0,0,0,0,0,0,7,6,,,1,24,37,24,12,1,0,0,1
BRO190910042,box,1909-10-04,2,NYC12,R,0,BSN,BRO,1,0,1,0,1,,31,1,6,8,0,1,0,,1,,3,0,2,0,0,1,0,0,1,0,7,1,1,1,0,0,0,0,1,0,24,34,30,3,2,12,14,2,0,0,0,1,0,5,0,0,3,0,0,0,0,0,0,0,0,,,1,24,37,24,12,1,0,0,1
BRO190910050,evt,1909-10-05,0,NYC12,R,0,BSN,BRO,1,1,0,0,1,41,36,5,10,11,1,0,0,0,3,,1,0,5,0,0,3,1,0,0,0,6,1,1,1,0,0,0,1,0,0,30,41,36,3,1,9,12,3,0,0,0,4,0,1,0,0,1,0,0,0,0,0,0,12,13,,,1,30,48,30,17,1,0,0,0
BRO190910050,box,1909-10-05,0,NYC12,R,0,BSN,BRO,1,1,0,0,1,,36,5,10,11,1,0,0,,3,,1,0,5,0,0,3,1,0,0,0,6,1,1,1,0,0,0,1,0,0,30,41,36,3,1,9,12,3,0,0,0,4,0,1,0,0,1,0,0,0,0,0,0,0,0,,,1,30,48,30,17,1,0,0,0
PHI190910061,evt,1909-10-06,1,PHI09,R,0,BSN,PHI,1,0,1,0,1,44,42,1,8,10,0,1,0,0,1,,1,0,6,0,0,1,0,2,2,0,7,1,1,1,0,0,0,0,1,0,34,45,36,2,0,7,7,0,0,0,0,5,0,1,0,1,3,0,0,0,0,0,0,11,15,,,1,34,56,34,18,4,1,0,1
PHI190910061,box,1909-10-06,1,PHI09,R,0,BSN,PHI,1,0,1,0,1,,42,1,8,10,0,1,0,,1,,1,0,6,0,0,1,0,2,2,0,7,1,1,1,0,0,0,0,1,0,34,45,36,2,0,7,7,0,0,0,0,5,0,1,0,1,3,0,0,0,0,0,0,0,0,,,1,34,56,34,18,4,1,0,1
PHI190910062,evt,1909-10-06,2,PHI09,R,0,BSN,PHI,1,0,1,0,1,37,34,1,6,7,1,0,0,0,1,,1,0,4,0,0,1,1,0,0,0,9,1,1,1,0,0,0,0,1,0,24,35,32,7,6,12,14,2,0,0,0,3,0,5,0,0,0,0,0,2,0,0,0,6,8,,,1,24,39,24,12,3,0,0,0
PHI190910062,box,1909-10-06,2,PHI09,R,0,BSN,PHI,1,0,1,0,1,,34,1,6,7,1,0,0,,1,,1,0,4,0,0,1,1,0,0,0,9,1,1,1,0,0,0,0,1,0,24,35,32,7,6,12,14,2,0,0,0,3,0,5,0,0,0,0,0,2,0,0,0,0,0,,,1,24,39,24,12,3,0,0,0
PHI190910070,box,1909-10-07,0,PHI09,R,0,BSN,PHI,1,1,0,0,1,,32,3,9,12,1,1,0,,2,,1,0,6,0,0,2,0,1,1,0,5,1,1,1,0,0,0,1,0,0,27,37,33,1,1,8,8,0,0,0,0,3,0,4,1,0,1,0,0,0,0,0,0,0,0,,,1,27,41,27,12,2,1,0,0
PHI190910070,ded,1909-10-07,0,PHI09,R,0,BSN,PHI,1,1,0,0,1,35,32,3,9,12,1,1,0,0,2,,1,0,6,0,0,2,0,1,1,0,5,1,1,1,0,0,0,1,0,0,27,37,33,1,1,8,8,0,0,0,0,3,0,4,1,0,1,0,0,0,0,0,0,17,2,,,1,27,20,12,6,2,1,0,0
DET190904140,evt,1909-04-14,0,DET02,R,0,CHA,DET,1,0,1,0,1,28,27,0,1,1,0,0,0,0,0,,1,0,5,1,0,0,0,1,0,0,1,1,1,1,0,0,0,0,1,0,24,30,29,2,0,4,5,1,0,0,0,0,0,3,0,0,1,0,0,0,0,0,0,13,6,,,1,24,40,24,14,2,0,0,0
DET190904140,box,1909-04-14,0,DET02,R,0,CHA,DET,1,0,1,0,1,,27,0,1,1,0,0,0,,0,,1,0,5,1,0,0,0,1,0,0,1,1,1,1,0,0,0,0,1,0,24,30,29,2,0,4,5,1,0,0,0,0,0,3,0,0,1,0,0,0,0,0,0,0,0,,,1,24,40,24,14,2,0,0,0
DET190904150,evt,1909-04-15,0,DET02,R,0,CHA,DET,1,0,1,0,1,34,31,1,3,6,0,0,1,0,1,,2,0,3,0,0,1,0,0,1,0,6,1,1,1,0,0,0,0,1,0,24,33,31,3,2,9,10,1,0,0,0,0,0,6,1,0,2,0,0,1,0,0,0,12,3,,,1,24,39,24,14,1,1,0,0
DET190904150,box,1909-04-15,0,DET02,R,0,CHA,DET,1,0,1,0,1,,31,1,3,6,0,0,1,,1,,2,0,3,0,0,1,0,0,1,0,6,1,1,1,0,0,0,0,1,0,24,33,31,3,2,9,10,1,0,0,0,0,0,6,1,0,2,0,0,1,0,0,0,0,0,,,1,24,39,24,14,1,1,0,0
DET190904160,evt,1909-04-16,0,DET02,R,0,CHA,DET,1,0,1,0,1,34,32,2,7,7,0,0,0,0,2,,0,0,2,0,0,1,1,0,1,0,5,1,1,0,0,0,1,0,1,0,24,41,37,10,7,16,19,1,1,0,0,1,0,2,0,0,1,2,0,0,0,0,0,9,11,,,1,24,40,24,12,4,1,0,0
DET190904160,box,1909-04-16,0,DET02,R,0,CHA,DET,1,0,1,0,1,,32,2,7,7,0,0,0,,2,,0,0,,0,0,1,1,0,1,0,5,1,1,0,0,0,1,0,1,0,24,41,37,10,7,16,19,1,1,0,0,1,0,2,0,0,1,2,0,0,0,0,0,0,0,,,1,24,39,24,11,4,1,0,0
SLA190904170,evt,1909-04-17,0,STL07,R,0,CHA,SLA,1,1,0,0,1,40,39,3,10,14,2,1,0,0,3,,0,0,6,0,0,1,0,1,0,0,7,1,1,1,0,0,0,1,0,0,30,33,33,1,1,4,5,1,0,0,0,0,0,0,0,0,0,0,0,0,0,0,0,28,0,,,1,30,24,13,11,0,0,0,0
SLA190904170,box,1909-04-17,0,STL07,R,0,CHA,SLA,1,1,0,0,1,,39,3,10,14,2,1,0,,3,,0,0,,0,0,1,0,1,0,0,7,1,1,1,0,0,0,1,0,0,30,33,33,1,1,4,5,1,0,0,0,0,0,,0,0,0,0,0,0,0,0,0,0,0,,,1,30,52,30,22,0,0,0,0
SLA190904180,evt,1909-04-18,0,STL07,R,0,CHA,SLA,1,0,1,0,1,33,31,2,6,7,1,0,0,0,2,,1,0,3,0,0,0,1,1,2,0,4,1,1,1,0,0,0,0,1,0,24,38,33,6,6,16,19,1,1,0,0,1,0,2,1,0,3,1,0,0,0,0,0,9,6,,,1,24,35,21,14,0,1,0,0
SLA190904180,box,1909-04-18,0,STL07,R,0,CHA,SLA,1,0,1,0,1,,31,2,6,7,1,0,0,,2,,1,0,,0,0,0,1,1,2,0,4,1,1,1,0,0,0,0,1,0,24,38,33,6,6,16,19,1,1,0,0,1,0,2,1,0,3,1,0,0,0,0,0,0,0,,,1,24,42,24,18,0,1,0,0
CHA190904220,evt,1909-04-22,0,CHI09,R,1,CHA,DET,1,1,0,0,1,36,29,3,7,7,0,0,0,0,3,,4,0,4,0,2,1,0,3,0,0,9,1,1,1,0,0,0,1,0,0,27,35,31,1,1,6,6,0,0,0,0,2,0,7,1,0,1,1,0,0,0,0,0,13,5,,,1,27,32,21,9,2,1,0,0
CHA190904220,box,1909-04-22,0,CHI09,R,1,CHA,DET,1,1,0,0,1,,29,3,7,7,0,0,0,,3,,4,0,4,0,2,1,0,3,0,0,9,1,1,1,0,0,0,1,0,0,27,35,31,1,1,6,6,0,0,0,0,2,0,7,1,0,1,1,0,0,0,0,0,0,0,,,1,27,40,27,11,2,1,0,0
CHA190904230,evt,1909-04-23,0,CHI09,R,1,CHA,DET,1,0,1,0,1,38,32,1,4,4,0,0,0,0,1,,2,0,2,0,0,3,1,1,0,0,4,1,1,1,0,0,0,0,1,0,33,42,37,3,1,10,10,0,0,0,0,2,0,6,1,0,3,0,0,1,0,0,0,13,8,,,1,33,53,33,18,2,2,0,0
CHA190904230,box,1909-04-23,0,CHI09,R,1,CHA,DET,1,0,1,0,1,,32,1,4,4,0,0,0,,1,,2,0,2,0,0,3,1,1,0,0,4,1,1,1,0,0,0,0,1,0,33,42,37,3,1,10,10,0,0,0,0,2,0,6,1,0,3,0,0,1,0,0,0,0,0,,,1,33,53,33,18,2,2,0,0
CHA190904240,evt,1909-04-24,0,CHI09,R,1,CHA,DET,1,1,0,0,1,29,24,3,6,7,1,0,0,0,2,,1,0,1,0,0,3,1,0,1,0,2,1,1,1,0,0,0,1,0,0,27,34,33,1,0,5,6,1,0,0,0,0,0,3,0,1,0,0,0,0,0,0,0,23,1,,,1,27,46,27,18,1,0,0,0
CHA190904240,box,1909-04-24,0,CHI09,R,1,CHA,DET,1,1,0,0,1,,24,3,6,7,1,0,0,,2,,1,0,1,0,0,3,1,0,1,0,2,1,1,1,0,0,0,1,0,0,27,34,33,1,0,5,6,1,0,0,0,0,0,3,0,1,0,0,0,0,0,0,0,0,0,,,1,27,46,27,18,1,0,0,0
CHA190904250,evt,1909-04-25,0,CHI09,R,1,CHA,SLA,1,1,0,0,1,34,25,1,4,4,0,0,0,0,0,,6,2,0,1,0,3,0,7,1,0,9,1,1,1,1,0,0,1,0,0,27,34,30,0,0,3,3,0,0,0,0,2,0,6,0,0,2,0,0,0,0,0,0,15,3,,,1,27,19,13,4,2,0,0,1
CHA190904250,box,1909-04-25,0,CHI09,R,1,CHA,SLA,1,1,0,0,1,,25,1,4,4,0,0,0,,0,,6,2,0,1,0,3,0,7,1,0,9,1,1,1,1,0,0,1,0,0,27,34,30,0,0,3,3,0,0,0,0,2,0,6,0,0,2,0,0,0,0,0,0,0,0,,,1,27,42,27,13,2,0,0,1
CHA190904260,evt,1909-04-26,0,CHI09,R,1,CHA,SLA,1,1,0,0,1,27,25,1,2,2,0,0,0,0,1,,0,0,2,0,1,1,0,0,1,0,2,1,1,1,1,0,0,1,0,0,27,30,27,0,0,2,2,0,0,0,0,0,0,0,0,1,2,0,0,0,0,0,0,15,8,,,1,27,45,27,17,1,1,0,0
CHA190904260,box,1909-04-26,0,CHI09,R,1,CHA,SLA,1,1,0,0,1,,25,1,2,2,0,0,0,,1,,0,0,2,0,1,1,0,0,1,0,2,1,1,1,1,0,0,1,0,0,27,30,27,0,0,2,2,0,0,0,0,0,0,0,0,1,2,0,0,0,0,0,0,0,0,,,1,27,45,27,17,1,1,0,0
CHA190904270,evt,1909-04-27,0,CHI09,R,1,CHA,SLA,1,1,0,0,1,34,29,1,4,4,0,0,0,0,1,,2,0,4,0,0,3,0,0,0,0,7,1,1,1,1,0,0,1,0,0,27,29,28,0,0,3,3,0,0,0,0,0,0,1,0,0,1,0,0,0,0,0,0,14,9,,,1,27,44,27,17,0,0,0,0
CHA190904270,box,1909-04-27,0,CHI09,R,1,CHA,SLA,1,1,0,0,1,,29,1,4,4,0,0,0,,1,,2,0,4,0,0,3,0,0,0,0,7,1,1,1,1,0,0,1,0,0,27,29,28,0,0,3,3,0,0,0,0,0,0,1,0,0,1,0,0,0,0,0,0,0,0,,,1,27,44,27,17,0,0,0,0
CHA190905020,evt,1909-05-02,0,CHI09,R,1,CHA,DET,1,0,1,0,1,38,35,5,10,13,3,0,0,0,5,,3,0,3,0,0,0,0,2,1,0,6,1,1,1,0,0,0,0,1,0,27,39,36,6,6,10,11,1,0,0,0,2,0,9,0,0,1,0,0,0,0,0,0,15,2,,,1,27,15,12,2,1,0,0,1
CHA190905020,box,1909-05-02,0,CHI09,R,1,CHA,DET,1,0,1,0,1,,35,5,10,13,3,0,0,,5,,3,0,3,0,0,0,0,2,1,0,6,1,1,1,0,0,0,0,1,0,27,39,36,6,6,10,11,1,0,0,0,2,0,9,0,0,1,0,0,0,0,0,0,0,0,,,1,27,43,27,15,1,0,0,1
CHA190905030,evt,1909-05-03,0,CHI09,R,1,CHA,DET,1,1,0,0,1,33,29,4,8,8,0,0,0,0,4,,2,0,3,0,0,2,0,3,1,0,5,1,1,1,1,0,0,1,0,0,27,34,32,0,0,6,7,1,0,0,0,2,1,4,0,0,0,0,0,1,0,0,0,12,10,,,1,27,39,26,12,1,0,0,0
CHA190905030,box,1909-05-03,0,CHI09,R,1,CHA,DET,1,1,0,0,1,,29,4,8,8,0,0,0,,4,,2,0,3,0,0,2,0,3,1,0,5,1,1,1,1,0,0,1,0,0,27,34,32,0,0,6,7,1,0,0,0,2,1,4,0,0,0,0,0,1,0,0,0,0,0,,,1,27,41,27,13,1,0,0,0
CLE190905040,evt,1909-05-04,0,CLE05,R,0,CHA,CLE,1,0,1,0,1,34,31,2,4,5,1,0,0,0,2,,3,0,2,0,0,0,0,1,0,0,5,1,1,1,0,0,0,0,1,0,24,41,35,10,9,13,16,1,1,0,0,3,0,3,0,1,2,0,0,0,0,0,0,8,9,,,1,24,37,24,12,1,0,0,1
CLE190905040,box,1909-05-04,0,CLE05,R,0,CHA,CLE,1,0,1,0,1,,31,2,4,5,1,0,0,,2,,3,0,2,0,0,0,0,1,0,0,5,1,1,1,0,0,0,0,1,0,24,41,35,10,9,13,16,1,1,0,0,3,0,3,0,1,2,0,0,0,0,0,0,0,0,,,1,24,37,24,12,1,0,0,1
CLE190905050,evt,1909-05-05,0,CLE05,R,0,CHA,CLE,1,1,0,0,1,36,30,6,5,6,1,0,0,0,3,,3,1,1,1,0,3,0,0,1,0,3,1,1,1,0,0,0,1,0,0,27,39,37,5,5,10,15,3,1,0,0,2,0,2,0,0,0,0,0,0,0,0,0,15,10,,,1,27,41,27,14,0,0,0,0
CLE190905050,box,1909-05-05,0,CLE05,R,0,CHA,CLE,1,1,0,0,1,,30,6,5,6,1,0,0,,3,,3,1,1,1,0,3,0,0,1,0,3,1,1,1,0,0,0,1,0,0,27,39,37,5,5,10,15,3,1,0,0,2,0,2,0,0,0,0,0,0,0,0,0,0,0,,,1,27,41,27,14,0,0,0,0
CLE190905060,evt,1909-05-06,0,CLE05,R,0,CHA,CLE,1,0,1,0,1,33,30,1,4,7,1,1,0,0,1,,2,0,9,1,1,0,0,1,1,0,5,1,1,1,0,0,0,0,1,0,25,31,29,2,1,6,6,0,0,0,0,0,0,2,0,1,1,0,0,1,0,0,0,9,10,,,1,25,40,25,12,3,0,0,0
CLE190905060,box,1909-05-06,0,CLE05,R,0,CHA,CLE,1,0,1,0,1,,30,1,4,7,1,1,0,,1,,2,0,9,1,1,0,0,1,1,0,5,1,1,1,0,0,0,0,1,0,25,31,29,2,1,6,6,0,0,0,0,0,0,2,0,1,1,0,0,1,0,0,0,0,0,,,1,25,40,25,12,3,0,0,0
CLE190905080,evt,1909-05-08,0,CLE05,R,0,CHA,CLE,1,0,1,0,1,40,34,4,6,6,0,0,0,0,3,,3,0,2,0,2,1,0,0,0,0,9,1,1,0,0,0,1,0,1,0,24,36,34,8,8,12,17,1,2,0,0,1,0,6,0,0,1,0,0,0,0,0,0,12,4,,,1,24,34,21,12,1,1,0,0
CLE190905080,box,1909-05-08,0,CLE05,R,0,CHA,CLE,1,0,1,0,1,,34,4,6,6,0,0,0,,3,,3,0,2,0,2,1,0,0,0,0,9,1,1,0,0,0,1,0,1,0,24,36,34,8,8,12,17,1,2,0,0,1,0,6,0,0,1,0,0,0,0,0,0,0,0,,,1,24,39,24,14,1,1,0,0
CHA190905091,evt,1909-05-09,1,CHI09,R,1,CHA,CLE,1,1,0,0,1,33,32,4,8,9,1,0,0,0,4,,1,0,3,0,0,0,0,2,0,0,5,1,1,1,0,0,0,1,0,0,27,37,28,2,1,4,5,1,0,0,0,4,0,5,1,1,3,1,0,0,0,0,0,18,1,,,1,27,22,12,7,3,1,0,1
CHA190905091,box,1909-05-09,1,CHI09,R,1,CHA,CLE,1,1,0,0,1,,32,4,8,9,1,0,0,,4,,1,0,3,0,0,0,0,2,0,0,5,1,1,1,0,0,0,1,0,0,27,37,28,2,1,4,5,1,0,0,0,4,0,5,1,1,3,1,0,0,0,0,0,0,0,,,1,27,47,27,17,3,1,0,1
CHA190905092,evt,1909-05-09,2,CHI09,R,1,CHA,CLE,1,0,1,0,1,36,29,1,5,5,0,0,0,0,0,,5,0,3,1,0,2,0,3,0,0,8,1,1,1,0,0,0,0,1,0,27,37,32,4,4,7,9,2,0,0,0,4,0,6,0,0,1,0,0,0,0,0,0,18,1,,,1,27,7,7,0,0,0,0,1
CHA190905092,box,1909-05-09,2,CHI09,R,1,CHA,CLE,1,0,1,0,1,,29,1,5,5,0,0,0,,0,,5,0,3,1,0,2,0,3,0,0,8,1,1,1,0,0,0,0,1,0,27,37,32,4,4,7,9,2,0,0,0,4,0,6,0,0,1,0,0,0,0,0,0,0,0,,,1,27,40,27,13,0,0,0,1
CHA190905100,evt,1909-05-10,0,CHI09,R,1,CHA,WS1,1,1,0,0,1,38,35,1,6,6,0,0,0,0,1,,2,0,5,0,0,1,0,1,3,0,5,1,1,1,1,0,0,1,0,0,33,40,37,0,0,4,4,0,0,0,0,1,0,5,1,0,2,0,0,0,0,0,0,17,8,,,1,33,45,28,14,3,1,0,0
CHA190905100,box,1909-05-10,0,CHI09,R,1,CHA,WS1,1,1,0,0,1,,35,1,6,6,0,0,0,,1,,2,0,5,0,0,1,0,1,3,0,5,1,1,1,1,0,0,1,0,0,33,40,37,0,0,4,4,0,0,0,0,1,0,5,1,0,2,0,0,0,0,0,0,0,0,,,1,33,53,33,17,3,1,0,0
CHA190905110,evt,1909-05-11,0,CHI09,R,1,CHA,WS1,1,1,0,0,1,42,29,5,8,11,3,0,0,0,5,,8,0,9,0,3,1,1,2,1,0,13,1,1,1,0,0,0,1,0,0,27,38,36,3,0,5,7,2,0,0,0,1,0,4,0,0,0,1,0,0,0,0,0,20,2,,,1,27,26,13,8,5,0,0,0
CHA190905110,box,1909-05-11,0,CHI09,R,1,CHA,WS1,1,1,0,0,1,,29,5,8,11,3,0,0,,5,,8,0,9,0,3,1,1,2,1,0,13,1,1,1,0,0,0,1,0,0,27,38,36,3,0,5,7,2,0,0,0,1,0,4,0,0,0,1,0,0,0,0,0,0,0,,,1,27,45,27,13,5,0,0,0
CHA190905120,evt,1909-05-12,0,CHI09,R,1,CHA,WS1,1,0,1,0,1,39,36,2,10,11,1,0,0,0,2,,1,0,4,2,0,2,0,1,1,0,10,1,1,0,0,0,1,0,1,0,27,39,33,6,4,10,15,5,0,0,0,3,0,3,0,2,1,0,0,0,0,1,0,10,7,,,1,27,51,27,21,3,1,0,0
CHA190905120,box,1909-05-12,0,CHI09,R,1,CHA,WS1,1,0,1,0,1,,36,2,10,11,1,0,0,,2,,1,0,4,2,0,2,0,1,1,0,10,1,1,0,0,0,1,0,1,0,27,39,33,6,4,10,15,5,0,0,0,3,0,3,0,2,1,0,0,0,0,0,0,0,0,,,1,27,52,27,22,3,1,0,0
CHA190905130,evt,1909-05-13,0,CHI09,R,1,CHA,WS1,1,0,0,1,1,72,58,1,13,16,3,0,0,0,1,,9,4,4,0,0,5,0,2,1,0,20,1,1,1,0,0,0,0,0,0,51,59,56,1,1,6,7,1,0,0,0,1,0,2,0,0,2,0,0,0,0,0,0,23,23,,,1,51,50,37,12,1,0,0,0
CHA190905130,box,1909-05-13,0,CHI09,R,1,CHA,WS1,1,0,0,1,1,,58,1,13,16,3,0,0,,1,,9,4,4,0,0,5,0,2,1,0,20,1,1,1,0,0,0,0,0,0,51,59,56,1,1,6,7,1,0,0,0,1,0,,0,0,2,0,0,0,0,0,0,0,0,,,1,51,70,51,18,1,0,0,0
CHA190905150,evt,1909-05-15,0,CHI09,R,1,CHA,PHA,1,0,1,0,1,35,27,2,5,6,1,0,0,0,2,,4,0,1,2,0,3,1,0,0,0,6,1,1,1,0,0,0,0,1,0,27,39,33,3,3,9,12,3,0,0,0,4,0,1,1,0,2,0,0,0,0,0,0,13,10,,,1,27,41,27,14,0,1,0,0
CHA190905150,box,1909-05-15,0,CHI09,R,1,CHA,PHA,1,0,1,0,1,,27,2,5,6,1,0,0,,2,,4,0,1,2,0,3,1,0,0,0,6,1,1,1,0,0,0,0,1,0,27,39,33,3,3,9,12,3,0,0,0,4,0,1,1,0,2,0,0,0,0,0,0,0,0,,,1,27,41,27,14,0,1,0,0
CHA190905160,evt,1909-05-16,0,CHI09,R,1,CHA,PHA,1,0,1,0,1,46,44,0,5,9,2,1,0,0,0,,2,0,5,0,0,0,0,0,0,0,7,1,1,1,0,0,0,0,1,0,39,45,42,1,1,6,9,3,0,0,0,2,0,7,0,0,1,0,0,0,0,0,0,23,5,,,1,39,22,15,6,1,0,0,0
CHA190905160,box,1909-05-16,0,CHI09,R,1,CHA,PHA,1,0,1,0,1,,44,0,5,9,2,1,0,,0,,2,0,5,0,0,0,0,0,0,0,7,1,1,1,0,0,0,0,1,0,39,45,42,1,1,6,9,3,0,0,0,2,0,7,0,0,1,0,0,0,0,0,0,0,0,,,1,39,59,39,19,1,0,0,0
CHA190905170,evt,1909-05-17,0,CHI09,R,1,CHA,PHA,1,0,1,0,1,45,40,0,6,6,0,0,0,0,0,,2,0,8,0,2,1,0,0,2,0,9,1,1,1,0,0,0,0,1,0,36,40,38,1,1,5,7,0,1,0,0,2,0,7,0,0,0,0,0,0,0,0,0,13,12,,,1,36,44,31,12,1,0,0,0
CHA190905170,box,1909-05-17,0,CHI09,R,1,CHA,PHA,1,0,1,0,1,,40,0,6,6,0,0,0,,0,,2,0,8,0,2,1,0,0,2,0,9,1,1,1,0,0,0,0,1,0,36,40,38,1,1,5,7,0,1,0,0,2,0,7,0,0,0,0,0,0,0,0,0,0,0,,,1,36,52,36,15,1,0,0,0
CHA190905180,evt,1909-05-18,0,CHI09,R,1,CHA,PHA,1,0,1,0,1,31,30,0,3,3,0,0,0,0,0,,1,0,4,0,0,0,0,0,1,0,4,1,1,0,0,0,1,0,1,0,27,38,34,5,3,8,8,0,0,0,0,0,0,4,1,1,3,0,0,0,0,0,0,9,8,,,1,27,48,27,14,7,1,0,1
CHA190905180,box,1909-05-18,0,CHI09,R,1,CHA,PHA,1,0,1,0,1,,30,0,3,3,0,0,0,,0,,1,0,4,0,0,0,0,0,1,0,4,1,1,0,0,0,1,0,1,0,27,38,34,5,3,8,8,0,0,0,0,0,0,4,1,1,3,0,0,0,0,0,0,0,0,,,1,27,49,27,15,7,1,0,1
CHA190905190,evt,1909-05-19,0,CHI09,R,1,CHA,BOS,1,0,1,0,1,32,29,2,3,3,0,0,0,0,2,,2,0,3,0,0,1,0,2,0,0,3,1,1,0,0,0,1,0,1,0,27,42,38,5,3,11,11,0,0,0,0,1,0,2,1,1,2,0,0,0,0,0,0,14,5,,,1,27,47,27,17,3,2,0,0
CHA190905190,box,1909-05-19,0,CHI09,R,1,CHA,BOS,1,0,1,0,1,,29,2,3,3,0,0,0,,2,,2,0,3,0,0,1,0,2,0,0,3,1,1,0,0,0,1,0,1,0,27,42,38,5,3,11,11,0,0,0,0,1,0,,1,1,2,0,0,0,0,0,0,0,0,,,1,27,47,27,17,3,2,0,0
CHA190905200,evt,1909-05-20,0,CHI09,R,1,CHA,BOS,1,1,0,0,1,45,37,12,14,16,2,0,0,0,11,,4,0,3,0,0,4,0,0,0,0,9,1,1,1,0,0,0,1,0,0,27,39,34,3,1,6,6,0,0,0,0,3,0,5,0,1,1,0,0,0,0,0,0,15,6,,,1,27,43,27,14,2,0,0,2
CHA190905200,box,1909-05-20,0,CHI09,R,1,CHA,BOS,1,1,0,0,1,,37,12,14,16,2,0,0,,11,,4,0,3,0,0,4,0,0,0,0,9,1,1,1,0,0,0,1,0,0,27,39,34,3,1,6,6,0,0,0,0,3,0,5,0,1,1,0,0,0,0,0,0,0,0,,,1,27,43,27,14,2,0,0,2
CHA190905210,evt,1909-05-21,0,CHI09,R,1,CHA,BOS,1,0,1,0,1,36,33,3,6,7,1,0,0,0,3,,2,0,3,0,0,0,1,0,0,0,6,1,1,0,0,0,1,0,1,0,27,39,35,6,5,8,10,2,0,0,0,2,0,7,0,0,2,0,0,0,0,0,0,10,8,,,1,27,44,27,12,5,1,0,0
CHA190905210,box,1909-05-21,0,CHI09,R,1,CHA,BOS,1,0,1,0,1,,33,3,6,7,1,0,0,,3,,2,0,3,0,0,0,1,0,0,0,6,1,1,0,0,0,1,0,1,0,27,39,35,6,5,8,10,2,0,0,0,2,0,7,0,0,2,0,0,0,0,0,0,0,0,,,1,27,43,27,11,5,1,0,0
CHA190905220,evt,1909-05-22,0,CHI09,R,1,CHA,BOS,1,1,0,0,1,33,28,2,9,13,2,1,0,0,2,,3,0,1,1,0,2,0,0,1,0,7,1,1,1,0,0,0,1,0,0,27,31,31,1,1,5,6,1,0,0,0,0,0,3,1,0,0,0,0,0,0,0,0,14,8,,,1,27,39,27,11,1,1,0,0
CHA190905220,box,1909-05-22,0,CHI09,R,1,CHA,BOS,1,1,0,0,1,,28,2,9,13,2,1,0,,2,,3,0,1,1,0,2,0,0,1,0,7,1,1,1,0,0,0,1,0,0,27,31,31,1,1,5,6,1,0,0,0,0,0,3,1,0,0,0,0,0,0,0,0,0,0,,,1,27,39,27,11,1,1,0,0
CHA190905230,evt,1909-05-23,0,CHI09,R,1,CHA,NYA,1,1,0,0,1,37,31,7,11,16,3,1,0,0,6,,3,0,0,0,0,2,1,4,0,0,6,1,1,1,0,0,0,1,0,0,27,36,32,3,3,8,9,1,0,0,0,2,0,6,0,0,2,0,0,0,0,0,0,15,2,,,1,27,16,12,3,1,0,0,0
CHA190905230,box,1909-05-23,0,CHI09,R,1,CHA,NYA,1,1,0,0,1,,31,7,11,16,3,1,0,,6,,3,0,0,0,0,2,1,4,0,0,6,1,1,1,0,0,0,1,0,0,27,36,32,3,3,8,9,1,0,0,0,2,0,6,0,0,2,0,0,0,0,0,0,0,0,,,1,27,42,27,14,1,0,0,0
CHA190905240,evt,1909-05-24,0,CHI09,R,1,CHA,NYA,1,1,0,0,1,34,27,2,4,7,1,1,0,0,1,,6,0,5,0,0,1,0,0,1,0,8,1,1,0,0,0,1,1,0,1,27,35,29,1,1,5,5,0,0,0,0,4,0,5,0,0,2,0,0,0,0,0,0,10,9,,,1,27,43,27,15,1,1,0,1
CHA190905240,box,1909-05-24,0,CHI09,R,1,CHA,NYA,1,1,0,0,1,,27,2,4,7,1,1,0,,1,,6,0,5,0,0,1,0,0,1,0,8,1,1,0,0,0,1,1,0,1,27,35,29,1,1,5,5,0,0,0,0,4,0,5,0,0,2,0,0,0,0,0,0,0,0,,,1,27,42,27,14,1,1,0,1
CHA190905270,evt,1909-05-27,0,CHI09,R,1,CHA,NYA,1,0,0,1,1,37,30,2,6,6,0,0,0,0,2,,3,0,2,0,0,4,0,1,1,0,5,1,1,1,0,0,0,0,0,0,30,41,37,2,2,10,12,0,1,0,0,2,0,7,0,0,2,0,0,1,0,0,0,11,8,,,1,30,42,29,13,0,0,0,1
CHA190905270,box,1909-05-27,0,CHI09,R,1,CHA,NYA,1,0,0,1,1,,30,2,6,6,0,0,0,,2,,3,0,2,0,0,4,0,1,1,0,5,1,1,1,0,0,0,0,0,0,30,41,37,2,2,10,12,0,1,0,0,2,0,7,0,0,2,0,0,1,0,0,0,0,0,,,1,30,42,29,13,0,0,0,1
DET190905280,evt,1909-05-28,0,DET02,R,0,CHA,DET,1,0,1,0,1,58,49,1,12,14,2,0,0,0,1,,6,0,4,0,1,2,0,2,2,0,15,1,1,1,0,0,0,0,1,0,41,51,50,2,2,12,14,2,0,0,0,0,0,4,0,0,1,0,0,1,0,0,0,23,9,,,1,41,52,32,20,0,0,0,0
DET190905280,box,1909-05-28,0,DET02,R,0,CHA,DET,1,0,1,0,1,,49,1,12,14,2,0,0,,1,,6,0,4,0,1,2,0,2,2,0,15,1,1,1,0,0,0,0,1,0,41,51,50,2,2,12,14,2,0,0,0,0,0,4,0,0,1,0,0,1,0,0,0,0,0,,,1,41,64,41,23,0,0,0,0
DET190905290,evt,1909-05-29,0,DET02,R,0,CHA,DET,1,0,1,0,1,37,29,3,7,8,1,0,0,0,3,,4,0,4,0,2,1,1,1,3,0,7,1,1,1,0,0,0,0,1,0,24,33,32,4,4,12,15,3,0,0,0,0,0,2,1,0,1,0,0,0,0,0,0,10,7,,,1,24,40,24,15,1,1,0,0
DET190905290,box,1909-05-29,0,DET02,R,0,CHA,DET,1,0,1,0,1,,29,3,7,8,1,0,0,,3,,4,0,4,0,2,1,1,1,3,0,7,1,1,1,0,0,0,0,1,0,24,33,32,4,4,12,15,3,0,0,0,0,0,2,1,0,1,0,0,0,0,0,0,0,0,,,1,24,40,24,15,1,1,0,0
CHA190905300,evt,1909-05-30,0,CHI09,R,1,CHA,DET,1,0,1,0,1,34,31,1,5,5,0,0,0,0,0,,2,0,4,1,1,0,0,0,1,0,6,1,1,1,0,0,0,0,1,0,27,33,32,3,2,6,6,0,0,0,0,1,0,3,0,0,0,0,0,0,0,0,0,14,6,,,1,27,26,14,9,3,1,0,0
CHA190905300,box,1909-05-30,0,CHI09,R,1,CHA,DET,1,0,1,0,1,,31,1,5,5,0,0,0,,0,,2,0,4,1,1,0,0,0,1,0,6,1,1,1,0,0,0,0,1,0,27,33,32,3,2,6,6,0,0,0,0,1,0,3,0,0,0,0,0,0,0,0,0,0,0,,,1,27,43,27,13,3,1,0,0
CHA190905311,evt,1909-05-31,1,CHI09,R,1,CHA,DET,1,0,1,0,1,37,33,1,5,5,0,0,0,0,1,,3,0,7,0,0,1,0,0,0,0,9,1,1,0,0,0,1,0,1,0,27,39,33,5,2,10,13,1,1,0,0,4,0,8,0,0,1,1,0,0,0,0,0,8,7,,,1,27,41,27,12,2,0,0,0
CHA190905311,box,1909-05-31,1,CHI09,R,1,CHA,DET,1,0,1,0,1,,33,1,5,5,0,0,0,,1,,3,0,7,0,0,1,0,0,0,0,9,1,1,0,0,0,1,0,1,0,27,39,33,5,2,10,13,1,1,0,0,4,0,8,0,0,1,1,0,0,0,0,0,0,0,,,1,27,41,27,12,2,0,0,0
CHA190905312,evt,1909-05-31,2,CHI09,R,1,CHA,DET,1,0,0,1,1,43,37,7,11,12,1,0,0,0,6,,4,0,0,0,0,2,0,0,0,0,12,1,1,0,0,0,1,0,0,0,24,37,30,7,7,10,11,1,0,0,0,4,0,5,0,1,2,0,0,0,0,0,0,10,5,,,1,24,39,24,14,1,0,0,0
CHA190905312,box,1909-05-31,2,CHI09,R,1,CHA,DET,1,0,0,1,1,,37,7,11,12,1,0,0,,6,,4,0,0,0,0,2,0,0,0,0,12,1,1,0,0,0,1,0,0,0,24,37,30,7,7,10,11,1,0,0,0,4,0,5,0,1,2,0,0,0,0,0,0,0,0,,,1,24,39,24,14,1,0,0,0
PHA190906020,evt,1909-06-02,0,PHI11,R,0,CHA,PHA,1,0,1,0,1,39,32,4,7,7,0,0,0,0,1,,6,0,8,0,0,1,0,3,2,0,8,1,1,1,0,0,0,0,1,0,24,34,30,5,4,9,10,1,0,0,0,0,0,6,0,0,3,1,0,0,0,0,0,8,6,,,1,24,36,24,10,2,1,0,0
PHA190906020,box,1909-06-02,0,PHI11,R,0,CHA,PHA,1,0,1,0,1,,32,4,7,7,0,0,0,,1,,6,0,8,0,0,1,0,3,2,0,8,1,1,1,0,0,0,0,1,0,24,34,30,5,4,9,10,1,0,0,0,0,0,6,0,0,3,1,0,0,0,0,0,0,0,,,1,24,36,24,10,2,1,0,0
PHA190906030,evt,1909-06-03,0,PHI11,R,0,CHA,PHA,1,1,0,0,1,42,33,9,9,13,0,2,0,0,8,,6,0,2,0,0,2,1,3,3,0,6,1,1,0,0,0,1,1,0,0,27,42,34,6,6,13,18,0,1,1,0,5,0,3,0,0,2,1,0,0,0,1,0,8,10,,,1,27,43,27,13,3,1,0,0
PHA190906030,box,1909-06-03,0,PHI11,R,0,CHA,PHA,1,1,0,0,1,,33,9,9,13,0,2,0,,8,,6,0,2,0,0,2,1,3,3,0,6,1,1,0,0,0,1,1,0,0,27,42,34,6,6,13,18,0,1,1,0,5,0,3,0,0,2,1,0,0,0,0,0,0,0,,,1,27,43,27,13,3,1,0,0
WS1190906070,evt,1909-06-07,0,WAS08,R,0,CHA,WS1,1,1,0,0,1,37,33,8,9,9,0,0,0,0,6,,2,0,6,1,0,2,0,3,3,0,2,1,1,1,1,0,0,1,0,0,27,33,32,0,0,5,5,0,0,0,0,1,0,4,0,0,0,0,0,0,0,0,0,19,4,,,1,27,45,27,18,0,0,0,0
WS1190906070,box,1909-06-07,0,WAS08,R,0,CHA,WS1,1,1,0,0,1,,33,8,9,9,0,0,0,,6,,2,0,6,1,0,2,0,3,3,0,2,1,1,1,1,0,0,1,0,0,27,33,32,0,0,5,5,0,0,0,0,1,0,4,0,0,0,0,0,0,0,0,0,0,0,,,1,27,45,27,18,0,0,0,0
NYA190906110,evt,1909-06-11,0,NYC13,R,0,CHA,NYA,1,1,0,0,1,35,32,1,7,9,2,0,0,0,0,,3,0,2,1,0,0,0,1,2,0,7,1,1,1,1,0,0,1,0,0,27,33,30,0,0,3,4,1,0,0,0,2,0,4,0,0,1,0,0,0,0,0,0,14,8,,,1,27,41,27,13,1,0,0,0
NYA190906110,box,1909-06-11,0,NYC13,R,0,CHA,NYA,1,1,0,0,1,,32,1,7,9,2,0,0,,0,,3,0,2,1,0,0,0,1,2,0,7,1,1,1,1,0,0,1,0,0,27,33,30,0,0,3,4,1,0,0,0,2,0,4,0,0,1,0,0,0,0,0,0,0,0,,,1,27,41,27,13,1,0,0,0
NYA190906120,evt,1909-06-12,0,NYC13,R,0,CHA,NYA,1,1,0,0,1,39,35,5,9,13,4,0,0,0,4,,1,0,4,0,0,3,0,0,1,0,7,1,1,1,0,0,0,1,0,0,27,37,33,3,3,6,7,1,0,0,0,3,0,6,0,0,1,0,0,1,0,0,0,14,5,,,1,27,43,27,16,0,0,0,0
NYA190906120,box,1909-06-12,0,NYC13,R,0,CHA,NYA,1,1,0,0,1,,35,5,9,13,4,0,0,,4,,1,0,4,0,0,3,0,0,1,0,7,1,1,1,0,0,0,1,0,0,27,37,33,3,3,6,7,1,0,0,0,3,0,6,0,0,1,0,0,1,0,0,0,0,0,,,1,27,43,27,16,0,0,0,0
NYA190906140,evt,1909-06-14,0,NYC13,R,0,CHA,NYA,1,0,1,0,1,39,37,5,11,12,1,0,0,0,2,,2,0,4,0,0,0,0,1,1,0,7,1,1,0,0,0,1,0,1,0,24,39,33,7,7,9,14,0,1,1,0,4,0,3,0,1,1,0,0,0,0,0,0,12,6,,,1,24,41,24,13,4,1,0,0
NYA190906140,box,1909-06-14,0,NYC13,R,0,CHA,NYA,1,0,1,0,1,,37,5,11,12,1,0,0,,2,,2,0,4,0,0,0,0,1,1,0,7,1,1,0,0,0,1,0,1,0,24,39,33,7,7,9,14,0,1,1,0,4,0,3,0,1,1,0,0,0,0,0,0,0,0,,,1,24,41,24,13,4,1,0,0
NYA190906150,evt,1909-06-15,0,NYC13,R,0,CHA,NYA,1,1,0,0,1,39,34,7,11,17,1,1,1,0,7,,3,0,7,0,0,2,0,1,1,0,5,1,1,1,0,0,0,1,0,0,27,38,33,3,3,9,12,0,0,1,0,3,0,2,1,0,2,0,0,0,0,0,0,10,11,,,1,27,41,27,13,1,1,0,0
NYA190906150,box,1909-06-15,0,NYC13,R,0,CHA,NYA,1,1,0,0,1,,34,7,11,17,1,1,1,,7,,3,0,7,0,0,2,0,1,1,0,5,1,1,1,0,0,0,1,0,0,27,38,33,3,3,9,12,0,0,1,0,3,0,2,1,0,2,0,0,0,0,0,0,0,0,,,1,27,41,27,13,1,1,0,0
BOS190906160,evt,1909-06-16,0,BOS06,R,0,CHA,BOS,1,1,0,0,1,38,36,6,9,14,1,2,0,0,6,,0,0,5,0,0,2,0,1,0,0,5,1,1,0,0,0,1,1,0,1,27,37,30,4,4,10,14,0,2,0,0,3,0,2,1,1,3,0,0,0,0,0,0,9,8,,,1,27,45,27,16,2,2,0,1
BOS190906160,box,1909-06-16,0,BOS06,R,0,CHA,BOS,1,1,0,0,1,,36,6,9,14,1,2,0,,6,,0,0,5,0,0,2,0,1,0,0,5,1,1,0,0,0,1,1,0,1,27,37,30,4,4,10,14,0,2,0,0,3,0,2,1,1,3,0,0,0,0,0,0,0,0,,,1,27,45,27,16,2,2,0,1
BOS190906171,evt,1909-06-17,1,BOS06,R,0,CHA,BOS,1,1,0,0,1,40,34,9,9,14,1,2,0,0,7,,4,0,1,0,0,2,0,0,2,0,4,1,1,1,0,0,0,1,0,0,27,36,33,2,2,9,11,0,1,0,0,1,0,7,0,1,1,0,0,0,0,0,0,8,8,,,1,27,45,27,16,2,1,0,0
BOS190906171,box,1909-06-17,1,BOS06,R,0,CHA,BOS,1,1,0,0,1,,34,9,9,14,1,2,0,,7,,4,0,1,0,0,2,0,0,2,0,4,1,1,1,0,0,0,1,0,0,27,36,33,2,2,9,11,0,1,0,0,1,0,7,0,1,1,0,0,0,0,0,0,0,0,,,1,27,45,27,16,2,1,0,0
BOS190906172,evt,1909-06-17,2,BOS06,R,0,CHA,BOS,1,0,1,0,1,35,30,1,5,5,0,0,0,0,1,,3,0,3,0,0,1,1,2,0,0,7,1,1,1,0,0,0,0,1,0,24,34,29,6,6,7,7,0,0,0,0,4,0,5,0,0,1,0,0,1,0,0,0,13,4,,,1,24,39,24,15,0,0,0,0
BOS190906172,box,1909-06-17,2,BOS06,R,0,CHA,BOS,1,0,1,0,1,,30,1,5,5,0,0,0,,1,,3,0,3,0,0,1,1,2,0,0,7,1,1,1,0,0,0,0,1,0,24,34,29,6,6,7,7,0,0,0,0,4,0,5,0,0,1,0,0,1,0,0,0,0,0,,,1,24,39,24,15,0,0,0,0
DET190906190,evt,1909-06-19,0,DET02,R,0,CHA,DET,1,0,1,0,1,37,32,4,7,12,1,2,0,0,4,,2,0,3,1,0,3,0,2,0,0,6,1,1,0,0,0,1,0,1,0,24,37,31,5,2,7,13,0,3,0,0,4,0,3,0,0,2,0,0,0,0,1,0,9,9,,,1,24,37,24,10,3,0,0,1
DET190906190,box,1909-06-19,0,DET02,R,0,CHA,DET,1,0,1,0,1,,32,4,7,12,1,2,0,,4,,2,0,3,1,0,3,0,2,0,0,6,1,1,0,0,0,1,0,1,0,24,37,31,5,2,7,13,0,3,0,0,4,0,3,0,0,2,0,0,0,0,0,0,0,0,,,1,24,37,24,10,3,0,0,1
CHA190906201,evt,1909-06-20,1,CHI09,R,1,CHA,CLE,1,1,0,0,1,32,27,4,8,9,1,0,0,0,2,,2,0,1,0,0,2,1,3,1,0,4,1,1,1,1,0,0,1,0,0,27,31,29,0,0,1,1,0,0,0,0,2,1,5,0,0,0,0,0,0,0,0,0,21,0,,,1,27,17,9,5,3,0,0,0
CHA190906201,box,1909-06-20,1,CHI09,R,1,CHA,CLE,1,1,0,0,1,,27,4,8,9,1,0,0,,2,,2,0,1,0,0,2,1,3,1,0,4,1,1,1,1,0,0,1,0,0,27,31,29,0,0,1,1,0,0,0,0,2,1,5,0,0,0,0,0,0,0,0,0,0,0,,,1,27,45,27,15,3,0,0,0
CHA190906202,evt,1909-06-20,2,CHI09,R,1,CHA,CLE,1,0,1,0,1,32,27,0,3,3,0,0,0,0,0,,3,0,5,0,0,2,0,1,2,0,5,1,1,0,0,0,1,0,1,0,27,41,37,5,5,11,14,1,1,0,0,3,0,6,0,1,0,0,0,2,0,2,2,16,2,,,1,27,23,15,7,1,1,0,1
CHA190906202,box,1909-06-20,2,CHI09,R,1,CHA,CLE,1,0,1,0,1,,27,0,3,3,0,0,0,,0,,3,0,5,0,0,2,0,1,2,0,5,1,1,0,0,0,1,0,1,0,27,41,37,5,5,11,14,1,1,0,0,3,0,6,0,1,0,0,0,2,0,0,0,0,0,,,1,27,41,27,13,1,1,0,1
CHA190906221,evt,1909-06-22,1,CHI09,R,1,CHA,CLE,1,0,1,0,1,33,32,2,6,8,2,0,0,0,2,,1,0,1,1,0,0,0,2,0,0,4,1,1,1,0,0,0,0,1,0,27,36,31,3,3,8,9,1,0,0,0,3,0,4,0,0,2,0,0,0,1,0,0,11,7,,,1,27,45,27,17,1,0,0,1
CHA190906221,box,1909-06-22,1,CHI09,R,1,CHA,CLE,1,0,1,0,1,,32,2,6,8,2,0,0,,2,,1,0,1,1,0,0,0,2,0,0,4,1,1,1,0,0,0,0,1,0,27,36,31,3,3,8,9,1,0,0,0,3,0,4,0,0,2,0,0,0,1,0,0,0,0,,,1,27,45,27,17,1,0,0,1
CHA190906222,evt,1909-06-22,2,CHI09,R,1,CHA,CLE,1,0,1,0,1,31,30,0,6,9,1,1,0,0,0,,1,0,3,2,0,0,0,0,1,0,4,1,1,1,0,0,0,0,1,0,27,32,26,2,2,5,5,0,0,0,0,2,0,3,0,0,3,1,0,0,0,0,0,11,8,,,1,27,40,25,15,0,1,0,0
CHA190906222,box,1909-06-22,2,CHI09,R,1,CHA,CLE,1,0,1,0,1,,30,0,6,9,1,1,0,,0,,1,0,3,2,0,0,0,0,1,0,4,1,1,1,0,0,0,0,1,0,27,32,26,2,2,5,5,0,0,0,0,2,0,3,0,0,3,1,0,0,0,0,0,0,0,,,1,27,43,27,16,0,1,0,0
CLE190906230,evt,1909-06-23,0,CLE05,R,0,CHA,CLE,1,1,0,0,1,36,32,4,8,9,1,0,0,0,2,,2,0,5,0,0,2,0,2,2,0,5,1,1,1,0,0,0,1,0,0,27,39,34,3,2,9,10,1,0,0,0,2,0,4,0,1,1,1,0,0,0,0,0,8,13,,,1,27,40,27,10,3,0,0,0
CLE190906230,box,1909-06-23,0,CLE05,R,0,CHA,CLE,1,1,0,0,1,,32,4,8,9,1,0,0,,2,,2,0,5,0,0,2,0,2,2,0,5,1,1,1,0,0,0,1,0,0,27,39,34,3,2,9,10,1,0,0,0,2,0,4,0,1,1,1,0,0,0,0,0,0,0,,,1,27,40,27,10,3,0,0,0
CLE190906240,evt,1909-06-24,0,CLE05,R,0,CHA,CLE,1,0,1,0,1,31,31,1,3,3,0,0,0,0,1,,0,0,4,0,0,0,0,0,0,0,3,1,1,1,0,0,0,0,1,0,24,40,32,8,8,11,18,1,3,0,0,5,0,0,1,0,1,2,0,0,0,0,0,12,8,,,1,24,34,21,13,0,1,0,0
CLE190906240,box,1909-06-24,0,CLE05,R,0,CHA,CLE,1,0,1,0,1,,31,1,3,3,0,0,0,,1,,0,0,4,0,0,0,0,0,0,0,3,1,1,1,0,0,0,0,1,0,24,40,32,8,8,11,18,1,3,0,0,5,0,0,1,0,1,2,0,0,0,0,0,0,0,,,1,24,39,24,15,0,1,0,0
CLE190906260,evt,1909-06-26,0,CLE05,R,0,CHA,CLE,1,1,0,0,1,35,34,2,7,9,0,1,0,0,1,,1,0,1,0,0,0,0,0,1,0,6,1,1,1,1,0,0,1,0,0,27,32,30,0,0,4,4,0,0,0,0,1,0,7,1,0,1,0,0,0,0,0,0,10,5,,,1,27,47,27,17,3,1,0,2
CLE190906260,box,1909-06-26,0,CLE05,R,0,CHA,CLE,1,1,0,0,1,,34,2,7,9,0,1,0,,1,,1,0,1,0,0,0,0,0,1,0,6,1,1,1,1,0,0,1,0,0,27,32,30,0,0,4,4,0,0,0,0,1,0,7,1,0,1,0,0,0,0,0,0,0,0,,,1,27,47,27,17,3,1,0,2
CHA190906271,evt,1909-06-27,1,CHI09,R,1,CHA,DET,1,0,1,0,1,32,32,0,5,6,1,0,0,0,0,,0,0,3,0,0,0,0,1,0,0,5,1,1,1,0,0,0,0,1,0,27,33,30,1,1,5,6,1,0,0,0,3,0,3,1,0,0,0,0,0,1,0,0,21,0,,,1,27,14,10,4,0,1,0,0
CHA190906271,box,1909-06-27,1,CHI09,R,1,CHA,DET,1,0,1,0,1,,32,0,5,6,1,0,0,,0,,0,0,3,0,0,0,0,1,0,0,5,1,1,1,0,0,0,0,1,0,27,33,30,1,1,5,6,1,0,0,0,3,0,3,1,0,0,0,0,0,1,0,0,0,0,,,1,27,41,27,14,0,1,0,0
CHA190906272,evt,1909-06-27,2,CHI09,R,1,CHA,DET,1,1,0,0,1,35,29,5,6,8,2,0,0,0,4,,6,0,3,0,0,0,0,3,1,0,6,1,1,1,0,0,0,1,0,0,27,36,36,3,3,8,11,3,0,0,0,0,0,7,1,0,0,0,0,0,0,0,0,14,4,,,1,27,18,12,2,4,1,0,1
CHA190906272,box,1909-06-27,2,CHI09,R,1,CHA,DET,1,1,0,0,1,,29,5,6,8,2,0,0,,4,,6,0,3,0,0,0,0,3,1,0,6,1,1,1,0,0,0,1,0,0,27,36,36,3,3,8,11,3,0,0,0,0,0,7,1,0,0,0,0,0,0,0,0,0,0,,,1,27,42,27,11,4,1,0,1
CHA190906280,evt,1909-06-28,0,CHI09,R,1,CHA,DET,1,0,1,0,1,40,31,1,7,7,0,0,0,0,1,,4,0,5,2,1,4,0,2,3,0,9,1,1,0,0,0,1,0,1,0,30,37,32,2,2,8,10,2,0,0,0,4,0,2,0,0,1,0,0,0,0,0,0,14,8,,,1,30,52,30,22,0,2,0,0
CHA190906280,box,1909-06-28,0,CHI09,R,1,CHA,DET,1,0,1,0,1,,31,1,7,7,0,0,0,,1,,4,0,5,2,1,4,0,2,3,0,9,1,1,0,0,0,1,0,1,0,30,37,32,2,2,8,10,2,0,0,0,4,0,2,0,0,1,0,0,0,0,0,0,0,0,,,1,30,52,30,22,0,2,0,0
CHA190906290,evt,1909-06-29,0,CHI09,R,1,CHA,SLA,1,0,1,0,1,31,29,1,6,6,0,0,0,0,1,,1,0,5,2,0,1,0,0,1,0,3,1,1,1,0,0,0,0,1,0,27,33,29,2,1,4,4,0,0,0,0,3,0,6,1,0,1,0,0,0,0,0,0,11,7,,,1,27,45,27,16,2,1,0,0
CHA190906290,box,1909-06-29,0,CHI09,R,1,CHA,SLA,1,0,1,0,1,,29,1,6,6,0,0,0,,1,,1,0,5,2,0,1,0,0,1,0,3,1,1,1,0,0,0,0,1,0,27,33,29,2,1,4,4,0,0,0,0,3,0,6,1,0,1,0,0,0,0,0,0,0,0,,,1,27,44,27,15,2,1,0,0
CHA190906300,evt,1909-06-30,0,CHI09,R,1,CHA,SLA,1,0,1,0,1,36,30,3,9,11,0,1,0,0,3,,2,0,6,1,1,3,0,2,2,0,6,1,1,1,0,0,0,0,1,0,27,39,32,4,4,8,13,1,2,0,0,4,0,0,1,1,2,0,0,0,0,0,0,11,12,,,1,27,37,24,12,1,1,0,0
CHA190906300,box,1909-06-30,0,CHI09,R,1,CHA,SLA,1,0,1,0,1,,30,3,9,11,0,1,0,,3,,2,0,6,1,1,3,0,2,2,0,6,1,1,1,0,0,0,0,1,0,27,39,32,4,4,8,13,1,2,0,0,4,0,0,1,1,2,0,0,0,0,0,0,0,0,,,1,27,44,27,16,1,1,0,0
CHA190907010,evt,1909-07-01,0,CHI09,R,1,CHA,SLA,1,0,1,0,1,32,27,0,4,4,0,0,0,0,0,,4,0,2,1,0,1,0,1,1,0,5,1,1,1,0,0,0,0,1,0,27,36,32,2,2,8,10,2,0,0,0,3,0,3,1,0,1,0,0,0,0,0,0,9,9,,,1,27,44,27,17,0,1,0,0
CHA190907010,box,1909-07-01,0,CHI09,R,1,CHA,SLA,1,0,1,0,1,,27,0,4,4,0,0,0,,0,,4,0,2,1,0,1,0,1,1,0,5,1,1,1,0,0,0,0,1,0,27,36,32,2,2,8,10,2,0,0,0,3,0,3,1,0,1,0,0,0,0,0,0,0,0,,,1,27,44,27,17,0,1,0,0
CHA190907020,evt,1909-07-02,0,CHI09,R,1,CHA,SLA,1,1,0,0,1,48,39,15,14,18,2,1,0,0,12,,7,0,6,0,1,0,1,11,0,0,9,1,1,1,0,0,0,1,0,0,27,41,38,3,3,12,13,1,0,0,0,2,0,1,1,0,0,1,0,0,0,0,0,16,8,,,1,27,30,19,10,1,1,0,0
CHA190907020,box,1909-07-02,0,CHI09,R,1,CHA,SLA,1,1,0,0,1,,39,15,14,18,2,1,0,,12,,7,0,6,0,1,0,1,11,0,0,9,1,1,1,0,0,0,1,0,0,27,41,38,3,3,12,13,1,0,0,0,2,0,1,1,0,0,1,0,0,0,0,0,0,0,,,1,27,45,27,17,1,1,0,0
CHA190907030,evt,1909-07-03,0,CHI09,R,1,CHA,SLA,1,0,1,0,1,31,27,0,2,2,0,0,0,0,0,,3,0,2,0,0,1,0,2,0,0,4,1,1,0,0,0,1,0,1,0,27,40,35,4,4,11,15,2,1,0,0,3,0,0,0,0,2,0,0,1,0,0,0,13,9,,,1,27,46,27,17,2,0,0,0
CHA190907030,box,1909-07-03,0,CHI09,R,1,CHA,SLA,1,0,1,0,1,,27,0,2,2,0,0,0,,0,,3,0,2,0,0,1,0,2,0,0,4,1,1,0,0,0,1,0,1,0,27,40,35,4,4,11,15,2,1,0,0,3,0,0,0,0,2,0,0,1,0,0,0,0,0,,,1,27,46,27,17,2,0,0,0
CHA190907040,evt,1909-07-04,0,CHI09,R,1,CHA,CLE,1,0,1,0,1,30,29,0,2,2,0,0,0,0,0,,1,0,2,0,0,0,0,0,0,0,3,1,1,0,0,0,1,0,1,0,27,34,31,3,2,6,8,0,1,0,0,2,0,2,0,0,1,0,0,0,0,0,0,20,3,,,1,27,16,10,6,0,0,0,1
CHA190907040,box,1909-07-04,0,CHI09,R,1,CHA,CLE,1,0,1,0,1,,29,0,2,2,0,0,0,,0,,1,0,2,0,0,0,0,0,0,0,3,1,1,0,0,0,1,0,1,0,27,34,31,3,2,6,8,0,1,0,0,2,0,2,0,0,1,0,0,0,0,0,0,0,0,,,1,27,44,27,17,0,0,0,1
CLE190907051,evt,1909-07-05,1,CLE05,R,0,CHA,CLE,1,0,1,0,1,46,41,3,9,9,0,0,0,0,1,,2,0,7,0,0,3,0,3,0,0,7,1,1,1,0,0,0,0,1,0,35,48,43,4,4,12,13,1,0,0,0,2,0,9,0,1,1,1,0,0,0,0,0,15,8,,,1,35,54,35,18,1,0,0,0
CLE190907051,box,1909-07-05,1,CLE05,R,0,CHA,CLE,1,0,1,0,1,,41,3,9,9,0,0,0,,1,,2,0,7,0,0,3,0,3,0,0,7,1,1,1,0,0,0,0,1,0,35,48,43,4,4,12,13,1,0,0,0,2,0,9,0,1,1,1,0,0,0,0,0,0,0,,,1,35,54,35,18,1,0,0,0
CLE190907052,evt,1909-07-05,2,CLE05,R,0,CHA,CLE,1,0,1,0,1,32,28,2,6,10,2,1,0,0,1,,4,0,0,1,0,0,0,2,2,0,3,1,1,1,0,0,0,0,1,0,24,39,35,4,3,9,13,2,1,0,0,3,0,4,0,1,0,0,0,0,0,0,0,9,10,,,1,24,39,24,11,4,0,0,0
CLE190907052,box,1909-07-05,2,CLE05,R,0,CHA,CLE,1,0,1,0,1,,28,2,6,10,2,1,0,,1,,4,0,0,1,0,0,0,2,2,0,3,1,1,1,0,0,0,0,1,0,24,39,35,4,3,9,13,2,1,0,0,3,0,4,0,1,0,0,0,0,0,0,0,0,0,,,1,24,39,24,11,4,0,0,0
SLA190907060,evt,1909-07-06,0,STL07,R,0,CHA,SLA,1,1,0,0,1,39,36,5,12,14,2,0,0,0,4,,3,0,4,1,0,0,0,1,1,0,7,1,1,0,0,0,1,1,0,0,27,38,34,4,3,9,9,0,0,0,0,3,0,5,0,1,0,0,0,0,0,0,0,13,6,,,1,27,26,19,6,1,1,0,0
SLA190907060,box,1909-07-06,0,STL07,R,0,CHA,SLA,1,1,0,0,1,,36,5,12,14,2,0,0,,4,,3,0,4,1,0,0,0,1,1,0,7,1,1,0,0,0,1,1,0,0,27,38,34,4,3,9,9,0,0,0,0,3,0,5,0,1,0,0,0,0,0,0,0,0,0,,,1,27,41,27,13,1,1,0,0
SLA190907081,evt,1909-07-08,1,STL07,R,0,CHA,SLA,1,0,1,0,1,38,35,1,10,10,0,0,0,0,1,,3,0,3,2,0,0,0,2,0,0,10,1,1,1,0,0,0,0,1,0,24,36,33,5,5,10,13,3,0,0,0,2,0,2,2,0,1,0,0,0,0,0,0,9,10,,,1,24,39,24,12,3,2,0,0
SLA190907081,box,1909-07-08,1,STL07,R,0,CHA,SLA,1,0,1,0,1,,35,1,10,10,0,0,0,,1,,3,0,3,2,0,0,0,2,0,0,10,1,1,1,0,0,0,0,1,0,24,36,33,5,5,10,13,3,0,0,0,2,0,2,2,0,1,0,0,0,0,0,0,0,0,,,1,24,39,24,12,3,2,0,0
SLA190907082,evt,1909-07-08,2,STL07,R,0,CHA,SLA,1,0,1,0,1,30,29,0,4,4,0,0,0,0,0,,1,0,2,1,0,0,0,1,0,0,3,1,1,1,0,0,0,0,1,0,26,31,29,1,1,5,5,0,0,0,0,1,0,9,0,1,0,0,0,1,0,0,0,10,2,,,1,26,33,22,10,1,1,0,0
SLA190907082,box,1909-07-08,2,STL07,R,0,CHA,SLA,1,0,1,0,1,,29,0,4,4,0,0,0,,0,,1,0,2,1,0,0,0,1,0,0,3,1,1,1,0,0,0,0,1,0,26,31,29,1,1,5,5,0,0,0,0,1,0,9,0,1,0,0,0,1,0,0,0,0,0,,,1,26,39,26,12,1,1,0,0
CHA190907090,evt,1909-07-09,0,CHI09,R,1,CHA,BOS,1,0,1,0,1,33,28,1,4,5,1,0,0,0,1,,3,0,0,0,0,2,0,0,1,0,5,1,1,0,0,0,1,0,1,0,27,31,28,2,2,4,7,0,0,1,0,1,0,1,0,1,1,0,0,0,0,0,0,12,11,,,1,27,40,27,13,0,0,0,0
CHA190907090,box,1909-07-09,0,CHI09,R,1,CHA,BOS,1,0,1,0,1,,28,1,4,5,1,0,0,,1,,3,0,0,0,0,2,0,0,1,0,5,1,1,0,0,0,1,0,1,0,27,31,28,2,2,4,7,0,0,1,0,1,0,1,0,1,1,0,0,0,0,0,0,0,0,,,1,27,40,27,13,0,0,0,0
CHA190907100,evt,1909-07-10,0,CHI09,R,1,CHA,BOS,1,1,0,0,1,42,31,6,12,16,2,1,0,0,3,,7,0,2,0,0,3,1,5,1,0,12,1,1,1,0,0,0,1,0,0,27,36,35,1,1,9,9,0,0,0,0,0,0,3,0,1,0,0,0,1,0,0,0,14,9,,,1,27,41,27,14,0,1,0,0
CHA190907100,box,1909-07-10,0,CHI09,R,1,CHA,BOS,1,1,0,0,1,,31,6,12,16,2,1,0,,3,,7,0,2,0,0,3,1,5,1,0,12,1,1,1,0,0,0,1,0,0,27,36,35,1,1,9,9,0,0,0,0,0,0,3,0,1,0,0,0,1,0,0,0,0,0,,,1,27,41,27,14,0,1,0,0
CHA190907110,evt,1909-07-11,0,CHI09,R,1,CHA,BOS,1,1,0,0,1,33,31,4,9,12,3,0,0,0,3,,2,0,2,0,0,0,0,4,2,0,5,1,1,1,1,0,0,1,0,0,27,28,27,0,0,3,3,0,0,0,0,0,0,2,0,1,0,0,0,0,0,0,0,19,3,,,1,27,12,9,3,0,0,1,0
CHA190907110,box,1909-07-11,0,CHI09,R,1,CHA,BOS,1,1,0,0,1,,31,4,9,12,3,0,0,,3,,2,0,2,0,0,0,0,4,2,0,5,1,1,1,1,0,0,1,0,0,27,28,27,0,0,3,3,0,0,0,0,0,0,2,0,1,0,0,0,0,0,0,0,0,0,,,1,27,45,27,18,0,0,1,0
CHA190907120,evt,1909-07-12,0,CHI09,R,1,CHA,BOS,1,0,1,0,1,41,36,3,11,13,2,0,0,0,3,,1,0,3,1,0,4,0,1,0,0,8,1,1,0,0,0,1,0,1,0,30,43,38,4,3,11,12,1,0,0,0,2,0,2,0,2,1,0,0,0,0,2,0,12,12,,,1,30,49,30,18,1,0,0,0
CHA190907120,box,1909-07-12,0,CHI09,R,1,CHA,BOS,1,0,1,0,1,,36,3,11,13,2,0,0,,3,,1,0,3,1,0,4,0,1,0,0,8,1,1,0,0,0,1,0,1,0,30,43,38,4,3,11,12,1,0,0,0,2,0,2,0,2,1,0,0,0,0,0,0,0,0,,,1,30,50,30,19,1,0,0,0
CHA190907131,evt,1909-07-13,1,CHI09,R,1,CHA,NYA,1,0,1,0,1,35,26,1,4,4,0,0,0,0,1,,7,0,2,3,0,2,0,0,1,0,7,1,1,0,0,0,1,0,1,0,27,39,35,5,1,8,9,1,0,0,0,2,0,2,0,0,2,0,0,0,1,0,0,12,9,,,1,27,48,27,17,4,0,0,0
CHA190907131,box,1909-07-13,1,CHI09,R,1,CHA,NYA,1,0,1,0,1,,26,1,4,4,0,0,0,,1,,7,0,2,3,0,2,0,0,1,0,7,1,1,0,0,0,1,0,1,0,27,39,35,5,1,8,9,1,0,0,0,2,0,2,0,0,2,0,0,0,1,0,0,0,0,,,1,27,48,27,17,4,0,0,0
CHA190907132,evt,1909-07-13,2,CHI09,R,1,CHA,NYA,1,1,0,0,1,35,27,6,5,5,0,0,0,0,6,,8,0,6,0,0,0,0,6,2,0,5,1,1,1,0,0,0,1,0,0,27,36,35,2,2,10,14,4,0,0,0,1,0,2,0,0,0,0,0,0,0,0,0,18,5,,,1,27,19,12,7,0,1,0,0
CHA190907132,box,1909-07-13,2,CHI09,R,1,CHA,NYA,1,1,0,0,1,,27,6,5,5,0,0,0,,6,,8,0,6,0,0,0,0,6,2,0,5,1,1,1,0,0,0,1,0,0,27,36,35,2,2,10,14,4,0,0,0,1,0,2,0,0,0,0,0,0,0,0,0,0,0,,,1,27,38,27,11,0,1,0,0
CHA190907141,evt,1909-07-14,1,CHI09,R,1,CHA,NYA,1,0,1,0,1,34,31,3,6,10,4,0,0,0,2,,2,0,3,0,0,1,0,1,1,0,4,1,1,1,0,0,0,0,1,0,27,37,34,4,3,12,16,4,0,0,0,0,0,3,0,0,3,0,0,0,0,0,0,10,6,,,1,27,51,27,20,4,2,0,0
CHA190907141,box,1909-07-14,1,CHI09,R,1,CHA,NYA,1,0,1,0,1,,31,3,6,10,4,0,0,,2,,2,0,3,0,0,1,0,1,1,0,4,1,1,1,0,0,0,0,1,0,27,37,34,4,3,12,16,4,0,0,0,0,0,3,0,0,3,0,0,0,0,0,0,0,0,,,1,27,51,27,20,4,2,0,0
CHA190907142,evt,1909-07-14,2,CHI09,R,1,CHA,NYA,1,1,0,0,1,40,34,8,10,13,3,0,0,0,5,,1,0,6,0,0,5,0,5,0,0,8,1,1,1,0,0,0,1,0,0,27,37,32,2,2,6,8,0,1,0,0,4,0,5,0,0,1,0,0,0,0,0,0,15,6,,,1,27,23,16,6,1,0,0,0
CHA190907142,box,1909-07-14,2,CHI09,R,1,CHA,NYA,1,1,0,0,1,,34,8,10,13,3,0,0,,5,,1,0,6,0,0,5,0,5,0,0,8,1,1,1,0,0,0,1,0,0,27,37,32,2,2,6,8,0,1,0,0,4,0,5,0,0,1,0,0,0,0,0,0,0,0,,,1,27,37,27,9,1,0,0,0
CHA190907150,evt,1909-07-15,0,CHI09,R,1,CHA,NYA,1,1,0,0,1,37,28,9,9,12,1,1,0,0,9,,6,0,1,0,0,2,1,1,2,0,4,1,1,1,1,0,0,1,0,0,27,34,30,0,0,4,5,1,0,0,0,3,0,5,0,0,1,0,0,0,0,0,0,14,6,,,1,27,32,21,10,1,0,0,0
CHA190907150,box,1909-07-15,0,CHI09,R,1,CHA,NYA,1,1,0,0,1,,28,9,9,12,1,1,0,,9,,6,0,1,0,0,2,1,1,2,0,4,1,1,1,1,0,0,1,0,0,27,34,30,0,0,4,5,1,0,0,0,3,0,5,0,0,1,0,0,0,0,0,0,0,0,,,1,27,40,27,12,1,0,0,0
CHA190907160,evt,1909-07-16,0,CHI09,R,1,CHA,NYA,1,1,0,0,1,33,27,3,6,8,0,1,0,0,1,,3,0,4,1,1,2,0,2,2,0,6,1,1,0,0,0,1,1,0,0,27,33,29,1,1,4,4,0,0,0,0,4,0,5,1,0,0,0,0,0,0,0,0,13,7,,,1,27,40,27,13,0,2,0,0
CHA190907160,box,1909-07-16,0,CHI09,R,1,CHA,NYA,1,1,0,0,1,,27,3,6,8,0,1,0,,1,,3,0,4,1,1,2,0,2,2,0,6,1,1,0,0,0,1,1,0,0,27,33,29,1,1,4,4,0,0,0,0,4,0,5,1,0,0,0,0,0,0,0,0,0,0,,,1,27,40,27,13,0,2,0,0
CHA190907170,evt,1909-07-17,0,CHI09,R,1,CHA,WS1,1,0,1,0,1,37,32,3,9,11,2,0,0,0,3,,3,0,1,1,0,2,0,0,1,0,7,1,1,0,0,0,1,0,1,0,27,35,31,4,4,11,11,0,0,0,0,0,0,3,0,0,4,0,0,2,0,2,0,10,6,,,1,27,49,27,21,1,1,0,0
CHA190907170,box,1909-07-17,0,CHI09,R,1,CHA,WS1,1,0,1,0,1,,32,3,9,11,2,0,0,,3,,3,0,1,1,0,2,0,0,1,0,7,1,1,0,0,0,1,0,1,0,27,35,31,4,4,11,11,0,0,0,0,0,0,3,0,0,4,0,0,2,0,0,0,0,0,,,1,27,49,27,21,1,1,0,0
CHA190907180,evt,1909-07-18,0,CHI09,R,1,CHA,WS1,1,1,0,0,1,34,29,3,5,6,1,0,0,0,2,,3,0,7,0,0,2,0,1,0,0,7,1,1,1,1,0,0,1,0,0,27,28,28,0,0,2,2,0,0,0,0,0,0,5,0,0,0,0,0,0,0,0,0,17,3,,,1,27,13,10,2,1,0,0,0
CHA190907180,box,1909-07-18,0,CHI09,R,1,CHA,WS1,1,1,0,0,1,,29,3,5,6,1,0,0,,2,,3,0,7,0,0,2,0,1,0,0,7,1,1,1,1,0,0,1,0,0,27,28,28,0,0,2,2,0,0,0,0,0,0,5,0,0,0,0,0,0,0,0,0,0,0,,,1,27,45,27,17,1,0,0,0
CHA190907190,evt,1909-07-19,0,CHI09,R,1,CHA,WS1,1,1,0,0,1,44,38,12,14,15,1,0,0,0,8,,5,1,4,0,0,1,0,2,0,0,8,1,1,0,0,0,1,1,0,1,27,35,29,2,1,4,5,1,0,0,0,4,0,10,0,1,1,0,0,0,0,3,2,7,7,,,1,27,41,27,12,2,0,0,0
CHA190907190,box,1909-07-19,0,CHI09,R,1,CHA,WS1,1,1,0,0,1,,38,12,14,15,1,0,0,,8,,5,1,4,0,0,1,0,2,0,0,8,1,1,0,0,0,1,1,0,1,27,35,29,2,1,4,5,1,0,0,0,4,0,10,0,1,1,0,0,0,0,0,0,0,0,,,1,27,41,27,12,2,0,0,0
CHA190907200,evt,1909-07-20,0,CHI09,R,1,CHA,WS1,1,1,0,0,1,34,29,6,9,11,0,1,0,0,5,,1,0,3,0,0,2,2,3,0,0,4,1,1,1,0,0,0,1,0,0,27,33,31,1,1,7,13,2,2,0,0,1,0,8,0,0,1,0,0,0,0,0,0,4,11,,,1,27,34,27,7,0,0,0,0
CHA190907200,box,1909-07-20,0,CHI09,R,1,CHA,WS1,1,1,0,0,1,,29,6,9,11,0,1,0,,5,,1,0,3,0,0,2,2,3,0,0,4,1,1,1,0,0,0,1,0,0,27,33,31,1,1,7,13,2,2,0,0,1,0,8,0,0,1,0,0,0,0,0,0,0,0,,,1,27,34,27,7,0,0,0,0
CHA190907210,evt,1909-07-21,0,CHI09,R,1,CHA,WS1,1,1,0,0,1,37,33,6,12,17,1,2,0,0,6,,2,0,3,1,0,2,0,2,0,0,7,1,1,1,0,0,0,1,0,0,27,34,29,3,1,5,7,2,0,0,0,1,0,1,0,1,3,0,0,0,0,0,0,12,10,,,1,27,45,27,16,2,0,0,0
CHA190907210,box,1909-07-21,0,CHI09,R,1,CHA,WS1,1,1,0,0,1,,33,6,12,17,1,2,0,,6,,2,0,3,1,0,2,0,2,0,0,7,1,1,1,0,0,0,1,0,0,27,34,29,3,1,5,7,2,0,0,0,1,0,1,0,1,3,0,0,0,0,0,0,0,0,,,1,27,45,27,16,2,0,0,0
CHA190907220,evt,1909-07-22,0,CHI09,R,1,CHA,PHA,1,1,0,0,1,34,30,4,8,10,0,1,0,0,4,,1,0,2,0,2,1,0,2,0,0,6,1,1,1,0,0,0,1,0,0,27,36,31,3,3,8,11,1,1,0,0,4,0,4,0,0,1,0,0,0,0,0,0,13,6,,,1,27,44,27,17,0,0,0,0
CHA190907220,box,1909-07-22,0,CHI09,R,1,CHA,PHA,1,1,0,0,1,,30,4,8,10,0,1,0,,4,,1,0,2,0,2,1,0,2,0,0,6,1,1,1,0,0,0,1,0,0,27,36,31,3,3,8,11,1,1,0,0,4,0,4,0,0,1,0,0,0,0,0,0,0,0,,,1,27,44,27,17,0,0,0,0
CHA190907230,evt,1909-07-23,0,CHI09,R,1,CHA,PHA,1,1,0,0,1,32,27,3,8,9,1,0,0,0,3,,3,0,5,0,0,2,0,1,2,0,5,1,1,1,1,0,0,1,0,0,27,40,31,0,0,5,7,0,1,0,0,7,0,6,0,1,1,0,0,0,0,0,0,7,11,,,1,27,42,27,13,2,0,0,1
CHA190907230,box,1909-07-23,0,CHI09,R,1,CHA,PHA,1,1,0,0,1,,27,3,8,9,1,0,0,,3,,3,0,5,0,0,2,0,1,2,0,5,1,1,1,1,0,0,1,0,0,27,40,31,0,0,5,7,0,1,0,0,7,0,6,0,1,1,0,0,0,0,0,0,0,0,,,1,27,42,27,13,2,0,0,1
CHA190907240,evt,1909-07-24,0,CHI09,R,1,CHA,PHA,1,1,0,0,1,31,26,5,5,9,0,2,0,0,5,,1,0,3,0,2,2,0,0,1,0,2,1,1,1,0,0,0,1,0,0,27,36,32,1,1,6,7,1,0,0,0,4,0,11,0,0,0,0,0,0,0,0,0,10,5,,,1,27,39,27,11,1,0,0,0
CHA190907240,box,1909-07-24,0,CHI09,R,1,CHA,PHA,1,1,0,0,1,,26,5,5,9,0,2,0,,5,,1,0,3,0,2,2,0,0,1,0,2,1,1,1,0,0,0,1,0,0,27,36,32,1,1,6,7,1,0,0,0,4,0,11,0,0,0,0,0,0,0,0,0,0,0,,,1,27,39,27,11,1,0,0,0
CHA190907250,evt,1909-07-25,0,CHI09,R,1,CHA,PHA,1,1,0,0,1,32,27,3,4,8,2,1,0,0,3,,5,0,2,0,0,0,0,0,1,0,5,1,1,1,1,0,0,1,0,0,27,30,27,0,0,5,5,0,0,0,0,2,0,4,1,0,1,0,0,0,0,0,0,15,3,,,1,27,20,14,6,0,1,0,0
CHA190907250,box,1909-07-25,0,CHI09,R,1,CHA,PHA,1,1,0,0,1,,27,3,4,8,2,1,0,,3,,5,0,2,0,0,0,0,0,1,0,5,1,1,1,1,0,0,1,0,0,27,30,27,0,0,5,5,0,0,0,0,2,0,4,1,0,1,0,0,0,0,0,0,0,0,,,1,27,41,27,14,0,1,0,0
WS1190907291,evt,1909-07-29,1,WAS08,R,0,CHA,WS1,1,0,1,0,1,37,34,2,5,6,1,0,0,0,1,,2,0,10,1,1,0,0,1,0,0,8,1,1,1,0,0,0,0,1,0,26,39,32,3,1,10,11,1,0,0,0,4,0,1,1,0,1,2,0,0,0,0,0,8,11,,,1,26,44,26,14,4,1,0,0
WS1190907291,box,1909-07-29,1,WAS08,R,0,CHA,WS1,1,0,1,0,1,,34,2,5,6,1,0,0,,1,,2,0,10,1,1,0,0,1,0,0,8,1,1,1,0,0,0,0,1,0,26,39,32,3,1,10,11,1,0,0,0,4,0,1,1,0,1,2,0,0,0,0,0,0,0,,,1,26,43,26,13,4,1,0,0
WS1190907292,evt,1909-07-29,2,WAS08,R,0,CHA,WS1,1,1,0,0,1,35,29,2,5,7,0,1,0,0,2,,5,0,3,0,0,1,0,0,3,0,6,1,1,1,0,0,0,1,0,0,27,32,32,1,1,5,7,0,1,0,0,0,0,2,0,0,0,0,0,0,0,0,0,24,1,,,1,27,9,6,3,0,0,0,0
WS1190907292,box,1909-07-29,2,WAS08,R,0,CHA,WS1,1,1,0,0,1,,29,2,5,7,0,1,0,,2,,5,0,3,0,0,1,0,0,3,0,6,1,1,1,0,0,0,1,0,0,27,32,32,1,1,5,7,0,1,0,0,0,0,2,0,0,0,0,0,0,0,0,0,0,0,,,1,27,39,27,12,0,0,0,0
WS1190907301,evt,1909-07-30,1,WAS08,R,0,CHA,WS1,1,1,0,0,1,41,38,6,11,14,1,1,0,0,5,,1,0,3,0,1,1,0,0,1,0,8,1,1,1,0,0,0,1,0,0,27,35,32,1,1,8,9,1,0,0,0,2,0,0,2,0,1,0,0,0,0,0,0,13,11,,,1,27,45,27,16,2,2,0,0
WS1190907301,box,1909-07-30,1,WAS08,R,0,CHA,WS1,1,1,0,0,1,,38,6,11,14,1,1,0,,5,,1,0,3,0,1,1,0,0,1,0,8,1,1,1,0,0,0,1,0,0,27,35,32,1,1,8,9,1,0,0,0,2,0,0,2,0,1,0,0,0,0,0,0,0,0,,,1,27,44,27,15,2,2,0,0
WS1190907302,evt,1909-07-30,2,WAS08,R,0,CHA,WS1,1,1,0,0,1,34,32,2,8,9,1,0,0,0,2,,1,0,3,0,0,1,0,0,2,0,5,1,1,1,0,0,0,1,0,0,27,33,31,1,1,6,9,0,0,1,0,1,0,3,0,0,1,0,0,0,0,0,0,15,7,,,1,27,12,11,1,0,1,0,0
WS1190907302,box,1909-07-30,2,WAS08,R,0,CHA,WS1,1,1,0,0,1,,32,2,8,9,1,0,0,,2,,1,0,3,0,0,1,0,0,2,0,5,1,1,1,0,0,0,1,0,0,27,33,31,1,1,6,9,0,0,1,0,1,0,3,0,0,1,0,0,0,0,0,0,0,0,,,1,27,37,27,10,0,1,0,0
WS1190907311,evt,1909-07-31,1,WAS08,R,0,CHA,WS1,1,1,0,0,1,30,28,1,3,3,0,0,0,0,1,,1,0,5,0,1,0,0,0,3,0,2,1,1,1,1,0,0,1,0,0,27,29,28,0,0,2,2,0,0,0,0,0,0,2,0,0,1,0,0,0,0,0,0,11,12,,,1,27,41,27,12,2,1,0,0
WS1190907311,box,1909-07-31,1,WAS08,R,0,CHA,WS1,1,1,0,0,1,,28,1,3,3,0,0,0,,1,,1,0,5,0,1,0,0,0,3,0,2,1,1,1,1,0,0,1,0,0,27,29,28,0,0,2,2,0,0,0,0,0,0,2,0,0,1,0,0,0,0,0,0,0,0,,,1,27,41,27,12,2,1,0,0
WS1190907312,evt,1909-07-31,2,WAS08,R,0,CHA,WS1,1,1,0,0,1,42,30,4,9,12,1,1,0,0,3,,6,0,5,0,2,4,0,0,2,0,11,1,1,1,1,0,0,1,0,0,27,34,33,0,0,5,5,0,0,0,0,1,0,1,0,0,0,0,0,0,0,0,0,17,9,,,1,27,44,27,15,2,0,0,0
WS1190907312,box,1909-07-31,2,WAS08,R,0,CHA,WS1,1,1,0,0,1,,30,4,9,12,1,1,0,,3,,6,0,5,0,2,4,0,0,2,0,11,1,1,1,1,0,0,1,0,0,27,34,33,0,0,5,5,0,0,0,0,1,0,1,0,0,0,0,0,0,0,0,0,0,0,,,1,27,44,27,15,2,0,0,0
PHA190908031,evt,1909-08-03,1,PHI11,R,0,CHA,PHA,1,0,1,0,1,33,29,1,5,5,0,0,0,0,0,,1,0,5,1,1,2,0,1,1,0,5,1,1,1,0,0,0,0,1,0,24,30,28,2,0,2,2,0,0,0,0,1,0,4,0,0,1,0,0,0,0,0,0,11,7,,,1,24,42,24,14,4,0,0,1
PHA190908031,box,1909-08-03,1,PHI11,R,0,CHA,PHA,1,0,1,0,1,,29,1,5,5,0,0,0,,0,,1,0,5,1,1,2,0,1,1,0,5,1,1,1,0,0,0,0,1,0,24,30,28,2,0,2,2,0,0,0,0,1,0,4,0,0,1,0,0,0,0,0,0,0,0,,,1,24,42,24,14,4,0,0,1
PHA190908032,evt,1909-08-03,2,PHI11,R,0,CHA,PHA,1,0,1,0,1,35,28,4,6,8,0,1,0,0,4,,2,0,3,0,1,2,2,1,1,0,4,1,1,0,0,0,1,0,1,0,24,40,34,10,8,13,18,3,1,0,0,3,0,3,1,2,0,1,0,1,0,0,0,15,2,,,1,24,19,10,7,2,2,0,0
PHA190908032,box,1909-08-03,2,PHI11,R,0,CHA,PHA,1,0,1,0,1,,28,4,6,8,0,1,0,,4,,2,0,3,0,1,2,2,1,1,0,4,1,1,0,0,0,1,0,1,0,24,40,34,10,8,13,18,3,1,0,0,3,0,3,1,2,0,1,0,1,0,0,0,0,0,,,1,24,42,24,16,2,2,0,0
PHA190908051,evt,1909-08-05,1,PHI11,R,0,CHA,PHA,1,0,1,0,1,34,29,0,5,7,2,0,0,0,0,,3,0,3,2,2,0,0,0,1,0,7,1,1,0,0,0,1,0,1,0,24,34,31,3,2,9,15,0,3,0,0,1,0,9,0,0,2,0,0,0,0,0,0,6,6,,,1,24,34,24,8,2,1,0,0
PHA190908051,box,1909-08-05,1,PHI11,R,0,CHA,PHA,1,0,1,0,1,,29,0,5,7,2,0,0,,0,,3,0,3,2,2,0,0,0,1,0,7,1,1,0,0,0,1,0,1,0,24,34,31,3,2,9,15,0,3,0,0,1,0,9,0,0,2,0,0,0,0,0,0,0,0,,,1,24,34,24,8,2,1,0,0
PHA190908052,evt,1909-08-05,2,PHI11,R,0,CHA,PHA,1,1,0,0,1,36,34,1,9,11,0,1,0,0,1,,0,0,7,0,0,2,0,1,0,0,8,1,1,1,1,0,0,1,0,0,27,30,26,0,0,3,3,0,0,0,0,3,0,7,0,1,0,0,0,0,0,0,0,13,3,,,1,27,23,16,7,0,0,0,0
PHA190908052,box,1909-08-05,2,PHI11,R,0,CHA,PHA,1,1,0,0,1,,34,1,9,11,0,1,0,,1,,0,0,7,0,0,2,0,1,0,0,8,1,1,1,1,0,0,1,0,0,27,30,26,0,0,3,3,0,0,0,0,3,0,7,0,1,0,0,0,0,0,0,0,0,0,,,1,27,43,27,16,0,0,0,0
BOS190908060,evt,1909-08-06,0,BOS06,R,0,CHA,BOS,1,0,1,0,1,33,32,1,5,8,3,0,0,0,0,,1,0,5,0,0,0,0,0,0,0,5,1,1,0,0,0,1,0,1,0,24,36,34,8,3,11,12,1,0,0,0,1,0,2,0,0,1,0,0,0,0,0,0,8,11,,,1,24,39,24,12,3,0,0,0
BOS190908060,box,1909-08-06,0,BOS06,R,0,CHA,BOS,1,0,1,0,1,,32,1,5,8,3,0,0,,0,,1,0,5,0,0,0,0,0,0,0,5,1,1,0,0,0,1,0,1,0,24,36,34,8,3,11,12,1,0,0,0,1,0,2,0,0,1,0,0,0,0,0,0,0,0,,,1,24,39,24,12,3,0,0,0
BOS190908070,evt,1909-08-07,0,BOS06,R,0,CHA,BOS,1,0,1,0,1,31,29,0,3,4,1,0,0,0,0,,1,0,7,0,1,0,0,2,1,0,4,1,1,1,0,0,0,0,1,0,24,28,27,3,3,7,7,0,0,0,0,1,0,3,0,0,0,0,0,0,0,0,0,12,5,,,1,24,42,24,16,2,0,0,0
BOS190908070,box,1909-08-07,0,BOS06,R,0,CHA,BOS,1,0,1,0,1,,29,0,3,4,1,0,0,,0,,1,0,7,0,1,0,0,2,1,0,4,1,1,1,0,0,0,0,1,0,24,28,27,3,3,7,7,0,0,0,0,1,0,3,0,0,0,0,0,0,0,0,0,0,0,,,1,24,42,24,16,2,0,0,0
BOS190908090,evt,1909-08-09,0,BOS06,R,0,CHA,BOS,1,0,1,0,1,33,29,1,4,4,0,0,0,0,0,,4,0,4,1,0,0,0,2,0,0,5,1,1,1,0,0,0,0,1,0,25,32,27,2,2,5,5,0,0,0,0,4,0,7,1,0,1,0,0,0,0,0,0,10,5,,,1,25,40,25,14,1,1,0,1
BOS190908090,box,1909-08-09,0,BOS06,R,0,CHA,BOS,1,0,1,0,1,,29,1,4,4,0,0,0,,0,,4,0,4,1,0,0,0,2,0,0,5,1,1,1,0,0,0,0,1,0,25,32,27,2,2,5,5,0,0,0,0,4,0,7,1,0,1,0,0,0,0,0,0,0,0,,,1,25,40,25,14,1,1,0,1
BOS190908100,evt,1909-08-10,0,BOS06,R,0,CHA,BOS,1,0,1,0,1,33,29,2,8,12,0,2,0,0,2,,2,0,2,0,0,1,1,1,2,0,4,1,1,1,0,0,0,0,1,0,24,35,30,3,2,10,13,3,0,0,0,2,1,3,0,1,2,0,0,0,0,0,0,10,5,,,1,24,43,24,16,3,1,0,0
BOS190908100,box,1909-08-10,0,BOS06,R,0,CHA,BOS,1,0,1,0,1,,29,2,8,12,0,2,0,,2,,2,0,2,0,0,1,1,1,2,0,4,1,1,1,0,0,0,0,1,0,24,35,30,3,2,10,13,3,0,0,0,2,1,3,0,1,2,0,0,0,0,0,0,0,0,,,1,24,43,24,16,3,1,0,0
NYA190908110,evt,1909-08-11,0,NYC13,R,0,CHA,NYA,1,0,1,0,1,36,30,1,3,4,1,0,0,0,1,,5,1,9,0,1,0,0,2,0,0,8,1,1,1,0,0,0,0,1,0,24,35,32,2,2,8,10,2,0,0,0,1,0,2,0,0,2,0,0,0,0,0,0,14,7,,,1,24,41,24,15,2,0,0,0
NYA190908110,box,1909-08-11,0,NYC13,R,0,CHA,NYA,1,0,1,0,1,,30,1,3,4,1,0,0,,1,,5,1,9,0,1,0,0,2,0,0,8,1,1,1,0,0,0,0,1,0,24,35,32,2,2,8,10,2,0,0,0,1,0,2,0,0,2,0,0,0,0,0,0,0,0,,,1,24,40,24,14,2,0,0,0
NYA190908120,evt,1909-08-12,0,NYC13,R,0,CHA,NYA,1,1,0,0,1,36,32,2,11,14,1,1,0,0,2,,2,0,1,0,0,2,0,2,1,0,7,1,1,1,1,0,0,1,0,0,27,34,31,0,0,4,4,0,0,0,0,2,0,3,0,1,0,0,0,0,0,0,0,14,9,,,1,27,42,27,14,1,0,0,0
NYA190908120,box,1909-08-12,0,NYC13,R,0,CHA,NYA,1,1,0,0,1,,32,2,11,14,1,1,0,,2,,2,0,1,0,0,2,0,2,1,0,7,1,1,1,1,0,0,1,0,0,27,34,31,0,0,4,4,0,0,0,0,2,0,3,0,1,0,0,0,0,0,0,0,0,0,,,1,27,42,27,14,1,0,0,0
NYA190908130,evt,1909-08-13,0,NYC13,R,0,CHA,NYA,1,1,0,0,1,41,35,4,10,12,0,1,0,0,2,,2,0,6,0,2,2,0,1,2,0,10,1,1,1,0,0,0,1,0,0,27,34,31,3,2,7,8,1,0,0,0,2,0,6,1,1,0,0,0,1,0,0,0,15,3,,,1,27,47,27,18,2,1,0,0
NYA190908130,box,1909-08-13,0,NYC13,R,0,CHA,NYA,1,1,0,0,1,,35,4,10,12,0,1,0,,2,,2,0,6,0,2,2,0,1,2,0,10,1,1,1,0,0,0,1,0,0,27,34,31,3,2,7,8,1,0,0,0,2,0,6,1,1,0,0,0,1,0,0,0,0,0,,,1,27,47,27,18,2,1,0,0
NYA190908140,evt,1909-08-14,0,NYC13,R,0,CHA,NYA,1,1,0,0,1,39,38,7,12,14,2,0,0,0,5,,1,0,6,0,0,0,0,2,2,0,5,1,1,1,0,0,0,1,0,0,27,36,32,3,1,8,9,1,0,0,0,2,0,4,1,0,2,0,0,1,0,0,0,12,7,,,1,27,47,27,16,4,1,0,0
NYA190908140,box,1909-08-14,0,NYC13,R,0,CHA,NYA,1,1,0,0,1,,38,7,12,14,2,0,0,,5,,1,0,6,0,0,0,0,2,2,0,5,1,1,1,0,0,0,1,0,0,27,36,32,3,1,8,9,1,0,0,0,2,0,4,1,0,2,0,0,1,0,0,0,0,0,,,1,27,46,27,15,4,1,0,0
DET190908150,evt,1909-08-15,0,DET02,R,0,CHA,DET,1,0,1,0,1,35,31,1,4,7,3,0,0,0,1,,2,0,2,0,0,1,1,1,0,0,7,1,1,0,0,0,1,0,1,0,24,37,31,8,8,12,14,2,0,0,0,5,1,1,0,0,0,1,0,0,0,0,0,13,5,,,1,24,24,15,8,1,2,0,1
DET190908150,box,1909-08-15,0,DET02,R,0,CHA,DET,1,0,1,0,1,,31,1,4,7,3,0,0,,1,,2,0,2,0,0,1,1,1,0,0,7,1,1,0,0,0,1,0,1,0,24,37,31,8,8,12,14,2,0,0,0,5,1,1,0,0,0,1,0,0,0,0,0,0,0,,,1,24,43,24,18,1,2,0,1
DET190908170,evt,1909-08-17,0,DET02,R,0,CHA,DET,1,1,0,0,1,37,35,3,9,10,1,0,0,0,2,,1,0,3,0,0,1,0,2,1,0,7,1,1,1,0,0,0,1,0,0,27,35,27,2,2,7,10,1,1,0,0,7,2,5,2,0,1,0,0,0,0,0,0,9,4,,,1,27,43,25,17,1,2,0,0
DET190908170,box,1909-08-17,0,DET02,R,0,CHA,DET,1,1,0,0,1,,35,3,9,10,1,0,0,,2,,1,0,3,0,0,1,0,2,1,0,7,1,1,1,0,0,0,1,0,0,27,35,27,2,2,7,10,1,1,0,0,7,2,5,2,0,1,0,0,0,0,0,0,0,0,,,1,27,48,27,20,1,2,0,0
DET190908180,evt,1909-08-18,0,DET02,R,0,CHA,DET,1,1,0,0,1,39,34,2,9,12,3,0,0,0,2,,4,0,7,0,0,1,0,3,5,0,10,1,1,1,1,0,0,1,0,0,27,33,30,0,0,5,7,2,0,0,0,3,0,7,0,0,0,0,0,0,0,0,0,16,2,,,1,27,38,22,16,0,0,0,0
DET190908180,box,1909-08-18,0,DET02,R,0,CHA,DET,1,1,0,0,1,,34,2,9,12,3,0,0,,2,,4,0,7,0,0,1,0,3,5,0,10,1,1,1,1,0,0,1,0,0,27,33,30,0,0,5,7,2,0,0,0,3,0,7,0,0,0,0,0,0,0,0,0,0,0,,,1,27,48,27,21,0,0,0,0
DET190908190,evt,1909-08-19,0,DET02,R,0,CHA,DET,1,0,1,0,1,30,28,0,3,4,1,0,0,0,0,,2,0,5,1,0,0,0,1,1,0,3,1,1,1,0,0,0,0,1,0,24,35,26,1,1,5,5,0,0,0,0,5,0,2,0,0,3,1,0,0,0,0,0,7,10,,,1,24,36,24,11,1,0,0,0
DET190908190,box,1909-08-19,0,DET02,R,0,CHA,DET,1,0,1,0,1,,28,0,3,4,1,0,0,,0,,2,0,5,1,0,0,0,1,1,0,3,1,1,1,0,0,0,0,1,0,24,35,26,1,1,5,5,0,0,0,0,5,0,2,0,0,3,1,0,0,0,0,0,0,0,,,1,24,36,24,11,1,0,0,0
CHA190908210,evt,1909-08-21,0,CHI09,R,1,CHA,NYA,1,1,0,0,1,49,44,5,10,12,2,0,0,0,4,,3,0,5,0,1,1,0,4,3,0,7,1,1,0,0,0,1,1,0,0,39,53,44,4,1,9,9,0,0,0,0,5,1,10,0,0,4,0,0,0,0,0,0,13,9,,,1,39,47,29,13,5,0,0,0
CHA190908210,box,1909-08-21,0,CHI09,R,1,CHA,NYA,1,1,0,0,1,,44,5,10,12,2,0,0,,4,,3,0,5,0,1,1,0,4,3,0,7,1,1,0,0,0,1,1,0,0,39,53,44,4,1,9,9,0,0,0,0,5,1,10,0,0,4,0,0,0,0,0,0,0,0,,,1,39,61,39,17,5,0,0,0
CHA190908220,evt,1909-08-22,0,CHI09,R,1,CHA,NYA,1,0,1,0,1,38,28,5,6,9,3,0,0,0,5,,7,1,4,1,0,3,0,0,1,0,6,1,1,0,0,0,1,0,1,0,27,39,37,6,4,10,11,1,0,0,0,1,0,4,0,0,0,1,0,0,0,3,3,21,2,,,1,27,14,9,2,3,0,0,0
CHA190908220,box,1909-08-22,0,CHI09,R,1,CHA,NYA,1,0,1,0,1,,28,5,6,9,3,0,0,,5,,7,1,4,1,0,3,0,0,1,0,6,1,1,0,0,0,1,0,1,0,27,39,37,6,4,10,11,1,0,0,0,1,0,4,0,0,0,1,0,0,0,0,0,0,0,,,1,27,45,27,15,3,0,0,0
CHA190908230,evt,1909-08-23,0,CHI09,R,1,CHA,NYA,1,1,0,0,1,34,30,5,7,8,1,0,0,0,5,,3,0,2,0,0,0,1,2,2,0,5,1,1,1,0,0,0,1,0,0,27,32,32,1,1,6,6,0,0,0,0,0,0,4,1,0,0,0,0,0,0,0,0,8,14,,,1,27,37,27,9,1,2,0,0
CHA190908230,box,1909-08-23,0,CHI09,R,1,CHA,NYA,1,1,0,0,1,,30,5,7,8,1,0,0,,5,,3,0,2,0,0,0,1,2,2,0,5,1,1,1,0,0,0,1,0,0,27,32,32,1,1,6,6,0,0,0,0,0,0,,1,0,0,0,0,0,0,0,0,0,0,,,1,27,36,27,8,1,2,0,0
CHA190908240,evt,1909-08-24,0,CHI09,R,1,CHA,BOS,1,0,1,0,1,37,32,2,5,6,1,0,0,0,1,,4,0,4,0,1,0,0,0,1,0,8,1,1,0,0,0,1,0,1,0,27,36,31,5,5,8,11,3,0,0,0,1,0,4,0,1,2,1,0,1,1,0,0,13,6,,,1,27,44,27,16,1,1,0,0
CHA190908240,box,1909-08-24,0,CHI09,R,1,CHA,BOS,1,0,1,0,1,,32,2,5,6,1,0,0,,1,,4,0,4,0,1,0,0,0,1,0,8,1,1,0,0,0,1,0,1,0,27,36,31,5,5,8,11,3,0,0,0,1,0,4,0,1,2,1,0,1,1,0,0,0,0,,,1,27,44,27,16,1,1,0,0
CHA190908250,evt,1909-08-25,0,CHI09,R,1,CHA,BOS,1,0,0,1,1,37,29,4,8,9,1,0,0,0,4,,4,0,4,0,0,3,1,1,1,0,6,1,1,1,0,0,0,0,0,0,27,37,31,4,4,10,12,2,0,0,0,4,1,4,2,0,2,0,0,0,0,0,0,9,8,,,1,27,41,27,13,1,2,0,0
CHA190908250,box,1909-08-25,0,CHI09,R,1,CHA,BOS,1,0,0,1,1,,29,4,8,9,1,0,0,,4,,4,0,4,0,0,3,1,1,1,0,6,1,1,1,0,0,0,0,0,0,27,37,31,4,4,10,12,2,0,0,0,4,1,4,2,0,2,0,0,0,0,0,0,0,0,,,1,27,41,27,13,1,2,0,0
CHA190908261,evt,1909-08-26,1,CHI09,R,1,CHA,BOS,1,1,0,0,1,40,31,4,8,8,0,0,0,0,3,,7,1,8,0,0,2,0,1,2,0,10,1,1,1,0,0,0,1,0,0,27,35,33,3,2,5,11,2,2,0,0,2,0,4,1,0,0,0,0,0,0,0,0,12,8,,,1,27,43,27,13,3,1,0,0
CHA190908261,box,1909-08-26,1,CHI09,R,1,CHA,BOS,1,1,0,0,1,,31,4,8,8,0,0,0,,3,,7,1,8,0,0,2,0,1,2,0,10,1,1,1,0,0,0,1,0,0,27,35,33,3,2,5,11,2,2,0,0,2,0,4,1,0,0,0,0,0,0,0,0,0,0,,,1,27,43,27,13,3,1,0,0
CHA190908262,evt,1909-08-26,2,CHI09,R,1,CHA,BOS,1,0,1,0,1,31,29,0,7,9,2,0,0,0,0,,1,0,2,1,0,1,0,0,1,0,4,1,1,1,0,0,0,0,1,0,27,40,33,3,2,4,7,1,1,0,0,7,1,5,0,0,0,0,0,1,0,0,0,15,6,,,1,27,28,18,7,3,0,0,1
CHA190908262,box,1909-08-26,2,CHI09,R,1,CHA,BOS,1,0,1,0,1,,29,0,7,9,2,0,0,,0,,1,0,2,1,0,1,0,0,1,0,4,1,1,1,0,0,0,0,1,0,27,40,33,3,2,4,7,1,1,0,0,7,1,5,0,0,0,0,0,1,0,0,0,0,0,,,1,27,38,27,8,3,0,0,1
CHA190908281,evt,1909-08-28,1,CHI09,R,1,CHA,WS1,1,1,0,0,1,35,23,6,1,1,0,0,0,0,6,,11,0,1,0,0,1,0,1,1,0,5,1,1,1,0,0,0,1,0,0,27,38,35,4,3,9,12,3,0,0,0,2,0,2,1,0,1,0,0,0,0,0,0,13,9,,,1,27,45,27,15,3,2,0,0
CHA190908281,box,1909-08-28,1,CHI09,R,1,CHA,WS1,1,1,0,0,1,,23,6,1,1,0,0,0,,6,,11,0,1,0,0,1,0,1,1,0,5,1,1,1,0,0,0,1,0,0,27,38,35,4,3,9,12,3,0,0,0,2,0,2,1,0,1,0,0,0,0,0,0,0,0,,,1,27,45,27,15,3,2,0,0
CHA190908282,evt,1909-08-28,2,CHI09,R,1,CHA,WS1,1,1,0,0,1,33,30,2,6,7,1,0,0,0,1,,2,0,3,1,0,0,1,1,1,0,5,1,1,1,0,0,0,1,0,0,27,33,28,1,0,5,6,1,0,0,0,2,0,2,0,0,3,0,0,0,0,0,0,12,6,,,1,27,48,27,19,2,1,0,0
CHA190908282,box,1909-08-28,2,CHI09,R,1,CHA,WS1,1,1,0,0,1,,30,2,6,7,1,0,0,,1,,2,0,3,1,0,0,1,1,1,0,5,1,1,1,0,0,0,1,0,0,27,33,28,1,0,5,6,1,0,0,0,2,0,2,0,0,3,0,0,0,0,0,0,0,0,,,1,27,48,27,19,2,1,0,0
CHA190908290,evt,1909-08-29,0,CHI09,R,1,CHA,WS1,1,1,0,0,1,31,29,1,6,8,2,0,0,0,1,,2,0,2,0,0,0,0,0,1,0,6,1,1,1,1,0,0,1,0,0,27,30,26,0,0,2,2,0,0,0,0,3,0,6,1,0,1,0,0,0,0,0,0,17,1,,,1,27,21,14,7,0,1,0,0
CHA190908290,box,1909-08-29,0,CHI09,R,1,CHA,WS1,1,1,0,0,1,,29,1,6,8,2,0,0,,1,,2,0,2,0,0,0,0,0,1,0,6,1,1,1,1,0,0,1,0,0,27,30,26,0,0,2,2,0,0,0,0,3,0,6,1,0,1,0,0,0,0,0,0,0,0,,,1,27,44,27,17,0,1,0,0
CHA190908300,evt,1909-08-30,0,CHI09,R,1,CHA,PHA,1,0,1,0,1,33,29,0,3,3,0,0,0,0,0,,3,0,6,0,0,1,0,1,0,0,6,1,1,0,0,0,1,0,1,0,27,36,33,5,3,8,11,0,0,1,0,2,0,5,0,0,1,0,0,0,0,0,0,7,12,,,1,27,38,27,10,1,0,0,1
CHA190908300,box,1909-08-30,0,CHI09,R,1,CHA,PHA,1,0,1,0,1,,29,0,3,3,0,0,0,,0,,3,0,6,0,0,1,0,1,0,0,6,1,1,0,0,0,1,0,1,0,27,36,33,5,3,8,11,0,0,1,0,2,0,5,0,0,1,0,0,0,0,0,0,0,0,,,1,27,38,27,10,1,0,0,1
CHA190908310,evt,1909-08-31,0,CHI09,R,1,CHA,PHA,1,1,0,0,1,31,26,2,4,4,0,0,0,0,2,,3,0,2,0,0,2,0,1,1,0,5,1,1,1,1,0,0,1,0,0,27,32,30,0,0,4,5,1,0,0,0,2,0,6,1,0,0,0,0,0,0,0,0,11,8,,,1,27,41,27,13,1,1,0,0
CHA190908310,box,1909-08-31,0,CHI09,R,1,CHA,PHA,1,1,0,0,1,,26,2,4,4,0,0,0,,2,,3,0,2,0,0,2,0,1,1,0,5,1,1,1,1,0,0,1,0,0,27,32,30,0,0,4,5,1,0,0,0,2,0,6,1,0,0,0,0,0,0,0,0,0,0,,,1,27,41,27,13,1,1,0,0
CHA190909010,evt,1909-09-01,0,CHI09,R,1,CHA,PHA,1,1,0,0,1,29,24,6,6,7,1,0,0,0,6,,4,0,4,1,1,0,0,2,2,0,2,1,1,0,0,0,1,1,0,0,24,32,24,2,1,6,6,0,0,0,0,3,0,4,1,4,1,0,0,0,0,3,1,11,1,,,1,24,49,24,24,1,2,0,0
CHA190909010,box,1909-09-01,0,CHI09,R,1,CHA,PHA,1,1,0,0,1,,24,6,6,7,1,0,0,,6,,4,0,4,1,1,0,0,2,2,0,2,1,1,0,0,0,1,1,0,0,24,32,24,2,1,6,6,0,0,0,0,3,0,4,1,4,1,0,0,0,0,0,0,0,0,,,1,24,49,24,24,1,2,0,0
CHA190909020,evt,1909-09-02,0,CHI09,R,1,CHA,SLA,1,1,0,0,1,35,28,6,9,15,1,1,1,0,6,,6,0,3,1,0,0,1,2,2,0,5,1,1,1,0,0,0,1,0,0,27,37,34,3,3,10,10,0,0,0,0,2,0,4,1,0,1,0,0,0,0,0,0,10,8,,,1,27,43,27,15,1,2,0,0
CHA190909020,box,1909-09-02,0,CHI09,R,1,CHA,SLA,1,1,0,0,1,,28,6,9,15,1,1,1,,6,,6,0,3,1,0,0,1,2,2,0,5,1,1,1,0,0,0,1,0,0,27,37,34,3,3,10,10,0,0,0,0,2,0,4,1,0,1,0,0,0,0,0,0,0,0,,,1,27,43,27,15,1,2,0,0
CHA190909030,evt,1909-09-03,0,CHI09,R,1,CHA,SLA,1,1,0,0,1,35,28,4,6,8,2,0,0,0,4,,4,0,6,0,0,2,1,1,0,0,7,1,1,0,0,0,1,1,0,0,27,36,30,3,3,8,10,2,0,0,0,2,0,2,1,1,2,1,0,0,0,0,0,10,11,,,1,27,41,27,14,0,1,0,0
CHA190909030,box,1909-09-03,0,CHI09,R,1,CHA,SLA,1,1,0,0,1,,28,4,6,8,2,0,0,,4,,4,0,6,0,0,2,1,1,0,0,7,1,1,0,0,0,1,1,0,0,27,36,30,3,3,8,10,2,0,0,0,2,0,2,1,1,2,1,0,0,0,0,0,0,0,,,1,27,41,27,14,0,1,0,0
CHA190909040,evt,1909-09-04,0,CHI09,R,1,CHA,SLA,1,0,1,0,1,37,32,1,7,13,2,2,0,0,1,,5,0,5,1,0,0,0,2,0,0,9,1,1,1,0,0,0,0,1,0,27,32,27,2,2,4,9,0,1,1,0,3,0,2,0,0,2,0,0,0,0,0,0,12,9,,,1,27,43,27,16,0,0,0,0
CHA190909040,box,1909-09-04,0,CHI09,R,1,CHA,SLA,1,0,1,0,1,,32,1,7,13,2,2,0,,1,,5,0,5,1,0,0,0,2,0,0,9,1,1,1,0,0,0,0,1,0,27,32,27,2,2,4,9,0,1,1,0,3,0,2,0,0,2,0,0,0,0,0,0,0,0,,,1,27,43,27,16,0,0,0,0
CHA190909050,evt,1909-09-05,0,CHI09,R,1,CHA,CLE,1,0,1,0,1,36,30,1,5,5,0,0,0,0,1,,4,0,3,0,1,1,0,2,0,0,8,1,1,1,0,0,0,0,1,0,27,39,38,6,3,11,11,0,0,0,0,0,0,12,0,0,1,0,0,1,0,0,0,12,0,,,1,27,21,15,2,4,0,0,0
CHA190909050,box,1909-09-05,0,CHI09,R,1,CHA,CLE,1,0,1,0,1,,30,1,5,5,0,0,0,,1,,4,0,3,0,1,1,0,2,0,0,8,1,1,1,0,0,0,0,1,0,27,39,38,6,3,11,11,0,0,0,0,0,0,12,0,0,1,0,0,1,0,0,0,0,0,,,1,27,43,27,12,4,0,0,0
CLE190909061,evt,1909-09-06,1,CLE05,R,0,CHA,CLE,1,0,1,0,1,36,31,2,6,7,1,0,0,0,2,,4,1,3,0,0,1,0,0,1,0,7,1,1,1,0,0,0,0,1,0,24,34,28,5,4,9,11,2,0,0,0,1,0,2,0,1,4,0,0,0,0,0,0,12,3,,,1,24,44,24,18,2,0,0,0
CLE190909061,box,1909-09-06,1,CLE05,R,0,CHA,CLE,1,0,1,0,1,,31,2,6,7,1,0,0,,2,,4,1,3,0,0,1,0,0,1,0,7,1,1,1,0,0,0,0,1,0,24,34,28,5,4,9,11,2,0,0,0,1,0,2,0,1,4,0,0,0,0,0,0,0,0,,,1,24,44,24,18,2,0,0,0
CLE190909062,evt,1909-09-06,2,CLE05,R,0,CHA,CLE,1,1,0,0,1,40,35,5,10,12,0,1,0,0,4,,2,0,5,0,1,2,0,3,0,0,8,1,1,1,0,0,0,1,0,0,27,36,32,3,3,11,15,4,0,0,0,2,0,5,1,1,1,0,0,0,0,0,0,10,6,,,1,27,46,27,18,1,2,0,0
CLE190909062,box,1909-09-06,2,CLE05,R,0,CHA,CLE,1,1,0,0,1,,35,5,10,12,0,1,0,,4,,2,0,5,0,1,2,0,3,0,0,8,1,1,1,0,0,0,1,0,0,27,36,32,3,3,11,15,4,0,0,0,2,0,5,1,1,1,0,0,0,0,0,0,0,0,,,1,27,46,27,18,1,2,0,0
SLA190909081,evt,1909-09-08,1,STL07,R,0,CHA,SLA,1,1,0,0,1,37,34,4,10,11,1,0,0,0,4,,1,0,6,1,0,2,0,2,0,0,6,1,1,1,0,0,0,1,0,0,27,37,37,2,2,9,9,0,0,0,0,0,0,8,1,0,0,0,0,1,0,0,0,11,6,,,1,27,43,27,13,3,2,0,0
SLA190909081,box,1909-09-08,1,STL07,R,0,CHA,SLA,1,1,0,0,1,,34,4,10,11,1,0,0,,4,,1,0,6,1,0,2,0,2,0,0,6,1,1,1,0,0,0,1,0,0,27,37,37,2,2,9,9,0,0,0,0,0,0,8,1,0,0,0,0,1,0,0,0,0,0,,,1,27,43,27,13,3,2,0,0
SLA190909082,evt,1909-09-08,2,STL07,R,0,CHA,SLA,1,1,0,0,1,39,32,4,8,9,1,0,0,0,3,,6,0,5,1,0,1,0,0,1,0,8,1,1,1,1,0,0,1,0,0,27,34,31,0,0,6,6,0,0,0,0,2,1,5,1,0,1,0,0,0,0,0,0,11,9,,,1,27,27,21,6,0,1,0,0
SLA190909082,box,1909-09-08,2,STL07,R,0,CHA,SLA,1,1,0,0,1,,32,4,8,9,1,0,0,,3,,6,0,5,1,0,1,0,0,1,0,8,1,1,1,1,0,0,1,0,0,27,34,31,0,0,6,6,0,0,0,0,2,1,5,1,0,1,0,0,0,0,0,0,0,0,,,1,27,34,27,7,0,1,0,0
SLA190909090,evt,1909-09-09,0,STL07,R,0,CHA,SLA,1,0,0,1,1,25,24,1,3,3,0,0,0,0,1,,1,0,5,0,0,0,0,0,0,0,3,1,1,1,0,0,0,0,0,0,21,27,25,1,1,6,6,0,0,0,0,0,0,1,0,0,1,1,0,0,0,0,0,10,9,,,1,21,32,21,11,0,0,0,0
SLA190909090,box,1909-09-09,0,STL07,R,0,CHA,SLA,1,0,0,1,1,,24,1,3,3,0,0,0,,1,,1,0,5,0,0,0,0,0,0,0,3,1,1,1,0,0,0,0,0,0,21,27,25,1,1,6,6,0,0,0,0,0,0,1,0,0,1,1,0,0,0,0,0,0,0,,,1,21,32,21,11,0,0,0,0
SLA190909101,evt,1909-09-10,1,STL07,R,0,CHA,SLA,1,0,1,0,1,43,33,3,11,11,0,0,0,0,3,,5,0,6,1,1,1,3,1,1,0,13,1,1,0,0,0,1,0,1,0,24,36,35,7,6,12,12,0,0,0,0,1,0,5,0,0,0,0,0,1,0,0,0,8,8,,,1,24,40,24,13,3,0,0,0
SLA190909101,box,1909-09-10,1,STL07,R,0,CHA,SLA,1,0,1,0,1,,33,3,11,11,0,0,0,,3,,5,0,6,1,1,1,3,1,1,0,13,1,1,0,0,0,1,0,1,0,24,36,35,7,6,12,12,0,0,0,0,1,0,5,0,0,0,0,0,1,0,0,0,0,0,,,1,24,40,24,13,3,0,0,0
SLA190909102,evt,1909-09-10,2,STL07,R,0,CHA,SLA,1,0,1,0,1,32,29,0,3,3,0,0,0,0,0,,1,0,7,0,1,1,0,0,2,0,5,1,1,1,0,0,0,0,1,0,24,30,26,2,2,5,6,1,0,0,0,3,0,3,1,0,0,1,0,0,0,0,0,11,8,,,1,24,26,18,8,0,1,0,0
SLA190909102,box,1909-09-10,2,STL07,R,0,CHA,SLA,1,0,1,0,1,,29,0,3,3,0,0,0,,0,,1,0,7,0,1,1,0,0,2,0,5,1,1,1,0,0,0,0,1,0,24,30,26,2,2,5,6,1,0,0,0,3,0,3,1,0,0,1,0,0,0,0,0,0,0,,,1,24,35,24,11,0,1,0,0
SLA190909111,evt,1909-09-11,1,STL07,R,0,CHA,SLA,1,0,1,0,1,33,29,1,3,3,0,0,0,0,1,,2,0,6,0,1,1,0,1,0,0,5,1,1,0,0,0,1,0,1,0,24,33,29,2,0,2,3,1,0,0,0,3,0,7,0,1,0,0,0,1,1,1,0,10,7,,,1,24,37,24,10,3,0,0,0
SLA190909111,box,1909-09-11,1,STL07,R,0,CHA,SLA,1,0,1,0,1,,29,1,3,3,0,0,0,,1,,2,0,6,0,1,1,0,1,0,0,5,1,1,0,0,0,1,0,1,0,24,33,29,2,0,2,3,1,0,0,0,3,0,7,0,1,0,0,0,1,1,0,0,0,0,,,1,24,37,24,10,3,0,0,0
SLA190909112,evt,1909-09-11,2,STL07,R,0,CHA,SLA,1,0,1,0,1,38,33,1,8,11,1,1,0,0,0,,3,0,3,0,0,2,0,1,1,0,10,1,1,1,0,0,0,0,1,0,24,37,31,3,3,8,9,1,0,0,0,4,0,9,0,1,1,0,0,0,0,0,0,9,5,,,1,24,19,17,2,0,0,0,0
SLA190909112,box,1909-09-11,2,STL07,R,0,CHA,SLA,1,0,1,0,1,,33,1,8,11,1,1,0,,0,,3,0,3,0,0,2,0,1,1,0,10,1,1,1,0,0,0,0,1,0,24,37,31,3,3,8,9,1,0,0,0,4,0,9,0,1,1,0,0,0,0,0,0,0,0,,,1,24,28,24,4,0,0,0,0
CHA190909120,evt,1909-09-12,0,CHI09,R,1,CHA,CLE,1,1,0,0,1,29,23,1,5,7,0,1,0,0,1,,3,0,1,0,1,2,0,1,2,0,4,1,1,1,1,0,0,1,0,0,27,32,28,0,0,3,3,0,0,0,0,3,1,4,0,0,1,0,0,0,0,0,0,18,3,,,1,27,11,9,2,0,0,0,0
CHA190909120,box,1909-09-12,0,CHI09,R,1,CHA,CLE,1,1,0,0,1,,23,1,5,7,0,1,0,,1,,3,0,1,0,1,2,0,1,2,0,4,1,1,1,1,0,0,1,0,0,27,32,28,0,0,3,3,0,0,0,0,3,1,4,0,0,1,0,0,0,0,0,0,0,0,,,1,27,42,27,15,0,0,0,0
CHA190909130,evt,1909-09-13,0,CHI09,R,1,CHA,CLE,1,1,0,0,1,29,29,2,7,11,2,1,0,0,2,,0,0,3,0,0,0,0,1,3,0,3,1,1,1,1,0,0,1,0,0,27,31,27,0,0,3,3,0,0,0,0,2,0,7,2,1,1,0,0,1,0,0,0,12,5,,,1,27,21,17,4,0,2,0,0
CHA190909130,box,1909-09-13,0,CHI09,R,1,CHA,CLE,1,1,0,0,1,,29,2,7,11,2,1,0,,2,,0,0,3,0,0,0,0,1,3,0,3,1,1,1,1,0,0,1,0,0,27,31,27,0,0,3,3,0,0,0,0,2,0,7,2,1,1,0,0,1,0,0,0,0,0,,,1,27,38,27,11,0,2,0,0
CHA190909140,evt,1909-09-14,0,CHI09,R,1,CHA,CLE,1,0,0,1,1,27,24,4,5,5,0,0,0,0,2,,1,0,3,0,1,1,0,3,0,0,5,1,1,0,0,0,1,0,0,0,18,25,22,4,4,6,11,1,2,0,0,2,0,3,0,0,1,0,0,1,0,1,0,10,3,,,1,18,10,7,2,1,0,0,0
CHA190909140,box,1909-09-14,0,CHI09,R,1,CHA,CLE,1,0,0,1,1,,24,4,5,5,0,0,0,,2,,1,0,3,0,1,1,0,3,0,0,5,1,1,0,0,0,1,0,0,0,18,25,22,4,4,6,11,1,2,0,0,2,0,3,0,0,1,0,0,1,0,0,0,0,0,,,1,18,28,18,9,1,0,0,0
BOS190909160,evt,1909-09-16,0,BOS06,R,0,CHA,BOS,1,1,0,0,1,38,33,7,12,18,1,1,1,0,7,,2,0,3,0,1,2,0,2,4,0,4,1,1,0,0,0,1,1,0,1,27,41,39,5,3,13,17,2,1,0,0,1,0,5,0,0,0,1,0,0,0,4,1,14,7,,,1,27,46,27,17,2,1,0,0
BOS190909160,box,1909-09-16,0,BOS06,R,0,CHA,BOS,1,1,0,0,1,,33,7,12,18,1,1,1,,7,,2,0,3,0,1,2,0,2,4,0,4,1,1,0,0,0,1,1,0,1,27,41,39,5,3,13,17,2,1,0,0,1,0,5,0,0,0,1,0,0,0,0,0,0,0,,,1,27,45,27,16,2,1,0,0
BOS190909181,evt,1909-09-18,1,BOS06,R,0,CHA,BOS,1,1,0,0,1,43,40,7,15,21,2,2,0,0,7,,2,0,5,0,0,1,0,2,2,0,9,1,1,1,1,0,0,1,0,0,27,35,32,0,0,6,7,1,0,0,0,3,0,5,0,0,0,0,0,0,0,0,0,11,10,,,1,27,40,27,12,1,0,0,0
BOS190909181,box,1909-09-18,1,BOS06,R,0,CHA,BOS,1,1,0,0,1,,40,7,15,21,2,2,0,,7,,2,0,5,0,0,1,0,2,2,0,9,1,1,1,1,0,0,1,0,0,27,35,32,0,0,6,7,1,0,0,0,3,0,5,0,0,0,0,0,0,0,0,0,0,0,,,1,27,40,27,12,1,0,0,0
BOS190909182,evt,1909-09-18,2,BOS06,R,0,CHA,BOS,1,0,1,0,1,32,30,0,6,8,0,1,0,0,0,,1,0,5,1,0,1,0,0,1,0,5,1,1,1,0,0,0,0,1,0,24,36,30,2,2,11,12,1,0,0,0,2,0,9,0,0,4,0,0,0,0,0,0,4,6,,,1,24,34,24,9,1,1,0,0
BOS190909182,box,1909-09-18,2,BOS06,R,0,CHA,BOS,1,0,1,0,1,,30,0,6,8,0,1,0,,0,,1,0,5,1,0,1,0,0,1,0,5,1,1,1,0,0,0,0,1,0,24,36,30,2,2,11,12,1,0,0,0,2,0,9,0,0,4,0,0,0,0,0,0,0,0,,,1,24,34,24,9,1,1,0,0
BOS190909200,evt,1909-09-20,0,BOS06,R,0,CHA,BOS,1,0,1,0,1,38,35,5,10,10,0,0,0,0,5,,0,0,2,0,1,2,0,0,0,0,6,1,1,0,0,0,1,0,1,0,24,33,30,6,6,8,11,0,0,1,0,1,0,4,0,1,1,0,0,0,0,2,1,9,9,,,1,24,37,24,11,2,0,0,1
BOS190909200,box,1909-09-20,0,BOS06,R,0,CHA,BOS,1,0,1,0,1,,35,5,10,10,0,0,0,,5,,0,0,2,0,1,2,0,0,0,0,6,1,1,0,0,0,1,0,1,0,24,33,30,6,6,8,11,0,0,1,0,1,0,4,0,1,1,0,0,0,0,0,0,0,0,,,1,24,37,24,11,2,0,0,1
NYA190909210,evt,1909-09-21,0,NYC13,R,0,CHA,NYA,1,0,1,0,1,37,30,0,6,8,0,1,0,0,0,,3,0,3,0,3,1,0,0,1,0,10,1,1,1,0,0,0,0,1,0,24,36,26,5,4,8,9,1,0,0,0,6,0,2,0,0,4,0,0,0,0,0,0,8,6,,,1,24,40,24,15,1,0,0,0
NYA190909210,box,1909-09-21,0,NYC13,R,0,CHA,NYA,1,0,1,0,1,,30,0,6,8,0,1,0,,0,,3,0,3,0,3,1,0,0,1,0,10,1,1,1,0,0,0,0,1,0,24,36,26,5,4,8,9,1,0,0,0,6,0,2,0,0,4,0,0,0,0,0,0,0,0,,,1,24,40,24,15,1,0,0,0
NYA190909231,evt,1909-09-23,1,NYC13,R,0,CHA,NYA,1,0,1,0,1,34,27,2,3,5,0,1,0,0,1,,5,0,6,0,0,1,1,3,1,0,5,1,1,0,0,0,1,0,1,0,24,36,32,4,4,11,15,4,0,0,0,2,0,4,0,0,2,0,0,1,0,0,0,11,2,,,1,24,42,24,16,2,0,0,0
NYA190909231,box,1909-09-23,1,NYC13,R,0,CHA,NYA,1,0,1,0,1,,27,2,3,5,0,1,0,,1,,5,0,6,0,0,1,1,3,1,0,5,1,1,0,0,0,1,0,1,0,24,36,32,4,4,11,15,4,0,0,0,2,0,4,0,0,2,0,0,1,0,0,0,0,0,,,1,24,42,24,16,2,0,0,0
NYA190909232,evt,1909-09-23,2,NYC13,R,0,CHA,NYA,1,0,1,0,1,36,33,1,6,6,0,0,0,0,1,,3,0,2,0,0,0,0,0,1,0,8,1,1,0,0,0,1,0,1,0,24,34,32,7,7,11,17,4,1,0,0,2,0,3,0,0,0,0,0,0,0,1,0,10,7,,,1,24,42,24,16,2,1,0,0
NYA190909232,box,1909-09-23,2,NYC13,R,0,CHA,NYA,1,0,1,0,1,,33,1,6,6,0,0,0,,1,,3,0,2,0,0,0,0,0,1,0,8,1,1,0,0,0,1,0,1,0,24,34,32,7,7,11,17,4,1,0,0,2,0,3,0,0,0,0,0,0,0,0,0,0,0,,,1,24,42,24,16,2,1,0,0
WS1190909251,evt,1909-09-25,1,WAS08,R,0,CHA,WS1,1,1,0,0,1,30,26,2,2,2,0,0,0,0,2,,3,0,5,0,0,1,0,0,1,0,1,1,1,1,0,0,0,1,0,0,27,34,31,1,0,5,5,0,0,0,0,2,0,1,0,1,0,0,0,0,0,0,0,13,12,,,1,27,42,27,14,1,1,0,0
WS1190909251,box,1909-09-25,1,WAS08,R,0,CHA,WS1,1,1,0,0,1,,26,2,2,2,0,0,0,,2,,3,0,5,0,0,1,0,0,1,0,1,1,1,1,0,0,0,1,0,0,27,34,31,1,0,5,5,0,0,0,0,2,0,1,0,1,0,0,0,0,0,0,0,0,0,,,1,27,42,27,14,1,1,0,0
WS1190909252,evt,1909-09-25,2,WAS08,R,0,CHA,WS1,1,1,0,0,1,36,34,2,7,9,2,0,0,0,2,,1,0,4,1,1,0,0,1,1,0,7,1,1,1,1,0,0,1,0,0,27,34,31,0,0,7,8,1,0,0,0,0,0,2,1,0,3,0,0,0,0,0,0,10,10,,,1,27,44,27,15,2,1,0,0
WS1190909252,box,1909-09-25,2,WAS08,R,0,CHA,WS1,1,1,0,0,1,,34,2,7,9,2,0,0,,2,,1,0,4,1,1,0,0,1,1,0,7,1,1,1,1,0,0,1,0,0,27,34,31,0,0,7,8,1,0,0,0,0,0,2,1,0,3,0,0,0,0,0,0,0,0,,,1,27,44,27,15,2,1,0,0
WS1190909270,evt,1909-09-27,0,WAS08,R,0,CHA,WS1,1,1,0,0,1,43,35,8,11,11,0,0,0,0,6,,4,0,3,0,1,2,1,5,1,0,8,1,1,1,0,0,0,1,0,0,27,35,31,1,1,6,7,1,0,0,0,4,0,4,1,0,0,0,0,0,0,0,0,8,10,,,1,27,43,27,13,3,3,0,0
WS1190909270,box,1909-09-27,0,WAS08,R,0,CHA,WS1,1,1,0,0,1,,35,8,11,11,0,0,0,,6,,4,0,3,0,1,2,1,5,1,0,8,1,1,1,0,0,0,1,0,0,27,35,31,1,1,6,7,1,0,0,0,4,0,4,1,0,0,0,0,0,0,0,0,0,0,,,1,27,43,27,13,3,3,0,0
WS1190909280,evt,1909-09-28,0,WAS08,R,0,CHA,WS1,1,1,0,0,1,42,35,5,10,16,0,3,0,0,4,,3,0,5,0,0,3,1,2,0,0,10,1,1,1,0,0,0,1,0,0,27,31,28,1,1,7,9,0,1,0,0,2,0,3,1,0,1,0,0,0,0,0,0,11,6,,,1,27,45,27,18,0,2,0,1
WS1190909280,box,1909-09-28,0,WAS08,R,0,CHA,WS1,1,1,0,0,1,,35,5,10,16,0,3,0,,4,,3,0,5,0,0,3,1,2,0,0,10,1,1,1,0,0,0,1,0,0,27,31,28,1,1,7,9,0,1,0,0,2,0,3,1,0,1,0,0,0,0,0,0,0,0,,,1,27,45,27,18,0,2,0,1
PHA190909291,evt,1909-09-29,1,PHI11,R,0,CHA,PHA,1,1,0,0,1,39,35,2,5,5,0,0,0,0,1,,3,1,4,1,1,0,0,2,1,0,7,1,1,1,0,0,0,1,0,0,30,35,34,1,0,7,7,0,0,0,0,1,0,7,2,0,0,0,0,0,0,0,0,14,2,,,1,30,54,30,20,4,3,0,0
PHA190909291,box,1909-09-29,1,PHI11,R,0,CHA,PHA,1,1,0,0,1,,35,2,5,5,0,0,0,,1,,3,1,4,1,1,0,0,2,1,0,7,1,1,1,0,0,0,1,0,0,30,35,34,1,0,7,7,0,0,0,0,1,0,7,2,0,0,0,0,0,0,0,0,0,0,,,1,30,54,30,20,4,3,0,0
PHA190909292,evt,1909-09-29,2,PHI11,R,0,CHA,PHA,1,0,1,0,1,33,32,1,6,6,0,0,0,0,0,,1,0,5,1,0,0,0,1,1,0,5,1,1,0,0,0,1,0,1,0,24,41,37,10,8,11,12,1,0,0,0,4,0,6,1,0,0,0,0,1,0,1,0,10,8,,,1,24,41,24,11,6,1,0,1
PHA190909292,box,1909-09-29,2,PHI11,R,0,CHA,PHA,1,0,1,0,1,,32,1,6,6,0,0,0,,0,,1,0,5,1,0,0,0,1,1,0,5,1,1,0,0,0,1,0,1,0,24,41,37,10,8,11,12,1,0,0,0,4,0,6,1,0,0,0,0,1,0,0,0,0,0,,,1,24,41,24,11,6,1,0,1
PHA190909301,evt,1909-09-30,1,PHI11,R,0,CHA,PHA,1,1,0,0,1,45,32,8,7,9,2,0,0,0,3,,7,0,7,1,0,5,1,0,1,0,10,1,1,1,0,0,0,1,0,0,27,39,33,3,3,8,13,1,2,0,0,4,0,6,0,2,0,0,0,0,0,0,0,12,5,,,1,27,45,27,16,2,1,0,1
PHA190909301,box,1909-09-30,1,PHI11,R,0,CHA,PHA,1,1,0,0,1,,32,8,7,9,2,0,0,,3,,7,0,7,1,0,5,1,0,1,0,10,1,1,1,0,0,0,1,0,0,27,39,33,3,3,8,13,1,2,0,0,4,0,6,0,2,0,0,0,0,0,0,0,0,0,,,1,27,45,27,16,2,1,0,1
PHA190909302,evt,1909-09-30,2,PHI11,R,0,CHA,PHA,1,1,0,0,1,43,38,6,11,12,1,0,0,0,5,,4,0,4,1,1,0,0,0,0,0,10,1,1,1,0,0,0,1,0,0,27,36,32,4,4,7,11,2,1,0,0,3,0,1,1,1,0,0,0,1,2,0,0,14,9,,,1,27,47,27,18,2,1,0,0
PHA190909302,box,1909-09-30,2,PHI11,R,0,CHA,PHA,1,1,0,0,1,,38,6,11,12,1,0,0,,5,,4,0,4,1,1,0,0,0,0,0,10,1,1,1,0,0,0,1,0,0,27,36,32,4,4,7,11,2,1,0,0,3,0,1,1,1,0,0,0,1,2,0,0,0,0,,,1,27,47,27,18,2,1,0,0
PHA190910010,evt,1909-10-01,0,PHI11,R,0,CHA,PHA,1,1,0,0,1,40,35,4,9,15,2,2,0,0,3,,2,0,7,0,0,3,0,0,1,0,9,1,1,1,0,0,0,1,0,0,27,38,34,3,3,12,17,3,1,0,0,2,0,4,0,0,2,0,0,1,0,0,0,9,6,,,1,27,44,26,16,2,0,0,0
PHA190910010,box,1909-10-01,0,PHI11,R,0,CHA,PHA,1,1,0,0,1,,35,4,9,15,2,2,0,,3,,2,0,7,0,0,3,0,0,1,0,9,1,1,1,0,0,0,1,0,0,27,38,34,3,3,12,17,3,1,0,0,2,0,4,0,0,2,0,0,1,0,0,0,0,0,,,1,27,44,26,16,2,0,0,0
DET190910020,evt,1909-10-02,0,DET02,R,0,CHA,DET,1,0,0,1,1,47,36,6,12,15,3,0,0,0,5,,5,1,3,0,2,3,1,4,2,0,11,1,1,0,0,0,1,0,0,0,30,41,38,6,5,12,16,4,0,0,0,2,0,6,0,1,0,0,0,1,0,0,0,5,12,,,1,30,47,30,13,4,1,0,0
DET190910020,box,1909-10-02,0,DET02,R,0,CHA,DET,1,0,0,1,1,,36,6,12,15,3,0,0,,5,,5,1,3,0,2,3,1,4,2,0,11,1,1,0,0,0,1,0,0,0,30,41,38,6,5,12,16,4,0,0,0,2,0,6,0,1,0,0,0,1,0,0,0,0,0,,,1,30,47,30,13,4,1,0,0
CHA190910030,evt,1909-10-03,0,CHI09,R,1,CHA,DET,1,0,1,0,1,37,35,1,8,9,1,0,0,0,1,,1,0,5,0,0,1,0,1,1,0,9,1,1,1,0,0,0,0,1,0,27,33,30,3,3,8,10,2,0,0,0,2,0,8,0,0,1,0,0,1,0,0,0,13,1,,,1,27,21,14,7,0,0,0,0
CHA190910030,box,1909-10-03,0,CHI09,R,1,CHA,DET,1,0,1,0,1,,35,1,8,9,1,0,0,,1,,1,0,5,0,0,1,0,1,1,0,9,1,1,1,0,0,0,0,1,0,27,33,30,3,3,8,10,2,0,0,0,2,0,8,0,0,1,0,0,1,0,0,0,0,0,,,1,27,47,27,20,0,0,0,0
CHN190904140,evt,1909-04-14,0,CHI08,R,1,CHN,SLN,1,1,0,0,1,34,30,3,10,16,2,2,0,0,3,,2,0,4,0,0,1,1,1,3,0,7,1,1,1,0,0,0,1,0,0,27,30,28,1,1,3,3,0,0,0,0,1,0,7,0,1,0,0,0,2,0,0,0,11,6,,,1,27,44,27,17,0,0,0,1
CHN190904140,box,1909-04-14,0,CHI08,R,1,CHN,SLN,1,1,0,0,1,,30,3,10,16,2,2,0,,3,,2,0,4,0,0,1,1,1,3,0,7,1,1,1,0,0,0,1,0,0,27,30,28,1,1,3,3,0,0,0,0,1,0,7,0,1,0,0,0,2,0,0,0,0,0,,,1,27,44,27,17,0,0,0,1
CHN190904150,evt,1909-04-15,0,CHI08,R,1,CHN,SLN,1,1,0,0,1,41,33,10,11,14,1,1,0,0,6,,5,0,4,0,0,2,1,0,0,0,7,1,1,0,0,0,1,1,0,1,27,37,31,4,4,6,6,0,0,0,0,3,0,5,0,1,1,1,0,0,0,0,0,8,11,,,1,27,38,27,10,1,0,0,0
CHN190904150,box,1909-04-15,0,CHI08,R,1,CHN,SLN,1,1,0,0,1,,33,10,11,14,1,1,0,,6,,5,0,4,0,0,2,1,0,0,0,7,1,1,0,0,0,1,1,0,1,27,37,31,4,4,6,6,0,0,0,0,3,0,5,0,1,1,1,0,0,0,0,0,0,0,,,1,27,38,27,10,1,0,0,0
CHN190904160,evt,1909-04-16,0,CHI08,R,1,CHN,SLN,1,0,1,0,1,31,29,1,4,5,1,0,0,0,1,,2,0,4,0,0,0,0,1,2,0,3,1,1,0,0,0,1,0,1,0,27,34,25,3,3,5,5,0,0,0,0,4,0,2,0,1,3,1,0,0,0,0,0,10,9,,,1,27,42,27,15,0,0,0,0
CHN190904160,box,1909-04-16,0,CHI08,R,1,CHN,SLN,1,0,1,0,1,,29,1,4,5,1,0,0,,1,,2,0,4,0,0,0,0,1,2,0,3,1,1,0,0,0,1,0,1,0,27,34,25,3,3,5,5,0,0,0,0,4,0,2,0,1,3,1,0,0,0,0,0,0,0,,,1,27,42,27,15,0,0,0,0
CHN190904170,evt,1909-04-17,0,CHI08,R,1,CHN,SLN,1,0,1,0,1,30,27,1,3,3,0,0,0,0,1,,2,0,6,0,0,1,0,1,1,0,2,1,1,1,0,0,0,0,1,0,27,43,33,4,3,7,11,2,1,0,0,9,0,3,1,0,1,0,0,0,0,0,0,10,11,,,1,27,40,27,12,1,1,0,0
CHN190904170,box,1909-04-17,0,CHI08,R,1,CHN,SLN,1,0,1,0,1,,27,1,3,3,0,0,0,,1,,2,0,6,0,0,1,0,1,1,0,2,1,1,1,0,0,0,0,1,0,27,43,33,4,3,7,11,2,1,0,0,9,0,3,1,0,1,0,0,0,0,0,0,0,0,,,1,27,40,27,12,1,1,0,0
CHN190904180,evt,1909-04-18,0,CHI08,R,1,CHN,PIT,1,0,1,0,1,48,38,0,8,9,1,0,0,0,0,,6,0,3,0,1,3,0,3,2,0,12,1,1,1,0,0,0,0,1,0,36,46,42,1,0,10,14,2,1,0,0,2,0,7,0,0,2,0,0,0,0,0,0,20,3,,,1,36,19,13,5,1,0,0,0
CHN190904180,box,1909-04-18,0,CHI08,R,1,CHN,PIT,1,0,1,0,1,,38,0,8,9,1,0,0,,0,,6,0,3,0,1,3,0,3,2,0,12,1,1,1,0,0,0,0,1,0,36,46,42,1,0,10,14,2,1,0,0,2,0,7,0,0,2,0,0,0,0,0,0,0,0,,,1,36,53,36,16,1,0,0,0
SLN190904220,evt,1909-04-22,0,STL05,R,0,CHN,SLN,1,1,0,0,1,38,36,7,10,12,2,0,0,0,5,,0,0,2,0,0,2,0,1,0,0,4,1,1,0,0,0,1,1,0,1,27,36,31,3,3,7,7,0,0,0,0,5,0,10,0,0,0,0,0,2,0,0,0,4,9,,,1,27,35,27,8,0,0,0,0
SLN190904220,box,1909-04-22,0,STL05,R,0,CHN,SLN,1,1,0,0,1,,36,7,10,12,2,0,0,,5,,0,0,2,0,0,2,0,1,0,0,4,1,1,0,0,0,1,1,0,1,27,36,31,3,3,7,7,0,0,0,0,5,0,10,0,0,0,0,0,2,0,0,0,0,0,,,1,27,35,27,8,0,0,0,0
SLN190904230,evt,1909-04-23,0,STL05,R,0,CHN,SLN,1,0,1,0,1,37,34,3,9,10,1,0,0,0,3,,2,0,4,0,0,1,0,1,1,0,7,1,1,0,0,0,1,0,1,0,24,39,32,6,4,9,10,1,0,0,0,6,0,3,0,0,1,0,0,0,0,3,3,6,11,,,1,24,36,24,9,3,0,0,0
SLN190904230,box,1909-04-23,0,STL05,R,0,CHN,SLN,1,0,1,0,1,,34,3,9,10,1,0,0,,3,,2,0,4,0,0,1,0,1,1,0,7,1,1,0,0,0,1,0,1,0,24,39,32,6,4,9,10,1,0,0,0,6,0,3,0,0,1,0,0,0,0,0,0,0,0,,,1,24,36,24,9,3,0,0,0
SLN190904240,evt,1909-04-24,0,STL05,R,0,CHN,SLN,1,1,0,0,1,40,35,5,9,11,2,0,0,0,5,,3,0,3,0,1,1,0,1,3,0,8,1,1,1,0,0,0,1,0,0,27,36,32,1,1,7,7,0,0,0,0,4,0,2,0,0,0,0,0,1,0,0,0,11,12,,,1,27,40,27,13,0,0,0,0
SLN190904240,box,1909-04-24,0,STL05,R,0,CHN,SLN,1,1,0,0,1,,35,5,9,11,2,0,0,,5,,3,0,3,0,1,1,0,1,3,0,8,1,1,1,0,0,0,1,0,0,27,36,32,1,1,7,7,0,0,0,0,4,0,2,0,0,0,0,0,1,0,0,0,0,0,,,1,27,40,27,13,0,0,0,0
SLN190904250,evt,1909-04-25,0,STL05,R,0,CHN,SLN,1,1,0,0,1,37,31,5,5,7,0,1,0,0,3,,5,0,2,0,0,1,0,1,1,0,5,1,1,0,0,0,1,1,0,1,27,37,34,4,4,10,11,1,0,0,0,3,0,7,0,0,0,0,0,0,0,0,0,6,9,,,1,27,36,27,9,0,1,0,0
SLN190904250,box,1909-04-25,0,STL05,R,0,CHN,SLN,1,1,0,0,1,,31,5,5,7,0,1,0,,3,,5,0,2,0,0,1,0,1,1,0,5,1,1,0,0,0,1,1,0,1,27,37,34,4,4,10,11,1,0,0,0,3,0,7,0,0,0,0,0,0,0,0,0,0,0,,,1,27,36,27,9,0,1,0,0
CIN190904260,evt,1909-04-26,0,CIN06,R,0,CHN,CIN,1,1,0,0,1,41,34,6,10,17,3,2,0,0,6,,5,0,3,0,0,2,0,2,3,0,8,1,1,1,0,0,0,1,0,0,27,35,34,2,2,7,7,0,0,0,0,1,0,7,0,0,0,0,0,0,0,0,0,10,6,,,1,27,42,27,12,3,0,0,0
CIN190904260,box,1909-04-26,0,CIN06,R,0,CHN,CIN,1,1,0,0,1,,34,6,10,17,3,2,0,,6,,5,0,3,0,0,2,0,2,3,0,8,1,1,1,0,0,0,1,0,0,27,35,34,2,2,7,7,0,0,0,0,1,0,7,0,0,0,0,0,0,0,0,0,0,0,,,1,27,42,27,12,3,0,0,0
CIN190904280,evt,1909-04-28,0,CIN06,R,0,CHN,CIN,1,1,0,0,1,37,36,6,10,10,0,0,0,0,5,,1,0,3,1,0,0,0,1,1,0,4,1,1,0,0,0,1,1,0,1,27,38,29,5,5,8,10,2,0,0,0,6,0,2,1,0,2,1,0,0,0,0,0,8,9,,,1,27,38,27,11,0,1,0,0
CIN190904280,box,1909-04-28,0,CIN06,R,0,CHN,CIN,1,1,0,0,1,,36,6,10,10,0,0,0,,5,,1,0,3,1,0,0,0,1,1,0,4,1,1,0,0,0,1,1,0,1,27,38,29,5,5,8,10,2,0,0,0,6,0,2,1,0,2,1,0,0,0,0,0,0,0,,,1,27,38,27,11,0,1,0,0
CIN190904291,evt,1909-04-29,1,CIN06,R,0,CHN,CIN,1,1,0,0,1,41,34,5,8,13,3,1,0,0,5,,4,0,2,0,0,1,2,0,0,0,9,1,1,1,0,0,0,1,0,0,27,38,37,4,4,11,14,1,1,0,0,1,0,8,1,0,0,0,0,0,0,0,0,10,6,,,1,27,40,27,12,1,1,0,0
CIN190904291,box,1909-04-29,1,CIN06,R,0,CHN,CIN,1,1,0,0,1,,34,5,8,13,3,1,0,,5,,4,0,2,0,0,1,2,0,0,0,9,1,1,1,0,0,0,1,0,0,27,38,37,4,4,11,14,1,1,0,0,1,0,8,1,0,0,0,0,0,0,0,0,0,0,,,1,27,40,27,12,1,1,0,0
CIN190904292,evt,1909-04-29,2,CIN06,R,0,CHN,CIN,1,0,1,0,1,30,28,2,5,6,1,0,0,0,2,,1,0,5,0,0,1,0,1,3,0,1,1,1,1,0,0,0,0,1,0,24,31,28,3,3,5,6,1,0,0,0,3,0,5,0,0,0,0,0,0,0,0,0,5,13,,,1,24,32,24,8,0,0,0,0
CIN190904292,box,1909-04-29,2,CIN06,R,0,CHN,CIN,1,0,1,0,1,,28,2,5,6,1,0,0,,2,,1,0,5,0,0,1,0,1,3,0,1,1,1,1,0,0,0,0,1,0,24,31,28,3,3,5,6,1,0,0,0,3,0,5,0,0,0,0,0,0,0,0,0,0,0,,,1,24,32,24,8,0,0,0,0
CHN190905021,evt,1909-05-02,1,CHI08,R,1,CHN,PIT,1,0,1,0,1,36,33,2,8,10,2,0,0,0,2,,2,0,3,1,0,1,0,0,1,0,7,1,1,1,0,0,0,0,1,0,27,38,34,5,3,10,11,1,0,0,0,2,0,6,0,0,1,1,0,0,0,0,0,15,3,,,1,27,17,10,5,2,0,0,0
CHN190905021,box,1909-05-02,1,CHI08,R,1,CHN,PIT,1,0,1,0,1,,33,2,8,10,2,0,0,,2,,2,0,3,1,0,1,0,0,1,0,7,1,1,1,0,0,0,0,1,0,27,38,34,5,3,10,11,1,0,0,0,2,0,6,0,0,1,1,0,0,0,0,0,0,0,,,1,27,41,27,12,2,0,0,0
CHN190905022,evt,1909-05-02,2,CHI08,R,1,CHN,PIT,1,0,1,0,1,32,32,0,6,8,2,0,0,0,0,,0,0,3,0,0,0,0,0,0,0,5,1,1,0,0,0,1,0,1,0,27,36,31,6,0,5,6,1,0,0,0,3,0,2,0,1,1,0,0,0,0,0,0,20,1,,,1,27,17,7,5,5,0,0,0
CHN190905022,box,1909-05-02,2,CHI08,R,1,CHN,PIT,1,0,1,0,1,,32,0,6,8,2,0,0,,0,,0,0,3,0,0,0,0,0,0,0,5,1,1,0,0,0,1,0,1,0,27,36,31,6,0,5,6,1,0,0,0,3,0,2,0,1,1,0,0,0,0,0,0,0,0,,,1,27,45,27,13,5,0,0,0
CHN190905030,evt,1909-05-03,0,CHI08,R,1,CHN,PIT,1,0,1,0,1,36,35,2,8,10,2,0,0,0,1,,1,0,6,0,0,0,0,2,0,0,7,1,1,0,0,0,1,0,1,0,27,49,36,9,9,14,19,3,1,0,0,9,0,2,0,0,4,0,0,0,0,0,0,8,11,,,1,27,42,27,13,2,0,0,0
CHN190905030,box,1909-05-03,0,CHI08,R,1,CHN,PIT,1,0,1,0,1,,35,2,8,10,2,0,0,,1,,1,0,6,0,0,0,0,2,0,0,7,1,1,0,0,0,1,0,1,0,27,49,36,9,9,14,19,3,1,0,0,9,0,2,0,0,4,0,0,0,0,0,0,0,0,,,1,27,42,27,13,2,0,0,0
CHN190905040,evt,1909-05-04,0,CHI08,R,1,CHN,PIT,1,0,1,0,1,41,38,0,6,7,1,0,0,0,0,,3,0,1,0,0,0,0,3,3,0,8,1,1,1,0,0,0,0,1,0,33,42,39,1,1,8,10,2,0,0,0,2,0,8,1,0,1,0,0,0,0,0,0,14,7,,,1,33,54,33,19,2,1,0,0
CHN190905040,box,1909-05-04,0,CHI08,R,1,CHN,PIT,1,0,1,0,1,,38,0,6,7,1,0,0,,0,,3,0,1,0,0,0,0,3,3,0,8,1,1,1,0,0,0,0,1,0,33,42,39,1,1,8,10,2,0,0,0,2,0,8,1,0,1,0,0,0,0,0,0,0,0,,,1,33,54,33,19,2,1,0,0
CHN190905050,evt,1909-05-05,0,CHI08,R,1,CHN,CIN,1,1,0,0,1,33,30,5,9,12,3,0,0,0,5,,0,0,1,0,0,0,3,0,3,0,4,1,1,1,0,0,0,1,0,0,27,35,31,2,2,4,5,1,0,0,0,3,0,4,0,1,0,0,0,0,0,0,0,17,3,,,1,27,48,27,20,1,0,0,0
CHN190905050,box,1909-05-05,0,CHI08,R,1,CHN,CIN,1,1,0,0,1,,30,5,9,12,3,0,0,,5,,0,0,1,0,0,0,3,0,3,0,4,1,1,1,0,0,0,1,0,0,27,35,31,2,2,4,5,1,0,0,0,3,0,4,0,1,0,0,0,0,0,0,0,0,0,,,1,27,48,27,20,1,0,0,0
CHN190905060,evt,1909-05-06,0,CHI08,R,1,CHN,CIN,1,1,0,0,1,35,28,4,7,7,0,0,0,0,4,,3,0,1,0,1,3,0,0,1,0,7,1,1,1,0,0,0,1,0,0,27,36,34,2,2,10,12,2,0,0,0,2,0,4,1,0,0,0,0,0,0,0,0,9,11,,,1,27,39,27,12,0,1,0,1
CHN190905060,box,1909-05-06,0,CHI08,R,1,CHN,CIN,1,1,0,0,1,,28,4,7,7,0,0,0,,4,,3,0,1,0,1,3,0,0,1,0,7,1,1,1,0,0,0,1,0,0,27,36,34,2,2,10,12,2,0,0,0,2,0,4,1,0,0,0,0,0,0,0,0,0,0,,,1,27,39,27,12,0,1,0,1
CHN190905070,evt,1909-05-07,0,CHI08,R,1,CHN,CIN,1,1,0,0,1,37,31,5,9,10,1,0,0,0,5,,4,0,4,0,0,2,0,2,0,0,8,1,1,1,1,0,0,1,0,0,27,34,31,0,0,6,6,0,0,0,0,2,0,5,0,0,1,0,0,0,0,0,0,11,9,,,1,27,42,27,12,3,0,0,0
CHN190905070,box,1909-05-07,0,CHI08,R,1,CHN,CIN,1,1,0,0,1,,31,5,9,10,1,0,0,,5,,4,0,4,0,0,2,0,2,0,0,8,1,1,1,1,0,0,1,0,0,27,34,31,0,0,6,6,0,0,0,0,2,0,5,0,0,1,0,0,0,0,0,0,0,0,,,1,27,42,27,12,3,0,0,0
CHN190905080,evt,1909-05-08,0,CHI08,R,1,CHN,CIN,1,1,0,0,1,36,29,6,9,12,1,1,0,0,3,,4,0,2,2,0,3,0,0,0,0,6,1,1,0,0,0,1,1,0,0,27,39,33,3,3,8,9,1,0,0,0,4,0,2,1,1,1,0,0,0,0,4,0,12,8,,,1,27,45,27,15,3,1,0,0
CHN190905080,box,1909-05-08,0,CHI08,R,1,CHN,CIN,1,1,0,0,1,,29,6,9,12,1,1,0,,3,,4,0,2,2,0,3,0,0,0,0,6,1,1,0,0,0,1,1,0,0,27,39,33,3,3,8,9,1,0,0,0,4,0,2,1,1,1,0,0,0,0,0,0,0,0,,,1,27,45,27,15,3,1,0,0
CHN190905090,evt,1909-05-09,0,CHI08,R,1,CHN,SLN,1,0,1,0,1,35,32,2,5,6,1,0,0,0,2,,3,0,5,1,0,0,0,1,0,0,6,1,1,1,0,0,0,0,1,0,27,43,34,5,3,8,10,2,0,0,0,7,0,5,0,1,1,0,0,0,0,0,0,14,3,,,1,27,34,19,12,3,1,0,0
CHN190905090,box,1909-05-09,0,CHI08,R,1,CHN,SLN,1,0,1,0,1,,32,2,5,6,1,0,0,,2,,3,0,5,1,0,0,0,1,0,0,6,1,1,1,0,0,0,0,1,0,27,43,34,5,3,8,10,2,0,0,0,7,0,5,0,1,1,0,0,0,0,0,0,0,0,,,1,27,46,27,16,3,1,0,0
NY1190905110,evt,1909-05-11,0,NYC10,R,0,CHN,NY1,1,1,0,0,1,36,31,4,10,11,1,0,0,0,3,,2,0,2,1,0,3,0,1,1,0,5,1,1,1,0,0,0,1,0,0,27,35,30,3,2,6,7,1,0,0,0,2,0,0,0,1,2,0,0,0,0,0,0,12,9,,,1,27,49,27,20,2,0,0,0
NY1190905110,box,1909-05-11,0,NYC10,R,0,CHN,NY1,1,1,0,0,1,,31,4,10,11,1,0,0,,3,,2,0,2,1,0,3,0,1,1,0,5,1,1,1,0,0,0,1,0,0,27,35,30,3,2,6,7,1,0,0,0,2,0,0,0,1,2,0,0,0,0,0,0,0,0,,,1,27,49,27,20,2,0,0,0
NY1190905120,evt,1909-05-12,0,NYC10,R,0,CHN,NY1,1,0,1,0,1,36,31,2,7,8,1,0,0,0,2,,3,0,7,0,0,2,0,1,2,0,7,1,1,1,0,0,0,0,1,0,26,35,32,3,2,9,12,1,1,0,0,1,0,4,0,0,2,0,0,0,0,0,0,5,11,,,1,26,38,25,10,3,1,0,0
NY1190905120,box,1909-05-12,0,NYC10,R,0,CHN,NY1,1,0,1,0,1,,31,2,7,8,1,0,0,,2,,3,0,7,0,0,2,0,1,2,0,7,1,1,1,0,0,0,0,1,0,26,35,32,3,2,9,12,1,1,0,0,1,0,4,0,0,2,0,0,0,0,0,0,0,0,,,1,26,38,25,10,3,1,0,0
NY1190905130,evt,1909-05-13,0,NYC10,R,0,CHN,NY1,1,0,1,0,1,30,29,1,4,5,1,0,0,0,1,,1,0,3,2,0,0,0,0,0,0,2,1,1,0,0,0,1,0,1,0,24,31,27,4,4,6,13,2,1,1,0,4,0,2,1,0,0,0,0,0,0,0,0,11,8,,,1,24,38,24,14,0,3,0,0
NY1190905130,box,1909-05-13,0,NYC10,R,0,CHN,NY1,1,0,1,0,1,,29,1,4,5,1,0,0,,1,,1,0,3,2,0,0,0,0,0,0,2,1,1,0,0,0,1,0,1,0,24,31,27,4,4,6,13,2,1,1,0,4,0,2,1,0,0,0,0,0,0,0,0,0,0,,,1,24,38,24,14,0,3,0,0
NY1190905140,evt,1909-05-14,0,NYC10,R,0,CHN,NY1,1,1,0,0,1,36,34,6,7,14,1,0,2,0,5,,1,0,6,0,0,0,1,1,1,0,3,1,1,1,1,0,0,1,0,0,27,32,30,0,0,4,4,0,0,0,0,1,0,3,1,1,0,0,0,0,0,0,0,11,10,,,1,27,39,27,12,0,1,0,0
NY1190905140,box,1909-05-14,0,NYC10,R,0,CHN,NY1,1,1,0,0,1,,34,6,7,14,1,0,2,,5,,1,0,6,0,0,0,1,1,1,0,3,1,1,1,1,0,0,1,0,0,27,32,30,0,0,4,4,0,0,0,0,1,0,3,1,1,0,0,0,0,0,0,0,0,0,,,1,27,39,27,12,0,1,0,0
PHI190905150,evt,1909-05-15,0,PHI09,R,0,CHN,PHI,1,1,0,0,1,36,33,3,7,10,3,0,0,0,3,,3,0,4,0,0,0,0,0,1,0,6,1,1,1,1,0,0,1,0,0,27,32,29,0,0,6,8,2,0,0,0,2,0,5,0,0,1,0,0,0,0,0,0,4,12,,,1,27,39,27,10,2,2,0,0
PHI190905150,box,1909-05-15,0,PHI09,R,0,CHN,PHI,1,1,0,0,1,,33,3,7,10,3,0,0,,3,,3,0,4,0,0,0,0,0,1,0,6,1,1,1,1,0,0,1,0,0,27,32,29,0,0,6,8,2,0,0,0,2,0,5,0,0,1,0,0,0,0,0,0,0,0,,,1,27,39,27,10,2,2,0,0
PHI190905170,evt,1909-05-17,0,PHI09,R,0,CHN,PHI,1,1,0,0,1,41,36,8,11,15,0,2,0,0,8,,3,0,6,0,1,1,0,2,3,0,6,1,1,1,0,0,0,1,0,0,27,36,32,1,1,8,8,0,0,0,0,2,0,2,1,1,1,0,0,0,0,0,0,14,7,,,1,27,47,27,18,2,1,0,0
PHI190905170,box,1909-05-17,0,PHI09,R,0,CHN,PHI,1,1,0,0,1,,36,8,11,15,0,2,0,,8,,3,0,6,0,1,1,0,2,3,0,6,1,1,1,0,0,0,1,0,0,27,36,32,1,1,8,8,0,0,0,0,2,0,2,1,1,1,0,0,0,0,0,0,0,0,,,1,27,46,27,17,2,1,0,0
PHI190905180,evt,1909-05-18,0,PHI09,R,0,CHN,PHI,1,1,0,0,1,34,30,3,9,14,2,0,1,0,3,,2,0,2,0,0,2,0,1,3,0,4,1,1,1,0,0,0,1,0,0,27,36,33,2,2,8,10,2,0,0,0,2,0,5,0,0,1,0,0,0,0,0,0,9,10,,,1,27,39,27,12,0,1,0,0
PHI190905180,box,1909-05-18,0,PHI09,R,0,CHN,PHI,1,1,0,0,1,,30,3,9,14,2,0,1,,3,,2,0,2,0,0,2,0,1,3,0,4,1,1,1,0,0,0,1,0,0,27,36,33,2,2,8,10,2,0,0,0,2,0,5,0,0,1,0,0,0,0,0,0,0,0,,,1,27,39,27,12,0,1,0,0
PHI190905190,evt,1909-05-19,0,PHI09,R,0,CHN,PHI,1,0,1,0,1,32,32,2,6,8,2,0,0,0,2,,0,0,7,0,0,0,0,0,0,0,3,1,1,0,0,0,1,0,1,0,24,36,28,4,4,7,8,1,0,0,0,3,0,5,1,2,3,0,0,0,1,2,1,7,7,,,1,24,37,24,11,2,2,0,0
PHI190905190,box,1909-05-19,0,PHI09,R,0,CHN,PHI,1,0,1,0,1,,32,2,6,8,2,0,0,,2,,0,0,7,0,0,0,0,0,0,0,3,1,1,0,0,0,1,0,1,0,24,36,28,4,4,7,8,1,0,0,0,3,0,5,1,2,3,0,0,0,1,0,0,0,0,,,1,24,37,24,11,2,2,0,0
BSN190905200,evt,1909-05-20,0,BOS05,R,0,CHN,BSN,1,1,0,0,1,40,32,6,10,11,1,0,0,0,6,,6,0,0,0,0,1,1,0,2,0,7,1,1,1,0,0,0,1,0,0,27,33,30,2,2,6,6,0,0,0,0,1,0,6,0,0,2,0,0,0,0,0,0,12,4,,,1,27,45,27,17,1,0,0,0
BSN190905200,box,1909-05-20,0,BOS05,R,0,CHN,BSN,1,1,0,0,1,,32,6,10,11,1,0,0,,6,,6,0,0,0,0,1,1,0,2,0,7,1,1,1,0,0,0,1,0,0,27,33,30,2,2,6,6,0,0,0,0,1,0,6,0,0,2,0,0,0,0,0,0,0,0,,,1,27,45,27,17,1,0,0,0
BSN190905210,evt,1909-05-21,0,BOS05,R,0,CHN,BSN,1,1,0,0,1,44,38,7,12,18,1,1,1,0,6,,3,0,5,0,0,3,0,3,0,0,10,1,1,1,1,0,0,1,0,0,27,32,28,0,0,2,2,0,0,0,0,4,0,8,0,0,0,0,0,0,0,0,0,9,8,,,1,27,38,27,10,1,0,0,0
BSN190905210,box,1909-05-21,0,BOS05,R,0,CHN,BSN,1,1,0,0,1,,38,7,12,18,1,1,1,,6,,3,0,5,0,0,3,0,3,0,0,10,1,1,1,1,0,0,1,0,0,27,32,28,0,0,2,2,0,0,0,0,4,0,8,0,0,0,0,0,0,0,0,0,0,0,,,1,27,38,27,10,1,0,0,0
BRO190905240,evt,1909-05-24,0,NYC12,R,0,CHN,BRO,1,1,0,0,1,41,40,4,9,16,2,1,1,0,3,,1,0,7,0,0,0,0,0,1,0,4,1,1,1,0,0,0,1,0,0,33,39,37,3,3,6,11,0,1,1,0,1,0,5,0,0,1,0,0,0,0,0,0,11,13,,,1,33,50,33,17,0,0,0,0
BRO190905240,box,1909-05-24,0,NYC12,R,0,CHN,BRO,1,1,0,0,1,,40,4,9,16,2,1,1,,3,,1,0,7,0,0,0,0,0,1,0,4,1,1,1,0,0,0,1,0,0,33,39,37,3,3,6,11,0,1,1,0,1,0,5,0,0,1,0,0,0,0,0,0,0,0,,,1,33,50,33,17,0,0,0,0
BRO190905250,evt,1909-05-25,0,NYC12,R,0,CHN,BRO,1,1,0,0,1,36,31,4,9,9,0,0,0,0,4,,2,0,9,1,0,2,1,0,1,0,5,1,1,0,0,0,1,1,0,0,27,38,31,3,3,7,8,1,0,0,0,5,0,4,0,0,2,0,0,0,0,2,1,11,8,,,1,27,44,27,15,2,1,0,0
BRO190905250,box,1909-05-25,0,NYC12,R,0,CHN,BRO,1,1,0,0,1,,31,4,9,9,0,0,0,,4,,2,0,9,1,0,2,1,0,1,0,5,1,1,0,0,0,1,1,0,0,27,38,31,3,3,7,8,1,0,0,0,5,0,4,0,0,2,0,0,0,0,0,0,0,0,,,1,27,44,27,15,2,1,0,0
BRO190905260,evt,1909-05-26,0,NYC12,R,0,CHN,BRO,1,1,0,0,1,34,31,2,7,8,1,0,0,0,2,,2,0,2,0,0,1,0,2,3,0,5,1,1,1,1,0,0,1,0,0,27,33,31,0,0,4,4,0,0,0,0,2,0,10,0,0,0,0,0,0,0,0,0,10,7,,,1,27,38,27,10,1,0,0,0
BRO190905260,box,1909-05-26,0,NYC12,R,0,CHN,BRO,1,1,0,0,1,,31,2,7,8,1,0,0,,2,,2,0,2,0,0,1,0,2,3,0,5,1,1,1,1,0,0,1,0,0,27,33,31,0,0,4,4,0,0,0,0,2,0,10,0,0,0,0,0,0,0,0,0,0,0,,,1,27,38,27,10,1,0,0,0
PIT190905290,evt,1909-05-29,0,PIT05,R,0,CHN,PIT,1,1,0,0,1,49,43,8,14,18,4,0,0,0,8,,2,0,4,1,2,0,2,0,1,0,8,1,1,1,0,0,0,1,0,0,33,49,45,3,1,9,14,1,2,0,0,4,0,8,0,0,0,0,0,0,0,0,0,11,13,,,1,33,48,33,11,4,0,0,0
PIT190905290,box,1909-05-29,0,PIT05,R,0,CHN,PIT,1,1,0,0,1,,43,8,14,18,4,0,0,,8,,2,0,4,1,2,0,2,0,1,0,8,1,1,1,0,0,0,1,0,0,33,49,45,3,1,9,14,1,2,0,0,4,0,8,0,0,0,0,0,0,0,0,0,0,0,,,1,33,48,33,11,4,0,0,0
CHN190905301,evt,1909-05-30,1,CHI08,R,1,CHN,PIT,1,0,1,0,1,35,34,4,8,11,3,0,0,0,4,,1,0,5,0,0,0,0,2,2,0,4,1,1,1,0,0,0,0,1,0,27,44,31,5,4,7,9,2,0,0,0,10,0,10,0,0,2,1,0,1,0,0,0,9,4,,,1,27,22,18,3,1,1,0,0
CHN190905301,box,1909-05-30,1,CHI08,R,1,CHN,PIT,1,0,1,0,1,,34,4,8,11,3,0,0,,4,,1,0,5,0,0,0,0,2,2,0,4,1,1,1,0,0,0,0,1,0,27,44,31,5,4,7,9,2,0,0,0,10,0,10,0,0,2,1,0,1,0,0,0,0,0,,,1,27,34,27,6,1,1,0,0
CHN190905302,evt,1909-05-30,2,CHI08,R,1,CHN,PIT,1,0,1,0,1,41,36,2,10,13,3,0,0,0,1,,4,0,2,1,0,1,0,3,0,0,12,1,1,1,0,0,0,0,1,0,27,41,35,4,4,11,16,5,0,0,0,2,0,8,0,0,4,0,0,1,0,0,0,12,3,,,1,27,16,13,3,0,0,0,0
CHN190905302,box,1909-05-30,2,CHI08,R,1,CHN,PIT,1,0,1,0,1,,36,2,10,13,3,0,0,,1,,4,0,2,1,0,1,0,3,0,0,12,1,1,1,0,0,0,0,1,0,27,41,35,4,4,11,16,5,0,0,0,2,0,8,0,0,4,0,0,1,0,0,0,0,0,,,1,27,42,27,15,0,0,0,0
CIN190905311,evt,1909-05-31,1,CIN06,R,0,CHN,CIN,1,0,1,0,1,32,31,1,5,6,1,0,0,0,0,,1,0,0,0,0,0,0,0,2,0,4,1,1,0,0,0,1,0,1,0,24,37,30,4,3,7,11,2,1,0,0,4,0,3,0,1,2,0,0,0,0,0,0,11,8,,,1,24,37,24,12,1,0,0,0
CIN190905311,box,1909-05-31,1,CIN06,R,0,CHN,CIN,1,0,1,0,1,,31,1,5,6,1,0,0,,0,,1,0,0,0,0,0,0,0,2,0,4,1,1,0,0,0,1,0,1,0,24,37,30,4,3,7,11,2,1,0,0,4,0,3,0,1,2,0,0,0,0,0,0,0,0,,,1,24,37,24,12,1,0,0,0
CIN190905312,evt,1909-05-31,2,CIN06,R,0,CHN,CIN,1,1,0,0,1,45,44,3,9,12,1,1,0,0,2,,1,0,3,0,0,0,0,1,1,0,9,1,1,1,0,0,0,1,0,0,33,48,39,2,1,8,8,0,0,0,0,5,3,5,1,0,4,0,0,0,0,0,0,13,9,,,1,33,53,33,15,5,1,0,0
CIN190905312,box,1909-05-31,2,CIN06,R,0,CHN,CIN,1,1,0,0,1,,44,3,9,12,1,1,0,,2,,1,0,3,0,0,0,0,1,1,0,9,1,1,1,0,0,0,1,0,0,33,48,39,2,1,8,8,0,0,0,0,5,3,5,1,0,4,0,0,0,0,0,0,0,0,,,1,33,53,33,15,5,1,0,0
CIN190906010,evt,1909-06-01,0,CIN06,R,0,CHN,CIN,1,1,0,0,1,48,35,9,10,16,2,2,0,0,8,,7,0,0,0,2,4,0,0,2,0,9,1,1,1,0,0,0,1,0,0,30,38,36,3,3,7,9,2,0,0,0,2,0,2,0,0,0,0,0,0,0,0,0,10,16,,,1,30,45,30,14,1,1,0,0
CIN190906010,box,1909-06-01,0,CIN06,R,0,CHN,CIN,1,1,0,0,1,,35,9,10,16,2,2,0,,8,,7,0,0,0,2,4,0,0,2,0,9,1,1,1,0,0,0,1,0,0,30,38,36,3,3,7,9,2,0,0,0,2,0,2,0,0,0,0,0,0,0,0,0,0,0,,,1,30,45,30,14,1,1,0,0
CHN190906030,evt,1909-06-03,0,CHI08,R,1,CHN,PHI,1,1,0,0,1,52,42,4,9,9,0,0,0,0,3,,7,0,5,0,0,3,0,1,2,0,13,1,1,1,0,0,0,1,0,0,36,47,42,3,0,8,9,1,0,0,0,3,0,8,0,0,2,0,0,0,0,0,0,12,12,,,1,36,54,36,16,2,0,0,0
CHN190906030,box,1909-06-03,0,CHI08,R,1,CHN,PHI,1,1,0,0,1,,42,4,9,9,0,0,0,,3,,7,0,5,0,0,3,0,1,2,0,13,1,1,1,0,0,0,1,0,0,36,47,42,3,0,8,9,1,0,0,0,3,0,8,0,0,2,0,0,0,0,0,0,0,0,,,1,36,54,36,16,2,0,0,0
CHN190906050,evt,1909-06-05,0,CHI08,R,1,CHN,PHI,1,1,0,0,1,32,27,2,6,8,2,0,0,0,0,,3,0,3,0,0,2,0,3,1,0,6,1,1,1,1,0,0,1,0,0,27,35,34,0,0,5,6,1,0,0,0,1,0,3,0,0,0,0,0,0,0,0,0,10,13,,,1,27,39,27,9,3,1,0,0
CHN190906050,box,1909-06-05,0,CHI08,R,1,CHN,PHI,1,1,0,0,1,,27,2,6,8,2,0,0,,0,,3,0,3,0,0,2,0,3,1,0,6,1,1,1,1,0,0,1,0,0,27,35,34,0,0,5,6,1,0,0,0,1,0,3,0,0,0,0,0,0,0,0,0,0,0,,,1,27,39,27,9,3,1,0,0
CHN190906060,evt,1909-06-06,0,CHI08,R,1,CHN,PHI,1,1,0,0,1,39,34,1,5,6,1,0,0,0,1,,2,0,8,0,0,3,0,2,2,0,5,1,1,1,1,0,0,1,0,0,36,42,39,0,0,5,5,0,0,0,0,0,0,2,0,1,2,0,0,0,0,0,0,13,18,,,1,36,53,36,16,1,0,0,0
CHN190906060,box,1909-06-06,0,CHI08,R,1,CHN,PHI,1,1,0,0,1,,34,1,5,6,1,0,0,,1,,2,0,8,0,0,3,0,2,2,0,5,1,1,1,1,0,0,1,0,0,36,42,39,0,0,5,5,0,0,0,0,0,0,2,0,1,2,0,0,0,0,0,0,0,0,,,1,36,53,36,16,1,0,0,0
CHN190906080,evt,1909-06-08,0,CHI08,R,1,CHN,NY1,1,0,1,0,1,31,28,2,2,2,0,0,0,0,2,,2,0,4,1,0,1,0,1,0,0,2,1,1,1,0,0,0,0,1,0,27,37,33,3,2,7,8,1,0,0,0,2,0,1,0,0,2,0,0,0,0,0,0,10,13,,,1,27,41,27,12,2,0,0,0
CHN190906080,box,1909-06-08,0,CHI08,R,1,CHN,NY1,1,0,1,0,1,,28,2,2,2,0,0,0,,2,,2,0,4,1,0,1,0,1,0,0,2,1,1,1,0,0,0,0,1,0,27,37,33,3,2,7,8,1,0,0,0,2,0,1,0,0,2,0,0,0,0,0,0,0,0,,,1,27,41,27,12,2,0,0,0
CHN190906100,evt,1909-06-10,0,CHI08,R,1,CHN,NY1,1,1,0,0,1,38,34,5,11,15,2,1,0,0,4,,4,0,7,0,0,0,0,3,1,0,9,1,1,1,1,0,0,1,0,0,27,35,34,0,0,8,9,1,0,0,0,1,0,7,1,0,0,0,0,0,0,0,0,9,8,,,1,27,41,27,12,2,1,0,0
CHN190906100,box,1909-06-10,0,CHI08,R,1,CHN,NY1,1,1,0,0,1,,34,5,11,15,2,1,0,,4,,4,0,7,0,0,0,0,3,1,0,9,1,1,1,1,0,0,1,0,0,27,35,34,0,0,8,9,1,0,0,0,1,0,7,1,0,0,0,0,0,0,0,0,0,0,,,1,27,41,27,12,2,1,0,0
CHN190906110,evt,1909-06-11,0,CHI08,R,1,CHN,BSN,1,0,1,0,1,39,32,2,5,7,0,1,0,0,2,,6,0,2,0,0,1,0,0,0,0,10,1,1,0,0,0,1,0,1,0,27,38,34,4,2,9,12,1,1,0,0,2,0,4,0,0,1,1,0,0,0,1,0,10,8,,,1,27,51,27,19,5,1,0,0
CHN190906110,box,1909-06-11,0,CHI08,R,1,CHN,BSN,1,0,1,0,1,,32,2,5,7,0,1,0,,2,,6,0,2,0,0,1,0,0,0,0,10,1,1,0,0,0,1,0,1,0,27,38,34,4,2,9,12,1,1,0,0,2,0,4,0,0,1,1,0,0,0,0,0,0,0,,,1,27,49,27,17,5,1,0,0
CHN190906120,evt,1909-06-12,0,CHI08,R,1,CHN,BSN,1,1,0,0,1,31,29,2,6,6,0,0,0,0,1,,0,0,1,1,1,1,0,3,0,0,5,1,1,1,1,0,0,1,0,0,27,36,35,0,0,9,9,0,0,0,0,1,0,3,1,0,0,0,0,0,0,0,0,6,16,,,1,27,34,27,6,1,2,0,0
CHN190906120,box,1909-06-12,0,CHI08,R,1,CHN,BSN,1,1,0,0,1,,29,2,6,6,0,0,0,,1,,0,0,1,1,1,1,0,3,0,0,5,1,1,1,1,0,0,1,0,0,27,36,35,0,0,9,9,0,0,0,0,1,0,3,1,0,0,0,0,0,0,0,0,0,0,,,1,27,34,27,6,1,2,0,0
CHN190906130,evt,1909-06-13,0,CHI08,R,1,CHN,BSN,1,1,0,0,1,42,34,9,11,17,4,1,0,0,7,,6,0,0,0,0,1,1,1,0,0,9,1,1,1,0,0,0,1,0,0,27,39,37,7,3,9,10,1,0,0,0,2,0,3,0,0,0,0,0,0,0,0,0,18,4,,,1,27,15,9,3,3,0,0,0
CHN190906130,box,1909-06-13,0,CHI08,R,1,CHN,BSN,1,1,0,0,1,,34,9,11,17,4,1,0,,7,,6,0,0,0,0,1,1,1,0,0,9,1,1,1,0,0,0,1,0,0,27,39,37,7,3,9,10,1,0,0,0,2,0,3,0,0,0,0,0,0,0,0,0,0,0,,,1,27,40,27,10,3,0,0,0
CHN190906160,evt,1909-06-16,0,CHI08,R,1,CHN,BRO,1,1,0,0,1,30,25,3,6,7,1,0,0,0,3,,2,0,5,0,0,3,0,0,1,0,3,1,1,1,0,0,0,1,0,0,27,34,33,1,1,9,10,1,0,0,0,0,0,3,1,0,0,1,0,0,0,0,0,13,8,,,1,27,41,27,14,0,2,0,0
CHN190906160,box,1909-06-16,0,CHI08,R,1,CHN,BRO,1,1,0,0,1,,25,3,6,7,1,0,0,,3,,2,0,5,0,0,3,0,0,1,0,3,1,1,1,0,0,0,1,0,0,27,34,33,1,1,9,10,1,0,0,0,0,0,3,1,0,0,1,0,0,0,0,0,0,0,,,1,27,41,27,14,0,2,0,0
CHN190906170,evt,1909-06-17,0,CHI08,R,1,CHN,BRO,1,1,0,0,1,36,29,3,6,10,0,2,0,0,2,,5,0,0,1,0,2,0,3,1,0,9,1,1,1,0,0,0,1,0,0,27,35,32,2,2,7,9,2,0,0,0,1,0,4,0,0,1,1,0,0,0,0,0,11,10,,,1,27,40,26,12,2,0,0,0
CHN190906170,box,1909-06-17,0,CHI08,R,1,CHN,BRO,1,1,0,0,1,,29,3,6,10,0,2,0,,2,,5,0,0,1,0,2,0,3,1,0,9,1,1,1,0,0,0,1,0,0,27,35,32,2,2,7,9,2,0,0,0,1,0,4,0,0,1,1,0,0,0,0,0,0,0,,,1,27,40,26,12,2,0,0,0
CHN190906190,evt,1909-06-19,0,CHI08,R,1,CHN,BRO,1,1,0,0,1,40,34,10,14,16,0,1,0,0,6,,1,0,4,0,0,4,1,0,1,0,6,1,1,1,0,0,0,1,0,0,27,41,38,5,5,10,12,2,0,0,0,2,0,2,0,1,0,0,0,0,0,0,0,13,8,,,1,27,46,27,15,4,0,0,0
CHN190906190,box,1909-06-19,0,CHI08,R,1,CHN,BRO,1,1,0,0,1,,34,10,14,16,0,1,0,,6,,1,0,4,0,0,4,1,0,1,0,6,1,1,1,0,0,0,1,0,0,27,41,38,5,5,10,12,2,0,0,0,2,0,2,0,1,0,0,0,0,0,0,0,0,0,,,1,27,46,27,15,4,0,0,0
CHN190906200,evt,1909-06-20,0,CHI08,R,1,CHN,BRO,1,1,0,0,1,36,32,6,8,15,2,1,1,0,5,,3,0,4,0,0,1,0,2,1,0,6,1,1,1,0,0,0,1,0,0,27,30,28,1,1,3,3,0,0,0,0,1,0,5,0,0,1,0,0,0,0,0,0,19,1,,,1,27,15,10,4,1,0,0,0
CHN190906200,box,1909-06-20,0,CHI08,R,1,CHN,BRO,1,1,0,0,1,,32,6,8,15,2,1,1,,5,,3,0,4,0,0,1,0,2,1,0,6,1,1,1,0,0,0,1,0,0,27,30,28,1,1,3,3,0,0,0,0,1,0,5,0,0,1,0,0,0,0,0,0,0,0,,,1,27,41,27,13,1,0,0,0
CHN190906230,evt,1909-06-23,0,CHI08,R,1,CHN,CIN,1,0,1,0,1,39,35,4,8,9,1,0,0,0,4,,4,0,6,0,0,0,0,1,0,0,8,1,1,0,0,0,1,0,1,0,27,44,32,6,5,13,13,0,0,0,0,8,0,2,1,0,4,0,0,0,0,2,1,7,10,,,1,27,42,27,14,1,2,0,0
CHN190906230,box,1909-06-23,0,CHI08,R,1,CHN,CIN,1,0,1,0,1,,35,4,8,9,1,0,0,,4,,4,0,6,0,0,0,0,1,0,0,8,1,1,0,0,0,1,0,1,0,27,44,32,6,5,13,13,0,0,0,0,8,0,2,1,0,4,0,0,0,0,0,0,0,0,,,1,27,42,27,14,1,2,0,0
CHN190906250,evt,1909-06-25,0,CHI08,R,1,CHN,CIN,1,1,0,0,1,38,28,7,8,11,3,0,0,0,7,,6,0,1,0,0,4,0,1,1,0,7,1,1,1,1,0,0,1,0,0,27,37,33,0,0,8,8,0,0,0,0,3,0,2,0,1,0,0,0,0,0,0,0,14,9,,,1,27,42,27,15,0,0,0,0
CHN190906250,box,1909-06-25,0,CHI08,R,1,CHN,CIN,1,1,0,0,1,,28,7,8,11,3,0,0,,7,,6,0,1,0,0,4,0,1,1,0,7,1,1,1,1,0,0,1,0,0,27,37,33,0,0,8,8,0,0,0,0,3,0,2,0,1,0,0,0,0,0,0,0,0,0,,,1,27,42,27,15,0,0,0,0
CHN190906260,evt,1909-06-26,0,CHI08,R,1,CHN,CIN,1,1,0,0,1,33,30,4,7,8,1,0,0,0,4,,2,0,0,0,0,1,0,2,1,0,5,1,1,1,1,0,0,1,0,0,27,30,27,0,0,1,1,0,0,0,0,1,0,3,0,1,1,0,0,0,0,0,0,12,11,,,1,27,41,27,13,1,0,0,0
CHN190906260,box,1909-06-26,0,CHI08,R,1,CHN,CIN,1,1,0,0,1,,30,4,7,8,1,0,0,,4,,2,0,0,0,0,1,0,2,1,0,5,1,1,1,1,0,0,1,0,0,27,30,27,0,0,1,1,0,0,0,0,1,0,3,0,1,1,0,0,0,0,0,0,0,0,,,1,27,41,27,13,1,0,0,0
CHN190906271,evt,1909-06-27,1,CHI08,R,1,CHN,CIN,1,0,1,0,1,31,26,1,4,6,2,0,0,0,1,,2,0,1,2,0,2,1,0,0,0,3,1,1,0,0,0,1,0,1,0,27,37,33,2,2,11,13,2,0,0,0,2,0,6,1,1,1,0,0,0,0,0,0,14,1,,,1,27,19,13,5,1,1,0,0
CHN190906271,box,1909-06-27,1,CHI08,R,1,CHN,CIN,1,0,1,0,1,,26,1,4,6,2,0,0,,1,,2,0,1,2,0,2,1,0,0,0,3,1,1,0,0,0,1,0,1,0,27,37,33,2,2,11,13,2,0,0,0,2,0,6,1,1,1,0,0,0,0,0,0,0,0,,,1,27,41,27,13,1,1,0,0
CHN190906272,evt,1909-06-27,2,CHI08,R,1,CHN,CIN,1,0,1,0,1,35,29,3,6,9,1,1,0,0,3,,6,0,3,3,0,0,0,2,1,0,5,1,1,0,0,0,1,0,1,0,27,46,41,7,6,15,17,2,0,0,0,4,0,3,1,0,0,1,0,0,0,5,3,18,3,,,1,27,16,10,3,3,1,0,0
CHN190906272,box,1909-06-27,2,CHI08,R,1,CHN,CIN,1,0,1,0,1,,29,3,6,9,1,1,0,,3,,6,0,3,3,0,0,0,2,1,0,5,1,1,0,0,0,1,0,1,0,27,46,41,7,6,15,17,2,0,0,0,4,0,3,1,0,0,1,0,0,0,0,0,0,0,,,1,27,49,27,19,3,1,0,0
PIT190906290,evt,1909-06-29,0,PIT05,R,0,CHN,PIT,1,0,1,0,1,35,33,1,7,11,2,1,0,0,1,,2,0,4,0,0,0,0,0,1,0,7,1,1,0,0,0,1,0,1,0,24,38,37,8,8,14,17,1,1,0,0,1,0,7,0,0,0,0,0,1,0,0,0,8,6,,,1,24,38,24,12,2,0,0,0
PIT190906290,box,1909-06-29,0,PIT05,R,0,CHN,PIT,1,0,1,0,1,,33,1,7,11,2,1,0,,1,,2,0,4,0,0,0,0,0,1,0,7,1,1,0,0,0,1,0,1,0,24,38,37,8,8,14,17,1,1,0,0,1,0,7,0,0,0,0,0,1,0,0,0,0,0,,,1,24,38,24,12,2,0,0,0
PIT190906300,evt,1909-06-30,0,PIT06,R,0,CHN,PIT,1,1,0,0,1,36,28,3,4,4,0,0,0,0,3,,3,0,5,0,1,4,0,1,0,0,6,1,1,1,0,0,0,1,0,0,27,39,30,2,1,5,6,1,0,0,0,6,0,6,0,0,3,0,0,0,0,0,0,10,7,,,1,27,40,27,11,2,1,0,0
PIT190906300,box,1909-06-30,0,PIT06,R,0,CHN,PIT,1,1,0,0,1,,28,3,4,4,0,0,0,,3,,3,0,5,0,1,4,0,1,0,0,6,1,1,1,0,0,0,1,0,0,27,39,30,2,1,5,6,1,0,0,0,6,0,6,0,0,3,0,0,0,0,0,0,0,0,,,1,27,40,27,11,2,1,0,0
PIT190907021,evt,1909-07-02,1,PIT06,R,0,CHN,PIT,1,1,0,0,1,43,38,8,13,18,1,2,0,0,6,,2,0,3,0,0,1,2,1,0,0,8,1,1,1,1,0,0,1,0,0,27,34,33,0,0,6,7,1,0,0,0,1,0,3,0,0,0,0,0,0,0,0,0,11,13,,,1,27,40,27,10,3,0,0,0
PIT190907021,box,1909-07-02,1,PIT06,R,0,CHN,PIT,1,1,0,0,1,,38,8,13,18,1,2,0,,6,,2,0,3,0,0,1,2,1,0,0,8,1,1,1,1,0,0,1,0,0,27,34,33,0,0,6,7,1,0,0,0,1,0,3,0,0,0,0,0,0,0,0,0,0,0,,,1,27,40,27,10,3,0,0,0
PIT190907022,evt,1909-07-02,2,PIT06,R,0,CHN,PIT,1,0,1,0,1,33,31,2,8,8,0,0,0,0,1,,1,0,4,3,0,1,0,2,2,0,4,1,1,0,0,0,1,0,1,0,24,37,33,4,2,8,8,0,0,0,0,2,0,0,1,1,1,0,0,1,0,0,0,14,7,,,1,24,43,24,16,3,1,0,0
PIT190907022,box,1909-07-02,2,PIT06,R,0,CHN,PIT,1,0,1,0,1,,31,2,8,8,0,0,0,,1,,1,0,4,3,0,1,0,2,2,0,4,1,1,0,0,0,1,0,1,0,24,37,33,4,2,8,8,0,0,0,0,2,0,0,1,1,1,0,0,1,0,0,0,0,0,,,1,24,43,24,16,3,1,0,0
PIT190907030,evt,1909-07-03,0,PIT06,R,0,CHN,PIT,1,1,0,0,1,39,36,6,10,12,2,0,0,0,3,,1,0,2,0,1,1,0,0,2,0,6,1,1,1,1,0,0,1,0,0,27,33,31,0,0,4,5,1,0,0,0,2,0,5,1,0,0,0,0,0,0,0,0,9,11,,,1,27,40,27,11,2,1,0,0
PIT190907030,box,1909-07-03,0,PIT06,R,0,CHN,PIT,1,1,0,0,1,,36,6,10,12,2,0,0,,3,,1,0,2,0,1,1,0,0,2,0,6,1,1,1,1,0,0,1,0,0,27,33,31,0,0,4,5,1,0,0,0,2,0,5,1,0,0,0,0,0,0,0,0,0,0,,,1,27,40,27,11,2,1,0,0
CHN190907040,evt,1909-07-04,0,CHI08,R,1,CHN,SLN,1,0,1,0,1,35,27,2,3,5,0,1,0,0,2,,6,0,3,0,0,0,2,0,0,0,6,1,1,0,0,0,1,0,1,0,27,37,30,3,1,5,6,1,0,0,0,5,0,5,0,0,2,0,0,0,0,3,2,17,2,,,1,27,19,12,5,2,0,0,0
CHN190907040,box,1909-07-04,0,CHI08,R,1,CHN,SLN,1,0,1,0,1,,27,2,3,5,0,1,0,,2,,6,0,3,0,0,0,2,0,0,0,6,1,1,0,0,0,1,0,1,0,27,37,30,3,1,5,6,1,0,0,0,5,0,5,0,0,2,0,0,0,0,0,0,0,0,,,1,27,45,27,16,2,0,0,0
CHN190907060,evt,1909-07-06,0,CHI08,R,1,CHN,SLN,1,1,0,0,1,39,33,4,10,15,1,2,0,0,2,,4,0,2,0,1,1,0,2,0,0,11,1,1,1,0,0,0,1,0,0,27,32,32,1,0,4,4,0,0,0,0,0,0,2,1,0,0,0,0,0,0,0,0,11,13,,,1,27,39,27,10,2,1,0,0
CHN190907060,box,1909-07-06,0,CHI08,R,1,CHN,SLN,1,1,0,0,1,,33,4,10,15,1,2,0,,2,,4,0,2,0,1,1,0,2,0,0,11,1,1,1,0,0,0,1,0,0,27,32,32,1,0,4,4,0,0,0,0,0,0,2,1,0,0,0,0,0,0,0,0,0,0,,,1,27,39,27,10,2,1,0,0
PIT190907070,evt,1909-07-07,0,PIT06,R,0,CHN,PIT,1,0,1,0,1,35,29,2,5,5,0,0,0,0,2,,4,0,4,1,0,1,1,2,0,0,6,1,1,1,0,0,0,0,1,0,24,37,31,6,5,11,15,2,1,0,0,3,0,3,0,0,2,1,0,1,0,0,0,11,6,,,1,24,42,24,16,2,0,0,0
PIT190907070,box,1909-07-07,0,PIT06,R,0,CHN,PIT,1,0,1,0,1,,29,2,5,5,0,0,0,,2,,4,0,4,1,0,1,1,2,0,0,6,1,1,1,0,0,0,0,1,0,24,37,31,6,5,11,15,2,1,0,0,3,0,3,0,0,2,1,0,1,0,0,0,0,0,,,1,24,42,24,16,2,0,0,0
PHI190907080,evt,1909-07-08,0,PHI09,R,0,CHN,PHI,1,1,0,0,1,45,32,8,12,17,0,1,1,0,8,,9,0,2,0,0,1,3,3,4,0,10,1,1,1,0,0,0,1,0,0,27,33,30,3,3,6,12,3,0,1,0,2,0,6,0,0,0,1,0,0,0,0,0,7,11,,,1,27,37,27,10,0,2,0,0
PHI190907080,box,1909-07-08,0,PHI09,R,0,CHN,PHI,1,1,0,0,1,,32,8,12,17,0,1,1,,8,,9,0,2,0,0,1,3,3,4,0,10,1,1,1,0,0,0,1,0,0,27,33,30,3,3,6,12,3,0,1,0,2,0,6,0,0,0,1,0,0,0,0,0,0,0,,,1,27,37,27,10,0,2,0,0
PHI190907090,evt,1909-07-09,0,PHI09,R,0,CHN,PHI,1,0,1,0,1,39,33,1,8,12,2,1,0,0,1,,6,0,10,0,0,0,0,0,2,0,11,1,1,0,0,0,1,0,1,0,24,36,33,5,4,11,14,1,1,0,0,2,0,5,0,0,1,0,0,0,0,2,1,6,10,,,1,24,34,24,7,3,0,0,0
PHI190907090,box,1909-07-09,0,PHI09,R,0,CHN,PHI,1,0,1,0,1,,33,1,8,12,2,1,0,,1,,6,0,10,0,0,0,0,0,2,0,11,1,1,0,0,0,1,0,1,0,24,36,33,5,4,11,14,1,1,0,0,2,0,5,0,0,1,0,0,0,0,0,0,0,0,,,1,24,34,24,7,3,0,0,0
PHI190907100,evt,1909-07-10,0,PHI09,R,0,CHN,PHI,1,1,0,0,1,46,40,10,18,25,4,0,1,0,9,,4,0,3,1,0,2,0,4,2,0,9,1,1,1,0,0,0,1,0,0,27,37,35,1,0,8,10,2,0,0,0,0,0,2,0,1,1,0,0,0,0,0,0,12,10,,,1,27,47,27,17,3,1,0,0
PHI190907100,box,1909-07-10,0,PHI09,R,0,CHN,PHI,1,1,0,0,1,,40,10,18,25,4,0,1,,9,,4,0,3,1,0,2,0,4,2,0,9,1,1,1,0,0,0,1,0,0,27,37,35,1,0,8,10,2,0,0,0,0,0,2,0,1,1,0,0,0,0,0,0,0,0,,,1,27,46,27,16,3,1,0,0
PHI190907120,evt,1909-07-12,0,PHI09,R,0,CHN,PHI,1,1,0,0,1,36,32,3,5,7,0,1,0,0,3,,3,0,4,0,1,0,0,3,1,0,6,1,1,1,1,0,0,1,0,0,27,32,31,0,0,3,4,1,0,0,0,1,0,8,0,0,0,0,0,1,0,0,0,6,13,,,1,27,34,27,6,1,0,0,0
PHI190907120,box,1909-07-12,0,PHI09,R,0,CHN,PHI,1,1,0,0,1,,32,3,5,7,0,1,0,,3,,3,0,4,0,1,0,0,3,1,0,6,1,1,1,1,0,0,1,0,0,27,32,31,0,0,3,4,1,0,0,0,1,0,8,0,0,0,0,0,1,0,0,0,0,0,,,1,27,34,27,6,1,0,0,0
BSN190907131,evt,1909-07-13,1,BOS05,R,0,CHN,BSN,1,1,0,0,1,34,27,3,5,8,0,0,1,0,3,,5,0,5,0,0,2,0,1,3,0,4,1,1,0,0,0,1,1,0,1,27,37,32,2,0,6,6,0,0,0,0,2,0,5,0,0,3,0,0,0,0,2,0,12,5,,,1,27,46,27,16,3,0,0,0
BSN190907131,box,1909-07-13,1,BOS05,R,0,CHN,BSN,1,1,0,0,1,,27,3,5,8,0,0,1,,3,,5,0,5,0,0,2,0,1,3,0,4,1,1,0,0,0,1,1,0,1,27,37,32,2,0,6,6,0,0,0,0,2,0,5,0,0,3,0,0,0,0,0,0,0,0,,,1,27,45,27,15,3,0,0,0
BSN190907132,evt,1909-07-13,2,BOS05,R,0,CHN,BSN,1,1,0,0,1,39,37,8,10,14,2,1,0,0,4,,1,0,6,1,0,1,0,0,1,0,4,1,1,1,1,0,0,1,0,0,27,32,31,0,0,6,6,0,0,0,0,1,0,3,1,0,0,0,0,0,0,0,0,13,7,,,1,27,42,27,14,1,2,0,0
BSN190907132,box,1909-07-13,2,BOS05,R,0,CHN,BSN,1,1,0,0,1,,37,8,10,14,2,1,0,,4,,1,0,6,1,0,1,0,0,1,0,4,1,1,1,1,0,0,1,0,0,27,32,31,0,0,6,6,0,0,0,0,1,0,3,1,0,0,0,0,0,0,0,0,0,0,,,1,27,42,27,14,1,2,0,0
BSN190907140,evt,1909-07-14,0,BOS05,R,0,CHN,BSN,1,1,0,0,1,42,37,8,10,11,1,0,0,0,6,,2,0,2,0,0,3,0,1,1,0,7,1,1,1,0,0,0,1,0,0,27,32,31,2,2,7,9,2,0,0,0,1,0,5,0,0,0,0,0,0,0,0,0,10,8,,,1,27,42,27,14,1,1,0,0
BSN190907140,box,1909-07-14,0,BOS05,R,0,CHN,BSN,1,1,0,0,1,,37,8,10,11,1,0,0,,6,,2,0,2,0,0,3,0,1,1,0,7,1,1,1,0,0,0,1,0,0,27,32,31,2,2,7,9,2,0,0,0,1,0,5,0,0,0,0,0,0,0,0,0,0,0,,,1,27,42,27,14,1,1,0,0
BSN190907150,evt,1909-07-15,0,BOS05,R,0,CHN,BSN,1,1,0,0,1,42,34,6,11,14,3,0,0,0,6,,4,0,3,0,1,2,1,3,0,0,9,1,1,1,0,0,0,1,0,0,27,33,30,2,1,4,5,1,0,0,0,2,0,7,1,0,1,0,0,0,0,0,0,11,6,,,1,27,45,27,15,3,2,0,1
BSN190907150,box,1909-07-15,0,BOS05,R,0,CHN,BSN,1,1,0,0,1,,34,6,11,14,3,0,0,,6,,4,0,3,0,1,2,1,3,0,0,9,1,1,1,0,0,0,1,0,0,27,33,30,2,1,4,5,1,0,0,0,2,0,7,1,0,1,0,0,0,0,0,0,0,0,,,1,27,44,27,14,3,2,0,1
BSN190907160,evt,1909-07-16,0,BOS05,R,0,CHN,BSN,1,1,0,0,1,36,31,4,8,10,2,0,0,0,4,,3,0,12,0,0,2,0,0,2,0,5,1,1,1,0,0,0,1,0,0,27,32,31,1,1,3,3,0,0,0,0,1,0,5,0,0,0,0,0,0,0,0,0,13,9,,,1,27,38,27,10,1,0,0,0
BSN190907160,box,1909-07-16,0,BOS05,R,0,CHN,BSN,1,1,0,0,1,,31,4,8,10,2,0,0,,4,,3,0,12,0,0,2,0,0,2,0,5,1,1,1,0,0,0,1,0,0,27,32,31,1,1,3,3,0,0,0,0,1,0,5,0,0,0,0,0,0,0,0,0,0,0,,,1,27,38,27,10,1,0,0,0
BRO190907171,evt,1909-07-17,1,NYC12,R,0,CHN,BRO,1,0,1,0,1,31,30,0,6,6,0,0,0,0,0,,0,0,2,1,0,1,0,0,0,0,4,1,1,0,0,0,1,0,1,0,24,32,29,1,1,8,10,2,0,0,0,2,0,3,0,0,1,0,0,0,0,0,0,11,7,,,1,24,38,24,13,1,1,0,0
BRO190907171,box,1909-07-17,1,NYC12,R,0,CHN,BRO,1,0,1,0,1,,30,0,6,6,0,0,0,,0,,0,0,2,1,0,1,0,0,0,0,4,1,1,0,0,0,1,0,1,0,24,32,29,1,1,8,10,2,0,0,0,2,0,3,0,0,1,0,0,0,0,0,0,0,0,,,1,24,38,24,13,1,1,0,0
BRO190907172,evt,1909-07-17,2,NYC12,R,0,CHN,BRO,1,1,0,0,1,39,36,4,13,15,2,0,0,0,4,,1,0,5,1,0,2,0,1,2,0,8,1,1,1,1,0,0,1,0,0,27,36,32,0,0,7,8,1,0,0,0,4,0,4,1,0,0,0,0,0,0,0,0,11,10,,,1,27,38,27,11,0,1,0,0
BRO190907172,box,1909-07-17,2,NYC12,R,0,CHN,BRO,1,1,0,0,1,,36,4,13,15,2,0,0,,4,,1,0,5,1,0,2,0,1,2,0,8,1,1,1,1,0,0,1,0,0,27,36,32,0,0,7,8,1,0,0,0,4,0,4,1,0,0,0,0,0,0,0,0,0,0,,,1,27,38,27,11,0,1,0,0
BRO190907190,evt,1909-07-19,0,NYC12,R,0,CHN,BRO,1,1,0,0,1,36,31,2,8,9,1,0,0,0,1,,2,0,3,0,0,3,0,3,2,0,7,1,1,1,1,0,0,1,0,0,27,30,28,0,0,2,2,0,0,0,0,2,0,6,1,0,0,0,0,0,0,0,0,10,10,,,1,27,38,27,11,0,1,0,0
BRO190907190,box,1909-07-19,0,NYC12,R,0,CHN,BRO,1,1,0,0,1,,31,2,8,9,1,0,0,,1,,2,0,3,0,0,3,0,3,2,0,7,1,1,1,1,0,0,1,0,0,27,30,28,0,0,2,2,0,0,0,0,2,0,6,1,0,0,0,0,0,0,0,0,0,0,,,1,27,38,27,11,0,1,0,0
BRO190907200,evt,1909-07-20,0,NYC12,R,0,CHN,BRO,1,0,1,0,1,37,33,5,8,10,0,1,0,0,5,,2,0,3,2,0,1,1,0,0,0,5,1,1,0,0,0,1,0,1,0,26,38,35,6,6,10,16,1,1,1,0,3,0,5,0,0,0,0,0,0,0,1,0,8,10,,,1,26,36,26,9,1,0,0,0
BRO190907200,box,1909-07-20,0,NYC12,R,0,CHN,BRO,1,0,1,0,1,,33,5,8,10,0,1,0,,5,,2,0,3,2,0,1,1,0,0,0,5,1,1,0,0,0,1,0,1,0,26,38,35,6,6,10,16,1,1,1,0,3,0,5,0,0,0,0,0,0,0,0,0,0,0,,,1,26,36,26,9,1,0,0,0
BRO190907210,evt,1909-07-21,0,NYC12,R,0,CHN,BRO,1,1,0,0,1,37,31,3,6,8,2,0,0,0,2,,5,0,3,3,0,1,0,1,2,0,7,1,1,0,0,0,1,1,0,1,27,38,34,2,2,10,14,4,0,0,0,2,0,9,1,1,1,0,0,2,0,2,0,7,8,,,1,27,36,27,9,0,1,0,0
BRO190907210,box,1909-07-21,0,NYC12,R,0,CHN,BRO,1,1,0,0,1,,31,3,6,8,2,0,0,,2,,5,0,3,3,0,1,0,1,2,0,7,1,1,0,0,0,1,1,0,1,27,38,34,2,2,10,14,4,0,0,0,2,0,9,1,1,1,0,0,2,0,0,0,0,0,,,1,27,36,27,9,0,1,0,0
NY1190907220,evt,1909-07-22,0,NYC10,R,0,CHN,NY1,1,1,0,0,1,36,32,3,5,6,1,0,0,0,1,,2,0,7,0,0,1,1,0,0,0,6,1,1,1,0,0,0,1,0,0,27,31,28,1,1,4,5,1,0,0,0,2,0,3,0,0,0,1,0,0,0,0,0,11,11,,,1,27,40,27,13,0,0,0,0
NY1190907220,box,1909-07-22,0,NYC10,R,0,CHN,NY1,1,1,0,0,1,,32,3,5,6,1,0,0,,1,,2,0,7,0,0,1,1,0,0,0,6,1,1,1,0,0,0,1,0,0,27,31,28,1,1,4,5,1,0,0,0,2,0,3,0,0,0,1,0,0,0,0,0,0,0,,,1,27,40,27,13,0,0,0,0
NY1190907240,evt,1909-07-24,0,NYC10,R,0,CHN,NY1,1,1,0,0,1,37,28,4,5,7,2,0,0,0,3,,7,0,4,1,0,1,1,1,0,0,6,1,1,1,0,0,0,1,0,0,27,33,33,1,1,8,8,0,0,0,0,0,0,4,1,0,0,0,0,0,0,0,0,14,6,,,1,27,42,27,15,0,2,0,0
NY1190907240,box,1909-07-24,0,NYC10,R,0,CHN,NY1,1,1,0,0,1,,28,4,5,7,2,0,0,,3,,7,0,4,1,0,1,1,1,0,0,6,1,1,1,0,0,0,1,0,0,27,33,33,1,1,8,8,0,0,0,0,0,0,4,1,0,0,0,0,0,0,0,0,0,0,,,1,27,42,27,15,0,2,0,0
SLN190907270,evt,1909-07-27,0,STL05,R,0,CHN,SLN,1,0,0,1,1,47,42,4,10,11,1,0,0,0,3,,2,0,4,0,0,3,0,4,1,0,7,1,1,0,0,0,1,0,0,0,36,47,38,4,4,6,7,1,0,0,0,6,0,13,2,2,1,0,0,2,0,2,1,8,10,,,1,36,49,36,12,1,2,0,0
SLN190907270,box,1909-07-27,0,STL05,R,0,CHN,SLN,1,0,0,1,1,,42,4,10,11,1,0,0,,3,,2,0,4,0,0,3,0,4,1,0,7,1,1,0,0,0,1,0,0,0,36,47,38,4,4,6,7,1,0,0,0,6,0,13,2,2,1,0,0,2,0,0,0,0,0,,,1,36,49,36,12,1,2,0,0
SLN190907281,evt,1909-07-28,1,STL05,R,0,CHN,SLN,1,1,0,0,1,43,32,6,9,12,3,0,0,0,5,,7,0,1,0,0,3,1,0,2,0,10,1,1,1,0,0,0,1,0,0,27,33,31,1,0,5,7,2,0,0,0,1,0,7,0,1,0,0,0,0,0,0,0,10,9,,,1,27,40,27,11,2,1,0,0
SLN190907281,box,1909-07-28,1,STL05,R,0,CHN,SLN,1,1,0,0,1,,32,6,9,12,3,0,0,,5,,7,0,1,0,0,3,1,0,2,0,10,1,1,1,0,0,0,1,0,0,27,33,31,1,0,5,7,2,0,0,0,1,0,7,0,1,0,0,0,0,0,0,0,0,0,,,1,27,40,27,11,2,1,0,0
SLN190907282,evt,1909-07-28,2,STL05,R,0,CHN,SLN,1,0,1,0,1,37,35,4,10,13,3,0,0,0,4,,1,0,2,1,0,1,0,2,2,0,6,1,1,1,0,0,0,0,1,0,24,34,29,5,4,4,6,0,1,0,0,5,0,4,1,0,0,0,0,0,0,0,0,9,10,,,1,24,37,24,10,3,1,0,0
SLN190907282,box,1909-07-28,2,STL05,R,0,CHN,SLN,1,0,1,0,1,,35,4,10,13,3,0,0,,4,,1,0,2,1,0,1,0,2,2,0,6,1,1,1,0,0,0,0,1,0,24,34,29,5,4,4,6,0,1,0,0,5,0,4,1,0,0,0,0,0,0,0,0,0,0,,,1,24,36,24,9,3,1,0,0
SLN190907290,evt,1909-07-29,0,STL05,R,0,CHN,SLN,1,1,0,0,1,37,31,6,8,13,1,2,0,0,3,,3,0,3,0,0,2,1,3,1,0,4,1,1,1,0,0,0,1,0,0,27,39,35,3,2,10,10,0,0,0,0,2,0,8,0,1,0,1,0,0,0,0,0,10,8,,,1,27,38,27,10,1,0,0,0
SLN190907290,box,1909-07-29,0,STL05,R,0,CHN,SLN,1,1,0,0,1,,31,6,8,13,1,2,0,,3,,3,0,3,0,0,2,1,3,1,0,4,1,1,1,0,0,0,1,0,0,27,39,35,3,2,10,10,0,0,0,0,2,0,8,0,1,0,1,0,0,0,0,0,0,0,,,1,27,38,27,10,1,0,0,0
CHN190907300,evt,1909-07-30,0,CHI08,R,1,CHN,PHI,1,0,1,0,1,35,31,2,6,9,0,0,1,0,2,,3,0,5,1,0,1,0,3,2,0,6,1,1,1,0,0,0,0,1,0,27,39,35,5,2,10,10,0,0,0,0,2,0,5,0,0,1,1,0,0,0,0,0,5,10,,,1,27,41,27,10,4,0,0,1
CHN190907300,box,1909-07-30,0,CHI08,R,1,CHN,PHI,1,0,1,0,1,,31,2,6,9,0,0,1,,2,,3,0,5,1,0,1,0,3,2,0,6,1,1,1,0,0,0,0,1,0,27,39,35,5,2,10,10,0,0,0,0,2,0,5,0,0,1,1,0,0,0,0,0,0,0,,,1,27,41,27,10,4,0,0,1
CHN190907310,evt,1909-07-31,0,CHI08,R,1,CHN,PHI,1,1,0,0,1,30,29,1,7,8,1,0,0,0,0,,0,0,1,0,0,1,0,1,0,0,5,1,1,1,1,0,0,1,0,0,27,30,29,0,0,6,6,0,0,0,0,0,0,0,2,0,1,0,0,0,0,0,0,12,10,,,1,27,40,27,13,0,2,0,0
CHN190907310,box,1909-07-31,0,CHI08,R,1,CHN,PHI,1,1,0,0,1,,29,1,7,8,1,0,0,,0,,0,0,1,0,0,1,0,1,0,0,5,1,1,1,1,0,0,1,0,0,27,30,29,0,0,6,6,0,0,0,0,0,0,0,2,0,1,0,0,0,0,0,0,0,0,,,1,27,40,27,13,0,2,0,0
CHN190908011,evt,1909-08-01,1,CHI08,R,1,CHN,PHI,1,1,0,0,1,31,28,3,5,7,2,0,0,0,3,,3,0,4,0,0,0,0,0,1,0,4,1,1,1,1,0,0,1,0,0,27,28,27,0,0,1,1,0,0,0,0,0,0,3,1,1,0,0,0,0,0,0,0,22,1,,,1,27,12,8,4,0,1,0,0
CHN190908011,box,1909-08-01,1,CHI08,R,1,CHN,PHI,1,1,0,0,1,,28,3,5,7,2,0,0,,3,,3,0,4,0,0,0,0,0,1,0,4,1,1,1,1,0,0,1,0,0,27,28,27,0,0,1,1,0,0,0,0,0,0,3,1,1,0,0,0,0,0,0,0,0,0,,,1,27,43,27,16,0,1,0,0
CHN190908012,evt,1909-08-01,2,CHI08,R,1,CHN,PHI,1,1,0,0,1,38,33,7,13,16,3,0,0,0,6,,2,0,5,1,1,1,1,1,1,0,7,1,1,0,0,0,1,1,0,1,27,39,33,6,2,7,10,1,1,0,0,4,0,3,0,0,0,2,0,0,0,1,0,17,6,,,1,27,21,12,4,5,1,0,0
CHN190908012,box,1909-08-01,2,CHI08,R,1,CHN,PHI,1,1,0,0,1,,33,7,13,16,3,0,0,,6,,2,0,5,1,1,1,1,1,1,0,7,1,1,0,0,0,1,1,0,1,27,39,33,6,2,7,10,1,1,0,0,4,0,3,0,0,0,2,0,0,0,0,0,0,0,,,1,27,44,27,12,5,1,0,0
CHN190908030,evt,1909-08-03,0,CHI08,R,1,CHN,BSN,1,1,0,0,1,37,30,7,7,11,1,0,1,0,5,,4,0,2,1,0,3,0,3,0,0,6,1,1,1,0,0,0,1,0,0,27,35,29,1,1,4,7,1,1,0,0,5,0,4,0,0,0,1,0,0,0,0,0,10,12,,,1,27,38,27,11,0,0,0,1
CHN190908030,box,1909-08-03,0,CHI08,R,1,CHN,BSN,1,1,0,0,1,,30,7,7,11,1,0,1,,5,,4,0,2,1,0,3,0,3,0,0,6,1,1,1,0,0,0,1,0,0,27,35,29,1,1,4,7,1,1,0,0,5,0,4,0,0,0,1,0,0,0,0,0,0,0,,,1,27,38,27,11,0,0,0,1
CHN190908040,evt,1909-08-04,0,CHI08,R,1,CHN,BSN,1,1,0,0,1,37,31,8,11,16,2,0,1,0,7,,2,0,2,0,0,4,0,0,2,0,5,1,1,1,0,0,0,1,0,0,27,35,32,3,2,7,8,1,0,0,0,1,0,2,0,0,2,0,0,0,0,0,0,14,8,,,1,27,46,27,18,1,0,0,0
CHN190908040,box,1909-08-04,0,CHI08,R,1,CHN,BSN,1,1,0,0,1,,31,8,11,16,2,0,1,,7,,2,0,2,0,0,4,0,0,2,0,5,1,1,1,0,0,0,1,0,0,27,35,32,3,2,7,8,1,0,0,0,1,0,2,0,0,2,0,0,0,0,0,0,0,0,,,1,27,46,27,18,1,0,0,0
CHN190908051,evt,1909-08-05,1,CHI08,R,1,CHN,BSN,1,1,0,0,1,29,26,2,5,7,0,1,0,0,0,,1,0,2,0,0,2,0,1,2,0,3,1,1,1,0,0,0,1,0,0,27,31,31,1,0,5,5,0,0,0,0,0,0,7,0,0,0,0,0,1,0,0,0,10,7,,,1,27,42,27,13,2,0,0,0
CHN190908051,box,1909-08-05,1,CHI08,R,1,CHN,BSN,1,1,0,0,1,,26,2,5,7,0,1,0,,0,,1,0,2,0,0,2,0,1,2,0,3,1,1,1,0,0,0,1,0,0,27,31,31,1,0,5,5,0,0,0,0,0,0,7,0,0,0,0,0,1,0,0,0,0,0,,,1,27,42,27,13,2,0,0,0
CHN190908052,evt,1909-08-05,2,CHI08,R,1,CHN,BSN,1,1,0,0,1,32,29,4,9,10,1,0,0,0,4,,1,0,4,0,0,2,0,3,0,0,4,1,1,1,1,0,0,1,0,0,27,33,30,0,0,4,4,0,0,0,0,2,0,3,1,0,1,0,0,0,0,0,0,11,10,,,1,27,43,27,14,2,2,0,0
CHN190908052,box,1909-08-05,2,CHI08,R,1,CHN,BSN,1,1,0,0,1,,29,4,9,10,1,0,0,,4,,1,0,4,0,0,2,0,3,0,0,4,1,1,1,1,0,0,1,0,0,27,33,30,0,0,4,4,0,0,0,0,2,0,3,1,0,1,0,0,0,0,0,0,0,0,,,1,27,43,27,14,2,2,0,0
CHN190908060,evt,1909-08-06,0,CHI08,R,1,CHN,BSN,1,1,0,0,1,34,31,3,10,14,2,1,0,0,3,,0,0,2,0,0,2,1,2,0,0,7,1,1,1,0,0,0,1,0,0,27,34,30,1,1,5,6,1,0,0,0,3,0,5,1,0,1,0,0,0,0,0,0,12,8,,,1,27,42,27,15,0,1,0,0
CHN190908060,box,1909-08-06,0,CHI08,R,1,CHN,BSN,1,1,0,0,1,,31,3,10,14,2,1,0,,3,,0,0,2,0,0,2,1,2,0,0,7,1,1,1,0,0,0,1,0,0,27,34,30,1,1,5,6,1,0,0,0,3,0,5,1,0,1,0,0,0,0,0,0,0,0,,,1,27,42,27,15,0,1,0,0
CHN190908070,evt,1909-08-07,0,CHI08,R,1,CHN,BRO,1,1,0,0,1,31,27,3,2,5,0,0,1,0,2,,4,0,3,0,0,0,0,3,0,0,4,1,1,1,0,0,0,1,0,0,27,32,32,2,0,5,7,2,0,0,0,0,0,2,0,0,0,0,0,1,0,0,0,11,12,,,1,27,39,27,11,1,0,0,0
CHN190908070,box,1909-08-07,0,CHI08,R,1,CHN,BRO,1,1,0,0,1,,27,3,2,5,0,0,1,,2,,4,0,3,0,0,0,0,3,0,0,4,1,1,1,0,0,0,1,0,0,27,32,32,2,0,5,7,2,0,0,0,0,0,2,0,0,0,0,0,1,0,0,0,0,0,,,1,27,39,27,11,1,0,0,0
CHN190908080,evt,1909-08-08,0,CHI08,R,1,CHN,BRO,1,1,0,0,1,33,27,7,6,11,1,2,0,0,6,,2,0,1,0,0,3,1,2,1,0,2,1,1,1,1,0,0,1,0,0,27,29,28,0,0,3,5,2,0,0,0,0,0,7,0,0,1,0,0,0,0,0,0,14,2,,,1,27,18,12,5,1,0,0,0
CHN190908080,box,1909-08-08,0,CHI08,R,1,CHN,BRO,1,1,0,0,1,,27,7,6,11,1,2,0,,6,,2,0,1,0,0,3,1,2,1,0,2,1,1,1,1,0,0,1,0,0,27,29,28,0,0,3,5,2,0,0,0,0,0,7,0,0,1,0,0,0,0,0,0,0,0,,,1,27,42,27,14,1,0,0,0
CHN190908090,evt,1909-08-09,0,CHI08,R,1,CHN,BRO,1,0,1,0,1,31,26,0,2,3,1,0,0,0,0,,5,0,7,0,0,0,0,1,3,0,4,1,1,0,0,0,1,0,1,0,27,33,28,2,1,4,6,0,1,0,0,4,0,7,0,0,1,0,0,1,0,0,0,8,9,,,1,27,38,27,10,1,0,0,0
CHN190908090,box,1909-08-09,0,CHI08,R,1,CHN,BRO,1,0,1,0,1,,26,0,2,3,1,0,0,,0,,5,0,7,0,0,0,0,1,3,0,4,1,1,0,0,0,1,0,1,0,27,33,28,2,1,4,6,0,1,0,0,4,0,7,0,0,1,0,0,1,0,0,0,0,0,,,1,27,38,27,10,1,0,0,0
CHN190908100,evt,1909-08-10,0,CHI08,R,1,CHN,BRO,1,1,0,0,1,36,26,8,7,10,1,1,0,0,6,,5,0,3,0,0,5,0,0,2,0,4,1,1,1,0,0,0,1,0,0,27,33,32,1,1,6,7,1,0,0,0,1,0,4,2,0,0,0,0,0,0,0,0,14,7,,,1,27,43,27,15,1,2,0,0
CHN190908100,box,1909-08-10,0,CHI08,R,1,CHN,BRO,1,1,0,0,1,,26,8,7,10,1,1,0,,6,,5,0,3,0,0,5,0,0,2,0,4,1,1,1,0,0,0,1,0,0,27,33,32,1,1,6,7,1,0,0,0,1,0,4,2,0,0,0,0,0,0,0,0,0,0,,,1,27,43,27,15,1,2,0,0
CHN190908121,evt,1909-08-12,1,CHI08,R,1,CHN,NY1,1,0,1,0,1,34,31,2,5,5,0,0,0,0,1,,3,0,7,0,0,0,0,1,1,0,5,1,1,1,0,0,0,0,1,0,27,36,35,5,2,8,8,0,0,0,0,1,0,3,1,0,0,0,0,0,0,0,0,10,10,,,1,27,43,27,14,2,1,0,0
CHN190908121,box,1909-08-12,1,CHI08,R,1,CHN,NY1,1,0,1,0,1,,31,2,5,5,0,0,0,,1,,3,0,7,0,0,0,0,1,1,0,5,1,1,1,0,0,0,0,1,0,27,36,35,5,2,8,8,0,0,0,0,1,0,3,1,0,0,0,0,0,0,0,0,0,0,,,1,27,43,27,14,2,1,0,0
CHN190908122,evt,1909-08-12,2,CHI08,R,1,CHN,NY1,1,0,1,0,1,30,29,0,4,5,1,0,0,0,0,,0,0,5,0,0,1,0,0,1,0,3,1,1,0,0,0,1,0,1,0,27,34,33,3,3,8,10,2,0,0,0,0,0,4,0,0,0,1,0,0,0,1,0,11,11,,,1,27,39,27,12,0,0,0,0
CHN190908122,box,1909-08-12,2,CHI08,R,1,CHN,NY1,1,0,1,0,1,,29,0,4,5,1,0,0,,0,,0,0,5,0,0,1,0,0,1,0,3,1,1,0,0,0,1,0,1,0,27,34,33,3,3,8,10,2,0,0,0,0,0,4,0,0,0,1,0,0,0,0,0,0,0,,,1,27,39,27,12,0,0,0,0
CHN190908130,evt,1909-08-13,0,CHI08,R,1,CHN,NY1,1,0,1,0,1,36,32,2,7,12,2,0,1,0,2,,3,0,2,1,0,1,0,0,0,0,7,1,1,0,0,0,1,0,1,0,27,38,36,6,6,12,14,2,0,0,0,1,0,6,0,0,1,0,0,0,0,5,3,8,10,,,1,27,38,27,9,2,0,0,0
CHN190908130,box,1909-08-13,0,CHI08,R,1,CHN,NY1,1,0,1,0,1,,32,2,7,12,2,0,1,,2,,3,0,2,1,0,1,0,0,0,0,7,1,1,0,0,0,1,0,1,0,27,38,36,6,6,12,14,2,0,0,0,1,0,6,0,0,1,0,0,0,0,0,0,0,0,,,1,27,38,27,9,2,0,0,0
CHN190908140,evt,1909-08-14,0,CHI08,R,1,CHN,NY1,1,0,1,0,1,36,32,2,7,9,2,0,0,0,2,,3,0,3,0,0,1,0,0,1,0,7,1,1,0,0,0,1,0,1,0,27,38,30,5,4,6,6,0,0,0,0,4,0,2,0,1,2,1,0,1,0,2,1,8,13,,,1,27,39,27,10,2,0,0,0
CHN190908140,box,1909-08-14,0,CHI08,R,1,CHN,NY1,1,0,1,0,1,,32,2,7,9,2,0,0,,2,,3,0,3,0,0,1,0,0,1,0,7,1,1,0,0,0,1,0,1,0,27,38,30,5,4,6,6,0,0,0,0,4,0,2,0,1,2,1,0,1,0,0,0,0,0,,,1,27,39,27,10,2,0,0,0
CHN190908150,evt,1909-08-15,0,CHI08,R,1,CHN,NY1,1,1,0,0,1,40,37,9,11,12,1,0,0,0,9,,3,0,4,0,0,0,0,0,0,0,7,1,1,1,1,0,0,1,0,0,27,30,30,0,0,4,4,0,0,0,0,0,0,4,0,0,0,0,0,0,0,0,0,7,15,,,1,27,35,27,8,0,0,0,0
CHN190908150,box,1909-08-15,0,CHI08,R,1,CHN,NY1,1,1,0,0,1,,37,9,11,12,1,0,0,,9,,3,0,4,0,0,0,0,0,0,0,7,1,1,1,1,0,0,1,0,0,27,30,30,0,0,4,4,0,0,0,0,0,0,4,0,0,0,0,0,0,0,0,0,0,0,,,1,27,35,27,8,0,0,0,0
CHN190908170,evt,1909-08-17,0,CHI08,R,1,CHN,CIN,1,1,0,0,1,32,29,2,5,6,1,0,0,0,1,,1,0,0,0,1,1,0,1,0,0,6,1,1,1,1,0,0,1,0,0,27,32,29,0,0,4,5,1,0,0,0,2,0,9,0,0,1,0,0,0,0,0,0,6,10,,,1,27,34,27,7,0,1,0,0
CHN190908170,box,1909-08-17,0,CHI08,R,1,CHN,CIN,1,1,0,0,1,,29,2,5,6,1,0,0,,1,,1,0,0,0,1,1,0,1,0,0,6,1,1,1,1,0,0,1,0,0,27,32,29,0,0,4,5,1,0,0,0,2,0,9,0,0,1,0,0,0,0,0,0,0,0,,,1,27,34,27,7,0,1,0,0
CHN190908180,evt,1909-08-18,0,CHI08,R,1,CHN,CIN,1,1,0,0,1,32,27,1,3,4,1,0,0,0,0,,4,1,7,1,0,1,0,1,1,0,5,1,1,1,1,0,0,1,0,0,27,33,29,0,0,6,9,3,0,0,0,2,0,4,0,0,2,0,0,0,0,0,0,11,8,,,1,27,41,27,14,0,1,0,0
CHN190908180,box,1909-08-18,0,CHI08,R,1,CHN,CIN,1,1,0,0,1,,27,1,3,4,1,0,0,,0,,4,1,7,1,0,1,0,1,1,0,5,1,1,1,1,0,0,1,0,0,27,33,29,0,0,6,9,3,0,0,0,2,0,4,0,0,2,0,0,0,0,0,0,0,0,,,1,27,41,27,14,0,1,0,0
BSN190908200,evt,1909-08-20,0,BOS05,R,0,CHN,BSN,1,1,0,0,1,39,31,5,8,12,2,1,0,0,4,,4,0,3,0,1,2,1,1,2,0,7,1,1,1,0,0,0,1,0,0,27,32,30,3,3,7,10,0,0,1,0,1,0,3,1,0,1,0,0,1,0,0,0,5,14,,,1,27,37,27,9,1,3,0,0
BSN190908200,box,1909-08-20,0,BOS05,R,0,CHN,BSN,1,1,0,0,1,,31,5,8,12,2,1,0,,4,,4,0,3,0,1,2,1,1,2,0,7,1,1,1,0,0,0,1,0,0,27,32,30,3,3,7,10,0,0,1,0,1,0,3,1,0,1,0,0,1,0,0,0,0,0,,,1,27,37,27,9,1,3,0,0
BSN190908211,evt,1909-08-21,1,BOS05,R,0,CHN,BSN,1,1,0,0,1,39,34,8,11,13,2,0,0,0,7,,1,0,3,1,2,2,0,1,1,0,4,1,1,1,0,0,0,1,0,0,27,34,31,3,2,6,6,0,0,0,0,2,0,5,1,0,1,0,0,2,0,0,0,12,7,,,1,27,45,27,15,3,1,0,0
BSN190908211,box,1909-08-21,1,BOS05,R,0,CHN,BSN,1,1,0,0,1,,34,8,11,13,2,0,0,,7,,1,0,3,1,2,2,0,1,1,0,4,1,1,1,0,0,0,1,0,0,27,34,31,3,2,6,6,0,0,0,0,2,0,5,1,0,1,0,0,2,0,0,0,0,0,,,1,27,45,27,15,3,1,0,0
BSN190908212,evt,1909-08-21,2,BOS05,R,0,CHN,BSN,1,1,0,0,1,35,32,3,6,6,0,0,0,0,3,,2,0,2,0,0,1,0,0,1,0,5,1,1,1,0,0,0,1,0,0,27,36,32,2,0,5,7,0,1,0,0,2,0,6,0,0,1,1,0,0,0,0,0,12,8,,,1,27,44,27,15,2,0,0,0
BSN190908212,box,1909-08-21,2,BOS05,R,0,CHN,BSN,1,1,0,0,1,,32,3,6,6,0,0,0,,3,,2,0,2,0,0,1,0,0,1,0,5,1,1,1,0,0,0,1,0,0,27,36,32,2,0,5,7,0,1,0,0,2,0,6,0,0,1,1,0,0,0,0,0,0,0,,,1,27,43,27,14,2,0,0,0
BSN190908230,evt,1909-08-23,0,BOS05,R,0,CHN,BSN,1,1,0,0,1,46,38,11,13,14,1,0,0,0,8,,6,0,5,1,0,2,0,5,0,0,8,1,1,0,0,0,1,1,0,1,27,45,41,6,2,11,14,3,0,0,0,3,0,1,1,1,0,0,0,0,0,3,1,18,7,,,1,27,50,27,19,4,1,0,0
BSN190908230,box,1909-08-23,0,BOS05,R,0,CHN,BSN,1,1,0,0,1,,38,11,13,14,1,0,0,,8,,6,0,5,1,0,2,0,5,0,0,8,1,1,0,0,0,1,1,0,1,27,45,41,6,2,11,14,3,0,0,0,3,0,1,1,1,0,0,0,0,0,0,0,0,0,,,1,27,49,27,18,4,1,0,0
PHI190908240,evt,1909-08-24,0,PHI09,R,0,CHN,PHI,1,1,0,0,1,29,26,1,5,7,0,1,0,0,1,,2,0,3,0,0,1,0,0,3,0,1,1,1,1,1,0,0,1,0,0,27,34,33,0,0,7,8,1,0,0,0,1,0,7,0,0,0,0,0,1,0,0,0,6,12,,,1,27,37,27,8,2,0,0,0
PHI190908240,box,1909-08-24,0,PHI09,R,0,CHN,PHI,1,1,0,0,1,,26,1,5,7,0,1,0,,1,,2,0,3,0,0,1,0,0,3,0,1,1,1,1,1,0,0,1,0,0,27,34,33,0,0,7,8,1,0,0,0,1,0,7,0,0,0,0,0,1,0,0,0,0,0,,,1,27,37,27,8,2,0,0,0
PHI190908250,evt,1909-08-25,0,PHI09,R,0,CHN,PHI,1,0,1,0,1,34,32,2,7,11,2,1,0,0,1,,1,0,1,0,0,1,0,0,1,0,5,1,1,1,0,0,0,0,1,0,24,32,30,4,2,6,7,1,0,0,0,1,0,5,0,0,1,0,0,0,0,0,0,9,7,,,1,24,39,24,12,3,0,0,0
PHI190908250,box,1909-08-25,0,PHI09,R,0,CHN,PHI,1,0,1,0,1,,32,2,7,11,2,1,0,,1,,1,0,1,0,0,1,0,0,1,0,5,1,1,1,0,0,0,0,1,0,24,32,30,4,2,6,7,1,0,0,0,1,0,5,0,0,1,0,0,0,0,0,0,0,0,,,1,24,39,24,12,3,0,0,0
PHI190908260,evt,1909-08-26,0,PHI09,R,0,CHN,PHI,1,0,1,0,1,42,36,7,11,14,1,1,0,0,6,,4,0,4,2,0,1,1,1,1,0,5,1,1,1,0,0,0,0,1,0,28,46,44,8,6,17,22,3,1,0,0,1,0,4,1,0,1,0,0,0,0,0,0,11,11,,,1,28,45,28,15,2,1,0,0
PHI190908260,box,1909-08-26,0,PHI09,R,0,CHN,PHI,1,0,1,0,1,,36,7,11,14,1,1,0,,6,,4,0,4,2,0,1,1,1,1,0,5,1,1,1,0,0,0,0,1,0,28,46,44,8,6,17,22,3,1,0,0,1,0,4,1,0,1,0,0,0,0,0,0,0,0,,,1,28,45,28,15,2,1,0,0
NY1190908270,evt,1909-08-27,0,NYC10,R,0,CHN,NY1,1,1,0,0,1,40,37,8,10,21,3,1,2,0,7,,2,0,4,0,1,0,0,0,1,0,5,1,1,0,0,0,1,1,0,0,27,40,39,6,0,12,16,0,2,0,0,1,0,7,0,0,0,0,0,0,0,0,0,10,8,,,1,27,42,27,11,4,0,0,0
NY1190908270,box,1909-08-27,0,NYC10,R,0,CHN,NY1,1,1,0,0,1,,37,8,10,21,3,1,2,,7,,2,0,4,0,1,0,0,0,1,0,5,1,1,0,0,0,1,1,0,0,27,40,39,6,0,12,16,0,2,0,0,1,0,7,0,0,0,0,0,0,0,0,0,0,0,,,1,27,42,27,11,4,0,0,0
NY1190908280,evt,1909-08-28,0,NYC10,R,0,CHN,NY1,1,1,0,0,1,37,32,6,6,6,0,0,0,0,6,,2,0,9,0,0,1,2,0,1,0,4,1,1,1,0,0,0,1,0,0,27,36,35,1,0,7,7,0,0,0,0,1,0,3,0,0,0,0,0,0,0,0,0,13,10,,,1,27,45,27,15,3,0,0,0
NY1190908280,box,1909-08-28,0,NYC10,R,0,CHN,NY1,1,1,0,0,1,,32,6,6,6,0,0,0,,6,,2,0,9,0,0,1,2,0,1,0,4,1,1,1,0,0,0,1,0,0,27,36,35,1,0,7,7,0,0,0,0,1,0,3,0,0,0,0,0,0,0,0,0,0,0,,,1,27,45,27,15,3,0,0,0
NY1190908301,evt,1909-08-30,1,NYC10,R,0,CHN,NY1,1,1,0,0,1,42,36,2,6,11,3,1,0,0,2,,3,0,7,0,0,2,1,0,1,0,7,1,1,1,1,0,0,1,0,0,33,40,36,0,0,6,8,2,0,0,0,3,0,3,0,1,0,0,0,0,1,0,0,10,16,,,1,33,46,33,12,1,1,0,0
NY1190908301,box,1909-08-30,1,NYC10,R,0,CHN,NY1,1,1,0,0,1,,36,2,6,11,3,1,0,,2,,3,0,7,0,0,2,1,0,1,0,7,1,1,1,1,0,0,1,0,0,33,40,36,0,0,6,8,2,0,0,0,3,0,3,0,1,0,0,0,0,1,0,0,0,0,,,1,33,46,33,12,1,1,0,0
NY1190908302,evt,1909-08-30,2,NYC10,R,0,CHN,NY1,1,0,1,0,1,32,30,0,5,6,1,0,0,0,0,,0,0,2,1,0,2,0,0,0,0,5,1,1,1,0,0,0,0,1,0,24,33,29,5,2,5,6,1,0,0,0,3,0,5,0,1,0,0,0,1,0,0,0,13,3,,,1,24,40,24,14,2,0,0,0
NY1190908302,box,1909-08-30,2,NYC10,R,0,CHN,NY1,1,0,1,0,1,,30,0,5,6,1,0,0,,0,,0,0,2,1,0,2,0,0,0,0,5,1,1,1,0,0,0,0,1,0,24,33,29,5,2,5,6,1,0,0,0,3,0,5,0,1,0,0,0,1,0,0,0,0,0,,,1,24,40,24,14,2,0,0,0
NY1190908310,evt,1909-08-31,0,NYC10,R,0,CHN,NY1,1,1,0,0,1,35,29,2,5,6,1,0,0,0,1,,4,0,2,1,0,2,0,1,1,0,6,1,1,1,1,0,0,1,0,0,27,31,30,0,0,5,5,0,0,0,0,1,0,3,0,0,0,0,0,0,0,0,0,12,9,,,1,27,42,27,15,0,1,0,0
NY1190908310,box,1909-08-31,0,NYC10,R,0,CHN,NY1,1,1,0,0,1,,29,2,5,6,1,0,0,,1,,4,0,2,1,0,2,0,1,1,0,6,1,1,1,1,0,0,1,0,0,27,31,30,0,0,5,5,0,0,0,0,1,0,3,0,0,0,0,0,0,0,0,0,0,0,,,1,27,42,27,15,0,1,0,0
BRO190909010,evt,1909-09-01,0,NYC12,R,0,CHN,BRO,1,1,0,0,1,46,36,12,16,18,2,0,0,0,11,,5,0,2,0,0,3,2,2,2,0,7,1,1,1,1,0,0,1,0,0,27,29,28,0,0,2,2,0,0,0,0,1,0,5,0,0,0,0,0,0,0,0,0,13,8,,,1,27,41,27,13,1,0,0,0
BRO190909010,box,1909-09-01,0,NYC12,R,0,CHN,BRO,1,1,0,0,1,,36,12,16,18,2,0,0,,11,,5,0,2,0,0,3,2,2,2,0,7,1,1,1,1,0,0,1,0,0,27,29,28,0,0,2,2,0,0,0,0,1,0,5,0,0,0,0,0,0,0,0,0,0,0,,,1,27,41,27,13,1,0,0,0
BRO190909020,evt,1909-09-02,0,NYC12,R,0,CHN,BRO,1,0,1,0,1,33,30,1,4,6,2,0,0,0,1,,2,0,6,0,0,0,1,2,1,0,5,1,1,0,0,0,1,0,1,0,24,34,30,3,3,10,14,2,1,0,0,3,0,4,0,0,1,0,0,0,0,0,0,10,5,,,1,24,40,24,15,1,0,0,0
BRO190909020,box,1909-09-02,0,NYC12,R,0,CHN,BRO,1,0,1,0,1,,30,1,4,6,2,0,0,,1,,2,0,6,0,0,0,1,2,1,0,5,1,1,0,0,0,1,0,1,0,24,34,30,3,3,10,14,2,1,0,0,3,0,4,0,0,1,0,0,0,0,0,0,0,0,,,1,24,40,24,15,1,0,0,0
BRO190909030,evt,1909-09-03,0,NYC12,R,0,CHN,BRO,1,1,0,0,1,42,30,10,9,12,1,1,0,0,9,,7,0,5,1,2,1,2,3,1,0,5,1,1,0,0,0,1,1,0,1,27,37,34,4,3,9,9,0,0,0,0,1,0,5,0,0,2,0,0,0,0,2,0,11,8,,,1,27,46,27,16,3,0,0,0
BRO190909030,box,1909-09-03,0,NYC12,R,0,CHN,BRO,1,1,0,0,1,,30,10,9,12,1,1,0,,9,,7,0,5,1,2,1,2,3,1,0,5,1,1,0,0,0,1,1,0,1,27,37,34,4,3,9,9,0,0,0,0,1,0,5,0,0,2,0,0,0,0,0,0,0,0,,,1,27,46,27,16,3,0,0,0
CIN190909040,evt,1909-09-04,0,CIN06,R,0,CHN,CIN,1,1,0,0,1,39,33,3,10,14,2,1,0,0,3,,2,0,0,0,0,4,0,1,0,0,9,1,1,1,1,0,0,1,0,0,27,30,28,0,0,2,2,0,0,0,0,0,0,7,0,1,1,0,0,0,0,0,0,10,8,,,1,27,39,27,12,0,0,0,0
CIN190909040,box,1909-09-04,0,CIN06,R,0,CHN,CIN,1,1,0,0,1,,33,3,10,14,2,1,0,,3,,2,0,0,0,0,4,0,1,0,0,9,1,1,1,1,0,0,1,0,0,27,30,28,0,0,2,2,0,0,0,0,0,0,7,0,1,1,0,0,0,0,0,0,0,0,,,1,27,39,27,12,0,0,0,0
CHN190909050,evt,1909-09-05,0,CHI08,R,1,CHN,PIT,1,0,1,0,1,37,32,1,6,7,1,0,0,0,1,,3,0,7,0,0,1,1,1,5,0,3,1,1,1,0,0,0,0,1,0,33,45,42,5,3,10,13,3,0,0,0,1,0,6,1,0,2,0,0,1,0,0,0,7,14,,,1,33,48,33,12,3,2,0,0
CHN190909050,box,1909-09-05,0,CHI08,R,1,CHN,PIT,1,0,1,0,1,,32,1,6,7,1,0,0,,1,,3,0,7,0,0,1,1,1,5,0,3,1,1,1,0,0,0,0,1,0,33,45,42,5,3,10,13,3,0,0,0,1,0,6,1,0,2,0,0,1,0,0,0,0,0,,,1,33,48,33,12,3,2,0,0
PIT190909061,evt,1909-09-06,1,PIT06,R,0,CHN,PIT,1,1,0,0,1,41,37,3,10,13,3,0,0,0,3,,3,0,12,0,0,1,0,0,2,0,8,1,1,1,0,0,0,1,0,0,30,40,35,1,1,9,10,1,0,0,0,3,0,6,0,0,2,0,0,0,0,0,0,8,12,,,1,30,41,30,11,0,1,0,1
PIT190909061,box,1909-09-06,1,PIT06,R,0,CHN,PIT,1,1,0,0,1,,37,3,10,13,3,0,0,,3,,3,0,12,0,0,1,0,0,2,0,8,1,1,1,0,0,0,1,0,0,30,40,35,1,1,9,10,1,0,0,0,3,0,6,0,0,2,0,0,0,0,0,0,0,0,,,1,30,41,30,11,0,1,0,1
PIT190909062,evt,1909-09-06,2,PIT06,R,0,CHN,PIT,1,1,0,0,1,35,32,6,11,19,5,0,1,0,5,,1,0,4,1,0,1,1,0,1,0,2,1,1,1,0,0,0,1,0,0,27,37,33,3,3,8,12,4,0,0,0,3,0,7,0,0,1,0,0,0,0,0,0,4,14,,,1,27,32,27,5,0,0,0,0
PIT190909062,box,1909-09-06,2,PIT06,R,0,CHN,PIT,1,1,0,0,1,,32,6,11,19,5,0,1,,5,,1,0,4,1,0,1,1,0,1,0,2,1,1,1,0,0,0,1,0,0,27,37,33,3,3,8,12,4,0,0,0,3,0,7,0,0,1,0,0,0,0,0,0,0,0,,,1,27,32,27,5,0,0,0,0
PIT190909070,evt,1909-09-07,0,PIT06,R,0,CHN,PIT,1,0,1,0,1,32,32,2,5,9,0,2,0,0,1,,0,0,1,1,0,0,0,0,0,0,3,1,1,0,0,0,1,0,1,0,24,38,34,6,5,12,21,4,1,1,0,2,0,2,0,0,2,0,0,0,0,0,0,9,10,,,1,24,38,24,12,2,0,0,0
PIT190909070,box,1909-09-07,0,PIT06,R,0,CHN,PIT,1,0,1,0,1,,32,2,5,9,0,2,0,,1,,0,0,1,1,0,0,0,0,0,0,3,1,1,0,0,0,1,0,1,0,24,38,34,6,5,12,21,4,1,1,0,2,0,2,0,0,2,0,0,0,0,0,0,0,0,,,1,24,38,24,12,2,0,0,0
PIT190909080,evt,1909-09-08,0,PIT06,R,0,CHN,PIT,1,1,0,0,1,37,35,4,7,8,1,0,0,0,3,,1,0,7,0,1,0,0,0,1,0,6,1,1,1,0,0,0,1,0,0,27,36,29,2,2,4,5,1,0,0,0,3,0,4,0,2,2,0,0,0,0,0,0,8,13,,,1,27,34,27,7,0,0,0,1
PIT190909080,box,1909-09-08,0,PIT06,R,0,CHN,PIT,1,1,0,0,1,,35,4,7,8,1,0,0,,3,,1,0,7,0,1,0,0,0,1,0,6,1,1,1,0,0,0,1,0,0,27,36,29,2,2,4,5,1,0,0,0,3,0,4,0,2,2,0,0,0,0,0,0,0,0,,,1,27,34,27,7,0,0,0,1
CHN190909090,evt,1909-09-09,0,CHI08,R,1,CHN,SLN,1,1,0,0,1,33,28,2,10,13,3,0,0,0,2,,2,0,1,0,0,3,0,2,1,0,7,1,1,1,0,0,0,1,0,0,27,34,33,1,1,7,7,0,0,0,0,0,0,5,1,1,0,0,0,0,0,0,0,9,12,,,1,27,37,27,10,0,1,0,0
CHN190909090,box,1909-09-09,0,CHI08,R,1,CHN,SLN,1,1,0,0,1,,28,2,10,13,3,0,0,,2,,2,0,1,0,0,3,0,2,1,0,7,1,1,1,0,0,0,1,0,0,27,34,33,1,1,7,7,0,0,0,0,0,0,5,1,1,0,0,0,0,0,0,0,0,0,,,1,27,37,27,10,0,1,0,0
CHN190909101,evt,1909-09-10,1,CHI08,R,1,CHN,SLN,1,1,0,0,1,32,28,3,5,7,2,0,0,0,2,,2,0,4,0,0,2,0,0,0,0,5,1,1,1,0,0,0,1,0,0,27,35,31,1,1,5,7,2,0,0,0,4,0,3,0,0,0,0,0,2,0,0,0,15,7,,,1,27,48,27,18,3,0,0,0
CHN190909101,box,1909-09-10,1,CHI08,R,1,CHN,SLN,1,1,0,0,1,,28,3,5,7,2,0,0,,2,,2,0,4,0,0,2,0,0,0,0,5,1,1,1,0,0,0,1,0,0,27,35,31,1,1,5,7,2,0,0,0,4,0,3,0,0,0,0,0,2,0,0,0,0,0,,,1,27,48,27,18,3,0,0,0
CHN190909102,evt,1909-09-10,2,CHI08,R,1,CHN,SLN,1,1,0,0,1,35,31,9,12,16,1,0,1,0,7,,3,0,2,1,0,1,0,6,1,0,2,1,1,1,0,0,0,1,0,0,27,36,32,3,2,5,8,1,1,0,0,3,0,4,1,1,0,0,0,0,0,0,0,10,12,,,1,27,39,27,11,1,1,0,0
CHN190909102,box,1909-09-10,2,CHI08,R,1,CHN,SLN,1,1,0,0,1,,31,9,12,16,1,0,1,,7,,3,0,2,1,0,1,0,6,1,0,2,1,1,1,0,0,0,1,0,0,27,36,32,3,2,5,8,1,1,0,0,3,0,4,1,1,0,0,0,0,0,0,0,0,0,,,1,27,39,27,11,1,1,0,0
CHN190909110,evt,1909-09-11,0,CHI08,R,1,CHN,SLN,1,1,0,0,1,41,37,10,15,19,4,0,0,0,9,,2,0,0,0,0,2,0,3,0,0,7,1,1,0,0,0,1,1,0,0,27,39,37,4,4,13,13,0,0,0,0,1,0,5,1,0,0,1,0,0,0,0,0,10,10,,,1,27,41,27,12,2,1,0,0
CHN190909110,box,1909-09-11,0,CHI08,R,1,CHN,SLN,1,1,0,0,1,,37,10,15,19,4,0,0,,9,,2,0,0,0,0,2,0,3,0,0,7,1,1,0,0,0,1,1,0,0,27,39,37,4,4,13,13,0,0,0,0,1,0,5,1,0,0,1,0,0,0,0,0,0,0,,,1,27,41,27,12,2,1,0,0
CIN190909120,evt,1909-09-12,0,CIN06,R,0,CHN,CIN,1,1,0,0,1,41,34,5,11,13,2,0,0,0,4,,6,0,3,1,0,1,0,1,1,0,9,1,1,1,1,0,0,1,0,0,27,36,36,0,0,10,11,1,0,0,0,0,0,7,0,0,0,0,0,1,0,0,0,8,11,,,1,27,37,27,9,1,0,0,0
CIN190909120,box,1909-09-12,0,CIN06,R,0,CHN,CIN,1,1,0,0,1,,34,5,11,13,2,0,0,,4,,6,0,3,1,0,1,0,1,1,0,9,1,1,1,1,0,0,1,0,0,27,36,36,0,0,10,11,1,0,0,0,0,0,7,0,0,0,0,0,1,0,0,0,0,0,,,1,27,37,27,9,1,0,0,0
CIN190909130,evt,1909-09-13,0,CIN06,R,0,CHN,CIN,1,0,1,0,1,36,31,1,6,7,1,0,0,0,1,,4,0,4,0,0,1,0,0,2,0,8,1,1,1,0,0,0,0,1,0,24,36,32,3,2,9,11,2,0,0,0,3,0,4,0,0,1,0,0,0,0,0,0,10,7,,,1,24,43,24,14,5,1,0,0
CIN190909130,box,1909-09-13,0,CIN06,R,0,CHN,CIN,1,0,1,0,1,,31,1,6,7,1,0,0,,1,,4,0,4,0,0,1,0,0,2,0,8,1,1,1,0,0,0,0,1,0,24,36,32,3,2,9,11,2,0,0,0,3,0,4,0,0,1,0,0,0,0,0,0,0,0,,,1,24,43,24,14,5,1,0,0
CIN190909140,evt,1909-09-14,0,CIN06,R,0,CHN,CIN,1,1,0,0,1,33,30,4,6,10,0,2,0,0,4,,1,0,3,0,1,1,0,0,2,0,2,1,1,1,1,0,0,1,0,0,27,27,27,0,0,1,1,0,0,0,0,0,0,5,1,0,0,0,0,0,0,0,0,13,8,,,1,27,41,27,14,0,1,0,0
CIN190909140,box,1909-09-14,0,CIN06,R,0,CHN,CIN,1,1,0,0,1,,30,4,6,10,0,2,0,,4,,1,0,3,0,1,1,0,0,2,0,2,1,1,1,1,0,0,1,0,0,27,27,27,0,0,1,1,0,0,0,0,0,0,5,1,0,0,0,0,0,0,0,0,0,0,,,1,27,41,27,14,0,1,0,0
CHN190909160,evt,1909-09-16,0,CHI08,R,1,CHN,NY1,1,0,1,0,1,33,33,1,7,8,1,0,0,0,1,,0,0,4,1,0,0,0,2,1,0,5,1,1,1,0,0,0,0,1,0,27,33,32,2,2,7,8,1,0,0,0,0,0,2,0,0,1,0,0,0,0,0,0,11,10,,,1,27,42,27,14,1,0,0,0
CHN190909160,box,1909-09-16,0,CHI08,R,1,CHN,NY1,1,0,1,0,1,,33,1,7,8,1,0,0,,1,,0,0,4,1,0,0,0,2,1,0,5,1,1,1,0,0,0,0,1,0,27,33,32,2,2,7,8,1,0,0,0,0,0,2,0,0,1,0,0,0,0,0,0,0,0,,,1,27,42,27,14,1,0,0,0
CHN190909170,evt,1909-09-17,0,CHI08,R,1,CHN,NY1,1,0,1,0,1,34,32,1,6,6,0,0,0,0,1,,0,0,3,1,1,0,1,0,0,0,6,1,1,0,0,0,1,0,1,0,27,35,34,4,3,8,10,2,0,0,0,1,0,3,1,0,0,0,0,0,0,0,0,15,6,,,1,27,46,27,18,1,1,0,0
CHN190909170,box,1909-09-17,0,CHI08,R,1,CHN,NY1,1,0,1,0,1,,32,1,6,6,0,0,0,,1,,0,0,3,1,1,0,1,0,0,0,6,1,1,0,0,0,1,0,1,0,27,35,34,4,3,8,10,2,0,0,0,1,0,3,1,0,0,0,0,0,0,0,0,0,0,,,1,27,46,27,18,1,1,0,0
CHN190909180,evt,1909-09-18,0,CHI08,R,1,CHN,NY1,1,0,1,0,1,31,30,0,3,3,0,0,0,0,0,,0,0,4,1,0,1,0,1,0,0,4,1,1,1,0,0,0,0,1,0,27,36,34,2,2,8,9,1,0,0,0,2,0,6,0,0,0,0,0,0,0,0,0,10,9,,,1,27,39,27,12,0,1,0,0
CHN190909180,box,1909-09-18,0,CHI08,R,1,CHN,NY1,1,0,1,0,1,,30,0,3,3,0,0,0,,0,,0,0,4,1,0,1,0,1,0,0,4,1,1,1,0,0,0,0,1,0,27,36,34,2,2,8,9,1,0,0,0,2,0,6,0,0,0,0,0,0,0,0,0,0,0,,,1,27,39,27,12,0,1,0,0
CHN190909190,evt,1909-09-19,0,CHI08,R,1,CHN,NY1,1,0,0,1,1,54,45,4,11,13,2,0,0,0,4,,4,0,8,0,1,3,1,8,1,0,8,1,1,0,0,0,1,0,0,0,42,57,52,4,4,13,15,0,1,0,0,3,0,6,0,0,1,1,0,1,0,0,0,30,3,,,1,42,23,15,4,4,0,0,1
CHN190909190,box,1909-09-19,0,CHI08,R,1,CHN,NY1,1,0,0,1,1,,45,4,11,13,2,0,0,,4,,4,0,8,0,1,3,1,8,1,0,8,1,1,0,0,0,1,0,0,0,42,57,52,4,4,13,15,0,1,0,0,3,0,6,0,0,1,1,0,1,0,0,0,0,0,,,1,42,65,42,19,4,0,0,1
CHN190909200,evt,1909-09-20,0,CHI08,R,1,CHN,NY1,1,1,0,0,1,34,27,3,5,6,1,0,0,0,3,,3,0,7,0,1,3,0,3,2,0,7,1,1,0,0,0,1,1,0,0,27,34,32,2,1,6,6,0,0,0,0,2,0,1,0,0,0,0,0,0,0,0,0,12,12,,,1,27,42,27,14,1,0,0,0
CHN190909200,box,1909-09-20,0,CHI08,R,1,CHN,NY1,1,1,0,0,1,,27,3,5,6,1,0,0,,3,,3,0,7,0,1,3,0,3,2,0,7,1,1,0,0,0,1,1,0,0,27,34,32,2,1,6,6,0,0,0,0,2,0,1,0,0,0,0,0,0,0,0,0,0,0,,,1,27,42,27,14,1,0,0,0
CHN190909231,evt,1909-09-23,1,CHI08,R,1,CHN,BRO,1,0,1,0,1,40,31,1,4,5,1,0,0,0,1,,7,0,6,0,1,0,1,0,0,0,12,1,1,0,0,0,1,0,1,0,27,38,31,4,4,8,9,1,0,0,0,2,0,3,1,1,3,1,0,0,0,0,0,6,13,,,1,27,36,27,9,0,1,0,0
CHN190909231,box,1909-09-23,1,CHI08,R,1,CHN,BRO,1,0,1,0,1,,31,1,4,5,1,0,0,,1,,7,0,6,0,1,0,1,0,0,0,12,1,1,0,0,0,1,0,1,0,27,38,31,4,4,8,9,1,0,0,0,2,0,3,1,1,3,1,0,0,0,0,0,0,0,,,1,27,37,27,10,0,1,0,0
CHN190909232,evt,1909-09-23,2,CHI08,R,1,CHN,BRO,1,1,0,0,1,34,30,4,8,9,1,0,0,0,2,,1,0,6,0,0,2,1,2,1,0,6,1,1,1,0,0,0,1,0,0,27,42,37,1,0,9,11,2,0,0,0,4,0,9,0,1,0,0,0,1,0,0,0,9,8,,,1,27,39,27,10,2,0,0,0
CHN190909232,box,1909-09-23,2,CHI08,R,1,CHN,BRO,1,1,0,0,1,,30,4,8,9,1,0,0,,2,,1,0,6,0,0,2,1,2,1,0,6,1,1,1,0,0,0,1,0,0,27,42,37,1,0,9,11,2,0,0,0,4,0,9,0,1,0,0,0,1,0,0,0,0,0,,,1,27,39,27,10,2,0,0,0
CHN190909240,evt,1909-09-24,0,CHI08,R,1,CHN,BSN,1,1,0,0,1,40,32,9,11,14,1,1,0,0,5,,4,0,6,0,0,2,2,3,0,0,7,1,1,1,0,0,0,1,0,0,27,38,34,1,0,7,8,1,0,0,0,4,0,3,1,0,0,0,0,0,0,0,0,11,10,,,1,27,45,27,15,3,1,0,0
CHN190909240,box,1909-09-24,0,CHI08,R,1,CHN,BSN,1,1,0,0,1,,32,9,11,14,1,1,0,,5,,4,0,6,0,0,2,2,3,0,0,7,1,1,1,0,0,0,1,0,0,27,38,34,1,0,7,8,1,0,0,0,4,0,3,1,0,0,0,0,0,0,0,0,0,0,,,1,27,44,27,14,3,1,0,0
CHN190909250,evt,1909-09-25,0,CHI08,R,1,CHN,BSN,1,1,0,0,1,33,31,7,8,8,0,0,0,0,3,,1,0,2,0,0,1,0,1,1,0,2,1,1,1,0,0,0,1,0,0,27,41,36,4,2,6,7,1,0,0,0,5,0,2,0,0,0,0,0,0,0,0,0,10,15,,,1,27,40,27,10,3,0,0,0
CHN190909250,box,1909-09-25,0,CHI08,R,1,CHN,BSN,1,1,0,0,1,,31,7,8,8,0,0,0,,3,,1,0,2,0,0,1,0,1,1,0,2,1,1,1,0,0,0,1,0,0,27,41,36,4,2,6,7,1,0,0,0,5,0,2,0,0,0,0,0,0,0,0,0,0,0,,,1,27,39,27,9,3,0,0,0
CHN190909260,evt,1909-09-26,0,CHI08,R,1,CHN,BSN,1,1,0,0,1,38,33,3,10,12,2,0,0,0,2,,2,0,1,1,0,2,1,0,1,0,10,1,1,1,0,0,0,1,0,0,27,36,34,2,1,8,9,1,0,0,0,0,0,4,1,0,1,1,0,0,0,0,0,16,4,,,1,27,24,14,7,3,1,0,0
CHN190909260,box,1909-09-26,0,CHI08,R,1,CHN,BSN,1,1,0,0,1,,33,3,10,12,2,0,0,,2,,2,0,1,1,0,2,1,0,1,0,10,1,1,1,0,0,0,1,0,0,27,36,34,2,1,8,9,1,0,0,0,0,0,4,1,0,1,1,0,0,0,0,0,0,0,,,1,27,41,27,11,3,1,0,0
CHN190909270,evt,1909-09-27,0,CHI08,R,1,CHN,PHI,1,1,0,0,1,35,33,4,8,9,1,0,0,0,4,,2,0,3,0,0,0,0,1,0,0,7,1,1,1,0,0,0,1,0,0,27,31,30,1,0,4,4,0,0,0,0,1,0,7,0,0,0,0,0,0,0,0,0,10,8,,,1,27,40,27,11,2,1,0,0
CHN190909270,box,1909-09-27,0,CHI08,R,1,CHN,PHI,1,1,0,0,1,,33,4,8,9,1,0,0,,4,,2,0,3,0,0,0,0,1,0,0,7,1,1,1,0,0,0,1,0,0,27,31,30,1,0,4,4,0,0,0,0,1,0,7,0,0,0,0,0,0,0,0,0,0,0,,,1,27,40,27,11,2,1,0,0
CHN190909280,evt,1909-09-28,0,CHI08,R,1,CHN,PHI,1,0,1,0,1,35,31,2,7,7,0,0,0,0,2,,4,0,3,2,0,0,0,0,0,0,6,1,1,0,0,0,1,0,1,0,27,36,30,3,3,8,11,1,1,0,0,4,0,3,0,0,1,1,0,0,0,0,0,13,7,,,1,27,43,27,16,0,0,0,0
CHN190909280,box,1909-09-28,0,CHI08,R,1,CHN,PHI,1,0,1,0,1,,31,2,7,7,0,0,0,,2,,4,0,3,2,0,0,0,0,0,0,6,1,1,0,0,0,1,0,1,0,27,36,30,3,3,8,11,1,1,0,0,4,0,3,0,0,1,1,0,0,0,0,0,0,0,,,1,27,43,27,16,0,0,0,0
CHN190909291,evt,1909-09-29,1,CHI08,R,1,CHN,PHI,1,1,0,0,1,35,28,5,8,11,1,1,0,0,4,,3,0,2,0,0,2,2,0,1,0,5,1,1,1,0,0,0,1,0,0,27,37,34,4,3,8,11,1,1,0,0,0,0,2,0,0,1,2,0,0,0,0,0,7,16,,,1,27,40,27,9,4,0,0,0
CHN190909291,box,1909-09-29,1,CHI08,R,1,CHN,PHI,1,1,0,0,1,,28,5,8,11,1,1,0,,4,,3,0,2,0,0,2,2,0,1,0,5,1,1,1,0,0,0,1,0,0,27,37,34,4,3,8,11,1,1,0,0,0,0,2,0,0,1,2,0,0,0,0,0,0,0,,,1,27,40,27,9,4,0,0,0
CHN190909292,evt,1909-09-29,2,CHI08,R,1,CHN,PHI,1,1,0,0,1,34,33,6,8,13,2,0,1,0,5,,1,0,4,0,0,0,0,2,0,0,4,1,1,1,0,0,0,1,0,0,27,34,29,3,2,5,8,3,0,0,0,4,0,2,1,0,1,0,0,1,0,0,0,11,9,,,1,27,45,27,15,3,1,0,0
CHN190909292,box,1909-09-29,2,CHI08,R,1,CHN,PHI,1,1,0,0,1,,33,6,8,13,2,0,1,,5,,1,0,4,0,0,0,0,2,0,0,4,1,1,1,0,0,0,1,0,0,27,34,29,3,2,5,8,3,0,0,0,4,0,2,1,0,1,0,0,1,0,0,0,0,0,,,1,27,45,27,15,3,1,0,0
CHN190910020,evt,1909-10-02,0,CHI08,R,1,CHN,PIT,1,1,0,0,1,30,30,3,6,10,2,1,0,0,2,,0,0,3,0,0,0,0,1,1,0,3,1,1,1,0,0,0,1,0,0,27,33,27,1,1,5,7,2,0,0,0,2,0,4,0,2,2,0,0,0,0,0,0,10,8,,,1,27,40,27,13,0,2,0,0
CHN190910020,box,1909-10-02,0,CHI08,R,1,CHN,PIT,1,1,0,0,1,,30,3,6,10,2,1,0,,2,,0,0,3,0,0,0,0,1,1,0,3,1,1,1,0,0,0,1,0,0,27,33,27,1,1,5,7,2,0,0,0,2,0,4,0,2,2,0,0,0,0,0,0,0,0,,,1,27,40,27,13,0,2,0,0
CHN190910030,evt,1909-10-03,0,CHI08,R,1,CHN,PIT,1,0,1,0,1,33,30,1,4,5,1,0,0,0,0,,2,0,1,0,1,0,0,0,0,0,5,1,1,1,0,0,0,0,1,0,27,36,34,4,3,9,11,2,0,0,0,0,0,4,0,0,1,1,0,1,0,0,0,19,2,,,1,27,13,7,3,3,0,0,0
CHN190910030,box,1909-10-03,0,CHI08,R,1,CHN,PIT,1,0,1,0,1,,30,1,4,5,1,0,0,,0,,2,0,1,0,1,0,0,0,0,0,5,1,1,1,0,0,0,0,1,0,27,36,34,4,3,9,11,2,0,0,0,0,0,4,0,0,1,1,0,1,0,0,0,0,0,,,1,27,45,27,15,3,0,0,0
CHN190910040,evt,1909-10-04,0,CHI08,R,1,CHN,PIT,1,1,0,0,1,39,35,8,11,15,2,1,0,0,7,,1,0,1,0,2,1,0,0,1,0,7,1,1,1,0,0,0,2,0,0,54,68,31,2,0,5,6,1,0,0,0,2,0,4,0,0,1,0,0,0,0,0,0,14,26,,,1,54,39,27,9,3,0,0,0
CHN190910040,box,1909-10-04,0,CHI08,R,1,CHN,PIT,1,1,0,0,1,,35,8,11,15,2,1,0,,7,,1,0,1,0,2,1,0,0,1,0,7,1,1,1,0,0,0,1,0,0,27,34,31,2,0,5,6,1,0,0,0,2,0,4,0,0,1,0,0,0,0,0,0,0,0,,,1,27,39,27,9,3,0,0,0
SLN190910051,evt,1909-10-05,1,STL05,R,0,CHN,SLN,1,1,0,0,1,42,40,6,18,21,1,1,0,0,6,,1,0,2,0,0,1,0,1,2,0,9,1,1,1,0,0,0,1,0,0,27,36,31,1,1,5,6,1,0,0,0,5,0,3,1,0,0,0,0,0,0,0,0,15,6,,,1,27,46,27,18,1,1,0,0
SLN190910051,box,1909-10-05,1,STL05,R,0,CHN,SLN,1,1,0,0,1,,40,6,18,21,1,1,0,,6,,1,0,2,0,0,1,0,1,2,0,9,1,1,1,0,0,0,1,0,0,27,36,31,1,1,5,6,1,0,0,0,5,0,3,1,0,0,0,0,0,0,0,0,0,0,,,1,27,46,27,18,1,1,0,0
SLN190910052,evt,1909-10-05,2,STL05,R,0,CHN,SLN,1,0,1,0,1,32,29,3,5,5,0,0,0,0,2,,2,0,3,0,0,0,1,2,2,0,2,1,1,1,0,0,0,0,1,0,24,33,30,4,2,6,6,0,0,0,0,3,0,2,0,0,0,0,0,0,0,0,0,11,9,,,1,24,41,24,14,3,0,0,0
SLN190910052,box,1909-10-05,2,STL05,R,0,CHN,SLN,1,0,1,0,1,,29,3,5,5,0,0,0,,2,,2,0,3,0,0,0,1,2,2,0,2,1,1,1,0,0,0,0,1,0,24,33,30,4,2,6,6,0,0,0,0,3,0,2,0,0,0,0,0,0,0,0,0,0,0,,,1,24,41,24,14,3,0,0,0
SLN190910061,evt,1909-10-06,1,STL05,R,0,CHN,SLN,1,1,0,0,1,42,37,8,12,18,1,1,1,0,6,,4,0,2,0,0,1,0,2,1,0,7,1,1,1,1,0,0,1,0,0,27,34,31,0,0,6,6,0,0,0,0,3,0,1,1,0,0,0,0,0,0,0,0,10,13,,,1,27,39,27,12,0,1,0,0
SLN190910061,box,1909-10-06,1,STL05,R,0,CHN,SLN,1,1,0,0,1,,37,8,12,18,1,1,1,,6,,4,0,2,0,0,1,0,2,1,0,7,1,1,1,1,0,0,1,0,0,27,34,31,0,0,6,6,0,0,0,0,3,0,1,1,0,0,0,0,0,0,0,0,0,0,,,1,27,39,27,12,0,1,0,0
SLN190910062,evt,1909-10-06,2,STL05,R,0,CHN,SLN,1,1,0,0,1,41,38,5,11,13,0,1,0,0,5,,2,0,1,1,0,1,0,3,1,0,9,1,1,0,0,0,1,1,0,1,27,33,32,1,1,8,8,0,0,0,0,0,0,2,1,0,1,0,0,0,0,0,0,9,12,,,1,27,43,27,15,1,2,0,0
SLN190910062,box,1909-10-06,2,STL05,R,0,CHN,SLN,1,1,0,0,1,,38,5,11,13,0,1,0,,5,,2,0,1,1,0,1,0,3,1,0,9,1,1,0,0,0,1,1,0,1,27,33,32,1,1,8,8,0,0,0,0,0,0,2,1,0,1,0,0,0,0,0,0,0,0,,,1,27,43,27,15,1,2,0,0
CIN190904140,evt,1909-04-14,0,CIN06,R,1,CIN,PIT,1,0,1,0,1,36,34,0,6,7,1,0,0,0,0,,1,0,5,0,0,1,0,1,0,0,9,1,1,1,0,0,0,0,1,0,27,33,28,3,3,4,7,1,1,0,0,3,0,5,0,0,1,1,0,0,0,0,0,10,10,,,1,27,39,27,11,1,0,0,1
CIN190904140,box,1909-04-14,0,CIN06,R,1,CIN,PIT,1,0,1,0,1,,34,0,6,7,1,0,0,,0,,1,0,5,0,0,1,0,1,0,0,9,1,1,1,0,0,0,0,1,0,27,33,28,3,3,4,7,1,1,0,0,3,0,5,0,0,1,1,0,0,0,0,0,0,0,,,1,27,39,27,11,1,0,0,1
CIN190904150,evt,1909-04-15,0,CIN06,R,1,CIN,PIT,1,1,0,0,1,37,29,7,9,16,1,3,0,0,6,,5,0,3,0,1,1,1,1,2,0,6,1,1,1,0,0,0,1,0,0,27,38,34,2,2,7,8,1,0,0,0,3,0,6,0,0,1,0,0,0,0,0,0,13,3,,,1,27,18,11,2,5,0,0,1
CIN190904150,box,1909-04-15,0,CIN06,R,1,CIN,PIT,1,1,0,0,1,,29,7,9,16,1,3,0,,6,,5,0,,0,1,1,1,1,2,0,6,1,1,1,0,0,0,1,0,0,27,38,34,2,2,7,8,1,0,0,0,3,0,,0,0,1,0,0,0,0,0,0,0,0,,,1,27,44,27,12,5,0,0,1
CIN190904160,evt,1909-04-16,0,CIN06,R,1,CIN,PIT,1,1,0,0,1,32,23,4,4,6,0,1,0,0,1,,5,0,2,0,1,3,0,0,1,0,4,1,1,0,0,0,1,1,0,1,27,38,35,3,1,7,11,0,2,0,0,3,1,5,0,0,0,0,0,1,1,1,1,15,5,,,1,27,21,15,4,2,1,0,1
CIN190904160,box,1909-04-16,0,CIN06,R,1,CIN,PIT,1,1,0,0,1,,23,4,4,6,0,1,0,,1,,5,0,,0,1,3,0,0,1,0,4,1,1,0,0,0,1,1,0,1,27,38,35,3,1,7,11,0,2,0,0,3,1,,0,0,0,0,0,1,1,0,0,0,0,,,1,27,41,27,12,2,1,0,1
CIN190904170,evt,1909-04-17,0,CIN06,R,1,CIN,PIT,1,1,0,0,1,40,34,8,12,19,3,2,0,0,7,,3,0,3,1,1,1,1,0,0,0,8,1,1,0,0,0,1,1,0,0,27,37,33,5,5,6,11,1,2,0,0,3,0,1,0,1,0,0,0,0,0,1,1,20,5,,,1,27,9,7,1,1,0,0,0
CIN190904170,box,1909-04-17,0,CIN06,R,1,CIN,PIT,1,1,0,0,1,,34,8,12,19,3,2,0,,7,,3,0,3,1,1,1,1,0,0,0,8,1,1,0,0,0,1,1,0,0,27,37,33,5,5,6,11,1,2,0,0,3,0,1,0,1,0,0,0,0,0,0,0,0,0,,,1,27,38,27,10,1,0,0,0
CIN190904180,evt,1909-04-18,0,CIN06,R,1,CIN,SLN,1,1,0,0,1,38,32,5,8,10,0,1,0,0,5,,5,0,4,0,0,0,1,1,0,0,9,1,1,1,0,0,0,1,0,0,27,36,29,3,3,3,5,0,1,0,0,5,0,4,2,2,0,0,0,0,0,0,0,16,3,,,1,27,31,19,10,2,2,0,1
CIN190904180,box,1909-04-18,0,CIN06,R,1,CIN,SLN,1,1,0,0,1,,32,5,8,10,0,1,0,,5,,5,0,4,0,0,0,1,1,0,0,9,1,1,1,0,0,0,1,0,0,27,36,29,3,3,3,5,0,1,0,0,5,0,4,2,2,0,0,0,0,0,0,0,0,0,,,1,27,44,27,15,2,2,0,1
CIN190904190,evt,1909-04-19,0,CIN06,R,1,CIN,SLN,1,1,0,0,1,31,23,3,4,7,1,1,0,0,3,,4,0,3,0,0,3,1,1,1,0,4,1,1,1,0,0,0,1,0,0,27,38,34,2,1,7,10,1,1,0,0,2,0,2,0,0,1,1,0,1,0,0,0,17,5,,,1,27,26,15,9,2,0,0,0
CIN190904190,box,1909-04-19,0,CIN06,R,1,CIN,SLN,1,1,0,0,1,,23,3,4,7,1,1,0,,3,,4,0,3,0,0,3,1,1,1,0,4,1,1,1,0,0,0,1,0,0,27,38,34,2,1,7,10,1,1,0,0,2,0,2,0,0,1,1,0,1,0,0,0,0,0,,,1,27,44,27,15,2,0,0,0
CIN190904210,evt,1909-04-21,0,CIN06,R,1,CIN,SLN,1,0,1,0,1,40,37,5,9,11,2,0,0,0,3,,3,0,1,1,0,0,0,0,2,0,8,1,1,0,0,0,1,0,1,0,27,39,28,9,6,7,7,0,0,0,0,8,0,2,0,0,3,0,0,1,0,0,0,15,3,,,1,27,23,14,8,1,1,0,1
CIN190904210,box,1909-04-21,0,CIN06,R,1,CIN,SLN,1,0,1,0,1,,37,5,9,11,2,0,0,,3,,3,0,1,1,0,0,0,0,2,0,8,1,1,0,0,0,1,0,1,0,27,39,28,9,6,7,7,0,0,0,0,8,0,2,0,0,3,0,0,1,0,0,0,0,0,,,1,27,45,27,17,1,1,0,1
PIT190904220,evt,1909-04-22,0,PIT05,R,0,CIN,PIT,1,1,0,0,1,48,43,7,16,20,0,2,0,0,4,,5,0,1,1,0,0,0,2,0,0,14,1,1,1,0,0,0,1,0,0,27,38,34,4,2,9,12,1,1,0,0,2,1,2,0,1,0,1,0,0,0,0,0,11,11,,,1,27,41,27,13,1,2,0,1
PIT190904220,box,1909-04-22,0,PIT05,R,0,CIN,PIT,1,1,0,0,1,,43,7,16,20,0,2,0,,4,,5,0,1,1,0,0,0,2,0,0,14,1,1,1,0,0,0,1,0,0,27,38,34,4,2,9,12,1,1,0,0,2,1,2,0,1,0,1,0,0,0,0,0,0,0,,,1,27,41,27,13,1,2,0,1
PIT190904230,evt,1909-04-23,0,PIT05,R,0,CIN,PIT,1,0,1,0,1,33,29,1,2,2,0,0,0,0,1,,4,0,4,0,0,0,0,0,0,0,5,1,1,0,0,0,1,0,0,0,24,31,24,2,1,3,4,1,0,0,0,2,1,1,1,3,2,0,0,0,0,0,0,8,8,,,1,24,40,24,12,4,2,0,0
PIT190904230,box,1909-04-23,0,PIT05,R,0,CIN,PIT,1,0,1,0,1,,29,1,2,2,0,0,0,,1,,4,0,4,0,0,0,0,0,0,0,5,1,1,0,0,0,1,0,0,0,24,31,24,2,1,3,4,1,0,0,0,2,1,1,1,3,2,0,0,0,0,0,0,0,0,,,1,24,40,24,12,4,2,0,0
PIT190904240,evt,1909-04-24,0,PIT05,R,0,CIN,PIT,1,1,0,0,1,38,32,4,8,12,2,1,0,0,3,,3,0,2,1,0,3,0,3,0,0,7,1,1,1,1,0,0,1,0,0,27,28,28,0,0,2,4,0,1,0,0,0,0,3,1,0,0,0,0,0,0,0,0,12,9,,,1,27,39,27,12,0,1,0,0
PIT190904240,box,1909-04-24,0,PIT05,R,0,CIN,PIT,1,1,0,0,1,,32,4,8,12,2,1,0,,3,,3,0,2,1,0,3,0,3,0,0,7,1,1,1,1,0,0,1,0,0,27,28,28,0,0,2,4,0,1,0,0,0,0,3,1,0,0,0,0,0,0,0,0,0,0,,,1,27,39,27,12,0,1,0,0
CIN190904250,evt,1909-04-25,0,CIN06,R,1,CIN,PIT,1,0,1,0,1,29,29,1,1,3,0,1,0,0,1,,0,0,5,0,0,0,0,0,0,0,1,1,1,1,0,0,0,0,1,0,27,41,33,2,2,8,12,2,1,0,0,6,3,2,0,0,2,0,0,0,0,0,0,14,7,,,1,27,45,27,16,2,1,0,1
CIN190904250,box,1909-04-25,0,CIN06,R,1,CIN,PIT,1,0,1,0,1,,29,1,1,3,0,1,0,,1,,0,0,5,0,0,0,0,0,0,0,1,1,1,1,0,0,0,0,1,0,27,41,33,2,2,8,12,2,1,0,0,6,3,2,0,0,2,0,0,0,0,0,0,0,0,,,1,27,45,27,16,2,1,0,1
CIN190904260,evt,1909-04-26,0,CIN06,R,1,CIN,CHN,1,0,1,0,1,35,34,2,7,7,0,0,0,0,2,,1,0,7,0,0,0,0,2,2,0,6,1,1,0,0,0,1,0,1,0,27,41,34,6,5,10,17,3,2,0,0,5,0,3,0,0,2,0,0,0,0,0,0,8,12,,,1,27,41,27,12,2,0,0,0
CIN190904260,box,1909-04-26,0,CIN06,R,1,CIN,CHN,1,0,1,0,1,,34,2,7,7,0,0,0,,2,,1,0,7,0,0,0,0,2,2,0,6,1,1,0,0,0,1,0,1,0,27,41,34,6,5,10,17,3,2,0,0,5,0,3,0,0,2,0,0,0,0,0,0,0,0,,,1,27,41,27,12,2,0,0,0
CIN190904280,evt,1909-04-28,0,CIN06,R,1,CIN,CHN,1,0,1,0,1,38,29,5,8,10,2,0,0,0,5,,6,0,2,1,0,2,1,0,1,0,6,1,1,1,0,0,0,0,1,0,27,37,36,6,6,10,10,0,0,0,0,1,0,3,1,0,0,0,0,0,0,0,0,10,12,,,1,27,41,27,12,2,1,0,0
CIN190904280,box,1909-04-28,0,CIN06,R,1,CIN,CHN,1,0,1,0,1,,29,5,8,10,2,0,0,,5,,6,0,2,1,0,2,1,0,1,0,6,1,1,1,0,0,0,0,1,0,27,37,36,6,6,10,10,0,0,0,0,1,0,3,1,0,0,0,0,0,0,0,0,0,0,,,1,27,41,27,12,2,1,0,0
CIN190904291,evt,1909-04-29,1,CIN06,R,1,CIN,CHN,1,0,1,0,1,38,37,4,11,14,1,1,0,0,4,,1,0,8,1,0,0,0,2,1,0,7,1,1,0,0,0,1,0,1,0,27,41,34,5,4,8,13,3,1,0,0,4,0,2,0,0,1,2,0,0,0,0,0,8,15,,,1,27,39,27,8,4,0,0,0
CIN190904291,box,1909-04-29,1,CIN06,R,1,CIN,CHN,1,0,1,0,1,,37,4,11,14,1,1,0,,4,,1,0,8,1,0,0,0,2,1,0,7,1,1,0,0,0,1,0,1,0,27,41,34,5,4,8,13,3,1,0,0,4,0,2,0,0,1,2,0,0,0,0,0,0,0,,,1,27,39,27,8,4,0,0,0
CIN190904292,evt,1909-04-29,2,CIN06,R,1,CIN,CHN,1,1,0,0,1,31,28,3,5,6,1,0,0,0,3,,3,0,5,0,0,0,0,0,0,0,4,1,1,1,0,0,0,1,0,0,27,30,28,2,2,5,6,1,0,0,0,1,0,5,0,0,1,0,0,0,0,0,0,7,11,,,1,27,39,27,12,0,1,0,0
CIN190904292,box,1909-04-29,2,CIN06,R,1,CIN,CHN,1,1,0,0,1,,28,3,5,6,1,0,0,,3,,3,0,5,0,0,0,0,0,0,0,4,1,1,1,0,0,0,1,0,0,27,30,28,2,2,5,6,1,0,0,0,1,0,5,0,0,1,0,0,0,0,0,0,0,0,,,1,27,39,27,12,0,1,0,0
SLN190905010,evt,1909-05-01,0,STL05,R,0,CIN,SLN,1,1,0,0,1,44,33,8,8,11,3,0,0,0,8,,8,1,2,0,1,2,0,3,1,0,9,1,1,0,0,0,1,1,0,0,27,44,34,7,6,7,11,2,1,0,0,8,0,0,0,0,1,1,0,1,0,1,0,23,3,,,1,27,19,9,6,4,0,0,0
SLN190905010,box,1909-05-01,0,STL05,R,0,CIN,SLN,1,1,0,0,1,,33,8,8,11,3,0,0,,8,,8,1,,0,1,2,0,3,1,0,9,1,1,0,0,0,1,1,0,0,27,44,34,7,6,7,11,2,1,0,0,8,0,,0,0,1,1,0,1,0,0,0,0,0,,,1,27,46,27,15,4,0,0,0
SLN190905021,evt,1909-05-02,1,STL05,R,0,CIN,SLN,1,0,1,0,1,35,33,4,6,7,1,0,0,0,2,,1,0,1,1,0,1,0,0,0,0,4,1,1,0,0,0,1,0,1,0,25,38,29,5,5,8,9,1,0,0,0,8,0,0,0,0,0,1,0,0,0,3,2,17,2,,,1,25,13,7,5,1,0,0,0
SLN190905021,box,1909-05-02,1,STL05,R,0,CIN,SLN,1,0,1,0,1,,33,4,6,7,1,0,0,,2,,1,0,,1,0,1,0,0,0,0,4,1,1,0,0,0,1,0,1,0,25,38,29,5,5,8,9,1,0,0,0,8,0,,0,0,0,1,0,0,0,0,0,0,0,,,1,25,40,25,14,1,0,0,0
SLN190905022,evt,1909-05-02,2,STL05,R,0,CIN,SLN,1,1,0,0,1,40,35,13,14,19,1,2,0,0,9,,2,0,0,0,1,2,0,4,0,0,6,1,1,0,0,0,1,1,0,0,21,37,33,8,1,12,15,3,0,0,0,3,0,0,1,1,0,0,0,0,0,1,0,19,0,,,1,21,6,2,1,3,1,0,0
SLN190905022,box,1909-05-02,2,STL05,R,0,CIN,SLN,1,1,0,0,1,,35,13,14,19,1,2,0,,9,,2,0,,0,1,2,0,4,0,0,6,1,1,0,0,0,1,1,0,0,21,37,33,8,1,12,15,3,0,0,0,3,0,0,1,1,0,0,0,0,0,0,0,0,0,,,1,21,32,21,8,3,1,0,0
SLN190905030,evt,1909-05-03,0,STL05,R,0,CIN,SLN,1,0,1,0,1,31,28,3,5,8,3,0,0,0,3,,2,0,0,2,0,1,0,1,0,0,1,1,1,0,0,0,1,0,1,0,24,35,33,5,4,11,13,2,0,0,0,2,0,2,1,0,0,0,0,0,0,0,0,15,3,,,1,24,21,12,7,2,1,0,0
SLN190905030,box,1909-05-03,0,STL05,R,0,CIN,SLN,1,0,1,0,1,,28,3,5,8,3,0,0,,3,,2,0,,2,0,1,0,1,0,0,1,1,1,0,0,0,1,0,1,0,24,35,33,5,4,11,13,2,0,0,0,2,0,0,1,0,0,0,0,0,0,0,0,0,0,,,1,24,39,24,13,2,1,0,0
CHN190905050,evt,1909-05-05,0,CHI08,R,0,CIN,CHN,1,0,1,0,1,35,31,2,4,5,1,0,0,0,2,,3,0,4,0,1,0,0,2,1,0,6,1,1,1,0,0,0,0,1,0,24,33,30,5,1,9,12,3,0,0,0,0,0,1,0,0,0,3,0,0,0,0,0,9,12,,,1,24,43,24,14,5,0,0,0
CHN190905050,box,1909-05-05,0,CHI08,R,0,CIN,CHN,1,0,1,0,1,,31,2,4,5,1,0,0,,2,,3,0,4,0,1,0,0,2,1,0,6,1,1,1,0,0,0,0,1,0,24,33,30,5,1,9,12,3,0,0,0,0,0,1,0,0,0,3,0,0,0,0,0,0,0,,,1,24,42,24,13,5,0,0,0
CHN190905060,evt,1909-05-06,0,CHI08,R,0,CIN,CHN,1,0,1,0,1,36,34,2,10,12,2,0,0,0,2,,2,0,4,1,0,0,0,0,1,0,7,1,1,0,0,0,1,0,1,0,24,35,28,4,0,7,7,0,0,0,0,3,0,1,0,1,3,0,0,0,0,0,0,7,12,,,1,24,36,24,10,2,0,0,0
CHN190905060,box,1909-05-06,0,CHI08,R,0,CIN,CHN,1,0,1,0,1,,34,2,10,12,2,0,0,,2,,2,0,4,1,0,0,0,0,1,0,7,1,1,0,0,0,1,0,1,0,24,35,28,4,0,7,7,0,0,0,0,3,0,1,0,1,3,0,0,0,0,0,0,0,0,,,1,24,37,24,11,2,0,0,0
CHN190905070,evt,1909-05-07,0,CHI08,R,0,CIN,CHN,1,0,1,0,1,34,31,0,6,6,0,0,0,0,0,,2,0,5,0,0,1,0,1,1,0,7,1,1,1,0,0,0,0,1,0,24,37,31,5,4,9,10,1,0,0,0,4,0,4,0,0,2,0,0,0,0,0,0,5,10,,,1,24,37,24,10,3,1,0,0
CHN190905070,box,1909-05-07,0,CHI08,R,0,CIN,CHN,1,0,1,0,1,,31,0,6,6,0,0,0,,0,,2,0,5,0,0,1,0,1,1,0,7,1,1,1,0,0,0,0,1,0,24,37,31,5,4,9,10,1,0,0,0,4,0,4,0,0,2,0,0,0,0,0,0,0,0,,,1,24,37,24,10,3,1,0,0
CHN190905080,evt,1909-05-08,0,CHI08,R,0,CIN,CHN,1,0,1,0,1,39,33,3,8,9,1,0,0,0,3,,4,0,2,1,1,1,0,0,1,0,9,1,1,0,0,0,1,0,1,0,24,36,29,6,3,9,12,1,1,0,0,4,0,2,2,0,3,0,0,0,0,0,0,8,8,,,1,24,43,24,16,3,2,0,0
CHN190905080,box,1909-05-08,0,CHI08,R,0,CIN,CHN,1,0,1,0,1,,33,3,8,9,1,0,0,,3,,4,0,2,1,1,1,0,0,1,0,9,1,1,0,0,0,1,0,1,0,24,36,29,6,3,9,12,1,1,0,0,4,0,2,2,0,3,0,0,0,0,0,0,0,0,,,1,24,43,24,16,3,2,0,0
BSN190905110,evt,1909-05-11,0,BOS05,R,0,CIN,BSN,1,1,0,0,1,43,34,10,11,15,4,0,0,0,8,,4,0,3,0,0,4,1,3,2,0,6,1,1,0,0,0,1,1,0,1,27,43,39,8,6,13,16,3,0,0,0,3,0,2,0,1,0,0,0,0,0,1,1,17,6,,,1,27,34,18,13,3,0,0,0
BSN190905110,box,1909-05-11,0,BOS05,R,0,CIN,BSN,1,1,0,0,1,,34,10,11,15,4,0,0,,8,,4,0,3,0,0,4,1,3,2,0,6,1,1,0,0,0,1,1,0,1,27,43,39,8,6,13,16,3,0,0,0,3,0,2,0,1,0,0,0,0,0,0,0,0,0,,,1,27,46,27,16,3,0,0,0
BSN190905120,evt,1909-05-12,0,BOS05,R,0,CIN,BSN,1,1,0,0,1,41,32,6,8,9,1,0,0,0,5,,8,0,3,0,0,0,1,2,1,0,8,1,1,1,0,0,0,1,0,0,27,44,32,2,2,4,4,0,0,0,0,12,0,4,0,0,0,0,0,0,0,0,0,16,6,,,1,27,18,11,1,6,0,0,0
BSN190905120,box,1909-05-12,0,BOS05,R,0,CIN,BSN,1,1,0,0,1,,32,6,8,9,1,0,0,,5,,8,0,3,0,0,0,1,2,1,0,8,1,1,1,0,0,0,1,0,0,27,44,32,2,2,4,4,0,0,0,0,12,0,4,0,0,0,0,0,0,0,0,0,0,0,,,1,27,42,27,9,6,0,0,0
BSN190905130,evt,1909-05-13,0,BOS05,R,0,CIN,BSN,1,0,1,0,1,50,46,2,12,14,2,0,0,0,2,,2,0,2,2,0,1,1,0,1,0,9,1,1,1,0,0,0,0,1,0,38,55,50,3,2,16,20,2,1,0,0,4,0,1,1,1,0,0,0,0,0,0,0,17,12,,,1,38,65,38,22,5,5,0,0
BSN190905130,box,1909-05-13,0,BOS05,R,0,CIN,BSN,1,0,1,0,1,,46,2,12,14,2,0,0,,2,,2,0,0,2,0,1,1,0,1,0,9,1,1,1,0,0,0,0,1,0,38,55,50,3,2,16,20,2,1,0,0,4,0,1,1,1,0,0,0,0,0,0,0,0,0,,,1,38,65,38,22,5,5,0,0
BSN190905140,evt,1909-05-14,0,BOS05,R,0,CIN,BSN,1,1,0,0,1,43,39,7,12,13,1,0,0,0,3,,2,0,3,0,0,2,0,1,0,0,9,1,1,1,0,0,0,1,0,0,27,41,37,4,1,10,13,1,1,0,0,2,0,4,1,1,0,1,0,0,0,0,0,11,11,,,1,27,41,27,10,4,1,0,0
BSN190905140,box,1909-05-14,0,BOS05,R,0,CIN,BSN,1,1,0,0,1,,39,7,12,13,1,0,0,,3,,2,0,3,0,0,2,0,1,0,0,9,1,1,1,0,0,0,1,0,0,27,41,37,4,1,10,13,1,1,0,0,2,0,4,1,1,0,1,0,0,0,0,0,0,0,,,1,27,40,27,9,4,1,0,0
NY1190905150,evt,1909-05-15,0,NYC10,R,0,CIN,NY1,1,1,0,0,1,39,33,5,11,11,0,0,0,0,4,,4,0,2,1,0,2,0,4,2,0,7,1,1,1,0,0,0,1,0,0,27,35,29,4,4,7,9,0,1,0,0,4,0,3,0,0,2,0,0,0,0,0,0,11,8,,,1,27,45,27,18,0,0,0,0
NY1190905150,box,1909-05-15,0,NYC10,R,0,CIN,NY1,1,1,0,0,1,,33,5,11,11,0,0,0,,4,,4,0,2,1,0,2,0,4,2,0,7,1,1,1,0,0,0,1,0,0,27,35,29,4,4,7,9,0,1,0,0,4,0,3,0,0,2,0,0,0,0,0,0,0,0,,,1,27,45,27,18,0,0,0,0
NY1190905170,evt,1909-05-17,0,NYC10,R,0,CIN,NY1,1,0,1,0,1,32,32,0,6,8,0,1,0,0,0,,0,0,5,0,0,0,0,1,1,0,5,1,1,1,0,0,0,0,1,0,24,34,29,6,6,9,14,3,1,0,0,3,0,4,0,0,2,0,0,1,0,0,0,9,5,,,1,24,37,24,13,0,1,0,0
NY1190905170,box,1909-05-17,0,NYC10,R,0,CIN,NY1,1,0,1,0,1,,32,0,6,8,0,1,0,,0,,0,0,5,0,0,0,0,1,1,0,5,1,1,1,0,0,0,0,1,0,24,34,29,6,6,9,14,3,1,0,0,3,0,4,0,0,2,0,0,1,0,0,0,0,0,,,1,24,37,24,13,0,1,0,0
NY1190905180,evt,1909-05-18,0,NYC10,R,0,CIN,NY1,1,1,0,0,1,38,31,4,10,13,1,1,0,0,4,,4,0,3,2,1,2,0,0,1,0,7,1,1,1,0,0,0,1,0,0,27,36,35,2,2,11,12,1,0,0,0,1,0,2,1,0,0,0,0,0,0,0,0,9,13,,,1,27,36,27,9,0,2,0,0
NY1190905180,box,1909-05-18,0,NYC10,R,0,CIN,NY1,1,1,0,0,1,,31,4,10,13,1,1,0,,4,,4,0,3,2,1,2,0,0,1,0,7,1,1,1,0,0,0,1,0,0,27,36,35,2,2,11,12,1,0,0,0,1,0,2,1,0,0,0,0,0,0,0,0,0,0,,,1,27,36,27,9,0,2,0,0
NY1190905190,evt,1909-05-19,0,NYC10,R,0,CIN,NY1,1,0,1,0,1,36,34,3,8,9,1,0,0,0,3,,1,0,3,0,0,1,0,0,0,0,6,1,1,0,0,0,1,0,1,0,24,46,37,18,15,17,28,4,2,1,0,6,0,3,0,1,2,0,0,1,0,0,0,7,7,,,1,24,43,24,14,5,0,0,0
NY1190905190,box,1909-05-19,0,NYC10,R,0,CIN,NY1,1,0,1,0,1,,34,3,8,9,1,0,0,,3,,1,0,3,0,0,1,0,0,0,0,6,1,1,0,0,0,1,0,1,0,24,46,37,18,15,17,28,4,2,1,0,6,0,3,0,1,2,0,0,1,0,0,0,0,0,,,1,24,43,24,14,5,0,0,0
BRO190905200,evt,1909-05-20,0,NYC12,R,0,CIN,BRO,1,0,1,0,1,40,34,2,10,12,2,0,0,0,1,,4,0,2,0,0,2,0,1,1,0,11,1,1,0,0,0,1,0,1,0,24,31,26,3,2,7,9,2,0,0,0,2,0,2,1,0,3,0,0,0,0,0,0,11,6,,,1,24,43,24,16,3,1,0,0
BRO190905200,box,1909-05-20,0,NYC12,R,0,CIN,BRO,1,0,1,0,1,,34,2,10,12,2,0,0,,1,,4,0,2,0,0,2,0,1,1,0,11,1,1,0,0,0,1,0,1,0,24,31,26,3,2,7,9,2,0,0,0,2,0,2,1,0,3,0,0,0,0,0,0,0,0,,,1,24,43,24,16,3,1,0,0
PHI190905240,evt,1909-05-24,0,PHI09,R,0,CIN,PHI,1,1,0,0,1,39,32,5,6,7,1,0,0,0,4,,5,0,3,1,1,1,0,2,1,0,7,1,1,1,0,0,0,1,0,0,27,39,29,1,1,7,9,0,1,0,0,6,0,2,0,0,3,1,0,0,0,0,0,9,11,,,1,27,45,27,17,1,0,0,0
PHI190905240,box,1909-05-24,0,PHI09,R,0,CIN,PHI,1,1,0,0,1,,32,5,6,7,1,0,0,,4,,5,0,3,1,1,1,0,2,1,0,7,1,1,1,0,0,0,1,0,0,27,39,29,1,1,7,9,0,1,0,0,6,0,2,0,0,3,1,0,0,0,0,0,0,0,,,1,27,45,27,17,1,0,0,0
PHI190905250,evt,1909-05-25,0,PHI09,R,0,CIN,PHI,1,1,0,0,1,29,28,1,4,7,0,0,1,0,1,,1,0,6,1,0,0,0,0,4,0,1,1,1,1,1,0,0,1,0,0,27,32,28,0,0,2,2,0,0,0,0,2,0,2,1,0,2,0,0,0,0,0,0,7,14,,,1,27,39,27,10,2,1,0,0
PHI190905250,box,1909-05-25,0,PHI09,R,0,CIN,PHI,1,1,0,0,1,,28,1,4,7,0,0,1,,1,,1,0,6,1,0,0,0,0,4,0,1,1,1,1,1,0,0,1,0,0,27,32,28,0,0,2,2,0,0,0,0,2,0,2,1,0,2,0,0,0,0,0,0,0,0,,,1,27,39,27,10,2,1,0,0
PHI190905260,evt,1909-05-26,0,PHI09,R,0,CIN,PHI,1,0,1,0,1,33,25,2,6,6,0,0,0,0,2,,4,0,2,0,0,4,0,0,4,0,4,1,1,0,0,0,1,0,1,0,24,36,28,5,3,6,7,1,0,0,0,8,0,0,1,0,0,0,0,2,0,0,0,8,13,,,1,24,34,24,7,3,2,0,0
PHI190905260,box,1909-05-26,0,PHI09,R,0,CIN,PHI,1,0,1,0,1,,25,2,6,6,0,0,0,,2,,4,0,2,0,0,4,0,0,4,0,4,1,1,0,0,0,1,0,1,0,24,36,28,5,3,6,7,1,0,0,0,8,0,0,1,0,0,0,0,2,0,0,0,0,0,,,1,24,34,24,7,3,2,0,0
CIN190905291,evt,1909-05-29,1,CIN06,R,1,CIN,SLN,1,0,1,0,1,35,31,2,5,5,0,0,0,0,1,,3,0,4,1,0,1,0,3,1,0,6,1,1,0,0,0,1,0,1,0,27,42,32,4,4,8,10,2,0,0,0,9,0,5,0,0,1,0,0,1,0,0,0,17,1,,,1,27,8,7,1,0,0,0,0
CIN190905291,box,1909-05-29,1,CIN06,R,1,CIN,SLN,1,0,1,0,1,,31,2,5,5,0,0,0,,1,,3,0,4,1,0,1,0,3,1,0,6,1,1,0,0,0,1,0,1,0,27,42,32,4,4,8,10,2,0,0,0,9,0,3,0,0,1,0,0,1,0,0,0,0,0,,,1,27,36,27,9,0,0,0,0
CIN190905292,evt,1909-05-29,2,CIN06,R,1,CIN,SLN,1,1,0,0,1,40,32,11,14,20,2,2,0,0,11,,4,0,1,0,1,2,1,4,2,0,5,1,1,0,0,0,1,1,0,1,27,43,38,2,1,10,10,0,0,0,0,3,0,2,0,2,0,0,0,0,0,0,0,23,2,,,1,27,5,4,0,1,0,0,1
CIN190905292,box,1909-05-29,2,CIN06,R,1,CIN,SLN,1,1,0,0,1,,32,11,14,20,2,2,0,,11,,4,0,1,0,1,2,1,4,2,0,5,1,1,0,0,0,1,1,0,1,27,43,38,2,1,10,10,0,0,0,0,3,0,2,0,2,0,0,0,0,0,0,0,0,0,,,1,27,36,27,8,1,0,0,1
CIN190905300,evt,1909-05-30,0,CIN06,R,1,CIN,SLN,1,0,1,0,1,38,34,2,6,6,0,0,0,0,1,,2,0,0,1,2,0,0,0,0,0,9,1,1,0,0,0,1,0,1,0,27,44,38,12,3,11,15,2,1,0,0,5,1,1,0,0,1,0,0,1,0,3,2,22,1,,,1,27,9,4,1,4,0,0,0
CIN190905300,box,1909-05-30,0,CIN06,R,1,CIN,SLN,1,0,1,0,1,,34,2,6,6,0,0,0,,1,,2,0,0,1,2,0,0,0,0,0,9,1,1,0,0,0,1,0,1,0,27,44,38,12,3,11,15,2,1,0,0,5,1,1,0,0,1,0,0,1,0,0,0,0,0,,,1,27,47,27,16,4,0,0,0
CIN190905311,evt,1909-05-31,1,CIN06,R,1,CIN,CHN,1,1,0,0,1,37,30,4,7,11,2,1,0,0,4,,4,0,3,0,1,2,0,2,0,0,9,1,1,1,0,0,0,1,0,0,27,32,31,1,0,5,6,1,0,0,0,1,0,0,0,0,0,0,0,0,0,0,0,14,12,,,1,27,42,27,13,2,0,0,0
CIN190905311,box,1909-05-31,1,CIN06,R,1,CIN,CHN,1,1,0,0,1,,30,4,7,11,2,1,0,,4,,4,0,3,0,1,2,0,2,0,0,9,1,1,1,0,0,0,1,0,0,27,32,31,1,0,5,6,1,0,0,0,1,0,0,0,0,0,0,0,0,0,0,0,0,0,,,1,27,42,27,13,2,0,0,0
CIN190905312,evt,1909-05-31,2,CIN06,R,1,CIN,CHN,1,0,1,0,1,48,39,2,8,8,0,0,0,0,2,,5,3,5,1,0,4,0,3,0,0,13,1,1,0,0,0,1,0,1,0,33,45,44,3,3,9,12,1,1,0,0,1,0,3,0,0,0,0,0,0,0,0,0,11,17,,,1,33,49,33,12,4,0,0,0
CIN190905312,box,1909-05-31,2,CIN06,R,1,CIN,CHN,1,0,1,0,1,,39,2,8,8,0,0,0,,2,,5,3,5,1,0,4,0,3,0,0,13,1,1,0,0,0,1,0,1,0,33,45,44,3,3,9,12,1,1,0,0,1,0,3,0,0,0,0,0,0,0,0,0,0,0,,,1,33,49,33,12,4,0,0,0
CIN190906010,evt,1909-06-01,0,CIN06,R,1,CIN,CHN,1,0,1,0,1,38,36,3,7,9,2,0,0,0,3,,2,0,2,0,0,0,0,2,0,0,5,1,1,0,0,0,1,0,1,0,30,48,35,9,4,10,16,2,2,0,0,7,0,0,0,2,4,0,0,0,0,3,3,15,9,,,1,30,49,30,18,1,0,0,0
CIN190906010,box,1909-06-01,0,CIN06,R,1,CIN,CHN,1,0,1,0,1,,36,3,7,9,2,0,0,,3,,2,0,2,0,0,0,0,2,0,0,5,1,1,0,0,0,1,0,1,0,30,48,35,9,4,10,16,2,2,0,0,7,0,0,0,2,4,0,0,0,0,0,0,0,0,,,1,30,49,30,18,1,0,0,0
CIN190906030,evt,1909-06-03,0,CIN06,R,1,CIN,BRO,1,1,0,0,1,35,29,6,9,13,4,0,0,0,6,,2,0,2,1,3,1,0,1,2,0,5,1,1,1,0,0,0,1,0,0,27,34,30,2,1,6,6,0,0,0,0,2,0,10,0,0,2,0,0,1,0,0,0,9,4,,,1,27,39,27,11,1,0,0,1
CIN190906030,box,1909-06-03,0,CIN06,R,1,CIN,BRO,1,1,0,0,1,,29,6,9,13,4,0,0,,6,,2,0,2,1,3,1,0,1,2,0,5,1,1,1,0,0,0,1,0,0,27,34,30,2,1,6,6,0,0,0,0,2,0,10,0,0,2,0,0,1,0,0,0,0,0,,,1,27,39,27,11,1,0,0,1
CIN190906050,evt,1909-06-05,0,CIN06,R,1,CIN,BRO,1,1,0,0,1,42,37,5,13,15,2,0,0,0,4,,4,0,2,1,0,0,1,2,1,0,10,1,1,0,0,0,1,1,0,0,30,41,36,4,4,11,12,1,0,0,0,0,0,10,1,1,4,0,0,0,0,0,0,4,9,,,1,30,44,30,12,2,2,0,0
CIN190906050,box,1909-06-05,0,CIN06,R,1,CIN,BRO,1,1,0,0,1,,37,5,13,15,2,0,0,,4,,4,0,2,1,0,0,1,2,1,0,10,1,1,0,0,0,1,1,0,0,30,41,36,4,4,11,12,1,0,0,0,0,0,10,1,1,4,0,0,0,0,0,0,0,0,,,1,30,44,30,12,2,2,0,0
CIN190906061,evt,1909-06-06,1,CIN06,R,1,CIN,BRO,1,1,0,0,1,34,28,5,9,9,0,0,0,0,4,,5,0,2,0,0,1,0,5,2,0,5,1,1,1,0,0,0,1,0,0,27,38,35,3,0,10,11,1,0,0,0,3,0,3,3,0,0,0,0,0,0,0,0,12,8,,,1,27,25,16,7,2,3,0,1
CIN190906061,box,1909-06-06,1,CIN06,R,1,CIN,BRO,1,1,0,0,1,,28,5,9,9,0,0,0,,4,,5,0,2,0,0,1,0,5,2,0,5,1,1,1,0,0,0,1,0,0,27,38,35,3,0,10,11,1,0,0,0,3,0,3,3,0,0,0,0,0,0,0,0,0,0,,,1,27,40,27,11,2,3,0,1
CIN190906062,evt,1909-06-06,2,CIN06,R,1,CIN,BRO,1,1,0,0,1,43,38,4,8,10,0,1,0,0,4,,4,0,4,0,1,0,0,1,0,0,8,1,1,0,0,0,1,1,0,0,33,44,39,3,3,8,11,1,1,0,0,3,1,2,0,0,2,0,0,0,0,0,0,23,5,,,1,33,16,11,4,1,1,0,1
CIN190906062,box,1909-06-06,2,CIN06,R,1,CIN,BRO,1,1,0,0,1,,38,4,8,10,0,1,0,,4,,4,0,4,0,1,0,0,1,0,0,8,1,1,0,0,0,1,1,0,0,33,44,39,3,3,8,11,1,1,0,0,3,1,2,0,0,2,0,0,0,0,0,0,0,0,,,1,33,48,33,14,1,1,0,1
CIN190906070,evt,1909-06-07,0,CIN06,R,1,CIN,BSN,1,1,0,0,1,37,32,6,11,14,1,1,0,0,6,,4,1,1,1,0,1,0,1,1,0,7,1,1,1,0,0,0,1,0,0,27,37,33,1,0,7,10,1,1,0,0,3,0,2,1,0,1,0,0,0,0,0,0,20,3,,,1,27,20,12,6,2,2,0,0
CIN190906070,box,1909-06-07,0,CIN06,R,1,CIN,BSN,1,1,0,0,1,,32,6,11,14,1,1,0,,6,,4,1,1,1,0,1,0,1,1,0,7,1,1,1,0,0,0,1,0,0,27,37,33,1,0,7,10,1,1,0,0,3,0,2,1,0,1,0,0,0,0,0,0,0,0,,,1,27,39,27,10,2,2,0,0
CIN190906090,evt,1909-06-09,0,CIN06,R,1,CIN,BSN,1,1,0,0,1,44,37,13,17,19,2,0,0,0,12,,5,0,0,0,0,1,1,3,0,0,7,1,1,1,0,0,0,1,0,0,27,39,37,2,0,11,12,1,0,0,0,1,0,3,1,1,0,0,0,0,0,0,0,15,7,,,1,27,21,12,7,2,1,0,0
CIN190906090,box,1909-06-09,0,CIN06,R,1,CIN,BSN,1,1,0,0,1,,37,13,17,19,2,0,0,,12,,5,0,0,0,0,1,1,3,0,0,7,1,1,1,0,0,0,1,0,0,27,39,37,2,0,11,12,1,0,0,0,1,0,,1,1,0,0,0,0,0,0,0,0,0,,,1,27,41,27,12,2,1,0,0
CIN190906110,evt,1909-06-11,0,CIN06,R,1,CIN,NY1,1,1,0,0,1,37,33,6,12,16,1,0,1,0,6,,2,0,2,0,0,2,0,2,1,0,7,1,1,1,0,0,0,1,0,0,27,38,33,3,3,8,9,1,0,0,0,5,0,5,0,0,0,0,0,0,1,0,0,7,12,,,1,27,38,27,10,1,1,0,0
CIN190906110,box,1909-06-11,0,CIN06,R,1,CIN,NY1,1,1,0,0,1,,33,6,12,16,1,0,1,,6,,2,0,2,0,0,2,0,2,1,0,7,1,1,1,0,0,0,1,0,0,27,38,33,3,3,8,9,1,0,0,0,5,0,5,0,0,0,0,0,0,1,0,0,0,0,,,1,27,38,27,10,1,1,0,0
CIN190906120,evt,1909-06-12,0,CIN06,R,1,CIN,NY1,1,0,1,0,1,30,29,0,4,5,1,0,0,0,0,,1,0,7,0,0,0,0,0,1,0,3,1,1,0,0,0,1,0,1,0,27,34,32,2,2,8,9,1,0,0,0,2,0,2,0,0,0,0,0,0,0,0,0,11,11,,,1,27,41,27,13,1,0,0,0
CIN190906120,box,1909-06-12,0,CIN06,R,1,CIN,NY1,1,0,1,0,1,,29,0,4,5,1,0,0,,0,,1,0,7,0,0,0,0,0,1,0,3,1,1,0,0,0,1,0,1,0,27,34,32,2,2,8,9,1,0,0,0,2,0,2,0,0,0,0,0,0,0,0,0,0,0,,,1,27,41,27,13,1,0,0,0
CIN190906130,evt,1909-06-13,0,CIN06,R,1,CIN,NY1,1,1,0,0,1,32,29,2,9,12,1,1,0,0,2,,0,0,4,0,0,3,0,0,1,0,6,1,1,1,0,0,0,1,0,0,27,36,32,1,1,8,10,0,1,0,0,2,1,1,1,0,2,0,0,0,0,0,0,15,8,,,1,27,45,27,18,0,1,0,0
CIN190906130,box,1909-06-13,0,CIN06,R,1,CIN,NY1,1,1,0,0,1,,29,2,9,12,1,1,0,,2,,0,0,4,0,0,3,0,0,1,0,6,1,1,1,0,0,0,1,0,0,27,36,32,1,1,8,10,0,1,0,0,2,1,1,1,0,2,0,0,0,0,0,0,0,0,,,1,27,45,27,18,0,1,0,0
CIN190906140,evt,1909-06-14,0,CIN06,R,1,CIN,NY1,1,0,1,0,1,31,28,1,4,4,0,0,0,0,1,,2,0,2,1,0,1,0,2,1,0,3,1,1,0,0,0,1,0,1,0,27,31,29,2,0,5,5,0,0,0,0,0,0,4,0,1,0,1,0,0,0,0,0,7,12,,,1,27,39,27,9,3,0,0,0
CIN190906140,box,1909-06-14,0,CIN06,R,1,CIN,NY1,1,0,1,0,1,,28,1,4,4,0,0,0,,1,,2,0,2,1,0,1,0,2,1,0,3,1,1,0,0,0,1,0,1,0,27,31,29,2,0,5,5,0,0,0,0,0,0,4,0,1,0,1,0,0,0,0,0,0,0,,,1,27,39,27,9,3,0,0,0
CIN190906160,evt,1909-06-16,0,CIN06,R,1,CIN,PHI,1,0,1,0,1,35,30,1,6,8,0,1,0,0,1,,4,0,3,0,0,1,0,1,2,0,7,1,1,0,0,0,1,0,1,0,27,36,33,7,6,9,16,0,2,1,0,2,0,6,1,1,0,0,0,0,0,0,0,9,8,,,1,27,39,27,11,1,1,0,0
CIN190906160,box,1909-06-16,0,CIN06,R,1,CIN,PHI,1,0,1,0,1,,30,1,6,8,0,1,0,,1,,4,0,3,0,0,1,0,1,2,0,7,1,1,0,0,0,1,0,1,0,27,36,33,7,6,9,16,0,2,1,0,2,0,6,1,1,0,0,0,0,0,0,0,0,0,,,1,27,39,27,11,1,1,0,0
CIN190906180,evt,1909-06-18,0,CIN06,R,1,CIN,PHI,1,1,0,0,1,36,32,4,12,17,3,1,0,0,3,,3,0,1,0,0,1,0,2,1,0,8,1,1,1,0,0,0,1,0,0,27,36,34,1,0,7,8,1,0,0,0,1,0,5,0,0,1,0,0,0,0,0,0,9,12,,,1,27,37,27,9,1,0,0,0
CIN190906180,box,1909-06-18,0,CIN06,R,1,CIN,PHI,1,1,0,0,1,,32,4,12,17,3,1,0,,3,,3,0,1,0,0,1,0,2,1,0,8,1,1,1,0,0,0,1,0,0,27,36,34,1,0,7,8,1,0,0,0,1,0,5,0,0,1,0,0,0,0,0,0,0,0,,,1,27,37,27,9,1,0,0,0
CIN190906190,evt,1909-06-19,0,CIN06,R,1,CIN,PHI,1,0,1,0,1,31,29,0,3,3,0,0,0,0,0,,2,0,5,0,0,0,0,1,1,0,4,1,1,0,0,0,1,0,1,0,27,32,27,2,2,3,3,0,0,0,0,3,0,3,1,0,1,1,0,0,0,0,0,10,11,,,1,27,40,27,12,1,2,0,0
CIN190906190,box,1909-06-19,0,CIN06,R,1,CIN,PHI,1,0,1,0,1,,29,0,3,3,0,0,0,,0,,2,0,,0,0,0,0,1,1,0,4,1,1,0,0,0,1,0,1,0,27,32,27,2,2,3,3,0,0,0,0,3,0,3,1,0,1,1,0,0,0,0,0,0,0,,,1,27,40,27,12,1,2,0,0
CIN190906200,evt,1909-06-20,0,CIN06,R,1,CIN,PHI,1,0,1,0,1,53,50,3,9,11,0,1,0,0,3,,2,0,7,1,0,1,0,1,2,0,5,1,1,0,0,0,1,0,1,0,45,60,54,4,2,14,19,3,1,0,0,2,1,1,3,1,0,3,0,1,0,0,0,34,5,,,1,45,24,15,6,3,3,0,1
CIN190906200,box,1909-06-20,0,CIN06,R,1,CIN,PHI,1,0,1,0,1,,50,3,9,11,0,1,0,,3,,2,0,7,1,0,1,0,1,2,0,5,1,1,0,0,0,1,0,1,0,45,60,54,4,2,14,19,3,1,0,0,2,1,1,3,1,0,3,0,1,0,0,0,0,0,,,1,45,71,45,23,3,3,0,1
CHN190906230,evt,1909-06-23,0,CHI08,R,0,CIN,CHN,1,1,0,0,1,44,32,6,13,13,0,0,0,0,5,,8,0,2,1,0,4,0,0,1,0,11,1,1,0,0,0,1,1,0,1,27,39,35,4,1,8,9,1,0,0,0,4,0,6,0,0,0,0,0,1,0,3,1,13,6,,,1,27,41,27,11,3,0,0,0
CHN190906230,box,1909-06-23,0,CHI08,R,0,CIN,CHN,1,1,0,0,1,,32,6,13,13,0,0,0,,5,,8,0,2,1,0,4,0,0,1,0,11,1,1,0,0,0,1,1,0,1,27,39,35,4,1,8,9,1,0,0,0,4,0,6,0,0,0,0,0,1,0,0,0,0,0,,,1,27,41,27,11,3,0,0,0
CHN190906250,evt,1909-06-25,0,CHI08,R,0,CIN,CHN,1,0,1,0,1,37,33,0,8,8,0,0,0,0,0,,3,0,2,0,1,0,0,0,1,0,10,1,1,1,0,0,0,0,1,0,24,38,28,7,4,8,11,3,0,0,0,6,0,1,0,0,4,0,0,1,0,0,0,7,11,,,1,24,39,24,13,2,0,0,0
CHN190906250,box,1909-06-25,0,CHI08,R,0,CIN,CHN,1,0,1,0,1,,33,0,8,8,0,0,0,,0,,3,0,2,0,1,0,0,0,1,0,10,1,1,1,0,0,0,0,1,0,24,38,28,7,4,8,11,3,0,0,0,6,0,1,0,0,4,0,0,1,0,0,0,0,0,,,1,24,39,24,13,2,0,0,0
CHN190906260,evt,1909-06-26,0,CHI08,R,0,CIN,CHN,1,0,1,0,1,30,27,0,1,1,0,0,0,0,0,,1,0,3,0,1,1,0,1,0,0,3,1,1,0,0,0,1,0,1,0,24,33,30,4,2,7,8,1,0,0,0,2,0,0,0,0,1,0,0,0,0,0,0,15,6,,,1,24,43,24,16,3,1,0,0
CHN190906260,box,1909-06-26,0,CHI08,R,0,CIN,CHN,1,0,1,0,1,,27,0,1,1,0,0,0,,0,,1,0,3,0,1,1,0,1,0,0,3,1,1,0,0,0,1,0,1,0,24,33,30,4,2,7,8,1,0,0,0,2,0,0,0,0,1,0,0,0,0,0,0,0,0,,,1,24,43,24,16,3,1,0,0
CHN190906271,evt,1909-06-27,1,CHI08,R,0,CIN,CHN,1,1,0,0,1,37,33,2,11,13,2,0,0,0,2,,2,0,6,1,1,1,0,3,2,0,8,1,1,1,0,0,0,1,0,0,27,31,26,1,1,4,6,2,0,0,0,2,0,1,2,0,2,1,0,0,0,0,0,16,5,,,1,27,20,14,5,1,2,0,0
CHN190906271,box,1909-06-27,1,CHI08,R,0,CIN,CHN,1,1,0,0,1,,33,2,11,13,2,0,0,,2,,2,0,6,1,1,1,0,3,2,0,8,1,1,1,0,0,0,1,0,0,27,31,26,1,1,4,6,2,0,0,0,2,0,1,2,0,2,1,0,0,0,0,0,0,0,,,1,27,39,27,11,1,2,0,0
CHN190906272,evt,1909-06-27,2,CHI08,R,0,CIN,CHN,1,1,0,0,1,46,41,7,15,17,2,0,0,0,6,,4,0,3,1,0,0,1,1,1,0,12,1,1,1,0,0,0,1,0,0,27,35,29,3,3,6,9,1,1,0,0,6,0,3,3,0,0,0,0,0,0,0,0,17,2,,,1,27,19,12,6,1,4,0,1
CHN190906272,box,1909-06-27,2,CHI08,R,0,CIN,CHN,1,1,0,0,1,,41,7,15,17,2,0,0,,6,,4,0,3,1,0,0,1,1,1,0,12,1,1,1,0,0,0,1,0,0,27,35,29,3,3,6,9,1,1,0,0,6,0,3,3,0,0,0,0,0,0,0,0,0,0,,,1,27,43,27,15,1,4,0,1
CIN190906280,evt,1909-06-28,0,CIN06,R,1,CIN,PIT,1,0,1,0,1,35,31,2,8,13,1,2,0,0,2,,3,0,2,1,0,1,0,0,1,0,6,1,1,0,0,0,1,0,1,0,27,39,33,3,3,10,12,0,1,0,0,5,0,2,0,0,1,0,0,1,0,0,0,12,8,,,1,27,25,17,7,1,0,0,0
CIN190906280,box,1909-06-28,0,CIN06,R,1,CIN,PIT,1,0,1,0,1,,31,2,8,13,1,2,0,,2,,3,0,2,1,0,1,0,0,1,0,6,1,1,0,0,0,1,0,1,0,27,39,33,3,3,10,12,0,1,0,0,5,0,2,0,0,1,0,0,1,0,0,0,0,0,,,1,27,42,27,14,1,0,0,0
SLN190906300,evt,1909-06-30,0,STL05,R,0,CIN,SLN,1,1,0,0,1,35,32,3,6,8,0,1,0,0,3,,3,0,3,0,0,0,0,2,0,0,5,1,1,0,0,0,1,1,0,0,27,36,32,2,2,8,9,1,0,0,0,3,0,1,0,0,1,0,0,0,0,0,0,18,5,,,1,27,13,9,4,0,0,0,1
SLN190906300,box,1909-06-30,0,STL05,R,0,CIN,SLN,1,1,0,0,1,,32,3,6,8,0,1,0,,3,,3,0,3,0,0,0,0,2,0,0,5,1,1,0,0,0,1,1,0,0,27,36,32,2,2,8,9,1,0,0,0,3,0,,0,0,1,0,0,0,0,0,0,0,0,,,1,27,42,27,15,0,0,0,1
SLN190907020,evt,1909-07-02,0,STL05,R,0,CIN,SLN,1,0,1,0,1,39,35,4,5,10,0,1,1,0,3,,3,0,1,1,1,0,0,0,1,0,5,1,1,1,0,0,0,0,1,0,28,41,38,5,3,13,16,0,0,1,0,3,0,2,2,0,0,0,0,0,0,0,0,20,2,,,1,28,21,12,6,3,3,0,0
SLN190907020,box,1909-07-02,0,STL05,R,0,CIN,SLN,1,0,1,0,1,,35,4,5,10,0,1,1,,3,,3,0,,1,1,0,0,0,1,0,5,1,1,1,0,0,0,0,1,0,28,41,38,5,3,13,16,0,0,1,0,3,0,,2,0,0,0,0,0,0,0,0,0,0,,,1,28,45,28,14,3,3,0,0
SLN190907031,evt,1909-07-03,1,STL05,R,0,CIN,SLN,1,1,0,0,1,44,39,10,13,16,1,1,0,0,9,,4,0,3,0,0,1,0,4,1,0,7,1,1,0,0,0,1,1,0,1,27,37,33,2,2,7,7,0,0,0,0,3,0,2,0,1,0,0,0,0,0,0,0,23,1,,,1,27,6,4,1,1,0,0,0
SLN190907031,box,1909-07-03,1,STL05,R,0,CIN,SLN,1,1,0,0,1,,39,10,13,16,1,1,0,,9,,4,0,,0,0,1,0,4,1,0,7,1,1,0,0,0,1,1,0,1,27,37,33,2,2,7,7,0,0,0,0,3,0,,0,1,0,0,0,0,0,0,0,0,0,,,1,27,36,27,8,1,0,0,0
SLN190907032,evt,1909-07-03,2,STL05,R,0,CIN,SLN,1,1,0,0,1,51,44,13,15,17,2,0,0,0,8,,5,0,3,1,0,2,0,2,1,0,11,1,1,0,0,0,1,1,0,1,27,43,39,7,6,12,15,1,1,0,0,4,0,0,0,0,0,0,0,0,0,0,0,25,1,,,1,27,2,1,0,1,0,0,0
SLN190907032,box,1909-07-03,2,STL05,R,0,CIN,SLN,1,1,0,0,1,,44,13,15,17,2,0,0,,8,,5,0,,1,0,2,0,2,1,0,11,1,1,0,0,0,1,1,0,1,27,43,39,7,6,12,15,1,1,0,0,4,0,,0,0,0,0,0,0,0,0,0,0,0,,,1,27,37,27,9,1,0,0,0
CIN190907040,evt,1909-07-04,0,CIN06,R,1,CIN,PIT,1,1,0,0,1,36,30,4,8,9,1,0,0,0,3,,3,0,6,0,1,1,1,2,0,0,8,1,1,1,0,0,0,1,0,0,27,36,36,2,2,11,14,3,0,0,0,0,0,3,1,0,0,0,0,0,0,0,0,8,14,,,1,27,36,27,9,0,1,0,0
CIN190907040,box,1909-07-04,0,CIN06,R,1,CIN,PIT,1,1,0,0,1,,30,4,8,9,1,0,0,,3,,3,0,6,0,1,1,1,2,0,0,8,1,1,1,0,0,0,1,0,0,27,36,36,2,2,11,14,3,0,0,0,0,0,3,1,0,0,0,0,0,0,0,0,0,0,,,1,27,36,27,9,0,1,0,0
PIT190907051,evt,1909-07-05,1,PIT06,R,0,CIN,PIT,1,0,1,0,1,30,26,0,2,2,0,0,0,0,0,,2,0,4,0,2,0,0,0,3,0,3,1,1,0,0,0,1,0,1,0,24,36,30,2,2,6,8,2,0,0,0,5,2,1,0,1,0,0,0,0,0,0,0,10,11,,,1,24,32,24,8,0,1,0,0
PIT190907051,box,1909-07-05,1,PIT06,R,0,CIN,PIT,1,0,1,0,1,,26,0,2,2,0,0,0,,0,,2,0,4,0,2,0,0,0,3,0,3,1,1,0,0,0,1,0,1,0,24,36,30,2,2,6,8,2,0,0,0,5,2,1,0,1,0,0,0,0,0,0,0,0,0,,,1,24,32,24,8,0,1,0,0
PIT190907052,evt,1909-07-05,2,PIT06,R,0,CIN,PIT,1,0,1,0,1,35,30,1,5,10,2,0,1,0,1,,4,2,3,0,0,1,0,1,1,0,7,1,1,0,0,0,1,0,1,0,24,38,32,6,2,6,8,2,0,0,0,5,2,1,0,0,1,0,0,0,0,0,0,14,8,,,1,24,42,24,15,3,0,0,0
PIT190907052,box,1909-07-05,2,PIT06,R,0,CIN,PIT,1,0,1,0,1,,30,1,5,10,2,0,1,,1,,4,2,3,0,0,1,0,1,1,0,7,1,1,0,0,0,1,0,1,0,24,38,32,6,2,6,8,2,0,0,0,5,2,1,0,0,1,0,0,0,0,0,0,0,0,,,1,24,42,24,15,3,0,0,0
PIT190907060,evt,1909-07-06,0,PIT06,R,0,CIN,PIT,1,0,1,0,1,33,31,0,7,10,3,0,0,0,0,,1,0,5,2,0,1,0,0,0,0,6,1,1,0,0,0,1,0,1,0,24,34,29,5,5,7,8,1,0,0,0,4,1,1,0,0,1,0,0,0,0,0,0,12,8,,,1,24,42,24,17,1,2,0,0
PIT190907060,box,1909-07-06,0,PIT06,R,0,CIN,PIT,1,0,1,0,1,,31,0,7,10,3,0,0,,0,,1,0,5,2,0,1,0,0,0,0,6,1,1,0,0,0,1,0,1,0,24,34,29,5,5,7,8,1,0,0,0,4,1,1,0,0,1,0,0,0,0,0,0,0,0,,,1,24,42,24,17,1,2,0,0
BRO190907080,evt,1909-07-08,0,NYC12,R,0,CIN,BRO,1,1,0,0,1,42,33,9,11,13,2,0,0,0,7,,5,0,2,1,0,2,2,5,0,0,6,1,1,0,0,0,1,1,0,1,27,44,39,8,6,14,17,1,1,0,0,4,0,4,1,0,1,0,0,0,0,2,1,9,12,,,1,27,41,27,11,3,1,0,1
BRO190907080,box,1909-07-08,0,NYC12,R,0,CIN,BRO,1,1,0,0,1,,33,9,11,13,2,0,0,,7,,5,0,2,1,0,2,2,5,0,0,6,1,1,0,0,0,1,1,0,1,27,44,39,8,6,14,17,1,1,0,0,4,0,4,1,0,1,0,0,0,0,0,0,0,0,,,1,27,40,27,10,3,1,0,1
BRO190907090,evt,1909-07-09,0,NYC12,R,0,CIN,BRO,1,1,0,0,1,42,38,6,13,20,2,1,1,0,5,,1,0,8,0,0,2,1,2,3,0,6,1,1,0,0,0,1,1,0,0,30,40,35,3,2,6,8,0,1,0,0,5,2,5,1,0,0,0,0,1,0,0,0,5,16,,,1,30,41,30,9,2,2,0,0
BRO190907090,box,1909-07-09,0,NYC12,R,0,CIN,BRO,1,1,0,0,1,,38,6,13,20,2,1,1,,5,,1,0,8,0,0,2,1,2,3,0,6,1,1,0,0,0,1,1,0,0,30,40,35,3,2,6,8,0,1,0,0,5,2,5,1,0,0,0,0,1,0,0,0,0,0,,,1,30,41,30,9,2,2,0,0
BRO190907101,evt,1909-07-10,1,NYC12,R,0,CIN,BRO,1,1,0,0,1,43,36,8,14,18,4,0,0,0,8,,4,0,4,1,0,2,1,2,0,0,8,1,1,1,1,0,0,1,0,0,27,31,28,0,0,1,1,0,0,0,0,3,0,3,0,0,0,0,0,0,0,0,0,18,6,,,1,27,45,27,18,0,0,0,0
BRO190907101,box,1909-07-10,1,NYC12,R,0,CIN,BRO,1,1,0,0,1,,36,8,14,18,4,0,0,,8,,4,0,4,1,0,2,1,2,0,0,8,1,1,1,1,0,0,1,0,0,27,31,28,0,0,1,1,0,0,0,0,3,0,3,0,0,0,0,0,0,0,0,0,0,0,,,1,27,45,27,18,0,0,0,0
BRO190907102,evt,1909-07-10,2,NYC12,R,0,CIN,BRO,1,1,0,0,1,32,29,2,7,7,0,0,0,0,0,,0,0,8,0,0,3,0,1,2,0,3,1,1,1,0,0,0,1,0,0,27,33,31,1,1,5,5,0,0,0,0,2,0,6,0,0,0,0,0,0,0,0,0,6,14,,,1,27,34,27,7,0,0,0,0
BRO190907102,box,1909-07-10,2,NYC12,R,0,CIN,BRO,1,1,0,0,1,,29,2,7,7,0,0,0,,0,,0,0,8,0,0,3,0,1,2,0,3,1,1,1,0,0,0,1,0,0,27,33,31,1,1,5,5,0,0,0,0,2,0,6,0,0,0,0,0,0,0,0,0,0,0,,,1,27,34,27,7,0,0,0,0
BRO190907121,evt,1909-07-12,1,NYC12,R,0,CIN,BRO,1,1,0,0,1,44,37,11,13,27,3,1,3,0,11,,4,0,4,0,1,1,1,3,2,0,6,1,1,1,0,0,0,1,0,0,27,36,32,1,1,9,12,1,1,0,0,3,0,2,2,0,0,1,0,0,0,0,0,11,10,,,1,27,40,27,12,1,2,0,0
BRO190907121,box,1909-07-12,1,NYC12,R,0,CIN,BRO,1,1,0,0,1,,37,11,13,27,3,1,3,,11,,4,0,4,0,1,1,1,3,2,0,6,1,1,1,0,0,0,1,0,0,27,36,32,1,1,9,12,1,1,0,0,3,0,2,2,0,0,1,0,0,0,0,0,0,0,,,1,27,40,27,12,1,2,0,0
BRO190907122,evt,1909-07-12,2,NYC12,R,0,CIN,BRO,1,0,1,0,1,35,32,4,5,10,1,2,0,0,3,,2,0,1,0,1,0,0,0,0,0,4,1,1,0,0,0,1,0,1,0,26,38,32,5,4,7,12,3,1,0,0,5,0,3,0,0,1,0,0,1,0,0,0,13,8,,,1,26,41,26,14,1,0,0,0
BRO190907122,box,1909-07-12,2,NYC12,R,0,CIN,BRO,1,0,1,0,1,,32,4,5,10,1,2,0,,3,,2,0,1,0,1,0,0,0,0,0,4,1,1,0,0,0,1,0,1,0,26,38,32,5,4,7,12,3,1,0,0,5,0,3,0,0,1,0,0,1,0,0,0,0,0,,,1,26,41,26,14,1,0,0,0
NY1190907130,evt,1909-07-13,0,NYC10,R,0,CIN,NY1,1,0,1,0,1,36,34,4,9,12,0,0,1,0,4,,2,0,9,0,0,0,0,0,1,0,5,1,1,1,0,0,0,0,1,0,24,42,33,8,7,16,20,2,1,0,0,4,2,5,0,0,3,2,0,0,0,0,0,3,11,,,1,24,35,24,10,1,0,0,0
NY1190907130,box,1909-07-13,0,NYC10,R,0,CIN,NY1,1,0,1,0,1,,34,4,9,12,0,0,1,,4,,2,0,9,0,0,0,0,0,1,0,5,1,1,1,0,0,0,0,1,0,24,42,33,8,7,16,20,2,1,0,0,4,2,5,0,0,3,2,0,0,0,0,0,0,0,,,1,24,35,24,10,1,0,0,0
NY1190907140,evt,1909-07-14,0,NYC10,R,0,CIN,NY1,1,0,1,0,1,39,33,4,7,12,0,1,1,0,4,,3,0,6,2,1,2,0,2,1,0,5,1,1,0,0,0,1,0,1,0,29,42,37,5,5,10,14,0,2,0,0,5,1,0,0,0,0,0,0,0,0,3,1,9,17,,,1,29,42,29,12,1,0,0,0
NY1190907140,box,1909-07-14,0,NYC10,R,0,CIN,NY1,1,0,1,0,1,,33,4,7,12,0,1,1,,4,,3,0,6,2,1,2,0,2,1,0,5,1,1,0,0,0,1,0,1,0,29,42,37,5,5,10,14,0,2,0,0,5,1,0,0,0,0,0,0,0,0,0,0,0,0,,,1,29,42,29,12,1,0,0,0
NY1190907150,evt,1909-07-15,0,NYC10,R,0,CIN,NY1,1,0,1,0,1,30,26,1,9,13,1,0,1,0,1,,2,0,4,0,0,2,0,3,2,0,8,1,1,1,0,0,0,0,1,0,21,34,24,2,2,6,8,0,1,0,0,7,0,2,1,0,3,0,0,0,0,0,0,9,6,,,1,21,40,21,16,3,1,0,0
NY1190907150,box,1909-07-15,0,NYC10,R,0,CIN,NY1,1,0,1,0,1,,26,1,9,13,1,0,1,,1,,2,0,4,0,0,2,0,3,2,0,8,1,1,1,0,0,0,0,1,0,21,34,24,2,2,6,8,0,1,0,0,7,0,2,1,0,3,0,0,0,0,0,0,0,0,,,1,21,41,21,17,3,1,0,0
NY1190907160,evt,1909-07-16,0,NYC10,R,0,CIN,NY1,1,0,1,0,1,34,32,1,5,6,1,0,0,0,1,,2,0,2,0,0,0,0,1,0,0,6,1,1,1,0,0,0,0,1,0,24,29,24,2,2,6,10,2,1,0,0,2,0,2,2,0,2,1,0,0,0,0,0,4,13,,,1,24,32,24,8,0,2,0,0
NY1190907160,box,1909-07-16,0,NYC10,R,0,CIN,NY1,1,0,1,0,1,,32,1,5,6,1,0,0,,1,,2,0,2,0,0,0,0,1,0,0,6,1,1,1,0,0,0,0,1,0,24,29,24,2,2,6,10,2,1,0,0,2,0,2,2,0,2,1,0,0,0,0,0,0,0,,,1,24,32,24,8,0,2,0,0
BSN190907170,evt,1909-07-17,0,BOS05,R,0,CIN,BSN,1,0,1,0,1,34,27,0,6,7,1,0,0,0,0,,6,0,3,0,0,1,0,0,4,0,7,1,1,1,0,0,0,0,1,0,24,33,30,1,1,10,11,1,0,0,0,1,0,1,1,0,2,0,0,0,0,0,0,11,7,,,1,24,41,24,16,1,1,0,0
BSN190907170,box,1909-07-17,0,BOS05,R,0,CIN,BSN,1,0,1,0,1,,27,0,6,7,1,0,0,,0,,6,0,3,0,0,1,0,0,4,0,7,1,1,1,0,0,0,0,1,0,24,33,30,1,1,10,11,1,0,0,0,1,0,1,1,0,2,0,0,0,0,0,0,0,0,,,1,24,41,24,16,1,1,0,0
BSN190907190,evt,1909-07-19,0,BOS05,R,0,CIN,BSN,1,1,0,0,1,37,31,5,9,11,2,0,0,0,4,,6,0,2,0,0,0,0,0,2,0,5,1,1,1,1,0,0,1,0,0,27,30,29,0,0,3,4,1,0,0,0,1,0,4,1,0,0,0,0,0,0,0,0,11,11,,,1,27,38,27,11,0,1,0,0
BSN190907190,box,1909-07-19,0,BOS05,R,0,CIN,BSN,1,1,0,0,1,,31,5,9,11,2,0,0,,4,,6,0,2,0,0,0,0,0,2,0,5,1,1,1,1,0,0,1,0,0,27,30,29,0,0,3,4,1,0,0,0,1,0,4,1,0,0,0,0,0,0,0,0,0,0,,,1,27,38,27,11,0,1,0,0
BSN190907200,evt,1909-07-20,0,BOS05,R,0,CIN,BSN,1,1,0,0,1,37,31,2,7,8,1,0,0,0,2,,4,0,4,0,0,2,0,4,0,0,8,1,1,1,0,0,0,1,0,0,27,33,32,1,1,7,9,2,0,0,0,1,0,3,1,0,0,0,0,0,0,0,0,9,13,,,1,27,37,27,10,0,1,0,0
BSN190907200,box,1909-07-20,0,BOS05,R,0,CIN,BSN,1,1,0,0,1,,31,2,7,8,1,0,0,,2,,4,0,4,0,0,2,0,4,0,0,8,1,1,1,0,0,0,1,0,0,27,33,32,1,1,7,9,2,0,0,0,1,0,3,1,0,0,0,0,0,0,0,0,0,0,,,1,27,37,27,10,0,1,0,0
BSN190907210,evt,1909-07-21,0,BOS05,R,0,CIN,BSN,1,0,1,0,1,35,34,2,10,10,0,0,0,0,2,,1,0,3,3,0,0,0,1,1,0,6,1,1,0,0,0,1,0,1,0,24,39,29,7,5,6,10,2,1,0,0,5,0,5,0,2,3,0,0,0,0,1,0,12,4,,,1,24,44,24,16,4,1,0,0
BSN190907210,box,1909-07-21,0,BOS05,R,0,CIN,BSN,1,0,1,0,1,,34,2,10,10,0,0,0,,2,,1,0,3,3,0,0,0,1,1,0,6,1,1,0,0,0,1,0,1,0,24,39,29,7,5,6,10,2,1,0,0,5,0,5,0,2,3,0,0,0,0,0,0,0,0,,,1,24,43,24,15,4,1,0,0
PHI190907241,evt,1909-07-24,1,PHI09,R,0,CIN,PHI,1,0,1,0,1,34,30,0,6,6,0,0,0,0,0,,3,0,4,3,0,1,0,0,1,0,7,1,1,0,0,0,1,0,1,0,24,31,26,3,1,5,6,1,0,0,0,3,0,3,1,0,2,0,0,0,0,0,0,9,8,,,1,24,40,24,14,2,1,0,0
PHI190907241,box,1909-07-24,1,PHI09,R,0,CIN,PHI,1,0,1,0,1,,30,0,6,6,0,0,0,,0,,3,0,4,3,0,1,0,0,1,0,7,1,1,0,0,0,1,0,1,0,24,31,26,3,1,5,6,1,0,0,0,3,0,3,1,0,2,0,0,0,0,0,0,0,0,,,1,24,40,24,14,2,1,0,0
PHI190907242,evt,1909-07-24,2,PHI09,R,0,CIN,PHI,1,1,0,0,1,46,40,9,15,20,3,1,0,0,9,,3,0,3,0,1,2,0,4,1,0,10,1,1,0,0,0,1,1,0,0,27,38,36,6,4,9,14,3,1,0,0,1,0,5,1,0,0,1,0,0,0,2,1,5,15,,,1,27,38,27,8,3,1,0,0
PHI190907242,box,1909-07-24,2,PHI09,R,0,CIN,PHI,1,1,0,0,1,,40,9,15,20,3,1,0,,9,,3,0,3,0,1,2,0,4,1,0,10,1,1,0,0,0,1,1,0,0,27,38,36,6,4,9,14,3,1,0,0,1,0,5,1,0,0,1,0,0,0,0,0,0,0,,,1,27,38,27,8,3,1,0,0
CIN190907250,evt,1909-07-25,0,CIN06,R,1,CIN,SLN,1,0,1,0,1,52,47,4,8,9,1,0,0,0,3,,5,0,2,0,0,0,0,5,0,0,12,1,1,0,0,0,1,0,1,0,36,55,46,7,5,11,13,2,0,0,0,6,0,3,1,1,1,1,0,1,0,2,1,18,13,,,1,36,55,36,17,2,1,0,0
CIN190907250,box,1909-07-25,0,CIN06,R,1,CIN,SLN,1,0,1,0,1,,47,4,8,9,1,0,0,,3,,5,0,2,0,0,0,0,5,0,0,12,1,1,0,0,0,1,0,1,0,36,55,46,7,5,11,13,2,0,0,0,6,0,3,1,1,1,1,0,1,0,0,0,0,0,,,1,36,55,36,17,2,1,0,0
PIT190907260,evt,1909-07-26,0,PIT06,R,0,CIN,PIT,1,1,0,0,1,39,33,6,9,14,1,2,0,0,5,,1,0,2,0,0,3,2,3,0,0,6,1,1,1,0,0,0,1,0,0,27,39,39,4,4,14,15,1,0,0,0,0,0,1,1,0,0,0,0,0,0,0,0,15,7,,,1,27,44,27,16,1,2,0,1
PIT190907260,box,1909-07-26,0,PIT06,R,0,CIN,PIT,1,1,0,0,1,,33,6,9,14,1,2,0,,5,,1,0,2,0,0,3,2,3,0,0,6,1,1,1,0,0,0,1,0,0,27,39,39,4,4,14,15,1,0,0,0,0,0,1,1,0,0,0,0,0,0,0,0,0,0,,,1,27,44,27,16,1,2,0,1
PIT190907270,evt,1909-07-27,0,PIT06,R,0,CIN,PIT,1,0,1,0,1,34,29,1,3,6,0,0,1,0,1,,5,0,1,1,0,0,0,2,1,0,6,1,1,1,0,0,0,0,1,0,24,34,32,5,1,9,11,2,0,0,0,1,0,0,0,0,0,1,0,0,0,0,0,11,10,,,1,24,41,24,13,4,0,0,0
PIT190907270,box,1909-07-27,0,PIT06,R,0,CIN,PIT,1,0,1,0,1,,29,1,3,6,0,0,1,,1,,5,0,1,1,0,0,0,2,1,0,6,1,1,1,0,0,0,0,1,0,24,34,32,5,1,9,11,2,0,0,0,1,0,0,0,0,0,1,0,0,0,0,0,0,0,,,1,24,41,24,13,4,0,0,0
PIT190907280,evt,1909-07-28,0,PIT06,R,0,CIN,PIT,1,0,1,0,1,34,32,3,4,6,0,1,0,0,3,,2,0,0,0,0,0,0,1,0,0,4,1,1,0,0,0,1,0,1,0,24,35,31,6,6,10,19,3,3,0,0,1,0,1,0,0,2,1,0,0,0,1,0,9,11,,,1,24,34,24,10,0,0,0,0
PIT190907280,box,1909-07-28,0,PIT06,R,0,CIN,PIT,1,0,1,0,1,,32,3,4,6,0,1,0,,3,,2,0,0,0,0,0,0,1,0,0,4,1,1,0,0,0,1,0,1,0,24,35,31,6,6,10,19,3,3,0,0,1,0,1,0,0,2,1,0,0,0,0,0,0,0,,,1,24,34,24,10,0,0,0,0
CIN190907300,evt,1909-07-30,0,CIN06,R,1,CIN,BRO,1,0,0,1,1,51,39,2,8,9,1,0,0,0,2,,6,1,2,0,0,6,0,4,2,0,10,1,1,1,0,0,0,0,0,0,39,46,42,2,0,7,7,0,0,0,0,3,0,3,0,0,1,0,0,0,0,0,0,22,9,,,1,39,31,22,7,2,2,0,0
CIN190907300,box,1909-07-30,0,CIN06,R,1,CIN,BRO,1,0,0,1,1,,39,2,8,9,1,0,0,,2,,6,1,,0,0,6,0,4,2,0,10,1,1,1,0,0,0,0,0,0,39,46,42,2,0,7,7,0,0,0,0,3,0,3,0,0,1,0,0,0,0,0,0,0,0,,,1,39,53,39,12,2,2,0,0
CIN190907310,evt,1909-07-31,0,CIN06,R,1,CIN,BRO,1,1,0,0,1,26,21,1,3,5,2,0,0,0,1,,3,0,0,0,0,2,0,0,2,0,3,1,1,1,1,0,0,1,0,0,24,27,24,0,0,5,6,1,0,0,0,1,0,3,1,0,2,0,0,0,0,0,0,6,8,,,1,24,38,24,13,1,1,0,0
CIN190907310,box,1909-07-31,0,CIN06,R,1,CIN,BRO,1,1,0,0,1,,21,1,3,5,2,0,0,,1,,3,0,0,0,0,2,0,0,2,0,3,1,1,1,1,0,0,1,0,0,24,27,24,0,0,5,6,1,0,0,0,1,0,3,1,0,2,0,0,0,0,0,0,0,0,,,1,24,38,24,13,1,1,0,0
CIN190908011,evt,1909-08-01,1,CIN06,R,1,CIN,BRO,1,0,1,0,1,38,35,2,6,9,1,1,0,0,2,,3,0,9,0,0,0,0,4,1,0,9,1,1,0,0,0,1,0,1,0,27,37,32,3,1,8,12,2,1,0,0,1,0,1,0,0,3,1,0,0,0,2,0,12,10,,,1,27,14,8,3,3,0,0,0
CIN190908011,box,1909-08-01,1,CIN06,R,1,CIN,BRO,1,0,1,0,1,,35,2,6,9,1,1,0,,2,,3,0,9,0,0,0,0,4,1,0,9,1,1,0,0,0,1,0,1,0,27,37,32,3,1,8,12,2,1,0,0,1,0,1,0,0,3,1,0,0,0,0,0,0,0,,,1,27,44,27,14,3,0,0,0
CIN190908012,evt,1909-08-01,2,CIN06,R,1,CIN,BRO,1,1,0,0,1,32,28,3,6,6,0,0,0,0,1,,2,0,3,0,0,1,1,0,1,0,5,1,1,1,0,0,0,1,0,0,27,32,30,1,1,9,11,2,0,0,0,1,0,5,0,0,1,0,0,0,0,0,0,12,4,,,1,27,15,12,2,1,1,0,0
CIN190908012,box,1909-08-01,2,CIN06,R,1,CIN,BRO,1,1,0,0,1,,28,3,6,6,0,0,0,,1,,2,0,3,0,0,1,1,0,1,0,5,1,1,1,0,0,0,1,0,0,27,32,30,1,1,9,11,2,0,0,0,1,0,5,0,0,1,0,0,0,0,0,0,0,0,,,1,27,39,27,11,1,1,0,0
CIN190908030,evt,1909-08-03,0,CIN06,R,1,CIN,NY1,1,0,1,0,1,46,42,6,15,17,0,1,0,0,5,,3,0,3,0,0,1,0,0,2,0,10,1,1,0,0,0,1,0,1,0,30,46,39,7,7,11,14,3,0,0,0,6,0,6,1,1,0,0,0,1,0,3,3,12,9,,,1,30,38,26,10,2,1,0,0
CIN190908030,box,1909-08-03,0,CIN06,R,1,CIN,NY1,1,0,1,0,1,,42,6,15,17,0,1,0,,5,,3,0,3,0,0,1,0,0,2,0,10,1,1,0,0,0,1,0,1,0,30,46,39,7,7,11,14,3,0,0,0,6,0,6,1,1,0,0,0,1,0,0,0,0,0,,,1,30,45,30,13,2,1,0,0
CIN190908050,evt,1909-08-05,0,CIN06,R,1,CIN,NY1,1,1,0,0,1,36,31,5,9,9,0,0,0,0,4,,4,0,7,0,0,1,0,5,2,0,7,1,1,1,0,0,0,1,0,0,27,32,29,1,1,6,7,1,0,0,0,3,0,2,1,0,0,0,0,0,0,0,0,13,8,,,1,27,44,27,17,0,1,0,0
CIN190908050,box,1909-08-05,0,CIN06,R,1,CIN,NY1,1,1,0,0,1,,31,5,9,9,0,0,0,,4,,4,0,7,0,0,1,0,5,2,0,7,1,1,1,0,0,0,1,0,0,27,32,29,1,1,6,7,1,0,0,0,3,0,2,1,0,0,0,0,0,0,0,0,0,0,,,1,27,44,27,17,0,1,0,0
CIN190908060,evt,1909-08-06,0,CIN06,R,1,CIN,NY1,1,1,0,0,1,38,34,1,10,10,0,0,0,0,0,,3,0,7,1,0,1,0,1,0,0,9,1,1,1,1,0,0,1,0,0,30,39,36,0,0,8,9,1,0,0,0,2,1,2,0,0,1,0,0,0,0,0,0,13,13,,,1,30,44,30,14,0,0,0,0
CIN190908060,box,1909-08-06,0,CIN06,R,1,CIN,NY1,1,1,0,0,1,,34,1,10,10,0,0,0,,0,,3,0,7,1,0,1,0,1,0,0,9,1,1,1,1,0,0,1,0,0,30,39,36,0,0,8,9,1,0,0,0,2,1,2,0,0,1,0,0,0,0,0,0,0,0,,,1,30,44,30,14,0,0,0,0
CIN190908070,evt,1909-08-07,0,CIN06,R,1,CIN,PHI,1,0,1,0,1,37,30,1,7,8,1,0,0,0,1,,5,0,5,0,1,1,0,3,2,0,9,1,1,0,0,0,1,0,1,0,27,36,31,2,1,6,7,1,0,0,0,3,0,3,1,1,0,1,0,0,0,0,0,13,7,,,1,27,17,11,3,3,1,0,0
CIN190908070,box,1909-08-07,0,CIN06,R,1,CIN,PHI,1,0,1,0,1,,30,1,7,8,1,0,0,,1,,5,0,5,0,1,1,0,3,2,0,9,1,1,0,0,0,1,0,1,0,27,36,31,2,1,6,7,1,0,0,0,3,0,3,1,1,0,1,0,0,0,0,0,0,0,,,1,27,41,27,11,3,1,0,0
CIN190908080,evt,1909-08-08,0,CIN06,R,1,CIN,PHI,1,0,1,0,1,34,31,2,6,7,1,0,0,0,2,,2,0,1,1,0,1,0,0,1,0,5,1,1,0,0,0,1,0,1,0,27,39,32,6,4,10,15,1,2,0,0,3,0,1,1,0,3,1,0,1,0,0,0,10,11,,,1,27,36,24,9,3,1,0,0
CIN190908080,box,1909-08-08,0,CIN06,R,1,CIN,PHI,1,0,1,0,1,,31,2,6,7,1,0,0,,2,,2,0,1,1,0,1,0,0,1,0,5,1,1,0,0,0,1,0,1,0,27,39,32,6,4,10,15,1,2,0,0,3,0,1,1,0,3,1,0,1,0,0,0,0,0,,,1,27,43,27,13,3,1,0,0
CIN190908090,evt,1909-08-09,0,CIN06,R,1,CIN,PHI,1,0,1,0,1,34,32,0,8,9,1,0,0,0,0,,1,0,1,1,0,1,0,2,0,0,7,1,1,1,0,0,0,0,1,0,27,36,30,3,3,10,10,0,0,0,0,3,0,0,1,2,1,0,0,0,0,0,0,16,4,,,1,27,12,7,5,0,1,0,0
CIN190908090,box,1909-08-09,0,CIN06,R,1,CIN,PHI,1,0,1,0,1,,32,0,8,9,1,0,0,,0,,1,0,1,1,0,1,0,2,0,0,7,1,1,1,0,0,0,0,1,0,27,36,30,3,3,10,10,0,0,0,0,3,0,0,1,2,1,0,0,0,0,0,0,0,0,,,1,27,47,27,20,0,1,0,0
CIN190908100,evt,1909-08-10,0,CIN06,R,1,CIN,PHI,1,0,1,0,1,34,27,0,4,4,0,0,0,0,0,,4,0,7,0,1,2,0,0,0,0,7,1,1,0,0,0,1,0,1,0,27,35,33,2,0,4,7,3,0,0,0,2,0,3,0,0,0,0,0,0,0,0,0,10,12,,,1,27,41,26,11,4,0,0,0
CIN190908100,box,1909-08-10,0,CIN06,R,1,CIN,PHI,1,0,1,0,1,,27,0,4,4,0,0,0,,0,,4,0,7,0,1,2,0,0,0,0,7,1,1,0,0,0,1,0,1,0,27,35,33,2,0,4,7,3,0,0,0,2,0,3,0,0,0,0,0,0,0,0,0,0,0,,,1,27,44,27,13,4,0,0,0
CIN190908121,evt,1909-08-12,1,CIN06,R,1,CIN,BSN,1,1,0,0,1,38,31,2,5,6,1,0,0,0,2,,6,0,4,0,0,1,0,5,2,0,8,1,1,1,0,0,0,1,0,0,30,42,37,1,1,9,12,1,1,0,0,3,0,1,0,0,1,1,0,0,0,0,0,22,4,,,1,30,12,8,2,2,0,0,0
CIN190908121,box,1909-08-12,1,CIN06,R,1,CIN,BSN,1,1,0,0,1,,31,2,5,6,1,0,0,,2,,6,0,4,0,0,1,0,5,2,0,8,1,1,1,0,0,0,1,0,0,30,42,37,1,1,9,12,1,1,0,0,3,0,1,0,0,1,1,0,0,0,0,0,0,0,,,1,30,43,30,11,2,0,0,0
CIN190908122,evt,1909-08-12,2,CIN06,R,1,CIN,BSN,1,1,0,0,1,38,32,8,9,11,2,0,0,0,8,,5,0,4,0,0,0,1,5,0,0,6,1,1,1,0,0,0,1,0,0,27,35,34,2,2,9,12,3,0,0,0,1,0,2,0,0,0,0,0,0,0,0,0,13,10,,,1,27,16,14,2,0,0,0,0
CIN190908122,box,1909-08-12,2,CIN06,R,1,CIN,BSN,1,1,0,0,1,,32,8,9,11,2,0,0,,8,,5,0,4,0,0,0,1,5,0,0,6,1,1,1,0,0,0,1,0,0,27,35,34,2,2,9,12,3,0,0,0,1,0,2,0,0,0,0,0,0,0,0,0,0,0,,,1,27,33,27,6,0,0,0,0
CIN190908140,evt,1909-08-14,0,CIN06,R,1,CIN,BSN,1,1,0,0,1,18,14,1,2,2,0,0,0,0,0,,3,0,1,0,0,1,0,0,0,0,3,1,1,1,1,0,0,1,0,0,15,17,15,0,0,2,2,0,0,0,0,2,0,0,1,0,0,0,0,0,0,0,0,8,5,,,1,15,26,15,10,1,1,0,0
CIN190908140,box,1909-08-14,0,CIN06,R,1,CIN,BSN,1,1,0,0,1,,14,1,2,2,0,0,0,,0,,3,0,1,0,0,1,0,0,0,0,3,1,1,1,1,0,0,1,0,0,15,17,15,0,0,2,2,0,0,0,0,2,0,0,1,0,0,0,0,0,0,0,0,0,0,,,1,15,26,15,10,1,1,0,0
CIN190908151,evt,1909-08-15,1,CIN06,R,1,CIN,BSN,1,1,0,0,1,43,37,7,14,20,4,1,0,0,6,,3,0,2,0,1,0,2,2,1,0,12,1,1,1,0,0,0,1,0,0,27,34,28,2,2,4,4,0,0,0,0,4,0,5,0,0,2,0,0,0,0,0,0,17,1,,,1,27,16,11,4,1,1,0,0
CIN190908151,box,1909-08-15,1,CIN06,R,1,CIN,BSN,1,1,0,0,1,,37,7,14,20,4,1,0,,6,,3,0,2,0,1,0,2,2,1,0,12,1,1,1,0,0,0,1,0,0,27,34,28,2,2,4,4,0,0,0,0,4,0,5,0,0,2,0,0,0,0,0,0,0,0,,,1,27,41,27,13,1,1,0,0
CIN190908152,evt,1909-08-15,2,CIN06,R,1,CIN,BSN,1,1,0,0,1,35,27,3,7,7,0,0,0,0,2,,5,0,3,0,0,2,1,5,2,0,8,1,1,1,0,0,0,1,0,0,27,38,30,1,1,5,5,0,0,0,0,8,0,3,1,0,0,0,0,0,0,0,0,18,3,,,1,27,22,13,8,1,2,0,0
CIN190908152,box,1909-08-15,2,CIN06,R,1,CIN,BSN,1,1,0,0,1,,27,3,7,7,0,0,0,,2,,5,0,3,0,0,2,1,5,2,0,8,1,1,1,0,0,0,1,0,0,27,38,30,1,1,5,5,0,0,0,0,8,0,3,1,0,0,0,0,0,0,0,0,0,0,,,1,27,40,27,12,1,2,0,0
CHN190908170,evt,1909-08-17,0,CHI08,R,0,CIN,CHN,1,0,1,0,1,32,29,0,4,5,1,0,0,0,0,,2,0,9,0,0,1,0,1,0,0,5,1,1,0,0,0,1,0,1,0,24,32,29,2,1,5,6,1,0,0,0,1,0,0,0,1,1,0,0,0,0,0,0,6,16,,,1,24,32,24,7,1,0,0,1
CHN190908170,box,1909-08-17,0,CHI08,R,0,CIN,CHN,1,0,1,0,1,,29,0,4,5,1,0,0,,0,,2,0,9,0,0,1,0,1,0,0,5,1,1,0,0,0,1,0,1,0,24,32,29,2,1,5,6,1,0,0,0,1,0,0,0,1,1,0,0,0,0,0,0,0,0,,,1,24,32,24,7,1,0,0,1
CHN190908180,evt,1909-08-18,0,CHI08,R,0,CIN,CHN,1,0,1,0,1,33,29,0,6,9,3,0,0,0,0,,2,0,4,0,0,2,0,0,1,0,6,1,1,1,0,0,0,0,1,0,26,32,27,1,0,3,4,1,0,0,0,4,1,7,1,0,1,0,0,2,0,0,0,8,7,,,1,26,38,25,11,2,1,0,0
CHN190908180,box,1909-08-18,0,CHI08,R,0,CIN,CHN,1,0,1,0,1,,29,0,6,9,3,0,0,,0,,2,0,4,0,0,2,0,0,1,0,6,1,1,1,0,0,0,0,1,0,26,32,27,1,0,3,4,1,0,0,0,4,1,7,1,0,1,0,0,2,0,0,0,0,0,,,1,26,38,25,11,2,1,0,0
NY1190908200,evt,1909-08-20,0,NYC10,R,0,CIN,NY1,1,1,0,0,1,45,38,11,18,20,0,1,0,0,10,,4,0,7,0,0,3,0,5,2,0,7,1,1,1,0,0,0,1,0,0,27,37,34,3,1,7,10,3,0,0,0,3,0,4,0,0,0,0,0,1,0,0,0,7,13,,,1,27,40,27,9,4,0,0,0
NY1190908200,box,1909-08-20,0,NYC10,R,0,CIN,NY1,1,1,0,0,1,,38,11,18,20,0,1,0,,10,,4,0,7,0,0,3,0,5,2,0,7,1,1,1,0,0,0,1,0,0,27,37,34,3,1,7,10,3,0,0,0,3,0,4,0,0,0,0,0,1,0,0,0,0,0,,,1,27,40,27,9,4,0,0,0
NY1190908210,evt,1909-08-21,0,NYC10,R,0,CIN,NY1,1,0,1,0,1,29,28,0,5,7,0,1,0,0,0,,0,0,9,0,0,1,0,1,2,0,2,1,1,1,0,0,0,0,1,0,24,29,26,1,1,4,4,0,0,0,0,2,0,3,0,0,1,0,0,0,0,0,0,5,12,,,1,24,33,24,8,1,1,0,0
NY1190908210,box,1909-08-21,0,NYC10,R,0,CIN,NY1,1,0,1,0,1,,28,0,5,7,0,1,0,,0,,0,0,9,0,0,1,0,1,2,0,2,1,1,1,0,0,0,0,1,0,24,29,26,1,1,4,4,0,0,0,0,2,0,3,0,0,1,0,0,0,0,0,0,0,0,,,1,24,33,24,8,1,1,0,0
NY1190908230,evt,1909-08-23,0,NYC10,R,0,CIN,NY1,1,0,1,0,1,44,39,9,12,21,2,2,1,0,9,,4,0,10,0,0,1,0,3,0,0,8,1,1,0,0,0,1,0,1,0,24,42,33,12,9,13,15,2,0,0,0,6,1,3,1,1,0,2,0,0,0,1,1,6,11,,,1,24,37,23,9,5,2,0,1
NY1190908230,box,1909-08-23,0,NYC10,R,0,CIN,NY1,1,0,1,0,1,,39,9,12,21,2,2,1,,9,,4,0,10,0,0,1,0,3,0,0,8,1,1,0,0,0,1,0,1,0,24,42,33,12,9,13,15,2,0,0,0,6,1,3,1,1,0,2,0,0,0,0,0,0,0,,,1,24,40,24,11,5,2,0,1
BRO190908240,evt,1909-08-24,0,NYC12,R,0,CIN,BRO,1,0,1,0,1,29,29,0,5,5,0,0,0,0,0,,0,0,6,0,0,0,0,0,2,0,2,1,1,1,0,0,0,0,1,0,24,33,29,2,1,6,6,0,0,0,0,1,0,8,0,0,3,0,0,0,0,0,0,11,3,,,1,24,39,24,13,2,0,0,0
BRO190908240,box,1909-08-24,0,NYC12,R,0,CIN,BRO,1,0,1,0,1,,29,0,5,5,0,0,0,,0,,0,0,6,0,0,0,0,0,2,0,2,1,1,1,0,0,0,0,1,0,24,33,29,2,1,6,6,0,0,0,0,1,0,8,0,0,3,0,0,0,0,0,0,0,0,,,1,24,39,24,13,2,0,0,0
BRO190908250,evt,1909-08-25,0,NYC12,R,0,CIN,BRO,1,1,0,0,1,36,31,2,6,7,1,0,0,0,2,,4,0,4,0,0,1,0,2,1,0,7,1,1,1,1,0,0,1,0,0,27,30,29,0,0,3,3,0,0,0,0,1,0,7,0,0,0,0,0,0,0,0,0,11,8,,,1,27,39,27,10,2,0,0,0
BRO190908250,box,1909-08-25,0,NYC12,R,0,CIN,BRO,1,1,0,0,1,,31,2,6,7,1,0,0,,2,,4,0,4,0,0,1,0,2,1,0,7,1,1,1,1,0,0,1,0,0,27,30,29,0,0,3,3,0,0,0,0,1,0,7,0,0,0,0,0,0,0,0,0,0,0,,,1,27,38,27,9,2,0,0,0
BRO190908260,evt,1909-08-26,0,NYC12,R,0,CIN,BRO,1,1,0,0,1,41,35,7,11,14,3,0,0,0,6,,3,0,5,0,1,2,0,5,1,0,7,1,1,1,0,0,0,1,0,0,27,33,29,1,1,6,6,0,0,0,0,2,0,4,0,0,1,1,0,0,0,0,0,9,11,,,1,27,40,27,12,1,1,0,0
BRO190908260,box,1909-08-26,0,NYC12,R,0,CIN,BRO,1,1,0,0,1,,35,7,11,14,3,0,0,,6,,3,0,5,0,1,2,0,5,1,0,7,1,1,1,0,0,0,1,0,0,27,33,29,1,1,6,6,0,0,0,0,2,0,4,0,0,1,1,0,0,0,0,0,0,0,,,1,27,40,27,12,1,1,0,0
BSN190908270,evt,1909-08-27,0,BOS05,R,0,CIN,BSN,1,0,1,0,1,34,26,4,3,3,0,0,0,0,3,,4,0,0,1,1,2,1,3,1,0,3,1,1,1,0,0,0,0,1,0,25,39,28,5,4,6,6,0,0,0,0,8,0,1,2,0,1,2,0,0,0,0,0,8,13,,,1,25,39,25,11,3,2,0,0
BSN190908270,box,1909-08-27,0,BOS05,R,0,CIN,BSN,1,0,1,0,1,,26,4,3,3,0,0,0,,3,,4,0,0,1,1,2,1,3,1,0,3,1,1,1,0,0,0,0,1,0,25,39,28,5,4,6,6,0,0,0,0,8,0,1,2,0,1,2,0,0,0,0,0,0,0,,,1,25,39,25,11,3,2,0,0
BSN190908280,evt,1909-08-28,0,BOS05,R,0,CIN,BSN,1,1,0,0,1,39,36,7,10,13,1,1,0,0,5,,2,0,2,0,1,0,0,5,1,0,5,1,1,0,0,0,1,1,0,1,27,39,29,6,6,6,8,2,0,0,0,8,0,4,0,1,1,0,0,0,0,3,2,8,10,,,1,27,42,27,13,2,1,0,0
BSN190908280,box,1909-08-28,0,BOS05,R,0,CIN,BSN,1,1,0,0,1,,36,7,10,13,1,1,0,,5,,2,0,2,0,1,0,0,5,1,0,5,1,1,0,0,0,1,1,0,1,27,39,29,6,6,6,8,2,0,0,0,8,0,4,0,1,1,0,0,0,0,0,0,0,0,,,1,27,42,27,13,2,1,0,0
BSN190908300,evt,1909-08-30,0,BOS05,R,0,CIN,BSN,1,1,0,0,1,42,36,5,5,6,1,0,0,0,5,,5,0,0,0,0,1,0,3,1,0,7,1,1,1,0,0,0,1,0,0,30,39,32,3,3,5,7,2,0,0,0,5,1,3,0,0,2,0,0,0,0,0,0,22,2,,,1,30,14,9,5,0,0,0,0
BSN190908300,box,1909-08-30,0,BOS05,R,0,CIN,BSN,1,1,0,0,1,,36,5,5,6,1,0,0,,5,,5,0,,0,0,1,0,3,1,0,7,1,1,1,0,0,0,1,0,0,30,39,32,3,3,5,7,2,0,0,0,5,1,0,0,0,2,0,0,0,0,0,0,0,0,,,1,30,45,30,15,0,0,0,0
BRO190908310,evt,1909-08-31,0,NYC12,R,0,CIN,BRO,1,1,0,0,1,39,33,9,14,24,2,1,2,0,9,,4,0,3,0,0,2,0,4,5,0,3,1,1,1,0,0,0,1,0,0,27,41,36,4,2,10,13,3,0,0,0,4,0,2,0,0,1,0,0,1,0,0,0,13,8,,,1,27,46,27,17,2,0,0,0
BRO190908310,box,1909-08-31,0,NYC12,R,0,CIN,BRO,1,1,0,0,1,,33,9,14,24,2,1,2,,9,,4,0,3,0,0,2,0,4,5,0,3,1,1,1,0,0,0,1,0,0,27,41,36,4,2,10,13,3,0,0,0,4,0,2,0,0,1,0,0,1,0,0,0,0,0,,,1,27,46,27,17,2,0,0,0
PHI190909011,evt,1909-09-01,1,PHI09,R,0,CIN,PHI,1,1,0,0,1,39,36,7,12,14,2,0,0,0,7,,2,0,5,1,0,1,0,3,0,0,5,1,1,1,0,0,0,1,0,0,27,41,37,6,2,9,14,5,0,0,0,2,0,3,0,0,1,1,0,1,0,0,0,12,10,,,1,27,51,27,17,7,1,0,1
PHI190909011,box,1909-09-01,1,PHI09,R,0,CIN,PHI,1,1,0,0,1,,36,7,12,14,2,0,0,,7,,2,0,5,1,0,1,0,3,0,0,5,1,1,1,0,0,0,1,0,0,27,41,37,6,2,9,14,5,0,0,0,2,0,3,0,0,1,1,0,1,0,0,0,0,0,,,1,27,49,27,15,7,1,0,1
PHI190909012,evt,1909-09-01,2,PHI09,R,0,CIN,PHI,1,1,0,0,1,42,39,9,11,13,0,1,0,0,7,,2,0,8,0,0,1,0,1,0,0,6,1,1,1,0,0,0,1,0,0,27,37,34,4,0,6,6,0,0,0,0,1,0,2,0,0,2,0,0,0,0,0,0,13,10,,,1,27,46,27,15,4,0,0,0
PHI190909012,box,1909-09-01,2,PHI09,R,0,CIN,PHI,1,1,0,0,1,,39,9,11,13,0,1,0,,7,,2,0,8,0,0,1,0,1,0,0,6,1,1,1,0,0,0,1,0,0,27,37,34,4,0,6,6,0,0,0,0,1,0,2,0,0,2,0,0,0,0,0,0,0,0,,,1,27,45,27,14,4,0,0,0
PHI190909021,evt,1909-09-02,1,PHI09,R,0,CIN,PHI,1,1,0,0,1,47,36,9,12,17,3,1,0,0,9,,7,0,3,0,0,2,2,4,1,0,11,1,1,1,0,0,0,1,0,0,27,40,37,3,1,11,11,0,0,0,0,2,0,1,0,0,1,0,0,1,0,0,0,11,12,,,1,27,40,27,12,1,0,0,0
PHI190909021,box,1909-09-02,1,PHI09,R,0,CIN,PHI,1,1,0,0,1,,36,9,12,17,3,1,0,,9,,7,0,3,0,0,2,2,4,1,0,11,1,1,1,0,0,0,1,0,0,27,40,37,3,1,11,11,0,0,0,0,2,0,1,0,0,1,0,0,1,0,0,0,0,0,,,1,27,40,27,12,1,0,0,0
PHI190909022,evt,1909-09-02,2,PHI09,R,0,CIN,PHI,1,0,1,0,1,33,31,3,8,13,0,1,1,0,3,,1,0,7,1,0,1,0,1,1,0,3,1,1,0,0,0,1,0,1,0,24,37,31,5,4,9,9,0,0,0,0,3,0,3,0,0,3,0,0,1,0,0,0,5,12,,,1,24,34,24,7,3,1,0,0
PHI190909022,box,1909-09-02,2,PHI09,R,0,CIN,PHI,1,0,1,0,1,,31,3,8,13,0,1,1,,3,,1,0,7,1,0,1,0,1,1,0,3,1,1,0,0,0,1,0,1,0,24,37,31,5,4,9,9,0,0,0,0,3,0,3,0,0,3,0,0,1,0,0,0,0,0,,,1,24,34,24,7,3,1,0,0
PHI190909031,evt,1909-09-03,1,PHI09,R,0,CIN,PHI,1,1,0,0,1,34,33,3,8,9,1,0,0,0,1,,0,0,3,0,0,1,0,2,2,0,4,1,1,1,1,0,0,1,0,0,27,30,28,0,0,2,2,0,0,0,0,2,0,4,0,0,0,0,0,0,0,0,0,12,10,,,1,27,39,27,12,0,0,0,0
PHI190909031,box,1909-09-03,1,PHI09,R,0,CIN,PHI,1,1,0,0,1,,33,3,8,9,1,0,0,,1,,0,0,3,0,0,1,0,2,2,0,4,1,1,1,1,0,0,1,0,0,27,30,28,0,0,2,2,0,0,0,0,2,0,4,0,0,0,0,0,0,0,0,0,0,0,,,1,27,39,27,12,0,0,0,0
PHI190909032,evt,1909-09-03,2,PHI09,R,0,CIN,PHI,1,0,1,0,1,53,46,5,12,16,2,1,0,0,5,,4,0,6,1,0,3,0,3,0,0,9,1,1,0,0,0,1,0,1,0,37,58,48,6,5,11,17,3,0,1,0,7,0,5,0,2,1,0,0,1,0,1,1,13,16,,,1,37,56,37,16,3,0,0,1
PHI190909032,box,1909-09-03,2,PHI09,R,0,CIN,PHI,1,0,1,0,1,,46,5,12,16,2,1,0,,5,,4,0,6,1,0,3,0,3,0,0,9,1,1,0,0,0,1,0,1,0,37,58,48,6,5,11,17,3,0,1,0,7,0,5,0,2,1,0,0,1,0,0,0,0,0,,,1,37,55,37,15,3,0,0,1
CIN190909040,evt,1909-09-04,0,CIN06,R,1,CIN,CHN,1,0,1,0,1,30,28,0,2,2,0,0,0,0,0,,0,0,7,0,1,1,0,1,0,0,3,1,1,1,0,0,0,0,1,0,27,39,33,3,3,10,14,2,1,0,0,2,0,0,0,0,4,0,0,0,0,0,0,8,15,,,1,27,39,27,12,0,0,0,0
CIN190909040,box,1909-09-04,0,CIN06,R,1,CIN,CHN,1,0,1,0,1,,28,0,2,2,0,0,0,,0,,0,0,7,0,1,1,0,1,0,0,3,1,1,1,0,0,0,0,1,0,27,39,33,3,3,10,14,2,1,0,0,2,0,0,0,0,4,0,0,0,0,0,0,0,0,,,1,27,39,27,12,0,0,0,0
CIN190909050,evt,1909-09-05,0,CIN06,R,1,CIN,SLN,1,0,1,0,1,38,34,3,7,7,0,0,0,0,3,,3,0,4,0,0,1,0,3,1,0,8,1,1,0,0,0,1,0,1,0,27,43,36,6,3,12,14,0,1,0,0,5,0,6,0,0,2,0,0,0,0,0,0,7,9,,,1,27,26,19,4,3,1,0,0
CIN190909050,box,1909-09-05,0,CIN06,R,1,CIN,SLN,1,0,1,0,1,,34,3,7,7,0,0,0,,3,,3,0,4,0,0,1,0,3,1,0,8,1,1,0,0,0,1,0,1,0,27,43,36,6,3,12,14,0,1,0,0,5,0,6,0,0,2,0,0,0,0,0,0,0,0,,,1,27,39,27,9,3,1,0,0
SLN190909061,evt,1909-09-06,1,STL05,R,0,CIN,SLN,1,1,0,0,1,42,36,6,11,20,1,1,2,0,6,,3,0,0,0,0,3,0,1,0,0,9,1,1,1,0,0,0,1,0,0,27,35,30,1,1,5,6,1,0,0,0,3,0,0,2,1,1,0,0,0,0,0,0,18,5,,,1,27,19,12,6,1,2,0,0
SLN190909061,box,1909-09-06,1,STL05,R,0,CIN,SLN,1,1,0,0,1,,36,6,11,20,1,1,2,,6,,3,0,,0,0,3,0,1,0,0,9,1,1,1,0,0,0,1,0,0,27,35,30,1,1,5,6,1,0,0,0,3,0,,2,1,1,0,0,0,0,0,0,0,0,,,1,27,40,27,12,1,2,0,0
SLN190909062,evt,1909-09-06,2,STL05,R,0,CIN,SLN,1,1,0,0,1,38,34,6,8,9,1,0,0,0,6,,0,0,0,0,0,3,1,2,0,0,5,1,1,1,0,0,0,1,0,0,27,42,36,5,5,11,11,0,0,0,0,6,0,1,2,0,0,0,0,0,0,0,0,21,1,,,1,27,17,9,7,1,2,0,0
SLN190909062,box,1909-09-06,2,STL05,R,0,CIN,SLN,1,1,0,0,1,,34,6,8,9,1,0,0,,6,,0,0,0,0,0,3,1,2,0,0,5,1,1,1,0,0,0,1,0,0,27,42,36,5,5,11,11,0,0,0,0,6,0,,2,0,0,0,0,0,0,0,0,0,0,,,1,27,45,27,17,1,2,0,0
PIT190909090,evt,1909-09-09,0,PIT06,R,0,CIN,PIT,1,0,1,0,1,32,30,1,4,4,0,0,0,0,1,,1,0,5,0,0,1,0,1,0,0,4,1,1,0,0,0,1,0,1,0,24,32,27,3,2,5,7,0,1,0,0,2,0,3,0,1,2,0,0,0,0,0,0,15,2,,,1,24,20,12,6,2,0,0,0
PIT190909090,box,1909-09-09,0,PIT06,R,0,CIN,PIT,1,0,1,0,1,,30,1,4,4,0,0,0,,1,,1,0,5,0,0,1,0,1,0,0,4,1,1,0,0,0,1,0,1,0,24,32,27,3,2,5,7,0,1,0,0,2,0,3,0,1,2,0,0,0,0,0,0,0,0,,,1,24,39,24,13,2,0,0,0
PIT190909100,evt,1909-09-10,0,PIT06,R,0,CIN,PIT,1,0,1,0,1,34,32,3,6,9,1,1,0,0,3,,1,0,4,0,0,0,1,2,1,0,4,1,1,0,0,0,1,0,1,0,24,31,27,4,3,6,12,2,2,0,0,1,0,2,0,0,3,0,0,0,0,0,0,12,6,,,1,24,22,14,7,1,0,0,0
PIT190909100,box,1909-09-10,0,PIT06,R,0,CIN,PIT,1,0,1,0,1,,32,3,6,9,1,1,0,,3,,1,0,4,0,0,0,1,2,1,0,4,1,1,0,0,0,1,0,1,0,24,31,27,4,3,6,12,2,2,0,0,1,0,2,0,0,3,0,0,0,0,0,0,0,0,,,1,24,37,24,12,1,0,0,0
PIT190909110,evt,1909-09-11,0,PIT06,R,0,CIN,PIT,1,0,1,0,1,34,33,1,7,10,1,1,0,0,0,,1,0,2,0,0,0,0,1,2,0,6,1,1,1,0,0,0,0,1,0,24,34,25,2,1,3,5,0,1,0,0,5,0,3,0,0,3,1,0,0,0,0,0,6,10,,,1,24,39,24,11,4,0,0,0
PIT190909110,box,1909-09-11,0,PIT06,R,0,CIN,PIT,1,0,1,0,1,,33,1,7,10,1,1,0,,0,,1,0,2,0,0,0,0,1,2,0,6,1,1,1,0,0,0,0,1,0,24,34,25,2,1,3,5,0,1,0,0,5,0,3,0,0,3,1,0,0,0,0,0,0,0,,,1,24,39,24,11,4,0,0,0
CIN190909120,evt,1909-09-12,0,CIN06,R,1,CIN,CHN,1,0,1,0,1,36,36,0,10,11,1,0,0,0,0,,0,0,7,0,0,0,0,2,1,0,9,1,1,0,0,0,1,0,1,0,27,41,34,5,5,11,13,2,0,0,0,6,0,3,1,0,1,0,0,1,0,0,0,11,8,,,1,27,44,27,16,1,2,0,0
CIN190909120,box,1909-09-12,0,CIN06,R,1,CIN,CHN,1,0,1,0,1,,36,0,10,11,1,0,0,,0,,0,0,7,0,0,0,0,2,1,0,9,1,1,0,0,0,1,0,1,0,27,41,34,5,5,11,13,2,0,0,0,6,0,3,1,0,1,0,0,1,0,0,0,0,0,,,1,27,44,27,16,1,2,0,0
CIN190909130,evt,1909-09-13,0,CIN06,R,1,CIN,CHN,1,1,0,0,1,36,32,3,9,11,2,0,0,0,2,,3,0,4,0,0,1,0,2,0,0,9,1,1,1,0,0,0,1,0,0,27,36,31,1,1,6,7,1,0,0,0,4,0,4,0,0,1,0,0,0,0,0,0,10,8,,,1,27,44,27,16,1,0,0,0
CIN190909130,box,1909-09-13,0,CIN06,R,1,CIN,CHN,1,1,0,0,1,,32,3,9,11,2,0,0,,2,,3,0,4,0,0,1,0,2,0,0,9,1,1,1,0,0,0,1,0,0,27,36,31,1,1,6,7,1,0,0,0,4,0,4,0,0,1,0,0,0,0,0,0,0,0,,,1,27,44,27,16,1,0,0,0
CIN190909140,evt,1909-09-14,0,CIN06,R,1,CIN,CHN,1,0,1,0,1,27,27,0,1,1,0,0,0,0,0,,0,0,5,1,0,0,0,0,0,0,0,1,1,1,0,0,0,0,1,0,27,33,30,4,4,6,10,0,2,0,0,1,0,3,0,1,1,0,0,1,0,0,0,8,12,,,1,27,40,27,12,1,1,0,0
CIN190909140,box,1909-09-14,0,CIN06,R,1,CIN,CHN,1,0,1,0,1,,27,0,1,1,0,0,0,,0,,0,0,5,1,0,0,0,0,0,0,0,1,1,1,0,0,0,0,1,0,27,33,30,4,4,6,10,0,2,0,0,1,0,3,0,1,1,0,0,1,0,0,0,0,0,,,1,27,40,27,12,1,1,0,0
CIN190909150,evt,1909-09-15,0,CIN06,R,1,CIN,PIT,1,0,1,0,1,35,34,2,7,11,1,0,1,0,2,,1,0,0,1,0,0,0,1,0,0,6,1,1,0,0,0,1,0,1,0,27,46,36,7,6,11,12,1,0,0,0,7,0,0,0,0,3,0,0,1,0,0,0,10,13,,,1,27,23,20,1,2,0,0,0
CIN190909150,box,1909-09-15,0,CIN06,R,1,CIN,PIT,1,0,1,0,1,,34,2,7,11,1,0,1,,2,,1,0,0,1,0,0,0,1,0,0,6,1,1,0,0,0,1,0,1,0,27,46,36,7,6,11,12,1,0,0,0,7,0,0,0,0,3,0,0,1,0,0,0,0,0,,,1,27,41,27,12,2,0,0,0
CIN190909160,evt,1909-09-16,0,CIN06,R,1,CIN,PIT,1,0,1,0,1,31,29,3,6,8,2,0,0,0,3,,1,0,4,0,0,1,0,1,3,0,1,1,1,0,0,0,1,0,1,0,27,43,40,9,3,11,16,1,2,0,0,3,1,3,1,0,0,0,0,2,0,0,0,13,10,,,1,27,47,27,15,5,1,0,0
CIN190909160,box,1909-09-16,0,CIN06,R,1,CIN,PIT,1,0,1,0,1,,29,3,6,8,2,0,0,,3,,1,0,4,0,0,1,0,1,3,0,1,1,1,0,0,0,1,0,1,0,27,43,40,9,3,11,16,1,2,0,0,3,1,3,1,0,0,0,0,2,0,0,0,0,0,,,1,27,47,27,15,5,1,0,0
CIN190909181,evt,1909-09-18,1,CIN06,R,1,CIN,BSN,1,0,1,0,1,31,26,1,5,5,0,0,0,0,0,,2,0,5,0,0,3,0,2,2,0,3,1,1,1,0,0,0,0,1,0,27,34,30,2,1,5,5,0,0,0,0,3,0,3,1,0,1,0,0,0,0,0,0,16,5,,,1,27,42,27,14,1,1,0,0
CIN190909181,box,1909-09-18,1,CIN06,R,1,CIN,BSN,1,0,1,0,1,,26,1,5,5,0,0,0,,0,,2,0,5,0,0,3,0,2,2,0,3,1,1,1,0,0,0,0,1,0,27,34,30,2,1,5,5,0,0,0,0,3,0,3,1,0,1,0,0,0,0,0,0,0,0,,,1,27,42,27,14,1,1,0,0
CIN190909182,evt,1909-09-18,2,CIN06,R,1,CIN,BSN,1,1,0,0,1,38,32,8,10,15,1,2,0,0,7,,5,0,4,0,0,1,0,4,1,0,6,1,1,1,0,0,0,1,0,0,27,36,33,5,2,5,6,1,0,0,0,3,0,6,0,0,0,0,0,1,0,0,0,7,12,,,1,27,40,27,9,4,0,0,0
CIN190909182,box,1909-09-18,2,CIN06,R,1,CIN,BSN,1,1,0,0,1,,32,8,10,15,1,2,0,,7,,5,0,4,0,0,1,0,4,1,0,6,1,1,1,0,0,0,1,0,0,27,36,33,5,2,5,6,1,0,0,0,3,0,6,0,0,0,0,0,1,0,0,0,0,0,,,1,27,40,27,9,4,0,0,0
CIN190909191,evt,1909-09-19,1,CIN06,R,1,CIN,BSN,1,1,0,0,1,36,32,5,8,11,1,1,0,0,4,,3,0,0,0,0,1,0,3,1,0,7,1,1,1,0,0,0,1,0,0,27,35,34,4,4,9,12,1,1,0,0,0,0,3,0,0,1,0,0,0,0,0,0,10,12,,,1,27,39,27,11,1,0,0,0
CIN190909191,box,1909-09-19,1,CIN06,R,1,CIN,BSN,1,1,0,0,1,,32,5,8,11,1,1,0,,4,,3,0,0,0,0,1,0,3,1,0,7,1,1,1,0,0,0,1,0,0,27,35,34,4,4,9,12,1,1,0,0,0,0,3,0,0,1,0,0,0,0,0,0,0,0,,,1,27,39,27,11,1,0,0,0
CIN190909192,evt,1909-09-19,2,CIN06,R,1,CIN,BSN,1,1,0,0,1,36,29,5,8,12,2,1,0,0,4,,6,0,1,0,0,1,0,3,1,0,7,1,1,1,0,0,0,1,0,0,27,38,36,3,2,8,12,0,2,0,0,2,0,2,0,0,0,0,0,0,0,0,0,9,15,,,1,27,34,25,8,1,0,0,0
CIN190909192,box,1909-09-19,2,CIN06,R,1,CIN,BSN,1,1,0,0,1,,29,5,8,12,2,1,0,,4,,6,0,1,0,0,1,0,3,1,0,7,1,1,1,0,0,0,1,0,0,27,38,36,3,2,8,12,0,2,0,0,2,0,2,0,0,0,0,0,0,0,0,0,0,0,,,1,27,37,27,9,1,0,0,0
CIN190909210,evt,1909-09-21,0,CIN06,R,1,CIN,PHI,1,1,0,0,1,40,32,4,9,11,2,0,0,0,3,,8,0,3,0,0,0,0,5,1,0,12,1,1,0,0,0,1,1,0,0,27,40,33,3,0,7,10,1,1,0,0,4,0,3,0,0,3,0,0,0,0,0,0,5,14,,,1,27,41,27,10,4,1,0,0
CIN190909210,box,1909-09-21,0,CIN06,R,1,CIN,PHI,1,1,0,0,1,,32,4,9,11,2,0,0,,3,,8,0,3,0,0,0,0,5,1,0,12,1,1,0,0,0,1,1,0,0,27,40,33,3,0,7,10,1,1,0,0,4,0,3,0,0,3,0,0,0,0,0,0,0,0,,,1,27,41,27,10,4,1,0,0
CIN190909220,evt,1909-09-22,0,CIN06,R,1,CIN,PHI,1,0,0,1,1,57,51,4,11,16,1,2,0,0,4,,5,0,5,0,0,1,0,2,1,0,11,1,1,0,0,0,1,0,0,0,42,53,49,4,3,8,13,1,2,0,0,1,0,7,0,1,2,0,0,0,0,0,0,16,17,,,1,42,60,42,15,3,0,0,0
CIN190909220,box,1909-09-22,0,CIN06,R,1,CIN,PHI,1,0,0,1,1,,51,4,11,16,1,2,0,,4,,5,0,5,0,0,1,0,2,1,0,11,1,1,0,0,0,1,0,0,0,42,53,49,4,3,8,13,1,2,0,0,1,0,7,0,1,2,0,0,0,0,0,0,0,0,,,1,42,60,42,15,3,0,0,0
CIN190909230,evt,1909-09-23,0,CIN06,R,1,CIN,PHI,1,0,1,0,1,33,31,2,7,8,1,0,0,0,2,,2,0,2,0,0,0,0,3,1,0,4,1,1,0,0,0,1,0,1,0,27,49,36,12,2,10,12,0,1,0,0,4,0,4,0,3,3,3,0,0,0,0,0,9,11,,,1,27,46,27,11,8,0,0,0
CIN190909230,box,1909-09-23,0,CIN06,R,1,CIN,PHI,1,0,1,0,1,,31,2,7,8,1,0,0,,2,,2,0,2,0,0,0,0,3,1,0,4,1,1,0,0,0,1,0,1,0,27,49,36,12,2,10,12,0,1,0,0,4,0,4,0,3,3,3,0,0,0,0,0,0,0,,,1,27,45,27,10,8,0,0,0
CIN190909240,evt,1909-09-24,0,CIN06,R,1,CIN,NY1,1,0,1,0,1,42,35,9,9,11,0,1,0,0,9,,7,0,11,0,0,0,0,6,0,0,6,1,1,0,0,0,1,0,1,0,27,43,38,12,12,13,20,1,3,0,0,4,0,2,0,1,0,0,0,0,0,2,1,14,8,,,1,27,32,19,9,4,1,0,0
CIN190909240,box,1909-09-24,0,CIN06,R,1,CIN,NY1,1,0,1,0,1,,35,9,9,11,0,1,0,,9,,7,0,11,0,0,0,0,6,0,0,6,1,1,0,0,0,1,0,1,0,27,43,38,12,12,13,20,1,3,0,0,4,0,2,0,1,0,0,0,0,0,0,0,0,0,,,1,27,46,27,15,4,1,0,0
CIN190909251,evt,1909-09-25,1,CIN06,R,1,CIN,NY1,1,1,0,0,1,37,29,5,10,10,0,0,0,0,4,,4,0,5,0,0,4,0,7,2,0,8,1,1,1,0,0,0,1,0,0,27,36,27,2,2,7,10,1,1,0,0,5,0,2,1,1,1,2,0,0,0,0,0,13,6,,,1,27,29,19,10,0,3,0,0
CIN190909251,box,1909-09-25,1,CIN06,R,1,CIN,NY1,1,1,0,0,1,,29,5,10,10,0,0,0,,4,,4,0,5,0,0,4,0,7,2,0,8,1,1,1,0,0,0,1,0,0,27,36,27,2,2,7,10,1,1,0,0,5,0,2,1,1,1,2,0,0,0,0,0,0,0,,,1,27,45,27,18,0,3,0,0
CIN190909252,evt,1909-09-25,2,CIN06,R,1,CIN,NY1,1,0,0,1,1,30,29,1,5,6,1,0,0,0,1,,0,0,2,0,0,1,0,2,1,0,2,1,1,1,0,0,0,0,0,0,27,34,31,1,0,7,8,1,0,0,0,2,0,3,0,1,0,0,0,0,0,0,0,11,9,,,1,27,29,19,7,3,0,0,0
CIN190909252,box,1909-09-25,2,CIN06,R,1,CIN,NY1,1,0,0,1,1,,29,1,5,6,1,0,0,,1,,0,0,2,0,0,1,0,2,1,0,2,1,1,1,0,0,0,0,0,0,27,34,31,1,0,7,8,1,0,0,0,2,0,3,0,1,0,0,0,0,0,0,0,0,0,,,1,27,40,27,10,3,0,0,0
CIN190909261,evt,1909-09-26,1,CIN06,R,1,CIN,NY1,1,0,1,0,1,41,34,4,8,13,1,2,0,0,4,,6,1,8,0,0,0,1,4,1,0,10,1,1,1,0,0,0,0,1,0,27,44,34,7,5,8,10,2,0,0,0,10,0,3,0,0,0,0,0,0,0,0,0,13,8,,,1,27,22,15,4,3,1,0,0
CIN190909261,box,1909-09-26,1,CIN06,R,1,CIN,NY1,1,0,1,0,1,,34,4,8,13,1,2,0,,4,,6,1,8,0,0,0,1,4,1,0,10,1,1,1,0,0,0,0,1,0,27,44,34,7,5,8,10,2,0,0,0,10,0,3,0,0,0,0,0,0,0,0,0,0,0,,,1,27,41,27,11,3,1,0,0
CIN190909262,evt,1909-09-26,2,CIN06,R,1,CIN,NY1,1,1,0,0,1,26,22,3,7,7,0,0,0,0,3,,4,0,1,0,0,0,0,5,1,0,8,1,1,1,1,0,0,1,0,0,18,20,19,0,0,1,1,0,0,0,0,1,0,1,0,0,0,0,0,0,0,0,0,15,1,,,1,18,6,4,1,1,1,0,0
CIN190909262,box,1909-09-26,2,CIN06,R,1,CIN,NY1,1,1,0,0,1,,22,3,7,7,0,0,0,,3,,4,0,1,0,0,0,0,5,1,0,8,1,1,1,1,0,0,1,0,0,18,20,19,0,0,1,1,0,0,0,0,1,0,1,0,0,0,0,0,0,0,0,0,0,0,,,1,18,26,18,7,1,1,0,0
CIN190909271,evt,1909-09-27,1,CIN06,R,1,CIN,BRO,1,1,0,0,1,32,30,4,10,11,1,0,0,0,3,,0,0,2,0,0,1,1,0,1,0,4,1,1,1,0,0,0,1,0,0,27,39,37,3,2,9,12,1,1,0,0,1,0,9,0,0,1,0,0,0,0,0,0,11,6,,,1,27,25,20,3,2,0,0,0
CIN190909271,box,1909-09-27,1,CIN06,R,1,CIN,BRO,1,1,0,0,1,,30,4,10,11,1,0,0,,3,,0,0,2,0,0,1,1,0,1,0,4,1,1,1,0,0,0,1,0,0,27,39,37,3,2,9,12,1,1,0,0,1,0,9,0,0,1,0,0,0,0,0,0,0,0,,,1,27,37,27,8,2,0,0,0
CIN190909272,evt,1909-09-27,2,CIN06,R,1,CIN,BRO,1,1,0,0,1,31,29,3,9,16,2,1,1,0,3,,2,0,2,0,0,0,0,0,1,0,7,1,1,1,0,0,0,1,0,0,24,32,28,1,1,4,5,1,0,0,0,3,0,4,0,0,1,0,0,1,0,0,0,9,10,,,1,24,26,20,5,1,0,0,1
CIN190909272,box,1909-09-27,2,CIN06,R,1,CIN,BRO,1,1,0,0,1,,29,3,9,16,2,1,1,,3,,2,0,2,0,0,0,0,0,1,0,7,1,1,1,0,0,0,1,0,0,24,32,28,1,1,4,5,1,0,0,0,3,0,4,0,0,1,0,0,1,0,0,0,0,0,,,1,24,34,24,9,1,0,0,1
CIN190909280,evt,1909-09-28,0,CIN06,R,1,CIN,BRO,1,0,1,0,1,42,39,1,6,6,0,0,0,0,0,,3,0,2,0,0,0,0,0,2,0,8,1,1,1,0,0,0,0,1,0,33,44,42,4,2,9,10,1,0,0,0,1,0,6,0,0,1,0,0,1,0,0,0,16,9,,,1,33,44,28,11,5,0,0,0
CIN190909280,box,1909-09-28,0,CIN06,R,1,CIN,BRO,1,0,1,0,1,,39,1,6,6,0,0,0,,0,,3,0,2,0,0,0,0,0,2,0,8,1,1,1,0,0,0,0,1,0,33,44,42,4,2,9,10,1,0,0,0,1,0,6,0,0,1,0,0,1,0,0,0,0,0,,,1,33,55,33,17,5,0,0,0
CIN190909290,evt,1909-09-29,0,CIN06,R,1,CIN,BRO,1,1,0,0,1,37,30,7,8,13,0,1,1,0,7,,5,0,3,0,1,0,1,1,2,0,6,1,1,0,0,0,1,1,0,1,27,34,32,3,1,7,9,2,0,0,0,0,0,7,0,0,2,0,0,0,0,0,0,10,7,,,1,27,34,23,9,2,1,0,0
CIN190909290,box,1909-09-29,0,CIN06,R,1,CIN,BRO,1,1,0,0,1,,30,7,8,13,0,1,1,,7,,5,0,3,0,1,0,1,1,2,0,6,1,1,0,0,0,1,1,0,1,27,34,32,3,1,7,9,2,0,0,0,0,0,7,0,0,2,0,0,0,0,0,0,0,0,,,1,27,42,27,13,2,1,0,0
CIN190910010,evt,1909-10-01,0,CIN06,R,1,CIN,SLN,1,1,0,0,1,38,28,6,9,15,0,3,0,0,5,,7,0,10,0,1,1,1,4,3,0,8,1,1,1,0,0,0,1,0,0,27,39,38,5,5,14,14,0,0,0,0,0,0,4,1,1,0,0,0,0,0,0,0,6,13,,,1,27,26,19,5,2,2,0,0
CIN190910010,box,1909-10-01,0,CIN06,R,1,CIN,SLN,1,1,0,0,1,,28,6,9,15,0,3,0,,5,,7,0,10,0,1,1,1,4,3,0,8,1,1,1,0,0,0,1,0,0,27,39,38,5,5,14,14,0,0,0,0,0,0,4,1,1,0,0,0,0,0,0,0,0,0,,,1,27,39,27,10,2,2,0,0
CIN190910020,evt,1909-10-02,0,CIN06,R,1,CIN,SLN,1,0,1,0,1,38,32,3,6,8,0,1,0,0,3,,6,0,5,0,0,0,0,1,1,0,8,1,1,1,0,0,0,0,1,0,27,42,38,8,7,14,17,3,0,0,0,3,0,4,1,0,1,0,0,0,0,0,0,10,7,,,1,27,22,15,4,3,2,0,0
CIN190910020,box,1909-10-02,0,CIN06,R,1,CIN,SLN,1,0,1,0,1,,32,3,6,8,0,1,0,,3,,6,0,5,0,0,0,0,1,1,0,8,1,1,1,0,0,0,0,1,0,27,42,38,8,7,14,17,3,0,0,0,3,0,4,1,0,1,0,0,0,0,0,0,0,0,,,1,27,47,27,17,3,2,0,0
CIN190910031,evt,1909-10-03,1,CIN06,R,1,CIN,SLN,1,1,0,0,1,35,32,6,9,12,1,1,0,0,4,,1,0,4,0,0,2,0,2,1,0,5,1,1,1,0,0,0,1,0,0,27,40,35,4,3,7,10,1,1,0,0,5,0,4,0,0,0,0,0,0,0,0,0,9,12,,,1,27,23,19,3,1,0,0,0
CIN190910031,box,1909-10-03,1,CIN06,R,1,CIN,SLN,1,1,0,0,1,,32,6,9,12,1,1,0,,4,,1,0,4,0,0,2,0,2,1,0,5,1,1,1,0,0,0,1,0,0,27,40,35,4,3,7,10,1,1,0,0,5,0,4,0,0,0,0,0,0,0,0,0,0,0,,,1,27,36,27,8,1,0,0,0
CIN190910032,evt,1909-10-03,2,CIN06,R,1,CIN,SLN,1,0,1,0,1,24,23,1,6,7,1,0,0,0,1,,1,0,1,0,0,0,0,0,2,0,5,1,1,1,0,0,0,0,1,0,18,32,29,8,5,11,11,0,0,0,0,2,0,3,0,0,1,0,0,0,0,0,0,11,1,,,1,18,24,11,8,5,0,0,0
CIN190910032,box,1909-10-03,2,CIN06,R,1,CIN,SLN,1,0,1,0,1,,23,1,6,7,1,0,0,,1,,1,0,1,0,0,0,0,0,2,0,5,1,1,1,0,0,0,0,1,0,18,32,29,8,5,11,11,0,0,0,0,2,0,3,0,0,1,0,0,0,0,0,0,0,0,,,1,18,36,18,13,5,0,0,0
CIN190910051,evt,1909-10-05,1,CIN06,R,1,CIN,PIT,1,0,1,0,1,36,33,4,11,13,2,0,0,0,4,,1,0,6,1,0,2,0,0,1,0,5,1,1,1,0,0,0,0,1,0,27,40,35,5,4,8,8,0,0,0,0,5,0,3,0,0,0,0,0,0,0,0,0,10,14,,,1,27,25,21,3,1,0,0,0
CIN190910051,box,1909-10-05,1,CIN06,R,1,CIN,PIT,1,0,1,0,1,,33,4,11,13,2,0,0,,4,,1,0,6,1,0,2,0,0,1,0,5,1,1,1,0,0,0,0,1,0,27,40,35,5,4,8,8,0,0,0,0,5,0,3,0,0,0,0,0,0,0,0,0,0,0,,,1,27,35,27,7,1,0,0,0
CIN190910052,evt,1909-10-05,2,CIN06,R,1,CIN,PIT,1,0,1,0,1,30,26,4,8,12,1,0,1,0,4,,1,0,2,0,1,2,0,1,1,0,5,1,1,1,0,0,0,0,1,0,21,33,29,7,6,7,13,1,1,1,0,4,0,3,0,0,0,0,0,0,0,0,0,8,10,,,1,21,21,17,2,2,0,0,1
CIN190910052,box,1909-10-05,2,CIN06,R,1,CIN,PIT,1,0,1,0,1,,26,4,8,12,1,0,1,,4,,1,0,2,0,1,2,0,1,1,0,5,1,1,1,0,0,0,0,1,0,21,33,29,7,6,7,13,1,1,1,0,4,0,3,0,0,0,0,0,0,0,0,0,0,0,,,1,21,30,21,7,2,0,0,1
SLA190904140,evt,1909-04-14,0,STL07,R,0,CLE,SLA,1,1,0,0,1,33,32,4,5,6,1,0,0,0,2,,0,0,2,2,0,1,0,0,0,0,2,1,1,1,0,0,0,1,0,0,27,33,32,2,2,8,11,3,0,0,0,1,0,1,2,0,0,0,0,0,0,0,0,19,3,,,1,27,31,17,13,1,2,0,0
SLA190904140,box,1909-04-14,0,STL07,R,0,CLE,SLA,1,1,0,0,1,,32,4,5,6,1,0,0,,2,,0,0,0,2,0,1,0,0,0,0,2,1,1,1,0,0,0,1,0,0,27,33,32,2,2,8,11,3,0,0,0,1,0,1,2,0,0,0,0,0,0,0,0,0,0,,,1,27,50,27,22,1,2,0,0
SLA190904150,evt,1909-04-15,0,STL07,R,0,CLE,SLA,1,1,0,0,1,35,31,4,6,7,1,0,0,0,4,,2,0,3,0,0,2,0,0,0,0,4,1,1,1,0,0,0,1,0,0,27,37,34,3,2,10,13,0,0,1,0,2,0,5,1,0,1,0,0,0,0,0,0,16,3,,,1,27,18,13,3,2,2,0,1
SLA190904150,box,1909-04-15,0,STL07,R,0,CLE,SLA,1,1,0,0,1,,31,4,6,7,1,0,0,,4,,2,0,3,0,0,2,0,0,0,0,4,1,1,1,0,0,0,1,0,0,27,37,34,3,2,10,13,0,0,1,0,2,0,5,1,0,1,0,0,0,0,0,0,0,0,,,1,27,42,27,13,2,2,0,1
SLA190904160,evt,1909-04-16,0,STL07,R,0,CLE,SLA,1,0,1,0,1,34,33,5,7,11,2,1,0,0,5,,1,0,2,0,0,0,0,0,0,0,2,1,1,0,0,0,1,0,1,0,24,40,36,6,6,12,17,2,0,1,0,3,1,0,0,1,0,0,0,0,0,0,0,19,3,,,1,24,13,7,4,2,0,0,1
SLA190904160,box,1909-04-16,0,STL07,R,0,CLE,SLA,1,0,1,0,1,,33,5,7,11,2,1,0,,5,,1,0,,0,0,0,0,0,0,0,2,1,1,0,0,0,1,0,1,0,24,40,36,6,6,12,17,2,0,1,0,3,1,,0,1,0,0,0,0,0,0,0,0,0,,,1,24,36,24,10,2,0,0,1
DET190904170,evt,1909-04-17,0,DET02,R,0,CLE,DET,1,0,1,0,1,38,35,5,8,10,2,0,0,0,0,,2,0,6,0,1,0,0,0,1,0,6,1,1,0,0,0,1,0,1,0,24,36,31,6,6,10,11,1,0,0,0,2,0,3,0,1,1,1,0,0,0,2,1,9,9,,,1,24,40,24,13,3,1,0,0
DET190904170,box,1909-04-17,0,DET02,R,0,CLE,DET,1,0,1,0,1,,35,5,8,10,2,0,0,,0,,2,0,6,0,1,0,0,0,1,0,6,1,1,0,0,0,1,0,1,0,24,36,31,6,6,10,11,1,0,0,0,2,0,3,0,1,1,1,0,0,0,0,0,0,0,,,1,24,40,24,13,3,1,0,0
DET190904180,evt,1909-04-18,0,DET02,R,0,CLE,DET,1,0,1,0,1,32,29,2,3,5,2,0,0,0,2,,3,0,5,0,0,0,0,0,1,0,3,1,1,1,0,0,0,0,1,0,24,30,25,3,3,4,6,2,0,0,0,2,0,0,0,0,2,1,0,0,0,0,0,17,4,,,1,24,11,7,3,1,0,0,0
DET190904180,box,1909-04-18,0,DET02,R,0,CLE,DET,1,0,1,0,1,,29,2,3,5,2,0,0,,2,,3,0,0,0,0,0,0,0,1,0,3,1,1,1,0,0,0,0,1,0,24,30,25,3,3,4,6,2,0,0,0,2,0,0,0,0,2,1,0,0,0,0,0,0,0,,,1,24,37,24,12,1,0,0,0
DET190904200,evt,1909-04-20,0,DET02,R,0,CLE,DET,1,1,0,0,1,45,44,12,17,23,1,1,1,0,9,,0,0,4,0,1,0,0,2,1,0,6,1,1,1,0,0,0,1,0,0,27,32,30,2,0,3,3,0,0,0,0,2,0,0,1,0,0,0,0,0,0,0,0,22,4,,,1,27,15,8,5,2,1,0,2
DET190904200,box,1909-04-20,0,DET02,R,0,CLE,DET,1,1,0,0,1,,44,12,17,23,1,1,1,,9,,0,0,,0,1,0,0,2,1,0,6,1,1,1,0,0,0,1,0,0,27,32,30,2,0,3,3,0,0,0,0,2,0,,1,0,0,0,0,0,0,0,0,0,0,,,1,27,43,27,14,2,1,0,2
CLE190904220,evt,1909-04-22,0,CLE05,R,1,CLE,SLA,1,0,1,0,1,60,55,4,16,19,3,0,0,0,3,,2,0,7,0,1,2,0,0,1,0,14,1,1,0,0,0,1,0,1,0,42,59,47,6,6,12,15,1,1,0,0,8,1,5,1,0,3,1,0,1,0,1,0,17,12,,,1,42,41,28,11,2,1,0,0
CLE190904220,box,1909-04-22,0,CLE05,R,1,CLE,SLA,1,0,1,0,1,,55,4,16,19,3,0,0,,3,,2,0,7,0,1,2,0,0,1,0,14,1,1,0,0,0,1,0,1,0,42,59,47,6,6,12,15,1,1,0,0,8,1,5,1,0,3,1,0,1,0,0,0,0,0,,,1,42,64,42,20,2,1,0,0
CLE190904230,evt,1909-04-23,0,CLE05,R,1,CLE,SLA,1,0,1,0,1,35,33,1,7,9,2,0,0,0,1,,1,0,1,0,1,0,0,0,1,0,7,1,1,1,0,0,0,0,1,0,27,35,32,3,2,8,10,0,1,0,0,1,0,4,0,0,2,0,0,0,0,0,0,11,8,,,1,27,45,27,17,1,0,0,0
CLE190904230,box,1909-04-23,0,CLE05,R,1,CLE,SLA,1,0,1,0,1,,33,1,7,9,2,0,0,,1,,1,0,1,0,1,0,0,0,1,0,7,1,1,1,0,0,0,0,1,0,27,35,32,3,2,8,10,0,1,0,0,1,0,4,0,0,2,0,0,0,0,0,0,0,0,,,1,27,45,27,17,1,0,0,0
CLE190904240,evt,1909-04-24,0,CLE05,R,1,CLE,SLA,1,1,0,0,1,41,35,7,13,16,1,1,0,0,6,,3,0,11,0,1,1,1,2,3,0,10,1,1,1,0,0,0,1,0,0,27,40,35,3,2,11,11,0,0,0,0,3,0,1,3,1,1,0,0,0,0,0,0,9,10,,,1,27,48,27,17,4,3,0,0
CLE190904240,box,1909-04-24,0,CLE05,R,1,CLE,SLA,1,1,0,0,1,,35,7,13,16,1,1,0,,6,,3,0,11,0,1,1,1,2,3,0,10,1,1,1,0,0,0,1,0,0,27,40,35,3,2,11,11,0,0,0,0,3,0,1,3,1,1,0,0,0,0,0,0,0,0,,,1,27,48,27,17,4,3,0,0
DET190904250,evt,1909-04-25,0,DET02,R,0,CLE,DET,1,0,1,0,1,32,31,0,3,5,2,0,0,0,0,,1,0,1,0,0,0,0,0,0,0,5,1,1,1,0,0,0,0,1,0,24,30,26,3,3,6,9,3,0,0,0,2,0,1,0,0,2,0,0,1,0,0,0,12,5,,,1,24,14,9,5,0,1,0,0
DET190904250,box,1909-04-25,0,DET02,R,0,CLE,DET,1,0,1,0,1,,31,0,3,5,2,0,0,,0,,1,0,1,0,0,0,0,0,0,0,5,1,1,1,0,0,0,0,1,0,24,30,26,3,3,6,9,3,0,0,0,2,0,,0,0,2,0,0,1,0,0,0,0,0,,,1,24,35,24,11,0,1,0,0
CLE190904260,evt,1909-04-26,0,CLE05,R,1,CLE,DET,1,0,1,0,1,37,33,2,4,4,0,0,0,0,2,,4,0,5,0,0,0,0,2,0,0,8,1,1,1,0,0,0,0,1,0,27,38,34,4,2,9,12,1,1,0,0,2,0,2,1,0,2,0,0,1,0,0,0,8,13,,,1,27,43,27,13,3,1,0,0
CLE190904260,box,1909-04-26,0,CLE05,R,1,CLE,DET,1,0,1,0,1,,33,2,4,4,0,0,0,,2,,4,0,5,0,0,0,0,2,0,0,8,1,1,1,0,0,0,0,1,0,27,38,34,4,2,9,12,1,1,0,0,2,0,2,1,0,2,0,0,1,0,0,0,0,0,,,1,27,44,27,14,3,1,0,0
CLE190904280,evt,1909-04-28,0,CLE05,R,1,CLE,DET,1,0,1,0,1,33,30,1,4,4,0,0,0,0,1,,2,0,2,0,0,1,0,0,0,0,5,1,1,0,0,0,1,0,1,0,27,41,35,8,6,12,18,4,1,0,0,3,0,4,0,0,2,1,0,0,0,0,0,8,9,,,1,27,44,27,14,3,1,0,0
CLE190904280,box,1909-04-28,0,CLE05,R,1,CLE,DET,1,0,1,0,1,,30,1,4,4,0,0,0,,1,,2,0,2,0,0,1,0,0,0,0,5,1,1,0,0,0,1,0,1,0,27,41,35,8,6,12,18,4,1,0,0,3,0,4,0,0,2,1,0,0,0,0,0,0,0,,,1,27,44,27,14,3,1,0,0
SLA190905020,evt,1909-05-02,0,STL07,R,0,CLE,SLA,1,1,0,0,1,32,31,1,7,7,0,0,0,0,1,,0,0,0,1,0,1,0,0,1,0,4,1,1,1,1,0,0,1,0,0,27,31,29,0,0,4,6,2,0,0,0,1,0,3,1,0,1,0,0,0,0,0,0,21,0,,,1,27,25,14,11,0,1,0,0
SLA190905020,box,1909-05-02,0,STL07,R,0,CLE,SLA,1,1,0,0,1,,31,1,7,7,0,0,0,,1,,0,0,,1,0,1,0,0,1,0,4,1,1,1,1,0,0,1,0,0,27,31,29,0,0,4,6,2,0,0,0,1,0,3,1,0,1,0,0,0,0,0,0,0,0,,,1,27,45,27,18,0,1,0,0
CLE190905040,evt,1909-05-04,0,CLE05,R,1,CLE,CHA,1,1,0,0,1,41,35,10,13,16,1,1,0,0,9,,3,0,3,0,1,2,0,3,0,0,7,1,1,1,0,0,0,1,0,0,27,34,31,2,2,4,5,1,0,0,0,3,0,2,0,0,0,0,0,0,0,0,0,12,13,,,1,27,27,20,6,1,0,0,0
CLE190905040,box,1909-05-04,0,CLE05,R,1,CLE,CHA,1,1,0,0,1,,35,10,13,16,1,1,0,,9,,3,0,3,0,1,2,0,3,0,0,7,1,1,1,0,0,0,1,0,0,27,34,31,2,2,4,5,1,0,0,0,3,0,2,0,0,0,0,0,0,0,0,0,0,0,,,1,27,36,27,8,1,0,0,0
CLE190905050,evt,1909-05-05,0,CLE05,R,1,CLE,CHA,1,0,1,0,1,39,37,5,10,15,3,1,0,0,5,,2,0,2,0,0,0,0,1,0,0,7,1,1,1,0,0,0,0,1,0,27,36,30,6,3,5,6,1,0,0,0,3,1,1,1,0,3,0,0,0,0,0,0,10,11,,,1,27,45,27,14,4,1,0,0
CLE190905050,box,1909-05-05,0,CLE05,R,1,CLE,CHA,1,0,1,0,1,,37,5,10,15,3,1,0,,5,,2,0,2,0,0,0,0,1,0,0,7,1,1,1,0,0,0,0,1,0,27,36,30,6,3,5,6,1,0,0,0,3,1,1,1,0,3,0,0,0,0,0,0,0,0,,,1,27,45,27,14,4,1,0,0
CLE190905060,evt,1909-05-06,0,CLE05,R,1,CLE,CHA,1,1,0,0,1,31,29,2,6,6,0,0,0,0,1,,0,0,2,0,1,1,0,1,3,0,4,1,1,1,0,0,0,1,0,0,27,33,30,1,1,4,7,1,1,0,0,2,0,9,1,1,0,0,0,0,0,0,0,8,8,,,1,27,37,27,9,1,2,0,0
CLE190905060,box,1909-05-06,0,CLE05,R,1,CLE,CHA,1,1,0,0,1,,29,2,6,6,0,0,0,,1,,0,0,2,0,1,1,0,1,3,0,4,1,1,1,0,0,0,1,0,0,27,33,30,1,1,4,7,1,1,0,0,2,0,9,1,1,0,0,0,0,0,0,0,0,0,,,1,27,37,27,9,1,2,0,0
CLE190905080,evt,1909-05-08,0,CLE05,R,1,CLE,CHA,1,1,0,0,1,36,34,8,12,17,1,2,0,0,8,,1,0,6,0,0,1,0,0,1,0,4,1,1,0,0,0,1,1,0,0,27,40,34,4,2,6,6,0,0,0,0,3,0,2,0,2,1,0,0,1,0,0,0,13,9,,,1,27,35,21,12,2,0,0,0
CLE190905080,box,1909-05-08,0,CLE05,R,1,CLE,CHA,1,1,0,0,1,,34,8,12,17,1,2,0,,8,,1,0,6,0,0,1,0,0,1,0,4,1,1,0,0,0,1,1,0,0,27,40,34,4,2,6,6,0,0,0,0,3,0,2,0,2,1,0,0,1,0,0,0,0,0,,,1,27,43,27,14,2,0,0,0
CHA190905091,evt,1909-05-09,1,CHI09,R,0,CLE,CHA,1,0,1,0,1,37,28,2,4,5,1,0,0,0,2,,4,0,5,1,1,3,1,1,0,0,8,1,1,1,0,0,0,0,1,0,24,33,32,4,2,8,9,1,0,0,0,1,0,3,0,0,0,0,0,0,0,0,0,17,2,,,1,24,12,8,2,2,1,0,0
CHA190905091,box,1909-05-09,1,CHI09,R,0,CLE,CHA,1,0,1,0,1,,28,2,4,5,1,0,0,,2,,4,0,5,1,1,3,1,1,0,0,8,1,1,1,0,0,0,0,1,0,24,33,32,4,2,8,9,1,0,0,0,1,0,3,0,0,0,0,0,0,0,0,0,0,0,,,1,24,40,24,14,2,1,0,0
CHA190905092,evt,1909-05-09,2,CHI09,R,0,CLE,CHA,1,1,0,0,1,37,32,4,7,9,2,0,0,0,4,,4,0,6,0,0,1,0,1,1,0,6,1,1,1,0,0,0,1,0,0,27,36,29,1,1,5,5,0,0,0,0,5,0,3,1,0,2,0,0,0,0,0,0,16,4,,,1,27,16,11,4,1,2,0,1
CHA190905092,box,1909-05-09,2,CHI09,R,0,CLE,CHA,1,1,0,0,1,,32,4,7,9,2,0,0,,4,,4,0,6,0,0,1,0,1,1,0,6,1,1,1,0,0,0,1,0,0,27,36,29,1,1,5,5,0,0,0,0,5,0,3,1,0,2,0,0,0,0,0,0,0,0,,,1,27,37,27,9,1,2,0,1
CLE190905110,evt,1909-05-11,0,CLE05,R,1,CLE,BOS,1,0,1,0,1,31,30,1,6,7,1,0,0,0,1,,0,0,5,0,0,0,1,0,0,0,3,1,1,0,0,0,1,0,1,0,27,38,35,5,5,11,18,3,2,0,0,2,0,3,0,0,1,0,0,0,0,1,0,16,3,,,1,27,15,11,3,1,0,0,0
CLE190905110,box,1909-05-11,0,CLE05,R,1,CLE,BOS,1,0,1,0,1,,30,1,6,7,1,0,0,,1,,0,0,5,0,0,0,1,0,0,0,3,1,1,0,0,0,1,0,1,0,27,38,35,5,5,11,18,3,2,0,0,2,0,3,0,0,1,0,0,0,0,0,0,0,0,,,1,27,45,27,17,1,0,0,0
CLE190905120,evt,1909-05-12,0,CLE05,R,1,CLE,BOS,1,0,1,0,1,36,31,2,7,8,1,0,0,0,2,,5,0,4,1,0,0,0,0,0,0,7,1,1,1,0,0,0,0,1,0,27,34,31,3,3,6,8,2,0,0,0,1,0,10,0,1,1,0,0,0,0,0,0,12,1,,,1,27,25,17,6,2,1,0,1
CLE190905120,box,1909-05-12,0,CLE05,R,1,CLE,BOS,1,0,1,0,1,,31,2,7,8,1,0,0,,2,,5,0,4,1,0,0,0,0,0,0,7,1,1,1,0,0,0,0,1,0,27,34,31,3,3,6,8,2,0,0,0,1,0,10,0,1,1,0,0,0,0,0,0,0,0,,,1,27,43,27,14,2,1,0,1
CLE190905130,evt,1909-05-13,0,CLE05,R,1,CLE,BOS,1,0,1,0,1,34,28,1,5,8,1,1,0,0,1,,4,0,3,0,1,1,0,1,2,0,6,1,1,1,0,0,0,0,1,0,27,44,38,8,3,17,17,0,0,0,0,3,0,2,0,0,3,0,0,0,0,0,0,15,3,,,1,27,27,15,8,4,2,0,0
CLE190905130,box,1909-05-13,0,CLE05,R,1,CLE,BOS,1,0,1,0,1,,28,1,5,8,1,1,0,,1,,4,0,3,0,1,1,0,1,2,0,6,1,1,1,0,0,0,0,1,0,27,44,38,8,3,17,17,0,0,0,0,3,0,2,0,0,3,0,0,0,0,0,0,0,0,,,1,27,47,27,16,4,2,0,0
CLE190905150,evt,1909-05-15,0,CLE05,R,1,CLE,NYA,1,0,1,0,1,37,34,3,9,11,2,0,0,0,3,,0,0,2,1,1,1,1,0,1,0,7,1,1,1,0,0,0,0,1,0,27,38,34,4,1,9,13,2,1,0,0,0,0,2,0,1,2,1,0,0,0,0,0,14,9,,,1,27,35,21,11,3,1,0,1
CLE190905150,box,1909-05-15,0,CLE05,R,1,CLE,NYA,1,0,1,0,1,,34,3,9,11,2,0,0,,3,,0,0,2,1,1,1,1,0,1,0,7,1,1,1,0,0,0,0,1,0,27,38,34,4,1,9,13,2,1,0,0,0,0,2,0,1,2,1,0,0,0,0,0,0,0,,,1,27,42,27,12,3,1,0,1
CLE190905170,evt,1909-05-17,0,CLE05,R,1,CLE,NYA,1,0,1,0,1,53,43,5,9,11,0,1,0,0,4,,6,0,6,0,0,4,0,2,0,0,12,1,1,1,0,0,0,0,1,0,36,52,46,6,4,12,15,3,0,0,0,3,0,6,1,0,3,0,0,2,0,0,0,20,7,,,1,36,39,25,12,2,1,0,0
CLE190905170,box,1909-05-17,0,CLE05,R,1,CLE,NYA,1,0,1,0,1,,43,5,9,11,0,1,0,,4,,6,0,6,0,0,4,0,2,0,0,12,1,1,1,0,0,0,0,1,0,36,52,46,6,4,12,15,3,0,0,0,3,0,6,1,0,3,0,0,2,0,0,0,0,0,,,1,36,56,36,18,2,1,0,0
CLE190905180,evt,1909-05-18,0,CLE05,R,1,CLE,NYA,1,0,1,0,1,27,20,2,5,6,1,0,0,0,2,,5,0,0,1,0,2,0,2,1,0,7,1,1,0,0,0,1,0,1,0,18,26,21,4,4,6,6,0,0,0,0,3,0,0,0,0,2,0,0,1,0,2,1,9,4,,,1,18,31,18,12,1,0,0,0
CLE190905180,box,1909-05-18,0,CLE05,R,1,CLE,NYA,1,0,1,0,1,,20,2,5,6,1,0,0,,2,,5,0,0,1,0,2,0,2,1,0,7,1,1,0,0,0,1,0,1,0,18,26,21,4,4,6,6,0,0,0,0,3,0,0,0,0,2,0,0,1,0,0,0,0,0,,,1,18,31,18,12,1,0,0,0
CLE190905190,evt,1909-05-19,0,CLE05,R,1,CLE,WS1,1,1,0,0,1,38,36,7,13,19,3,0,1,0,6,,1,1,2,0,0,1,0,1,0,0,7,1,1,1,0,0,0,1,0,0,27,36,33,4,3,10,15,1,2,0,0,2,0,7,0,0,1,0,0,0,0,0,0,11,4,,,1,27,43,27,14,2,1,0,1
CLE190905190,box,1909-05-19,0,CLE05,R,1,CLE,WS1,1,1,0,0,1,,36,7,13,19,3,0,1,,6,,1,1,2,0,0,1,0,1,0,0,7,1,1,1,0,0,0,1,0,0,27,36,33,4,3,10,15,1,2,0,0,2,0,7,0,0,1,0,0,0,0,0,0,0,0,,,1,27,43,27,14,2,1,0,1
CLE190905200,evt,1909-05-20,0,CLE05,R,1,CLE,WS1,1,0,1,0,1,37,35,2,9,11,0,1,0,0,1,,1,0,10,0,0,1,0,1,2,0,5,1,1,1,0,0,0,0,1,0,30,38,37,3,3,7,10,1,1,0,0,1,0,1,0,0,0,0,0,0,0,0,0,18,9,,,1,30,29,20,8,1,0,0,0
CLE190905200,box,1909-05-20,0,CLE05,R,1,CLE,WS1,1,0,1,0,1,,35,2,9,11,0,1,0,,1,,1,0,10,0,0,1,0,1,2,0,5,1,1,1,0,0,0,0,1,0,30,38,37,3,3,7,10,1,1,0,0,1,0,1,0,0,0,0,0,0,0,0,0,0,0,,,1,30,46,30,15,1,0,0,0
CLE190905210,evt,1909-05-21,0,CLE05,R,1,CLE,WS1,1,1,0,0,1,34,30,4,7,9,0,1,0,0,4,,1,0,2,1,0,3,0,1,0,0,6,1,1,1,0,0,0,1,0,0,27,35,29,1,1,7,8,1,0,0,0,4,0,4,0,0,2,0,0,0,0,0,0,17,1,,,1,27,33,19,14,0,0,0,0
CLE190905210,box,1909-05-21,0,CLE05,R,1,CLE,WS1,1,1,0,0,1,,30,4,7,9,0,1,0,,4,,1,0,2,1,0,3,0,1,0,0,6,1,1,1,0,0,0,1,0,0,27,35,29,1,1,7,8,1,0,0,0,4,0,4,0,0,2,0,0,0,0,0,0,0,0,,,1,27,47,27,20,0,0,0,0
CLE190905220,evt,1909-05-22,0,CLE05,R,1,CLE,WS1,1,0,1,0,1,35,35,1,7,10,1,1,0,0,1,,0,0,13,1,0,0,0,0,0,0,7,1,1,0,0,0,1,0,1,0,27,37,32,4,1,8,11,1,1,0,0,3,0,9,0,1,1,0,0,0,0,0,0,8,6,,,1,27,39,27,11,1,1,0,2
CLE190905220,box,1909-05-22,0,CLE05,R,1,CLE,WS1,1,0,1,0,1,,35,1,7,10,1,1,0,,1,,0,0,13,1,0,0,0,0,0,0,7,1,1,0,0,0,1,0,1,0,27,37,32,4,1,8,11,1,1,0,0,3,0,9,0,1,1,0,0,0,0,0,0,0,0,,,1,27,39,27,11,1,1,0,2
CLE190905240,evt,1909-05-24,0,CLE05,R,1,CLE,PHA,1,1,0,0,1,38,36,6,14,20,4,1,0,0,5,,0,0,5,0,1,1,0,2,1,0,8,1,1,1,0,0,0,1,0,0,27,32,29,2,2,6,7,1,0,0,0,2,0,3,1,0,1,0,0,0,0,0,0,16,4,,,1,27,13,8,5,0,1,0,0
CLE190905240,box,1909-05-24,0,CLE05,R,1,CLE,PHA,1,1,0,0,1,,36,6,14,20,4,1,0,,5,,0,0,5,0,1,1,0,2,1,0,8,1,1,1,0,0,0,1,0,0,27,32,29,2,2,6,7,1,0,0,0,2,0,3,1,0,1,0,0,0,0,0,0,0,0,,,1,27,40,27,13,0,1,0,0
CLE190905250,evt,1909-05-25,0,CLE05,R,1,CLE,PHA,1,0,1,0,1,34,31,2,4,7,1,1,0,0,1,,1,0,7,0,1,0,1,0,0,0,5,1,1,0,0,0,1,0,1,0,27,45,34,13,13,16,20,2,1,0,0,6,0,3,0,1,4,0,0,0,0,0,0,14,1,,,1,27,15,9,5,1,1,0,0
CLE190905250,box,1909-05-25,0,CLE05,R,1,CLE,PHA,1,0,1,0,1,,31,2,4,7,1,1,0,,1,,1,0,7,0,1,0,1,0,0,0,5,1,1,0,0,0,1,0,1,0,27,45,34,13,13,16,20,2,1,0,0,6,0,3,0,1,4,0,0,0,0,0,0,0,0,,,1,27,44,27,16,1,1,0,0
CLE190905260,box,1909-05-26,0,CLE05,R,1,CLE,PHA,1,1,0,0,1,,30,3,6,9,1,1,0,,3,,2,0,5,0,0,0,0,1,0,0,4,1,1,1,0,0,0,1,0,0,27,33,29,2,2,7,9,0,1,0,0,2,0,3,2,0,2,0,0,0,0,0,0,0,0,,,1,27,40,27,13,0,2,0,0
CLE190905260,ded,1909-05-26,0,CLE05,R,1,CLE,PHA,1,1,0,0,1,32,30,3,6,9,1,1,0,0,3,,2,0,5,0,0,0,0,1,0,0,4,1,1,1,0,0,0,1,0,0,27,33,29,2,2,7,9,0,1,0,0,2,0,3,2,0,2,0,0,0,0,0,0,17,2,,,1,27,14,10,4,0,2,0,0
SLA190905270,evt,1909-05-27,0,STL07,R,0,CLE,SLA,1,1,0,0,1,40,36,5,13,15,0,1,0,0,5,,2,0,0,1,0,2,0,1,1,0,8,1,1,1,0,0,0,1,0,0,27,32,31,2,1,7,7,0,0,0,0,0,0,2,1,0,1,0,0,1,0,0,0,19,0,,,1,27,23,12,10,1,2,0,0
SLA190905270,box,1909-05-27,0,STL07,R,0,CLE,SLA,1,1,0,0,1,,36,5,13,15,0,1,0,,5,,2,0,,1,0,2,0,1,1,0,8,1,1,1,0,0,0,1,0,0,27,32,31,2,1,7,7,0,0,0,0,0,0,2,1,0,1,0,0,1,0,0,0,0,0,,,1,27,50,27,22,1,2,0,0
SLA190905280,evt,1909-05-28,0,STL07,R,0,CLE,SLA,1,1,0,0,1,33,33,3,10,10,0,0,0,0,2,,0,0,1,0,0,0,0,0,2,0,3,1,1,1,0,0,0,1,0,0,27,30,29,1,1,6,6,0,0,0,0,0,0,0,2,0,1,0,0,0,0,0,0,22,1,,,1,27,16,9,7,0,2,0,0
SLA190905280,box,1909-05-28,0,STL07,R,0,CLE,SLA,1,1,0,0,1,,33,3,10,10,0,0,0,,2,,0,0,,0,0,0,0,0,2,0,3,1,1,1,0,0,0,1,0,0,27,30,29,1,1,6,6,0,0,0,0,0,0,0,2,0,1,0,0,0,0,0,0,0,0,,,1,27,44,27,17,0,2,0,0
SLA190905300,evt,1909-05-30,0,STL07,R,0,CLE,SLA,1,0,1,0,1,34,33,0,6,7,1,0,0,0,0,,1,0,3,1,0,0,0,0,0,0,7,1,1,0,0,0,1,0,1,0,24,32,29,2,2,5,5,0,0,0,0,1,0,5,0,0,2,0,0,0,0,0,0,14,3,,,1,24,18,11,3,4,0,0,1
SLA190905300,box,1909-05-30,0,STL07,R,0,CLE,SLA,1,0,1,0,1,,33,0,6,7,1,0,0,,0,,1,0,,1,0,0,0,0,0,0,7,1,1,0,0,0,1,0,1,0,24,32,29,2,2,5,5,0,0,0,0,1,0,5,0,0,2,0,0,0,0,0,0,0,0,,,1,24,39,24,11,4,0,0,1
CLE190905311,evt,1909-05-31,1,CLE05,R,1,CLE,SLA,1,0,1,0,1,37,34,3,10,10,0,0,0,0,3,,3,0,4,1,0,0,0,0,1,0,7,1,1,0,0,0,1,0,1,0,27,42,37,6,5,10,15,5,0,0,0,4,0,3,0,0,1,0,0,0,0,0,0,7,14,,,1,27,41,27,11,3,0,0,2
CLE190905311,box,1909-05-31,1,CLE05,R,1,CLE,SLA,1,0,1,0,1,,34,3,10,10,0,0,0,,3,,3,0,4,1,0,0,0,0,1,0,7,1,1,0,0,0,1,0,1,0,27,42,37,6,5,10,15,5,0,0,0,4,0,3,0,0,1,0,0,0,0,0,0,0,0,,,1,27,41,27,11,3,0,0,2
CLE190905312,evt,1909-05-31,2,CLE05,R,1,CLE,SLA,1,1,0,0,1,35,29,5,9,14,3,1,0,0,4,,3,0,3,0,0,3,0,1,0,0,6,1,1,1,0,0,0,1,0,0,27,30,29,1,0,5,5,0,0,0,0,0,0,3,1,0,1,0,0,0,0,0,0,20,1,,,1,27,17,9,6,2,1,0,0
CLE190905312,box,1909-05-31,2,CLE05,R,1,CLE,SLA,1,1,0,0,1,,29,5,9,14,3,1,0,,4,,3,0,3,0,0,3,0,1,0,0,6,1,1,1,0,0,0,1,0,0,27,30,29,1,0,5,5,0,0,0,0,0,0,3,1,0,1,0,0,0,0,0,0,0,0,,,1,27,43,27,14,2,1,0,0
WS1190906020,evt,1909-06-02,0,WAS08,R,0,CLE,WS1,1,0,1,0,1,33,30,0,6,7,1,0,0,0,0,,2,0,6,0,0,1,0,0,1,0,6,1,1,1,0,0,0,0,1,0,24,33,32,4,3,10,17,2,1,1,0,0,0,3,0,0,1,0,0,1,0,0,0,16,2,,,1,24,14,8,3,3,0,0,0
WS1190906020,box,1909-06-02,0,WAS08,R,0,CLE,WS1,1,0,1,0,1,,30,0,6,7,1,0,0,,0,,2,0,6,0,0,1,0,0,1,0,6,1,1,1,0,0,0,0,1,0,24,33,32,4,3,10,17,2,1,1,0,0,0,3,0,0,1,0,0,1,0,0,0,0,0,,,1,24,39,24,12,3,0,0,0
WS1190906050,evt,1909-06-05,0,WAS08,R,0,CLE,WS1,1,1,0,0,1,44,37,6,7,10,1,1,0,0,6,,3,1,7,0,2,2,0,0,2,0,5,1,1,1,0,0,0,1,0,0,33,42,36,3,2,10,11,1,0,0,0,2,0,0,0,0,4,0,0,0,0,0,0,19,5,,,1,33,22,13,8,1,1,0,0
WS1190906050,box,1909-06-05,0,WAS08,R,0,CLE,WS1,1,1,0,0,1,,37,6,7,10,1,1,0,,6,,3,1,7,0,2,2,0,0,2,0,5,1,1,1,0,0,0,1,0,0,33,42,36,3,2,10,11,1,0,0,0,2,0,0,0,0,4,0,0,0,0,0,0,0,0,,,1,33,47,33,13,1,1,0,0
PHA190906070,evt,1909-06-07,0,PHI11,R,0,CLE,PHA,1,1,0,0,1,35,29,3,9,11,0,1,0,0,3,,3,0,8,1,1,2,0,1,4,0,5,1,1,1,0,0,0,1,0,0,27,34,34,1,1,8,9,1,0,0,0,0,0,7,1,0,0,0,0,0,0,0,0,9,10,,,1,27,37,27,9,1,1,0,0
PHA190906070,box,1909-06-07,0,PHI11,R,0,CLE,PHA,1,1,0,0,1,,29,3,9,11,0,1,0,,3,,3,0,8,1,1,2,0,1,4,0,5,1,1,1,0,0,0,1,0,0,27,34,34,1,1,8,9,1,0,0,0,0,0,7,1,0,0,0,0,0,0,0,0,0,0,,,1,27,37,27,9,1,1,0,0
PHA190906080,evt,1909-06-08,0,PHI11,R,0,CLE,PHA,1,1,0,0,1,38,35,2,8,13,1,2,0,0,2,,2,0,5,0,0,1,0,0,0,0,9,1,1,1,1,0,0,1,0,0,27,32,29,0,0,1,2,1,0,0,0,3,0,3,1,0,0,0,0,0,0,0,0,10,13,,,1,27,38,27,9,2,1,0,0
PHA190906080,box,1909-06-08,0,PHI11,R,0,CLE,PHA,1,1,0,0,1,,35,2,8,13,1,2,0,,2,,2,0,5,0,0,1,0,0,0,0,9,1,1,1,1,0,0,1,0,0,27,32,29,0,0,1,2,1,0,0,0,3,0,3,1,0,0,0,0,0,0,0,0,0,0,,,1,27,38,27,9,2,1,0,0
BOS190906110,evt,1909-06-11,0,BOS06,R,0,CLE,BOS,1,1,0,0,1,38,36,3,10,10,0,0,0,0,3,,0,0,2,0,0,2,0,2,0,0,8,1,1,1,0,0,0,1,0,0,27,30,28,1,0,3,3,0,0,0,0,2,1,5,0,0,0,0,0,1,0,0,0,12,7,,,1,27,42,27,15,0,0,0,0
BOS190906110,box,1909-06-11,0,BOS06,R,0,CLE,BOS,1,1,0,0,1,,36,3,10,10,0,0,0,,3,,0,0,2,0,0,2,0,2,0,0,8,1,1,1,0,0,0,1,0,0,27,30,28,1,0,3,3,0,0,0,0,2,1,5,0,0,0,0,0,1,0,0,0,0,0,,,1,27,42,27,15,0,0,0,0
BOS190906120,evt,1909-06-12,0,BOS06,R,0,CLE,BOS,1,1,0,0,1,36,34,4,4,5,1,0,0,0,1,,1,0,6,0,0,1,0,0,2,0,5,1,1,1,1,0,0,1,0,0,27,32,27,0,0,3,3,0,0,0,0,2,0,8,0,2,1,0,0,0,0,0,0,10,6,,,1,27,40,27,13,0,0,0,0
BOS190906120,box,1909-06-12,0,BOS06,R,0,CLE,BOS,1,1,0,0,1,,34,4,4,5,1,0,0,,1,,1,0,0,0,0,1,0,0,2,0,5,1,1,1,1,0,0,1,0,0,27,32,27,0,0,3,3,0,0,0,0,2,0,8,0,2,1,0,0,0,0,0,0,0,0,,,1,27,40,27,13,0,0,0,0
BOS190906140,evt,1909-06-14,0,BOS06,R,0,CLE,BOS,1,1,0,0,1,34,30,3,3,3,0,0,0,0,1,,2,0,2,0,0,1,1,0,1,0,4,1,1,1,0,0,0,1,0,0,27,33,31,1,1,8,9,1,0,0,0,1,0,2,2,0,1,0,0,0,0,0,0,10,9,,,1,27,43,27,16,0,2,0,0
BOS190906140,box,1909-06-14,0,BOS06,R,0,CLE,BOS,1,1,0,0,1,,30,3,3,3,0,0,0,,1,,2,0,2,0,0,1,1,0,1,0,4,1,1,1,0,0,0,1,0,0,27,33,31,1,1,8,9,1,0,0,0,1,0,2,2,0,1,0,0,0,0,0,0,0,0,,,1,27,43,27,16,0,2,0,0
BOS190906150,evt,1909-06-15,0,BOS06,R,0,CLE,BOS,1,0,1,0,1,39,37,6,8,9,1,0,0,0,5,,2,0,7,0,0,0,0,0,1,0,6,1,1,1,0,0,0,0,1,0,26,42,40,7,6,16,18,2,0,0,0,0,0,0,1,0,1,1,0,1,0,0,0,15,8,,,1,26,47,26,19,2,1,0,0
BOS190906150,box,1909-06-15,0,BOS06,R,0,CLE,BOS,1,0,1,0,1,,37,6,8,9,1,0,0,,5,,2,0,7,0,0,0,0,0,1,0,6,1,1,1,0,0,0,0,1,0,26,42,40,7,6,16,18,2,0,0,0,0,0,0,1,0,1,1,0,1,0,0,0,0,0,,,1,26,47,26,19,2,1,0,0
NYA190906160,evt,1909-06-16,0,NYC13,R,0,CLE,NYA,1,1,0,0,1,41,33,4,9,13,2,1,0,0,3,,5,1,6,0,0,3,0,1,1,0,10,1,1,1,0,0,0,1,0,0,27,34,31,3,3,7,11,2,1,0,0,1,0,4,1,1,0,1,0,1,0,0,0,11,9,,,1,27,42,27,15,0,1,0,0
NYA190906160,box,1909-06-16,0,NYC13,R,0,CLE,NYA,1,1,0,0,1,,33,4,9,13,2,1,0,,3,,5,1,6,0,0,3,0,1,1,0,10,1,1,1,0,0,0,1,0,0,27,34,31,3,3,7,11,2,1,0,0,1,0,4,1,1,0,1,0,1,0,0,0,0,0,,,1,27,42,27,15,0,1,0,0
NYA190906170,evt,1909-06-17,0,NYC13,R,0,CLE,NYA,1,1,0,0,1,36,32,3,8,12,2,1,0,0,3,,1,0,6,0,2,1,0,1,1,0,6,1,1,1,0,0,0,1,0,0,27,37,36,2,2,9,13,2,1,0,0,1,0,5,0,0,0,0,0,0,0,0,0,10,11,,,1,27,39,27,11,1,0,0,0
NYA190906170,box,1909-06-17,0,NYC13,R,0,CLE,NYA,1,1,0,0,1,,32,3,8,12,2,1,0,,3,,1,0,6,0,2,1,0,1,1,0,6,1,1,1,0,0,0,1,0,0,27,37,36,2,2,9,13,2,1,0,0,1,0,5,0,0,0,0,0,0,0,0,0,0,0,,,1,27,39,27,11,1,0,0,0
NYA190906180,evt,1909-06-18,0,NYC13,R,0,CLE,NYA,1,1,0,0,1,44,37,10,13,16,3,0,0,0,10,,5,1,3,0,0,1,1,5,0,0,7,1,1,1,0,0,0,1,0,0,27,34,33,4,4,8,12,2,1,0,0,1,0,6,0,0,0,0,0,1,0,0,0,13,5,,,1,27,43,27,15,1,0,0,0
NYA190906180,box,1909-06-18,0,NYC13,R,0,CLE,NYA,1,1,0,0,1,,37,10,13,16,3,0,0,,10,,5,1,3,0,0,1,1,5,0,0,7,1,1,1,0,0,0,1,0,0,27,34,33,4,4,8,12,2,1,0,0,1,0,6,0,0,0,0,0,1,0,0,0,0,0,,,1,27,43,27,15,1,0,0,0
CLE190906190,evt,1909-06-19,0,CLE05,R,1,CLE,SLA,1,1,0,0,1,37,29,3,8,10,2,0,0,0,3,,3,1,2,0,0,5,0,2,3,0,6,1,1,1,0,0,0,1,0,0,30,38,37,2,2,11,12,1,0,0,0,1,0,4,1,0,0,0,0,0,0,0,0,16,6,,,1,30,25,15,9,1,1,0,0
CLE190906190,box,1909-06-19,0,CLE05,R,1,CLE,SLA,1,1,0,0,1,,29,3,8,10,2,0,0,,3,,3,1,2,0,0,5,0,2,3,0,6,1,1,1,0,0,0,1,0,0,30,38,37,2,2,11,12,1,0,0,0,1,0,4,1,0,0,0,0,0,0,0,0,0,0,,,1,30,47,30,16,1,1,0,0
CHA190906201,evt,1909-06-20,1,CHI09,R,0,CLE,CHA,1,0,1,0,1,31,29,0,1,1,0,0,0,0,0,,2,1,5,0,0,0,0,0,0,0,4,1,1,1,0,0,0,0,1,0,24,32,27,4,2,8,9,1,0,0,0,2,0,1,0,0,2,1,0,0,0,0,0,17,2,,,1,24,12,6,3,3,0,0,0
CHA190906201,box,1909-06-20,1,CHI09,R,0,CLE,CHA,1,0,1,0,1,,29,0,1,1,0,0,0,,0,,2,1,5,0,0,0,0,0,0,0,4,1,1,1,0,0,0,0,1,0,24,32,27,4,2,8,9,1,0,0,0,2,0,1,0,0,2,1,0,0,0,0,0,0,0,,,1,24,39,24,12,3,0,0,0
CHA190906202,evt,1909-06-20,2,CHI09,R,0,CLE,CHA,1,1,0,0,1,41,37,5,11,14,1,1,0,0,4,,3,0,6,0,1,0,0,2,2,0,9,1,1,1,1,0,0,1,0,0,27,32,27,0,0,3,3,0,0,0,0,3,0,5,0,0,2,0,0,0,0,0,0,16,2,,,1,27,18,12,5,1,0,0,1
CHA190906202,box,1909-06-20,2,CHI09,R,0,CLE,CHA,1,1,0,0,1,,37,5,11,14,1,1,0,,4,,3,0,6,0,1,0,0,2,2,0,9,1,1,1,1,0,0,1,0,0,27,32,27,0,0,3,3,0,0,0,0,3,0,5,0,0,2,0,0,0,0,0,0,0,0,,,1,27,40,27,12,1,0,0,1
CHA190906221,evt,1909-06-22,1,CHI09,R,0,CLE,CHA,1,1,0,0,1,36,31,3,8,9,1,0,0,0,2,,3,0,4,0,0,2,0,0,0,0,6,1,1,1,0,0,0,1,0,0,27,33,32,2,2,6,8,2,0,0,0,1,0,1,1,0,0,0,0,0,0,0,0,18,7,,,1,27,44,27,17,0,1,0,0
CHA190906221,box,1909-06-22,1,CHI09,R,0,CLE,CHA,1,1,0,0,1,,31,3,8,9,1,0,0,,2,,3,0,4,0,0,2,0,0,0,0,6,1,1,1,0,0,0,1,0,0,27,33,32,2,2,6,8,2,0,0,0,1,0,1,1,0,0,0,0,0,0,0,0,0,0,,,1,27,44,27,17,0,1,0,0
CHA190906222,evt,1909-06-22,2,CHI09,R,0,CLE,CHA,1,1,0,0,1,32,26,2,5,5,0,0,0,0,2,,2,0,3,0,0,3,1,0,1,0,3,1,1,1,1,0,0,1,0,0,27,31,30,0,0,6,9,1,1,0,0,1,0,3,2,0,0,0,0,0,0,0,0,15,4,,,1,27,39,22,15,2,2,0,0
CHA190906222,box,1909-06-22,2,CHI09,R,0,CLE,CHA,1,1,0,0,1,,26,2,5,5,0,0,0,,2,,2,0,3,0,0,3,1,0,1,0,3,1,1,1,1,0,0,1,0,0,27,31,30,0,0,6,9,1,1,0,0,1,0,3,2,0,0,0,0,0,0,0,0,0,0,,,1,27,47,27,18,2,2,0,0
CLE190906230,evt,1909-06-23,0,CLE05,R,1,CLE,CHA,1,0,1,0,1,39,34,3,9,10,1,0,0,0,2,,2,0,4,0,1,1,1,1,1,0,9,1,1,1,0,0,0,0,1,0,27,36,32,4,3,8,9,1,0,0,0,2,0,5,0,0,2,0,0,1,0,0,0,7,11,,,1,27,41,27,11,3,1,0,0
CLE190906230,box,1909-06-23,0,CLE05,R,1,CLE,CHA,1,0,1,0,1,,34,3,9,10,1,0,0,,2,,2,0,4,0,1,1,1,1,1,0,9,1,1,1,0,0,0,0,1,0,27,36,32,4,3,8,9,1,0,0,0,2,0,5,0,0,2,0,0,1,0,0,0,0,0,,,1,27,41,27,11,3,1,0,0
CLE190906240,evt,1909-06-24,0,CLE05,R,1,CLE,CHA,1,1,0,0,1,40,32,8,11,18,1,3,0,0,8,,5,0,0,1,0,1,2,0,0,0,8,1,1,1,0,0,0,1,0,0,27,31,31,1,0,3,3,0,0,0,0,0,0,4,0,0,0,0,0,0,0,0,0,15,8,,,1,27,33,22,10,1,0,0,1
CLE190906240,box,1909-06-24,0,CLE05,R,1,CLE,CHA,1,1,0,0,1,,32,8,11,18,1,3,0,,8,,5,0,0,1,0,1,2,0,0,0,8,1,1,1,0,0,0,1,0,0,27,31,31,1,0,3,3,0,0,0,0,0,0,4,0,0,0,0,0,0,0,0,0,0,0,,,1,27,39,27,11,1,0,0,1
CLE190906260,evt,1909-06-26,0,CLE05,R,1,CLE,CHA,1,0,1,0,1,32,30,0,4,4,0,0,0,0,0,,1,0,7,1,0,1,0,0,1,0,5,1,1,1,0,0,0,0,1,0,27,35,34,2,1,7,9,0,1,0,0,1,0,1,0,0,0,0,0,0,0,0,0,12,12,,,1,27,42,27,14,1,0,0,0
CLE190906260,box,1909-06-26,0,CLE05,R,1,CLE,CHA,1,0,1,0,1,,30,0,4,4,0,0,0,,0,,1,0,7,1,0,1,0,0,1,0,5,1,1,1,0,0,0,0,1,0,27,35,34,2,1,7,9,0,1,0,0,1,0,1,0,0,0,0,0,0,0,0,0,0,0,,,1,27,42,27,14,1,0,0,0
SLA190906271,evt,1909-06-27,1,STL07,R,0,CLE,SLA,1,0,1,0,1,33,32,0,5,6,1,0,0,0,0,,1,0,0,0,0,0,0,0,0,0,6,1,1,1,0,0,0,0,1,0,24,37,30,6,4,9,11,0,1,0,0,2,0,4,1,1,4,0,0,1,0,0,0,15,1,,,1,24,17,10,5,2,1,0,0
SLA190906271,box,1909-06-27,1,STL07,R,0,CLE,SLA,1,0,1,0,1,,32,0,5,6,1,0,0,,0,,1,0,,0,0,0,0,0,0,0,6,1,1,1,0,0,0,0,1,0,24,37,30,6,4,9,11,0,1,0,0,2,0,,1,1,4,0,0,1,0,0,0,0,0,,,1,24,39,24,13,2,1,0,0
SLA190906272,evt,1909-06-27,2,STL07,R,0,CLE,SLA,1,1,0,0,1,43,39,11,14,24,3,2,1,0,10,,2,0,2,0,0,1,1,4,1,0,5,1,1,1,0,0,0,1,0,0,27,33,33,3,3,8,11,3,0,0,0,0,0,1,1,0,0,0,0,0,0,0,0,23,1,,,1,27,17,9,8,0,2,0,1
SLA190906272,box,1909-06-27,2,STL07,R,0,CLE,SLA,1,1,0,0,1,,39,11,14,24,3,2,1,,10,,2,0,,0,0,1,1,4,1,0,5,1,1,1,0,0,0,1,0,0,27,33,33,3,3,8,11,3,0,0,0,0,0,,1,0,0,0,0,0,0,0,0,0,0,,,1,27,44,27,17,0,2,0,1
SLA190906280,evt,1909-06-28,0,STL07,R,0,CLE,SLA,1,0,1,0,1,38,34,0,3,3,0,0,0,0,0,,2,0,5,0,1,1,0,0,0,0,11,1,1,0,0,0,1,0,1,0,24,35,33,6,4,9,13,0,2,0,0,2,0,6,0,0,0,0,0,0,0,1,0,14,4,,,1,24,16,12,3,1,0,0,0
SLA190906280,box,1909-06-28,0,STL07,R,0,CLE,SLA,1,0,1,0,1,,34,0,3,3,0,0,0,,0,,2,0,,0,1,1,0,0,0,0,11,1,1,0,0,0,1,0,1,0,24,35,33,6,4,9,13,0,2,0,0,2,0,6,0,0,0,0,0,0,0,0,0,0,0,,,1,24,35,24,10,1,0,0,0
DET190906290,evt,1909-06-29,0,DET02,R,0,CLE,DET,1,0,1,0,1,35,31,2,8,10,2,0,0,0,2,,1,0,2,0,0,3,0,1,2,0,6,1,1,1,0,0,0,0,1,0,24,35,29,3,3,8,10,2,0,0,0,5,0,2,0,0,1,0,0,0,0,0,0,10,8,,,1,24,32,20,12,0,0,0,0
DET190906290,box,1909-06-29,0,DET02,R,0,CLE,DET,1,0,1,0,1,,31,2,8,10,2,0,0,,2,,1,0,1,0,0,3,0,1,2,0,6,1,1,1,0,0,0,0,1,0,24,35,29,3,3,8,10,2,0,0,0,5,0,2,0,0,1,0,0,0,0,0,0,0,0,,,1,24,40,24,16,0,0,0,0
DET190906300,evt,1909-06-30,0,DET02,R,0,CLE,DET,1,1,0,0,1,40,39,7,11,13,2,0,0,0,7,,1,0,7,0,0,0,0,1,1,0,6,1,1,1,0,0,0,1,0,0,27,34,31,1,0,4,4,0,0,0,0,3,1,2,0,0,0,0,0,0,0,0,0,15,9,,,1,27,20,15,4,1,1,0,0
DET190906300,box,1909-06-30,0,DET02,R,0,CLE,DET,1,1,0,0,1,,39,7,11,13,2,0,0,,7,,1,0,7,0,0,0,0,1,1,0,6,1,1,1,0,0,0,1,0,0,27,34,31,1,0,4,4,0,0,0,0,3,1,2,0,0,0,0,0,0,0,0,0,0,0,,,1,27,36,27,8,1,1,0,0
CLE190907010,evt,1909-07-01,0,CLE05,R,1,CLE,DET,1,0,1,0,1,39,35,3,6,7,1,0,0,0,2,,3,0,3,0,1,0,0,0,0,0,9,1,1,0,0,0,1,0,1,0,27,38,34,9,6,12,19,0,2,1,0,2,1,4,0,0,2,0,0,3,0,1,1,14,1,,,1,27,29,14,10,5,0,0,0
CLE190907010,box,1909-07-01,0,CLE05,R,1,CLE,DET,1,0,1,0,1,,35,3,6,7,1,0,0,,2,,3,0,3,0,1,0,0,0,0,0,9,1,1,0,0,0,1,0,1,0,27,38,34,9,6,12,19,0,2,1,0,2,1,4,0,0,2,0,0,3,0,0,0,0,0,,,1,27,49,27,17,5,0,0,0
CLE190907020,evt,1909-07-02,0,CLE05,R,1,CLE,DET,1,0,1,0,1,47,43,2,8,9,1,0,0,0,2,,2,0,2,0,1,1,0,3,1,0,9,1,1,1,0,0,0,0,1,0,36,53,40,3,0,10,10,0,0,0,0,8,1,4,0,0,4,1,0,1,0,0,0,17,7,,,1,36,30,20,7,3,1,0,0
CLE190907020,box,1909-07-02,0,CLE05,R,1,CLE,DET,1,0,1,0,1,,43,2,8,9,1,0,0,,2,,2,0,2,0,1,1,0,3,1,0,9,1,1,1,0,0,0,0,1,0,36,53,40,3,0,10,10,0,0,0,0,8,1,4,0,0,4,1,0,1,0,0,0,0,0,,,1,36,54,36,15,3,1,0,0
CLE190907030,evt,1909-07-03,0,CLE05,R,1,CLE,DET,1,1,0,0,1,35,32,4,12,15,1,1,0,0,4,,1,0,2,0,0,2,0,2,0,0,7,1,1,1,0,0,0,1,0,0,27,35,34,1,0,7,8,1,0,0,0,1,0,5,0,0,0,0,0,0,0,0,0,11,7,,,1,27,39,23,13,3,0,0,0
CLE190907030,box,1909-07-03,0,CLE05,R,1,CLE,DET,1,1,0,0,1,,32,4,12,15,1,1,0,,4,,1,0,2,0,0,2,0,2,0,0,7,1,1,1,0,0,0,1,0,0,27,35,34,1,0,7,8,1,0,0,0,1,0,5,0,0,0,0,0,0,0,0,0,0,0,,,1,27,46,27,16,3,0,0,0
CHA190907040,evt,1909-07-04,0,CHI09,R,0,CLE,CHA,1,1,0,0,1,34,31,3,6,8,0,1,0,0,3,,2,0,2,0,0,1,0,0,0,0,4,1,1,1,1,0,0,1,0,0,27,30,29,0,0,2,2,0,0,0,0,1,0,2,0,0,0,0,0,0,0,0,0,23,2,,,1,27,4,3,1,0,0,0,0
CHA190907040,box,1909-07-04,0,CHI09,R,0,CLE,CHA,1,1,0,0,1,,31,3,6,8,0,1,0,,3,,2,0,2,0,0,1,0,0,0,0,4,1,1,1,1,0,0,1,0,0,27,30,29,0,0,2,2,0,0,0,0,1,0,2,0,0,0,0,0,0,0,0,0,0,0,,,1,27,44,27,17,0,0,0,0
CLE190907051,evt,1909-07-05,1,CLE05,R,1,CLE,CHA,1,1,0,0,1,48,43,4,12,13,1,0,0,0,4,,2,0,9,0,1,1,1,5,0,0,9,1,1,1,0,0,0,1,0,0,36,46,41,3,1,9,9,0,0,0,0,2,0,7,0,0,3,0,0,0,0,0,0,16,8,,,1,36,60,36,21,3,0,0,0
CLE190907051,box,1909-07-05,1,CLE05,R,1,CLE,CHA,1,1,0,0,1,,43,4,12,13,1,0,0,,4,,2,0,9,0,1,1,1,5,0,0,9,1,1,1,0,0,0,1,0,0,36,46,41,3,1,9,9,0,0,0,0,2,0,7,0,0,3,0,0,0,0,0,0,0,0,,,1,36,60,36,21,3,0,0,0
CLE190907052,evt,1909-07-05,2,CLE05,R,1,CLE,CHA,1,1,0,0,1,39,35,4,9,13,2,1,0,0,3,,3,0,4,0,1,0,0,6,0,0,11,1,1,1,0,0,0,1,0,0,27,32,28,2,1,6,10,2,1,0,0,4,0,0,1,0,0,0,0,0,0,0,0,13,9,,,1,27,41,27,13,1,2,0,0
CLE190907052,box,1909-07-05,2,CLE05,R,1,CLE,CHA,1,1,0,0,1,,35,4,9,13,2,1,0,,3,,3,0,4,0,1,0,0,6,0,0,11,1,1,1,0,0,0,1,0,0,27,32,28,2,1,6,10,2,1,0,0,4,0,0,1,0,0,0,0,0,0,0,0,0,0,,,1,27,41,27,13,1,2,0,0
CLE190907060,evt,1909-07-06,0,CLE05,R,1,CLE,DET,1,1,0,0,1,40,34,6,15,18,3,0,0,0,3,,3,0,1,1,0,3,0,3,3,0,10,1,1,1,1,0,0,1,0,0,27,29,28,0,0,5,5,0,0,0,0,0,0,3,0,0,1,0,0,0,0,0,0,9,11,,,1,27,33,23,10,0,0,0,1
CLE190907060,box,1909-07-06,0,CLE05,R,1,CLE,DET,1,1,0,0,1,,34,6,15,18,3,0,0,,3,,3,0,1,1,0,3,0,3,3,0,10,1,1,1,1,0,0,1,0,0,27,29,28,0,0,5,5,0,0,0,0,0,0,3,0,0,1,0,0,0,0,0,0,0,0,,,1,27,43,27,16,0,0,0,1
CLE190907070,evt,1909-07-07,0,CLE05,R,1,CLE,DET,1,1,0,0,1,36,34,4,12,13,1,0,0,0,4,,0,0,0,0,0,2,0,0,2,0,7,1,1,0,0,0,1,1,0,1,27,37,33,3,1,8,11,1,1,0,0,2,1,3,1,0,2,0,0,0,0,0,0,13,6,,,1,27,41,23,15,3,1,0,1
CLE190907070,box,1909-07-07,0,CLE05,R,1,CLE,DET,1,1,0,0,1,,34,4,12,13,1,0,0,,4,,0,0,0,0,0,2,0,0,2,0,7,1,1,0,0,0,1,1,0,1,27,37,33,3,1,8,11,1,1,0,0,2,1,3,1,0,2,0,0,0,0,0,0,0,0,,,1,27,48,27,18,3,1,0,1
CLE190907080,evt,1909-07-08,0,CLE05,R,1,CLE,WS1,1,1,0,0,1,33,32,3,7,9,2,0,0,0,3,,1,0,5,0,0,0,0,0,1,0,6,1,1,1,0,0,0,1,0,0,27,35,27,2,2,5,6,1,0,0,0,3,0,4,0,1,4,0,0,0,0,0,0,11,5,,,1,27,38,23,14,1,0,0,0
CLE190907080,box,1909-07-08,0,CLE05,R,1,CLE,WS1,1,1,0,0,1,,32,3,7,9,2,0,0,,3,,1,0,5,0,0,0,0,0,1,0,6,1,1,1,0,0,0,1,0,0,27,35,27,2,2,5,6,1,0,0,0,3,0,4,0,1,4,0,0,0,0,0,0,0,0,,,1,27,46,27,18,1,0,0,0
CLE190907090,evt,1909-07-09,0,CLE05,R,1,CLE,WS1,1,0,1,0,1,36,35,3,11,16,1,2,0,0,2,,1,0,12,0,0,0,0,1,2,0,6,1,1,1,0,0,0,0,1,0,27,37,32,4,4,11,11,0,0,0,0,1,0,2,0,0,4,0,0,0,0,0,0,13,4,,,1,27,34,20,13,1,1,0,0
CLE190907090,box,1909-07-09,0,CLE05,R,1,CLE,WS1,1,0,1,0,1,,35,3,11,16,1,2,0,,2,,1,0,12,0,0,0,0,1,2,0,6,1,1,1,0,0,0,0,1,0,27,37,32,4,4,11,11,0,0,0,0,1,0,2,0,0,4,0,0,0,0,0,0,0,0,,,1,27,46,27,18,1,1,0,0
CLE190907100,evt,1909-07-10,0,CLE05,R,1,CLE,WS1,1,1,0,0,1,34,31,4,4,7,1,1,0,0,2,,3,0,3,0,0,0,0,1,0,0,6,1,1,1,1,0,0,1,0,0,27,32,29,0,0,4,4,0,0,0,0,2,0,4,0,0,1,0,0,0,0,0,0,8,12,,,1,27,40,27,11,2,1,0,0
CLE190907100,box,1909-07-10,0,CLE05,R,1,CLE,WS1,1,1,0,0,1,,31,4,4,7,1,1,0,,2,,3,0,3,0,0,0,0,1,0,0,6,1,1,1,1,0,0,1,0,0,27,32,29,0,0,4,4,0,0,0,0,2,0,4,0,0,1,0,0,0,0,0,0,0,0,,,1,27,40,27,11,2,1,0,0
CLE190907120,evt,1909-07-12,0,CLE05,R,1,CLE,WS1,1,1,0,0,1,19,19,3,6,10,0,2,0,0,3,,0,0,3,0,0,0,0,1,1,0,3,1,1,1,1,0,0,1,0,0,15,18,17,0,0,3,3,0,0,0,0,1,0,3,0,0,0,0,0,0,0,0,0,8,3,,,1,15,23,15,8,0,0,0,0
CLE190907120,box,1909-07-12,0,CLE05,R,1,CLE,WS1,1,1,0,0,1,,19,3,6,10,0,2,0,,3,,0,0,3,0,0,0,0,1,1,0,3,1,1,1,1,0,0,1,0,0,15,18,17,0,0,3,3,0,0,0,0,1,0,3,0,0,0,0,0,0,0,0,0,0,0,,,1,15,23,15,8,0,0,0,0
CLE190907130,evt,1909-07-13,0,CLE05,R,1,CLE,PHA,1,1,0,0,1,35,31,1,4,4,0,0,0,0,1,,1,0,7,0,1,1,1,0,0,0,5,1,1,1,1,0,0,1,0,0,30,36,34,0,0,2,2,0,0,0,0,1,0,3,0,1,0,0,0,0,0,0,0,11,16,,,1,30,42,30,9,3,0,0,0
CLE190907130,box,1909-07-13,0,CLE05,R,1,CLE,PHA,1,1,0,0,1,,31,1,4,4,0,0,0,,1,,1,0,7,0,1,1,1,0,0,0,5,1,1,1,1,0,0,1,0,0,30,36,34,0,0,2,2,0,0,0,0,1,0,3,0,1,0,0,0,0,0,0,0,0,0,,,1,30,42,30,9,3,0,0,0
CLE190907140,evt,1909-07-14,0,CLE05,R,1,CLE,PHA,1,1,0,0,1,46,42,4,10,15,3,1,0,0,2,,1,0,1,0,1,2,0,2,1,0,8,1,1,1,0,0,0,1,0,0,36,46,43,3,2,8,10,0,1,0,0,1,0,5,0,0,2,0,0,0,0,0,0,15,11,,,1,36,46,29,14,3,1,0,0
CLE190907140,box,1909-07-14,0,CLE05,R,1,CLE,PHA,1,1,0,0,1,,42,4,10,15,3,1,0,,2,,1,0,1,0,1,2,0,2,1,0,8,1,1,1,0,0,0,1,0,0,36,46,43,3,2,8,10,0,1,0,0,1,0,5,0,0,2,0,0,0,0,0,0,0,0,,,1,36,56,36,17,3,1,0,0
CLE190907150,evt,1909-07-15,0,CLE05,R,1,CLE,PHA,1,1,0,0,1,37,33,6,9,9,0,0,0,0,6,,1,0,6,0,0,2,1,2,0,0,7,1,1,1,0,0,0,1,0,0,27,35,29,5,3,4,4,0,0,0,0,3,0,3,0,0,2,1,0,0,1,0,0,15,7,,,1,27,45,27,17,1,0,0,0
CLE190907150,box,1909-07-15,0,CLE05,R,1,CLE,PHA,1,1,0,0,1,,33,6,9,9,0,0,0,,6,,1,0,6,0,0,2,1,2,0,0,7,1,1,1,0,0,0,1,0,0,27,35,29,5,3,4,4,0,0,0,0,3,0,3,0,0,2,1,0,0,1,0,0,0,0,,,1,27,45,27,17,1,0,0,0
CLE190907160,evt,1909-07-16,0,CLE05,R,1,CLE,PHA,1,0,1,0,1,32,28,0,3,5,0,1,0,0,0,,3,0,6,1,1,0,0,0,2,0,5,1,1,0,0,0,1,0,1,0,27,35,29,3,3,6,7,1,0,0,0,2,0,5,0,1,3,0,0,0,0,0,0,9,7,,,1,27,43,27,15,1,1,0,0
CLE190907160,box,1909-07-16,0,CLE05,R,1,CLE,PHA,1,0,1,0,1,,28,0,3,5,0,1,0,,0,,3,0,6,1,1,0,0,0,2,0,5,1,1,0,0,0,1,0,1,0,27,35,29,3,3,6,7,1,0,0,0,2,0,5,0,1,3,0,0,0,0,0,0,0,0,,,1,27,43,27,15,1,1,0,0
CLE190907170,evt,1909-07-17,0,CLE05,R,1,CLE,BOS,1,0,1,0,1,38,35,4,12,15,1,1,0,0,3,,1,0,10,1,0,1,1,1,1,0,7,1,1,0,0,0,1,0,1,0,27,39,36,6,5,10,12,0,1,0,0,2,1,4,0,0,1,0,0,0,0,2,1,22,0,,,1,27,13,8,4,1,0,0,0
CLE190907170,box,1909-07-17,0,CLE05,R,1,CLE,BOS,1,0,1,0,1,,35,4,12,15,1,1,0,,3,,1,0,10,1,0,1,1,1,1,0,7,1,1,0,0,0,1,0,1,0,27,39,36,6,5,10,12,0,1,0,0,2,1,4,0,0,1,0,0,0,0,0,0,0,0,,,1,27,40,27,12,1,0,0,0
CLE190907191,evt,1909-07-19,1,CLE05,R,1,CLE,BOS,1,1,0,0,1,35,30,6,10,14,1,0,1,0,5,,2,0,3,0,1,1,1,1,3,0,5,1,1,1,0,0,0,1,0,0,27,36,33,1,0,8,8,0,0,0,0,1,0,3,0,1,1,0,0,0,0,0,0,17,3,,,1,27,18,13,3,2,0,1,0
CLE190907191,box,1909-07-19,1,CLE05,R,1,CLE,BOS,1,1,0,0,1,,30,6,10,14,1,0,1,,5,,2,0,3,0,1,1,1,1,3,0,5,1,1,1,0,0,0,1,0,0,27,36,33,1,0,8,8,0,0,0,0,1,0,3,0,1,1,0,0,0,0,0,0,0,0,,,1,27,38,27,9,2,0,1,0
CLE190907192,evt,1909-07-19,2,CLE05,R,1,CLE,BOS,1,0,1,0,1,33,32,2,6,9,1,1,0,0,1,,0,0,7,0,0,0,1,0,0,0,4,1,1,0,0,0,1,0,1,0,27,40,34,8,3,8,10,0,1,0,0,4,0,4,0,2,0,0,0,1,0,2,1,16,2,,,1,27,23,11,6,6,1,0,0
CLE190907192,box,1909-07-19,2,CLE05,R,1,CLE,BOS,1,0,1,0,1,,32,2,6,9,1,1,0,,1,,0,0,7,0,0,0,1,0,0,0,4,1,1,0,0,0,1,0,1,0,27,40,34,8,3,8,10,0,1,0,0,4,0,4,0,2,0,0,0,1,0,0,0,0,0,,,1,27,51,27,18,6,1,0,0
CLE190907200,evt,1909-07-20,0,CLE05,R,1,CLE,BOS,1,0,1,0,1,34,33,0,6,7,1,0,0,0,0,,1,0,2,0,0,0,0,1,0,0,7,1,1,0,0,0,1,0,1,0,27,40,35,4,1,10,13,1,1,0,0,3,0,5,0,1,1,0,0,0,0,0,0,16,1,,,1,27,27,14,10,3,1,0,1
CLE190907200,box,1909-07-20,0,CLE05,R,1,CLE,BOS,1,0,1,0,1,,33,0,6,7,1,0,0,,0,,1,0,2,0,0,0,0,1,0,0,7,1,1,0,0,0,1,0,1,0,27,40,35,4,1,10,13,1,1,0,0,3,0,5,0,1,1,0,0,0,0,0,0,0,0,,,1,27,45,27,15,3,1,0,1
CLE190907210,evt,1909-07-21,0,CLE05,R,1,CLE,BOS,1,1,0,0,1,35,28,4,7,9,0,1,0,0,4,,4,0,3,0,1,1,1,1,1,0,7,1,1,1,0,0,0,1,0,0,27,35,30,2,2,7,7,0,0,0,0,4,0,7,1,0,1,0,0,0,0,0,0,13,2,,,1,27,27,18,8,1,1,0,0
CLE190907210,box,1909-07-21,0,CLE05,R,1,CLE,BOS,1,1,0,0,1,,28,4,7,9,0,1,0,,4,,4,0,3,0,1,1,1,1,1,0,7,1,1,1,0,0,0,1,0,0,27,35,30,2,2,7,7,0,0,0,0,4,0,7,1,0,1,0,0,0,0,0,0,0,0,,,1,27,40,27,12,1,1,0,0
CLE190907220,evt,1909-07-22,0,CLE05,R,1,CLE,NYA,1,0,1,0,1,19,18,0,2,4,0,1,0,0,0,,0,0,3,1,1,0,0,0,0,0,1,1,1,1,0,0,0,0,1,0,18,22,21,1,1,4,5,1,0,0,0,1,0,1,0,0,0,0,0,0,0,0,0,10,5,,,1,18,29,18,11,0,0,0,0
CLE190907220,box,1909-07-22,0,CLE05,R,1,CLE,NYA,1,0,1,0,1,,18,0,2,4,0,1,0,,0,,0,0,3,1,1,0,0,0,0,0,1,1,1,1,0,0,0,0,1,0,18,22,21,1,1,4,5,1,0,0,0,1,0,1,0,0,0,0,0,0,0,0,0,0,0,,,1,18,29,18,11,0,0,0,0
CLE190907241,evt,1909-07-24,1,CLE05,R,1,CLE,NYA,1,1,0,0,1,34,30,2,6,7,1,0,0,0,2,,3,0,7,0,1,0,0,3,2,0,8,1,1,1,1,0,0,1,0,0,27,31,30,0,0,3,4,1,0,0,0,1,0,2,0,0,0,0,0,0,0,0,0,14,11,,,1,27,42,27,15,0,0,0,0
CLE190907241,box,1909-07-24,1,CLE05,R,1,CLE,NYA,1,1,0,0,1,,30,2,6,7,1,0,0,,2,,3,0,7,0,1,0,0,3,2,0,8,1,1,1,1,0,0,1,0,0,27,31,30,0,0,3,4,1,0,0,0,1,0,2,0,0,0,0,0,0,0,0,0,0,0,,,1,27,42,27,15,0,0,0,0
CLE190907242,evt,1909-07-24,2,CLE05,R,1,CLE,NYA,1,0,1,0,1,35,32,2,6,10,2,1,0,0,2,,3,0,5,1,0,0,0,1,0,0,6,1,1,0,0,0,1,0,1,0,27,39,35,3,3,10,11,1,0,0,0,3,0,6,0,0,1,0,0,0,0,0,0,7,12,,,1,27,36,27,8,1,0,0,0
CLE190907242,box,1909-07-24,2,CLE05,R,1,CLE,NYA,1,0,1,0,1,,32,2,6,10,2,1,0,,2,,3,0,5,1,0,0,0,1,0,0,6,1,1,0,0,0,1,0,1,0,27,39,35,3,3,10,11,1,0,0,0,3,0,6,0,0,1,0,0,0,0,0,0,0,0,,,1,27,36,27,8,1,0,0,0
CLE190907260,evt,1909-07-26,0,CLE05,R,1,CLE,NYA,1,1,0,0,1,30,29,2,6,8,2,0,0,0,2,,1,1,4,0,0,0,0,0,1,0,4,1,1,1,0,0,0,1,0,0,27,31,28,1,1,6,6,0,0,0,0,1,0,6,0,0,2,0,0,0,1,0,0,5,11,,,1,27,36,27,9,0,0,0,0
CLE190907260,box,1909-07-26,0,CLE05,R,1,CLE,NYA,1,1,0,0,1,,29,2,6,8,2,0,0,,2,,1,1,4,0,0,0,0,0,1,0,4,1,1,1,0,0,0,1,0,0,27,31,28,1,1,6,6,0,0,0,0,1,0,6,0,0,2,0,0,0,1,0,0,0,0,,,1,27,36,27,9,0,0,0,0
CLE190907270,evt,1909-07-27,0,CLE05,R,1,CLE,DET,1,0,1,0,1,34,30,1,5,5,0,0,0,0,1,,2,0,1,0,1,1,0,1,1,0,6,1,1,1,0,0,0,0,1,0,27,35,31,3,1,5,7,0,1,0,0,1,0,3,0,0,3,0,0,0,0,0,0,16,4,,,1,27,15,9,2,4,0,0,0
CLE190907270,box,1909-07-27,0,CLE05,R,1,CLE,DET,1,0,1,0,1,,30,1,5,5,0,0,0,,1,,2,0,1,0,1,1,0,1,1,0,6,1,1,1,0,0,0,0,1,0,27,35,31,3,1,5,7,0,1,0,0,1,0,,0,0,3,0,0,0,0,0,0,0,0,,,1,27,42,27,11,4,0,0,0
CLE190907280,evt,1909-07-28,0,CLE05,R,1,CLE,DET,1,0,1,0,1,34,32,4,8,13,1,2,0,0,3,,2,0,4,1,0,0,0,1,2,0,3,1,1,0,0,0,1,0,1,0,27,37,33,5,4,11,12,1,0,0,0,1,0,3,1,1,1,1,0,0,0,0,0,12,5,,,1,27,23,14,8,1,1,0,3
CLE190907280,box,1909-07-28,0,CLE05,R,1,CLE,DET,1,0,1,0,1,,32,4,8,13,1,2,0,,3,,2,0,4,1,0,0,0,1,2,0,3,1,1,0,0,0,1,0,1,0,27,37,33,5,4,11,12,1,0,0,0,1,0,3,1,1,1,1,0,0,0,0,0,0,0,,,1,27,42,27,14,1,1,0,3
PHA190907291,evt,1909-07-29,1,PHI11,R,0,CLE,PHA,1,0,1,0,1,32,31,1,7,9,2,0,0,0,1,,0,0,3,0,0,1,0,1,0,0,4,1,1,0,0,0,1,0,1,0,24,32,27,2,1,7,9,0,1,0,0,3,0,2,1,0,1,1,0,0,0,0,0,9,9,,,1,24,37,24,12,1,1,0,0
PHA190907291,box,1909-07-29,1,PHI11,R,0,CLE,PHA,1,0,1,0,1,,31,1,7,9,2,0,0,,1,,0,0,3,0,0,1,0,1,0,0,4,1,1,0,0,0,1,0,1,0,24,32,27,2,1,7,9,0,1,0,0,3,0,2,1,0,1,1,0,0,0,0,0,0,0,,,1,24,37,24,12,1,1,0,0
PHA190907292,evt,1909-07-29,2,PHI11,R,0,CLE,PHA,1,0,1,0,1,35,32,4,6,10,2,1,0,0,4,,1,0,4,1,0,1,1,1,0,0,4,1,1,1,0,0,0,0,1,0,24,41,36,9,8,14,19,3,1,0,0,4,0,3,0,0,1,0,0,0,0,0,0,11,7,,,1,24,40,24,14,2,0,0,0
PHA190907292,box,1909-07-29,2,PHI11,R,0,CLE,PHA,1,0,1,0,1,,32,4,6,10,2,1,0,,4,,1,0,4,1,0,1,1,1,0,0,4,1,1,1,0,0,0,0,1,0,24,41,36,9,8,14,19,3,1,0,0,4,0,3,0,0,1,0,0,0,0,0,0,0,0,,,1,24,40,24,14,2,0,0,0
PHA190907300,evt,1909-07-30,0,PHI11,R,0,CLE,PHA,1,0,1,0,1,33,30,1,5,6,1,0,0,0,1,,2,0,3,0,1,0,0,1,0,0,5,1,1,0,0,0,1,0,1,0,24,38,34,7,6,11,19,1,2,1,0,3,0,3,0,0,1,0,0,0,0,0,0,10,10,,,1,24,35,24,9,2,0,0,0
PHA190907300,box,1909-07-30,0,PHI11,R,0,CLE,PHA,1,0,1,0,1,,30,1,5,6,1,0,0,,1,,2,0,3,0,1,0,0,1,0,0,5,1,1,0,0,0,1,0,1,0,24,38,34,7,6,11,19,1,2,1,0,3,0,3,0,0,1,0,0,0,0,0,0,0,0,,,1,24,35,24,9,2,0,0,0
PHA190907311,evt,1909-07-31,1,PHI11,R,0,CLE,PHA,1,1,0,0,1,35,33,3,6,7,1,0,0,0,1,,2,0,2,1,0,0,0,4,1,0,5,1,1,1,0,0,0,1,0,0,27,31,31,1,0,4,5,1,0,0,0,0,0,4,0,0,0,0,0,0,0,0,0,9,12,,,1,27,40,27,11,2,1,0,0
PHA190907311,box,1909-07-31,1,PHI11,R,0,CLE,PHA,1,1,0,0,1,,33,3,6,7,1,0,0,,1,,2,0,2,1,0,0,0,4,1,0,5,1,1,1,0,0,0,1,0,0,27,31,31,1,0,4,5,1,0,0,0,0,0,4,0,0,0,0,0,0,0,0,0,0,0,,,1,27,40,27,11,2,1,0,0
PHA190907312,evt,1909-07-31,2,PHI11,R,0,CLE,PHA,1,0,1,0,1,33,31,3,6,9,3,0,0,0,3,,0,0,5,1,1,1,0,2,2,0,3,1,1,1,0,0,0,0,1,0,25,35,31,4,3,9,10,1,0,0,0,3,1,2,0,1,0,0,0,1,0,0,0,7,11,,,1,25,37,25,11,1,1,0,1
PHA190907312,box,1909-07-31,2,PHI11,R,0,CLE,PHA,1,0,1,0,1,,31,3,6,9,3,0,0,,3,,0,0,5,1,1,1,0,2,2,0,3,1,1,1,0,0,0,0,1,0,25,35,31,4,3,9,10,1,0,0,0,3,1,2,0,1,0,0,0,1,0,0,0,0,0,,,1,25,37,25,11,1,1,0,1
WS1190908031,evt,1909-08-03,1,WAS08,R,0,CLE,WS1,1,1,0,0,1,36,34,6,11,12,1,0,0,0,4,,0,0,6,2,0,0,2,0,2,0,3,1,1,1,1,0,0,1,0,0,27,34,33,0,0,7,7,0,0,0,0,0,0,11,1,0,1,0,0,0,0,0,0,10,4,,,1,27,22,17,3,2,1,0,1
WS1190908031,box,1909-08-03,1,WAS08,R,0,CLE,WS1,1,1,0,0,1,,34,6,11,12,1,0,0,,4,,0,0,6,2,0,0,2,0,2,0,3,1,1,1,1,0,0,1,0,0,27,34,33,0,0,7,7,0,0,0,0,0,0,11,1,0,1,0,0,0,0,0,0,0,0,,,1,27,38,27,9,2,1,0,1
WS1190908032,evt,1909-08-03,2,WAS08,R,0,CLE,WS1,1,1,0,0,1,36,36,2,9,11,0,1,0,0,1,,0,0,5,1,0,0,0,0,1,0,7,1,1,1,0,0,0,1,0,0,27,35,33,1,1,7,12,3,1,0,0,2,0,1,1,0,0,0,0,0,0,0,0,20,1,,,1,27,15,8,6,1,2,0,0
WS1190908032,box,1909-08-03,2,WAS08,R,0,CLE,WS1,1,1,0,0,1,,36,2,9,11,0,1,0,,1,,0,0,5,1,0,0,0,0,1,0,7,1,1,1,0,0,0,1,0,0,27,35,33,1,1,7,12,3,1,0,0,2,0,,1,0,0,0,0,0,0,0,0,0,0,,,1,27,46,27,18,1,2,0,0
WS1190908041,evt,1909-08-04,1,WAS08,R,0,CLE,WS1,1,0,1,0,1,33,30,0,4,5,1,0,0,0,0,,2,1,8,0,1,0,0,2,1,0,6,1,1,1,0,0,0,0,1,0,24,31,29,1,1,6,7,1,0,0,0,1,1,1,0,0,1,0,0,0,0,0,0,20,1,,,1,24,18,9,8,1,0,0,0
WS1190908041,box,1909-08-04,1,WAS08,R,0,CLE,WS1,1,0,1,0,1,,30,0,4,5,1,0,0,,0,,2,1,8,0,1,0,0,2,1,0,6,1,1,1,0,0,0,0,1,0,24,31,29,1,1,6,7,1,0,0,0,1,1,1,0,0,1,0,0,0,0,0,0,0,0,,,1,24,45,24,20,1,0,0,0
WS1190908042,evt,1909-08-04,2,WAS08,R,0,CLE,WS1,1,0,1,0,1,36,32,2,7,8,1,0,0,0,2,,2,0,2,1,1,1,0,0,1,0,7,1,1,0,0,0,1,0,1,0,24,35,31,6,5,9,12,1,1,0,0,4,0,1,0,0,0,0,0,0,0,0,0,18,2,,,1,24,17,9,5,3,2,0,0
WS1190908042,box,1909-08-04,2,WAS08,R,0,CLE,WS1,1,0,1,0,1,,32,2,7,8,1,0,0,,2,,2,0,2,1,1,1,0,0,1,0,7,1,1,0,0,0,1,0,1,0,24,35,31,6,5,9,12,1,1,0,0,4,0,1,0,0,0,0,0,0,0,0,0,0,0,,,1,24,39,24,12,3,2,0,0
WS1190908051,evt,1909-08-05,1,WAS08,R,0,CLE,WS1,1,1,0,0,1,42,35,9,13,20,3,2,0,0,8,,2,0,4,1,1,1,3,2,1,0,6,1,1,1,0,0,0,1,0,0,27,38,35,4,3,9,11,2,0,0,0,2,0,0,2,0,1,0,0,0,0,0,0,20,4,,,1,27,16,8,6,2,2,0,0
WS1190908051,box,1909-08-05,1,WAS08,R,0,CLE,WS1,1,1,0,0,1,,35,9,13,20,3,2,0,,8,,2,0,4,1,1,1,3,2,1,0,6,1,1,1,0,0,0,1,0,0,27,38,35,4,3,9,11,2,0,0,0,2,0,0,2,0,1,0,0,0,0,0,0,0,0,,,1,27,42,27,13,2,2,0,0
WS1190908052,evt,1909-08-05,2,WAS08,R,0,CLE,WS1,1,0,1,0,1,32,30,0,6,10,4,0,0,0,0,,1,0,5,0,0,1,0,0,1,0,5,1,1,0,0,0,1,0,1,0,24,29,28,2,2,8,11,1,1,0,0,0,0,4,0,1,0,0,0,0,0,0,0,13,1,,,1,24,16,9,3,4,1,0,0
WS1190908052,box,1909-08-05,2,WAS08,R,0,CLE,WS1,1,0,1,0,1,,30,0,6,10,4,0,0,,0,,1,0,5,0,0,1,0,0,1,0,5,1,1,0,0,0,1,0,1,0,24,29,28,2,2,8,11,1,1,0,0,0,0,4,0,1,0,0,0,0,0,0,0,0,0,,,1,24,39,24,11,4,1,0,0
NYA190908060,evt,1909-08-06,0,NYC13,R,0,CLE,NYA,1,0,1,0,1,36,34,0,8,9,1,0,0,0,0,,2,0,4,0,0,0,0,2,1,0,9,1,1,0,0,0,1,0,1,0,24,38,32,8,8,12,16,2,1,0,0,4,0,3,3,1,1,0,0,2,0,2,1,6,8,,,1,24,41,24,15,2,3,0,1
NYA190908060,box,1909-08-06,0,NYC13,R,0,CLE,NYA,1,0,1,0,1,,34,0,8,9,1,0,0,,0,,2,0,,0,0,0,0,2,1,0,9,1,1,0,0,0,1,0,1,0,24,38,32,8,8,12,16,2,1,0,0,4,0,3,3,1,1,0,0,2,0,0,0,0,0,,,1,24,41,24,15,2,3,0,1
NYA190908070,evt,1909-08-07,0,NYC13,R,0,CLE,NYA,1,0,1,0,1,34,32,2,7,8,1,0,0,0,2,,0,0,5,0,1,1,0,0,0,0,5,1,1,1,0,0,0,0,1,0,24,37,32,5,4,10,13,1,1,0,0,3,0,7,0,0,1,1,0,0,0,0,0,8,7,,,1,24,37,24,10,3,1,0,0
NYA190908070,box,1909-08-07,0,NYC13,R,0,CLE,NYA,1,0,1,0,1,,32,2,7,8,1,0,0,,2,,0,0,5,0,1,1,0,0,0,0,5,1,1,1,0,0,0,0,1,0,24,37,32,5,4,10,13,1,1,0,0,3,0,7,0,0,1,1,0,0,0,0,0,0,0,,,1,24,37,24,10,3,1,0,0
NYA190908090,evt,1909-08-09,0,NYC13,R,0,CLE,NYA,1,0,1,0,1,31,29,0,3,5,2,0,0,0,0,,2,0,6,0,0,0,0,0,1,0,4,1,1,1,0,0,0,0,1,0,24,33,30,3,2,8,10,0,1,0,0,2,0,5,0,0,0,1,0,1,0,0,0,9,8,,,1,24,40,24,14,2,0,0,0
NYA190908090,box,1909-08-09,0,NYC13,R,0,CLE,NYA,1,0,1,0,1,,29,0,3,5,2,0,0,,0,,2,0,6,0,0,0,0,0,1,0,4,1,1,1,0,0,0,0,1,0,24,33,30,3,2,8,10,0,1,0,0,2,0,5,0,0,0,1,0,1,0,0,0,0,0,,,1,24,40,24,14,2,0,0,0
NYA190908100,evt,1909-08-10,0,NYC13,R,0,CLE,NYA,1,1,0,0,1,37,34,4,11,18,1,3,0,0,4,,1,0,4,0,2,0,0,0,3,0,6,1,1,1,0,0,0,1,0,0,27,32,28,1,0,4,4,0,0,0,0,3,0,3,0,0,0,1,0,0,0,0,0,10,12,,,1,27,38,27,10,1,0,0,0
NYA190908100,box,1909-08-10,0,NYC13,R,0,CLE,NYA,1,1,0,0,1,,34,4,11,18,1,3,0,,4,,1,0,4,0,2,0,0,0,3,0,6,1,1,1,0,0,0,1,0,0,27,32,28,1,0,4,4,0,0,0,0,3,0,3,0,0,0,1,0,0,0,0,0,0,0,,,1,27,38,27,10,1,0,0,0
BOS190908110,evt,1909-08-11,0,BOS06,R,0,CLE,BOS,1,0,1,0,1,38,37,2,12,20,2,3,0,0,2,,1,0,4,1,0,0,0,0,0,0,9,1,1,1,0,0,0,0,1,0,24,32,27,4,4,10,12,0,1,0,0,2,0,2,0,0,2,1,0,0,0,0,0,8,7,,,1,24,42,24,15,3,1,0,0
BOS190908110,box,1909-08-11,0,BOS06,R,0,CLE,BOS,1,0,1,0,1,,37,2,12,20,2,3,0,,2,,1,0,4,1,0,0,0,0,0,0,9,1,1,1,0,0,0,0,1,0,24,32,27,4,4,10,12,0,1,0,0,2,0,2,0,0,2,1,0,0,0,0,0,0,0,,,1,24,42,24,15,3,1,0,0
BOS190908120,evt,1909-08-12,0,BOS06,R,0,CLE,BOS,1,0,1,0,1,37,31,4,6,12,4,1,0,0,4,,5,0,3,0,0,0,1,1,0,0,6,1,1,0,0,0,1,0,1,0,24,36,30,5,5,11,12,1,0,0,0,5,1,2,1,0,1,0,0,0,0,0,0,7,8,,,1,24,38,24,12,2,1,0,0
BOS190908120,box,1909-08-12,0,BOS06,R,0,CLE,BOS,1,0,1,0,1,,31,4,6,12,4,1,0,,4,,5,0,3,0,0,0,1,1,0,0,6,1,1,0,0,0,1,0,1,0,24,36,30,5,5,11,12,1,0,0,0,5,1,2,1,0,1,0,0,0,0,0,0,0,0,,,1,24,38,24,12,2,1,0,0
BOS190908130,evt,1909-08-13,0,BOS06,R,0,CLE,BOS,1,0,1,0,1,37,34,2,8,10,0,1,0,0,1,,2,1,3,0,0,0,1,1,0,0,8,1,1,0,0,0,1,0,1,0,24,40,33,7,7,10,16,3,0,1,0,5,0,3,0,0,2,0,0,0,0,0,0,11,7,,,1,24,39,24,12,3,0,0,0
BOS190908130,box,1909-08-13,0,BOS06,R,0,CLE,BOS,1,0,1,0,1,,34,2,8,10,0,1,0,,1,,2,1,3,0,0,0,1,1,0,0,8,1,1,0,0,0,1,0,1,0,24,40,33,7,7,10,16,3,0,1,0,5,0,3,0,0,2,0,0,0,0,0,0,0,0,,,1,24,39,24,12,3,0,0,0
BOS190908140,evt,1909-08-14,0,BOS06,R,0,CLE,BOS,1,0,1,0,1,35,33,1,8,10,2,0,0,0,1,,0,0,6,0,0,2,0,0,0,0,7,1,1,1,0,0,0,0,1,0,24,32,30,3,3,6,7,1,0,0,0,2,1,2,0,0,0,0,0,0,0,0,0,15,5,,,1,24,40,24,13,3,0,0,0
BOS190908140,box,1909-08-14,0,BOS06,R,0,CLE,BOS,1,0,1,0,1,,33,1,8,10,2,0,0,,1,,0,0,6,0,0,2,0,0,0,0,7,1,1,1,0,0,0,0,1,0,24,32,30,3,3,6,7,1,0,0,0,2,1,2,0,0,0,0,0,0,0,0,0,0,0,,,1,24,40,24,13,3,0,0,0
CLE190908171,box,1909-08-17,1,CLE05,R,1,CLE,SLA,1,1,0,0,1,,31,2,11,15,2,1,0,,2,,1,1,1,1,0,0,0,0,3,0,6,1,1,1,0,0,0,1,0,0,27,33,32,1,0,7,7,0,0,0,0,0,0,5,1,0,1,0,0,0,0,0,0,0,0,,,1,27,38,27,9,2,2,0,0
CLE190908171,ded,1909-08-17,1,CLE05,R,1,CLE,SLA,1,1,0,0,1,32,31,2,11,15,2,1,0,0,2,,1,1,1,1,0,0,0,0,3,0,6,1,1,1,0,0,0,1,0,0,27,33,32,1,0,7,7,0,0,0,0,0,0,5,1,0,1,0,0,0,0,0,0,18,1,,,1,27,14,9,3,2,2,0,0
CLE190908172,box,1909-08-17,2,CLE05,R,1,CLE,SLA,1,1,0,0,1,,35,7,10,11,1,0,0,,6,,3,0,2,0,1,0,0,3,1,0,8,1,1,1,0,0,0,1,0,0,27,41,38,3,0,6,6,0,0,0,0,2,0,,0,1,0,0,0,0,0,0,0,0,0,,,1,27,54,27,21,6,0,0,0
CLE190908172,ded,1909-08-17,2,CLE05,R,1,CLE,SLA,1,1,0,0,1,39,35,7,10,11,1,0,0,0,6,,3,0,2,0,1,0,0,3,1,0,8,1,1,1,0,0,0,1,0,0,27,41,38,3,0,6,6,0,0,0,0,2,0,0,0,1,0,0,0,0,0,0,0,26,1,,,1,27,9,2,1,6,0,0,0
CLE190908181,evt,1909-08-18,1,CLE05,R,1,CLE,SLA,1,1,0,0,1,36,29,3,6,9,3,0,0,0,3,,5,0,3,0,0,1,1,2,2,0,9,1,1,1,1,0,0,1,0,0,27,34,32,0,0,6,8,2,0,0,0,2,0,7,0,0,0,0,0,0,0,0,0,18,1,,,1,27,12,10,2,0,0,0,1
CLE190908181,box,1909-08-18,1,CLE05,R,1,CLE,SLA,1,1,0,0,1,,29,3,6,9,3,0,0,,3,,5,0,1,0,0,1,1,2,2,0,9,1,1,1,1,0,0,1,0,0,27,34,32,0,0,6,8,2,0,0,0,2,0,7,0,0,0,0,0,0,0,0,0,0,0,,,1,27,40,27,13,0,0,0,1
CLE190908182,evt,1909-08-18,2,CLE05,R,1,CLE,SLA,1,1,0,0,1,33,30,3,7,9,0,1,0,0,2,,2,1,4,0,0,1,0,2,0,0,6,1,1,1,0,0,0,1,0,0,27,37,34,2,2,8,9,1,0,0,0,2,0,3,0,0,1,0,0,2,0,0,0,22,1,,,1,27,8,6,2,0,0,0,0
CLE190908182,box,1909-08-18,2,CLE05,R,1,CLE,SLA,1,1,0,0,1,,30,3,7,9,0,1,0,,2,,2,1,4,0,0,1,0,2,0,0,6,1,1,1,0,0,0,1,0,0,27,37,34,2,2,8,9,1,0,0,0,2,0,0,0,0,1,0,0,2,0,0,0,0,0,,,1,27,37,27,10,0,0,0,0
CLE190908190,evt,1909-08-19,0,CLE05,R,1,CLE,PHA,1,0,1,0,1,31,29,1,8,11,1,1,0,0,1,,2,0,3,3,0,0,0,1,2,0,3,1,1,1,0,0,0,0,1,0,27,35,32,2,1,8,11,1,1,0,0,1,0,5,0,0,2,0,0,0,0,0,0,14,3,,,1,27,16,10,5,1,2,0,1
CLE190908190,box,1909-08-19,0,CLE05,R,1,CLE,PHA,1,0,1,0,1,,29,1,8,11,1,1,0,,1,,2,0,3,3,0,0,0,1,2,0,3,1,1,1,0,0,0,0,1,0,27,35,32,2,1,8,11,1,1,0,0,1,0,5,0,0,2,0,0,0,0,0,0,0,0,,,1,27,41,27,13,1,2,0,1
CLE190908200,evt,1909-08-20,0,CLE05,R,1,CLE,PHA,1,0,1,0,1,33,31,0,4,5,1,0,0,0,0,,2,0,6,0,0,0,0,0,0,0,6,1,1,0,0,0,1,0,1,0,27,37,31,5,4,6,8,2,0,0,0,4,0,2,1,1,1,0,0,0,0,2,1,21,1,,,1,27,15,9,5,1,1,0,0
CLE190908200,box,1909-08-20,0,CLE05,R,1,CLE,PHA,1,0,1,0,1,,31,0,4,5,1,0,0,,0,,2,0,6,0,0,0,0,0,0,0,6,1,1,0,0,0,1,0,1,0,27,37,31,5,4,6,8,2,0,0,0,4,0,2,1,1,1,0,0,0,0,0,0,0,0,,,1,27,40,27,12,1,1,0,0
CLE190908210,evt,1909-08-21,0,CLE05,R,1,CLE,PHA,1,0,1,0,1,39,35,6,11,12,1,0,0,0,5,,4,0,3,2,0,0,0,3,2,0,6,1,1,0,0,0,1,0,1,0,27,46,40,10,7,15,16,1,0,0,0,4,0,5,0,0,2,0,0,2,0,0,0,13,6,,,1,27,25,16,5,4,1,0,1
CLE190908210,box,1909-08-21,0,CLE05,R,1,CLE,PHA,1,0,1,0,1,,35,6,11,12,1,0,0,,5,,4,0,,2,0,0,0,3,2,0,6,1,1,0,0,0,1,0,1,0,27,46,40,10,7,15,16,1,0,0,0,4,0,5,0,0,2,0,0,2,0,0,0,0,0,,,1,27,42,27,11,4,1,0,1
CLE190908230,box,1909-08-23,0,CLE05,R,1,CLE,PHA,1,0,1,0,1,,36,6,8,9,1,0,0,,3,,4,0,3,0,0,0,0,1,3,0,7,1,1,0,0,0,1,0,1,0,27,46,34,12,10,13,19,2,2,0,0,6,0,6,0,2,3,1,0,2,0,0,0,0,0,,,1,27,41,27,12,2,0,0,1
CLE190908230,ded,1909-08-23,0,CLE05,R,1,CLE,PHA,1,0,1,0,1,40,36,6,8,9,1,0,0,0,3,,4,0,3,0,0,0,0,1,3,0,7,1,1,0,0,0,1,0,1,0,27,46,34,12,10,13,19,2,2,0,0,6,0,6,0,2,3,1,0,2,0,0,0,12,1,,,1,27,16,10,4,2,0,0,1
CLE190908240,evt,1909-08-24,0,CLE05,R,1,CLE,WS1,1,1,0,0,1,34,30,7,11,18,1,3,0,0,7,,3,2,1,1,0,1,0,3,0,0,3,1,1,1,1,0,0,1,0,0,27,28,27,0,0,3,3,0,0,0,0,1,0,1,1,0,0,0,0,0,0,0,0,22,1,,,1,27,12,7,5,0,1,0,0
CLE190908240,box,1909-08-24,0,CLE05,R,1,CLE,WS1,1,1,0,0,1,,30,7,11,18,1,3,0,,7,,3,2,1,1,0,1,0,3,0,0,3,1,1,1,1,0,0,1,0,0,27,28,27,0,0,3,3,0,0,0,0,1,0,1,1,0,0,0,0,0,0,0,0,0,0,,,1,27,45,27,18,0,1,0,0
CLE190908250,evt,1909-08-25,0,CLE05,R,1,CLE,WS1,1,0,1,0,1,46,43,5,15,18,1,1,0,0,3,,1,0,4,1,1,1,0,1,0,0,11,1,1,0,0,0,1,0,1,0,30,43,40,6,3,12,13,1,0,0,0,3,0,2,1,0,0,0,0,0,0,1,0,21,5,,,1,30,24,14,8,2,1,0,0
CLE190908250,box,1909-08-25,0,CLE05,R,1,CLE,WS1,1,0,1,0,1,,43,5,15,18,1,1,0,,3,,1,0,4,1,1,1,0,1,0,0,11,1,1,0,0,0,1,0,1,0,30,43,40,6,3,12,13,1,0,0,0,3,0,2,1,0,0,0,0,0,0,0,0,0,0,,,1,30,47,30,15,2,1,0,0
CLE190908260,evt,1909-08-26,0,CLE05,R,1,CLE,WS1,1,1,0,0,1,40,32,8,12,18,4,1,0,0,7,,3,0,1,0,2,2,1,8,1,0,8,1,1,1,0,0,0,1,0,0,27,38,36,2,1,11,13,2,0,0,0,1,0,4,2,0,1,0,0,0,0,0,0,15,3,,,1,27,19,13,5,1,2,0,0
CLE190908260,box,1909-08-26,0,CLE05,R,1,CLE,WS1,1,1,0,0,1,,32,8,12,18,4,1,0,,7,,3,0,,0,2,2,1,8,1,0,8,1,1,1,0,0,0,1,0,0,27,38,36,2,1,11,13,2,0,0,0,1,0,4,2,0,1,0,0,0,0,0,0,0,0,,,1,27,43,27,15,1,2,0,0
CLE190908270,evt,1909-08-27,0,CLE05,R,1,CLE,BOS,1,1,0,0,1,37,32,5,7,9,0,1,0,0,5,,3,0,7,0,0,2,0,1,1,0,8,1,1,1,0,0,0,1,0,0,27,36,32,3,3,6,7,1,0,0,0,3,0,4,0,0,1,0,0,2,0,0,0,8,12,,,1,27,42,27,12,3,0,0,0
CLE190908270,box,1909-08-27,0,CLE05,R,1,CLE,BOS,1,1,0,0,1,,32,5,7,9,0,1,0,,5,,3,0,7,0,0,2,0,1,1,0,8,1,1,1,0,0,0,1,0,0,27,36,32,3,3,6,7,1,0,0,0,3,0,4,0,0,1,0,0,2,0,0,0,0,0,,,1,27,41,27,11,3,0,0,0
CLE190908280,evt,1909-08-28,0,CLE05,R,1,CLE,BOS,1,0,1,0,1,37,31,3,8,12,2,1,0,0,3,,5,0,4,1,0,1,0,3,1,0,7,1,1,0,0,0,1,0,1,0,27,36,33,4,4,11,11,0,0,0,0,1,0,6,0,1,1,0,0,1,0,0,0,3,7,,,1,27,44,27,14,3,1,0,0
CLE190908280,box,1909-08-28,0,CLE05,R,1,CLE,BOS,1,0,1,0,1,,31,3,8,12,2,1,0,,3,,5,0,4,1,0,1,0,3,1,0,7,1,1,0,0,0,1,0,1,0,27,36,33,4,4,11,11,0,0,0,0,1,0,6,0,1,1,0,0,1,0,0,0,0,0,,,1,27,44,27,14,3,1,0,0
CLE190908300,evt,1909-08-30,0,CLE05,R,1,CLE,BOS,1,1,0,0,1,30,29,4,9,10,1,0,0,0,4,,0,0,4,2,0,1,0,0,1,0,2,1,1,1,0,0,0,1,0,0,27,40,36,2,2,12,13,1,0,0,0,3,0,8,1,0,1,0,0,0,0,0,0,8,7,,,1,27,40,27,12,1,1,0,0
CLE190908300,box,1909-08-30,0,CLE05,R,1,CLE,BOS,1,1,0,0,1,,29,4,9,10,1,0,0,,4,,0,0,4,2,0,1,0,0,1,0,2,1,1,1,0,0,0,1,0,0,27,40,36,2,2,12,13,1,0,0,0,3,0,8,1,0,1,0,0,0,0,0,0,0,0,,,1,27,40,27,12,1,1,0,0
CLE190908311,evt,1909-08-31,1,CLE05,R,1,CLE,NYA,1,0,1,0,1,31,29,1,6,7,1,0,0,0,1,,1,0,5,2,0,0,1,0,1,0,3,1,1,1,0,0,0,0,1,0,27,37,34,4,2,10,10,0,0,0,0,2,0,3,1,0,1,0,0,1,0,0,0,9,11,,,1,27,41,27,12,2,1,0,0
CLE190908311,box,1909-08-31,1,CLE05,R,1,CLE,NYA,1,0,1,0,1,,29,1,6,7,1,0,0,,1,,1,0,5,2,0,0,1,0,1,0,3,1,1,1,0,0,0,0,1,0,27,37,34,4,2,10,10,0,0,0,0,2,0,3,1,0,1,0,0,1,0,0,0,0,0,,,1,27,41,27,12,2,1,0,0
CLE190908312,evt,1909-08-31,2,CLE05,R,1,CLE,NYA,1,1,0,0,1,34,34,2,7,8,1,0,0,0,2,,0,0,6,0,0,0,0,2,0,0,6,1,1,1,0,0,0,1,0,0,27,35,30,1,1,5,6,1,0,0,0,3,0,10,1,1,1,0,0,0,0,0,0,6,7,,,1,27,35,25,7,3,1,0,0
CLE190908312,box,1909-08-31,2,CLE05,R,1,CLE,NYA,1,1,0,0,1,,34,2,7,8,1,0,0,,2,,0,0,6,0,0,0,0,2,0,0,6,1,1,1,0,0,0,1,0,0,27,35,30,1,1,5,6,1,0,0,0,3,0,10,1,1,1,0,0,0,0,0,0,0,0,,,1,27,39,27,9,3,1,0,0
CLE190909021,evt,1909-09-02,1,CLE05,R,1,CLE,NYA,1,0,1,0,1,37,36,1,9,13,2,1,0,0,1,,1,1,9,0,0,0,0,2,2,0,9,1,1,0,0,0,1,0,1,0,27,38,34,6,6,10,14,0,2,0,0,2,0,8,0,1,0,1,0,2,0,0,0,9,8,,,1,27,38,27,11,0,0,0,0
CLE190909021,box,1909-09-02,1,CLE05,R,1,CLE,NYA,1,0,1,0,1,,36,1,9,13,2,1,0,,1,,1,1,9,0,0,0,0,2,2,0,9,1,1,0,0,0,1,0,1,0,27,38,34,6,6,10,14,0,2,0,0,2,0,8,0,1,0,1,0,2,0,0,0,0,0,,,1,27,38,27,11,0,0,0,0
CLE190909022,evt,1909-09-02,2,CLE05,R,1,CLE,NYA,1,1,0,0,1,36,31,2,9,11,2,0,0,0,2,,4,1,7,0,0,1,0,0,1,0,9,1,1,1,0,0,0,1,0,0,27,33,31,1,0,5,5,0,0,0,0,1,0,5,0,0,1,0,0,0,0,0,0,8,13,,,1,27,36,27,8,1,1,0,0
CLE190909022,box,1909-09-02,2,CLE05,R,1,CLE,NYA,1,1,0,0,1,,31,2,9,11,2,0,0,,2,,4,1,7,0,0,1,0,0,1,0,9,1,1,1,0,0,0,1,0,0,27,33,31,1,0,5,5,0,0,0,0,1,0,5,0,0,1,0,0,0,0,0,0,0,0,,,1,27,36,27,8,1,1,0,0
CLE190909030,evt,1909-09-03,0,CLE05,R,1,CLE,DET,1,0,0,1,1,36,32,1,8,8,0,0,0,0,1,,3,1,5,1,1,0,0,1,1,0,8,1,1,1,0,0,0,0,0,0,27,36,31,1,1,6,8,0,1,0,0,5,1,3,1,0,0,0,0,0,0,0,0,14,8,,,1,27,20,14,6,0,1,0,0
CLE190909030,box,1909-09-03,0,CLE05,R,1,CLE,DET,1,0,0,1,1,,32,1,8,8,0,0,0,,1,,3,1,5,1,1,0,0,1,1,0,8,1,1,1,0,0,0,0,0,0,27,36,31,1,1,6,8,0,1,0,0,5,1,3,1,0,0,0,0,0,0,0,0,0,0,,,1,27,36,27,9,0,1,0,0
CLE190909041,evt,1909-09-04,1,CLE05,R,1,CLE,DET,1,1,0,0,1,36,31,4,12,16,2,1,0,0,4,,0,0,6,0,0,4,0,2,1,1,8,1,1,1,1,0,0,1,0,0,27,33,30,0,0,5,6,1,0,0,0,3,0,3,0,0,0,0,0,0,0,0,0,7,15,,,1,27,36,27,9,0,0,0,0
CLE190909041,box,1909-09-04,1,CLE05,R,1,CLE,DET,1,1,0,0,1,,31,4,12,16,2,1,0,,4,,0,0,6,0,0,4,0,2,1,1,8,1,1,1,1,0,0,1,0,0,27,33,30,0,0,5,6,1,0,0,0,3,0,3,0,0,0,0,0,0,0,0,0,0,0,,,1,27,36,27,9,0,0,0,0
CLE190909042,evt,1909-09-04,2,CLE05,R,1,CLE,DET,1,1,0,0,1,37,30,4,7,8,1,0,0,0,4,,6,0,6,0,0,1,0,2,0,0,9,1,1,1,0,0,0,1,0,0,27,34,31,3,2,7,8,1,0,0,0,3,0,4,1,0,0,0,0,0,0,0,0,12,7,,,1,27,43,27,14,2,2,0,0
CLE190909042,box,1909-09-04,2,CLE05,R,1,CLE,DET,1,1,0,0,1,,30,4,7,8,1,0,0,,4,,6,0,6,0,0,1,0,2,0,0,9,1,1,1,0,0,0,1,0,0,27,34,31,3,2,7,8,1,0,0,0,3,0,4,1,0,0,0,0,0,0,0,0,0,0,,,1,27,43,27,14,2,2,0,0
CHA190909050,evt,1909-09-05,0,CHI09,R,0,CLE,CHA,1,1,0,0,1,39,38,6,11,11,0,0,0,0,1,,0,0,12,0,0,1,0,3,0,0,6,1,1,0,0,0,1,1,0,1,27,36,30,1,1,5,5,0,0,0,0,4,0,3,0,1,1,0,0,0,0,3,0,18,3,,,1,27,20,12,7,1,1,0,0
CHA190909050,box,1909-09-05,0,CHI09,R,0,CLE,CHA,1,1,0,0,1,,38,6,11,11,0,0,0,,1,,0,0,12,0,0,1,0,3,0,0,6,1,1,0,0,0,1,1,0,1,27,36,30,1,1,5,5,0,0,0,0,4,0,3,0,1,1,0,0,0,0,0,0,0,0,,,1,27,49,27,21,1,1,0,0
CLE190909061,evt,1909-09-06,1,CLE05,R,1,CLE,CHA,1,1,0,0,1,34,28,5,9,11,2,0,0,0,3,,1,0,2,0,1,4,0,6,1,0,5,1,1,1,0,0,0,1,0,0,27,36,31,2,2,6,7,1,0,0,0,4,1,3,0,0,1,0,0,0,0,0,0,9,13,,,1,27,38,27,10,1,0,0,0
CLE190909061,box,1909-09-06,1,CLE05,R,1,CLE,CHA,1,1,0,0,1,,28,5,9,11,2,0,0,,3,,1,0,2,0,1,4,0,6,1,0,5,1,1,1,0,0,0,1,0,0,27,36,31,2,2,6,7,1,0,0,0,4,1,3,0,0,1,0,0,0,0,0,0,0,0,,,1,27,38,27,10,1,0,0,0
CLE190909062,evt,1909-09-06,2,CLE05,R,1,CLE,CHA,1,0,1,0,1,36,32,3,11,15,4,0,0,0,3,,2,0,5,1,1,1,0,1,2,0,6,1,1,1,0,0,0,0,1,0,27,40,35,5,4,10,12,0,1,0,0,2,0,5,0,1,2,0,0,1,0,0,0,6,14,,,1,27,36,27,7,2,0,0,0
CLE190909062,box,1909-09-06,2,CLE05,R,1,CLE,CHA,1,0,1,0,1,,32,3,11,15,4,0,0,,3,,2,0,5,1,1,1,0,1,2,0,6,1,1,1,0,0,0,0,1,0,27,40,35,5,4,10,12,0,1,0,0,2,0,5,0,1,2,0,0,1,0,0,0,0,0,,,1,27,36,27,7,2,0,0,0
DET190909070,evt,1909-09-07,0,DET02,R,0,CLE,DET,1,0,1,0,1,37,37,4,12,19,1,0,2,0,4,,0,0,1,1,0,0,0,0,1,0,6,1,1,1,0,0,0,0,1,0,24,35,31,6,6,11,14,3,0,0,0,0,0,1,0,0,3,1,0,0,0,0,0,18,1,,,1,24,14,6,5,3,0,0,0
DET190909070,box,1909-09-07,0,DET02,R,0,CLE,DET,1,0,1,0,1,,37,4,12,19,1,0,2,,4,,0,0,1,1,0,0,0,0,1,0,6,1,1,1,0,0,0,0,1,0,24,35,31,6,6,11,14,3,0,0,0,0,0,,0,0,3,1,0,0,0,0,0,0,0,,,1,24,46,24,19,3,0,0,0
DET190909080,evt,1909-09-08,0,DET02,R,0,CLE,DET,1,1,0,0,1,43,33,7,11,17,3,0,1,0,7,,7,1,2,1,0,2,1,2,1,0,9,1,1,1,0,0,0,1,0,0,27,36,31,4,3,5,8,1,1,0,0,3,1,2,1,1,0,1,0,0,0,0,0,20,4,,,1,27,13,9,2,2,1,0,0
DET190909080,box,1909-09-08,0,DET02,R,0,CLE,DET,1,1,0,0,1,,33,7,11,17,3,0,1,,7,,7,1,2,1,0,2,1,2,1,0,9,1,1,1,0,0,0,1,0,0,27,36,31,4,3,5,8,1,1,0,0,3,1,,1,1,0,1,0,0,0,0,0,0,0,,,1,27,38,27,9,2,1,0,0
DET190909101,evt,1909-09-10,1,DET02,R,0,CLE,DET,1,0,1,0,1,36,34,1,8,9,1,0,0,0,1,,2,0,5,0,0,0,0,0,1,0,8,1,1,1,0,0,0,0,1,0,24,32,27,2,2,7,9,0,1,0,0,1,0,3,0,0,4,0,0,0,0,0,0,10,5,,,1,24,38,24,13,1,0,0,0
DET190909101,box,1909-09-10,1,DET02,R,0,CLE,DET,1,0,1,0,1,,34,1,8,9,1,0,0,,1,,2,0,5,0,0,0,0,0,1,0,8,1,1,1,0,0,0,0,1,0,24,32,27,2,2,7,9,0,1,0,0,1,0,3,0,0,4,0,0,0,0,0,0,0,0,,,1,24,38,24,13,1,0,0,0
DET190909102,evt,1909-09-10,2,DET02,R,0,CLE,DET,1,0,1,0,1,31,30,1,2,3,1,0,0,0,1,,1,0,5,0,0,0,0,0,1,0,3,1,1,0,0,0,1,0,1,0,24,39,32,9,3,11,13,2,0,0,0,5,1,5,0,0,2,0,0,2,0,2,1,9,5,,,1,24,23,15,5,3,0,0,0
DET190909102,box,1909-09-10,2,DET02,R,0,CLE,DET,1,0,1,0,1,,30,1,2,3,1,0,0,,1,,1,0,5,0,0,0,0,0,1,0,3,1,1,0,0,0,1,0,1,0,24,39,32,9,3,11,13,2,0,0,0,5,1,5,0,0,2,0,0,2,0,0,0,0,0,,,1,24,37,24,10,3,0,0,0
DET190909110,evt,1909-09-11,0,DET02,R,0,CLE,DET,1,0,1,0,1,33,30,1,3,4,1,0,0,0,0,,2,1,7,0,1,0,0,1,1,0,5,1,1,0,0,0,1,0,1,0,24,40,33,7,5,13,17,2,1,0,0,4,0,1,0,0,2,1,0,0,0,0,0,10,7,,,1,24,44,24,18,2,0,0,0
DET190909110,box,1909-09-11,0,DET02,R,0,CLE,DET,1,0,1,0,1,,30,1,3,4,1,0,0,,0,,2,1,7,0,1,0,0,1,1,0,5,1,1,0,0,0,1,0,1,0,24,40,33,7,5,13,17,2,1,0,0,4,0,1,0,0,2,1,0,0,0,0,0,0,0,,,1,24,44,24,18,2,0,0,0
CHA190909120,evt,1909-09-12,0,CHI09,R,0,CLE,CHA,1,0,1,0,1,32,28,0,3,3,0,0,0,0,0,,3,1,4,0,0,1,0,1,1,0,5,1,1,0,0,0,1,0,1,0,24,29,23,1,1,5,7,0,1,0,0,3,0,1,0,1,2,0,0,0,0,0,0,14,3,,,1,24,18,10,8,0,0,0,0
CHA190909120,box,1909-09-12,0,CHI09,R,0,CLE,CHA,1,0,1,0,1,,28,0,3,3,0,0,0,,0,,3,1,4,0,0,1,0,1,1,0,5,1,1,0,0,0,1,0,1,0,24,29,23,1,1,5,7,0,1,0,0,3,0,1,0,1,2,0,0,0,0,0,0,0,0,,,1,24,41,24,17,0,0,0,0
CHA190909130,evt,1909-09-13,0,CHI09,R,0,CLE,CHA,1,0,1,0,1,31,27,0,3,3,0,0,0,0,0,,2,0,7,2,1,1,0,1,0,0,4,1,1,1,0,0,0,0,1,0,24,29,29,2,0,7,11,2,1,0,0,0,0,3,0,0,0,0,0,0,0,0,0,13,5,,,1,24,16,12,3,1,0,0,0
CHA190909130,box,1909-09-13,0,CHI09,R,0,CLE,CHA,1,0,1,0,1,,27,0,3,3,0,0,0,,0,,2,0,7,2,1,1,0,1,0,0,4,1,1,1,0,0,0,0,1,0,24,29,29,2,0,7,11,2,1,0,0,0,0,3,0,0,0,0,0,0,0,0,0,0,0,,,1,24,37,24,12,1,0,0,0
CHA190909140,evt,1909-09-14,0,CHI09,R,0,CLE,CHA,1,0,0,1,1,25,22,4,6,11,1,2,0,0,4,,2,0,3,0,0,1,0,1,1,0,3,1,1,1,0,0,0,0,0,0,18,27,24,4,0,5,5,0,0,0,0,1,0,3,0,1,1,0,0,0,0,0,0,10,3,,,1,18,13,7,1,5,1,0,0
CHA190909140,box,1909-09-14,0,CHI09,R,0,CLE,CHA,1,0,0,1,1,,22,4,6,11,1,2,0,,4,,2,0,3,0,0,1,0,1,1,0,3,1,1,1,0,0,0,0,0,0,18,27,24,4,0,5,5,0,0,0,0,1,0,3,0,1,1,0,0,0,0,0,0,0,0,,,1,18,31,18,8,5,1,0,0
NYA190909160,evt,1909-09-16,0,NYC13,R,0,CLE,NYA,1,0,1,0,1,29,29,1,2,2,0,0,0,0,1,,0,0,8,0,0,0,0,1,2,0,1,1,1,0,0,0,1,0,1,0,24,32,28,2,2,6,12,2,2,0,0,2,0,1,0,0,1,1,0,0,0,0,0,10,10,,,1,24,39,24,13,2,1,0,0
NYA190909160,box,1909-09-16,0,NYC13,R,0,CLE,NYA,1,0,1,0,1,,29,1,2,2,0,0,0,,1,,0,0,8,0,0,0,0,1,2,0,1,1,1,0,0,0,1,0,1,0,24,32,28,2,2,6,12,2,2,0,0,2,0,1,0,0,1,1,0,0,0,0,0,0,0,,,1,24,39,24,13,2,1,0,0
NYA190909170,evt,1909-09-17,0,NYC13,R,0,CLE,NYA,1,0,1,0,1,37,32,0,4,5,1,0,0,0,0,,4,0,3,0,0,1,0,0,1,0,10,1,1,0,0,0,1,0,1,0,24,43,31,10,10,13,13,0,0,0,0,5,0,4,0,2,2,3,0,2,0,2,2,10,6,,,1,24,39,24,14,1,0,0,0
NYA190909170,box,1909-09-17,0,NYC13,R,0,CLE,NYA,1,0,1,0,1,,32,0,4,5,1,0,0,,0,,4,0,3,0,0,1,0,0,1,0,10,1,1,0,0,0,1,0,1,0,24,43,31,10,10,13,13,0,0,0,0,5,0,4,0,2,2,3,0,2,0,0,0,0,0,,,1,24,39,24,14,1,0,0,0
NYA190909180,evt,1909-09-18,0,NYC13,R,0,CLE,NYA,1,0,1,0,1,38,35,3,9,16,2,1,1,0,3,,3,0,7,0,0,0,0,1,1,0,8,1,1,0,0,0,1,0,1,0,24,43,35,5,5,16,22,2,2,0,0,6,1,3,0,0,2,0,0,0,0,3,0,5,11,,,1,24,34,24,10,0,0,0,0
NYA190909180,box,1909-09-18,0,NYC13,R,0,CLE,NYA,1,0,1,0,1,,35,3,9,16,2,1,1,,3,,3,0,7,0,0,0,0,1,1,0,8,1,1,0,0,0,1,0,1,0,24,43,35,5,5,16,22,2,2,0,0,6,1,3,0,0,2,0,0,0,0,0,0,0,0,,,1,24,34,24,10,0,0,0,0
NYA190909200,evt,1909-09-20,0,NYC13,R,0,CLE,NYA,1,0,1,0,1,37,36,4,9,11,2,0,0,0,4,,1,0,4,0,0,0,0,1,1,0,6,1,1,0,0,0,1,0,1,0,24,40,36,9,6,12,16,2,1,0,0,2,0,3,0,0,0,2,0,0,0,0,0,7,13,,,1,24,36,24,8,4,0,0,0
NYA190909200,box,1909-09-20,0,NYC13,R,0,CLE,NYA,1,0,1,0,1,,36,4,9,11,2,0,0,,4,,1,0,4,0,0,0,0,1,1,0,6,1,1,0,0,0,1,0,1,0,24,40,36,9,6,12,16,2,1,0,0,2,0,3,0,0,0,2,0,0,0,0,0,0,0,,,1,24,36,24,8,4,0,0,0
BOS190909210,evt,1909-09-21,0,BOS06,R,0,CLE,BOS,1,0,1,0,1,33,32,3,7,11,1,0,1,0,3,,0,0,1,1,1,0,0,1,2,0,3,1,1,1,0,0,0,0,1,0,24,36,30,7,4,11,15,1,0,1,0,3,0,2,0,1,2,0,0,0,0,0,0,10,6,,,1,24,28,17,8,3,0,0,1
BOS190909210,box,1909-09-21,0,BOS06,R,0,CLE,BOS,1,0,1,0,1,,32,3,7,11,1,0,1,,3,,0,0,,1,1,0,0,1,2,0,3,1,1,1,0,0,0,0,1,0,24,36,30,7,4,11,15,1,0,1,0,3,0,2,0,1,2,0,0,0,0,0,0,0,0,,,1,24,40,23,14,3,0,0,1
BOS190909220,evt,1909-09-22,0,BOS06,R,0,CLE,BOS,1,0,1,0,1,34,32,1,5,7,0,1,0,0,1,,2,1,1,0,0,0,0,2,0,0,6,1,1,1,0,0,0,0,1,0,24,35,28,3,2,7,7,0,0,0,0,3,1,1,0,2,2,0,0,0,0,0,0,16,3,,,1,24,17,10,5,2,1,0,0
BOS190909220,box,1909-09-22,0,BOS06,R,0,CLE,BOS,1,0,1,0,1,,32,1,5,7,0,1,0,,1,,2,1,,0,0,0,0,2,0,0,6,1,1,1,0,0,0,0,1,0,24,35,28,3,2,7,7,0,0,0,0,3,1,,0,2,2,0,0,0,0,0,0,0,0,,,1,24,37,24,11,2,1,0,0
BOS190909230,evt,1909-09-23,0,BOS06,R,0,CLE,BOS,1,1,0,0,1,40,36,7,15,16,1,0,0,0,6,,2,0,10,0,0,1,1,2,1,0,6,1,1,1,0,0,0,1,0,0,27,35,34,3,3,9,13,1,0,1,0,1,0,7,0,0,0,0,0,0,0,0,0,15,2,,,1,27,23,16,6,1,0,0,0
BOS190909230,box,1909-09-23,0,BOS06,R,0,CLE,BOS,1,1,0,0,1,,36,7,15,16,1,0,0,,6,,2,0,10,0,0,1,1,2,1,0,6,1,1,1,0,0,0,1,0,0,27,35,34,3,3,9,13,1,0,1,0,1,0,7,0,0,0,0,0,0,0,0,0,0,0,,,1,27,41,27,13,1,0,0,0
PHA190909251,evt,1909-09-25,1,PHI11,R,0,CLE,PHA,1,0,1,0,1,33,31,0,4,4,0,0,0,0,0,,1,0,4,0,0,1,0,1,1,0,6,1,1,1,0,0,0,0,1,0,24,39,35,5,3,14,19,1,2,0,0,1,0,1,0,0,3,0,0,0,0,0,0,9,9,,,1,24,46,24,17,5,0,0,0
PHA190909251,box,1909-09-25,1,PHI11,R,0,CLE,PHA,1,0,1,0,1,,31,0,4,4,0,0,0,,0,,1,0,4,0,0,1,0,1,1,0,6,1,1,1,0,0,0,0,1,0,24,39,35,5,3,14,19,1,2,0,0,1,0,1,0,0,3,0,0,0,0,0,0,0,0,,,1,24,46,24,17,5,0,0,0
PHA190909252,evt,1909-09-25,2,PHI11,R,0,CLE,PHA,1,0,1,0,1,30,30,0,7,7,0,0,0,0,0,,0,0,2,0,0,0,0,1,2,0,3,1,1,1,0,0,0,0,1,0,24,34,32,3,3,7,8,1,0,0,0,2,0,7,0,0,0,0,0,1,0,0,0,11,4,,,1,24,41,24,13,4,0,0,1
PHA190909252,box,1909-09-25,2,PHI11,R,0,CLE,PHA,1,0,1,0,1,,30,0,7,7,0,0,0,,0,,0,0,2,0,0,0,0,1,2,0,3,1,1,1,0,0,0,0,1,0,24,34,32,3,3,7,8,1,0,0,0,2,0,7,0,0,0,0,0,1,0,0,0,0,0,,,1,24,41,24,13,4,0,0,1
PHA190909270,evt,1909-09-27,0,PHI11,R,0,CLE,PHA,1,1,0,0,1,41,37,5,13,18,2,0,1,0,4,,3,2,8,0,0,1,0,2,1,0,9,1,1,0,0,0,1,1,0,1,27,37,27,4,4,7,10,1,1,0,0,6,0,4,2,1,2,1,0,0,0,1,0,6,9,,,1,27,46,27,17,2,3,0,0
PHA190909270,box,1909-09-27,0,PHI11,R,0,CLE,PHA,1,1,0,0,1,,37,5,13,18,2,0,1,,4,,3,2,8,0,0,1,0,2,1,0,9,1,1,0,0,0,1,1,0,1,27,37,27,4,4,7,10,1,1,0,0,6,0,4,2,1,2,1,0,0,0,0,0,0,0,,,1,27,46,27,17,2,3,0,0
PHA190909280,evt,1909-09-28,0,PHI11,R,0,CLE,PHA,1,0,1,0,1,33,31,0,5,5,0,0,0,0,0,,2,0,5,0,0,0,0,1,2,0,6,1,1,0,0,0,1,0,1,0,24,35,30,7,7,10,17,3,2,0,0,2,0,3,1,2,1,0,0,0,0,0,0,5,10,,,1,24,36,24,10,2,3,0,0
PHA190909280,box,1909-09-28,0,PHI11,R,0,CLE,PHA,1,0,1,0,1,,31,0,5,5,0,0,0,,0,,2,0,5,0,0,0,0,1,2,0,6,1,1,0,0,0,1,0,1,0,24,35,30,7,7,10,17,3,2,0,0,2,0,3,1,2,1,0,0,0,0,0,0,0,0,,,1,24,36,24,10,2,3,0,0
WS1190909291,evt,1909-09-29,1,WAS08,R,0,CLE,WS1,1,0,1,0,1,31,29,1,3,3,0,0,0,0,0,,1,1,3,0,0,1,0,1,0,0,3,1,1,1,0,0,0,0,1,0,25,33,28,2,2,6,6,0,0,0,0,4,1,3,0,0,1,0,0,0,1,0,0,16,2,,,1,25,8,6,1,1,0,0,0
WS1190909291,box,1909-09-29,1,WAS08,R,0,CLE,WS1,1,0,1,0,1,,29,1,3,3,0,0,0,,0,,1,1,2,0,0,1,0,1,0,0,3,1,1,1,0,0,0,0,1,0,25,33,28,2,2,6,6,0,0,0,0,4,1,3,0,0,1,0,0,0,1,0,0,0,0,,,1,25,35,25,9,1,0,0,0
WS1190909292,box,1909-09-29,2,WAS08,R,0,CLE,WS1,1,0,1,0,1,,34,3,8,11,1,1,0,,3,,5,0,8,0,0,0,0,0,0,0,9,1,1,0,0,0,1,0,1,0,24,34,31,7,3,8,9,1,0,0,0,2,0,1,0,0,0,1,0,0,0,0,0,0,0,,,1,24,44,24,13,7,1,0,0
WS1190909292,ded,1909-09-29,2,WAS08,R,0,CLE,WS1,1,0,1,0,1,39,34,3,8,11,1,1,0,0,3,,5,0,8,0,0,0,0,0,0,0,9,1,1,0,0,0,1,0,1,0,24,34,31,7,3,8,9,1,0,0,0,2,0,1,0,0,0,1,0,0,0,2,1,19,2,,,1,24,15,5,3,7,1,0,0
WS1190910010,box,1909-10-01,0,WAS08,R,0,CLE,WS1,1,0,1,0,1,,34,2,8,8,0,0,0,,2,,4,0,6,0,0,0,0,3,2,0,9,1,1,1,0,0,0,0,1,0,24,34,28,4,3,5,7,2,0,0,0,5,0,7,1,0,0,1,0,0,0,0,0,0,0,,,1,24,39,24,11,4,1,0,0
WS1190910010,ded,1909-10-01,0,WAS08,R,0,CLE,WS1,1,0,1,0,1,38,34,2,8,8,0,0,0,0,2,,4,0,6,0,0,0,0,3,2,0,9,1,1,1,0,0,0,0,1,0,24,34,28,4,3,5,7,2,0,0,0,5,0,7,1,0,0,1,0,0,0,0,0,13,2,,,1,24,16,10,2,4,1,0,0
SLA190910031,box,1909-10-03,1,STL07,R,0,CLE,SLA,1,0,1,0,1,,33,4,10,11,1,0,0,,3,,5,0,,0,0,1,0,1,3,0,8,1,1,0,0,0,1,0,1,0,24,34,31,6,6,10,13,1,1,0,0,1,0,,0,0,1,1,0,0,1,0,0,0,0,,,1,24,35,24,10,1,0,0,0
SLA190910031,ded,1909-10-03,1,STL07,R,0,CLE,SLA,1,0,1,0,1,39,33,4,10,11,1,0,0,0,3,,5,0,1,0,0,1,0,1,3,0,8,1,1,0,0,0,1,0,1,0,24,34,31,6,6,10,13,1,1,0,0,1,0,0,0,0,1,1,0,0,1,1,0,18,4,,,1,24,9,6,2,1,0,0,0
SLA190910032,box,1909-10-03,2,STL07,R,0,CLE,SLA,1,1,0,0,1,,22,3,5,7,0,1,0,,2,,1,0,,0,0,0,0,0,1,0,2,1,1,1,0,0,0,1,0,0,18,26,19,1,0,5,5,0,0,0,0,3,0,,1,2,2,0,0,0,0,0,0,0,0,,,1,18,28,18,9,1,2,0,1
SLA190910032,ded,1909-10-03,2,STL07,R,0,CLE,SLA,1,1,0,0,1,23,22,3,5,7,0,1,0,0,2,,1,0,1,0,0,0,0,0,1,0,2,1,1,1,0,0,0,1,0,0,18,26,19,1,0,5,5,0,0,0,0,3,0,1,1,2,2,0,0,0,0,0,0,13,0,,,1,18,14,7,6,1,2,0,1
DET190904140,evt,1909-04-14,0,DET02,R,1,DET,CHA,1,1,0,0,1,30,29,2,4,5,1,0,0,0,1,,0,0,3,0,0,1,0,0,0,0,4,1,1,1,1,0,0,1,0,0,27,28,27,0,0,1,1,0,0,0,0,1,0,5,1,0,0,0,0,0,0,0,0,11,10,,,1,27,39,27,12,0,1,0,0
DET190904140,box,1909-04-14,0,DET02,R,1,DET,CHA,1,1,0,0,1,,29,2,4,5,1,0,0,,1,,0,0,3,0,0,1,0,0,0,0,4,1,1,1,1,0,0,1,0,0,27,28,27,0,0,1,1,0,0,0,0,1,0,5,1,0,0,0,0,0,0,0,0,0,0,,,1,27,39,27,12,0,1,0,0
DET190904150,evt,1909-04-15,0,DET02,R,1,DET,CHA,1,1,0,0,1,33,31,3,9,10,1,0,0,0,2,,0,0,6,1,0,2,0,1,0,0,6,1,1,1,0,0,0,1,0,0,27,34,31,1,1,3,6,0,0,1,0,2,0,3,0,0,1,0,0,1,0,0,0,15,7,,,1,27,45,27,15,3,0,0,0
DET190904150,box,1909-04-15,0,DET02,R,1,DET,CHA,1,1,0,0,1,,31,3,9,10,1,0,0,,2,,0,0,6,1,0,2,0,1,0,0,6,1,1,1,0,0,0,1,0,0,27,34,31,1,1,3,6,0,0,1,0,2,0,3,0,0,1,0,0,1,0,0,0,0,0,,,1,27,45,27,15,3,0,0,0
DET190904160,evt,1909-04-16,0,DET02,R,1,DET,CHA,1,1,0,0,1,41,37,10,16,19,1,1,0,0,10,,1,0,2,0,0,1,2,3,0,0,7,1,1,0,0,0,1,1,0,1,27,34,32,2,1,7,7,0,0,0,0,0,0,2,0,0,1,1,0,1,0,0,0,17,6,,,1,27,33,21,11,1,0,0,0
DET190904160,box,1909-04-16,0,DET02,R,1,DET,CHA,1,1,0,0,1,,37,10,16,19,1,1,0,,10,,1,0,2,0,0,1,2,3,0,0,7,1,1,0,0,0,1,1,0,1,27,34,32,2,1,7,7,0,0,0,0,0,0,,0,0,1,1,0,1,0,0,0,0,0,,,1,27,40,27,12,1,0,0,0
DET190904170,evt,1909-04-17,0,DET02,R,1,DET,CLE,1,1,0,0,1,36,31,6,10,11,1,0,0,0,5,,2,0,3,0,1,1,1,0,0,0,6,1,1,1,0,0,0,1,0,0,27,38,35,5,1,8,10,2,0,0,0,2,0,6,0,1,0,0,0,1,0,0,0,15,5,,,1,27,47,27,16,4,0,0,0
DET190904170,box,1909-04-17,0,DET02,R,1,DET,CLE,1,1,0,0,1,,31,6,10,11,1,0,0,,5,,2,0,3,0,1,1,1,0,0,0,6,1,1,1,0,0,0,1,0,0,27,38,35,5,1,8,10,2,0,0,0,2,0,6,0,1,0,0,0,1,0,0,0,0,0,,,1,27,47,27,16,4,0,0,0
DET190904180,evt,1909-04-18,0,DET02,R,1,DET,CLE,1,1,0,0,1,30,25,3,4,6,2,0,0,0,2,,2,0,0,0,0,2,1,1,1,0,3,1,1,1,0,0,0,1,0,0,27,32,29,2,2,3,5,2,0,0,0,3,0,5,0,0,0,0,0,0,0,0,0,14,7,,,1,27,22,17,5,0,0,0,0
DET190904180,box,1909-04-18,0,DET02,R,1,DET,CLE,1,1,0,0,1,,25,3,4,6,2,0,0,,2,,2,0,0,0,0,2,1,1,1,0,3,1,1,1,0,0,0,1,0,0,27,32,29,2,2,3,5,2,0,0,0,3,0,0,0,0,0,0,0,0,0,0,0,0,0,,,1,27,35,27,8,0,0,0,0
DET190904200,evt,1909-04-20,0,DET02,R,1,DET,CLE,1,0,1,0,1,32,30,2,3,3,0,0,0,0,1,,2,0,0,1,0,0,0,1,0,0,3,1,1,1,0,0,0,0,1,0,27,45,44,12,7,17,23,1,1,1,0,0,0,4,0,1,0,0,0,1,0,0,0,19,2,,,1,27,20,8,6,6,0,0,0
DET190904200,box,1909-04-20,0,DET02,R,1,DET,CLE,1,0,1,0,1,,30,2,3,3,0,0,0,,1,,2,0,,1,0,0,0,1,0,0,3,1,1,1,0,0,0,0,1,0,27,45,44,12,7,17,23,1,1,1,0,0,0,,0,1,0,0,0,1,0,0,0,0,0,,,1,27,47,27,14,6,0,0,0
CHA190904220,evt,1909-04-22,0,CHI09,R,0,DET,CHA,1,0,1,0,1,35,31,1,6,6,0,0,0,0,1,,2,0,7,1,0,1,1,1,0,0,7,1,1,1,0,0,0,0,1,0,24,36,29,3,3,7,7,0,0,0,0,4,0,4,0,2,1,0,0,0,0,0,0,13,5,,,1,24,30,20,10,0,0,0,0
CHA190904220,box,1909-04-22,0,CHI09,R,0,DET,CHA,1,0,1,0,1,,31,1,6,6,0,0,0,,1,,2,0,7,1,0,1,1,1,0,0,7,1,1,1,0,0,0,0,1,0,24,36,29,3,3,7,7,0,0,0,0,4,0,4,0,2,1,0,0,0,0,0,0,0,0,,,1,24,37,24,13,0,0,0,0
CHA190904230,evt,1909-04-23,0,CHI09,R,0,DET,CHA,1,1,0,0,1,42,37,3,10,10,0,0,0,0,1,,2,0,6,1,0,3,0,2,1,0,6,1,1,1,0,0,0,1,0,0,33,38,32,1,0,4,4,0,0,0,0,2,0,2,0,0,3,1,0,0,0,0,0,16,9,,,1,33,57,33,23,1,0,0,0
CHA190904230,box,1909-04-23,0,CHI09,R,0,DET,CHA,1,1,0,0,1,,37,3,10,10,0,0,0,,1,,2,0,6,1,0,3,0,2,1,0,6,1,1,1,0,0,0,1,0,0,33,38,32,1,0,4,4,0,0,0,0,2,0,2,0,0,3,1,0,0,0,0,0,0,0,,,1,33,57,33,23,1,0,0,0
CHA190904240,evt,1909-04-24,0,CHI09,R,0,DET,CHA,1,0,1,0,1,34,33,1,5,6,1,0,0,0,1,,0,0,3,0,1,0,0,2,0,0,6,1,1,0,0,0,1,0,1,0,24,29,24,3,1,6,7,1,0,0,0,1,0,1,0,0,3,1,0,0,0,1,0,10,6,,,1,24,41,24,15,2,1,0,0
CHA190904240,box,1909-04-24,0,CHI09,R,0,DET,CHA,1,0,1,0,1,,33,1,5,6,1,0,0,,1,,0,0,3,0,1,0,0,2,0,0,6,1,1,0,0,0,1,0,1,0,24,29,24,3,1,6,7,1,0,0,0,1,0,1,0,0,3,1,0,0,0,0,0,0,0,,,1,24,41,24,15,2,1,0,0
DET190904250,evt,1909-04-25,0,DET02,R,1,DET,CLE,1,1,0,0,1,30,26,3,6,9,3,0,0,0,3,,2,0,1,0,0,2,0,1,1,0,3,1,1,1,1,0,0,1,0,0,27,32,31,0,0,3,5,2,0,0,0,1,0,1,0,0,0,0,0,0,0,0,0,20,5,,,1,27,15,10,4,1,0,0,0
DET190904250,box,1909-04-25,0,DET02,R,1,DET,CLE,1,1,0,0,1,,26,3,6,9,3,0,0,,3,,2,0,,0,0,2,0,1,1,0,3,1,1,1,1,0,0,1,0,0,27,32,31,0,0,3,5,2,0,0,0,1,0,1,0,0,0,0,0,0,0,0,0,0,0,,,1,27,42,27,14,1,0,0,0
CLE190904260,evt,1909-04-26,0,CLE05,R,0,DET,CLE,1,1,0,0,1,38,34,4,9,12,1,1,0,0,3,,2,0,2,1,0,2,0,1,0,0,7,1,1,1,0,0,0,1,0,0,27,37,33,2,0,4,4,0,0,0,0,4,0,5,0,0,0,0,0,0,0,0,0,13,9,,,1,27,44,27,13,4,0,0,0
CLE190904260,box,1909-04-26,0,CLE05,R,0,DET,CLE,1,1,0,0,1,,34,4,9,12,1,1,0,,3,,2,0,2,1,0,2,0,1,0,0,7,1,1,1,0,0,0,1,0,0,27,37,33,2,0,4,4,0,0,0,0,4,0,5,0,0,0,0,0,0,0,0,0,0,0,,,1,27,44,27,13,4,0,0,0
CLE190904280,evt,1909-04-28,0,CLE05,R,0,DET,CLE,1,1,0,0,1,41,35,8,12,18,4,1,0,0,7,,3,0,4,0,0,2,1,1,2,0,6,1,1,1,0,0,0,1,0,0,27,33,30,1,1,4,4,0,0,0,0,2,0,2,0,0,1,0,0,0,0,0,0,13,10,,,1,27,43,27,16,0,0,0,0
CLE190904280,box,1909-04-28,0,CLE05,R,0,DET,CLE,1,1,0,0,1,,35,8,12,18,4,1,0,,7,,3,0,4,0,0,2,1,1,2,0,6,1,1,1,0,0,0,1,0,0,27,33,30,1,1,4,4,0,0,0,0,2,0,2,0,0,1,0,0,0,0,0,0,0,0,,,1,27,43,27,16,0,0,0,0
DET190904300,evt,1909-04-30,0,DET02,R,1,DET,SLA,1,1,0,0,1,33,29,4,7,8,1,0,0,0,3,,2,0,1,0,0,2,0,1,0,0,5,1,1,1,0,0,0,1,0,0,27,32,31,2,2,7,7,0,0,0,0,1,0,1,3,0,0,0,0,0,0,0,0,20,2,,,1,27,31,16,14,1,4,0,0
DET190904300,box,1909-04-30,0,DET02,R,1,DET,SLA,1,1,0,0,1,,29,4,7,8,1,0,0,,3,,2,0,,0,0,2,0,1,0,0,5,1,1,1,0,0,0,1,0,0,27,32,31,2,2,7,7,0,0,0,0,1,0,,3,0,0,0,0,0,0,0,0,0,0,,,1,27,46,27,18,1,4,0,0
DET190905010,evt,1909-05-01,0,DET02,R,1,DET,SLA,1,1,0,0,1,32,31,5,9,16,2,1,1,0,4,,1,0,1,0,0,0,0,2,0,0,3,1,1,1,0,0,0,1,0,0,27,38,36,2,1,11,14,1,1,0,0,1,1,1,1,0,1,0,0,0,0,0,0,19,3,,,1,27,23,12,8,3,3,0,0
DET190905010,box,1909-05-01,0,DET02,R,1,DET,SLA,1,1,0,0,1,,31,5,9,16,2,1,1,,4,,1,0,,0,0,0,0,2,0,0,3,1,1,1,0,0,0,1,0,0,27,38,36,2,1,11,14,1,1,0,0,1,1,1,1,0,1,0,0,0,0,0,0,0,0,,,1,27,48,27,18,3,3,0,0
CHA190905020,evt,1909-05-02,0,CHI09,R,0,DET,CHA,1,1,0,0,1,39,36,6,10,11,1,0,0,0,5,,2,0,9,0,0,1,0,4,0,0,6,1,1,0,0,0,1,1,0,0,27,38,35,5,5,10,13,3,0,0,0,3,0,3,0,0,0,0,0,0,0,2,1,16,6,,,1,27,17,12,5,0,0,0,0
CHA190905020,box,1909-05-02,0,CHI09,R,0,DET,CHA,1,1,0,0,1,,36,6,10,11,1,0,0,,5,,2,0,9,0,0,1,0,4,0,0,6,1,1,0,0,0,1,1,0,0,27,38,35,5,5,10,13,3,0,0,0,3,0,3,0,0,0,0,0,0,0,0,0,0,0,,,1,27,40,27,13,0,0,0,0
CHA190905030,evt,1909-05-03,0,CHI09,R,0,DET,CHA,1,0,1,0,1,34,32,0,6,7,1,0,0,0,0,,2,1,4,0,0,0,0,3,1,0,7,1,1,1,0,0,0,0,1,0,24,33,29,4,4,8,8,0,0,0,0,2,0,3,0,0,2,0,0,0,0,0,0,13,4,,,1,24,32,19,13,0,0,0,0
CHA190905030,box,1909-05-03,0,CHI09,R,0,DET,CHA,1,0,1,0,1,,32,0,6,7,1,0,0,,0,,2,1,4,0,0,0,0,3,1,0,7,1,1,1,0,0,0,0,1,0,24,33,29,4,4,8,8,0,0,0,0,2,0,3,0,0,2,0,0,0,0,0,0,0,0,,,1,24,41,24,17,0,0,0,0
SLA190905040,evt,1909-05-04,0,STL07,R,0,DET,SLA,1,0,1,0,1,37,29,2,5,5,0,0,0,0,1,,6,0,6,0,0,2,0,1,1,0,8,1,1,1,0,0,0,0,1,0,24,32,31,4,4,9,10,1,0,0,0,1,0,2,0,0,0,0,0,0,0,0,0,14,6,,,1,24,28,18,10,0,1,0,0
SLA190905040,box,1909-05-04,0,STL07,R,0,DET,SLA,1,0,1,0,1,,29,2,5,5,0,0,0,,1,,6,0,6,0,0,2,0,1,1,0,8,1,1,1,0,0,0,0,1,0,24,32,31,4,4,9,10,1,0,0,0,1,0,,0,0,0,0,0,0,0,0,0,0,0,,,1,24,37,24,13,0,1,0,0
SLA190905050,evt,1909-05-05,0,STL07,R,0,DET,SLA,1,1,0,0,1,35,34,3,5,8,1,1,0,0,2,,1,0,5,0,0,0,0,1,0,0,2,1,1,0,0,0,1,1,0,1,30,42,39,1,1,11,13,2,0,0,0,1,0,1,1,0,2,0,0,0,0,2,0,16,9,,,1,30,38,24,11,3,1,0,0
SLA190905050,box,1909-05-05,0,STL07,R,0,DET,SLA,1,1,0,0,1,,34,3,5,8,1,1,0,,2,,1,0,,0,0,0,0,1,0,0,2,1,1,0,0,0,1,1,0,1,30,42,39,1,1,11,13,2,0,0,0,1,0,,1,0,2,0,0,0,0,0,0,0,0,,,1,30,46,30,13,3,1,0,0
SLA190905060,evt,1909-05-06,0,STL07,R,0,DET,SLA,1,1,0,0,1,42,36,7,12,15,3,0,0,0,7,,3,0,1,0,0,3,0,0,1,0,8,1,1,1,0,0,0,1,0,0,27,37,34,3,1,7,7,0,0,0,0,2,0,2,0,0,1,0,0,0,0,0,0,19,5,,,1,27,32,19,11,2,0,0,0
SLA190905060,box,1909-05-06,0,STL07,R,0,DET,SLA,1,1,0,0,1,,36,7,12,15,3,0,0,,7,,3,0,,0,0,3,0,0,1,0,8,1,1,1,0,0,0,1,0,0,27,37,34,3,1,7,7,0,0,0,0,2,0,2,0,0,1,0,0,0,0,0,0,0,0,,,1,27,45,27,16,2,0,0,0
DET190905110,evt,1909-05-11,0,DET02,R,1,DET,NYA,1,1,0,0,1,46,39,16,18,22,4,0,0,0,13,,5,0,3,1,0,2,0,5,1,0,6,1,1,0,0,0,1,1,0,1,27,41,36,5,4,8,10,2,0,0,0,4,0,7,0,1,0,0,0,0,0,0,0,13,8,,,1,27,35,24,10,1,0,0,0
DET190905110,box,1909-05-11,0,DET02,R,1,DET,NYA,1,1,0,0,1,,39,16,18,22,4,0,0,,13,,5,0,3,1,0,2,0,5,1,0,6,1,1,0,0,0,1,1,0,1,27,41,36,5,4,8,10,2,0,0,0,4,0,7,0,1,0,0,0,0,0,0,0,0,0,,,1,27,40,27,12,1,0,0,0
DET190905120,evt,1909-05-12,0,DET02,R,1,DET,NYA,1,1,0,0,1,43,35,11,13,18,0,1,1,0,5,,5,0,4,0,1,2,0,7,1,0,8,1,1,1,0,0,0,1,0,0,27,39,33,4,4,10,12,2,0,0,0,3,0,3,0,1,1,1,0,0,0,0,0,10,10,,,1,27,45,27,18,0,1,0,0
DET190905120,box,1909-05-12,0,DET02,R,1,DET,NYA,1,1,0,0,1,,35,11,13,18,0,1,1,,5,,5,0,4,0,1,2,0,7,1,0,8,1,1,1,0,0,0,1,0,0,27,39,33,4,4,10,12,2,0,0,0,3,0,3,0,1,1,1,0,0,0,0,0,0,0,,,1,27,45,27,18,0,1,0,0
DET190905130,evt,1909-05-13,0,DET02,R,1,DET,NYA,1,0,1,0,1,42,35,4,12,17,1,2,0,0,1,,4,0,1,0,2,1,0,4,2,0,11,1,1,0,0,0,1,0,1,0,27,43,33,6,6,11,13,2,0,0,0,5,0,1,1,1,2,2,0,0,0,2,2,12,8,,,1,27,34,21,13,0,1,0,0
DET190905130,box,1909-05-13,0,DET02,R,1,DET,NYA,1,0,1,0,1,,35,4,12,17,1,2,0,,1,,4,0,,0,2,1,0,4,2,0,11,1,1,0,0,0,1,0,1,0,27,43,33,6,6,11,13,2,0,0,0,5,0,,1,1,2,2,0,0,0,0,0,0,0,,,1,27,43,27,16,0,1,0,0
DET190905160,evt,1909-05-16,0,DET02,R,1,DET,BOS,1,0,1,0,1,34,31,2,9,10,1,0,0,0,2,,1,0,0,0,0,2,0,2,2,0,5,1,1,1,0,0,0,0,1,0,27,40,36,3,1,8,10,2,0,0,0,1,0,1,0,2,1,0,0,1,0,0,0,14,9,,,1,27,49,27,18,4,0,0,0
DET190905160,box,1909-05-16,0,DET02,R,1,DET,BOS,1,0,1,0,1,,31,2,9,10,1,0,0,,2,,1,0,0,0,0,2,0,2,2,0,5,1,1,1,0,0,0,0,1,0,27,40,36,3,1,8,10,2,0,0,0,1,0,1,0,2,1,0,0,1,0,0,0,0,0,,,1,27,49,27,18,4,0,0,0
DET190905170,evt,1909-05-17,0,DET02,R,1,DET,BOS,1,1,0,0,1,33,32,5,11,14,1,1,0,0,5,,0,0,1,1,0,0,1,0,0,0,4,1,1,1,0,0,0,1,0,0,27,36,34,3,3,10,14,2,1,0,0,2,0,2,0,0,0,0,0,0,0,0,0,14,8,,,1,27,46,27,19,0,2,0,0
DET190905170,box,1909-05-17,0,DET02,R,1,DET,BOS,1,1,0,0,1,,32,5,11,14,1,1,0,,5,,0,0,1,1,0,0,1,0,0,0,4,1,1,1,0,0,0,1,0,0,27,36,34,3,3,10,14,2,1,0,0,2,0,2,0,0,0,0,0,0,0,0,0,0,0,,,1,27,46,27,19,0,2,0,0
DET190905180,evt,1909-05-18,0,DET02,R,1,DET,BOS,1,0,1,0,1,40,39,3,11,14,1,1,0,0,2,,0,0,3,0,1,0,0,6,2,0,7,1,1,1,0,0,0,0,1,0,30,40,37,5,5,10,13,1,1,0,0,1,0,3,1,0,1,1,0,0,0,0,0,16,9,,,1,30,47,30,16,1,1,0,0
DET190905180,box,1909-05-18,0,DET02,R,1,DET,BOS,1,0,1,0,1,,39,3,11,14,1,1,0,,2,,0,0,3,0,1,0,0,6,2,0,7,1,1,1,0,0,0,0,1,0,30,40,37,5,5,10,13,1,1,0,0,1,0,3,1,0,1,1,0,0,0,0,0,0,0,,,1,30,47,30,16,1,1,0,0
DET190905190,evt,1909-05-19,0,DET02,R,1,DET,PHA,1,0,1,0,1,34,34,2,6,10,2,1,0,0,2,,0,0,7,1,0,0,0,0,0,0,5,1,1,0,0,0,1,0,1,0,27,48,42,10,4,15,19,1,0,1,0,4,0,6,0,0,2,0,0,0,0,0,0,17,2,,,1,27,39,19,13,7,0,0,0
DET190905190,box,1909-05-19,0,DET02,R,1,DET,PHA,1,0,1,0,1,,34,2,6,10,2,1,0,,2,,0,0,,1,0,0,0,0,0,0,5,1,1,0,0,0,1,0,1,0,27,48,42,10,4,15,19,1,0,1,0,4,0,,0,0,2,0,0,0,0,0,0,0,0,,,1,27,52,27,18,7,0,0,0
DET190905200,evt,1909-05-20,0,DET02,R,1,DET,PHA,1,1,0,0,1,33,27,5,8,9,1,0,0,0,5,,4,0,1,2,1,1,0,2,2,0,4,1,1,1,0,0,0,1,0,0,27,39,34,3,3,9,11,0,1,0,0,3,0,3,0,1,1,0,0,0,0,0,0,19,3,,,1,27,17,10,6,1,0,0,0
DET190905200,box,1909-05-20,0,DET02,R,1,DET,PHA,1,1,0,0,1,,27,5,8,9,1,0,0,,5,,4,0,,2,1,1,0,2,2,0,4,1,1,1,0,0,0,1,0,0,27,39,34,3,3,9,11,0,1,0,0,3,0,,0,1,1,0,0,0,0,0,0,0,0,,,1,27,45,27,17,1,0,0,0
DET190905210,evt,1909-05-21,0,DET02,R,1,DET,PHA,1,0,1,0,1,37,35,4,11,16,3,1,0,0,3,,0,0,3,0,0,2,0,2,1,0,6,1,1,0,0,0,1,0,1,0,27,39,35,8,7,16,21,1,2,0,0,2,0,2,1,0,2,0,0,0,0,0,0,12,3,,,1,27,40,21,18,1,2,0,0
DET190905210,box,1909-05-21,0,DET02,R,1,DET,PHA,1,0,1,0,1,,35,4,11,16,3,1,0,,3,,0,0,,0,0,2,0,2,1,0,6,1,1,0,0,0,1,0,1,0,27,39,35,8,7,16,21,1,2,0,0,2,0,,1,0,2,0,0,0,0,0,0,0,0,,,1,27,49,27,21,1,2,0,0
DET190905220,evt,1909-05-22,0,DET02,R,1,DET,PHA,1,0,1,0,1,33,30,1,6,6,0,0,0,0,1,,2,0,3,1,1,0,0,0,1,0,5,1,1,0,0,0,1,0,1,0,27,47,38,7,3,14,16,2,0,0,0,4,0,1,0,1,4,0,0,0,0,0,0,12,8,,,1,27,31,18,9,4,0,0,0
DET190905220,box,1909-05-22,0,DET02,R,1,DET,PHA,1,0,1,0,1,,30,1,6,6,0,0,0,,1,,2,0,2,1,1,0,0,0,1,0,5,1,1,0,0,0,1,0,1,0,27,47,38,7,3,14,16,2,0,0,0,4,0,1,0,1,4,0,0,0,0,0,0,0,0,,,1,27,46,27,15,4,0,0,0
DET190905230,evt,1909-05-23,0,DET02,R,1,DET,WS1,1,1,0,0,1,28,26,4,4,5,1,0,0,0,3,,1,0,0,0,0,1,0,0,1,0,0,1,1,1,0,0,0,1,0,0,27,36,31,2,1,6,10,2,1,0,0,1,0,3,0,1,2,1,0,0,0,0,0,14,7,,,1,27,23,16,6,1,0,0,0
DET190905230,box,1909-05-23,0,DET02,R,1,DET,WS1,1,1,0,0,1,,26,4,4,5,1,0,0,,3,,1,0,,0,0,1,0,0,1,0,0,1,1,1,0,0,0,1,0,0,27,36,31,2,1,6,10,2,1,0,0,1,0,0,0,1,2,1,0,0,0,0,0,0,0,,,1,27,37,27,9,1,0,0,0
DET190905240,evt,1909-05-24,0,DET02,R,1,DET,WS1,1,1,0,0,1,41,39,10,16,20,2,1,0,0,5,,2,0,0,1,0,0,0,3,0,0,7,1,1,1,0,0,0,1,0,0,27,36,31,1,1,7,8,1,0,0,0,3,0,3,0,0,2,0,0,0,0,0,0,13,7,,,1,27,25,17,7,1,1,0,0
DET190905240,box,1909-05-24,0,DET02,R,1,DET,WS1,1,1,0,0,1,,39,10,16,20,2,1,0,,5,,2,0,,1,0,0,0,3,0,0,7,1,1,1,0,0,0,1,0,0,27,36,31,1,1,7,8,1,0,0,0,3,0,,0,0,2,0,0,0,0,0,0,0,0,,,1,27,38,27,10,1,1,0,0
DET190905250,evt,1909-05-25,0,DET02,R,1,DET,WS1,1,1,0,0,1,36,30,7,10,15,3,1,0,0,6,,4,0,3,0,0,1,1,4,2,0,5,1,1,1,0,0,0,1,0,0,27,37,32,4,2,6,9,1,1,0,0,2,0,4,0,0,2,1,0,0,0,0,0,13,9,,,1,27,30,21,7,2,0,0,0
DET190905250,box,1909-05-25,0,DET02,R,1,DET,WS1,1,1,0,0,1,,30,7,10,15,3,1,0,,6,,4,0,3,0,0,1,1,4,2,0,5,1,1,1,0,0,0,1,0,0,27,37,32,4,2,6,9,1,1,0,0,2,0,4,0,0,2,1,0,0,0,0,0,0,0,,,1,27,39,27,10,2,0,0,0
DET190905260,evt,1909-05-26,0,DET02,R,1,DET,WS1,1,0,1,0,1,32,29,1,5,5,0,0,0,0,1,,1,0,1,0,0,2,0,3,1,0,4,1,1,1,0,0,0,0,1,0,27,33,30,3,3,6,9,0,0,1,0,0,0,1,0,0,2,1,0,0,0,0,0,22,2,,,1,27,12,6,5,1,0,0,0
DET190905260,box,1909-05-26,0,DET02,R,1,DET,WS1,1,0,1,0,1,,29,1,5,5,0,0,0,,1,,1,0,0,0,0,2,0,3,1,0,4,1,1,1,0,0,0,0,1,0,27,33,30,3,3,6,9,0,0,1,0,0,0,,0,0,2,1,0,0,0,0,0,0,0,,,1,27,49,27,21,1,0,0,0
DET190905280,evt,1909-05-28,0,DET02,R,1,DET,CHA,1,1,0,0,1,51,50,2,12,14,2,0,0,0,2,,0,0,4,0,0,1,0,2,1,0,8,1,1,1,0,0,0,1,0,0,42,58,49,1,1,12,14,2,0,0,0,6,0,4,0,1,2,0,0,0,0,0,0,22,10,,,1,42,51,32,18,1,0,0,0
DET190905280,box,1909-05-28,0,DET02,R,1,DET,CHA,1,1,0,0,1,,50,2,12,14,2,0,0,,2,,0,0,4,0,0,1,0,2,1,0,8,1,1,1,0,0,0,1,0,0,42,58,49,1,1,12,14,2,0,0,0,6,0,4,0,1,2,0,0,0,0,0,0,0,0,,,1,42,67,42,24,1,0,0,0
DET190905290,evt,1909-05-29,0,DET02,R,1,DET,CHA,1,1,0,0,1,33,32,4,12,15,3,0,0,0,4,,0,0,2,1,0,1,0,1,1,0,5,1,1,1,0,0,0,1,0,0,27,37,29,3,3,7,8,1,0,0,0,4,0,4,0,2,1,1,0,0,0,0,0,12,6,,,1,27,42,27,15,0,0,0,0
DET190905290,box,1909-05-29,0,DET02,R,1,DET,CHA,1,1,0,0,1,,32,4,12,15,3,0,0,,4,,0,0,2,1,0,1,0,1,1,0,5,1,1,1,0,0,0,1,0,0,27,37,29,3,3,7,8,1,0,0,0,4,0,4,0,2,1,1,0,0,0,0,0,0,0,,,1,27,42,27,15,0,0,0,0
CHA190905300,evt,1909-05-30,0,CHI09,R,0,DET,CHA,1,1,0,0,1,33,32,3,6,6,0,0,0,0,3,,1,0,3,0,0,0,0,5,1,0,3,1,1,1,0,0,0,1,0,0,27,34,31,1,0,5,5,0,0,0,0,2,0,4,1,1,0,0,0,1,0,0,0,19,1,,,1,27,31,17,12,2,2,0,1
CHA190905300,box,1909-05-30,0,CHI09,R,0,DET,CHA,1,1,0,0,1,,32,3,6,6,0,0,0,,3,,1,0,3,0,0,0,0,5,1,0,3,1,1,1,0,0,0,1,0,0,27,34,31,1,0,5,5,0,0,0,0,2,0,4,1,1,0,0,0,1,0,0,0,0,0,,,1,27,46,27,17,2,2,0,1
CHA190905311,evt,1909-05-31,1,CHI09,R,0,DET,CHA,1,1,0,0,1,39,33,5,10,13,1,1,0,0,5,,4,0,8,0,0,1,1,2,2,0,7,1,1,1,0,0,0,1,0,0,27,37,33,1,0,5,5,0,0,0,0,3,0,7,0,0,1,0,0,0,0,0,0,9,10,,,1,27,40,27,10,3,0,0,0
CHA190905311,box,1909-05-31,1,CHI09,R,0,DET,CHA,1,1,0,0,1,,33,5,10,13,1,1,0,,5,,4,0,8,0,0,1,1,2,2,0,7,1,1,1,0,0,0,1,0,0,27,37,33,1,0,5,5,0,0,0,0,3,0,7,0,0,1,0,0,0,0,0,0,0,0,,,1,27,40,27,10,3,0,0,0
CHA190905312,evt,1909-05-31,2,CHI09,R,0,DET,CHA,1,0,0,1,1,37,30,7,10,11,1,0,0,0,7,,4,0,5,0,1,2,0,3,1,0,6,1,1,0,0,0,1,0,0,0,24,43,37,7,6,11,12,1,0,0,0,4,0,0,0,0,2,0,0,0,0,1,0,8,14,,,1,24,38,24,9,5,0,0,0
CHA190905312,box,1909-05-31,2,CHI09,R,0,DET,CHA,1,0,0,1,1,,30,7,10,11,1,0,0,,7,,4,0,5,0,1,2,0,3,1,0,6,1,1,0,0,0,1,0,0,0,24,43,37,7,6,11,12,1,0,0,0,4,0,0,0,0,2,0,0,0,0,0,0,0,0,,,1,24,38,24,9,5,0,0,0
BOS190906020,evt,1909-06-02,0,BOS06,R,0,DET,BOS,1,0,1,0,1,39,33,5,11,13,2,0,0,0,2,,2,0,3,0,1,3,0,2,1,0,7,1,1,1,0,0,0,0,1,0,24,37,32,6,4,8,11,0,0,1,0,4,0,1,1,1,0,0,0,0,0,0,0,10,11,,,1,24,37,24,10,3,1,0,0
BOS190906020,box,1909-06-02,0,BOS06,R,0,DET,BOS,1,0,1,0,1,,33,5,11,13,2,0,0,,2,,2,0,3,0,1,3,0,2,1,0,7,1,1,1,0,0,0,0,1,0,24,37,32,6,4,8,11,0,0,1,0,4,0,1,1,1,0,0,0,0,0,0,0,0,0,,,1,24,37,24,10,3,1,0,0
BOS190906030,evt,1909-06-03,0,BOS06,R,0,DET,BOS,1,1,0,0,1,37,33,5,11,15,1,0,1,0,5,,3,0,4,1,0,0,1,1,2,0,5,1,1,1,0,0,0,1,0,0,27,37,32,3,3,8,10,0,1,0,0,3,0,2,0,1,1,0,0,1,0,0,0,11,10,,,1,27,43,27,13,3,0,0,0
BOS190906030,box,1909-06-03,0,BOS06,R,0,DET,BOS,1,1,0,0,1,,33,5,11,15,1,0,1,,5,,3,0,4,1,0,0,1,1,2,0,5,1,1,1,0,0,0,1,0,0,27,37,32,3,3,8,10,0,1,0,0,3,0,2,0,1,1,0,0,1,0,0,0,0,0,,,1,27,43,27,13,3,0,0,0
BOS190906040,evt,1909-06-04,0,BOS06,R,0,DET,BOS,1,1,0,0,1,38,32,5,9,14,2,0,1,0,4,,4,0,2,1,1,1,0,1,3,0,6,1,1,1,1,0,0,1,0,0,27,35,34,0,0,8,10,2,0,0,0,0,0,7,1,0,1,0,0,1,0,0,0,11,5,,,1,27,46,27,16,3,1,0,0
BOS190906040,box,1909-06-04,0,BOS06,R,0,DET,BOS,1,1,0,0,1,,32,5,9,14,2,0,1,,4,,4,0,2,1,1,1,0,1,3,0,6,1,1,1,1,0,0,1,0,0,27,35,34,0,0,8,10,2,0,0,0,0,0,7,1,0,1,0,0,1,0,0,0,0,0,,,1,27,46,27,16,3,1,0,0
NYA190906070,evt,1909-06-07,0,NYC13,R,0,DET,NYA,1,0,1,0,1,31,28,1,4,5,1,0,0,0,0,,2,0,5,0,0,1,0,0,3,0,3,1,1,0,0,0,1,0,1,0,24,33,32,5,4,11,14,1,1,0,0,1,0,4,1,0,0,0,0,1,0,0,0,10,5,,,1,24,43,24,17,2,1,0,0
NYA190906070,box,1909-06-07,0,NYC13,R,0,DET,NYA,1,0,1,0,1,,28,1,4,5,1,0,0,,0,,2,0,5,0,0,1,0,0,3,0,3,1,1,0,0,0,1,0,1,0,24,33,32,5,4,11,14,1,1,0,0,1,0,4,1,0,0,0,0,1,0,0,0,0,0,,,1,24,43,24,17,2,1,0,0
NYA190906080,evt,1909-06-08,0,NYC13,R,0,DET,NYA,1,1,0,0,1,42,39,5,8,9,1,0,0,0,4,,1,0,6,0,0,1,1,1,1,0,4,1,1,1,0,0,0,1,0,0,33,46,43,4,4,8,10,0,1,0,0,2,0,2,0,1,0,0,0,0,0,0,0,21,8,,,1,33,55,33,19,3,0,0,0
NYA190906080,box,1909-06-08,0,NYC13,R,0,DET,NYA,1,1,0,0,1,,39,5,8,9,1,0,0,,4,,1,0,6,0,0,1,1,1,1,0,4,1,1,1,0,0,0,1,0,0,33,46,43,4,4,8,10,0,1,0,0,2,0,2,0,1,0,0,0,0,0,0,0,0,0,,,1,33,55,33,19,3,0,0,0
NYA190906100,evt,1909-06-10,0,NYC13,R,0,DET,NYA,1,1,0,0,1,35,32,2,8,11,3,0,0,0,2,,3,0,4,0,0,0,0,2,2,0,6,1,1,1,0,0,0,1,0,0,27,34,30,1,1,7,8,1,0,0,0,2,0,3,0,0,2,0,0,0,0,0,0,9,11,,,1,27,39,27,12,0,1,0,0
NYA190906100,box,1909-06-10,0,NYC13,R,0,DET,NYA,1,1,0,0,1,,32,2,8,11,3,0,0,,2,,3,0,4,0,0,0,0,2,2,0,6,1,1,1,0,0,0,1,0,0,27,34,30,1,1,7,8,1,0,0,0,2,0,3,0,0,2,0,0,0,0,0,0,0,0,,,1,27,39,27,12,0,1,0,0
WS1190906110,evt,1909-06-11,0,WAS08,R,0,DET,WS1,1,0,1,0,1,30,28,0,4,5,1,0,0,0,0,,1,1,7,0,0,1,0,0,1,0,3,1,1,1,0,0,0,0,1,0,24,34,27,1,1,7,7,0,0,0,0,5,0,1,0,0,2,0,0,0,0,0,0,13,5,,,1,24,31,19,12,0,1,0,0
WS1190906110,box,1909-06-11,0,WAS08,R,0,DET,WS1,1,0,1,0,1,,28,0,4,5,1,0,0,,0,,1,1,7,0,0,1,0,0,1,0,3,1,1,1,0,0,0,0,1,0,24,34,27,1,1,7,7,0,0,0,0,5,0,1,0,0,2,0,0,0,0,0,0,0,0,,,1,24,39,24,15,0,1,0,0
WS1190906120,evt,1909-06-12,0,WAS08,R,0,DET,WS1,1,0,1,0,1,32,29,2,5,6,1,0,0,0,2,,1,0,3,2,1,0,1,0,0,0,3,1,1,0,0,0,1,0,1,0,24,39,36,6,2,14,15,1,0,0,0,2,0,4,0,0,1,0,0,0,0,0,0,11,4,,,1,24,34,20,9,5,0,0,1
WS1190906120,box,1909-06-12,0,WAS08,R,0,DET,WS1,1,0,1,0,1,,29,2,5,6,1,0,0,,2,,1,0,3,2,1,0,1,0,0,0,3,1,1,0,0,0,1,0,1,0,24,39,36,6,2,14,15,1,0,0,0,2,0,4,0,0,1,0,0,0,0,0,0,0,0,,,1,24,39,24,10,5,0,0,1
WS1190906140,evt,1909-06-14,0,WAS08,R,0,DET,WS1,1,1,0,0,1,23,21,1,8,8,0,0,0,0,1,,1,0,3,0,0,1,0,0,2,0,5,1,1,1,1,0,0,1,0,0,15,20,18,0,0,6,6,0,0,0,0,2,1,1,2,0,0,0,0,0,0,0,0,7,2,,,1,15,27,15,12,0,2,0,0
WS1190906140,box,1909-06-14,0,WAS08,R,0,DET,WS1,1,1,0,0,1,,21,1,8,8,0,0,0,,1,,1,0,3,0,0,1,0,0,2,0,5,1,1,1,1,0,0,1,0,0,15,20,18,0,0,6,6,0,0,0,0,2,1,1,2,0,0,0,0,0,0,0,0,0,0,,,1,15,27,15,12,0,2,0,0
WS1190906150,evt,1909-06-15,0,WAS08,R,0,DET,WS1,1,0,1,0,1,33,31,1,6,9,3,0,0,0,0,,2,2,8,0,0,0,0,0,1,0,5,1,1,1,0,0,0,0,1,0,24,32,30,2,1,6,8,2,0,0,0,1,1,2,1,0,1,0,0,0,0,0,0,16,4,,,1,24,37,22,13,2,1,0,0
WS1190906150,box,1909-06-15,0,WAS08,R,0,DET,WS1,1,0,1,0,1,,31,1,6,9,3,0,0,,0,,2,2,8,0,0,0,0,0,1,0,5,1,1,1,0,0,0,0,1,0,24,32,30,2,1,6,8,2,0,0,0,1,1,2,1,0,1,0,0,0,0,0,0,0,0,,,1,24,39,24,13,2,1,0,0
PHA190906160,evt,1909-06-16,0,PHI11,R,0,DET,PHA,1,0,1,0,1,38,33,4,8,10,0,1,0,0,1,,2,0,3,0,0,2,1,4,0,0,7,1,1,1,0,0,0,0,1,0,24,38,32,5,4,9,13,2,1,0,0,4,0,2,0,1,1,0,0,0,0,0,0,12,8,,,1,24,40,24,14,2,0,0,0
PHA190906160,box,1909-06-16,0,PHI11,R,0,DET,PHA,1,0,1,0,1,,33,4,8,10,0,1,0,,1,,2,0,0,0,0,2,1,4,0,0,7,1,1,1,0,0,0,0,1,0,24,38,32,5,4,9,13,2,1,0,0,4,0,2,0,1,1,0,0,0,0,0,0,0,0,,,1,24,40,24,14,2,0,0,0
PHA190906170,evt,1909-06-17,0,PHI11,R,0,DET,PHA,1,1,0,0,1,34,29,4,6,8,2,0,0,0,4,,2,0,4,0,0,1,2,2,0,0,3,1,1,1,0,0,0,1,0,0,27,35,32,1,1,7,7,0,0,0,0,3,0,2,0,0,0,0,0,1,0,0,0,15,8,,,1,27,43,27,16,0,1,0,0
PHA190906170,box,1909-06-17,0,PHI11,R,0,DET,PHA,1,1,0,0,1,,29,4,6,8,2,0,0,,4,,2,0,4,0,0,1,2,2,0,0,3,1,1,1,0,0,0,1,0,0,27,35,32,1,1,7,7,0,0,0,0,3,0,2,0,0,0,0,0,1,0,0,0,0,0,,,1,27,43,27,16,0,1,0,0
PHA190906180,evt,1909-06-18,0,PHI11,R,0,DET,PHA,1,0,1,0,1,35,33,1,8,8,0,0,0,0,1,,1,1,5,0,0,1,0,2,2,0,7,1,1,0,0,0,1,0,1,0,24,36,32,3,3,10,14,2,1,0,0,3,0,4,1,0,1,0,0,0,0,3,1,7,10,,,1,24,35,24,10,1,1,0,0
PHA190906180,box,1909-06-18,0,PHI11,R,0,DET,PHA,1,0,1,0,1,,33,1,8,8,0,0,0,,1,,1,1,5,0,0,1,0,2,2,0,7,1,1,0,0,0,1,0,1,0,24,36,32,3,3,10,14,2,1,0,0,3,0,4,1,0,1,0,0,0,0,0,0,0,0,,,1,24,35,24,10,1,1,0,0
DET190906190,evt,1909-06-19,0,DET02,R,1,DET,CHA,1,1,0,0,1,37,31,5,7,13,0,3,0,0,4,,4,0,3,0,0,2,0,1,0,0,8,1,1,1,0,0,0,1,0,0,27,37,32,4,4,7,12,1,2,0,0,2,0,3,1,0,3,0,0,0,0,0,0,12,9,,,1,27,43,27,14,2,1,0,0
DET190906190,box,1909-06-19,0,DET02,R,1,DET,CHA,1,1,0,0,1,,31,5,7,13,0,3,0,,4,,4,0,3,0,0,2,0,1,0,0,8,1,1,1,0,0,0,1,0,0,27,37,32,4,4,7,12,1,2,0,0,2,0,3,1,0,3,0,0,0,0,0,0,0,0,,,1,27,43,27,14,2,1,0,0
SLA190906201,evt,1909-06-20,1,STL07,R,0,DET,SLA,1,1,0,0,1,39,37,6,10,18,3,1,1,0,4,,2,0,2,0,0,0,0,1,1,0,6,1,1,1,0,0,0,1,0,0,27,36,34,4,3,8,10,2,0,0,0,2,0,1,2,0,0,0,0,1,0,0,0,20,3,,,1,27,18,10,6,2,2,0,0
SLA190906201,box,1909-06-20,1,STL07,R,0,DET,SLA,1,1,0,0,1,,37,6,10,18,3,1,1,,4,,2,0,0,0,0,0,0,1,1,0,6,1,1,1,0,0,0,1,0,0,27,36,34,4,3,8,10,2,0,0,0,2,0,,2,0,0,0,0,1,0,0,0,0,0,,,1,27,49,27,20,2,2,0,0
SLA190906202,evt,1909-06-20,2,STL07,R,0,DET,SLA,1,1,0,0,1,42,39,8,11,13,0,1,0,0,6,,0,0,0,0,0,2,1,0,1,0,7,1,1,0,0,0,1,1,0,1,26,34,29,2,2,6,7,1,0,0,0,2,0,1,1,1,2,0,0,0,0,0,0,21,0,,,1,26,10,5,3,2,1,0,0
SLA190906202,box,1909-06-20,2,STL07,R,0,DET,SLA,1,1,0,0,1,,39,8,11,13,0,1,0,,6,,0,0,,0,0,2,1,0,1,0,7,1,1,0,0,0,1,1,0,1,26,34,29,2,2,6,7,1,0,0,0,2,0,,1,1,2,0,0,0,0,0,0,0,0,,,1,26,44,26,16,2,1,0,0
SLA190906210,evt,1909-06-21,0,STL07,R,0,DET,SLA,1,1,0,0,1,33,32,2,6,7,1,0,0,0,0,,1,0,4,1,0,0,0,1,0,0,4,1,1,1,1,0,0,1,0,0,27,34,31,0,0,5,5,0,0,0,0,3,0,7,0,0,0,0,0,0,0,0,0,14,4,,,1,27,27,19,7,1,0,0,0
SLA190906210,box,1909-06-21,0,STL07,R,0,DET,SLA,1,1,0,0,1,,32,2,6,7,1,0,0,,0,,1,0,4,1,0,0,0,1,0,0,4,1,1,1,1,0,0,1,0,0,27,34,31,0,0,5,5,0,0,0,0,3,0,,0,0,0,0,0,0,0,0,0,0,0,,,1,27,40,27,12,1,0,0,0
DET190906220,evt,1909-06-22,0,DET02,R,1,DET,SLA,1,1,0,0,1,29,28,1,8,9,1,0,0,0,1,,0,0,3,2,0,1,0,0,1,0,4,1,1,1,1,0,0,1,0,0,27,35,31,0,0,6,7,1,0,0,0,2,1,0,0,0,2,0,0,0,0,0,0,18,5,,,1,27,38,21,16,1,0,0,0
DET190906220,box,1909-06-22,0,DET02,R,1,DET,SLA,1,1,0,0,1,,28,1,8,9,1,0,0,,1,,0,0,,2,0,1,0,0,1,0,4,1,1,1,1,0,0,1,0,0,27,35,31,0,0,6,7,1,0,0,0,2,1,0,0,0,2,0,0,0,0,0,0,0,0,,,1,27,51,27,23,1,0,0,0
DET190906230,evt,1909-06-23,0,DET02,R,1,DET,SLA,1,1,0,0,1,40,34,8,15,21,6,0,0,0,7,,2,0,5,0,1,3,0,4,2,0,8,1,1,1,0,0,0,1,0,0,27,32,31,1,1,5,7,2,0,0,0,1,0,3,0,0,0,0,0,0,0,0,0,16,7,,,1,27,29,20,9,0,0,0,0
DET190906230,box,1909-06-23,0,DET02,R,1,DET,SLA,1,1,0,0,1,,34,8,15,21,6,0,0,,7,,2,0,3,0,1,3,0,4,2,0,8,1,1,1,0,0,0,1,0,0,27,32,31,1,1,5,7,2,0,0,0,1,0,,0,0,0,0,0,0,0,0,0,0,0,,,1,27,40,27,13,0,0,0,0
DET190906240,evt,1909-06-24,0,DET02,R,1,DET,SLA,1,1,0,0,1,33,28,2,7,9,0,1,0,0,2,,4,1,0,0,0,1,0,0,0,0,7,1,1,1,0,0,0,1,0,0,27,35,28,1,1,6,8,0,1,0,0,3,0,4,1,2,1,1,0,0,0,0,0,13,5,,,1,27,45,27,17,1,1,0,0
DET190906240,box,1909-06-24,0,DET02,R,1,DET,SLA,1,1,0,0,1,,28,2,7,9,0,1,0,,2,,4,1,0,0,0,1,0,0,0,0,7,1,1,1,0,0,0,1,0,0,27,35,28,1,1,6,8,0,1,0,0,3,0,4,1,2,1,1,0,0,0,0,0,0,0,,,1,27,45,27,17,1,1,0,0
DET190906250,evt,1909-06-25,0,DET02,R,1,DET,SLA,1,1,0,0,1,33,28,4,8,8,0,0,0,0,4,,3,0,2,0,0,1,1,3,2,0,5,1,1,1,0,0,0,1,0,0,27,34,32,1,1,7,9,2,0,0,0,2,2,0,2,0,0,0,0,0,0,0,0,18,6,,,1,27,27,16,10,1,2,0,0
DET190906250,box,1909-06-25,0,DET02,R,1,DET,SLA,1,1,0,0,1,,28,4,8,8,0,0,0,,4,,3,0,2,0,0,1,1,3,2,0,5,1,1,1,0,0,0,1,0,0,27,34,32,1,1,7,9,2,0,0,0,2,2,,2,0,0,0,0,0,0,0,0,0,0,,,1,27,44,27,16,1,2,0,0
DET190906260,evt,1909-06-26,0,DET02,R,1,DET,SLA,1,1,0,0,1,35,29,6,8,10,0,1,0,0,4,,5,0,2,0,0,0,1,3,0,0,5,1,1,1,0,0,0,1,0,0,27,38,34,2,2,8,10,2,0,0,0,3,0,1,0,0,1,0,0,0,0,0,0,16,7,,,1,27,31,18,11,2,0,0,0
DET190906260,box,1909-06-26,0,DET02,R,1,DET,SLA,1,1,0,0,1,,29,6,8,10,0,1,0,,4,,5,0,,0,0,0,1,3,0,0,5,1,1,1,0,0,0,1,0,0,27,38,34,2,2,8,10,2,0,0,0,3,0,,0,0,1,0,0,0,0,0,0,0,0,,,1,27,44,27,15,2,0,0,0
CHA190906271,evt,1909-06-27,1,CHI09,R,0,DET,CHA,1,1,0,0,1,33,30,1,5,6,1,0,0,0,1,,3,0,3,1,0,0,0,0,1,0,5,1,1,1,1,0,0,1,0,0,27,32,32,0,0,5,6,1,0,0,0,0,0,3,0,0,0,0,0,0,0,0,0,15,6,,,1,27,16,11,2,3,1,0,0
CHA190906271,box,1909-06-27,1,CHI09,R,0,DET,CHA,1,1,0,0,1,,30,1,5,6,1,0,0,,1,,3,0,3,1,0,0,0,0,1,0,5,1,1,1,1,0,0,1,0,0,27,32,32,0,0,5,6,1,0,0,0,0,0,3,0,0,0,0,0,0,0,0,0,0,0,,,1,27,41,27,11,3,1,0,0
CHA190906272,evt,1909-06-27,2,CHI09,R,0,DET,CHA,1,0,1,0,1,36,36,3,8,11,3,0,0,0,2,,0,0,7,1,0,0,0,2,1,0,6,1,1,0,0,0,1,0,1,0,24,35,29,5,5,6,8,2,0,0,0,6,0,3,0,0,0,0,0,2,0,3,2,19,0,,,1,24,17,9,6,2,0,0,0
CHA190906272,box,1909-06-27,2,CHI09,R,0,DET,CHA,1,0,1,0,1,,36,3,8,11,3,0,0,,2,,0,0,7,1,0,0,0,2,1,0,6,1,1,0,0,0,1,0,1,0,24,35,29,5,5,6,8,2,0,0,0,6,0,3,0,0,0,0,0,2,0,0,0,0,0,,,1,24,43,24,17,2,0,0,0
CHA190906280,evt,1909-06-28,0,CHI09,R,0,DET,CHA,1,1,0,0,1,37,32,2,8,10,2,0,0,0,2,,4,0,2,0,0,1,0,0,0,0,5,1,1,0,0,0,1,1,0,1,30,40,31,1,1,7,7,0,0,0,0,4,0,5,2,1,4,0,0,0,0,0,0,12,4,,,1,30,54,30,21,3,2,0,0
CHA190906280,box,1909-06-28,0,CHI09,R,0,DET,CHA,1,1,0,0,1,,32,2,8,10,2,0,0,,2,,4,0,2,0,0,1,0,0,0,0,5,1,1,0,0,0,1,1,0,1,30,40,31,1,1,7,7,0,0,0,0,4,0,5,2,1,4,0,0,0,0,0,0,0,0,,,1,30,53,30,20,3,2,0,0
DET190906290,evt,1909-06-29,0,DET02,R,1,DET,CLE,1,1,0,0,1,35,29,3,8,10,2,0,0,0,3,,5,0,2,0,0,1,0,2,0,0,8,1,1,1,0,0,0,1,0,0,27,35,31,2,2,8,10,2,0,0,0,1,0,2,0,0,3,0,0,0,0,0,0,15,4,,,1,27,30,17,12,1,0,0,0
DET190906290,box,1909-06-29,0,DET02,R,1,DET,CLE,1,1,0,0,1,,29,3,8,10,2,0,0,,3,,5,0,2,0,0,1,0,2,0,0,8,1,1,1,0,0,0,1,0,0,27,35,31,2,2,8,10,2,0,0,0,1,0,1,0,0,3,0,0,0,0,0,0,0,0,,,1,27,43,27,15,1,0,0,0
DET190906300,evt,1909-06-30,0,DET02,R,1,DET,CLE,1,0,1,0,1,34,31,1,4,4,0,0,0,0,1,,3,1,2,0,0,0,0,2,0,0,6,1,1,1,0,0,0,0,1,0,27,40,39,7,6,11,13,2,0,0,0,1,0,7,0,0,0,0,0,0,0,0,0,13,6,,,1,27,31,22,7,2,0,0,0
DET190906300,box,1909-06-30,0,DET02,R,1,DET,CLE,1,0,1,0,1,,31,1,4,4,0,0,0,,1,,3,1,2,0,0,0,0,2,0,0,6,1,1,1,0,0,0,0,1,0,27,40,39,7,6,11,13,2,0,0,0,1,0,7,0,0,0,0,0,0,0,0,0,0,0,,,1,27,38,27,9,2,0,0,0
CLE190907010,evt,1909-07-01,0,CLE05,R,0,DET,CLE,1,1,0,0,1,38,34,9,12,19,0,2,1,0,7,,2,1,4,0,0,2,0,4,3,0,2,1,1,1,0,0,0,1,0,0,27,39,35,3,3,6,7,1,0,0,0,3,0,3,0,1,0,0,0,1,0,0,0,19,5,,,1,27,13,9,2,2,0,0,0
CLE190907010,box,1909-07-01,0,CLE05,R,0,DET,CLE,1,1,0,0,1,,34,9,12,19,0,2,1,,7,,2,1,4,0,0,2,0,4,3,0,2,1,1,1,0,0,0,1,0,0,27,39,35,3,3,6,7,1,0,0,0,3,0,3,0,1,0,0,0,1,0,0,0,0,0,,,1,27,44,27,15,2,0,0,0
CLE190907020,evt,1909-07-02,0,CLE05,R,0,DET,CLE,1,1,0,0,1,53,40,3,10,10,0,0,0,0,2,,8,1,4,0,0,4,1,1,2,0,14,1,1,0,0,0,1,1,0,0,36,47,43,2,0,8,9,1,0,0,0,2,0,2,0,1,1,0,0,0,0,2,1,21,9,,,1,36,49,28,18,3,0,0,0
CLE190907020,box,1909-07-02,0,CLE05,R,0,DET,CLE,1,1,0,0,1,,40,3,10,10,0,0,0,,2,,8,1,4,0,0,4,1,1,2,0,14,1,1,0,0,0,1,1,0,0,36,47,43,2,0,8,9,1,0,0,0,2,0,2,0,1,1,0,0,0,0,0,0,0,0,,,1,36,63,36,24,3,0,0,0
CLE190907030,evt,1909-07-03,0,CLE05,R,0,DET,CLE,1,0,1,0,1,35,34,1,7,8,1,0,0,0,0,,1,0,5,0,0,0,0,2,1,0,7,1,1,0,0,0,1,0,1,0,24,35,32,4,4,12,15,1,1,0,0,1,0,2,0,0,2,0,0,0,0,2,1,13,5,,,1,24,30,18,12,0,0,0,0
CLE190907030,box,1909-07-03,0,CLE05,R,0,DET,CLE,1,0,1,0,1,,34,1,7,8,1,0,0,,0,,1,0,5,0,0,0,0,2,1,0,7,1,1,0,0,0,1,0,1,0,24,35,32,4,4,12,15,1,1,0,0,1,0,2,0,0,2,0,0,0,0,0,0,0,0,,,1,24,39,24,15,0,0,0,0
SLA190907040,evt,1909-07-04,0,STL07,R,0,DET,SLA,1,1,0,0,1,37,35,3,11,16,3,1,0,0,3,,1,0,4,0,0,1,0,2,1,0,7,1,1,1,0,0,0,1,0,0,27,33,30,1,0,4,4,0,0,0,0,1,1,1,0,0,2,0,0,0,0,0,0,21,2,,,1,27,20,11,8,1,0,0,1
SLA190907040,box,1909-07-04,0,STL07,R,0,DET,SLA,1,1,0,0,1,,35,3,11,16,3,1,0,,3,,1,0,0,0,0,1,0,2,1,0,7,1,1,1,0,0,0,1,0,0,27,33,30,1,0,4,4,0,0,0,0,1,1,,0,0,2,0,0,0,0,0,0,0,0,,,1,27,44,27,16,1,0,0,1
SLA190907050,evt,1909-07-05,0,STL07,R,0,DET,SLA,1,0,1,0,1,31,28,1,3,3,0,0,0,0,1,,3,0,1,1,0,0,0,2,1,0,3,1,1,0,0,0,1,0,1,0,24,34,28,3,3,7,8,1,0,0,0,5,1,1,0,1,0,0,0,0,0,0,0,16,4,,,1,24,17,10,6,1,0,0,0
SLA190907050,box,1909-07-05,0,STL07,R,0,DET,SLA,1,0,1,0,1,,28,1,3,3,0,0,0,,1,,3,0,,1,0,0,0,2,1,0,3,1,1,0,0,0,1,0,1,0,24,34,28,3,3,7,8,1,0,0,0,5,1,,0,1,0,0,0,0,0,0,0,0,0,,,1,24,39,24,14,1,0,0,0
CLE190907060,evt,1909-07-06,0,CLE05,R,0,DET,CLE,1,0,1,0,1,29,28,0,5,5,0,0,0,0,0,,0,0,3,0,0,1,0,0,1,0,2,1,1,1,0,0,0,0,1,0,24,40,34,6,4,15,18,3,0,0,0,3,0,1,1,0,3,0,0,1,0,0,0,15,1,,,1,24,36,18,15,3,1,0,0
CLE190907060,box,1909-07-06,0,CLE05,R,0,DET,CLE,1,0,1,0,1,,28,0,5,5,0,0,0,,0,,0,0,3,0,0,1,0,0,1,0,2,1,1,1,0,0,0,0,1,0,24,40,34,6,4,15,18,3,0,0,0,3,0,1,1,0,3,0,0,1,0,0,0,0,0,,,1,24,46,24,19,3,1,0,0
CLE190907070,evt,1909-07-07,0,CLE05,R,0,DET,CLE,1,0,1,0,1,37,33,3,8,11,1,1,0,0,2,,2,1,3,1,0,2,0,0,1,0,7,1,1,1,0,0,0,0,1,0,25,36,34,4,4,12,13,1,0,0,0,0,0,0,0,0,2,0,0,0,0,0,0,11,9,,,1,25,29,17,11,1,0,0,0
CLE190907070,box,1909-07-07,0,CLE05,R,0,DET,CLE,1,0,1,0,1,,33,3,8,11,1,1,0,,2,,2,1,3,1,0,2,0,0,1,0,7,1,1,1,0,0,0,0,1,0,25,36,34,4,4,12,13,1,0,0,0,0,0,0,0,0,2,0,0,0,0,0,0,0,0,,,1,25,41,25,15,1,0,0,0
DET190907080,evt,1909-07-08,0,DET02,R,1,DET,PHA,1,0,1,0,1,35,30,1,6,7,1,0,0,0,1,,4,0,5,2,1,0,0,0,0,0,7,1,1,0,0,0,1,0,1,0,27,38,30,3,3,7,11,0,2,0,0,7,1,3,0,0,1,0,0,1,0,0,0,12,6,,,1,27,44,26,17,1,0,0,0
DET190907080,box,1909-07-08,0,DET02,R,1,DET,PHA,1,0,1,0,1,,30,1,6,7,1,0,0,,1,,4,0,5,2,1,0,0,0,0,0,7,1,1,0,0,0,1,0,1,0,27,38,30,3,3,7,11,0,2,0,0,7,1,3,0,0,1,0,0,1,0,0,0,0,0,,,1,27,45,27,17,1,0,0,0
DET190907090,evt,1909-07-09,0,DET02,R,1,DET,PHA,1,0,1,0,1,36,34,0,7,8,1,0,0,0,0,,2,0,7,0,0,0,0,0,1,0,9,1,1,1,0,0,0,0,1,0,27,38,34,2,2,9,11,2,0,0,0,3,0,2,1,0,0,1,0,0,0,0,0,14,8,,,1,27,47,27,18,2,1,0,0
DET190907090,box,1909-07-09,0,DET02,R,1,DET,PHA,1,0,1,0,1,,34,0,7,8,1,0,0,,0,,2,0,7,0,0,0,0,0,1,0,9,1,1,1,0,0,0,0,1,0,27,38,34,2,2,9,11,2,0,0,0,3,0,2,1,0,0,1,0,0,0,0,0,0,0,,,1,27,47,27,18,2,1,0,0
DET190907100,evt,1909-07-10,0,DET02,R,1,DET,PHA,1,1,0,0,1,37,34,9,13,15,0,1,0,0,9,,2,0,5,0,0,0,1,3,1,0,4,1,1,1,0,0,0,1,0,0,27,42,39,5,2,10,12,2,0,0,0,2,0,1,0,0,1,0,0,0,0,0,0,16,8,,,1,27,47,27,16,4,0,0,0
DET190907100,box,1909-07-10,0,DET02,R,1,DET,PHA,1,1,0,0,1,,34,9,13,15,0,1,0,,9,,2,0,5,0,0,0,1,3,1,0,4,1,1,1,0,0,0,1,0,0,27,42,39,5,2,10,12,2,0,0,0,2,0,1,0,0,1,0,0,0,0,0,0,0,0,,,1,27,47,27,16,4,0,0,0
DET190907110,evt,1909-07-11,0,DET02,R,1,DET,PHA,1,0,1,0,1,33,28,1,4,4,0,0,0,0,1,,3,0,1,1,0,1,1,1,1,0,5,1,1,0,0,0,1,0,1,0,27,43,40,7,6,14,18,4,0,0,0,1,0,2,0,0,2,0,0,2,0,0,0,20,1,,,1,27,22,11,8,3,1,0,0
DET190907110,box,1909-07-11,0,DET02,R,1,DET,PHA,1,0,1,0,1,,28,1,4,4,0,0,0,,1,,3,0,,1,0,1,1,1,1,0,5,1,1,0,0,0,1,0,1,0,27,43,40,7,6,14,18,4,0,0,0,1,0,0,0,0,2,0,0,2,0,0,0,0,0,,,1,27,45,27,15,3,1,0,0
DET190907130,evt,1909-07-13,0,DET02,R,1,DET,WS1,1,1,0,0,1,29,25,3,7,9,2,0,0,0,2,,3,0,5,1,0,1,0,3,3,0,2,1,1,1,1,0,0,1,0,0,27,33,33,0,0,7,8,1,0,0,0,0,0,1,0,0,0,0,0,0,0,0,0,16,8,,,1,27,23,17,6,0,0,0,0
DET190907130,box,1909-07-13,0,DET02,R,1,DET,WS1,1,1,0,0,1,,25,3,7,9,2,0,0,,2,,3,0,5,1,0,1,0,3,3,0,2,1,1,1,1,0,0,1,0,0,27,33,33,0,0,7,8,1,0,0,0,0,0,,0,0,0,0,0,0,0,0,0,0,0,,,1,27,36,27,9,0,0,0,0
DET190907151,evt,1909-07-15,1,DET02,R,1,DET,WS1,1,1,0,0,1,39,33,9,13,14,1,0,0,0,6,,2,0,1,1,1,2,1,1,1,0,6,1,1,0,0,0,1,1,0,1,27,41,38,5,4,12,13,1,0,0,0,2,0,5,0,0,1,0,0,1,0,0,0,14,7,,,1,27,18,13,2,3,0,0,1
DET190907151,box,1909-07-15,1,DET02,R,1,DET,WS1,1,1,0,0,1,,33,9,13,14,1,0,0,,6,,2,0,1,1,1,2,1,1,1,0,6,1,1,0,0,0,1,1,0,1,27,41,38,5,4,12,13,1,0,0,0,2,0,,0,0,1,0,0,1,0,0,0,0,0,,,1,27,36,27,6,3,0,0,1
DET190907152,evt,1909-07-15,2,DET02,R,1,DET,WS1,1,1,0,0,1,36,31,7,11,18,1,0,2,0,7,,2,0,2,0,0,2,1,1,1,0,5,1,1,1,1,0,0,1,0,0,27,30,29,0,0,3,3,0,0,0,0,0,0,0,0,0,1,0,0,0,0,0,0,20,5,,,1,27,29,17,12,0,0,0,0
DET190907152,box,1909-07-15,2,DET02,R,1,DET,WS1,1,1,0,0,1,,31,7,11,18,1,0,2,,7,,2,0,1,0,0,2,1,1,1,0,5,1,1,1,1,0,0,1,0,0,27,30,29,0,0,3,3,0,0,0,0,0,0,,0,0,1,0,0,0,0,0,0,0,0,,,1,27,42,27,15,0,0,0,0
DET190907160,evt,1909-07-16,0,DET02,R,1,DET,WS1,1,0,0,1,1,69,58,0,6,6,0,0,0,0,0,,7,1,6,0,0,4,0,2,0,0,15,1,1,1,1,0,0,0,0,0,54,63,61,0,0,7,8,1,0,0,0,2,1,5,0,0,0,0,0,0,0,0,0,39,5,,,1,54,24,15,4,5,2,0,0
DET190907160,box,1909-07-16,0,DET02,R,1,DET,WS1,1,0,0,1,1,,58,0,6,6,0,0,0,,0,,7,1,,0,0,4,0,2,0,0,15,1,1,1,1,0,0,0,0,0,54,63,61,0,0,7,8,1,0,0,0,2,1,,0,0,0,0,0,0,0,0,0,0,0,,,1,54,83,54,24,5,2,0,0
DET190907170,evt,1909-07-17,0,DET02,R,1,DET,NYA,1,1,0,0,1,39,32,9,12,17,2,0,1,0,7,,5,0,1,0,0,1,1,4,2,0,6,1,1,1,0,0,0,1,0,0,27,39,38,2,2,12,14,2,0,0,0,1,0,6,1,0,0,0,0,0,0,0,0,13,6,,,1,27,41,27,14,0,1,0,0
DET190907170,box,1909-07-17,0,DET02,R,1,DET,NYA,1,1,0,0,1,,32,9,12,17,2,0,1,,7,,5,0,1,0,0,1,1,4,2,0,6,1,1,1,0,0,0,1,0,0,27,39,38,2,2,12,14,2,0,0,0,1,0,6,1,0,0,0,0,0,0,0,0,0,0,,,1,27,41,27,14,0,1,0,0
DET190907180,evt,1909-07-18,0,DET02,R,1,DET,NYA,1,1,0,0,1,47,44,4,9,11,2,0,0,0,4,,2,0,0,1,0,1,0,0,1,0,5,1,1,0,0,0,1,1,0,0,39,55,51,3,3,14,16,2,0,0,0,2,0,0,0,1,1,0,0,0,0,2,0,31,3,,,1,39,19,11,8,0,0,0,0
DET190907180,box,1909-07-18,0,DET02,R,1,DET,NYA,1,1,0,0,1,,44,4,9,11,2,0,0,,4,,2,0,,1,0,1,0,0,1,0,5,1,1,0,0,0,1,1,0,0,39,55,51,3,3,14,16,2,0,0,0,2,0,,0,1,1,0,0,0,0,0,0,0,0,,,1,39,59,39,20,0,0,0,0
DET190907190,evt,1909-07-19,0,DET02,R,1,DET,NYA,1,0,1,0,1,37,34,3,9,17,1,2,1,0,3,,3,1,4,0,0,0,0,1,0,0,7,1,1,1,0,0,0,0,1,0,27,39,36,5,4,11,15,0,2,0,0,2,0,3,1,0,1,0,0,0,0,0,0,11,7,,,1,27,43,27,13,3,3,0,1
DET190907190,box,1909-07-19,0,DET02,R,1,DET,NYA,1,0,1,0,1,,34,3,9,17,1,2,1,,3,,3,1,4,0,0,0,0,1,0,0,7,1,1,1,0,0,0,0,1,0,27,39,36,5,4,11,15,0,2,0,0,2,0,3,1,0,1,0,0,0,0,0,0,0,0,,,1,27,43,27,13,3,3,0,1
DET190907200,evt,1909-07-20,0,DET02,R,1,DET,NYA,1,0,1,0,1,30,29,1,6,7,1,0,0,0,0,,0,0,6,1,0,1,0,0,3,0,2,1,1,1,0,0,0,0,1,0,27,44,34,6,3,9,12,1,1,0,0,8,1,3,0,0,2,0,0,0,0,0,0,5,14,,,1,27,40,27,9,4,0,0,0
DET190907200,box,1909-07-20,0,DET02,R,1,DET,NYA,1,0,1,0,1,,29,1,6,7,1,0,0,,0,,0,0,6,1,0,1,0,0,3,0,2,1,1,1,0,0,0,0,1,0,27,44,34,6,3,9,12,1,1,0,0,8,1,3,0,0,2,0,0,0,0,0,0,0,0,,,1,27,40,27,9,4,0,0,0
DET190907210,evt,1909-07-21,0,DET02,R,1,DET,NYA,1,1,0,0,1,36,33,2,10,13,0,0,1,0,2,,3,0,3,0,0,0,0,1,0,0,10,1,1,1,1,0,0,1,0,0,27,34,32,0,0,5,6,1,0,0,0,1,0,4,0,0,1,0,0,0,0,0,0,14,6,,,1,27,46,27,17,2,0,0,0
DET190907210,box,1909-07-21,0,DET02,R,1,DET,NYA,1,1,0,0,1,,33,2,10,13,0,0,1,,2,,3,0,3,0,0,0,0,1,0,0,10,1,1,1,1,0,0,1,0,0,27,34,32,0,0,5,6,1,0,0,0,1,0,4,0,0,1,0,0,0,0,0,0,0,0,,,1,27,46,27,17,2,0,0,0
DET190907220,evt,1909-07-22,0,DET02,R,1,DET,BOS,1,1,0,0,1,36,27,6,8,8,0,0,0,0,3,,4,0,4,1,1,4,0,5,0,0,6,1,1,1,1,0,0,1,0,0,27,34,31,0,0,6,7,1,0,0,0,2,0,3,0,0,1,0,0,0,0,0,0,5,17,,,1,27,34,27,7,0,0,0,0
DET190907220,box,1909-07-22,0,DET02,R,1,DET,BOS,1,1,0,0,1,,27,6,8,8,0,0,0,,3,,4,0,4,1,1,4,0,5,0,0,6,1,1,1,1,0,0,1,0,0,27,34,31,0,0,6,7,1,0,0,0,2,0,3,0,0,1,0,0,0,0,0,0,0,0,,,1,27,34,27,7,0,0,0,0
DET190907231,evt,1909-07-23,1,DET02,R,1,DET,BOS,1,1,0,0,1,36,32,5,7,12,1,2,0,0,5,,4,0,5,1,0,0,0,1,0,0,7,1,1,1,0,0,0,1,0,0,27,40,33,2,2,8,12,0,2,0,0,5,0,3,0,0,1,1,0,0,0,0,0,9,14,,,1,27,37,27,9,1,0,0,0
DET190907231,box,1909-07-23,1,DET02,R,1,DET,BOS,1,1,0,0,1,,32,5,7,12,1,2,0,,5,,4,0,5,1,0,0,0,1,0,0,7,1,1,1,0,0,0,1,0,0,27,40,33,2,2,8,12,0,2,0,0,5,0,3,0,0,1,1,0,0,0,0,0,0,0,,,1,27,37,27,9,1,0,0,0
DET190907232,evt,1909-07-23,2,DET02,R,1,DET,BOS,1,1,0,0,1,32,26,4,7,7,0,0,0,0,4,,2,0,2,0,0,3,1,1,2,0,4,1,1,1,0,0,0,1,0,0,27,35,34,2,2,6,7,1,0,0,0,0,0,4,0,1,0,0,0,0,0,0,0,8,15,,,1,27,36,27,8,1,0,0,0
DET190907232,box,1909-07-23,2,DET02,R,1,DET,BOS,1,1,0,0,1,,26,4,7,7,0,0,0,,4,,2,0,2,0,0,3,1,1,2,0,4,1,1,1,0,0,0,1,0,0,27,35,34,2,2,6,7,1,0,0,0,0,0,4,0,1,0,0,0,0,0,0,0,0,0,,,1,27,36,27,8,1,0,0,0
DET190907240,evt,1909-07-24,0,DET02,R,1,DET,BOS,1,1,0,0,1,49,43,2,12,14,2,0,0,0,2,,4,2,5,0,0,2,0,6,1,0,12,1,1,1,0,0,0,1,0,0,36,44,39,1,1,4,4,0,0,0,0,3,0,5,0,0,1,1,0,0,0,0,0,19,9,,,1,36,60,36,20,4,0,0,0
DET190907240,box,1909-07-24,0,DET02,R,1,DET,BOS,1,1,0,0,1,,43,2,12,14,2,0,0,,2,,4,2,5,0,0,2,0,6,1,0,12,1,1,1,0,0,0,1,0,0,36,44,39,1,1,4,4,0,0,0,0,3,0,5,0,0,1,1,0,0,0,0,0,0,0,,,1,36,59,36,19,4,0,0,0
DET190907250,evt,1909-07-25,0,DET02,R,1,DET,BOS,1,0,1,0,1,30,29,0,5,7,2,0,0,0,0,,1,0,3,0,0,0,0,0,0,0,3,1,1,0,0,0,1,0,1,0,27,35,33,4,4,7,8,1,0,0,0,2,0,4,0,0,0,0,0,0,0,0,0,13,8,,,1,27,43,27,14,2,0,0,0
DET190907250,box,1909-07-25,0,DET02,R,1,DET,BOS,1,0,1,0,1,,29,0,5,7,2,0,0,,0,,1,0,3,0,0,0,0,0,0,0,3,1,1,0,0,0,1,0,1,0,27,35,33,4,4,7,8,1,0,0,0,2,0,4,0,0,0,0,0,0,0,0,0,0,0,,,1,27,43,27,14,2,0,0,0
CLE190907270,evt,1909-07-27,0,CLE05,R,0,DET,CLE,1,1,0,0,1,35,31,3,5,7,0,1,0,0,2,,1,0,3,0,0,3,0,1,1,0,5,1,1,1,0,0,0,1,0,0,27,34,30,1,1,5,5,0,0,0,0,2,0,1,0,1,1,0,0,0,0,0,0,21,2,,,1,27,17,9,7,1,0,0,0
CLE190907270,box,1909-07-27,0,CLE05,R,0,DET,CLE,1,1,0,0,1,,31,3,5,7,0,1,0,,2,,1,0,,0,0,3,0,1,1,0,5,1,1,1,0,0,0,1,0,0,27,34,30,1,1,5,5,0,0,0,0,2,0,1,0,1,1,0,0,0,0,0,0,0,0,,,1,27,46,27,18,1,0,0,0
CLE190907280,evt,1909-07-28,0,CLE05,R,0,DET,CLE,1,1,0,0,1,37,33,5,11,12,1,0,0,0,5,,1,0,3,1,1,1,1,1,2,0,5,1,1,1,0,0,0,1,0,0,27,34,32,4,3,8,13,1,2,0,0,2,0,4,1,0,0,0,0,0,0,0,0,19,1,,,1,27,25,15,9,1,2,0,0
CLE190907280,box,1909-07-28,0,CLE05,R,0,DET,CLE,1,1,0,0,1,,33,5,11,12,1,0,0,,5,,1,0,3,1,1,1,1,1,2,0,5,1,1,1,0,0,0,1,0,0,27,34,32,4,3,8,13,1,2,0,0,2,0,4,1,0,0,0,0,0,0,0,0,0,0,,,1,27,45,27,17,1,2,0,0
NYA190907290,evt,1909-07-29,0,NYC13,R,0,DET,NYA,1,0,1,0,1,34,33,2,6,13,0,2,1,0,1,,1,0,2,0,0,0,0,0,1,0,5,1,1,0,0,0,1,0,1,0,24,43,31,11,10,11,17,1,1,1,0,6,0,3,0,2,3,1,0,0,0,0,0,14,3,,,1,24,45,24,18,3,0,0,0
NYA190907290,box,1909-07-29,0,NYC13,R,0,DET,NYA,1,0,1,0,1,,33,2,6,13,0,2,1,,1,,1,0,2,0,0,0,0,0,1,0,5,1,1,0,0,0,1,0,1,0,24,43,31,11,10,11,17,1,1,1,0,6,0,3,0,2,3,1,0,0,0,0,0,0,0,,,1,24,46,24,19,3,0,0,0
NYA190907300,evt,1909-07-30,0,NYC13,R,0,DET,NYA,1,0,1,0,1,33,30,0,4,7,1,1,0,0,0,,2,0,3,0,0,1,0,0,0,0,6,1,1,0,0,0,1,0,1,0,24,39,33,6,4,10,15,3,1,0,0,2,0,2,0,2,1,1,0,1,0,0,0,7,13,,,1,24,33,24,6,3,0,0,1
NYA190907300,box,1909-07-30,0,NYC13,R,0,DET,NYA,1,0,1,0,1,,30,0,4,7,1,1,0,,0,,2,0,3,0,0,1,0,0,0,0,6,1,1,0,0,0,1,0,1,0,24,39,33,6,4,10,15,3,1,0,0,2,0,2,0,2,1,1,0,1,0,0,0,0,0,,,1,24,33,24,6,3,0,0,1
NYA190907311,evt,1909-07-31,1,NYC13,R,0,DET,NYA,1,0,1,0,1,34,31,2,4,4,0,0,0,0,2,,3,0,1,0,0,0,0,1,0,0,5,1,1,1,0,0,0,0,1,0,24,37,31,7,4,10,15,3,1,0,0,4,0,3,0,0,2,0,0,1,0,0,0,8,8,,,1,24,41,24,14,3,0,0,0
NYA190907311,box,1909-07-31,1,NYC13,R,0,DET,NYA,1,0,1,0,1,,31,2,4,4,0,0,0,,2,,3,0,1,0,0,0,0,1,0,0,5,1,1,1,0,0,0,0,1,0,24,37,31,7,4,10,15,3,1,0,0,4,0,,0,0,2,0,0,1,0,0,0,0,0,,,1,24,41,24,14,3,0,0,0
NYA190907312,evt,1909-07-31,2,NYC13,R,0,DET,NYA,1,1,0,0,1,43,35,7,10,13,3,0,0,0,5,,7,0,4,0,0,1,0,4,1,0,9,1,1,1,0,0,0,1,0,0,27,37,30,4,4,8,8,0,0,0,0,3,0,2,0,1,2,1,0,0,0,0,0,11,10,,,1,27,42,27,14,1,1,0,0
NYA190907312,box,1909-07-31,2,NYC13,R,0,DET,NYA,1,1,0,0,1,,35,7,10,13,3,0,0,,5,,7,0,0,0,0,1,0,4,1,0,9,1,1,1,0,0,0,1,0,0,27,37,30,4,4,8,8,0,0,0,0,3,0,,0,1,2,1,0,0,0,0,0,0,0,,,1,27,42,27,14,1,1,0,0
BOS190908031,evt,1909-08-03,1,BOS06,R,0,DET,BOS,1,0,1,0,1,37,33,1,3,6,3,0,0,0,1,,2,0,7,1,2,0,0,0,0,0,9,1,1,1,0,0,0,0,1,0,24,36,31,2,2,10,14,4,0,0,0,3,1,4,1,1,1,0,0,1,0,0,0,10,7,,,1,24,32,23,9,0,1,0,0
BOS190908031,box,1909-08-03,1,BOS06,R,0,DET,BOS,1,0,1,0,1,,33,1,3,6,3,0,0,,1,,2,0,7,1,2,0,0,0,0,0,9,1,1,1,0,0,0,0,1,0,24,36,31,2,2,10,14,4,0,0,0,3,1,4,1,1,1,0,0,1,0,0,0,0,0,,,1,24,33,23,10,0,1,0,0
BOS190908032,evt,1909-08-03,2,BOS06,R,0,DET,BOS,1,0,1,0,1,48,45,7,16,25,9,0,0,0,6,,2,0,4,0,0,1,0,1,0,0,14,1,1,0,0,0,1,0,1,0,25,43,39,8,5,13,20,7,0,0,0,1,0,0,0,2,1,0,0,0,0,2,1,13,9,,,1,25,43,25,15,3,0,0,0
BOS190908032,box,1909-08-03,2,BOS06,R,0,DET,BOS,1,0,1,0,1,,45,7,16,25,9,0,0,,6,,2,0,4,0,0,1,0,1,0,0,14,1,1,0,0,0,1,0,1,0,25,43,39,8,5,13,20,7,0,0,0,1,0,0,0,2,1,0,0,0,0,0,0,0,0,,,1,25,43,25,15,3,0,0,0
BOS190908041,evt,1909-08-04,1,BOS06,R,0,DET,BOS,1,1,0,0,1,47,42,10,17,24,7,0,0,0,9,,5,0,3,1,0,0,0,4,1,0,10,1,1,1,0,0,0,1,0,0,27,35,33,3,2,8,9,1,0,0,0,1,0,1,0,0,1,0,0,1,0,0,0,10,13,,,1,27,37,27,9,1,1,0,0
BOS190908041,box,1909-08-04,1,BOS06,R,0,DET,BOS,1,1,0,0,1,,42,10,17,24,7,0,0,,9,,5,0,3,1,0,0,0,4,1,0,10,1,1,1,0,0,0,1,0,0,27,35,33,3,2,8,9,1,0,0,0,1,0,1,0,0,1,0,0,1,0,0,0,0,0,,,1,27,37,27,9,1,1,0,0
BOS190908042,evt,1909-08-04,2,BOS06,R,0,DET,BOS,1,0,1,0,1,36,33,1,7,7,0,0,0,0,1,,1,0,3,0,0,2,0,0,2,0,8,1,1,1,0,0,0,0,1,0,24,30,25,2,2,3,6,3,0,0,0,2,0,6,0,1,1,1,0,0,0,0,0,5,11,,,1,24,31,24,7,0,0,0,0
BOS190908042,box,1909-08-04,2,BOS06,R,0,DET,BOS,1,0,1,0,1,,33,1,7,7,0,0,0,,1,,1,0,3,0,0,2,0,0,2,0,8,1,1,1,0,0,0,0,1,0,24,30,25,2,2,3,6,3,0,0,0,2,0,6,0,1,1,1,0,0,0,0,0,0,0,,,1,24,31,24,7,0,0,0,0
PHA190908060,evt,1909-08-06,0,PHI11,R,0,DET,PHA,1,1,0,0,1,32,27,3,5,9,1,0,1,0,2,,3,0,7,1,0,1,1,2,1,0,2,1,1,1,0,0,0,1,0,0,27,32,31,1,1,5,6,1,0,0,0,0,0,6,0,1,0,0,0,0,0,0,0,18,2,,,1,27,12,10,2,0,0,0,0
PHA190908060,box,1909-08-06,0,PHI11,R,0,DET,PHA,1,1,0,0,1,,27,3,5,9,1,0,1,,2,,3,0,7,1,0,1,1,2,1,0,2,1,1,1,0,0,0,1,0,0,27,32,31,1,1,5,6,1,0,0,0,0,0,6,0,1,0,0,0,0,0,0,0,0,0,,,1,27,39,27,12,0,0,0,0
PHA190908070,evt,1909-08-07,0,PHI11,R,0,DET,PHA,1,0,1,0,1,34,31,3,6,6,0,0,0,0,3,,2,0,5,0,0,1,0,1,2,0,4,1,1,1,0,0,0,0,1,0,24,34,30,5,3,7,9,2,0,0,0,2,0,6,0,0,2,0,0,0,0,0,0,11,5,,,1,24,40,24,13,3,0,0,0
PHA190908070,box,1909-08-07,0,PHI11,R,0,DET,PHA,1,0,1,0,1,,31,3,6,6,0,0,0,,3,,2,0,5,0,0,1,0,1,2,0,4,1,1,1,0,0,0,0,1,0,24,34,30,5,3,7,9,2,0,0,0,2,0,6,0,0,2,0,0,0,0,0,0,0,0,,,1,24,40,24,13,3,0,0,0
PHA190908090,evt,1909-08-09,0,PHI11,R,0,DET,PHA,1,0,1,0,1,32,29,1,5,5,0,0,0,0,0,,2,0,8,0,0,1,0,0,1,0,4,1,1,1,0,0,0,0,1,0,24,35,34,7,3,7,12,2,0,1,0,0,0,3,0,0,0,1,0,1,0,0,0,18,3,,,1,24,22,10,4,8,0,0,0
PHA190908090,box,1909-08-09,0,PHI11,R,0,DET,PHA,1,0,1,0,1,,29,1,5,5,0,0,0,,0,,2,0,8,0,0,1,0,0,1,0,4,1,1,1,0,0,0,0,1,0,24,35,34,7,3,7,12,2,0,1,0,0,0,3,0,0,0,1,0,1,0,0,0,0,0,,,1,24,44,24,12,8,0,0,0
PHA190908100,evt,1909-08-10,0,PHI11,R,0,DET,PHA,1,0,1,0,1,40,36,1,10,11,1,0,0,0,1,,3,1,4,0,0,0,1,0,1,0,12,1,1,1,0,0,0,0,1,0,24,29,27,3,3,7,12,0,1,1,0,0,0,2,0,1,1,0,0,0,0,0,0,10,8,,,1,24,42,24,17,1,1,0,0
PHA190908100,box,1909-08-10,0,PHI11,R,0,DET,PHA,1,0,1,0,1,,36,1,10,11,1,0,0,,1,,3,1,4,0,0,0,1,0,1,0,12,1,1,1,0,0,0,0,1,0,24,29,27,3,3,7,12,0,1,1,0,0,0,2,0,1,1,0,0,0,0,0,0,0,0,,,1,24,42,24,17,1,1,0,0
WS1190908110,evt,1909-08-11,0,WAS08,R,0,DET,WS1,1,0,1,0,1,38,34,2,7,8,1,0,0,0,2,,3,0,3,1,0,1,0,1,0,0,9,1,1,1,0,0,0,0,1,0,24,35,30,3,2,6,8,2,0,0,0,4,0,1,0,0,0,1,0,0,0,0,0,16,5,,,1,24,16,10,3,3,0,0,0
WS1190908110,box,1909-08-11,0,WAS08,R,0,DET,WS1,1,0,1,0,1,,34,2,7,8,1,0,0,,2,,3,0,3,1,0,1,0,1,0,0,9,1,1,1,0,0,0,0,1,0,24,35,30,3,2,6,8,2,0,0,0,4,0,0,0,0,0,1,0,0,0,0,0,0,0,,,1,24,40,24,13,3,0,0,0
WS1190908120,evt,1909-08-12,0,WAS08,R,0,DET,WS1,1,1,0,0,1,38,32,6,5,7,2,0,0,0,3,,4,0,5,0,1,0,1,8,1,0,5,1,1,1,0,0,0,1,0,0,27,32,30,1,1,6,7,1,0,0,0,0,0,4,1,1,1,0,0,0,0,0,0,20,0,,,1,27,13,8,4,1,1,0,0
WS1190908120,box,1909-08-12,0,WAS08,R,0,DET,WS1,1,1,0,0,1,,32,6,5,7,2,0,0,,3,,4,0,5,0,1,0,1,8,1,0,5,1,1,1,0,0,0,1,0,0,27,32,30,1,1,6,7,1,0,0,0,0,0,4,1,1,1,0,0,0,0,0,0,0,0,,,1,27,46,27,18,1,1,0,0
WS1190908130,evt,1909-08-13,0,WAS08,R,0,DET,WS1,1,1,0,0,1,42,36,5,14,15,1,0,0,0,4,,4,0,2,1,1,1,0,7,0,0,10,1,1,1,1,0,0,1,0,0,27,34,29,0,0,6,7,1,0,0,0,3,0,6,0,0,2,0,0,0,0,0,0,15,0,,,1,27,12,9,2,1,2,0,0
WS1190908130,box,1909-08-13,0,WAS08,R,0,DET,WS1,1,1,0,0,1,,36,5,14,15,1,0,0,,4,,4,0,2,1,1,1,0,7,0,0,10,1,1,1,1,0,0,1,0,0,27,34,29,0,0,6,7,1,0,0,0,3,0,6,0,0,2,0,0,0,0,0,0,0,0,,,1,27,43,27,15,1,2,0,0
WS1190908140,evt,1909-08-14,0,WAS08,R,0,DET,WS1,1,0,0,1,1,44,37,3,10,12,2,0,0,0,2,,4,0,6,1,0,2,1,3,1,0,8,1,1,0,0,0,1,0,0,0,33,41,40,3,1,9,11,0,1,0,0,0,0,4,0,0,1,0,0,0,0,0,0,21,5,,,1,33,16,10,4,2,1,0,0
WS1190908140,box,1909-08-14,0,WAS08,R,0,DET,WS1,1,0,0,1,1,,37,3,10,12,2,0,0,,2,,4,0,,1,0,2,1,3,1,0,8,1,1,0,0,0,1,0,0,0,33,41,40,3,1,9,11,0,1,0,0,0,0,4,0,0,1,0,0,0,0,0,0,0,0,,,1,33,52,33,17,2,1,0,0
DET190908150,evt,1909-08-15,0,DET02,R,1,DET,CHA,1,1,0,0,1,37,31,8,12,14,2,0,0,0,8,,5,1,1,0,0,0,1,0,1,0,5,1,1,1,0,0,0,1,0,0,27,35,31,1,0,4,7,3,0,0,0,2,0,2,0,0,1,1,0,0,0,0,0,21,4,,,1,27,14,8,3,3,0,0,0
DET190908150,box,1909-08-15,0,DET02,R,1,DET,CHA,1,1,0,0,1,,31,8,12,14,2,0,0,,8,,5,1,1,0,0,0,1,0,1,0,5,1,1,1,0,0,0,1,0,0,27,35,31,1,0,4,7,3,0,0,0,2,0,2,0,0,1,1,0,0,0,0,0,0,0,,,1,27,41,27,11,3,0,0,0
DET190908170,evt,1909-08-17,0,DET02,R,1,DET,CHA,1,0,1,0,1,35,27,2,7,10,1,1,0,0,2,,7,2,5,2,0,1,0,3,2,0,6,1,1,1,0,0,0,0,1,0,27,37,35,3,3,9,10,1,0,0,0,1,0,3,0,0,1,0,0,0,0,0,0,16,6,,,1,27,29,19,9,1,0,0,0
DET190908170,box,1909-08-17,0,DET02,R,1,DET,CHA,1,0,1,0,1,,27,2,7,10,1,1,0,,2,,7,2,5,2,0,1,0,3,2,0,6,1,1,1,0,0,0,0,1,0,27,37,35,3,3,9,10,1,0,0,0,1,0,3,0,0,1,0,0,0,0,0,0,0,0,,,1,27,40,27,12,1,0,0,0
DET190908180,evt,1909-08-18,0,DET02,R,1,DET,CHA,1,0,1,0,1,33,30,0,5,7,2,0,0,0,0,,3,0,7,0,0,0,0,1,1,0,6,1,1,1,0,0,0,0,1,0,27,39,34,2,1,9,12,3,0,0,0,4,0,7,0,0,1,0,0,0,0,0,0,9,5,,,1,27,47,27,14,6,2,0,0
DET190908180,box,1909-08-18,0,DET02,R,1,DET,CHA,1,0,1,0,1,,30,0,5,7,2,0,0,,0,,3,0,7,0,0,0,0,1,1,0,6,1,1,1,0,0,0,0,1,0,27,39,34,2,1,9,12,3,0,0,0,4,0,7,0,0,1,0,0,0,0,0,0,0,0,,,1,27,47,27,14,6,2,0,0
DET190908190,evt,1909-08-19,0,DET02,R,1,DET,CHA,1,1,0,0,1,35,26,1,5,5,0,0,0,0,1,,5,0,2,0,0,3,1,3,0,0,10,1,1,1,1,0,0,1,0,0,27,30,28,0,0,3,4,1,0,0,0,2,0,5,1,0,0,0,0,1,0,0,0,6,14,,,1,27,35,27,8,0,1,0,0
DET190908190,box,1909-08-19,0,DET02,R,1,DET,CHA,1,1,0,0,1,,26,1,5,5,0,0,0,,1,,5,0,2,0,0,3,1,3,0,0,10,1,1,1,1,0,0,1,0,0,27,30,28,0,0,3,4,1,0,0,0,2,0,5,1,0,0,0,0,1,0,0,0,0,0,,,1,27,35,27,8,0,1,0,0
DET190908200,evt,1909-08-20,0,DET02,R,1,DET,WS1,1,1,0,0,1,34,27,3,6,9,1,1,0,0,2,,5,2,1,1,2,0,0,3,0,0,7,1,1,1,0,0,0,1,0,0,27,34,29,1,1,7,10,1,1,0,0,3,0,0,0,0,2,0,0,1,0,0,0,19,3,,,1,27,22,13,9,0,1,0,0
DET190908200,box,1909-08-20,0,DET02,R,1,DET,WS1,1,1,0,0,1,,27,3,6,9,1,1,0,,2,,5,2,0,1,2,0,0,3,0,0,7,1,1,1,0,0,0,1,0,0,27,34,29,1,1,7,10,1,1,0,0,3,0,,0,0,2,0,0,1,0,0,0,0,0,,,1,27,43,27,16,0,1,0,0
DET190908210,evt,1909-08-21,0,DET02,R,1,DET,WS1,1,1,0,0,1,38,32,9,15,17,2,0,0,0,8,,5,1,0,3,0,1,0,2,3,0,5,1,1,0,0,0,1,1,0,1,27,42,37,7,5,11,14,3,0,0,0,2,0,3,0,0,2,1,0,2,0,2,2,17,3,,,1,27,25,14,7,4,0,0,0
DET190908210,box,1909-08-21,0,DET02,R,1,DET,WS1,1,1,0,0,1,,32,9,15,17,2,0,0,,8,,5,1,,3,0,1,0,2,3,0,5,1,1,0,0,0,1,1,0,1,27,42,37,7,5,11,14,3,0,0,0,2,0,,0,0,2,1,0,2,0,0,0,0,0,,,1,27,46,27,15,4,0,0,0
DET190908220,evt,1909-08-22,0,DET02,R,1,DET,WS1,1,1,0,0,1,37,30,3,12,15,3,0,0,0,2,,3,0,3,1,0,4,0,1,1,0,10,1,1,1,0,0,0,1,0,0,27,35,29,1,1,4,5,1,0,0,0,5,0,0,0,0,1,0,0,0,0,0,0,23,1,,,1,27,20,10,9,1,0,0,0
DET190908220,box,1909-08-22,0,DET02,R,1,DET,WS1,1,1,0,0,1,,30,3,12,15,3,0,0,,2,,3,0,3,1,0,4,0,1,1,0,10,1,1,1,0,0,0,1,0,0,27,35,29,1,1,4,5,1,0,0,0,5,0,,0,0,1,0,0,0,0,0,0,0,0,,,1,27,44,27,16,1,0,0,0
DET190908230,evt,1909-08-23,0,DET02,R,1,DET,WS1,1,1,0,0,1,42,28,11,9,13,2,1,0,0,7,,9,1,7,0,1,3,1,2,3,0,7,1,1,1,0,0,0,1,0,0,27,39,36,6,6,12,20,0,1,2,0,2,0,1,1,1,0,0,0,0,0,0,0,21,2,,,1,27,12,8,4,0,2,0,0
DET190908230,box,1909-08-23,0,DET02,R,1,DET,WS1,1,1,0,0,1,,28,11,9,13,2,1,0,,7,,9,1,7,0,1,3,1,2,3,0,7,1,1,1,0,0,0,1,0,0,27,39,36,6,6,12,20,0,1,2,0,2,0,,1,1,0,0,0,0,0,0,0,0,0,,,1,27,43,27,16,0,2,0,0
DET190908240,evt,1909-08-24,0,DET02,R,1,DET,PHA,1,1,0,0,1,37,27,7,10,12,2,0,0,0,6,,3,0,2,0,0,5,2,2,2,0,6,1,1,0,0,0,1,1,0,1,27,41,36,6,4,12,14,2,0,0,0,2,0,2,0,0,3,0,0,0,0,2,1,14,7,,,1,27,22,14,6,2,0,0,0
DET190908240,box,1909-08-24,0,DET02,R,1,DET,PHA,1,1,0,0,1,,27,7,10,12,2,0,0,,6,,3,0,,0,0,5,2,2,2,0,6,1,1,0,0,0,1,1,0,1,27,41,36,6,4,12,14,2,0,0,0,2,0,,0,0,3,0,0,0,0,0,0,0,0,,,1,27,42,27,13,2,0,0,0
DET190908250,evt,1909-08-25,0,DET02,R,1,DET,PHA,1,1,0,0,1,35,34,4,10,13,3,0,0,0,4,,0,0,0,0,0,1,0,2,0,0,6,1,1,1,0,0,0,1,0,0,27,42,35,3,3,9,11,2,0,0,0,6,0,2,1,1,0,0,0,1,0,0,0,20,4,,,1,27,20,14,6,0,1,0,0
DET190908250,box,1909-08-25,0,DET02,R,1,DET,PHA,1,1,0,0,1,,34,4,10,13,3,0,0,,4,,0,0,0,0,0,1,0,2,0,0,6,1,1,1,0,0,0,1,0,0,27,42,35,3,3,9,11,2,0,0,0,6,0,2,1,1,0,0,0,1,0,0,0,0,0,,,1,27,41,27,14,0,1,0,0
DET190908260,evt,1909-08-26,0,DET02,R,1,DET,PHA,1,1,0,0,1,37,30,6,8,9,1,0,0,0,2,,3,0,5,0,1,3,0,2,1,0,7,1,1,1,1,0,0,1,0,0,27,31,28,0,0,4,5,1,0,0,0,0,0,5,1,2,1,0,0,0,0,0,0,17,2,,,1,27,15,11,4,0,1,0,0
DET190908260,box,1909-08-26,0,DET02,R,1,DET,PHA,1,1,0,0,1,,30,6,8,9,1,0,0,,2,,3,0,,0,1,3,0,2,1,0,7,1,1,1,1,0,0,1,0,0,27,31,28,0,0,4,5,1,0,0,0,0,0,5,1,2,1,0,0,0,0,0,0,0,0,,,1,27,38,27,11,0,1,0,0
DET190908270,evt,1909-08-27,0,DET02,R,1,DET,NYA,1,1,0,0,1,49,42,17,19,28,1,1,2,0,17,,5,0,3,0,1,1,0,7,2,0,8,1,1,0,0,0,1,1,0,1,27,40,35,6,5,9,9,0,0,0,0,5,0,2,1,0,0,0,0,0,0,0,0,10,14,,,1,27,36,27,9,0,1,0,1
DET190908270,box,1909-08-27,0,DET02,R,1,DET,NYA,1,1,0,0,1,,42,17,19,28,1,1,2,,17,,5,0,3,0,1,1,0,7,2,0,8,1,1,0,0,0,1,1,0,1,27,40,35,6,5,9,9,0,0,0,0,5,0,2,1,0,0,0,0,0,0,0,0,0,0,,,1,27,36,27,9,0,1,0,1
DET190908280,evt,1909-08-28,0,DET02,R,1,DET,NYA,1,1,0,0,1,34,30,2,7,10,1,1,0,0,2,,1,0,3,0,1,2,0,2,1,0,8,1,1,1,0,0,0,1,0,0,27,39,37,1,1,11,11,0,0,0,0,0,0,2,0,1,1,0,0,0,0,0,0,12,9,,,1,27,44,27,15,2,1,0,0
DET190908280,box,1909-08-28,0,DET02,R,1,DET,NYA,1,1,0,0,1,,30,2,7,10,1,1,0,,2,,1,0,0,0,1,2,0,2,1,0,8,1,1,1,0,0,0,1,0,0,27,39,37,1,1,11,11,0,0,0,0,0,0,2,0,1,1,0,0,0,0,0,0,0,0,,,1,27,44,27,15,2,1,0,0
DET190908290,evt,1909-08-29,0,DET02,R,1,DET,NYA,1,1,0,0,1,35,29,7,9,9,0,0,0,0,5,,3,0,0,0,0,2,1,1,2,0,4,1,1,1,0,0,0,1,0,0,27,38,32,3,3,7,10,3,0,0,0,5,0,1,1,0,1,0,0,0,0,0,0,19,5,,,1,27,15,11,4,0,1,0,0
DET190908290,box,1909-08-29,0,DET02,R,1,DET,NYA,1,1,0,0,1,,29,7,9,9,0,0,0,,5,,3,0,,0,0,2,1,1,2,0,4,1,1,1,0,0,0,1,0,0,27,38,32,3,3,7,10,3,0,0,0,5,0,,1,0,1,0,0,0,0,0,0,0,0,,,1,27,37,27,10,0,1,0,0
DET190908310,evt,1909-08-31,0,DET02,R,1,DET,BOS,1,1,0,0,1,38,32,7,12,15,1,1,0,0,7,,2,0,0,0,1,2,1,5,0,0,7,1,1,1,0,0,0,1,0,0,27,40,38,4,4,11,16,1,2,0,0,0,0,3,0,1,0,1,0,0,0,0,0,12,12,,,1,27,22,18,3,1,0,0,0
DET190908310,box,1909-08-31,0,DET02,R,1,DET,BOS,1,1,0,0,1,,32,7,12,15,1,1,0,,7,,2,0,0,0,1,2,1,5,0,0,7,1,1,1,0,0,0,1,0,0,27,40,38,4,4,11,16,1,2,0,0,0,0,3,0,1,0,1,0,0,0,0,0,0,0,,,1,27,38,27,10,1,0,0,0
DET190909010,evt,1909-09-01,0,DET02,R,1,DET,BOS,1,1,0,0,1,42,36,5,9,15,1,1,1,0,5,,3,0,5,2,0,3,0,1,1,0,5,1,1,0,0,0,1,1,0,0,33,46,38,4,4,8,9,1,0,0,0,4,0,2,1,1,2,1,0,0,0,1,0,12,16,,,1,33,50,33,14,3,1,0,0
DET190909010,box,1909-09-01,0,DET02,R,1,DET,BOS,1,1,0,0,1,,36,5,9,15,1,1,1,,5,,3,0,5,2,0,3,0,1,1,0,5,1,1,0,0,0,1,1,0,0,33,46,38,4,4,8,9,1,0,0,0,4,0,2,1,1,2,1,0,0,0,0,0,0,0,,,1,33,50,33,14,3,1,0,0
DET190909020,evt,1909-09-02,0,DET02,R,1,DET,BOS,1,1,0,0,1,35,27,8,7,11,1,0,1,0,7,,3,0,2,0,1,3,1,2,1,0,3,1,1,1,0,0,0,1,0,0,27,35,35,5,5,10,11,1,0,0,0,0,0,2,0,0,0,0,0,1,0,0,0,16,5,,,1,27,49,27,19,3,0,0,0
DET190909020,box,1909-09-02,0,DET02,R,1,DET,BOS,1,1,0,0,1,,27,8,7,11,1,0,1,,7,,3,0,2,0,1,3,1,2,1,0,3,1,1,1,0,0,0,1,0,0,27,35,35,5,5,10,11,1,0,0,0,0,0,2,0,0,0,0,0,1,0,0,0,0,0,,,1,27,49,27,19,3,0,0,0
CLE190909030,evt,1909-09-03,0,CLE05,R,0,DET,CLE,1,0,0,1,1,36,31,1,6,8,0,1,0,0,1,,5,1,3,1,0,0,0,3,1,0,8,1,1,0,0,0,1,0,0,0,27,36,32,1,1,8,8,0,0,0,0,3,1,5,1,1,0,0,0,0,0,2,0,10,6,,,1,27,32,20,9,3,3,0,0
CLE190909030,box,1909-09-03,0,CLE05,R,0,DET,CLE,1,0,0,1,1,,31,1,6,8,0,1,0,,1,,5,1,3,1,0,0,0,3,1,0,8,1,1,0,0,0,1,0,0,0,27,36,32,1,1,8,8,0,0,0,0,3,1,5,1,1,0,0,0,0,0,0,0,0,0,,,1,27,46,27,16,3,3,0,0
CLE190909041,evt,1909-09-04,1,CLE05,R,0,DET,CLE,1,0,1,0,1,33,30,0,5,6,1,0,0,0,0,,3,0,3,0,0,0,0,1,2,0,6,1,1,1,0,0,0,0,1,0,24,36,31,4,3,12,16,2,1,0,0,0,0,6,0,0,4,0,1,0,0,0,0,10,3,,,1,24,41,24,14,3,1,0,0
CLE190909041,box,1909-09-04,1,CLE05,R,0,DET,CLE,1,0,1,0,1,,30,0,5,6,1,0,0,,0,,3,0,3,0,0,0,0,1,2,0,6,1,1,1,0,0,0,0,1,0,24,36,31,4,3,12,16,2,1,0,0,0,0,6,0,0,4,0,1,0,0,0,0,0,0,,,1,24,41,24,14,3,1,0,0
CLE190909042,evt,1909-09-04,2,CLE05,R,0,DET,CLE,1,0,1,0,1,34,31,3,7,8,1,0,0,0,2,,3,0,4,1,0,0,0,1,1,0,4,1,1,1,0,0,0,0,1,0,24,37,30,4,4,7,8,1,0,0,0,6,0,6,0,0,1,0,0,1,0,0,0,7,10,,,1,24,31,24,7,0,0,0,0
CLE190909042,box,1909-09-04,2,CLE05,R,0,DET,CLE,1,0,1,0,1,,31,3,7,8,1,0,0,,2,,3,0,4,1,0,0,0,1,1,0,4,1,1,1,0,0,0,0,1,0,24,37,30,4,4,7,8,1,0,0,0,6,0,6,0,0,1,0,0,1,0,0,0,0,0,,,1,24,31,24,7,0,0,0,0
SLA190909050,evt,1909-09-05,0,STL07,R,0,DET,SLA,1,1,0,0,1,37,36,5,7,8,1,0,0,0,4,,1,0,2,0,0,0,0,3,0,0,5,1,1,1,0,0,0,1,0,0,27,35,35,1,0,8,8,0,0,0,0,0,0,7,0,0,0,0,0,1,0,0,0,18,2,,,1,27,14,10,2,2,0,0,0
SLA190909050,box,1909-09-05,0,STL07,R,0,DET,SLA,1,1,0,0,1,,36,5,7,8,1,0,0,,4,,1,0,0,0,0,0,0,3,0,0,5,1,1,1,0,0,0,1,0,0,27,35,35,1,0,8,8,0,0,0,0,0,0,,0,0,0,0,0,1,0,0,0,0,0,,,1,27,41,27,12,2,0,0,0
DET190909061,evt,1909-09-06,1,DET02,R,1,DET,SLA,1,1,0,0,1,39,34,9,13,17,4,0,0,0,9,,3,1,2,0,0,1,1,2,0,0,6,1,1,0,0,0,1,1,0,0,27,43,38,8,5,13,16,3,0,0,0,4,0,3,1,0,1,0,0,0,0,2,1,8,12,,,1,27,42,27,12,3,3,0,0
DET190909061,box,1909-09-06,1,DET02,R,1,DET,SLA,1,1,0,0,1,,34,9,13,17,4,0,0,,9,,3,1,2,0,0,1,1,2,0,0,6,1,1,0,0,0,1,1,0,0,27,43,38,8,5,13,16,3,0,0,0,4,0,3,1,0,1,0,0,0,0,0,0,0,0,,,1,27,42,27,12,3,3,0,0
DET190909062,evt,1909-09-06,2,DET02,R,1,DET,SLA,1,1,0,0,1,36,33,7,12,16,4,0,0,0,7,,1,0,0,2,0,1,1,2,0,0,5,1,1,1,0,0,0,1,0,0,27,38,32,1,1,4,5,1,0,0,0,6,0,7,0,0,0,0,0,0,0,0,0,13,6,,,1,27,13,10,1,2,0,0,0
DET190909062,box,1909-09-06,2,DET02,R,1,DET,SLA,1,1,0,0,1,,33,7,12,16,4,0,0,,7,,1,0,0,2,0,1,1,2,0,0,5,1,1,1,0,0,0,1,0,0,27,38,32,1,1,4,5,1,0,0,0,6,0,,0,0,0,0,0,0,0,0,0,0,0,,,1,27,35,27,6,2,0,0,0
DET190909070,evt,1909-09-07,0,DET02,R,1,DET,CLE,1,1,0,0,1,35,31,6,11,14,3,0,0,0,6,,0,0,1,0,0,3,1,2,0,0,5,1,1,1,0,0,0,1,0,0,27,37,37,4,4,12,19,1,0,2,0,0,0,1,1,0,0,0,0,0,1,0,0,21,3,,,1,27,17,12,5,0,1,0,0
DET190909070,box,1909-09-07,0,DET02,R,1,DET,CLE,1,1,0,0,1,,31,6,11,14,3,0,0,,6,,0,0,,0,0,3,1,2,0,0,5,1,1,1,0,0,0,1,0,0,27,37,37,4,4,12,19,1,0,2,0,0,0,1,1,0,0,0,0,0,1,0,0,0,0,,,1,27,36,27,9,0,1,0,0
DET190909080,evt,1909-09-08,0,DET02,R,1,DET,CLE,1,0,1,0,1,36,31,4,5,8,1,1,0,0,4,,3,1,2,1,1,0,1,1,0,0,5,1,1,0,0,0,1,0,1,0,27,43,33,7,7,11,17,3,0,1,0,7,1,2,1,0,2,1,0,2,0,0,0,16,4,,,1,27,18,10,5,3,1,0,0
DET190909080,box,1909-09-08,0,DET02,R,1,DET,CLE,1,0,1,0,1,,31,4,5,8,1,1,0,,4,,3,1,,1,1,0,1,1,0,0,5,1,1,0,0,0,1,0,1,0,27,43,33,7,7,11,17,3,0,1,0,7,1,2,1,0,2,1,0,2,0,0,0,0,0,,,1,27,45,27,15,3,1,0,0
DET190909101,evt,1909-09-10,1,DET02,R,1,DET,CLE,1,1,0,0,1,32,27,2,7,9,0,1,0,0,2,,1,0,3,0,0,4,0,0,1,0,6,1,1,1,0,0,0,1,0,0,27,36,34,1,1,8,9,1,0,0,0,2,0,5,0,0,0,0,0,0,0,0,0,12,7,,,1,27,43,27,14,2,0,0,0
DET190909101,box,1909-09-10,1,DET02,R,1,DET,CLE,1,1,0,0,1,,27,2,7,9,0,1,0,,2,,1,0,3,0,0,4,0,0,1,0,6,1,1,1,0,0,0,1,0,0,27,36,34,1,1,8,9,1,0,0,0,2,0,5,0,0,0,0,0,0,0,0,0,0,0,,,1,27,43,27,14,2,0,0,0
DET190909102,evt,1909-09-10,2,DET02,R,1,DET,CLE,1,1,0,0,1,39,32,9,11,13,2,0,0,0,7,,5,1,5,0,0,2,0,6,3,0,6,1,1,1,0,0,0,1,0,0,27,31,30,1,1,2,3,1,0,0,0,1,0,5,0,0,0,0,0,0,0,0,0,14,7,,,1,27,20,15,3,2,0,0,0
DET190909102,box,1909-09-10,2,DET02,R,1,DET,CLE,1,1,0,0,1,,32,9,11,13,2,0,0,,7,,5,1,5,0,0,2,0,6,3,0,6,1,1,1,0,0,0,1,0,0,27,31,30,1,1,2,3,1,0,0,0,1,0,5,0,0,0,0,0,0,0,0,0,0,0,,,1,27,40,27,11,2,0,0,0
DET190909110,evt,1909-09-11,0,DET02,R,1,DET,CLE,1,1,0,0,1,40,33,7,13,17,2,1,0,0,6,,4,0,1,0,0,2,1,2,1,0,9,1,1,1,0,0,0,1,0,0,27,33,30,1,0,3,4,1,0,0,0,2,1,7,0,1,0,0,0,0,0,0,0,8,11,,,1,27,36,27,7,2,0,0,0
DET190909110,box,1909-09-11,0,DET02,R,1,DET,CLE,1,1,0,0,1,,33,7,13,17,2,1,0,,6,,4,0,1,0,0,2,1,2,1,0,9,1,1,1,0,0,0,1,0,0,27,33,30,1,0,3,4,1,0,0,0,2,1,7,0,1,0,0,0,0,0,0,0,0,0,,,1,27,36,27,7,2,0,0,0
SLA190909121,evt,1909-09-12,1,STL07,R,0,DET,SLA,1,1,0,0,1,40,34,11,16,20,2,1,0,0,9,,3,0,1,1,0,3,0,4,3,0,2,1,1,1,0,0,0,1,0,0,27,41,37,5,2,9,9,0,0,0,0,3,0,0,0,0,0,1,0,1,0,0,0,21,5,,,1,27,17,9,5,3,0,0,0
SLA190909121,box,1909-09-12,1,STL07,R,0,DET,SLA,1,1,0,0,1,,34,11,16,20,2,1,0,,9,,3,0,0,1,0,3,0,4,3,0,2,1,1,1,0,0,0,1,0,0,27,41,37,5,2,9,9,0,0,0,0,3,0,,0,0,0,1,0,1,0,0,0,0,0,,,1,27,45,27,15,3,0,0,0
SLA190909122,evt,1909-09-12,2,STL07,R,0,DET,SLA,1,0,0,1,1,37,28,4,8,8,0,0,0,0,4,,5,0,1,0,1,2,1,2,1,0,9,1,1,1,0,0,0,0,0,0,24,37,27,4,2,6,7,1,0,0,0,8,0,2,0,0,1,1,0,0,0,0,0,15,4,,,1,24,16,10,4,2,0,0,0
SLA190909122,box,1909-09-12,2,STL07,R,0,DET,SLA,1,0,0,1,1,,28,4,8,8,0,0,0,,4,,5,0,,0,1,2,1,2,1,0,9,1,1,1,0,0,0,0,0,0,24,37,27,4,2,6,7,1,0,0,0,8,0,,0,0,1,1,0,0,0,0,0,0,0,,,1,24,34,24,8,2,0,0,0
DET190909130,evt,1909-09-13,0,DET02,R,1,DET,SLA,1,1,0,0,1,42,34,10,14,23,2,2,1,0,9,,3,0,0,0,3,2,0,3,3,0,8,1,1,0,0,0,1,1,0,1,27,34,32,2,2,5,7,0,1,0,0,2,0,2,0,0,0,0,0,0,0,0,0,19,6,,,1,27,11,8,3,0,0,0,0
DET190909130,box,1909-09-13,0,DET02,R,1,DET,SLA,1,1,0,0,1,,34,10,14,23,2,2,1,,9,,3,0,,0,3,2,0,3,3,0,8,1,1,0,0,0,1,1,0,1,27,34,32,2,2,5,7,0,1,0,0,2,0,,0,0,0,0,0,0,0,0,0,0,0,,,1,27,40,27,13,0,0,0,0
DET190909140,evt,1909-09-14,0,DET02,R,1,DET,SLA,1,0,1,0,1,35,29,2,8,9,1,0,0,0,2,,4,0,0,0,0,2,0,3,1,0,6,1,1,1,0,0,0,0,1,0,27,36,33,3,3,9,13,2,1,0,0,2,0,4,0,0,1,0,0,0,0,0,0,19,1,,,1,27,12,9,3,0,0,0,1
DET190909140,box,1909-09-14,0,DET02,R,1,DET,SLA,1,0,1,0,1,,29,2,8,9,1,0,0,,2,,4,0,,0,0,2,0,3,1,0,6,1,1,1,0,0,0,0,1,0,27,36,33,3,3,9,13,2,1,0,0,2,0,,0,0,1,0,0,0,0,0,0,0,0,,,1,27,44,27,17,0,0,0,1
PHA190909160,evt,1909-09-16,0,PHI11,R,0,DET,PHA,1,0,1,0,1,36,30,1,6,8,2,0,0,0,1,,4,1,5,1,1,1,0,1,1,0,8,1,1,1,0,0,0,0,1,0,24,31,28,2,2,6,7,1,0,0,0,2,0,5,0,0,1,0,0,0,0,0,0,11,5,,,1,24,38,24,12,2,0,0,0
PHA190909160,box,1909-09-16,0,PHI11,R,0,DET,PHA,1,0,1,0,1,,30,1,6,8,2,0,0,,1,,4,1,5,1,1,1,0,1,1,0,8,1,1,1,0,0,0,0,1,0,24,31,28,2,2,6,7,1,0,0,0,2,0,5,0,0,1,0,0,0,0,0,0,0,0,,,1,24,38,24,12,2,0,0,0
PHA190909170,evt,1909-09-17,0,PHI11,R,0,DET,PHA,1,1,0,0,1,40,28,5,8,8,0,0,0,0,5,,4,0,8,0,1,4,3,7,0,0,8,1,1,1,0,0,0,1,0,0,27,37,30,3,3,7,8,1,0,0,0,4,0,3,1,0,2,1,0,0,0,0,0,8,12,,,1,27,39,27,11,1,1,0,0
PHA190909170,box,1909-09-17,0,PHI11,R,0,DET,PHA,1,1,0,0,1,,28,5,8,8,0,0,0,,5,,4,0,8,0,1,4,3,7,0,0,8,1,1,1,0,0,0,1,0,0,27,37,30,3,3,7,8,1,0,0,0,4,0,3,1,0,2,1,0,0,0,0,0,0,0,,,1,27,39,27,11,1,1,0,0
PHA190909180,evt,1909-09-18,0,PHI11,R,0,DET,PHA,1,0,1,0,1,30,28,0,3,3,0,0,0,0,0,,1,0,9,0,0,1,0,0,2,0,3,1,1,1,0,0,0,0,1,0,24,30,26,2,1,5,6,1,0,0,0,2,0,5,0,0,2,0,0,0,0,0,0,6,9,,,1,24,36,24,10,2,0,0,0
PHA190909180,box,1909-09-18,0,PHI11,R,0,DET,PHA,1,0,1,0,1,,28,0,3,3,0,0,0,,0,,1,0,9,0,0,1,0,0,2,0,3,1,1,1,0,0,0,0,1,0,24,30,26,2,1,5,6,1,0,0,0,2,0,5,0,0,2,0,0,0,0,0,0,0,0,,,1,24,36,24,10,2,0,0,0
PHA190909200,evt,1909-09-20,0,PHI11,R,0,DET,PHA,1,0,1,0,1,33,29,3,6,6,0,0,0,0,3,,3,0,3,1,0,0,1,1,3,0,3,1,1,1,0,0,0,0,1,0,24,30,29,4,4,8,9,1,0,0,0,1,0,1,2,0,0,0,0,0,0,0,0,15,5,,,1,24,42,24,18,0,2,0,0
PHA190909200,box,1909-09-20,0,PHI11,R,0,DET,PHA,1,0,1,0,1,,29,3,6,6,0,0,0,,3,,3,0,3,1,0,0,1,1,3,0,3,1,1,1,0,0,0,0,1,0,24,30,29,4,4,8,9,1,0,0,0,1,0,1,2,0,0,0,0,0,0,0,0,0,0,,,1,24,42,24,18,0,2,0,0
WS1190909211,evt,1909-09-21,1,WAS08,R,0,DET,WS1,1,1,0,0,1,34,31,3,6,8,0,1,0,0,3,,2,1,6,1,0,1,0,0,0,0,4,1,1,1,0,0,0,1,0,0,27,35,28,1,0,2,2,0,0,0,0,5,0,2,0,0,2,0,0,0,0,0,0,17,5,,,1,27,48,27,19,2,0,0,0
WS1190909211,box,1909-09-21,1,WAS08,R,0,DET,WS1,1,1,0,0,1,,31,3,6,8,0,1,0,,3,,2,1,6,1,0,1,0,0,0,0,4,1,1,1,0,0,0,1,0,0,27,35,28,1,0,2,2,0,0,0,0,5,0,2,0,0,2,0,0,0,0,0,0,0,0,,,1,27,48,27,19,2,0,0,0
WS1190909212,evt,1909-09-21,2,WAS08,R,0,DET,WS1,1,0,1,0,1,35,33,0,6,7,1,0,0,0,0,,2,0,5,0,0,0,0,0,0,0,8,1,1,1,0,0,0,0,1,0,24,31,28,2,1,6,6,0,0,0,0,1,0,2,0,1,1,0,0,0,0,0,0,6,13,,,1,24,33,24,8,1,0,0,0
WS1190909212,box,1909-09-21,2,WAS08,R,0,DET,WS1,1,0,1,0,1,,33,0,6,7,1,0,0,,0,,2,0,5,0,0,0,0,0,0,0,8,1,1,1,0,0,0,0,1,0,24,31,28,2,1,6,6,0,0,0,0,1,0,2,0,1,1,0,0,0,0,0,0,0,0,,,1,24,33,24,8,1,0,0,0
WS1190909220,evt,1909-09-22,0,WAS08,R,0,DET,WS1,1,1,0,0,1,43,41,8,16,23,3,2,0,0,8,,0,0,5,1,0,2,0,3,0,0,8,1,1,1,0,0,0,1,0,0,27,31,28,3,0,3,5,0,1,0,0,1,0,3,0,0,2,0,0,0,0,0,0,12,9,,,1,27,48,27,18,3,0,0,0
WS1190909220,box,1909-09-22,0,WAS08,R,0,DET,WS1,1,1,0,0,1,,41,8,16,23,3,2,0,,8,,0,0,5,1,0,2,0,3,0,0,8,1,1,1,0,0,0,1,0,0,27,31,28,3,0,3,5,0,1,0,0,1,0,3,0,0,2,0,0,0,0,0,0,0,0,,,1,27,48,27,18,3,0,0,0
WS1190909230,evt,1909-09-23,0,WAS08,R,0,DET,WS1,1,1,0,0,1,44,36,8,10,13,3,0,0,0,7,,7,0,4,0,0,1,0,4,0,0,9,1,1,1,0,0,0,1,0,0,27,35,33,1,1,10,11,1,0,0,0,2,0,3,1,0,0,0,0,0,0,0,0,9,11,,,1,27,39,27,12,0,1,0,0
WS1190909230,box,1909-09-23,0,WAS08,R,0,DET,WS1,1,1,0,0,1,,36,8,10,13,3,0,0,,7,,7,0,4,0,0,1,0,4,0,0,9,1,1,1,0,0,0,1,0,0,27,35,33,1,1,10,11,1,0,0,0,2,0,3,1,0,0,0,0,0,0,0,0,0,0,,,1,27,39,27,12,0,1,0,0
NYA190909251,evt,1909-09-25,1,NYC13,R,0,DET,NYA,1,1,0,0,1,35,31,2,8,13,1,2,0,0,2,,2,0,6,0,0,2,0,1,2,0,6,1,1,1,0,0,0,1,0,0,27,33,30,1,1,5,5,0,0,0,0,2,0,4,1,1,0,0,0,0,0,0,0,11,9,,,1,27,41,27,13,1,1,0,0
NYA190909251,box,1909-09-25,1,NYC13,R,0,DET,NYA,1,1,0,0,1,,31,2,8,13,1,2,0,,2,,2,0,6,0,0,2,0,1,2,0,6,1,1,1,0,0,0,1,0,0,27,33,30,1,1,5,5,0,0,0,0,2,0,4,1,1,0,0,0,0,0,0,0,0,0,,,1,27,41,27,13,1,1,0,0
NYA190909252,evt,1909-09-25,2,NYC13,R,0,DET,NYA,1,1,0,0,1,35,31,10,10,16,2,2,0,0,7,,3,0,2,0,0,1,0,1,1,0,4,1,1,0,0,0,1,1,0,1,21,32,29,4,4,10,13,0,0,1,0,2,0,0,0,1,0,0,0,0,0,0,0,11,8,,,1,21,33,21,11,1,0,0,0
NYA190909252,box,1909-09-25,2,NYC13,R,0,DET,NYA,1,1,0,0,1,,31,10,10,16,2,2,0,,7,,3,0,2,0,0,1,0,1,1,0,4,1,1,0,0,0,1,1,0,1,21,32,29,4,4,10,13,0,0,1,0,2,0,0,0,1,0,0,0,0,0,0,0,0,0,,,1,21,33,21,11,1,0,0,0
NYA190909270,evt,1909-09-27,0,NYC13,R,0,DET,NYA,1,0,1,0,1,34,29,1,5,5,0,0,0,0,1,,3,0,1,0,1,0,1,0,3,0,6,1,1,1,0,0,0,0,1,0,24,31,29,4,4,4,4,0,0,0,0,1,0,3,0,1,0,0,0,1,0,0,0,10,11,,,1,24,37,24,11,2,0,0,0
NYA190909270,box,1909-09-27,0,NYC13,R,0,DET,NYA,1,0,1,0,1,,29,1,5,5,0,0,0,,1,,3,0,1,0,1,0,1,0,3,0,6,1,1,1,0,0,0,0,1,0,24,31,29,4,4,4,4,0,0,0,0,1,0,3,0,1,0,0,0,1,0,0,0,0,0,,,1,24,37,24,11,2,0,0,0
NYA190909280,evt,1909-09-28,0,NYC13,R,0,DET,NYA,1,1,0,0,1,39,31,5,4,4,0,0,0,0,4,,5,0,4,0,0,2,1,1,0,0,7,1,1,1,1,0,0,1,0,0,27,37,33,0,0,5,6,1,0,0,0,4,0,2,0,0,0,0,0,0,0,0,0,12,13,,,1,27,37,27,9,1,0,0,0
NYA190909280,box,1909-09-28,0,NYC13,R,0,DET,NYA,1,1,0,0,1,,31,5,4,4,0,0,0,,4,,5,0,4,0,0,2,1,1,0,0,7,1,1,1,1,0,0,1,0,0,27,37,33,0,0,5,6,1,0,0,0,4,0,2,0,0,0,0,0,0,0,0,0,0,0,,,1,27,37,27,9,1,0,0,0
BOS190909291,evt,1909-09-29,1,BOS06,R,0,DET,BOS,1,1,0,0,1,39,29,5,7,10,0,0,1,0,5,,7,1,7,0,2,1,0,1,3,0,7,1,1,0,1,1,1,1,0,1,27,31,29,0,0,2,2,0,0,0,0,0,0,3,0,2,0,0,0,0,0,0,0,11,12,,,1,27,40,27,12,1,0,0,0
BOS190909291,box,1909-09-29,1,BOS06,R,0,DET,BOS,1,1,0,0,1,,29,5,7,10,0,0,1,,5,,7,1,7,0,2,1,0,1,3,0,7,1,1,0,1,1,1,1,0,1,27,31,29,0,0,2,2,0,0,0,0,0,0,3,0,2,0,0,0,0,0,0,0,0,0,,,1,27,40,27,12,1,0,0,0
BOS190909292,evt,1909-09-29,2,BOS06,R,0,DET,BOS,1,1,0,0,1,42,32,8,11,15,0,2,0,0,7,,7,0,5,2,0,3,0,6,1,0,7,1,1,1,0,0,0,1,0,0,27,38,34,3,3,11,11,0,0,0,0,3,0,5,1,0,0,1,0,0,0,0,0,9,8,,,1,27,43,27,14,2,2,0,0
BOS190909292,box,1909-09-29,2,BOS06,R,0,DET,BOS,1,1,0,0,1,,32,8,11,15,0,2,0,,7,,7,0,5,2,0,3,0,6,1,0,7,1,1,1,0,0,0,1,0,0,27,38,34,3,3,11,11,0,0,0,0,3,0,5,1,0,0,1,0,0,0,0,0,0,0,,,1,27,43,27,14,2,2,0,0
BOS190909300,evt,1909-09-30,0,BOS06,R,0,DET,BOS,1,0,1,0,1,43,35,7,11,12,1,0,0,0,4,,7,1,4,0,0,1,0,6,1,0,9,1,1,0,0,0,1,0,1,0,24,35,31,9,9,13,15,0,1,0,0,3,0,2,0,0,1,0,0,0,0,2,0,12,1,,,1,24,47,24,20,3,1,0,0
BOS190909300,box,1909-09-30,0,BOS06,R,0,DET,BOS,1,0,1,0,1,,35,7,11,12,1,0,0,,4,,7,1,4,0,0,1,0,6,1,0,9,1,1,0,0,0,1,0,1,0,24,35,31,9,9,13,15,0,1,0,0,3,0,2,0,0,1,0,0,0,0,0,0,0,0,,,1,24,47,24,20,3,1,0,0
BOS190910010,evt,1909-10-01,0,BOS06,R,0,DET,BOS,1,0,1,0,1,36,35,6,15,16,1,0,0,0,6,,0,0,0,0,0,0,1,1,6,0,3,1,1,1,0,0,0,0,1,0,24,40,39,9,8,18,25,1,0,2,0,1,0,1,3,0,0,0,0,2,0,0,0,10,8,,,1,24,40,24,15,1,4,0,0
BOS190910010,box,1909-10-01,0,BOS06,R,0,DET,BOS,1,0,1,0,1,,35,6,15,16,1,0,0,,6,,0,0,0,0,0,0,1,1,6,0,3,1,1,1,0,0,0,0,1,0,24,40,39,9,8,18,25,1,0,2,0,1,0,1,3,0,0,0,0,2,0,0,0,0,0,,,1,24,40,24,15,1,4,0,0
DET190910020,evt,1909-10-02,0,DET02,R,1,DET,CHA,1,0,0,1,1,41,38,6,12,16,4,0,0,0,4,,2,0,6,0,1,0,0,0,2,0,5,1,1,0,0,0,1,0,0,0,30,47,36,6,6,12,15,3,0,0,0,5,1,3,0,2,3,1,0,1,0,0,0,6,13,,,1,30,47,30,14,3,1,0,0
DET190910020,box,1909-10-02,0,DET02,R,1,DET,CHA,1,0,0,1,1,,38,6,12,16,4,0,0,,4,,2,0,6,0,1,0,0,0,2,0,5,1,1,0,0,0,1,0,0,0,30,47,36,6,6,12,15,3,0,0,0,5,1,3,0,2,3,1,0,1,0,0,0,0,0,,,1,30,47,30,14,3,1,0,0
CHA190910030,evt,1909-10-03,0,CHI09,R,0,DET,CHA,1,1,0,0,1,33,30,3,8,10,2,0,0,0,3,,2,0,8,0,0,1,0,1,4,0,3,1,1,0,0,0,1,1,0,0,27,37,35,1,1,8,9,1,0,0,0,1,0,5,0,0,1,0,0,0,0,0,0,15,4,,,1,27,24,14,6,4,0,0,0
CHA190910030,box,1909-10-03,0,CHI09,R,0,DET,CHA,1,1,0,0,1,,30,3,8,10,2,0,0,,3,,2,0,8,0,0,1,0,1,4,0,3,1,1,0,0,0,1,1,0,0,27,37,35,1,1,8,9,1,0,0,0,1,0,5,0,0,1,0,0,0,0,0,0,0,0,,,1,27,45,27,14,4,0,0,0
PIT190910080,evt,1909-10-08,0,PIT06,W,0,DET,PIT,1,0,1,0,1,36,31,1,6,6,0,0,0,0,1,,4,0,2,0,0,1,0,1,0,0,8,1,1,1,0,0,0,0,1,0,24,33,29,4,2,5,10,2,0,1,0,1,0,4,0,2,0,1,0,0,0,0,0,9,10,,,1,24,38,24,10,4,0,0,1
PIT190910090,evt,1909-10-09,0,PIT06,W,0,DET,PIT,1,1,0,0,1,38,32,7,9,11,2,0,0,0,6,,5,0,4,0,0,1,0,1,2,0,4,1,1,1,0,0,0,1,0,0,27,34,31,2,2,5,8,3,0,0,0,2,0,7,0,0,1,0,0,0,0,0,0,7,10,,,1,27,39,27,10,2,1,0,0
DET190910110,evt,1909-10-11,0,DET02,W,1,DET,PIT,1,0,1,0,1,41,39,6,11,14,3,0,0,0,6,,2,0,4,0,0,0,0,0,1,0,8,1,1,0,0,0,1,0,1,0,27,41,37,8,5,10,12,2,0,0,0,1,0,2,0,2,0,1,0,1,0,1,0,9,14,,,1,27,49,27,17,5,0,0,0
DET190910120,evt,1909-10-12,0,DET02,W,1,DET,PIT,1,1,0,0,1,38,32,5,8,10,2,0,0,0,5,,2,0,1,1,2,2,0,0,1,0,9,1,1,1,1,0,0,1,0,0,27,34,32,0,0,5,6,1,0,0,0,2,0,10,0,0,0,0,0,0,0,0,0,12,5,,,1,27,40,27,13,0,0,0,0
PIT190910130,evt,1909-10-13,0,PIT06,W,0,DET,PIT,1,0,1,0,1,36,35,4,6,14,2,0,2,0,3,,1,0,8,0,0,0,0,2,0,0,5,1,1,0,0,0,1,0,1,0,24,37,31,8,7,10,14,1,0,1,0,3,1,5,0,1,2,0,0,1,0,1,0,9,6,,,1,24,36,24,11,1,0,0,0
DET190910140,evt,1909-10-14,0,DET02,W,1,DET,PIT,1,1,0,0,1,38,32,5,10,15,5,0,0,0,5,,5,0,2,0,1,0,0,2,0,0,9,1,1,1,0,0,0,1,0,0,27,36,33,4,3,8,9,1,0,0,0,1,0,5,0,0,2,0,0,0,0,0,0,11,7,,,1,27,46,27,17,2,2,0,0
DET190910160,evt,1909-10-16,0,DET02,W,1,DET,PIT,1,0,1,0,1,34,31,0,6,9,3,0,0,0,0,,1,0,1,0,1,1,0,0,1,0,7,1,1,0,0,0,1,0,1,0,27,46,30,8,6,7,12,3,1,0,0,10,1,1,0,1,4,1,0,0,0,0,0,8,12,,,1,27,44,27,14,3,1,0,0
NY1190904150,evt,1909-04-15,0,NYC10,R,1,NY1,BRO,1,0,1,0,1,47,40,0,4,4,0,0,0,0,0,,7,0,4,0,0,0,0,1,2,0,8,1,1,1,0,0,0,0,1,0,39,47,45,3,2,7,12,3,1,0,0,2,1,10,1,0,0,0,0,1,0,0,0,23,4,,,1,39,66,39,25,2,1,0,0
NY1190904150,box,1909-04-15,0,NYC10,R,1,NY1,BRO,1,0,1,0,1,,40,0,4,4,0,0,0,,0,,7,0,4,0,0,0,0,1,2,0,8,1,1,1,0,0,0,0,1,0,39,47,45,3,2,7,12,3,1,0,0,2,1,10,1,0,0,0,0,1,0,0,0,0,0,,,1,39,66,39,25,2,1,0,0
NY1190904160,evt,1909-04-16,0,NYC10,R,1,NY1,BRO,1,1,0,0,1,33,29,3,7,7,0,0,0,0,3,,3,1,5,0,0,1,0,3,1,0,6,1,1,0,1,1,1,1,0,1,27,34,30,0,0,5,6,1,0,0,0,3,0,4,1,0,1,0,0,0,0,0,0,11,9,,,1,27,41,27,13,1,1,0,0
NY1190904160,box,1909-04-16,0,NYC10,R,1,NY1,BRO,1,1,0,0,1,,29,3,7,7,0,0,0,,3,,3,1,5,0,0,1,0,3,1,0,6,1,1,0,1,1,1,1,0,1,27,34,30,0,0,5,6,1,0,0,0,3,0,4,1,0,1,0,0,0,0,0,0,0,0,,,1,27,41,27,13,1,1,0,0
NY1190904170,evt,1909-04-17,0,NYC10,R,1,NY1,PHI,1,1,0,0,1,35,32,4,10,13,1,1,0,0,3,,1,0,2,0,1,0,1,3,1,0,7,1,1,1,0,0,0,1,0,0,27,30,29,1,0,3,3,0,0,0,0,1,0,8,1,0,0,0,0,1,0,0,0,8,8,,,1,27,39,27,11,1,1,0,1
NY1190904170,box,1909-04-17,0,NYC10,R,1,NY1,PHI,1,1,0,0,1,,32,4,10,13,1,1,0,,3,,1,0,2,0,1,0,1,3,1,0,7,1,1,1,0,0,0,1,0,0,27,30,29,1,0,3,3,0,0,0,0,1,0,8,1,0,0,0,0,1,0,0,0,0,0,,,1,27,39,27,11,1,1,0,1
NY1190904190,evt,1909-04-19,0,NYC10,R,1,NY1,PHI,1,0,1,0,1,34,31,2,4,7,1,1,0,0,1,,2,0,2,0,0,0,1,1,1,0,5,1,1,0,0,0,1,0,1,0,27,32,29,3,2,4,6,2,0,0,0,1,0,4,0,1,1,0,0,0,0,0,0,9,10,,,1,27,44,27,15,2,0,0,0
NY1190904190,box,1909-04-19,0,NYC10,R,1,NY1,PHI,1,0,1,0,1,,31,2,4,7,1,1,0,,1,,2,0,2,0,0,0,1,1,1,0,5,1,1,0,0,0,1,0,1,0,27,32,29,3,2,4,6,2,0,0,0,1,0,4,0,1,1,0,0,0,0,0,0,0,0,,,1,27,44,27,15,2,0,0,0
BRO190904220,evt,1909-04-22,0,NYC12,R,0,NY1,BRO,1,1,0,0,1,43,39,8,11,15,1,0,1,0,7,,3,0,2,0,0,1,0,0,1,0,8,1,1,0,0,0,1,1,0,1,27,39,33,5,1,8,9,1,0,0,0,2,0,4,1,0,4,0,0,0,0,0,0,10,7,,,1,27,44,27,14,3,1,0,0
BRO190904220,box,1909-04-22,0,NYC12,R,0,NY1,BRO,1,1,0,0,1,,39,8,11,15,1,0,1,,7,,3,0,2,0,0,1,0,0,1,0,8,1,1,0,0,0,1,1,0,1,27,39,33,5,1,8,9,1,0,0,0,2,0,4,1,0,4,0,0,0,0,0,0,0,0,,,1,27,44,27,14,3,1,0,0
BRO190904240,evt,1909-04-24,0,NYC12,R,0,NY1,BRO,1,0,1,0,1,37,31,0,7,7,0,0,0,0,0,,5,0,6,0,0,1,0,3,1,0,10,1,1,0,0,0,1,0,1,0,24,31,24,2,1,5,8,3,0,0,0,4,0,2,1,0,3,0,0,1,0,0,0,12,4,,,1,24,44,24,19,1,1,0,0
BRO190904240,box,1909-04-24,0,NYC12,R,0,NY1,BRO,1,0,1,0,1,,31,0,7,7,0,0,0,,0,,5,0,6,0,0,1,0,3,1,0,10,1,1,0,0,0,1,0,1,0,24,31,24,2,1,5,8,3,0,0,0,4,0,2,1,0,3,0,0,1,0,0,0,0,0,,,1,24,44,24,19,1,1,0,0
NY1190904260,evt,1909-04-26,0,NYC10,R,1,NY1,BSN,1,0,1,0,1,39,33,2,8,11,1,1,0,0,2,,5,0,4,0,0,1,0,0,1,0,10,1,1,0,0,0,1,0,1,0,27,35,31,3,3,8,11,1,1,0,0,1,0,3,0,0,2,1,0,1,0,0,0,7,13,,,1,27,39,27,11,1,0,0,0
NY1190904260,box,1909-04-26,0,NYC10,R,1,NY1,BSN,1,0,1,0,1,,33,2,8,11,1,1,0,,2,,5,0,4,0,0,1,0,0,1,0,10,1,1,0,0,0,1,0,1,0,27,35,31,3,3,8,11,1,1,0,0,1,0,3,0,0,2,1,0,1,0,0,0,0,0,,,1,27,39,27,11,1,0,0,0
NY1190904270,evt,1909-04-27,0,NYC10,R,1,NY1,BSN,1,0,1,0,1,30,27,0,2,2,0,0,0,0,0,,3,0,1,1,0,0,0,0,0,0,3,1,1,0,0,0,1,0,1,0,27,47,41,10,5,16,19,3,0,0,0,4,0,4,1,0,2,0,0,0,0,0,0,10,7,,,1,27,50,27,17,6,1,0,0
NY1190904270,box,1909-04-27,0,NYC10,R,1,NY1,BSN,1,0,1,0,1,,27,0,2,2,0,0,0,,0,,3,0,1,1,0,0,0,0,0,0,3,1,1,0,0,0,1,0,1,0,27,47,41,10,5,16,19,3,0,0,0,4,0,4,1,0,2,0,0,0,0,0,0,0,0,,,1,27,50,27,17,6,1,0,0
NY1190904280,evt,1909-04-28,0,NYC10,R,1,NY1,BSN,1,1,0,0,1,36,33,5,9,11,2,0,0,0,5,,2,0,1,0,0,1,0,2,0,0,7,1,1,1,0,0,0,1,0,0,27,36,33,3,3,8,9,1,0,0,0,3,0,6,0,0,0,0,0,0,0,0,0,13,6,,,1,27,41,27,14,0,0,0,0
NY1190904280,box,1909-04-28,0,NYC10,R,1,NY1,BSN,1,1,0,0,1,,33,5,9,11,2,0,0,,5,,2,0,1,0,0,1,0,2,0,0,7,1,1,1,0,0,0,1,0,0,27,36,33,3,3,8,9,1,0,0,0,3,0,6,0,0,0,0,0,0,0,0,0,0,0,,,1,27,41,27,14,0,0,0,0
PHI190904300,evt,1909-04-30,0,PHI09,R,0,NY1,PHI,1,0,1,0,1,33,30,1,4,7,0,0,1,0,1,,3,0,6,0,0,0,0,1,1,0,5,1,1,0,0,0,1,0,1,0,26,33,31,2,1,5,8,3,0,0,0,1,1,8,0,0,1,0,0,1,0,2,1,6,10,,,1,26,35,26,8,1,0,0,0
PHI190904300,box,1909-04-30,0,PHI09,R,0,NY1,PHI,1,0,1,0,1,,30,1,4,7,0,0,1,,1,,3,0,6,0,0,0,0,1,1,0,5,1,1,0,0,0,1,0,1,0,26,33,31,2,1,5,8,3,0,0,0,1,1,8,0,0,1,0,0,1,0,0,0,0,0,,,1,26,35,26,8,1,0,0,0
PHI190905030,evt,1909-05-03,0,PHI09,R,0,NY1,PHI,1,0,1,0,1,32,28,1,3,4,1,0,0,0,1,,0,0,5,0,1,3,0,0,0,0,4,1,1,0,0,0,1,0,1,0,24,35,28,5,3,7,7,0,0,0,0,4,0,3,1,0,2,1,0,2,0,0,0,13,5,,,1,24,42,24,15,3,1,0,0
PHI190905030,box,1909-05-03,0,PHI09,R,0,NY1,PHI,1,0,1,0,1,,28,1,3,4,1,0,0,,1,,0,0,5,0,1,3,0,0,0,0,4,1,1,0,0,0,1,0,1,0,24,35,28,5,3,7,7,0,0,0,0,4,0,3,1,0,2,1,0,2,0,0,0,0,0,,,1,24,42,24,15,3,1,0,0
PHI190905040,evt,1909-05-04,0,PHI09,R,0,NY1,PHI,1,0,1,0,1,37,32,2,7,7,0,0,0,0,2,,4,0,2,0,0,1,0,1,0,0,8,1,1,0,0,0,1,0,1,0,24,40,33,5,5,11,12,1,0,0,0,7,0,7,0,0,0,0,0,0,0,0,0,6,7,,,1,24,35,24,8,3,0,0,0
PHI190905040,box,1909-05-04,0,PHI09,R,0,NY1,PHI,1,0,1,0,1,,32,2,7,7,0,0,0,,2,,4,0,2,0,0,1,0,1,0,0,8,1,1,0,0,0,1,0,1,0,24,40,33,5,5,11,12,1,0,0,0,7,0,7,0,0,0,0,0,0,0,0,0,0,0,,,1,24,35,24,8,3,0,0,0
BSN190905061,evt,1909-05-06,1,BOS05,R,0,NY1,BSN,1,1,0,0,1,36,32,2,6,8,2,0,0,0,2,,3,0,5,0,0,0,1,0,0,0,7,1,1,1,0,0,0,1,0,0,27,34,31,1,1,4,6,2,0,0,0,1,0,5,0,0,2,0,0,0,0,0,0,6,11,,,1,27,45,27,13,5,0,0,0
BSN190905061,box,1909-05-06,1,BOS05,R,0,NY1,BSN,1,1,0,0,1,,32,2,6,8,2,0,0,,2,,3,0,5,0,0,0,1,0,0,0,7,1,1,1,0,0,0,1,0,0,27,34,31,1,1,4,6,2,0,0,0,1,0,5,0,0,2,0,0,0,0,0,0,0,0,,,1,27,45,27,13,5,0,0,0
BSN190905062,evt,1909-05-06,2,BOS05,R,0,NY1,BSN,1,1,0,0,1,51,43,1,12,14,2,0,0,0,1,,6,0,4,1,0,2,0,0,2,0,14,1,1,1,1,0,0,1,0,0,36,44,42,0,0,7,8,1,0,0,0,2,0,5,0,0,0,0,0,0,0,0,0,17,11,,,1,36,60,36,21,3,2,0,0
BSN190905062,box,1909-05-06,2,BOS05,R,0,NY1,BSN,1,1,0,0,1,,43,1,12,14,2,0,0,,1,,6,0,4,1,0,2,0,0,2,0,14,1,1,1,1,0,0,1,0,0,36,44,42,0,0,7,8,1,0,0,0,2,0,5,0,0,0,0,0,0,0,0,0,0,0,,,1,36,59,36,20,3,2,0,0
BSN190905070,evt,1909-05-07,0,BOS05,R,0,NY1,BSN,1,0,1,0,1,39,31,1,4,4,0,0,0,0,1,,7,0,4,0,1,0,0,1,2,0,11,1,1,1,0,0,0,0,1,0,24,28,25,2,2,4,5,1,0,0,0,2,0,6,0,0,1,0,0,0,0,0,0,7,8,,,1,24,35,24,10,1,1,0,0
BSN190905070,box,1909-05-07,0,BOS05,R,0,NY1,BSN,1,0,1,0,1,,31,1,4,4,0,0,0,,1,,7,0,4,0,1,0,0,1,2,0,11,1,1,1,0,0,0,0,1,0,24,28,25,2,2,4,5,1,0,0,0,2,0,6,0,0,1,0,0,0,0,0,0,0,0,,,1,24,35,24,10,1,1,0,0
BSN190905080,evt,1909-05-08,0,BOS05,R,0,NY1,BSN,1,0,1,0,1,34,31,1,2,2,0,0,0,0,0,,3,0,2,0,0,0,0,1,0,0,6,1,1,1,0,0,0,0,1,0,24,34,28,2,1,5,5,0,0,0,0,4,1,3,0,1,1,0,0,1,0,0,0,10,6,,,1,24,45,24,18,3,1,0,0
BSN190905080,box,1909-05-08,0,BOS05,R,0,NY1,BSN,1,0,1,0,1,,31,1,2,2,0,0,0,,0,,3,0,2,0,0,0,0,1,0,0,6,1,1,1,0,0,0,0,1,0,24,34,28,2,1,5,5,0,0,0,0,4,1,3,0,1,1,0,0,1,0,0,0,0,0,,,1,24,45,24,18,3,1,0,0
BSN190905100,evt,1909-05-10,0,BOS05,R,0,NY1,BSN,1,1,0,0,1,39,34,2,7,8,1,0,0,0,2,,5,0,3,0,0,0,0,1,1,0,10,1,1,1,0,0,0,1,0,0,27,36,33,1,1,8,10,2,0,0,0,2,0,5,0,0,1,0,0,0,0,0,0,8,10,,,1,27,39,27,12,0,0,0,0
BSN190905100,box,1909-05-10,0,BOS05,R,0,NY1,BSN,1,1,0,0,1,,34,2,7,8,1,0,0,,2,,5,0,3,0,0,0,0,1,1,0,10,1,1,1,0,0,0,1,0,0,27,36,33,1,1,8,10,2,0,0,0,2,0,5,0,0,1,0,0,0,0,0,0,0,0,,,1,27,39,27,12,0,0,0,0
NY1190905110,evt,1909-05-11,0,NYC10,R,1,NY1,CHN,1,0,1,0,1,35,30,3,6,7,1,0,0,0,2,,2,0,0,0,1,2,0,1,2,0,5,1,1,1,0,0,0,0,1,0,27,36,31,4,3,10,11,1,0,0,0,2,0,2,1,0,3,0,0,0,0,0,0,8,10,,,1,27,45,27,16,2,2,0,0
NY1190905110,box,1909-05-11,0,NYC10,R,1,NY1,CHN,1,0,1,0,1,,30,3,6,7,1,0,0,,2,,2,0,0,0,1,2,0,1,2,0,5,1,1,1,0,0,0,0,1,0,27,36,31,4,3,10,11,1,0,0,0,2,0,2,1,0,3,0,0,0,0,0,0,0,0,,,1,27,45,27,16,2,2,0,0
NY1190905120,evt,1909-05-12,0,NYC10,R,1,NY1,CHN,1,1,0,0,1,35,32,3,9,12,1,1,0,0,3,,1,0,4,0,0,2,0,2,1,0,6,1,1,1,0,0,0,1,0,0,27,36,31,2,2,7,8,1,0,0,0,3,0,7,0,0,2,0,0,1,0,0,0,6,9,,,1,27,39,27,11,1,0,0,0
NY1190905120,box,1909-05-12,0,NYC10,R,1,NY1,CHN,1,1,0,0,1,,32,3,9,12,1,1,0,,3,,1,0,4,0,0,2,0,2,1,0,6,1,1,1,0,0,0,1,0,0,27,36,31,2,2,7,8,1,0,0,0,3,0,7,0,0,2,0,0,1,0,0,0,0,0,,,1,27,39,27,11,1,0,0,0
NY1190905130,evt,1909-05-13,0,NYC10,R,1,NY1,CHN,1,1,0,0,1,31,27,4,6,13,2,1,1,0,4,,4,0,2,1,0,0,0,0,0,0,3,1,1,1,0,0,0,1,0,0,27,30,29,1,1,4,5,1,0,0,0,1,0,3,2,0,0,0,0,0,0,0,0,15,7,,,1,27,41,27,14,0,2,0,0
NY1190905130,box,1909-05-13,0,NYC10,R,1,NY1,CHN,1,1,0,0,1,,27,4,6,13,2,1,1,,4,,4,0,2,1,0,0,0,0,0,0,3,1,1,1,0,0,0,1,0,0,27,30,29,1,1,4,5,1,0,0,0,1,0,3,2,0,0,0,0,0,0,0,0,0,0,,,1,27,41,27,14,0,2,0,0
NY1190905140,evt,1909-05-14,0,NYC10,R,1,NY1,CHN,1,0,1,0,1,32,30,0,4,4,0,0,0,0,0,,1,0,3,1,1,0,0,1,0,0,5,1,1,0,0,0,1,0,1,0,27,36,34,6,2,7,14,1,0,2,0,1,0,6,0,0,0,1,0,1,0,0,0,11,9,,,1,27,40,27,10,3,0,0,0
NY1190905140,box,1909-05-14,0,NYC10,R,1,NY1,CHN,1,0,1,0,1,,30,0,4,4,0,0,0,,0,,1,0,3,1,1,0,0,1,0,0,5,1,1,0,0,0,1,0,1,0,27,36,34,6,2,7,14,1,0,2,0,1,0,6,0,0,0,1,0,1,0,0,0,0,0,,,1,27,40,27,10,3,0,0,0
NY1190905150,evt,1909-05-15,0,NYC10,R,1,NY1,CIN,1,0,1,0,1,35,29,4,7,9,0,1,0,0,4,,4,0,3,0,0,2,0,0,3,0,4,1,1,0,0,0,1,0,1,0,27,39,33,5,3,11,11,0,0,0,0,4,0,2,1,0,2,0,0,0,0,0,0,16,2,,,1,27,55,27,25,3,2,0,0
NY1190905150,box,1909-05-15,0,NYC10,R,1,NY1,CIN,1,0,1,0,1,,29,4,7,9,0,1,0,,4,,4,0,3,0,0,2,0,0,3,0,4,1,1,0,0,0,1,0,1,0,27,39,33,5,3,11,11,0,0,0,0,4,0,2,1,0,2,0,0,0,0,0,0,0,0,,,1,27,55,27,25,3,2,0,0
NY1190905170,evt,1909-05-17,0,NYC10,R,1,NY1,CIN,1,1,0,0,1,34,29,6,9,14,3,1,0,0,6,,3,0,4,0,0,2,0,0,1,0,4,1,1,1,1,0,0,1,0,0,27,32,32,0,0,6,8,0,1,0,0,0,0,5,0,0,0,0,0,0,0,0,0,13,7,,,1,27,41,27,13,1,1,0,0
NY1190905170,box,1909-05-17,0,NYC10,R,1,NY1,CIN,1,1,0,0,1,,29,6,9,14,3,1,0,,6,,3,0,4,0,0,2,0,0,1,0,4,1,1,1,1,0,0,1,0,0,27,32,32,0,0,6,8,0,1,0,0,0,0,5,0,0,0,0,0,0,0,0,0,0,0,,,1,27,41,27,13,1,1,0,0
NY1190905180,evt,1909-05-18,0,NYC10,R,1,NY1,CIN,1,0,1,0,1,36,35,2,11,12,1,0,0,0,2,,1,0,2,1,0,0,0,0,0,0,7,1,1,0,0,0,1,0,1,0,27,38,31,4,4,10,13,1,1,0,0,4,0,3,2,1,2,0,0,0,0,0,0,11,4,,,1,27,47,27,18,2,2,0,0
NY1190905180,box,1909-05-18,0,NYC10,R,1,NY1,CIN,1,0,1,0,1,,35,2,11,12,1,0,0,,2,,1,0,2,1,0,0,0,0,0,0,7,1,1,0,0,0,1,0,1,0,27,38,31,4,4,10,13,1,1,0,0,4,0,3,2,1,2,0,0,0,0,0,0,0,0,,,1,27,47,27,18,2,2,0,0
NY1190905190,evt,1909-05-19,0,NYC10,R,1,NY1,CIN,1,1,0,0,1,46,37,18,17,28,4,2,1,0,14,,6,0,3,0,1,2,0,2,3,0,4,1,1,0,0,0,1,1,0,1,27,36,34,3,3,8,9,1,0,0,0,1,0,3,0,0,1,0,0,0,0,0,0,8,15,,,1,27,36,27,9,0,0,0,0
NY1190905190,box,1909-05-19,0,NYC10,R,1,NY1,CIN,1,1,0,0,1,,37,18,17,28,4,2,1,,14,,6,0,3,0,1,2,0,2,3,0,4,1,1,0,0,0,1,1,0,1,27,36,34,3,3,8,9,1,0,0,0,1,0,3,0,0,1,0,0,0,0,0,0,0,0,,,1,27,36,27,9,0,0,0,0
NY1190905200,evt,1909-05-20,0,NYC10,R,1,NY1,PIT,1,1,0,0,1,31,26,2,5,9,1,0,1,0,2,,2,0,0,2,0,3,0,0,0,0,5,1,1,1,0,0,0,1,0,0,27,35,33,1,1,8,9,1,0,0,0,2,0,6,0,0,0,0,0,0,0,0,0,13,6,,,1,27,41,27,14,0,0,0,0
NY1190905200,box,1909-05-20,0,NYC10,R,1,NY1,PIT,1,1,0,0,1,,26,2,5,9,1,0,1,,2,,2,0,0,2,0,3,0,0,0,0,5,1,1,1,0,0,0,1,0,0,27,35,33,1,1,8,9,1,0,0,0,2,0,6,0,0,0,0,0,0,0,0,0,0,0,,,1,27,41,27,14,0,0,0,0
NY1190905240,evt,1909-05-24,0,NYC10,R,1,NY1,SLN,1,0,1,0,1,40,32,1,7,7,0,0,0,0,1,,4,0,0,0,1,2,1,0,0,0,12,1,1,1,0,0,0,0,1,0,27,36,32,3,1,6,7,1,0,0,0,4,0,6,0,0,0,0,0,1,0,0,0,11,5,,,1,27,47,27,17,3,0,0,0
NY1190905240,box,1909-05-24,0,NYC10,R,1,NY1,SLN,1,0,1,0,1,,32,1,7,7,0,0,0,,1,,4,0,0,0,1,2,1,0,0,0,12,1,1,1,0,0,0,0,1,0,27,36,32,3,1,6,7,1,0,0,0,4,0,6,0,0,0,0,0,1,0,0,0,0,0,,,1,27,47,27,17,3,0,0,0
NY1190905250,evt,1909-05-25,0,NYC10,R,1,NY1,SLN,1,1,0,0,1,33,30,1,6,8,0,1,0,0,1,,3,0,2,0,0,0,0,1,1,0,8,1,1,1,1,0,0,1,0,0,27,34,31,0,0,5,5,0,0,0,0,2,0,8,0,0,1,0,0,0,0,0,0,11,3,,,1,27,46,27,18,1,0,0,0
NY1190905250,box,1909-05-25,0,NYC10,R,1,NY1,SLN,1,1,0,0,1,,30,1,6,8,0,1,0,,1,,3,0,2,0,0,0,0,1,1,0,8,1,1,1,1,0,0,1,0,0,27,34,31,0,0,5,5,0,0,0,0,2,0,3,0,0,1,0,0,0,0,0,0,0,0,,,1,27,46,27,18,1,0,0,0
NY1190905260,evt,1909-05-26,0,NYC10,R,1,NY1,SLN,1,1,0,0,1,37,27,8,8,17,3,0,2,0,6,,8,0,3,0,0,1,1,3,2,0,5,1,1,1,0,0,0,1,0,0,27,37,33,2,1,7,8,1,0,0,0,3,0,3,0,0,0,1,0,1,0,0,0,12,11,,,1,27,42,27,13,2,0,0,0
NY1190905260,box,1909-05-26,0,NYC10,R,1,NY1,SLN,1,1,0,0,1,,27,8,8,17,3,0,2,,6,,8,0,3,0,0,1,1,3,2,0,5,1,1,1,0,0,0,1,0,0,27,37,33,2,1,7,8,1,0,0,0,3,0,3,0,0,0,1,0,1,0,0,0,0,0,,,1,27,42,27,13,2,0,0,0
NY1190905281,evt,1909-05-28,1,NYC10,R,1,NY1,PHI,1,0,1,0,1,36,33,1,7,10,1,1,0,0,1,,3,0,4,0,0,0,0,1,1,0,8,1,1,0,0,0,1,0,1,0,27,46,38,11,9,14,15,1,0,0,0,5,0,1,0,1,2,0,0,0,0,0,0,10,11,,,1,27,44,27,14,3,1,0,1
NY1190905281,box,1909-05-28,1,NYC10,R,1,NY1,PHI,1,0,1,0,1,,33,1,7,10,1,1,0,,1,,3,0,4,0,0,0,0,1,1,0,8,1,1,0,0,0,1,0,1,0,27,46,38,11,9,14,15,1,0,0,0,5,0,1,0,1,2,0,0,0,0,0,0,0,0,,,1,27,44,27,14,3,1,0,1
NY1190905282,evt,1909-05-28,2,NYC10,R,1,NY1,PHI,1,1,0,0,1,24,22,3,7,9,2,0,0,0,3,,1,0,4,0,0,1,0,3,2,0,3,1,1,1,1,0,0,1,0,0,18,21,21,0,0,2,2,0,0,0,0,0,0,4,0,0,0,0,0,0,0,0,0,6,7,,,1,18,26,18,7,1,0,0,0
NY1190905282,box,1909-05-28,2,NYC10,R,1,NY1,PHI,1,1,0,0,1,,22,3,7,9,2,0,0,,3,,1,0,4,0,0,1,0,3,2,0,3,1,1,1,1,0,0,1,0,0,18,21,21,0,0,2,2,0,0,0,0,0,0,1,0,0,0,0,0,0,0,0,0,0,0,,,1,18,26,18,7,1,0,0,0
NY1190905290,evt,1909-05-29,0,NYC10,R,1,NY1,PHI,1,0,1,0,1,37,32,2,6,6,0,0,0,0,2,,3,0,2,0,1,0,1,0,0,0,8,1,1,1,0,0,0,0,1,0,27,38,34,3,1,7,7,0,0,0,0,3,0,3,0,0,1,0,0,0,0,0,0,11,10,,,1,27,45,27,15,3,0,0,0
NY1190905290,box,1909-05-29,0,NYC10,R,1,NY1,PHI,1,0,1,0,1,,32,2,6,6,0,0,0,,2,,3,0,2,0,1,0,1,0,0,0,8,1,1,1,0,0,0,0,1,0,27,38,34,3,1,7,7,0,0,0,0,3,0,3,0,0,1,0,0,0,0,0,0,0,0,,,1,27,45,27,15,3,0,0,0
NY1190905311,evt,1909-05-31,1,NYC10,R,1,NY1,PHI,1,1,0,0,1,34,29,3,9,11,0,1,0,0,3,,4,0,1,1,1,0,0,0,2,0,7,1,1,1,0,0,0,1,0,0,27,35,31,2,2,7,11,2,1,0,0,3,0,2,0,0,1,0,0,0,0,0,0,8,13,,,1,27,38,26,11,1,1,0,0
NY1190905311,box,1909-05-31,1,NYC10,R,1,NY1,PHI,1,1,0,0,1,,29,3,9,11,0,1,0,,3,,4,0,1,1,1,0,0,0,2,0,7,1,1,1,0,0,0,1,0,0,27,35,31,2,2,7,11,2,1,0,0,3,0,2,0,0,1,0,0,0,0,0,0,0,0,,,1,27,39,27,11,1,1,0,0
NY1190905312,evt,1909-05-31,2,NYC10,R,1,NY1,PHI,1,1,0,0,1,37,30,5,7,12,0,1,1,0,4,,4,0,1,0,0,3,0,1,0,0,8,1,1,1,0,0,0,1,0,0,27,35,32,4,4,6,13,0,2,1,0,2,0,4,0,0,1,0,0,1,0,0,0,17,3,,,1,27,29,17,10,2,0,0,1
NY1190905312,box,1909-05-31,2,NYC10,R,1,NY1,PHI,1,1,0,0,1,,30,5,7,12,0,1,1,,4,,4,0,,0,0,3,0,1,0,0,8,1,1,1,0,0,0,1,0,0,27,35,32,4,4,6,13,0,2,1,0,2,0,,0,0,1,0,0,1,0,0,0,0,0,,,1,27,44,27,15,2,0,0,1
NY1190906010,evt,1909-06-01,0,NYC10,R,1,NY1,BRO,1,1,0,0,1,31,30,5,9,12,0,0,1,0,3,,0,0,3,0,0,1,0,1,3,0,2,1,1,1,0,0,0,1,0,0,27,35,31,2,0,5,5,0,0,0,0,4,0,7,1,0,0,0,0,0,0,0,0,7,8,,,1,27,42,27,12,3,2,0,0
NY1190906010,box,1909-06-01,0,NYC10,R,1,NY1,BRO,1,1,0,0,1,,30,5,9,12,0,0,1,,3,,0,0,3,0,0,1,0,1,3,0,2,1,1,1,0,0,0,1,0,0,27,35,31,2,0,5,5,0,0,0,0,4,0,7,1,0,0,0,0,0,0,0,0,0,0,,,1,27,42,27,12,3,2,0,0
SLN190906050,box,1909-06-05,0,STL05,R,0,NY1,SLN,1,1,0,0,1,,41,8,12,15,1,1,0,,5,,5,0,3,1,0,0,1,3,0,0,12,1,1,0,0,0,1,1,0,1,27,47,38,7,5,12,15,1,1,0,0,7,0,,1,0,2,0,0,0,0,0,0,0,0,,,1,27,48,27,17,4,1,0,0
SLN190906050,ded,1909-06-05,0,STL05,R,0,NY1,SLN,1,1,0,0,1,47,41,8,12,15,1,1,0,0,5,,5,0,3,1,0,0,1,3,0,0,12,1,1,0,0,0,1,1,0,1,27,47,38,7,5,12,15,1,1,0,0,7,0,0,1,0,2,0,0,0,0,2,0,22,0,,,1,27,12,4,4,4,1,0,0
SLN190906060,box,1909-06-06,0,STL05,R,0,NY1,SLN,1,1,0,0,1,,38,12,12,15,1,1,0,,10,,3,0,,0,2,0,2,0,1,0,6,1,1,1,0,0,0,1,0,0,27,34,29,1,1,4,4,0,0,0,0,4,0,,1,1,0,0,0,0,0,0,0,0,0,,,1,27,39,27,12,0,1,0,0
SLN190906060,ded,1909-06-06,0,STL05,R,0,NY1,SLN,1,1,0,0,1,45,38,12,12,15,1,1,0,0,10,,3,0,0,0,2,0,2,0,1,0,6,1,1,1,0,0,0,1,0,0,27,34,29,1,1,4,4,0,0,0,0,4,0,3,1,1,0,0,0,0,0,0,0,20,2,,,1,27,12,8,4,0,1,0,0
CHN190906080,evt,1909-06-08,0,CHI08,R,0,NY1,CHN,1,1,0,0,1,37,33,3,7,8,1,0,0,0,3,,2,0,1,0,0,2,0,0,0,0,7,1,1,1,0,0,0,1,0,0,27,31,28,2,0,2,2,0,0,0,0,2,0,4,1,0,1,0,0,0,0,0,0,5,15,,,1,27,38,27,8,3,2,0,0
CHN190906080,box,1909-06-08,0,CHI08,R,0,NY1,CHN,1,1,0,0,1,,33,3,7,8,1,0,0,,3,,2,0,1,0,0,2,0,0,0,0,7,1,1,1,0,0,0,1,0,0,27,31,28,2,0,2,2,0,0,0,0,2,0,4,1,0,1,0,0,0,0,0,0,0,0,,,1,27,38,27,8,3,2,0,0
CHN190906100,evt,1909-06-10,0,CHI08,R,0,NY1,CHN,1,0,1,0,1,35,34,0,8,9,1,0,0,0,0,,1,0,7,1,0,0,0,1,0,0,8,1,1,0,0,0,1,0,1,0,24,38,34,5,5,11,15,2,1,0,0,4,0,7,0,0,0,0,0,1,0,0,0,7,9,,,1,24,31,24,7,0,0,0,1
CHN190906100,box,1909-06-10,0,CHI08,R,0,NY1,CHN,1,0,1,0,1,,34,0,8,9,1,0,0,,0,,1,0,7,1,0,0,0,1,0,0,8,1,1,0,0,0,1,0,1,0,24,38,34,5,5,11,15,2,1,0,0,4,0,7,0,0,0,0,0,1,0,0,0,0,0,,,1,24,31,24,7,0,0,0,1
CIN190906110,evt,1909-06-11,0,CIN06,R,0,NY1,CIN,1,0,1,0,1,38,33,3,8,9,1,0,0,0,2,,5,0,5,0,0,0,0,1,1,0,8,1,1,0,0,0,1,0,1,0,24,37,33,6,6,12,16,1,0,1,0,2,0,2,0,0,2,0,0,1,0,0,0,13,5,,,1,24,42,24,18,0,0,0,1
CIN190906110,box,1909-06-11,0,CIN06,R,0,NY1,CIN,1,0,1,0,1,,33,3,8,9,1,0,0,,2,,5,0,5,0,0,0,0,1,1,0,8,1,1,0,0,0,1,0,1,0,24,37,33,6,6,12,16,1,0,1,0,2,0,2,0,0,2,0,0,1,0,0,0,0,0,,,1,24,42,24,18,0,0,0,1
CIN190906120,evt,1909-06-12,0,CIN06,R,0,NY1,CIN,1,1,0,0,1,34,32,2,8,9,1,0,0,0,2,,2,0,2,0,0,0,0,1,1,0,5,1,1,1,1,0,0,1,0,0,27,30,29,0,0,4,5,1,0,0,0,1,0,7,0,0,0,0,0,0,0,0,0,11,7,,,1,27,42,27,13,2,0,0,0
CIN190906120,box,1909-06-12,0,CIN06,R,0,NY1,CIN,1,1,0,0,1,,32,2,8,9,1,0,0,,2,,2,0,2,0,0,0,0,1,1,0,5,1,1,1,1,0,0,1,0,0,27,30,29,0,0,4,5,1,0,0,0,1,0,7,0,0,0,0,0,0,0,0,0,0,0,,,1,27,42,27,13,2,0,0,0
CIN190906130,evt,1909-06-13,0,CIN06,R,0,NY1,CIN,1,0,1,0,1,36,32,1,8,10,0,1,0,0,1,,2,1,1,1,0,2,0,0,0,0,8,1,1,1,0,0,0,0,1,0,24,32,29,2,2,9,12,1,1,0,0,0,0,4,0,0,3,0,0,0,0,0,0,7,9,,,1,24,35,24,11,0,0,0,0
CIN190906130,box,1909-06-13,0,CIN06,R,0,NY1,CIN,1,0,1,0,1,,32,1,8,10,0,1,0,,1,,2,1,1,1,0,2,0,0,0,0,8,1,1,1,0,0,0,0,1,0,24,32,29,2,2,9,12,1,1,0,0,0,0,4,0,0,3,0,0,0,0,0,0,0,0,,,1,24,35,24,11,0,0,0,0
CIN190906140,evt,1909-06-14,0,CIN06,R,0,NY1,CIN,1,1,0,0,1,31,29,2,5,5,0,0,0,0,1,,0,0,4,0,1,0,1,0,2,0,2,1,1,1,0,0,0,1,0,0,27,31,28,1,1,4,4,0,0,0,0,2,0,2,1,0,1,0,0,2,0,0,0,16,6,,,1,27,43,27,16,0,1,0,0
CIN190906140,box,1909-06-14,0,CIN06,R,0,NY1,CIN,1,1,0,0,1,,29,2,5,5,0,0,0,,1,,0,0,4,0,1,0,1,0,2,0,2,1,1,1,0,0,0,1,0,0,27,31,28,1,1,4,4,0,0,0,0,2,0,2,1,0,1,0,0,2,0,0,0,0,0,,,1,27,43,27,16,0,1,0,0
PIT190906160,evt,1909-06-16,0,PIT05,R,0,NY1,PIT,1,1,0,0,1,41,36,8,13,23,1,3,1,0,8,,3,0,2,0,0,1,1,1,3,0,6,1,1,1,0,0,0,1,0,0,27,36,36,2,0,10,12,0,1,0,0,0,0,3,0,0,0,0,0,0,0,0,0,11,12,,,1,27,41,27,11,3,0,0,0
PIT190906160,box,1909-06-16,0,PIT05,R,0,NY1,PIT,1,1,0,0,1,,36,8,13,23,1,3,1,,8,,3,0,2,0,0,1,1,1,3,0,6,1,1,1,0,0,0,1,0,0,27,36,36,2,0,10,12,0,1,0,0,0,0,3,0,0,0,0,0,0,0,0,0,0,0,,,1,27,41,27,11,3,0,0,0
PIT190906180,evt,1909-06-18,0,PIT05,R,0,NY1,PIT,1,0,1,0,1,45,39,2,7,7,0,0,0,0,1,,4,0,6,1,1,1,0,0,1,0,10,1,1,1,0,0,0,0,1,0,32,47,41,3,3,10,12,0,1,0,0,3,1,2,1,1,2,0,0,0,0,0,0,11,11,,,1,32,57,32,20,5,1,0,0
PIT190906180,box,1909-06-18,0,PIT05,R,0,NY1,PIT,1,0,1,0,1,,39,2,7,7,0,0,0,,1,,4,0,6,1,1,1,0,0,1,0,10,1,1,1,0,0,0,0,1,0,32,47,41,3,3,10,12,0,1,0,0,3,1,2,1,1,2,0,0,0,0,0,0,0,0,,,1,32,57,32,20,5,1,0,0
PIT190906190,evt,1909-06-19,0,PIT05,R,0,NY1,PIT,1,0,1,0,1,50,44,1,9,9,0,0,0,0,0,,5,1,1,0,0,1,0,2,1,0,10,1,1,1,0,0,0,0,1,0,37,48,46,2,2,12,14,0,1,0,0,1,0,6,0,0,1,0,0,0,0,0,0,15,11,,,1,37,60,37,20,3,1,0,0
PIT190906190,box,1909-06-19,0,PIT05,R,0,NY1,PIT,1,0,1,0,1,,44,1,9,9,0,0,0,,0,,5,1,1,0,0,1,0,2,1,0,10,1,1,1,0,0,0,0,1,0,37,48,46,2,2,12,14,0,1,0,0,1,0,6,0,0,1,0,0,0,0,0,0,0,0,,,1,37,60,37,20,3,1,0,0
NY1190906231,evt,1909-06-23,1,NYC10,R,1,NY1,BSN,1,1,0,0,1,37,31,5,7,7,0,0,0,0,4,,5,0,3,0,0,1,0,1,0,0,7,1,1,0,0,0,1,1,0,0,27,34,32,4,2,6,13,0,2,1,0,1,0,6,0,0,1,0,0,0,0,0,0,8,9,,,1,27,43,27,13,3,0,0,0
NY1190906231,box,1909-06-23,1,NYC10,R,1,NY1,BSN,1,1,0,0,1,,31,5,7,7,0,0,0,,4,,5,0,3,0,0,1,0,1,0,0,7,1,1,0,0,0,1,1,0,0,27,34,32,4,2,6,13,0,2,1,0,1,0,6,0,0,1,0,0,0,0,0,0,0,0,,,1,27,43,27,13,3,0,0,0
NY1190906232,evt,1909-06-23,2,NYC10,R,1,NY1,BSN,1,1,0,0,1,40,37,11,18,25,2,1,1,0,10,,3,0,2,2,0,0,0,1,1,0,5,1,1,0,0,0,1,1,0,1,27,36,34,1,1,4,7,0,0,1,0,2,0,4,0,0,0,0,0,0,0,0,0,10,13,,,1,27,39,27,9,3,0,0,0
NY1190906232,box,1909-06-23,2,NYC10,R,1,NY1,BSN,1,1,0,0,1,,37,11,18,25,2,1,1,,10,,3,0,2,2,0,0,0,1,1,0,5,1,1,0,0,0,1,1,0,1,27,36,34,1,1,4,7,0,0,1,0,2,0,,0,0,0,0,0,0,0,0,0,0,0,,,1,27,39,27,9,3,0,0,0
NY1190906241,evt,1909-06-24,1,NYC10,R,1,NY1,BSN,1,1,0,0,1,38,35,7,13,18,1,2,0,0,4,,2,0,1,0,0,1,0,1,0,0,7,1,1,1,0,0,0,1,0,0,27,37,35,4,3,11,13,0,1,0,0,1,0,2,0,0,1,0,0,0,0,0,0,12,6,,,1,27,50,27,20,3,0,0,0
NY1190906241,box,1909-06-24,1,NYC10,R,1,NY1,BSN,1,1,0,0,1,,35,7,13,18,1,2,0,,4,,2,0,1,0,0,1,0,1,0,0,7,1,1,1,0,0,0,1,0,0,27,37,35,4,3,11,13,0,1,0,0,1,0,2,0,0,1,0,0,0,0,0,0,0,0,,,1,27,50,27,20,3,0,0,0
NY1190906242,evt,1909-06-24,2,NYC10,R,1,NY1,BSN,1,1,0,0,1,39,34,12,11,19,0,1,2,0,11,,3,0,1,0,1,0,1,2,0,0,3,1,1,1,0,0,0,1,0,0,27,38,33,5,4,5,5,0,0,0,0,4,0,6,0,1,0,0,0,4,0,0,0,12,8,,,1,27,41,27,13,1,0,0,0
NY1190906242,box,1909-06-24,2,NYC10,R,1,NY1,BSN,1,1,0,0,1,,34,12,11,19,0,1,2,,11,,3,0,1,0,1,0,1,2,0,0,3,1,1,1,0,0,0,1,0,0,27,38,33,5,4,5,5,0,0,0,0,4,0,6,0,1,0,0,0,4,0,0,0,0,0,,,1,27,41,27,13,1,0,0,0
NY1190906251,evt,1909-06-25,1,NYC10,R,1,NY1,BRO,1,1,0,0,1,34,25,4,5,12,1,0,2,0,4,,7,0,1,0,0,0,2,0,2,0,6,1,1,1,0,0,0,1,0,0,27,35,33,2,2,6,10,1,0,1,0,2,0,2,0,0,0,0,0,0,0,0,0,12,11,,,1,27,40,27,13,0,0,0,0
NY1190906251,box,1909-06-25,1,NYC10,R,1,NY1,BRO,1,1,0,0,1,,25,4,5,12,1,0,2,,4,,7,0,1,0,0,0,2,0,2,0,6,1,1,1,0,0,0,1,0,0,27,35,33,2,2,6,10,1,0,1,0,2,0,2,0,0,0,0,0,0,0,0,0,0,0,,,1,27,40,27,13,0,0,0,0
NY1190906252,evt,1909-06-25,2,NYC10,R,1,NY1,BRO,1,1,0,0,1,39,35,9,11,14,1,1,0,0,9,,3,0,2,0,0,0,1,5,0,0,6,1,1,0,0,0,1,1,0,1,27,33,31,1,1,7,8,1,0,0,0,1,0,1,1,0,0,1,0,0,0,0,0,14,10,,,1,27,44,27,17,0,2,0,0
NY1190906252,box,1909-06-25,2,NYC10,R,1,NY1,BRO,1,1,0,0,1,,35,9,11,14,1,1,0,,9,,3,0,2,0,0,0,1,5,0,0,6,1,1,0,0,0,1,1,0,1,27,33,31,1,1,7,8,1,0,0,0,1,0,1,1,0,0,1,0,0,0,0,0,0,0,,,1,27,44,27,17,0,2,0,0
NY1190906260,evt,1909-06-26,0,NYC10,R,1,NY1,BRO,1,1,0,0,1,30,27,2,6,7,1,0,0,0,1,,2,0,7,0,0,1,0,1,1,0,4,1,1,1,0,0,0,1,0,0,27,30,29,1,0,7,9,0,1,0,0,0,0,3,1,0,1,0,0,0,0,0,0,9,6,,,1,27,48,27,18,3,2,0,0
NY1190906260,box,1909-06-26,0,NYC10,R,1,NY1,BRO,1,1,0,0,1,,27,2,6,7,1,0,0,,1,,2,0,7,0,0,1,0,1,1,0,4,1,1,1,0,0,0,1,0,0,27,30,29,1,0,7,9,0,1,0,0,0,0,3,1,0,1,0,0,0,0,0,0,0,0,,,1,27,48,27,18,3,2,0,0
BRO190906290,evt,1909-06-29,0,NYC12,R,0,NY1,BRO,1,1,0,0,1,40,34,4,11,12,1,0,0,0,3,,5,0,3,0,0,1,0,2,1,0,9,1,1,1,0,0,0,1,0,0,27,36,33,2,2,7,7,0,0,0,0,1,0,6,0,1,1,0,0,2,0,0,0,13,5,,,1,27,42,26,15,1,0,0,0
BRO190906290,box,1909-06-29,0,NYC12,R,0,NY1,BRO,1,1,0,0,1,,34,4,11,12,1,0,0,,3,,5,0,3,0,0,1,0,2,1,0,9,1,1,1,0,0,0,1,0,0,27,36,33,2,2,7,7,0,0,0,0,1,0,6,0,1,1,0,0,2,0,0,0,0,0,,,1,27,42,26,15,1,0,0,0
BRO190906301,evt,1909-06-30,1,NYC12,R,0,NY1,BRO,1,0,1,0,1,36,31,2,6,7,1,0,0,0,2,,2,0,3,0,1,1,1,0,0,0,7,1,1,0,0,0,1,0,1,0,24,40,38,7,4,15,17,0,1,0,0,1,0,6,0,0,1,0,0,0,0,0,0,12,4,,,1,24,41,24,14,3,0,0,0
BRO190906301,box,1909-06-30,1,NYC12,R,0,NY1,BRO,1,0,1,0,1,,31,2,6,7,1,0,0,,2,,2,0,3,0,1,1,1,0,0,0,7,1,1,0,0,0,1,0,1,0,24,40,38,7,4,15,17,0,1,0,0,1,0,6,0,0,1,0,0,0,0,0,0,0,0,,,1,24,41,24,14,3,0,0,0
BRO190906302,evt,1909-06-30,2,NYC12,R,0,NY1,BRO,1,1,0,0,1,38,34,3,10,10,0,0,0,0,3,,4,0,2,1,0,0,0,0,2,0,8,1,1,1,1,0,0,1,0,0,27,29,29,0,0,4,5,1,0,0,0,0,0,8,0,0,0,0,0,0,0,0,0,13,4,,,1,27,42,27,15,0,0,0,0
BRO190906302,box,1909-06-30,2,NYC12,R,0,NY1,BRO,1,1,0,0,1,,34,3,10,10,0,0,0,,3,,4,0,2,1,0,0,0,0,2,0,8,1,1,1,1,0,0,1,0,0,27,29,29,0,0,4,5,1,0,0,0,0,0,8,0,0,0,0,0,0,0,0,0,0,0,,,1,27,42,27,15,0,0,0,0
BRO190907020,evt,1909-07-02,0,NYC12,R,0,NY1,BRO,1,1,0,0,1,40,34,5,10,12,0,1,0,0,5,,4,0,2,0,0,1,1,1,1,0,8,1,1,0,0,0,1,1,0,0,27,39,31,3,3,7,11,2,1,0,0,4,0,5,1,0,2,2,0,0,0,3,1,12,8,,,1,27,42,27,12,3,1,0,0
BRO190907020,box,1909-07-02,0,NYC12,R,0,NY1,BRO,1,1,0,0,1,,34,5,10,12,0,1,0,,5,,4,0,2,0,0,1,1,1,1,0,8,1,1,0,0,0,1,1,0,0,27,39,31,3,3,7,11,2,1,0,0,4,0,5,1,0,2,2,0,0,0,0,0,0,0,,,1,27,43,27,13,3,1,0,0
BRO190907031,evt,1909-07-03,1,NYC12,R,0,NY1,BRO,1,1,0,0,1,54,47,5,7,9,2,0,0,0,3,,4,0,4,1,2,1,0,1,0,0,7,1,1,0,0,0,1,1,0,0,42,51,50,3,2,9,12,1,1,0,0,0,0,8,0,0,1,0,0,0,0,0,0,18,12,,,1,42,68,42,24,2,0,0,0
BRO190907031,box,1909-07-03,1,NYC12,R,0,NY1,BRO,1,1,0,0,1,,47,5,7,9,2,0,0,,3,,4,0,4,1,2,1,0,1,0,0,7,1,1,0,0,0,1,1,0,0,42,51,50,3,2,9,12,1,1,0,0,0,0,8,0,0,1,0,0,0,0,0,0,0,0,,,1,42,68,42,24,2,0,0,0
BRO190907032,evt,1909-07-03,2,NYC12,R,0,NY1,BRO,1,1,0,0,1,34,31,2,5,6,1,0,0,0,1,,2,0,8,0,0,0,1,1,0,0,5,1,1,1,0,0,0,1,0,0,27,35,33,1,1,7,11,0,2,0,0,2,0,10,0,0,0,0,0,0,0,0,0,8,8,,,1,27,35,27,8,0,1,0,0
BRO190907032,box,1909-07-03,2,NYC12,R,0,NY1,BRO,1,1,0,0,1,,31,2,5,6,1,0,0,,1,,2,0,8,0,0,0,1,1,0,0,5,1,1,1,0,0,0,1,0,0,27,35,33,1,1,7,11,0,2,0,0,2,0,10,0,0,0,0,0,0,0,0,0,0,0,,,1,27,35,27,8,0,1,0,0
PHI190907051,evt,1909-07-05,1,PHI09,R,0,NY1,PHI,1,1,0,0,1,35,32,3,10,10,0,0,0,0,1,,2,0,4,0,0,1,0,1,2,0,5,1,1,1,1,0,0,1,0,0,27,30,30,0,0,3,3,0,0,0,0,0,0,4,0,0,0,0,0,0,0,0,0,8,15,,,1,27,36,27,9,0,0,0,0
PHI190907051,box,1909-07-05,1,PHI09,R,0,NY1,PHI,1,1,0,0,1,,32,3,10,10,0,0,0,,1,,2,0,4,0,0,1,0,1,2,0,5,1,1,1,1,0,0,1,0,0,27,30,30,0,0,3,3,0,0,0,0,0,0,4,0,0,0,0,0,0,0,0,0,0,0,,,1,27,36,27,9,0,0,0,0
PHI190907052,evt,1909-07-05,2,PHI09,R,0,NY1,PHI,1,1,0,0,1,60,52,3,9,14,5,0,0,0,3,,7,0,6,1,1,0,0,3,0,0,12,1,1,0,0,0,1,1,0,0,45,60,52,2,1,10,12,2,0,0,0,2,2,8,0,1,5,0,0,2,0,0,0,16,16,,,1,45,69,45,20,4,0,0,0
PHI190907052,box,1909-07-05,2,PHI09,R,0,NY1,PHI,1,1,0,0,1,,52,3,9,14,5,0,0,,3,,7,0,6,1,1,0,0,3,0,0,12,1,1,0,0,0,1,1,0,0,45,60,52,2,1,10,12,2,0,0,0,2,2,8,0,1,5,0,0,2,0,0,0,0,0,,,1,45,70,45,21,4,0,0,0
PHI190907060,evt,1909-07-06,0,PHI09,R,0,NY1,PHI,1,0,1,0,1,30,30,1,6,7,1,0,0,0,1,,0,0,5,1,0,0,0,0,2,0,2,1,1,0,0,0,1,0,1,0,24,33,25,3,2,5,5,0,0,0,0,5,0,1,2,1,1,1,0,0,0,0,0,14,5,,,1,24,43,24,16,3,2,0,0
PHI190907060,box,1909-07-06,0,PHI09,R,0,NY1,PHI,1,0,1,0,1,,30,1,6,7,1,0,0,,1,,0,0,5,1,0,0,0,0,2,0,2,1,1,0,0,0,1,0,1,0,24,33,25,3,2,5,5,0,0,0,0,5,0,1,2,1,1,1,0,0,0,0,0,0,0,,,1,24,43,24,16,3,2,0,0
PHI190907070,evt,1909-07-07,0,PHI09,R,0,NY1,PHI,1,1,0,0,1,38,26,3,3,5,0,1,0,0,3,,12,0,5,0,0,0,0,2,2,0,8,1,1,1,0,0,0,1,0,0,27,36,31,1,1,8,9,1,0,0,0,3,0,2,3,1,1,0,0,0,0,0,0,11,8,,,1,27,44,27,16,1,4,0,0
PHI190907070,box,1909-07-07,0,PHI09,R,0,NY1,PHI,1,1,0,0,1,,26,3,3,5,0,1,0,,3,,12,0,5,0,0,0,0,2,2,0,8,1,1,1,0,0,0,1,0,0,27,36,31,1,1,8,9,1,0,0,0,3,0,2,3,1,1,0,0,0,0,0,0,0,0,,,1,27,44,27,16,1,4,0,0
NY1190907080,evt,1909-07-08,0,NYC10,R,1,NY1,PIT,1,1,0,0,1,34,27,5,7,10,1,1,0,0,5,,4,0,3,1,1,1,1,1,1,0,5,1,1,1,0,0,0,1,0,0,27,35,34,1,1,8,11,3,0,0,0,1,0,8,0,0,0,0,0,0,0,0,0,11,7,,,1,27,40,27,13,0,0,0,0
NY1190907080,box,1909-07-08,0,NYC10,R,1,NY1,PIT,1,1,0,0,1,,27,5,7,10,1,1,0,,5,,4,0,3,1,1,1,1,1,1,0,5,1,1,1,0,0,0,1,0,0,27,35,34,1,1,8,11,3,0,0,0,1,0,8,0,0,0,0,0,0,0,0,0,0,0,,,1,27,40,27,13,0,0,0,0
NY1190907091,evt,1909-07-09,1,NYC10,R,1,NY1,PIT,1,0,1,0,1,40,36,5,10,13,3,0,0,0,3,,3,0,2,0,0,0,1,4,0,0,8,1,1,0,0,0,1,0,1,0,27,46,38,9,5,11,14,0,0,1,0,7,1,10,0,0,1,0,0,1,0,0,0,7,6,,,1,27,47,27,16,4,1,0,0
NY1190907091,box,1909-07-09,1,NYC10,R,1,NY1,PIT,1,0,1,0,1,,36,5,10,13,3,0,0,,3,,3,0,2,0,0,0,1,4,0,0,8,1,1,0,0,0,1,0,1,0,27,46,38,9,5,11,14,0,0,1,0,7,1,10,0,0,1,0,0,1,0,0,0,0,0,,,1,27,47,27,16,4,1,0,0
NY1190907092,evt,1909-07-09,2,NYC10,R,1,NY1,PIT,1,0,1,0,1,38,37,2,11,13,0,1,0,0,2,,1,0,5,0,0,0,0,1,1,0,9,1,1,0,0,0,1,0,1,0,27,38,35,4,3,8,9,1,0,0,0,3,0,6,0,0,0,0,0,1,0,0,0,8,11,,,1,27,39,26,10,3,1,0,0
NY1190907092,box,1909-07-09,2,NYC10,R,1,NY1,PIT,1,0,1,0,1,,37,2,11,13,0,1,0,,2,,1,0,5,0,0,0,0,1,1,0,9,1,1,0,0,0,1,0,1,0,27,38,35,4,3,8,9,1,0,0,0,3,0,6,0,0,0,0,0,1,0,0,0,0,0,,,1,27,39,26,10,3,1,0,0
NY1190907100,evt,1909-07-10,0,NYC10,R,1,NY1,PIT,1,0,1,0,1,35,33,2,6,10,2,1,0,0,2,,1,0,1,0,1,0,0,2,0,0,6,1,1,0,0,0,1,0,1,0,27,39,35,8,7,11,23,4,1,2,0,3,0,2,0,0,1,0,0,0,0,0,0,8,13,,,1,27,46,27,18,1,0,0,0
NY1190907100,box,1909-07-10,0,NYC10,R,1,NY1,PIT,1,0,1,0,1,,33,2,6,10,2,1,0,,2,,1,0,1,0,1,0,0,2,0,0,6,1,1,0,0,0,1,0,1,0,27,39,35,8,7,11,23,4,1,2,0,3,0,2,0,0,1,0,0,0,0,0,0,0,0,,,1,27,46,27,18,1,0,0,0
NY1190907121,evt,1909-07-12,1,NYC10,R,1,NY1,PIT,1,1,0,0,1,33,31,3,9,12,1,1,0,0,3,,1,0,1,0,0,1,0,1,2,0,6,1,1,1,0,0,0,1,0,0,27,30,29,2,2,4,6,2,0,0,0,1,1,3,1,0,0,0,0,0,0,0,0,9,12,,,1,27,40,27,13,0,1,0,0
NY1190907121,box,1909-07-12,1,NYC10,R,1,NY1,PIT,1,1,0,0,1,,31,3,9,12,1,1,0,,3,,1,0,1,0,0,1,0,1,2,0,6,1,1,1,0,0,0,1,0,0,27,30,29,2,2,4,6,2,0,0,0,1,1,3,1,0,0,0,0,0,0,0,0,0,0,,,1,27,40,27,13,0,1,0,0
NY1190907122,evt,1909-07-12,2,NYC10,R,1,NY1,PIT,1,0,1,0,1,30,27,0,1,1,0,0,0,0,0,,2,0,4,0,0,1,0,2,0,0,3,1,1,1,0,0,0,0,1,0,27,43,33,9,7,11,14,1,1,0,0,4,0,3,1,3,2,1,0,1,0,0,0,10,7,,,1,27,46,27,16,3,2,0,0
NY1190907122,box,1909-07-12,2,NYC10,R,1,NY1,PIT,1,0,1,0,1,,27,0,1,1,0,0,0,,0,,2,0,4,0,0,1,0,2,0,0,3,1,1,1,0,0,0,0,1,0,27,43,33,9,7,11,14,1,1,0,0,4,0,3,1,3,2,1,0,1,0,0,0,0,0,,,1,27,46,27,16,3,2,0,0
NY1190907130,evt,1909-07-13,0,NYC10,R,1,NY1,CIN,1,1,0,0,1,42,33,8,16,20,2,1,0,0,6,,4,2,5,0,0,3,2,2,1,0,10,1,1,1,0,0,0,1,0,0,27,36,34,4,4,9,12,0,0,1,0,2,0,9,0,0,0,0,0,0,0,0,0,7,9,,,1,27,42,27,13,2,0,0,0
NY1190907130,box,1909-07-13,0,NYC10,R,1,NY1,CIN,1,1,0,0,1,,33,8,16,20,2,1,0,,6,,4,2,5,0,0,3,2,2,1,0,10,1,1,1,0,0,0,1,0,0,27,36,34,4,4,9,12,0,0,1,0,2,0,9,0,0,0,0,0,0,0,0,0,0,0,,,1,27,41,27,12,2,0,0,0
NY1190907140,evt,1909-07-14,0,NYC10,R,1,NY1,CIN,1,1,0,0,1,42,37,5,10,14,0,2,0,0,4,,5,1,0,0,0,0,0,3,1,0,8,1,1,0,0,0,1,1,0,0,30,39,33,4,4,7,12,0,1,1,0,3,0,6,2,1,2,0,0,0,0,0,0,10,10,,,1,30,47,30,16,1,2,0,0
NY1190907140,box,1909-07-14,0,NYC10,R,1,NY1,CIN,1,1,0,0,1,,37,5,10,14,0,2,0,,4,,5,1,0,0,0,0,0,3,1,0,8,1,1,0,0,0,1,1,0,0,30,39,33,4,4,7,12,0,1,1,0,3,0,6,2,1,2,0,0,0,0,0,0,0,0,,,1,30,47,30,16,1,2,0,0
NY1190907150,evt,1909-07-15,0,NYC10,R,1,NY1,CIN,1,1,0,0,1,34,24,2,6,8,0,1,0,0,2,,7,0,2,1,0,3,0,0,1,0,11,1,1,1,0,0,0,1,0,0,21,30,26,1,1,9,13,1,0,1,0,2,0,4,0,0,2,0,0,0,0,0,0,6,6,,,1,21,32,21,11,0,0,0,0
NY1190907150,box,1909-07-15,0,NYC10,R,1,NY1,CIN,1,1,0,0,1,,24,2,6,8,0,1,0,,2,,7,0,2,1,0,3,0,0,1,0,11,1,1,1,0,0,0,1,0,0,21,30,26,1,1,9,13,1,0,1,0,2,0,4,0,0,2,0,0,0,0,0,0,0,0,,,1,21,32,21,11,0,0,0,0
NY1190907160,evt,1909-07-16,0,NYC10,R,1,NY1,CIN,1,1,0,0,1,29,24,2,6,10,2,1,0,0,2,,2,0,2,2,0,2,1,0,1,0,3,1,1,1,0,0,0,1,0,0,27,34,32,1,1,5,6,1,0,0,0,2,0,2,0,0,0,0,0,0,0,0,0,16,8,,,1,27,45,27,17,1,1,0,0
NY1190907160,box,1909-07-16,0,NYC10,R,1,NY1,CIN,1,1,0,0,1,,24,2,6,10,2,1,0,,2,,2,0,2,2,0,2,1,0,1,0,3,1,1,1,0,0,0,1,0,0,27,34,32,1,1,5,6,1,0,0,0,2,0,2,0,0,0,0,0,0,0,0,0,0,0,,,1,27,45,27,17,1,1,0,0
NY1190907170,evt,1909-07-17,0,NYC10,R,1,NY1,SLN,1,0,1,0,1,35,33,1,7,10,0,0,1,0,1,,1,0,4,0,1,0,0,2,0,0,7,1,1,1,0,0,0,0,1,0,27,39,35,7,1,10,16,1,1,1,0,2,1,9,0,1,0,1,0,1,0,0,0,9,5,,,1,27,43,27,13,3,1,0,0
NY1190907170,box,1909-07-17,0,NYC10,R,1,NY1,SLN,1,0,1,0,1,,33,1,7,10,0,0,1,,1,,1,0,4,0,1,0,0,2,0,0,7,1,1,1,0,0,0,0,1,0,27,39,35,7,1,10,16,1,1,1,0,2,1,9,0,1,0,1,0,1,0,0,0,0,0,,,1,27,43,27,13,3,1,0,0
NY1190907191,evt,1909-07-19,1,NYC10,R,1,NY1,SLN,1,0,1,0,1,62,54,3,10,18,1,2,1,0,3,,7,0,5,0,1,0,0,3,3,0,11,1,1,1,0,0,0,0,1,0,48,63,56,4,2,9,15,1,1,1,0,6,1,8,0,1,0,0,0,1,0,0,0,23,14,,,1,48,85,48,35,2,0,0,0
NY1190907191,box,1909-07-19,1,NYC10,R,1,NY1,SLN,1,0,1,0,1,,54,3,10,18,1,2,1,,3,,7,0,5,0,1,0,0,3,3,0,11,1,1,1,0,0,0,0,1,0,48,63,56,4,2,9,15,1,1,1,0,6,1,8,0,1,0,0,0,1,0,0,0,0,0,,,1,48,83,48,33,2,0,0,0
NY1190907192,evt,1909-07-19,2,NYC10,R,1,NY1,SLN,1,1,0,0,1,26,25,3,11,12,1,0,0,0,3,,1,0,1,0,0,0,0,0,3,0,5,1,1,1,1,0,0,1,0,0,21,25,23,0,0,3,3,0,0,0,0,2,0,3,0,0,0,0,0,0,0,0,0,12,5,,,1,21,13,10,2,1,0,0,0
NY1190907192,box,1909-07-19,2,NYC10,R,1,NY1,SLN,1,1,0,0,1,,25,3,11,12,1,0,0,,3,,1,0,,0,0,0,0,0,3,0,5,1,1,1,1,0,0,1,0,0,21,25,23,0,0,3,3,0,0,0,0,2,0,0,0,0,0,0,0,0,0,0,0,0,0,,,1,21,27,21,5,1,0,0,0
NY1190907200,evt,1909-07-20,0,NYC10,R,1,NY1,SLN,1,0,1,0,1,45,42,3,12,12,0,0,0,0,3,,2,1,2,0,0,0,1,2,1,0,9,1,1,0,0,0,1,0,1,0,33,43,37,4,4,10,17,3,2,0,0,4,0,4,1,0,2,0,0,0,0,0,0,14,7,,,1,33,56,33,22,1,1,0,0
NY1190907200,box,1909-07-20,0,NYC10,R,1,NY1,SLN,1,0,1,0,1,,42,3,12,12,0,0,0,,3,,2,1,2,0,0,0,1,2,1,0,9,1,1,0,0,0,1,0,1,0,33,43,37,4,4,10,17,3,2,0,0,4,0,4,1,0,2,0,0,0,0,0,0,0,0,,,1,33,56,33,22,1,1,0,0
NY1190907210,evt,1909-07-21,0,NYC10,R,1,NY1,SLN,1,1,0,0,1,46,37,11,13,17,2,1,0,0,9,,7,0,3,0,0,2,0,6,1,0,11,1,1,0,0,0,1,1,0,0,27,47,40,7,6,13,13,0,0,0,0,6,0,6,0,0,0,1,0,0,0,0,0,7,13,,,1,27,37,27,8,2,0,0,0
NY1190907210,box,1909-07-21,0,NYC10,R,1,NY1,SLN,1,1,0,0,1,,37,11,13,17,2,1,0,,9,,7,0,3,0,0,2,0,6,1,0,11,1,1,0,0,0,1,1,0,0,27,47,40,7,6,13,13,0,0,0,0,6,0,6,0,0,0,1,0,0,0,0,0,0,0,,,1,27,37,27,8,2,0,0,0
NY1190907220,evt,1909-07-22,0,NYC10,R,1,NY1,CHN,1,0,1,0,1,31,28,1,4,5,1,0,0,0,1,,2,0,3,0,0,0,1,0,1,0,3,1,1,0,0,0,1,0,1,0,27,36,32,3,0,5,6,1,0,0,0,2,0,7,0,0,1,1,0,0,0,0,0,13,5,,,1,27,41,27,12,2,0,0,0
NY1190907220,box,1909-07-22,0,NYC10,R,1,NY1,CHN,1,0,1,0,1,,28,1,4,5,1,0,0,,1,,2,0,3,0,0,0,1,0,1,0,3,1,1,0,0,0,1,0,1,0,27,36,32,3,0,5,6,1,0,0,0,2,0,7,0,0,1,1,0,0,0,0,0,0,0,,,1,27,41,27,12,2,0,0,0
NY1190907240,evt,1909-07-24,0,NYC10,R,1,NY1,CHN,1,0,1,0,1,33,33,1,8,8,0,0,0,0,1,,0,0,4,1,0,0,0,0,0,0,5,1,1,0,0,0,1,0,1,0,27,37,28,4,4,5,7,2,0,0,0,7,0,4,1,0,1,1,0,1,0,0,0,7,13,,,1,27,38,27,10,1,2,0,0
NY1190907240,box,1909-07-24,0,NYC10,R,1,NY1,CHN,1,0,1,0,1,,33,1,8,8,0,0,0,,1,,0,0,4,1,0,0,0,0,0,0,5,1,1,0,0,0,1,0,1,0,27,37,28,4,4,5,7,2,0,0,0,7,0,4,1,0,1,1,0,1,0,0,0,0,0,,,1,27,38,27,10,1,2,0,0
BSN190907260,evt,1909-07-26,0,BOS05,R,0,NY1,BSN,1,0,0,1,1,72,63,3,15,18,1,1,0,0,1,,6,0,7,0,0,3,0,2,2,0,18,1,1,1,0,0,0,0,0,0,51,63,58,3,2,11,15,2,1,0,0,4,0,10,1,0,1,0,0,1,0,0,0,20,14,,,1,51,84,51,29,4,1,0,0
BSN190907260,box,1909-07-26,0,BOS05,R,0,NY1,BSN,1,0,0,1,1,,63,3,15,18,1,1,0,,1,,6,0,7,0,0,3,0,2,2,0,18,1,1,1,0,0,0,0,0,0,51,63,58,3,2,11,15,2,1,0,0,4,0,10,1,0,1,0,0,1,0,0,0,0,0,,,1,51,84,51,29,4,1,0,0
BSN190907271,evt,1909-07-27,1,BOS05,R,0,NY1,BSN,1,0,1,0,1,39,37,4,14,16,2,0,0,0,4,,0,0,2,0,1,1,0,1,1,0,8,1,1,0,0,0,1,0,1,0,24,38,34,7,5,14,21,3,2,0,0,2,0,2,0,0,1,1,0,1,0,1,0,9,9,,,1,24,44,24,15,5,2,0,0
BSN190907271,box,1909-07-27,1,BOS05,R,0,NY1,BSN,1,0,1,0,1,,37,4,14,16,2,0,0,,4,,0,0,2,0,1,1,0,1,1,0,8,1,1,0,0,0,1,0,1,0,24,38,34,7,5,14,21,3,2,0,0,2,0,2,0,0,1,1,0,1,0,0,0,0,0,,,1,24,44,24,15,5,2,0,0
BSN190907272,evt,1909-07-27,2,BOS05,R,0,NY1,BSN,1,1,0,0,1,39,33,6,8,8,0,0,0,0,5,,3,0,0,2,2,1,0,2,0,0,6,1,1,1,0,0,0,1,0,0,27,39,37,2,0,7,7,0,0,0,0,2,0,8,0,0,0,0,0,0,0,0,0,10,9,,,1,27,40,27,10,3,0,0,0
BSN190907272,box,1909-07-27,2,BOS05,R,0,NY1,BSN,1,1,0,0,1,,33,6,8,8,0,0,0,,5,,3,0,0,2,2,1,0,2,0,0,6,1,1,1,0,0,0,1,0,0,27,39,37,2,0,7,7,0,0,0,0,2,0,8,0,0,0,0,0,0,0,0,0,0,0,,,1,27,40,27,10,3,0,0,0
BSN190907281,evt,1909-07-28,1,BOS05,R,0,NY1,BSN,1,1,0,0,1,43,36,7,13,15,2,0,0,0,3,,3,0,5,0,0,4,0,3,0,0,9,1,1,1,0,0,0,1,0,0,27,40,39,4,4,11,12,1,0,0,0,1,0,2,0,0,0,0,0,0,0,0,0,14,11,,,1,27,41,27,13,1,0,0,0
BSN190907281,box,1909-07-28,1,BOS05,R,0,NY1,BSN,1,1,0,0,1,,36,7,13,15,2,0,0,,3,,3,0,5,0,0,4,0,3,0,0,9,1,1,1,0,0,0,1,0,0,27,40,39,4,4,11,12,1,0,0,0,1,0,2,0,0,0,0,0,0,0,0,0,0,0,,,1,27,41,27,13,1,0,0,0
BSN190907282,evt,1909-07-28,2,BOS05,R,0,NY1,BSN,1,1,0,0,1,42,31,4,10,12,2,0,0,0,3,,10,1,4,1,0,1,0,1,3,0,11,1,1,0,0,0,1,1,0,0,27,37,35,3,2,9,13,2,1,0,0,2,0,5,0,0,0,0,0,0,0,1,0,6,15,,,1,27,33,27,5,1,1,0,0
BSN190907282,box,1909-07-28,2,BOS05,R,0,NY1,BSN,1,1,0,0,1,,31,4,10,12,2,0,0,,3,,10,1,4,1,0,1,0,1,3,0,11,1,1,0,0,0,1,1,0,0,27,37,35,3,2,9,13,2,1,0,0,2,0,5,0,0,0,0,0,0,0,0,0,0,0,,,1,27,33,27,5,1,1,0,0
PIT190907300,evt,1909-07-30,0,PIT06,R,0,NY1,PIT,1,0,1,0,1,37,35,1,9,11,2,0,0,0,1,,2,0,5,0,0,0,0,1,1,0,9,1,1,0,0,0,1,0,1,0,24,29,27,3,3,5,7,2,0,0,0,1,0,2,1,0,1,0,0,0,0,0,0,12,7,,,1,24,38,24,14,0,1,0,0
PIT190907300,box,1909-07-30,0,PIT06,R,0,NY1,PIT,1,0,1,0,1,,35,1,9,11,2,0,0,,1,,2,0,5,0,0,0,0,1,1,0,9,1,1,0,0,0,1,0,1,0,24,29,27,3,3,5,7,2,0,0,0,1,0,2,1,0,1,0,0,0,0,0,0,0,0,,,1,24,38,24,14,0,1,0,0
PIT190907310,evt,1909-07-31,0,PIT06,R,0,NY1,PIT,1,1,0,0,1,39,35,4,10,13,1,1,0,0,3,,1,1,2,0,2,1,0,2,1,0,8,1,1,1,1,0,0,1,0,0,27,29,27,0,0,1,1,0,0,0,0,1,0,2,0,0,1,0,0,0,0,0,0,7,17,,,1,27,33,27,6,0,0,0,0
PIT190907310,box,1909-07-31,0,PIT06,R,0,NY1,PIT,1,1,0,0,1,,35,4,10,13,1,1,0,,3,,1,1,2,0,2,1,0,2,1,0,8,1,1,1,1,0,0,1,0,0,27,29,27,0,0,1,1,0,0,0,0,1,0,2,0,0,1,0,0,0,0,0,0,0,0,,,1,27,33,27,6,0,0,0,0
CIN190908030,evt,1909-08-03,0,CIN06,R,0,NY1,CIN,1,1,0,0,1,46,39,7,11,14,3,0,0,0,6,,6,0,6,1,1,0,0,0,2,0,9,1,1,1,0,0,0,1,0,0,30,46,42,6,2,15,17,0,1,0,0,3,0,3,0,0,1,0,0,0,0,0,0,16,6,,,1,30,36,22,11,3,1,0,0
CIN190908030,box,1909-08-03,0,CIN06,R,0,NY1,CIN,1,1,0,0,1,,39,7,11,14,3,0,0,,6,,6,0,6,1,1,0,0,0,2,0,9,1,1,1,0,0,0,1,0,0,30,46,42,6,2,15,17,0,1,0,0,3,0,3,0,0,1,0,0,0,0,0,0,0,0,,,1,30,48,30,15,3,1,0,0
CIN190908050,evt,1909-08-05,0,CIN06,R,0,NY1,CIN,1,0,1,0,1,32,29,1,6,7,1,0,0,0,1,,3,0,2,1,0,0,0,1,3,0,4,1,1,0,0,0,1,0,1,0,24,36,31,5,2,9,9,0,0,0,0,4,0,7,0,0,1,0,0,0,0,0,0,6,8,,,1,24,32,24,6,2,0,0,0
CIN190908050,box,1909-08-05,0,CIN06,R,0,NY1,CIN,1,0,1,0,1,,29,1,6,7,1,0,0,,1,,3,0,2,1,0,0,0,1,3,0,4,1,1,0,0,0,1,0,1,0,24,36,31,5,2,9,9,0,0,0,0,4,0,7,0,0,1,0,0,0,0,0,0,0,0,,,1,24,32,24,6,2,0,0,0
CIN190908060,evt,1909-08-06,0,CIN06,R,0,NY1,CIN,1,0,1,0,1,39,36,0,8,9,1,0,0,0,0,,2,1,2,0,0,1,0,0,1,0,9,1,1,1,0,0,0,0,1,0,28,38,34,1,0,10,10,0,0,0,0,3,0,7,1,0,1,0,0,0,0,0,0,11,6,,,1,28,44,27,14,3,1,0,0
CIN190908060,box,1909-08-06,0,CIN06,R,0,NY1,CIN,1,0,1,0,1,,36,0,8,9,1,0,0,,0,,2,1,2,0,0,1,0,0,1,0,9,1,1,1,0,0,0,0,1,0,28,38,34,1,0,10,10,0,0,0,0,3,0,7,1,0,1,0,0,0,0,0,0,0,0,,,1,28,44,27,14,3,1,0,0
SLN190908070,evt,1909-08-07,0,STL05,R,0,NY1,SLN,1,1,0,0,1,39,35,7,11,11,0,0,0,0,7,,3,0,4,1,1,0,0,2,2,0,5,1,1,1,0,0,0,1,0,0,27,33,31,1,1,6,8,2,0,0,0,2,0,7,2,0,0,0,0,0,0,0,0,7,11,,,1,27,36,27,8,1,2,0,0
SLN190908070,box,1909-08-07,0,STL05,R,0,NY1,SLN,1,1,0,0,1,,35,7,11,11,0,0,0,,7,,3,0,4,1,1,0,0,2,2,0,5,1,1,1,0,0,0,1,0,0,27,33,31,1,1,6,8,2,0,0,0,2,0,7,2,0,0,0,0,0,0,0,0,0,0,,,1,27,36,27,8,1,2,0,0
SLN190908080,evt,1909-08-08,0,STL05,R,0,NY1,SLN,1,1,0,0,1,34,26,3,3,3,0,0,0,0,2,,5,0,0,0,1,1,1,5,2,0,4,1,1,1,1,0,0,1,0,0,27,31,30,0,0,5,5,0,0,0,0,1,0,3,1,0,0,0,0,0,0,0,0,20,2,,,1,27,16,10,6,0,2,0,0
SLN190908080,box,1909-08-08,0,STL05,R,0,NY1,SLN,1,1,0,0,1,,26,3,3,3,0,0,0,,2,,5,0,,0,1,1,1,5,2,0,4,1,1,1,1,0,0,1,0,0,27,31,30,0,0,5,5,0,0,0,0,1,0,,1,0,0,0,0,0,0,0,0,0,0,,,1,27,38,27,11,0,2,0,0
SLN190908090,evt,1909-08-09,0,STL05,R,0,NY1,SLN,1,1,0,0,1,38,32,4,9,11,0,1,0,0,4,,3,0,3,1,0,1,2,1,2,0,4,1,1,0,0,0,1,1,0,0,30,43,32,3,1,5,6,1,0,0,0,9,1,4,0,0,1,1,0,0,0,2,2,16,8,,,1,30,27,19,7,1,0,0,0
SLN190908090,box,1909-08-09,0,STL05,R,0,NY1,SLN,1,1,0,0,1,,32,4,9,11,0,1,0,,4,,3,0,3,1,0,1,2,1,2,0,4,1,1,0,0,0,1,1,0,0,30,43,32,3,1,5,6,1,0,0,0,9,1,4,0,0,1,1,0,0,0,0,0,0,0,,,1,30,44,30,13,1,0,0,0
SLN190908100,evt,1909-08-10,0,STL05,R,0,NY1,SLN,1,1,0,0,1,38,34,6,9,13,1,0,1,0,6,,4,1,2,0,0,0,0,2,1,0,5,1,1,1,0,0,0,1,0,0,27,39,36,5,4,9,13,2,1,0,0,2,0,3,0,1,0,0,0,0,0,0,0,16,7,,,1,27,35,21,11,3,0,0,2
SLN190908100,box,1909-08-10,0,STL05,R,0,NY1,SLN,1,1,0,0,1,,34,6,9,13,1,0,1,,6,,4,1,0,0,0,0,0,2,1,0,5,1,1,1,0,0,0,1,0,0,27,39,36,5,4,9,13,2,1,0,0,2,0,,0,1,0,0,0,0,0,0,0,0,0,,,1,27,46,27,16,3,0,0,2
SLN190908110,evt,1909-08-11,0,STL05,R,0,NY1,SLN,1,1,0,0,1,57,46,19,23,27,1,0,1,0,17,,6,0,3,0,2,1,2,1,1,0,11,1,1,1,0,0,0,1,0,0,27,41,38,3,2,11,15,0,2,0,0,2,0,1,1,0,0,1,0,0,0,0,0,18,7,,,1,27,31,18,10,3,1,0,0
SLN190908110,box,1909-08-11,0,STL05,R,0,NY1,SLN,1,1,0,0,1,,46,19,23,27,1,0,1,,17,,6,0,0,0,2,1,2,1,1,0,11,1,1,1,0,0,0,1,0,0,27,41,38,3,2,11,15,0,2,0,0,2,0,,1,0,0,1,0,0,0,0,0,0,0,,,1,27,43,27,13,3,1,0,0
CHN190908121,evt,1909-08-12,1,CHI08,R,0,NY1,CHN,1,1,0,0,1,36,35,5,8,8,0,0,0,0,5,,1,0,3,1,0,0,0,0,0,0,4,1,1,1,0,0,0,1,0,0,27,34,31,2,1,5,5,0,0,0,0,3,0,7,0,0,0,0,0,0,0,0,0,9,10,,,1,27,37,27,8,2,0,0,0
CHN190908121,box,1909-08-12,1,CHI08,R,0,NY1,CHN,1,1,0,0,1,,35,5,8,8,0,0,0,,5,,1,0,3,1,0,0,0,0,0,0,4,1,1,1,0,0,0,1,0,0,27,34,31,2,1,5,5,0,0,0,0,3,0,7,0,0,0,0,0,0,0,0,0,0,0,,,1,27,37,27,8,2,0,0,0
CHN190908122,evt,1909-08-12,2,CHI08,R,0,NY1,CHN,1,1,0,0,1,34,33,3,8,10,2,0,0,0,3,,0,0,4,0,0,0,1,0,0,0,4,1,1,1,1,0,0,1,0,0,27,30,29,0,0,4,5,1,0,0,0,0,0,5,0,0,1,0,0,0,0,0,0,9,11,,,1,27,36,27,9,0,0,0,0
CHN190908122,box,1909-08-12,2,CHI08,R,0,NY1,CHN,1,1,0,0,1,,33,3,8,10,2,0,0,,3,,0,0,4,0,0,0,1,0,0,0,4,1,1,1,1,0,0,1,0,0,27,30,29,0,0,4,5,1,0,0,0,0,0,5,0,0,1,0,0,0,0,0,0,0,0,,,1,27,36,27,9,0,0,0,0
CHN190908130,evt,1909-08-13,0,CHI08,R,0,NY1,CHN,1,1,0,0,1,38,36,6,12,14,2,0,0,0,6,,1,0,6,0,0,1,0,2,1,0,5,1,1,1,0,0,0,1,0,0,27,36,32,2,2,7,12,2,0,1,0,3,0,2,1,0,1,0,0,0,0,0,0,15,8,,,1,27,43,27,15,1,2,0,0
CHN190908130,box,1909-08-13,0,CHI08,R,0,NY1,CHN,1,1,0,0,1,,36,6,12,14,2,0,0,,6,,1,0,6,0,0,1,0,2,1,0,5,1,1,1,0,0,0,1,0,0,27,36,32,2,2,7,12,2,0,1,0,3,0,2,1,0,1,0,0,0,0,0,0,0,0,,,1,27,43,27,15,1,2,0,0
CHN190908140,evt,1909-08-14,0,CHI08,R,0,NY1,CHN,1,1,0,0,1,38,30,5,6,6,0,0,0,0,5,,4,0,2,0,1,2,1,3,1,0,6,1,1,1,0,0,0,1,0,0,27,36,32,2,2,7,9,2,0,0,0,3,0,3,0,0,1,0,0,1,0,0,0,11,10,,,1,27,43,27,15,1,0,0,0
CHN190908140,box,1909-08-14,0,CHI08,R,0,NY1,CHN,1,1,0,0,1,,30,5,6,6,0,0,0,,5,,4,0,2,0,1,2,1,3,1,0,6,1,1,1,0,0,0,1,0,0,27,36,32,2,2,7,9,2,0,0,0,3,0,3,0,0,1,0,0,1,0,0,0,0,0,,,1,27,43,27,15,1,0,0,0
CHN190908150,evt,1909-08-15,0,CHI08,R,0,NY1,CHN,1,0,1,0,1,30,30,0,4,4,0,0,0,0,0,,0,0,4,0,0,0,0,0,1,0,3,1,1,1,0,0,0,0,1,0,24,40,37,9,3,11,12,1,0,0,0,3,0,4,0,0,0,0,0,0,0,0,0,12,7,,,1,24,40,24,13,3,0,0,1
CHN190908150,box,1909-08-15,0,CHI08,R,0,NY1,CHN,1,0,1,0,1,,30,0,4,4,0,0,0,,0,,0,0,4,0,0,0,0,0,1,0,3,1,1,1,0,0,0,0,1,0,24,40,37,9,3,11,12,1,0,0,0,3,0,4,0,0,0,0,0,0,0,0,0,0,0,,,1,24,40,24,13,3,0,0,1
PIT190908160,evt,1909-08-16,0,PIT06,R,0,NY1,PIT,1,0,0,1,1,31,27,2,6,6,0,0,0,0,2,,1,0,1,0,0,3,0,0,3,0,5,1,1,1,0,0,0,0,0,0,24,32,29,2,2,7,12,1,2,0,0,2,1,2,0,0,0,1,0,0,0,0,0,12,9,,,1,24,34,24,10,0,1,0,0
PIT190908160,box,1909-08-16,0,PIT06,R,0,NY1,PIT,1,0,0,1,1,,27,2,6,6,0,0,0,,2,,1,0,1,0,0,3,0,0,3,0,5,1,1,1,0,0,0,0,0,0,24,32,29,2,2,7,12,1,2,0,0,2,1,2,0,0,0,1,0,0,0,0,0,0,0,,,1,24,34,24,10,0,1,0,0
PHI190908181,evt,1909-08-18,1,PHI09,R,0,NY1,PHI,1,1,0,0,1,50,41,14,17,23,4,1,0,0,11,,7,0,1,0,1,1,0,8,0,0,9,1,1,1,0,0,0,1,0,0,27,37,36,1,1,8,9,1,0,0,0,0,0,6,0,1,0,0,0,0,0,0,0,8,13,,,1,27,36,27,7,2,0,0,0
PHI190908181,box,1909-08-18,1,PHI09,R,0,NY1,PHI,1,1,0,0,1,,41,14,17,23,4,1,0,,11,,7,0,1,0,1,1,0,8,0,0,9,1,1,1,0,0,0,1,0,0,27,37,36,1,1,8,9,1,0,0,0,0,0,6,0,1,0,0,0,0,0,0,0,0,0,,,1,27,36,27,7,2,0,0,0
PHI190908182,evt,1909-08-18,2,PHI09,R,0,NY1,PHI,1,1,0,0,1,41,40,5,11,14,3,0,0,0,3,,1,0,4,0,0,0,0,1,3,0,9,1,1,1,0,0,0,1,0,0,27,36,31,4,3,8,9,1,0,0,0,1,0,0,0,0,4,0,0,0,0,0,0,11,9,,,1,27,47,27,18,2,1,0,0
PHI190908182,box,1909-08-18,2,PHI09,R,0,NY1,PHI,1,1,0,0,1,,40,5,11,14,3,0,0,,3,,1,0,4,0,0,0,0,1,3,0,9,1,1,1,0,0,0,1,0,0,27,36,31,4,3,8,9,1,0,0,0,1,0,0,0,0,4,0,0,0,0,0,0,0,0,,,1,27,47,27,18,2,1,0,0
PHI190908191,evt,1909-08-19,1,PHI09,R,0,NY1,PHI,1,1,0,0,1,46,38,6,17,23,3,0,1,0,6,,6,0,4,1,1,1,0,1,2,0,13,1,1,0,0,0,1,1,0,0,27,42,37,4,3,10,14,4,0,0,0,3,0,2,0,1,1,0,0,0,0,2,0,2,19,,,1,27,39,27,7,5,1,0,0
PHI190908191,box,1909-08-19,1,PHI09,R,0,NY1,PHI,1,1,0,0,1,,38,6,17,23,3,0,1,,6,,6,0,4,1,1,1,0,1,2,0,13,1,1,0,0,0,1,1,0,0,27,42,37,4,3,10,14,4,0,0,0,3,0,2,0,1,1,0,0,0,0,0,0,0,0,,,1,27,39,27,7,5,1,0,0
PHI190908192,evt,1909-08-19,2,PHI09,R,0,NY1,PHI,1,0,1,0,1,31,28,0,5,7,2,0,0,0,0,,2,0,2,0,1,0,0,0,1,0,4,1,1,1,0,0,0,0,1,0,26,32,30,1,1,7,9,0,1,0,0,1,0,6,0,0,1,0,0,0,0,0,0,16,0,,,1,26,8,6,0,2,0,0,0
PHI190908192,box,1909-08-19,2,PHI09,R,0,NY1,PHI,1,0,1,0,1,,28,0,5,7,2,0,0,,0,,2,0,2,0,1,0,0,0,1,0,4,1,1,1,0,0,0,0,1,0,26,32,30,1,1,7,9,0,1,0,0,1,0,6,0,0,1,0,0,0,0,0,0,0,0,,,1,26,42,26,14,2,0,0,0
NY1190908200,evt,1909-08-20,0,NYC10,R,1,NY1,CIN,1,0,1,0,1,37,34,3,7,10,3,0,0,0,1,,3,0,4,0,0,0,0,0,1,0,7,1,1,0,0,0,1,0,1,0,27,45,38,11,10,18,20,0,1,0,0,4,0,7,0,0,3,0,0,0,0,0,0,9,3,,,1,27,47,27,18,2,1,0,1
NY1190908200,box,1909-08-20,0,NYC10,R,1,NY1,CIN,1,0,1,0,1,,34,3,7,10,3,0,0,,1,,3,0,4,0,0,0,0,0,1,0,7,1,1,0,0,0,1,0,1,0,27,45,38,11,10,18,20,0,1,0,0,4,0,7,0,0,3,0,0,0,0,0,0,0,0,,,1,27,47,27,18,2,1,0,1
NY1190908210,evt,1909-08-21,0,NYC10,R,1,NY1,CIN,1,1,0,0,1,29,26,1,4,4,0,0,0,0,1,,2,0,3,0,0,1,0,3,1,0,4,1,1,1,1,0,0,1,0,0,27,29,28,0,0,5,7,0,1,0,0,0,0,9,0,0,1,0,0,1,0,0,0,5,9,,,1,27,37,27,10,0,0,0,1
NY1190908210,box,1909-08-21,0,NYC10,R,1,NY1,CIN,1,1,0,0,1,,26,1,4,4,0,0,0,,1,,2,0,3,0,0,1,0,3,1,0,4,1,1,1,1,0,0,1,0,0,27,29,28,0,0,5,7,0,1,0,0,0,0,9,0,0,1,0,0,1,0,0,0,0,0,,,1,27,37,27,10,0,0,0,1
NY1190908230,evt,1909-08-23,0,NYC10,R,1,NY1,CIN,1,1,0,0,1,42,33,12,13,15,2,0,0,0,9,,6,1,3,1,1,0,2,9,0,0,6,1,1,0,0,0,1,1,0,0,27,44,39,9,8,12,21,2,2,1,0,4,0,10,0,0,1,0,0,1,0,1,0,8,8,,,1,27,37,27,8,2,0,0,0
NY1190908230,box,1909-08-23,0,NYC10,R,1,NY1,CIN,1,1,0,0,1,,33,12,13,15,2,0,0,,9,,6,1,3,1,1,0,2,9,0,0,6,1,1,0,0,0,1,1,0,0,27,44,39,9,8,12,21,2,2,1,0,4,0,10,0,0,1,0,0,1,0,0,0,0,0,,,1,27,37,27,8,2,0,0,0
NY1190908241,evt,1909-08-24,1,NYC10,R,1,NY1,PIT,1,1,0,0,1,30,25,4,6,11,3,1,0,0,4,,3,0,3,0,0,1,1,0,2,0,2,1,1,0,0,0,1,1,0,1,27,36,34,3,3,10,15,0,1,1,0,1,0,6,1,0,1,0,0,0,0,2,1,10,8,,,1,27,38,27,11,0,2,0,0
NY1190908241,box,1909-08-24,1,NYC10,R,1,NY1,PIT,1,1,0,0,1,,25,4,6,11,3,1,0,,4,,3,0,3,0,0,1,1,0,2,0,2,1,1,0,0,0,1,1,0,1,27,36,34,3,3,10,15,0,1,1,0,1,0,6,1,0,1,0,0,0,0,0,0,0,0,,,1,27,38,27,11,0,2,0,0
NY1190908242,evt,1909-08-24,2,NYC10,R,1,NY1,PIT,1,0,1,0,1,37,34,3,9,13,0,2,0,0,3,,2,0,4,0,0,0,1,1,1,0,7,1,1,1,0,0,0,0,1,0,27,41,36,11,6,11,23,2,2,2,0,3,0,3,0,0,0,2,0,0,0,0,0,8,13,,,1,27,48,27,17,4,0,0,0
NY1190908242,box,1909-08-24,2,NYC10,R,1,NY1,PIT,1,0,1,0,1,,34,3,9,13,0,2,0,,3,,2,0,4,0,0,0,1,1,1,0,7,1,1,1,0,0,0,0,1,0,27,41,36,11,6,11,23,2,2,2,0,3,0,3,0,0,0,2,0,0,0,0,0,0,0,,,1,27,48,27,17,4,0,0,0
NY1190908250,evt,1909-08-25,0,NYC10,R,1,NY1,PIT,1,1,0,0,1,31,30,3,9,12,3,0,0,0,3,,1,1,1,0,0,0,0,0,1,0,4,1,1,1,0,0,0,1,0,0,27,33,33,2,0,5,7,2,0,0,0,0,0,2,0,0,0,0,0,0,0,0,0,11,10,,,1,27,43,27,14,2,0,0,1
NY1190908250,box,1909-08-25,0,NYC10,R,1,NY1,PIT,1,1,0,0,1,,30,3,9,12,3,0,0,,3,,1,1,1,0,0,0,0,0,1,0,4,1,1,1,0,0,0,1,0,0,27,33,33,2,0,5,7,2,0,0,0,0,0,2,0,0,0,0,0,0,0,0,0,0,0,,,1,27,42,27,13,2,0,0,1
NY1190908260,evt,1909-08-26,0,NYC10,R,1,NY1,PIT,1,0,1,0,1,36,30,3,5,7,0,1,0,0,3,,5,1,1,0,1,0,0,1,1,0,6,1,1,1,0,0,0,0,1,0,27,39,37,6,6,14,18,1,0,1,0,1,0,7,1,0,1,0,0,0,0,0,0,7,7,,,1,27,40,27,10,3,1,0,0
NY1190908260,box,1909-08-26,0,NYC10,R,1,NY1,PIT,1,0,1,0,1,,30,3,5,7,0,1,0,,3,,5,1,1,0,1,0,0,1,1,0,6,1,1,1,0,0,0,0,1,0,27,39,37,6,6,14,18,1,0,1,0,1,0,7,1,0,1,0,0,0,0,0,0,0,0,,,1,27,40,27,10,3,1,0,0
NY1190908270,evt,1909-08-27,0,NYC10,R,1,NY1,CHN,1,0,1,0,1,40,39,6,12,16,0,2,0,0,4,,1,0,7,0,0,0,0,0,1,0,7,1,1,0,0,0,1,0,1,0,27,40,37,8,5,10,21,3,1,2,0,2,0,4,0,1,0,0,0,0,0,0,0,10,10,,,1,27,42,27,12,3,0,0,0
NY1190908270,box,1909-08-27,0,NYC10,R,1,NY1,CHN,1,0,1,0,1,,39,6,12,16,0,2,0,,4,,1,0,7,0,0,0,0,0,1,0,7,1,1,0,0,0,1,0,1,0,27,40,37,8,5,10,21,3,1,2,0,2,0,4,0,1,0,0,0,0,0,0,0,0,0,,,1,27,42,27,12,3,0,0,0
NY1190908280,evt,1909-08-28,0,NYC10,R,1,NY1,CHN,1,0,1,0,1,36,35,1,7,7,0,0,0,0,1,,1,0,3,0,0,0,0,1,0,0,8,1,1,0,0,0,1,0,1,0,27,37,32,6,4,6,6,0,0,0,0,2,0,9,0,0,1,2,0,1,0,0,0,6,10,,,1,27,44,27,12,5,0,0,0
NY1190908280,box,1909-08-28,0,NYC10,R,1,NY1,CHN,1,0,1,0,1,,35,1,7,7,0,0,0,,1,,1,0,3,0,0,0,0,1,0,0,8,1,1,0,0,0,1,0,1,0,27,37,32,6,4,6,6,0,0,0,0,2,0,9,0,0,1,2,0,1,0,0,0,0,0,,,1,27,44,27,12,5,0,0,0
NY1190908301,evt,1909-08-30,1,NYC10,R,1,NY1,CHN,1,0,1,0,1,40,36,0,6,8,2,0,0,0,0,,3,0,3,0,1,0,0,1,2,0,7,1,1,1,0,0,0,0,1,0,33,42,36,2,2,6,11,3,1,0,0,3,0,7,0,0,2,1,0,0,0,0,0,7,13,,,1,33,47,33,13,1,0,0,0
NY1190908301,box,1909-08-30,1,NYC10,R,1,NY1,CHN,1,0,1,0,1,,36,0,6,8,2,0,0,,0,,3,0,3,0,1,0,0,1,2,0,7,1,1,1,0,0,0,0,1,0,33,42,36,2,2,6,11,3,1,0,0,3,0,7,0,0,2,1,0,0,0,0,0,0,0,,,1,33,47,33,13,1,0,0,0
NY1190908302,evt,1909-08-30,2,NYC10,R,1,NY1,CHN,1,1,0,0,1,33,29,5,5,6,1,0,0,0,2,,3,0,5,0,1,0,0,4,1,0,4,1,1,1,1,0,0,1,0,0,27,32,30,0,0,5,6,1,0,0,0,0,0,2,1,0,2,0,0,0,0,0,0,8,14,,,1,27,37,27,9,1,1,0,0
NY1190908302,box,1909-08-30,2,NYC10,R,1,NY1,CHN,1,1,0,0,1,,29,5,5,6,1,0,0,,2,,3,0,5,0,1,0,0,4,1,0,4,1,1,1,1,0,0,1,0,0,27,32,30,0,0,5,6,1,0,0,0,0,0,2,1,0,2,0,0,0,0,0,0,0,0,,,1,27,37,27,9,1,1,0,0
NY1190908310,evt,1909-08-31,0,NYC10,R,1,NY1,CHN,1,0,1,0,1,31,30,0,5,5,0,0,0,0,0,,1,0,3,0,0,0,0,1,2,0,4,1,1,1,0,0,0,0,1,0,27,35,29,2,1,5,6,1,0,0,0,4,0,2,1,0,2,0,0,0,0,0,0,7,11,,,1,27,45,27,16,2,1,0,0
NY1190908310,box,1909-08-31,0,NYC10,R,1,NY1,CHN,1,0,1,0,1,,30,0,5,5,0,0,0,,0,,1,0,3,0,0,0,0,1,2,0,4,1,1,1,0,0,0,0,1,0,27,35,29,2,1,5,6,1,0,0,0,4,0,2,1,0,2,0,0,0,0,0,0,0,0,,,1,27,45,27,16,2,1,0,0
NY1190909010,evt,1909-09-01,0,NYC10,R,1,NY1,SLN,1,1,0,0,1,39,26,9,8,11,3,0,0,0,9,,8,0,2,1,2,2,1,4,2,0,6,1,1,0,0,0,1,1,0,1,27,42,38,6,5,11,15,1,0,1,0,4,0,2,1,0,0,0,0,1,0,0,0,18,5,,,1,27,50,27,19,4,1,0,0
NY1190909010,box,1909-09-01,0,NYC10,R,1,NY1,SLN,1,1,0,0,1,,26,9,8,11,3,0,0,,9,,8,0,2,1,2,2,1,4,2,0,6,1,1,0,0,0,1,1,0,1,27,42,38,6,5,11,15,1,0,1,0,4,0,2,1,0,0,0,0,1,0,0,0,0,0,,,1,27,50,27,19,4,1,0,0
NY1190909020,evt,1909-09-02,0,NYC10,R,1,NY1,SLN,1,0,1,0,1,38,30,2,5,8,3,0,0,0,2,,7,0,2,1,1,0,0,3,1,0,9,1,1,0,0,0,1,0,1,0,27,35,31,5,1,4,4,0,0,0,0,3,0,11,0,0,1,0,0,0,0,0,0,3,8,,,1,27,40,27,8,5,0,0,1
NY1190909020,box,1909-09-02,0,NYC10,R,1,NY1,SLN,1,0,1,0,1,,30,2,5,8,3,0,0,,2,,7,0,2,1,1,0,0,3,1,0,9,1,1,0,0,0,1,0,1,0,27,35,31,5,1,4,4,0,0,0,0,3,0,11,0,0,1,0,0,0,0,0,0,0,0,,,1,27,40,27,8,5,0,0,1
NY1190909030,evt,1909-09-03,0,NYC10,R,1,NY1,SLN,1,1,0,0,1,36,28,7,11,14,1,1,0,0,7,,4,0,5,1,0,1,3,2,1,0,5,1,1,1,0,0,0,1,0,0,27,45,38,4,2,11,13,0,1,0,0,7,0,7,1,0,0,0,0,0,0,0,0,10,8,,,1,27,44,27,14,3,1,0,0
NY1190909030,box,1909-09-03,0,NYC10,R,1,NY1,SLN,1,1,0,0,1,,28,7,11,14,1,1,0,,7,,4,0,5,1,0,1,3,2,1,0,5,1,1,1,0,0,0,1,0,0,27,45,38,4,2,11,13,0,1,0,0,7,0,7,1,0,0,0,0,0,0,0,0,0,0,,,1,27,44,27,14,3,1,0,0
NY1190909040,evt,1909-09-04,0,NYC10,R,1,NY1,BSN,1,1,0,0,1,36,32,7,13,21,3,1,1,0,4,,3,0,0,1,0,0,1,2,3,0,5,1,1,1,0,0,0,1,0,0,27,38,36,3,3,9,10,1,0,0,0,2,0,3,1,0,0,0,0,0,0,0,0,10,13,,,1,27,38,27,10,1,1,0,0
NY1190909040,box,1909-09-04,0,NYC10,R,1,NY1,BSN,1,1,0,0,1,,32,7,13,21,3,1,1,,4,,3,0,0,1,0,0,1,2,3,0,5,1,1,1,0,0,0,1,0,0,27,38,36,3,3,9,10,1,0,0,0,2,0,3,1,0,0,0,0,0,0,0,0,0,0,,,1,27,38,27,10,1,1,0,0
NY1190909061,box,1909-09-06,1,NYC10,R,1,NY1,BSN,1,0,1,0,1,,29,0,6,6,0,0,0,,0,,3,0,0,0,3,1,0,0,3,0,9,1,1,1,0,0,0,0,1,0,27,38,30,2,0,7,8,1,0,0,0,4,0,,0,1,3,0,0,0,0,0,0,0,0,,,1,27,44,27,13,4,0,0,0
NY1190909061,ded,1909-09-06,1,NYC10,R,1,NY1,BSN,1,0,1,0,1,36,29,0,6,6,0,0,0,0,0,,3,0,0,0,3,1,0,0,3,0,9,1,1,1,0,0,0,0,1,0,27,38,30,2,0,7,8,1,0,0,0,4,0,1,0,1,3,0,0,0,0,0,0,16,4,,,1,27,14,8,2,4,0,0,0
NY1190909062,evt,1909-09-06,2,NYC10,R,1,NY1,BSN,1,1,0,0,1,45,37,5,13,20,1,3,0,0,4,,6,0,3,1,0,2,0,1,3,0,11,1,1,1,0,0,0,1,0,0,30,35,33,4,1,6,6,0,0,0,0,0,0,5,0,0,1,1,0,0,0,0,0,11,11,,,1,30,47,30,15,2,1,0,0
NY1190909062,box,1909-09-06,2,NYC10,R,1,NY1,BSN,1,1,0,0,1,,37,5,13,20,1,3,0,,4,,6,0,3,1,0,2,0,1,3,0,11,1,1,1,0,0,0,1,0,0,30,35,33,4,1,6,6,0,0,0,0,0,0,5,0,0,1,1,0,0,0,0,0,0,0,,,1,30,47,30,15,2,1,0,0
NY1190909070,evt,1909-09-07,0,NYC10,R,1,NY1,BSN,1,1,0,0,1,35,29,3,9,10,1,0,0,0,3,,5,0,4,0,1,0,0,5,4,0,8,1,1,1,0,0,0,1,0,0,27,33,31,1,1,11,12,1,0,0,0,1,0,1,0,0,1,0,0,0,0,0,0,7,11,,,1,27,45,27,18,0,2,0,0
NY1190909070,box,1909-09-07,0,NYC10,R,1,NY1,BSN,1,1,0,0,1,,29,3,9,10,1,0,0,,3,,5,0,4,0,1,0,0,5,4,0,8,1,1,1,0,0,0,1,0,0,27,33,31,1,1,11,12,1,0,0,0,1,0,1,0,0,1,0,0,0,0,0,0,0,0,,,1,27,45,27,18,0,2,0,0
NY1190909081,evt,1909-09-08,1,NYC10,R,1,NY1,BRO,1,1,0,0,1,37,32,7,11,19,2,0,2,0,6,,3,0,2,1,1,0,1,4,1,0,6,1,1,0,0,0,1,1,0,0,27,36,34,6,5,8,13,3,1,0,0,2,0,3,0,0,0,0,0,0,0,1,1,9,14,,,1,27,38,27,10,1,0,0,0
NY1190909081,box,1909-09-08,1,NYC10,R,1,NY1,BRO,1,1,0,0,1,,32,7,11,19,2,0,2,,6,,3,0,2,1,1,0,1,4,1,0,6,1,1,0,0,0,1,1,0,0,27,36,34,6,5,8,13,3,1,0,0,2,0,3,0,0,0,0,0,0,0,0,0,0,0,,,1,27,38,27,10,1,0,0,0
NY1190909082,evt,1909-09-08,2,NYC10,R,1,NY1,BRO,1,0,1,0,1,39,35,3,9,11,2,0,0,0,1,,3,0,3,1,1,0,0,1,0,0,9,1,1,1,0,0,0,0,1,0,27,38,36,6,4,11,15,2,1,0,0,1,0,5,0,0,1,0,0,0,0,0,0,8,8,,,1,27,44,27,13,4,1,0,0
NY1190909082,box,1909-09-08,2,NYC10,R,1,NY1,BRO,1,0,1,0,1,,35,3,9,11,2,0,0,,1,,3,0,3,1,1,0,0,1,0,0,9,1,1,1,0,0,0,0,1,0,27,38,36,6,4,11,15,2,1,0,0,1,0,5,0,0,1,0,0,0,0,0,0,0,0,,,1,27,44,27,13,4,1,0,0
NY1190909090,evt,1909-09-09,0,NYC10,R,1,NY1,BRO,1,1,0,0,1,36,34,6,11,18,2,1,1,0,6,,1,0,6,0,0,1,0,2,0,0,6,1,1,0,0,0,1,1,0,0,27,39,37,5,4,9,12,1,1,0,0,2,0,6,0,0,0,0,0,0,0,0,0,8,10,,,1,27,40,27,10,3,0,0,0
NY1190909090,box,1909-09-09,0,NYC10,R,1,NY1,BRO,1,1,0,0,1,,34,6,11,18,2,1,1,,6,,1,0,6,0,0,1,0,2,0,0,6,1,1,0,0,0,1,1,0,0,27,39,37,5,4,9,12,1,1,0,0,2,0,,0,0,0,0,0,0,0,0,0,0,0,,,1,27,40,27,10,3,0,0,0
NY1190909111,evt,1909-09-11,1,NYC10,R,1,NY1,BRO,1,1,0,0,1,33,27,4,6,9,0,0,1,1,4,,5,0,2,1,0,1,0,4,1,0,5,1,1,1,1,0,0,1,0,0,27,32,31,0,0,3,3,0,0,0,0,1,0,6,0,0,0,0,0,0,0,0,0,11,9,,,1,27,40,27,11,2,1,0,1
NY1190909111,box,1909-09-11,1,NYC10,R,1,NY1,BRO,1,1,0,0,1,,27,4,6,9,0,0,1,,4,,5,0,2,1,0,1,0,4,1,0,5,1,1,1,1,0,0,1,0,0,27,32,31,0,0,3,3,0,0,0,0,1,0,6,0,0,0,0,0,0,0,0,0,0,0,,,1,27,40,27,11,2,1,0,1
NY1190909112,evt,1909-09-11,2,NYC10,R,1,NY1,BRO,1,0,1,0,1,38,35,1,9,10,1,0,0,0,1,,2,0,4,0,0,1,0,0,1,0,10,1,1,0,0,0,1,0,1,0,27,44,32,10,6,11,13,0,1,0,0,7,0,2,1,0,5,0,0,0,0,0,0,9,7,,,1,27,48,27,16,5,1,0,0
NY1190909112,box,1909-09-11,2,NYC10,R,1,NY1,BRO,1,0,1,0,1,,35,1,9,10,1,0,0,,1,,2,0,4,0,0,1,0,0,1,0,10,1,1,0,0,0,1,0,1,0,27,44,32,10,6,11,13,0,1,0,0,7,0,2,1,0,5,0,0,0,0,0,0,0,0,,,1,27,48,27,16,5,1,0,0
BSN190909131,evt,1909-09-13,1,BOS05,R,0,NY1,BSN,1,0,1,0,1,34,33,1,6,7,1,0,0,0,1,,1,0,0,0,0,0,0,0,0,0,6,1,1,1,0,0,0,0,1,0,24,34,32,6,1,8,14,0,0,2,1,2,0,0,0,0,0,0,0,0,0,0,0,9,13,,,1,24,37,24,11,2,1,0,0
BSN190909131,box,1909-09-13,1,BOS05,R,0,NY1,BSN,1,0,1,0,1,,33,1,6,7,1,0,0,,1,,1,0,0,0,0,0,0,0,0,0,6,1,1,1,0,0,0,0,1,0,24,34,32,6,1,8,14,0,0,2,0,2,0,0,0,0,0,0,0,0,0,0,0,0,0,,,1,24,37,24,11,2,1,0,0
BSN190909132,evt,1909-09-13,2,BOS05,R,0,NY1,BSN,1,0,0,1,1,47,37,4,5,6,1,0,0,0,4,,9,0,4,0,0,0,1,1,3,0,4,1,1,1,0,0,0,0,0,0,39,55,47,4,3,11,12,1,0,0,0,4,0,8,0,0,4,0,0,0,0,0,0,21,5,,,1,39,65,39,22,4,0,0,0
BSN190909132,box,1909-09-13,2,BOS05,R,0,NY1,BSN,1,0,0,1,1,,37,4,5,6,1,0,0,,4,,9,0,4,0,0,0,1,1,3,0,4,1,1,1,0,0,0,0,0,0,39,55,47,4,3,11,12,1,0,0,0,4,0,8,0,0,4,0,0,0,0,0,0,0,0,,,1,39,65,39,22,4,0,0,0
BSN190909140,evt,1909-09-14,0,BOS05,R,0,NY1,BSN,1,0,1,0,1,36,30,0,5,6,1,0,0,0,0,,6,0,2,2,0,0,0,0,1,0,9,1,1,1,0,0,0,0,1,0,24,29,28,3,1,4,5,1,0,0,0,1,0,3,0,0,0,0,0,0,0,0,0,10,9,,,1,24,39,24,13,2,0,0,0
BSN190909140,box,1909-09-14,0,BOS05,R,0,NY1,BSN,1,0,1,0,1,,30,0,5,6,1,0,0,,0,,6,0,2,2,0,0,0,0,1,0,9,1,1,1,0,0,0,0,1,0,24,29,28,3,1,4,5,1,0,0,0,1,0,3,0,0,0,0,0,0,0,0,0,0,0,,,1,24,39,24,13,2,0,0,0
CHN190909160,evt,1909-09-16,0,CHI08,R,0,NY1,CHN,1,1,0,0,1,33,32,2,7,8,1,0,0,0,2,,0,0,2,0,0,1,0,2,2,0,4,1,1,1,0,0,0,1,0,0,27,33,33,1,1,7,8,1,0,0,0,0,0,4,1,0,0,0,0,0,0,0,0,14,7,,,1,27,44,27,14,3,1,0,0
CHN190909160,box,1909-09-16,0,CHI08,R,0,NY1,CHN,1,1,0,0,1,,32,2,7,8,1,0,0,,2,,0,0,2,0,0,1,0,2,2,0,4,1,1,1,0,0,0,1,0,0,27,33,33,1,1,7,8,1,0,0,0,0,0,4,1,0,0,0,0,0,0,0,0,0,0,,,1,27,43,27,13,3,1,0,0
CHN190909170,evt,1909-09-17,0,CHI08,R,0,NY1,CHN,1,1,0,0,1,35,34,4,8,10,2,0,0,0,3,,1,0,3,1,0,0,0,0,1,0,4,1,1,0,0,0,1,1,0,1,27,34,32,1,1,6,6,0,0,0,0,0,0,3,1,1,0,1,0,0,0,3,1,9,13,,,1,27,41,27,12,2,1,0,0
CHN190909170,box,1909-09-17,0,CHI08,R,0,NY1,CHN,1,1,0,0,1,,34,4,8,10,2,0,0,,3,,1,0,3,1,0,0,0,0,1,0,4,1,1,0,0,0,1,1,0,1,27,34,32,1,1,6,6,0,0,0,0,0,0,3,1,1,0,1,0,0,0,0,0,0,0,,,1,27,41,27,12,2,1,0,0
CHN190909180,evt,1909-09-18,0,CHI08,R,0,NY1,CHN,1,1,0,0,1,36,34,2,8,9,1,0,0,0,2,,2,0,6,0,0,0,0,5,0,0,7,1,1,1,1,0,0,1,0,0,27,31,30,0,0,3,3,0,0,0,0,0,0,4,1,0,1,0,0,1,0,0,0,13,7,,,1,27,42,27,13,2,1,0,0
CHN190909180,box,1909-09-18,0,CHI08,R,0,NY1,CHN,1,1,0,0,1,,34,2,8,9,1,0,0,,2,,2,0,6,0,0,0,0,5,0,0,7,1,1,1,1,0,0,1,0,0,27,31,30,0,0,3,3,0,0,0,0,0,0,4,1,0,1,0,0,1,0,0,0,0,0,,,1,27,42,27,13,2,1,0,0
CHN190909190,evt,1909-09-19,0,CHI08,R,0,NY1,CHN,1,0,0,1,1,57,52,4,13,15,0,1,0,0,3,,3,0,6,0,0,1,1,4,1,0,11,1,1,0,0,0,1,0,0,0,42,54,45,4,4,11,13,2,0,0,0,4,0,8,0,1,3,1,0,1,0,0,0,22,4,,,1,42,25,17,8,0,0,0,0
CHN190909190,box,1909-09-19,0,CHI08,R,0,NY1,CHN,1,0,0,1,1,,52,4,13,15,0,1,0,,3,,3,0,6,0,0,1,1,4,1,0,11,1,1,0,0,0,1,0,0,0,42,54,45,4,4,11,13,2,0,0,0,4,0,8,0,1,3,1,0,1,0,0,0,0,0,,,1,42,62,42,20,0,0,0,0
CHN190909200,evt,1909-09-20,0,CHI08,R,0,NY1,CHN,1,0,1,0,1,34,32,2,6,6,0,0,0,0,2,,2,0,1,0,0,0,0,1,1,0,5,1,1,0,0,0,1,0,1,0,24,34,27,3,2,5,6,1,0,0,0,3,0,7,0,1,3,0,0,0,0,0,0,5,9,,,1,24,36,24,9,3,0,0,0
CHN190909200,box,1909-09-20,0,CHI08,R,0,NY1,CHN,1,0,1,0,1,,32,2,6,6,0,0,0,,2,,2,0,1,0,0,0,0,1,1,0,5,1,1,0,0,0,1,0,1,0,24,34,27,3,2,5,6,1,0,0,0,3,0,7,0,1,3,0,0,0,0,0,0,0,0,,,1,24,37,24,10,3,0,0,0
SLN190909220,evt,1909-09-22,0,STL05,R,0,NY1,SLN,1,1,0,0,1,38,28,4,3,3,0,0,0,0,4,,7,0,4,1,1,0,2,3,1,0,7,1,1,1,0,0,0,1,0,0,27,40,39,3,0,12,13,1,0,0,0,1,0,7,0,0,0,0,0,0,0,0,0,10,7,,,1,27,48,27,16,5,1,0,0
SLN190909220,box,1909-09-22,0,STL05,R,0,NY1,SLN,1,1,0,0,1,,28,4,3,3,0,0,0,,4,,7,0,4,1,1,0,2,3,1,0,7,1,1,1,0,0,0,1,0,0,27,40,39,3,0,12,13,1,0,0,0,1,0,7,0,0,0,0,0,0,0,0,0,0,0,,,1,27,47,27,15,5,1,0,0
SLN190909231,evt,1909-09-23,1,STL05,R,0,NY1,SLN,1,1,0,0,1,40,37,5,14,17,1,1,0,0,5,,3,0,4,2,0,0,0,4,1,0,8,1,1,1,1,0,0,1,0,0,27,35,29,0,0,5,6,1,0,0,0,5,0,2,1,0,1,0,0,0,0,0,0,13,9,,,1,27,42,27,14,1,1,0,0
SLN190909231,box,1909-09-23,1,STL05,R,0,NY1,SLN,1,1,0,0,1,,37,5,14,17,1,1,0,,5,,3,0,4,2,0,0,0,4,1,0,8,1,1,1,1,0,0,1,0,0,27,35,29,0,0,5,6,1,0,0,0,5,0,2,1,0,1,0,0,0,0,0,0,0,0,,,1,27,42,27,14,1,1,0,0
SLN190909232,evt,1909-09-23,2,STL05,R,0,NY1,SLN,1,1,0,0,1,43,36,12,14,16,2,0,0,0,9,,6,0,6,0,1,0,0,8,1,0,7,1,1,0,0,0,1,1,0,0,24,45,34,5,3,10,10,0,0,0,0,10,0,2,2,1,0,0,0,0,0,3,0,15,4,,,1,24,31,17,11,3,3,0,0
SLN190909232,box,1909-09-23,2,STL05,R,0,NY1,SLN,1,1,0,0,1,,36,12,14,16,2,0,0,,9,,6,0,6,0,1,0,0,8,1,0,7,1,1,0,0,0,1,1,0,0,24,45,34,5,3,10,10,0,0,0,0,10,0,,2,1,0,0,0,0,0,0,0,0,0,,,1,24,40,24,13,3,3,0,0
CIN190909240,evt,1909-09-24,0,CIN06,R,0,NY1,CIN,1,1,0,0,1,43,38,12,13,20,1,3,0,0,11,,4,0,2,0,1,0,0,4,0,0,4,1,1,1,0,0,0,1,0,0,27,42,35,9,9,9,11,0,1,0,0,7,0,11,0,0,0,0,0,1,0,0,0,9,5,,,1,27,31,23,7,1,1,0,0
CIN190909240,box,1909-09-24,0,CIN06,R,0,NY1,CIN,1,1,0,0,1,,38,12,13,20,1,3,0,,11,,4,0,2,0,1,0,0,4,0,0,4,1,1,1,0,0,0,1,0,0,27,42,35,9,9,9,11,0,1,0,0,7,0,11,0,0,0,0,0,1,0,0,0,0,0,,,1,27,38,27,10,1,1,0,0
CIN190909251,evt,1909-09-25,1,CIN06,R,0,NY1,CIN,1,0,1,0,1,36,27,2,7,10,1,1,0,0,2,,5,0,2,1,1,1,2,0,1,0,7,1,1,0,0,0,1,0,1,0,24,37,29,5,3,10,10,0,0,0,0,4,0,5,0,0,4,0,0,1,0,0,0,6,5,,,1,24,31,18,8,5,0,0,0
CIN190909251,box,1909-09-25,1,CIN06,R,0,NY1,CIN,1,0,1,0,1,,27,2,7,10,1,1,0,,2,,5,0,2,1,1,1,2,0,1,0,7,1,1,0,0,0,1,0,1,0,24,37,29,5,3,10,10,0,0,0,0,4,0,5,0,0,4,0,0,1,0,0,0,0,0,,,1,24,43,24,14,5,0,0,0
CIN190909252,evt,1909-09-25,2,CIN06,R,0,NY1,CIN,1,0,0,1,1,34,31,1,7,8,1,0,0,0,0,,2,0,3,0,1,0,0,3,3,0,6,1,1,1,0,0,0,0,0,0,27,30,29,1,1,5,6,1,0,0,0,0,0,2,0,0,1,0,0,0,0,0,0,15,6,,,1,27,25,15,9,1,0,0,0
CIN190909252,box,1909-09-25,2,CIN06,R,0,NY1,CIN,1,0,0,1,1,,31,1,7,8,1,0,0,,0,,2,0,3,0,1,0,0,3,3,0,6,1,1,1,0,0,0,0,0,0,27,30,29,1,1,5,6,1,0,0,0,0,0,2,0,0,1,0,0,0,0,0,0,0,0,,,1,27,42,27,14,1,0,0,0
CIN190909261,evt,1909-09-26,1,CIN06,R,0,NY1,CIN,1,1,0,0,1,44,34,7,8,10,2,0,0,0,5,,10,0,3,0,0,0,0,3,1,0,10,1,1,0,0,0,1,1,0,1,27,41,34,4,4,8,13,1,2,0,0,6,1,8,0,0,0,1,0,0,0,3,0,12,6,,,1,27,22,17,2,3,0,0,0
CIN190909261,box,1909-09-26,1,CIN06,R,0,NY1,CIN,1,1,0,0,1,,34,7,8,10,2,0,0,,5,,10,0,3,0,0,0,0,3,1,0,10,1,1,0,0,0,1,1,0,1,27,41,34,4,4,8,13,1,2,0,0,6,1,8,0,0,0,1,0,0,0,0,0,0,0,,,1,27,37,27,7,3,0,0,0
CIN190909262,evt,1909-09-26,2,CIN06,R,0,NY1,CIN,1,0,1,0,1,20,19,0,1,1,0,0,0,0,0,,1,0,1,0,0,0,0,0,0,0,2,1,1,1,0,0,0,0,1,0,15,26,22,3,3,7,7,0,0,0,0,4,0,1,0,0,0,0,0,0,0,0,0,11,2,,,1,15,10,6,3,1,0,0,0
CIN190909262,box,1909-09-26,2,CIN06,R,0,NY1,CIN,1,0,1,0,1,,19,0,1,1,0,0,0,,0,,1,0,1,0,0,0,0,0,0,0,2,1,1,1,0,0,0,0,1,0,15,26,22,3,3,7,7,0,0,0,0,4,0,1,0,0,0,0,0,0,0,0,0,0,0,,,1,15,24,15,8,1,0,0,0
PIT190909271,evt,1909-09-27,1,PIT06,R,0,NY1,PIT,1,0,1,0,1,29,27,1,3,3,0,0,0,0,1,,1,0,6,1,0,0,1,0,1,0,1,1,1,1,0,0,0,0,1,0,24,36,29,6,4,9,13,2,1,0,0,3,0,3,0,1,3,0,0,0,0,0,0,10,6,,,1,24,42,24,16,2,1,0,0
PIT190909271,box,1909-09-27,1,PIT06,R,0,NY1,PIT,1,0,1,0,1,,27,1,3,3,0,0,0,,1,,1,0,6,1,0,0,1,0,1,0,1,1,1,1,0,0,0,0,1,0,24,36,29,6,4,9,13,2,1,0,0,3,0,3,0,1,3,0,0,0,0,0,0,0,0,,,1,24,42,24,16,2,1,0,0
PIT190909272,evt,1909-09-27,2,PIT06,R,0,NY1,PIT,1,1,0,0,1,42,39,8,11,16,2,0,1,0,7,,3,1,2,1,0,0,0,2,0,0,7,1,1,0,0,0,1,1,0,1,27,42,36,7,5,14,22,2,3,0,0,4,0,6,0,0,1,1,0,0,0,0,0,5,10,,,1,27,40,27,11,2,1,0,0
PIT190909272,box,1909-09-27,2,PIT06,R,0,NY1,PIT,1,1,0,0,1,,39,8,11,16,2,0,1,,7,,3,1,2,1,0,0,0,2,0,0,7,1,1,0,0,0,1,1,0,1,27,42,36,7,5,14,22,2,3,0,0,4,0,6,0,0,1,1,0,0,0,0,0,0,0,,,1,27,40,27,11,2,1,0,0
PIT190909280,evt,1909-09-28,0,PIT06,R,0,NY1,PIT,1,1,0,0,1,50,42,13,13,22,3,3,0,0,11,,8,0,8,0,0,0,0,0,0,0,10,1,1,1,0,0,0,1,0,0,27,42,37,9,8,12,19,5,1,0,0,3,0,7,0,0,0,2,0,1,0,0,0,9,11,,,1,27,40,27,11,2,0,0,0
PIT190909280,box,1909-09-28,0,PIT06,R,0,NY1,PIT,1,1,0,0,1,,42,13,13,22,3,3,0,,11,,8,0,8,0,0,0,0,0,0,0,10,1,1,1,0,0,0,1,0,0,27,42,37,9,8,12,19,5,1,0,0,3,0,7,0,0,0,2,0,1,0,0,0,0,0,,,1,27,39,27,10,2,0,0,0
PIT190909290,evt,1909-09-29,0,PIT06,R,0,NY1,PIT,1,1,0,0,1,38,36,6,14,21,3,2,0,0,6,,1,0,1,0,0,0,1,2,0,0,5,1,1,1,0,0,0,1,0,0,27,33,31,1,1,5,7,0,1,0,0,2,0,1,1,0,0,0,0,0,0,0,0,15,9,,,1,27,43,27,15,1,1,0,0
PIT190909290,box,1909-09-29,0,PIT06,R,0,NY1,PIT,1,1,0,0,1,,36,6,14,21,3,2,0,,6,,1,0,1,0,0,0,1,2,0,0,5,1,1,1,0,0,0,1,0,0,27,33,31,1,1,5,7,0,1,0,0,2,0,1,1,0,0,0,0,0,0,0,0,0,0,,,1,27,43,27,15,1,1,0,0
PIT190909301,evt,1909-09-30,1,PIT06,R,0,NY1,PIT,1,1,0,0,1,36,36,6,12,16,2,1,0,0,6,,0,0,4,1,0,0,0,1,1,0,3,1,1,1,0,0,0,1,0,0,27,36,30,2,2,5,6,1,0,0,0,5,0,0,0,0,1,0,0,0,0,0,0,15,10,,,1,27,43,27,16,0,0,0,0
PIT190909301,box,1909-09-30,1,PIT06,R,0,NY1,PIT,1,1,0,0,1,,36,6,12,16,2,1,0,,6,,0,0,4,1,0,0,0,1,1,0,3,1,1,1,0,0,0,1,0,0,27,36,30,2,2,5,6,1,0,0,0,5,0,0,0,0,1,0,0,0,0,0,0,0,0,,,1,27,43,27,16,0,0,0,0
PIT190909302,evt,1909-09-30,2,PIT06,R,0,NY1,PIT,1,0,1,0,1,35,33,1,7,11,0,2,0,0,1,,2,0,5,0,0,0,0,1,1,0,7,1,1,1,0,0,0,0,1,0,24,39,34,9,7,13,17,2,1,0,0,2,0,3,1,0,0,3,0,2,0,0,0,9,10,,,1,24,38,24,11,3,1,0,0
PIT190909302,box,1909-09-30,2,PIT06,R,0,NY1,PIT,1,0,1,0,1,,33,1,7,11,0,2,0,,1,,2,0,5,0,0,0,0,1,1,0,7,1,1,1,0,0,0,0,1,0,24,39,34,9,7,13,17,2,1,0,0,2,0,3,1,0,0,3,0,2,0,0,0,0,0,,,1,24,38,24,11,3,1,0,0
NY1190910021,evt,1909-10-02,1,NYC10,R,1,NY1,PHI,1,0,1,0,1,37,34,2,8,11,3,0,0,0,2,,3,0,2,0,0,0,0,0,0,0,8,1,1,1,0,0,0,0,1,0,27,44,41,9,5,16,22,3,0,1,0,1,0,5,1,1,1,0,0,0,0,0,0,10,8,,,1,27,49,27,16,6,1,0,0
NY1190910021,box,1909-10-02,1,NYC10,R,1,NY1,PHI,1,0,1,0,1,,34,2,8,11,3,0,0,,2,,3,0,2,0,0,0,0,0,0,0,8,1,1,1,0,0,0,0,1,0,27,44,41,9,5,16,22,3,0,1,0,1,0,5,1,1,1,0,0,0,0,0,0,0,0,,,1,27,49,27,16,6,1,0,0
NY1190910022,evt,1909-10-02,2,NYC10,R,1,NY1,PHI,1,0,1,0,1,34,32,1,5,7,2,0,0,0,1,,2,0,4,0,0,0,0,1,1,0,6,1,1,1,0,0,0,0,1,0,27,32,29,2,2,9,10,1,0,0,0,1,0,5,0,0,2,0,0,0,0,0,0,4,9,,,1,27,42,27,15,0,0,0,0
NY1190910022,box,1909-10-02,2,NYC10,R,1,NY1,PHI,1,0,1,0,1,,32,1,5,7,2,0,0,,1,,2,0,4,0,0,0,0,1,1,0,6,1,1,1,0,0,0,0,1,0,27,32,29,2,2,9,10,1,0,0,0,1,0,5,0,0,2,0,0,0,0,0,0,0,0,,,1,27,42,27,15,0,0,0,0
NY1190910041,evt,1909-10-04,1,NYC10,R,1,NY1,PHI,1,1,0,0,1,39,31,6,8,11,3,0,0,0,5,,6,0,2,0,1,0,1,3,2,0,8,1,1,1,0,0,0,1,0,0,27,39,36,5,5,11,18,3,2,0,0,2,0,1,0,1,0,0,0,1,0,0,0,14,10,,,1,27,41,27,14,0,0,0,0
NY1190910041,box,1909-10-04,1,NYC10,R,1,NY1,PHI,1,1,0,0,1,,31,6,8,11,3,0,0,,5,,6,0,2,0,1,0,1,3,2,0,8,1,1,1,0,0,0,1,0,0,27,39,36,5,5,11,18,3,2,0,0,2,0,1,0,1,0,0,0,1,0,0,0,0,0,,,1,27,41,27,14,0,0,0,0
NY1190910042,evt,1909-10-04,2,NYC10,R,1,NY1,PHI,1,0,0,1,1,16,13,1,3,4,1,0,0,0,1,,2,0,2,0,0,1,0,4,0,0,4,1,1,1,0,0,0,1,0,0,12,16,15,1,0,3,4,1,0,0,0,1,0,5,0,0,0,0,0,0,0,0,0,4,3,,,1,12,16,12,4,0,0,0,1
NY1190910042,box,1909-10-04,2,NYC10,R,1,NY1,PHI,1,0,0,1,1,,13,1,3,4,1,0,0,,1,,2,0,2,0,0,1,0,4,0,0,4,1,1,1,0,0,0,1,0,0,12,16,15,1,0,3,4,1,0,0,0,1,0,5,0,0,0,0,0,0,0,0,0,0,0,,,1,12,16,12,4,0,0,0,1
BRO190910061,evt,1909-10-06,1,NYC12,R,0,NY1,BRO,1,0,1,0,1,32,30,1,4,4,0,0,0,0,1,,2,0,3,0,0,0,0,0,0,0,4,1,1,1,0,0,0,0,1,0,24,33,29,4,4,8,14,3,0,1,0,3,0,1,0,0,1,0,0,1,0,0,0,8,7,,,1,24,41,24,15,2,0,0,0
BRO190910061,box,1909-10-06,1,NYC12,R,0,NY1,BRO,1,0,1,0,1,,30,1,4,4,0,0,0,,1,,2,0,3,0,0,0,0,0,0,0,4,1,1,1,0,0,0,0,1,0,24,33,29,4,4,8,14,3,0,1,0,3,0,1,0,0,1,0,0,1,0,0,0,0,0,,,1,24,41,24,15,2,0,0,0
BRO190910062,evt,1909-10-06,2,NYC12,R,0,NY1,BRO,1,1,0,0,1,42,38,8,13,15,2,0,0,0,6,,2,0,5,0,0,1,1,3,2,0,7,1,1,1,0,0,0,1,0,0,27,42,33,4,4,7,10,3,0,0,0,8,0,2,0,0,1,0,0,0,0,0,0,13,10,,,1,27,44,27,16,1,0,0,0
BRO190910062,box,1909-10-06,2,NYC12,R,0,NY1,BRO,1,1,0,0,1,,38,8,13,15,2,0,0,,6,,2,0,5,0,0,1,1,3,2,0,7,1,1,1,0,0,0,1,0,0,27,42,33,4,4,7,10,3,0,0,0,8,0,2,0,0,1,0,0,0,0,0,0,0,0,,,1,27,44,27,16,1,0,0,0
BRO190910070,evt,1909-10-07,0,NYC12,R,0,NY1,BRO,1,0,1,0,1,47,36,5,10,10,0,0,0,0,5,,6,0,1,0,4,1,0,0,0,0,15,1,1,1,0,0,0,0,1,0,24,40,35,7,5,11,15,4,0,0,0,2,0,4,0,1,1,1,0,0,0,0,0,8,11,,,1,24,34,24,8,2,0,0,0
BRO190910070,box,1909-10-07,0,NYC12,R,0,NY1,BRO,1,0,1,0,1,,36,5,10,10,0,0,0,,5,,6,0,1,0,4,1,0,0,0,0,15,1,1,1,0,0,0,0,1,0,24,40,35,7,5,11,15,4,0,0,0,2,0,4,0,1,1,1,0,0,0,0,0,0,0,,,1,24,34,24,8,2,0,0,0
WS1190904120,evt,1909-04-12,0,WAS08,R,0,NYA,WS1,1,0,1,0,1,33,30,1,4,7,1,1,0,0,1,,2,0,10,0,0,1,0,0,1,0,5,1,1,0,0,0,1,0,1,0,24,35,30,4,1,8,9,1,0,0,0,2,0,6,0,1,1,1,0,0,0,0,0,4,10,,,1,24,37,24,10,3,1,0,0
WS1190904120,box,1909-04-12,0,WAS08,R,0,NYA,WS1,1,0,1,0,1,,30,1,4,7,1,1,0,,1,,2,0,10,0,0,1,0,0,1,0,5,1,1,0,0,0,1,0,1,0,24,35,30,4,1,8,9,1,0,0,0,2,0,6,0,1,1,1,0,0,0,0,0,0,0,,,1,24,37,24,10,3,1,0,0
WS1190904130,evt,1909-04-13,0,WAS08,R,0,NYA,WS1,1,1,0,0,1,39,35,5,7,8,1,0,0,0,4,,3,0,2,0,0,1,0,3,1,0,7,1,1,1,1,0,0,1,0,0,27,36,33,0,0,6,7,1,0,0,0,2,0,5,0,0,1,0,0,0,0,0,0,19,2,,,1,27,36,19,14,3,0,0,0
WS1190904130,box,1909-04-13,0,WAS08,R,0,NYA,WS1,1,1,0,0,1,,35,5,7,8,1,0,0,,4,,3,0,1,0,0,1,0,3,1,0,7,1,1,1,1,0,0,1,0,0,27,36,33,0,0,6,7,1,0,0,0,2,0,5,0,0,1,0,0,0,0,0,0,0,0,,,1,27,48,27,18,3,0,0,0
WS1190904150,evt,1909-04-15,0,WAS08,R,0,NYA,WS1,1,1,0,0,1,36,27,4,5,7,2,0,0,0,4,,3,0,2,0,2,4,0,0,0,0,5,1,1,1,0,0,0,1,0,0,27,32,31,1,1,5,6,1,0,0,0,0,0,3,0,1,0,0,0,0,0,0,0,15,8,,,1,27,43,27,16,0,0,0,0
WS1190904150,box,1909-04-15,0,WAS08,R,0,NYA,WS1,1,1,0,0,1,,27,4,5,7,2,0,0,,4,,3,0,2,0,2,4,0,0,0,0,5,1,1,1,0,0,0,1,0,0,27,32,31,1,1,5,6,1,0,0,0,0,0,3,0,1,0,0,0,0,0,0,0,0,0,,,1,27,43,27,16,0,0,0,0
PHA190904160,evt,1909-04-16,0,PHI11,R,0,NYA,PHA,1,1,0,0,1,37,32,1,6,6,0,0,0,0,0,,2,1,5,0,1,2,0,0,3,0,9,1,1,1,1,0,0,1,0,0,27,34,30,0,0,5,7,2,0,0,0,3,1,4,0,0,1,0,0,0,0,0,0,9,12,,,1,27,37,27,10,0,1,0,0
PHA190904160,box,1909-04-16,0,PHI11,R,0,NYA,PHA,1,1,0,0,1,,32,1,6,6,0,0,0,,0,,2,1,5,0,1,2,0,0,3,0,9,1,1,1,1,0,0,1,0,0,27,34,30,0,0,5,7,2,0,0,0,3,1,4,0,0,1,0,0,0,0,0,0,0,0,,,1,27,37,27,10,0,1,0,0
PHA190904170,evt,1909-04-17,0,PHI11,R,0,NYA,PHA,1,0,1,0,1,40,33,4,8,8,0,0,0,0,3,,4,0,5,0,3,0,0,1,1,0,9,1,1,1,0,0,0,0,1,0,24,34,28,6,1,7,8,1,0,0,0,1,0,2,0,0,5,0,0,0,0,0,0,11,4,,,1,24,45,24,16,5,1,0,0
PHA190904170,box,1909-04-17,0,PHI11,R,0,NYA,PHA,1,0,1,0,1,,33,4,8,8,0,0,0,,3,,4,0,5,0,3,0,0,1,1,0,9,1,1,1,0,0,0,0,1,0,24,34,28,6,1,7,8,1,0,0,0,1,0,2,0,0,5,0,0,0,0,0,0,0,0,,,1,24,45,24,16,5,1,0,0
PHA190904190,evt,1909-04-19,0,PHI11,R,0,NYA,PHA,1,1,0,0,1,36,32,4,10,12,0,1,0,0,3,,3,0,4,1,0,1,0,1,1,0,5,1,1,0,0,0,1,1,0,0,27,35,32,2,1,7,9,2,0,0,0,1,0,5,0,1,1,0,0,0,0,0,0,14,6,,,1,27,46,27,17,2,0,0,0
PHA190904190,box,1909-04-19,0,PHI11,R,0,NYA,PHA,1,1,0,0,1,,32,4,10,12,0,1,0,,3,,3,0,4,1,0,1,0,1,1,0,5,1,1,0,0,0,1,1,0,0,27,35,32,2,1,7,9,2,0,0,0,1,0,5,0,1,1,0,0,0,0,0,0,0,0,,,1,27,46,27,17,2,0,0,0
NYA190904220,evt,1909-04-22,0,NYC13,R,1,NYA,WS1,1,1,0,0,1,33,30,8,9,14,2,0,1,0,8,,2,0,2,0,1,0,0,0,1,0,1,1,1,1,0,0,0,1,0,0,27,33,30,1,1,7,8,1,0,0,0,1,0,2,1,1,1,0,0,0,0,0,0,12,9,,,1,27,43,27,16,0,2,0,0
NYA190904220,box,1909-04-22,0,NYC13,R,1,NYA,WS1,1,1,0,0,1,,30,8,9,14,2,0,1,,8,,2,0,2,0,1,0,0,0,1,0,1,1,1,1,0,0,0,1,0,0,27,33,30,1,1,7,8,1,0,0,0,1,0,2,1,1,1,0,0,0,0,0,0,0,0,,,1,27,43,27,16,0,2,0,0
NYA190904240,evt,1909-04-24,0,NYC13,R,1,NYA,WS1,1,1,0,0,1,48,38,17,15,16,1,0,0,0,16,,6,0,1,1,2,1,1,0,0,0,7,1,1,1,1,0,0,1,0,0,27,34,33,0,0,5,7,0,1,0,0,1,0,4,0,0,0,0,0,0,0,0,0,13,10,,,1,27,43,27,15,1,0,0,1
NYA190904240,box,1909-04-24,0,NYC13,R,1,NYA,WS1,1,1,0,0,1,,38,17,15,16,1,0,0,,16,,6,0,1,1,2,1,1,0,0,0,7,1,1,1,1,0,0,1,0,0,27,34,33,0,0,5,7,0,1,0,0,1,0,4,0,0,0,0,0,0,0,0,0,0,0,,,1,27,42,27,14,1,0,0,1
BOS190904260,evt,1909-04-26,0,BOS06,R,0,NYA,BOS,1,0,1,0,1,30,28,0,2,3,1,0,0,0,0,,2,0,6,0,0,0,0,0,1,0,3,1,1,0,0,0,1,0,1,0,24,33,25,1,1,4,6,0,1,0,0,6,0,5,0,1,1,0,0,0,0,0,0,9,7,,,1,24,40,24,14,2,0,0,1
BOS190904260,box,1909-04-26,0,BOS06,R,0,NYA,BOS,1,0,1,0,1,,28,0,2,3,1,0,0,,0,,2,0,6,0,0,0,0,0,1,0,3,1,1,0,0,0,1,0,1,0,24,33,25,1,1,4,6,0,1,0,0,6,0,5,0,1,1,0,0,0,0,0,0,0,0,,,1,24,40,24,14,2,0,0,1
BOS190904270,evt,1909-04-27,0,BOS06,R,0,NYA,BOS,1,1,0,0,1,36,29,4,5,6,1,0,0,0,3,,4,1,10,0,0,2,1,1,1,0,5,1,1,0,0,0,1,1,0,1,27,36,33,3,1,7,11,2,1,0,0,1,0,8,1,1,0,1,0,1,0,1,1,10,6,,,1,27,43,27,13,3,2,0,0
BOS190904270,box,1909-04-27,0,BOS06,R,0,NYA,BOS,1,1,0,0,1,,29,4,5,6,1,0,0,,3,,4,1,10,0,0,2,1,1,1,0,5,1,1,0,0,0,1,1,0,1,27,36,33,3,1,7,11,2,1,0,0,1,0,8,1,1,0,1,0,1,0,0,0,0,0,,,1,27,43,27,13,3,2,0,0
BOS190904280,evt,1909-04-28,0,BOS06,R,0,NYA,BOS,1,0,1,0,1,35,32,2,5,9,2,1,0,0,1,,2,0,9,0,0,1,0,1,0,0,6,1,1,0,0,0,1,0,1,0,24,43,32,12,6,12,19,1,3,0,0,5,0,3,0,3,2,1,0,0,0,0,0,5,8,,,1,24,44,23,13,8,2,0,0
BOS190904280,box,1909-04-28,0,BOS06,R,0,NYA,BOS,1,0,1,0,1,,32,2,5,9,2,1,0,,1,,2,0,9,0,0,1,0,1,0,0,6,1,1,0,0,0,1,0,1,0,24,43,32,12,6,12,19,1,3,0,0,5,0,3,0,3,2,1,0,0,0,0,0,0,0,,,1,24,44,23,13,8,2,0,0
BOS190904290,evt,1909-04-29,0,BOS06,R,0,NYA,BOS,1,0,1,0,1,42,34,4,7,11,0,2,0,0,4,,7,0,2,0,0,1,0,2,1,0,11,1,1,1,0,0,0,0,1,0,24,44,35,10,6,13,16,3,0,0,0,4,0,4,0,1,4,0,0,1,0,0,0,7,10,,,1,24,37,24,9,4,0,0,1
BOS190904290,box,1909-04-29,0,BOS06,R,0,NYA,BOS,1,0,1,0,1,,34,4,7,11,0,2,0,,4,,7,0,2,0,0,1,0,2,1,0,11,1,1,1,0,0,0,0,1,0,24,44,35,10,6,13,16,3,0,0,0,4,0,4,0,1,4,0,0,1,0,0,0,0,0,,,1,24,38,24,10,4,0,0,1
NYA190905030,evt,1909-05-03,0,NYC13,R,1,NYA,PHA,1,1,0,0,1,39,31,9,11,14,1,1,0,0,6,,4,0,1,1,1,2,1,5,2,0,6,1,1,0,0,0,1,1,0,0,27,44,38,6,4,10,12,2,0,0,0,5,0,9,1,0,1,0,0,0,0,2,1,8,6,,,1,27,43,26,11,6,1,0,0
NYA190905030,box,1909-05-03,0,NYC13,R,1,NYA,PHA,1,1,0,0,1,,31,9,11,14,1,1,0,,6,,4,0,1,1,1,2,1,5,2,0,6,1,1,0,0,0,1,1,0,0,27,44,38,6,4,10,12,2,0,0,0,5,0,9,1,0,1,0,0,0,0,0,0,0,0,,,1,27,43,26,11,6,1,0,0
NYA190905040,evt,1909-05-04,0,NYC13,R,1,NYA,PHA,1,1,0,0,1,45,37,11,13,17,0,2,0,0,10,,5,0,4,0,1,2,0,2,0,0,10,1,1,1,0,0,0,1,0,0,27,36,35,3,3,8,10,0,1,0,0,1,0,3,0,0,0,0,0,0,0,0,0,15,9,,,1,27,43,27,16,0,0,0,0
NYA190905040,box,1909-05-04,0,NYC13,R,1,NYA,PHA,1,1,0,0,1,,37,11,13,17,0,2,0,,10,,5,0,4,0,1,2,0,2,0,0,10,1,1,1,0,0,0,1,0,0,27,36,35,3,3,8,10,0,1,0,0,1,0,3,0,0,0,0,0,0,0,0,0,0,0,,,1,27,43,27,16,0,0,0,0
NYA190905050,evt,1909-05-05,0,NYC13,R,1,NYA,BOS,1,1,0,0,1,30,25,2,5,5,0,0,0,0,2,,2,1,1,1,0,2,1,2,0,0,4,1,1,1,1,0,0,1,0,0,27,35,31,0,0,6,7,1,0,0,0,1,0,4,0,1,2,0,0,1,0,0,0,11,9,,,1,27,42,27,14,1,0,0,0
NYA190905050,box,1909-05-05,0,NYC13,R,1,NYA,BOS,1,1,0,0,1,,25,2,5,5,0,0,0,,2,,2,1,1,1,0,2,1,2,0,0,4,1,1,1,1,0,0,1,0,0,27,35,31,0,0,6,7,1,0,0,0,1,0,4,0,1,2,0,0,1,0,0,0,0,0,,,1,27,42,27,14,1,0,0,0
NYA190905060,evt,1909-05-06,0,NYC13,R,1,NYA,BOS,1,0,1,0,1,36,32,3,7,9,0,1,0,0,3,,3,0,7,0,0,1,0,1,1,0,6,1,1,0,0,0,1,0,1,0,27,38,33,4,2,8,9,1,0,0,0,5,0,6,0,0,0,0,0,1,0,0,0,8,8,,,1,27,44,27,14,3,1,0,0
NYA190905060,box,1909-05-06,0,NYC13,R,1,NYA,BOS,1,0,1,0,1,,32,3,7,9,0,1,0,,3,,3,0,7,0,0,1,0,1,1,0,6,1,1,0,0,0,1,0,1,0,27,38,33,4,2,8,9,1,0,0,0,5,0,6,0,0,0,0,0,1,0,0,0,0,0,,,1,27,43,27,13,3,1,0,0
NYA190905070,evt,1909-05-07,0,NYC13,R,1,NYA,BOS,1,1,0,0,1,46,45,4,11,17,3,0,1,0,4,,0,0,1,0,0,1,0,2,0,0,8,1,1,0,0,0,1,1,0,0,36,46,41,3,3,8,13,1,2,0,0,1,0,5,0,1,3,0,0,1,0,1,0,16,8,,,1,36,63,36,24,3,0,0,0
NYA190905070,box,1909-05-07,0,NYC13,R,1,NYA,BOS,1,1,0,0,1,,45,4,11,17,3,0,1,,4,,0,0,1,0,0,1,0,2,0,0,8,1,1,0,0,0,1,1,0,0,36,46,41,3,3,8,13,1,2,0,0,1,0,5,0,1,3,0,0,1,0,0,0,0,0,,,1,36,63,36,24,3,0,0,0
NYA190905080,evt,1909-05-08,0,NYC13,R,1,NYA,BOS,1,0,1,0,1,39,35,4,10,10,0,0,0,0,4,,2,0,1,0,1,0,1,1,0,0,8,1,1,0,0,0,1,0,1,0,27,41,34,6,2,9,10,1,0,0,0,5,0,2,0,1,1,0,0,0,0,0,0,8,12,,,1,27,43,27,13,3,1,0,0
NYA190905080,box,1909-05-08,0,NYC13,R,1,NYA,BOS,1,0,1,0,1,,35,4,10,10,0,0,0,,4,,2,0,1,0,1,0,1,1,0,0,8,1,1,0,0,0,1,0,1,0,27,41,34,6,2,9,10,1,0,0,0,5,0,2,0,1,1,0,0,0,0,0,0,0,0,,,1,27,43,27,13,3,1,0,0
DET190905110,evt,1909-05-11,0,DET02,R,0,NYA,DET,1,0,1,0,1,41,36,5,8,10,2,0,0,0,5,,4,0,7,0,1,0,0,0,0,0,9,1,1,0,0,0,1,0,1,0,24,46,39,16,9,18,22,4,0,0,0,5,0,3,1,0,2,0,0,0,1,0,0,10,5,,,1,24,30,16,7,7,1,0,0
DET190905110,box,1909-05-11,0,DET02,R,0,NYA,DET,1,0,1,0,1,,36,5,8,10,2,0,0,,5,,4,0,7,0,1,0,0,0,0,0,9,1,1,0,0,0,1,0,1,0,24,46,39,16,9,18,22,4,0,0,0,5,0,3,1,0,2,0,0,0,1,0,0,0,0,,,1,24,41,24,10,7,1,0,0
DET190905120,evt,1909-05-12,0,DET02,R,0,NYA,DET,1,0,1,0,1,39,33,4,10,12,2,0,0,0,4,,3,0,3,0,1,1,1,0,1,0,8,1,1,1,0,0,0,0,1,0,24,43,35,11,7,13,18,0,1,1,0,5,0,4,0,1,2,0,0,1,0,0,0,7,8,,,1,24,41,24,11,6,0,0,0
DET190905120,box,1909-05-12,0,DET02,R,0,NYA,DET,1,0,1,0,1,,33,4,10,12,2,0,0,,4,,3,0,3,0,1,1,1,0,1,0,8,1,1,1,0,0,0,0,1,0,24,43,35,11,7,13,18,0,1,1,0,5,0,4,0,1,2,0,0,1,0,0,0,0,0,,,1,24,41,24,11,6,0,0,0
DET190905130,evt,1909-05-13,0,DET02,R,0,NYA,DET,1,1,0,0,1,43,33,6,11,13,2,0,0,0,6,,5,0,1,1,1,2,2,1,0,0,10,1,1,0,0,0,1,1,0,0,27,42,35,4,3,12,17,1,2,0,0,4,0,1,0,2,1,0,0,0,0,0,0,14,6,,,1,27,36,21,12,3,0,0,0
DET190905130,box,1909-05-13,0,DET02,R,0,NYA,DET,1,1,0,0,1,,33,6,11,13,2,0,0,,6,,5,0,,1,1,2,2,1,0,0,10,1,1,0,0,0,1,1,0,0,27,42,35,4,3,12,17,1,2,0,0,4,0,,0,2,1,0,0,0,0,0,0,0,0,,,1,27,45,27,15,3,0,0,0
CLE190905150,evt,1909-05-15,0,CLE05,R,0,NYA,CLE,1,1,0,0,1,38,34,4,9,13,2,1,0,0,4,,0,0,2,0,1,2,1,1,0,0,7,1,1,1,0,0,0,1,0,0,27,37,34,3,1,9,11,2,0,0,0,0,0,2,1,1,1,1,0,0,0,0,0,12,10,,,1,27,33,22,9,2,1,0,0
CLE190905150,box,1909-05-15,0,CLE05,R,0,NYA,CLE,1,1,0,0,1,,34,4,9,13,2,1,0,,4,,0,0,2,0,1,2,1,1,0,0,7,1,1,1,0,0,0,1,0,0,27,37,34,3,1,9,11,2,0,0,0,0,0,2,1,1,1,1,0,0,0,0,0,0,0,,,1,27,41,27,12,2,1,0,0
CLE190905170,evt,1909-05-17,0,CLE05,R,0,NYA,CLE,1,1,0,0,1,52,46,6,12,15,3,0,0,0,4,,3,0,6,1,0,3,0,6,0,0,10,1,1,0,0,0,1,1,0,0,36,53,43,5,2,9,11,0,1,0,0,6,0,6,0,0,4,0,0,0,0,0,0,19,7,,,1,36,39,24,12,3,0,0,0
CLE190905170,box,1909-05-17,0,CLE05,R,0,NYA,CLE,1,1,0,0,1,,46,6,12,15,3,0,0,,4,,3,0,6,1,0,3,0,6,0,0,10,1,1,0,0,0,1,1,0,0,36,53,43,5,2,9,11,0,1,0,0,6,0,6,0,0,4,0,0,0,0,0,0,0,0,,,1,36,60,36,21,3,0,0,0
CLE190905180,evt,1909-05-18,0,CLE05,R,0,NYA,CLE,1,1,0,0,1,26,21,4,6,6,0,0,0,0,4,,3,0,0,0,0,2,0,0,2,0,4,1,1,0,0,0,1,1,0,0,18,27,20,2,2,5,6,1,0,0,0,5,0,0,1,0,2,0,0,0,0,0,0,11,3,,,1,18,35,18,16,1,1,0,0
CLE190905180,box,1909-05-18,0,CLE05,R,0,NYA,CLE,1,1,0,0,1,,21,4,6,6,0,0,0,,4,,3,0,0,0,0,2,0,0,2,0,4,1,1,0,0,0,1,1,0,0,18,27,20,2,2,5,6,1,0,0,0,5,0,0,1,0,2,0,0,0,0,0,0,0,0,,,1,18,34,18,15,1,1,0,0
SLA190905190,evt,1909-05-19,0,STL07,R,0,NYA,SLA,1,1,0,0,1,44,34,5,9,12,1,1,0,0,4,,7,0,6,1,0,2,1,2,0,0,12,1,1,0,0,0,1,1,0,0,27,33,32,1,1,6,6,0,0,0,0,1,0,4,1,0,0,0,0,1,0,2,0,19,3,,,1,27,32,18,13,1,1,0,0
SLA190905190,box,1909-05-19,0,STL07,R,0,NYA,SLA,1,1,0,0,1,,34,5,9,12,1,1,0,,4,,7,0,6,1,0,2,1,2,0,0,12,1,1,0,0,0,1,1,0,0,27,33,32,1,1,6,6,0,0,0,0,1,0,,1,0,0,0,0,1,0,0,0,0,0,,,1,27,44,27,16,1,1,0,0
SLA190905200,evt,1909-05-20,0,STL07,R,0,NYA,SLA,1,0,1,0,1,35,33,1,5,5,0,0,0,0,1,,2,0,2,0,0,0,0,0,0,0,7,1,1,1,0,0,0,0,1,0,24,32,30,2,2,5,8,0,0,1,0,2,0,3,1,0,0,0,0,0,0,0,0,12,8,,,1,24,29,19,8,2,1,0,0
SLA190905200,box,1909-05-20,0,STL07,R,0,NYA,SLA,1,0,1,0,1,,33,1,5,5,0,0,0,,1,,2,0,0,0,0,0,0,0,0,0,7,1,1,1,0,0,0,0,1,0,24,32,30,2,2,5,8,0,0,1,0,2,0,3,1,0,0,0,0,0,0,0,0,0,0,,,1,24,36,24,10,2,1,0,0
SLA190905210,evt,1909-05-21,0,STL07,R,0,NYA,SLA,1,0,1,0,1,37,33,1,6,6,0,0,0,0,1,,3,0,7,0,0,1,0,5,0,0,9,1,1,1,0,0,0,0,1,0,24,35,32,2,1,9,10,1,0,0,0,2,0,3,0,0,1,0,0,0,0,0,0,9,10,,,1,24,28,20,6,2,0,0,1
SLA190905210,box,1909-05-21,0,STL07,R,0,NYA,SLA,1,0,1,0,1,,33,1,6,6,0,0,0,,1,,3,0,7,0,0,1,0,5,0,0,9,1,1,1,0,0,0,0,1,0,24,35,32,2,1,9,10,1,0,0,0,2,0,3,0,0,1,0,0,0,0,0,0,0,0,,,1,24,32,23,7,2,0,0,1
SLA190905220,evt,1909-05-22,0,STL07,R,0,NYA,SLA,1,1,0,0,1,33,30,2,5,5,0,0,0,0,2,,2,0,1,0,0,1,0,1,0,0,4,1,1,1,0,0,0,1,0,0,27,32,32,1,0,8,10,0,1,0,0,0,0,1,2,0,0,0,0,0,0,0,0,13,9,,,1,27,34,21,11,2,3,0,0
SLA190905220,box,1909-05-22,0,STL07,R,0,NYA,SLA,1,1,0,0,1,,30,2,5,5,0,0,0,,2,,2,0,0,0,0,1,0,1,0,0,4,1,1,1,0,0,0,1,0,0,27,32,32,1,0,8,10,0,1,0,0,0,0,1,2,0,0,0,0,0,0,0,0,0,0,,,1,27,45,27,16,2,3,0,0
CHA190905230,evt,1909-05-23,0,CHI09,R,0,NYA,CHA,1,0,1,0,1,36,32,3,8,9,1,0,0,0,3,,2,0,6,0,0,2,0,2,1,0,6,1,1,0,0,0,1,0,1,0,24,37,31,7,6,11,16,3,1,0,0,3,0,0,0,0,2,1,0,1,0,0,0,15,2,,,1,24,15,8,5,2,2,0,1
CHA190905230,box,1909-05-23,0,CHI09,R,0,NYA,CHA,1,0,1,0,1,,32,3,8,9,1,0,0,,3,,2,0,6,0,0,2,0,2,1,0,6,1,1,0,0,0,1,0,1,0,24,37,31,7,6,11,16,3,1,0,0,3,0,0,0,0,2,1,0,1,0,0,0,0,0,,,1,24,43,24,17,2,2,0,1
CHA190905240,evt,1909-05-24,0,CHI09,R,0,NYA,CHA,1,0,1,0,1,35,29,1,5,5,0,0,0,0,1,,4,0,5,0,0,2,0,3,1,0,7,1,1,1,0,0,0,0,1,0,24,34,27,2,1,4,7,1,1,0,0,6,0,5,0,0,1,0,0,1,0,0,0,9,8,,,1,24,36,24,11,1,0,0,0
CHA190905240,box,1909-05-24,0,CHI09,R,0,NYA,CHA,1,0,1,0,1,,29,1,5,5,0,0,0,,1,,4,0,5,0,0,2,0,3,1,0,7,1,1,1,0,0,0,0,1,0,24,34,27,2,1,4,7,1,1,0,0,6,0,5,0,0,1,0,0,1,0,0,0,0,0,,,1,24,36,24,11,1,0,0,0
CHA190905270,evt,1909-05-27,0,CHI09,R,0,NYA,CHA,1,0,0,1,1,41,37,2,10,12,0,1,0,0,2,,2,0,7,0,0,2,0,7,0,0,9,1,1,1,0,0,0,0,0,0,30,37,30,2,1,6,6,0,0,0,0,3,0,2,0,0,4,0,0,0,0,0,0,10,12,,,1,30,49,30,17,2,1,0,0
CHA190905270,box,1909-05-27,0,CHI09,R,0,NYA,CHA,1,0,0,1,1,,37,2,10,12,0,1,0,,2,,2,0,7,0,0,2,0,7,0,0,9,1,1,1,0,0,0,0,0,0,30,37,30,2,1,6,6,0,0,0,0,3,0,2,0,0,4,0,0,0,0,0,0,0,0,,,1,30,50,30,18,2,1,0,0
WS1190905290,evt,1909-05-29,0,WAS08,R,0,NYA,WS1,1,1,0,0,1,33,30,4,7,9,0,1,0,0,3,,0,0,5,1,2,1,0,0,3,0,2,1,1,0,0,0,1,1,0,1,27,35,30,2,2,6,6,0,0,0,0,4,0,4,0,0,1,0,0,0,0,2,0,14,5,,,1,27,37,22,12,3,1,0,0
WS1190905290,box,1909-05-29,0,WAS08,R,0,NYA,WS1,1,1,0,0,1,,30,4,7,9,0,1,0,,3,,0,0,5,1,2,1,0,0,3,0,2,1,1,0,0,0,1,1,0,1,27,35,30,2,2,6,6,0,0,0,0,4,0,4,0,0,1,0,0,0,0,0,0,0,0,,,1,27,47,27,17,3,1,0,0
WS1190905310,evt,1909-05-31,0,WAS08,R,0,NYA,WS1,1,0,1,0,1,34,30,1,4,5,1,0,0,0,1,,3,0,2,0,0,1,0,0,0,0,6,1,1,0,0,0,1,0,1,0,24,37,33,8,8,10,13,3,0,0,0,3,0,1,1,0,1,0,0,1,0,0,0,8,13,,,1,24,34,24,9,1,1,0,0
WS1190905310,box,1909-05-31,0,WAS08,R,0,NYA,WS1,1,0,1,0,1,,30,1,4,5,1,0,0,,1,,3,0,2,0,0,1,0,0,0,0,6,1,1,0,0,0,1,0,1,0,24,37,33,8,8,10,13,3,0,0,0,3,0,1,1,0,1,0,0,1,0,0,0,0,0,,,1,24,34,24,9,1,1,0,0
WS1190906011,evt,1909-06-01,1,WAS08,R,0,NYA,WS1,1,1,0,0,1,37,32,4,7,7,0,0,0,0,4,,2,0,7,0,0,2,1,0,0,0,6,1,1,1,1,0,0,1,0,0,27,33,30,0,0,4,5,1,0,0,0,3,0,2,0,0,0,0,0,0,0,0,0,8,16,,,1,27,33,27,6,0,0,0,0
WS1190906011,box,1909-06-01,1,WAS08,R,0,NYA,WS1,1,1,0,0,1,,32,4,7,7,0,0,0,,4,,2,0,7,0,0,2,1,0,0,0,6,1,1,1,1,0,0,1,0,0,27,33,30,0,0,4,5,1,0,0,0,3,0,2,0,0,0,0,0,0,0,0,0,0,0,,,1,27,33,27,6,0,0,0,0
WS1190906012,evt,1909-06-01,2,WAS08,R,0,NYA,WS1,1,0,1,0,1,33,29,0,5,5,0,0,0,0,0,,3,0,2,2,0,1,0,2,0,0,6,1,1,1,0,0,0,0,1,0,24,32,25,2,2,3,5,0,1,0,0,4,0,2,0,1,0,2,0,0,0,0,0,10,11,,,1,24,36,24,10,2,0,0,0
WS1190906012,box,1909-06-01,2,WAS08,R,0,NYA,WS1,1,0,1,0,1,,29,0,5,5,0,0,0,,0,,3,0,2,2,0,1,0,2,0,0,6,1,1,1,0,0,0,0,1,0,24,32,25,2,2,3,5,0,1,0,0,4,0,2,0,1,0,2,0,0,0,0,0,0,0,,,1,24,36,24,10,2,0,0,0
NYA190906020,evt,1909-06-02,0,NYC13,R,1,NYA,SLA,1,1,0,0,1,29,25,3,8,9,1,0,0,0,2,,0,0,3,0,0,3,1,0,2,0,2,1,1,1,0,0,0,1,0,0,27,35,32,1,1,6,8,0,1,0,0,1,0,5,0,1,1,0,0,0,0,0,0,16,5,,,1,27,44,27,17,0,0,0,0
NYA190906020,box,1909-06-02,0,NYC13,R,1,NYA,SLA,1,1,0,0,1,,25,3,8,9,1,0,0,,2,,0,0,3,0,0,3,1,0,2,0,2,1,1,1,0,0,0,1,0,0,27,35,32,1,1,6,8,0,1,0,0,1,0,5,0,1,1,0,0,0,0,0,0,0,0,,,1,27,44,27,17,0,0,0,0
NYA190906030,evt,1909-06-03,0,NYC13,R,1,NYA,SLA,1,1,0,0,1,37,27,7,7,8,1,0,0,0,5,,6,1,3,0,0,3,1,2,0,0,6,1,1,0,0,0,1,1,0,1,27,38,35,5,5,8,12,1,0,1,0,3,0,3,0,0,0,0,0,0,0,1,0,8,16,,,1,27,35,27,8,0,0,0,0
NYA190906030,box,1909-06-03,0,NYC13,R,1,NYA,SLA,1,1,0,0,1,,27,7,7,8,1,0,0,,5,,6,1,3,0,0,3,1,2,0,0,6,1,1,0,0,0,1,1,0,1,27,38,35,5,5,8,12,1,0,1,0,3,0,3,0,0,0,0,0,0,0,0,0,0,0,,,1,27,35,27,8,0,0,0,0
NYA190906070,evt,1909-06-07,0,NYC13,R,1,NYA,DET,1,1,0,0,1,33,32,5,11,14,1,1,0,0,5,,1,0,4,1,0,0,0,1,2,0,4,1,1,1,0,0,0,1,0,0,27,31,28,1,0,4,5,1,0,0,0,2,0,5,0,0,1,0,0,0,0,0,0,7,9,,,1,27,43,27,13,3,2,0,0
NYA190906070,box,1909-06-07,0,NYC13,R,1,NYA,DET,1,1,0,0,1,,32,5,11,14,1,1,0,,5,,1,0,4,1,0,0,0,1,2,0,4,1,1,1,0,0,0,1,0,0,27,31,28,1,0,4,5,1,0,0,0,2,0,5,0,0,1,0,0,0,0,0,0,0,0,,,1,27,43,27,13,3,2,0,0
NYA190906080,evt,1909-06-08,0,NYC13,R,1,NYA,DET,1,0,1,0,1,46,43,4,8,10,0,1,0,0,4,,2,0,2,0,1,0,0,1,0,0,9,1,1,0,0,0,1,0,1,0,33,42,39,5,2,8,9,1,0,0,0,1,0,6,0,0,1,1,0,1,0,0,0,10,12,,,1,33,52,33,15,4,0,0,0
NYA190906080,box,1909-06-08,0,NYC13,R,1,NYA,DET,1,0,1,0,1,,43,4,8,10,0,1,0,,4,,2,0,2,0,1,0,0,1,0,0,9,1,1,0,0,0,1,0,1,0,33,42,39,5,2,8,9,1,0,0,0,1,0,6,0,0,1,1,0,1,0,0,0,0,0,,,1,33,52,33,15,4,0,0,0
NYA190906100,evt,1909-06-10,0,NYC13,R,1,NYA,DET,1,0,1,0,1,34,30,1,7,8,1,0,0,0,1,,2,0,3,0,0,2,0,0,0,0,6,1,1,0,0,0,1,0,1,0,27,35,32,2,2,8,11,3,0,0,0,3,0,4,0,0,0,0,0,1,1,0,0,12,6,,,1,27,42,27,15,0,0,0,0
NYA190906100,box,1909-06-10,0,NYC13,R,1,NYA,DET,1,0,1,0,1,,30,1,7,8,1,0,0,,1,,2,0,3,0,0,2,0,0,0,0,6,1,1,0,0,0,1,0,1,0,27,35,32,2,2,8,11,3,0,0,0,3,0,4,0,0,0,0,0,1,1,0,0,0,0,,,1,27,42,27,15,0,0,0,0
NYA190906110,evt,1909-06-11,0,NYC13,R,1,NYA,CHA,1,0,1,0,1,33,30,0,3,4,1,0,0,0,0,,2,0,4,0,0,1,0,1,0,0,6,1,1,1,0,0,0,0,1,0,27,35,32,1,0,7,9,2,0,0,0,3,0,2,1,0,0,0,0,0,0,0,0,10,10,,,1,27,41,27,12,2,1,0,0
NYA190906110,box,1909-06-11,0,NYC13,R,1,NYA,CHA,1,0,1,0,1,,30,0,3,4,1,0,0,,0,,2,0,4,0,0,1,0,1,0,0,6,1,1,1,0,0,0,0,1,0,27,35,32,1,0,7,9,2,0,0,0,3,0,2,1,0,0,0,0,0,0,0,0,0,0,,,1,27,41,27,12,2,1,0,0
NYA190906120,evt,1909-06-12,0,NYC13,R,1,NYA,CHA,1,0,1,0,1,37,33,3,6,7,1,0,0,0,3,,3,0,6,0,0,1,0,2,0,0,7,1,1,0,0,0,1,0,1,0,27,39,35,5,3,9,13,4,0,0,0,1,0,4,0,0,3,0,0,0,0,2,1,8,11,,,1,27,42,27,11,4,0,0,0
NYA190906120,box,1909-06-12,0,NYC13,R,1,NYA,CHA,1,0,1,0,1,,33,3,6,7,1,0,0,,3,,3,0,6,0,0,1,0,2,0,0,7,1,1,0,0,0,1,0,1,0,27,39,35,5,3,9,13,4,0,0,0,1,0,4,0,0,3,0,0,0,0,0,0,0,0,,,1,27,42,27,11,4,0,0,0
NYA190906140,evt,1909-06-14,0,NYC13,R,1,NYA,CHA,1,1,0,0,1,39,33,7,9,14,0,1,1,0,5,,4,0,3,0,1,1,0,5,0,0,8,1,1,0,0,0,1,1,0,1,27,39,37,5,2,11,12,1,0,0,0,2,0,4,0,0,0,0,0,1,0,0,0,11,10,,,1,27,41,27,13,1,1,0,0
NYA190906140,box,1909-06-14,0,NYC13,R,1,NYA,CHA,1,1,0,0,1,,33,7,9,14,0,1,1,,5,,4,0,3,0,1,1,0,5,0,0,8,1,1,0,0,0,1,1,0,1,27,39,37,5,2,11,12,1,0,0,0,2,0,4,0,0,0,0,0,1,0,0,0,0,0,,,1,27,41,27,13,1,1,0,0
NYA190906150,evt,1909-06-15,0,NYC13,R,1,NYA,CHA,1,0,1,0,1,38,33,3,9,12,0,0,1,0,3,,3,0,2,1,0,2,0,1,1,0,8,1,1,0,0,0,1,0,1,0,27,39,34,7,5,11,17,1,1,1,0,3,0,7,0,0,2,0,0,0,0,0,0,7,9,,,1,27,37,27,10,0,0,0,0
NYA190906150,box,1909-06-15,0,NYC13,R,1,NYA,CHA,1,0,1,0,1,,33,3,9,12,0,0,1,,3,,3,0,2,1,0,2,0,1,1,0,8,1,1,0,0,0,1,0,1,0,27,39,34,7,5,11,17,1,1,1,0,3,0,7,0,0,2,0,0,0,0,0,0,0,0,,,1,27,37,27,10,0,0,0,0
NYA190906160,evt,1909-06-16,0,NYC13,R,1,NYA,CLE,1,0,1,0,1,34,31,3,7,11,2,1,0,0,3,,1,0,4,1,1,0,1,1,1,0,4,1,1,0,0,0,1,0,1,0,27,41,33,4,4,9,13,2,1,0,0,5,1,6,0,0,3,0,0,1,0,0,0,6,10,,,1,27,40,27,11,2,0,0,0
NYA190906160,box,1909-06-16,0,NYC13,R,1,NYA,CLE,1,0,1,0,1,,31,3,7,11,2,1,0,,3,,1,0,4,1,1,0,1,1,1,0,4,1,1,0,0,0,1,0,1,0,27,41,33,4,4,9,13,2,1,0,0,5,1,6,0,0,3,0,0,1,0,0,0,0,0,,,1,27,40,27,11,2,0,0,0
NYA190906170,evt,1909-06-17,0,NYC13,R,1,NYA,CLE,1,0,1,0,1,37,36,2,9,13,2,1,0,0,2,,1,0,5,0,0,0,0,0,1,0,8,1,1,0,0,0,1,0,1,0,27,36,32,3,3,8,12,2,1,0,0,1,0,6,0,2,1,0,0,0,0,0,0,6,12,,,1,27,36,27,9,0,1,0,0
NYA190906170,box,1909-06-17,0,NYC13,R,1,NYA,CLE,1,0,1,0,1,,36,2,9,13,2,1,0,,2,,1,0,5,0,0,0,0,0,1,0,8,1,1,0,0,0,1,0,1,0,27,36,32,3,3,8,12,2,1,0,0,1,0,6,0,2,1,0,0,0,0,0,0,0,0,,,1,27,36,27,9,0,1,0,0
NYA190906180,evt,1909-06-18,0,NYC13,R,1,NYA,CLE,1,0,1,0,1,34,33,4,8,12,2,1,0,0,3,,1,0,6,0,0,0,0,2,3,0,3,1,1,1,0,0,0,0,1,0,27,44,37,10,10,13,16,3,0,0,0,5,1,3,0,0,1,1,0,1,0,0,0,8,11,,,1,27,43,27,15,1,1,0,0
NYA190906180,box,1909-06-18,0,NYC13,R,1,NYA,CLE,1,0,1,0,1,,33,4,8,12,2,1,0,,3,,1,0,6,0,0,0,0,2,3,0,3,1,1,1,0,0,0,0,1,0,27,44,37,10,10,13,16,3,0,0,0,5,1,3,0,0,1,1,0,1,0,0,0,0,0,,,1,27,43,27,15,1,1,0,0
NYA190906191,evt,1909-06-19,1,NYC13,R,1,NYA,WS1,1,0,1,0,1,39,30,4,3,5,2,0,0,0,2,,7,0,7,0,1,1,0,2,1,0,8,1,1,1,0,0,0,0,1,0,27,43,36,7,4,13,18,5,0,0,0,3,0,2,1,2,2,0,0,0,0,0,0,13,6,,,1,27,36,21,12,3,1,0,0
NYA190906191,box,1909-06-19,1,NYC13,R,1,NYA,WS1,1,0,1,0,1,,30,4,3,5,2,0,0,,2,,7,0,,0,1,1,0,2,1,0,8,1,1,1,0,0,0,0,1,0,27,43,36,7,4,13,18,5,0,0,0,3,0,0,1,2,2,0,0,0,0,0,0,0,0,,,1,27,45,27,15,3,1,0,0
NYA190906192,evt,1909-06-19,2,NYC13,R,1,NYA,WS1,1,1,0,0,1,35,27,6,6,8,2,0,0,0,5,,4,0,3,0,0,3,1,1,1,0,5,1,1,1,0,0,0,1,0,0,27,36,34,3,3,11,13,2,0,0,0,1,0,5,0,0,1,0,0,3,0,0,0,10,8,,,1,27,41,27,14,0,0,0,0
NYA190906192,box,1909-06-19,2,NYC13,R,1,NYA,WS1,1,1,0,0,1,,27,6,6,8,2,0,0,,5,,4,0,3,0,0,3,1,1,1,0,5,1,1,1,0,0,0,1,0,0,27,36,34,3,3,11,13,2,0,0,0,1,0,5,0,0,1,0,0,3,0,0,0,0,0,,,1,27,41,27,14,0,0,0,0
NYA190906211,evt,1909-06-21,1,NYC13,R,1,NYA,WS1,1,0,1,0,1,42,37,4,13,18,3,1,0,0,4,,4,0,1,0,0,1,0,0,1,0,11,1,1,1,0,0,0,0,1,0,27,42,32,6,6,9,12,1,1,0,0,5,0,4,0,2,3,0,0,0,0,0,0,5,12,,,1,27,41,27,11,3,0,0,0
NYA190906211,box,1909-06-21,1,NYC13,R,1,NYA,WS1,1,0,1,0,1,,37,4,13,18,3,1,0,,4,,4,0,1,0,0,1,0,0,1,0,11,1,1,1,0,0,0,0,1,0,27,42,32,6,6,9,12,1,1,0,0,5,0,4,0,2,3,0,0,0,0,0,0,0,0,,,1,27,41,27,11,3,0,0,0
NYA190906212,evt,1909-06-21,2,NYC13,R,1,NYA,WS1,1,1,0,0,1,36,30,3,8,11,1,1,0,0,2,,5,2,5,0,0,1,0,4,1,0,9,1,1,1,0,0,0,1,0,0,27,33,32,2,2,8,8,0,0,0,0,1,0,3,2,0,0,0,0,0,0,0,0,11,10,,,1,27,40,27,13,0,2,0,0
NYA190906212,box,1909-06-21,2,NYC13,R,1,NYA,WS1,1,1,0,0,1,,30,3,8,11,1,1,0,,2,,5,2,5,0,0,1,0,4,1,0,9,1,1,1,0,0,0,1,0,0,27,33,32,2,2,8,8,0,0,0,0,1,0,3,2,0,0,0,0,0,0,0,0,0,0,,,1,27,40,27,13,0,2,0,0
BOS190906220,evt,1909-06-22,0,BOS06,R,0,NYA,BOS,1,0,1,0,1,40,37,6,10,10,0,0,0,0,3,,3,0,5,0,0,0,0,0,0,0,7,1,1,0,0,0,1,0,1,0,24,37,32,9,8,13,16,1,1,0,0,3,0,3,0,0,1,1,0,0,0,2,0,9,6,,,1,24,41,24,15,2,1,0,0
BOS190906220,box,1909-06-22,0,BOS06,R,0,NYA,BOS,1,0,1,0,1,,37,6,10,10,0,0,0,,3,,3,0,5,0,0,0,0,0,0,0,7,1,1,0,0,0,1,0,1,0,24,37,32,9,8,13,16,1,1,0,0,3,0,3,0,0,1,1,0,0,0,0,0,0,0,,,1,24,41,24,15,2,1,0,0
BOS190906230,evt,1909-06-23,0,BOS06,R,0,NYA,BOS,1,0,1,0,1,46,41,5,13,15,0,1,0,0,5,,4,0,6,0,0,1,0,0,0,0,14,1,1,0,0,0,1,0,1,0,24,42,38,14,14,21,28,3,2,0,0,1,0,1,0,0,1,2,0,0,0,0,0,8,10,,,1,24,40,24,13,3,0,0,0
BOS190906230,box,1909-06-23,0,BOS06,R,0,NYA,BOS,1,0,1,0,1,,41,5,13,15,0,1,0,,5,,4,0,6,0,0,1,0,0,0,0,14,1,1,0,0,0,1,0,1,0,24,42,38,14,14,21,28,3,2,0,0,1,0,1,0,0,1,2,0,0,0,0,0,0,0,,,1,24,40,24,13,3,0,0,0
PHA190906240,evt,1909-06-24,0,PHI11,R,0,NYA,PHA,1,0,1,0,1,39,36,3,8,12,1,0,1,0,3,,3,0,2,0,0,0,0,1,1,0,9,1,1,0,0,0,1,0,1,0,24,33,29,5,1,7,9,2,0,0,0,1,0,5,0,1,2,0,0,0,0,0,0,7,8,,,1,24,39,24,11,4,1,0,0
PHA190906240,box,1909-06-24,0,PHI11,R,0,NYA,PHA,1,0,1,0,1,,36,3,8,12,1,0,1,,3,,3,0,2,0,0,0,0,1,1,0,9,1,1,0,0,0,1,0,1,0,24,33,29,5,1,7,9,2,0,0,0,1,0,5,0,1,2,0,0,0,0,0,0,0,0,,,1,24,39,24,11,4,1,0,0
PHA190906250,evt,1909-06-25,0,PHI11,R,0,NYA,PHA,1,1,0,0,1,48,38,12,15,23,2,3,0,0,10,,6,0,2,0,1,1,2,8,3,0,9,1,1,1,0,0,0,1,0,0,27,32,30,2,2,6,8,2,0,0,0,0,0,1,2,1,1,0,0,0,0,0,0,10,12,,,1,27,42,27,13,2,3,0,0
PHA190906250,box,1909-06-25,0,PHI11,R,0,NYA,PHA,1,1,0,0,1,,38,12,15,23,2,3,0,,10,,6,0,2,0,1,1,2,8,3,0,9,1,1,1,0,0,0,1,0,0,27,32,30,2,2,6,8,2,0,0,0,0,0,1,2,1,1,0,0,0,0,0,0,0,0,,,1,27,42,27,13,2,3,0,0
PHA190906261,evt,1909-06-26,1,PHI11,R,0,NYA,PHA,1,0,1,0,1,29,29,0,4,4,0,0,0,0,0,,0,0,7,1,0,0,0,0,2,0,2,1,1,1,0,0,0,0,1,0,24,31,29,3,2,9,10,1,0,0,0,0,0,0,0,0,1,1,0,0,0,0,0,11,10,,,1,24,41,24,15,2,1,0,1
PHA190906261,box,1909-06-26,1,PHI11,R,0,NYA,PHA,1,0,1,0,1,,29,0,4,4,0,0,0,,0,,0,0,7,1,0,0,0,0,2,0,2,1,1,1,0,0,0,0,1,0,24,31,29,3,2,9,10,1,0,0,0,0,0,0,0,0,1,1,0,0,0,0,0,0,0,,,1,24,41,24,15,2,1,0,1
PHA190906262,evt,1909-06-26,2,PHI11,R,0,NYA,PHA,1,0,1,0,1,34,31,1,4,4,0,0,0,0,1,,3,0,5,0,0,0,0,1,0,0,6,1,1,0,0,0,1,0,1,0,24,34,24,4,3,5,7,0,1,0,0,6,0,2,0,1,3,0,0,1,0,0,0,11,5,,,1,24,46,24,19,3,0,0,0
PHA190906262,box,1909-06-26,2,PHI11,R,0,NYA,PHA,1,0,1,0,1,,31,1,4,4,0,0,0,,1,,3,0,5,0,0,0,0,1,0,0,6,1,1,0,0,0,1,0,1,0,24,34,24,4,3,5,7,0,1,0,0,6,0,2,0,1,3,0,0,1,0,0,0,0,0,,,1,24,46,24,19,3,0,0,0
PHA190906280,evt,1909-06-28,0,PHI11,R,0,NYA,PHA,1,1,0,0,1,32,29,2,4,4,0,0,0,0,1,,3,0,3,0,0,0,0,0,2,0,3,1,1,0,0,0,1,1,0,1,27,32,29,1,1,6,8,0,1,0,0,1,0,4,0,0,1,1,0,0,0,0,0,14,6,,,1,27,44,27,17,0,1,0,0
PHA190906280,box,1909-06-28,0,PHI11,R,0,NYA,PHA,1,1,0,0,1,,29,2,4,4,0,0,0,,1,,3,0,3,0,0,0,0,0,2,0,3,1,1,0,0,0,1,1,0,1,27,32,29,1,1,6,8,0,1,0,0,1,0,4,0,0,1,1,0,0,0,0,0,0,0,,,1,27,44,27,17,0,1,0,0
NYA190906291,evt,1909-06-29,1,NYC13,R,1,NYA,WS1,1,0,1,0,1,34,28,1,4,7,0,0,1,0,1,,4,0,3,0,1,1,0,1,3,0,6,1,1,1,0,0,0,0,1,0,27,33,29,3,1,5,5,0,0,0,0,2,0,3,0,0,2,0,0,0,0,0,0,11,8,,,1,27,46,27,15,4,1,0,1
NYA190906291,box,1909-06-29,1,NYC13,R,1,NYA,WS1,1,0,1,0,1,,28,1,4,7,0,0,1,,1,,4,0,3,0,1,1,0,1,3,0,6,1,1,1,0,0,0,0,1,0,27,33,29,3,1,5,5,0,0,0,0,2,0,3,0,0,2,0,0,0,0,0,0,0,0,,,1,27,46,27,15,4,1,0,1
NYA190906292,evt,1909-06-29,2,NYC13,R,1,NYA,WS1,1,1,0,0,1,41,32,11,10,13,1,1,0,0,10,,6,0,2,0,0,1,2,6,0,0,6,1,1,1,0,0,0,1,0,0,27,39,34,3,2,10,13,1,1,0,0,3,0,2,0,0,1,1,0,0,0,0,0,11,11,,,1,27,42,27,13,2,0,0,0
NYA190906292,box,1909-06-29,2,NYC13,R,1,NYA,WS1,1,1,0,0,1,,32,11,10,13,1,1,0,,10,,6,0,2,0,0,1,2,6,0,0,6,1,1,1,0,0,0,1,0,0,27,39,34,3,2,10,13,1,1,0,0,3,0,2,0,0,1,1,0,0,0,0,0,0,0,,,1,27,42,27,13,2,0,0,0
NYA190906300,evt,1909-06-30,0,NYC13,R,1,NYA,WS1,1,1,0,0,1,34,28,4,7,7,0,0,0,0,3,,2,0,5,0,0,4,0,1,0,0,6,1,1,1,0,0,0,1,0,0,27,39,35,2,1,8,8,0,0,0,0,3,0,7,0,0,1,0,0,0,0,0,0,12,7,,,1,27,42,27,12,3,0,0,0
NYA190906300,box,1909-06-30,0,NYC13,R,1,NYA,WS1,1,1,0,0,1,,28,4,7,7,0,0,0,,3,,2,0,5,0,0,4,0,1,0,0,6,1,1,1,0,0,0,1,0,0,27,39,35,2,1,8,8,0,0,0,0,3,0,7,0,0,1,0,0,0,0,0,0,0,0,,,1,27,42,27,12,3,0,0,0
NYA190907010,evt,1909-07-01,0,NYC13,R,1,NYA,WS1,1,1,0,0,1,40,36,2,8,11,1,1,0,0,1,,3,1,4,0,0,0,1,1,1,0,9,1,1,0,0,0,1,1,0,0,30,40,34,1,1,8,13,1,2,0,0,3,1,5,1,0,2,1,0,0,0,0,0,7,13,,,1,30,44,30,11,3,1,0,0
NYA190907010,box,1909-07-01,0,NYC13,R,1,NYA,WS1,1,1,0,0,1,,36,2,8,11,1,1,0,,1,,3,1,4,0,0,0,1,1,1,0,9,1,1,0,0,0,1,1,0,0,30,40,34,1,1,8,13,1,2,0,0,3,1,5,1,0,2,1,0,0,0,0,0,0,0,,,1,30,44,30,11,3,1,0,0
NYA190907020,evt,1909-07-02,0,NYC13,R,1,NYA,WS1,1,1,0,0,1,33,30,3,8,12,0,2,0,0,3,,2,0,5,0,0,1,0,2,0,0,6,1,1,1,1,0,0,1,0,0,27,32,29,0,0,5,5,0,0,0,0,2,0,7,0,1,0,0,0,0,0,0,0,8,7,,,1,27,41,27,13,1,0,0,0
NYA190907020,box,1909-07-02,0,NYC13,R,1,NYA,WS1,1,1,0,0,1,,30,3,8,12,0,2,0,,3,,2,0,5,0,0,1,0,2,0,0,6,1,1,1,1,0,0,1,0,0,27,32,29,0,0,5,5,0,0,0,0,2,0,,0,1,0,0,0,0,0,0,0,0,0,,,1,27,41,27,13,1,0,0,0
NYA190907031,evt,1909-07-03,1,NYC13,R,1,NYA,PHA,1,0,1,0,1,34,26,2,2,4,2,0,0,0,1,,6,0,4,0,1,0,1,1,1,0,5,1,1,1,0,0,0,0,1,0,27,38,29,5,4,10,18,2,3,0,0,3,0,1,0,1,4,1,0,0,0,0,0,13,4,,,1,27,17,10,5,2,1,0,0
NYA190907031,box,1909-07-03,1,NYC13,R,1,NYA,PHA,1,0,1,0,1,,26,2,2,4,2,0,0,,1,,6,0,4,0,1,0,1,1,1,0,5,1,1,1,0,0,0,0,1,0,27,38,29,5,4,10,18,2,3,0,0,3,0,1,0,1,4,1,0,0,0,0,0,0,0,,,1,27,46,27,17,2,1,0,0
NYA190907032,evt,1909-07-03,2,NYC13,R,1,NYA,PHA,1,0,1,0,1,38,35,0,8,10,2,0,0,0,0,,2,0,6,0,1,0,0,1,0,0,11,1,1,0,0,0,1,0,1,0,27,46,38,7,6,13,20,5,1,0,0,4,0,2,0,0,1,3,0,0,0,0,0,8,13,,,1,27,43,27,11,5,0,0,0
NYA190907032,box,1909-07-03,2,NYC13,R,1,NYA,PHA,1,0,1,0,1,,35,0,8,10,2,0,0,,0,,2,0,6,0,1,0,0,1,0,0,11,1,1,0,0,0,1,0,1,0,27,46,38,7,6,13,20,5,1,0,0,4,0,2,0,0,1,3,0,0,0,0,0,0,0,,,1,27,42,27,10,5,0,0,0
NYA190907051,evt,1909-07-05,1,NYC13,R,1,NYA,PHA,1,0,1,0,1,38,34,2,7,7,0,0,0,0,1,,2,0,3,0,1,0,1,0,1,0,9,1,1,0,0,0,1,0,1,0,27,41,30,7,3,7,8,1,0,0,0,4,0,4,0,1,4,2,0,2,0,0,0,10,8,,,1,27,48,27,15,6,2,0,0
NYA190907051,box,1909-07-05,1,NYC13,R,1,NYA,PHA,1,0,1,0,1,,34,2,7,7,0,0,0,,1,,2,0,3,0,1,0,1,0,1,0,9,1,1,0,0,0,1,0,1,0,27,41,30,7,3,7,8,1,0,0,0,4,0,4,0,1,4,2,0,2,0,0,0,0,0,,,1,27,48,27,15,6,2,0,0
NYA190907052,evt,1909-07-05,2,NYC13,R,1,NYA,PHA,1,0,1,0,1,36,34,3,8,12,1,0,1,0,3,,2,0,7,1,0,0,0,2,0,0,6,1,1,1,0,0,0,0,1,0,27,34,29,4,4,4,10,3,0,1,0,4,0,0,1,0,1,0,0,1,0,0,0,11,13,,,1,27,39,27,11,1,1,0,0
NYA190907052,box,1909-07-05,2,NYC13,R,1,NYA,PHA,1,0,1,0,1,,34,3,8,12,1,0,1,,3,,2,0,7,1,0,0,0,2,0,0,6,1,1,1,0,0,0,0,1,0,27,34,29,4,4,4,10,3,0,1,0,4,0,0,1,0,1,0,0,1,0,0,0,0,0,,,1,27,39,27,11,1,1,0,0
NYA190907060,evt,1909-07-06,0,NYC13,R,1,NYA,PHA,1,0,1,0,1,35,28,2,6,10,1,0,1,0,2,,4,0,5,0,1,2,0,0,1,0,6,1,1,1,0,0,0,0,1,0,27,36,35,3,2,10,14,1,0,1,0,1,0,3,1,0,0,0,0,0,0,0,0,12,9,,,1,27,42,27,14,1,2,0,0
NYA190907060,box,1909-07-06,0,NYC13,R,1,NYA,PHA,1,0,1,0,1,,28,2,6,10,1,0,1,,2,,4,0,5,0,1,2,0,0,1,0,6,1,1,1,0,0,0,0,1,0,27,36,35,3,2,10,14,1,0,1,0,1,0,3,1,0,0,0,0,0,0,0,0,0,0,,,1,27,42,27,14,1,2,0,0
NYA190907070,evt,1909-07-07,0,NYC13,R,1,NYA,BOS,1,0,1,0,1,39,36,6,9,10,1,0,0,0,6,,2,0,5,0,1,0,0,2,1,0,6,1,1,0,0,0,1,0,1,0,27,43,36,9,9,14,17,1,1,0,0,5,0,4,0,1,1,0,0,0,0,3,1,12,6,,,1,27,47,27,19,1,1,0,0
NYA190907070,box,1909-07-07,0,NYC13,R,1,NYA,BOS,1,0,1,0,1,,36,6,9,10,1,0,0,,6,,2,0,5,0,1,0,0,2,1,0,6,1,1,0,0,0,1,0,1,0,27,43,36,9,9,14,17,1,1,0,0,5,0,4,0,1,1,0,0,0,0,0,0,0,0,,,1,27,47,27,19,1,1,0,0
SLA190907090,evt,1909-07-09,0,STL07,R,0,NYA,SLA,1,1,0,0,1,39,32,5,8,13,1,2,0,0,5,,5,0,6,0,0,2,0,1,1,0,7,1,1,1,0,0,0,1,0,0,27,36,36,2,1,9,11,2,0,0,0,0,0,3,0,0,0,0,0,1,0,0,0,14,8,,,1,27,44,27,14,3,0,0,0
SLA190907090,box,1909-07-09,0,STL07,R,0,NYA,SLA,1,1,0,0,1,,32,5,8,13,1,2,0,,5,,5,0,6,0,0,2,0,1,1,0,7,1,1,1,0,0,0,1,0,0,27,36,36,2,1,9,11,2,0,0,0,0,0,3,0,0,0,0,0,1,0,0,0,0,0,,,1,27,44,27,14,3,0,0,0
SLA190907111,evt,1909-07-11,1,STL07,R,0,NYA,SLA,1,0,1,0,1,33,30,2,8,8,0,0,0,0,2,,0,0,1,1,2,1,0,0,2,0,4,1,1,0,0,0,1,0,1,0,24,39,30,8,5,10,12,0,1,0,0,7,0,2,1,1,1,0,0,0,0,3,2,14,3,,,1,24,15,10,4,1,3,0,1
SLA190907111,box,1909-07-11,1,STL07,R,0,NYA,SLA,1,0,1,0,1,,30,2,8,8,0,0,0,,2,,0,0,,1,2,1,0,0,2,0,4,1,1,0,0,0,1,0,1,0,24,39,30,8,5,10,12,0,1,0,0,7,0,,1,1,1,0,0,0,0,0,0,0,0,,,1,24,33,24,8,1,3,0,1
SLA190907112,evt,1909-07-11,2,STL07,R,0,NYA,SLA,1,0,1,0,1,35,28,0,5,5,0,0,0,0,0,,4,0,0,0,1,2,0,0,3,0,8,1,1,1,0,0,0,0,1,0,24,32,26,1,1,4,8,0,2,0,0,5,0,0,0,1,0,0,0,0,0,0,0,21,0,,,1,24,6,2,4,0,0,0,0
SLA190907112,box,1909-07-11,2,STL07,R,0,NYA,SLA,1,0,1,0,1,,28,0,5,5,0,0,0,,0,,4,0,,0,1,2,0,0,3,0,8,1,1,1,0,0,0,0,1,0,24,32,26,1,1,4,8,0,2,0,0,5,0,,0,1,0,0,0,0,0,0,0,0,0,,,1,24,38,24,14,0,0,0,0
SLA190907120,evt,1909-07-12,0,STL07,R,0,NYA,SLA,1,1,0,0,1,39,34,5,8,9,1,0,0,0,4,,1,1,1,2,1,2,1,0,0,0,7,1,1,1,1,0,0,1,0,0,27,33,30,0,0,3,3,0,0,0,0,3,0,3,0,0,0,0,0,0,0,0,0,19,4,,,1,27,19,13,5,1,0,0,0
SLA190907120,box,1909-07-12,0,STL07,R,0,NYA,SLA,1,1,0,0,1,,34,5,8,9,1,0,0,,4,,1,1,,2,1,2,1,0,0,0,7,1,1,1,1,0,0,1,0,0,27,33,30,0,0,3,3,0,0,0,0,3,0,,0,0,0,0,0,0,0,0,0,0,0,,,1,27,43,27,15,1,0,0,0
CHA190907131,evt,1909-07-13,1,CHI09,R,0,NYA,CHA,1,1,0,0,1,39,35,5,8,9,1,0,0,0,3,,2,0,2,0,0,2,0,0,0,0,7,1,1,1,0,0,0,1,0,0,27,35,26,1,1,4,4,0,0,0,0,7,0,2,3,0,2,0,0,0,0,0,0,12,7,,,1,27,44,27,16,1,3,0,0
CHA190907131,box,1909-07-13,1,CHI09,R,0,NYA,CHA,1,1,0,0,1,,35,5,8,9,1,0,0,,3,,2,0,2,0,0,2,0,0,0,0,7,1,1,1,0,0,0,1,0,0,27,35,26,1,1,4,4,0,0,0,0,7,0,2,3,0,2,0,0,0,0,0,0,0,0,,,1,27,44,27,16,1,3,0,0
CHA190907132,evt,1909-07-13,2,CHI09,R,0,NYA,CHA,1,0,1,0,1,36,35,2,10,14,4,0,0,0,2,,1,0,2,0,0,0,0,0,0,0,7,1,1,0,0,0,1,0,1,0,24,35,27,6,6,5,5,0,0,0,0,8,0,6,0,0,0,0,0,1,0,3,3,13,3,,,1,24,14,11,2,1,0,0,0
CHA190907132,box,1909-07-13,2,CHI09,R,0,NYA,CHA,1,0,1,0,1,,35,2,10,14,4,0,0,,2,,1,0,2,0,0,0,0,0,0,0,7,1,1,0,0,0,1,0,1,0,24,35,27,6,6,5,5,0,0,0,0,8,0,6,0,0,0,0,0,1,0,0,0,0,0,,,1,24,36,24,11,1,0,0,0
CHA190907141,evt,1909-07-14,1,CHI09,R,0,NYA,CHA,1,1,0,0,1,37,34,4,12,16,4,0,0,0,3,,0,0,3,0,0,3,0,0,1,0,6,1,1,0,0,0,1,1,0,1,27,34,31,3,3,6,10,4,0,0,0,2,0,3,0,0,1,0,0,1,0,2,2,9,12,,,1,27,39,27,12,0,0,0,0
CHA190907141,box,1909-07-14,1,CHI09,R,0,NYA,CHA,1,1,0,0,1,,34,4,12,16,4,0,0,,3,,0,0,3,0,0,3,0,0,1,0,6,1,1,0,0,0,1,1,0,1,27,34,31,3,3,6,10,4,0,0,0,2,0,3,0,0,1,0,0,1,0,0,0,0,0,,,1,27,39,27,12,0,0,0,0
CHA190907142,evt,1909-07-14,2,CHI09,R,0,NYA,CHA,1,0,1,0,1,37,32,2,6,8,0,1,0,0,2,,4,0,5,0,0,1,0,0,0,0,8,1,1,1,0,0,0,0,1,0,24,40,34,8,2,10,13,3,0,0,0,1,0,6,0,0,5,0,0,0,0,0,0,12,4,,,1,24,26,14,6,6,0,0,1
CHA190907142,box,1909-07-14,2,CHI09,R,0,NYA,CHA,1,0,1,0,1,,32,2,6,8,0,1,0,,2,,4,0,5,0,0,1,0,0,0,0,8,1,1,1,0,0,0,0,1,0,24,40,34,8,2,10,13,3,0,0,0,1,0,6,0,0,5,0,0,0,0,0,0,0,0,,,1,24,41,24,11,6,0,0,1
CHA190907150,evt,1909-07-15,0,CHI09,R,0,NYA,CHA,1,0,1,0,1,34,30,0,4,5,1,0,0,0,0,,3,0,5,0,0,1,0,0,0,0,7,1,1,1,0,0,0,0,1,0,24,37,28,9,8,9,12,1,1,0,0,6,0,1,0,0,2,1,0,0,0,0,0,11,7,,,1,24,34,19,13,2,0,0,0
CHA190907150,box,1909-07-15,0,CHI09,R,0,NYA,CHA,1,0,1,0,1,,30,0,4,5,1,0,0,,0,,3,0,5,0,0,1,0,0,0,0,7,1,1,1,0,0,0,0,1,0,24,37,28,9,8,9,12,1,1,0,0,6,0,1,0,0,2,1,0,0,0,0,0,0,0,,,1,24,39,24,13,2,0,0,0
CHA190907160,evt,1909-07-16,0,CHI09,R,0,NYA,CHA,1,0,1,0,1,33,29,1,4,4,0,0,0,0,1,,4,0,5,1,0,0,0,0,0,0,5,1,1,1,0,0,0,0,1,0,24,33,27,3,1,6,8,0,1,0,0,3,0,4,1,1,2,0,0,0,0,0,0,10,4,,,1,24,39,24,13,2,1,0,0
CHA190907160,box,1909-07-16,0,CHI09,R,0,NYA,CHA,1,0,1,0,1,,29,1,4,4,0,0,0,,1,,4,0,5,1,0,0,0,0,0,0,5,1,1,1,0,0,0,0,1,0,24,33,27,3,1,6,8,0,1,0,0,3,0,4,1,1,2,0,0,0,0,0,0,0,0,,,1,24,39,24,13,2,1,0,0
DET190907170,evt,1909-07-17,0,DET02,R,0,NYA,DET,1,0,1,0,1,39,38,2,12,14,2,0,0,0,2,,1,0,6,1,0,0,0,1,0,0,10,1,1,0,0,0,1,0,1,0,24,39,32,9,8,12,17,2,0,1,0,5,0,1,0,0,1,1,0,0,0,0,0,11,9,,,1,24,39,24,13,2,0,0,0
DET190907170,box,1909-07-17,0,DET02,R,0,NYA,DET,1,0,1,0,1,,38,2,12,14,2,0,0,,2,,1,0,6,1,0,0,0,1,0,0,10,1,1,0,0,0,1,0,1,0,24,39,32,9,8,12,17,2,0,1,0,5,0,1,0,0,1,1,0,0,0,0,0,0,0,,,1,24,39,24,13,2,0,0,0
DET190907180,evt,1909-07-18,0,DET02,R,0,NYA,DET,1,0,1,0,1,55,51,3,14,16,2,0,0,0,3,,2,0,0,0,1,1,0,1,1,0,13,1,1,1,0,0,0,0,1,0,38,47,44,4,3,9,11,2,0,0,0,2,0,0,1,0,1,0,0,0,0,0,0,31,2,,,1,38,17,9,6,2,1,0,0
DET190907180,box,1909-07-18,0,DET02,R,0,NYA,DET,1,0,1,0,1,,51,3,14,16,2,0,0,,3,,2,0,,0,1,1,0,1,1,0,13,1,1,1,0,0,0,0,1,0,38,47,44,4,3,9,11,2,0,0,0,2,0,,1,0,1,0,0,0,0,0,0,0,0,,,1,38,60,38,20,2,1,0,0
DET190907190,evt,1909-07-19,0,DET02,R,0,NYA,DET,1,1,0,0,1,39,36,5,11,15,0,2,0,0,5,,2,0,3,1,0,1,0,1,1,0,7,1,1,1,0,0,0,1,0,0,27,37,34,3,3,9,17,1,2,1,0,3,1,4,0,0,0,0,0,0,0,0,0,10,10,,,1,27,39,27,12,0,0,0,0
DET190907190,box,1909-07-19,0,DET02,R,0,NYA,DET,1,1,0,0,1,,36,5,11,15,0,2,0,,5,,2,0,3,1,0,1,0,1,1,0,7,1,1,1,0,0,0,1,0,0,27,37,34,3,3,9,17,1,2,1,0,3,1,4,0,0,0,0,0,0,0,0,0,0,0,,,1,27,39,27,12,0,0,0,0
DET190907200,evt,1909-07-20,0,DET02,R,0,NYA,DET,1,1,0,0,1,44,34,6,9,12,1,1,0,0,3,,8,1,3,0,0,2,0,1,1,0,11,1,1,1,0,0,0,1,0,0,27,30,29,1,1,6,7,1,0,0,0,0,0,6,1,0,1,0,0,0,0,0,0,5,11,,,1,27,40,27,11,2,1,0,0
DET190907200,box,1909-07-20,0,DET02,R,0,NYA,DET,1,1,0,0,1,,34,6,9,12,1,1,0,,3,,8,1,3,0,0,2,0,1,1,0,11,1,1,1,0,0,0,1,0,0,27,30,29,1,1,6,7,1,0,0,0,0,0,6,1,0,1,0,0,0,0,0,0,0,0,,,1,27,40,27,11,2,1,0,0
DET190907210,evt,1909-07-21,0,DET02,R,0,NYA,DET,1,0,1,0,1,34,32,0,5,6,1,0,0,0,0,,1,0,4,0,0,1,0,0,0,0,7,1,1,1,0,0,0,0,1,0,24,36,33,2,2,10,13,0,0,1,0,3,0,3,0,0,0,0,0,0,0,0,0,9,10,,,1,24,37,24,11,2,1,0,0
DET190907210,box,1909-07-21,0,DET02,R,0,NYA,DET,1,0,1,0,1,,32,0,5,6,1,0,0,,0,,1,0,4,0,0,1,0,0,0,0,7,1,1,1,0,0,0,0,1,0,24,36,33,2,2,10,13,0,0,1,0,3,0,3,0,0,0,0,0,0,0,0,0,0,0,,,1,24,37,24,11,2,1,0,0
CLE190907220,evt,1909-07-22,0,CLE05,R,0,NYA,CLE,1,1,0,0,1,22,21,1,4,5,1,0,0,0,1,,1,0,1,0,0,0,0,1,1,0,3,1,1,1,1,0,0,1,0,0,18,19,18,0,0,2,4,0,1,0,0,0,0,3,1,1,0,0,0,0,0,0,0,5,7,,,1,18,27,18,9,0,1,0,0
CLE190907220,box,1909-07-22,0,CLE05,R,0,NYA,CLE,1,1,0,0,1,,21,1,4,5,1,0,0,,1,,1,0,1,0,0,0,0,1,1,0,3,1,1,1,1,0,0,1,0,0,18,19,18,0,0,2,4,0,1,0,0,0,0,3,1,1,0,0,0,0,0,0,0,0,0,,,1,18,27,18,9,0,1,0,0
CLE190907241,evt,1909-07-24,1,CLE05,R,0,NYA,CLE,1,0,1,0,1,31,30,0,3,4,1,0,0,0,0,,1,0,2,0,0,0,0,0,0,0,4,1,1,1,0,0,0,0,1,0,24,34,30,2,2,6,7,1,0,0,0,3,0,7,0,1,0,0,0,1,0,0,0,11,5,,,1,24,43,24,15,4,0,0,0
CLE190907241,box,1909-07-24,1,CLE05,R,0,NYA,CLE,1,0,1,0,1,,30,0,3,4,1,0,0,,0,,1,0,2,0,0,0,0,0,0,0,4,1,1,1,0,0,0,0,1,0,24,34,30,2,2,6,7,1,0,0,0,3,0,7,0,1,0,0,0,1,0,0,0,0,0,,,1,24,43,24,15,4,0,0,0
CLE190907242,evt,1909-07-24,2,CLE05,R,0,NYA,CLE,1,1,0,0,1,39,35,3,10,11,1,0,0,0,3,,3,0,6,0,0,1,0,1,0,0,9,1,1,0,0,0,1,1,0,0,27,35,32,2,2,6,10,2,1,0,0,3,0,5,1,0,0,0,0,0,0,1,0,14,7,,,1,27,38,27,11,0,1,0,0
CLE190907242,box,1909-07-24,2,CLE05,R,0,NYA,CLE,1,1,0,0,1,,35,3,10,11,1,0,0,,3,,3,0,6,0,0,1,0,1,0,0,9,1,1,0,0,0,1,1,0,0,27,35,32,2,2,6,10,2,1,0,0,3,0,5,1,0,0,0,0,0,0,0,0,0,0,,,1,27,38,27,11,0,1,0,0
CLE190907260,evt,1909-07-26,0,CLE05,R,0,NYA,CLE,1,0,1,0,1,31,28,1,6,6,0,0,0,0,1,,1,0,6,0,0,2,0,3,2,0,3,1,1,0,0,0,1,0,1,0,24,30,29,2,2,6,8,2,0,0,0,1,1,4,0,0,0,0,0,0,0,0,0,7,11,,,1,24,34,24,9,1,0,0,0
CLE190907260,box,1909-07-26,0,CLE05,R,0,NYA,CLE,1,0,1,0,1,,28,1,6,6,0,0,0,,1,,1,0,6,0,0,2,0,3,2,0,3,1,1,0,0,0,1,0,1,0,24,30,29,2,2,6,8,2,0,0,0,1,1,4,0,0,0,0,0,0,0,0,0,0,0,,,1,24,34,24,9,1,0,0,0
NYA190907270,evt,1909-07-27,0,NYC13,R,1,NYA,BOS,1,1,0,0,1,40,34,6,14,19,3,1,0,0,4,,3,0,2,0,0,3,0,0,0,0,10,1,1,1,1,0,0,1,0,0,27,33,29,0,0,3,3,0,0,0,0,4,0,6,2,0,0,0,0,0,0,0,0,9,10,,,1,27,38,27,10,1,2,0,0
NYA190907270,box,1909-07-27,0,NYC13,R,1,NYA,BOS,1,1,0,0,1,,34,6,14,19,3,1,0,,4,,3,0,2,0,0,3,0,0,0,0,10,1,1,1,1,0,0,1,0,0,27,33,29,0,0,3,3,0,0,0,0,4,0,6,2,0,0,0,0,0,0,0,0,0,0,,,1,27,38,27,10,1,2,0,0
NYA190907280,evt,1909-07-28,0,NYC13,R,1,NYA,BOS,1,0,1,0,1,39,34,2,9,11,0,1,0,0,1,,3,0,0,0,2,0,0,0,0,0,10,1,1,0,0,0,1,0,1,0,27,43,36,8,8,12,17,1,2,0,0,2,0,6,0,2,2,1,0,2,0,0,0,11,4,,,1,27,47,27,17,3,0,0,0
NYA190907280,box,1909-07-28,0,NYC13,R,1,NYA,BOS,1,0,1,0,1,,34,2,9,11,0,1,0,,1,,3,0,0,0,2,0,0,0,0,0,10,1,1,0,0,0,1,0,1,0,27,43,36,8,8,12,17,1,2,0,0,2,0,6,0,2,2,1,0,2,0,0,0,0,0,,,1,27,47,27,17,3,0,0,0
NYA190907290,evt,1909-07-29,0,NYC13,R,1,NYA,DET,1,1,0,0,1,43,31,11,11,17,1,1,1,0,10,,6,0,3,0,2,3,1,2,0,0,8,1,1,1,0,0,0,1,0,0,27,34,33,2,2,6,13,0,2,1,0,1,0,2,0,0,0,0,0,0,0,0,0,6,18,,,1,27,36,27,7,2,0,0,0
NYA190907290,box,1909-07-29,0,NYC13,R,1,NYA,DET,1,1,0,0,1,,31,11,11,17,1,1,1,,10,,6,0,3,0,2,3,1,2,0,0,8,1,1,1,0,0,0,1,0,0,27,34,33,2,2,6,13,0,2,1,0,1,0,2,0,0,0,0,0,0,0,0,0,0,0,,,1,27,36,27,7,2,0,0,0
NYA190907300,evt,1909-07-30,0,NYC13,R,1,NYA,DET,1,1,0,0,1,39,33,6,10,15,3,1,0,0,5,,2,0,2,0,2,1,1,1,1,0,9,1,1,1,1,0,0,1,0,0,27,33,30,0,0,4,7,1,1,0,0,2,0,3,0,0,1,0,0,0,0,0,0,8,13,,,1,27,39,27,10,2,0,0,0
NYA190907300,box,1909-07-30,0,NYC13,R,1,NYA,DET,1,1,0,0,1,,33,6,10,15,3,1,0,,5,,2,0,2,0,2,1,1,1,1,0,9,1,1,1,1,0,0,1,0,0,27,33,30,0,0,4,7,1,1,0,0,2,0,3,0,0,1,0,0,0,0,0,0,0,0,,,1,27,39,27,10,2,0,0,0
NYA190907311,evt,1909-07-31,1,NYC13,R,1,NYA,DET,1,1,0,0,1,37,31,7,10,15,3,1,0,0,4,,4,0,3,0,0,2,0,1,1,0,6,1,1,1,0,0,0,1,0,0,27,34,31,2,2,4,4,0,0,0,0,3,0,1,0,0,0,0,0,0,0,0,0,15,11,,,1,27,42,27,15,0,0,0,0
NYA190907311,box,1909-07-31,1,NYC13,R,1,NYA,DET,1,1,0,0,1,,31,7,10,15,3,1,0,,4,,4,0,,0,0,2,0,1,1,0,6,1,1,1,0,0,0,1,0,0,27,34,31,2,2,4,4,0,0,0,0,3,0,1,0,0,0,0,0,0,0,0,0,0,0,,,1,27,42,27,15,0,0,0,0
NYA190907312,evt,1909-07-31,2,NYC13,R,1,NYA,DET,1,0,1,0,1,37,30,4,8,8,0,0,0,0,4,,3,0,2,0,1,2,1,0,0,0,6,1,1,1,0,0,0,0,1,0,27,43,35,7,6,10,13,3,0,0,0,7,0,4,0,0,1,0,0,1,0,0,0,11,9,,,1,27,31,21,7,3,0,0,0
NYA190907312,box,1909-07-31,2,NYC13,R,1,NYA,DET,1,0,1,0,1,,30,4,8,8,0,0,0,,4,,3,0,,0,1,2,1,0,0,0,6,1,1,1,0,0,0,0,1,0,27,43,35,7,6,10,13,3,0,0,0,7,0,0,0,0,1,0,0,1,0,0,0,0,0,,,1,27,37,27,7,3,0,0,0
NYA190908031,evt,1909-08-03,1,NYC13,R,1,NYA,SLA,1,1,0,0,1,42,37,5,9,11,2,0,0,0,4,,3,0,4,1,1,1,0,1,1,0,6,1,1,0,0,0,1,1,0,0,33,45,41,4,3,10,13,1,1,0,0,2,0,1,1,0,1,1,0,0,0,0,0,19,9,,,1,33,57,33,22,2,1,0,0
NYA190908031,box,1909-08-03,1,NYC13,R,1,NYA,SLA,1,1,0,0,1,,37,5,9,11,2,0,0,,4,,3,0,4,1,1,1,0,1,1,0,6,1,1,0,0,0,1,1,0,0,33,45,41,4,3,10,13,1,1,0,0,2,0,1,1,0,1,1,0,0,0,0,0,0,0,,,1,33,57,33,22,2,1,0,0
NYA190908032,evt,1909-08-03,2,NYC13,R,1,NYA,SLA,1,0,1,0,1,40,37,3,11,11,0,0,0,0,3,,2,0,3,0,0,1,0,0,0,0,10,1,1,0,0,0,1,0,1,0,27,39,35,7,5,11,15,1,0,1,0,3,0,4,0,0,0,1,0,0,0,0,0,9,11,,,1,27,44,27,14,3,1,0,0
NYA190908032,box,1909-08-03,2,NYC13,R,1,NYA,SLA,1,0,1,0,1,,37,3,11,11,0,0,0,,3,,2,0,3,0,0,1,0,0,0,0,10,1,1,0,0,0,1,0,1,0,27,39,35,7,5,11,15,1,0,1,0,3,0,4,0,0,0,1,0,0,0,0,0,0,0,,,1,27,44,27,14,3,1,0,0
NYA190908051,evt,1909-08-05,1,NYC13,R,1,NYA,SLA,1,1,0,0,1,39,30,5,12,15,1,1,0,0,5,,5,1,2,0,1,3,0,0,0,0,10,1,1,1,1,0,0,1,0,0,27,31,28,0,0,2,2,0,0,0,0,2,0,4,1,1,0,0,0,0,0,0,0,10,11,,,1,27,38,27,11,0,1,0,0
NYA190908051,box,1909-08-05,1,NYC13,R,1,NYA,SLA,1,1,0,0,1,,30,5,12,15,1,1,0,,5,,5,1,2,0,1,3,0,0,0,0,10,1,1,1,1,0,0,1,0,0,27,31,28,0,0,2,2,0,0,0,0,2,0,4,1,1,0,0,0,0,0,0,0,0,0,,,1,27,38,27,11,0,1,0,0
NYA190908052,evt,1909-08-05,2,NYC13,R,1,NYA,SLA,1,0,1,0,1,32,28,0,3,4,1,0,0,0,0,,3,0,2,0,0,1,0,1,1,0,5,1,1,0,0,0,1,0,1,0,27,38,30,4,1,4,4,0,0,0,0,3,0,3,0,1,4,0,0,0,0,0,0,14,6,,,1,27,49,27,17,5,0,0,0
NYA190908052,box,1909-08-05,2,NYC13,R,1,NYA,SLA,1,0,1,0,1,,28,0,3,4,1,0,0,,0,,3,0,2,0,0,1,0,1,1,0,5,1,1,0,0,0,1,0,1,0,27,38,30,4,1,4,4,0,0,0,0,3,0,3,0,1,4,0,0,0,0,0,0,0,0,,,1,27,49,27,17,5,0,0,0
NYA190908060,evt,1909-08-06,0,NYC13,R,1,NYA,CLE,1,1,0,0,1,38,32,8,12,16,2,1,0,0,7,,4,0,3,3,1,1,0,0,0,0,6,1,1,1,1,0,0,1,0,0,27,36,34,0,0,8,9,1,0,0,0,2,0,4,0,0,0,0,0,0,0,0,0,8,12,,,1,27,38,27,10,1,0,0,0
NYA190908060,box,1909-08-06,0,NYC13,R,1,NYA,CLE,1,1,0,0,1,,32,8,12,16,2,1,0,,7,,4,0,3,3,1,1,0,0,0,0,6,1,1,1,1,0,0,1,0,0,27,36,34,0,0,8,9,1,0,0,0,2,0,,0,0,0,0,0,0,0,0,0,0,0,,,1,27,38,27,10,1,0,0,0
NYA190908070,evt,1909-08-07,0,NYC13,R,1,NYA,CLE,1,1,0,0,1,37,32,5,10,13,1,1,0,0,3,,3,0,7,0,0,1,1,4,0,0,8,1,1,1,0,0,0,1,0,0,27,34,32,2,2,7,8,1,0,0,0,0,0,5,0,1,1,0,0,0,0,0,0,10,10,,,1,27,38,27,11,0,1,0,0
NYA190908070,box,1909-08-07,0,NYC13,R,1,NYA,CLE,1,1,0,0,1,,32,5,10,13,1,1,0,,3,,3,0,7,0,0,1,1,4,0,0,8,1,1,1,0,0,0,1,0,0,27,34,32,2,2,7,8,1,0,0,0,0,0,5,0,1,1,0,0,0,0,0,0,0,0,,,1,27,38,27,11,0,1,0,0
NYA190908090,evt,1909-08-09,0,NYC13,R,1,NYA,CLE,1,1,0,0,1,33,30,3,8,10,0,1,0,0,2,,2,0,5,0,0,0,1,3,0,0,6,1,1,1,1,0,0,1,0,0,27,31,29,0,0,3,5,2,0,0,0,2,0,6,0,0,0,0,0,0,0,0,0,9,11,,,1,27,40,27,12,1,0,0,0
NYA190908090,box,1909-08-09,0,NYC13,R,1,NYA,CLE,1,1,0,0,1,,30,3,8,10,0,1,0,,2,,2,0,5,0,0,0,1,3,0,0,6,1,1,1,1,0,0,1,0,0,27,31,29,0,0,3,5,2,0,0,0,2,0,6,0,0,0,0,0,0,0,0,0,0,0,,,1,27,40,27,12,1,0,0,0
NYA190908100,evt,1909-08-10,0,NYC13,R,1,NYA,CLE,1,0,1,0,1,32,28,1,4,4,0,0,0,0,1,,3,0,3,0,0,0,1,0,2,0,4,1,1,0,0,0,1,0,1,0,27,37,34,4,4,11,18,1,3,0,0,1,0,4,0,2,0,0,0,0,0,1,0,11,6,,,1,27,45,27,18,0,1,0,0
NYA190908100,box,1909-08-10,0,NYC13,R,1,NYA,CLE,1,0,1,0,1,,28,1,4,4,0,0,0,,1,,3,0,3,0,0,0,1,0,2,0,4,1,1,0,0,0,1,0,1,0,27,37,34,4,4,11,18,1,3,0,0,1,0,4,0,2,0,0,0,0,0,0,0,0,0,,,1,27,45,27,18,0,1,0,0
NYA190908110,evt,1909-08-11,0,NYC13,R,1,NYA,CHA,1,1,0,0,1,35,32,2,8,10,2,0,0,0,2,,1,0,2,0,0,2,0,2,0,0,9,1,1,1,0,0,0,1,0,0,27,36,30,1,1,3,4,1,0,0,0,5,1,9,0,1,0,0,0,0,0,0,0,10,8,,,1,27,36,27,8,1,0,0,0
NYA190908110,box,1909-08-11,0,NYC13,R,1,NYA,CHA,1,1,0,0,1,,32,2,8,10,2,0,0,,2,,1,0,2,0,0,2,0,2,0,0,9,1,1,1,0,0,0,1,0,0,27,36,30,1,1,3,4,1,0,0,0,5,1,9,0,1,0,0,0,0,0,0,0,0,0,,,1,27,36,27,8,1,0,0,0
NYA190908120,evt,1909-08-12,0,NYC13,R,1,NYA,CHA,1,0,1,0,1,34,31,0,4,4,0,0,0,0,0,,2,0,3,0,1,0,0,0,1,0,7,1,1,1,0,0,0,0,1,0,27,36,32,2,2,11,14,1,1,0,0,2,0,1,0,0,2,0,0,0,0,0,0,8,12,,,1,27,42,27,15,0,0,0,0
NYA190908120,box,1909-08-12,0,NYC13,R,1,NYA,CHA,1,0,1,0,1,,31,0,4,4,0,0,0,,0,,2,0,3,0,1,0,0,0,1,0,7,1,1,1,0,0,0,0,1,0,27,36,32,2,2,11,14,1,1,0,0,2,0,1,0,0,2,0,0,0,0,0,0,0,0,,,1,27,42,27,15,0,0,0,0
NYA190908130,evt,1909-08-13,0,NYC13,R,1,NYA,CHA,1,0,1,0,1,34,31,3,7,8,1,0,0,0,2,,2,0,6,1,1,0,0,3,1,0,4,1,1,1,0,0,0,0,1,0,27,41,35,4,2,10,12,0,1,0,0,2,0,6,0,2,2,0,0,0,0,0,0,5,10,,,1,27,42,27,11,4,1,0,1
NYA190908130,box,1909-08-13,0,NYC13,R,1,NYA,CHA,1,0,1,0,1,,31,3,7,8,1,0,0,,2,,2,0,6,1,1,0,0,3,1,0,4,1,1,1,0,0,0,0,1,0,27,41,35,4,2,10,12,0,1,0,0,2,0,6,0,2,2,0,0,0,0,0,0,0,0,,,1,27,42,27,11,4,1,0,1
NYA190908140,evt,1909-08-14,0,NYC13,R,1,NYA,CHA,1,0,1,0,1,36,32,3,8,9,1,0,0,0,1,,2,0,4,1,0,2,0,1,0,0,6,1,1,0,0,0,1,0,1,0,27,39,38,7,4,12,14,2,0,0,0,1,0,6,0,0,0,0,0,0,0,0,0,8,9,,,1,27,44,27,13,4,0,0,0
NYA190908140,box,1909-08-14,0,NYC13,R,1,NYA,CHA,1,0,1,0,1,,32,3,8,9,1,0,0,,1,,2,0,4,1,0,2,0,1,0,0,6,1,1,0,0,0,1,0,1,0,27,39,38,7,4,12,14,2,0,0,0,1,0,6,0,0,0,0,0,0,0,0,0,0,0,,,1,27,44,27,13,4,0,0,0
NYA190908181,evt,1909-08-18,1,NYC13,R,1,NYA,BOS,1,0,1,0,1,30,28,0,3,3,0,0,0,0,0,,1,0,3,0,1,0,0,1,1,0,3,1,1,1,0,0,0,0,1,0,27,38,31,3,2,7,8,1,0,0,0,5,0,3,1,0,2,0,0,0,0,0,0,11,9,,,1,27,45,27,16,2,1,0,1
NYA190908181,box,1909-08-18,1,NYC13,R,1,NYA,BOS,1,0,1,0,1,,28,0,3,3,0,0,0,,0,,1,0,3,0,1,0,0,1,1,0,3,1,1,1,0,0,0,0,1,0,27,38,31,3,2,7,8,1,0,0,0,5,0,3,1,0,2,0,0,0,0,0,0,0,0,,,1,27,45,27,16,2,1,0,1
NYA190908182,evt,1909-08-18,2,NYC13,R,1,NYA,BOS,1,0,1,0,1,34,30,3,5,6,1,0,0,0,2,,2,0,1,0,0,1,1,0,0,0,4,1,1,1,0,0,0,0,1,0,27,35,34,6,6,9,16,1,3,0,0,1,0,3,0,0,0,0,0,0,0,0,0,9,13,,,1,27,38,27,11,0,0,0,0
NYA190908182,box,1909-08-18,2,NYC13,R,1,NYA,BOS,1,0,1,0,1,,30,3,5,6,1,0,0,,2,,2,0,1,0,0,1,1,0,0,0,4,1,1,1,0,0,0,0,1,0,27,35,34,6,6,9,16,1,3,0,0,1,0,3,0,0,0,0,0,0,0,0,0,0,0,,,1,27,38,27,11,0,0,0,0
NYA190908191,evt,1909-08-19,1,NYC13,R,1,NYA,BOS,1,1,0,0,1,38,29,7,9,10,1,0,0,0,6,,5,0,3,0,1,1,2,0,1,0,7,1,1,1,0,0,0,1,0,0,27,40,35,6,6,10,14,2,1,0,0,2,1,2,0,3,0,0,0,1,0,0,0,10,12,,,1,27,40,27,12,1,1,0,0
NYA190908191,box,1909-08-19,1,NYC13,R,1,NYA,BOS,1,1,0,0,1,,29,7,9,10,1,0,0,,6,,5,0,3,0,1,1,2,0,1,0,7,1,1,1,0,0,0,1,0,0,27,40,35,6,6,10,14,2,1,0,0,2,1,2,0,3,0,0,0,1,0,0,0,0,0,,,1,27,40,27,12,1,1,0,0
NYA190908192,evt,1909-08-19,2,NYC13,R,1,NYA,BOS,1,1,0,0,1,37,33,2,8,9,1,0,0,0,1,,3,0,2,2,0,1,0,1,1,0,6,1,1,1,0,0,0,1,0,0,30,41,31,1,1,7,9,0,1,0,0,6,0,2,2,1,3,0,0,0,0,0,0,9,11,,,1,30,48,30,15,3,2,0,0
NYA190908192,box,1909-08-19,2,NYC13,R,1,NYA,BOS,1,1,0,0,1,,33,2,8,9,1,0,0,,1,,3,0,2,2,0,1,0,1,1,0,6,1,1,1,0,0,0,1,0,0,30,41,31,1,1,7,9,0,1,0,0,6,0,2,2,1,3,0,0,0,0,0,0,0,0,,,1,30,48,30,15,3,2,0,0
CHA190908210,evt,1909-08-21,0,CHI09,R,0,NYA,CHA,1,0,1,0,1,53,44,4,9,9,0,0,0,0,1,,5,1,10,0,0,4,0,1,2,0,10,1,1,0,0,0,1,0,1,0,37,49,44,5,4,10,12,2,0,0,0,3,0,5,0,1,1,0,0,1,0,2,1,22,6,,,1,37,43,26,15,2,0,0,0
CHA190908210,box,1909-08-21,0,CHI09,R,0,NYA,CHA,1,0,1,0,1,,44,4,9,9,0,0,0,,1,,5,1,10,0,0,4,0,1,2,0,10,1,1,0,0,0,1,0,1,0,37,49,44,5,4,10,12,2,0,0,0,3,0,5,0,1,1,0,0,1,0,0,0,0,0,,,1,37,60,37,21,2,0,0,0
CHA190908220,evt,1909-08-22,0,CHI09,R,0,NYA,CHA,1,1,0,0,1,39,37,6,10,11,1,0,0,0,6,,1,0,4,0,0,0,1,1,0,0,6,1,1,0,0,0,1,1,0,1,27,38,28,5,5,6,9,3,0,0,0,7,1,4,1,0,3,0,0,0,0,0,0,14,3,,,1,27,20,13,5,2,2,0,0
CHA190908220,box,1909-08-22,0,CHI09,R,0,NYA,CHA,1,1,0,0,1,,37,6,10,11,1,0,0,,6,,1,0,4,0,0,0,1,1,0,0,6,1,1,0,0,0,1,1,0,1,27,38,28,5,5,6,9,3,0,0,0,7,1,4,1,0,3,0,0,0,0,0,0,0,0,,,1,27,47,27,18,2,2,0,0
CHA190908230,evt,1909-08-23,0,CHI09,R,0,NYA,CHA,1,0,1,0,1,32,32,1,6,6,0,0,0,0,0,,0,0,4,1,0,0,0,1,0,0,4,1,1,0,0,0,1,0,1,0,24,34,30,5,5,7,8,1,0,0,0,3,0,2,0,0,0,1,0,0,0,0,0,11,9,,,1,24,40,24,13,3,0,0,0
CHA190908230,box,1909-08-23,0,CHI09,R,0,NYA,CHA,1,0,1,0,1,,32,1,6,6,0,0,0,,0,,0,0,,1,0,0,0,1,0,0,4,1,1,0,0,0,1,0,1,0,24,34,30,5,5,7,8,1,0,0,0,3,0,2,0,0,0,1,0,0,0,0,0,0,0,,,1,24,40,24,13,3,0,0,0
SLA190908240,evt,1909-08-24,0,STL07,R,0,NYA,SLA,1,0,1,0,1,31,30,0,2,2,0,0,0,0,0,,1,0,3,0,0,0,0,1,0,0,4,1,1,1,0,0,0,0,1,0,24,35,32,3,2,7,8,1,0,0,0,2,0,4,0,1,0,0,0,0,0,0,0,14,6,,,1,24,40,24,12,4,0,0,0
SLA190908240,box,1909-08-24,0,STL07,R,0,NYA,SLA,1,0,1,0,1,,30,0,2,2,0,0,0,,0,,1,0,3,0,0,0,0,1,0,0,4,1,1,1,0,0,0,0,1,0,24,35,32,3,2,7,8,1,0,0,0,2,0,4,0,1,0,0,0,0,0,0,0,0,0,,,1,24,40,24,12,4,0,0,0
SLA190908250,evt,1909-08-25,0,STL07,R,0,NYA,SLA,1,0,1,0,1,41,39,0,10,11,1,0,0,0,0,,1,0,0,0,0,1,0,1,0,0,11,1,1,1,0,0,0,0,1,0,29,36,31,1,0,4,5,1,0,0,0,4,0,4,1,0,0,1,0,0,0,0,0,10,13,,,1,29,42,29,12,1,1,0,1
SLA190908250,box,1909-08-25,0,STL07,R,0,NYA,SLA,1,0,1,0,1,,39,0,10,11,1,0,0,,0,,1,0,0,0,0,1,0,1,0,0,11,1,1,1,0,0,0,0,1,0,29,36,31,1,0,4,5,1,0,0,0,4,0,4,1,0,0,1,0,0,0,0,0,0,0,,,1,29,42,29,12,1,1,0,1
SLA190908260,evt,1909-08-26,0,STL07,R,0,NYA,SLA,1,1,0,0,1,37,36,5,10,20,1,3,1,0,5,,0,0,3,0,0,1,0,1,1,0,5,1,1,1,0,0,0,1,0,0,27,35,33,1,1,10,11,1,0,0,0,1,0,4,1,0,1,0,0,0,0,0,0,9,10,,,1,27,44,27,16,1,2,0,0
SLA190908260,box,1909-08-26,0,STL07,R,0,NYA,SLA,1,1,0,0,1,,36,5,10,20,1,3,1,,5,,0,0,3,0,0,1,0,1,1,0,5,1,1,1,0,0,0,1,0,0,27,35,33,1,1,10,11,1,0,0,0,1,0,4,1,0,1,0,0,0,0,0,0,0,0,,,1,27,44,27,16,1,2,0,0
DET190908270,evt,1909-08-27,0,DET02,R,0,NYA,DET,1,0,1,0,1,40,35,6,9,9,0,0,0,0,6,,5,0,2,1,0,0,0,2,0,0,7,1,1,0,0,0,1,0,1,0,24,49,42,17,11,19,28,1,1,2,0,5,0,3,0,1,1,0,0,0,0,1,0,9,8,,,1,24,42,24,12,6,0,0,0
DET190908270,box,1909-08-27,0,DET02,R,0,NYA,DET,1,0,1,0,1,,35,6,9,9,0,0,0,,6,,5,0,2,1,0,0,0,2,0,0,7,1,1,0,0,0,1,0,1,0,24,49,42,17,11,19,28,1,1,2,0,5,0,3,0,1,1,0,0,0,0,0,0,0,0,,,1,24,42,24,12,6,0,0,0
DET190908280,evt,1909-08-28,0,DET02,R,0,NYA,DET,1,0,1,0,1,39,37,1,11,11,0,0,0,0,1,,0,0,2,0,1,1,0,0,1,0,11,1,1,1,0,0,0,0,1,0,24,34,30,2,2,7,10,1,1,0,0,1,0,3,0,1,2,0,0,0,0,0,0,3,14,,,1,24,34,24,8,2,0,0,0
DET190908280,box,1909-08-28,0,DET02,R,0,NYA,DET,1,0,1,0,1,,37,1,11,11,0,0,0,,1,,0,0,2,0,1,1,0,0,1,0,11,1,1,1,0,0,0,0,1,0,24,34,30,2,2,7,10,1,1,0,0,1,0,0,0,1,2,0,0,0,0,0,0,0,0,,,1,24,34,24,8,2,0,0,0
DET190908290,evt,1909-08-29,0,DET02,R,0,NYA,DET,1,0,1,0,1,38,32,3,7,10,3,0,0,0,3,,5,0,1,1,0,1,0,0,0,0,8,1,1,1,0,0,0,0,1,0,24,35,29,7,4,9,9,0,0,0,0,3,0,0,0,0,2,1,0,0,0,0,0,13,5,,,1,24,16,9,2,5,1,0,0
DET190908290,box,1909-08-29,0,DET02,R,0,NYA,DET,1,0,1,0,1,,32,3,7,10,3,0,0,,3,,5,0,,1,0,1,0,0,0,0,8,1,1,1,0,0,0,0,1,0,24,35,29,7,4,9,9,0,0,0,0,3,0,,0,0,2,1,0,0,0,0,0,0,0,,,1,24,37,24,8,5,1,0,0
CLE190908311,evt,1909-08-31,1,CLE05,R,0,NYA,CLE,1,1,0,0,1,37,34,4,10,10,0,0,0,0,3,,2,0,3,1,0,1,0,3,1,0,6,1,1,1,0,0,0,1,0,0,27,31,29,1,1,6,7,1,0,0,0,1,0,5,2,0,0,1,0,0,0,0,0,11,6,,,1,27,44,27,15,2,3,0,0
CLE190908311,box,1909-08-31,1,CLE05,R,0,NYA,CLE,1,1,0,0,1,,34,4,10,10,0,0,0,,3,,2,0,3,1,0,1,0,3,1,0,6,1,1,1,0,0,0,1,0,0,27,31,29,1,1,6,7,1,0,0,0,1,0,5,2,0,0,1,0,0,0,0,0,0,0,,,1,27,44,27,15,2,3,0,0
CLE190908312,evt,1909-08-31,2,CLE05,R,0,NYA,CLE,1,0,1,0,1,35,30,1,5,6,1,0,0,0,1,,3,0,10,1,1,1,0,3,2,0,7,1,1,0,0,0,1,0,1,0,26,34,34,2,1,7,8,1,0,0,0,0,0,6,0,0,0,0,0,1,0,0,0,10,9,,,1,26,31,22,6,3,0,0,0
CLE190908312,box,1909-08-31,2,CLE05,R,0,NYA,CLE,1,0,1,0,1,,30,1,5,6,1,0,0,,1,,3,0,10,1,1,1,0,3,2,0,7,1,1,0,0,0,1,0,1,0,26,34,34,2,1,7,8,1,0,0,0,0,0,6,0,0,0,0,0,1,0,0,0,0,0,,,1,26,37,26,8,3,0,0,0
CLE190909021,evt,1909-09-02,1,CLE05,R,0,NYA,CLE,1,1,0,0,1,38,34,6,10,14,0,2,0,0,6,,2,0,8,0,1,0,1,1,2,0,5,1,1,1,0,0,0,1,0,0,27,37,36,1,1,9,13,2,1,0,0,1,1,9,0,0,0,0,0,0,0,0,0,5,11,,,1,27,36,27,7,2,0,0,0
CLE190909021,box,1909-09-02,1,CLE05,R,0,NYA,CLE,1,1,0,0,1,,34,6,10,14,0,2,0,,6,,2,0,8,0,1,0,1,1,2,0,5,1,1,1,0,0,0,1,0,0,27,37,36,1,1,9,13,2,1,0,0,1,1,9,0,0,0,0,0,0,0,0,0,0,0,,,1,27,36,27,7,2,0,0,0
CLE190909022,evt,1909-09-02,2,CLE05,R,0,NYA,CLE,1,0,1,0,1,33,31,1,5,5,0,0,0,0,1,,1,0,5,0,0,1,0,0,0,0,5,1,1,1,0,0,0,0,1,0,25,36,31,2,2,9,11,2,0,0,0,4,1,7,0,0,1,0,0,0,0,0,0,8,7,,,1,25,37,25,11,1,0,0,0
CLE190909022,box,1909-09-02,2,CLE05,R,0,NYA,CLE,1,0,1,0,1,,31,1,5,5,0,0,0,,1,,1,0,5,0,0,1,0,0,0,0,5,1,1,1,0,0,0,0,1,0,25,36,31,2,2,9,11,2,0,0,0,4,1,7,0,0,1,0,0,0,0,0,0,0,0,,,1,25,37,25,11,1,0,0,0
BOS190909040,evt,1909-09-04,0,BOS06,R,0,NYA,BOS,1,1,0,0,1,44,39,8,15,17,0,1,0,0,8,,3,0,3,0,1,1,0,1,2,0,9,1,1,0,0,0,1,1,0,0,27,38,30,6,6,8,9,1,0,0,0,6,2,4,1,1,1,0,0,1,0,2,2,9,8,,,1,27,45,27,16,2,1,0,0
BOS190909040,box,1909-09-04,0,BOS06,R,0,NYA,BOS,1,1,0,0,1,,39,8,15,17,0,1,0,,8,,3,0,3,0,1,1,0,1,2,0,9,1,1,0,0,0,1,1,0,0,27,38,30,6,6,8,9,1,0,0,0,6,2,4,1,1,1,0,0,1,0,0,0,0,0,,,1,27,44,27,15,2,1,0,0
BOS190909061,evt,1909-09-06,1,BOS06,R,0,NYA,BOS,1,0,1,0,1,44,35,9,10,14,1,0,1,0,6,,5,0,5,0,0,3,1,2,3,0,5,1,1,1,0,0,0,0,1,0,28,43,35,10,7,11,19,3,1,1,0,5,0,5,2,0,2,1,0,1,0,0,0,9,9,,,1,28,42,28,11,3,2,0,0
BOS190909061,box,1909-09-06,1,BOS06,R,0,NYA,BOS,1,0,1,0,1,,35,9,10,14,1,0,1,,6,,5,0,5,0,0,3,1,2,3,0,5,1,1,1,0,0,0,0,1,0,28,43,35,10,7,11,19,3,1,1,0,5,0,5,2,0,2,1,0,1,0,0,0,0,0,,,1,28,42,28,11,3,2,0,0
BOS190909062,evt,1909-09-06,2,BOS06,R,0,NYA,BOS,1,1,0,0,1,41,36,9,7,9,2,0,0,0,7,,3,0,7,0,1,0,1,3,0,0,5,1,1,0,0,0,1,1,0,1,27,44,35,6,3,11,13,2,0,0,0,8,0,4,1,1,0,0,0,0,0,0,0,6,11,,,1,27,37,24,10,3,2,0,1
BOS190909062,box,1909-09-06,2,BOS06,R,0,NYA,BOS,1,1,0,0,1,,36,9,7,9,2,0,0,,7,,3,0,,0,1,0,1,3,0,0,5,1,1,0,0,0,1,1,0,1,27,44,35,6,3,11,13,2,0,0,0,8,0,4,1,1,0,0,0,0,0,0,0,0,0,,,1,27,43,27,13,3,2,0,1
PHA190909070,evt,1909-09-07,0,PHI11,R,0,NYA,PHA,1,1,0,0,1,41,34,8,9,17,1,2,1,0,7,,3,0,4,1,0,3,1,0,0,0,6,1,1,1,0,0,0,1,0,0,27,40,37,6,4,13,15,0,1,0,0,1,0,5,1,0,1,1,0,0,0,0,0,8,10,,,1,27,44,27,14,3,1,0,0
PHA190909070,box,1909-09-07,0,PHI11,R,0,NYA,PHA,1,1,0,0,1,,34,8,9,17,1,2,1,,7,,3,0,4,1,0,3,1,0,0,0,6,1,1,1,0,0,0,1,0,0,27,40,37,6,4,13,15,0,1,0,0,1,0,5,1,0,1,1,0,0,0,0,0,0,0,,,1,27,44,27,14,3,1,0,0
PHA190909080,evt,1909-09-08,0,PHI11,R,0,NYA,PHA,1,0,1,0,1,39,37,6,11,13,0,1,0,0,6,,2,0,13,0,0,0,0,1,1,0,6,1,1,0,0,0,1,0,1,0,24,40,33,8,6,11,19,2,0,2,0,2,0,2,0,2,3,0,0,0,0,1,0,11,5,,,1,24,46,24,18,4,1,0,0
PHA190909080,box,1909-09-08,0,PHI11,R,0,NYA,PHA,1,0,1,0,1,,37,6,11,13,0,1,0,,6,,2,0,13,0,0,0,0,1,1,0,6,1,1,0,0,0,1,0,1,0,24,40,33,8,6,11,19,2,0,2,0,2,0,2,0,2,3,0,0,0,0,0,0,0,0,,,1,24,46,24,18,4,1,0,0
PHA190909090,evt,1909-09-09,0,PHI11,R,0,NYA,PHA,1,0,1,0,1,39,35,3,5,8,1,1,0,0,3,,3,0,3,0,1,0,0,0,0,0,9,1,1,1,0,0,0,0,1,0,24,40,34,11,8,10,19,0,3,1,0,3,0,7,0,1,0,2,0,0,0,0,0,10,6,,,1,24,41,24,12,5,0,0,0
PHA190909090,box,1909-09-09,0,PHI11,R,0,NYA,PHA,1,0,1,0,1,,35,3,5,8,1,1,0,,3,,3,0,3,0,1,0,0,0,0,0,9,1,1,1,0,0,0,0,1,0,24,40,34,11,8,10,19,0,3,1,0,3,0,7,0,1,0,2,0,0,0,0,0,0,0,,,1,24,41,24,12,5,0,0,0
WS1190909111,evt,1909-09-11,1,WAS08,R,0,NYA,WS1,1,1,0,0,1,32,30,3,7,7,0,0,0,0,3,,0,0,4,0,1,1,0,0,2,0,2,1,1,1,1,0,0,1,0,0,27,31,29,0,0,2,2,0,0,0,0,1,0,6,0,0,1,0,0,0,0,0,0,17,2,,,1,27,16,11,3,2,0,0,0
WS1190909111,box,1909-09-11,1,WAS08,R,0,NYA,WS1,1,1,0,0,1,,30,3,7,7,0,0,0,,3,,0,0,4,0,1,1,0,0,2,0,2,1,1,1,1,0,0,1,0,0,27,31,29,0,0,2,2,0,0,0,0,1,0,6,0,0,1,0,0,0,0,0,0,0,0,,,1,27,37,27,8,2,0,0,0
WS1190909112,evt,1909-09-11,2,WAS08,R,0,NYA,WS1,1,1,0,0,1,34,32,2,6,7,1,0,0,0,1,,0,0,3,0,0,1,1,2,0,0,5,1,1,1,0,0,0,1,0,0,27,33,30,1,1,6,8,2,0,0,0,1,0,5,0,0,2,0,0,1,0,0,0,7,12,,,1,27,38,27,11,0,0,0,0
WS1190909112,box,1909-09-11,2,WAS08,R,0,NYA,WS1,1,1,0,0,1,,32,2,6,7,1,0,0,,1,,0,0,3,0,0,1,1,2,0,0,5,1,1,1,0,0,0,1,0,0,27,33,30,1,1,6,8,2,0,0,0,1,0,5,0,0,2,0,0,1,0,0,0,0,0,,,1,27,38,27,11,0,0,0,0
NYA190909130,evt,1909-09-13,0,NYC13,R,1,NYA,PHA,1,0,1,0,1,38,32,2,7,9,0,1,0,0,2,,3,0,3,1,2,1,0,0,0,0,9,1,1,0,0,0,1,0,1,0,27,42,34,10,10,13,24,2,3,1,0,6,0,1,0,1,1,0,0,1,0,0,0,9,9,,,1,27,46,27,17,2,1,0,0
NYA190909130,box,1909-09-13,0,NYC13,R,1,NYA,PHA,1,0,1,0,1,,32,2,7,9,0,1,0,,2,,3,0,3,1,2,1,0,0,0,0,9,1,1,0,0,0,1,0,1,0,27,42,34,10,10,13,24,2,3,1,0,6,0,1,0,1,1,0,0,1,0,0,0,0,0,,,1,27,46,27,17,2,1,0,0
NYA190909141,evt,1909-09-14,1,NYC13,R,1,NYA,PHA,1,0,1,0,1,35,34,4,9,9,0,0,0,0,4,,1,0,5,1,0,0,0,1,1,0,4,1,1,1,0,0,0,0,1,0,27,38,29,5,4,8,10,2,0,0,0,6,0,2,0,2,0,1,0,0,0,0,0,9,11,,,1,27,45,27,14,4,1,0,0
NYA190909141,box,1909-09-14,1,NYC13,R,1,NYA,PHA,1,0,1,0,1,,34,4,9,9,0,0,0,,4,,1,0,5,1,0,0,0,1,1,0,4,1,1,1,0,0,0,0,1,0,27,38,29,5,4,8,10,2,0,0,0,6,0,2,0,2,0,1,0,0,0,0,0,0,0,,,1,27,45,27,14,4,1,0,0
NYA190909142,evt,1909-09-14,2,NYC13,R,1,NYA,PHA,1,0,1,0,1,32,26,2,6,9,3,0,0,0,2,,5,0,4,0,0,1,0,1,2,0,6,1,1,1,0,0,0,0,1,0,24,35,31,3,3,9,15,2,2,0,0,2,0,4,0,0,1,1,0,0,0,0,0,7,10,,,1,24,36,24,10,2,0,0,0
NYA190909142,box,1909-09-14,2,NYC13,R,1,NYA,PHA,1,0,1,0,1,,26,2,6,9,3,0,0,,2,,5,0,4,0,0,1,0,1,2,0,6,1,1,1,0,0,0,0,1,0,24,35,31,3,3,9,15,2,2,0,0,2,0,4,0,0,1,1,0,0,0,0,0,0,0,,,1,24,36,24,10,2,0,0,0
NYA190909150,evt,1909-09-15,0,NYC13,R,1,NYA,PHA,1,1,0,0,1,38,35,3,10,14,2,1,0,0,3,,1,0,3,0,1,1,0,1,1,0,9,1,1,1,0,0,0,1,0,0,27,33,31,2,0,7,8,1,0,0,0,2,0,4,0,0,0,0,0,0,0,0,0,10,9,,,1,27,42,27,14,1,1,0,0
NYA190909150,box,1909-09-15,0,NYC13,R,1,NYA,PHA,1,1,0,0,1,,35,3,10,14,2,1,0,,3,,1,0,3,0,1,1,0,1,1,0,9,1,1,1,0,0,0,1,0,0,27,33,31,2,0,7,8,1,0,0,0,2,0,4,0,0,0,0,0,0,0,0,0,0,0,,,1,27,42,27,14,1,1,0,0
NYA190909160,evt,1909-09-16,0,NYC13,R,1,NYA,CLE,1,1,0,0,1,32,28,2,6,12,2,2,0,0,2,,2,0,1,0,0,1,1,0,0,0,6,1,1,1,0,0,0,1,0,0,27,29,29,1,0,2,2,0,0,0,0,0,0,8,0,0,0,0,0,0,0,0,0,7,10,,,1,27,40,27,11,2,0,0,0
NYA190909160,box,1909-09-16,0,NYC13,R,1,NYA,CLE,1,1,0,0,1,,28,2,6,12,2,2,0,,2,,2,0,1,0,0,1,1,0,0,0,6,1,1,1,0,0,0,1,0,0,27,29,29,1,0,2,2,0,0,0,0,0,0,8,0,0,0,0,0,0,0,0,0,0,0,,,1,27,40,27,11,2,0,0,0
NYA190909170,evt,1909-09-17,0,NYC13,R,1,NYA,CLE,1,1,0,0,1,43,31,10,13,13,0,0,0,0,9,,5,0,4,0,2,2,3,0,0,0,9,1,1,1,1,0,0,1,0,0,27,37,32,0,0,4,5,1,0,0,0,4,0,3,0,0,1,0,0,0,0,0,0,11,11,,,1,27,41,27,11,3,0,0,1
NYA190909170,box,1909-09-17,0,NYC13,R,1,NYA,CLE,1,1,0,0,1,,31,10,13,13,0,0,0,,9,,5,0,4,0,2,2,3,0,0,0,9,1,1,1,1,0,0,1,0,0,27,37,32,0,0,4,5,1,0,0,0,4,0,3,0,0,1,0,0,0,0,0,0,0,0,,,1,27,41,27,11,3,0,0,1
NYA190909180,evt,1909-09-18,0,NYC13,R,1,NYA,CLE,1,1,0,0,1,43,35,5,16,22,2,2,0,0,4,,6,1,3,0,0,2,0,3,1,0,14,1,1,1,0,0,0,1,0,0,27,38,35,3,1,9,16,2,1,1,0,3,0,7,0,0,0,0,0,0,0,0,0,16,3,,,1,27,47,27,18,2,0,0,0
NYA190909180,box,1909-09-18,0,NYC13,R,1,NYA,CLE,1,1,0,0,1,,35,5,16,22,2,2,0,,4,,6,1,3,0,0,2,0,3,1,0,14,1,1,1,0,0,0,1,0,0,27,38,35,3,1,9,16,2,1,1,0,3,0,7,0,0,0,0,0,0,0,0,0,0,0,,,1,27,47,27,18,2,0,0,0
NYA190909200,evt,1909-09-20,0,NYC13,R,1,NYA,CLE,1,1,0,0,1,40,36,9,12,16,2,1,0,0,7,,2,0,3,0,0,0,2,3,1,0,7,1,1,0,0,0,1,1,0,0,27,37,36,4,4,9,11,2,0,0,0,1,0,4,0,0,0,0,0,0,0,0,0,9,12,,,1,27,37,27,9,1,0,0,0
NYA190909200,box,1909-09-20,0,NYC13,R,1,NYA,CLE,1,1,0,0,1,,36,9,12,16,2,1,0,,7,,2,0,3,0,0,0,2,3,1,0,7,1,1,0,0,0,1,1,0,0,27,37,36,4,4,9,11,2,0,0,0,1,0,4,0,0,0,0,0,0,0,0,0,0,0,,,1,27,37,27,9,1,0,0,0
NYA190909210,evt,1909-09-21,0,NYC13,R,1,NYA,CHA,1,1,0,0,1,36,26,5,8,9,1,0,0,0,4,,6,0,2,0,0,4,0,1,1,0,7,1,1,0,1,1,1,1,0,0,27,37,30,0,0,6,8,0,1,0,0,3,0,3,0,3,1,0,0,0,0,1,0,8,12,,,1,27,41,27,13,1,0,0,0
NYA190909210,box,1909-09-21,0,NYC13,R,1,NYA,CHA,1,1,0,0,1,,26,5,8,9,1,0,0,,4,,6,0,2,0,0,4,0,1,1,0,7,1,1,0,1,1,1,1,0,0,27,37,30,0,0,6,8,0,1,0,0,3,0,3,0,3,1,0,0,0,0,0,0,0,0,,,1,27,41,27,13,1,0,0,0
NYA190909231,evt,1909-09-23,1,NYC13,R,1,NYA,CHA,1,1,0,0,1,36,32,4,11,15,4,0,0,0,2,,2,0,4,0,0,2,0,0,1,0,8,1,1,1,0,0,0,1,0,0,27,34,27,2,2,3,5,0,1,0,0,5,0,6,0,0,1,1,0,0,0,0,0,11,7,,,1,27,42,27,14,1,1,0,0
NYA190909231,box,1909-09-23,1,NYC13,R,1,NYA,CHA,1,1,0,0,1,,32,4,11,15,4,0,0,,2,,2,0,4,0,0,2,0,0,1,0,8,1,1,1,0,0,0,1,0,0,27,34,27,2,2,3,5,0,1,0,0,5,0,6,0,0,1,1,0,0,0,0,0,0,0,,,1,27,42,27,14,1,1,0,0
NYA190909232,evt,1909-09-23,2,NYC13,R,1,NYA,CHA,1,1,0,0,1,34,32,7,11,17,4,1,0,0,6,,2,0,3,0,0,0,0,0,2,0,3,1,1,1,0,0,0,1,0,0,27,36,33,1,1,6,6,0,0,0,0,3,0,2,0,0,0,0,0,0,0,0,0,15,9,,,1,27,43,27,15,1,0,0,0
NYA190909232,box,1909-09-23,2,NYC13,R,1,NYA,CHA,1,1,0,0,1,,32,7,11,17,4,1,0,,6,,2,0,3,0,0,0,0,0,2,0,3,1,1,1,0,0,0,1,0,0,27,36,33,1,1,6,6,0,0,0,0,3,0,2,0,0,0,0,0,0,0,0,0,0,0,,,1,27,43,27,15,1,0,0,0
NYA190909251,evt,1909-09-25,1,NYC13,R,1,NYA,DET,1,0,1,0,1,33,30,1,5,5,0,0,0,0,1,,2,0,4,1,1,0,0,1,1,0,5,1,1,1,0,0,0,0,1,0,27,35,31,2,2,8,13,1,2,0,0,2,0,6,0,0,2,0,0,0,0,0,0,5,9,,,1,27,40,27,12,1,0,0,0
NYA190909251,box,1909-09-25,1,NYC13,R,1,NYA,DET,1,0,1,0,1,,30,1,5,5,0,0,0,,1,,2,0,4,1,1,0,0,1,1,0,5,1,1,1,0,0,0,0,1,0,27,35,31,2,2,8,13,1,2,0,0,2,0,6,0,0,2,0,0,0,0,0,0,0,0,,,1,27,40,27,12,1,0,0,0
NYA190909252,evt,1909-09-25,2,NYC13,R,1,NYA,DET,1,0,1,0,1,32,29,4,10,13,0,0,1,0,4,,2,0,0,0,1,0,0,0,2,0,7,1,1,0,0,0,1,0,1,0,21,35,31,10,7,10,16,2,2,0,0,3,0,2,0,0,1,0,0,0,0,0,0,5,11,,,1,21,33,21,8,4,0,0,0
NYA190909252,box,1909-09-25,2,NYC13,R,1,NYA,DET,1,0,1,0,1,,29,4,10,13,0,0,1,,4,,2,0,0,0,1,0,0,0,2,0,7,1,1,0,0,0,1,0,1,0,21,35,31,10,7,10,16,2,2,0,0,3,0,2,0,0,1,0,0,0,0,0,0,0,0,,,1,21,33,21,8,4,0,0,0
NYA190909270,evt,1909-09-27,0,NYC13,R,1,NYA,DET,1,1,0,0,1,31,29,4,4,4,0,0,0,0,3,,1,0,3,0,1,0,0,2,1,0,3,1,1,1,0,0,0,1,0,0,27,34,29,1,1,5,5,0,0,0,0,3,0,1,0,1,0,1,0,0,0,0,0,12,11,,,1,27,44,27,15,2,0,0,0
NYA190909270,box,1909-09-27,0,NYC13,R,1,NYA,DET,1,1,0,0,1,,29,4,4,4,0,0,0,,3,,1,0,3,0,1,0,0,2,1,0,3,1,1,1,0,0,0,1,0,0,27,34,29,1,1,5,5,0,0,0,0,3,0,1,0,1,0,1,0,0,0,0,0,0,0,,,1,27,44,27,15,2,0,0,0
NYA190909280,evt,1909-09-28,0,NYC13,R,1,NYA,DET,1,0,1,0,1,37,33,0,5,6,1,0,0,0,0,,4,0,2,0,0,0,0,2,0,0,10,1,1,1,0,0,0,0,1,0,27,39,31,5,3,4,4,0,0,0,0,5,0,4,0,0,2,1,0,0,0,0,0,8,12,,,1,27,40,27,10,3,1,0,0
NYA190909280,box,1909-09-28,0,NYC13,R,1,NYA,DET,1,0,1,0,1,,33,0,5,6,1,0,0,,0,,4,0,2,0,0,0,0,2,0,0,10,1,1,1,0,0,0,0,1,0,27,39,31,5,3,4,4,0,0,0,0,5,0,4,0,0,2,1,0,0,0,0,0,0,0,,,1,27,41,27,11,3,1,0,0
NYA190909291,evt,1909-09-29,1,NYC13,R,1,NYA,SLA,1,1,0,0,1,35,32,5,9,9,0,0,0,0,4,,1,0,3,0,0,2,0,0,1,0,6,1,1,1,0,0,0,1,0,0,27,34,32,2,2,7,8,1,0,0,0,0,0,8,0,1,1,0,0,0,0,0,0,11,3,,,1,27,44,27,16,1,1,0,1
NYA190909291,box,1909-09-29,1,NYC13,R,1,NYA,SLA,1,1,0,0,1,,32,5,9,9,0,0,0,,4,,1,0,3,0,0,2,0,0,1,0,6,1,1,1,0,0,0,1,0,0,27,34,32,2,2,7,8,1,0,0,0,0,0,8,0,1,1,0,0,0,0,0,0,0,0,,,1,27,44,27,16,1,1,0,1
NYA190909292,evt,1909-09-29,2,NYC13,R,1,NYA,SLA,1,1,0,0,1,40,38,11,17,21,1,0,1,0,9,,2,0,6,0,0,0,0,8,0,0,8,1,1,1,1,0,0,1,0,0,24,29,23,0,0,2,2,0,0,0,0,6,0,6,0,0,0,0,0,0,0,0,0,6,9,,,1,24,34,24,9,1,1,0,0
NYA190909292,box,1909-09-29,2,NYC13,R,1,NYA,SLA,1,1,0,0,1,,38,11,17,21,1,0,1,,9,,2,0,6,0,0,0,0,8,0,0,8,1,1,1,1,0,0,1,0,0,24,29,23,0,0,2,2,0,0,0,0,6,0,6,0,0,0,0,0,0,0,0,0,0,0,,,1,24,34,24,9,1,1,0,0
NYA190909300,evt,1909-09-30,0,NYC13,R,1,NYA,SLA,1,0,0,1,1,37,29,4,9,10,1,0,0,0,3,,3,0,8,0,1,4,0,2,2,0,6,1,1,1,0,0,0,0,0,0,27,37,35,4,2,11,17,2,2,0,0,0,0,4,0,1,1,0,0,1,0,0,0,9,10,,,1,27,42,27,14,1,0,0,0
NYA190909300,box,1909-09-30,0,NYC13,R,1,NYA,SLA,1,0,0,1,1,,29,4,9,10,1,0,0,,3,,3,0,8,0,1,4,0,2,2,0,6,1,1,1,0,0,0,0,0,0,27,37,35,4,2,11,17,2,2,0,0,0,0,4,0,1,1,0,0,1,0,0,0,0,0,,,1,27,42,27,14,1,0,0,0
NYA190910011,evt,1909-10-01,1,NYC13,R,1,NYA,SLA,1,1,0,0,1,35,34,6,10,14,1,0,1,0,6,,0,0,0,0,0,0,1,1,0,0,5,1,1,1,1,0,0,1,0,0,27,36,35,0,0,7,7,0,0,0,0,0,0,4,0,0,1,0,0,0,0,0,0,6,15,,,1,27,36,27,7,2,0,0,0
NYA190910011,box,1909-10-01,1,NYC13,R,1,NYA,SLA,1,1,0,0,1,,34,6,10,14,1,0,1,,6,,0,0,0,0,0,0,1,1,0,0,5,1,1,1,1,0,0,1,0,0,27,36,35,0,0,7,7,0,0,0,0,0,0,4,0,0,1,0,0,0,0,0,0,0,0,,,1,27,36,27,7,2,0,0,0
NYA190910012,evt,1909-10-01,2,NYC13,R,1,NYA,SLA,1,1,0,0,1,35,32,11,14,18,2,1,0,0,8,,3,0,2,0,0,0,0,4,1,0,6,1,1,0,0,0,1,1,0,0,21,34,32,4,3,9,14,2,0,1,0,1,0,4,0,0,0,1,0,0,0,0,0,10,7,,,1,21,33,21,9,3,0,0,0
NYA190910012,box,1909-10-01,2,NYC13,R,1,NYA,SLA,1,1,0,0,1,,32,11,14,18,2,1,0,,8,,3,0,2,0,0,0,0,4,1,0,6,1,1,0,0,0,1,1,0,0,21,34,32,4,3,9,14,2,0,1,0,1,0,4,0,0,0,1,0,0,0,0,0,0,0,,,1,21,33,21,9,3,0,0,0
BOS190910021,evt,1909-10-02,1,BOS06,R,0,NYA,BOS,1,1,0,0,1,41,38,6,10,13,0,0,1,0,4,,3,0,3,1,0,0,0,1,1,0,8,1,1,1,0,0,0,1,0,0,27,42,38,5,2,8,9,1,0,0,0,3,0,4,1,0,1,0,0,0,0,0,0,7,12,,,1,27,44,27,11,6,1,0,0
BOS190910021,box,1909-10-02,1,BOS06,R,0,NYA,BOS,1,1,0,0,1,,38,6,10,13,0,0,1,,4,,3,0,3,1,0,0,0,1,1,0,8,1,1,1,0,0,0,1,0,0,27,42,38,5,2,8,9,1,0,0,0,3,0,4,1,0,1,0,0,0,0,0,0,0,0,,,1,27,44,27,11,6,1,0,0
BOS190910022,evt,1909-10-02,2,BOS06,R,0,NYA,BOS,1,0,1,0,1,35,33,1,8,8,0,0,0,0,1,,2,0,3,0,0,0,0,1,3,0,7,1,1,1,0,0,0,0,1,0,24,37,32,6,1,12,16,1,0,1,0,2,0,4,0,0,2,1,0,0,0,0,0,9,7,,,1,24,37,24,11,2,0,0,0
BOS190910022,box,1909-10-02,2,BOS06,R,0,NYA,BOS,1,0,1,0,1,,33,1,8,8,0,0,0,,1,,2,0,3,0,0,0,0,1,3,0,7,1,1,1,0,0,0,0,1,0,24,37,32,6,1,12,16,1,0,1,0,2,0,4,0,0,2,1,0,0,0,0,0,0,0,,,1,24,37,24,11,2,0,0,0
PHA190904120,evt,1909-04-12,0,PHI11,R,1,PHA,BOS,1,1,0,0,1,41,36,8,13,16,3,0,0,0,8,,3,0,1,0,1,1,0,1,0,0,9,1,1,1,0,0,0,1,0,0,27,38,33,1,1,6,8,2,0,0,0,3,0,5,0,1,1,0,0,0,0,0,0,10,10,,,1,27,39,27,10,2,0,0,0
PHA190904120,box,1909-04-12,0,PHI11,R,1,PHA,BOS,1,1,0,0,1,,36,8,13,16,3,0,0,,8,,3,0,1,0,1,1,0,1,0,0,9,1,1,1,0,0,0,1,0,0,27,38,33,1,1,6,8,2,0,0,0,3,0,5,0,1,1,0,0,0,0,0,0,0,0,,,1,27,39,27,10,2,0,0,0
PHA190904130,evt,1909-04-13,0,PHI11,R,1,PHA,BOS,1,0,1,0,1,38,37,2,9,10,1,0,0,0,2,,1,0,2,0,0,0,0,1,0,0,9,1,1,1,0,0,0,0,1,0,27,38,35,4,1,8,10,0,1,0,0,1,0,4,1,0,2,0,0,0,0,0,0,13,6,,,1,27,52,27,19,6,1,0,1
PHA190904130,box,1909-04-13,0,PHI11,R,1,PHA,BOS,1,0,1,0,1,,37,2,9,10,1,0,0,,2,,1,0,2,0,0,0,0,1,0,0,9,1,1,1,0,0,0,0,1,0,27,38,35,4,1,8,10,0,1,0,0,1,0,4,1,0,2,0,0,0,0,0,0,0,0,,,1,27,52,27,19,6,1,0,1
PHA190904160,evt,1909-04-16,0,PHI11,R,1,PHA,NYA,1,0,1,0,1,34,30,0,5,7,2,0,0,0,0,,3,1,4,0,0,1,0,0,0,0,7,1,1,0,0,0,1,0,1,0,27,37,32,1,0,6,6,0,0,0,0,2,1,5,0,1,2,0,0,0,0,0,0,10,7,,,1,27,48,27,16,5,0,0,0
PHA190904160,box,1909-04-16,0,PHI11,R,1,PHA,NYA,1,0,1,0,1,,30,0,5,7,2,0,0,,0,,3,1,4,0,0,1,0,0,0,0,7,1,1,0,0,0,1,0,1,0,27,37,32,1,0,6,6,0,0,0,0,2,1,5,0,1,2,0,0,0,0,0,0,0,0,,,1,27,47,27,15,5,0,0,0
PHA190904170,evt,1909-04-17,0,PHI11,R,1,PHA,NYA,1,1,0,0,1,34,28,6,7,8,1,0,0,0,4,,1,0,2,0,0,5,0,0,0,0,4,1,1,0,0,0,1,1,0,1,27,40,33,4,3,8,8,0,0,0,0,4,0,5,0,3,0,0,0,0,0,2,1,10,10,,,1,27,43,27,13,3,1,0,1
PHA190904170,box,1909-04-17,0,PHI11,R,1,PHA,NYA,1,1,0,0,1,,28,6,7,8,1,0,0,,4,,1,0,2,0,0,5,0,0,0,0,4,1,1,0,0,0,1,1,0,1,27,40,33,4,3,8,8,0,0,0,0,4,0,5,0,3,0,0,0,0,0,0,0,0,0,,,1,27,43,27,13,3,1,0,1
PHA190904190,evt,1909-04-19,0,PHI11,R,1,PHA,NYA,1,0,1,0,1,35,32,2,7,9,2,0,0,0,1,,1,0,5,0,1,1,0,0,1,0,6,1,1,0,0,0,1,0,1,0,27,36,32,4,3,10,12,0,1,0,0,3,0,4,1,0,1,0,0,0,0,0,0,9,8,,,1,27,45,27,16,2,1,0,0
PHA190904190,box,1909-04-19,0,PHI11,R,1,PHA,NYA,1,0,1,0,1,,32,2,7,9,2,0,0,,1,,1,0,5,0,1,1,0,0,1,0,6,1,1,0,0,0,1,0,1,0,27,36,32,4,3,10,12,0,1,0,0,3,0,4,1,0,1,0,0,0,0,0,0,0,0,,,1,27,45,27,16,2,1,0,0
BOS190904210,evt,1909-04-21,0,BOS06,R,0,PHA,BOS,1,0,1,0,1,39,34,2,5,6,1,0,0,0,2,,5,0,3,0,0,0,0,3,0,0,10,1,1,0,0,0,1,0,1,0,24,37,32,6,0,7,9,0,1,0,0,4,0,4,0,0,1,0,0,1,0,0,0,12,4,,,1,24,45,24,16,5,0,0,0
BOS190904210,box,1909-04-21,0,BOS06,R,0,PHA,BOS,1,0,1,0,1,,34,2,5,6,1,0,0,,2,,5,0,3,0,0,0,0,3,0,0,10,1,1,0,0,0,1,0,1,0,24,37,32,6,0,7,9,0,1,0,0,4,0,4,0,0,1,0,0,1,0,0,0,0,0,,,1,24,45,24,16,5,0,0,0
BOS190904220,evt,1909-04-22,0,BOS06,R,0,PHA,BOS,1,1,0,0,1,38,33,1,7,7,0,0,0,0,1,,3,0,7,0,0,2,0,1,2,0,10,1,1,1,1,0,0,1,0,0,27,32,24,0,0,1,3,0,1,0,0,6,1,3,0,1,1,0,0,0,0,0,0,13,7,,,1,27,43,27,16,0,0,0,0
BOS190904220,box,1909-04-22,0,BOS06,R,0,PHA,BOS,1,1,0,0,1,,33,1,7,7,0,0,0,,1,,3,0,7,0,0,2,0,1,2,0,10,1,1,1,1,0,0,1,0,0,27,32,24,0,0,1,3,0,1,0,0,6,1,3,0,1,1,0,0,0,0,0,0,0,0,,,1,27,43,27,16,0,0,0,0
BOS190904240,evt,1909-04-24,0,BOS06,R,0,PHA,BOS,1,1,0,0,1,32,28,4,4,9,0,1,1,1,4,,3,1,5,0,0,1,0,0,1,0,1,1,1,1,0,0,0,1,0,0,27,34,33,1,1,8,10,2,0,0,0,1,0,4,0,0,0,0,0,0,0,0,0,10,9,,,1,27,43,27,14,2,0,0,0
BOS190904240,box,1909-04-24,0,BOS06,R,0,PHA,BOS,1,1,0,0,1,,28,4,4,9,0,1,1,,4,,3,1,5,0,0,1,0,0,1,0,1,1,1,1,0,0,0,1,0,0,27,34,33,1,1,8,10,2,0,0,0,1,0,4,0,0,0,0,0,0,0,0,0,0,0,,,1,27,42,27,13,2,0,0,0
WS1190904260,evt,1909-04-26,0,WAS08,R,0,PHA,WS1,1,1,0,0,1,39,33,3,7,9,2,0,0,0,3,,3,0,1,0,0,3,0,2,1,0,9,1,1,1,0,0,0,1,0,0,27,31,29,1,1,3,3,0,0,0,0,2,0,8,0,0,0,0,0,0,0,0,0,12,6,,,1,27,39,27,12,0,0,0,0
WS1190904260,box,1909-04-26,0,WAS08,R,0,PHA,WS1,1,1,0,0,1,,33,3,7,9,2,0,0,,3,,3,0,1,0,0,3,0,2,1,0,9,1,1,1,0,0,0,1,0,0,27,31,29,1,1,3,3,0,0,0,0,2,0,8,0,0,0,0,0,0,0,0,0,0,0,,,1,27,39,27,12,0,0,0,0
WS1190904280,evt,1909-04-28,0,WAS08,R,0,PHA,WS1,1,0,1,0,1,37,33,2,7,9,2,0,0,0,2,,2,0,6,0,0,2,0,1,1,0,5,1,1,0,0,0,1,0,1,0,27,42,36,3,3,8,11,3,0,0,0,5,2,6,0,0,1,0,0,1,0,0,0,10,9,,,1,27,42,27,13,2,0,0,0
WS1190904280,box,1909-04-28,0,WAS08,R,0,PHA,WS1,1,0,1,0,1,,33,2,7,9,2,0,0,,2,,2,0,6,0,0,2,0,1,1,0,5,1,1,0,0,0,1,0,1,0,27,42,36,3,3,8,11,3,0,0,0,5,2,6,0,0,1,0,0,1,0,0,0,0,0,,,1,27,42,27,13,2,0,0,0
NYA190905030,evt,1909-05-03,0,NYC13,R,0,PHA,NYA,1,0,1,0,1,44,38,6,10,12,2,0,0,0,4,,5,0,9,1,0,1,0,5,1,0,11,1,1,0,0,0,1,0,1,0,24,39,31,9,5,11,14,1,1,0,0,4,0,1,1,1,2,1,0,1,0,2,1,10,8,,,1,24,45,24,17,4,1,0,0
NYA190905030,box,1909-05-03,0,NYC13,R,0,PHA,NYA,1,0,1,0,1,,38,6,10,12,2,0,0,,4,,5,0,9,1,0,1,0,5,1,0,11,1,1,0,0,0,1,0,1,0,24,39,31,9,5,11,14,1,1,0,0,4,0,1,1,1,2,1,0,1,0,0,0,0,0,,,1,24,45,24,17,4,1,0,0
NYA190905040,evt,1909-05-04,0,NYC13,R,0,PHA,NYA,1,0,1,0,1,36,35,3,8,10,0,1,0,0,3,,1,0,3,0,0,0,0,1,0,0,6,1,1,0,0,0,1,0,1,0,24,45,37,11,5,13,17,0,2,0,0,5,0,4,0,1,2,0,0,1,0,3,3,7,7,,,1,24,42,24,14,4,1,0,0
NYA190905040,box,1909-05-04,0,NYC13,R,0,PHA,NYA,1,0,1,0,1,,35,3,8,10,0,1,0,,3,,1,0,3,0,0,0,0,1,0,0,6,1,1,0,0,0,1,0,1,0,24,45,37,11,5,13,17,0,2,0,0,5,0,4,0,1,2,0,0,1,0,0,0,0,0,,,1,24,42,24,14,4,1,0,0
PHA190905050,evt,1909-05-05,0,PHI11,R,1,PHA,WS1,1,0,1,0,1,42,37,3,10,15,1,2,0,0,3,,5,0,5,1,0,0,0,2,0,0,12,1,1,1,0,0,0,0,1,0,27,39,31,4,1,6,6,0,0,0,0,4,0,4,0,1,3,0,0,0,0,0,0,9,10,,,1,27,44,27,13,4,0,0,0
PHA190905050,box,1909-05-05,0,PHI11,R,1,PHA,WS1,1,0,1,0,1,,37,3,10,15,1,2,0,,3,,5,0,5,1,0,0,0,2,0,0,12,1,1,1,0,0,0,0,1,0,27,39,31,4,1,6,6,0,0,0,0,4,0,4,0,1,3,0,0,0,0,0,0,0,0,,,1,27,43,27,12,4,0,0,0
PHA190905060,evt,1909-05-06,0,PHI11,R,1,PHA,WS1,1,1,0,0,1,34,29,2,7,8,1,0,0,0,2,,3,0,3,1,0,2,0,1,1,0,7,1,1,1,0,0,0,1,0,0,27,32,32,1,0,5,6,1,0,0,0,0,0,5,0,0,0,0,0,0,0,0,0,11,11,,,1,27,37,27,9,1,0,0,0
PHA190905060,box,1909-05-06,0,PHI11,R,1,PHA,WS1,1,1,0,0,1,,29,2,7,8,1,0,0,,2,,3,0,3,1,0,2,0,1,1,0,7,1,1,1,0,0,0,1,0,0,27,32,32,1,0,5,6,1,0,0,0,0,0,5,0,0,0,0,0,0,0,0,0,0,0,,,1,27,37,27,9,1,0,0,0
PHA190905070,evt,1909-05-07,0,PHI11,R,1,PHA,WS1,1,1,0,0,1,31,28,1,5,9,0,2,0,0,0,,2,0,9,0,0,1,0,1,2,0,5,1,1,1,1,0,0,1,0,0,27,36,32,0,0,7,8,1,0,0,0,2,0,5,0,0,2,0,0,0,0,0,0,5,13,,,1,27,39,27,9,3,0,0,0
PHA190905070,box,1909-05-07,0,PHI11,R,1,PHA,WS1,1,1,0,0,1,,28,1,5,9,0,2,0,,0,,2,0,9,0,0,1,0,1,2,0,5,1,1,1,1,0,0,1,0,0,27,36,32,0,0,7,8,1,0,0,0,2,0,5,0,0,2,0,0,0,0,0,0,0,0,,,1,27,39,27,9,3,0,0,0
PHA190905080,evt,1909-05-08,0,PHI11,R,1,PHA,WS1,1,1,0,0,1,27,24,1,5,9,2,1,0,0,1,,2,0,6,0,0,1,0,0,1,0,2,1,1,1,1,0,0,1,0,0,27,35,30,0,0,5,8,1,1,0,0,4,0,5,1,0,1,0,0,0,0,0,0,6,14,,,1,27,34,27,7,0,1,0,1
PHA190905080,box,1909-05-08,0,PHI11,R,1,PHA,WS1,1,1,0,0,1,,24,1,5,9,2,1,0,,1,,2,0,6,0,0,1,0,0,1,0,2,1,1,1,1,0,0,1,0,0,27,35,30,0,0,5,8,1,1,0,0,4,0,5,1,0,1,0,0,0,0,0,0,0,0,,,1,27,34,27,7,0,1,0,1
SLA190905100,evt,1909-05-10,0,STL07,R,0,PHA,SLA,1,1,0,0,1,39,30,5,9,11,0,1,0,0,4,,5,0,2,0,1,3,0,0,0,0,7,1,1,1,0,0,0,1,0,0,27,36,33,1,1,7,9,0,1,0,0,3,0,6,0,0,0,0,0,1,0,0,0,18,2,,,1,27,16,12,4,0,0,0,0
SLA190905100,box,1909-05-10,0,STL07,R,0,PHA,SLA,1,1,0,0,1,,30,5,9,11,0,1,0,,4,,5,0,0,0,1,3,0,0,0,0,7,1,1,1,0,0,0,1,0,0,27,36,33,1,1,7,9,0,1,0,0,3,0,2,0,0,0,0,0,1,0,0,0,0,0,,,1,27,38,27,11,0,0,0,0
SLA190905110,evt,1909-05-11,0,STL07,R,0,PHA,SLA,1,0,1,0,1,31,28,0,2,2,0,0,0,0,0,,3,0,0,0,0,0,0,1,0,0,4,1,1,0,0,0,1,0,1,0,24,31,26,3,1,8,8,0,0,0,0,3,0,1,1,0,2,0,0,0,0,0,0,11,5,,,1,24,27,15,10,2,1,0,0
SLA190905110,box,1909-05-11,0,STL07,R,0,PHA,SLA,1,0,1,0,1,,28,0,2,2,0,0,0,,0,,3,0,,0,0,0,0,1,0,0,4,1,1,0,0,0,1,0,1,0,24,31,26,3,1,8,8,0,0,0,0,3,0,,1,0,2,0,0,0,0,0,0,0,0,,,1,24,41,24,15,2,1,0,0
SLA190905120,evt,1909-05-12,0,STL07,R,0,PHA,SLA,1,1,0,0,1,37,30,1,6,6,0,0,0,0,0,,4,1,1,2,1,2,0,2,0,0,9,1,1,1,1,0,0,1,0,0,27,34,33,0,0,7,8,1,0,0,0,1,0,1,1,0,0,0,0,1,0,0,0,18,5,,,1,27,21,12,7,2,1,0,0
SLA190905120,box,1909-05-12,0,STL07,R,0,PHA,SLA,1,1,0,0,1,,30,1,6,6,0,0,0,,0,,4,1,,2,1,2,0,2,0,0,9,1,1,1,1,0,0,1,0,0,27,34,33,0,0,7,8,1,0,0,0,1,0,,1,0,0,0,0,1,0,0,0,0,0,,,1,27,39,27,10,2,1,0,0
CHA190905150,evt,1909-05-15,0,CHI09,R,0,PHA,CHA,1,1,0,0,1,39,33,3,9,12,3,0,0,0,3,,4,0,1,1,0,2,0,3,0,0,9,1,1,1,0,0,0,1,0,0,27,35,27,2,2,5,6,1,0,0,0,4,0,1,2,0,3,1,0,0,0,0,0,13,7,,,1,27,48,27,19,2,2,0,0
CHA190905150,box,1909-05-15,0,CHI09,R,0,PHA,CHA,1,1,0,0,1,,33,3,9,12,3,0,0,,3,,4,0,1,1,0,2,0,3,0,0,9,1,1,1,0,0,0,1,0,0,27,35,27,2,2,5,6,1,0,0,0,4,0,1,2,0,3,1,0,0,0,0,0,0,0,,,1,27,48,27,19,2,2,0,0
CHA190905160,evt,1909-05-16,0,CHI09,R,0,PHA,CHA,1,1,0,0,1,45,42,1,6,9,3,0,0,0,1,,2,0,7,0,0,1,0,1,2,0,5,1,1,1,1,0,0,1,0,0,39,46,44,0,0,5,9,2,1,0,0,2,0,5,0,0,0,0,0,0,0,0,0,24,7,,,1,39,35,23,11,1,1,0,0
CHA190905160,box,1909-05-16,0,CHI09,R,0,PHA,CHA,1,1,0,0,1,,42,1,6,9,3,0,0,,1,,2,0,7,0,0,1,0,1,2,0,5,1,1,1,1,0,0,1,0,0,39,46,44,0,0,5,9,2,1,0,0,2,0,5,0,0,0,0,0,0,0,0,0,0,0,,,1,39,59,39,19,1,1,0,0
CHA190905170,evt,1909-05-17,0,CHI09,R,0,PHA,CHA,1,1,0,0,1,40,38,1,5,7,0,1,0,0,1,,2,0,7,0,0,0,0,0,3,0,3,1,1,1,1,0,0,1,0,0,36,45,40,0,0,6,6,0,0,0,0,2,0,8,0,2,1,0,0,0,0,0,0,15,8,,,1,36,43,29,13,1,0,0,0
CHA190905170,box,1909-05-17,0,CHI09,R,0,PHA,CHA,1,1,0,0,1,,38,1,5,7,0,1,0,,1,,2,0,7,0,0,0,0,0,3,0,3,1,1,1,1,0,0,1,0,0,36,45,40,0,0,6,6,0,0,0,0,2,0,8,0,2,1,0,0,0,0,0,0,0,0,,,1,36,51,36,14,1,0,0,0
CHA190905180,evt,1909-05-18,0,CHI09,R,0,PHA,CHA,1,1,0,0,1,38,34,5,8,8,0,0,0,0,2,,0,0,4,1,1,3,0,0,1,0,6,1,1,1,1,0,0,1,0,0,27,31,30,0,0,3,3,0,0,0,0,1,0,4,0,0,0,0,0,0,0,0,0,9,10,,,1,27,42,27,13,2,1,0,0
CHA190905180,box,1909-05-18,0,CHI09,R,0,PHA,CHA,1,1,0,0,1,,34,5,8,8,0,0,0,,2,,0,0,4,1,1,3,0,0,1,0,6,1,1,1,1,0,0,1,0,0,27,31,30,0,0,3,3,0,0,0,0,1,0,4,0,0,0,0,0,0,0,0,0,0,0,,,1,27,42,27,13,2,1,0,0
DET190905190,evt,1909-05-19,0,DET02,R,0,PHA,DET,1,1,0,0,1,48,42,10,15,19,1,0,1,0,6,,4,0,6,0,0,2,0,1,0,0,11,1,1,1,0,0,0,1,0,0,27,34,34,2,2,6,10,2,1,0,0,0,0,7,1,0,0,0,0,0,0,0,0,15,4,,,1,27,24,16,6,2,1,0,0
DET190905190,box,1909-05-19,0,DET02,R,0,PHA,DET,1,1,0,0,1,,42,10,15,19,1,0,1,,6,,4,0,,0,0,2,0,1,0,0,11,1,1,1,0,0,0,1,0,0,27,34,34,2,2,6,10,2,1,0,0,0,0,,1,0,0,0,0,0,0,0,0,0,0,,,1,27,40,27,11,2,1,0,0
DET190905200,evt,1909-05-20,0,DET02,R,0,PHA,DET,1,0,1,0,1,39,34,3,9,11,0,1,0,0,3,,3,0,3,0,1,1,0,1,0,0,9,1,1,0,0,0,1,0,1,0,24,33,27,5,5,8,9,1,0,0,0,4,0,1,2,1,1,0,0,0,0,0,0,17,1,,,1,24,13,8,5,0,2,0,0
DET190905200,box,1909-05-20,0,DET02,R,0,PHA,DET,1,0,1,0,1,,34,3,9,11,0,1,0,,3,,3,0,,0,1,1,0,1,0,0,9,1,1,0,0,0,1,0,1,0,24,33,27,5,5,8,9,1,0,0,0,4,0,,2,1,1,0,0,0,0,0,0,0,0,,,1,24,37,24,13,0,2,0,0
DET190905210,evt,1909-05-21,0,DET02,R,0,PHA,DET,1,1,0,0,1,39,35,8,16,21,1,2,0,0,6,,2,0,2,1,0,2,0,1,4,0,4,1,1,1,0,0,0,1,0,0,27,37,35,4,1,11,16,3,1,0,0,0,0,3,0,0,2,0,0,0,0,0,0,11,8,,,1,27,31,19,9,3,1,0,0
DET190905210,box,1909-05-21,0,DET02,R,0,PHA,DET,1,1,0,0,1,,35,8,16,21,1,2,0,,6,,2,0,,1,0,2,0,1,4,0,4,1,1,1,0,0,0,1,0,0,27,37,35,4,1,11,16,3,1,0,0,0,0,,0,0,2,0,0,0,0,0,0,0,0,,,1,27,41,27,11,3,1,0,0
DET190905220,evt,1909-05-22,0,DET02,R,0,PHA,DET,1,1,0,0,1,47,38,7,14,16,2,0,0,0,4,,4,0,1,0,1,4,0,4,0,0,13,1,1,1,0,0,0,1,0,0,27,33,30,1,1,6,6,0,0,0,0,2,0,3,1,1,0,0,0,0,1,0,0,16,5,,,1,27,32,19,13,0,1,0,0
DET190905220,box,1909-05-22,0,DET02,R,0,PHA,DET,1,1,0,0,1,,38,7,14,16,2,0,0,,4,,4,0,1,0,1,4,0,4,0,0,13,1,1,1,0,0,0,1,0,0,27,33,30,1,1,6,6,0,0,0,0,2,0,2,1,1,0,0,0,0,1,0,0,0,0,,,1,27,44,27,17,0,1,0,0
CLE190905240,evt,1909-05-24,0,CLE05,R,0,PHA,CLE,1,0,1,0,1,32,29,2,6,7,1,0,0,0,2,,2,0,3,1,0,1,0,0,2,0,3,1,1,0,0,0,1,0,1,0,24,38,36,6,6,14,20,4,1,0,0,0,0,5,0,1,1,0,0,1,0,0,0,17,0,,,1,24,10,7,2,1,0,0,0
CLE190905240,box,1909-05-24,0,CLE05,R,0,PHA,CLE,1,0,1,0,1,,29,2,6,7,1,0,0,,2,,2,0,3,1,0,1,0,0,2,0,3,1,1,0,0,0,1,0,1,0,24,38,36,6,6,14,20,4,1,0,0,0,0,5,0,1,1,0,0,1,0,0,0,0,0,,,1,24,37,24,12,1,0,0,0
CLE190905250,evt,1909-05-25,0,CLE05,R,0,PHA,CLE,1,1,0,0,1,45,34,13,16,20,2,1,0,0,13,,6,0,3,0,1,4,0,1,1,0,5,1,1,1,0,0,0,1,0,0,27,34,31,2,0,4,7,1,1,0,0,1,0,7,0,1,0,1,0,0,0,0,0,19,1,,,1,27,10,8,1,1,0,0,0
CLE190905250,box,1909-05-25,0,CLE05,R,0,PHA,CLE,1,1,0,0,1,,34,13,16,20,2,1,0,,13,,6,0,3,0,1,4,0,1,1,0,5,1,1,1,0,0,0,1,0,0,27,34,31,2,0,4,7,1,1,0,0,1,0,7,0,1,0,1,0,0,0,0,0,0,0,,,1,27,38,27,10,1,0,0,0
CLE190905260,box,1909-05-26,0,CLE05,R,0,PHA,CLE,1,0,1,0,1,,29,2,7,9,0,1,0,,2,,2,0,3,2,0,2,0,1,1,0,4,1,1,1,0,0,0,0,1,0,25,32,30,3,3,6,9,1,1,0,0,2,0,5,0,0,0,0,0,0,0,0,0,0,0,,,1,25,34,25,9,0,1,0,0
CLE190905260,ded,1909-05-26,0,CLE05,R,0,PHA,CLE,1,0,1,0,1,33,29,2,7,9,0,1,0,0,2,,2,0,3,2,0,2,0,1,1,0,4,1,1,1,0,0,0,0,1,0,25,32,30,3,3,6,9,1,1,0,0,2,0,5,0,0,0,0,0,0,0,0,0,18,1,,,1,25,12,9,3,0,1,0,0
PHA190905280,evt,1909-05-28,0,PHI11,R,1,PHA,WS1,1,1,0,0,1,32,30,3,8,14,2,2,0,0,3,,1,0,6,0,0,1,0,1,1,0,5,1,1,1,0,0,0,1,0,0,27,33,29,1,1,4,5,1,0,0,0,2,0,7,0,1,1,0,0,0,0,0,0,6,11,,,1,27,37,27,9,1,0,0,0
PHA190905280,box,1909-05-28,0,PHI11,R,1,PHA,WS1,1,1,0,0,1,,30,3,8,14,2,2,0,,3,,1,0,6,0,0,1,0,1,1,0,5,1,1,1,0,0,0,1,0,0,27,33,29,1,1,4,5,1,0,0,0,2,0,7,0,1,1,0,0,0,0,0,0,0,0,,,1,27,37,27,9,1,0,0,0
PHA190905291,evt,1909-05-29,1,PHI11,R,1,PHA,BOS,1,1,0,0,1,33,26,6,9,14,0,1,1,0,6,,3,0,0,0,1,3,0,0,2,0,3,1,1,1,0,0,0,1,0,0,27,33,30,2,2,4,6,2,0,0,0,2,0,10,0,1,0,0,0,0,0,0,0,8,8,,,1,27,36,27,9,0,0,0,0
PHA190905291,box,1909-05-29,1,PHI11,R,1,PHA,BOS,1,1,0,0,1,,26,6,9,14,0,1,1,,6,,3,0,0,0,1,3,0,0,2,0,3,1,1,1,0,0,0,1,0,0,27,33,30,2,2,4,6,2,0,0,0,2,0,10,0,1,0,0,0,0,0,0,0,0,0,,,1,27,36,27,9,0,0,0,0
PHA190905292,evt,1909-05-29,2,PHI11,R,1,PHA,BOS,1,1,0,0,1,35,31,4,9,13,4,0,0,0,4,,1,0,4,0,1,1,1,3,0,0,7,1,1,1,0,0,0,1,0,0,27,34,33,2,2,6,8,0,1,0,0,1,0,8,0,0,0,0,0,0,0,0,0,10,9,,,1,27,38,27,10,1,0,0,0
PHA190905292,box,1909-05-29,2,PHI11,R,1,PHA,BOS,1,1,0,0,1,,31,4,9,13,4,0,0,,4,,1,0,4,0,1,1,1,3,0,0,7,1,1,1,0,0,0,1,0,0,27,34,33,2,2,6,8,0,1,0,0,1,0,8,0,0,0,0,0,0,0,0,0,0,0,,,1,27,38,27,10,1,0,0,0
PHA190905311,evt,1909-05-31,1,PHI11,R,1,PHA,BOS,1,0,1,0,1,32,28,2,3,3,0,0,0,0,2,,3,0,6,0,0,0,1,0,1,0,3,1,1,0,0,0,1,0,1,0,27,40,35,3,3,10,11,1,0,0,0,5,0,3,1,0,0,0,0,0,0,3,0,9,11,,,1,27,41,27,13,1,1,0,0
PHA190905311,box,1909-05-31,1,PHI11,R,1,PHA,BOS,1,0,1,0,1,,28,2,3,3,0,0,0,,2,,3,0,6,0,0,0,1,0,1,0,3,1,1,0,0,0,1,0,1,0,27,40,35,3,3,10,11,1,0,0,0,5,0,3,1,0,0,0,0,0,0,0,0,0,0,,,1,27,41,27,13,1,1,0,0
PHA190905312,evt,1909-05-31,2,PHI11,R,1,PHA,BOS,1,0,1,0,1,35,29,1,6,6,0,0,0,0,1,,3,0,3,0,1,2,0,2,2,0,7,1,1,1,0,0,0,0,1,0,27,33,27,2,2,3,6,1,1,0,0,4,0,4,0,0,1,1,0,0,0,0,0,6,15,,,1,27,35,27,8,0,0,0,0
PHA190905312,box,1909-05-31,2,PHI11,R,1,PHA,BOS,1,0,1,0,1,,29,1,6,6,0,0,0,,1,,3,0,3,0,1,2,0,2,2,0,7,1,1,1,0,0,0,0,1,0,27,33,27,2,2,3,6,1,1,0,0,4,0,4,0,0,1,1,0,0,0,0,0,0,0,,,1,27,35,27,8,0,0,0,0
PHA190906011,evt,1909-06-01,1,PHI11,R,1,PHA,BOS,1,1,0,0,1,40,36,1,9,12,1,1,0,0,1,,3,0,3,1,0,1,0,1,1,0,7,1,1,1,1,0,0,1,0,0,33,39,36,0,0,7,8,1,0,0,0,0,0,8,0,0,3,0,0,1,0,0,0,7,13,,,1,33,46,33,11,2,0,0,0
PHA190906011,box,1909-06-01,1,PHI11,R,1,PHA,BOS,1,1,0,0,1,,36,1,9,12,1,1,0,,1,,3,0,3,1,0,1,0,1,1,0,7,1,1,1,1,0,0,1,0,0,33,39,36,0,0,7,8,1,0,0,0,0,0,8,0,0,3,0,0,1,0,0,0,0,0,,,1,33,46,33,11,2,0,0,0
PHA190906012,evt,1909-06-01,2,PHI11,R,1,PHA,BOS,1,0,1,0,1,32,26,0,5,8,3,0,0,0,0,,2,0,2,0,2,2,0,0,2,0,5,1,1,0,0,0,1,0,1,0,27,34,33,1,0,7,9,2,0,0,0,1,0,2,0,0,0,0,0,0,0,0,0,11,10,,,1,27,40,27,12,1,1,0,0
PHA190906012,box,1909-06-01,2,PHI11,R,1,PHA,BOS,1,0,1,0,1,,26,0,5,8,3,0,0,,0,,2,0,2,0,2,2,0,0,2,0,5,1,1,0,0,0,1,0,1,0,27,34,33,1,0,7,9,2,0,0,0,1,0,2,0,0,0,0,0,0,0,0,0,0,0,,,1,27,40,27,12,1,1,0,0
PHA190906020,evt,1909-06-02,0,PHI11,R,1,PHA,CHA,1,1,0,0,1,34,30,5,9,10,1,0,0,0,4,,0,0,6,0,0,3,1,2,0,0,5,1,1,0,0,0,1,1,0,1,27,39,32,4,2,7,7,0,0,0,0,6,0,8,0,0,1,0,0,1,0,1,0,6,9,,,1,27,41,27,11,3,1,0,0
PHA190906020,box,1909-06-02,0,PHI11,R,1,PHA,CHA,1,1,0,0,1,,30,5,9,10,1,0,0,,4,,0,0,6,0,0,3,1,2,0,0,5,1,1,0,0,0,1,1,0,1,27,39,32,4,2,7,7,0,0,0,0,6,0,8,0,0,1,0,0,1,0,0,0,0,0,,,1,27,41,27,11,3,1,0,0
PHA190906030,evt,1909-06-03,0,PHI11,R,1,PHA,CHA,1,0,1,0,1,42,34,6,13,18,0,1,1,0,6,,5,0,3,0,0,2,1,1,2,0,9,1,1,0,0,0,1,0,1,0,27,42,33,9,5,9,13,0,2,0,0,6,0,2,0,0,2,1,0,0,0,2,0,10,10,,,1,27,47,27,17,3,0,0,0
PHA190906030,box,1909-06-03,0,PHI11,R,1,PHA,CHA,1,0,1,0,1,,34,6,13,18,0,1,1,,6,,5,0,3,0,0,2,1,1,2,0,9,1,1,0,0,0,1,0,1,0,27,42,33,9,5,9,13,0,2,0,0,6,0,2,0,0,2,1,0,0,0,0,0,0,0,,,1,27,47,27,17,3,0,0,0
PHA190906070,evt,1909-06-07,0,PHI11,R,1,PHA,CLE,1,0,1,0,1,34,34,1,8,9,1,0,0,0,1,,0,0,7,1,0,0,0,0,0,0,6,1,1,0,0,0,1,0,1,0,27,35,29,3,3,9,11,0,1,0,0,3,0,8,1,1,2,0,0,0,0,0,0,4,8,,,1,27,39,27,11,1,1,0,0
PHA190906070,box,1909-06-07,0,PHI11,R,1,PHA,CLE,1,0,1,0,1,,34,1,8,9,1,0,0,,1,,0,0,7,1,0,0,0,0,0,0,6,1,1,0,0,0,1,0,1,0,27,35,29,3,3,9,11,0,1,0,0,3,0,8,1,1,2,0,0,0,0,0,0,0,0,,,1,27,39,27,11,1,1,0,0
PHA190906080,evt,1909-06-08,0,PHI11,R,1,PHA,CLE,1,0,1,0,1,32,29,0,1,2,1,0,0,0,0,,3,0,3,1,0,0,0,0,0,0,5,1,1,1,0,0,0,0,1,0,27,38,35,2,2,8,13,1,2,0,0,2,0,5,0,0,1,0,0,0,0,0,0,9,10,,,1,27,42,27,12,3,1,0,0
PHA190906080,box,1909-06-08,0,PHI11,R,1,PHA,CLE,1,0,1,0,1,,29,0,1,2,1,0,0,,0,,3,0,3,1,0,0,0,0,0,0,5,1,1,1,0,0,0,0,1,0,27,38,35,2,2,8,13,1,2,0,0,2,0,5,0,0,1,0,0,0,0,0,0,0,0,,,1,27,42,27,12,3,1,0,0
PHA190906110,evt,1909-06-11,0,PHI11,R,1,PHA,SLA,1,1,0,0,1,41,39,2,10,12,0,1,0,0,2,,1,0,4,0,0,1,0,2,0,0,8,1,1,0,0,0,1,1,0,0,33,40,39,1,1,7,9,0,1,0,0,1,1,7,0,0,0,0,0,0,0,0,0,13,12,,,1,33,46,33,13,0,0,0,0
PHA190906110,box,1909-06-11,0,PHI11,R,1,PHA,SLA,1,1,0,0,1,,39,2,10,12,0,1,0,,2,,1,0,4,0,0,1,0,2,0,0,8,1,1,0,0,0,1,1,0,0,33,40,39,1,1,7,9,0,1,0,0,1,1,7,0,0,0,0,0,0,0,0,0,0,0,,,1,33,46,33,13,0,0,0,0
PHA190906120,evt,1909-06-12,0,PHI11,R,1,PHA,SLA,1,1,0,0,1,35,32,4,13,17,2,1,0,0,3,,0,0,2,1,0,3,0,3,1,0,7,1,1,1,0,0,0,1,0,0,27,35,31,1,0,5,6,1,0,0,0,3,0,8,0,1,0,0,0,0,0,0,0,8,10,,,1,27,40,27,9,4,1,0,0
PHA190906120,box,1909-06-12,0,PHI11,R,1,PHA,SLA,1,1,0,0,1,,32,4,13,17,2,1,0,,3,,0,0,2,1,0,3,0,3,1,0,7,1,1,1,0,0,0,1,0,0,27,35,31,1,0,5,6,1,0,0,0,3,0,8,0,1,0,0,0,0,0,0,0,0,0,,,1,27,40,27,9,4,1,0,0
PHA190906140,evt,1909-06-14,0,PHI11,R,1,PHA,SLA,1,0,1,0,1,41,39,6,12,16,2,1,0,0,5,,1,0,4,1,1,0,0,0,0,0,8,1,1,0,0,0,1,0,1,0,27,44,38,11,10,13,17,4,0,0,0,4,0,3,0,2,0,0,0,0,0,2,1,9,11,,,1,27,42,27,13,2,0,0,0
PHA190906140,box,1909-06-14,0,PHI11,R,1,PHA,SLA,1,0,1,0,1,,39,6,12,16,2,1,0,,5,,1,0,4,1,1,0,0,0,0,0,8,1,1,0,0,0,1,0,1,0,27,44,38,11,10,13,17,4,0,0,0,4,0,3,0,2,0,0,0,0,0,0,0,0,0,,,1,27,42,27,13,2,0,0,0
PHA190906150,evt,1909-06-15,0,PHI11,R,1,PHA,SLA,1,1,0,0,1,36,31,3,10,13,1,1,0,0,3,,3,0,8,1,1,1,0,2,1,0,9,1,1,1,0,0,0,1,0,0,27,31,28,1,0,3,4,1,0,0,0,2,0,3,1,0,0,1,0,0,0,0,0,15,8,,,1,27,42,27,14,1,1,0,0
PHA190906150,box,1909-06-15,0,PHI11,R,1,PHA,SLA,1,1,0,0,1,,31,3,10,13,1,1,0,,3,,3,0,8,1,1,1,0,2,1,0,9,1,1,1,0,0,0,1,0,0,27,31,28,1,0,3,4,1,0,0,0,2,0,3,1,0,0,1,0,0,0,0,0,0,0,,,1,27,42,27,14,1,1,0,0
PHA190906160,evt,1909-06-16,0,PHI11,R,1,PHA,DET,1,1,0,0,1,38,32,5,9,13,2,1,0,0,4,,4,0,2,0,1,1,0,3,0,0,9,1,1,1,0,0,0,1,0,0,27,38,33,4,1,8,10,0,1,0,0,2,0,3,0,0,2,1,0,0,0,0,0,10,10,,,1,27,42,27,12,3,0,0,1
PHA190906160,box,1909-06-16,0,PHI11,R,1,PHA,DET,1,1,0,0,1,,32,5,9,13,2,1,0,,4,,4,0,2,0,1,1,0,3,0,0,9,1,1,1,0,0,0,1,0,0,27,38,33,4,1,8,10,0,1,0,0,2,0,0,0,0,2,1,0,0,0,0,0,0,0,,,1,27,42,27,12,3,0,0,1
PHA190906170,evt,1909-06-17,0,PHI11,R,1,PHA,DET,1,0,1,0,1,35,32,1,7,7,0,0,0,0,1,,3,0,2,0,0,0,0,0,1,0,7,1,1,0,0,0,1,0,1,0,27,34,29,4,4,6,8,2,0,0,0,2,0,4,0,0,1,2,0,1,0,0,0,11,10,,,1,27,39,27,12,0,0,0,0
PHA190906170,box,1909-06-17,0,PHI11,R,1,PHA,DET,1,0,1,0,1,,32,1,7,7,0,0,0,,1,,3,0,2,0,0,0,0,0,1,0,7,1,1,0,0,0,1,0,1,0,27,34,29,4,4,6,8,2,0,0,0,2,0,4,0,0,1,2,0,1,0,0,0,0,0,,,1,27,39,27,12,0,0,0,0
PHA190906180,evt,1909-06-18,0,PHI11,R,1,PHA,DET,1,1,0,0,1,36,32,3,10,14,2,1,0,0,3,,3,0,4,1,0,1,0,1,1,0,9,1,1,1,0,0,0,1,0,0,27,35,33,1,1,8,8,0,0,0,0,1,1,5,0,0,1,0,0,0,0,0,0,9,10,,,1,27,41,27,13,1,0,0,0
PHA190906180,box,1909-06-18,0,PHI11,R,1,PHA,DET,1,1,0,0,1,,32,3,10,14,2,1,0,,3,,3,0,4,1,0,1,0,1,1,0,9,1,1,1,0,0,0,1,0,0,27,35,33,1,1,8,8,0,0,0,0,1,1,5,0,0,1,0,0,0,0,0,0,0,0,,,1,27,41,27,13,1,0,0,0
BOS190906190,evt,1909-06-19,0,BOS06,R,0,PHA,BOS,1,0,1,0,1,46,39,6,16,20,1,0,1,0,6,,3,0,2,0,0,3,1,1,1,0,13,1,1,0,0,0,1,0,1,0,24,42,34,7,4,12,14,2,0,0,0,3,0,3,0,2,2,1,0,0,0,3,1,5,13,,,1,24,39,24,11,4,0,0,0
BOS190906190,box,1909-06-19,0,BOS06,R,0,PHA,BOS,1,0,1,0,1,,39,6,16,20,1,0,1,,6,,3,0,2,0,0,3,1,1,1,0,13,1,1,0,0,0,1,0,1,0,24,42,34,7,4,12,14,2,0,0,0,3,0,3,0,2,2,1,0,0,0,0,0,0,0,,,1,24,39,24,11,4,0,0,0
BOS190906211,evt,1909-06-21,1,BOS06,R,0,PHA,BOS,1,0,1,0,1,38,33,5,10,14,2,1,0,0,5,,2,0,4,0,1,0,2,0,1,0,6,1,1,1,0,0,0,0,1,0,24,39,35,6,6,11,15,2,1,0,0,1,1,5,0,0,1,2,0,0,0,0,0,9,8,,,1,24,40,24,13,3,0,0,0
BOS190906211,box,1909-06-21,1,BOS06,R,0,PHA,BOS,1,0,1,0,1,,33,5,10,14,2,1,0,,5,,2,0,4,0,1,0,2,0,1,0,6,1,1,1,0,0,0,0,1,0,24,39,35,6,6,11,15,2,1,0,0,1,1,5,0,0,1,2,0,0,0,0,0,0,0,,,1,24,39,24,12,3,0,0,0
BOS190906212,evt,1909-06-21,2,BOS06,R,0,PHA,BOS,1,0,1,0,1,31,28,1,2,4,0,1,0,0,1,,1,0,1,0,2,0,0,0,0,0,3,1,1,1,0,0,0,0,1,0,24,31,27,4,4,7,8,1,0,0,0,2,0,1,0,0,2,0,0,2,0,0,0,4,15,,,1,24,32,24,8,0,0,0,0
BOS190906212,box,1909-06-21,2,BOS06,R,0,PHA,BOS,1,0,1,0,1,,28,1,2,4,0,1,0,,1,,1,0,1,0,2,0,0,0,0,0,3,1,1,1,0,0,0,0,1,0,24,31,27,4,4,7,8,1,0,0,0,2,0,1,0,0,2,0,0,2,0,0,0,0,0,,,1,24,33,24,9,0,0,0,0
PHA190906220,evt,1909-06-22,0,PHI11,R,1,PHA,WS1,1,1,0,0,1,34,29,6,10,15,3,1,0,0,6,,2,0,3,0,0,2,1,0,2,0,4,1,1,1,0,0,0,1,0,0,27,36,34,1,1,5,7,0,1,0,0,2,0,3,0,0,0,0,0,0,0,0,0,8,15,,,1,27,41,27,12,2,0,0,0
PHA190906220,box,1909-06-22,0,PHI11,R,1,PHA,WS1,1,1,0,0,1,,29,6,10,15,3,1,0,,6,,2,0,3,0,0,2,1,0,2,0,4,1,1,1,0,0,0,1,0,0,27,36,34,1,1,5,7,0,1,0,0,2,0,3,0,0,0,0,0,0,0,0,0,0,0,,,1,27,41,27,12,2,0,0,0
PHA190906230,evt,1909-06-23,0,PHI11,R,1,PHA,WS1,1,1,0,0,1,32,30,3,8,10,0,1,0,0,3,,1,1,7,0,1,0,0,0,2,0,5,1,1,1,1,0,0,1,0,0,27,34,32,0,0,5,6,1,0,0,0,2,0,6,0,0,0,0,0,0,0,0,0,6,14,,,1,27,35,27,6,2,1,0,0
PHA190906230,box,1909-06-23,0,PHI11,R,1,PHA,WS1,1,1,0,0,1,,30,3,8,10,0,1,0,,3,,1,1,7,0,1,0,0,0,2,0,5,1,1,1,1,0,0,1,0,0,27,34,32,0,0,5,6,1,0,0,0,2,0,6,0,0,0,0,0,0,0,0,0,0,0,,,1,27,35,27,6,2,1,0,0
PHA190906240,evt,1909-06-24,0,PHI11,R,1,PHA,NYA,1,1,0,0,1,33,29,5,7,9,2,0,0,0,5,,1,0,5,0,1,2,0,1,1,0,4,1,1,1,0,0,0,1,0,0,27,39,36,3,2,8,12,1,0,1,0,3,0,2,0,0,0,0,0,0,0,0,0,15,9,,,1,27,41,27,12,2,0,0,0
PHA190906240,box,1909-06-24,0,PHI11,R,1,PHA,NYA,1,1,0,0,1,,29,5,7,9,2,0,0,,5,,1,0,5,0,1,2,0,1,1,0,4,1,1,1,0,0,0,1,0,0,27,39,36,3,2,8,12,1,0,1,0,3,0,2,0,0,0,0,0,0,0,0,0,0,0,,,1,27,41,27,12,2,0,0,0
PHA190906250,evt,1909-06-25,0,PHI11,R,1,PHA,NYA,1,0,1,0,1,32,30,2,6,8,2,0,0,0,2,,0,0,1,2,1,1,0,0,0,0,3,1,1,0,0,0,1,0,1,0,27,48,38,12,8,15,23,2,3,0,0,6,0,2,0,1,1,2,0,1,0,0,0,10,11,,,1,27,42,27,12,3,0,0,0
PHA190906250,box,1909-06-25,0,PHI11,R,1,PHA,NYA,1,0,1,0,1,,30,2,6,8,2,0,0,,2,,0,0,1,2,1,1,0,0,0,0,3,1,1,0,0,0,1,0,1,0,27,48,38,12,8,15,23,2,3,0,0,6,0,2,0,1,1,2,0,1,0,0,0,0,0,,,1,27,42,27,12,3,0,0,0
PHA190906261,evt,1909-06-26,1,PHI11,R,1,PHA,NYA,1,1,0,0,1,31,29,3,9,10,1,0,0,0,3,,0,0,0,0,0,1,1,2,1,0,4,1,1,1,1,0,0,1,0,0,27,29,29,0,0,4,4,0,0,0,0,0,0,7,1,0,0,0,0,0,0,0,0,6,10,,,1,27,36,26,9,1,1,0,0
PHA190906261,box,1909-06-26,1,PHI11,R,1,PHA,NYA,1,1,0,0,1,,29,3,9,10,1,0,0,,3,,0,0,0,0,0,1,1,2,1,0,4,1,1,1,1,0,0,1,0,0,27,29,29,0,0,4,4,0,0,0,0,0,0,7,1,0,0,0,0,0,0,0,0,0,0,,,1,27,37,26,10,1,1,0,0
PHA190906262,evt,1909-06-26,2,PHI11,R,1,PHA,NYA,1,1,0,0,1,34,24,4,5,7,0,1,0,0,4,,6,0,2,0,1,3,0,0,3,0,6,1,1,1,0,0,0,1,0,0,27,34,31,1,1,4,4,0,0,0,0,3,0,5,0,0,0,0,0,0,0,0,0,12,10,,,1,27,39,27,12,0,0,0,0
PHA190906262,box,1909-06-26,2,PHI11,R,1,PHA,NYA,1,1,0,0,1,,24,4,5,7,0,1,0,,4,,6,0,2,0,1,3,0,0,3,0,6,1,1,1,0,0,0,1,0,0,27,34,31,1,1,4,4,0,0,0,0,3,0,5,0,0,0,0,0,0,0,0,0,0,0,,,1,27,39,27,12,0,0,0,0
PHA190906280,evt,1909-06-28,0,PHI11,R,1,PHA,NYA,1,0,1,0,1,32,29,1,6,8,0,1,0,0,1,,1,0,4,0,0,1,1,1,1,0,4,1,1,1,0,0,0,0,1,0,27,32,29,2,2,4,4,0,0,0,0,3,0,3,0,0,0,0,0,1,0,0,0,14,7,,,1,27,42,27,15,0,0,0,0
PHA190906280,box,1909-06-28,0,PHI11,R,1,PHA,NYA,1,0,1,0,1,,29,1,6,8,0,1,0,,1,,1,0,4,0,0,1,1,1,1,0,4,1,1,1,0,0,0,0,1,0,27,32,29,2,2,4,4,0,0,0,0,3,0,3,0,0,0,0,0,1,0,0,0,0,0,,,1,27,42,27,15,0,0,0,0
BOS190906290,evt,1909-06-29,0,BOS06,R,0,PHA,BOS,1,1,0,0,1,44,39,9,14,18,2,1,0,0,9,,3,0,3,0,0,2,0,0,1,0,8,1,1,1,1,0,0,1,0,0,27,32,31,0,0,5,5,0,0,0,0,1,0,4,1,0,0,0,0,0,0,0,0,11,11,,,1,27,38,27,11,0,1,0,0
BOS190906290,box,1909-06-29,0,BOS06,R,0,PHA,BOS,1,1,0,0,1,,39,9,14,18,2,1,0,,9,,3,0,3,0,0,2,0,0,1,0,8,1,1,1,1,0,0,1,0,0,27,32,31,0,0,5,5,0,0,0,0,1,0,4,1,0,0,0,0,0,0,0,0,0,0,,,1,27,38,27,11,0,1,0,0
BOS190906301,evt,1909-06-30,1,BOS06,R,0,PHA,BOS,1,1,0,0,1,39,29,8,10,15,2,0,1,0,7,,5,0,2,1,0,4,1,0,2,0,4,1,1,1,0,0,0,1,0,0,27,38,34,4,4,8,14,1,1,1,0,3,0,5,0,0,0,1,0,0,0,0,0,17,5,,,1,27,42,27,15,0,0,0,0
BOS190906301,box,1909-06-30,1,BOS06,R,0,PHA,BOS,1,1,0,0,1,,29,8,10,15,2,0,1,,7,,5,0,2,1,0,4,1,0,2,0,4,1,1,1,0,0,0,1,0,0,27,38,34,4,4,8,14,1,1,1,0,3,0,5,0,0,0,1,0,0,0,0,0,0,0,,,1,27,42,27,15,0,0,0,0
BOS190906302,evt,1909-06-30,2,BOS06,R,0,PHA,BOS,1,1,0,0,1,37,29,6,7,10,3,0,0,0,4,,3,0,3,0,0,5,0,4,2,0,4,1,1,1,0,0,0,1,0,0,27,39,30,2,2,4,5,1,0,0,0,7,0,4,0,2,0,0,0,0,0,0,0,9,13,,,1,27,36,27,9,0,0,0,0
BOS190906302,box,1909-06-30,2,BOS06,R,0,PHA,BOS,1,1,0,0,1,,29,6,7,10,3,0,0,,4,,3,0,3,0,0,5,0,4,2,0,4,1,1,1,0,0,0,1,0,0,27,39,30,2,2,4,5,1,0,0,0,7,0,4,0,2,0,0,0,0,0,0,0,0,0,,,1,27,36,27,9,0,0,0,0
BOS190907010,evt,1909-07-01,0,BOS06,R,0,PHA,BOS,1,0,1,0,1,33,31,1,6,8,2,0,0,0,1,,1,0,1,0,0,1,0,0,0,0,5,1,1,1,0,0,0,0,1,0,24,33,30,3,3,9,11,0,1,0,0,1,0,1,0,0,2,0,0,0,0,0,0,9,10,,,1,24,39,24,13,2,0,0,0
BOS190907010,box,1909-07-01,0,BOS06,R,0,PHA,BOS,1,0,1,0,1,,31,1,6,8,2,0,0,,1,,1,0,1,0,0,1,0,0,0,0,5,1,1,1,0,0,0,0,1,0,24,33,30,3,3,9,11,0,1,0,0,1,0,1,0,0,2,0,0,0,0,0,0,0,0,,,1,24,40,24,14,2,0,0,0
BOS190907020,evt,1909-07-02,0,BOS06,R,0,PHA,BOS,1,1,0,0,1,34,30,1,6,9,0,0,1,0,1,,4,0,3,1,0,0,0,2,1,0,6,1,1,1,1,0,0,1,0,0,27,32,32,0,0,4,4,0,0,0,0,0,0,9,0,0,0,0,0,0,0,0,0,6,12,,,1,27,35,27,6,2,0,0,0
BOS190907020,box,1909-07-02,0,BOS06,R,0,PHA,BOS,1,1,0,0,1,,30,1,6,9,0,0,1,,1,,4,0,3,1,0,0,0,2,1,0,6,1,1,1,1,0,0,1,0,0,27,32,32,0,0,4,4,0,0,0,0,0,0,9,0,0,0,0,0,0,0,0,0,0,0,,,1,27,35,27,6,2,0,0,0
NYA190907031,evt,1909-07-03,1,NYC13,R,0,PHA,NYA,1,1,0,0,1,38,29,5,10,18,2,3,0,0,5,,3,0,1,0,1,4,1,0,2,0,6,1,1,1,0,0,0,1,0,0,27,34,26,2,1,2,4,2,0,0,0,6,0,4,0,1,0,1,0,0,0,0,0,20,1,,,1,27,12,8,3,1,0,0,0
NYA190907031,box,1909-07-03,1,NYC13,R,0,PHA,NYA,1,1,0,0,1,,29,5,10,18,2,3,0,,5,,3,0,1,0,1,4,1,0,2,0,6,1,1,1,0,0,0,1,0,0,27,34,26,2,1,2,4,2,0,0,0,6,0,4,0,1,0,1,0,0,0,0,0,0,0,,,1,27,43,27,15,1,0,0,0
NYA190907032,evt,1909-07-03,2,NYC13,R,0,PHA,NYA,1,1,0,0,1,46,38,7,13,20,5,1,0,0,7,,4,0,2,0,0,1,3,1,1,0,12,1,1,1,1,0,0,1,0,0,27,38,35,0,0,8,10,2,0,0,0,2,0,6,0,1,0,0,0,1,0,0,0,10,11,,,1,27,36,27,9,0,0,0,0
NYA190907032,box,1909-07-03,2,NYC13,R,0,PHA,NYA,1,1,0,0,1,,38,7,13,20,5,1,0,,7,,4,0,2,0,0,1,3,1,1,0,12,1,1,1,1,0,0,1,0,0,27,38,35,0,0,8,10,2,0,0,0,2,0,6,0,1,0,0,0,1,0,0,0,0,0,,,1,27,36,27,9,0,0,0,0
NYA190907051,evt,1909-07-05,1,NYC13,R,0,PHA,NYA,1,1,0,0,1,41,30,7,7,8,1,0,0,0,6,,4,0,4,0,1,4,2,0,1,0,7,1,1,1,0,0,0,1,0,0,27,38,34,2,1,7,7,0,0,0,0,2,0,3,0,1,0,1,0,0,0,0,0,7,15,,,1,27,39,27,9,3,0,0,0
NYA190907051,box,1909-07-05,1,NYC13,R,0,PHA,NYA,1,1,0,0,1,,30,7,7,8,1,0,0,,6,,4,0,4,0,1,4,2,0,1,0,7,1,1,1,0,0,0,1,0,0,27,38,34,2,1,7,7,0,0,0,0,2,0,3,0,1,0,1,0,0,0,0,0,0,0,,,1,27,39,27,9,3,0,0,0
NYA190907052,evt,1909-07-05,2,NYC13,R,0,PHA,NYA,1,1,0,0,1,34,29,4,4,10,3,0,1,0,4,,4,0,0,1,0,1,0,0,1,0,3,1,1,1,0,0,0,1,0,0,27,36,34,3,3,8,12,1,0,1,0,2,0,7,1,0,0,0,0,0,0,0,0,9,9,,,1,27,37,27,10,0,1,0,0
NYA190907052,box,1909-07-05,2,NYC13,R,0,PHA,NYA,1,1,0,0,1,,29,4,4,10,3,0,1,,4,,4,0,0,1,0,1,0,0,1,0,3,1,1,1,0,0,0,1,0,0,27,36,34,3,3,8,12,1,0,1,0,2,0,7,1,0,0,0,0,0,0,0,0,0,0,,,1,27,37,27,10,0,1,0,0
NYA190907060,evt,1909-07-06,0,NYC13,R,0,PHA,NYA,1,1,0,0,1,36,35,3,10,14,1,0,1,0,3,,1,0,3,1,0,0,0,1,0,0,6,1,1,1,0,0,0,1,0,0,27,35,28,2,2,6,10,1,0,1,0,4,0,5,0,1,2,0,0,1,0,0,0,7,9,,,1,27,39,27,12,0,0,0,0
NYA190907060,box,1909-07-06,0,NYC13,R,0,PHA,NYA,1,1,0,0,1,,35,3,10,14,1,0,1,,3,,1,0,3,1,0,0,0,1,0,0,6,1,1,1,0,0,0,1,0,0,27,35,28,2,2,6,10,1,0,1,0,4,0,5,0,1,2,0,0,1,0,0,0,0,0,,,1,27,39,27,12,0,0,0,0
DET190907080,evt,1909-07-08,0,DET02,R,0,PHA,DET,1,1,0,0,1,38,30,3,7,11,0,2,0,0,3,,7,1,3,0,0,1,0,7,1,0,8,1,1,1,0,0,0,1,0,0,27,35,30,1,1,6,7,1,0,0,0,4,0,5,2,1,0,0,0,0,0,0,0,13,6,,,1,27,42,27,15,0,3,0,0
DET190907080,box,1909-07-08,0,DET02,R,0,PHA,DET,1,1,0,0,1,,30,3,7,11,0,2,0,,3,,7,1,3,0,0,1,0,7,1,0,8,1,1,1,0,0,0,1,0,0,27,35,30,1,1,6,7,1,0,0,0,4,0,5,2,1,0,0,0,0,0,0,0,0,0,,,1,27,42,27,15,0,3,0,0
DET190907090,evt,1909-07-09,0,DET02,R,0,PHA,DET,1,1,0,0,1,38,34,2,9,11,2,0,0,0,2,,3,0,2,1,0,0,1,0,0,0,9,1,1,1,1,0,0,1,0,0,27,36,34,0,0,7,8,1,0,0,0,2,0,7,0,0,0,0,0,0,0,0,0,12,6,,,1,27,44,27,14,3,0,0,0
DET190907090,box,1909-07-09,0,DET02,R,0,PHA,DET,1,1,0,0,1,,34,2,9,11,2,0,0,,2,,3,0,2,1,0,0,1,0,0,0,9,1,1,1,1,0,0,1,0,0,27,36,34,0,0,7,8,1,0,0,0,2,0,7,0,0,0,0,0,0,0,0,0,0,0,,,1,27,44,27,14,3,0,0,0
DET190907100,evt,1909-07-10,0,DET02,R,0,PHA,DET,1,0,1,0,1,42,39,5,10,12,2,0,0,0,5,,2,0,1,0,0,1,0,0,1,0,10,1,1,0,0,0,1,0,1,0,24,37,34,9,9,13,15,0,1,0,0,2,0,5,0,0,0,1,0,0,0,0,0,8,9,,,1,24,34,24,10,0,0,0,0
DET190907100,box,1909-07-10,0,DET02,R,0,PHA,DET,1,0,1,0,1,,39,5,10,12,2,0,0,,5,,2,0,1,0,0,1,0,0,1,0,10,1,1,0,0,0,1,0,1,0,24,37,34,9,9,13,15,0,1,0,0,2,0,5,0,0,0,1,0,0,0,0,0,0,0,,,1,24,34,24,10,0,0,0,0
DET190907110,evt,1909-07-11,0,DET02,R,0,PHA,DET,1,1,0,0,1,43,40,7,14,18,4,0,0,0,4,,1,0,2,0,0,2,0,2,0,0,9,1,1,1,0,0,0,1,0,0,27,33,28,1,0,4,4,0,0,0,0,3,0,1,1,0,1,1,0,0,0,0,0,22,1,,,1,27,14,6,5,3,1,0,0
DET190907110,box,1909-07-11,0,DET02,R,0,PHA,DET,1,1,0,0,1,,40,7,14,18,4,0,0,,4,,1,0,0,0,0,2,0,2,0,0,9,1,1,1,0,0,0,1,0,0,27,33,28,1,0,4,4,0,0,0,0,3,0,,1,0,1,1,0,0,0,0,0,0,0,,,1,27,41,27,11,3,1,0,0
CLE190907130,evt,1909-07-13,0,CLE05,R,0,PHA,CLE,1,0,1,0,1,36,34,0,2,2,0,0,0,0,0,,1,0,3,0,1,0,0,1,0,0,6,1,1,1,0,0,0,0,1,0,29,35,31,1,1,4,4,0,0,0,0,1,0,7,0,1,1,1,0,0,0,0,0,7,13,,,1,29,39,29,9,1,0,0,0
CLE190907130,box,1909-07-13,0,CLE05,R,0,PHA,CLE,1,0,1,0,1,,34,0,2,2,0,0,0,,0,,1,0,3,0,1,0,0,1,0,0,6,1,1,1,0,0,0,0,1,0,29,35,31,1,1,4,4,0,0,0,0,1,0,7,0,1,1,1,0,0,0,0,0,0,0,,,1,29,39,29,9,1,0,0,0
CLE190907140,evt,1909-07-14,0,CLE05,R,0,PHA,CLE,1,0,1,0,1,46,43,3,8,10,0,1,0,0,2,,1,0,5,0,0,2,0,2,1,0,7,1,1,1,0,0,0,0,1,0,34,46,42,4,2,10,15,3,1,0,0,1,0,1,0,1,2,0,0,0,0,0,0,14,16,,,1,34,40,27,11,2,0,0,0
CLE190907140,box,1909-07-14,0,CLE05,R,0,PHA,CLE,1,0,1,0,1,,43,3,8,10,0,1,0,,2,,1,0,5,0,0,2,0,2,1,0,7,1,1,1,0,0,0,0,1,0,34,46,42,4,2,10,15,3,1,0,0,1,0,1,0,1,2,0,0,0,0,0,0,0,0,,,1,34,53,34,17,2,0,0,0
CLE190907150,evt,1909-07-15,0,CLE05,R,0,PHA,CLE,1,0,1,0,1,35,29,5,4,4,0,0,0,0,4,,3,0,3,0,0,2,1,0,0,0,3,1,1,1,0,0,0,0,1,0,24,37,33,6,4,9,9,0,0,0,0,1,0,6,0,0,2,1,0,1,0,0,0,9,8,,,1,24,40,24,13,3,0,0,1
CLE190907150,box,1909-07-15,0,CLE05,R,0,PHA,CLE,1,0,1,0,1,,29,5,4,4,0,0,0,,4,,3,0,3,0,0,2,1,0,0,0,3,1,1,1,0,0,0,0,1,0,24,37,33,6,4,9,9,0,0,0,0,1,0,6,0,0,2,1,0,1,0,0,0,0,0,,,1,24,38,24,11,3,0,0,1
CLE190907160,evt,1909-07-16,0,CLE05,R,0,PHA,CLE,1,1,0,0,1,35,29,3,6,7,1,0,0,0,3,,2,0,5,0,1,3,0,1,1,0,5,1,1,1,1,0,0,1,0,0,27,32,28,0,0,3,5,0,1,0,0,3,0,6,1,1,0,0,0,0,0,0,0,7,11,,,1,27,39,27,11,1,1,0,0
CLE190907160,box,1909-07-16,0,CLE05,R,0,PHA,CLE,1,1,0,0,1,,29,3,6,7,1,0,0,,3,,2,0,5,0,1,3,0,1,1,0,5,1,1,1,1,0,0,1,0,0,27,32,28,0,0,3,5,0,1,0,0,3,0,6,1,1,0,0,0,0,0,0,0,0,0,,,1,27,39,27,11,1,1,0,0
SLA190907171,evt,1909-07-17,1,STL07,R,0,PHA,SLA,1,0,1,0,1,32,30,0,4,4,0,0,0,0,0,,2,0,7,0,0,0,0,1,0,0,5,1,1,1,0,0,0,0,1,0,24,30,27,2,1,4,6,0,1,0,0,2,1,5,0,0,0,1,0,1,0,0,0,7,11,,,1,24,35,24,8,3,1,0,0
SLA190907171,box,1909-07-17,1,STL07,R,0,PHA,SLA,1,0,1,0,1,,30,0,4,4,0,0,0,,0,,2,0,7,0,0,0,0,1,0,0,5,1,1,1,0,0,0,0,1,0,24,30,27,2,1,4,6,0,1,0,0,2,1,5,0,0,0,1,0,1,0,0,0,0,0,,,1,24,35,24,8,3,1,0,0
SLA190907172,evt,1909-07-17,2,STL07,R,0,PHA,SLA,1,0,1,0,1,39,32,4,6,9,1,1,0,0,2,,5,0,3,0,0,2,0,5,1,0,8,1,1,1,0,0,0,0,1,0,24,35,26,5,3,8,8,0,0,0,0,6,0,1,0,1,1,1,0,1,1,0,0,9,7,,,1,24,28,16,9,3,0,0,0
SLA190907172,box,1909-07-17,2,STL07,R,0,PHA,SLA,1,0,1,0,1,,32,4,6,9,1,1,0,,2,,5,0,,0,0,2,0,5,1,0,8,1,1,1,0,0,0,0,1,0,24,35,26,5,3,8,8,0,0,0,0,6,0,,0,1,1,1,0,1,1,0,0,0,0,,,1,24,38,24,11,3,0,0,0
SLA190907180,evt,1909-07-18,0,STL07,R,0,PHA,SLA,1,0,1,0,1,42,38,4,8,12,2,1,0,0,3,,3,0,3,0,1,0,0,2,2,0,5,1,1,0,0,0,1,0,1,0,30,42,38,5,4,10,12,2,0,0,0,0,0,0,1,3,1,0,0,0,0,3,2,24,4,,,1,30,21,11,8,2,1,0,0
SLA190907180,box,1909-07-18,0,STL07,R,0,PHA,SLA,1,0,1,0,1,,38,4,8,12,2,1,0,,3,,3,0,,0,1,0,0,2,2,0,5,1,1,0,0,0,1,0,1,0,30,42,38,5,4,10,12,2,0,0,0,0,0,,1,3,1,0,0,0,0,0,0,0,0,,,1,30,44,30,12,2,1,0,0
SLA190907190,evt,1909-07-19,0,STL07,R,0,PHA,SLA,1,1,0,0,1,37,33,4,8,12,1,0,1,0,4,,2,0,6,0,0,2,0,2,2,0,6,1,1,1,0,0,0,1,0,0,27,38,32,3,1,9,10,1,0,0,0,5,0,7,1,0,0,1,0,0,0,0,0,3,13,,,1,27,38,27,7,4,2,0,0
SLA190907190,box,1909-07-19,0,STL07,R,0,PHA,SLA,1,1,0,0,1,,33,4,8,12,1,0,1,,4,,2,0,6,0,0,2,0,2,2,0,6,1,1,1,0,0,0,1,0,0,27,38,32,3,1,9,10,1,0,0,0,5,0,7,1,0,0,1,0,0,0,0,0,0,0,,,1,27,38,27,7,4,2,0,0
SLA190907200,evt,1909-07-20,0,STL07,R,0,PHA,SLA,1,1,0,0,1,32,29,2,5,8,0,0,1,0,2,,2,0,4,0,0,1,0,1,1,0,3,1,1,1,1,0,0,1,0,0,27,33,30,0,0,5,5,0,0,0,0,3,0,1,0,0,0,0,0,0,0,0,0,13,11,,,1,27,42,27,15,0,1,0,1
SLA190907200,box,1909-07-20,0,STL07,R,0,PHA,SLA,1,1,0,0,1,,29,2,5,8,0,0,1,,2,,2,0,4,0,0,1,0,1,1,0,3,1,1,1,1,0,0,1,0,0,27,33,30,0,0,5,5,0,0,0,0,3,0,1,0,0,0,0,0,0,0,0,0,0,0,,,1,27,42,27,15,0,1,0,1
CHA190907220,evt,1909-07-22,0,CHI09,R,0,PHA,CHA,1,0,1,0,1,36,31,3,8,11,1,1,0,0,3,,4,0,4,0,0,1,0,4,2,0,6,1,1,0,0,0,1,0,1,0,24,34,30,4,4,8,10,0,1,0,0,1,0,2,0,2,1,0,0,0,0,0,0,8,10,,,1,24,35,24,11,0,1,0,0
CHA190907220,box,1909-07-22,0,CHI09,R,0,PHA,CHA,1,0,1,0,1,,31,3,8,11,1,1,0,,3,,4,0,4,0,0,1,0,4,2,0,6,1,1,0,0,0,1,0,1,0,24,34,30,4,4,8,10,0,1,0,0,1,0,2,0,2,1,0,0,0,0,0,0,0,0,,,1,24,35,24,11,0,1,0,0
CHA190907230,evt,1909-07-23,0,CHI09,R,0,PHA,CHA,1,0,1,0,1,40,31,0,5,7,0,1,0,0,0,,7,0,6,0,1,1,0,0,0,0,13,1,1,0,0,0,1,0,1,0,24,32,27,3,3,8,9,1,0,0,0,3,0,5,0,0,2,0,0,0,0,0,0,8,6,,,1,24,36,24,12,0,0,0,0
CHA190907230,box,1909-07-23,0,CHI09,R,0,PHA,CHA,1,0,1,0,1,,31,0,5,7,0,1,0,,0,,7,0,6,0,1,1,0,0,0,0,13,1,1,0,0,0,1,0,1,0,24,32,27,3,3,8,9,1,0,0,0,3,0,5,0,0,2,0,0,0,0,0,0,0,0,,,1,24,36,24,12,0,0,0,0
CHA190907240,evt,1909-07-24,0,CHI09,R,0,PHA,CHA,1,0,1,0,1,36,32,1,6,7,1,0,0,0,1,,4,0,11,0,0,0,0,0,0,0,8,1,1,1,0,0,0,0,1,0,24,31,26,5,4,5,9,0,2,0,0,1,0,3,0,2,2,0,0,0,0,0,0,7,9,,,1,24,37,24,12,1,2,0,0
CHA190907240,box,1909-07-24,0,CHI09,R,0,PHA,CHA,1,0,1,0,1,,32,1,6,7,1,0,0,,1,,4,0,11,0,0,0,0,0,0,0,8,1,1,1,0,0,0,0,1,0,24,31,26,5,4,5,9,0,2,0,0,1,0,3,0,2,2,0,0,0,0,0,0,0,0,,,1,24,37,24,12,1,2,0,0
CHA190907250,evt,1909-07-25,0,CHI09,R,0,PHA,CHA,1,0,1,0,1,30,27,0,5,5,0,0,0,0,0,,2,0,4,1,0,1,0,1,2,0,3,1,1,1,0,0,0,0,1,0,24,32,27,3,3,4,8,2,1,0,0,5,0,2,0,0,0,0,0,0,0,0,0,19,1,,,1,24,24,14,10,0,1,0,0
CHA190907250,box,1909-07-25,0,CHI09,R,0,PHA,CHA,1,0,1,0,1,,27,0,5,5,0,0,0,,0,,2,0,4,1,0,1,0,1,2,0,3,1,1,1,0,0,0,0,1,0,24,32,27,3,3,4,8,2,1,0,0,5,0,2,0,0,0,0,0,0,0,0,0,0,0,,,1,24,39,24,15,0,1,0,0
WS1190907271,evt,1909-07-27,1,WAS08,R,0,PHA,WS1,1,1,0,0,1,42,37,8,11,16,5,0,0,0,8,,3,0,6,0,0,1,1,0,0,0,7,1,1,1,0,0,0,1,0,0,27,35,32,2,2,10,14,1,0,1,0,1,0,4,3,0,2,0,0,0,0,0,0,9,8,,,1,27,41,27,14,0,3,0,0
WS1190907271,box,1909-07-27,1,WAS08,R,0,PHA,WS1,1,1,0,0,1,,37,8,11,16,5,0,0,,8,,3,0,6,0,0,1,1,0,0,0,7,1,1,1,0,0,0,1,0,0,27,35,32,2,2,10,14,1,0,1,0,1,0,4,3,0,2,0,0,0,0,0,0,0,0,,,1,27,41,27,14,0,3,0,0
WS1190907272,evt,1909-07-27,2,WAS08,R,0,PHA,WS1,1,1,0,0,1,39,33,5,13,17,2,1,0,0,4,,2,1,4,0,0,4,0,2,2,0,7,1,1,1,0,0,0,1,0,0,27,36,34,2,1,9,11,0,1,0,0,0,0,4,0,0,2,0,0,0,0,0,0,12,8,,,1,27,42,27,14,1,0,0,0
WS1190907272,box,1909-07-27,2,WAS08,R,0,PHA,WS1,1,1,0,0,1,,33,5,13,17,2,1,0,,4,,2,1,4,0,0,4,0,2,2,0,7,1,1,1,0,0,0,1,0,0,27,36,34,2,1,9,11,0,1,0,0,0,0,4,0,0,2,0,0,0,0,0,0,0,0,,,1,27,42,27,14,1,0,0,0
WS1190907281,evt,1909-07-28,1,WAS08,R,0,PHA,WS1,1,1,0,0,1,44,34,7,10,13,1,1,0,0,5,,5,0,5,1,1,4,0,0,0,0,10,1,1,1,0,0,0,1,0,0,27,34,33,1,1,8,9,1,0,0,0,1,0,5,1,0,0,0,0,1,0,0,0,11,9,,,1,27,44,27,15,2,1,0,0
WS1190907281,box,1909-07-28,1,WAS08,R,0,PHA,WS1,1,1,0,0,1,,34,7,10,13,1,1,0,,5,,5,0,5,1,1,4,0,0,0,0,10,1,1,1,0,0,0,1,0,0,27,34,33,1,1,8,9,1,0,0,0,1,0,5,1,0,0,0,0,1,0,0,0,0,0,,,1,27,43,27,14,2,1,0,0
WS1190907282,evt,1909-07-28,2,WAS08,R,0,PHA,WS1,1,1,0,0,1,39,29,6,6,9,1,1,0,0,5,,4,0,5,0,2,2,2,0,1,0,6,1,1,1,1,0,0,1,0,0,27,33,31,0,0,4,5,1,0,0,0,2,0,7,0,0,0,0,0,0,0,0,0,8,12,,,1,27,36,27,8,1,0,0,0
WS1190907282,box,1909-07-28,2,WAS08,R,0,PHA,WS1,1,1,0,0,1,,29,6,6,9,1,1,0,,5,,4,0,5,0,2,2,2,0,1,0,6,1,1,1,1,0,0,1,0,0,27,33,31,0,0,4,5,1,0,0,0,2,0,7,0,0,0,0,0,0,0,0,0,0,0,,,1,27,36,27,8,1,0,0,0
PHA190907291,evt,1909-07-29,1,PHI11,R,1,PHA,CLE,1,1,0,0,1,32,27,2,7,9,0,1,0,0,2,,3,0,2,1,0,1,1,1,1,0,6,1,1,1,0,0,0,1,0,0,27,32,31,1,1,7,9,2,0,0,0,0,0,3,0,0,1,0,0,0,0,0,0,10,10,,,1,27,41,27,14,0,1,0,0
PHA190907291,box,1909-07-29,1,PHI11,R,1,PHA,CLE,1,1,0,0,1,,27,2,7,9,0,1,0,,2,,3,0,2,1,0,1,1,1,1,0,6,1,1,1,0,0,0,1,0,0,27,32,31,1,1,7,9,2,0,0,0,0,0,3,0,0,1,0,0,0,0,0,0,0,0,,,1,27,41,27,14,0,1,0,0
PHA190907292,evt,1909-07-29,2,PHI11,R,1,PHA,CLE,1,1,0,0,1,41,36,9,14,19,3,1,0,0,8,,4,0,3,0,0,1,0,2,1,0,8,1,1,1,0,0,0,1,0,0,27,35,32,4,3,6,10,2,1,0,0,1,0,4,1,0,1,1,0,0,0,0,0,11,9,,,1,27,45,27,15,3,1,0,0
PHA190907292,box,1909-07-29,2,PHI11,R,1,PHA,CLE,1,1,0,0,1,,36,9,14,19,3,1,0,,8,,4,0,3,0,0,1,0,2,1,0,8,1,1,1,0,0,0,1,0,0,27,35,32,4,3,6,10,2,1,0,0,1,0,4,1,0,1,1,0,0,0,0,0,0,0,,,1,27,45,27,15,3,1,0,0
PHA190907300,evt,1909-07-30,0,PHI11,R,1,PHA,CLE,1,1,0,0,1,38,34,7,11,19,1,2,1,0,6,,3,0,3,0,0,1,0,2,0,0,7,1,1,1,0,0,0,1,0,0,27,33,30,1,1,5,6,1,0,0,0,2,0,3,0,1,0,0,0,0,0,0,0,5,16,,,1,27,35,27,7,1,0,1,0
PHA190907300,box,1909-07-30,0,PHI11,R,1,PHA,CLE,1,1,0,0,1,,34,7,11,19,1,2,1,,6,,3,0,3,0,0,1,0,2,0,0,7,1,1,1,0,0,0,1,0,0,27,33,30,1,1,5,6,1,0,0,0,2,0,3,0,1,0,0,0,0,0,0,0,0,0,,,1,27,35,27,7,1,0,1,0
PHA190907311,evt,1909-07-31,1,PHI11,R,1,PHA,CLE,1,0,1,0,1,31,31,1,4,5,1,0,0,0,1,,0,0,4,0,0,0,0,0,1,0,3,1,1,0,0,0,1,0,1,0,27,35,33,3,1,6,7,1,0,0,0,2,0,2,1,0,0,0,0,0,0,0,0,12,11,,,1,27,42,27,13,2,1,0,1
PHA190907311,box,1909-07-31,1,PHI11,R,1,PHA,CLE,1,0,1,0,1,,31,1,4,5,1,0,0,,1,,0,0,4,0,0,0,0,0,1,0,3,1,1,0,0,0,1,0,1,0,27,35,33,3,1,6,7,1,0,0,0,2,0,2,1,0,0,0,0,0,0,0,0,0,0,,,1,27,42,27,13,2,1,0,1
PHA190907312,evt,1909-07-31,2,PHI11,R,1,PHA,CLE,1,1,0,0,1,35,31,4,9,10,1,0,0,0,3,,3,1,2,0,1,0,0,1,1,0,6,1,1,0,0,0,1,1,0,0,27,33,31,3,3,6,9,3,0,0,0,0,0,5,1,1,1,0,0,0,0,0,0,11,6,,,1,27,45,27,16,2,1,0,1
PHA190907312,box,1909-07-31,2,PHI11,R,1,PHA,CLE,1,1,0,0,1,,31,4,9,10,1,0,0,,3,,3,1,2,0,1,0,0,1,1,0,6,1,1,0,0,0,1,1,0,0,27,33,31,3,3,6,9,3,0,0,0,0,0,5,1,1,1,0,0,0,0,0,0,0,0,,,1,27,45,27,16,2,1,0,1
PHA190908031,evt,1909-08-03,1,PHI11,R,1,PHA,CHA,1,1,0,0,1,30,28,2,2,2,0,0,0,0,1,,1,0,4,0,0,1,0,1,0,0,4,1,1,1,0,0,0,1,0,0,27,33,29,1,0,5,5,0,0,0,0,1,0,5,1,1,2,0,0,0,0,0,0,9,9,,,1,27,42,27,12,3,1,0,0
PHA190908031,box,1909-08-03,1,PHI11,R,1,PHA,CHA,1,1,0,0,1,,28,2,2,2,0,0,0,,1,,1,0,4,0,0,1,0,1,0,0,4,1,1,1,0,0,0,1,0,0,27,33,29,1,0,5,5,0,0,0,0,1,0,5,1,1,2,0,0,0,0,0,0,0,0,,,1,27,43,27,13,3,1,0,0
PHA190908032,evt,1909-08-03,2,PHI11,R,1,PHA,CHA,1,1,0,0,1,40,34,10,13,18,3,1,0,0,8,,3,0,3,1,2,0,1,1,2,0,6,1,1,0,0,0,1,1,0,0,27,35,28,4,3,6,8,0,1,0,0,2,0,3,0,1,2,2,0,0,1,0,0,15,4,,,1,27,16,9,4,3,1,0,0
PHA190908032,box,1909-08-03,2,PHI11,R,1,PHA,CHA,1,1,0,0,1,,34,10,13,18,3,1,0,,8,,3,0,3,1,2,0,1,1,2,0,6,1,1,0,0,0,1,1,0,0,27,35,28,4,3,6,8,0,1,0,0,2,0,3,0,1,2,2,0,0,1,0,0,0,0,,,1,27,45,27,15,3,1,0,0
PHA190908051,evt,1909-08-05,1,PHI11,R,1,PHA,CHA,1,1,0,0,1,34,31,3,9,15,0,3,0,0,2,,1,0,9,0,0,2,0,2,0,0,7,1,1,1,1,0,0,1,0,0,27,34,29,0,0,5,7,2,0,0,0,3,0,3,2,2,0,0,0,0,0,0,0,12,9,,,1,27,42,27,15,0,3,0,0
PHA190908051,box,1909-08-05,1,PHI11,R,1,PHA,CHA,1,1,0,0,1,,31,3,9,15,0,3,0,,2,,1,0,9,0,0,2,0,2,0,0,7,1,1,1,1,0,0,1,0,0,27,34,29,0,0,5,7,2,0,0,0,3,0,3,2,2,0,0,0,0,0,0,0,0,0,,,1,27,42,27,15,0,3,0,0
PHA190908052,evt,1909-08-05,2,PHI11,R,1,PHA,CHA,1,0,1,0,1,30,26,0,3,3,0,0,0,0,0,,3,0,7,0,1,0,0,2,4,0,3,1,1,1,0,0,0,0,1,0,27,36,34,1,1,9,11,0,1,0,0,0,0,7,0,0,2,0,0,0,0,0,0,14,2,,,1,27,13,11,1,1,0,0,2
PHA190908052,box,1909-08-05,2,PHI11,R,1,PHA,CHA,1,0,1,0,1,,26,0,3,3,0,0,0,,0,,3,0,7,0,1,0,0,2,4,0,3,1,1,1,0,0,0,0,1,0,27,36,34,1,1,9,11,0,1,0,0,0,0,7,0,0,2,0,0,0,0,0,0,0,0,,,1,27,33,27,5,1,0,0,2
PHA190908060,evt,1909-08-06,0,PHI11,R,1,PHA,DET,1,0,1,0,1,32,31,1,5,6,1,0,0,0,1,,0,0,6,0,1,0,0,2,1,0,4,1,1,0,0,0,1,0,1,0,27,32,27,3,3,5,9,1,0,1,0,3,0,7,1,0,1,1,0,1,0,0,0,15,1,,,1,27,16,12,4,0,1,0,0
PHA190908060,box,1909-08-06,0,PHI11,R,1,PHA,DET,1,0,1,0,1,,31,1,5,6,1,0,0,,1,,0,0,6,0,1,0,0,2,1,0,4,1,1,0,0,0,1,0,1,0,27,32,27,3,3,5,9,1,0,1,0,3,0,7,1,0,1,1,0,1,0,0,0,0,0,,,1,27,40,27,13,0,1,0,0
PHA190908070,evt,1909-08-07,0,PHI11,R,1,PHA,DET,1,1,0,0,1,34,30,5,7,9,2,0,0,0,5,,2,0,6,0,0,2,0,3,0,0,5,1,1,1,0,0,0,1,0,0,27,34,31,3,3,6,6,0,0,0,0,2,0,5,0,0,1,0,0,0,0,0,0,9,10,,,1,27,39,27,10,2,0,0,0
PHA190908070,box,1909-08-07,0,PHI11,R,1,PHA,DET,1,1,0,0,1,,30,5,7,9,2,0,0,,5,,2,0,6,0,0,2,0,3,0,0,5,1,1,1,0,0,0,1,0,0,27,34,31,3,3,6,6,0,0,0,0,2,0,5,0,0,1,0,0,0,0,0,0,0,0,,,1,27,39,27,10,2,0,0,0
PHA190908090,evt,1909-08-09,0,PHI11,R,1,PHA,DET,1,1,0,0,1,35,34,7,7,12,2,0,1,0,5,,0,0,3,0,0,0,1,2,0,0,4,1,1,1,0,0,0,1,0,0,27,32,29,1,1,5,5,0,0,0,0,2,0,8,0,0,1,0,0,0,0,0,0,14,1,,,1,27,16,12,3,1,1,0,0
PHA190908090,box,1909-08-09,0,PHI11,R,1,PHA,DET,1,1,0,0,1,,34,7,7,12,2,0,1,,5,,0,0,3,0,0,0,1,2,0,0,4,1,1,1,0,0,0,1,0,0,27,32,29,1,1,5,5,0,0,0,0,2,0,8,0,0,1,0,0,0,0,0,0,0,0,,,1,27,41,27,13,1,1,0,0
PHA190908100,evt,1909-08-10,0,PHI11,R,1,PHA,DET,1,1,0,0,1,29,27,3,7,12,0,1,1,0,2,,0,0,2,0,1,1,0,2,2,0,2,1,1,1,0,0,0,1,0,0,27,40,36,1,0,10,11,1,0,0,0,3,1,4,0,0,0,1,0,0,0,0,0,8,13,,,1,27,39,27,11,1,0,0,0
PHA190908100,box,1909-08-10,0,PHI11,R,1,PHA,DET,1,1,0,0,1,,27,3,7,12,0,1,1,,2,,0,0,2,0,1,1,0,2,2,0,2,1,1,1,0,0,0,1,0,0,27,40,36,1,0,10,11,1,0,0,0,3,1,4,0,0,0,1,0,0,0,0,0,0,0,,,1,27,39,27,11,1,0,0,0
PHA190908110,evt,1909-08-11,0,PHI11,R,1,PHA,SLA,1,0,1,0,1,41,38,0,9,11,0,1,0,0,0,,3,1,0,2,0,0,0,0,1,0,8,1,1,1,0,0,0,0,1,0,33,46,40,1,1,10,12,0,1,0,0,2,0,4,0,1,3,0,0,0,0,0,0,16,8,,,1,33,48,29,16,3,0,0,0
PHA190908110,box,1909-08-11,0,PHI11,R,1,PHA,SLA,1,0,1,0,1,,38,0,9,11,0,1,0,,0,,3,1,0,2,0,0,0,0,1,0,8,1,1,1,0,0,0,0,1,0,33,46,40,1,1,10,12,0,1,0,0,2,0,,0,1,3,0,0,0,0,0,0,0,0,,,1,33,55,33,19,3,0,0,0
PHA190908120,evt,1909-08-12,0,PHI11,R,1,PHA,SLA,1,1,0,0,1,42,32,10,13,17,2,1,0,0,7,,5,0,3,0,0,4,1,5,2,0,8,1,1,1,0,0,0,1,0,0,27,36,31,4,4,5,7,0,1,0,0,4,0,3,0,0,0,1,0,0,0,0,0,22,2,,,1,27,10,7,3,0,0,0,0
PHA190908120,box,1909-08-12,0,PHI11,R,1,PHA,SLA,1,1,0,0,1,,32,10,13,17,2,1,0,,7,,5,0,3,0,0,4,1,5,2,0,8,1,1,1,0,0,0,1,0,0,27,36,31,4,4,5,7,0,1,0,0,4,0,3,0,0,0,1,0,0,0,0,0,0,0,,,1,27,39,27,12,0,0,0,0
PHA190908130,evt,1909-08-13,0,PHI11,R,1,PHA,SLA,1,1,0,0,1,41,33,8,14,18,2,1,0,0,7,,4,0,3,0,0,3,1,2,1,0,9,1,1,0,0,0,1,1,0,1,27,42,36,5,5,11,12,1,0,0,0,5,0,4,1,1,0,0,0,1,0,1,0,14,6,,,1,27,12,10,2,0,1,0,0
PHA190908130,box,1909-08-13,0,PHI11,R,1,PHA,SLA,1,1,0,0,1,,33,8,14,18,2,1,0,,7,,4,0,3,0,0,3,1,2,1,0,9,1,1,0,0,0,1,1,0,1,27,42,36,5,5,11,12,1,0,0,0,5,0,4,1,1,0,0,0,1,0,0,0,0,0,,,1,27,37,27,10,0,1,0,0
PHA190908140,evt,1909-08-14,0,PHI11,R,1,PHA,SLA,1,1,0,0,1,44,37,2,6,7,1,0,0,0,2,,4,0,7,1,0,2,1,0,0,0,9,1,1,1,0,0,0,1,0,0,36,46,37,1,1,5,6,1,0,0,0,4,0,3,0,3,2,0,0,2,0,0,0,25,4,,,1,36,23,15,8,0,1,0,1
PHA190908140,box,1909-08-14,0,PHI11,R,1,PHA,SLA,1,1,0,0,1,,37,2,6,7,1,0,0,,2,,4,0,7,1,0,2,1,0,0,0,9,1,1,1,0,0,0,1,0,0,36,46,37,1,1,5,6,1,0,0,0,4,0,3,0,3,2,0,0,2,0,0,0,0,0,,,1,36,57,36,21,0,1,0,1
WS1190908160,evt,1909-08-16,0,WAS08,R,0,PHA,WS1,1,1,0,0,1,39,31,6,8,10,2,0,0,0,6,,5,0,3,0,0,2,1,0,1,0,6,1,1,1,0,0,0,1,0,0,27,37,33,1,1,8,11,0,0,1,0,3,0,3,1,1,0,0,0,0,0,0,0,19,2,,,1,27,10,7,1,2,1,0,0
WS1190908160,box,1909-08-16,0,WAS08,R,0,PHA,WS1,1,1,0,0,1,,31,6,8,10,2,0,0,,6,,5,0,3,0,0,2,1,0,1,0,6,1,1,1,0,0,0,1,0,0,27,37,33,1,1,8,11,0,0,1,0,3,0,3,1,1,0,0,0,0,0,0,0,0,0,,,1,27,42,27,13,2,1,0,0
WS1190908170,evt,1909-08-17,0,WAS08,R,0,PHA,WS1,1,0,1,0,1,45,36,0,4,4,0,0,0,0,0,,6,0,5,1,1,2,0,1,1,0,9,1,1,1,0,0,0,0,1,0,35,42,37,1,1,9,11,2,0,0,0,2,0,7,1,1,2,0,0,0,0,0,0,14,2,,,1,35,28,17,7,4,3,0,0
WS1190908170,box,1909-08-17,0,WAS08,R,0,PHA,WS1,1,0,1,0,1,,36,0,4,4,0,0,0,,0,,6,0,5,1,1,2,0,1,1,0,9,1,1,1,0,0,0,0,1,0,35,42,37,1,1,9,11,2,0,0,0,2,0,7,1,1,2,0,0,0,0,0,0,0,0,,,1,35,57,35,18,4,3,0,0
WS1190908180,evt,1909-08-18,0,WAS08,R,0,PHA,WS1,1,1,0,0,1,40,34,2,11,15,4,0,0,0,2,,4,0,2,0,1,1,0,4,3,0,11,1,1,1,0,0,0,1,0,0,27,34,32,1,1,8,9,1,0,0,0,0,0,2,1,0,2,0,0,0,0,0,0,20,1,,,1,27,15,9,6,0,1,0,1
WS1190908180,box,1909-08-18,0,WAS08,R,0,PHA,WS1,1,1,0,0,1,,34,2,11,15,4,0,0,,2,,4,0,2,0,1,1,0,4,3,0,11,1,1,1,0,0,0,1,0,0,27,34,32,1,1,8,9,1,0,0,0,0,0,2,1,0,2,0,0,0,0,0,0,0,0,,,1,27,41,27,14,0,1,0,1
CLE190908190,evt,1909-08-19,0,CLE05,R,0,PHA,CLE,1,1,0,0,1,35,32,2,8,11,1,1,0,0,1,,1,0,5,0,0,2,0,1,1,0,6,1,1,1,0,0,0,1,0,0,27,31,29,1,1,8,11,1,1,0,0,2,0,3,3,0,0,0,0,0,0,0,0,16,2,,,1,27,21,13,8,0,3,0,0
CLE190908190,box,1909-08-19,0,CLE05,R,0,PHA,CLE,1,1,0,0,1,,32,2,8,11,1,1,0,,1,,1,0,5,0,0,2,0,1,1,0,6,1,1,1,0,0,0,1,0,0,27,31,29,1,1,8,11,1,1,0,0,2,0,3,3,0,0,0,0,0,0,0,0,0,0,,,1,27,46,27,19,0,3,0,0
CLE190908200,evt,1909-08-20,0,CLE05,R,0,PHA,CLE,1,1,0,0,1,37,31,5,6,8,2,0,0,0,4,,4,0,2,1,1,1,0,2,0,0,5,1,1,1,1,0,0,1,0,0,27,33,31,0,0,4,5,1,0,0,0,2,0,6,0,0,0,0,0,0,0,0,0,20,1,,,1,27,9,8,1,0,0,0,0
CLE190908200,box,1909-08-20,0,CLE05,R,0,PHA,CLE,1,1,0,0,1,,31,5,6,8,2,0,0,,4,,4,0,2,1,1,1,0,2,0,0,5,1,1,1,1,0,0,1,0,0,27,33,31,0,0,4,5,1,0,0,0,2,0,6,0,0,0,0,0,0,0,0,0,0,0,,,1,27,32,27,5,0,0,0,0
CLE190908210,evt,1909-08-21,0,CLE05,R,0,PHA,CLE,1,1,0,0,1,46,40,10,15,16,1,0,0,0,3,,4,0,5,0,0,2,0,2,0,0,9,1,1,0,0,0,1,1,0,0,27,39,35,6,4,11,12,1,0,0,0,4,0,3,2,0,0,0,0,1,0,1,0,17,3,,,1,27,18,11,5,2,2,0,0
CLE190908210,box,1909-08-21,0,CLE05,R,0,PHA,CLE,1,1,0,0,1,,40,10,15,16,1,0,0,,3,,4,0,5,0,0,2,0,2,0,0,9,1,1,0,0,0,1,1,0,0,27,39,35,6,4,11,12,1,0,0,0,4,0,,2,0,0,0,0,1,0,0,0,0,0,,,1,27,41,27,12,2,2,0,0
CLE190908230,box,1909-08-23,0,CLE05,R,0,PHA,CLE,1,1,0,0,1,,34,12,13,19,2,2,0,,10,,6,0,6,0,2,3,1,3,3,0,7,1,1,1,0,0,0,1,0,0,27,40,36,6,2,8,9,1,0,0,0,4,0,3,0,0,0,0,0,0,0,0,0,0,0,,,1,27,43,27,12,4,0,0,0
CLE190908230,ded,1909-08-23,0,CLE05,R,0,PHA,CLE,1,1,0,0,1,46,34,12,13,19,2,2,0,0,10,,6,0,6,0,2,3,1,3,3,0,7,1,1,1,0,0,0,1,0,0,27,40,36,6,2,8,9,1,0,0,0,4,0,3,0,0,0,0,0,0,0,0,0,20,0,,,1,27,11,5,2,4,0,0,0
DET190908240,evt,1909-08-24,0,DET02,R,0,PHA,DET,1,0,1,0,1,41,36,6,12,14,2,0,0,0,5,,2,0,2,0,0,3,0,0,1,0,8,1,1,0,0,0,1,0,1,0,24,37,27,7,2,10,12,2,0,0,0,3,0,2,0,0,5,2,0,0,0,1,0,10,5,,,1,24,18,10,5,3,0,0,0
DET190908240,box,1909-08-24,0,DET02,R,0,PHA,DET,1,0,1,0,1,,36,6,12,14,2,0,0,,5,,2,0,,0,0,3,0,0,1,0,8,1,1,0,0,0,1,0,1,0,24,37,27,7,2,10,12,2,0,0,0,3,0,,0,0,5,2,0,0,0,0,0,0,0,,,1,24,38,24,11,3,0,0,0
DET190908250,evt,1909-08-25,0,DET02,R,0,PHA,DET,1,0,1,0,1,42,35,3,9,11,2,0,0,0,3,,6,0,2,1,1,0,0,0,0,0,12,1,1,1,0,0,0,0,1,0,25,35,34,4,4,10,13,3,0,0,0,0,0,0,0,0,1,0,0,0,0,0,0,16,8,,,1,25,17,10,4,3,1,0,0
DET190908250,box,1909-08-25,0,DET02,R,0,PHA,DET,1,0,1,0,1,,35,3,9,11,2,0,0,,3,,6,0,2,1,1,0,0,0,0,0,12,1,1,1,0,0,0,0,1,0,25,35,34,4,4,10,13,3,0,0,0,0,0,0,0,0,1,0,0,0,0,0,0,0,0,,,1,25,38,25,10,3,1,0,0
DET190908260,evt,1909-08-26,0,DET02,R,0,PHA,DET,1,0,1,0,1,31,28,0,4,5,1,0,0,0,0,,0,0,5,1,2,1,0,1,1,0,4,1,1,0,0,0,1,0,1,0,24,37,30,6,3,8,9,1,0,0,0,3,0,5,0,1,3,0,0,1,0,0,0,14,1,,,1,24,22,9,7,6,0,0,0
DET190908260,box,1909-08-26,0,DET02,R,0,PHA,DET,1,0,1,0,1,,28,0,4,5,1,0,0,,0,,0,0,5,1,2,1,0,1,1,0,4,1,1,0,0,0,1,0,1,0,24,37,30,6,3,8,9,1,0,0,0,3,0,,0,1,3,0,0,1,0,0,0,0,0,,,1,24,40,24,10,6,0,0,0
SLA190908270,evt,1909-08-27,0,STL07,R,0,PHA,SLA,1,0,1,0,1,32,28,1,4,4,0,0,0,0,0,,3,0,4,1,0,1,0,2,0,0,4,1,1,1,0,0,0,0,1,0,24,33,28,2,2,9,12,1,1,0,0,3,0,0,1,0,2,0,0,0,0,0,0,14,3,,,1,24,13,8,5,0,1,0,0
SLA190908270,box,1909-08-27,0,STL07,R,0,PHA,SLA,1,0,1,0,1,,28,1,4,4,0,0,0,,0,,3,0,4,1,0,1,0,2,0,0,4,1,1,1,0,0,0,0,1,0,24,33,28,2,2,9,12,1,1,0,0,3,0,,1,0,2,0,0,0,0,0,0,0,0,,,1,24,42,24,18,0,1,0,0
SLA190908280,evt,1909-08-28,0,STL07,R,0,PHA,SLA,1,1,0,0,1,36,34,4,8,10,0,1,0,0,2,,2,0,2,0,0,0,0,1,3,0,5,1,1,1,1,0,0,1,0,0,27,33,31,0,0,5,6,1,0,0,0,2,0,2,0,0,0,0,0,0,0,0,0,22,2,,,1,27,10,7,3,0,0,0,0
SLA190908280,box,1909-08-28,0,STL07,R,0,PHA,SLA,1,1,0,0,1,,34,4,8,10,0,1,0,,2,,2,0,2,0,0,0,0,1,3,0,5,1,1,1,1,0,0,1,0,0,27,33,31,0,0,5,6,1,0,0,0,2,0,,0,0,0,0,0,0,0,0,0,0,0,,,1,27,41,27,14,0,0,0,0
SLA190908290,evt,1909-08-29,0,STL07,R,0,PHA,SLA,1,1,0,0,1,38,34,5,11,15,0,2,0,0,5,,2,0,5,0,1,0,1,0,3,0,6,1,1,1,0,0,0,1,0,0,27,39,35,2,2,10,12,0,1,0,0,4,1,6,0,0,0,0,0,0,0,0,0,17,2,,,1,27,12,10,2,0,0,0,0
SLA190908290,box,1909-08-29,0,STL07,R,0,PHA,SLA,1,1,0,0,1,,34,5,11,15,0,2,0,,5,,2,0,5,0,1,0,1,0,3,0,6,1,1,1,0,0,0,1,0,0,27,39,35,2,2,10,12,0,1,0,0,4,1,,0,0,0,0,0,0,0,0,0,0,0,,,1,27,40,27,13,0,0,0,0
CHA190908300,evt,1909-08-30,0,CHI09,R,0,PHA,CHA,1,1,0,0,1,36,33,5,8,11,0,0,1,0,4,,2,0,5,0,0,1,0,2,0,0,4,1,1,1,1,0,0,1,0,0,27,33,29,0,0,3,3,0,0,0,0,3,0,6,0,0,1,0,0,0,0,0,0,10,10,,,1,27,38,27,11,0,0,0,0
CHA190908300,box,1909-08-30,0,CHI09,R,0,PHA,CHA,1,1,0,0,1,,33,5,8,11,0,0,1,,4,,2,0,5,0,0,1,0,2,0,0,4,1,1,1,1,0,0,1,0,0,27,33,29,0,0,3,3,0,0,0,0,3,0,6,0,0,1,0,0,0,0,0,0,0,0,,,1,27,38,27,11,0,0,0,0
CHA190908310,evt,1909-08-31,0,CHI09,R,0,PHA,CHA,1,0,1,0,1,32,30,0,4,5,1,0,0,0,0,,2,0,6,1,0,0,0,3,1,0,5,1,1,0,0,0,1,0,1,0,24,31,26,2,2,4,4,0,0,0,0,3,0,2,0,0,2,0,0,0,1,0,0,9,10,,,1,24,41,24,15,2,1,0,0
CHA190908310,box,1909-08-31,0,CHI09,R,0,PHA,CHA,1,0,1,0,1,,30,0,4,5,1,0,0,,0,,2,0,6,1,0,0,0,3,1,0,5,1,1,0,0,0,1,0,1,0,24,31,26,2,2,4,4,0,0,0,0,3,0,2,0,0,2,0,0,0,1,0,0,0,0,,,1,24,40,24,14,2,1,0,0
CHA190909010,evt,1909-09-01,0,CHI09,R,0,PHA,CHA,1,0,1,0,1,32,24,2,6,6,0,0,0,0,1,,3,0,4,1,4,1,0,0,3,0,6,1,1,0,0,0,1,0,1,0,21,29,24,6,6,6,7,1,0,0,0,4,0,4,1,1,0,0,0,0,0,3,2,6,8,,,1,21,30,21,9,0,1,0,0
CHA190909010,box,1909-09-01,0,CHI09,R,0,PHA,CHA,1,0,1,0,1,,24,2,6,6,0,0,0,,1,,3,0,4,1,4,1,0,0,3,0,6,1,1,0,0,0,1,0,1,0,21,29,24,6,6,6,7,1,0,0,0,4,0,4,1,1,0,0,0,0,0,0,0,0,0,,,1,21,30,21,9,0,1,0,0
WS1190909030,evt,1909-09-03,0,WAS08,R,0,PHA,WS1,1,1,0,0,1,43,35,10,10,15,2,0,1,0,8,,4,0,2,0,1,2,1,3,0,0,6,1,1,1,0,0,0,1,0,0,27,33,32,3,2,6,9,1,1,0,0,1,0,5,0,0,0,0,0,0,0,0,0,9,10,,,1,27,39,27,11,1,1,0,0
WS1190909030,box,1909-09-03,0,WAS08,R,0,PHA,WS1,1,1,0,0,1,,35,10,10,15,2,0,1,,8,,4,0,2,0,1,2,1,3,0,0,6,1,1,1,0,0,0,1,0,0,27,33,32,3,2,6,9,1,1,0,0,1,0,5,0,0,0,0,0,0,0,0,0,0,0,,,1,27,39,27,11,1,1,0,0
WS1190909040,evt,1909-09-04,0,WAS08,R,0,PHA,WS1,1,1,0,0,1,35,34,2,10,10,0,0,0,0,1,,0,0,1,0,0,1,0,1,2,0,6,1,1,1,1,0,0,1,0,0,27,31,28,0,0,3,3,0,0,0,0,3,0,8,1,0,0,0,0,0,0,0,0,7,9,,,1,27,40,27,11,2,1,0,1
WS1190909040,box,1909-09-04,0,WAS08,R,0,PHA,WS1,1,1,0,0,1,,34,2,10,10,0,0,0,,1,,0,0,1,0,0,1,0,1,2,0,6,1,1,1,1,0,0,1,0,0,27,31,28,0,0,3,3,0,0,0,0,3,0,8,1,0,0,0,0,0,0,0,0,0,0,,,1,27,40,27,11,2,1,0,1
PHA190909061,evt,1909-09-06,1,PHI11,R,1,PHA,WS1,1,1,0,0,1,37,26,8,6,11,3,1,0,0,7,,7,0,5,0,0,3,1,3,0,0,5,1,1,1,0,0,0,1,0,0,27,36,31,2,1,6,6,0,0,0,0,3,0,8,1,1,1,0,0,0,0,0,0,9,7,,,1,27,41,27,13,1,3,0,1
PHA190909061,box,1909-09-06,1,PHI11,R,1,PHA,WS1,1,1,0,0,1,,26,8,6,11,3,1,0,,7,,7,0,5,0,0,3,1,3,0,0,5,1,1,1,0,0,0,1,0,0,27,36,31,2,1,6,6,0,0,0,0,3,0,8,1,1,1,0,0,0,0,0,0,0,0,,,1,27,42,27,14,1,3,0,1
PHA190909062,evt,1909-09-06,2,PHI11,R,1,PHA,WS1,1,1,0,0,1,46,37,6,11,14,3,0,0,0,5,,6,0,7,0,0,3,0,4,0,0,12,1,1,0,0,0,1,1,0,0,30,42,34,5,3,9,11,2,0,0,0,5,0,6,0,0,3,0,0,0,0,0,0,13,5,,,1,30,49,30,18,1,0,0,0
PHA190909062,box,1909-09-06,2,PHI11,R,1,PHA,WS1,1,1,0,0,1,,37,6,11,14,3,0,0,,5,,6,0,7,0,0,3,0,4,0,0,12,1,1,0,0,0,1,1,0,0,30,42,34,5,3,9,11,2,0,0,0,5,0,6,0,0,3,0,0,0,0,0,0,0,0,,,1,30,49,30,18,1,0,0,0
PHA190909070,evt,1909-09-07,0,PHI11,R,1,PHA,NYA,1,0,1,0,1,40,37,6,13,15,0,1,0,0,5,,1,0,5,1,0,1,1,0,2,0,7,1,1,0,0,0,1,0,1,0,27,41,34,8,6,9,17,1,2,1,0,3,0,4,1,0,3,1,0,0,0,0,0,11,9,,,1,27,46,27,16,3,1,0,0
PHA190909070,box,1909-09-07,0,PHI11,R,1,PHA,NYA,1,0,1,0,1,,37,6,13,15,0,1,0,,5,,1,0,5,1,0,1,1,0,2,0,7,1,1,0,0,0,1,0,1,0,27,41,34,8,6,9,17,1,2,1,0,3,0,4,1,0,3,1,0,0,0,0,0,0,0,,,1,27,46,27,16,3,1,0,0
PHA190909080,evt,1909-09-08,0,PHI11,R,1,PHA,NYA,1,1,0,0,1,40,33,8,11,19,2,0,2,0,7,,2,0,2,0,2,3,0,2,1,0,8,1,1,0,0,0,1,1,0,0,27,39,37,6,6,11,13,0,1,0,0,2,0,13,0,0,0,0,0,0,0,1,0,7,6,,,1,27,35,27,8,0,0,0,0
PHA190909080,box,1909-09-08,0,PHI11,R,1,PHA,NYA,1,1,0,0,1,,33,8,11,19,2,0,2,,7,,2,0,2,0,2,3,0,2,1,0,8,1,1,0,0,0,1,1,0,0,27,39,37,6,6,11,13,0,1,0,0,2,0,13,0,0,0,0,0,0,0,0,0,0,0,,,1,27,35,27,8,0,0,0,0
PHA190909090,evt,1909-09-09,0,PHI11,R,1,PHA,NYA,1,1,0,0,1,40,34,11,10,19,0,3,1,0,8,,3,0,7,0,1,0,2,7,0,0,5,1,1,1,0,0,0,1,0,0,27,39,35,3,1,5,8,1,1,0,0,3,0,3,0,1,0,0,0,0,0,0,0,13,9,,,1,27,41,27,11,3,0,0,0
PHA190909090,box,1909-09-09,0,PHI11,R,1,PHA,NYA,1,1,0,0,1,,34,11,10,19,0,3,1,,8,,3,0,7,0,1,0,2,7,0,0,5,1,1,1,0,0,0,1,0,0,27,39,35,3,1,5,8,1,1,0,0,3,0,3,0,1,0,0,0,0,0,0,0,0,0,,,1,27,41,27,11,3,0,0,0
PHA190909111,evt,1909-09-11,1,PHI11,R,1,PHA,BOS,1,1,0,0,1,29,27,1,4,6,2,0,0,0,1,,1,0,4,0,0,1,0,0,1,0,4,1,1,1,1,0,0,1,0,0,27,31,30,0,0,7,7,0,0,0,0,1,0,3,2,0,0,0,0,0,0,0,0,14,6,,,1,27,45,27,18,0,2,0,0
PHA190909111,box,1909-09-11,1,PHI11,R,1,PHA,BOS,1,1,0,0,1,,27,1,4,6,2,0,0,,1,,1,0,4,0,0,1,0,0,1,0,4,1,1,1,1,0,0,1,0,0,27,31,30,0,0,7,7,0,0,0,0,1,0,3,2,0,0,0,0,0,0,0,0,0,0,,,1,27,45,27,18,0,2,0,0
PHA190909112,evt,1909-09-11,2,PHI11,R,1,PHA,BOS,1,0,1,0,1,34,31,0,4,4,0,0,0,0,0,,2,0,3,0,0,1,0,2,1,0,7,1,1,1,0,0,0,0,1,0,27,30,29,1,1,4,7,3,0,0,0,1,0,6,1,0,0,0,0,0,0,0,0,11,7,,,1,27,42,27,14,1,1,0,0
PHA190909112,box,1909-09-11,2,PHI11,R,1,PHA,BOS,1,0,1,0,1,,31,0,4,4,0,0,0,,0,,2,0,3,0,0,1,0,2,1,0,7,1,1,1,0,0,0,0,1,0,27,30,29,1,1,4,7,3,0,0,0,1,0,6,1,0,0,0,0,0,0,0,0,0,0,,,1,27,42,27,14,1,1,0,0
NYA190909130,evt,1909-09-13,0,NYC13,R,0,PHA,NYA,1,1,0,0,1,42,34,10,13,24,2,3,1,0,10,,6,0,1,0,1,1,0,2,4,0,5,1,1,1,0,0,0,1,0,0,27,38,32,2,2,7,9,0,1,0,0,3,0,3,1,2,1,0,0,0,0,0,0,9,11,,,1,27,40,27,12,1,1,0,0
NYA190909130,box,1909-09-13,0,NYC13,R,0,PHA,NYA,1,1,0,0,1,,34,10,13,24,2,3,1,,10,,6,0,1,0,1,1,0,2,4,0,5,1,1,1,0,0,0,1,0,0,27,38,32,2,2,7,9,0,1,0,0,3,0,3,1,2,1,0,0,0,0,0,0,0,0,,,1,27,40,27,12,1,1,0,0
NYA190909141,evt,1909-09-14,1,NYC13,R,0,PHA,NYA,1,1,0,0,1,38,29,5,8,10,2,0,0,0,4,,6,0,2,0,2,0,1,1,2,0,6,1,1,1,0,0,0,1,0,0,27,35,34,4,4,9,9,0,0,0,0,1,0,5,1,0,0,0,0,0,0,0,0,12,8,,,1,27,40,27,13,0,1,0,0
NYA190909141,box,1909-09-14,1,NYC13,R,0,PHA,NYA,1,1,0,0,1,,29,5,8,10,2,0,0,,4,,6,0,2,0,2,0,1,1,2,0,6,1,1,1,0,0,0,1,0,0,27,35,34,4,4,9,9,0,0,0,0,1,0,5,1,0,0,0,0,0,0,0,0,0,0,,,1,27,40,27,13,0,1,0,0
NYA190909142,evt,1909-09-14,2,NYC13,R,0,PHA,NYA,1,1,0,0,1,35,31,3,9,15,2,2,0,0,3,,2,0,4,0,0,1,1,0,1,0,8,1,1,1,0,0,0,1,0,0,24,32,26,2,2,6,9,3,0,0,0,5,0,4,0,0,1,0,0,0,0,0,0,5,10,,,1,24,33,24,9,0,1,0,0
NYA190909142,box,1909-09-14,2,NYC13,R,0,PHA,NYA,1,1,0,0,1,,31,3,9,15,2,2,0,,3,,2,0,4,0,0,1,1,0,1,0,8,1,1,1,0,0,0,1,0,0,24,32,26,2,2,6,9,3,0,0,0,5,0,4,0,0,1,0,0,0,0,0,0,0,0,,,1,24,33,24,9,0,1,0,0
NYA190909150,evt,1909-09-15,0,NYC13,R,0,PHA,NYA,1,0,1,0,1,33,31,2,7,8,1,0,0,0,1,,2,0,4,0,0,0,0,0,2,0,4,1,1,0,0,0,1,0,1,0,26,38,35,3,3,10,14,2,1,0,0,1,0,3,0,1,1,0,0,0,0,0,0,11,9,,,1,26,40,26,12,2,0,0,0
NYA190909150,box,1909-09-15,0,NYC13,R,0,PHA,NYA,1,0,1,0,1,,31,2,7,8,1,0,0,,1,,2,0,4,0,0,0,0,0,2,0,4,1,1,0,0,0,1,0,1,0,26,38,35,3,3,10,14,2,1,0,0,1,0,3,0,1,1,0,0,0,0,0,0,0,0,,,1,26,40,26,12,2,0,0,0
PHA190909160,evt,1909-09-16,0,PHI11,R,1,PHA,DET,1,1,0,0,1,31,28,2,6,7,1,0,0,0,1,,2,0,5,0,0,1,0,0,0,0,5,1,1,1,0,0,0,1,0,0,27,36,30,1,1,6,8,2,0,0,0,4,1,5,1,1,1,0,0,0,0,0,0,9,9,,,1,27,37,27,10,0,1,0,0
PHA190909160,box,1909-09-16,0,PHI11,R,1,PHA,DET,1,1,0,0,1,,28,2,6,7,1,0,0,,1,,2,0,5,0,0,1,0,0,0,0,5,1,1,1,0,0,0,1,0,0,27,36,30,1,1,6,8,2,0,0,0,4,1,5,1,1,1,0,0,0,0,0,0,0,0,,,1,27,37,27,10,0,1,0,0
PHA190909170,evt,1909-09-17,0,PHI11,R,1,PHA,DET,1,0,1,0,1,37,30,3,7,8,1,0,0,0,3,,4,0,3,1,0,2,1,1,1,0,7,1,1,1,0,0,0,0,1,0,27,40,28,5,5,8,8,0,0,0,0,4,0,8,0,1,4,3,0,0,0,0,0,7,6,,,1,27,41,27,12,2,0,0,0
PHA190909170,box,1909-09-17,0,PHI11,R,1,PHA,DET,1,0,1,0,1,,30,3,7,8,1,0,0,,3,,4,0,3,1,0,2,1,1,1,0,7,1,1,1,0,0,0,0,1,0,27,40,28,5,5,8,8,0,0,0,0,4,0,8,0,1,4,3,0,0,0,0,0,0,0,,,1,27,41,27,12,2,0,0,0
PHA190909180,evt,1909-09-18,0,PHI11,R,1,PHA,DET,1,1,0,0,1,30,26,2,5,6,1,0,0,0,1,,2,0,5,0,0,2,0,1,1,0,4,1,1,1,1,0,0,1,0,0,27,30,28,0,0,3,3,0,0,0,0,1,0,9,0,0,1,0,0,0,0,0,0,6,9,,,1,27,37,27,9,1,0,0,0
PHA190909180,box,1909-09-18,0,PHI11,R,1,PHA,DET,1,1,0,0,1,,26,2,5,6,1,0,0,,1,,2,0,5,0,0,2,0,1,1,0,4,1,1,1,1,0,0,1,0,0,27,30,28,0,0,3,3,0,0,0,0,1,0,9,0,0,1,0,0,0,0,0,0,0,0,,,1,27,37,27,9,1,0,0,0
PHA190909200,evt,1909-09-20,0,PHI11,R,1,PHA,DET,1,1,0,0,1,30,29,4,8,9,1,0,0,0,3,,1,0,1,2,0,0,0,2,1,0,2,1,1,1,0,0,0,1,0,0,27,33,29,3,1,6,6,0,0,0,0,3,0,3,1,0,0,1,0,0,0,0,0,10,10,,,1,27,41,27,13,1,2,0,0
PHA190909200,box,1909-09-20,0,PHI11,R,1,PHA,DET,1,1,0,0,1,,29,4,8,9,1,0,0,,3,,1,0,1,2,0,0,0,2,1,0,2,1,1,1,0,0,0,1,0,0,27,33,29,3,1,6,6,0,0,0,0,3,0,3,1,0,0,1,0,0,0,0,0,0,0,,,1,27,41,27,13,1,2,0,0
PHA190909210,evt,1909-09-21,0,PHI11,R,1,PHA,SLA,1,0,1,0,1,33,27,1,3,5,2,0,0,0,0,,6,0,7,0,0,0,0,0,2,0,5,1,1,1,0,0,0,0,1,0,27,34,29,2,0,6,6,0,0,0,0,3,0,3,1,0,2,0,0,1,0,0,0,9,8,,,1,27,45,27,15,3,1,0,0
PHA190909210,box,1909-09-21,0,PHI11,R,1,PHA,SLA,1,0,1,0,1,,27,1,3,5,2,0,0,,0,,6,0,7,0,0,0,0,0,2,0,5,1,1,1,0,0,0,0,1,0,27,34,29,2,0,6,6,0,0,0,0,3,0,3,1,0,2,0,0,1,0,0,0,0,0,,,1,27,45,27,15,3,1,0,0
PHA190909220,evt,1909-09-22,0,PHI11,R,1,PHA,SLA,1,1,0,0,1,33,30,6,9,19,3,2,1,0,6,,1,0,1,0,0,1,1,0,0,0,3,1,1,0,0,0,1,1,0,0,27,38,35,2,2,9,9,0,0,0,0,1,0,11,0,0,1,1,0,0,0,2,0,9,6,,,1,27,38,27,9,2,0,0,0
PHA190909220,box,1909-09-22,0,PHI11,R,1,PHA,SLA,1,1,0,0,1,,30,6,9,19,3,2,1,,6,,1,0,1,0,0,1,1,0,0,0,3,1,1,0,0,0,1,1,0,0,27,38,35,2,2,9,9,0,0,0,0,1,0,11,0,0,1,1,0,0,0,0,0,0,0,,,1,27,38,27,9,2,0,0,0
PHA190909230,evt,1909-09-23,0,PHI11,R,1,PHA,SLA,1,1,0,0,1,36,34,6,12,18,0,3,0,0,6,,0,0,0,0,0,0,2,4,0,0,6,1,1,0,0,0,1,1,0,0,27,36,35,2,2,9,12,3,0,0,0,1,0,7,0,0,0,0,0,0,0,1,0,7,12,,,1,27,34,27,7,0,0,0,0
PHA190909230,box,1909-09-23,0,PHI11,R,1,PHA,SLA,1,1,0,0,1,,34,6,12,18,0,3,0,,6,,0,0,0,0,0,0,2,4,0,0,6,1,1,0,0,0,1,1,0,0,27,36,35,2,2,9,12,3,0,0,0,1,0,7,0,0,0,0,0,0,0,0,0,0,0,,,1,27,34,27,7,0,0,0,0
PHA190909251,evt,1909-09-25,1,PHI11,R,1,PHA,CLE,1,1,0,0,1,39,35,5,14,19,1,2,0,0,5,,1,0,1,0,0,3,0,2,1,0,10,1,1,1,1,0,0,1,0,0,27,33,31,0,0,4,4,0,0,0,0,1,0,4,0,0,1,0,0,0,0,0,0,10,9,,,1,27,44,27,14,3,1,0,0
PHA190909251,box,1909-09-25,1,PHI11,R,1,PHA,CLE,1,1,0,0,1,,35,5,14,19,1,2,0,,5,,1,0,1,0,0,3,0,2,1,0,10,1,1,1,1,0,0,1,0,0,27,33,31,0,0,4,4,0,0,0,0,1,0,4,0,0,1,0,0,0,0,0,0,0,0,,,1,27,44,27,14,3,1,0,0
PHA190909252,evt,1909-09-25,2,PHI11,R,1,PHA,CLE,1,1,0,0,1,34,32,3,7,8,1,0,0,0,3,,2,0,7,0,0,0,0,0,1,0,7,1,1,1,1,0,0,1,0,0,27,30,30,0,0,7,7,0,0,0,0,0,0,2,0,0,0,0,0,0,0,0,0,11,9,,,1,27,43,27,16,0,1,0,0
PHA190909252,box,1909-09-25,2,PHI11,R,1,PHA,CLE,1,1,0,0,1,,32,3,7,8,1,0,0,,3,,2,0,7,0,0,0,0,0,1,0,7,1,1,1,1,0,0,1,0,0,27,30,30,0,0,7,7,0,0,0,0,0,0,2,0,0,0,0,0,0,0,0,0,0,0,,,1,27,43,27,16,0,1,0,0
PHA190909270,evt,1909-09-27,0,PHI11,R,1,PHA,CLE,1,0,1,0,1,37,27,4,7,10,1,1,0,0,4,,6,0,4,2,1,2,1,4,1,0,6,1,1,0,0,0,1,0,1,0,27,41,37,5,4,13,18,2,0,1,0,3,2,8,0,0,1,0,0,1,0,0,0,8,8,,,1,27,44,27,13,4,1,0,0
PHA190909270,box,1909-09-27,0,PHI11,R,1,PHA,CLE,1,0,1,0,1,,27,4,7,10,1,1,0,,4,,6,0,4,2,1,2,1,4,1,0,6,1,1,0,0,0,1,0,1,0,27,41,37,5,4,13,18,2,0,1,0,3,2,8,0,0,1,0,0,1,0,0,0,0,0,,,1,27,44,27,13,4,1,0,0
PHA190909280,evt,1909-09-28,0,PHI11,R,1,PHA,CLE,1,1,0,0,1,35,30,7,10,17,3,2,0,0,6,,2,0,3,1,2,1,0,3,2,0,4,1,1,1,1,0,0,1,0,0,27,33,31,0,0,5,5,0,0,0,0,2,0,5,0,0,0,0,0,0,0,0,0,13,7,,,1,27,43,27,13,3,0,0,0
PHA190909280,box,1909-09-28,0,PHI11,R,1,PHA,CLE,1,1,0,0,1,,30,7,10,17,3,2,0,,6,,2,0,3,1,2,1,0,3,2,0,4,1,1,1,1,0,0,1,0,0,27,33,31,0,0,5,5,0,0,0,0,2,0,5,0,0,0,0,0,0,0,0,0,0,0,,,1,27,43,27,13,3,0,0,0
PHA190909291,evt,1909-09-29,1,PHI11,R,1,PHA,CHA,1,0,1,0,1,35,34,1,7,7,0,0,0,0,1,,1,0,7,2,0,0,0,2,2,0,4,1,1,1,0,0,0,0,1,0,30,39,35,2,1,5,5,0,0,0,0,3,1,4,1,1,0,0,0,0,0,0,0,14,9,,,1,30,48,30,14,4,2,0,0
PHA190909291,box,1909-09-29,1,PHI11,R,1,PHA,CHA,1,0,1,0,1,,34,1,7,7,0,0,0,,1,,1,0,7,2,0,0,0,2,2,0,4,1,1,1,0,0,0,0,1,0,30,39,35,2,1,5,5,0,0,0,0,3,1,4,1,1,0,0,0,0,0,0,0,0,0,,,1,30,48,30,14,4,2,0,0
PHA190909292,evt,1909-09-29,2,PHI11,R,1,PHA,CHA,1,1,0,0,1,41,37,10,11,12,1,0,0,0,6,,4,0,6,1,0,0,0,5,0,0,7,1,1,1,0,0,0,1,0,0,27,33,32,1,0,6,6,0,0,0,0,1,0,5,1,0,0,0,0,0,0,0,0,13,7,,,1,27,43,27,14,2,1,0,0
PHA190909292,box,1909-09-29,2,PHI11,R,1,PHA,CHA,1,1,0,0,1,,37,10,11,12,1,0,0,,6,,4,0,6,1,0,0,0,5,0,0,7,1,1,1,0,0,0,1,0,0,27,33,32,1,0,6,6,0,0,0,0,1,0,5,1,0,0,0,0,0,0,0,0,0,0,,,1,27,43,27,14,2,1,0,0
PHA190909301,evt,1909-09-30,1,PHI11,R,1,PHA,CHA,1,0,1,0,1,39,33,3,8,13,1,2,0,0,3,,4,0,6,0,2,0,0,0,1,0,9,1,1,1,0,0,0,0,1,0,27,45,32,8,3,7,9,2,0,0,0,7,0,7,1,0,5,1,0,0,0,0,0,4,9,,,1,27,47,27,13,7,1,0,0
PHA190909301,box,1909-09-30,1,PHI11,R,1,PHA,CHA,1,0,1,0,1,,33,3,8,13,1,2,0,,3,,4,0,6,0,2,0,0,0,1,0,9,1,1,1,0,0,0,0,1,0,27,45,32,8,3,7,9,2,0,0,0,7,0,7,1,0,5,1,0,0,0,0,0,0,0,,,1,27,47,27,13,7,1,0,0
PHA190909302,evt,1909-09-30,2,PHI11,R,1,PHA,CHA,1,0,1,0,1,36,32,4,7,11,2,1,0,0,2,,3,0,1,1,1,0,0,0,1,0,5,1,1,0,0,0,1,0,1,0,27,43,38,6,6,11,12,1,0,0,0,4,0,4,1,1,0,0,0,1,0,0,0,12,9,,,1,27,46,27,16,3,1,0,0
PHA190909302,box,1909-09-30,2,PHI11,R,1,PHA,CHA,1,0,1,0,1,,32,4,7,11,2,1,0,,2,,3,0,1,1,1,0,0,0,1,0,5,1,1,0,0,0,1,0,1,0,27,43,38,6,6,11,12,1,0,0,0,4,0,4,1,1,0,0,0,1,0,0,0,0,0,,,1,27,45,27,15,3,1,0,0
PHA190910010,evt,1909-10-01,0,PHI11,R,1,PHA,CHA,1,0,1,0,1,38,34,3,12,17,3,1,0,0,2,,2,0,4,0,0,2,0,1,2,0,8,1,1,1,0,0,0,0,1,0,27,40,35,4,4,9,15,2,2,0,0,2,0,7,0,0,3,0,0,1,0,0,0,10,7,,,1,27,46,27,16,3,1,0,0
PHA190910010,box,1909-10-01,0,PHI11,R,1,PHA,CHA,1,0,1,0,1,,34,3,12,17,3,1,0,,2,,2,0,4,0,0,2,0,1,2,0,8,1,1,1,0,0,0,0,1,0,27,40,35,4,4,9,15,2,2,0,0,2,0,7,0,0,3,0,0,1,0,0,0,0,0,,,1,27,47,27,17,3,1,0,0
PHA190910021,evt,1909-10-02,1,PHI11,R,1,PHA,WS1,1,1,0,0,1,35,32,6,8,10,2,0,0,0,5,,2,0,1,0,0,0,1,2,0,0,5,1,1,0,0,0,1,1,0,0,27,42,35,5,3,9,9,0,0,0,0,5,0,4,0,1,1,0,0,0,0,0,0,10,11,,,1,27,42,27,13,2,0,0,0
PHA190910021,box,1909-10-02,1,PHI11,R,1,PHA,WS1,1,1,0,0,1,,32,6,8,10,2,0,0,,5,,2,0,1,0,0,0,1,2,0,0,5,1,1,0,0,0,1,1,0,0,27,42,35,5,3,9,9,0,0,0,0,5,0,4,0,1,1,0,0,0,0,0,0,0,0,,,1,27,42,27,13,2,0,0,0
PHA190910022,evt,1909-10-02,2,PHI11,R,1,PHA,WS1,1,1,0,0,1,40,34,7,13,16,1,1,0,0,7,,3,0,4,0,0,1,2,1,0,0,9,1,1,1,0,0,0,1,0,0,27,35,31,2,0,7,8,1,0,0,0,2,0,4,0,0,1,1,0,1,0,0,0,6,14,,,1,27,39,27,8,4,1,0,0
PHA190910022,box,1909-10-02,2,PHI11,R,1,PHA,WS1,1,1,0,0,1,,34,7,13,16,1,1,0,,7,,3,0,4,0,0,1,2,1,0,0,9,1,1,1,0,0,0,1,0,0,27,35,31,2,0,7,8,1,0,0,0,2,0,4,0,0,1,1,0,1,0,0,0,0,0,,,1,27,39,27,8,4,1,0,0
BSN190904140,evt,1909-04-14,0,BOS05,R,0,PHI,BSN,1,0,1,0,1,38,30,5,10,14,4,0,0,0,5,,3,0,5,0,2,2,1,0,1,0,6,1,1,0,0,0,1,0,1,0,24,41,40,9,9,18,24,3,0,1,0,1,0,2,0,0,0,0,0,2,0,2,2,9,11,,,1,24,36,24,12,0,0,0,0
BSN190904140,box,1909-04-14,0,BOS05,R,0,PHI,BSN,1,0,1,0,1,,30,5,10,14,4,0,0,,5,,3,0,5,0,2,2,1,0,1,0,6,1,1,0,0,0,1,0,1,0,24,41,40,9,9,18,24,3,0,1,0,1,0,2,0,0,0,0,0,2,0,0,0,0,0,,,1,24,36,24,12,0,0,0,0
BSN190904160,evt,1909-04-16,0,BOS05,R,0,PHI,BSN,1,0,1,0,1,33,30,0,5,7,2,0,0,0,0,,2,0,1,1,0,1,0,1,0,0,6,1,1,1,0,0,0,0,1,0,24,28,25,2,2,4,4,0,0,0,0,2,0,3,1,0,1,0,0,1,0,0,0,13,5,,,1,24,41,24,16,1,1,0,0
BSN190904160,box,1909-04-16,0,BOS05,R,0,PHI,BSN,1,0,1,0,1,,30,0,5,7,2,0,0,,0,,2,0,1,1,0,1,0,1,0,0,6,1,1,1,0,0,0,0,1,0,24,28,25,2,2,4,4,0,0,0,0,2,0,3,1,0,1,0,0,1,0,0,0,0,0,,,1,24,41,24,16,1,1,0,0
NY1190904170,evt,1909-04-17,0,NYC10,R,0,PHI,NY1,1,0,1,0,1,30,29,1,3,3,0,0,0,0,0,,1,0,8,1,0,0,0,0,0,0,2,1,1,1,0,0,0,0,1,0,24,35,32,4,4,10,13,1,1,0,0,1,0,2,0,1,0,1,0,0,0,0,0,10,8,,,1,24,40,24,16,0,0,0,0
NY1190904170,box,1909-04-17,0,NYC10,R,0,PHI,NY1,1,0,1,0,1,,29,1,3,3,0,0,0,,0,,1,0,8,1,0,0,0,0,0,0,2,1,1,1,0,0,0,0,1,0,24,35,32,4,4,10,13,1,1,0,0,1,0,2,0,1,0,1,0,0,0,0,0,0,0,,,1,24,40,24,16,0,0,0,0
NY1190904190,evt,1909-04-19,0,NYC10,R,0,PHI,NY1,1,1,0,0,1,32,29,3,4,6,2,0,0,0,2,,1,0,4,0,1,1,0,0,1,0,2,1,1,1,0,0,0,1,0,0,27,34,31,2,2,4,7,1,1,0,0,2,0,2,0,0,0,1,0,1,0,0,0,7,17,,,1,27,35,27,6,2,0,0,0
NY1190904190,box,1909-04-19,0,NYC10,R,0,PHI,NY1,1,1,0,0,1,,29,3,4,6,2,0,0,,2,,1,0,4,0,1,1,0,0,1,0,2,1,1,1,0,0,0,1,0,0,27,34,31,2,2,4,7,1,1,0,0,2,0,2,0,0,0,1,0,1,0,0,0,0,0,,,1,27,35,27,6,2,0,0,0
PHI190904220,evt,1909-04-22,0,PHI09,R,1,PHI,BSN,1,1,0,0,1,36,27,4,7,9,2,0,0,0,3,,5,0,1,0,1,3,0,1,1,0,8,1,1,1,1,0,0,1,0,0,27,33,29,0,0,4,5,1,0,0,0,3,0,6,0,0,1,0,0,0,0,0,0,12,6,,,1,27,40,27,13,0,1,0,0
PHI190904220,box,1909-04-22,0,PHI09,R,1,PHI,BSN,1,1,0,0,1,,27,4,7,9,2,0,0,,3,,5,0,1,0,1,3,0,1,1,0,8,1,1,1,1,0,0,1,0,0,27,33,29,0,0,4,5,1,0,0,0,3,0,6,0,0,1,0,0,0,0,0,0,0,0,,,1,27,40,27,13,0,1,0,0
PHI190904240,evt,1909-04-24,0,PHI09,R,1,PHI,BSN,1,1,0,0,1,31,24,4,6,11,2,0,1,0,4,,4,0,0,0,1,1,1,0,4,0,3,1,1,1,1,0,0,1,0,0,27,32,31,0,0,4,4,0,0,0,0,1,0,0,2,0,0,0,0,0,0,0,0,14,11,,,1,27,43,27,14,2,2,0,0
PHI190904240,box,1909-04-24,0,PHI09,R,1,PHI,BSN,1,1,0,0,1,,24,4,6,11,2,0,1,,4,,4,0,0,0,1,1,1,0,4,0,3,1,1,1,1,0,0,1,0,0,27,32,31,0,0,4,4,0,0,0,0,1,0,0,2,0,0,0,0,0,0,0,0,0,0,,,1,27,43,27,14,2,2,0,0
PHI190904260,evt,1909-04-26,0,PHI09,R,1,PHI,BRO,1,1,0,0,1,40,38,6,13,18,5,0,0,0,5,,0,0,3,0,0,2,0,3,0,0,10,1,1,0,0,0,1,1,0,1,27,38,32,4,3,7,8,1,0,0,0,4,0,6,1,1,0,1,0,0,0,2,1,12,7,,,1,27,40,27,12,1,2,0,2
PHI190904260,box,1909-04-26,0,PHI09,R,1,PHI,BRO,1,1,0,0,1,,38,6,13,18,5,0,0,,5,,0,0,3,0,0,2,0,3,0,0,10,1,1,0,0,0,1,1,0,1,27,38,32,4,3,7,8,1,0,0,0,4,0,6,1,1,0,1,0,0,0,0,0,0,0,,,1,27,40,27,12,1,2,0,2
PHI190904270,evt,1909-04-27,0,PHI09,R,1,PHI,BRO,1,1,0,0,1,30,25,3,6,6,0,0,0,0,2,,2,0,6,0,1,2,0,1,4,0,3,1,1,1,0,0,0,1,0,0,27,38,35,2,1,9,11,0,1,0,0,2,0,4,0,0,1,0,0,0,0,0,0,11,9,,,1,27,44,27,15,2,1,0,0
PHI190904270,box,1909-04-27,0,PHI09,R,1,PHI,BRO,1,1,0,0,1,,25,3,6,6,0,0,0,,2,,2,0,6,0,1,2,0,1,4,0,3,1,1,1,0,0,0,1,0,0,27,38,35,2,1,9,11,0,1,0,0,2,0,4,0,0,1,0,0,0,0,0,0,0,0,,,1,27,44,27,15,2,1,0,0
PHI190904280,evt,1909-04-28,0,PHI09,R,1,PHI,BRO,1,0,1,0,1,40,29,1,8,8,0,0,0,0,1,,6,0,5,0,1,3,1,1,2,0,12,1,1,1,0,0,0,0,1,0,27,36,31,6,6,6,10,2,1,0,0,3,0,4,0,0,1,1,0,0,0,0,0,14,6,,,1,27,44,27,15,2,0,0,0
PHI190904280,box,1909-04-28,0,PHI09,R,1,PHI,BRO,1,0,1,0,1,,29,1,8,8,0,0,0,,1,,6,0,5,0,1,3,1,1,2,0,12,1,1,1,0,0,0,0,1,0,27,36,31,6,6,6,10,2,1,0,0,3,0,4,0,0,1,1,0,0,0,0,0,0,0,,,1,27,44,27,15,2,0,0,0
PHI190904300,evt,1909-04-30,0,PHI09,R,1,PHI,NY1,1,1,0,0,1,33,31,2,5,8,3,0,0,0,1,,1,1,8,0,0,1,0,1,0,0,5,1,1,1,0,0,0,1,0,0,27,33,30,1,1,4,7,0,0,1,0,3,0,6,0,0,0,0,0,0,0,0,0,9,11,,,1,27,36,27,9,0,0,0,0
PHI190904300,box,1909-04-30,0,PHI09,R,1,PHI,NY1,1,1,0,0,1,,31,2,5,8,3,0,0,,1,,1,1,8,0,0,1,0,1,0,0,5,1,1,1,0,0,0,1,0,0,27,33,30,1,1,4,7,0,0,1,0,3,0,6,0,0,0,0,0,0,0,0,0,0,0,,,1,27,36,27,9,0,0,0,0
PHI190905030,evt,1909-05-03,0,PHI09,R,1,PHI,NY1,1,1,0,0,1,35,28,5,7,7,0,0,0,0,4,,4,0,3,1,0,2,1,1,1,0,6,1,1,1,0,0,0,1,0,0,27,32,28,1,1,3,4,1,0,0,0,0,0,5,0,1,3,0,0,0,0,0,0,11,8,,,1,27,43,27,14,2,1,0,0
PHI190905030,box,1909-05-03,0,PHI09,R,1,PHI,NY1,1,1,0,0,1,,28,5,7,7,0,0,0,,4,,4,0,3,1,0,2,1,1,1,0,6,1,1,1,0,0,0,1,0,0,27,32,28,1,1,3,4,1,0,0,0,0,0,5,0,1,3,0,0,0,0,0,0,0,0,,,1,27,43,27,14,2,1,0,0
PHI190905040,evt,1909-05-04,0,PHI09,R,1,PHI,NY1,1,1,0,0,1,40,33,5,11,12,1,0,0,0,4,,7,0,7,0,0,0,0,2,1,0,11,1,1,1,0,0,0,1,0,0,27,37,32,2,2,7,7,0,0,0,0,4,0,2,0,0,1,0,0,0,0,0,0,12,11,,,1,27,40,27,13,0,1,0,0
PHI190905040,box,1909-05-04,0,PHI09,R,1,PHI,NY1,1,1,0,0,1,,33,5,11,12,1,0,0,,4,,7,0,7,0,0,0,0,2,1,0,11,1,1,1,0,0,0,1,0,0,27,37,32,2,2,7,7,0,0,0,0,4,0,2,0,0,1,0,0,0,0,0,0,0,0,,,1,27,40,27,13,0,1,0,0
BRO190905050,evt,1909-05-05,0,NYC12,R,0,PHI,BRO,1,0,1,0,1,38,35,3,8,10,0,1,0,0,2,,1,0,8,0,1,1,0,1,0,0,8,1,1,0,0,0,1,0,1,0,24,36,30,8,8,10,14,0,2,0,0,5,0,7,0,0,1,0,0,0,0,0,0,8,5,,,1,24,37,24,12,1,0,0,0
BRO190905050,box,1909-05-05,0,NYC12,R,0,PHI,BRO,1,0,1,0,1,,35,3,8,10,0,1,0,,2,,1,0,8,0,1,1,0,1,0,0,8,1,1,0,0,0,1,0,1,0,24,36,30,8,8,10,14,0,2,0,0,5,0,7,0,0,1,0,0,0,0,0,0,0,0,,,1,24,37,24,12,1,0,0,0
BRO190905060,evt,1909-05-06,0,NYC12,R,0,PHI,BRO,1,0,1,0,1,35,29,1,4,6,2,0,0,0,1,,4,0,1,1,0,2,0,0,0,0,7,1,1,0,0,0,1,0,1,0,24,34,30,7,2,7,10,1,1,0,0,3,0,5,0,0,1,0,0,0,0,0,0,7,8,,,1,24,38,24,10,4,1,0,0
BRO190905060,box,1909-05-06,0,NYC12,R,0,PHI,BRO,1,0,1,0,1,,29,1,4,6,2,0,0,,1,,4,0,1,1,0,2,0,0,0,0,7,1,1,0,0,0,1,0,1,0,24,34,30,7,2,7,10,1,1,0,0,3,0,5,0,0,1,0,0,0,0,0,0,0,0,,,1,24,38,24,10,4,1,0,0
BRO190905070,evt,1909-05-07,0,NYC12,R,0,PHI,BRO,1,1,0,0,1,36,31,4,9,11,2,0,0,0,3,,3,0,6,2,0,2,0,2,0,0,5,1,1,1,0,0,0,1,0,0,27,36,33,1,1,8,9,1,0,0,0,2,0,8,0,1,0,0,0,1,0,0,0,11,4,,,1,27,38,27,11,0,0,0,0
BRO190905070,box,1909-05-07,0,NYC12,R,0,PHI,BRO,1,1,0,0,1,,31,4,9,11,2,0,0,,3,,3,0,6,2,0,2,0,2,0,0,5,1,1,1,0,0,0,1,0,0,27,36,33,1,1,8,9,1,0,0,0,2,0,8,0,1,0,0,0,1,0,0,0,0,0,,,1,27,38,27,11,0,0,0,0
BRO190905080,evt,1909-05-08,0,NYC12,R,0,PHI,BRO,1,1,0,0,1,39,37,8,13,15,0,1,0,0,6,,0,0,6,0,0,1,1,2,3,0,4,1,1,1,0,0,0,1,0,0,27,38,35,2,1,8,8,0,0,0,0,3,0,7,1,0,0,0,0,0,0,0,0,9,9,,,1,27,39,27,10,2,1,0,0
BRO190905080,box,1909-05-08,0,NYC12,R,0,PHI,BRO,1,1,0,0,1,,37,8,13,15,0,1,0,,6,,0,0,6,0,0,1,1,2,3,0,4,1,1,1,0,0,0,1,0,0,27,38,35,2,1,8,8,0,0,0,0,3,0,7,1,0,0,0,0,0,0,0,0,0,0,,,1,27,39,27,10,2,1,0,0
BRO190905100,evt,1909-05-10,0,NYC12,R,0,PHI,BRO,1,0,1,0,1,37,35,2,7,8,1,0,0,0,2,,2,0,3,0,0,0,0,0,1,0,8,1,1,0,0,0,1,0,1,0,24,34,32,4,3,9,10,1,0,0,0,2,0,2,0,0,0,0,0,1,0,0,0,12,9,,,1,24,36,23,11,2,0,0,0
BRO190905100,box,1909-05-10,0,NYC12,R,0,PHI,BRO,1,0,1,0,1,,35,2,7,8,1,0,0,,2,,2,0,3,0,0,0,0,0,1,0,8,1,1,0,0,0,1,0,1,0,24,34,32,4,3,9,10,1,0,0,0,2,0,2,0,0,0,0,0,1,0,0,0,0,0,,,1,24,36,23,11,2,0,0,0
PHI190905110,evt,1909-05-11,0,PHI09,R,1,PHI,PIT,1,0,1,0,1,30,28,1,3,4,1,0,0,0,0,,2,0,4,1,0,0,0,0,0,0,2,1,1,0,0,0,1,0,1,0,27,45,37,7,6,14,16,0,1,0,0,6,0,7,0,0,2,0,0,1,0,0,0,6,8,,,1,27,43,27,13,3,1,0,1
PHI190905110,box,1909-05-11,0,PHI09,R,1,PHI,PIT,1,0,1,0,1,,28,1,3,4,1,0,0,,0,,2,0,4,1,0,0,0,0,0,0,2,1,1,0,0,0,1,0,1,0,27,45,37,7,6,14,16,0,1,0,0,6,0,7,0,0,2,0,0,1,0,0,0,0,0,,,1,27,43,27,13,3,1,0,1
PHI190905120,evt,1909-05-12,0,PHI09,R,1,PHI,PIT,1,1,0,0,1,33,28,3,5,5,0,0,0,0,2,,2,0,0,0,1,2,0,0,0,0,6,1,1,1,0,0,0,1,0,0,27,37,34,1,0,5,6,1,0,0,0,3,0,2,0,0,0,0,0,0,0,0,0,12,13,,,1,27,41,27,12,2,0,0,0
PHI190905120,box,1909-05-12,0,PHI09,R,1,PHI,PIT,1,1,0,0,1,,28,3,5,5,0,0,0,,2,,2,0,0,0,1,2,0,0,0,0,6,1,1,1,0,0,0,1,0,0,27,37,34,1,0,5,6,1,0,0,0,3,0,2,0,0,0,0,0,0,0,0,0,0,0,,,1,27,41,27,12,2,0,0,0
PHI190905130,evt,1909-05-13,0,PHI09,R,1,PHI,PIT,1,0,1,0,1,36,31,4,10,13,1,1,0,0,4,,3,0,1,0,0,1,1,2,2,0,5,1,1,1,0,0,0,0,1,0,27,43,33,6,3,8,10,2,0,0,0,8,1,3,0,1,1,0,0,0,0,0,0,17,3,,,1,27,19,12,4,3,0,0,0
PHI190905130,box,1909-05-13,0,PHI09,R,1,PHI,PIT,1,0,1,0,1,,31,4,10,13,1,1,0,,4,,3,0,1,0,0,1,1,2,2,0,5,1,1,1,0,0,0,0,1,0,27,43,33,6,3,8,10,2,0,0,0,8,1,3,0,1,1,0,0,0,0,0,0,0,0,,,1,27,45,27,15,3,0,0,0
PHI190905140,evt,1909-05-14,0,PHI09,R,1,PHI,PIT,1,1,0,0,1,30,25,2,4,4,0,0,0,0,2,,2,0,2,0,1,2,0,0,1,0,4,1,1,1,1,0,0,1,0,0,27,32,28,0,0,4,6,0,1,0,0,2,0,2,0,0,2,0,0,0,0,0,0,11,11,,,1,27,40,27,13,0,1,0,0
PHI190905140,box,1909-05-14,0,PHI09,R,1,PHI,PIT,1,1,0,0,1,,25,2,4,4,0,0,0,,2,,2,0,2,0,1,2,0,0,1,0,4,1,1,1,1,0,0,1,0,0,27,32,28,0,0,4,6,0,1,0,0,2,0,2,0,0,2,0,0,0,0,0,0,0,0,,,1,27,40,27,13,0,1,0,0
PHI190905150,evt,1909-05-15,0,PHI09,R,1,PHI,CHN,1,0,1,0,1,32,29,0,6,8,2,0,0,0,0,,2,0,5,0,0,1,0,1,2,0,5,1,1,1,0,0,0,0,1,0,27,36,33,3,3,7,10,3,0,0,0,3,0,4,0,0,0,0,0,0,0,0,0,10,11,,,1,27,42,27,12,3,0,0,0
PHI190905150,box,1909-05-15,0,PHI09,R,1,PHI,CHN,1,0,1,0,1,,29,0,6,8,2,0,0,,0,,2,0,5,0,0,1,0,1,2,0,5,1,1,1,0,0,0,0,1,0,27,36,33,3,3,7,10,3,0,0,0,3,0,4,0,0,0,0,0,0,0,0,0,0,0,,,1,27,42,27,12,3,0,0,0
PHI190905170,evt,1909-05-17,0,PHI09,R,1,PHI,CHN,1,0,1,0,1,36,32,1,8,8,0,0,0,0,1,,2,0,2,1,1,1,0,0,2,0,8,1,1,0,0,0,1,0,1,0,27,41,36,8,7,11,15,0,2,0,0,3,0,6,0,1,1,0,0,0,0,1,1,8,9,,,1,27,42,27,13,2,0,0,1
PHI190905170,box,1909-05-17,0,PHI09,R,1,PHI,CHN,1,0,1,0,1,,32,1,8,8,0,0,0,,1,,2,0,2,1,1,1,0,0,2,0,8,1,1,0,0,0,1,0,1,0,27,41,36,8,7,11,15,0,2,0,0,3,0,6,0,1,1,0,0,0,0,0,0,0,0,,,1,27,42,27,13,2,0,0,1
PHI190905180,evt,1909-05-18,0,PHI09,R,1,PHI,CHN,1,0,1,0,1,36,33,2,8,10,2,0,0,0,2,,2,0,5,0,0,1,0,0,0,0,7,1,1,0,0,0,1,0,1,0,27,34,30,3,3,9,14,2,0,1,0,2,0,2,0,0,2,0,0,0,0,0,0,8,10,,,1,27,42,27,15,0,0,0,0
PHI190905180,box,1909-05-18,0,PHI09,R,1,PHI,CHN,1,0,1,0,1,,33,2,8,10,2,0,0,,2,,2,0,5,0,0,1,0,0,0,0,7,1,1,0,0,0,1,0,1,0,27,34,30,3,3,9,14,2,0,1,0,2,0,2,0,0,2,0,0,0,0,0,0,0,0,,,1,27,42,27,15,0,0,0,0
PHI190905190,evt,1909-05-19,0,PHI09,R,1,PHI,CHN,1,1,0,0,1,36,28,4,7,8,1,0,0,0,4,,3,0,5,1,2,3,0,2,0,0,8,1,1,0,0,0,1,1,0,1,27,32,32,2,2,6,8,2,0,0,0,0,0,7,0,0,0,0,0,0,0,1,0,2,17,,,1,27,33,27,6,0,0,0,0
PHI190905190,box,1909-05-19,0,PHI09,R,1,PHI,CHN,1,1,0,0,1,,28,4,7,8,1,0,0,,4,,3,0,5,1,2,3,0,2,0,0,8,1,1,0,0,0,1,1,0,1,27,32,32,2,2,6,8,2,0,0,0,0,0,7,0,0,0,0,0,0,0,0,0,0,0,,,1,27,33,27,6,0,0,0,0
PHI190905200,evt,1909-05-20,0,PHI09,R,1,PHI,SLN,1,1,0,0,1,37,32,5,10,13,1,1,0,0,4,,5,0,2,0,0,0,0,5,1,0,8,1,1,0,0,0,1,1,0,0,27,40,34,1,1,8,11,1,1,0,0,6,0,9,0,0,0,0,0,0,0,2,0,6,10,,,1,27,36,27,7,2,0,0,1
PHI190905200,box,1909-05-20,0,PHI09,R,1,PHI,SLN,1,1,0,0,1,,32,5,10,13,1,1,0,,4,,5,0,2,0,0,0,0,5,1,0,8,1,1,0,0,0,1,1,0,0,27,40,34,1,1,8,11,1,1,0,0,6,0,9,0,0,0,0,0,0,0,0,0,0,0,,,1,27,36,27,7,2,0,0,1
PHI190905240,evt,1909-05-24,0,PHI09,R,1,PHI,CIN,1,0,1,0,1,39,29,1,7,9,0,1,0,0,1,,6,0,2,0,0,3,1,1,2,0,11,1,1,0,0,0,1,0,1,0,27,39,32,5,2,6,7,1,0,0,0,5,0,3,1,1,1,0,0,0,0,0,0,13,8,,,1,27,44,27,15,2,1,0,1
PHI190905240,box,1909-05-24,0,PHI09,R,1,PHI,CIN,1,0,1,0,1,,29,1,7,9,0,1,0,,1,,6,0,2,0,0,3,1,1,2,0,11,1,1,0,0,0,1,0,1,0,27,39,32,5,2,6,7,1,0,0,0,5,0,3,1,1,1,0,0,0,0,0,0,0,0,,,1,27,44,27,15,2,1,0,1
PHI190905250,evt,1909-05-25,0,PHI09,R,1,PHI,CIN,1,0,1,0,1,32,28,0,2,2,0,0,0,0,0,,2,0,2,1,0,2,0,1,0,0,5,1,1,1,0,0,0,0,1,0,27,29,28,1,1,4,7,0,0,1,0,1,0,6,1,0,0,0,0,0,0,0,0,8,10,,,1,27,42,27,13,2,1,0,0
PHI190905250,box,1909-05-25,0,PHI09,R,1,PHI,CIN,1,0,1,0,1,,28,0,2,2,0,0,0,,0,,2,0,2,1,0,2,0,1,0,0,5,1,1,1,0,0,0,0,1,0,27,29,28,1,1,4,7,0,0,1,0,1,0,6,1,0,0,0,0,0,0,0,0,0,0,,,1,27,41,27,12,2,1,0,0
PHI190905260,evt,1909-05-26,0,PHI09,R,1,PHI,CIN,1,1,0,0,1,36,28,5,6,7,1,0,0,0,3,,8,0,0,1,0,0,0,4,0,0,7,1,1,1,0,0,0,1,0,0,27,33,25,2,2,6,6,0,0,0,0,4,0,2,0,0,4,0,0,0,0,0,0,8,9,,,1,27,43,27,16,0,0,0,0
PHI190905260,box,1909-05-26,0,PHI09,R,1,PHI,CIN,1,1,0,0,1,,28,5,6,7,1,0,0,,3,,8,0,0,1,0,0,0,4,0,0,7,1,1,1,0,0,0,1,0,0,27,33,25,2,2,6,6,0,0,0,0,4,0,2,0,0,4,0,0,0,0,0,0,0,0,,,1,27,43,27,16,0,0,0,0
NY1190905281,evt,1909-05-28,1,NYC10,R,0,PHI,NY1,1,1,0,0,1,46,38,11,14,15,1,0,0,0,8,,5,0,1,0,1,2,0,3,0,0,8,1,1,1,0,0,0,1,0,0,27,36,33,1,1,7,10,1,1,0,0,3,0,4,0,0,0,0,0,0,0,0,0,10,10,,,1,27,40,27,12,1,0,0,0
NY1190905281,box,1909-05-28,1,NYC10,R,0,PHI,NY1,1,1,0,0,1,,38,11,14,15,1,0,0,,8,,5,0,1,0,1,2,0,3,0,0,8,1,1,1,0,0,0,1,0,0,27,36,33,1,1,7,10,1,1,0,0,3,0,4,0,0,0,0,0,0,0,0,0,0,0,,,1,27,40,27,12,1,0,0,0
NY1190905282,evt,1909-05-28,2,NYC10,R,0,PHI,NY1,1,0,1,0,1,21,21,0,2,2,0,0,0,0,0,,0,0,4,0,0,0,0,0,0,0,3,1,1,1,0,0,0,0,1,0,18,24,22,3,3,7,9,2,0,0,0,1,0,4,0,0,1,0,0,0,0,0,0,4,7,,,1,18,26,18,8,0,0,0,0
NY1190905282,box,1909-05-28,2,NYC10,R,0,PHI,NY1,1,0,1,0,1,,21,0,2,2,0,0,0,,0,,0,0,1,0,0,0,0,0,0,0,3,1,1,1,0,0,0,0,1,0,18,24,22,3,3,7,9,2,0,0,0,1,0,4,0,0,1,0,0,0,0,0,0,0,0,,,1,18,26,18,8,0,0,0,0
NY1190905290,evt,1909-05-29,0,NYC10,R,0,PHI,NY1,1,1,0,0,1,38,34,3,7,7,0,0,0,0,2,,3,0,3,0,0,1,0,0,1,0,8,1,1,0,0,0,1,1,0,0,27,37,32,2,1,6,6,0,0,0,0,3,0,2,0,1,0,1,0,1,0,2,2,8,16,,,1,27,38,27,10,1,0,0,0
NY1190905290,box,1909-05-29,0,NYC10,R,0,PHI,NY1,1,1,0,0,1,,34,3,7,7,0,0,0,,2,,3,0,3,0,0,1,0,0,1,0,8,1,1,0,0,0,1,1,0,0,27,37,32,2,1,6,6,0,0,0,0,3,0,2,0,1,0,1,0,1,0,0,0,0,0,,,1,27,38,27,10,1,0,0,0
NY1190905311,evt,1909-05-31,1,NYC10,R,0,PHI,NY1,1,0,1,0,1,35,31,2,7,11,2,1,0,0,2,,3,0,2,0,0,1,0,0,0,0,6,1,1,0,0,0,1,0,1,0,24,34,29,3,3,9,11,0,1,0,0,4,0,1,1,1,0,0,0,0,0,0,0,6,11,,,1,24,36,24,11,1,2,0,0
NY1190905311,box,1909-05-31,1,NYC10,R,0,PHI,NY1,1,0,1,0,1,,31,2,7,11,2,1,0,,2,,3,0,2,0,0,1,0,0,0,0,6,1,1,0,0,0,1,0,1,0,24,34,29,3,3,9,11,0,1,0,0,4,0,1,1,1,0,0,0,0,0,0,0,0,0,,,1,24,36,24,11,1,2,0,0
NY1190905312,evt,1909-05-31,2,NYC10,R,0,PHI,NY1,1,0,1,0,1,35,32,4,6,13,0,2,1,0,4,,2,0,4,0,0,1,0,0,1,0,4,1,1,0,0,0,1,0,1,0,24,37,30,5,4,7,12,0,1,1,0,4,0,1,0,0,3,0,0,0,0,0,0,18,2,,,1,24,27,13,10,4,1,0,1
NY1190905312,box,1909-05-31,2,NYC10,R,0,PHI,NY1,1,0,1,0,1,,32,4,6,13,0,2,1,,4,,2,0,,0,0,1,0,0,1,0,4,1,1,0,0,0,1,0,1,0,24,37,30,5,4,7,12,0,1,1,0,4,0,,0,0,3,0,0,0,0,0,0,0,0,,,1,24,42,24,14,4,1,0,1
CHN190906030,evt,1909-06-03,0,CHI08,R,0,PHI,CHN,1,0,1,0,1,47,42,3,8,9,1,0,0,0,2,,3,0,8,0,0,2,0,1,1,0,8,1,1,1,0,0,0,0,1,0,35,52,42,4,2,9,9,0,0,0,0,7,0,5,0,0,3,0,0,0,0,0,0,11,14,,,1,35,56,35,16,5,0,0,0
CHN190906030,box,1909-06-03,0,CHI08,R,0,PHI,CHN,1,0,1,0,1,,42,3,8,9,1,0,0,,2,,3,0,8,0,0,2,0,1,1,0,8,1,1,1,0,0,0,0,1,0,35,52,42,4,2,9,9,0,0,0,0,7,0,5,0,0,3,0,0,0,0,0,0,0,0,,,1,35,56,35,16,5,0,0,0
CHN190906050,evt,1909-06-05,0,CHI08,R,0,PHI,CHN,1,0,1,0,1,35,34,0,5,6,1,0,0,0,0,,1,0,3,0,0,0,0,0,0,0,8,1,1,0,0,0,1,0,1,0,24,32,27,2,2,6,8,2,0,0,0,3,0,3,0,0,2,0,0,0,0,0,0,6,11,,,1,24,35,24,10,1,0,0,0
CHN190906050,box,1909-06-05,0,CHI08,R,0,PHI,CHN,1,0,1,0,1,,34,0,5,6,1,0,0,,0,,1,0,3,0,0,0,0,0,0,0,8,1,1,0,0,0,1,0,1,0,24,32,27,2,2,6,8,2,0,0,0,3,0,3,0,0,2,0,0,0,0,0,0,0,0,,,1,24,35,24,10,1,0,0,0
CHN190906060,evt,1909-06-06,0,CHI08,R,0,PHI,CHN,1,0,1,0,1,42,39,0,5,5,0,0,0,0,0,,0,0,2,0,1,2,0,1,0,0,6,1,1,1,0,0,0,0,1,0,33,39,34,1,1,5,6,1,0,0,0,2,0,8,0,0,3,0,0,0,0,0,0,11,9,,,1,33,53,33,18,2,0,0,0
CHN190906060,box,1909-06-06,0,CHI08,R,0,PHI,CHN,1,0,1,0,1,,39,0,5,5,0,0,0,,0,,0,0,2,0,1,2,0,1,0,0,6,1,1,1,0,0,0,0,1,0,33,39,34,1,1,5,6,1,0,0,0,2,0,8,0,0,3,0,0,0,0,0,0,0,0,,,1,33,53,33,18,2,0,0,0
PIT190906070,evt,1909-06-07,0,PIT05,R,0,PHI,PIT,1,0,1,0,1,34,33,3,7,8,1,0,0,0,3,,0,0,3,0,0,0,1,0,0,0,4,1,1,0,0,0,1,0,1,0,24,33,31,4,4,7,11,2,1,0,0,2,0,3,0,0,0,0,0,0,0,1,1,7,13,,,1,24,32,24,7,1,0,0,0
PIT190906070,box,1909-06-07,0,PIT05,R,0,PHI,PIT,1,0,1,0,1,,33,3,7,8,1,0,0,,3,,0,0,3,0,0,0,1,0,0,0,4,1,1,0,0,0,1,0,1,0,24,33,31,4,4,7,11,2,1,0,0,2,0,3,0,0,0,0,0,0,0,0,0,0,0,,,1,24,32,24,7,1,0,0,0
PIT190906080,evt,1909-06-08,0,PIT05,R,0,PHI,PIT,1,0,1,0,1,39,31,3,11,15,2,1,0,0,3,,3,0,3,1,0,5,0,0,1,0,9,1,1,0,0,0,1,0,1,0,25,36,29,4,3,9,11,2,0,0,0,5,0,3,2,0,2,0,0,0,0,2,0,7,9,,,1,25,39,25,13,1,3,0,0
PIT190906080,box,1909-06-08,0,PIT05,R,0,PHI,PIT,1,0,1,0,1,,31,3,11,15,2,1,0,,3,,3,0,3,1,0,5,0,0,1,0,9,1,1,0,0,0,1,0,1,0,25,36,29,4,3,9,11,2,0,0,0,5,0,3,2,0,2,0,0,0,0,0,0,0,0,,,1,25,39,25,13,1,3,0,0
PIT190906090,evt,1909-06-09,0,PIT05,R,0,PHI,PIT,1,0,1,0,1,34,30,0,6,7,1,0,0,0,0,,4,1,4,1,0,0,0,0,2,0,7,1,1,0,0,0,1,0,1,0,24,36,31,6,5,11,14,1,1,0,0,2,0,1,0,0,1,2,0,0,0,0,0,9,12,,,1,24,39,24,13,2,0,0,0
PIT190906090,box,1909-06-09,0,PIT05,R,0,PHI,PIT,1,0,1,0,1,,30,0,6,7,1,0,0,,0,,4,1,4,1,0,0,0,0,2,0,7,1,1,0,0,0,1,0,1,0,24,36,31,6,5,11,14,1,1,0,0,2,0,1,0,0,1,2,0,0,0,0,0,0,0,,,1,24,39,24,13,2,0,0,0
SLN190906110,evt,1909-06-11,0,STL05,R,0,PHI,SLN,1,1,0,0,1,35,32,4,10,14,2,1,0,0,3,,0,0,4,0,0,2,1,0,1,0,4,1,1,1,1,0,0,1,0,0,27,32,28,0,0,3,3,0,0,0,0,3,0,6,0,1,0,0,0,1,0,0,0,8,10,,,1,27,40,27,12,1,0,0,0
SLN190906110,box,1909-06-11,0,STL05,R,0,PHI,SLN,1,1,0,0,1,,32,4,10,14,2,1,0,,3,,0,0,4,0,0,2,1,0,1,0,4,1,1,1,1,0,0,1,0,0,27,32,28,0,0,3,3,0,0,0,0,3,0,6,0,1,0,0,0,1,0,0,0,0,0,,,1,27,40,27,12,1,0,0,0
SLN190906120,evt,1909-06-12,0,STL05,R,0,PHI,SLN,1,1,0,0,1,41,35,3,10,11,1,0,0,0,3,,5,0,3,0,0,1,0,0,0,0,11,1,1,1,0,0,0,1,0,0,27,31,27,2,0,2,2,0,0,0,0,4,0,3,1,0,0,0,0,0,0,0,0,10,11,,,1,27,30,21,8,1,2,0,0
SLN190906120,box,1909-06-12,0,STL05,R,0,PHI,SLN,1,1,0,0,1,,35,3,10,11,1,0,0,,3,,5,0,3,0,0,1,0,0,0,0,11,1,1,1,0,0,0,1,0,0,27,31,27,2,0,2,2,0,0,0,0,4,0,,1,0,0,0,0,0,0,0,0,0,0,,,1,27,42,27,14,1,2,0,0
SLN190906130,evt,1909-06-13,0,STL05,R,0,PHI,SLN,1,1,0,0,1,45,40,10,15,22,3,2,0,0,9,,2,0,3,0,0,3,0,1,0,0,8,1,1,0,0,0,1,1,0,0,27,42,38,4,4,12,13,1,0,0,0,3,0,3,1,1,0,0,0,0,0,1,1,20,3,,,1,27,12,9,3,0,1,0,0
SLN190906130,box,1909-06-13,0,STL05,R,0,PHI,SLN,1,1,0,0,1,,40,10,15,22,3,2,0,,9,,2,0,3,0,0,3,0,1,0,0,8,1,1,0,0,0,1,1,0,0,27,42,38,4,4,12,13,1,0,0,0,3,0,3,1,1,0,0,0,0,0,0,0,0,0,,,1,27,37,27,10,0,1,0,0
SLN190906140,evt,1909-06-14,0,STL05,R,0,PHI,SLN,1,1,0,0,1,41,32,7,10,14,2,1,0,0,7,,3,0,2,0,1,3,2,2,0,0,7,1,1,1,0,0,0,1,0,0,27,39,31,1,1,5,5,0,0,0,0,5,0,4,0,3,0,0,0,0,0,0,0,9,13,,,1,27,32,25,7,0,1,0,0
SLN190906140,box,1909-06-14,0,STL05,R,0,PHI,SLN,1,1,0,0,1,,32,7,10,14,2,1,0,,7,,3,0,0,0,1,3,2,2,0,0,7,1,1,1,0,0,0,1,0,0,27,39,31,1,1,5,5,0,0,0,0,5,0,,0,3,0,0,0,0,0,0,0,0,0,,,1,27,34,27,7,0,1,0,0
CIN190906160,evt,1909-06-16,0,CIN06,R,0,PHI,CIN,1,1,0,0,1,36,33,7,9,16,0,2,1,0,6,,2,0,6,1,1,0,0,3,3,0,2,1,1,1,0,0,0,1,0,0,27,35,30,1,1,6,8,0,1,0,0,4,0,3,0,0,1,0,0,0,0,0,0,8,13,,,1,27,38,27,11,0,0,0,0
CIN190906160,box,1909-06-16,0,CIN06,R,0,PHI,CIN,1,1,0,0,1,,33,7,9,16,0,2,1,,6,,2,0,6,1,1,0,0,3,3,0,2,1,1,1,0,0,0,1,0,0,27,35,30,1,1,6,8,0,1,0,0,4,0,3,0,0,1,0,0,0,0,0,0,0,0,,,1,27,38,27,11,0,0,0,0
CIN190906180,evt,1909-06-18,0,CIN06,R,0,PHI,CIN,1,0,1,0,1,36,34,1,7,8,1,0,0,0,1,,1,0,5,0,0,1,0,1,0,0,8,1,1,0,0,0,1,0,1,0,24,36,32,4,2,12,17,3,1,0,0,3,0,1,0,0,1,0,0,1,0,0,0,8,10,,,1,24,40,24,14,2,1,0,0
CIN190906180,box,1909-06-18,0,CIN06,R,0,PHI,CIN,1,0,1,0,1,,34,1,7,8,1,0,0,,1,,1,0,5,0,0,1,0,1,0,0,8,1,1,0,0,0,1,0,1,0,24,36,32,4,2,12,17,3,1,0,0,3,0,1,0,0,1,0,0,1,0,0,0,0,0,,,1,24,40,24,14,2,1,0,0
CIN190906190,evt,1909-06-19,0,CIN06,R,0,PHI,CIN,1,1,0,0,1,32,27,2,3,3,0,0,0,0,2,,3,0,3,1,0,1,1,1,0,0,3,1,1,1,1,0,0,1,0,0,27,31,29,0,0,3,3,0,0,0,0,2,0,5,0,0,0,0,0,0,0,0,0,11,9,,,1,27,37,27,9,1,0,0,0
CIN190906190,box,1909-06-19,0,CIN06,R,0,PHI,CIN,1,1,0,0,1,,27,2,3,3,0,0,0,,2,,3,0,3,1,0,1,1,1,0,0,3,1,1,1,1,0,0,1,0,0,27,31,29,0,0,3,3,0,0,0,0,2,0,,0,0,0,0,0,0,0,0,0,0,0,,,1,27,37,27,9,1,0,0,0
CIN190906200,evt,1909-06-20,0,CIN06,R,0,PHI,CIN,1,1,0,0,1,60,54,4,14,19,3,1,0,0,4,,2,1,1,3,1,0,3,0,1,0,11,1,1,0,0,0,1,1,0,0,45,53,50,3,3,9,11,0,1,0,0,2,0,7,1,0,1,0,0,0,0,0,0,32,2,,,1,45,15,12,3,0,1,0,0
CIN190906200,box,1909-06-20,0,CIN06,R,0,PHI,CIN,1,1,0,0,1,,54,4,14,19,3,1,0,,4,,2,1,1,3,1,0,3,0,1,0,11,1,1,0,0,0,1,1,0,0,45,53,50,3,3,9,11,0,1,0,0,2,0,7,1,0,1,0,0,0,0,0,0,0,0,,,1,45,64,45,19,0,1,0,0
PIT190906210,evt,1909-06-21,0,PIT05,R,0,PHI,PIT,1,0,1,0,1,39,35,3,9,14,1,2,0,0,3,,3,0,3,0,0,0,1,0,0,0,9,1,1,1,0,0,0,0,1,0,24,33,30,5,4,7,9,0,1,0,0,3,1,2,0,0,0,0,0,0,0,0,0,10,10,,,1,24,39,24,12,3,1,0,0
PIT190906210,box,1909-06-21,0,PIT05,R,0,PHI,PIT,1,0,1,0,1,,35,3,9,14,1,2,0,,3,,3,0,3,0,0,0,1,0,0,0,9,1,1,1,0,0,0,0,1,0,24,33,30,5,4,7,9,0,1,0,0,3,1,2,0,0,0,0,0,0,0,0,0,0,0,,,1,24,39,24,12,3,1,0,0
BRO190906231,evt,1909-06-23,1,NYC12,R,0,PHI,BRO,1,0,1,0,1,34,26,0,3,3,0,0,0,0,0,,6,0,5,0,0,2,0,0,1,0,7,1,1,1,0,0,0,0,1,0,24,32,30,2,1,6,7,1,0,0,0,2,0,5,0,0,0,0,0,1,0,0,0,4,13,,,1,24,32,23,6,3,0,0,0
BRO190906231,box,1909-06-23,1,NYC12,R,0,PHI,BRO,1,0,1,0,1,,26,0,3,3,0,0,0,,0,,6,0,5,0,0,2,0,0,1,0,7,1,1,1,0,0,0,0,1,0,24,32,30,2,1,6,7,1,0,0,0,2,0,5,0,0,0,0,0,1,0,0,0,0,0,,,1,24,32,23,6,3,0,0,0
BRO190906232,evt,1909-06-23,2,NYC12,R,0,PHI,BRO,1,0,1,0,1,35,32,1,7,8,1,0,0,0,1,,1,0,5,1,0,2,0,0,0,0,7,1,1,1,0,0,0,0,1,0,24,35,29,5,4,8,12,2,1,0,0,5,0,4,0,0,1,0,0,0,0,0,0,3,11,,,1,24,34,24,8,2,0,0,0
BRO190906232,box,1909-06-23,2,NYC12,R,0,PHI,BRO,1,0,1,0,1,,32,1,7,8,1,0,0,,1,,1,0,5,1,0,2,0,0,0,0,7,1,1,1,0,0,0,0,1,0,24,35,29,5,4,8,12,2,1,0,0,5,0,4,0,0,1,0,0,0,0,0,0,0,0,,,1,24,34,24,8,2,0,0,0
BRO190906240,evt,1909-06-24,0,NYC12,R,0,PHI,BRO,1,0,1,0,1,39,37,3,11,12,1,0,0,0,3,,1,0,6,0,0,1,0,0,0,0,9,1,1,0,0,0,1,0,1,0,24,36,32,6,6,12,20,0,4,0,0,3,0,1,1,0,1,0,0,0,0,0,0,12,7,,,1,24,40,24,16,0,1,0,0
BRO190906240,box,1909-06-24,0,NYC12,R,0,PHI,BRO,1,0,1,0,1,,37,3,11,12,1,0,0,,3,,1,0,6,0,0,1,0,0,0,0,9,1,1,0,0,0,1,0,1,0,24,36,32,6,6,12,20,0,4,0,0,3,0,1,1,0,1,0,0,0,0,0,0,0,0,,,1,24,40,24,16,0,1,0,0
BSN190906250,evt,1909-06-25,0,BOS05,R,0,PHI,BSN,1,1,0,0,1,41,32,6,11,11,0,0,0,0,6,,3,0,1,0,1,4,1,2,1,0,8,1,1,1,1,0,0,1,0,0,27,33,30,0,0,4,5,1,0,0,0,2,0,3,0,0,1,0,0,0,0,0,0,12,10,,,1,27,43,27,15,1,0,0,0
BSN190906250,box,1909-06-25,0,BOS05,R,0,PHI,BSN,1,1,0,0,1,,32,6,11,11,0,0,0,,6,,3,0,1,0,1,4,1,2,1,0,8,1,1,1,1,0,0,1,0,0,27,33,30,0,0,4,5,1,0,0,0,2,0,3,0,0,1,0,0,0,0,0,0,0,0,,,1,27,43,27,15,1,0,0,0
BSN190906261,evt,1909-06-26,1,BOS05,R,0,PHI,BSN,1,0,1,0,1,36,27,3,5,5,0,0,0,0,1,,6,0,1,0,0,2,1,2,0,0,6,1,1,1,0,0,0,0,1,0,24,37,34,6,6,11,18,1,0,2,0,1,0,5,0,0,1,1,0,1,0,0,0,8,9,,,1,24,40,24,14,2,1,0,0
BSN190906261,box,1909-06-26,1,BOS05,R,0,PHI,BSN,1,0,1,0,1,,27,3,5,5,0,0,0,,1,,6,0,1,0,0,2,1,2,0,0,6,1,1,1,0,0,0,0,1,0,24,37,34,6,6,11,18,1,0,2,0,1,0,5,0,0,1,1,0,1,0,0,0,0,0,,,1,24,39,24,13,2,1,0,0
BSN190906262,evt,1909-06-26,2,BOS05,R,0,PHI,BSN,1,0,1,0,1,40,38,3,11,11,0,0,0,0,3,,1,0,5,0,0,0,1,1,0,0,10,1,1,0,0,0,1,0,1,0,24,37,32,7,7,10,14,2,1,0,0,3,0,8,0,0,2,0,0,0,0,1,0,5,8,,,1,24,35,24,10,1,0,0,0
BSN190906262,box,1909-06-26,2,BOS05,R,0,PHI,BSN,1,0,1,0,1,,38,3,11,11,0,0,0,,3,,1,0,5,0,0,0,1,1,0,0,10,1,1,0,0,0,1,0,1,0,24,37,32,7,7,10,14,2,1,0,0,3,0,8,0,0,2,0,0,0,0,0,0,0,0,,,1,24,35,24,10,1,0,0,0
BSN190906280,evt,1909-06-28,0,BOS05,R,0,PHI,BSN,1,1,0,0,1,40,37,5,11,12,1,0,0,0,4,,1,0,0,0,1,1,0,2,0,0,8,1,1,0,0,0,1,1,0,1,27,38,31,3,3,9,12,1,1,0,0,4,0,3,1,0,2,1,0,0,0,0,0,11,8,,,1,27,43,27,14,2,1,0,0
BSN190906280,box,1909-06-28,0,BOS05,R,0,PHI,BSN,1,1,0,0,1,,37,5,11,12,1,0,0,,4,,1,0,0,0,1,1,0,2,0,0,8,1,1,0,0,0,1,1,0,1,27,38,31,3,3,9,12,1,1,0,0,4,0,3,1,0,2,1,0,0,0,0,0,0,0,,,1,27,43,27,14,2,1,0,0
PHI190906290,evt,1909-06-29,0,PHI09,R,1,PHI,BSN,1,1,0,0,1,33,26,4,6,10,2,1,0,0,2,,4,0,0,0,0,3,0,0,1,0,5,1,1,1,0,0,0,1,0,0,27,35,33,3,2,6,7,1,0,0,0,1,0,4,1,0,1,0,0,0,0,0,0,13,8,,,1,27,40,27,11,2,1,0,0
PHI190906290,box,1909-06-29,0,PHI09,R,1,PHI,BSN,1,1,0,0,1,,26,4,6,10,2,1,0,,2,,4,0,0,0,0,3,0,0,1,0,5,1,1,1,0,0,0,1,0,0,27,35,33,3,2,6,7,1,0,0,0,1,0,4,1,0,1,0,0,0,0,0,0,0,0,,,1,27,40,27,11,2,1,0,0
PHI190906300,evt,1909-06-30,0,PHI09,R,1,PHI,BSN,1,0,1,0,1,37,30,0,4,5,1,0,0,0,0,,3,0,4,0,1,3,0,2,0,0,10,1,1,1,0,0,0,0,1,0,27,31,28,1,1,5,8,1,1,0,0,2,0,4,0,0,1,0,0,0,0,0,0,12,7,,,1,27,44,27,17,0,1,0,0
PHI190906300,box,1909-06-30,0,PHI09,R,1,PHI,BSN,1,0,1,0,1,,30,0,4,5,1,0,0,,0,,3,0,4,0,1,3,0,2,0,0,10,1,1,1,0,0,0,0,1,0,27,31,28,1,1,5,8,1,1,0,0,2,0,4,0,0,1,0,0,0,0,0,0,0,0,,,1,27,44,27,17,0,1,0,0
PHI190907021,evt,1909-07-02,1,PHI09,R,1,PHI,BSN,1,1,0,0,1,46,43,5,13,16,3,0,0,0,4,,3,0,3,1,0,0,0,4,0,0,10,1,1,0,0,0,1,1,0,0,33,44,34,4,3,7,11,2,1,0,0,7,0,0,0,0,3,0,0,0,0,1,0,16,9,,,1,33,59,33,24,2,0,0,0
PHI190907021,box,1909-07-02,1,PHI09,R,1,PHI,BSN,1,1,0,0,1,,43,5,13,16,3,0,0,,4,,3,0,3,1,0,0,0,4,0,0,10,1,1,0,0,0,1,1,0,0,33,44,34,4,3,7,11,2,1,0,0,7,0,0,0,0,3,0,0,0,0,0,0,0,0,,,1,33,59,33,24,2,0,0,0
PHI190907022,evt,1909-07-02,2,PHI09,R,1,PHI,BSN,1,0,1,0,1,29,28,0,2,4,2,0,0,0,0,,1,0,0,0,0,0,0,0,0,0,2,1,1,1,0,0,0,0,1,0,27,36,33,3,3,10,13,1,1,0,0,2,0,5,0,0,1,0,0,0,0,0,0,5,12,,,1,27,38,27,11,0,0,0,0
PHI190907022,box,1909-07-02,2,PHI09,R,1,PHI,BSN,1,0,1,0,1,,28,0,2,4,2,0,0,,0,,1,0,0,0,0,0,0,0,0,0,2,1,1,1,0,0,0,0,1,0,27,36,33,3,3,10,13,1,1,0,0,2,0,5,0,0,1,0,0,0,0,0,0,0,0,,,1,27,38,27,11,0,0,0,0
PHI190907031,evt,1909-07-03,1,PHI09,R,1,PHI,BSN,1,1,0,0,1,46,35,7,12,17,1,2,0,0,6,,7,0,0,0,2,1,1,2,0,0,14,1,1,0,0,0,1,1,0,0,27,39,33,6,6,8,9,1,0,0,0,3,0,1,0,0,2,1,0,0,0,0,0,12,11,,,1,27,45,27,14,4,1,0,0
PHI190907031,box,1909-07-03,1,PHI09,R,1,PHI,BSN,1,1,0,0,1,,35,7,12,17,1,2,0,,6,,7,0,0,0,2,1,1,2,0,0,14,1,1,0,0,0,1,1,0,0,27,39,33,6,6,8,9,1,0,0,0,3,0,1,0,0,2,1,0,0,0,0,0,0,0,,,1,27,46,27,15,4,1,0,0
PHI190907032,evt,1909-07-03,2,PHI09,R,1,PHI,BSN,1,0,1,0,1,33,31,0,5,6,1,0,0,0,0,,1,0,1,0,0,1,0,1,0,0,6,1,1,0,0,0,1,0,1,0,27,43,34,4,3,9,14,2,0,1,0,4,0,7,0,2,3,0,0,0,0,1,0,7,8,,,1,27,42,27,13,2,0,0,1
PHI190907032,box,1909-07-03,2,PHI09,R,1,PHI,BSN,1,0,1,0,1,,31,0,5,6,1,0,0,,0,,1,0,1,0,0,1,0,1,0,0,6,1,1,0,0,0,1,0,1,0,27,43,34,4,3,9,14,2,0,1,0,4,0,7,0,2,3,0,0,0,0,0,0,0,0,,,1,27,42,27,13,2,0,0,1
PHI190907051,evt,1909-07-05,1,PHI09,R,1,PHI,NY1,1,0,1,0,1,30,30,0,3,3,0,0,0,0,0,,0,0,4,0,0,0,0,0,0,0,3,1,1,1,0,0,0,0,1,0,27,35,32,3,1,10,10,0,0,0,0,2,0,4,0,0,1,0,0,0,0,0,0,8,9,,,1,27,42,27,13,2,0,0,0
PHI190907051,box,1909-07-05,1,PHI09,R,1,PHI,NY1,1,0,1,0,1,,30,0,3,3,0,0,0,,0,,0,0,4,0,0,0,0,0,0,0,3,1,1,1,0,0,0,0,1,0,27,35,32,3,1,10,10,0,0,0,0,2,0,4,0,0,1,0,0,0,0,0,0,0,0,,,1,27,42,27,13,2,0,0,0
PHI190907052,evt,1909-07-05,2,PHI09,R,1,PHI,NY1,1,0,1,0,1,60,52,2,10,12,2,0,0,0,1,,2,2,8,0,1,5,0,2,2,0,13,1,1,0,0,0,1,0,1,0,45,60,52,3,2,9,14,5,0,0,0,7,0,6,1,1,0,0,0,1,0,0,0,20,14,,,1,45,71,45,23,3,2,0,0
PHI190907052,box,1909-07-05,2,PHI09,R,1,PHI,NY1,1,0,1,0,1,,52,2,10,12,2,0,0,,1,,2,2,8,0,1,5,0,2,2,0,13,1,1,0,0,0,1,0,1,0,45,60,52,3,2,9,14,5,0,0,0,7,0,6,1,1,0,0,0,1,0,0,0,0,0,,,1,45,71,45,23,3,2,0,0
PHI190907060,evt,1909-07-06,0,PHI09,R,1,PHI,NY1,1,1,0,0,1,33,25,3,5,5,0,0,0,0,3,,5,0,1,2,1,1,1,3,0,0,6,1,1,1,0,0,0,1,0,0,27,30,30,1,0,6,7,1,0,0,0,0,0,5,1,0,0,0,0,0,0,0,0,9,9,,,1,27,39,27,11,1,1,0,0
PHI190907060,box,1909-07-06,0,PHI09,R,1,PHI,NY1,1,1,0,0,1,,25,3,5,5,0,0,0,,3,,5,0,1,2,1,1,1,3,0,0,6,1,1,1,0,0,0,1,0,0,27,30,30,1,0,6,7,1,0,0,0,0,0,5,1,0,0,0,0,0,0,0,0,0,0,,,1,27,39,27,11,1,1,0,0
PHI190907070,evt,1909-07-07,0,PHI09,R,1,PHI,NY1,1,0,1,0,1,36,31,1,8,9,1,0,0,0,1,,3,0,2,3,1,1,0,0,0,0,8,1,1,0,0,0,1,0,1,0,27,38,26,3,3,3,5,0,1,0,0,12,0,5,0,0,0,0,0,0,0,3,3,11,7,,,1,27,42,27,15,0,1,0,1
PHI190907070,box,1909-07-07,0,PHI09,R,1,PHI,NY1,1,0,1,0,1,,31,1,8,9,1,0,0,,1,,3,0,2,3,1,1,0,0,0,0,8,1,1,0,0,0,1,0,1,0,27,38,26,3,3,3,5,0,1,0,0,12,0,5,0,0,0,0,0,0,0,0,0,0,0,,,1,27,42,27,15,0,1,0,1
PHI190907080,evt,1909-07-08,0,PHI09,R,1,PHI,CHN,1,0,1,0,1,33,30,3,6,12,3,0,1,0,3,,2,0,6,0,0,0,1,0,0,0,3,1,1,0,0,0,1,0,1,0,27,45,32,8,7,12,17,0,1,1,0,9,0,2,0,0,1,3,0,0,0,1,0,5,13,,,1,27,47,27,18,2,0,0,0
PHI190907080,box,1909-07-08,0,PHI09,R,1,PHI,CHN,1,0,1,0,1,,30,3,6,12,3,0,1,,3,,2,0,6,0,0,0,1,0,0,0,3,1,1,0,0,0,1,0,1,0,27,45,32,8,7,12,17,0,1,1,0,9,0,2,0,0,1,3,0,0,0,0,0,0,0,,,1,27,47,27,18,2,0,0,0
PHI190907090,evt,1909-07-09,0,PHI09,R,1,PHI,CHN,1,1,0,0,1,36,33,5,11,14,1,1,0,0,4,,2,0,5,0,0,1,0,3,1,0,7,1,1,1,0,0,0,1,0,0,27,39,33,1,1,8,12,2,1,0,0,6,0,10,0,0,0,0,0,0,0,0,0,6,9,,,1,27,35,27,8,0,1,0,1
PHI190907090,box,1909-07-09,0,PHI09,R,1,PHI,CHN,1,1,0,0,1,,33,5,11,14,1,1,0,,4,,2,0,5,0,0,1,0,3,1,0,7,1,1,1,0,0,0,1,0,0,27,39,33,1,1,8,12,2,1,0,0,6,0,10,0,0,0,0,0,0,0,0,0,0,0,,,1,27,35,27,8,0,1,0,1
PHI190907100,evt,1909-07-10,0,PHI09,R,1,PHI,CHN,1,0,1,0,1,37,35,1,8,10,2,0,0,0,1,,0,0,2,0,1,1,0,0,0,0,9,1,1,0,0,0,1,0,1,0,27,46,40,10,10,18,25,4,0,1,0,4,0,3,1,0,2,0,0,1,0,0,0,13,5,,,1,27,46,27,18,1,1,0,0
PHI190907100,box,1909-07-10,0,PHI09,R,1,PHI,CHN,1,0,1,0,1,,35,1,8,10,2,0,0,,1,,0,0,2,0,1,1,0,0,0,0,9,1,1,0,0,0,1,0,1,0,27,46,40,10,10,18,25,4,0,1,0,4,0,3,1,0,2,0,0,1,0,0,0,0,0,,,1,27,46,27,18,1,1,0,0
PHI190907120,evt,1909-07-12,0,PHI09,R,1,PHI,CHN,1,0,1,0,1,32,31,0,3,4,1,0,0,0,0,,1,0,8,0,0,0,0,1,0,0,5,1,1,0,0,0,1,0,1,0,27,36,32,3,0,5,7,0,1,0,0,3,0,4,0,1,0,0,0,1,0,0,0,11,11,,,1,27,39,27,11,1,0,0,0
PHI190907120,box,1909-07-12,0,PHI09,R,1,PHI,CHN,1,0,1,0,1,,31,0,3,4,1,0,0,,0,,1,0,8,0,0,0,0,1,0,0,5,1,1,0,0,0,1,0,1,0,27,36,32,3,0,5,7,0,1,0,0,3,0,4,0,1,0,0,0,1,0,0,0,0,0,,,1,27,39,27,11,1,0,0,0
PHI190907130,evt,1909-07-13,0,PHI09,R,1,PHI,SLN,1,0,1,0,1,30,28,1,2,3,1,0,0,0,0,,1,0,4,0,0,1,0,0,0,0,2,1,1,0,0,0,1,0,1,0,27,34,29,3,3,6,9,1,1,0,0,4,0,7,0,0,0,1,0,0,0,0,0,7,10,,,1,27,37,27,10,0,0,0,0
PHI190907130,box,1909-07-13,0,PHI09,R,1,PHI,SLN,1,0,1,0,1,,28,1,2,3,1,0,0,,0,,1,0,4,0,0,1,0,0,0,0,2,1,1,0,0,0,1,0,1,0,27,34,29,3,3,6,9,1,1,0,0,4,0,7,0,0,0,1,0,0,0,0,0,0,0,,,1,27,37,27,10,0,0,0,0
PHI190907141,evt,1909-07-14,1,PHI09,R,1,PHI,SLN,1,0,1,0,1,50,42,4,9,10,1,0,0,0,4,,7,0,1,0,0,1,0,3,0,0,13,1,1,0,0,0,1,0,1,0,33,47,42,6,6,12,14,0,1,0,0,4,0,12,1,0,0,1,0,0,0,0,0,10,8,,,1,33,47,33,13,1,1,0,2
PHI190907141,box,1909-07-14,1,PHI09,R,1,PHI,SLN,1,0,1,0,1,,42,4,9,10,1,0,0,,4,,7,0,1,0,0,1,0,3,0,0,13,1,1,0,0,0,1,0,1,0,33,47,42,6,6,12,14,0,1,0,0,4,0,12,1,0,0,1,0,0,0,0,0,0,0,,,1,33,47,33,13,1,1,0,2
PHI190907142,evt,1909-07-14,2,PHI09,R,1,PHI,SLN,1,0,1,0,1,32,32,2,9,12,3,0,0,0,2,,0,0,2,0,0,0,0,0,0,0,6,1,1,0,0,0,1,0,1,0,24,44,29,11,9,11,13,0,1,0,0,13,0,2,0,1,0,1,0,2,0,4,1,8,8,,,1,24,32,19,8,5,0,0,2
PHI190907142,box,1909-07-14,2,PHI09,R,1,PHI,SLN,1,0,1,0,1,,32,2,9,12,3,0,0,,2,,0,0,2,0,0,0,0,0,0,0,6,1,1,0,0,0,1,0,1,0,24,44,29,11,9,11,13,0,1,0,0,13,0,2,0,1,0,1,0,2,0,0,0,0,0,,,1,24,45,24,16,5,0,0,2
PHI190907151,evt,1909-07-15,1,PHI09,R,1,PHI,SLN,1,1,0,0,1,39,35,6,13,14,1,0,0,0,5,,2,0,1,0,1,0,1,2,2,0,9,1,1,0,0,0,1,1,0,1,27,39,36,4,2,9,12,1,1,0,0,2,0,3,3,1,0,0,0,0,0,0,0,15,5,,,1,27,49,27,18,4,3,0,0
PHI190907151,box,1909-07-15,1,PHI09,R,1,PHI,SLN,1,1,0,0,1,,35,6,13,14,1,0,0,,5,,2,0,1,0,1,0,1,2,2,0,9,1,1,0,0,0,1,1,0,1,27,39,36,4,2,9,12,1,1,0,0,2,0,3,3,1,0,0,0,0,0,0,0,0,0,,,1,27,49,27,18,4,3,0,0
PHI190907152,evt,1909-07-15,2,PHI09,R,1,PHI,SLN,1,1,0,0,1,58,51,7,15,24,2,2,1,0,5,,6,1,1,1,0,1,0,4,0,0,10,1,1,0,0,0,1,1,0,0,42,55,52,6,5,14,22,4,2,0,0,1,0,3,1,1,1,0,0,0,0,1,1,16,17,,,1,42,53,35,16,2,1,0,0
PHI190907152,box,1909-07-15,2,PHI09,R,1,PHI,SLN,1,1,0,0,1,,51,7,15,24,2,2,1,,5,,6,1,1,1,0,1,0,4,0,0,10,1,1,0,0,0,1,1,0,0,42,55,52,6,5,14,22,4,2,0,0,1,0,3,1,1,1,0,0,0,0,0,0,0,0,,,1,42,61,42,17,2,1,0,0
PHI190907170,evt,1909-07-17,0,PHI09,R,1,PHI,PIT,1,0,1,0,1,39,38,6,12,15,3,0,0,0,6,,1,0,5,2,0,0,0,1,0,0,6,1,1,0,0,0,1,0,1,0,27,45,36,7,3,10,12,0,1,0,0,3,0,4,0,1,3,2,0,0,0,0,0,6,12,,,1,27,44,27,11,6,0,0,0
PHI190907170,box,1909-07-17,0,PHI09,R,1,PHI,PIT,1,0,1,0,1,,38,6,12,15,3,0,0,,6,,1,0,5,2,0,0,0,1,0,0,6,1,1,0,0,0,1,0,1,0,27,45,36,7,3,10,12,0,1,0,0,3,0,4,0,1,3,2,0,0,0,0,0,0,0,,,1,27,45,27,12,6,0,0,0
PHI190907190,evt,1909-07-19,0,PHI09,R,1,PHI,PIT,1,0,1,0,1,35,31,4,5,8,3,0,0,0,2,,4,0,1,1,0,0,0,3,0,0,4,1,1,0,0,0,1,0,1,0,27,38,34,5,1,9,11,2,0,0,0,1,0,3,0,0,2,1,0,0,0,0,0,11,9,,,1,27,46,27,16,3,1,0,0
PHI190907190,box,1909-07-19,0,PHI09,R,1,PHI,PIT,1,0,1,0,1,,31,4,5,8,3,0,0,,2,,4,0,1,1,0,0,0,3,0,0,4,1,1,0,0,0,1,0,1,0,27,38,34,5,1,9,11,2,0,0,0,1,0,3,0,0,2,1,0,0,0,0,0,0,0,,,1,27,46,27,16,3,1,0,0
PHI190907200,evt,1909-07-20,0,PHI09,R,1,PHI,PIT,1,1,0,0,1,33,31,3,10,11,1,0,0,0,3,,0,0,5,1,0,2,0,0,0,0,6,1,1,1,1,0,0,1,0,0,27,29,28,0,0,4,4,0,0,0,0,1,0,4,0,0,0,0,0,0,0,0,0,14,5,,,1,27,46,27,18,1,3,0,0
PHI190907200,box,1909-07-20,0,PHI09,R,1,PHI,PIT,1,1,0,0,1,,31,3,10,11,1,0,0,,3,,0,0,5,1,0,2,0,0,0,0,6,1,1,1,1,0,0,1,0,0,27,29,28,0,0,4,4,0,0,0,0,1,0,4,0,0,0,0,0,0,0,0,0,0,0,,,1,27,46,27,18,1,3,0,0
PHI190907210,evt,1909-07-21,0,PHI09,R,1,PHI,PIT,1,1,0,0,1,32,29,2,7,9,2,0,0,0,2,,1,0,3,0,1,1,0,1,1,0,6,1,1,1,0,0,0,1,0,0,27,33,31,1,1,5,6,1,0,0,0,2,0,2,1,0,0,0,0,0,0,0,0,16,8,,,1,27,40,27,13,0,1,0,0
PHI190907210,box,1909-07-21,0,PHI09,R,1,PHI,PIT,1,1,0,0,1,,29,2,7,9,2,0,0,,2,,1,0,3,0,1,1,0,1,1,0,6,1,1,1,0,0,0,1,0,0,27,33,31,1,1,5,6,1,0,0,0,2,0,2,1,0,0,0,0,0,0,0,0,0,0,,,1,27,40,27,13,0,1,0,0
PHI190907241,evt,1909-07-24,1,PHI09,R,1,PHI,CIN,1,1,0,0,1,31,26,3,5,6,1,0,0,0,1,,3,0,3,1,0,2,0,3,0,0,4,1,1,1,1,0,0,1,0,0,27,34,30,0,0,6,6,0,0,0,0,3,0,4,3,0,1,0,0,0,0,0,0,12,5,,,1,27,48,27,18,3,3,0,0
PHI190907241,box,1909-07-24,1,PHI09,R,1,PHI,CIN,1,1,0,0,1,,26,3,5,6,1,0,0,,1,,3,0,3,1,0,2,0,3,0,0,4,1,1,1,1,0,0,1,0,0,27,34,30,0,0,6,6,0,0,0,0,3,0,4,3,0,1,0,0,0,0,0,0,0,0,,,1,27,48,27,18,3,3,0,0
PHI190907242,evt,1909-07-24,2,PHI09,R,1,PHI,CIN,1,0,1,0,1,38,36,6,9,14,3,1,0,0,4,,1,0,5,1,0,0,1,2,0,0,5,1,1,0,0,0,1,0,1,0,27,46,40,9,8,15,20,3,1,0,0,3,0,3,0,1,2,0,0,0,0,0,0,9,12,,,1,27,42,27,12,3,0,0,0
PHI190907242,box,1909-07-24,2,PHI09,R,1,PHI,CIN,1,0,1,0,1,,36,6,9,14,3,1,0,,4,,1,0,5,1,0,0,1,2,0,0,5,1,1,0,0,0,1,0,1,0,27,46,40,9,8,15,20,3,1,0,0,3,0,3,0,1,2,0,0,0,0,0,0,0,0,,,1,27,43,27,13,3,0,0,0
PHI190907260,evt,1909-07-26,0,PHI09,R,1,PHI,BRO,1,1,0,0,1,35,28,7,11,14,1,1,0,0,6,,2,0,1,0,2,3,0,2,3,0,4,1,1,1,0,0,0,1,0,0,27,38,33,2,2,9,10,1,0,0,0,5,0,6,2,0,0,0,0,0,0,0,0,11,5,,,1,27,45,27,16,2,3,0,0
PHI190907260,box,1909-07-26,0,PHI09,R,1,PHI,BRO,1,1,0,0,1,,28,7,11,14,1,1,0,,6,,2,0,1,0,2,3,0,2,3,0,4,1,1,1,0,0,0,1,0,0,27,38,33,2,2,9,10,1,0,0,0,5,0,6,2,0,0,0,0,0,0,0,0,0,0,,,1,27,45,27,16,2,3,0,0
PHI190907271,evt,1909-07-27,1,PHI09,R,1,PHI,BRO,1,1,0,0,1,36,35,7,12,17,3,1,0,0,6,,0,0,1,0,0,0,1,1,0,0,5,1,1,1,1,0,0,1,0,0,27,31,31,0,0,7,8,1,0,0,0,0,0,4,1,0,0,0,0,0,0,0,0,8,12,,,1,27,38,27,10,1,1,0,0
PHI190907271,box,1909-07-27,1,PHI09,R,1,PHI,BRO,1,1,0,0,1,,35,7,12,17,3,1,0,,6,,0,0,1,0,0,0,1,1,0,0,5,1,1,1,1,0,0,1,0,0,27,31,31,0,0,7,8,1,0,0,0,0,0,4,1,0,0,0,0,0,0,0,0,0,0,,,1,27,38,27,10,1,1,0,0
PHI190907272,evt,1909-07-27,2,PHI09,R,1,PHI,BRO,1,1,0,0,1,35,31,3,12,12,0,0,0,0,2,,1,0,5,2,2,1,0,1,3,0,7,1,1,1,0,0,0,1,0,0,27,37,32,2,1,7,11,2,1,0,0,2,0,3,0,1,2,0,0,0,0,0,0,7,12,,,1,27,39,27,11,1,0,0,0
PHI190907272,box,1909-07-27,2,PHI09,R,1,PHI,BRO,1,1,0,0,1,,31,3,12,12,0,0,0,,2,,1,0,5,2,2,1,0,1,3,0,7,1,1,1,0,0,0,1,0,0,27,37,32,2,1,7,11,2,1,0,0,2,0,3,0,1,2,0,0,0,0,0,0,0,0,,,1,27,39,27,11,1,0,0,0
PHI190907280,evt,1909-07-28,0,PHI09,R,1,PHI,BRO,1,0,1,0,1,32,28,0,1,3,0,1,0,0,0,,4,0,2,0,0,0,0,0,0,0,5,1,1,0,0,0,1,0,1,0,27,36,30,4,4,5,5,0,0,0,0,4,0,6,0,0,2,0,0,0,0,0,0,11,6,,,1,27,42,27,13,2,0,0,0
PHI190907280,box,1909-07-28,0,PHI09,R,1,PHI,BRO,1,0,1,0,1,,28,0,1,3,0,1,0,,0,,4,0,2,0,0,0,0,0,0,0,5,1,1,0,0,0,1,0,1,0,27,36,30,4,4,5,5,0,0,0,0,4,0,6,0,0,2,0,0,0,0,0,0,0,0,,,1,27,42,27,13,2,0,0,0
PIT190907290,evt,1909-07-29,0,PIT06,R,0,PHI,PIT,1,0,1,0,1,36,31,3,7,12,2,0,1,0,3,,2,0,2,0,0,3,0,3,0,0,6,1,1,0,0,0,1,0,1,0,24,31,30,4,4,9,13,1,0,1,0,1,0,1,0,0,0,0,0,0,0,1,1,8,12,,,1,24,35,24,11,0,1,0,1
PIT190907290,box,1909-07-29,0,PIT06,R,0,PHI,PIT,1,0,1,0,1,,31,3,7,12,2,0,1,,3,,2,0,2,0,0,3,0,3,0,0,6,1,1,0,0,0,1,0,1,0,24,31,30,4,4,9,13,1,0,1,0,1,0,1,0,0,0,0,0,0,0,0,0,0,0,,,1,24,35,24,11,0,1,0,1
CHN190907300,evt,1909-07-30,0,CHI08,R,0,PHI,CHN,1,1,0,0,1,39,35,5,10,10,0,0,0,0,3,,2,0,5,0,0,1,1,0,2,0,7,1,1,1,0,0,0,1,0,0,27,35,31,2,2,6,9,0,0,1,0,3,0,5,1,0,1,0,0,0,0,0,0,10,9,,,1,27,41,27,12,2,1,0,0
CHN190907300,box,1909-07-30,0,CHI08,R,0,PHI,CHN,1,1,0,0,1,,35,5,10,10,0,0,0,,3,,2,0,5,0,0,1,1,0,2,0,7,1,1,1,0,0,0,1,0,0,27,35,31,2,2,6,9,0,0,1,0,3,0,5,1,0,1,0,0,0,0,0,0,0,0,,,1,27,40,27,11,2,1,0,0
CHN190907310,evt,1909-07-31,0,CHI08,R,0,PHI,CHN,1,0,1,0,1,30,29,0,6,6,0,0,0,0,0,,0,0,0,2,0,1,0,1,1,0,3,1,1,0,0,0,1,0,1,0,24,30,29,1,1,7,8,1,0,0,0,0,0,1,0,0,1,0,0,0,0,0,0,7,14,,,1,24,33,24,8,1,1,0,0
CHN190907310,box,1909-07-31,0,CHI08,R,0,PHI,CHN,1,0,1,0,1,,29,0,6,6,0,0,0,,0,,0,0,0,2,0,1,0,1,1,0,3,1,1,0,0,0,1,0,1,0,24,30,29,1,1,7,8,1,0,0,0,0,0,1,0,0,1,0,0,0,0,0,0,0,0,,,1,24,33,24,8,1,1,0,0
CHN190908011,evt,1909-08-01,1,CHI08,R,0,PHI,CHN,1,0,1,0,1,28,27,0,1,1,0,0,0,0,0,,0,0,3,1,1,0,0,0,0,0,1,1,1,1,0,0,0,0,1,0,24,31,28,3,3,5,7,2,0,0,0,3,0,4,0,0,0,0,0,0,0,0,0,16,2,,,1,24,13,9,4,0,1,0,0
CHN190908011,box,1909-08-01,1,CHI08,R,0,PHI,CHN,1,0,1,0,1,,27,0,1,1,0,0,0,,0,,0,0,3,1,1,0,0,0,0,0,1,1,1,1,0,0,0,0,1,0,24,31,28,3,3,5,7,2,0,0,0,3,0,4,0,0,0,0,0,0,0,0,0,0,0,,,1,24,36,24,12,0,1,0,0
CHN190908012,evt,1909-08-01,2,CHI08,R,0,PHI,CHN,1,0,1,0,1,39,33,6,7,10,1,1,0,0,4,,4,0,3,0,0,0,2,2,0,0,6,1,1,0,0,0,1,0,1,0,24,38,33,7,6,13,16,3,0,0,0,2,0,5,1,1,1,1,0,1,0,1,1,13,3,,,1,24,18,11,5,2,1,0,0
CHN190908012,box,1909-08-01,2,CHI08,R,0,PHI,CHN,1,0,1,0,1,,33,6,7,10,1,1,0,,4,,4,0,3,0,0,0,2,2,0,0,6,1,1,0,0,0,1,0,1,0,24,38,33,7,6,13,16,3,0,0,0,2,0,5,1,1,1,1,0,1,0,0,0,0,0,,,1,24,39,24,13,2,1,0,0
SLN190908030,evt,1909-08-03,0,STL05,R,0,PHI,SLN,1,0,1,0,1,34,31,1,7,9,2,0,0,0,1,,2,0,1,2,0,1,0,0,1,0,6,1,1,0,0,0,1,0,1,0,24,34,29,5,4,9,10,1,0,0,0,2,0,3,0,1,1,1,0,1,0,0,0,13,4,,,1,24,11,8,1,2,0,0,0
SLN190908030,box,1909-08-03,0,STL05,R,0,PHI,SLN,1,0,1,0,1,,31,1,7,9,2,0,0,,1,,2,0,,2,0,1,0,0,1,0,6,1,1,0,0,0,1,0,1,0,24,34,29,5,4,9,10,1,0,0,0,2,0,,0,1,1,1,0,1,0,0,0,0,0,,,1,24,36,24,10,2,0,0,0
SLN190908040,evt,1909-08-04,0,STL05,R,0,PHI,SLN,1,1,0,0,1,37,32,4,9,10,1,0,0,0,4,,1,0,0,0,0,3,1,1,1,0,6,1,1,1,0,0,0,1,0,0,27,36,33,1,1,8,8,0,0,0,0,3,0,3,1,0,0,0,0,0,0,0,0,20,2,,,1,27,19,13,6,0,2,0,0
SLN190908040,box,1909-08-04,0,STL05,R,0,PHI,SLN,1,1,0,0,1,,32,4,9,10,1,0,0,,4,,1,0,,0,0,3,1,1,1,0,6,1,1,1,0,0,0,1,0,0,27,36,33,1,1,8,8,0,0,0,0,3,0,,1,0,0,0,0,0,0,0,0,0,0,,,1,27,41,27,14,0,2,0,0
SLN190908050,evt,1909-08-05,0,STL05,R,0,PHI,SLN,1,0,1,0,1,33,32,1,5,6,1,0,0,0,1,,1,0,1,0,0,0,0,0,0,0,5,1,1,0,0,0,1,0,1,0,24,30,27,2,2,4,5,1,0,0,0,3,0,0,0,0,0,0,0,0,0,0,0,22,1,,,1,24,6,3,3,0,0,0,0
SLN190908050,box,1909-08-05,0,STL05,R,0,PHI,SLN,1,0,1,0,1,,32,1,5,6,1,0,0,,1,,1,0,,0,0,0,0,0,0,0,5,1,1,0,0,0,1,0,1,0,24,30,27,2,2,4,5,1,0,0,0,3,0,,0,0,0,0,0,0,0,0,0,0,0,,,1,24,34,24,10,0,0,0,0
SLN190908060,evt,1909-08-06,0,STL05,R,0,PHI,SLN,1,0,1,0,1,33,32,0,6,6,0,0,0,0,0,,1,0,0,1,0,0,0,1,1,0,6,1,1,0,0,0,1,0,1,0,24,29,25,3,2,2,5,0,0,1,0,2,0,4,0,0,1,1,0,1,0,0,0,17,3,,,1,24,14,10,3,1,0,0,0
SLN190908060,box,1909-08-06,0,STL05,R,0,PHI,SLN,1,0,1,0,1,,32,0,6,6,0,0,0,,0,,1,0,,1,0,0,0,1,1,0,6,1,1,0,0,0,1,0,1,0,24,29,25,3,2,2,5,0,0,1,0,2,0,,0,0,1,1,0,1,0,0,0,0,0,,,1,24,33,24,8,1,0,0,0
CIN190908070,evt,1909-08-07,0,CIN06,R,0,PHI,CIN,1,1,0,0,1,36,31,2,6,7,1,0,0,0,1,,3,0,3,1,1,0,1,1,3,0,7,1,1,1,0,0,0,1,0,0,27,37,30,1,1,7,8,1,0,0,0,5,0,5,0,1,1,0,0,1,0,0,0,12,3,,,1,27,21,15,5,1,1,0,0
CIN190908070,box,1909-08-07,0,CIN06,R,0,PHI,CIN,1,1,0,0,1,,31,2,6,7,1,0,0,,1,,3,0,3,1,1,0,1,1,3,0,7,1,1,1,0,0,0,1,0,0,27,37,30,1,1,7,8,1,0,0,0,5,0,5,0,1,1,0,0,1,0,0,0,0,0,,,1,27,39,27,11,1,1,0,0
CIN190908080,evt,1909-08-08,0,CIN06,R,0,PHI,CIN,1,1,0,0,1,39,32,6,10,15,1,2,0,0,2,,3,0,1,1,0,3,1,3,0,0,6,1,1,1,0,0,0,1,0,0,27,34,31,2,1,6,7,1,0,0,0,2,0,1,1,0,1,0,0,0,0,0,0,14,9,,,1,27,29,19,7,3,1,0,0
CIN190908080,box,1909-08-08,0,CIN06,R,0,PHI,CIN,1,1,0,0,1,,32,6,10,15,1,2,0,,2,,3,0,1,1,0,3,1,3,0,0,6,1,1,1,0,0,0,1,0,0,27,34,31,2,1,6,7,1,0,0,0,2,0,1,1,0,1,0,0,0,0,0,0,0,0,,,1,27,45,27,15,3,1,0,0
CIN190908090,evt,1909-08-09,0,CIN06,R,0,PHI,CIN,1,1,0,0,1,36,30,3,10,10,0,0,0,0,3,,3,0,0,1,2,1,0,3,3,0,6,1,1,1,1,0,0,1,0,0,27,34,32,0,0,8,9,1,0,0,0,1,0,1,1,0,1,0,0,0,0,0,0,14,8,,,1,27,15,9,5,1,1,0,0
CIN190908090,box,1909-08-09,0,CIN06,R,0,PHI,CIN,1,1,0,0,1,,30,3,10,10,0,0,0,,3,,3,0,0,1,2,1,0,3,3,0,6,1,1,1,1,0,0,1,0,0,27,34,32,0,0,8,9,1,0,0,0,1,0,1,1,0,1,0,0,0,0,0,0,0,0,,,1,27,43,27,15,1,1,0,0
CIN190908100,evt,1909-08-10,0,CIN06,R,0,PHI,CIN,1,1,0,0,1,35,33,2,4,7,3,0,0,0,0,,2,0,3,0,0,0,0,1,1,0,6,1,1,1,1,0,0,1,0,0,27,34,27,0,0,4,4,0,0,0,0,4,0,7,0,1,2,0,0,0,0,0,0,7,9,,,1,27,26,21,5,0,0,0,0
CIN190908100,box,1909-08-10,0,CIN06,R,0,PHI,CIN,1,1,0,0,1,,33,2,4,7,3,0,0,,0,,2,0,3,0,0,0,0,1,1,0,6,1,1,1,1,0,0,1,0,0,27,34,27,0,0,4,4,0,0,0,0,4,0,7,0,1,2,0,0,0,0,0,0,0,0,,,1,27,38,27,11,0,0,0,0
PIT190908121,evt,1909-08-12,1,PIT06,R,0,PHI,PIT,1,0,1,0,1,35,33,3,6,8,2,0,0,0,3,,2,0,3,0,0,0,0,1,0,0,5,1,1,1,0,0,0,0,1,0,24,42,35,13,13,17,23,4,1,0,0,3,0,2,0,0,3,1,0,0,0,0,0,14,3,,,1,24,32,17,14,1,0,0,1
PIT190908121,box,1909-08-12,1,PIT06,R,0,PHI,PIT,1,0,1,0,1,,33,3,6,8,2,0,0,,3,,2,0,3,0,0,0,0,1,0,0,5,1,1,1,0,0,0,0,1,0,24,42,35,13,13,17,23,4,1,0,0,3,0,2,0,0,3,1,0,0,0,0,0,0,0,,,1,24,40,24,15,1,0,0,1
PIT190908122,evt,1909-08-12,2,PIT06,R,0,PHI,PIT,1,1,0,0,1,43,39,5,10,14,2,1,0,0,3,,2,0,4,0,0,0,2,1,1,0,8,1,1,1,0,0,0,1,0,0,30,41,35,4,4,11,16,3,1,0,0,2,0,3,0,0,3,1,0,0,0,0,0,18,2,,,1,30,32,17,13,2,1,0,0
PIT190908122,box,1909-08-12,2,PIT06,R,0,PHI,PIT,1,1,0,0,1,,39,5,10,14,2,1,0,,3,,2,0,4,0,0,0,2,1,1,0,8,1,1,1,0,0,0,1,0,0,30,41,35,4,4,11,16,3,1,0,0,2,0,3,0,0,3,1,0,0,0,0,0,0,0,,,1,30,51,30,19,2,1,0,0
PIT190908130,evt,1909-08-13,0,PIT06,R,0,PHI,PIT,1,0,1,0,1,48,43,1,11,13,2,0,0,0,1,,2,0,0,1,0,3,0,2,0,0,11,1,1,1,0,0,0,0,1,0,35,39,39,2,1,6,6,0,0,0,0,0,0,5,1,0,0,0,0,1,0,0,0,14,14,,,1,35,52,35,16,1,1,0,0
PIT190908130,box,1909-08-13,0,PIT06,R,0,PHI,PIT,1,0,1,0,1,,43,1,11,13,2,0,0,,1,,2,0,0,1,0,3,0,2,0,0,11,1,1,1,0,0,0,0,1,0,35,39,39,2,1,6,6,0,0,0,0,0,0,5,1,0,0,0,0,1,0,0,0,0,0,,,1,35,52,35,16,1,1,0,0
PIT190908140,evt,1909-08-14,0,PIT06,R,0,PHI,PIT,1,1,0,0,1,31,29,2,6,7,1,0,0,0,2,,1,0,3,1,0,1,0,0,2,0,2,1,1,1,0,0,0,1,0,0,27,33,28,1,1,7,9,2,0,0,0,4,0,4,1,0,1,0,0,0,0,0,0,6,11,,,1,27,41,27,14,0,1,0,0
PIT190908140,box,1909-08-14,0,PIT06,R,0,PHI,PIT,1,1,0,0,1,,29,2,6,7,1,0,0,,2,,1,0,3,1,0,1,0,0,2,0,2,1,1,1,0,0,0,1,0,0,27,33,28,1,1,7,9,2,0,0,0,4,0,4,1,0,1,0,0,0,0,0,0,0,0,,,1,27,41,27,14,0,1,0,0
PHI190908181,evt,1909-08-18,1,PHI09,R,1,PHI,NY1,1,0,1,0,1,37,36,1,8,9,1,0,0,0,1,,0,0,6,0,1,0,0,2,0,0,9,1,1,0,0,0,1,0,1,0,27,50,41,14,13,17,23,4,1,0,0,7,0,1,0,1,1,0,0,1,0,5,1,8,13,,,1,27,41,27,13,1,0,0,0
PHI190908181,box,1909-08-18,1,PHI09,R,1,PHI,NY1,1,0,1,0,1,,36,1,8,9,1,0,0,,1,,0,0,6,0,1,0,0,2,0,0,9,1,1,0,0,0,1,0,1,0,27,50,41,14,13,17,23,4,1,0,0,7,0,1,0,1,1,0,0,1,0,0,0,0,0,,,1,27,40,27,12,1,0,0,0
PHI190908182,evt,1909-08-18,2,PHI09,R,1,PHI,NY1,1,0,1,0,1,36,31,4,8,9,1,0,0,0,4,,1,0,0,0,0,4,0,1,1,0,5,1,1,1,0,0,0,0,1,0,27,41,40,5,3,11,14,3,0,0,0,1,0,4,0,0,0,0,0,0,0,0,0,7,14,,,1,27,41,27,8,6,0,0,0
PHI190908182,box,1909-08-18,2,PHI09,R,1,PHI,NY1,1,0,1,0,1,,31,4,8,9,1,0,0,,4,,1,0,0,0,0,4,0,1,1,0,5,1,1,1,0,0,0,0,1,0,27,41,40,5,3,11,14,3,0,0,0,1,0,4,0,0,0,0,0,0,0,0,0,0,0,,,1,27,41,27,8,6,0,0,0
PHI190908191,evt,1909-08-19,1,PHI09,R,1,PHI,NY1,1,0,1,0,1,42,37,4,10,14,4,0,0,0,4,,3,0,2,0,1,1,0,1,1,0,11,1,1,0,0,0,1,0,1,0,27,46,38,6,5,17,23,3,0,1,0,6,0,4,1,1,1,0,0,0,0,0,0,9,6,,,1,27,47,27,18,2,2,0,1
PHI190908191,box,1909-08-19,1,PHI09,R,1,PHI,NY1,1,0,1,0,1,,37,4,10,14,4,0,0,,4,,3,0,2,0,1,1,0,1,1,0,11,1,1,0,0,0,1,0,1,0,27,46,38,6,5,17,23,3,0,1,0,6,0,4,1,1,1,0,0,0,0,0,0,0,0,,,1,27,47,27,18,2,2,0,1
PHI190908192,evt,1909-08-19,2,PHI09,R,1,PHI,NY1,1,1,0,0,1,32,30,1,7,9,0,1,0,0,1,,1,0,6,0,0,1,0,1,2,0,5,1,1,1,1,0,0,1,0,0,27,31,28,0,0,5,7,2,0,0,0,2,0,2,0,1,0,0,0,0,0,0,0,20,1,,,1,27,11,7,4,0,1,0,0
PHI190908192,box,1909-08-19,2,PHI09,R,1,PHI,NY1,1,1,0,0,1,,30,1,7,9,0,1,0,,1,,1,0,6,0,0,1,0,1,2,0,5,1,1,1,1,0,0,1,0,0,27,31,28,0,0,5,7,2,0,0,0,2,0,2,0,1,0,0,0,0,0,0,0,0,0,,,1,27,42,27,15,0,1,0,0
PHI190908200,evt,1909-08-20,0,PHI09,R,1,PHI,PIT,1,0,1,0,1,39,34,3,8,8,0,0,0,0,3,,3,1,4,0,1,0,1,1,1,0,9,1,1,0,0,0,1,0,1,0,27,36,33,4,3,8,11,0,0,1,0,2,1,3,0,0,1,0,0,1,0,0,0,18,2,,,1,27,14,9,3,2,1,0,1
PHI190908200,box,1909-08-20,0,PHI09,R,1,PHI,PIT,1,0,1,0,1,,34,3,8,8,0,0,0,,3,,3,1,4,0,1,0,1,1,1,0,9,1,1,0,0,0,1,0,1,0,27,36,33,4,3,8,11,0,0,1,0,2,1,,0,0,1,0,0,1,0,0,0,0,0,,,1,27,42,27,13,2,1,0,1
PHI190908210,evt,1909-08-21,0,PHI09,R,1,PHI,PIT,1,1,0,0,1,51,43,6,11,11,0,0,0,0,3,,3,0,6,0,1,4,0,3,1,0,10,1,1,0,0,0,1,1,0,0,36,45,41,5,4,7,11,2,1,0,0,4,0,3,0,0,0,0,0,1,0,0,0,16,13,,,1,36,45,29,14,2,0,0,0
PHI190908210,box,1909-08-21,0,PHI09,R,1,PHI,PIT,1,1,0,0,1,,43,6,11,11,0,0,0,,3,,3,0,6,0,1,4,0,3,1,0,10,1,1,0,0,0,1,1,0,0,36,45,41,5,4,7,11,2,1,0,0,4,0,3,0,0,0,0,0,1,0,0,0,0,0,,,1,36,59,36,21,2,0,0,0
PHI190908230,evt,1909-08-23,0,PHI09,R,1,PHI,PIT,1,0,1,0,1,32,30,0,5,5,0,0,0,0,0,,2,0,2,0,0,0,0,1,2,0,5,1,1,1,0,0,0,0,1,0,27,35,33,2,2,7,10,0,0,1,0,2,0,5,0,0,0,0,0,0,0,0,0,15,5,,,1,27,18,14,4,0,1,0,0
PHI190908230,box,1909-08-23,0,PHI09,R,1,PHI,PIT,1,0,1,0,1,,30,0,5,5,0,0,0,,0,,2,0,2,0,0,0,0,1,2,0,5,1,1,1,0,0,0,0,1,0,27,35,33,2,2,7,10,0,0,1,0,2,0,5,0,0,0,0,0,0,0,0,0,0,0,,,1,27,38,27,11,0,1,0,0
PHI190908240,evt,1909-08-24,0,PHI09,R,1,PHI,CHN,1,0,1,0,1,34,33,0,7,8,1,0,0,0,0,,1,0,7,0,0,0,0,2,1,0,7,1,1,0,0,0,1,0,1,0,27,29,26,1,1,5,7,0,1,0,0,2,0,3,0,0,1,0,0,0,0,0,0,8,10,,,1,27,41,27,14,0,2,0,0
PHI190908240,box,1909-08-24,0,PHI09,R,1,PHI,CHN,1,0,1,0,1,,33,0,7,8,1,0,0,,0,,1,0,7,0,0,0,0,2,1,0,7,1,1,0,0,0,1,0,1,0,27,29,26,1,1,5,7,0,1,0,0,2,0,3,0,0,1,0,0,0,0,0,0,0,0,,,1,27,41,27,14,0,2,0,0
PHI190908250,evt,1909-08-25,0,PHI09,R,1,PHI,CHN,1,1,0,0,1,32,30,4,6,7,1,0,0,0,3,,1,0,5,0,0,1,0,0,1,0,4,1,1,1,0,0,0,1,0,0,27,34,32,2,1,7,11,2,1,0,0,1,0,1,0,0,1,0,0,0,0,0,0,6,17,,,1,27,39,27,10,2,1,0,0
PHI190908250,box,1909-08-25,0,PHI09,R,1,PHI,CHN,1,1,0,0,1,,30,4,6,7,1,0,0,,3,,1,0,5,0,0,1,0,0,1,0,4,1,1,1,0,0,0,1,0,0,27,34,32,2,1,7,11,2,1,0,0,1,0,1,0,0,1,0,0,0,0,0,0,0,0,,,1,27,39,27,10,2,1,0,0
PHI190908260,evt,1909-08-26,0,PHI09,R,1,PHI,CHN,1,1,0,0,1,46,44,8,17,22,3,1,0,0,8,,1,0,4,1,0,1,0,2,0,0,10,1,1,0,0,0,1,1,0,0,30,42,36,7,7,11,14,1,1,0,0,4,0,4,2,0,1,1,0,1,0,0,0,6,16,,,1,30,41,30,10,1,2,0,0
PHI190908260,box,1909-08-26,0,PHI09,R,1,PHI,CHN,1,1,0,0,1,,44,8,17,22,3,1,0,,8,,1,0,4,1,0,1,0,2,0,0,10,1,1,0,0,0,1,1,0,0,30,42,36,7,7,11,14,1,1,0,0,4,0,4,2,0,1,1,0,1,0,0,0,0,0,,,1,30,41,30,10,1,2,0,0
PHI190908270,evt,1909-08-27,0,PHI09,R,1,PHI,SLN,1,1,0,0,1,46,41,13,20,25,5,0,0,0,11,,4,0,5,0,0,1,0,6,0,0,9,1,1,0,0,0,1,1,0,1,27,42,34,3,3,8,8,0,0,0,0,7,0,2,0,0,1,0,0,0,0,0,0,19,3,,,1,27,12,8,3,1,1,0,0
PHI190908270,box,1909-08-27,0,PHI09,R,1,PHI,SLN,1,1,0,0,1,,41,13,20,25,5,0,0,,11,,4,0,5,0,0,1,0,6,0,0,9,1,1,0,0,0,1,1,0,1,27,42,34,3,3,8,8,0,0,0,0,7,0,2,0,0,1,0,0,0,0,0,0,0,0,,,1,27,40,27,12,1,1,0,0
PHI190908281,evt,1909-08-28,1,PHI09,R,1,PHI,SLN,1,1,0,0,1,39,31,5,11,15,2,1,0,0,5,,4,1,2,0,0,1,3,2,1,0,8,1,1,0,0,0,1,1,0,0,27,37,29,4,3,7,10,1,1,0,0,6,0,4,1,0,2,0,0,0,0,3,0,15,3,,,1,27,13,10,2,1,1,0,0
PHI190908281,box,1909-08-28,1,PHI09,R,1,PHI,SLN,1,1,0,0,1,,31,5,11,15,2,1,0,,5,,4,1,2,0,0,1,3,2,1,0,8,1,1,0,0,0,1,1,0,0,27,37,29,4,3,7,10,1,1,0,0,6,0,4,1,0,2,0,0,0,0,0,0,0,0,,,1,27,45,27,17,1,1,0,0
PHI190908282,box,1909-08-28,2,PHI09,R,1,PHI,SLN,1,1,0,0,1,,29,6,10,11,1,0,0,,6,,2,0,2,0,0,2,0,0,3,0,3,1,1,1,1,0,0,1,0,0,27,39,32,0,0,6,6,0,0,0,0,6,0,3,1,0,1,0,0,0,0,0,0,0,0,,,1,27,35,27,7,1,1,0,0
PHI190908282,ded,1909-08-28,2,PHI09,R,1,PHI,SLN,1,1,0,0,1,33,29,6,10,11,1,0,0,0,6,,2,0,2,0,0,2,0,0,3,0,3,1,1,1,1,0,0,1,0,0,27,39,32,0,0,6,6,0,0,0,0,6,0,3,1,0,1,0,0,0,0,0,0,19,4,,,1,27,11,9,1,1,1,0,0
PHI190908300,evt,1909-08-30,0,PHI09,R,1,PHI,SLN,1,1,0,0,1,31,27,3,7,10,1,1,0,0,3,,2,0,1,1,0,1,1,1,0,0,4,1,1,1,0,0,0,1,0,0,27,37,32,2,2,6,6,0,0,0,0,4,0,7,1,0,1,0,0,0,0,0,0,13,4,,,1,27,21,16,4,1,1,0,0
PHI190908300,box,1909-08-30,0,PHI09,R,1,PHI,SLN,1,1,0,0,1,,27,3,7,10,1,1,0,,3,,2,0,1,1,0,1,1,1,0,0,4,1,1,1,0,0,0,1,0,0,27,37,32,2,2,6,6,0,0,0,0,4,0,7,1,0,1,0,0,0,0,0,0,0,0,,,1,27,38,27,10,1,1,0,0
PHI190908310,evt,1909-08-31,0,PHI09,R,1,PHI,SLN,1,1,0,0,1,42,36,11,14,23,6,0,1,0,11,,3,0,3,0,0,2,1,2,0,0,7,1,1,1,0,0,0,1,0,0,27,39,36,6,3,8,13,5,0,0,0,3,0,4,1,0,0,0,0,0,0,0,0,21,1,,,1,27,12,7,1,4,1,0,0
PHI190908310,box,1909-08-31,0,PHI09,R,1,PHI,SLN,1,1,0,0,1,,36,11,14,23,6,0,1,,11,,3,0,3,0,0,2,1,2,0,0,7,1,1,1,0,0,0,1,0,0,27,39,36,6,3,8,13,5,0,0,0,3,0,4,1,0,0,0,0,0,0,0,0,0,0,,,1,27,42,27,11,4,1,0,0
PHI190909011,evt,1909-09-01,1,PHI09,R,1,PHI,CIN,1,0,1,0,1,41,37,6,9,14,5,0,0,0,4,,2,0,3,0,0,1,1,0,1,0,8,1,1,0,0,0,1,0,1,0,27,39,36,7,6,12,14,2,0,0,0,2,0,5,1,0,1,0,0,0,0,1,0,7,12,,,1,27,41,27,12,2,2,0,0
PHI190909011,box,1909-09-01,1,PHI09,R,1,PHI,CIN,1,0,1,0,1,,37,6,9,14,5,0,0,,4,,2,0,3,0,0,1,1,0,1,0,8,1,1,0,0,0,1,0,1,0,27,39,36,7,6,12,14,2,0,0,0,2,0,5,1,0,1,0,0,0,0,0,0,0,0,,,1,27,40,27,11,2,2,0,0
PHI190909012,evt,1909-09-01,2,PHI09,R,1,PHI,CIN,1,0,1,0,1,37,34,4,6,6,0,0,0,0,3,,1,0,2,0,0,2,0,1,0,0,6,1,1,1,0,0,0,0,1,0,27,42,39,9,2,11,13,0,1,0,0,2,0,8,0,0,1,0,0,0,0,0,0,5,11,,,1,27,43,27,10,6,0,0,1
PHI190909012,box,1909-09-01,2,PHI09,R,1,PHI,CIN,1,0,1,0,1,,34,4,6,6,0,0,0,,3,,1,0,2,0,0,2,0,1,0,0,6,1,1,1,0,0,0,0,1,0,27,42,39,9,2,11,13,0,1,0,0,2,0,8,0,0,1,0,0,0,0,0,0,0,0,,,1,27,43,27,10,6,0,0,1
PHI190909021,evt,1909-09-02,1,PHI09,R,1,PHI,CIN,1,0,1,0,1,40,37,3,11,11,0,0,0,0,2,,2,0,1,0,0,1,0,4,0,0,10,1,1,0,0,0,1,0,1,0,27,47,36,9,9,12,17,3,1,0,0,7,0,3,0,0,2,2,0,0,0,1,1,9,10,,,1,27,49,27,17,5,0,0,0
PHI190909021,box,1909-09-02,1,PHI09,R,1,PHI,CIN,1,0,1,0,1,,37,3,11,11,0,0,0,,2,,2,0,1,0,0,1,0,4,0,0,10,1,1,0,0,0,1,0,1,0,27,47,36,9,9,12,17,3,1,0,0,7,0,3,0,0,2,2,0,0,0,0,0,0,0,,,1,27,49,27,17,5,0,0,0
PHI190909022,evt,1909-09-02,2,PHI09,R,1,PHI,CIN,1,1,0,0,1,37,31,5,9,9,0,0,0,0,4,,3,0,3,0,0,3,0,3,0,0,8,1,1,1,0,0,0,1,0,0,27,33,31,3,3,8,13,0,1,1,0,1,0,7,1,0,1,0,0,0,0,0,0,7,9,,,1,27,36,27,9,0,1,0,0
PHI190909022,box,1909-09-02,2,PHI09,R,1,PHI,CIN,1,1,0,0,1,,31,5,9,9,0,0,0,,4,,3,0,3,0,0,3,0,3,0,0,8,1,1,1,0,0,0,1,0,0,27,33,31,3,3,8,13,0,1,1,0,1,0,7,1,0,1,0,0,0,0,0,0,0,0,,,1,27,36,27,9,0,1,0,0
PHI190909031,evt,1909-09-03,1,PHI09,R,1,PHI,CIN,1,0,1,0,1,30,28,0,2,2,0,0,0,0,0,,2,0,4,0,0,0,0,0,1,0,3,1,1,0,0,0,1,0,1,0,27,34,33,3,1,8,9,1,0,0,0,0,0,3,0,0,1,0,0,0,0,0,0,8,12,,,1,27,42,27,12,3,0,0,0
PHI190909031,box,1909-09-03,1,PHI09,R,1,PHI,CIN,1,0,1,0,1,,28,0,2,2,0,0,0,,0,,2,0,4,0,0,0,0,0,1,0,3,1,1,0,0,0,1,0,1,0,27,34,33,3,1,8,9,1,0,0,0,0,0,3,0,0,1,0,0,0,0,0,0,0,0,,,1,27,42,27,12,3,0,0,0
PHI190909032,evt,1909-09-03,2,PHI09,R,1,PHI,CIN,1,1,0,0,1,58,48,6,11,17,3,0,1,0,6,,7,0,5,0,2,1,0,4,2,0,15,1,1,0,0,0,1,1,0,0,39,53,46,5,4,12,16,2,1,0,0,4,0,6,1,0,3,0,0,0,0,3,2,13,15,,,1,39,57,39,17,1,2,0,0
PHI190909032,box,1909-09-03,2,PHI09,R,1,PHI,CIN,1,1,0,0,1,,48,6,11,17,3,0,1,,6,,7,0,5,0,2,1,0,4,2,0,15,1,1,0,0,0,1,1,0,0,39,53,46,5,4,12,16,2,1,0,0,4,0,6,1,0,3,0,0,0,0,0,0,0,0,,,1,39,57,39,17,1,2,0,0
PHI190909040,evt,1909-09-04,0,PHI09,R,1,PHI,BRO,1,0,1,0,1,38,33,4,9,13,1,0,1,0,4,,4,0,2,1,0,0,1,1,0,0,7,1,1,1,0,0,0,0,1,0,27,43,37,8,6,12,14,2,0,0,0,2,0,7,0,1,3,0,0,1,0,0,0,8,6,,,1,27,45,27,12,6,0,1,2
PHI190909040,box,1909-09-04,0,PHI09,R,1,PHI,BRO,1,0,1,0,1,,33,4,9,13,1,0,1,,4,,4,0,2,1,0,0,1,1,0,0,7,1,1,1,0,0,0,0,1,0,27,43,37,8,6,12,14,2,0,0,0,2,0,7,0,1,3,0,0,1,0,0,0,0,0,,,1,27,46,27,13,6,0,1,2
BRO190909061,evt,1909-09-06,1,NYC12,R,0,PHI,BRO,1,1,0,0,1,38,33,3,7,8,1,0,0,0,2,,3,0,1,0,0,1,1,1,0,0,8,1,1,1,0,0,0,1,0,0,27,34,31,1,1,7,7,0,0,0,0,2,0,11,0,0,1,0,0,0,0,0,0,7,5,,,1,27,37,27,10,0,0,0,0
BRO190909061,box,1909-09-06,1,NYC12,R,0,PHI,BRO,1,1,0,0,1,,33,3,7,8,1,0,0,,2,,3,0,1,0,0,1,1,1,0,0,8,1,1,1,0,0,0,1,0,0,27,34,31,1,1,7,7,0,0,0,0,2,0,11,0,0,1,0,0,0,0,0,0,0,0,,,1,27,37,27,10,0,0,0,0
BRO190909062,evt,1909-09-06,2,NYC12,R,0,PHI,BRO,1,0,1,0,1,41,36,2,11,12,1,0,0,0,2,,3,0,3,2,2,0,0,1,0,0,12,1,1,0,0,0,1,0,1,0,24,35,30,6,6,9,20,2,0,3,0,4,0,5,0,0,1,0,0,1,0,0,0,8,7,,,1,24,38,24,12,2,0,0,0
BRO190909062,box,1909-09-06,2,NYC12,R,0,PHI,BRO,1,0,1,0,1,,36,2,11,12,1,0,0,,2,,3,0,3,2,2,0,0,1,0,0,12,1,1,0,0,0,1,0,1,0,24,35,30,6,6,9,20,2,0,3,0,4,0,5,0,0,1,0,0,1,0,0,0,0,0,,,1,24,38,24,12,2,0,0,0
BRO190909070,evt,1909-09-07,0,NYC12,R,0,PHI,BRO,1,1,0,0,1,41,36,7,13,16,1,1,0,0,6,,2,0,6,0,0,2,1,1,0,0,7,1,1,1,0,0,0,1,0,0,27,36,34,2,2,9,12,3,0,0,0,2,0,7,1,0,0,0,0,0,0,0,0,12,6,,,1,27,41,27,13,1,1,0,0
BRO190909070,box,1909-09-07,0,NYC12,R,0,PHI,BRO,1,1,0,0,1,,36,7,13,16,1,1,0,,6,,2,0,6,0,0,2,1,1,0,0,7,1,1,1,0,0,0,1,0,0,27,36,34,2,2,9,12,3,0,0,0,2,0,7,1,0,0,0,0,0,0,0,0,0,0,,,1,27,41,27,13,1,1,0,0
BSN190909081,evt,1909-09-08,1,BOS05,R,0,PHI,BSN,1,1,0,0,1,37,37,6,12,17,0,1,1,0,6,,0,0,4,1,0,0,0,3,1,0,4,1,1,1,0,0,0,1,0,0,27,34,29,2,1,5,6,1,0,0,0,4,0,7,0,0,1,0,0,0,0,0,0,12,4,,,1,27,48,27,19,2,0,0,0
BSN190909081,box,1909-09-08,1,BOS05,R,0,PHI,BSN,1,1,0,0,1,,37,6,12,17,0,1,1,,6,,0,0,4,1,0,0,0,3,1,0,4,1,1,1,0,0,0,1,0,0,27,34,29,2,1,5,6,1,0,0,0,4,0,7,0,0,1,0,0,0,0,0,0,0,0,,,1,27,48,27,19,2,0,0,0
BSN190909082,evt,1909-09-08,2,BOS05,R,0,PHI,BSN,1,1,0,0,1,40,36,5,12,13,1,0,0,0,4,,2,0,3,1,0,2,0,1,0,0,8,1,1,1,0,0,0,1,0,0,27,35,33,3,1,6,6,0,0,0,0,2,0,0,1,0,0,0,0,0,0,0,0,17,9,,,1,27,46,27,17,2,1,0,0
BSN190909082,box,1909-09-08,2,BOS05,R,0,PHI,BSN,1,1,0,0,1,,36,5,12,13,1,0,0,,4,,2,0,3,1,0,2,0,1,0,0,8,1,1,1,0,0,0,1,0,0,27,35,33,3,1,6,6,0,0,0,0,2,0,0,1,0,0,0,0,0,0,0,0,0,0,,,1,27,46,27,17,2,1,0,0
BSN190909090,evt,1909-09-09,0,BOS05,R,0,PHI,BSN,1,1,0,0,1,35,34,3,6,7,1,0,0,0,1,,1,0,4,0,0,0,0,2,0,0,5,1,1,1,1,0,0,1,0,0,27,32,30,0,0,7,8,1,0,0,0,1,0,5,1,0,1,0,0,0,0,0,0,6,11,,,1,27,36,27,9,0,1,0,0
BSN190909090,box,1909-09-09,0,BOS05,R,0,PHI,BSN,1,1,0,0,1,,34,3,6,7,1,0,0,,1,,1,0,4,0,0,0,0,2,0,0,5,1,1,1,1,0,0,1,0,0,27,32,30,0,0,7,8,1,0,0,0,1,0,5,1,0,1,0,0,0,0,0,0,0,0,,,1,27,36,27,9,0,1,0,0
BSN190909111,evt,1909-09-11,1,BOS05,R,0,PHI,BSN,1,0,1,0,1,35,31,2,10,10,0,0,0,0,2,,2,0,1,1,0,2,0,0,1,0,6,1,1,1,0,0,0,0,1,0,24,30,26,3,0,5,8,0,0,1,0,1,0,2,0,0,3,0,0,0,0,0,0,7,11,,,1,24,36,24,11,1,0,0,1
BSN190909111,box,1909-09-11,1,BOS05,R,0,PHI,BSN,1,0,1,0,1,,31,2,10,10,0,0,0,,2,,2,0,1,1,0,2,0,0,1,0,6,1,1,1,0,0,0,0,1,0,24,30,26,3,0,5,8,0,0,1,0,1,0,2,0,0,3,0,0,0,0,0,0,0,0,,,1,24,36,24,11,1,0,0,1
BSN190909112,evt,1909-09-11,2,BOS05,R,0,PHI,BSN,1,0,1,0,1,32,29,0,4,4,0,0,0,0,0,,3,0,3,0,0,0,0,0,2,0,5,1,1,1,0,0,0,0,1,0,24,31,27,1,1,4,4,0,0,0,0,2,0,1,1,1,1,0,0,0,0,0,0,15,5,,,1,24,41,23,16,2,1,0,0
BSN190909112,box,1909-09-11,2,BOS05,R,0,PHI,BSN,1,0,1,0,1,,29,0,4,4,0,0,0,,0,,3,0,3,0,0,0,0,0,2,0,5,1,1,1,0,0,0,0,1,0,24,31,27,1,1,4,4,0,0,0,0,2,0,1,1,1,1,0,0,0,0,0,0,0,0,,,1,24,42,23,17,2,1,0,0
PHI190909130,evt,1909-09-13,0,PHI09,R,1,PHI,BRO,1,1,0,0,1,37,32,7,13,17,2,1,0,0,7,,4,0,3,0,0,0,1,1,2,0,6,1,1,1,1,0,0,1,0,0,27,34,31,0,0,4,5,1,0,0,0,2,0,5,0,0,1,0,0,0,0,0,0,9,12,,,1,27,40,27,12,1,0,0,0
PHI190909130,box,1909-09-13,0,PHI09,R,1,PHI,BRO,1,1,0,0,1,,32,7,13,17,2,1,0,,7,,4,0,3,0,0,0,1,1,2,0,6,1,1,1,1,0,0,1,0,0,27,34,31,0,0,4,5,1,0,0,0,2,0,5,0,0,1,0,0,0,0,0,0,0,0,,,1,27,40,27,12,1,0,0,0
PHI190909140,evt,1909-09-14,0,PHI09,R,1,PHI,BRO,1,0,1,0,1,32,29,0,5,5,0,0,0,0,0,,2,0,3,1,0,1,0,1,2,0,5,1,1,1,0,0,0,0,1,0,27,30,27,1,1,3,3,0,0,0,0,1,0,5,0,0,1,1,0,0,0,0,0,13,7,,,1,27,43,27,15,1,0,0,0
PHI190909140,box,1909-09-14,0,PHI09,R,1,PHI,BRO,1,0,1,0,1,,29,0,5,5,0,0,0,,0,,2,0,3,1,0,1,0,1,2,0,5,1,1,1,0,0,0,0,1,0,27,30,27,1,1,3,3,0,0,0,0,1,0,5,0,0,1,1,0,0,0,0,0,0,0,,,1,27,43,27,15,1,0,0,0
PHI190909150,evt,1909-09-15,0,PHI09,R,1,PHI,BRO,1,1,0,0,1,32,26,2,4,4,0,0,0,0,2,,4,0,3,0,0,2,0,1,0,0,6,1,1,1,1,0,0,1,0,0,27,30,30,0,0,2,2,0,0,0,0,0,0,1,1,0,0,0,0,0,0,0,0,19,6,,,1,27,48,27,19,2,1,0,0
PHI190909150,box,1909-09-15,0,PHI09,R,1,PHI,BRO,1,1,0,0,1,,26,2,4,4,0,0,0,,2,,4,0,3,0,0,2,0,1,0,0,6,1,1,1,1,0,0,1,0,0,27,30,30,0,0,2,2,0,0,0,0,0,0,1,1,0,0,0,0,0,0,0,0,0,0,,,1,27,48,27,19,2,1,0,0
SLN190909180,evt,1909-09-18,0,STL05,R,0,PHI,SLN,1,1,0,0,1,41,28,7,8,11,1,1,0,0,6,,8,0,2,0,0,4,1,3,4,0,7,1,1,1,0,0,0,1,0,0,27,36,34,2,1,8,8,0,0,0,0,2,0,4,0,0,0,0,0,0,0,0,0,11,11,,,1,27,40,27,12,1,0,0,0
SLN190909180,box,1909-09-18,0,STL05,R,0,PHI,SLN,1,1,0,0,1,,28,7,8,11,1,1,0,,6,,8,0,2,0,0,4,1,3,4,0,7,1,1,1,0,0,0,1,0,0,27,36,34,2,1,8,8,0,0,0,0,2,0,4,0,0,0,0,0,0,0,0,0,0,0,,,1,27,40,27,12,1,0,0,0
SLN190909190,evt,1909-09-19,0,STL05,R,0,PHI,SLN,1,1,0,0,1,37,27,4,8,12,0,2,0,0,4,,6,0,0,0,0,2,2,0,3,0,6,1,1,1,0,0,0,1,0,0,27,38,31,2,1,7,7,0,0,0,0,7,1,4,1,0,0,0,0,1,0,0,0,18,2,,,1,27,20,14,5,1,1,0,0
SLN190909190,box,1909-09-19,0,STL05,R,0,PHI,SLN,1,1,0,0,1,,27,4,8,12,0,2,0,,4,,6,0,,0,0,2,2,0,3,0,6,1,1,1,0,0,0,1,0,0,27,38,31,2,1,7,7,0,0,0,0,7,1,,1,0,0,0,0,1,0,0,0,0,0,,,1,27,41,27,13,1,1,0,0
SLN190909200,evt,1909-09-20,0,STL05,R,0,PHI,SLN,1,1,0,0,1,31,30,2,4,7,0,0,1,0,2,,0,0,2,0,0,1,0,1,0,0,2,1,1,1,1,0,0,1,0,0,27,33,32,0,0,7,7,0,0,0,0,1,0,1,1,0,0,0,0,0,0,0,0,9,14,,,1,27,38,26,11,1,1,0,0
SLN190909200,box,1909-09-20,0,STL05,R,0,PHI,SLN,1,1,0,0,1,,30,2,4,7,0,0,1,,2,,0,0,2,0,0,1,0,1,0,0,2,1,1,1,1,0,0,1,0,0,27,33,32,0,0,7,7,0,0,0,0,1,0,1,1,0,0,0,0,0,0,0,0,0,0,,,1,27,38,26,11,1,1,0,0
CIN190909210,evt,1909-09-21,0,CIN06,R,0,PHI,CIN,1,0,1,0,1,40,33,3,7,10,1,1,0,0,3,,4,0,3,0,0,3,0,4,1,0,10,1,1,0,0,0,1,0,1,0,24,40,32,4,3,9,11,2,0,0,0,8,0,3,0,0,0,0,0,0,0,0,0,6,12,,,1,24,34,24,9,1,0,0,0
CIN190909210,box,1909-09-21,0,CIN06,R,0,PHI,CIN,1,0,1,0,1,,33,3,7,10,1,1,0,,3,,4,0,3,0,0,3,0,4,1,0,10,1,1,0,0,0,1,0,1,0,24,40,32,4,3,9,11,2,0,0,0,8,0,3,0,0,0,0,0,0,0,0,0,0,0,,,1,24,34,24,9,1,0,0,0
CIN190909220,evt,1909-09-22,0,CIN06,R,0,PHI,CIN,1,0,0,1,1,53,49,4,8,13,1,2,0,0,3,,1,0,7,0,1,2,0,1,1,0,7,1,1,0,0,0,1,0,0,0,42,57,51,4,4,11,16,1,2,0,0,5,0,5,0,0,1,0,0,0,0,1,0,13,21,,,1,42,58,42,16,0,0,0,0
CIN190909220,box,1909-09-22,0,CIN06,R,0,PHI,CIN,1,0,0,1,1,,49,4,8,13,1,2,0,,3,,1,0,7,0,1,2,0,1,1,0,7,1,1,0,0,0,1,0,0,0,42,57,51,4,4,11,16,1,2,0,0,5,0,5,0,0,1,0,0,0,0,0,0,0,0,,,1,42,58,42,16,0,0,0,0
CIN190909230,evt,1909-09-23,0,CIN06,R,0,PHI,CIN,1,1,0,0,1,49,36,12,10,12,0,1,0,0,8,,4,0,4,0,3,3,3,4,0,0,10,1,1,0,0,0,1,1,0,0,27,33,31,2,2,7,8,1,0,0,0,2,0,2,0,0,0,0,0,0,0,1,1,11,11,,,1,27,43,27,16,0,2,0,0
CIN190909230,box,1909-09-23,0,CIN06,R,0,PHI,CIN,1,1,0,0,1,,36,12,10,12,0,1,0,,8,,4,0,4,0,3,3,3,4,0,0,10,1,1,0,0,0,1,1,0,0,27,33,31,2,2,7,8,1,0,0,0,2,0,2,0,0,0,0,0,0,0,0,0,0,0,,,1,27,43,27,16,0,2,0,0
PIT190909240,evt,1909-09-24,0,PIT06,R,0,PHI,PIT,1,0,1,0,1,34,32,1,8,13,1,2,0,0,1,,1,0,5,0,0,1,0,1,1,0,6,1,1,1,0,0,0,0,1,0,24,33,25,2,2,4,6,0,1,0,0,6,0,7,0,0,2,0,0,0,0,0,0,9,5,,,1,24,38,24,12,2,1,0,0
PIT190909240,box,1909-09-24,0,PIT06,R,0,PHI,PIT,1,0,1,0,1,,32,1,8,13,1,2,0,,1,,1,0,5,0,0,1,0,1,1,0,6,1,1,1,0,0,0,0,1,0,24,33,25,2,2,4,6,0,1,0,0,6,0,7,0,0,2,0,0,0,0,0,0,0,0,,,1,24,38,24,12,2,1,0,0
PIT190909250,evt,1909-09-25,0,PIT06,R,0,PHI,PIT,1,0,1,0,1,38,30,0,5,6,1,0,0,0,0,,5,0,4,0,2,1,0,1,0,0,11,1,1,0,0,0,1,0,1,0,24,35,30,5,5,8,15,0,2,1,0,2,1,1,0,0,3,0,0,0,0,0,0,8,11,,,1,24,40,24,13,3,0,0,0
PIT190909250,box,1909-09-25,0,PIT06,R,0,PHI,PIT,1,0,1,0,1,,30,0,5,6,1,0,0,,0,,5,0,4,0,2,1,0,1,0,0,11,1,1,0,0,0,1,0,1,0,24,35,30,5,5,8,15,0,2,1,0,2,1,1,0,0,3,0,0,0,0,0,0,0,0,,,1,24,40,24,13,3,0,0,0
CHN190909270,evt,1909-09-27,0,CHI08,R,0,PHI,CHN,1,0,1,0,1,31,30,1,4,4,0,0,0,0,0,,1,0,7,0,0,0,0,2,2,0,3,1,1,1,0,0,0,0,1,0,24,35,33,4,4,8,9,1,0,0,0,2,0,3,0,0,0,0,0,0,0,0,0,13,7,,,1,24,40,24,14,2,0,0,1
CHN190909270,box,1909-09-27,0,CHI08,R,0,PHI,CHN,1,0,1,0,1,,30,1,4,4,0,0,0,,0,,1,0,7,0,0,0,0,2,2,0,3,1,1,1,0,0,0,0,1,0,24,35,33,4,4,8,9,1,0,0,0,2,0,3,0,0,0,0,0,0,0,0,0,0,0,,,1,24,40,24,14,2,0,0,1
CHN190909280,evt,1909-09-28,0,CHI08,R,0,PHI,CHN,1,1,0,0,1,36,30,3,8,11,1,1,0,0,3,,4,0,3,0,0,1,1,0,1,0,6,1,1,1,0,0,0,1,0,0,27,35,31,2,2,7,7,0,0,0,0,4,0,3,2,0,0,0,0,0,0,0,0,14,7,,,1,27,43,27,16,0,3,0,0
CHN190909280,box,1909-09-28,0,CHI08,R,0,PHI,CHN,1,1,0,0,1,,30,3,8,11,1,1,0,,3,,4,0,3,0,0,1,1,0,1,0,6,1,1,1,0,0,0,1,0,0,27,35,31,2,2,7,7,0,0,0,0,4,0,3,2,0,0,0,0,0,0,0,0,0,0,,,1,27,43,27,16,0,3,0,0
CHN190909291,evt,1909-09-29,1,CHI08,R,0,PHI,CHN,1,0,1,0,1,37,34,4,8,11,1,1,0,0,2,,0,0,2,0,0,1,2,0,0,0,6,1,1,1,0,0,0,0,1,0,25,35,28,5,4,8,11,1,1,0,0,3,0,2,0,0,2,2,0,0,0,0,0,7,11,,,1,25,39,25,13,1,0,0,0
CHN190909291,box,1909-09-29,1,CHI08,R,0,PHI,CHN,1,0,1,0,1,,34,4,8,11,1,1,0,,2,,0,0,2,0,0,1,2,0,0,0,6,1,1,1,0,0,0,0,1,0,25,35,28,5,4,8,11,1,1,0,0,3,0,2,0,0,2,2,0,0,0,0,0,0,0,,,1,25,39,25,13,1,0,0,0
CHN190909292,evt,1909-09-29,2,CHI08,R,0,PHI,CHN,1,0,1,0,1,34,29,3,5,8,3,0,0,0,2,,4,0,2,1,0,1,0,0,3,0,4,1,1,1,0,0,0,0,1,0,24,34,33,6,5,8,13,2,0,1,0,1,0,4,0,0,0,0,0,1,0,0,0,8,12,,,1,24,34,24,9,1,0,0,0
CHN190909292,box,1909-09-29,2,CHI08,R,0,PHI,CHN,1,0,1,0,1,,29,3,5,8,3,0,0,,2,,4,0,2,1,0,1,0,0,3,0,4,1,1,1,0,0,0,0,1,0,24,34,33,6,5,8,13,2,0,1,0,1,0,4,0,0,0,0,0,1,0,0,0,0,0,,,1,24,34,24,9,1,0,0,0
NY1190910021,evt,1909-10-02,1,NYC10,R,0,PHI,NY1,1,1,0,0,1,44,41,9,16,22,3,0,1,0,4,,1,0,5,1,1,1,0,1,1,0,8,1,1,0,0,0,1,1,0,1,27,37,34,2,1,8,11,3,0,0,0,3,0,2,0,0,0,0,0,0,0,3,1,8,14,,,1,27,39,27,11,1,1,0,0
NY1190910021,box,1909-10-02,1,NYC10,R,0,PHI,NY1,1,1,0,0,1,,41,9,16,22,3,0,1,,4,,1,0,5,1,1,1,0,1,1,0,8,1,1,0,0,0,1,1,0,1,27,37,34,2,1,8,11,3,0,0,0,3,0,2,0,0,0,0,0,0,0,0,0,0,0,,,1,27,39,27,11,1,1,0,0
NY1190910022,evt,1909-10-02,2,NYC10,R,0,PHI,NY1,1,1,0,0,1,32,29,2,9,10,1,0,0,0,2,,1,0,5,0,0,2,0,0,4,0,3,1,1,1,0,0,0,1,0,0,27,34,32,1,1,5,7,2,0,0,0,2,0,4,0,0,0,0,0,0,0,0,0,10,12,,,1,27,39,27,10,2,0,0,0
NY1190910022,box,1909-10-02,2,NYC10,R,0,PHI,NY1,1,1,0,0,1,,29,2,9,10,1,0,0,,2,,1,0,5,0,0,2,0,0,4,0,3,1,1,1,0,0,0,1,0,0,27,34,32,1,1,5,7,2,0,0,0,2,0,4,0,0,0,0,0,0,0,0,0,0,0,,,1,27,39,27,10,2,0,0,0
NY1190910041,evt,1909-10-04,1,NYC10,R,0,PHI,NY1,1,0,1,0,1,39,36,5,11,18,3,2,0,0,5,,2,0,1,0,1,0,0,0,1,0,7,1,1,1,0,0,0,0,1,0,25,39,31,6,2,8,11,3,0,0,0,6,0,2,0,1,0,1,0,0,0,0,0,12,7,,,1,25,49,25,20,4,1,0,0
NY1190910041,box,1909-10-04,1,NYC10,R,0,PHI,NY1,1,0,1,0,1,,36,5,11,18,3,2,0,,5,,2,0,1,0,1,0,0,0,1,0,7,1,1,1,0,0,0,0,1,0,25,39,31,6,2,8,11,3,0,0,0,6,0,2,0,1,0,1,0,0,0,0,0,0,0,,,1,25,49,25,20,4,1,0,0
NY1190910042,evt,1909-10-04,2,NYC10,R,0,PHI,NY1,1,0,0,1,1,16,15,1,3,4,1,0,0,0,0,,1,0,5,0,0,0,0,0,0,0,3,1,1,1,0,0,0,0,1,0,11,16,13,1,1,3,4,1,0,0,0,2,0,2,0,0,1,0,0,0,0,0,0,3,5,,,1,11,16,11,4,1,0,0,0
NY1190910042,box,1909-10-04,2,NYC10,R,0,PHI,NY1,1,0,0,1,1,,15,1,3,4,1,0,0,,0,,1,0,5,0,0,0,0,0,0,0,3,1,1,1,0,0,0,0,1,0,11,16,13,1,1,3,4,1,0,0,0,2,0,2,0,0,1,0,0,0,0,0,0,0,0,,,1,11,16,11,4,1,0,0,0
PHI190910061,evt,1909-10-06,1,PHI09,R,1,PHI,BSN,1,1,0,0,1,45,36,2,7,7,0,0,0,0,1,,5,0,1,0,1,3,0,3,2,0,9,1,1,1,0,0,0,1,0,0,36,44,42,1,1,8,10,0,1,0,0,1,0,6,0,0,1,0,0,1,0,0,0,11,15,,,1,36,53,36,15,2,0,0,0
PHI190910061,box,1909-10-06,1,PHI09,R,1,PHI,BSN,1,1,0,0,1,,36,2,7,7,0,0,0,,1,,5,0,1,0,1,3,0,3,2,0,9,1,1,1,0,0,0,1,0,0,36,44,42,1,1,8,10,0,1,0,0,1,0,6,0,0,1,0,0,1,0,0,0,0,0,,,1,36,53,36,15,2,0,0,0
PHI190910062,evt,1909-10-06,2,PHI09,R,1,PHI,BSN,1,1,0,0,1,35,32,7,12,14,2,0,0,0,3,,3,0,5,0,0,0,0,6,2,0,4,1,1,1,0,0,0,1,0,0,27,37,34,1,1,6,7,1,0,0,0,1,0,4,0,0,1,1,0,0,0,0,0,11,9,,,1,27,46,27,14,5,0,0,1
PHI190910062,box,1909-10-06,2,PHI09,R,1,PHI,BSN,1,1,0,0,1,,32,7,12,14,2,0,0,,3,,3,0,5,0,0,0,0,6,2,0,4,1,1,1,0,0,0,1,0,0,27,37,34,1,1,6,7,1,0,0,0,1,0,4,0,0,1,1,0,0,0,0,0,0,0,,,1,27,46,27,14,5,0,0,1
PHI190910070,box,1909-10-07,0,PHI09,R,1,PHI,BSN,1,0,1,0,1,,33,1,8,8,0,0,0,,1,,3,0,4,1,0,1,0,0,1,0,9,1,1,1,0,0,0,0,1,0,27,35,32,3,1,9,12,1,1,0,0,1,0,6,0,0,2,0,0,0,0,0,0,0,0,,,1,27,43,27,13,3,2,0,0
PHI190910070,ded,1909-10-07,0,PHI09,R,1,PHI,BSN,1,0,1,0,1,37,33,1,8,8,0,0,0,0,1,,3,0,4,1,0,1,0,0,1,0,9,1,1,1,0,0,0,0,1,0,27,35,32,3,1,9,12,1,1,0,0,1,0,6,0,0,2,0,0,0,0,0,0,12,3,,,1,27,20,13,4,3,2,0,0
CIN190904140,evt,1909-04-14,0,CIN06,R,0,PIT,CIN,1,1,0,0,1,33,28,3,4,7,1,1,0,0,3,,3,0,5,0,0,1,1,0,1,0,3,1,1,1,1,0,0,1,0,0,27,36,34,0,0,6,7,1,0,0,0,1,0,5,0,0,1,0,0,0,0,0,0,9,12,,,1,27,37,27,8,2,0,0,0
CIN190904140,box,1909-04-14,0,CIN06,R,0,PIT,CIN,1,1,0,0,1,,28,3,4,7,1,1,0,,3,,3,0,5,0,0,1,1,0,1,0,3,1,1,1,1,0,0,1,0,0,27,36,34,0,0,6,7,1,0,0,0,1,0,5,0,0,1,0,0,0,0,0,0,0,0,,,1,27,37,27,8,2,0,0,0
CIN190904150,evt,1909-04-15,0,CIN06,R,0,PIT,CIN,1,0,1,0,1,38,34,2,7,8,1,0,0,0,2,,3,0,6,0,0,1,0,1,2,0,9,1,1,1,0,0,0,0,1,0,24,37,29,7,6,9,16,1,3,0,0,5,0,3,0,1,1,1,0,0,0,0,0,15,3,,,1,24,10,8,1,1,0,0,0
CIN190904150,box,1909-04-15,0,CIN06,R,0,PIT,CIN,1,0,1,0,1,,34,2,7,8,1,0,0,,2,,3,0,,0,0,1,0,1,2,0,9,1,1,1,0,0,0,0,1,0,24,37,29,7,6,9,16,1,3,0,0,5,0,,0,1,1,1,0,0,0,0,0,0,0,,,1,24,39,24,14,1,0,0,0
CIN190904160,evt,1909-04-16,0,CIN06,R,0,PIT,CIN,1,0,1,0,1,38,35,3,7,11,0,2,0,0,2,,3,1,5,0,0,0,0,2,0,0,8,1,1,0,0,0,1,0,1,0,24,32,23,4,3,4,6,0,1,0,0,5,0,2,0,1,3,0,0,1,0,0,0,13,3,,,1,24,12,8,3,1,1,0,2
CIN190904160,box,1909-04-16,0,CIN06,R,0,PIT,CIN,1,0,1,0,1,,35,3,7,11,0,2,0,,2,,3,1,,0,0,0,0,2,0,0,8,1,1,0,0,0,1,0,1,0,24,32,23,4,3,4,6,0,1,0,0,5,0,,0,1,3,0,0,1,0,0,0,0,0,,,1,24,36,24,11,1,1,0,2
CIN190904170,evt,1909-04-17,0,CIN06,R,0,PIT,CIN,1,0,1,0,1,37,33,5,6,11,1,2,0,0,5,,3,0,1,0,1,0,0,2,1,0,5,1,1,0,0,0,1,0,1,0,24,40,34,8,6,12,19,3,2,0,0,3,0,3,1,1,1,1,0,1,0,2,0,16,2,,,1,24,18,11,4,3,1,0,0
CIN190904170,box,1909-04-17,0,CIN06,R,0,PIT,CIN,1,0,1,0,1,,33,5,6,11,1,2,0,,5,,3,0,1,0,1,0,0,2,1,0,5,1,1,0,0,0,1,0,1,0,24,40,34,8,6,12,19,3,2,0,0,3,0,3,1,1,1,1,0,1,0,0,0,0,0,,,1,24,38,24,11,3,1,0,0
CHN190904180,evt,1909-04-18,0,CHI08,R,0,PIT,CHN,1,1,0,0,1,46,42,1,10,14,2,1,0,0,0,,2,0,7,0,0,2,0,1,1,0,9,1,1,1,1,0,0,1,0,0,36,48,38,0,0,8,9,1,0,0,0,6,0,3,0,1,3,0,0,0,0,0,0,22,4,,,1,36,21,13,7,1,1,0,0
CHN190904180,box,1909-04-18,0,CHI08,R,0,PIT,CHN,1,1,0,0,1,,42,1,10,14,2,1,0,,0,,2,0,7,0,0,2,0,1,1,0,9,1,1,1,1,0,0,1,0,0,36,48,38,0,0,8,9,1,0,0,0,6,0,3,0,1,3,0,0,0,0,0,0,0,0,,,1,36,57,36,20,1,1,0,0
PIT190904220,evt,1909-04-22,0,PIT05,R,1,PIT,CIN,1,0,1,0,1,38,34,4,9,12,1,1,0,0,2,,2,1,2,0,1,0,1,3,0,0,7,1,1,0,0,0,1,0,1,0,27,48,43,7,5,16,20,0,2,0,0,5,0,1,1,0,0,0,0,0,0,0,0,6,16,,,1,27,42,27,12,3,1,0,0
PIT190904220,box,1909-04-22,0,PIT05,R,1,PIT,CIN,1,0,1,0,1,,34,4,9,12,1,1,0,,2,,2,1,2,0,1,0,1,3,0,0,7,1,1,0,0,0,1,0,1,0,27,48,43,7,5,16,20,0,2,0,0,5,0,1,1,0,0,0,0,0,0,0,0,0,0,,,1,27,42,27,12,3,1,0,0
PIT190904230,evt,1909-04-23,0,PIT05,R,1,PIT,CIN,1,1,0,0,1,31,24,2,3,4,1,0,0,0,1,,2,1,1,1,3,2,0,0,1,0,5,1,1,1,0,0,0,0,0,0,27,33,29,1,0,2,2,0,0,0,0,4,0,4,0,0,0,0,0,0,0,0,0,14,8,,,1,27,43,27,15,1,1,0,0
PIT190904230,box,1909-04-23,0,PIT05,R,1,PIT,CIN,1,1,0,0,1,,24,2,3,4,1,0,0,,1,,2,1,1,1,3,2,0,0,1,0,5,1,1,1,0,0,0,0,0,0,27,33,29,1,0,2,2,0,0,0,0,4,0,4,0,0,0,0,0,0,0,0,0,0,0,,,1,27,43,27,15,1,1,0,0
PIT190904240,evt,1909-04-24,0,PIT05,R,1,PIT,CIN,1,0,1,0,1,28,28,0,2,4,0,1,0,0,0,,0,0,3,1,0,0,0,0,0,0,1,1,1,1,0,0,0,0,1,0,27,38,32,4,3,8,12,2,1,0,0,3,0,2,1,0,3,0,0,0,0,0,0,7,13,,,1,27,41,27,11,3,1,0,0
PIT190904240,box,1909-04-24,0,PIT05,R,1,PIT,CIN,1,0,1,0,1,,28,0,2,4,0,1,0,,0,,0,0,3,1,0,0,0,0,0,0,1,1,1,1,0,0,0,0,1,0,27,38,32,4,3,8,12,2,1,0,0,3,0,2,1,0,3,0,0,0,0,0,0,0,0,,,1,27,41,27,11,3,1,0,0
CIN190904250,evt,1909-04-25,0,CIN06,R,0,PIT,CIN,1,1,0,0,1,41,33,2,8,12,2,1,0,0,1,,6,3,2,0,0,2,0,1,0,0,12,1,1,1,0,0,0,1,0,0,27,29,29,1,1,1,3,0,1,0,0,0,0,5,0,0,0,0,0,0,0,0,0,12,10,,,1,27,41,27,13,1,0,0,0
CIN190904250,box,1909-04-25,0,CIN06,R,0,PIT,CIN,1,1,0,0,1,,33,2,8,12,2,1,0,,1,,6,3,2,0,0,2,0,1,0,0,12,1,1,1,0,0,0,1,0,0,27,29,29,1,1,1,3,0,1,0,0,0,0,5,0,0,0,0,0,0,0,0,0,0,0,,,1,27,41,27,13,1,0,0,0
SLN190904260,evt,1909-04-26,0,STL05,R,0,PIT,SLN,1,1,0,0,1,47,47,4,11,17,3,0,1,0,4,,0,0,3,0,0,0,0,0,1,0,7,1,1,0,0,0,1,1,0,0,36,49,41,3,3,8,9,1,0,0,0,4,0,4,0,3,1,0,0,0,0,3,1,18,9,,,1,36,59,36,22,1,1,0,0
SLN190904260,box,1909-04-26,0,STL05,R,0,PIT,SLN,1,1,0,0,1,,47,4,11,17,3,0,1,,4,,0,0,3,0,0,0,0,0,1,0,7,1,1,0,0,0,1,1,0,0,36,49,41,3,3,8,9,1,0,0,0,4,0,4,0,3,1,0,0,0,0,0,0,0,0,,,1,36,59,36,22,1,1,0,0
SLN190904270,evt,1909-04-27,0,STL05,R,0,PIT,SLN,1,1,0,0,1,41,34,7,9,11,0,1,0,0,6,,5,0,1,0,0,1,1,1,1,0,7,1,1,0,0,0,1,1,0,0,27,40,35,6,2,10,14,2,1,0,0,4,0,5,0,0,0,1,0,0,0,2,1,8,11,,,1,27,39,27,9,3,1,0,0
SLN190904270,box,1909-04-27,0,STL05,R,0,PIT,SLN,1,1,0,0,1,,34,7,9,11,0,1,0,,6,,5,0,1,0,0,1,1,1,1,0,7,1,1,0,0,0,1,1,0,0,27,40,35,6,2,10,14,2,1,0,0,4,0,5,0,0,0,1,0,0,0,0,0,0,0,,,1,27,39,27,9,3,1,0,0
SLN190904280,evt,1909-04-28,0,STL05,R,0,PIT,SLN,1,0,1,0,1,37,31,2,6,6,0,0,0,0,1,,5,0,2,0,0,1,0,5,1,0,8,1,1,0,0,0,1,0,1,0,24,36,29,8,5,13,15,2,0,0,0,3,0,1,1,0,3,1,0,0,0,1,0,9,7,,,1,24,44,24,17,3,1,0,1
SLN190904280,box,1909-04-28,0,STL05,R,0,PIT,SLN,1,0,1,0,1,,31,2,6,6,0,0,0,,1,,5,0,2,0,0,1,0,5,1,0,8,1,1,0,0,0,1,0,1,0,24,36,29,8,5,13,15,2,0,0,0,3,0,1,1,0,3,1,0,0,0,0,0,0,0,,,1,24,43,24,16,3,1,0,1
CHN190905021,evt,1909-05-02,1,CHI08,R,0,PIT,CHN,1,1,0,0,1,38,34,5,10,11,1,0,0,0,4,,2,0,6,0,0,1,1,2,1,0,6,1,1,1,0,0,0,1,0,0,27,36,33,2,2,8,10,2,0,0,0,2,0,3,1,0,1,0,0,0,0,0,0,19,2,,,1,27,8,6,1,1,1,0,0
CHN190905021,box,1909-05-02,1,CHI08,R,0,PIT,CHN,1,1,0,0,1,,34,5,10,11,1,0,0,,4,,2,0,6,0,0,1,1,2,1,0,6,1,1,1,0,0,0,1,0,0,27,36,33,2,2,8,10,2,0,0,0,2,0,3,1,0,1,0,0,0,0,0,0,0,0,,,1,27,41,27,13,1,1,0,0
CHN190905022,evt,1909-05-02,2,CHI08,R,0,PIT,CHN,1,1,0,0,1,36,31,6,5,6,1,0,0,0,4,,3,0,2,0,1,1,0,6,3,0,3,1,1,1,1,0,0,1,0,0,27,32,32,0,0,6,8,2,0,0,0,0,0,3,0,0,0,0,0,0,0,0,0,22,1,,,1,27,11,7,4,0,1,0,0
CHN190905022,box,1909-05-02,2,CHI08,R,0,PIT,CHN,1,1,0,0,1,,31,6,5,6,1,0,0,,4,,3,0,2,0,1,1,0,6,3,0,3,1,1,1,1,0,0,1,0,0,27,32,32,0,0,6,8,2,0,0,0,0,0,3,0,0,0,0,0,0,0,0,0,0,0,,,1,27,42,27,15,0,1,0,0
CHN190905030,evt,1909-05-03,0,CHI08,R,0,PIT,CHN,1,1,0,0,1,49,36,9,14,19,3,1,0,0,7,,9,0,2,0,0,4,0,6,0,0,13,1,1,1,0,0,0,1,0,0,27,36,35,2,2,8,10,2,0,0,0,1,0,6,0,0,0,0,0,0,0,0,0,11,9,,,1,27,42,27,14,1,0,0,0
CHN190905030,box,1909-05-03,0,CHI08,R,0,PIT,CHN,1,1,0,0,1,,36,9,14,19,3,1,0,,7,,9,0,2,0,0,4,0,6,0,0,13,1,1,1,0,0,0,1,0,0,27,36,35,2,2,8,10,2,0,0,0,1,0,6,0,0,0,0,0,0,0,0,0,0,0,,,1,27,42,27,14,1,0,0,0
CHN190905040,evt,1909-05-04,0,CHI08,R,0,PIT,CHN,1,1,0,0,1,42,39,1,8,10,2,0,0,0,1,,2,0,8,1,0,1,0,1,1,0,8,1,1,1,1,0,0,1,0,0,33,41,38,0,0,6,7,1,0,0,0,3,0,1,0,0,0,0,0,0,0,0,0,12,16,,,1,33,55,33,19,3,0,0,0
CHN190905040,box,1909-05-04,0,CHI08,R,0,PIT,CHN,1,1,0,0,1,,39,1,8,10,2,0,0,,1,,2,0,8,1,0,1,0,1,1,0,8,1,1,1,1,0,0,1,0,0,33,41,38,0,0,6,7,1,0,0,0,3,0,1,0,0,0,0,0,0,0,0,0,0,0,,,1,33,55,33,19,3,0,0,0
PIT190905050,evt,1909-05-05,0,PIT05,R,1,PIT,SLN,1,1,0,0,1,36,29,6,10,12,0,1,0,0,5,,3,0,4,1,0,3,1,3,3,0,6,1,1,0,0,0,1,1,0,0,27,40,34,5,4,10,14,2,1,0,0,3,1,1,1,2,1,0,0,0,0,0,0,16,7,,,1,27,28,17,10,1,2,0,0
PIT190905050,box,1909-05-05,0,PIT05,R,1,PIT,SLN,1,1,0,0,1,,29,6,10,12,0,1,0,,5,,3,0,4,1,0,3,1,3,3,0,6,1,1,0,0,0,1,1,0,0,27,40,34,5,4,10,14,2,1,0,0,3,1,1,1,2,1,0,0,0,0,0,0,0,0,,,1,27,44,27,16,1,2,0,0
PIT190905060,evt,1909-05-06,0,PIT05,R,1,PIT,SLN,1,1,0,0,1,46,43,6,14,18,4,0,0,0,6,,3,0,1,0,0,0,0,0,3,0,9,1,1,0,0,0,1,1,0,0,33,46,42,5,2,7,9,0,1,0,0,4,0,2,0,0,0,0,0,0,0,1,0,26,4,,,1,33,12,7,1,4,0,0,0
PIT190905060,box,1909-05-06,0,PIT05,R,1,PIT,SLN,1,1,0,0,1,,43,6,14,18,4,0,0,,6,,3,0,,0,0,0,0,0,3,0,9,1,1,0,0,0,1,1,0,0,33,46,42,5,2,7,9,0,1,0,0,4,0,,0,0,0,0,0,0,0,0,0,0,0,,,1,33,51,33,14,4,0,0,0
PIT190905070,evt,1909-05-07,0,PIT05,R,1,PIT,SLN,1,1,0,0,1,40,35,5,15,17,2,0,0,0,4,,4,0,1,2,0,1,0,0,3,0,11,1,1,1,0,0,0,1,0,0,27,38,36,3,2,9,10,1,0,0,0,2,0,6,0,0,0,0,0,0,0,0,0,15,4,,,1,27,30,19,8,3,1,0,0
PIT190905070,box,1909-05-07,0,PIT05,R,1,PIT,SLN,1,1,0,0,1,,35,5,15,17,2,0,0,,4,,4,0,1,2,0,1,0,0,3,0,11,1,1,1,0,0,0,1,0,0,27,38,36,3,2,9,10,1,0,0,0,2,0,6,0,0,0,0,0,0,0,0,0,0,0,,,1,27,42,27,12,3,1,0,0
PIT190905080,evt,1909-05-08,0,PIT05,R,1,PIT,SLN,1,0,1,0,1,33,30,0,6,6,0,0,0,0,0,,2,0,4,0,0,1,0,0,2,0,6,1,1,0,0,0,1,0,1,0,27,42,35,8,2,9,11,0,1,0,0,3,0,3,0,4,0,0,0,0,0,5,3,8,13,,,1,27,43,27,11,5,0,0,0
PIT190905080,box,1909-05-08,0,PIT05,R,1,PIT,SLN,1,0,1,0,1,,30,0,6,6,0,0,0,,0,,2,0,4,0,0,1,0,0,2,0,6,1,1,0,0,0,1,0,1,0,27,42,35,8,2,9,11,0,1,0,0,3,0,3,0,4,0,0,0,0,0,0,0,0,0,,,1,27,43,27,11,5,0,0,0
PHI190905110,evt,1909-05-11,0,PHI09,R,0,PIT,PHI,1,1,0,0,1,45,37,7,14,16,0,1,0,0,4,,6,0,7,0,0,2,0,3,3,0,11,1,1,1,0,0,0,1,0,0,27,30,28,1,0,3,4,1,0,0,0,2,0,4,1,0,0,0,0,0,0,0,0,10,11,,,1,27,39,27,12,0,2,0,1
PHI190905110,box,1909-05-11,0,PHI09,R,0,PIT,PHI,1,1,0,0,1,,37,7,14,16,0,1,0,,4,,6,0,7,0,0,2,0,3,3,0,11,1,1,1,0,0,0,1,0,0,27,30,28,1,0,3,4,1,0,0,0,2,0,4,1,0,0,0,0,0,0,0,0,0,0,,,1,27,39,27,12,0,2,0,1
PHI190905120,evt,1909-05-12,0,PHI09,R,0,PIT,PHI,1,0,1,0,1,37,34,1,5,6,1,0,0,0,0,,3,0,2,0,0,0,0,0,0,0,9,1,1,1,0,0,0,0,1,0,24,33,28,3,1,5,5,0,0,0,0,2,0,0,0,1,2,0,0,0,0,0,0,10,12,,,1,24,38,24,12,2,0,0,0
PHI190905120,box,1909-05-12,0,PHI09,R,0,PIT,PHI,1,0,1,0,1,,34,1,5,6,1,0,0,,0,,3,0,2,0,0,0,0,0,0,0,9,1,1,1,0,0,0,0,1,0,24,33,28,3,1,5,5,0,0,0,0,2,0,0,0,1,2,0,0,0,0,0,0,0,0,,,1,24,38,24,12,2,0,0,0
PHI190905130,evt,1909-05-13,0,PHI09,R,0,PIT,PHI,1,1,0,0,1,43,33,6,8,10,2,0,0,0,4,,8,1,3,0,1,1,0,0,1,0,10,1,1,0,0,0,1,1,0,1,27,36,31,4,4,10,13,1,1,0,0,3,0,1,0,0,1,1,0,0,0,1,1,19,2,,,1,27,15,7,7,1,0,0,1
PHI190905130,box,1909-05-13,0,PHI09,R,0,PIT,PHI,1,1,0,0,1,,33,6,8,10,2,0,0,,4,,8,1,3,0,1,1,0,0,1,0,10,1,1,0,0,0,1,1,0,1,27,36,31,4,4,10,13,1,1,0,0,3,0,1,0,0,1,1,0,0,0,0,0,0,0,,,1,27,44,27,16,1,0,0,1
PHI190905140,evt,1909-05-14,0,PHI09,R,0,PIT,PHI,1,0,1,0,1,32,28,0,4,6,0,1,0,0,0,,2,0,2,0,0,2,0,0,0,0,5,1,1,1,0,0,0,0,1,0,24,30,25,2,1,4,4,0,0,0,0,2,0,2,0,1,2,0,0,0,0,0,0,11,8,,,1,24,37,24,12,1,0,0,0
PHI190905140,box,1909-05-14,0,PHI09,R,0,PIT,PHI,1,0,1,0,1,,28,0,4,6,0,1,0,,0,,2,0,2,0,0,2,0,0,0,0,5,1,1,1,0,0,0,0,1,0,24,30,25,2,1,4,4,0,0,0,0,2,0,2,0,1,2,0,0,0,0,0,0,0,0,,,1,24,37,24,12,1,0,0,0
BRO190905150,evt,1909-05-15,0,NYC12,R,0,PIT,BRO,1,1,0,0,1,36,32,6,8,10,2,0,0,0,5,,4,0,2,0,0,0,0,0,3,0,3,1,1,1,0,0,0,1,0,0,27,38,35,5,5,8,12,2,1,0,0,2,0,6,0,0,1,0,0,0,0,0,0,7,12,,,1,27,35,27,7,1,0,0,0
BRO190905150,box,1909-05-15,0,NYC12,R,0,PIT,BRO,1,1,0,0,1,,32,6,8,10,2,0,0,,5,,4,0,2,0,0,0,0,0,3,0,3,1,1,1,0,0,0,1,0,0,27,38,35,5,5,8,12,2,1,0,0,2,0,6,0,0,1,0,0,0,0,0,0,0,0,,,1,27,35,27,7,1,0,0,0
BRO190905170,evt,1909-05-17,0,NYC12,R,0,PIT,BRO,1,1,0,0,1,50,36,11,11,14,1,1,0,0,8,,10,0,5,0,0,4,0,0,1,0,12,1,1,1,0,0,0,1,0,0,27,35,33,1,0,6,6,0,0,0,0,2,0,3,0,0,0,0,0,0,0,0,0,15,7,,,1,27,47,27,17,3,0,0,0
BRO190905170,box,1909-05-17,0,NYC12,R,0,PIT,BRO,1,1,0,0,1,,36,11,11,14,1,1,0,,8,,10,0,5,0,0,4,0,0,1,0,12,1,1,1,0,0,0,1,0,0,27,35,33,1,0,6,6,0,0,0,0,2,0,3,0,0,0,0,0,0,0,0,0,0,0,,,1,27,47,27,17,3,0,0,0
BRO190905180,evt,1909-05-18,0,NYC12,R,0,PIT,BRO,1,1,0,0,1,42,39,8,12,20,2,3,0,0,8,,0,0,8,0,1,0,2,2,1,0,4,1,1,0,0,0,1,1,0,0,30,46,39,5,5,14,17,1,1,0,0,3,0,0,0,1,2,1,0,1,0,1,0,15,11,,,1,30,45,30,15,0,0,0,0
BRO190905180,box,1909-05-18,0,NYC12,R,0,PIT,BRO,1,1,0,0,1,,39,8,12,20,2,3,0,,8,,0,0,8,0,1,0,2,2,1,0,4,1,1,0,0,0,1,1,0,0,30,46,39,5,5,14,17,1,1,0,0,3,0,0,0,1,2,1,0,1,0,0,0,0,0,,,1,30,45,30,15,0,0,0,0
BRO190905190,evt,1909-05-19,0,NYC12,R,0,PIT,BRO,1,0,1,0,1,30,28,0,2,2,0,0,0,0,0,,1,0,6,0,0,1,0,1,0,0,3,1,1,1,0,0,0,0,1,0,24,31,28,2,2,7,9,2,0,0,0,1,0,1,0,0,2,0,0,0,0,0,0,11,9,,,1,24,38,24,13,1,0,0,0
BRO190905190,box,1909-05-19,0,NYC12,R,0,PIT,BRO,1,0,1,0,1,,28,0,2,2,0,0,0,,0,,1,0,6,0,0,1,0,1,0,0,3,1,1,1,0,0,0,0,1,0,24,31,28,2,2,7,9,2,0,0,0,1,0,1,0,0,2,0,0,0,0,0,0,0,0,,,1,24,38,24,13,1,0,0,0
NY1190905200,evt,1909-05-20,0,NYC10,R,0,PIT,NY1,1,0,1,0,1,35,33,1,8,9,1,0,0,0,1,,2,0,6,0,0,0,0,0,0,0,7,1,1,1,0,0,0,0,1,0,24,31,26,2,2,5,9,1,0,1,0,2,0,0,2,0,3,0,0,0,0,0,0,9,11,,,1,24,36,24,10,2,2,0,0
NY1190905200,box,1909-05-20,0,NYC10,R,0,PIT,NY1,1,0,1,0,1,,33,1,8,9,1,0,0,,1,,2,0,6,0,0,0,0,0,0,0,7,1,1,1,0,0,0,0,1,0,24,31,26,2,2,5,9,1,0,1,0,2,0,0,2,0,3,0,0,0,0,0,0,0,0,,,1,24,36,24,10,2,2,0,0
BSN190905240,evt,1909-05-24,0,BOS05,R,0,PIT,BSN,1,1,0,0,1,36,29,6,9,11,0,1,0,0,6,,4,0,3,0,0,3,0,2,2,0,3,1,1,0,0,0,1,1,0,1,27,40,35,2,2,9,10,1,0,0,0,4,0,2,0,1,0,0,0,0,0,0,0,9,15,,,1,27,39,27,11,1,1,0,0
BSN190905240,box,1909-05-24,0,BOS05,R,0,PIT,BSN,1,1,0,0,1,,29,6,9,11,0,1,0,,6,,4,0,3,0,0,3,0,2,2,0,3,1,1,0,0,0,1,1,0,1,27,40,35,2,2,9,10,1,0,0,0,4,0,2,0,1,0,0,0,0,0,0,0,0,0,,,1,27,39,27,11,1,1,0,0
BSN190905250,evt,1909-05-25,0,BOS05,R,0,PIT,BSN,1,1,0,0,1,38,33,6,6,12,0,0,2,0,3,,3,0,1,0,0,2,0,1,1,0,5,1,1,1,0,0,0,1,0,0,27,31,30,2,2,6,6,0,0,0,0,1,0,1,1,0,0,0,0,0,0,0,0,12,11,,,1,27,41,27,13,1,1,0,0
BSN190905250,box,1909-05-25,0,BOS05,R,0,PIT,BSN,1,1,0,0,1,,33,6,6,12,0,0,2,,3,,3,0,1,0,0,2,0,1,1,0,5,1,1,1,0,0,0,1,0,0,27,31,30,2,2,6,6,0,0,0,0,1,0,1,1,0,0,0,0,0,0,0,0,0,0,,,1,27,41,27,13,1,1,0,0
BSN190905260,evt,1909-05-26,0,BOS05,R,0,PIT,BSN,1,1,0,0,1,50,44,9,12,20,6,1,0,0,8,,5,1,5,0,0,1,0,1,0,0,11,1,1,0,0,0,1,1,0,0,30,41,36,4,4,11,12,1,0,0,0,2,0,2,1,0,0,3,0,0,0,0,0,11,13,,,1,30,46,30,14,2,1,0,0
BSN190905260,box,1909-05-26,0,BOS05,R,0,PIT,BSN,1,1,0,0,1,,44,9,12,20,6,1,0,,8,,5,1,5,0,0,1,0,1,0,0,11,1,1,0,0,0,1,1,0,0,30,41,36,4,4,11,12,1,0,0,0,2,0,2,1,0,0,3,0,0,0,0,0,0,0,,,1,30,46,30,14,2,1,0,0
BSN190905270,evt,1909-05-27,0,BOS05,R,0,PIT,BSN,1,1,0,0,1,39,34,7,10,13,3,0,0,0,6,,5,0,2,0,0,0,0,1,3,0,5,1,1,1,1,0,0,1,0,0,27,36,32,0,0,6,6,0,0,0,0,4,1,1,0,0,0,0,0,0,0,0,0,10,14,,,1,27,39,27,11,1,0,0,0
BSN190905270,box,1909-05-27,0,BOS05,R,0,PIT,BSN,1,1,0,0,1,,34,7,10,13,3,0,0,,6,,5,0,2,0,0,0,0,1,3,0,5,1,1,1,1,0,0,1,0,0,27,36,32,0,0,6,6,0,0,0,0,4,1,1,0,0,0,0,0,0,0,0,0,0,0,,,1,27,39,27,11,1,0,0,0
PIT190905290,evt,1909-05-29,0,PIT05,R,1,PIT,CHN,1,0,1,0,1,49,45,3,9,14,1,2,0,0,2,,4,0,8,0,0,0,0,2,0,0,13,1,1,1,0,0,0,0,1,0,33,49,43,8,8,14,18,4,0,0,0,2,0,4,1,2,0,2,0,0,0,0,0,12,14,,,1,33,47,33,14,0,1,0,0
PIT190905290,box,1909-05-29,0,PIT05,R,1,PIT,CHN,1,0,1,0,1,,45,3,9,14,1,2,0,,2,,4,0,8,0,0,0,0,2,0,0,13,1,1,1,0,0,0,0,1,0,33,49,43,8,8,14,18,4,0,0,0,2,0,4,1,2,0,2,0,0,0,0,0,0,0,,,1,33,47,33,14,0,1,0,0
CHN190905301,evt,1909-05-30,1,CHI08,R,0,PIT,CHN,1,1,0,0,1,44,31,5,7,9,2,0,0,0,4,,10,0,10,0,0,2,1,1,1,0,12,1,1,0,0,0,1,1,0,0,27,35,34,4,4,8,11,3,0,0,0,1,0,5,0,0,0,0,0,0,0,1,1,19,1,,,1,27,8,7,1,0,0,0,0
CHN190905301,box,1909-05-30,1,CHI08,R,0,PIT,CHN,1,1,0,0,1,,31,5,7,9,2,0,0,,4,,10,0,10,0,0,2,1,1,1,0,12,1,1,0,0,0,1,1,0,0,27,35,34,4,4,8,11,3,0,0,0,1,0,5,0,0,0,0,0,0,0,0,0,0,0,,,1,27,37,27,10,0,0,0,0
CHN190905302,evt,1909-05-30,2,CHI08,R,0,PIT,CHN,1,1,0,0,1,41,35,4,11,16,5,0,0,0,4,,2,0,8,0,0,4,0,0,0,0,10,1,1,1,0,0,0,1,0,0,27,41,36,2,2,10,13,3,0,0,0,4,0,2,1,0,1,0,0,0,0,0,0,20,2,,,1,27,11,7,2,2,1,0,0
CHN190905302,box,1909-05-30,2,CHI08,R,0,PIT,CHN,1,1,0,0,1,,35,4,11,16,5,0,0,,4,,2,0,8,0,0,4,0,0,0,0,10,1,1,1,0,0,0,1,0,0,27,41,36,2,2,10,13,3,0,0,0,4,0,2,1,0,1,0,0,0,0,0,0,0,0,,,1,27,45,27,16,2,1,0,0
PIT190905311,evt,1909-05-31,1,PIT05,R,1,PIT,SLN,1,1,0,0,1,36,32,5,9,13,0,2,0,0,3,,2,1,4,0,1,1,0,0,1,0,7,1,1,0,0,0,1,1,0,0,27,35,34,4,4,10,13,1,1,0,0,1,0,4,0,0,0,0,0,0,0,3,2,8,9,,,1,27,46,27,17,2,1,0,0
PIT190905311,box,1909-05-31,1,PIT05,R,1,PIT,SLN,1,1,0,0,1,,32,5,9,13,0,2,0,,3,,2,1,4,0,1,1,0,0,1,0,7,1,1,0,0,0,1,1,0,0,27,35,34,4,4,10,13,1,1,0,0,1,0,4,0,0,0,0,0,0,0,0,0,0,0,,,1,27,46,27,17,2,1,0,0
PIT190905312,evt,1909-05-31,2,PIT05,R,1,PIT,SLN,1,1,0,0,1,37,29,4,8,10,0,1,0,0,4,,5,0,5,1,1,2,0,1,0,0,9,1,1,1,0,0,0,1,0,0,27,35,33,2,2,9,12,3,0,0,0,2,0,3,0,0,0,0,0,0,0,0,0,18,3,,,1,27,15,10,5,0,1,0,0
PIT190905312,box,1909-05-31,2,PIT05,R,1,PIT,SLN,1,1,0,0,1,,29,4,8,10,0,1,0,,4,,5,0,5,1,1,2,0,1,0,0,9,1,1,1,0,0,0,1,0,0,27,35,33,2,2,9,12,3,0,0,0,2,0,3,0,0,0,0,0,0,0,0,0,0,0,,,1,27,36,27,9,0,1,0,0
PIT190906020,evt,1909-06-02,0,PIT05,R,1,PIT,BSN,1,1,0,0,1,34,31,2,9,15,2,2,0,0,1,,2,0,0,1,0,1,0,2,0,0,8,1,1,1,1,0,0,1,0,0,27,33,31,0,0,4,4,0,0,0,0,2,0,0,1,0,0,0,0,0,0,0,0,23,3,,,1,27,21,12,8,1,1,0,0
PIT190906020,box,1909-06-02,0,PIT05,R,1,PIT,BSN,1,1,0,0,1,,31,2,9,15,2,2,0,,1,,2,0,0,1,0,1,0,2,0,0,8,1,1,1,1,0,0,1,0,0,27,33,31,0,0,4,4,0,0,0,0,2,0,0,1,0,0,0,0,0,0,0,0,0,0,,,1,27,40,27,12,1,1,0,0
PIT190906030,evt,1909-06-03,0,PIT05,R,1,PIT,BSN,1,1,0,0,1,42,31,9,9,12,0,0,1,1,9,,8,0,3,0,0,2,1,1,0,0,9,1,1,0,0,0,1,1,0,0,27,42,35,8,3,13,20,1,3,0,0,3,0,4,0,0,3,1,0,0,0,0,0,12,5,,,1,27,21,15,3,3,2,0,0
PIT190906030,box,1909-06-03,0,PIT05,R,1,PIT,BSN,1,1,0,0,1,,31,9,9,12,0,0,1,,9,,8,0,3,0,0,2,1,1,0,0,9,1,1,0,0,0,1,1,0,0,27,42,35,8,3,13,20,1,3,0,0,3,0,4,0,0,3,1,0,0,0,0,0,0,0,,,1,27,38,27,8,3,2,0,0
PIT190906050,evt,1909-06-05,0,PIT05,R,1,PIT,BSN,1,1,0,0,1,38,31,3,8,9,1,0,0,0,2,,7,0,2,0,0,0,0,4,2,0,11,1,1,1,0,0,0,1,0,0,27,36,35,1,1,9,10,1,0,0,0,0,0,2,0,0,1,0,0,0,0,0,0,11,13,,,1,27,36,27,9,0,0,0,0
PIT190906050,box,1909-06-05,0,PIT05,R,1,PIT,BSN,1,1,0,0,1,,31,3,8,9,1,0,0,,2,,7,0,2,0,0,0,0,4,2,0,11,1,1,1,0,0,0,1,0,0,27,36,35,1,1,9,10,1,0,0,0,0,0,2,0,0,1,0,0,0,0,0,0,0,0,,,1,27,36,27,9,0,0,0,0
PIT190906070,evt,1909-06-07,0,PIT05,R,1,PIT,PHI,1,1,0,0,1,33,31,4,7,11,2,1,0,0,4,,2,0,3,0,0,0,0,0,0,0,5,1,1,0,0,0,1,1,0,1,27,34,33,3,2,7,8,1,0,0,0,0,0,3,0,0,0,1,0,0,0,0,0,13,11,,,1,27,42,27,14,1,0,0,0
PIT190906070,box,1909-06-07,0,PIT05,R,1,PIT,PHI,1,1,0,0,1,,31,4,7,11,2,1,0,,4,,2,0,3,0,0,0,0,0,0,0,5,1,1,0,0,0,1,1,0,1,27,34,33,3,2,7,8,1,0,0,0,0,0,3,0,0,0,1,0,0,0,0,0,0,0,,,1,27,42,27,14,1,0,0,0
PIT190906080,evt,1909-06-08,0,PIT05,R,1,PIT,PHI,1,1,0,0,1,36,29,4,9,11,2,0,0,0,4,,5,0,3,2,0,2,0,0,1,0,7,1,1,0,0,0,1,1,0,0,27,39,31,3,3,11,15,2,1,0,0,3,0,3,1,0,5,0,0,0,0,0,0,8,9,,,1,27,44,27,15,2,1,0,0
PIT190906080,box,1909-06-08,0,PIT05,R,1,PIT,PHI,1,1,0,0,1,,29,4,9,11,2,0,0,,4,,5,0,3,2,0,2,0,0,1,0,7,1,1,0,0,0,1,1,0,0,27,39,31,3,3,11,15,2,1,0,0,3,0,3,1,0,5,0,0,0,0,0,0,0,0,,,1,27,44,27,15,2,1,0,0
PIT190906090,evt,1909-06-09,0,PIT05,R,1,PIT,PHI,1,1,0,0,1,36,31,6,11,14,1,1,0,0,6,,2,0,1,0,0,1,2,0,1,0,6,1,1,1,1,0,0,1,0,0,27,34,30,0,0,6,7,1,0,0,0,4,1,4,1,0,0,0,0,1,0,0,0,10,9,,,1,27,41,27,14,0,1,0,0
PIT190906090,box,1909-06-09,0,PIT05,R,1,PIT,PHI,1,1,0,0,1,,31,6,11,14,1,1,0,,6,,2,0,1,0,0,1,2,0,1,0,6,1,1,1,1,0,0,1,0,0,27,34,30,0,0,6,7,1,0,0,0,4,1,4,1,0,0,0,0,1,0,0,0,0,0,,,1,27,41,27,14,0,1,0,0
PIT190906110,evt,1909-06-11,0,PIT05,R,1,PIT,BRO,1,1,0,0,1,40,38,8,13,19,4,1,0,0,7,,1,0,3,0,0,1,0,6,0,0,8,1,1,1,0,0,0,1,0,0,27,33,32,1,1,7,11,2,1,0,0,0,0,3,1,0,0,1,0,0,0,0,0,8,15,,,1,27,35,27,8,0,1,0,0
PIT190906110,box,1909-06-11,0,PIT05,R,1,PIT,BRO,1,1,0,0,1,,38,8,13,19,4,1,0,,7,,1,0,3,0,0,1,0,6,0,0,8,1,1,1,0,0,0,1,0,0,27,33,32,1,1,7,11,2,1,0,0,0,0,3,1,0,0,1,0,0,0,0,0,0,0,,,1,27,35,27,8,0,1,0,0
PIT190906120,evt,1909-06-12,0,PIT05,R,1,PIT,BRO,1,1,0,0,1,39,31,10,13,15,2,0,0,0,7,,4,0,1,1,0,3,1,3,2,0,5,1,1,1,0,0,0,1,0,0,27,34,34,1,0,8,8,0,0,0,0,0,0,8,1,0,0,0,0,0,0,0,0,5,13,,,1,27,34,27,6,1,1,0,0
PIT190906120,box,1909-06-12,0,PIT05,R,1,PIT,BRO,1,1,0,0,1,,31,10,13,15,2,0,0,,7,,4,0,1,1,0,3,1,3,2,0,5,1,1,1,0,0,0,1,0,0,27,34,34,1,0,8,8,0,0,0,0,0,0,8,1,0,0,0,0,0,0,0,0,0,0,,,1,27,34,27,6,1,1,0,0
PIT190906140,evt,1909-06-14,0,PIT05,R,1,PIT,BRO,1,1,0,0,1,37,31,7,10,14,2,1,0,0,5,,6,0,3,0,0,0,0,0,1,0,6,1,1,0,0,0,1,1,0,0,27,44,42,5,4,16,19,1,1,0,0,1,0,3,0,0,1,0,0,0,0,0,0,7,14,,,1,27,39,27,11,1,1,0,0
PIT190906140,box,1909-06-14,0,PIT05,R,1,PIT,BRO,1,1,0,0,1,,31,7,10,14,2,1,0,,5,,6,0,3,0,0,0,0,0,1,0,6,1,1,0,0,0,1,1,0,0,27,44,42,5,4,16,19,1,1,0,0,1,0,3,0,0,1,0,0,0,0,0,0,0,0,,,1,27,39,27,11,1,1,0,0
PIT190906150,evt,1909-06-15,0,PIT05,R,1,PIT,BRO,1,1,0,0,1,44,34,8,13,20,0,2,1,0,6,,6,0,2,0,1,3,0,4,1,0,12,1,1,1,0,0,0,1,0,0,27,38,37,2,1,12,16,2,1,0,0,0,0,0,0,0,1,0,0,0,0,0,0,9,16,,,1,27,43,27,13,3,1,0,0
PIT190906150,box,1909-06-15,0,PIT05,R,1,PIT,BRO,1,1,0,0,1,,34,8,13,20,0,2,1,,6,,6,0,2,0,1,3,0,4,1,0,12,1,1,1,0,0,0,1,0,0,27,38,37,2,1,12,16,2,1,0,0,0,0,0,0,0,1,0,0,0,0,0,0,0,0,,,1,27,43,27,13,3,1,0,0
PIT190906160,evt,1909-06-16,0,PIT05,R,1,PIT,NY1,1,0,1,0,1,36,36,2,10,12,0,1,0,0,1,,0,0,3,0,0,0,0,0,0,0,7,1,1,0,0,0,1,0,1,0,27,41,36,8,8,13,23,1,3,1,0,3,0,2,0,0,1,1,0,0,0,2,1,8,12,,,1,27,41,27,12,2,0,0,0
PIT190906160,box,1909-06-16,0,PIT05,R,1,PIT,NY1,1,0,1,0,1,,36,2,10,12,0,1,0,,1,,0,0,3,0,0,0,0,0,0,0,7,1,1,0,0,0,1,0,1,0,27,41,36,8,8,13,23,1,3,1,0,3,0,2,0,0,1,1,0,0,0,0,0,0,0,,,1,27,41,27,12,2,0,0,0
PIT190906180,evt,1909-06-18,0,PIT05,R,1,PIT,NY1,1,1,0,0,1,47,41,3,10,12,0,1,0,0,3,,3,1,2,1,1,2,0,2,2,0,12,1,1,1,0,0,0,1,0,0,33,45,39,2,0,7,7,0,0,0,0,4,0,6,1,1,1,0,0,1,0,0,0,7,17,,,1,33,45,33,9,3,1,0,0
PIT190906180,box,1909-06-18,0,PIT05,R,1,PIT,NY1,1,1,0,0,1,,41,3,10,12,0,1,0,,3,,3,1,2,1,1,2,0,2,2,0,12,1,1,1,0,0,0,1,0,0,33,45,39,2,0,7,7,0,0,0,0,4,0,6,1,1,1,0,0,1,0,0,0,0,0,,,1,33,45,33,9,3,1,0,0
PIT190906190,evt,1909-06-19,0,PIT05,R,1,PIT,NY1,1,1,0,0,1,48,46,2,12,14,0,1,0,0,2,,1,0,6,0,0,1,0,1,2,0,9,1,1,1,0,0,0,1,0,0,39,50,44,1,1,9,9,0,0,0,0,5,1,1,0,0,1,0,0,0,0,0,0,12,21,,,1,39,55,39,16,0,1,0,1
PIT190906190,box,1909-06-19,0,PIT05,R,1,PIT,NY1,1,1,0,0,1,,46,2,12,14,0,1,0,,2,,1,0,6,0,0,1,0,1,2,0,9,1,1,1,0,0,0,1,0,0,39,50,44,1,1,9,9,0,0,0,0,5,1,1,0,0,1,0,0,0,0,0,0,0,0,,,1,39,55,39,16,0,1,0,1
PIT190906210,evt,1909-06-21,0,PIT05,R,1,PIT,PHI,1,1,0,0,1,33,30,5,7,9,0,1,0,0,4,,3,1,2,0,0,0,0,5,1,0,4,1,1,0,0,0,1,1,0,1,27,39,35,3,3,9,14,1,2,0,0,3,0,3,0,0,0,1,0,0,0,1,0,18,5,,,1,27,44,27,17,0,0,0,0
PIT190906210,box,1909-06-21,0,PIT05,R,1,PIT,PHI,1,1,0,0,1,,30,5,7,9,0,1,0,,4,,3,1,2,0,0,0,0,5,1,0,4,1,1,0,0,0,1,1,0,1,27,39,35,3,3,9,14,1,2,0,0,3,0,3,0,0,0,1,0,0,0,0,0,0,0,,,1,27,44,27,17,0,0,0,0
SLN190906230,evt,1909-06-23,0,STL05,R,0,PIT,SLN,1,1,0,0,1,37,31,3,7,9,2,0,0,0,2,,4,1,2,1,0,2,0,2,1,0,7,1,1,1,0,0,0,1,0,0,27,32,29,1,1,4,5,1,0,0,0,3,0,0,0,0,0,0,0,0,0,0,0,20,5,,,1,27,8,5,3,0,0,0,0
SLN190906230,box,1909-06-23,0,STL05,R,0,PIT,SLN,1,1,0,0,1,,31,3,7,9,2,0,0,,2,,4,1,2,1,0,2,0,2,1,0,7,1,1,1,0,0,0,1,0,0,27,32,29,1,1,4,5,1,0,0,0,3,0,,0,0,0,0,0,0,0,0,0,0,0,,,1,27,39,27,12,0,0,0,0
SLN190906240,box,1909-06-24,0,STL05,R,0,PIT,SLN,1,1,0,0,1,,33,3,12,14,2,0,0,,3,,4,0,,1,0,1,0,2,2,0,8,1,1,0,0,0,1,1,0,0,27,33,28,2,2,4,7,1,1,0,0,4,0,,1,1,0,0,0,0,0,0,0,0,0,,,1,27,37,27,10,0,1,0,0
SLN190906240,ded,1909-06-24,0,STL05,R,0,PIT,SLN,1,1,0,0,1,38,33,3,12,14,2,0,0,0,3,,4,0,0,1,0,1,0,2,2,0,8,1,1,0,0,0,1,1,0,0,27,33,28,2,2,4,7,1,1,0,0,4,0,1,1,1,0,0,0,0,0,0,0,20,3,,,1,27,9,7,2,0,1,0,0
SLN190906260,box,1909-06-26,0,STL05,R,0,PIT,SLN,1,1,0,0,1,,45,6,13,18,3,1,0,,5,,1,0,,1,1,0,0,1,0,0,8,1,1,0,0,0,1,1,0,1,33,47,40,5,3,10,14,2,1,0,0,5,0,,0,0,2,0,0,0,0,0,0,0,0,,,1,33,47,33,12,2,2,0,0
SLN190906260,ded,1909-06-26,0,STL05,R,0,PIT,SLN,1,1,0,0,1,47,45,6,13,18,3,1,0,0,5,,1,0,2,1,1,0,0,1,0,0,8,1,1,0,0,0,1,1,0,1,33,47,40,5,3,10,14,2,1,0,0,5,0,2,0,0,2,0,0,0,0,0,0,19,7,,,1,33,18,11,5,2,2,0,0
SLN190906271,evt,1909-06-27,1,STL05,R,0,PIT,SLN,1,0,1,0,1,41,39,5,12,14,2,0,0,0,5,,1,0,1,1,1,0,0,0,0,0,9,1,1,0,0,0,1,0,1,0,24,40,34,8,5,8,10,2,0,0,0,3,0,1,0,3,0,0,0,0,0,0,0,18,3,,,1,24,21,9,8,4,0,0,0
SLN190906271,box,1909-06-27,1,STL05,R,0,PIT,SLN,1,0,1,0,1,,39,5,12,14,2,0,0,,5,,1,0,,1,1,0,0,0,0,0,9,1,1,0,0,0,1,0,1,0,24,40,34,8,5,8,10,2,0,0,0,3,0,1,0,3,0,0,0,0,0,0,0,0,0,,,1,24,43,24,15,4,0,0,0
SLN190906272,evt,1909-06-27,2,STL05,R,0,PIT,SLN,1,1,0,0,1,44,38,7,14,17,1,1,0,0,7,,2,0,1,0,1,2,1,2,1,0,10,1,1,1,0,0,0,1,0,0,27,36,34,1,1,7,8,1,0,0,0,2,0,1,0,0,0,0,0,0,0,0,0,26,0,,,1,27,2,1,0,1,0,0,0
SLN190906272,box,1909-06-27,2,STL05,R,0,PIT,SLN,1,1,0,0,1,,38,7,14,17,1,1,0,,7,,2,0,,0,1,2,1,2,1,0,10,1,1,1,0,0,0,1,0,0,27,36,34,1,1,7,8,1,0,0,0,2,0,,0,0,0,0,0,0,0,0,0,0,0,,,1,27,37,27,9,1,0,0,0
CIN190906280,evt,1909-06-28,0,CIN06,R,0,PIT,CIN,1,1,0,0,1,39,33,3,10,12,0,1,0,0,2,,5,0,2,0,0,1,0,0,3,0,9,1,1,1,0,0,0,1,0,0,27,35,31,2,2,8,13,1,2,0,0,3,0,2,1,0,1,0,0,0,0,0,0,6,14,,,1,27,30,23,6,1,3,0,0
CIN190906280,box,1909-06-28,0,CIN06,R,0,PIT,CIN,1,1,0,0,1,,33,3,10,12,0,1,0,,2,,5,0,2,0,0,1,0,0,3,0,9,1,1,1,0,0,0,1,0,0,27,35,31,2,2,8,13,1,2,0,0,3,0,2,1,0,1,0,0,0,0,0,0,0,0,,,1,27,36,27,8,1,3,0,0
PIT190906290,evt,1909-06-29,0,PIT05,R,1,PIT,CHN,1,1,0,0,1,38,37,8,14,17,1,1,0,0,6,,1,0,7,0,0,0,0,1,2,0,6,1,1,1,0,0,0,1,0,0,27,35,33,1,1,7,11,2,1,0,0,2,0,4,0,0,0,0,0,0,0,0,0,5,16,,,1,27,35,27,8,0,0,0,0
PIT190906290,box,1909-06-29,0,PIT05,R,1,PIT,CHN,1,1,0,0,1,,37,8,14,17,1,1,0,,6,,1,0,7,0,0,0,0,1,2,0,6,1,1,1,0,0,0,1,0,0,27,35,33,1,1,7,11,2,1,0,0,2,0,4,0,0,0,0,0,0,0,0,0,0,0,,,1,27,35,27,8,0,0,0,0
PIT190906300,evt,1909-06-30,0,PIT06,R,1,PIT,CHN,1,0,1,0,1,39,30,2,5,6,1,0,0,0,2,,6,0,6,0,0,3,0,0,0,0,10,1,1,1,0,0,0,0,1,0,27,36,28,3,2,4,4,0,0,0,0,3,0,5,0,1,4,0,0,0,0,0,0,10,8,,,1,27,40,27,12,1,0,0,0
PIT190906300,box,1909-06-30,0,PIT06,R,1,PIT,CHN,1,0,1,0,1,,30,2,5,6,1,0,0,,2,,6,0,6,0,0,3,0,0,0,0,10,1,1,1,0,0,0,0,1,0,27,36,28,3,2,4,4,0,0,0,0,3,0,5,0,1,4,0,0,0,0,0,0,0,0,,,1,27,40,27,12,1,0,0,0
PIT190907021,evt,1909-07-02,1,PIT06,R,1,PIT,CHN,1,0,1,0,1,34,33,0,6,7,1,0,0,0,0,,1,0,3,0,0,0,0,1,0,0,7,1,1,0,0,0,1,0,1,0,27,43,38,8,5,13,18,1,2,0,0,2,0,3,0,0,1,2,0,0,0,0,0,6,14,,,1,27,41,27,10,4,0,0,0
PIT190907021,box,1909-07-02,1,PIT06,R,1,PIT,CHN,1,0,1,0,1,,33,0,6,7,1,0,0,,0,,1,0,3,0,0,0,0,1,0,0,7,1,1,0,0,0,1,0,1,0,27,43,38,8,5,13,18,1,2,0,0,2,0,3,0,0,1,2,0,0,0,0,0,0,0,,,1,27,41,27,10,4,0,0,0
PIT190907022,evt,1909-07-02,2,PIT06,R,1,PIT,CHN,1,1,0,0,1,37,33,4,8,8,0,0,0,0,1,,2,0,0,1,1,1,0,1,0,0,9,1,1,1,0,0,0,1,0,0,27,33,31,2,1,8,8,0,0,0,0,1,0,4,3,0,1,0,0,0,0,0,0,7,9,,,1,27,45,27,14,4,4,0,0
PIT190907022,box,1909-07-02,2,PIT06,R,1,PIT,CHN,1,1,0,0,1,,33,4,8,8,0,0,0,,1,,2,0,0,1,1,1,0,1,0,0,9,1,1,1,0,0,0,1,0,0,27,33,31,2,1,8,8,0,0,0,0,1,0,4,3,0,1,0,0,0,0,0,0,0,0,,,1,27,45,27,14,4,4,0,0
PIT190907030,evt,1909-07-03,0,PIT06,R,1,PIT,CHN,1,0,1,0,1,33,31,0,4,5,1,0,0,0,0,,2,0,5,1,0,0,0,0,1,0,6,1,1,0,0,0,1,0,1,0,27,39,36,6,3,10,12,2,0,0,0,1,0,2,0,1,1,0,0,0,0,0,0,12,9,,,1,27,51,27,18,6,0,0,0
PIT190907030,box,1909-07-03,0,PIT06,R,1,PIT,CHN,1,0,1,0,1,,31,0,4,5,1,0,0,,0,,2,0,5,1,0,0,0,0,1,0,6,1,1,0,0,0,1,0,1,0,27,39,36,6,3,10,12,2,0,0,0,1,0,2,0,1,1,0,0,0,0,0,0,0,0,,,1,27,51,27,18,6,0,0,0
CIN190907040,evt,1909-07-04,0,CIN06,R,0,PIT,CIN,1,0,1,0,1,36,36,2,11,14,3,0,0,0,1,,0,0,3,1,0,0,0,0,1,0,7,1,1,1,0,0,0,0,1,0,24,36,30,4,3,8,9,1,0,0,0,3,0,6,0,1,1,1,0,0,0,0,0,9,8,,,1,24,35,24,9,2,0,0,0
CIN190907040,box,1909-07-04,0,CIN06,R,0,PIT,CIN,1,0,1,0,1,,36,2,11,14,3,0,0,,1,,0,0,3,1,0,0,0,0,1,0,7,1,1,1,0,0,0,0,1,0,24,36,30,4,3,8,9,1,0,0,0,3,0,6,0,1,1,1,0,0,0,0,0,0,0,,,1,24,35,24,9,2,0,0,0
PIT190907051,evt,1909-07-05,1,PIT06,R,1,PIT,CIN,1,1,0,0,1,36,30,2,6,8,2,0,0,0,2,,5,2,1,0,1,0,0,3,0,0,10,1,1,1,1,0,0,1,0,0,27,30,26,0,0,2,2,0,0,0,0,2,0,4,0,2,0,0,0,0,0,0,0,13,7,,,1,27,42,27,15,0,0,0,0
PIT190907051,box,1909-07-05,1,PIT06,R,1,PIT,CIN,1,1,0,0,1,,30,2,6,8,2,0,0,,2,,5,2,1,0,1,0,0,3,0,0,10,1,1,1,1,0,0,1,0,0,27,30,26,0,0,2,2,0,0,0,0,2,0,4,0,2,0,0,0,0,0,0,0,0,0,,,1,27,42,27,15,0,0,0,0
PIT190907052,evt,1909-07-05,2,PIT06,R,1,PIT,CIN,1,1,0,0,1,38,32,6,6,8,2,0,0,0,5,,5,2,1,0,0,1,0,1,0,0,8,1,1,1,0,0,0,1,0,0,27,35,30,1,1,5,10,2,0,1,0,4,2,3,0,0,1,0,0,0,0,0,0,8,12,,,1,27,41,27,11,3,2,0,0
PIT190907052,box,1909-07-05,2,PIT06,R,1,PIT,CIN,1,1,0,0,1,,32,6,6,8,2,0,0,,5,,5,2,1,0,0,1,0,1,0,0,8,1,1,1,0,0,0,1,0,0,27,35,30,1,1,5,10,2,0,1,0,4,2,3,0,0,1,0,0,0,0,0,0,0,0,,,1,27,41,27,11,3,2,0,0
PIT190907060,evt,1909-07-06,0,PIT06,R,1,PIT,CIN,1,1,0,0,1,34,29,5,7,8,1,0,0,0,5,,4,1,1,0,0,1,0,0,0,0,5,1,1,1,1,0,0,1,0,0,27,33,31,0,0,7,10,3,0,0,0,1,0,5,2,0,1,0,0,0,0,0,0,9,10,,,1,27,36,27,9,0,2,0,0
PIT190907060,box,1909-07-06,0,PIT06,R,1,PIT,CIN,1,1,0,0,1,,29,5,7,8,1,0,0,,5,,4,1,1,0,0,1,0,0,0,0,5,1,1,1,1,0,0,1,0,0,27,33,31,0,0,7,10,3,0,0,0,1,0,5,2,0,1,0,0,0,0,0,0,0,0,,,1,27,36,27,9,0,2,0,0
PIT190907070,evt,1909-07-07,0,PIT06,R,1,PIT,CHN,1,1,0,0,1,37,31,6,11,15,2,1,0,0,6,,3,0,3,0,0,2,1,1,1,0,7,1,1,0,0,0,1,1,0,1,27,35,29,2,2,5,5,0,0,0,0,4,0,4,1,0,1,1,0,0,0,3,1,13,7,,,1,27,42,27,15,0,1,0,0
PIT190907070,box,1909-07-07,0,PIT06,R,1,PIT,CHN,1,1,0,0,1,,31,6,11,15,2,1,0,,6,,3,0,3,0,0,2,1,1,1,0,7,1,1,0,0,0,1,1,0,1,27,35,29,2,2,5,5,0,0,0,0,4,0,4,1,0,1,1,0,0,0,0,0,0,0,,,1,27,42,27,15,0,1,0,0
NY1190907080,evt,1909-07-08,0,NYC10,R,0,PIT,NY1,1,0,1,0,1,35,34,1,8,11,3,0,0,0,1,,1,0,8,0,0,0,0,0,1,0,7,1,1,0,0,0,1,0,1,0,24,34,27,5,3,7,10,1,1,0,0,4,0,3,1,1,1,1,0,0,0,0,0,7,10,,,1,24,38,24,13,1,1,0,0
NY1190907080,box,1909-07-08,0,NYC10,R,0,PIT,NY1,1,0,1,0,1,,34,1,8,11,3,0,0,,1,,1,0,8,0,0,0,0,0,1,0,7,1,1,0,0,0,1,0,1,0,24,34,27,5,3,7,10,1,1,0,0,4,0,3,1,1,1,1,0,0,0,0,0,0,0,,,1,24,38,24,13,1,1,0,0
NY1190907091,evt,1909-07-09,1,NYC10,R,0,PIT,NY1,1,1,0,0,1,46,38,9,11,14,0,0,1,0,9,,7,1,10,0,0,1,0,0,1,0,10,1,1,0,0,0,1,1,0,0,27,40,36,5,4,10,13,3,0,0,0,3,0,2,0,0,0,1,0,0,0,0,0,11,12,,,1,27,40,27,11,2,0,0,0
NY1190907091,box,1909-07-09,1,NYC10,R,0,PIT,NY1,1,1,0,0,1,,38,9,11,14,0,0,1,,9,,7,1,10,0,0,1,0,0,1,0,10,1,1,0,0,0,1,1,0,0,27,40,36,5,4,10,13,3,0,0,0,3,0,2,0,0,0,1,0,0,0,0,0,0,0,,,1,27,40,27,11,2,0,0,0
NY1190907092,evt,1909-07-09,2,NYC10,R,0,PIT,NY1,1,1,0,0,1,38,35,4,8,9,1,0,0,0,4,,3,0,6,0,0,0,0,0,0,0,7,1,1,1,0,0,0,1,0,0,27,38,37,2,2,11,13,0,1,0,0,1,0,5,0,0,0,0,0,2,0,0,0,5,16,,,1,27,32,27,5,0,1,0,0
NY1190907092,box,1909-07-09,2,NYC10,R,0,PIT,NY1,1,1,0,0,1,,35,4,8,9,1,0,0,,4,,3,0,6,0,0,0,0,0,0,0,7,1,1,1,0,0,0,1,0,0,27,38,37,2,2,11,13,0,1,0,0,1,0,5,0,0,0,0,0,2,0,0,0,0,0,,,1,27,32,27,5,0,1,0,0
NY1190907100,evt,1909-07-10,0,NYC10,R,0,PIT,NY1,1,1,0,0,1,39,35,8,11,23,4,1,2,0,7,,3,0,2,0,0,1,0,0,2,0,4,1,1,1,0,0,0,1,0,0,27,35,33,2,2,6,10,2,1,0,0,1,0,1,0,1,0,0,0,0,0,0,0,9,16,,,1,27,40,27,11,2,0,0,0
NY1190907100,box,1909-07-10,0,NYC10,R,0,PIT,NY1,1,1,0,0,1,,35,8,11,23,4,1,2,,7,,3,0,2,0,0,1,0,0,2,0,4,1,1,1,0,0,0,1,0,0,27,35,33,2,2,6,10,2,1,0,0,1,0,1,0,1,0,0,0,0,0,0,0,0,0,,,1,27,40,27,11,2,0,0,0
NY1190907121,evt,1909-07-12,1,NYC10,R,0,PIT,NY1,1,0,1,0,1,30,29,2,4,6,2,0,0,0,2,,1,1,3,1,0,0,0,1,0,0,1,1,1,1,0,0,0,0,1,0,24,33,31,3,3,9,12,1,1,0,0,1,0,1,0,0,1,0,0,0,0,0,0,5,13,,,1,24,35,24,8,3,1,0,0
NY1190907121,box,1909-07-12,1,NYC10,R,0,PIT,NY1,1,0,1,0,1,,29,2,4,6,2,0,0,,2,,1,1,3,1,0,0,0,1,0,0,1,1,1,1,0,0,0,0,1,0,24,33,31,3,3,9,12,1,1,0,0,1,0,1,0,0,1,0,0,0,0,0,0,0,0,,,1,24,35,24,8,3,1,0,0
NY1190907122,evt,1909-07-12,2,NYC10,R,0,PIT,NY1,1,1,0,0,1,43,33,9,11,14,1,1,0,0,8,,4,0,3,1,3,2,1,0,1,0,7,1,1,1,1,0,0,1,0,0,27,30,27,0,0,1,1,0,0,0,0,2,0,4,0,0,1,0,0,0,0,0,0,12,10,,,1,27,38,27,10,1,0,0,0
NY1190907122,box,1909-07-12,2,NYC10,R,0,PIT,NY1,1,1,0,0,1,,33,9,11,14,1,1,0,,8,,4,0,3,1,3,2,1,0,1,0,7,1,1,1,1,0,0,1,0,0,27,30,27,0,0,1,1,0,0,0,0,2,0,4,0,0,1,0,0,0,0,0,0,0,0,,,1,27,38,27,10,1,0,0,0
BRO190907130,evt,1909-07-13,0,NYC12,R,0,PIT,BRO,1,1,0,0,1,37,32,3,7,9,2,0,0,0,2,,3,0,1,0,0,1,1,1,0,0,7,1,1,1,1,0,0,1,0,0,27,32,29,0,0,4,4,0,0,0,0,1,0,4,0,1,1,0,0,0,0,0,0,7,13,,,1,27,38,27,10,1,0,0,0
BRO190907130,box,1909-07-13,0,NYC12,R,0,PIT,BRO,1,1,0,0,1,,32,3,7,9,2,0,0,,2,,3,0,1,0,0,1,1,1,0,0,7,1,1,1,1,0,0,1,0,0,27,32,29,0,0,4,4,0,0,0,0,1,0,4,0,1,1,0,0,0,0,0,0,0,0,,,1,27,38,27,10,1,0,0,0
BRO190907140,evt,1909-07-14,0,NYC12,R,0,PIT,BRO,1,1,0,0,1,36,33,7,7,12,2,0,1,0,6,,3,0,4,1,0,0,0,0,2,0,2,1,1,1,0,0,0,1,0,0,27,34,34,2,2,9,11,2,0,0,0,0,0,5,1,0,0,0,0,0,0,0,0,11,9,,,1,27,38,27,11,0,2,0,0
BRO190907140,box,1909-07-14,0,NYC12,R,0,PIT,BRO,1,1,0,0,1,,33,7,7,12,2,0,1,,6,,3,0,4,1,0,0,0,0,2,0,2,1,1,1,0,0,0,1,0,0,27,34,34,2,2,9,11,2,0,0,0,0,0,5,1,0,0,0,0,0,0,0,0,0,0,,,1,27,38,27,11,0,2,0,0
BRO190907150,evt,1909-07-15,0,NYC12,R,0,PIT,BRO,1,0,1,0,1,38,35,1,7,8,1,0,0,0,1,,3,0,3,0,0,0,0,1,1,0,10,1,1,0,0,0,1,0,1,0,24,34,32,5,5,12,20,1,2,1,0,1,0,3,0,0,1,0,0,0,0,1,0,7,9,,,1,24,39,24,14,1,0,0,0
BRO190907150,box,1909-07-15,0,NYC12,R,0,PIT,BRO,1,0,1,0,1,,35,1,7,8,1,0,0,,1,,3,0,3,0,0,0,0,1,1,0,10,1,1,0,0,0,1,0,1,0,24,34,32,5,5,12,20,1,2,1,0,1,0,3,0,0,1,0,0,0,0,0,0,0,0,,,1,24,39,24,14,1,0,0,0
PHI190907170,evt,1909-07-17,0,PHI09,R,0,PIT,PHI,1,1,0,0,1,45,36,7,10,12,0,1,0,0,4,,3,0,4,0,1,3,2,1,1,0,11,1,1,0,0,0,1,1,0,0,27,39,38,6,6,12,15,3,0,0,0,1,0,5,2,0,0,0,0,0,0,3,3,12,7,,,1,27,42,27,14,1,2,0,0
PHI190907170,box,1909-07-17,0,PHI09,R,0,PIT,PHI,1,1,0,0,1,,36,7,10,12,0,1,0,,4,,3,0,4,0,1,3,2,1,1,0,11,1,1,0,0,0,1,1,0,0,27,39,38,6,6,12,15,3,0,0,0,1,0,5,2,0,0,0,0,0,0,0,0,0,0,,,1,27,42,27,14,1,2,0,0
PHI190907190,evt,1909-07-19,0,PHI09,R,0,PIT,PHI,1,1,0,0,1,38,34,5,9,11,2,0,0,0,5,,1,0,3,0,0,2,1,0,1,0,6,1,1,0,0,0,1,1,0,0,27,35,31,4,4,5,8,3,0,0,0,4,0,1,1,0,0,0,0,0,0,0,0,15,9,,,1,27,47,27,16,4,2,0,0
PHI190907190,box,1909-07-19,0,PHI09,R,0,PIT,PHI,1,1,0,0,1,,34,5,9,11,2,0,0,,5,,1,0,3,0,0,2,1,0,1,0,6,1,1,0,0,0,1,1,0,0,27,35,31,4,4,5,8,3,0,0,0,4,0,1,1,0,0,0,0,0,0,0,0,0,0,,,1,27,46,27,15,4,2,0,0
PHI190907200,evt,1909-07-20,0,PHI09,R,0,PIT,PHI,1,0,1,0,1,29,28,0,4,4,0,0,0,0,0,,1,0,4,0,0,0,0,0,0,0,2,1,1,1,0,0,0,0,1,0,24,33,31,3,3,10,11,1,0,0,0,0,0,5,1,0,2,0,0,0,0,0,0,6,9,,,1,24,35,24,10,1,1,0,0
PHI190907200,box,1909-07-20,0,PHI09,R,0,PIT,PHI,1,0,1,0,1,,28,0,4,4,0,0,0,,0,,1,0,4,0,0,0,0,0,0,0,2,1,1,1,0,0,0,0,1,0,24,33,31,3,3,10,11,1,0,0,0,0,0,5,1,0,2,0,0,0,0,0,0,0,0,,,1,24,35,24,10,1,1,0,0
PHI190907210,evt,1909-07-21,0,PHI09,R,0,PIT,PHI,1,0,1,0,1,33,31,1,5,6,1,0,0,0,1,,2,0,2,1,0,0,0,1,0,0,5,1,1,0,0,0,1,0,1,0,24,32,29,2,0,7,9,2,0,0,0,1,0,3,0,1,1,0,0,0,0,0,0,4,12,,,1,24,35,24,9,2,1,0,0
PHI190907210,box,1909-07-21,0,PHI09,R,0,PIT,PHI,1,0,1,0,1,,31,1,5,6,1,0,0,,1,,2,0,2,1,0,0,0,1,0,0,5,1,1,0,0,0,1,0,1,0,24,32,29,2,0,7,9,2,0,0,0,1,0,3,0,1,1,0,0,0,0,0,0,0,0,,,1,24,35,24,9,2,1,0,0
BSN190907220,evt,1909-07-22,0,BOS05,R,0,PIT,BSN,1,1,0,0,1,39,36,9,9,15,1,1,1,0,9,,2,0,7,0,0,1,0,1,0,0,3,1,1,1,1,0,0,1,0,0,27,37,28,0,0,3,3,0,0,0,0,5,2,2,0,0,4,0,0,0,0,0,0,8,13,,,1,27,41,27,12,2,0,0,0
BSN190907220,box,1909-07-22,0,BOS05,R,0,PIT,BSN,1,1,0,0,1,,36,9,9,15,1,1,1,,9,,2,0,7,0,0,1,0,1,0,0,3,1,1,1,1,0,0,1,0,0,27,37,28,0,0,3,3,0,0,0,0,5,2,2,0,0,4,0,0,0,0,0,0,0,0,,,1,27,41,27,12,2,0,0,0
BSN190907241,evt,1909-07-24,1,BOS05,R,0,PIT,BSN,1,1,0,0,1,40,34,7,12,17,5,0,0,0,7,,4,1,7,0,0,1,1,2,1,0,6,1,1,0,0,0,1,1,0,1,27,38,31,3,1,6,9,0,0,1,0,6,0,3,1,0,1,0,0,0,0,0,0,11,10,,,1,27,42,27,13,2,1,0,0
BSN190907241,box,1909-07-24,1,BOS05,R,0,PIT,BSN,1,1,0,0,1,,34,7,12,17,5,0,0,,7,,4,1,7,0,0,1,1,2,1,0,6,1,1,0,0,0,1,1,0,1,27,38,31,3,1,6,9,0,0,1,0,6,0,3,1,0,1,0,0,0,0,0,0,0,0,,,1,27,41,27,12,2,1,0,0
BSN190907242,evt,1909-07-24,2,BOS05,R,0,PIT,BSN,1,1,0,0,1,40,34,6,9,11,2,0,0,0,5,,5,0,2,1,0,1,0,1,1,0,7,1,1,1,0,0,0,1,0,0,27,35,35,3,3,9,15,1,1,1,0,0,0,3,1,0,0,0,0,0,0,0,0,7,16,,,1,27,35,27,8,0,1,0,0
BSN190907242,box,1909-07-24,2,BOS05,R,0,PIT,BSN,1,1,0,0,1,,34,6,9,11,2,0,0,,5,,5,0,2,1,0,1,0,1,1,0,7,1,1,1,0,0,0,1,0,0,27,35,35,3,3,9,15,1,1,1,0,0,0,3,1,0,0,0,0,0,0,0,0,0,0,,,1,27,35,27,8,0,1,0,0
PIT190907260,evt,1909-07-26,0,PIT06,R,1,PIT,CIN,1,0,1,0,1,39,39,4,14,15,1,0,0,0,4,,0,0,1,1,0,0,0,0,1,0,8,1,1,0,0,0,1,0,1,0,27,39,33,6,4,9,14,1,2,0,0,1,0,2,0,0,3,2,0,0,0,1,1,11,11,,,1,27,44,27,13,4,0,0,0
PIT190907260,box,1909-07-26,0,PIT06,R,1,PIT,CIN,1,0,1,0,1,,39,4,14,15,1,0,0,,4,,0,0,1,1,0,0,0,0,1,0,8,1,1,0,0,0,1,0,1,0,27,39,33,6,4,9,14,1,2,0,0,1,0,2,0,0,3,2,0,0,0,0,0,0,0,,,1,27,44,27,13,4,0,0,0
PIT190907270,evt,1909-07-27,0,PIT06,R,1,PIT,CIN,1,1,0,0,1,34,32,5,9,11,2,0,0,0,5,,1,0,0,0,0,0,1,1,2,0,5,1,1,1,0,0,0,1,0,0,27,34,29,1,1,3,6,0,0,1,0,5,0,1,1,0,0,0,0,0,0,0,0,13,12,,,1,27,44,27,13,4,1,0,0
PIT190907270,box,1909-07-27,0,PIT06,R,1,PIT,CIN,1,1,0,0,1,,32,5,9,11,2,0,0,,5,,1,0,0,0,0,0,1,1,2,0,5,1,1,1,0,0,0,1,0,0,27,34,29,1,1,3,6,0,0,1,0,5,0,1,1,0,0,0,0,0,0,0,0,0,0,,,1,27,44,27,13,4,1,0,0
PIT190907280,evt,1909-07-28,0,PIT06,R,1,PIT,CIN,1,1,0,0,1,35,31,6,10,19,3,3,0,0,6,,1,0,1,0,0,2,1,1,0,0,5,1,1,1,0,0,0,1,0,0,27,34,32,3,3,4,6,0,1,0,0,2,0,0,0,0,0,0,0,0,0,0,0,10,18,,,1,27,37,27,9,1,0,0,0
PIT190907280,box,1909-07-28,0,PIT06,R,1,PIT,CIN,1,1,0,0,1,,31,6,10,19,3,3,0,,6,,1,0,1,0,0,2,1,1,0,0,5,1,1,1,0,0,0,1,0,0,27,34,32,3,3,4,6,0,1,0,0,2,0,0,0,0,0,0,0,0,0,0,0,0,0,,,1,27,36,27,8,1,0,0,0
PIT190907290,evt,1909-07-29,0,PIT06,R,1,PIT,PHI,1,1,0,0,1,31,30,4,9,13,1,0,1,0,4,,1,0,1,0,0,0,0,0,3,0,3,1,1,0,0,0,1,1,0,1,27,36,31,3,2,7,12,2,0,1,0,2,0,2,0,0,3,0,0,0,0,0,0,9,12,,,1,27,42,27,13,2,2,0,1
PIT190907290,box,1909-07-29,0,PIT06,R,1,PIT,PHI,1,1,0,0,1,,30,4,9,13,1,0,1,,4,,1,0,1,0,0,0,0,0,3,0,3,1,1,0,0,0,1,1,0,1,27,36,31,3,2,7,12,2,0,1,0,2,0,2,0,0,3,0,0,0,0,0,0,0,0,,,1,27,42,27,13,2,2,0,1
PIT190907300,evt,1909-07-30,0,PIT06,R,1,PIT,NY1,1,1,0,0,1,29,27,3,5,7,2,0,0,0,3,,1,0,2,1,0,1,0,0,0,0,2,1,1,1,0,0,0,1,0,0,27,37,35,1,1,9,11,2,0,0,0,2,0,5,0,0,0,0,0,0,0,0,0,9,11,,,1,27,36,27,9,0,1,0,0
PIT190907300,box,1909-07-30,0,PIT06,R,1,PIT,NY1,1,1,0,0,1,,27,3,5,7,2,0,0,,3,,1,0,2,1,0,1,0,0,0,0,2,1,1,1,0,0,0,1,0,0,27,37,35,1,1,9,11,2,0,0,0,2,0,5,0,0,0,0,0,0,0,0,0,0,0,,,1,27,36,27,9,0,1,0,0
PIT190907310,evt,1909-07-31,0,PIT06,R,1,PIT,NY1,1,0,1,0,1,29,27,0,1,1,0,0,0,0,0,,1,0,2,0,0,1,0,0,0,0,2,1,1,1,0,0,0,0,1,0,27,39,35,4,3,10,13,1,1,0,0,1,1,2,0,2,1,0,0,0,0,0,0,10,13,,,1,27,40,27,12,1,0,0,0
PIT190907310,box,1909-07-31,0,PIT06,R,1,PIT,NY1,1,0,1,0,1,,27,0,1,1,0,0,0,,0,,1,0,2,0,0,1,0,0,0,0,2,1,1,1,0,0,0,0,1,0,27,39,35,4,3,10,13,1,1,0,0,1,1,2,0,2,1,0,0,0,0,0,0,0,0,,,1,27,40,27,12,1,0,0,0
PIT190908030,evt,1909-08-03,0,PIT06,R,1,PIT,BRO,1,1,0,0,1,42,31,9,12,16,1,0,1,0,9,,10,1,0,1,0,1,0,1,2,0,9,1,1,1,0,0,0,1,0,0,27,34,34,1,1,6,7,1,0,0,0,0,0,2,0,0,0,0,0,0,0,0,0,9,14,,,1,27,39,27,10,2,0,0,0
PIT190908030,box,1909-08-03,0,PIT06,R,1,PIT,BRO,1,1,0,0,1,,31,9,12,16,1,0,1,,9,,10,1,0,1,0,1,0,1,2,0,9,1,1,1,0,0,0,1,0,0,27,34,34,1,1,6,7,1,0,0,0,0,0,2,0,0,0,0,0,0,0,0,0,0,0,,,1,27,39,27,10,2,0,0,0
PIT190908040,evt,1909-08-04,0,PIT06,R,1,PIT,BRO,1,0,1,0,1,33,29,0,4,4,0,0,0,0,0,,2,1,3,1,0,2,0,1,1,0,6,1,1,0,0,0,1,0,1,0,27,33,31,1,1,5,5,0,0,0,0,0,0,4,0,0,2,0,0,1,0,0,0,10,11,,,1,27,39,27,11,1,0,0,0
PIT190908040,box,1909-08-04,0,PIT06,R,1,PIT,BRO,1,0,1,0,1,,29,0,4,4,0,0,0,,0,,2,1,3,1,0,2,0,1,1,0,6,1,1,0,0,0,1,0,1,0,27,33,31,1,1,5,5,0,0,0,0,0,0,4,0,0,2,0,0,1,0,0,0,0,0,,,1,27,39,27,11,1,0,0,0
PIT190908050,evt,1909-08-05,0,PIT06,R,1,PIT,BRO,1,0,1,0,1,34,31,1,5,5,0,0,0,0,1,,3,0,4,0,0,0,0,0,3,0,6,1,1,0,0,0,1,0,1,0,27,40,37,4,4,12,17,3,1,0,0,2,0,4,0,1,0,0,0,0,0,0,0,9,11,,,1,27,41,27,13,1,0,0,0
PIT190908050,box,1909-08-05,0,PIT06,R,1,PIT,BRO,1,0,1,0,1,,31,1,5,5,0,0,0,,1,,3,0,4,0,0,0,0,0,3,0,6,1,1,0,0,0,1,0,1,0,27,40,37,4,4,12,17,3,1,0,0,2,0,4,0,1,0,0,0,0,0,0,0,0,0,,,1,27,41,27,13,1,0,0,0
PIT190908060,evt,1909-08-06,0,PIT06,R,1,PIT,BRO,1,1,0,0,1,52,41,3,8,10,0,1,0,0,1,,5,0,5,1,0,6,0,3,0,0,10,1,1,0,0,0,1,1,0,0,42,55,52,2,2,12,15,1,1,0,0,1,0,7,0,1,0,1,0,0,0,0,0,19,14,,,1,42,62,42,20,0,0,0,0
PIT190908060,box,1909-08-06,0,PIT06,R,1,PIT,BRO,1,1,0,0,1,,41,3,8,10,0,1,0,,1,,5,0,5,1,0,6,0,3,0,0,10,1,1,0,0,0,1,1,0,0,42,55,52,2,2,12,15,1,1,0,0,1,0,7,0,1,0,1,0,0,0,0,0,0,0,,,1,42,62,42,20,0,0,0,0
PIT190908071,evt,1909-08-07,1,PIT06,R,1,PIT,BSN,1,1,0,0,1,38,32,6,11,18,2,1,1,0,6,,5,0,2,0,0,1,0,1,0,0,8,1,1,0,0,0,1,1,0,1,27,32,29,4,4,4,4,0,0,0,0,2,0,6,1,0,0,1,0,0,0,0,0,7,12,,,1,27,36,27,7,2,1,0,1
PIT190908071,box,1909-08-07,1,PIT06,R,1,PIT,BSN,1,1,0,0,1,,32,6,11,18,2,1,1,,6,,5,0,2,0,0,1,0,1,0,0,8,1,1,0,0,0,1,1,0,1,27,32,29,4,4,4,4,0,0,0,0,2,0,6,1,0,0,1,0,0,0,0,0,0,0,,,1,27,36,27,7,2,1,0,1
PIT190908072,evt,1909-08-07,2,PIT06,R,1,PIT,BSN,1,1,0,0,1,34,27,3,7,7,0,0,0,0,3,,4,0,0,0,1,1,1,2,2,0,7,1,1,1,0,0,0,1,0,0,27,32,32,1,1,9,9,0,0,0,0,0,0,4,0,0,0,0,0,0,0,0,0,6,12,,,1,27,39,27,12,0,2,0,0
PIT190908072,box,1909-08-07,2,PIT06,R,1,PIT,BSN,1,1,0,0,1,,27,3,7,7,0,0,0,,3,,4,0,0,0,1,1,1,2,2,0,7,1,1,1,0,0,0,1,0,0,27,32,32,1,1,9,9,0,0,0,0,0,0,4,0,0,0,0,0,0,0,0,0,0,0,,,1,27,39,27,12,0,2,0,0
PIT190908090,evt,1909-08-09,0,PIT06,R,1,PIT,BSN,1,1,0,0,1,44,36,10,17,21,4,0,0,0,9,,2,0,0,0,1,3,2,1,1,0,10,1,1,1,0,0,0,1,0,0,27,35,32,1,1,6,7,1,0,0,0,3,0,5,0,0,0,0,0,0,0,0,0,7,14,,,1,27,35,27,8,0,0,0,0
PIT190908090,box,1909-08-09,0,PIT06,R,1,PIT,BSN,1,1,0,0,1,,36,10,17,21,4,0,0,,9,,2,0,0,0,1,3,2,1,1,0,10,1,1,1,0,0,0,1,0,0,27,35,32,1,1,6,7,1,0,0,0,3,0,5,0,0,0,0,0,0,0,0,0,0,0,,,1,27,35,27,8,0,0,0,0
PIT190908100,evt,1909-08-10,0,PIT06,R,1,PIT,BSN,1,1,0,0,1,47,38,2,4,5,1,0,0,0,2,,7,1,6,0,0,2,0,2,0,0,10,1,1,0,0,0,1,1,0,0,36,48,41,1,0,8,10,0,1,0,0,3,0,7,2,1,2,1,0,0,0,0,0,14,10,,,1,36,60,36,20,4,2,0,0
PIT190908100,box,1909-08-10,0,PIT06,R,1,PIT,BSN,1,1,0,0,1,,38,2,4,5,1,0,0,,2,,7,1,6,0,0,2,0,2,0,0,10,1,1,0,0,0,1,1,0,0,36,48,41,1,0,8,10,0,1,0,0,3,0,7,2,1,2,1,0,0,0,0,0,0,0,,,1,36,60,36,20,4,2,0,0
PIT190908110,evt,1909-08-11,0,PIT06,R,1,PIT,BSN,1,1,0,0,1,32,26,1,4,4,0,0,0,0,1,,3,1,3,0,0,3,0,1,0,0,7,1,1,1,1,0,0,1,0,0,27,31,31,0,0,5,5,0,0,0,0,0,0,3,0,0,0,0,0,0,0,0,0,13,10,,,1,27,39,27,12,0,0,0,0
PIT190908110,box,1909-08-11,0,PIT06,R,1,PIT,BSN,1,1,0,0,1,,26,1,4,4,0,0,0,,1,,3,1,3,0,0,3,0,1,0,0,7,1,1,1,1,0,0,1,0,0,27,31,31,0,0,5,5,0,0,0,0,0,0,3,0,0,0,0,0,0,0,0,0,0,0,,,1,27,39,27,12,0,0,0,0
PIT190908121,evt,1909-08-12,1,PIT06,R,1,PIT,PHI,1,1,0,0,1,42,35,13,17,23,4,1,0,0,12,,3,0,2,0,0,3,1,0,0,0,5,1,1,1,0,0,0,1,0,0,27,35,33,3,3,6,8,2,0,0,0,2,0,3,0,0,0,0,0,0,0,0,0,14,10,,,1,27,18,16,2,0,0,0,0
PIT190908121,box,1909-08-12,1,PIT06,R,1,PIT,PHI,1,1,0,0,1,,35,13,17,23,4,1,0,,12,,3,0,2,0,0,3,1,0,0,0,5,1,1,1,0,0,0,1,0,0,27,35,33,3,3,6,8,2,0,0,0,2,0,3,0,0,0,0,0,0,0,0,0,0,0,,,1,27,34,27,7,0,0,0,0
PIT190908122,evt,1909-08-12,2,PIT06,R,1,PIT,PHI,1,0,1,0,1,41,35,4,11,16,3,1,0,0,4,,2,0,3,0,0,3,1,0,0,0,7,1,1,1,0,0,0,0,1,0,30,43,39,5,3,10,14,2,1,0,0,2,0,4,0,0,0,2,0,0,0,0,0,20,5,,,1,30,18,12,3,3,0,0,0
PIT190908122,box,1909-08-12,2,PIT06,R,1,PIT,PHI,1,0,1,0,1,,35,4,11,16,3,1,0,,4,,2,0,3,0,0,3,1,0,0,0,7,1,1,1,0,0,0,0,1,0,30,43,39,5,3,10,14,2,1,0,0,2,0,4,0,0,0,2,0,0,0,0,0,0,0,,,1,30,40,30,7,3,0,0,0
PIT190908130,evt,1909-08-13,0,PIT06,R,1,PIT,PHI,1,1,0,0,1,39,39,2,6,6,0,0,0,0,1,,0,0,5,1,0,0,0,0,0,0,2,1,1,1,0,0,0,1,0,0,36,48,43,1,1,11,13,2,0,0,0,2,0,0,1,0,3,0,0,0,0,0,0,14,18,,,1,36,53,36,17,0,1,0,0
PIT190908130,box,1909-08-13,0,PIT06,R,1,PIT,PHI,1,1,0,0,1,,39,2,6,6,0,0,0,,1,,0,0,5,1,0,0,0,0,0,0,2,1,1,1,0,0,0,1,0,0,36,48,43,1,1,11,13,2,0,0,0,2,0,0,1,0,3,0,0,0,0,0,0,0,0,,,1,36,53,36,17,0,1,0,0
PIT190908140,evt,1909-08-14,0,PIT06,R,1,PIT,PHI,1,0,1,0,1,33,28,1,7,9,2,0,0,0,1,,4,0,4,1,0,1,0,0,1,0,5,1,1,0,0,0,1,0,1,0,27,31,29,2,2,6,7,1,0,0,0,1,0,3,1,0,1,0,0,0,0,0,0,9,10,,,1,27,43,27,15,1,1,0,0
PIT190908140,box,1909-08-14,0,PIT06,R,1,PIT,PHI,1,0,1,0,1,,28,1,7,9,2,0,0,,1,,4,0,4,1,0,1,0,0,1,0,5,1,1,0,0,0,1,0,1,0,27,31,29,2,2,6,7,1,0,0,0,1,0,3,1,0,1,0,0,0,0,0,0,0,0,,,1,27,43,27,15,1,1,0,0
PIT190908160,evt,1909-08-16,0,PIT06,R,1,PIT,NY1,1,0,0,1,1,32,29,2,7,12,1,2,0,0,2,,2,1,2,0,0,0,1,0,0,0,6,1,1,1,0,0,0,0,0,0,24,31,27,2,0,6,6,0,0,0,0,1,0,1,0,0,3,0,0,0,0,0,0,7,10,,,1,24,42,24,15,3,0,0,0
PIT190908160,box,1909-08-16,0,PIT06,R,1,PIT,NY1,1,0,0,1,1,,29,2,7,12,1,2,0,,2,,2,1,2,0,0,0,1,0,0,0,6,1,1,1,0,0,0,0,0,0,24,31,27,2,0,6,6,0,0,0,0,1,0,1,0,0,3,0,0,0,0,0,0,0,0,,,1,24,41,24,14,3,0,0,0
PIT190908170,evt,1909-08-17,0,PIT06,R,1,PIT,SLN,1,1,0,0,1,38,36,11,12,15,1,1,0,0,9,,2,0,0,0,0,0,0,2,0,0,5,1,1,0,0,0,1,1,0,0,24,36,32,8,3,10,16,2,2,0,0,1,0,4,0,1,2,0,0,0,0,0,0,11,3,,,1,24,23,12,6,5,0,0,0
PIT190908170,box,1909-08-17,0,PIT06,R,1,PIT,SLN,1,1,0,0,1,,36,11,12,15,1,1,0,,9,,2,0,0,0,0,0,0,2,0,0,5,1,1,0,0,0,1,1,0,0,24,36,32,8,3,10,16,2,2,0,0,1,0,4,0,1,2,0,0,0,0,0,0,0,0,,,1,24,43,24,14,5,0,0,0
PIT190908181,evt,1909-08-18,1,PIT06,R,1,PIT,SLN,1,1,0,0,1,35,31,6,10,16,3,0,1,0,6,,2,0,2,0,1,0,1,1,3,0,5,1,1,0,0,0,1,1,0,0,27,32,30,3,3,8,12,2,1,0,0,0,0,3,0,0,1,1,0,0,0,0,0,8,12,,,1,27,37,27,10,0,1,0,0
PIT190908181,box,1909-08-18,1,PIT06,R,1,PIT,SLN,1,1,0,0,1,,31,6,10,16,3,0,1,,6,,2,0,2,0,1,0,1,1,3,0,5,1,1,0,0,0,1,1,0,0,27,32,30,3,3,8,12,2,1,0,0,0,0,3,0,0,1,1,0,0,0,0,0,0,0,,,1,27,37,27,10,0,1,0,0
PIT190908182,evt,1909-08-18,2,PIT06,R,1,PIT,SLN,1,1,0,0,1,31,26,2,2,3,1,0,0,0,2,,2,0,4,0,1,1,1,1,0,0,3,1,1,1,0,0,0,1,0,0,27,32,30,1,1,4,5,1,0,0,0,1,0,5,0,0,1,0,0,0,0,0,0,9,10,,,1,27,38,27,10,1,0,0,0
PIT190908182,box,1909-08-18,2,PIT06,R,1,PIT,SLN,1,1,0,0,1,,26,2,2,3,1,0,0,,2,,2,0,4,0,1,1,1,1,0,0,3,1,1,1,0,0,0,1,0,0,27,32,30,1,1,4,5,1,0,0,0,1,0,5,0,0,1,0,0,0,0,0,0,0,0,,,1,27,38,27,10,1,0,0,0
PIT190908190,evt,1909-08-19,0,PIT06,R,1,PIT,SLN,1,1,0,0,1,40,35,8,13,17,2,1,0,0,7,,0,0,2,0,3,2,0,4,1,0,8,1,1,1,0,0,0,1,0,0,27,35,32,3,0,6,8,0,1,0,0,3,0,2,0,0,0,0,0,0,0,0,0,11,10,,,1,27,46,27,16,3,1,0,0
PIT190908190,box,1909-08-19,0,PIT06,R,1,PIT,SLN,1,1,0,0,1,,35,8,13,17,2,1,0,,7,,0,0,2,0,3,2,0,4,1,0,8,1,1,1,0,0,0,1,0,0,27,35,32,3,0,6,8,0,1,0,0,3,0,2,0,0,0,0,0,0,0,0,0,0,0,,,1,27,46,27,16,3,1,0,0
PHI190908200,evt,1909-08-20,0,PHI09,R,0,PIT,PHI,1,1,0,0,1,36,33,4,8,11,0,0,1,0,4,,2,1,3,0,0,1,0,2,1,0,5,1,1,0,0,0,1,1,0,0,27,39,34,3,0,8,8,0,0,0,0,3,1,4,0,1,0,1,0,1,0,0,0,12,9,,,1,27,23,15,5,3,0,0,0
PHI190908200,box,1909-08-20,0,PHI09,R,0,PIT,PHI,1,1,0,0,1,,33,4,8,11,0,0,1,,4,,2,1,,0,0,1,0,2,1,0,5,1,1,0,0,0,1,1,0,0,27,39,34,3,0,8,8,0,0,0,0,3,1,4,0,1,0,1,0,1,0,0,0,0,0,,,1,27,38,27,8,3,0,0,0
PHI190908210,evt,1909-08-21,0,PHI09,R,0,PIT,PHI,1,0,1,0,1,45,41,5,7,11,2,1,0,0,5,,4,0,3,0,0,0,0,1,3,0,4,1,1,0,0,0,1,0,1,0,35,51,43,6,3,11,11,0,0,0,0,3,0,6,0,1,4,0,0,0,0,0,0,13,11,,,1,35,55,33,17,5,0,0,0
PHI190908210,box,1909-08-21,0,PHI09,R,0,PIT,PHI,1,0,1,0,1,,41,5,7,11,2,1,0,,5,,4,0,3,0,0,0,0,1,3,0,4,1,1,0,0,0,1,0,1,0,35,51,43,6,3,11,11,0,0,0,0,3,0,6,0,1,4,0,0,0,0,0,0,0,0,,,1,35,59,35,19,5,0,0,0
PHI190908230,evt,1909-08-23,0,PHI09,R,0,PIT,PHI,1,1,0,0,1,35,33,2,7,10,0,0,1,0,2,,2,0,5,0,0,0,0,1,0,0,6,1,1,1,1,0,0,1,0,0,27,32,30,0,0,5,5,0,0,0,0,2,0,2,0,0,0,0,0,0,0,0,0,17,5,,,1,27,22,13,7,2,0,0,0
PHI190908230,box,1909-08-23,0,PHI09,R,0,PIT,PHI,1,1,0,0,1,,33,2,7,10,0,0,1,,2,,2,0,5,0,0,0,0,1,0,0,6,1,1,1,1,0,0,1,0,0,27,32,30,0,0,5,5,0,0,0,0,2,0,2,0,0,0,0,0,0,0,0,0,0,0,,,1,27,44,27,15,2,0,0,0
NY1190908241,evt,1909-08-24,1,NYC10,R,0,PIT,NY1,1,0,1,0,1,36,34,3,10,15,0,1,1,0,3,,1,0,6,1,0,1,0,0,0,0,6,1,1,0,0,0,1,0,1,0,24,30,25,4,4,6,11,3,1,0,0,3,0,3,0,0,1,1,0,0,0,0,0,2,15,,,1,24,32,24,7,1,0,0,0
NY1190908241,box,1909-08-24,1,NYC10,R,0,PIT,NY1,1,0,1,0,1,,34,3,10,15,0,1,1,,3,,1,0,6,1,0,1,0,0,0,0,6,1,1,0,0,0,1,0,1,0,24,30,25,4,4,6,11,3,1,0,0,3,0,3,0,0,1,1,0,0,0,0,0,0,0,,,1,24,32,24,7,1,0,0,0
NY1190908242,evt,1909-08-24,2,NYC10,R,0,PIT,NY1,1,1,0,0,1,41,36,11,11,23,2,2,2,0,10,,3,0,3,0,0,0,2,1,3,0,3,1,1,1,0,0,0,1,0,0,27,37,34,3,3,9,13,0,2,0,0,2,0,4,0,0,0,1,0,0,0,0,0,10,12,,,1,27,36,27,9,0,0,0,0
NY1190908242,box,1909-08-24,2,NYC10,R,0,PIT,NY1,1,1,0,0,1,,36,11,11,23,2,2,2,,10,,3,0,3,0,0,0,2,1,3,0,3,1,1,1,0,0,0,1,0,0,27,37,34,3,3,9,13,0,2,0,0,2,0,4,0,0,0,1,0,0,0,0,0,0,0,,,1,27,36,27,9,0,0,0,0
NY1190908250,evt,1909-08-25,0,NYC10,R,0,PIT,NY1,1,0,1,0,1,33,33,2,5,7,2,0,0,0,1,,0,0,2,0,0,0,0,1,1,0,4,1,1,0,0,0,1,0,1,0,24,31,30,3,3,9,12,3,0,0,0,1,1,1,0,0,0,0,0,1,0,0,0,7,12,,,1,24,35,24,11,0,0,0,0
NY1190908250,box,1909-08-25,0,NYC10,R,0,PIT,NY1,1,0,1,0,1,,33,2,5,7,2,0,0,,1,,0,0,2,0,0,0,0,1,1,0,4,1,1,0,0,0,1,0,1,0,24,31,30,3,3,9,12,3,0,0,0,1,1,1,0,0,0,0,0,1,0,0,0,0,0,,,1,24,35,24,11,0,0,0,0
NY1190908260,evt,1909-08-26,0,NYC10,R,0,PIT,NY1,1,1,0,0,1,39,37,6,14,18,1,0,1,0,5,,1,0,7,1,0,1,0,1,2,0,6,1,1,0,0,0,1,1,0,1,27,36,30,3,2,5,7,0,1,0,0,5,1,1,0,1,0,0,0,0,0,0,0,9,15,,,1,27,37,27,9,1,1,0,0
NY1190908260,box,1909-08-26,0,NYC10,R,0,PIT,NY1,1,1,0,0,1,,37,6,14,18,1,0,1,,5,,1,0,7,1,0,1,0,1,2,0,6,1,1,0,0,0,1,1,0,1,27,36,30,3,2,5,7,0,1,0,0,5,1,1,0,1,0,0,0,0,0,0,0,0,0,,,1,27,37,27,9,1,1,0,0
BRO190908270,evt,1909-08-27,0,NYC12,R,0,PIT,BRO,1,1,0,0,1,45,36,5,13,14,1,0,0,0,3,,7,0,0,0,0,2,0,1,3,0,13,1,1,1,1,0,0,1,0,0,27,34,34,0,0,6,7,1,0,0,0,0,0,1,0,0,0,0,0,0,0,0,0,12,14,,,1,27,38,27,10,1,0,0,0
BRO190908270,box,1909-08-27,0,NYC12,R,0,PIT,BRO,1,1,0,0,1,,36,5,13,14,1,0,0,,3,,7,0,0,0,0,2,0,1,3,0,13,1,1,1,1,0,0,1,0,0,27,34,34,0,0,6,7,1,0,0,0,0,0,1,0,0,0,0,0,0,0,0,0,0,0,,,1,27,38,27,10,1,0,0,0
BRO190908281,evt,1909-08-28,1,NYC12,R,0,PIT,BRO,1,1,0,0,1,43,36,7,13,16,1,1,0,0,7,,5,0,3,0,0,2,0,5,2,0,9,1,1,1,0,0,0,1,0,0,27,34,33,3,3,8,10,2,0,0,0,1,0,7,1,0,0,0,0,0,0,0,0,9,9,,,1,27,37,27,10,0,1,0,0
BRO190908281,box,1909-08-28,1,NYC12,R,0,PIT,BRO,1,1,0,0,1,,36,7,13,16,1,1,0,,7,,5,0,3,0,0,2,0,5,2,0,9,1,1,1,0,0,0,1,0,0,27,34,33,3,3,8,10,2,0,0,0,1,0,7,1,0,0,0,0,0,0,0,0,0,0,,,1,27,37,27,10,0,1,0,0
BRO190908282,evt,1909-08-28,2,NYC12,R,0,PIT,BRO,1,1,0,0,1,36,31,3,7,11,2,1,0,0,2,,2,0,7,0,0,3,0,2,1,0,6,1,1,1,1,0,0,1,0,0,27,33,29,0,0,4,5,1,0,0,0,1,0,3,0,0,3,0,0,0,0,0,0,7,13,,,1,27,38,27,10,1,0,0,0
BRO190908282,box,1909-08-28,2,NYC12,R,0,PIT,BRO,1,1,0,0,1,,31,3,7,11,2,1,0,,2,,2,0,7,0,0,3,0,2,1,0,6,1,1,1,1,0,0,1,0,0,27,33,29,0,0,4,5,1,0,0,0,1,0,3,0,0,3,0,0,0,0,0,0,0,0,,,1,27,38,27,10,1,0,0,0
BRO190908300,evt,1909-08-30,0,NYC12,R,0,PIT,BRO,1,1,0,0,1,35,30,2,7,8,1,0,0,0,1,,2,0,2,1,2,1,0,0,1,0,6,1,1,1,0,0,0,1,0,0,27,32,30,1,1,5,5,0,0,0,0,1,0,0,0,0,1,0,0,0,0,0,0,14,11,,,1,27,41,27,14,0,0,0,0
BRO190908300,box,1909-08-30,0,NYC12,R,0,PIT,BRO,1,1,0,0,1,,30,2,7,8,1,0,0,,1,,2,0,2,1,2,1,0,0,1,0,6,1,1,1,0,0,0,1,0,0,27,32,30,1,1,5,5,0,0,0,0,1,0,0,0,0,1,0,0,0,0,0,0,0,0,,,1,27,41,27,14,0,0,0,0
BSN190908310,evt,1909-08-31,0,BOS05,R,0,PIT,BSN,1,1,0,0,1,37,34,7,8,11,3,0,0,0,6,,1,0,4,1,1,1,0,2,1,0,3,1,1,1,0,0,0,1,0,0,27,34,31,2,1,7,8,1,0,0,0,3,1,4,2,0,0,0,0,0,0,0,0,9,11,,,1,27,38,27,10,1,2,0,1
BSN190908310,box,1909-08-31,0,BOS05,R,0,PIT,BSN,1,1,0,0,1,,34,7,8,11,3,0,0,,6,,1,0,4,1,1,1,0,2,1,0,3,1,1,1,0,0,0,1,0,0,27,34,31,2,1,7,8,1,0,0,0,3,1,4,2,0,0,0,0,0,0,0,0,0,0,,,1,27,38,27,10,1,2,0,1
BSN190909021,evt,1909-09-02,1,BOS05,R,0,PIT,BSN,1,0,1,0,1,34,29,0,5,6,1,0,0,0,0,,4,0,4,0,0,1,0,1,1,0,7,1,1,0,0,0,1,0,1,0,24,30,28,1,1,5,5,0,0,0,0,0,0,3,0,0,2,0,0,0,0,0,0,13,5,,,1,24,41,24,16,1,0,0,0
BSN190909021,box,1909-09-02,1,BOS05,R,0,PIT,BSN,1,0,1,0,1,,29,0,5,6,1,0,0,,0,,4,0,4,0,0,1,0,1,1,0,7,1,1,0,0,0,1,0,1,0,24,30,28,1,1,5,5,0,0,0,0,0,0,3,0,0,2,0,0,0,0,0,0,0,0,,,1,24,41,24,16,1,0,0,0
BSN190909022,evt,1909-09-02,2,BOS05,R,0,PIT,BSN,1,1,0,0,1,39,35,5,10,13,3,0,0,0,4,,3,0,3,0,0,1,0,0,2,0,7,1,1,0,0,0,1,1,0,1,27,33,30,3,1,6,8,2,0,0,0,2,0,1,1,0,0,1,0,1,0,0,0,19,3,,,1,27,20,10,8,2,2,0,0
BSN190909022,box,1909-09-02,2,BOS05,R,0,PIT,BSN,1,1,0,0,1,,35,5,10,13,3,0,0,,4,,3,0,3,0,0,1,0,0,2,0,7,1,1,0,0,0,1,1,0,1,27,33,30,3,1,6,8,2,0,0,0,2,0,1,1,0,0,1,0,1,0,0,0,0,0,,,1,27,49,27,20,2,2,0,0
PIT190909040,evt,1909-09-04,0,PIT06,R,1,PIT,SLN,1,1,0,0,1,37,32,4,8,11,3,0,0,0,3,,2,0,2,0,0,3,0,1,1,0,9,1,1,1,1,0,0,1,0,0,27,31,31,0,0,6,8,2,0,0,0,0,0,4,1,0,0,0,0,0,0,0,0,15,5,,,1,27,44,27,17,0,1,0,0
PIT190909040,box,1909-09-04,0,PIT06,R,1,PIT,SLN,1,1,0,0,1,,32,4,8,11,3,0,0,,3,,2,0,2,0,0,3,0,1,1,0,9,1,1,1,1,0,0,1,0,0,27,31,31,0,0,6,8,2,0,0,0,0,0,4,1,0,0,0,0,0,0,0,0,0,0,,,1,27,44,27,17,0,1,0,0
CHN190909050,evt,1909-09-05,0,CHI08,R,0,PIT,CHN,1,1,0,0,1,45,42,5,10,13,3,0,0,0,5,,1,0,6,1,0,2,0,0,1,0,7,1,1,0,0,0,1,1,0,0,33,37,32,1,1,6,7,1,0,0,0,3,0,7,0,0,1,1,0,0,0,0,0,9,10,,,1,33,49,33,16,0,0,0,0
CHN190909050,box,1909-09-05,0,CHI08,R,0,PIT,CHN,1,1,0,0,1,,42,5,10,13,3,0,0,,5,,1,0,6,1,0,2,0,0,1,0,7,1,1,0,0,0,1,1,0,0,33,37,32,1,1,6,7,1,0,0,0,3,0,7,0,0,1,1,0,0,0,0,0,0,0,,,1,33,49,33,16,0,0,0,0
PIT190909061,evt,1909-09-06,1,PIT06,R,1,PIT,CHN,1,0,1,0,1,40,35,1,9,10,1,0,0,0,1,,3,0,6,0,0,2,0,1,1,0,9,1,1,1,0,0,0,0,1,0,30,41,37,3,3,10,13,3,0,0,0,3,0,12,0,0,1,0,0,0,0,0,0,6,9,,,1,30,41,30,9,2,0,0,0
PIT190909061,box,1909-09-06,1,PIT06,R,1,PIT,CHN,1,0,1,0,1,,35,1,9,10,1,0,0,,1,,3,0,6,0,0,2,0,1,1,0,9,1,1,1,0,0,0,0,1,0,30,41,37,3,3,10,13,3,0,0,0,3,0,12,0,0,1,0,0,0,0,0,0,0,0,,,1,30,41,30,9,2,0,0,0
PIT190909062,evt,1909-09-06,2,PIT06,R,1,PIT,CHN,1,0,1,0,1,37,33,3,8,12,4,0,0,0,3,,3,0,7,0,0,1,0,1,1,0,7,1,1,0,0,0,1,0,1,0,27,35,32,6,5,11,19,5,0,1,0,1,0,4,1,0,1,1,0,0,0,1,0,10,8,,,1,27,43,27,15,1,2,0,0
PIT190909062,box,1909-09-06,2,PIT06,R,1,PIT,CHN,1,0,1,0,1,,33,3,8,12,4,0,0,,3,,3,0,7,0,0,1,0,1,1,0,7,1,1,0,0,0,1,0,1,0,27,35,32,6,5,11,19,5,0,1,0,1,0,4,1,0,1,1,0,0,0,0,0,0,0,,,1,27,43,27,15,1,2,0,0
PIT190909070,evt,1909-09-07,0,PIT06,R,1,PIT,CHN,1,1,0,0,1,38,34,6,12,21,4,1,1,0,6,,2,0,2,0,0,2,0,3,1,0,8,1,1,1,0,0,0,1,0,0,27,32,32,2,1,5,9,0,2,0,0,0,0,1,1,0,0,0,0,0,0,0,0,17,8,,,1,27,46,27,17,2,1,0,0
PIT190909070,box,1909-09-07,0,PIT06,R,1,PIT,CHN,1,1,0,0,1,,34,6,12,21,4,1,1,,6,,2,0,2,0,0,2,0,3,1,0,8,1,1,1,0,0,0,1,0,0,27,32,32,2,1,5,9,0,2,0,0,0,0,1,1,0,0,0,0,0,0,0,0,0,0,,,1,27,46,27,17,2,1,0,0
PIT190909080,evt,1909-09-08,0,PIT06,R,1,PIT,CHN,1,0,1,0,1,36,29,2,4,5,1,0,0,0,2,,3,0,4,0,2,2,0,0,0,0,7,1,1,1,0,0,0,0,1,0,27,37,35,4,3,7,8,1,0,0,0,1,0,7,0,1,0,0,0,0,0,0,0,9,9,,,1,27,40,27,10,3,0,0,0
PIT190909080,box,1909-09-08,0,PIT06,R,1,PIT,CHN,1,0,1,0,1,,29,2,4,5,1,0,0,,2,,3,0,4,0,2,2,0,0,0,0,7,1,1,1,0,0,0,0,1,0,27,37,35,4,3,7,8,1,0,0,0,1,0,7,0,1,0,0,0,0,0,0,0,0,0,,,1,27,39,27,9,3,0,0,0
PIT190909090,evt,1909-09-09,0,PIT06,R,1,PIT,CIN,1,1,0,0,1,32,27,3,5,7,0,1,0,0,2,,2,0,3,0,1,2,0,0,1,0,5,1,1,1,0,0,0,1,0,0,27,32,30,1,0,4,4,0,0,0,0,1,0,5,0,0,1,0,0,0,0,0,0,17,4,,,1,27,19,13,4,2,1,0,0
PIT190909090,box,1909-09-09,0,PIT06,R,1,PIT,CIN,1,1,0,0,1,,27,3,5,7,0,1,0,,2,,2,0,3,0,1,2,0,0,1,0,5,1,1,1,0,0,0,1,0,0,27,32,30,1,0,4,4,0,0,0,0,1,0,5,0,0,1,0,0,0,0,0,0,0,0,,,1,27,41,27,12,2,1,0,0
PIT190909100,evt,1909-09-10,0,PIT06,R,1,PIT,CIN,1,1,0,0,1,31,27,4,6,12,2,2,0,0,3,,1,0,2,0,0,3,0,2,0,0,3,1,1,1,0,0,0,1,0,0,27,34,32,3,3,6,9,1,1,0,0,1,0,4,0,0,0,1,0,0,0,0,0,18,4,,,1,27,16,12,3,1,0,0,0
PIT190909100,box,1909-09-10,0,PIT06,R,1,PIT,CIN,1,1,0,0,1,,27,4,6,12,2,2,0,,3,,1,0,2,0,0,3,0,2,0,0,3,1,1,1,0,0,0,1,0,0,27,34,32,3,3,6,9,1,1,0,0,1,0,4,0,0,0,1,0,0,0,0,0,0,0,,,1,27,39,27,11,1,0,0,0
PIT190909110,evt,1909-09-11,0,PIT06,R,1,PIT,CIN,1,1,0,0,1,34,25,2,3,5,0,1,0,0,2,,5,0,3,0,0,3,1,1,1,0,8,1,1,1,0,0,0,1,0,0,27,34,33,1,0,7,10,1,1,0,0,1,0,2,0,0,0,0,0,0,0,0,0,13,9,,,1,27,43,27,14,2,0,0,0
PIT190909110,box,1909-09-11,0,PIT06,R,1,PIT,CIN,1,1,0,0,1,,25,2,3,5,0,1,0,,2,,5,0,3,0,0,3,1,1,1,0,8,1,1,1,0,0,0,1,0,0,27,34,33,1,0,7,10,1,1,0,0,1,0,2,0,0,0,0,0,0,0,0,0,0,0,,,1,27,43,27,14,2,0,0,0
SLN190909120,evt,1909-09-12,0,STL05,R,0,PIT,SLN,1,1,0,0,1,43,37,4,9,13,0,2,0,0,4,,6,1,0,0,0,0,0,2,1,0,12,1,1,0,0,0,1,1,0,0,27,37,34,3,3,12,13,1,0,0,0,2,0,1,0,0,1,0,0,0,0,0,0,20,1,,,1,27,19,11,7,1,2,0,0
SLN190909120,box,1909-09-12,0,STL05,R,0,PIT,SLN,1,1,0,0,1,,37,4,9,13,0,2,0,,4,,6,1,,0,0,0,0,2,1,0,12,1,1,0,0,0,1,1,0,0,27,37,34,3,3,12,13,1,0,0,0,2,0,,0,0,1,0,0,0,0,0,0,0,0,,,1,27,44,27,16,1,2,0,0
SLN190909130,evt,1909-09-13,0,STL05,R,0,PIT,SLN,1,1,0,0,1,38,36,4,8,9,1,0,0,0,4,,2,0,2,0,0,0,0,2,0,0,7,1,1,1,0,0,0,1,0,0,27,35,32,1,1,7,10,3,0,0,0,2,0,2,1,0,0,1,0,0,0,0,0,6,16,,,1,27,34,27,7,0,1,0,0
SLN190909130,box,1909-09-13,0,STL05,R,0,PIT,SLN,1,1,0,0,1,,36,4,8,9,1,0,0,,4,,2,0,2,0,0,0,0,2,0,0,7,1,1,1,0,0,0,1,0,0,27,35,32,1,1,7,10,3,0,0,0,2,0,2,1,0,0,1,0,0,0,0,0,0,0,,,1,27,34,27,7,0,1,0,0
CIN190909150,evt,1909-09-15,0,CIN06,R,0,PIT,CIN,1,1,0,0,1,46,36,7,11,12,1,0,0,0,7,,7,0,0,0,0,3,0,2,0,0,12,1,1,1,0,0,0,1,0,0,27,35,34,2,2,7,11,1,0,1,0,1,0,0,1,0,0,0,0,0,0,0,0,13,13,,,1,27,35,24,10,1,1,0,0
CIN190909150,box,1909-09-15,0,CIN06,R,0,PIT,CIN,1,1,0,0,1,,36,7,11,12,1,0,0,,7,,7,0,0,0,0,3,0,2,0,0,12,1,1,1,0,0,0,1,0,0,27,35,34,2,2,7,11,1,0,1,0,1,0,0,1,0,0,0,0,0,0,0,0,0,0,,,1,27,42,27,14,1,1,0,0
CIN190909160,evt,1909-09-16,0,CIN06,R,0,PIT,CIN,1,1,0,0,1,43,40,9,11,16,1,2,0,0,5,,3,1,3,1,0,0,0,5,0,0,7,1,1,0,0,0,1,1,0,0,27,31,29,3,2,6,8,2,0,0,0,1,0,4,0,0,1,0,0,0,0,0,0,9,9,,,1,27,42,27,13,2,1,0,0
CIN190909160,box,1909-09-16,0,CIN06,R,0,PIT,CIN,1,1,0,0,1,,40,9,11,16,1,2,0,,5,,3,1,3,1,0,0,0,5,0,0,7,1,1,0,0,0,1,1,0,0,27,31,29,3,2,6,8,2,0,0,0,1,0,4,0,0,1,0,0,0,0,0,0,0,0,,,1,27,42,27,13,2,1,0,0
PIT190909170,evt,1909-09-17,0,PIT06,R,1,PIT,BRO,1,1,0,0,1,37,32,6,9,22,2,4,1,0,5,,4,0,2,0,0,1,0,0,2,0,7,1,1,1,0,0,0,1,0,0,27,33,32,3,3,6,7,1,0,0,0,0,0,2,0,0,1,0,0,1,0,0,0,15,9,,,1,27,40,27,13,0,0,0,0
PIT190909170,box,1909-09-17,0,PIT06,R,1,PIT,BRO,1,1,0,0,1,,32,6,9,22,2,4,1,,5,,4,0,2,0,0,1,0,0,2,0,7,1,1,1,0,0,0,1,0,0,27,33,32,3,3,6,7,1,0,0,0,0,0,2,0,0,1,0,0,1,0,0,0,0,0,,,1,27,40,27,13,0,0,0,0
PIT190909180,evt,1909-09-18,0,PIT06,R,1,PIT,BRO,1,1,0,0,1,38,30,6,10,13,1,1,0,0,5,,7,0,4,0,0,1,0,0,3,0,8,1,1,1,1,0,0,1,0,0,27,34,31,0,0,1,1,0,0,0,0,3,1,3,0,0,0,0,0,0,0,0,0,13,11,,,1,27,42,27,12,3,0,0,0
PIT190909180,box,1909-09-18,0,PIT06,R,1,PIT,BRO,1,1,0,0,1,,30,6,10,13,1,1,0,,5,,7,0,4,0,0,1,0,0,3,0,8,1,1,1,1,0,0,1,0,0,27,34,31,0,0,1,1,0,0,0,0,3,1,3,0,0,0,0,0,0,0,0,0,0,0,,,1,27,42,27,12,3,0,0,0
PIT190909200,evt,1909-09-20,0,PIT06,R,1,PIT,BRO,1,1,0,0,1,44,34,12,10,11,1,0,0,0,6,,7,0,0,0,0,2,1,3,1,0,8,1,1,1,0,0,0,1,0,0,27,33,32,3,1,5,8,1,1,0,0,1,0,3,2,0,0,0,0,0,0,0,0,20,2,,,1,27,19,11,6,2,2,0,0
PIT190909200,box,1909-09-20,0,PIT06,R,1,PIT,BRO,1,1,0,0,1,,34,12,10,11,1,0,0,,6,,7,0,0,0,0,2,1,3,1,0,8,1,1,1,0,0,0,1,0,0,27,33,32,3,1,5,8,1,1,0,0,1,0,3,2,0,0,0,0,0,0,0,0,0,0,,,1,27,38,27,9,2,2,0,0
PIT190909211,evt,1909-09-21,1,PIT06,R,1,PIT,BSN,1,1,0,0,1,33,26,2,7,8,1,0,0,0,2,,6,1,1,2,0,1,0,1,1,0,7,1,1,1,1,0,0,1,0,0,27,31,28,0,0,3,4,1,0,0,0,1,0,4,1,0,2,0,0,0,0,0,0,17,3,,,1,27,12,9,2,1,1,0,0
PIT190909211,box,1909-09-21,1,PIT06,R,1,PIT,BSN,1,1,0,0,1,,26,2,7,8,1,0,0,,2,,6,1,1,2,0,1,0,1,1,0,7,1,1,1,1,0,0,1,0,0,27,31,28,0,0,3,4,1,0,0,0,1,0,4,1,0,2,0,0,0,0,0,0,0,0,,,1,27,41,27,13,1,1,0,0
PIT190909212,evt,1909-09-21,2,PIT06,R,1,PIT,BSN,1,1,0,0,1,35,30,5,9,15,0,3,0,0,5,,3,0,2,1,0,1,1,1,1,0,6,1,1,1,1,0,0,1,0,0,27,31,29,0,0,5,5,0,0,0,0,1,0,5,1,0,1,0,0,0,0,0,0,14,4,,,1,27,20,14,5,1,2,0,1
PIT190909212,box,1909-09-21,2,PIT06,R,1,PIT,BSN,1,1,0,0,1,,30,5,9,15,0,3,0,,5,,3,0,2,1,0,1,1,1,1,0,6,1,1,1,1,0,0,1,0,0,27,31,29,0,0,5,5,0,0,0,0,1,0,5,1,0,1,0,0,0,0,0,0,0,0,,,1,27,44,27,16,1,2,0,1
PIT190909220,evt,1909-09-22,0,PIT06,R,1,PIT,BSN,1,1,0,0,1,41,35,12,13,22,6,0,1,0,11,,6,0,1,0,0,0,0,1,1,0,5,1,1,0,0,0,1,1,0,0,27,42,37,7,5,11,14,3,0,0,0,3,0,1,0,0,2,0,0,0,0,0,0,14,8,,,1,27,49,27,20,2,0,0,0
PIT190909220,box,1909-09-22,0,PIT06,R,1,PIT,BSN,1,1,0,0,1,,35,12,13,22,6,0,1,,11,,6,0,1,0,0,0,0,1,1,0,5,1,1,0,0,0,1,1,0,0,27,42,37,7,5,11,14,3,0,0,0,3,0,1,0,0,2,0,0,0,0,0,0,0,0,,,1,27,48,27,19,2,0,0,0
PIT190909240,evt,1909-09-24,0,PIT06,R,1,PIT,PHI,1,1,0,0,1,33,25,2,4,6,0,1,0,0,2,,6,0,7,0,0,2,0,2,0,0,7,1,1,1,0,0,0,1,0,0,27,34,32,1,1,8,13,1,2,0,0,1,0,5,0,0,1,0,0,0,0,0,0,9,10,,,1,27,40,27,13,0,0,0,0
PIT190909240,box,1909-09-24,0,PIT06,R,1,PIT,PHI,1,1,0,0,1,,25,2,4,6,0,1,0,,2,,6,0,7,0,0,2,0,2,0,0,7,1,1,1,0,0,0,1,0,0,27,34,32,1,1,8,13,1,2,0,0,1,0,5,0,0,1,0,0,0,0,0,0,0,0,,,1,27,40,27,13,0,0,0,0
PIT190909250,evt,1909-09-25,0,PIT06,R,1,PIT,PHI,1,1,0,0,1,35,30,5,8,15,0,2,1,0,5,,2,1,1,0,0,3,0,1,0,0,6,1,1,1,1,0,0,1,0,0,27,38,30,0,0,5,6,1,0,0,0,5,0,4,0,2,1,0,0,0,0,0,0,9,12,,,1,27,40,27,13,0,0,0,0
PIT190909250,box,1909-09-25,0,PIT06,R,1,PIT,PHI,1,1,0,0,1,,30,5,8,15,0,2,1,,5,,2,1,1,0,0,3,0,1,0,0,6,1,1,1,1,0,0,1,0,0,27,38,30,0,0,5,6,1,0,0,0,5,0,4,0,2,1,0,0,0,0,0,0,0,0,,,1,27,40,27,13,0,0,0,0
PIT190909271,evt,1909-09-27,1,PIT06,R,1,PIT,NY1,1,1,0,0,1,36,29,6,9,13,2,1,0,0,6,,3,0,3,0,1,3,0,0,1,0,6,1,1,1,0,0,0,1,0,0,27,29,27,1,1,3,3,0,0,0,0,1,0,6,1,0,0,1,0,0,0,0,0,9,8,,,1,27,41,27,14,0,1,0,0
PIT190909271,box,1909-09-27,1,PIT06,R,1,PIT,NY1,1,1,0,0,1,,29,6,9,13,2,1,0,,6,,3,0,3,0,1,3,0,0,1,0,6,1,1,1,0,0,0,1,0,0,27,29,27,1,1,3,3,0,0,0,0,1,0,6,1,0,0,1,0,0,0,0,0,0,0,,,1,27,41,27,14,0,1,0,0
PIT190909272,evt,1909-09-27,2,PIT06,R,1,PIT,NY1,1,0,1,0,1,42,36,7,14,22,2,3,0,0,5,,4,0,6,0,0,1,1,3,1,0,8,1,1,1,0,0,0,0,1,0,27,42,39,8,6,11,16,2,0,1,0,3,1,2,1,0,0,0,0,0,0,0,0,12,12,,,1,27,43,27,14,2,1,0,0
PIT190909272,box,1909-09-27,2,PIT06,R,1,PIT,NY1,1,0,1,0,1,,36,7,14,22,2,3,0,,5,,4,0,6,0,0,1,1,3,1,0,8,1,1,1,0,0,0,0,1,0,27,42,39,8,6,11,16,2,0,1,0,3,1,2,1,0,0,0,0,0,0,0,0,0,0,,,1,27,42,27,13,2,1,0,0
PIT190909280,evt,1909-09-28,0,PIT06,R,1,PIT,NY1,1,0,1,0,1,42,37,9,12,19,5,1,0,0,8,,3,0,7,0,0,0,2,0,0,0,6,1,1,0,0,0,1,0,1,0,27,50,42,13,12,13,22,3,3,0,0,8,0,8,0,0,0,0,0,3,0,3,0,12,8,,,1,27,41,27,11,3,0,0,0
PIT190909280,box,1909-09-28,0,PIT06,R,1,PIT,NY1,1,0,1,0,1,,37,9,12,19,5,1,0,,8,,3,0,7,0,0,0,2,0,0,0,6,1,1,0,0,0,1,0,1,0,27,50,42,13,12,13,22,3,3,0,0,8,0,8,0,0,0,0,0,3,0,0,0,0,0,,,1,27,41,27,11,3,0,0,0
PIT190909290,evt,1909-09-29,0,PIT06,R,1,PIT,NY1,1,0,1,0,1,33,31,1,5,7,0,1,0,0,1,,2,0,1,1,0,0,0,2,0,0,5,1,1,0,0,0,1,0,1,0,27,38,36,6,6,14,21,3,2,0,0,1,0,1,0,0,0,1,0,0,0,0,0,9,11,,,1,27,47,27,18,2,1,0,0
PIT190909290,box,1909-09-29,0,PIT06,R,1,PIT,NY1,1,0,1,0,1,,31,1,5,7,0,1,0,,1,,2,0,1,1,0,0,0,2,0,0,5,1,1,0,0,0,1,0,1,0,27,38,36,6,6,14,21,3,2,0,0,1,0,1,0,0,0,1,0,0,0,0,0,0,0,,,1,27,47,27,18,2,1,0,0
PIT190909301,evt,1909-09-30,1,PIT06,R,1,PIT,NY1,1,0,1,0,1,36,30,2,5,6,1,0,0,0,2,,5,0,0,0,0,1,0,0,1,0,7,1,1,0,0,0,1,0,1,0,27,36,36,6,6,12,16,2,1,0,0,0,0,4,1,0,0,0,0,0,0,0,0,14,6,,,1,27,42,27,15,0,1,0,0
PIT190909301,box,1909-09-30,1,PIT06,R,1,PIT,NY1,1,0,1,0,1,,30,2,5,6,1,0,0,,2,,5,0,0,0,0,1,0,0,1,0,7,1,1,0,0,0,1,0,1,0,27,36,36,6,6,12,16,2,1,0,0,0,0,4,1,0,0,0,0,0,0,0,0,0,0,,,1,27,42,27,15,0,1,0,0
PIT190909302,evt,1909-09-30,2,PIT06,R,1,PIT,NY1,1,1,0,0,1,39,34,9,13,17,2,1,0,0,6,,2,0,3,1,0,0,3,0,1,0,6,1,1,1,0,0,0,1,0,0,27,35,33,1,1,7,11,0,2,0,0,2,0,5,0,0,0,0,0,0,0,0,0,16,5,,,1,27,44,27,17,0,0,0,0
PIT190909302,box,1909-09-30,2,PIT06,R,1,PIT,NY1,1,1,0,0,1,,34,9,13,17,2,1,0,,6,,2,0,3,1,0,0,3,0,1,0,6,1,1,1,0,0,0,1,0,0,27,35,33,1,1,7,11,0,2,0,0,2,0,5,0,0,0,0,0,0,0,0,0,0,0,,,1,27,44,27,17,0,0,0,0
CHN190910020,evt,1909-10-02,0,CHI08,R,0,PIT,CHN,1,0,1,0,1,33,27,1,5,7,2,0,0,0,1,,2,0,4,0,2,2,0,0,1,0,5,1,1,1,0,0,0,0,1,0,24,30,30,3,2,6,10,2,1,0,0,0,0,3,0,0,0,0,0,0,0,0,0,12,7,,,1,24,44,24,18,2,0,0,0
CHN190910020,box,1909-10-02,0,CHI08,R,0,PIT,CHN,1,0,1,0,1,,27,1,5,7,2,0,0,,1,,2,0,4,0,2,2,0,0,1,0,5,1,1,1,0,0,0,0,1,0,24,30,30,3,2,6,10,2,1,0,0,0,0,3,0,0,0,0,0,0,0,0,0,0,0,,,1,24,44,24,18,2,0,0,0
CHN190910030,evt,1909-10-03,0,CHI08,R,0,PIT,CHN,1,1,0,0,1,36,34,4,9,11,2,0,0,0,3,,0,0,4,0,0,1,1,0,2,0,5,1,1,1,0,0,0,1,0,0,27,33,30,1,0,4,5,1,0,0,0,2,0,1,0,1,0,0,0,0,0,0,0,22,3,,,1,27,8,3,3,2,0,0,0
CHN190910030,box,1909-10-03,0,CHI08,R,0,PIT,CHN,1,1,0,0,1,,34,4,9,11,2,0,0,,3,,0,0,4,0,0,1,1,0,2,0,5,1,1,1,0,0,0,1,0,0,27,33,30,1,0,4,5,1,0,0,0,2,0,1,0,1,0,0,0,0,0,0,0,0,0,,,1,27,40,27,11,2,0,0,0
CHN190910040,evt,1909-10-04,0,CHI08,R,0,PIT,CHN,1,0,1,0,1,34,31,2,5,6,1,0,0,0,2,,2,0,4,0,0,1,0,2,2,0,5,1,1,1,0,0,0,0,1,0,24,39,35,8,4,11,15,2,1,0,0,1,0,1,0,2,1,0,0,0,0,0,0,14,6,,,1,24,46,24,20,2,0,0,0
CHN190910040,box,1909-10-04,0,CHI08,R,0,PIT,CHN,1,0,1,0,1,,31,2,5,6,1,0,0,,2,,2,0,4,0,0,1,0,2,2,0,5,1,1,1,0,0,0,0,1,0,24,39,35,8,4,11,15,2,1,0,0,1,0,1,0,2,1,0,0,0,0,0,0,0,0,,,1,24,46,24,20,2,0,0,0
CIN190910051,evt,1909-10-05,1,CIN06,R,0,PIT,CIN,1,1,0,0,1,40,35,5,8,8,0,0,0,0,4,,5,0,3,0,0,0,0,4,0,0,8,1,1,0,0,0,1,1,0,0,27,36,33,4,3,11,13,2,0,0,0,1,0,6,1,0,2,0,0,0,0,0,0,9,5,,,1,27,32,21,9,2,3,0,0
CIN190910051,box,1909-10-05,1,CIN06,R,0,PIT,CIN,1,1,0,0,1,,35,5,8,8,0,0,0,,4,,5,0,3,0,0,0,0,4,0,0,8,1,1,0,0,0,1,1,0,0,27,36,33,4,3,11,13,2,0,0,0,1,0,6,1,0,2,0,0,0,0,0,0,0,0,,,1,27,43,27,14,2,3,0,0
CIN190910052,evt,1909-10-05,2,CIN06,R,0,PIT,CIN,1,1,0,0,1,33,29,7,7,13,1,1,1,0,7,,4,0,3,0,0,0,0,4,0,0,5,1,1,1,0,0,0,1,0,0,21,30,26,4,4,8,12,1,0,1,0,1,0,2,0,1,2,0,0,0,0,0,0,4,11,,,1,21,21,17,3,1,1,0,0
CIN190910052,box,1909-10-05,2,CIN06,R,0,PIT,CIN,1,1,0,0,1,,29,7,7,13,1,1,1,,7,,4,0,3,0,0,0,0,4,0,0,5,1,1,1,0,0,0,1,0,0,21,30,26,4,4,8,12,1,0,1,0,1,0,2,0,1,2,0,0,0,0,0,0,0,0,,,1,21,27,21,5,1,1,0,0
PIT190910080,evt,1909-10-08,0,PIT06,W,1,PIT,DET,1,1,0,0,1,33,29,4,5,10,2,0,1,0,4,,1,0,4,0,2,0,1,1,0,0,5,1,1,1,0,0,0,1,0,0,27,36,31,1,1,6,6,0,0,0,0,4,0,2,0,0,1,0,0,0,0,0,0,11,11,,,1,27,39,27,12,0,0,0,0
PIT190910090,evt,1909-10-09,0,PIT06,W,1,PIT,DET,1,0,1,0,1,34,31,2,5,8,3,0,0,0,2,,2,0,7,0,0,1,0,2,1,0,5,1,1,0,0,0,1,0,1,0,27,38,32,7,6,9,11,2,0,0,0,5,0,4,0,0,1,0,0,0,0,2,2,11,7,,,1,27,44,27,16,1,1,0,0
DET190910110,evt,1909-10-11,0,DET02,W,0,PIT,DET,1,1,0,0,1,41,37,8,10,12,2,0,0,0,4,,1,0,2,0,2,0,1,3,2,0,6,1,1,1,0,0,0,1,0,0,27,41,39,6,1,11,14,3,0,0,0,2,0,4,0,0,0,0,0,0,0,0,0,13,11,,,1,27,43,27,14,2,0,0,0
DET190910120,evt,1909-10-12,0,DET02,W,0,PIT,DET,1,0,1,0,1,34,32,0,5,6,1,0,0,0,0,,2,0,10,0,0,0,0,2,0,0,7,1,1,0,0,0,1,0,1,0,24,38,32,5,5,8,10,2,0,0,0,2,0,1,1,2,2,0,0,0,0,0,0,12,5,,,1,24,50,24,20,6,1,0,0
PIT190910130,evt,1909-10-13,0,PIT06,W,1,PIT,DET,1,1,0,0,1,37,31,8,10,14,1,0,1,0,6,,3,1,5,0,1,2,0,4,1,0,5,1,1,1,0,0,0,1,0,0,27,36,35,4,3,6,14,2,0,2,0,1,0,8,0,0,0,0,0,0,0,0,0,9,10,,,1,27,36,27,7,2,0,0,0
DET190910140,evt,1909-10-14,0,DET02,W,0,PIT,DET,1,0,1,0,1,36,33,4,8,9,1,0,0,0,3,,1,0,5,0,0,2,0,1,1,0,5,1,1,0,0,0,1,0,1,0,24,38,32,5,5,10,15,5,0,0,0,5,0,2,0,1,0,0,0,0,0,0,0,8,9,,,1,24,35,24,10,1,1,0,0
DET190910160,evt,1909-10-16,0,DET02,W,0,PIT,DET,1,1,0,0,1,46,30,8,7,12,3,1,0,0,6,,10,1,1,0,1,4,1,4,1,0,11,1,1,1,1,0,0,1,0,0,27,34,31,0,0,6,9,3,0,0,0,1,0,1,0,1,1,0,0,0,0,0,0,10,14,,,1,27,37,27,10,0,0,0,0
SLA190904140,evt,1909-04-14,0,STL07,R,1,SLA,CLE,1,0,1,0,1,33,32,2,8,11,3,0,0,0,2,,1,0,1,2,0,0,0,0,1,0,4,1,1,1,0,0,0,0,1,0,27,33,32,4,1,5,6,1,0,0,0,0,0,2,2,0,1,0,0,0,0,0,0,19,2,,,1,27,28,15,10,3,2,0,0
SLA190904140,box,1909-04-14,0,STL07,R,1,SLA,CLE,1,0,1,0,1,,32,2,8,11,3,0,0,,2,,1,0,1,2,0,0,0,0,1,0,4,1,1,1,0,0,0,0,1,0,27,33,32,4,1,5,6,1,0,0,0,0,0,0,2,0,1,0,0,0,0,0,0,0,0,,,1,27,46,27,16,3,2,0,0
SLA190904150,evt,1909-04-15,0,STL07,R,1,SLA,CLE,1,0,1,0,1,37,34,3,10,13,0,0,1,0,2,,2,0,5,1,0,1,0,0,0,0,7,1,1,1,0,0,0,0,1,0,27,35,31,4,4,6,7,1,0,0,0,2,0,3,0,0,2,0,0,0,0,0,0,17,5,,,1,27,12,10,2,0,0,0,0
SLA190904150,box,1909-04-15,0,STL07,R,1,SLA,CLE,1,0,1,0,1,,34,3,10,13,0,0,1,,2,,2,0,5,1,0,1,0,0,0,0,7,1,1,1,0,0,0,0,1,0,27,35,31,4,4,6,7,1,0,0,0,2,0,3,0,0,2,0,0,0,0,0,0,0,0,,,1,27,40,27,13,0,0,0,0
SLA190904160,evt,1909-04-16,0,STL07,R,1,SLA,CLE,1,1,0,0,1,40,36,6,12,17,2,0,1,0,6,,3,1,0,0,1,0,0,1,0,0,10,1,1,0,0,0,1,1,0,0,27,34,33,5,5,7,11,2,1,0,0,1,0,2,0,0,0,0,0,0,0,1,0,24,0,,,1,27,7,5,2,0,0,0,1
SLA190904160,box,1909-04-16,0,STL07,R,1,SLA,CLE,1,1,0,0,1,,36,6,12,17,2,0,1,,6,,3,1,,0,1,0,0,1,0,0,10,1,1,0,0,0,1,1,0,0,27,34,33,5,5,7,11,2,1,0,0,1,0,,0,0,0,0,0,0,0,0,0,0,0,,,1,27,38,27,11,0,0,0,1
SLA190904170,evt,1909-04-17,0,STL07,R,1,SLA,CHA,1,0,1,0,1,33,33,1,4,5,1,0,0,0,1,,0,0,0,0,0,0,0,0,1,0,2,1,1,1,0,0,0,0,1,0,30,40,39,3,3,10,14,2,1,0,0,0,0,6,0,0,1,0,0,0,0,0,0,16,4,,,1,30,22,15,6,1,0,0,0
SLA190904170,box,1909-04-17,0,STL07,R,1,SLA,CHA,1,0,1,0,1,,33,1,4,5,1,0,0,,1,,0,0,,0,0,0,0,0,1,0,2,1,1,1,0,0,0,0,1,0,30,40,39,3,3,10,14,2,1,0,0,0,0,,0,0,1,0,0,0,0,0,0,0,0,,,1,30,44,30,13,1,0,0,0
SLA190904180,evt,1909-04-18,0,STL07,R,1,SLA,CHA,1,1,0,0,1,38,33,6,16,19,1,1,0,0,6,,1,0,2,1,0,3,1,1,1,0,8,1,1,1,0,0,0,1,0,0,27,33,31,2,2,6,7,1,0,0,0,1,0,3,0,0,0,1,0,0,0,0,0,12,10,,,1,27,20,16,3,1,0,0,1
SLA190904180,box,1909-04-18,0,STL07,R,1,SLA,CHA,1,1,0,0,1,,33,6,16,19,1,1,0,,6,,1,0,2,1,0,3,1,1,1,0,8,1,1,1,0,0,0,1,0,0,27,33,31,2,2,6,7,1,0,0,0,1,0,,0,0,0,1,0,0,0,0,0,0,0,,,1,27,37,27,9,1,0,0,1
CLE190904220,evt,1909-04-22,0,CLE05,R,0,SLA,CLE,1,1,0,0,1,59,47,6,12,15,1,1,0,0,4,,8,1,5,1,0,3,1,1,1,0,11,1,1,0,0,0,1,1,0,0,42,60,55,4,3,16,19,3,0,0,0,2,0,7,0,1,2,0,0,0,0,3,2,26,4,,,1,42,28,18,8,2,0,0,0
CLE190904220,box,1909-04-22,0,CLE05,R,0,SLA,CLE,1,1,0,0,1,,47,6,12,15,1,1,0,,4,,8,1,5,1,0,3,1,1,1,0,11,1,1,0,0,0,1,1,0,0,42,60,55,4,3,16,19,3,0,0,0,2,0,7,0,1,2,0,0,0,0,0,0,0,0,,,1,42,66,42,22,2,0,0,0
CLE190904230,evt,1909-04-23,0,CLE05,R,0,SLA,CLE,1,1,0,0,1,35,32,3,8,10,0,1,0,0,2,,1,0,4,0,0,2,0,1,1,0,5,1,1,1,0,0,0,1,0,0,27,35,33,1,1,7,9,2,0,0,0,1,0,1,0,1,0,0,0,0,0,0,0,9,15,,,1,27,40,27,12,1,1,0,0
CLE190904230,box,1909-04-23,0,CLE05,R,0,SLA,CLE,1,1,0,0,1,,32,3,8,10,0,1,0,,2,,1,0,4,0,0,2,0,1,1,0,5,1,1,1,0,0,0,1,0,0,27,35,33,1,1,7,9,2,0,0,0,1,0,1,0,1,0,0,0,0,0,0,0,0,0,,,1,27,40,27,12,1,1,0,0
CLE190904240,evt,1909-04-24,0,CLE05,R,0,SLA,CLE,1,0,1,0,1,40,35,3,11,11,0,0,0,0,3,,3,0,1,3,1,1,0,2,0,0,10,1,1,0,0,0,1,0,1,0,24,41,35,7,3,13,16,1,1,0,0,3,0,11,0,1,1,1,0,0,0,2,1,3,8,,,1,24,36,24,7,5,1,0,0
CLE190904240,box,1909-04-24,0,CLE05,R,0,SLA,CLE,1,0,1,0,1,,35,3,11,11,0,0,0,,3,,3,0,1,3,1,1,0,2,0,0,10,1,1,0,0,0,1,0,1,0,24,41,35,7,3,13,16,1,1,0,0,3,0,11,0,1,1,1,0,0,0,0,0,0,0,,,1,24,36,24,7,5,1,0,0
CHA190904250,evt,1909-04-25,0,CHI09,R,0,SLA,CHA,1,0,1,0,1,34,30,0,3,3,0,0,0,0,0,,2,0,6,0,0,2,0,1,0,0,7,1,1,1,0,0,0,0,1,0,24,34,25,1,0,4,4,0,0,0,0,6,2,0,1,0,3,0,0,0,0,0,0,13,6,,,1,24,30,17,11,2,1,0,0
CHA190904250,box,1909-04-25,0,CHI09,R,0,SLA,CHA,1,0,1,0,1,,30,0,3,3,0,0,0,,0,,2,0,6,0,0,2,0,1,0,0,7,1,1,1,0,0,0,0,1,0,24,34,25,1,0,4,4,0,0,0,0,6,2,0,1,0,3,0,0,0,0,0,0,0,0,,,1,24,43,24,17,2,1,0,0
CHA190904260,evt,1909-04-26,0,CHI09,R,0,SLA,CHA,1,0,1,0,1,30,27,0,2,2,0,0,0,0,0,,0,0,0,0,1,2,0,0,0,0,3,1,1,1,0,0,0,0,1,0,24,27,25,1,0,2,2,0,0,0,0,0,0,2,0,1,1,0,0,0,0,0,0,11,9,,,1,24,38,24,13,1,0,0,0
CHA190904260,box,1909-04-26,0,CHI09,R,0,SLA,CHA,1,0,1,0,1,,27,0,2,2,0,0,0,,0,,0,0,0,0,1,2,0,0,0,0,3,1,1,1,0,0,0,0,1,0,24,27,25,1,0,2,2,0,0,0,0,0,0,2,0,1,1,0,0,0,0,0,0,0,0,,,1,24,38,24,13,1,0,0,0
CHA190904270,evt,1909-04-27,0,CHI09,R,0,SLA,CHA,1,0,1,0,1,29,28,0,3,3,0,0,0,0,0,,0,0,1,0,0,1,0,0,1,0,2,1,1,1,0,0,0,0,1,0,26,34,29,1,1,4,4,0,0,0,0,2,0,4,0,0,3,0,0,0,0,0,0,9,11,,,1,26,38,26,10,2,0,0,0
CHA190904270,box,1909-04-27,0,CHI09,R,0,SLA,CHA,1,0,1,0,1,,28,0,3,3,0,0,0,,0,,0,0,1,0,0,1,0,0,1,0,2,1,1,1,0,0,0,0,1,0,26,34,29,1,1,4,4,0,0,0,0,2,0,4,0,0,3,0,0,0,0,0,0,0,0,,,1,26,38,26,10,2,0,0,0
DET190904300,evt,1909-04-30,0,DET02,R,0,SLA,DET,1,0,1,0,1,32,31,2,7,7,0,0,0,0,2,,1,0,1,3,0,0,0,0,0,0,3,1,1,1,0,0,0,0,1,0,24,33,29,4,3,7,8,1,0,0,0,2,0,1,0,0,2,0,0,0,0,0,0,14,6,,,1,24,19,10,7,2,1,0,0
DET190904300,box,1909-04-30,0,DET02,R,0,SLA,DET,1,0,1,0,1,,31,2,7,7,0,0,0,,2,,1,0,,3,0,0,0,0,0,0,3,1,1,1,0,0,0,0,1,0,24,33,29,4,3,7,8,1,0,0,0,2,0,,0,0,2,0,0,0,0,0,0,0,0,,,1,24,40,24,14,2,1,0,0
DET190905010,evt,1909-05-01,0,DET02,R,0,SLA,DET,1,0,1,0,1,38,36,2,11,14,1,1,0,0,1,,1,1,1,1,0,1,0,0,0,0,9,1,1,1,0,0,0,0,1,0,24,32,31,5,5,9,16,2,1,1,0,1,0,1,0,0,0,0,0,0,0,0,0,17,2,,,1,24,17,9,8,0,0,0,0
DET190905010,box,1909-05-01,0,DET02,R,0,SLA,DET,1,0,1,0,1,,36,2,11,14,1,1,0,,1,,1,1,1,1,0,1,0,0,0,0,9,1,1,1,0,0,0,0,1,0,24,32,31,5,5,9,16,2,1,1,0,1,0,,0,0,0,0,0,0,0,0,0,0,0,,,1,24,35,24,11,0,0,0,0
SLA190905020,evt,1909-05-02,0,STL07,R,1,SLA,CLE,1,0,1,0,1,31,29,0,4,6,2,0,0,0,0,,1,0,3,1,0,1,0,0,0,0,4,1,1,0,0,0,1,0,1,0,27,32,31,1,1,7,7,0,0,0,0,0,0,0,1,0,1,0,0,0,0,0,0,17,6,,,1,27,21,13,8,0,1,0,0
SLA190905020,box,1909-05-02,0,STL07,R,1,SLA,CLE,1,0,1,0,1,,29,0,4,6,2,0,0,,0,,1,0,3,1,0,1,0,0,0,0,4,1,1,0,0,0,1,0,1,0,27,32,31,1,1,7,7,0,0,0,0,0,0,,1,0,1,0,0,0,0,0,0,0,0,,,1,27,43,27,16,0,1,0,0
SLA190905040,evt,1909-05-04,0,STL07,R,1,SLA,DET,1,1,0,0,1,32,31,4,9,10,1,0,0,0,4,,1,0,2,0,0,0,0,0,1,0,4,1,1,1,0,0,0,1,0,0,27,37,29,2,1,5,5,0,0,0,0,6,0,6,0,0,2,0,0,0,0,0,0,11,6,,,1,27,27,20,6,1,1,0,0
SLA190905040,box,1909-05-04,0,STL07,R,1,SLA,DET,1,1,0,0,1,,31,4,9,10,1,0,0,,4,,1,0,,0,0,0,0,0,1,0,4,1,1,1,0,0,0,1,0,0,27,37,29,2,1,5,5,0,0,0,0,6,0,6,0,0,2,0,0,0,0,0,0,0,0,,,1,27,41,27,13,1,1,0,0
SLA190905050,evt,1909-05-05,0,STL07,R,1,SLA,DET,1,0,1,0,1,42,39,1,11,13,2,0,0,0,1,,1,0,1,1,0,2,0,1,0,0,11,1,1,1,0,0,0,0,1,0,30,35,34,3,2,5,8,1,1,0,0,1,0,5,0,0,0,0,0,0,0,0,0,17,6,,,1,30,29,19,9,1,0,0,0
SLA190905050,box,1909-05-05,0,STL07,R,1,SLA,DET,1,0,1,0,1,,39,1,11,13,2,0,0,,1,,1,0,,1,0,2,0,1,0,0,11,1,1,1,0,0,0,0,1,0,30,35,34,3,2,5,8,1,1,0,0,1,0,,0,0,0,0,0,0,0,0,0,0,0,,,1,30,44,30,13,1,0,0,0
SLA190905060,evt,1909-05-06,0,STL07,R,1,SLA,DET,1,0,1,0,1,37,34,3,7,7,0,0,0,0,2,,2,0,2,0,0,1,0,1,0,0,7,1,1,0,0,0,1,0,1,0,27,42,36,7,7,12,15,3,0,0,0,3,0,1,0,0,3,0,0,0,0,2,0,19,2,,,1,27,17,9,6,2,0,0,0
SLA190905060,box,1909-05-06,0,STL07,R,1,SLA,DET,1,0,1,0,1,,34,3,7,7,0,0,0,,2,,2,0,2,0,0,1,0,1,0,0,7,1,1,0,0,0,1,0,1,0,27,42,36,7,7,12,15,3,0,0,0,3,0,,0,0,3,0,0,0,0,0,0,0,0,,,1,27,41,27,12,2,0,0,0
SLA190905100,evt,1909-05-10,0,STL07,R,1,SLA,PHA,1,0,1,0,1,36,33,1,7,9,0,1,0,0,1,,3,0,6,0,0,0,0,0,1,0,8,1,1,1,0,0,0,0,1,0,27,39,30,5,3,9,11,0,1,0,0,5,0,2,0,1,3,0,0,0,0,0,0,15,3,,,1,27,22,12,7,3,1,0,0
SLA190905100,box,1909-05-10,0,STL07,R,1,SLA,PHA,1,0,1,0,1,,33,1,7,9,0,1,0,,1,,3,0,2,0,0,0,0,0,1,0,8,1,1,1,0,0,0,0,1,0,27,39,30,5,3,9,11,0,1,0,0,5,0,0,0,1,3,0,0,0,0,0,0,0,0,,,1,27,46,27,16,3,1,0,0
SLA190905110,evt,1909-05-11,0,STL07,R,1,SLA,PHA,1,1,0,0,1,31,26,3,8,8,0,0,0,0,3,,3,0,1,1,0,2,0,1,5,0,4,1,1,1,1,0,0,1,0,0,27,31,28,0,0,2,2,0,0,0,0,3,0,0,0,0,0,0,0,0,0,0,0,20,5,,,1,27,8,7,1,0,1,0,0
SLA190905110,box,1909-05-11,0,STL07,R,1,SLA,PHA,1,1,0,0,1,,26,3,8,8,0,0,0,,3,,3,0,,1,0,2,0,1,5,0,4,1,1,1,1,0,0,1,0,0,27,31,28,0,0,2,2,0,0,0,0,3,0,,0,0,0,0,0,0,0,0,0,0,0,,,1,27,36,27,9,0,1,0,0
SLA190905120,evt,1909-05-12,0,STL07,R,1,SLA,PHA,1,0,1,0,1,34,33,0,7,8,1,0,0,0,0,,1,0,1,1,0,0,0,0,1,0,7,1,1,1,0,0,0,0,1,0,27,37,30,1,0,6,6,0,0,0,0,4,1,1,2,1,2,0,0,1,0,0,0,21,1,,,1,27,16,8,6,2,2,0,0
SLA190905120,box,1909-05-12,0,STL07,R,1,SLA,PHA,1,0,1,0,1,,33,0,7,8,1,0,0,,0,,1,0,,1,0,0,0,0,1,0,7,1,1,1,0,0,0,0,1,0,27,37,30,1,0,6,6,0,0,0,0,4,1,,2,1,2,0,0,1,0,0,0,0,0,,,1,27,47,27,18,2,2,0,0
SLA190905140,evt,1909-05-14,0,STL07,R,1,SLA,WS1,1,1,0,0,1,32,28,5,6,9,3,0,0,0,5,,4,0,2,1,0,0,0,0,1,0,3,1,1,0,0,0,1,1,0,1,27,36,32,4,4,10,11,1,0,0,0,1,0,2,0,0,3,0,0,0,0,1,1,12,8,,,1,27,24,17,7,0,1,0,1
SLA190905140,box,1909-05-14,0,STL07,R,1,SLA,WS1,1,1,0,0,1,,28,5,6,9,3,0,0,,5,,4,0,,1,0,0,0,0,1,0,3,1,1,0,0,0,1,1,0,1,27,36,32,4,4,10,11,1,0,0,0,1,0,,0,0,3,0,0,0,0,0,0,0,0,,,1,27,37,27,10,0,1,0,1
SLA190905150,evt,1909-05-15,0,STL07,R,1,SLA,WS1,1,1,0,0,1,35,33,7,9,15,4,1,0,0,4,,1,0,4,0,0,1,0,0,0,0,4,1,1,1,0,0,0,1,0,0,27,33,28,1,1,6,6,0,0,0,0,2,0,3,0,0,3,0,0,0,0,0,0,16,3,,,1,27,25,15,9,1,0,0,1
SLA190905150,box,1909-05-15,0,STL07,R,1,SLA,WS1,1,1,0,0,1,,33,7,9,15,4,1,0,,4,,1,0,4,0,0,1,0,0,0,0,4,1,1,1,0,0,0,1,0,0,27,33,28,1,1,6,6,0,0,0,0,2,0,,0,0,3,0,0,0,0,0,0,0,0,,,1,27,46,27,18,1,0,0,1
SLA190905160,evt,1909-05-16,0,STL07,R,1,SLA,WS1,1,1,0,0,1,32,29,4,7,9,0,1,0,0,4,,2,1,0,0,0,0,1,1,1,0,4,1,1,1,0,0,0,1,0,0,27,41,33,3,3,7,10,3,0,0,0,5,1,7,2,1,2,0,0,0,0,0,0,12,2,,,1,27,30,18,8,4,2,0,1
SLA190905160,box,1909-05-16,0,STL07,R,1,SLA,WS1,1,1,0,0,1,,29,4,7,9,0,1,0,,4,,2,1,,0,0,0,1,1,1,0,4,1,1,1,0,0,0,1,0,0,27,41,33,3,3,7,10,3,0,0,0,5,1,1,2,1,2,0,0,0,0,0,0,0,0,,,1,27,44,27,13,4,2,0,1
SLA190905170,evt,1909-05-17,0,STL07,R,1,SLA,WS1,1,1,0,0,1,30,26,4,4,4,0,0,0,0,4,,4,0,0,2,0,0,0,0,2,0,2,1,1,1,1,0,0,1,0,0,27,29,27,0,0,2,4,0,1,0,0,1,0,5,2,1,0,0,0,0,0,0,0,14,5,,,1,27,25,17,8,0,2,0,1
SLA190905170,box,1909-05-17,0,STL07,R,1,SLA,WS1,1,1,0,0,1,,26,4,4,4,0,0,0,,4,,4,0,,2,0,0,0,0,2,0,2,1,1,1,1,0,0,1,0,0,27,29,27,0,0,2,4,0,1,0,0,1,0,5,2,1,0,0,0,0,0,0,0,0,0,,,1,27,38,27,11,0,2,0,1
SLA190905190,evt,1909-05-19,0,STL07,R,1,SLA,NYA,1,0,1,0,1,33,32,1,6,6,0,0,0,0,0,,1,0,4,1,0,0,0,0,1,0,5,1,1,0,0,0,1,0,1,0,27,44,34,5,4,9,12,1,1,0,0,7,0,6,1,0,2,1,0,2,0,0,0,10,6,,,1,27,36,21,12,3,1,0,0
SLA190905190,box,1909-05-19,0,STL07,R,1,SLA,NYA,1,0,1,0,1,,32,1,6,6,0,0,0,,0,,1,0,,1,0,0,0,0,1,0,5,1,1,0,0,0,1,0,1,0,27,44,34,5,4,9,12,1,1,0,0,7,0,6,1,0,2,1,0,2,0,0,0,0,0,,,1,27,45,27,15,3,1,0,0
SLA190905200,evt,1909-05-20,0,STL07,R,1,SLA,NYA,1,1,0,0,1,32,30,2,5,8,0,0,1,0,2,,2,0,3,1,0,0,0,0,0,0,6,1,1,1,0,0,0,1,0,0,27,35,33,1,1,5,5,0,0,0,0,2,0,2,0,0,0,0,0,0,0,0,0,16,8,,,1,27,30,20,9,1,0,0,0
SLA190905200,box,1909-05-20,0,STL07,R,1,SLA,NYA,1,1,0,0,1,,30,2,5,8,0,0,1,,2,,2,0,3,1,0,0,0,0,0,0,6,1,1,1,0,0,0,1,0,0,27,35,33,1,1,5,5,0,0,0,0,2,0,0,0,0,0,0,0,0,0,0,0,0,0,,,1,27,40,27,12,1,0,0,0
SLA190905210,evt,1909-05-21,0,STL07,R,1,SLA,NYA,1,1,0,0,1,35,32,2,9,10,1,0,0,0,2,,2,0,3,0,0,1,0,2,0,0,9,1,1,1,0,0,0,1,0,0,27,37,33,1,0,6,6,0,0,0,0,3,0,7,0,0,1,0,0,0,0,0,0,14,3,,,1,27,36,22,12,2,0,0,0
SLA190905210,box,1909-05-21,0,STL07,R,1,SLA,NYA,1,1,0,0,1,,32,2,9,10,1,0,0,,2,,2,0,3,0,0,1,0,2,0,0,9,1,1,1,0,0,0,1,0,0,27,37,33,1,0,6,6,0,0,0,0,3,0,7,0,0,1,0,0,0,0,0,0,0,0,,,1,27,43,27,14,2,0,0,0
SLA190905220,evt,1909-05-22,0,STL07,R,1,SLA,NYA,1,0,1,0,1,32,32,1,8,10,0,1,0,0,1,,0,0,1,2,0,0,0,1,0,0,4,1,1,1,0,0,0,0,1,0,27,33,30,2,1,5,5,0,0,0,0,2,0,1,0,0,1,0,0,0,0,0,0,17,7,,,1,27,30,18,10,2,1,0,0
SLA190905220,box,1909-05-22,0,STL07,R,1,SLA,NYA,1,0,1,0,1,,32,1,8,10,0,1,0,,1,,0,0,1,2,0,0,0,1,0,0,4,1,1,1,0,0,0,0,1,0,27,33,30,2,1,5,5,0,0,0,0,2,0,0,0,0,1,0,0,0,0,0,0,0,0,,,1,27,43,27,14,2,1,0,0
SLA190905230,evt,1909-05-23,0,STL07,R,1,SLA,BOS,1,1,0,0,1,32,30,1,8,8,0,0,0,0,1,,0,0,0,2,0,1,1,0,1,0,5,1,1,1,1,0,0,1,0,0,27,31,29,0,0,5,5,0,0,0,0,1,0,2,0,0,1,0,0,1,0,0,0,13,4,,,1,27,31,16,12,3,3,0,0
SLA190905230,box,1909-05-23,0,STL07,R,1,SLA,BOS,1,1,0,0,1,,30,1,8,8,0,0,0,,1,,0,0,,2,0,1,1,0,1,0,5,1,1,1,1,0,0,1,0,0,27,31,29,0,0,5,5,0,0,0,0,1,0,,0,0,1,0,0,1,0,0,0,0,0,,,1,27,48,27,18,3,3,0,0
SLA190905250,evt,1909-05-25,0,STL07,R,1,SLA,BOS,1,1,0,0,1,36,32,5,14,18,0,2,0,0,5,,3,0,2,0,0,0,1,1,1,0,7,1,1,1,1,0,0,1,0,0,27,31,29,0,0,6,7,1,0,0,0,2,0,0,1,0,0,0,0,1,0,0,0,21,1,,,1,27,13,7,6,0,1,0,0
SLA190905250,box,1909-05-25,0,STL07,R,1,SLA,BOS,1,1,0,0,1,,32,5,14,18,0,2,0,,5,,3,0,0,0,0,0,1,1,1,0,7,1,1,1,1,0,0,1,0,0,27,31,29,0,0,6,7,1,0,0,0,2,0,,1,0,0,0,0,1,0,0,0,0,0,,,1,27,42,27,15,0,1,0,0
SLA190905260,evt,1909-05-26,0,STL07,R,1,SLA,BOS,1,1,0,0,1,38,34,5,11,13,0,1,0,0,3,,3,0,0,1,0,1,0,0,1,0,9,1,1,1,1,0,0,1,0,0,27,30,29,0,0,4,4,0,0,0,0,1,0,2,1,0,0,0,0,0,0,0,0,19,2,,,1,27,14,9,4,1,2,0,0
SLA190905260,box,1909-05-26,0,STL07,R,1,SLA,BOS,1,1,0,0,1,,34,5,11,13,0,1,0,,3,,3,0,,1,0,1,0,0,1,0,9,1,1,1,1,0,0,1,0,0,27,30,29,0,0,4,4,0,0,0,0,1,0,,1,0,0,0,0,0,0,0,0,0,0,,,1,27,45,27,17,1,2,0,0
SLA190905270,evt,1909-05-27,0,STL07,R,1,SLA,CLE,1,0,1,0,1,32,31,2,7,7,0,0,0,0,2,,0,0,2,1,0,1,0,0,2,0,3,1,1,1,0,0,0,0,1,0,27,40,36,5,4,13,15,0,1,0,0,2,0,0,1,0,2,0,0,0,0,0,0,16,5,,,1,27,30,14,13,3,1,0,0
SLA190905270,box,1909-05-27,0,STL07,R,1,SLA,CLE,1,0,1,0,1,,31,2,7,7,0,0,0,,2,,0,0,2,1,0,1,0,0,2,0,3,1,1,1,0,0,0,0,1,0,27,40,36,5,4,13,15,0,1,0,0,2,0,,1,0,2,0,0,0,0,0,0,0,0,,,1,27,53,27,23,3,1,0,0
SLA190905280,evt,1909-05-28,0,STL07,R,1,SLA,CLE,1,0,1,0,1,30,29,1,6,6,0,0,0,0,1,,0,0,0,2,0,1,0,0,1,0,2,1,1,0,0,0,1,0,1,0,27,33,33,3,3,10,10,0,0,0,0,0,0,1,0,0,0,0,0,1,0,2,0,17,3,,,1,27,17,10,6,1,1,0,0
SLA190905280,box,1909-05-28,0,STL07,R,1,SLA,CLE,1,0,1,0,1,,29,1,6,6,0,0,0,,1,,0,0,0,2,0,1,0,0,1,0,2,1,1,0,0,0,1,0,1,0,27,33,33,3,3,10,10,0,0,0,0,0,0,,0,0,0,0,0,1,0,0,0,0,0,,,1,27,44,27,16,1,1,0,0
SLA190905300,evt,1909-05-30,0,STL07,R,1,SLA,CLE,1,1,0,0,1,32,29,2,5,5,0,0,0,0,1,,1,0,5,0,0,2,0,2,0,0,6,1,1,1,1,0,0,1,0,0,27,34,33,0,0,6,7,1,0,0,0,1,0,3,1,0,0,0,0,0,0,0,0,21,1,,,1,27,16,9,5,2,1,0,0
SLA190905300,box,1909-05-30,0,STL07,R,1,SLA,CLE,1,1,0,0,1,,29,2,5,5,0,0,0,,1,,1,0,5,0,0,2,0,2,0,0,6,1,1,1,1,0,0,1,0,0,27,34,33,0,0,6,7,1,0,0,0,1,0,,1,0,0,0,0,0,0,0,0,0,0,,,1,27,40,27,11,2,1,0,0
CLE190905311,evt,1909-05-31,1,CLE05,R,0,SLA,CLE,1,1,0,0,1,42,37,6,10,15,5,0,0,0,5,,4,0,3,0,0,1,0,0,0,0,9,1,1,1,0,0,0,1,0,0,27,37,34,3,3,10,10,0,0,0,0,3,0,4,1,0,0,0,0,0,0,0,0,12,8,,,1,27,44,27,16,1,2,0,1
CLE190905311,box,1909-05-31,1,CLE05,R,0,SLA,CLE,1,1,0,0,1,,37,6,10,15,5,0,0,,5,,4,0,3,0,0,1,0,0,0,0,9,1,1,1,0,0,0,1,0,0,27,37,34,3,3,10,10,0,0,0,0,3,0,4,1,0,0,0,0,0,0,0,0,0,0,,,1,27,43,27,15,1,2,0,1
CLE190905312,evt,1909-05-31,2,CLE05,R,0,SLA,CLE,1,0,1,0,1,30,29,1,5,5,0,0,0,0,0,,0,0,3,1,0,1,0,1,1,0,2,1,1,0,0,0,1,0,1,0,24,35,29,5,4,9,14,3,1,0,0,3,0,3,0,0,3,0,0,0,0,0,0,14,3,,,1,24,10,7,1,2,1,0,1
CLE190905312,box,1909-05-31,2,CLE05,R,0,SLA,CLE,1,0,1,0,1,,29,1,5,5,0,0,0,,0,,0,0,3,1,0,1,0,1,1,0,2,1,1,0,0,0,1,0,1,0,24,35,29,5,4,9,14,3,1,0,0,3,0,3,0,0,3,0,0,0,0,0,0,0,0,,,1,24,42,24,16,2,1,0,1
NYA190906020,evt,1909-06-02,0,NYC13,R,0,SLA,NYA,1,0,1,0,1,35,32,1,6,8,0,1,0,0,1,,1,0,5,0,1,1,0,0,0,0,7,1,1,1,0,0,0,0,1,0,24,29,25,3,2,8,9,1,0,0,0,0,0,3,0,0,3,1,0,0,0,0,0,8,6,,,1,24,42,24,15,3,1,0,0
NYA190906020,box,1909-06-02,0,NYC13,R,0,SLA,NYA,1,0,1,0,1,,32,1,6,8,0,1,0,,1,,1,0,5,0,1,1,0,0,0,0,7,1,1,1,0,0,0,0,1,0,24,29,25,3,2,8,9,1,0,0,0,0,0,3,0,0,3,1,0,0,0,0,0,0,0,,,1,24,42,24,15,3,1,0,0
NYA190906030,evt,1909-06-03,0,NYC13,R,0,SLA,NYA,1,0,1,0,1,38,35,5,8,12,1,0,1,0,5,,3,0,3,0,0,0,0,2,0,0,6,1,1,0,0,0,1,0,1,0,24,37,27,7,2,7,8,1,0,0,0,6,1,3,0,0,3,1,0,0,0,0,0,9,7,,,1,24,40,24,13,3,1,0,0
NYA190906030,box,1909-06-03,0,NYC13,R,0,SLA,NYA,1,0,1,0,1,,35,5,8,12,1,0,1,,5,,3,0,3,0,0,0,0,2,0,0,6,1,1,0,0,0,1,0,1,0,24,37,27,7,2,7,8,1,0,0,0,6,1,3,0,0,3,1,0,0,0,0,0,0,0,,,1,24,40,24,13,3,1,0,0
BOS190906070,evt,1909-06-07,0,BOS06,R,0,SLA,BOS,1,0,1,0,1,38,33,4,4,5,1,0,0,0,3,,4,0,4,1,0,0,1,0,0,0,7,1,1,0,0,0,1,0,1,0,24,38,37,6,6,15,21,1,1,1,0,1,0,2,0,0,0,0,0,1,0,0,0,9,7,,,1,24,39,24,15,0,0,0,0
BOS190906070,box,1909-06-07,0,BOS06,R,0,SLA,BOS,1,0,1,0,1,,33,4,4,5,1,0,0,,3,,4,0,4,1,0,0,1,0,0,0,7,1,1,0,0,0,1,0,1,0,24,38,37,6,6,15,21,1,1,1,0,1,0,2,0,0,0,0,0,1,0,0,0,0,0,,,1,24,39,24,15,0,0,0,0
BOS190906080,evt,1909-06-08,0,BOS06,R,0,SLA,BOS,1,0,1,0,1,48,43,3,9,10,1,0,0,0,1,,3,0,6,0,2,0,0,3,1,0,9,1,1,1,0,0,0,0,1,0,34,48,40,4,4,8,10,0,1,0,0,6,0,11,0,1,1,0,0,2,0,0,0,10,9,,,1,34,48,34,12,2,1,0,0
BOS190906080,box,1909-06-08,0,BOS06,R,0,SLA,BOS,1,0,1,0,1,,43,3,9,10,1,0,0,,1,,3,0,6,0,2,0,0,3,1,0,9,1,1,1,0,0,0,0,1,0,34,48,40,4,4,8,10,0,1,0,0,6,0,11,0,1,1,0,0,2,0,0,0,0,0,,,1,34,48,34,12,2,1,0,0
BOS190906090,evt,1909-06-09,0,BOS06,R,0,SLA,BOS,1,0,1,0,1,33,29,2,5,6,1,0,0,0,1,,3,0,4,1,0,1,0,0,1,0,4,1,1,1,0,0,0,0,1,0,24,36,33,3,3,10,12,0,1,0,0,3,1,3,0,0,0,0,0,0,0,0,0,11,8,,,1,24,41,24,16,1,0,0,0
BOS190906090,box,1909-06-09,0,BOS06,R,0,SLA,BOS,1,0,1,0,1,,29,2,5,6,1,0,0,,1,,3,0,4,1,0,1,0,0,1,0,4,1,1,1,0,0,0,0,1,0,24,36,33,3,3,10,12,0,1,0,0,3,1,3,0,0,0,0,0,0,0,0,0,0,0,,,1,24,41,24,16,1,0,0,0
PHA190906110,evt,1909-06-11,0,PHI11,R,0,SLA,PHA,1,0,1,0,1,40,39,1,7,9,0,1,0,0,1,,1,1,7,0,0,0,0,0,1,0,6,1,1,1,0,0,0,0,1,0,31,41,39,2,2,10,12,0,1,0,0,1,0,4,0,0,1,0,0,0,0,0,0,12,13,,,1,31,45,31,14,0,0,0,0
PHA190906110,box,1909-06-11,0,PHI11,R,0,SLA,PHA,1,0,1,0,1,,39,1,7,9,0,1,0,,1,,1,1,7,0,0,0,0,0,1,0,6,1,1,1,0,0,0,0,1,0,31,41,39,2,2,10,12,0,1,0,0,1,0,4,0,0,1,0,0,0,0,0,0,0,0,,,1,31,45,31,14,0,0,0,0
PHA190906120,evt,1909-06-12,0,PHI11,R,0,SLA,PHA,1,0,1,0,1,35,31,1,5,6,1,0,0,0,0,,3,0,8,0,1,0,0,0,0,0,7,1,1,0,0,0,1,0,1,0,24,35,32,4,3,13,17,2,1,0,0,0,0,2,1,0,3,0,0,0,0,1,0,8,7,,,1,24,39,24,14,1,1,0,0
PHA190906120,box,1909-06-12,0,PHI11,R,0,SLA,PHA,1,0,1,0,1,,31,1,5,6,1,0,0,,0,,3,0,8,0,1,0,0,0,0,0,7,1,1,0,0,0,1,0,1,0,24,35,32,4,3,13,17,2,1,0,0,0,0,2,1,0,3,0,0,0,0,0,0,0,0,,,1,24,39,24,14,1,1,0,0
PHA190906140,evt,1909-06-14,0,PHI11,R,0,SLA,PHA,1,1,0,0,1,44,38,11,13,17,4,0,0,0,10,,4,0,3,0,2,0,0,2,2,0,6,1,1,0,0,0,1,1,0,0,27,41,39,6,6,12,16,2,1,0,0,1,0,4,1,1,0,0,0,0,0,0,0,8,14,,,1,27,38,27,9,2,1,0,0
PHA190906140,box,1909-06-14,0,PHI11,R,0,SLA,PHA,1,1,0,0,1,,38,11,13,17,4,0,0,,10,,4,0,3,0,2,0,0,2,2,0,6,1,1,0,0,0,1,1,0,0,27,41,39,6,6,12,16,2,1,0,0,1,0,4,1,1,0,0,0,0,0,0,0,0,0,,,1,27,38,27,9,2,1,0,0
PHA190906150,evt,1909-06-15,0,PHI11,R,0,SLA,PHA,1,0,1,0,1,31,28,1,3,4,1,0,0,0,1,,2,0,3,1,0,0,1,2,0,0,3,1,1,0,0,0,1,0,1,0,24,36,31,3,3,10,13,1,1,0,0,3,0,8,1,1,1,0,0,0,0,1,0,6,5,,,1,24,40,24,14,2,1,0,0
PHA190906150,box,1909-06-15,0,PHI11,R,0,SLA,PHA,1,0,1,0,1,,28,1,3,4,1,0,0,,1,,2,0,3,1,0,0,1,2,0,0,3,1,1,0,0,0,1,0,1,0,24,36,31,3,3,10,13,1,1,0,0,3,0,8,1,1,1,0,0,0,0,0,0,0,0,,,1,24,40,24,14,2,1,0,0
WS1190906160,evt,1909-06-16,0,WAS08,R,0,SLA,WS1,1,1,0,0,1,37,31,3,8,9,1,0,0,0,2,,3,0,3,0,1,2,0,2,1,0,7,1,1,1,0,0,0,1,0,0,27,37,29,2,2,7,9,2,0,0,0,4,0,5,1,1,3,0,0,0,0,0,0,11,5,,,1,27,23,15,6,2,1,0,0
WS1190906160,box,1909-06-16,0,WAS08,R,0,SLA,WS1,1,1,0,0,1,,31,3,8,9,1,0,0,,2,,3,0,3,0,1,2,0,2,1,0,7,1,1,1,0,0,0,1,0,0,27,37,29,2,2,7,9,2,0,0,0,4,0,5,1,1,3,0,0,0,0,0,0,0,0,,,1,27,42,27,13,2,1,0,0
WS1190906170,evt,1909-06-17,0,WAS08,R,0,SLA,WS1,1,0,1,0,1,24,24,1,6,6,0,0,0,0,1,,0,0,3,3,0,0,0,0,0,0,5,1,1,0,0,0,1,0,1,0,15,24,20,5,5,9,12,1,1,0,0,1,0,0,0,0,3,0,0,1,0,1,0,7,2,,,1,15,15,7,6,2,0,0,0
WS1190906170,box,1909-06-17,0,WAS08,R,0,SLA,WS1,1,0,1,0,1,,24,1,6,6,0,0,0,,1,,0,0,3,3,0,0,0,0,0,0,5,1,1,0,0,0,1,0,1,0,15,24,20,5,5,9,12,1,1,0,0,1,0,0,0,0,3,0,0,1,0,0,0,0,0,,,1,15,32,15,15,2,0,0,0
WS1190906180,evt,1909-06-18,0,WAS08,R,0,SLA,WS1,1,0,1,0,1,32,31,0,5,5,0,0,0,0,0,,0,0,2,1,1,0,0,1,0,0,5,1,1,1,0,0,0,0,1,0,24,34,28,5,3,7,9,2,0,0,0,3,0,8,0,1,2,0,0,0,0,0,0,7,2,,,1,24,26,15,6,5,0,0,0
WS1190906180,box,1909-06-18,0,WAS08,R,0,SLA,WS1,1,0,1,0,1,,31,0,5,5,0,0,0,,0,,0,0,2,1,1,0,0,1,0,0,5,1,1,1,0,0,0,0,1,0,24,34,28,5,3,7,9,2,0,0,0,3,0,8,0,1,2,0,0,0,0,0,0,0,0,,,1,24,39,24,10,5,0,0,0
CLE190906190,evt,1909-06-19,0,CLE05,R,0,SLA,CLE,1,0,1,0,1,38,37,2,11,12,1,0,0,0,1,,1,0,4,1,0,0,0,0,1,0,6,1,1,1,0,0,0,0,1,0,28,37,29,3,3,8,10,2,0,0,0,3,1,2,0,0,5,0,0,0,0,0,0,13,3,,,1,28,16,9,5,2,1,0,0
CLE190906190,box,1909-06-19,0,CLE05,R,0,SLA,CLE,1,0,1,0,1,,37,2,11,12,1,0,0,,1,,1,0,4,1,0,0,0,0,1,0,6,1,1,1,0,0,0,0,1,0,28,37,29,3,3,8,10,2,0,0,0,3,1,2,0,0,5,0,0,0,0,0,0,0,0,,,1,28,49,28,19,2,1,0,0
SLA190906201,evt,1909-06-20,1,STL07,R,1,SLA,DET,1,0,1,0,1,36,34,4,8,10,2,0,0,0,4,,2,0,1,2,0,0,0,2,0,0,5,1,1,0,0,0,1,0,1,0,27,39,37,6,3,10,18,3,1,1,0,2,0,2,0,0,0,0,0,0,0,0,0,22,2,,,1,27,14,7,2,5,0,0,0
SLA190906201,box,1909-06-20,1,STL07,R,1,SLA,DET,1,0,1,0,1,,34,4,8,10,2,0,0,,4,,2,0,,2,0,0,0,2,0,0,5,1,1,0,0,0,1,0,1,0,27,39,37,6,3,10,18,3,1,1,0,2,0,0,0,0,0,0,0,0,0,0,0,0,0,,,1,27,45,27,13,5,0,0,0
SLA190906202,evt,1909-06-20,2,STL07,R,1,SLA,DET,1,0,1,0,1,34,29,2,6,7,1,0,0,0,2,,2,0,1,1,1,2,0,1,0,0,6,1,1,1,0,0,0,0,1,0,27,42,39,8,2,11,13,0,1,0,0,0,0,0,0,0,2,1,0,0,0,0,0,22,2,,,1,27,13,4,2,7,0,0,0
SLA190906202,box,1909-06-20,2,STL07,R,1,SLA,DET,1,0,1,0,1,,29,2,6,7,1,0,0,,2,,2,0,,1,1,2,0,1,0,0,6,1,1,1,0,0,0,0,1,0,27,42,39,8,2,11,13,0,1,0,0,0,0,,0,0,2,1,0,0,0,0,0,0,0,,,1,27,42,27,8,7,0,0,0
SLA190906210,evt,1909-06-21,0,STL07,R,1,SLA,DET,1,0,1,0,1,34,31,0,5,5,0,0,0,0,0,,3,0,7,0,0,0,0,3,0,0,7,1,1,0,0,0,1,0,1,0,27,33,32,2,0,6,7,1,0,0,0,1,0,4,1,0,0,0,0,1,0,0,0,17,5,,,1,27,27,17,8,2,1,0,0
SLA190906210,box,1909-06-21,0,STL07,R,1,SLA,DET,1,0,1,0,1,,31,0,5,5,0,0,0,,0,,3,0,,0,0,0,0,3,0,0,7,1,1,0,0,0,1,0,1,0,27,33,32,2,0,6,7,1,0,0,0,1,0,4,1,0,0,0,0,1,0,0,0,0,0,,,1,27,42,27,13,2,1,0,0
DET190906220,evt,1909-06-22,0,DET02,R,0,SLA,DET,1,0,1,0,1,35,31,0,6,7,1,0,0,0,0,,2,1,0,0,0,2,0,1,1,0,8,1,1,1,0,0,0,0,1,0,24,29,28,1,1,8,9,1,0,0,0,0,0,3,2,0,1,0,0,0,0,0,0,12,5,,,1,24,34,21,13,0,2,0,0
DET190906220,box,1909-06-22,0,DET02,R,0,SLA,DET,1,0,1,0,1,,31,0,6,7,1,0,0,,0,,2,1,0,0,0,2,0,1,1,0,8,1,1,1,0,0,0,0,1,0,24,29,28,1,1,8,9,1,0,0,0,0,0,,2,0,1,0,0,0,0,0,0,0,0,,,1,24,38,24,14,0,2,0,0
DET190906230,evt,1909-06-23,0,DET02,R,0,SLA,DET,1,0,1,0,1,32,31,1,5,7,2,0,0,0,1,,1,0,3,0,0,0,0,0,0,0,4,1,1,0,0,0,1,0,1,0,24,40,34,8,7,15,21,6,0,0,0,2,0,5,0,1,3,0,0,1,0,2,1,10,2,,,1,24,26,17,8,1,0,0,0
DET190906230,box,1909-06-23,0,DET02,R,0,SLA,DET,1,0,1,0,1,,31,1,5,7,2,0,0,,1,,1,0,,0,0,0,0,0,0,0,4,1,1,0,0,0,1,0,1,0,24,40,34,8,7,15,21,6,0,0,0,2,0,3,0,1,3,0,0,1,0,0,0,0,0,,,1,24,38,24,13,1,0,0,0
DET190906240,evt,1909-06-24,0,DET02,R,0,SLA,DET,1,0,1,0,1,35,28,1,6,8,0,1,0,0,1,,3,0,4,1,2,1,1,1,1,0,7,1,1,1,0,0,0,0,1,0,24,33,28,2,2,7,9,0,1,0,0,4,1,0,0,0,1,0,0,0,1,0,0,9,10,,,1,24,37,24,12,1,3,0,0
DET190906240,box,1909-06-24,0,DET02,R,0,SLA,DET,1,0,1,0,1,,28,1,6,8,0,1,0,,1,,3,0,4,1,2,1,1,1,1,0,7,1,1,1,0,0,0,0,1,0,24,33,28,2,2,7,9,0,1,0,0,4,1,0,0,0,1,0,0,0,1,0,0,0,0,,,1,24,37,24,12,1,3,0,0
DET190906250,evt,1909-06-25,0,DET02,R,0,SLA,DET,1,0,1,0,1,34,32,1,7,9,2,0,0,0,1,,2,2,0,2,0,0,0,1,1,0,6,1,1,1,0,0,0,0,1,0,24,33,28,4,4,8,8,0,0,0,0,3,0,2,0,0,1,1,0,0,0,0,0,8,10,,,1,24,28,20,7,1,1,0,0
DET190906250,box,1909-06-25,0,DET02,R,0,SLA,DET,1,0,1,0,1,,32,1,7,9,2,0,0,,1,,2,2,,2,0,0,0,1,1,0,6,1,1,1,0,0,0,0,1,0,24,33,28,4,4,8,8,0,0,0,0,3,0,2,0,0,1,1,0,0,0,0,0,0,0,,,1,24,36,24,11,1,1,0,0
DET190906260,evt,1909-06-26,0,DET02,R,0,SLA,DET,1,0,1,0,1,38,34,2,8,10,2,0,0,0,2,,3,0,1,0,0,1,0,0,1,0,9,1,1,0,0,0,1,0,1,0,24,35,29,6,5,8,10,0,1,0,0,5,0,2,0,0,0,1,0,0,0,0,0,15,5,,,1,24,23,15,6,2,1,0,0
DET190906260,box,1909-06-26,0,DET02,R,0,SLA,DET,1,0,1,0,1,,34,2,8,10,2,0,0,,2,,3,0,,0,0,1,0,0,1,0,9,1,1,0,0,0,1,0,1,0,24,35,29,6,5,8,10,0,1,0,0,5,0,,0,0,0,1,0,0,0,0,0,0,0,,,1,24,40,24,14,2,1,0,0
SLA190906271,evt,1909-06-27,1,STL07,R,1,SLA,CLE,1,1,0,0,1,37,30,6,9,11,0,1,0,0,5,,2,0,4,1,1,4,0,3,0,0,7,1,1,1,1,0,0,1,0,0,27,33,32,0,0,5,6,1,0,0,0,1,0,0,0,0,0,0,0,0,0,0,0,26,1,,,1,27,1,1,0,0,0,0,0
SLA190906271,box,1909-06-27,1,STL07,R,1,SLA,CLE,1,1,0,0,1,,30,6,9,11,0,1,0,,5,,2,0,,1,1,4,0,3,0,0,7,1,1,1,1,0,0,1,0,0,27,33,32,0,0,5,6,1,0,0,0,1,0,,0,0,0,0,0,0,0,0,0,0,0,,,1,27,38,27,11,0,0,0,0
SLA190906272,evt,1909-06-27,2,STL07,R,1,SLA,CLE,1,0,1,0,1,33,33,3,8,11,3,0,0,0,3,,0,0,1,1,0,0,0,0,0,0,3,1,1,1,0,0,0,0,1,0,27,43,39,11,8,14,24,3,2,1,0,2,0,2,0,0,1,1,0,1,0,0,0,17,4,,,1,27,27,13,9,5,0,0,1
SLA190906272,box,1909-06-27,2,STL07,R,1,SLA,CLE,1,0,1,0,1,,33,3,8,11,3,0,0,,3,,0,0,,1,0,0,0,0,0,0,3,1,1,1,0,0,0,0,1,0,27,43,39,11,8,14,24,3,2,1,0,2,0,,0,0,1,1,0,1,0,0,0,0,0,,,1,27,49,27,17,5,0,0,1
SLA190906280,evt,1909-06-28,0,STL07,R,1,SLA,CLE,1,1,0,0,1,35,33,6,9,13,0,2,0,0,5,,2,0,6,0,0,0,0,1,0,0,5,1,1,1,1,0,0,1,0,0,27,38,34,0,0,3,3,0,0,0,0,2,0,5,0,1,1,0,0,0,0,0,0,12,9,,,1,27,21,11,5,5,0,0,0
SLA190906280,box,1909-06-28,0,STL07,R,1,SLA,CLE,1,1,0,0,1,,33,6,9,13,0,2,0,,5,,2,0,6,0,0,0,0,1,0,0,5,1,1,1,1,0,0,1,0,0,27,38,34,0,0,3,3,0,0,0,0,2,0,,0,1,1,0,0,0,0,0,0,0,0,,,1,27,40,27,8,5,0,0,0
CHA190906290,evt,1909-06-29,0,CHI09,R,0,SLA,CHA,1,1,0,0,1,33,29,2,4,4,0,0,0,0,1,,3,0,6,1,0,1,0,0,1,0,4,1,1,0,0,0,1,1,0,0,27,31,29,1,1,6,6,0,0,0,0,1,0,5,2,0,1,0,0,1,0,0,0,10,8,,,1,27,39,27,12,0,2,0,0
CHA190906290,box,1909-06-29,0,CHI09,R,0,SLA,CHA,1,1,0,0,1,,29,2,4,4,0,0,0,,1,,3,0,6,1,0,1,0,0,1,0,4,1,1,0,0,0,1,1,0,0,27,31,29,1,1,6,6,0,0,0,0,1,0,5,2,0,1,0,0,1,0,0,0,0,0,,,1,27,39,27,12,0,2,0,0
CHA190906300,evt,1909-06-30,0,CHI09,R,0,SLA,CHA,1,1,0,0,1,39,32,4,8,13,1,2,0,0,4,,4,0,0,1,1,2,0,0,0,0,8,1,1,0,0,0,1,1,0,0,27,36,30,3,3,9,11,0,1,0,0,2,0,6,1,1,3,0,0,0,0,0,0,11,4,,,1,27,32,21,11,0,1,0,0
CHA190906300,box,1909-06-30,0,CHI09,R,0,SLA,CHA,1,1,0,0,1,,32,4,8,13,1,2,0,,4,,4,0,0,1,1,2,0,0,0,0,8,1,1,0,0,0,1,1,0,0,27,36,30,3,3,9,11,0,1,0,0,2,0,6,1,1,3,0,0,0,0,0,0,0,0,,,1,27,42,27,15,0,1,0,0
CHA190907010,evt,1909-07-01,0,CHI09,R,0,SLA,CHA,1,1,0,0,1,36,32,2,8,10,2,0,0,0,2,,3,0,3,1,0,1,0,0,0,0,7,1,1,1,1,0,0,1,0,0,27,32,27,0,0,4,4,0,0,0,0,4,0,2,1,0,1,0,0,0,0,0,0,8,12,,,1,27,39,27,11,1,2,0,0
CHA190907010,box,1909-07-01,0,CHI09,R,0,SLA,CHA,1,1,0,0,1,,32,2,8,10,2,0,0,,2,,3,0,3,1,0,1,0,0,0,0,7,1,1,1,1,0,0,1,0,0,27,32,27,0,0,4,4,0,0,0,0,4,0,2,1,0,1,0,0,0,0,0,0,0,0,,,1,27,39,27,11,1,2,0,0
CHA190907020,evt,1909-07-02,0,CHI09,R,0,SLA,CHA,1,0,1,0,1,41,38,3,12,13,1,0,0,0,3,,2,0,1,1,0,0,1,1,0,0,11,1,1,0,0,0,1,0,1,0,24,48,39,15,8,14,18,2,1,0,0,7,0,6,0,1,0,1,0,0,0,1,1,9,7,,,1,24,35,21,10,4,1,0,1
CHA190907020,box,1909-07-02,0,CHI09,R,0,SLA,CHA,1,0,1,0,1,,38,3,12,13,1,0,0,,3,,2,0,1,1,0,0,1,1,0,0,11,1,1,0,0,0,1,0,1,0,24,48,39,15,8,14,18,2,1,0,0,7,0,6,0,1,0,1,0,0,0,0,0,0,0,,,1,24,42,24,14,4,1,0,1
CHA190907030,evt,1909-07-03,0,CHI09,R,0,SLA,CHA,1,1,0,0,1,40,35,4,11,15,2,1,0,0,3,,3,0,0,0,0,2,0,0,1,0,9,1,1,1,1,0,0,1,0,0,27,31,27,0,0,2,2,0,0,0,0,3,0,2,0,0,1,0,0,0,0,0,0,8,14,,,1,27,40,27,12,1,0,0,0
CHA190907030,box,1909-07-03,0,CHI09,R,0,SLA,CHA,1,1,0,0,1,,35,4,11,15,2,1,0,,3,,3,0,0,0,0,2,0,0,1,0,9,1,1,1,1,0,0,1,0,0,27,31,27,0,0,2,2,0,0,0,0,3,0,2,0,0,1,0,0,0,0,0,0,0,0,,,1,27,40,27,12,1,0,0,0
SLA190907040,evt,1909-07-04,0,STL07,R,1,SLA,DET,1,0,1,0,1,33,30,1,4,4,0,0,0,0,0,,1,1,1,0,0,2,0,1,0,0,5,1,1,0,0,0,1,0,1,0,27,37,35,3,3,11,16,3,1,0,0,1,0,4,0,0,1,0,0,0,0,0,0,15,5,,,1,27,14,11,3,0,0,0,0
SLA190907040,box,1909-07-04,0,STL07,R,1,SLA,DET,1,0,1,0,1,,30,1,4,4,0,0,0,,0,,1,1,,0,0,2,0,1,0,0,5,1,1,0,0,0,1,0,1,0,27,37,35,3,3,11,16,3,1,0,0,1,0,0,0,0,1,0,0,0,0,0,0,0,0,,,1,27,39,27,12,0,0,0,0
SLA190907050,evt,1909-07-05,0,STL07,R,1,SLA,DET,1,1,0,0,1,34,28,3,7,8,1,0,0,0,2,,5,1,1,0,1,0,0,4,2,0,7,1,1,1,0,0,0,1,0,0,27,31,28,1,1,3,3,0,0,0,0,3,0,1,1,0,0,0,0,0,0,0,0,23,1,,,1,27,13,8,4,1,1,0,0
SLA190907050,box,1909-07-05,0,STL07,R,1,SLA,DET,1,1,0,0,1,,28,3,7,8,1,0,0,,2,,5,1,,0,1,0,0,4,2,0,7,1,1,1,0,0,0,1,0,0,27,31,28,1,1,3,3,0,0,0,0,3,0,,1,0,0,0,0,0,0,0,0,0,0,,,1,27,40,27,12,1,1,0,0
SLA190907060,evt,1909-07-06,0,STL07,R,1,SLA,CHA,1,0,1,0,1,38,34,4,9,9,0,0,0,0,3,,3,0,5,0,1,0,0,2,1,0,7,1,1,0,0,0,1,0,1,0,27,39,36,5,4,12,14,2,0,0,0,3,0,4,1,0,0,0,0,1,0,0,0,16,3,,,1,27,24,16,7,1,1,0,1
SLA190907060,box,1909-07-06,0,STL07,R,1,SLA,CHA,1,0,1,0,1,,34,4,9,9,0,0,0,,3,,3,0,5,0,1,0,0,2,1,0,7,1,1,0,0,0,1,0,1,0,27,39,36,5,4,12,14,2,0,0,0,3,0,4,1,0,0,0,0,1,0,0,0,0,0,,,1,27,40,27,12,1,1,0,1
SLA190907081,evt,1909-07-08,1,STL07,R,1,SLA,CHA,1,1,0,0,1,36,33,5,10,13,3,0,0,0,5,,2,0,2,2,0,1,0,0,0,0,7,1,1,1,0,0,0,1,0,0,27,38,35,1,1,10,10,0,0,0,0,3,0,3,2,0,0,0,0,0,0,0,0,7,14,,,1,27,36,27,9,0,2,0,0
SLA190907081,box,1909-07-08,1,STL07,R,1,SLA,CHA,1,1,0,0,1,,33,5,10,13,3,0,0,,5,,2,0,2,2,0,1,0,0,0,0,7,1,1,1,0,0,0,1,0,0,27,38,35,1,1,10,10,0,0,0,0,3,0,3,2,0,0,0,0,0,0,0,0,0,0,,,1,27,36,27,9,0,2,0,0
SLA190907082,evt,1909-07-08,2,STL07,R,1,SLA,CHA,1,1,0,0,1,31,29,1,5,5,0,0,0,0,1,,1,0,9,0,1,0,0,1,1,0,4,1,1,1,1,0,0,1,0,0,27,30,29,0,0,4,4,0,0,0,0,1,0,2,1,0,0,0,0,1,0,0,0,14,8,,,1,27,28,19,8,1,1,0,0
SLA190907082,box,1909-07-08,2,STL07,R,1,SLA,CHA,1,1,0,0,1,,29,1,5,5,0,0,0,,1,,1,0,9,0,1,0,0,1,1,0,4,1,1,1,1,0,0,1,0,0,27,30,29,0,0,4,4,0,0,0,0,1,0,2,1,0,0,0,0,1,0,0,0,0,0,,,1,27,39,27,11,1,1,0,0
SLA190907090,evt,1909-07-09,0,STL07,R,1,SLA,NYA,1,0,1,0,1,36,36,2,9,11,2,0,0,0,2,,0,0,3,0,0,0,0,1,1,0,7,1,1,0,0,0,1,0,1,0,27,39,32,5,4,8,13,1,2,0,0,5,0,6,0,0,2,0,0,0,0,0,0,8,9,,,1,27,40,27,12,1,1,0,0
SLA190907090,box,1909-07-09,0,STL07,R,1,SLA,NYA,1,0,1,0,1,,36,2,9,11,2,0,0,,2,,0,0,3,0,0,0,0,1,1,0,7,1,1,0,0,0,1,0,1,0,27,39,32,5,4,8,13,1,2,0,0,5,0,6,0,0,2,0,0,0,0,0,0,0,0,,,1,27,40,27,12,1,1,0,0
SLA190907111,evt,1909-07-11,1,STL07,R,1,SLA,NYA,1,1,0,0,1,39,30,8,10,12,0,1,0,0,7,,7,0,2,1,1,1,0,0,2,0,7,1,1,0,0,0,1,1,0,1,27,33,30,2,2,8,8,0,0,0,0,0,0,1,1,2,1,0,0,0,0,3,1,19,2,,,1,27,9,6,3,0,2,0,0
SLA190907111,box,1909-07-11,1,STL07,R,1,SLA,NYA,1,1,0,0,1,,30,8,10,12,0,1,0,,7,,7,0,,1,1,1,0,0,2,0,7,1,1,0,0,0,1,1,0,1,27,33,30,2,2,8,8,0,0,0,0,0,0,,1,2,1,0,0,0,0,0,0,0,0,,,1,27,39,27,12,0,2,0,0
SLA190907112,evt,1909-07-11,2,STL07,R,1,SLA,NYA,1,1,0,0,1,32,26,1,4,8,0,2,0,0,1,,5,0,0,0,1,0,0,1,2,0,7,1,1,1,1,0,0,1,0,0,27,35,28,0,0,5,5,0,0,0,0,4,0,0,0,1,2,0,0,0,0,0,0,18,4,,,1,27,9,6,2,1,0,0,0
SLA190907112,box,1909-07-11,2,STL07,R,1,SLA,NYA,1,1,0,0,1,,26,1,4,8,0,2,0,,1,,5,0,,0,1,0,0,1,2,0,7,1,1,1,1,0,0,1,0,0,27,35,28,0,0,5,5,0,0,0,0,4,0,,0,1,2,0,0,0,0,0,0,0,0,,,1,27,42,27,14,1,0,0,0
SLA190907120,evt,1909-07-12,0,STL07,R,1,SLA,NYA,1,0,1,0,1,33,30,0,3,3,0,0,0,0,0,,3,0,3,0,0,0,0,1,0,0,6,1,1,0,0,0,1,0,1,0,27,39,34,5,3,8,9,1,0,0,0,1,1,1,2,1,2,1,0,0,0,0,0,19,4,,,1,27,30,15,11,4,2,0,0
SLA190907120,box,1909-07-12,0,STL07,R,1,SLA,NYA,1,0,1,0,1,,30,0,3,3,0,0,0,,0,,3,0,,0,0,0,0,1,0,0,6,1,1,0,0,0,1,0,1,0,27,39,34,5,3,8,9,1,0,0,0,1,1,,2,1,2,1,0,0,0,0,0,0,0,,,1,27,46,27,15,4,2,0,0
SLA190907131,evt,1909-07-13,1,STL07,R,1,SLA,BOS,1,0,1,0,1,39,37,5,12,15,1,1,0,0,5,,2,0,5,1,0,0,0,1,1,0,7,1,1,0,0,0,1,0,1,0,27,40,37,6,6,11,16,2,0,1,0,2,0,3,1,0,1,0,0,0,0,3,1,10,11,,,1,27,35,23,10,2,1,0,0
SLA190907131,box,1909-07-13,1,STL07,R,1,SLA,BOS,1,0,1,0,1,,37,5,12,15,1,1,0,,5,,2,0,5,1,0,0,0,1,1,0,7,1,1,0,0,0,1,0,1,0,27,40,37,6,6,11,16,2,0,1,0,2,0,3,1,0,1,0,0,0,0,0,0,0,0,,,1,27,41,27,12,2,1,0,0
SLA190907132,evt,1909-07-13,2,STL07,R,1,SLA,BOS,1,0,1,0,1,36,35,1,8,8,0,0,0,0,1,,1,0,1,1,0,0,0,0,0,0,8,1,1,0,0,0,1,0,1,0,27,40,33,7,5,9,11,0,1,0,0,5,0,4,0,0,2,0,0,0,0,3,2,15,2,,,1,27,31,17,11,3,0,0,0
SLA190907132,box,1909-07-13,2,STL07,R,1,SLA,BOS,1,0,1,0,1,,35,1,8,8,0,0,0,,1,,1,0,,1,0,0,0,0,0,0,8,1,1,0,0,0,1,0,1,0,27,40,33,7,5,9,11,0,1,0,0,5,0,2,0,0,2,0,0,0,0,0,0,0,0,,,1,27,48,27,18,3,0,0,0
SLA190907151,evt,1909-07-15,1,STL07,R,1,SLA,BOS,1,1,0,0,1,40,35,9,11,13,2,0,0,0,6,,3,0,3,1,2,0,0,0,2,0,7,1,1,0,0,0,1,1,0,1,27,37,33,4,3,10,10,0,0,0,0,3,0,3,0,0,1,0,0,0,0,0,0,14,4,,,1,27,26,15,9,2,1,0,0
SLA190907151,box,1909-07-15,1,STL07,R,1,SLA,BOS,1,1,0,0,1,,35,9,11,13,2,0,0,,6,,3,0,3,1,2,0,0,0,2,0,7,1,1,0,0,0,1,1,0,1,27,37,33,4,3,10,10,0,0,0,0,3,0,,0,0,1,0,0,0,0,0,0,0,0,,,1,27,42,27,13,2,1,0,0
SLA190907152,evt,1909-07-15,2,STL07,R,1,SLA,BOS,1,1,0,0,1,27,24,1,4,4,0,0,0,0,0,,2,0,0,0,0,1,0,2,2,0,2,1,1,1,1,0,0,1,0,0,27,32,29,0,0,5,6,1,0,0,0,3,0,3,1,0,0,0,0,0,0,0,0,17,2,,,1,27,19,13,6,0,3,0,0
SLA190907152,box,1909-07-15,2,STL07,R,1,SLA,BOS,1,1,0,0,1,,24,1,4,4,0,0,0,,0,,2,0,,0,0,1,0,2,2,0,2,1,1,1,1,0,0,1,0,0,27,32,29,0,0,5,6,1,0,0,0,3,0,0,1,0,0,0,0,0,0,0,0,0,0,,,1,27,41,27,14,0,3,0,0
SLA190907160,evt,1909-07-16,0,STL07,R,1,SLA,BOS,1,0,1,0,1,35,33,1,8,10,2,0,0,0,1,,2,0,4,1,0,0,0,0,1,0,4,1,1,1,0,0,0,0,1,0,30,41,34,2,2,7,8,1,0,0,0,3,0,7,0,2,2,0,0,1,0,0,0,15,4,,,1,30,32,22,10,0,0,0,0
SLA190907160,box,1909-07-16,0,STL07,R,1,SLA,BOS,1,0,1,0,1,,33,1,8,10,2,0,0,,1,,2,0,1,1,0,0,0,0,1,0,4,1,1,1,0,0,0,0,1,0,30,41,34,2,2,7,8,1,0,0,0,3,0,7,0,2,2,0,0,1,0,0,0,0,0,,,1,30,45,30,15,0,0,0,0
SLA190907171,evt,1909-07-17,1,STL07,R,1,SLA,PHA,1,1,0,0,1,30,27,2,4,6,0,1,0,0,1,,2,1,5,0,0,0,1,0,1,0,4,1,1,1,1,0,0,1,0,0,27,32,30,0,0,4,4,0,0,0,0,2,0,7,0,0,0,0,0,0,0,0,0,14,5,,,1,27,41,27,14,0,0,0,0
SLA190907171,box,1909-07-17,1,STL07,R,1,SLA,PHA,1,1,0,0,1,,27,2,4,6,0,1,0,,1,,2,1,5,0,0,0,1,0,1,0,4,1,1,1,1,0,0,1,0,0,27,32,30,0,0,4,4,0,0,0,0,2,0,7,0,0,0,0,0,0,0,0,0,0,0,,,1,27,41,27,14,0,0,0,0
SLA190907172,evt,1909-07-17,2,STL07,R,1,SLA,PHA,1,1,0,0,1,35,26,5,8,8,0,0,0,0,4,,6,0,1,0,1,1,1,1,5,0,6,1,1,0,0,0,1,1,0,0,27,39,32,4,0,6,9,1,1,0,0,5,0,3,0,0,2,0,0,0,0,3,0,16,4,,,1,27,25,15,6,4,1,0,0
SLA190907172,box,1909-07-17,2,STL07,R,1,SLA,PHA,1,1,0,0,1,,26,5,8,8,0,0,0,,4,,6,0,,0,1,1,1,1,5,0,6,1,1,0,0,0,1,1,0,0,27,39,32,4,0,6,9,1,1,0,0,5,0,,0,0,2,0,0,0,0,0,0,0,0,,,1,27,39,27,8,4,1,0,0
SLA190907180,evt,1909-07-18,0,STL07,R,1,SLA,PHA,1,1,0,0,1,42,38,5,10,12,2,0,0,0,5,,0,0,0,1,3,1,0,0,1,0,7,1,1,0,0,0,1,1,0,0,33,42,38,4,4,8,12,2,1,0,0,3,0,3,0,1,0,0,0,0,0,1,1,25,1,,,1,33,24,13,9,2,1,0,0
SLA190907180,box,1909-07-18,0,STL07,R,1,SLA,PHA,1,1,0,0,1,,38,5,10,12,2,0,0,,5,,0,0,,1,3,1,0,0,1,0,7,1,1,0,0,0,1,1,0,0,33,42,38,4,4,8,12,2,1,0,0,3,0,,0,1,0,0,0,0,0,0,0,0,0,,,1,33,48,33,13,2,1,0,0
SLA190907190,evt,1909-07-19,0,STL07,R,1,SLA,PHA,1,0,1,0,1,38,32,3,9,10,1,0,0,0,2,,5,0,7,1,0,0,1,0,3,0,8,1,1,1,0,0,0,0,1,0,27,37,33,4,4,8,12,1,0,1,0,2,0,6,0,0,2,0,0,0,0,0,0,7,10,,,1,27,38,27,9,2,0,0,0
SLA190907190,box,1909-07-19,0,STL07,R,1,SLA,PHA,1,0,1,0,1,,32,3,9,10,1,0,0,,2,,5,0,7,1,0,0,1,0,3,0,8,1,1,1,0,0,0,0,1,0,27,37,33,4,4,8,12,1,0,1,0,2,0,6,0,0,2,0,0,0,0,0,0,0,0,,,1,27,38,27,9,2,0,0,0
SLA190907200,evt,1909-07-20,0,STL07,R,1,SLA,PHA,1,0,1,0,1,33,30,0,5,5,0,0,0,0,0,,3,0,1,0,0,0,0,0,1,0,6,1,1,0,0,0,1,0,1,0,27,32,29,2,2,5,8,0,0,1,0,2,0,4,0,0,1,0,0,0,0,0,0,10,10,,,1,27,40,27,13,0,1,0,0
SLA190907200,box,1909-07-20,0,STL07,R,1,SLA,PHA,1,0,1,0,1,,30,0,5,5,0,0,0,,0,,3,0,1,0,0,0,0,0,1,0,6,1,1,0,0,0,1,0,1,0,27,32,29,2,2,5,8,0,0,1,0,2,0,4,0,0,1,0,0,0,0,0,0,0,0,,,1,27,40,27,13,0,1,0,0
SLA190907220,evt,1909-07-22,0,STL07,R,1,SLA,WS1,1,1,0,0,1,35,28,5,5,6,1,0,0,0,4,,5,0,2,0,2,0,0,4,1,0,6,1,1,1,0,0,0,1,0,0,27,35,33,1,0,9,9,0,0,0,0,2,0,7,0,0,0,0,0,0,0,0,0,10,7,,,1,27,21,18,2,1,0,0,1
SLA190907220,box,1909-07-22,0,STL07,R,1,SLA,WS1,1,1,0,0,1,,28,5,5,6,1,0,0,,4,,5,0,,0,2,0,0,4,1,0,6,1,1,1,0,0,0,1,0,0,27,35,33,1,0,9,9,0,0,0,0,2,0,7,0,0,0,0,0,0,0,0,0,0,0,,,1,27,35,27,7,1,0,0,1
SLA190907230,evt,1909-07-23,0,STL07,R,1,SLA,WS1,1,0,1,0,1,38,33,2,9,9,0,0,0,0,2,,2,0,3,0,0,2,1,1,0,0,9,1,1,1,0,0,0,0,1,0,27,36,31,4,4,7,11,2,1,0,0,1,0,2,0,1,3,0,0,2,0,0,0,19,3,,,1,27,9,6,2,1,0,0,0
SLA190907230,box,1909-07-23,0,STL07,R,1,SLA,WS1,1,0,1,0,1,,33,2,9,9,0,0,0,,2,,2,0,3,0,0,2,1,1,0,0,9,1,1,1,0,0,0,0,1,0,27,36,31,4,4,7,11,2,1,0,0,1,0,0,0,1,3,0,0,2,0,0,0,0,0,,,1,27,43,26,16,1,0,0,0
SLA190907240,evt,1909-07-24,0,STL07,R,1,SLA,WS1,1,1,0,0,1,40,39,9,16,21,1,2,0,0,7,,1,0,2,1,0,0,0,1,0,0,7,1,1,1,0,0,0,1,0,0,27,40,37,3,3,10,14,0,2,0,0,3,0,1,1,0,0,0,0,0,0,0,0,20,5,,,1,27,15,11,3,1,1,0,0
SLA190907240,box,1909-07-24,0,STL07,R,1,SLA,WS1,1,1,0,0,1,,39,9,16,21,1,2,0,,7,,1,0,2,1,0,0,0,1,0,0,7,1,1,1,0,0,0,1,0,0,27,40,37,3,3,10,14,0,2,0,0,3,0,,1,0,0,0,0,0,0,0,0,0,0,,,1,27,38,27,10,1,1,0,0
SLA190907250,evt,1909-07-25,0,STL07,R,1,SLA,WS1,1,1,0,0,1,36,35,6,11,16,3,1,0,0,5,,1,0,5,0,0,0,0,4,1,0,6,1,1,1,1,0,0,1,0,0,27,33,32,0,0,4,5,1,0,0,0,1,0,1,0,0,0,0,0,0,0,0,0,16,8,,,1,27,18,12,4,2,1,0,0
SLA190907250,box,1909-07-25,0,STL07,R,1,SLA,WS1,1,1,0,0,1,,35,6,11,16,3,1,0,,5,,1,0,0,0,0,0,0,4,1,0,6,1,1,1,1,0,0,1,0,0,27,33,32,0,0,4,5,1,0,0,0,1,0,,0,0,0,0,0,0,0,0,0,0,0,,,1,27,41,27,12,2,1,0,0
BOS190907290,evt,1909-07-29,0,BOS06,R,0,SLA,BOS,1,1,0,0,1,39,33,6,10,13,1,1,0,0,6,,4,0,1,0,0,2,0,1,0,0,6,1,1,1,0,0,0,1,0,0,27,36,35,3,3,8,8,0,0,0,0,1,0,4,0,0,0,0,0,0,0,0,0,8,14,,,1,27,38,27,9,2,1,0,0
BOS190907290,box,1909-07-29,0,BOS06,R,0,SLA,BOS,1,1,0,0,1,,33,6,10,13,1,1,0,,6,,4,0,1,0,0,2,0,1,0,0,6,1,1,1,0,0,0,1,0,0,27,36,35,3,3,8,8,0,0,0,0,1,0,4,0,0,0,0,0,0,0,0,0,0,0,,,1,27,38,27,9,2,1,0,0
BOS190907301,evt,1909-07-30,1,BOS06,R,0,SLA,BOS,1,0,1,0,1,32,29,1,4,4,0,0,0,0,1,,3,0,0,2,0,0,0,0,0,0,4,1,1,1,0,0,0,0,1,0,24,34,33,7,7,11,16,0,1,1,0,1,0,0,1,0,0,0,0,0,0,0,0,10,12,,,1,24,39,24,13,2,1,0,0
BOS190907301,box,1909-07-30,1,BOS06,R,0,SLA,BOS,1,0,1,0,1,,29,1,4,4,0,0,0,,1,,3,0,0,2,0,0,0,0,0,0,4,1,1,1,0,0,0,0,1,0,24,34,33,7,7,11,16,0,1,1,0,1,0,0,1,0,0,0,0,0,0,0,0,0,0,,,1,24,39,24,13,2,1,0,0
BOS190907302,evt,1909-07-30,2,BOS06,R,0,SLA,BOS,1,1,0,0,1,40,36,10,9,14,0,1,1,0,8,,2,0,3,0,0,2,0,2,0,0,3,1,1,1,0,0,0,1,0,0,27,37,34,4,3,8,12,1,0,1,0,2,0,1,0,0,0,1,0,0,0,0,0,17,6,,,1,27,22,14,5,3,0,0,0
BOS190907302,box,1909-07-30,2,BOS06,R,0,SLA,BOS,1,1,0,0,1,,36,10,9,14,0,1,1,,8,,2,0,3,0,0,2,0,2,0,0,3,1,1,1,0,0,0,1,0,0,27,37,34,4,3,8,12,1,0,1,0,2,0,,0,0,0,1,0,0,0,0,0,0,0,,,1,27,42,27,12,3,0,0,0
BOS190907310,evt,1909-07-31,0,BOS06,R,0,SLA,BOS,1,0,1,0,1,36,36,2,7,7,0,0,0,0,2,,0,0,3,0,0,0,0,1,0,0,7,1,1,1,0,0,0,0,1,0,24,34,30,7,7,9,15,3,0,1,0,3,0,2,1,0,1,0,0,0,0,0,0,7,9,,,1,24,39,24,13,2,1,0,0
BOS190907310,box,1909-07-31,0,BOS06,R,0,SLA,BOS,1,0,1,0,1,,36,2,7,7,0,0,0,,2,,0,0,3,0,0,0,0,1,0,0,7,1,1,1,0,0,0,0,1,0,24,34,30,7,7,9,15,3,0,1,0,3,0,2,1,0,1,0,0,0,0,0,0,0,0,,,1,24,39,24,13,2,1,0,0
NYA190908031,evt,1909-08-03,1,NYC13,R,0,SLA,NYA,1,0,1,0,1,45,41,4,10,13,1,1,0,0,3,,2,0,1,1,0,1,1,1,0,0,8,1,1,0,0,0,1,0,1,0,31,42,37,5,5,9,11,2,0,0,0,3,0,4,1,1,1,0,0,1,0,0,0,9,14,,,1,31,44,31,11,2,1,0,0
NYA190908031,box,1909-08-03,1,NYC13,R,0,SLA,NYA,1,0,1,0,1,,41,4,10,13,1,1,0,,3,,2,0,1,1,0,1,1,1,0,0,8,1,1,0,0,0,1,0,1,0,31,42,37,5,5,9,11,2,0,0,0,3,0,4,1,1,1,0,0,1,0,0,0,0,0,,,1,31,44,31,11,2,1,0,0
NYA190908032,evt,1909-08-03,2,NYC13,R,0,SLA,NYA,1,1,0,0,1,39,35,7,11,15,1,0,1,0,5,,3,0,4,0,0,0,1,1,0,0,5,1,1,1,0,0,0,1,0,0,27,40,37,3,3,11,11,0,0,0,0,2,0,3,0,0,1,0,0,0,0,0,0,9,13,,,1,27,37,27,10,0,0,0,0
NYA190908032,box,1909-08-03,2,NYC13,R,0,SLA,NYA,1,1,0,0,1,,35,7,11,15,1,0,1,,5,,3,0,4,0,0,0,1,1,0,0,5,1,1,1,0,0,0,1,0,0,27,40,37,3,3,11,11,0,0,0,0,2,0,3,0,0,1,0,0,0,0,0,0,0,0,,,1,27,37,27,10,0,0,0,0
NYA190908051,evt,1909-08-05,1,NYC13,R,0,SLA,NYA,1,0,1,0,1,31,28,0,2,2,0,0,0,0,0,,2,0,4,1,1,0,0,0,0,0,4,1,1,0,0,0,1,0,1,0,24,39,30,5,5,12,15,1,1,0,0,5,1,2,0,1,3,0,0,0,0,2,2,9,6,,,1,24,39,24,14,1,1,0,0
NYA190908051,box,1909-08-05,1,NYC13,R,0,SLA,NYA,1,0,1,0,1,,28,0,2,2,0,0,0,,0,,2,0,4,1,1,0,0,0,0,0,4,1,1,0,0,0,1,0,1,0,24,39,30,5,5,12,15,1,1,0,0,5,1,2,0,1,3,0,0,0,0,0,0,0,0,,,1,24,39,24,14,1,1,0,0
NYA190908052,evt,1909-08-05,2,NYC13,R,0,SLA,NYA,1,1,0,0,1,38,30,4,4,4,0,0,0,0,2,,3,0,3,0,1,4,0,2,0,0,7,1,1,1,1,0,0,1,0,0,27,32,28,0,0,3,4,1,0,0,0,3,0,2,0,0,1,0,0,0,0,0,0,11,11,,,1,27,42,27,13,2,1,0,0
NYA190908052,box,1909-08-05,2,NYC13,R,0,SLA,NYA,1,1,0,0,1,,30,4,4,4,0,0,0,,2,,3,0,3,0,1,4,0,2,0,0,7,1,1,1,1,0,0,1,0,0,27,32,28,0,0,3,4,1,0,0,0,3,0,2,0,0,1,0,0,0,0,0,0,0,0,,,1,27,42,27,13,2,1,0,0
WS1190908060,evt,1909-08-06,0,WAS08,R,0,SLA,WS1,1,1,0,0,1,33,29,2,5,5,0,0,0,0,2,,3,0,5,0,0,1,0,0,1,0,4,1,1,1,0,0,0,1,0,0,27,29,28,1,1,6,7,1,0,0,0,1,0,6,0,0,0,0,0,0,0,0,0,14,1,,,1,27,22,14,8,0,2,0,0
WS1190908060,box,1909-08-06,0,WAS08,R,0,SLA,WS1,1,1,0,0,1,,29,2,5,5,0,0,0,,2,,3,0,5,0,0,1,0,0,1,0,4,1,1,1,0,0,0,1,0,0,27,29,28,1,1,6,7,1,0,0,0,1,0,6,0,0,0,0,0,0,0,0,0,0,0,,,1,27,39,27,12,0,2,0,0
WS1190908070,evt,1909-08-07,0,WAS08,R,0,SLA,WS1,1,0,1,0,1,35,33,1,6,6,0,0,0,0,0,,1,0,5,0,0,1,0,2,0,0,7,1,1,1,0,0,0,0,1,0,24,40,34,6,4,11,13,0,1,0,0,3,0,5,0,0,2,1,0,0,0,0,0,9,8,,,1,24,26,18,5,3,0,0,0
WS1190908070,box,1909-08-07,0,WAS08,R,0,SLA,WS1,1,0,1,0,1,,33,1,6,6,0,0,0,,0,,1,0,5,0,0,1,0,2,0,0,7,1,1,1,0,0,0,0,1,0,24,40,34,6,4,11,13,0,1,0,0,3,0,5,0,0,2,1,0,0,0,0,0,0,0,,,1,24,35,24,8,3,0,0,0
WS1190908090,evt,1909-08-09,0,WAS08,R,0,SLA,WS1,1,1,0,0,1,48,39,8,14,17,3,0,0,0,8,,5,0,1,0,0,4,0,3,0,0,13,1,1,0,0,0,1,1,0,0,27,42,33,7,6,9,12,1,1,0,0,6,1,6,0,0,2,1,0,0,0,4,2,12,6,,,1,27,19,15,3,1,1,0,0
WS1190908090,box,1909-08-09,0,WAS08,R,0,SLA,WS1,1,1,0,0,1,,39,8,14,17,3,0,0,,8,,5,0,1,0,0,4,0,3,0,0,13,1,1,0,0,0,1,1,0,0,27,42,33,7,6,9,12,1,1,0,0,6,1,6,0,0,2,1,0,0,0,0,0,0,0,,,1,27,39,27,11,1,1,0,0
WS1190908100,evt,1909-08-10,0,WAS08,R,0,SLA,WS1,1,0,0,1,1,49,43,1,6,9,0,0,1,0,1,,3,0,4,0,1,2,0,1,1,0,12,1,1,1,0,0,0,0,0,0,36,45,43,1,1,9,12,3,0,0,0,2,0,8,1,0,0,0,0,0,1,0,0,22,4,,,1,36,21,17,3,1,1,0,0
WS1190908100,box,1909-08-10,0,WAS08,R,0,SLA,WS1,1,0,0,1,1,,43,1,6,9,0,0,1,,1,,3,0,2,0,1,2,0,1,1,0,12,1,1,1,0,0,0,0,0,0,36,45,43,1,1,9,12,3,0,0,0,2,0,8,1,0,0,0,0,0,1,0,0,0,0,,,1,36,51,36,14,1,1,0,0
PHA190908110,evt,1909-08-11,0,PHI11,R,0,SLA,PHA,1,1,0,0,1,46,40,1,10,12,0,1,0,0,1,,2,0,4,0,1,3,0,3,1,0,12,1,1,1,1,0,0,1,0,0,33,41,38,0,0,9,11,0,1,0,0,3,1,0,2,0,0,0,0,0,0,0,0,11,17,,,1,33,39,28,11,0,3,0,0
PHA190908110,box,1909-08-11,0,PHI11,R,0,SLA,PHA,1,1,0,0,1,,40,1,10,12,0,1,0,,1,,2,0,,0,1,3,0,3,1,0,12,1,1,1,1,0,0,1,0,0,33,41,38,0,0,9,11,0,1,0,0,3,1,0,2,0,0,0,0,0,0,0,0,0,0,,,1,33,49,33,16,0,3,0,0
PHA190908120,evt,1909-08-12,0,PHI11,R,0,SLA,PHA,1,0,1,0,1,36,31,4,5,7,0,1,0,0,4,,4,0,3,0,0,0,1,0,0,0,5,1,1,0,0,0,1,0,1,0,24,42,32,10,8,13,17,2,1,0,0,5,0,3,0,0,4,1,0,1,0,2,1,13,2,,,1,24,19,11,6,2,1,0,0
PHA190908120,box,1909-08-12,0,PHI11,R,0,SLA,PHA,1,0,1,0,1,,31,4,5,7,0,1,0,,4,,4,0,3,0,0,0,1,0,0,0,5,1,1,0,0,0,1,0,1,0,24,42,32,10,8,13,17,2,1,0,0,5,0,3,0,0,4,1,0,1,0,0,0,0,0,,,1,24,39,24,13,2,1,0,0
PHA190908130,evt,1909-08-13,0,PHI11,R,0,SLA,PHA,1,0,1,0,1,42,36,5,11,12,1,0,0,0,5,,5,0,4,1,1,0,0,0,1,0,10,1,1,0,0,0,1,0,1,0,24,41,33,8,7,14,18,2,1,0,0,4,0,3,0,0,3,1,0,0,0,0,0,14,2,,,1,24,14,8,4,2,0,0,0
PHA190908130,box,1909-08-13,0,PHI11,R,0,SLA,PHA,1,0,1,0,1,,36,5,11,12,1,0,0,,5,,5,0,4,1,1,0,0,0,1,0,10,1,1,0,0,0,1,0,1,0,24,41,33,8,7,14,18,2,1,0,0,4,0,3,0,0,3,1,0,0,0,0,0,0,0,,,1,24,39,24,13,2,0,0,0
PHA190908140,evt,1909-08-14,0,PHI11,R,0,SLA,PHA,1,0,1,0,1,46,37,1,5,6,1,0,0,0,1,,4,0,3,0,3,2,0,1,1,0,9,1,1,1,0,0,0,0,1,0,33,44,37,2,1,6,7,1,0,0,0,4,0,7,1,0,2,1,0,0,0,0,0,20,3,,,1,33,26,15,6,5,1,0,0
PHA190908140,box,1909-08-14,0,PHI11,R,0,SLA,PHA,1,0,1,0,1,,37,1,5,6,1,0,0,,1,,4,0,3,0,3,2,0,1,1,0,9,1,1,1,0,0,0,0,1,0,33,44,37,2,1,6,7,1,0,0,0,4,0,7,1,0,2,1,0,0,0,0,0,0,0,,,1,33,51,33,13,5,1,0,0
CLE190908171,box,1909-08-17,1,CLE05,R,0,SLA,CLE,1,0,1,0,1,,32,1,7,7,0,0,0,,1,,0,0,5,1,0,1,0,0,1,0,5,1,1,1,0,0,0,0,1,0,24,32,31,2,2,11,15,2,1,0,0,1,1,1,1,0,0,0,0,0,0,0,0,0,0,,,1,24,38,24,12,2,2,0,0
CLE190908171,ded,1909-08-17,1,CLE05,R,0,SLA,CLE,1,0,1,0,1,33,32,1,7,7,0,0,0,0,1,,0,0,5,1,0,1,0,0,1,0,5,1,1,1,0,0,0,0,1,0,24,32,31,2,2,11,15,2,1,0,0,1,1,1,1,0,0,0,0,0,0,0,0,15,2,,,1,24,15,8,5,2,2,0,0
CLE190908172,box,1909-08-17,2,CLE05,R,0,SLA,CLE,1,0,1,0,1,,38,3,6,6,0,0,0,,3,,2,0,,0,1,0,0,1,0,0,11,1,1,0,0,0,1,0,1,0,24,39,35,7,7,10,11,1,0,0,0,3,0,2,0,1,0,0,0,0,0,0,0,0,0,,,1,24,36,24,10,2,0,0,0
CLE190908172,ded,1909-08-17,2,CLE05,R,0,SLA,CLE,1,0,1,0,1,41,38,3,6,6,0,0,0,0,3,,2,0,0,0,1,0,0,1,0,0,11,1,1,0,0,0,1,0,1,0,24,39,35,7,7,10,11,1,0,0,0,3,0,2,0,1,0,0,0,0,0,0,0,16,4,,,1,24,9,6,1,2,0,0,0
CLE190908181,evt,1909-08-18,1,CLE05,R,0,SLA,CLE,1,0,1,0,1,34,32,0,6,8,2,0,0,0,0,,2,0,7,0,0,0,0,0,1,0,7,1,1,1,0,0,0,0,1,0,24,36,29,3,1,6,9,3,0,0,0,5,0,3,0,0,1,1,0,1,0,0,0,11,5,,,1,24,19,11,4,4,0,0,0
CLE190908181,box,1909-08-18,1,CLE05,R,0,SLA,CLE,1,0,1,0,1,,32,0,6,8,2,0,0,,0,,2,0,7,0,0,0,0,0,1,0,7,1,1,1,0,0,0,0,1,0,24,36,29,3,1,6,9,3,0,0,0,5,0,1,0,0,1,1,0,1,0,0,0,0,0,,,1,24,38,24,10,4,0,0,0
CLE190908182,evt,1909-08-18,2,CLE05,R,0,SLA,CLE,1,0,1,0,1,37,34,2,8,9,1,0,0,0,2,,2,0,3,0,0,1,0,1,0,0,8,1,1,1,0,0,0,0,1,0,24,33,30,3,3,7,9,0,1,0,0,2,1,4,0,0,1,0,0,0,0,0,0,16,2,,,1,24,14,8,4,2,0,0,0
CLE190908182,box,1909-08-18,2,CLE05,R,0,SLA,CLE,1,0,1,0,1,,34,2,8,9,1,0,0,,2,,2,0,0,0,0,1,0,1,0,0,8,1,1,1,0,0,0,0,1,0,24,33,30,3,3,7,9,0,1,0,0,2,1,4,0,0,1,0,0,0,0,0,0,0,0,,,1,24,34,24,8,2,0,0,0
SLA190908210,evt,1909-08-21,0,STL07,R,1,SLA,BOS,1,0,1,0,1,31,30,0,3,3,0,0,0,0,0,,1,0,1,1,0,0,0,0,0,0,4,1,1,0,0,0,1,0,1,0,27,40,37,6,5,15,15,0,0,0,0,1,0,4,0,0,2,0,0,0,0,0,0,17,1,,,1,27,23,12,7,4,1,0,0
SLA190908210,box,1909-08-21,0,STL07,R,1,SLA,BOS,1,0,1,0,1,,30,0,3,3,0,0,0,,0,,1,0,,1,0,0,0,0,0,0,4,1,1,0,0,0,1,0,1,0,27,40,37,6,5,15,15,0,0,0,0,1,0,,0,0,2,0,0,0,0,0,0,0,0,,,1,27,52,27,21,4,1,0,0
SLA190908220,evt,1909-08-22,0,STL07,R,1,SLA,BOS,1,0,1,0,1,40,37,3,11,13,0,1,0,0,3,,2,0,4,1,1,0,0,0,0,0,10,1,1,0,0,0,1,0,1,0,27,42,40,9,9,13,16,1,1,0,0,1,0,3,0,0,0,1,0,0,0,2,2,13,7,,,1,27,32,20,8,4,0,0,0
SLA190908220,box,1909-08-22,0,STL07,R,1,SLA,BOS,1,0,1,0,1,,37,3,11,13,0,1,0,,3,,2,0,,1,1,0,0,0,0,0,10,1,1,0,0,0,1,0,1,0,27,42,40,9,9,13,16,1,1,0,0,1,0,,0,0,0,1,0,0,0,0,0,0,0,,,1,27,43,27,12,4,0,0,0
SLA190908230,evt,1909-08-23,0,STL07,R,1,SLA,BOS,1,0,1,0,1,34,32,2,6,11,1,2,0,0,1,,1,0,8,0,0,0,1,1,0,0,5,1,1,1,0,0,0,0,1,0,27,36,34,3,3,8,12,0,2,0,0,2,0,3,0,0,0,0,0,0,0,0,0,11,12,,,1,27,39,27,11,1,0,0,0
SLA190908230,box,1909-08-23,0,STL07,R,1,SLA,BOS,1,0,1,0,1,,32,2,6,11,1,2,0,,1,,1,0,8,0,0,0,1,1,0,0,5,1,1,1,0,0,0,0,1,0,27,36,34,3,3,8,12,0,2,0,0,2,0,3,0,0,0,0,0,0,0,0,0,0,0,,,1,27,39,27,11,1,0,0,0
SLA190908240,evt,1909-08-24,0,STL07,R,1,SLA,NYA,1,1,0,0,1,35,32,3,7,8,1,0,0,0,2,,2,0,4,0,1,0,0,3,0,0,8,1,1,1,1,0,0,1,0,0,27,31,30,0,0,2,2,0,0,0,0,1,0,3,0,0,0,0,0,0,0,0,0,16,8,,,1,27,43,27,15,1,0,0,0
SLA190908240,box,1909-08-24,0,STL07,R,1,SLA,NYA,1,1,0,0,1,,32,3,7,8,1,0,0,,2,,2,0,4,0,1,0,0,3,0,0,8,1,1,1,1,0,0,1,0,0,27,31,30,0,0,2,2,0,0,0,0,1,0,3,0,0,0,0,0,0,0,0,0,0,0,,,1,27,43,27,15,1,0,0,0
SLA190908250,evt,1909-08-25,0,STL07,R,1,SLA,NYA,1,1,0,0,1,36,31,1,4,5,1,0,0,0,1,,4,0,4,1,0,0,1,2,1,0,6,1,1,1,1,0,0,1,0,0,30,41,39,0,0,10,11,1,0,0,0,1,0,0,0,0,1,0,0,0,0,0,0,8,19,,,1,30,42,30,11,1,1,0,0
SLA190908250,box,1909-08-25,0,STL07,R,1,SLA,NYA,1,1,0,0,1,,31,1,4,5,1,0,0,,1,,4,0,4,1,0,0,1,2,1,0,6,1,1,1,1,0,0,1,0,0,30,41,39,0,0,10,11,1,0,0,0,1,0,0,0,0,1,0,0,0,0,0,0,0,0,,,1,30,42,30,11,1,1,0,0
SLA190908260,evt,1909-08-26,0,STL07,R,1,SLA,NYA,1,0,1,0,1,35,33,1,10,11,1,0,0,0,1,,1,0,4,1,0,1,0,2,1,0,7,1,1,0,0,0,1,0,1,0,27,37,36,5,3,10,20,1,3,1,0,0,0,3,0,0,1,0,0,0,0,0,0,8,13,,,1,27,39,27,11,1,0,0,0
SLA190908260,box,1909-08-26,0,STL07,R,1,SLA,NYA,1,0,1,0,1,,33,1,10,11,1,0,0,,1,,1,0,4,1,0,1,0,2,1,0,7,1,1,0,0,0,1,0,1,0,27,37,36,5,3,10,20,1,3,1,0,0,0,3,0,0,1,0,0,0,0,0,0,0,0,,,1,27,39,27,11,1,0,0,0
SLA190908270,evt,1909-08-27,0,STL07,R,1,SLA,PHA,1,1,0,0,1,33,28,2,9,12,1,1,0,0,2,,3,0,0,1,0,2,0,0,0,0,7,1,1,1,0,0,0,1,0,0,27,32,28,1,1,4,4,0,0,0,0,3,0,4,1,0,1,0,0,0,0,0,0,17,3,,,1,27,19,12,6,1,1,0,0
SLA190908270,box,1909-08-27,0,STL07,R,1,SLA,PHA,1,1,0,0,1,,28,2,9,12,1,1,0,,2,,3,0,,1,0,2,0,0,0,0,7,1,1,1,0,0,0,1,0,0,27,32,28,1,1,4,4,0,0,0,0,3,0,4,1,0,1,0,0,0,0,0,0,0,0,,,1,27,44,27,16,1,1,0,0
SLA190908280,evt,1909-08-28,0,STL07,R,1,SLA,PHA,1,0,1,0,1,33,31,0,5,6,1,0,0,0,0,,2,0,2,0,0,0,0,0,0,0,6,1,1,0,0,0,1,0,1,0,27,36,34,4,3,8,10,0,1,0,0,2,0,2,0,0,0,0,0,0,0,0,0,8,14,,,1,27,39,27,10,2,1,0,0
SLA190908280,box,1909-08-28,0,STL07,R,1,SLA,PHA,1,0,1,0,1,,31,0,5,6,1,0,0,,0,,2,0,,0,0,0,0,0,0,0,6,1,1,0,0,0,1,0,1,0,27,36,34,4,3,8,10,0,1,0,0,2,0,2,0,0,0,0,0,0,0,0,0,0,0,,,1,27,39,27,10,2,1,0,0
SLA190908290,evt,1909-08-29,0,STL07,R,1,SLA,PHA,1,0,1,0,1,39,35,2,10,12,0,1,0,0,2,,4,1,6,0,0,0,0,0,2,0,10,1,1,0,0,0,1,0,1,0,27,38,34,5,5,11,15,0,2,0,0,2,0,5,0,1,0,1,0,0,0,1,0,13,4,,,1,27,29,20,8,1,1,0,0
SLA190908290,box,1909-08-29,0,STL07,R,1,SLA,PHA,1,0,1,0,1,,35,2,10,12,0,1,0,,2,,4,1,,0,0,0,0,0,2,0,10,1,1,0,0,0,1,0,1,0,27,38,34,5,5,11,15,0,2,0,0,2,0,5,0,1,0,1,0,0,0,0,0,0,0,,,1,27,40,27,12,1,1,0,0
SLA190908300,evt,1909-08-30,0,STL07,R,1,SLA,WS1,1,1,0,0,1,41,32,8,10,12,0,1,0,0,6,,3,0,2,0,1,3,2,1,1,0,9,1,1,1,1,0,0,1,0,0,27,38,35,0,0,7,9,2,0,0,0,2,0,7,0,0,1,0,0,1,0,0,0,16,5,,,1,27,14,12,1,1,0,0,2
SLA190908300,box,1909-08-30,0,STL07,R,1,SLA,WS1,1,1,0,0,1,,32,8,10,12,0,1,0,,6,,3,0,0,0,1,3,2,1,1,0,9,1,1,1,1,0,0,1,0,0,27,38,35,0,0,7,9,2,0,0,0,2,0,0,0,0,1,0,0,1,0,0,0,0,0,,,1,27,34,27,6,1,0,0,2
SLA190908310,evt,1909-08-31,0,STL07,R,1,SLA,WS1,1,1,0,0,1,37,31,7,10,15,2,0,1,0,7,,4,0,1,1,0,2,0,1,1,0,6,1,1,1,0,0,0,1,0,0,27,36,32,3,3,8,8,0,0,0,0,2,0,0,0,0,1,1,0,0,0,0,0,19,5,,,1,27,22,12,9,1,1,0,0
SLA190908310,box,1909-08-31,0,STL07,R,1,SLA,WS1,1,1,0,0,1,,31,7,10,15,2,0,1,,7,,4,0,,1,0,2,0,1,1,0,6,1,1,1,0,0,0,1,0,0,27,36,32,3,3,8,8,0,0,0,0,2,0,,0,0,1,1,0,0,0,0,0,0,0,,,1,27,45,27,17,1,1,0,0
SLA190909010,evt,1909-09-01,0,STL07,R,1,SLA,WS1,1,1,0,0,1,35,31,7,8,8,0,0,0,0,5,,1,0,1,0,1,1,1,3,2,0,4,1,1,0,0,0,1,1,0,1,27,41,37,6,5,12,12,0,0,0,0,2,0,1,0,0,2,0,0,1,0,2,0,19,5,,,1,27,9,6,2,1,0,0,0
SLA190909010,box,1909-09-01,0,STL07,R,1,SLA,WS1,1,1,0,0,1,,31,7,8,8,0,0,0,,5,,1,0,,0,1,1,1,3,2,0,4,1,1,0,0,0,1,1,0,1,27,41,37,6,5,12,12,0,0,0,0,2,0,,0,0,2,0,0,1,0,0,0,0,0,,,1,27,37,27,9,1,0,0,0
CHA190909020,evt,1909-09-02,0,CHI09,R,0,SLA,CHA,1,0,1,0,1,37,34,3,10,10,0,0,0,0,3,,2,0,4,1,0,1,0,1,1,0,7,1,1,0,0,0,1,0,1,0,24,35,28,6,6,9,15,1,1,1,0,6,0,3,1,0,0,1,0,1,0,2,0,7,10,,,1,24,36,24,11,1,2,0,0
CHA190909020,box,1909-09-02,0,CHI09,R,0,SLA,CHA,1,0,1,0,1,,34,3,10,10,0,0,0,,3,,2,0,4,1,0,1,0,1,1,0,7,1,1,0,0,0,1,0,1,0,24,35,28,6,6,9,15,1,1,1,0,6,0,3,1,0,0,1,0,1,0,0,0,0,0,,,1,24,36,24,11,1,2,0,0
CHA190909030,evt,1909-09-03,0,CHI09,R,0,SLA,CHA,1,0,1,0,1,36,30,3,8,10,2,0,0,0,3,,2,0,2,1,1,2,1,1,0,0,6,1,1,1,0,0,0,0,1,0,24,35,28,4,3,6,8,2,0,0,0,4,0,6,0,0,2,1,0,2,0,0,0,10,6,,,1,24,37,24,11,2,1,0,0
CHA190909030,box,1909-09-03,0,CHI09,R,0,SLA,CHA,1,0,1,0,1,,30,3,8,10,2,0,0,,3,,2,0,2,1,1,2,1,1,0,0,6,1,1,1,0,0,0,0,1,0,24,35,28,4,3,6,8,2,0,0,0,4,0,6,0,0,2,1,0,2,0,0,0,0,0,,,1,24,37,24,11,2,1,0,0
CHA190909040,evt,1909-09-04,0,CHI09,R,0,SLA,CHA,1,1,0,0,1,32,27,2,4,9,0,1,1,0,2,,3,0,2,0,0,2,0,1,2,0,3,1,1,1,0,0,0,1,0,0,27,37,32,1,0,7,13,2,2,0,0,5,0,5,1,0,0,0,0,0,0,0,0,8,10,,,1,27,41,27,12,2,2,0,0
CHA190909040,box,1909-09-04,0,CHI09,R,0,SLA,CHA,1,1,0,0,1,,27,2,4,9,0,1,1,,2,,3,0,2,0,0,2,0,1,2,0,3,1,1,1,0,0,0,1,0,0,27,37,32,1,0,7,13,2,2,0,0,5,0,5,1,0,0,0,0,0,0,0,0,0,0,,,1,27,41,27,12,2,2,0,0
SLA190909050,evt,1909-09-05,0,STL07,R,1,SLA,DET,1,0,1,0,1,35,35,1,8,8,0,0,0,0,0,,0,0,7,0,0,0,0,1,0,0,7,1,1,1,0,0,0,0,1,0,27,37,36,5,3,7,8,1,0,0,0,1,0,2,0,0,0,0,0,0,0,0,0,21,3,,,1,27,21,10,6,5,0,0,0
SLA190909050,box,1909-09-05,0,STL07,R,1,SLA,DET,1,0,1,0,1,,35,1,8,8,0,0,0,,0,,0,0,,0,0,0,0,1,0,0,7,1,1,1,0,0,0,0,1,0,27,37,36,5,3,7,8,1,0,0,0,1,0,0,0,0,0,0,0,0,0,0,0,0,0,,,1,27,43,27,11,5,0,0,0
DET190909061,evt,1909-09-06,1,DET02,R,0,SLA,DET,1,0,1,0,1,43,38,8,13,16,3,0,0,0,8,,4,0,3,1,0,1,0,0,0,0,8,1,1,0,0,0,1,0,1,0,24,39,34,9,9,13,17,4,0,0,0,3,1,2,0,0,1,1,0,0,0,1,1,12,7,,,1,24,43,24,17,2,0,0,0
DET190909061,box,1909-09-06,1,DET02,R,0,SLA,DET,1,0,1,0,1,,38,8,13,16,3,0,0,,8,,4,0,3,1,0,1,0,0,0,0,8,1,1,0,0,0,1,0,1,0,24,39,34,9,9,13,17,4,0,0,0,3,1,2,0,0,1,1,0,0,0,0,0,0,0,,,1,24,43,24,17,2,0,0,0
DET190909062,evt,1909-09-06,2,DET02,R,0,SLA,DET,1,0,1,0,1,38,32,1,4,5,1,0,0,0,1,,6,0,7,0,0,0,0,2,1,0,10,1,1,1,0,0,0,0,1,0,24,36,33,7,6,12,16,4,0,0,0,1,0,0,2,0,1,1,0,1,0,0,0,18,2,,,1,24,16,8,5,3,2,0,0
DET190909062,box,1909-09-06,2,DET02,R,0,SLA,DET,1,0,1,0,1,,32,1,4,5,1,0,0,,1,,6,0,,0,0,0,0,2,1,0,10,1,1,1,0,0,0,0,1,0,24,36,33,7,6,12,16,4,0,0,0,1,0,0,2,0,1,1,0,1,0,0,0,0,0,,,1,24,39,24,12,3,2,0,0
SLA190909081,evt,1909-09-08,1,STL07,R,1,SLA,CHA,1,0,1,0,1,37,37,2,9,9,0,0,0,0,0,,0,0,8,1,0,0,0,1,0,0,8,1,1,1,0,0,0,0,1,0,27,37,34,4,4,10,11,1,0,0,0,1,0,6,1,0,2,0,0,0,0,0,0,7,10,,,1,27,39,27,11,1,2,0,0
SLA190909081,box,1909-09-08,1,STL07,R,1,SLA,CHA,1,0,1,0,1,,37,2,9,9,0,0,0,,0,,0,0,8,1,0,0,0,1,0,0,8,1,1,1,0,0,0,0,1,0,27,37,34,4,4,10,11,1,0,0,0,1,0,6,1,0,2,0,0,0,0,0,0,0,0,,,1,27,39,27,11,1,2,0,0
SLA190909082,evt,1909-09-08,2,STL07,R,1,SLA,CHA,1,0,1,0,1,34,31,0,6,6,0,0,0,0,0,,2,1,5,1,0,1,0,0,0,0,7,1,1,1,0,0,0,0,1,0,27,39,32,4,3,8,9,1,0,0,0,6,0,5,1,0,1,0,0,0,0,0,0,12,7,,,1,27,31,21,9,1,1,0,0
SLA190909082,box,1909-09-08,2,STL07,R,1,SLA,CHA,1,0,1,0,1,,31,0,6,6,0,0,0,,0,,2,1,5,1,0,1,0,0,0,0,7,1,1,1,0,0,0,0,1,0,27,39,32,4,3,8,9,1,0,0,0,6,0,5,1,0,1,0,0,0,0,0,0,0,0,,,1,27,39,27,11,1,1,0,0
SLA190909090,evt,1909-09-09,0,STL07,R,1,SLA,CHA,1,0,0,1,1,27,25,1,6,6,0,0,0,0,1,,0,0,1,0,0,1,1,3,0,0,5,1,1,1,0,0,0,0,0,0,21,25,24,1,0,3,3,0,0,0,0,1,0,5,0,0,0,0,0,0,0,0,0,6,9,,,1,21,26,21,4,1,0,0,0
SLA190909090,box,1909-09-09,0,STL07,R,1,SLA,CHA,1,0,0,1,1,,25,1,6,6,0,0,0,,1,,0,0,1,0,0,1,1,3,0,0,5,1,1,1,0,0,0,0,0,0,21,25,24,1,0,3,3,0,0,0,0,1,0,5,0,0,0,0,0,0,0,0,0,0,0,,,1,21,26,21,4,1,0,0,0
SLA190909101,evt,1909-09-10,1,STL07,R,1,SLA,CHA,1,1,0,0,1,36,35,7,12,12,0,0,0,0,5,,1,0,5,0,0,0,0,1,2,0,5,1,1,1,0,0,0,1,0,0,27,43,33,3,3,11,11,0,0,0,0,5,0,6,1,1,1,3,0,0,0,0,0,9,9,,,1,27,38,27,10,1,1,0,0
SLA190909101,box,1909-09-10,1,STL07,R,1,SLA,CHA,1,1,0,0,1,,35,7,12,12,0,0,0,,5,,1,0,5,0,0,0,0,1,2,0,5,1,1,1,0,0,0,1,0,0,27,43,33,3,3,11,11,0,0,0,0,5,0,6,1,1,1,3,0,0,0,0,0,0,0,,,1,27,38,27,10,1,1,0,0
SLA190909102,evt,1909-09-10,2,STL07,R,1,SLA,CHA,1,1,0,0,1,30,26,2,5,6,1,0,0,0,2,,3,0,3,1,0,0,1,0,1,0,4,1,1,1,1,0,0,1,0,0,27,32,29,0,0,3,3,0,0,0,0,1,0,7,0,1,1,0,0,0,0,0,0,9,7,,,1,27,30,21,7,2,1,0,0
SLA190909102,box,1909-09-10,2,STL07,R,1,SLA,CHA,1,1,0,0,1,,26,2,5,6,1,0,0,,2,,3,0,3,1,0,0,1,0,1,0,4,1,1,1,1,0,0,1,0,0,27,32,29,0,0,3,3,0,0,0,0,1,0,7,0,1,1,0,0,0,0,0,0,0,0,,,1,27,39,27,10,2,1,0,0
SLA190909111,evt,1909-09-11,1,STL07,R,1,SLA,CHA,1,1,0,0,1,33,29,2,2,3,1,0,0,0,1,,3,0,7,0,1,0,0,0,0,0,7,1,1,1,0,0,0,1,0,0,27,33,29,1,1,3,3,0,0,0,0,2,0,6,0,1,1,0,0,0,0,0,0,13,7,,,1,27,40,27,13,0,0,0,0
SLA190909111,box,1909-09-11,1,STL07,R,1,SLA,CHA,1,1,0,0,1,,29,2,2,3,1,0,0,,1,,3,0,7,0,1,0,0,0,0,0,7,1,1,1,0,0,0,1,0,0,27,33,29,1,1,3,3,0,0,0,0,2,0,6,0,1,1,0,0,0,0,0,0,0,0,,,1,27,40,27,13,0,0,0,0
SLA190909112,evt,1909-09-11,2,STL07,R,1,SLA,CHA,1,1,0,0,1,37,31,3,8,9,1,0,0,0,3,,4,0,9,0,1,1,0,2,0,0,10,1,1,1,0,0,0,1,0,0,27,38,33,1,1,8,11,1,1,0,0,3,0,3,0,0,2,0,0,0,0,0,0,12,7,,,1,27,25,17,6,2,1,0,0
SLA190909112,box,1909-09-11,2,STL07,R,1,SLA,CHA,1,1,0,0,1,,31,3,8,9,1,0,0,,3,,4,0,9,0,1,1,0,2,0,0,10,1,1,1,0,0,0,1,0,0,27,38,33,1,1,8,11,1,1,0,0,3,0,3,0,0,2,0,0,0,0,0,0,0,0,,,1,27,41,27,12,2,1,0,0
SLA190909121,evt,1909-09-12,1,STL07,R,1,SLA,DET,1,0,1,0,1,41,37,5,9,9,0,0,0,0,3,,3,0,0,0,0,0,1,3,0,0,9,1,1,0,0,0,1,0,1,0,27,40,34,11,11,16,20,2,1,0,0,3,0,1,1,0,3,0,0,0,0,3,2,12,1,,,1,27,34,14,18,2,3,0,0
SLA190909121,box,1909-09-12,1,STL07,R,1,SLA,DET,1,0,1,0,1,,37,5,9,9,0,0,0,,3,,3,0,,0,0,0,1,3,0,0,9,1,1,0,0,0,1,0,1,0,27,40,34,11,11,16,20,2,1,0,0,3,0,0,1,0,3,0,0,0,0,0,0,0,0,,,1,27,54,27,25,2,3,0,0
SLA190909122,evt,1909-09-12,2,STL07,R,1,SLA,DET,1,0,0,1,1,37,27,4,6,7,1,0,0,0,2,,8,0,2,0,0,1,1,4,1,0,9,1,1,1,0,0,0,0,0,0,24,37,28,4,3,8,8,0,0,0,0,5,0,1,0,1,2,1,0,1,0,0,0,16,3,,,1,24,22,12,8,2,0,0,0
SLA190909122,box,1909-09-12,2,STL07,R,1,SLA,DET,1,0,0,1,1,,27,4,6,7,1,0,0,,2,,8,0,,0,0,1,1,4,1,0,9,1,1,1,0,0,0,0,0,0,24,37,28,4,3,8,8,0,0,0,0,5,0,,0,1,2,1,0,1,0,0,0,0,0,,,1,24,40,24,14,2,0,0,0
DET190909130,evt,1909-09-13,0,DET02,R,0,SLA,DET,1,0,1,0,1,34,32,2,5,7,0,1,0,0,2,,2,0,2,0,0,0,0,0,0,0,5,1,1,1,0,0,0,0,1,0,24,42,34,10,8,14,23,2,2,1,0,3,0,0,0,3,2,0,0,0,0,0,0,15,3,,,1,24,20,9,7,4,0,0,0
DET190909130,box,1909-09-13,0,DET02,R,0,SLA,DET,1,0,1,0,1,,32,2,5,7,0,1,0,,2,,2,0,,0,0,0,0,0,0,0,5,1,1,1,0,0,0,0,1,0,24,42,34,10,8,14,23,2,2,1,0,3,0,,0,3,2,0,0,0,0,0,0,0,0,,,1,24,43,24,15,4,0,0,0
DET190909140,evt,1909-09-14,0,DET02,R,0,SLA,DET,1,1,0,0,1,36,33,3,9,13,2,1,0,0,3,,2,0,4,0,0,1,0,0,1,0,6,1,1,1,0,0,0,1,0,0,27,35,29,2,2,8,9,1,0,0,0,4,0,0,0,0,2,0,0,0,0,0,0,16,4,,,1,27,21,11,6,4,1,0,0
DET190909140,box,1909-09-14,0,DET02,R,0,SLA,DET,1,1,0,0,1,,33,3,9,13,2,1,0,,3,,2,0,,0,0,1,0,0,1,0,6,1,1,1,0,0,0,1,0,0,27,35,29,2,2,8,9,1,0,0,0,4,0,,0,0,2,0,0,0,0,0,0,0,0,,,1,27,45,27,14,4,1,0,0
WS1190909161,evt,1909-09-16,1,WAS08,R,0,SLA,WS1,1,0,1,0,1,31,30,0,5,6,1,0,0,0,0,,1,1,6,1,0,0,0,0,0,0,4,1,1,1,0,0,0,0,1,0,24,36,29,5,3,9,10,1,0,0,0,2,0,3,0,1,3,1,0,0,0,0,0,15,1,,,1,24,16,10,5,1,0,0,0
WS1190909161,box,1909-09-16,1,WAS08,R,0,SLA,WS1,1,0,1,0,1,,30,0,5,6,1,0,0,,0,,1,1,6,1,0,0,0,0,0,0,4,1,1,1,0,0,0,0,1,0,24,36,29,5,3,9,10,1,0,0,0,2,0,3,0,1,3,1,0,0,0,0,0,0,0,,,1,24,39,24,14,1,0,0,0
WS1190909162,evt,1909-09-16,2,WAS08,R,0,SLA,WS1,1,1,0,0,1,39,34,4,9,9,0,0,0,0,3,,2,0,4,0,1,2,0,3,0,0,8,1,1,1,0,0,0,1,0,0,27,38,27,2,2,5,5,0,0,0,0,5,0,1,0,2,4,0,0,1,0,0,0,20,1,,,1,27,4,3,1,0,0,0,0
WS1190909162,box,1909-09-16,2,WAS08,R,0,SLA,WS1,1,1,0,0,1,,34,4,9,9,0,0,0,,3,,2,0,4,0,1,2,0,3,0,0,8,1,1,1,0,0,0,1,0,0,27,38,27,2,2,5,5,0,0,0,0,5,0,1,0,2,4,0,0,1,0,0,0,0,0,,,1,27,43,27,16,0,0,0,0
WS1190909170,evt,1909-09-17,0,WAS08,R,0,SLA,WS1,1,0,1,0,1,32,31,1,4,6,0,1,0,0,0,,1,0,7,0,0,0,0,0,0,0,4,1,1,1,0,0,0,0,1,0,24,41,35,10,5,12,15,3,0,0,0,4,0,4,0,0,1,1,0,0,0,0,0,15,2,,,1,24,19,10,5,4,0,0,0
WS1190909170,box,1909-09-17,0,WAS08,R,0,SLA,WS1,1,0,1,0,1,,31,1,4,6,0,1,0,,0,,1,0,7,0,0,0,0,0,0,0,4,1,1,1,0,0,0,0,1,0,24,41,35,10,5,12,15,3,0,0,0,4,0,4,0,0,1,1,0,0,0,0,0,0,0,,,1,24,38,24,10,4,0,0,0
WS1190909180,box,1909-09-18,0,WAS08,R,0,SLA,WS1,1,0,1,0,1,,39,7,13,14,1,0,0,,7,,3,0,1,2,0,1,0,2,0,0,9,1,1,1,0,0,0,0,1,0,24,47,44,16,8,19,24,5,0,0,0,1,0,2,0,0,1,1,0,0,0,0,0,0,0,,,1,24,47,24,16,7,1,0,0
WS1190909180,ded,1909-09-18,0,WAS08,R,0,SLA,WS1,1,0,1,0,1,43,39,7,13,14,1,0,0,0,7,,3,0,1,2,0,1,0,2,0,0,9,1,1,1,0,0,0,0,1,0,24,47,44,16,8,19,24,5,0,0,0,1,0,2,0,0,1,1,0,0,0,0,0,15,2,,,1,24,21,9,5,7,1,0,0
WS1190909200,evt,1909-09-20,0,WAS08,R,0,SLA,WS1,1,1,0,0,1,35,29,3,5,6,1,0,0,0,3,,4,0,2,3,1,1,0,1,1,0,5,1,1,1,0,0,0,1,0,0,27,37,31,2,2,9,9,0,0,0,0,3,0,2,0,0,3,0,0,0,0,0,0,18,2,,,1,27,28,15,11,2,1,0,0
WS1190909200,box,1909-09-20,0,WAS08,R,0,SLA,WS1,1,1,0,0,1,,29,3,5,6,1,0,0,,3,,4,0,2,3,1,1,0,1,1,0,5,1,1,1,0,0,0,1,0,0,27,37,31,2,2,9,9,0,0,0,0,3,0,2,0,0,3,0,0,0,0,0,0,0,0,,,1,27,49,27,20,2,1,0,0
PHA190909210,evt,1909-09-21,0,PHI11,R,0,SLA,PHA,1,1,0,0,1,34,29,2,6,6,0,0,0,0,2,,3,0,3,1,0,2,0,1,2,0,5,1,1,1,0,0,0,1,0,0,27,33,27,1,0,3,5,2,0,0,0,6,0,7,0,0,0,0,0,0,0,0,0,8,8,,,1,27,42,27,13,2,1,0,0
PHA190909210,box,1909-09-21,0,PHI11,R,0,SLA,PHA,1,1,0,0,1,,29,2,6,6,0,0,0,,2,,3,0,3,1,0,2,0,1,2,0,5,1,1,1,0,0,0,1,0,0,27,33,27,1,0,3,5,2,0,0,0,6,0,7,0,0,0,0,0,0,0,0,0,0,0,,,1,27,42,27,13,2,1,0,0
PHA190909220,evt,1909-09-22,0,PHI11,R,0,SLA,PHA,1,0,1,0,1,38,35,2,9,9,0,0,0,0,2,,1,0,11,0,0,1,1,1,0,0,9,1,1,1,0,0,0,0,1,0,24,33,30,6,6,9,19,3,2,1,0,1,0,1,0,0,1,1,0,0,0,0,0,13,8,,,1,24,38,24,13,1,0,0,1
PHA190909220,box,1909-09-22,0,PHI11,R,0,SLA,PHA,1,0,1,0,1,,35,2,9,9,0,0,0,,2,,1,0,11,0,0,1,1,1,0,0,9,1,1,1,0,0,0,0,1,0,24,33,30,6,6,9,19,3,2,1,0,1,0,1,0,0,1,1,0,0,0,0,0,0,0,,,1,24,38,24,13,1,0,0,1
PHA190909230,evt,1909-09-23,0,PHI11,R,0,SLA,PHA,1,0,1,0,1,36,35,2,9,12,3,0,0,0,2,,1,0,7,0,0,0,0,0,0,0,7,1,1,1,0,0,0,0,1,0,24,36,34,6,6,12,18,0,3,0,0,0,0,0,0,0,0,2,0,0,0,0,0,6,17,,,1,24,32,24,7,1,0,0,0
PHA190909230,box,1909-09-23,0,PHI11,R,0,SLA,PHA,1,0,1,0,1,,35,2,9,12,3,0,0,,2,,1,0,7,0,0,0,0,0,0,0,7,1,1,1,0,0,0,0,1,0,24,36,34,6,6,12,18,0,3,0,0,0,0,0,0,0,0,2,0,0,0,0,0,0,0,,,1,24,32,24,7,1,0,0,0
BOS190909251,evt,1909-09-25,1,BOS06,R,0,SLA,BOS,1,0,1,0,1,37,31,2,8,8,0,0,0,0,2,,5,2,6,0,0,1,0,0,0,0,8,1,1,1,0,0,0,0,1,0,24,36,25,3,3,9,9,0,0,0,0,4,0,3,0,2,4,1,0,0,0,0,0,6,5,,,1,24,43,24,17,2,0,0,0
BOS190909251,box,1909-09-25,1,BOS06,R,0,SLA,BOS,1,0,1,0,1,,31,2,8,8,0,0,0,,2,,5,2,6,0,0,1,0,0,0,0,8,1,1,1,0,0,0,0,1,0,24,36,25,3,3,9,9,0,0,0,0,4,0,3,0,2,4,1,0,0,0,0,0,0,0,,,1,24,43,24,17,2,0,0,0
BOS190909252,evt,1909-09-25,2,BOS06,R,0,SLA,BOS,1,0,1,0,1,35,32,3,4,4,0,0,0,0,1,,1,0,2,0,0,2,0,1,1,0,2,1,1,1,0,0,0,0,1,0,29,42,36,4,4,11,15,2,1,0,0,3,0,1,0,0,2,1,0,0,0,0,0,16,9,,,1,29,20,15,4,1,0,0,1
BOS190909252,box,1909-09-25,2,BOS06,R,0,SLA,BOS,1,0,1,0,1,,32,3,4,4,0,0,0,,1,,1,0,,0,0,2,0,1,1,0,2,1,1,1,0,0,0,0,1,0,29,42,36,4,4,11,15,2,1,0,0,3,0,,0,0,2,1,0,0,0,0,0,0,0,,,1,29,43,29,13,1,0,0,1
NYA190909291,evt,1909-09-29,1,NYC13,R,0,SLA,NYA,1,0,1,0,1,34,32,2,7,8,1,0,0,0,2,,0,0,8,0,1,1,0,3,0,0,5,1,1,1,0,0,0,0,1,0,24,35,32,5,3,9,9,0,0,0,0,1,0,3,0,0,2,0,0,0,0,0,0,8,10,,,1,24,39,24,11,4,0,0,0
NYA190909291,box,1909-09-29,1,NYC13,R,0,SLA,NYA,1,0,1,0,1,,32,2,7,8,1,0,0,,2,,0,0,8,0,1,1,0,3,0,0,5,1,1,1,0,0,0,0,1,0,24,35,32,5,3,9,9,0,0,0,0,1,0,3,0,0,2,0,0,0,0,0,0,0,0,,,1,24,39,24,11,4,0,0,0
NYA190909292,evt,1909-09-29,2,NYC13,R,0,SLA,NYA,1,0,1,0,1,29,23,0,2,2,0,0,0,0,0,,6,0,6,0,0,0,0,2,1,0,5,1,1,1,0,0,0,0,1,0,21,40,38,11,8,17,21,1,0,1,0,2,0,6,0,0,0,0,0,1,0,0,0,9,4,,,1,21,34,21,9,4,0,0,0
NYA190909292,box,1909-09-29,2,NYC13,R,0,SLA,NYA,1,0,1,0,1,,23,0,2,2,0,0,0,,0,,6,0,6,0,0,0,0,2,1,0,5,1,1,1,0,0,0,0,1,0,21,40,38,11,8,17,21,1,0,1,0,2,0,6,0,0,0,0,0,1,0,0,0,0,0,,,1,21,34,21,9,4,0,0,0
NYA190909300,evt,1909-09-30,0,NYC13,R,0,SLA,NYA,1,0,0,1,1,37,35,4,11,17,2,2,0,0,4,,0,0,4,0,1,1,0,0,2,0,6,1,1,1,0,0,0,0,0,0,27,37,29,4,3,9,10,1,0,0,0,3,0,8,0,1,4,0,0,2,0,0,0,4,7,,,1,27,40,27,11,2,1,0,1
NYA190909300,box,1909-09-30,0,NYC13,R,0,SLA,NYA,1,0,0,1,1,,35,4,11,17,2,2,0,,4,,0,0,4,0,1,1,0,0,2,0,6,1,1,1,0,0,0,0,0,0,27,37,29,4,3,9,10,1,0,0,0,3,0,8,0,1,4,0,0,2,0,0,0,0,0,,,1,27,40,27,11,2,1,0,1
NYA190910011,evt,1909-10-01,1,NYC13,R,0,SLA,NYA,1,0,1,0,1,36,35,0,7,7,0,0,0,0,0,,0,0,4,0,0,1,0,0,0,0,9,1,1,1,0,0,0,0,1,0,24,35,34,6,6,10,14,1,0,1,0,0,0,0,0,0,0,1,0,0,0,0,0,11,13,,,1,24,35,24,10,1,0,0,0
NYA190910011,box,1909-10-01,1,NYC13,R,0,SLA,NYA,1,0,1,0,1,,35,0,7,7,0,0,0,,0,,0,0,4,0,0,1,0,0,0,0,9,1,1,1,0,0,0,0,1,0,24,35,34,6,6,10,14,1,0,1,0,0,0,0,0,0,0,1,0,0,0,0,0,0,0,,,1,24,35,24,10,1,0,0,0
NYA190910012,evt,1909-10-01,2,NYC13,R,0,SLA,NYA,1,0,1,0,1,34,32,4,9,14,2,0,1,0,4,,1,0,4,0,0,0,1,0,0,0,9,1,1,1,0,0,0,0,1,0,18,35,32,11,8,14,18,2,1,0,0,3,0,2,0,0,0,0,0,0,0,0,0,12,3,,,1,18,33,18,11,4,0,0,0
NYA190910012,box,1909-10-01,2,NYC13,R,0,SLA,NYA,1,0,1,0,1,,32,4,9,14,2,0,1,,4,,1,0,4,0,0,0,1,0,0,0,9,1,1,1,0,0,0,0,1,0,18,35,32,11,8,14,18,2,1,0,0,3,0,2,0,0,0,0,0,0,0,0,0,0,0,,,1,18,33,18,11,4,0,0,0
SLA190910031,box,1909-10-03,1,STL07,R,1,SLA,CLE,1,1,0,0,1,,31,6,10,13,1,1,0,,6,,1,0,,0,0,1,1,0,1,0,4,1,1,1,0,0,0,1,0,0,27,39,33,4,4,10,11,1,0,0,0,5,0,,0,0,1,0,0,1,0,0,0,0,0,,,1,27,43,27,15,1,0,0,0
SLA190910031,ded,1909-10-03,1,STL07,R,1,SLA,CLE,1,1,0,0,1,34,31,6,10,13,1,1,0,0,6,,1,0,0,0,0,1,1,0,1,0,4,1,1,1,0,0,0,1,0,0,27,39,33,4,4,10,11,1,0,0,0,5,0,1,0,0,1,0,0,1,0,0,0,20,2,,,1,27,11,7,3,1,0,0,0
SLA190910032,box,1909-10-03,2,STL07,R,1,SLA,CLE,1,0,1,0,1,,19,1,5,5,0,0,0,,1,,3,0,,1,2,2,0,1,2,0,7,1,1,0,0,0,1,0,1,0,18,23,22,3,3,5,7,0,1,0,0,1,0,,0,0,0,0,0,0,0,0,0,0,0,,,1,18,25,18,7,0,0,0,0
SLA190910032,ded,1909-10-03,2,STL07,R,1,SLA,CLE,1,0,1,0,1,26,19,1,5,5,0,0,0,0,1,,3,0,1,1,2,2,0,1,2,0,7,1,1,0,0,0,1,0,1,0,18,23,22,3,3,5,7,0,1,0,0,1,0,1,0,0,0,0,0,0,0,0,0,15,1,,,1,18,4,3,1,0,0,0,0
CHN190904140,evt,1909-04-14,0,CHI08,R,0,SLN,CHN,1,0,1,0,1,30,28,1,3,3,0,0,0,0,1,,1,0,7,0,1,0,0,1,2,0,2,1,1,1,0,0,0,0,1,0,24,34,30,3,1,10,16,2,2,0,0,2,0,4,0,0,1,1,0,0,0,0,0,8,8,,,1,24,37,24,12,1,0,0,0
CHN190904140,box,1909-04-14,0,CHI08,R,0,SLN,CHN,1,0,1,0,1,,28,1,3,3,0,0,0,,1,,1,0,7,0,1,0,0,1,2,0,2,1,1,1,0,0,0,0,1,0,24,34,30,3,1,10,16,2,2,0,0,2,0,4,0,0,1,1,0,0,0,0,0,0,0,,,1,24,37,24,12,1,0,0,0
CHN190904150,evt,1909-04-15,0,CHI08,R,0,SLN,CHN,1,0,1,0,1,37,31,4,6,6,0,0,0,0,4,,3,0,5,0,1,1,1,0,1,0,6,1,1,0,0,0,1,0,1,0,24,41,33,10,7,11,14,1,1,0,0,5,0,4,0,0,2,1,0,1,0,1,0,8,10,,,1,24,38,24,9,5,0,0,0
CHN190904150,box,1909-04-15,0,CHI08,R,0,SLN,CHN,1,0,1,0,1,,31,4,6,6,0,0,0,,4,,3,0,5,0,1,1,1,0,1,0,6,1,1,0,0,0,1,0,1,0,24,41,33,10,7,11,14,1,1,0,0,5,0,4,0,0,2,1,0,1,0,0,0,0,0,,,1,24,38,24,9,5,0,0,0
CHN190904160,evt,1909-04-16,0,CHI08,R,0,SLN,CHN,1,1,0,0,1,34,25,3,5,5,0,0,0,0,3,,4,0,2,0,1,3,1,0,3,0,4,1,1,1,0,0,0,1,0,0,27,31,29,1,1,4,5,1,0,0,0,2,0,4,0,0,0,0,0,0,0,0,0,9,12,,,1,27,38,27,11,0,0,0,0
CHN190904160,box,1909-04-16,0,CHI08,R,0,SLN,CHN,1,1,0,0,1,,25,3,5,5,0,0,0,,3,,4,0,2,0,1,3,1,0,3,0,4,1,1,1,0,0,0,1,0,0,27,31,29,1,1,4,5,1,0,0,0,2,0,4,0,0,0,0,0,0,0,0,0,0,0,,,1,27,38,27,11,0,0,0,0
CHN190904170,evt,1909-04-17,0,CHI08,R,0,SLN,CHN,1,1,0,0,1,43,33,4,7,11,2,1,0,0,4,,9,0,3,1,0,1,0,3,0,0,12,1,1,1,0,0,0,1,0,0,27,30,27,1,0,3,3,0,0,0,0,2,0,6,0,0,1,0,0,1,0,0,0,7,10,,,1,27,39,27,11,1,1,0,0
CHN190904170,box,1909-04-17,0,CHI08,R,0,SLN,CHN,1,1,0,0,1,,33,4,7,11,2,1,0,,4,,9,0,3,1,0,1,0,3,0,0,12,1,1,1,0,0,0,1,0,0,27,30,27,1,0,3,3,0,0,0,0,2,0,6,0,0,1,0,0,1,0,0,0,0,0,,,1,27,39,27,11,1,1,0,0
CIN190904180,evt,1909-04-18,0,CIN06,R,0,SLN,CIN,1,0,1,0,1,36,29,3,3,5,0,1,0,0,3,,5,0,4,2,2,0,0,1,0,0,6,1,1,0,0,0,1,0,1,0,24,38,32,5,4,8,10,0,1,0,0,5,0,4,0,0,0,1,0,0,0,0,0,10,10,,,1,24,18,15,1,2,0,0,0
CIN190904180,box,1909-04-18,0,CIN06,R,0,SLN,CIN,1,0,1,0,1,,29,3,3,5,0,1,0,,3,,5,0,4,2,2,0,0,1,0,0,6,1,1,0,0,0,1,0,1,0,24,38,32,5,4,8,10,0,1,0,0,5,0,4,0,0,0,1,0,0,0,0,0,0,0,,,1,24,36,24,10,2,0,0,0
CIN190904190,evt,1909-04-19,0,CIN06,R,0,SLN,CIN,1,0,1,0,1,38,34,2,7,10,1,1,0,0,2,,2,0,2,0,0,1,1,0,0,0,9,1,1,0,0,0,1,0,1,0,24,31,23,3,3,4,7,1,1,0,0,4,0,3,0,0,3,1,0,1,0,0,0,14,3,,,1,24,15,10,4,1,0,0,0
CIN190904190,box,1909-04-19,0,CIN06,R,0,SLN,CIN,1,0,1,0,1,,34,2,7,10,1,1,0,,2,,2,0,2,0,0,1,1,0,0,0,9,1,1,0,0,0,1,0,1,0,24,31,23,3,3,4,7,1,1,0,0,4,0,3,0,0,3,1,0,1,0,0,0,0,0,,,1,24,39,24,14,1,0,0,0
CIN190904210,evt,1909-04-21,0,CIN06,R,0,SLN,CIN,1,1,0,0,1,39,28,9,7,7,0,0,0,0,8,,8,0,2,0,0,3,0,1,3,0,3,1,1,0,0,0,1,1,0,1,27,40,37,5,3,9,11,2,0,0,0,3,0,1,1,0,0,0,0,1,0,1,1,18,5,,,1,27,23,13,6,4,1,0,0
CIN190904210,box,1909-04-21,0,CIN06,R,0,SLN,CIN,1,1,0,0,1,,28,9,7,7,0,0,0,,8,,8,0,2,0,0,3,0,1,3,0,3,1,1,0,0,0,1,1,0,1,27,40,37,5,3,9,11,2,0,0,0,3,0,1,1,0,0,0,0,1,0,0,0,0,0,,,1,27,46,27,15,4,1,0,0
SLN190904220,evt,1909-04-22,0,STL05,R,1,SLN,CHN,1,0,1,0,1,36,31,3,7,7,0,0,0,0,2,,5,0,10,0,0,0,0,1,2,0,6,1,1,1,0,0,0,0,1,0,27,38,36,7,3,10,12,2,0,0,0,0,0,2,0,0,2,0,0,0,0,0,0,12,8,,,1,27,47,27,16,4,1,0,0
SLN190904220,box,1909-04-22,0,STL05,R,1,SLN,CHN,1,0,1,0,1,,31,3,7,7,0,0,0,,2,,5,0,10,0,0,0,0,1,2,0,6,1,1,1,0,0,0,0,1,0,27,38,36,7,3,10,12,2,0,0,0,0,0,2,0,0,2,0,0,0,0,0,0,0,0,,,1,27,47,27,16,4,1,0,0
SLN190904230,evt,1909-04-23,0,STL05,R,1,SLN,CHN,1,1,0,0,1,39,32,6,9,10,1,0,0,0,4,,6,0,3,0,0,1,0,0,1,0,9,1,1,1,0,0,0,1,0,0,27,37,34,3,3,9,10,1,0,0,0,2,0,4,0,0,1,0,0,0,0,0,0,9,11,,,1,27,43,27,15,1,0,0,0
SLN190904230,box,1909-04-23,0,STL05,R,1,SLN,CHN,1,1,0,0,1,,32,6,9,10,1,0,0,,4,,6,0,3,0,0,1,0,0,1,0,9,1,1,1,0,0,0,1,0,0,27,37,34,3,3,9,10,1,0,0,0,2,0,4,0,0,1,0,0,0,0,0,0,0,0,,,1,27,43,27,15,1,0,0,0
SLN190904240,evt,1909-04-24,0,STL05,R,1,SLN,CHN,1,0,1,0,1,36,32,1,7,7,0,0,0,0,1,,4,0,2,0,0,0,0,0,2,0,8,1,1,1,0,0,0,0,1,0,27,40,35,5,4,9,11,2,0,0,0,3,0,3,0,1,1,0,0,0,0,0,0,6,14,,,1,27,41,27,9,5,0,0,0
SLN190904240,box,1909-04-24,0,STL05,R,1,SLN,CHN,1,0,1,0,1,,32,1,7,7,0,0,0,,1,,4,0,2,0,0,0,0,0,2,0,8,1,1,1,0,0,0,0,1,0,27,40,35,5,4,9,11,2,0,0,0,3,0,3,0,1,1,0,0,0,0,0,0,0,0,,,1,27,41,27,9,5,0,0,0
SLN190904250,evt,1909-04-25,0,STL05,R,1,SLN,CHN,1,0,1,0,1,37,34,4,10,11,1,0,0,0,4,,3,0,7,0,0,0,0,2,2,0,6,1,1,1,0,0,0,0,1,0,27,37,31,5,2,5,7,0,1,0,0,5,0,2,0,0,1,0,0,0,0,0,0,14,7,,,1,27,50,27,19,4,1,0,0
SLN190904250,box,1909-04-25,0,STL05,R,1,SLN,CHN,1,0,1,0,1,,34,4,10,11,1,0,0,,4,,3,0,7,0,0,0,0,2,2,0,6,1,1,1,0,0,0,0,1,0,27,37,31,5,2,5,7,0,1,0,0,5,0,2,0,0,1,0,0,0,0,0,0,0,0,,,1,27,50,27,19,4,1,0,0
SLN190904260,evt,1909-04-26,0,STL05,R,1,SLN,PIT,1,0,1,0,1,49,41,3,8,9,1,0,0,0,2,,4,0,4,0,3,1,0,4,2,0,10,1,1,0,0,0,1,0,1,0,36,47,47,4,3,11,17,3,0,1,0,0,0,3,0,0,0,0,0,0,0,0,0,10,16,,,1,36,57,36,17,4,1,0,0
SLN190904260,box,1909-04-26,0,STL05,R,1,SLN,PIT,1,0,1,0,1,,41,3,8,9,1,0,0,,2,,4,0,4,0,3,1,0,4,2,0,10,1,1,0,0,0,1,0,1,0,36,47,47,4,3,11,17,3,0,1,0,0,0,3,0,0,0,0,0,0,0,0,0,0,0,,,1,36,57,36,17,4,1,0,0
SLN190904270,evt,1909-04-27,0,STL05,R,1,SLN,PIT,1,0,1,0,1,40,35,6,10,14,2,1,0,0,4,,4,0,5,0,0,0,1,1,2,0,7,1,1,1,0,0,0,0,1,0,27,41,34,7,5,9,11,0,1,0,0,5,0,1,0,0,1,1,0,0,0,0,0,10,14,,,1,27,41,27,13,1,0,0,0
SLN190904270,box,1909-04-27,0,STL05,R,1,SLN,PIT,1,0,1,0,1,,35,6,10,14,2,1,0,,4,,4,0,5,0,0,0,1,1,2,0,7,1,1,1,0,0,0,0,1,0,27,41,34,7,5,9,11,0,1,0,0,5,0,1,0,0,1,1,0,0,0,0,0,0,0,,,1,27,41,27,13,1,0,0,0
SLN190904280,evt,1909-04-28,0,STL05,R,1,SLN,PIT,1,1,0,0,1,36,29,8,13,15,2,0,0,0,6,,3,0,1,1,0,3,1,0,4,0,4,1,1,1,0,0,0,1,0,0,27,37,31,2,0,6,6,0,0,0,0,5,0,2,0,0,1,0,0,0,0,0,0,11,10,,,1,27,45,27,15,3,1,0,0
SLN190904280,box,1909-04-28,0,STL05,R,1,SLN,PIT,1,1,0,0,1,,29,8,13,15,2,0,0,,6,,3,0,1,1,0,3,1,0,4,0,4,1,1,1,0,0,0,1,0,0,27,37,31,2,0,6,6,0,0,0,0,5,0,2,0,0,1,0,0,0,0,0,0,0,0,,,1,27,45,27,15,3,1,0,0
SLN190905010,evt,1909-05-01,0,STL05,R,1,SLN,CIN,1,0,1,0,1,44,34,7,7,11,2,1,0,0,6,,8,0,0,0,0,1,1,3,0,0,10,1,1,0,0,0,1,0,1,0,27,44,33,8,7,8,11,3,0,0,0,8,1,2,0,1,2,0,0,1,0,0,0,21,2,,,1,27,15,9,5,1,0,0,0
SLN190905010,box,1909-05-01,0,STL05,R,1,SLN,CIN,1,0,1,0,1,,34,7,7,11,2,1,0,,6,,8,0,,0,0,1,1,3,0,0,10,1,1,0,0,0,1,0,1,0,27,44,33,8,7,8,11,3,0,0,0,8,1,,0,1,2,0,0,1,0,0,0,0,0,,,1,27,41,27,13,1,0,0,0
SLN190905021,evt,1909-05-02,1,STL05,R,1,SLN,CIN,1,1,0,0,1,38,29,5,8,9,1,0,0,0,5,,8,0,0,0,0,0,1,1,3,0,8,1,1,1,0,0,0,1,0,0,27,35,33,4,0,6,7,1,0,0,0,1,0,1,1,0,1,0,0,0,0,0,0,22,2,,,1,27,13,7,3,3,1,0,0
SLN190905021,box,1909-05-02,1,STL05,R,1,SLN,CIN,1,1,0,0,1,,29,5,8,9,1,0,0,,5,,8,0,,0,0,0,1,1,3,0,8,1,1,1,0,0,0,1,0,0,27,35,33,4,0,6,7,1,0,0,0,1,0,,1,0,1,0,0,0,0,0,0,0,0,,,1,27,42,27,12,3,1,0,0
SLN190905022,evt,1909-05-02,2,STL05,R,1,SLN,CIN,1,0,1,0,1,37,33,8,12,15,3,0,0,0,7,,3,0,0,1,1,0,0,4,1,0,8,1,1,0,0,0,1,0,1,0,21,40,35,13,7,14,19,1,2,0,0,2,0,0,0,1,2,0,0,0,0,0,0,16,0,,,1,21,13,3,3,7,0,0,0
SLN190905022,box,1909-05-02,2,STL05,R,1,SLN,CIN,1,0,1,0,1,,33,8,12,15,3,0,0,,7,,3,0,0,1,1,0,0,4,1,0,8,1,1,0,0,0,1,0,1,0,21,40,35,13,7,14,19,1,2,0,0,2,0,,0,1,2,0,0,0,0,0,0,0,0,,,1,21,43,21,15,7,0,0,0
SLN190905030,evt,1909-05-03,0,STL05,R,1,SLN,CIN,1,1,0,0,1,35,33,5,11,13,2,0,0,0,4,,2,0,2,1,0,0,0,0,2,0,6,1,1,1,0,0,0,1,0,0,27,31,28,3,3,5,8,3,0,0,0,2,0,0,2,0,1,0,0,0,0,0,0,21,2,,,1,27,12,7,4,1,3,0,0
SLN190905030,box,1909-05-03,0,STL05,R,1,SLN,CIN,1,1,0,0,1,,33,5,11,13,2,0,0,,4,,2,0,0,1,0,0,0,0,2,0,6,1,1,1,0,0,0,1,0,0,27,31,28,3,3,5,8,3,0,0,0,2,0,,2,0,1,0,0,0,0,0,0,0,0,,,1,27,41,27,13,1,3,0,0
PIT190905050,evt,1909-05-05,0,PIT05,R,0,SLN,PIT,1,0,1,0,1,40,34,5,10,14,2,1,0,0,5,,3,1,1,1,2,1,0,2,1,0,8,1,1,1,0,0,0,0,1,0,24,36,29,6,2,10,12,0,1,0,0,3,0,4,1,0,3,1,0,0,0,0,0,3,7,,,1,24,43,24,13,6,2,0,0
PIT190905050,box,1909-05-05,0,PIT05,R,0,SLN,PIT,1,0,1,0,1,,34,5,10,14,2,1,0,,5,,3,1,1,1,2,1,0,2,1,0,8,1,1,1,0,0,0,0,1,0,24,36,29,6,2,10,12,0,1,0,0,3,0,4,1,0,3,1,0,0,0,0,0,0,0,,,1,24,43,24,13,6,2,0,0
PIT190905060,evt,1909-05-06,0,PIT05,R,0,SLN,PIT,1,0,1,0,1,46,42,5,7,9,0,1,0,0,3,,4,0,2,0,0,0,0,0,1,0,8,1,1,0,0,0,1,0,1,0,31,46,43,6,3,14,18,4,0,0,0,3,0,1,0,0,0,0,0,1,0,0,0,21,5,,,1,31,29,16,11,2,0,0,0
PIT190905060,box,1909-05-06,0,PIT05,R,0,SLN,PIT,1,0,1,0,1,,42,5,7,9,0,1,0,,3,,4,0,,0,0,0,0,0,1,0,8,1,1,0,0,0,1,0,1,0,31,46,43,6,3,14,18,4,0,0,0,3,0,,0,0,0,0,0,1,0,0,0,0,0,,,1,31,50,31,17,2,0,0,0
PIT190905070,evt,1909-05-07,0,PIT05,R,0,SLN,PIT,1,0,1,0,1,38,36,3,9,10,1,0,0,0,2,,2,0,6,0,0,0,0,1,0,0,8,1,1,0,0,0,1,0,1,0,24,40,35,5,4,15,17,2,0,0,0,4,0,1,2,0,1,0,0,0,0,0,0,11,6,,,1,24,25,17,6,2,2,0,0
PIT190905070,box,1909-05-07,0,PIT05,R,0,SLN,PIT,1,0,1,0,1,,36,3,9,10,1,0,0,,2,,2,0,6,0,0,0,0,1,0,0,8,1,1,0,0,0,1,0,1,0,24,40,35,5,4,15,17,2,0,0,0,4,0,1,2,0,1,0,0,0,0,0,0,0,0,,,1,24,37,24,11,2,2,0,0
PIT190905080,evt,1909-05-08,0,PIT05,R,0,SLN,PIT,1,1,0,0,1,42,35,8,9,11,0,1,0,0,6,,3,0,3,0,4,0,0,1,1,0,7,1,1,1,1,0,0,1,0,0,27,33,30,0,0,6,6,0,0,0,0,2,0,4,0,0,1,0,0,0,0,0,0,6,14,,,1,27,37,27,10,0,0,0,0
PIT190905080,box,1909-05-08,0,PIT05,R,0,SLN,PIT,1,1,0,0,1,,35,8,9,11,0,1,0,,6,,3,0,3,0,4,0,0,1,1,0,7,1,1,1,1,0,0,1,0,0,27,33,30,0,0,6,6,0,0,0,0,2,0,4,0,0,1,0,0,0,0,0,0,0,0,,,1,27,37,27,10,0,0,0,0
CHN190905090,evt,1909-05-09,0,CHI08,R,0,SLN,CHN,1,1,0,0,1,43,34,5,8,10,2,0,0,0,5,,7,0,5,0,1,1,0,1,1,0,11,1,1,1,0,0,0,1,0,0,27,35,32,2,2,5,6,1,0,0,0,3,0,5,1,0,0,0,0,0,0,0,0,19,1,,,1,27,29,18,10,1,1,0,0
CHN190905090,box,1909-05-09,0,CHI08,R,0,SLN,CHN,1,1,0,0,1,,34,5,8,10,2,0,0,,5,,7,0,5,0,1,1,0,1,1,0,11,1,1,1,0,0,0,1,0,0,27,35,32,2,2,5,6,1,0,0,0,3,0,5,1,0,0,0,0,0,0,0,0,0,0,,,1,27,44,27,16,1,1,0,0
BRO190905110,evt,1909-05-11,0,NYC12,R,0,SLN,BRO,1,0,1,0,1,32,27,1,3,4,1,0,0,0,0,,5,0,6,2,0,0,0,0,1,0,4,1,1,1,0,0,0,0,1,0,25,34,31,2,2,7,12,3,1,0,0,3,0,3,0,0,0,0,0,0,0,0,0,9,12,,,1,25,33,25,7,1,1,0,0
BRO190905110,box,1909-05-11,0,NYC12,R,0,SLN,BRO,1,0,1,0,1,,27,1,3,4,1,0,0,,0,,5,0,6,2,0,0,0,0,1,0,4,1,1,1,0,0,0,0,1,0,25,34,31,2,2,7,12,3,1,0,0,3,0,3,0,0,0,0,0,0,0,0,0,0,0,,,1,25,33,25,7,1,1,0,0
BRO190905120,evt,1909-05-12,0,NYC12,R,0,SLN,BRO,1,1,0,0,1,46,37,10,13,15,0,1,0,0,8,,7,0,5,0,0,2,0,3,2,0,9,1,1,1,1,0,0,1,0,0,27,30,28,0,0,2,3,1,0,0,0,2,0,2,0,0,0,0,0,0,0,0,0,12,12,,,1,27,39,27,12,0,0,0,0
BRO190905120,box,1909-05-12,0,NYC12,R,0,SLN,BRO,1,1,0,0,1,,37,10,13,15,0,1,0,,8,,7,0,5,0,0,2,0,3,2,0,9,1,1,1,1,0,0,1,0,0,27,30,28,0,0,2,3,1,0,0,0,2,0,2,0,0,0,0,0,0,0,0,0,0,0,,,1,27,39,27,12,0,0,0,0
BRO190905130,evt,1909-05-13,0,NYC12,R,0,SLN,BRO,1,0,1,0,1,35,28,1,4,4,0,0,0,0,1,,6,0,9,1,0,0,1,0,1,0,7,1,1,1,0,0,0,0,1,0,24,32,31,2,2,6,11,0,1,1,0,1,0,1,0,0,0,0,0,0,0,0,0,12,11,,,1,24,35,24,10,1,0,0,0
BRO190905130,box,1909-05-13,0,NYC12,R,0,SLN,BRO,1,0,1,0,1,,28,1,4,4,0,0,0,,1,,6,0,9,1,0,0,1,0,1,0,7,1,1,1,0,0,0,0,1,0,24,32,31,2,2,6,11,0,1,1,0,1,0,1,0,0,0,0,0,0,0,0,0,0,0,,,1,24,35,24,10,1,0,0,0
BRO190905140,evt,1909-05-14,0,NYC12,R,0,SLN,BRO,1,0,1,0,1,36,30,4,6,6,0,0,0,0,2,,5,0,1,0,0,0,1,0,2,0,5,1,1,0,0,0,1,0,1,0,24,41,30,10,9,10,16,1,1,1,0,7,0,2,0,0,3,1,0,1,0,0,0,6,12,,,1,24,34,24,9,1,0,0,0
BRO190905140,box,1909-05-14,0,NYC12,R,0,SLN,BRO,1,0,1,0,1,,30,4,6,6,0,0,0,,2,,5,0,1,0,0,0,1,0,2,0,5,1,1,0,0,0,1,0,1,0,24,41,30,10,9,10,16,1,1,1,0,7,0,2,0,0,3,1,0,1,0,0,0,0,0,,,1,24,34,24,9,1,0,0,0
BSN190905150,evt,1909-05-15,0,BOS05,R,0,SLN,BSN,1,1,0,0,1,42,34,5,8,9,1,0,0,0,4,,8,0,3,0,0,0,0,1,0,0,10,1,1,1,0,0,0,1,0,0,27,38,36,3,1,9,9,0,0,0,0,0,0,4,0,1,0,1,0,0,0,0,0,12,11,,,1,27,38,27,10,1,0,0,0
BSN190905150,box,1909-05-15,0,BOS05,R,0,SLN,BSN,1,1,0,0,1,,34,5,8,9,1,0,0,,4,,8,0,3,0,0,0,0,1,0,0,10,1,1,1,0,0,0,1,0,0,27,38,36,3,1,9,9,0,0,0,0,0,0,4,0,1,0,1,0,0,0,0,0,0,0,,,1,27,38,27,10,1,0,0,0
BSN190905170,evt,1909-05-17,0,BOS05,R,0,SLN,BSN,1,1,0,0,1,39,31,6,7,12,2,0,1,0,6,,6,0,2,1,0,2,0,2,2,0,6,1,1,1,0,0,0,1,0,0,27,35,28,1,1,3,4,1,0,0,0,5,0,4,2,1,1,0,0,0,0,0,0,12,7,,,1,27,44,27,14,3,2,0,0
BSN190905170,box,1909-05-17,0,BOS05,R,0,SLN,BSN,1,1,0,0,1,,31,6,7,12,2,0,1,,6,,6,0,2,1,0,2,0,2,2,0,6,1,1,1,0,0,0,1,0,0,27,35,28,1,1,3,4,1,0,0,0,5,0,4,2,1,1,0,0,0,0,0,0,0,0,,,1,27,44,27,14,3,2,0,0
BSN190905180,evt,1909-05-18,0,BOS05,R,0,SLN,BSN,1,1,0,0,1,39,29,3,4,4,0,0,0,0,3,,9,0,8,0,0,0,1,0,0,0,9,1,1,1,0,0,0,1,0,0,27,34,31,1,1,4,5,1,0,0,0,2,0,3,0,0,1,0,0,0,0,0,0,14,8,,,1,27,42,27,13,2,0,0,0
BSN190905180,box,1909-05-18,0,BOS05,R,0,SLN,BSN,1,1,0,0,1,,29,3,4,4,0,0,0,,3,,9,0,8,0,0,0,1,0,0,0,9,1,1,1,0,0,0,1,0,0,27,34,31,1,1,4,5,1,0,0,0,2,0,3,0,0,1,0,0,0,0,0,0,0,0,,,1,27,42,27,13,2,0,0,0
BSN190905190,evt,1909-05-19,0,BOS05,R,0,SLN,BSN,1,1,0,0,1,35,32,2,10,10,0,0,0,0,2,,2,0,4,3,0,1,0,0,0,0,6,1,1,1,1,0,0,1,0,0,27,32,31,0,0,5,5,0,0,0,0,1,0,1,2,0,0,0,0,0,0,0,0,14,10,,,1,27,42,26,14,2,2,0,0
BSN190905190,box,1909-05-19,0,BOS05,R,0,SLN,BSN,1,1,0,0,1,,32,2,10,10,0,0,0,,2,,2,0,4,3,0,1,0,0,0,0,6,1,1,1,1,0,0,1,0,0,27,32,31,0,0,5,5,0,0,0,0,1,0,1,2,0,0,0,0,0,0,0,0,0,0,,,1,27,42,26,14,2,2,0,0
PHI190905200,evt,1909-05-20,0,PHI09,R,0,SLN,PHI,1,0,1,0,1,40,34,1,8,11,1,1,0,0,1,,6,0,9,0,0,0,0,1,1,0,12,1,1,0,0,0,1,0,1,0,24,37,32,5,1,10,13,1,1,0,0,5,0,2,0,0,0,0,0,1,0,0,0,6,14,,,1,24,34,24,9,1,1,0,0
PHI190905200,box,1909-05-20,0,PHI09,R,0,SLN,PHI,1,0,1,0,1,,34,1,8,11,1,1,0,,1,,6,0,9,0,0,0,0,1,1,0,12,1,1,0,0,0,1,0,1,0,24,37,32,5,1,10,13,1,1,0,0,5,0,2,0,0,0,0,0,1,0,0,0,0,0,,,1,24,33,24,8,1,1,0,0
NY1190905240,evt,1909-05-24,0,NYC10,R,0,SLN,NY1,1,1,0,0,1,36,32,3,6,7,1,0,0,0,2,,4,0,6,0,0,0,0,2,3,0,6,1,1,1,0,0,0,1,0,0,27,40,32,1,0,7,7,0,0,0,0,4,0,0,0,1,2,1,0,1,0,0,0,10,13,,,1,27,42,27,12,3,1,0,0
NY1190905240,box,1909-05-24,0,NYC10,R,0,SLN,NY1,1,1,0,0,1,,32,3,6,7,1,0,0,,2,,4,0,6,0,0,0,0,2,3,0,6,1,1,1,0,0,0,1,0,0,27,40,32,1,0,7,7,0,0,0,0,4,0,0,0,1,2,1,0,1,0,0,0,0,0,,,1,27,42,27,12,3,1,0,0
NY1190905250,evt,1909-05-25,0,NYC10,R,0,SLN,NY1,1,0,1,0,1,34,31,0,5,5,0,0,0,0,0,,2,0,8,0,0,1,0,1,1,0,7,1,1,1,0,0,0,0,1,0,24,33,30,1,1,6,8,0,1,0,0,3,0,2,0,0,0,0,0,1,0,0,0,7,12,,,1,24,36,24,11,1,0,0,0
NY1190905250,box,1909-05-25,0,NYC10,R,0,SLN,NY1,1,0,1,0,1,,31,0,5,5,0,0,0,,0,,2,0,3,0,0,1,0,1,1,0,7,1,1,1,0,0,0,0,1,0,24,33,30,1,1,6,8,0,1,0,0,3,0,2,0,0,0,0,0,1,0,0,0,0,0,,,1,24,36,24,11,1,0,0,0
NY1190905260,evt,1909-05-26,0,NYC10,R,0,SLN,NY1,1,0,1,0,1,37,33,2,7,8,1,0,0,0,2,,3,0,3,0,0,0,1,0,1,0,8,1,1,0,0,0,1,0,1,0,24,37,27,8,7,8,17,3,0,2,0,8,0,3,0,0,1,1,0,0,0,1,0,5,9,,,1,24,43,24,16,3,1,0,0
NY1190905260,box,1909-05-26,0,NYC10,R,0,SLN,NY1,1,0,1,0,1,,33,2,7,8,1,0,0,,2,,3,0,3,0,0,0,1,0,1,0,8,1,1,0,0,0,1,0,1,0,24,37,27,8,7,8,17,3,0,2,0,8,0,3,0,0,1,1,0,0,0,0,0,0,0,,,1,24,43,24,16,3,1,0,0
CIN190905291,evt,1909-05-29,1,CIN06,R,0,SLN,CIN,1,1,0,0,1,42,32,4,8,10,2,0,0,0,4,,9,0,5,0,0,1,0,1,2,0,11,1,1,1,0,0,0,1,0,0,27,35,31,2,0,5,5,0,0,0,0,3,0,4,1,0,1,0,0,1,0,0,0,19,0,,,1,27,13,8,2,3,1,0,0
CIN190905291,box,1909-05-29,1,CIN06,R,0,SLN,CIN,1,1,0,0,1,,32,4,8,10,2,0,0,,4,,9,0,3,0,0,1,0,1,2,0,11,1,1,1,0,0,0,1,0,0,27,35,31,2,0,5,5,0,0,0,0,3,0,4,1,0,1,0,0,1,0,0,0,0,0,,,1,27,43,27,13,3,1,0,0
CIN190905292,evt,1909-05-29,2,CIN06,R,0,SLN,CIN,1,0,1,0,1,43,38,2,10,10,0,0,0,0,1,,3,0,2,0,2,0,0,1,0,0,14,1,1,0,0,0,1,0,1,0,24,40,32,11,11,14,20,2,2,0,0,4,0,1,0,1,2,1,0,0,0,1,1,15,3,,,1,24,7,4,1,2,0,0,0
CIN190905292,box,1909-05-29,2,CIN06,R,0,SLN,CIN,1,0,1,0,1,,38,2,10,10,0,0,0,,1,,3,0,2,0,2,0,0,1,0,0,14,1,1,0,0,0,1,0,1,0,24,40,32,11,11,14,20,2,2,0,0,4,0,1,0,1,2,1,0,0,0,0,0,0,0,,,1,24,43,24,17,2,0,0,0
CIN190905300,evt,1909-05-30,0,CIN06,R,0,SLN,CIN,1,1,0,0,1,44,38,12,11,15,2,1,0,0,11,,5,1,1,0,0,1,0,3,1,0,5,1,1,1,0,0,0,1,0,0,27,38,34,2,0,6,6,0,0,0,0,2,0,0,1,2,0,0,0,0,0,0,0,26,0,,,1,27,14,6,5,3,1,0,0
CIN190905300,box,1909-05-30,0,CIN06,R,0,SLN,CIN,1,1,0,0,1,,38,12,11,15,2,1,0,,11,,5,1,1,0,0,1,0,3,1,0,5,1,1,1,0,0,0,1,0,0,27,38,34,2,0,6,6,0,0,0,0,2,0,0,1,2,0,0,0,0,0,0,0,0,0,,,1,27,40,27,10,3,1,0,0
PIT190905311,evt,1909-05-31,1,PIT05,R,0,SLN,PIT,1,0,1,0,1,35,34,4,10,13,1,1,0,0,4,,1,0,4,0,0,0,0,0,1,0,4,1,1,1,0,0,0,0,1,0,24,36,32,5,3,9,13,0,2,0,0,2,1,4,0,1,1,0,0,0,0,0,0,6,12,,,1,24,35,24,10,1,0,0,0
PIT190905311,box,1909-05-31,1,PIT05,R,0,SLN,PIT,1,0,1,0,1,,34,4,10,13,1,1,0,,4,,1,0,4,0,0,0,0,0,1,0,4,1,1,1,0,0,0,0,1,0,24,36,32,5,3,9,13,0,2,0,0,2,1,4,0,1,1,0,0,0,0,0,0,0,0,,,1,24,35,24,10,1,0,0,0
PIT190905312,evt,1909-05-31,2,PIT05,R,0,SLN,PIT,1,0,1,0,1,35,33,2,9,12,3,0,0,0,2,,2,0,3,0,0,0,0,1,0,0,6,1,1,1,0,0,0,0,1,0,24,37,29,4,2,8,10,0,1,0,0,5,0,5,1,1,2,0,0,0,0,0,0,12,2,,,1,24,25,15,7,3,2,0,0
PIT190905312,box,1909-05-31,2,PIT05,R,0,SLN,PIT,1,0,1,0,1,,33,2,9,12,3,0,0,,2,,2,0,3,0,0,0,0,1,0,0,6,1,1,1,0,0,0,0,1,0,24,37,29,4,2,8,10,0,1,0,0,5,0,5,1,1,2,0,0,0,0,0,0,0,0,,,1,24,37,24,10,3,2,0,0
SLN190906050,box,1909-06-05,0,STL05,R,1,SLN,NY1,1,0,1,0,1,,38,7,12,15,1,1,0,,6,,7,0,,1,0,2,0,1,1,0,13,1,1,0,0,0,1,0,1,0,27,47,41,8,2,12,15,1,1,0,0,5,0,3,1,0,0,1,0,0,0,0,0,0,0,,,1,27,46,27,12,7,1,0,0
SLN190906050,ded,1909-06-05,0,STL05,R,1,SLN,NY1,1,0,1,0,1,47,38,7,12,15,1,1,0,0,6,,7,0,0,1,0,2,0,1,1,0,13,1,1,0,0,0,1,0,1,0,27,47,41,8,2,12,15,1,1,0,0,5,0,3,1,0,0,1,0,0,0,0,0,18,3,,,1,27,18,9,2,7,1,0,0
SLN190906060,box,1909-06-06,0,STL05,R,1,SLN,NY1,1,0,1,0,1,,29,1,4,4,0,0,0,,1,,4,0,,1,1,0,0,1,0,0,6,1,1,0,0,0,1,0,1,0,27,45,38,12,9,12,15,1,1,0,0,3,0,,0,2,0,2,0,0,0,0,0,0,0,,,1,27,47,27,16,4,0,0,0
SLN190906060,ded,1909-06-06,0,STL05,R,1,SLN,NY1,1,0,1,0,1,34,29,1,4,4,0,0,0,0,1,,4,0,3,1,1,0,0,1,0,0,6,1,1,0,0,0,1,0,1,0,27,45,38,12,9,12,15,1,1,0,0,3,0,0,0,2,0,2,0,0,0,1,0,22,3,,,1,27,8,2,2,4,0,0,0
SLN190906070,evt,1909-06-07,0,STL05,R,1,SLN,BRO,1,0,1,0,1,31,29,0,6,6,0,0,0,0,0,,2,0,6,2,0,0,0,1,1,0,4,1,1,0,0,0,1,0,1,0,27,34,31,2,2,6,7,1,0,0,0,2,0,5,1,0,1,0,0,1,0,0,0,10,7,,,1,27,43,27,15,1,1,0,0
SLN190906070,box,1909-06-07,0,STL05,R,1,SLN,BRO,1,0,1,0,1,,29,0,6,6,0,0,0,,0,,2,0,6,2,0,0,0,1,1,0,4,1,1,0,0,0,1,0,1,0,27,34,31,2,2,6,7,1,0,0,0,2,0,5,1,0,1,0,0,1,0,0,0,0,0,,,1,27,43,27,15,1,1,0,0
SLN190906080,evt,1909-06-08,0,STL05,R,1,SLN,BRO,1,1,0,0,1,38,30,7,11,14,1,1,0,0,7,,6,0,3,0,1,1,0,2,3,0,7,1,1,1,0,0,0,1,0,0,27,34,30,1,1,3,3,0,0,0,0,3,0,1,0,0,1,0,0,0,0,0,0,19,6,,,1,27,27,17,8,2,0,0,0
SLN190906080,box,1909-06-08,0,STL05,R,1,SLN,BRO,1,1,0,0,1,,30,7,11,14,1,1,0,,7,,6,0,3,0,1,1,0,2,3,0,7,1,1,1,0,0,0,1,0,0,27,34,30,1,1,3,3,0,0,0,0,3,0,,0,0,1,0,0,0,0,0,0,0,0,,,1,27,41,27,12,2,0,0,0
SLN190906090,evt,1909-06-09,0,STL05,R,1,SLN,BRO,1,1,0,0,1,38,34,4,11,14,3,0,0,0,3,,3,0,3,1,1,0,0,2,0,0,10,1,1,0,0,0,1,1,0,0,27,36,31,3,2,7,9,2,0,0,0,3,0,2,0,0,2,0,0,1,0,0,0,15,6,,,1,27,35,21,13,1,1,0,0
SLN190906090,box,1909-06-09,0,STL05,R,1,SLN,BRO,1,1,0,0,1,,34,4,11,14,3,0,0,,3,,3,0,3,1,1,0,0,2,0,0,10,1,1,0,0,0,1,1,0,0,27,36,31,3,2,7,9,2,0,0,0,3,0,2,0,0,2,0,0,1,0,0,0,0,0,,,1,27,46,27,18,1,1,0,0
SLN190906110,evt,1909-06-11,0,STL05,R,1,SLN,PHI,1,0,1,0,1,32,28,0,3,3,0,0,0,0,0,,3,0,6,0,1,0,0,1,2,0,5,1,1,1,0,0,0,0,1,0,27,35,32,4,4,10,14,2,1,0,0,0,0,4,0,0,2,1,0,1,0,0,0,11,8,,,1,27,47,27,18,2,0,0,0
SLN190906110,box,1909-06-11,0,STL05,R,1,SLN,PHI,1,0,1,0,1,,28,0,3,3,0,0,0,,0,,3,0,6,0,1,0,0,1,2,0,5,1,1,1,0,0,0,0,1,0,27,35,32,4,4,10,14,2,1,0,0,0,0,4,0,0,2,1,0,1,0,0,0,0,0,,,1,27,47,27,18,2,0,0,0
SLN190906120,evt,1909-06-12,0,STL05,R,1,SLN,PHI,1,0,1,0,1,31,27,2,2,2,0,0,0,0,0,,4,0,3,1,0,0,0,0,1,0,2,1,1,0,0,0,1,0,1,0,27,41,35,3,3,10,11,1,0,0,0,5,0,3,0,0,1,0,0,0,0,0,0,15,7,,,1,27,31,21,10,0,0,0,0
SLN190906120,box,1909-06-12,0,STL05,R,1,SLN,PHI,1,0,1,0,1,,27,2,2,2,0,0,0,,0,,4,0,,1,0,0,0,0,1,0,2,1,1,0,0,0,1,0,1,0,27,41,35,3,3,10,11,1,0,0,0,5,0,3,0,0,1,0,0,0,0,0,0,0,0,,,1,27,40,27,13,0,0,0,0
SLN190906130,evt,1909-06-13,0,STL05,R,1,SLN,PHI,1,0,1,0,1,42,38,4,12,13,1,0,0,0,4,,3,0,3,1,1,0,0,0,0,0,11,1,1,0,0,0,1,0,1,0,27,45,40,10,9,15,22,3,2,0,0,2,0,3,0,0,3,0,0,0,0,2,1,15,5,,,1,27,14,10,2,2,1,0,0
SLN190906130,box,1909-06-13,0,STL05,R,1,SLN,PHI,1,0,1,0,1,,38,4,12,13,1,0,0,,4,,3,0,3,1,1,0,0,0,0,0,11,1,1,0,0,0,1,0,1,0,27,45,40,10,9,15,22,3,2,0,0,2,0,3,0,0,3,0,0,0,0,0,0,0,0,,,1,27,41,27,12,2,1,0,0
SLN190906140,evt,1909-06-14,0,STL05,R,1,SLN,PHI,1,0,1,0,1,39,31,1,5,5,0,0,0,0,1,,5,0,4,0,3,0,0,1,1,0,11,1,1,0,0,0,1,0,1,0,27,41,32,7,7,10,14,2,1,0,0,3,0,2,0,1,3,2,0,1,0,0,0,12,9,,,1,27,29,21,8,0,0,0,0
SLN190906140,box,1909-06-14,0,STL05,R,1,SLN,PHI,1,0,1,0,1,,31,1,5,5,0,0,0,,1,,5,0,,0,3,0,0,1,1,0,11,1,1,0,0,0,1,0,1,0,27,41,32,7,7,10,14,2,1,0,0,3,0,0,0,1,3,2,0,1,0,0,0,0,0,,,1,27,39,27,12,0,0,0,0
SLN190906160,box,1909-06-16,0,STL05,R,1,SLN,BSN,1,1,0,0,1,,34,6,13,13,0,0,0,,6,,4,0,2,0,0,2,0,1,1,0,10,1,1,1,0,0,0,1,0,0,27,41,35,3,0,5,5,0,0,0,0,5,0,,0,0,1,0,0,0,0,0,0,0,0,,,1,27,50,27,18,5,0,0,0
SLN190906160,ded,1909-06-16,0,STL05,R,1,SLN,BSN,1,1,0,0,1,40,34,6,13,13,0,0,0,0,6,,4,0,2,0,0,2,0,1,1,0,10,1,1,1,0,0,0,1,0,0,27,41,35,3,0,5,5,0,0,0,0,5,0,0,0,0,1,0,0,0,0,0,0,25,1,,,1,27,11,3,3,5,0,0,0
SLN190906170,evt,1909-06-17,0,STL05,R,1,SLN,BSN,1,1,0,0,1,33,28,4,9,11,2,0,0,0,4,,2,0,1,1,1,2,0,2,0,0,5,1,1,1,0,0,0,1,0,0,27,36,32,3,2,8,10,0,1,0,0,1,0,1,0,0,3,0,0,0,0,0,0,19,2,,,1,27,14,6,6,2,1,0,0
SLN190906170,box,1909-06-17,0,STL05,R,1,SLN,BSN,1,1,0,0,1,,28,4,9,11,2,0,0,,4,,2,0,,1,1,2,0,2,0,0,5,1,1,1,0,0,0,1,0,0,27,36,32,3,2,8,10,0,1,0,0,1,0,,0,0,3,0,0,0,0,0,0,0,0,,,1,27,48,27,19,2,1,0,0
SLN190906190,evt,1909-06-19,0,STL05,R,1,SLN,BSN,1,1,0,0,1,38,33,6,10,16,2,2,0,0,6,,2,0,0,0,1,2,0,2,0,0,8,1,1,1,0,0,0,1,0,0,27,32,31,4,1,3,4,1,0,0,0,1,0,0,1,0,0,0,0,0,0,0,0,25,1,,,1,27,5,3,1,1,1,0,0
SLN190906190,box,1909-06-19,0,STL05,R,1,SLN,BSN,1,1,0,0,1,,33,6,10,16,2,2,0,,6,,2,0,,0,1,2,0,2,0,0,8,1,1,1,0,0,0,1,0,0,27,32,31,4,1,3,4,1,0,0,0,1,0,,1,0,0,0,0,0,0,0,0,0,0,,,1,27,42,27,14,1,1,0,0
SLN190906200,evt,1909-06-20,0,STL05,R,1,SLN,BSN,1,1,0,0,1,39,38,8,15,22,5,1,0,0,8,,0,0,1,0,1,0,0,2,1,0,7,1,1,1,0,0,0,1,0,0,27,36,34,3,3,8,9,1,0,0,0,1,0,0,0,0,0,1,0,0,0,0,0,25,1,,,1,27,5,3,1,1,0,0,0
SLN190906200,box,1909-06-20,0,STL05,R,1,SLN,BSN,1,1,0,0,1,,38,8,15,22,5,1,0,,8,,0,0,,0,1,0,0,2,1,0,7,1,1,1,0,0,0,1,0,0,27,36,34,3,3,8,9,1,0,0,0,1,0,,0,0,0,1,0,0,0,0,0,0,0,,,1,27,39,27,11,1,0,0,0
SLN190906230,evt,1909-06-23,0,STL05,R,1,SLN,PIT,1,0,1,0,1,32,29,1,4,5,1,0,0,0,1,,3,0,0,0,0,0,0,0,1,0,4,1,1,0,0,0,1,0,1,0,27,37,31,3,2,7,9,2,0,0,0,4,1,2,1,0,2,0,0,0,0,0,0,17,4,,,1,27,13,9,2,2,1,0,0
SLN190906230,box,1909-06-23,0,STL05,R,1,SLN,PIT,1,0,1,0,1,,29,1,4,5,1,0,0,,1,,3,0,,0,0,0,0,0,1,0,4,1,1,0,0,0,1,0,1,0,27,37,31,3,2,7,9,2,0,0,0,4,1,2,1,0,2,0,0,0,0,0,0,0,0,,,1,27,42,27,13,2,1,0,0
SLN190906240,box,1909-06-24,0,STL05,R,1,SLN,PIT,1,0,1,0,1,,28,2,4,7,1,1,0,,2,,4,0,,1,1,0,0,1,2,0,4,1,1,0,0,0,1,0,1,0,27,38,33,3,2,12,14,2,0,0,0,4,0,,1,0,1,0,0,0,0,0,0,0,0,,,1,27,43,27,15,1,1,0,0
SLN190906240,ded,1909-06-24,0,STL05,R,1,SLN,PIT,1,0,1,0,1,33,28,2,4,7,1,1,0,0,2,,4,0,1,1,1,0,0,1,2,0,4,1,1,0,0,0,1,0,1,0,27,38,33,3,2,12,14,2,0,0,0,4,0,0,1,0,1,0,0,0,0,0,0,17,3,,,1,27,17,9,7,1,1,0,0
SLN190906260,box,1909-06-26,0,STL05,R,1,SLN,PIT,1,0,1,0,1,,40,5,10,14,2,1,0,,5,,5,0,,0,0,2,0,2,2,0,9,1,1,0,0,0,1,0,1,0,33,47,45,6,4,13,18,3,1,0,0,1,0,,1,1,0,0,0,0,0,0,0,0,0,,,1,33,46,33,10,3,2,0,0
SLN190906260,ded,1909-06-26,0,STL05,R,1,SLN,PIT,1,0,1,0,1,47,40,5,10,14,2,1,0,0,5,,5,0,2,0,0,2,0,2,2,0,9,1,1,0,0,0,1,0,1,0,33,47,45,6,4,13,18,3,1,0,0,1,0,2,1,1,0,0,0,0,0,1,1,18,10,,,1,33,25,17,5,3,2,0,0
SLN190906271,evt,1909-06-27,1,STL05,R,1,SLN,PIT,1,1,0,0,1,40,34,8,8,10,2,0,0,0,6,,3,0,1,0,3,0,0,1,1,0,8,1,1,1,0,0,0,1,0,0,27,41,39,5,3,12,14,2,0,0,0,1,0,1,1,1,0,0,0,0,0,0,0,22,2,,,1,27,9,5,2,2,1,0,0
SLN190906271,box,1909-06-27,1,STL05,R,1,SLN,PIT,1,1,0,0,1,,34,8,8,10,2,0,0,,6,,3,0,1,0,3,0,0,1,1,0,8,1,1,1,0,0,0,1,0,0,27,41,39,5,3,12,14,2,0,0,0,1,0,,1,1,0,0,0,0,0,0,0,0,0,,,1,27,41,27,12,2,1,0,0
SLN190906272,evt,1909-06-27,2,STL05,R,1,SLN,PIT,1,0,1,0,1,36,34,1,7,8,1,0,0,0,1,,2,0,1,0,0,0,0,2,0,0,8,1,1,0,0,0,1,0,1,0,27,44,38,7,6,14,17,1,1,0,0,2,0,1,0,1,2,1,0,0,0,0,0,22,1,,,1,27,7,3,2,2,0,0,0
SLN190906272,box,1909-06-27,2,STL05,R,1,SLN,PIT,1,0,1,0,1,,34,1,7,8,1,0,0,,1,,2,0,,0,0,0,0,2,0,0,8,1,1,0,0,0,1,0,1,0,27,44,38,7,6,14,17,1,1,0,0,2,0,,0,1,2,1,0,0,0,0,0,0,0,,,1,27,42,27,13,2,0,0,0
SLN190906300,evt,1909-06-30,0,STL05,R,1,SLN,CIN,1,0,1,0,1,36,32,2,8,9,1,0,0,0,2,,3,0,1,0,0,1,0,0,1,0,7,1,1,1,0,0,0,0,1,0,27,35,32,3,3,6,8,0,1,0,0,3,0,3,0,0,0,0,0,0,1,0,0,14,8,,,1,27,19,15,4,0,0,0,0
SLN190906300,box,1909-06-30,0,STL05,R,1,SLN,CIN,1,0,1,0,1,,32,2,8,9,1,0,0,,2,,3,0,,0,0,1,0,0,1,0,7,1,1,1,0,0,0,0,1,0,27,35,32,3,3,6,8,0,1,0,0,3,0,3,0,0,0,0,0,0,1,0,0,0,0,,,1,27,40,27,13,0,0,0,0
SLN190907020,evt,1909-07-02,0,STL05,R,1,SLN,CIN,1,1,0,0,1,41,38,5,13,16,0,0,1,0,4,,3,0,2,2,0,0,0,2,1,0,8,1,1,1,0,0,0,1,0,0,30,39,35,4,2,5,10,0,1,1,0,3,0,1,1,1,0,0,0,0,0,0,0,24,3,,,1,30,18,9,5,4,1,0,0
SLN190907020,box,1909-07-02,0,STL05,R,1,SLN,CIN,1,1,0,0,1,,38,5,13,16,0,0,1,,4,,3,0,,2,0,0,0,2,1,0,8,1,1,1,0,0,0,1,0,0,30,39,35,4,2,5,10,0,1,1,0,3,0,,1,1,0,0,0,0,0,0,0,0,0,,,1,30,47,30,13,4,1,0,0
SLN190907031,evt,1909-07-03,1,STL05,R,1,SLN,CIN,1,0,1,0,1,37,33,2,7,7,0,0,0,0,1,,3,0,2,0,1,0,0,2,0,0,8,1,1,0,0,0,1,0,1,0,27,44,39,10,6,13,16,1,1,0,0,4,0,3,0,0,1,0,0,1,0,2,2,17,3,,,1,27,11,5,0,6,0,0,0
SLN190907031,box,1909-07-03,1,STL05,R,1,SLN,CIN,1,0,1,0,1,,33,2,7,7,0,0,0,,1,,3,0,,0,1,0,0,2,0,0,8,1,1,0,0,0,1,0,1,0,27,44,39,10,6,13,16,1,1,0,0,4,0,,0,0,1,0,0,1,0,0,0,0,0,,,1,27,47,27,14,6,0,0,0
SLN190907032,evt,1909-07-03,2,STL05,R,1,SLN,CIN,1,0,1,0,1,43,39,7,12,15,1,1,0,0,7,,4,0,0,0,0,0,0,0,1,0,9,1,1,0,0,0,1,0,1,0,27,51,44,13,6,15,17,2,0,0,0,5,0,3,1,0,2,0,0,1,0,1,0,18,2,,,1,27,24,9,4,11,1,0,0
SLN190907032,box,1909-07-03,2,STL05,R,1,SLN,CIN,1,0,1,0,1,,39,7,12,15,1,1,0,,7,,4,0,,0,0,0,0,0,1,0,9,1,1,0,0,0,1,0,1,0,27,51,44,13,6,15,17,2,0,0,0,5,0,,1,0,2,0,0,1,0,0,0,0,0,,,1,27,48,27,10,11,1,0,0
CHN190907040,evt,1909-07-04,0,CHI08,R,0,SLN,CHN,1,1,0,0,1,37,30,3,5,6,1,0,0,0,3,,5,0,5,0,0,2,0,0,2,0,7,1,1,1,0,0,0,1,0,0,27,35,27,2,1,3,5,0,1,0,0,6,0,3,0,0,0,2,0,0,0,0,0,15,8,,,1,27,22,16,5,1,0,0,0
CHN190907040,box,1909-07-04,0,CHI08,R,0,SLN,CHN,1,1,0,0,1,,30,3,5,6,1,0,0,,3,,5,0,5,0,0,2,0,0,2,0,7,1,1,1,0,0,0,1,0,0,27,35,27,2,1,3,5,0,1,0,0,6,0,3,0,0,0,2,0,0,0,0,0,0,0,,,1,27,39,27,11,1,0,0,0
CHN190907060,evt,1909-07-06,0,CHI08,R,0,SLN,CHN,1,0,1,0,1,32,32,1,4,4,0,0,0,0,1,,0,0,2,1,0,0,0,0,0,0,4,1,1,1,0,0,0,0,1,0,24,39,33,4,4,10,15,1,2,0,0,4,0,2,0,1,1,0,0,1,0,0,0,10,8,,,1,24,40,24,15,1,0,0,0
CHN190907060,box,1909-07-06,0,CHI08,R,0,SLN,CHN,1,0,1,0,1,,32,1,4,4,0,0,0,,1,,0,0,2,1,0,0,0,0,0,0,4,1,1,1,0,0,0,0,1,0,24,39,33,4,4,10,15,1,2,0,0,4,0,2,0,1,1,0,0,1,0,0,0,0,0,,,1,24,40,24,15,1,0,0,0
BSN190907080,evt,1909-07-08,0,BOS05,R,0,SLN,BSN,1,0,1,0,1,43,34,6,10,12,2,0,0,0,5,,7,0,3,0,0,1,1,0,1,0,10,1,1,0,0,0,1,0,1,0,24,45,37,10,5,16,19,1,1,0,0,6,0,2,0,0,2,0,0,0,0,0,0,10,5,,,1,24,47,24,17,6,2,0,0
BSN190907080,box,1909-07-08,0,BOS05,R,0,SLN,BSN,1,0,1,0,1,,34,6,10,12,2,0,0,,5,,7,0,3,0,0,1,1,0,1,0,10,1,1,0,0,0,1,0,1,0,24,45,37,10,5,16,19,1,1,0,0,6,0,2,0,0,2,0,0,0,0,0,0,0,0,,,1,24,47,24,17,6,2,0,0
BSN190907090,evt,1909-07-09,0,BOS05,R,0,SLN,BSN,1,0,1,0,1,34,31,3,7,11,1,0,1,0,3,,2,0,6,1,0,0,1,0,0,0,4,1,1,1,0,0,0,0,1,0,24,39,32,4,4,8,12,0,2,0,0,5,0,5,0,2,0,0,0,0,0,0,0,7,10,,,1,24,33,24,8,1,1,0,0
BSN190907090,box,1909-07-09,0,BOS05,R,0,SLN,BSN,1,0,1,0,1,,31,3,7,11,1,0,1,,3,,2,0,6,1,0,0,1,0,0,0,4,1,1,1,0,0,0,0,1,0,24,39,32,4,4,8,12,0,2,0,0,5,0,5,0,2,0,0,0,0,0,0,0,0,0,,,1,24,33,24,8,1,1,0,0
BSN190907100,evt,1909-07-10,0,BOS05,R,0,SLN,BSN,1,1,0,0,1,43,32,6,9,14,3,1,0,0,4,,6,0,0,2,1,4,0,2,0,0,10,1,1,1,1,0,0,1,0,0,27,33,29,0,0,3,4,1,0,0,0,4,0,3,1,0,0,0,0,0,0,0,0,13,10,,,1,27,42,27,13,2,1,0,0
BSN190907100,box,1909-07-10,0,BOS05,R,0,SLN,BSN,1,1,0,0,1,,32,6,9,14,3,1,0,,4,,6,0,0,2,1,4,0,2,0,0,10,1,1,1,1,0,0,1,0,0,27,33,29,0,0,3,4,1,0,0,0,4,0,3,1,0,0,0,0,0,0,0,0,0,0,,,1,27,42,27,13,2,1,0,0
BSN190907120,evt,1909-07-12,0,BOS05,R,0,SLN,BSN,1,0,1,0,1,41,39,3,14,17,3,0,0,0,3,,2,0,5,1,0,0,0,4,1,0,11,1,1,1,0,0,0,0,1,0,26,35,33,4,4,7,7,0,0,0,0,1,0,2,0,0,1,0,0,0,0,0,0,9,11,,,1,26,40,26,12,2,1,0,0
BSN190907120,box,1909-07-12,0,BOS05,R,0,SLN,BSN,1,0,1,0,1,,39,3,14,17,3,0,0,,3,,2,0,5,1,0,0,0,4,1,0,11,1,1,1,0,0,0,0,1,0,26,35,33,4,4,7,7,0,0,0,0,1,0,2,0,0,1,0,0,0,0,0,0,0,0,,,1,26,40,26,12,2,1,0,0
PHI190907130,evt,1909-07-13,0,PHI09,R,0,SLN,PHI,1,1,0,0,1,34,29,3,6,9,1,1,0,0,3,,4,0,7,0,0,0,1,1,2,0,4,1,1,1,0,0,0,1,0,0,27,30,28,1,0,2,3,1,0,0,0,1,0,4,0,0,1,0,0,0,0,0,0,9,11,,,1,27,40,27,12,1,0,0,0
PHI190907130,box,1909-07-13,0,PHI09,R,0,SLN,PHI,1,1,0,0,1,,29,3,6,9,1,1,0,,3,,4,0,7,0,0,0,1,1,2,0,4,1,1,1,0,0,0,1,0,0,27,30,28,1,0,2,3,1,0,0,0,1,0,4,0,0,1,0,0,0,0,0,0,0,0,,,1,27,40,27,12,1,0,0,0
PHI190907141,evt,1909-07-14,1,PHI09,R,0,SLN,PHI,1,1,0,0,1,47,42,6,12,14,0,1,0,0,4,,4,0,12,1,0,0,1,2,0,0,8,1,1,1,0,0,0,1,0,0,33,50,42,4,4,9,10,1,0,0,0,7,0,1,0,0,1,0,0,1,0,0,0,13,17,,,1,33,47,33,13,1,0,0,0
PHI190907141,box,1909-07-14,1,PHI09,R,0,SLN,PHI,1,1,0,0,1,,42,6,12,14,0,1,0,,4,,4,0,12,1,0,0,1,2,0,0,8,1,1,1,0,0,0,1,0,0,33,50,42,4,4,9,10,1,0,0,0,7,0,1,0,0,1,0,0,1,0,0,0,0,0,,,1,33,47,33,13,1,0,0,0
PHI190907142,evt,1909-07-14,2,PHI09,R,0,SLN,PHI,1,1,0,0,1,44,29,11,11,13,0,1,0,0,9,,13,0,2,0,1,0,1,7,3,0,9,1,1,1,0,0,0,1,0,0,24,32,32,2,2,9,12,3,0,0,0,0,0,2,0,0,0,0,0,0,0,0,0,14,6,,,1,24,27,17,9,1,1,0,0
PHI190907142,box,1909-07-14,2,PHI09,R,0,SLN,PHI,1,1,0,0,1,,29,11,11,13,0,1,0,,9,,13,0,2,0,1,0,1,7,3,0,9,1,1,1,0,0,0,1,0,0,24,32,32,2,2,9,12,3,0,0,0,0,0,2,0,0,0,0,0,0,0,0,0,0,0,,,1,24,39,24,14,1,1,0,0
PHI190907151,evt,1909-07-15,1,PHI09,R,0,SLN,PHI,1,0,1,0,1,39,36,4,9,12,1,1,0,0,3,,2,0,3,3,1,0,0,0,1,0,8,1,1,0,0,0,1,0,1,0,24,39,35,6,5,13,14,1,0,0,0,2,0,1,0,1,0,1,0,0,0,3,2,8,13,,,1,24,38,24,11,3,0,0,1
PHI190907151,box,1909-07-15,1,PHI09,R,0,SLN,PHI,1,0,1,0,1,,36,4,9,12,1,1,0,,3,,2,0,3,3,1,0,0,0,1,0,8,1,1,0,0,0,1,0,1,0,24,39,35,6,5,13,14,1,0,0,0,2,0,1,0,1,0,1,0,0,0,0,0,0,0,,,1,24,38,24,11,3,0,0,1
PHI190907152,evt,1909-07-15,2,PHI09,R,0,SLN,PHI,1,0,1,0,1,55,52,6,14,22,4,2,0,0,5,,1,0,3,1,1,1,0,0,2,0,7,1,1,0,0,0,1,0,1,0,41,58,51,7,5,15,24,2,2,1,0,6,1,1,1,0,1,0,0,1,0,0,0,19,15,,,1,41,68,41,26,1,3,0,1
PHI190907152,box,1909-07-15,2,PHI09,R,0,SLN,PHI,1,0,1,0,1,,52,6,14,22,4,2,0,,5,,1,0,3,1,1,1,0,0,2,0,7,1,1,0,0,0,1,0,1,0,41,58,51,7,5,15,24,2,2,1,0,6,1,1,1,0,1,0,0,1,0,0,0,0,0,,,1,41,68,41,26,1,3,0,1
NY1190907170,evt,1909-07-17,0,NYC10,R,0,SLN,NY1,1,1,0,0,1,39,35,7,10,16,1,1,1,0,5,,2,1,9,0,1,0,1,1,0,0,5,1,1,1,0,0,0,1,0,0,27,35,33,1,1,7,10,0,0,1,0,1,0,4,0,1,0,0,0,0,0,0,0,14,7,,,1,27,43,27,16,0,0,0,0
NY1190907170,box,1909-07-17,0,NYC10,R,0,SLN,NY1,1,1,0,0,1,,35,7,10,16,1,1,1,,5,,2,1,9,0,1,0,1,1,0,0,5,1,1,1,0,0,0,1,0,0,27,35,33,1,1,7,10,0,0,1,0,1,0,4,0,1,0,0,0,0,0,0,0,0,0,,,1,27,43,27,16,0,0,0,0
NY1190907191,evt,1909-07-19,1,NYC10,R,0,SLN,NY1,1,1,0,0,1,63,56,4,9,15,1,1,1,0,2,,6,1,8,0,1,0,0,2,1,0,11,1,1,1,0,0,0,1,0,0,48,62,54,3,3,10,18,1,2,1,0,7,0,5,0,1,0,0,0,0,0,0,0,17,21,,,1,48,69,48,21,0,1,0,0
NY1190907191,box,1909-07-19,1,NYC10,R,0,SLN,NY1,1,1,0,0,1,,56,4,9,15,1,1,1,,2,,6,1,8,0,1,0,0,2,1,0,11,1,1,1,0,0,0,1,0,0,48,62,54,3,3,10,18,1,2,1,0,7,0,5,0,1,0,0,0,0,0,0,0,0,0,,,1,48,69,48,21,0,1,0,0
NY1190907192,evt,1909-07-19,2,NYC10,R,0,SLN,NY1,1,0,1,0,1,25,23,0,3,3,0,0,0,0,0,,2,0,3,0,0,0,0,0,1,0,4,1,1,1,0,0,0,0,1,0,18,26,25,3,2,11,12,1,0,0,0,1,0,1,0,0,0,0,0,0,0,0,0,12,1,,,1,18,11,6,3,2,1,0,0
NY1190907192,box,1909-07-19,2,NYC10,R,0,SLN,NY1,1,0,1,0,1,,23,0,3,3,0,0,0,,0,,2,0,0,0,0,0,0,0,1,0,4,1,1,1,0,0,0,0,1,0,18,26,25,3,2,11,12,1,0,0,0,1,0,,0,0,0,0,0,0,0,0,0,0,0,,,1,18,28,18,8,2,1,0,0
NY1190907200,evt,1909-07-20,0,NYC10,R,0,SLN,NY1,1,1,0,0,1,43,37,4,10,17,3,2,0,0,4,,4,0,4,1,0,2,0,1,2,0,6,1,1,1,0,0,0,1,0,0,33,45,42,3,3,12,12,0,0,0,0,2,1,2,0,0,0,1,0,0,0,0,0,11,17,,,1,33,47,33,13,1,0,0,0
NY1190907200,box,1909-07-20,0,NYC10,R,0,SLN,NY1,1,1,0,0,1,,37,4,10,17,3,2,0,,4,,4,0,4,1,0,2,0,1,2,0,6,1,1,1,0,0,0,1,0,0,33,45,42,3,3,12,12,0,0,0,0,2,1,2,0,0,0,1,0,0,0,0,0,0,0,,,1,33,47,33,13,1,0,0,0
NY1190907210,evt,1909-07-21,0,NYC10,R,0,SLN,NY1,1,0,1,0,1,47,40,7,13,13,0,0,0,0,6,,6,0,6,0,0,0,1,1,0,0,13,1,1,0,0,0,1,0,1,0,24,46,37,11,6,13,17,2,1,0,0,7,0,3,0,0,2,0,0,1,0,1,0,7,9,,,1,24,42,24,14,4,1,0,0
NY1190907210,box,1909-07-21,0,NYC10,R,0,SLN,NY1,1,0,1,0,1,,40,7,13,13,0,0,0,,6,,6,0,6,0,0,0,1,1,0,0,13,1,1,0,0,0,1,0,1,0,24,46,37,11,6,13,17,2,1,0,0,7,0,3,0,0,2,0,0,1,0,0,0,0,0,,,1,24,42,24,14,4,1,0,0
BRO190907241,evt,1909-07-24,1,NYC12,R,0,SLN,BRO,1,0,1,0,1,35,29,0,4,7,1,1,0,0,0,,4,0,1,0,0,2,0,0,0,0,8,1,1,1,0,0,0,0,1,0,24,28,24,1,1,3,3,0,0,0,0,2,0,4,0,0,2,0,0,0,0,0,0,8,9,,,1,24,33,24,9,0,0,0,0
BRO190907241,box,1909-07-24,1,NYC12,R,0,SLN,BRO,1,0,1,0,1,,29,0,4,7,1,1,0,,0,,4,0,1,0,0,2,0,0,0,0,8,1,1,1,0,0,0,0,1,0,24,28,24,1,1,3,3,0,0,0,0,2,0,4,0,0,2,0,0,0,0,0,0,0,0,,,1,24,33,24,9,0,0,0,0
BRO190907242,evt,1909-07-24,2,NYC12,R,0,SLN,BRO,1,0,1,0,1,30,27,0,2,2,0,0,0,0,0,,3,0,16,0,0,0,0,1,2,0,3,1,1,1,0,0,0,0,1,0,24,29,28,1,1,4,6,0,1,0,0,1,0,3,0,0,0,0,0,1,0,0,0,13,7,,,1,24,36,24,11,1,1,0,0
BRO190907242,box,1909-07-24,2,NYC12,R,0,SLN,BRO,1,0,1,0,1,,27,0,2,2,0,0,0,,0,,3,0,16,0,0,0,0,1,2,0,3,1,1,1,0,0,0,0,1,0,24,29,28,1,1,4,6,0,1,0,0,1,0,3,0,0,0,0,0,1,0,0,0,0,0,,,1,24,36,24,11,1,1,0,0
CIN190907250,evt,1909-07-25,0,CIN06,R,0,SLN,CIN,1,1,0,0,1,55,46,7,11,13,2,0,0,0,6,,6,0,3,1,1,1,1,0,0,0,12,1,1,1,0,0,0,1,0,0,36,52,47,4,3,8,9,1,0,0,0,5,0,2,0,0,0,0,0,2,0,0,0,21,13,,,1,36,61,36,21,4,0,0,0
CIN190907250,box,1909-07-25,0,CIN06,R,0,SLN,CIN,1,1,0,0,1,,46,7,11,13,2,0,0,,6,,6,0,3,1,1,1,1,0,0,0,12,1,1,1,0,0,0,1,0,0,36,52,47,4,3,8,9,1,0,0,0,5,0,2,0,0,0,0,0,2,0,0,0,0,0,,,1,36,61,36,21,4,0,0,0
SLN190907270,evt,1909-07-27,0,STL05,R,1,SLN,CHN,1,0,0,1,1,47,38,4,6,7,1,0,0,0,4,,6,0,13,2,2,1,0,1,1,0,7,1,1,0,0,0,1,0,0,0,36,47,42,4,2,10,11,1,0,0,0,2,0,4,0,0,3,0,0,0,0,0,0,13,12,,,1,36,57,36,17,4,1,0,0
SLN190907270,box,1909-07-27,0,STL05,R,1,SLN,CHN,1,0,0,1,1,,38,4,6,7,1,0,0,,4,,6,0,13,2,2,1,0,1,1,0,7,1,1,0,0,0,1,0,0,0,36,47,42,4,2,10,11,1,0,0,0,2,0,4,0,0,3,0,0,0,0,0,0,0,0,,,1,36,57,36,17,4,1,0,0
SLN190907281,evt,1909-07-28,1,STL05,R,1,SLN,CHN,1,0,1,0,1,33,31,1,5,7,2,0,0,0,0,,1,0,7,0,1,0,0,0,0,0,5,1,1,0,0,0,1,0,1,0,27,43,32,6,3,9,12,3,0,0,0,7,0,1,0,0,3,1,0,0,0,0,0,8,13,,,1,27,43,27,14,2,0,0,0
SLN190907281,box,1909-07-28,1,STL05,R,1,SLN,CHN,1,0,1,0,1,,31,1,5,7,2,0,0,,0,,1,0,7,0,1,0,0,0,0,0,5,1,1,0,0,0,1,0,1,0,27,43,32,6,3,9,12,3,0,0,0,7,0,1,0,0,3,1,0,0,0,0,0,0,0,,,1,27,43,27,14,2,0,0,0
SLN190907282,evt,1909-07-28,2,STL05,R,1,SLN,CHN,1,1,0,0,1,34,29,5,4,6,0,1,0,0,5,,5,0,4,1,0,0,0,0,1,0,5,1,1,1,0,0,0,1,0,0,27,37,35,4,2,10,13,3,0,0,0,1,0,2,1,0,1,0,0,0,0,0,0,10,12,,,1,27,44,27,15,2,1,0,0
SLN190907282,box,1909-07-28,2,STL05,R,1,SLN,CHN,1,1,0,0,1,,29,5,4,6,0,1,0,,5,,5,0,4,1,0,0,0,0,1,0,5,1,1,1,0,0,0,1,0,0,27,37,35,4,2,10,13,3,0,0,0,1,0,2,1,0,1,0,0,0,0,0,0,0,0,,,1,27,43,27,14,2,1,0,0
SLN190907290,evt,1909-07-29,0,STL05,R,1,SLN,CHN,1,0,1,0,1,39,35,3,10,10,0,0,0,0,3,,2,0,8,0,1,0,1,1,0,0,9,1,1,1,0,0,0,0,1,0,27,37,31,6,2,8,13,1,2,0,0,3,0,3,0,0,2,1,0,2,0,0,0,8,11,,,1,27,43,27,14,2,2,0,0
SLN190907290,box,1909-07-29,0,STL05,R,1,SLN,CHN,1,0,1,0,1,,35,3,10,10,0,0,0,,3,,2,0,8,0,1,0,1,1,0,0,9,1,1,1,0,0,0,0,1,0,27,37,31,6,2,8,13,1,2,0,0,3,0,3,0,0,2,1,0,2,0,0,0,0,0,,,1,27,44,27,15,2,2,0,0
SLN190907300,evt,1909-07-30,0,STL05,R,1,SLN,BSN,1,1,0,0,1,35,32,3,7,9,0,1,0,0,3,,3,1,1,0,0,0,0,1,1,0,6,1,1,0,0,0,1,1,0,1,27,36,32,2,2,7,13,1,1,1,0,2,0,2,0,0,2,0,0,0,0,0,0,18,3,,,1,27,14,8,5,1,0,0,0
SLN190907300,box,1909-07-30,0,STL05,R,1,SLN,BSN,1,1,0,0,1,,32,3,7,9,0,1,0,,3,,3,1,1,0,0,0,0,1,1,0,6,1,1,0,0,0,1,1,0,1,27,36,32,2,2,7,13,1,1,1,0,2,0,0,0,0,2,0,0,0,0,0,0,0,0,,,1,27,41,27,13,1,0,0,0
SLN190907310,evt,1909-07-31,0,STL05,R,1,SLN,BSN,1,1,0,0,1,32,30,3,6,9,0,0,1,0,3,,2,0,3,0,0,0,0,0,1,0,4,1,1,1,0,0,0,1,0,0,27,36,31,2,2,7,8,1,0,0,0,4,0,0,0,1,0,0,0,0,0,0,0,22,1,,,1,27,11,6,5,0,0,0,0
SLN190907310,box,1909-07-31,0,STL05,R,1,SLN,BSN,1,1,0,0,1,,30,3,6,9,0,0,1,,3,,2,0,,0,0,0,0,0,1,0,4,1,1,1,0,0,0,1,0,0,27,36,31,2,2,7,8,1,0,0,0,4,0,,0,1,0,0,0,0,0,0,0,0,0,,,1,27,44,27,17,0,0,0,0
SLN190908010,evt,1909-08-01,0,STL05,R,1,SLN,BSN,1,0,1,0,1,35,33,4,10,13,3,0,0,0,4,,1,0,1,1,0,1,0,1,0,0,4,1,1,0,0,0,1,0,1,0,27,45,38,10,7,14,17,3,0,0,0,4,0,2,1,0,3,0,0,0,0,0,0,14,5,,,1,27,20,13,3,4,1,0,0
SLN190908010,box,1909-08-01,0,STL05,R,1,SLN,BSN,1,0,1,0,1,,33,4,10,13,3,0,0,,4,,1,0,,1,0,1,0,1,0,0,4,1,1,0,0,0,1,0,1,0,27,45,38,10,7,14,17,3,0,0,0,4,0,,1,0,3,0,0,0,0,0,0,0,0,,,1,27,43,27,12,4,1,0,0
SLN190908030,evt,1909-08-03,0,STL05,R,1,SLN,PHI,1,1,0,0,1,34,29,5,9,10,1,0,0,0,2,,2,0,3,0,1,1,1,1,1,0,5,1,1,1,0,0,0,1,0,0,27,34,31,1,1,7,9,2,0,0,0,2,0,1,2,0,1,0,0,0,0,0,0,17,4,,,1,27,21,14,6,1,2,0,0
SLN190908030,box,1909-08-03,0,STL05,R,1,SLN,PHI,1,1,0,0,1,,29,5,9,10,1,0,0,,2,,2,0,,0,1,1,1,1,1,0,5,1,1,1,0,0,0,1,0,0,27,34,31,1,1,7,9,2,0,0,0,2,0,,2,0,1,0,0,0,0,0,0,0,0,,,1,27,38,27,10,1,2,0,0
SLN190908040,evt,1909-08-04,0,STL05,R,1,SLN,PHI,1,0,1,0,1,36,33,1,8,8,0,0,0,0,1,,3,0,3,1,0,0,0,1,0,0,8,1,1,0,0,0,1,0,1,0,27,37,32,4,3,9,10,1,0,0,0,1,0,0,0,0,3,1,0,0,0,0,0,16,5,,,1,27,15,9,4,2,0,0,0
SLN190908040,box,1909-08-04,0,STL05,R,1,SLN,PHI,1,0,1,0,1,,33,1,8,8,0,0,0,,1,,3,0,,1,0,0,0,1,0,0,8,1,1,0,0,0,1,0,1,0,27,37,32,4,3,9,10,1,0,0,0,1,0,,0,0,3,1,0,0,0,0,0,0,0,,,1,27,41,27,12,2,0,0,0
SLN190908050,evt,1909-08-05,0,STL05,R,1,SLN,PHI,1,1,0,0,1,30,27,2,4,5,1,0,0,0,2,,3,0,0,0,0,0,0,0,1,0,4,1,1,1,0,0,0,1,0,0,27,33,32,1,1,5,6,1,0,0,0,1,0,1,0,0,0,0,0,0,0,0,0,19,7,,,1,27,12,10,2,0,0,0,0
SLN190908050,box,1909-08-05,0,STL05,R,1,SLN,PHI,1,1,0,0,1,,27,2,4,5,1,0,0,,2,,3,0,,0,0,0,0,0,1,0,4,1,1,1,0,0,0,1,0,0,27,33,32,1,1,5,6,1,0,0,0,1,0,,0,0,0,0,0,0,0,0,0,0,0,,,1,27,37,27,10,0,0,0,0
SLN190908060,evt,1909-08-06,0,STL05,R,1,SLN,PHI,1,1,0,0,1,29,25,3,2,5,0,0,1,0,2,,2,0,4,0,0,1,1,1,0,0,2,1,1,0,1,1,1,1,0,1,27,33,32,0,0,6,6,0,0,0,0,1,0,0,1,0,0,0,0,0,0,0,0,22,2,,,1,27,18,9,8,1,2,0,1
SLN190908060,box,1909-08-06,0,STL05,R,1,SLN,PHI,1,1,0,0,1,,25,3,2,5,0,0,1,,2,,2,0,,0,0,1,1,1,0,0,2,1,1,0,1,1,1,1,0,1,27,33,32,0,0,6,6,0,0,0,0,1,0,,1,0,0,0,0,0,0,0,0,0,0,,,1,27,44,27,16,1,2,0,1
SLN190908070,evt,1909-08-07,0,STL05,R,1,SLN,NY1,1,0,1,0,1,33,31,1,6,8,2,0,0,0,1,,2,0,7,2,0,0,0,0,0,0,5,1,1,0,0,0,1,0,1,0,27,39,35,7,7,11,11,0,0,0,0,3,0,4,1,1,0,0,0,0,0,1,0,10,10,,,1,27,41,27,13,1,1,0,0
SLN190908070,box,1909-08-07,0,STL05,R,1,SLN,NY1,1,0,1,0,1,,31,1,6,8,2,0,0,,1,,2,0,7,2,0,0,0,0,0,0,5,1,1,0,0,0,1,0,1,0,27,39,35,7,7,11,11,0,0,0,0,3,0,4,1,1,0,0,0,0,0,0,0,0,0,,,1,27,41,27,13,1,1,0,0
SLN190908080,evt,1909-08-08,0,STL05,R,1,SLN,NY1,1,0,1,0,1,31,30,0,5,5,0,0,0,0,0,,1,0,3,1,0,0,0,0,0,0,4,1,1,0,0,0,1,0,1,0,27,34,26,3,3,3,3,0,0,0,0,5,0,0,0,1,1,1,0,1,0,0,0,19,5,,,1,27,13,9,4,0,0,0,0
SLN190908080,box,1909-08-08,0,STL05,R,1,SLN,NY1,1,0,1,0,1,,30,0,5,5,0,0,0,,0,,1,0,,1,0,0,0,0,0,0,4,1,1,0,0,0,1,0,1,0,27,34,26,3,3,3,3,0,0,0,0,5,0,,0,1,1,1,0,1,0,0,0,0,0,,,1,27,38,27,11,0,0,0,0
SLN190908090,evt,1909-08-09,0,STL05,R,1,SLN,NY1,1,0,1,0,1,43,32,3,5,6,1,0,0,0,3,,9,1,4,0,0,1,1,2,2,0,10,1,1,1,0,0,0,0,1,0,30,38,32,4,3,9,11,0,1,0,0,3,0,3,1,0,1,2,0,0,0,0,0,17,5,,,1,30,30,18,10,2,1,0,0
SLN190908090,box,1909-08-09,0,STL05,R,1,SLN,NY1,1,0,1,0,1,,32,3,5,6,1,0,0,,3,,9,1,4,0,0,1,1,2,2,0,10,1,1,1,0,0,0,0,1,0,30,38,32,4,3,9,11,0,1,0,0,3,0,3,1,0,1,2,0,0,0,0,0,0,0,,,1,30,45,30,13,2,1,0,0
SLN190908100,evt,1909-08-10,0,STL05,R,1,SLN,NY1,1,0,1,0,1,39,36,5,9,13,2,1,0,0,4,,2,0,3,0,1,0,0,1,0,0,7,1,1,0,0,0,1,0,1,0,27,38,34,6,6,9,13,1,0,1,0,4,1,2,0,0,0,0,0,0,0,2,1,12,11,,,1,27,36,24,11,1,0,0,0
SLN190908100,box,1909-08-10,0,STL05,R,1,SLN,NY1,1,0,1,0,1,,36,5,9,13,2,1,0,,4,,2,0,,0,1,0,0,1,0,0,7,1,1,0,0,0,1,0,1,0,27,38,34,6,6,9,13,1,0,1,0,4,1,0,0,0,0,0,0,0,0,0,0,0,0,,,1,27,39,27,11,1,0,0,0
SLN190908110,evt,1909-08-11,0,STL05,R,1,SLN,NY1,1,0,1,0,1,41,38,3,11,15,0,2,0,0,3,,2,0,1,1,0,0,1,3,0,0,11,1,1,0,0,0,1,0,1,0,27,57,46,19,16,23,27,1,0,1,0,6,0,3,0,2,1,2,0,0,0,2,2,10,10,,,1,27,28,18,6,4,0,0,0
SLN190908110,box,1909-08-11,0,STL05,R,1,SLN,NY1,1,0,1,0,1,,38,3,11,15,0,2,0,,3,,2,0,,1,0,0,1,3,0,0,11,1,1,0,0,0,1,0,1,0,27,57,46,19,16,23,27,1,0,1,0,6,0,0,0,2,1,2,0,0,0,0,0,0,0,,,1,27,39,27,8,4,0,0,0
SLN190908120,evt,1909-08-12,0,STL05,R,1,SLN,BRO,1,0,0,1,1,52,41,6,9,17,1,2,1,0,6,,7,0,1,0,1,1,2,3,1,0,10,1,1,1,0,0,0,0,0,0,36,53,51,6,1,17,19,2,0,0,0,1,0,1,0,0,1,0,0,0,0,0,0,23,9,,,1,36,43,24,14,5,0,0,0
SLN190908120,box,1909-08-12,0,STL05,R,1,SLN,BRO,1,0,0,1,1,,41,6,9,17,1,2,1,,6,,7,0,0,0,1,1,2,3,1,0,10,1,1,1,0,0,0,0,0,0,36,53,51,6,1,17,19,2,0,0,0,1,0,1,0,0,1,0,0,0,0,0,0,0,0,,,1,36,64,36,23,5,0,0,0
SLN190908130,evt,1909-08-13,0,STL05,R,1,SLN,BRO,1,1,0,0,1,33,28,5,7,9,0,1,0,0,4,,4,0,3,0,0,0,1,0,2,0,4,1,1,1,0,0,0,1,0,0,27,35,31,4,3,8,12,2,1,0,0,2,0,7,0,1,1,0,0,0,0,0,0,6,8,,,1,27,44,27,14,3,1,0,0
SLN190908130,box,1909-08-13,0,STL05,R,1,SLN,BRO,1,1,0,0,1,,28,5,7,9,0,1,0,,4,,4,0,3,0,0,0,1,0,2,0,4,1,1,1,0,0,0,1,0,0,27,35,31,4,3,8,12,2,1,0,0,2,0,7,0,1,1,0,0,0,0,0,0,0,0,,,1,27,44,27,14,3,1,0,0
SLN190908140,evt,1909-08-14,0,STL05,R,1,SLN,BRO,1,1,0,0,1,33,30,4,8,11,1,1,0,0,4,,2,0,1,0,0,0,1,2,2,0,4,1,1,1,0,0,0,1,0,0,27,37,33,3,2,10,13,1,1,0,0,1,0,5,0,0,1,2,0,0,0,0,0,11,7,,,1,27,27,19,6,2,0,0,0
SLN190908140,box,1909-08-14,0,STL05,R,1,SLN,BRO,1,1,0,0,1,,30,4,8,11,1,1,0,,4,,2,0,1,0,0,0,1,2,2,0,4,1,1,1,0,0,0,1,0,0,27,37,33,3,2,10,13,1,1,0,0,1,0,5,0,0,1,2,0,0,0,0,0,0,0,,,1,27,37,27,8,2,0,0,0
SLN190908151,evt,1909-08-15,1,STL05,R,1,SLN,BRO,1,0,1,0,1,31,28,3,3,6,0,0,1,0,3,,3,0,0,0,0,0,0,0,2,0,1,1,1,0,0,0,1,0,1,0,27,42,39,9,9,13,17,1,0,1,0,3,0,2,0,0,0,0,0,1,0,0,0,17,7,,,1,27,18,13,3,2,0,0,0
SLN190908151,box,1909-08-15,1,STL05,R,1,SLN,BRO,1,0,1,0,1,,28,3,3,6,0,0,1,,3,,3,0,,0,0,0,0,0,2,0,1,1,1,0,0,0,1,0,1,0,27,42,39,9,9,13,17,1,0,1,0,3,0,2,0,0,0,0,0,1,0,0,0,0,0,,,1,27,42,27,13,2,0,0,0
SLN190908152,evt,1909-08-15,2,STL05,R,1,SLN,BRO,1,1,0,0,1,35,32,6,10,12,2,0,0,0,6,,3,0,2,0,0,0,0,3,3,0,5,1,1,1,0,0,0,1,0,0,27,33,31,2,2,7,8,1,0,0,0,1,0,0,0,0,0,1,0,0,0,0,0,23,2,,,1,27,10,5,4,1,0,0,0
SLN190908152,box,1909-08-15,2,STL05,R,1,SLN,BRO,1,1,0,0,1,,32,6,10,12,2,0,0,,6,,3,0,,0,0,0,0,3,3,0,5,1,1,1,0,0,0,1,0,0,27,33,31,2,2,7,8,1,0,0,0,1,0,,0,0,0,1,0,0,0,0,0,0,0,,,1,27,47,27,19,1,0,0,0
PIT190908170,evt,1909-08-17,0,PIT06,R,0,SLN,PIT,1,0,1,0,1,36,32,8,10,16,2,2,0,0,5,,1,0,4,0,1,2,0,0,1,0,4,1,1,0,0,0,1,0,1,0,22,38,36,11,8,12,15,1,1,0,0,2,0,0,0,0,0,0,0,1,0,1,0,19,2,,,1,22,11,5,3,3,0,0,0
PIT190908170,box,1909-08-17,0,PIT06,R,0,SLN,PIT,1,0,1,0,1,,32,8,10,16,2,2,0,,5,,1,0,4,0,1,2,0,0,1,0,4,1,1,0,0,0,1,0,1,0,22,38,36,11,8,12,15,1,1,0,0,2,0,0,0,0,0,0,0,1,0,0,0,0,0,,,1,22,34,22,9,3,0,0,0
PIT190908181,evt,1909-08-18,1,PIT06,R,0,SLN,PIT,1,0,1,0,1,32,30,3,8,12,2,1,0,0,3,,0,0,3,0,0,1,1,0,2,0,2,1,1,1,0,0,0,0,1,0,24,35,31,6,4,10,16,3,0,1,0,2,0,2,0,1,0,1,0,0,0,0,0,7,12,,,1,24,34,24,9,1,0,0,0
PIT190908181,box,1909-08-18,1,PIT06,R,0,SLN,PIT,1,0,1,0,1,,30,3,8,12,2,1,0,,3,,0,0,3,0,0,1,1,0,2,0,2,1,1,1,0,0,0,0,1,0,24,35,31,6,4,10,16,3,0,1,0,2,0,2,0,1,0,1,0,0,0,0,0,0,0,,,1,24,34,24,9,1,0,0,0
PIT190908182,evt,1909-08-18,2,PIT06,R,0,SLN,PIT,1,0,1,0,1,32,30,1,4,5,1,0,0,0,1,,1,0,5,0,0,1,0,0,0,0,4,1,1,1,0,0,0,0,1,0,26,31,26,2,2,2,3,1,0,0,0,2,0,4,0,1,1,1,0,0,0,0,0,9,12,,,1,26,36,26,10,0,0,0,0
PIT190908182,box,1909-08-18,2,PIT06,R,0,SLN,PIT,1,0,1,0,1,,30,1,4,5,1,0,0,,1,,1,0,5,0,0,1,0,0,0,0,4,1,1,1,0,0,0,0,1,0,26,31,26,2,2,2,3,1,0,0,0,2,0,4,0,1,1,1,0,0,0,0,0,0,0,,,1,26,36,26,10,0,0,0,0
PIT190908190,evt,1909-08-19,0,PIT06,R,0,SLN,PIT,1,0,1,0,1,35,32,3,6,8,0,1,0,0,2,,3,0,2,0,0,0,0,0,1,0,5,1,1,0,0,0,1,0,1,0,24,40,35,8,7,13,17,2,1,0,0,0,0,2,0,3,2,0,0,0,0,3,2,8,9,,,1,24,40,24,12,4,1,0,0
PIT190908190,box,1909-08-19,0,PIT06,R,0,SLN,PIT,1,0,1,0,1,,32,3,6,8,0,1,0,,2,,3,0,2,0,0,0,0,0,1,0,5,1,1,0,0,0,1,0,1,0,24,40,35,8,7,13,17,2,1,0,0,0,0,2,0,3,2,0,0,0,0,0,0,0,0,,,1,24,40,24,12,4,1,0,0
BRO190908200,evt,1909-08-20,0,NYC12,R,0,SLN,BRO,1,1,0,0,1,44,37,3,11,11,0,0,0,0,3,,2,0,8,0,3,2,0,0,3,0,8,1,1,1,0,0,0,1,0,0,33,41,37,1,1,5,5,0,0,0,0,3,0,5,1,0,1,0,0,0,0,0,0,12,15,,,1,33,49,33,14,2,1,0,0
BRO190908200,box,1909-08-20,0,NYC12,R,0,SLN,BRO,1,1,0,0,1,,37,3,11,11,0,0,0,,3,,2,0,8,0,3,2,0,0,3,0,8,1,1,1,0,0,0,1,0,0,33,41,37,1,1,5,5,0,0,0,0,3,0,5,1,0,1,0,0,0,0,0,0,0,0,,,1,33,48,33,13,2,1,0,0
BRO190908211,evt,1909-08-21,1,NYC12,R,0,SLN,BRO,1,0,1,0,1,45,42,0,9,9,0,0,0,0,0,,2,0,5,1,0,1,0,0,2,0,6,1,1,1,0,0,0,0,1,0,38,50,44,1,1,9,9,0,0,0,0,5,1,8,0,0,1,0,0,1,0,0,0,12,14,,,1,38,55,38,16,1,0,0,0
BRO190908211,box,1909-08-21,1,NYC12,R,0,SLN,BRO,1,0,1,0,1,,42,0,9,9,0,0,0,,0,,2,0,5,1,0,1,0,0,2,0,6,1,1,1,0,0,0,0,1,0,38,50,44,1,1,9,9,0,0,0,0,5,1,8,0,0,1,0,0,1,0,0,0,0,0,,,1,38,55,38,16,1,0,0,0
BRO190908212,evt,1909-08-21,2,NYC12,R,0,SLN,BRO,1,0,1,0,1,40,35,3,8,9,1,0,0,0,3,,4,0,5,0,0,1,0,0,0,0,10,1,1,0,0,0,1,0,1,0,24,35,29,6,6,6,8,2,0,0,0,4,0,1,0,1,1,0,0,1,0,0,0,12,9,,,1,24,37,24,12,1,1,0,0
BRO190908212,box,1909-08-21,2,NYC12,R,0,SLN,BRO,1,0,1,0,1,,35,3,8,9,1,0,0,,3,,4,0,5,0,0,1,0,0,0,0,10,1,1,0,0,0,1,0,1,0,24,35,29,6,6,6,8,2,0,0,0,4,0,1,0,1,1,0,0,1,0,0,0,0,0,,,1,24,37,24,12,1,1,0,0
BRO190908231,evt,1909-08-23,1,NYC12,R,0,SLN,BRO,1,0,1,0,1,35,32,0,5,5,0,0,0,0,0,,3,0,4,1,0,0,0,0,0,0,8,1,1,0,0,0,1,0,1,0,24,37,32,7,6,9,12,1,1,0,0,4,0,2,0,0,0,1,0,1,0,0,0,8,12,,,1,24,32,24,7,1,0,0,0
BRO190908231,box,1909-08-23,1,NYC12,R,0,SLN,BRO,1,0,1,0,1,,32,0,5,5,0,0,0,,0,,3,0,4,1,0,0,0,0,0,0,8,1,1,0,0,0,1,0,1,0,24,37,32,7,6,9,12,1,1,0,0,4,0,2,0,0,0,1,0,1,0,0,0,0,0,,,1,24,32,24,7,1,0,0,0
BRO190908232,evt,1909-08-23,2,NYC12,R,0,SLN,BRO,1,1,0,0,1,42,33,9,15,19,2,1,0,0,9,,6,0,5,0,0,2,1,2,5,0,6,1,1,1,0,0,0,1,0,0,27,38,36,1,1,9,9,0,0,0,0,2,0,5,0,0,0,0,0,1,0,0,0,10,12,,,1,27,37,27,9,1,0,0,0
BRO190908232,box,1909-08-23,2,NYC12,R,0,SLN,BRO,1,1,0,0,1,,33,9,15,19,2,1,0,,9,,6,0,5,0,0,2,1,2,5,0,6,1,1,1,0,0,0,1,0,0,27,38,36,1,1,9,9,0,0,0,0,2,0,5,0,0,0,0,0,1,0,0,0,0,0,,,1,27,37,27,9,1,0,0,0
BSN190908240,evt,1909-08-24,0,BOS05,R,0,SLN,BSN,1,0,1,0,1,40,34,1,8,8,0,0,0,0,1,,5,0,1,0,0,0,1,2,0,0,12,1,1,1,0,0,0,0,1,0,24,30,26,3,3,7,8,1,0,0,0,2,0,2,0,0,2,0,0,1,0,0,0,9,6,,,1,24,41,24,16,1,1,0,0
BSN190908240,box,1909-08-24,0,BOS05,R,0,SLN,BSN,1,0,1,0,1,,34,1,8,8,0,0,0,,1,,5,0,1,0,0,0,1,2,0,0,12,1,1,1,0,0,0,0,1,0,24,30,26,3,3,7,8,1,0,0,0,2,0,2,0,0,2,0,0,1,0,0,0,0,0,,,1,24,41,24,16,1,1,0,0
BSN190908250,evt,1909-08-25,0,BOS05,R,0,SLN,BSN,1,0,1,0,1,43,34,8,11,16,2,0,1,1,7,,8,0,2,1,0,0,1,1,3,0,8,1,1,0,0,0,1,0,1,0,24,44,37,9,7,15,19,2,1,0,0,5,0,0,1,0,1,1,0,0,0,2,0,11,12,,,1,24,38,24,12,2,1,0,2
BSN190908250,box,1909-08-25,0,BOS05,R,0,SLN,BSN,1,0,1,0,1,,34,8,11,16,2,0,1,,7,,8,0,2,1,0,0,1,1,3,0,8,1,1,0,0,0,1,0,1,0,24,44,37,9,7,15,19,2,1,0,0,5,0,0,1,0,1,1,0,0,0,0,0,0,0,,,1,24,39,24,13,2,1,0,2
BSN190908260,evt,1909-08-26,0,BOS05,R,0,SLN,BSN,1,0,1,0,1,48,45,8,15,16,1,0,0,0,8,,3,0,5,0,0,0,0,1,1,0,13,1,1,0,0,0,1,0,1,0,24,42,30,10,8,13,13,0,0,0,0,9,0,4,1,0,2,1,0,0,0,0,0,6,8,,,1,24,37,24,10,3,1,0,0
BSN190908260,box,1909-08-26,0,BOS05,R,0,SLN,BSN,1,0,1,0,1,,45,8,15,16,1,0,0,,8,,3,0,5,0,0,0,0,1,1,0,13,1,1,0,0,0,1,0,1,0,24,42,30,10,8,13,13,0,0,0,0,9,0,4,1,0,2,1,0,0,0,0,0,0,0,,,1,24,37,24,10,3,1,0,0
PHI190908270,evt,1909-08-27,0,PHI09,R,0,SLN,PHI,1,0,1,0,1,42,34,3,8,8,0,0,0,0,3,,7,0,2,0,0,1,0,0,0,0,12,1,1,0,0,0,1,0,1,0,24,46,41,13,11,20,25,5,0,0,0,4,0,5,0,0,1,0,0,0,0,2,2,14,1,,,1,24,12,7,1,4,0,0,0
PHI190908270,box,1909-08-27,0,PHI09,R,0,SLN,PHI,1,0,1,0,1,,34,3,8,8,0,0,0,,3,,7,0,2,0,0,1,0,0,0,0,12,1,1,0,0,0,1,0,1,0,24,46,41,13,11,20,25,5,0,0,0,4,0,5,0,0,1,0,0,0,0,0,0,0,0,,,1,24,38,24,10,4,0,0,0
PHI190908281,evt,1909-08-28,1,PHI09,R,0,SLN,PHI,1,0,1,0,1,37,29,4,7,10,1,1,0,0,3,,6,0,4,1,0,2,0,0,2,0,6,1,1,0,0,0,1,0,1,0,26,39,31,5,4,11,15,2,1,0,0,4,1,2,0,0,1,3,0,0,0,0,0,14,5,,,1,26,19,12,6,1,1,0,0
PHI190908281,box,1909-08-28,1,PHI09,R,0,SLN,PHI,1,0,1,0,1,,29,4,7,10,1,1,0,,3,,6,0,4,1,0,2,0,0,2,0,6,1,1,0,0,0,1,0,1,0,26,39,31,5,4,11,15,2,1,0,0,4,1,2,0,0,1,3,0,0,0,0,0,0,0,,,1,26,40,26,13,1,1,0,0
PHI190908282,box,1909-08-28,2,PHI09,R,0,SLN,PHI,1,0,1,0,1,,32,0,6,6,0,0,0,,0,,6,0,3,1,0,1,0,0,0,0,12,1,1,0,0,0,1,0,1,0,24,33,29,6,5,10,11,1,0,0,0,2,0,2,0,0,2,0,0,0,0,0,0,0,0,,,1,24,44,24,17,3,2,0,0
PHI190908282,ded,1909-08-28,2,PHI09,R,0,SLN,PHI,1,0,1,0,1,39,32,0,6,6,0,0,0,0,0,,6,0,3,1,0,1,0,0,0,0,12,1,1,0,0,0,1,0,1,0,24,33,29,6,5,10,11,1,0,0,0,2,0,2,0,0,2,0,0,0,0,1,1,12,4,,,1,24,20,9,8,3,2,0,0
PHI190908300,evt,1909-08-30,0,PHI09,R,0,SLN,PHI,1,0,1,0,1,37,32,2,6,6,0,0,0,0,2,,4,0,7,1,0,1,0,0,0,0,8,1,1,0,0,0,1,0,1,0,24,31,27,3,2,7,10,1,1,0,0,2,0,1,1,0,1,1,0,0,0,0,0,14,6,,,1,24,17,12,4,1,2,0,1
PHI190908300,box,1909-08-30,0,PHI09,R,0,SLN,PHI,1,0,1,0,1,,32,2,6,6,0,0,0,,2,,4,0,7,1,0,1,0,0,0,0,8,1,1,0,0,0,1,0,1,0,24,31,27,3,2,7,10,1,1,0,0,2,0,1,1,0,1,1,0,0,0,0,0,0,0,,,1,24,37,24,12,1,2,0,1
PHI190908310,evt,1909-08-31,0,PHI09,R,0,SLN,PHI,1,0,1,0,1,39,36,6,8,13,5,0,0,0,4,,3,0,4,1,0,0,0,3,0,0,6,1,1,0,0,0,1,0,1,0,24,42,36,11,8,14,23,6,0,1,0,3,0,3,0,0,2,1,0,0,0,2,0,17,2,,,1,24,11,7,2,2,1,0,0
PHI190908310,box,1909-08-31,0,PHI09,R,0,SLN,PHI,1,0,1,0,1,,36,6,8,13,5,0,0,,4,,3,0,4,1,0,0,0,3,0,0,6,1,1,0,0,0,1,0,1,0,24,42,36,11,8,14,23,6,0,1,0,3,0,3,0,0,2,1,0,0,0,0,0,0,0,,,1,24,33,24,7,2,1,0,0
NY1190909010,evt,1909-09-01,0,NYC10,R,0,SLN,NY1,1,0,1,0,1,42,38,6,11,15,1,0,1,0,6,,4,0,2,1,0,0,0,0,0,0,9,1,1,0,0,0,1,0,1,0,24,39,26,9,9,8,11,3,0,0,0,8,0,2,1,2,2,1,0,0,0,2,1,7,9,,,1,24,37,24,12,1,1,0,0
NY1190909010,box,1909-09-01,0,NYC10,R,0,SLN,NY1,1,0,1,0,1,,38,6,11,15,1,0,1,,6,,4,0,2,1,0,0,0,0,0,0,9,1,1,0,0,0,1,0,1,0,24,39,26,9,9,8,11,3,0,0,0,8,0,2,1,2,2,1,0,0,0,0,0,0,0,,,1,24,37,24,12,1,1,0,0
NY1190909020,evt,1909-09-02,0,NYC10,R,0,SLN,NY1,1,1,0,0,1,35,31,5,4,4,0,0,0,0,3,,3,0,11,0,0,1,0,1,2,0,3,1,1,0,0,0,1,1,0,1,27,38,30,2,2,5,8,3,0,0,0,7,0,2,1,1,0,0,0,0,0,1,1,7,15,,,1,27,35,27,7,1,2,0,0
NY1190909020,box,1909-09-02,0,NYC10,R,0,SLN,NY1,1,1,0,0,1,,31,5,4,4,0,0,0,,3,,3,0,11,0,0,1,0,1,2,0,3,1,1,0,0,0,1,1,0,1,27,38,30,2,2,5,8,3,0,0,0,7,0,2,1,1,0,0,0,0,0,0,0,0,0,,,1,27,35,27,7,1,2,0,0
NY1190909030,evt,1909-09-03,0,NYC10,R,0,SLN,NY1,1,0,1,0,1,45,38,4,11,13,0,1,0,0,3,,7,0,7,1,0,0,0,1,0,0,14,1,1,0,0,0,1,0,1,0,24,36,28,7,5,11,14,1,1,0,0,4,0,5,1,0,1,3,0,2,0,0,0,4,10,,,1,24,33,24,8,1,2,0,0
NY1190909030,box,1909-09-03,0,NYC10,R,0,SLN,NY1,1,0,1,0,1,,38,4,11,13,0,1,0,,3,,7,0,7,1,0,0,0,1,0,0,14,1,1,0,0,0,1,0,1,0,24,36,28,7,5,11,14,1,1,0,0,4,0,5,1,0,1,3,0,2,0,0,0,0,0,,,1,24,33,24,8,1,2,0,0
PIT190909040,evt,1909-09-04,0,PIT06,R,0,SLN,PIT,1,0,1,0,1,31,31,0,6,8,2,0,0,0,0,,0,0,4,1,0,0,0,0,0,0,4,1,1,1,0,0,0,0,1,0,24,37,32,4,4,8,11,3,0,0,0,2,0,2,0,0,3,0,0,2,0,0,0,9,10,,,1,24,42,24,12,6,0,0,0
PIT190909040,box,1909-09-04,0,PIT06,R,0,SLN,PIT,1,0,1,0,1,,31,0,6,8,2,0,0,,0,,0,0,4,1,0,0,0,0,0,0,4,1,1,1,0,0,0,0,1,0,24,37,32,4,4,8,11,3,0,0,0,2,0,2,0,0,3,0,0,2,0,0,0,0,0,,,1,24,41,24,11,6,0,0,0
CIN190909050,evt,1909-09-05,0,CIN06,R,0,SLN,CIN,1,1,0,0,1,43,36,6,12,14,0,1,0,0,4,,5,0,6,0,0,2,0,1,2,0,10,1,1,1,0,0,0,1,0,0,27,38,34,3,3,7,7,0,0,0,0,3,0,4,0,0,1,0,0,0,0,0,0,12,8,,,1,27,20,15,1,4,0,0,0
CIN190909050,box,1909-09-05,0,CIN06,R,0,SLN,CIN,1,1,0,0,1,,36,6,12,14,0,1,0,,4,,5,0,6,0,0,2,0,1,2,0,10,1,1,1,0,0,0,1,0,0,27,38,34,3,3,7,7,0,0,0,0,3,0,4,0,0,1,0,0,0,0,0,0,0,0,,,1,27,42,27,11,4,0,0,0
SLN190909061,evt,1909-09-06,1,STL05,R,1,SLN,CIN,1,0,1,0,1,35,30,1,5,6,1,0,0,0,1,,3,0,0,2,1,1,0,2,0,0,7,1,1,0,0,0,1,0,1,0,27,42,36,6,3,11,20,1,1,2,0,3,0,0,0,0,3,0,0,0,0,0,0,20,5,,,1,27,11,7,2,2,0,0,0
SLN190909061,box,1909-09-06,1,STL05,R,1,SLN,CIN,1,0,1,0,1,,30,1,5,6,1,0,0,,1,,3,0,,2,1,1,0,2,0,0,7,1,1,0,0,0,1,0,1,0,27,42,36,6,3,11,20,1,1,2,0,3,0,,0,0,3,0,0,0,0,0,0,0,0,,,1,27,41,27,12,2,0,0,0
SLN190909062,evt,1909-09-06,2,STL05,R,1,SLN,CIN,1,0,1,0,1,42,36,5,11,11,0,0,0,0,5,,6,0,1,2,0,0,0,0,0,0,10,1,1,0,0,0,1,0,1,0,27,38,34,6,2,8,9,1,0,0,0,0,0,0,0,0,3,1,0,0,0,0,0,18,5,,,1,27,18,9,5,4,1,0,0
SLN190909062,box,1909-09-06,2,STL05,R,1,SLN,CIN,1,0,1,0,1,,36,5,11,11,0,0,0,,5,,6,0,,2,0,0,0,0,0,0,10,1,1,0,0,0,1,0,1,0,27,38,34,6,2,8,9,1,0,0,0,0,0,0,0,0,3,1,0,0,0,0,0,0,0,,,1,27,43,27,12,4,1,0,0
CHN190909090,evt,1909-09-09,0,CHI08,R,0,SLN,CHN,1,0,1,0,1,34,33,1,7,7,0,0,0,0,1,,0,0,5,1,1,0,0,1,0,0,6,1,1,1,0,0,0,0,1,0,24,33,28,2,2,10,13,3,0,0,0,2,0,1,0,0,3,0,0,0,0,0,0,8,8,,,1,24,40,24,15,1,2,0,0
CHN190909090,box,1909-09-09,0,CHI08,R,0,SLN,CHN,1,0,1,0,1,,33,1,7,7,0,0,0,,1,,0,0,5,1,1,0,0,1,0,0,6,1,1,1,0,0,0,0,1,0,24,33,28,2,2,10,13,3,0,0,0,2,0,1,0,0,3,0,0,0,0,0,0,0,0,,,1,24,40,24,15,1,2,0,0
CHN190909101,evt,1909-09-10,1,CHI08,R,0,SLN,CHN,1,0,1,0,1,35,31,1,5,7,2,0,0,0,1,,4,0,3,0,0,0,0,2,1,0,7,1,1,1,0,0,0,0,1,0,24,32,28,3,0,5,7,2,0,0,0,2,0,4,0,0,2,0,0,0,0,0,0,9,8,,,1,24,40,24,13,3,0,0,1
CHN190909101,box,1909-09-10,1,CHI08,R,0,SLN,CHN,1,0,1,0,1,,31,1,5,7,2,0,0,,1,,4,0,3,0,0,0,0,2,1,0,7,1,1,1,0,0,0,0,1,0,24,32,28,3,0,5,7,2,0,0,0,2,0,4,0,0,2,0,0,0,0,0,0,0,0,,,1,24,41,24,14,3,0,0,1
CHN190909102,evt,1909-09-10,2,CHI08,R,0,SLN,CHN,1,0,1,0,1,36,32,3,5,8,1,1,0,0,3,,3,0,4,1,1,0,0,0,0,0,6,1,1,1,0,0,0,0,1,0,24,35,31,9,9,12,16,1,0,1,0,3,0,2,1,0,1,0,0,0,0,0,0,9,8,,,1,24,41,24,16,1,3,0,0
CHN190909102,box,1909-09-10,2,CHI08,R,0,SLN,CHN,1,0,1,0,1,,32,3,5,8,1,1,0,,3,,3,0,4,1,1,0,0,0,0,0,6,1,1,1,0,0,0,0,1,0,24,35,31,9,9,12,16,1,0,1,0,3,0,2,1,0,1,0,0,0,0,0,0,0,0,,,1,24,42,24,17,1,3,0,0
CHN190909110,evt,1909-09-11,0,CHI08,R,0,SLN,CHN,1,0,1,0,1,39,37,4,13,13,0,0,0,0,4,,1,0,5,1,0,0,1,2,0,0,8,1,1,0,0,0,1,0,1,0,24,41,37,10,10,15,19,4,0,0,0,2,0,0,0,0,2,0,0,1,0,0,0,13,7,,,1,24,42,24,16,2,1,0,0
CHN190909110,box,1909-09-11,0,CHI08,R,0,SLN,CHN,1,0,1,0,1,,37,4,13,13,0,0,0,,4,,1,0,5,1,0,0,1,2,0,0,8,1,1,0,0,0,1,0,1,0,24,41,37,10,10,15,19,4,0,0,0,2,0,0,0,0,2,0,0,1,0,0,0,0,0,,,1,24,42,24,16,2,1,0,0
SLN190909120,evt,1909-09-12,0,STL05,R,1,SLN,PIT,1,0,1,0,1,37,34,3,12,13,1,0,0,0,3,,2,0,1,0,0,1,0,1,2,0,7,1,1,1,0,0,0,0,1,0,27,43,37,4,4,9,13,0,2,0,0,6,1,0,0,0,0,0,0,0,0,0,0,21,5,,,1,27,13,8,2,3,0,0,0
SLN190909120,box,1909-09-12,0,STL05,R,1,SLN,PIT,1,0,1,0,1,,34,3,12,13,1,0,0,,3,,2,0,,0,0,1,0,1,2,0,7,1,1,1,0,0,0,0,1,0,27,43,37,4,4,9,13,0,2,0,0,6,1,,0,0,0,0,0,0,0,0,0,0,0,,,1,27,41,27,11,3,0,0,0
SLN190909130,evt,1909-09-13,0,STL05,R,1,SLN,PIT,1,0,1,0,1,35,32,1,7,10,3,0,0,0,1,,2,0,2,1,0,0,1,0,0,0,7,1,1,0,0,0,1,0,1,0,27,38,36,4,2,8,9,1,0,0,0,2,0,2,0,0,0,0,0,0,0,0,0,9,16,,,1,27,36,27,7,2,0,0,0
SLN190909130,box,1909-09-13,0,STL05,R,1,SLN,PIT,1,0,1,0,1,,32,1,7,10,3,0,0,,1,,2,0,2,1,0,0,1,0,0,0,7,1,1,0,0,0,1,0,1,0,27,38,36,4,2,8,9,1,0,0,0,2,0,2,0,0,0,0,0,0,0,0,0,0,0,,,1,27,36,27,7,2,0,0,0
SLN190909180,evt,1909-09-18,0,STL05,R,1,SLN,PHI,1,0,1,0,1,36,34,2,8,8,0,0,0,0,1,,2,0,4,0,0,0,0,1,1,0,7,1,1,0,0,0,1,0,1,0,27,41,28,7,7,8,11,1,1,0,0,8,0,2,0,0,4,1,0,4,0,0,0,9,9,,,1,27,43,27,15,1,0,0,0
SLN190909180,box,1909-09-18,0,STL05,R,1,SLN,PHI,1,0,1,0,1,,34,2,8,8,0,0,0,,1,,2,0,4,0,0,0,0,1,1,0,7,1,1,0,0,0,1,0,1,0,27,41,28,7,7,8,11,1,1,0,0,8,0,2,0,0,4,1,0,4,0,0,0,0,0,,,1,27,44,27,16,1,0,0,0
SLN190909190,evt,1909-09-19,0,STL05,R,1,SLN,PHI,1,0,1,0,1,38,31,2,7,7,0,0,0,0,1,,7,1,4,1,0,0,0,2,1,0,9,1,1,1,0,0,0,0,1,0,27,37,27,4,4,8,12,0,2,0,0,6,0,0,0,0,2,2,0,0,0,0,0,18,3,,,1,27,9,6,3,0,1,0,0
SLN190909190,box,1909-09-19,0,STL05,R,1,SLN,PHI,1,0,1,0,1,,31,2,7,7,0,0,0,,1,,7,1,,1,0,0,0,2,1,0,9,1,1,1,0,0,0,0,1,0,27,37,27,4,4,8,12,0,2,0,0,6,0,,0,0,2,2,0,0,0,0,0,0,0,,,1,27,43,27,16,0,1,0,0
SLN190909200,evt,1909-09-20,0,STL05,R,1,SLN,PHI,1,0,1,0,1,33,32,0,7,7,0,0,0,0,0,,1,0,1,1,0,0,0,1,0,0,6,1,1,1,0,0,0,0,1,0,27,31,30,2,2,4,7,0,0,1,0,0,0,2,0,0,1,0,0,0,0,0,0,9,12,,,1,27,38,27,11,0,0,0,0
SLN190909200,box,1909-09-20,0,STL05,R,1,SLN,PHI,1,0,1,0,1,,32,0,7,7,0,0,0,,0,,1,0,1,1,0,0,0,1,0,0,6,1,1,1,0,0,0,0,1,0,27,31,30,2,2,4,7,0,0,1,0,0,0,2,0,0,1,0,0,0,0,0,0,0,0,,,1,27,38,27,11,0,0,0,0
SLN190909220,evt,1909-09-22,0,STL05,R,1,SLN,NY1,1,0,1,0,1,40,39,3,12,13,1,0,0,0,3,,1,0,7,0,0,0,0,3,0,0,10,1,1,0,0,0,1,0,1,0,27,38,28,4,2,3,3,0,0,0,0,7,0,4,1,1,0,2,0,0,0,3,3,9,12,,,1,27,40,27,11,2,1,0,0
SLN190909220,box,1909-09-22,0,STL05,R,1,SLN,NY1,1,0,1,0,1,,39,3,12,13,1,0,0,,3,,1,0,7,0,0,0,0,3,0,0,10,1,1,0,0,0,1,0,1,0,27,38,28,4,2,3,3,0,0,0,0,7,0,4,1,1,0,2,0,0,0,0,0,0,0,,,1,27,40,27,11,2,1,0,0
SLN190909231,evt,1909-09-23,1,STL05,R,1,SLN,NY1,1,0,1,0,1,35,29,0,5,6,1,0,0,0,0,,5,0,2,1,0,1,0,0,1,0,8,1,1,0,0,0,1,0,1,0,27,40,37,5,5,14,17,1,1,0,0,3,0,4,2,0,0,0,0,1,0,0,0,12,7,,,1,27,42,27,15,0,2,0,0
SLN190909231,box,1909-09-23,1,STL05,R,1,SLN,NY1,1,0,1,0,1,,29,0,5,6,1,0,0,,0,,5,0,2,1,0,1,0,0,1,0,8,1,1,0,0,0,1,0,1,0,27,40,37,5,5,14,17,1,1,0,0,3,0,4,2,0,0,0,0,1,0,0,0,0,0,,,1,27,42,27,15,0,2,0,0
SLN190909232,evt,1909-09-23,2,STL05,R,1,SLN,NY1,1,0,1,0,1,45,34,5,10,10,0,0,0,0,2,,10,0,2,2,1,0,0,3,0,0,16,1,1,0,0,0,1,0,1,0,24,43,36,12,7,14,16,2,0,0,0,6,0,6,0,1,0,0,0,0,0,1,1,6,8,,,1,24,36,22,8,6,1,0,0
SLN190909232,box,1909-09-23,2,STL05,R,1,SLN,NY1,1,0,1,0,1,,34,5,10,10,0,0,0,,2,,10,0,,2,1,0,0,3,0,0,16,1,1,0,0,0,1,0,1,0,24,43,36,12,7,14,16,2,0,0,0,6,0,6,0,1,0,0,0,0,0,0,0,0,0,,,1,24,41,24,11,6,1,0,0
SLN190909240,evt,1909-09-24,0,STL05,R,1,SLN,BRO,1,0,1,0,1,45,38,6,15,18,3,0,0,0,6,,4,0,5,0,1,1,1,7,0,0,12,1,1,1,0,0,0,0,1,0,27,43,39,12,11,16,26,3,2,1,0,1,0,2,0,0,3,0,0,0,0,0,0,11,9,,,1,27,35,21,12,2,0,0,0
SLN190909240,box,1909-09-24,0,STL05,R,1,SLN,BRO,1,0,1,0,1,,38,6,15,18,3,0,0,,6,,4,0,0,0,1,1,1,7,0,0,12,1,1,1,0,0,0,0,1,0,27,43,39,12,11,16,26,3,2,1,0,1,0,2,0,0,3,0,0,0,0,0,0,0,0,,,1,27,46,27,17,2,0,0,0
SLN190909250,box,1909-09-25,0,STL05,R,1,SLN,BRO,1,1,0,0,1,,31,12,8,16,0,1,2,,10,,7,0,,0,0,1,1,1,1,0,4,1,1,0,0,0,1,1,0,1,27,41,36,4,4,12,16,2,1,0,0,3,0,,0,0,1,1,0,1,0,0,0,0,0,,,1,27,39,27,12,0,0,0,1
SLN190909250,ded,1909-09-25,0,STL05,R,1,SLN,BRO,1,1,0,0,1,40,31,12,8,16,0,1,2,0,10,,7,0,1,0,0,1,1,1,1,0,4,1,1,0,0,0,1,1,0,1,27,41,36,4,4,12,16,2,1,0,0,3,0,1,0,0,1,1,0,1,0,0,0,22,2,,,1,27,9,6,3,0,0,0,1
SLN190909261,box,1909-09-26,1,STL05,R,1,SLN,BRO,1,1,0,0,1,,34,4,8,16,0,1,2,,4,,8,0,,1,1,0,0,2,1,0,10,1,1,0,0,0,1,1,0,0,30,43,38,3,3,9,14,0,1,1,0,5,0,,0,0,0,0,0,0,0,0,0,0,0,,,1,30,46,30,15,1,1,0,0
SLN190909261,ded,1909-09-26,1,STL05,R,1,SLN,BRO,1,1,0,0,1,43,34,4,8,16,0,1,2,0,4,,8,0,1,1,1,0,0,2,1,0,10,1,1,0,0,0,1,1,0,0,30,43,38,3,3,9,14,0,1,1,0,5,0,1,0,0,0,0,0,0,0,2,0,26,2,,,1,30,9,5,3,1,1,0,0
SLN190909262,box,1909-09-26,2,STL05,R,1,SLN,BRO,1,0,1,0,1,,28,0,5,7,2,0,0,,0,,3,0,,0,0,0,0,3,1,0,7,1,1,1,0,0,0,0,1,0,24,30,24,1,0,5,6,1,0,0,0,3,0,,0,0,2,1,0,0,0,0,0,0,0,,,1,24,35,24,10,1,0,0,1
SLN190909262,ded,1909-09-26,2,STL05,R,1,SLN,BRO,1,0,1,0,1,31,28,0,5,7,2,0,0,0,0,,3,0,6,0,0,0,0,3,1,0,7,1,1,1,0,0,0,0,1,0,24,30,24,1,0,5,6,1,0,0,0,3,0,0,0,0,2,1,0,0,0,0,0,17,2,,,1,24,13,7,5,1,0,0,1
SLN190909281,evt,1909-09-28,1,STL05,R,1,SLN,BSN,1,0,1,0,1,35,32,1,6,7,1,0,0,0,1,,2,0,0,1,1,0,0,1,0,0,7,1,1,1,0,0,0,0,1,0,27,32,29,2,0,4,4,0,0,0,0,1,0,0,1,0,2,0,0,0,0,0,0,21,2,,,1,27,16,8,5,3,1,0,0
SLN190909281,box,1909-09-28,1,STL05,R,1,SLN,BSN,1,0,1,0,1,,32,1,6,7,1,0,0,,1,,2,0,,1,1,0,0,1,0,0,7,1,1,1,0,0,0,0,1,0,27,32,29,2,0,4,4,0,0,0,0,1,0,,1,0,2,0,0,0,0,0,0,0,0,,,1,27,41,27,11,3,1,0,0
SLN190909282,evt,1909-09-28,2,STL05,R,1,SLN,BSN,1,1,0,0,1,37,31,7,10,16,0,3,0,0,4,,3,0,1,1,1,1,1,1,0,0,6,1,1,1,0,0,0,1,0,0,27,37,31,3,3,7,8,1,0,0,0,4,0,5,0,1,1,0,0,1,0,0,0,17,2,,,1,27,17,11,4,2,1,0,0
SLN190909282,box,1909-09-28,2,STL05,R,1,SLN,BSN,1,1,0,0,1,,31,7,10,16,0,3,0,,4,,3,0,0,1,1,1,1,1,0,0,6,1,1,1,0,0,0,1,0,0,27,37,31,3,3,7,8,1,0,0,0,4,0,,0,1,1,0,0,1,0,0,0,0,0,,,1,27,38,27,9,2,1,0,0
SLN190909290,box,1909-09-29,0,STL05,R,1,SLN,BSN,1,1,0,0,1,,29,2,5,5,0,0,0,,1,,2,0,,0,0,1,0,1,1,0,4,1,1,1,0,0,0,1,0,0,27,34,31,1,1,9,11,2,0,0,0,1,0,0,0,0,2,0,0,0,0,0,0,0,0,,,1,27,47,27,20,0,0,0,0
SLN190909290,ded,1909-09-29,0,STL05,R,1,SLN,BSN,1,1,0,0,1,32,29,2,5,5,0,0,0,0,1,,2,0,0,0,0,1,0,1,1,0,4,1,1,1,0,0,0,1,0,0,27,34,31,1,1,9,11,2,0,0,0,1,0,0,0,0,2,0,0,0,0,0,0,22,0,,,1,27,6,3,3,0,0,0,0
SLN190909300,evt,1909-09-30,0,STL05,R,1,SLN,BSN,1,0,1,0,1,36,31,2,5,6,1,0,0,0,2,,5,0,3,1,0,0,0,0,0,0,7,1,1,1,0,0,0,0,1,0,27,39,34,4,3,10,11,1,0,0,0,0,0,3,0,0,4,1,0,0,0,0,0,12,7,,,1,27,50,27,18,5,1,0,0
SLN190909300,box,1909-09-30,0,STL05,R,1,SLN,BSN,1,0,1,0,1,,31,2,5,6,1,0,0,,2,,5,0,3,1,0,0,0,0,0,0,7,1,1,1,0,0,0,0,1,0,27,39,34,4,3,10,11,1,0,0,0,0,0,3,0,0,4,1,0,0,0,0,0,0,0,,,1,27,51,27,19,5,1,0,0
CIN190910010,evt,1909-10-01,0,CIN06,R,0,SLN,CIN,1,0,1,0,1,39,38,5,14,14,0,0,0,0,5,,0,0,4,1,1,0,0,0,2,0,7,1,1,1,0,0,0,0,1,0,24,38,28,6,5,9,15,0,3,0,0,7,0,10,0,1,1,1,0,0,0,0,0,5,5,,,1,24,22,18,2,2,0,0,1
CIN190910010,box,1909-10-01,0,CIN06,R,0,SLN,CIN,1,0,1,0,1,,38,5,14,14,0,0,0,,5,,0,0,4,1,1,0,0,0,2,0,7,1,1,1,0,0,0,0,1,0,24,38,28,6,5,9,15,0,3,0,0,7,0,10,0,1,1,1,0,0,0,0,0,0,0,,,1,24,35,24,9,2,0,0,1
CIN190910020,evt,1909-10-02,0,CIN06,R,0,SLN,CIN,1,1,0,0,1,42,38,8,14,17,3,0,0,0,8,,3,0,4,1,0,1,0,3,2,0,7,1,1,1,0,0,0,1,0,0,27,38,32,3,3,6,8,0,1,0,0,6,0,5,0,0,0,0,0,0,0,0,0,11,8,,,1,27,27,20,5,2,0,0,1
CIN190910020,box,1909-10-02,0,CIN06,R,0,SLN,CIN,1,1,0,0,1,,38,8,14,17,3,0,0,,8,,3,0,4,1,0,1,0,3,2,0,7,1,1,1,0,0,0,1,0,0,27,38,32,3,3,6,8,0,1,0,0,6,0,5,0,0,0,0,0,0,0,0,0,0,0,,,1,27,39,27,10,2,0,0,1
CIN190910031,evt,1909-10-03,1,CIN06,R,0,SLN,CIN,1,0,1,0,1,40,35,4,7,10,1,1,0,0,3,,5,0,4,0,0,0,0,0,0,0,9,1,1,0,0,0,1,0,1,0,24,35,32,6,2,9,12,1,1,0,0,1,0,4,0,0,2,0,0,0,0,0,0,9,7,,,1,24,30,19,9,2,1,0,0
CIN190910031,box,1909-10-03,1,CIN06,R,0,SLN,CIN,1,0,1,0,1,,35,4,7,10,1,1,0,,3,,5,0,4,0,0,0,0,0,0,0,9,1,1,0,0,0,1,0,1,0,24,35,32,6,2,9,12,1,1,0,0,1,0,4,0,0,2,0,0,0,0,0,0,0,0,,,1,24,37,24,11,2,1,0,0
CIN190910032,evt,1909-10-03,2,CIN06,R,0,SLN,CIN,1,1,0,0,1,32,29,8,11,11,0,0,0,0,4,,2,0,3,0,0,1,0,4,1,0,6,1,1,1,0,0,0,1,0,0,18,24,23,1,1,6,7,1,0,0,0,1,0,1,0,0,0,0,0,0,0,0,0,8,6,,,1,18,16,11,4,1,0,0,1
CIN190910032,box,1909-10-03,2,CIN06,R,0,SLN,CIN,1,1,0,0,1,,29,8,11,11,0,0,0,,4,,2,0,3,0,0,1,0,4,1,0,6,1,1,1,0,0,0,1,0,0,18,24,23,1,1,6,7,1,0,0,0,1,0,1,0,0,0,0,0,0,0,0,0,0,0,,,1,18,29,18,10,1,0,0,1
SLN190910051,evt,1909-10-05,1,STL05,R,1,SLN,CHN,1,0,1,0,1,36,31,1,5,6,1,0,0,0,1,,5,0,3,1,0,0,0,0,1,0,8,1,1,0,0,0,1,0,1,0,27,42,40,6,6,18,21,1,1,0,0,1,0,2,0,0,1,0,0,1,0,0,0,5,13,,,1,27,45,27,16,2,2,0,0
SLN190910051,box,1909-10-05,1,STL05,R,1,SLN,CHN,1,0,1,0,1,,31,1,5,6,1,0,0,,1,,5,0,3,1,0,0,0,0,1,0,8,1,1,0,0,0,1,0,1,0,27,42,40,6,6,18,21,1,1,0,0,1,0,2,0,0,1,0,0,1,0,0,0,0,0,,,1,27,45,27,16,2,2,0,0
SLN190910052,evt,1909-10-05,2,STL05,R,1,SLN,CHN,1,1,0,0,1,33,30,4,6,6,0,0,0,0,4,,3,0,2,0,0,0,0,1,2,0,5,1,1,0,0,0,1,1,0,1,27,32,29,3,3,5,5,0,0,0,0,2,0,3,0,0,0,1,0,0,0,0,0,8,14,,,1,27,38,27,10,1,0,0,0
SLN190910052,box,1909-10-05,2,STL05,R,1,SLN,CHN,1,1,0,0,1,,30,4,6,6,0,0,0,,4,,3,0,2,0,0,0,0,1,2,0,5,1,1,0,0,0,1,1,0,1,27,32,29,3,3,5,5,0,0,0,0,2,0,3,0,0,0,1,0,0,0,0,0,0,0,,,1,27,38,27,10,1,0,0,0
SLN190910061,evt,1909-10-06,1,STL05,R,1,SLN,CHN,1,0,1,0,1,34,31,0,6,6,0,0,0,0,0,,3,0,1,1,0,0,0,1,1,0,7,1,1,1,0,0,0,0,1,0,27,42,37,8,8,12,18,1,1,1,0,4,0,2,0,0,1,0,0,1,0,0,0,16,7,,,1,27,46,27,19,0,0,0,0
SLN190910061,box,1909-10-06,1,STL05,R,1,SLN,CHN,1,0,1,0,1,,31,0,6,6,0,0,0,,0,,3,0,1,1,0,0,0,1,1,0,7,1,1,1,0,0,0,0,1,0,27,42,37,8,8,12,18,1,1,1,0,4,0,2,0,0,1,0,0,1,0,0,0,0,0,,,1,27,46,27,19,0,0,0,0
SLN190910062,evt,1909-10-06,2,STL05,R,1,SLN,CHN,1,0,1,0,1,33,32,1,8,8,0,0,0,0,1,,0,0,2,1,0,1,0,0,1,0,5,1,1,0,0,0,1,0,1,0,27,41,38,5,4,11,13,0,1,0,0,2,0,1,1,0,1,0,0,0,0,0,0,6,17,,,1,27,40,27,10,3,1,0,0
SLN190910062,box,1909-10-06,2,STL05,R,1,SLN,CHN,1,0,1,0,1,,32,1,8,8,0,0,0,,1,,0,0,2,1,0,1,0,0,1,0,5,1,1,0,0,0,1,0,1,0,27,41,38,5,4,11,13,0,1,0,0,2,0,1,1,0,1,0,0,0,0,0,0,0,0,,,1,27,40,27,10,3,1,0,0
WS1190904120,evt,1909-04-12,0,WAS08,R,1,WS1,NYA,1,1,0,0,1,35,30,4,8,9,1,0,0,0,3,,2,0,6,0,1,1,1,1,2,0,7,1,1,1,0,0,0,1,0,0,27,33,30,1,1,4,7,1,1,0,0,2,0,10,0,0,1,0,0,0,1,0,0,9,6,,,1,27,38,27,10,1,0,0,0
WS1190904120,box,1909-04-12,0,WAS08,R,1,WS1,NYA,1,1,0,0,1,,30,4,8,9,1,0,0,,3,,2,0,6,0,1,1,1,1,2,0,7,1,1,1,0,0,0,1,0,0,27,33,30,1,1,4,7,1,1,0,0,2,0,10,0,0,1,0,0,0,1,0,0,0,0,,,1,27,38,27,10,1,0,0,0
WS1190904130,evt,1909-04-13,0,WAS08,R,1,WS1,NYA,1,0,1,0,1,36,33,0,6,7,1,0,0,0,0,,2,0,5,0,0,1,0,1,0,0,9,1,1,0,0,0,1,0,1,0,27,39,35,5,2,7,8,1,0,0,0,3,0,2,0,0,1,0,0,1,0,0,0,17,5,,,1,27,40,22,14,4,0,0,0
WS1190904130,box,1909-04-13,0,WAS08,R,1,WS1,NYA,1,0,1,0,1,,33,0,6,7,1,0,0,,0,,2,0,5,0,0,1,0,1,0,0,9,1,1,0,0,0,1,0,1,0,27,39,35,5,2,7,8,1,0,0,0,3,0,1,0,0,1,0,0,1,0,0,0,0,0,,,1,27,48,27,17,4,0,0,0
WS1190904150,evt,1909-04-15,0,WAS08,R,1,WS1,NYA,1,0,1,0,1,32,31,1,5,6,1,0,0,0,1,,0,0,3,0,1,0,0,0,1,0,4,1,1,0,0,0,1,0,1,0,27,36,27,4,4,5,7,2,0,0,0,3,0,2,0,2,4,0,0,1,0,2,2,9,9,,,1,27,42,27,15,0,1,0,0
WS1190904150,box,1909-04-15,0,WAS08,R,1,WS1,NYA,1,0,1,0,1,,31,1,5,6,1,0,0,,1,,0,0,3,0,1,0,0,0,1,0,4,1,1,0,0,0,1,0,1,0,27,36,27,4,4,5,7,2,0,0,0,3,0,2,0,2,4,0,0,1,0,0,0,0,0,,,1,27,42,27,15,0,1,0,0
WS1190904160,evt,1909-04-16,0,WAS08,R,1,WS1,BOS,1,1,0,0,1,37,30,3,9,11,0,1,0,0,3,,2,0,1,0,1,3,1,0,2,0,10,1,1,1,0,0,0,1,0,0,27,36,35,2,1,8,13,3,1,0,0,0,0,5,0,1,0,0,0,0,0,0,0,16,6,,,1,27,26,18,7,1,0,0,0
WS1190904160,box,1909-04-16,0,WAS08,R,1,WS1,BOS,1,1,0,0,1,,30,3,9,11,0,1,0,,3,,2,0,1,0,1,3,1,0,2,0,10,1,1,1,0,0,0,1,0,0,27,36,35,2,1,8,13,3,1,0,0,0,0,5,0,1,0,0,0,0,0,0,0,0,0,,,1,27,40,27,12,1,0,0,0
WS1190904170,evt,1909-04-17,0,WAS08,R,1,WS1,BOS,1,0,1,0,1,36,31,1,7,7,0,0,0,0,1,,4,0,4,2,0,1,0,2,0,0,8,1,1,0,0,0,1,0,1,0,27,40,35,6,5,12,13,1,0,0,0,3,1,4,1,0,2,0,0,1,0,3,1,11,5,,,1,27,45,26,15,4,2,0,0
WS1190904170,box,1909-04-17,0,WAS08,R,1,WS1,BOS,1,0,1,0,1,,31,1,7,7,0,0,0,,1,,4,0,4,2,0,1,0,2,0,0,8,1,1,0,0,0,1,0,1,0,27,40,35,6,5,12,13,1,0,0,0,3,1,4,1,0,2,0,0,1,0,0,0,0,0,,,1,27,45,26,15,4,2,0,0
WS1190904190,evt,1909-04-19,0,WAS08,R,1,WS1,BOS,1,0,1,0,1,40,32,4,7,7,0,0,0,0,4,,6,0,1,0,1,0,1,3,1,0,9,1,1,1,0,0,0,0,1,0,27,36,33,8,6,11,12,1,0,0,0,3,0,4,1,0,0,0,0,1,0,0,0,9,7,,,1,27,49,27,18,4,2,0,0
WS1190904190,box,1909-04-19,0,WAS08,R,1,WS1,BOS,1,0,1,0,1,,32,4,7,7,0,0,0,,4,,6,0,1,0,1,0,1,3,1,0,9,1,1,1,0,0,0,0,1,0,27,36,33,8,6,11,12,1,0,0,0,3,0,4,1,0,0,0,0,1,0,0,0,0,0,,,1,27,49,27,18,4,2,0,0
NYA190904220,evt,1909-04-22,0,NYC13,R,0,WS1,NYA,1,0,1,0,1,33,30,1,7,8,1,0,0,0,1,,1,0,2,1,1,1,0,2,0,0,5,1,1,1,0,0,0,0,1,0,24,33,30,8,8,9,14,2,0,1,0,2,0,2,0,1,0,0,0,0,0,0,0,11,8,,,1,24,39,24,15,0,1,0,0
NYA190904220,box,1909-04-22,0,NYC13,R,0,WS1,NYA,1,0,1,0,1,,30,1,7,8,1,0,0,,1,,1,0,2,1,1,1,0,2,0,0,5,1,1,1,0,0,0,0,1,0,24,33,30,8,8,9,14,2,0,1,0,2,0,2,0,1,0,0,0,0,0,0,0,0,0,,,1,24,39,24,15,0,1,0,0
NYA190904240,evt,1909-04-24,0,NYC13,R,0,WS1,NYA,1,0,1,0,1,34,33,0,5,7,0,1,0,0,0,,1,0,4,0,0,0,0,1,0,0,7,1,1,0,0,0,1,0,1,0,24,48,38,17,14,15,16,1,0,0,0,6,0,1,1,2,1,1,0,1,0,3,3,13,6,,,1,24,43,24,15,4,1,0,0
NYA190904240,box,1909-04-24,0,NYC13,R,0,WS1,NYA,1,0,1,0,1,,33,0,5,7,0,1,0,,0,,1,0,4,0,0,0,0,1,0,0,7,1,1,0,0,0,1,0,1,0,24,48,38,17,14,15,16,1,0,0,0,6,0,1,1,2,1,1,0,1,0,0,0,0,0,,,1,24,43,24,15,4,1,0,0
WS1190904260,evt,1909-04-26,0,WAS08,R,1,WS1,PHA,1,0,1,0,1,31,29,1,3,3,0,0,0,0,1,,2,0,8,0,0,0,0,0,1,0,3,1,1,0,0,0,1,0,1,0,27,39,33,3,1,7,9,2,0,0,0,3,0,1,0,0,3,0,0,0,0,0,0,13,10,,,1,27,46,27,15,4,0,0,0
WS1190904260,box,1909-04-26,0,WAS08,R,1,WS1,PHA,1,0,1,0,1,,29,1,3,3,0,0,0,,1,,2,0,8,0,0,0,0,0,1,0,3,1,1,0,0,0,1,0,1,0,27,39,33,3,1,7,9,2,0,0,0,3,0,1,0,0,3,0,0,0,0,0,0,0,0,,,1,27,46,27,15,4,0,0,0
WS1190904280,evt,1909-04-28,0,WAS08,R,1,WS1,PHA,1,1,0,0,1,42,36,3,8,11,3,0,0,0,1,,5,2,6,0,0,1,0,2,1,0,12,1,1,1,0,0,0,1,0,0,30,37,33,2,2,7,9,2,0,0,0,2,0,6,0,0,2,0,0,0,0,0,0,11,8,,,1,30,46,30,16,0,1,0,0
WS1190904280,box,1909-04-28,0,WAS08,R,1,WS1,PHA,1,1,0,0,1,,36,3,8,11,3,0,0,,1,,5,2,6,0,0,1,0,2,1,0,12,1,1,1,0,0,0,1,0,0,30,37,33,2,2,7,9,2,0,0,0,2,0,6,0,0,2,0,0,0,0,0,0,0,0,,,1,30,46,30,16,0,1,0,0
BOS190905030,evt,1909-05-03,0,BOS06,R,0,WS1,BOS,1,0,1,0,1,36,34,1,8,9,1,0,0,0,1,,2,0,4,0,0,0,0,0,1,0,8,1,1,0,0,0,1,0,1,0,24,34,30,7,6,10,13,0,0,1,0,2,0,2,0,1,1,0,0,1,0,0,0,9,8,,,1,24,23,16,6,1,1,0,0
BOS190905030,box,1909-05-03,0,BOS06,R,0,WS1,BOS,1,0,1,0,1,,34,1,8,9,1,0,0,,1,,2,0,4,0,0,0,0,0,1,0,8,1,1,0,0,0,1,0,1,0,24,34,30,7,6,10,13,0,0,1,0,2,0,2,0,1,1,0,0,1,0,0,0,0,0,,,1,24,36,24,11,1,1,0,0
BOS190905040,evt,1909-05-04,0,BOS06,R,0,WS1,BOS,1,1,0,0,1,29,26,1,2,4,0,1,0,0,0,,2,0,5,0,1,0,0,2,1,0,1,1,1,1,1,0,0,1,0,0,27,28,25,0,0,3,3,0,0,0,0,2,0,2,1,1,0,0,0,0,0,0,0,16,4,,,1,27,48,27,21,0,2,0,0
BOS190905040,box,1909-05-04,0,BOS06,R,0,WS1,BOS,1,1,0,0,1,,26,1,2,4,0,1,0,,0,,2,0,5,0,1,0,0,2,1,0,1,1,1,1,1,0,0,1,0,0,27,28,25,0,0,3,3,0,0,0,0,2,0,2,1,1,0,0,0,0,0,0,0,0,0,,,1,27,48,27,21,0,2,0,0
PHA190905050,evt,1909-05-05,0,PHI11,R,0,WS1,PHA,1,1,0,0,1,39,31,4,6,6,0,0,0,0,3,,4,0,4,0,1,3,0,2,2,0,8,1,1,0,0,0,1,1,0,0,27,42,37,3,3,10,15,1,2,0,0,5,0,5,1,0,0,0,0,0,0,0,0,13,7,,,1,27,45,27,17,1,1,0,0
PHA190905050,box,1909-05-05,0,PHI11,R,0,WS1,PHA,1,1,0,0,1,,31,4,6,6,0,0,0,,3,,4,0,4,0,1,3,0,2,2,0,8,1,1,0,0,0,1,1,0,0,27,42,37,3,3,10,15,1,2,0,0,5,0,5,1,0,0,0,0,0,0,0,0,0,0,,,1,27,45,27,17,1,1,0,0
PHA190905060,evt,1909-05-06,0,PHI11,R,0,WS1,PHA,1,0,1,0,1,32,32,1,5,6,1,0,0,0,1,,0,0,5,0,0,0,0,0,0,0,4,1,1,1,0,0,0,0,1,0,25,34,29,2,1,7,8,1,0,0,0,3,0,3,1,0,2,0,0,1,0,0,0,12,6,,,1,25,40,25,13,2,1,0,0
PHA190905060,box,1909-05-06,0,PHI11,R,0,WS1,PHA,1,0,1,0,1,,32,1,5,6,1,0,0,,1,,0,0,5,0,0,0,0,0,0,0,4,1,1,1,0,0,0,0,1,0,25,34,29,2,1,7,8,1,0,0,0,3,0,3,1,0,2,0,0,1,0,0,0,0,0,,,1,25,40,25,13,2,1,0,0
PHA190905070,evt,1909-05-07,0,PHI11,R,0,WS1,PHA,1,0,1,0,1,36,32,0,7,8,1,0,0,0,0,,2,0,5,0,0,2,0,1,1,0,9,1,1,1,0,0,0,0,1,0,25,31,28,1,0,5,9,0,2,0,0,2,0,9,0,0,1,0,0,0,0,0,0,2,11,,,1,25,34,25,6,3,0,0,0
PHA190905070,box,1909-05-07,0,PHI11,R,0,WS1,PHA,1,0,1,0,1,,32,0,7,8,1,0,0,,0,,2,0,5,0,0,2,0,1,1,0,9,1,1,1,0,0,0,0,1,0,25,31,28,1,0,5,9,0,2,0,0,2,0,9,0,0,1,0,0,0,0,0,0,0,0,,,1,25,34,25,6,3,0,0,0
PHA190905080,evt,1909-05-08,0,PHI11,R,0,WS1,PHA,1,0,1,0,1,35,30,0,5,8,1,1,0,0,0,,4,0,5,1,0,1,0,1,0,0,8,1,1,0,0,0,1,0,1,0,24,27,24,1,1,5,9,2,1,0,0,2,0,6,0,0,1,0,0,0,0,1,0,6,6,,,1,24,37,24,13,0,4,0,0
PHA190905080,box,1909-05-08,0,PHI11,R,0,WS1,PHA,1,0,1,0,1,,30,0,5,8,1,1,0,,0,,4,0,5,1,0,1,0,1,0,0,8,1,1,0,0,0,1,0,1,0,24,27,24,1,1,5,9,2,1,0,0,2,0,6,0,0,1,0,0,0,0,0,0,0,0,,,1,24,37,24,13,0,4,0,0
CHA190905100,evt,1909-05-10,0,CHI09,R,0,WS1,CHA,1,0,1,0,1,40,37,0,4,4,0,0,0,0,0,,1,0,5,1,0,2,0,0,0,0,7,1,1,1,0,0,0,0,1,0,32,38,35,1,1,6,6,0,0,0,0,2,0,5,0,0,1,0,0,0,0,0,0,12,8,,,1,32,51,32,18,1,0,0,0
CHA190905100,box,1909-05-10,0,CHI09,R,0,WS1,CHA,1,0,1,0,1,,37,0,4,4,0,0,0,,0,,1,0,5,1,0,2,0,0,0,0,7,1,1,1,0,0,0,0,1,0,32,38,35,1,1,6,6,0,0,0,0,2,0,5,0,0,1,0,0,0,0,0,0,0,0,,,1,32,51,32,18,1,0,0,0
CHA190905110,evt,1909-05-11,0,CHI09,R,0,WS1,CHA,1,0,1,0,1,38,36,3,5,7,2,0,0,0,2,,1,0,4,0,0,0,1,2,0,0,8,1,1,0,0,0,1,0,1,0,24,42,29,5,5,8,11,3,0,0,0,8,0,9,0,3,1,1,0,1,0,4,1,11,2,,,1,24,20,15,5,0,0,0,1
CHA190905110,box,1909-05-11,0,CHI09,R,0,WS1,CHA,1,0,1,0,1,,36,3,5,7,2,0,0,,2,,1,0,4,0,0,0,1,2,0,0,8,1,1,0,0,0,1,0,1,0,24,42,29,5,5,8,11,3,0,0,0,8,0,9,0,3,1,1,0,1,0,0,0,0,0,,,1,24,36,24,12,0,0,0,1
CHA190905120,evt,1909-05-12,0,CHI09,R,0,WS1,CHA,1,1,0,0,1,39,33,6,10,15,5,0,0,0,4,,3,0,3,0,2,1,0,2,2,0,6,1,1,0,0,0,1,1,0,1,27,39,36,2,1,10,11,1,0,0,0,1,0,4,2,0,2,0,0,0,0,2,0,8,11,,,1,27,41,27,11,3,2,0,0
CHA190905120,box,1909-05-12,0,CHI09,R,0,WS1,CHA,1,1,0,0,1,,33,6,10,15,5,0,0,,4,,3,0,3,0,2,1,0,2,2,0,6,1,1,0,0,0,1,1,0,1,27,39,36,2,1,10,11,1,0,0,0,1,0,4,2,0,2,0,0,0,0,0,0,0,0,,,1,27,41,27,11,3,2,0,0
CHA190905130,evt,1909-05-13,0,CHI09,R,0,WS1,CHA,1,0,0,1,1,59,56,1,6,7,1,0,0,0,1,,1,0,2,0,0,2,0,1,0,0,7,1,1,0,0,0,1,0,0,0,51,72,58,1,1,13,16,3,0,0,0,9,4,4,0,0,5,0,0,0,0,9,0,21,20,,,1,51,60,41,17,2,0,0,1
CHA190905130,box,1909-05-13,0,CHI09,R,0,WS1,CHA,1,0,0,1,1,,56,1,6,7,1,0,0,,1,,1,0,,0,0,2,0,1,0,0,7,1,1,0,0,0,1,0,0,0,51,72,58,1,1,13,16,3,0,0,0,9,4,4,0,0,5,0,0,0,0,0,0,0,0,,,1,51,75,51,22,2,0,0,1
SLA190905140,evt,1909-05-14,0,STL07,R,0,WS1,SLA,1,0,1,0,1,36,32,4,10,11,1,0,0,0,4,,1,0,2,0,0,3,0,0,1,0,5,1,1,0,0,0,1,0,1,0,24,32,28,5,3,6,9,3,0,0,0,4,0,2,1,0,0,0,0,0,0,0,0,17,1,,,1,24,25,13,10,2,1,0,0
SLA190905140,box,1909-05-14,0,STL07,R,0,WS1,SLA,1,0,1,0,1,,32,4,10,11,1,0,0,,4,,1,0,,0,0,3,0,0,1,0,5,1,1,0,0,0,1,0,1,0,24,32,28,5,3,6,9,3,0,0,0,4,0,,1,0,0,0,0,0,0,0,0,0,0,,,1,24,39,24,13,2,1,0,0
SLA190905150,evt,1909-05-15,0,STL07,R,0,WS1,SLA,1,0,1,0,1,33,28,1,6,6,0,0,0,0,1,,2,0,3,0,0,3,0,0,2,0,5,1,1,1,0,0,0,0,1,0,24,35,33,7,4,9,15,4,1,0,0,1,0,4,0,0,1,0,0,0,0,0,0,10,7,,,1,24,32,19,11,2,1,0,0
SLA190905150,box,1909-05-15,0,STL07,R,0,WS1,SLA,1,0,1,0,1,,28,1,6,6,0,0,0,,1,,2,0,,0,0,3,0,0,2,0,5,1,1,1,0,0,0,0,1,0,24,35,33,7,4,9,15,4,1,0,0,1,0,4,0,0,1,0,0,0,0,0,0,0,0,,,1,24,39,24,13,2,1,0,0
SLA190905160,evt,1909-05-16,0,STL07,R,0,WS1,SLA,1,0,1,0,1,41,33,3,7,10,3,0,0,0,3,,5,1,7,2,1,2,0,0,0,0,11,1,1,1,0,0,0,0,1,0,24,32,29,4,4,7,9,0,1,0,0,2,1,0,0,0,0,1,0,0,0,0,0,17,5,,,1,24,16,10,5,1,1,0,0
SLA190905160,box,1909-05-16,0,STL07,R,0,WS1,SLA,1,0,1,0,1,,33,3,7,10,3,0,0,,3,,5,1,1,2,1,2,0,0,0,0,11,1,1,1,0,0,0,0,1,0,24,32,29,4,4,7,9,0,1,0,0,2,1,,0,0,0,1,0,0,0,0,0,0,0,,,1,24,36,24,11,1,1,0,0
SLA190905170,evt,1909-05-17,0,STL07,R,0,WS1,SLA,1,0,1,0,1,29,27,0,2,4,0,1,0,0,0,,1,0,5,2,1,0,0,0,0,0,2,1,1,1,0,0,0,0,1,0,24,30,26,4,1,4,4,0,0,0,0,4,0,0,2,0,0,0,0,0,0,0,0,18,2,,,1,24,22,13,7,2,2,0,0
SLA190905170,box,1909-05-17,0,STL07,R,0,WS1,SLA,1,0,1,0,1,,27,0,2,4,0,1,0,,0,,1,0,5,2,1,0,0,0,0,0,2,1,1,1,0,0,0,0,1,0,24,30,26,4,1,4,4,0,0,0,0,4,0,,2,0,0,0,0,0,0,0,0,0,0,,,1,24,38,24,12,2,2,0,0
CLE190905190,evt,1909-05-19,0,CLE05,R,0,WS1,CLE,1,0,1,0,1,36,33,4,10,15,1,2,0,0,4,,2,0,7,0,0,1,0,0,2,0,5,1,1,1,0,0,0,0,1,0,24,38,36,7,5,13,19,3,0,1,0,1,1,2,0,0,1,0,0,1,0,0,0,16,4,,,1,24,13,8,2,3,0,0,0
CLE190905190,box,1909-05-19,0,CLE05,R,0,WS1,CLE,1,0,1,0,1,,33,4,10,15,1,2,0,,4,,2,0,7,0,0,1,0,0,2,0,5,1,1,1,0,0,0,0,1,0,24,38,36,7,5,13,19,3,0,1,0,1,1,2,0,0,1,0,0,1,0,0,0,0,0,,,1,24,36,24,9,3,0,0,0
CLE190905200,evt,1909-05-20,0,CLE05,R,0,WS1,CLE,1,1,0,0,1,38,37,3,7,10,1,1,0,0,3,,1,0,1,0,0,0,0,0,1,0,5,1,1,1,0,0,0,1,0,0,30,37,35,2,1,9,11,0,1,0,0,1,0,10,0,0,1,0,0,0,0,0,0,14,1,,,1,30,27,19,7,1,0,0,0
CLE190905200,box,1909-05-20,0,CLE05,R,0,WS1,CLE,1,1,0,0,1,,37,3,7,10,1,1,0,,3,,1,0,1,0,0,0,0,0,1,0,5,1,1,1,0,0,0,1,0,0,30,37,35,2,1,9,11,0,1,0,0,1,0,10,0,0,1,0,0,0,0,0,0,0,0,,,1,30,44,30,13,1,0,0,0
CLE190905210,evt,1909-05-21,0,CLE05,R,0,WS1,CLE,1,0,1,0,1,35,29,1,7,8,1,0,0,0,1,,4,0,4,0,0,2,0,0,2,0,7,1,1,1,0,0,0,0,1,0,24,34,30,4,4,7,9,0,1,0,0,1,0,2,1,0,3,0,0,0,0,0,0,14,3,,,1,24,22,14,8,0,1,0,0
CLE190905210,box,1909-05-21,0,CLE05,R,0,WS1,CLE,1,0,1,0,1,,29,1,7,8,1,0,0,,1,,4,0,4,0,0,2,0,0,2,0,7,1,1,1,0,0,0,0,1,0,24,34,30,4,4,7,9,0,1,0,0,1,0,2,1,0,3,0,0,0,0,0,0,0,0,,,1,24,44,24,20,0,1,0,0
CLE190905220,evt,1909-05-22,0,CLE05,R,0,WS1,CLE,1,1,0,0,1,37,32,4,8,11,1,1,0,0,2,,3,0,9,0,1,1,0,1,1,0,6,1,1,0,0,0,1,1,0,1,27,35,35,1,1,7,10,1,1,0,0,0,0,13,1,0,0,0,0,0,0,0,0,6,6,,,1,27,35,27,6,2,1,0,0
CLE190905220,box,1909-05-22,0,CLE05,R,0,WS1,CLE,1,1,0,0,1,,32,4,8,11,1,1,0,,2,,3,0,9,0,1,1,0,1,1,0,6,1,1,0,0,0,1,1,0,1,27,35,35,1,1,7,10,1,1,0,0,0,0,13,1,0,0,0,0,0,0,0,0,0,0,,,1,27,35,27,6,2,1,0,0
DET190905230,evt,1909-05-23,0,DET02,R,0,WS1,DET,1,0,1,0,1,36,31,2,6,10,2,1,0,0,1,,1,0,3,0,1,2,1,1,0,0,7,1,1,1,0,0,0,0,1,0,24,28,26,4,3,4,5,1,0,0,0,1,0,0,0,0,1,0,0,0,0,0,0,21,1,,,1,24,8,4,3,1,0,0,0
DET190905230,box,1909-05-23,0,DET02,R,0,WS1,DET,1,0,1,0,1,,31,2,6,10,2,1,0,,1,,1,0,0,0,1,2,1,1,0,0,7,1,1,1,0,0,0,0,1,0,24,28,26,4,3,4,5,1,0,0,0,1,0,,0,0,1,0,0,0,0,0,0,0,0,,,1,24,36,24,11,1,0,0,0
DET190905240,evt,1909-05-24,0,DET02,R,0,WS1,DET,1,0,1,0,1,36,31,1,7,8,1,0,0,0,1,,3,0,3,0,0,2,0,0,0,0,8,1,1,0,0,0,1,0,1,0,24,41,39,10,8,16,20,2,1,0,0,2,0,0,1,0,0,0,0,3,0,2,1,12,8,,,1,24,33,17,13,3,1,0,0
DET190905240,box,1909-05-24,0,DET02,R,0,WS1,DET,1,0,1,0,1,,31,1,7,8,1,0,0,,1,,3,0,,0,0,2,0,0,0,0,8,1,1,0,0,0,1,0,1,0,24,41,39,10,8,16,20,2,1,0,0,2,0,,1,0,0,0,0,3,0,0,0,0,0,,,1,24,41,24,14,3,1,0,0
DET190905250,evt,1909-05-25,0,DET02,R,0,WS1,DET,1,0,1,0,1,37,32,4,6,9,1,1,0,0,4,,2,0,4,0,0,2,1,0,0,0,6,1,1,0,0,0,1,0,1,0,24,36,30,7,4,10,15,3,1,0,0,4,0,3,0,0,1,1,0,0,0,0,0,9,8,,,1,24,22,15,6,1,0,0,1
DET190905250,box,1909-05-25,0,DET02,R,0,WS1,DET,1,0,1,0,1,,32,4,6,9,1,1,0,,4,,2,0,4,0,0,2,1,0,0,0,6,1,1,0,0,0,1,0,1,0,24,36,30,7,4,10,15,3,1,0,0,4,0,3,0,0,1,1,0,0,0,0,0,0,0,,,1,24,37,24,12,1,0,0,1
DET190905260,evt,1909-05-26,0,DET02,R,0,WS1,DET,1,1,0,0,1,33,30,3,6,9,0,0,1,0,3,,0,0,1,0,0,2,1,1,0,0,3,1,1,1,0,0,0,1,0,0,27,32,29,1,1,5,5,0,0,0,0,1,0,1,0,0,2,0,0,0,0,0,0,16,7,,,1,27,14,10,4,0,0,0,0
DET190905260,box,1909-05-26,0,DET02,R,0,WS1,DET,1,1,0,0,1,,30,3,6,9,0,0,1,,3,,0,0,,0,0,2,1,1,0,0,3,1,1,1,0,0,0,1,0,0,27,32,29,1,1,5,5,0,0,0,0,1,0,0,0,0,2,0,0,0,0,0,0,0,0,,,1,27,41,27,14,0,0,0,0
PHA190905280,evt,1909-05-28,0,PHI11,R,0,WS1,PHA,1,0,1,0,1,33,29,1,4,5,1,0,0,0,1,,2,0,7,0,1,1,0,1,2,0,5,1,1,1,0,0,0,0,1,0,24,32,30,3,3,8,14,2,2,0,0,1,0,6,0,0,1,0,0,0,0,0,0,7,8,,,1,24,33,24,9,0,0,0,0
PHA190905280,box,1909-05-28,0,PHI11,R,0,WS1,PHA,1,0,1,0,1,,29,1,4,5,1,0,0,,1,,2,0,7,0,1,1,0,1,2,0,5,1,1,1,0,0,0,0,1,0,24,32,30,3,3,8,14,2,2,0,0,1,0,6,0,0,1,0,0,0,0,0,0,0,0,,,1,24,33,24,9,0,0,0,0
WS1190905290,evt,1909-05-29,0,WAS08,R,1,WS1,NYA,1,0,1,0,1,35,30,2,6,6,0,0,0,0,2,,4,0,4,0,0,1,0,2,0,0,6,1,1,1,0,0,0,0,1,0,27,33,30,4,2,7,9,0,1,0,0,0,0,5,1,2,1,0,0,0,0,0,0,14,2,,,1,27,41,22,16,3,1,0,0
WS1190905290,box,1909-05-29,0,WAS08,R,1,WS1,NYA,1,0,1,0,1,,30,2,6,6,0,0,0,,2,,4,0,4,0,0,1,0,2,0,0,6,1,1,1,0,0,0,0,1,0,27,33,30,4,2,7,9,0,1,0,0,0,0,5,1,2,1,0,0,0,0,0,0,0,0,,,1,27,50,27,20,3,1,0,0
WS1190905310,evt,1909-05-31,0,WAS08,R,1,WS1,NYA,1,1,0,0,1,37,33,8,10,13,3,0,0,0,6,,3,0,1,1,0,1,0,0,0,0,5,1,1,1,0,0,0,1,0,0,27,34,30,1,1,4,5,1,0,0,0,3,0,2,0,0,1,0,0,0,0,0,0,14,10,,,1,27,42,27,14,1,0,0,0
WS1190905310,box,1909-05-31,0,WAS08,R,1,WS1,NYA,1,1,0,0,1,,33,8,10,13,3,0,0,,6,,3,0,1,1,0,1,0,0,0,0,5,1,1,1,0,0,0,1,0,0,27,34,30,1,1,4,5,1,0,0,0,3,0,2,0,0,1,0,0,0,0,0,0,0,0,,,1,27,42,27,14,1,0,0,0
WS1190906011,evt,1909-06-01,1,WAS08,R,1,WS1,NYA,1,0,1,0,1,33,30,0,4,5,1,0,0,0,0,,3,0,2,0,0,0,0,1,0,0,6,1,1,0,0,0,1,0,1,0,27,37,32,4,0,7,7,0,0,0,0,2,0,7,0,0,2,1,0,0,0,0,0,8,9,,,1,27,38,27,9,2,0,0,0
WS1190906011,box,1909-06-01,1,WAS08,R,1,WS1,NYA,1,0,1,0,1,,30,0,4,5,1,0,0,,0,,3,0,2,0,0,0,0,1,0,0,6,1,1,0,0,0,1,0,1,0,27,37,32,4,0,7,7,0,0,0,0,2,0,7,0,0,2,1,0,0,0,0,0,0,0,,,1,27,38,27,9,2,0,0,0
WS1190906012,evt,1909-06-01,2,WAS08,R,1,WS1,NYA,1,1,0,0,1,32,25,2,3,5,0,1,0,0,2,,4,0,2,0,1,0,2,0,1,0,6,1,1,1,1,0,0,1,0,0,27,33,29,0,0,5,5,0,0,0,0,3,0,2,2,0,1,0,0,0,0,0,0,11,8,,,1,27,46,27,17,2,3,0,0
WS1190906012,box,1909-06-01,2,WAS08,R,1,WS1,NYA,1,1,0,0,1,,25,2,3,5,0,1,0,,2,,4,0,2,0,1,0,2,0,1,0,6,1,1,1,1,0,0,1,0,0,27,33,29,0,0,5,5,0,0,0,0,3,0,2,2,0,1,0,0,0,0,0,0,0,0,,,1,27,46,27,17,2,3,0,0
WS1190906020,evt,1909-06-02,0,WAS08,R,1,WS1,CLE,1,1,0,0,1,33,32,4,10,17,2,1,1,0,3,,0,0,3,0,0,1,0,1,0,0,5,1,1,1,1,0,0,1,0,0,27,33,30,0,0,6,7,1,0,0,0,2,0,6,0,0,1,0,0,0,0,0,0,12,4,,,1,27,16,12,3,1,0,0,0
WS1190906020,box,1909-06-02,0,WAS08,R,1,WS1,CLE,1,1,0,0,1,,32,4,10,17,2,1,1,,3,,0,0,3,0,0,1,0,1,0,0,5,1,1,1,1,0,0,1,0,0,27,33,30,0,0,6,7,1,0,0,0,2,0,6,0,0,1,0,0,0,0,0,0,0,0,,,1,27,40,27,12,1,0,0,0
WS1190906050,evt,1909-06-05,0,WAS08,R,1,WS1,CLE,1,0,1,0,1,42,36,3,10,11,1,0,0,0,2,,2,0,0,0,0,4,0,2,1,0,6,1,1,1,0,0,0,0,1,0,33,44,37,6,3,7,10,1,1,0,0,3,1,7,0,2,2,0,0,0,0,0,0,22,0,,,1,33,21,14,5,2,0,0,0
WS1190906050,box,1909-06-05,0,WAS08,R,1,WS1,CLE,1,0,1,0,1,,36,3,10,11,1,0,0,,2,,2,0,0,0,0,4,0,2,1,0,6,1,1,1,0,0,0,0,1,0,33,44,37,6,3,7,10,1,1,0,0,3,1,7,0,2,2,0,0,0,0,0,0,0,0,,,1,33,47,33,12,2,0,0,0
WS1190906070,evt,1909-06-07,0,WAS08,R,1,WS1,CHA,1,0,1,0,1,33,32,0,5,5,0,0,0,0,0,,1,0,4,0,0,0,0,0,0,0,6,1,1,1,0,0,0,0,1,0,27,37,33,8,6,9,9,0,0,0,0,2,0,6,1,0,2,0,0,0,0,0,0,5,9,,,1,27,43,27,12,4,1,0,0
WS1190906070,box,1909-06-07,0,WAS08,R,1,WS1,CHA,1,0,1,0,1,,32,0,5,5,0,0,0,,0,,1,0,4,0,0,0,0,0,0,0,6,1,1,1,0,0,0,0,1,0,27,37,33,8,6,9,9,0,0,0,0,2,0,6,1,0,2,0,0,0,0,0,0,0,0,,,1,27,43,27,12,4,1,0,0
WS1190906110,evt,1909-06-11,0,WAS08,R,1,WS1,DET,1,1,0,0,1,34,27,1,7,7,0,0,0,0,1,,5,0,1,0,0,2,0,0,1,0,9,1,1,1,1,0,0,1,0,0,27,30,28,0,0,4,5,1,0,0,0,1,1,7,0,0,1,0,0,0,0,0,0,13,4,,,1,27,35,22,13,0,0,0,0
WS1190906110,box,1909-06-11,0,WAS08,R,1,WS1,DET,1,1,0,0,1,,27,1,7,7,0,0,0,,1,,5,0,1,0,0,2,0,0,1,0,9,1,1,1,1,0,0,1,0,0,27,30,28,0,0,4,5,1,0,0,0,1,1,7,0,0,1,0,0,0,0,0,0,0,0,,,1,27,44,27,17,0,0,0,0
WS1190906120,evt,1909-06-12,0,WAS08,R,1,WS1,DET,1,1,0,0,1,39,36,6,14,15,1,0,0,0,3,,2,0,4,0,0,1,0,4,1,0,9,1,1,1,0,0,0,1,0,0,27,32,29,2,2,5,6,1,0,0,0,1,0,3,2,1,0,1,0,0,0,0,0,14,6,,,1,27,46,27,18,1,2,0,1
WS1190906120,box,1909-06-12,0,WAS08,R,1,WS1,DET,1,1,0,0,1,,36,6,14,15,1,0,0,,3,,2,0,4,0,0,1,0,4,1,0,9,1,1,1,0,0,0,1,0,0,27,32,29,2,2,5,6,1,0,0,0,1,0,3,2,1,0,1,0,0,0,0,0,0,0,,,1,27,46,27,18,1,2,0,1
WS1190906140,evt,1909-06-14,0,WAS08,R,1,WS1,DET,1,0,1,0,1,20,18,0,6,6,0,0,0,0,0,,2,1,1,2,0,0,0,0,1,0,5,1,1,1,0,0,0,0,1,0,17,23,21,1,1,8,8,0,0,0,0,1,0,3,0,0,1,0,0,0,0,0,0,4,5,,,1,17,26,17,9,0,0,0,0
WS1190906140,box,1909-06-14,0,WAS08,R,1,WS1,DET,1,0,1,0,1,,18,0,6,6,0,0,0,,0,,2,1,1,2,0,0,0,0,1,0,5,1,1,1,0,0,0,0,1,0,17,23,21,1,1,8,8,0,0,0,0,1,0,3,0,0,1,0,0,0,0,0,0,0,0,,,1,17,26,17,9,0,0,0,0
WS1190906150,evt,1909-06-15,0,WAS08,R,1,WS1,DET,1,1,0,0,1,32,30,2,6,8,2,0,0,0,1,,1,1,2,1,0,1,0,0,0,0,6,1,1,1,0,0,0,1,0,0,27,33,31,1,0,6,9,3,0,0,0,2,2,8,0,0,0,0,0,0,0,0,0,8,8,,,1,27,31,23,8,0,0,0,1
WS1190906150,box,1909-06-15,0,WAS08,R,1,WS1,DET,1,1,0,0,1,,30,2,6,8,2,0,0,,1,,1,1,2,1,0,1,0,0,0,0,6,1,1,1,0,0,0,1,0,0,27,33,31,1,0,6,9,3,0,0,0,2,2,8,0,0,0,0,0,0,0,0,0,0,0,,,1,27,38,27,11,0,0,0,1
WS1190906160,evt,1909-06-16,0,WAS08,R,1,WS1,SLA,1,0,1,0,1,37,29,2,7,9,2,0,0,0,2,,4,0,5,1,1,3,0,2,0,0,8,1,1,0,0,0,1,0,1,0,27,37,31,3,3,8,9,1,0,0,0,3,0,3,0,1,2,0,0,1,0,0,0,19,0,,,1,27,8,5,2,1,0,0,0
WS1190906160,box,1909-06-16,0,WAS08,R,1,WS1,SLA,1,0,1,0,1,,29,2,7,9,2,0,0,,2,,4,0,5,1,1,3,0,2,0,0,8,1,1,0,0,0,1,0,1,0,27,37,31,3,3,8,9,1,0,0,0,3,0,3,0,1,2,0,0,1,0,0,0,0,0,,,1,27,47,27,19,1,0,0,0
WS1190906170,evt,1909-06-17,0,WAS08,R,1,WS1,SLA,1,1,0,0,1,24,20,5,9,12,1,1,0,0,5,,1,0,0,0,0,3,0,0,1,0,4,1,1,1,0,0,0,1,0,0,18,24,24,1,1,6,6,0,0,0,0,0,0,3,3,0,0,0,0,1,0,0,0,12,0,,,1,18,22,12,6,4,3,0,0
WS1190906170,box,1909-06-17,0,WAS08,R,1,WS1,SLA,1,1,0,0,1,,20,5,9,12,1,1,0,,5,,1,0,0,0,0,3,0,0,1,0,4,1,1,1,0,0,0,1,0,0,18,24,24,1,1,6,6,0,0,0,0,0,0,3,3,0,0,0,0,1,0,0,0,0,0,,,1,18,31,18,9,4,3,0,0
WS1190906180,evt,1909-06-18,0,WAS08,R,1,WS1,SLA,1,1,0,0,1,34,28,5,7,9,2,0,0,0,5,,3,0,8,0,1,2,0,0,2,0,5,1,1,1,1,0,0,1,0,0,27,32,31,0,0,5,5,0,0,0,0,0,0,2,1,1,0,0,0,0,0,0,0,20,4,,,1,27,18,12,6,0,1,0,0
WS1190906180,box,1909-06-18,0,WAS08,R,1,WS1,SLA,1,1,0,0,1,,28,5,7,9,2,0,0,,5,,3,0,8,0,1,2,0,0,2,0,5,1,1,1,1,0,0,1,0,0,27,32,31,0,0,5,5,0,0,0,0,0,0,2,1,1,0,0,0,0,0,0,0,0,0,,,1,27,44,27,17,0,1,0,0
NYA190906191,evt,1909-06-19,1,NYC13,R,0,WS1,NYA,1,1,0,0,1,43,36,7,13,18,5,0,0,0,5,,3,0,2,1,2,2,0,1,2,0,9,1,1,1,0,0,0,1,0,0,27,39,30,4,2,3,5,2,0,0,0,7,0,7,0,1,1,0,0,4,0,0,0,9,9,,,1,27,29,21,5,3,0,0,0
NYA190906191,box,1909-06-19,1,NYC13,R,0,WS1,NYA,1,1,0,0,1,,36,7,13,18,5,0,0,,5,,3,0,0,1,2,2,0,1,2,0,9,1,1,1,0,0,0,1,0,0,27,39,30,4,2,3,5,2,0,0,0,7,0,,0,1,1,0,0,4,0,0,0,0,0,,,1,27,37,27,7,3,0,0,0
NYA190906192,evt,1909-06-19,2,NYC13,R,0,WS1,NYA,1,0,1,0,1,36,34,3,11,13,2,0,0,0,3,,1,0,5,0,0,1,0,1,1,0,6,1,1,0,0,0,1,0,1,0,24,35,27,6,1,6,8,2,0,0,0,4,0,3,0,0,3,1,0,1,0,0,0,7,8,,,1,24,40,24,12,4,0,0,0
NYA190906192,box,1909-06-19,2,NYC13,R,0,WS1,NYA,1,0,1,0,1,,34,3,11,13,2,0,0,,3,,1,0,5,0,0,1,0,1,1,0,6,1,1,0,0,0,1,0,1,0,24,35,27,6,1,6,8,2,0,0,0,4,0,3,0,0,3,1,0,1,0,0,0,0,0,,,1,24,40,24,12,4,0,0,0
NYA190906211,evt,1909-06-21,1,NYC13,R,0,WS1,NYA,1,1,0,0,1,42,32,6,9,12,1,1,0,0,5,,5,0,4,0,2,3,0,0,1,0,9,1,1,0,0,0,1,1,0,0,27,42,37,4,3,13,18,3,1,0,0,4,0,1,0,0,1,0,0,0,0,0,0,10,11,,,1,27,46,27,18,1,0,0,0
NYA190906211,box,1909-06-21,1,NYC13,R,0,WS1,NYA,1,1,0,0,1,,32,6,9,12,1,1,0,,5,,5,0,4,0,2,3,0,0,1,0,9,1,1,0,0,0,1,1,0,0,27,42,37,4,3,13,18,3,1,0,0,4,0,1,0,0,1,0,0,0,0,0,0,0,0,,,1,27,46,27,18,1,0,0,0
NYA190906212,evt,1909-06-21,2,NYC13,R,0,WS1,NYA,1,0,1,0,1,33,32,2,8,8,0,0,0,0,2,,1,0,3,2,0,0,0,1,0,0,4,1,1,0,0,0,1,0,1,0,24,36,30,3,1,8,11,1,1,0,0,5,2,5,0,0,1,0,0,0,0,0,0,6,10,,,1,24,37,24,10,3,0,0,0
NYA190906212,box,1909-06-21,2,NYC13,R,0,WS1,NYA,1,0,1,0,1,,32,2,8,8,0,0,0,,2,,1,0,3,2,0,0,0,1,0,0,4,1,1,0,0,0,1,0,1,0,24,36,30,3,1,8,11,1,1,0,0,5,2,5,0,0,1,0,0,0,0,0,0,0,0,,,1,24,37,24,10,3,0,0,0
PHA190906220,evt,1909-06-22,0,PHI11,R,0,WS1,PHA,1,0,1,0,1,36,34,1,5,7,0,1,0,0,1,,2,0,3,0,0,0,0,0,0,0,8,1,1,1,0,0,0,0,1,0,24,34,29,6,6,10,15,3,1,0,0,2,0,3,0,0,2,1,0,0,0,0,0,5,11,,,1,24,35,24,10,1,1,0,1
PHA190906220,box,1909-06-22,0,PHI11,R,0,WS1,PHA,1,0,1,0,1,,34,1,5,7,0,1,0,,1,,2,0,3,0,0,0,0,0,0,0,8,1,1,1,0,0,0,0,1,0,24,34,29,6,6,10,15,3,1,0,0,2,0,3,0,0,2,1,0,0,0,0,0,0,0,,,1,24,35,24,10,1,1,0,1
PHA190906230,evt,1909-06-23,0,PHI11,R,0,WS1,PHA,1,0,1,0,1,34,32,0,5,6,1,0,0,0,0,,2,0,6,0,0,0,0,0,0,0,7,1,1,1,0,0,0,0,1,0,24,32,30,3,3,8,10,0,1,0,0,1,1,7,0,1,0,0,0,0,0,0,0,9,6,,,1,24,36,24,12,0,1,0,0
PHA190906230,box,1909-06-23,0,PHI11,R,0,WS1,PHA,1,0,1,0,1,,32,0,5,6,1,0,0,,0,,2,0,6,0,0,0,0,0,0,0,7,1,1,1,0,0,0,0,1,0,24,32,30,3,3,8,10,0,1,0,0,1,1,7,0,1,0,0,0,0,0,0,0,0,0,,,1,24,36,24,12,0,1,0,0
WS1190906240,evt,1909-06-24,0,WAS08,R,1,WS1,BOS,1,0,1,0,1,34,32,1,6,6,0,0,0,0,1,,1,0,4,0,1,0,0,2,1,0,6,1,1,1,0,0,0,0,1,0,27,39,38,5,3,10,14,2,1,0,0,0,0,3,0,1,0,0,0,0,0,0,0,18,4,,,1,27,13,9,2,2,0,0,0
WS1190906240,box,1909-06-24,0,WAS08,R,1,WS1,BOS,1,0,1,0,1,,32,1,6,6,0,0,0,,1,,1,0,4,0,1,0,0,2,1,0,6,1,1,1,0,0,0,0,1,0,27,39,38,5,3,10,14,2,1,0,0,0,0,3,0,1,0,0,0,0,0,0,0,0,0,,,1,27,42,27,13,2,0,0,0
WS1190906251,evt,1909-06-25,1,WAS08,R,1,WS1,BOS,1,1,0,0,1,32,26,2,9,9,0,0,0,0,1,,4,0,1,1,0,2,0,3,2,0,6,1,1,1,0,0,0,1,0,0,27,32,29,1,1,4,7,1,1,0,0,2,0,2,0,0,1,0,0,0,0,0,0,13,9,,,1,27,26,19,7,0,1,0,0
WS1190906251,box,1909-06-25,1,WAS08,R,1,WS1,BOS,1,1,0,0,1,,26,2,9,9,0,0,0,,1,,4,0,1,1,0,2,0,3,2,0,6,1,1,1,0,0,0,1,0,0,27,32,29,1,1,4,7,1,1,0,0,2,0,2,0,0,1,0,0,0,0,0,0,0,0,,,1,27,42,27,15,0,1,0,0
WS1190906252,evt,1909-06-25,2,WAS08,R,1,WS1,BOS,1,0,1,0,1,33,29,2,5,7,2,0,0,0,2,,2,0,3,1,0,2,0,1,1,0,4,1,1,0,0,0,1,0,1,0,27,39,31,3,2,10,10,0,0,0,0,5,1,4,1,1,2,0,0,0,0,2,1,16,1,,,1,27,28,14,12,2,1,0,0
WS1190906252,box,1909-06-25,2,WAS08,R,1,WS1,BOS,1,0,1,0,1,,29,2,5,7,2,0,0,,2,,2,0,3,1,0,2,0,1,1,0,4,1,1,0,0,0,1,0,1,0,27,39,31,3,2,10,10,0,0,0,0,5,1,4,1,1,2,0,0,0,0,0,0,0,0,,,1,27,49,27,20,2,1,0,0
WS1190906260,evt,1909-06-26,0,WAS08,R,1,WS1,BOS,1,0,1,0,1,37,32,3,6,7,1,0,0,0,3,,4,0,3,0,0,0,1,0,0,0,7,1,1,0,0,0,1,0,1,0,27,42,31,7,5,10,16,2,2,0,0,5,1,2,0,3,2,1,0,1,0,2,1,12,7,,,1,27,24,15,6,3,0,0,0
WS1190906260,box,1909-06-26,0,WAS08,R,1,WS1,BOS,1,0,1,0,1,,32,3,6,7,1,0,0,,3,,4,0,3,0,0,0,1,0,0,0,7,1,1,0,0,0,1,0,1,0,27,42,31,7,5,10,16,2,2,0,0,5,1,2,0,3,2,1,0,1,0,0,0,0,0,,,1,27,44,27,14,3,0,0,0
WS1190906280,evt,1909-06-28,0,WAS08,R,1,WS1,BOS,1,0,1,0,1,38,35,5,10,12,2,0,0,0,5,,1,0,2,0,0,1,1,1,1,0,6,1,1,0,0,0,1,0,1,0,27,39,33,6,6,12,15,1,1,0,0,2,1,1,0,0,3,1,0,0,0,1,0,17,4,,,1,27,12,8,4,0,0,0,0
WS1190906280,box,1909-06-28,0,WAS08,R,1,WS1,BOS,1,0,1,0,1,,35,5,10,12,2,0,0,,5,,1,0,2,0,0,1,1,1,1,0,6,1,1,0,0,0,1,0,1,0,27,39,33,6,6,12,15,1,1,0,0,2,1,1,0,0,3,1,0,0,0,0,0,0,0,,,1,27,43,27,16,0,0,0,0
NYA190906291,evt,1909-06-29,1,NYC13,R,0,WS1,NYA,1,1,0,0,1,33,29,3,5,5,0,0,0,0,2,,2,0,3,0,0,2,0,0,2,0,3,1,1,1,0,0,0,1,0,0,27,34,28,1,1,4,7,0,0,1,0,4,0,3,0,1,1,0,0,0,0,0,0,10,9,,,1,27,43,27,15,1,0,0,0
NYA190906291,box,1909-06-29,1,NYC13,R,0,WS1,NYA,1,1,0,0,1,,29,3,5,5,0,0,0,,2,,2,0,3,0,0,2,0,0,2,0,3,1,1,1,0,0,0,1,0,0,27,34,28,1,1,4,7,0,0,1,0,4,0,3,0,1,1,0,0,0,0,0,0,0,0,,,1,27,43,27,15,1,0,0,0
NYA190906292,evt,1909-06-29,2,NYC13,R,0,WS1,NYA,1,0,1,0,1,39,34,3,10,13,1,1,0,0,2,,3,0,2,0,0,1,1,0,1,0,9,1,1,0,0,0,1,0,1,0,24,41,32,11,10,10,13,1,1,0,0,6,0,2,0,0,1,2,0,0,0,3,2,7,13,,,1,24,32,24,7,1,0,0,1
NYA190906292,box,1909-06-29,2,NYC13,R,0,WS1,NYA,1,0,1,0,1,,34,3,10,13,1,1,0,,2,,3,0,2,0,0,1,1,0,1,0,9,1,1,0,0,0,1,0,1,0,24,41,32,11,10,10,13,1,1,0,0,6,0,2,0,0,1,2,0,0,0,0,0,0,0,,,1,24,32,24,7,1,0,0,1
NYA190906300,evt,1909-06-30,0,NYC13,R,0,WS1,NYA,1,0,1,0,1,39,35,2,8,8,0,0,0,0,1,,3,0,7,0,0,1,0,1,0,0,10,1,1,1,0,0,0,0,1,0,24,34,28,4,2,7,7,0,0,0,0,2,0,5,0,0,4,0,0,1,0,0,0,9,5,,,1,24,42,24,16,2,0,0,0
NYA190906300,box,1909-06-30,0,NYC13,R,0,WS1,NYA,1,0,1,0,1,,35,2,8,8,0,0,0,,1,,3,0,7,0,0,1,0,1,0,0,10,1,1,1,0,0,0,0,1,0,24,34,28,4,2,7,7,0,0,0,0,2,0,5,0,0,4,0,0,1,0,0,0,0,0,,,1,24,42,24,16,2,0,0,0
NYA190907010,evt,1909-07-01,0,NYC13,R,0,WS1,NYA,1,0,1,0,1,40,34,1,8,13,1,2,0,0,1,,3,1,5,1,0,2,1,2,2,0,9,1,1,0,0,0,1,0,1,0,29,40,36,2,1,8,11,1,1,0,0,3,1,4,0,0,0,1,0,0,0,0,0,13,11,,,1,29,43,29,13,1,0,0,0
NYA190907010,box,1909-07-01,0,NYC13,R,0,WS1,NYA,1,0,1,0,1,,34,1,8,13,1,2,0,,1,,3,1,5,1,0,2,1,2,2,0,9,1,1,0,0,0,1,0,1,0,29,40,36,2,1,8,11,1,1,0,0,3,1,4,0,0,0,1,0,0,0,0,0,0,0,,,1,29,43,29,13,1,0,0,0
NYA190907020,evt,1909-07-02,0,NYC13,R,0,WS1,NYA,1,0,1,0,1,32,29,0,5,5,0,0,0,0,0,,2,0,7,0,1,0,0,0,3,0,5,1,1,0,0,0,1,0,1,0,24,33,30,3,3,8,12,0,2,0,0,2,0,5,0,0,1,0,0,0,0,0,0,8,8,,,1,24,37,24,12,1,1,0,0
NYA190907020,box,1909-07-02,0,NYC13,R,0,WS1,NYA,1,0,1,0,1,,29,0,5,5,0,0,0,,0,,2,0,,0,1,0,0,0,3,0,5,1,1,0,0,0,1,0,1,0,24,33,30,3,3,8,12,0,2,0,0,2,0,5,0,0,1,0,0,0,0,0,0,0,0,,,1,24,37,24,12,1,1,0,0
BOS190907031,evt,1909-07-03,1,BOS06,R,0,WS1,BOS,1,0,1,0,1,46,38,4,10,13,3,0,0,0,4,,6,0,8,0,1,1,0,3,0,0,15,1,1,1,0,0,0,0,1,0,24,37,32,6,6,11,17,1,1,1,0,3,0,4,1,0,1,1,0,2,0,0,0,10,6,,,1,24,27,17,7,3,1,0,0
BOS190907031,box,1909-07-03,1,BOS06,R,0,WS1,BOS,1,0,1,0,1,,38,4,10,13,3,0,0,,4,,6,0,8,0,1,1,0,3,0,0,15,1,1,1,0,0,0,0,1,0,24,37,32,6,6,11,17,1,1,1,0,3,0,,1,0,1,1,0,2,0,0,0,0,0,,,1,24,38,24,11,3,1,0,0
BOS190907032,evt,1909-07-03,2,BOS06,R,0,WS1,BOS,1,0,1,0,1,32,31,1,4,6,0,1,0,0,1,,0,0,4,0,0,1,0,0,1,0,4,1,1,0,0,0,1,0,1,0,24,37,35,5,5,14,17,1,1,0,0,0,0,4,1,0,2,0,0,0,0,2,1,11,4,,,1,24,39,24,14,1,1,0,0
BOS190907032,box,1909-07-03,2,BOS06,R,0,WS1,BOS,1,0,1,0,1,,31,1,4,6,0,1,0,,1,,0,0,4,0,0,1,0,0,1,0,4,1,1,0,0,0,1,0,1,0,24,37,35,5,5,14,17,1,1,0,0,0,0,4,1,0,2,0,0,0,0,0,0,0,0,,,1,24,39,24,14,1,1,0,0
BOS190907051,evt,1909-07-05,1,BOS06,R,0,WS1,BOS,1,1,0,0,1,42,39,7,9,12,1,1,0,0,5,,3,0,4,1,0,0,0,0,0,0,8,1,1,0,0,0,1,1,0,0,27,36,33,6,5,6,11,0,1,1,0,3,0,8,0,0,0,0,0,0,0,2,2,9,9,,,1,27,38,27,9,2,0,0,0
BOS190907051,box,1909-07-05,1,BOS06,R,0,WS1,BOS,1,1,0,0,1,,39,7,9,12,1,1,0,,5,,3,0,4,1,0,0,0,0,0,0,8,1,1,0,0,0,1,1,0,0,27,36,33,6,5,6,11,0,1,1,0,3,0,8,0,0,0,0,0,0,0,0,0,0,0,,,1,27,38,27,9,2,0,0,0
BOS190907052,evt,1909-07-05,2,BOS06,R,0,WS1,BOS,1,0,1,0,1,30,27,1,3,5,2,0,0,0,0,,3,0,0,0,0,0,0,0,3,0,2,1,1,1,0,0,0,0,1,0,24,37,34,8,7,12,16,4,0,0,0,1,0,4,0,0,1,1,0,1,0,0,0,14,4,,,1,24,17,12,4,1,0,0,0
BOS190907052,box,1909-07-05,2,BOS06,R,0,WS1,BOS,1,0,1,0,1,,27,1,3,5,2,0,0,,0,,3,0,,0,0,0,0,0,3,0,2,1,1,1,0,0,0,0,1,0,24,37,34,8,7,12,16,4,0,0,0,1,0,4,0,0,1,1,0,1,0,0,0,0,0,,,1,24,39,24,14,1,0,0,0
BOS190907061,evt,1909-07-06,1,BOS06,R,0,WS1,BOS,1,0,1,0,1,33,31,2,7,8,1,0,0,0,2,,1,0,4,1,0,0,1,1,2,0,4,1,1,1,0,0,0,0,1,0,24,31,28,3,2,5,5,0,0,0,0,3,0,1,0,0,0,0,0,0,0,0,0,14,7,,,1,24,17,12,4,1,0,0,0
BOS190907061,box,1909-07-06,1,BOS06,R,0,WS1,BOS,1,0,1,0,1,,31,2,7,8,1,0,0,,2,,1,0,,1,0,0,1,1,2,0,4,1,1,1,0,0,0,0,1,0,24,31,28,3,2,5,5,0,0,0,0,3,0,,0,0,0,0,0,0,0,0,0,0,0,,,1,24,36,24,11,1,0,0,0
BOS190907062,evt,1909-07-06,2,BOS06,R,0,WS1,BOS,1,0,1,0,1,32,30,0,4,4,0,0,0,0,0,,1,0,7,0,0,1,0,1,0,0,5,1,1,1,0,0,0,0,1,0,24,29,28,2,1,4,7,0,0,1,0,1,0,2,0,0,0,0,0,0,0,0,0,10,11,,,1,24,35,24,9,2,0,0,0
BOS190907062,box,1909-07-06,2,BOS06,R,0,WS1,BOS,1,0,1,0,1,,30,0,4,4,0,0,0,,0,,1,0,7,0,0,1,0,1,0,0,5,1,1,1,0,0,0,0,1,0,24,29,28,2,1,4,7,0,0,1,0,1,0,2,0,0,0,0,0,0,0,0,0,0,0,,,1,24,35,24,9,2,0,0,0
CLE190907080,evt,1909-07-08,0,CLE05,R,0,WS1,CLE,1,0,1,0,1,35,27,2,5,6,1,0,0,0,2,,3,0,4,0,1,4,0,1,1,0,6,1,1,0,0,0,1,0,1,0,24,33,32,3,0,7,9,2,0,0,0,1,0,5,0,0,0,0,0,1,0,0,0,10,7,,,1,24,17,12,3,2,0,0,0
CLE190907080,box,1909-07-08,0,CLE05,R,0,WS1,CLE,1,0,1,0,1,,27,2,5,6,1,0,0,,2,,3,0,4,0,1,4,0,1,1,0,6,1,1,0,0,0,1,0,1,0,24,33,32,3,0,7,9,2,0,0,0,1,0,5,0,0,0,0,0,1,0,0,0,0,0,,,1,24,34,24,8,2,0,0,0
CLE190907090,evt,1909-07-09,0,CLE05,R,0,WS1,CLE,1,1,0,0,1,37,32,4,11,11,0,0,0,0,4,,1,0,2,0,0,4,0,2,0,0,6,1,1,1,0,0,0,1,0,0,27,36,35,3,3,11,16,1,2,0,0,1,0,12,0,0,0,0,0,0,0,0,0,10,2,,,1,27,37,25,11,1,0,0,0
CLE190907090,box,1909-07-09,0,CLE05,R,0,WS1,CLE,1,1,0,0,1,,32,4,11,11,0,0,0,,4,,1,0,2,0,0,4,0,2,0,0,6,1,1,1,0,0,0,1,0,0,27,36,35,3,3,11,16,1,2,0,0,1,0,12,0,0,0,0,0,0,0,0,0,0,0,,,1,27,43,27,15,1,0,0,0
CLE190907100,evt,1909-07-10,0,CLE05,R,0,WS1,CLE,1,0,1,0,1,32,29,0,4,4,0,0,0,0,0,,2,0,4,0,0,1,0,1,1,0,5,1,1,0,0,0,1,0,1,0,24,34,31,4,0,4,7,1,1,0,0,3,0,3,0,0,0,0,0,0,0,0,0,12,6,,,1,24,42,24,14,4,0,0,0
CLE190907100,box,1909-07-10,0,CLE05,R,0,WS1,CLE,1,0,1,0,1,,29,0,4,4,0,0,0,,0,,2,0,4,0,0,1,0,1,1,0,5,1,1,0,0,0,1,0,1,0,24,34,31,4,0,4,7,1,1,0,0,3,0,3,0,0,0,0,0,0,0,0,0,0,0,,,1,24,42,24,14,4,0,0,0
CLE190907120,evt,1909-07-12,0,CLE05,R,0,WS1,CLE,1,0,1,0,1,18,17,0,3,3,0,0,0,0,0,,1,0,3,0,0,0,0,0,0,0,3,1,1,1,0,0,0,0,1,0,13,19,19,3,2,6,10,0,2,0,0,0,0,3,0,0,0,0,0,0,0,0,0,3,6,,,1,13,18,13,4,1,0,0,0
CLE190907120,box,1909-07-12,0,CLE05,R,0,WS1,CLE,1,0,1,0,1,,17,0,3,3,0,0,0,,0,,1,0,3,0,0,0,0,0,0,0,3,1,1,1,0,0,0,0,1,0,13,19,19,3,2,6,10,0,2,0,0,0,0,3,0,0,0,0,0,0,0,0,0,0,0,,,1,13,18,13,4,1,0,0,0
DET190907130,evt,1909-07-13,0,DET02,R,0,WS1,DET,1,0,1,0,1,33,33,0,7,8,1,0,0,0,0,,0,0,1,0,0,0,0,0,0,0,6,1,1,1,0,0,0,0,1,0,24,29,25,3,1,7,9,2,0,0,0,3,0,5,1,0,1,0,0,1,0,0,0,11,1,,,1,24,37,20,15,2,2,0,2
DET190907130,box,1909-07-13,0,DET02,R,0,WS1,DET,1,0,1,0,1,,33,0,7,8,1,0,0,,0,,0,0,,0,0,0,0,0,0,0,6,1,1,1,0,0,0,0,1,0,24,29,25,3,1,7,9,2,0,0,0,3,0,5,1,0,1,0,0,1,0,0,0,0,0,,,1,24,45,24,19,2,2,0,2
DET190907151,evt,1909-07-15,1,DET02,R,0,WS1,DET,1,0,1,0,1,41,38,5,12,13,1,0,0,0,2,,2,0,5,0,0,1,0,3,1,0,9,1,1,0,0,0,1,0,1,0,24,39,33,9,6,13,14,1,0,0,0,2,0,1,1,1,2,1,0,2,0,0,0,13,6,,,1,24,22,12,7,3,1,0,0
DET190907151,box,1909-07-15,1,DET02,R,0,WS1,DET,1,0,1,0,1,,38,5,12,13,1,0,0,,2,,2,0,,0,0,1,0,3,1,0,9,1,1,0,0,0,1,0,1,0,24,39,33,9,6,13,14,1,0,0,0,2,0,1,1,1,2,1,0,2,0,0,0,0,0,,,1,24,39,24,12,3,1,0,0
DET190907152,evt,1909-07-15,2,DET02,R,0,WS1,DET,1,0,1,0,1,30,29,0,3,3,0,0,0,0,0,,0,0,0,0,0,1,0,0,0,0,3,1,1,1,0,0,0,0,1,0,24,36,31,7,7,11,18,1,0,2,0,2,0,2,0,0,2,1,0,0,0,0,0,10,9,,,1,24,23,17,5,1,0,0,0
DET190907152,box,1909-07-15,2,DET02,R,0,WS1,DET,1,0,1,0,1,,29,0,3,3,0,0,0,,0,,0,0,,0,0,1,0,0,0,0,3,1,1,1,0,0,0,0,1,0,24,36,31,7,7,11,18,1,0,2,0,2,0,1,0,0,2,1,0,0,0,0,0,0,0,,,1,24,32,24,7,1,0,0,0
DET190907160,evt,1909-07-16,0,DET02,R,0,WS1,DET,1,0,0,1,1,63,61,0,7,8,1,0,0,0,0,,2,1,5,0,0,0,0,2,2,0,9,1,1,0,1,1,1,0,0,0,54,69,58,0,0,6,6,0,0,0,0,7,1,6,0,0,4,0,0,0,0,0,0,43,1,,,1,54,25,13,8,4,1,0,0
DET190907160,box,1909-07-16,0,DET02,R,0,WS1,DET,1,0,0,1,1,,61,0,7,8,1,0,0,,0,,2,1,,0,0,0,0,2,2,0,9,1,1,0,1,1,1,0,0,0,54,69,58,0,0,6,6,0,0,0,0,7,1,,0,0,4,0,0,0,0,0,0,0,0,,,1,54,90,54,32,4,1,0,0
CHA190907170,evt,1909-07-17,0,CHI09,R,0,WS1,CHA,1,1,0,0,1,35,31,4,11,11,0,0,0,0,4,,0,0,3,0,0,4,0,0,2,0,4,1,1,1,0,0,0,1,0,0,27,37,32,3,3,9,11,2,0,0,0,3,0,1,1,0,2,0,0,0,0,0,0,13,7,,,1,27,47,27,17,3,2,0,0
CHA190907170,box,1909-07-17,0,CHI09,R,0,WS1,CHA,1,1,0,0,1,,31,4,11,11,0,0,0,,4,,0,0,3,0,0,4,0,0,2,0,4,1,1,1,0,0,0,1,0,0,27,37,32,3,3,9,11,2,0,0,0,3,0,1,1,0,2,0,0,0,0,0,0,0,0,,,1,27,47,27,17,3,2,0,0
CHA190907180,evt,1909-07-18,0,CHI09,R,0,WS1,CHA,1,0,1,0,1,28,28,0,2,2,0,0,0,0,0,,0,0,5,0,0,0,0,0,2,0,1,1,1,1,0,0,0,0,1,0,24,34,29,3,0,5,6,1,0,0,0,3,0,7,0,0,2,0,0,0,0,0,0,13,3,,,1,24,20,12,5,3,1,0,0
CHA190907180,box,1909-07-18,0,CHI09,R,0,WS1,CHA,1,0,1,0,1,,28,0,2,2,0,0,0,,0,,0,0,5,0,0,0,0,0,2,0,1,1,1,1,0,0,0,0,1,0,24,34,29,3,0,5,6,1,0,0,0,3,0,7,0,0,2,0,0,0,0,0,0,0,0,,,1,24,39,23,13,3,1,0,0
CHA190907190,evt,1909-07-19,0,CHI09,R,0,WS1,CHA,1,0,1,0,1,35,29,2,4,5,1,0,0,0,1,,4,0,10,0,1,1,0,0,2,0,6,1,1,0,0,0,1,0,1,0,24,44,38,12,8,14,15,1,0,0,0,5,1,4,0,0,1,0,0,0,0,0,0,11,6,,,1,24,44,24,16,4,0,0,0
CHA190907190,box,1909-07-19,0,CHI09,R,0,WS1,CHA,1,0,1,0,1,,29,2,4,5,1,0,0,,1,,4,0,10,0,1,1,0,0,2,0,6,1,1,0,0,0,1,0,1,0,24,44,38,12,8,14,15,1,0,0,0,5,1,4,0,0,1,0,0,0,0,0,0,0,0,,,1,24,44,24,16,4,0,0,0
CHA190907200,evt,1909-07-20,0,CHI09,R,0,WS1,CHA,1,0,1,0,1,33,31,1,7,13,2,2,0,0,1,,1,0,8,0,0,1,0,0,1,0,5,1,1,0,0,0,1,0,1,0,24,34,29,6,6,9,11,0,1,0,0,1,0,3,0,0,2,2,0,0,0,0,0,8,9,,,1,24,37,24,12,1,0,0,0
CHA190907200,box,1909-07-20,0,CHI09,R,0,WS1,CHA,1,0,1,0,1,,31,1,7,13,2,2,0,,1,,1,0,8,0,0,1,0,0,1,0,5,1,1,0,0,0,1,0,1,0,24,34,29,6,6,9,11,0,1,0,0,1,0,3,0,0,2,2,0,0,0,0,0,0,0,,,1,24,37,24,12,1,0,0,0
CHA190907210,evt,1909-07-21,0,CHI09,R,0,WS1,CHA,1,0,1,0,1,34,29,3,5,7,2,0,0,0,2,,1,0,1,0,1,3,0,0,0,0,4,1,1,1,0,0,0,0,1,0,24,37,33,6,6,12,17,1,2,0,0,2,0,3,1,0,2,0,0,0,0,0,0,13,4,,,1,24,41,24,17,0,1,0,0
CHA190907210,box,1909-07-21,0,CHI09,R,0,WS1,CHA,1,0,1,0,1,,29,3,5,7,2,0,0,,2,,1,0,1,0,1,3,0,0,0,0,4,1,1,1,0,0,0,0,1,0,24,37,33,6,6,12,17,1,2,0,0,2,0,3,1,0,2,0,0,0,0,0,0,0,0,,,1,24,41,24,17,0,1,0,0
SLA190907220,evt,1909-07-22,0,STL07,R,0,WS1,SLA,1,0,1,0,1,35,33,1,9,9,0,0,0,0,1,,2,0,7,0,0,0,0,1,3,0,7,1,1,0,0,0,1,0,1,0,24,35,28,5,4,5,6,1,0,0,0,5,0,2,0,2,0,0,0,1,0,0,0,16,4,,,1,24,21,13,8,0,0,0,1
SLA190907220,box,1909-07-22,0,STL07,R,0,WS1,SLA,1,0,1,0,1,,33,1,9,9,0,0,0,,1,,2,0,7,0,0,0,0,1,3,0,7,1,1,0,0,0,1,0,1,0,24,35,28,5,4,5,6,1,0,0,0,5,0,,0,2,0,0,0,1,0,0,0,0,0,,,1,24,36,24,12,0,0,0,1
SLA190907230,evt,1909-07-23,0,STL07,R,0,WS1,SLA,1,1,0,0,1,36,31,4,7,11,2,1,0,0,4,,1,0,2,0,1,3,0,1,0,0,5,1,1,1,0,0,0,1,0,0,27,38,33,2,2,9,9,0,0,0,0,2,0,3,0,0,2,1,0,0,0,0,0,11,9,,,1,27,27,19,7,1,1,0,0
SLA190907230,box,1909-07-23,0,STL07,R,0,WS1,SLA,1,1,0,0,1,,31,4,7,11,2,1,0,,4,,1,0,0,0,1,3,0,1,0,0,5,1,1,1,0,0,0,1,0,0,27,38,33,2,2,9,9,0,0,0,0,2,0,3,0,0,2,1,0,0,0,0,0,0,0,,,1,27,39,27,11,1,1,0,0
SLA190907240,evt,1909-07-24,0,STL07,R,0,WS1,SLA,1,0,1,0,1,40,37,3,10,14,0,2,0,0,3,,3,0,1,1,0,0,0,0,0,0,10,1,1,1,0,0,0,0,1,0,24,40,39,9,7,16,21,1,2,0,0,1,0,2,1,0,0,0,0,0,0,0,0,17,3,,,1,24,22,12,8,2,1,0,1
SLA190907240,box,1909-07-24,0,STL07,R,0,WS1,SLA,1,0,1,0,1,,37,3,10,14,0,2,0,,3,,3,0,,1,0,0,0,0,0,0,10,1,1,1,0,0,0,0,1,0,24,40,39,9,7,16,21,1,2,0,0,1,0,2,1,0,0,0,0,0,0,0,0,0,0,,,1,24,39,24,13,2,1,0,1
SLA190907250,evt,1909-07-25,0,STL07,R,0,WS1,SLA,1,0,1,0,1,33,32,0,4,5,1,0,0,0,0,,1,0,1,0,0,0,0,0,0,0,6,1,1,1,0,0,0,0,1,0,24,36,35,6,4,11,16,3,1,0,0,1,0,5,0,0,0,0,0,0,0,0,0,13,5,,,1,24,19,13,4,2,0,0,0
SLA190907250,box,1909-07-25,0,STL07,R,0,WS1,SLA,1,0,1,0,1,,32,0,4,5,1,0,0,,0,,1,0,,0,0,0,0,0,0,0,6,1,1,1,0,0,0,0,1,0,24,36,35,6,4,11,16,3,1,0,0,1,0,0,0,0,0,0,0,0,0,0,0,0,0,,,1,24,32,24,6,2,0,0,0
WS1190907271,evt,1909-07-27,1,WAS08,R,1,WS1,PHA,1,0,1,0,1,35,32,2,10,14,1,0,1,0,2,,1,0,4,3,0,2,0,1,0,0,6,1,1,0,0,0,1,0,1,0,27,42,37,8,8,11,16,5,0,0,0,3,0,6,0,0,1,1,0,0,0,1,1,7,13,,,1,27,37,27,8,2,0,0,0
WS1190907271,box,1909-07-27,1,WAS08,R,1,WS1,PHA,1,0,1,0,1,,32,2,10,14,1,0,1,,2,,1,0,4,3,0,2,0,1,0,0,6,1,1,0,0,0,1,0,1,0,27,42,37,8,8,11,16,5,0,0,0,3,0,6,0,0,1,1,0,0,0,0,0,0,0,,,1,27,37,27,8,2,0,0,0
WS1190907272,evt,1909-07-27,2,WAS08,R,1,WS1,PHA,1,0,1,0,1,36,34,2,9,11,0,1,0,0,2,,0,0,4,0,0,2,0,1,0,0,7,1,1,1,0,0,0,0,1,0,27,39,33,5,5,13,17,2,1,0,0,2,1,4,0,0,4,0,0,1,0,0,0,7,9,,,1,27,42,27,13,2,1,0,0
WS1190907272,box,1909-07-27,2,WAS08,R,1,WS1,PHA,1,0,1,0,1,,34,2,9,11,0,1,0,,2,,0,0,4,0,0,2,0,1,0,0,7,1,1,1,0,0,0,0,1,0,27,39,33,5,5,13,17,2,1,0,0,2,1,4,0,0,4,0,0,1,0,0,0,0,0,,,1,27,42,27,13,2,1,0,0
WS1190907281,evt,1909-07-28,1,WAS08,R,1,WS1,PHA,1,0,1,0,1,34,33,1,8,9,1,0,0,0,1,,1,0,5,1,0,0,0,1,1,0,6,1,1,0,0,0,1,0,1,0,27,44,34,7,5,10,13,1,1,0,0,5,0,5,1,1,4,0,0,1,0,0,0,6,11,,,1,27,39,27,9,3,1,0,0
WS1190907281,box,1909-07-28,1,WAS08,R,1,WS1,PHA,1,0,1,0,1,,33,1,8,9,1,0,0,,1,,1,0,5,1,0,0,0,1,1,0,6,1,1,0,0,0,1,0,1,0,27,44,34,7,5,10,13,1,1,0,0,5,0,5,1,1,4,0,0,1,0,0,0,0,0,,,1,27,39,27,9,3,1,0,0
WS1190907282,evt,1909-07-28,2,WAS08,R,1,WS1,PHA,1,0,1,0,1,33,31,0,4,5,1,0,0,0,0,,2,0,7,0,0,0,0,0,0,0,6,1,1,1,0,0,0,0,1,0,27,39,29,6,4,6,9,1,1,0,0,4,0,5,0,2,2,2,0,1,0,0,0,11,8,,,1,27,43,27,14,2,0,0,0
WS1190907282,box,1909-07-28,2,WAS08,R,1,WS1,PHA,1,0,1,0,1,,31,0,4,5,1,0,0,,0,,2,0,7,0,0,0,0,0,0,0,6,1,1,1,0,0,0,0,1,0,27,39,29,6,4,6,9,1,1,0,0,4,0,5,0,2,2,2,0,1,0,0,0,0,0,,,1,27,43,27,14,2,0,0,0
WS1190907291,evt,1909-07-29,1,WAS08,R,1,WS1,CHA,1,1,0,0,1,39,32,3,10,11,1,0,0,0,3,,4,0,1,1,0,1,2,0,1,0,10,1,1,1,0,0,0,1,0,0,27,37,34,2,1,5,6,1,0,0,0,2,0,10,1,1,0,0,0,1,0,0,0,8,8,,,1,27,38,27,8,3,1,0,0
WS1190907291,box,1909-07-29,1,WAS08,R,1,WS1,CHA,1,1,0,0,1,,32,3,10,11,1,0,0,,3,,4,0,1,1,0,1,2,0,1,0,10,1,1,1,0,0,0,1,0,0,27,37,34,2,1,5,6,1,0,0,0,2,0,10,1,1,0,0,0,1,0,0,0,0,0,,,1,27,38,27,8,3,1,0,0
WS1190907292,evt,1909-07-29,2,WAS08,R,1,WS1,CHA,1,0,1,0,1,32,32,1,5,7,0,1,0,0,1,,0,0,2,0,0,0,0,0,0,0,4,1,1,0,0,0,1,0,1,0,27,35,29,2,2,5,7,0,1,0,0,5,0,3,0,0,1,0,0,0,0,0,0,18,1,,,1,27,20,11,8,1,0,0,0
WS1190907292,box,1909-07-29,2,WAS08,R,1,WS1,CHA,1,0,1,0,1,,32,1,5,7,0,1,0,,1,,0,0,2,0,0,0,0,0,0,0,4,1,1,0,0,0,1,0,1,0,27,35,29,2,2,5,7,0,1,0,0,5,0,3,0,0,1,0,0,0,0,0,0,0,0,,,1,27,42,27,14,1,0,0,0
WS1190907301,evt,1909-07-30,1,WAS08,R,1,WS1,CHA,1,0,1,0,1,35,32,1,8,9,1,0,0,0,1,,2,0,0,2,0,1,0,0,0,0,7,1,1,0,0,0,1,0,1,0,27,41,38,6,5,11,14,1,1,0,0,1,0,3,0,1,1,0,0,1,0,0,0,13,9,,,1,27,44,27,15,2,0,0,0
WS1190907301,box,1909-07-30,1,WAS08,R,1,WS1,CHA,1,0,1,0,1,,32,1,8,9,1,0,0,,1,,2,0,0,2,0,1,0,0,0,0,7,1,1,0,0,0,1,0,1,0,27,41,38,6,5,11,14,1,1,0,0,1,0,3,0,1,1,0,0,1,0,0,0,0,0,,,1,27,44,27,15,2,0,0,0
WS1190907302,evt,1909-07-30,2,WAS08,R,1,WS1,CHA,1,0,1,0,1,33,31,1,6,9,0,0,1,0,1,,1,0,3,0,0,1,0,0,1,0,5,1,1,1,0,0,0,0,1,0,27,34,32,2,2,8,9,1,0,0,0,1,0,3,0,0,1,0,0,0,0,0,0,21,0,,,1,27,9,6,3,0,1,0,0
WS1190907302,box,1909-07-30,2,WAS08,R,1,WS1,CHA,1,0,1,0,1,,31,1,6,9,0,0,1,,1,,1,0,3,0,0,1,0,0,1,0,5,1,1,1,0,0,0,0,1,0,27,34,32,2,2,8,9,1,0,0,0,1,0,3,0,0,1,0,0,0,0,0,0,0,0,,,1,27,40,27,13,0,1,0,0
WS1190907311,evt,1909-07-31,1,WAS08,R,1,WS1,CHA,1,0,1,0,1,29,28,0,2,2,0,0,0,0,0,,0,0,2,0,0,1,0,1,0,0,2,1,1,1,0,0,0,0,1,0,27,30,28,1,0,3,3,0,0,0,0,1,0,5,0,1,0,0,0,0,0,0,0,9,10,,,1,27,40,27,12,1,0,0,1
WS1190907311,box,1909-07-31,1,WAS08,R,1,WS1,CHA,1,0,1,0,1,,28,0,2,2,0,0,0,,0,,0,0,2,0,0,1,0,1,0,0,2,1,1,1,0,0,0,0,1,0,27,30,28,1,0,3,3,0,0,0,0,1,0,5,0,1,0,0,0,0,0,0,0,0,0,,,1,27,40,27,12,1,0,0,1
WS1190907312,evt,1909-07-31,2,WAS08,R,1,WS1,CHA,1,0,1,0,1,34,33,0,5,5,0,0,0,0,0,,1,0,1,0,0,0,0,0,0,0,7,1,1,0,0,0,1,0,1,0,27,42,30,4,4,9,12,1,1,0,0,6,0,5,0,2,4,0,0,1,0,2,1,11,5,,,1,27,43,27,16,0,0,0,0
WS1190907312,box,1909-07-31,2,WAS08,R,1,WS1,CHA,1,0,1,0,1,,33,0,5,5,0,0,0,,0,,1,0,1,0,0,0,0,0,0,0,7,1,1,0,0,0,1,0,1,0,27,42,30,4,4,9,12,1,1,0,0,6,0,5,0,2,4,0,0,1,0,0,0,0,0,,,1,27,43,27,16,0,0,0,0
WS1190908031,evt,1909-08-03,1,WAS08,R,1,WS1,CLE,1,0,1,0,1,34,33,0,7,7,0,0,0,0,0,,0,0,11,1,0,1,0,0,0,0,7,1,1,1,0,0,0,0,1,0,27,36,34,6,3,11,12,1,0,0,0,0,0,6,2,0,0,2,0,0,0,0,0,14,3,,,1,27,20,13,4,3,2,0,0
WS1190908031,box,1909-08-03,1,WAS08,R,1,WS1,CLE,1,0,1,0,1,,33,0,7,7,0,0,0,,0,,0,0,11,1,0,1,0,0,0,0,7,1,1,1,0,0,0,0,1,0,27,36,34,6,3,11,12,1,0,0,0,0,0,6,2,0,0,2,0,0,0,0,0,0,0,,,1,27,44,27,14,3,2,0,0
WS1190908032,evt,1909-08-03,2,WAS08,R,1,WS1,CLE,1,0,1,0,1,35,33,1,7,12,3,1,0,0,1,,2,0,1,1,0,0,0,1,0,0,7,1,1,1,0,0,0,0,1,0,27,36,36,2,1,9,11,0,1,0,0,0,0,5,1,0,0,0,0,0,0,0,0,19,1,,,1,27,19,11,5,3,1,0,0
WS1190908032,box,1909-08-03,2,WAS08,R,1,WS1,CLE,1,0,1,0,1,,33,1,7,12,3,1,0,,1,,2,0,,1,0,0,0,1,0,0,7,1,1,1,0,0,0,0,1,0,27,36,36,2,1,9,11,0,1,0,0,0,0,5,1,0,0,0,0,0,0,0,0,0,0,,,1,27,41,27,11,3,1,0,0
WS1190908041,evt,1909-08-04,1,WAS08,R,1,WS1,CLE,1,1,0,0,1,31,29,1,6,7,1,0,0,0,1,,1,1,1,0,0,1,0,1,0,0,6,1,1,1,1,0,0,1,0,0,27,33,30,0,0,4,5,1,0,0,0,2,1,8,0,1,0,0,0,2,0,0,0,15,3,,,1,27,23,16,7,0,0,0,0
WS1190908041,box,1909-08-04,1,WAS08,R,1,WS1,CLE,1,1,0,0,1,,29,1,6,7,1,0,0,,1,,1,1,1,0,0,1,0,1,0,0,6,1,1,1,1,0,0,1,0,0,27,33,30,0,0,4,5,1,0,0,0,2,1,8,0,1,0,0,0,2,0,0,0,0,0,,,1,27,37,27,10,0,0,0,0
WS1190908042,evt,1909-08-04,2,WAS08,R,1,WS1,CLE,1,1,0,0,1,35,31,6,9,12,1,1,0,0,3,,4,0,1,0,0,0,0,7,1,0,5,1,1,0,0,0,1,1,0,0,27,36,32,2,2,7,8,1,0,0,0,2,0,2,1,1,1,0,0,0,0,0,0,18,3,,,1,27,14,8,5,1,1,0,0
WS1190908042,box,1909-08-04,2,WAS08,R,1,WS1,CLE,1,1,0,0,1,,31,6,9,12,1,1,0,,3,,4,0,1,0,0,0,0,7,1,0,5,1,1,0,0,0,1,1,0,0,27,36,32,2,2,7,8,1,0,0,0,2,0,2,1,1,1,0,0,0,0,0,0,0,0,,,1,27,39,27,11,1,1,0,0
WS1190908051,evt,1909-08-05,1,WAS08,R,1,WS1,CLE,1,0,1,0,1,38,35,4,9,11,2,0,0,0,3,,2,0,0,2,0,1,0,0,0,0,7,1,1,0,0,0,1,0,1,0,27,42,35,9,8,13,20,3,2,0,0,2,0,4,1,1,1,3,0,0,0,0,0,14,5,,,1,27,16,11,3,2,1,0,0
WS1190908051,box,1909-08-05,1,WAS08,R,1,WS1,CLE,1,0,1,0,1,,35,4,9,11,2,0,0,,3,,2,0,0,2,0,1,0,0,0,0,7,1,1,0,0,0,1,0,1,0,27,42,35,9,8,13,20,3,2,0,0,2,0,4,1,1,1,3,0,0,0,0,0,0,0,,,1,27,39,27,10,2,1,0,0
WS1190908052,evt,1909-08-05,2,WAS08,R,1,WS1,CLE,1,1,0,0,1,29,28,2,8,11,1,1,0,0,2,,0,0,4,0,1,0,0,1,3,0,3,1,1,1,1,0,0,1,0,0,27,32,30,0,0,6,10,4,0,0,0,1,0,5,0,0,1,0,0,0,0,0,0,17,2,,,1,27,13,10,3,0,1,0,0
WS1190908052,box,1909-08-05,2,WAS08,R,1,WS1,CLE,1,1,0,0,1,,28,2,8,11,1,1,0,,2,,0,0,4,0,1,0,0,1,3,0,3,1,1,1,1,0,0,1,0,0,27,32,30,0,0,6,10,4,0,0,0,1,0,5,0,0,1,0,0,0,0,0,0,0,0,,,1,27,40,27,13,0,1,0,0
WS1190908060,evt,1909-08-06,0,WAS08,R,1,WS1,SLA,1,0,1,0,1,29,28,1,6,7,1,0,0,0,1,,1,0,6,0,0,0,0,0,3,0,1,1,1,1,0,0,0,0,1,0,27,33,29,2,1,5,5,0,0,0,0,3,0,5,0,0,1,0,0,1,0,0,0,18,1,,,1,27,13,9,3,1,0,0,0
WS1190908060,box,1909-08-06,0,WAS08,R,1,WS1,SLA,1,0,1,0,1,,28,1,6,7,1,0,0,,1,,1,0,6,0,0,0,0,0,3,0,1,1,1,1,0,0,0,0,1,0,27,33,29,2,1,5,5,0,0,0,0,3,0,5,0,0,1,0,0,1,0,0,0,0,0,,,1,27,38,27,10,1,0,0,0
WS1190908070,evt,1909-08-07,0,WAS08,R,1,WS1,SLA,1,1,0,0,1,40,34,6,11,13,0,1,0,0,5,,3,0,5,0,0,2,1,7,1,0,10,1,1,1,0,0,0,1,0,0,27,35,33,1,0,6,6,0,0,0,0,1,0,5,0,0,1,0,0,0,0,0,0,18,3,,,1,27,21,14,6,1,0,0,0
WS1190908070,box,1909-08-07,0,WAS08,R,1,WS1,SLA,1,1,0,0,1,,34,6,11,13,0,1,0,,5,,3,0,5,0,0,2,1,7,1,0,10,1,1,1,0,0,0,1,0,0,27,35,33,1,0,6,6,0,0,0,0,1,0,5,0,0,1,0,0,0,0,0,0,0,0,,,1,27,37,27,9,1,0,0,0
WS1190908090,evt,1909-08-09,0,WAS08,R,1,WS1,SLA,1,0,1,0,1,42,33,7,9,12,1,1,0,0,7,,6,1,6,0,0,2,1,2,0,0,8,1,1,0,0,0,1,0,1,0,27,48,39,8,7,14,17,3,0,0,0,5,0,1,0,0,4,0,0,0,0,0,0,21,1,,,1,27,16,7,7,2,0,0,1
WS1190908090,box,1909-08-09,0,WAS08,R,1,WS1,SLA,1,0,1,0,1,,33,7,9,12,1,1,0,,7,,6,1,6,0,0,2,1,2,0,0,8,1,1,0,0,0,1,0,1,0,27,48,39,8,7,14,17,3,0,0,0,5,0,1,0,0,4,0,0,0,0,0,0,0,0,,,1,27,48,27,19,2,0,0,1
WS1190908100,evt,1909-08-10,0,WAS08,R,1,WS1,SLA,1,0,0,1,1,45,43,1,9,12,3,0,0,0,1,,2,0,8,1,0,0,0,2,0,0,8,1,1,1,0,0,0,0,0,0,36,49,43,1,1,6,9,0,0,1,0,3,0,4,0,1,2,0,0,1,0,0,0,23,5,,,1,36,24,15,5,4,0,0,0
WS1190908100,box,1909-08-10,0,WAS08,R,1,WS1,SLA,1,0,0,1,1,,43,1,9,12,3,0,0,,1,,2,0,8,1,0,0,0,2,0,0,8,1,1,1,0,0,0,0,0,0,36,49,43,1,1,6,9,0,0,1,0,3,0,2,0,1,2,0,0,1,0,0,0,0,0,,,1,36,59,36,19,4,0,0,0
WS1190908110,evt,1909-08-11,0,WAS08,R,1,WS1,DET,1,1,0,0,1,35,30,3,6,8,2,0,0,0,2,,4,0,1,0,0,0,1,0,0,0,8,1,1,1,0,0,0,1,0,0,27,38,34,2,0,7,8,1,0,0,0,3,0,3,1,0,1,0,0,0,0,0,0,14,6,,,1,27,32,19,9,4,3,0,0
WS1190908110,box,1909-08-11,0,WAS08,R,1,WS1,DET,1,1,0,0,1,,30,3,6,8,2,0,0,,2,,4,0,0,0,0,0,1,0,0,0,8,1,1,1,0,0,0,1,0,0,27,38,34,2,0,7,8,1,0,0,0,3,0,3,1,0,1,0,0,0,0,0,0,0,0,,,1,27,46,27,15,4,3,0,0
WS1190908120,evt,1909-08-12,0,WAS08,R,1,WS1,DET,1,0,1,0,1,32,30,1,6,7,1,0,0,0,1,,0,0,4,1,1,1,0,0,0,0,4,1,1,1,0,0,0,0,1,0,27,38,32,6,3,5,7,2,0,0,0,4,0,5,0,1,0,1,0,1,0,0,0,19,2,,,1,27,20,11,5,4,0,0,2
WS1190908120,box,1909-08-12,0,WAS08,R,1,WS1,DET,1,0,1,0,1,,30,1,6,7,1,0,0,,1,,0,0,4,1,1,1,0,0,0,0,4,1,1,1,0,0,0,0,1,0,27,38,32,6,3,5,7,2,0,0,0,4,0,5,0,1,0,1,0,1,0,0,0,0,0,,,1,27,42,27,11,4,0,0,2
WS1190908130,evt,1909-08-13,0,WAS08,R,1,WS1,DET,1,0,1,0,1,34,29,0,6,7,1,0,0,0,0,,3,0,6,0,0,2,0,0,2,0,7,1,1,0,0,0,1,0,1,0,27,42,36,5,4,14,15,1,0,0,0,4,0,2,1,1,1,0,0,0,0,0,0,15,5,,,1,27,30,15,11,4,1,0,0
WS1190908130,box,1909-08-13,0,WAS08,R,1,WS1,DET,1,0,1,0,1,,29,0,6,7,1,0,0,,0,,3,0,6,0,0,2,0,0,2,0,7,1,1,0,0,0,1,0,1,0,27,42,36,5,4,14,15,1,0,0,0,4,0,2,1,1,1,0,0,0,0,0,0,0,0,,,1,27,50,27,19,4,1,0,0
WS1190908140,evt,1909-08-14,0,WAS08,R,1,WS1,DET,1,0,0,1,1,41,40,3,9,11,0,1,0,0,3,,0,0,4,0,0,1,0,1,1,0,5,1,1,0,0,0,1,0,0,0,33,44,37,3,2,10,12,2,0,0,0,4,0,6,1,0,2,1,0,0,0,1,0,16,4,,,1,33,28,17,8,3,1,0,0
WS1190908140,box,1909-08-14,0,WAS08,R,1,WS1,DET,1,0,0,1,1,,40,3,9,11,0,1,0,,3,,0,0,4,0,0,1,0,1,1,0,5,1,1,0,0,0,1,0,0,0,33,44,37,3,2,10,12,2,0,0,0,4,0,,1,0,2,1,0,0,0,0,0,0,0,,,1,33,49,33,13,3,1,0,0
WS1190908160,evt,1909-08-16,0,WAS08,R,1,WS1,PHA,1,0,1,0,1,37,33,1,8,11,0,0,1,0,1,,3,0,3,1,1,0,0,0,2,0,9,1,1,0,0,0,1,0,1,0,27,39,31,6,6,8,10,2,0,0,0,5,0,3,0,0,2,1,0,0,0,0,0,16,4,,,1,27,13,10,3,0,0,0,0
WS1190908160,box,1909-08-16,0,WAS08,R,1,WS1,PHA,1,0,1,0,1,,33,1,8,11,0,0,1,,1,,3,0,3,1,1,0,0,0,2,0,9,1,1,0,0,0,1,0,1,0,27,39,31,6,6,8,10,2,0,0,0,5,0,3,0,0,2,1,0,0,0,0,0,0,0,,,1,27,38,27,11,0,0,0,0
WS1190908170,evt,1909-08-17,0,WAS08,R,1,WS1,PHA,1,1,0,0,1,42,37,1,9,11,2,0,0,0,1,,2,0,7,1,1,2,0,0,4,0,6,1,1,1,1,0,0,1,0,0,36,45,36,0,0,4,4,0,0,0,0,6,0,5,1,1,2,0,0,1,0,0,0,19,5,,,1,36,25,16,6,3,3,0,0
WS1190908170,box,1909-08-17,0,WAS08,R,1,WS1,PHA,1,1,0,0,1,,37,1,9,11,2,0,0,,1,,2,0,7,1,1,2,0,0,4,0,6,1,1,1,1,0,0,1,0,0,36,45,36,0,0,4,4,0,0,0,0,6,0,5,1,1,2,0,0,1,0,0,0,0,0,,,1,36,56,36,17,3,3,0,0
WS1190908180,evt,1909-08-18,0,WAS08,R,1,WS1,PHA,1,0,1,0,1,34,32,1,8,9,1,0,0,0,1,,0,0,2,1,0,2,0,0,0,0,6,1,1,1,0,0,0,0,1,0,27,40,34,2,2,11,15,4,0,0,0,4,0,2,0,1,1,0,0,0,0,0,0,16,3,,,1,27,20,12,8,0,0,0,0
WS1190908180,box,1909-08-18,0,WAS08,R,1,WS1,PHA,1,0,1,0,1,,32,1,8,9,1,0,0,,1,,0,0,2,1,0,2,0,0,0,0,6,1,1,1,0,0,0,0,1,0,27,40,34,2,2,11,15,4,0,0,0,4,0,2,0,1,1,0,0,0,0,0,0,0,0,,,1,27,42,27,15,0,0,0,0
DET190908200,evt,1909-08-20,0,DET02,R,0,WS1,DET,1,0,1,0,1,34,29,1,7,10,1,1,0,0,1,,3,0,0,0,0,2,0,1,1,0,6,1,1,1,0,0,0,0,1,0,24,34,27,3,3,6,9,1,1,0,0,5,2,1,1,2,0,0,0,1,0,0,0,17,3,,,1,24,16,9,5,2,2,0,1
DET190908200,box,1909-08-20,0,DET02,R,0,WS1,DET,1,0,1,0,1,,29,1,7,10,1,1,0,,1,,3,0,,0,0,2,0,1,1,0,6,1,1,1,0,0,0,0,1,0,24,34,27,3,3,6,9,1,1,0,0,5,2,0,1,2,0,0,0,1,0,0,0,0,0,,,1,24,37,24,11,2,2,0,1
DET190908210,evt,1909-08-21,0,DET02,R,0,WS1,DET,1,0,1,0,1,42,37,7,11,14,3,0,0,0,4,,2,0,3,0,0,2,1,0,0,0,8,1,1,1,0,0,0,0,1,0,24,38,32,9,8,15,17,2,0,0,0,5,1,0,3,0,1,0,0,0,0,0,0,13,4,,,1,24,25,15,9,1,3,0,1
DET190908210,box,1909-08-21,0,DET02,R,0,WS1,DET,1,0,1,0,1,,37,7,11,14,3,0,0,,4,,2,0,,0,0,2,1,0,0,0,8,1,1,1,0,0,0,0,1,0,24,38,32,9,8,15,17,2,0,0,0,5,1,,3,0,1,0,0,0,0,0,0,0,0,,,1,24,39,24,14,1,3,0,1
DET190908220,evt,1909-08-22,0,DET02,R,0,WS1,DET,1,0,1,0,1,35,29,1,4,5,1,0,0,0,1,,5,0,0,0,0,1,0,1,0,0,7,1,1,1,0,0,0,0,1,0,24,37,30,3,2,12,15,3,0,0,0,3,0,3,1,0,4,0,0,0,0,0,0,12,2,,,1,24,26,13,10,3,2,0,0
DET190908220,box,1909-08-22,0,DET02,R,0,WS1,DET,1,0,1,0,1,,29,1,4,5,1,0,0,,1,,5,0,,0,0,1,0,1,0,0,7,1,1,1,0,0,0,0,1,0,24,37,30,3,2,12,15,3,0,0,0,3,0,3,1,0,4,0,0,0,0,0,0,0,0,,,1,24,43,24,16,3,2,0,0
DET190908230,evt,1909-08-23,0,DET02,R,0,WS1,DET,1,0,1,0,1,39,36,6,12,20,0,1,2,0,6,,2,0,1,1,1,0,0,1,1,0,6,1,1,0,0,0,1,0,1,0,24,42,28,11,8,9,13,2,1,0,0,9,1,7,0,1,3,1,0,3,0,2,0,6,4,,,1,24,24,13,6,5,1,0,0
DET190908230,box,1909-08-23,0,DET02,R,0,WS1,DET,1,0,1,0,1,,36,6,12,20,0,1,2,,6,,2,0,,1,1,0,0,1,1,0,6,1,1,0,0,0,1,0,1,0,24,42,28,11,8,9,13,2,1,0,0,9,1,7,0,1,3,1,0,3,0,0,0,0,0,,,1,24,42,24,13,5,1,0,0
CLE190908240,evt,1909-08-24,0,CLE05,R,0,WS1,CLE,1,0,1,0,1,28,27,0,3,3,0,0,0,0,0,,1,0,1,1,0,0,0,1,1,0,1,1,1,1,0,0,0,0,1,0,24,34,30,7,7,11,18,1,3,0,0,3,2,1,1,0,1,0,0,0,0,0,0,13,5,,,1,24,26,15,11,0,1,0,0
CLE190908240,box,1909-08-24,0,CLE05,R,0,WS1,CLE,1,0,1,0,1,,27,0,3,3,0,0,0,,0,,1,0,1,1,0,0,0,1,1,0,1,1,1,1,0,0,0,0,1,0,24,34,30,7,7,11,18,1,3,0,0,3,2,1,1,0,1,0,0,0,0,0,0,0,0,,,1,24,42,24,18,0,1,0,0
CLE190908250,evt,1909-08-25,0,CLE05,R,0,WS1,CLE,1,1,0,0,1,43,40,6,12,13,1,0,0,0,5,,3,0,2,1,0,0,0,0,1,0,7,1,1,1,0,0,0,1,0,0,30,46,43,5,4,15,18,1,1,0,0,1,0,4,1,1,1,0,0,1,0,0,0,21,2,,,1,30,19,11,5,3,1,0,1
CLE190908250,box,1909-08-25,0,CLE05,R,0,WS1,CLE,1,1,0,0,1,,40,6,12,13,1,0,0,,5,,3,0,2,1,0,0,0,0,1,0,7,1,1,1,0,0,0,1,0,0,30,46,43,5,4,15,18,1,1,0,0,1,0,4,1,1,1,0,0,1,0,0,0,0,0,,,1,30,47,30,14,3,1,0,1
CLE190908260,evt,1909-08-26,0,CLE05,R,0,WS1,CLE,1,0,1,0,1,38,36,2,11,13,2,0,0,0,2,,1,0,4,2,0,1,0,0,1,0,9,1,1,0,0,0,1,0,1,0,24,40,32,8,5,12,18,4,1,0,0,3,0,1,0,2,2,1,0,1,0,0,0,14,4,,,1,24,19,12,5,2,1,0,0
CLE190908260,box,1909-08-26,0,CLE05,R,0,WS1,CLE,1,0,1,0,1,,36,2,11,13,2,0,0,,2,,1,0,4,2,0,1,0,0,1,0,9,1,1,0,0,0,1,0,1,0,24,40,32,8,5,12,18,4,1,0,0,3,0,,0,2,2,1,0,1,0,0,0,0,0,,,1,24,38,24,12,2,1,0,0
CHA190908281,evt,1909-08-28,1,CHI09,R,0,WS1,CHA,1,0,1,0,1,38,35,4,9,12,3,0,0,0,4,,2,0,2,1,0,1,0,2,0,0,7,1,1,1,0,0,0,0,1,0,24,35,23,6,6,1,1,0,0,0,0,11,0,1,0,0,1,0,0,0,0,0,0,13,8,,,1,24,39,24,15,0,0,0,0
CHA190908281,box,1909-08-28,1,CHI09,R,0,WS1,CHA,1,0,1,0,1,,35,4,9,12,3,0,0,,4,,2,0,2,1,0,1,0,2,0,0,7,1,1,1,0,0,0,0,1,0,24,35,23,6,6,1,1,0,0,0,0,11,0,1,0,0,1,0,0,0,0,0,0,0,0,,,1,24,39,24,15,0,0,0,0
CHA190908282,evt,1909-08-28,2,CHI09,R,0,WS1,CHA,1,0,1,0,1,33,28,1,5,6,1,0,0,0,0,,2,0,2,0,0,3,0,1,3,0,5,1,1,1,0,0,0,0,1,0,26,33,30,2,1,6,7,1,0,0,0,2,0,3,1,0,0,1,0,0,0,0,0,10,10,,,1,26,40,26,12,2,1,0,0
CHA190908282,box,1909-08-28,2,CHI09,R,0,WS1,CHA,1,0,1,0,1,,28,1,5,6,1,0,0,,0,,2,0,2,0,0,3,0,1,3,0,5,1,1,1,0,0,0,0,1,0,26,33,30,2,1,6,7,1,0,0,0,2,0,3,1,0,0,1,0,0,0,0,0,0,0,,,1,26,40,26,12,2,1,0,0
CHA190908290,evt,1909-08-29,0,CHI09,R,0,WS1,CHA,1,0,1,0,1,30,26,0,2,2,0,0,0,0,0,,3,0,6,1,0,1,0,0,2,0,3,1,1,0,0,0,1,0,1,0,24,31,29,1,1,6,8,2,0,0,0,2,0,2,0,0,0,0,0,0,0,0,0,15,4,,,1,24,19,12,6,1,0,0,0
CHA190908290,box,1909-08-29,0,CHI09,R,0,WS1,CHA,1,0,1,0,1,,26,0,2,2,0,0,0,,0,,3,0,6,1,0,1,0,0,2,0,3,1,1,0,0,0,1,0,1,0,24,31,29,1,1,6,8,2,0,0,0,2,0,2,0,0,0,0,0,0,0,0,0,0,0,,,1,24,41,24,16,1,0,0,0
SLA190908300,evt,1909-08-30,0,STL07,R,0,WS1,SLA,1,0,1,0,1,38,35,0,7,9,2,0,0,0,0,,2,0,7,0,0,1,0,0,0,0,11,1,1,1,0,0,0,0,1,0,24,41,32,8,5,10,12,0,1,0,0,3,0,2,0,1,3,2,0,1,0,0,0,15,4,,,1,24,18,10,4,4,0,0,1
SLA190908300,box,1909-08-30,0,STL07,R,0,WS1,SLA,1,0,1,0,1,,35,0,7,9,2,0,0,,0,,2,0,0,0,0,1,0,0,0,0,11,1,1,1,0,0,0,0,1,0,24,41,32,8,5,10,12,0,1,0,0,3,0,0,0,1,3,2,0,1,0,0,0,0,0,,,1,24,40,24,12,4,0,0,1
SLA190908310,evt,1909-08-31,0,STL07,R,0,WS1,SLA,1,0,1,0,1,36,32,3,8,8,0,0,0,0,2,,2,0,0,0,0,1,1,0,0,0,6,1,1,0,0,0,1,0,1,0,24,37,31,7,6,10,15,2,0,1,0,4,0,1,1,0,2,0,0,2,0,0,0,18,1,,,1,24,19,9,7,3,1,0,0
SLA190908310,box,1909-08-31,0,STL07,R,0,WS1,SLA,1,0,1,0,1,,32,3,8,8,0,0,0,,2,,2,0,,0,0,1,1,0,0,0,6,1,1,0,0,0,1,0,1,0,24,37,31,7,6,10,15,2,0,1,0,4,0,,1,0,2,0,0,2,0,0,0,0,0,,,1,24,42,24,15,3,1,0,0
SLA190909010,evt,1909-09-01,0,STL07,R,0,WS1,SLA,1,0,1,0,1,41,37,6,12,12,0,0,0,0,4,,2,0,1,0,0,2,0,2,0,0,8,1,1,0,0,0,1,0,1,0,24,35,31,7,2,8,8,0,0,0,0,1,0,1,0,1,1,1,0,0,0,1,0,18,1,,,1,24,11,4,1,6,0,0,0
SLA190909010,box,1909-09-01,0,STL07,R,0,WS1,SLA,1,0,1,0,1,,37,6,12,12,0,0,0,,4,,2,0,,0,0,2,0,2,0,0,8,1,1,0,0,0,1,0,1,0,24,35,31,7,2,8,8,0,0,0,0,1,0,,0,1,1,1,0,0,0,0,0,0,0,,,1,24,36,24,6,6,0,0,0
WS1190909030,evt,1909-09-03,0,WAS08,R,1,WS1,PHA,1,0,1,0,1,33,32,3,6,9,1,1,0,0,2,,1,0,5,0,0,0,0,0,1,0,3,1,1,0,0,0,1,0,1,0,27,43,35,10,5,10,15,2,0,1,0,4,0,2,0,1,2,1,0,0,0,0,0,12,11,,,1,27,43,27,13,3,0,0,0
WS1190909030,box,1909-09-03,0,WAS08,R,1,WS1,PHA,1,0,1,0,1,,32,3,6,9,1,1,0,,2,,1,0,5,0,0,0,0,0,1,0,3,1,1,0,0,0,1,0,1,0,27,43,35,10,5,10,15,2,0,1,0,4,0,2,0,1,2,1,0,0,0,0,0,0,0,,,1,27,43,27,13,3,0,0,0
WS1190909040,evt,1909-09-04,0,WAS08,R,1,WS1,PHA,1,0,1,0,1,31,28,0,3,3,0,0,0,0,0,,3,0,8,1,0,0,0,0,1,0,4,1,1,1,0,0,0,0,1,0,27,35,34,2,1,10,10,0,0,0,0,0,0,1,0,0,1,0,0,0,0,0,0,7,13,,,1,27,44,27,15,2,0,0,0
WS1190909040,box,1909-09-04,0,WAS08,R,1,WS1,PHA,1,0,1,0,1,,28,0,3,3,0,0,0,,0,,3,0,8,1,0,0,0,0,1,0,4,1,1,1,0,0,0,0,1,0,27,35,34,2,1,10,10,0,0,0,0,0,0,1,0,0,1,0,0,0,0,0,0,0,0,,,1,27,44,27,15,2,0,0,0
PHA190909061,evt,1909-09-06,1,PHI11,R,0,WS1,PHA,1,0,1,0,1,36,31,2,6,6,0,0,0,0,0,,3,0,8,1,1,1,0,0,0,0,7,1,1,0,0,0,1,0,1,0,24,37,26,8,8,6,11,3,1,0,0,7,0,5,0,0,3,1,0,2,0,0,0,8,8,,,1,24,35,24,11,0,0,0,0
PHA190909061,box,1909-09-06,1,PHI11,R,0,WS1,PHA,1,0,1,0,1,,31,2,6,6,0,0,0,,0,,3,0,8,1,1,1,0,0,0,0,7,1,1,0,0,0,1,0,1,0,24,37,26,8,8,6,11,3,1,0,0,7,0,5,0,0,3,1,0,2,0,0,0,0,0,,,1,24,35,24,11,0,0,0,0
PHA190909062,evt,1909-09-06,2,PHI11,R,0,WS1,PHA,1,0,1,0,1,42,34,5,9,11,2,0,0,0,4,,5,0,6,0,0,3,0,2,3,0,7,1,1,1,0,0,0,0,1,0,28,46,37,6,6,11,14,3,0,0,0,6,0,7,0,0,3,0,0,0,0,0,0,14,4,,,1,28,50,28,18,4,1,0,0
PHA190909062,box,1909-09-06,2,PHI11,R,0,WS1,PHA,1,0,1,0,1,,34,5,9,11,2,0,0,,4,,5,0,6,0,0,3,0,2,3,0,7,1,1,1,0,0,0,0,1,0,28,46,37,6,6,11,14,3,0,0,0,6,0,7,0,0,3,0,0,0,0,0,0,0,0,,,1,28,49,28,17,4,1,0,0
WS1190909070,evt,1909-09-07,0,WAS08,R,1,WS1,BOS,1,1,0,0,1,42,31,11,11,15,2,1,0,0,8,,9,1,3,0,0,1,1,3,1,0,7,1,1,1,0,0,0,1,0,0,27,38,33,6,2,7,9,0,1,0,0,2,0,2,0,1,1,1,0,0,0,0,0,18,4,,,1,27,18,10,5,3,0,0,1
WS1190909070,box,1909-09-07,0,WAS08,R,1,WS1,BOS,1,1,0,0,1,,31,11,11,15,2,1,0,,8,,9,1,3,0,0,1,1,3,1,0,7,1,1,1,0,0,0,1,0,0,27,38,33,6,2,7,9,0,1,0,0,2,0,,0,1,1,1,0,0,0,0,0,0,0,,,1,27,41,27,11,3,0,0,1
WS1190909080,evt,1909-09-08,0,WAS08,R,1,WS1,BOS,1,0,1,0,1,44,39,3,13,19,2,2,0,0,3,,3,0,7,0,1,1,0,2,0,0,14,1,1,0,0,0,1,0,1,0,27,42,38,6,3,9,13,0,2,0,0,3,0,6,0,0,1,0,0,1,0,0,0,15,3,,,1,27,27,16,6,5,1,0,0
WS1190909080,box,1909-09-08,0,WAS08,R,1,WS1,BOS,1,0,1,0,1,,39,3,13,19,2,2,0,,3,,3,0,7,0,1,1,0,2,0,0,14,1,1,0,0,0,1,0,1,0,27,42,38,6,3,9,13,0,2,0,0,3,0,6,0,0,1,0,0,1,0,0,0,0,0,,,1,27,45,27,13,5,1,0,0
WS1190909090,evt,1909-09-09,0,WAS08,R,1,WS1,BOS,1,0,1,0,1,38,35,1,6,7,1,0,0,0,1,,2,0,2,0,0,1,0,0,1,0,7,1,1,1,0,0,0,0,1,0,30,44,39,3,3,12,15,3,0,0,0,4,2,2,0,0,1,0,0,0,0,0,0,21,3,,,1,30,18,11,7,0,0,0,0
WS1190909090,box,1909-09-09,0,WAS08,R,1,WS1,BOS,1,0,1,0,1,,35,1,6,7,1,0,0,,1,,2,0,2,0,0,1,0,0,1,0,7,1,1,1,0,0,0,0,1,0,30,44,39,3,3,12,15,3,0,0,0,4,2,2,0,0,1,0,0,0,0,0,0,0,0,,,1,30,51,30,21,0,0,0,0
WS1190909111,evt,1909-09-11,1,WAS08,R,1,WS1,NYA,1,0,1,0,1,31,29,0,2,2,0,0,0,0,0,,1,0,6,0,0,1,0,0,1,0,4,1,1,0,0,0,1,0,1,0,27,32,30,3,3,7,7,0,0,0,0,0,0,4,0,1,1,0,0,0,0,0,0,18,1,,,1,27,16,10,5,1,0,0,0
WS1190909111,box,1909-09-11,1,WAS08,R,1,WS1,NYA,1,0,1,0,1,,29,0,2,2,0,0,0,,0,,1,0,6,0,0,1,0,0,1,0,4,1,1,0,0,0,1,0,1,0,27,32,30,3,3,7,7,0,0,0,0,0,0,4,0,1,1,0,0,0,0,0,0,0,0,,,1,27,42,27,14,1,0,0,0
WS1190909112,evt,1909-09-11,2,WAS08,R,1,WS1,NYA,1,0,1,0,1,33,30,1,6,8,2,0,0,0,1,,1,0,5,0,0,2,0,1,0,0,5,1,1,1,0,0,0,0,1,0,27,34,32,2,0,6,7,1,0,0,0,0,0,3,0,0,1,1,0,0,0,0,0,13,10,,,1,27,42,27,13,2,0,0,0
WS1190909112,box,1909-09-11,2,WAS08,R,1,WS1,NYA,1,0,1,0,1,,30,1,6,8,2,0,0,,1,,1,0,5,0,0,2,0,1,0,0,5,1,1,1,0,0,0,0,1,0,27,34,32,2,0,6,7,1,0,0,0,0,0,3,0,0,1,1,0,0,0,0,0,0,0,,,1,27,42,27,13,2,0,0,0
BOS190909130,evt,1909-09-13,0,BOS06,R,0,WS1,BOS,1,0,1,0,1,36,33,2,8,12,1,0,1,0,2,,2,0,7,0,0,1,0,2,0,0,7,1,1,1,0,0,0,0,1,0,24,36,32,4,4,11,13,2,0,0,0,1,0,6,0,0,2,1,0,1,0,0,0,11,5,,,1,24,37,24,13,0,0,0,0
BOS190909130,box,1909-09-13,0,BOS06,R,0,WS1,BOS,1,0,1,0,1,,33,2,8,12,1,0,1,,2,,2,0,7,0,0,1,0,2,0,0,7,1,1,1,0,0,0,0,1,0,24,36,32,4,4,11,13,2,0,0,0,1,0,6,0,0,2,1,0,1,0,0,0,0,0,,,1,24,37,24,13,0,0,0,0
BOS190909140,evt,1909-09-14,0,BOS06,R,0,WS1,BOS,1,0,1,0,1,35,29,2,5,7,2,0,0,0,1,,4,0,5,0,0,2,0,0,1,0,6,1,1,1,0,0,0,0,1,0,24,37,31,5,5,10,12,2,0,0,0,3,0,3,0,1,1,1,0,0,0,0,0,10,8,,,1,24,37,24,13,0,0,0,0
BOS190909140,box,1909-09-14,0,BOS06,R,0,WS1,BOS,1,0,1,0,1,,29,2,5,7,2,0,0,,1,,4,0,5,0,0,2,0,0,1,0,6,1,1,1,0,0,0,0,1,0,24,37,31,5,5,10,12,2,0,0,0,3,0,3,0,1,1,1,0,0,0,0,0,0,0,,,1,24,37,24,13,0,0,0,0
BOS190909150,evt,1909-09-15,0,BOS06,R,0,WS1,BOS,1,1,0,0,1,43,39,7,14,15,1,0,0,0,5,,1,0,3,0,1,1,1,0,1,0,9,1,1,1,0,0,0,1,0,0,27,43,41,4,4,11,13,2,0,0,0,1,0,4,0,1,0,0,0,0,0,0,0,12,10,,,1,27,42,27,13,2,0,0,0
BOS190909150,box,1909-09-15,0,BOS06,R,0,WS1,BOS,1,1,0,0,1,,39,7,14,15,1,0,0,,5,,1,0,3,0,1,1,1,0,1,0,9,1,1,1,0,0,0,1,0,0,27,43,41,4,4,11,13,2,0,0,0,1,0,4,0,1,0,0,0,0,0,0,0,0,0,,,1,27,42,27,13,2,0,0,0
WS1190909161,evt,1909-09-16,1,WAS08,R,1,WS1,SLA,1,1,0,0,1,36,29,5,9,10,1,0,0,0,5,,2,0,3,0,1,3,1,4,1,0,7,1,1,1,1,0,0,1,0,0,27,31,30,0,0,5,6,1,0,0,0,1,1,6,1,0,0,0,0,0,0,0,0,15,3,,,1,27,17,13,3,1,2,0,0
WS1190909161,box,1909-09-16,1,WAS08,R,1,WS1,SLA,1,1,0,0,1,,29,5,9,10,1,0,0,,5,,2,0,3,0,1,3,1,4,1,0,7,1,1,1,1,0,0,1,0,0,27,31,30,0,0,5,6,1,0,0,0,1,1,6,1,0,0,0,0,0,0,0,0,0,0,,,1,27,40,27,12,1,2,0,0
WS1190909162,evt,1909-09-16,2,WAS08,R,1,WS1,SLA,1,0,1,0,1,38,27,2,5,5,0,0,0,0,2,,5,0,1,0,2,4,0,4,1,0,9,1,1,1,0,0,0,0,1,0,27,39,34,4,4,9,9,0,0,0,0,2,0,4,0,1,2,0,0,0,0,0,0,20,1,,,1,27,13,8,3,2,0,0,0
WS1190909162,box,1909-09-16,2,WAS08,R,1,WS1,SLA,1,0,1,0,1,,27,2,5,5,0,0,0,,2,,5,0,1,0,2,4,0,4,1,0,9,1,1,1,0,0,0,0,1,0,27,39,34,4,4,9,9,0,0,0,0,2,0,4,0,1,2,0,0,0,0,0,0,0,0,,,1,27,41,27,12,2,0,0,0
WS1190909170,evt,1909-09-17,0,WAS08,R,1,WS1,SLA,1,1,0,0,1,41,35,10,12,15,3,0,0,0,9,,4,0,4,0,0,1,1,0,1,0,7,1,1,1,0,0,0,1,0,0,27,32,31,1,0,4,6,0,1,0,0,1,0,7,0,0,0,0,0,0,0,0,0,14,6,,,1,27,17,15,2,0,0,0,1
WS1190909170,box,1909-09-17,0,WAS08,R,1,WS1,SLA,1,1,0,0,1,,35,10,12,15,3,0,0,,9,,4,0,4,0,0,1,1,0,1,0,7,1,1,1,0,0,0,1,0,0,27,32,31,1,0,4,6,0,1,0,0,1,0,7,0,0,0,0,0,0,0,0,0,0,0,,,1,27,35,27,8,0,0,0,1
WS1190909180,box,1909-09-18,0,WAS08,R,1,WS1,SLA,1,1,0,0,1,,44,16,19,24,5,0,0,,11,,1,0,2,0,0,1,1,5,1,0,7,1,1,1,0,0,0,1,0,0,27,43,39,7,6,13,14,1,0,0,0,3,0,1,2,0,1,0,0,1,0,0,0,0,0,,,1,27,44,27,14,3,2,0,0
WS1190909180,ded,1909-09-18,0,WAS08,R,1,WS1,SLA,1,1,0,0,1,47,44,16,19,24,5,0,0,0,11,,1,0,2,0,0,1,1,5,1,0,7,1,1,1,0,0,0,1,0,0,27,43,39,7,6,13,14,1,0,0,0,3,0,1,2,0,1,0,0,1,0,0,0,19,4,,,1,27,15,9,3,3,2,0,0
WS1190909200,evt,1909-09-20,0,WAS08,R,1,WS1,SLA,1,0,1,0,1,37,31,2,9,9,0,0,0,0,2,,3,0,2,0,0,3,0,0,2,0,8,1,1,1,0,0,0,0,1,0,27,35,29,3,2,5,6,1,0,0,0,4,0,2,3,1,1,0,0,1,0,0,0,17,2,,,1,27,32,18,12,2,3,0,0
WS1190909200,box,1909-09-20,0,WAS08,R,1,WS1,SLA,1,0,1,0,1,,31,2,9,9,0,0,0,,2,,3,0,2,0,0,3,0,0,2,0,8,1,1,1,0,0,0,0,1,0,27,35,29,3,2,5,6,1,0,0,0,4,0,2,3,1,1,0,0,1,0,0,0,0,0,,,1,27,46,27,17,2,3,0,0
WS1190909211,evt,1909-09-21,1,WAS08,R,1,WS1,DET,1,0,1,0,1,35,28,1,2,2,0,0,0,0,0,,5,0,2,0,0,2,0,1,0,0,7,1,1,1,0,0,0,0,1,0,27,34,31,3,3,6,8,0,1,0,0,2,1,6,1,0,1,0,0,0,0,0,0,14,5,,,1,27,41,27,14,0,1,0,0
WS1190909211,box,1909-09-21,1,WAS08,R,1,WS1,DET,1,0,1,0,1,,28,1,2,2,0,0,0,,0,,5,0,2,0,0,2,0,1,0,0,7,1,1,1,0,0,0,0,1,0,27,34,31,3,3,6,8,0,1,0,0,2,1,6,1,0,1,0,0,0,0,0,0,0,0,,,1,27,41,27,14,0,1,0,0
WS1190909212,evt,1909-09-21,2,WAS08,R,1,WS1,DET,1,1,0,0,1,31,28,2,6,6,0,0,0,0,2,,1,0,2,0,1,1,0,2,2,0,5,1,1,1,1,0,0,1,0,0,27,35,33,0,0,6,7,1,0,0,0,2,0,5,0,0,0,0,0,2,0,0,0,8,13,,,1,27,37,27,9,1,0,0,0
WS1190909212,box,1909-09-21,2,WAS08,R,1,WS1,DET,1,1,0,0,1,,28,2,6,6,0,0,0,,2,,1,0,2,0,1,1,0,2,2,0,5,1,1,1,1,0,0,1,0,0,27,35,33,0,0,6,7,1,0,0,0,2,0,5,0,0,0,0,0,2,0,0,0,0,0,,,1,27,37,27,9,1,0,0,0
WS1190909220,evt,1909-09-22,0,WAS08,R,1,WS1,DET,1,0,1,0,1,31,28,3,3,5,0,1,0,0,3,,1,0,3,0,0,2,0,1,0,0,1,1,1,1,0,0,0,0,1,0,27,43,41,8,8,16,23,3,2,0,0,0,0,5,1,0,2,0,0,0,0,0,0,8,8,,,1,27,43,27,13,3,2,0,0
WS1190909220,box,1909-09-22,0,WAS08,R,1,WS1,DET,1,0,1,0,1,,28,3,3,5,0,1,0,,3,,1,0,3,0,0,2,0,1,0,0,1,1,1,1,0,0,0,0,1,0,27,43,41,8,8,16,23,3,2,0,0,0,0,5,1,0,2,0,0,0,0,0,0,0,0,,,1,27,43,27,13,3,2,0,0
WS1190909230,evt,1909-09-23,0,WAS08,R,1,WS1,DET,1,0,1,0,1,35,33,1,10,11,1,0,0,0,1,,2,0,3,1,0,0,0,0,1,0,7,1,1,0,0,0,1,0,1,0,27,44,36,8,6,10,13,3,0,0,0,7,0,4,0,0,1,0,0,0,0,3,1,9,12,,,1,27,40,27,12,1,0,0,1
WS1190909230,box,1909-09-23,0,WAS08,R,1,WS1,DET,1,0,1,0,1,,33,1,10,11,1,0,0,,1,,2,0,3,1,0,0,0,0,1,0,7,1,1,0,0,0,1,0,1,0,27,44,36,8,6,10,13,3,0,0,0,7,0,4,0,0,1,0,0,0,0,0,0,0,0,,,1,27,40,27,12,1,0,0,1
WS1190909251,evt,1909-09-25,1,WAS08,R,1,WS1,CHA,1,0,1,0,1,34,31,1,5,5,0,0,0,0,1,,2,0,1,0,1,0,0,2,0,0,6,1,1,1,0,0,0,0,1,0,27,30,26,2,2,2,2,0,0,0,0,3,0,5,0,0,1,0,0,0,0,0,0,13,6,,,1,27,42,27,15,0,1,0,0
WS1190909251,box,1909-09-25,1,WAS08,R,1,WS1,CHA,1,0,1,0,1,,31,1,5,5,0,0,0,,1,,2,0,1,0,1,0,0,2,0,0,6,1,1,1,0,0,0,0,1,0,27,30,26,2,2,2,2,0,0,0,0,3,0,5,0,0,1,0,0,0,0,0,0,0,0,,,1,27,42,27,15,0,1,0,0
WS1190909252,evt,1909-09-25,2,WAS08,R,1,WS1,CHA,1,0,1,0,1,34,31,0,7,8,1,0,0,0,0,,0,0,2,1,0,3,0,0,1,0,7,1,1,1,0,0,0,0,1,0,27,36,34,2,2,7,9,2,0,0,0,1,0,4,1,1,0,0,0,0,0,0,0,10,11,,,1,27,39,27,10,2,1,0,2
WS1190909252,box,1909-09-25,2,WAS08,R,1,WS1,CHA,1,0,1,0,1,,31,0,7,8,1,0,0,,0,,0,0,2,1,0,3,0,0,1,0,7,1,1,1,0,0,0,0,1,0,27,36,34,2,2,7,9,2,0,0,0,1,0,4,1,1,0,0,0,0,0,0,0,0,0,,,1,27,39,27,10,2,1,0,2
WS1190909270,evt,1909-09-27,0,WAS08,R,1,WS1,CHA,1,0,1,0,1,35,31,1,6,7,1,0,0,0,1,,4,0,4,1,0,0,0,0,2,0,7,1,1,0,0,0,1,0,1,0,27,43,35,8,6,11,11,0,0,0,0,4,0,3,0,1,2,1,0,0,0,0,0,14,7,,,1,27,46,27,16,3,0,0,1
WS1190909270,box,1909-09-27,0,WAS08,R,1,WS1,CHA,1,0,1,0,1,,31,1,6,7,1,0,0,,1,,4,0,4,1,0,0,0,0,2,0,7,1,1,0,0,0,1,0,1,0,27,43,35,8,6,11,11,0,0,0,0,4,0,3,0,1,2,1,0,0,0,0,0,0,0,,,1,27,45,27,15,3,0,0,1
WS1190909280,evt,1909-09-28,0,WAS08,R,1,WS1,CHA,1,0,1,0,1,31,28,1,7,9,0,1,0,0,1,,2,0,3,1,0,1,0,0,2,0,3,1,1,1,0,0,0,0,1,0,27,42,35,5,4,10,16,0,3,0,0,3,0,5,0,0,3,1,0,0,0,0,0,13,6,,,1,27,49,27,18,4,0,0,0
WS1190909280,box,1909-09-28,0,WAS08,R,1,WS1,CHA,1,0,1,0,1,,28,1,7,9,0,1,0,,1,,2,0,3,1,0,1,0,0,2,0,3,1,1,1,0,0,0,0,1,0,27,42,35,5,4,10,16,0,3,0,0,3,0,5,0,0,3,1,0,0,0,0,0,0,0,,,1,27,50,27,19,4,0,0,0
WS1190909291,evt,1909-09-29,1,WAS08,R,1,WS1,CLE,1,1,0,0,1,33,28,2,6,6,0,0,0,0,2,,4,1,3,0,0,1,0,1,1,0,6,1,1,1,0,0,0,1,0,0,27,31,29,1,0,3,3,0,0,0,0,1,1,3,0,0,1,0,0,0,0,0,0,20,2,,,1,27,13,8,3,2,0,0,0
WS1190909291,box,1909-09-29,1,WAS08,R,1,WS1,CLE,1,1,0,0,1,,28,2,6,6,0,0,0,,2,,4,1,3,0,0,1,0,1,1,0,6,1,1,1,0,0,0,1,0,0,27,31,29,1,0,3,3,0,0,0,0,1,1,2,0,0,1,0,0,0,0,0,0,0,0,,,1,27,40,27,11,2,0,0,0
WS1190909292,box,1909-09-29,2,WAS08,R,1,WS1,CLE,1,1,0,0,1,,31,7,8,9,1,0,0,,6,,2,0,1,0,0,0,1,1,0,0,3,1,1,1,0,0,0,1,0,0,27,39,34,3,3,8,11,1,1,0,0,5,0,8,0,0,0,0,0,0,0,0,0,0,0,,,1,27,41,27,13,1,1,0,0
WS1190909292,ded,1909-09-29,2,WAS08,R,1,WS1,CLE,1,1,0,0,1,34,31,7,8,9,1,0,0,0,6,,2,0,1,0,0,0,1,1,0,0,3,1,1,1,0,0,0,1,0,0,27,39,34,3,3,8,11,1,1,0,0,5,0,8,0,0,0,0,0,0,0,0,0,16,2,,,1,27,14,11,2,1,1,0,0
WS1190910010,box,1909-10-01,0,WAS08,R,1,WS1,CLE,1,1,0,0,1,,28,4,5,7,2,0,0,,3,,5,0,7,1,0,0,1,1,1,0,6,1,1,1,0,0,0,1,0,0,27,38,34,2,1,8,8,0,0,0,0,4,0,6,0,0,0,0,0,0,0,0,0,0,0,,,1,27,44,27,13,4,3,0,0
WS1190910010,ded,1909-10-01,0,WAS08,R,1,WS1,CLE,1,1,0,0,1,34,28,4,5,7,2,0,0,0,3,,5,0,7,1,0,0,1,1,1,0,6,1,1,1,0,0,0,1,0,0,27,38,34,2,1,8,8,0,0,0,0,4,0,6,0,0,0,0,0,0,0,0,0,14,2,,,1,27,29,18,7,4,3,0,0
PHA190910021,evt,1909-10-02,1,PHI11,R,0,WS1,PHA,1,0,1,0,1,42,35,5,9,9,0,0,0,0,4,,5,0,4,0,1,1,0,0,1,0,10,1,1,1,0,0,0,0,1,0,24,35,32,6,5,8,10,2,0,0,0,2,0,1,0,0,0,1,0,0,0,0,0,10,13,,,1,24,36,24,9,3,0,0,1
PHA190910021,box,1909-10-02,1,PHI11,R,0,WS1,PHA,1,0,1,0,1,,35,5,9,9,0,0,0,,4,,5,0,4,0,1,1,0,0,1,0,10,1,1,1,0,0,0,0,1,0,24,35,32,6,5,8,10,2,0,0,0,2,0,1,0,0,0,1,0,0,0,0,0,0,0,,,1,24,36,24,9,3,0,0,1
PHA190910022,evt,1909-10-02,2,PHI11,R,0,WS1,PHA,1,0,1,0,1,35,31,2,7,8,1,0,0,0,1,,2,0,4,0,0,1,1,1,0,0,6,1,1,1,0,0,0,0,1,0,24,40,34,7,5,13,16,1,1,0,0,3,0,4,0,0,1,2,0,0,0,0,0,10,8,,,1,24,39,24,12,3,0,0,0
PHA190910022,box,1909-10-02,2,PHI11,R,0,WS1,PHA,1,0,1,0,1,,31,2,7,8,1,0,0,,1,,2,0,4,0,0,1,1,1,0,0,6,1,1,1,0,0,0,0,1,0,24,40,34,7,5,13,16,1,1,0,0,3,0,4,0,0,1,2,0,0,0,0,0,0,0,,,1,24,39,24,12,3,0,0,0
