game.key,game.source,game.date,game.number,site.key,season.phase,team.alignment,team.key,opponent.key,R_G,R_W,R_L,R_T,B_G,B_PA,B_AB,B_R,B_H,B_TB,B_2B,B_3B,B_HR,B_HR4,B_RBI,B_GW,B_BB,B_IBB,B_SO,B_GDP,B_HP,B_SH,B_SF,B_SB,B_CS,B_XI,B_LOB,P_G,P_GS,P_CG,P_SHO,P_CSHO,P_GF,P_W,P_L,P_SV,P_OUT,P_TBF,P_AB,P_R,P_ER,P_H,P_TB,P_2B,P_3B,P_HR,P_HR4,P_BB,P_IBB,P_SO,P_GDP,P_HP,P_SH,P_SF,P_XI,P_WP,P_BK,P_IR,P_IRS,P_GO,P_AO,P_PITCH,P_STRIKE,F_G,F_OUT,F_TC,F_PO,F_A,F_E,F_DP,F_TP,F_PB
BLN189804160,box,1898-04-16,0,BAL07,R,1,BLN,WSN,1,1,0,0,1,,39,8,17,19,2,0,0,,7,,1,,4,,0,0,0,2,,0,8,1,1,1,0,0,0,1,0,0,27,41,37,3,1,7,9,2,0,0,0,3,,9,,1,0,0,0,1,0,0,0,0,0,,,1,27,43,27,10,6,0,0,0
WSN189804180,box,1898-04-18,0,WAS06,R,0,BLN,WSN,1,1,0,0,1,,34,9,12,13,1,0,0,,7,,2,,0,,2,1,0,3,,0,6,1,1,1,1,0,0,1,0,0,27,29,28,0,0,2,2,0,0,0,0,1,,5,,0,0,0,0,0,0,0,0,0,0,,,1,27,43,27,15,1,1,0,0
BLN189804200,box,1898-04-20,0,BAL07,R,1,BLN,BSN,1,1,0,0,1,,40,18,17,18,1,0,0,,15,,7,,2,,3,1,0,3,,0,9,1,1,1,0,0,0,1,0,0,27,36,33,3,3,8,10,2,0,0,0,2,,8,,0,1,0,0,0,0,0,0,0,0,,,1,27,35,27,8,0,0,0,0
BLN189804210,box,1898-04-21,0,BAL07,R,1,BLN,BSN,1,0,1,0,1,,35,5,7,7,0,0,0,,5,,7,,1,,0,0,0,0,,0,10,1,1,1,0,0,0,0,1,0,27,42,35,10,8,12,16,0,2,0,0,3,,1,,0,4,0,0,0,0,0,0,0,0,,,1,27,47,27,15,5,1,0,0
BLN189804220,box,1898-04-22,0,BAL07,R,1,BLN,BSN,1,1,0,0,1,,35,8,13,22,1,4,0,,8,,5,,3,,1,0,0,1,,0,9,1,1,1,1,0,0,1,0,0,27,31,28,0,0,0,0,0,0,0,0,3,,3,,0,0,0,0,0,0,0,0,0,0,,,1,27,39,27,9,3,2,0,0
BLN189804230,box,1898-04-23,0,BAL07,R,1,BLN,BSN,1,1,0,0,1,,31,3,8,9,1,0,0,,3,,7,0,1,0,2,0,0,2,1,0,12,1,1,1,0,0,0,1,0,0,27,34,33,2,1,8,14,0,3,0,0,1,0,3,0,0,0,0,0,0,0,0,0,0,0,,,1,27,43,27,14,2,0,0,0
BLN189804270,box,1898-04-27,0,BAL07,R,1,BLN,BRO,1,0,1,0,1,,34,4,9,13,2,1,0,,3,,3,0,0,0,0,0,0,0,1,0,6,1,1,1,0,0,0,0,1,0,27,44,39,7,6,11,16,3,1,0,0,3,0,1,1,2,0,0,0,0,0,0,0,0,0,,,1,27,40,27,12,1,1,0,0
BLN189804300,box,1898-04-30,0,BAL07,R,1,BLN,NY1,1,1,0,0,1,,31,4,7,9,2,0,0,,2,,7,0,1,1,1,0,0,1,1,0,11,1,1,1,0,0,0,1,0,0,27,33,32,1,1,6,6,0,0,0,0,1,0,6,2,0,0,0,0,0,0,0,0,0,0,,,1,27,42,27,13,2,2,0,0
BLN189805020,box,1898-05-02,0,BAL07,R,1,BLN,NY1,1,1,0,0,1,,35,6,15,23,2,3,0,,4,,2,0,1,1,2,0,0,4,2,0,9,1,1,1,0,0,0,1,0,0,27,36,31,4,4,8,12,4,0,0,0,4,0,2,2,1,0,0,0,0,0,0,0,0,0,,,1,27,41,27,13,1,3,0,0
BLN189805040,box,1898-05-04,0,BAL07,R,1,BLN,PHI,1,1,0,0,1,,31,4,8,9,1,0,0,,3,,4,,1,,1,0,0,1,,0,8,1,1,1,0,0,0,1,0,0,27,33,28,2,2,6,7,1,0,0,0,4,,4,,0,1,0,0,0,0,0,0,0,0,,,1,27,41,27,14,0,2,0,0
BSN189805090,box,1898-05-09,0,BOS05,R,0,BLN,BSN,1,1,0,0,1,,41,13,17,17,0,0,0,,12,,3,,2,,1,1,0,4,,0,6,1,1,1,1,0,0,1,0,0,27,31,29,0,0,2,3,1,0,0,0,2,,2,,0,0,0,0,0,0,0,0,0,0,,,1,27,42,27,13,2,1,0,0
BSN189805100,box,1898-05-10,0,BOS05,R,0,BLN,BSN,1,0,1,0,1,,37,4,12,17,3,1,0,,4,,1,,,,0,0,0,0,,0,7,1,1,1,0,0,0,0,1,0,24,39,33,10,10,13,19,0,0,2,0,6,,,,0,0,0,0,0,0,0,0,0,0,,,1,24,34,24,8,2,2,0,1
BSN189805110,box,1898-05-11,0,BOS05,R,0,BLN,BSN,1,0,1,0,1,,35,4,8,13,2,0,1,,3,,6,,1,,2,0,0,0,,0,12,1,1,0,0,0,1,0,1,0,27,39,34,8,6,10,17,2,1,1,0,5,,1,,0,0,0,0,0,0,0,0,0,0,,,1,27,42,27,11,4,2,0,0
BSN189805120,box,1898-05-12,0,BOS05,R,0,BLN,BSN,1,0,1,0,1,,38,6,10,13,0,0,1,,6,,1,,4,,2,0,0,2,,0,8,1,1,1,0,0,0,0,1,0,24,48,40,15,7,12,20,0,1,2,0,7,,1,,1,0,0,0,0,0,0,0,0,0,,,1,24,47,24,17,6,0,0,0
PHI189805130,box,1898-05-13,0,PHI09,R,0,BLN,PHI,1,0,1,0,1,,33,4,9,9,0,0,0,,4,,1,,1,,1,0,0,0,,0,4,1,1,1,0,0,0,0,1,0,25,40,34,5,4,12,14,2,0,0,0,6,,4,,0,0,0,0,0,0,0,0,0,0,,,1,25,38,25,11,2,2,0,1
PHI189805140,box,1898-05-14,0,PHI09,R,0,BLN,PHI,1,0,1,0,1,,38,11,15,17,2,0,0,,10,,4,,1,,0,0,0,0,,0,4,1,1,1,0,0,0,0,1,0,26,48,37,12,10,15,19,4,0,0,0,9,,2,,0,2,0,0,0,0,0,0,0,0,,,1,26,43,26,14,3,1,0,0
PHI189805171,box,1898-05-17,1,PHI09,R,0,BLN,PHI,1,1,0,0,1,,38,9,12,14,2,0,0,,8,,9,,2,,3,0,0,0,,0,14,1,1,1,0,0,0,1,0,0,27,43,37,5,5,12,15,3,0,0,0,6,,1,,0,0,0,0,0,0,0,0,0,0,,,1,27,50,27,22,1,0,0,0
PHI189805172,box,1898-05-17,2,PHI09,R,0,BLN,PHI,1,1,0,0,1,,38,17,16,23,5,1,0,,16,,8,,1,,1,0,0,0,,0,6,1,1,1,0,0,0,1,0,0,24,33,27,2,2,4,5,1,0,0,0,6,,5,,0,0,0,0,1,0,0,0,0,0,,,1,24,37,24,11,2,1,0,1
BLN189805180,box,1898-05-18,0,BAL07,R,1,BLN,PIT,1,1,0,0,1,,36,9,12,13,1,0,0,,6,,3,,,,0,1,0,2,,0,7,1,1,1,0,0,0,1,0,0,27,37,33,2,1,5,5,0,0,0,0,3,,,,1,0,0,0,0,0,0,0,0,0,,,1,27,43,27,12,4,2,0,3
BLN189805190,box,1898-05-19,0,BAL07,R,1,BLN,PIT,1,1,0,0,1,,33,6,13,13,0,0,0,,6,,3,,0,,1,2,0,3,,0,9,1,1,1,1,0,0,1,0,0,27,34,32,0,0,4,5,1,0,0,0,0,0,1,,2,0,0,0,0,0,0,0,0,0,,,1,27,47,27,17,3,0,0,0
BLN189805200,box,1898-05-20,0,BAL07,R,1,BLN,PIT,1,0,1,0,1,,29,1,3,3,0,0,0,,1,,3,,1,,2,0,0,0,,0,6,1,1,0,0,0,1,0,1,0,27,37,32,3,0,3,3,0,0,0,0,5,,3,,0,0,0,0,1,0,0,0,0,0,,,1,27,39,27,10,2,1,0,0
CHN189805230,box,1898-05-23,0,CHI08,R,0,BLN,CHN,1,0,1,0,1,,34,5,7,10,1,1,0,,3,,2,,2,,2,0,0,0,,0,6,1,1,1,0,0,0,0,1,0,24,36,29,6,3,6,9,1,1,0,0,5,,4,,1,1,0,0,0,0,0,0,0,0,,,1,24,35,24,9,2,0,0,1
CHN189805240,box,1898-05-24,0,CHI08,R,0,BLN,CHN,1,1,0,0,1,,48,15,19,24,3,1,0,,0,,6,,4,,0,0,0,2,,0,12,1,1,0,0,0,1,1,0,0,27,48,40,13,13,17,17,0,0,0,0,5,,3,,3,0,0,0,1,0,0,0,0,0,,,1,27,36,25,11,0,2,0,1
CHN189805250,box,1898-05-25,0,CHI08,R,0,BLN,CHN,1,0,1,0,1,,27,4,4,5,1,0,0,,2,,6,,,,1,0,0,1,,0,9,1,1,1,0,0,0,0,1,0,21,44,36,20,11,16,18,0,1,0,0,5,,2,,2,1,0,0,0,0,0,0,0,0,,,1,21,41,21,12,8,2,0,2
CL4189805260,box,1898-05-26,0,CLE05,R,0,BLN,CL4,1,0,1,0,1,,39,4,12,15,3,0,0,,4,,1,,1,,0,0,0,1,,0,9,1,1,1,0,0,0,0,1,0,24,31,28,5,3,9,10,1,0,0,0,2,,2,,0,1,0,0,0,0,0,0,0,0,,,1,24,47,24,21,2,1,0,0
CL4189805270,box,1898-05-27,0,CLE05,R,0,BLN,CL4,1,0,1,0,1,,33,1,7,9,0,1,0,,1,,1,,2,,0,1,0,0,,0,7,1,1,1,0,0,0,0,1,0,24,34,32,4,0,8,9,1,0,0,0,2,,2,,0,0,0,0,0,0,0,0,0,0,,,1,24,38,24,11,3,0,0,0
CL4189805280,box,1898-05-28,0,CLE05,R,0,BLN,CL4,1,1,0,0,1,,35,3,11,12,1,0,0,,1,,3,,2,,0,1,0,1,,0,9,1,1,1,1,0,0,1,0,0,27,37,31,0,0,4,4,0,0,0,0,5,,2,,1,0,0,0,1,0,0,0,0,0,,,1,27,43,27,14,2,1,0,0
PIT189805301,box,1898-05-30,1,PIT05,R,0,BLN,PIT,1,1,0,0,1,,31,2,5,5,0,0,0,,2,,2,,1,,1,0,0,2,,0,6,1,1,1,0,0,0,1,0,0,27,31,29,1,1,3,3,0,0,0,0,0,0,3,,2,0,0,0,0,0,0,0,0,0,,,1,27,39,27,12,0,1,0,1
PIT189805302,box,1898-05-30,2,PIT05,R,0,BLN,PIT,1,1,0,0,1,,40,9,13,15,0,1,0,,4,,1,,3,,2,1,0,0,,0,8,1,1,1,0,0,0,1,0,0,27,34,32,3,1,6,6,0,0,0,0,0,0,2,,0,2,0,0,0,0,0,0,0,0,,,1,27,39,27,10,2,0,0,0
PIT189805310,box,1898-05-31,0,PIT05,R,0,BLN,PIT,1,0,1,0,1,,43,8,16,20,2,1,0,,8,,3,,1,,0,0,0,2,,0,11,1,1,1,0,0,0,0,1,0,25,45,40,9,5,16,23,1,3,0,0,2,,1,,0,3,0,0,0,0,0,0,0,0,,,1,25,44,25,15,4,0,0,0
PIT189806010,box,1898-06-01,0,PIT05,R,0,BLN,PIT,1,1,0,0,1,,31,4,6,6,0,0,0,,3,,2,,0,,1,1,0,3,,0,4,1,1,1,0,0,0,1,0,0,27,31,30,1,0,4,4,0,0,0,0,1,,1,,0,0,0,0,0,0,0,0,0,0,,,1,27,47,27,17,3,2,0,1
BLN189806020,box,1898-06-02,0,BAL07,R,1,BLN,SLN,1,1,0,0,1,,37,11,17,19,2,0,0,,9,,1,0,0,1,3,2,0,1,1,0,8,1,1,1,0,0,0,1,0,0,27,40,35,3,3,8,9,1,0,0,0,5,0,5,1,0,0,0,0,0,0,0,0,0,0,,,1,27,38,27,10,1,1,0,0
BLN189806030,box,1898-06-03,0,BAL07,R,1,BLN,SLN,1,0,1,0,1,,33,4,9,10,1,0,0,,2,,4,,0,,0,2,0,0,,0,8,1,1,0,0,0,1,0,1,0,27,41,38,5,5,11,11,0,0,0,0,3,,2,,0,0,0,0,0,0,0,0,0,0,,,1,27,37,27,10,0,0,0,0
BLN189806040,box,1898-06-04,0,BAL07,R,1,BLN,SLN,1,1,0,0,1,,31,7,9,10,1,0,0,,5,,1,,0,,2,2,0,3,,0,5,1,1,1,1,0,0,1,0,0,27,30,29,0,0,3,3,0,0,0,0,1,,3,,0,0,0,0,0,0,0,0,0,0,,,1,27,36,27,9,0,1,0,0
BLN189806060,box,1898-06-06,0,BAL07,R,1,BLN,SLN,1,0,1,0,1,,34,3,12,12,0,0,0,,2,,2,,2,,2,1,0,3,,0,9,1,1,1,0,0,0,0,1,0,27,43,35,6,4,12,12,0,0,0,0,3,,4,,2,3,0,0,0,0,0,0,0,0,,,1,27,40,27,9,4,1,0,0
BLN189806070,box,1898-06-07,0,BAL07,R,1,BLN,LS3,1,1,0,0,1,,34,14,14,17,3,0,0,,11,,3,,0,,2,2,0,1,,0,3,1,1,1,0,0,0,1,0,0,27,39,35,3,2,7,8,1,0,0,0,4,,7,,0,0,0,0,0,0,0,0,0,0,,,1,27,41,27,11,3,1,0,0
BLN189806080,box,1898-06-08,0,BAL07,R,1,BLN,LS3,1,1,0,0,1,,36,6,14,19,1,2,0,,4,,1,,0,,1,1,0,2,,0,9,1,1,1,0,0,0,1,0,0,27,35,32,2,0,5,5,0,0,0,0,3,,0,,0,0,0,0,0,0,0,0,0,0,,,1,27,45,27,17,1,1,0,0
BLN189806090,box,1898-06-09,0,BAL07,R,1,BLN,LS3,1,1,0,0,1,,40,8,16,22,2,2,0,,4,,2,,,,0,0,0,1,,0,10,1,1,1,0,0,0,1,0,0,27,42,38,6,4,13,15,2,0,0,0,1,,,,0,3,0,0,0,0,0,0,0,0,,,1,27,43,27,12,4,0,0,0
BLN189806100,box,1898-06-10,0,BAL07,R,1,BLN,LS3,1,1,0,0,1,,36,10,11,11,0,0,0,,10,,7,,4,,3,1,0,3,,0,13,1,1,1,0,0,0,1,0,0,27,41,35,7,6,9,9,0,0,0,0,4,,3,,1,1,0,0,2,0,0,0,0,0,,,1,27,47,27,16,4,1,0,1
BLN189806110,box,1898-06-11,0,BAL07,R,1,BLN,WSN,1,1,0,0,1,,38,16,16,19,3,0,0,,13,,3,,3,,4,1,0,5,,0,6,1,1,1,1,0,0,1,0,0,27,34,33,0,0,5,8,1,1,0,0,1,,1,,0,0,0,0,0,0,0,0,0,0,,,1,27,40,27,11,2,0,0,0
WSN189806130,box,1898-06-13,0,WAS06,R,0,BLN,WSN,1,0,1,0,1,,32,1,6,7,1,0,0,,1,,3,0,2,0,1,0,0,0,1,0,8,1,1,1,0,0,0,0,1,0,24,34,31,5,5,9,15,0,0,2,0,3,0,4,0,0,0,0,0,0,0,0,0,0,0,,,1,24,34,24,9,1,0,0,0
WSN189806141,box,1898-06-14,1,WAS06,R,0,BLN,WSN,1,0,1,0,1,,35,7,8,12,0,2,0,,5,,3,0,4,1,3,0,0,0,2,0,7,1,1,1,0,0,0,0,1,0,24,40,36,8,6,12,17,2,0,1,0,4,0,2,0,0,0,0,0,0,0,0,0,0,0,,,1,24,42,24,12,6,1,0,0
WSN189806142,box,1898-06-14,2,WAS06,R,0,BLN,WSN,1,0,1,0,1,,33,2,5,5,0,0,0,,0,,1,0,5,0,1,0,0,0,0,0,6,1,1,1,0,0,0,0,1,0,24,34,32,4,4,8,17,1,1,2,0,0,0,5,0,1,1,0,0,0,0,0,0,0,0,,,1,24,35,24,10,1,0,0,0
BLN189806150,box,1898-06-15,0,BAL07,R,1,BLN,WSN,1,1,0,0,1,,31,8,9,11,2,0,0,,6,,6,,3,,0,1,0,4,,0,9,1,1,1,0,0,0,1,0,0,24,31,30,1,0,6,7,1,0,0,0,1,,1,,0,0,0,0,0,0,0,0,0,0,,,1,24,31,24,5,2,1,0,0
BRO189806160,box,1898-06-16,0,NYC12,R,0,BLN,BRO,1,1,0,0,1,,37,6,10,10,0,0,0,,4,,3,0,,1,2,0,0,0,1,0,9,1,1,1,0,0,0,1,0,0,27,42,36,5,4,8,9,1,0,0,0,4,0,,0,1,1,0,0,0,0,0,0,0,0,,,1,27,41,27,12,2,1,0,0
BRO189806170,box,1898-06-17,0,NYC12,R,0,BLN,BRO,1,0,1,0,1,,38,6,8,10,2,0,0,,2,,3,0,,0,0,0,0,2,0,0,8,1,1,1,0,0,0,0,1,0,24,39,34,8,7,11,14,1,1,0,0,2,0,0,0,0,3,0,0,0,0,0,0,0,0,,,1,24,35,24,8,3,0,0,0
BRO189806181,box,1898-06-18,1,NYC12,R,0,BLN,BRO,1,1,0,0,1,,34,7,12,15,1,1,0,,4,,5,,2,,1,2,0,2,,0,8,1,1,1,0,0,0,1,0,0,27,39,37,5,2,8,10,0,1,0,0,0,0,3,,1,1,0,0,2,0,0,0,0,0,,,1,27,42,27,10,5,1,0,0
BRO189806182,box,1898-06-18,2,NYC12,R,0,BLN,BRO,1,0,1,0,1,,38,8,12,19,0,2,1,,8,,5,,2,,0,1,0,0,,0,9,1,1,1,0,0,0,0,1,0,24,45,40,13,8,19,26,1,3,0,0,2,,1,,2,1,0,0,0,0,0,0,0,0,,,1,24,45,24,17,4,2,0,0
CIN189806200,box,1898-06-20,0,CIN05,R,0,BLN,CIN,1,1,0,0,1,,47,17,20,24,2,1,0,,14,,4,,1,,0,0,0,1,,0,7,1,1,1,0,0,0,1,0,0,27,37,33,2,2,7,7,0,0,0,0,4,,0,,0,0,0,0,0,0,0,0,0,0,,,1,27,34,27,7,0,0,0,0
CIN189806210,box,1898-06-21,0,CIN05,R,0,BLN,CIN,1,1,0,0,1,,38,4,9,11,0,1,0,,4,,2,,2,,0,0,0,0,,0,6,1,1,1,0,0,0,1,0,0,30,43,37,2,0,5,8,1,1,0,0,4,,,,1,1,0,0,0,0,0,0,0,0,,,1,30,47,30,13,4,0,0,0
CIN189806220,box,1898-06-22,0,CIN05,R,0,BLN,CIN,1,0,1,0,1,,31,2,4,4,0,0,0,,2,,2,,,,1,1,0,0,,0,6,1,1,1,0,0,0,0,1,0,27,35,31,3,2,6,9,3,0,0,0,3,,0,,0,1,0,0,1,0,0,0,0,0,,,1,27,46,27,18,1,0,0,0
CIN189806230,box,1898-06-23,0,CIN05,R,0,BLN,CIN,1,0,1,0,1,,38,4,12,12,0,0,0,,4,,5,,1,,0,0,0,0,,0,12,1,1,1,0,0,0,0,1,0,27,48,39,13,5,14,17,3,0,0,0,7,,,,1,1,0,0,2,0,0,0,0,0,,,1,27,49,27,14,8,0,0,1
SLN189806240,box,1898-06-24,0,STL05,R,0,BLN,SLN,1,1,0,0,1,,33,4,6,6,0,0,0,,2,,1,,,,1,0,0,0,,0,4,1,1,1,0,0,0,1,0,0,27,38,36,2,2,9,12,1,1,0,0,0,0,,,2,0,0,0,0,0,0,0,0,0,,,1,27,40,27,12,1,1,0,0
SLN189806250,box,1898-06-25,0,STL05,R,0,BLN,SLN,1,1,0,0,1,,44,9,16,21,2,0,1,,6,,3,,,,1,0,0,3,,0,12,1,1,1,0,0,0,1,0,0,27,37,35,2,1,5,8,0,0,1,0,2,,,,0,0,0,0,0,0,0,0,0,0,,,1,27,44,27,14,3,0,0,0
SLN189806271,box,1898-06-27,1,STL05,R,0,BLN,SLN,1,1,0,0,1,,42,16,15,17,0,1,0,,12,,10,,,,2,0,0,4,,0,11,1,1,1,0,0,0,1,0,0,27,38,35,4,4,9,9,0,0,0,0,3,,,,0,0,0,0,0,0,0,0,0,0,,,1,27,36,27,9,0,1,0,1
SLN189806272,box,1898-06-27,2,STL05,R,0,BLN,SLN,1,1,0,0,1,,44,12,17,22,0,1,1,,10,,2,,,,2,1,0,3,,0,10,1,1,1,0,0,0,1,0,0,27,34,32,1,1,8,10,0,1,0,0,1,,,,1,0,0,0,0,0,0,0,0,0,,,1,27,45,27,17,1,1,0,0
LS3189806290,box,1898-06-29,0,LOU03,R,0,BLN,LS3,1,0,1,0,1,,30,3,8,9,1,0,0,,3,,8,,0,,1,2,0,3,,0,11,1,1,1,0,0,0,0,1,0,24,36,33,4,4,10,12,2,0,0,0,2,,0,,0,1,0,0,0,0,0,0,0,0,,,1,24,36,24,12,0,0,0,0
LS3189806300,box,1898-06-30,0,LOU03,R,0,BLN,LS3,1,0,1,0,1,,31,1,9,11,0,1,0,,1,,3,,,,1,1,0,1,,0,8,1,1,1,0,0,0,0,1,0,24,35,31,9,8,10,12,0,1,0,0,3,,,,0,1,0,0,0,0,0,0,0,0,,,1,24,35,24,8,3,0,0,1
LS3189807010,box,1898-07-01,0,LOU03,R,0,BLN,LS3,1,1,0,0,1,,32,2,9,10,1,0,0,,2,,3,,,,2,2,0,2,,0,10,1,1,1,1,0,0,1,0,0,27,33,31,0,0,6,7,1,0,0,0,2,,,,0,0,0,0,0,0,0,0,0,0,,,1,27,39,27,12,0,1,0,1
LS3189807020,box,1898-07-02,0,LOU03,R,0,BLN,LS3,1,0,1,0,1,,36,0,10,12,2,0,0,,0,,4,,,,0,2,0,2,,0,12,1,1,1,0,0,0,0,1,0,29,38,34,1,0,6,6,0,0,0,0,0,0,,,1,3,0,0,0,0,0,0,0,0,,,1,29,45,29,13,3,0,0,0
BLN189807041,box,1898-07-04,1,BAL07,R,1,BLN,PHI,1,1,0,0,1,,40,12,14,18,0,2,0,,9,,3,,2,,2,0,0,2,,0,9,1,1,1,0,0,0,1,0,0,27,42,37,5,4,11,14,1,1,0,0,4,,5,,0,1,0,0,0,0,0,0,0,0,,,1,27,44,27,14,3,0,0,0
BLN189807042,box,1898-07-04,2,BAL07,R,1,BLN,PHI,1,1,0,0,1,,35,9,11,16,2,0,1,,9,,2,,1,,1,1,0,1,,0,6,1,1,1,0,0,0,1,0,0,27,36,35,2,1,8,10,2,0,0,0,1,,2,,0,0,0,0,0,0,0,0,0,0,,,1,27,40,27,12,1,0,0,0
BLN189807050,box,1898-07-05,0,BAL07,R,1,BLN,PHI,1,1,0,0,1,,34,7,10,14,2,1,0,,5,,4,,3,,0,0,0,1,,0,7,1,1,1,0,0,0,1,0,0,27,38,35,4,3,8,11,1,1,0,0,3,,3,,0,0,0,0,0,0,0,0,0,0,,,1,27,37,27,8,2,0,0,0
BLN189807061,box,1898-07-06,1,BAL07,R,1,BLN,PHI,1,1,0,0,1,,36,9,11,14,1,1,0,,7,,2,,1,,1,1,0,2,,0,7,1,1,1,0,0,0,1,0,0,27,38,35,8,4,7,9,0,1,0,0,3,,6,,0,0,0,0,0,0,0,0,0,0,,,1,27,43,27,12,4,0,0,1
BLN189807062,box,1898-07-06,2,BAL07,R,1,BLN,PHI,1,1,0,0,1,,47,15,23,27,2,1,0,,12,,3,,0,,1,3,0,3,,0,15,1,1,1,1,0,0,1,0,0,27,36,32,0,0,5,7,0,1,0,0,2,,2,,2,0,0,0,0,0,0,0,0,0,,,1,27,34,27,7,0,0,0,0
WSN189807070,box,1898-07-07,0,WAS06,R,0,BLN,WSN,1,0,1,0,1,,38,1,7,8,1,0,0,,1,,1,0,1,0,0,1,0,0,1,0,9,1,1,1,0,0,0,0,1,0,29,39,36,2,1,9,10,1,0,0,0,2,0,4,1,1,0,0,0,0,0,0,0,0,0,,,1,29,54,29,21,4,1,0,0
BLN189807080,box,1898-07-08,0,BAL07,R,1,BLN,WSN,1,0,1,0,1,,32,2,6,6,0,0,0,,2,,0,0,1,1,0,0,0,1,0,0,3,1,1,1,0,0,0,0,1,0,27,34,32,3,3,9,11,0,1,0,0,0,0,3,0,0,2,0,0,0,0,0,0,0,0,,,1,27,42,27,14,1,1,0,0
WSN189807090,box,1898-07-09,0,WAS06,R,0,BLN,WSN,1,1,0,0,1,,40,10,14,22,3,1,1,,9,,3,,,,0,1,0,3,,0,7,1,1,0,0,0,1,1,0,0,27,39,33,3,3,8,13,0,1,1,0,5,,,,1,0,0,0,0,0,0,0,0,0,,,1,27,37,27,10,0,0,0,0
BLN189807110,box,1898-07-11,0,BAL07,R,1,BLN,CIN,1,1,0,0,1,,33,6,11,13,2,0,0,,4,,1,,1,,0,2,0,1,,0,6,1,1,1,0,0,0,1,0,0,27,35,33,4,2,8,9,1,0,0,0,1,,2,,0,1,0,0,0,0,0,0,0,0,,,1,27,42,27,13,2,1,0,1
BLN189807120,box,1898-07-12,0,BAL07,R,1,BLN,CIN,1,0,1,0,1,,35,5,11,16,0,1,1,,5,,4,,2,,2,2,0,0,,0,11,1,1,0,0,0,1,0,1,0,24,39,36,10,7,15,22,3,2,0,0,1,,3,,1,1,0,0,0,0,0,0,0,0,,,1,24,39,24,12,3,0,0,0
BLN189807130,box,1898-07-13,0,BAL07,R,1,BLN,CIN,1,0,1,0,1,,35,6,12,16,2,1,0,,6,,5,,1,,1,1,0,1,,0,9,1,1,0,0,0,1,0,1,0,27,44,36,11,7,13,19,2,2,0,0,4,,0,,1,3,0,0,0,0,0,0,0,0,,,1,27,44,27,13,4,1,0,0
BLN189807140,box,1898-07-14,0,BAL07,R,1,BLN,CIN,1,0,0,1,1,,45,5,13,14,1,0,0,,5,,8,,1,,0,1,0,1,,0,13,1,1,1,0,0,0,0,0,0,36,52,50,5,1,13,15,2,0,0,0,2,,1,,0,0,0,0,0,0,0,0,0,0,,,1,36,55,36,14,5,0,0,0
BLN189807150,box,1898-07-15,0,BAL07,R,1,BLN,CHN,1,1,0,0,1,,39,10,14,17,1,1,0,,8,,1,,4,,1,0,0,0,,0,6,1,1,1,0,0,0,1,0,0,27,46,41,9,7,12,18,2,2,0,0,5,,4,,0,0,0,0,0,0,0,0,0,0,,,1,27,43,27,13,3,0,0,0
BLN189807160,box,1898-07-16,0,BAL07,R,1,BLN,CHN,1,1,0,0,1,,33,8,12,14,2,0,0,,7,,1,,5,,3,3,0,0,,0,8,1,1,1,0,0,0,1,0,0,27,35,30,2,2,5,7,0,1,0,0,4,,3,,0,1,0,0,0,0,0,0,0,0,,,1,27,42,27,14,1,1,0,0
BLN189807180,box,1898-07-18,0,BAL07,R,1,BLN,CHN,1,1,0,0,1,,36,9,15,18,3,0,0,,9,,0,0,1,,3,0,0,2,,0,6,1,1,1,0,0,0,1,0,0,27,39,36,3,1,9,11,0,1,0,0,2,,5,,1,0,0,0,0,0,0,0,0,0,,,1,27,40,27,11,2,0,0,0
BLN189807200,box,1898-07-20,0,BAL07,R,1,BLN,CL4,1,1,0,0,1,,34,7,9,10,1,0,0,,7,,6,,1,,1,0,0,2,,0,7,1,1,1,0,0,0,1,0,0,27,38,38,3,2,10,11,1,0,0,0,0,0,0,,0,0,0,0,0,0,0,0,0,0,,,1,27,39,27,10,2,1,0,0
BLN189807211,box,1898-07-21,1,BAL07,R,1,BLN,CL4,1,0,1,0,1,,37,3,11,13,2,0,0,,3,,4,,3,,1,1,0,2,,0,13,1,1,0,0,0,1,0,1,0,27,42,34,6,5,9,9,0,0,0,0,7,,4,,0,1,0,0,0,0,0,0,0,0,,,1,27,42,27,13,2,1,0,0
BLN189807212,box,1898-07-21,2,BAL07,R,1,BLN,CL4,1,0,1,0,1,,30,1,8,8,0,0,0,,1,,0,0,1,,0,1,0,2,,0,3,1,1,0,0,0,1,0,1,0,27,43,34,7,4,7,10,1,1,0,0,6,,5,,1,2,0,0,0,0,0,0,0,0,,,1,27,46,27,16,3,1,0,0
BLN189807220,box,1898-07-22,0,BAL07,R,1,BLN,CL4,1,1,0,0,1,,30,7,10,15,1,2,0,,7,,3,,1,,1,1,0,0,,0,4,1,1,1,0,0,0,1,0,0,27,40,33,5,4,11,12,1,0,0,0,3,,3,,1,2,0,0,0,1,0,0,0,0,,,1,27,44,27,15,2,2,0,0
NY1189807230,box,1898-07-23,0,NYC10,R,0,BLN,NY1,1,0,1,0,1,,32,0,8,8,0,0,0,,0,,4,,2,,1,2,0,2,,0,12,1,1,1,0,0,0,0,1,0,24,37,36,8,4,13,13,0,0,0,0,1,,0,,0,0,0,0,0,0,0,0,0,0,,,1,24,37,24,11,2,1,0,0
BLN189807260,box,1898-07-26,0,BAL07,R,1,BLN,NY1,1,1,0,0,1,,44,4,10,10,0,0,0,,4,,5,0,1,0,0,1,0,1,3,0,7,1,1,1,0,0,0,1,0,0,39,50,45,3,3,10,15,1,2,0,0,3,0,0,0,0,2,0,0,0,0,0,0,0,0,,,1,39,55,39,16,0,0,0,0
CL4189807291,box,1898-07-29,1,PHI09,R,0,BLN,CL4,1,0,1,0,1,,34,5,10,11,1,0,0,,5,,1,,5,,3,1,0,0,,0,7,1,1,0,0,0,1,0,1,0,27,42,36,6,5,10,10,0,0,0,0,6,,3,,0,0,0,0,0,0,0,0,0,0,,,1,27,37,27,9,1,0,0,1
CL4189807292,box,1898-07-29,2,PHI09,R,0,BLN,CL4,1,0,0,1,1,,29,3,7,7,0,0,0,,0,,6,,,,0,1,0,1,,0,9,1,1,1,0,0,0,0,0,0,24,37,35,3,0,10,11,1,0,0,0,2,,2,,0,0,0,0,0,0,0,0,0,0,,,1,24,32,24,5,3,0,0,0
CL4189807301,box,1898-07-30,1,PHI09,R,0,BLN,CL4,1,1,0,0,1,,29,2,7,8,1,0,0,,2,,3,,2,,0,0,0,0,,0,5,1,1,1,0,0,0,1,0,0,27,30,28,1,1,2,4,0,1,0,0,1,,1,,0,1,0,0,0,0,0,0,0,0,,,1,27,36,26,9,1,0,0,0
CL4189807302,box,1898-07-30,2,PHI09,R,0,BLN,CL4,1,0,1,0,1,,30,1,5,5,0,0,0,,1,,2,,3,,0,0,0,2,,0,4,1,1,0,0,0,1,0,1,0,24,32,30,4,1,6,7,1,0,0,0,2,,0,,0,0,0,0,0,0,0,0,0,0,,,1,24,39,24,13,2,1,0,0
CHN189808041,box,1898-08-04,1,CHI08,R,0,BLN,CHN,1,1,0,0,1,,35,5,8,9,1,0,0,,4,,4,,2,,2,1,0,3,,0,10,1,1,1,1,0,0,1,0,0,27,36,31,0,0,4,4,0,0,0,0,5,,5,,0,0,0,0,0,0,0,0,0,0,,,1,27,44,27,15,2,1,0,0
CHN189808042,box,1898-08-04,2,CHI08,R,0,BLN,CHN,1,0,1,0,1,,35,1,11,12,1,0,0,,1,,0,0,3,,3,1,0,0,,0,11,1,1,1,0,0,0,0,1,0,24,35,30,3,3,6,6,0,0,0,0,5,,2,,0,0,0,0,0,0,0,0,0,0,,,1,24,35,24,7,4,1,0,1
CHN189808051,box,1898-08-05,1,CHI08,R,0,BLN,CHN,1,0,1,0,1,,29,0,6,6,0,0,0,,0,,3,,0,,1,0,0,0,,0,6,1,1,1,0,0,0,0,1,0,24,36,32,5,4,10,10,0,0,0,0,2,,2,,1,1,0,0,0,0,0,0,0,0,,,1,24,44,24,18,2,1,0,1
CHN189808052,box,1898-08-05,2,CHI08,R,0,BLN,CHN,1,1,0,0,1,,36,6,10,12,2,0,0,,4,,7,,4,,0,1,0,1,,0,11,1,1,1,0,0,0,1,0,0,27,35,33,1,0,8,9,1,0,0,0,2,,1,,0,0,0,0,0,0,0,0,0,0,,,1,27,41,27,13,1,0,0,0
PIT189808060,box,1898-08-06,0,PIT05,R,0,BLN,PIT,1,0,1,0,1,,34,1,5,5,0,0,0,,1,,3,,2,,0,0,0,1,,0,9,1,1,1,0,0,0,0,1,0,24,34,28,2,2,7,10,1,1,0,0,3,,0,,1,2,0,0,0,0,0,0,0,0,,,1,24,39,24,13,2,0,0,0
CIN189808070,box,1898-08-07,0,CIN05,R,0,BLN,CIN,1,0,1,0,1,,34,1,8,9,1,0,0,,0,,4,,,,0,0,0,2,,0,10,1,1,1,0,0,0,0,1,0,24,31,26,4,4,8,10,0,1,0,0,1,,,,2,2,0,0,0,0,0,0,0,0,,,1,24,42,24,15,3,1,0,1
CL4189808110,box,1898-08-11,0,PHI09,R,0,BLN,CL4,1,1,0,0,1,,40,7,14,15,1,0,0,,5,,2,,4,,1,0,0,0,,0,9,1,1,1,0,0,0,1,0,0,27,36,31,1,1,4,8,1,0,1,0,3,,3,,1,1,0,0,0,0,0,0,0,0,,,1,27,34,27,5,2,1,0,0
BLN189808131,box,1898-08-13,1,BAL07,R,1,BLN,PIT,1,1,0,0,1,,27,3,7,9,2,0,0,,3,,4,,1,,0,1,0,0,,0,5,1,1,1,0,0,0,1,0,0,27,34,26,2,2,5,6,1,0,0,0,5,,3,,1,2,0,0,0,0,0,0,0,0,,,1,27,39,26,13,0,1,0,0
BLN189808132,box,1898-08-13,2,BAL07,R,1,BLN,PIT,1,1,0,0,1,,34,6,8,9,1,0,0,,4,,3,,2,,0,0,0,2,,0,7,1,1,1,0,0,0,1,0,0,27,39,35,3,3,9,9,0,0,0,0,3,,2,,0,1,0,0,0,0,0,0,0,0,,,1,27,45,27,14,4,0,0,0
BLN189808151,box,1898-08-15,1,BAL07,R,1,BLN,PIT,1,1,0,0,1,,31,9,13,17,2,1,0,,9,,6,,4,,2,1,0,3,,0,7,1,1,1,0,0,0,1,0,0,27,35,33,3,3,7,9,2,0,0,0,2,,3,,0,0,0,0,0,0,0,0,0,0,,,1,27,37,27,10,0,0,0,3
BLN189808152,box,1898-08-15,2,BAL07,R,1,BLN,PIT,1,1,0,0,1,,34,6,10,10,0,0,0,,5,,1,,1,,1,0,0,1,,0,6,1,1,1,0,0,0,1,0,0,27,32,31,1,1,5,9,1,0,1,0,1,,1,,0,0,0,0,0,0,0,0,0,0,,,1,27,41,27,14,0,1,0,0
BLN189808160,box,1898-08-16,0,BAL07,R,1,BLN,LS3,1,1,0,0,1,,34,9,12,15,1,1,0,,7,,8,,2,,3,1,0,5,,0,13,1,1,1,0,0,0,1,0,0,27,36,30,1,1,7,8,1,0,0,0,5,,4,,0,1,0,0,0,0,0,0,0,0,,,1,27,41,27,13,1,2,0,0
BLN189808170,box,1898-08-17,0,BAL07,R,1,BLN,LS3,1,1,0,0,1,,30,4,8,8,0,0,0,,2,,2,,,,3,0,0,0,,0,7,1,1,1,0,0,0,1,0,0,27,33,31,2,0,5,5,0,0,0,0,1,,,,0,1,0,0,0,0,0,0,0,0,,,1,27,39,27,11,1,0,0,0
BLN189808180,box,1898-08-18,0,BAL07,R,1,BLN,LS3,1,1,0,0,1,,32,9,10,12,0,1,0,,9,,5,,2,,1,1,0,1,,0,6,1,1,1,0,0,0,1,0,0,27,42,39,6,6,12,16,2,1,0,0,2,,1,,1,0,0,0,0,0,0,0,0,0,,,1,27,37,27,10,0,0,0,0
BLN189808190,box,1898-08-19,0,BAL07,R,1,BLN,SLN,1,1,0,0,1,,35,4,10,10,0,0,0,,4,,2,,5,,0,1,0,2,,0,8,1,1,1,0,0,0,1,0,0,27,37,34,3,3,10,12,0,1,0,0,1,,4,,0,2,0,0,0,0,0,0,0,0,,,1,27,41,27,14,0,0,0,0
BLN189808200,box,1898-08-20,0,BAL07,R,1,BLN,SLN,1,1,0,0,1,,28,3,10,11,1,0,0,,2,,0,0,0,,1,2,0,2,,0,4,1,1,1,0,0,0,1,0,0,27,46,35,1,1,9,9,0,0,0,0,3,,6,,5,3,0,0,0,0,0,0,0,0,,,1,27,42,27,14,1,0,0,0
BLN189808220,box,1898-08-22,0,BAL07,R,1,BLN,SLN,1,1,0,0,1,,31,6,11,13,0,1,0,,5,,2,,0,,3,0,0,3,,0,6,1,1,1,0,0,0,1,0,0,27,31,30,1,1,3,5,2,0,0,0,1,,4,,0,0,0,0,0,0,0,0,0,0,,,1,27,35,27,8,0,0,0,0
CIN189808250,box,1898-08-25,0,CIN05,R,0,BLN,CIN,1,1,0,0,1,,44,14,18,25,3,2,0,,14,,4,,,,0,1,0,1,,0,8,1,1,1,0,0,0,1,0,0,27,32,30,1,1,3,4,1,0,0,0,2,,,,0,0,0,0,1,0,0,0,0,0,,,1,27,37,27,9,1,0,0,0
CIN189808260,box,1898-08-26,0,CIN05,R,0,BLN,CIN,1,0,1,0,1,,29,0,4,5,1,0,0,,0,,6,,,,0,0,0,1,,0,8,1,1,0,0,0,1,0,1,0,24,44,36,10,6,10,14,0,2,0,0,8,,,,0,0,0,0,0,0,0,0,0,0,,,1,24,33,24,7,2,0,0,0
SLN189808270,box,1898-08-27,0,STL05,R,0,BLN,SLN,1,1,0,0,1,,37,6,10,13,3,0,0,,3,,1,,0,,0,1,0,7,,0,6,1,1,1,0,0,0,1,0,0,27,33,32,2,0,5,7,0,1,0,0,0,0,1,,1,0,0,0,0,0,0,0,0,0,,,1,27,43,27,15,1,1,0,1
SLN189808281,box,1898-08-28,1,STL05,R,0,BLN,SLN,1,1,0,0,1,,39,13,13,18,1,2,0,,10,,5,,2,,1,0,0,5,,0,5,1,1,1,0,0,0,1,0,0,27,35,33,2,0,6,7,1,0,0,0,1,,0,,1,0,0,0,0,0,0,0,0,0,,,1,27,42,27,13,2,1,0,0
SLN189808282,box,1898-08-28,2,STL05,R,0,BLN,SLN,1,1,0,0,1,,42,6,15,18,3,0,0,,5,,0,0,1,,2,0,0,3,,0,11,1,1,1,0,0,0,1,0,0,27,33,33,2,0,5,10,1,2,0,0,0,0,4,,0,0,0,0,0,0,0,0,0,0,,,1,27,43,27,14,2,1,0,0
LS3189808300,box,1898-08-30,0,LOU03,R,0,BLN,LS3,1,0,1,0,1,,33,2,7,9,0,1,0,,5,,1,,,,0,0,0,1,,0,5,1,1,1,0,0,0,0,1,0,24,33,29,4,4,8,12,2,1,0,0,4,,,,0,0,0,0,0,0,0,0,0,0,,,1,24,33,24,9,0,0,0,0
LS3189808310,box,1898-08-31,0,LOU03,R,0,BLN,LS3,1,1,0,0,1,,36,10,13,15,0,1,0,,7,,3,,,,1,2,0,2,,0,5,1,1,0,0,0,1,1,0,0,27,39,33,3,3,7,7,0,0,0,0,2,,,,2,1,0,0,0,1,0,0,0,0,,,1,27,38,27,10,1,0,0,0
LS3189809010,box,1898-09-01,0,LOU03,R,0,BLN,LS3,1,0,1,0,1,,40,8,12,14,2,0,0,,4,,1,,,,0,0,0,1,,0,6,1,1,1,0,0,0,0,1,0,24,35,31,9,8,10,19,2,2,1,0,2,,,,1,1,0,0,0,0,0,0,0,0,,,1,24,43,24,17,2,0,0,0
PIT189809031,box,1898-09-03,1,PIT05,R,0,BLN,PIT,1,0,1,0,1,,31,0,5,5,0,0,0,,0,,1,,0,,1,0,0,2,,0,6,1,1,1,0,0,0,0,1,0,24,30,29,1,1,5,7,0,1,0,0,1,,3,,0,0,0,0,0,0,0,0,0,0,,,1,24,35,24,10,1,1,0,0
PIT189809032,box,1898-09-03,2,PIT05,R,0,BLN,PIT,1,1,0,0,1,,30,5,9,11,0,1,0,,4,,7,,2,,2,1,0,9,,0,8,1,1,1,0,0,0,1,0,0,27,37,30,3,3,5,7,0,1,0,0,5,,2,,0,2,0,0,0,0,0,0,0,0,,,1,27,35,27,7,1,1,0,0
PHI189809051,box,1898-09-05,1,PHI09,R,0,BLN,PHI,1,1,0,0,1,,37,6,11,13,0,1,0,,5,,5,,2,,0,0,0,2,,0,6,1,1,1,0,0,0,1,0,0,30,42,32,4,4,7,9,2,0,0,0,5,,1,,1,4,0,0,0,0,0,0,0,0,,,1,30,41,30,10,1,1,0,0
PHI189809052,box,1898-09-05,2,PHI09,R,0,BLN,PHI,1,0,1,0,1,,35,10,11,13,2,0,0,,10,,5,,3,,1,1,0,2,,0,5,1,1,1,0,0,0,0,1,0,26,43,38,11,7,14,24,3,2,1,0,3,,1,,0,2,0,0,1,0,0,0,0,0,,,1,26,46,26,16,4,1,0,0
PHI189809061,box,1898-09-06,1,PHI09,R,0,BLN,PHI,1,1,0,0,1,,32,7,7,10,1,1,0,,5,,5,,1,,2,2,0,1,,0,7,1,1,1,0,0,0,1,0,0,27,31,27,1,0,1,1,0,0,0,0,3,,0,,1,0,0,0,0,0,0,0,0,0,,,1,27,36,27,7,2,1,0,0
PHI189809062,box,1898-09-06,2,PHI09,R,0,BLN,PHI,1,0,0,1,1,,35,5,12,16,4,0,0,,5,,2,,4,,1,1,0,0,,0,10,1,1,1,0,0,0,0,0,0,24,33,30,5,3,5,5,0,0,0,0,3,,7,,0,0,0,0,0,0,0,0,0,0,,,1,24,41,24,11,6,1,0,1
BRO189809080,box,1898-09-08,0,NYC12,R,0,BLN,BRO,1,1,0,0,1,,33,5,11,13,0,1,0,,3,,6,0,3,1,2,2,0,2,1,0,11,1,1,1,0,0,0,1,0,0,27,39,35,2,1,7,8,1,0,0,0,3,0,5,0,0,1,0,0,1,0,0,0,0,0,,,1,27,42,27,11,4,1,0,1
BRO189809090,box,1898-09-09,0,NYC12,R,0,BLN,BRO,1,0,1,0,1,,35,5,9,12,1,1,0,,3,,4,0,,0,1,0,0,0,2,0,8,1,1,1,0,0,0,0,1,0,24,38,34,8,5,11,14,1,1,0,0,3,0,,0,0,1,0,0,0,0,0,0,0,0,,,1,24,41,24,13,4,0,0,0
BRO189809101,box,1898-09-10,1,NYC12,R,0,BLN,BRO,1,0,1,0,1,,30,1,3,5,0,1,0,,1,,3,,,,0,0,0,1,,0,5,1,1,1,0,0,0,0,1,0,24,31,28,3,3,7,8,1,0,0,0,1,,,,0,2,0,0,0,0,0,0,0,0,,,1,24,36,24,12,0,0,0,0
BRO189809102,box,1898-09-10,2,NYC12,R,0,BLN,BRO,1,1,0,0,1,,34,4,9,9,0,0,0,,4,,6,,,,1,1,0,0,,0,11,1,1,1,0,0,0,1,0,0,27,36,32,2,1,5,6,1,0,0,0,1,,,,2,1,0,0,0,0,0,0,0,0,,,1,27,41,27,12,2,0,0,0
BLN189809120,box,1898-09-12,0,BAL07,R,1,BLN,WSN,1,0,1,0,1,,35,4,11,14,1,1,0,,4,,5,0,3,0,1,2,0,1,1,0,12,1,1,1,0,0,0,0,1,0,27,40,35,5,4,9,9,0,0,0,0,4,0,6,0,0,1,0,0,0,0,0,0,0,0,,,1,27,41,27,10,4,0,0,0
NY1189809131,box,1898-09-13,1,NYC10,R,0,BLN,NY1,1,1,0,0,1,,33,3,10,14,1,0,1,,3,,0,0,,,0,0,0,2,,0,3,1,1,1,0,0,0,1,0,0,27,34,31,1,0,6,7,1,0,0,0,3,,,,0,0,0,0,0,0,0,0,0,0,,,1,27,45,27,17,1,2,0,0
NY1189809132,box,1898-09-13,2,NYC10,R,0,BLN,NY1,1,1,0,0,1,,31,5,10,12,2,0,0,,3,,5,0,,0,0,0,0,2,1,0,10,1,1,1,1,0,0,1,0,0,21,27,26,0,0,5,5,0,0,0,0,0,0,,0,1,0,0,0,0,0,0,0,0,0,,,1,21,30,21,9,0,0,0,0
BLN189809140,box,1898-09-14,0,BAL07,R,1,BLN,CIN,1,1,0,0,1,,31,3,8,13,1,2,0,,2,,2,,1,,2,0,0,1,,0,8,1,1,1,0,0,0,1,0,0,27,31,31,1,0,4,4,0,0,0,0,0,0,7,,0,0,0,0,0,0,0,0,0,0,,,1,27,43,27,13,3,0,0,0
BLN189809151,box,1898-09-15,1,BAL07,R,1,BLN,CIN,1,1,0,0,1,,42,15,20,26,2,2,0,,15,,3,,3,,1,1,0,1,,0,5,1,1,1,0,0,0,1,0,0,27,32,31,1,1,5,7,0,1,0,0,1,,0,,0,0,0,0,0,0,0,0,0,0,,,1,27,35,27,8,0,0,0,0
BLN189809152,box,1898-09-15,2,BAL07,R,1,BLN,CIN,1,1,0,0,1,,33,6,12,19,3,2,0,,6,,4,,2,,2,2,0,3,,0,11,1,1,1,0,0,0,1,0,0,27,40,37,3,1,12,13,1,0,0,0,1,,,,0,2,0,0,0,0,0,0,0,0,,,1,27,45,27,16,2,1,0,0
BLN189809160,box,1898-09-16,0,BAL07,R,1,BLN,CIN,1,1,0,0,1,,30,3,9,9,0,0,0,,2,,4,,2,,0,0,0,0,,0,7,1,1,1,0,0,0,1,0,0,27,41,35,2,2,10,13,1,1,0,0,3,,2,,0,3,0,0,0,0,0,0,0,0,,,1,27,39,27,11,1,1,0,0
BLN189809170,box,1898-09-17,0,BAL07,R,1,BLN,CL4,1,1,0,0,1,,39,9,13,17,1,0,1,,6,,2,,1,,1,1,0,3,,0,10,1,1,1,0,0,0,1,0,0,27,45,40,4,3,14,17,1,1,0,0,3,,4,,0,2,0,0,0,0,0,0,0,0,,,1,27,40,27,12,1,0,0,1
BLN189809190,box,1898-09-19,0,BAL07,R,1,BLN,CL4,1,1,0,0,1,,33,12,17,23,2,2,0,,11,,6,,3,,3,0,0,3,,0,6,1,1,1,0,0,0,1,0,0,24,36,34,6,6,9,13,2,1,0,0,2,,1,,0,0,0,0,0,0,0,0,0,0,,,1,24,37,24,9,4,0,0,0
BLN189809200,box,1898-09-20,0,BAL07,R,1,BLN,CL4,1,1,0,0,1,,25,6,9,10,1,0,0,,4,,4,,6,,1,0,0,5,,0,3,1,1,1,0,0,0,1,0,0,24,37,33,5,1,9,10,1,0,0,0,2,,3,,2,0,0,0,0,0,0,0,0,0,,,1,24,34,24,9,1,1,0,0
BLN189809210,box,1898-09-21,0,BAL07,R,1,BLN,CHN,1,1,0,0,1,,32,3,10,11,1,0,0,,2,,4,,0,,1,0,0,2,,0,10,1,1,1,0,0,0,1,0,0,27,34,34,1,1,7,11,0,2,0,0,0,0,6,,0,0,0,0,0,0,0,0,0,0,,,1,27,39,27,11,1,0,0,0
BLN189809221,box,1898-09-22,1,BAL07,R,1,BLN,CHN,1,1,0,0,1,,42,15,17,21,0,2,0,,15,,3,,2,,1,0,0,2,,0,7,1,1,1,0,0,0,1,0,0,27,43,40,6,6,13,17,2,1,0,0,3,,5,,0,0,0,0,0,0,0,0,0,0,,,1,27,41,27,11,3,0,0,0
BLN189809222,box,1898-09-22,2,BAL07,R,1,BLN,CHN,1,1,0,0,1,,22,3,3,4,1,0,0,,3,,1,,,,0,0,0,0,,0,2,1,1,1,0,0,0,1,0,0,18,21,20,1,1,3,3,0,0,0,0,1,,,,0,0,0,0,0,0,0,0,0,0,,,1,18,23,18,4,1,0,0,0
BLN189809230,box,1898-09-23,0,BAL07,R,1,BLN,CHN,1,0,1,0,1,,35,0,9,10,1,0,0,,0,,0,0,3,,1,0,0,0,,0,9,1,1,1,0,0,0,0,1,0,24,32,27,2,0,7,8,1,0,0,0,4,,1,,0,1,0,0,0,0,0,0,0,0,,,1,24,38,24,11,3,2,0,0
BLN189809240,box,1898-09-24,0,BAL07,R,1,BLN,WSN,1,1,0,0,1,,40,14,19,25,2,2,0,,14,,0,0,3,1,1,2,0,1,2,0,5,1,1,1,0,0,0,1,0,0,27,39,34,3,2,7,7,0,0,0,0,5,0,5,0,0,0,0,0,1,0,0,0,0,0,,,1,27,43,27,14,2,0,0,0
WSN189809260,box,1898-09-26,0,WAS06,R,0,BLN,WSN,1,0,1,0,1,,25,5,6,9,0,0,1,,4,,3,0,2,0,0,0,0,2,0,0,5,1,1,1,0,0,0,0,1,0,18,29,25,7,7,10,15,1,2,0,0,3,0,4,0,1,0,0,0,0,0,0,0,0,0,,,1,18,25,18,7,0,0,0,0
BLN189809270,box,1898-09-27,0,BAL07,R,1,BLN,WSN,1,1,0,0,1,,37,11,14,15,1,0,0,,6,,2,0,2,1,3,1,0,4,0,0,8,1,1,1,0,0,0,1,0,0,27,33,31,2,1,4,6,0,1,0,0,2,0,3,1,0,0,0,0,0,0,0,0,0,0,,,1,27,47,27,18,2,1,0,0
BLN189809290,box,1898-09-29,0,BAL07,R,1,BLN,BRO,1,1,0,0,1,,35,13,16,22,2,2,0,,13,,7,0,0,2,1,2,0,2,0,0,8,1,1,1,0,0,0,1,0,0,24,33,32,1,1,8,8,0,0,0,0,1,0,1,0,0,0,0,0,0,0,0,0,0,0,,,1,24,36,24,12,0,0,0,0
BLN189809301,box,1898-09-30,1,BAL07,R,1,BLN,BRO,1,1,0,0,1,,27,6,5,5,0,0,0,,5,,7,0,0,0,0,1,0,8,2,0,5,1,1,1,0,0,0,1,0,0,27,38,35,3,3,11,12,1,0,0,0,1,0,3,0,1,1,0,0,0,0,0,0,0,0,,,1,27,41,26,13,2,0,0,1
BLN189809302,box,1898-09-30,2,BAL07,R,1,BLN,BRO,1,0,0,1,1,,27,0,6,7,1,0,0,,0,,6,,1,,0,1,0,2,,0,10,1,1,1,1,0,0,0,0,0,24,28,26,0,0,4,4,0,0,0,0,2,,2,,0,0,0,0,0,0,0,0,0,0,,,1,24,41,24,16,1,0,0,0
BLN189810011,box,1898-10-01,1,BAL07,R,1,BLN,BRO,1,1,0,0,1,,31,6,11,13,0,1,0,,5,,3,,4,,1,1,0,4,,0,6,1,1,0,0,0,1,1,0,0,27,38,34,5,4,10,13,1,1,0,0,2,,2,,0,2,0,0,0,0,0,0,0,0,,,1,27,43,27,15,1,0,0,0
BLN189810012,box,1898-10-01,2,BAL07,R,1,BLN,BRO,1,1,0,0,1,,14,3,3,6,0,0,1,,3,,3,,2,,1,0,0,2,,0,3,1,1,1,0,0,0,1,0,0,15,19,18,1,0,3,3,0,0,0,0,1,,2,,0,0,0,0,0,0,0,0,0,0,,,1,15,23,15,6,2,1,0,0
BSN189810030,box,1898-10-03,0,BOS05,R,0,BLN,BSN,1,0,1,0,1,,32,10,8,9,1,0,0,,8,,3,0,6,1,2,1,0,3,0,0,7,1,1,0,0,0,1,0,1,0,18,42,35,13,10,16,20,1,0,1,0,4,0,1,0,2,1,0,0,0,0,0,0,0,0,,,1,18,30,18,8,4,0,0,0
BSN189810040,box,1898-10-04,0,BOS05,R,0,BLN,BSN,1,0,1,0,1,,31,2,6,6,0,0,0,,2,,1,0,4,0,1,0,0,3,0,0,7,1,1,1,0,0,0,0,1,0,24,34,33,4,1,10,12,0,1,0,0,1,0,5,0,0,0,0,0,1,0,0,0,0,0,,,1,24,37,24,12,1,0,0,1
NY1189810060,box,1898-10-06,0,NYC10,R,0,BLN,NY1,1,1,0,0,1,,27,6,7,8,1,0,0,,5,,5,0,,0,2,1,0,3,1,0,8,1,1,1,0,0,0,1,0,0,21,32,29,3,2,6,7,1,0,0,0,2,0,,0,1,0,0,0,0,0,0,0,0,0,,,1,21,37,21,13,3,0,0,2
NY1189810070,box,1898-10-07,0,NYC10,R,0,BLN,NY1,1,1,0,0,1,,22,4,5,9,0,2,0,,3,,7,0,8,0,0,0,0,3,1,0,7,1,1,1,0,0,0,1,0,0,18,26,24,1,1,7,8,1,0,0,0,2,0,4,0,0,0,0,0,0,0,0,0,0,0,,,1,18,24,18,6,0,1,0,2
BLN189810100,box,1898-10-10,0,BAL07,R,1,BLN,NY1,1,0,0,1,1,,33,4,7,8,1,0,0,,2,,4,0,2,0,0,0,0,2,3,0,7,1,1,1,0,0,0,0,0,0,27,42,40,4,1,10,11,1,0,0,0,2,0,3,0,0,0,0,0,1,0,0,0,0,0,,,1,27,51,27,16,8,0,0,0
BLN189810111,box,1898-10-11,1,BAL07,R,1,BLN,NY1,1,1,0,0,1,,31,3,6,6,0,0,0,,3,,1,0,0,0,0,0,0,0,0,0,2,1,1,1,0,0,0,1,0,0,27,37,36,1,1,11,11,0,0,0,0,1,0,1,1,0,0,0,0,0,0,0,0,0,0,,,1,27,35,27,8,0,1,0,0
BLN189810112,box,1898-10-11,2,BAL07,R,1,BLN,NY1,1,0,1,0,1,,23,2,4,4,0,0,0,,2,,2,0,1,0,0,0,0,3,0,0,5,1,1,1,0,0,0,0,1,0,18,29,28,6,3,10,11,1,0,0,0,0,0,4,0,1,0,0,0,0,0,0,0,0,0,,,1,18,31,18,11,2,0,0,0
BLN189810121,box,1898-10-12,1,BAL07,R,1,BLN,NY1,1,1,0,0,1,,31,2,7,9,0,1,0,,2,,4,,2,,0,0,0,1,,0,8,1,1,1,0,0,0,1,0,0,27,32,30,1,1,5,8,1,1,0,0,2,,2,,0,0,0,0,0,0,0,0,0,0,,,1,27,47,27,17,3,3,0,0
BLN189810122,box,1898-10-12,2,BAL07,R,1,BLN,NY1,1,0,1,0,1,,23,1,7,8,1,0,0,,1,,2,0,7,0,0,1,0,0,0,0,7,1,1,1,0,0,0,0,1,0,18,26,26,6,3,6,12,0,3,0,0,0,0,2,0,0,0,0,0,0,0,0,0,0,0,,,1,18,37,18,14,5,0,0,1
BLN189810130,box,1898-10-13,0,BAL07,R,1,BLN,BSN,1,1,0,0,1,,28,6,5,7,0,1,0,,4,,4,,2,,1,0,0,2,,0,3,1,1,1,0,0,0,1,0,0,27,36,35,5,3,8,8,0,0,0,0,1,,3,,0,0,0,0,1,0,0,0,0,0,,,1,27,42,27,13,2,0,0,1
BLN189810150,box,1898-10-15,0,BAL07,R,1,BLN,BSN,1,0,1,0,1,,40,8,14,17,1,1,0,,7,,4,,5,,0,0,0,1,,0,9,1,1,1,0,0,0,0,1,0,27,47,45,10,2,13,20,5,1,0,0,1,,1,,0,1,0,0,0,0,0,0,0,0,,,1,27,46,27,13,6,0,0,0
PHI189804160,box,1898-04-16,0,PHI09,R,0,BRO,PHI,1,1,0,0,1,,33,7,7,11,1,0,1,,3,,1,0,0,0,1,1,0,1,0,0,5,1,1,1,0,0,0,1,0,0,27,40,37,6,4,8,16,2,0,2,0,3,0,2,0,0,0,0,0,1,0,0,0,0,0,,,1,27,45,27,12,6,0,0,2
PHI189804180,box,1898-04-18,0,PHI09,R,0,BRO,PHI,1,0,1,0,1,,36,3,9,13,2,1,0,,3,,2,,1,,0,0,0,0,,0,8,1,1,1,0,0,0,0,1,0,27,50,44,13,11,16,21,3,1,0,0,6,,0,,0,0,0,0,1,0,0,0,0,0,,,1,27,45,27,14,4,1,0,0
WSN189804200,box,1898-04-20,0,WAS06,R,0,BRO,WSN,1,0,1,0,1,,42,6,16,19,1,1,0,,6,,0,0,4,,1,0,0,0,,0,10,1,1,1,0,0,0,0,1,0,27,39,32,8,8,9,14,2,0,1,0,5,,1,,2,0,0,0,0,0,0,0,0,0,,,1,27,45,27,17,1,1,0,0
WSN189804210,box,1898-04-21,0,WAS06,R,0,BRO,WSN,1,0,1,0,1,,44,5,13,16,1,1,0,,5,,1,0,9,0,0,1,0,2,0,0,8,1,1,1,0,0,0,0,1,0,33,44,42,7,7,11,18,0,2,1,0,2,0,4,0,0,0,0,0,0,0,0,0,0,0,,,1,33,50,33,15,2,0,0,0
WSN189804220,box,1898-04-22,0,WAS06,R,0,BRO,WSN,1,1,0,0,1,,31,12,16,20,2,1,0,,12,,5,0,2,0,2,0,0,4,2,0,5,1,1,1,0,0,0,1,0,0,24,38,38,7,5,14,18,2,1,0,0,0,0,3,1,0,0,0,0,0,0,0,0,0,0,,,1,24,41,24,15,2,1,0,1
WSN189804230,box,1898-04-23,0,WAS06,R,0,BRO,WSN,1,1,0,0,1,,35,9,13,15,2,0,0,,9,,2,0,3,0,4,0,0,2,2,0,8,1,1,1,0,0,0,1,0,0,27,43,38,8,4,11,15,2,1,0,0,3,0,2,1,1,1,0,0,1,0,0,0,0,0,,,1,27,46,27,16,3,1,0,0
BLN189804270,box,1898-04-27,0,BAL07,R,0,BRO,BLN,1,1,0,0,1,,39,7,11,16,3,1,0,,7,,3,0,1,1,2,0,0,1,0,0,10,1,1,1,0,0,0,1,0,0,27,37,34,4,4,9,13,2,1,0,0,3,0,0,0,0,0,0,0,0,0,0,0,0,0,,,1,27,42,27,15,0,0,0,0
BRO189804300,box,1898-04-30,0,NYC12,R,1,BRO,PHI,1,0,1,0,1,,38,4,11,18,4,0,1,,4,,1,0,3,0,0,0,0,1,0,0,8,1,1,1,0,0,0,0,1,0,27,38,36,6,5,12,20,5,0,1,0,1,0,2,0,0,1,0,0,0,0,0,0,0,0,,,1,27,46,27,17,2,0,0,0
BRO189805020,box,1898-05-02,0,NYC12,R,1,BRO,PHI,1,1,0,0,1,,37,10,13,23,3,2,1,,9,,2,,1,,0,1,0,0,,0,6,1,1,0,0,0,1,1,0,0,27,45,43,9,4,16,26,4,3,0,0,2,,3,,0,0,0,0,0,0,0,0,0,0,,,1,27,45,27,13,5,1,0,1
BRO189805030,box,1898-05-03,0,NYC12,R,1,BRO,PHI,1,1,0,0,1,,39,9,15,26,4,2,1,,8,,0,0,0,,1,1,0,2,,0,8,1,1,1,0,0,0,1,0,0,27,41,36,6,6,12,22,3,2,1,0,5,,2,,0,0,0,0,0,0,0,0,0,0,,,1,27,40,27,13,0,0,0,0
BRO189805040,box,1898-05-04,0,NYC12,R,1,BRO,WSN,1,1,0,0,1,,34,11,9,11,0,1,0,,8,,4,0,1,0,0,1,0,3,2,0,4,1,1,1,0,0,0,1,0,0,27,35,33,2,2,8,9,1,0,0,0,2,0,3,2,0,0,0,0,0,0,0,0,0,0,,,1,27,44,27,16,1,3,0,0
BRO189805060,box,1898-05-06,0,NYC12,R,1,BRO,WSN,1,1,0,0,1,,45,10,18,22,2,1,0,,9,,3,0,1,1,0,0,0,0,0,0,12,1,1,0,0,0,1,1,0,0,27,45,42,9,8,15,21,1,1,1,0,1,0,4,0,1,1,0,0,0,0,0,0,0,0,,,1,27,38,27,8,3,0,0,0
BRO189805070,box,1898-05-07,0,NYC12,R,1,BRO,WSN,1,1,0,0,1,,35,8,11,15,4,0,0,,8,,2,0,,0,1,0,0,3,0,0,6,1,1,1,0,0,0,1,0,0,27,40,33,2,2,8,12,1,0,1,0,7,0,,1,0,0,0,0,0,0,0,0,0,0,,,1,27,43,27,15,1,1,0,0
NY1189805090,box,1898-05-09,0,NYC10,R,0,BRO,NY1,1,0,1,0,1,,32,1,5,5,0,0,0,,0,,2,0,3,0,0,0,0,0,0,0,6,1,1,1,0,0,0,0,1,0,24,36,32,3,0,6,7,1,0,0,0,4,0,1,0,0,0,0,0,0,0,0,0,0,0,,,1,24,37,24,10,3,1,0,0
NY1189805100,box,1898-05-10,0,NYC10,R,0,BRO,NY1,1,0,1,0,1,,29,0,1,1,0,0,0,,0,,3,0,1,0,1,0,0,0,0,0,6,1,1,1,0,0,0,0,1,0,24,37,35,5,3,9,14,1,2,0,0,2,0,4,0,0,0,0,0,0,0,0,0,0,0,,,1,24,39,24,11,4,0,0,0
BRO189805120,box,1898-05-12,0,NYC12,R,1,BRO,NY1,1,0,1,0,1,,32,3,9,11,2,0,0,,3,,3,0,8,1,1,0,0,0,0,0,9,1,1,1,0,0,0,0,1,0,24,33,32,6,6,10,21,1,2,2,0,1,0,1,0,0,0,0,0,0,0,0,0,0,0,,,1,24,37,24,12,1,1,0,0
BSN189805130,box,1898-05-13,0,BOS05,R,0,BRO,BSN,1,0,1,0,1,,37,3,9,10,1,0,0,,2,,2,,7,,0,1,0,0,,0,10,1,1,1,0,0,0,0,1,0,24,37,30,6,4,5,9,1,0,1,0,6,,1,,1,0,0,0,1,0,0,0,0,0,,,1,24,37,24,11,2,0,0,0
BSN189805140,box,1898-05-14,0,BOS05,R,0,BRO,BSN,1,0,1,0,1,,35,5,9,12,0,0,1,,5,,4,,0,,0,0,0,0,,0,7,1,1,1,0,0,0,0,1,0,27,43,41,8,8,15,23,0,1,2,0,1,,1,,0,1,0,0,0,0,0,0,0,0,,,1,27,42,27,13,2,1,0,0
BSN189805170,box,1898-05-17,0,BOS05,R,0,BRO,BSN,1,0,1,0,1,,27,0,1,1,0,0,0,,0,,3,0,2,1,0,0,0,2,0,0,3,1,1,1,0,0,0,0,1,0,24,43,40,12,11,18,20,2,0,0,0,1,0,0,0,0,2,0,0,0,0,0,0,0,0,,,1,24,39,24,13,2,0,0,0
LS3189805190,box,1898-05-19,0,LOU03,R,0,BRO,LS3,1,0,1,0,1,,32,1,4,6,0,1,0,,1,,1,,0,,0,1,0,0,,0,6,1,1,1,0,0,0,0,1,0,24,37,30,4,2,8,10,0,1,0,0,5,,3,,1,1,0,0,0,0,0,0,0,0,,,1,24,39,24,13,2,0,0,0
LS3189805221,box,1898-05-22,1,LOU03,R,0,BRO,LS3,1,0,1,0,1,,28,0,1,1,0,0,0,,0,,3,0,3,0,0,0,0,0,0,0,4,1,1,1,0,0,0,0,1,0,24,31,28,3,3,6,7,1,0,0,0,1,0,0,0,0,2,0,0,0,0,0,0,0,0,,,1,24,37,24,13,0,0,0,0
LS3189805222,box,1898-05-22,2,LOU03,R,0,BRO,LS3,1,0,1,0,1,,34,2,8,10,2,0,0,,1,,1,0,,1,1,0,0,2,2,0,7,1,1,1,0,0,0,0,1,0,24,35,31,7,2,10,14,0,2,0,0,2,0,,0,0,2,0,0,0,0,0,0,0,0,,,1,24,44,24,17,3,0,0,1
CIN189805230,box,1898-05-23,0,CIN05,R,0,BRO,CIN,1,0,1,0,1,,38,2,12,13,1,0,0,,2,,3,,1,,0,1,0,0,,0,13,1,1,1,0,0,0,0,1,0,24,37,32,7,5,11,13,2,0,0,0,3,,1,,0,2,0,0,0,0,0,0,0,0,,,1,24,42,24,16,2,0,0,0
CIN189805240,box,1898-05-24,0,CIN05,R,0,BRO,CIN,1,1,0,0,1,,37,6,13,16,1,1,0,,5,,3,0,0,1,0,0,0,1,0,0,7,1,1,1,0,0,0,1,0,0,27,38,33,3,3,8,13,1,2,0,0,4,0,1,1,0,1,0,0,0,0,0,0,0,0,,,1,27,46,27,16,3,2,0,0
CIN189805250,box,1898-05-25,0,CIN05,R,0,BRO,CIN,1,0,1,0,1,,37,4,12,13,1,0,0,,4,,0,0,,1,0,1,0,0,1,0,7,1,1,1,0,0,0,0,1,0,24,33,32,5,4,8,12,2,1,0,0,1,0,,1,0,0,0,0,1,0,0,0,0,0,,,1,24,38,24,11,3,1,0,0
SLN189805260,box,1898-05-26,0,STL05,R,0,BRO,SLN,1,1,0,0,1,,36,4,11,13,2,0,0,,4,,3,0,,2,1,1,0,1,0,0,10,1,1,1,0,0,0,1,0,0,27,38,37,2,2,10,11,1,0,0,0,1,0,3,1,0,0,0,0,0,0,0,0,0,0,,,1,27,45,27,16,2,1,0,0
SLN189805281,box,1898-05-28,1,STL05,R,0,BRO,SLN,1,1,0,0,1,,35,4,7,10,0,0,1,,4,,0,0,2,,0,2,0,0,,0,6,1,1,1,0,0,0,1,0,0,27,40,34,3,2,7,7,0,0,0,0,4,,2,,0,2,0,0,0,0,0,0,0,0,,,1,27,49,27,18,4,1,0,1
SLN189805282,box,1898-05-28,2,STL05,R,0,BRO,SLN,1,0,1,0,1,,34,3,5,7,0,1,0,,3,,0,0,1,,0,0,0,0,,0,4,1,1,1,0,0,0,0,1,0,24,36,33,8,5,10,12,2,0,0,0,1,,4,,0,2,0,0,0,0,0,0,0,0,,,1,24,37,24,10,3,0,0,0
BRO189805301,box,1898-05-30,1,NYC12,R,1,BRO,CIN,1,0,1,0,1,,38,4,13,15,0,1,0,,4,,2,0,2,2,0,0,0,1,0,0,9,1,1,1,0,0,0,0,1,0,27,43,38,6,1,10,12,0,1,0,0,5,0,1,1,0,0,0,0,0,0,0,0,0,0,,,1,27,48,27,13,8,2,0,0
BRO189805302,box,1898-05-30,2,NYC12,R,1,BRO,CIN,1,0,1,0,1,,34,2,8,8,0,0,0,,2,,0,0,0,0,0,1,0,0,0,0,6,1,1,1,0,0,0,0,1,0,27,35,35,3,3,8,12,2,1,0,0,0,0,0,0,0,0,0,0,0,0,0,0,0,0,,,1,27,39,27,12,0,1,0,0
BRO189805310,box,1898-05-31,0,NYC12,R,1,BRO,CIN,1,0,1,0,1,,35,2,6,8,0,1,0,,1,,1,,3,,0,0,0,0,,0,7,1,1,1,0,0,0,0,1,0,27,40,33,7,4,8,10,0,1,0,0,5,,4,,1,1,0,0,0,0,0,0,0,0,,,1,27,47,27,15,5,2,0,0
BRO189806010,box,1898-06-01,0,NYC12,R,1,BRO,CIN,1,1,0,0,1,,26,4,5,5,0,0,0,,2,,4,,2,,3,0,0,0,,0,5,1,1,1,0,0,0,1,0,0,27,34,31,3,2,4,6,2,0,0,0,2,,2,,1,0,0,0,0,0,0,0,0,0,,,1,27,44,27,15,2,0,0,0
BRO189806020,box,1898-06-02,0,NYC12,R,1,BRO,CHN,1,0,1,0,1,,39,5,10,11,1,0,0,,3,,1,0,2,0,0,0,0,2,0,0,8,1,1,1,0,0,0,0,1,0,27,43,40,6,2,10,11,1,0,0,0,1,0,7,0,0,1,0,0,1,1,0,0,0,0,,,1,27,43,27,11,5,0,0,0
BRO189806030,box,1898-06-03,0,NYC12,R,1,BRO,CHN,1,1,0,0,1,,28,2,6,6,0,0,0,,2,,2,0,2,0,0,1,0,2,0,0,5,1,1,1,0,0,0,1,0,0,27,32,31,1,0,5,7,0,1,0,0,1,0,4,0,0,0,0,0,0,0,0,0,0,0,,,1,27,42,27,12,3,2,0,0
BRO189806040,box,1898-06-04,0,NYC12,R,1,BRO,CHN,1,1,0,0,1,,33,6,6,8,0,1,0,,4,,0,0,1,,1,0,0,1,,0,4,1,1,1,0,0,0,1,0,0,27,35,30,4,4,6,10,1,0,1,0,4,,5,,1,0,0,0,0,0,0,0,0,0,,,1,27,33,27,6,0,0,0,0
BRO189806060,box,1898-06-06,0,NYC12,R,1,BRO,CHN,1,0,1,0,1,,34,2,5,6,1,0,0,,2,,5,0,1,0,0,0,0,0,1,0,10,1,1,0,0,0,1,0,1,0,27,51,47,15,11,21,29,0,4,0,0,3,0,4,0,0,1,0,0,0,0,0,0,0,0,,,1,27,46,27,15,4,0,0,0
BRO189806070,box,1898-06-07,0,NYC12,R,1,BRO,CL4,1,1,0,0,1,,35,6,11,20,3,0,2,,6,,5,0,2,1,0,2,0,1,2,0,7,1,1,1,0,0,0,1,0,0,30,45,41,5,2,12,15,3,0,0,0,4,0,1,1,0,0,0,0,0,0,0,0,0,0,,,1,30,46,30,14,2,2,0,0
BRO189806080,box,1898-06-08,0,NYC12,R,1,BRO,CL4,1,0,1,0,1,,34,2,10,12,0,1,0,,2,,0,0,1,1,0,1,0,1,1,0,6,1,1,1,0,0,0,0,1,0,27,41,36,8,4,9,13,1,0,1,0,3,0,3,0,0,2,0,0,0,0,0,0,0,0,,,1,27,48,27,16,5,0,0,0
BRO189806090,box,1898-06-09,0,NYC12,R,1,BRO,CL4,1,0,1,0,1,,32,2,4,4,0,0,0,,2,,4,0,4,1,0,0,0,1,1,0,7,1,1,0,0,0,1,0,1,0,27,53,43,11,7,13,18,5,0,0,0,10,0,0,0,0,0,0,0,0,0,0,0,0,0,,,1,27,49,27,17,5,1,0,0
BRO189806100,box,1898-06-10,0,NYC12,R,1,BRO,CL4,1,0,1,0,1,,34,1,7,8,1,0,0,,1,,0,0,2,0,0,0,0,0,0,0,6,1,1,1,0,0,0,0,1,0,27,46,40,8,2,11,13,2,0,0,0,6,0,3,0,0,0,0,0,0,0,0,0,0,0,,,1,27,41,27,10,4,0,0,0
NY1189806110,box,1898-06-11,0,NYC10,R,0,BRO,NY1,1,0,1,0,1,,34,2,6,6,0,0,0,,1,,6,0,6,1,0,0,0,0,1,0,11,1,1,1,0,0,0,0,1,0,24,36,34,6,3,11,15,0,2,0,0,0,0,,0,0,2,0,0,0,0,0,0,0,0,,,1,24,43,24,15,4,1,0,1
NY1189806130,box,1898-06-13,0,NYC10,R,0,BRO,NY1,1,0,1,0,1,,44,3,11,12,1,0,0,,3,,1,0,4,0,0,2,0,1,0,0,8,1,1,1,0,0,0,0,1,0,33,42,38,4,4,6,9,0,0,1,0,2,0,0,0,2,0,0,0,0,0,0,0,0,0,,,1,33,50,33,16,1,0,0,0
BRO189806140,box,1898-06-14,0,NYC12,R,1,BRO,NY1,1,1,0,0,1,,28,3,4,6,0,1,0,,3,,6,0,2,0,0,1,0,0,0,0,8,1,1,1,0,0,0,1,0,0,27,36,33,2,2,7,12,3,1,0,0,1,0,2,0,1,1,0,0,0,0,0,0,0,0,,,1,27,39,27,12,0,1,0,0
BRO189806150,box,1898-06-15,0,NYC12,R,1,BRO,NY1,1,1,0,0,1,,34,6,10,11,1,0,0,,5,,6,0,,0,0,2,0,1,0,0,12,1,1,1,0,0,0,1,0,0,27,36,32,1,1,6,6,0,0,0,0,1,0,,0,0,3,0,0,0,0,0,0,0,0,,,1,27,47,27,18,2,0,0,0
BRO189806160,box,1898-06-16,0,NYC12,R,1,BRO,BLN,1,0,1,0,1,,36,5,8,9,1,0,0,,4,,4,0,,0,1,1,0,0,0,0,10,1,1,1,0,0,0,0,1,0,27,42,37,6,3,10,10,0,0,0,0,3,0,,1,2,0,0,0,0,0,0,0,0,0,,,1,27,45,27,16,2,1,0,0
BRO189806170,box,1898-06-17,0,NYC12,R,1,BRO,BLN,1,1,0,0,1,,34,8,11,14,1,1,0,,8,,2,0,0,0,0,3,0,0,0,0,7,1,1,1,0,0,0,1,0,0,27,41,38,6,2,8,10,2,0,0,0,3,0,,0,0,0,0,0,1,0,0,0,0,0,,,1,27,45,27,14,4,0,0,0
BRO189806181,box,1898-06-18,1,NYC12,R,1,BRO,BLN,1,0,1,0,1,,37,5,8,10,0,1,0,,4,,0,0,3,,1,1,0,0,,0,7,1,1,1,0,0,0,0,1,0,27,42,34,7,3,12,15,1,1,0,0,5,,2,,1,2,0,0,0,0,0,0,0,0,,,1,27,48,27,17,4,1,0,0
BRO189806182,box,1898-06-18,2,NYC12,R,1,BRO,BLN,1,1,0,0,1,,40,13,19,26,1,3,0,,11,,2,,1,,2,1,0,3,,0,8,1,1,1,0,0,0,1,0,0,27,44,38,8,6,12,19,0,2,1,0,5,,2,,0,1,0,0,0,0,0,0,0,0,,,1,27,43,27,14,2,0,0,0
CL4189806200,box,1898-06-20,0,CLE05,R,0,BRO,CL4,1,1,0,0,1,,39,7,13,16,3,0,0,,7,,1,,1,,1,1,0,0,,0,8,1,1,1,0,0,0,1,0,0,27,41,35,4,3,8,9,1,0,0,0,6,,0,,0,0,0,0,0,0,0,0,0,0,,,1,27,40,27,12,1,1,0,0
CL4189806210,box,1898-06-21,0,CLE05,R,0,BRO,CL4,1,1,0,0,1,,33,7,7,7,0,0,0,,4,,3,0,,2,3,0,0,2,2,0,5,1,1,1,0,0,0,1,0,0,27,41,37,5,3,12,16,2,1,0,0,3,0,,1,0,1,0,0,0,0,0,0,0,0,,,1,27,42,27,10,5,1,0,0
CL4189806220,box,1898-06-22,0,CLE05,R,0,BRO,CL4,1,0,1,0,1,,32,2,4,5,1,0,0,,2,,2,0,1,0,1,0,0,1,0,0,6,1,1,1,0,0,0,0,1,0,27,39,34,5,2,9,11,2,0,0,0,3,0,2,1,1,1,0,0,0,0,0,0,0,0,,,1,27,42,27,14,1,2,0,0
CL4189806230,box,1898-06-23,0,CLE05,R,0,BRO,CL4,1,0,1,0,1,,36,2,10,11,1,0,0,,2,,1,0,1,0,0,1,0,0,0,0,9,1,1,1,0,0,0,0,1,0,27,41,34,4,4,12,14,0,1,0,0,5,0,0,1,0,2,0,0,0,0,0,0,0,0,,,1,27,46,27,19,0,2,0,0
CHN189806240,box,1898-06-24,0,CHI08,R,0,BRO,CHN,1,0,1,0,1,,36,4,8,8,0,0,0,,3,,2,0,4,1,0,0,0,0,2,0,7,1,1,1,0,0,0,0,1,0,24,38,33,8,7,12,17,0,1,1,0,5,0,3,1,0,0,0,0,0,0,0,0,0,0,,,1,24,35,24,10,1,2,0,0
CHN189806250,box,1898-06-25,0,CHI08,R,0,BRO,CHN,1,1,0,0,1,,39,4,13,15,0,1,0,,3,,2,0,4,1,0,2,0,0,2,0,12,1,1,1,0,0,0,1,0,0,27,35,31,3,1,7,7,0,0,0,0,3,0,4,0,0,1,0,0,0,0,0,0,0,0,,,1,27,42,27,13,2,1,0,0
CHN189806260,box,1898-06-26,0,CHI08,R,0,BRO,CHN,1,0,1,0,1,,40,10,14,16,0,1,0,,10,,7,,1,,0,0,0,0,,0,10,1,1,1,0,0,0,0,1,0,24,43,35,13,10,15,27,4,4,0,0,5,,1,,1,2,0,0,0,0,0,0,0,0,,,1,24,38,24,12,2,3,0,1
CHN189806270,box,1898-06-27,0,CHI08,R,0,BRO,CHN,1,0,1,0,1,,39,4,12,13,1,0,0,,4,,2,0,1,0,0,0,0,0,0,0,10,1,1,1,0,0,0,0,1,0,24,40,36,9,6,15,19,4,0,0,0,3,0,3,1,0,1,0,0,0,0,0,0,0,0,,,1,24,43,24,16,3,1,0,0
PIT189806290,box,1898-06-29,0,PIT05,R,0,BRO,PIT,1,0,1,0,1,,41,3,9,10,1,0,0,,3,,1,0,2,0,0,1,0,0,0,0,7,1,1,1,0,0,0,0,1,0,31,42,37,4,1,6,7,1,0,0,0,3,0,2,1,1,1,0,0,1,0,0,0,0,0,,,1,31,52,31,17,4,1,0,0
PIT189806300,box,1898-06-30,0,PIT05,R,0,BRO,PIT,1,1,0,0,1,,36,8,12,15,3,0,0,,8,,3,0,,1,0,0,0,0,2,0,4,1,1,1,0,0,0,1,0,0,27,39,34,5,5,9,14,0,1,1,0,2,0,,2,1,2,0,0,0,0,0,0,0,0,,,1,27,43,27,14,2,2,0,0
PIT189807010,box,1898-07-01,0,PIT05,R,0,BRO,PIT,1,1,0,0,1,,39,8,12,13,1,0,0,,7,,2,0,3,0,0,2,0,2,1,0,5,1,1,1,0,0,0,1,0,0,30,42,37,7,6,11,15,0,2,0,0,2,0,5,1,0,3,0,0,0,0,0,0,0,0,,,1,30,47,30,14,3,3,0,0
PIT189807020,box,1898-07-02,0,PIT05,R,0,BRO,PIT,1,1,0,0,1,,36,3,10,13,1,1,0,,3,,2,,1,,1,0,0,1,,0,9,1,1,1,0,0,0,1,0,0,27,39,33,2,2,10,10,0,0,0,0,4,,0,,0,2,0,0,0,0,0,0,0,0,,,1,27,45,27,16,2,2,0,1
WSN189807041,box,1898-07-04,1,WAS06,R,0,BRO,WSN,1,1,0,0,1,,31,4,7,7,0,0,0,,4,,2,0,1,1,1,1,0,1,2,0,4,1,1,1,0,0,0,1,0,0,27,33,33,3,3,6,8,2,0,0,0,0,0,1,0,0,0,0,0,0,0,0,0,0,0,,,1,27,45,27,15,3,2,0,0
WSN189807042,box,1898-07-04,2,WAS06,R,0,BRO,WSN,1,0,1,0,1,,32,5,5,7,0,1,0,,4,,3,0,8,0,1,0,0,1,0,0,4,1,1,1,0,0,0,0,1,0,24,39,35,9,8,12,18,1,1,1,0,4,0,2,1,0,0,0,0,1,0,0,0,0,0,,,1,24,39,24,12,3,1,0,0
WSN189807050,box,1898-07-05,0,WAS06,R,0,BRO,WSN,1,0,1,0,1,,32,2,8,8,0,0,0,,2,,2,0,1,1,2,1,0,2,2,0,8,1,1,1,0,0,0,0,1,0,24,38,32,4,3,8,8,0,0,0,0,5,0,2,0,1,0,0,0,1,0,0,0,0,0,,,1,24,38,24,13,1,0,0,0
BRO189807060,box,1898-07-06,0,NYC12,R,1,BRO,BSN,1,0,1,0,1,,29,3,5,5,0,0,0,,1,,1,0,3,1,0,1,0,2,1,1,2,1,1,1,0,0,0,0,1,0,27,37,29,5,3,6,11,0,1,1,0,3,0,4,0,0,5,0,0,0,0,0,0,0,0,,,1,27,46,27,17,2,0,0,0
NY1189807070,box,1898-07-07,0,NYC10,R,0,BRO,NY1,1,0,1,0,1,,30,1,4,4,0,0,0,,1,,1,0,4,0,0,0,0,1,0,0,3,1,1,0,0,0,1,0,1,0,24,46,36,10,9,13,18,2,0,1,0,7,0,1,1,3,0,0,0,0,0,0,0,0,0,,,1,24,39,24,12,3,2,0,0
NY1189807080,box,1898-07-08,0,NYC10,R,0,BRO,NY1,1,0,1,0,1,,31,2,5,6,1,0,0,,0,,2,0,4,1,0,0,0,0,0,0,4,1,1,1,0,0,0,0,1,0,24,32,30,6,6,10,16,1,1,1,0,1,0,,1,1,0,0,0,0,0,0,0,0,0,,,1,24,38,23,14,1,2,0,0
BRO189807090,box,1898-07-09,0,NYC12,R,1,BRO,NY1,1,0,1,0,1,,50,2,10,11,1,0,0,,2,,4,0,,0,0,0,0,1,1,0,16,1,1,1,0,0,0,0,1,0,36,45,40,3,2,7,10,1,1,0,0,3,0,,0,2,0,0,0,0,0,0,0,0,0,,,1,36,58,36,20,2,1,0,0
BRO189807110,box,1898-07-11,0,NYC12,R,1,BRO,PIT,1,0,1,0,1,,36,2,10,11,1,0,0,,2,,2,0,2,0,0,2,0,2,0,0,11,1,1,1,0,0,0,0,1,0,27,41,38,3,2,12,12,0,0,0,0,2,0,3,0,0,1,0,0,0,0,0,0,0,0,,,1,27,41,27,12,2,0,0,2
BRO189807120,box,1898-07-12,0,NYC12,R,1,BRO,PIT,1,1,0,0,1,,30,4,7,8,1,0,0,,3,,4,0,,1,0,0,0,2,2,0,6,1,1,1,0,0,0,1,0,0,27,34,32,1,0,5,5,0,0,0,0,1,0,0,0,1,0,0,0,0,0,0,0,0,0,,,1,27,42,27,12,3,0,0,0
BRO189807140,box,1898-07-14,0,NYC12,R,1,BRO,PIT,1,1,0,0,1,,29,4,8,9,1,0,0,,4,,1,0,,2,0,1,0,0,0,0,3,1,1,1,0,0,0,1,0,0,27,32,31,1,1,3,3,0,0,0,0,1,0,,1,0,0,0,0,0,0,0,0,0,0,,,1,27,46,27,17,2,1,0,1
BRO189807150,box,1898-07-15,0,NYC12,R,1,BRO,SLN,1,1,0,0,1,,44,3,11,13,0,1,0,,4,,2,0,,0,1,0,0,3,0,0,11,1,1,0,0,0,1,1,0,0,36,48,40,2,2,7,8,1,0,0,0,5,0,,1,2,1,0,0,0,0,0,0,0,0,,,1,36,52,36,15,1,1,0,0
BRO189807160,box,1898-07-16,0,NYC12,R,1,BRO,SLN,1,0,1,0,1,,35,3,9,11,2,0,0,,3,,2,0,3,0,1,0,0,1,0,0,8,1,1,1,0,0,0,0,1,0,27,40,39,7,5,11,12,1,0,0,0,1,0,0,0,0,0,0,0,0,0,0,0,0,0,,,1,27,45,27,15,3,0,0,0
BRO189807180,box,1898-07-18,0,NYC12,R,1,BRO,SLN,1,1,0,0,1,,38,7,12,17,1,2,0,,7,,0,0,1,1,0,0,0,0,1,0,7,1,1,1,0,0,0,1,0,0,27,41,37,6,5,11,13,2,0,0,0,2,0,0,0,0,2,0,0,0,0,0,0,0,0,,,1,27,46,26,17,3,0,0,0
BRO189807190,box,1898-07-19,0,NYC12,R,1,BRO,SLN,1,1,0,0,1,,36,7,13,13,0,0,0,,4,,1,0,0,0,1,2,0,2,1,0,9,1,1,1,0,0,0,1,0,0,27,32,32,1,1,8,9,1,0,0,0,0,0,0,0,0,0,0,0,0,0,0,0,0,0,,,1,27,39,27,11,1,2,0,1
BRO189807200,box,1898-07-20,0,NYC12,R,1,BRO,LS3,1,0,1,0,1,,29,1,2,2,0,0,0,,1,,3,0,2,0,1,1,0,0,0,0,6,1,1,1,0,0,0,0,1,0,27,40,38,4,3,12,15,1,1,0,0,2,0,2,0,0,0,0,0,0,0,0,0,0,0,,,1,27,45,27,16,2,0,0,1
BRO189807211,box,1898-07-21,1,NYC12,R,1,BRO,LS3,1,0,1,0,1,,37,2,8,8,0,0,0,,2,,2,,3,,1,1,0,2,,0,12,1,1,1,0,0,0,0,1,0,27,41,37,5,4,11,14,1,1,0,0,2,,1,,0,2,0,0,0,0,0,0,0,0,,,1,27,44,27,15,2,0,0,1
BRO189807212,box,1898-07-21,2,NYC12,R,1,BRO,LS3,1,0,1,0,1,,35,4,8,8,0,0,0,,4,,1,0,3,0,2,1,0,2,1,0,8,1,1,1,0,0,0,0,1,0,27,38,36,7,4,8,13,0,1,1,0,1,0,1,0,1,0,0,0,0,0,0,0,0,0,,,1,27,42,27,11,4,1,0,0
BRO189807220,box,1898-07-22,0,NYC12,R,1,BRO,LS3,1,0,1,0,1,,34,3,8,12,2,1,0,,3,,2,0,0,1,0,0,0,0,0,0,6,1,1,1,0,0,0,0,1,0,27,41,40,7,6,14,18,2,1,0,0,0,0,,0,0,1,0,0,0,0,0,0,0,0,,,1,27,43,27,15,1,1,0,0
BRO189807230,box,1898-07-23,0,NYC12,R,1,BRO,BSN,1,0,1,0,1,,33,3,5,5,0,0,0,,3,,0,0,2,0,0,1,0,0,0,0,4,1,1,1,0,0,0,0,1,0,27,36,30,4,3,9,10,1,0,0,0,2,0,4,0,1,3,0,0,0,0,0,0,0,0,,,1,27,44,27,14,3,1,0,0
BRO189807250,box,1898-07-25,0,NYC12,R,1,BRO,BSN,1,1,0,0,1,,29,4,7,10,1,1,0,,3,,6,0,3,1,0,1,0,0,1,0,8,1,1,1,0,0,0,1,0,0,27,35,33,2,2,8,10,0,1,0,0,2,0,,0,0,0,0,0,0,0,0,0,0,0,,,1,27,44,27,17,0,1,0,0
BRO189807260,box,1898-07-26,0,NYC12,R,1,BRO,BSN,1,0,1,0,1,,29,1,3,3,0,0,0,,0,,1,0,1,1,0,0,0,0,1,0,2,1,1,1,0,0,0,0,1,0,27,41,37,6,4,10,13,3,0,0,0,3,0,2,0,0,1,0,0,0,0,0,0,0,0,,,1,27,47,27,17,3,1,0,0
CIN189807280,box,1898-07-28,0,CIN05,R,0,BRO,CIN,1,0,1,0,1,,36,1,9,10,1,0,0,,1,,3,0,0,0,0,0,0,2,0,0,11,1,1,1,0,0,0,0,1,0,24,39,33,7,6,11,12,1,0,0,0,3,0,1,0,1,2,0,0,0,0,0,0,0,0,,,1,24,36,24,10,2,0,0,0
CIN189807290,box,1898-07-29,0,CIN05,R,0,BRO,CIN,1,0,1,0,1,,36,5,13,16,1,1,0,,3,,2,,1,,1,0,0,0,,0,7,1,1,1,0,0,0,0,1,0,24,39,38,6,4,14,16,2,0,0,0,1,,0,,0,0,0,0,0,0,0,0,0,0,,,1,24,37,24,10,3,1,0,0
CIN189807300,box,1898-07-30,0,CIN05,R,0,BRO,CIN,1,0,1,0,1,,31,2,6,7,1,0,0,,2,,4,,0,,0,0,0,0,,0,6,1,1,0,0,0,1,0,1,0,24,36,28,8,8,9,14,3,1,0,0,7,,2,,0,1,0,0,2,0,0,0,0,0,,,1,24,33,24,9,0,1,0,0
CIN189807310,box,1898-07-31,0,CIN05,R,0,BRO,CIN,1,0,1,0,1,,33,5,9,11,0,1,0,,4,,1,,0,,1,0,0,0,,0,6,1,1,1,0,0,0,0,1,0,21,35,33,9,9,14,21,2,1,1,0,1,,0,,0,1,0,0,0,0,0,0,0,0,,,1,21,37,21,14,2,1,0,0
SLN189808031,box,1898-08-03,1,STL05,R,0,BRO,SLN,1,0,1,0,1,,34,3,9,15,2,2,0,,3,,0,0,,0,0,1,0,0,0,0,5,1,1,1,0,0,0,0,1,0,26,41,33,4,4,8,10,0,1,0,0,6,0,,1,1,1,0,0,1,0,0,0,0,0,,,1,26,44,26,15,3,2,0,0
SLN189808032,box,1898-08-03,2,STL05,R,0,BRO,SLN,1,1,0,0,1,,41,9,13,14,1,0,0,,7,,0,0,,0,0,2,0,2,1,0,7,1,1,1,0,0,0,1,0,0,27,42,38,7,6,12,14,2,0,0,0,3,0,0,0,0,1,0,0,0,0,0,0,0,0,,,1,27,39,27,10,2,1,0,0
SLN189808040,box,1898-08-04,0,STL05,R,0,BRO,SLN,1,0,1,0,1,,39,7,15,17,2,0,0,,7,,1,0,0,0,1,2,0,0,1,0,9,1,1,0,0,0,1,0,1,0,25,43,31,8,6,9,12,3,0,0,0,10,0,2,0,1,1,0,0,0,0,0,0,0,0,,,1,25,44,25,17,2,0,0,0
SLN189808050,box,1898-08-05,0,STL05,R,0,BRO,SLN,1,0,1,0,1,,29,1,2,2,0,0,0,,1,,1,0,1,0,1,0,0,1,0,0,3,1,1,1,0,0,0,0,1,0,24,37,33,5,5,9,12,1,1,0,0,3,0,0,0,0,1,0,0,0,0,0,0,0,0,,,1,24,41,24,15,2,0,0,0
LS3189808060,box,1898-08-06,0,LOU03,R,0,BRO,LS3,1,0,1,0,1,,38,4,12,15,1,1,0,,2,,0,0,,,0,0,0,1,,0,7,1,1,0,0,0,1,0,1,0,24,33,29,5,3,9,11,2,0,0,0,2,,,,0,2,0,0,0,0,0,0,0,0,,,1,24,41,24,14,3,1,0,0
LS3189808071,box,1898-08-07,1,LOU03,R,0,BRO,LS3,1,1,0,0,1,,33,8,12,15,3,0,0,,6,,1,,,,1,3,0,0,,0,3,1,1,1,0,0,0,1,0,0,27,34,28,3,3,6,12,0,3,0,0,4,,,,0,2,0,0,0,0,0,0,0,0,,,1,27,40,27,13,0,0,0,0
LS3189808072,box,1898-08-07,2,LOU03,R,0,BRO,LS3,1,1,0,0,1,,36,6,11,12,1,0,0,,6,,4,,,,0,2,0,1,,0,9,1,1,1,0,0,0,1,0,0,27,42,34,5,5,10,14,2,1,0,0,4,,,,1,3,0,0,0,0,0,0,0,0,,,1,27,39,27,11,1,0,0,1
BRO189808110,box,1898-08-11,0,NYC12,R,1,BRO,CHN,1,0,1,0,1,,52,2,10,13,3,0,0,,2,,2,0,1,0,0,0,0,1,0,0,10,1,1,1,0,0,0,0,1,0,42,57,51,3,3,10,10,0,0,0,0,4,0,3,1,0,2,0,0,0,0,0,0,0,0,,,1,42,59,42,15,2,1,0,0
BRO189808120,box,1898-08-12,0,NYC12,R,1,BRO,CIN,1,0,1,0,1,,35,3,7,9,0,1,0,,2,,0,0,,0,0,1,0,0,1,0,6,1,1,1,0,0,0,0,1,0,27,35,30,4,3,11,13,2,0,0,0,2,0,,1,0,3,0,0,0,0,0,0,0,0,,,1,27,51,27,20,4,3,0,0
BRO189808130,box,1898-08-13,0,NYC12,R,1,BRO,CIN,1,1,0,0,1,,36,2,11,13,0,1,0,,2,,2,,,,1,0,0,0,,0,10,1,1,1,0,0,0,1,0,0,30,40,36,1,1,8,8,0,0,0,0,3,,0,,0,1,0,0,0,0,0,0,0,0,,,1,30,46,30,15,1,1,0,0
BRO189808150,box,1898-08-15,0,NYC12,R,1,BRO,CIN,1,0,1,0,1,,30,0,6,6,0,0,0,,0,,2,0,1,3,1,0,0,3,0,0,6,1,1,1,0,0,0,0,1,0,27,44,34,8,5,10,10,0,0,0,0,5,0,4,0,0,5,0,0,2,0,0,0,0,0,,,1,27,44,27,14,3,0,0,0
BRO189808160,box,1898-08-16,0,NYC12,R,1,BRO,CL4,1,1,0,0,1,,32,6,12,18,1,1,1,,6,,0,0,0,1,0,3,0,1,0,0,5,1,1,1,0,0,0,1,0,0,27,38,36,2,2,10,12,2,0,0,0,2,0,3,1,0,0,0,0,0,0,0,0,0,0,,,1,27,39,27,12,0,1,0,0
BRO189808180,box,1898-08-18,0,NYC12,R,1,BRO,CL4,1,0,1,0,1,,37,0,10,13,1,1,0,,0,,2,,1,,0,1,0,0,,0,13,1,1,1,0,0,0,0,1,0,27,40,36,2,2,10,10,0,0,0,0,3,,1,,0,1,0,0,0,0,0,0,0,0,,,1,27,41,27,12,2,0,0,0
CHN189808200,box,1898-08-20,0,CHI08,R,0,BRO,CHN,1,0,1,0,1,,30,1,3,4,1,0,0,,1,,0,0,0,,1,0,0,0,,0,3,1,1,1,0,0,0,0,1,0,24,37,32,2,1,9,11,2,0,0,0,4,,1,,0,1,0,0,0,0,0,0,0,0,,,1,24,38,24,13,1,0,0,0
CHN189808211,box,1898-08-21,1,CHI08,R,0,BRO,CHN,1,0,1,0,1,,30,3,6,7,1,0,0,,3,,1,,,,0,1,0,1,,0,2,1,1,1,0,0,0,0,1,0,24,33,31,4,3,11,14,1,1,0,0,1,,,,1,0,0,0,0,0,0,0,0,0,,,1,24,37,24,10,3,1,0,0
CHN189808212,box,1898-08-21,2,CHI08,R,0,BRO,CHN,1,0,1,0,1,,26,0,0,0,0,0,0,,0,,3,,3,,0,0,0,0,,0,2,1,1,1,0,0,0,0,1,0,24,38,32,2,0,10,10,0,0,0,0,5,,0,,0,1,0,0,0,0,0,0,0,0,,,1,24,44,24,17,3,2,0,0
PIT189808240,box,1898-08-24,0,PIT05,R,0,BRO,PIT,1,1,0,0,1,,32,5,8,8,0,0,0,,5,,3,0,3,1,0,3,0,0,1,0,6,1,1,1,0,0,0,1,0,0,27,33,32,1,1,5,7,0,1,0,0,1,0,2,0,0,0,0,0,0,0,0,0,0,0,,,1,27,38,27,11,0,0,0,1
PIT189808250,box,1898-08-25,0,PIT05,R,0,BRO,PIT,1,0,1,0,1,,35,1,8,8,0,0,0,,1,,1,0,3,1,0,1,0,0,0,0,9,1,1,0,0,0,1,0,1,0,24,38,34,5,3,10,15,1,2,0,0,2,0,1,1,1,1,0,0,0,0,0,0,0,0,,,1,24,39,24,12,3,2,0,0
PIT189808260,box,1898-08-26,0,PIT05,R,0,BRO,PIT,1,1,0,0,1,,31,3,5,7,2,0,0,,3,,1,0,0,0,0,1,0,0,0,0,3,1,1,1,0,0,0,1,0,0,27,42,37,2,2,9,12,1,1,0,0,5,0,1,1,0,0,0,0,0,0,0,0,0,0,,,1,27,48,27,17,4,1,0,0
CL4189808270,box,1898-08-27,0,ROC02,R,0,BRO,CL4,1,0,1,0,1,,33,2,7,7,0,0,0,,2,,5,0,2,1,0,0,0,0,0,0,9,1,1,1,0,0,0,0,1,0,24,33,27,6,6,4,7,0,0,1,0,4,0,2,0,1,1,0,0,0,0,0,0,0,0,,,1,24,35,24,11,0,0,0,0
CL4189808280,box,1898-08-28,0,ROC03,R,0,BRO,CL4,1,1,0,0,1,,38,7,10,15,2,0,1,,7,,2,,,,0,1,0,0,,0,7,1,1,1,0,0,0,1,0,0,27,38,37,5,5,9,13,4,0,0,0,1,,,,0,0,0,0,0,0,0,0,0,0,,,1,27,43,27,14,2,0,0,0
CL4189808290,box,1898-08-29,0,ROC02,R,0,BRO,CL4,1,1,0,0,1,,44,13,16,27,3,4,0,,11,,2,0,7,1,1,1,0,3,0,0,8,1,1,1,0,0,0,1,0,0,27,48,39,7,4,8,13,1,2,0,0,9,0,1,0,0,0,0,0,0,0,0,0,0,0,,,1,27,41,26,11,4,0,0,0
CHN189809010,box,1898-09-01,0,CHI08,R,0,BRO,CHN,1,0,1,0,1,,32,0,6,6,0,0,0,,0,,1,0,0,0,0,0,0,0,1,0,6,1,1,1,0,0,0,0,1,0,24,44,39,10,9,18,26,3,1,1,0,4,0,1,0,0,1,0,0,0,0,0,0,0,0,,,1,24,35,24,10,1,0,0,0
CHN189809030,box,1898-09-03,0,CHI08,R,0,BRO,CHN,1,1,0,0,1,,49,16,19,26,5,1,0,,14,,2,,2,,0,0,0,0,,0,8,1,1,1,0,0,0,1,0,0,27,44,41,8,4,13,17,2,1,0,0,3,,2,,0,0,0,0,0,0,0,0,0,0,,,1,27,42,27,12,3,1,0,0
BRO189809051,box,1898-09-05,1,NYC12,R,1,BRO,NY1,1,0,1,0,1,,32,2,4,4,0,0,0,,0,,3,0,3,0,0,0,0,1,0,0,6,1,1,1,0,0,0,0,1,0,27,35,34,4,3,8,11,3,0,0,0,1,0,0,1,0,0,0,0,0,0,0,0,0,0,,,1,27,41,27,13,1,2,0,1
BRO189809052,box,1898-09-05,2,NYC12,R,1,BRO,NY1,1,1,0,0,1,,38,14,15,22,3,2,0,,12,,4,0,2,0,0,2,0,2,2,0,6,1,1,1,0,0,0,1,0,0,27,37,33,3,2,5,8,0,0,1,0,4,0,1,0,0,0,0,0,0,0,0,0,0,0,,,1,27,39,27,12,0,0,0,1
NY1189809060,box,1898-09-06,0,NYC10,R,0,BRO,NY1,1,0,1,0,1,,43,10,14,18,4,0,0,,8,,3,0,6,0,0,0,0,1,0,0,9,1,1,1,0,0,0,0,1,0,24,47,42,17,10,21,27,2,2,0,0,4,0,1,0,0,1,0,0,0,0,0,0,0,0,,,1,24,41,24,12,5,2,0,1
BRO189809080,box,1898-09-08,0,NYC12,R,1,BRO,BLN,1,0,1,0,1,,35,2,7,8,1,0,0,,1,,3,0,5,0,0,1,0,2,0,0,10,1,1,1,0,0,0,0,1,0,27,43,33,5,3,11,13,0,1,0,0,6,0,3,1,2,2,0,0,0,0,0,0,0,0,,,1,27,50,27,20,3,2,0,1
BRO189809090,box,1898-09-09,0,NYC12,R,1,BRO,BLN,1,1,0,0,1,,34,8,11,14,1,1,0,,5,,3,0,,0,0,1,0,3,1,0,6,1,1,1,0,0,0,1,0,0,27,40,35,5,2,9,12,1,1,0,0,4,0,,0,1,0,0,0,0,0,0,0,0,0,,,1,27,49,27,18,4,0,0,0
BRO189809101,box,1898-09-10,1,NYC12,R,1,BRO,BLN,1,1,0,0,1,,28,3,7,8,1,0,0,,3,,1,,,,0,2,0,0,,0,4,1,1,1,0,0,0,1,0,0,27,33,30,1,1,3,5,0,1,0,0,3,,,,0,0,0,0,0,0,0,0,0,0,,,1,27,36,27,9,0,0,0,0
BRO189809102,box,1898-09-10,2,NYC12,R,1,BRO,BLN,1,0,1,0,1,,32,2,5,6,1,0,0,,2,,1,,,,2,1,0,0,,0,7,1,1,1,0,0,0,0,1,0,27,42,34,4,4,9,9,0,0,0,0,6,,,,1,1,0,0,1,0,0,0,0,0,,,1,27,39,27,12,0,1,0,1
BRO189809140,box,1898-09-14,0,NYC12,R,1,BRO,LS3,1,0,1,0,1,,33,2,7,11,4,0,0,,2,,2,0,,0,0,0,0,1,1,0,6,1,1,0,0,0,1,0,1,0,27,45,41,7,6,15,20,2,0,1,0,2,0,0,0,1,1,0,0,0,0,0,0,0,0,,,1,27,45,27,15,3,1,0,0
BRO189809150,box,1898-09-15,0,NYC12,R,1,BRO,LS3,1,0,1,0,1,,29,0,4,4,0,0,0,,0,,2,0,0,0,1,0,0,0,2,0,5,1,1,1,0,0,0,0,1,0,27,34,32,2,2,7,7,0,0,0,0,1,0,2,0,0,1,0,0,0,0,0,0,0,0,,,1,27,35,27,8,0,0,0,0
BRO189809160,box,1898-09-16,0,NYC12,R,1,BRO,LS3,1,0,0,1,1,,40,7,11,12,1,0,0,,6,,3,0,2,0,2,2,0,0,2,0,7,1,1,1,0,0,0,0,0,0,33,49,44,7,4,12,14,0,1,0,0,4,0,2,1,0,1,0,0,0,0,0,0,0,0,,,1,33,51,33,16,2,1,0,1
BRO189809171,box,1898-09-17,1,NYC12,R,1,BRO,PIT,1,1,0,0,1,,30,6,12,16,4,0,0,,6,,0,0,0,0,1,3,0,1,1,0,4,1,1,1,0,0,0,1,0,0,27,36,31,1,1,6,7,1,0,0,0,3,0,2,2,2,0,0,0,0,0,0,0,0,0,,,1,27,39,27,12,0,2,0,0
BRO189809172,box,1898-09-17,2,NYC12,R,1,BRO,PIT,1,0,0,1,1,,35,8,11,15,1,0,1,,7,,6,,,,0,1,0,2,,0,7,1,1,1,0,0,0,0,0,0,27,40,36,8,6,13,17,0,2,0,0,1,,,,0,3,0,0,0,0,0,0,0,0,,,1,27,43,27,13,3,0,0,0
BRO189809180,box,1898-09-18,0,WNY01,R,1,BRO,NY1,1,0,1,0,1,,33,3,7,12,2,0,1,,3,,2,,,,0,0,0,1,,0,5,1,1,1,0,0,0,0,1,0,27,38,37,7,5,12,16,2,1,0,0,1,,,,0,0,0,0,0,0,0,0,0,0,,,1,27,49,27,14,8,2,0,0
BRO189809191,box,1898-09-19,1,NYC12,R,1,BRO,PIT,1,1,0,0,1,,46,11,19,25,2,2,0,,11,,1,0,2,0,1,0,0,0,0,0,13,1,1,0,0,0,1,1,0,0,27,45,37,10,8,13,18,3,1,0,0,6,0,1,3,1,1,0,0,0,0,0,0,0,0,,,1,27,50,27,22,1,3,0,1
BRO189809192,box,1898-09-19,2,NYC12,R,1,BRO,PIT,1,0,1,0,1,,21,2,6,9,1,1,0,,2,,0,0,4,0,0,0,0,1,0,0,4,1,1,1,0,0,0,0,1,0,15,25,20,6,6,9,12,1,1,0,0,4,0,1,1,0,1,0,0,0,0,0,0,0,0,,,1,15,27,15,10,2,2,0,0
BRO189809200,box,1898-09-20,0,NYC12,R,1,BRO,PIT,1,0,1,0,1,,30,0,5,5,0,0,0,,0,,3,0,5,2,0,0,0,0,0,0,6,1,1,1,0,0,0,0,1,0,27,50,46,15,12,20,31,4,2,1,0,4,0,1,1,0,0,0,0,2,0,0,0,0,0,,,1,27,47,27,16,4,2,0,0
BRO189809210,box,1898-09-21,0,NYC12,R,1,BRO,SLN,1,0,1,0,1,,38,3,9,10,1,0,0,,3,,1,0,4,0,1,0,0,2,0,0,10,1,1,1,0,0,0,0,1,0,27,43,41,7,4,12,17,3,1,0,0,1,0,4,0,0,1,0,0,0,0,0,0,0,0,,,1,27,42,27,11,4,0,0,0
BRO189809220,box,1898-09-22,0,NYC12,R,1,BRO,SLN,1,0,0,1,1,,40,3,13,14,1,0,0,,3,,1,,4,,0,1,0,3,,0,9,1,1,1,0,0,0,0,0,0,30,42,36,3,3,7,11,1,0,1,0,1,,1,,4,1,0,0,0,0,0,0,0,0,,,1,30,42,30,12,0,0,0,0
BRO189809230,box,1898-09-23,0,NYC12,R,1,BRO,SLN,1,1,0,0,1,,34,4,9,11,2,0,0,,4,,2,0,2,0,0,0,0,0,1,0,6,1,1,1,0,0,0,1,0,0,27,36,30,3,3,7,7,0,0,0,0,3,0,3,1,0,3,0,0,0,0,0,0,0,0,,,1,27,38,27,10,1,1,0,0
BSN189809261,box,1898-09-26,1,BOS05,R,0,BRO,BSN,1,0,1,0,1,,37,5,9,14,1,2,0,,5,,5,,1,,0,0,0,0,,0,10,1,1,1,0,0,0,0,1,0,24,42,37,10,5,13,22,4,1,1,0,2,,0,,1,2,0,0,0,0,0,0,0,0,,,1,24,43,24,14,5,1,0,1
BSN189809262,box,1898-09-26,2,BOS05,R,0,BRO,BSN,1,0,1,0,1,,27,2,7,10,3,0,0,,2,,1,,5,,0,2,0,0,,0,7,1,1,1,0,0,0,0,1,0,18,23,18,3,3,3,4,1,0,0,0,4,,4,,0,1,0,0,0,0,0,0,0,0,,,1,18,31,18,13,0,0,0,0
BSN189809270,box,1898-09-27,0,BOS05,R,0,BRO,BSN,1,0,1,0,1,,32,1,6,7,1,0,0,,1,,6,,,,0,0,0,1,,0,10,1,1,1,0,0,0,0,1,0,24,31,28,3,3,7,8,1,0,0,0,2,,,,0,1,0,0,0,0,0,0,0,0,,,1,24,37,24,13,0,2,0,0
BSN189809280,box,1898-09-28,0,BOS05,R,0,BRO,BSN,1,1,0,0,1,,36,5,11,17,1,1,1,,5,,3,,,,0,1,0,0,,0,8,1,1,0,0,0,1,1,0,0,27,40,32,2,2,8,11,0,0,1,0,8,,,,0,0,0,0,0,0,0,0,0,0,,,1,27,44,27,16,1,1,0,0
BLN189809290,box,1898-09-29,0,BAL07,R,0,BRO,BLN,1,0,1,0,1,,32,1,8,8,0,0,0,,1,,1,0,1,0,0,0,0,1,0,0,8,1,1,1,0,0,0,0,1,0,24,45,35,13,13,16,22,2,2,0,0,7,0,0,2,1,2,0,0,0,0,0,0,0,0,,,1,24,42,24,18,0,2,0,0
BLN189809301,box,1898-09-30,1,BAL07,R,0,BRO,BLN,1,0,1,0,1,,35,3,11,12,1,0,0,,3,,1,0,3,0,1,1,0,5,0,0,8,1,1,1,0,0,0,0,1,0,24,35,27,6,4,5,5,0,0,0,0,7,0,0,0,0,1,0,0,1,0,0,0,0,0,,,1,24,41,24,14,3,0,0,0
BLN189809302,box,1898-09-30,2,BAL07,R,0,BRO,BLN,1,0,0,1,1,,26,0,4,4,0,0,0,,0,,2,,2,,0,0,0,1,,0,4,1,1,0,1,1,1,0,0,0,24,34,27,0,0,6,7,1,0,0,0,6,,1,,0,1,0,0,0,0,0,0,0,0,,,1,24,38,24,14,0,0,0,0
BLN189810011,box,1898-10-01,1,BAL07,R,0,BRO,BLN,1,0,1,0,1,,34,5,10,13,1,1,0,,5,,2,,2,,0,2,0,1,,0,6,1,1,1,0,0,0,0,1,0,24,36,31,6,5,11,13,0,1,0,0,3,,4,,1,1,0,0,0,0,0,0,0,0,,,1,24,39,24,11,4,0,0,0
BLN189810012,box,1898-10-01,2,BAL07,R,0,BRO,BLN,1,0,1,0,1,,18,1,3,3,0,0,0,,1,,1,,2,,0,0,0,1,,0,3,1,1,1,0,0,0,0,1,0,12,18,14,3,3,3,6,0,0,1,0,3,,2,,1,0,0,0,0,0,0,0,0,0,,,1,12,19,12,6,1,1,0,0
BRO189810020,box,1898-10-02,0,WNY01,R,1,BRO,WSN,1,1,0,0,1,,28,4,8,14,1,1,1,,3,,5,,,,0,0,0,2,,0,4,1,1,1,0,0,0,1,0,0,27,36,33,3,3,9,13,0,2,0,0,3,,,,0,0,0,0,0,0,0,0,0,0,,,1,27,46,27,17,2,1,0,0
BRO189810030,box,1898-10-03,0,NYC12,R,1,BRO,WSN,1,0,1,0,1,,34,6,9,9,0,0,0,,3,,2,,,,0,0,0,3,,0,6,1,1,0,0,0,1,0,1,0,24,42,35,9,9,11,12,1,0,0,0,6,,,,1,0,0,0,0,0,0,0,0,0,,,1,24,45,24,19,2,1,0,0
BRO189810050,box,1898-10-05,0,NYC12,R,1,BRO,WSN,1,0,1,0,1,,31,1,5,7,2,0,0,,1,,1,,1,,1,0,0,1,,0,5,1,1,1,0,0,0,0,1,0,27,35,31,2,0,6,6,0,0,0,0,2,,0,,1,1,0,0,0,0,0,0,0,0,,,1,27,43,27,15,1,0,0,0
BRO189810060,box,1898-10-06,0,NYC12,R,1,BRO,BSN,1,0,1,0,1,,33,4,7,11,0,2,0,,4,,5,,1,,1,0,0,1,,0,8,1,1,1,0,0,0,0,1,0,27,44,36,7,3,12,15,3,0,0,0,7,,0,,0,1,0,0,1,0,0,0,0,0,,,1,27,41,27,11,3,2,0,0
BRO189810070,box,1898-10-07,0,NYC12,R,1,BRO,BSN,1,0,1,0,1,,27,2,3,3,0,0,0,,1,,7,0,4,0,0,1,0,3,0,0,9,1,1,1,0,0,0,0,1,0,24,43,36,7,6,12,14,2,0,0,0,5,0,1,0,0,2,0,0,0,0,0,0,0,0,,,1,24,38,24,12,2,1,0,0
BRO189810101,box,1898-10-10,1,NYC12,R,1,BRO,PHI,1,1,0,0,1,,38,7,13,18,3,1,0,,6,,1,,,,0,1,0,1,,0,9,1,1,1,0,0,0,1,0,0,27,37,28,3,2,7,10,1,1,0,0,6,,,,1,2,0,0,0,0,0,0,0,0,,,1,27,47,27,18,2,3,0,0
BRO189810102,box,1898-10-10,2,NYC12,R,1,BRO,PHI,1,0,1,0,1,,20,0,4,4,0,0,0,,0,,1,,3,,0,1,0,2,,0,4,1,1,1,0,0,0,0,1,0,18,27,25,2,0,4,6,0,1,0,0,2,,5,,0,0,0,0,1,0,0,0,0,0,,,1,18,28,18,7,3,0,0,0
BRO189810110,box,1898-10-11,0,NYC12,R,1,BRO,PHI,1,1,0,0,1,,34,14,16,28,1,4,1,,14,,2,,1,,1,0,0,0,,0,5,1,1,1,0,0,0,1,0,0,21,29,27,2,2,5,8,1,1,0,0,2,,0,,0,0,0,0,0,0,0,0,0,0,,,1,21,37,21,14,2,0,0,0
BRO189810120,box,1898-10-12,0,NYC12,R,1,BRO,PHI,1,0,1,0,1,,35,2,6,8,2,0,0,,2,,0,0,,,1,0,0,1,,0,7,1,1,1,0,0,0,0,1,0,27,39,34,3,2,9,10,1,0,0,0,3,,,,0,2,0,0,2,0,0,0,0,0,,,1,27,43,26,14,3,1,0,0
PHI189810131,box,1898-10-13,1,PHI09,R,0,BRO,PHI,1,0,1,0,1,,29,1,4,6,2,0,0,,1,,4,,3,,1,0,0,0,,0,6,1,1,1,0,0,0,0,1,0,24,35,35,5,3,10,11,1,0,0,0,0,0,2,,0,0,0,0,0,0,0,0,0,0,,,1,24,36,24,11,1,0,0,0
PHI189810132,box,1898-10-13,2,PHI09,R,0,BRO,PHI,1,0,1,0,1,,24,6,6,9,1,1,0,,6,,0,0,,,2,0,0,0,,0,5,1,1,1,0,0,0,0,1,0,15,28,25,9,6,10,12,2,0,0,0,3,,0,,0,0,0,0,0,0,0,0,0,0,,,1,15,26,15,9,2,0,0,0
PHI189810150,box,1898-10-15,0,PHI09,R,0,BRO,PHI,1,1,0,0,1,,42,12,15,26,3,1,2,,12,,6,,0,,1,0,0,1,,0,10,1,1,1,0,0,0,1,0,0,27,43,31,8,8,8,10,2,0,0,0,10,,2,,0,2,0,0,1,0,0,0,0,0,,,1,27,41,27,12,2,1,0,0
NY1189804160,box,1898-04-16,0,NYC10,R,0,BSN,NY1,1,1,0,0,1,,36,4,8,10,2,0,0,,2,,1,0,,1,0,1,0,0,0,0,7,1,1,1,0,0,0,1,0,0,27,34,33,2,2,5,9,0,2,0,0,1,0,,0,0,0,0,0,0,0,0,0,0,0,,,1,27,42,27,12,3,0,0,1
NY1189804180,box,1898-04-18,0,NYC10,R,0,BSN,NY1,1,0,1,0,1,,33,2,6,9,1,1,0,,2,,5,0,5,0,1,0,0,0,0,0,10,1,1,1,0,0,0,0,1,0,24,39,35,8,5,11,13,2,0,0,0,1,0,3,0,3,0,0,0,1,0,0,0,0,0,,,1,24,42,24,13,5,1,0,0
BSN189804190,box,1898-04-19,0,BOS05,R,1,BSN,NY1,1,1,0,0,1,,40,14,18,24,1,1,1,,12,,4,0,,0,0,1,0,2,1,0,7,1,1,0,0,0,1,1,0,0,27,34,32,2,2,4,5,1,0,0,0,2,0,,1,0,0,0,0,0,0,0,0,0,0,,,1,27,38,27,9,2,1,0,0
BLN189804200,box,1898-04-20,0,BAL07,R,0,BSN,BLN,1,0,1,0,1,,33,3,8,10,2,0,0,,3,,2,,8,,0,1,0,1,,0,6,1,1,0,0,0,1,0,1,0,24,51,40,18,12,17,18,1,0,0,0,7,,2,,3,1,0,0,1,0,0,0,0,0,,,1,24,42,24,14,4,2,0,0
BLN189804210,box,1898-04-21,0,BAL07,R,0,BSN,BLN,1,1,0,0,1,,35,10,12,16,0,2,0,,9,,3,,1,,0,4,0,2,,0,5,1,1,1,0,0,0,1,0,0,27,42,35,5,5,7,7,0,0,0,0,7,,1,,0,0,0,0,0,0,0,0,0,0,,,1,27,43,27,14,2,1,0,0
BLN189804220,box,1898-04-22,0,BAL07,R,0,BSN,BLN,1,0,1,0,1,,28,0,0,0,0,0,0,,0,,3,,3,,0,0,0,0,,0,4,1,1,1,0,0,0,0,1,0,24,41,35,8,8,13,22,1,4,0,0,5,,3,,1,0,0,0,0,0,0,0,0,0,,,1,24,35,24,11,0,1,0,0
BLN189804230,box,1898-04-23,0,BAL07,R,0,BSN,BLN,1,0,1,0,1,,33,2,8,14,0,3,0,,1,,1,0,3,0,0,0,0,3,2,0,5,1,1,1,0,0,0,0,1,0,25,40,31,3,3,8,9,1,0,0,0,7,0,1,0,2,0,0,0,0,0,0,0,0,0,,,1,25,39,25,13,1,1,0,0
PHI189804260,box,1898-04-26,0,PHI09,R,0,BSN,PHI,1,1,0,0,1,,41,9,12,14,2,0,0,,9,,1,0,2,0,0,2,0,1,0,0,8,1,1,1,0,0,0,1,0,0,27,39,35,4,1,8,8,0,0,0,0,4,0,1,0,0,0,0,0,0,0,0,0,0,0,,,1,27,46,27,16,3,0,0,0
PHI189804270,box,1898-04-27,0,PHI09,R,0,BSN,PHI,1,1,0,0,1,,35,6,11,13,2,0,0,,3,,4,0,2,0,0,0,0,3,0,0,6,1,1,1,0,0,0,1,0,0,27,33,30,1,1,5,6,1,0,0,0,3,0,0,1,0,0,0,0,0,0,0,0,0,0,,,1,27,39,27,12,0,1,0,0
WSN189804290,box,1898-04-29,0,WAS06,R,0,BSN,WSN,1,1,0,0,1,,42,11,14,23,4,1,1,,11,,3,,0,,0,0,0,2,,0,7,1,1,1,0,0,0,1,0,0,27,38,36,4,2,10,14,1,0,1,0,2,,5,,0,0,0,0,1,0,0,0,0,0,,,1,27,37,27,9,1,1,0,0
WSN189804300,box,1898-04-30,0,WAS06,R,0,BSN,WSN,1,0,1,0,1,,39,4,12,16,1,0,1,,3,,3,0,1,0,0,0,0,0,0,0,11,1,1,0,0,0,1,0,1,0,24,37,34,7,7,12,16,1,0,1,0,3,0,0,1,0,0,0,0,0,0,0,0,0,0,,,1,24,39,24,13,2,1,0,0
WSN189805020,box,1898-05-02,0,WAS06,R,0,BSN,WSN,1,1,0,0,1,,37,7,13,15,2,0,0,,7,,2,0,0,1,1,0,0,2,2,0,6,1,1,1,1,0,0,1,0,0,27,33,32,0,0,7,8,1,0,0,0,1,0,2,0,0,0,0,0,0,0,0,0,0,0,,,1,27,36,27,9,0,0,0,0
WSN189805030,box,1898-05-03,0,WAS06,R,0,BSN,WSN,1,1,0,0,1,,38,7,12,12,0,0,0,,5,,3,,2,,1,1,0,2,,0,9,1,1,1,0,0,0,1,0,0,27,37,32,5,4,8,12,1,0,1,0,4,,3,,1,0,0,0,0,0,0,0,0,0,,,1,27,41,27,12,2,1,0,0
NY1189805040,box,1898-05-04,0,NYC10,R,0,BSN,NY1,1,0,1,0,1,,30,3,5,8,0,0,1,,3,,4,,2,,1,0,0,0,,0,5,1,1,1,0,0,0,0,1,0,24,43,34,8,7,11,15,1,0,1,0,6,,1,,1,2,0,0,0,0,0,0,0,0,,,1,24,37,24,11,2,0,0,0
BSN189805050,box,1898-05-05,0,BOS05,R,1,BSN,NY1,1,0,1,0,1,,31,4,9,10,1,0,0,,4,,6,0,7,2,1,1,0,1,1,0,8,1,1,1,0,0,0,0,1,0,27,39,37,6,6,10,20,2,1,2,0,2,0,2,0,0,0,0,0,1,0,0,0,0,0,,,1,27,39,27,12,0,0,0,0
BSN189805060,box,1898-05-06,0,BOS05,R,1,BSN,NY1,1,0,1,0,1,,36,5,11,12,1,0,0,,5,,2,0,,1,0,1,0,0,0,0,7,1,1,0,0,0,1,0,1,0,27,45,37,7,4,9,11,2,0,0,0,8,0,0,1,0,0,0,0,0,0,0,0,0,0,,,1,27,40,27,10,3,1,0,1
BSN189805070,box,1898-05-07,0,BOS05,R,1,BSN,NY1,1,1,0,0,1,,41,13,15,18,3,0,0,,8,,4,,4,,1,2,0,4,,0,8,1,1,1,0,0,0,1,0,0,27,44,42,9,4,11,19,5,0,1,0,2,,1,,0,0,0,0,0,0,0,0,0,0,,,1,27,43,27,12,4,0,0,2
BSN189805090,box,1898-05-09,0,BOS05,R,1,BSN,BLN,1,0,1,0,1,,29,0,2,3,1,0,0,,0,,2,,2,,0,0,0,0,,0,4,1,1,1,0,0,0,0,1,0,27,46,41,13,10,17,17,0,0,0,0,3,,2,,1,1,0,0,1,0,0,0,0,0,,,1,27,46,27,17,2,2,0,2
BSN189805100,box,1898-05-10,0,BOS05,R,1,BSN,BLN,1,1,0,0,1,,33,10,13,19,0,0,2,,10,,6,,,,0,0,0,3,,0,5,1,1,1,0,0,0,1,0,0,27,38,37,4,1,12,17,3,1,0,0,1,,,,0,0,0,0,0,0,0,0,0,0,,,1,27,43,27,13,3,0,0,0
BSN189805110,box,1898-05-11,0,BOS05,R,1,BSN,BLN,1,1,0,0,1,,34,8,10,17,2,1,1,,7,,5,,1,,0,0,0,2,,0,4,1,1,1,0,0,0,1,0,0,27,43,35,4,4,8,13,2,0,1,0,6,,1,,2,0,0,0,1,0,0,0,0,0,,,1,27,38,27,9,2,1,0,0
BSN189805120,box,1898-05-12,0,BOS05,R,1,BSN,BLN,1,1,0,0,1,,40,15,12,20,0,1,2,,14,,7,,1,,1,0,0,2,,0,9,1,1,1,0,0,0,1,0,0,27,41,38,6,4,10,13,0,0,1,0,1,,4,,2,0,0,0,0,0,0,0,0,0,,,1,27,46,27,16,3,1,0,1
BSN189805130,box,1898-05-13,0,BOS05,R,1,BSN,BRO,1,1,0,0,1,,30,6,5,9,1,0,1,,6,,6,,1,,1,0,0,1,,0,7,1,1,1,0,0,0,1,0,0,27,40,37,3,2,9,10,1,0,0,0,2,,7,,0,1,0,0,0,0,0,0,0,0,,,1,27,42,27,14,1,0,0,0
BSN189805140,box,1898-05-14,0,BOS05,R,1,BSN,BRO,1,1,0,0,1,,41,8,15,23,0,1,2,,7,,1,,1,,0,1,0,2,,0,8,1,1,1,0,0,0,1,0,0,27,39,35,5,2,9,12,0,0,1,0,4,,0,,0,0,0,0,0,0,0,0,0,0,,,1,27,47,27,16,4,3,0,0
BSN189805170,box,1898-05-17,0,BOS05,R,1,BSN,BRO,1,1,0,0,1,,40,12,18,20,2,0,0,,10,,1,0,0,0,0,2,0,1,0,0,7,1,1,1,1,0,0,1,0,0,27,30,27,0,0,1,1,0,0,0,0,3,0,2,1,0,0,0,0,0,0,0,0,0,0,,,1,27,42,27,15,0,1,0,0
CIN189805190,box,1898-05-19,0,CIN05,R,0,BSN,CIN,1,0,1,0,1,,33,4,8,13,1,2,0,,4,,1,,,,0,1,0,0,,0,4,1,1,1,0,0,0,0,1,0,24,31,28,5,5,5,11,0,3,0,0,1,,,,2,0,0,0,0,0,0,0,0,0,,,1,24,35,24,11,0,0,0,0
CIN189805200,box,1898-05-20,0,CIN05,R,0,BSN,CIN,1,1,0,0,1,,34,5,10,13,1,1,0,,5,,6,,,,1,0,0,1,,0,9,1,1,1,0,0,0,1,0,0,27,40,30,4,4,5,10,1,2,0,0,8,,,,2,0,0,0,0,1,0,0,0,0,,,1,27,42,27,14,1,0,0,0
CIN189805210,box,1898-05-21,0,CIN05,R,0,BSN,CIN,1,1,0,0,1,,36,4,12,16,0,2,0,,4,,0,0,1,,0,1,0,0,,0,7,1,1,1,0,0,0,1,0,0,27,36,33,3,3,9,11,2,0,0,0,2,,2,,0,1,0,0,0,0,0,0,0,0,,,1,27,38,27,11,0,1,0,0
SLN189805230,box,1898-05-23,0,STL05,R,0,BSN,SLN,1,1,0,0,1,,41,8,13,19,2,2,0,,8,,1,,1,,0,0,0,2,,0,7,1,1,1,0,0,0,1,0,0,27,45,40,7,4,11,14,1,1,0,0,2,,,,1,2,0,0,0,0,0,0,0,0,,,1,27,47,27,13,7,0,0,0
SLN189805240,box,1898-05-24,0,STL05,R,0,BSN,SLN,1,0,1,0,1,,41,10,12,19,3,2,0,,8,,4,,,,0,1,0,2,,0,9,1,1,0,0,0,1,0,1,0,24,47,39,12,9,17,20,3,0,0,0,4,,,,2,2,0,0,1,0,0,0,0,0,,,1,24,36,24,10,2,0,0,1
SLN189805250,box,1898-05-25,0,STL05,R,0,BSN,SLN,1,1,0,0,1,,34,8,7,11,0,2,0,,7,,2,,,,1,0,0,0,,0,2,1,1,1,0,0,0,1,0,0,27,42,38,4,3,9,16,4,0,1,0,3,,,,1,0,0,0,0,0,0,0,0,0,,,1,27,38,27,9,2,0,0,1
LS3189805260,box,1898-05-26,0,LOU03,R,0,BSN,LS3,1,1,0,0,1,,42,11,16,19,1,1,0,,10,,3,,,,1,0,0,3,,0,8,1,1,1,0,0,0,1,0,0,27,37,35,3,3,8,12,2,1,0,0,2,,0,,0,0,0,0,0,0,0,0,0,0,,,1,27,39,27,11,1,0,0,0
LS3189805270,box,1898-05-27,0,LOU03,R,0,BSN,LS3,1,0,1,0,1,,33,3,6,7,1,0,0,,3,,4,,,,0,0,0,1,,0,7,1,1,0,0,0,1,0,1,0,24,43,38,14,3,13,18,2,0,1,0,4,,,,0,1,0,0,0,0,0,0,0,0,,,1,24,44,24,15,5,0,0,0
LS3189805280,box,1898-05-28,0,LOU03,R,0,BSN,LS3,1,0,1,0,1,,38,5,10,10,0,0,0,,2,,1,,0,,0,0,0,3,,0,10,1,1,1,0,0,0,0,1,0,24,38,33,7,6,13,16,3,0,0,0,2,,0,,0,3,0,0,0,0,0,0,0,0,,,1,24,44,24,15,5,0,0,1
BSN189805301,box,1898-05-30,1,BOS05,R,1,BSN,CHN,1,1,0,0,1,,38,11,14,17,0,0,1,,10,,2,,0,,0,2,0,1,,0,7,1,1,1,0,0,0,1,0,0,27,39,36,2,2,9,13,2,1,0,0,3,,4,,0,0,0,0,0,0,0,0,0,0,,,1,27,41,27,13,1,0,0,1
BSN189805302,box,1898-05-30,2,BOS05,R,1,BSN,CHN,1,1,0,0,1,,37,3,12,16,1,0,1,,3,,1,0,3,0,1,0,0,0,1,0,12,1,1,1,0,0,0,1,0,0,27,36,31,2,2,8,8,0,0,0,0,4,0,2,1,0,1,0,0,0,0,0,0,0,0,,,1,27,41,27,13,1,2,0,0
BSN189805310,box,1898-05-31,0,BOS05,R,1,BSN,CHN,1,1,0,0,1,,32,5,9,13,1,0,1,,5,,1,,2,,0,0,0,0,,0,4,1,1,1,0,0,0,1,0,0,27,42,33,4,4,11,11,0,0,0,0,9,,3,,0,0,0,0,0,0,0,0,0,0,,,1,27,48,27,19,2,3,0,0
BSN189806010,box,1898-06-01,0,BOS05,R,1,BSN,CHN,1,1,0,0,1,,34,8,11,16,2,0,1,,8,,5,,2,,0,0,0,3,,0,7,1,1,1,0,0,0,1,0,0,27,37,34,1,0,7,7,0,0,0,0,3,,1,,0,0,0,0,0,0,0,0,0,0,,,1,27,48,27,18,3,1,0,1
BSN189806020,box,1898-06-02,0,BOS05,R,1,BSN,CL4,1,0,1,0,1,,30,1,3,6,0,0,1,,1,,2,,1,,0,0,0,1,,0,4,1,1,1,0,0,0,0,1,0,27,44,35,6,5,8,8,0,0,0,0,8,,1,,0,1,0,0,0,0,0,0,0,0,,,1,27,41,27,12,2,1,0,1
BSN189806061,box,1898-06-06,1,BOS05,R,1,BSN,CL4,1,1,0,0,1,,32,9,10,13,3,0,0,,8,,3,0,,1,0,1,0,1,1,0,3,1,1,1,0,0,0,1,0,0,27,38,34,5,3,5,7,2,0,0,0,4,0,,0,0,0,0,0,0,0,0,0,0,0,,,1,27,42,27,11,4,1,0,0
BSN189806062,box,1898-06-06,2,BOS05,R,1,BSN,CL4,1,0,1,0,1,,34,0,7,8,1,0,0,,0,,0,0,4,,0,0,0,1,,0,7,1,1,1,0,0,0,0,1,0,27,37,31,2,0,5,5,0,0,0,0,4,,0,,0,2,0,0,0,0,0,0,0,0,,,1,27,43,27,13,3,2,0,0
BSN189806070,box,1898-06-07,0,BOS05,R,1,BSN,CIN,1,1,0,0,1,,38,9,14,19,2,0,1,,9,,1,,0,,0,0,0,1,,0,6,1,1,1,0,0,0,1,0,0,27,37,35,2,0,7,7,0,0,0,0,2,,5,,0,0,0,0,0,0,0,0,0,0,,,1,27,40,27,10,3,2,0,0
BSN189806080,box,1898-06-08,0,BOS05,R,1,BSN,CIN,1,1,0,0,1,,34,10,10,17,1,0,2,,10,,5,,4,,0,0,0,5,,0,5,1,1,1,0,0,0,1,0,0,27,40,32,1,0,5,5,0,0,0,0,8,,8,,0,0,0,0,0,0,0,0,0,0,,,1,27,40,27,12,1,1,0,0
BSN189806090,box,1898-06-09,0,BOS05,R,1,BSN,CIN,1,1,0,0,1,,32,6,11,17,0,0,2,,6,,4,,6,,0,0,0,1,,0,6,1,1,1,0,0,0,1,0,0,27,40,35,5,3,9,14,2,0,1,0,2,,3,,1,2,0,0,0,0,0,0,0,0,,,1,27,47,27,18,2,0,0,0
BSN189806100,box,1898-06-10,0,BOS05,R,1,BSN,CIN,1,0,1,0,1,,33,3,8,8,0,0,0,,3,,3,,1,,0,1,0,2,,0,7,1,1,1,0,0,0,0,1,0,27,35,32,4,4,5,9,1,0,1,0,3,,0,,0,0,0,0,0,0,0,0,0,0,,,1,27,43,27,15,1,1,0,0
BSN189806110,box,1898-06-11,0,BOS05,R,1,BSN,PHI,1,1,0,0,1,,30,4,10,11,1,0,0,,4,,3,,3,,0,1,0,1,,0,6,1,1,1,0,0,0,1,0,0,27,34,32,2,2,7,9,2,0,0,0,1,,1,,0,1,0,0,1,0,0,0,0,0,,,1,27,44,27,16,1,0,0,0
BSN189806130,box,1898-06-13,0,BOS05,R,1,BSN,PHI,1,1,0,0,1,,33,5,11,15,1,0,1,,5,,1,,0,,0,0,0,0,,0,5,1,1,1,0,0,0,1,0,0,27,34,32,2,2,8,12,1,0,1,0,2,,0,,0,0,0,0,0,0,0,0,0,0,,,1,27,40,27,11,2,1,0,0
BSN189806140,box,1898-06-14,0,BOS05,R,1,BSN,PHI,1,0,1,0,1,,32,0,6,7,1,0,0,,1,,1,0,4,1,0,1,0,0,0,0,7,1,1,0,0,0,1,0,1,0,27,49,42,9,5,17,19,2,0,0,0,4,0,11,1,2,1,0,0,0,1,0,0,0,0,,,1,27,42,27,9,6,1,0,0
BSN189806150,box,1898-06-15,0,BOS05,R,1,BSN,PHI,1,1,0,0,1,,38,12,17,20,3,0,0,,9,,2,,0,,0,1,0,2,,0,5,1,1,1,0,0,0,1,0,0,27,41,37,6,5,9,9,0,0,0,0,4,,3,,0,0,0,0,1,0,0,0,0,0,,,1,27,42,27,12,3,0,0,1
BSN189806160,box,1898-06-16,0,BOS05,R,1,BSN,WSN,1,1,0,0,1,,32,2,10,10,0,0,0,,2,,3,,0,,1,2,0,0,,0,12,1,1,1,0,0,0,1,0,0,27,37,33,1,1,8,8,0,0,0,0,3,,4,,0,1,0,0,1,0,0,0,0,0,,,1,27,46,27,18,1,0,0,1
BSN189806170,box,1898-06-17,0,BOS05,R,1,BSN,WSN,1,0,1,0,1,,37,3,12,13,1,0,0,,3,,2,,1,,0,0,0,1,,0,9,1,1,1,0,0,0,0,1,0,27,37,33,4,4,8,11,0,0,1,0,3,,2,,0,0,0,0,1,0,0,0,0,0,,,1,27,36,26,9,1,0,0,0
BSN189806180,box,1898-06-18,0,BOS05,R,1,BSN,WSN,1,1,0,0,1,,39,12,13,17,1,0,1,,9,,2,,0,,0,1,0,4,,0,6,1,1,1,0,0,0,1,0,0,27,34,31,3,1,4,6,2,0,0,0,2,,2,,0,1,0,0,1,0,0,0,0,0,,,1,27,44,27,14,3,0,0,0
CHN189806200,box,1898-06-20,0,CHI08,R,0,BSN,CHN,1,0,1,0,1,,35,4,8,13,3,1,0,,4,,3,,1,,0,0,0,0,,0,7,1,1,1,0,0,0,0,1,0,24,36,34,5,4,9,12,1,1,0,0,1,,3,,1,0,0,0,0,0,0,0,0,0,,,1,24,39,24,11,4,0,0,0
CHN189806210,box,1898-06-21,0,CHI08,R,0,BSN,CHN,1,0,1,0,1,,40,6,13,19,1,1,1,,6,,2,,1,,0,0,0,2,,0,9,1,1,1,0,0,0,0,1,0,24,44,35,12,10,11,15,2,1,0,0,8,,0,,0,1,0,0,0,0,0,0,0,0,,,1,24,47,24,19,4,0,0,0
CHN189806220,box,1898-06-22,0,CHI08,R,0,BSN,CHN,1,1,0,0,1,,54,6,13,17,4,0,0,,5,,2,,0,,0,0,0,0,,0,8,1,1,0,0,0,1,1,0,0,42,56,46,5,4,13,15,2,0,0,0,5,,3,,1,4,0,0,0,0,0,0,0,0,,,1,42,67,41,24,2,2,0,0
CHN189806230,box,1898-06-23,0,CHI08,R,0,BSN,CHN,1,1,0,0,1,,39,5,11,13,2,0,0,,3,,3,,,,0,1,0,3,,0,8,1,1,0,0,0,1,1,0,0,30,39,32,4,1,5,5,0,0,0,0,6,,,,0,1,0,0,0,0,0,0,0,0,,,1,30,50,30,17,3,3,0,1
PIT189806240,box,1898-06-24,0,PIT05,R,0,BSN,PIT,1,0,1,0,1,,43,2,10,10,0,0,0,,1,,3,,1,,1,0,0,2,,0,9,1,1,1,0,0,0,0,1,0,35,49,46,3,2,14,19,1,2,0,0,3,,3,,0,0,0,0,0,0,0,0,0,0,,,1,35,57,34,20,3,1,0,0
PIT189806250,box,1898-06-25,0,PIT05,R,0,BSN,PIT,1,1,0,0,1,,32,2,8,8,0,0,0,,1,,3,,3,,1,4,0,0,,0,11,1,1,1,1,0,0,1,0,0,27,35,33,0,0,6,7,1,0,0,0,1,,3,,1,0,0,0,0,0,0,0,0,0,,,1,27,44,27,15,2,0,0,0
PIT189806270,box,1898-06-27,0,PIT05,R,0,BSN,PIT,1,0,1,0,1,,35,0,8,8,0,0,0,,0,,1,,3,,0,0,0,0,,0,9,1,1,1,0,0,0,0,1,0,24,35,29,2,2,7,8,1,0,0,0,4,,3,,0,2,0,0,0,0,0,0,0,0,,,1,24,30,24,6,0,0,0,1
PIT189806280,box,1898-06-28,0,PIT05,R,0,BSN,PIT,1,1,0,0,1,,39,6,14,16,0,1,0,,6,,0,0,6,,0,3,0,2,,0,9,1,1,1,0,0,0,1,0,0,27,40,34,5,2,8,10,0,1,0,0,4,,4,,2,0,0,0,0,0,0,0,0,0,,,1,27,41,27,11,3,1,0,0
CL4189806290,box,1898-06-29,0,CLE05,R,0,BSN,CL4,1,0,1,0,1,,32,0,10,10,0,0,0,,0,,2,,0,,0,0,0,2,,0,7,1,1,1,0,0,0,0,1,0,24,33,28,3,3,6,8,2,0,0,0,3,,0,,0,2,0,0,0,0,0,0,0,0,,,1,24,38,24,14,0,0,0,0
CL4189806300,box,1898-06-30,0,CLE05,R,0,BSN,CL4,1,1,0,0,1,,43,10,15,21,4,1,0,,9,,1,,1,,0,2,0,1,,0,9,1,1,0,0,0,1,1,0,1,27,43,33,5,4,7,11,1,0,1,0,7,,2,,1,2,0,0,0,0,0,0,0,0,,,1,27,53,27,20,6,1,0,0
CL4189807010,box,1898-07-01,0,CLE05,R,0,BSN,CL4,1,0,1,0,1,,39,6,10,14,4,0,0,,4,,2,,0,,1,0,0,0,,0,9,1,1,0,0,0,1,0,1,0,27,50,42,12,9,16,20,1,0,1,0,7,,4,,0,1,0,0,1,0,0,0,0,0,,,1,27,45,27,14,4,0,0,0
CL4189807020,box,1898-07-02,0,CLE05,R,0,BSN,CL4,1,0,1,0,1,,33,1,6,6,0,0,0,,1,,2,,1,,0,0,0,0,,0,7,1,1,1,0,0,0,0,1,0,27,42,34,8,7,8,13,2,0,1,0,5,,2,,1,2,0,0,1,0,0,0,0,0,,,1,27,42,27,13,2,0,0,0
NY1189807041,box,1898-07-04,1,NYC10,R,0,BSN,NY1,1,1,0,0,1,,41,6,12,13,1,0,0,,4,,1,,6,,0,0,0,2,,0,9,1,1,0,0,0,1,1,0,1,27,37,32,5,5,8,9,1,0,0,0,3,,3,,2,0,0,0,0,0,0,0,0,0,,,1,27,39,27,12,0,0,0,0
NY1189807042,box,1898-07-04,2,NYC10,R,0,BSN,NY1,1,1,0,0,1,,31,10,17,24,2,1,1,,8,,1,,,,0,2,0,0,,0,6,1,1,1,0,0,0,1,0,0,18,27,24,3,3,6,9,0,0,1,0,2,,,,1,0,0,0,2,0,0,0,0,0,,,1,18,30,18,12,0,0,0,0
NY1189807050,box,1898-07-05,0,NYC10,R,0,BSN,NY1,1,1,0,0,1,,35,5,9,9,0,0,0,,3,,4,,,,0,1,0,0,,0,8,1,1,1,0,0,0,1,0,0,27,39,33,2,2,4,5,1,0,0,0,5,,,,1,0,0,0,0,0,0,0,0,0,,,1,27,42,27,13,2,0,0,2
BRO189807060,box,1898-07-06,0,NYC12,R,0,BSN,BRO,1,1,0,0,1,,29,5,6,11,0,1,1,,5,,3,0,4,0,0,5,0,1,0,0,5,1,1,1,0,0,0,1,0,0,27,32,29,3,2,5,5,0,0,0,0,1,0,3,1,0,1,0,1,0,0,0,0,0,0,,,1,27,43,27,16,0,1,0,0
PHI189807070,box,1898-07-07,0,PHI09,R,0,BSN,PHI,1,0,1,0,1,,36,5,8,9,1,0,0,,3,,0,0,1,,0,0,0,0,,0,4,1,1,1,0,0,0,0,1,0,24,36,31,6,1,7,7,0,0,0,0,5,,6,,0,0,0,0,0,0,0,0,0,0,,,1,24,39,24,11,4,0,0,0
PHI189807080,box,1898-07-08,0,PHI09,R,0,BSN,PHI,1,0,1,0,1,,29,0,0,0,0,0,0,,0,,2,,1,,0,0,0,0,,0,4,1,1,1,0,0,0,0,1,0,24,39,28,5,5,7,8,1,0,0,0,8,,7,,2,1,0,0,0,0,0,0,0,0,,,1,24,32,24,7,1,0,0,1
PHI189807090,box,1898-07-09,0,PHI09,R,0,BSN,PHI,1,1,0,0,1,,38,2,10,15,1,2,0,,2,,0,0,2,,0,0,0,0,,0,9,1,1,1,0,0,0,1,0,0,27,33,28,1,0,3,5,2,0,0,0,2,,1,,2,1,0,0,0,0,0,0,0,0,,,1,27,38,27,10,1,1,0,0
BSN189807110,box,1898-07-11,0,BOS05,R,1,BSN,LS3,1,1,0,0,1,,33,5,8,11,0,0,1,,3,,4,0,,0,1,0,0,2,0,0,9,1,1,1,0,0,0,1,0,0,27,33,30,1,1,6,6,0,0,0,0,2,0,,1,0,1,0,0,0,0,0,0,0,0,,,1,27,40,27,13,0,1,0,0
BSN189807120,box,1898-07-12,0,BOS05,R,1,BSN,LS3,1,1,0,0,1,,32,6,10,10,0,0,0,,6,,2,,1,,0,2,0,2,,0,6,1,1,1,0,0,0,1,0,0,27,32,32,2,1,5,8,0,0,1,0,0,0,0,,0,0,0,0,0,0,0,0,0,0,,,1,27,40,27,11,2,1,0,0
BSN189807141,box,1898-07-14,1,BOS05,R,1,BSN,LS3,1,1,0,0,1,,32,9,13,17,2,1,0,,8,,7,,1,,0,2,0,0,,0,8,1,1,1,0,0,0,1,0,0,27,36,33,1,0,7,9,0,1,0,0,2,,0,,0,1,0,0,0,0,0,0,0,0,,,1,27,37,27,9,1,1,0,0
BSN189807142,box,1898-07-14,2,BOS05,R,1,BSN,LS3,1,1,0,0,1,,44,8,11,12,1,0,0,,7,,3,,,,2,1,0,1,,0,7,1,1,0,0,0,1,1,0,0,36,52,48,7,7,18,21,3,0,0,0,2,,,,0,2,0,0,1,0,0,0,0,0,,,1,36,57,36,20,1,0,0,0
BSN189807150,box,1898-07-15,0,BOS05,R,1,BSN,PIT,1,0,1,0,1,,34,0,7,8,1,0,0,,0,,2,,0,,0,0,0,1,,0,9,1,1,1,0,0,0,0,1,0,27,39,34,6,3,9,10,1,0,0,0,2,,,,0,3,0,0,0,0,0,0,0,0,,,1,27,42,27,11,4,0,0,3
BSN189807160,box,1898-07-16,0,BOS05,R,1,BSN,PIT,1,1,0,0,1,,33,8,11,20,1,1,2,,8,,6,,1,,1,1,0,1,,0,9,1,1,1,0,0,0,1,0,0,27,38,36,5,2,8,10,2,0,0,0,1,,5,,1,0,0,0,1,0,0,0,0,0,,,1,27,42,27,10,5,1,0,0
BSN189807180,box,1898-07-18,0,BOS05,R,1,BSN,PIT,1,1,0,0,1,,34,6,12,15,1,1,0,,5,,1,,,,0,1,0,3,,0,6,1,1,1,0,0,0,1,0,0,27,37,33,2,2,7,7,0,0,0,0,3,,,,1,0,0,0,0,0,0,0,0,0,,,1,27,33,27,6,0,0,0,0
BSN189807190,box,1898-07-19,0,BOS05,R,1,BSN,PIT,1,0,1,0,1,,36,3,10,12,2,0,0,,3,,0,0,2,,0,1,0,0,,0,7,1,1,0,0,0,1,0,1,0,27,38,34,6,5,9,15,0,0,2,0,2,,1,,0,2,0,0,0,0,0,0,0,0,,,1,27,43,27,14,2,0,0,0
BSN189807200,box,1898-07-20,0,BOS05,R,1,BSN,SLN,1,1,0,0,1,,32,7,11,11,0,0,0,,5,,2,,,,0,3,0,2,,0,6,1,1,1,0,0,0,1,0,0,27,36,31,4,4,6,9,1,1,0,0,4,,0,,0,1,0,0,1,0,0,0,0,0,,,1,27,39,27,12,0,0,0,1
BSN189807210,box,1898-07-21,0,BOS05,R,1,BSN,SLN,1,1,0,0,1,,20,7,7,9,2,0,0,,7,,7,,,,1,1,0,3,,0,6,1,1,1,0,0,0,1,0,0,18,22,19,1,1,2,3,1,0,0,0,1,,,,2,0,0,0,0,0,0,0,0,0,,,1,18,21,18,3,0,0,0,0
BSN189807220,box,1898-07-22,0,BOS05,R,1,BSN,SLN,1,1,0,0,1,,30,8,8,9,1,0,0,,6,,8,,3,,1,2,0,1,,0,9,1,1,1,0,0,0,1,0,0,27,38,34,2,2,7,7,0,0,0,0,4,,4,,0,0,0,0,0,0,0,0,0,0,,,1,27,42,27,14,1,0,0,0
BRO189807230,box,1898-07-23,0,NYC12,R,0,BSN,BRO,1,1,0,0,1,,30,4,9,10,1,0,0,,4,,2,0,4,0,1,3,0,0,3,0,5,1,1,1,0,0,0,1,0,0,27,34,33,3,1,5,5,0,0,0,0,0,0,2,0,0,1,0,0,1,0,0,0,0,0,,,1,27,43,27,12,4,0,0,0
BRO189807250,box,1898-07-25,0,NYC12,R,0,BSN,BRO,1,0,1,0,1,,33,2,8,10,0,1,0,,2,,2,0,,0,0,0,0,0,1,0,6,1,1,1,0,0,0,0,1,0,24,36,29,4,3,7,10,1,1,0,0,6,0,3,1,0,1,0,0,1,0,0,0,0,0,,,1,24,37,24,11,2,1,0,0
BRO189807260,box,1898-07-26,0,NYC12,R,0,BSN,BRO,1,1,0,0,1,,37,6,10,13,3,0,0,,5,,3,0,2,0,0,1,0,3,0,0,8,1,1,1,0,0,0,1,0,0,27,30,29,1,0,3,3,0,0,0,0,1,0,1,1,0,0,0,0,0,0,0,0,0,0,,,1,27,40,27,11,2,1,0,0
SLN189807280,box,1898-07-28,0,STL05,R,0,BSN,SLN,1,1,0,0,1,,39,6,11,15,1,0,1,,4,,2,,,,0,0,0,1,,0,8,1,1,1,0,0,0,1,0,0,27,36,35,2,0,7,8,1,0,0,0,1,,,,0,0,0,0,0,0,0,0,0,0,,,1,27,40,27,11,2,0,0,0
SLN189807300,box,1898-07-30,0,STL05,R,0,BSN,SLN,1,1,0,0,1,,35,4,10,12,2,0,0,,4,,1,,,,0,0,0,0,,0,8,1,1,1,0,0,0,1,0,0,27,40,36,2,2,8,8,0,0,0,0,4,,,,0,0,0,0,0,0,0,0,0,0,,,1,27,33,27,4,2,0,0,2
SLN189808011,box,1898-08-01,1,STL05,R,0,BSN,SLN,1,1,0,0,1,,37,4,9,9,0,0,0,,4,,0,0,,,0,2,0,2,,0,8,1,1,1,0,0,0,1,0,0,27,37,33,3,3,5,7,0,1,0,0,4,,,,0,0,0,0,0,0,0,0,0,0,,,1,27,43,27,13,3,0,0,0
SLN189808012,box,1898-08-01,2,STL05,R,0,BSN,SLN,1,0,1,0,1,,29,1,3,4,1,0,0,,1,,1,,,,0,0,0,0,,0,2,1,1,1,0,0,0,0,1,0,24,35,30,3,3,8,12,4,0,0,0,4,,,,0,1,0,0,0,0,0,0,0,0,,,1,24,31,24,6,1,0,0,0
LS3189808020,box,1898-08-02,0,LOU03,R,0,BSN,LS3,1,0,0,1,1,,36,1,6,6,0,0,0,,1,,4,,0,,1,2,0,1,,0,6,1,1,1,0,0,0,0,0,0,36,43,42,1,0,7,7,0,0,0,0,1,,2,,0,0,0,0,0,0,0,0,0,0,,,1,36,54,35,17,2,0,0,0
LS3189808030,box,1898-08-03,0,LOU03,R,0,BSN,LS3,1,0,1,0,1,,21,1,3,3,0,0,0,,1,,4,,,,0,0,0,0,,0,3,1,1,1,0,0,0,0,1,0,21,29,26,2,1,4,4,0,0,0,0,1,,0,,2,0,0,0,0,0,0,0,0,0,,,1,21,34,21,10,3,0,0,1
LS3189808041,box,1898-08-04,1,LOU03,R,0,BSN,LS3,1,0,1,0,1,,37,4,12,15,3,0,0,,4,,2,,,,0,0,0,2,,0,8,1,1,1,0,0,0,0,1,0,24,42,37,11,10,15,27,1,4,1,0,3,,0,,1,1,0,0,0,0,0,0,0,0,,,1,24,34,24,8,2,0,0,1
LS3189808042,box,1898-08-04,2,LOU03,R,0,BSN,LS3,1,1,0,0,1,,36,8,12,15,3,0,0,,7,,3,,,,0,2,0,0,,0,6,1,1,1,0,0,0,1,0,0,27,37,35,4,3,9,12,0,0,1,0,2,,,,0,0,0,0,0,0,0,0,0,0,,,1,27,44,27,14,3,1,0,0
LS3189808050,box,1898-08-05,0,LOU03,R,0,BSN,LS3,1,0,1,0,1,,34,2,5,7,0,1,0,,1,,3,,0,,0,0,0,0,,0,8,1,1,1,0,0,0,0,1,0,24,32,30,4,4,7,7,0,0,0,0,2,,1,,0,0,0,0,0,0,0,0,0,0,,,1,24,29,24,5,0,1,0,0
CIN189808060,box,1898-08-06,0,CIN05,R,0,BSN,CIN,1,0,1,0,1,,36,1,9,11,2,0,0,,1,,0,0,,1,0,0,0,1,0,0,8,1,1,1,0,0,0,0,1,0,26,35,29,2,2,4,5,1,0,0,0,4,0,,0,2,0,0,0,0,0,0,0,0,0,,,1,26,36,26,10,0,0,0,1
CIN189808090,box,1898-08-09,0,CIN05,R,0,BSN,CIN,1,1,0,0,1,,34,8,10,14,2,1,0,,8,,3,,0,,2,1,0,0,,0,5,1,1,1,1,0,0,1,0,0,27,29,29,0,0,5,5,0,0,0,0,0,0,,,0,0,0,0,0,0,0,0,0,0,,,1,27,37,27,10,0,2,0,0
CIN189808101,box,1898-08-10,1,CIN05,R,0,BSN,CIN,1,1,0,0,1,,35,7,11,14,3,0,0,,7,,3,,0,,0,1,0,0,,0,5,1,1,1,0,0,0,1,0,0,27,38,38,4,1,10,12,2,0,0,0,0,0,,,0,0,0,0,0,0,0,0,0,0,,,1,27,45,27,12,6,1,0,0
CIN189808102,box,1898-08-10,2,CIN05,R,0,BSN,CIN,1,1,0,0,1,,34,6,8,10,0,1,0,,5,,3,,,,1,0,0,0,,0,8,1,1,0,0,0,1,1,0,1,27,41,38,5,3,10,12,2,0,0,0,3,,,,0,0,0,0,0,0,0,0,0,0,,,1,27,42,27,12,3,0,0,0
BSN189808120,box,1898-08-12,0,BOS05,R,1,BSN,CL4,1,1,0,0,1,,31,8,10,12,2,0,0,,6,,2,,0,,1,2,0,0,,0,4,1,1,1,0,0,0,1,0,0,27,35,33,2,1,7,10,0,0,1,0,2,,1,,0,0,0,0,0,0,0,0,0,0,,,1,27,43,27,15,1,1,0,1
BSN189808130,box,1898-08-13,0,BOS05,R,1,BSN,CL4,1,1,0,0,1,,31,5,11,12,1,0,0,,4,,1,,1,,0,1,0,1,,0,4,1,1,1,0,0,0,1,0,0,27,32,31,2,2,6,6,0,0,0,0,1,,1,,0,0,0,0,0,0,0,0,0,0,,,1,27,46,27,17,2,3,0,0
BSN189808151,box,1898-08-15,1,BOS05,R,1,BSN,CL4,1,1,0,0,1,,37,4,10,20,1,0,3,,4,,0,0,,0,1,1,0,1,1,0,7,1,1,1,0,0,0,1,0,0,30,39,32,3,3,5,8,3,0,0,0,5,0,,0,1,1,0,0,0,0,0,0,0,0,,,1,30,47,30,17,0,1,0,0
BSN189808152,box,1898-08-15,2,BOS05,R,1,BSN,CL4,1,1,0,0,1,,28,6,7,7,0,0,0,,5,,5,0,2,0,1,3,0,3,0,0,7,1,1,1,1,0,0,1,0,0,27,31,30,0,0,4,4,0,0,0,0,1,0,6,0,0,0,0,0,0,0,0,0,0,0,,,1,27,41,27,14,0,0,0,0
BSN189808160,box,1898-08-16,0,BOS05,R,1,BSN,CHN,1,1,0,0,1,,31,5,7,9,0,1,0,,4,,1,,,,0,0,0,0,,0,3,1,1,0,0,0,1,1,0,0,27,36,33,4,2,9,10,1,0,0,0,1,,,,1,1,0,0,0,0,0,0,0,0,,,1,27,40,27,10,3,2,0,0
BSN189808170,box,1898-08-17,0,BOS05,R,1,BSN,CHN,1,1,0,0,1,,30,6,9,14,2,0,1,,5,,2,,2,,0,1,0,0,,0,6,1,1,1,0,0,0,1,0,0,21,28,26,2,2,4,4,0,0,0,0,2,,2,,0,0,0,0,0,0,0,0,0,0,,,1,21,34,21,12,1,0,0,2
BSN189808180,box,1898-08-18,0,BOS05,R,1,BSN,CHN,1,1,0,0,1,,38,10,18,25,2,1,1,,8,,1,,1,,0,1,0,2,,0,6,1,1,0,1,1,1,1,0,1,27,29,26,0,0,2,2,0,0,0,0,3,,0,,0,0,0,0,0,0,0,0,0,0,,,1,27,45,27,17,1,3,0,0
BSN189808200,box,1898-08-20,0,BOS05,R,1,BSN,CIN,1,1,0,0,1,,30,2,9,12,3,0,0,,2,,0,0,0,,0,1,0,0,,0,5,1,1,0,0,0,1,1,0,1,27,39,31,1,1,4,4,0,0,0,0,8,,1,,0,0,0,0,0,0,0,0,0,0,,,1,27,41,27,12,2,2,0,0
BSN189808221,box,1898-08-22,1,BOS05,R,1,BSN,CIN,1,0,1,0,1,,34,2,8,10,2,0,0,,2,,4,,3,,1,1,0,1,,0,11,1,1,0,0,0,1,0,1,0,27,39,38,7,5,10,14,2,1,0,0,1,,4,,0,0,0,0,0,0,0,0,0,0,,,1,27,41,27,10,4,0,0,0
BSN189808222,box,1898-08-22,2,BOS05,R,1,BSN,CIN,1,0,0,1,1,,30,5,8,10,2,0,0,,5,,1,,,,0,1,0,0,,0,6,1,1,1,0,0,0,0,0,0,21,34,30,5,5,10,17,4,0,1,0,3,,,,0,1,0,0,0,0,0,0,0,0,,,1,21,31,21,10,0,0,0,0
CHN189808240,box,1898-08-24,0,CHI08,R,0,BSN,CHN,1,0,1,0,1,,32,1,4,5,1,0,0,,1,,1,,,,0,1,0,0,,0,6,1,1,1,0,0,0,0,1,0,24,31,27,2,1,5,5,0,0,0,0,3,,,,0,1,0,0,0,0,0,0,0,0,,,1,24,39,24,12,3,0,0,0
CHN189808250,box,1898-08-25,0,CHI08,R,0,BSN,CHN,1,0,1,0,1,,32,2,6,7,1,0,0,,2,,0,0,1,,0,0,0,1,,0,3,1,1,0,0,0,1,0,1,0,24,39,35,9,7,10,17,1,3,0,0,2,,2,,1,1,0,0,1,1,0,0,0,0,,,1,24,38,24,11,3,0,0,1
CHN189808260,box,1898-08-26,0,CHI08,R,0,BSN,CHN,1,0,1,0,1,,36,2,6,8,2,0,0,,1,,1,,1,,0,0,0,0,,0,8,1,1,1,0,0,0,0,1,0,24,30,28,3,0,4,4,0,0,0,0,2,,3,,0,0,0,0,0,0,0,0,0,0,,,1,24,38,24,12,2,1,0,0
PIT189808270,box,1898-08-27,0,PIT05,R,0,BSN,PIT,1,0,1,0,1,,32,1,5,8,1,1,0,,1,,3,,0,,0,0,0,0,,0,7,1,1,1,0,0,0,0,1,0,24,38,34,6,4,10,19,2,2,1,0,1,,,,0,3,0,0,0,0,0,0,0,0,,,1,24,42,24,14,4,0,0,0
PIT189808290,box,1898-08-29,0,PIT05,R,0,BSN,PIT,1,1,0,0,1,,39,8,12,14,2,0,0,,6,,2,,0,,0,1,0,3,,0,7,1,1,1,0,0,0,1,0,0,27,36,34,2,1,8,11,1,1,0,0,1,,4,,0,1,0,0,0,0,0,0,0,0,,,1,27,39,27,11,1,0,0,0
PIT189808300,box,1898-08-30,0,PIT05,R,0,BSN,PIT,1,1,0,0,1,,44,8,14,15,1,0,0,,6,,4,,2,,0,0,0,4,,0,13,1,1,1,1,0,0,1,0,0,27,32,30,0,0,4,6,0,1,0,0,2,,2,,0,0,0,0,0,0,0,0,0,0,,,1,27,44,27,17,0,1,0,0
BSN189808310,box,1898-08-31,0,BOS05,R,1,BSN,CL4,1,0,1,0,1,,31,2,6,9,0,0,1,,2,,2,,,,0,1,0,1,,0,5,1,1,1,0,0,0,0,1,0,27,38,37,5,2,9,9,0,0,0,0,1,,,,0,0,0,0,0,0,0,0,0,0,,,1,27,41,27,12,2,0,0,0
BSN189809010,box,1898-09-01,0,BOS05,R,1,BSN,CL4,1,0,1,0,1,,30,2,4,7,0,0,1,,2,,0,0,,,0,0,0,0,,0,1,1,1,1,0,0,0,0,1,0,27,34,30,3,2,4,4,0,0,0,0,4,,,,0,0,0,0,0,0,0,0,0,0,,,1,27,38,27,10,1,0,0,0
BSN189809020,box,1898-09-02,0,BOS05,R,1,BSN,CL4,1,0,0,1,1,,40,6,10,14,1,0,1,,6,,5,0,,0,0,2,0,2,1,0,11,1,1,0,0,0,1,0,0,0,30,49,38,6,2,9,11,0,1,0,0,7,0,,1,1,3,0,0,0,0,0,0,0,0,,,1,30,51,30,16,5,1,0,0
NY1189809030,box,1898-09-03,0,NYC10,R,0,BSN,NY1,1,1,0,0,1,,34,6,6,10,2,1,0,,6,,4,,,,1,0,0,0,,0,6,1,1,1,0,0,0,1,0,0,27,36,33,5,3,7,13,1,1,1,0,3,,,,0,0,0,0,0,0,0,0,0,0,,,1,27,39,27,9,3,0,0,0
BSN189809051,box,1898-09-05,1,BOS05,R,1,BSN,WSN,1,1,0,0,1,,26,2,7,10,0,0,1,,2,,2,0,1,1,0,2,0,0,0,0,5,1,1,1,0,0,0,1,0,0,27,33,31,1,0,6,6,0,0,0,0,1,0,8,2,0,1,0,0,0,0,0,0,0,0,,,1,27,44,27,14,3,2,0,0
BSN189809052,box,1898-09-05,2,BOS05,R,1,BSN,WSN,1,1,0,0,1,,34,6,10,17,2,1,1,,5,,2,0,,0,0,1,0,1,0,0,7,1,1,1,0,0,0,1,0,0,27,35,34,2,2,6,7,1,0,0,0,1,0,2,0,0,0,0,0,0,0,0,0,0,0,,,1,27,41,27,12,2,1,0,1
BSN189809060,box,1898-09-06,0,BOS05,R,1,BSN,WSN,1,1,0,0,1,,38,9,11,13,0,1,0,,5,,3,,3,,0,1,0,3,,0,9,1,1,1,0,0,0,1,0,0,27,35,34,5,0,7,10,0,0,1,0,1,,2,,0,0,0,0,0,0,0,0,0,0,,,1,27,41,27,12,2,1,0,0
BSN189809070,box,1898-09-07,0,BOS05,R,1,BSN,WSN,1,1,0,0,1,,30,5,9,10,1,0,0,,5,,3,,2,,0,1,0,2,,0,5,1,1,1,0,0,0,1,0,0,27,34,30,1,1,5,5,0,0,0,0,1,,,,2,1,0,0,0,0,0,0,0,0,,,1,27,42,27,13,2,2,0,0
BSN189809080,box,1898-09-08,0,BOS05,R,1,BSN,NY1,1,1,0,0,1,,30,6,12,16,2,1,0,,5,,5,0,5,0,0,1,0,1,2,0,6,1,1,1,0,0,0,1,0,0,27,35,31,1,1,5,7,0,1,0,0,1,0,,1,3,0,0,0,0,0,0,0,0,0,,,1,27,34,27,7,0,1,0,1
BSN189809090,box,1898-09-09,0,BOS05,R,1,BSN,NY1,1,1,0,0,1,,31,3,8,10,2,0,0,,3,,1,0,,0,0,0,0,0,1,0,5,1,1,1,1,0,0,1,0,0,27,34,32,0,0,6,6,0,0,0,0,2,0,,2,0,0,0,0,0,0,0,0,0,0,,,1,27,52,27,21,4,2,0,1
BSN189809100,box,1898-09-10,0,BOS05,R,1,BSN,NY1,1,1,0,0,1,,34,8,13,17,1,0,1,,8,,3,,0,,0,1,0,2,,0,6,1,1,1,0,0,0,1,0,0,27,40,36,6,6,10,13,0,0,1,0,3,,3,,1,0,0,0,0,0,0,0,0,0,,,1,27,38,27,11,0,0,0,0
PHI189809120,box,1898-09-12,0,PHI09,R,0,BSN,PHI,1,1,0,0,1,,31,7,8,10,2,0,0,,6,,5,,3,,0,2,0,4,,0,7,1,1,1,0,0,0,1,0,0,24,35,27,1,1,5,6,1,0,0,0,6,,2,,0,2,0,0,0,0,0,0,0,0,,,1,24,35,24,10,1,0,0,0
PHI189809130,box,1898-09-13,0,PHI09,R,0,BSN,PHI,1,0,1,0,1,,34,3,9,11,0,1,0,,3,,4,,2,,0,0,0,0,,0,8,1,1,1,0,0,0,0,1,0,24,33,31,5,2,6,9,1,1,0,0,1,,2,,0,1,0,0,0,0,0,0,0,0,,,1,24,45,24,17,4,0,0,0
BSN189809140,box,1898-09-14,0,BOS05,R,1,BSN,SLN,1,1,0,0,1,,37,11,16,18,2,0,0,,8,,3,,2,,0,3,0,0,,0,8,1,1,1,0,0,0,1,0,0,27,35,34,2,2,7,7,0,0,0,0,1,,6,,0,0,0,0,0,0,0,0,0,0,,,1,27,38,27,8,3,1,0,1
BSN189809151,box,1898-09-15,1,BOS05,R,1,BSN,SLN,1,1,0,0,1,,30,4,9,9,0,0,0,,4,,3,,0,,0,2,0,2,,0,7,1,1,1,0,0,0,1,0,0,27,33,31,1,0,3,3,0,0,0,0,2,,0,,0,0,0,0,0,0,0,0,0,0,,,1,27,42,27,11,4,1,0,0
BSN189809152,box,1898-09-15,2,BOS05,R,1,BSN,SLN,1,1,0,0,1,,34,10,13,17,4,0,0,,6,,2,,0,,0,3,0,1,,0,5,1,1,1,1,0,0,1,0,0,27,34,31,0,0,5,5,0,0,0,0,3,,5,,0,0,0,0,0,0,0,0,0,0,,,1,27,36,27,8,1,1,0,1
BSN189809160,box,1898-09-16,0,BOS05,R,1,BSN,SLN,1,1,0,0,1,,40,10,15,30,3,0,4,,10,,0,0,0,,0,0,0,0,,0,6,1,1,1,0,0,0,1,0,0,27,36,34,2,2,8,11,1,1,0,0,1,,1,,1,0,0,0,0,0,0,0,0,0,,,1,27,41,27,14,0,1,0,0
BSN189809170,box,1898-09-17,0,BOS05,R,1,BSN,LS3,1,0,1,0,1,,31,2,7,8,1,0,0,,2,,3,,0,,0,0,0,0,,0,5,1,1,1,0,0,0,0,1,0,27,37,35,4,4,9,11,2,0,0,0,1,,3,,0,1,0,0,0,0,0,0,0,0,,,1,27,42,27,14,1,0,0,1
BSN189809190,box,1898-09-19,0,BOS05,R,1,BSN,LS3,1,1,0,0,1,,33,7,11,14,3,0,0,,6,,7,,,,0,2,0,2,,0,11,1,1,1,0,0,0,1,0,0,27,29,28,1,1,4,6,0,1,0,0,0,0,2,,1,0,0,0,0,0,0,0,0,0,,,1,27,38,27,11,0,3,0,0
BSN189809200,box,1898-09-20,0,BOS05,R,1,BSN,LS3,1,1,0,0,1,,51,24,29,35,6,0,0,,23,,5,,2,,1,2,0,5,,0,11,1,1,0,0,0,1,1,0,0,27,38,34,4,4,8,12,1,0,1,0,4,,1,,0,0,0,0,0,0,0,0,0,0,,,1,27,38,27,11,0,1,0,0
BSN189809210,box,1898-09-21,0,BOS05,R,1,BSN,PIT,1,1,0,0,1,,28,7,9,12,0,0,1,,6,,8,,,,1,4,0,2,,0,10,1,1,1,0,0,0,1,0,0,27,35,32,3,3,8,11,1,1,0,0,2,,,,0,1,0,0,0,0,0,0,0,0,,,1,27,40,27,12,1,1,0,1
BSN189809220,box,1898-09-22,0,BOS05,R,1,BSN,PIT,1,1,0,0,1,,36,8,16,18,2,0,0,,8,,2,,,,0,3,0,2,,0,9,1,1,1,0,0,0,1,0,0,27,30,29,1,1,3,5,0,1,0,0,1,,,,0,0,0,0,0,0,0,0,0,0,,,1,27,39,27,12,0,1,0,0
BSN189809230,box,1898-09-23,0,BOS05,R,1,BSN,PIT,1,1,0,0,1,,33,2,8,9,1,0,0,,2,,2,,1,,0,0,0,0,,0,8,1,1,1,0,0,0,1,0,0,27,36,30,1,1,4,7,0,0,1,0,6,,1,,0,0,0,0,0,0,0,0,0,0,,,1,27,34,27,6,1,0,0,0
BSN189809261,box,1898-09-26,1,BOS05,R,1,BSN,BRO,1,1,0,0,1,,37,10,13,22,4,1,1,,10,,2,,0,,1,2,0,0,,0,8,1,1,1,0,0,0,1,0,0,27,42,37,5,5,9,14,1,2,0,0,5,,1,,0,0,0,0,0,0,0,0,0,0,,,1,27,44,27,13,4,1,0,0
BSN189809262,box,1898-09-26,2,BOS05,R,1,BSN,BRO,1,1,0,0,1,,18,3,3,4,1,0,0,,3,,4,,4,,0,1,0,0,,0,2,1,1,1,0,0,0,1,0,0,21,30,27,2,0,7,10,3,0,0,0,1,,5,,0,2,0,0,0,0,0,0,0,0,,,1,21,34,21,9,4,0,0,1
BSN189809270,box,1898-09-27,0,BOS05,R,1,BSN,BRO,1,1,0,0,1,,28,3,7,8,1,0,0,,3,,2,,,,0,1,0,0,,0,4,1,1,1,0,0,0,1,0,0,27,38,32,1,1,6,7,1,0,0,0,6,,,,0,0,0,0,0,0,0,0,0,0,,,1,27,41,27,11,3,1,0,1
BSN189809280,box,1898-09-28,0,BOS05,R,1,BSN,BRO,1,0,1,0,1,,32,2,8,11,0,0,1,,4,,8,,,,0,0,0,1,,0,11,1,1,0,0,0,1,0,1,0,27,40,36,5,5,11,17,1,1,1,0,3,,,,0,1,0,0,0,0,0,0,0,0,,,1,27,33,27,5,1,1,0,0
BSN189809290,box,1898-09-29,0,BOS05,R,1,BSN,PHI,1,1,0,0,1,,40,11,14,22,0,1,2,,9,,4,,2,,0,1,0,1,,0,8,1,1,0,0,0,1,1,0,0,27,42,35,10,10,14,25,5,0,2,0,4,,1,,0,3,0,0,3,0,0,0,0,0,,,1,27,40,27,12,1,0,0,1
BSN189809300,box,1898-09-30,0,BOS05,R,1,BSN,PHI,1,1,0,0,1,,40,7,16,17,1,0,0,,5,,2,,1,,0,1,0,2,,0,12,1,1,1,0,0,0,1,0,0,27,38,36,3,2,11,13,2,0,0,0,2,,5,,0,0,0,0,1,0,0,0,0,0,,,1,27,36,27,8,1,2,0,0
BSN189810010,box,1898-10-01,0,BOS05,R,1,BSN,PHI,1,1,0,0,1,,32,5,9,11,0,1,0,,5,,1,,2,,0,0,0,0,,0,4,1,1,1,0,0,0,1,0,0,27,37,34,2,2,6,6,0,0,0,0,2,,3,,0,1,0,0,0,0,0,0,0,0,,,1,27,46,27,16,3,1,0,0
BSN189810030,box,1898-10-03,0,BOS05,R,1,BSN,BLN,1,1,0,0,1,,35,13,16,20,1,0,1,,12,,4,0,1,0,2,1,0,0,0,0,11,1,1,1,0,0,0,1,0,0,21,38,32,10,4,8,9,1,0,0,0,3,0,6,1,2,1,0,0,0,0,0,0,0,0,,,1,21,38,21,9,8,1,0,0
BSN189810040,box,1898-10-04,0,BOS05,R,1,BSN,BLN,1,1,0,0,1,,33,4,10,12,0,1,0,,2,,1,0,5,0,0,0,0,2,2,0,6,1,1,1,0,0,0,1,0,0,24,33,31,2,0,6,6,0,0,0,0,1,0,4,0,1,0,0,0,0,0,0,0,0,0,,,1,24,34,24,8,2,0,0,1
BRO189810060,box,1898-10-06,0,NYC12,R,0,BSN,BRO,1,1,0,0,1,,36,7,12,15,3,0,0,,5,,7,,0,,0,1,0,0,,0,10,1,1,1,0,0,0,1,0,0,27,39,33,4,4,7,11,0,2,0,0,5,,1,,1,0,0,0,1,0,0,0,0,0,,,1,27,44,27,17,0,1,0,0
BRO189810070,box,1898-10-07,0,NYC12,R,0,BSN,BRO,1,1,0,0,1,,36,7,12,14,2,0,0,,6,,5,0,1,0,0,2,0,2,0,0,12,1,1,1,0,0,0,1,0,0,24,35,27,2,1,3,3,0,0,0,0,7,0,4,0,0,1,0,0,0,0,0,0,0,0,,,1,24,34,24,9,1,0,0,0
WSN189810100,box,1898-10-10,0,WAS06,R,0,BSN,WSN,1,1,0,0,1,,39,8,12,22,1,3,1,,8,,2,0,8,0,0,0,0,4,0,0,9,1,1,1,0,0,0,1,0,0,27,34,32,2,1,7,8,1,0,0,0,2,0,2,1,0,0,0,0,0,0,0,0,0,0,,,1,27,44,27,16,1,1,0,0
WSN189810110,box,1898-10-11,0,WAS06,R,0,BSN,WSN,1,1,0,0,1,,43,14,20,25,3,1,0,,12,,3,,0,,0,2,0,1,,0,10,1,1,1,0,0,0,1,0,0,27,37,34,5,5,7,10,1,1,0,0,3,,3,,0,0,0,0,0,0,0,0,0,0,,,1,27,37,27,9,1,0,0,1
WSN189810120,box,1898-10-12,0,WAS06,R,0,BSN,WSN,1,0,1,0,1,,34,1,5,6,1,0,0,,1,,1,0,,0,0,0,0,0,1,0,7,1,1,1,0,0,0,0,1,0,27,48,42,10,9,18,22,1,0,1,0,5,0,,0,1,0,0,0,0,0,0,0,0,0,,,1,27,39,26,11,2,1,0,0
BLN189810130,box,1898-10-13,0,BAL07,R,0,BSN,BLN,1,0,1,0,1,,35,5,8,8,0,0,0,,4,,1,,3,,0,0,0,0,,0,4,1,1,1,0,0,0,0,1,0,24,33,28,6,4,5,7,0,1,0,0,4,,2,,1,0,0,0,0,0,0,0,0,0,,,1,24,45,24,15,6,0,0,0
BLN189810150,box,1898-10-15,0,BAL07,R,0,BSN,BLN,1,1,0,0,1,,45,10,13,20,5,1,0,,7,,1,,1,,0,1,0,2,,0,10,1,1,0,0,0,1,1,0,1,27,44,40,8,6,14,17,1,1,0,0,4,,5,,0,0,0,0,0,0,0,0,0,0,,,1,27,44,27,16,1,0,0,2
SLN189804150,box,1898-04-15,0,STL05,R,0,CHN,SLN,1,1,0,0,1,,33,2,7,12,1,2,0,,2,,1,0,,0,0,1,0,2,0,0,6,1,1,1,0,0,0,1,0,0,27,30,29,1,1,4,4,0,0,0,0,1,0,,0,0,0,0,0,0,0,0,0,0,0,,,1,27,40,27,12,1,0,0,0
SLN189804170,box,1898-04-17,0,STL05,R,0,CHN,SLN,1,1,0,0,1,,44,14,13,28,3,6,0,,12,,2,,0,,1,0,0,1,,0,6,1,1,1,0,0,0,1,0,0,27,37,34,1,1,6,8,0,1,0,0,2,,,,1,0,0,0,0,0,0,0,0,0,,,1,27,41,27,12,2,0,0,0
LS3189804200,box,1898-04-20,0,LOU03,R,0,CHN,LS3,1,0,1,0,1,,36,6,11,14,3,0,0,,4,,4,0,0,0,2,0,0,1,0,0,9,1,1,1,0,0,0,0,1,0,24,36,30,7,7,11,16,2,0,1,0,3,0,1,1,1,2,0,0,0,0,0,0,0,0,,,1,24,42,24,17,1,1,0,0
LS3189804210,box,1898-04-21,0,LOU03,R,0,CHN,LS3,1,1,0,0,1,,38,8,9,13,1,0,1,,7,,3,,,,1,0,0,2,,0,7,1,1,1,0,0,0,1,0,0,27,33,30,2,0,2,2,0,0,0,0,3,,2,,0,0,0,0,0,0,0,0,0,0,,,1,27,36,27,6,3,0,0,0
LS3189804220,box,1898-04-22,0,LOU03,R,0,CHN,LS3,1,1,0,0,1,,31,2,6,6,0,0,0,,1,,6,0,4,0,0,3,0,3,0,0,8,1,1,1,0,0,0,1,0,0,30,40,31,1,1,8,11,0,0,1,0,6,0,1,1,3,0,0,0,0,0,0,0,0,0,,,1,30,50,30,20,0,4,0,0
CIN189804250,box,1898-04-25,0,CIN05,R,0,CHN,CIN,1,1,0,0,1,,34,7,8,10,0,1,0,,5,,4,,4,,1,0,0,1,,0,8,1,1,1,0,0,0,1,0,0,27,38,32,4,4,7,10,3,0,0,0,4,,6,,2,0,0,0,0,0,0,0,0,0,,,1,27,39,27,11,1,0,0,0
CIN189804260,box,1898-04-26,0,CIN05,R,0,CHN,CIN,1,0,1,0,1,,37,2,10,12,2,0,0,,2,,0,0,0,,1,0,0,0,,0,9,1,1,1,0,0,0,0,1,0,25,35,32,3,2,9,13,2,1,0,0,1,,3,,0,2,0,0,0,0,0,0,0,0,,,1,25,40,25,13,2,0,0,0
CIN189804270,box,1898-04-27,0,CIN05,R,0,CHN,CIN,1,0,1,0,1,,37,3,11,12,1,0,0,,3,,1,0,2,1,0,0,0,0,0,0,8,1,1,1,0,0,0,0,1,0,24,34,29,5,5,8,11,3,0,0,0,1,0,0,1,1,3,0,0,0,0,0,0,0,0,,,1,24,43,24,17,2,1,0,0
CHN189804290,box,1898-04-29,0,CHI08,R,1,CHN,LS3,1,1,0,0,1,,40,16,16,19,1,1,0,,13,,7,,1,,1,0,0,4,,0,8,1,1,1,0,0,0,1,0,0,27,36,34,2,0,7,9,2,0,0,0,2,,4,,0,0,0,0,0,0,0,0,0,0,,,1,27,31,26,4,1,0,0,0
CHN189805010,box,1898-05-01,0,CHI08,R,1,CHN,LS3,1,0,1,0,1,,38,3,9,12,3,0,0,,3,,2,,,,0,0,0,3,,0,7,1,1,1,0,0,0,0,1,0,30,40,39,4,3,10,11,1,0,0,0,1,,4,,0,0,0,0,1,0,0,0,0,0,,,1,30,44,30,13,1,1,0,0
CHN189805020,box,1898-05-02,0,CHI08,R,1,CHN,LS3,1,1,0,0,1,,42,13,19,23,4,0,0,,9,,2,,0,,0,1,0,2,,0,8,1,1,0,0,0,1,1,0,0,27,44,40,7,6,14,17,0,0,1,0,2,,1,,2,0,0,0,0,0,0,0,0,0,,,1,27,40,27,11,2,1,0,1
CHN189805030,box,1898-05-03,0,CHI08,R,1,CHN,LS3,1,0,1,0,1,,36,9,10,14,1,0,1,,7,,7,,3,,0,3,0,1,,0,10,1,1,1,0,0,0,0,1,0,27,44,38,10,8,16,19,3,0,0,0,3,,2,,0,3,0,0,0,0,0,0,0,0,,,1,27,46,27,16,3,0,0,0
PIT189805040,box,1898-05-04,0,PIT05,R,0,CHN,PIT,1,1,0,0,1,,30,7,10,11,1,0,0,,6,,3,,4,,0,1,0,0,,0,3,1,1,1,0,0,0,1,0,0,27,40,38,3,0,10,11,1,0,0,0,1,,3,,1,0,0,0,0,0,0,0,0,0,,,1,27,43,27,12,4,0,0,2
PIT189805050,box,1898-05-05,0,PIT05,R,0,CHN,PIT,1,0,0,1,1,,22,4,5,8,3,0,0,,3,,2,,7,,0,1,0,1,,0,3,1,1,1,0,0,0,0,0,0,18,28,27,4,4,9,13,0,2,0,0,1,,1,,0,0,0,0,0,0,0,0,0,0,,,1,18,32,18,12,2,1,0,0
CHN189805080,box,1898-05-08,0,CHI08,R,1,CHN,SLN,1,0,1,0,1,,29,2,6,10,2,1,0,,2,,5,,,,0,0,0,0,,0,5,1,1,1,0,0,0,0,1,0,27,43,35,8,3,9,13,0,2,0,0,7,,,,0,1,0,0,0,0,0,0,0,0,,,1,27,51,27,20,4,2,0,0
CL4189805090,box,1898-05-09,0,CLE05,R,0,CHN,CL4,1,1,0,0,1,,46,12,18,23,3,1,0,,7,,1,,1,,1,0,0,0,,0,9,1,1,1,0,0,0,1,0,0,27,34,31,1,1,5,5,0,0,0,0,2,,1,,1,0,0,0,1,0,0,0,0,0,,,1,27,46,27,18,1,1,0,0
CL4189805110,box,1898-05-11,0,CLE05,R,0,CHN,CL4,1,0,1,0,1,,36,5,10,16,4,1,0,,5,,1,0,3,0,0,0,0,1,0,0,5,1,1,0,0,0,1,0,1,0,24,38,33,7,6,11,13,2,0,0,0,3,0,0,0,1,1,0,0,0,0,0,0,0,0,,,1,24,31,23,7,1,1,0,0
CL4189805120,box,1898-05-12,0,CLE05,R,0,CHN,CL4,1,0,1,0,1,,36,4,11,15,4,0,0,,4,,2,,2,,0,1,0,0,,0,8,1,1,0,0,0,1,0,1,0,24,46,40,12,10,15,23,2,3,0,0,5,,4,,0,1,0,0,1,0,0,0,0,0,,,1,24,47,24,18,5,1,0,0
CHN189805130,box,1898-05-13,0,CHI08,R,1,CHN,CL4,1,0,1,0,1,,32,3,5,5,0,0,0,,3,,6,,,,0,0,0,0,,0,8,1,1,1,0,0,0,0,1,0,27,44,39,7,3,11,13,2,0,0,0,3,,,,1,1,0,0,0,0,0,0,0,0,,,1,27,42,27,11,4,0,0,0
CHN189805150,box,1898-05-15,0,CHI08,R,1,CHN,CL4,1,0,1,0,1,,37,2,10,13,1,1,0,,2,,1,,0,,0,0,0,0,,0,9,1,1,1,0,0,0,0,1,0,24,37,33,5,0,4,6,0,1,0,0,3,,4,,0,1,0,0,0,0,0,0,0,0,,,1,24,45,24,12,9,1,0,0
CHN189805160,box,1898-05-16,0,CHI08,R,1,CHN,CL4,1,1,0,0,1,,48,12,18,19,1,0,0,,8,,3,,2,,0,1,0,3,,0,13,1,1,1,0,0,0,1,0,0,27,43,40,4,2,9,9,0,0,0,0,3,,1,,0,0,0,0,0,0,0,0,0,0,,,1,27,48,27,14,7,0,0,0
CHN189805170,box,1898-05-17,0,CHI08,R,1,CHN,CL4,1,1,0,0,1,,38,13,12,18,4,1,0,,13,,5,,1,,1,2,0,3,,0,6,1,1,1,0,0,0,1,0,0,27,42,41,6,2,11,13,0,1,0,0,1,,3,,0,0,0,0,0,0,0,0,0,0,,,1,27,41,27,10,4,0,0,0
CHN189805180,box,1898-05-18,0,CHI08,R,1,CHN,SLN,1,0,1,0,1,,40,4,12,15,3,0,0,,4,,3,,1,,1,0,0,0,,0,13,1,1,1,0,0,0,0,1,0,24,41,33,11,9,14,18,2,1,0,0,2,,3,,3,3,0,0,0,0,0,0,0,0,,,1,24,40,24,15,1,2,0,0
CHN189805190,box,1898-05-19,0,CHI08,R,1,CHN,WSN,1,0,1,0,1,,38,6,11,11,0,0,0,,4,,4,,0,,2,0,0,0,,0,11,1,1,0,0,0,1,0,1,0,24,35,31,7,6,9,12,1,1,0,0,2,,1,,1,1,0,0,0,0,0,0,0,0,,,1,24,39,24,13,2,1,0,1
CHN189805200,box,1898-05-20,0,CHI08,R,1,CHN,WSN,1,0,1,0,1,,32,1,5,6,1,0,0,,0,,1,,4,,0,0,0,1,,0,5,1,1,1,0,0,0,0,1,0,24,41,35,6,4,11,12,1,0,0,0,3,,1,,1,2,0,0,1,0,0,0,0,0,,,1,24,40,24,11,5,0,0,0
CHN189805210,box,1898-05-21,0,CHI08,R,1,CHN,WSN,1,1,0,0,1,,35,8,8,10,2,0,0,,5,,5,,1,,1,0,0,1,,0,9,1,1,1,0,0,0,1,0,0,27,39,39,3,1,11,15,4,0,0,0,0,0,3,,0,0,0,0,0,0,0,0,0,0,,,1,27,41,27,12,2,0,0,0
CHN189805220,box,1898-05-22,0,CHI08,R,1,CHN,WSN,1,1,0,0,1,,40,10,14,18,2,1,0,,7,,3,,2,,0,0,0,6,,0,9,1,1,1,0,0,0,1,0,0,27,35,33,3,3,6,11,3,1,0,0,2,,2,,0,0,0,0,0,1,0,0,0,0,,,1,27,45,27,14,4,1,0,0
CHN189805230,box,1898-05-23,0,CHI08,R,1,CHN,BLN,1,1,0,0,1,,29,6,6,9,1,1,0,,5,,5,,4,,1,1,0,3,,0,6,1,1,1,0,0,0,1,0,0,27,38,34,5,1,7,10,1,1,0,0,2,,2,,2,0,0,0,0,0,0,0,0,0,,,1,27,39,27,9,3,1,0,0
CHN189805240,box,1898-05-24,0,CHI08,R,1,CHN,BLN,1,0,1,0,1,,40,13,17,17,0,0,0,,10,,5,,3,,3,0,0,3,,0,8,1,1,0,0,0,1,0,1,0,27,54,48,15,10,19,24,3,1,0,0,6,,4,,0,0,0,0,1,0,0,0,0,0,,,1,27,54,27,21,6,1,0,0
CHN189805250,box,1898-05-25,0,CHI08,R,1,CHN,BLN,1,1,0,0,1,,36,20,16,18,0,1,0,,10,,5,,2,,2,1,0,4,,0,3,1,1,1,0,0,0,1,0,0,21,34,27,4,3,4,5,1,0,0,0,6,,,,1,0,0,0,0,1,0,0,0,0,,,1,21,37,21,12,4,0,0,3
CHN189805260,box,1898-05-26,0,CHI08,R,1,CHN,PHI,1,1,0,0,1,,29,7,7,7,0,0,0,,2,,2,,1,,0,2,0,0,,0,2,1,1,1,0,0,0,1,0,0,27,36,34,1,1,11,12,1,0,0,0,2,,4,,0,0,0,0,0,1,0,0,0,0,,,1,27,49,27,20,2,1,0,0
CHN189805270,box,1898-05-27,0,CHI08,R,1,CHN,PHI,1,1,0,0,1,,32,8,10,13,3,0,0,,7,,6,,2,,0,1,0,2,,0,7,1,1,1,0,0,0,1,0,0,27,35,33,2,2,8,8,0,0,0,0,2,,4,,0,0,0,0,0,0,0,0,0,0,,,1,27,38,27,9,2,2,0,0
CHN189805280,box,1898-05-28,0,CHI08,R,1,CHN,PHI,1,0,1,0,1,,38,4,15,18,3,0,0,,4,,0,0,2,,0,1,0,0,,0,8,1,1,1,0,0,0,0,1,0,27,49,43,10,9,15,20,3,1,0,0,6,,3,,0,0,0,0,0,0,0,0,0,0,,,1,27,46,27,16,3,0,0,0
BSN189805301,box,1898-05-30,1,BOS05,R,0,CHN,BSN,1,0,1,0,1,,36,2,9,13,2,1,0,,2,,3,,4,,0,0,0,0,,0,10,1,1,1,0,0,0,0,1,0,24,42,38,11,3,14,17,0,0,1,0,2,,0,,0,2,0,0,1,1,0,0,0,0,,,1,24,42,24,13,5,1,0,0
BSN189805302,box,1898-05-30,2,BOS05,R,0,CHN,BSN,1,0,1,0,1,,31,2,8,8,0,0,0,,1,,4,0,2,1,0,1,0,0,0,0,7,1,1,1,0,0,0,0,1,0,24,39,37,3,2,12,16,1,0,1,0,1,0,3,0,1,0,0,0,0,0,0,0,0,0,,,1,24,36,24,9,3,0,0,0
BSN189805310,box,1898-05-31,0,BOS05,R,0,CHN,BSN,1,0,1,0,1,,33,4,11,11,0,0,0,,4,,9,,3,,0,0,0,0,,0,11,1,1,1,0,0,0,0,1,0,24,33,32,5,4,9,13,1,0,1,0,1,,2,,0,0,0,0,0,0,0,0,0,0,,,1,24,38,24,13,1,1,0,0
BSN189806010,box,1898-06-01,0,BOS05,R,0,CHN,BSN,1,0,1,0,1,,34,1,7,7,0,0,0,,0,,3,,1,,0,0,0,1,,0,9,1,1,0,0,0,1,0,1,0,24,39,34,8,6,11,16,2,0,1,0,5,,2,,0,0,0,0,0,0,0,0,0,0,,,1,24,45,24,16,5,1,0,0
BRO189806020,box,1898-06-02,0,NYC12,R,0,CHN,BRO,1,1,0,0,1,,40,6,10,11,1,0,0,,4,,1,0,7,0,0,1,0,1,1,0,10,1,1,1,0,0,0,1,0,0,27,40,39,5,2,10,11,1,0,0,0,1,0,2,0,0,0,0,0,0,1,0,0,0,0,,,1,27,49,27,17,5,0,0,0
BRO189806030,box,1898-06-03,0,NYC12,R,0,CHN,BRO,1,0,1,0,1,,31,1,5,7,0,1,0,,0,,1,0,4,0,0,0,0,2,0,0,4,1,1,1,0,0,0,0,1,0,24,31,28,2,2,6,6,0,0,0,0,2,0,2,0,0,1,0,0,1,0,0,0,0,0,,,1,24,32,24,8,0,1,0,1
BRO189806040,box,1898-06-04,0,NYC12,R,0,CHN,BRO,1,0,1,0,1,,30,4,6,10,1,0,1,,4,,4,,5,,1,0,0,2,,0,4,1,1,1,0,0,0,0,1,0,24,34,33,6,1,6,8,0,1,0,0,0,0,1,,1,0,0,0,0,0,0,0,0,0,,,1,24,41,24,10,7,1,0,0
BRO189806060,box,1898-06-06,0,NYC12,R,0,CHN,BRO,1,1,0,0,1,,47,15,21,29,0,4,0,,12,,3,0,4,0,0,1,0,1,1,0,9,1,1,1,0,0,0,1,0,0,27,39,34,2,0,5,6,1,0,0,0,5,0,1,0,0,0,0,0,0,0,0,0,0,0,,,1,27,40,27,10,3,0,0,0
NY1189806070,box,1898-06-07,0,NYC10,R,0,CHN,NY1,1,1,0,0,1,,27,3,4,6,0,1,0,,3,,7,,8,,2,2,0,1,,0,8,1,1,1,1,0,0,1,0,0,27,32,29,0,0,6,6,0,0,0,0,2,,,,0,1,0,0,0,0,0,0,0,0,,,1,27,41,27,13,1,1,0,0
NY1189806080,box,1898-06-08,0,NYC10,R,0,CHN,NY1,1,1,0,0,1,,39,9,13,15,2,0,0,,7,,0,0,4,,0,1,0,3,,0,7,1,1,1,0,0,0,1,0,0,27,33,33,1,1,6,6,0,0,0,0,0,0,4,,0,0,0,0,0,0,0,0,0,0,,,1,27,43,27,12,4,1,0,0
NY1189806090,box,1898-06-09,0,NYC10,R,0,CHN,NY1,1,1,0,0,1,,38,10,10,10,0,0,0,,5,,7,,,,2,0,0,0,,0,10,1,1,0,0,0,1,1,0,1,27,43,39,8,6,12,18,0,0,2,0,3,,,,0,1,0,0,0,0,0,0,0,0,,,1,27,43,27,11,5,1,0,0
NY1189806100,box,1898-06-10,0,NYC10,R,0,CHN,NY1,1,1,0,0,1,,33,7,9,9,0,0,0,,7,,7,,2,,0,2,0,0,,0,8,1,1,1,0,0,0,1,0,0,27,40,37,6,2,7,9,0,1,0,0,2,,3,,1,0,0,0,0,0,0,0,0,0,,,1,27,49,27,17,5,1,0,1
CHN189806120,box,1898-06-12,0,CHI08,R,1,CHN,SLN,1,0,1,0,1,,35,2,10,10,0,0,0,,2,,3,,0,,0,0,0,0,,0,9,1,1,1,0,0,0,0,1,0,27,40,36,4,4,14,15,1,0,0,0,4,,4,,0,0,0,0,0,0,0,0,0,0,,,1,27,47,27,19,1,2,0,0
CHN189806141,box,1898-06-14,1,CHI08,R,1,CHN,SLN,1,1,0,0,1,,26,3,4,4,0,0,0,,3,,3,,1,,2,0,0,1,,0,4,1,1,1,0,0,0,1,0,0,27,35,32,2,2,5,5,0,0,0,0,3,,1,,0,0,0,0,0,0,0,0,0,0,,,1,27,46,27,16,3,1,0,0
CHN189806142,box,1898-06-14,2,CHI08,R,1,CHN,SLN,1,1,0,0,1,,36,7,12,18,2,2,0,,6,,5,,4,,0,1,0,2,,0,11,1,1,1,0,0,0,1,0,0,27,36,31,1,1,4,7,1,1,0,0,4,,1,,1,0,0,0,0,0,0,0,0,0,,,1,27,44,27,14,3,1,0,0
CHN189806150,box,1898-06-15,0,CHI08,R,1,CHN,SLN,1,1,0,0,1,,33,4,9,12,3,0,0,,3,,2,,0,,0,1,0,2,,0,8,1,1,1,1,0,0,1,0,0,27,38,35,0,0,11,11,0,0,0,0,1,,1,,1,1,0,0,0,0,0,0,0,0,,,1,27,38,27,11,0,1,0,0
CHN189806160,box,1898-06-16,0,CHI08,R,1,CHN,CIN,1,1,0,0,1,,38,9,13,14,1,0,0,,6,,1,,2,,1,0,0,2,,0,7,1,1,1,0,0,0,1,0,0,27,32,31,1,1,3,3,0,0,0,0,0,0,1,,1,0,0,0,0,0,0,0,0,0,,,1,27,40,27,12,1,0,0,1
CHN189806170,box,1898-06-17,0,CHI08,R,1,CHN,CIN,1,0,1,0,1,,47,1,5,8,3,0,0,,1,,7,,3,,1,2,0,0,,0,14,1,1,1,0,0,0,0,1,0,42,55,52,2,1,9,11,2,0,0,0,1,,1,,0,2,0,0,0,0,0,0,0,0,,,1,42,66,42,18,6,0,0,0
CHN189806180,box,1898-06-18,0,CHI08,R,1,CHN,CIN,1,1,0,0,1,,38,10,16,20,1,0,1,,6,,5,,,,0,0,0,0,,0,9,1,1,1,0,0,0,1,0,0,27,39,37,4,4,9,11,2,0,0,0,2,,,,0,0,0,0,0,0,0,0,0,0,,,1,27,42,27,12,3,1,0,0
CHN189806190,box,1898-06-19,0,CHI08,R,1,CHN,CIN,1,1,0,0,1,,37,10,12,18,0,3,0,,8,,3,,0,,0,1,0,1,,0,7,1,1,1,0,0,0,1,0,0,27,36,35,1,1,9,14,1,2,0,0,1,,1,,0,0,0,0,0,0,0,0,0,0,,,1,27,41,27,13,1,0,0,0
CHN189806200,box,1898-06-20,0,CHI08,R,1,CHN,BSN,1,1,0,0,1,,34,5,9,12,1,1,0,,5,,1,,3,,1,0,0,3,,0,7,1,1,1,0,0,0,1,0,0,27,38,35,4,4,8,13,3,1,0,0,3,,1,,0,0,0,0,0,0,0,0,0,0,,,1,27,38,27,11,0,0,0,0
CHN189806210,box,1898-06-21,0,CHI08,R,1,CHN,BSN,1,1,0,0,1,,35,12,11,15,2,1,0,,9,,8,,0,,0,1,0,0,,0,8,1,1,1,0,0,0,1,0,0,27,42,40,6,6,13,19,1,1,1,0,2,,1,,0,0,0,0,0,0,0,0,0,0,,,1,27,37,27,9,1,0,0,0
CHN189806220,box,1898-06-22,0,CHI08,R,1,CHN,BSN,1,0,1,0,1,,46,5,13,15,2,0,0,,5,,5,,3,,1,4,0,2,,0,9,1,1,1,0,0,0,0,1,0,42,56,54,6,4,13,17,4,0,0,0,2,,0,,0,0,0,0,0,0,0,0,0,0,,,1,42,67,42,20,5,1,0,0
CHN189806230,box,1898-06-23,0,CHI08,R,1,CHN,BSN,1,0,1,0,1,,32,4,5,5,0,0,0,,1,,6,,,,0,1,0,4,,0,5,1,1,0,0,0,1,0,1,0,30,43,39,5,2,11,13,2,0,0,0,3,,,,0,1,0,0,0,0,0,0,0,0,,,1,30,49,30,16,3,1,0,0
CHN189806240,box,1898-06-24,0,CHI08,R,1,CHN,BRO,1,1,0,0,1,,33,8,12,17,0,1,1,,8,,5,0,3,1,0,0,0,0,0,0,6,1,1,1,0,0,0,1,0,0,27,38,36,4,3,8,8,0,0,0,0,2,0,4,1,0,0,0,0,0,0,0,0,0,0,,,1,27,48,27,16,5,3,0,0
CHN189806250,box,1898-06-25,0,CHI08,R,1,CHN,BRO,1,0,1,0,1,,31,3,7,7,0,0,0,,3,,3,0,4,0,0,1,0,3,1,0,5,1,1,1,0,0,0,0,1,0,27,43,39,4,3,13,15,0,1,0,0,2,0,4,1,0,2,0,0,0,0,0,0,0,0,,,1,27,45,27,15,3,1,0,0
CHN189806260,box,1898-06-26,0,CHI08,R,1,CHN,BRO,1,1,0,0,1,,35,13,15,27,4,4,0,,12,,5,,1,,1,2,0,1,,0,6,1,1,1,0,0,0,1,0,0,27,47,40,10,8,14,16,0,1,0,0,7,,1,,0,0,0,0,0,0,0,0,0,0,,,1,27,48,27,18,3,2,0,0
CHN189806270,box,1898-06-27,0,CHI08,R,1,CHN,BRO,1,1,0,0,1,,36,9,15,19,4,0,0,,7,,3,0,3,1,0,1,0,0,2,0,7,1,1,1,0,0,0,1,0,0,27,41,39,4,1,12,13,1,0,0,0,2,0,1,0,0,0,0,0,0,0,0,0,0,0,,,1,27,40,27,10,3,1,0,0
CHN189806290,box,1898-06-29,0,CHI08,R,1,CHN,NY1,1,1,0,0,1,,38,12,15,20,0,1,1,,10,,4,0,,0,0,1,0,4,1,0,7,1,1,1,0,0,0,1,0,0,27,39,35,4,1,8,9,1,0,0,0,3,0,,0,0,1,0,0,0,0,0,0,0,0,,,1,27,47,27,15,5,1,0,0
CHN189806300,box,1898-06-30,0,CHI08,R,1,CHN,NY1,1,1,0,0,1,,29,7,7,8,1,0,0,,5,,8,,4,,0,0,0,2,,0,6,1,1,1,0,0,0,1,0,0,27,40,35,5,4,8,13,1,2,0,0,5,,1,,0,0,0,0,1,0,0,0,0,0,,,1,27,42,27,11,4,1,0,0
CHN189807010,box,1898-07-01,0,CHI08,R,1,CHN,NY1,1,0,1,0,1,,34,4,7,8,1,0,0,,3,,7,,5,,0,0,0,2,,0,10,1,1,1,0,0,0,0,1,0,27,41,36,8,3,10,13,1,1,0,0,2,,3,,1,2,0,0,0,0,0,0,0,0,,,1,27,49,27,15,7,2,0,0
CHN189807020,box,1898-07-02,0,CHI08,R,1,CHN,NY1,1,0,1,0,1,,45,6,11,15,2,1,0,,6,,8,,5,,0,1,0,3,,0,9,1,1,1,0,0,0,0,1,0,39,58,48,8,6,12,12,0,0,0,0,8,,4,,0,2,0,0,0,0,0,0,0,0,,,1,39,67,39,23,5,2,0,0
CHN189807030,box,1898-07-03,0,CHI08,R,1,CHN,LS3,1,1,0,0,1,,35,7,12,18,2,2,0,,5,,3,,2,,2,1,0,1,,0,10,1,1,1,0,0,0,1,0,0,27,36,31,4,1,8,9,1,0,0,0,2,,,,0,3,0,0,0,0,0,0,0,0,,,1,27,43,27,13,3,0,0,0
CHN189807041,box,1898-07-04,1,CHI08,R,1,CHN,CL4,1,0,1,0,1,,27,2,5,6,1,0,0,,2,,1,,2,,1,0,0,1,,0,0,1,1,1,0,0,0,0,1,0,27,46,42,11,8,13,15,2,0,0,0,3,,1,,0,1,0,0,0,0,0,0,0,0,,,1,27,55,27,19,9,0,0,0
CHN189807042,box,1898-07-04,2,CHI08,R,1,CHN,CL4,1,1,0,0,1,,39,4,13,13,0,0,0,,3,,2,,5,,0,1,0,5,,0,12,1,1,1,0,0,0,1,0,0,27,40,32,3,3,10,14,2,1,0,0,4,,0,,0,4,0,0,0,0,0,0,0,0,,,1,27,46,27,17,2,0,0,0
CHN189807050,box,1898-07-05,0,CHI08,R,1,CHN,CL4,1,1,0,0,1,,35,5,12,13,1,0,0,,3,,2,,3,,0,0,0,7,,0,8,1,1,1,0,0,0,1,0,0,27,41,35,4,1,8,9,1,0,0,0,5,,1,,1,0,0,0,0,0,0,0,0,0,,,1,27,50,27,17,6,3,0,0
CHN189807060,box,1898-07-06,0,CHI08,R,1,CHN,CL4,1,1,0,0,1,,37,6,11,13,2,0,0,,6,,3,,1,,0,1,0,1,,0,9,1,1,1,0,0,0,1,0,0,27,37,35,5,2,9,12,1,1,0,0,1,,2,,0,1,0,0,0,0,0,0,0,0,,,1,27,46,27,18,1,0,0,0
CHN189807070,box,1898-07-07,0,CHI08,R,1,CHN,CIN,1,0,1,0,1,,38,5,10,10,0,0,0,,4,,1,,1,,0,0,0,1,,0,7,1,1,1,0,0,0,0,1,0,27,45,39,7,5,9,12,1,1,0,0,5,,4,,1,0,0,0,0,0,0,0,0,0,,,1,27,42,27,9,6,1,0,1
CHN189807080,box,1898-07-08,0,CHI08,R,1,CHN,CIN,1,0,1,0,1,,36,8,9,11,0,1,0,,4,,4,,,,0,1,0,5,,0,6,1,1,1,0,0,0,0,1,0,27,47,41,11,10,13,14,1,0,0,0,4,,,,2,0,0,0,0,0,0,0,0,0,,,1,27,43,27,13,3,0,0,0
CHN189807090,box,1898-07-09,0,CHI08,R,1,CHN,CIN,1,1,0,0,1,,35,5,10,10,0,0,0,,5,,3,,3,,0,2,0,4,,0,11,1,1,1,0,0,0,1,0,0,27,37,34,3,1,7,10,1,1,0,0,2,,4,,1,0,0,0,0,0,0,0,0,0,,,1,27,38,27,7,4,1,0,0
CIN189807100,box,1898-07-10,0,CIN05,R,0,CHN,CIN,1,0,1,0,1,,33,7,10,17,3,2,0,,6,,6,,0,,1,1,0,1,,0,7,1,1,1,0,0,0,0,1,0,27,45,35,11,4,10,12,0,1,0,0,7,,2,,2,1,0,0,1,0,0,0,0,0,,,1,27,52,27,18,7,1,0,1
WSN189807110,box,1898-07-11,0,WAS06,R,0,CHN,WSN,1,1,0,0,1,,37,7,10,17,2,1,1,,5,,3,0,5,0,1,0,0,2,0,0,7,1,1,1,0,0,0,1,0,0,27,36,36,2,1,9,9,0,0,0,0,0,0,1,0,0,0,0,0,0,0,0,0,0,0,,,1,27,41,27,11,3,0,0,0
WSN189807120,box,1898-07-12,0,WAS06,R,0,CHN,WSN,1,1,0,0,1,,38,7,9,11,0,1,0,,7,,2,,2,,1,0,0,1,,0,7,1,1,1,0,0,0,1,0,0,27,35,35,3,1,5,7,0,1,0,0,0,0,0,,0,0,0,0,0,0,0,0,0,0,,,1,27,47,27,15,5,1,0,0
WSN189807130,box,1898-07-13,0,WAS06,R,0,CHN,WSN,1,1,0,0,1,,29,4,4,7,0,0,1,,3,,5,0,4,0,0,1,0,0,0,0,7,1,1,1,0,0,0,1,0,0,27,33,31,2,2,5,7,0,1,0,0,1,0,2,1,1,0,0,0,0,0,0,0,0,0,,,1,27,39,27,12,0,1,0,0
WSN189807140,box,1898-07-14,0,WAS06,R,0,CHN,WSN,1,1,0,0,1,,33,4,6,6,0,0,0,,3,,4,0,9,0,1,0,0,3,0,0,7,1,1,1,0,0,0,1,0,0,27,34,32,3,2,8,11,1,1,0,0,1,0,1,1,1,0,0,0,0,0,0,0,0,0,,,1,27,41,27,13,1,2,0,0
BLN189807150,box,1898-07-15,0,BAL07,R,0,CHN,BLN,1,0,1,0,1,,41,9,12,18,2,2,0,,9,,5,,4,,0,0,0,0,,0,10,1,1,1,0,0,0,0,1,0,25,41,39,10,9,14,17,1,1,0,0,1,,4,,1,0,0,0,0,0,0,0,0,0,,,1,25,44,25,14,5,0,0,0
BLN189807160,box,1898-07-16,0,BAL07,R,0,CHN,BLN,1,0,1,0,1,,30,2,5,7,0,1,0,,2,,4,,3,,0,1,0,0,,0,6,1,1,1,0,0,0,0,1,0,24,40,33,8,6,12,14,2,0,0,0,1,,5,,3,3,0,0,0,0,0,0,0,0,,,1,24,42,24,16,2,0,0,0
BLN189807180,box,1898-07-18,0,BAL07,R,0,CHN,BLN,1,0,1,0,1,,36,3,9,11,0,1,0,,1,,2,,5,,1,0,0,0,,0,9,1,1,0,0,0,1,0,1,0,24,39,36,9,8,15,18,3,0,0,0,0,0,1,,3,0,0,0,0,0,0,0,0,0,,,1,24,40,24,14,2,2,0,0
PHI189807200,box,1898-07-20,0,PHI09,R,0,CHN,PHI,1,1,0,0,1,,42,15,14,25,2,3,1,,13,,3,,5,,1,0,0,2,,0,4,1,1,1,0,0,0,1,0,0,27,37,35,5,0,7,9,2,0,0,0,2,,1,,0,0,0,0,0,0,0,0,0,0,,,1,27,42,27,11,4,1,0,0
PHI189807210,box,1898-07-21,0,PHI09,R,0,CHN,PHI,1,0,1,0,1,,32,1,3,3,0,0,0,,1,,2,,0,,1,0,0,1,,0,7,1,1,1,0,0,0,0,1,0,24,35,29,3,3,6,6,0,0,0,0,6,,3,,0,0,0,0,1,0,0,0,0,0,,,1,24,38,24,12,2,0,0,2
PHI189807221,box,1898-07-22,1,PHI09,R,0,CHN,PHI,1,0,1,0,1,,37,3,12,12,0,0,0,,3,,2,,2,,1,1,0,0,,0,11,1,1,0,0,0,1,0,1,0,24,43,40,12,8,16,22,4,1,0,0,3,,1,,0,0,0,0,1,0,0,0,0,0,,,1,24,35,24,8,3,0,0,0
PHI189807222,box,1898-07-22,2,PHI09,R,0,CHN,PHI,1,0,1,0,1,,34,1,5,7,2,0,0,,1,,0,0,,,2,0,0,0,,0,8,1,1,1,0,0,0,0,1,0,24,45,37,7,6,13,18,3,1,0,0,2,,,,3,3,0,0,1,0,0,0,0,0,,,1,24,42,24,13,5,0,0,0
CL4189807230,box,1898-07-23,0,CLE05,R,0,CHN,CL4,1,0,1,0,1,,34,2,7,7,0,0,0,,2,,0,0,2,,0,0,0,1,,0,5,1,1,1,0,0,0,0,1,0,24,39,28,4,2,10,11,1,0,0,0,8,,0,,0,3,0,0,0,0,0,0,0,0,,,1,24,44,24,17,3,3,1,0
CHN189807240,box,1898-07-24,0,CHI08,R,1,CHN,CL4,1,0,1,0,1,,31,3,5,7,0,1,0,,3,,4,,,,0,0,0,1,,0,5,1,1,1,0,0,0,0,1,0,27,43,39,9,7,15,21,2,2,0,0,3,,2,,0,1,0,0,0,0,0,0,0,0,,,1,27,49,27,18,4,2,0,1
CHN189807250,box,1898-07-25,0,CHI08,R,1,CHN,CL4,1,1,0,0,1,,34,7,14,18,1,0,1,,6,,1,,,,0,2,0,0,,0,6,1,1,1,1,0,0,1,0,0,27,34,32,0,0,5,6,1,0,0,0,1,,1,,1,0,0,0,0,0,0,0,0,0,,,1,27,39,27,11,1,1,0,0
CHN189807290,box,1898-07-29,0,CHI08,R,1,CHN,WSN,1,1,0,0,1,,33,8,12,17,3,1,0,,7,,5,,2,,1,1,0,1,,0,8,1,1,1,0,0,0,1,0,0,27,34,33,3,1,7,8,1,0,0,0,1,,3,,0,0,0,0,0,0,0,0,0,0,,,1,27,43,27,14,2,1,0,0
CHN189807300,box,1898-07-30,0,CHI08,R,1,CHN,WSN,1,1,0,0,1,,35,13,12,15,1,1,0,,8,,6,,1,,2,1,0,1,,0,7,1,1,1,0,0,0,1,0,0,27,38,35,3,2,9,14,1,2,0,0,2,,4,,1,0,0,0,0,0,0,0,0,0,,,1,27,42,26,14,2,2,0,1
CHN189807310,box,1898-07-31,0,CHI08,R,1,CHN,WSN,1,1,0,0,1,,32,7,10,11,1,0,0,,7,,2,,2,,0,1,0,1,,0,4,1,1,1,0,0,0,1,0,0,27,37,33,4,3,9,11,2,0,0,0,3,,0,,1,0,0,0,0,0,0,0,0,0,,,1,27,48,27,20,1,4,0,0
CHN189808041,box,1898-08-04,1,CHI08,R,1,CHN,BLN,1,0,1,0,1,,31,0,4,4,0,0,0,,0,,5,,5,,0,0,0,2,,0,9,1,1,1,0,0,0,0,1,0,27,42,35,5,3,8,9,1,0,0,0,4,,2,,2,1,0,0,0,0,0,0,0,0,,,1,27,47,27,15,5,1,0,0
CHN189808042,box,1898-08-04,2,CHI08,R,1,CHN,BLN,1,1,0,0,1,,30,3,6,6,0,0,0,,3,,5,,2,,0,0,0,2,,0,8,1,1,1,0,0,0,1,0,0,27,39,35,1,1,11,12,1,0,0,0,0,0,3,,3,1,0,0,0,0,0,0,0,0,,,1,27,45,27,16,2,2,0,0
CHN189808051,box,1898-08-05,1,CHI08,R,1,CHN,BLN,1,1,0,0,1,,32,5,10,10,0,0,0,,5,,2,,2,,1,1,0,3,,0,7,1,1,1,1,0,0,1,0,0,27,33,29,0,0,6,6,0,0,0,0,3,,0,,1,0,0,0,0,0,0,0,0,0,,,1,27,48,27,21,0,0,1,0
CHN189808052,box,1898-08-05,2,CHI08,R,1,CHN,BLN,1,0,1,0,1,,33,1,8,9,1,0,0,,1,,2,,1,,0,0,0,1,,0,7,1,1,1,0,0,0,0,1,0,27,44,36,6,4,10,12,2,0,0,0,7,,4,,0,1,0,0,1,1,0,0,0,0,,,1,27,45,27,17,1,2,0,0
CHN189808060,box,1898-08-06,0,CHI08,R,1,CHN,PHI,1,1,0,0,1,,40,1,9,11,2,0,0,,1,,1,,2,,0,1,0,0,,0,11,1,1,1,1,0,0,1,0,0,33,42,37,0,0,7,9,2,0,0,0,5,,6,,0,0,0,0,0,0,0,0,0,0,,,1,33,51,32,17,2,2,0,0
CHN189808070,box,1898-08-07,0,CHI08,R,1,CHN,PIT,1,0,1,0,1,,33,2,6,7,1,0,0,,2,,2,,0,,1,0,0,2,,0,7,1,1,1,0,0,0,0,1,0,27,41,37,4,4,10,13,1,1,0,0,3,,4,,0,1,0,0,0,0,0,0,0,0,,,1,27,42,27,13,2,1,0,0
CHN189808081,box,1898-08-08,1,CHI08,R,1,CHN,PHI,1,1,0,0,1,,34,6,9,11,2,0,0,,5,,5,,1,,0,1,0,4,,0,10,1,1,1,0,0,0,1,0,0,27,36,33,2,1,4,6,2,0,0,0,3,,3,,0,0,0,0,0,0,0,0,0,0,,,1,27,42,27,13,2,0,0,0
CHN189808082,box,1898-08-08,2,CHI08,R,1,CHN,PHI,1,0,1,0,1,,35,3,8,13,3,1,0,,3,,1,,2,,0,0,0,0,,0,6,1,1,1,0,0,0,0,1,0,27,43,36,8,5,11,15,4,0,0,0,3,,1,,1,3,0,0,2,0,0,0,0,0,,,1,27,44,27,14,3,1,0,0
BRO189808110,box,1898-08-11,0,NYC12,R,0,CHN,BRO,1,1,0,0,1,,51,3,10,10,0,0,0,,3,,4,0,3,1,0,2,0,3,0,0,12,1,1,1,0,0,0,1,0,0,42,54,52,2,2,10,13,3,0,0,0,2,0,1,0,0,0,0,0,0,0,0,0,0,0,,,1,42,65,42,20,3,0,0,1
NY1189808120,box,1898-08-12,0,NYC10,R,0,CHN,NY1,1,0,1,0,1,,38,3,12,15,1,1,0,,3,,2,0,2,1,1,0,0,0,1,0,11,1,1,1,0,0,0,0,1,0,25,38,32,4,2,5,5,0,0,0,0,4,0,3,1,1,1,0,0,0,0,0,0,0,0,,,1,25,48,25,17,6,2,0,0
NY1189808130,box,1898-08-13,0,NYC10,R,0,CHN,NY1,1,0,1,0,1,,36,2,8,10,0,1,0,,2,,1,0,,0,1,0,0,1,0,0,9,1,1,0,0,0,1,0,1,0,24,44,37,9,6,10,12,2,0,0,0,4,0,,0,1,2,0,0,0,0,0,0,0,0,,,1,24,44,24,14,6,0,0,1
NY1189808150,box,1898-08-15,0,NYC10,R,0,CHN,NY1,1,0,0,1,1,,36,2,8,8,0,0,0,,2,,8,0,,0,0,0,0,2,0,0,12,1,1,1,0,0,0,0,0,0,30,39,38,2,1,10,13,1,1,0,0,1,0,,0,0,0,0,0,0,0,0,0,0,0,,,1,30,58,30,23,5,2,0,0
BSN189808160,box,1898-08-16,0,BOS05,R,0,CHN,BSN,1,0,1,0,1,,33,4,9,10,1,0,0,,2,,1,,,,1,1,0,0,,0,5,1,1,1,0,0,0,0,1,0,24,32,31,5,3,7,9,0,1,0,0,1,,,,0,0,0,0,0,0,0,0,0,0,,,1,24,37,24,10,3,1,0,0
BSN189808170,box,1898-08-17,0,BOS05,R,0,CHN,BSN,1,0,1,0,1,,26,2,4,4,0,0,0,,1,,2,,2,,0,0,0,0,,0,5,1,1,1,0,0,0,0,1,0,21,33,30,6,4,9,14,2,0,1,0,2,,2,,0,1,0,0,0,0,0,0,0,0,,,1,21,33,21,10,2,1,0,0
BSN189808180,box,1898-08-18,0,BOS05,R,0,CHN,BSN,1,0,1,0,1,,26,0,2,2,0,0,0,,0,,3,,0,,0,0,0,0,,0,2,1,1,0,0,0,1,0,1,0,24,40,38,10,10,18,25,2,1,1,0,1,,1,,0,1,0,0,1,0,0,0,0,0,,,1,24,40,24,16,0,2,0,0
CHN189808200,box,1898-08-20,0,CHI08,R,1,CHN,BRO,1,1,0,0,1,,32,2,9,11,2,0,0,,2,,4,,1,,0,1,0,4,,0,11,1,1,1,0,0,0,1,0,0,27,31,30,1,1,3,4,1,0,0,0,0,0,0,,1,0,0,0,0,0,0,0,0,0,,,1,27,38,27,10,1,0,0,0
CHN189808211,box,1898-08-21,1,CHI08,R,1,CHN,BRO,1,1,0,0,1,,31,4,11,14,1,1,0,,4,,1,,,,1,0,0,2,,0,5,1,1,1,0,0,0,1,0,0,27,32,30,3,3,6,7,1,0,0,0,1,,,,0,1,0,0,0,0,0,0,0,0,,,1,27,37,27,9,1,2,0,0
CHN189808212,box,1898-08-21,2,CHI08,R,1,CHN,BRO,1,1,0,0,1,,32,2,10,10,0,0,0,,2,,5,,0,,0,1,0,1,,0,12,1,1,1,1,0,0,1,0,0,27,29,26,0,0,0,0,0,0,0,0,3,,3,,0,0,0,0,0,0,0,0,0,0,,,1,27,32,27,5,0,1,0,0
CHN189808240,box,1898-08-24,0,CHI08,R,1,CHN,BSN,1,1,0,0,1,,27,2,5,5,0,0,0,,1,,3,,,,0,1,0,1,,0,5,1,1,1,0,0,0,1,0,0,27,34,32,1,1,4,5,1,0,0,0,1,,,,0,1,0,0,0,0,0,0,0,0,,,1,27,40,27,11,2,0,0,0
CHN189808250,box,1898-08-25,0,CHI08,R,1,CHN,BSN,1,1,0,0,1,,35,9,10,17,1,3,0,,7,,2,,2,,1,1,0,3,,0,6,1,1,1,0,0,0,1,0,0,27,32,32,2,1,6,7,1,0,0,0,0,0,1,,0,0,0,0,0,0,0,0,0,0,,,1,27,40,27,12,1,1,0,0
CHN189808260,box,1898-08-26,0,CHI08,R,1,CHN,BSN,1,1,0,0,1,,28,3,4,4,0,0,0,,2,,2,,3,,0,0,0,0,,0,3,1,1,1,0,0,0,1,0,0,27,37,36,2,1,6,8,2,0,0,0,1,,1,,0,0,0,0,0,0,0,0,0,0,,,1,27,43,27,11,5,2,0,0
CHN189808270,box,1898-08-27,0,CHI08,R,1,CHN,NY1,1,1,0,0,1,,38,10,14,23,3,3,0,,8,,3,,4,,2,1,0,1,,0,10,1,1,1,0,0,0,1,0,0,27,35,32,3,1,5,5,0,0,0,0,2,,0,,1,0,0,0,0,0,0,0,0,0,,,1,27,44,27,15,2,1,0,1
CHN189808280,box,1898-08-28,0,CHI08,R,1,CHN,NY1,1,1,0,0,1,,34,12,11,13,0,1,0,,9,,7,,5,,2,2,0,3,,0,9,1,1,1,0,0,0,1,0,0,27,39,37,7,6,11,16,0,1,1,0,2,,5,,0,0,0,0,0,0,0,0,0,0,,,1,27,41,27,11,3,1,0,0
CHN189808290,box,1898-08-29,0,CHI08,R,1,CHN,NY1,1,0,1,0,1,,27,1,2,2,0,0,0,,1,,3,,3,,0,1,0,1,,0,3,1,1,1,0,0,0,0,1,0,27,32,29,2,2,4,7,1,1,0,0,1,,3,,1,1,0,0,0,0,0,0,0,0,,,1,27,39,27,12,0,1,0,0
CHN189808300,box,1898-08-30,0,CHI08,R,1,CHN,NY1,1,1,0,0,1,,28,1,5,5,0,0,0,,1,,2,0,2,0,0,1,0,2,1,0,5,1,1,1,1,0,0,1,0,0,27,32,30,0,0,3,5,0,1,0,0,2,0,3,0,0,0,0,0,0,0,0,0,0,0,,,1,27,40,27,11,2,0,0,0
CHN189809010,box,1898-09-01,0,CHI08,R,1,CHN,BRO,1,1,0,0,1,,39,10,18,26,3,1,1,,9,,4,0,1,0,0,1,0,1,0,0,10,1,1,1,1,0,0,1,0,0,27,33,32,0,0,6,6,0,0,0,0,1,0,0,0,0,0,0,0,0,0,0,0,0,0,,,1,27,40,27,12,1,0,0,0
CHN189809030,box,1898-09-03,0,CHI08,R,1,CHN,BRO,1,0,1,0,1,,41,8,13,17,2,1,0,,6,,3,,2,,0,0,0,0,,0,9,1,1,0,0,0,1,0,1,0,27,51,49,16,10,19,26,5,1,0,0,2,,2,,0,0,0,0,0,0,0,0,0,0,,,1,27,45,27,12,6,0,0,0
CHN189809040,box,1898-09-04,0,CHI08,R,1,CHN,PIT,1,0,1,0,1,,34,4,8,10,0,1,0,,2,,1,,2,,1,2,0,2,,0,7,1,1,1,0,0,0,0,1,0,27,40,35,6,5,11,13,2,0,0,0,3,,0,,1,1,0,0,0,0,0,0,0,0,,,1,27,44,27,15,2,2,0,0
CHN189809051,box,1898-09-05,1,CHI08,R,1,CHN,PIT,1,1,0,0,1,,32,5,9,12,3,0,0,,4,,1,,3,,0,1,0,2,,0,5,1,1,1,0,0,0,1,0,0,27,36,35,1,1,11,12,1,0,0,0,0,0,2,,1,0,0,0,0,0,0,0,0,0,,,1,27,41,27,13,1,2,0,0
CHN189809052,box,1898-09-05,2,CHI08,R,1,CHN,PIT,1,0,1,0,1,,31,1,6,7,1,0,0,,1,,4,,2,,0,2,0,1,,0,9,1,1,1,0,0,0,0,1,0,27,41,37,6,1,10,11,1,0,0,0,2,,2,,1,1,0,0,0,0,0,0,0,0,,,1,27,46,27,15,4,0,0,0
CIN189809060,box,1898-09-06,0,CIN05,R,0,CHN,CIN,1,0,1,0,1,,39,8,13,20,2,1,1,,8,,2,,3,,2,1,0,0,,0,9,1,1,0,0,0,1,0,1,0,26,43,37,9,7,15,24,1,4,0,0,5,,,,0,1,0,0,0,0,0,0,0,0,,,1,26,43,26,16,1,2,0,0
CIN189809070,box,1898-09-07,0,CIN05,R,0,CHN,CIN,1,1,0,0,1,,41,13,15,26,4,2,1,,10,,4,,6,,0,0,0,0,,0,5,1,1,1,0,0,0,1,0,0,27,39,37,2,1,10,11,1,0,0,0,2,,2,,0,0,0,0,0,0,0,0,0,0,,,1,27,42,27,14,1,0,0,0
CIN189809090,box,1898-09-09,0,CIN05,R,0,CHN,CIN,1,0,1,0,1,,31,4,7,10,1,1,0,,2,,4,,1,,0,1,0,0,,0,5,1,1,0,0,0,1,0,1,0,24,36,30,6,1,7,9,2,0,0,0,4,,1,,1,1,0,0,0,0,0,0,0,0,,,1,24,41,24,13,4,1,0,0
CHN189809100,box,1898-09-10,0,CHI08,R,1,CHN,SLN,1,0,1,0,1,,33,2,7,11,2,1,0,,2,,0,0,0,,1,0,0,0,,0,5,1,1,1,0,0,0,0,1,0,27,39,34,4,4,11,15,2,1,0,0,2,,1,,1,2,0,0,0,0,0,0,0,0,,,1,27,40,27,12,1,2,0,1
CHN189809111,box,1898-09-11,1,CHI08,R,1,CHN,SLN,1,1,0,0,1,,33,5,9,10,1,0,0,,4,,2,,0,,0,1,0,3,,0,7,1,1,1,0,0,0,1,0,0,27,36,32,1,1,6,9,1,1,0,0,2,,8,,1,1,0,0,0,0,0,0,0,0,,,1,27,42,27,14,1,0,0,0
CHN189809112,box,1898-09-11,2,CHI08,R,1,CHN,SLN,1,1,0,0,1,,33,5,11,14,0,0,1,,4,,2,,2,,1,1,0,8,,0,8,1,1,1,0,0,0,1,0,0,27,35,34,3,3,9,11,2,0,0,0,0,0,3,,0,1,0,0,0,0,0,0,0,0,,,1,27,39,27,11,1,1,0,1
PIT189809120,box,1898-09-12,0,PIT05,R,0,CHN,PIT,1,0,1,0,1,,28,1,4,7,1,1,0,,1,,4,,2,,2,0,0,0,,0,6,1,1,1,0,0,0,0,1,0,24,31,31,3,1,6,10,2,1,0,0,0,0,2,,0,0,0,0,0,0,0,0,0,0,,,1,24,36,24,10,2,0,0,0
PIT189809130,box,1898-09-13,0,PIT05,R,0,CHN,PIT,1,1,0,0,1,,35,4,8,8,0,0,0,,3,,1,,2,,0,0,0,1,,0,5,1,1,1,1,0,0,1,0,0,27,32,29,0,0,2,2,0,0,0,0,2,,0,,1,0,0,0,0,0,0,0,0,0,,,1,27,38,27,10,1,1,0,0
PHI189809140,box,1898-09-14,0,PHI09,R,0,CHN,PHI,1,0,1,0,1,,34,2,7,9,2,0,0,,2,,0,0,2,,1,0,0,1,,0,6,1,1,1,0,0,0,0,1,0,24,38,35,10,7,14,16,2,0,0,0,2,,0,,0,1,0,0,0,0,0,0,0,0,,,1,24,43,24,16,3,2,0,0
PHI189809161,box,1898-09-16,1,PHI09,R,0,CHN,PHI,1,1,0,0,1,,17,2,5,5,0,0,0,,1,,1,,,,0,0,0,0,,0,1,1,1,1,0,0,0,0,0,0,14,19,17,1,1,4,4,0,0,0,0,1,,,,0,1,0,0,0,0,0,0,0,0,,,1,14,16,14,2,0,1,0,0
PHI189809162,box,1898-09-16,2,PHI09,R,0,CHN,PHI,1,1,0,0,1,,39,10,16,22,1,1,1,,8,,3,,,,0,3,0,3,,0,8,1,1,1,0,0,0,1,0,0,27,38,33,5,5,11,16,1,2,0,0,3,,,,1,1,0,0,0,0,0,0,0,0,,,1,27,38,27,11,0,2,0,0
WSN189809170,box,1898-09-17,0,WAS06,R,0,CHN,WSN,1,1,0,0,1,,41,9,12,17,3,1,0,,5,,2,0,0,0,0,0,0,4,0,0,7,1,1,1,1,0,0,1,0,0,27,32,31,0,0,6,7,1,0,0,0,1,0,1,1,0,0,0,0,0,0,0,0,0,0,,,1,27,42,27,15,0,1,0,1
WSN189809190,box,1898-09-19,0,WAS06,R,0,CHN,WSN,1,0,1,0,1,,28,5,7,7,0,0,0,,2,,6,0,5,2,0,1,0,5,0,0,6,1,1,0,0,0,1,0,1,0,24,38,35,8,8,13,27,3,1,3,0,1,0,,0,1,1,0,0,0,0,0,0,0,0,,,1,24,31,24,7,0,1,0,0
WSN189809200,box,1898-09-20,0,WAS06,R,0,CHN,WSN,1,1,0,0,1,,29,3,6,10,2,1,0,,2,,1,0,3,0,0,0,0,1,0,0,3,1,1,1,0,0,0,1,0,0,27,36,33,2,2,6,10,2,1,0,0,3,0,3,0,0,0,0,0,0,0,0,0,0,0,,,1,27,44,27,16,1,0,0,0
BLN189809210,box,1898-09-21,0,BAL07,R,0,CHN,BLN,1,0,1,0,1,,34,1,7,11,0,2,0,,1,,0,0,6,,0,0,0,0,,0,6,1,1,1,0,0,0,0,1,0,24,37,32,3,2,10,11,1,0,0,0,4,,0,,1,0,0,0,0,0,0,0,0,0,,,1,24,35,24,10,1,2,0,0
BLN189809221,box,1898-09-22,1,BAL07,R,0,CHN,BLN,1,0,1,0,1,,40,6,13,17,2,1,0,,6,,3,,5,,0,0,0,2,,0,10,1,1,1,0,0,0,0,1,0,24,46,42,15,10,17,21,0,2,0,0,3,,2,,1,0,0,0,0,0,0,0,0,0,,,1,24,36,24,8,4,1,0,1
BLN189809222,box,1898-09-22,2,BAL07,R,0,CHN,BLN,1,0,1,0,1,,20,1,3,3,0,0,0,,1,,1,,,,0,0,0,0,,0,2,1,1,1,0,0,0,0,1,0,18,23,22,3,0,3,4,1,0,0,0,1,,,,0,0,0,0,0,0,0,0,0,0,,,1,18,30,18,10,2,1,0,0
BLN189809230,box,1898-09-23,0,BAL07,R,0,CHN,BLN,1,1,0,0,1,,27,2,7,8,1,0,0,,2,,4,,1,,0,1,0,1,,0,6,1,1,1,1,0,0,1,0,0,27,36,35,0,0,9,10,1,0,0,0,0,0,3,,1,0,0,0,0,0,0,0,0,0,,,1,27,40,27,11,2,2,0,0
CHN189809250,box,1898-09-25,0,CHI08,R,1,CHN,PIT,1,1,0,0,1,,33,7,12,13,1,0,0,,6,,2,,,,1,2,0,1,,0,7,1,1,1,0,0,0,1,0,0,27,38,33,4,3,7,9,0,1,0,0,3,,1,,1,1,0,0,0,0,0,0,0,0,,,1,27,44,27,16,1,0,0,0
CHN189809260,box,1898-09-26,0,CHI08,R,1,CHN,PIT,1,1,0,0,1,,31,4,10,13,3,0,0,,4,,1,,3,,0,1,0,1,,0,5,1,1,1,0,0,0,1,0,0,27,33,32,3,3,8,13,1,2,0,0,1,,3,,0,0,0,0,0,0,0,0,0,0,,,1,27,43,27,13,3,3,0,1
CHN189809270,box,1898-09-27,0,CHI08,R,1,CHN,PIT,1,1,0,0,1,,38,5,9,9,0,0,0,,5,,3,,2,,2,1,0,2,,0,7,1,1,1,0,0,0,1,0,0,33,48,40,4,4,11,13,2,0,0,0,5,,3,,0,3,0,0,0,0,0,0,0,0,,,1,33,50,33,15,2,0,0,0
LS3189809280,box,1898-09-28,0,LOU03,R,0,CHN,LS3,1,0,1,0,1,,32,1,8,9,1,0,0,,1,,1,,,,0,0,0,0,,0,5,1,1,1,0,0,0,0,1,0,24,36,31,6,5,13,16,1,1,0,0,2,,,,1,2,0,0,0,0,0,0,0,0,,,1,24,35,24,10,1,0,0,0
LS3189809290,box,1898-09-29,0,LOU03,R,0,CHN,LS3,1,1,0,0,1,,32,10,10,13,0,0,1,,5,,2,,2,,2,1,0,3,,0,6,1,1,1,0,0,0,1,0,0,21,31,25,2,1,7,7,0,0,0,0,5,,1,,0,1,0,0,0,0,0,0,0,0,,,1,21,35,21,11,3,1,0,0
CHN189810031,box,1898-10-03,1,CHI08,R,1,CHN,LS3,1,1,0,0,1,,42,2,10,11,1,0,0,,2,,2,,1,,0,2,0,4,,0,12,1,1,1,0,0,0,1,0,0,33,42,40,1,1,6,7,1,0,0,0,0,0,3,,1,1,0,0,0,0,0,0,0,0,,,1,33,53,33,18,2,0,0,0
CHN189810032,box,1898-10-03,2,CHI08,R,1,CHN,LS3,1,1,0,0,1,,27,3,7,9,2,0,0,,4,,1,,0,,0,2,0,1,,0,6,1,1,1,1,0,0,1,0,0,24,31,31,0,0,8,10,0,1,0,0,0,0,0,,0,0,0,0,0,0,0,0,0,0,,,1,24,34,24,8,2,0,0,0
CHN189810041,box,1898-10-04,1,CHI08,R,1,CHN,LS3,1,0,1,0,1,,33,2,8,12,1,0,1,,3,,3,,8,,1,0,0,0,,0,8,1,1,1,0,0,0,0,1,0,27,40,39,4,3,11,15,2,1,0,0,0,0,0,,0,1,0,0,0,0,0,0,0,0,,,1,27,41,26,12,3,0,0,0
CHN189810042,box,1898-10-04,2,CHI08,R,1,CHN,LS3,1,1,0,0,1,,19,4,6,11,2,0,1,,3,,1,,3,,0,1,0,3,,0,2,1,1,1,0,0,0,1,0,0,18,23,22,1,0,2,2,0,0,0,0,0,0,3,,0,1,0,0,0,0,0,0,0,0,,,1,18,24,18,4,2,0,0,0
CHN189810082,box,1898-10-08,2,CHI08,R,1,CHN,SLN,1,1,0,0,1,,29,4,8,13,0,1,1,,5,,2,,,,0,0,0,1,,0,3,1,1,1,0,0,0,1,0,0,27,40,34,3,1,7,11,1,0,1,0,3,,,,2,1,0,0,0,0,0,0,0,0,,,1,27,42,27,12,3,0,0,0
CHN189810091,box,1898-10-09,1,CHI08,R,1,CHN,SLN,1,1,0,0,1,,33,5,4,5,1,0,0,,2,,4,,1,,0,3,0,1,,0,6,1,1,1,0,0,0,1,0,0,30,40,37,4,4,10,13,1,1,0,0,2,,2,,0,1,0,0,0,0,0,0,0,0,,,1,30,49,30,19,0,2,0,1
CHN189810092,box,1898-10-09,2,CHI08,R,1,CHN,SLN,1,1,0,0,1,,20,3,8,8,0,0,0,,0,,1,,1,,0,0,0,1,,0,3,1,1,1,1,0,0,1,0,0,18,22,20,0,0,1,2,1,0,0,0,2,,1,,0,0,0,0,0,0,0,0,0,0,,,1,18,28,18,8,2,0,0,0
PIT189810130,box,1898-10-13,0,PIT05,R,0,CHN,PIT,1,1,0,0,1,,37,5,9,10,1,0,0,,5,,2,,0,,0,1,0,1,,0,8,1,1,1,0,0,0,1,0,0,27,34,33,1,0,6,7,1,0,0,0,0,0,2,,0,1,0,0,0,0,0,0,0,0,,,1,27,43,27,13,3,1,0,0
CIN189804150,box,1898-04-15,0,CIN05,R,1,CIN,CL4,1,1,0,0,1,,31,3,7,9,0,1,0,,3,,1,,2,,1,1,0,1,,0,4,1,1,1,0,0,0,1,0,0,27,34,29,2,2,5,9,2,1,0,0,4,,2,,0,1,0,0,0,0,0,0,0,0,,,1,27,43,27,14,2,0,0,0
CIN189804160,box,1898-04-16,0,CIN05,R,1,CIN,CL4,1,0,1,0,1,,30,1,6,6,0,0,0,,1,,3,,1,,0,1,0,1,,0,6,1,1,1,0,0,0,0,1,0,24,33,29,3,3,7,9,2,0,0,0,3,,2,,0,1,0,0,0,0,0,0,0,0,,,1,24,37,24,13,0,0,0,0
CIN189804170,box,1898-04-17,0,CIN05,R,1,CIN,CL4,1,1,0,0,1,,38,12,11,21,0,5,0,,11,,0,0,,,3,4,0,0,,0,6,1,1,1,0,0,0,1,0,0,27,35,31,1,1,5,7,0,1,0,0,4,,,,0,0,0,0,0,0,0,0,0,0,,,1,27,37,27,9,1,1,0,0
CIN189804210,box,1898-04-21,0,CIN05,R,1,CIN,PIT,1,1,0,0,1,,40,11,15,25,4,3,0,,10,,2,,,,0,0,0,0,,0,4,1,1,0,0,0,1,1,0,1,27,40,28,6,5,6,9,1,1,0,0,6,,,,3,3,0,0,0,0,0,0,0,0,,,1,27,45,27,14,4,2,0,0
CIN189804220,box,1898-04-22,0,CIN05,R,1,CIN,PIT,1,1,0,0,1,,34,11,10,10,0,0,0,,9,,9,,0,,0,1,0,2,,0,6,1,1,1,1,0,0,1,0,0,27,28,27,0,0,0,0,0,0,0,0,1,,2,,0,0,0,0,0,0,0,0,0,0,,,1,27,39,27,11,1,0,0,0
CIN189804250,box,1898-04-25,0,CIN05,R,1,CIN,CHN,1,0,1,0,1,,32,4,7,10,3,0,0,,4,,4,,6,,2,0,0,0,,0,7,1,1,1,0,0,0,0,1,0,24,39,34,7,3,8,10,0,1,0,0,4,,4,,1,0,0,0,0,0,0,0,0,0,,,1,24,35,24,6,5,1,0,0
CIN189804260,box,1898-04-26,0,CIN05,R,1,CIN,CHN,1,1,0,0,1,,32,3,9,13,2,1,0,,3,,1,,3,,0,2,0,0,,0,7,1,1,1,0,0,0,1,0,0,27,38,37,2,2,10,12,2,0,0,0,0,0,0,,1,0,0,0,0,0,0,0,0,0,,,1,27,43,27,14,2,0,0,0
CIN189804270,box,1898-04-27,0,CIN05,R,1,CIN,CHN,1,1,0,0,1,,29,5,8,11,3,0,0,,5,,1,0,0,1,1,3,0,0,0,0,5,1,1,1,0,0,0,1,0,0,27,38,37,3,3,11,12,1,0,0,0,1,0,2,1,0,0,0,0,0,0,0,0,0,0,,,1,27,38,27,11,0,1,0,0
CIN189804280,box,1898-04-28,0,CIN05,R,1,CIN,CL4,1,1,0,0,1,,30,5,7,12,3,1,0,,2,,3,0,2,0,0,2,0,1,1,0,6,1,1,1,0,0,0,1,0,0,27,37,32,3,3,8,9,1,0,0,0,4,0,2,1,1,0,0,0,0,0,0,0,0,0,,,1,27,41,27,14,0,1,0,0
PIT189804290,box,1898-04-29,0,PIT05,R,0,CIN,PIT,1,1,0,0,1,,30,5,7,8,1,0,0,,4,,4,,1,,0,2,0,0,,0,7,1,1,1,0,0,0,1,0,0,27,39,37,2,2,12,15,1,1,0,0,1,,2,,0,1,0,0,0,0,0,0,0,0,,,1,27,37,27,9,1,1,0,0
PIT189804300,box,1898-04-30,0,PIT05,R,0,CIN,PIT,1,1,0,0,1,,41,11,15,23,3,1,1,,9,,1,,,,0,1,0,2,,0,8,1,1,1,0,0,0,1,0,0,27,34,31,2,2,7,8,1,0,0,0,3,,,,0,0,0,0,0,0,0,0,0,0,,,1,27,42,27,14,1,3,0,0
CIN189805010,box,1898-05-01,0,CIN05,R,1,CIN,PIT,1,0,1,0,1,,37,5,11,14,1,1,0,,5,,2,,,,0,0,0,0,,0,7,1,1,0,0,0,1,0,1,0,27,47,42,11,6,14,21,3,2,0,0,2,,,,0,3,0,0,0,0,0,0,0,0,,,1,27,44,27,13,4,0,0,0
PIT189805020,box,1898-05-02,0,PIT05,R,0,CIN,PIT,1,1,0,0,1,,34,7,13,13,0,0,0,,6,,0,0,5,,0,2,0,3,,0,5,1,1,1,0,0,0,1,0,0,27,40,37,3,1,9,12,1,1,0,0,3,,5,,0,0,0,0,0,0,0,0,0,0,,,1,27,44,27,12,5,0,0,0
PIT189805030,box,1898-05-03,0,PIT05,R,0,CIN,PIT,1,1,0,0,1,,31,5,7,8,1,0,0,,3,,1,,5,,0,0,0,2,,0,3,1,1,1,0,0,0,1,0,0,27,35,31,2,1,6,6,0,0,0,0,3,,2,,0,1,0,0,0,0,0,0,0,0,,,1,27,43,27,13,3,1,0,0
CIN189805080,box,1898-05-08,0,CIN05,R,1,CIN,LS3,1,1,0,0,1,,32,7,12,13,1,0,0,,5,,2,,,,1,4,0,2,,0,8,1,1,1,0,0,0,1,0,0,27,39,33,1,1,6,8,2,0,0,0,3,,,,3,0,0,0,1,0,0,0,0,0,,,1,27,43,27,13,3,0,0,0
CIN189805090,box,1898-05-09,0,CIN05,R,1,CIN,SLN,1,0,1,0,1,,41,5,9,17,2,3,0,,4,,5,,4,,1,4,0,2,,0,10,1,1,1,0,0,0,0,1,0,36,54,48,6,5,13,17,2,1,0,0,3,,8,,1,2,0,0,0,0,0,0,0,0,,,1,36,56,35,17,4,0,0,0
CIN189805110,box,1898-05-11,0,CIN05,R,1,CIN,SLN,1,1,0,0,1,,29,2,6,7,1,0,0,,1,,1,,3,,0,3,0,0,,0,8,1,1,1,0,0,0,1,0,0,27,33,30,1,1,6,9,3,0,0,0,1,,1,,2,0,0,0,0,0,0,0,0,0,,,1,27,36,27,9,0,0,0,0
CIN189805121,box,1898-05-12,1,CIN05,R,1,CIN,SLN,1,1,0,0,1,,35,8,9,13,2,1,0,,6,,5,,,,2,5,0,3,,0,12,1,1,1,0,0,0,1,0,0,27,42,35,5,5,10,11,1,0,0,0,4,,,,2,1,0,0,0,0,0,0,0,0,,,1,27,40,27,12,1,0,0,0
CIN189805122,box,1898-05-12,2,CIN05,R,1,CIN,SLN,1,1,0,0,1,,25,3,4,5,1,0,0,,2,,2,,,,0,4,0,2,,0,4,1,1,1,0,0,0,1,0,0,27,36,31,2,2,7,11,4,0,0,0,3,,2,,0,2,0,0,0,0,0,0,0,0,,,1,27,38,27,11,0,0,0,0
CIN189805140,box,1898-05-14,0,CIN05,R,1,CIN,LS3,1,1,0,0,1,,33,7,12,19,3,2,0,,7,,2,,1,,1,2,0,0,,0,7,1,1,1,0,0,0,1,0,0,27,33,32,1,1,4,5,1,0,0,0,0,0,0,,1,0,0,0,1,0,0,0,0,0,,,1,27,42,27,14,1,0,0,0
CIN189805150,box,1898-05-15,0,CIN05,R,1,CIN,LS3,1,1,0,0,1,,33,4,10,11,1,0,0,,3,,3,,,,3,5,0,1,,0,8,1,1,1,0,0,0,1,0,0,33,43,41,3,2,7,12,1,2,0,0,1,,,,0,1,0,0,0,0,0,0,0,0,,,1,33,56,33,19,4,1,0,0
CIN189805190,box,1898-05-19,0,CIN05,R,1,CIN,BSN,1,1,0,0,1,,28,5,5,11,0,3,0,,5,,1,,,,2,0,0,0,,0,2,1,1,0,0,0,1,1,0,0,27,35,33,4,3,8,13,1,2,0,0,1,,,,0,1,0,0,0,0,0,0,0,0,,,1,27,42,27,14,1,1,0,0
CIN189805200,box,1898-05-20,0,CIN05,R,1,CIN,BSN,1,0,1,0,1,,30,4,5,10,1,2,0,,4,,8,,,,2,0,0,2,,0,9,1,1,1,0,0,0,0,1,0,27,41,34,5,5,10,13,1,1,0,0,6,,,,1,0,0,0,0,0,0,0,0,0,,,1,27,35,27,7,1,1,0,0
CIN189805210,box,1898-05-21,0,CIN05,R,1,CIN,BSN,1,0,1,0,1,,33,3,9,11,2,0,0,,3,,2,,2,,0,1,0,1,,0,6,1,1,1,0,0,0,0,1,0,27,38,36,4,2,12,16,0,2,0,0,0,0,1,,0,1,0,0,0,1,0,0,0,0,,,1,27,42,27,12,3,4,0,1
CIN189805220,box,1898-05-22,0,CIN05,R,1,CIN,PIT,1,1,0,0,1,,29,2,6,7,1,0,0,,1,,0,0,,,0,1,0,0,,0,4,1,1,1,1,0,0,1,0,0,27,31,29,0,0,5,5,0,0,0,0,0,0,,,1,1,0,0,0,0,0,0,0,0,,,1,27,33,27,6,0,2,0,0
CIN189805230,box,1898-05-23,0,CIN05,R,1,CIN,BRO,1,1,0,0,1,,32,7,11,13,2,0,0,,6,,3,,1,,0,2,0,1,,0,6,1,1,1,0,0,0,1,0,0,27,42,38,2,0,12,13,1,0,0,0,3,,1,,0,1,0,0,0,0,0,0,0,0,,,1,27,41,27,12,2,0,0,0
CIN189805240,box,1898-05-24,0,CIN05,R,1,CIN,BRO,1,0,1,0,1,,33,3,8,13,1,2,0,,3,,4,0,1,1,0,1,0,1,2,0,8,1,1,1,0,0,0,0,1,0,27,40,37,6,5,13,16,1,1,0,0,3,0,0,1,0,0,0,0,0,0,0,0,0,0,,,1,27,47,25,18,4,3,0,0
CIN189805250,box,1898-05-25,0,CIN05,R,1,CIN,BRO,1,1,0,0,1,,32,5,8,12,2,1,0,,4,,1,0,,1,0,0,0,0,2,0,4,1,1,1,0,0,0,1,0,0,27,38,37,4,4,12,13,1,0,0,0,0,0,,1,0,1,0,0,0,0,0,0,0,0,,,1,27,43,27,13,3,1,0,0
CIN189805260,box,1898-05-26,0,CIN05,R,1,CIN,NY1,1,1,0,0,1,,32,12,14,17,1,1,0,,12,,4,0,2,0,1,3,0,0,2,0,5,1,1,1,0,0,0,1,0,0,27,44,38,6,6,14,17,3,0,0,0,6,0,2,2,0,0,0,0,0,0,0,0,0,0,,,1,27,42,27,12,3,2,0,0
CIN189805270,box,1898-05-27,0,CIN05,R,1,CIN,NY1,1,1,0,0,1,,37,13,11,14,1,1,0,,10,,3,0,2,0,1,0,0,2,0,0,4,1,1,1,0,0,0,1,0,0,27,37,34,4,2,10,10,0,0,0,0,1,0,2,1,1,1,0,0,0,0,0,0,0,0,,,1,27,39,27,9,3,2,0,0
CIN189805280,box,1898-05-28,0,CIN05,R,1,CIN,NY1,1,1,0,0,1,,38,11,10,15,1,2,0,,8,,3,0,,0,0,1,0,2,0,0,7,1,1,1,0,0,0,1,0,0,27,44,37,7,7,12,17,1,2,0,0,7,0,,0,0,0,0,0,0,0,0,0,0,0,,,1,27,43,27,14,2,0,0,0
BRO189805301,box,1898-05-30,1,NYC12,R,0,CIN,BRO,1,1,0,0,1,,38,6,10,12,0,1,0,,2,,5,0,1,1,0,0,0,3,1,0,10,1,1,1,0,0,0,1,0,0,27,40,38,4,3,13,15,0,1,0,0,2,0,2,2,0,0,0,0,1,0,0,0,0,0,,,1,27,40,27,11,2,3,0,0
BRO189805302,box,1898-05-30,2,NYC12,R,0,CIN,BRO,1,1,0,0,1,,35,3,8,12,2,1,0,,3,,0,0,0,0,0,0,0,1,0,0,5,1,1,1,0,0,0,1,0,0,27,35,34,2,2,8,8,0,0,0,0,0,0,0,0,0,1,0,0,0,0,0,0,0,0,,,1,27,38,27,10,1,1,0,0
BRO189805310,box,1898-05-31,0,NYC12,R,0,CIN,BRO,1,1,0,0,1,,33,7,8,10,0,1,0,,5,,5,,4,,1,1,0,0,,0,6,1,1,1,0,0,0,1,0,0,27,36,35,2,1,6,8,0,1,0,0,1,,3,,0,0,0,0,0,0,0,0,0,0,,,1,27,47,27,18,2,0,0,1
BRO189806010,box,1898-06-01,0,NYC12,R,0,CIN,BRO,1,0,1,0,1,,31,3,4,6,2,0,0,,3,,2,,2,,1,0,0,0,,0,4,1,1,1,0,0,0,0,1,0,24,33,26,4,1,5,5,0,0,0,0,4,,2,,3,0,0,0,0,0,0,0,0,0,,,1,24,39,24,12,3,3,0,0
NY1189806020,box,1898-06-02,0,NYC10,R,0,CIN,NY1,1,0,1,0,1,,33,0,5,6,1,0,0,,0,,7,,9,,0,0,0,1,,0,13,1,1,1,0,0,0,0,1,0,24,35,30,3,3,8,12,1,0,1,0,3,,2,,0,2,0,0,0,0,0,0,0,0,,,1,24,39,24,14,1,1,0,1
NY1189806030,box,1898-06-03,0,NYC10,R,0,CIN,NY1,1,0,1,0,1,,41,10,17,24,2,1,1,,7,,2,,0,,0,1,0,0,,0,7,1,1,0,0,0,1,0,1,0,24,46,42,16,14,19,25,1,1,1,0,3,,4,,1,0,0,0,1,0,0,0,0,0,,,1,24,40,24,15,1,0,0,0
NY1189806040,box,1898-06-04,0,NYC10,R,0,CIN,NY1,1,1,0,0,1,,34,5,4,5,1,0,0,,4,,2,,,,0,0,0,1,,0,4,1,1,1,0,0,0,1,0,0,27,38,32,3,3,9,11,0,1,0,0,4,,,,1,1,0,0,0,0,0,0,0,0,,,1,27,46,27,18,1,1,0,1
NY1189806060,box,1898-06-06,0,NYC10,R,0,CIN,NY1,1,1,0,0,1,,39,10,15,20,2,0,1,,8,,0,0,4,1,1,2,0,3,3,0,5,1,1,1,0,0,0,1,0,0,27,34,30,1,1,4,5,1,0,0,0,4,0,2,2,0,0,0,0,0,0,0,0,0,0,,,1,27,42,27,13,2,2,0,0
BSN189806070,box,1898-06-07,0,BOS05,R,0,CIN,BSN,1,0,1,0,1,,35,2,7,7,0,0,0,,2,,2,,5,,0,0,0,0,,0,8,1,1,1,0,0,0,0,1,0,24,39,38,9,7,14,19,2,0,1,0,1,,0,,0,0,0,0,0,0,0,0,0,0,,,1,24,39,24,12,3,2,0,0
BSN189806080,box,1898-06-08,0,BOS05,R,0,CIN,BSN,1,0,1,0,1,,32,1,5,5,0,0,0,,1,,8,,8,,0,0,0,0,,0,12,1,1,1,0,0,0,0,1,0,24,39,34,10,7,10,17,1,0,2,0,5,,4,,0,0,0,0,0,0,0,0,0,0,,,1,24,35,24,8,3,0,0,0
BSN189806090,box,1898-06-09,0,BOS05,R,0,CIN,BSN,1,0,1,0,1,,35,5,9,14,2,0,1,,4,,2,,3,,1,2,0,0,,0,8,1,1,0,0,0,1,0,1,0,24,36,32,6,6,11,17,0,0,2,0,4,,6,,0,0,0,0,0,0,0,0,0,0,,,1,24,38,24,14,0,1,0,0
BSN189806100,box,1898-06-10,0,BOS05,R,0,CIN,BSN,1,1,0,0,1,,32,4,5,9,1,0,1,,4,,3,,0,,0,0,0,0,,0,4,1,1,1,0,0,0,1,0,0,27,37,33,3,3,8,8,0,0,0,0,3,,1,,0,1,0,0,0,0,0,0,0,0,,,1,27,40,27,13,0,0,0,0
LS3189806120,box,1898-06-12,0,LOU03,R,0,CIN,LS3,1,0,1,0,1,,32,4,8,11,0,0,1,,2,,2,,,,0,0,0,0,,0,3,1,1,1,0,0,0,0,1,0,24,35,31,5,3,7,12,2,0,1,0,4,,,,0,0,0,0,0,0,0,0,0,0,,,1,24,33,24,7,2,1,0,1
LS3189806130,box,1898-06-13,0,LOU03,R,0,CIN,LS3,1,1,0,0,1,,36,6,11,22,2,0,3,,5,,4,,,,2,0,0,3,,0,9,1,1,1,0,0,0,1,0,0,27,33,30,4,3,7,13,1,1,1,0,2,,,,0,1,0,0,0,0,0,0,0,0,,,1,27,43,27,15,1,1,0,1
LS3189806140,box,1898-06-14,0,LOU03,R,0,CIN,LS3,1,1,0,0,1,,40,7,14,20,3,0,1,,7,,1,,,,0,0,0,1,,0,7,1,1,0,0,0,1,1,0,0,27,36,31,3,1,7,8,1,0,0,0,4,,,,0,1,0,0,0,0,0,0,0,0,,,1,27,42,26,15,1,0,0,0
LS3189806150,box,1898-06-15,0,LOU03,R,0,CIN,LS3,1,1,0,0,1,,35,5,6,12,0,0,2,,5,,3,,,,0,0,0,4,,0,6,1,1,1,0,0,0,1,0,0,27,36,29,1,1,4,5,1,0,0,0,5,,,,0,2,0,0,0,0,0,0,0,0,,,1,27,40,27,13,0,0,0,0
CHN189806160,box,1898-06-16,0,CHI08,R,0,CIN,CHN,1,0,1,0,1,,31,1,3,3,0,0,0,,1,,0,0,1,,1,0,0,0,,0,4,1,1,1,0,0,0,0,1,0,24,40,38,9,6,13,14,1,0,0,0,1,,2,,1,0,0,0,0,0,0,0,0,0,,,1,24,41,24,11,6,0,0,0
CHN189806170,box,1898-06-17,0,CHI08,R,0,CIN,CHN,1,1,0,0,1,,52,2,9,11,2,0,0,,1,,1,,1,,0,2,0,0,,0,11,1,1,1,0,0,0,1,0,0,42,57,47,1,1,5,8,3,0,0,0,7,,3,,1,2,0,0,0,0,0,0,0,0,,,1,42,68,42,23,3,0,0,1
CHN189806180,box,1898-06-18,0,CHI08,R,0,CIN,CHN,1,0,1,0,1,,37,4,9,11,2,0,0,,4,,2,,,,0,0,0,0,,0,8,1,1,1,0,0,0,0,1,0,24,43,38,10,8,16,20,1,0,1,0,5,,,,0,0,0,0,0,0,0,0,0,0,,,1,24,42,23,16,3,1,0,2
CHN189806190,box,1898-06-19,0,CHI08,R,0,CIN,CHN,1,0,1,0,1,,35,1,9,14,1,2,0,,1,,1,,1,,0,0,0,1,,0,8,1,1,1,0,0,0,0,1,0,24,41,37,10,6,12,18,0,3,0,0,3,,0,,0,1,0,0,0,0,0,0,0,0,,,1,24,44,24,15,5,1,0,1
CIN189806200,box,1898-06-20,0,CIN05,R,1,CIN,BLN,1,0,1,0,1,,33,2,7,7,0,0,0,,2,,4,,0,,0,0,0,0,,0,8,1,1,1,0,0,0,0,1,0,27,51,47,17,14,20,24,2,1,0,0,4,,1,,0,0,0,0,1,0,0,0,0,0,,,1,27,46,27,15,4,0,0,0
CIN189806210,box,1898-06-21,0,CIN05,R,1,CIN,BLN,1,0,1,0,1,,37,2,5,8,1,1,0,,2,,4,,,,1,1,0,2,,0,11,1,1,1,0,0,0,0,1,0,30,40,38,4,4,9,11,0,1,0,0,2,,2,,0,0,0,0,0,0,0,0,0,0,,,1,30,50,30,18,2,1,0,1
CIN189806220,box,1898-06-22,0,CIN05,R,1,CIN,BLN,1,1,0,0,1,,31,3,6,9,3,0,0,,2,,3,,0,,0,1,0,0,,0,5,1,1,1,0,0,0,1,0,0,27,35,31,2,1,4,4,0,0,0,0,2,,,,1,1,0,0,0,0,0,0,0,0,,,1,27,43,27,13,3,0,0,0
CIN189806230,box,1898-06-23,0,CIN05,R,1,CIN,BLN,1,1,0,0,1,,39,13,14,17,3,0,0,,8,,7,,,,1,1,0,0,,0,8,1,1,1,0,0,0,1,0,0,27,43,38,4,4,12,12,0,0,0,0,5,,1,,0,0,0,0,1,0,0,0,0,0,,,1,27,40,27,12,1,1,0,0
CIN189806240,box,1898-06-24,0,CIN05,R,1,CIN,WSN,1,0,1,0,1,,37,8,11,12,1,0,0,,6,,5,,,,0,0,0,1,,0,7,1,1,0,0,0,1,0,1,0,24,44,40,10,6,15,18,3,0,0,0,2,,,,2,0,0,0,0,0,0,0,0,0,,,1,24,43,24,12,7,1,0,0
CIN189806250,box,1898-06-25,0,CIN05,R,1,CIN,WSN,1,1,0,0,1,,28,8,10,10,0,0,0,,7,,5,,,,1,0,0,4,,0,2,1,1,0,0,0,1,1,0,0,27,34,31,5,5,6,8,0,1,0,0,2,,,,1,0,0,0,2,0,0,0,0,0,,,1,27,38,27,11,0,0,0,0
CIN189806260,box,1898-06-26,0,CIN05,R,1,CIN,WSN,1,0,1,0,1,,36,4,10,10,0,0,0,,4,,3,,,,0,1,0,0,,0,9,1,1,1,0,0,0,0,1,0,27,46,37,13,11,13,17,4,0,0,0,7,,,,2,0,0,0,1,0,0,0,0,0,,,1,27,39,27,10,2,1,0,0
CIN189806270,box,1898-06-27,0,CIN05,R,1,CIN,WSN,1,0,1,0,1,,30,2,4,4,0,0,0,,1,,4,,3,,0,0,0,2,,0,5,1,1,1,0,0,0,0,1,0,24,38,34,9,9,13,18,3,1,0,0,3,,1,,1,0,0,0,0,0,0,0,0,0,,,1,24,38,24,13,1,1,0,0
SLN189806281,box,1898-06-28,1,STL05,R,0,CIN,SLN,1,1,0,0,1,,30,3,5,5,0,0,0,,2,,3,,0,,0,1,0,2,,0,4,1,1,1,0,0,0,1,0,0,27,36,34,2,2,6,8,0,1,0,0,0,0,0,,1,1,0,0,0,0,0,0,0,0,,,1,27,42,27,12,3,0,0,0
SLN189806282,box,1898-06-28,2,STL05,R,0,CIN,SLN,1,1,0,0,1,,35,5,8,15,2,1,1,,5,,1,,,,0,0,0,0,,0,4,1,1,1,1,0,0,1,0,0,27,36,32,0,0,9,10,1,0,0,0,1,,,,3,0,0,0,0,0,0,0,0,0,,,1,27,53,27,24,2,2,0,0
CIN189806290,box,1898-06-29,0,CIN05,R,1,CIN,PHI,1,1,0,0,1,,44,9,13,17,4,0,0,,5,,2,,1,,0,0,0,0,,0,8,1,1,0,0,0,1,1,0,0,30,47,40,8,5,12,16,0,2,0,0,5,,4,,2,0,0,0,0,0,0,0,0,0,,,1,30,45,30,10,5,1,0,0
CIN189806300,box,1898-06-30,0,CIN05,R,1,CIN,PHI,1,0,1,0,1,,36,3,7,11,0,2,0,,3,,4,,,,0,0,0,1,,0,10,1,1,1,0,0,0,0,1,0,27,58,56,17,13,27,40,4,3,1,0,2,,,,0,0,0,0,0,0,0,0,0,0,,,1,27,49,27,18,4,1,0,0
CIN189807010,box,1898-07-01,0,CIN05,R,1,CIN,PHI,1,1,0,0,1,,40,14,14,17,1,1,0,,9,,7,,0,,2,1,0,6,,0,9,1,1,1,0,0,0,1,0,0,27,35,34,2,0,8,10,2,0,0,0,1,,,,0,0,0,0,0,0,0,0,0,0,,,1,27,41,27,12,2,0,0,0
CIN189807020,box,1898-07-02,0,CIN05,R,1,CIN,PHI,1,1,0,0,1,,39,8,14,20,4,1,0,,4,,2,,,,0,0,0,1,,0,6,1,1,1,0,0,0,1,0,0,27,37,35,4,3,10,16,4,1,0,0,1,,,,1,0,0,0,0,0,0,0,0,0,,,1,27,42,27,13,2,1,0,0
CIN189807031,box,1898-07-03,1,CIN05,R,1,CIN,SLN,1,1,0,0,1,,35,7,9,15,0,3,0,,7,,2,,,,1,1,0,0,,0,5,1,1,1,0,0,0,1,0,0,27,42,37,5,4,12,15,3,0,0,0,4,,0,,1,0,0,0,0,0,0,0,0,0,,,1,27,45,27,15,3,1,0,0
CIN189807032,box,1898-07-03,2,CIN05,R,1,CIN,SLN,1,1,0,0,1,,42,10,17,26,1,4,0,,8,,2,,,,0,1,0,0,,0,8,1,1,1,0,0,0,1,0,0,27,45,41,7,7,14,17,0,0,1,0,4,,,,0,0,0,0,0,0,0,0,0,0,,,1,27,40,27,12,1,0,0,0
CIN189807041,box,1898-07-04,1,CIN05,R,1,CIN,LS3,1,1,0,0,1,,39,9,13,20,3,2,0,,9,,1,,,,1,2,0,1,,0,7,1,1,1,0,0,0,1,0,0,27,38,37,4,3,10,15,1,2,0,0,1,,,,0,0,0,0,0,0,0,0,0,0,,,1,27,37,27,8,2,2,0,0
CIN189807042,box,1898-07-04,2,CIN05,R,1,CIN,LS3,1,1,0,0,1,,39,11,14,18,2,1,0,,11,,6,,0,,1,0,0,0,,0,8,1,1,1,1,0,0,1,0,0,27,34,32,0,0,8,10,0,1,0,0,2,,,,0,0,0,0,0,0,0,0,0,0,,,1,27,45,27,18,0,2,0,0
CHN189807070,box,1898-07-07,0,CHI08,R,0,CIN,CHN,1,1,0,0,1,,39,7,9,12,1,1,0,,6,,5,,4,,1,0,0,5,,0,11,1,1,1,0,0,0,1,0,0,27,39,38,5,2,10,10,0,0,0,0,1,,1,,0,0,0,0,0,0,0,0,0,0,,,1,27,41,27,11,3,1,0,0
CHN189807080,box,1898-07-08,0,CHI08,R,0,CIN,CHN,1,1,0,0,1,,41,11,13,14,1,0,0,,8,,4,,,,2,0,0,0,,0,9,1,1,1,0,0,0,1,0,0,27,41,36,8,4,9,11,0,1,0,0,4,,,,0,1,0,0,0,0,0,0,0,0,,,1,27,45,27,12,6,2,0,0
CHN189807090,box,1898-07-09,0,CHI08,R,0,CIN,CHN,1,0,1,0,1,,34,3,7,10,1,1,0,,3,,2,,4,,1,0,0,0,,0,7,1,1,0,0,0,1,0,1,0,24,40,35,5,3,10,10,0,0,0,0,3,,3,,0,2,0,0,0,0,0,0,0,0,,,1,24,44,24,15,5,0,0,0
CIN189807100,box,1898-07-10,0,CIN05,R,1,CIN,CHN,1,1,0,0,1,,35,11,10,12,0,1,0,,6,,7,,2,,2,1,0,2,,0,7,1,1,1,0,0,0,1,0,0,27,41,33,7,6,10,17,3,2,0,0,6,,0,,1,1,0,0,0,0,0,0,0,0,,,1,27,48,27,19,2,0,0,0
BLN189807110,box,1898-07-11,0,BAL07,R,0,CIN,BLN,1,0,1,0,1,,33,4,8,9,1,0,0,,4,,1,,2,,0,1,0,1,,0,4,1,1,1,0,0,0,0,1,0,24,36,33,6,4,11,13,2,0,0,0,1,,1,,0,2,0,0,0,0,0,0,0,0,,,1,24,42,24,14,4,0,0,0
BLN189807120,box,1898-07-12,0,BAL07,R,0,CIN,BLN,1,1,0,0,1,,36,10,15,22,3,2,0,,8,,1,,3,,1,1,0,3,,0,5,1,1,1,0,0,0,1,0,0,27,43,35,5,5,11,16,0,1,1,0,4,,2,,2,2,0,0,0,0,0,0,0,0,,,1,27,42,27,15,0,1,0,0
BLN189807130,box,1898-07-13,0,BAL07,R,0,CIN,BLN,1,1,0,0,1,,36,11,13,19,2,2,0,,10,,4,,0,,1,3,0,3,,0,6,1,1,0,0,0,1,1,0,0,27,42,35,6,6,12,16,2,1,0,0,5,,1,,1,1,0,0,0,0,0,0,0,0,,,1,27,41,27,14,0,3,0,0
BLN189807140,box,1898-07-14,0,BAL07,R,0,CIN,BLN,1,0,0,1,1,,50,5,13,15,2,0,0,,2,,2,,1,,0,0,0,2,,0,11,1,1,1,0,0,0,0,0,0,36,54,45,5,5,13,14,1,0,0,0,8,,1,,0,1,0,0,0,0,0,0,0,0,,,1,36,54,36,18,0,0,0,0
PHI189807150,box,1898-07-15,0,PHI09,R,0,CIN,PHI,1,0,1,0,1,,30,3,4,5,1,0,0,,2,,7,,1,,1,1,0,0,,0,9,1,1,0,0,0,1,0,1,0,24,44,35,7,5,14,18,2,1,0,0,8,,2,,0,1,0,0,0,0,0,0,0,0,,,1,24,41,24,15,2,0,0,0
PHI189807160,box,1898-07-16,0,PHI09,R,0,CIN,PHI,1,0,1,0,1,,35,2,8,13,5,0,0,,2,,1,,2,,0,0,0,0,,0,7,1,1,0,0,0,1,0,1,0,24,38,34,6,5,12,16,1,0,1,0,2,,1,,1,1,0,0,1,0,0,0,0,0,,,1,24,39,24,14,1,0,0,0
PHI189807180,box,1898-07-18,0,PHI09,R,0,CIN,PHI,1,1,0,0,1,,38,5,11,13,2,0,0,,4,,1,,3,,0,0,0,1,,0,7,1,1,1,0,0,0,1,0,0,27,39,35,4,4,8,11,3,0,0,0,4,,2,,0,0,0,0,0,0,0,0,0,0,,,1,27,38,27,10,1,0,0,0
WSN189807200,box,1898-07-20,0,WAS06,R,0,CIN,WSN,1,0,1,0,1,,33,2,9,10,1,0,0,,2,,4,0,,0,0,0,0,2,1,0,8,1,1,1,0,0,0,0,1,0,24,37,35,3,2,10,13,1,1,0,0,1,0,0,0,1,0,0,0,0,0,0,0,0,0,,,1,24,35,24,7,4,0,0,0
WSN189807211,box,1898-07-21,1,WAS06,R,0,CIN,WSN,1,1,0,0,1,,40,12,18,27,1,1,2,,11,,2,0,4,0,1,2,0,2,1,0,6,1,1,0,0,0,1,1,0,0,27,40,37,6,4,12,18,2,2,0,0,3,0,2,0,0,0,0,0,0,0,0,0,0,0,,,1,27,41,27,12,2,2,0,1
WSN189807212,box,1898-07-21,2,WAS06,R,0,CIN,WSN,1,1,0,0,1,,38,7,11,15,0,2,0,,7,,1,0,0,0,0,0,0,2,1,0,5,1,1,1,0,0,0,1,0,0,27,39,34,4,4,8,13,3,1,0,0,5,0,2,0,0,0,0,0,0,0,0,0,0,0,,,1,27,41,27,13,1,1,0,0
WSN189807220,box,1898-07-22,0,WAS06,R,0,CIN,WSN,1,1,0,0,1,,35,5,11,16,0,1,1,,5,,3,0,1,1,0,1,0,1,2,0,7,1,1,1,0,0,0,1,0,0,27,30,30,1,1,4,5,1,0,0,0,0,0,0,1,0,0,0,0,0,0,0,0,0,0,,,1,27,46,27,17,2,2,0,0
PIT189807230,box,1898-07-23,0,PIT05,R,0,CIN,PIT,1,1,0,0,1,,35,3,9,12,3,0,0,,1,,2,,2,,0,2,0,3,,0,9,1,1,1,0,0,0,1,0,0,27,35,28,2,2,6,10,4,0,0,0,2,,2,,2,3,0,0,0,0,0,0,0,0,,,1,27,41,27,13,1,0,0,0
CIN189807240,box,1898-07-24,0,CIN05,R,1,CIN,PIT,1,1,0,0,1,,30,6,7,9,2,0,0,,6,,5,,,,0,1,0,0,,0,6,1,1,0,0,0,1,1,0,0,27,40,35,5,0,7,7,0,0,0,0,5,,,,0,0,0,0,0,0,0,0,0,0,,,1,27,37,26,8,3,0,0,0
PIT189807261,box,1898-07-26,1,PIT05,R,0,CIN,PIT,1,1,0,0,1,,33,6,12,16,0,2,0,,5,,4,,1,,1,3,0,1,,0,8,1,1,1,0,0,0,1,0,0,27,36,35,3,0,6,7,1,0,0,0,0,0,1,,0,1,0,0,0,0,0,0,0,0,,,1,27,45,27,15,3,0,0,0
PIT189807262,box,1898-07-26,2,PIT05,R,0,CIN,PIT,1,0,1,0,1,,31,2,10,12,0,1,0,,2,,5,,3,,0,2,0,0,,0,9,1,1,1,0,0,0,0,1,0,24,32,29,3,3,8,14,1,1,1,0,2,,2,,0,1,0,0,0,0,0,0,0,0,,,1,24,35,24,11,0,0,0,0
CIN189807280,box,1898-07-28,0,CIN05,R,1,CIN,BRO,1,1,0,0,1,,33,7,11,12,1,0,0,,5,,3,0,1,0,1,2,0,2,0,0,8,1,1,1,0,0,0,1,0,0,27,39,36,1,1,9,10,1,0,0,0,3,0,0,0,0,0,0,0,0,0,0,0,0,0,,,1,27,40,27,11,2,1,0,0
CIN189807290,box,1898-07-29,0,CIN05,R,1,CIN,BRO,1,1,0,0,1,,38,6,14,16,2,0,0,,5,,1,,0,,0,0,0,0,,0,9,1,1,1,0,0,0,1,0,0,27,39,36,5,4,13,16,1,1,0,0,2,,1,,1,0,0,0,0,0,0,0,0,0,,,1,27,48,27,19,2,2,0,0
CIN189807300,box,1898-07-30,0,CIN05,R,1,CIN,BRO,1,1,0,0,1,,28,8,9,14,3,1,0,,7,,7,,2,,0,1,0,0,,0,4,1,1,1,0,0,0,1,0,0,27,35,31,2,2,6,7,1,0,0,0,4,,0,,0,0,0,0,0,0,0,0,0,0,,,1,27,38,27,11,0,1,0,0
CIN189807310,box,1898-07-31,0,CIN05,R,1,CIN,BRO,1,1,0,0,1,,33,9,14,21,2,1,1,,9,,1,,0,,0,1,0,1,,0,5,1,1,1,0,0,0,1,0,0,24,35,33,5,3,9,11,0,1,0,0,1,,0,,1,0,0,0,0,0,0,0,0,0,,,1,24,43,24,15,4,1,0,0
CIN189808020,box,1898-08-02,0,CIN05,R,1,CIN,NY1,1,0,1,0,1,,34,5,9,12,1,1,0,,4,,3,0,,0,1,0,0,3,0,0,6,1,1,1,0,0,0,0,1,0,27,43,37,7,7,10,15,5,0,0,0,6,0,,0,0,0,0,0,0,1,0,0,0,0,,,1,27,40,27,12,1,1,0,0
CIN189808041,box,1898-08-04,1,CIN05,R,1,CIN,NY1,1,0,1,0,1,,32,5,10,11,1,0,0,,4,,7,0,3,1,1,1,0,6,0,0,9,1,1,0,0,0,1,0,1,0,27,40,36,6,6,10,12,2,0,0,0,3,0,,0,1,0,0,0,1,0,0,0,0,0,,,1,27,39,27,11,1,0,0,1
CIN189808042,box,1898-08-04,2,CIN05,R,1,CIN,NY1,1,0,0,1,1,,33,5,11,12,1,0,0,,5,,4,0,0,0,0,2,0,0,2,0,7,1,1,1,0,0,0,0,0,0,27,40,33,5,0,6,10,2,1,0,0,6,0,0,0,0,1,0,0,0,0,0,0,0,0,,,1,27,42,27,11,4,0,0,0
CIN189808051,box,1898-08-05,1,CIN05,R,1,CIN,NY1,1,0,1,0,1,,31,5,6,6,0,0,0,,5,,9,0,0,3,0,0,0,0,0,0,8,1,1,1,0,0,0,0,1,0,27,43,41,9,8,14,20,4,1,0,0,1,0,4,0,0,1,0,0,0,0,0,0,0,0,,,1,27,41,27,11,3,0,0,2
CIN189808052,box,1898-08-05,2,CIN05,R,1,CIN,NY1,1,1,0,0,1,,29,9,9,13,2,1,0,,8,,6,0,2,0,0,1,0,2,0,0,6,1,1,1,0,0,0,1,0,0,21,25,24,1,1,3,5,2,0,0,0,1,0,3,0,0,0,0,0,0,0,0,0,0,0,,,1,21,27,21,6,0,0,0,0
CIN189808060,box,1898-08-06,0,CIN05,R,1,CIN,BSN,1,1,0,0,1,,29,2,4,5,1,0,0,,2,,4,0,,0,2,0,0,2,1,0,7,1,1,1,0,0,0,1,0,0,27,36,36,1,1,9,11,2,0,0,0,0,0,,1,0,0,0,0,0,0,0,0,0,0,,,1,27,45,27,17,1,1,0,0
CIN189808070,box,1898-08-07,0,CIN05,R,1,CIN,BLN,1,1,0,0,1,,26,4,8,10,0,1,0,,3,,1,,,,2,2,0,0,,0,3,1,1,1,0,0,0,1,0,0,27,38,34,1,1,8,9,1,0,0,0,4,,,,0,0,0,0,0,0,0,0,0,0,,,1,27,44,27,15,2,0,0,0
CIN189808090,box,1898-08-09,0,CIN05,R,1,CIN,BSN,1,0,1,0,1,,29,0,5,5,0,0,0,,0,,0,0,,,0,0,0,0,,0,2,1,1,1,0,0,0,0,1,0,27,40,34,8,5,10,14,2,1,0,0,3,,0,,2,1,0,0,0,0,0,0,0,0,,,1,27,47,27,16,4,1,0,0
CIN189808101,box,1898-08-10,1,CIN05,R,1,CIN,BSN,1,0,1,0,1,,38,4,10,12,2,0,0,,4,,0,0,,,0,0,0,1,,0,7,1,1,1,0,0,0,0,1,0,27,39,35,7,7,11,14,3,0,0,0,3,,0,,0,1,0,0,0,0,0,0,0,0,,,1,27,38,27,10,1,1,0,0
CIN189808102,box,1898-08-10,2,CIN05,R,1,CIN,BSN,1,0,1,0,1,,38,5,10,12,2,0,0,,3,,3,,,,0,0,0,2,,0,9,1,1,1,0,0,0,0,1,0,24,38,34,6,0,8,10,0,1,0,0,3,,,,1,0,0,0,0,0,0,0,0,0,,,1,24,36,24,8,4,0,0,0
BRO189808120,box,1898-08-12,0,NYC12,R,0,CIN,BRO,1,1,0,0,1,,30,4,11,13,2,0,0,,3,,2,0,,1,0,3,0,3,4,0,4,1,1,1,0,0,0,1,0,0,27,36,35,3,0,7,9,0,1,0,0,0,0,,0,0,1,0,0,0,0,0,0,0,0,,,1,27,43,27,12,4,0,0,0
BRO189808130,box,1898-08-13,0,NYC12,R,0,CIN,BRO,1,0,1,0,1,,36,1,8,8,0,0,0,,0,,3,,0,,0,1,0,2,,0,9,1,1,1,0,0,0,0,1,0,27,39,36,2,2,11,13,0,1,0,0,2,,,,1,0,0,0,1,0,0,0,0,0,,,1,27,48,27,19,2,1,0,0
BRO189808150,box,1898-08-15,0,NYC12,R,0,CIN,BRO,1,1,0,0,1,,34,8,10,10,0,0,0,,6,,5,0,4,0,0,5,0,4,1,0,9,1,1,1,1,0,0,1,0,0,27,33,30,0,0,6,6,0,0,0,0,2,0,1,3,1,0,0,0,0,0,0,0,0,0,,,1,27,45,27,16,2,4,0,1
NY1189808160,box,1898-08-16,0,NYC10,R,0,CIN,NY1,1,0,1,0,1,,33,0,6,6,0,0,0,,0,,2,0,,0,0,1,0,0,0,0,9,1,1,1,0,0,0,0,1,0,24,36,31,4,4,9,13,2,1,0,0,3,0,,0,2,0,0,0,0,0,0,0,0,0,,,1,24,34,24,10,0,0,0,1
NY1189808170,box,1898-08-17,0,NYC10,R,0,CIN,NY1,1,0,1,0,1,,29,1,7,7,0,0,0,,0,,3,0,3,0,0,0,0,0,1,0,7,1,1,1,0,0,0,0,1,0,21,31,24,3,3,6,11,1,2,0,0,7,0,1,0,0,0,0,0,0,0,0,0,0,0,,,1,21,33,21,12,0,0,0,0
NY1189808180,box,1898-08-18,0,NYC10,R,0,CIN,NY1,1,0,1,0,1,,32,0,5,6,1,0,0,,0,,3,0,7,0,1,0,0,0,0,0,9,1,1,0,0,0,1,0,1,0,24,36,32,7,5,9,9,0,0,0,0,4,0,1,0,0,0,0,0,0,0,0,0,0,0,,,1,24,36,24,10,2,0,0,0
BSN189808200,box,1898-08-20,0,BOS05,R,0,CIN,BSN,1,0,1,0,1,,31,1,4,4,0,0,0,,1,,8,,1,,0,0,0,0,,0,11,1,1,1,0,0,0,0,1,0,24,31,30,2,2,9,12,3,0,0,0,0,0,0,,0,1,0,0,0,0,0,0,0,0,,,1,24,34,24,9,1,3,0,0
BSN189808221,box,1898-08-22,1,BOS05,R,0,CIN,BSN,1,1,0,0,1,,38,7,10,14,2,1,0,,5,,1,,4,,0,0,0,0,,0,5,1,1,1,0,0,0,1,0,0,27,40,34,2,1,8,10,2,0,0,0,4,,3,,1,1,0,0,0,0,0,0,0,0,,,1,27,44,27,16,1,0,0,0
BSN189808222,box,1898-08-22,2,BOS05,R,0,CIN,BSN,1,0,0,1,1,,30,5,10,17,4,0,1,,5,,3,,,,0,1,0,0,,0,8,1,1,1,0,0,0,0,0,0,21,32,30,5,3,8,10,2,0,0,0,1,,,,0,1,0,0,0,0,0,0,0,0,,,1,21,31,21,6,4,1,0,1
CIN189808250,box,1898-08-25,0,CIN05,R,1,CIN,BLN,1,0,1,0,1,,30,1,3,4,1,0,0,,1,,2,,,,0,0,0,0,,0,4,1,1,0,0,0,1,0,1,0,27,49,44,14,14,18,25,3,2,0,0,4,,,,0,1,0,0,1,0,0,0,0,0,,,1,27,43,27,13,3,0,0,0
CIN189808260,box,1898-08-26,0,CIN05,R,1,CIN,BLN,1,1,0,0,1,,36,10,10,14,0,2,0,,8,,8,,,,0,0,0,2,,0,10,1,1,1,1,0,0,1,0,0,27,35,29,0,0,4,5,1,0,0,0,6,,,,0,0,0,0,0,0,0,0,0,0,,,1,27,41,27,14,0,1,0,0
CIN189808270,box,1898-08-27,0,CIN05,R,1,CIN,PHI,1,1,0,0,1,,25,3,4,4,0,0,0,,2,,2,,,,3,2,0,2,,0,6,1,1,1,0,0,0,1,0,0,27,33,31,2,2,6,8,0,1,0,0,2,,,,0,0,0,0,0,0,0,0,0,0,,,1,27,44,27,16,1,1,0,0
CIN189808281,box,1898-08-28,1,CIN05,R,1,CIN,PIT,1,1,0,0,1,,37,9,16,17,1,0,0,,9,,5,,,,1,1,0,5,,0,11,1,1,1,0,0,0,1,0,0,27,36,34,4,4,7,10,3,0,0,0,1,,,,0,1,0,0,0,0,0,0,0,0,,,1,27,37,27,9,1,0,0,0
CIN189808282,box,1898-08-28,2,CIN05,R,1,CIN,PIT,1,1,0,0,1,,27,6,8,10,2,0,0,,4,,2,,,,0,2,0,3,,0,4,1,1,1,0,0,0,1,0,0,24,35,27,5,5,8,9,1,0,0,0,2,,,,4,2,0,0,0,0,0,0,0,0,,,1,24,41,24,16,1,1,0,0
CIN189808290,box,1898-08-29,0,CIN05,R,1,CIN,PHI,1,0,1,0,1,,38,7,12,19,1,3,0,,7,,3,,1,,0,0,0,0,,0,7,1,1,0,0,0,1,0,1,0,27,40,37,8,8,11,14,3,0,0,0,2,,3,,0,0,0,0,0,1,0,0,0,0,,,1,27,41,27,12,2,1,0,0
CIN189808300,box,1898-08-30,0,CIN05,R,1,CIN,PHI,1,0,1,0,1,,33,1,6,9,1,1,0,,1,,0,0,,,1,1,0,0,,0,7,1,1,1,0,0,0,0,1,0,27,43,42,9,6,13,19,2,2,0,0,1,,,,0,0,0,0,0,0,0,0,0,0,,,1,27,40,27,9,4,0,0,0
CIN189808310,box,1898-08-31,0,CIN05,R,1,CIN,WSN,1,1,0,0,1,,38,9,14,16,2,0,0,,6,,2,,,,0,0,0,1,,0,7,1,1,1,0,0,0,1,0,0,27,37,35,5,4,9,11,0,1,0,0,2,,,,0,0,0,0,0,0,0,0,0,0,,,1,27,39,27,11,1,1,0,0
CIN189809010,box,1898-09-01,0,CIN05,R,1,CIN,WSN,1,1,0,0,1,,33,5,13,16,3,0,0,,4,,3,,,,0,1,0,1,,0,8,1,1,1,0,0,0,1,0,0,27,36,33,4,3,8,10,2,0,0,0,1,,,,0,2,0,0,0,0,0,0,0,0,,,1,27,44,27,16,1,1,0,0
CIN189809030,box,1898-09-03,0,CIN05,R,1,CIN,WSN,1,1,0,0,1,,32,4,9,12,1,1,0,,3,,3,,,,1,0,0,1,,0,8,1,1,1,0,0,0,1,0,0,27,36,32,2,2,8,9,1,0,0,0,3,,,,0,1,0,0,0,0,0,0,0,0,,,1,27,45,27,17,1,1,0,0
CIN189809040,box,1898-09-04,0,CIN05,R,1,CIN,CL4,1,1,0,0,1,,26,2,5,9,2,1,0,,2,,1,,,,1,2,0,0,,0,4,1,1,1,1,0,0,1,0,0,27,38,32,0,0,6,7,1,0,0,0,4,,,,0,2,0,0,0,0,0,0,0,0,,,1,27,40,27,10,3,1,0,0
CIN189809051,box,1898-09-05,1,CIN05,R,1,CIN,CL4,1,0,1,0,1,,60,6,17,21,2,1,0,,4,,1,,,,0,0,0,2,,0,13,1,1,1,0,0,0,0,1,0,42,65,59,8,6,21,26,5,0,0,0,5,,,,0,1,0,0,0,0,0,0,0,0,,,1,42,65,42,21,2,1,0,0
CIN189809052,box,1898-09-05,2,CIN05,R,1,CIN,CL4,1,1,0,0,1,,19,1,5,10,1,2,0,,2,,1,,,,0,0,0,0,,0,4,1,1,1,1,0,0,1,0,0,15,19,18,0,0,3,4,1,0,0,0,1,,,,0,0,0,0,0,0,0,0,0,0,,,1,15,20,15,4,1,0,0,0
CIN189809060,box,1898-09-06,0,CIN05,R,1,CIN,CHN,1,1,0,0,1,,37,9,15,24,1,4,0,,8,,5,,,,0,1,0,0,,0,8,1,1,0,0,0,1,1,0,0,27,44,39,8,7,13,20,2,1,1,0,2,,3,,2,1,0,0,0,0,0,0,0,0,,,1,27,44,27,15,2,0,0,0
CIN189809070,box,1898-09-07,0,CIN05,R,1,CIN,CHN,1,0,1,0,1,,37,2,10,11,1,0,0,,2,,2,,2,,0,0,0,0,,0,10,1,1,1,0,0,0,0,1,0,27,45,41,13,11,15,26,4,2,1,0,4,,6,,0,0,0,0,0,0,0,0,0,0,,,1,27,42,27,9,6,0,0,0
CIN189809090,box,1898-09-09,0,CIN05,R,1,CIN,CHN,1,1,0,0,1,,30,6,7,9,2,0,0,,4,,4,,1,,1,1,0,2,,0,6,1,1,1,0,0,0,1,0,0,27,36,31,4,4,7,10,1,1,0,0,4,,1,,0,1,0,0,1,0,0,0,0,0,,,1,27,36,27,9,0,2,0,0
CIN189809100,box,1898-09-10,0,CIN05,R,1,CIN,LS3,1,0,1,0,1,,31,1,5,11,2,2,0,,1,,1,,,,0,0,0,0,,0,4,1,1,1,0,0,0,0,1,0,27,36,34,3,2,7,9,2,0,0,0,1,,,,0,1,0,0,0,0,0,0,0,0,,,1,27,47,27,15,5,1,0,0
CIN189809110,box,1898-09-11,0,CIN05,R,1,CIN,LS3,1,0,1,0,1,,36,5,11,16,3,1,0,,5,,4,,,,0,0,0,0,,0,8,1,1,0,0,0,1,0,1,0,27,44,41,9,7,15,20,1,2,0,0,2,,,,1,0,0,0,0,0,0,0,0,0,,,1,27,43,26,14,3,0,0,0
BLN189809140,box,1898-09-14,0,BAL07,R,0,CIN,BLN,1,0,1,0,1,,31,1,4,4,0,0,0,,0,,0,0,7,,0,0,0,0,,0,3,1,1,1,0,0,0,0,1,0,24,35,31,3,1,8,13,1,2,0,0,2,,1,,2,0,0,0,0,0,0,0,0,0,,,1,24,40,24,13,3,0,0,0
BLN189809151,box,1898-09-15,1,BAL07,R,0,CIN,BLN,1,0,1,0,1,,31,1,5,7,0,1,0,,1,,1,,0,,0,0,0,0,,0,4,1,1,1,0,0,0,0,1,0,27,47,42,15,15,20,26,2,2,0,0,3,,3,,1,1,0,0,0,0,0,0,0,0,,,1,27,44,27,15,2,2,0,0
BLN189809152,box,1898-09-15,2,BAL07,R,0,CIN,BLN,1,0,1,0,1,,37,3,12,13,1,0,0,,3,,1,,,,0,2,0,0,,0,10,1,1,1,0,0,0,0,1,0,24,41,33,6,6,12,19,3,2,0,0,4,,2,,2,2,0,0,0,0,0,0,0,0,,,1,24,30,24,6,0,0,0,0
BLN189809160,box,1898-09-16,0,BAL07,R,0,CIN,BLN,1,0,1,0,1,,35,2,10,13,1,1,0,,2,,3,,2,,0,3,0,2,,0,12,1,1,1,0,0,0,0,1,0,24,34,30,3,1,9,9,0,0,0,0,4,,2,,0,0,0,0,0,0,0,0,0,0,,,1,24,40,23,14,3,0,0,0
PHI189809170,box,1898-09-17,0,PHI09,R,0,CIN,PHI,1,1,0,0,1,,40,10,16,21,5,0,0,,8,,3,,,,0,0,0,2,,0,6,1,1,0,0,0,1,1,0,0,27,49,43,9,4,13,18,3,1,0,0,5,,,,1,0,0,0,0,0,0,0,0,0,,,1,27,40,27,9,4,0,0,0
PHI189809191,box,1898-09-19,1,PHI09,R,0,CIN,PHI,1,0,1,0,1,,30,0,5,6,1,0,0,,1,,1,,,,0,0,0,0,,0,4,1,1,1,0,0,0,0,1,0,24,36,31,8,7,13,17,2,1,0,0,2,,,,1,2,0,0,0,0,0,0,0,0,,,1,24,39,24,14,1,1,0,0
PHI189809192,box,1898-09-19,2,PHI09,R,0,CIN,PHI,1,0,1,0,1,,31,1,6,6,0,0,0,,1,,1,,,,0,0,0,0,,0,4,1,1,1,0,0,0,0,1,0,24,43,32,9,6,7,8,1,0,0,0,10,,,,0,1,0,0,1,0,0,0,0,0,,,1,24,36,24,9,3,0,0,0
PHI189809200,box,1898-09-20,0,PHI09,R,0,CIN,PHI,1,1,0,0,1,,34,7,11,12,1,0,0,,7,,4,,1,,2,2,0,2,,0,8,1,1,1,0,0,0,1,0,0,27,39,33,5,5,9,12,1,1,0,0,5,,5,,0,1,0,0,0,0,0,0,0,0,,,1,27,37,27,10,0,0,0,0
WSN189809210,box,1898-09-21,0,WAS06,R,0,CIN,WSN,1,1,0,0,1,,39,15,16,26,6,2,0,,12,,6,,6,,0,0,0,4,,0,6,1,1,1,0,0,0,1,0,0,27,37,35,3,3,9,10,1,0,0,0,2,,3,,0,0,0,0,0,0,0,0,0,0,,,1,27,43,27,16,0,0,0,0
WSN189809231,box,1898-09-23,1,WAS06,R,0,CIN,WSN,1,0,1,0,1,,31,1,5,6,1,0,0,,0,,4,0,1,1,0,0,0,1,0,0,7,1,1,1,0,0,0,0,1,0,27,33,32,3,2,8,11,1,1,0,0,0,0,2,0,1,0,0,0,0,0,0,0,0,0,,,1,27,38,27,10,1,1,0,0
WSN189809232,box,1898-09-23,2,WAS06,R,0,CIN,WSN,1,1,0,0,1,,36,10,14,18,4,0,0,,9,,4,0,1,0,0,3,0,2,1,0,9,1,1,0,0,0,1,1,0,1,27,41,40,6,6,13,18,3,1,0,0,0,0,0,0,1,0,0,0,0,0,0,0,0,0,,,1,27,43,27,14,2,2,0,0
CIN189809251,box,1898-09-25,1,CIN05,R,1,CIN,CL4,1,1,0,0,1,,37,5,9,10,1,0,0,,4,,6,,,,0,3,0,1,,0,9,1,1,0,0,0,1,1,0,0,33,48,43,4,3,12,15,3,0,0,0,3,,,,0,2,0,0,0,0,0,0,0,0,,,1,33,59,33,22,4,0,0,0
CIN189809252,box,1898-09-25,2,CIN05,R,1,CIN,CL4,1,0,0,1,1,,17,2,3,3,0,0,0,,1,,1,,,,1,0,0,0,,0,2,1,1,1,0,0,0,0,0,0,15,21,18,2,1,2,2,0,0,0,0,3,,,,0,0,0,0,0,0,0,0,0,0,,,1,15,23,15,6,2,0,0,0
CIN189809260,box,1898-09-26,0,CIN05,R,1,CIN,CL4,1,0,1,0,1,,39,3,8,9,1,0,0,,2,,0,0,,,0,2,0,1,,0,5,1,1,1,0,0,0,0,1,0,33,47,44,4,4,12,15,3,0,0,0,3,,,,0,0,0,0,0,0,0,0,0,0,,,1,33,48,33,14,1,0,0,1
CIN189809270,box,1898-09-27,0,CIN05,R,1,CIN,CL4,1,1,0,0,1,,37,9,16,21,3,1,0,,7,,5,,0,,0,1,0,2,,0,10,1,1,1,0,0,0,1,0,0,27,37,34,2,2,9,9,0,0,0,0,3,,0,,0,0,0,0,0,0,0,0,0,0,,,1,27,47,27,17,3,4,0,0
CL4189809280,box,1898-09-28,0,STL05,R,0,CIN,CL4,1,0,1,0,1,,30,1,4,7,1,1,0,,1,,3,,0,,0,1,0,0,,0,6,1,1,1,0,0,0,0,1,0,24,34,33,4,3,8,10,0,1,0,0,1,,0,,0,0,0,0,0,0,0,0,0,0,,,1,24,37,24,10,3,1,0,0
CL4189809290,box,1898-09-29,0,STL05,R,0,CIN,CL4,1,0,1,0,1,,33,2,6,7,1,0,0,,2,,1,,,,1,0,0,0,,0,6,1,1,0,0,0,1,0,1,0,24,36,31,7,3,10,10,0,0,0,0,4,,,,0,1,0,0,0,0,0,0,0,0,,,1,24,45,24,18,3,2,0,0
CIN189810011,box,1898-10-01,1,CIN05,R,1,CIN,SLN,1,1,0,0,1,,28,4,7,10,1,1,0,,2,,1,,,,0,3,0,1,,0,4,1,1,1,0,0,0,1,0,0,27,41,37,3,3,13,17,4,0,0,0,2,,,,0,2,0,0,0,0,0,0,0,0,,,1,27,40,27,13,0,0,0,0
CIN189810012,box,1898-10-01,2,CIN05,R,1,CIN,SLN,1,0,1,0,1,,33,3,7,9,2,0,0,,3,,3,,,,0,0,0,1,,0,6,1,1,1,0,0,0,0,1,0,27,42,35,7,6,13,16,3,0,0,0,3,,,,1,3,0,0,0,0,0,0,0,0,,,1,27,50,27,19,4,2,0,0
CIN189810021,box,1898-10-02,1,CIN05,R,1,CIN,SLN,1,1,0,0,1,,31,6,10,12,0,1,0,,6,,1,,,,0,2,0,2,,0,4,1,1,1,0,0,0,1,0,0,27,34,29,2,2,3,6,1,1,0,0,4,,,,1,0,0,0,0,0,0,0,0,0,,,1,27,37,27,10,0,0,0,0
CIN189810022,box,1898-10-02,2,CIN05,R,1,CIN,SLN,1,1,0,0,1,,25,4,6,8,0,1,0,,4,,4,,,,2,2,0,0,,0,5,1,1,1,1,0,0,1,0,0,27,31,28,0,0,3,4,1,0,0,0,2,,,,0,1,0,0,0,0,0,0,0,0,,,1,27,43,27,14,2,0,0,0
CIN189810031,box,1898-10-03,1,CIN05,R,1,CIN,SLN,1,1,0,0,1,,32,8,11,19,3,1,1,,7,,5,,,,0,1,0,0,,0,6,1,1,1,1,0,0,1,0,0,27,34,30,0,0,5,5,0,0,0,0,3,,,,0,1,0,0,0,0,0,0,0,0,,,1,27,35,27,8,0,1,0,0
CIN189810032,box,1898-10-03,2,CIN05,R,1,CIN,SLN,1,1,0,0,1,,36,7,12,17,3,1,0,,7,,3,,,,0,0,0,0,,0,8,1,1,1,0,0,0,1,0,0,27,39,39,5,4,13,17,2,1,0,0,0,0,,,0,0,0,0,0,0,0,0,0,0,,,1,27,42,27,13,2,0,0,0
CIN189810091,box,1898-10-09,1,CIN05,R,1,CIN,CL4,1,1,0,0,1,,40,12,18,19,1,0,0,,11,,1,,,,0,0,0,3,,0,5,1,1,1,0,0,0,1,0,0,27,38,35,5,4,7,8,1,0,0,0,3,,,,0,0,0,0,0,0,0,0,0,0,,,1,27,40,27,11,2,0,0,0
CIN189810092,box,1898-10-09,2,CIN05,R,1,CIN,CL4,1,0,0,1,1,,26,6,7,14,1,3,0,,6,,4,,,,0,2,0,0,,0,5,1,1,1,0,0,0,0,0,0,21,33,29,6,4,8,11,1,1,0,0,3,,,,0,1,0,0,0,0,0,0,0,0,,,1,21,28,21,4,3,0,0,0
LS3189810100,box,1898-10-10,0,LOU03,R,0,CIN,LS3,1,0,1,0,1,,35,3,8,8,0,0,0,,3,,1,,,,0,1,0,4,,0,7,1,1,1,0,0,0,0,1,0,24,36,32,6,5,8,11,1,1,0,0,2,,,,2,0,0,0,0,0,0,0,0,0,,,1,24,37,24,11,2,0,0,1
LS3189810121,box,1898-10-12,1,LOU03,R,0,CIN,LS3,1,1,0,0,1,,34,5,8,8,0,0,0,,3,,4,,,,1,2,0,2,,0,9,1,1,1,0,0,0,1,0,0,27,34,30,2,1,5,6,1,0,0,0,4,,0,,0,0,0,0,0,0,0,0,0,0,,,1,27,42,27,13,2,3,0,0
LS3189810122,box,1898-10-12,2,LOU03,R,0,CIN,LS3,1,0,1,0,1,,32,1,6,8,2,0,0,,1,,2,,,,0,1,0,0,,0,7,1,1,1,0,0,0,0,1,0,24,35,33,4,2,10,16,0,3,0,0,1,,0,,1,0,0,0,0,0,0,0,0,0,,,1,24,42,24,14,4,1,0,0
CIN189804150,box,1898-04-15,0,CIN05,R,0,CL4,CIN,1,0,1,0,1,,29,2,5,9,2,1,0,,2,,4,,2,,0,1,0,0,,0,5,1,1,1,0,0,0,0,1,0,27,34,31,3,1,7,9,0,1,0,0,1,,2,,1,1,0,0,0,0,0,0,0,0,,,1,27,45,27,15,3,0,0,1
CIN189804160,box,1898-04-16,0,CIN05,R,0,CL4,CIN,1,1,0,0,1,,29,3,7,9,2,0,0,,3,,3,,2,,0,1,0,0,,0,6,1,1,1,0,0,0,1,0,0,27,34,30,1,0,6,6,0,0,0,0,3,,1,,0,1,0,0,0,0,0,0,0,0,,,1,27,47,27,18,2,1,0,0
CIN189804170,box,1898-04-17,0,CIN05,R,0,CL4,CIN,1,0,1,0,1,,31,1,5,7,0,1,0,,1,,4,,,,0,0,0,0,,0,7,1,1,1,0,0,0,0,1,0,27,45,38,12,5,11,21,0,5,0,0,0,0,,,3,4,0,0,0,0,0,0,0,0,,,1,27,47,27,16,4,1,0,0
SLN189804200,box,1898-04-20,0,STL05,R,0,CL4,SLN,1,1,0,0,1,,36,10,12,26,0,1,4,,10,,4,0,,0,0,4,0,1,2,0,7,1,1,1,0,0,0,1,0,0,27,35,34,5,5,7,15,2,0,2,0,1,0,,0,0,0,0,0,0,0,0,0,0,0,,,1,27,38,27,11,0,0,0,0
SLN189804220,box,1898-04-22,0,STL05,R,0,CL4,SLN,1,1,0,0,1,,36,7,14,21,3,2,0,,7,,3,,,,1,1,0,0,,0,10,1,1,1,1,0,0,1,0,0,27,36,35,0,0,8,8,0,0,0,0,1,,,,0,0,0,0,0,0,0,0,0,0,,,1,27,36,27,8,1,0,0,0
LS3189804240,box,1898-04-24,0,LOU03,R,0,CL4,LS3,1,1,0,0,1,,35,9,12,15,0,0,1,,9,,9,,,,0,2,0,1,,0,10,1,1,1,0,0,0,1,0,0,27,35,34,1,0,6,6,0,0,0,0,0,0,,,1,0,0,0,0,0,0,0,0,0,,,1,27,41,27,12,2,0,0,0
LS3189804250,box,1898-04-25,0,LOU03,R,0,CL4,LS3,1,1,0,0,1,,38,11,10,11,1,0,0,,10,,6,,,,0,1,0,2,,0,7,1,1,1,0,0,0,1,0,0,27,36,33,4,1,6,6,0,0,0,0,1,,,,2,0,0,0,0,0,0,0,0,0,,,1,27,46,26,15,5,1,0,0
LS3189804260,box,1898-04-26,0,LOU03,R,0,CL4,LS3,1,1,0,0,1,,35,9,10,13,1,1,0,,6,,5,,,,0,1,0,2,,0,6,1,1,1,0,0,0,1,0,0,27,45,38,8,7,10,13,1,1,0,0,6,,0,,0,1,0,0,0,0,0,0,0,0,,,1,27,42,27,11,4,0,0,1
LS3189804270,box,1898-04-27,0,LOU03,R,0,CL4,LS3,1,0,1,0,1,,40,8,12,17,1,2,0,,7,,2,,,,1,0,0,0,,0,8,1,1,0,0,0,1,0,1,0,27,45,40,9,8,17,20,1,1,0,0,4,,,,0,1,0,0,0,0,0,0,0,0,,,1,27,41,27,13,1,1,0,0
CIN189804280,box,1898-04-28,0,CIN05,R,0,CL4,CIN,1,0,1,0,1,,32,3,8,9,1,0,0,,3,,4,0,2,1,1,0,0,0,1,0,7,1,1,1,0,0,0,0,1,0,24,35,30,5,2,7,12,3,1,0,0,3,0,2,0,0,2,0,0,1,0,0,0,0,0,,,1,24,43,24,15,4,0,0,0
CL4189804290,box,1898-04-29,0,CLE05,R,1,CL4,SLN,1,1,0,0,1,,35,6,13,17,4,0,0,,6,,4,,0,,0,0,0,0,,0,9,1,1,1,0,0,0,1,0,0,27,32,32,2,0,3,3,0,0,0,0,0,0,2,,0,0,0,0,0,0,0,0,0,0,,,1,27,42,27,13,2,0,0,0
CL4189804300,box,1898-04-30,0,CLE05,R,1,CL4,SLN,1,0,1,0,1,,34,1,5,6,1,0,0,,1,,0,0,1,0,0,0,0,0,0,0,3,1,1,1,0,0,0,0,1,0,30,41,35,4,4,10,13,3,0,0,0,3,0,3,0,1,2,0,0,1,0,0,0,0,0,,,1,30,45,30,14,1,0,0,0
CL4189805031,box,1898-05-03,1,CLE05,R,1,CL4,SLN,1,1,0,0,1,,33,5,9,11,2,0,0,,5,,3,,3,,1,1,0,1,,0,9,1,1,1,0,0,0,1,0,0,27,39,35,2,1,9,10,1,0,0,0,2,,2,,1,1,0,0,0,0,0,0,0,0,,,1,27,41,27,12,2,1,0,0
CL4189805032,box,1898-05-03,2,CLE05,R,1,CL4,SLN,1,1,0,0,1,,29,3,8,9,1,0,0,,2,,1,,0,,0,1,0,0,,0,4,1,1,1,0,0,0,1,0,0,27,35,35,2,2,8,10,2,0,0,0,0,0,2,,0,0,0,0,0,0,0,0,0,0,,,1,27,40,27,12,1,0,0,0
CL4189805040,box,1898-05-04,0,CLE05,R,1,CL4,LS3,1,1,0,0,1,,35,8,14,15,1,0,0,,8,,3,,4,,0,1,0,3,,0,7,1,1,1,0,0,0,1,0,0,27,36,35,3,3,12,19,3,2,0,0,1,,0,,0,0,0,0,0,0,0,0,0,0,,,1,27,43,27,15,1,0,0,0
CL4189805071,box,1898-05-07,1,CLE05,R,1,CL4,LS3,1,1,0,0,1,,28,9,11,13,0,1,0,,8,,8,,3,,2,3,0,0,,0,8,1,1,1,0,0,0,1,0,0,27,42,38,7,3,10,11,1,0,0,0,1,,4,,1,2,0,0,0,0,0,0,0,0,,,1,27,40,26,9,5,0,0,0
CL4189805072,box,1898-05-07,2,CLE05,R,1,CL4,LS3,1,1,0,0,1,,29,14,12,14,2,0,0,,13,,7,,2,,2,0,0,0,,0,6,1,1,1,0,0,0,1,0,0,21,33,31,5,4,8,11,3,0,0,0,2,,7,,0,0,0,0,0,0,0,0,0,0,,,1,21,31,21,8,2,0,0,0
CL4189805090,box,1898-05-09,0,CLE05,R,1,CL4,CHN,1,0,1,0,1,,31,1,5,5,0,0,0,,1,,2,,1,,1,0,0,0,,0,6,1,1,0,0,0,1,0,1,0,27,48,46,12,3,18,23,3,1,0,0,1,,1,,1,0,0,0,1,0,0,0,0,0,,,1,27,44,27,13,4,0,0,0
CL4189805110,box,1898-05-11,0,CLE05,R,1,CL4,CHN,1,1,0,0,1,,33,7,11,13,2,0,0,,6,,3,0,0,0,1,1,0,0,1,0,7,1,1,1,0,0,0,1,0,0,27,37,36,5,5,10,16,4,1,0,0,1,0,3,0,0,0,0,0,0,0,0,0,0,0,,,1,27,41,27,14,0,1,0,0
CL4189805120,box,1898-05-12,0,CLE05,R,1,CL4,CHN,1,1,0,0,1,,40,12,15,23,2,3,0,,9,,5,,4,,0,1,0,1,,0,10,1,1,1,0,0,0,1,0,0,27,39,36,4,3,11,15,4,0,0,0,2,,2,,0,1,0,0,0,0,0,0,0,0,,,1,27,52,27,21,4,1,0,0
CHN189805130,box,1898-05-13,0,CHI08,R,0,CL4,CHN,1,1,0,0,1,,39,7,11,13,2,0,0,,5,,3,,,,1,1,0,0,,0,10,1,1,1,0,0,0,1,0,0,27,38,32,3,1,5,5,0,0,0,0,6,,,,0,0,0,0,0,0,0,0,0,0,,,1,27,41,27,10,4,1,0,0
CHN189805150,box,1898-05-15,0,CHI08,R,0,CL4,CHN,1,1,0,0,1,,33,5,4,6,0,1,0,,3,,3,,4,,0,1,0,0,,0,8,1,1,1,0,0,0,1,0,0,27,38,37,2,2,10,13,1,1,0,0,1,,0,,0,0,0,0,0,0,0,0,0,0,,,1,27,43,27,15,1,0,0,0
CHN189805160,box,1898-05-16,0,CHI08,R,0,CL4,CHN,1,0,1,0,1,,40,4,9,9,0,0,0,,2,,3,,1,,0,0,0,0,,0,12,1,1,1,0,0,0,0,1,0,27,52,48,12,5,18,19,1,0,0,0,3,,2,,0,1,0,0,0,0,0,0,0,0,,,1,27,55,27,19,9,0,0,0
CHN189805170,box,1898-05-17,0,CHI08,R,0,CL4,CHN,1,0,1,0,1,,41,6,11,13,0,1,0,,4,,1,,3,,0,0,0,0,,0,9,1,1,1,0,0,0,0,1,0,27,46,38,13,10,12,18,4,1,0,0,5,,1,,1,2,0,0,1,0,0,0,0,0,,,1,27,48,27,17,4,0,0,0
CL4189805200,box,1898-05-20,0,CLE05,R,1,CL4,PHI,1,0,1,0,1,,39,3,11,14,1,1,0,,2,,1,,2,,0,0,0,0,,0,10,1,1,1,0,0,0,0,1,0,27,39,34,6,6,10,16,6,0,0,0,4,,3,,0,1,0,0,0,0,0,0,0,0,,,1,27,41,27,14,0,1,0,0
CL4189805211,box,1898-05-21,1,CLE05,R,1,CL4,PHI,1,1,0,0,1,,37,5,14,15,1,0,0,,3,,2,,,,1,1,0,3,,0,12,1,1,1,0,0,0,1,0,0,27,34,32,2,0,3,3,0,0,0,0,2,,,,0,0,0,0,0,0,0,0,0,0,,,1,27,43,27,13,3,1,0,0
CL4189805212,box,1898-05-21,2,CLE05,R,1,CL4,PHI,1,1,0,0,1,,31,3,11,11,0,0,0,,3,,3,,1,,0,2,0,1,,0,9,1,1,1,1,0,0,1,0,0,27,33,30,0,0,7,7,0,0,0,0,2,,0,,0,1,0,0,0,0,0,0,0,0,,,1,27,44,27,16,1,2,0,0
CL4189805230,box,1898-05-23,0,CLE05,R,1,CL4,WSN,1,1,0,0,1,,32,4,6,7,1,0,0,,4,,4,,3,,0,1,0,1,,0,7,1,1,1,0,0,0,1,0,0,27,37,35,3,1,8,11,1,1,0,0,1,,2,,1,0,0,0,0,0,0,0,0,0,,,1,27,42,27,12,3,0,0,0
CL4189805240,box,1898-05-24,0,CLE05,R,1,CL4,WSN,1,1,0,0,1,,31,4,9,9,0,0,0,,4,,7,,1,,1,1,0,0,,0,12,1,1,1,1,0,0,1,0,0,27,37,33,0,0,10,12,2,0,0,0,3,,3,,1,0,0,0,0,0,0,0,0,0,,,1,27,41,27,14,0,3,0,0
CL4189805250,box,1898-05-25,0,CLE05,R,1,CL4,WSN,1,1,0,0,1,,31,5,8,11,3,0,0,,4,,3,,1,,1,2,0,0,,0,8,1,1,1,0,0,0,1,0,0,27,35,32,4,4,9,12,3,0,0,0,1,,0,,1,1,0,0,0,0,0,0,0,0,,,1,27,39,27,12,0,2,0,0
CL4189805260,box,1898-05-26,0,CLE05,R,1,CL4,BLN,1,1,0,0,1,,28,5,9,10,1,0,0,,4,,2,,2,,0,1,0,1,,0,2,1,1,1,0,0,0,1,0,0,27,40,39,4,4,12,15,3,0,0,0,1,,1,,0,0,0,0,0,0,0,0,0,0,,,1,27,41,27,12,2,0,0,0
CL4189805270,box,1898-05-27,0,CLE05,R,1,CL4,BLN,1,1,0,0,1,,32,4,8,9,1,0,0,,4,,2,,2,,0,0,0,0,,0,6,1,1,1,0,0,0,1,0,0,27,35,33,1,1,7,9,0,1,0,0,1,,2,,0,1,0,0,0,0,0,0,0,0,,,1,27,43,27,16,0,0,0,0
CL4189805280,box,1898-05-28,0,CLE05,R,1,CL4,BLN,1,0,1,0,1,,31,0,4,4,0,0,0,,0,,5,,2,,1,0,0,3,,0,10,1,1,1,0,0,0,0,1,0,27,39,35,3,1,11,12,1,0,0,0,3,,2,,0,1,0,0,0,0,0,0,0,0,,,1,27,45,27,16,2,1,0,0
NY1189805301,box,1898-05-30,1,NYC10,R,0,CL4,NY1,1,0,1,0,1,,27,2,5,5,0,0,0,,1,,7,,7,,1,0,0,2,,0,6,1,1,1,0,0,0,0,1,0,24,36,32,6,5,11,15,2,1,0,0,3,,3,,0,1,0,0,0,0,0,0,0,0,,,1,24,38,24,13,1,0,0,0
NY1189805302,box,1898-05-30,2,NYC10,R,0,CL4,NY1,1,0,1,0,1,,36,8,11,13,0,1,0,,6,,3,,4,,0,1,0,0,,0,5,1,1,0,0,0,1,0,1,0,26,40,38,9,6,13,13,0,0,0,0,2,,3,,0,0,0,0,1,0,0,0,0,0,,,1,26,40,26,12,2,1,0,0
NY1189805310,box,1898-05-31,0,NYC10,R,0,CL4,NY1,1,1,0,0,1,,35,3,8,9,1,0,0,,3,,1,0,0,0,0,2,0,1,0,0,8,1,1,1,0,0,0,1,0,0,27,32,32,1,1,6,6,0,0,0,0,0,0,,0,0,0,0,0,0,0,0,0,0,0,,,1,27,35,27,8,0,0,0,0
NY1189806010,box,1898-06-01,0,NYC10,R,0,CL4,NY1,1,0,1,0,1,,26,0,4,4,0,0,0,,0,,5,0,2,2,0,0,0,0,1,0,4,1,1,1,0,0,0,0,1,0,24,33,29,2,0,5,5,0,0,0,0,3,0,1,0,1,0,0,0,0,0,0,0,0,0,,,1,24,44,24,17,3,1,0,0
BSN189806020,box,1898-06-02,0,BOS05,R,0,CL4,BSN,1,1,0,0,1,,35,6,8,8,0,0,0,,5,,8,,1,,0,1,0,0,,0,11,1,1,1,0,0,0,1,0,0,27,32,30,1,1,3,6,0,0,1,0,2,,1,,0,0,0,0,0,0,0,0,0,0,,,1,27,40,27,13,0,0,0,0
BSN189806061,box,1898-06-06,1,BOS05,R,0,CL4,BSN,1,0,1,0,1,,34,5,5,7,2,0,0,,5,,4,0,,0,0,0,0,0,0,0,6,1,1,0,0,0,1,0,1,0,24,36,32,9,4,10,13,3,0,0,0,3,0,,1,0,1,0,0,0,0,0,0,0,0,,,1,24,36,24,11,1,1,0,0
BSN189806062,box,1898-06-06,2,BOS05,R,0,CL4,BSN,1,1,0,0,1,,31,2,5,5,0,0,0,,2,,4,,0,,0,2,0,1,,0,8,1,1,1,1,0,0,1,0,0,27,34,34,0,0,7,8,1,0,0,0,0,0,4,,0,0,0,0,1,0,0,0,0,0,,,1,27,34,27,6,1,1,0,1
BRO189806070,box,1898-06-07,0,NYC12,R,0,CL4,BRO,1,0,1,0,1,,41,5,12,15,3,0,0,,5,,4,0,1,1,0,0,0,0,0,0,10,1,1,1,0,0,0,0,1,0,29,42,35,6,6,11,20,3,0,2,0,5,0,2,1,0,2,0,0,0,0,0,0,0,0,,,1,29,49,29,19,1,1,0,0
BRO189806080,box,1898-06-08,0,NYC12,R,0,CL4,BRO,1,1,0,0,1,,36,8,9,13,1,0,1,,5,,3,0,3,0,0,2,0,0,0,0,6,1,1,1,0,0,0,1,0,0,27,35,34,2,2,10,12,0,1,0,0,0,0,1,1,0,1,0,0,0,0,0,0,0,0,,,1,27,44,27,16,1,1,0,0
BRO189806090,box,1898-06-09,0,NYC12,R,0,CL4,BRO,1,1,0,0,1,,43,11,13,18,5,0,0,,10,,10,0,0,0,0,0,0,2,0,0,15,1,1,1,0,0,0,1,0,0,27,36,32,2,1,4,4,0,0,0,0,4,0,4,1,0,0,0,0,0,0,0,0,0,0,,,1,27,46,27,17,2,1,0,0
BRO189806100,box,1898-06-10,0,NYC12,R,0,CL4,BRO,1,1,0,0,1,,40,8,11,13,2,0,0,,6,,6,0,3,0,0,0,0,0,0,0,11,1,1,1,0,0,0,1,0,0,27,34,34,1,1,7,8,1,0,0,0,0,0,2,0,0,0,0,0,0,0,0,0,0,0,,,1,27,41,27,12,2,0,0,0
PIT189806110,box,1898-06-11,0,PIT05,R,0,CL4,PIT,1,1,0,0,1,,35,4,9,9,0,0,0,,2,,3,,1,,0,2,0,1,,0,9,1,1,1,0,0,0,1,0,0,27,33,31,2,2,10,12,0,1,0,0,0,0,1,,0,2,0,0,0,0,0,0,0,0,,,1,27,46,27,18,1,1,0,0
CL4189806120,box,1898-06-12,0,CLL01,R,1,CL4,PIT,1,0,1,0,1,,17,1,4,5,1,0,0,,1,,3,,1,,0,2,0,0,,0,6,1,1,1,0,0,0,0,1,0,15,23,18,3,3,4,5,1,0,0,0,5,,1,,0,0,0,0,0,0,0,0,0,0,,,1,15,24,15,9,0,1,0,0
CL4189806140,box,1898-06-14,0,CLE05,R,1,CL4,PIT,1,0,1,0,1,,32,1,6,6,0,0,0,,1,,4,,1,,0,1,0,0,,0,9,1,1,1,0,0,0,0,1,0,27,34,32,3,3,7,9,2,0,0,0,1,,1,,1,0,0,0,0,0,0,0,0,0,,,1,27,36,27,9,0,0,0,0
CL4189806150,box,1898-06-15,0,CLE05,R,1,CL4,PIT,1,0,1,0,1,,37,3,11,14,3,0,0,,3,,1,,3,,0,0,0,0,,0,8,1,1,1,0,0,0,0,1,0,27,38,36,4,3,10,12,2,0,0,0,0,0,5,,0,2,0,0,0,0,0,0,0,0,,,1,27,42,27,13,2,0,0,1
PIT189806180,box,1898-06-18,0,PIT05,R,0,CL4,PIT,1,0,1,0,1,,37,4,9,12,1,1,0,,3,,0,0,2,,0,0,0,0,,0,6,1,1,0,0,0,1,0,1,0,24,42,40,10,9,17,19,2,0,0,0,1,,1,,0,1,0,0,1,0,0,0,0,0,,,1,24,42,24,15,3,0,0,1
CL4189806190,box,1898-06-19,0,CLL01,R,1,CL4,PIT,1,1,0,0,1,,23,4,4,5,1,0,0,,3,,9,,1,,1,2,0,1,,0,8,1,1,1,0,0,0,1,0,0,24,35,31,3,3,11,13,2,0,0,0,1,,0,,0,3,0,0,0,0,0,0,0,0,,,1,24,41,24,16,1,0,0,0
CL4189806200,box,1898-06-20,0,CLE05,R,1,CL4,BRO,1,0,1,0,1,,35,4,8,9,1,0,0,,4,,6,,0,,0,0,0,0,,0,10,1,1,1,0,0,0,0,1,0,27,42,39,7,6,13,16,3,0,0,0,1,,1,,1,1,0,0,0,0,0,0,0,0,,,1,27,49,27,18,4,1,0,0
CL4189806210,box,1898-06-21,0,CLE05,R,1,CL4,BRO,1,0,1,0,1,,37,5,12,16,2,1,0,,5,,3,0,,1,0,1,0,1,1,0,9,1,1,1,0,0,0,0,1,0,27,39,33,7,3,7,7,0,0,0,0,3,0,,2,3,0,0,0,0,0,0,0,0,0,,,1,27,51,27,18,6,2,0,0
CL4189806220,box,1898-06-22,0,CLE05,R,1,CL4,BRO,1,1,0,0,1,,34,5,9,11,2,0,0,,5,,3,0,2,1,1,1,0,0,0,0,7,1,1,1,0,0,0,1,0,0,27,35,32,2,0,4,5,1,0,0,0,2,0,1,0,1,0,0,0,1,0,0,0,0,0,,,1,27,37,27,9,1,0,0,0
CL4189806230,box,1898-06-23,0,CLE05,R,1,CL4,BRO,1,1,0,0,1,,34,4,12,14,0,1,0,,4,,5,0,0,1,0,2,0,2,1,0,10,1,1,1,0,0,0,1,0,0,27,38,36,2,1,10,11,1,0,0,0,1,0,1,0,0,1,0,0,0,0,0,0,0,0,,,1,27,39,27,11,1,0,0,0
CL4189806240,box,1898-06-24,0,CLE05,R,1,CL4,NY1,1,0,1,0,1,,34,4,9,9,0,0,0,,4,,7,0,4,1,3,0,0,0,0,0,13,1,1,0,0,0,1,0,1,0,24,41,37,11,8,14,18,2,1,0,0,3,0,4,0,1,0,0,0,0,0,0,0,0,0,,,1,24,39,24,12,3,0,0,0
CL4189806250,box,1898-06-25,0,CLE05,R,1,CL4,NY1,1,1,0,0,1,,31,9,5,5,0,0,0,,5,,5,,0,,3,1,0,1,,0,7,1,1,1,0,0,0,1,0,0,27,33,31,1,1,7,8,1,0,0,0,2,,2,,0,0,0,0,0,0,0,0,0,0,,,1,27,39,27,12,0,2,0,0
CL4189806281,box,1898-06-28,1,CLE05,R,1,CL4,NY1,1,0,1,0,1,,27,0,2,2,0,0,0,,0,,6,0,2,0,0,0,0,0,0,0,6,1,1,1,0,0,0,0,1,0,27,37,37,4,4,9,12,1,1,0,0,0,0,3,0,0,0,0,0,0,0,0,0,0,0,,,1,27,44,27,15,2,0,0,0
CL4189806282,box,1898-06-28,2,CLE05,R,1,CL4,NY1,1,1,0,0,1,,27,6,8,8,0,0,0,,2,,4,0,2,1,2,4,0,1,0,0,7,1,1,1,0,0,0,1,0,0,27,36,33,4,4,12,13,1,0,0,0,3,0,2,0,0,0,0,0,0,0,0,0,0,0,,,1,27,40,27,13,0,0,0,0
CL4189806290,box,1898-06-29,0,CLE05,R,1,CL4,BSN,1,1,0,0,1,,28,3,6,8,2,0,0,,3,,3,,0,,0,2,0,0,,0,6,1,1,1,1,0,0,1,0,0,27,34,32,0,0,10,10,0,0,0,0,2,,0,,0,0,0,0,0,0,0,0,0,0,,,1,27,45,27,18,0,1,0,0
CL4189806300,box,1898-06-30,0,CLE05,R,1,CL4,BSN,1,0,1,0,1,,33,5,7,11,1,0,1,,5,,7,,2,,1,2,0,2,,0,11,1,1,0,0,0,1,0,1,0,27,46,43,10,8,15,21,4,1,0,0,1,,1,,0,2,0,0,0,0,0,0,0,0,,,1,27,41,27,11,3,0,0,0
CL4189807010,box,1898-07-01,0,CLE05,R,1,CL4,BSN,1,1,0,0,1,,42,12,16,20,1,0,1,,8,,7,,4,,0,1,0,5,,0,11,1,1,1,0,0,0,1,0,0,27,42,39,6,2,10,14,4,0,0,0,2,,0,,1,0,0,0,0,0,0,0,0,0,,,1,27,42,27,12,3,1,0,0
CL4189807020,box,1898-07-02,0,CLE05,R,1,CL4,BSN,1,1,0,0,1,,34,8,8,13,2,0,1,,6,,5,,2,,1,2,0,2,,0,7,1,1,1,0,0,0,1,0,0,27,35,33,1,0,6,6,0,0,0,0,2,,1,,0,0,0,0,0,0,0,0,0,0,,,1,27,38,27,9,2,0,0,0
CHN189807041,box,1898-07-04,1,CHI08,R,0,CL4,CHN,1,1,0,0,1,,42,11,13,15,2,0,0,,6,,3,,1,,0,1,0,0,,0,8,1,1,1,0,0,0,1,0,0,27,29,27,2,2,5,6,1,0,0,0,1,,2,,1,0,0,0,0,0,0,0,0,0,,,1,27,40,27,13,0,4,0,0
CHN189807042,box,1898-07-04,2,CHI08,R,0,CL4,CHN,1,0,1,0,1,,32,3,10,14,2,1,0,,3,,4,,0,,0,4,0,0,,0,10,1,1,1,0,0,0,0,1,0,26,42,39,4,2,13,13,0,0,0,0,2,,5,,0,1,0,0,0,0,0,0,0,0,,,1,26,42,26,12,4,0,0,0
CHN189807050,box,1898-07-05,0,CHI08,R,0,CL4,CHN,1,0,1,0,1,,35,4,8,9,1,0,0,,2,,5,,1,,1,0,0,0,,0,10,1,1,1,0,0,0,0,1,0,24,37,35,5,3,12,13,1,0,0,0,2,,3,,0,0,0,0,0,0,0,0,0,0,,,1,24,39,24,14,1,0,0,0
CHN189807060,box,1898-07-06,0,CHI08,R,0,CL4,CHN,1,0,1,0,1,,35,5,9,12,1,1,0,,2,,1,,2,,0,1,0,0,,0,5,1,1,1,0,0,0,0,1,0,26,41,37,6,4,11,13,2,0,0,0,3,,1,,0,1,0,0,1,0,0,0,0,0,,,1,26,47,26,18,3,0,0,1
CL4189807070,box,1898-07-07,0,CLE05,R,1,CL4,SLN,1,1,0,0,1,,45,6,13,17,4,0,0,,4,,0,0,3,0,0,1,0,2,0,0,10,1,1,1,0,0,0,1,0,0,30,42,40,5,3,11,13,2,0,0,0,2,0,3,1,0,0,0,0,1,0,0,0,0,0,,,1,30,46,30,13,3,1,0,0
CL4189807080,box,1898-07-08,0,CLE05,R,1,CL4,SLN,1,1,0,0,1,,30,5,5,6,1,0,0,,5,,4,,2,,0,1,0,0,,0,3,1,1,1,1,0,0,1,0,0,27,34,28,0,0,2,2,0,0,0,0,6,,3,,0,0,0,0,0,0,0,0,0,0,,,1,27,38,27,11,0,1,0,1
CL4189807090,box,1898-07-09,0,CLE05,R,1,CL4,SLN,1,1,0,0,1,,37,9,13,15,0,1,0,,8,,4,,0,,0,3,0,2,,0,8,1,1,1,0,0,0,1,0,0,27,34,33,2,2,8,9,1,0,0,0,1,,2,,0,0,0,0,1,0,0,0,0,0,,,1,27,40,27,12,1,2,0,0
PHI189807110,box,1898-07-11,0,PHI09,R,0,CL4,PHI,1,0,1,0,1,,34,3,8,9,1,0,0,,3,,3,,2,,0,1,0,0,,0,8,1,1,1,0,0,0,0,1,0,24,39,36,9,5,10,15,3,1,0,0,3,,0,,0,0,0,0,0,0,0,0,0,0,,,1,24,41,24,15,2,0,0,0
PHI189807120,box,1898-07-12,0,PHI09,R,0,CL4,PHI,1,1,0,0,1,,38,6,14,19,1,2,0,,6,,1,,2,,0,1,0,0,,0,7,1,1,1,0,0,0,1,0,0,27,36,32,3,3,7,15,0,4,0,0,3,,4,,0,1,0,0,0,0,0,0,0,0,,,1,27,37,27,10,0,0,0,0
PHI189807130,box,1898-07-13,0,PHI09,R,0,CL4,PHI,1,1,0,0,1,,38,8,11,15,1,0,1,,7,,2,,0,,0,1,0,0,,0,6,1,1,1,0,0,0,1,0,0,27,36,35,1,0,9,10,1,0,0,0,0,0,1,,0,1,0,0,0,0,0,0,0,0,,,1,27,42,27,13,2,0,0,1
PHI189807140,box,1898-07-14,0,PHI09,R,0,CL4,PHI,1,0,1,0,1,,30,0,4,4,0,0,0,,0,,4,,6,,1,1,0,0,,0,9,1,1,1,0,0,0,0,1,0,24,31,27,1,1,3,4,1,0,0,0,4,,6,,0,0,0,0,0,0,0,0,0,0,,,1,24,33,24,9,0,0,0,0
WSN189807150,box,1898-07-15,0,WAS06,R,0,CL4,WSN,1,1,0,0,1,,37,6,9,13,1,0,1,,4,,2,0,2,1,0,0,0,0,0,0,6,1,1,1,0,0,0,1,0,0,27,39,38,4,4,11,15,1,0,1,0,1,0,2,0,0,0,0,0,0,0,0,0,0,0,,,1,27,43,27,14,2,0,0,0
WSN189807160,box,1898-07-16,0,WAS06,R,0,CL4,WSN,1,1,0,0,1,,42,7,13,13,0,0,0,,6,,3,0,2,0,0,0,0,3,1,0,11,1,1,1,0,0,0,1,0,0,27,40,35,4,4,11,16,1,2,0,0,4,0,1,0,1,0,0,0,0,0,0,0,0,0,,,1,27,39,27,12,0,0,0,0
WSN189807180,box,1898-07-18,0,WAS06,R,0,CL4,WSN,1,0,0,1,1,,45,2,12,14,0,1,0,,2,,5,0,5,0,0,0,0,1,1,0,15,1,1,1,0,0,0,0,0,0,33,42,41,2,1,9,10,1,0,0,0,1,0,3,0,0,0,0,0,0,0,0,0,0,0,,,1,33,49,33,14,2,0,0,0
WSN189807190,box,1898-07-19,0,WAS06,R,0,CL4,WSN,1,1,0,0,1,,35,8,13,14,1,0,0,,8,,3,0,1,0,1,0,0,0,0,0,7,1,1,1,0,0,0,1,0,0,27,36,35,2,2,11,13,2,0,0,0,1,0,,0,0,0,0,0,0,0,0,0,0,0,,,1,27,37,27,10,0,2,0,0
BLN189807200,box,1898-07-20,0,BAL07,R,0,CL4,BLN,1,0,1,0,1,,38,3,10,11,1,0,0,,2,,0,0,0,,0,0,0,2,,0,8,1,1,1,0,0,0,0,1,0,27,41,34,7,6,9,10,1,0,0,0,6,,1,,1,0,0,0,0,0,0,0,0,0,,,1,27,42,27,12,3,1,0,0
BLN189807211,box,1898-07-21,1,BAL07,R,0,CL4,BLN,1,1,0,0,1,,34,6,9,9,0,0,0,,5,,7,,4,,0,1,0,0,,0,9,1,1,1,0,0,0,1,0,0,27,43,37,3,3,11,13,2,0,0,0,4,,3,,1,1,0,0,0,0,0,0,0,0,,,1,27,40,27,12,1,0,0,0
BLN189807212,box,1898-07-21,2,BAL07,R,0,CL4,BLN,1,1,0,0,1,,34,7,7,10,1,1,0,,5,,6,,5,,1,2,0,0,,0,9,1,1,1,0,0,0,1,0,0,27,31,30,1,1,8,8,0,0,0,0,0,0,1,,0,1,0,0,0,0,0,0,0,0,,,1,27,38,27,11,0,1,0,0
BLN189807220,box,1898-07-22,0,BAL07,R,0,CL4,BLN,1,0,1,0,1,,33,5,11,12,1,0,0,,5,,3,,3,,1,2,0,0,,0,8,1,1,1,0,0,0,0,1,0,24,35,30,7,7,10,15,1,2,0,0,3,,1,,1,1,0,0,0,0,0,0,0,0,,,1,24,38,24,14,0,0,0,1
CL4189807230,box,1898-07-23,0,CLE05,R,1,CL4,CHN,1,1,0,0,1,,28,4,10,11,1,0,0,,2,,8,,0,,0,3,0,1,,0,11,1,1,1,0,0,0,1,0,0,27,34,34,2,2,7,7,0,0,0,0,0,0,2,,0,0,0,0,0,0,0,0,0,0,,,1,27,42,27,15,0,0,0,0
CHN189807240,box,1898-07-24,0,CHI08,R,0,CL4,CHN,1,1,0,0,1,,39,9,15,21,2,2,0,,7,,3,,2,,0,1,0,0,,0,7,1,1,1,0,0,0,1,0,0,27,35,31,3,2,5,7,0,1,0,0,4,,,,0,0,0,0,0,0,0,0,0,0,,,1,27,42,27,14,1,1,0,0
CHN189807250,box,1898-07-25,0,CHI08,R,0,CL4,CHN,1,0,1,0,1,,32,0,5,6,1,0,0,,0,,1,,1,,1,0,0,0,,0,7,1,1,1,0,0,0,0,1,0,24,37,34,7,5,14,18,1,0,1,0,1,,,,0,2,0,0,0,0,0,0,0,0,,,1,24,48,23,20,5,1,0,1
PIT189807270,box,1898-07-27,0,PIT05,R,0,CL4,PIT,1,1,0,0,1,,38,6,16,18,0,1,0,,4,,3,,2,,0,4,0,4,,0,12,1,1,1,0,0,0,1,0,0,27,32,31,1,1,6,6,0,0,0,0,0,0,3,,0,1,0,0,0,0,0,0,0,0,,,1,27,41,27,13,1,0,0,0
CL4189807291,box,1898-07-29,1,PHI09,R,1,CL4,BLN,1,1,0,0,1,,36,6,10,10,0,0,0,,5,,6,,3,,0,0,0,3,,0,9,1,1,0,0,0,1,1,0,0,27,39,34,5,5,10,11,1,0,0,0,1,,5,,3,1,0,0,0,0,0,0,0,0,,,1,27,40,27,10,3,2,0,0
CL4189807292,box,1898-07-29,2,PHI09,R,1,CL4,BLN,1,0,0,1,1,,35,3,10,11,1,0,0,,0,,2,,2,,0,0,0,0,,0,10,1,1,1,0,0,0,0,0,0,24,36,29,3,0,7,7,0,0,0,0,6,,,,0,1,0,0,0,0,0,0,0,0,,,1,24,37,24,11,2,2,0,0
CL4189807301,box,1898-07-30,1,PHI09,R,1,CL4,BLN,1,0,1,0,1,,28,1,2,4,0,1,0,,1,,1,,1,,0,1,0,0,,0,2,1,1,1,0,0,0,0,1,0,25,32,29,2,2,7,8,1,0,0,0,3,,2,,0,0,0,0,0,0,0,0,0,0,,,1,25,37,25,11,1,0,0,0
CL4189807302,box,1898-07-30,2,PHI09,R,1,CL4,BLN,1,1,0,0,1,,30,4,6,7,1,0,0,,2,,2,,0,,0,0,0,1,,0,4,1,1,1,0,0,0,1,0,0,27,32,30,1,0,5,5,0,0,0,0,2,,3,,0,0,0,0,0,0,0,0,0,0,,,1,27,42,27,15,0,1,0,1
PHI189808010,box,1898-08-01,0,PHI09,R,0,CL4,PHI,1,0,1,0,1,,30,0,4,6,0,1,0,,0,,1,0,2,0,0,1,0,0,0,0,5,1,1,1,0,0,0,0,1,0,24,28,27,1,1,6,6,0,0,0,0,0,0,2,1,0,1,0,0,0,0,0,0,0,0,,,1,24,38,24,14,0,2,0,0
PHI189808020,box,1898-08-02,0,PHI09,R,0,CL4,PHI,1,1,0,0,1,,35,9,10,10,0,0,0,,6,,5,,1,,0,2,0,0,,0,6,1,1,1,0,0,0,1,0,0,27,31,29,1,1,4,4,0,0,0,0,2,,1,,0,0,0,0,0,0,0,0,0,0,,,1,27,39,27,12,0,1,0,0
PHI189808041,box,1898-08-04,1,PHI09,R,0,CL4,PHI,1,1,0,0,1,,35,4,10,10,0,0,0,,3,,3,,4,,0,0,0,1,,0,7,1,1,1,0,0,0,1,0,0,27,35,34,1,0,7,8,1,0,0,0,1,,2,,0,0,0,0,0,0,0,0,0,0,,,1,27,39,27,11,1,0,0,0
PHI189808042,box,1898-08-04,2,PHI09,R,0,CL4,PHI,1,1,0,0,1,,36,7,13,14,1,0,0,,7,,5,,0,,0,2,0,1,,0,9,1,1,1,0,0,0,1,0,0,27,38,36,3,3,7,9,2,0,0,0,2,,1,,0,0,0,0,0,0,0,0,0,0,,,1,27,39,27,9,3,0,0,0
CL4189808050,box,1898-08-05,0,PHI09,R,1,CL4,WSN,1,0,1,0,1,,28,1,4,5,1,0,0,,1,,5,,4,,1,0,0,0,,0,6,1,1,1,0,0,0,0,1,0,24,30,27,2,2,7,8,1,0,0,0,2,,3,,0,1,0,0,0,0,0,0,0,0,,,1,24,39,24,15,0,0,0,0
CL4189808060,box,1898-08-06,0,PHI09,R,1,CL4,WSN,1,1,0,0,1,,31,5,7,7,0,0,0,,3,,9,,1,,0,0,0,0,,0,11,1,1,1,0,0,0,1,0,0,27,37,31,1,1,6,8,2,0,0,0,5,,4,,0,1,0,0,0,0,0,0,0,0,,,1,27,39,27,11,1,1,0,0
CL4189808081,box,1898-08-08,1,PHI09,R,1,CL4,WSN,1,1,0,0,1,,30,6,11,12,1,0,0,,3,,8,,2,,0,2,0,3,,0,10,1,1,1,0,0,0,1,0,0,27,39,38,3,2,10,13,1,1,0,0,0,0,4,,1,0,0,0,0,0,0,0,0,0,,,1,27,34,27,5,2,0,0,1
CL4189808082,box,1898-08-08,2,PHI09,R,1,CL4,WSN,1,0,0,1,1,,32,2,7,9,2,0,0,,2,,2,,,,0,1,0,3,,0,6,1,1,1,0,0,0,0,0,0,27,34,33,2,2,10,11,1,0,0,0,1,,,,0,0,0,0,0,0,0,0,0,0,,,1,27,42,27,15,0,2,0,0
CL4189808110,box,1898-08-11,0,PHI09,R,1,CL4,BLN,1,0,1,0,1,,31,1,4,8,1,0,1,,1,,3,,3,,1,1,0,0,,0,8,1,1,1,0,0,0,0,1,0,27,43,40,7,4,14,15,1,0,0,0,2,,4,,1,0,0,0,0,0,0,0,0,0,,,1,27,48,27,17,4,0,0,0
BSN189808120,box,1898-08-12,0,BOS05,R,0,CL4,BSN,1,0,1,0,1,,33,2,7,10,0,0,1,,2,,2,,1,,0,0,0,0,,0,6,1,1,1,0,0,0,0,1,0,24,36,31,8,6,10,12,2,0,0,0,2,,0,,1,2,0,0,0,0,0,0,0,0,,,1,24,47,24,20,3,0,0,0
BSN189808130,box,1898-08-13,0,BOS05,R,0,CL4,BSN,1,0,1,0,1,,31,2,6,6,0,0,0,,2,,1,,1,,0,0,0,0,,0,3,1,1,1,0,0,0,0,1,0,24,33,31,5,5,11,12,1,0,0,0,1,,1,,0,1,0,0,0,0,0,0,0,0,,,1,24,44,24,18,2,2,0,0
BSN189808151,box,1898-08-15,1,BOS05,R,0,CL4,BSN,1,0,1,0,1,,32,3,5,8,3,0,0,,3,,5,0,,0,1,1,0,0,0,0,6,1,1,1,0,0,0,0,1,0,28,39,37,4,3,10,20,1,0,3,0,0,0,,0,1,1,0,0,0,0,0,0,0,0,,,1,28,39,28,10,1,0,0,0
BSN189808152,box,1898-08-15,2,BOS05,R,0,CL4,BSN,1,0,1,0,1,,30,0,4,4,0,0,0,,0,,1,0,6,0,0,0,0,0,0,0,4,1,1,1,0,0,0,0,1,0,24,37,28,6,5,7,7,0,0,0,0,5,0,2,0,1,3,0,0,0,0,0,0,0,0,,,1,24,34,24,10,0,0,0,1
BRO189808160,box,1898-08-16,0,NYC12,R,0,CL4,BRO,1,0,1,0,1,,36,2,10,12,2,0,0,,2,,2,0,3,1,0,0,0,0,0,0,9,1,1,1,0,0,0,0,1,0,24,35,32,6,6,12,18,1,1,1,0,0,0,0,1,0,3,0,0,0,0,0,0,0,0,,,1,24,42,24,17,1,1,0,0
BRO189808180,box,1898-08-18,0,NYC12,R,0,CL4,BRO,1,1,0,0,1,,36,2,10,10,0,0,0,,2,,3,,1,,0,1,0,3,,0,11,1,1,1,1,0,0,1,0,0,27,40,37,0,0,10,13,1,1,0,0,2,,1,,0,1,0,0,0,0,0,0,0,0,,,1,27,39,27,11,1,0,0,0
NY1189808190,box,1898-08-19,0,NYC10,R,0,CL4,NY1,1,1,0,0,1,,36,8,12,14,2,0,0,,8,,5,,6,,1,0,0,0,,0,10,1,1,1,0,0,0,1,0,0,24,31,30,2,2,6,8,2,0,0,0,1,,8,,0,0,0,0,0,0,0,0,0,0,,,1,24,37,24,12,1,0,0,1
NY1189808200,box,1898-08-20,0,NYC10,R,0,CL4,NY1,1,0,1,0,1,,34,3,7,9,0,1,0,,3,,2,,0,,0,1,0,1,,0,7,1,1,1,0,0,0,0,1,0,25,37,35,4,3,9,11,2,0,0,0,2,,0,,0,0,0,0,0,0,0,0,0,0,,,1,25,40,25,11,4,0,0,0
NY1189808220,box,1898-08-22,0,NYC10,R,0,CL4,NY1,1,0,1,0,1,,29,4,4,7,0,0,1,,3,,4,0,,0,0,0,0,0,2,0,2,1,1,0,0,0,1,0,1,0,24,37,36,11,9,14,23,1,1,2,0,1,0,,0,0,0,0,0,0,0,0,0,0,0,,,1,24,40,24,13,3,1,0,0
PIT189808230,box,1898-08-23,0,PIT05,R,0,CL4,PIT,1,1,0,0,1,,36,6,11,18,3,2,0,,6,,4,,1,,0,1,0,0,,0,8,1,1,1,0,0,0,1,0,0,27,33,33,3,3,8,8,0,0,0,0,0,0,2,,0,0,0,0,0,0,0,0,0,0,,,1,27,45,27,16,2,1,0,0
CL4189808240,box,1898-08-24,0,CLE05,R,1,CL4,NY1,1,1,0,0,1,,24,4,10,13,1,1,0,,4,,3,,3,,0,0,0,0,,0,5,1,1,1,0,0,0,1,0,0,18,25,23,1,1,6,8,2,0,0,0,2,,2,,0,0,0,0,0,0,0,0,0,0,,,1,18,27,18,8,1,0,0,0
CL4189808250,box,1898-08-25,0,CLE05,R,1,CL4,NY1,1,1,0,0,1,,27,1,5,5,0,0,0,,1,,4,0,2,1,0,1,0,2,2,0,7,1,1,1,1,0,0,1,0,0,27,31,29,0,0,1,1,0,0,0,0,1,0,1,0,1,0,0,0,0,0,0,0,0,0,,,1,27,39,27,11,1,0,0,0
CL4189808260,box,1898-08-26,0,CLE05,R,1,CL4,NY1,1,0,1,0,1,,34,1,7,7,0,0,0,,1,,5,0,1,0,0,1,0,0,0,0,12,1,1,1,0,0,0,0,1,0,27,40,38,8,3,11,14,1,1,0,0,2,0,1,0,0,0,0,0,0,0,0,0,0,0,,,1,27,45,27,15,3,0,0,0
CL4189808270,box,1898-08-27,0,ROC02,R,1,CL4,BRO,1,1,0,0,1,,27,6,4,7,0,0,1,,6,,4,0,2,0,1,1,0,0,0,0,3,1,1,1,0,0,0,1,0,0,27,38,33,2,2,7,7,0,0,0,0,5,0,2,1,0,0,0,0,0,0,0,0,0,0,,,1,27,39,27,11,1,1,0,0
CL4189808280,box,1898-08-28,0,ROC03,R,1,CL4,BRO,1,0,1,0,1,,37,5,9,13,4,0,0,,3,,1,,,,0,0,0,0,,0,6,1,1,1,0,0,0,0,1,0,27,41,38,7,4,10,15,2,0,1,0,2,,,,0,1,0,0,0,0,0,0,0,0,,,1,27,48,27,16,5,0,0,0
CL4189808290,box,1898-08-29,0,ROC02,R,1,CL4,BRO,1,0,1,0,1,,39,7,8,13,1,2,0,,6,,9,0,1,0,0,0,0,0,0,0,14,1,1,0,0,0,1,0,1,0,27,48,44,13,7,16,27,3,4,0,0,2,0,7,1,1,1,0,0,0,0,0,0,0,0,,,1,27,42,27,11,4,1,0,0
BSN189808310,box,1898-08-31,0,BOS05,R,0,CL4,BSN,1,1,0,0,1,,37,5,9,9,0,0,0,,5,,1,,,,0,0,0,0,,0,6,1,1,1,0,0,0,1,0,0,27,34,31,2,2,6,9,0,0,1,0,2,,,,0,1,0,0,0,0,0,0,0,0,,,1,27,38,27,10,1,1,0,0
BSN189809010,box,1898-09-01,0,BOS05,R,0,CL4,BSN,1,1,0,0,1,,30,3,4,4,0,0,0,,2,,4,,,,0,0,0,2,,0,4,1,1,1,0,0,0,1,0,0,27,30,30,2,1,4,7,0,0,1,0,0,0,,,0,0,0,0,0,0,0,0,0,0,,,1,27,41,27,12,2,0,0,0
BSN189809020,box,1898-09-02,0,BOS05,R,0,CL4,BSN,1,0,0,1,1,,38,6,9,11,0,1,0,,5,,7,0,,1,1,3,0,0,0,0,13,1,1,0,0,0,1,0,0,0,30,47,40,6,6,10,14,1,0,1,0,5,0,,0,0,2,0,0,0,0,0,0,0,0,,,1,30,48,30,14,4,1,0,0
CIN189809040,box,1898-09-04,0,CIN05,R,0,CL4,CIN,1,0,1,0,1,,32,0,6,7,1,0,0,,0,,4,,,,0,2,0,1,,0,11,1,1,1,0,0,0,0,1,0,24,30,26,2,2,5,9,2,1,0,0,1,,,,1,2,0,0,0,0,0,0,0,0,,,1,24,38,24,14,0,1,0,0
CIN189809051,box,1898-09-05,1,CIN05,R,0,CL4,CIN,1,1,0,0,1,,59,8,21,26,5,0,0,,7,,5,,,,0,1,0,1,,0,15,1,1,1,0,0,0,1,0,0,42,61,60,6,3,17,21,2,1,0,0,1,,,,0,0,0,0,0,0,0,0,0,0,,,1,42,66,42,21,3,0,0,0
CIN189809052,box,1898-09-05,2,CIN05,R,0,CL4,CIN,1,0,1,0,1,,18,0,3,4,1,0,0,,0,,1,,,,0,0,0,0,,0,4,1,1,1,0,0,0,0,1,0,15,20,19,1,1,5,10,1,2,0,0,1,,,,0,0,0,0,0,0,0,0,0,0,,,1,15,19,15,4,0,1,0,0
LS3189809060,box,1898-09-06,0,LOU03,R,0,CL4,LS3,1,0,1,0,1,,36,3,9,11,2,0,0,,3,,1,,,,0,0,0,0,,0,7,1,1,1,0,0,0,0,1,0,24,34,31,5,5,10,14,1,0,1,0,3,,,,0,0,0,0,0,0,0,0,0,0,,,1,24,39,24,14,1,1,0,0
LS3189809070,box,1898-09-07,0,LOU03,R,0,CL4,LS3,1,1,0,0,1,,41,9,8,12,2,1,0,,4,,5,,,,1,1,0,0,,0,12,1,1,1,1,0,0,1,0,0,27,35,32,0,0,5,7,2,0,0,0,3,,,,0,0,0,0,0,0,0,0,0,0,,,1,27,39,27,12,0,0,0,0
LS3189809081,box,1898-09-08,1,LOU03,R,0,CL4,LS3,1,0,1,0,1,,35,7,9,12,0,0,1,,6,,3,,,,1,1,0,0,,0,6,1,1,0,0,0,1,0,1,0,24,41,36,9,8,14,17,3,0,0,0,3,,,,0,2,0,0,0,0,0,0,0,0,,,1,24,35,24,11,0,0,0,1
LS3189809082,box,1898-09-08,2,LOU03,R,0,CL4,LS3,1,1,0,0,1,,29,5,9,14,2,0,1,,5,,3,,,,0,1,0,0,,0,7,1,1,1,0,0,0,1,0,0,21,31,27,3,2,5,8,0,0,1,0,4,,2,,0,0,0,0,0,0,0,0,0,0,,,1,21,33,21,9,3,1,0,0
PIT189809100,box,1898-09-10,0,PIT05,R,0,CL4,PIT,1,0,1,0,1,,41,9,14,20,4,1,0,,8,,3,,4,,1,1,0,0,,0,10,1,1,1,0,0,0,0,1,0,24,40,37,10,10,14,21,3,2,0,0,2,,0,,0,1,0,0,0,0,0,0,0,0,,,1,24,34,24,9,1,0,0,1
WSN189809141,box,1898-09-14,1,WAS06,R,0,CL4,WSN,1,1,0,0,1,,43,8,18,18,0,0,0,,8,,3,0,2,2,0,1,0,1,0,0,12,1,1,1,0,0,0,1,0,0,27,44,42,5,4,16,20,1,0,1,0,1,0,,0,1,0,0,0,0,0,0,0,0,0,,,1,27,38,27,10,1,0,0,0
WSN189809142,box,1898-09-14,2,WAS06,R,0,CL4,WSN,1,1,0,0,1,,27,5,10,11,1,0,0,,4,,2,0,4,0,0,2,0,0,0,0,8,1,1,1,0,0,0,1,0,0,18,22,21,1,1,6,8,0,1,0,0,1,0,,0,0,0,0,0,0,0,0,0,0,0,,,1,18,26,18,8,0,0,0,0
WSN189809151,box,1898-09-15,1,WAS06,R,0,CL4,WSN,1,0,1,0,1,,40,7,13,18,1,2,0,,5,,2,,0,,0,1,0,0,,0,9,1,1,0,0,0,1,0,1,0,24,42,41,12,8,16,24,2,0,2,0,1,,1,,0,0,0,0,0,0,0,0,0,0,,,1,24,39,24,11,4,0,0,0
WSN189809152,box,1898-09-15,2,WAS06,R,0,CL4,WSN,1,1,0,0,1,,37,12,16,22,1,1,1,,11,,3,,1,,0,2,0,2,,0,9,1,1,1,0,0,0,1,0,0,21,37,33,10,7,11,19,2,0,2,0,2,,3,,2,0,0,0,0,0,0,0,0,0,,,1,21,34,21,9,4,0,0,0
WSN189809160,box,1898-09-16,0,WAS06,R,0,CL4,WSN,1,1,0,0,1,,36,6,9,18,3,3,0,,6,,1,0,3,0,0,1,0,1,0,0,5,1,1,1,0,0,0,1,0,0,27,39,34,3,3,11,14,1,1,0,0,2,0,2,0,2,1,0,0,0,0,0,0,0,0,,,1,27,44,27,17,0,0,0,0
BLN189809170,box,1898-09-17,0,BAL07,R,0,CL4,BLN,1,0,1,0,1,,40,4,14,17,1,1,0,,4,,3,,4,,0,2,0,0,,0,14,1,1,1,0,0,0,0,1,0,24,43,39,9,5,13,17,1,0,1,0,2,,1,,1,1,0,0,0,0,0,0,0,0,,,1,24,44,24,14,6,0,0,0
BLN189809190,box,1898-09-19,0,BAL07,R,0,CL4,BLN,1,0,1,0,1,,34,6,9,13,2,1,0,,6,,2,,1,,0,0,0,0,,0,6,1,1,1,0,0,0,0,1,0,24,42,33,12,12,17,23,2,2,0,0,6,,3,,3,0,0,0,0,0,0,0,0,0,,,1,24,40,24,16,0,1,0,0
BLN189809200,box,1898-09-20,0,BAL07,R,0,CL4,BLN,1,0,1,0,1,,33,5,9,10,1,0,0,,5,,2,,3,,2,0,0,0,,0,8,1,1,1,0,0,0,0,1,0,21,30,25,6,5,9,10,1,0,0,0,4,,6,,1,0,0,0,3,0,0,0,0,0,,,1,21,33,21,11,1,0,0,1
PHI189809210,box,1898-09-21,0,PHI09,R,0,CL4,PHI,1,0,1,0,1,,33,1,6,9,0,0,1,,1,,5,,1,,0,0,0,0,,0,10,1,1,1,0,0,0,0,1,0,24,42,41,11,8,13,17,1,0,1,0,1,,3,,0,0,0,0,1,0,0,0,0,0,,,1,24,47,24,15,8,0,0,0
PHI189809220,box,1898-09-22,0,PHI09,R,0,CL4,PHI,1,0,1,0,1,,37,3,11,13,2,0,0,,3,,2,,3,,0,0,0,0,,0,9,1,1,1,0,0,0,0,1,0,24,47,43,13,4,20,22,2,0,0,0,1,,1,,1,2,0,0,0,0,0,0,0,0,,,1,24,39,24,7,8,1,0,0
PHI189809230,box,1898-09-23,0,PHI09,R,0,CL4,PHI,1,0,1,0,1,,32,1,8,8,0,0,0,,1,,1,,0,,0,1,0,0,,0,6,1,1,1,0,0,0,0,1,0,24,38,35,5,1,12,13,1,0,0,0,0,0,1,,0,3,0,0,0,0,0,0,0,0,,,1,24,41,24,13,4,1,0,0
CIN189809251,box,1898-09-25,1,CIN05,R,0,CL4,CIN,1,0,1,0,1,,43,4,12,15,3,0,0,,4,,3,,,,0,2,0,1,,0,11,1,1,0,0,0,1,0,1,0,32,46,37,5,4,9,10,1,0,0,0,6,,,,0,3,0,0,0,0,0,0,0,0,,,1,32,53,32,19,2,1,0,0
CIN189809252,box,1898-09-25,2,CIN05,R,0,CL4,CIN,1,0,0,1,1,,18,2,2,2,0,0,0,,1,,3,,,,0,0,0,1,,0,4,1,1,1,0,0,0,0,0,0,15,19,17,2,1,3,3,0,0,0,0,1,,,,1,0,0,0,1,0,0,0,0,0,,,1,15,19,15,3,1,1,0,0
CIN189809260,box,1898-09-26,0,CIN05,R,0,CL4,CIN,1,1,0,0,1,,44,4,12,15,3,0,0,,4,,3,,,,0,0,0,2,,0,10,1,1,1,0,0,0,1,0,0,33,41,39,3,1,8,9,1,0,0,0,0,0,,,0,2,0,0,0,0,0,0,0,0,,,1,33,45,33,10,2,0,0,1
CIN189809270,box,1898-09-27,0,CIN05,R,0,CL4,CIN,1,0,1,0,1,,34,2,9,9,0,0,0,,1,,3,,0,,0,0,0,0,,0,8,1,1,1,0,0,0,0,1,0,24,43,37,9,7,16,21,3,1,0,0,5,,0,,0,1,0,0,0,0,0,0,0,0,,,1,24,41,24,13,4,0,0,0
CL4189809280,box,1898-09-28,0,STL05,R,1,CL4,CIN,1,1,0,0,1,,33,4,8,10,0,1,0,,3,,1,,0,,0,0,0,0,,0,6,1,1,1,0,0,0,1,0,0,27,34,30,1,1,4,7,1,1,0,0,3,,0,,0,1,0,0,0,0,0,0,0,0,,,1,27,44,27,15,2,0,0,0
CL4189809290,box,1898-09-29,0,STL05,R,1,CL4,CIN,1,1,0,0,1,,31,7,10,10,0,0,0,,4,,4,,,,0,1,0,0,,0,5,1,1,1,0,0,0,1,0,0,27,35,33,2,2,6,7,1,0,0,0,1,,,,1,0,0,0,0,0,0,0,0,0,,,1,27,45,27,16,2,0,0,0
PIT189810010,box,1898-10-01,0,PIT05,R,0,CL4,PIT,1,0,1,0,1,,30,1,7,7,0,0,0,,1,,1,,,,0,1,0,0,,0,4,1,1,1,0,0,0,0,1,0,24,31,28,2,1,7,8,1,0,0,0,2,,,,0,1,0,0,0,0,0,0,0,0,,,1,24,41,24,16,1,1,0,0
SLN189810061,box,1898-10-06,1,STL05,R,0,CL4,SLN,1,0,1,0,1,,34,1,7,9,0,1,0,,1,,3,,1,,0,0,0,0,,0,9,1,1,1,0,0,0,0,1,0,24,34,32,4,1,9,9,0,0,0,0,2,,7,,0,0,0,0,0,0,0,0,0,0,,,1,24,37,24,9,4,0,0,0
SLN189810062,box,1898-10-06,2,STL05,R,0,CL4,SLN,1,0,0,1,1,,18,1,5,5,0,0,0,,0,,0,0,1,,0,2,0,2,,0,4,1,1,1,0,0,0,0,0,0,15,19,19,1,1,3,5,0,1,0,0,0,0,2,,0,0,0,0,0,0,0,0,0,0,,,1,15,18,15,2,1,0,0,0
SLN189810071,box,1898-10-07,1,STL05,R,0,CL4,SLN,1,1,0,0,1,,33,3,8,13,3,1,0,,3,,2,,1,,0,2,0,1,,0,7,1,1,1,0,0,0,1,0,0,27,37,34,2,2,7,8,1,0,0,0,2,,2,,1,0,0,0,0,0,0,0,0,0,,,1,27,42,27,11,4,0,0,0
SLN189810072,box,1898-10-07,2,STL05,R,0,CL4,SLN,1,1,0,0,1,,27,4,9,9,0,0,0,,4,,0,0,2,,0,0,0,1,,0,5,1,1,1,0,0,0,1,0,0,18,22,21,2,2,4,4,0,0,0,0,1,,2,,0,0,0,0,0,0,0,0,0,0,,,1,18,24,18,5,1,1,0,0
CL4189810081,box,1898-10-08,1,CHI08,R,1,CL4,SLN,1,0,1,0,1,,25,3,6,10,2,1,0,,3,,4,,,,0,0,0,0,,0,5,1,1,1,0,0,0,0,1,0,21,27,26,4,4,6,8,2,0,0,0,1,,0,,0,0,0,0,0,0,0,0,0,0,,,1,21,30,21,9,0,0,0,0
CIN189810091,box,1898-10-09,1,CIN05,R,0,CL4,CIN,1,0,1,0,1,,35,5,7,8,1,0,0,,3,,3,,,,0,0,0,0,,0,6,1,1,1,0,0,0,0,1,0,24,41,40,12,7,18,19,1,0,0,0,1,,,,0,0,0,0,0,0,0,0,0,0,,,1,24,44,24,14,6,0,0,0
CIN189810092,box,1898-10-09,2,CIN05,R,0,CL4,CIN,1,0,0,1,1,,29,6,8,11,1,1,0,,6,,3,,,,0,1,0,1,,0,6,1,1,1,0,0,0,0,0,0,21,32,26,6,4,7,14,1,3,0,0,4,,,,0,2,0,0,0,0,0,0,0,0,,,1,21,36,21,12,3,1,0,0
PIT189810100,box,1898-10-10,0,PIT05,R,0,CL4,PIT,1,0,1,0,1,,29,0,4,5,1,0,0,,0,,0,0,3,,0,0,0,0,,0,2,1,1,1,0,0,0,0,1,0,24,28,26,2,1,5,5,0,0,0,0,1,,1,,0,1,0,0,1,0,0,0,0,0,,,1,24,37,24,13,0,1,0,1
PIT189810121,box,1898-10-12,1,PIT05,R,0,CL4,PIT,1,0,1,0,1,,30,1,3,6,1,1,0,,1,,2,,3,,1,0,0,0,,0,5,1,1,1,0,0,0,0,1,0,24,42,41,9,2,15,19,0,2,0,0,0,0,0,,0,1,0,0,0,0,0,0,0,0,,,1,24,47,24,18,5,0,0,0
PIT189810122,box,1898-10-12,2,PIT05,R,0,CL4,PIT,1,1,0,0,1,,22,5,8,8,0,0,0,,4,,1,,1,,0,0,0,1,,0,3,1,1,1,0,0,0,1,0,0,15,23,19,2,2,6,6,0,0,0,0,3,,2,,0,1,0,0,0,0,0,0,0,0,,,1,15,22,15,7,0,0,0,0
LS3189810141,box,1898-10-14,1,LOU03,R,0,CL4,LS3,1,0,1,0,1,,33,2,7,11,2,1,0,,2,,2,,0,,1,0,0,0,,0,7,1,1,1,0,0,0,0,1,0,24,46,42,14,14,21,30,5,2,0,0,2,,,,1,1,0,0,0,0,0,0,0,0,,,1,24,35,24,10,1,0,0,0
LS3189810142,box,1898-10-14,2,LOU03,R,0,CL4,LS3,1,1,0,0,1,,31,6,11,15,2,1,0,,6,,1,,,,0,0,0,0,,0,5,1,1,1,0,0,0,1,0,0,21,30,27,4,1,7,8,1,0,0,0,1,,0,,0,2,0,0,0,0,0,0,0,0,,,1,21,34,21,9,4,0,0,1
LS3189810150,box,1898-10-15,0,LOU03,R,0,CL4,LS3,1,0,1,0,1,,33,4,8,9,1,0,0,,3,,7,,0,,0,0,0,1,,0,9,1,1,1,0,0,0,0,1,0,24,33,30,5,5,10,14,2,1,0,0,2,,,,0,1,0,0,0,0,0,0,0,0,,,1,24,40,24,13,3,1,0,0
LS3189804150,box,1898-04-15,0,LOU03,R,1,LS3,PIT,1,1,0,0,1,,37,10,13,15,0,1,0,,9,,3,0,,0,0,2,0,0,0,0,5,1,1,1,0,0,0,1,0,0,27,38,36,3,2,15,21,1,1,1,0,1,0,,1,0,1,0,0,0,0,0,0,0,0,,,1,27,37,27,9,1,1,0,1
LS3189804160,box,1898-04-16,0,LOU03,R,1,LS3,PIT,1,0,1,0,1,,34,1,6,6,0,0,0,,2,,0,0,,,0,0,0,0,,0,6,1,1,1,0,0,0,0,1,0,27,37,33,3,3,8,11,3,0,0,0,3,,4,,0,1,0,0,0,0,0,0,0,0,,,1,27,46,27,17,2,1,0,1
LS3189804170,box,1898-04-17,0,LOU03,R,1,LS3,PIT,1,0,1,0,1,,38,4,12,17,3,1,0,,3,,1,,,,0,1,0,0,,0,9,1,1,1,0,0,0,0,1,0,27,35,32,5,2,7,9,0,1,0,0,2,,,,1,0,0,0,1,0,0,0,0,0,,,1,27,44,27,13,4,0,0,0
LS3189804180,box,1898-04-18,0,LOU03,R,1,LS3,PIT,1,0,1,0,1,,30,2,6,9,1,1,0,,1,,4,,0,,1,0,0,0,,0,6,1,1,1,0,0,0,0,1,0,27,41,36,7,5,10,13,0,0,1,0,2,,1,,2,1,0,0,0,0,0,0,0,0,,,1,27,44,27,13,4,0,0,0
LS3189804200,box,1898-04-20,0,LOU03,R,1,LS3,CHN,1,1,0,0,1,,30,7,11,16,2,0,1,,7,,3,0,1,1,1,2,0,0,0,0,5,1,1,1,0,0,0,1,0,0,27,42,36,6,4,11,14,3,0,0,0,4,0,0,0,2,0,0,0,0,0,0,0,0,0,,,1,27,43,27,15,1,2,0,0
LS3189804210,box,1898-04-21,0,LOU03,R,1,LS3,CHN,1,0,1,0,1,,30,2,2,2,0,0,0,,1,,3,,2,,0,0,0,1,,0,4,1,1,1,0,0,0,0,1,0,27,42,38,8,5,9,13,1,0,1,0,3,,,,1,0,0,0,0,0,0,0,0,0,,,1,27,50,27,16,7,1,0,0
LS3189804220,box,1898-04-22,0,LOU03,R,1,LS3,CHN,1,0,1,0,1,,31,1,8,11,0,0,1,,1,,6,0,1,1,3,0,0,0,2,0,9,1,1,1,0,0,0,0,1,0,30,40,31,2,1,6,6,0,0,0,0,6,0,4,0,0,3,0,0,0,0,0,0,0,0,,,1,30,54,30,21,3,1,0,0
LS3189804240,box,1898-04-24,0,LOU03,R,1,LS3,CL4,1,0,1,0,1,,34,1,6,6,0,0,0,,0,,0,0,,,1,0,0,0,,0,7,1,1,0,0,0,1,0,1,0,27,46,35,9,7,12,15,0,0,1,0,9,,,,0,2,0,0,1,0,0,0,0,0,,,1,27,38,27,9,2,2,0,0
LS3189804250,box,1898-04-25,0,LOU03,R,1,LS3,CL4,1,0,1,0,1,,33,4,6,6,0,0,0,,3,,1,,,,2,0,0,0,,0,5,1,1,1,0,0,0,0,1,0,27,45,38,11,8,10,11,1,0,0,0,6,,,,0,1,0,0,0,0,0,0,0,0,,,1,27,47,27,13,7,0,0,0
LS3189804260,box,1898-04-26,0,LOU03,R,1,LS3,CL4,1,0,1,0,1,,38,8,10,13,1,1,0,,7,,6,,0,,0,1,0,3,,0,10,1,1,1,0,0,0,0,1,0,26,41,35,9,2,10,13,1,1,0,0,5,,,,0,1,0,0,0,0,0,0,0,0,,,1,26,41,26,11,4,1,0,1
LS3189804270,box,1898-04-27,0,LOU03,R,1,LS3,CL4,1,1,0,0,1,,40,9,17,20,1,1,0,,9,,4,,,,0,1,0,0,,0,9,1,1,1,0,0,0,1,0,0,27,43,40,8,8,12,17,1,2,0,0,2,,,,1,0,0,0,0,0,0,0,0,0,,,1,27,44,27,12,5,1,0,0
CHN189804290,box,1898-04-29,0,CHI08,R,0,LS3,CHN,1,0,1,0,1,,34,2,7,9,2,0,0,,1,,2,,4,,0,0,0,0,,0,7,1,1,1,0,0,0,0,1,0,24,48,40,16,10,16,19,1,1,0,0,7,,1,,1,0,0,0,0,0,0,0,0,0,,,1,24,45,24,13,8,1,0,2
CHN189805010,box,1898-05-01,0,CHI08,R,0,LS3,CHN,1,1,0,0,1,,39,4,10,11,1,0,0,,4,,1,,4,,0,0,0,3,,0,6,1,1,1,0,0,0,1,0,0,30,40,38,3,2,9,12,3,0,0,0,2,,,,0,0,0,0,0,0,0,0,0,0,,,1,30,42,30,9,3,2,0,0
CHN189805020,box,1898-05-02,0,CHI08,R,0,LS3,CHN,1,0,1,0,1,,40,7,14,17,0,0,1,,7,,2,,1,,2,0,0,1,,0,10,1,1,1,0,0,0,0,1,0,24,45,42,13,11,19,23,4,0,0,0,2,,0,,0,1,0,0,0,0,0,0,0,0,,,1,24,34,24,7,3,0,0,1
CHN189805030,box,1898-05-03,0,CHI08,R,0,LS3,CHN,1,1,0,0,1,,38,10,16,19,3,0,0,,10,,3,,2,,0,3,0,1,,0,7,1,1,1,0,0,0,1,0,0,27,46,36,9,4,10,14,1,0,1,0,7,,3,,0,3,0,0,0,0,0,0,0,0,,,1,27,52,27,20,5,1,0,1
CL4189805040,box,1898-05-04,0,CLE05,R,0,LS3,CL4,1,0,1,0,1,,35,3,12,19,3,2,0,,3,,1,,0,,0,0,0,1,,0,6,1,1,1,0,0,0,0,1,0,24,39,35,8,7,14,15,1,0,0,0,3,,4,,0,1,0,0,1,0,0,0,0,0,,,1,24,38,24,13,1,0,0,0
CL4189805071,box,1898-05-07,1,CLE05,R,0,LS3,CL4,1,0,1,0,1,,38,7,10,11,1,0,0,,6,,1,,4,,1,2,0,3,,0,8,1,1,0,0,0,1,0,1,0,24,41,28,9,9,11,13,0,1,0,0,8,,3,,2,3,0,0,1,0,0,0,0,0,,,1,24,39,24,15,0,1,0,0
CL4189805072,box,1898-05-07,2,CLE05,R,0,LS3,CL4,1,0,1,0,1,,31,5,8,11,3,0,0,,4,,2,,7,,0,0,0,0,,0,7,1,1,0,0,0,1,0,1,0,18,38,29,14,14,12,14,2,0,0,0,7,,2,,2,0,0,0,1,0,0,0,0,0,,,1,18,28,18,8,2,1,0,0
CIN189805080,box,1898-05-08,0,CIN05,R,0,LS3,CIN,1,0,1,0,1,,33,1,6,8,2,0,0,,1,,3,,,,3,0,0,2,,0,11,1,1,1,0,0,0,0,1,0,24,39,32,7,5,12,13,1,0,0,0,2,,,,1,4,0,0,0,0,0,0,0,0,,,1,24,41,24,15,2,0,0,0
PIT189805090,box,1898-05-09,0,PIT05,R,0,LS3,PIT,1,0,1,0,1,,36,5,8,8,0,0,0,,3,,1,,1,,1,2,0,1,,0,8,1,1,1,0,0,0,0,1,0,24,39,34,9,5,13,18,0,1,1,0,0,0,0,,4,1,0,0,0,0,0,0,0,0,,,1,24,39,24,13,2,0,0,0
PIT189805100,box,1898-05-10,0,PIT05,R,0,LS3,PIT,1,0,1,0,1,,33,2,6,6,0,0,0,,2,,2,,2,,0,0,0,1,,0,6,1,1,1,0,0,0,0,1,0,24,36,32,6,6,10,14,2,1,0,0,4,,2,,0,0,0,0,0,0,0,0,0,0,,,1,24,45,24,20,1,0,0,0
PIT189805110,box,1898-05-11,0,PIT05,R,0,LS3,PIT,1,0,1,0,1,,32,3,7,7,0,0,0,,3,,2,,3,,0,2,0,0,,0,6,1,1,1,0,0,0,0,1,0,24,36,32,4,3,10,12,2,0,0,0,3,,2,,1,0,0,0,1,0,0,0,0,0,,,1,24,40,24,14,2,1,0,0
PIT189805120,box,1898-05-12,0,PIT05,R,0,LS3,PIT,1,1,0,0,1,,31,3,5,7,0,1,0,,1,,3,,0,,1,2,0,3,,0,7,1,1,1,0,0,0,1,0,0,27,32,26,2,1,4,4,0,0,0,0,3,,0,,1,2,0,0,0,0,0,0,0,0,,,1,27,41,27,13,1,1,0,0
CIN189805140,box,1898-05-14,0,CIN05,R,0,LS3,CIN,1,0,1,0,1,,32,1,4,5,1,0,0,,1,,0,0,0,,1,0,0,0,,0,5,1,1,0,0,0,1,0,1,0,24,38,33,7,7,12,19,3,2,0,0,2,,1,,1,2,0,0,0,0,0,0,0,0,,,1,24,36,24,11,1,0,0,0
CIN189805150,box,1898-05-15,0,CIN05,R,0,LS3,CIN,1,0,1,0,1,,41,3,7,12,1,2,0,,3,,1,,,,0,1,0,1,,0,7,1,1,1,0,0,0,0,1,0,32,44,33,4,3,10,11,1,0,0,0,3,,,,3,5,0,0,0,0,0,0,0,0,,,1,32,52,32,17,3,2,0,0
LS3189805190,box,1898-05-19,0,LOU03,R,1,LS3,BRO,1,1,0,0,1,,30,4,8,10,0,1,0,,2,,5,,3,,1,1,0,2,,0,9,1,1,1,0,0,0,1,0,0,27,34,32,1,1,4,6,0,1,0,0,1,,0,,0,1,0,0,0,0,0,0,0,0,,,1,27,44,27,13,4,1,0,1
LS3189805221,box,1898-05-22,1,LOU03,R,1,LS3,BRO,1,1,0,0,1,,28,3,6,7,1,0,0,,3,,1,0,0,0,0,2,0,0,0,0,4,1,1,1,1,0,0,1,0,0,27,31,28,0,0,1,1,0,0,0,0,3,0,3,0,0,0,0,0,0,0,0,0,0,0,,,1,27,41,27,13,1,0,0,0
LS3189805222,box,1898-05-22,2,LOU03,R,1,LS3,BRO,1,1,0,0,1,,31,7,10,14,0,2,0,,7,,2,0,,0,0,2,0,4,2,0,4,1,1,1,0,0,0,1,0,0,27,36,34,2,1,8,10,2,0,0,0,1,0,,1,1,0,0,0,0,0,0,0,0,0,,,1,27,35,27,6,2,1,0,0
LS3189805230,box,1898-05-23,0,LOU03,R,1,LS3,NY1,1,0,1,0,1,,40,4,11,11,0,0,0,,4,,2,0,3,0,1,0,0,5,0,0,12,1,1,0,0,0,1,0,1,0,27,48,41,12,9,12,18,3,0,1,0,7,0,0,0,0,0,0,0,0,0,0,0,0,0,,,1,27,45,27,14,4,0,0,0
LS3189805240,box,1898-05-24,0,LOU03,R,1,LS3,NY1,1,0,1,0,1,,31,1,6,6,0,0,0,,0,,3,0,3,1,0,0,0,2,2,0,6,1,1,1,0,0,0,0,1,0,27,42,40,6,6,15,17,0,1,0,0,2,0,0,0,0,0,0,0,0,0,0,0,0,0,,,1,27,40,27,13,0,1,0,0
LS3189805250,box,1898-05-25,0,LOU03,R,1,LS3,NY1,1,1,0,0,1,,32,8,11,18,2,1,1,,7,,1,0,2,0,0,2,0,2,1,0,3,1,1,1,0,0,0,1,0,0,27,40,37,4,0,6,6,0,0,0,0,3,0,0,1,0,0,0,0,0,0,0,0,0,0,,,1,27,43,26,11,6,1,0,0
LS3189805260,box,1898-05-26,0,LOU03,R,1,LS3,BSN,1,0,1,0,1,,35,3,8,12,2,1,0,,3,,2,,0,,0,0,0,2,,0,7,1,1,1,0,0,0,0,1,0,27,46,42,11,9,16,19,1,1,0,0,3,,,,1,0,0,0,0,0,0,0,0,0,,,1,27,47,27,13,7,1,0,1
LS3189805270,box,1898-05-27,0,LOU03,R,1,LS3,BSN,1,1,0,0,1,,38,14,13,18,2,0,1,,6,,4,,,,0,1,0,4,,0,5,1,1,1,0,0,0,1,0,0,27,37,33,3,2,6,7,1,0,0,0,4,,,,0,0,0,0,0,0,0,0,0,0,,,1,27,40,27,10,3,0,0,2
LS3189805280,box,1898-05-28,0,LOU03,R,1,LS3,BSN,1,1,0,0,1,,33,7,13,16,3,0,0,,6,,2,,0,,0,3,0,5,,0,7,1,1,1,0,0,0,1,0,0,24,39,38,5,1,10,10,0,0,0,0,1,,0,,0,0,0,0,0,0,0,0,0,0,,,1,24,38,24,8,6,0,0,1
PHI189805301,box,1898-05-30,1,PHI09,R,0,LS3,PHI,1,0,1,0,1,,33,1,8,8,0,0,0,,1,,4,,3,,0,1,0,1,,0,10,1,1,1,0,0,0,0,1,0,24,39,32,6,5,10,13,3,0,0,0,6,,2,,1,0,0,0,1,0,0,0,0,0,,,1,24,37,24,11,2,0,0,0
PHI189805302,box,1898-05-30,2,PHI09,R,0,LS3,PHI,1,0,1,0,1,,31,1,6,7,1,0,0,,1,,4,,1,,0,1,0,0,,0,8,1,1,1,0,0,0,0,1,0,24,36,30,5,5,6,9,3,0,0,0,3,,3,,3,0,0,0,1,0,0,0,0,0,,,1,24,37,24,13,0,0,0,1
PHI189805310,box,1898-05-31,0,PHI09,R,0,LS3,PHI,1,0,1,0,1,,33,1,7,7,0,0,0,,1,,4,,4,,0,2,0,2,,0,11,1,1,1,0,0,0,0,1,0,24,35,32,4,3,8,11,3,0,0,0,1,,1,,2,0,0,0,1,0,0,0,0,0,,,1,24,41,24,12,5,0,0,1
PHI189806010,box,1898-06-01,0,PHI09,R,0,LS3,PHI,1,0,1,0,1,,30,1,4,4,0,0,0,,1,,2,,1,,0,1,0,2,,0,5,1,1,1,0,0,0,0,1,0,24,39,33,4,2,8,12,1,0,1,0,5,,3,,0,1,0,0,0,0,0,0,0,0,,,1,24,33,23,7,3,1,0,0
WSN189806020,box,1898-06-02,0,WAS06,R,0,LS3,WSN,1,0,1,0,1,,35,4,10,11,1,0,0,,3,,2,0,1,0,0,1,0,1,1,0,7,1,1,0,0,0,1,0,1,0,24,48,40,13,9,14,18,2,1,0,0,7,0,3,0,0,1,0,0,0,0,0,0,0,0,,,1,24,44,24,15,5,0,0,0
WSN189806030,box,1898-06-03,0,WAS06,R,0,LS3,WSN,1,1,0,0,1,,39,16,11,15,1,0,1,,7,,8,,,,1,2,0,6,,0,7,1,1,1,0,0,0,1,0,0,27,42,41,4,4,11,15,1,0,1,0,1,,,,0,0,0,0,0,0,0,0,0,0,,,1,27,41,27,9,5,0,0,0
WSN189806040,box,1898-06-04,0,WAS06,R,0,LS3,WSN,1,1,0,0,1,,32,4,7,8,1,0,0,,4,,3,,0,,1,0,0,0,,0,5,1,1,1,0,0,0,1,0,0,27,36,32,2,1,6,7,1,0,0,0,2,,4,,1,1,0,0,0,0,0,0,0,0,,,1,27,43,27,13,3,3,0,0
WSN189806060,box,1898-06-06,0,WAS06,R,0,LS3,WSN,1,0,1,0,1,,35,5,9,10,1,0,0,,4,,4,,3,,0,2,0,1,,0,9,1,1,1,0,0,0,0,1,0,24,42,36,8,8,13,20,1,3,0,0,5,,1,,1,0,0,0,0,0,0,0,0,0,,,1,24,36,23,12,1,0,0,1
BLN189806070,box,1898-06-07,0,BAL07,R,0,LS3,BLN,1,0,1,0,1,,35,3,7,8,1,0,0,,1,,4,,7,,0,0,0,2,,0,9,1,1,1,0,0,0,0,1,0,24,41,34,14,10,14,17,3,0,0,0,3,,0,,2,2,0,0,0,0,0,0,0,0,,,1,24,46,24,14,8,1,0,0
BLN189806080,box,1898-06-08,0,BAL07,R,0,LS3,BLN,1,0,1,0,1,,32,2,5,5,0,0,0,,2,,3,,0,,0,0,0,0,,0,6,1,1,1,0,0,0,0,1,0,24,39,36,6,4,14,19,1,2,0,0,1,,0,,1,1,0,0,0,0,0,0,0,0,,,1,24,42,24,16,2,0,0,0
BLN189806090,box,1898-06-09,0,BAL07,R,0,LS3,BLN,1,0,1,0,1,,38,6,13,15,2,0,0,,3,,1,,,,0,3,0,1,,0,9,1,1,1,0,0,0,0,1,0,24,42,40,8,7,16,22,2,2,0,0,2,,,,0,0,0,0,1,0,0,0,0,0,,,1,24,37,24,10,3,0,0,0
BLN189806100,box,1898-06-10,0,BAL07,R,0,LS3,BLN,1,0,1,0,1,,35,7,9,9,0,0,0,,4,,4,,3,,1,1,0,0,,0,7,1,1,1,0,0,0,0,1,0,24,47,36,10,8,11,11,0,0,0,0,7,,4,,3,1,0,0,0,0,0,0,0,0,,,1,24,38,24,12,2,0,0,0
LS3189806120,box,1898-06-12,0,LOU03,R,1,LS3,CIN,1,1,0,0,1,,31,5,7,12,2,0,1,,4,,4,,,,0,0,0,0,,0,6,1,1,1,0,0,0,1,0,0,27,34,32,4,2,8,11,0,0,1,0,2,,,,0,0,0,0,0,0,0,0,0,0,,,1,27,50,27,20,3,1,0,0
LS3189806130,box,1898-06-13,0,LOU03,R,1,LS3,CIN,1,0,1,0,1,,30,4,7,13,1,1,1,,3,,2,,,,0,1,0,1,,0,2,1,1,1,0,0,0,0,1,0,27,42,36,6,6,11,22,2,0,3,0,4,,,,2,0,0,0,0,0,0,0,0,0,,,1,27,39,27,11,1,1,0,0
LS3189806140,box,1898-06-14,0,LOU03,R,1,LS3,CIN,1,0,1,0,1,,31,3,7,8,1,0,0,,2,,4,,,,0,1,0,3,,0,6,1,1,0,0,0,1,0,1,0,27,41,40,7,4,14,20,3,0,1,0,1,,,,0,0,0,0,0,0,0,0,0,0,,,1,27,37,27,9,1,0,0,0
LS3189806150,box,1898-06-15,0,LOU03,R,1,LS3,CIN,1,0,1,0,1,,29,1,4,5,1,0,0,,1,,5,,,,0,2,0,0,,0,8,1,1,1,0,0,0,0,1,0,27,38,35,5,3,6,12,0,0,2,0,3,,,,0,0,0,0,0,0,0,0,0,0,,,1,27,46,27,15,4,1,0,0
SLN189806170,box,1898-06-17,0,STL05,R,0,LS3,SLN,1,0,1,0,1,,35,3,9,12,1,1,0,,2,,1,,,,0,1,0,2,,0,7,1,1,1,0,0,0,0,1,0,24,35,31,8,1,7,8,1,0,0,0,1,,,,0,3,0,0,0,0,0,0,0,0,,,1,24,39,24,10,5,0,0,1
SLN189806180,box,1898-06-18,0,STL05,R,0,LS3,SLN,1,0,1,0,1,,32,4,3,3,0,0,0,,1,,3,,,,1,0,0,1,,0,5,1,1,1,0,0,0,0,1,0,24,37,36,7,7,13,18,1,2,0,0,0,0,,,0,1,0,0,0,0,0,0,0,0,,,1,24,34,24,8,2,2,0,0
SLN189806191,box,1898-06-19,1,STL05,R,0,LS3,SLN,1,0,1,0,1,,40,6,11,16,1,2,0,,5,,0,0,3,,0,2,0,1,,0,9,1,1,1,0,0,0,0,1,0,26,40,33,7,6,9,13,0,2,0,0,4,,0,,1,2,0,0,0,0,0,0,0,0,,,1,26,39,26,9,4,0,0,0
SLN189806192,box,1898-06-19,2,STL05,R,0,LS3,SLN,1,1,0,0,1,,32,6,5,5,0,0,0,,5,,4,,,,1,0,0,3,,0,4,1,1,1,0,0,0,1,0,0,27,41,31,5,3,3,7,0,2,0,0,7,,,,0,3,0,0,1,0,0,0,0,0,,,1,27,44,27,14,3,0,0,0
LS3189806200,box,1898-06-20,0,LOU03,R,1,LS3,WSN,1,1,0,0,1,,35,8,15,16,1,0,0,,8,,4,,2,,0,0,0,3,,0,7,1,1,1,0,0,0,1,0,0,27,32,30,1,1,4,4,0,0,0,0,2,,1,,0,0,0,0,0,0,0,0,0,0,,,1,27,39,27,12,0,0,0,0
LS3189806210,box,1898-06-21,0,LOU03,R,1,LS3,WSN,1,1,0,0,1,,42,14,19,24,2,0,1,,12,,2,,0,,1,1,0,1,,0,8,1,1,1,0,0,0,1,0,0,27,36,30,3,3,9,10,1,0,0,0,4,,0,,0,2,0,0,0,0,0,0,0,0,,,1,27,43,27,15,1,1,0,0
LS3189806220,box,1898-06-22,0,LOU03,R,1,LS3,WSN,1,1,0,0,1,,37,5,13,13,0,0,0,,3,,3,,0,,0,1,0,9,,0,12,1,1,1,1,0,0,1,0,0,27,32,30,0,0,5,5,0,0,0,0,2,,,,0,0,0,0,0,0,0,0,0,0,,,1,27,36,27,9,0,0,0,0
LS3189806230,box,1898-06-23,0,LOU03,R,1,LS3,WSN,1,0,1,0,1,,34,3,9,10,1,0,0,,1,,2,,,,0,1,0,0,,0,7,1,1,1,0,0,0,0,1,0,27,37,35,7,6,12,19,3,2,0,0,1,,,,0,1,0,0,1,0,0,0,0,0,,,1,27,38,27,10,1,1,0,0
LS3189806240,box,1898-06-24,0,LOU03,R,1,LS3,PHI,1,0,1,0,1,,30,1,4,4,0,0,0,,1,,3,,0,,0,1,0,0,,0,6,1,1,1,0,0,0,0,1,0,27,39,33,3,3,10,13,3,0,0,0,4,,,,1,1,0,0,0,0,0,0,0,0,,,1,27,40,27,13,0,1,0,0
LS3189806250,box,1898-06-25,0,LOU03,R,1,LS3,PHI,1,0,1,0,1,,38,3,11,11,0,0,0,,2,,1,,0,,1,1,0,3,,0,11,1,1,0,0,0,1,0,1,0,27,41,41,7,6,14,21,2,1,1,0,0,0,0,,0,0,0,0,0,0,0,0,0,0,,,1,27,48,27,17,4,0,0,0
LS3189806280,box,1898-06-28,0,LOU03,R,1,LS3,PHI,1,0,1,0,1,,35,3,8,12,1,0,1,,3,,0,0,,,1,0,0,0,,0,6,1,1,1,0,0,0,0,1,0,27,40,38,8,7,11,18,2,1,1,0,2,,,,0,0,0,0,0,0,0,0,0,0,,,1,27,36,27,8,1,1,0,0
LS3189806290,box,1898-06-29,0,LOU03,R,1,LS3,BLN,1,1,0,0,1,,33,4,10,12,2,0,0,,4,,2,,0,,0,1,0,2,,0,8,1,1,1,0,0,0,1,0,0,27,41,30,3,3,8,9,1,0,0,0,8,,0,,1,2,0,0,0,0,0,0,0,0,,,1,27,50,27,21,2,2,0,0
LS3189806300,box,1898-06-30,0,LOU03,R,1,LS3,BLN,1,1,0,0,1,,31,9,10,12,0,1,0,,6,,3,,,,0,1,0,5,,0,2,1,1,1,0,0,0,1,0,0,27,36,31,1,1,9,11,0,1,0,0,3,,,,1,1,0,0,0,0,0,0,0,0,,,1,27,41,27,13,1,3,0,0
LS3189807010,box,1898-07-01,0,LOU03,R,1,LS3,BLN,1,0,1,0,1,,31,0,6,7,1,0,0,,0,,2,,,,0,0,0,0,,0,6,1,1,1,0,0,0,0,1,0,27,39,32,2,2,9,10,1,0,0,0,3,,,,2,2,0,0,0,1,0,0,0,0,,,1,27,45,27,16,2,2,0,0
LS3189807020,box,1898-07-02,0,LOU03,R,1,LS3,BLN,1,1,0,0,1,,34,1,6,6,0,0,0,,1,,0,0,,,1,3,0,1,,0,8,1,1,1,1,0,0,1,0,0,30,42,36,0,0,10,12,2,0,0,0,4,,,,0,2,0,0,0,0,0,0,0,0,,,1,30,47,30,16,1,0,0,0
CHN189807030,box,1898-07-03,0,CHI08,R,0,LS3,CHN,1,0,1,0,1,,31,4,8,9,1,0,0,,3,,2,,,,0,3,0,2,,0,5,1,1,1,0,0,0,0,1,0,24,41,35,7,5,12,18,2,2,0,0,3,,2,,2,1,0,0,0,0,0,0,0,0,,,1,24,41,23,16,2,0,0,0
CIN189807041,box,1898-07-04,1,CIN05,R,0,LS3,CIN,1,0,1,0,1,,37,4,10,15,1,2,0,,2,,1,,,,0,0,0,1,,0,7,1,1,1,0,0,0,0,1,0,27,43,39,9,8,13,20,3,2,0,0,1,,,,1,2,0,0,0,0,0,0,0,0,,,1,27,39,27,9,3,0,0,0
CIN189807042,box,1898-07-04,2,CIN05,R,0,LS3,CIN,1,0,1,0,1,,32,0,8,10,0,1,0,,0,,2,,,,0,0,0,0,,0,7,1,1,1,0,0,0,0,1,0,27,46,39,11,10,14,18,2,1,0,0,6,,0,,1,0,0,0,0,0,0,0,0,0,,,1,27,41,27,10,4,2,0,0
PIT189807070,box,1898-07-07,0,PIT05,R,0,LS3,PIT,1,0,1,0,1,,34,3,9,12,1,1,0,,3,,2,,,,0,1,0,1,,0,7,1,1,1,0,0,0,0,1,0,24,39,35,6,5,9,12,1,1,0,0,3,,,,0,1,0,0,0,0,0,0,0,0,,,1,24,37,24,10,3,0,0,0
PIT189807080,box,1898-07-08,0,PIT05,R,0,LS3,PIT,1,0,1,0,1,,39,3,9,11,2,0,0,,2,,0,0,1,,0,1,0,0,,0,10,1,1,0,0,0,1,0,1,0,24,43,36,14,10,13,23,3,2,1,0,4,,2,,2,1,0,0,0,0,0,0,0,0,,,1,24,37,24,12,1,0,0,1
PIT189807090,box,1898-07-09,0,PIT05,R,0,LS3,PIT,1,1,0,0,1,,40,11,12,18,0,3,0,,10,,3,,,,0,1,0,2,,0,6,1,1,1,0,0,0,1,0,0,27,39,39,3,2,11,11,0,0,0,0,0,0,3,,0,0,0,0,0,0,0,0,0,0,,,1,27,38,27,9,2,1,0,0
BSN189807110,box,1898-07-11,0,BOS05,R,0,LS3,BSN,1,0,1,0,1,,30,1,6,6,0,0,0,,1,,2,0,,1,0,1,0,0,0,0,5,1,1,1,0,0,0,0,1,0,24,38,33,5,3,8,11,0,0,1,0,4,0,,0,1,0,0,0,0,0,0,0,0,0,,,1,24,33,24,6,3,0,0,0
BSN189807120,box,1898-07-12,0,BOS05,R,0,LS3,BSN,1,0,1,0,1,,32,2,5,8,0,0,1,,2,,0,0,0,,0,0,0,0,,0,3,1,1,1,0,0,0,0,1,0,24,36,32,6,5,10,10,0,0,0,0,2,,1,,0,2,0,0,0,0,0,0,0,0,,,1,24,37,24,11,2,0,0,0
BSN189807141,box,1898-07-14,1,BOS05,R,0,LS3,BSN,1,0,1,0,1,,33,1,7,9,0,1,0,,1,,2,,0,,0,1,0,0,,0,8,1,1,0,0,0,1,0,1,0,24,41,32,9,9,13,17,2,1,0,0,7,,1,,0,2,0,0,0,0,0,0,0,0,,,1,24,41,24,14,3,0,0,0
BSN189807142,box,1898-07-14,2,BOS05,R,0,LS3,BSN,1,0,1,0,1,,48,7,18,21,3,0,0,,6,,2,,,,0,2,0,0,,0,9,1,1,1,0,0,0,0,1,0,35,50,44,8,7,11,12,1,0,0,0,3,,,,2,1,0,0,0,0,0,0,0,0,,,1,35,48,35,12,1,0,0,2
NY1189807150,box,1898-07-15,0,NYC10,R,0,LS3,NY1,1,1,0,0,1,,33,5,7,9,2,0,0,,2,,4,,,,0,1,0,1,,0,6,1,1,1,0,0,0,1,0,0,27,40,35,4,4,10,11,1,0,0,0,5,,,,0,0,0,0,0,0,0,0,0,0,,,1,27,44,27,16,1,0,0,0
NY1189807160,box,1898-07-16,0,NYC10,R,0,LS3,NY1,1,0,1,0,1,,35,5,11,14,1,1,0,,6,,1,,,,1,1,0,3,,0,6,1,1,0,0,0,1,0,1,0,24,42,33,14,12,9,10,1,0,0,0,5,,,,4,0,0,0,0,0,0,0,0,0,,,1,24,39,24,12,3,0,0,1
NY1189807180,box,1898-07-18,0,NYC10,R,0,LS3,NY1,1,0,1,0,1,,28,1,1,1,0,0,0,,1,,3,0,,1,0,0,0,1,0,0,3,1,1,1,0,0,0,0,1,0,24,39,33,5,3,8,8,0,0,0,0,5,0,,0,1,0,0,0,0,0,0,0,0,0,,,1,24,41,24,14,3,0,0,1
NY1189807190,box,1898-07-19,0,NYC10,R,0,LS3,NY1,1,0,1,0,1,,16,1,3,4,1,0,0,,0,,2,0,,0,0,0,0,1,0,0,2,1,1,1,0,0,0,0,1,0,15,22,19,2,2,4,6,0,1,0,0,3,0,1,0,0,0,0,0,0,0,0,0,0,0,,,1,15,18,15,3,0,0,0,1
BRO189807200,box,1898-07-20,0,NYC12,R,0,LS3,BRO,1,1,0,0,1,,38,4,12,15,1,1,0,,3,,2,0,2,0,0,0,0,2,2,0,9,1,1,1,0,0,0,1,0,0,27,34,29,1,0,2,2,0,0,0,0,3,0,2,0,1,1,0,0,0,0,0,0,0,0,,,1,27,40,27,12,1,0,0,0
BRO189807211,box,1898-07-21,1,NYC12,R,0,LS3,BRO,1,1,0,0,1,,37,5,11,14,1,1,0,,4,,2,,1,,0,2,0,2,,0,9,1,1,1,0,0,0,1,0,0,27,41,37,2,2,8,8,0,0,0,0,2,,3,,1,1,0,0,0,0,0,0,0,0,,,1,27,41,27,10,4,0,0,0
BRO189807212,box,1898-07-21,2,NYC12,R,0,LS3,BRO,1,1,0,0,1,,36,7,8,13,0,1,1,,6,,1,0,1,0,1,0,0,2,0,0,4,1,1,1,0,0,0,1,0,0,27,39,35,4,2,8,8,0,0,0,0,1,0,3,0,2,1,0,0,0,0,0,0,0,0,,,1,27,38,27,10,1,0,0,0
BRO189807220,box,1898-07-22,0,NYC12,R,0,LS3,BRO,1,1,0,0,1,,40,7,14,18,2,1,0,,7,,0,0,,0,0,1,0,1,1,0,7,1,1,1,0,0,0,1,0,0,27,36,34,3,3,8,12,2,1,0,0,2,0,0,1,0,0,0,0,0,0,0,0,0,0,,,1,27,44,27,17,0,1,0,0
LS3189807240,box,1898-07-24,0,LOU03,R,1,LS3,SLN,1,1,0,0,1,,28,2,3,4,1,0,0,,2,,2,,2,,0,1,0,2,,0,3,1,1,1,0,0,0,1,0,0,27,33,28,1,1,7,7,0,0,0,0,4,,,,0,1,0,0,0,0,0,0,0,0,,,1,27,39,27,12,0,1,0,0
LS3189807260,box,1898-07-26,0,LOU03,R,1,LS3,SLN,1,1,0,0,1,,30,5,7,12,0,1,1,,5,,2,,,,0,1,0,2,,0,4,1,1,1,0,0,0,1,0,0,27,34,31,2,2,9,11,2,0,0,0,2,,,,1,0,0,0,0,0,0,0,0,0,,,1,27,43,27,16,0,0,0,0
LS3189807270,box,1898-07-27,0,LOU03,R,1,LS3,SLN,1,1,0,0,1,,35,14,14,19,3,1,0,,14,,5,,,,0,0,0,2,,0,2,1,1,1,0,0,0,1,0,0,27,34,30,1,1,2,5,0,0,1,0,4,,,,0,0,0,0,0,0,0,0,0,0,,,1,27,44,27,15,2,1,0,1
LS3189807280,box,1898-07-28,0,LOU03,R,1,LS3,NY1,1,1,0,0,1,,29,6,9,14,2,0,1,,5,,4,0,1,0,0,3,0,0,2,0,6,1,1,1,0,0,0,1,0,0,27,36,35,4,3,6,11,2,0,1,0,1,0,0,0,0,0,0,0,0,0,0,0,0,0,,,1,27,38,27,9,2,0,0,0
LS3189807290,box,1898-07-29,0,LOU03,R,1,LS3,NY1,1,0,1,0,1,,38,8,8,16,3,1,1,,6,,6,0,3,1,2,1,0,1,0,0,12,1,1,0,0,0,1,0,1,0,27,44,39,12,12,15,23,1,2,1,0,5,0,2,0,0,0,0,0,0,0,0,0,0,0,,,1,27,44,27,14,3,0,0,0
LS3189807300,box,1898-07-30,0,LOU03,R,1,LS3,NY1,1,0,1,0,1,,34,3,8,10,0,1,0,,3,,4,,1,,0,0,0,1,,0,8,1,1,1,0,0,0,0,1,0,27,40,33,7,5,7,10,0,0,1,0,4,,0,,1,2,0,0,0,0,0,0,0,0,,,1,27,44,27,13,4,0,0,0
LS3189807310,box,1898-07-31,0,LOU03,R,1,LS3,NY1,1,0,1,0,1,,34,3,9,11,2,0,0,,3,,2,,,,1,2,0,1,,0,9,1,1,1,0,0,0,0,1,0,27,40,35,7,7,12,17,1,2,0,0,2,,0,,2,1,0,0,0,0,0,0,0,0,,,1,27,43,27,13,3,1,0,0
LS3189808020,box,1898-08-02,0,LOU03,R,1,LS3,BSN,1,0,0,1,1,,42,1,7,7,0,0,0,,1,,1,,2,,0,0,0,2,,0,6,1,1,1,0,0,0,0,0,0,36,43,36,1,1,6,6,0,0,0,0,4,,0,,1,2,0,0,0,0,0,0,0,0,,,1,36,67,36,27,4,2,0,0
LS3189808030,box,1898-08-03,0,LOU03,R,1,LS3,BSN,1,1,0,0,1,,26,2,4,4,0,0,0,,2,,1,,0,,2,0,0,1,,0,6,1,1,1,0,0,0,1,0,0,21,25,21,1,0,3,3,0,0,0,0,4,,,,0,0,0,0,0,0,0,0,0,0,,,1,21,30,21,8,1,3,0,0
LS3189808041,box,1898-08-04,1,LOU03,R,1,LS3,BSN,1,1,0,0,1,,37,11,15,27,1,4,1,,13,,3,,0,,1,1,0,2,,0,7,1,1,1,0,0,0,1,0,0,27,39,37,4,4,12,15,3,0,0,0,2,,,,0,0,0,0,0,0,0,0,0,0,,,1,27,37,27,10,0,2,0,0
LS3189808042,box,1898-08-04,2,LOU03,R,1,LS3,BSN,1,0,1,0,1,,35,4,9,12,0,0,1,,5,,2,,,,0,0,0,0,,0,6,1,1,0,0,0,1,0,1,0,27,41,36,8,8,12,15,3,0,0,0,3,,,,0,2,0,0,0,0,0,0,0,0,,,1,27,42,27,11,4,1,0,0
LS3189808050,box,1898-08-05,0,LOU03,R,1,LS3,BSN,1,1,0,0,1,,30,4,7,7,0,0,0,,3,,2,,1,,0,0,0,0,,0,4,1,1,1,0,0,0,1,0,0,27,37,34,2,1,5,7,0,1,0,0,3,,0,,0,0,0,0,0,0,0,0,0,0,,,1,27,44,27,12,5,1,0,0
LS3189808060,box,1898-08-06,0,LOU03,R,1,LS3,BRO,1,1,0,0,1,,29,5,9,11,2,0,0,,3,,2,,,,0,2,0,2,,0,4,1,1,1,0,0,0,1,0,0,27,38,38,4,2,12,15,1,1,0,0,0,0,,,0,0,0,0,1,0,0,0,0,0,,,1,27,45,27,14,4,2,0,1
LS3189808071,box,1898-08-07,1,LOU03,R,1,LS3,BRO,1,0,1,0,1,,28,3,6,12,0,3,0,,3,,4,,,,0,2,0,3,,0,4,1,1,0,0,0,1,0,1,0,27,38,33,8,5,12,15,3,0,0,0,1,,,,1,3,0,0,0,0,0,0,0,0,,,1,27,45,27,16,2,0,0,0
LS3189808072,box,1898-08-07,2,LOU03,R,1,LS3,BRO,1,0,1,0,1,,34,5,10,14,2,1,0,,5,,4,,,,1,3,0,1,,0,10,1,1,1,0,0,0,0,1,0,27,42,36,6,4,11,12,1,0,0,0,4,,,,0,2,0,0,0,0,0,0,0,0,,,1,27,44,27,12,5,0,0,1
WSN189808131,box,1898-08-13,1,WAS06,R,0,LS3,WSN,1,0,1,0,1,,34,1,7,7,0,0,0,,0,,0,0,3,0,0,1,0,3,0,0,7,1,1,1,0,0,0,0,1,0,24,30,28,2,2,9,11,2,0,0,0,1,0,2,0,0,1,0,0,0,0,0,0,0,0,,,1,24,38,24,13,1,1,0,0
WSN189808132,box,1898-08-13,2,WAS06,R,0,LS3,WSN,1,1,0,0,1,,40,9,11,11,0,0,0,,8,,2,0,3,1,1,1,0,1,0,0,8,1,1,1,0,0,0,1,0,0,27,34,32,2,2,7,10,1,1,0,0,2,0,1,1,0,0,0,0,0,0,0,0,0,0,,,1,27,38,27,11,0,1,0,0
WSN189808150,box,1898-08-15,0,WAS06,R,0,LS3,WSN,1,1,0,0,1,,34,3,7,8,1,0,0,,3,,3,0,1,0,1,1,0,4,1,0,9,1,1,1,0,0,0,1,0,0,27,34,33,1,1,8,9,1,0,0,0,1,0,1,0,0,0,0,0,0,0,0,0,0,0,,,1,27,42,27,15,0,0,0,0
BLN189808160,box,1898-08-16,0,BAL07,R,0,LS3,BLN,1,0,1,0,1,,30,1,7,8,1,0,0,,1,,5,,4,,0,1,0,3,,0,8,1,1,1,0,0,0,0,1,0,24,46,34,9,6,12,15,1,1,0,0,8,,2,,3,1,0,0,0,0,0,0,0,0,,,1,24,36,24,8,4,2,0,0
BLN189808170,box,1898-08-17,0,BAL07,R,0,LS3,BLN,1,0,1,0,1,,31,2,5,5,0,0,0,,1,,1,,,,0,1,0,0,,0,4,1,1,1,0,0,0,0,1,0,24,35,30,4,2,8,8,0,0,0,0,2,,,,3,0,0,0,0,0,0,0,0,0,,,1,24,42,24,14,4,0,0,0
BLN189808180,box,1898-08-18,0,BAL07,R,0,LS3,BLN,1,0,1,0,1,,39,6,12,16,2,1,0,,6,,2,,1,,1,0,0,0,,0,9,1,1,1,0,0,0,0,1,0,24,39,32,9,3,10,12,0,1,0,0,5,,2,,1,1,0,0,0,0,0,0,0,0,,,1,24,43,24,17,2,1,0,0
PHI189808190,box,1898-08-19,0,PHI09,R,0,LS3,PHI,1,1,0,0,1,,35,3,9,10,1,0,0,,3,,0,0,3,,0,3,0,1,,0,8,1,1,1,0,0,0,1,0,0,27,35,31,2,2,7,9,0,1,0,0,3,,2,,1,0,0,0,0,0,0,0,0,0,,,1,27,46,27,18,1,3,0,0
PHI189808200,box,1898-08-20,0,PHI09,R,0,LS3,PHI,1,0,1,0,1,,30,0,3,3,0,0,0,,0,,1,,5,,0,1,0,1,,0,5,1,1,1,0,0,0,0,1,0,24,30,30,2,1,4,8,2,1,0,0,0,0,1,,0,0,0,0,0,0,0,0,0,0,,,1,24,37,24,10,3,0,0,0
PHI189808220,box,1898-08-22,0,PHI09,R,0,LS3,PHI,1,0,1,0,1,,33,9,12,19,3,2,0,,7,,7,,,,2,2,0,1,,0,8,1,1,0,0,0,1,0,1,0,24,50,45,18,15,21,31,6,2,0,0,4,,,,1,0,0,0,0,0,0,0,0,0,,,1,24,42,24,14,4,1,0,1
LS3189808240,box,1898-08-24,0,LOU03,R,1,LS3,PHI,1,1,0,0,1,,27,11,10,15,2,0,1,,9,,2,,,,1,1,0,3,,0,5,1,1,1,0,0,0,1,0,0,15,28,25,6,4,7,14,1,0,2,0,0,0,1,,2,1,0,0,0,0,0,0,0,0,,,1,15,23,15,4,4,0,0,0
LS3189808251,box,1898-08-25,1,LOU03,R,1,LS3,PHI,1,0,1,0,1,,36,7,9,10,1,0,0,,5,,4,,,,2,0,0,3,,0,8,1,1,1,0,0,0,0,1,0,27,46,37,13,11,15,25,1,3,1,0,5,,,,0,4,0,0,0,0,0,0,0,0,,,1,27,50,27,17,6,1,0,0
LS3189808252,box,1898-08-25,2,LOU03,R,1,LS3,PHI,1,1,0,0,1,,30,8,14,25,1,2,2,,7,,3,,,,0,0,0,5,,0,7,1,1,1,0,0,0,1,0,0,18,25,22,1,1,3,4,1,0,0,0,2,,0,,0,1,0,0,0,0,0,0,0,0,,,1,18,29,18,9,2,0,0,0
LS3189808260,box,1898-08-26,0,LOU03,R,1,LS3,PHI,1,1,0,0,1,,30,5,11,11,0,0,0,,3,,4,,,,1,2,0,3,,0,8,1,1,1,0,0,0,1,0,0,27,37,35,3,1,7,7,0,0,0,0,1,,,,0,1,0,0,0,0,0,0,0,0,,,1,27,45,27,14,4,0,0,0
LS3189808270,box,1898-08-27,0,LOU03,R,1,LS3,WSN,1,1,0,0,1,,36,4,10,10,0,0,0,,3,,3,,0,,2,0,0,4,,0,10,1,1,1,0,0,0,1,0,0,30,40,35,3,2,8,11,1,1,0,0,5,,,,0,0,0,0,0,0,0,0,0,0,,,1,30,39,30,8,1,1,0,0
LS3189808280,box,1898-08-28,0,LOU03,R,1,LS3,WSN,1,1,0,0,1,,30,5,11,14,3,0,0,,4,,0,0,,,1,3,0,5,,0,5,1,1,1,0,0,0,1,0,0,27,35,32,3,1,7,8,1,0,0,0,3,,,,0,0,0,0,0,0,0,0,0,0,,,1,27,39,27,8,4,0,0,0
LS3189808290,box,1898-08-29,0,LOU03,R,1,LS3,WSN,1,1,0,0,1,,32,8,11,17,1,1,1,,6,,2,,,,0,1,0,3,,0,3,1,1,1,0,0,0,1,0,0,27,32,32,1,1,7,7,0,0,0,0,0,0,0,,0,0,0,0,0,0,0,0,0,0,,,1,27,44,27,15,2,2,0,0
LS3189808300,box,1898-08-30,0,LOU03,R,1,LS3,BLN,1,1,0,0,1,,29,4,8,12,2,1,0,,4,,4,,,,0,0,0,2,,0,5,1,1,1,0,0,0,1,0,0,27,34,33,2,2,7,9,0,1,0,0,1,,,,0,0,0,0,0,0,0,0,0,0,,,1,27,37,27,9,1,1,0,0
LS3189808310,box,1898-08-31,0,LOU03,R,1,LS3,BLN,1,0,1,0,1,,33,3,7,7,0,0,0,,3,,2,,,,2,1,0,3,,0,9,1,1,1,0,0,0,0,1,0,27,42,36,10,10,13,15,0,1,0,0,3,,,,1,2,0,0,0,1,0,0,0,0,,,1,27,39,27,12,0,1,0,0
LS3189809010,box,1898-09-01,0,LOU03,R,1,LS3,BLN,1,1,0,0,1,,31,9,10,19,2,2,1,,8,,2,,,,1,1,0,1,,0,2,1,1,1,0,0,0,1,0,0,27,41,40,8,7,12,14,2,0,0,0,1,,,,0,0,0,0,0,0,0,0,0,0,,,1,27,44,27,13,4,0,0,0
LS3189809030,box,1898-09-03,0,LOU03,R,1,LS3,SLN,1,1,0,0,1,,35,13,12,18,3,0,1,,12,,5,,0,,2,1,0,7,,0,7,1,1,1,0,0,0,1,0,0,27,37,31,1,1,4,4,0,0,0,0,5,,,,1,0,0,0,0,0,0,0,0,0,,,1,27,43,27,15,1,1,0,0
LS3189809041,box,1898-09-04,1,LOU03,R,1,LS3,SLN,1,1,0,0,1,,41,2,10,12,0,1,0,,1,,1,0,,0,0,0,0,3,2,0,8,1,1,1,0,0,0,1,0,0,33,41,35,1,0,5,5,0,0,0,0,4,0,,0,1,1,0,0,0,0,0,0,0,0,,,1,33,48,33,13,2,0,0,0
LS3189809042,box,1898-09-04,2,LOU03,R,1,LS3,SLN,1,1,0,0,1,,36,14,22,31,3,0,2,,15,,6,,,,0,0,0,5,,0,7,1,1,1,0,0,0,1,0,0,24,37,34,5,2,8,11,0,0,1,0,2,,,,1,0,0,0,0,0,0,0,0,0,,,1,24,37,24,10,3,0,0,0
LS3189809050,box,1898-09-05,0,LOU03,R,1,LS3,SLN,1,0,1,0,1,,27,5,9,12,1,1,0,,5,,3,,,,1,0,0,2,,0,8,1,1,1,0,0,0,0,1,0,18,33,28,8,8,11,11,0,0,0,0,3,,,,1,1,0,0,0,0,0,0,0,0,,,1,18,26,18,8,0,0,0,0
LS3189809060,box,1898-09-06,0,LOU03,R,1,LS3,CL4,1,1,0,0,1,,31,5,10,14,1,0,1,,5,,3,,,,0,0,0,2,,0,5,1,1,1,0,0,0,1,0,0,27,37,36,3,2,9,11,2,0,0,0,1,,,,0,0,0,0,0,0,0,0,0,0,,,1,27,39,27,11,1,1,0,0
LS3189809070,box,1898-09-07,0,LOU03,R,1,LS3,CL4,1,0,1,0,1,,32,0,5,7,2,0,0,,0,,3,,,,0,0,0,1,,0,8,1,1,1,0,0,0,0,1,0,27,48,41,9,2,8,12,2,1,0,0,5,,,,1,1,0,0,0,0,0,0,0,0,,,1,27,58,27,19,12,1,0,0
LS3189809081,box,1898-09-08,1,LOU03,R,1,LS3,CL4,1,1,0,0,1,,36,9,14,17,3,0,0,,9,,3,,,,0,2,0,2,,0,8,1,1,1,0,0,0,1,0,0,27,40,35,7,7,9,12,0,0,1,0,3,,,,1,1,0,0,0,0,0,0,0,0,,,1,27,35,27,8,0,0,0,0
LS3189809082,box,1898-09-08,2,LOU03,R,1,LS3,CL4,1,0,1,0,1,,27,3,5,8,0,0,1,,2,,4,,2,,0,0,0,2,,0,7,1,1,1,0,0,0,0,1,0,21,33,29,5,3,9,14,2,0,1,0,3,,,,0,1,0,0,2,0,0,0,0,0,,,1,21,36,21,12,3,1,0,0
CIN189809100,box,1898-09-10,0,CIN05,R,0,LS3,CIN,1,1,0,0,1,,34,3,7,9,2,0,0,,3,,1,,,,0,1,0,1,,0,6,1,1,1,0,0,0,1,0,0,27,32,31,1,0,5,11,2,2,0,0,1,,,,0,0,0,0,0,0,0,0,0,0,,,1,27,41,27,13,1,2,0,0
CIN189809110,box,1898-09-11,0,CIN05,R,0,LS3,CIN,1,1,0,0,1,,41,9,15,20,1,2,0,,9,,2,,,,1,0,0,1,,0,8,1,1,0,0,0,1,1,0,0,27,40,36,5,3,11,16,3,1,0,0,4,,,,0,0,0,0,0,0,0,0,0,0,,,1,27,48,27,18,3,0,0,0
BRO189809140,box,1898-09-14,0,NYC12,R,0,LS3,BRO,1,1,0,0,1,,41,7,15,20,2,0,1,,6,,2,0,0,0,1,1,0,2,1,0,11,1,1,1,0,0,0,1,0,0,27,35,33,2,2,7,11,4,0,0,0,2,0,,0,0,0,0,0,0,0,0,0,0,0,,,1,27,38,27,11,0,0,0,0
BRO189809150,box,1898-09-15,0,NYC12,R,0,LS3,BRO,1,1,0,0,1,,32,2,7,7,0,0,0,,2,,1,0,2,0,0,1,0,1,1,0,5,1,1,1,1,0,0,1,0,0,27,32,29,0,0,4,4,0,0,0,0,2,0,0,0,1,0,0,0,1,0,0,0,0,0,,,1,27,40,27,13,0,0,0,0
BRO189809160,box,1898-09-16,0,NYC12,R,0,LS3,BRO,1,0,0,1,1,,44,7,12,14,0,1,0,,6,,4,0,2,1,0,1,0,0,1,0,9,1,1,1,0,0,0,0,0,0,33,47,40,7,6,11,12,1,0,0,0,3,0,2,0,2,2,0,0,0,0,0,0,0,0,,,1,33,49,33,15,1,1,0,0
BSN189809170,box,1898-09-17,0,BOS05,R,0,LS3,BSN,1,1,0,0,1,,35,4,9,11,2,0,0,,4,,1,,3,,0,1,0,2,,0,6,1,1,1,0,0,0,1,0,0,27,34,31,2,2,7,8,1,0,0,0,3,,0,,0,0,0,0,0,0,0,0,0,0,,,1,27,39,27,12,0,2,0,0
BSN189809190,box,1898-09-19,0,BOS05,R,0,LS3,BSN,1,0,1,0,1,,28,1,4,6,0,1,0,,1,,0,0,2,,1,0,0,1,,0,1,1,1,1,0,0,0,0,1,0,24,42,33,7,6,11,14,3,0,0,0,7,,,,0,2,0,0,0,0,0,0,0,0,,,1,24,36,24,11,1,0,0,0
BSN189809200,box,1898-09-20,0,BOS05,R,0,LS3,BSN,1,0,1,0,1,,34,4,8,12,1,0,1,,4,,4,,1,,0,0,0,0,,0,7,1,1,0,0,0,1,0,1,0,24,59,51,24,19,29,35,6,0,0,0,5,,2,,1,2,0,0,0,0,0,0,0,0,,,1,24,40,24,9,7,1,0,0
NY1189809210,box,1898-09-21,0,NYC10,R,0,LS3,NY1,1,1,0,0,1,,45,14,18,23,2,0,1,,13,,3,0,3,0,1,1,0,0,3,0,9,1,1,1,0,0,0,1,0,0,27,46,45,9,8,18,20,2,0,0,0,1,0,2,1,0,0,0,0,0,0,0,0,0,0,,,1,27,40,27,11,2,1,0,0
NY1189809220,box,1898-09-22,0,NYC10,R,0,LS3,NY1,1,1,0,0,1,,35,7,11,15,1,0,1,,4,,1,,1,,0,1,0,1,,0,6,1,1,1,0,0,0,1,0,0,24,33,31,2,2,8,12,2,1,0,0,1,,4,,1,0,0,0,0,0,0,0,0,0,,,1,24,36,24,12,0,0,0,0
NY1189809230,box,1898-09-23,0,NYC10,R,0,LS3,NY1,1,1,0,0,1,,33,6,8,10,0,1,0,,5,,6,0,1,0,3,3,0,2,0,0,12,1,1,1,0,0,0,1,0,0,27,40,34,3,3,7,8,1,0,0,0,6,0,1,0,0,0,0,0,0,0,0,0,0,0,,,1,27,37,27,9,1,0,0,0
SLN189809250,box,1898-09-25,0,STL05,R,0,LS3,SLN,1,1,0,0,1,,30,4,9,10,1,0,0,,2,,7,,1,,0,3,0,0,,0,9,1,1,1,0,0,0,1,0,0,27,37,33,2,2,6,8,2,0,0,0,3,,3,,0,1,0,0,0,0,0,0,0,0,,,1,27,42,27,11,4,0,0,0
SLN189809260,box,1898-09-26,0,STL05,R,0,LS3,SLN,1,1,0,0,1,,33,3,11,14,3,0,0,,2,,1,,,,0,4,0,2,,0,8,1,1,1,0,0,0,1,0,0,27,42,32,2,2,8,8,0,0,0,0,5,,6,,3,2,0,0,0,0,0,0,0,0,,,1,27,36,27,9,0,0,0,0
SLN189809270,box,1898-09-27,0,STL05,R,0,LS3,SLN,1,1,0,0,1,,38,10,13,15,0,1,0,,7,,2,,1,,0,3,0,1,,0,6,1,1,1,0,0,0,1,0,0,27,42,39,4,4,14,15,1,0,0,0,2,,0,,1,0,0,0,0,0,0,0,0,0,,,1,27,39,27,11,1,1,0,0
LS3189809280,box,1898-09-28,0,LOU03,R,1,LS3,CHN,1,1,0,0,1,,31,6,13,16,1,1,0,,5,,2,,,,1,2,0,0,,0,6,1,1,1,0,0,0,1,0,0,27,33,32,1,1,8,9,1,0,0,0,1,,,,0,0,0,0,0,0,0,0,0,0,,,1,27,40,27,13,0,1,0,0
LS3189809290,box,1898-09-29,0,LOU03,R,1,LS3,CHN,1,0,1,0,1,,25,2,7,7,0,0,0,,2,,5,,1,,0,1,0,1,,0,8,1,1,1,0,0,0,0,1,0,21,37,32,10,2,10,13,0,0,1,0,2,,2,,2,1,0,0,0,0,0,0,0,0,,,1,21,39,21,12,6,2,0,1
CHN189810031,box,1898-10-03,1,CHI08,R,0,LS3,CHN,1,0,1,0,1,,40,1,6,7,1,0,0,,1,,0,0,3,,1,1,0,0,,0,8,1,1,1,0,0,0,0,1,0,32,46,42,2,2,10,11,1,0,0,0,2,,1,,0,2,0,0,0,0,0,0,0,0,,,1,32,49,32,15,2,0,0,0
CHN189810032,box,1898-10-03,2,CHI08,R,0,LS3,CHN,1,0,1,0,1,,31,0,8,10,0,1,0,,0,,0,0,0,,0,0,0,2,,0,7,1,1,1,0,0,0,0,1,0,21,30,27,3,2,7,9,2,0,0,0,1,,0,,0,2,0,0,0,0,0,0,0,0,,,1,21,41,21,16,4,0,0,0
CHN189810041,box,1898-10-04,1,CHI08,R,0,LS3,CHN,1,1,0,0,1,,39,4,11,15,2,1,0,,4,,0,0,0,,0,1,0,1,,0,9,1,1,1,0,0,0,1,0,0,27,37,33,2,2,8,12,1,0,1,0,3,,8,,1,0,0,0,0,0,0,0,0,0,,,1,27,38,26,12,0,0,0,0
CHN189810042,box,1898-10-04,2,CHI08,R,0,LS3,CHN,1,0,1,0,1,,22,1,2,2,0,0,0,,1,,0,0,3,,0,1,0,0,,0,4,1,1,1,0,0,0,0,1,0,15,21,19,4,4,6,11,2,0,1,0,1,,3,,0,1,0,0,0,0,0,0,0,0,,,1,15,22,15,5,2,1,0,1
LS3189810060,box,1898-10-06,0,LOU03,R,1,LS3,PIT,1,0,1,0,1,,34,2,9,13,1,0,1,,2,,1,,,,1,0,0,0,,0,7,1,1,1,0,0,0,0,1,0,27,37,35,4,4,10,11,1,0,0,0,1,,,,0,1,0,0,0,0,0,0,0,0,,,1,27,40,27,11,2,1,0,0
LS3189810080,box,1898-10-08,0,LOU03,R,1,LS3,PIT,1,1,0,0,1,,36,8,12,12,0,0,0,,2,,3,,,,1,1,0,1,,0,9,1,1,1,0,0,0,1,0,0,27,36,34,1,0,6,6,0,0,0,0,1,,,,0,0,0,0,0,1,0,0,0,0,,,1,27,36,27,8,1,0,0,0
LS3189810090,box,1898-10-09,0,LOU03,R,1,LS3,PIT,1,0,0,1,1,,36,2,5,5,0,0,0,,2,,1,0,,0,0,3,0,0,0,0,5,1,1,1,0,0,0,0,0,0,33,41,40,2,2,8,8,0,0,0,0,0,0,,1,0,1,0,0,0,0,0,0,0,0,,,1,33,48,33,13,2,1,0,0
LS3189810100,box,1898-10-10,0,LOU03,R,1,LS3,CIN,1,1,0,0,1,,32,6,8,11,1,1,0,,5,,2,,,,2,0,0,0,,0,6,1,1,1,0,0,0,1,0,0,27,37,35,3,2,8,8,0,0,0,0,1,,,,0,1,0,0,0,0,0,0,0,0,,,1,27,43,27,14,2,0,0,0
LS3189810121,box,1898-10-12,1,LOU03,R,1,LS3,CIN,1,0,1,0,1,,30,2,5,6,1,0,0,,1,,4,,0,,0,0,0,0,,0,5,1,1,1,0,0,0,0,1,0,27,41,34,5,3,8,8,0,0,0,0,4,,,,1,2,0,0,0,0,0,0,0,0,,,1,27,43,27,11,5,1,0,0
LS3189810122,box,1898-10-12,2,LOU03,R,1,LS3,CIN,1,1,0,0,1,,33,4,10,16,0,3,0,,2,,1,,0,,1,0,0,1,,0,7,1,1,1,0,0,0,1,0,0,27,35,32,1,1,6,8,2,0,0,0,2,,,,0,1,0,0,0,0,0,0,0,0,,,1,27,39,27,9,3,2,0,0
LS3189810141,box,1898-10-14,1,LOU03,R,1,LS3,CL4,1,1,0,0,1,,42,14,21,30,5,2,0,,14,,2,,,,1,1,0,1,,0,8,1,1,1,0,0,0,1,0,0,27,36,33,2,2,7,11,2,1,0,0,2,,0,,1,0,0,0,0,0,0,0,0,0,,,1,27,44,27,15,2,1,0,0
LS3189810142,box,1898-10-14,2,LOU03,R,1,LS3,CL4,1,0,1,0,1,,27,4,7,8,1,0,0,,2,,1,,0,,0,2,0,3,,0,5,1,1,1,0,0,0,0,1,0,21,32,31,6,4,11,15,2,1,0,0,1,,,,0,0,0,0,1,0,0,0,0,0,,,1,21,34,21,11,2,1,0,0
LS3189810150,box,1898-10-15,0,LOU03,R,1,LS3,CL4,1,1,0,0,1,,30,5,10,14,2,1,0,,5,,2,,,,0,1,0,4,,0,4,1,1,1,0,0,0,1,0,0,27,40,33,4,3,8,9,1,0,0,0,7,,0,,0,0,0,0,0,0,0,0,0,0,,,1,27,43,27,15,1,2,0,2
NY1189804160,box,1898-04-16,0,NYC10,R,1,NY1,BSN,1,0,1,0,1,,33,2,5,9,0,2,0,,2,,1,0,,0,0,0,0,0,1,0,5,1,1,1,0,0,0,0,1,0,27,38,36,4,0,8,10,2,0,0,0,1,0,,1,0,1,0,0,0,0,0,0,0,0,,,1,27,49,27,17,5,1,0,0
NY1189804180,box,1898-04-18,0,NYC10,R,1,NY1,BSN,1,1,0,0,1,,35,8,11,13,2,0,0,,5,,1,0,3,0,3,0,0,1,1,0,7,1,1,1,0,0,0,1,0,0,27,39,33,2,2,6,9,1,1,0,0,5,0,5,0,1,0,0,0,0,0,0,0,0,0,,,1,27,38,27,10,1,0,0,0
BSN189804190,box,1898-04-19,0,BOS05,R,0,NY1,BSN,1,0,1,0,1,,32,2,4,5,1,0,0,,2,,2,0,,1,0,0,0,0,0,0,5,1,1,0,0,0,1,0,1,0,24,45,40,14,11,18,24,1,1,1,0,4,0,,0,0,1,0,0,1,0,0,0,0,0,,,1,24,37,24,10,3,1,0,3
PHI189804200,box,1898-04-20,0,PHI09,R,0,NY1,PHI,1,0,1,0,1,,35,5,11,16,0,1,1,,4,,3,,,,1,0,0,1,,0,7,1,1,1,0,0,0,0,1,0,27,45,40,8,8,16,22,4,1,0,0,3,,,,1,1,0,0,0,0,0,0,0,0,,,1,27,47,27,16,4,0,0,0
PHI189804210,box,1898-04-21,0,PHI09,R,0,NY1,PHI,1,0,1,0,1,,34,4,9,14,2,0,1,,4,,4,0,1,2,0,0,0,1,2,0,7,1,1,0,0,0,1,0,1,0,27,49,39,13,9,10,14,1,0,1,0,7,0,4,0,3,0,0,0,0,1,0,0,0,0,,,1,27,39,27,8,4,1,0,0
PHI189804220,box,1898-04-22,0,PHI09,R,0,NY1,PHI,1,0,1,0,1,,34,7,7,7,0,0,0,,6,,7,0,4,0,3,0,0,1,0,0,10,1,1,1,0,0,0,0,1,0,27,44,36,13,12,12,17,3,1,0,0,8,0,1,0,0,0,0,0,1,0,0,0,0,0,,,1,27,42,27,14,1,0,0,0
PHI189804230,box,1898-04-23,0,PHI09,R,0,NY1,PHI,1,1,0,0,1,,41,14,14,22,4,2,0,,13,,4,,1,,1,0,0,1,,0,8,1,1,1,0,0,0,1,0,0,27,43,40,9,4,13,15,2,0,0,0,2,,,,1,0,0,0,0,0,0,0,0,0,,,1,27,52,26,23,3,0,0,0
WSN189804270,box,1898-04-27,0,WAS06,R,0,NY1,WSN,1,1,0,0,1,,37,20,16,21,1,2,0,,16,,10,0,5,0,0,0,0,1,0,0,6,1,1,1,0,0,0,1,0,0,21,36,29,6,5,9,14,2,0,1,0,7,0,3,0,0,0,0,0,1,1,0,0,0,0,,,1,21,32,21,10,1,1,0,0
BLN189804300,box,1898-04-30,0,BAL07,R,0,NY1,BLN,1,0,1,0,1,,32,1,6,6,0,0,0,,1,,1,0,6,2,0,0,0,4,0,0,5,1,1,1,0,0,0,0,1,0,24,39,31,4,1,7,9,2,0,0,0,7,0,1,1,1,0,0,0,0,0,0,0,0,0,,,1,24,45,24,17,4,1,0,0
BLN189805020,box,1898-05-02,0,BAL07,R,0,NY1,BLN,1,0,1,0,1,,31,4,8,12,4,0,0,,4,,4,0,2,2,1,0,0,1,0,0,5,1,1,1,0,0,0,0,1,0,24,39,35,6,5,15,23,2,3,0,0,2,0,1,1,2,0,0,0,0,0,0,0,0,0,,,1,24,37,24,12,1,1,0,0
NY1189805040,box,1898-05-04,0,NYC10,R,1,NY1,BSN,1,1,0,0,1,,34,8,11,15,1,0,1,,7,,6,,1,,1,2,0,2,,0,11,1,1,1,0,0,0,1,0,0,27,35,30,3,3,5,8,0,0,1,0,4,,2,,1,0,0,0,0,0,0,0,0,0,,,1,27,43,27,14,2,1,0,1
BSN189805050,box,1898-05-05,0,BOS05,R,0,NY1,BSN,1,1,0,0,1,,37,6,10,20,2,1,2,,5,,2,0,2,0,0,0,0,0,0,0,6,1,1,0,0,0,1,1,0,0,27,39,31,4,4,9,10,1,0,0,0,6,0,7,2,1,1,0,0,0,0,0,0,0,0,,,1,27,40,27,13,0,2,0,0
BSN189805060,box,1898-05-06,0,BOS05,R,0,NY1,BSN,1,1,0,0,1,,37,7,9,11,2,0,0,,5,,8,0,0,1,0,0,0,4,0,0,11,1,1,1,0,0,0,1,0,0,27,39,36,5,2,11,12,1,0,0,0,2,0,,1,0,1,0,0,0,0,0,0,0,0,,,1,27,44,27,14,3,2,0,1
BSN189805070,box,1898-05-07,0,BOS05,R,0,NY1,BSN,1,0,1,0,1,,42,9,11,19,5,0,1,,8,,2,,1,,0,0,0,0,,0,8,1,1,0,0,0,1,0,1,0,27,48,41,13,9,15,18,3,0,0,0,4,,4,,1,2,0,0,1,0,0,0,0,0,,,1,27,47,27,14,6,1,0,0
NY1189805090,box,1898-05-09,0,NYC10,R,1,NY1,BRO,1,1,0,0,1,,32,3,6,7,1,0,0,,2,,4,0,1,0,0,0,0,1,0,0,9,1,1,1,0,0,0,1,0,0,27,34,32,1,0,5,5,0,0,0,0,2,0,3,0,0,0,0,0,0,0,0,0,0,0,,,1,27,47,27,17,3,0,0,0
NY1189805100,box,1898-05-10,0,NYC10,R,1,NY1,BRO,1,1,0,0,1,,35,5,9,14,1,2,0,,4,,2,0,4,0,0,0,0,0,0,0,8,1,1,1,1,0,0,1,0,0,27,33,29,0,0,1,1,0,0,0,0,3,0,1,0,1,0,0,0,0,0,0,0,0,0,,,1,27,42,27,13,2,0,0,0
BRO189805120,box,1898-05-12,0,NYC12,R,0,NY1,BRO,1,1,0,0,1,,32,6,10,21,1,2,2,,6,,1,0,1,0,0,0,0,0,2,0,3,1,1,1,0,0,0,1,0,0,24,36,32,3,3,9,11,2,0,0,0,3,0,8,1,1,0,0,0,0,0,0,0,0,0,,,1,24,38,24,13,1,1,0,0
NY1189805130,box,1898-05-13,0,NYC10,R,1,NY1,WSN,1,1,0,0,1,,34,9,9,16,2,1,1,,7,,5,0,1,2,0,0,0,3,0,0,6,1,1,1,0,0,0,1,0,0,27,43,35,5,0,7,8,1,0,0,0,5,0,2,0,3,0,0,0,1,0,0,0,0,0,,,1,27,53,27,17,9,0,0,2
NY1189805140,box,1898-05-14,0,NYC10,R,1,NY1,WSN,1,1,0,0,1,,30,6,9,16,1,0,2,,6,,3,,1,,0,0,0,0,,0,3,1,1,1,0,0,0,1,0,0,27,36,34,2,2,8,9,1,0,0,0,2,,3,,0,0,0,0,0,0,0,0,0,0,,,1,27,42,27,13,2,1,0,0
NY1189805171,box,1898-05-17,1,NYC10,R,1,NY1,WSN,1,1,0,0,1,,41,9,14,19,5,0,0,,8,,4,,4,,0,0,0,3,,0,12,1,1,1,0,0,0,1,0,0,27,39,35,3,1,7,8,1,0,0,0,4,,8,,0,0,0,0,1,0,0,0,0,0,,,1,27,35,27,6,2,0,0,0
NY1189805172,box,1898-05-17,2,NYC10,R,1,NY1,WSN,1,1,0,0,1,,38,11,11,13,2,0,0,,7,,8,,,,1,0,0,3,,0,11,1,1,1,0,0,0,1,0,0,27,42,34,10,8,9,10,1,0,0,0,5,,,,1,2,0,0,1,0,0,0,0,0,,,1,27,48,27,16,5,1,0,0
SLN189805190,box,1898-05-19,0,STL05,R,0,NY1,SLN,1,1,0,0,1,,40,7,14,20,4,1,0,,4,,0,0,2,,0,0,0,4,,0,6,1,1,1,0,0,0,1,0,0,27,34,31,1,1,5,6,1,0,0,0,1,,5,,1,1,0,0,0,0,0,0,0,0,,,1,27,44,27,14,3,2,0,0
SLN189805200,box,1898-05-20,0,STL05,R,0,NY1,SLN,1,0,1,0,1,,34,2,6,11,1,2,0,,1,,1,0,0,0,0,0,0,0,1,0,6,1,1,1,0,0,0,0,1,0,24,38,34,6,2,8,10,0,1,0,0,3,0,0,0,0,1,0,0,0,0,0,0,0,0,,,1,24,40,24,13,3,0,0,0
SLN189805210,box,1898-05-21,0,STL05,R,0,NY1,SLN,1,0,1,0,1,,40,5,10,16,2,2,0,,3,,0,0,2,0,1,0,0,3,0,0,9,1,1,1,0,0,0,0,1,0,24,44,30,14,8,10,17,1,3,0,0,10,0,4,0,0,4,0,0,0,0,0,0,0,0,,,1,24,46,24,16,6,2,0,0
SLN189805220,box,1898-05-22,0,STL05,R,0,NY1,SLN,1,1,0,0,1,,42,10,13,19,6,0,0,,8,,2,,,,1,0,0,2,,0,8,1,1,1,0,0,0,1,0,0,27,40,38,5,2,12,14,2,0,0,0,2,,,,0,0,0,0,0,0,0,0,0,0,,,1,27,55,27,25,3,1,0,0
LS3189805230,box,1898-05-23,0,LOU03,R,0,NY1,LS3,1,1,0,0,1,,41,12,12,18,3,0,1,,12,,7,0,0,0,0,0,0,3,1,0,9,1,1,1,0,0,0,1,0,0,27,43,40,4,3,11,11,0,0,0,0,2,0,3,0,1,0,0,0,0,0,0,0,0,0,,,1,27,49,27,20,2,0,0,0
LS3189805240,box,1898-05-24,0,LOU03,R,0,NY1,LS3,1,1,0,0,1,,40,6,15,17,0,1,0,,6,,2,0,0,0,0,0,0,0,0,0,9,1,1,1,0,0,0,1,0,0,27,34,31,1,0,6,6,0,0,0,0,3,0,3,1,0,0,0,0,1,0,0,0,0,0,,,1,27,42,27,12,3,1,0,0
LS3189805250,box,1898-05-25,0,LOU03,R,0,NY1,LS3,1,0,1,0,1,,37,4,6,6,0,0,0,,2,,3,0,0,1,0,0,0,2,0,0,9,1,1,1,0,0,0,0,1,0,24,35,32,8,8,11,18,2,1,1,0,1,0,2,0,0,2,0,0,1,0,0,0,0,0,,,1,24,36,24,12,0,0,0,0
CIN189805260,box,1898-05-26,0,CIN05,R,0,NY1,CIN,1,0,1,0,1,,38,6,14,17,3,0,0,,6,,6,0,2,2,0,0,0,0,1,0,11,1,1,0,0,0,1,0,1,0,24,41,32,12,10,14,17,1,1,0,0,4,0,2,0,1,3,0,0,1,2,0,0,0,0,,,1,24,38,24,12,2,0,0,0
CIN189805270,box,1898-05-27,0,CIN05,R,0,NY1,CIN,1,0,1,0,1,,34,4,10,10,0,0,0,,3,,1,0,2,1,1,1,0,0,1,0,6,1,1,1,0,0,0,0,1,0,24,41,37,13,7,11,14,1,1,0,0,3,0,2,0,1,0,0,0,0,0,0,0,0,0,,,1,24,51,24,19,8,0,0,0
CIN189805280,box,1898-05-28,0,CIN05,R,0,NY1,CIN,1,0,1,0,1,,37,7,12,17,1,2,0,,7,,7,0,,0,0,0,0,0,1,0,10,1,1,1,0,0,0,0,1,0,24,42,38,11,7,10,15,1,2,0,0,3,0,,0,0,1,0,0,0,0,0,0,0,0,,,1,24,44,23,12,9,0,0,0
NY1189805301,box,1898-05-30,1,NYC10,R,1,NY1,CL4,1,1,0,0,1,,32,6,11,15,2,1,0,,5,,3,,3,,0,1,0,1,,0,6,1,1,1,0,0,0,1,0,0,27,35,27,2,2,5,5,0,0,0,0,7,,7,,1,0,0,0,0,0,0,0,0,0,,,1,27,42,27,14,1,0,0,0
NY1189805302,box,1898-05-30,2,NYC10,R,1,NY1,CL4,1,1,0,0,1,,38,9,13,13,0,0,0,,8,,2,,3,,0,0,0,0,,0,5,1,1,1,0,0,0,1,0,0,27,40,36,8,6,11,13,0,1,0,0,3,,4,,0,1,0,0,1,0,0,0,0,0,,,1,27,45,27,13,5,1,0,1
NY1189805310,box,1898-05-31,0,NYC10,R,1,NY1,CL4,1,0,1,0,1,,32,1,6,6,0,0,0,,1,,0,0,,0,0,0,0,0,1,0,4,1,1,1,0,0,0,0,1,0,27,38,35,3,3,8,9,1,0,0,0,1,0,0,0,0,2,0,0,0,0,0,0,0,0,,,1,27,46,27,16,3,0,0,0
NY1189806010,box,1898-06-01,0,NYC10,R,1,NY1,CL4,1,1,0,0,1,,29,2,5,5,0,0,0,,0,,3,0,1,0,1,0,0,1,0,0,7,1,1,1,1,0,0,1,0,0,27,31,26,0,0,4,4,0,0,0,0,5,0,2,2,0,0,0,0,0,0,0,0,0,0,,,1,27,42,27,15,0,3,0,0
NY1189806020,box,1898-06-02,0,NYC10,R,1,NY1,CIN,1,1,0,0,1,,30,3,8,12,1,0,1,,2,,3,,2,,0,2,0,0,,0,8,1,1,1,1,0,0,1,0,0,27,40,33,0,0,5,6,1,0,0,0,7,,9,,0,0,0,0,0,0,0,0,0,0,,,1,27,37,27,8,2,0,0,0
NY1189806030,box,1898-06-03,0,NYC10,R,1,NY1,CIN,1,1,0,0,1,,42,16,19,25,1,1,1,,16,,3,,4,,1,0,0,2,,0,6,1,1,0,0,0,1,1,0,0,27,44,41,10,8,17,24,2,1,1,0,2,,0,,0,1,0,0,1,0,0,0,0,0,,,1,27,44,27,15,2,1,0,0
NY1189806040,box,1898-06-04,0,NYC10,R,1,NY1,CIN,1,0,1,0,1,,32,3,9,11,0,1,0,,3,,4,,,,1,1,0,0,,0,8,1,1,1,0,0,0,0,1,0,27,36,34,5,2,4,5,1,0,0,0,2,,,,0,0,0,0,1,0,0,0,0,0,,,1,27,42,27,11,4,0,0,1
NY1189806060,box,1898-06-06,0,NYC10,R,1,NY1,CIN,1,0,1,0,1,,30,1,4,5,1,0,0,,1,,4,0,2,2,0,0,0,0,0,0,6,1,1,1,0,0,0,0,1,0,27,42,39,10,4,15,20,2,0,1,0,0,0,4,1,1,2,0,0,0,0,0,0,0,0,,,1,27,44,26,13,5,2,0,0
NY1189806070,box,1898-06-07,0,NYC10,R,1,NY1,CHN,1,0,1,0,1,,29,0,6,6,0,0,0,,0,,2,,,,0,1,0,0,,0,5,1,1,1,0,0,0,0,1,0,27,38,27,3,3,4,6,0,1,0,0,7,,8,,2,2,0,0,1,0,0,0,0,0,,,1,27,39,27,12,0,0,0,1
NY1189806080,box,1898-06-08,0,NYC10,R,1,NY1,CHN,1,0,1,0,1,,33,1,6,6,0,0,0,,1,,0,0,4,,0,0,0,0,,0,5,1,1,0,0,0,1,0,1,0,24,40,39,9,3,13,15,2,0,0,0,0,0,4,,0,1,0,0,0,0,0,0,0,0,,,1,24,41,24,12,5,0,0,0
NY1189806090,box,1898-06-09,0,NYC10,R,1,NY1,CHN,1,0,1,0,1,,39,8,12,18,0,0,2,,8,,3,,,,0,1,0,0,,0,8,1,1,1,0,0,0,0,1,0,27,47,38,10,3,10,10,0,0,0,0,7,,,,2,0,0,0,2,0,0,0,0,0,,,1,27,45,27,12,6,0,0,0
NY1189806100,box,1898-06-10,0,NYC10,R,1,NY1,CHN,1,0,1,0,1,,37,6,7,9,0,1,0,,4,,2,,3,,1,0,0,1,,0,7,1,1,1,0,0,0,0,1,0,27,42,33,7,7,9,9,0,0,0,0,7,,2,,0,2,0,0,0,0,0,0,0,0,,,1,27,44,27,13,4,0,0,0
NY1189806110,box,1898-06-11,0,NYC10,R,1,NY1,BRO,1,1,0,0,1,,34,6,11,15,0,2,0,,5,,0,0,,0,0,2,0,3,1,0,6,1,1,1,0,0,0,1,0,0,27,40,34,2,1,6,6,0,0,0,0,6,0,6,1,0,0,0,0,0,0,0,0,0,0,,,1,27,42,27,11,4,2,0,0
NY1189806130,box,1898-06-13,0,NYC10,R,1,NY1,BRO,1,1,0,0,1,,38,4,6,9,0,0,1,,4,,2,0,0,0,2,0,0,1,1,0,5,1,1,1,0,0,0,1,0,0,36,47,44,3,3,11,12,1,0,0,0,1,0,4,0,0,2,0,0,0,0,0,0,0,0,,,1,36,51,36,15,0,0,0,0
BRO189806140,box,1898-06-14,0,NYC12,R,0,NY1,BRO,1,0,1,0,1,,33,2,7,12,3,1,0,,2,,1,0,2,0,1,1,0,0,0,0,7,1,1,1,0,0,0,0,1,0,24,35,28,3,1,4,6,0,1,0,0,6,0,2,0,0,1,0,0,0,0,0,0,0,0,,,1,24,38,24,11,3,0,0,0
BRO189806150,box,1898-06-15,0,NYC12,R,0,NY1,BRO,1,0,1,0,1,,32,1,6,6,0,0,0,,1,,1,0,,0,0,3,0,0,0,0,8,1,1,1,0,0,0,0,1,0,24,42,34,6,5,10,11,1,0,0,0,6,0,,0,0,2,0,0,0,0,0,0,0,0,,,1,24,37,24,10,3,0,0,0
NY1189806160,box,1898-06-16,0,NYC10,R,1,NY1,PHI,1,1,0,0,1,,32,11,10,10,0,0,0,,9,,10,0,0,0,0,3,0,6,2,0,10,1,1,1,0,0,0,1,0,0,27,38,33,3,3,7,8,1,0,0,0,5,0,2,0,0,0,0,0,1,0,0,0,0,0,,,1,27,42,27,13,2,0,0,1
NY1189806170,box,1898-06-17,0,NYC10,R,1,NY1,PHI,1,1,0,0,1,,33,16,12,20,1,2,1,,16,,11,0,2,0,3,2,0,5,1,0,9,1,1,1,0,0,0,1,0,0,27,43,37,4,4,11,15,2,1,0,0,6,0,4,1,0,0,0,0,2,0,0,0,0,0,,,1,27,37,27,9,1,1,0,0
PHI189806180,box,1898-06-18,0,PHI09,R,0,NY1,PHI,1,0,1,0,1,,35,5,7,11,2,1,0,,4,,1,0,,0,0,0,0,1,1,0,4,1,1,0,0,0,1,0,1,0,24,42,35,6,5,10,12,2,0,0,0,5,0,,1,2,0,0,0,0,0,0,0,0,0,,,1,24,48,24,19,5,1,0,1
PIT189806200,box,1898-06-20,0,PIT05,R,0,NY1,PIT,1,0,1,0,1,,32,2,6,7,1,0,0,,2,,4,0,3,0,0,0,0,0,0,0,7,1,1,1,0,0,0,0,1,0,24,39,32,9,4,8,9,1,0,0,0,7,0,7,0,0,0,0,0,0,0,0,0,0,0,,,1,24,41,24,12,5,2,0,1
PIT189806210,box,1898-06-21,0,PIT05,R,0,NY1,PIT,1,1,0,0,1,,43,10,15,20,1,2,0,,9,,1,0,3,1,1,0,0,0,1,0,8,1,1,1,0,0,0,1,0,0,27,38,36,3,3,10,12,0,1,0,0,2,0,2,1,0,0,0,0,0,0,0,0,0,0,,,1,27,43,27,16,0,1,0,0
PIT189806220,box,1898-06-22,0,PIT05,R,0,NY1,PIT,1,0,1,0,1,,37,5,10,14,2,1,0,,4,,1,0,,1,1,1,0,0,0,0,8,1,1,0,0,0,1,0,1,0,24,40,34,10,6,11,14,1,1,0,0,6,0,,0,0,0,0,0,1,0,0,0,0,0,,,1,24,44,24,17,3,3,0,0
PIT189806230,box,1898-06-23,0,PIT05,R,0,NY1,PIT,1,0,1,0,1,,42,7,10,15,3,1,0,,5,,2,0,2,0,0,2,0,0,0,0,9,1,1,1,0,0,0,0,1,0,28,44,39,8,6,11,13,0,1,0,0,2,1,3,0,2,1,0,0,0,0,0,0,0,0,,,1,28,49,28,18,3,0,0,0
CL4189806240,box,1898-06-24,0,CLE05,R,0,NY1,CL4,1,1,0,0,1,,37,11,14,18,2,1,0,,7,,3,0,4,0,1,0,0,0,2,0,6,1,1,1,0,0,0,1,0,0,27,44,34,4,4,9,9,0,0,0,0,7,0,4,1,3,0,0,0,0,0,0,0,0,0,,,1,27,47,27,20,0,1,0,0
CL4189806250,box,1898-06-25,0,CLE05,R,0,NY1,CL4,1,0,1,0,1,,31,1,7,8,1,0,0,,1,,2,,2,,0,0,0,0,,0,5,1,1,1,0,0,0,0,1,0,24,40,31,9,6,5,5,0,0,0,0,5,,0,,3,1,0,0,0,0,0,0,0,0,,,1,24,35,24,7,4,0,0,0
CL4189806281,box,1898-06-28,1,CLE05,R,0,NY1,CL4,1,1,0,0,1,,37,4,9,12,1,1,0,,4,,0,0,3,0,0,0,0,1,0,0,6,1,1,1,1,0,0,1,0,0,27,33,27,0,0,2,2,0,0,0,0,6,0,2,0,0,0,0,0,0,0,0,0,0,0,,,1,27,39,27,12,0,0,0,0
CL4189806282,box,1898-06-28,2,CLE05,R,0,NY1,CL4,1,0,1,0,1,,33,4,12,13,1,0,0,,4,,3,0,2,0,0,0,0,0,4,0,5,1,1,1,0,0,0,0,1,0,24,37,27,6,3,8,8,0,0,0,0,4,0,2,1,2,4,0,0,1,1,0,0,0,0,,,1,24,43,24,13,6,3,0,0
CHN189806290,box,1898-06-29,0,CHI08,R,0,NY1,CHN,1,0,1,0,1,,35,4,8,9,1,0,0,,4,,3,0,,0,0,1,0,1,1,0,8,1,1,1,0,0,0,0,1,0,24,43,38,12,10,15,20,0,1,1,0,4,0,,0,0,1,0,0,0,0,0,0,0,0,,,1,24,40,24,12,4,0,0,0
CHN189806300,box,1898-06-30,0,CHI08,R,0,NY1,CHN,1,0,1,0,1,,35,5,8,13,1,2,0,,3,,5,,1,,0,0,0,1,,0,8,1,1,1,0,0,0,0,1,0,24,37,29,7,7,7,8,1,0,0,0,8,,4,,0,0,0,0,2,0,0,0,0,0,,,1,24,47,24,19,4,3,0,1
CHN189807010,box,1898-07-01,0,CHI08,R,0,NY1,CHN,1,1,0,0,1,,36,8,10,13,1,1,0,,4,,2,,3,,1,2,0,1,,0,6,1,1,1,0,0,0,1,0,0,27,41,34,4,3,7,8,1,0,0,0,7,,5,,0,0,0,0,0,0,0,0,0,0,,,1,27,40,27,12,1,1,0,0
CHN189807020,box,1898-07-02,0,CHI08,R,0,NY1,CHN,1,1,0,0,1,,48,8,12,12,0,0,0,,6,,8,,4,,0,2,0,1,,0,11,1,1,1,0,0,0,1,0,0,39,54,45,6,6,11,15,2,1,0,0,8,,5,,0,1,0,0,0,0,0,0,0,0,,,1,39,65,39,22,4,2,0,1
NY1189807041,box,1898-07-04,1,NYC10,R,1,NY1,BSN,1,0,1,0,1,,32,5,8,9,1,0,0,,4,,3,,3,,2,0,0,0,,0,5,1,1,1,0,0,0,0,1,0,27,42,41,6,4,12,13,1,0,0,0,1,,6,,0,0,0,0,1,0,0,0,0,0,,,1,27,44,27,12,5,0,0,0
NY1189807042,box,1898-07-04,2,NYC10,R,1,NY1,BSN,1,0,1,0,1,,24,3,6,9,0,0,1,,2,,2,,,,1,0,0,1,,0,6,1,1,1,0,0,0,0,1,0,18,34,31,10,10,17,24,2,1,1,0,1,,,,0,2,0,0,1,0,0,0,0,0,,,1,18,33,18,12,3,2,0,0
NY1189807050,box,1898-07-05,0,NYC10,R,1,NY1,BSN,1,0,1,0,1,,33,2,4,5,1,0,0,,2,,5,,,,1,0,0,0,,0,10,1,1,1,0,0,0,0,1,0,27,40,35,5,5,9,9,0,0,0,0,4,,,,0,1,0,0,1,0,0,0,0,0,,,1,27,49,27,21,1,0,0,1
NY1189807070,box,1898-07-07,0,NYC10,R,1,NY1,BRO,1,1,0,0,1,,36,10,13,18,2,0,1,,9,,7,0,1,1,3,0,0,5,0,0,12,1,1,1,0,0,0,1,0,0,27,31,30,1,1,4,4,0,0,0,0,1,0,4,0,0,0,0,0,0,0,0,0,0,0,,,1,27,40,27,13,0,1,0,0
NY1189807080,box,1898-07-08,0,NYC10,R,1,NY1,BRO,1,1,0,0,1,,30,6,10,16,1,1,1,,6,,1,0,,1,1,0,0,0,0,0,2,1,1,1,0,0,0,1,0,0,27,33,31,2,0,5,6,1,0,0,0,2,0,4,1,0,0,0,0,0,0,0,0,0,0,,,1,27,40,27,11,2,1,0,1
BRO189807090,box,1898-07-09,0,NYC12,R,0,NY1,BRO,1,1,0,0,1,,40,3,7,10,1,1,0,,3,,3,0,,0,2,0,0,1,3,0,6,1,1,1,0,0,0,1,0,0,36,54,50,2,1,10,11,1,0,0,0,4,0,,0,0,0,0,0,0,0,0,0,0,0,,,1,36,58,36,16,6,0,0,0
NY1189807110,box,1898-07-11,0,NYC10,R,1,NY1,SLN,1,1,0,0,1,,37,10,11,15,1,0,1,,7,,5,0,6,0,1,0,0,0,1,0,9,1,1,1,0,0,0,1,0,0,27,45,38,4,1,8,9,1,0,0,0,5,0,6,1,2,0,0,0,0,0,0,0,0,0,,,1,27,42,27,11,4,1,0,1
NY1189807120,box,1898-07-12,0,NYC10,R,1,NY1,SLN,1,1,0,0,1,,30,7,6,7,1,0,0,,7,,6,0,3,0,0,0,0,1,0,0,5,1,1,1,0,0,0,1,0,0,27,34,32,1,1,7,7,0,0,0,0,2,0,2,0,0,0,0,0,0,0,0,0,0,0,,,1,27,40,27,12,1,0,0,0
NY1189807141,box,1898-07-14,1,NYC10,R,1,NY1,SLN,1,1,0,0,1,,38,12,14,21,3,2,0,,9,,2,,1,,1,0,0,1,,0,5,1,1,1,0,0,0,1,0,0,27,37,32,5,3,5,6,1,0,0,0,4,,1,,1,0,0,0,1,0,0,0,0,0,,,1,27,41,27,13,1,0,0,0
NY1189807142,box,1898-07-14,2,NYC10,R,1,NY1,SLN,1,1,0,0,1,,29,5,7,9,0,1,0,,4,,2,0,3,0,1,0,0,1,2,0,3,1,1,1,0,0,0,1,0,0,27,39,31,3,1,4,4,0,0,0,0,4,0,4,1,2,2,0,0,0,0,0,0,0,0,,,1,27,46,27,15,4,1,0,0
NY1189807150,box,1898-07-15,0,NYC10,R,1,NY1,LS3,1,0,1,0,1,,35,4,10,11,1,0,0,,4,,5,,,,0,0,0,3,,0,9,1,1,1,0,0,0,0,1,0,27,38,33,5,3,7,9,2,0,0,0,4,,,,0,1,0,0,2,0,0,0,0,0,,,1,27,44,27,13,4,0,0,1
NY1189807160,box,1898-07-16,0,NYC10,R,1,NY1,LS3,1,1,0,0,1,,33,14,9,10,1,0,0,,9,,5,,,,4,0,0,4,,0,4,1,1,1,0,0,0,1,0,0,27,38,35,5,5,11,14,1,1,0,0,1,,,,1,1,0,0,0,0,0,0,0,0,,,1,27,41,27,14,0,2,0,0
NY1189807180,box,1898-07-18,0,NYC10,R,1,NY1,LS3,1,1,0,0,1,,33,5,8,8,0,0,0,,5,,5,0,,0,1,0,0,1,1,0,10,1,1,1,0,0,0,1,0,0,27,31,28,1,0,1,1,0,0,0,0,3,0,,1,0,0,0,0,0,0,0,0,0,0,,,1,27,41,27,12,2,2,0,0
NY1189807190,box,1898-07-19,0,NYC10,R,1,NY1,LS3,1,1,0,0,1,,19,2,4,6,0,1,0,,1,,3,0,1,0,0,0,0,0,0,0,5,1,1,1,0,0,0,1,0,0,15,18,16,1,1,3,4,1,0,0,0,2,0,,0,0,0,0,0,0,0,0,0,0,0,,,1,15,23,15,8,0,1,0,0
NY1189807200,box,1898-07-20,0,NYC10,R,1,NY1,PIT,1,0,1,0,1,,37,5,10,12,0,1,0,,5,,1,0,,0,0,0,0,1,0,0,6,1,1,0,0,0,1,0,1,0,27,42,34,7,4,10,11,1,0,0,0,4,0,1,0,1,3,0,0,0,0,0,0,0,0,,,1,27,48,27,16,5,1,1,2
NY1189807211,box,1898-07-21,1,NYC10,R,1,NY1,PIT,1,0,1,0,1,,31,1,4,4,0,0,0,,0,,2,,,,2,0,0,3,,0,7,1,1,1,0,0,0,0,1,0,27,35,28,2,2,3,3,0,0,0,0,5,,,,2,0,0,0,0,0,0,0,0,0,,,1,27,44,27,16,1,1,0,0
NY1189807212,box,1898-07-21,2,NYC10,R,1,NY1,PIT,1,1,0,0,1,,37,11,11,11,0,0,0,,7,,5,0,2,0,1,0,0,1,1,0,8,1,1,1,0,0,0,1,0,0,27,43,39,7,7,18,22,2,1,0,0,3,0,0,2,0,1,0,0,0,0,0,0,0,0,,,1,27,41,26,15,0,3,0,1
NY1189807220,box,1898-07-22,0,NYC10,R,1,NY1,PIT,1,1,0,0,1,,40,1,5,6,1,0,0,,1,,2,0,2,0,0,0,0,3,0,0,4,1,1,1,1,0,0,1,0,0,39,50,47,0,0,7,7,0,0,0,0,3,0,5,0,0,0,0,0,0,0,0,0,0,0,,,1,39,60,39,19,2,0,0,1
NY1189807230,box,1898-07-23,0,NYC10,R,1,NY1,BLN,1,1,0,0,1,,36,8,13,13,0,0,0,,7,,1,,0,,0,0,0,4,,0,5,1,1,1,1,0,0,1,0,0,27,39,32,0,0,8,8,0,0,0,0,4,,2,,1,2,0,0,0,0,0,0,0,0,,,1,27,38,27,10,1,0,0,0
BLN189807260,box,1898-07-26,0,BAL07,R,0,NY1,BLN,1,0,1,0,1,,45,3,10,15,1,2,0,,3,,3,0,0,0,0,2,0,0,2,0,8,1,1,0,0,0,1,0,1,0,39,50,44,4,4,10,10,0,0,0,0,5,0,1,0,0,1,0,0,0,0,0,0,0,0,,,1,39,63,39,22,2,1,0,0
LS3189807280,box,1898-07-28,0,LOU03,R,0,NY1,LS3,1,0,1,0,1,,35,4,6,11,2,0,1,,4,,1,0,0,0,0,0,0,1,0,0,5,1,1,1,0,0,0,0,1,0,24,36,29,6,6,9,14,2,0,1,0,4,0,1,0,0,3,0,0,0,0,0,0,0,0,,,1,24,34,24,8,2,0,0,0
LS3189807290,box,1898-07-29,0,LOU03,R,0,NY1,LS3,1,1,0,0,1,,39,12,15,23,1,2,1,,11,,5,0,2,0,0,0,0,10,3,0,5,1,1,1,0,0,0,1,0,0,27,47,38,8,3,8,16,3,1,1,0,6,0,3,1,2,1,0,0,0,0,0,0,0,0,,,1,27,47,27,14,6,1,0,2
LS3189807300,box,1898-07-30,0,LOU03,R,0,NY1,LS3,1,1,0,0,1,,33,7,7,10,0,0,1,,5,,4,,0,,1,2,0,3,,0,6,1,1,1,0,0,0,1,0,0,27,38,34,3,2,8,10,0,1,0,0,4,,1,,0,0,0,0,0,0,0,0,0,0,,,1,27,39,27,11,1,0,0,0
LS3189807310,box,1898-07-31,0,LOU03,R,0,NY1,LS3,1,1,0,0,1,,35,7,12,17,1,2,0,,7,,2,,0,,2,1,0,5,,0,6,1,1,1,0,0,0,1,0,0,27,39,34,3,2,9,11,2,0,0,0,2,,,,1,2,0,0,0,0,0,0,0,0,,,1,27,44,27,14,3,0,0,0
CIN189808020,box,1898-08-02,0,CIN05,R,0,NY1,CIN,1,1,0,0,1,,37,7,10,15,5,0,0,,6,,6,0,,0,0,0,0,3,0,0,9,1,1,1,0,0,0,1,0,0,27,38,34,5,5,9,12,1,1,0,0,3,0,,0,1,0,0,0,1,0,0,0,0,0,,,1,27,36,27,8,1,1,0,0
CIN189808041,box,1898-08-04,1,CIN05,R,0,NY1,CIN,1,1,0,0,1,,36,6,10,12,2,0,0,,6,,3,0,,0,1,0,0,1,0,0,7,1,1,1,0,0,0,1,0,0,27,41,32,5,4,10,11,1,0,0,0,7,0,3,1,1,1,0,0,0,1,0,0,0,0,,,1,27,45,27,16,2,3,0,1
CIN189808042,box,1898-08-04,2,CIN05,R,0,NY1,CIN,1,0,0,1,1,,33,5,6,10,2,1,0,,4,,6,0,0,0,0,1,0,2,2,0,8,1,1,1,0,0,0,0,0,0,27,39,33,5,3,11,12,1,0,0,0,4,0,0,0,0,2,0,0,0,0,0,0,0,0,,,1,27,48,27,18,3,0,0,0
CIN189808051,box,1898-08-05,1,CIN05,R,0,NY1,CIN,1,1,0,0,1,,41,9,14,20,4,1,0,,6,,1,0,4,0,0,1,0,0,1,0,7,1,1,1,0,0,0,1,0,0,27,40,31,5,4,6,6,0,0,0,0,9,0,0,3,0,0,0,0,0,0,0,0,0,0,,,1,27,49,27,19,3,3,0,0
CIN189808052,box,1898-08-05,2,CIN05,R,0,NY1,CIN,1,0,1,0,1,,24,1,3,5,2,0,0,,1,,1,0,3,0,0,0,0,0,0,0,3,1,1,0,0,0,1,0,1,0,21,36,29,9,7,9,13,2,1,0,0,6,0,2,0,0,1,0,0,0,0,0,0,0,0,,,1,21,35,21,12,2,1,0,0
SLN189808060,box,1898-08-06,0,STL05,R,0,NY1,SLN,1,0,0,1,1,,43,6,14,19,3,1,0,,6,,1,,0,,0,1,0,4,,0,9,1,1,1,0,0,0,0,0,0,30,46,41,6,2,12,16,2,1,0,0,3,,2,,1,1,0,0,0,0,0,0,0,0,,,1,30,42,30,10,2,1,0,0
SLN189808071,box,1898-08-07,1,STL05,R,0,NY1,SLN,1,1,0,0,1,,35,12,13,14,1,0,0,,10,,7,,,,1,2,0,3,,0,6,1,1,1,0,0,0,1,0,0,27,35,30,1,1,5,5,0,0,0,0,5,,,,0,0,0,0,0,0,0,0,0,0,,,1,27,40,27,11,2,3,0,0
SLN189808072,box,1898-08-07,2,STL05,R,0,NY1,SLN,1,1,0,0,1,,37,8,14,19,5,0,0,,8,,2,,,,2,2,0,2,,0,8,1,1,1,0,0,0,1,0,0,27,43,37,6,1,11,12,1,0,0,0,2,,,,2,2,0,0,0,0,0,0,0,0,,,1,27,46,27,13,6,0,0,0
SLN189808080,box,1898-08-08,0,STL05,R,0,NY1,SLN,1,0,1,0,1,,34,2,8,8,0,0,0,,2,,3,0,1,0,0,0,0,1,1,0,8,1,1,1,0,0,0,0,1,0,24,31,29,4,3,8,11,0,0,1,0,1,0,1,1,0,1,0,0,0,0,0,0,0,0,,,1,24,39,24,12,3,2,0,1
WSN189808111,box,1898-08-11,1,WAS06,R,0,NY1,WSN,1,1,0,0,1,,36,6,12,18,1,1,1,,4,,4,0,1,0,0,0,0,4,2,0,7,1,1,1,0,0,0,1,0,0,27,41,32,3,3,7,8,1,0,0,0,9,0,9,1,0,0,0,0,0,0,0,0,0,0,,,1,27,39,27,11,1,1,0,0
WSN189808112,box,1898-08-11,2,WAS06,R,0,NY1,WSN,1,0,1,0,1,,34,4,8,12,0,2,0,,3,,3,0,3,0,0,0,0,4,0,0,6,1,1,1,0,0,0,0,1,0,24,40,35,7,6,12,15,1,1,0,0,5,0,0,0,0,0,0,0,0,0,0,0,0,0,,,1,24,44,23,20,1,1,0,0
NY1189808120,box,1898-08-12,0,NYC10,R,1,NY1,CHN,1,1,0,0,1,,32,4,5,5,0,0,0,,2,,4,0,3,1,1,1,0,4,0,0,9,1,1,1,0,0,0,1,0,0,27,41,38,3,2,12,15,1,1,0,0,2,0,2,1,1,0,0,0,0,0,0,0,0,0,,,1,27,40,26,11,3,1,0,0
NY1189808130,box,1898-08-13,0,NYC10,R,1,NY1,CHN,1,1,0,0,1,,37,9,10,12,2,0,0,,8,,4,0,,0,1,2,0,1,0,0,11,1,1,1,0,0,0,1,0,0,27,38,36,2,0,8,10,0,1,0,0,1,0,,0,1,0,0,0,0,0,0,0,0,0,,,1,27,43,27,13,3,0,0,0
NY1189808150,box,1898-08-15,0,NYC10,R,1,NY1,CHN,1,0,0,1,1,,38,2,10,13,1,1,0,,2,,1,0,,0,0,0,0,3,0,0,7,1,1,1,0,0,0,0,0,0,30,44,36,2,2,8,8,0,0,0,0,8,0,,0,0,0,0,0,0,0,0,0,0,0,,,1,30,42,30,10,2,0,0,1
NY1189808160,box,1898-08-16,0,NYC10,R,1,NY1,CIN,1,1,0,0,1,,31,4,9,13,2,1,0,,4,,3,0,,0,2,0,0,1,0,0,8,1,1,1,1,0,0,1,0,0,27,36,33,0,0,6,6,0,0,0,0,2,0,,0,0,1,0,0,0,0,0,0,0,0,,,1,27,40,27,11,2,0,0,0
NY1189808170,box,1898-08-17,0,NYC10,R,1,NY1,CIN,1,1,0,0,1,,24,3,6,11,1,2,0,,3,,7,0,1,0,0,0,0,1,2,0,7,1,1,1,0,0,0,1,0,0,24,32,29,1,0,7,7,0,0,0,0,3,0,3,0,0,0,0,0,0,0,0,0,0,0,,,1,24,38,24,13,1,0,0,1
NY1189808180,box,1898-08-18,0,NYC10,R,1,NY1,CIN,1,1,0,0,1,,32,7,9,9,0,0,0,,7,,4,0,1,0,0,0,0,3,2,0,5,1,1,1,1,0,0,1,0,0,27,36,32,0,0,5,6,1,0,0,0,3,0,7,0,1,0,0,0,0,0,0,0,0,0,,,1,27,42,27,13,2,1,0,0
NY1189808190,box,1898-08-19,0,NYC10,R,1,NY1,CL4,1,0,1,0,1,,30,2,6,8,2,0,0,,2,,1,,8,,0,0,0,0,,0,5,1,1,1,0,0,0,0,1,0,24,42,36,8,8,12,14,2,0,0,0,5,,6,,1,0,0,0,0,0,0,0,0,0,,,1,24,39,24,13,2,1,0,1
NY1189808200,box,1898-08-20,0,NYC10,R,1,NY1,CL4,1,1,0,0,1,,35,4,9,11,2,0,0,,4,,2,,0,,0,0,0,0,,0,8,1,1,1,0,0,0,1,0,0,27,37,34,3,2,7,9,0,1,0,0,2,,0,,0,1,0,0,0,0,0,0,0,0,,,1,27,42,27,14,1,0,0,0
NY1189808220,box,1898-08-22,0,NYC10,R,1,NY1,CL4,1,1,0,0,1,,36,11,14,23,1,1,2,,11,,1,0,,0,0,0,0,4,1,0,2,1,1,1,0,0,0,1,0,0,27,33,29,4,3,4,7,0,0,1,0,4,0,,0,0,0,0,0,0,0,0,0,0,0,,,1,27,46,27,16,3,1,0,0
CL4189808240,box,1898-08-24,0,CLE05,R,0,NY1,CL4,1,0,1,0,1,,23,1,6,8,2,0,0,,1,,2,,2,,0,0,0,0,,0,6,1,1,1,0,0,0,0,1,0,18,27,24,4,4,10,13,1,1,0,0,3,,3,,0,0,0,0,0,0,0,0,0,0,,,1,18,25,18,7,0,2,0,0
CL4189808250,box,1898-08-25,0,CLE05,R,0,NY1,CL4,1,0,1,0,1,,29,0,1,1,0,0,0,,0,,1,0,1,0,1,0,0,0,0,0,4,1,1,1,0,0,0,0,1,0,24,32,27,1,1,5,5,0,0,0,0,4,0,2,1,0,1,0,0,0,0,0,0,0,0,,,1,24,38,24,11,3,1,0,0
CL4189808260,box,1898-08-26,0,CLE05,R,0,NY1,CL4,1,1,0,0,1,,38,8,11,14,1,1,0,,6,,2,0,1,0,0,0,0,1,1,0,5,1,1,1,0,0,0,1,0,0,27,40,34,1,1,7,7,0,0,0,0,5,0,1,0,0,1,0,0,0,0,0,0,0,0,,,1,27,38,27,10,1,0,0,0
CHN189808270,box,1898-08-27,0,CHI08,R,0,NY1,CHN,1,0,1,0,1,,32,3,5,5,0,0,0,,3,,2,,0,,1,0,0,1,,0,5,1,1,1,0,0,0,0,1,0,24,44,38,10,7,14,23,3,3,0,0,3,,4,,2,1,0,0,0,0,0,0,0,0,,,1,24,43,24,14,5,0,0,1
CHN189808280,box,1898-08-28,0,CHI08,R,0,NY1,CHN,1,0,1,0,1,,37,7,11,16,0,1,1,,6,,2,,5,,0,0,0,3,,0,5,1,1,1,0,0,0,0,1,0,24,45,34,12,6,11,13,0,1,0,0,7,,5,,2,2,0,0,0,0,0,0,0,0,,,1,24,45,24,14,7,0,0,2
CHN189808290,box,1898-08-29,0,CHI08,R,0,NY1,CHN,1,1,0,0,1,,29,2,4,7,1,1,0,,2,,1,,3,,1,1,0,2,,0,3,1,1,1,0,0,0,1,0,0,27,31,27,1,1,2,2,0,0,0,0,3,,3,,0,1,0,0,0,0,0,0,0,0,,,1,27,38,27,11,0,0,0,0
CHN189808300,box,1898-08-30,0,CHI08,R,0,NY1,CHN,1,0,1,0,1,,30,0,3,5,0,1,0,,0,,2,0,3,0,0,0,0,1,0,0,5,1,1,1,0,0,0,0,1,0,25,31,28,1,1,5,5,0,0,0,0,2,0,2,0,0,1,0,0,1,0,0,0,0,0,,,1,25,41,25,16,0,0,0,1
PIT189808310,box,1898-08-31,0,PIT05,R,0,NY1,PIT,1,1,0,0,1,,28,3,5,8,1,1,0,,3,,3,0,1,0,0,0,0,1,1,0,4,1,1,1,0,0,0,1,0,0,27,35,33,2,1,5,5,0,0,0,0,2,0,8,1,0,0,0,0,0,0,0,0,0,0,,,1,27,47,27,15,5,1,0,0
PIT189809010,box,1898-09-01,0,PIT05,R,0,NY1,PIT,1,0,1,0,1,,32,2,5,5,0,0,0,,2,,3,0,2,0,0,0,0,1,1,0,6,1,1,1,0,0,0,0,1,0,27,44,42,8,4,14,19,1,2,0,0,1,0,4,0,0,1,0,0,0,0,0,0,0,0,,,1,27,47,27,14,6,1,0,0
PIT189809020,box,1898-09-02,0,PIT05,R,0,NY1,PIT,1,0,1,0,1,,35,4,11,17,0,3,0,,4,,1,0,3,1,0,1,0,1,1,0,6,1,1,0,0,0,1,0,1,0,24,38,31,5,2,6,6,0,0,0,0,6,0,2,0,0,1,0,0,0,0,0,0,0,0,,,1,24,42,24,14,4,1,0,0
NY1189809030,box,1898-09-03,0,NYC10,R,1,NY1,BSN,1,0,1,0,1,,33,5,7,13,1,1,1,,4,,3,,,,0,0,0,4,,0,4,1,1,1,0,0,0,0,1,0,27,39,34,6,6,6,10,2,1,0,0,4,,,,1,0,0,0,0,0,0,0,0,0,,,1,27,43,27,14,2,0,0,0
BRO189809051,box,1898-09-05,1,NYC12,R,0,NY1,BRO,1,1,0,0,1,,34,4,8,11,3,0,0,,4,,1,0,0,1,0,0,0,1,0,0,4,1,1,1,0,0,0,1,0,0,27,35,32,2,1,4,4,0,0,0,0,3,0,3,0,0,0,0,0,1,0,0,0,0,0,,,1,27,47,27,15,5,1,0,0
BRO189809052,box,1898-09-05,2,NYC12,R,0,NY1,BRO,1,0,1,0,1,,33,3,5,8,0,0,1,,3,,4,0,1,0,0,0,0,0,0,0,7,1,1,1,0,0,0,0,1,0,24,44,38,14,12,15,22,3,2,0,0,4,0,2,0,0,2,0,0,1,0,0,0,0,0,,,1,24,47,24,17,6,0,0,2
NY1189809060,box,1898-09-06,0,NYC10,R,1,NY1,BRO,1,1,0,0,1,,42,17,21,27,2,2,0,,14,,4,0,1,0,0,1,0,6,0,0,6,1,1,0,0,0,1,1,0,0,27,46,43,10,3,14,18,4,0,0,0,3,0,6,0,0,0,0,0,0,0,0,0,0,0,,,1,27,48,27,16,5,0,0,0
BSN189809080,box,1898-09-08,0,BOS05,R,0,NY1,BSN,1,0,1,0,1,,31,1,5,7,0,1,0,,1,,1,0,,1,3,0,0,0,0,0,7,1,1,1,0,0,0,0,1,0,24,36,30,6,6,12,16,2,1,0,0,5,0,5,0,0,1,0,0,0,0,0,0,0,0,,,1,24,40,24,14,2,1,0,1
BSN189809090,box,1898-09-09,0,BOS05,R,0,NY1,BSN,1,0,1,0,1,,32,0,6,6,0,0,0,,0,,2,0,,2,0,0,0,1,1,0,7,1,1,1,0,0,0,0,1,0,24,32,31,3,3,8,10,2,0,0,0,1,0,,0,0,0,0,0,0,0,0,0,0,0,,,1,24,32,24,8,0,1,0,0
BSN189809100,box,1898-09-10,0,BOS05,R,0,NY1,BSN,1,0,1,0,1,,36,6,10,13,0,0,1,,5,,3,,3,,1,0,0,1,,0,7,1,1,1,0,0,0,0,1,0,24,38,34,8,8,13,17,1,0,1,0,3,,0,,0,1,0,0,0,0,0,0,0,0,,,1,24,35,24,10,1,0,0,0
NY1189809110,box,1898-09-11,0,WNY01,R,1,NY1,WSN,1,1,0,0,1,,33,8,9,17,2,3,0,,7,,2,,,,0,2,0,3,,0,5,1,1,1,0,0,0,1,0,0,27,36,30,2,2,4,6,0,1,0,0,4,,2,,1,1,0,0,0,0,0,0,0,0,,,1,27,40,27,12,1,1,0,0
NY1189809131,box,1898-09-13,1,NYC10,R,1,NY1,BLN,1,0,1,0,1,,31,1,6,7,1,0,0,,0,,3,,,,0,0,0,0,,0,6,1,1,1,0,0,0,0,1,0,27,33,33,3,1,10,14,1,0,1,0,0,0,,,0,0,0,0,0,0,0,0,0,0,,,1,27,45,27,17,1,0,0,1
NY1189809132,box,1898-09-13,2,NYC10,R,1,NY1,BLN,1,0,1,0,1,,26,0,5,5,0,0,0,,0,,0,0,,0,1,0,0,1,0,0,6,1,1,1,0,0,0,0,1,0,21,36,31,5,3,10,12,2,0,0,0,5,0,,0,0,0,0,0,0,0,0,0,0,0,,,1,21,38,21,12,5,0,0,0
NY1189809140,box,1898-09-14,0,NYC10,R,1,NY1,PIT,1,0,0,1,1,,38,6,11,13,2,0,0,,6,,1,0,5,0,2,0,0,3,1,0,8,1,1,1,0,0,0,0,0,0,27,39,35,6,3,8,12,2,1,0,0,4,0,1,0,0,0,0,0,0,0,0,0,0,0,,,1,27,40,27,9,4,0,0,2
NY1189809151,box,1898-09-15,1,NYC10,R,1,NY1,PIT,1,1,0,0,1,,33,7,12,14,2,0,0,,7,,3,0,,0,0,0,0,1,1,0,5,1,1,1,0,0,0,1,0,0,27,39,35,3,2,10,13,1,1,0,0,2,0,6,0,1,1,0,0,0,0,0,0,0,0,,,1,27,43,27,15,1,1,0,0
NY1189809152,box,1898-09-15,2,NYC10,R,1,NY1,PIT,1,0,1,0,1,,34,1,8,11,1,1,0,,1,,1,0,3,0,0,0,0,0,1,0,7,1,1,1,0,0,0,0,1,0,27,40,35,6,4,9,9,0,0,0,0,0,0,2,0,1,4,0,0,0,0,0,0,0,0,,,1,27,43,27,13,3,0,0,1
NY1189809160,box,1898-09-16,0,NYC10,R,1,NY1,PIT,1,0,1,0,1,,33,0,6,6,0,0,0,,0,,0,0,3,0,0,0,0,1,0,0,6,1,1,1,0,0,0,0,1,0,27,40,33,6,2,8,10,0,1,0,0,4,0,5,0,0,3,0,0,0,0,0,0,0,0,,,1,27,52,27,21,4,0,0,0
NY1189809170,box,1898-09-17,0,NYC10,R,1,NY1,SLN,1,1,0,0,1,,39,8,16,17,1,0,0,,8,,0,0,1,,1,1,0,1,,0,9,1,1,1,0,0,0,1,0,0,27,36,33,2,2,6,8,2,0,0,0,1,,6,,2,0,0,0,0,0,0,0,0,0,,,1,27,47,27,17,3,1,0,0
BRO189809180,box,1898-09-18,0,WNY01,R,0,NY1,BRO,1,1,0,0,1,,37,7,12,16,2,1,0,,5,,1,,,,0,0,0,4,,0,4,1,1,1,0,0,0,1,0,0,27,35,33,3,3,7,12,2,0,1,0,2,,,,0,0,0,0,0,0,0,0,0,0,,,1,27,45,27,16,2,2,0,0
NY1189809190,box,1898-09-19,0,NYC10,R,1,NY1,SLN,1,1,0,0,1,,31,2,8,10,2,0,0,,2,,0,0,2,1,0,0,0,1,0,0,5,1,1,1,0,0,0,1,0,0,27,36,33,1,0,1,1,0,0,0,0,3,0,8,0,0,0,0,0,0,0,0,0,0,0,,,1,27,42,27,10,5,0,0,0
NY1189809200,box,1898-09-20,0,NYC10,R,1,NY1,SLN,1,0,0,1,1,,37,7,14,19,2,0,1,,7,,0,0,,1,0,0,0,2,1,0,3,1,1,1,0,0,0,0,0,0,27,45,38,7,6,14,16,2,0,0,0,4,0,,0,1,2,0,0,1,0,0,0,0,0,,,1,27,43,27,12,4,1,0,1
NY1189809210,box,1898-09-21,0,NYC10,R,1,NY1,LS3,1,0,1,0,1,,45,9,18,20,2,0,0,,9,,1,0,2,1,0,0,0,0,0,0,10,1,1,1,0,0,0,0,1,0,27,50,45,14,13,18,23,2,0,1,0,3,0,3,0,1,1,0,0,0,0,0,0,0,0,,,1,27,42,27,10,5,0,0,2
NY1189809220,box,1898-09-22,0,NYC10,R,1,NY1,LS3,1,0,1,0,1,,31,2,8,12,2,1,0,,2,,1,,4,,1,0,0,0,,0,7,1,1,1,0,0,0,0,1,0,24,37,35,7,4,11,15,1,0,1,0,1,,1,,0,1,0,0,0,0,0,0,0,0,,,1,24,41,24,13,4,1,0,1
NY1189809230,box,1898-09-23,0,NYC10,R,1,NY1,LS3,1,0,1,0,1,,34,3,7,8,1,0,0,,3,,6,0,1,0,0,0,0,1,0,0,10,1,1,1,0,0,0,0,1,0,27,45,33,6,5,8,10,0,1,0,0,6,0,1,0,3,3,0,0,0,0,0,0,0,0,,,1,27,43,27,14,2,0,0,0
NY1189809261,box,1898-09-26,1,NYC10,R,1,NY1,PHI,1,1,0,0,1,,38,6,12,17,1,2,0,,3,,0,0,,,0,0,0,1,,0,8,1,1,1,0,0,0,1,0,0,27,42,36,4,2,8,9,1,0,0,0,4,,8,,0,2,0,0,0,0,0,0,0,0,,,1,27,48,27,17,4,0,0,2
NY1189809262,box,1898-09-26,2,NYC10,R,1,NY1,PHI,1,1,0,0,1,,21,2,4,4,0,0,0,,2,,1,,,,0,1,0,1,,0,3,1,1,1,0,0,0,1,0,0,18,25,22,1,1,4,5,1,0,0,0,2,,,,1,0,0,0,0,0,0,0,0,0,,,1,18,28,18,6,4,0,0,3
NY1189809270,box,1898-09-27,0,NYC10,R,1,NY1,PHI,1,0,1,0,1,,38,7,12,14,2,0,0,,6,,6,,3,,0,0,0,0,,0,10,1,1,0,0,0,1,0,1,0,27,45,43,11,8,16,24,2,0,2,0,1,,3,,0,1,0,0,1,0,0,0,0,0,,,1,27,49,26,17,6,0,0,0
NY1189809280,box,1898-09-28,0,NYC10,R,1,NY1,PHI,1,0,1,0,1,,33,7,15,16,1,0,0,,7,,3,,3,,0,1,0,2,,0,6,1,1,1,0,0,0,0,1,0,24,44,37,8,6,11,12,1,0,0,0,5,,1,,2,0,0,0,0,0,0,0,0,0,,,1,24,36,24,9,3,0,0,0
WSN189809290,box,1898-09-29,0,WAS06,R,0,NY1,WSN,1,0,1,0,1,,20,1,3,3,0,0,0,,1,,2,,1,,0,0,0,1,,0,3,1,1,1,0,0,0,0,1,0,18,32,26,12,12,12,16,1,0,1,0,6,,3,,0,0,0,0,0,0,0,0,0,0,,,1,18,29,18,9,2,0,0,0
WSN189809300,box,1898-09-30,0,WAS06,R,0,NY1,WSN,1,0,0,1,1,,38,5,10,10,0,0,0,,3,,2,0,,2,0,0,0,3,0,0,8,1,1,1,0,0,0,0,0,0,27,37,35,5,5,12,13,1,0,0,0,1,0,4,0,0,1,0,0,1,0,0,0,0,0,,,1,27,47,27,15,5,1,0,0
WSN189810011,box,1898-10-01,1,WAS06,R,0,NY1,WSN,1,0,1,0,1,,36,4,9,16,2,1,1,,4,,0,0,2,0,0,0,0,0,0,0,5,1,1,1,0,0,0,0,1,0,27,41,38,8,6,10,13,1,1,0,0,2,0,1,0,0,1,0,0,0,0,0,0,0,0,,,1,27,45,27,15,3,0,0,0
WSN189810012,box,1898-10-01,2,WAS06,R,0,NY1,WSN,1,0,1,0,1,,27,2,4,8,2,1,0,,1,,0,0,5,0,0,0,0,1,0,0,4,1,1,1,0,0,0,0,1,0,21,37,30,8,8,11,11,0,0,0,0,5,0,1,0,2,0,0,0,1,0,0,0,0,0,,,1,21,36,21,11,4,1,0,0
PHI189810030,box,1898-10-03,0,PHI09,R,0,NY1,PHI,1,1,0,0,1,,33,3,6,7,1,0,0,,3,,0,0,0,0,1,0,0,1,1,0,4,1,1,1,1,0,0,1,0,0,27,35,29,0,0,4,4,0,0,0,0,4,0,7,1,2,0,0,0,0,0,0,0,0,0,,,1,27,37,27,9,1,2,0,0
PHI189810040,box,1898-10-04,0,PHI09,R,0,NY1,PHI,1,0,1,0,1,,36,3,10,11,1,0,0,,2,,2,,1,,0,0,0,0,,0,8,1,1,1,0,0,0,0,1,0,26,40,34,4,4,10,13,1,1,0,0,4,,4,,2,0,0,0,0,0,0,0,0,0,,,1,26,41,26,13,2,1,0,0
NY1189810060,box,1898-10-06,0,NYC10,R,1,NY1,BLN,1,0,1,0,1,,29,3,6,7,1,0,0,,3,,2,0,,0,1,0,0,0,0,0,8,1,1,1,0,0,0,0,1,0,21,35,27,6,5,7,8,1,0,0,0,5,0,,0,2,1,0,0,1,0,0,0,0,0,,,1,21,34,21,10,3,0,0,1
NY1189810070,box,1898-10-07,0,NYC10,R,1,NY1,BLN,1,0,1,0,1,,24,1,7,8,1,0,0,,1,,2,0,4,0,0,0,0,3,0,0,7,1,1,1,0,0,0,0,1,0,18,29,22,4,4,5,9,0,2,0,0,7,0,8,0,0,0,0,0,0,0,0,0,0,0,,,1,18,33,18,11,4,0,0,0
BLN189810100,box,1898-10-10,0,BAL07,R,0,NY1,BLN,1,0,0,1,1,,40,4,10,11,1,0,0,,3,,2,0,3,0,0,0,0,0,2,0,11,1,1,1,0,0,0,0,0,0,27,38,33,4,2,7,8,1,0,0,0,4,0,2,0,0,0,0,0,0,1,0,0,0,0,,,1,27,44,27,14,3,0,0,2
BLN189810111,box,1898-10-11,1,BAL07,R,0,NY1,BLN,1,0,1,0,1,,36,1,11,11,0,0,0,,1,,1,0,1,1,0,0,0,0,0,0,9,1,1,1,0,0,0,0,1,0,27,32,31,3,3,6,6,0,0,0,0,1,0,0,0,0,0,0,0,0,0,0,0,0,0,,,1,27,43,27,16,0,1,0,0
BLN189810112,box,1898-10-11,2,BAL07,R,0,NY1,BLN,1,1,0,0,1,,28,6,10,11,1,0,0,,6,,0,0,4,0,1,0,0,1,0,0,5,1,1,0,0,0,1,1,0,0,18,25,23,2,1,4,4,0,0,0,0,2,0,1,0,0,0,0,0,0,0,0,0,0,0,,,1,18,35,18,14,3,0,0,2
BLN189810121,box,1898-10-12,1,BAL07,R,0,NY1,BLN,1,0,1,0,1,,30,1,5,8,1,1,0,,1,,2,,2,,0,0,0,0,,0,4,1,1,1,0,0,0,0,1,0,25,35,31,2,2,7,9,0,1,0,0,4,,2,,0,0,0,0,0,0,0,0,0,0,,,1,25,42,25,14,3,1,0,0
BLN189810122,box,1898-10-12,2,BAL07,R,0,NY1,BLN,1,1,0,0,1,,26,6,6,12,0,3,0,,4,,0,0,2,0,0,0,0,0,1,0,2,1,1,1,0,0,0,1,0,0,18,26,23,1,1,7,8,1,0,0,0,2,0,7,0,0,1,0,0,0,0,0,0,0,0,,,1,18,26,18,6,2,0,0,0
NY1189810130,box,1898-10-13,0,NYC10,R,1,NY1,WSN,1,1,0,0,1,,35,5,7,9,2,0,0,,3,,1,0,3,0,0,0,0,2,0,0,7,1,1,1,0,0,0,1,0,0,24,29,28,3,3,5,5,0,0,0,0,1,0,1,0,0,0,0,0,0,0,0,0,0,0,,,1,24,44,24,16,4,0,0,0
NY1189810150,box,1898-10-15,0,NYC10,R,1,NY1,WSN,1,1,0,0,1,,41,5,13,15,2,0,0,,5,,1,0,0,0,0,1,0,2,2,0,6,1,1,1,0,0,0,1,0,0,33,45,40,4,4,10,11,1,0,0,0,2,0,0,0,1,2,0,0,0,0,0,0,0,0,,,1,33,47,33,10,4,1,0,0
PHI189804160,box,1898-04-16,0,PHI09,R,1,PHI,BRO,1,0,1,0,1,,37,6,8,16,2,0,2,,6,,3,0,2,0,0,0,0,1,1,0,7,1,1,1,0,0,0,0,1,0,24,36,33,7,1,7,11,1,0,1,0,1,0,0,0,1,1,0,0,0,0,0,0,0,0,,,1,24,41,24,14,3,0,0,1
PHI189804180,box,1898-04-18,0,PHI09,R,1,PHI,BRO,1,1,0,0,1,,44,13,16,21,3,1,0,,11,,6,,0,,0,0,0,4,,0,10,1,1,1,0,0,0,1,0,0,27,38,36,3,3,9,13,2,1,0,0,2,,1,,0,0,0,0,0,0,0,0,0,0,,,1,27,45,27,17,1,0,0,0
PHI189804200,box,1898-04-20,0,PHI09,R,1,PHI,NY1,1,1,0,0,1,,40,8,16,22,4,1,0,,8,,3,,,,1,1,0,4,,0,10,1,1,1,0,0,0,1,0,0,27,39,35,5,4,11,16,0,1,1,0,3,,,,1,0,0,0,0,0,0,0,0,0,,,1,27,44,27,15,2,0,0,0
PHI189804210,box,1898-04-21,0,PHI09,R,1,PHI,NY1,1,1,0,0,1,,39,13,10,14,1,0,1,,10,,7,0,4,0,3,0,0,5,1,0,9,1,1,1,0,0,0,1,0,0,27,38,34,4,4,9,14,2,0,1,0,4,0,1,2,0,0,0,0,0,0,0,0,0,0,,,1,27,46,27,15,4,2,0,0
PHI189804220,box,1898-04-22,0,PHI09,R,1,PHI,NY1,1,1,0,0,1,,36,13,12,17,3,1,0,,11,,8,0,1,0,0,0,0,1,3,0,4,1,1,1,0,0,0,1,0,0,27,44,34,7,5,7,7,0,0,0,0,7,0,4,0,3,0,0,0,1,0,0,0,0,0,,,1,27,42,27,12,3,0,0,0
PHI189804230,box,1898-04-23,0,PHI09,R,1,PHI,NY1,1,0,1,0,1,,40,9,13,15,2,0,0,,8,,2,,,,1,0,0,2,,0,7,1,1,0,0,0,1,0,1,0,24,46,41,14,12,14,22,4,2,0,0,4,,1,,1,0,0,0,2,0,0,0,0,0,,,1,24,38,24,10,4,0,0,0
PHI189804260,box,1898-04-26,0,PHI09,R,1,PHI,BSN,1,0,1,0,1,,35,4,8,8,0,0,0,,3,,4,0,1,0,0,0,0,0,0,0,8,1,1,0,0,0,1,0,1,0,27,44,41,9,6,12,14,2,0,0,0,1,0,2,0,0,2,0,0,0,0,0,0,0,0,,,1,27,44,27,13,4,0,0,0
PHI189804270,box,1898-04-27,0,PHI09,R,1,PHI,BSN,1,0,1,0,1,,30,1,5,6,1,0,0,,1,,3,0,0,1,0,0,0,1,1,0,5,1,1,1,0,0,0,0,1,0,27,39,35,6,6,11,13,2,0,0,0,4,0,2,0,0,0,0,0,1,0,0,0,0,0,,,1,27,39,27,9,3,0,0,0
BRO189804300,box,1898-04-30,0,NYC12,R,0,PHI,BRO,1,1,0,0,1,,36,6,12,20,5,0,1,,5,,1,0,2,0,0,1,0,2,1,0,5,1,1,1,0,0,0,1,0,0,27,39,38,4,4,11,18,4,0,1,0,1,0,3,0,0,0,0,0,0,0,0,0,0,0,,,1,27,47,27,18,2,1,0,0
BRO189805020,box,1898-05-02,0,NYC12,R,0,PHI,BRO,1,0,1,0,1,,43,9,16,26,4,3,0,,7,,2,,3,,0,0,0,2,,0,9,1,1,1,0,0,0,0,1,0,24,40,37,10,9,13,23,3,2,1,0,2,,1,,0,1,0,0,0,0,0,0,0,0,,,1,24,38,24,13,1,0,0,1
BRO189805030,box,1898-05-03,0,NYC12,R,0,PHI,BRO,1,0,1,0,1,,36,6,12,22,3,2,1,,6,,5,,2,,0,0,0,1,,0,8,1,1,1,0,0,0,0,1,0,24,41,39,9,7,15,26,4,2,1,0,0,0,0,,1,1,0,0,1,0,0,0,0,0,,,1,24,47,24,20,3,0,0,0
BLN189805040,box,1898-05-04,0,BAL07,R,0,PHI,BLN,1,0,1,0,1,,28,2,6,7,1,0,0,,2,,4,,4,,0,1,0,0,,0,4,1,1,1,0,0,0,0,1,0,24,36,31,4,2,8,9,1,0,0,0,4,,1,,1,0,0,0,0,0,0,0,0,0,,,1,24,40,24,14,2,1,0,0
WSN189805090,box,1898-05-09,0,WAS06,R,0,PHI,WSN,1,1,0,0,1,,41,11,13,19,6,0,0,,9,,4,,2,,1,0,0,2,,0,8,1,1,0,0,0,1,1,0,0,27,38,27,6,6,9,11,2,0,0,0,9,,,,0,2,0,0,0,0,0,0,0,0,,,1,27,45,27,17,1,2,0,0
WSN189805100,box,1898-05-10,0,WAS06,R,0,PHI,WSN,1,1,0,0,1,,39,6,14,18,0,2,0,,6,,3,0,,1,0,0,0,1,0,0,9,1,1,1,0,0,0,1,0,0,27,40,38,4,4,11,14,3,0,0,0,1,0,,0,1,0,0,0,0,0,0,0,0,0,,,1,27,42,27,14,1,1,0,0
WSN189805110,box,1898-05-11,0,WAS06,R,0,PHI,WSN,1,0,1,0,1,,36,7,8,11,1,1,0,,7,,5,,2,,1,0,0,1,,0,8,1,1,1,0,0,0,0,1,0,24,47,41,16,11,18,24,6,0,0,0,4,,2,,1,1,0,0,1,0,0,0,0,0,,,1,24,38,24,12,2,0,0,1
PHI189805130,box,1898-05-13,0,PHI09,R,1,PHI,BLN,1,1,0,0,1,,34,5,12,14,2,0,0,,4,,6,,4,,0,0,0,4,,0,10,1,1,1,0,0,0,1,0,0,27,35,33,4,2,9,9,0,0,0,0,1,,1,,1,0,0,0,0,0,0,0,0,0,,,1,27,38,27,10,1,2,0,0
PHI189805140,box,1898-05-14,0,PHI09,R,1,PHI,BLN,1,1,0,0,1,,37,12,15,19,4,0,0,,11,,9,,2,,0,2,0,1,,0,10,1,1,0,0,0,1,1,0,0,27,42,38,11,6,15,17,2,0,0,0,4,,1,,0,0,0,0,0,0,0,0,0,0,,,1,27,48,27,18,3,2,0,0
PHI189805171,box,1898-05-17,1,PHI09,R,1,PHI,BLN,1,0,1,0,1,,37,5,12,15,3,0,0,,5,,6,,1,,0,0,0,1,,0,11,1,1,0,0,0,1,0,1,0,27,50,38,9,5,12,14,2,0,0,0,9,,2,,3,0,0,0,0,1,0,0,0,0,,,1,27,46,27,16,3,1,0,1
PHI189805172,box,1898-05-17,2,PHI09,R,1,PHI,BLN,1,0,1,0,1,,27,2,4,5,1,0,0,,2,,6,,5,,0,0,0,0,,0,7,1,1,0,0,0,1,0,1,0,24,47,38,17,16,16,23,5,1,0,0,8,,1,,1,0,0,0,0,0,0,0,0,0,,,1,24,37,24,10,3,0,0,1
CL4189805200,box,1898-05-20,0,CLE05,R,0,PHI,CL4,1,1,0,0,1,,34,6,10,16,6,0,0,,6,,4,,3,,0,1,0,0,,0,6,1,1,1,0,0,0,1,0,0,27,40,39,3,2,11,14,1,1,0,0,1,,2,,0,0,0,0,0,0,0,0,0,0,,,1,27,40,27,11,2,1,0,0
CL4189805211,box,1898-05-21,1,CLE05,R,0,PHI,CL4,1,0,1,0,1,,32,2,3,3,0,0,0,,2,,2,,,,0,0,0,0,,0,5,1,1,1,0,0,0,0,1,0,24,41,37,5,4,14,15,1,0,0,0,2,,,,1,1,0,0,1,0,0,0,0,0,,,1,24,32,24,6,2,1,0,0
CL4189805212,box,1898-05-21,2,CLE05,R,0,PHI,CL4,1,0,1,0,1,,30,0,7,7,0,0,0,,0,,2,,0,,0,1,0,1,,0,6,1,1,1,0,0,0,0,1,0,24,36,31,3,2,11,11,0,0,0,0,3,,1,,0,2,0,0,0,0,0,0,0,0,,,1,24,39,24,13,2,2,0,0
PIT189805230,box,1898-05-23,0,PIT05,R,0,PHI,PIT,1,0,1,0,1,,34,1,5,5,0,0,0,,1,,1,,2,,1,0,0,0,,0,8,1,1,0,0,0,1,0,1,0,24,33,29,3,2,7,10,1,1,0,0,1,,1,,2,1,0,0,0,0,0,0,0,0,,,1,24,41,24,15,2,1,0,0
PIT189805240,box,1898-05-24,0,PIT05,R,0,PHI,PIT,1,0,1,0,1,,35,3,8,9,1,0,0,,3,,4,,3,,1,1,0,2,,0,11,1,1,1,0,0,0,0,1,0,24,33,30,4,0,6,9,3,0,0,0,2,,2,,0,1,0,0,0,0,0,0,0,0,,,1,24,40,24,14,2,0,0,1
PIT189805250,box,1898-05-25,0,PIT05,R,0,PHI,PIT,1,0,1,0,1,,33,3,6,9,1,1,0,,3,,2,,5,,0,0,0,1,,0,5,1,1,1,0,0,0,0,1,0,24,42,38,8,5,14,16,2,0,0,0,3,,2,,0,1,0,0,0,0,0,0,0,0,,,1,24,36,24,9,3,0,0,2
CHN189805260,box,1898-05-26,0,CHI08,R,0,PHI,CHN,1,0,1,0,1,,34,1,11,12,1,0,0,,1,,2,,4,,0,0,0,0,,0,8,1,1,1,0,0,0,0,1,0,24,33,29,7,1,7,7,0,0,0,0,2,,1,,0,2,0,0,0,0,0,0,0,0,,,1,24,43,24,13,6,1,0,0
CHN189805270,box,1898-05-27,0,CHI08,R,0,PHI,CHN,1,0,1,0,1,,33,2,8,8,0,0,0,,2,,2,,4,,0,0,0,2,,0,6,1,1,1,0,0,0,0,1,0,24,39,32,8,7,10,13,3,0,0,0,6,,2,,0,1,0,0,0,0,0,0,0,0,,,1,24,42,24,15,3,1,0,0
CHN189805280,box,1898-05-28,0,CHI08,R,0,PHI,CHN,1,1,0,0,1,,43,10,15,20,3,1,0,,9,,6,,3,,0,0,0,1,,0,12,1,1,1,0,0,0,1,0,0,27,39,38,4,4,15,18,3,0,0,0,0,0,2,,0,1,0,0,0,0,0,0,0,0,,,1,27,39,27,11,1,0,0,0
PHI189805301,box,1898-05-30,1,PHI09,R,1,PHI,LS3,1,1,0,0,1,,32,6,10,13,3,0,0,,5,,6,,2,,1,0,0,5,,0,9,1,1,1,0,0,0,1,0,0,27,38,33,1,0,8,8,0,0,0,0,4,,3,,0,1,0,0,0,0,0,0,0,0,,,1,27,37,27,8,2,1,0,0
PHI189805302,box,1898-05-30,2,PHI09,R,1,PHI,LS3,1,1,0,0,1,,30,5,6,9,3,0,0,,5,,3,,3,,3,0,0,1,,0,7,1,1,1,0,0,0,1,0,0,27,36,31,1,1,6,7,1,0,0,0,4,,1,,0,1,0,0,0,0,0,0,0,0,,,1,27,38,27,11,0,1,0,0
PHI189805310,box,1898-05-31,0,PHI09,R,1,PHI,LS3,1,1,0,0,1,,32,4,8,11,3,0,0,,3,,1,,1,,2,0,0,1,,0,7,1,1,1,0,0,0,1,0,0,27,39,33,1,1,7,7,0,0,0,0,4,,4,,0,2,0,0,0,0,0,0,0,0,,,1,27,40,27,12,1,0,0,0
PHI189806010,box,1898-06-01,0,PHI09,R,1,PHI,LS3,1,1,0,0,1,,33,4,8,12,1,0,1,,3,,5,,3,,0,1,0,1,,0,11,1,1,1,0,0,0,1,0,0,27,33,30,1,1,4,4,0,0,0,0,2,,1,,0,1,0,0,0,0,0,0,0,0,,,1,27,37,27,10,0,0,0,0
PHI189806020,box,1898-06-02,0,PHI09,R,1,PHI,PIT,1,1,0,0,1,,32,3,5,10,3,1,0,,2,,3,,2,,4,1,0,0,,0,6,1,1,1,0,0,0,1,0,0,33,41,36,2,2,5,7,2,0,0,0,2,,7,,1,2,0,0,0,0,0,0,0,0,,,1,33,53,33,16,4,1,0,0
PHI189806030,box,1898-06-03,0,PHI09,R,1,PHI,PIT,1,0,1,0,1,,28,4,5,8,3,0,0,,4,,2,,1,,3,0,0,0,,0,2,1,1,0,0,0,1,0,1,0,27,43,38,8,4,12,13,1,0,0,0,4,,2,,0,1,0,0,1,0,0,0,0,0,,,1,27,47,27,16,4,1,0,0
PHI189806040,box,1898-06-04,0,PHI09,R,1,PHI,PIT,1,0,1,0,1,,35,3,9,9,0,0,0,,3,,3,,1,,3,3,0,1,,0,14,1,1,0,0,0,1,0,1,0,27,38,33,4,3,6,7,1,0,0,0,3,,1,,0,2,0,0,0,0,0,0,0,0,,,1,27,43,27,11,5,0,0,0
PHI189806060,box,1898-06-06,0,PHI09,R,1,PHI,PIT,1,1,0,0,1,,34,7,10,18,0,1,2,,6,,0,0,5,,0,0,0,3,,0,3,1,1,1,0,0,0,1,0,0,27,36,34,5,2,8,11,1,1,0,0,2,,3,,0,0,0,0,0,0,0,0,0,0,,,1,27,37,27,8,2,1,0,0
PHI189806070,box,1898-06-07,0,PHI09,R,1,PHI,SLN,1,0,1,0,1,,36,1,9,12,3,0,0,,1,,1,,4,,2,0,0,0,,0,11,1,1,0,0,0,1,0,1,0,27,37,30,6,5,6,8,2,0,0,0,4,,4,,2,1,0,0,0,0,0,0,0,0,,,1,27,42,27,13,2,0,0,0
PHI189806080,box,1898-06-08,0,PHI09,R,1,PHI,SLN,1,0,1,0,1,,32,7,9,14,1,2,0,,6,,7,,0,,0,1,0,0,,0,6,1,1,0,0,0,1,0,1,0,27,47,38,9,5,12,15,1,1,0,0,7,,5,,0,2,0,0,0,0,0,0,0,0,,,1,27,39,27,7,5,1,0,0
PHI189806090,box,1898-06-09,0,PHI09,R,1,PHI,SLN,1,1,0,0,1,,33,5,7,10,3,0,0,,5,,3,,2,,0,0,0,3,,0,8,1,1,1,0,0,0,1,0,0,27,38,34,2,2,7,7,0,0,0,0,4,,3,,0,0,0,0,0,0,0,0,0,0,,,1,27,40,27,13,0,0,0,0
PHI189806100,box,1898-06-10,0,PHI09,R,1,PHI,SLN,1,0,1,0,1,,38,1,13,15,2,0,0,,1,,1,,4,,0,1,0,3,,0,12,1,1,1,0,0,0,0,1,0,27,35,35,3,3,9,11,2,0,0,0,0,0,3,,0,0,0,0,0,0,0,0,0,0,,,1,27,37,27,10,0,0,0,0
BSN189806110,box,1898-06-11,0,BOS05,R,0,PHI,BSN,1,0,1,0,1,,32,2,7,9,2,0,0,,2,,1,,1,,0,1,0,0,,0,5,1,1,1,0,0,0,0,1,0,24,34,30,4,2,10,11,1,0,0,0,3,,3,,0,1,0,0,0,0,0,0,0,0,,,1,24,39,24,14,1,1,0,2
BSN189806130,box,1898-06-13,0,BOS05,R,0,PHI,BSN,1,0,1,0,1,,32,2,8,12,1,0,1,,3,,2,,0,,0,0,0,0,,0,5,1,1,1,0,0,0,0,1,0,24,34,33,5,5,11,15,1,0,1,0,1,,0,,0,0,0,0,0,0,0,0,0,0,,,1,24,43,24,15,4,1,0,0
BSN189806140,box,1898-06-14,0,BOS05,R,0,PHI,BSN,1,1,0,0,1,,42,9,17,19,2,0,0,,7,,4,0,11,1,2,1,0,6,0,0,13,1,1,1,1,0,0,1,0,0,27,34,32,0,0,6,7,1,0,0,0,1,0,4,1,0,1,0,0,0,0,0,0,0,0,,,1,27,33,27,5,1,1,0,0
BSN189806150,box,1898-06-15,0,BOS05,R,0,PHI,BSN,1,0,1,0,1,,37,6,9,9,0,0,0,,5,,4,,3,,0,0,0,1,,0,8,1,1,0,0,0,1,0,1,0,24,41,38,12,6,17,20,3,0,0,0,2,,0,,0,1,0,0,1,0,0,0,0,0,,,1,24,47,24,18,5,2,0,0
NY1189806160,box,1898-06-16,0,NYC10,R,0,PHI,NY1,1,0,1,0,1,,33,3,7,8,1,0,0,,3,,5,0,2,0,0,0,0,0,0,0,8,1,1,1,0,0,0,0,1,0,24,45,32,11,4,10,10,0,0,0,0,10,0,0,0,0,3,0,0,0,0,0,0,0,0,,,1,24,50,24,17,9,0,0,0
NY1189806170,box,1898-06-17,0,NYC10,R,0,PHI,NY1,1,0,1,0,1,,37,4,11,15,2,1,0,,4,,6,0,4,1,0,0,0,1,0,0,12,1,1,0,0,0,1,0,1,0,24,49,33,16,12,12,20,1,2,1,0,11,0,2,0,3,2,0,0,0,0,0,0,0,0,,,1,24,45,24,14,7,1,0,0
PHI189806180,box,1898-06-18,0,PHI09,R,1,PHI,NY1,1,1,0,0,1,,35,6,10,12,2,0,0,,5,,5,0,,1,2,0,0,0,2,0,12,1,1,1,0,0,0,1,0,0,27,36,35,5,3,7,11,2,1,0,0,1,0,,0,0,0,0,0,1,0,0,0,0,0,,,1,27,41,27,12,2,1,0,0
SLN189806200,box,1898-06-20,0,STL05,R,0,PHI,SLN,1,1,0,0,1,,43,14,21,32,0,4,1,,15,,2,,,,0,2,0,3,,0,6,1,1,1,0,0,0,1,0,0,27,40,36,2,1,11,14,1,1,0,0,4,,,,0,0,0,0,0,0,0,0,0,0,,,1,27,41,27,13,1,2,0,0
SLN189806210,box,1898-06-21,0,STL05,R,0,PHI,SLN,1,1,0,0,1,,44,9,17,17,0,0,0,,7,,0,0,,,1,0,0,1,,0,9,1,1,1,0,0,0,1,0,0,27,40,34,6,2,7,8,1,0,0,0,4,,,,1,1,0,0,0,0,0,0,0,0,,,1,27,39,27,10,2,0,0,0
SLN189806220,box,1898-06-22,0,STL05,R,0,PHI,SLN,1,1,0,0,1,,41,8,13,23,3,2,1,,6,,2,,,,0,1,0,3,,0,9,1,1,1,0,0,0,1,0,0,27,37,36,2,0,10,12,2,0,0,0,1,,,,0,0,0,0,0,0,0,0,0,0,,,1,27,43,27,13,3,0,0,0
SLN189806230,box,1898-06-23,0,STL05,R,0,PHI,SLN,1,0,1,0,1,,35,4,11,17,1,1,1,,4,,2,,,,1,0,0,2,,0,7,1,1,1,0,0,0,0,1,0,24,36,34,7,1,10,10,0,0,0,0,0,0,,,0,2,0,0,0,0,0,0,0,0,,,1,24,38,24,9,5,0,0,1
LS3189806240,box,1898-06-24,0,LOU03,R,0,PHI,LS3,1,1,0,0,1,,33,3,10,13,3,0,0,,3,,4,,,,1,1,0,1,,0,9,1,1,1,0,0,0,1,0,0,27,34,30,1,0,4,4,0,0,0,0,3,,0,,0,1,0,0,0,0,0,0,0,0,,,1,27,40,27,10,3,1,0,0
LS3189806250,box,1898-06-25,0,LOU03,R,0,PHI,LS3,1,1,0,0,1,,41,7,14,21,2,1,1,,7,,0,0,0,,0,0,0,1,,0,7,1,1,1,0,0,0,1,0,0,27,41,38,3,2,11,11,0,0,0,0,1,,0,,1,1,0,0,1,0,0,0,0,0,,,1,27,48,27,17,4,0,0,0
LS3189806280,box,1898-06-28,0,LOU03,R,0,PHI,LS3,1,1,0,0,1,,38,8,11,18,2,1,1,,8,,2,,,,0,0,0,2,,0,5,1,1,1,0,0,0,1,0,0,27,36,35,3,1,8,12,1,0,1,0,0,0,,,1,0,0,0,0,0,0,0,0,0,,,1,27,43,27,14,2,1,0,1
CIN189806290,box,1898-06-29,0,CIN05,R,0,PHI,CIN,1,0,1,0,1,,40,8,12,16,0,2,0,,8,,5,,4,,2,0,0,0,,0,9,1,1,1,0,0,0,0,1,0,29,46,44,9,4,13,17,4,0,0,0,2,,1,,0,0,0,0,0,0,0,0,0,0,,,1,29,49,29,12,8,0,0,0
CIN189806300,box,1898-06-30,0,CIN05,R,0,PHI,CIN,1,1,0,0,1,,56,17,27,40,4,3,1,,15,,2,,,,0,0,0,1,,0,14,1,1,1,0,0,0,1,0,0,27,40,36,3,2,7,11,0,2,0,0,4,,,,0,0,0,0,0,0,0,0,0,0,,,1,27,41,27,10,4,0,0,0
CIN189807010,box,1898-07-01,0,CIN05,R,0,PHI,CIN,1,0,1,0,1,,34,2,8,10,2,0,0,,1,,1,,,,0,0,0,0,,0,6,1,1,0,0,0,1,0,1,0,27,50,40,14,8,14,17,1,1,0,0,7,,0,,2,1,0,0,0,0,0,0,0,0,,,1,27,46,26,12,8,0,0,0
CIN189807020,box,1898-07-02,0,CIN05,R,0,PHI,CIN,1,0,1,0,1,,35,4,10,16,4,1,0,,4,,1,,,,1,0,0,0,,0,6,1,1,1,0,0,0,0,1,0,27,41,39,8,8,14,20,4,1,0,0,2,,,,0,0,0,0,1,0,0,0,0,0,,,1,27,36,27,8,1,0,0,0
BLN189807041,box,1898-07-04,1,BAL07,R,0,PHI,BLN,1,0,1,0,1,,37,5,11,14,1,1,0,,4,,4,,5,,0,1,0,0,,0,10,1,1,1,0,0,0,0,1,0,24,45,40,12,4,14,18,0,2,0,0,3,,2,,2,0,0,0,0,0,0,0,0,0,,,1,24,35,24,7,4,0,0,0
BLN189807042,box,1898-07-04,2,BAL07,R,0,PHI,BLN,1,0,1,0,1,,35,2,8,10,2,0,0,,1,,1,,2,,0,0,0,0,,0,7,1,1,1,0,0,0,0,1,0,24,39,35,9,7,11,16,2,0,1,0,2,,1,,1,1,0,0,0,0,0,0,0,0,,,1,24,33,24,7,2,0,0,0
BLN189807050,box,1898-07-05,0,BAL07,R,0,PHI,BLN,1,0,1,0,1,,35,4,8,11,1,1,0,,3,,3,,3,,0,0,0,0,,0,7,1,1,1,0,0,0,0,1,0,24,38,34,7,5,10,14,2,1,0,0,4,,3,,0,0,0,0,0,0,0,0,0,0,,,1,24,32,24,6,2,0,0,0
BLN189807061,box,1898-07-06,1,BAL07,R,0,PHI,BLN,1,0,1,0,1,,35,8,7,9,0,1,0,,6,,3,,6,,0,0,0,0,,0,3,1,1,1,0,0,0,0,1,0,24,40,36,9,7,11,14,1,1,0,0,2,,1,,1,1,0,0,1,0,0,0,0,0,,,1,24,35,24,10,1,0,0,0
BLN189807062,box,1898-07-06,2,BAL07,R,0,PHI,BLN,1,0,1,0,1,,32,0,5,7,0,1,0,,0,,2,,2,,2,0,0,0,,0,9,1,1,1,0,0,0,0,1,0,24,54,47,15,11,23,27,2,1,0,0,3,,0,,1,3,0,0,0,0,0,0,0,0,,,1,24,44,24,15,5,2,0,0
PHI189807070,box,1898-07-07,0,PHI09,R,1,PHI,BSN,1,1,0,0,1,,31,6,7,7,0,0,0,,4,,5,,6,,0,0,0,1,,0,6,1,1,1,0,0,0,1,0,0,27,36,36,5,3,8,9,1,0,0,0,0,0,1,,0,0,0,0,0,0,0,0,0,0,,,1,27,40,27,11,2,0,0,0
PHI189807080,box,1898-07-08,0,PHI09,R,1,PHI,BSN,1,1,0,0,1,,28,5,7,8,1,0,0,,5,,8,,7,,2,1,0,2,,0,10,1,1,1,1,0,0,1,0,0,27,31,29,0,0,0,0,0,0,0,0,2,,1,,0,0,0,0,0,0,0,0,0,0,,,1,27,37,27,8,2,0,0,1
PHI189807090,box,1898-07-09,0,PHI09,R,1,PHI,BSN,1,0,1,0,1,,28,1,3,5,2,0,0,,1,,2,,1,,2,1,0,0,,0,5,1,1,1,0,0,0,0,1,0,27,38,38,2,2,10,15,1,2,0,0,0,0,2,,0,0,0,0,0,0,0,0,0,0,,,1,27,42,27,13,2,0,0,0
PHI189807110,box,1898-07-11,0,PHI09,R,1,PHI,CL4,1,1,0,0,1,,36,9,10,15,3,1,0,,9,,3,,0,,0,0,0,0,,0,6,1,1,1,0,0,0,1,0,0,27,38,34,3,3,8,9,1,0,0,0,3,,2,,0,1,0,0,0,0,0,0,0,0,,,1,27,36,27,9,0,0,0,0
PHI189807120,box,1898-07-12,0,PHI09,R,1,PHI,CL4,1,0,1,0,1,,32,3,7,15,0,4,0,,4,,3,,4,,0,1,0,0,,0,6,1,1,1,0,0,0,0,1,0,27,40,38,6,4,14,19,1,2,0,0,1,,2,,0,1,0,0,0,0,0,0,0,0,,,1,27,46,27,16,3,2,0,0
PHI189807130,box,1898-07-13,0,PHI09,R,1,PHI,CL4,1,0,1,0,1,,35,1,9,10,1,0,0,,1,,0,0,1,,0,1,0,0,,0,8,1,1,1,0,0,0,0,1,0,27,41,38,8,5,11,15,1,0,1,0,2,,0,,0,1,0,0,0,0,0,0,0,0,,,1,27,43,27,13,3,1,0,0
PHI189807140,box,1898-07-14,0,PHI09,R,1,PHI,CL4,1,1,0,0,1,,27,1,3,4,1,0,0,,1,,4,,6,,0,0,0,0,,0,6,1,1,1,1,0,0,1,0,0,27,36,30,0,0,4,4,0,0,0,0,4,,6,,1,1,0,0,0,0,0,0,0,0,,,1,27,34,27,6,1,0,0,1
PHI189807150,box,1898-07-15,0,PHI09,R,1,PHI,CIN,1,1,0,0,1,,35,7,14,18,2,1,0,,5,,8,,2,,0,1,0,1,,0,13,1,1,1,0,0,0,1,0,0,27,39,30,3,1,4,5,1,0,0,0,7,,1,,1,1,0,0,0,0,0,0,0,0,,,1,27,42,27,12,3,0,0,0
PHI189807160,box,1898-07-16,0,PHI09,R,1,PHI,CIN,1,1,0,0,1,,34,6,12,16,1,0,1,,5,,2,,1,,1,1,0,0,,0,8,1,1,1,0,0,0,1,0,0,27,36,35,2,0,8,13,5,0,0,0,1,,2,,0,0,0,0,0,0,0,0,0,0,,,1,27,40,27,11,2,1,0,0
PHI189807180,box,1898-07-18,0,PHI09,R,1,PHI,CIN,1,0,1,0,1,,35,4,8,11,3,0,0,,4,,4,,2,,0,0,0,1,,0,8,1,1,1,0,0,0,0,1,0,27,39,38,5,4,11,13,2,0,0,0,1,,3,,0,0,0,0,0,0,0,0,0,0,,,1,27,46,27,14,5,0,0,0
PHI189807200,box,1898-07-20,0,PHI09,R,1,PHI,CHN,1,0,1,0,1,,35,5,7,9,2,0,0,,5,,2,,1,,0,0,0,0,,0,5,1,1,0,0,0,1,0,1,0,27,46,42,15,11,14,25,2,3,1,0,3,,5,,1,0,0,0,0,0,0,0,0,0,,,1,27,40,27,6,7,0,0,0
PHI189807210,box,1898-07-21,0,PHI09,R,1,PHI,CHN,1,1,0,0,1,,29,3,6,6,0,0,0,,3,,6,,3,,0,0,0,4,,0,8,1,1,1,0,0,0,1,0,0,27,35,32,1,1,3,3,0,0,0,0,2,,0,,1,0,0,0,1,0,0,0,0,0,,,1,27,37,27,7,3,0,0,0
PHI189807221,box,1898-07-22,1,PHI09,R,1,PHI,CHN,1,1,0,0,1,,40,12,16,22,4,1,0,,7,,3,,1,,0,0,0,2,,0,7,1,1,1,0,0,0,1,0,0,27,41,37,3,3,12,12,0,0,0,0,2,,2,,1,1,0,0,0,0,0,0,0,0,,,1,27,41,27,14,0,0,0,0
PHI189807222,box,1898-07-22,2,PHI09,R,1,PHI,CHN,1,1,0,0,1,,37,7,13,18,3,1,0,,7,,2,,,,3,3,0,0,,0,14,1,1,1,0,0,0,1,0,0,27,36,34,1,1,5,7,2,0,0,0,0,0,,,2,0,0,0,0,0,0,0,0,0,,,1,27,44,27,16,1,0,0,0
PHI189807230,box,1898-07-23,0,PHI09,R,1,PHI,WSN,1,1,0,0,1,,35,6,10,12,2,0,0,,6,,4,,6,,1,0,0,6,,0,10,1,1,1,0,0,0,1,0,0,27,36,34,2,1,8,10,2,0,0,0,0,0,7,,2,0,0,0,0,0,0,0,0,0,,,1,27,35,27,6,2,1,0,0
PHI189807250,box,1898-07-25,0,PHI09,R,1,PHI,WSN,1,0,1,0,1,,32,4,5,6,1,0,0,,2,,6,,2,,1,0,0,7,,0,8,1,1,1,0,0,0,0,1,0,27,43,39,8,5,13,15,0,1,0,0,2,,0,,2,0,0,0,1,0,0,0,0,0,,,1,27,32,27,3,2,0,0,0
PHI189807271,box,1898-07-27,1,PHI09,R,1,PHI,WSN,1,1,0,0,1,,31,4,7,9,0,1,0,,4,,4,,3,,1,0,0,0,,0,8,1,1,1,0,0,0,1,0,0,27,38,35,1,0,9,10,1,0,0,0,1,,3,,0,2,0,0,0,0,0,0,0,0,,,1,27,41,27,12,2,0,0,0
PHI189807272,box,1898-07-27,2,PHI09,R,1,PHI,WSN,1,1,0,0,1,,24,5,6,7,1,0,0,,5,,5,,3,,0,0,0,0,,0,6,1,1,1,0,0,0,1,0,0,21,31,29,1,1,10,11,1,0,0,0,2,,2,,0,0,0,0,0,0,0,0,0,0,,,1,21,30,21,8,1,2,0,0
PIT189807280,box,1898-07-28,0,PIT05,R,0,PHI,PIT,1,1,0,0,1,,38,7,14,20,2,2,0,,7,,1,,2,,0,1,0,1,,0,6,1,1,1,1,0,0,1,0,0,27,37,35,0,0,8,10,0,1,0,0,2,,6,,0,0,0,0,0,0,0,0,0,0,,,1,27,40,27,12,1,0,0,0
PIT189807290,box,1898-07-29,0,PIT05,R,0,PHI,PIT,1,0,1,0,1,,31,1,6,7,1,0,0,,1,,2,,3,,0,0,0,0,,0,5,1,1,1,0,0,0,0,1,0,24,30,28,3,3,7,8,1,0,0,0,2,,4,,0,0,0,0,0,0,0,0,0,0,,,1,24,36,24,12,0,0,0,0
PIT189807300,box,1898-07-30,0,PIT05,R,0,PHI,PIT,1,1,0,0,1,,41,8,12,18,3,0,1,,7,,1,,1,,0,1,0,1,,0,8,1,1,1,0,0,0,1,0,0,27,39,38,3,1,12,16,0,2,0,0,0,0,0,,0,1,0,0,0,0,0,0,0,0,,,1,27,42,27,14,1,0,0,1
PHI189808010,box,1898-08-01,0,PHI09,R,1,PHI,CL4,1,1,0,0,1,,27,1,6,6,0,0,0,,0,,0,0,2,1,0,1,0,1,0,0,3,1,1,1,1,0,0,1,0,0,27,32,30,0,0,4,6,0,1,0,0,1,0,2,0,0,1,0,0,0,0,0,0,0,0,,,1,27,40,27,12,1,0,0,0
PHI189808020,box,1898-08-02,0,PHI09,R,1,PHI,CL4,1,0,1,0,1,,29,1,4,4,0,0,0,,1,,2,,1,,0,0,0,0,,0,3,1,1,1,0,0,0,0,1,0,27,42,35,9,2,10,10,0,0,0,0,5,,1,,0,2,0,0,0,0,0,0,0,0,,,1,27,50,27,18,5,3,0,0
PHI189808041,box,1898-08-04,1,PHI09,R,1,PHI,CL4,1,0,1,0,1,,34,1,7,8,1,0,0,,0,,1,,2,,0,0,0,0,,0,7,1,1,1,0,0,0,0,1,0,27,38,35,4,3,10,10,0,0,0,0,3,,4,,0,0,0,0,0,0,0,0,0,0,,,1,27,42,27,12,3,0,0,0
PHI189808042,box,1898-08-04,2,PHI09,R,1,PHI,CL4,1,0,1,0,1,,36,3,7,9,2,0,0,,3,,2,,1,,0,0,0,1,,0,8,1,1,0,0,0,1,0,1,0,27,43,36,7,7,13,14,1,0,0,0,5,,0,,0,2,0,0,0,0,0,0,0,0,,,1,27,45,27,17,1,3,0,0
PIT189808050,box,1898-08-05,0,PIT05,R,0,PHI,PIT,1,0,1,0,1,,32,0,7,8,1,0,0,,0,,3,,0,,0,0,0,1,,0,8,1,1,1,0,0,0,0,1,0,24,34,32,3,3,9,13,4,0,0,0,2,,4,,0,0,0,0,0,0,0,0,0,0,,,1,24,35,24,10,1,0,0,0
CHN189808060,box,1898-08-06,0,CHI08,R,0,PHI,CHN,1,0,1,0,1,,37,0,7,9,2,0,0,,0,,5,,6,,0,0,0,0,,0,9,1,1,1,0,0,0,0,1,0,30,42,40,1,1,9,11,2,0,0,0,1,,2,,0,1,0,0,0,0,0,0,0,0,,,1,30,50,30,18,2,0,0,0
CHN189808081,box,1898-08-08,1,CHI08,R,0,PHI,CHN,1,0,1,0,1,,33,2,4,6,2,0,0,,2,,3,,3,,0,0,0,0,,0,7,1,1,0,0,0,1,0,1,0,24,40,34,6,4,9,11,2,0,0,0,5,,1,,0,1,0,0,0,0,0,0,0,0,,,1,24,37,24,8,5,1,0,0
CHN189808082,box,1898-08-08,2,CHI08,R,0,PHI,CHN,1,1,0,0,1,,36,8,11,15,4,0,0,,8,,3,,1,,1,3,0,0,,0,8,1,1,1,0,0,0,1,0,0,27,36,35,3,2,8,13,3,1,0,0,1,,2,,0,0,0,0,0,0,0,0,0,0,,,1,27,45,27,15,3,0,0,1
PHI189808120,box,1898-08-12,0,PHI09,R,1,PHI,SLN,1,1,0,0,1,,28,5,6,8,0,1,0,,4,,3,,,,1,0,0,2,,0,3,1,1,1,0,0,0,1,0,0,27,32,29,2,2,5,6,1,0,0,0,1,,,,0,2,0,0,0,0,0,0,0,0,,,1,27,37,27,9,1,2,0,0
PHI189808130,box,1898-08-13,0,PHI09,R,1,PHI,SLN,1,1,0,0,1,,39,5,10,12,2,0,0,,4,,8,,4,,0,4,0,0,,0,14,1,1,1,0,0,0,1,0,0,33,43,38,4,3,9,9,0,0,0,0,0,0,2,,1,4,0,0,0,0,0,0,0,0,,,1,33,54,33,17,4,2,0,0
PHI189808150,box,1898-08-15,0,PHI09,R,1,PHI,SLN,1,0,1,0,1,,35,4,7,10,0,0,1,,4,,5,,4,,1,0,0,3,,0,10,1,1,1,0,0,0,0,1,0,27,41,38,7,4,16,19,1,1,0,0,1,,2,,0,2,0,0,0,0,0,0,0,0,,,1,27,41,27,12,2,0,0,0
PHI189808160,box,1898-08-16,0,PHI09,R,1,PHI,PIT,1,0,1,0,1,,36,5,12,14,2,0,0,,5,,2,,3,,0,2,0,0,,0,5,1,1,1,0,0,0,0,1,0,30,40,36,6,5,11,13,2,0,0,0,0,0,4,,0,4,0,0,1,0,0,0,0,0,,,1,30,47,30,15,2,1,0,1
PHI189808170,box,1898-08-17,0,PHI09,R,1,PHI,PIT,1,1,0,0,1,,37,13,19,27,4,2,0,,13,,2,,2,,0,3,0,2,,0,5,1,1,1,0,0,0,1,0,0,27,33,32,1,0,7,9,2,0,0,0,0,0,0,,1,0,0,0,0,0,0,0,0,0,,,1,27,45,27,17,1,0,0,0
PHI189808180,box,1898-08-18,0,PHI09,R,1,PHI,PIT,1,1,0,0,1,,30,8,9,15,1,1,1,,5,,4,,0,,0,4,0,0,,0,6,1,1,1,0,0,0,1,0,0,27,40,37,4,3,12,16,2,1,0,0,1,,0,,0,2,0,0,0,0,0,0,0,0,,,1,27,46,27,17,2,0,0,0
PHI189808190,box,1898-08-19,0,PHI09,R,1,PHI,LS3,1,0,1,0,1,,31,2,7,9,0,1,0,,2,,3,,2,,1,0,0,0,,0,6,1,1,1,0,0,0,0,1,0,27,38,35,3,3,9,10,1,0,0,0,0,0,3,,0,3,0,0,0,0,0,0,0,0,,,1,27,40,27,10,3,0,0,0
PHI189808200,box,1898-08-20,0,PHI09,R,1,PHI,LS3,1,1,0,0,1,,30,2,4,8,2,1,0,,2,,0,0,1,,0,0,0,0,,0,4,1,1,1,1,0,0,1,0,0,27,32,30,0,0,3,3,0,0,0,0,1,,5,,0,1,0,0,0,0,0,0,0,0,,,1,27,34,27,6,1,0,0,0
PHI189808220,box,1898-08-22,0,PHI09,R,1,PHI,LS3,1,1,0,0,1,,45,18,21,31,6,2,0,,14,,4,,,,1,0,0,2,,0,8,1,1,1,0,0,0,1,0,0,27,44,33,9,9,12,19,3,2,0,0,7,,,,2,2,0,0,0,0,0,0,0,0,,,1,27,40,26,14,0,2,0,0
LS3189808240,box,1898-08-24,0,LOU03,R,0,PHI,LS3,1,0,1,0,1,,25,6,7,14,1,0,2,,5,,0,0,1,,2,1,0,0,,0,7,1,1,1,0,0,0,0,1,0,15,31,27,11,8,10,15,2,0,1,0,2,,,,1,1,0,0,0,0,0,0,0,0,,,1,15,25,15,4,6,0,0,0
LS3189808251,box,1898-08-25,1,LOU03,R,0,PHI,LS3,1,1,0,0,1,,37,13,15,25,1,3,1,,10,,5,,,,0,4,0,1,,0,6,1,1,1,0,0,0,1,0,0,27,42,36,7,5,9,10,1,0,0,0,4,,,,2,0,0,0,0,0,0,0,0,0,,,1,27,43,27,11,5,0,0,0
LS3189808252,box,1898-08-25,2,LOU03,R,0,PHI,LS3,1,0,1,0,1,,22,1,3,4,1,0,0,,1,,2,,0,,0,1,0,1,,0,6,1,1,1,0,0,0,0,1,0,18,33,30,8,8,14,25,1,2,2,0,3,,,,0,0,0,0,0,0,0,0,0,0,,,1,18,35,18,14,3,1,0,0
LS3189808260,box,1898-08-26,0,LOU03,R,0,PHI,LS3,1,0,1,0,1,,35,3,7,7,0,0,0,,2,,1,,,,0,1,0,0,,0,7,1,1,1,0,0,0,0,1,0,24,37,30,5,3,11,11,0,0,0,0,4,,,,1,2,0,0,0,0,0,0,0,0,,,1,24,40,24,12,4,0,0,0
CIN189808270,box,1898-08-27,0,CIN05,R,0,PHI,CIN,1,0,1,0,1,,31,2,6,8,0,1,0,,2,,2,,,,0,0,0,0,,0,4,1,1,1,0,0,0,0,1,0,24,33,25,3,3,4,4,0,0,0,0,2,,,,3,2,0,0,1,1,0,0,0,0,,,1,24,38,24,12,2,0,0,0
CIN189808290,box,1898-08-29,0,CIN05,R,0,PHI,CIN,1,1,0,0,1,,37,8,11,14,3,0,0,,8,,2,,3,,0,0,0,0,,0,5,1,1,1,0,0,0,1,0,0,27,41,38,7,7,12,19,1,3,0,0,3,,1,,0,0,0,0,0,0,0,0,0,0,,,1,27,43,27,15,1,1,0,0
CIN189808300,box,1898-08-30,0,CIN05,R,0,PHI,CIN,1,1,0,0,1,,42,9,13,19,2,2,0,,8,,1,,,,0,0,0,5,,0,7,1,1,1,0,0,0,1,0,0,27,35,33,1,1,6,9,1,1,0,0,0,0,,,1,1,0,0,0,0,0,0,0,0,,,1,27,42,27,13,2,1,0,0
SLN189808310,box,1898-08-31,0,STL05,R,0,PHI,SLN,1,1,0,0,1,,41,10,13,16,0,0,1,,9,,2,,3,,0,2,0,2,,0,8,1,1,1,0,0,0,1,0,0,27,41,38,6,2,11,13,0,1,0,0,2,,3,,1,0,0,0,0,0,0,0,0,0,,,1,27,44,27,14,3,0,0,0
SLN189809010,box,1898-09-01,0,STL05,R,0,PHI,SLN,1,1,0,0,1,,35,6,10,16,1,1,1,,6,,2,,1,,0,0,0,2,,0,4,1,1,1,0,0,0,1,0,0,27,37,33,4,3,8,10,2,0,0,0,2,,2,,1,1,0,0,0,0,0,0,0,0,,,1,27,41,27,13,1,0,0,0
SLN189809020,box,1898-09-02,0,STL05,R,0,PHI,SLN,1,1,0,0,1,,40,12,15,20,1,2,0,,10,,5,,0,,0,1,0,0,,0,7,1,1,1,0,0,0,1,0,0,27,38,35,4,3,8,15,2,1,1,0,3,,0,,0,0,0,0,0,0,0,0,0,0,,,1,27,43,27,14,2,1,0,0
PHI189809051,box,1898-09-05,1,PHI09,R,1,PHI,BLN,1,0,1,0,1,,32,4,7,9,2,0,0,,4,,5,,1,,1,4,0,0,,0,8,1,1,1,0,0,0,0,1,0,30,42,37,6,4,11,13,0,1,0,0,5,,2,,0,0,0,0,0,0,0,0,0,0,,,1,30,52,30,17,5,1,0,0
PHI189809052,box,1898-09-05,2,PHI09,R,1,PHI,BLN,1,1,0,0,1,,38,11,14,24,3,2,1,,9,,3,,1,,0,2,0,0,,0,6,1,1,1,0,0,0,1,0,0,27,42,35,10,7,11,13,2,0,0,0,5,,3,,1,1,0,0,0,0,0,0,0,0,,,1,27,46,27,17,2,1,0,0
PHI189809061,box,1898-09-06,1,PHI09,R,1,PHI,BLN,1,0,1,0,1,,27,1,1,1,0,0,0,,0,,3,,0,,1,0,0,1,,0,3,1,1,1,0,0,0,0,1,0,27,41,32,7,4,7,10,1,1,0,0,5,,1,,2,2,0,0,1,0,0,0,0,0,,,1,27,40,27,10,3,1,0,0
PHI189809062,box,1898-09-06,2,PHI09,R,1,PHI,BLN,1,0,0,1,1,,30,5,5,5,0,0,0,,4,,3,,7,,0,0,0,2,,0,4,1,1,1,0,0,0,0,0,0,24,39,35,5,3,12,16,4,0,0,0,2,,4,,1,1,0,0,0,0,0,0,0,0,,,1,24,39,24,13,2,0,0,0
WSN189809080,box,1898-09-08,0,WAS06,R,0,PHI,WSN,1,1,0,0,1,,33,9,15,24,2,2,1,,9,,4,0,4,0,0,1,0,1,0,0,8,1,1,1,0,0,0,1,0,0,24,33,29,5,3,4,5,1,0,0,0,2,0,4,0,2,0,0,0,0,0,0,0,0,0,,,1,24,36,24,10,2,0,0,1
WSN189809090,box,1898-09-09,0,WAS06,R,0,PHI,WSN,1,1,0,0,1,,32,8,13,18,3,1,0,,7,,3,0,3,0,1,0,0,1,2,0,7,1,1,1,0,0,0,1,0,0,24,37,35,5,4,11,13,0,1,0,0,2,0,1,0,0,0,0,0,0,0,0,0,0,0,,,1,24,40,24,12,4,0,0,0
WSN189809100,box,1898-09-10,0,WAS06,R,0,PHI,WSN,1,1,0,0,1,,36,5,9,9,0,0,0,,1,,0,0,1,0,0,1,0,3,1,0,5,1,1,1,0,0,0,1,0,0,27,42,33,4,2,9,11,2,0,0,0,7,0,4,0,0,2,0,0,0,0,0,0,0,0,,,1,27,39,27,10,2,0,0,0
PHI189809120,box,1898-09-12,0,PHI09,R,1,PHI,BSN,1,0,1,0,1,,27,1,5,6,1,0,0,,1,,6,,2,,0,2,0,1,,0,10,1,1,1,0,0,0,0,1,0,24,38,31,7,3,8,10,2,0,0,0,5,,3,,0,2,0,0,0,0,0,0,0,0,,,1,24,37,24,10,3,0,0,0
PHI189809130,box,1898-09-13,0,PHI09,R,1,PHI,BSN,1,1,0,0,1,,31,5,6,9,1,1,0,,4,,1,,2,,0,1,0,0,,0,4,1,1,1,0,0,0,1,0,0,27,38,34,3,3,9,11,0,1,0,0,4,,2,,0,0,0,0,0,0,0,0,0,0,,,1,27,43,27,16,0,0,0,0
PHI189809140,box,1898-09-14,0,PHI09,R,1,PHI,CHN,1,1,0,0,1,,35,10,14,16,2,0,0,,9,,2,,0,,0,1,0,1,,0,4,1,1,1,0,0,0,1,0,0,27,35,34,2,1,7,9,2,0,0,0,0,0,2,,1,0,0,0,0,0,0,0,0,0,,,1,27,38,27,9,2,0,0,1
PHI189809161,box,1898-09-16,1,PHI09,R,1,PHI,CHN,1,0,1,0,1,,17,1,4,4,0,0,0,,0,,1,,,,0,1,0,2,,0,4,1,1,1,0,0,0,0,0,0,15,18,17,2,1,5,5,0,0,0,0,1,,,,0,0,0,0,0,0,0,0,0,0,,,1,15,25,15,9,1,2,0,1
PHI189809162,box,1898-09-16,2,PHI09,R,1,PHI,CHN,1,0,1,0,1,,33,5,11,16,1,2,0,,5,,3,,,,1,1,0,0,,0,6,1,1,0,0,0,1,0,1,0,27,45,39,10,9,16,22,1,1,1,0,3,,,,0,3,0,0,0,0,0,0,0,0,,,1,27,47,27,15,5,1,0,0
PHI189809170,box,1898-09-17,0,PHI09,R,1,PHI,CIN,1,0,1,0,1,,43,9,13,18,3,1,0,,8,,5,,,,1,0,0,1,,0,13,1,1,0,0,0,1,0,1,0,27,43,40,10,9,16,21,5,0,0,0,3,,,,0,0,0,0,0,0,0,0,0,0,,,1,27,41,27,10,4,0,0,0
PHI189809191,box,1898-09-19,1,PHI09,R,1,PHI,CIN,1,1,0,0,1,,31,8,13,17,2,1,0,,7,,2,,,,1,2,0,1,,0,4,1,1,1,1,0,0,1,0,0,27,31,30,0,0,5,6,1,0,0,0,1,,,,0,0,0,0,0,0,0,0,0,0,,,1,27,38,27,10,1,1,0,0
PHI189809192,box,1898-09-19,2,PHI09,R,1,PHI,CIN,1,1,0,0,1,,32,9,7,8,1,0,0,,7,,10,,,,0,1,0,1,,0,10,1,1,1,0,0,0,1,0,0,27,32,31,1,0,6,6,0,0,0,0,1,,,,0,0,0,0,0,0,0,0,0,0,,,1,27,45,27,16,2,3,0,0
PHI189809200,box,1898-09-20,0,PHI09,R,1,PHI,CIN,1,0,1,0,1,,33,5,9,12,1,1,0,,5,,5,,5,,0,1,0,1,,0,7,1,1,0,0,0,1,0,1,0,27,42,34,7,5,11,12,1,0,0,0,4,,1,,2,2,0,0,0,0,0,0,0,0,,,1,27,48,27,18,3,0,0,0
PHI189809210,box,1898-09-21,0,PHI09,R,1,PHI,CL4,1,1,0,0,1,,41,11,13,17,1,0,1,,8,,1,,3,,0,0,0,1,,0,7,1,1,1,0,0,0,1,0,0,27,38,33,1,1,6,9,0,0,1,0,5,,1,,0,0,0,0,0,0,0,0,0,0,,,1,27,40,27,10,3,0,0,2
PHI189809220,box,1898-09-22,0,PHI09,R,1,PHI,CL4,1,1,0,0,1,,43,13,20,22,2,0,0,,8,,1,,1,,1,2,0,4,,0,10,1,1,1,0,0,0,1,0,0,27,39,37,3,3,11,13,2,0,0,0,2,,3,,0,0,0,0,0,0,0,0,0,0,,,1,27,39,27,12,0,1,0,0
PHI189809230,box,1898-09-23,0,PHI09,R,1,PHI,CL4,1,1,0,0,1,,35,5,12,13,1,0,0,,5,,0,0,1,,0,3,0,1,,0,9,1,1,1,0,0,0,1,0,0,27,34,32,1,1,8,8,0,0,0,0,1,,0,,0,1,0,0,0,0,0,0,0,0,,,1,27,45,27,18,0,2,0,0
NY1189809261,box,1898-09-26,1,NYC10,R,0,PHI,NY1,1,0,1,0,1,,36,4,8,9,1,0,0,,4,,4,,8,,0,2,0,5,,0,11,1,1,1,0,0,0,0,1,0,24,38,38,6,2,12,17,1,2,0,0,0,0,,,0,0,0,0,0,0,0,0,0,0,,,1,24,34,23,8,3,0,0,0
NY1189809262,box,1898-09-26,2,NYC10,R,0,PHI,NY1,1,0,1,0,1,,22,1,4,5,1,0,0,,1,,2,,,,1,0,0,0,,0,6,1,1,1,0,0,0,0,1,0,18,23,21,2,1,4,4,0,0,0,0,1,,,,0,1,0,0,0,0,0,0,0,0,,,1,18,31,18,10,3,0,0,0
NY1189809270,box,1898-09-27,0,NYC10,R,0,PHI,NY1,1,1,0,0,1,,43,11,16,24,2,0,2,,8,,1,,3,,0,1,0,3,,0,7,1,1,0,0,0,1,1,0,0,27,44,38,7,7,12,14,2,0,0,0,6,,3,,0,0,0,0,0,0,0,0,0,0,,,1,27,44,27,13,4,1,0,1
NY1189809280,box,1898-09-28,0,NYC10,R,0,PHI,NY1,1,1,0,0,1,,37,8,11,12,1,0,0,,5,,5,,1,,2,0,0,2,,0,12,1,1,1,0,0,0,1,0,0,24,37,33,7,7,15,16,1,0,0,0,3,,3,,0,1,0,0,0,0,0,0,0,0,,,1,24,39,24,13,2,3,0,2
BSN189809290,box,1898-09-29,0,BOS05,R,0,PHI,BSN,1,0,1,0,1,,35,10,14,25,5,0,2,,9,,4,,1,,0,3,0,2,,0,5,1,1,1,0,0,0,0,1,0,26,45,40,11,8,14,22,0,1,2,0,4,,2,,0,1,0,0,0,0,0,0,0,0,,,1,26,43,26,12,5,0,0,0
BSN189809300,box,1898-09-30,0,BOS05,R,0,PHI,BSN,1,0,1,0,1,,36,3,11,13,2,0,0,,2,,2,,5,,0,0,0,1,,0,8,1,1,1,0,0,0,0,1,0,24,43,40,7,6,16,17,1,0,0,0,2,,1,,0,1,0,0,0,0,0,0,0,0,,,1,24,34,24,8,2,0,0,0
BSN189810010,box,1898-10-01,0,BOS05,R,0,PHI,BSN,1,0,1,0,1,,34,2,6,6,0,0,0,,2,,2,,3,,0,1,0,0,,0,8,1,1,1,0,0,0,0,1,0,24,33,32,5,5,9,11,0,1,0,0,1,,2,,0,0,0,0,0,0,0,0,0,0,,,1,24,34,24,9,1,0,0,0
PHI189810030,box,1898-10-03,0,PHI09,R,1,PHI,NY1,1,0,1,0,1,,29,0,4,4,0,0,0,,0,,4,0,7,1,2,0,0,1,1,0,8,1,1,1,0,0,0,0,1,0,27,34,33,3,3,6,7,1,0,0,0,0,0,0,0,1,0,0,0,0,0,0,0,0,0,,,1,27,41,27,13,1,0,0,0
PHI189810040,box,1898-10-04,0,PHI09,R,1,PHI,NY1,1,1,0,0,1,,34,4,10,13,1,1,0,,3,,4,,4,,2,0,0,2,,0,10,1,1,1,0,0,0,1,0,0,27,38,36,3,2,10,11,1,0,0,0,2,,1,,0,0,0,0,0,0,0,0,0,0,,,1,27,42,27,12,3,1,0,0
PHI189810060,box,1898-10-06,0,PHI09,R,1,PHI,WSN,1,1,0,0,1,,32,5,6,8,0,1,0,,3,,3,,5,,0,0,0,3,,0,6,1,1,1,0,0,0,1,0,0,27,37,32,2,1,6,6,0,0,0,0,3,,,,2,0,0,0,0,0,0,0,0,0,,,1,27,34,27,6,1,0,0,0
PHI189810071,box,1898-10-07,1,PHI09,R,1,PHI,WSN,1,1,0,0,1,,31,5,11,11,0,0,0,,2,,3,,1,,0,0,0,2,,0,5,1,1,1,0,0,0,1,0,0,27,41,35,3,3,10,11,1,0,0,0,3,,4,,2,1,0,0,0,0,0,0,0,0,,,1,27,45,27,16,2,0,0,1
PHI189810072,box,1898-10-07,2,PHI09,R,1,PHI,WSN,1,1,0,0,1,,17,3,5,10,0,1,1,,2,,0,0,2,0,0,0,0,0,0,0,2,1,1,1,1,0,0,1,0,0,15,17,16,0,0,1,1,0,0,0,0,1,0,1,0,0,0,0,0,0,0,0,0,0,0,,,1,15,19,15,4,0,0,0,0
PHI189810080,box,1898-10-08,0,PHI09,R,1,PHI,WSN,1,1,0,0,1,,31,6,6,10,1,0,1,,6,,4,,2,,0,0,0,1,,0,5,1,1,1,1,0,0,1,0,0,27,33,31,0,0,7,7,0,0,0,0,2,,1,,0,0,0,0,0,0,0,0,0,0,,,1,27,40,27,11,2,2,0,0
BRO189810101,box,1898-10-10,1,NYC12,R,0,PHI,BRO,1,0,1,0,1,,28,3,7,10,1,1,0,,2,,6,,,,1,2,0,2,,0,7,1,1,1,0,0,0,0,1,0,24,40,38,7,5,13,18,3,1,0,0,1,,,,0,1,0,0,0,0,0,0,0,0,,,1,24,35,24,8,3,0,0,1
BRO189810102,box,1898-10-10,2,NYC12,R,0,PHI,BRO,1,1,0,0,1,,25,2,4,6,0,1,0,,1,,2,,5,,0,0,0,0,,0,7,1,1,1,1,0,0,1,0,0,18,22,20,0,0,4,4,0,0,0,0,1,,3,,0,1,0,0,0,0,0,0,0,0,,,1,18,27,18,8,1,2,0,0
BRO189810110,box,1898-10-11,0,NYC12,R,0,PHI,BRO,1,0,1,0,1,,27,2,5,8,1,1,0,,2,,2,,0,,0,0,0,0,,0,6,1,1,1,0,0,0,0,1,0,18,37,34,14,9,16,28,1,4,1,0,2,,1,,1,0,0,0,0,0,0,0,0,0,,,1,18,38,18,16,4,0,0,0
BRO189810120,box,1898-10-12,0,NYC12,R,0,PHI,BRO,1,1,0,0,1,,34,3,9,10,1,0,0,,2,,3,,,,0,2,0,1,,0,9,1,1,1,0,0,0,1,0,0,27,36,35,2,2,6,8,2,0,0,0,0,0,,,1,0,0,0,0,0,0,0,0,0,,,1,27,41,27,11,3,0,0,0
PHI189810131,box,1898-10-13,1,PHI09,R,1,PHI,BRO,1,1,0,0,1,,35,5,10,11,1,0,0,,5,,0,0,2,,0,0,0,3,,0,6,1,1,1,0,0,0,1,0,0,27,34,29,1,1,4,6,2,0,0,0,4,,3,,1,0,0,0,0,0,0,0,0,0,,,1,27,39,27,12,0,2,0,0
PHI189810132,box,1898-10-13,2,PHI09,R,1,PHI,BRO,1,1,0,0,1,,25,9,10,12,2,0,0,,8,,3,,0,,0,0,0,0,,0,4,1,1,1,0,0,0,1,0,0,15,26,24,6,3,6,9,1,1,0,0,0,0,,,2,0,0,0,0,0,0,0,0,0,,,1,15,27,15,9,3,0,0,0
PHI189810150,box,1898-10-15,0,PHI09,R,1,PHI,BRO,1,0,1,0,1,,31,8,8,10,2,0,0,,8,,10,,2,,0,2,0,3,,0,8,1,1,1,0,0,0,0,1,0,27,49,42,12,11,15,26,3,1,2,0,6,,0,,1,0,0,0,0,0,0,0,0,0,,,1,27,46,27,14,5,1,0,0
LS3189804150,box,1898-04-15,0,LOU03,R,0,PIT,LS3,1,0,1,0,1,,36,3,15,21,1,1,1,,3,,1,0,,1,0,1,0,0,1,0,8,1,1,1,0,0,0,0,1,0,27,42,37,10,8,13,15,0,1,0,0,3,0,,0,0,2,0,0,1,0,0,0,0,0,,,1,27,44,27,15,2,0,0,0
LS3189804160,box,1898-04-16,0,LOU03,R,0,PIT,LS3,1,1,0,0,1,,33,3,8,11,3,0,0,,2,,3,,4,,0,1,0,2,,0,7,1,1,1,0,0,0,1,0,0,27,34,34,1,0,6,6,0,0,0,0,0,0,,,0,0,0,0,0,0,0,0,0,0,,,1,27,43,27,13,3,0,0,0
LS3189804170,box,1898-04-17,0,LOU03,R,0,PIT,LS3,1,1,0,0,1,,32,5,7,9,0,1,0,,2,,2,,,,1,0,0,0,,0,3,1,1,1,0,0,0,1,0,0,27,40,38,4,3,12,17,3,1,0,0,1,,,,0,1,0,0,0,0,0,0,0,0,,,1,27,39,27,11,1,0,0,1
LS3189804180,box,1898-04-18,0,LOU03,R,0,PIT,LS3,1,1,0,0,1,,36,7,10,13,0,0,1,,6,,2,,1,,2,1,0,1,,0,7,1,1,1,0,0,0,1,0,0,27,35,30,2,1,6,9,1,1,0,0,4,,0,,1,0,0,0,0,0,0,0,0,0,,,1,27,42,27,14,1,1,0,0
CIN189804210,box,1898-04-21,0,CIN05,R,0,PIT,CIN,1,0,1,0,1,,28,6,6,9,1,1,0,,5,,6,,,,3,3,0,0,,0,7,1,1,1,0,0,0,0,1,0,27,42,40,11,9,15,25,4,3,0,0,2,,,,0,0,0,0,0,0,0,0,0,0,,,1,27,52,27,22,3,0,0,0
CIN189804220,box,1898-04-22,0,CIN05,R,0,PIT,CIN,1,0,1,0,1,,27,0,0,0,0,0,0,,0,,1,,2,,0,0,0,0,,0,1,1,1,1,0,0,0,0,1,0,27,44,34,11,4,10,10,0,0,0,0,9,,0,,0,1,0,0,0,0,0,0,0,0,,,1,27,48,27,16,5,1,0,0
SLN189804240,box,1898-04-24,0,STL05,R,0,PIT,SLN,1,0,1,0,1,,37,1,11,12,1,0,0,,1,,3,,,,0,0,0,0,,0,12,1,1,0,0,0,1,0,1,0,24,43,37,13,11,17,25,3,1,1,0,3,,,,2,1,0,0,1,0,0,0,0,0,,,1,24,36,24,11,1,0,0,0
SLN189804260,box,1898-04-26,0,STL05,R,0,PIT,SLN,1,1,0,0,1,,34,6,8,13,3,1,0,,4,,2,,,,0,1,0,0,,0,4,1,1,1,0,0,0,1,0,0,27,42,38,4,2,12,17,3,1,0,0,1,,,,2,1,0,0,0,0,0,0,0,0,,,1,27,40,27,9,4,0,0,0
SLN189804271,box,1898-04-27,1,STL05,R,0,PIT,SLN,1,1,0,0,1,,38,9,11,14,1,1,0,,6,,2,,0,,2,1,0,0,,0,7,1,1,1,0,0,0,1,0,0,27,42,37,3,3,11,11,0,0,0,0,5,,,,0,0,0,0,1,0,0,0,0,0,,,1,27,36,27,9,0,0,0,0
SLN189804272,box,1898-04-27,2,STL05,R,0,PIT,SLN,1,1,0,0,1,,40,11,14,18,0,2,0,,10,,1,,,,0,1,0,2,,0,4,1,1,1,0,0,0,1,0,0,27,38,36,2,2,8,10,0,1,0,0,2,,,,0,0,0,0,0,0,0,0,0,0,,,1,27,41,27,12,2,0,0,0
PIT189804290,box,1898-04-29,0,PIT05,R,1,PIT,CIN,1,0,1,0,1,,37,2,12,15,1,1,0,,2,,1,,2,,0,1,0,0,,0,10,1,1,1,0,0,0,0,1,0,24,36,30,5,4,7,8,1,0,0,0,4,,1,,0,2,0,0,0,0,0,0,0,0,,,1,24,43,24,14,5,1,0,0
PIT189804300,box,1898-04-30,0,PIT05,R,1,PIT,CIN,1,0,1,0,1,,31,2,7,8,1,0,0,,2,,3,,,,0,0,0,1,,0,5,1,1,0,0,0,1,0,1,0,24,43,41,11,5,15,23,3,1,1,0,1,,,,0,1,0,0,0,0,0,0,0,0,,,1,24,44,24,14,6,0,0,0
CIN189805010,box,1898-05-01,0,CIN05,R,0,PIT,CIN,1,1,0,0,1,,42,11,14,21,3,2,0,,9,,2,,,,0,3,0,0,,0,9,1,1,1,0,0,0,1,0,0,27,39,37,5,4,11,14,1,1,0,0,2,,,,0,0,0,0,0,0,0,0,0,0,,,1,27,38,27,9,2,0,0,0
PIT189805020,box,1898-05-02,0,PIT05,R,1,PIT,CIN,1,0,1,0,1,,37,3,9,12,1,1,0,,3,,3,,5,,0,0,0,2,,0,10,1,1,1,0,0,0,0,1,0,24,36,34,7,6,13,13,0,0,0,0,0,0,5,,0,2,0,0,0,0,0,0,0,0,,,1,24,37,24,10,3,1,0,0
PIT189805030,box,1898-05-03,0,PIT05,R,1,PIT,CIN,1,0,1,0,1,,31,2,6,6,0,0,0,,2,,3,,2,,0,1,0,1,,0,6,1,1,1,0,0,0,0,1,0,24,32,31,5,2,7,8,1,0,0,0,1,,5,,0,0,0,0,0,0,0,0,0,0,,,1,24,37,24,9,4,0,0,1
PIT189805040,box,1898-05-04,0,PIT05,R,1,PIT,CHN,1,0,1,0,1,,38,3,10,11,1,0,0,,2,,1,,3,,1,0,0,1,,0,10,1,1,1,0,0,0,0,1,0,24,34,30,7,4,10,11,1,0,0,0,3,,4,,0,1,0,0,0,0,0,0,0,0,,,1,24,43,24,15,4,0,0,0
PIT189805050,box,1898-05-05,0,PIT05,R,1,PIT,CHN,1,0,0,1,1,,27,4,9,13,0,2,0,,3,,1,,1,,0,0,0,0,,0,6,1,1,0,0,0,1,0,0,0,18,25,22,4,2,5,8,3,0,0,0,2,,7,,0,1,0,0,0,0,0,0,0,0,,,1,18,29,18,9,2,1,0,0
PIT189805090,box,1898-05-09,0,PIT05,R,1,PIT,LS3,1,1,0,0,1,,34,9,13,18,0,1,1,,7,,0,0,0,,4,1,0,2,,0,6,1,1,1,0,0,0,1,0,0,27,40,36,5,0,8,8,0,0,0,0,1,,1,,1,2,0,0,0,0,0,0,0,0,,,1,27,47,27,14,6,0,0,0
PIT189805100,box,1898-05-10,0,PIT05,R,1,PIT,LS3,1,1,0,0,1,,32,6,10,14,2,1,0,,6,,4,,2,,0,0,0,0,,0,6,1,1,1,0,0,0,1,0,0,27,35,33,2,1,6,6,0,0,0,0,2,,2,,0,0,0,0,0,0,0,0,0,0,,,1,27,44,27,15,2,0,0,0
PIT189805110,box,1898-05-11,0,PIT05,R,1,PIT,LS3,1,1,0,0,1,,32,4,10,12,2,0,0,,3,,3,,2,,1,0,0,2,,0,8,1,1,1,0,0,0,1,0,0,27,36,32,3,2,7,7,0,0,0,0,2,,3,,0,2,0,0,0,0,0,0,0,0,,,1,27,43,27,14,2,0,0,0
PIT189805120,box,1898-05-12,0,PIT05,R,1,PIT,LS3,1,0,1,0,1,,26,2,4,4,0,0,0,,2,,3,,0,,1,2,0,2,,0,3,1,1,1,0,0,0,0,1,0,27,37,31,3,1,5,7,0,1,0,0,3,,0,,1,2,0,0,0,0,0,0,0,0,,,1,27,41,27,13,1,0,0,0
PIT189805130,box,1898-05-13,0,PIT05,R,1,PIT,SLN,1,1,0,0,1,,28,3,7,12,2,0,1,,3,,2,,2,,0,2,0,1,,0,5,1,1,1,1,0,0,1,0,0,27,33,31,0,0,7,7,0,0,0,0,0,0,1,,0,2,0,0,0,0,0,0,0,0,,,1,27,46,27,17,2,1,0,0
PIT189805140,box,1898-05-14,0,PIT05,R,1,PIT,SLN,1,0,1,0,1,,31,4,7,7,0,0,0,,2,,2,,2,,1,3,0,1,,0,6,1,1,0,0,0,1,0,1,0,27,39,36,5,3,9,13,2,1,0,0,1,,1,,0,2,0,0,0,0,0,0,0,0,,,1,27,44,27,13,4,1,0,0
PIT189805170,box,1898-05-17,0,PIT05,R,1,PIT,SLN,1,1,0,0,1,,33,6,11,12,1,0,0,,4,,4,,0,,0,3,0,2,,0,10,1,1,1,1,0,0,1,0,0,27,35,32,0,0,7,7,0,0,0,0,1,,,,0,2,0,0,0,0,0,0,0,0,,,1,27,46,27,18,1,0,0,0
BLN189805180,box,1898-05-18,0,BAL07,R,0,PIT,BLN,1,0,1,0,1,,33,2,5,5,0,0,0,,1,,3,,,,1,0,0,1,,0,8,1,1,1,0,0,0,0,1,0,24,40,36,9,3,12,13,1,0,0,0,3,,,,0,1,0,0,0,0,0,0,0,0,,,1,24,43,24,15,4,0,0,0
BLN189805190,box,1898-05-19,0,BAL07,R,0,PIT,BLN,1,0,1,0,1,,32,0,4,5,1,0,0,,0,,0,0,1,,2,0,0,0,,0,7,1,1,1,0,0,0,0,1,0,24,39,33,6,6,13,13,0,0,0,0,3,,0,,1,2,0,0,0,0,0,0,0,0,,,1,24,38,24,14,0,1,0,0
BLN189805200,box,1898-05-20,0,BAL07,R,0,PIT,BLN,1,1,0,0,1,,32,3,3,3,0,0,0,,3,,5,,3,,0,0,0,0,,0,7,1,1,1,0,0,0,1,0,0,27,34,29,1,1,3,3,0,0,0,0,3,,1,,2,0,0,0,1,0,0,0,0,0,,,1,27,40,27,12,1,1,0,0
CIN189805220,box,1898-05-22,0,CIN05,R,0,PIT,CIN,1,0,1,0,1,,29,0,5,5,0,0,0,,0,,0,0,,,1,1,0,0,,0,4,1,1,1,0,0,0,0,1,0,24,30,29,2,0,6,7,1,0,0,0,0,0,,,0,1,0,0,0,0,0,0,0,0,,,1,24,40,24,13,3,0,0,0
PIT189805230,box,1898-05-23,0,PIT05,R,1,PIT,PHI,1,1,0,0,1,,29,3,7,10,1,1,0,,3,,1,,1,,2,1,0,1,,0,6,1,1,1,0,0,0,1,0,0,27,36,34,1,1,5,5,0,0,0,0,1,,2,,1,0,0,0,0,0,0,0,0,0,,,1,27,40,27,11,2,0,0,0
PIT189805240,box,1898-05-24,0,PIT05,R,1,PIT,PHI,1,1,0,0,1,,30,4,6,9,3,0,0,,4,,2,,2,,0,1,0,0,,0,5,1,1,1,0,0,0,1,0,0,27,41,35,3,3,8,9,1,0,0,0,4,,3,,1,1,0,0,0,0,0,0,0,0,,,1,27,40,27,11,2,1,0,1
PIT189805250,box,1898-05-25,0,PIT05,R,1,PIT,PHI,1,1,0,0,1,,38,8,14,16,2,0,0,,7,,3,,2,,0,1,0,0,,0,10,1,1,1,0,0,0,1,0,0,27,35,33,3,1,6,9,1,1,0,0,2,,5,,0,0,0,0,0,0,0,0,0,0,,,1,27,41,27,13,1,1,0,0
PIT189805260,box,1898-05-26,0,PIT05,R,1,PIT,WSN,1,0,1,0,1,,40,7,12,19,1,3,0,,5,,1,,1,,1,0,0,1,,0,8,1,1,0,0,0,1,0,1,0,27,41,38,11,8,14,20,2,2,0,0,2,,2,,0,1,0,0,0,0,0,0,0,0,,,1,27,48,27,18,3,2,0,0
PIT189805270,box,1898-05-27,0,PIT05,R,1,PIT,WSN,1,1,0,0,1,,33,8,10,14,2,1,0,,4,,3,,2,,0,3,0,2,,0,7,1,1,1,0,0,0,1,0,0,27,38,38,3,1,7,12,0,1,1,0,0,0,2,,0,0,0,0,0,0,0,0,0,0,,,1,27,44,27,10,7,0,0,0
PIT189805280,box,1898-05-28,0,PIT05,R,1,PIT,WSN,1,1,0,0,1,,34,9,16,18,0,1,0,,8,,4,,2,,0,3,0,2,,0,8,1,1,1,0,0,0,1,0,0,27,42,39,7,6,13,16,1,1,0,0,3,,2,,0,0,0,0,0,0,0,0,0,0,,,1,27,42,27,12,3,0,0,0
PIT189805301,box,1898-05-30,1,PIT05,R,1,PIT,BLN,1,0,1,0,1,,29,1,3,3,0,0,0,,1,,0,0,3,,2,0,0,0,,0,3,1,1,1,0,0,0,0,1,0,26,34,31,2,0,5,5,0,0,0,0,2,,1,,1,0,0,0,0,0,0,0,0,0,,,1,26,44,26,15,3,3,0,0
PIT189805302,box,1898-05-30,2,PIT05,R,1,PIT,BLN,1,0,1,0,1,,32,3,6,6,0,0,0,,3,,0,0,2,,0,2,0,0,,0,4,1,1,1,0,0,0,0,1,0,27,44,40,9,4,13,15,0,1,0,0,1,,3,,2,1,0,0,0,0,0,0,0,0,,,1,27,42,27,11,4,0,0,1
PIT189805310,box,1898-05-31,0,PIT05,R,1,PIT,BLN,1,1,0,0,1,,40,9,16,23,1,3,0,,7,,2,,1,,0,3,0,2,,0,11,1,1,1,0,0,0,1,0,0,27,46,43,8,6,16,20,2,1,0,0,3,,1,,0,0,0,0,0,0,0,0,0,0,,,1,27,51,27,20,4,0,0,0
PIT189806010,box,1898-06-01,0,PIT05,R,1,PIT,BLN,1,0,1,0,1,,30,1,4,4,0,0,0,,0,,1,,1,,0,0,0,2,,0,3,1,1,1,0,0,0,0,1,0,27,35,31,4,2,6,6,0,0,0,0,2,,0,,1,1,0,0,0,0,0,0,0,0,,,1,27,52,27,21,4,0,0,0
PHI189806020,box,1898-06-02,0,PHI09,R,0,PIT,PHI,1,0,1,0,1,,36,2,5,7,2,0,0,,2,,2,,7,,1,2,0,0,,0,6,1,1,1,0,0,0,0,1,0,31,40,32,3,2,5,10,3,1,0,0,3,,2,,4,1,0,0,0,0,0,0,0,0,,,1,31,46,31,13,2,1,0,0
PHI189806030,box,1898-06-03,0,PHI09,R,0,PIT,PHI,1,1,0,0,1,,38,8,12,13,1,0,0,,7,,4,,2,,0,1,0,4,,0,8,1,1,1,0,0,0,1,0,0,27,33,28,4,3,5,8,3,0,0,0,2,,1,,3,0,0,0,0,0,0,0,0,0,,,1,27,41,27,13,1,2,0,0
PHI189806040,box,1898-06-04,0,PHI09,R,0,PIT,PHI,1,1,0,0,1,,33,4,6,7,1,0,0,,3,,3,,1,,0,2,0,1,,0,7,1,1,1,0,0,0,1,0,0,27,44,35,3,3,9,9,0,0,0,0,3,,1,,3,3,0,0,0,0,0,0,0,0,,,1,27,44,27,13,4,0,0,0
PHI189806060,box,1898-06-06,0,PHI09,R,0,PIT,PHI,1,0,1,0,1,,34,5,8,11,1,1,0,,5,,2,,3,,0,0,0,2,,0,4,1,1,0,0,0,1,0,1,0,24,34,34,7,4,10,18,0,1,2,0,0,0,5,,0,0,0,0,0,0,0,0,0,0,,,1,24,38,24,10,4,0,0,0
WSN189806070,box,1898-06-07,0,WAS06,R,0,PIT,WSN,1,1,0,0,1,,35,3,8,13,0,1,1,,3,,0,0,1,1,0,0,0,1,0,0,5,1,1,1,0,0,0,1,0,0,27,34,33,2,1,5,8,1,1,0,0,1,0,4,0,0,0,0,0,0,0,0,0,0,0,,,1,27,38,26,11,1,0,0,0
WSN189806080,box,1898-06-08,0,WAS06,R,0,PIT,WSN,1,0,1,0,1,,32,3,5,6,1,0,0,,3,,3,0,3,0,0,0,0,0,0,0,5,1,1,1,0,0,0,0,1,0,24,39,37,10,7,14,17,1,1,0,0,1,0,1,0,1,0,0,0,0,0,0,0,0,0,,,1,24,36,24,10,2,0,0,0
WSN189806090,box,1898-06-09,0,WAS06,R,0,PIT,WSN,1,0,1,0,1,,33,1,6,6,0,0,0,,1,,0,0,3,0,0,0,0,0,0,0,5,1,1,1,0,0,0,0,1,0,24,39,38,9,9,16,22,3,0,1,0,0,0,1,1,0,1,0,0,0,0,0,0,0,0,,,1,24,38,24,14,0,1,0,0
WSN189806100,box,1898-06-10,0,WAS06,R,0,PIT,WSN,1,1,0,0,1,,37,6,12,13,1,0,0,,5,,3,,,,1,2,0,1,,0,10,1,1,1,0,0,0,1,0,0,27,38,37,5,3,12,20,2,3,0,0,1,,,,0,0,0,0,0,0,0,0,0,0,,,1,27,42,27,11,4,1,0,1
PIT189806110,box,1898-06-11,0,PIT05,R,1,PIT,CL4,1,0,1,0,1,,31,2,10,12,0,1,0,,2,,0,0,1,,0,2,0,1,,0,4,1,1,1,0,0,0,0,1,0,27,40,35,4,2,9,9,0,0,0,0,3,,1,,0,2,0,0,0,0,0,0,0,0,,,1,27,46,27,16,3,1,0,0
CL4189806120,box,1898-06-12,0,CLL01,R,0,PIT,CL4,1,1,0,0,1,,18,3,4,5,1,0,0,,1,,5,,1,,0,0,0,0,,0,5,1,1,1,0,0,0,1,0,0,15,22,17,1,1,4,5,1,0,0,0,3,,1,,0,2,0,0,0,0,0,0,0,0,,,1,15,24,15,9,0,0,0,0
CL4189806140,box,1898-06-14,0,CLE05,R,0,PIT,CL4,1,1,0,0,1,,32,3,7,9,2,0,0,,3,,1,,1,,1,0,0,0,,0,4,1,1,1,0,0,0,1,0,0,27,37,32,1,1,6,6,0,0,0,0,4,,1,,0,1,0,0,0,0,0,0,0,0,,,1,27,44,27,16,1,0,0,0
CL4189806150,box,1898-06-15,0,CLE05,R,0,PIT,CL4,1,1,0,0,1,,36,4,10,12,2,0,0,,4,,0,0,5,,0,2,0,2,,0,7,1,1,1,0,0,0,1,0,0,27,38,37,3,3,11,14,3,0,0,0,1,,3,,0,0,0,0,0,0,0,0,0,0,,,1,27,34,27,7,0,0,0,0
PIT189806180,box,1898-06-18,0,PIT05,R,1,PIT,CL4,1,1,0,0,1,,40,10,17,19,2,0,0,,9,,1,,1,,0,1,0,1,,0,8,1,1,1,0,0,0,1,0,0,27,37,37,4,4,9,12,1,1,0,0,0,0,2,,0,0,0,0,0,0,0,0,0,0,,,1,27,41,27,11,3,0,0,0
CL4189806190,box,1898-06-19,0,CLL01,R,0,PIT,CL4,1,0,1,0,1,,31,3,11,13,2,0,0,,3,,1,,0,,0,3,0,0,,0,8,1,1,1,0,0,0,0,1,0,23,35,23,4,1,4,5,1,0,0,0,9,,1,,1,2,0,0,0,0,0,0,0,0,,,1,23,39,23,14,2,2,0,0
PIT189806200,box,1898-06-20,0,PIT05,R,1,PIT,NY1,1,1,0,0,1,,32,9,8,9,1,0,0,,4,,7,0,7,0,0,0,0,1,1,0,6,1,1,1,0,0,0,1,0,0,27,36,32,2,2,6,7,1,0,0,0,4,0,3,0,0,0,0,0,0,0,0,0,0,0,,,1,27,46,27,17,2,1,0,0
PIT189806210,box,1898-06-21,0,PIT05,R,1,PIT,NY1,1,0,1,0,1,,36,3,10,12,0,1,0,,2,,2,0,2,1,0,0,0,1,0,0,8,1,1,1,0,0,0,0,1,0,27,45,43,10,8,15,20,1,2,0,0,1,0,3,1,1,0,0,0,0,0,0,0,0,0,,,1,27,43,27,10,6,1,0,0
PIT189806220,box,1898-06-22,0,PIT05,R,1,PIT,NY1,1,1,0,0,1,,34,10,11,14,1,1,0,,9,,6,0,,0,0,0,0,2,0,0,6,1,1,1,0,0,0,1,0,0,27,40,37,5,5,10,14,2,1,0,0,1,0,,1,1,1,0,0,0,0,0,0,0,0,,,1,27,45,27,15,3,1,0,0
PIT189806230,box,1898-06-23,0,PIT05,R,1,PIT,NY1,1,1,0,0,1,,39,8,11,13,0,1,0,,7,,2,1,3,0,2,1,0,2,1,0,8,1,1,1,0,0,0,1,0,0,30,46,42,7,3,10,15,3,1,0,0,2,0,2,0,0,2,0,0,0,0,0,0,0,0,,,1,30,49,30,14,5,0,0,0
PIT189806240,box,1898-06-24,0,PIT05,R,1,PIT,BSN,1,1,0,0,1,,46,3,14,19,1,2,0,,2,,3,,3,,0,0,0,0,,0,11,1,1,1,0,0,0,1,0,0,36,47,43,2,1,10,10,0,0,0,0,3,,1,,1,0,0,0,0,0,0,0,0,0,,,1,36,54,36,17,1,1,0,0
PIT189806250,box,1898-06-25,0,PIT05,R,1,PIT,BSN,1,0,1,0,1,,33,0,6,7,1,0,0,,0,,1,,3,,1,0,0,2,,0,8,1,1,1,0,0,0,0,1,0,27,40,32,2,1,8,8,0,0,0,0,3,,3,,1,4,0,0,0,0,0,0,0,0,,,1,27,42,27,12,3,0,0,0
PIT189806270,box,1898-06-27,0,PIT05,R,1,PIT,BSN,1,1,0,0,1,,29,2,7,8,1,0,0,,2,,4,,3,,0,2,0,0,,0,9,1,1,1,1,0,0,1,0,0,27,36,35,0,0,8,8,0,0,0,0,1,,3,,0,0,0,0,0,0,0,0,0,0,,,1,27,37,27,8,2,0,0,0
PIT189806280,box,1898-06-28,0,PIT05,R,1,PIT,BSN,1,0,1,0,1,,34,5,8,10,0,1,0,,4,,4,,4,,2,0,0,2,,0,8,1,1,0,0,0,1,0,1,0,27,42,39,6,4,14,16,0,1,0,0,0,0,6,,0,3,0,0,0,0,0,0,0,0,,,1,27,43,27,12,4,1,0,0
PIT189806290,box,1898-06-29,0,PIT05,R,1,PIT,BRO,1,1,0,0,1,,37,4,6,7,1,0,0,,3,,3,0,2,1,1,1,0,2,1,0,7,1,1,1,0,0,0,1,0,0,33,43,41,3,3,9,10,1,0,0,0,1,0,2,0,0,1,0,0,0,0,0,0,0,0,,,1,33,48,33,15,0,1,0,0
PIT189806300,box,1898-06-30,0,PIT05,R,1,PIT,BRO,1,0,1,0,1,,34,5,9,14,0,1,1,,5,,2,0,,2,1,2,0,1,0,0,7,1,1,0,0,0,1,0,1,0,27,39,36,8,7,12,15,3,0,0,0,3,0,,1,0,0,0,0,0,0,0,0,0,0,,,1,27,42,27,13,2,2,0,0
PIT189807010,box,1898-07-01,0,PIT05,R,1,PIT,BRO,1,0,1,0,1,,37,7,11,15,0,2,0,,7,,2,0,5,1,0,3,0,0,0,0,5,1,1,0,0,0,1,0,1,0,30,43,39,8,7,12,13,1,0,0,0,2,0,3,0,0,2,0,0,2,0,0,0,0,0,,,1,30,53,30,18,5,1,0,0
PIT189807020,box,1898-07-02,0,PIT05,R,1,PIT,BRO,1,0,1,0,1,,33,2,10,10,0,0,0,,2,,4,,0,,0,2,0,4,,0,10,1,1,1,0,0,0,0,1,0,27,39,36,3,3,10,13,1,1,0,0,2,,1,,1,0,0,0,0,0,0,0,0,0,,,1,27,39,27,10,2,1,0,0
PIT189807041,box,1898-07-04,1,PIT05,R,1,PIT,SLN,1,1,0,0,1,,39,9,15,24,1,4,0,,9,,1,,2,,1,0,0,3,,0,8,1,1,1,0,0,0,1,0,0,27,35,31,1,1,4,4,0,0,0,0,3,,5,,0,1,0,0,0,0,0,0,0,0,,,1,27,44,27,13,4,1,0,0
PIT189807042,box,1898-07-04,2,PIT05,R,1,PIT,SLN,1,0,1,0,1,,36,7,9,10,1,0,0,,6,,6,,3,,5,0,0,0,,0,13,1,1,0,0,0,1,0,1,0,27,44,39,12,11,16,20,2,1,0,0,3,,6,,1,1,0,0,0,0,0,0,0,0,,,1,27,43,27,12,4,1,0,0
PIT189807050,box,1898-07-05,0,PIT05,R,1,PIT,SLN,1,1,0,0,1,,34,8,12,12,0,0,0,,7,,3,,1,,2,1,0,4,,0,8,1,1,1,0,0,0,1,0,0,27,38,33,2,1,8,8,0,0,0,0,4,,0,,1,0,0,0,0,0,0,0,0,0,,,1,27,43,27,13,3,3,0,0
PIT189807060,box,1898-07-06,0,PIT05,R,1,PIT,SLN,1,1,0,0,1,,29,3,11,11,0,0,0,,2,,2,,3,,0,1,0,1,,0,5,1,1,1,0,0,0,1,0,0,27,30,29,1,0,4,4,0,0,0,0,1,,1,,0,0,0,0,0,0,0,0,0,0,,,1,27,40,27,12,1,0,0,0
PIT189807070,box,1898-07-07,0,PIT05,R,1,PIT,LS3,1,1,0,0,1,,35,6,9,12,1,1,0,,6,,3,,,,0,1,0,1,,0,9,1,1,1,0,0,0,1,0,0,27,37,34,3,3,9,12,1,1,0,0,2,,,,0,1,0,0,1,0,0,0,0,0,,,1,27,42,27,13,2,0,0,1
PIT189807080,box,1898-07-08,0,PIT05,R,1,PIT,LS3,1,1,0,0,1,,36,14,13,23,3,2,1,,13,,4,,2,,2,1,0,3,,0,5,1,1,1,0,0,0,1,0,0,27,40,39,3,1,9,11,2,0,0,0,0,0,1,,0,1,0,0,0,0,0,0,0,0,,,1,27,40,27,8,5,0,0,0
PIT189807090,box,1898-07-09,0,PIT05,R,1,PIT,LS3,1,0,1,0,1,,39,3,11,11,0,0,0,,2,,0,0,3,,0,0,0,1,,0,9,1,1,1,0,0,0,0,1,0,27,44,40,11,5,12,18,0,3,0,0,3,,,,0,1,0,0,0,0,0,0,0,0,,,1,27,43,27,13,3,0,0,0
BRO189807110,box,1898-07-11,0,NYC12,R,0,PIT,BRO,1,1,0,0,1,,38,3,12,12,0,0,0,,3,,2,0,3,0,0,1,0,0,1,0,11,1,1,1,0,0,0,1,0,0,27,40,36,2,2,10,11,1,0,0,0,2,0,2,0,0,2,0,0,1,0,0,0,0,0,,,1,27,40,27,12,1,0,0,0
BRO189807120,box,1898-07-12,0,NYC12,R,0,PIT,BRO,1,0,1,0,1,,32,1,5,5,0,0,0,,1,,1,0,0,0,1,0,0,0,1,0,6,1,1,1,0,0,0,0,1,0,24,34,30,4,3,7,8,1,0,0,0,4,0,,1,0,0,0,0,0,0,0,0,0,0,,,1,24,41,24,14,3,2,0,0
BRO189807140,box,1898-07-14,0,NYC12,R,0,PIT,BRO,1,0,1,0,1,,31,1,3,3,0,0,0,,1,,1,0,,1,0,0,0,0,0,0,4,1,1,1,0,0,0,0,1,0,24,31,29,4,1,8,9,1,0,0,0,1,0,,2,0,1,0,0,0,0,0,0,0,0,,,1,24,37,24,12,1,2,0,0
BSN189807150,box,1898-07-15,0,BOS05,R,0,PIT,BSN,1,1,0,0,1,,34,6,9,10,1,0,0,,3,,2,,,,0,3,0,2,,0,6,1,1,1,1,0,0,1,0,0,27,36,34,0,0,7,8,1,0,0,0,2,,0,,0,0,0,0,0,0,0,0,0,0,,,1,27,42,27,14,1,0,0,0
BSN189807160,box,1898-07-16,0,BOS05,R,0,PIT,BSN,1,0,1,0,1,,36,5,8,10,2,0,0,,2,,1,,5,,1,0,0,2,,0,6,1,1,0,0,0,1,0,1,0,24,41,33,8,8,11,20,1,1,2,0,6,,1,,1,1,0,0,0,0,0,0,0,0,,,1,24,35,24,11,0,0,0,0
BSN189807180,box,1898-07-18,0,BOS05,R,0,PIT,BSN,1,0,1,0,1,,33,2,7,7,0,0,0,,2,,3,,,,1,0,0,0,,0,8,1,1,1,0,0,0,0,1,0,24,36,34,6,6,12,15,1,1,0,0,1,,,,0,1,0,0,0,0,0,0,0,0,,,1,24,35,24,10,1,0,0,0
BSN189807190,box,1898-07-19,0,BOS05,R,0,PIT,BSN,1,1,0,0,1,,34,6,9,15,0,0,2,,5,,2,,1,,0,2,0,0,,0,5,1,1,1,0,0,0,1,0,0,27,37,36,3,2,10,12,2,0,0,0,0,0,2,,0,1,0,0,0,0,0,0,0,0,,,1,27,40,27,11,2,1,0,0
NY1189807200,box,1898-07-20,0,NYC10,R,0,PIT,NY1,1,1,0,0,1,,34,7,10,11,1,0,0,,5,,4,0,1,0,1,3,0,1,0,0,8,1,1,1,0,0,0,1,0,0,27,38,37,5,5,10,12,0,1,0,0,1,0,,0,0,0,0,0,0,0,0,0,0,0,,,1,27,42,27,14,1,0,0,0
NY1189807211,box,1898-07-21,1,NYC10,R,0,PIT,NY1,1,1,0,0,1,,28,2,3,3,0,0,0,,2,,5,,,,2,0,0,1,,0,6,1,1,1,0,0,0,1,0,0,27,35,31,1,1,4,4,0,0,0,0,2,,,,2,0,0,0,0,0,0,0,0,0,,,1,27,43,27,14,2,0,0,0
NY1189807212,box,1898-07-21,2,NYC10,R,0,PIT,NY1,1,0,1,0,1,,39,7,18,22,2,1,0,,7,,3,0,0,2,0,1,0,0,1,0,9,1,1,0,0,0,1,0,1,0,24,43,37,11,5,11,11,0,0,0,0,5,0,2,0,1,0,0,0,1,0,0,0,0,0,,,1,24,41,24,13,4,0,0,1
NY1189807220,box,1898-07-22,0,NYC10,R,0,PIT,NY1,1,0,1,0,1,,47,0,7,7,0,0,0,,0,,3,0,5,0,0,0,0,0,1,0,11,1,1,1,0,0,0,0,1,0,37,42,40,1,1,5,6,1,0,0,0,2,0,2,0,0,0,0,0,0,0,0,0,0,0,,,1,37,52,37,15,0,1,0,0
PIT189807230,box,1898-07-23,0,PIT05,R,1,PIT,CIN,1,0,1,0,1,,28,2,6,10,4,0,0,,2,,2,,2,,2,3,0,1,,0,6,1,1,1,0,0,0,0,1,0,27,39,35,3,2,9,12,3,0,0,0,2,,2,,0,2,0,0,0,0,0,0,0,0,,,1,27,46,27,15,4,1,0,0
CIN189807240,box,1898-07-24,0,CIN05,R,0,PIT,CIN,1,0,1,0,1,,35,5,7,7,0,0,0,,2,,5,,,,0,0,0,0,,0,8,1,1,1,0,0,0,0,1,0,24,36,30,6,6,7,9,2,0,0,0,5,,,,0,1,0,0,0,0,0,0,0,0,,,1,24,33,24,8,1,0,0,0
PIT189807261,box,1898-07-26,1,PIT05,R,1,PIT,CIN,1,0,1,0,1,,35,3,6,7,1,0,0,,3,,0,0,1,,0,1,0,0,,0,6,1,1,1,0,0,0,0,1,0,27,41,33,6,6,12,16,0,2,0,0,4,,1,,1,3,0,0,0,0,0,0,0,0,,,1,27,43,27,15,1,1,0,0
PIT189807262,box,1898-07-26,2,PIT05,R,1,PIT,CIN,1,1,0,0,1,,29,3,8,14,1,1,1,,3,,2,,2,,0,1,0,0,,0,5,1,1,1,0,0,0,1,0,0,27,38,31,2,2,10,12,0,1,0,0,5,,3,,0,2,0,0,0,0,0,0,0,0,,,1,27,46,27,16,3,0,0,0
PIT189807270,box,1898-07-27,0,PIT05,R,1,PIT,CL4,1,0,1,0,1,,31,1,6,6,0,0,0,,1,,0,0,3,,0,1,0,1,,0,4,1,1,1,0,0,0,0,1,0,27,45,38,6,4,16,18,0,1,0,0,3,,2,,0,4,0,0,0,0,0,0,0,0,,,1,27,54,27,22,5,2,0,1
PIT189807280,box,1898-07-28,0,PIT05,R,1,PIT,PHI,1,0,1,0,1,,35,0,8,10,0,1,0,,0,,2,,6,,0,0,0,3,,0,10,1,1,1,0,0,0,0,1,0,27,40,38,7,7,14,20,2,2,0,0,1,,2,,0,1,0,0,0,0,0,0,0,0,,,1,27,47,27,18,2,1,0,0
PIT189807290,box,1898-07-29,0,PIT05,R,1,PIT,PHI,1,1,0,0,1,,28,3,7,8,1,0,0,,3,,2,,4,,0,0,0,2,,0,3,1,1,1,0,0,0,1,0,0,27,33,31,1,1,6,7,1,0,0,0,2,,3,,0,0,0,0,0,0,0,0,0,0,,,1,27,40,27,12,1,2,0,0
PIT189807300,box,1898-07-30,0,PIT05,R,1,PIT,PHI,1,0,1,0,1,,38,3,12,16,0,2,0,,3,,0,0,0,,0,1,0,0,,0,9,1,1,1,0,0,0,0,1,0,27,43,41,8,7,12,18,3,0,1,0,1,,1,,0,1,0,0,0,0,0,0,0,0,,,1,27,38,27,8,3,0,0,1
PIT189808020,box,1898-08-02,0,PIT05,R,1,PIT,WSN,1,1,0,0,1,,31,2,6,6,0,0,0,,2,,3,,3,,1,0,0,1,,0,9,1,1,1,1,0,0,1,0,0,27,32,31,0,0,7,7,0,0,0,0,1,,3,,0,0,0,0,0,0,0,0,0,0,,,1,27,35,27,8,0,2,0,0
PIT189808030,box,1898-08-03,0,PIT05,R,1,PIT,WSN,1,1,0,0,1,,31,4,8,11,1,1,0,,4,,2,,2,,0,0,0,0,,0,5,1,1,1,0,0,0,1,0,0,27,34,27,1,1,5,5,0,0,0,0,4,,4,,0,3,0,0,0,0,0,0,0,0,,,1,27,39,27,10,2,0,0,0
PIT189808050,box,1898-08-05,0,PIT05,R,1,PIT,PHI,1,1,0,0,1,,32,3,9,13,4,0,0,,3,,2,,4,,0,0,0,2,,0,7,1,1,1,1,0,0,1,0,0,27,35,32,0,0,7,8,1,0,0,0,3,,0,,0,0,0,0,0,0,0,0,0,0,,,1,27,42,27,14,1,2,0,0
PIT189808060,box,1898-08-06,0,PIT05,R,1,PIT,BLN,1,1,0,0,1,,28,2,7,10,1,1,0,,2,,3,,0,,1,2,0,1,,0,8,1,1,1,0,0,0,1,0,0,27,37,34,1,0,5,5,0,0,0,0,3,,2,,0,0,0,0,0,0,0,0,0,0,,,1,27,42,27,13,2,0,0,0
CHN189808070,box,1898-08-07,0,CHI08,R,0,PIT,CHN,1,1,0,0,1,,37,4,10,13,1,1,0,,4,,3,,4,,0,1,0,1,,0,10,1,1,1,0,0,0,1,0,0,27,36,33,2,1,6,7,1,0,0,0,2,,0,,1,0,0,0,0,0,0,0,0,0,,,1,27,38,27,10,1,0,0,0
BLN189808131,box,1898-08-13,1,BAL07,R,0,PIT,BLN,1,0,1,0,1,,26,2,5,6,1,0,0,,2,,5,,3,,1,2,0,0,,0,5,1,1,1,0,0,0,0,1,0,24,32,27,3,3,7,9,2,0,0,0,4,,1,,0,1,0,0,0,0,0,0,0,0,,,1,24,37,24,12,1,1,0,0
BLN189808132,box,1898-08-13,2,BAL07,R,0,PIT,BLN,1,0,1,0,1,,35,3,9,9,0,0,0,,3,,3,,2,,0,1,0,0,,0,9,1,1,1,0,0,0,0,1,0,24,37,34,6,5,8,9,1,0,0,0,3,,2,,0,0,0,0,1,0,0,0,0,0,,,1,24,44,24,16,4,0,0,0
BLN189808151,box,1898-08-15,1,BAL07,R,0,PIT,BLN,1,0,1,0,1,,33,3,7,9,2,0,0,,2,,2,,3,,0,0,0,0,,0,5,1,1,1,0,0,0,0,1,0,24,40,31,9,9,13,17,2,1,0,0,6,,4,,2,1,0,0,0,0,0,0,0,0,,,1,24,36,23,11,2,1,0,0
BLN189808152,box,1898-08-15,2,BAL07,R,0,PIT,BLN,1,0,1,0,1,,31,1,5,9,1,0,1,,1,,1,,1,,0,0,0,0,,0,4,1,1,1,0,0,0,0,1,0,24,36,34,6,4,10,10,0,0,0,0,1,,1,,1,0,0,0,0,0,0,0,0,0,,,1,24,39,24,11,4,0,0,0
PHI189808160,box,1898-08-16,0,PHI09,R,0,PIT,PHI,1,1,0,0,1,,36,6,11,13,2,0,0,,3,,0,0,4,,0,4,0,0,,0,4,1,1,1,0,0,0,1,0,0,30,40,36,5,3,12,14,2,0,0,0,2,,3,,0,2,0,0,0,0,0,0,0,0,,,1,30,48,30,17,1,0,0,0
PHI189808170,box,1898-08-17,0,PHI09,R,0,PIT,PHI,1,0,1,0,1,,32,1,7,9,2,0,0,,1,,0,0,0,,1,0,0,0,,0,5,1,1,0,0,0,1,0,1,0,24,42,37,13,13,19,27,4,2,0,0,2,,2,,0,3,0,0,0,0,0,0,0,0,,,1,24,38,24,12,2,1,0,0
PHI189808180,box,1898-08-18,0,PHI09,R,0,PIT,PHI,1,0,1,0,1,,37,4,12,16,2,1,0,,4,,1,,0,,0,2,0,0,,0,9,1,1,1,0,0,0,0,1,0,24,38,30,8,4,9,15,1,1,1,0,4,,0,,0,4,0,0,0,0,0,0,0,0,,,1,24,44,24,17,3,1,0,0
WSN189808190,box,1898-08-19,0,WAS06,R,0,PIT,WSN,1,1,0,0,1,,33,7,9,13,2,1,0,,7,,0,0,4,0,0,0,0,0,2,0,2,1,1,1,0,0,0,1,0,0,27,37,34,3,2,9,11,2,0,0,0,1,0,4,0,0,2,0,0,1,0,0,0,0,0,,,1,27,40,27,13,0,0,0,1
WSN189808201,box,1898-08-20,1,WAS06,R,0,PIT,WSN,1,0,1,0,1,,29,1,7,7,0,0,0,,1,,0,0,1,1,1,3,0,1,0,0,5,1,1,1,0,0,0,0,1,0,24,33,31,4,4,8,10,2,0,0,0,1,0,2,0,0,1,0,0,0,0,0,0,0,0,,,1,24,36,24,11,1,0,0,0
WSN189808202,box,1898-08-20,2,WAS06,R,0,PIT,WSN,1,0,1,0,1,,32,4,7,8,1,0,0,,3,,5,0,2,1,0,0,0,0,1,0,6,1,1,1,0,0,0,0,1,0,24,36,34,6,5,16,19,1,1,0,0,2,0,0,1,0,0,0,0,0,0,0,0,0,0,,,1,24,42,24,17,1,2,0,0
WSN189808221,box,1898-08-22,1,WAS06,R,0,PIT,WSN,1,1,0,0,1,,41,6,13,17,2,1,0,,5,,1,0,3,0,0,0,0,0,0,0,6,1,1,1,0,0,0,1,0,0,30,40,39,4,1,10,17,2,1,1,0,1,0,2,0,0,0,0,0,0,0,0,0,0,0,,,1,30,49,30,15,4,1,0,0
WSN189808222,box,1898-08-22,2,WAS06,R,0,PIT,WSN,1,1,0,0,1,,25,3,9,11,0,1,0,,3,,3,0,0,0,0,1,0,0,0,0,9,1,1,1,0,0,0,1,0,0,18,22,22,2,1,2,3,1,0,0,0,0,0,1,0,0,0,0,0,0,0,0,0,0,0,,,1,18,29,18,9,2,0,0,1
PIT189808230,box,1898-08-23,0,PIT05,R,1,PIT,CL4,1,0,1,0,1,,33,3,8,8,0,0,0,,3,,0,0,2,,0,0,0,0,,0,3,1,1,1,0,0,0,0,1,0,27,41,36,6,5,11,18,3,2,0,0,4,,1,,0,1,0,0,0,0,0,0,0,0,,,1,27,47,27,17,3,1,0,0
PIT189808240,box,1898-08-24,0,PIT05,R,1,PIT,BRO,1,0,1,0,1,,32,1,5,7,0,1,0,,1,,1,0,2,0,0,0,0,0,0,0,5,1,1,1,0,0,0,0,1,0,27,38,32,5,4,8,8,0,0,0,0,3,0,3,1,0,3,0,0,0,0,0,0,0,0,,,1,27,42,27,14,1,1,0,0
PIT189808250,box,1898-08-25,0,PIT05,R,1,PIT,BRO,1,1,0,0,1,,34,5,10,15,1,2,0,,5,,2,0,1,1,1,1,0,0,0,0,9,1,1,1,0,0,0,1,0,0,27,37,35,1,0,8,8,0,0,0,0,1,0,3,1,0,1,0,0,0,0,0,0,0,0,,,1,27,40,27,11,2,1,0,1
PIT189808260,box,1898-08-26,0,PIT05,R,1,PIT,BRO,1,0,1,0,1,,37,2,9,12,1,1,0,,0,,5,0,1,1,0,0,0,2,1,0,13,1,1,1,0,0,0,0,1,0,27,33,31,3,3,5,7,2,0,0,0,1,0,0,0,0,1,0,0,0,0,0,0,0,0,,,1,27,41,27,14,0,0,0,0
PIT189808270,box,1898-08-27,0,PIT05,R,1,PIT,BSN,1,1,0,0,1,,34,6,10,19,2,2,1,,6,,1,,,,0,3,0,0,,0,8,1,1,0,0,0,1,1,0,0,27,35,32,1,1,5,8,1,1,0,0,3,,0,,0,0,0,0,0,0,0,0,0,0,,,1,27,39,27,11,1,0,0,0
CIN189808281,box,1898-08-28,1,CIN05,R,0,PIT,CIN,1,0,1,0,1,,34,4,7,10,3,0,0,,4,,1,,,,0,1,0,0,,0,5,1,1,1,0,0,0,0,1,0,24,44,37,9,8,16,17,1,0,0,0,5,,,,1,1,0,0,0,0,0,0,0,0,,,1,24,41,24,13,4,1,0,0
CIN189808282,box,1898-08-28,2,CIN05,R,0,PIT,CIN,1,0,1,0,1,,27,5,8,9,1,0,0,,4,,2,,,,4,2,0,0,,0,6,1,1,1,0,0,0,0,1,0,21,31,27,6,6,8,10,2,0,0,0,2,,,,0,2,0,0,0,0,0,0,0,0,,,1,21,32,21,9,2,1,0,0
PIT189808290,box,1898-08-29,0,PIT05,R,1,PIT,BSN,1,0,1,0,1,,34,2,8,11,1,1,0,,1,,1,,4,,0,1,0,1,,0,7,1,1,1,0,0,0,0,1,0,27,42,39,8,4,12,14,2,0,0,0,2,,0,,0,1,0,0,0,0,0,0,0,0,,,1,27,42,27,13,2,0,0,0
PIT189808300,box,1898-08-30,0,PIT05,R,1,PIT,BSN,1,0,1,0,1,,30,0,4,6,0,1,0,,0,,2,,2,,0,0,0,0,,0,5,1,1,1,0,0,0,0,1,0,27,48,44,8,4,14,15,1,0,0,0,4,,2,,0,0,0,0,0,0,0,0,0,0,,,1,27,52,27,17,8,0,0,1
PIT189808310,box,1898-08-31,0,PIT05,R,1,PIT,NY1,1,0,1,0,1,,33,2,5,5,0,0,0,,1,,2,0,8,1,0,0,0,2,2,0,6,1,1,1,0,0,0,0,1,0,24,31,28,3,3,5,8,1,1,0,0,3,0,1,0,0,0,0,0,0,0,0,0,0,0,,,1,24,33,24,8,1,0,0,0
PIT189809010,box,1898-09-01,0,PIT05,R,1,PIT,NY1,1,1,0,0,1,,42,8,14,19,1,2,0,,6,,1,0,4,0,0,1,0,0,0,0,9,1,1,1,0,0,0,1,0,0,27,35,32,2,2,5,5,0,0,0,0,3,0,2,0,0,0,0,0,0,0,0,0,0,0,,,1,27,37,27,9,1,1,0,0
PIT189809020,box,1898-09-02,0,PIT05,R,1,PIT,NY1,1,1,0,0,1,,31,5,6,6,0,0,0,,2,,6,0,2,0,0,1,0,0,0,0,9,1,1,1,0,0,0,1,0,0,27,37,35,4,3,11,17,0,3,0,0,1,0,3,1,0,1,0,0,0,0,0,0,0,0,,,1,27,49,27,18,4,1,0,0
PIT189809031,box,1898-09-03,1,PIT05,R,1,PIT,BLN,1,1,0,0,1,,29,1,5,7,0,1,0,,1,,1,,3,,0,0,0,0,,0,5,1,1,1,1,0,0,1,0,0,27,33,31,0,0,5,5,0,0,0,0,1,,0,,1,0,0,0,0,0,0,0,0,0,,,1,27,45,27,16,2,1,0,0
PIT189809032,box,1898-09-03,2,PIT05,R,1,PIT,BLN,1,0,1,0,1,,30,3,5,7,0,1,0,,3,,5,,2,,0,2,0,0,,0,7,1,1,1,0,0,0,0,1,0,27,40,30,5,5,9,11,0,1,0,0,7,,2,,2,1,0,0,0,0,0,0,0,0,,,1,27,47,27,17,3,2,0,0
CHN189809040,box,1898-09-04,0,CHI08,R,0,PIT,CHN,1,1,0,0,1,,35,6,11,13,2,0,0,,6,,3,,0,,1,1,0,0,,0,7,1,1,1,0,0,0,1,0,0,27,38,34,4,2,8,10,0,1,0,0,1,,2,,1,2,0,0,1,0,0,0,0,0,,,1,27,39,27,10,2,0,0,0
CHN189809051,box,1898-09-05,1,CHI08,R,0,PIT,CHN,1,0,1,0,1,,35,1,11,12,1,0,0,,1,,0,0,2,,1,0,0,1,,0,8,1,1,1,0,0,0,0,1,0,24,34,32,5,3,9,12,3,0,0,0,1,,3,,0,1,0,0,0,0,0,0,0,0,,,1,24,37,24,10,3,0,0,1
CHN189809052,box,1898-09-05,2,CHI08,R,0,PIT,CHN,1,1,0,0,1,,37,6,10,11,1,0,0,,2,,2,,2,,1,1,0,0,,0,8,1,1,1,0,0,0,1,0,0,27,37,31,1,1,6,7,1,0,0,0,4,,2,,0,2,0,0,0,0,0,0,0,0,,,1,27,44,27,16,1,1,0,1
PIT189809100,box,1898-09-10,0,PIT05,R,1,PIT,CL4,1,1,0,0,1,,37,10,14,21,3,2,0,,8,,2,,0,,0,1,0,1,,0,6,1,1,0,0,0,1,1,0,1,27,46,41,9,5,14,20,4,1,0,0,3,,4,,1,1,0,0,0,0,0,0,0,0,,,1,27,46,27,16,3,1,0,0
PIT189809120,box,1898-09-12,0,PIT05,R,1,PIT,CHN,1,1,0,0,1,,31,3,6,10,2,1,0,,1,,0,0,2,,0,0,0,0,,0,4,1,1,1,0,0,0,1,0,0,27,34,28,1,0,4,7,1,1,0,0,4,,2,,2,0,0,0,0,0,0,0,0,0,,,1,27,40,27,13,0,2,0,1
PIT189809130,box,1898-09-13,0,PIT05,R,1,PIT,CHN,1,0,1,0,1,,29,0,2,2,0,0,0,,0,,2,,0,,1,0,0,0,,0,5,1,1,1,0,0,0,0,1,0,27,36,35,4,2,8,8,0,0,0,0,1,,2,,0,0,0,0,0,0,0,0,0,0,,,1,27,47,27,17,3,1,0,0
NY1189809140,box,1898-09-14,0,NYC10,R,0,PIT,NY1,1,0,0,1,1,,35,6,8,12,2,1,0,,6,,4,0,1,0,0,0,0,3,2,0,6,1,1,0,0,0,1,0,0,0,27,41,38,6,4,11,13,2,0,0,0,1,0,5,0,2,0,0,0,0,0,0,0,0,0,,,1,27,39,27,11,1,0,0,0
NY1189809151,box,1898-09-15,1,NYC10,R,0,PIT,NY1,1,0,1,0,1,,35,3,10,13,1,1,0,,3,,2,0,6,0,1,1,0,0,1,0,9,1,1,0,0,0,1,0,1,0,24,36,33,7,4,12,14,2,0,0,0,3,0,,0,0,0,0,0,0,0,0,0,0,0,,,1,24,38,24,12,2,1,0,0
NY1189809152,box,1898-09-15,2,NYC10,R,0,PIT,NY1,1,1,0,0,1,,35,6,9,9,0,0,0,,4,,0,0,2,0,1,4,0,1,0,0,7,1,1,0,0,0,1,1,0,0,27,35,34,1,1,8,11,1,1,0,0,1,0,3,0,0,0,0,0,0,0,0,0,0,0,,,1,27,38,27,10,1,0,0,0
NY1189809160,box,1898-09-16,0,NYC10,R,0,PIT,NY1,1,1,0,0,1,,33,6,8,10,0,1,0,,6,,4,0,5,0,0,3,0,0,1,0,7,1,1,1,1,0,0,1,0,0,27,33,33,0,0,6,6,0,0,0,0,0,0,3,0,0,0,0,0,0,0,0,0,0,0,,,1,27,41,27,12,2,0,0,1
BRO189809171,box,1898-09-17,1,NYC12,R,0,PIT,BRO,1,0,1,0,1,,31,1,6,7,1,0,0,,0,,3,0,2,2,2,0,0,0,0,0,8,1,1,1,0,0,0,0,1,0,24,34,30,6,6,12,16,4,0,0,0,0,0,0,0,1,3,0,0,0,0,0,0,0,0,,,1,24,36,24,12,0,0,0,0
BRO189809172,box,1898-09-17,2,NYC12,R,0,PIT,BRO,1,0,0,1,1,,36,8,13,17,0,2,0,,8,,1,,,,0,3,0,0,,0,5,1,1,1,0,0,0,0,0,0,27,42,35,8,7,11,15,1,0,1,0,6,,,,0,1,0,0,0,0,0,0,0,0,,,1,27,43,27,15,1,0,0,1
BRO189809191,box,1898-09-19,1,NYC12,R,0,PIT,BRO,1,0,1,0,1,,37,10,13,18,3,1,0,,8,,6,0,1,3,1,1,0,0,1,0,8,1,1,1,0,0,0,0,1,0,24,48,46,11,9,19,25,2,2,0,0,1,0,2,0,1,0,0,0,0,0,0,0,0,0,,,1,24,47,24,17,6,0,0,1
BRO189809192,box,1898-09-19,2,NYC12,R,0,PIT,BRO,1,1,0,0,1,,20,6,9,12,1,1,0,,5,,4,0,1,1,0,1,0,0,1,0,4,1,1,1,0,0,0,1,0,0,15,21,21,2,2,6,9,1,1,0,0,0,0,4,0,0,0,0,0,0,0,0,0,0,0,,,1,15,21,15,6,0,0,0,0
BRO189809200,box,1898-09-20,0,NYC12,R,0,PIT,BRO,1,1,0,0,1,,46,15,20,31,4,2,1,,9,,4,0,1,1,0,0,0,2,1,0,8,1,1,1,1,0,0,1,0,0,27,33,30,0,0,5,5,0,0,0,0,3,0,5,2,0,0,0,0,0,0,0,0,0,0,,,1,27,41,27,14,0,2,0,0
BSN189809210,box,1898-09-21,0,BOS05,R,0,PIT,BSN,1,0,1,0,1,,32,3,8,11,1,1,0,,3,,2,,,,0,1,0,0,,0,5,1,1,0,0,0,1,0,1,0,24,41,28,7,7,9,12,0,0,1,0,8,,,,1,4,0,0,0,0,0,0,0,0,,,1,24,37,24,12,1,0,0,1
BSN189809220,box,1898-09-22,0,BOS05,R,0,PIT,BSN,1,0,1,0,1,,29,1,3,5,0,1,0,,1,,1,,,,0,0,0,0,,0,2,1,1,1,0,0,0,0,1,0,24,41,36,8,8,16,18,2,0,0,0,2,,,,0,3,0,0,1,0,0,0,0,0,,,1,24,36,24,12,0,0,0,0
BSN189809230,box,1898-09-23,0,BOS05,R,0,PIT,BSN,1,0,1,0,1,,30,1,4,7,0,0,1,,1,,6,,1,,0,0,0,0,,0,8,1,1,1,0,0,0,0,1,0,25,35,33,2,1,8,9,1,0,0,0,2,,1,,0,0,0,0,0,0,0,0,0,0,,,1,25,34,25,8,1,0,0,0
CHN189809250,box,1898-09-25,0,CHI08,R,0,PIT,CHN,1,0,1,0,1,,33,4,7,9,0,1,0,,4,,3,,1,,1,1,0,0,,0,7,1,1,1,0,0,0,0,1,0,24,38,33,7,7,12,13,1,0,0,0,2,,,,1,2,0,0,0,0,0,0,0,0,,,1,24,43,24,18,1,0,0,2
CHN189809260,box,1898-09-26,0,CHI08,R,0,PIT,CHN,1,0,1,0,1,,32,3,8,13,1,2,0,,2,,1,,3,,0,0,0,1,,0,3,1,1,1,0,0,0,0,1,0,24,33,31,4,4,10,13,3,0,0,0,1,,3,,0,1,0,0,0,0,0,0,0,0,,,1,24,37,24,12,1,0,0,0
CHN189809270,box,1898-09-27,0,CHI08,R,0,PIT,CHN,1,0,1,0,1,,40,4,11,13,2,0,0,,4,,5,,3,,0,3,0,0,,0,11,1,1,1,0,0,0,0,1,0,32,44,38,5,4,9,9,0,0,0,0,3,,2,,2,1,0,0,0,0,0,0,0,0,,,1,32,45,32,13,0,2,0,1
PIT189810010,box,1898-10-01,0,PIT05,R,1,PIT,CL4,1,1,0,0,1,,28,2,7,8,1,0,0,,2,,2,,,,0,1,0,0,,0,5,1,1,1,0,0,0,1,0,0,27,32,30,1,1,7,7,0,0,0,0,1,,,,0,1,0,0,0,0,0,0,0,0,,,1,27,43,27,14,2,4,0,0
SLN189810040,box,1898-10-04,0,STL05,R,0,PIT,SLN,1,0,1,0,1,,27,3,7,7,0,0,0,,2,,2,0,2,0,1,1,0,0,1,0,7,1,1,1,0,0,0,0,1,0,21,35,33,7,4,10,10,0,0,0,0,1,0,1,0,0,1,0,0,0,0,0,0,0,0,,,1,21,41,21,16,4,0,0,0
SLN189810050,box,1898-10-05,0,STL05,R,0,PIT,SLN,1,1,0,0,1,,40,8,14,22,4,2,0,,7,,1,,2,,3,0,0,0,,0,9,1,1,0,0,0,1,1,0,1,27,44,38,6,6,14,16,2,0,0,0,5,,1,,0,1,0,0,0,0,0,0,0,0,,,1,27,41,27,13,1,1,0,0
LS3189810060,box,1898-10-06,0,LOU03,R,0,PIT,LS3,1,1,0,0,1,,35,4,10,11,1,0,0,,3,,1,,,,0,1,0,0,,0,6,1,1,1,0,0,0,1,0,0,27,36,34,2,2,9,13,1,0,1,0,1,,,,1,0,0,0,0,0,0,0,0,0,,,1,27,41,27,14,0,1,0,0
LS3189810080,box,1898-10-08,0,LOU03,R,0,PIT,LS3,1,0,1,0,1,,34,1,6,6,0,0,0,,1,,1,,,,0,0,0,0,,0,8,1,1,1,0,0,0,0,1,0,24,41,36,8,3,12,12,0,0,0,0,3,,,,1,1,0,0,0,0,0,0,0,0,,,1,24,40,24,11,5,0,0,0
LS3189810090,box,1898-10-09,0,LOU03,R,0,PIT,LS3,1,0,0,1,1,,40,2,8,8,0,0,0,,2,,0,0,,1,0,1,0,2,0,0,6,1,1,1,0,0,0,0,0,0,33,40,36,2,1,5,5,0,0,0,0,1,0,,0,0,3,0,0,0,0,0,0,0,0,,,1,33,49,33,14,2,0,0,0
PIT189810100,box,1898-10-10,0,PIT05,R,1,PIT,CL4,1,1,0,0,1,,26,2,5,5,0,0,0,,1,,1,,1,,0,1,0,0,,0,2,1,1,1,1,0,0,1,0,0,27,29,29,0,0,4,5,1,0,0,0,0,0,3,,0,0,0,0,0,0,0,0,0,0,,,1,27,44,27,17,0,1,0,0
PIT189810121,box,1898-10-12,1,PIT05,R,1,PIT,CL4,1,1,0,0,1,,41,9,15,19,0,2,0,,5,,0,0,0,,0,1,0,0,,0,9,1,1,1,0,0,0,1,0,0,27,33,30,1,1,3,6,1,1,0,0,2,,3,,1,0,0,0,0,0,0,0,0,0,,,1,27,35,27,8,0,0,0,0
PIT189810122,box,1898-10-12,2,PIT05,R,1,PIT,CL4,1,0,1,0,1,,19,2,6,6,0,0,0,,1,,3,,2,,0,1,0,0,,0,6,1,1,0,0,0,1,0,1,0,15,23,22,5,4,8,8,0,0,0,0,1,,1,,0,0,0,0,0,0,0,0,0,0,,,1,15,25,15,8,2,0,0,0
PIT189810130,box,1898-10-13,0,PIT05,R,1,PIT,CHN,1,0,1,0,1,,33,1,6,7,1,0,0,,1,,0,0,2,,0,1,0,1,,0,6,1,1,1,0,0,0,0,1,0,27,40,37,5,2,9,10,1,0,0,0,2,,0,,0,1,0,0,0,0,0,0,0,0,,,1,27,39,27,9,3,0,0,1
SLN189804150,box,1898-04-15,0,STL05,R,1,SLN,CHN,1,0,1,0,1,,29,1,4,4,0,0,0,,1,,1,0,,0,0,0,0,0,1,0,2,1,1,1,0,0,0,0,1,0,27,35,33,2,1,7,12,1,2,0,0,1,0,,0,0,1,0,0,0,0,0,0,0,0,,,1,27,52,27,22,3,3,0,0
SLN189804170,box,1898-04-17,0,STL05,R,1,SLN,CHN,1,0,1,0,1,,34,1,6,8,0,1,0,,1,,2,,,,1,0,0,0,,0,9,1,1,0,0,0,1,0,1,0,27,47,44,14,6,13,28,3,6,0,0,2,,0,,1,0,0,0,0,0,0,0,0,0,,,1,27,53,27,15,11,0,0,0
SLN189804200,box,1898-04-20,0,STL05,R,1,SLN,CL4,1,0,1,0,1,,34,5,7,15,2,0,2,,5,,1,0,,0,0,0,0,0,0,0,3,1,1,0,0,0,1,0,1,0,27,44,36,10,9,12,26,0,1,4,0,4,0,,0,0,4,0,0,0,0,0,0,0,0,,,1,27,43,27,13,3,0,0,0
SLN189804220,box,1898-04-22,0,STL05,R,1,SLN,CL4,1,0,1,0,1,,35,0,8,8,0,0,0,,0,,1,,,,0,0,0,0,,0,9,1,1,1,0,0,0,0,1,0,24,41,36,7,7,14,21,3,2,0,0,3,,,,1,1,0,0,0,0,0,0,0,0,,,1,24,37,24,13,0,1,0,0
SLN189804240,box,1898-04-24,0,STL05,R,1,SLN,PIT,1,1,0,0,1,,37,13,17,25,3,1,1,,12,,3,,,,2,1,0,0,,0,6,1,1,1,0,0,0,1,0,0,27,40,37,1,1,11,12,1,0,0,0,3,,,,0,0,0,0,0,0,0,0,0,0,,,1,27,39,27,11,1,2,0,0
SLN189804260,box,1898-04-26,0,STL05,R,1,SLN,PIT,1,0,1,0,1,,38,4,12,17,3,1,0,,4,,1,,,,2,1,0,2,,0,11,1,1,1,0,0,0,0,1,0,27,37,34,6,6,8,13,3,1,0,0,2,,,,0,1,0,0,0,0,0,0,0,0,,,1,27,55,27,24,4,0,0,0
SLN189804271,box,1898-04-27,1,STL05,R,1,SLN,PIT,1,0,1,0,1,,37,3,11,11,0,0,0,,2,,5,,,,0,0,0,0,,0,12,1,1,0,0,0,1,0,1,0,27,43,38,9,5,11,14,1,1,0,0,2,,0,,2,1,0,0,0,0,0,0,0,0,,,1,27,43,27,13,3,0,0,0
SLN189804272,box,1898-04-27,2,STL05,R,1,SLN,PIT,1,0,1,0,1,,36,2,8,10,0,1,0,,2,,2,,,,0,0,0,0,,0,9,1,1,1,0,0,0,0,1,0,27,42,40,11,8,14,18,0,2,0,0,1,,,,0,1,0,0,0,0,0,0,0,0,,,1,27,54,27,22,5,0,0,0
CL4189804290,box,1898-04-29,0,CLE05,R,0,SLN,CL4,1,0,1,0,1,,32,2,3,3,0,0,0,,1,,0,0,2,,0,0,0,0,,0,3,1,1,0,0,0,1,0,1,0,24,39,35,6,6,13,17,4,0,0,0,4,,0,,0,0,0,0,0,0,0,0,0,0,,,1,24,37,24,13,0,0,0,1
CL4189804300,box,1898-04-30,0,CLE05,R,0,SLN,CL4,1,1,0,0,1,,35,4,10,13,3,0,0,,4,,3,0,3,0,1,2,0,0,2,0,7,1,1,1,0,0,0,1,0,0,30,34,34,1,1,5,6,1,0,0,0,0,0,1,0,0,0,0,0,0,0,0,0,0,0,,,1,30,48,30,18,0,1,0,0
CL4189805031,box,1898-05-03,1,CLE05,R,0,SLN,CL4,1,0,1,0,1,,35,2,9,10,1,0,0,,1,,2,,2,,1,1,0,0,,0,10,1,1,1,0,0,0,0,1,0,24,38,33,5,4,9,11,2,0,0,0,3,,3,,1,1,0,0,0,0,0,0,0,0,,,1,24,37,24,12,1,0,0,0
CL4189805032,box,1898-05-03,2,CLE05,R,0,SLN,CL4,1,0,1,0,1,,35,2,8,10,2,0,0,,1,,0,0,2,,0,0,0,0,,0,6,1,1,1,0,0,0,0,1,0,24,31,29,3,2,8,9,1,0,0,0,1,,0,,0,1,0,0,0,0,0,0,0,0,,,1,24,38,24,13,1,2,0,0
CHN189805080,box,1898-05-08,0,CHI08,R,0,SLN,CHN,1,1,0,0,1,,35,8,9,13,0,2,0,,6,,7,,,,0,1,0,0,,0,8,1,1,1,0,0,0,1,0,0,27,34,29,2,2,6,10,2,1,0,0,5,,,,0,0,0,0,0,0,0,0,0,0,,,1,27,42,27,15,0,2,0,0
CIN189805090,box,1898-05-09,0,CIN05,R,0,SLN,CIN,1,1,0,0,1,,48,6,13,17,2,1,0,,5,,3,,8,,1,2,0,1,,0,12,1,1,0,0,0,1,1,0,0,36,51,41,5,5,9,17,2,3,0,0,5,,4,,1,4,0,0,0,0,0,0,0,0,,,1,36,55,36,18,1,0,0,1
CIN189805110,box,1898-05-11,0,CIN05,R,0,SLN,CIN,1,0,1,0,1,,30,1,6,9,3,0,0,,2,,1,,1,,2,0,0,1,,0,5,1,1,1,0,0,0,0,1,0,24,34,29,2,0,6,7,1,0,0,0,1,,3,,0,3,0,0,0,1,0,0,0,0,,,1,24,45,24,15,6,0,0,0
CIN189805121,box,1898-05-12,1,CIN05,R,0,SLN,CIN,1,0,1,0,1,,35,5,10,11,1,0,0,,4,,4,,,,2,1,0,1,,0,10,1,1,1,0,0,0,0,1,0,27,47,35,8,2,9,13,2,1,0,0,5,,,,2,5,0,0,0,0,0,0,0,0,,,1,27,43,27,11,5,1,0,0
CIN189805122,box,1898-05-12,2,CIN05,R,0,SLN,CIN,1,0,1,0,1,,31,2,7,11,4,0,0,,2,,3,,2,,0,2,0,0,,0,7,1,1,1,0,0,0,0,1,0,24,31,25,3,0,4,5,1,0,0,0,2,,,,0,4,0,0,0,0,0,0,0,0,,,1,24,34,24,7,3,0,0,0
PIT189805130,box,1898-05-13,0,PIT05,R,0,SLN,PIT,1,0,1,0,1,,31,0,7,7,0,0,0,,2,,0,0,1,,0,2,0,0,,0,6,1,1,1,0,0,0,0,1,0,24,32,28,3,3,7,12,2,0,1,0,2,,2,,0,2,0,0,0,0,0,0,0,0,,,1,24,42,24,16,2,0,0,0
PIT189805140,box,1898-05-14,0,PIT05,R,0,SLN,PIT,1,1,0,0,1,,36,5,9,13,2,1,0,,3,,1,,1,,0,2,0,0,,0,7,1,1,1,0,0,0,1,0,0,27,37,31,4,2,7,7,0,0,0,0,2,,2,,1,3,0,0,0,0,0,0,0,0,,,1,27,42,27,13,2,0,0,0
PIT189805170,box,1898-05-17,0,PIT05,R,0,SLN,PIT,1,0,1,0,1,,32,0,7,7,0,0,0,,0,,1,,,,0,2,0,0,,0,8,1,1,1,0,0,0,0,1,0,24,40,33,6,4,11,12,1,0,0,0,4,,0,,0,3,0,0,1,0,0,0,0,0,,,1,24,43,24,14,5,0,0,0
CHN189805180,box,1898-05-18,0,CHI08,R,0,SLN,CHN,1,1,0,0,1,,33,11,14,18,2,1,0,,9,,2,,3,,3,3,0,0,,0,6,1,1,1,0,0,0,1,0,0,27,44,40,4,3,12,15,3,0,0,0,3,,1,,1,0,0,0,0,0,0,0,0,0,,,1,27,39,27,10,2,0,0,0
SLN189805190,box,1898-05-19,0,STL05,R,1,SLN,NY1,1,0,1,0,1,,31,1,5,6,1,0,0,,1,,1,,5,,1,1,0,0,,0,6,1,1,1,0,0,0,0,1,0,27,40,40,7,5,14,20,4,1,0,0,0,0,2,,0,0,0,0,0,0,0,0,0,0,,,1,27,41,27,12,2,2,0,0
SLN189805200,box,1898-05-20,0,STL05,R,1,SLN,NY1,1,1,0,0,1,,34,6,8,10,0,1,0,,4,,3,0,0,0,0,1,0,3,0,0,8,1,1,1,0,0,0,1,0,0,27,35,34,2,1,6,11,1,2,0,0,1,0,0,0,0,0,0,0,0,0,0,0,0,0,,,1,27,47,27,18,2,0,0,0
SLN189805210,box,1898-05-21,0,STL05,R,1,SLN,NY1,1,1,0,0,1,,30,14,10,17,1,3,0,,12,,10,0,4,0,0,4,0,0,0,0,6,1,1,1,0,0,0,1,0,0,27,41,40,5,3,10,16,2,2,0,0,0,0,2,0,1,0,0,0,1,0,0,0,0,0,,,1,27,44,27,13,4,0,0,0
SLN189805220,box,1898-05-22,0,STL05,R,1,SLN,NY1,1,0,1,0,1,,38,5,12,14,2,0,0,,2,,2,,,,0,0,0,0,,0,8,1,1,0,0,0,1,0,1,0,27,45,42,10,6,13,19,6,0,0,0,2,,,,1,0,0,0,0,0,0,0,0,0,,,1,27,41,27,9,5,0,0,0
SLN189805230,box,1898-05-23,0,STL05,R,1,SLN,BSN,1,0,1,0,1,,40,7,11,14,1,1,0,,6,,2,,,,1,2,0,1,,0,11,1,1,1,0,0,0,0,1,0,27,42,41,8,6,13,19,2,2,0,0,1,,1,,0,0,0,0,0,0,0,0,0,0,,,1,27,43,27,11,5,0,0,0
SLN189805240,box,1898-05-24,0,STL05,R,1,SLN,BSN,1,1,0,0,1,,39,12,17,20,3,0,0,,8,,4,,,,2,2,0,1,,0,11,1,1,0,0,0,1,1,0,1,27,46,41,10,7,12,19,3,2,0,0,4,,,,0,1,0,0,0,0,0,0,0,0,,,1,27,45,27,13,5,0,0,0
SLN189805250,box,1898-05-25,0,STL05,R,1,SLN,BSN,1,0,1,0,1,,38,4,9,16,4,0,1,,3,,3,,,,1,0,0,2,,0,11,1,1,1,0,0,0,0,1,0,27,37,34,8,3,7,11,0,2,0,0,2,,,,1,0,0,0,0,0,0,0,0,0,,,1,27,47,27,17,3,2,0,0
SLN189805260,box,1898-05-26,0,STL05,R,1,SLN,BRO,1,0,1,0,1,,37,2,10,11,1,0,0,,1,,1,0,3,1,0,0,0,0,0,0,9,1,1,1,0,0,0,0,1,0,27,41,36,4,3,11,13,2,0,0,0,3,0,,2,1,1,0,0,0,0,0,0,0,0,,,1,27,42,27,13,2,2,0,0
SLN189805281,box,1898-05-28,1,STL05,R,1,SLN,BRO,1,0,1,0,1,,34,3,7,7,0,0,0,,2,,4,,2,,0,2,0,0,,0,10,1,1,1,0,0,0,0,1,0,27,37,35,4,3,7,10,0,0,1,0,0,0,2,,0,2,0,0,0,0,0,0,0,0,,,1,27,39,27,9,3,0,0,0
SLN189805282,box,1898-05-28,2,STL05,R,1,SLN,BRO,1,1,0,0,1,,33,8,10,12,2,0,0,,7,,1,,4,,0,2,0,1,,0,4,1,1,1,0,0,0,1,0,0,27,34,34,3,1,5,7,0,1,0,0,0,0,1,,0,0,0,0,0,0,0,0,0,0,,,1,27,46,27,16,3,1,0,0
WSN189805300,box,1898-05-30,0,WAS06,R,0,SLN,WSN,1,0,1,0,1,,39,3,13,13,0,0,0,,3,,1,0,1,2,0,0,0,1,0,0,10,1,1,1,0,0,0,0,1,0,24,34,32,5,2,8,14,1,1,1,0,1,0,1,0,0,1,0,0,0,0,0,0,0,0,,,1,24,35,24,9,2,0,0,0
WSN189805310,box,1898-05-31,0,WAS06,R,0,SLN,WSN,1,0,1,0,1,,39,5,13,18,3,1,0,,5,,4,0,5,0,1,0,0,4,0,0,12,1,1,0,0,0,1,0,1,0,24,39,35,8,6,12,15,1,1,0,0,4,0,1,0,0,0,0,0,0,0,0,0,0,0,,,1,24,40,24,13,3,1,0,1
WSN189806011,box,1898-06-01,1,WAS06,R,0,SLN,WSN,1,0,1,0,1,,34,3,8,8,0,0,0,,1,,0,0,2,1,0,0,0,0,0,0,4,1,1,1,0,0,0,0,1,0,24,36,35,8,6,10,15,0,1,1,0,1,0,2,0,0,0,0,0,1,0,0,0,0,0,,,1,24,39,24,12,3,0,0,0
WSN189806012,box,1898-06-01,2,WAS06,R,0,SLN,WSN,1,0,1,0,1,,32,4,7,9,0,1,0,,2,,3,0,1,0,0,0,0,0,0,0,4,1,1,1,0,0,0,0,1,0,24,41,38,9,8,15,18,1,1,0,0,2,0,4,0,1,0,0,0,0,0,0,0,0,0,,,1,24,40,24,12,4,0,0,0
BLN189806020,box,1898-06-02,0,BAL07,R,0,SLN,BLN,1,0,1,0,1,,35,3,8,9,1,0,0,,3,,5,0,5,1,0,0,0,0,0,0,10,1,1,1,0,0,0,0,1,0,24,43,37,11,10,17,19,2,0,0,0,1,0,0,1,3,2,0,0,0,0,0,0,0,0,,,1,24,43,24,17,2,1,0,1
BLN189806030,box,1898-06-03,0,BAL07,R,0,SLN,BLN,1,1,0,0,1,,38,5,11,11,0,0,0,,5,,3,,2,,0,0,0,0,,0,9,1,1,1,0,0,0,1,0,0,27,39,33,4,2,9,10,1,0,0,0,4,,0,,0,2,0,0,0,0,0,0,0,0,,,1,27,48,27,17,4,1,0,0
BLN189806040,box,1898-06-04,0,BAL07,R,0,SLN,BLN,1,0,1,0,1,,29,0,3,3,0,0,0,,0,,1,,3,,0,0,0,0,,0,3,1,1,1,0,0,0,0,1,0,24,36,31,7,5,9,10,1,0,0,0,1,,0,,2,2,0,0,0,0,0,0,0,0,,,1,24,43,24,17,2,0,0,0
BLN189806060,box,1898-06-06,0,BAL07,R,0,SLN,BLN,1,1,0,0,1,,35,6,12,12,0,0,0,,4,,3,,4,,2,3,0,2,,0,10,1,1,1,0,0,0,1,0,0,27,39,34,3,2,12,12,0,0,0,0,2,,2,,2,1,0,0,0,0,0,0,0,0,,,1,27,39,26,12,1,2,0,0
PHI189806070,box,1898-06-07,0,PHI09,R,0,SLN,PHI,1,1,0,0,1,,30,6,6,8,2,0,0,,5,,4,,4,,2,1,0,0,,0,4,1,1,1,0,0,0,1,0,0,27,39,36,1,1,9,12,3,0,0,0,1,,4,,2,0,0,0,0,0,0,0,0,0,,,1,27,37,27,10,0,0,0,0
PHI189806080,box,1898-06-08,0,PHI09,R,0,SLN,PHI,1,1,0,0,1,,38,9,12,15,1,1,0,,7,,7,,5,,0,2,0,0,,0,11,1,1,0,0,0,1,1,0,0,27,40,32,7,4,9,14,1,2,0,0,7,,0,,0,1,0,0,0,0,0,0,0,0,,,1,27,46,27,16,3,2,0,0
PHI189806090,box,1898-06-09,0,PHI09,R,0,SLN,PHI,1,0,1,0,1,,34,2,7,7,0,0,0,,2,,4,,3,,0,0,0,0,,0,9,1,1,1,0,0,0,0,1,0,24,37,33,5,5,7,10,3,0,0,0,3,,2,,0,0,0,0,0,1,0,0,0,0,,,1,24,34,24,8,2,0,0,0
PHI189806100,box,1898-06-10,0,PHI09,R,0,SLN,PHI,1,1,0,0,1,,35,3,9,11,2,0,0,,3,,0,0,3,,0,0,0,1,,0,5,1,1,1,0,0,0,1,0,0,27,40,38,1,1,13,15,2,0,0,0,1,,4,,0,1,0,0,0,0,0,0,0,0,,,1,27,38,27,11,0,0,0,0
CHN189806120,box,1898-06-12,0,CHI08,R,0,SLN,CHN,1,1,0,0,1,,36,4,14,15,1,0,0,,4,,4,,4,,0,0,0,2,,0,9,1,1,1,0,0,0,1,0,0,27,38,35,2,2,10,10,0,0,0,0,3,,0,,0,0,0,0,0,0,0,0,0,0,,,1,27,42,27,14,1,0,0,0
CHN189806141,box,1898-06-14,1,CHI08,R,0,SLN,CHN,1,0,1,0,1,,32,2,5,5,0,0,0,,2,,3,,1,,0,0,0,1,,0,6,1,1,1,0,0,0,0,1,0,24,31,26,3,2,4,4,0,0,0,0,3,,1,,2,0,0,0,0,0,0,0,0,0,,,1,24,35,24,9,2,1,0,0
CHN189806142,box,1898-06-14,2,CHI08,R,0,SLN,CHN,1,0,1,0,1,,31,1,4,7,1,1,0,,1,,4,,1,,1,0,0,0,,0,8,1,1,1,0,0,0,0,1,0,24,42,36,7,5,12,18,2,2,0,0,5,,4,,0,1,0,0,0,0,0,0,0,0,,,1,24,42,24,13,5,0,0,1
CHN189806150,box,1898-06-15,0,CHI08,R,0,SLN,CHN,1,0,1,0,1,,35,0,11,11,0,0,0,,0,,1,,1,,1,1,0,0,,0,11,1,1,1,0,0,0,0,1,0,24,36,33,4,4,9,12,3,0,0,0,2,,0,,0,1,0,0,0,0,0,0,0,0,,,1,24,42,24,16,2,0,0,0
SLN189806170,box,1898-06-17,0,STL05,R,1,SLN,LS3,1,1,0,0,1,,31,8,7,8,1,0,0,,2,,1,,,,0,3,0,1,,0,3,1,1,1,0,0,0,1,0,0,27,37,35,3,2,9,12,1,1,0,0,1,,,,0,1,0,0,0,0,0,0,0,0,,,1,27,40,27,12,1,0,0,0
SLN189806180,box,1898-06-18,0,STL05,R,1,SLN,LS3,1,1,0,0,1,,36,7,13,18,1,2,0,,6,,0,0,,,0,1,0,0,,0,6,1,1,1,0,0,0,1,0,0,27,36,32,4,0,3,3,0,0,0,0,3,,,,1,0,0,0,0,0,0,0,0,0,,,1,27,44,27,14,3,1,0,0
SLN189806191,box,1898-06-19,1,STL05,R,1,SLN,LS3,1,1,0,0,1,,33,7,9,13,0,2,0,,7,,4,,0,,1,2,0,0,,0,7,1,1,1,0,0,0,1,0,0,27,42,40,6,2,11,16,1,2,0,0,0,0,3,,0,2,0,0,0,0,0,0,0,0,,,1,27,40,27,9,4,0,0,0
SLN189806192,box,1898-06-19,2,STL05,R,1,SLN,LS3,1,0,1,0,1,,31,5,3,7,0,2,0,,4,,7,,,,0,3,0,2,,0,9,1,1,0,0,0,1,0,1,0,27,37,32,6,5,5,5,0,0,0,0,4,,,,1,0,0,0,0,0,0,0,0,0,,,1,27,42,27,13,2,1,0,0
SLN189806200,box,1898-06-20,0,STL05,R,1,SLN,PHI,1,0,1,0,1,,36,2,11,14,1,1,0,,2,,4,,,,0,0,0,1,,0,11,1,1,1,0,0,0,0,1,0,27,47,43,14,14,21,32,0,4,1,0,2,,,,0,2,0,0,0,0,0,0,0,0,,,1,27,41,25,15,1,0,0,0
SLN189806210,box,1898-06-21,0,STL05,R,1,SLN,PHI,1,0,1,0,1,,34,6,7,8,1,0,0,,6,,4,,,,1,1,0,1,,0,7,1,1,1,0,0,0,0,1,0,27,45,44,9,6,17,17,0,0,0,0,0,0,,,1,0,0,0,0,0,0,0,0,0,,,1,27,47,27,16,4,0,0,0
SLN189806220,box,1898-06-22,0,STL05,R,1,SLN,PHI,1,0,1,0,1,,36,2,10,12,2,0,0,,0,,1,,,,0,0,0,1,,0,8,1,1,1,0,0,0,0,1,0,27,44,41,8,7,13,23,3,2,1,0,2,,,,0,1,0,0,0,0,0,0,0,0,,,1,27,46,27,12,7,1,0,0
SLN189806230,box,1898-06-23,0,STL05,R,1,SLN,PHI,1,1,0,0,1,,34,7,10,10,0,0,0,,5,,0,0,,,0,2,0,1,,0,5,1,1,1,0,0,0,1,0,0,27,38,35,4,4,11,17,1,1,1,0,2,,,,1,0,0,0,0,0,0,0,0,0,,,1,27,42,27,14,1,0,0,0
SLN189806240,box,1898-06-24,0,STL05,R,1,SLN,BLN,1,0,1,0,1,,36,2,9,12,1,1,0,,2,,0,0,,,2,0,0,1,,0,9,1,1,1,0,0,0,0,1,0,27,35,33,4,2,6,6,0,0,0,0,1,,,,1,0,0,0,1,0,0,0,0,0,,,1,27,36,27,8,1,0,0,1
SLN189806250,box,1898-06-25,0,STL05,R,1,SLN,BLN,1,0,1,0,1,,35,2,5,8,0,0,1,,1,,2,,,,0,0,0,1,,0,8,1,1,1,0,0,0,0,1,0,27,48,44,9,6,16,21,2,0,1,0,3,,,,1,0,0,0,0,0,0,0,0,0,,,1,27,48,27,16,5,1,0,0
SLN189806271,box,1898-06-27,1,STL05,R,1,SLN,BLN,1,0,1,0,1,,35,4,9,9,0,0,0,,4,,3,,,,0,0,0,1,,0,7,1,1,0,0,0,1,0,1,0,27,54,42,16,11,15,17,0,1,0,0,10,,,,2,0,0,0,0,0,0,0,0,0,,,1,27,50,27,15,8,0,0,0
SLN189806272,box,1898-06-27,2,STL05,R,1,SLN,BLN,1,0,1,0,1,,32,1,8,10,0,1,0,,1,,1,,,,1,0,0,0,,0,6,1,1,0,0,0,1,0,1,0,27,49,44,12,5,17,22,0,1,1,0,2,,,,2,1,0,0,1,0,0,0,0,0,,,1,27,55,27,22,6,1,0,0
SLN189806281,box,1898-06-28,1,STL05,R,1,SLN,CIN,1,0,1,0,1,,34,2,6,8,0,1,0,,2,,0,0,0,,1,1,0,0,,0,7,1,1,1,0,0,0,0,1,0,27,34,30,3,3,5,5,0,0,0,0,3,,0,,0,1,0,0,1,0,0,0,0,0,,,1,27,44,27,16,1,0,0,1
SLN189806282,box,1898-06-28,2,STL05,R,1,SLN,CIN,1,0,1,0,1,,32,0,9,10,1,0,0,,0,,1,,,,3,0,0,0,,0,9,1,1,1,0,0,0,0,1,0,27,36,35,5,4,8,15,2,1,1,0,1,,,,0,0,0,0,0,0,0,0,0,0,,,1,27,39,27,10,2,0,0,0
SLN189806290,box,1898-06-29,0,STL05,R,1,SLN,WSN,1,1,0,0,1,,35,3,14,17,1,1,0,,2,,1,,0,,2,1,0,0,,0,12,1,1,1,0,0,0,1,0,0,27,35,32,2,2,6,10,0,2,0,0,2,,,,0,1,0,0,0,0,0,0,0,0,,,1,27,50,27,20,3,2,0,0
SLN189806300,box,1898-06-30,0,STL05,R,1,SLN,WSN,1,0,1,0,1,,35,3,8,9,1,0,0,,3,,1,,,,0,0,0,0,,0,6,1,1,1,0,0,0,0,1,0,27,45,40,13,11,14,21,3,2,0,0,3,,,,0,2,0,0,0,0,0,0,0,0,,,1,27,38,27,9,2,0,0,0
SLN189807010,box,1898-07-01,0,STL05,R,1,SLN,WSN,1,1,0,0,1,,29,4,7,8,1,0,0,,2,,2,,,,0,1,0,2,,0,4,1,1,1,0,0,0,1,0,0,27,36,34,2,2,7,10,1,1,0,0,1,,,,0,1,0,0,0,0,0,0,0,0,,,1,27,40,27,10,3,0,0,0
SLN189807020,box,1898-07-02,0,STL05,R,1,SLN,WSN,1,0,1,0,1,,32,1,4,4,0,0,0,,1,,5,,,,0,0,0,0,,0,9,1,1,0,0,0,1,0,1,0,27,43,39,9,6,13,19,2,2,0,0,3,,,,0,1,0,0,0,0,0,0,0,0,,,1,27,46,27,16,3,0,0,0
CIN189807031,box,1898-07-03,1,CIN05,R,0,SLN,CIN,1,0,1,0,1,,37,5,12,15,3,0,0,,4,,4,,0,,1,0,0,1,,0,10,1,1,1,0,0,0,0,1,0,27,39,35,7,5,9,15,0,3,0,0,2,,,,1,1,0,0,0,0,0,0,0,0,,,1,27,41,27,13,1,0,0,0
CIN189807032,box,1898-07-03,2,CIN05,R,0,SLN,CIN,1,0,1,0,1,,41,7,14,17,0,0,1,,6,,4,,,,0,0,0,0,,0,11,1,1,0,0,0,1,0,1,0,27,45,42,10,10,17,26,1,4,0,0,2,,,,0,1,0,0,0,0,0,0,0,0,,,1,27,43,27,14,2,1,0,0
PIT189807041,box,1898-07-04,1,PIT05,R,0,SLN,PIT,1,0,1,0,1,,31,1,4,4,0,0,0,,1,,3,,5,,0,1,0,1,,0,7,1,1,1,0,0,0,0,1,0,24,41,39,9,9,15,24,1,4,0,0,1,,2,,1,0,0,0,0,0,0,0,0,0,,,1,24,33,24,8,1,0,0,2
PIT189807042,box,1898-07-04,2,PIT05,R,0,SLN,PIT,1,1,0,0,1,,39,12,16,20,2,1,0,,8,,3,,6,,1,1,0,3,,0,5,1,1,0,0,0,1,1,0,0,27,47,36,7,6,9,10,1,0,0,0,6,,3,,5,0,0,0,0,0,0,0,0,0,,,1,27,41,27,13,1,1,0,0
PIT189807050,box,1898-07-05,0,PIT05,R,0,SLN,PIT,1,0,1,0,1,,33,2,8,8,0,0,0,,2,,4,,0,,1,0,0,0,,0,9,1,1,1,0,0,0,0,1,0,24,40,34,8,8,12,12,0,0,0,0,3,,1,,2,1,0,0,0,0,0,0,0,0,,,1,24,37,24,12,1,0,0,0
PIT189807060,box,1898-07-06,0,PIT05,R,0,SLN,PIT,1,0,1,0,1,,29,1,4,4,0,0,0,,1,,1,,1,,0,0,0,2,,0,2,1,1,1,0,0,0,0,1,0,24,32,29,3,3,11,11,0,0,0,0,2,,3,,0,1,0,0,0,0,0,0,0,0,,,1,24,40,24,16,0,0,0,0
CL4189807070,box,1898-07-07,0,CLE05,R,0,SLN,CL4,1,0,1,0,1,,40,5,11,13,2,0,0,,3,,2,0,3,1,0,0,0,2,0,0,7,1,1,1,0,0,0,0,1,0,30,46,45,6,3,13,17,4,0,0,0,0,0,3,0,0,1,0,0,0,0,0,0,0,0,,,1,30,47,30,13,4,0,0,0
CL4189807080,box,1898-07-08,0,CLE05,R,0,SLN,CL4,1,0,1,0,1,,28,0,2,2,0,0,0,,0,,6,,3,,0,0,0,1,,0,7,1,1,1,0,0,0,0,1,0,27,35,30,5,5,5,6,1,0,0,0,4,,2,,0,1,0,0,1,0,0,0,0,0,,,1,27,42,27,14,1,1,0,0
CL4189807090,box,1898-07-09,0,CLE05,R,0,SLN,CL4,1,0,1,0,1,,33,2,8,9,1,0,0,,1,,1,,2,,0,0,0,2,,0,5,1,1,1,0,0,0,0,1,0,27,44,37,9,9,13,15,0,1,0,0,4,,0,,0,3,0,0,1,0,0,0,0,0,,,1,27,44,27,16,1,0,0,0
NY1189807110,box,1898-07-11,0,NYC10,R,0,SLN,NY1,1,0,1,0,1,,38,4,8,9,1,0,0,,2,,5,0,6,1,2,0,0,0,0,0,14,1,1,1,0,0,0,0,1,0,24,43,37,10,6,11,15,1,0,1,0,5,0,6,0,1,0,0,0,0,0,0,0,0,0,,,1,24,38,24,10,4,0,0,0
NY1189807120,box,1898-07-12,0,NYC10,R,0,SLN,NY1,1,0,1,0,1,,32,1,7,7,0,0,0,,1,,2,0,2,0,0,0,0,1,1,0,6,1,1,1,0,0,0,0,1,0,24,36,30,7,5,6,7,1,0,0,0,6,0,3,0,0,0,0,0,0,0,0,0,0,0,,,1,24,32,24,7,1,0,0,0
NY1189807141,box,1898-07-14,1,NYC10,R,0,SLN,NY1,1,0,1,0,1,,32,5,5,6,1,0,0,,3,,4,,1,,1,0,0,0,,0,5,1,1,1,0,0,0,0,1,0,24,41,38,12,10,14,21,3,2,0,0,2,,1,,1,0,0,0,0,0,0,0,0,0,,,1,24,37,24,11,2,0,0,1
NY1189807142,box,1898-07-14,2,NYC10,R,0,SLN,NY1,1,0,1,0,1,,31,3,4,4,0,0,0,,3,,4,0,4,1,2,2,0,1,0,0,9,1,1,1,0,0,0,0,1,0,24,32,29,5,4,7,9,0,1,0,0,2,0,3,0,1,0,0,0,0,0,0,0,0,0,,,1,24,41,24,15,2,0,0,0
BRO189807150,box,1898-07-15,0,NYC12,R,0,SLN,BRO,1,0,1,0,1,,40,2,7,8,1,0,0,,2,,5,0,,1,2,1,0,1,2,0,10,1,1,1,0,0,0,0,1,0,33,47,44,3,3,11,13,0,1,0,0,2,0,,0,1,0,0,0,1,0,0,0,0,0,,,1,33,53,33,18,2,1,0,0
BRO189807160,box,1898-07-16,0,NYC12,R,0,SLN,BRO,1,1,0,0,1,,39,7,11,12,1,0,0,,6,,1,0,0,0,0,0,0,0,0,0,6,1,1,1,0,0,0,1,0,0,27,38,35,3,3,9,11,2,0,0,0,2,0,3,0,1,0,0,0,0,0,0,0,0,0,,,1,27,38,27,11,0,1,0,0
BRO189807180,box,1898-07-18,0,NYC12,R,0,SLN,BRO,1,0,1,0,1,,37,6,11,13,2,0,0,,5,,2,0,0,0,0,2,0,3,0,0,8,1,1,1,0,0,0,0,1,0,24,38,38,7,5,12,17,1,2,0,0,0,0,1,1,0,0,0,0,0,0,0,0,0,0,,,1,24,42,24,14,4,1,0,0
BRO189807190,box,1898-07-19,0,NYC12,R,0,SLN,BRO,1,0,1,0,1,,32,1,8,9,1,0,0,,1,,0,0,0,0,0,0,0,1,2,0,4,1,1,1,0,0,0,0,1,0,24,40,36,7,5,13,13,0,0,0,0,1,0,0,0,1,2,0,0,0,0,0,0,0,0,,,1,24,36,24,7,5,0,0,0
BSN189807200,box,1898-07-20,0,BOS05,R,0,SLN,BSN,1,0,1,0,1,,31,4,6,9,1,1,0,,4,,4,,0,,0,1,0,0,,0,5,1,1,1,0,0,0,0,1,0,24,37,32,7,6,11,11,0,0,0,0,2,,,,0,3,0,0,1,0,0,0,0,0,,,1,24,36,24,11,1,0,0,0
BSN189807210,box,1898-07-21,0,BOS05,R,0,SLN,BSN,1,0,1,0,1,,19,1,2,3,1,0,0,,1,,1,,,,2,0,0,0,,0,3,1,1,1,0,0,0,0,1,0,16,29,20,7,7,7,9,2,0,0,0,7,,,,1,1,0,0,1,0,0,0,0,0,,,1,16,29,16,13,0,1,0,1
BSN189807220,box,1898-07-22,0,BOS05,R,0,SLN,BSN,1,0,1,0,1,,34,2,7,7,0,0,0,,2,,4,,4,,0,0,0,2,,0,9,1,1,1,0,0,0,0,1,0,24,41,30,8,4,8,9,1,0,0,0,8,,3,,1,2,0,0,0,0,0,0,0,0,,,1,24,37,24,9,4,0,0,1
LS3189807240,box,1898-07-24,0,LOU03,R,0,SLN,LS3,1,0,1,0,1,,28,1,7,7,0,0,0,,1,,4,,,,0,1,0,0,,0,5,1,1,1,0,0,0,0,1,0,26,31,28,2,1,3,4,1,0,0,0,2,,2,,0,1,0,0,0,0,0,0,0,0,,,1,26,36,26,8,2,0,0,0
LS3189807260,box,1898-07-26,0,LOU03,R,0,SLN,LS3,1,0,1,0,1,,31,2,9,11,2,0,0,,2,,2,,,,1,0,0,1,,0,5,1,1,1,0,0,0,0,1,0,24,33,30,5,0,7,12,0,1,1,0,2,,,,0,1,0,0,0,0,0,0,0,0,,,1,24,38,24,12,2,0,0,0
LS3189807270,box,1898-07-27,0,LOU03,R,0,SLN,LS3,1,0,1,0,1,,30,1,2,5,0,0,1,,1,,4,,,,0,0,0,1,,0,6,1,1,0,0,0,1,0,1,0,24,40,35,14,6,14,19,3,1,0,0,5,,,,0,0,0,0,0,0,0,0,0,0,,,1,24,46,24,18,4,0,0,0
SLN189807280,box,1898-07-28,0,STL05,R,1,SLN,BSN,1,0,1,0,1,,35,2,7,8,1,0,0,,0,,1,,,,0,0,0,0,,0,7,1,1,1,0,0,0,0,1,0,27,41,39,6,4,11,15,1,0,1,0,2,,,,0,0,0,0,0,0,0,0,0,0,,,1,27,35,27,7,1,0,0,0
SLN189807300,box,1898-07-30,0,STL05,R,1,SLN,BSN,1,0,1,0,1,,36,2,8,8,0,0,0,,2,,4,,,,0,0,0,0,,0,11,1,1,1,0,0,0,0,1,0,24,36,35,4,4,10,12,2,0,0,0,1,,,,0,0,0,0,0,0,0,0,0,0,,,1,24,35,24,10,1,0,0,0
SLN189808011,box,1898-08-01,1,STL05,R,1,SLN,BSN,1,0,1,0,1,,33,3,5,7,0,1,0,,3,,4,,,,0,0,0,2,,0,7,1,1,1,0,0,0,0,1,0,27,39,37,4,1,9,9,0,0,0,0,0,0,,,0,2,0,0,0,0,0,0,0,0,,,1,27,42,27,12,3,0,0,0
SLN189808012,box,1898-08-01,2,STL05,R,1,SLN,BSN,1,1,0,0,1,,30,3,8,12,4,0,0,,3,,4,,,,0,1,0,0,,0,8,1,1,1,0,0,0,1,0,0,27,30,29,1,0,3,4,1,0,0,0,1,,,,0,0,0,0,0,0,0,0,0,0,,,1,27,34,27,7,0,1,0,1
SLN189808031,box,1898-08-03,1,STL05,R,1,SLN,BRO,1,1,0,0,1,,33,4,8,10,0,1,0,,4,,6,0,,1,1,1,0,0,0,0,11,1,1,1,0,0,0,1,0,0,27,35,34,3,3,9,15,2,2,0,0,0,0,,0,0,1,0,0,0,0,0,0,0,0,,,1,27,45,27,17,1,1,0,0
SLN189808032,box,1898-08-03,2,STL05,R,1,SLN,BRO,1,0,1,0,1,,38,7,12,14,2,0,0,,7,,3,0,0,0,0,1,0,1,1,0,8,1,1,1,0,0,0,0,1,0,27,43,41,9,4,13,14,1,0,0,0,0,0,,0,0,2,0,0,0,0,0,0,0,0,,,1,27,43,27,8,8,0,0,0
SLN189808040,box,1898-08-04,0,STL05,R,1,SLN,BRO,1,1,0,0,1,,31,8,9,12,3,0,0,,7,,10,0,2,0,1,1,0,0,3,0,10,1,1,1,0,0,0,1,0,0,27,43,39,7,7,15,17,2,0,0,0,1,0,0,0,1,2,0,0,0,0,0,0,0,0,,,1,27,39,27,12,0,0,0,1
SLN189808050,box,1898-08-05,0,STL05,R,1,SLN,BRO,1,1,0,0,1,,33,5,9,12,1,1,0,,4,,3,0,0,0,0,1,0,0,0,0,8,1,1,1,0,0,0,1,0,0,27,31,29,1,0,2,2,0,0,0,0,1,0,1,0,1,0,0,0,0,0,0,0,0,0,,,1,27,47,27,18,2,1,0,0
SLN189808060,box,1898-08-06,0,STL05,R,1,SLN,NY1,1,0,0,1,1,,41,6,12,16,2,1,0,,5,,3,,2,,1,1,0,1,,0,10,1,1,1,0,0,0,0,0,0,30,45,43,6,6,14,19,3,1,0,0,1,,0,,0,1,0,0,0,0,0,0,0,0,,,1,30,47,30,15,2,0,0,0
SLN189808071,box,1898-08-07,1,STL05,R,1,SLN,NY1,1,0,1,0,1,,30,1,5,5,0,0,0,,1,,5,,,,0,0,0,1,,0,7,1,1,0,0,0,1,0,1,0,27,45,35,12,8,13,14,1,0,0,0,7,,,,1,2,0,0,0,0,0,0,0,0,,,1,27,42,27,12,3,1,0,1
SLN189808072,box,1898-08-07,2,STL05,R,1,SLN,NY1,1,0,1,0,1,,37,6,11,12,1,0,0,,3,,2,,,,2,2,0,4,,0,10,1,1,1,0,0,0,0,1,0,27,43,37,8,4,14,19,5,0,0,0,2,,,,2,2,0,0,0,0,0,0,0,0,,,1,27,38,27,9,2,0,0,0
SLN189808080,box,1898-08-08,0,STL05,R,1,SLN,NY1,1,1,0,0,1,,29,4,8,11,0,0,1,,4,,1,0,1,1,0,1,0,1,1,0,3,1,1,1,0,0,0,1,0,0,27,37,34,2,2,8,8,0,0,0,0,3,0,1,0,0,0,0,0,0,0,0,0,0,0,,,1,27,40,27,12,1,0,0,0
PHI189808120,box,1898-08-12,0,PHI09,R,0,SLN,PHI,1,0,1,0,1,,29,2,5,6,1,0,0,,2,,1,,,,0,2,0,0,,0,3,1,1,1,0,0,0,0,1,0,24,32,28,5,4,6,8,0,1,0,0,3,,,,1,0,0,0,0,0,0,0,0,0,,,1,24,39,24,13,2,0,0,0
PHI189808130,box,1898-08-13,0,PHI09,R,0,SLN,PHI,1,0,1,0,1,,38,4,9,9,0,0,0,,3,,0,0,2,,1,4,0,1,,0,6,1,1,1,0,0,0,0,1,0,32,51,39,5,4,10,12,2,0,0,0,8,,4,,0,4,0,0,0,0,0,0,0,0,,,1,32,56,32,21,3,2,0,0
PHI189808150,box,1898-08-15,0,PHI09,R,0,SLN,PHI,1,1,0,0,1,,38,7,16,19,1,1,0,,5,,1,,2,,0,2,0,3,,0,7,1,1,1,0,0,0,1,0,0,27,41,35,4,4,7,10,0,0,1,0,5,,4,,1,0,0,0,0,0,0,0,0,0,,,1,27,41,26,13,2,0,0,0
WSN189808160,box,1898-08-16,0,WAS06,R,0,SLN,WSN,1,0,1,0,1,,37,2,11,11,0,0,0,,2,,1,0,4,1,0,0,0,0,0,0,9,1,1,1,0,0,0,0,1,0,27,45,41,10,8,15,18,1,1,0,0,4,0,1,0,0,0,0,0,0,0,0,0,0,0,,,1,27,44,27,13,4,0,0,0
WSN189808170,box,1898-08-17,0,WAS06,R,0,SLN,WSN,1,0,1,0,1,,35,5,8,9,1,0,0,,5,,2,0,1,1,0,0,0,1,0,0,5,1,1,1,0,0,0,0,1,0,27,42,37,9,9,14,19,1,2,0,0,2,0,0,0,1,2,0,0,0,0,0,0,0,0,,,1,27,44,27,14,3,0,0,0
WSN189808180,box,1898-08-18,0,WAS06,R,0,SLN,WSN,1,0,1,0,1,,36,3,11,13,0,1,0,,3,,2,0,1,0,0,0,0,1,0,0,8,1,1,1,0,0,0,0,1,0,27,44,40,6,4,14,14,0,0,0,0,3,0,6,0,1,0,0,0,0,0,0,0,0,0,,,1,27,40,27,11,2,1,0,0
BLN189808190,box,1898-08-19,0,BAL07,R,0,SLN,BLN,1,0,1,0,1,,34,3,10,12,0,1,0,,3,,1,,4,,0,2,0,1,,0,7,1,1,1,0,0,0,0,1,0,26,38,35,4,3,10,10,0,0,0,0,2,,5,,0,1,0,0,1,0,0,0,0,0,,,1,26,43,26,15,2,0,0,1
BLN189808200,box,1898-08-20,0,BAL07,R,0,SLN,BLN,1,0,1,0,1,,35,1,9,9,0,0,0,,1,,3,,6,,5,3,0,0,,0,18,1,1,1,0,0,0,0,1,0,24,31,28,3,2,10,11,1,0,0,0,0,0,0,,1,2,0,0,0,0,0,0,0,0,,,1,24,41,24,16,1,1,0,0
BLN189808220,box,1898-08-22,0,BAL07,R,0,SLN,BLN,1,0,1,0,1,,30,1,3,5,2,0,0,,1,,1,,4,,0,0,0,0,,0,3,1,1,1,0,0,0,0,1,0,24,36,31,6,5,11,13,0,1,0,0,2,,0,,3,0,0,0,0,0,0,0,0,0,,,1,24,41,24,16,1,1,0,0
SLN189808240,box,1898-08-24,0,STL05,R,1,SLN,WSN,1,1,0,0,1,,37,14,16,20,0,2,0,,8,,4,,,,0,1,0,1,,0,4,1,1,1,0,0,0,1,0,0,27,42,36,5,5,10,13,1,1,0,0,2,,,,2,2,0,0,0,0,0,0,0,0,,,1,27,38,27,10,1,0,0,1
SLN189808250,box,1898-08-25,0,STL05,R,1,SLN,WSN,1,1,0,0,1,,42,10,14,24,3,2,1,,9,,2,,6,,2,1,0,2,,0,13,1,1,1,0,0,0,1,0,0,27,45,38,8,7,12,16,0,2,0,0,5,,4,,2,0,0,0,0,0,0,0,0,0,,,1,27,42,27,9,6,1,0,0
SLN189808260,box,1898-08-26,0,STL05,R,1,SLN,WSN,1,0,1,0,1,,36,3,10,13,1,1,0,,3,,3,,2,,1,0,0,1,,0,10,1,1,1,0,0,0,0,1,0,27,43,37,8,6,10,20,3,2,1,0,3,,0,,2,1,0,0,0,0,0,0,0,0,,,1,27,44,27,14,3,1,0,0
SLN189808270,box,1898-08-27,0,STL05,R,1,SLN,BLN,1,0,1,0,1,,32,2,5,7,0,1,0,,1,,0,0,1,,1,0,0,0,,0,4,1,1,1,0,0,0,0,1,0,27,39,37,6,6,10,13,3,0,0,0,1,,0,,0,1,0,0,0,0,0,0,0,0,,,1,27,47,27,18,2,0,0,0
SLN189808281,box,1898-08-28,1,STL05,R,1,SLN,BLN,1,0,1,0,1,,33,2,6,7,1,0,0,,0,,1,,0,,1,0,0,0,,0,6,1,1,1,0,0,0,0,1,0,27,45,39,13,10,13,18,1,2,0,0,5,,2,,1,0,0,0,0,0,0,0,0,0,,,1,27,46,27,14,5,1,0,0
SLN189808282,box,1898-08-28,2,STL05,R,1,SLN,BLN,1,0,1,0,1,,33,2,5,10,1,2,0,,1,,0,0,4,,0,0,0,0,,0,4,1,1,1,0,0,0,0,1,0,27,44,42,6,6,15,18,3,0,0,0,0,0,1,,2,0,0,0,0,0,0,0,0,0,,,1,27,42,27,12,3,0,0,0
SLN189808310,box,1898-08-31,0,STL05,R,1,SLN,PHI,1,0,1,0,1,,38,6,11,13,0,1,0,,4,,2,,3,,1,0,0,0,,0,8,1,1,1,0,0,0,0,1,0,27,45,41,10,7,13,16,0,0,1,0,2,,3,,0,2,0,0,1,0,0,0,0,0,,,1,27,45,27,14,4,1,0,1
SLN189809010,box,1898-09-01,0,STL05,R,1,SLN,PHI,1,0,1,0,1,,33,4,8,10,2,0,0,,4,,2,,2,,1,1,0,0,,0,6,1,1,1,0,0,0,0,1,0,27,37,35,6,5,10,16,1,1,1,0,2,,1,,0,0,0,0,1,0,0,0,0,0,,,1,27,43,27,15,1,0,0,0
SLN189809020,box,1898-09-02,0,STL05,R,1,SLN,PHI,1,0,1,0,1,,35,4,8,15,2,1,1,,4,,3,,0,,0,0,0,1,,0,7,1,1,0,0,0,1,0,1,0,27,46,40,12,8,15,20,1,2,0,0,5,,0,,0,1,0,0,1,0,0,0,0,0,,,1,27,49,27,19,3,1,0,0
LS3189809030,box,1898-09-03,0,LOU03,R,0,SLN,LS3,1,0,1,0,1,,31,1,4,4,0,0,0,,1,,5,,,,1,0,0,0,,0,9,1,1,1,0,0,0,0,1,0,24,44,35,13,6,12,18,3,0,1,0,5,,0,,2,1,0,0,1,2,0,0,0,0,,,1,24,47,24,19,4,1,0,0
LS3189809041,box,1898-09-04,1,LOU03,R,0,SLN,LS3,1,0,1,0,1,,35,1,5,5,0,0,0,,1,,4,0,,0,1,1,0,0,0,0,7,1,1,1,0,0,0,0,1,0,32,42,41,2,1,10,12,0,1,0,0,1,0,,0,0,0,0,0,0,0,0,0,0,0,,,1,32,54,32,18,4,0,0,0
LS3189809042,box,1898-09-04,2,LOU03,R,0,SLN,LS3,1,0,1,0,1,,34,5,8,11,0,0,1,,5,,2,,,,1,0,0,0,,0,8,1,1,0,0,0,1,0,1,0,21,42,36,14,14,22,31,3,0,2,0,6,,,,0,0,0,0,0,0,0,0,0,0,,,1,21,38,21,15,2,0,0,0
LS3189809050,box,1898-09-05,0,LOU03,R,0,SLN,LS3,1,1,0,0,1,,28,8,11,11,0,0,0,,8,,3,,,,1,1,0,2,,0,7,1,1,1,0,0,0,1,0,0,18,31,27,5,5,9,12,1,1,0,0,3,,,,1,0,0,0,0,0,0,0,0,0,,,1,18,26,18,8,0,0,0,0
CHN189809100,box,1898-09-10,0,CHI08,R,0,SLN,CHN,1,1,0,0,1,,34,4,11,15,2,1,0,,4,,2,,1,,1,2,0,0,,0,8,1,1,1,0,0,0,1,0,0,27,34,33,2,2,7,11,2,1,0,0,0,0,0,,1,0,0,0,0,0,0,0,0,0,,,1,27,44,27,17,0,1,0,0
CHN189809111,box,1898-09-11,1,CHI08,R,0,SLN,CHN,1,0,1,0,1,,32,1,6,9,1,1,0,,1,,2,,8,,1,1,0,0,,0,8,1,1,1,0,0,0,0,1,0,24,36,33,5,3,9,10,1,0,0,0,2,,0,,0,1,0,0,0,0,0,0,0,0,,,1,24,44,24,14,6,1,0,0
CHN189809112,box,1898-09-11,2,CHI08,R,0,SLN,CHN,1,0,1,0,1,,34,3,9,11,2,0,0,,3,,0,0,3,,0,1,0,0,,0,5,1,1,1,0,0,0,0,1,0,24,37,33,5,3,11,14,0,0,1,0,2,,2,,1,1,0,0,0,0,0,0,0,0,,,1,24,44,24,15,5,1,0,1
BSN189809140,box,1898-09-14,0,BOS05,R,0,SLN,BSN,1,0,1,0,1,,34,2,7,7,0,0,0,,2,,1,,6,,0,0,0,2,,0,6,1,1,0,0,0,1,0,1,0,24,43,37,11,6,16,18,2,0,0,0,3,,2,,0,3,0,0,1,0,0,0,0,0,,,1,24,45,24,15,6,2,0,1
BSN189809151,box,1898-09-15,1,BOS05,R,0,SLN,BSN,1,0,1,0,1,,31,1,3,3,0,0,0,,0,,2,,0,,0,0,0,0,,0,5,1,1,1,0,0,0,0,1,0,24,35,30,4,4,9,9,0,0,0,0,3,,0,,0,2,0,0,0,0,0,0,0,0,,,1,24,37,24,12,1,0,0,1
BSN189809152,box,1898-09-15,2,BOS05,R,0,SLN,BSN,1,0,1,0,1,,31,0,5,5,0,0,0,,0,,3,,5,,0,0,0,1,,0,7,1,1,1,0,0,0,0,1,0,24,39,34,10,8,13,17,4,0,0,0,2,,0,,0,3,0,0,0,0,0,0,0,0,,,1,24,42,24,13,5,1,0,0
BSN189809160,box,1898-09-16,0,BOS05,R,0,SLN,BSN,1,0,1,0,1,,34,2,8,11,1,1,0,,2,,1,,1,,1,0,0,0,,0,7,1,1,1,0,0,0,0,1,0,24,40,40,10,6,15,30,3,0,4,0,0,0,0,,0,0,0,0,0,0,0,0,0,0,,,1,24,40,24,15,1,0,0,0
NY1189809170,box,1898-09-17,0,NYC10,R,0,SLN,NY1,1,0,1,0,1,,33,2,6,8,2,0,0,,2,,1,,6,,2,0,0,0,,0,7,1,1,1,0,0,0,0,1,0,24,41,39,8,5,16,17,1,0,0,0,0,0,1,,1,1,0,0,0,0,0,0,0,0,,,1,24,35,24,7,4,2,0,1
NY1189809190,box,1898-09-19,0,NYC10,R,0,SLN,NY1,1,0,1,0,1,,33,1,1,1,0,0,0,,1,,3,0,8,0,0,0,0,0,0,0,8,1,1,1,0,0,0,0,1,0,24,31,31,2,2,8,10,2,0,0,0,0,0,2,1,0,0,0,0,0,0,0,0,0,0,,,1,24,36,24,12,0,1,0,0
NY1189809200,box,1898-09-20,0,NYC10,R,0,SLN,NY1,1,0,0,1,1,,38,7,14,16,2,0,0,,5,,4,0,,0,1,2,0,0,1,0,11,1,1,1,0,0,0,0,0,0,27,37,37,7,6,14,19,2,0,1,0,0,0,,1,0,0,0,0,0,0,0,0,0,0,,,1,27,40,27,12,1,1,0,0
BRO189809210,box,1898-09-21,0,NYC12,R,0,SLN,BRO,1,1,0,0,1,,41,7,12,17,3,1,0,,6,,1,0,4,0,0,1,0,1,0,0,9,1,1,1,0,0,0,1,0,0,27,40,38,3,3,9,10,1,0,0,0,1,0,4,0,1,0,0,0,0,0,0,0,0,0,,,1,27,42,27,12,3,0,0,0
BRO189809220,box,1898-09-22,0,NYC12,R,0,SLN,BRO,1,0,0,1,1,,36,3,7,11,1,0,1,,3,,1,,1,,4,1,0,1,,0,9,1,1,1,0,0,0,0,0,0,30,42,40,3,3,13,14,1,0,0,0,1,,4,,0,1,0,0,0,0,0,0,0,0,,,1,30,45,30,13,2,1,0,0
BRO189809230,box,1898-09-23,0,NYC12,R,0,SLN,BRO,1,0,1,0,1,,30,3,7,7,0,0,0,,3,,3,0,3,1,0,3,0,0,0,0,6,1,1,1,0,0,0,0,1,0,26,36,34,4,4,9,11,2,0,0,0,2,0,2,0,0,0,0,0,0,0,0,0,0,0,,,1,26,35,26,9,0,0,0,0
SLN189809250,box,1898-09-25,0,STL05,R,1,SLN,LS3,1,0,1,0,1,,33,2,6,8,2,0,0,,2,,3,,3,,0,1,0,2,,0,8,1,1,1,0,0,0,0,1,0,27,40,30,4,2,9,10,1,0,0,0,7,,1,,0,3,0,0,0,0,0,0,0,0,,,1,27,44,27,15,2,1,0,2
SLN189809260,box,1898-09-26,0,STL05,R,1,SLN,LS3,1,0,1,0,1,,32,2,8,8,0,0,0,,2,,5,,6,,3,2,0,1,,0,13,1,1,1,0,0,0,0,1,0,27,38,33,3,3,11,14,3,0,0,0,1,,,,0,4,0,0,0,0,0,0,0,0,,,1,27,45,27,16,2,0,0,0
SLN189809270,box,1898-09-27,0,STL05,R,1,SLN,LS3,1,0,1,0,1,,39,4,14,15,1,0,0,,4,,2,,0,,1,0,0,1,,0,11,1,1,1,0,0,0,0,1,0,27,43,38,10,3,13,15,0,1,0,0,2,,1,,0,3,0,0,0,0,0,0,0,0,,,1,27,55,27,22,6,1,0,1
CIN189810011,box,1898-10-01,1,CIN05,R,0,SLN,CIN,1,0,1,0,1,,37,3,13,17,4,0,0,,3,,2,,,,0,2,0,0,,0,11,1,1,1,0,0,0,0,1,0,24,32,28,4,3,7,10,1,1,0,0,1,,,,0,3,0,0,0,0,0,0,0,0,,,1,24,43,24,18,1,1,0,0
CIN189810012,box,1898-10-01,2,CIN05,R,0,SLN,CIN,1,1,0,0,1,,35,7,13,16,3,0,0,,6,,3,,,,1,3,0,0,,0,8,1,1,1,0,0,0,1,0,0,27,36,33,3,3,7,9,2,0,0,0,3,,,,0,0,0,0,1,0,0,0,0,0,,,1,27,45,27,15,3,0,0,0
CIN189810021,box,1898-10-02,1,CIN05,R,0,SLN,CIN,1,0,1,0,1,,29,2,3,6,1,1,0,,2,,4,,,,1,0,0,1,,0,5,1,1,1,0,0,0,0,1,0,24,34,31,6,6,10,12,0,1,0,0,1,,,,0,2,0,0,0,0,0,0,0,0,,,1,24,37,24,12,1,0,0,0
CIN189810022,box,1898-10-02,2,CIN05,R,0,SLN,CIN,1,0,1,0,1,,28,0,3,4,1,0,0,,0,,2,,,,0,1,0,0,,0,4,1,1,1,0,0,0,0,1,0,24,33,25,4,4,6,8,0,1,0,0,4,,,,2,2,0,0,0,0,0,0,0,0,,,1,24,43,24,16,3,3,0,0
CIN189810031,box,1898-10-03,1,CIN05,R,0,SLN,CIN,1,0,1,0,1,,30,0,5,5,0,0,0,,0,,3,,,,0,1,0,0,,0,7,1,1,1,0,0,0,0,1,0,24,38,32,8,7,11,19,3,1,1,0,5,,,,0,1,0,0,0,0,0,0,0,0,,,1,24,38,24,12,2,1,0,0
CIN189810032,box,1898-10-03,2,CIN05,R,0,SLN,CIN,1,0,1,0,1,,39,5,13,17,2,1,0,,4,,0,0,,,0,0,0,0,,0,7,1,1,0,0,0,1,0,1,0,24,39,36,7,7,12,17,3,1,0,0,3,,,,0,0,0,0,0,0,0,0,0,0,,,1,24,34,24,9,1,0,0,0
SLN189810040,box,1898-10-04,0,STL05,R,1,SLN,PIT,1,1,0,0,1,,33,7,10,10,0,0,0,,6,,1,0,1,0,0,1,0,1,0,0,7,1,1,1,0,0,0,1,0,0,21,31,27,3,2,7,7,0,0,0,0,2,0,2,0,1,1,0,0,0,0,0,0,0,0,,,1,21,30,21,7,2,0,0,0
SLN189810050,box,1898-10-05,0,STL05,R,1,SLN,PIT,1,0,1,0,1,,38,6,14,16,2,0,0,,5,,5,,1,,0,1,0,3,,0,11,1,1,1,0,0,0,0,1,0,27,44,40,8,8,14,22,4,2,0,0,1,,2,,3,0,0,0,0,0,0,0,0,0,,,1,27,40,26,14,0,0,0,0
SLN189810061,box,1898-10-06,1,STL05,R,1,SLN,CL4,1,1,0,0,1,,32,4,9,9,0,0,0,,2,,2,,7,,0,0,0,4,,0,6,1,1,1,0,0,0,1,0,0,27,37,34,1,1,7,9,0,1,0,0,3,,1,,0,0,0,0,0,0,0,0,0,0,,,1,27,41,27,12,2,0,0,0
SLN189810062,box,1898-10-06,2,STL05,R,1,SLN,CL4,1,0,0,1,1,,19,1,3,5,0,1,0,,1,,0,0,2,,0,0,0,1,,0,3,1,1,1,0,0,0,0,0,0,15,20,18,1,0,5,5,0,0,0,0,0,0,1,,0,2,0,0,0,0,0,0,0,0,,,1,15,25,15,8,2,0,0,0
SLN189810071,box,1898-10-07,1,STL05,R,1,SLN,CL4,1,0,1,0,1,,34,2,7,8,1,0,0,,2,,2,,2,,1,0,0,0,,0,8,1,1,1,0,0,0,0,1,0,27,37,33,3,3,8,13,3,1,0,0,2,,1,,0,2,0,0,0,0,0,0,0,0,,,1,27,46,27,16,3,0,0,0
SLN189810072,box,1898-10-07,2,STL05,R,1,SLN,CL4,1,0,1,0,1,,21,2,4,4,0,0,0,,1,,1,,2,,0,0,0,2,,0,2,1,1,1,0,0,0,0,1,0,18,27,27,4,3,9,9,0,0,0,0,0,0,2,,0,0,0,0,0,0,0,0,0,0,,,1,18,27,18,7,2,0,0,0
CL4189810081,box,1898-10-08,1,CHI08,R,0,SLN,CL4,1,1,0,0,1,,26,4,6,8,2,0,0,,4,,1,,0,,0,0,0,0,,0,2,1,1,1,0,0,0,1,0,0,21,29,25,3,3,6,10,2,1,0,0,4,,,,0,0,0,0,0,0,0,0,0,0,,,1,21,33,21,12,0,2,0,1
CHN189810082,box,1898-10-08,2,CHI08,R,0,SLN,CHN,1,0,1,0,1,,34,3,7,11,1,0,1,,3,,3,,,,2,1,0,0,,0,10,1,1,1,0,0,0,0,1,0,24,31,29,4,4,8,13,0,1,1,0,2,,,,0,0,0,0,0,0,0,0,0,0,,,1,24,38,24,13,1,2,0,0
CHN189810091,box,1898-10-09,1,CHI08,R,0,SLN,CHN,1,0,1,0,1,,37,4,10,13,1,1,0,,4,,2,,2,,0,1,0,0,,0,6,1,1,1,0,0,0,0,1,0,29,40,33,5,3,4,5,1,0,0,0,4,,1,,0,3,0,0,0,0,0,0,0,0,,,1,29,55,29,21,5,1,0,0
CHN189810092,box,1898-10-09,2,CHI08,R,0,SLN,CHN,1,0,1,0,1,,20,0,1,2,1,0,0,,0,,2,,1,,0,0,0,0,,0,4,1,1,1,0,0,0,0,1,0,15,21,20,3,2,8,8,0,0,0,0,1,,1,,0,0,0,0,0,0,0,0,0,0,,,1,15,29,15,10,4,0,0,0
BLN189804160,box,1898-04-16,0,BAL07,R,0,WSN,BLN,1,0,1,0,1,,37,3,7,9,2,0,0,,2,,3,,9,,1,0,0,0,,0,11,1,1,1,0,0,0,0,1,0,24,40,39,8,8,17,19,2,0,0,0,1,,4,,0,0,0,0,0,0,0,0,0,0,,,1,24,37,24,12,1,0,0,0
WSN189804180,box,1898-04-18,0,WAS06,R,1,WSN,BLN,1,0,1,0,1,,28,0,2,2,0,0,0,,0,,1,,5,,0,0,0,0,,0,2,1,1,1,0,0,0,0,1,0,24,39,34,9,5,12,13,1,0,0,0,2,,0,,2,1,0,0,0,1,0,0,0,0,,,1,24,41,24,14,3,1,0,1
WSN189804200,box,1898-04-20,0,WAS06,R,1,WSN,BRO,1,1,0,0,1,,32,8,9,14,2,0,1,,8,,5,,1,,2,0,0,3,,0,4,1,1,1,0,0,0,1,0,0,27,43,42,6,5,16,19,1,1,0,0,0,0,4,,1,0,0,0,0,0,0,0,0,0,,,1,27,38,27,9,2,1,0,0
WSN189804210,box,1898-04-21,0,WAS06,R,1,WSN,BRO,1,1,0,0,1,,42,7,11,18,0,2,1,,6,,2,0,4,0,0,0,0,4,0,0,4,1,1,1,0,0,0,1,0,0,33,46,44,5,5,13,16,1,1,0,0,1,0,9,0,0,1,0,0,0,0,0,0,0,0,,,1,33,45,33,11,1,0,0,0
WSN189804220,box,1898-04-22,0,WAS06,R,1,WSN,BRO,1,0,1,0,1,,38,7,14,18,2,1,0,,5,,0,0,3,1,0,0,0,4,0,0,7,1,1,0,0,0,1,0,1,0,21,38,31,12,12,16,20,2,1,0,0,5,0,2,0,2,0,0,0,0,0,0,0,0,0,,,1,21,36,21,15,0,1,0,0
WSN189804230,box,1898-04-23,0,WAS06,R,1,WSN,BRO,1,0,1,0,1,,38,8,11,15,2,1,0,,8,,3,0,2,1,1,1,0,1,1,0,8,1,1,1,0,0,0,0,1,0,24,41,35,9,9,13,15,2,0,0,0,2,0,3,0,4,0,0,0,1,0,0,0,0,0,,,1,24,36,24,10,2,0,0,0
WSN189804270,box,1898-04-27,0,WAS06,R,1,WSN,NY1,1,0,1,0,1,,29,6,9,14,2,0,1,,6,,7,0,3,0,0,0,0,1,0,0,9,1,1,0,0,0,1,0,1,0,21,47,37,20,14,16,21,1,2,0,0,10,0,5,0,0,0,0,0,0,0,0,0,0,0,,,1,21,41,21,12,8,1,0,0
WSN189804290,box,1898-04-29,0,WAS06,R,1,WSN,BSN,1,0,1,0,1,,36,4,10,14,1,0,1,,4,,2,,5,,0,0,0,0,,0,7,1,1,1,0,0,0,0,1,0,27,45,42,11,11,14,23,4,1,1,0,3,,0,,0,0,0,0,0,0,0,0,0,0,,,1,27,41,27,11,3,1,0,0
WSN189804300,box,1898-04-30,0,WAS06,R,1,WSN,BSN,1,1,0,0,1,,34,7,12,16,1,0,1,,6,,3,0,0,1,0,0,0,4,1,0,6,1,1,1,0,0,0,1,0,0,27,42,39,4,3,12,16,1,0,1,0,3,0,1,0,0,0,0,0,0,0,0,0,0,0,,,1,27,41,27,12,2,0,0,0
WSN189805020,box,1898-05-02,0,WAS06,R,1,WSN,BSN,1,0,1,0,1,,32,0,7,8,1,0,0,,0,,1,0,2,0,0,0,0,0,0,0,6,1,1,1,0,0,0,0,1,0,27,40,37,7,6,13,15,2,0,0,0,2,0,0,1,1,0,0,0,0,0,0,0,0,0,,,1,27,47,27,18,2,1,0,0
WSN189805030,box,1898-05-03,0,WAS06,R,1,WSN,BSN,1,0,1,0,1,,32,5,8,12,1,0,1,,4,,4,,3,,1,0,0,1,,0,5,1,1,1,0,0,0,0,1,0,27,43,38,7,6,12,12,0,0,0,0,3,,2,,1,1,0,0,1,0,0,0,0,0,,,1,27,48,27,17,4,0,0,0
BRO189805040,box,1898-05-04,0,NYC12,R,0,WSN,BRO,1,0,1,0,1,,33,2,8,9,1,0,0,,2,,2,0,3,2,0,0,0,1,0,0,6,1,1,1,0,0,0,0,1,0,24,39,34,11,6,9,11,0,1,0,0,4,0,1,0,0,1,0,0,0,0,0,0,0,0,,,1,24,47,24,17,6,0,0,0
BRO189805060,box,1898-05-06,0,NYC12,R,0,WSN,BRO,1,0,1,0,1,,42,9,15,21,1,1,1,,9,,1,0,4,0,1,1,0,2,1,0,9,1,1,1,0,0,0,0,1,0,26,48,45,10,9,18,22,2,1,0,0,3,0,1,1,0,0,0,0,0,0,0,0,0,0,,,1,26,45,26,15,4,1,0,0
BRO189805070,box,1898-05-07,0,NYC12,R,0,WSN,BRO,1,0,1,0,1,,33,2,8,12,1,0,1,,2,,7,0,,1,0,0,0,0,1,0,11,1,1,1,0,0,0,0,1,0,24,38,35,8,8,11,15,4,0,0,0,2,0,,0,1,0,0,0,0,0,0,0,0,0,,,1,24,33,24,8,1,0,0,0
WSN189805090,box,1898-05-09,0,WAS06,R,1,WSN,PHI,1,0,1,0,1,,27,6,9,11,2,0,0,,6,,9,,,,0,2,0,6,,0,5,1,1,1,0,0,0,0,1,0,27,46,41,11,7,13,19,6,0,0,0,4,,2,,1,0,0,0,0,0,0,0,0,0,,,1,27,49,27,17,5,0,0,0
WSN189805100,box,1898-05-10,0,WAS06,R,1,WSN,PHI,1,0,1,0,1,,38,4,11,14,3,0,0,,4,,1,0,,0,1,0,0,2,0,0,9,1,1,1,0,0,0,0,1,0,27,42,39,6,5,14,18,0,2,0,0,3,0,,1,0,0,0,0,1,0,0,0,0,0,,,1,27,41,27,12,2,2,0,0
WSN189805110,box,1898-05-11,0,WAS06,R,1,WSN,PHI,1,1,0,0,1,,41,16,18,24,6,0,0,,14,,4,,2,,1,1,0,0,,0,7,1,1,1,0,0,0,1,0,0,27,42,36,7,5,8,11,1,1,0,0,5,,2,,1,0,0,0,1,1,0,0,0,0,,,1,27,38,27,10,1,0,0,0
NY1189805130,box,1898-05-13,0,NYC10,R,0,WSN,NY1,1,0,1,0,1,,35,5,7,8,1,0,0,,0,,5,0,2,0,3,0,0,1,2,0,11,1,1,1,0,0,0,0,1,0,24,39,34,9,5,9,16,2,1,1,0,5,0,1,2,0,0,0,0,0,0,0,0,0,0,,,1,24,40,24,10,6,2,0,0
NY1189805140,box,1898-05-14,0,NYC10,R,0,WSN,NY1,1,0,1,0,1,,34,2,8,9,1,0,0,,2,,2,,3,,0,0,0,0,,0,7,1,1,1,0,0,0,0,1,0,24,33,30,6,6,9,16,1,0,2,0,3,,1,,0,0,0,0,0,0,0,0,0,0,,,1,24,37,24,13,0,1,0,0
NY1189805171,box,1898-05-17,1,NYC10,R,0,WSN,NY1,1,0,1,0,1,,35,3,7,8,1,0,0,,3,,4,,8,,0,0,0,0,,0,9,1,1,1,0,0,0,0,1,0,24,45,41,9,4,14,19,5,0,0,0,4,,4,,0,0,0,0,0,0,0,0,0,0,,,1,24,39,24,12,3,0,0,0
NY1189805172,box,1898-05-17,2,NYC10,R,0,WSN,NY1,1,0,1,0,1,,34,10,9,10,1,0,0,,5,,5,,,,1,2,0,1,,0,5,1,1,0,0,0,1,0,1,0,25,47,38,11,8,11,13,2,0,0,0,8,,,,1,0,0,0,1,0,0,0,0,0,,,1,25,42,25,14,3,1,0,0
CHN189805190,box,1898-05-19,0,CHI08,R,0,WSN,CHN,1,1,0,0,1,,31,7,9,12,1,1,0,,7,,2,,1,,1,1,0,1,,0,4,1,1,1,0,0,0,1,0,0,27,44,38,6,5,11,11,0,0,0,0,4,,0,,2,0,0,0,0,0,0,0,0,0,,,1,27,48,27,17,4,3,0,0
CHN189805200,box,1898-05-20,0,CHI08,R,0,WSN,CHN,1,1,0,0,1,,35,6,11,12,1,0,0,,3,,3,,1,,1,2,0,0,,0,11,1,1,1,0,0,0,1,0,0,27,33,32,1,0,5,6,1,0,0,0,1,,4,,0,0,0,0,0,0,0,0,0,0,,,1,27,38,27,8,3,2,0,0
CHN189805210,box,1898-05-21,0,CHI08,R,0,WSN,CHN,1,0,1,0,1,,39,3,11,15,4,0,0,,3,,0,0,3,,0,0,0,0,,0,9,1,1,1,0,0,0,0,1,0,24,41,35,8,5,8,10,2,0,0,0,5,,1,,1,0,0,0,0,0,0,0,0,0,,,1,24,40,24,10,6,0,0,2
CHN189805220,box,1898-05-22,0,CHI08,R,0,WSN,CHN,1,0,1,0,1,,33,3,6,11,3,1,0,,3,,2,,2,,0,0,0,0,,0,5,1,1,0,0,0,1,0,1,0,24,43,40,10,5,14,18,2,1,0,0,3,,2,,0,0,0,0,2,0,0,0,0,0,,,1,24,37,24,6,7,0,0,0
CL4189805230,box,1898-05-23,0,CLE05,R,0,WSN,CL4,1,0,1,0,1,,35,3,8,11,1,1,0,,2,,1,,2,,1,0,0,0,,0,7,1,1,1,0,0,0,0,1,0,26,37,32,4,4,6,7,1,0,0,0,4,,3,,0,1,0,0,0,0,0,0,0,0,,,1,26,36,26,9,1,0,0,0
CL4189805240,box,1898-05-24,0,CLE05,R,0,WSN,CL4,1,0,1,0,1,,33,0,10,12,2,0,0,,0,,3,,3,,1,0,0,2,,0,10,1,1,1,0,0,0,0,1,0,24,40,31,4,4,9,9,0,0,0,0,7,,1,,1,1,0,0,0,0,0,0,0,0,,,1,24,36,24,10,2,0,0,0
CL4189805250,box,1898-05-25,0,CLE05,R,0,WSN,CL4,1,0,1,0,1,,32,4,9,12,3,0,0,,4,,1,,0,,1,1,0,0,,0,4,1,1,1,0,0,0,0,1,0,24,37,31,5,4,8,11,3,0,0,0,3,,1,,1,2,0,0,0,0,0,0,0,0,,,1,24,46,24,18,4,2,0,1
PIT189805260,box,1898-05-26,0,PIT05,R,0,WSN,PIT,1,1,0,0,1,,38,11,14,20,2,2,0,,10,,2,,2,,0,1,0,1,,0,3,1,1,1,0,0,0,1,0,0,27,42,40,7,3,12,19,1,3,0,0,1,,1,,1,0,0,0,0,0,0,0,0,0,,,1,27,45,27,12,6,0,0,0
PIT189805270,box,1898-05-27,0,PIT05,R,0,WSN,PIT,1,0,1,0,1,,38,3,7,12,0,1,1,,2,,0,0,2,,0,0,0,0,,0,8,1,1,1,0,0,0,0,1,0,24,39,33,8,2,10,14,2,1,0,0,3,,2,,0,3,0,0,0,0,0,0,0,0,,,1,24,42,24,10,8,1,0,0
PIT189805280,box,1898-05-28,0,PIT05,R,0,WSN,PIT,1,0,1,0,1,,39,7,13,16,1,1,0,,7,,3,,2,,0,0,0,1,,0,8,1,1,0,0,0,1,0,1,0,24,41,34,9,8,16,18,0,1,0,0,4,,2,,0,3,0,0,0,0,0,0,0,0,,,1,24,37,24,11,2,0,0,0
WSN189805300,box,1898-05-30,0,WAS06,R,1,WSN,SLN,1,1,0,0,1,,32,5,8,14,1,1,1,,5,,1,0,1,0,0,1,0,0,1,0,5,1,1,1,0,0,0,1,0,0,27,40,39,3,3,13,13,0,0,0,0,1,0,1,2,0,0,0,0,0,0,0,0,0,0,,,1,27,42,26,14,2,2,0,0
WSN189805310,box,1898-05-31,0,WAS06,R,1,WSN,SLN,1,1,0,0,1,,35,8,12,15,1,1,0,,7,,4,0,1,0,0,0,0,0,0,0,7,1,1,0,0,0,1,1,0,0,27,44,39,5,5,13,18,3,1,0,0,4,0,5,0,1,0,0,0,0,0,0,0,0,0,,,1,27,37,27,10,0,0,0,0
WSN189806011,box,1898-06-01,1,WAS06,R,1,WSN,SLN,1,1,0,0,1,,35,8,10,15,0,1,1,,7,,1,0,2,0,0,0,0,4,0,0,4,1,1,1,0,0,0,1,0,0,27,34,34,3,1,8,8,0,0,0,0,0,0,2,1,0,0,0,0,0,0,0,0,0,0,,,1,27,44,27,14,3,2,0,0
WSN189806012,box,1898-06-01,2,WAS06,R,1,WSN,SLN,1,1,0,0,1,,38,9,15,18,1,1,0,,7,,2,0,4,0,1,0,0,4,1,0,8,1,1,1,0,0,0,1,0,0,27,35,32,4,2,7,9,0,1,0,0,3,0,1,0,0,0,0,0,0,0,0,0,0,0,,,1,27,42,27,13,2,2,0,0
WSN189806020,box,1898-06-02,0,WAS06,R,1,WSN,LS3,1,1,0,0,1,,40,13,14,18,2,1,0,,9,,7,0,3,0,0,1,0,4,0,0,11,1,1,1,0,0,0,1,0,0,27,38,35,4,2,10,11,1,0,0,0,2,0,1,0,0,1,0,0,0,0,0,0,0,0,,,1,27,42,27,13,2,0,0,0
WSN189806030,box,1898-06-03,0,WAS06,R,1,WSN,LS3,1,0,1,0,1,,41,4,11,15,1,0,1,,3,,1,,,,0,0,0,0,,0,11,1,1,0,0,0,1,0,1,0,27,50,39,16,9,11,15,1,0,1,0,8,,,,1,2,0,0,1,0,0,0,0,0,,,1,27,51,27,17,7,1,0,0
WSN189806040,box,1898-06-04,0,WAS06,R,1,WSN,LS3,1,0,1,0,1,,32,2,6,7,1,0,0,,2,,2,,4,,1,1,0,1,,0,7,1,1,1,0,0,0,0,1,0,27,36,32,4,2,7,8,1,0,0,0,3,,0,,1,0,0,0,0,0,0,0,0,0,,,1,27,38,26,10,2,0,0,0
WSN189806060,box,1898-06-06,0,WAS06,R,1,WSN,LS3,1,1,0,0,1,,36,8,13,20,1,3,0,,8,,5,,1,,1,0,0,9,,0,10,1,1,1,0,0,0,1,0,0,27,41,35,5,2,9,10,1,0,0,0,4,,3,,0,2,0,0,0,0,0,0,0,0,,,1,27,38,27,10,1,0,0,0
WSN189806070,box,1898-06-07,0,WAS06,R,1,WSN,PIT,1,0,1,0,1,,33,2,5,8,1,1,0,,2,,1,0,4,0,0,0,0,0,0,0,5,1,1,0,0,0,1,0,1,0,27,35,35,3,2,8,13,0,1,1,0,0,0,1,1,0,0,0,0,0,0,0,0,0,0,,,1,27,41,27,12,2,1,0,0
WSN189806080,box,1898-06-08,0,WAS06,R,1,WSN,PIT,1,1,0,0,1,,37,10,14,17,1,1,0,,10,,1,0,1,0,1,0,0,2,1,0,5,1,1,1,0,0,0,1,0,0,27,35,32,3,3,5,6,1,0,0,0,3,0,3,0,0,0,0,0,0,0,0,0,0,0,,,1,27,40,27,11,2,0,0,0
WSN189806090,box,1898-06-09,0,WAS06,R,1,WSN,PIT,1,1,0,0,1,,38,9,16,22,3,0,1,,9,,0,0,1,1,0,1,0,3,0,0,6,1,1,1,0,0,0,1,0,0,27,33,33,1,1,6,6,0,0,0,0,0,0,3,0,0,0,0,0,0,0,0,0,0,0,,,1,27,38,27,11,0,0,0,0
WSN189806100,box,1898-06-10,0,WAS06,R,1,WSN,PIT,1,0,1,0,1,,37,5,12,20,2,3,0,,3,,1,,,,0,0,0,1,,0,6,1,1,1,0,0,0,0,1,0,27,43,37,6,4,12,13,1,0,0,0,3,,,,1,2,0,0,0,0,0,0,0,0,,,1,27,42,27,12,3,2,0,0
BLN189806110,box,1898-06-11,0,BAL07,R,0,WSN,BLN,1,0,1,0,1,,33,0,5,8,1,1,0,,0,,1,,1,,0,0,0,0,,0,7,1,1,0,0,0,1,0,1,0,24,46,38,16,15,16,19,3,0,0,0,3,,3,,4,1,0,0,1,0,0,0,0,0,,,1,24,41,24,14,3,0,0,0
WSN189806130,box,1898-06-13,0,WAS06,R,1,WSN,BLN,1,1,0,0,1,,31,5,9,15,0,0,2,,5,,3,0,4,0,0,0,0,1,2,0,5,1,1,1,0,0,0,1,0,0,27,36,32,1,1,6,7,1,0,0,0,3,0,2,0,1,0,0,0,0,0,0,0,0,0,,,1,27,44,27,17,0,0,0,0
WSN189806141,box,1898-06-14,1,WAS06,R,1,WSN,BLN,1,1,0,0,1,,36,8,12,17,2,0,1,,6,,4,0,2,0,0,0,0,2,2,0,8,1,1,0,0,0,1,1,0,0,27,41,35,7,4,8,12,0,2,0,0,3,0,4,1,3,0,0,0,2,0,0,0,0,0,,,1,27,36,27,6,3,1,0,0
WSN189806142,box,1898-06-14,2,WAS06,R,1,WSN,BLN,1,1,0,0,1,,32,4,8,17,1,1,2,,4,,0,0,5,0,1,1,0,1,0,0,6,1,1,1,0,0,0,1,0,0,27,35,33,2,1,5,5,0,0,0,0,1,0,5,0,1,0,0,0,0,0,0,0,0,0,,,1,27,48,27,18,3,2,0,0
BLN189806150,box,1898-06-15,0,BAL07,R,0,WSN,BLN,1,0,1,0,1,,30,1,6,7,1,0,0,,1,,1,,1,,0,0,0,1,,0,6,1,1,1,0,0,0,0,1,0,21,38,31,8,3,9,11,2,0,0,0,6,,3,,0,1,0,0,1,0,0,0,0,0,,,1,21,38,21,13,4,0,0,1
BSN189806160,box,1898-06-16,0,BOS05,R,0,WSN,BSN,1,0,1,0,1,,33,1,8,8,0,0,0,,1,,3,,4,,0,1,0,2,,0,9,1,1,1,0,0,0,0,1,0,24,38,32,2,2,10,10,0,0,0,0,3,,0,,1,2,0,0,0,0,0,0,0,0,,,1,24,34,24,9,1,2,0,0
BSN189806170,box,1898-06-17,0,BOS05,R,0,WSN,BSN,1,1,0,0,1,,33,4,8,11,0,0,1,,2,,3,,2,,0,0,0,2,,0,6,1,1,1,0,0,0,1,0,0,27,39,37,3,2,12,13,1,0,0,0,2,,1,,0,0,0,0,0,0,0,0,0,0,,,1,27,44,27,14,3,1,0,0
BSN189806180,box,1898-06-18,0,BOS05,R,0,WSN,BSN,1,0,1,0,1,,31,3,4,6,2,0,0,,2,,2,,2,,0,1,0,0,,0,4,1,1,1,0,0,0,0,1,0,24,42,39,12,2,13,17,1,0,1,0,2,,0,,0,1,0,0,0,0,0,0,0,0,,,1,24,42,24,11,7,1,0,0
LS3189806200,box,1898-06-20,0,LOU03,R,0,WSN,LS3,1,0,1,0,1,,30,1,4,4,0,0,0,,1,,2,,1,,0,0,0,0,,0,4,1,1,1,0,0,0,0,1,0,24,39,35,8,8,15,16,1,0,0,0,4,,2,,0,0,0,0,0,0,0,0,0,0,,,1,24,35,24,9,2,1,0,0
LS3189806210,box,1898-06-21,0,LOU03,R,0,WSN,LS3,1,0,1,0,1,,30,3,9,10,1,0,0,,3,,4,,0,,0,2,0,0,,0,6,1,1,1,0,0,0,0,1,0,24,46,42,14,9,19,24,2,0,1,0,2,,0,,1,1,0,0,0,0,0,0,0,0,,,1,24,43,24,15,4,1,0,0
LS3189806220,box,1898-06-22,0,LOU03,R,0,WSN,LS3,1,0,1,0,1,,30,0,5,5,0,0,0,,0,,2,,,,0,0,0,0,,0,5,1,1,1,0,0,0,0,1,0,24,41,37,5,3,13,13,0,0,0,0,3,,0,,0,1,0,0,0,0,0,0,0,0,,,1,24,38,24,9,5,0,0,0
LS3189806230,box,1898-06-23,0,LOU03,R,0,WSN,LS3,1,1,0,0,1,,35,7,12,19,3,2,0,,5,,1,,,,0,1,0,0,,0,3,1,1,1,0,0,0,1,0,0,27,37,34,3,1,9,10,1,0,0,0,2,,,,0,1,0,0,0,0,0,0,0,0,,,1,27,45,27,13,5,1,0,1
CIN189806240,box,1898-06-24,0,CIN05,R,0,WSN,CIN,1,1,0,0,1,,40,10,15,18,3,0,0,,8,,2,,,,2,0,0,3,,0,10,1,1,1,0,0,0,1,0,0,27,42,37,8,6,11,12,1,0,0,0,5,,,,0,0,0,0,0,0,0,0,0,0,,,1,27,46,27,17,2,0,0,0
CIN189806250,box,1898-06-25,0,CIN05,R,0,WSN,CIN,1,0,1,0,1,,31,5,6,8,0,1,0,,5,,2,,,,1,0,0,0,,0,2,1,1,1,0,0,0,0,1,0,24,34,28,8,6,10,10,0,0,0,0,5,,,,1,0,0,0,1,0,0,0,0,0,,,1,24,36,24,11,1,1,0,0
CIN189806260,box,1898-06-26,0,CIN05,R,0,WSN,CIN,1,1,0,0,1,,37,13,13,17,4,0,0,,10,,7,,,,2,0,0,2,,0,6,1,1,1,0,0,0,1,0,0,27,40,36,4,0,10,10,0,0,0,0,3,,,,0,1,0,0,0,0,0,0,0,0,,,1,27,44,27,12,5,1,0,0
CIN189806270,box,1898-06-27,0,CIN05,R,0,WSN,CIN,1,1,0,0,1,,34,9,13,18,3,1,0,,9,,3,,1,,1,0,0,1,,0,5,1,1,1,0,0,0,1,0,0,27,34,30,2,1,4,4,0,0,0,0,4,,3,,0,0,0,0,0,0,0,0,0,0,,,1,27,42,27,13,2,1,0,0
SLN189806290,box,1898-06-29,0,STL05,R,0,WSN,SLN,1,0,1,0,1,,32,2,6,10,0,2,0,,2,,2,,,,0,1,0,1,,0,6,1,1,1,0,0,0,0,1,0,24,39,35,3,2,14,17,1,1,0,0,1,,0,,2,1,0,0,0,0,0,0,0,0,,,1,24,36,24,11,1,0,0,0
SLN189806300,box,1898-06-30,0,STL05,R,0,WSN,SLN,1,1,0,0,1,,40,13,14,21,3,2,0,,13,,3,,,,0,2,0,0,,0,5,1,1,1,0,0,0,1,0,0,27,36,35,3,2,8,9,1,0,0,0,1,,,,0,0,0,0,0,0,0,0,0,0,,,1,27,40,27,12,1,0,0,0
SLN189807010,box,1898-07-01,0,STL05,R,0,WSN,SLN,1,0,1,0,1,,34,2,7,10,1,1,0,,2,,1,,,,0,1,0,2,,0,7,1,1,0,0,0,1,0,1,0,24,32,29,4,3,7,8,1,0,0,0,2,,,,0,1,0,0,1,0,0,0,0,0,,,1,24,36,24,11,1,0,0,0
SLN189807020,box,1898-07-02,0,STL05,R,0,WSN,SLN,1,1,0,0,1,,39,9,13,19,2,2,0,,9,,3,,,,0,1,0,0,,0,7,1,1,1,0,0,0,1,0,0,27,37,32,1,0,4,4,0,0,0,0,5,,,,0,0,0,0,0,0,0,0,0,0,,,1,27,42,27,13,2,0,0,0
WSN189807041,box,1898-07-04,1,WAS06,R,1,WSN,BRO,1,0,1,0,1,,33,3,6,8,2,0,0,,2,,0,0,1,0,0,0,0,0,1,0,3,1,1,1,0,0,0,0,1,0,27,35,31,4,2,7,7,0,0,0,0,2,0,1,1,1,1,0,0,0,0,0,0,0,0,,,1,27,44,27,16,1,1,0,0
WSN189807042,box,1898-07-04,2,WAS06,R,1,WSN,BRO,1,1,0,0,1,,35,9,12,18,1,1,1,,7,,4,0,2,1,0,0,0,1,0,0,6,1,1,1,0,0,0,1,0,0,27,36,32,5,5,5,7,0,1,0,0,3,0,8,0,1,0,0,0,0,0,0,0,0,0,,,1,27,34,27,7,0,0,0,1
WSN189807050,box,1898-07-05,0,WAS06,R,1,WSN,BRO,1,1,0,0,1,,32,4,8,8,0,0,0,,4,,5,0,2,0,1,0,0,2,0,0,10,1,1,1,0,0,0,1,0,0,27,37,32,2,1,8,8,0,0,0,0,2,0,1,1,2,1,0,0,0,0,0,0,0,0,,,1,27,39,27,10,2,1,0,0
WSN189807070,box,1898-07-07,0,WAS06,R,1,WSN,BLN,1,1,0,0,1,,36,2,9,10,1,0,0,,2,,2,0,4,1,1,0,0,1,2,0,8,1,1,1,0,0,0,1,0,0,30,40,38,1,1,7,8,1,0,0,0,1,0,1,0,0,1,0,0,0,0,0,0,0,0,,,1,30,48,30,15,3,0,0,0
BLN189807080,box,1898-07-08,0,BAL07,R,0,WSN,BLN,1,1,0,0,1,,32,3,9,11,0,1,0,,3,,0,0,3,0,0,2,0,0,2,0,4,1,1,1,0,0,0,1,0,0,27,32,32,2,2,6,6,0,0,0,0,0,0,1,1,0,0,0,0,0,0,0,0,0,0,,,1,27,47,27,18,2,2,0,0
WSN189807090,box,1898-07-09,0,WAS06,R,1,WSN,BLN,1,0,1,0,1,,33,3,8,13,0,1,1,,3,,5,,,,1,0,0,0,,0,9,1,1,0,0,0,1,0,1,0,27,44,40,10,7,14,22,3,1,1,0,3,,,,0,1,0,0,0,0,0,0,0,0,,,1,27,43,27,13,3,1,0,0
WSN189807110,box,1898-07-11,0,WAS06,R,1,WSN,CHN,1,0,1,0,1,,36,2,9,9,0,0,0,,2,,0,0,1,0,0,0,0,0,1,0,7,1,1,0,0,0,1,0,1,0,27,41,37,7,5,10,17,2,1,1,0,3,0,5,0,1,0,0,0,0,0,0,0,0,0,,,1,27,39,27,9,3,1,0,0
WSN189807120,box,1898-07-12,0,WAS06,R,1,WSN,CHN,1,0,1,0,1,,35,3,5,7,0,1,0,,2,,0,0,0,,0,0,0,0,,0,5,1,1,1,0,0,0,0,1,0,27,41,38,7,3,9,11,0,1,0,0,2,,2,,1,0,0,0,0,0,0,0,0,0,,,1,27,51,27,15,9,1,0,0
WSN189807130,box,1898-07-13,0,WAS06,R,1,WSN,CHN,1,0,1,0,1,,31,2,5,7,0,1,0,,2,,1,0,2,1,1,0,0,2,0,0,4,1,1,0,0,0,1,0,1,0,24,35,29,4,3,4,7,0,0,1,0,5,0,4,0,0,1,0,0,0,0,0,0,0,0,,,1,24,32,24,6,2,0,0,0
WSN189807140,box,1898-07-14,0,WAS06,R,1,WSN,CHN,1,0,1,0,1,,32,3,8,11,1,1,0,,3,,1,0,1,1,1,0,0,0,2,0,4,1,1,1,0,0,0,0,1,0,27,38,33,4,1,6,6,0,0,0,0,4,0,9,0,1,0,0,0,0,0,0,0,0,0,,,1,27,37,27,8,2,0,0,0
WSN189807150,box,1898-07-15,0,WAS06,R,1,WSN,CL4,1,0,1,0,1,,38,4,11,15,1,0,1,,4,,1,0,2,0,0,0,0,1,1,0,8,1,1,1,0,0,0,0,1,0,27,39,37,6,1,9,13,1,0,1,0,2,0,2,1,0,0,0,0,0,0,0,0,0,0,,,1,27,49,27,18,4,1,0,0
WSN189807160,box,1898-07-16,0,WAS06,R,1,WSN,CL4,1,0,1,0,1,,35,4,11,16,1,2,0,,4,,4,0,1,0,1,0,0,0,2,0,9,1,1,1,0,0,0,0,1,0,27,45,42,7,5,13,13,0,0,0,0,3,0,2,0,0,0,0,0,0,0,0,0,0,0,,,1,27,40,27,9,4,0,0,0
WSN189807180,box,1898-07-18,0,WAS06,R,1,WSN,CL4,1,0,0,1,1,,41,2,9,10,1,0,0,,2,,1,0,3,0,0,0,0,4,1,0,7,1,1,0,0,0,1,0,0,0,33,50,45,2,0,12,14,0,1,0,0,5,0,5,0,0,0,0,0,0,0,0,0,0,0,,,1,33,51,33,15,3,0,0,0
WSN189807190,box,1898-07-19,0,WAS06,R,1,WSN,CL4,1,0,1,0,1,,35,2,11,13,2,0,0,,2,,1,0,,0,0,0,0,1,0,0,7,1,1,0,0,0,1,0,1,0,24,39,35,8,8,13,14,1,0,0,0,3,0,1,0,1,0,0,0,1,0,0,0,0,0,,,1,24,34,24,10,0,0,0,0
WSN189807200,box,1898-07-20,0,WAS06,R,1,WSN,CIN,1,1,0,0,1,,35,3,10,13,1,1,0,,2,,1,0,0,0,1,0,0,1,0,0,10,1,1,1,0,0,0,1,0,0,27,37,33,2,2,9,10,1,0,0,0,4,0,,0,0,0,0,0,0,0,0,0,0,0,,,1,27,43,27,16,0,0,0,0
WSN189807211,box,1898-07-21,1,WAS06,R,1,WSN,CIN,1,0,1,0,1,,37,6,12,18,2,2,0,,5,,3,0,2,0,0,0,0,0,1,0,7,1,1,0,0,0,1,0,1,0,27,45,40,12,12,18,27,1,1,2,0,2,0,4,0,1,2,0,0,0,0,0,0,0,0,,,1,27,39,27,10,2,1,0,0
WSN189807212,box,1898-07-21,2,WAS06,R,1,WSN,CIN,1,0,1,0,1,,34,4,8,13,3,1,0,,4,,5,0,2,0,0,0,0,0,0,0,8,1,1,1,0,0,0,0,1,0,27,39,38,7,4,11,15,0,2,0,0,1,0,0,0,0,0,0,0,0,1,0,0,0,0,,,1,27,47,27,16,4,1,0,0
WSN189807220,box,1898-07-22,0,WAS06,R,1,WSN,CIN,1,0,1,0,1,,30,1,4,5,1,0,0,,1,,0,0,0,1,0,0,0,0,0,0,2,1,1,1,0,0,0,0,1,0,27,39,35,5,4,11,16,0,1,1,0,3,0,1,1,0,1,0,0,0,0,0,0,0,0,,,1,27,44,27,14,3,2,0,0
PHI189807230,box,1898-07-23,0,PHI09,R,0,WSN,PHI,1,0,1,0,1,,34,2,8,10,2,0,0,,2,,0,0,7,,2,0,0,0,,0,7,1,1,0,0,0,1,0,1,0,24,40,35,6,5,10,12,2,0,0,0,4,,6,,1,0,0,0,0,0,0,0,0,0,,,1,24,32,24,4,4,0,0,0
PHI189807250,box,1898-07-25,0,PHI09,R,0,WSN,PHI,1,1,0,0,1,,39,8,13,15,0,1,0,,4,,2,,0,,2,0,0,1,,0,8,1,1,1,0,0,0,1,0,0,27,39,32,4,2,5,6,1,0,0,0,6,,2,,1,0,0,0,0,0,0,0,0,0,,,1,27,38,26,9,3,0,0,0
PHI189807271,box,1898-07-27,1,PHI09,R,0,WSN,PHI,1,0,1,0,1,,35,1,9,10,1,0,0,,0,,1,,3,,0,2,0,0,,0,10,1,1,1,0,0,0,0,1,0,24,36,31,4,2,7,9,0,1,0,0,4,,3,,1,0,0,0,0,0,0,0,0,0,,,1,24,37,24,10,3,0,0,0
PHI189807272,box,1898-07-27,2,PHI09,R,0,WSN,PHI,1,0,1,0,1,,29,1,10,11,1,0,0,,1,,2,,2,,0,0,0,0,,0,9,1,1,1,0,0,0,0,1,0,18,29,24,5,1,6,7,1,0,0,0,5,,3,,0,0,0,0,0,0,0,0,0,0,,,1,18,26,18,6,2,0,0,0
CHN189807290,box,1898-07-29,0,CHI08,R,0,WSN,CHN,1,0,1,0,1,,33,3,7,8,1,0,0,,1,,1,,3,,0,0,0,1,,0,4,1,1,1,0,0,0,0,1,0,24,40,33,8,7,12,17,3,1,0,0,5,,2,,1,1,0,0,0,0,0,0,0,0,,,1,24,43,24,16,3,0,0,0
CHN189807300,box,1898-07-30,0,CHI08,R,0,WSN,CHN,1,0,1,0,1,,35,3,9,14,1,2,0,,3,,2,,4,,1,0,0,1,,0,8,1,1,0,0,0,1,0,1,0,24,44,35,13,9,12,15,1,1,0,0,6,,1,,2,1,0,0,2,0,0,0,0,0,,,1,24,44,24,16,4,1,0,2
CHN189807310,box,1898-07-31,0,CHI08,R,0,WSN,CHN,1,0,1,0,1,,33,4,9,11,2,0,0,,4,,3,,0,,1,0,0,1,,0,6,1,1,1,0,0,0,0,1,0,24,35,32,7,2,10,11,1,0,0,0,2,,2,,0,1,0,0,0,0,0,0,0,0,,,1,24,37,24,12,1,1,0,0
PIT189808020,box,1898-08-02,0,PIT05,R,0,WSN,PIT,1,0,1,0,1,,31,0,7,7,0,0,0,,0,,1,,3,,0,0,0,2,,0,5,1,1,1,0,0,0,0,1,0,24,35,31,2,1,6,6,0,0,0,0,3,,3,,1,0,0,0,0,0,0,0,0,0,,,1,24,37,24,11,2,0,0,0
PIT189808030,box,1898-08-03,0,PIT05,R,0,WSN,PIT,1,0,1,0,1,,27,1,5,5,0,0,0,,1,,4,,4,,0,3,0,0,,0,6,1,1,1,0,0,0,0,1,0,24,33,31,4,4,8,11,1,1,0,0,2,,2,,0,0,0,0,0,0,0,0,0,0,,,1,24,35,24,10,1,0,0,0
CL4189808050,box,1898-08-05,0,PHI09,R,0,WSN,CL4,1,1,0,0,1,,27,2,7,8,1,0,0,,2,,2,,3,,0,1,0,0,,0,4,1,1,1,0,0,0,1,0,0,27,34,28,1,1,4,5,1,0,0,0,5,,4,,1,0,0,0,0,0,0,0,0,0,,,1,27,36,27,9,0,1,0,0
CL4189808060,box,1898-08-06,0,PHI09,R,0,WSN,CL4,1,0,1,0,1,,31,1,6,8,2,0,0,,1,,5,,4,,0,1,0,0,,0,9,1,1,0,0,0,1,0,1,0,24,40,31,5,2,7,7,0,0,0,0,9,,1,,0,0,0,0,0,0,0,0,0,0,,,1,24,40,24,13,3,2,0,0
CL4189808081,box,1898-08-08,1,PHI09,R,0,WSN,CL4,1,0,1,0,1,,38,3,10,13,1,1,0,,2,,0,0,4,,1,0,0,0,,0,9,1,1,1,0,0,0,0,1,0,24,40,30,6,2,11,12,1,0,0,0,8,,2,,0,2,0,0,0,0,0,0,0,0,,,1,24,41,24,15,2,1,0,0
CL4189808082,box,1898-08-08,2,PHI09,R,0,WSN,CL4,1,0,0,1,1,,33,2,10,11,1,0,0,,2,,1,,,,0,0,0,2,,0,5,1,1,1,0,0,0,0,0,0,27,35,32,2,2,7,9,2,0,0,0,2,,,,0,1,0,0,1,0,0,0,0,0,,,1,27,34,27,6,1,0,0,0
WSN189808111,box,1898-08-11,1,WAS06,R,1,WSN,NY1,1,0,1,0,1,,32,3,7,8,1,0,0,,3,,9,0,9,1,0,0,0,2,1,0,11,1,1,1,0,0,0,0,1,0,27,40,36,6,6,12,18,1,1,1,0,4,0,1,0,0,0,0,0,1,0,0,0,0,0,,,1,27,46,27,16,3,0,0,0
WSN189808112,box,1898-08-11,2,WAS06,R,1,WSN,NY1,1,1,0,0,1,,35,7,12,15,1,1,0,,5,,5,0,0,0,0,0,0,3,1,0,9,1,1,1,0,0,0,1,0,0,27,37,34,4,3,8,12,0,2,0,0,3,0,3,0,0,0,0,0,0,0,0,0,0,0,,,1,27,35,27,7,1,1,0,0
WSN189808131,box,1898-08-13,1,WAS06,R,1,WSN,LS3,1,1,0,0,1,,28,2,9,11,2,0,0,,2,,1,0,2,0,0,1,0,0,2,0,4,1,1,1,0,0,0,1,0,0,27,35,34,1,1,7,7,0,0,0,0,0,0,3,0,0,1,0,0,0,0,0,0,0,0,,,1,27,38,27,9,2,0,0,0
WSN189808132,box,1898-08-13,2,WAS06,R,1,WSN,LS3,1,0,1,0,1,,32,2,7,10,1,1,0,,2,,2,0,1,1,0,0,0,0,0,0,5,1,1,1,0,0,0,0,1,0,27,44,40,9,6,11,11,0,0,0,0,2,0,3,1,1,1,0,0,0,0,0,0,0,0,,,1,27,42,27,11,4,1,0,0
WSN189808150,box,1898-08-15,0,WAS06,R,1,WSN,LS3,1,0,1,0,1,,33,1,8,9,1,0,0,,0,,1,0,1,0,0,0,0,0,2,0,6,1,1,1,0,0,0,0,1,0,27,39,34,3,2,7,8,1,0,0,0,3,0,1,0,1,1,0,0,1,0,0,0,0,0,,,1,27,43,27,12,4,1,0,1
WSN189808160,box,1898-08-16,0,WAS06,R,1,WSN,SLN,1,1,0,0,1,,41,10,15,18,1,1,0,,8,,4,0,1,0,0,0,0,4,0,0,8,1,1,1,0,0,0,1,0,0,27,38,37,2,2,11,11,0,0,0,0,1,0,4,1,0,0,0,0,0,0,0,0,0,0,,,1,27,36,27,9,0,1,0,0
WSN189808170,box,1898-08-17,0,WAS06,R,1,WSN,SLN,1,1,0,0,1,,37,9,14,19,1,2,0,,8,,2,0,0,0,1,2,0,4,0,0,6,1,1,1,0,0,0,1,0,0,27,37,35,5,4,8,9,1,0,0,0,2,0,1,1,0,0,0,0,0,0,0,0,0,0,,,1,27,43,27,15,1,1,0,1
WSN189808180,box,1898-08-18,0,WAS06,R,1,WSN,SLN,1,1,0,0,1,,40,6,14,14,0,0,0,,4,,3,0,6,0,1,0,0,0,1,0,11,1,1,1,0,0,0,1,0,0,27,38,36,3,3,11,13,0,1,0,0,2,0,1,0,0,0,0,0,0,0,0,0,0,0,,,1,27,41,27,13,1,1,0,0
WSN189808190,box,1898-08-19,0,WAS06,R,1,WSN,PIT,1,0,1,0,1,,34,3,9,11,2,0,0,,2,,1,0,4,0,0,2,0,1,0,0,7,1,1,1,0,0,0,0,1,0,24,33,33,7,7,9,13,2,1,0,0,0,0,4,0,0,0,0,0,0,0,0,0,0,0,,,1,24,33,24,7,2,0,0,0
WSN189808201,box,1898-08-20,1,WAS06,R,1,WSN,PIT,1,1,0,0,1,,31,4,8,10,2,0,0,,3,,1,0,2,0,0,1,0,1,0,0,5,1,1,1,0,0,0,1,0,0,27,33,29,1,1,7,7,0,0,0,0,0,0,1,1,1,3,0,0,1,0,0,0,0,0,,,1,27,46,27,18,1,2,0,0
WSN189808202,box,1898-08-20,2,WAS06,R,1,WSN,PIT,1,1,0,0,1,,34,6,16,19,1,1,0,,6,,2,0,0,1,0,0,0,2,2,0,6,1,1,1,0,0,0,1,0,0,27,37,32,4,3,7,8,1,0,0,0,5,0,2,1,0,0,0,0,1,0,0,0,0,0,,,1,27,48,27,18,3,1,0,0
WSN189808221,box,1898-08-22,1,WAS06,R,1,WSN,PIT,1,0,1,0,1,,39,4,10,17,2,1,1,,2,,1,0,2,0,0,0,0,0,2,0,6,1,1,1,0,0,0,0,1,0,30,42,41,6,4,13,17,2,1,0,0,1,0,3,0,0,0,0,0,0,0,0,0,0,0,,,1,30,46,30,13,3,2,0,0
WSN189808222,box,1898-08-22,2,WAS06,R,1,WSN,PIT,1,0,1,0,1,,22,2,2,3,1,0,0,,2,,0,0,1,0,0,0,0,2,0,0,2,1,1,1,0,0,0,0,1,0,18,30,25,3,3,9,11,0,1,0,0,3,0,0,0,0,1,0,0,0,1,0,0,0,0,,,1,18,29,18,11,0,0,0,0
SLN189808240,box,1898-08-24,0,STL05,R,0,WSN,SLN,1,0,1,0,1,,36,5,10,13,1,1,0,,5,,2,,,,2,2,0,0,,0,10,1,1,0,0,0,1,0,1,0,24,42,37,14,11,16,20,0,2,0,0,4,,,,0,1,0,0,0,0,0,0,0,0,,,1,24,44,24,14,6,1,0,0
SLN189808250,box,1898-08-25,0,STL05,R,0,WSN,SLN,1,0,1,0,1,,38,8,12,16,0,2,0,,6,,5,,4,,2,0,0,3,,0,10,1,1,1,0,0,0,0,1,0,24,47,42,10,5,14,24,3,2,1,0,2,,6,,2,1,0,0,0,0,0,0,0,0,,,1,24,40,24,9,7,0,0,1
SLN189808260,box,1898-08-26,0,STL05,R,0,WSN,SLN,1,1,0,0,1,,37,8,10,20,3,2,1,,7,,3,,0,,2,1,0,4,,0,8,1,1,1,0,0,0,1,0,0,27,40,36,3,3,10,13,1,1,0,0,3,,2,,1,0,0,0,0,0,0,0,0,0,,,1,27,44,27,15,2,1,0,0
LS3189808270,box,1898-08-27,0,LOU03,R,0,WSN,LS3,1,0,1,0,1,,35,3,8,11,1,1,0,,3,,5,,,,0,0,0,0,,0,7,1,1,1,0,0,0,0,1,0,27,41,36,4,3,10,10,0,0,0,0,3,,0,,2,0,0,0,0,0,0,0,0,0,,,1,27,50,27,20,3,2,0,0
LS3189808280,box,1898-08-28,0,LOU03,R,0,WSN,LS3,1,0,1,0,1,,32,3,7,8,1,0,0,,1,,3,,,,0,0,0,2,,0,5,1,1,1,0,0,0,0,1,0,24,34,30,5,4,11,14,3,0,0,0,0,0,,,1,3,0,0,0,0,0,0,0,0,,,1,24,42,24,14,4,0,0,0
LS3189808290,box,1898-08-29,0,LOU03,R,0,WSN,LS3,1,0,1,0,1,,32,1,7,7,0,0,0,,1,,0,0,0,,0,0,0,1,,0,4,1,1,1,0,0,0,0,1,0,24,35,32,8,7,11,17,1,1,1,0,2,,,,0,1,0,0,0,0,0,0,0,0,,,1,24,40,24,12,4,0,0,0
CIN189808310,box,1898-08-31,0,CIN05,R,0,WSN,CIN,1,0,1,0,1,,35,5,9,11,0,1,0,,3,,2,,,,0,0,0,0,,0,5,1,1,1,0,0,0,0,1,0,24,40,38,9,6,14,16,2,0,0,0,2,,,,0,0,0,0,0,0,0,0,0,0,,,1,24,39,24,10,5,1,0,0
CIN189809010,box,1898-09-01,0,CIN05,R,0,WSN,CIN,1,0,1,0,1,,33,4,8,10,2,0,0,,2,,1,,,,0,2,0,1,,0,5,1,1,1,0,0,0,0,1,0,24,37,33,5,2,13,16,3,0,0,0,3,,,,0,1,0,0,0,0,0,0,0,0,,,1,24,40,24,12,4,2,0,0
CIN189809030,box,1898-09-03,0,CIN05,R,0,WSN,CIN,1,0,1,0,1,,32,2,8,9,1,0,0,,2,,3,,,,0,1,0,1,,0,7,1,1,1,0,0,0,0,1,0,24,36,32,4,4,9,12,1,1,0,0,3,,,,1,0,0,0,1,0,0,0,0,0,,,1,24,38,24,13,1,0,0,0
BSN189809051,box,1898-09-05,1,BOS05,R,0,WSN,BSN,1,0,1,0,1,,31,1,6,6,0,0,0,,0,,1,0,8,2,0,1,0,1,0,0,5,1,1,1,0,0,0,0,1,0,24,31,26,2,2,7,10,0,0,1,0,2,0,1,1,0,2,0,0,1,1,0,0,0,0,,,1,24,35,24,11,0,3,0,0
BSN189809052,box,1898-09-05,2,BOS05,R,0,WSN,BSN,1,0,1,0,1,,34,2,6,7,1,0,0,,2,,1,0,2,0,0,0,0,2,0,0,6,1,1,1,0,0,0,0,1,0,24,37,34,6,3,10,17,2,1,1,0,2,0,,0,0,1,0,0,0,0,0,0,0,0,,,1,24,39,24,12,3,1,0,0
BSN189809060,box,1898-09-06,0,BOS05,R,0,WSN,BSN,1,0,1,0,1,,34,5,7,10,0,0,1,,5,,1,,2,,0,0,0,0,,0,3,1,1,1,0,0,0,0,1,0,24,42,38,9,4,11,13,0,1,0,0,3,,3,,0,1,0,0,0,0,0,0,0,0,,,1,24,47,24,16,7,0,0,0
BSN189809070,box,1898-09-07,0,BOS05,R,0,WSN,BSN,1,0,1,0,1,,30,1,5,5,0,0,0,,0,,1,,,,2,1,0,0,,0,6,1,1,1,0,0,0,0,1,0,24,34,30,5,5,9,10,1,0,0,0,3,,2,,0,1,0,0,1,0,0,0,0,0,,,1,24,32,24,8,0,2,0,1
WSN189809080,box,1898-09-08,0,WAS06,R,1,WSN,PHI,1,0,1,0,1,,29,5,4,5,1,0,0,,3,,2,0,4,0,2,0,0,0,0,0,4,1,1,0,0,0,1,0,1,0,21,38,33,9,8,15,24,2,2,1,0,4,0,4,0,0,1,0,0,1,0,0,0,0,0,,,1,21,35,21,12,2,1,0,0
WSN189809090,box,1898-09-09,0,WAS06,R,1,WSN,PHI,1,0,1,0,1,,35,5,11,13,0,1,0,,5,,2,0,1,0,0,0,0,0,2,0,8,1,1,1,0,0,0,0,1,0,21,36,32,8,7,13,18,3,1,0,0,3,0,3,0,1,0,0,0,1,0,0,0,0,0,,,1,21,28,21,6,1,0,0,0
WSN189809100,box,1898-09-10,0,WAS06,R,1,WSN,PHI,1,0,1,0,1,,33,4,9,11,2,0,0,,4,,7,0,4,0,0,2,0,0,2,0,11,1,1,1,0,0,0,0,1,0,27,37,36,5,2,9,9,0,0,0,0,0,0,1,0,0,1,0,0,0,0,0,0,0,0,,,1,27,46,27,16,3,0,0,0
NY1189809110,box,1898-09-11,0,WNY01,R,0,WSN,NY1,1,0,1,0,1,,30,2,4,6,0,1,0,,2,,4,,2,,1,1,0,1,,0,7,1,1,1,0,0,0,0,1,0,24,37,33,8,5,9,17,2,3,0,0,2,,,,0,2,0,0,0,0,0,0,0,0,,,1,24,45,24,14,7,0,0,0
BLN189809120,box,1898-09-12,0,BAL07,R,0,WSN,BLN,1,1,0,0,1,,35,5,9,9,0,0,0,,3,,4,0,6,0,0,1,0,3,1,0,8,1,1,1,0,0,0,1,0,0,27,43,35,4,4,11,14,1,1,0,0,5,0,3,0,1,2,0,0,0,0,0,0,0,0,,,1,27,42,27,15,0,0,0,0
WSN189809141,box,1898-09-14,1,WAS06,R,1,WSN,CL4,1,0,1,0,1,,42,5,16,20,1,0,1,,4,,1,0,,0,1,0,0,2,0,0,12,1,1,1,0,0,0,0,1,0,27,47,43,8,7,18,18,0,0,0,0,3,0,2,2,0,1,0,0,0,0,0,0,0,0,,,1,27,46,27,16,3,2,0,0
WSN189809142,box,1898-09-14,2,WAS06,R,1,WSN,CL4,1,0,1,0,1,,21,1,6,8,0,1,0,,1,,1,0,,0,0,0,0,0,3,0,3,1,1,1,0,0,0,0,1,0,18,31,27,5,4,10,11,1,0,0,0,2,0,4,0,0,2,0,0,0,0,0,0,0,0,,,1,18,28,18,8,2,0,0,1
WSN189809151,box,1898-09-15,1,WAS06,R,1,WSN,CL4,1,1,0,0,1,,41,12,16,24,2,0,2,,11,,1,,1,,0,0,0,3,,0,6,1,1,1,0,0,0,1,0,0,27,43,40,7,5,13,18,1,2,0,0,2,,0,,0,1,0,0,0,0,0,0,0,0,,,1,27,46,27,15,4,0,0,0
WSN189809152,box,1898-09-15,2,WAS06,R,1,WSN,CL4,1,0,1,0,1,,33,10,11,19,2,0,2,,7,,2,,3,,2,0,0,4,,0,6,1,1,0,0,0,1,0,1,0,21,42,37,12,9,16,22,1,1,1,0,3,,1,,0,2,0,0,0,0,0,0,0,0,,,1,21,36,21,10,5,1,0,0
WSN189809160,box,1898-09-16,0,WAS06,R,1,WSN,CL4,1,0,1,0,1,,34,3,11,14,1,1,0,,2,,2,0,2,0,2,1,0,0,2,0,9,1,1,1,0,0,0,0,1,0,27,38,36,6,2,9,18,3,3,0,0,1,0,3,0,0,1,0,0,0,0,0,0,0,0,,,1,27,45,27,16,2,1,0,0
WSN189809170,box,1898-09-17,0,WAS06,R,1,WSN,CHN,1,0,1,0,1,,31,0,6,7,1,0,0,,0,,1,0,1,1,0,0,0,1,0,0,5,1,1,0,0,0,1,0,1,0,27,43,41,9,5,12,17,3,1,0,0,2,0,0,0,0,0,0,0,0,0,0,0,0,0,,,1,27,45,27,10,8,0,0,0
WSN189809190,box,1898-09-19,0,WAS06,R,1,WSN,CHN,1,1,0,0,1,,35,8,13,27,3,1,3,,8,,1,0,,0,1,1,0,1,0,0,6,1,1,1,0,0,0,1,0,0,24,35,28,5,4,7,7,0,0,0,0,6,0,5,2,0,1,0,0,0,0,0,0,0,0,,,1,24,38,23,13,2,2,0,0
WSN189809200,box,1898-09-20,0,WAS06,R,1,WSN,CHN,1,0,1,0,1,,33,2,6,10,2,1,0,,2,,3,0,3,0,0,0,0,0,0,0,7,1,1,1,0,0,0,0,1,0,24,30,29,3,1,6,10,2,1,0,0,1,0,3,0,0,0,0,0,0,0,0,0,0,0,,,1,24,41,24,14,3,0,0,0
WSN189809210,box,1898-09-21,0,WAS06,R,1,WSN,CIN,1,0,1,0,1,,35,3,9,10,1,0,0,,3,,2,,3,,0,0,0,1,,0,7,1,1,0,0,0,1,0,1,0,24,45,39,15,11,16,26,6,2,0,0,6,,6,,0,0,0,0,0,0,0,0,0,0,,,1,24,44,24,14,6,1,0,0
WSN189809231,box,1898-09-23,1,WAS06,R,1,WSN,CIN,1,1,0,0,1,,32,3,8,11,1,1,0,,2,,0,0,2,0,1,0,0,1,2,0,3,1,1,1,0,0,0,1,0,0,27,35,31,1,0,5,6,1,0,0,0,4,0,1,1,0,0,0,0,0,0,0,0,0,0,,,1,27,39,27,11,1,1,0,1
WSN189809232,box,1898-09-23,2,WAS06,R,1,WSN,CIN,1,0,1,0,1,,40,6,13,18,3,1,0,,6,,0,0,0,0,1,0,0,2,0,0,8,1,1,1,0,0,0,0,1,0,24,43,36,10,8,14,18,4,0,0,0,4,0,1,0,0,3,0,0,0,0,0,0,0,0,,,1,24,41,24,14,3,0,0,0
BLN189809240,box,1898-09-24,0,BAL07,R,0,WSN,BLN,1,0,1,0,1,,34,3,7,7,0,0,0,,2,,5,0,5,0,0,0,0,1,1,0,9,1,1,1,0,0,0,0,1,0,24,43,40,14,12,19,25,2,2,0,0,0,0,3,1,1,2,0,0,1,0,0,0,0,0,,,1,24,39,24,11,4,1,0,0
WSN189809260,box,1898-09-26,0,WAS06,R,1,WSN,BLN,1,1,0,0,1,,25,7,10,15,1,2,0,,7,,3,0,4,0,1,0,0,3,3,0,4,1,1,1,0,0,0,1,0,0,18,28,25,5,4,6,9,0,0,1,0,3,0,2,0,0,0,0,0,0,0,0,0,0,0,,,1,18,28,18,7,3,0,0,0
BLN189809270,box,1898-09-27,0,BAL07,R,0,WSN,BLN,1,0,1,0,1,,31,2,4,6,0,1,0,,1,,2,0,3,1,0,0,0,0,0,0,4,1,1,1,0,0,0,0,1,0,24,43,37,11,8,14,15,1,0,0,0,2,0,2,1,3,1,0,0,0,0,0,0,0,0,,,1,24,43,24,13,6,2,0,0
WSN189809290,box,1898-09-29,0,WAS06,R,1,WSN,NY1,1,1,0,0,1,,26,12,12,16,1,0,1,,9,,6,,3,,0,0,0,8,,0,2,1,1,1,0,0,0,1,0,0,18,22,20,1,1,3,3,0,0,0,0,2,,1,,0,0,0,0,0,0,0,0,0,0,,,1,18,27,18,9,0,1,0,0
WSN189809300,box,1898-09-30,0,WAS06,R,1,WSN,NY1,1,0,0,1,1,,35,5,12,13,1,0,0,,5,,1,0,4,0,0,1,0,1,0,0,5,1,1,1,0,0,0,0,0,0,27,40,38,5,2,10,10,0,0,0,0,2,0,,2,0,0,0,0,0,0,0,0,0,0,,,1,27,38,27,7,4,2,0,0
WSN189810011,box,1898-10-01,1,WAS06,R,1,WSN,NY1,1,1,0,0,1,,38,8,10,13,1,1,0,,7,,2,0,1,0,0,1,0,2,0,0,6,1,1,1,0,0,0,1,0,0,27,36,36,4,2,9,16,2,1,1,0,0,0,2,0,0,0,0,0,0,0,0,0,0,0,,,1,27,38,27,8,3,1,0,0
WSN189810012,box,1898-10-01,2,WAS06,R,1,WSN,NY1,1,1,0,0,1,,30,8,11,11,0,0,0,,5,,5,0,1,0,2,0,0,4,1,0,8,1,1,1,0,0,0,1,0,0,21,27,27,2,2,4,8,2,1,0,0,0,0,5,0,0,0,0,0,0,0,0,0,0,0,,,1,21,29,21,7,1,0,0,0
BRO189810020,box,1898-10-02,0,WNY01,R,0,WSN,BRO,1,0,1,0,1,,33,3,9,13,0,2,0,,3,,3,,,,0,0,0,1,,0,6,1,1,1,0,0,0,0,1,0,25,33,28,4,3,8,14,1,1,1,0,5,,,,0,0,0,0,0,0,0,0,0,0,,,1,25,40,25,12,3,1,0,0
BRO189810030,box,1898-10-03,0,NYC12,R,0,WSN,BRO,1,1,0,0,1,,35,9,11,12,1,0,0,,7,,6,,,,1,0,0,6,,0,9,1,1,1,0,0,0,1,0,0,24,36,34,6,1,9,9,0,0,0,0,2,,,,0,0,0,0,0,0,0,0,0,0,,,1,24,41,24,12,5,1,0,0
BRO189810050,box,1898-10-05,0,NYC12,R,0,WSN,BRO,1,1,0,0,1,,31,2,6,6,0,0,0,,2,,2,,0,,1,1,0,1,,0,6,1,1,1,0,0,0,1,0,0,27,33,31,1,1,5,7,2,0,0,0,1,,1,,1,0,0,0,0,0,0,0,0,0,,,1,27,41,27,13,1,0,0,0
PHI189810060,box,1898-10-06,0,PHI09,R,0,WSN,PHI,1,0,1,0,1,,32,2,6,6,0,0,0,,2,,3,,,,2,0,0,0,,0,8,1,1,1,0,0,0,0,1,0,24,35,32,5,2,6,8,0,1,0,0,3,,5,,0,0,0,0,0,0,0,0,0,0,,,1,24,40,24,13,3,0,0,0
PHI189810071,box,1898-10-07,1,PHI09,R,0,WSN,PHI,1,0,1,0,1,,35,3,10,11,1,0,0,,2,,3,,4,,2,1,0,1,,0,11,1,1,0,0,0,1,0,1,0,24,34,31,5,4,11,11,0,0,0,0,3,,1,,0,0,0,0,0,0,0,0,0,0,,,1,24,38,24,13,1,0,0,0
PHI189810072,box,1898-10-07,2,PHI09,R,0,WSN,PHI,1,0,1,0,1,,16,0,1,1,0,0,0,,0,,1,0,1,0,0,0,0,1,0,0,2,1,1,1,0,0,0,0,1,0,12,17,17,3,3,5,10,0,1,1,0,0,0,2,0,0,0,0,0,0,0,0,0,0,0,,,1,12,18,12,5,1,0,0,0
PHI189810080,box,1898-10-08,0,PHI09,R,0,WSN,PHI,1,0,1,0,1,,31,0,7,7,0,0,0,,0,,2,,1,,0,0,0,0,,0,6,1,1,1,0,0,0,0,1,0,24,35,31,6,5,6,10,1,0,1,0,4,,2,,0,0,0,0,0,0,0,0,0,0,,,1,24,40,24,11,5,1,0,0
WSN189810100,box,1898-10-10,0,WAS06,R,1,WSN,BSN,1,0,1,0,1,,32,2,7,8,1,0,0,,1,,2,0,2,1,0,0,0,2,1,0,5,1,1,1,0,0,0,0,1,0,24,41,39,8,7,12,22,1,3,1,0,2,0,8,0,0,0,0,0,0,0,0,0,0,0,,,1,24,31,24,3,4,1,0,1
WSN189810110,box,1898-10-11,0,WAS06,R,1,WSN,BSN,1,0,1,0,1,,34,5,7,10,1,1,0,,5,,3,,3,,0,0,0,1,,0,5,1,1,1,0,0,0,0,1,0,24,48,43,14,7,20,25,3,1,0,0,3,,0,,0,2,0,0,0,0,0,0,0,0,,,1,24,51,24,19,8,1,0,0
WSN189810120,box,1898-10-12,0,WAS06,R,1,WSN,BSN,1,1,0,0,1,,42,10,18,22,1,0,1,,6,,5,0,,0,1,0,0,5,0,0,11,1,1,1,0,0,0,1,0,0,27,35,34,1,1,5,6,1,0,0,0,1,0,,0,0,0,0,0,1,0,0,0,0,0,,,1,27,39,27,9,3,0,0,0
NY1189810130,box,1898-10-13,0,NYC10,R,0,WSN,NY1,1,0,1,0,1,,28,3,5,5,0,0,0,,2,,1,0,1,0,0,0,0,1,3,0,2,1,1,1,0,0,0,0,1,0,24,36,35,5,1,7,9,2,0,0,0,1,0,3,0,0,0,0,0,0,0,0,0,0,0,,,1,24,40,24,9,7,0,0,0
NY1189810150,box,1898-10-15,0,NYC10,R,0,WSN,NY1,1,0,1,0,1,,40,4,10,11,1,0,0,,4,,2,0,0,0,1,2,0,3,1,0,8,1,1,1,0,0,0,0,1,0,32,43,41,5,5,13,15,2,0,0,0,1,0,0,0,0,1,0,0,0,0,0,0,0,0,,,1,32,54,32,20,2,0,0,0
