game.key,game.source,game.date,game.number,site.key,season.phase,team.alignment,team.key,opponent.key,R_G,R_W,R_L,R_T,B_G,B_PA,B_AB,B_R,B_H,B_TB,B_2B,B_3B,B_HR,B_HR4,B_RBI,B_GW,B_BB,B_IBB,B_SO,B_GDP,B_HP,B_SH,B_SF,B_SB,B_CS,B_XI,B_LOB,P_G,P_GS,P_CG,P_SHO,P_CSHO,P_GF,P_W,P_L,P_SV,P_OUT,P_TBF,P_AB,P_R,P_ER,P_H,P_TB,P_2B,P_3B,P_HR,P_HR4,P_BB,P_IBB,P_SO,P_GDP,P_HP,P_SH,P_SF,P_XI,P_WP,P_BK,P_IR,P_IRS,P_GO,P_AO,P_PITCH,P_STRIKE,F_G,F_OUT,F_TC,F_PO,F_A,F_E,F_DP,F_TP,F_PB
BLN189704220,box,1897-04-22,0,BAL07,R,1,BLN,BSN,1,1,0,0,1,,38,10,15,20,5,0,0,,4,,4,0,2,0,2,0,0,5,2,0,10,1,1,1,0,0,0,1,0,0,27,41,35,5,2,12,15,3,0,0,0,4,0,1,1,0,2,0,0,0,0,0,0,0,0,,,1,27,46,27,16,3,1,0,0
BLN189704230,box,1897-04-23,0,BAL07,R,1,BLN,BSN,1,1,0,0,1,,36,7,12,14,0,1,0,,10,,0,0,4,0,0,0,0,4,0,0,5,1,1,1,0,0,0,1,0,0,27,39,37,5,3,11,15,2,1,0,0,1,0,1,0,0,1,0,0,0,0,0,0,0,0,,,1,27,40,27,10,3,0,0,0
BLN189704240,box,1897-04-24,0,BAL07,R,1,BLN,BSN,1,1,0,0,1,,32,7,10,16,2,2,0,,7,,4,0,0,0,0,0,0,1,3,0,5,1,1,1,0,0,0,1,0,0,27,40,37,1,1,8,10,2,0,0,0,1,0,5,1,2,0,0,0,0,0,0,0,0,0,,,1,27,44,27,14,3,1,0,0
BLN189704260,box,1897-04-26,0,BAL07,R,1,BLN,BRO,1,0,1,0,1,,34,3,6,8,2,0,0,,3,,3,0,3,0,0,0,0,0,1,0,4,1,1,1,0,0,0,0,1,0,30,43,37,4,3,9,12,3,0,0,0,4,0,,0,0,2,0,0,1,0,0,0,0,0,,,1,30,45,30,14,1,0,0,0
BLN189704270,box,1897-04-27,0,BAL07,R,1,BLN,BRO,1,1,0,0,1,,40,12,14,18,4,0,0,,10,,6,0,1,0,2,0,0,8,2,0,9,1,1,1,0,0,0,1,0,0,27,42,40,8,5,14,17,3,0,0,0,2,0,3,0,0,0,0,0,0,0,0,0,0,0,,,1,27,46,27,15,4,0,0,0
BLN189704280,box,1897-04-28,0,BAL07,R,1,BLN,BRO,1,1,0,0,1,,39,13,18,19,1,0,0,,11,,5,0,0,0,1,0,0,15,2,0,8,1,1,1,0,0,0,1,0,0,27,43,37,6,4,12,13,1,0,0,0,5,0,2,0,0,1,0,0,1,0,0,0,0,0,,,1,27,45,27,16,2,2,0,0
BLN189704290,box,1897-04-29,0,BAL07,R,1,BLN,NY1,1,1,0,0,1,,27,6,6,12,2,2,0,,4,,7,0,2,0,2,1,0,4,1,0,7,1,1,1,0,0,0,1,0,0,27,39,36,3,1,9,9,0,0,0,0,2,0,2,0,1,0,0,0,0,0,0,0,0,0,,,1,27,40,27,12,1,0,0,0
BLN189704300,box,1897-04-30,0,BAL07,R,1,BLN,NY1,1,1,0,0,1,,31,5,9,11,0,1,0,,4,,0,0,1,0,0,0,0,4,0,0,2,1,1,1,0,0,0,1,0,0,27,37,35,3,3,9,13,1,0,1,0,2,0,1,0,0,0,0,0,0,0,0,0,0,0,,,1,27,37,27,10,0,0,0,1
BRO189705030,box,1897-05-03,0,NYC11,R,0,BLN,BRO,1,0,0,1,1,,38,3,7,7,0,0,0,,3,,1,0,5,0,2,1,0,0,1,0,6,1,1,1,0,0,0,0,0,0,33,48,42,3,2,11,12,1,0,0,0,4,0,2,1,1,1,0,0,0,0,0,0,0,0,,,1,33,46,33,11,2,1,0,0
BRO189705040,box,1897-05-04,0,NYC11,R,0,BLN,BRO,1,1,0,0,1,,29,2,7,10,1,1,0,,2,,3,0,0,1,1,3,0,2,1,0,7,1,1,1,0,0,0,1,0,0,27,33,31,1,1,6,7,1,0,0,0,1,0,1,0,0,1,0,0,0,0,0,0,0,0,,,1,27,40,27,13,0,0,0,0
BRO189705050,box,1897-05-05,0,NYC11,R,0,BLN,BRO,1,0,1,0,1,,31,3,5,7,2,0,0,,2,,1,0,2,0,0,0,0,0,2,0,2,1,1,1,0,0,0,0,1,0,24,36,33,5,4,9,9,0,0,0,0,2,0,1,0,0,1,0,0,0,0,0,0,0,0,,,1,24,33,24,8,1,0,0,0
PHI189705060,box,1897-05-06,0,PHI09,R,0,BLN,PHI,1,1,0,0,1,,35,7,12,16,2,1,0,,4,,4,0,2,0,1,0,0,4,0,0,9,1,1,1,0,0,0,1,0,0,27,41,37,5,0,10,14,1,0,1,0,4,0,4,1,0,0,0,0,0,0,0,0,0,0,,,1,27,42,27,12,3,1,0,0
PHI189705070,box,1897-05-07,0,PHI09,R,0,BLN,PHI,1,1,0,0,1,,41,13,19,21,2,0,0,,11,,5,0,2,0,2,0,0,3,1,0,11,1,1,1,0,0,0,1,0,0,27,49,40,11,7,13,18,5,0,0,0,6,0,4,2,3,0,0,0,0,0,0,0,0,0,,,1,27,42,27,12,3,2,0,0
PHI189705080,box,1897-05-08,0,PHI09,R,0,BLN,PHI,1,1,0,0,1,,32,4,6,6,0,0,0,,2,,1,0,1,0,1,0,0,0,0,0,6,1,1,1,0,0,0,1,0,0,27,39,36,2,2,9,12,3,0,0,0,3,0,2,0,0,0,0,0,0,0,0,0,0,0,,,1,27,39,27,12,0,0,0,0
WSN189705100,box,1897-05-10,0,WAS06,R,0,BLN,WSN,1,0,1,0,1,,34,5,8,12,1,0,1,,4,,2,0,6,0,0,0,0,3,1,0,4,1,1,0,0,0,1,0,1,0,24,43,36,13,7,15,20,1,2,0,0,3,0,0,0,2,2,0,0,1,0,0,0,0,0,,,1,24,38,24,12,2,0,1,0
WSN189705110,box,1897-05-11,0,WAS06,R,0,BLN,WSN,1,1,0,0,1,,35,6,10,13,1,1,0,,3,,5,0,0,0,1,1,0,1,6,0,9,1,1,1,0,0,0,1,0,0,27,35,34,3,3,7,10,3,0,0,0,1,0,2,1,0,0,0,0,0,0,0,0,0,0,,,1,27,46,27,17,2,1,0,0
WSN189705120,box,1897-05-12,0,WAS06,R,0,BLN,WSN,1,1,0,0,1,,35,5,10,13,3,0,0,,5,,2,0,2,0,1,1,0,0,1,0,7,1,1,0,0,0,1,1,0,0,27,39,36,4,4,12,15,3,0,0,0,2,0,1,0,1,0,0,0,0,0,0,0,0,0,,,1,27,41,27,13,1,1,0,0
SLN189705140,box,1897-05-14,0,STL05,R,0,BLN,SLN,1,1,0,0,1,,42,11,17,22,1,2,0,,9,,4,0,1,0,1,0,0,6,2,0,9,1,1,1,0,0,0,1,0,0,27,39,33,7,5,9,14,0,1,1,0,3,0,2,2,0,3,0,0,0,0,0,0,0,0,,,1,27,44,27,14,3,2,0,0
SLN189705150,box,1897-05-15,0,STL05,R,0,BLN,SLN,1,1,0,0,1,,45,20,22,35,1,3,2,,20,,6,0,1,1,3,0,0,3,0,0,10,1,1,1,0,0,0,1,0,0,27,37,34,3,0,6,7,1,0,0,0,2,0,,0,1,0,0,0,0,0,0,0,0,0,,,1,27,43,27,13,3,0,0,0
SLN189705160,box,1897-05-16,0,STL05,R,0,BLN,SLN,1,1,0,0,1,,46,14,19,23,4,0,0,,10,,6,0,,0,0,0,0,11,0,0,11,1,1,1,0,0,0,1,0,0,27,40,36,5,2,11,14,3,0,0,0,3,0,0,0,1,0,0,0,0,0,0,0,0,0,,,1,27,43,27,13,3,1,0,0
LS3189705170,box,1897-05-17,0,LOU03,R,0,BLN,LS3,1,1,0,0,1,,35,5,14,21,2,1,1,,5,,1,0,0,0,0,0,0,0,3,0,7,1,1,1,1,0,0,1,0,0,27,35,33,0,0,6,6,0,0,0,0,2,0,,2,0,0,0,0,0,0,0,0,0,0,,,1,27,38,27,9,2,2,0,0
LS3189705180,box,1897-05-18,0,LOU03,R,0,BLN,LS3,1,1,0,0,1,,38,14,13,15,0,1,0,,6,,9,0,,0,1,1,0,1,0,0,11,1,1,1,0,0,0,1,0,0,27,46,38,11,6,10,12,2,0,0,0,7,0,,1,0,1,0,0,0,0,0,0,0,0,,,1,27,43,27,13,3,1,0,2
LS3189705190,box,1897-05-19,0,LOU03,R,0,BLN,LS3,1,1,0,0,1,,28,3,6,10,0,2,0,,3,,1,0,,0,0,0,0,0,2,0,2,1,1,1,0,0,0,1,0,0,27,38,34,1,0,7,7,0,0,0,0,4,0,,0,0,0,0,0,0,0,0,0,0,0,,,1,27,37,27,7,3,0,0,0
CIN189705200,box,1897-05-20,0,CIN05,R,0,BLN,CIN,1,0,1,0,1,,41,10,13,16,3,0,0,,8,,3,0,0,0,1,0,0,1,0,0,8,1,1,1,0,0,0,0,1,0,24,46,41,11,10,18,23,3,1,0,0,5,1,,0,0,0,0,0,0,0,0,0,0,0,,,1,24,30,23,6,1,0,0,0
CIN189705210,box,1897-05-21,0,CIN05,R,0,BLN,CIN,1,0,1,0,1,,34,5,10,14,2,1,0,,4,,4,0,3,1,3,0,0,1,0,0,9,1,1,1,0,0,0,0,1,0,24,35,32,6,5,9,12,1,1,0,0,3,0,0,0,0,0,0,0,1,0,0,0,0,0,,,1,24,45,24,18,3,0,0,0
CIN189705220,box,1897-05-22,0,CIN05,R,0,BLN,CIN,1,0,1,0,1,,40,10,12,17,5,0,0,,9,,3,0,,0,0,0,0,3,0,0,6,1,1,1,0,0,0,0,1,0,24,43,36,12,5,13,17,4,0,0,0,4,0,,0,1,2,0,0,0,0,0,0,0,0,,,1,24,51,24,20,7,1,0,0
PIT189705250,box,1897-05-25,0,PIT05,R,0,BLN,PIT,1,1,0,0,1,,34,6,11,14,1,1,0,,6,,3,0,5,1,2,0,0,1,1,0,6,1,1,1,0,0,0,1,0,0,27,38,37,2,2,8,8,0,0,0,0,1,0,2,0,0,0,0,0,0,0,0,0,0,0,,,1,27,39,27,10,2,0,0,0
PIT189705260,box,1897-05-26,0,PIT05,R,0,BLN,PIT,1,1,0,0,1,,40,10,14,18,2,1,0,,9,,2,0,1,1,2,1,0,3,0,0,8,1,1,1,0,0,0,1,0,0,27,40,35,8,8,8,14,0,3,0,0,2,0,0,0,3,0,0,0,0,0,0,0,0,0,,,1,27,41,27,14,0,0,0,0
CL4189705270,box,1897-05-27,0,CLE05,R,0,BLN,CL4,1,0,1,0,1,,39,7,12,20,2,3,0,,7,,0,0,2,0,1,1,0,1,1,0,7,1,1,1,0,0,0,0,1,0,24,45,39,8,6,16,18,2,0,0,0,6,0,6,0,0,0,0,0,0,0,0,0,0,0,,,1,24,35,23,8,4,1,0,0
CL4189705290,box,1897-05-29,0,CLE05,R,0,BLN,CL4,1,1,0,0,1,,45,8,18,22,2,1,0,,8,,1,0,3,0,0,1,0,2,0,0,12,1,1,1,0,0,0,1,0,0,27,37,34,2,1,5,8,1,1,0,0,3,0,2,0,0,0,0,0,0,0,0,0,0,0,,,1,27,39,27,10,2,0,0,0
CHN189705300,box,1897-05-30,0,CHI08,R,0,BLN,CHN,1,0,1,0,1,,39,3,9,11,0,1,0,,1,,1,0,4,0,1,0,0,5,1,0,11,1,1,1,0,0,0,0,1,0,24,38,34,9,7,11,19,0,4,0,0,4,0,1,1,0,0,0,0,1,0,0,0,0,0,,,1,24,38,24,10,4,2,0,1
CHN189705311,box,1897-05-31,1,CHI08,R,0,BLN,CHN,1,1,0,0,1,,38,6,13,17,0,2,0,,5,,4,0,3,1,1,0,0,2,2,0,10,1,1,1,0,0,0,1,0,0,27,39,34,4,2,4,5,1,0,0,0,4,0,2,0,1,0,0,0,1,0,0,0,0,0,,,1,27,41,27,10,4,0,0,1
CHN189705312,box,1897-05-31,2,CHI08,R,0,BLN,CHN,1,0,0,1,1,,38,6,11,14,0,0,1,,5,,3,0,0,1,2,0,0,1,1,0,10,1,1,1,0,0,0,0,0,0,27,43,37,6,6,12,18,0,3,0,0,6,0,6,0,0,0,0,0,0,0,0,0,0,0,,,1,27,41,27,12,2,0,0,0
BLN189706020,box,1897-06-02,0,BAL07,R,1,BLN,CIN,1,1,0,0,1,,38,10,15,21,2,2,0,,10,,3,0,1,0,1,0,0,3,0,0,8,1,1,1,0,0,0,1,0,0,27,37,34,4,3,7,9,0,1,0,0,3,0,3,0,0,0,0,0,1,0,0,0,0,0,,,1,27,40,27,12,1,0,0,1
BLN189706050,box,1897-06-05,0,BAL07,R,1,BLN,SLN,1,0,1,0,1,,40,4,15,17,2,0,0,,4,,4,0,0,2,0,0,0,4,1,0,13,1,1,0,0,0,1,0,1,0,27,47,37,6,4,12,12,0,0,0,0,6,0,,0,3,1,0,0,0,0,0,0,0,0,,,1,27,41,27,12,2,0,0,0
BLN189706070,box,1897-06-07,0,BAL07,R,1,BLN,SLN,1,1,0,0,1,,32,4,9,14,0,1,1,,4,,3,0,3,0,1,0,0,5,2,0,8,1,1,1,0,0,0,1,0,0,27,38,32,2,2,7,8,1,0,0,0,3,0,5,0,3,0,0,0,0,0,0,0,0,0,,,1,27,35,27,8,0,0,0,0
BLN189706090,box,1897-06-09,0,BAL07,R,1,BLN,CL4,1,1,0,0,1,,38,11,14,16,2,0,0,,9,,2,0,0,0,1,2,0,8,0,0,8,1,1,1,0,0,0,1,0,0,27,40,36,6,5,9,13,2,1,0,0,4,0,2,2,0,0,0,0,0,0,0,0,0,0,,,1,27,47,27,18,2,2,0,0
BLN189706100,box,1897-06-10,0,BAL07,R,1,BLN,CL4,1,1,0,0,1,,27,4,5,6,1,0,0,,4,,1,0,1,0,1,0,0,1,0,0,1,1,1,1,0,0,0,1,0,0,27,33,32,2,2,9,12,1,1,0,0,1,0,6,2,0,0,0,0,0,0,0,0,0,0,,,1,27,38,27,11,0,3,0,1
BLN189706110,box,1897-06-11,0,BAL07,R,1,BLN,CL4,1,1,0,0,1,,36,5,13,16,3,0,0,,5,,1,0,2,0,0,0,0,3,0,0,8,1,1,1,0,0,0,1,0,0,27,38,36,4,4,10,12,0,1,0,0,1,0,3,0,0,1,0,0,0,0,0,0,0,0,,,1,27,42,27,14,1,1,0,0
BLN189706120,box,1897-06-12,0,BAL07,R,1,BLN,LS3,1,1,0,0,1,,41,15,17,20,3,0,0,,10,,2,0,0,0,0,1,0,3,0,0,5,1,1,1,0,0,0,1,0,0,27,40,38,6,0,8,10,2,0,0,0,2,0,,0,0,0,0,0,0,0,0,0,0,0,,,1,27,38,27,7,4,0,0,1
BLN189706140,box,1897-06-14,0,BAL07,R,1,BLN,LS3,1,1,0,0,1,,34,9,11,14,3,0,0,,8,,4,0,1,0,1,0,0,5,2,0,6,1,1,1,0,0,0,1,0,0,27,42,38,7,4,9,13,2,1,0,0,3,0,2,0,0,1,0,0,0,0,0,0,0,0,,,1,27,46,27,13,6,0,0,1
BLN189706150,box,1897-06-15,0,BAL07,R,1,BLN,LS3,1,1,0,0,1,,32,7,9,10,1,0,0,,6,,6,0,1,1,1,0,0,3,0,0,8,1,1,1,0,0,0,1,0,0,27,38,37,5,4,10,16,2,2,0,0,1,0,4,0,0,0,0,0,0,0,0,0,0,0,,,1,27,36,27,8,1,1,0,0
BLN189706160,box,1897-06-16,0,BAL07,R,1,BLN,PIT,1,1,0,0,1,,36,10,11,14,1,1,0,,10,,1,0,2,1,1,0,0,5,1,0,4,1,1,1,0,0,0,1,0,0,27,36,30,3,0,6,6,0,0,0,0,5,0,2,2,0,1,0,0,0,0,0,0,0,0,,,1,27,45,27,16,2,2,0,0
BLN189706180,box,1897-06-18,0,BAL07,R,1,BLN,PIT,1,1,0,0,1,,37,11,16,24,4,2,0,,10,,1,0,0,0,2,0,0,4,2,0,5,1,1,1,0,0,0,1,0,0,27,43,39,9,7,16,21,2,0,1,0,3,0,5,0,1,0,0,0,0,0,0,0,0,0,,,1,27,40,27,13,0,1,0,1
BLN189706190,box,1897-06-19,0,BAL07,R,1,BLN,PIT,1,0,1,0,1,,31,1,5,6,1,0,0,,1,,2,0,,0,0,0,0,3,2,0,5,1,1,1,0,0,0,0,1,0,27,40,34,7,7,8,11,1,1,0,0,4,0,,0,0,2,0,0,0,0,0,0,0,0,,,1,27,42,27,14,1,0,0,2
BLN189706211,box,1897-06-21,1,BAL07,R,1,BLN,NY1,1,0,1,0,1,,29,2,5,7,2,0,0,,2,,2,0,1,0,1,1,0,1,0,0,4,1,1,1,0,0,0,0,1,0,27,43,40,6,4,13,15,2,0,0,0,2,0,3,0,0,1,0,0,0,0,0,0,0,0,,,1,27,39,27,11,1,0,0,2
BLN189706212,box,1897-06-21,2,BAL07,R,1,BLN,NY1,1,0,1,0,1,,37,5,10,13,3,0,0,,5,,3,0,2,0,0,0,0,1,0,0,8,1,1,1,0,0,0,0,1,0,24,36,33,6,2,8,15,1,3,0,0,3,0,2,0,0,0,0,0,0,0,0,0,0,0,,,1,24,42,24,16,2,0,0,1
BLN189706220,box,1897-06-22,0,BAL07,R,1,BLN,NY1,1,1,0,0,1,,30,4,8,8,0,0,0,,3,,6,0,2,0,1,2,0,2,0,0,8,1,1,1,0,0,0,1,0,0,27,35,32,2,0,6,11,1,2,0,0,3,0,4,0,0,0,0,0,0,0,0,0,0,0,,,1,27,44,27,15,2,2,0,0
BLN189706230,box,1897-06-23,0,BAL07,R,1,BLN,NY1,1,0,1,0,1,,30,4,9,10,1,0,0,,4,,5,0,0,0,2,0,0,1,0,0,6,1,1,0,0,0,1,0,1,0,24,45,40,9,6,16,20,2,1,0,0,4,0,3,0,0,1,0,0,0,0,0,0,0,0,,,1,24,42,24,15,3,0,0,1
BSN189706240,box,1897-06-24,0,BOS05,R,0,BLN,BSN,1,0,1,0,1,,35,5,11,12,1,0,0,,5,,4,0,3,3,1,0,0,1,1,0,8,1,1,1,0,0,0,0,1,0,24,44,43,12,12,20,23,0,0,1,0,1,0,5,1,0,0,0,0,0,0,0,0,0,0,,,1,24,42,24,16,2,1,0,1
BSN189706250,box,1897-06-25,0,BOS05,R,0,BLN,BSN,1,0,1,0,1,,34,9,11,13,2,0,0,,6,,7,0,1,1,2,3,0,5,0,0,10,1,1,1,0,0,0,0,1,0,26,47,36,10,5,11,12,1,0,0,0,9,0,4,2,1,1,0,0,1,0,0,0,0,0,,,1,26,41,26,12,3,2,0,1
BSN189706260,box,1897-06-26,0,BOS05,R,0,BLN,BSN,1,1,0,0,1,,31,1,5,8,0,0,1,,1,,2,0,1,0,0,0,0,0,1,0,5,1,1,1,1,0,0,1,0,0,27,34,31,0,0,5,5,0,0,0,0,2,0,6,0,1,0,0,0,0,0,0,0,0,0,,,1,27,35,27,8,0,0,0,1
NY1189706280,box,1897-06-28,0,NYC10,R,0,BLN,NY1,1,0,1,0,1,,30,2,4,4,0,0,0,,1,,2,0,2,1,1,0,0,0,1,0,4,1,1,0,0,0,1,0,1,0,24,33,29,4,4,6,11,0,1,1,0,4,0,2,1,0,0,0,0,0,0,0,0,0,0,,,1,24,36,24,8,4,2,0,1
NY1189706290,box,1897-06-29,0,NYC10,R,0,BLN,NY1,1,0,1,0,1,,32,2,4,5,1,0,0,,1,,4,0,4,1,0,0,0,2,1,0,7,1,1,1,0,0,0,0,1,0,24,38,34,8,8,11,16,2,0,1,0,4,0,0,1,0,0,0,0,0,0,0,0,0,0,,,1,24,36,24,11,1,1,0,0
NY1189706300,box,1897-06-30,0,NYC10,R,0,BLN,NY1,1,1,0,0,1,,35,8,9,12,1,1,0,,8,,11,0,9,0,0,0,0,1,1,0,11,1,1,1,0,0,0,1,0,0,27,37,33,3,0,6,8,2,0,0,0,3,0,7,0,1,0,0,0,1,0,0,0,0,0,,,1,27,40,26,12,2,1,0,5
BLN189707010,box,1897-07-01,0,BAL07,R,1,BLN,WSN,1,1,0,0,1,,30,6,8,11,1,1,0,,5,,4,0,,0,0,1,0,4,2,0,5,1,1,1,0,0,0,1,0,0,27,38,36,3,3,8,11,3,0,0,0,1,0,6,0,1,0,0,0,0,0,0,0,0,0,,,1,27,41,27,13,1,0,0,0
BLN189707020,box,1897-07-02,0,BAL07,R,1,BLN,WSN,1,1,0,0,1,,31,6,8,12,1,0,1,,6,,4,0,0,0,1,0,0,1,1,0,6,1,1,1,0,0,0,1,0,0,27,37,37,4,2,8,12,2,1,0,0,0,0,3,1,0,0,0,0,0,0,0,0,0,0,,,1,27,45,27,10,8,5,0,0
CIN189707040,box,1897-07-04,0,CIN05,R,0,BLN,CIN,1,0,1,0,1,,38,4,11,16,1,2,0,,3,,1,0,,1,0,0,0,1,0,0,8,1,1,1,0,0,0,0,1,0,25,42,35,5,2,10,10,0,0,0,0,5,0,,0,0,2,0,0,0,0,0,0,0,0,,,1,25,43,25,13,5,0,0,0
CIN189707050,box,1897-07-05,0,CIN05,R,0,BLN,CIN,1,0,1,0,1,,36,5,11,14,3,0,0,,4,,3,0,,1,0,0,0,2,0,0,7,1,1,0,0,0,1,0,1,0,24,43,35,8,3,14,16,2,0,0,0,5,0,,1,2,1,0,0,0,0,0,0,0,0,,,1,24,38,24,12,2,1,0,0
CIN189707060,box,1897-07-06,0,CIN05,R,0,BLN,CIN,1,0,1,0,1,,34,3,7,9,2,0,0,,2,,4,0,0,0,0,0,0,1,0,0,8,1,1,0,0,0,1,0,1,0,24,43,34,10,7,16,21,5,0,0,0,4,0,0,0,0,5,0,0,0,0,0,0,0,0,,,1,24,47,24,18,5,0,0,0
LS3189707080,box,1897-07-08,0,LOU03,R,0,BLN,LS3,1,0,1,0,1,,38,3,12,14,0,1,0,,3,,1,0,0,0,0,0,0,0,1,0,9,1,1,1,0,0,0,0,1,0,27,38,33,7,5,11,17,1,1,1,0,3,0,,1,1,1,0,0,1,0,0,0,0,0,,,1,27,44,27,13,4,1,0,1
LS3189707090,box,1897-07-09,0,LOU03,R,0,BLN,LS3,1,1,0,0,1,,35,9,10,14,1,0,1,,4,,6,0,,0,2,0,0,4,1,0,10,1,1,1,0,0,0,1,0,0,27,37,33,4,3,6,8,0,1,0,0,4,0,0,0,0,0,0,0,0,0,0,0,0,0,,,1,27,45,27,17,1,0,0,0
SLN189707110,box,1897-07-11,0,STL05,R,0,BLN,SLN,1,1,0,0,1,,47,22,23,33,3,2,1,,20,,3,0,,1,1,4,0,5,1,0,6,1,1,1,0,0,0,1,0,0,27,40,35,4,3,10,17,1,3,0,0,3,0,,0,2,0,0,0,0,0,0,0,0,0,,,1,27,46,27,15,4,1,0,0
SLN189707120,box,1897-07-12,0,STL05,R,0,BLN,SLN,1,1,0,0,1,,36,9,11,19,3,1,1,,7,,5,0,1,1,1,0,0,3,2,0,6,1,1,1,0,0,0,1,0,0,27,38,32,5,4,7,8,1,0,0,0,6,0,,0,0,0,0,0,0,0,0,0,0,0,,,1,27,44,27,14,3,0,0,0
SLN189707130,box,1897-07-13,0,STL05,R,0,BLN,SLN,1,1,0,0,1,,34,10,11,15,2,1,0,,10,,6,0,0,0,1,1,0,5,1,0,8,1,1,1,0,0,0,1,0,0,27,39,38,5,4,10,18,2,0,2,0,0,0,,0,1,0,0,0,0,0,0,0,0,0,,,1,27,38,27,7,4,1,0,0
CHN189707150,box,1897-07-15,0,CHI08,R,0,BLN,CHN,1,0,1,0,1,,35,3,9,9,0,0,0,,3,,2,0,4,0,0,0,0,0,1,0,7,1,1,1,0,0,0,0,1,0,24,33,29,5,1,6,6,0,0,0,0,3,0,3,2,0,1,0,0,0,0,0,0,0,0,,,1,24,37,24,9,4,2,0,1
CHN189707160,box,1897-07-16,0,CHI08,R,0,BLN,CHN,1,1,0,0,1,,30,2,7,10,0,0,1,,2,,2,0,3,1,0,0,0,2,1,0,3,1,1,1,0,0,0,1,0,0,27,32,30,1,1,2,5,0,0,1,0,2,0,1,0,0,0,0,0,0,0,0,0,0,0,,,1,27,42,27,14,1,0,0,0
CHN189707170,box,1897-07-17,0,CHI08,R,0,BLN,CHN,1,1,0,0,1,,48,20,21,29,6,1,0,,15,,11,0,1,0,0,1,0,3,1,0,13,1,1,1,0,0,0,1,0,0,27,35,30,2,2,4,4,0,0,0,0,4,0,7,3,1,0,0,0,0,0,0,0,0,0,,,1,27,42,27,13,2,3,0,0
CHN189707180,box,1897-07-18,0,CHI08,R,0,BLN,CHN,1,0,1,0,1,,34,3,7,10,1,1,0,,3,,0,0,3,0,0,0,0,5,0,0,4,1,1,1,0,0,0,0,1,0,24,35,31,6,4,9,9,0,0,0,0,3,0,2,1,1,0,0,0,0,0,0,0,0,0,,,1,24,37,24,12,1,1,0,0
CL4189707190,box,1897-07-19,0,CLE05,R,0,BLN,CL4,1,1,0,0,1,,32,7,11,12,1,0,0,,7,,1,0,1,0,2,1,0,2,1,0,5,1,1,1,0,0,0,1,0,0,27,32,30,1,1,5,6,1,0,0,0,2,0,,2,0,0,0,0,0,0,0,0,0,0,,,1,27,40,27,12,1,2,0,0
CL4189707200,box,1897-07-20,0,CLE05,R,0,BLN,CL4,1,0,1,0,1,,33,2,6,9,1,1,0,,2,,3,0,4,1,0,0,0,1,0,0,7,1,1,1,0,0,0,0,1,0,27,45,38,7,6,12,20,3,1,1,0,4,0,0,0,0,3,0,0,0,0,0,0,0,0,,,1,27,43,27,14,2,0,0,0
PIT189707221,box,1897-07-22,1,PIT05,R,0,BLN,PIT,1,1,0,0,1,,37,9,13,21,2,3,0,,9,,3,0,3,0,4,0,0,2,1,0,8,1,1,1,0,0,0,1,0,0,27,34,32,1,1,7,9,2,0,0,0,2,0,1,2,0,0,0,0,0,0,0,0,0,0,,,1,27,44,27,15,2,2,0,0
PIT189707222,box,1897-07-22,2,PIT05,R,0,BLN,PIT,1,0,1,0,1,,34,3,10,13,3,0,0,,2,,3,0,0,0,0,0,0,4,0,0,8,1,1,1,0,0,0,0,1,0,24,33,30,4,3,7,9,2,0,0,0,2,0,0,1,1,0,0,0,0,0,0,0,0,0,,,1,24,38,24,12,2,2,0,0
PIT189707230,box,1897-07-23,0,PIT05,R,0,BLN,PIT,1,1,0,0,1,,41,8,11,14,3,0,0,,5,,1,0,4,0,0,0,0,4,0,0,7,1,1,1,0,0,0,1,0,0,27,47,36,7,4,8,11,1,1,0,0,9,0,4,0,2,0,0,0,0,0,0,0,0,0,,,1,27,36,27,7,2,0,0,1
PIT189707240,box,1897-07-24,0,PIT05,R,0,BLN,PIT,1,0,1,0,1,,39,3,11,12,1,0,0,,2,,0,0,2,0,1,0,0,2,0,0,10,1,1,0,0,0,1,0,1,0,24,48,41,16,14,17,20,1,1,0,0,3,0,0,1,3,1,0,0,0,0,0,0,0,0,,,1,24,43,24,14,5,1,0,0
CL4189707250,box,1897-07-25,0,CLE05,R,0,BLN,CL4,1,1,0,0,1,,39,6,12,14,2,0,0,,6,,1,0,,1,0,0,0,2,2,0,5,1,1,1,0,0,0,1,0,0,30,44,41,5,4,11,18,1,3,0,0,3,0,8,0,0,0,0,0,1,0,0,0,0,0,,,1,30,42,29,11,2,0,0,1
WSN189707280,box,1897-07-28,0,WAS06,R,0,BLN,WSN,1,1,0,0,1,,42,14,14,16,0,1,0,,11,,4,0,3,0,2,0,0,6,3,0,7,1,1,0,0,0,1,1,0,0,27,41,35,7,5,12,15,1,1,0,0,4,0,,0,1,1,0,0,0,0,0,0,0,0,,,1,27,41,27,13,1,0,0,0
WSN189707290,box,1897-07-29,0,WAS06,R,0,BLN,WSN,1,1,0,0,1,,39,8,14,15,1,0,0,,8,,4,0,0,0,2,0,0,5,1,0,10,1,1,1,0,0,0,1,0,0,27,37,34,2,2,8,8,0,0,0,0,2,0,4,1,1,0,0,0,1,0,0,0,0,0,,,1,27,37,27,10,0,1,0,0
WSN189707300,box,1897-07-30,0,WAS06,R,0,BLN,WSN,1,1,0,0,1,,41,15,19,22,3,0,0,,14,,7,0,1,0,4,2,0,1,1,0,12,1,1,0,0,0,1,1,0,0,27,45,37,11,11,14,20,1,1,1,0,6,0,,2,1,1,0,0,0,0,0,0,0,0,,,1,27,44,27,17,0,2,0,0
BLN189707310,box,1897-07-31,0,BAL07,R,1,BLN,PHI,1,1,0,0,1,,34,8,13,16,3,0,0,,7,,3,0,2,1,0,0,0,6,0,0,5,1,1,1,0,0,0,1,0,0,27,37,36,2,1,9,13,0,2,0,0,1,0,1,1,0,0,0,0,0,0,0,0,0,0,,,1,27,39,27,11,1,1,0,0
BLN189708020,box,1897-08-02,0,BAL07,R,1,BLN,PHI,1,1,0,0,1,,33,4,13,15,0,1,0,,4,,5,0,1,0,0,3,0,6,1,0,13,1,1,1,0,0,0,1,0,0,27,36,34,2,2,9,13,2,1,0,0,0,0,1,1,2,0,0,0,0,0,0,0,0,0,,,1,27,42,27,14,1,1,0,0
BLN189708030,box,1897-08-03,0,BAL07,R,1,BLN,PHI,1,0,1,0,1,,34,2,10,13,3,0,0,,1,,3,0,1,0,1,1,0,1,2,0,10,1,1,1,0,0,0,0,1,0,27,44,40,5,5,15,20,3,1,0,0,3,0,4,1,0,1,0,0,0,0,0,0,0,0,,,1,27,39,27,10,2,1,0,0
BSN189708050,box,1897-08-05,0,BOS05,R,0,BLN,BSN,1,1,0,0,1,,39,9,15,20,2,0,1,,9,,3,0,3,0,0,2,0,1,1,0,8,1,1,1,0,0,0,1,0,0,27,49,39,4,4,14,17,3,0,0,0,8,0,4,1,1,1,0,0,0,0,0,0,0,0,,,1,27,43,27,14,2,2,0,0
BSN189708060,box,1897-08-06,0,BOS05,R,0,BLN,BSN,1,0,1,0,1,,36,5,10,14,1,0,1,,5,,3,0,3,1,0,0,0,0,1,0,7,1,1,0,0,0,1,0,1,0,27,41,39,6,6,12,15,1,1,0,0,2,0,1,0,0,0,0,0,0,0,0,0,0,0,,,1,27,42,27,13,2,0,0,1
BSN189708070,box,1897-08-07,0,BOS05,R,0,BLN,BSN,1,0,1,0,1,,31,2,6,9,0,0,1,,2,,3,0,3,0,0,0,0,0,0,0,5,1,1,1,0,0,0,0,1,0,24,32,30,4,4,7,7,0,0,0,0,1,0,1,1,0,1,0,0,0,0,0,0,0,0,,,1,24,36,24,10,2,1,0,0
BRO189708090,box,1897-08-09,0,NYC11,R,0,BLN,BRO,1,0,1,0,1,,37,9,10,17,3,2,0,,7,,5,0,,0,2,2,0,3,0,0,10,1,1,0,0,0,1,0,1,0,24,47,46,16,10,21,25,2,1,0,0,1,0,,1,0,0,0,0,1,0,0,0,0,0,,,1,24,41,24,13,4,1,0,0
BRO189708101,box,1897-08-10,1,NYC11,R,0,BLN,BRO,1,1,0,0,1,,38,9,14,18,2,1,0,,6,,6,0,0,0,0,1,0,9,2,0,9,1,1,1,0,0,0,1,0,0,27,37,34,3,2,8,8,0,0,0,0,2,0,0,0,0,1,0,0,0,0,0,0,0,0,,,1,27,47,27,16,4,1,0,0
BRO189708102,box,1897-08-10,2,NYC11,R,0,BLN,BRO,1,0,0,1,1,,30,3,9,9,0,0,0,,0,,2,0,1,2,0,1,0,3,0,0,6,1,1,1,0,0,0,0,0,0,24,37,30,3,3,6,9,1,1,0,0,4,0,1,0,1,2,0,0,0,0,0,0,0,0,,,1,24,41,24,15,2,0,0,0
BRO189708111,box,1897-08-11,1,NYC11,R,0,BLN,BRO,1,1,0,0,1,,37,10,13,20,4,0,1,,9,,4,0,0,0,1,3,0,1,0,0,8,1,1,1,0,0,0,1,0,0,27,37,35,3,1,10,11,1,0,0,0,2,0,0,1,0,0,0,0,1,0,0,0,0,0,,,1,27,42,27,12,3,2,0,0
BRO189708112,box,1897-08-11,2,NYC11,R,0,BLN,BRO,1,1,0,0,1,,37,13,14,21,4,0,1,,10,,5,0,1,0,3,2,0,2,3,0,7,1,1,1,0,0,0,1,0,0,27,38,35,3,3,10,12,2,0,0,0,2,0,1,1,1,0,0,0,0,0,0,0,0,0,,,1,27,37,27,10,0,2,0,0
PHI189708120,box,1897-08-12,0,PHI09,R,0,BLN,PHI,1,1,0,0,1,,40,11,16,20,4,0,0,,8,,3,0,1,1,0,1,0,0,1,0,6,1,1,1,0,0,0,1,0,0,27,40,38,7,6,15,17,2,0,0,0,2,0,2,0,0,0,0,0,0,0,0,0,0,0,,,1,27,49,27,17,5,1,0,0
PHI189708130,box,1897-08-13,0,PHI09,R,0,BLN,PHI,1,1,0,0,1,,43,8,17,18,1,0,0,,8,,0,0,1,0,0,1,0,1,1,0,9,1,1,1,0,0,0,1,0,0,27,36,32,1,1,6,9,3,0,0,0,4,0,4,1,0,0,0,0,0,0,0,0,0,0,,,1,27,36,27,9,0,1,0,0
PHI189708140,box,1897-08-14,0,PHI09,R,0,BLN,PHI,1,1,0,0,1,,45,11,20,25,5,0,0,,10,,0,0,0,0,0,3,0,0,0,0,9,1,1,1,0,0,0,1,0,0,30,47,41,10,6,14,19,3,1,0,0,5,0,2,2,0,1,0,0,0,0,0,0,0,0,,,1,30,51,30,17,4,3,0,0
BLN189708160,box,1897-08-16,0,BAL07,R,1,BLN,BRO,1,1,0,0,1,,41,14,14,17,3,0,0,,11,,3,0,6,0,1,0,0,4,1,0,7,1,1,1,0,0,0,1,0,0,27,39,36,5,4,10,16,1,1,1,0,3,0,1,1,0,0,0,0,0,0,0,0,0,0,,,1,27,44,27,15,2,1,0,0
BLN189708170,box,1897-08-17,0,BAL07,R,1,BLN,BRO,1,1,0,0,1,,42,12,18,20,0,1,0,,9,,0,0,3,0,3,0,0,2,0,0,9,1,1,1,0,0,0,1,0,0,27,33,31,3,1,3,3,0,0,0,0,1,0,5,0,0,1,0,0,0,0,0,0,0,0,,,1,27,43,27,13,3,0,0,0
BLN189708180,box,1897-08-18,0,BAL07,R,1,BLN,BRO,1,1,0,0,1,,35,6,10,10,0,0,0,,6,,4,0,2,0,2,0,0,5,1,0,11,1,1,1,0,0,0,1,0,0,27,34,29,2,1,3,3,0,0,0,0,3,0,2,1,1,1,0,0,0,0,0,0,0,0,,,1,27,36,27,8,1,1,0,0
BLN189708190,box,1897-08-19,0,BAL07,R,1,BLN,CL4,1,0,1,0,1,,30,0,5,5,0,0,0,,0,,0,0,0,0,0,1,0,0,0,0,4,1,1,1,0,0,0,0,1,0,27,33,32,3,0,6,8,2,0,0,0,1,0,3,0,0,0,0,0,0,0,0,0,0,0,,,1,27,41,27,12,2,2,0,0
BLN189708200,box,1897-08-20,0,BAL07,R,1,BLN,CL4,1,0,1,0,1,,30,0,5,5,0,0,0,,0,,2,0,1,0,0,0,0,0,1,0,5,1,1,1,0,0,0,0,1,0,27,39,37,5,5,10,11,1,0,0,0,1,0,1,0,0,1,0,0,0,0,0,0,0,0,,,1,27,45,27,16,2,0,0,0
BLN189708210,box,1897-08-21,0,BAL07,R,1,BLN,CL4,1,1,0,0,1,,44,12,19,26,3,2,0,,12,,1,0,1,1,0,0,0,4,0,0,6,1,1,1,0,0,0,1,0,0,27,39,38,6,0,11,13,2,0,0,0,1,0,8,0,0,0,0,0,0,0,0,0,0,0,,,1,27,37,27,9,1,0,0,0
BLN189708241,box,1897-08-24,1,BAL07,R,1,BLN,CHN,1,1,0,0,1,,31,3,7,7,0,0,0,,1,,2,0,2,1,0,0,0,4,1,0,4,1,1,1,0,0,0,1,0,0,27,35,30,2,2,4,4,0,0,0,0,4,0,1,0,1,0,0,0,0,0,0,0,0,0,,,1,27,39,27,12,0,0,0,0
BLN189708242,box,1897-08-24,2,BAL07,R,1,BLN,CHN,1,0,0,1,1,,34,5,11,13,2,0,0,,4,,2,0,3,0,1,0,0,0,0,0,8,1,1,0,0,0,1,0,0,0,24,31,29,5,5,7,15,2,0,2,0,2,0,3,2,0,0,0,0,0,0,0,0,0,0,,,1,24,38,24,14,0,2,0,0
BLN189708250,box,1897-08-25,0,BAL07,R,1,BLN,CHN,1,1,0,0,1,,28,3,7,8,1,0,0,,3,,5,0,1,0,0,1,0,6,1,0,7,1,1,1,0,0,0,1,0,0,27,34,29,1,1,4,6,0,1,0,0,3,0,3,0,1,1,0,0,0,0,0,0,0,0,,,1,27,42,27,14,1,1,0,1
BLN189708260,box,1897-08-26,0,BAL07,R,1,BLN,CIN,1,1,0,0,1,,33,3,9,13,2,1,0,,3,,0,0,0,0,1,0,0,1,1,0,7,1,1,1,0,0,0,1,0,0,27,34,30,2,2,5,6,1,0,0,0,1,0,7,0,1,2,0,0,1,0,0,0,0,0,,,1,27,46,27,18,1,0,0,2
BLN189708271,box,1897-08-27,1,BAL07,R,1,BLN,CIN,1,1,0,0,1,,32,5,9,10,1,0,0,,4,,0,0,0,0,1,1,0,1,0,0,5,1,1,1,1,0,0,1,0,0,27,30,30,0,0,3,3,0,0,0,0,0,0,2,0,0,0,0,0,0,0,0,0,0,0,,,1,27,41,27,14,0,0,0,0
BLN189708272,box,1897-08-27,2,BAL07,R,1,BLN,CIN,1,1,0,0,1,,34,5,12,15,3,0,0,,7,,1,0,0,0,0,0,0,2,0,0,6,1,1,1,0,0,0,1,0,0,27,39,34,3,3,11,14,1,1,0,0,3,0,2,0,1,1,0,0,0,0,0,0,0,0,,,1,27,48,27,21,0,1,0,0
BLN189708280,box,1897-08-28,0,BAL07,R,1,BLN,CIN,1,1,0,0,1,,36,7,14,17,3,0,0,,6,,5,0,2,1,1,2,0,4,0,0,13,1,1,1,0,0,0,1,0,0,27,38,34,2,1,6,8,2,0,0,0,2,0,2,0,2,0,0,0,0,0,0,0,0,0,,,1,27,41,27,12,2,0,0,0
BLN189708300,box,1897-08-30,0,BAL07,R,1,BLN,CIN,1,1,0,0,1,,36,7,14,14,0,0,0,,6,,2,0,3,1,3,0,0,3,1,0,10,1,1,1,0,0,0,1,0,0,27,34,32,1,0,7,7,0,0,0,0,1,0,4,0,0,1,0,0,0,0,0,0,0,0,,,1,27,40,27,10,3,0,0,1
BLN189708310,box,1897-08-31,0,BAL07,R,1,BLN,SLN,1,1,0,0,1,,43,12,17,19,2,0,0,,12,,0,0,3,0,1,0,0,5,0,0,8,1,1,1,0,0,0,1,0,0,27,36,34,5,5,9,13,2,1,0,0,1,0,1,0,0,1,0,0,0,0,0,0,0,0,,,1,27,41,27,14,0,1,0,0
BLN189709010,box,1897-09-01,0,BAL07,R,1,BLN,SLN,1,1,0,0,1,,38,11,17,24,5,1,0,,9,,2,0,0,0,0,2,0,5,1,0,7,1,1,1,0,0,0,1,0,0,27,38,36,5,4,11,12,1,0,0,0,1,0,1,0,0,1,0,0,0,0,0,0,0,0,,,1,27,41,27,13,1,1,0,0
BLN189709020,box,1897-09-02,0,BAL07,R,1,BLN,SLN,1,0,1,0,1,,44,3,15,15,0,0,0,,1,,3,0,2,1,0,1,0,1,0,0,15,1,1,1,0,0,0,0,1,0,30,44,40,4,2,13,13,0,0,0,0,2,0,0,0,0,2,0,0,0,0,0,0,0,0,,,1,30,52,30,18,4,0,0,0
BLN189709030,box,1897-09-03,0,BAL07,R,1,BLN,SLN,1,1,0,0,1,,50,22,25,33,6,1,0,,17,,3,0,1,0,3,0,0,8,0,0,10,1,1,1,0,0,0,1,0,0,27,36,34,1,1,7,8,1,0,0,0,2,0,6,1,0,0,0,0,0,0,0,0,0,0,,,1,27,41,27,13,1,1,0,0
BLN189709040,box,1897-09-04,0,BAL07,R,1,BLN,PIT,1,1,0,0,1,,34,7,12,15,0,0,1,,6,,4,0,3,0,1,1,0,5,0,0,9,1,1,1,0,0,0,1,0,0,27,34,34,2,2,6,9,1,1,0,0,0,0,4,0,0,0,0,0,0,0,0,0,0,0,,,1,27,37,27,9,1,0,0,0
BLN189709061,box,1897-09-06,1,BAL07,R,1,BLN,PIT,1,1,0,0,1,,39,8,14,17,3,0,0,,7,,2,0,2,0,0,0,0,4,1,0,9,1,1,0,0,0,1,1,0,0,27,41,37,7,1,12,14,2,0,0,0,1,0,3,0,1,2,0,0,0,0,0,0,0,0,,,1,27,42,27,13,2,0,0,0
BLN189709062,box,1897-09-06,2,BAL07,R,1,BLN,PIT,1,1,0,0,1,,32,7,12,13,1,0,0,,7,,2,0,1,0,0,2,0,1,0,0,5,1,1,1,0,0,0,1,0,0,27,37,33,2,1,6,6,0,0,0,0,3,0,4,0,0,1,0,0,0,0,0,0,0,0,,,1,27,39,27,11,1,0,0,1
BLN189709080,box,1897-09-08,0,BAL07,R,1,BLN,LS3,1,1,0,0,1,,32,5,11,14,1,1,0,,5,,4,0,2,1,1,1,0,4,0,0,9,1,1,1,0,0,0,1,0,0,27,31,31,1,0,5,5,0,0,0,0,0,0,3,0,0,0,0,0,0,0,0,0,0,0,,,1,27,42,27,14,1,1,0,0
BLN189709090,box,1897-09-09,0,BAL07,R,1,BLN,LS3,1,1,0,0,1,,31,3,8,8,0,0,0,,1,,2,0,2,0,0,0,0,2,0,0,6,1,1,1,0,0,0,1,0,0,27,34,32,2,1,8,8,0,0,0,0,0,0,3,1,1,1,0,0,0,0,0,0,0,0,,,1,27,40,27,12,1,1,0,0
BLN189709100,box,1897-09-10,0,BAL07,R,1,BLN,LS3,1,1,0,0,1,,28,6,10,11,1,0,0,,5,,6,0,0,0,2,2,0,4,1,0,12,1,1,1,0,0,0,1,0,0,21,34,29,5,3,8,13,1,2,0,0,3,0,3,0,2,0,0,0,0,0,0,0,0,0,,,1,21,32,21,10,1,0,0,1
BLN189709110,box,1897-09-11,0,BAL07,R,1,BLN,CHN,1,0,0,1,1,,34,3,10,11,1,0,0,,3,,4,0,4,0,0,0,0,5,1,0,8,1,1,1,0,0,0,0,0,0,27,33,31,3,3,7,10,1,1,0,0,2,0,4,0,0,0,0,0,1,0,0,0,0,0,,,1,27,44,27,14,3,0,0,0
BLN189709131,box,1897-09-13,1,BAL07,R,1,BLN,CHN,1,1,0,0,1,,28,4,8,10,2,0,0,,4,,9,0,1,0,0,1,0,2,1,0,10,1,1,1,0,0,0,1,0,0,27,33,32,2,2,5,9,2,1,0,0,1,0,0,0,0,0,0,0,0,0,0,0,0,0,,,1,27,39,27,12,0,0,0,0
BLN189709132,box,1897-09-13,2,BAL07,R,1,BLN,CHN,1,1,0,0,1,,20,11,9,13,2,1,0,,11,,5,0,1,0,1,1,0,2,1,0,4,1,1,1,0,0,0,1,0,0,15,27,23,4,3,7,9,0,1,0,0,3,1,4,0,0,1,0,0,0,0,0,0,0,0,,,1,15,23,15,5,3,0,0,0
BLN189709140,box,1897-09-14,0,BAL07,R,1,BLN,CHN,1,1,0,0,1,,36,15,18,23,3,1,0,,11,,6,0,2,3,2,1,0,7,1,0,6,1,1,1,0,0,0,1,0,0,27,43,41,8,5,13,18,0,1,1,0,2,0,4,1,0,0,0,0,1,0,0,0,0,0,,,1,27,42,27,12,3,1,0,0
BLN189709150,box,1897-09-15,0,BAL07,R,1,BLN,CHN,1,1,0,0,1,,40,13,16,18,2,0,0,,12,,0,0,0,0,1,1,0,4,0,0,5,1,1,1,0,0,0,1,0,0,27,33,30,2,0,7,7,0,0,0,0,3,0,0,1,0,0,0,0,0,0,0,0,0,0,,,1,27,47,27,19,1,2,0,0
BLN189709160,box,1897-09-16,0,BAL07,R,1,BLN,PHI,1,0,0,1,1,,34,4,13,14,1,0,0,,2,,3,0,4,2,3,0,0,3,2,0,9,1,1,1,0,0,0,0,0,0,27,37,35,4,4,10,13,0,0,1,0,1,0,1,0,0,1,0,0,0,0,0,0,0,0,,,1,27,37,27,9,1,0,0,0
BLN189709171,box,1897-09-17,1,BAL07,R,1,BLN,PHI,1,1,0,0,1,,38,11,16,23,5,1,0,,11,,2,0,2,0,1,2,0,2,1,0,8,1,1,1,0,0,0,1,0,0,27,36,35,6,6,11,12,1,0,0,0,1,0,1,1,0,0,0,0,1,0,0,0,0,0,,,1,27,45,27,18,0,2,0,2
BLN189709172,box,1897-09-17,2,BAL07,R,1,BLN,PHI,1,0,1,0,1,,30,1,5,7,0,1,0,,1,,3,0,0,0,0,0,0,1,1,0,5,1,1,1,0,0,0,0,1,0,27,32,30,2,1,7,11,2,1,0,0,1,0,1,0,0,1,0,0,1,0,0,0,0,0,,,1,27,39,27,11,1,2,0,0
BLN189709180,box,1897-09-18,0,BAL07,R,1,BLN,PHI,1,1,0,0,1,,36,8,15,19,4,0,0,,8,,4,0,3,0,1,2,0,9,0,0,11,1,1,1,0,0,0,1,0,0,27,38,34,3,3,8,10,2,0,0,0,4,0,2,1,0,0,0,0,0,0,0,0,0,0,,,1,27,39,27,11,1,1,0,0
NY1189709200,box,1897-09-20,0,NYC10,R,0,BLN,NY1,1,0,1,0,1,,42,9,17,20,3,0,0,,8,,4,0,4,0,0,0,0,4,0,0,13,1,1,1,0,0,0,0,1,0,23,45,38,10,9,18,21,3,0,0,0,4,0,6,0,2,1,0,0,0,0,0,0,0,0,,,1,23,36,23,11,2,2,0,1
NY1189709210,box,1897-09-21,0,NYC10,R,0,BLN,NY1,1,1,0,0,1,,45,10,16,20,4,0,0,,10,,3,0,2,2,1,0,0,0,0,0,12,1,1,1,0,0,0,1,0,0,27,37,35,3,3,11,12,1,0,0,0,1,0,2,0,1,0,0,0,0,0,0,0,0,0,,,1,27,39,27,11,1,0,0,0
NY1189709220,box,1897-09-22,0,NYC10,R,0,BLN,NY1,1,0,1,0,1,,37,4,9,12,1,1,0,,4,,7,0,4,0,0,0,0,3,1,0,13,1,1,0,0,0,1,0,1,0,24,37,32,6,3,8,10,0,1,0,0,4,0,7,1,0,1,0,0,0,0,0,0,0,0,,,1,24,41,24,15,2,1,0,0
BLN189709240,box,1897-09-24,0,BAL07,R,1,BLN,BSN,1,0,1,0,1,,34,4,12,15,1,1,0,,4,,3,0,2,0,0,1,0,2,2,0,7,1,1,0,0,0,1,0,1,0,27,41,37,6,5,10,14,4,0,0,0,4,0,7,0,0,0,0,0,1,0,0,0,0,0,,,1,27,38,27,8,3,2,0,0
BLN189709250,box,1897-09-25,0,BAL07,R,1,BLN,BSN,1,1,0,0,1,,36,6,13,19,4,1,0,,6,,3,0,1,0,1,1,0,0,0,0,11,1,1,1,0,0,0,1,0,0,27,39,35,3,2,10,12,2,0,0,0,3,0,3,1,1,0,0,0,0,0,0,0,0,0,,,1,27,44,27,16,1,2,0,0
BLN189709270,box,1897-09-27,0,BAL07,R,1,BLN,BSN,1,0,1,0,1,,40,10,14,23,9,0,0,,7,,3,0,2,1,1,1,0,2,0,0,8,1,1,0,0,0,1,0,1,0,27,53,45,19,13,23,29,6,0,0,0,3,0,2,0,3,2,0,0,0,0,0,0,0,0,,,1,27,54,27,22,5,1,0,0
BLN189709290,box,1897-09-29,0,BAL07,R,1,BLN,WSN,1,1,0,0,1,,31,6,8,9,1,0,0,,5,,6,0,5,0,2,1,0,6,1,0,10,1,1,1,0,0,0,1,0,0,27,40,39,3,1,11,12,1,0,0,0,1,0,3,0,0,0,0,0,0,0,0,0,0,0,,,1,27,48,27,18,3,1,0,0
BLN189709300,box,1897-09-30,0,BAL07,R,1,BLN,WSN,1,0,1,0,1,,37,3,9,10,1,0,0,,3,,2,0,,0,0,0,0,2,0,0,9,1,1,0,0,0,1,0,1,0,27,46,40,9,6,15,21,2,2,0,0,5,0,3,0,0,1,0,0,0,0,0,0,0,0,,,1,27,51,27,20,4,1,0,0
BLN189710010,box,1897-10-01,0,BAL07,R,1,BLN,WSN,1,1,0,0,1,,38,7,11,15,1,0,1,,6,,5,0,5,0,1,0,0,8,0,0,10,1,1,1,0,0,0,1,0,0,27,42,36,4,4,12,13,1,0,0,0,6,0,4,3,0,0,0,0,0,0,0,0,0,0,,,1,27,38,27,10,1,4,0,0
BLN189710020,box,1897-10-02,0,BAL07,R,1,BLN,WSN,1,0,1,0,1,,32,3,9,10,1,0,0,,3,,2,0,4,1,0,0,0,0,0,0,7,1,1,1,0,0,0,0,1,0,24,33,28,6,6,8,11,3,0,0,0,3,0,3,0,0,2,0,0,0,0,0,0,0,0,,,1,24,38,24,14,0,0,0,0
WSN189704220,box,1897-04-22,0,WAS06,R,0,BRO,WSN,1,1,0,0,1,,37,5,9,12,3,0,0,,3,,3,0,1,0,1,0,0,2,2,0,9,1,1,1,0,0,0,1,0,0,27,36,32,4,4,5,8,0,0,1,0,2,0,5,0,1,1,0,0,2,0,0,0,0,0,,,1,27,39,27,9,3,0,0,0
WSN189704230,box,1897-04-23,0,WAS06,R,0,BRO,WSN,1,1,0,0,1,,39,8,13,18,2,0,1,,7,,1,0,4,0,0,1,0,4,0,0,6,1,1,0,0,0,1,1,0,0,27,46,36,7,7,8,11,0,0,1,0,9,0,1,1,1,0,0,0,1,0,0,0,0,0,,,1,27,41,27,12,2,2,0,0
WSN189704240,box,1897-04-24,0,WAS06,R,0,BRO,WSN,1,0,1,0,1,,43,6,15,18,1,1,0,,6,,2,0,1,0,0,0,0,0,0,0,12,1,1,1,0,0,0,0,1,0,24,38,30,8,2,11,14,1,1,0,0,5,0,2,1,1,2,0,0,0,0,0,0,0,0,,,1,24,40,24,13,3,3,0,0
BLN189704260,box,1897-04-26,0,BAL07,R,0,BRO,BLN,1,1,0,0,1,,37,4,9,12,3,0,0,,3,,4,0,,0,0,2,0,4,0,0,9,1,1,1,0,0,0,1,0,0,30,37,34,3,1,6,8,2,0,0,0,3,0,3,0,0,0,0,0,0,0,0,0,0,0,,,1,30,40,30,9,1,1,0,0
BLN189704270,box,1897-04-27,0,BAL07,R,0,BRO,BLN,1,0,1,0,1,,40,8,14,17,3,0,0,,7,,2,0,3,0,0,0,0,2,0,0,7,1,1,1,0,0,0,0,1,0,27,48,40,12,8,14,18,4,0,0,0,6,0,1,0,2,0,0,0,0,0,0,0,0,0,,,1,27,52,27,21,4,0,0,0
BLN189704280,box,1897-04-28,0,BAL07,R,0,BRO,BLN,1,0,1,0,1,,37,6,12,13,1,0,0,,3,,5,0,2,0,0,1,0,1,0,0,10,1,1,1,0,0,0,0,1,0,24,45,39,13,12,18,19,1,0,0,0,5,0,0,0,1,0,0,0,0,1,0,0,0,0,,,1,24,36,24,9,3,0,0,0
PHI189704290,box,1897-04-29,0,PHI09,R,0,BRO,PHI,1,0,1,0,1,,43,11,16,23,3,2,0,,11,,3,0,2,0,1,0,0,0,0,0,9,1,1,0,0,0,1,0,1,0,27,47,38,12,11,14,20,1,1,1,0,5,0,2,0,2,2,0,0,0,0,0,0,0,0,,,1,27,50,27,21,2,0,0,0
PHI189704300,box,1897-04-30,0,PHI09,R,0,BRO,PHI,1,0,1,0,1,,30,2,5,6,1,0,0,,1,,5,0,3,1,0,0,0,1,2,0,6,1,1,1,0,0,0,0,1,0,27,39,33,5,3,8,9,1,0,0,0,3,0,4,0,1,2,0,0,1,0,0,0,0,0,,,1,27,39,27,11,1,0,0,0
PHI189705010,box,1897-05-01,0,PHI09,R,0,BRO,PHI,1,0,1,0,1,,39,2,8,9,1,0,0,,2,,4,0,0,0,2,1,0,0,0,0,14,1,1,1,0,0,0,0,1,0,30,43,37,3,3,10,13,3,0,0,0,4,0,3,0,0,2,0,0,0,0,0,0,0,0,,,1,30,40,30,9,1,0,0,0
BRO189705030,box,1897-05-03,0,NYC11,R,1,BRO,BLN,1,0,0,1,1,,42,3,11,12,1,0,0,,2,,4,0,2,1,1,1,0,0,2,0,12,1,1,1,0,0,0,0,0,0,33,42,38,3,1,7,7,0,0,0,0,1,0,5,0,2,1,0,0,0,0,0,0,0,0,,,1,33,45,32,10,3,2,0,1
BRO189705040,box,1897-05-04,0,NYC11,R,1,BRO,BLN,1,0,1,0,1,,31,1,6,7,1,0,0,,1,,1,0,1,0,0,1,0,1,0,0,5,1,1,1,0,0,0,0,1,0,27,36,29,2,2,7,10,1,1,0,0,3,0,0,1,1,3,0,0,0,1,0,0,0,0,,,1,27,43,27,15,1,2,0,0
BRO189705050,box,1897-05-05,0,NYC11,R,1,BRO,BLN,1,1,0,0,1,,33,5,9,9,0,0,0,,4,,2,0,1,0,0,1,0,0,0,0,7,1,1,1,0,0,0,1,0,0,27,32,31,3,2,5,7,2,0,0,0,1,0,2,0,0,0,0,0,0,0,0,0,0,0,,,1,27,42,27,13,2,0,0,0
NY1189705060,box,1897-05-06,0,NYC10,R,0,BRO,NY1,1,0,0,1,1,,39,9,10,11,1,0,0,,6,,7,0,4,0,0,1,0,4,1,0,8,1,1,0,0,0,1,0,0,0,30,49,44,9,9,13,18,0,1,1,0,3,0,1,0,1,1,0,0,0,0,0,0,0,0,,,1,30,40,30,9,1,0,0,0
BRO189705070,box,1897-05-07,0,NYC11,R,1,BRO,NY1,1,0,1,0,1,,34,5,6,7,1,0,0,,3,,2,0,1,1,1,0,0,0,1,0,5,1,1,1,0,0,0,0,1,0,27,45,38,7,2,11,17,3,0,1,0,4,0,3,0,0,3,0,0,0,0,0,0,0,0,,,1,27,43,27,10,6,0,0,1
NY1189705080,box,1897-05-08,0,NYC10,R,0,BRO,NY1,1,0,1,0,1,,34,5,9,9,0,0,0,,5,,3,0,5,1,0,1,0,1,0,0,6,1,1,1,0,0,0,0,1,0,24,41,38,9,9,17,21,2,1,0,0,2,0,2,0,1,0,0,0,0,0,0,0,0,0,,,1,24,37,24,12,1,0,0,1
CL4189705100,box,1897-05-10,0,CLE05,R,0,BRO,CL4,1,1,0,0,1,,33,3,8,10,2,0,0,,2,,0,0,0,0,0,1,0,1,1,0,4,1,1,1,0,0,0,1,0,0,27,33,31,2,2,5,10,1,2,0,0,1,0,1,0,0,1,0,0,0,0,0,0,0,0,,,1,27,49,27,22,0,0,0,0
CL4189705110,box,1897-05-11,0,CLE05,R,0,BRO,CL4,1,0,1,0,1,,30,0,3,3,0,0,0,,0,,2,0,0,0,0,0,0,1,1,0,5,1,1,1,0,0,0,0,1,0,24,37,35,7,7,13,17,4,0,0,0,1,0,1,0,1,0,0,0,0,0,0,0,0,0,,,1,24,33,24,8,1,1,0,0
CL4189705120,box,1897-05-12,0,CLE05,R,0,BRO,CL4,1,1,0,0,1,,38,5,10,11,1,0,0,,5,,2,0,0,0,0,1,0,0,0,0,9,1,1,1,0,0,0,1,0,0,27,40,38,3,2,11,15,2,1,0,0,2,0,4,1,0,0,0,0,0,0,0,0,0,0,,,1,27,38,27,10,1,1,0,1
CHN189705150,box,1897-05-15,0,CHI08,R,0,BRO,CHN,1,0,1,0,1,,34,4,6,6,0,0,0,,4,,2,0,1,1,0,0,0,5,0,0,5,1,1,1,0,0,0,0,1,0,24,38,33,6,5,11,16,2,0,1,0,4,0,0,2,1,0,0,0,0,0,0,0,0,0,,,1,24,42,24,15,3,3,0,0
CHN189705160,box,1897-05-16,0,CHI08,R,0,BRO,CHN,1,1,0,0,1,,33,5,9,16,0,2,1,,5,,1,0,1,2,1,0,0,1,1,0,3,1,1,1,0,0,0,1,0,0,27,37,31,4,4,7,7,0,0,0,0,4,0,1,0,0,2,0,0,1,0,0,0,0,0,,,1,27,44,27,17,0,0,0,0
SLN189705170,box,1897-05-17,0,STL05,R,0,BRO,SLN,1,1,0,0,1,,48,15,17,27,1,0,3,,9,,3,0,,0,0,1,0,1,0,0,10,1,1,1,0,0,0,1,0,0,27,42,38,5,4,9,12,3,0,0,0,2,0,,0,2,0,0,0,0,0,0,0,0,0,,,1,27,37,27,7,3,0,0,0
SLN189705180,box,1897-05-18,0,STL05,R,0,BRO,SLN,1,1,0,0,1,,35,6,11,14,3,0,0,,5,,1,0,,0,1,1,0,2,2,0,5,1,1,0,0,0,1,1,0,0,27,39,33,3,2,6,9,3,0,0,0,6,0,,2,0,0,0,0,0,0,0,0,0,0,,,1,27,47,27,16,4,3,0,0
SLN189705190,box,1897-05-19,0,STL05,R,0,BRO,SLN,1,0,1,0,1,,33,1,6,8,0,1,0,,1,,5,0,1,0,0,0,0,2,2,0,10,1,1,1,0,0,0,0,1,0,27,35,33,3,3,8,11,0,0,1,0,2,0,,1,0,0,0,0,0,0,0,0,0,0,,,1,27,39,27,11,1,1,0,2
LS3189705200,box,1897-05-20,0,LOU03,R,0,BRO,LS3,1,0,1,0,1,,51,12,14,20,1,1,1,,7,,4,0,,1,1,3,0,2,1,0,8,1,1,0,0,0,1,0,1,0,39,66,57,13,9,22,28,4,1,0,0,5,0,,1,0,4,0,0,0,0,0,0,0,0,,,1,39,61,39,17,5,1,0,0
LS3189705210,box,1897-05-21,0,LOU03,R,0,BRO,LS3,1,1,0,0,1,,38,8,13,20,2,1,1,,7,,1,0,,0,1,1,0,1,0,0,9,1,1,1,0,0,0,1,0,0,27,45,41,6,6,13,19,3,0,1,0,4,1,,0,0,0,0,0,0,0,0,0,0,0,,,1,27,38,27,9,2,0,0,0
LS3189705220,box,1897-05-22,0,LOU03,R,0,BRO,LS3,1,0,1,0,1,,35,5,8,12,2,1,0,,5,,4,0,,0,0,0,0,5,0,0,7,1,1,1,0,0,0,0,1,0,27,40,33,11,9,10,15,0,1,1,0,4,0,,1,1,2,0,0,0,0,0,0,0,0,,,1,27,48,27,17,4,1,0,0
CIN189705230,box,1897-05-23,0,CIN05,R,0,BRO,CIN,1,1,0,0,1,,41,6,11,14,3,0,0,,5,,1,0,0,0,1,1,0,0,0,0,11,1,1,1,0,0,0,1,0,0,27,40,37,4,4,10,17,2,1,1,0,2,0,0,1,0,1,0,0,0,0,0,0,0,0,,,1,27,47,27,17,3,1,0,0
CIN189705240,box,1897-05-24,0,CIN05,R,0,BRO,CIN,1,1,0,0,1,,35,6,9,14,1,2,0,,5,,3,0,,0,2,1,0,0,1,0,8,1,1,1,0,0,0,1,0,0,27,40,34,4,3,9,10,1,0,0,0,5,0,1,0,0,1,0,0,0,0,0,0,0,0,,,1,27,48,27,19,2,2,0,0
CIN189705250,box,1897-05-25,0,CIN05,R,0,BRO,CIN,1,1,0,0,1,,37,6,8,10,2,0,0,,5,,2,0,,0,0,1,0,0,1,0,7,1,1,0,0,0,1,1,0,0,27,34,27,2,2,3,4,1,0,0,0,6,0,1,0,1,0,0,0,0,0,0,0,0,0,,,1,27,42,27,14,1,1,0,1
PIT189705270,box,1897-05-27,0,PIT05,R,0,BRO,PIT,1,1,0,0,1,,34,5,10,12,0,1,0,,4,,2,0,3,0,1,2,0,0,2,0,7,1,1,1,0,0,0,1,0,0,27,36,32,3,2,6,10,1,0,1,0,3,0,3,0,1,0,0,0,0,0,0,0,0,0,,,1,27,36,27,9,0,0,0,1
PIT189705291,box,1897-05-29,1,PIT05,R,0,BRO,PIT,1,0,1,0,1,,36,4,6,7,1,0,0,,4,,1,0,4,0,1,0,0,2,0,0,7,1,1,1,0,0,0,0,1,0,24,35,28,5,5,7,7,0,0,0,0,4,0,1,0,1,2,0,0,0,0,0,0,0,0,,,1,24,36,24,10,2,0,0,0
PIT189705292,box,1897-05-29,2,PIT05,R,0,BRO,PIT,1,0,1,0,1,,39,7,11,19,2,3,0,,5,,3,0,,0,1,0,0,2,1,0,9,1,1,1,0,0,0,0,1,0,24,36,33,9,8,13,19,0,3,0,0,3,0,0,1,0,0,0,0,0,0,0,0,0,0,,,1,24,40,24,15,1,1,1,1
BRO189705310,box,1897-05-31,0,NYC11,R,1,BRO,CL4,1,1,0,0,1,,33,5,12,16,2,1,0,,5,,2,0,3,1,0,2,0,0,0,0,8,1,1,1,0,0,0,1,0,0,27,43,39,2,2,10,11,1,0,0,0,4,0,2,1,0,0,0,0,0,0,0,0,0,0,,,1,27,39,27,8,4,1,0,0
BRO189706010,box,1897-06-01,0,NYC11,R,1,BRO,CL4,1,1,0,0,1,,35,7,13,18,3,1,0,,7,,3,0,0,0,0,1,0,0,0,0,8,1,1,1,0,0,0,1,0,0,27,34,33,2,1,8,8,0,0,0,0,1,0,1,1,0,0,0,0,0,0,0,0,0,0,,,1,27,44,27,16,1,1,0,0
BRO189706020,box,1897-06-02,0,NYC11,R,1,BRO,SLN,1,1,0,0,1,,37,10,9,13,2,1,0,,7,,5,0,3,0,0,0,0,4,0,0,8,1,1,0,0,0,1,1,0,1,27,35,33,1,0,8,8,0,0,0,0,2,0,2,2,0,0,0,0,0,0,0,0,0,0,,,1,27,37,27,9,1,3,0,0
BRO189706030,box,1897-06-03,0,NYC11,R,1,BRO,SLN,1,0,1,0,1,,33,0,4,4,0,0,0,,0,,1,0,1,0,0,0,0,0,0,0,7,1,1,1,0,0,0,0,1,0,27,33,30,1,1,5,5,0,0,0,0,2,0,2,0,0,1,0,0,0,0,0,0,0,0,,,1,27,40,27,12,1,0,0,0
BRO189706040,box,1897-06-04,0,NYC11,R,1,BRO,SLN,1,1,0,0,1,,32,8,8,11,1,1,0,,4,,5,0,0,0,2,2,0,2,1,0,9,1,1,1,0,0,0,1,0,0,27,40,34,4,4,7,8,1,0,0,0,5,0,3,0,0,1,0,0,0,0,0,0,0,0,,,1,27,38,27,9,2,0,0,0
BRO189706050,box,1897-06-05,0,NYC11,R,1,BRO,LS3,1,1,0,0,1,,33,12,11,17,1,1,1,,9,,7,0,0,1,1,2,0,3,2,0,7,1,1,0,0,0,1,1,0,0,27,41,36,5,2,7,9,2,0,0,0,3,0,5,0,0,2,0,0,1,0,0,0,0,0,,,1,27,41,27,9,5,0,0,0
BRO189706070,box,1897-06-07,0,NYC11,R,1,BRO,LS3,1,0,1,0,1,,30,1,5,5,0,0,0,,0,,0,0,4,0,0,0,0,0,1,0,2,1,1,1,0,0,0,0,1,0,27,36,31,3,1,5,7,2,0,0,0,3,0,3,0,0,2,0,0,0,0,0,0,0,0,,,1,27,40,27,11,2,0,0,1
BRO189706100,box,1897-06-10,0,NYC11,R,1,BRO,PIT,1,1,0,0,1,,30,3,4,5,1,0,0,,2,,2,0,,1,1,0,0,4,1,0,4,1,1,1,0,0,0,1,0,0,27,39,34,2,2,6,7,1,0,0,0,4,0,,0,0,1,0,0,0,0,0,0,0,0,,,1,27,40,27,11,2,0,0,0
BRO189706110,box,1897-06-11,0,NYC11,R,1,BRO,PIT,1,1,0,0,1,,29,4,7,8,1,0,0,,4,,3,0,3,1,0,0,0,1,1,0,4,1,1,1,0,0,0,1,0,0,27,37,34,3,2,7,10,1,1,0,0,1,0,,0,0,2,0,0,0,0,0,0,0,0,,,1,27,40,27,10,3,0,0,1
BRO189706120,box,1897-06-12,0,NYC11,R,1,BRO,CHN,1,0,1,0,1,,36,5,11,16,2,0,1,,4,,5,0,2,0,0,0,0,2,1,0,9,1,1,0,0,0,1,0,1,0,27,42,34,6,4,8,11,0,0,1,0,6,0,0,2,0,2,0,0,1,0,0,0,0,0,,,1,27,48,27,18,3,2,0,1
BRO189706140,box,1897-06-14,0,NYC11,R,1,BRO,CHN,1,1,0,0,1,,41,15,15,19,2,1,0,,10,,3,0,3,0,1,1,0,2,2,0,7,1,1,1,0,0,0,1,0,0,27,42,40,4,3,10,11,1,0,0,0,1,0,3,0,1,0,0,0,0,0,0,0,0,0,,,1,27,40,27,10,3,0,0,0
BRO189706150,box,1897-06-15,0,NYC11,R,1,BRO,CHN,1,0,1,0,1,,36,4,9,12,1,1,0,,4,,3,0,4,0,0,0,0,3,1,0,8,1,1,1,0,0,0,0,1,0,27,46,40,8,3,10,14,2,1,0,0,6,0,1,1,0,0,0,0,0,0,0,0,0,0,,,1,27,49,27,16,6,2,0,1
BRO189706160,box,1897-06-16,0,NYC11,R,1,BRO,CIN,1,0,1,0,1,,38,6,12,13,1,0,0,,6,,1,0,2,0,0,2,0,0,0,0,8,1,1,0,0,0,1,0,1,0,27,49,44,15,7,14,22,3,1,1,0,5,0,1,0,0,0,0,0,0,0,0,0,0,0,,,1,27,42,27,10,5,0,0,0
BRO189706170,box,1897-06-17,0,NYC11,R,1,BRO,CIN,1,0,1,0,1,,34,1,6,8,2,0,0,,1,,0,0,1,1,0,0,0,1,0,0,6,1,1,1,0,0,0,0,1,0,27,47,45,9,4,18,22,0,2,0,0,1,0,1,1,1,0,0,0,1,0,0,0,0,0,,,1,27,48,27,13,8,1,0,2
BRO189706190,box,1897-06-19,0,NYC11,R,1,BRO,CIN,1,1,0,0,1,,32,1,8,9,1,0,0,,1,,1,0,1,0,0,2,0,2,0,0,10,1,1,1,1,0,0,1,0,0,27,32,29,0,0,3,4,1,0,0,0,2,0,2,1,1,0,0,0,0,0,0,0,0,0,,,1,27,46,27,15,4,1,0,0
BRO189706210,box,1897-06-21,0,NYC11,R,1,BRO,BSN,1,0,1,0,1,,36,6,10,13,1,1,0,,6,,3,0,1,1,0,0,0,1,0,0,6,1,1,0,0,0,1,0,1,0,27,47,46,11,8,19,24,3,1,0,0,1,0,4,0,0,0,0,0,0,1,0,0,0,0,,,1,27,37,27,5,5,0,0,0
BRO189706220,box,1897-06-22,0,NYC11,R,1,BRO,BSN,1,1,0,0,1,,33,7,9,13,1,0,1,,6,,2,0,1,0,1,2,0,2,1,0,7,1,1,1,0,0,0,1,0,0,27,42,35,4,3,11,11,0,0,0,0,5,0,3,1,0,2,0,0,0,0,0,0,0,0,,,1,27,44,27,16,1,1,0,0
BRO189706230,box,1897-06-23,0,NYC11,R,1,BRO,BSN,1,0,1,0,1,,30,2,3,4,1,0,0,,2,,6,0,1,0,0,0,0,3,0,0,7,1,1,1,0,0,0,0,1,0,27,52,49,13,8,19,26,1,3,0,0,3,0,1,0,0,0,0,0,1,0,0,0,0,0,,,1,27,45,27,11,7,0,0,0
BRO189706240,box,1897-06-24,0,NYC11,R,1,BRO,PHI,1,1,0,0,1,,35,7,12,14,2,0,0,,4,,0,0,1,0,0,3,0,1,0,0,7,1,1,0,0,0,1,1,0,1,27,38,37,5,4,12,14,0,1,0,0,1,0,2,0,0,0,0,0,0,0,0,0,0,0,,,1,27,44,27,13,4,0,0,0
BRO189706250,box,1897-06-25,0,NYC11,R,1,BRO,PHI,1,0,1,0,1,,38,11,11,22,3,1,2,,10,,2,0,2,0,0,0,0,1,0,0,2,1,1,0,0,0,1,0,1,0,27,46,44,13,13,19,27,3,1,1,0,2,0,3,0,0,0,0,0,0,0,0,0,0,0,,,1,27,38,27,11,0,1,0,0
BRO189706260,box,1897-06-26,0,NYC11,R,1,BRO,PHI,1,1,0,0,1,,34,5,10,13,0,0,1,,4,,3,0,1,0,0,0,0,4,0,0,8,1,1,1,0,0,0,1,0,0,27,36,34,3,3,8,13,0,1,1,0,1,0,4,1,0,1,0,0,0,0,0,0,0,0,,,1,27,44,27,15,2,1,0,0
BSN189706280,box,1897-06-28,0,BOS05,R,0,BRO,BSN,1,0,1,0,1,,39,8,14,17,3,0,0,,6,,2,0,0,2,1,0,0,2,1,0,7,1,1,1,0,0,0,0,1,0,26,41,34,9,6,10,14,1,0,1,0,7,0,0,0,0,0,0,0,0,0,0,0,0,0,,,1,26,40,26,13,1,0,0,0
BSN189706290,box,1897-06-29,0,BOS05,R,0,BRO,BSN,1,0,1,0,1,,35,7,11,16,2,0,1,,6,,1,0,0,1,1,0,0,0,1,0,3,1,1,1,0,0,0,0,1,0,25,42,37,8,6,11,17,4,1,0,0,4,1,3,0,0,1,0,0,0,0,0,0,0,0,,,1,25,48,25,18,5,0,0,0
BSN189706300,box,1897-06-30,0,BOS05,R,0,BRO,BSN,1,0,1,0,1,,36,8,9,13,2,1,0,,8,,5,0,1,0,0,2,0,0,0,0,8,1,1,0,0,0,1,0,1,0,26,41,40,9,8,15,20,5,0,0,0,1,0,2,0,0,0,0,0,1,0,0,0,0,0,,,1,26,40,26,9,5,2,0,0
PHI189707010,box,1897-07-01,0,PHI09,R,0,BRO,PHI,1,0,1,0,1,,35,2,8,8,0,0,0,,0,,2,0,1,0,2,0,0,0,0,0,10,1,1,1,0,0,0,0,1,0,24,52,43,16,14,20,30,3,2,1,0,6,0,2,0,2,1,0,0,1,0,0,0,0,0,,,1,24,32,24,6,2,0,0,1
PHI189707031,box,1897-07-03,1,PHI09,R,0,BRO,PHI,1,1,0,0,1,,33,5,9,10,1,0,0,,5,,3,0,0,0,0,0,0,1,1,0,4,1,1,1,0,0,0,1,0,0,27,35,31,2,2,5,6,1,0,0,0,4,0,1,0,0,0,0,0,0,0,0,0,0,0,,,1,27,36,27,8,1,1,0,0
PHI189707032,box,1897-07-03,2,PHI09,R,0,BRO,PHI,1,0,1,0,1,,35,5,10,13,3,0,0,,3,,2,0,3,0,0,1,0,0,1,0,6,1,1,1,0,0,0,0,1,0,24,39,35,7,5,11,13,0,1,0,0,3,0,0,0,1,0,0,0,0,0,0,0,0,0,,,1,24,40,24,12,4,1,0,0
NY1189707051,box,1897-07-05,1,NYC10,R,0,BRO,NY1,1,0,1,0,1,,30,0,3,3,0,0,0,,0,,5,0,2,1,0,0,0,1,0,0,8,1,1,1,0,0,0,0,1,0,24,45,43,10,3,17,21,2,1,0,0,1,0,4,0,1,0,0,0,0,0,0,0,0,0,,,1,24,36,24,9,3,0,0,1
NY1189707052,box,1897-07-05,2,NYC10,R,0,BRO,NY1,1,1,0,0,1,,33,4,10,11,1,0,0,,4,,1,0,,0,0,0,0,0,1,0,3,1,1,1,0,0,0,1,0,0,27,41,37,3,3,10,12,0,1,0,0,4,0,,1,0,0,0,0,0,0,0,0,0,0,,,1,27,37,27,9,1,2,0,0
BRO189707060,box,1897-07-06,0,NYC11,R,1,BRO,NY1,1,0,1,0,1,,37,5,10,13,3,0,0,,5,,5,0,1,0,0,0,0,0,0,0,10,1,1,1,0,0,0,0,1,0,27,43,35,7,5,12,13,1,0,0,0,5,0,2,0,0,3,0,0,0,0,0,0,0,0,,,1,27,44,27,15,2,2,0,0
SLN189707080,box,1897-07-08,0,STL05,R,0,BRO,SLN,1,1,0,0,1,,31,1,3,5,0,1,0,,1,,1,0,,1,1,0,0,2,0,0,5,1,1,1,1,0,0,1,0,0,27,36,30,0,0,4,4,0,0,0,0,4,0,,1,2,0,0,0,0,0,0,0,0,0,,,1,27,37,27,9,1,1,0,0
SLN189707090,box,1897-07-09,0,STL05,R,0,BRO,SLN,1,0,1,0,1,,29,3,6,9,3,0,0,,3,,2,0,0,1,1,1,0,0,0,0,3,1,1,0,0,0,1,0,1,0,24,37,34,8,7,12,21,0,3,1,0,2,0,,1,1,0,0,0,0,0,0,0,0,0,,,1,24,37,24,12,1,1,0,1
SLN189707100,box,1897-07-10,0,STL05,R,0,BRO,SLN,1,0,1,0,1,,35,3,9,10,1,0,0,,3,,3,0,3,0,0,2,0,1,1,0,10,1,1,1,0,0,0,0,1,0,24,35,34,4,3,10,17,3,2,0,0,1,0,1,0,0,0,0,0,0,0,0,0,0,0,,,1,24,43,24,15,4,0,0,0
CHN189707110,box,1897-07-11,0,CHI08,R,0,BRO,CHN,1,1,0,0,1,,38,7,9,9,0,0,0,,4,,1,0,3,1,0,1,0,3,0,0,6,1,1,1,0,0,0,1,0,0,27,34,33,2,1,7,8,1,0,0,0,1,0,2,1,0,0,0,0,1,0,0,0,0,0,,,1,27,47,27,17,3,2,0,1
CHN189707120,box,1897-07-12,0,CHI08,R,0,BRO,CHN,1,0,1,0,1,,43,9,15,23,0,4,0,,9,,2,0,2,0,1,0,0,1,1,0,10,1,1,0,0,0,1,0,1,0,24,43,38,13,10,15,25,2,4,0,0,5,0,1,0,0,0,0,0,0,0,0,0,0,0,,,1,24,33,24,8,1,2,0,0
CHN189707130,box,1897-07-13,0,CHI08,R,0,BRO,CHN,1,0,1,0,1,,34,4,8,9,1,0,0,,3,,1,0,1,1,1,1,0,1,0,0,6,1,1,1,0,0,0,0,1,0,24,44,36,11,8,13,19,4,1,0,0,6,0,2,1,0,2,0,0,0,0,0,0,0,0,,,1,24,43,23,15,5,2,0,0
CHN189707140,box,1897-07-14,0,CHI08,R,0,BRO,CHN,1,1,0,0,1,,45,15,17,24,3,2,0,,14,,3,0,3,0,0,0,0,1,2,0,6,1,1,1,0,0,0,1,0,0,27,41,37,7,5,9,13,2,1,0,0,3,0,2,0,1,0,0,0,0,0,0,0,0,0,,,1,27,43,27,13,3,0,0,0
CL4189707150,box,1897-07-15,0,CLE05,R,0,BRO,CL4,1,0,1,0,1,,32,1,6,6,0,0,0,,1,,0,0,2,0,0,2,0,0,0,0,6,1,1,1,0,0,0,0,1,0,27,33,32,2,2,6,7,1,0,0,0,1,0,4,1,0,0,0,0,0,0,0,0,0,0,,,1,27,43,27,13,3,2,0,0
CL4189707170,box,1897-07-17,0,CLE05,R,0,BRO,CL4,1,0,1,0,1,,35,2,9,11,0,1,0,,2,,1,0,3,0,0,1,0,1,0,0,8,1,1,1,0,0,0,0,1,0,27,41,34,5,5,10,15,3,1,0,0,6,0,3,1,0,1,0,0,0,0,0,0,0,0,,,1,27,39,27,11,1,2,0,0
CL4189707180,box,1897-07-18,0,CLE05,R,0,BRO,CL4,1,0,1,0,1,,31,1,5,7,0,1,0,,0,,2,0,0,0,0,0,0,3,0,0,5,1,1,1,0,0,0,0,1,0,27,38,33,8,8,10,15,1,2,0,0,3,0,0,0,0,2,0,0,0,0,0,0,0,0,,,1,27,44,27,17,0,1,0,0
PIT189707201,box,1897-07-20,1,PIT05,R,0,BRO,PIT,1,0,1,0,1,,31,1,5,5,0,0,0,,1,,1,0,2,1,1,1,0,1,1,0,6,1,1,1,0,0,0,0,1,0,24,36,27,4,2,4,4,0,0,0,0,7,0,0,0,1,1,0,0,0,0,0,0,0,0,,,1,24,42,24,15,3,1,0,0
PIT189707202,box,1897-07-20,2,PIT05,R,0,BRO,PIT,1,0,1,0,1,,32,0,6,6,0,0,0,,0,,0,0,1,0,1,1,0,0,0,0,7,1,1,1,0,0,0,0,1,0,24,31,25,3,1,4,4,0,0,0,0,5,0,2,0,0,1,0,0,0,0,0,0,0,0,,,1,24,42,24,17,1,0,0,0
CIN189707220,box,1897-07-22,0,CIN05,R,0,BRO,CIN,1,1,0,0,1,,41,9,14,17,3,0,0,,9,,1,0,1,0,0,1,0,0,1,0,7,1,1,1,0,0,0,1,0,0,27,41,38,7,2,9,12,3,0,0,0,2,0,1,0,0,1,0,0,0,0,0,0,0,0,,,1,27,52,27,18,7,0,0,0
CIN189707251,box,1897-07-25,1,CIN05,R,0,BRO,CIN,1,0,1,0,1,,38,4,10,11,1,0,0,,2,,0,0,0,1,0,1,0,0,0,0,8,1,1,1,0,0,0,0,1,0,24,36,31,7,7,10,14,4,0,0,0,4,0,0,1,0,1,0,0,0,0,0,0,0,0,,,1,24,41,24,14,3,1,0,0
CIN189707252,box,1897-07-25,2,CIN05,R,0,BRO,CIN,1,0,1,0,1,,33,4,6,8,2,0,0,,4,,1,0,,1,0,0,0,0,0,0,3,1,1,1,0,0,0,0,1,0,24,46,36,11,11,14,17,3,0,0,0,7,0,,0,0,3,0,0,0,0,0,0,0,0,,,1,24,38,24,12,2,0,0,0
LS3189707260,box,1897-07-26,0,LOU03,R,0,BRO,LS3,1,0,1,0,1,,29,1,4,7,0,0,1,,1,,3,0,0,0,0,1,0,0,0,0,5,1,1,1,0,0,0,0,1,0,24,34,31,4,1,7,8,1,0,0,0,2,0,2,0,0,1,0,0,0,0,0,0,0,0,,,1,24,37,24,11,2,1,0,0
LS3189707270,box,1897-07-27,0,LOU03,R,0,BRO,LS3,1,1,0,0,1,,42,14,16,21,2,0,1,,12,,6,0,2,1,1,1,0,2,0,0,9,1,1,1,0,0,0,1,0,0,27,33,31,2,0,4,4,0,0,0,0,2,0,,0,0,0,0,0,0,0,0,0,0,0,,,1,27,38,27,9,2,0,0,1
LS3189707280,box,1897-07-28,0,LOU03,R,0,BRO,LS3,1,1,0,0,1,,41,12,13,14,1,0,0,,10,,3,0,2,1,2,2,0,1,0,0,9,1,1,1,0,0,0,1,0,0,27,37,34,2,2,9,11,0,1,0,0,2,0,,1,1,0,0,0,0,0,0,0,0,0,,,1,27,42,27,14,1,2,0,0
NY1189707300,box,1897-07-30,0,NYC10,R,0,BRO,NY1,1,0,1,0,1,,30,1,4,4,0,0,0,,0,,3,0,3,1,1,0,0,0,1,0,6,1,1,1,0,0,0,0,1,0,24,36,32,3,3,10,12,2,0,0,0,2,0,2,0,1,1,0,0,0,0,0,0,0,0,,,1,24,39,24,14,1,0,0,0
BRO189707310,box,1897-07-31,0,NYC11,R,1,BRO,NY1,1,0,1,0,1,,32,3,7,8,1,0,0,,2,,3,0,1,1,1,2,0,0,0,0,8,1,1,1,0,0,0,0,1,0,27,33,32,4,3,6,6,0,0,0,0,0,0,1,0,0,1,0,0,0,0,0,0,0,0,,,1,27,44,27,14,3,2,0,0
BRO189708020,box,1897-08-02,0,NYC11,R,1,BRO,NY1,1,0,1,0,1,,36,8,9,15,2,2,0,,4,,4,0,4,0,1,1,0,3,0,0,7,1,1,1,0,0,0,0,1,0,27,40,34,9,5,9,11,2,0,0,0,5,0,3,0,0,1,0,0,0,0,0,0,0,0,,,1,27,45,27,14,4,1,0,0
NY1189708030,box,1897-08-03,0,NYC10,R,0,BRO,NY1,1,0,1,0,1,,31,2,4,4,0,0,0,,2,,3,0,4,0,0,0,0,0,0,0,5,1,1,1,0,0,0,0,1,0,24,43,39,10,8,16,19,3,0,0,0,2,0,0,0,1,1,0,0,0,0,0,0,0,0,,,1,24,42,24,15,3,0,0,0
BRO189708040,box,1897-08-04,0,NYC11,R,1,BRO,WSN,1,1,0,0,1,,41,2,11,13,2,0,0,,2,,0,0,2,2,0,2,0,1,0,0,10,1,1,1,0,0,0,1,0,0,33,39,37,1,1,6,8,2,0,0,0,1,0,0,0,0,1,0,0,0,0,0,0,0,0,,,1,33,53,33,19,1,2,0,0
BRO189708060,box,1897-08-06,0,NYC11,R,1,BRO,WSN,1,1,0,0,1,,42,15,16,24,4,2,0,,11,,3,0,0,0,0,3,0,2,0,0,9,1,1,1,0,0,0,1,0,0,27,39,36,5,3,9,14,3,1,0,0,3,0,1,1,0,0,0,0,0,0,0,0,0,0,,,1,27,42,27,13,2,1,0,0
BRO189708070,box,1897-08-07,0,NYC11,R,1,BRO,WSN,1,1,0,0,1,,32,9,8,8,0,0,0,,5,,1,0,0,1,1,1,0,2,0,0,2,1,1,1,0,0,0,1,0,0,27,33,32,1,1,6,6,0,0,0,0,1,0,1,1,0,0,0,0,0,0,0,0,0,0,,,1,27,36,27,8,1,1,0,0
BRO189708090,box,1897-08-09,0,NYC11,R,1,BRO,BLN,1,1,0,0,1,,46,16,21,25,2,1,0,,12,,1,0,,1,0,0,0,0,0,0,7,1,1,0,0,0,1,1,0,0,27,46,37,9,8,10,17,3,2,0,0,5,0,,0,2,2,0,0,1,0,0,0,0,0,,,1,27,38,27,9,2,0,0,0
BRO189708101,box,1897-08-10,1,NYC11,R,1,BRO,BLN,1,0,1,0,1,,34,3,8,8,0,0,0,,2,,2,0,0,0,0,1,0,1,0,0,7,1,1,1,0,0,0,0,1,0,27,45,38,9,4,14,18,2,1,0,0,6,0,0,0,0,1,0,0,0,0,0,0,0,0,,,1,27,46,27,13,6,0,0,0
BRO189708102,box,1897-08-10,2,NYC11,R,1,BRO,BLN,1,0,0,1,1,,30,3,6,9,1,1,0,,3,,4,0,1,0,1,2,0,2,0,0,10,1,1,1,0,0,0,0,0,0,24,33,30,3,0,9,9,0,0,0,0,2,0,1,2,0,1,0,0,0,0,0,0,0,0,,,1,24,40,24,11,5,2,0,0
BRO189708111,box,1897-08-11,1,NYC11,R,1,BRO,BLN,1,0,1,0,1,,35,3,10,11,1,0,0,,3,,2,0,0,1,0,0,0,1,1,0,7,1,1,1,0,0,0,0,1,0,27,45,37,10,8,13,20,4,0,1,0,4,0,0,0,1,3,0,0,0,0,0,0,0,0,,,1,27,51,27,20,4,1,0,0
BRO189708112,box,1897-08-11,2,NYC11,R,1,BRO,BLN,1,0,1,0,1,,35,3,10,12,2,0,0,,3,,2,0,1,1,1,0,0,1,0,0,8,1,1,0,0,0,1,0,1,0,27,47,37,13,7,14,21,4,0,1,0,5,0,1,0,3,2,0,0,1,0,0,0,0,0,,,1,27,51,27,19,5,0,0,0
WSN189708120,box,1897-08-12,0,WAS06,R,0,BRO,WSN,1,0,1,0,1,,34,0,9,10,1,0,0,,0,,2,0,1,0,0,0,0,3,2,0,9,1,1,1,0,0,0,0,1,0,24,34,33,3,2,10,14,2,1,0,0,0,0,1,0,1,0,0,0,0,0,0,0,0,0,,,1,24,43,24,18,1,0,0,1
WSN189708130,box,1897-08-13,0,WAS06,R,0,BRO,WSN,1,0,1,0,1,,32,3,5,6,1,0,0,,2,,6,0,3,0,1,0,0,0,1,0,9,1,1,1,0,0,0,0,1,0,24,36,35,7,7,12,19,2,1,1,0,0,0,3,1,0,1,0,0,0,0,0,0,0,0,,,1,24,37,24,11,2,1,0,0
WSN189708140,box,1897-08-14,0,WAS06,R,0,BRO,WSN,1,0,1,0,1,,34,4,11,14,3,0,0,,3,,0,0,1,1,0,1,0,0,1,0,4,1,1,1,0,0,0,0,1,0,24,39,36,7,6,13,18,1,2,0,0,2,0,0,0,1,0,0,0,0,0,0,0,0,0,,,1,24,35,24,10,1,1,0,0
BLN189708160,box,1897-08-16,0,BAL07,R,0,BRO,BLN,1,0,1,0,1,,36,5,10,16,1,1,1,,5,,3,0,1,1,0,0,0,2,1,0,7,1,1,1,0,0,0,0,1,0,24,45,41,14,6,14,17,3,0,0,0,3,0,6,0,1,0,0,0,0,0,0,0,0,0,,,1,24,41,24,10,7,1,0,0
BLN189708170,box,1897-08-17,0,BAL07,R,0,BRO,BLN,1,0,1,0,1,,31,3,3,3,0,0,0,,3,,1,0,5,0,0,1,0,1,0,0,3,1,1,1,0,0,0,0,1,0,24,45,42,12,12,18,20,0,1,0,0,0,0,3,0,3,0,0,0,0,0,0,0,0,0,,,1,24,30,23,7,0,0,0,0
BLN189708180,box,1897-08-18,0,BAL07,R,0,BRO,BLN,1,0,1,0,1,,29,2,3,3,0,0,0,,2,,3,0,2,1,1,1,0,0,0,0,5,1,1,1,0,0,0,0,1,0,24,41,35,6,5,10,10,0,0,0,0,4,0,2,0,2,0,0,0,0,0,0,0,0,0,,,1,24,35,24,9,2,0,0,1
BRO189708190,box,1897-08-19,0,NYC11,R,1,BRO,SLN,1,1,0,0,1,,40,13,15,24,3,3,0,,10,,2,0,0,1,0,1,0,2,0,0,6,1,1,1,0,0,0,1,0,0,27,36,34,5,5,8,15,0,2,1,0,2,0,2,1,0,0,0,0,0,0,0,0,0,0,,,1,27,39,27,11,1,2,0,0
BRO189708200,box,1897-08-20,0,NYC11,R,1,BRO,SLN,1,1,0,0,1,,36,12,17,26,4,1,1,,10,,3,0,,1,0,4,0,2,1,0,7,1,1,1,0,0,0,1,0,0,27,41,38,7,6,11,15,2,1,0,0,3,0,1,0,0,0,0,0,0,0,0,0,0,0,,,1,27,46,27,17,2,0,0,0
BRO189708210,box,1897-08-21,0,NYC11,R,1,BRO,SLN,1,0,1,0,1,,41,3,9,13,4,0,0,,3,,0,0,3,0,0,2,0,2,0,0,7,1,1,1,0,0,0,0,1,0,33,49,41,4,1,7,7,0,0,0,0,6,0,3,0,1,1,0,0,0,0,0,0,0,0,,,1,33,56,33,16,7,0,0,0
BRO189708231,box,1897-08-23,1,NYC11,R,1,BRO,PIT,1,1,0,0,1,,42,12,19,24,3,1,0,,12,,3,0,1,0,0,1,0,5,0,0,10,1,1,1,0,0,0,1,0,0,27,38,37,6,6,13,20,2,1,1,0,1,0,4,1,0,0,0,0,0,0,0,0,0,0,,,1,27,37,27,9,1,2,0,1
BRO189708232,box,1897-08-23,2,NYC11,R,1,BRO,PIT,1,1,0,0,1,,20,1,3,4,1,0,0,,1,,3,0,4,0,0,0,0,3,2,0,4,1,1,1,1,0,0,1,0,0,21,27,22,0,0,3,3,0,0,0,0,4,0,4,0,0,1,0,0,1,0,0,0,0,0,,,1,21,30,21,8,1,0,0,0
BRO189708240,box,1897-08-24,0,NYC11,R,1,BRO,PIT,1,1,0,0,1,,36,10,13,22,2,2,1,,7,,2,0,5,0,1,0,0,0,0,0,5,1,1,1,0,0,0,1,0,0,27,42,40,4,3,15,18,1,1,0,0,2,0,4,0,0,0,0,0,0,0,0,0,0,0,,,1,27,38,27,10,1,1,0,1
BRO189708250,box,1897-08-25,0,NYC11,R,1,BRO,PIT,1,1,0,0,1,,37,14,18,24,4,1,0,,13,,4,0,0,1,1,2,0,3,0,0,9,1,1,1,0,0,0,1,0,0,24,40,37,6,4,14,19,0,1,1,0,2,0,2,0,0,1,0,0,0,0,0,0,0,0,,,1,24,39,24,13,2,0,0,0
BRO189708260,box,1897-08-26,0,NYC11,R,1,BRO,LS3,1,0,1,0,1,,41,8,13,17,2,1,0,,7,,3,0,5,0,0,0,0,0,0,0,9,1,1,1,0,0,0,0,1,0,27,50,45,16,14,19,31,4,1,2,0,3,0,3,0,1,1,0,0,0,0,0,0,0,0,,,1,27,42,27,12,3,0,0,0
BRO189708270,box,1897-08-27,0,NYC11,R,1,BRO,LS3,1,1,0,0,1,,35,9,14,21,5,1,0,,5,,0,0,1,0,0,2,0,3,0,0,4,1,1,1,0,0,0,1,0,0,27,36,34,4,3,8,11,0,0,1,0,1,0,1,0,0,1,0,0,0,0,0,0,0,0,,,1,27,44,27,14,3,0,0,0
BRO189708281,box,1897-08-28,1,NYC11,R,1,BRO,LS3,1,0,1,0,1,,35,5,6,8,2,0,0,,4,,2,0,0,0,1,0,0,2,1,0,6,1,1,1,0,0,0,0,1,0,27,45,39,11,5,13,20,2,1,1,0,5,0,3,0,0,1,0,0,0,0,0,0,0,0,,,1,27,45,27,13,5,0,0,0
BRO189708282,box,1897-08-28,2,NYC11,R,1,BRO,LS3,1,0,1,0,1,,37,5,11,15,2,1,0,,5,,2,0,3,0,1,1,0,3,0,0,9,1,1,1,0,0,0,0,1,0,27,38,37,6,4,10,14,2,1,0,0,1,0,5,0,0,0,0,0,0,0,0,0,0,0,,,1,27,41,27,11,3,0,0,0
BRO189708310,box,1897-08-31,0,NYC11,R,1,BRO,CL4,1,1,0,0,1,,38,9,12,17,3,1,0,,6,,4,0,0,0,0,1,0,1,0,0,10,1,1,1,0,0,0,1,0,0,27,38,35,4,3,9,13,1,0,1,0,2,0,1,0,1,0,0,0,0,0,0,0,0,0,,,1,27,41,27,13,1,0,0,0
BRO189709010,box,1897-09-01,0,NYC11,R,1,BRO,CL4,1,1,0,0,1,,35,5,15,23,4,2,0,,5,,0,0,1,0,2,1,0,0,1,0,9,1,1,1,0,0,0,1,0,0,27,32,28,1,1,2,3,1,0,0,0,4,0,1,0,0,0,0,0,0,0,0,0,0,0,,,1,27,35,27,8,0,0,0,0
BRO189709021,box,1897-09-02,1,NYC11,R,1,BRO,CL4,1,1,0,0,1,,33,3,7,10,3,0,0,,2,,2,0,2,0,1,2,0,1,0,0,10,1,1,1,0,0,0,1,0,0,27,35,35,2,2,6,8,2,0,0,0,0,0,4,0,0,0,0,0,0,0,0,0,0,0,,,1,27,43,27,14,2,0,0,0
BRO189709022,box,1897-09-02,2,NYC11,R,1,BRO,CL4,1,0,1,0,1,,31,2,8,10,2,0,0,,2,,4,0,2,1,1,0,0,0,1,0,7,1,1,1,0,0,0,0,1,0,27,41,38,6,3,10,14,2,1,0,0,3,0,0,0,0,0,0,0,0,0,0,0,0,0,,,1,27,47,27,16,4,0,0,0
BRO189709040,box,1897-09-04,0,NYC11,R,1,BRO,CHN,1,1,0,0,1,,34,7,14,17,3,0,0,,7,,2,0,5,0,0,1,0,1,2,0,6,1,1,1,0,0,0,1,0,0,27,41,36,3,3,13,18,3,1,0,0,3,0,2,0,1,1,0,0,0,0,0,0,0,0,,,1,27,44,27,16,1,1,0,0
BRO189709061,box,1897-09-06,1,NYC11,R,1,BRO,CHN,1,1,0,0,1,,42,14,20,21,1,0,0,,11,,1,0,1,0,0,2,0,4,2,0,7,1,1,1,0,0,0,1,0,0,27,41,36,7,4,12,15,3,0,0,0,4,0,2,0,0,1,0,0,1,0,0,0,0,0,,,1,27,45,27,14,4,0,0,0
BRO189709062,box,1897-09-06,2,NYC11,R,1,BRO,CHN,1,0,1,0,1,,36,8,13,17,2,1,0,,7,,3,0,2,0,1,1,0,1,0,0,9,1,1,0,0,0,1,0,1,0,24,45,39,12,11,16,24,2,0,2,0,5,0,1,0,0,1,0,0,0,0,0,0,0,0,,,1,24,39,24,11,4,0,0,1
BRO189709070,box,1897-09-07,0,NYC11,R,1,BRO,PIT,1,0,1,0,1,,36,4,6,6,0,0,0,,3,,1,0,4,0,0,0,0,1,0,0,6,1,1,1,0,0,0,0,1,0,27,39,36,7,4,10,11,1,0,0,0,2,0,2,1,1,0,0,0,0,0,0,0,0,0,,,1,27,51,27,18,6,1,0,0
BRO189709080,box,1897-09-08,0,NYC11,R,1,BRO,CIN,1,0,1,0,1,,34,2,7,9,2,0,0,,2,,1,0,2,2,0,0,0,1,0,0,6,1,1,1,0,0,0,0,1,0,27,39,37,4,3,12,14,2,0,0,0,1,0,2,1,0,1,0,0,0,0,0,0,0,0,,,1,27,44,27,14,3,1,0,0
BRO189709090,box,1897-09-09,0,NYC11,R,1,BRO,CIN,1,1,0,0,1,,32,7,7,8,1,0,0,,4,,2,0,2,0,1,0,0,1,1,0,4,1,1,1,0,0,0,1,0,0,27,34,29,1,0,4,4,0,0,0,0,4,0,0,1,1,0,0,0,0,0,0,0,0,0,,,1,27,42,27,13,2,2,0,1
BRO189709100,box,1897-09-10,0,NYC11,R,1,BRO,CIN,1,1,0,0,1,,37,11,15,23,4,2,0,,9,,3,0,0,0,2,1,0,2,1,0,8,1,1,1,0,0,0,1,0,0,27,39,37,4,4,12,15,1,1,0,0,1,0,2,0,0,1,0,0,0,0,0,0,0,0,,,1,27,39,27,11,1,0,0,0
NY1189709110,box,1897-09-11,0,NYC10,R,0,BRO,NY1,1,1,0,0,1,,42,9,14,17,1,1,0,,6,,1,0,4,0,1,0,0,1,1,0,11,1,1,1,0,0,0,1,0,0,24,39,35,6,3,12,16,2,1,0,0,2,0,2,0,0,2,0,0,0,0,0,0,0,0,,,1,24,41,24,14,3,0,0,0
BRO189709130,box,1897-09-13,0,NYC11,R,1,BRO,NY1,1,0,0,1,1,,29,8,11,20,3,3,0,,5,,5,0,2,0,0,0,0,0,1,0,5,1,1,1,0,0,0,0,0,0,21,41,34,8,5,11,14,1,1,0,0,7,0,2,0,0,0,0,0,1,0,0,0,0,0,,,1,21,30,21,6,3,0,0,0
BRO189709140,box,1897-09-14,0,NYC11,R,1,BRO,NY1,1,1,0,0,1,,32,7,7,7,0,0,0,,4,,4,0,2,1,2,0,0,0,1,0,7,1,1,1,0,0,0,1,0,0,27,39,38,5,3,9,12,1,1,0,0,1,0,2,0,0,0,0,0,0,0,0,0,0,0,,,1,27,42,27,12,3,0,0,0
BRO189709150,box,1897-09-15,0,NYC11,R,1,BRO,NY1,1,0,1,0,1,,27,4,7,8,1,0,0,,3,,5,0,4,1,0,0,0,0,1,0,4,1,1,1,0,0,0,0,1,0,24,51,45,19,9,15,17,0,1,0,0,5,0,3,0,1,0,0,0,3,0,0,0,0,0,,,1,24,47,24,16,7,0,0,0
BRO189709160,box,1897-09-16,0,NYC11,R,1,BRO,WSN,1,1,0,0,1,,37,5,13,16,3,0,0,,3,,3,0,5,1,0,2,0,0,0,0,11,1,1,0,0,0,1,1,0,0,27,35,31,4,4,8,10,2,0,0,0,1,0,1,0,1,2,0,0,0,0,0,0,0,0,,,1,27,38,27,11,0,0,0,0
BRO189709170,box,1897-09-17,0,NYC11,R,1,BRO,WSN,1,1,0,0,1,,38,5,12,16,1,0,1,,4,,1,0,0,0,0,0,0,3,0,0,8,1,1,1,0,0,0,1,0,0,27,39,39,4,3,12,17,2,0,1,0,0,0,0,0,0,0,0,0,0,0,0,0,0,0,,,1,27,40,27,10,3,0,0,0
BRO189709180,box,1897-09-18,0,NYC11,R,1,BRO,WSN,1,0,1,0,1,,41,9,14,15,1,0,0,,8,,6,0,0,0,1,2,0,2,0,0,14,1,1,0,0,0,1,0,1,0,27,45,40,10,7,14,16,2,0,0,0,5,0,0,1,0,0,0,0,0,0,0,0,0,0,,,1,27,41,27,11,3,2,0,0
BSN189709211,box,1897-09-21,1,BOS05,R,0,BRO,BSN,1,1,0,0,1,,50,22,22,30,1,2,1,,17,,7,0,0,0,0,0,0,1,0,0,8,1,1,1,0,0,0,1,0,0,27,38,36,5,5,9,15,1,1,1,0,2,0,,1,0,0,0,0,0,0,0,0,0,0,,,1,27,46,27,16,3,1,0,0
BSN189709212,box,1897-09-21,2,BOS05,R,0,BRO,BSN,1,0,1,0,1,,24,1,5,7,0,1,0,,1,,5,0,4,2,0,0,0,1,0,0,7,1,1,1,0,0,0,0,1,0,21,34,31,9,8,14,17,1,1,0,0,2,0,0,2,0,1,0,0,0,0,0,0,0,0,,,1,21,37,21,15,1,2,0,0
BSN189709220,box,1897-09-22,0,BOS05,R,0,BRO,BSN,1,0,1,0,1,,28,0,7,8,1,0,0,,0,,2,0,1,1,0,0,0,1,0,0,9,1,1,1,0,0,0,0,1,0,21,39,38,12,6,15,17,2,0,0,0,1,0,0,2,0,0,0,0,1,0,0,0,0,0,,,1,21,35,21,10,4,2,0,2
BRO189709240,box,1897-09-24,0,NYC11,R,1,BRO,PHI,1,1,0,0,1,,38,10,15,20,1,2,0,,10,,5,0,1,1,1,0,0,0,0,0,10,1,1,1,0,0,0,1,0,0,27,41,38,9,2,14,16,2,0,0,0,2,0,1,2,0,1,0,0,0,0,0,0,0,0,,,1,27,52,27,20,5,3,0,0
BRO189709251,box,1897-09-25,1,NYC11,R,1,BRO,PHI,1,1,0,0,1,,38,15,16,21,3,1,0,,9,,5,0,0,1,0,1,0,7,1,0,5,1,1,1,0,0,0,1,0,0,27,36,36,3,2,8,9,1,0,0,0,0,0,4,1,0,0,0,0,0,0,0,0,0,0,,,1,27,37,27,8,2,1,0,0
BRO189709252,box,1897-09-25,2,NYC11,R,1,BRO,PHI,1,1,0,0,1,,28,3,8,10,0,1,0,,3,,3,0,1,0,0,1,0,2,3,0,5,1,1,1,1,0,0,1,0,0,27,32,31,0,0,4,5,1,0,0,0,1,0,3,0,0,0,0,0,0,0,0,0,0,0,,,1,27,43,27,13,3,0,0,0
BRO189709290,box,1897-09-29,0,NYC11,R,1,BRO,BSN,1,0,1,0,1,,29,4,6,7,1,0,0,,3,,2,0,3,0,0,2,0,1,1,0,5,1,1,0,0,0,1,0,1,0,24,43,39,12,8,18,23,3,1,0,0,1,0,5,0,0,3,0,0,0,0,0,0,0,0,,,1,24,41,24,10,7,2,0,0
BRO189709300,box,1897-09-30,0,NYC11,R,1,BRO,BSN,1,0,1,0,1,,32,3,7,8,1,0,0,,3,,2,0,4,1,0,0,0,0,0,0,4,1,1,1,0,0,0,0,1,0,27,48,46,12,8,19,25,4,1,0,0,1,0,0,0,0,1,0,0,0,0,0,0,0,0,,,1,27,43,27,12,4,0,0,0
BRO189710020,box,1897-10-02,0,NYC11,R,1,BRO,BSN,1,1,0,0,1,,40,15,16,28,4,1,2,,12,,6,0,2,0,0,0,0,5,1,0,7,1,1,1,0,0,0,1,0,0,27,37,36,6,5,10,16,1,1,1,0,1,0,1,1,0,0,0,0,0,0,0,0,0,0,,,1,27,48,27,18,3,2,0,0
BSN189704190,box,1897-04-19,0,BOS05,R,1,BSN,PHI,1,0,1,0,1,,32,5,8,9,1,0,0,,5,,3,0,3,0,0,0,0,1,1,0,3,1,1,1,0,0,0,0,1,0,27,40,37,6,6,11,14,0,0,1,0,2,0,2,0,0,1,0,0,0,0,0,0,0,0,,,1,27,48,27,17,4,0,0,0
BLN189704220,box,1897-04-22,0,BAL07,R,0,BSN,BLN,1,0,1,0,1,,35,5,12,15,3,0,0,,5,,4,0,1,1,0,2,0,3,1,0,9,1,1,0,0,0,1,0,1,0,24,44,38,10,5,15,20,5,0,0,0,4,0,2,0,2,0,0,0,0,0,0,0,0,0,,,1,24,45,24,17,4,0,0,1
BLN189704230,box,1897-04-23,0,BAL07,R,0,BSN,BLN,1,0,1,0,1,,37,5,11,15,2,1,0,,3,,1,0,1,0,0,1,0,2,0,0,7,1,1,1,0,0,0,0,1,0,24,36,36,7,4,12,14,0,1,0,0,0,0,4,0,0,0,0,0,1,0,0,0,0,0,,,1,24,43,24,17,2,0,0,1
BLN189704240,box,1897-04-24,0,BAL07,R,0,BSN,BLN,1,0,1,0,1,,37,1,8,10,2,0,0,,1,,1,0,5,1,2,0,0,2,0,0,12,1,1,1,0,0,0,0,1,0,24,36,32,7,6,10,16,2,2,0,0,4,0,0,0,0,0,0,0,0,0,0,0,0,0,,,1,24,42,24,16,2,0,0,1
PHI189704260,box,1897-04-26,0,PHI09,R,0,BSN,PHI,1,0,0,1,1,,40,8,14,20,4,1,0,,8,,4,0,3,0,1,0,0,3,1,0,10,1,1,1,0,0,0,0,0,0,27,48,41,8,7,12,18,1,1,1,0,7,0,0,0,0,0,0,0,0,0,0,0,0,0,,,1,27,45,27,14,4,1,0,0
PHI189704270,box,1897-04-27,0,PHI09,R,0,BSN,PHI,1,0,1,0,1,,44,8,18,24,2,2,0,,8,,3,0,2,0,0,0,0,0,0,0,12,1,1,0,0,0,1,0,1,0,27,44,42,10,7,14,17,1,1,0,0,1,0,3,0,0,1,0,0,1,0,0,0,0,0,,,1,27,42,27,11,4,1,0,0
PHI189704280,box,1897-04-28,0,PHI09,R,0,BSN,PHI,1,1,0,0,1,,35,6,9,12,1,1,0,,5,,5,0,1,0,0,0,0,4,1,0,10,1,1,1,0,0,0,1,0,0,27,45,35,5,3,10,14,2,1,0,0,7,0,4,0,0,3,0,0,0,0,0,0,0,0,,,1,27,40,27,11,2,0,0,0
WSN189704290,box,1897-04-29,0,WAS06,R,0,BSN,WSN,1,0,1,0,1,,36,3,8,11,1,1,0,,2,,3,0,0,0,1,0,0,2,0,0,10,1,1,1,0,0,0,0,1,0,27,39,37,5,0,11,11,0,0,0,0,2,0,2,0,0,0,0,0,0,0,0,0,0,0,,,1,27,45,27,12,6,0,0,0
WSN189704300,box,1897-04-30,0,WAS06,R,0,BSN,WSN,1,0,0,1,1,,38,3,12,14,0,1,0,,2,,2,1,2,0,0,2,0,1,3,0,9,1,1,1,0,0,0,0,0,0,30,37,33,3,1,6,6,0,0,0,0,3,0,2,0,1,0,0,0,0,0,0,0,0,0,,,1,30,56,30,22,4,0,0,1
BSN189705040,box,1897-05-04,0,BOS05,R,1,BSN,PHI,1,1,0,0,1,,31,5,8,9,1,0,0,,5,,5,0,1,0,2,0,0,2,1,0,9,1,1,1,0,0,0,1,0,0,27,41,36,2,2,11,12,1,0,0,0,4,0,10,0,1,0,0,0,0,0,0,0,0,0,,,1,27,36,27,8,1,0,0,1
BSN189705050,box,1897-05-05,0,BOS05,R,1,BSN,PHI,1,1,0,0,1,,35,7,14,14,0,0,0,,4,,1,0,2,0,0,0,0,4,2,0,5,1,1,1,0,0,0,1,0,0,27,46,39,5,5,13,14,1,0,0,0,5,0,2,0,1,1,0,0,0,0,0,0,0,0,,,1,27,40,27,9,4,0,0,0
BSN189705060,box,1897-05-06,0,BOS05,R,1,BSN,WSN,1,1,0,0,1,,33,5,9,13,1,0,1,,5,,2,0,1,1,0,1,0,2,2,0,7,1,1,1,0,0,0,1,0,0,27,35,33,1,1,5,7,2,0,0,0,2,0,7,0,0,0,0,0,1,0,0,0,0,0,,,1,27,36,27,7,2,0,0,0
BSN189705070,box,1897-05-07,0,BOS05,R,1,BSN,WSN,1,1,0,0,1,,28,4,6,8,0,1,0,,4,,2,0,3,1,0,1,0,2,0,0,3,1,1,1,1,0,0,1,0,0,27,33,33,0,0,5,6,1,0,0,0,0,0,1,0,0,0,0,0,0,0,0,0,0,0,,,1,27,47,27,17,3,0,0,0
BSN189705080,box,1897-05-08,0,BOS05,R,1,BSN,WSN,1,0,1,0,1,,36,9,8,17,1,1,2,,8,,2,0,0,0,0,1,0,1,0,0,3,1,1,0,0,0,1,0,1,0,27,48,33,10,5,6,12,1,1,1,0,12,0,5,0,2,1,0,0,1,0,0,0,0,0,,,1,27,39,27,11,1,1,0,1
PIT189705100,box,1897-05-10,0,PIT05,R,0,BSN,PIT,1,0,1,0,1,,37,2,12,14,0,1,0,,2,,0,0,1,2,0,0,0,0,0,0,8,1,1,1,0,0,0,0,1,0,24,31,30,4,1,6,7,1,0,0,0,1,0,2,0,0,0,0,0,0,0,0,0,0,0,,,1,24,37,24,11,2,0,0,0
PIT189705110,box,1897-05-11,0,PIT05,R,0,BSN,PIT,1,1,0,0,1,,32,2,4,8,2,1,0,,1,,2,0,1,0,0,0,0,1,0,0,5,1,1,1,1,0,0,1,0,0,27,35,32,0,0,7,7,0,0,0,0,2,0,2,1,1,0,0,0,0,0,0,0,0,0,,,1,27,41,27,14,0,1,0,0
PIT189705120,box,1897-05-12,0,PIT05,R,0,BSN,PIT,1,1,0,0,1,,33,3,7,9,0,1,0,,1,,1,0,2,0,0,1,0,0,0,0,5,1,1,1,0,0,0,1,0,0,27,34,28,1,1,4,4,0,0,0,0,5,0,2,1,0,1,0,0,0,0,0,0,0,0,,,1,27,41,27,13,1,1,0,1
CL4189705130,box,1897-05-13,0,CLE05,R,0,BSN,CL4,1,1,0,0,1,,34,4,8,11,3,0,0,,4,,2,0,3,0,2,0,0,1,1,0,7,1,1,1,0,0,0,1,0,0,27,31,30,1,1,4,7,1,1,0,0,1,0,5,1,0,0,0,0,0,0,0,0,0,0,,,1,27,40,27,12,1,1,0,0
CL4189705151,box,1897-05-15,1,CLE05,R,0,BSN,CL4,1,0,1,0,1,,31,1,4,5,1,0,0,,1,,0,0,2,0,0,0,0,0,0,0,3,1,1,0,0,0,1,0,1,0,24,34,26,5,3,6,6,0,0,0,0,8,0,3,0,0,0,0,0,0,0,0,0,0,0,,,1,24,38,24,12,2,1,0,0
CL4189705152,box,1897-05-15,2,CLE05,R,0,BSN,CL4,1,1,0,0,1,,40,7,13,21,3,1,1,,8,,1,0,1,0,1,0,0,1,1,0,8,1,1,1,0,0,0,1,0,0,27,42,36,6,6,11,15,2,1,0,0,4,0,4,0,1,1,0,0,1,0,0,0,0,0,,,1,27,41,27,10,4,0,0,0
CHN189705170,box,1897-05-17,0,CHI08,R,0,BSN,CHN,1,1,0,0,1,,37,10,10,16,0,0,2,,7,,4,0,0,0,0,2,0,3,1,0,6,1,1,1,0,0,0,1,0,0,27,34,33,1,1,8,9,1,0,0,0,1,0,3,1,0,0,0,0,0,0,0,0,0,0,,,1,27,42,27,15,0,2,0,0
CHN189705180,box,1897-05-18,0,CHI08,R,0,BSN,CHN,1,0,1,0,1,,35,5,8,8,0,0,0,,1,,3,0,6,0,0,1,0,3,1,0,7,1,1,0,0,0,1,0,1,0,24,44,38,11,9,15,21,2,2,0,0,5,0,3,1,0,1,0,0,1,0,0,0,0,0,,,1,24,38,24,11,3,1,0,0
CHN189705190,box,1897-05-19,0,CHI08,R,0,BSN,CHN,1,1,0,0,1,,44,7,12,15,1,1,0,,3,,2,0,1,1,0,1,0,1,0,0,10,1,1,1,0,0,0,1,0,0,30,43,38,6,6,9,13,4,0,0,0,5,0,0,1,0,0,0,0,0,0,0,0,0,0,,,1,30,49,30,17,2,2,0,0
SLN189705200,box,1897-05-20,0,STL05,R,0,BSN,SLN,1,1,0,0,1,,33,11,10,25,2,2,3,,9,,6,0,,0,0,1,0,5,1,0,5,1,1,1,0,0,0,1,0,0,27,37,35,4,4,12,18,1,1,1,0,2,0,,1,0,0,0,0,0,0,0,0,0,0,,,1,27,39,27,12,0,1,0,0
SLN189705210,box,1897-05-21,0,STL05,R,0,BSN,SLN,1,1,0,0,1,,37,11,16,29,0,2,3,,10,,3,0,0,0,1,1,0,1,1,0,7,1,1,1,0,0,0,1,0,0,27,33,31,1,1,4,7,1,1,0,0,1,0,,0,0,1,0,0,0,0,0,0,0,0,,,1,27,43,27,15,1,0,0,0
SLN189705220,box,1897-05-22,0,STL05,R,0,BSN,SLN,1,1,0,0,1,,40,11,14,20,1,1,1,,10,,3,0,,0,0,0,0,5,1,0,8,1,1,1,0,0,0,1,0,0,27,39,37,4,4,10,13,1,1,0,0,2,0,,0,0,0,0,0,1,0,0,0,0,0,,,1,27,41,27,14,0,0,0,0
LS3189705240,box,1897-05-24,0,LOU03,R,0,BSN,LS3,1,1,0,0,1,,30,5,8,10,0,1,0,,5,,6,0,,1,0,1,0,3,1,0,8,1,1,1,0,0,0,1,0,0,27,35,34,3,0,7,8,1,0,0,0,1,0,,0,0,0,0,0,0,0,0,0,0,0,,,1,27,40,27,11,2,0,0,1
LS3189705250,box,1897-05-25,0,LOU03,R,0,BSN,LS3,1,1,0,0,1,,34,7,9,13,1,0,1,,4,,1,0,,0,0,0,0,3,2,0,4,1,1,1,0,0,0,1,0,0,27,32,29,1,1,4,4,0,0,0,0,3,0,,0,0,0,0,0,0,0,0,0,0,0,,,1,27,39,27,11,1,1,0,0
LS3189705260,box,1897-05-26,0,LOU03,R,0,BSN,LS3,1,0,1,0,1,,36,4,10,14,2,1,0,,4,,2,0,1,1,0,0,0,0,0,0,7,1,1,1,0,0,0,0,1,0,27,42,34,5,5,11,15,1,0,1,0,4,0,,1,2,2,0,0,0,0,0,0,0,0,,,1,27,44,27,15,2,1,0,0
CIN189705270,box,1897-05-27,0,CIN05,R,0,BSN,CIN,1,1,0,0,1,,44,16,20,28,4,2,0,,12,,5,0,,0,0,2,0,4,0,0,8,1,1,1,0,0,0,1,0,0,27,39,33,7,3,10,12,2,0,0,0,2,0,,2,2,2,0,0,0,1,0,0,0,0,,,1,27,50,27,20,3,3,0,0
CIN189705290,box,1897-05-29,0,CIN05,R,0,BSN,CIN,1,0,1,0,1,,34,1,6,6,0,0,0,,1,,1,0,0,0,0,0,0,1,0,0,7,1,1,1,0,0,0,0,1,0,24,34,32,2,2,11,15,4,0,0,0,1,0,0,0,0,1,0,0,0,0,0,0,0,0,,,1,24,36,24,11,1,0,0,0
BSN189705310,box,1897-05-31,0,BOS05,R,1,BSN,SLN,1,1,0,0,1,,56,25,29,36,5,1,0,,24,,10,0,2,0,1,2,0,3,0,0,17,1,1,1,0,0,0,1,0,0,27,42,38,5,4,12,14,2,0,0,0,4,0,4,0,0,0,0,0,0,0,0,0,0,0,,,1,27,40,27,11,2,0,0,0
BSN189706011,box,1897-06-01,1,BOS05,R,1,BSN,SLN,1,1,0,0,1,,38,14,16,23,5,1,0,,14,,5,0,2,0,0,0,0,4,3,0,5,1,1,1,0,0,0,1,0,0,27,37,34,6,6,7,14,1,0,2,0,3,0,4,1,0,0,0,0,1,0,0,0,0,0,,,1,27,38,27,9,2,1,0,0
BSN189706012,box,1897-06-01,2,BOS05,R,1,BSN,SLN,1,1,0,0,1,,37,12,13,24,4,2,1,,12,,3,0,2,0,0,4,0,0,0,0,8,1,1,1,0,0,0,1,0,0,27,37,35,3,3,7,13,0,3,0,0,2,0,1,0,0,0,0,0,0,0,0,0,0,0,,,1,27,38,27,9,2,0,0,0
BSN189706020,box,1897-06-02,0,BOS05,R,1,BSN,CL4,1,1,0,0,1,,44,21,20,35,5,5,0,,21,,8,0,3,1,0,2,0,1,0,0,9,1,1,1,0,0,0,1,0,0,27,40,33,3,3,6,7,1,0,0,0,5,0,4,0,1,1,0,0,1,0,0,0,0,0,,,1,27,37,26,10,1,0,0,0
BSN189706030,box,1897-06-03,0,BOS05,R,1,BSN,CL4,1,1,0,0,1,,28,6,9,15,3,0,1,,4,,2,0,2,0,0,3,0,1,3,0,3,1,1,1,0,0,0,1,0,0,27,36,33,1,1,5,6,1,0,0,0,3,0,3,0,0,0,0,0,0,0,0,0,0,0,,,1,27,37,26,8,3,0,0,0
BSN189706050,box,1897-06-05,0,BOS05,R,1,BSN,PIT,1,1,0,0,1,,26,5,6,9,0,0,1,,4,,3,0,,0,0,3,0,4,1,0,3,1,1,1,0,0,0,1,0,0,27,39,35,3,2,7,10,0,0,1,0,4,1,1,0,0,0,0,0,1,0,0,0,0,0,,,1,27,38,27,9,2,1,0,0
BSN189706070,box,1897-06-07,0,BOS05,R,1,BSN,PIT,1,1,0,0,1,,32,4,11,12,1,0,0,,2,,3,0,1,0,1,1,0,8,1,0,9,1,1,1,1,0,0,1,0,0,27,36,34,0,0,7,8,1,0,0,0,2,0,3,0,0,0,0,0,0,0,0,0,0,0,,,1,27,39,27,12,0,0,0,0
BSN189706080,box,1897-06-08,0,BOS05,R,1,BSN,PIT,1,1,0,0,1,,33,8,11,15,2,1,0,,8,,4,0,1,0,0,1,0,4,3,0,6,1,1,1,0,0,0,1,0,0,27,40,38,4,2,11,14,0,0,1,0,2,0,1,0,0,0,0,0,0,0,0,0,0,0,,,1,27,37,27,7,3,1,0,1
BSN189706111,box,1897-06-11,1,BOS05,R,1,BSN,LS3,1,1,0,0,1,,29,8,8,10,0,1,0,,7,,3,0,1,1,2,3,0,2,0,0,5,1,1,1,0,0,0,1,0,0,27,40,33,4,3,8,8,0,0,0,0,3,0,7,0,2,2,0,0,0,0,0,0,0,0,,,1,27,38,27,8,3,1,0,0
BSN189706112,box,1897-06-11,2,BOS05,R,1,BSN,LS3,1,1,0,0,1,,39,12,19,29,5,1,1,,12,,5,0,0,1,0,1,0,5,1,0,9,1,1,1,0,0,0,1,0,0,27,44,37,4,2,7,11,1,0,1,0,4,0,3,0,2,1,0,0,0,0,0,0,0,0,,,1,27,46,27,13,6,0,0,0
BSN189706120,box,1897-06-12,0,BOS05,R,1,BSN,CIN,1,1,0,0,1,,33,5,9,12,3,0,0,,4,,2,0,1,0,1,1,0,6,0,0,8,1,1,1,0,0,0,1,0,0,27,34,34,1,1,9,9,0,0,0,0,0,0,1,1,0,0,0,0,0,0,0,0,0,0,,,1,27,43,26,16,1,2,0,0
BSN189706140,box,1897-06-14,0,BOS05,R,1,BSN,CIN,1,1,0,0,1,,36,5,15,20,2,0,1,,5,,1,0,3,0,0,2,0,1,0,0,10,1,1,1,0,0,0,1,0,0,27,37,33,3,3,9,11,2,0,0,0,4,0,2,1,0,0,0,0,0,0,0,0,0,0,,,1,27,37,27,10,0,1,0,0
BSN189706150,box,1897-06-15,0,BOS05,R,1,BSN,CIN,1,1,0,0,1,,43,10,18,23,2,0,1,,9,,5,0,2,1,0,1,0,1,1,0,12,1,1,1,0,0,0,1,0,0,27,40,39,4,4,11,15,1,0,1,0,1,0,2,0,0,0,0,0,0,0,0,0,0,0,,,1,27,39,27,10,2,0,0,0
BSN189706160,box,1897-06-16,0,BOS05,R,1,BSN,CHN,1,1,0,0,1,,42,14,18,30,3,3,1,,14,,2,0,2,1,0,0,0,1,1,0,6,1,1,1,0,0,0,1,0,0,27,37,35,3,1,8,10,2,0,0,0,2,0,3,0,0,0,0,0,0,0,0,0,0,0,,,1,27,41,27,11,3,1,0,0
BSN189706170,box,1897-06-17,0,BOS05,R,1,BSN,CHN,1,1,0,0,1,,44,19,19,26,4,0,1,,17,,6,0,1,0,1,0,0,2,0,0,8,1,1,0,0,0,1,1,0,1,27,45,38,7,4,11,14,1,1,0,0,6,0,0,3,1,0,0,0,1,0,0,0,0,0,,,1,27,45,27,16,2,3,0,0
BSN189706190,box,1897-06-19,0,BOS05,R,1,BSN,CHN,1,1,0,0,1,,40,7,14,17,1,1,0,,7,,1,0,2,0,0,0,0,2,0,0,10,1,1,1,0,0,0,1,0,0,27,38,33,3,3,9,12,0,0,1,0,4,0,3,0,0,1,0,0,0,0,0,0,0,0,,,1,27,36,27,9,0,0,0,1
BRO189706210,box,1897-06-21,0,NYC11,R,0,BSN,BRO,1,1,0,0,1,,46,11,19,24,3,1,0,,7,,1,0,4,0,0,0,0,1,1,0,9,1,1,1,0,0,0,1,0,0,27,39,36,6,4,10,13,1,1,0,0,3,0,1,1,0,0,0,0,0,0,0,0,0,0,,,1,27,40,27,10,3,1,0,0
BRO189706220,box,1897-06-22,0,NYC11,R,0,BSN,BRO,1,0,1,0,1,,35,4,11,11,0,0,0,,4,,5,0,3,1,0,2,0,1,0,0,11,1,1,1,0,0,0,0,1,0,24,38,33,7,5,9,13,1,0,1,0,2,0,1,0,1,2,0,0,0,0,0,0,0,0,,,1,24,38,24,10,4,0,0,0
BRO189706230,box,1897-06-23,0,NYC11,R,0,BSN,BRO,1,1,0,0,1,,49,13,19,26,1,3,0,,9,,3,0,1,0,0,0,0,4,0,0,12,1,1,1,0,0,0,1,0,0,27,36,30,2,2,3,4,1,0,0,0,6,0,1,0,0,0,0,0,0,0,0,0,0,0,,,1,27,40,27,12,1,0,0,0
BSN189706240,box,1897-06-24,0,BOS05,R,1,BSN,BLN,1,1,0,0,1,,43,12,20,23,0,0,1,,12,,1,0,5,1,0,0,0,3,1,0,8,1,1,1,0,0,0,1,0,0,27,40,35,5,4,11,12,1,0,0,0,4,0,3,3,1,0,0,0,0,0,0,0,0,0,,,1,27,47,27,18,2,3,0,0
BSN189706250,box,1897-06-25,0,BOS05,R,1,BSN,BLN,1,1,0,0,1,,36,10,11,12,1,0,0,,7,,9,0,4,2,1,1,0,1,1,0,11,1,1,0,0,0,1,1,0,0,27,46,34,9,5,11,13,2,0,0,0,7,0,1,1,2,3,0,0,0,0,0,0,0,0,,,1,27,46,27,16,3,2,0,0
BSN189706260,box,1897-06-26,0,BOS05,R,1,BSN,BLN,1,0,1,0,1,,31,0,5,5,0,0,0,,0,,2,0,6,0,1,0,0,2,1,0,7,1,1,1,0,0,0,0,1,0,27,33,31,1,1,5,8,0,0,1,0,2,0,1,0,0,0,0,0,0,0,0,0,0,0,,,1,27,41,27,13,1,0,0,0
BSN189706280,box,1897-06-28,0,BOS05,R,1,BSN,BRO,1,1,0,0,1,,34,9,10,14,1,0,1,,8,,7,0,0,0,0,0,0,1,1,0,6,1,1,1,0,0,0,1,0,0,27,42,39,8,7,14,17,3,0,0,0,2,0,0,2,1,0,0,0,0,1,0,0,0,0,,,1,27,48,27,18,3,2,0,0
BSN189706290,box,1897-06-29,0,BOS05,R,1,BSN,BRO,1,1,0,0,1,,37,8,11,17,4,1,0,,7,,4,1,3,0,0,1,0,2,0,0,9,1,1,0,0,0,1,1,0,0,27,37,35,7,7,11,16,2,0,1,0,1,0,0,1,1,0,0,0,0,0,0,0,0,0,,,1,27,39,27,12,0,1,0,0
BSN189706300,box,1897-06-30,0,BOS05,R,1,BSN,BRO,1,1,0,0,1,,40,9,15,20,5,0,0,,8,,1,0,2,0,0,0,0,3,1,0,6,1,1,1,0,0,0,1,0,0,27,43,36,8,6,9,13,2,1,0,0,5,0,1,0,0,2,0,0,0,0,0,0,0,0,,,1,27,44,27,13,4,0,0,1
NY1189707010,box,1897-07-01,0,NYC10,R,0,BSN,NY1,1,1,0,0,1,,36,5,10,15,2,0,1,,5,,1,0,0,0,0,0,0,0,0,0,5,1,1,1,0,0,0,1,0,0,27,40,37,4,3,10,11,1,0,0,0,3,0,4,2,0,0,0,0,0,0,0,0,0,0,,,1,27,47,27,15,5,3,0,0
NY1189707030,box,1897-07-03,0,NYC10,R,0,BSN,NY1,1,1,0,0,1,,33,3,3,3,0,0,0,,3,,0,0,2,0,0,0,0,2,0,0,3,1,1,1,0,0,0,1,0,0,27,37,34,2,2,11,15,2,1,0,0,3,0,1,0,0,0,0,0,0,0,0,0,0,0,,,1,27,38,27,11,0,1,0,0
PHI189707051,box,1897-07-05,1,PHI09,R,0,BSN,PHI,1,1,0,0,1,,33,3,7,9,0,1,0,,3,,2,0,1,0,0,0,0,5,0,0,5,1,1,1,0,0,0,1,0,0,27,38,33,2,2,7,9,0,1,0,0,3,0,3,0,1,1,0,0,0,0,0,0,0,0,,,1,27,34,27,7,0,0,0,0
PHI189707052,box,1897-07-05,2,PHI09,R,0,BSN,PHI,1,1,0,0,1,,41,8,13,16,3,0,0,,7,,0,0,4,0,2,0,0,2,0,0,8,1,1,0,0,0,1,1,0,1,27,38,34,5,5,11,15,2,1,0,0,1,0,4,1,0,3,0,0,0,0,0,0,0,0,,,1,27,46,27,15,4,1,0,0
PHI189707060,box,1897-07-06,0,PHI09,R,0,BSN,PHI,1,1,0,0,1,,38,6,9,14,2,0,1,,4,,2,0,2,0,0,1,0,2,0,0,8,1,1,1,0,0,0,1,0,0,27,34,32,2,1,7,7,0,0,0,0,2,0,,1,0,0,0,0,1,0,0,0,0,0,,,1,27,41,27,13,1,1,0,0
CHN189707080,box,1897-07-08,0,CHI08,R,0,BSN,CHN,1,0,1,0,1,,34,1,6,6,0,0,0,,1,,1,0,4,0,0,1,0,1,1,0,5,1,1,1,0,0,0,0,1,0,28,35,34,2,2,10,13,3,0,0,0,0,0,3,0,0,1,0,0,0,0,0,0,0,0,,,1,28,49,28,21,0,0,0,0
CHN189707090,box,1897-07-09,0,CHI08,R,0,BSN,CHN,1,0,1,0,1,,36,7,7,11,1,0,1,,4,,3,0,1,0,2,0,0,2,0,0,7,1,1,1,0,0,0,0,1,0,24,42,37,8,7,13,19,0,3,0,0,5,0,1,0,0,0,0,0,0,0,0,0,0,0,,,1,24,32,24,5,3,0,0,0
CHN189707100,box,1897-07-10,0,CHI08,R,0,BSN,CHN,1,0,1,0,1,,39,7,12,17,3,1,0,,6,,4,0,1,0,0,1,0,1,0,0,10,1,1,0,0,0,1,0,1,0,24,40,37,8,6,14,20,2,2,0,0,2,0,0,1,0,1,0,0,0,0,0,0,0,0,,,1,24,42,24,15,3,1,0,0
CL4189707120,box,1897-07-12,0,CLE05,R,0,BSN,CL4,1,1,0,0,1,,33,8,9,17,0,1,2,,7,,0,0,1,0,1,0,0,0,1,0,2,1,1,1,0,0,0,1,0,0,27,37,35,2,2,7,8,1,0,0,0,2,0,2,0,0,0,0,0,0,0,0,0,0,0,,,1,27,36,27,8,1,0,0,0
CL4189707130,box,1897-07-13,0,CLE05,R,0,BSN,CL4,1,0,1,0,1,,37,5,10,15,1,2,0,,4,,2,0,2,0,0,0,0,0,0,0,7,1,1,1,0,0,0,0,1,0,27,45,36,8,5,11,18,2,1,1,0,8,0,5,0,0,1,0,0,1,0,0,0,0,0,,,1,27,39,27,10,2,1,0,0
CL4189707140,box,1897-07-14,0,CLE05,R,0,BSN,CL4,1,0,1,0,1,,44,12,16,32,5,4,1,,12,,3,0,0,1,0,0,0,2,0,0,8,1,1,0,0,0,1,0,1,0,27,54,46,18,17,20,26,3,0,1,0,6,0,2,0,0,2,0,0,0,0,0,0,0,0,,,1,27,40,27,11,2,0,0,0
PIT189707150,box,1897-07-15,0,PIT05,R,0,BSN,PIT,1,1,0,0,1,,40,7,13,17,4,0,0,,5,,2,0,0,1,1,0,0,5,0,0,9,1,1,1,0,0,0,1,0,0,27,40,39,5,4,11,15,2,1,0,0,1,0,0,0,0,0,0,0,0,0,0,0,0,0,,,1,27,39,27,10,2,0,0,1
PIT189707160,box,1897-07-16,0,PIT05,R,0,BSN,PIT,1,0,1,0,1,,35,4,9,9,0,0,0,,1,,2,0,2,0,0,0,0,2,1,0,6,1,1,1,0,0,0,0,1,0,27,41,34,5,4,8,10,0,1,0,0,5,0,2,1,1,1,0,0,0,0,0,0,0,0,,,1,27,37,27,9,1,1,0,0
PIT189707170,box,1897-07-17,0,PIT05,R,0,BSN,PIT,1,1,0,0,1,,34,6,10,14,0,2,0,,6,,2,0,1,0,0,2,0,0,0,0,8,1,1,1,0,0,0,1,0,0,27,44,42,5,5,16,21,3,1,0,0,2,0,3,0,0,0,0,0,0,0,0,0,0,0,,,1,27,33,27,6,0,1,0,0
CIN189707190,box,1897-07-19,0,CIN05,R,0,BSN,CIN,1,1,0,0,1,,40,9,14,17,3,0,0,,9,,1,0,0,0,0,3,0,0,1,0,8,1,1,1,0,0,0,1,0,0,27,35,33,3,1,6,8,2,0,0,0,1,0,,0,0,1,0,0,1,0,0,0,0,0,,,1,27,42,27,11,4,0,0,0
CIN189707201,box,1897-07-20,1,CIN05,R,0,BSN,CIN,1,1,0,0,1,,44,9,16,24,4,2,0,,8,,2,0,,0,0,1,0,0,0,0,11,1,1,1,0,0,0,1,0,0,27,36,35,3,2,9,11,2,0,0,0,1,0,0,2,0,0,0,0,0,0,0,0,0,0,,,1,27,42,27,14,1,2,0,0
CIN189707202,box,1897-07-20,2,CIN05,R,0,BSN,CIN,1,0,1,0,1,,20,1,2,4,0,1,0,,1,,0,0,,0,0,0,0,0,0,0,1,1,1,1,0,0,0,0,1,0,18,36,32,12,12,19,28,3,3,0,0,0,0,0,0,1,3,0,0,0,0,0,0,0,0,,,1,18,29,18,11,0,0,0,0
CIN189707210,box,1897-07-21,0,CIN05,R,0,BSN,CIN,1,1,0,0,1,,40,10,11,13,2,0,0,,8,,5,0,,0,0,0,0,3,0,0,8,1,1,1,0,0,0,1,0,0,27,41,36,6,4,8,10,2,0,0,0,3,0,,0,0,2,0,0,0,0,0,0,0,0,,,1,27,42,27,12,3,0,0,0
LS3189707220,box,1897-07-22,0,LOU03,R,0,BSN,LS3,1,1,0,0,1,,46,17,20,24,2,1,0,,17,,3,0,2,1,1,1,0,0,0,0,7,1,1,1,0,0,0,1,0,0,27,36,33,2,1,8,10,2,0,0,0,2,0,2,0,0,1,0,0,1,0,0,0,0,0,,,1,27,41,27,12,2,1,0,0
LS3189707230,box,1897-07-23,0,LOU03,R,0,BSN,LS3,1,0,1,0,1,,34,4,8,12,2,1,0,,4,,6,0,,0,0,0,0,5,0,0,9,1,1,1,0,0,0,0,1,0,24,38,29,5,2,6,6,0,0,0,0,6,0,0,0,1,2,0,0,0,0,0,0,0,0,,,1,24,42,24,15,3,0,0,0
LS3189707240,box,1897-07-24,0,LOU03,R,0,BSN,LS3,1,1,0,0,1,,31,5,7,8,1,0,0,,2,,4,0,,0,2,2,0,0,1,0,7,1,1,0,0,0,1,1,0,1,27,38,34,2,2,8,10,2,0,0,0,3,0,2,0,0,1,0,0,0,0,0,0,0,0,,,1,27,40,27,13,0,0,0,0
SLN189707260,box,1897-07-26,0,STL05,R,0,BSN,SLN,1,0,1,0,1,,34,2,6,7,1,0,0,,2,,1,0,0,1,0,0,0,0,1,0,6,1,1,1,0,0,0,0,1,0,24,36,27,3,2,7,13,1,1,1,0,4,0,1,1,2,3,0,0,0,0,0,0,0,0,,,1,24,43,24,17,2,1,0,0
SLN189707270,box,1897-07-27,0,STL05,R,0,BSN,SLN,1,0,1,0,1,,32,2,6,6,0,0,0,,2,,6,0,2,1,0,0,0,1,1,0,9,1,1,1,0,0,0,0,1,0,24,35,34,5,2,13,16,1,1,0,0,1,0,0,0,0,0,0,0,0,0,0,0,0,0,,,1,24,38,24,12,2,1,0,0
SLN189707280,box,1897-07-28,0,STL05,R,0,BSN,SLN,1,1,0,0,1,,38,8,14,18,2,1,0,,5,,5,0,0,1,0,2,0,1,0,0,10,1,1,1,0,0,0,1,0,0,27,32,32,1,1,5,5,0,0,0,0,0,0,,0,0,0,0,0,0,0,0,0,0,0,,,1,27,40,27,12,1,0,0,0
PHI189707300,box,1897-07-30,0,PHI09,R,0,BSN,PHI,1,1,0,0,1,,35,7,10,13,1,1,0,,7,,3,0,5,0,0,1,0,1,0,0,5,1,1,1,0,0,0,1,0,0,27,34,29,3,2,4,8,1,0,1,0,4,0,2,0,0,1,0,0,0,0,0,0,0,0,,,1,27,36,27,7,2,1,0,0
WSN189707310,box,1897-07-31,0,WAS06,R,0,BSN,WSN,1,1,0,0,1,,32,7,8,11,0,0,1,,6,,6,0,2,2,1,1,0,1,0,0,8,1,1,1,0,0,0,1,0,0,27,39,38,6,6,11,19,1,2,1,0,1,0,1,0,0,0,0,0,0,0,0,0,0,0,,,1,27,46,27,19,0,0,0,1
WSN189708021,box,1897-08-02,1,WAS06,R,0,BSN,WSN,1,0,1,0,1,,37,7,13,17,0,2,0,,7,,4,0,3,2,1,0,0,0,0,0,8,1,1,1,0,0,0,0,1,0,24,40,33,9,5,15,16,1,0,0,0,5,0,4,1,0,2,0,0,0,0,0,0,0,0,,,1,24,44,24,16,4,1,0,0
WSN189708022,box,1897-08-02,2,WAS06,R,0,BSN,WSN,1,1,0,0,1,,33,9,8,11,1,1,0,,8,,5,0,6,0,0,2,0,2,0,0,4,1,1,1,0,0,0,1,0,0,27,40,36,5,3,10,12,2,0,0,0,2,0,1,0,0,2,0,0,0,0,0,0,0,0,,,1,27,48,27,18,3,1,0,1
WSN189708031,box,1897-08-03,1,WAS06,R,0,BSN,WSN,1,1,0,0,1,,38,11,13,17,4,0,0,,7,,5,0,2,1,0,0,0,3,1,0,5,1,1,1,0,0,0,1,0,0,27,40,33,5,3,8,10,2,0,0,0,7,0,4,1,0,0,0,0,0,0,0,0,0,0,,,1,27,41,27,12,2,2,0,0
WSN189708032,box,1897-08-03,2,WAS06,R,0,BSN,WSN,1,0,1,0,1,,35,5,5,6,1,0,0,,4,,4,0,2,0,0,1,0,2,0,0,8,1,1,0,0,0,1,0,1,0,27,42,38,7,5,11,16,2,0,1,0,3,0,2,0,0,1,0,0,0,0,0,0,0,0,,,1,27,39,27,10,2,0,0,0
BSN189708050,box,1897-08-05,0,BOS05,R,1,BSN,BLN,1,0,1,0,1,,39,4,14,17,3,0,0,,4,,8,0,4,1,1,1,0,0,1,0,18,1,1,1,0,0,0,0,1,0,27,44,39,9,6,15,20,2,0,1,0,3,0,3,0,0,2,0,0,0,0,0,0,0,0,,,1,27,43,27,13,3,1,0,2
BSN189708060,box,1897-08-06,0,BOS05,R,1,BSN,BLN,1,1,0,0,1,,39,6,12,15,1,1,0,,6,,2,0,1,0,0,0,0,2,1,0,8,1,1,1,0,0,0,1,0,0,27,39,36,5,4,10,14,1,0,1,0,3,0,3,1,0,0,0,0,0,0,0,0,0,0,,,1,27,41,27,12,2,1,0,0
BSN189708070,box,1897-08-07,0,BOS05,R,1,BSN,BLN,1,1,0,0,1,,30,4,7,7,0,0,0,,4,,1,0,1,1,0,1,0,0,0,0,4,1,1,1,0,0,0,1,0,0,27,34,31,2,2,6,9,0,0,1,0,3,0,3,0,0,0,0,0,0,0,0,0,0,0,,,1,27,42,27,14,1,1,0,0
BSN189708090,box,1897-08-09,0,BOS05,R,1,BSN,NY1,1,0,1,0,1,,38,4,10,14,1,0,1,,4,,1,0,3,0,0,2,0,0,0,0,10,1,1,1,0,0,0,0,1,0,27,43,39,10,9,13,15,0,1,0,0,4,0,3,0,0,0,0,0,0,0,0,0,0,0,,,1,27,40,27,11,2,0,0,0
BSN189708100,box,1897-08-10,0,BOS05,R,1,BSN,NY1,1,1,0,0,1,,27,1,6,7,1,0,0,,1,,3,0,1,1,2,1,0,0,1,0,8,1,1,1,1,0,0,1,0,0,27,29,28,0,0,2,2,0,0,0,0,1,0,3,1,0,0,0,0,0,0,0,0,0,0,,,1,27,37,27,10,0,1,0,0
BSN189708110,box,1897-08-11,0,BOS05,R,1,BSN,NY1,1,1,0,0,1,,34,7,8,10,2,0,0,,5,,4,0,2,0,0,0,0,1,0,0,7,1,1,1,0,0,0,1,0,0,27,37,34,5,2,9,11,2,0,0,0,0,0,0,0,2,1,0,0,0,0,0,0,0,0,,,1,27,42,27,13,2,0,0,0
NY1189708121,box,1897-08-12,1,NYC10,R,0,BSN,NY1,1,1,0,0,1,,44,5,14,15,1,0,0,,4,,1,0,4,0,0,6,0,3,1,0,10,1,1,1,0,0,0,1,0,0,36,48,44,4,4,10,13,1,1,0,0,3,0,,0,0,1,0,0,0,0,0,0,0,0,,,1,36,55,36,18,1,0,0,0
NY1189708122,box,1897-08-12,2,NYC10,R,0,BSN,NY1,1,1,0,0,1,,32,10,10,13,3,0,0,,10,,7,0,1,0,0,1,0,1,0,0,6,1,1,1,0,0,0,1,0,0,24,37,33,7,2,10,16,1,1,1,0,2,0,1,0,0,2,0,0,0,0,0,0,0,0,,,1,24,41,24,13,4,0,0,0
NY1189708130,box,1897-08-13,0,NYC10,R,0,BSN,NY1,1,0,1,0,1,,38,6,12,16,2,1,0,,6,,5,0,,1,0,0,0,0,1,0,10,1,1,1,0,0,0,0,1,0,24,47,42,14,10,15,22,7,0,0,0,3,0,,0,1,1,0,0,0,0,0,0,0,0,,,1,24,42,24,12,6,0,0,0
NY1189708140,box,1897-08-14,0,NYC10,R,0,BSN,NY1,1,0,1,0,1,,32,4,6,6,0,0,0,,2,,0,0,1,1,1,0,0,0,1,0,2,1,1,1,0,0,0,0,1,0,24,36,34,6,5,9,15,2,2,0,0,1,0,3,0,1,0,0,0,0,0,0,0,0,0,,,1,24,35,24,8,3,0,0,0
BSN189708160,box,1897-08-16,0,BOS05,R,1,BSN,WSN,1,1,0,0,1,,31,5,9,10,1,0,0,,4,,2,0,5,0,0,2,0,1,0,0,6,1,1,1,0,0,0,1,0,0,27,33,30,2,2,6,8,2,0,0,0,3,0,8,0,0,0,0,0,0,0,0,0,0,0,,,1,27,38,27,11,0,0,0,1
BSN189708170,box,1897-08-17,0,BOS05,R,1,BSN,WSN,1,0,1,0,1,,42,7,16,17,1,0,0,,7,,4,0,,0,0,1,0,3,0,0,13,1,1,1,0,0,0,0,1,0,27,43,40,9,5,9,15,2,2,0,0,3,0,0,1,0,0,0,0,1,0,0,0,0,0,,,1,27,46,27,14,5,1,0,0
BSN189708180,box,1897-08-18,0,BOS05,R,1,BSN,WSN,1,1,0,0,1,,37,8,16,18,0,1,0,,6,,1,0,2,1,1,3,0,2,0,0,10,1,1,1,1,0,0,1,0,0,27,37,31,0,0,3,4,1,0,0,0,5,0,,0,1,0,0,0,0,0,0,0,0,0,,,1,27,43,27,14,2,1,0,0
BSN189708190,box,1897-08-19,0,BOS05,R,1,BSN,PIT,1,1,0,0,1,,42,16,19,25,3,0,1,,13,,4,0,5,0,1,0,0,2,2,0,7,1,1,1,0,0,0,1,0,0,27,31,30,1,1,5,7,0,1,0,0,1,0,2,0,0,0,0,0,0,0,0,0,0,0,,,1,27,36,27,9,0,1,0,0
BSN189708200,box,1897-08-20,0,BOS05,R,1,BSN,PIT,1,1,0,0,1,,39,15,15,20,2,0,1,,12,,4,0,2,1,0,1,0,1,1,0,5,1,1,1,0,0,0,1,0,0,27,34,32,2,0,6,9,3,0,0,0,1,0,1,0,1,0,0,0,1,0,0,0,0,0,,,1,27,41,27,13,1,0,0,0
BSN189708210,box,1897-08-21,0,BOS05,R,1,BSN,PIT,1,1,0,0,1,,43,13,17,27,5,1,1,,12,,6,0,3,0,0,1,0,3,0,0,11,1,1,0,0,0,1,1,0,0,27,49,41,12,10,22,28,4,1,0,0,6,0,6,1,0,2,0,0,0,0,0,0,0,0,,,1,27,41,27,13,1,1,0,1
BSN189708231,box,1897-08-23,1,BOS05,R,1,BSN,LS3,1,1,0,0,1,,33,4,6,6,0,0,0,,4,,3,0,2,0,1,0,0,0,0,0,9,1,1,1,0,0,0,1,0,0,27,33,30,1,1,3,4,1,0,0,0,3,0,1,1,0,0,0,0,0,0,0,0,0,0,,,1,27,38,27,10,1,1,0,0
BSN189708232,box,1897-08-23,2,BOS05,R,1,BSN,LS3,1,1,0,0,1,,40,9,18,28,2,1,2,,9,,3,0,1,1,0,2,0,1,0,0,12,1,1,1,0,0,0,1,0,0,27,38,35,3,2,8,12,4,0,0,0,3,0,1,1,0,0,0,0,0,0,0,0,0,0,,,1,27,47,27,17,3,1,0,0
BSN189708251,box,1897-08-25,1,BOS05,R,1,BSN,LS3,1,1,0,0,1,,34,17,14,17,3,0,0,,14,,8,0,0,0,2,3,0,2,1,0,6,1,1,1,0,0,0,1,0,0,27,43,38,7,4,12,14,2,0,0,0,4,0,3,1,1,0,0,0,0,0,0,0,0,0,,,1,27,42,27,13,2,2,0,0
BSN189708252,box,1897-08-25,2,BOS05,R,1,BSN,LS3,1,0,1,0,1,,33,0,7,7,0,0,0,,0,,3,0,2,0,0,0,0,3,0,0,9,1,1,1,0,0,0,0,1,0,27,43,39,11,8,13,20,5,1,0,0,3,0,3,0,1,0,0,0,0,0,0,0,0,0,,,1,27,40,27,11,2,0,0,0
BSN189708260,box,1897-08-26,0,BOS05,R,1,BSN,CL4,1,0,1,0,1,,29,1,5,6,1,0,0,,1,,2,0,1,1,0,0,0,0,1,0,3,1,1,1,0,0,0,0,1,0,27,41,39,7,5,13,19,2,2,0,0,0,0,6,0,0,2,0,0,0,0,0,0,0,0,,,1,27,44,27,15,2,0,0,0
BSN189708270,box,1897-08-27,0,BOS05,R,1,BSN,CL4,1,0,1,0,1,,37,4,9,11,0,1,0,,4,,2,0,0,0,0,0,0,1,0,0,8,1,1,1,0,0,0,0,1,0,24,42,37,10,1,13,17,2,1,0,0,4,0,0,1,0,1,0,0,0,0,0,0,0,0,,,1,24,44,24,15,5,1,0,0
BSN189708280,box,1897-08-28,0,BOS05,R,1,BSN,CL4,1,1,0,0,1,,40,11,12,15,3,0,0,,6,,1,0,0,0,0,1,0,1,1,0,4,1,1,1,0,0,0,1,0,0,27,39,39,5,3,10,14,1,0,1,0,0,0,,0,0,0,0,0,0,0,0,0,0,0,,,1,27,41,27,10,4,0,0,0
BSN189708300,box,1897-08-30,0,BOS05,R,1,BSN,CL4,1,1,0,0,1,,35,6,12,14,2,0,0,,6,,2,0,1,0,0,1,0,0,0,0,8,1,1,1,0,0,0,1,0,0,27,37,36,2,1,8,8,0,0,0,0,1,0,4,0,0,0,0,0,1,0,0,0,0,0,,,1,27,39,27,10,2,0,0,0
BSN189708310,box,1897-08-31,0,BOS05,R,1,BSN,CHN,1,0,0,1,1,,46,8,16,18,0,1,0,,7,,4,0,3,0,1,2,0,0,1,0,12,1,1,1,0,0,0,0,0,0,33,47,44,8,7,12,24,3,0,3,0,3,0,5,0,0,0,0,0,0,0,0,0,0,0,,,1,33,48,33,13,2,0,0,0
BSN189709010,box,1897-09-01,0,BOS05,R,1,BSN,CHN,1,1,0,0,1,,36,7,13,19,3,0,1,,7,,3,0,2,0,0,0,0,0,0,0,8,1,1,0,0,0,1,1,0,1,27,42,39,4,4,10,13,1,1,0,0,3,0,2,0,0,0,0,0,0,0,0,0,0,0,,,1,27,38,27,8,3,0,0,1
BSN189709031,box,1897-09-03,1,BOS05,R,1,BSN,CHN,1,1,0,0,1,,32,6,13,14,1,0,0,,5,,3,0,2,1,1,0,0,1,0,0,6,1,1,1,0,0,0,1,0,0,27,32,29,3,3,7,10,1,1,0,0,1,0,3,1,2,0,0,0,0,0,0,0,0,0,,,1,27,42,27,15,0,2,0,0
BSN189709032,box,1897-09-03,2,BOS05,R,1,BSN,CHN,1,1,0,0,1,,37,9,12,15,1,1,0,,8,,6,0,0,0,1,0,0,2,1,0,11,1,1,1,0,0,0,1,0,0,27,37,33,1,1,7,8,1,0,0,0,3,0,3,1,1,0,0,0,0,0,0,0,0,0,,,1,27,46,27,16,3,2,0,0
BSN189709040,box,1897-09-04,0,BOS05,R,1,BSN,CIN,1,1,0,0,1,,36,7,14,14,0,0,0,,7,,2,0,0,0,0,1,0,1,0,0,8,1,1,1,0,0,0,1,0,0,27,36,33,6,4,11,15,1,0,1,0,2,0,1,1,0,1,0,0,0,0,0,0,0,0,,,1,27,44,27,17,0,2,0,3
BSN189709061,box,1897-09-06,1,BOS05,R,1,BSN,CIN,1,0,1,0,1,,33,3,5,6,1,0,0,,3,,3,0,1,0,0,1,0,0,0,0,7,1,1,1,0,0,0,0,1,0,27,37,30,5,5,9,10,1,0,0,0,3,0,0,0,1,3,0,0,1,0,0,0,0,0,,,1,27,42,27,15,0,0,0,3
BSN189709062,box,1897-09-06,2,BOS05,R,1,BSN,CIN,1,1,0,0,1,,38,10,16,18,0,1,0,,9,,2,0,1,0,0,2,0,3,1,0,8,1,1,1,0,0,0,1,0,0,27,34,34,2,1,7,9,0,1,0,0,0,0,1,2,0,0,0,0,0,0,0,0,0,0,,,1,27,42,27,13,2,2,0,0
BSN189709080,box,1897-09-08,0,BOS05,R,1,BSN,SLN,1,1,0,0,1,,43,17,17,21,1,0,1,,16,,5,0,2,1,0,1,0,1,0,0,8,1,1,0,0,0,1,1,0,1,27,41,39,5,5,13,17,1,0,1,0,1,0,1,0,1,0,0,0,0,0,0,0,0,0,,,1,27,35,27,8,0,0,0,0
BSN189709090,box,1897-09-09,0,BOS05,R,1,BSN,SLN,1,1,0,0,1,,43,13,16,21,1,2,0,,13,,3,0,0,0,1,0,0,1,0,0,10,1,1,0,0,0,1,1,0,1,27,40,36,6,5,10,13,1,1,0,0,4,0,2,0,0,0,0,0,0,0,0,0,0,0,,,1,27,43,27,15,1,0,0,1
BSN189709100,box,1897-09-10,0,BOS05,R,1,BSN,SLN,1,1,0,0,1,,38,10,11,16,3,1,0,,10,,6,0,3,0,1,0,0,2,0,0,10,1,1,0,0,0,1,1,0,0,27,45,43,9,9,16,20,1,0,1,0,2,0,4,0,0,0,0,0,0,0,0,0,0,0,,,1,27,43,27,14,2,0,0,0
BSN189709110,box,1897-09-11,0,BOS05,R,1,BSN,PHI,1,1,0,0,1,,33,11,12,24,3,0,3,,10,,5,0,2,1,1,1,0,1,0,0,5,1,1,1,1,0,0,1,0,0,27,34,32,0,0,7,8,1,0,0,0,2,0,3,1,0,0,0,0,0,0,0,0,0,0,,,1,27,44,27,16,1,2,0,0
BSN189709140,box,1897-09-14,0,BOS05,R,1,BSN,PHI,1,1,0,0,1,,33,6,11,12,1,0,0,,6,,4,0,0,0,0,1,0,1,0,0,8,1,1,1,0,0,0,1,0,0,27,34,33,4,4,6,13,1,0,2,0,1,0,2,0,0,0,0,0,0,0,0,0,0,0,,,1,27,43,27,15,1,0,0,0
BSN189709150,box,1897-09-15,0,BOS05,R,1,BSN,PHI,1,1,0,0,1,,36,9,12,17,5,0,0,,9,,4,0,0,0,0,1,0,1,0,0,8,1,1,1,0,0,0,1,0,0,27,33,31,1,0,4,7,1,1,0,0,1,0,3,0,0,1,0,0,0,0,0,0,0,0,,,1,27,42,27,14,1,0,0,0
BSN189709160,box,1897-09-16,0,BOS05,R,1,BSN,NY1,1,0,1,0,1,,38,5,11,15,1,0,1,,5,,4,0,1,0,0,0,0,0,1,0,10,1,1,1,0,0,0,0,1,0,27,45,38,8,5,9,16,1,0,2,0,5,0,3,0,2,0,0,0,0,1,0,0,0,0,,,1,27,39,27,7,5,0,0,2
BSN189709170,box,1897-09-17,0,BOS05,R,1,BSN,NY1,1,1,0,0,1,,39,17,15,18,3,0,0,,12,,7,0,3,1,1,2,0,3,1,0,8,1,1,1,1,0,0,1,0,0,27,32,31,0,0,5,5,0,0,0,0,1,0,0,0,0,0,0,0,0,0,0,0,0,0,,,1,27,39,27,12,0,0,0,0
BSN189709180,box,1897-09-18,0,BOS05,R,1,BSN,NY1,1,1,0,0,1,,33,9,11,14,1,1,0,,8,,7,0,5,0,0,0,0,0,1,0,7,1,1,1,0,0,0,1,0,0,27,36,32,3,3,7,9,2,0,0,0,3,0,5,1,1,0,0,0,1,0,0,0,0,0,,,1,27,43,27,15,1,1,0,0
BSN189709211,box,1897-09-21,1,BOS05,R,1,BSN,BRO,1,0,1,0,1,,36,5,9,15,1,1,1,,5,,2,0,,1,0,0,0,0,0,0,6,1,1,0,0,0,1,0,1,0,27,57,50,22,10,22,30,1,2,1,0,7,0,0,0,0,0,0,0,1,0,0,0,0,0,,,1,27,45,27,13,5,2,0,0
BSN189709212,box,1897-09-21,2,BOS05,R,1,BSN,BRO,1,1,0,0,1,,31,9,14,17,1,1,0,,8,,2,0,0,2,0,1,0,2,1,0,4,1,1,1,0,0,0,1,0,0,21,29,24,1,1,5,7,0,1,0,0,5,0,4,2,0,0,0,0,0,0,0,0,0,0,,,1,21,30,21,9,0,2,0,0
BSN189709220,box,1897-09-22,0,BOS05,R,1,BSN,BRO,1,1,0,0,1,,38,12,15,17,2,0,0,,9,,1,0,0,2,0,0,0,4,0,0,6,1,1,0,1,1,1,1,0,1,21,30,28,0,0,7,8,1,0,0,0,2,0,1,1,0,0,0,0,0,0,0,0,0,0,,,1,21,30,21,8,1,1,0,0
BLN189709240,box,1897-09-24,0,BAL07,R,0,BSN,BLN,1,1,0,0,1,,37,6,10,14,4,0,0,,5,,4,0,7,0,0,0,0,3,0,0,8,1,1,1,0,0,0,1,0,0,27,38,34,4,4,12,15,1,1,0,0,3,0,2,0,0,1,0,0,0,0,0,0,0,0,,,1,27,37,26,11,0,1,0,1
BLN189709250,box,1897-09-25,0,BAL07,R,0,BSN,BLN,1,0,1,0,1,,35,3,10,12,2,0,0,,2,,3,0,3,1,1,0,0,0,1,0,9,1,1,1,0,0,0,0,1,0,24,41,36,6,6,13,19,4,1,0,0,3,0,1,0,1,1,0,0,0,0,0,0,0,0,,,1,24,35,24,11,0,0,0,0
BLN189709270,box,1897-09-27,0,BAL07,R,0,BSN,BLN,1,1,0,0,1,,45,19,23,29,6,0,0,,14,,3,0,2,0,3,2,0,3,2,0,7,1,1,1,0,0,0,1,0,0,27,45,40,10,7,14,23,9,0,0,0,3,0,2,1,1,1,0,0,0,0,0,0,0,0,,,1,27,43,27,13,3,1,0,1
BRO189709290,box,1897-09-29,0,NYC11,R,0,BSN,BRO,1,1,0,0,1,,39,12,18,23,3,1,0,,9,,1,0,5,0,0,3,0,2,1,0,7,1,1,1,0,0,0,1,0,0,24,33,29,4,2,6,7,1,0,0,0,2,0,3,0,0,2,0,0,1,0,0,0,0,0,,,1,24,36,24,9,3,0,0,1
BRO189709300,box,1897-09-30,0,NYC11,R,0,BSN,BRO,1,1,0,0,1,,46,12,19,25,4,1,0,,10,,1,0,0,0,0,1,0,0,1,0,9,1,1,1,0,0,0,1,0,0,27,34,32,3,3,7,8,1,0,0,0,2,0,4,1,0,0,0,0,0,0,0,0,0,0,,,1,27,34,27,7,0,2,0,0
BRO189710020,box,1897-10-02,0,NYC11,R,0,BSN,BRO,1,0,1,0,1,,36,6,10,16,1,1,1,,6,,1,0,1,1,0,0,0,3,0,0,4,1,1,1,0,0,0,0,1,0,24,46,40,15,11,16,28,4,1,2,0,6,0,2,0,0,0,0,0,0,0,0,0,0,0,,,1,24,44,24,12,8,0,0,0
CIN189704220,box,1897-04-22,0,CIN05,R,0,CHN,CIN,1,0,1,0,1,,38,7,11,14,1,1,0,,7,,3,0,,0,1,4,0,2,0,0,9,1,1,1,0,0,0,0,1,0,28,43,39,8,5,10,13,1,1,0,0,3,0,,1,0,1,0,0,0,0,0,0,0,0,,,1,28,46,28,13,5,1,0,0
CIN189704230,box,1897-04-23,0,CIN05,R,0,CHN,CIN,1,0,1,0,1,,32,3,11,13,2,0,0,,3,,2,0,,0,0,3,0,2,0,0,7,1,1,1,0,0,0,0,1,0,24,35,29,4,2,6,13,0,2,1,0,5,0,,0,0,1,0,0,0,0,0,0,0,0,,,1,24,38,24,12,2,0,0,0
CIN189704240,box,1897-04-24,0,CIN05,R,0,CHN,CIN,1,0,1,0,1,,31,3,8,8,0,0,0,,3,,1,0,3,1,0,2,0,0,0,0,4,1,1,1,0,0,0,0,1,0,24,33,32,4,4,8,19,3,4,0,0,1,0,1,0,0,0,0,0,0,0,0,0,0,0,,,1,24,37,24,13,0,0,0,0
SLN189704260,box,1897-04-26,0,STL05,R,0,CHN,SLN,1,1,0,0,1,,42,9,17,21,2,1,0,,8,,7,0,1,0,0,1,0,4,1,0,14,1,1,1,0,0,0,1,0,0,27,40,37,2,0,11,12,1,0,0,0,3,0,,0,0,0,0,0,0,0,0,0,0,0,,,1,27,41,27,12,2,1,0,0
SLN189704270,box,1897-04-27,0,STL05,R,0,CHN,SLN,1,0,1,0,1,,31,4,5,5,0,0,0,,4,,3,0,3,0,0,2,0,1,1,0,5,1,1,1,0,0,0,0,1,0,24,42,27,10,9,11,14,1,1,0,0,6,0,1,1,2,7,0,0,1,0,0,0,0,0,,,1,24,40,24,14,2,2,0,0
SLN189704280,box,1897-04-28,0,STL05,R,0,CHN,SLN,1,1,0,0,1,,32,6,10,15,1,2,0,,6,,6,0,0,0,0,0,0,2,1,0,8,1,1,1,0,0,0,1,0,0,24,37,33,5,2,10,11,1,0,0,0,3,0,2,0,0,1,0,0,0,0,0,0,0,0,,,1,24,41,24,12,5,1,0,3
LS3189704290,box,1897-04-29,0,LOU03,R,0,CHN,LS3,1,0,1,0,1,,29,4,5,9,1,0,1,,4,,2,0,1,1,0,1,0,0,0,0,1,1,1,1,0,0,0,0,1,0,27,39,34,5,5,7,10,1,1,0,0,5,0,7,0,0,0,0,0,0,0,0,0,0,0,,,1,27,40,27,12,1,0,0,0
LS3189704300,box,1897-04-30,0,LOU03,R,0,CHN,LS3,1,0,1,0,1,,34,2,7,10,1,1,0,,0,,4,0,1,0,0,0,0,1,1,0,9,1,1,1,0,0,0,0,1,0,27,35,33,3,3,11,15,0,2,0,0,1,0,6,2,1,0,0,0,0,0,0,0,0,0,,,1,27,39,27,12,0,3,0,1
LS3189705010,box,1897-05-01,0,LOU03,R,0,CHN,LS3,1,0,0,1,1,,34,5,7,7,0,0,0,,4,,5,0,4,1,0,1,0,1,1,0,8,1,1,1,0,0,0,0,0,0,27,38,35,5,4,8,9,1,0,0,0,2,0,1,1,0,1,0,0,0,0,0,0,0,0,,,1,27,43,27,14,2,1,0,1
CHN189705040,box,1897-05-04,0,CHI08,R,1,CHN,SLN,1,1,0,0,1,,30,5,7,9,0,1,0,,5,,0,0,0,0,0,0,0,1,1,0,1,1,1,1,0,0,0,1,0,0,27,33,31,2,2,6,6,0,0,0,0,2,0,1,1,0,0,0,0,0,0,0,0,0,0,,,1,27,36,27,9,0,1,0,0
CHN189705050,box,1897-05-05,0,CHI08,R,1,CHN,SLN,1,0,1,0,1,,34,7,7,7,0,0,0,,6,,4,0,3,0,0,2,0,3,0,0,6,1,1,1,0,0,0,0,1,0,27,46,43,9,8,18,26,4,2,0,0,1,0,7,0,1,1,0,0,0,0,0,0,0,0,,,1,27,47,27,17,3,0,0,0
CL4189705060,box,1897-05-06,0,CLE05,R,0,CHN,CL4,1,0,1,0,1,,31,1,5,5,0,0,0,,1,,0,0,3,1,1,0,0,1,1,0,4,1,1,1,0,0,0,0,1,0,24,32,27,5,4,6,7,1,0,0,0,3,0,0,0,1,1,0,0,0,0,0,0,0,0,,,1,24,43,24,17,2,0,0,0
CL4189705070,box,1897-05-07,0,CLE05,R,0,CHN,CL4,1,0,1,0,1,,39,5,14,19,2,0,1,,4,,1,0,0,0,0,1,0,2,1,0,9,1,1,1,0,0,0,0,1,0,24,42,36,6,5,15,17,0,1,0,0,5,0,1,1,0,1,0,0,0,0,0,0,0,0,,,1,24,38,24,11,3,2,0,0
CL4189705080,box,1897-05-08,0,CLE05,R,0,CHN,CL4,1,0,1,0,1,,36,6,10,14,2,1,0,,3,,3,0,1,0,0,1,0,1,2,0,7,1,1,1,0,0,0,0,1,0,26,38,34,7,7,13,15,2,0,0,0,2,0,,1,1,1,0,0,0,0,0,0,0,0,,,1,26,41,25,15,1,3,0,0
CHN189705090,box,1897-05-09,0,CHI08,R,1,CHN,CIN,1,1,0,0,1,,29,5,10,13,1,1,0,,4,,5,0,1,0,0,3,0,2,1,0,8,1,1,1,0,0,0,1,0,0,27,35,35,2,0,9,14,1,2,0,0,0,0,4,1,0,0,0,0,0,0,0,0,0,0,,,1,27,43,27,13,3,2,0,0
CHN189705100,box,1897-05-10,0,CHI08,R,1,CHN,CIN,1,0,1,0,1,,33,5,7,8,1,0,0,,3,,2,0,2,1,0,1,0,0,0,0,4,1,1,1,0,0,0,0,1,0,27,38,37,7,2,8,12,2,1,0,0,0,0,3,0,1,0,0,0,0,0,0,0,0,0,,,1,27,42,27,10,5,0,0,0
CHN189705110,box,1897-05-11,0,CHI08,R,1,CHN,CIN,1,0,1,0,1,,37,5,8,14,3,0,1,,4,,3,0,0,0,0,0,0,1,1,0,8,1,1,1,0,0,0,0,1,0,27,41,34,6,3,11,12,1,0,0,0,3,0,3,0,0,4,0,0,0,0,0,0,0,0,,,1,27,45,27,14,4,0,0,0
CHN189705120,box,1897-05-12,0,CHI08,R,1,CHN,CIN,1,1,0,0,1,,35,8,11,13,0,1,0,,7,,0,0,1,0,0,1,0,0,2,0,4,1,1,1,0,0,0,1,0,0,27,36,33,1,1,7,7,0,0,0,0,3,0,2,0,0,0,0,0,0,0,0,0,0,0,,,1,27,40,27,13,0,0,0,0
CHN189705150,box,1897-05-15,0,CHI08,R,1,CHN,BRO,1,1,0,0,1,,33,6,11,16,2,0,1,,5,,4,0,0,2,1,0,0,2,0,0,8,1,1,1,0,0,0,1,0,0,27,36,34,4,0,6,6,0,0,0,0,2,0,1,1,0,0,0,0,0,0,0,0,0,0,,,1,27,49,27,17,5,1,0,0
CHN189705160,box,1897-05-16,0,CHI08,R,1,CHN,BRO,1,0,1,0,1,,31,4,7,7,0,0,0,,4,,4,0,1,0,0,2,0,3,1,0,6,1,1,1,0,0,0,0,1,0,27,35,33,5,5,9,16,0,2,1,0,1,0,1,2,1,0,0,0,0,0,0,0,0,0,,,1,27,36,27,9,0,2,0,0
CHN189705170,box,1897-05-17,0,CHI08,R,1,CHN,BSN,1,0,1,0,1,,33,1,8,9,1,0,0,,1,,1,0,3,1,0,0,0,1,0,0,6,1,1,1,0,0,0,0,1,0,27,43,37,10,4,10,16,0,0,2,0,4,0,0,0,0,2,0,0,0,0,0,0,0,0,,,1,27,45,27,13,5,1,0,0
CHN189705180,box,1897-05-18,0,CHI08,R,1,CHN,BSN,1,1,0,0,1,,38,11,15,21,2,2,0,,9,,5,0,3,1,0,1,0,1,0,0,9,1,1,1,0,0,0,1,0,0,27,39,35,5,1,8,8,0,0,0,0,3,0,6,0,0,1,0,0,0,0,0,0,0,0,,,1,27,41,27,11,3,0,0,0
CHN189705190,box,1897-05-19,0,CHI08,R,1,CHN,BSN,1,0,1,0,1,,38,6,9,13,4,0,0,,6,,5,0,0,1,0,0,0,2,0,0,7,1,1,1,0,0,0,0,1,0,30,47,44,7,1,12,15,1,1,0,0,2,0,1,1,0,1,0,0,2,0,0,0,0,0,,,1,30,51,30,15,6,2,0,0
CHN189705200,box,1897-05-20,0,CHI08,R,1,CHN,WSN,1,0,1,0,1,,42,14,17,23,3,0,1,,13,,8,0,0,1,0,2,0,7,0,0,11,1,1,1,0,0,0,0,1,0,27,50,42,16,14,15,17,0,1,0,0,6,0,5,0,1,1,0,0,1,0,0,0,0,0,,,1,27,49,27,17,5,0,0,2
CHN189705220,box,1897-05-22,0,CHI08,R,1,CHN,WSN,1,1,0,0,1,,33,3,12,19,4,0,1,,3,,1,0,2,1,1,1,0,3,0,0,9,1,1,1,0,0,0,1,0,0,27,33,30,1,1,6,7,1,0,0,0,3,0,5,0,0,0,0,0,0,0,0,0,0,0,,,1,27,41,27,14,0,1,0,0
CHN189705230,box,1897-05-23,0,CHI08,R,1,CHN,WSN,1,0,1,0,1,,42,12,12,14,2,0,0,,10,,5,0,3,1,1,2,0,2,1,0,11,1,1,1,0,0,0,0,1,0,27,47,42,16,9,18,23,3,1,0,0,5,0,1,0,0,0,0,0,1,0,0,0,0,0,,,1,27,52,27,20,5,1,0,0
CHN189705240,box,1897-05-24,0,CHI08,R,1,CHN,NY1,1,0,1,0,1,,31,1,5,5,0,0,0,,1,,4,0,2,0,1,1,0,0,0,0,9,1,1,1,0,0,0,0,1,0,27,38,34,4,3,7,8,1,0,0,0,2,0,2,0,1,1,0,0,0,0,0,0,0,0,,,1,27,41,27,12,2,0,0,0
CHN189705250,box,1897-05-25,0,CHI08,R,1,CHN,NY1,1,0,1,0,1,,30,0,6,6,0,0,0,,0,,0,0,3,1,0,0,0,0,1,0,3,1,1,0,0,0,1,0,1,0,27,41,33,8,2,4,9,0,1,1,0,7,0,1,1,1,0,0,0,0,0,0,0,0,0,,,1,27,46,27,15,4,1,0,0
CHN189705260,box,1897-05-26,0,CHI08,R,1,CHN,NY1,1,1,0,0,1,,35,6,8,10,2,0,0,,3,,7,0,2,0,0,1,0,2,0,0,10,1,1,1,0,0,0,1,0,0,27,37,35,2,2,8,11,1,1,0,0,2,0,3,0,0,0,0,0,0,0,0,0,0,0,,,1,27,43,27,15,1,0,0,0
CHN189705270,box,1897-05-27,0,CHI08,R,1,CHN,PHI,1,1,0,0,1,,34,6,9,11,2,0,0,,6,,1,0,2,0,0,1,0,1,1,0,3,1,1,1,0,0,0,1,0,0,27,38,36,3,1,9,9,0,0,0,0,2,0,2,0,0,0,0,0,0,0,0,0,0,0,,,1,27,47,27,17,3,0,0,0
CHN189705280,box,1897-05-28,0,CHI08,R,1,CHN,PHI,1,0,1,0,1,,34,7,9,9,0,0,0,,6,,5,0,2,0,1,2,0,2,0,0,8,1,1,1,0,0,0,0,1,0,24,43,40,11,9,18,33,1,4,2,0,3,0,1,1,0,0,0,0,1,0,0,0,0,0,,,1,24,39,24,13,2,1,0,1
CHN189705290,box,1897-05-29,0,CHI08,R,1,CHN,PHI,1,0,1,0,1,,38,10,14,23,0,3,1,,7,,2,0,3,0,2,3,0,2,0,0,8,1,1,1,0,0,0,0,1,0,24,40,37,11,7,14,15,1,0,0,0,2,0,3,0,0,1,0,0,2,0,0,0,0,0,,,1,24,40,24,12,4,0,0,0
CHN189705300,box,1897-05-30,0,CHI08,R,1,CHN,BLN,1,1,0,0,1,,34,9,11,19,0,4,0,,6,,4,0,1,1,0,0,0,6,0,0,5,1,1,1,0,0,0,1,0,0,27,41,39,3,0,9,11,0,1,0,0,1,0,4,0,1,0,0,0,1,0,0,0,0,0,,,1,27,40,27,8,5,0,0,0
CHN189705311,box,1897-05-31,1,CHI08,R,1,CHN,BLN,1,0,1,0,1,,34,4,4,5,1,0,0,,1,,4,0,2,0,1,0,0,4,0,0,8,1,1,1,0,0,0,0,1,0,27,43,38,6,5,13,17,0,2,0,0,4,0,3,1,1,0,0,0,0,0,0,0,0,0,,,1,27,43,27,13,3,1,0,0
CHN189705312,box,1897-05-31,2,CHI08,R,1,CHN,BLN,1,0,0,1,1,,37,6,12,18,0,3,0,,6,,6,0,6,0,0,0,0,2,2,0,10,1,1,1,0,0,0,0,0,0,27,43,38,6,5,11,14,0,0,1,0,3,0,0,1,2,0,0,0,0,0,0,0,0,0,,,1,27,45,27,15,3,1,0,0
WSN189706020,box,1897-06-02,0,WAS06,R,0,CHN,WSN,1,1,0,0,1,,35,6,8,13,1,2,0,,6,,5,0,7,1,0,0,0,1,0,0,7,1,1,0,0,0,1,1,0,0,27,37,34,5,5,10,16,4,1,0,0,1,0,4,0,0,2,0,0,0,0,0,0,0,0,,,1,27,42,27,14,1,0,0,0
WSN189706040,box,1897-06-04,0,WAS06,R,0,CHN,WSN,1,1,0,0,1,,38,8,12,21,3,3,0,,8,,2,0,3,0,1,0,0,2,0,0,6,1,1,1,0,0,0,1,0,0,27,42,40,5,4,16,18,2,0,0,0,1,0,4,1,1,0,0,0,0,0,0,0,0,0,,,1,27,43,27,15,1,1,0,0
NY1189706050,box,1897-06-05,0,NYC10,R,0,CHN,NY1,1,1,0,0,1,,39,10,13,17,1,0,1,,6,,4,0,9,1,0,2,0,4,2,0,8,1,1,0,0,0,1,1,0,1,27,37,36,4,1,8,8,0,0,0,0,1,0,4,0,0,0,0,0,0,0,0,0,0,0,,,1,27,39,27,10,2,0,0,0
NY1189706070,box,1897-06-07,0,NYC10,R,0,CHN,NY1,1,0,1,0,1,,32,6,7,8,1,0,0,,6,,8,0,5,0,2,0,0,1,1,0,9,1,1,1,0,0,0,0,1,0,24,45,36,10,3,13,14,1,0,0,0,5,0,3,0,3,1,0,0,1,0,0,0,0,0,,,1,24,39,24,13,2,0,0,0
PHI189706101,box,1897-06-10,1,PHI09,R,0,CHN,PHI,1,0,1,0,1,,35,4,5,7,2,0,0,,4,,1,0,4,0,0,0,0,0,0,0,5,1,1,1,0,0,0,0,1,0,24,40,33,7,4,11,14,3,0,0,0,6,0,2,1,1,0,0,0,0,0,0,0,0,0,,,1,24,38,24,10,4,1,0,0
PHI189706102,box,1897-06-10,2,PHI09,R,0,CHN,PHI,1,1,0,0,1,,43,10,15,19,2,1,0,,6,,2,0,2,1,1,0,0,7,0,0,9,1,1,1,0,0,0,1,0,0,27,42,37,7,5,9,13,2,1,0,0,4,0,1,0,1,0,0,0,0,0,0,0,0,0,,,1,27,39,27,11,1,0,0,0
PHI189706110,box,1897-06-11,0,PHI09,R,0,CHN,PHI,1,0,1,0,1,,34,7,8,8,0,0,0,,7,,5,0,,0,0,2,0,0,0,0,7,1,1,1,0,0,0,0,1,0,24,45,40,10,8,16,20,2,1,0,0,3,0,1,0,1,1,0,0,0,0,0,0,0,0,,,1,24,38,24,9,5,0,0,1
BRO189706120,box,1897-06-12,0,NYC11,R,0,CHN,BRO,1,1,0,0,1,,34,6,8,11,0,0,1,,5,,6,0,0,2,0,2,0,0,0,0,9,1,1,1,0,0,0,1,0,0,27,41,36,5,2,11,16,2,0,1,0,5,0,2,0,0,0,0,0,0,0,0,0,0,0,,,1,27,47,27,15,5,2,0,0
BRO189706140,box,1897-06-14,0,NYC11,R,0,CHN,BRO,1,0,1,0,1,,40,4,10,11,1,0,0,,3,,1,0,3,0,1,0,0,1,0,0,11,1,1,1,0,0,0,0,1,0,24,46,41,15,9,15,19,2,1,0,0,3,0,3,0,1,1,0,0,1,0,0,0,0,0,,,1,24,38,24,8,6,0,0,1
BRO189706150,box,1897-06-15,0,NYC11,R,0,CHN,BRO,1,1,0,0,1,,40,8,10,14,2,1,0,,4,,6,0,1,1,0,0,0,0,0,0,11,1,1,1,0,0,0,1,0,0,27,39,36,4,4,9,12,1,1,0,0,3,0,4,0,0,0,0,0,0,0,0,0,0,0,,,1,27,38,27,10,1,0,0,0
BSN189706160,box,1897-06-16,0,BOS05,R,0,CHN,BSN,1,0,1,0,1,,35,3,8,10,2,0,0,,1,,2,0,3,0,0,0,0,0,0,0,7,1,1,1,0,0,0,0,1,0,24,44,42,14,13,18,30,3,3,1,0,2,0,2,1,0,0,0,0,0,0,0,0,0,0,,,1,24,44,24,15,5,2,0,0
BSN189706170,box,1897-06-17,0,BOS05,R,0,CHN,BSN,1,0,1,0,1,,38,7,11,14,1,1,0,,6,,6,0,0,3,1,0,0,0,0,0,11,1,1,1,0,0,0,0,1,0,24,51,44,19,14,19,26,4,0,1,0,6,0,1,0,1,0,0,0,1,0,0,0,0,0,,,1,24,43,24,11,8,0,0,0
BSN189706190,box,1897-06-19,0,BOS05,R,0,CHN,BSN,1,0,1,0,1,,33,3,9,12,0,0,1,,3,,4,0,3,0,0,1,0,1,2,0,8,1,1,1,0,0,0,0,1,0,24,41,40,7,5,14,17,1,1,0,0,1,0,2,0,0,0,0,0,0,0,0,0,0,0,,,1,24,37,24,10,3,0,0,1
PIT189706210,box,1897-06-21,0,PIT05,R,0,CHN,PIT,1,1,0,0,1,,39,6,10,15,1,2,0,,6,,1,0,4,0,0,0,0,0,1,0,7,1,1,1,0,0,0,1,0,0,27,36,33,2,1,8,13,1,2,0,0,1,0,3,0,0,2,0,0,0,0,0,0,0,0,,,1,27,42,27,14,1,0,0,0
PIT189706220,box,1897-06-22,0,PIT05,R,0,CHN,PIT,1,0,1,0,1,,36,3,10,18,0,4,0,,3,,2,0,4,1,0,0,0,0,0,0,8,1,1,1,0,0,0,0,1,0,24,40,32,7,3,10,12,0,1,0,0,7,0,2,0,0,1,0,0,0,1,0,0,0,0,,,1,24,48,24,19,5,0,0,1
PIT189706230,box,1897-06-23,0,PIT05,R,0,CHN,PIT,1,0,1,0,1,,43,5,10,12,0,1,0,,3,,3,0,2,0,1,0,0,0,0,0,9,1,1,1,0,0,0,0,1,0,32,49,45,6,6,16,18,2,0,0,0,2,0,6,1,1,1,0,0,0,0,0,0,0,0,,,1,32,45,32,12,1,1,0,0
CHN189706240,box,1897-06-24,0,CHI08,R,1,CHN,CL4,1,0,1,0,1,,35,2,9,13,2,1,0,,2,,0,0,2,0,0,0,0,1,0,0,6,1,1,1,0,0,0,0,1,0,27,39,35,5,2,10,11,1,0,0,0,4,0,2,0,0,0,0,0,1,0,0,0,0,0,,,1,27,43,27,15,1,0,0,0
CHN189706260,box,1897-06-26,0,CHI08,R,1,CHN,CL4,1,1,0,0,1,,31,9,7,14,1,0,2,,7,,3,0,0,3,0,0,0,4,1,0,1,1,1,1,0,0,0,1,0,0,27,41,35,3,3,10,11,1,0,0,0,5,0,4,0,1,0,0,0,0,0,0,0,0,0,,,1,27,38,27,11,0,1,0,0
CHN189706270,box,1897-06-27,0,CHI08,R,1,CHN,CL4,1,0,1,0,1,,31,0,7,8,1,0,0,,0,,0,0,2,0,1,0,0,0,1,0,5,1,1,1,0,0,0,0,1,0,27,40,35,5,2,8,9,1,0,0,0,3,0,,0,1,1,0,0,0,0,0,0,0,0,,,1,27,43,27,14,2,0,0,0
CHN189706280,box,1897-06-28,0,CHI08,R,1,CHN,LS3,1,0,1,0,1,,31,2,7,7,0,0,0,,2,,7,0,1,2,2,0,0,1,1,0,11,1,1,1,0,0,0,0,1,0,27,39,29,7,4,8,11,0,0,1,0,5,0,5,0,0,5,0,0,1,0,0,0,0,0,,,1,27,45,26,17,2,1,0,0
CHN189706290,box,1897-06-29,0,CHI08,R,1,CHN,LS3,1,1,0,0,1,,57,36,30,47,7,2,2,,28,,10,0,0,0,2,1,0,7,0,0,7,1,1,1,0,0,0,1,0,0,27,43,40,7,7,14,19,5,0,0,0,2,0,,0,0,1,0,0,0,0,0,0,0,0,,,1,27,39,27,11,1,0,0,0
CHN189706300,box,1897-06-30,0,CHI08,R,1,CHN,LS3,1,0,1,0,1,,41,7,13,15,2,0,0,,7,,5,0,1,0,0,1,0,5,1,0,13,1,1,1,0,0,0,0,1,0,27,44,35,8,6,10,14,0,2,0,0,4,0,5,1,4,1,0,0,0,0,0,0,0,0,,,1,27,41,27,11,3,1,0,0
CHN189707010,box,1897-07-01,0,CHI08,R,1,CHN,PIT,1,1,0,0,1,,42,13,19,27,4,2,0,,11,,3,0,1,0,0,0,0,3,2,0,8,1,1,1,0,0,0,1,0,0,27,41,40,5,3,10,12,2,0,0,0,0,0,2,1,1,0,0,0,0,0,0,0,0,0,,,1,27,50,27,18,5,1,0,0
CHN189707020,box,1897-07-02,0,CHI08,R,1,CHN,PIT,1,1,0,0,1,,34,7,9,12,1,1,0,,7,,4,1,6,1,0,0,0,5,0,0,8,1,1,1,0,0,0,1,0,0,27,42,35,4,4,9,13,2,1,0,0,6,0,0,0,1,0,0,0,0,0,0,0,0,0,,,1,27,37,27,8,2,1,0,0
CHN189707030,box,1897-07-03,0,CHI08,R,1,CHN,PIT,1,0,1,0,1,,28,2,3,3,0,0,0,,2,,2,0,2,2,0,0,0,2,1,0,1,1,1,1,0,0,0,0,1,0,27,41,33,8,5,6,7,1,0,0,0,5,0,2,0,0,3,0,0,1,0,0,0,0,0,,,1,27,47,27,15,5,0,0,1
CHN189707040,box,1897-07-04,0,CHI08,R,1,CHN,WSN,1,1,0,0,1,,43,16,15,21,1,1,1,,14,,2,0,0,1,0,0,0,1,0,0,5,1,1,1,0,0,0,1,0,0,27,41,38,7,4,9,11,2,0,0,0,2,0,1,1,1,0,0,0,0,0,0,0,0,0,,,1,27,46,27,15,4,1,0,0
CHN189707051,box,1897-07-05,1,CHI08,R,1,CHN,WSN,1,1,0,0,1,,32,6,8,12,2,1,0,,4,,1,0,2,1,0,0,0,4,1,0,3,1,1,1,0,0,0,1,0,0,27,43,37,4,3,10,11,1,0,0,0,4,0,4,0,1,1,0,0,0,0,0,0,0,0,,,1,27,43,27,13,3,0,0,1
CHN189707052,box,1897-07-05,2,CHI08,R,1,CHN,WSN,1,0,1,0,1,,30,0,3,3,0,0,0,,0,,0,0,6,0,1,0,0,1,0,0,4,1,1,1,0,0,0,0,1,0,27,39,36,4,3,9,13,2,1,0,0,2,0,3,0,0,1,0,0,0,0,0,0,0,0,,,1,27,42,27,11,4,1,0,0
CHN189707080,box,1897-07-08,0,CHI08,R,1,CHN,BSN,1,1,0,0,1,,34,2,10,13,3,0,0,,2,,0,0,3,0,0,1,0,1,3,0,5,1,1,1,0,0,0,1,0,0,30,36,34,1,1,6,6,0,0,0,0,1,0,4,0,0,1,0,0,1,0,0,0,0,0,,,1,30,49,30,17,2,1,0,0
CHN189707090,box,1897-07-09,0,CHI08,R,1,CHN,BSN,1,1,0,0,1,,37,8,13,19,0,3,0,,6,,5,0,1,0,0,0,0,3,1,0,10,1,1,1,0,0,0,1,0,0,27,41,36,7,3,7,11,1,0,1,0,3,0,1,0,2,0,0,0,0,0,0,0,0,0,,,1,27,44,27,14,3,1,0,0
CHN189707100,box,1897-07-10,0,CHI08,R,1,CHN,BSN,1,1,0,0,1,,37,8,14,20,2,2,0,,6,,2,0,0,1,0,1,0,1,0,0,8,1,1,0,0,0,1,1,0,0,27,44,39,7,6,12,17,3,1,0,0,4,0,1,0,0,1,0,0,0,0,0,0,0,0,,,1,27,39,27,10,2,0,0,1
CHN189707110,box,1897-07-11,0,CHI08,R,1,CHN,BRO,1,0,1,0,1,,33,2,7,8,1,0,0,,1,,1,0,2,1,0,0,0,0,1,0,5,1,1,1,0,0,0,0,1,0,27,40,38,7,2,9,9,0,0,0,0,1,0,3,1,0,1,0,0,2,0,0,0,0,0,,,1,27,48,27,15,6,1,0,0
CHN189707120,box,1897-07-12,0,CHI08,R,1,CHN,BRO,1,1,0,0,1,,38,13,15,25,2,4,0,,12,,5,0,1,0,0,0,0,0,0,0,6,1,1,1,0,0,0,1,0,0,27,46,43,9,6,15,23,0,4,0,0,2,0,2,0,1,0,0,0,0,0,0,0,0,0,,,1,27,46,27,15,4,0,0,0
CHN189707130,box,1897-07-13,0,CHI08,R,1,CHN,BRO,1,1,0,0,1,,36,11,13,19,4,1,0,,10,,6,0,2,1,0,2,0,3,0,0,9,1,1,1,0,0,0,1,0,0,27,37,34,4,3,8,9,1,0,0,0,1,0,1,1,1,1,0,0,1,0,0,0,0,0,,,1,27,44,27,16,1,1,0,1
CHN189707140,box,1897-07-14,0,CHI08,R,1,CHN,BRO,1,0,1,0,1,,37,7,9,13,2,1,0,,4,,3,0,2,0,1,0,0,2,0,0,7,1,1,1,0,0,0,0,1,0,27,48,45,15,7,17,24,3,2,0,0,3,0,3,0,0,0,0,0,0,0,0,0,0,0,,,1,27,41,27,11,3,0,0,0
CHN189707150,box,1897-07-15,0,CHI08,R,1,CHN,BLN,1,1,0,0,1,,29,5,6,6,0,0,0,,3,,3,0,3,2,0,1,0,1,1,0,4,1,1,1,0,0,0,1,0,0,27,37,35,3,3,9,9,0,0,0,0,2,0,4,0,0,0,0,0,0,0,0,0,0,0,,,1,27,41,27,14,0,0,0,0
CHN189707160,box,1897-07-16,0,CHI08,R,1,CHN,BLN,1,0,1,0,1,,30,1,2,5,0,0,1,,1,,2,0,1,0,0,0,0,0,0,0,4,1,1,1,0,0,0,0,1,0,27,32,30,2,2,7,10,0,0,1,0,2,0,3,1,0,0,0,0,0,0,0,0,0,0,,,1,27,39,27,12,0,2,0,0
CHN189707170,box,1897-07-17,0,CHI08,R,1,CHN,BLN,1,0,1,0,1,,30,2,4,4,0,0,0,,1,,4,0,7,3,1,0,0,3,0,0,6,1,1,0,0,0,1,0,1,0,27,60,48,20,14,21,29,6,1,0,0,11,0,1,0,0,1,0,0,0,0,0,0,0,0,,,1,27,46,27,14,5,0,0,2
CHN189707180,box,1897-07-18,0,CHI08,R,1,CHN,BLN,1,1,0,0,1,,31,6,9,9,0,0,0,,3,,3,0,2,1,1,0,0,2,1,0,5,1,1,1,0,0,0,1,0,0,27,34,34,3,2,7,10,1,1,0,0,0,0,3,0,0,0,0,0,0,0,0,0,0,0,,,1,27,48,27,18,3,1,0,0
CHN189707190,box,1897-07-19,0,CHI08,R,1,CHN,PHI,1,1,0,0,1,,34,7,8,12,4,0,0,,6,,4,1,3,0,0,1,0,5,0,0,6,1,1,1,0,0,0,1,0,0,27,43,38,6,4,8,11,1,1,0,0,4,0,2,1,1,0,0,0,0,0,0,0,0,0,,,1,27,47,27,16,4,1,0,0
CHN189707200,box,1897-07-20,0,CHI08,R,1,CHN,PHI,1,0,1,0,1,,41,6,15,19,2,1,0,,6,,0,0,2,0,0,0,0,2,0,0,8,1,1,1,0,0,0,0,1,0,27,44,39,9,7,14,14,0,0,0,0,3,0,2,0,1,1,0,0,0,0,0,0,0,0,,,1,27,46,27,13,6,1,0,0
CHN189707210,box,1897-07-21,0,CHI08,R,1,CHN,PHI,1,0,1,0,1,,40,8,10,13,0,0,1,,8,,6,0,2,1,0,0,0,3,0,0,11,1,1,1,0,0,0,0,1,0,27,46,40,10,8,13,22,2,2,1,0,6,0,1,0,0,0,0,0,0,0,0,0,0,0,,,1,27,49,27,18,4,0,0,1
CHN189707220,box,1897-07-22,0,CHI08,R,1,CHN,NY1,1,1,0,0,1,,32,4,8,12,1,0,1,,4,,1,0,,0,0,2,0,1,0,0,7,1,1,1,0,0,0,1,0,0,27,33,31,3,2,8,11,1,1,0,0,1,0,,1,0,1,0,0,0,0,0,0,0,0,,,1,27,52,27,23,2,1,0,0
CHN189707230,box,1897-07-23,0,CHI08,R,1,CHN,NY1,1,1,0,0,1,,40,14,15,21,2,2,0,,8,,6,0,1,0,0,0,0,2,3,0,8,1,1,1,0,0,0,1,0,0,27,37,34,3,2,9,13,1,0,1,0,3,0,,1,0,0,0,0,0,0,0,0,0,0,,,1,27,42,27,13,2,1,0,1
CHN189707240,box,1897-07-24,0,CHI08,R,1,CHN,NY1,1,0,1,0,1,,33,3,9,11,0,1,0,,3,,2,0,1,2,0,1,0,0,2,0,6,1,1,1,0,0,0,0,1,0,27,43,36,7,7,12,18,2,2,0,0,6,0,3,2,0,1,0,0,0,0,0,0,0,0,,,1,27,44,27,14,3,2,0,0
CHN189707250,box,1897-07-25,0,CHI08,R,1,CHN,LS3,1,1,0,0,1,,24,1,6,6,0,0,0,,0,,0,0,0,0,0,1,0,1,0,0,6,1,1,1,1,0,0,1,0,0,21,25,24,0,0,7,7,0,0,0,0,1,0,3,2,0,0,0,0,0,0,0,0,0,0,,,1,21,30,21,9,0,3,0,0
CHN189707270,box,1897-07-27,0,CHI08,R,1,CHN,CIN,1,1,0,0,1,,35,4,6,11,2,0,1,,3,,2,0,1,1,0,0,0,3,1,0,6,1,1,1,0,0,0,1,0,0,30,39,37,3,2,10,11,1,0,0,0,2,0,2,1,0,0,0,0,0,0,0,0,0,0,,,1,30,48,30,17,1,1,0,0
CHN189707280,box,1897-07-28,0,CHI08,R,1,CHN,CIN,1,0,1,0,1,,35,3,10,11,1,0,0,,3,,0,0,1,0,1,0,0,0,1,0,6,1,1,1,0,0,0,0,1,0,27,42,35,6,1,6,7,1,0,0,0,5,0,3,1,2,0,0,0,0,0,0,0,0,0,,,1,27,44,26,12,6,1,0,0
CHN189707290,box,1897-07-29,0,CHI08,R,1,CHN,PIT,1,0,1,0,1,,36,6,9,15,2,2,0,,4,,1,0,3,0,0,0,0,5,0,0,5,1,1,1,0,0,0,0,1,0,27,47,45,12,9,20,26,2,2,0,0,2,0,7,0,0,0,0,0,0,0,0,0,0,0,,,1,27,40,27,10,3,1,0,0
CHN189707300,box,1897-07-30,0,CHI08,R,1,CHN,PIT,1,0,1,0,1,,40,5,12,20,0,4,0,,5,,7,0,4,0,0,0,0,4,0,0,12,1,1,1,0,0,0,0,1,0,30,44,42,7,4,13,17,0,2,0,0,2,0,6,2,0,0,0,0,0,0,0,0,0,0,,,1,30,45,30,12,3,3,0,0
CHN189707310,box,1897-07-31,0,CHI08,R,1,CHN,PIT,1,1,0,0,1,,37,7,11,15,1,0,1,,6,,1,0,2,1,0,0,0,6,0,0,7,1,1,1,0,0,0,1,0,0,27,39,38,6,3,11,15,2,1,0,0,1,0,1,2,0,0,0,0,0,0,0,0,0,0,,,1,27,47,27,15,5,4,0,0
CHN189708021,box,1897-08-02,1,CHI08,R,1,CHN,SLN,1,1,0,0,1,,36,10,11,13,2,0,0,,9,,4,0,0,0,1,1,0,2,0,0,8,1,1,1,0,0,0,1,0,0,27,31,31,1,1,5,8,0,0,1,0,0,0,0,1,0,0,0,0,0,0,0,0,0,0,,,1,27,48,27,19,2,2,0,0
CHN189708022,box,1897-08-02,2,CHI08,R,1,CHN,SLN,1,1,0,0,1,,35,9,12,18,0,3,0,,8,,4,0,1,0,0,0,0,6,0,0,6,1,1,1,0,0,0,1,0,0,27,41,38,5,3,10,13,1,1,0,0,3,0,1,1,0,0,0,0,1,0,0,0,0,0,,,1,27,46,27,15,4,2,0,0
CHN189708030,box,1897-08-03,0,CHI08,R,1,CHN,SLN,1,1,0,0,1,,38,7,13,17,4,0,0,,6,,2,0,3,0,0,0,0,5,1,0,9,1,1,1,0,0,0,1,0,0,27,35,32,2,2,6,8,2,0,0,0,2,0,2,2,1,0,0,0,0,0,0,0,0,0,,,1,27,37,27,9,1,2,0,0
CHN189708040,box,1897-08-04,0,CHI08,R,1,CHN,SLN,1,0,1,0,1,,41,12,16,25,5,2,0,,13,,4,0,2,0,1,2,0,5,0,0,9,1,1,0,0,0,1,0,1,0,27,53,44,13,11,17,23,3,0,1,0,8,0,3,2,0,1,0,0,1,0,0,0,0,0,,,1,27,53,27,21,5,2,0,0
CHN189708060,box,1897-08-06,0,CHI08,R,1,CHN,CL4,1,1,0,0,1,,33,7,11,15,4,0,0,,5,,3,0,1,1,0,3,0,4,0,0,8,1,1,1,0,0,0,1,0,0,27,42,37,5,2,10,11,1,0,0,0,4,0,2,2,0,1,0,0,0,0,0,0,0,0,,,1,27,55,27,23,5,2,0,0
CHN189708070,box,1897-08-07,0,CHI08,R,1,CHN,CL4,1,1,0,0,1,,31,9,8,10,2,0,0,,8,,9,0,2,0,2,1,0,6,2,0,10,1,1,1,0,0,0,1,0,0,27,42,39,8,6,13,18,2,0,1,0,2,0,5,0,0,1,0,0,0,0,0,0,0,0,,,1,27,43,27,12,4,0,0,0
CHN189708080,box,1897-08-08,0,CHI08,R,1,CHN,CL4,1,1,0,0,1,,36,7,12,20,1,2,1,,7,,3,0,3,1,0,1,0,2,1,0,7,1,1,1,0,0,0,1,0,0,27,44,37,6,5,11,13,0,1,0,0,7,0,4,0,0,0,0,0,0,0,0,0,0,0,,,1,27,38,26,12,0,0,0,1
LS3189708090,box,1897-08-09,0,LOU03,R,0,CHN,LS3,1,1,0,0,1,,32,3,7,7,0,0,0,,1,,2,0,3,1,1,1,0,1,1,0,6,1,1,1,0,0,0,1,0,0,27,34,31,2,0,3,3,0,0,0,0,2,0,1,1,0,1,0,0,0,0,0,0,0,0,,,1,27,41,27,11,3,1,0,0
LS3189708100,box,1897-08-10,0,LOU03,R,0,CHN,LS3,1,1,0,0,1,,37,16,13,19,1,1,1,,10,,5,0,,1,2,2,0,3,2,0,3,1,1,1,0,0,0,1,0,0,27,44,39,6,4,11,18,0,2,1,0,4,0,,0,1,0,0,0,0,0,0,0,0,0,,,1,27,43,27,12,4,1,0,0
LS3189708110,box,1897-08-11,0,LOU03,R,0,CHN,LS3,1,0,1,0,1,,34,4,15,17,2,0,0,,4,,1,0,0,2,0,3,0,0,0,0,7,1,1,1,0,0,0,0,1,0,24,37,31,5,3,10,13,0,0,1,0,4,0,,0,0,2,0,0,0,0,0,0,0,0,,,1,24,43,24,14,5,0,0,0
LS3189708120,box,1897-08-12,0,LOU03,R,0,CHN,LS3,1,0,1,0,1,,39,5,14,17,0,0,1,,4,,2,0,,1,0,1,0,1,1,0,10,1,1,1,0,0,0,0,1,0,26,42,35,6,5,10,16,4,1,0,0,5,1,,0,1,1,0,0,0,0,0,0,0,0,,,1,26,43,26,13,4,2,0,0
CIN189708130,box,1897-08-13,0,CIN05,R,0,CHN,CIN,1,1,0,0,1,,33,2,8,9,1,0,0,,1,,1,0,3,0,0,0,0,2,0,0,5,1,1,1,1,0,0,1,0,0,27,36,33,0,0,6,8,2,0,0,0,3,0,0,0,0,0,0,0,0,0,0,0,0,0,,,1,27,40,27,11,2,0,0,0
CIN189708140,box,1897-08-14,0,CIN05,R,0,CHN,CIN,1,1,0,0,1,,42,10,14,22,2,3,0,,8,,3,0,4,0,0,2,0,0,1,0,7,1,1,1,0,0,0,1,0,0,30,45,42,9,5,14,20,3,0,1,0,1,0,2,0,0,2,0,0,0,0,0,0,0,0,,,1,30,46,30,13,3,2,0,0
CIN189708150,box,1897-08-15,0,CIN05,R,0,CHN,CIN,1,0,1,0,1,,31,2,4,5,1,0,0,,2,,0,0,3,0,1,0,0,1,0,0,3,1,1,1,0,0,0,0,1,0,26,38,32,3,0,9,10,1,0,0,0,4,0,2,0,1,1,0,0,0,0,0,0,0,0,,,1,26,46,26,17,3,0,0,0
WSN189708190,box,1897-08-19,0,WAS06,R,0,CHN,WSN,1,1,0,0,1,,39,10,14,19,1,2,0,,9,,1,0,1,0,0,2,0,2,3,0,5,1,1,1,0,0,0,1,0,0,27,36,31,4,3,5,10,1,2,0,0,4,0,5,0,1,0,0,0,0,0,0,0,0,0,,,1,27,40,27,11,2,0,0,0
WSN189708201,box,1897-08-20,1,WAS06,R,0,CHN,WSN,1,1,0,0,1,,35,6,9,9,0,0,0,,5,,4,0,2,2,0,1,0,4,1,0,7,1,1,1,0,0,0,1,0,0,27,35,33,2,2,9,14,1,2,0,0,2,0,0,1,0,0,0,0,0,0,0,0,0,0,,,1,27,41,27,12,2,2,0,0
WSN189708202,box,1897-08-20,2,WAS06,R,0,CHN,WSN,1,0,1,0,1,,31,1,9,9,0,0,0,,0,,4,0,1,1,0,0,0,1,2,0,10,1,1,1,0,0,0,0,1,0,24,40,36,11,7,13,21,2,0,2,0,3,0,3,0,1,0,0,0,0,0,0,0,0,0,,,1,24,38,24,11,3,1,0,0
WSN189708210,box,1897-08-21,0,WAS06,R,0,CHN,WSN,1,0,1,0,1,,31,4,10,12,2,0,0,,3,,1,0,2,1,0,0,0,1,0,0,7,1,1,1,0,0,0,0,1,0,21,32,28,6,6,9,15,0,3,0,0,3,0,10,0,1,0,0,0,0,0,0,0,0,0,,,1,21,27,21,6,0,1,0,0
BLN189708241,box,1897-08-24,1,BAL07,R,0,CHN,BLN,1,0,1,0,1,,30,2,4,4,0,0,0,,2,,4,0,1,0,1,0,0,0,1,0,6,1,1,1,0,0,0,0,1,0,26,33,31,3,1,7,7,0,0,0,0,2,0,2,1,0,0,0,0,0,0,0,0,0,0,,,1,26,43,26,15,2,1,0,0
BLN189708242,box,1897-08-24,2,BAL07,R,0,CHN,BLN,1,0,0,1,1,,29,5,7,15,2,0,2,,5,,2,0,3,2,0,0,0,0,0,0,2,1,1,1,0,0,0,0,0,0,24,37,34,5,5,11,13,2,0,0,0,2,0,3,0,1,0,0,0,0,0,0,0,0,0,,,1,24,33,24,8,1,1,0,1
BLN189708250,box,1897-08-25,0,BAL07,R,0,CHN,BLN,1,0,1,0,1,,29,1,4,6,0,1,0,,1,,3,0,3,0,1,1,0,0,0,0,6,1,1,1,0,0,0,0,1,0,24,34,28,3,3,7,8,1,0,0,0,5,0,1,0,0,1,0,0,1,0,0,0,0,0,,,1,24,39,24,15,0,1,0,1
NY1189708260,box,1897-08-26,0,NYC10,R,0,CHN,NY1,1,0,1,0,1,,37,6,12,18,4,1,0,,5,,3,0,3,1,0,0,0,0,0,0,7,1,1,1,0,0,0,0,1,0,24,53,48,19,14,23,31,4,2,0,0,5,0,0,1,0,0,0,0,3,0,0,0,0,0,,,1,24,42,24,13,5,1,0,0
NY1189708271,box,1897-08-27,1,NYC10,R,0,CHN,NY1,1,0,1,0,1,,34,3,8,9,1,0,0,,3,,3,0,2,1,0,0,0,0,0,0,7,1,1,1,0,0,0,0,1,0,24,42,37,9,6,11,16,3,1,0,0,4,0,1,0,1,0,0,0,1,0,0,0,0,0,,,1,24,42,24,14,4,0,0,1
NY1189708272,box,1897-08-27,2,NYC10,R,0,CHN,NY1,1,0,1,0,1,,27,0,3,3,0,0,0,,0,,4,0,1,2,0,0,0,0,1,0,4,1,1,1,0,0,0,0,1,0,24,38,35,6,0,13,14,1,0,0,0,3,0,5,0,0,0,0,0,0,0,0,0,0,0,,,1,24,41,24,14,3,0,0,2
NY1189708280,box,1897-08-28,0,NYC10,R,0,CHN,NY1,1,0,0,1,1,,29,6,9,12,3,0,0,,4,,4,0,10,2,1,0,0,1,1,0,4,1,1,1,0,0,0,0,0,0,24,36,32,6,1,9,13,1,0,1,0,3,0,4,1,0,1,0,0,0,0,0,0,0,0,,,1,24,41,23,14,4,3,0,0
NY1189708300,box,1897-08-30,0,NYC10,R,0,CHN,NY1,1,1,0,0,1,,33,7,13,24,2,0,3,,7,,5,0,2,0,0,0,0,3,2,0,7,1,1,1,0,0,0,1,0,0,24,35,32,5,3,6,6,0,0,0,0,3,0,,1,0,0,0,0,0,0,0,0,0,0,,,1,24,43,24,14,5,1,0,0
BSN189708310,box,1897-08-31,0,BOS05,R,0,CHN,BSN,1,0,0,1,1,,44,8,12,24,3,0,3,,7,,3,0,5,0,0,0,0,0,1,0,6,1,1,1,0,0,0,0,0,0,33,53,46,8,7,16,18,0,1,0,0,4,0,3,0,1,2,0,0,0,0,0,0,0,0,,,1,33,57,33,20,4,1,0,0
BSN189709010,box,1897-09-01,0,BOS05,R,0,CHN,BSN,1,0,1,0,1,,39,4,10,13,1,1,0,,4,,3,0,2,0,0,0,0,1,0,0,11,1,1,1,0,0,0,0,1,0,24,39,36,7,7,13,19,3,0,1,0,3,0,2,0,0,0,0,0,0,0,0,0,0,0,,,1,24,39,24,15,0,0,0,0
BSN189709031,box,1897-09-03,1,BOS05,R,0,CHN,BSN,1,0,1,0,1,,29,3,7,10,1,1,0,,3,,1,0,3,1,2,0,0,0,1,0,2,1,1,1,0,0,0,0,1,0,24,36,32,6,5,13,14,1,0,0,0,3,0,2,1,1,0,0,0,0,0,0,0,0,0,,,1,24,37,24,12,1,2,0,0
BSN189709032,box,1897-09-03,2,BOS05,R,0,CHN,BSN,1,0,1,0,1,,33,1,7,8,1,0,0,,1,,3,0,3,1,1,0,0,1,1,0,9,1,1,1,0,0,0,0,1,0,24,44,37,9,7,12,15,1,1,0,0,6,0,0,0,1,0,0,0,0,0,0,0,0,0,,,1,24,40,24,12,4,0,0,0
BRO189709040,box,1897-09-04,0,NYC11,R,0,CHN,BRO,1,0,1,0,1,,36,3,13,18,3,1,0,,3,,3,0,2,0,1,1,0,0,0,0,11,1,1,1,0,0,0,0,1,0,24,37,34,7,7,14,17,3,0,0,0,2,0,5,0,0,1,0,0,0,0,0,0,0,0,,,1,24,39,24,15,0,0,0,0
BRO189709061,box,1897-09-06,1,NYC11,R,0,CHN,BRO,1,0,1,0,1,,36,7,12,15,3,0,0,,6,,4,0,2,0,0,1,0,3,2,0,7,1,1,1,0,0,0,0,1,0,24,45,42,14,8,20,21,1,0,0,0,1,0,1,0,0,2,0,0,1,0,0,0,0,0,,,1,24,49,24,17,8,0,0,0
BRO189709062,box,1897-09-06,2,NYC11,R,0,CHN,BRO,1,1,0,0,1,,39,12,16,24,2,0,2,,11,,5,0,1,0,0,1,0,2,0,0,9,1,1,1,0,0,0,1,0,0,24,41,36,8,8,13,17,2,1,0,0,3,0,2,0,1,1,0,0,0,0,0,0,0,0,,,1,24,32,24,8,0,0,0,1
PHI189709080,box,1897-09-08,0,PHI09,R,0,CHN,PHI,1,1,0,0,1,,36,6,10,11,1,0,0,,5,,1,0,4,0,1,3,0,1,0,0,8,1,1,1,0,0,0,1,0,0,27,41,38,5,4,13,19,4,1,0,0,2,0,0,1,0,1,0,0,0,0,0,0,0,0,,,1,27,40,27,12,1,1,0,0
PHI189709090,box,1897-09-09,0,PHI09,R,0,CHN,PHI,1,0,1,0,1,,32,4,11,13,2,0,0,,3,,7,0,0,1,1,2,0,3,0,0,11,1,1,1,0,0,0,0,1,0,26,40,33,5,4,8,11,1,1,0,0,6,0,,2,0,1,0,0,0,0,0,0,0,0,,,1,26,37,26,9,2,2,0,0
PHI189709100,box,1897-09-10,0,PHI09,R,0,CHN,PHI,1,1,0,0,1,,33,8,12,18,4,1,0,,6,,1,0,2,0,0,1,0,2,0,0,3,1,1,1,0,0,0,1,0,0,24,40,34,6,1,8,11,1,1,0,0,6,0,3,0,0,0,0,0,0,0,0,0,0,0,,,1,24,35,24,7,4,0,0,0
BLN189709110,box,1897-09-11,0,BAL07,R,0,CHN,BLN,1,0,0,1,1,,31,3,7,10,1,1,0,,1,,2,0,4,0,0,0,0,3,2,0,3,1,1,1,0,0,0,0,0,0,27,38,34,3,2,10,11,1,0,0,0,4,0,4,0,0,0,0,0,0,0,0,0,0,0,,,1,27,44,27,16,1,1,0,0
BLN189709131,box,1897-09-13,1,BAL07,R,0,CHN,BLN,1,0,1,0,1,,32,2,5,9,2,1,0,,2,,1,0,0,0,0,0,0,1,0,0,4,1,1,1,0,0,0,0,1,0,24,38,28,4,4,8,10,2,0,0,0,9,0,1,0,0,1,0,0,0,0,0,0,0,0,,,1,24,32,24,8,0,2,0,0
BLN189709132,box,1897-09-13,2,BAL07,R,0,CHN,BLN,1,0,1,0,1,,23,4,7,9,0,1,0,,3,,3,1,4,0,0,1,0,1,0,0,8,1,1,0,0,0,1,0,1,0,12,27,20,11,9,9,13,2,1,0,0,5,0,1,0,1,1,0,0,0,0,0,0,0,0,,,1,12,22,12,7,3,0,0,0
BLN189709140,box,1897-09-14,0,BAL07,R,0,CHN,BLN,1,0,1,0,1,,41,8,13,18,0,1,1,,7,,2,0,4,1,0,0,0,2,1,0,8,1,1,1,0,0,0,0,1,0,24,45,36,15,13,18,23,3,1,0,0,6,0,2,3,2,1,0,0,0,0,0,0,0,0,,,1,24,38,24,12,2,3,0,1
BLN189709150,box,1897-09-15,0,BAL07,R,0,CHN,BLN,1,0,1,0,1,,30,2,7,7,0,0,0,,1,,3,0,0,1,0,0,0,2,2,0,4,1,1,1,0,0,0,0,1,0,24,42,40,13,12,16,18,2,0,0,0,0,0,0,0,1,1,0,0,0,0,0,0,0,0,,,1,24,37,24,9,4,0,0,0
CHN189709180,box,1897-09-18,0,CHI08,R,1,CHN,LS3,1,1,0,0,1,,31,4,8,13,3,1,0,,4,,3,0,2,1,0,0,0,3,0,0,6,1,1,1,0,0,0,1,0,0,27,35,32,2,2,6,12,2,2,0,0,3,0,2,1,0,0,0,0,0,0,0,0,0,0,,,1,27,41,27,13,1,1,0,0
CHN189709190,box,1897-09-19,0,CHI08,R,1,CHN,LS3,1,1,0,0,1,,29,5,7,9,2,0,0,,1,,4,0,1,1,0,3,0,2,0,0,7,1,1,1,0,0,0,1,0,0,27,37,34,2,1,6,6,0,0,0,0,3,0,4,0,0,0,0,0,0,0,0,0,0,0,,,1,27,43,27,14,2,1,0,0
CL4189709210,box,1897-09-21,0,CLE05,R,0,CHN,CL4,1,0,1,0,1,,37,7,11,17,2,2,0,,6,,1,0,3,0,0,1,0,1,1,0,5,1,1,1,0,0,0,0,1,0,25,40,37,8,4,14,16,0,1,0,0,1,0,4,1,0,2,0,0,1,0,0,0,0,0,,,1,25,45,25,17,3,1,0,1
CL4189709220,box,1897-09-22,0,CLE05,R,0,CHN,CL4,1,0,1,0,1,,38,7,8,12,0,2,0,,2,,2,0,2,0,0,0,0,0,0,0,6,1,1,1,0,0,0,0,1,0,24,50,45,18,9,18,24,3,0,1,0,4,0,0,0,1,0,0,0,0,0,0,0,0,0,,,1,24,41,24,8,9,0,0,0
CL4189709230,box,1897-09-23,0,CLE05,R,0,CHN,CL4,1,0,1,0,1,,35,4,10,13,3,0,0,,4,,0,0,2,1,0,1,0,0,0,0,5,1,1,1,0,0,0,0,1,0,24,42,38,8,7,16,20,2,1,0,0,3,0,0,0,1,0,0,0,0,0,0,0,0,0,,,1,24,39,24,14,1,0,0,0
PIT189709250,box,1897-09-25,0,PIT05,R,0,CHN,PIT,1,1,0,0,1,,35,8,14,15,1,0,0,,7,,3,0,5,0,0,2,0,2,0,0,8,1,1,1,0,0,0,1,0,0,24,33,30,1,0,3,3,0,0,0,0,2,0,3,1,0,1,0,0,0,0,0,0,0,0,,,1,24,43,24,14,5,1,0,0
PIT189709270,box,1897-09-27,0,PIT05,R,0,CHN,PIT,1,0,1,0,1,,32,4,7,10,1,1,0,,4,,2,0,3,0,1,0,0,2,0,0,4,1,1,1,0,0,0,0,1,0,24,37,36,5,5,13,18,1,2,0,0,0,0,7,0,0,1,0,0,0,0,0,0,0,0,,,1,24,38,24,11,3,0,0,0
PIT189709280,box,1897-09-28,0,PIT05,R,0,CHN,PIT,1,1,0,0,1,,35,15,15,16,1,0,0,,11,,4,0,2,1,0,1,0,2,1,0,4,1,1,1,0,0,0,1,0,0,21,44,39,14,12,17,26,0,3,1,0,2,0,4,0,2,1,0,0,1,0,0,0,0,0,,,1,21,37,21,12,4,0,0,0
SLN189710020,box,1897-10-02,0,STL05,R,0,CHN,SLN,1,1,0,0,1,,34,8,12,16,2,1,0,,8,,5,0,3,2,2,1,0,0,2,0,7,1,1,1,0,0,0,1,0,0,27,37,32,2,2,5,9,2,1,0,0,4,0,3,0,1,0,0,0,0,0,0,0,0,0,,,1,27,43,27,13,3,1,0,0
SLN189710031,box,1897-10-03,1,STL05,R,0,CHN,SLN,1,0,1,0,1,,39,9,14,28,1,2,3,,7,,2,0,2,1,1,2,0,1,2,0,8,1,1,1,0,0,0,0,1,0,25,43,39,10,0,14,22,2,0,2,0,3,0,,2,1,0,0,0,0,0,0,0,0,0,,,1,25,44,25,16,3,2,0,0
SLN189710032,box,1897-10-03,2,STL05,R,0,CHN,SLN,1,1,0,0,1,,27,7,7,14,2,1,1,,5,,4,0,1,0,2,1,0,7,0,0,6,1,1,1,0,0,0,1,0,0,21,28,27,1,0,7,8,1,0,0,0,1,0,1,1,0,0,0,0,0,0,0,0,0,0,,,1,21,34,20,12,2,1,0,0
CIN189704220,box,1897-04-22,0,CIN05,R,1,CIN,CHN,1,1,0,0,1,,39,8,10,13,1,1,0,,6,,3,0,,1,0,1,0,1,0,0,7,1,1,0,0,0,1,1,0,0,30,46,38,7,6,11,14,1,1,0,0,3,0,,0,1,4,0,0,0,0,0,0,0,0,,,1,30,48,30,14,4,1,0,0
CIN189704230,box,1897-04-23,0,CIN05,R,1,CIN,CHN,1,1,0,0,1,,29,4,6,13,0,2,1,,3,,5,0,,0,0,1,0,1,0,0,7,1,1,1,0,0,0,1,0,0,27,37,32,3,3,11,13,2,0,0,0,2,0,,0,0,3,0,0,0,0,0,0,0,0,,,1,27,43,27,15,1,0,0,1
CIN189704240,box,1897-04-24,0,CIN05,R,1,CIN,CHN,1,1,0,0,1,,32,4,8,19,3,4,0,,4,,1,0,1,0,0,0,0,2,0,0,5,1,1,1,0,0,0,1,0,0,27,34,31,3,3,8,8,0,0,0,0,1,0,3,1,0,2,0,0,0,0,0,0,0,0,,,1,27,46,27,19,0,1,0,0
CIN189704260,box,1897-04-26,0,CIN05,R,1,CIN,CL4,1,1,0,0,1,,29,6,10,16,2,2,0,,3,,1,0,0,0,0,0,0,4,1,0,0,1,1,1,0,0,0,1,0,0,27,35,34,3,1,7,8,1,0,0,0,1,0,0,0,0,0,0,0,0,0,0,0,0,0,,,1,27,42,27,13,2,0,0,0
CIN189704270,box,1897-04-27,0,CIN05,R,1,CIN,CL4,1,1,0,0,1,,31,7,10,11,1,0,0,,5,,4,0,2,1,1,2,0,2,0,0,7,1,1,1,0,0,0,1,0,0,27,37,35,3,2,10,12,0,1,0,0,2,0,5,0,0,0,0,0,0,0,0,0,0,0,,,1,27,39,27,11,1,2,0,0
CIN189704280,box,1897-04-28,0,CIN05,R,1,CIN,CL4,1,1,0,0,1,,31,5,11,14,1,1,0,,5,,1,0,0,0,1,1,0,1,0,0,5,1,1,1,1,0,0,1,0,0,27,37,34,0,0,6,7,1,0,0,0,3,0,1,0,0,0,0,0,0,0,0,0,0,0,,,1,27,38,27,10,1,0,0,0
CIN189704290,box,1897-04-29,0,CIN05,R,1,CIN,PIT,1,0,1,0,1,,36,7,9,13,2,1,0,,5,,3,0,0,1,0,2,0,0,0,0,7,1,1,0,0,0,1,0,1,0,27,42,37,8,4,11,19,3,1,1,0,5,0,,2,0,0,0,0,0,0,0,0,0,0,,,1,27,43,27,14,2,2,0,0
CL4189705030,box,1897-05-03,0,CLE05,R,0,CIN,CL4,1,0,1,0,1,,30,2,5,7,0,1,0,,2,,4,0,2,0,0,0,0,0,2,0,5,1,1,1,0,0,0,0,1,0,24,38,32,6,6,10,12,2,0,0,0,4,0,2,0,0,2,0,0,0,0,0,0,0,0,,,1,24,39,24,14,1,0,0,0
CL4189705050,box,1897-05-05,0,CLE05,R,0,CIN,CL4,1,1,0,0,1,,31,3,8,10,2,0,0,,2,,4,0,1,0,1,1,0,3,3,0,7,1,1,1,0,0,0,1,0,0,27,40,35,2,2,10,15,0,1,1,0,3,0,3,0,0,2,0,0,0,0,0,0,0,0,,,1,27,40,26,14,0,0,0,0
PIT189705060,box,1897-05-06,0,PIT05,R,0,CIN,PIT,1,0,1,0,1,,33,1,7,7,0,0,0,,1,,0,0,2,1,2,0,0,1,1,0,7,1,1,1,0,0,0,0,1,0,24,34,30,3,2,8,11,1,1,0,0,4,0,0,1,0,0,0,0,0,0,0,0,0,0,,,1,24,36,23,11,2,3,0,0
PIT189705070,box,1897-05-07,0,PIT05,R,0,CIN,PIT,1,0,1,0,1,,32,6,12,16,1,0,1,,4,,2,0,1,1,0,4,0,2,0,0,6,1,1,1,0,0,0,0,1,0,24,42,36,7,4,13,21,0,4,0,0,5,0,3,0,1,0,0,0,0,0,0,0,0,0,,,1,24,36,24,10,2,0,0,0
PIT189705080,box,1897-05-08,0,PIT05,R,0,CIN,PIT,1,0,1,0,1,,35,1,8,12,0,2,0,,1,,1,0,2,0,2,0,0,1,0,0,10,1,1,1,0,0,0,0,1,0,24,40,34,9,8,12,18,1,1,1,0,3,0,1,0,1,2,0,0,0,0,0,0,0,0,,,1,24,36,23,11,2,1,0,0
CHN189705090,box,1897-05-09,0,CHI08,R,0,CIN,CHN,1,0,1,0,1,,35,2,9,14,1,2,0,,2,,0,0,4,1,0,0,0,0,0,0,6,1,1,1,0,0,0,0,1,0,24,37,29,5,5,10,13,1,1,0,0,5,0,1,0,0,3,0,0,1,0,0,0,0,0,,,1,24,34,23,11,0,1,0,0
CHN189705100,box,1897-05-10,0,CHI08,R,0,CIN,CHN,1,1,0,0,1,,37,7,8,12,2,1,0,,2,,0,0,3,0,1,0,0,0,0,0,4,1,1,1,0,0,0,1,0,0,27,36,33,5,3,7,8,1,0,0,0,2,0,2,1,0,1,0,0,0,0,0,0,0,0,,,1,27,38,26,10,2,1,0,1
CHN189705110,box,1897-05-11,0,CHI08,R,0,CIN,CHN,1,1,0,0,1,,34,6,11,12,1,0,0,,5,,3,0,3,0,0,4,0,2,0,0,8,1,1,1,0,0,0,1,0,0,27,40,37,5,2,8,14,3,0,1,0,3,0,0,0,0,0,0,0,0,0,0,0,0,0,,,1,27,41,27,11,3,0,0,0
CHN189705120,box,1897-05-12,0,CHI08,R,0,CIN,CHN,1,0,1,0,1,,33,1,7,7,0,0,0,,1,,3,0,2,0,0,0,0,3,0,0,8,1,1,1,0,0,0,0,1,0,24,36,35,8,4,11,13,0,1,0,0,0,0,1,0,0,1,0,0,0,0,0,0,0,0,,,1,24,38,24,10,4,0,0,0
CIN189705130,box,1897-05-13,0,CIN05,R,1,CIN,NY1,1,1,0,0,1,,30,7,7,10,1,1,0,,6,,5,0,0,1,1,1,0,0,0,0,6,1,1,1,0,0,0,1,0,0,27,42,32,3,3,5,7,2,0,0,0,9,0,2,0,1,0,0,0,0,0,0,0,0,0,,,1,27,46,27,16,3,1,0,0
CIN189705140,box,1897-05-14,0,CIN05,R,1,CIN,NY1,1,1,0,0,1,,33,6,10,14,4,0,0,,5,,7,0,0,1,2,3,0,0,0,0,8,1,1,0,0,0,1,1,0,0,33,47,43,5,3,10,15,1,2,0,0,4,0,,0,0,0,0,0,0,0,0,0,0,0,,,1,33,53,33,18,2,0,0,0
CIN189705150,box,1897-05-15,0,CIN05,R,1,CIN,NY1,1,1,0,0,1,,34,9,10,10,0,0,0,,7,,8,0,,0,1,0,0,0,0,0,7,1,1,0,0,0,1,1,0,0,27,44,39,7,5,14,14,0,0,0,0,4,0,1,0,0,1,0,0,0,0,0,0,0,0,,,1,27,42,27,13,2,0,0,0
CIN189705160,box,1897-05-16,0,CIN05,R,1,CIN,LS3,1,1,0,0,1,,30,7,9,13,0,2,0,,6,,3,0,,0,2,3,0,0,1,0,7,1,1,1,0,0,0,1,0,0,27,39,37,6,4,9,11,0,1,0,0,2,0,,0,0,0,0,0,0,0,0,0,0,0,,,1,27,39,27,8,4,0,0,0
CIN189705170,box,1897-05-17,0,CIN05,R,1,CIN,PHI,1,1,0,0,1,,30,3,6,7,1,0,0,,2,,4,0,0,0,0,0,0,0,0,0,7,1,1,1,0,0,0,1,0,0,27,35,34,2,1,8,11,1,1,0,0,1,0,2,0,0,0,0,0,0,0,0,0,0,0,,,1,27,35,27,8,0,0,0,1
CIN189705180,box,1897-05-18,0,CIN05,R,1,CIN,PHI,1,1,0,0,1,,36,13,16,19,1,1,0,,9,,5,0,2,0,1,4,0,0,0,0,9,1,1,1,0,0,0,1,0,0,27,39,36,2,1,11,13,2,0,0,0,2,0,3,2,1,0,0,0,0,0,0,0,0,0,,,1,27,39,27,11,1,2,0,0
CIN189705190,box,1897-05-19,0,CIN05,R,1,CIN,PHI,1,1,0,0,1,,31,7,8,10,0,1,0,,5,,5,0,,1,3,2,0,1,1,0,8,1,1,0,0,0,1,1,0,0,27,36,34,6,6,10,17,2,1,1,0,1,0,1,0,0,1,0,0,0,0,0,0,0,0,,,1,27,39,26,12,1,0,0,0
CIN189705200,box,1897-05-20,0,CIN05,R,1,CIN,BLN,1,1,0,0,1,,41,11,18,23,3,1,0,,10,,5,1,,0,0,0,0,8,0,0,11,1,1,0,0,0,1,1,0,0,27,45,41,10,4,13,16,3,0,0,0,3,0,0,0,1,0,0,0,0,0,0,0,0,0,,,1,27,43,27,12,4,1,0,0
CIN189705210,box,1897-05-21,0,CIN05,R,1,CIN,BLN,1,1,0,0,1,,32,6,9,12,1,1,0,,5,,3,0,0,0,0,0,0,2,0,0,5,1,1,0,0,0,1,1,0,0,27,41,34,5,5,10,14,2,1,0,0,4,0,3,1,3,0,0,0,0,0,0,0,0,0,,,1,27,45,27,16,2,1,0,1
CIN189705220,box,1897-05-22,0,CIN05,R,1,CIN,BLN,1,1,0,0,1,,36,12,13,17,4,0,0,,7,,4,0,,0,1,2,0,4,0,0,7,1,1,1,0,0,0,1,0,0,27,43,40,10,8,12,17,5,0,0,0,3,0,,0,0,0,0,0,0,0,0,0,0,0,,,1,27,44,27,13,4,0,0,1
CIN189705230,box,1897-05-23,0,CIN05,R,1,CIN,BRO,1,0,1,0,1,,37,4,10,17,2,1,1,,4,,2,0,0,1,0,1,0,0,1,0,9,1,1,0,0,0,1,0,1,0,27,44,41,6,3,11,14,3,0,0,0,1,0,0,0,1,1,0,0,0,0,0,0,0,0,,,1,27,43,27,11,5,1,0,0
CIN189705240,box,1897-05-24,0,CIN05,R,1,CIN,BRO,1,0,1,0,1,,34,4,9,10,1,0,0,,3,,5,0,1,0,0,1,0,2,1,0,9,1,1,0,0,0,1,0,1,0,27,41,35,6,5,9,14,1,2,0,0,3,0,,0,2,1,0,0,0,0,0,0,0,0,,,1,27,46,27,16,3,0,0,0
CIN189705250,box,1897-05-25,0,CIN05,R,1,CIN,BRO,1,0,1,0,1,,27,2,3,4,1,0,0,,2,,6,0,1,0,1,0,0,1,3,0,5,1,1,0,0,0,1,0,1,0,27,40,37,6,3,8,10,2,0,0,0,2,0,,0,0,1,0,0,0,0,0,0,0,0,,,1,27,44,27,12,5,0,0,0
CIN189705270,box,1897-05-27,0,CIN05,R,1,CIN,BSN,1,0,1,0,1,,33,7,10,12,2,0,0,,4,,2,0,,2,2,2,0,1,0,0,5,1,1,0,0,0,1,0,1,0,27,51,44,16,9,20,28,4,2,0,0,5,0,,0,0,2,0,0,1,0,0,0,0,0,,,1,27,41,27,9,5,0,0,1
CIN189705290,box,1897-05-29,0,CIN05,R,1,CIN,BSN,1,1,0,0,1,,32,2,11,15,4,0,0,,2,,1,0,0,0,0,1,0,3,0,0,8,1,1,1,0,0,0,1,0,0,27,35,34,1,0,6,6,0,0,0,0,1,0,0,0,0,0,0,0,0,0,0,0,0,0,,,1,27,44,27,15,2,1,0,0
CIN189705300,box,1897-05-30,0,CIN05,R,1,CIN,WSN,1,1,0,0,1,,30,8,14,17,3,0,0,,7,,10,0,,1,0,3,0,2,5,0,11,1,1,0,0,0,1,1,0,0,27,42,38,7,6,13,17,1,0,1,0,3,0,4,1,0,1,0,0,0,0,0,0,0,0,,,1,27,44,27,12,5,1,0,0
CIN189705311,box,1897-05-31,1,CIN05,R,1,CIN,WSN,1,1,0,0,1,,28,4,8,9,1,0,0,,3,,5,0,,0,0,4,0,3,1,0,8,1,1,1,0,0,0,1,0,0,27,38,34,3,3,8,9,1,0,0,0,1,0,5,0,3,0,0,0,0,0,0,0,0,0,,,1,27,44,27,17,0,0,0,0
CIN189705312,box,1897-05-31,2,CIN05,R,1,CIN,WSN,1,1,0,0,1,,29,4,8,11,3,0,0,,4,,2,0,0,0,0,2,0,0,1,0,5,1,1,1,0,0,0,1,0,0,27,34,34,3,1,6,8,2,0,0,0,0,0,,0,0,0,0,0,0,0,0,0,0,0,,,1,27,43,27,12,4,0,0,0
BLN189706020,box,1897-06-02,0,BAL07,R,0,CIN,BLN,1,0,1,0,1,,34,4,7,9,0,1,0,,2,,3,0,3,0,0,0,0,1,1,0,6,1,1,0,0,0,1,0,1,0,24,42,38,10,10,15,21,2,2,0,0,3,0,1,0,1,0,0,0,0,0,0,0,0,0,,,1,24,36,24,10,2,1,0,0
PHI189706050,box,1897-06-05,0,PHI09,R,0,CIN,PHI,1,1,0,0,1,,35,6,9,15,6,0,0,,5,,2,0,0,0,0,2,0,0,1,0,6,1,1,1,0,0,0,1,0,0,27,35,33,1,1,7,9,2,0,0,0,1,0,1,0,0,1,0,0,0,0,0,0,0,0,,,1,27,36,27,8,1,0,0,0
PHI189706070,box,1897-06-07,0,PHI09,R,0,CIN,PHI,1,0,1,0,1,,32,0,5,9,4,0,0,,0,,1,0,2,1,0,0,0,0,0,0,6,1,1,1,0,0,0,0,1,0,24,34,29,4,4,8,9,1,0,0,0,4,0,,0,0,1,0,0,0,0,0,0,0,0,,,1,24,31,24,7,0,2,0,0
NY1189706110,box,1897-06-11,0,NYC10,R,0,CIN,NY1,1,1,0,0,1,,28,2,7,8,1,0,0,,2,,5,0,3,1,0,2,0,1,2,0,6,1,1,1,0,0,0,1,0,0,27,34,29,1,1,3,3,0,0,0,0,4,0,2,0,1,0,0,0,0,0,0,0,0,0,,,1,27,37,27,9,1,1,0,0
BSN189706120,box,1897-06-12,0,BOS05,R,0,CIN,BSN,1,0,1,0,1,,34,1,9,9,0,0,0,,1,,0,0,1,1,0,0,0,0,0,0,6,1,1,1,0,0,0,0,1,0,24,37,33,5,4,9,12,3,0,0,0,2,0,1,0,1,1,0,0,0,0,0,0,0,0,,,1,24,34,24,8,2,0,0,0
BSN189706140,box,1897-06-14,0,BOS05,R,0,CIN,BSN,1,0,1,0,1,,33,3,9,11,2,0,0,,3,,4,0,2,1,0,0,0,0,0,0,7,1,1,1,0,0,0,0,1,0,24,39,36,5,5,15,20,2,0,1,0,1,0,3,0,0,2,0,0,0,0,0,0,0,0,,,1,24,37,24,11,2,0,0,0
BSN189706150,box,1897-06-15,0,BOS05,R,0,CIN,BSN,1,0,1,0,1,,39,4,11,15,1,0,1,,3,,1,0,2,0,0,0,0,1,0,0,9,1,1,0,0,0,1,0,1,0,27,49,43,10,5,18,23,2,0,1,0,5,0,2,1,0,1,0,0,0,0,0,0,0,0,,,1,27,42,27,11,4,1,0,0
BRO189706160,box,1897-06-16,0,NYC11,R,0,CIN,BRO,1,1,0,0,1,,44,15,14,22,3,1,1,,12,,5,0,1,0,0,0,0,0,1,0,7,1,1,1,0,0,0,1,0,0,27,41,38,6,4,12,13,1,0,0,0,1,0,2,0,0,2,0,0,1,0,0,0,0,0,,,1,27,43,27,14,2,1,0,1
BRO189706170,box,1897-06-17,0,NYC11,R,0,CIN,BRO,1,1,0,0,1,,45,9,18,22,0,2,0,,6,,1,0,1,1,1,0,0,3,2,0,11,1,1,1,0,0,0,1,0,0,27,34,34,1,1,6,8,2,0,0,0,0,0,1,1,0,0,0,0,1,0,0,0,0,0,,,1,27,42,27,11,4,3,0,0
BRO189706190,box,1897-06-19,0,NYC11,R,0,CIN,BRO,1,0,1,0,1,,29,0,3,4,1,0,0,,0,,2,0,2,1,1,0,0,0,2,0,5,1,1,1,0,0,0,0,1,0,24,35,32,1,1,8,9,1,0,0,0,1,0,1,0,0,2,0,0,1,0,0,0,0,0,,,1,24,39,24,14,1,0,0,0
CIN189706210,box,1897-06-21,0,CIN05,R,1,CIN,SLN,1,1,0,0,1,,33,8,8,8,0,0,0,,4,,3,0,0,0,1,0,0,3,0,0,5,1,1,1,0,0,0,1,0,0,27,36,32,3,3,6,6,0,0,0,0,3,0,,0,0,1,0,0,0,0,0,0,0,0,,,1,27,36,27,8,1,0,0,0
CIN189706220,box,1897-06-22,0,CIN05,R,1,CIN,SLN,1,1,0,0,1,,29,7,11,16,3,1,0,,7,,5,0,0,0,0,1,0,5,4,0,4,1,1,1,0,0,0,1,0,0,27,36,33,3,2,5,9,2,1,0,0,2,0,,0,1,0,0,0,0,0,0,0,0,0,,,1,27,42,27,12,3,0,0,0
CIN189706230,box,1897-06-23,0,CIN05,R,1,CIN,SLN,1,1,0,0,1,,31,5,8,12,2,1,0,,4,,1,0,,0,0,0,0,2,2,0,3,1,1,1,0,0,0,1,0,0,27,34,33,1,1,7,9,2,0,0,0,0,0,0,0,0,1,0,0,0,0,0,0,0,0,,,1,27,40,27,13,0,0,0,0
CIN189706260,box,1897-06-26,0,CIN05,R,1,CIN,LS3,1,1,0,0,1,,35,7,12,17,1,2,0,,6,,2,0,,0,1,2,0,2,0,0,9,1,1,1,0,0,0,1,0,0,27,36,33,1,1,6,7,1,0,0,0,3,0,,0,0,0,0,0,0,0,0,0,0,0,,,1,27,38,27,10,1,0,0,0
CIN189706270,box,1897-06-27,0,CIN05,R,1,CIN,LS3,1,1,0,0,1,,27,4,4,6,2,0,0,,2,,2,0,0,0,1,3,0,0,0,0,5,1,1,1,0,0,0,1,0,0,27,33,32,2,2,8,9,1,0,0,0,1,0,,1,0,0,0,0,0,0,0,0,0,0,,,1,27,40,27,13,0,1,0,0
SLN189706300,box,1897-06-30,0,STL05,R,0,CIN,SLN,1,1,0,0,1,,31,3,7,9,0,1,0,,3,,4,0,,0,1,0,0,5,3,0,6,1,1,1,1,0,0,1,0,0,27,32,30,0,0,3,3,0,0,0,0,1,0,,0,1,0,0,0,0,0,0,0,0,0,,,1,27,43,27,16,0,0,0,0
LS3189707010,box,1897-07-01,0,LOU03,R,0,CIN,LS3,1,1,0,0,1,,50,14,20,21,1,0,0,,9,,1,0,0,0,1,0,0,4,0,0,11,1,1,1,0,0,0,1,0,0,27,38,35,4,3,12,12,0,0,0,0,0,0,,0,1,2,0,0,0,0,0,0,0,0,,,1,27,40,27,11,2,1,0,0
LS3189707020,box,1897-07-02,0,LOU03,R,0,CIN,LS3,1,0,1,0,1,,30,1,4,7,1,1,0,,1,,5,0,,0,0,0,0,1,0,0,7,1,1,1,0,0,0,0,1,0,27,45,37,4,3,13,13,0,0,0,0,6,0,,1,1,1,0,0,0,0,0,0,0,0,,,1,27,40,27,11,2,1,0,0
LS3189707030,box,1897-07-03,0,LOU03,R,0,CIN,LS3,1,1,0,0,1,,32,12,11,16,5,0,0,,10,,6,0,,0,0,3,0,3,2,0,5,1,1,1,1,0,0,1,0,0,27,34,31,0,0,7,8,1,0,0,0,1,0,,1,0,2,0,0,0,0,0,0,0,0,,,1,27,43,27,16,0,1,0,0
CIN189707040,box,1897-07-04,0,CIN05,R,1,CIN,BLN,1,1,0,0,1,,35,5,10,10,0,0,0,,4,,5,0,,0,0,2,0,1,0,0,12,1,1,1,0,0,0,1,0,0,27,39,38,4,3,11,16,1,2,0,0,1,0,,1,0,0,0,0,0,0,0,0,0,0,,,1,27,42,26,12,4,2,0,0
CIN189707050,box,1897-07-05,0,CIN05,R,1,CIN,BLN,1,1,0,0,1,,35,8,14,16,2,0,0,,6,,5,0,,1,2,1,0,6,2,0,11,1,1,0,0,0,1,1,0,1,27,39,36,5,3,11,14,3,0,0,0,3,0,,1,0,0,0,0,0,0,0,0,0,0,,,1,27,38,27,7,4,2,0,0
CIN189707060,box,1897-07-06,0,CIN05,R,1,CIN,BLN,1,1,0,0,1,,34,10,16,21,5,0,0,,9,,4,0,0,0,0,5,0,1,2,0,9,1,1,1,0,0,0,1,0,0,27,38,34,3,3,7,9,2,0,0,0,4,0,0,0,0,0,0,0,0,0,0,0,0,0,,,1,27,38,27,10,1,0,0,0
CIN189707080,box,1897-07-08,0,CIN05,R,1,CIN,PHI,1,1,0,0,1,,32,6,11,15,4,0,0,,5,,0,0,,0,0,1,0,1,1,0,3,1,1,1,0,0,0,1,0,0,27,38,34,3,2,10,13,3,0,0,0,4,0,1,0,0,0,0,0,0,0,0,0,0,0,,,1,27,39,27,9,3,2,0,0
CIN189707090,box,1897-07-09,0,CIN05,R,1,CIN,PHI,1,0,1,0,1,,37,7,12,19,3,2,0,,7,,3,0,1,0,0,0,0,2,0,0,6,1,1,0,0,0,1,0,1,0,27,63,55,19,12,28,37,7,1,0,0,5,0,,0,1,2,0,0,0,0,0,0,0,0,,,1,27,52,27,18,7,0,0,0
CIN189707100,box,1897-07-10,0,CIN05,R,1,CIN,PHI,1,1,0,0,1,,34,6,11,14,3,0,0,,6,,4,0,0,0,0,0,0,2,0,0,8,1,1,1,0,0,0,1,0,0,27,37,35,3,2,9,9,0,0,0,0,1,0,,0,0,1,0,0,0,0,0,0,0,0,,,1,27,34,27,4,3,1,0,0
CIN189707110,box,1897-07-11,0,CIN05,R,1,CIN,LS3,1,1,0,0,1,,40,9,16,17,1,0,0,,6,,0,0,0,3,0,1,0,2,0,0,8,1,1,1,0,0,0,1,0,0,27,42,41,4,4,13,16,1,1,0,0,0,0,,1,1,0,0,0,0,0,0,0,0,0,,,1,27,40,27,11,2,1,0,0
CIN189707120,box,1897-07-12,0,CIN05,R,1,CIN,NY1,1,0,1,0,1,,31,5,8,11,3,0,0,,5,,4,0,3,0,0,1,0,0,4,0,4,1,1,1,0,0,0,0,1,0,27,44,38,8,7,14,19,1,2,0,0,3,0,,1,1,2,0,0,0,0,0,0,0,0,,,1,27,43,27,14,2,1,0,0
CIN189707130,box,1897-07-13,0,CIN05,R,1,CIN,NY1,1,1,0,0,1,,28,5,9,14,1,2,0,,5,,6,0,,1,0,1,0,1,2,0,6,1,1,1,0,0,0,1,0,0,27,41,37,4,4,11,17,4,1,0,0,2,0,,0,0,2,0,0,0,0,0,0,0,0,,,1,27,40,27,11,2,0,0,0
CIN189707140,box,1897-07-14,0,CIN05,R,1,CIN,NY1,1,1,0,0,1,,35,11,12,15,3,0,0,,11,,6,0,1,0,1,1,0,1,1,0,8,1,1,0,0,0,1,1,0,0,27,40,37,6,5,12,12,0,0,0,0,2,0,,1,1,0,0,0,0,0,0,0,0,0,,,1,27,48,27,18,3,1,0,0
CIN189707150,box,1897-07-15,0,CIN05,R,1,CIN,WSN,1,0,1,0,1,,35,5,11,13,0,1,0,,5,,1,0,,2,0,0,0,1,1,0,4,1,1,0,0,0,1,0,1,0,27,53,45,16,16,24,31,5,1,0,0,7,0,,0,0,1,0,0,0,0,0,0,0,0,,,1,27,44,27,16,1,0,0,0
CIN189707170,box,1897-07-17,0,CIN05,R,1,CIN,WSN,1,1,0,0,1,,40,14,18,22,2,1,0,,13,,2,0,0,0,0,1,0,3,2,0,5,1,1,1,0,0,0,1,0,0,25,37,34,2,2,9,9,0,0,0,0,3,0,0,0,0,0,0,0,0,0,0,0,0,0,,,1,25,35,25,9,1,0,0,0
CIN189707180,box,1897-07-18,0,CIN05,R,1,CIN,WSN,1,1,0,0,1,,38,4,13,15,2,0,0,,2,,0,0,1,0,0,2,0,0,1,0,8,1,1,1,0,0,0,1,0,0,30,40,36,3,3,6,7,1,0,0,0,3,0,,0,0,1,0,0,0,0,0,0,0,0,,,1,30,46,30,16,0,0,0,0
CIN189707190,box,1897-07-19,0,CIN05,R,1,CIN,BSN,1,0,1,0,1,,33,3,6,8,2,0,0,,3,,1,0,,0,0,1,0,0,1,0,5,1,1,0,0,0,1,0,1,0,27,44,40,9,7,14,17,3,0,0,0,1,0,0,0,0,3,0,0,0,0,0,0,0,0,,,1,27,43,27,13,3,0,0,0
CIN189707201,box,1897-07-20,1,CIN05,R,1,CIN,BSN,1,0,1,0,1,,35,3,9,11,2,0,0,,3,,1,0,0,2,0,0,0,2,0,0,6,1,1,1,0,0,0,0,1,0,27,47,44,9,7,16,24,4,2,0,0,2,0,,0,0,1,0,0,0,0,0,0,0,0,,,1,27,39,27,9,3,0,0,0
CIN189707202,box,1897-07-20,2,CIN05,R,1,CIN,BSN,1,1,0,0,1,,32,12,19,28,3,3,0,,12,,0,0,0,0,1,3,0,3,0,0,6,1,1,1,0,0,0,1,0,0,18,20,20,1,1,2,4,0,1,0,0,0,0,,0,0,0,0,0,0,0,0,0,0,0,,,1,18,25,18,7,0,0,0,0
CIN189707210,box,1897-07-21,0,CIN05,R,1,CIN,BSN,1,0,1,0,1,,36,6,8,10,2,0,0,,5,,3,0,,0,0,2,0,0,0,0,8,1,1,1,0,0,0,0,1,0,27,45,40,10,5,11,13,2,0,0,0,5,0,,0,0,0,0,0,0,0,0,0,0,0,,,1,27,40,27,9,4,0,0,0
CIN189707220,box,1897-07-22,0,CIN05,R,1,CIN,BRO,1,0,1,0,1,,38,7,9,12,3,0,0,,4,,2,0,1,0,0,1,0,1,0,0,7,1,1,1,0,0,0,0,1,0,27,43,41,9,6,14,17,3,0,0,0,1,0,1,0,0,1,0,0,0,0,0,0,0,0,,,1,27,39,27,10,2,0,0,0
CIN189707251,box,1897-07-25,1,CIN05,R,1,CIN,BRO,1,1,0,0,1,,31,7,10,14,4,0,0,,6,,4,0,0,1,0,1,0,4,1,0,5,1,1,1,0,0,0,1,0,0,27,39,38,4,3,10,11,1,0,0,0,0,0,0,1,0,1,0,0,1,0,0,0,0,0,,,1,27,39,27,9,3,1,0,1
CIN189707252,box,1897-07-25,2,CIN05,R,1,CIN,BRO,1,1,0,0,1,,36,11,14,17,3,0,0,,11,,7,0,,0,0,3,0,0,1,0,11,1,1,1,0,0,0,1,0,0,27,34,33,4,1,6,8,2,0,0,0,1,0,,1,0,0,0,0,0,0,0,0,0,0,,,1,27,42,27,14,1,1,0,0
CHN189707270,box,1897-07-27,0,CHI08,R,0,CIN,CHN,1,0,1,0,1,,37,3,10,11,1,0,0,,2,,2,0,2,1,0,0,0,0,1,0,6,1,1,1,0,0,0,0,1,0,27,37,35,4,1,6,11,2,0,1,0,2,0,1,1,0,0,0,0,0,0,0,0,0,0,,,1,27,45,27,14,4,1,0,1
CHN189707280,box,1897-07-28,0,CHI08,R,0,CIN,CHN,1,1,0,0,1,,35,6,6,7,1,0,0,,5,,5,0,3,1,2,0,0,0,0,0,9,1,1,1,0,0,0,1,0,0,27,36,35,3,3,10,11,1,0,0,0,0,0,1,0,1,0,0,0,0,0,0,0,0,0,,,1,27,45,27,18,0,1,0,0
CIN189707300,box,1897-07-30,0,CIN05,R,1,CIN,CL4,1,1,0,0,1,,35,8,10,13,1,1,0,,6,,5,0,2,0,0,0,0,1,1,0,8,1,1,1,0,0,0,1,0,0,27,36,31,2,2,6,10,2,1,0,0,4,0,2,0,0,1,0,0,0,0,0,0,0,0,,,1,27,41,27,12,2,0,0,0
CIN189707310,box,1897-07-31,0,CIN05,R,1,CIN,CL4,1,0,1,0,1,,35,3,9,14,3,1,0,,2,,0,0,0,0,0,1,0,1,0,0,6,1,1,1,0,0,0,0,1,0,27,41,39,6,3,12,16,4,0,0,0,0,0,,1,1,1,0,0,0,0,0,0,0,0,,,1,27,40,27,10,3,1,0,0
CIN189708010,box,1897-08-01,0,CIN05,R,1,CIN,CL4,1,1,0,0,1,,41,12,18,25,5,1,0,,9,,4,0,2,0,0,1,0,0,0,0,10,1,1,1,0,0,0,1,0,0,27,40,33,5,5,10,12,2,0,0,0,7,0,1,2,0,0,0,0,0,0,0,0,0,0,,,1,27,41,27,13,1,3,0,0
CIN189708020,box,1897-08-02,0,CIN05,R,1,CIN,PIT,1,1,0,0,1,,34,9,12,15,3,0,0,,9,,1,0,,0,1,2,0,1,0,0,5,1,1,0,0,0,1,1,0,0,27,35,32,2,2,7,13,2,2,0,0,1,0,4,2,2,0,0,0,0,0,0,0,0,0,,,1,27,40,27,12,1,3,0,0
CIN189708030,box,1897-08-03,0,CIN05,R,1,CIN,PIT,1,0,1,0,1,,35,6,12,16,2,1,0,,6,,4,0,,2,2,2,0,2,0,0,10,1,1,0,0,0,1,0,1,0,27,40,35,7,7,11,16,1,2,0,0,4,0,,0,0,1,0,0,0,0,0,0,0,0,,,1,27,40,27,13,0,0,0,0
CIN189708041,box,1897-08-04,1,CIN05,R,1,CIN,PIT,1,1,0,0,1,,42,14,16,20,2,1,0,,10,,6,0,2,0,0,1,0,0,0,0,11,1,1,1,0,0,0,1,0,0,27,36,33,3,1,5,7,0,1,0,0,2,0,,0,1,0,0,0,0,0,0,0,0,0,,,1,27,47,27,14,6,2,0,0
CIN189708042,box,1897-08-04,2,CIN05,R,1,CIN,PIT,1,0,0,1,1,,24,4,7,10,1,1,0,,2,,3,0,0,0,1,1,0,1,0,0,7,1,1,1,0,0,0,0,0,0,18,24,24,4,2,6,9,1,1,0,0,0,0,3,1,0,0,0,0,1,0,0,0,0,0,,,1,18,27,18,7,2,1,0,0
CIN189708050,box,1897-08-05,0,CIN05,R,1,CIN,CL4,1,1,0,0,1,,31,5,9,10,1,0,0,,4,,1,0,,1,1,1,0,4,0,0,5,1,1,0,0,0,1,1,0,0,27,42,36,4,2,9,10,1,0,0,0,4,0,1,1,0,2,0,0,1,0,0,0,0,0,,,1,27,47,27,17,3,1,0,1
CIN189708070,box,1897-08-07,0,CIN05,R,1,CIN,LS3,1,1,0,0,1,,33,5,12,12,0,0,0,,5,,4,0,,0,1,1,0,4,0,0,10,1,1,1,1,0,0,1,0,0,27,32,31,0,0,3,3,0,0,0,0,1,0,,0,0,0,0,0,0,0,0,0,0,0,,,1,27,37,27,8,2,0,0,0
CIN189708080,box,1897-08-08,0,CIN05,R,1,CIN,LS3,1,0,1,0,1,,34,2,7,7,0,0,0,,2,,4,0,,0,1,1,0,5,1,0,11,1,1,0,0,0,1,0,1,0,27,43,40,8,8,14,22,2,3,0,0,2,0,,1,1,0,0,0,0,0,0,0,0,0,,,1,27,40,27,12,1,1,0,0
CIN189708091,box,1897-08-09,1,CIN05,R,1,CIN,PIT,1,0,1,0,1,,37,5,7,10,3,0,0,,2,,5,0,,0,2,2,0,1,1,0,11,1,1,1,0,0,0,0,1,0,30,47,43,7,1,16,18,2,0,0,0,3,0,,1,0,1,0,0,0,0,0,0,0,0,,,1,30,50,30,14,6,1,0,0
CIN189708092,box,1897-08-09,2,CIN05,R,1,CIN,PIT,1,1,0,0,1,,25,8,6,8,0,1,0,,6,,4,0,,0,1,1,0,2,0,0,5,1,1,1,0,0,0,1,0,0,18,23,22,1,1,4,5,1,0,0,0,1,0,,0,0,0,0,0,0,0,0,0,0,0,,,1,18,26,18,7,1,0,0,0
CIN189708100,box,1897-08-10,0,CIN05,R,1,CIN,SLN,1,1,0,0,1,,29,8,7,10,1,1,0,,8,,4,0,0,0,0,2,0,2,1,0,3,1,1,0,0,0,1,1,0,0,27,48,38,6,6,15,19,0,2,0,0,7,0,,1,1,2,0,0,1,0,0,0,0,0,,,1,27,40,27,13,0,1,0,0
CIN189708110,box,1897-08-11,0,CIN05,R,1,CIN,SLN,1,1,0,0,1,,33,6,12,18,2,2,0,,6,,5,0,0,0,0,1,0,1,3,0,9,1,1,1,0,0,0,1,0,0,27,39,39,5,3,14,17,3,0,0,0,0,0,5,2,0,0,0,0,0,0,0,0,0,0,,,1,27,45,27,17,1,2,0,0
CIN189708130,box,1897-08-13,0,CIN05,R,1,CIN,CHN,1,0,1,0,1,,33,0,6,8,2,0,0,,0,,3,0,0,0,0,0,0,1,1,0,9,1,1,1,0,0,0,0,1,0,27,34,33,2,1,8,9,1,0,0,0,1,0,3,0,0,0,0,0,0,0,0,0,0,0,,,1,27,41,27,11,3,1,0,0
CIN189708140,box,1897-08-14,0,CIN05,R,1,CIN,CHN,1,0,1,0,1,,42,9,14,20,3,0,1,,7,,1,0,2,0,0,2,0,0,0,0,6,1,1,0,0,0,1,0,1,0,30,47,42,10,7,14,22,2,3,0,0,3,0,4,0,0,2,0,0,1,0,0,0,0,0,,,1,30,47,30,12,5,1,0,0
CIN189708150,box,1897-08-15,0,CIN05,R,1,CIN,CHN,1,1,0,0,1,,32,3,9,10,1,0,0,,2,,4,0,2,0,1,1,0,2,2,0,9,1,1,1,0,0,0,1,0,0,27,32,31,2,1,4,5,1,0,0,0,0,0,3,0,1,0,0,0,0,0,0,0,0,0,,,1,27,39,27,11,1,0,0,0
PHI189708190,box,1897-08-19,0,PHI09,R,0,CIN,PHI,1,1,0,0,1,,36,4,9,11,2,0,0,,4,,2,0,3,0,0,0,0,0,0,0,7,1,1,1,0,0,0,1,0,0,27,39,36,3,3,9,16,1,3,0,0,3,0,2,0,0,0,0,0,0,0,0,0,0,0,,,1,27,41,27,13,1,0,0,0
PHI189708201,box,1897-08-20,1,PHI09,R,0,CIN,PHI,1,0,1,0,1,,34,2,7,8,1,0,0,,2,,0,0,0,0,0,0,0,0,0,0,5,1,1,0,0,0,1,0,1,0,24,34,28,6,6,6,12,1,1,1,0,3,0,1,0,2,0,0,0,0,1,0,0,0,0,,,1,24,41,24,15,2,1,0,1
PHI189708202,box,1897-08-20,2,PHI09,R,0,CIN,PHI,1,1,0,0,1,,34,4,9,15,1,1,1,,4,,1,0,2,0,0,0,0,1,0,0,4,1,1,1,0,0,0,1,0,0,27,34,32,3,3,6,12,3,0,1,0,0,0,5,0,1,1,0,0,0,0,0,0,0,0,,,1,27,33,27,6,0,0,0,1
PHI189708210,box,1897-08-21,0,PHI09,R,0,CIN,PHI,1,0,1,0,1,,32,1,5,5,0,0,0,,1,,1,0,0,1,0,0,0,0,0,0,5,1,1,0,0,0,1,0,1,0,24,38,31,8,8,12,18,1,1,1,0,4,0,0,0,0,3,0,0,0,0,0,0,0,0,,,1,24,36,24,11,1,0,0,0
WSN189708240,box,1897-08-24,0,WAS06,R,0,CIN,WSN,1,1,0,0,1,,34,9,12,16,1,0,1,,5,,2,0,2,0,0,0,0,5,1,0,3,1,1,1,0,0,0,1,0,0,27,42,41,6,3,14,16,2,0,0,0,1,0,2,0,0,0,0,0,0,0,0,0,0,0,,,1,27,38,27,9,2,0,0,0
WSN189708250,box,1897-08-25,0,WAS06,R,0,CIN,WSN,1,0,1,0,1,,30,0,3,3,0,0,0,,0,,2,0,1,0,1,0,0,2,0,0,6,1,1,1,0,0,0,0,1,0,27,36,35,4,3,11,15,1,0,1,0,0,0,2,0,0,1,0,0,0,0,0,0,0,0,,,1,27,40,27,12,1,0,0,0
BLN189708260,box,1897-08-26,0,BAL07,R,0,CIN,BLN,1,0,1,0,1,,30,2,5,6,1,0,0,,1,,1,0,7,0,1,2,0,2,0,0,5,1,1,1,0,0,0,0,1,0,24,34,33,3,3,9,13,2,1,0,0,0,0,0,0,1,0,0,0,0,0,0,0,0,0,,,1,24,37,24,11,2,0,0,1
BLN189708271,box,1897-08-27,1,BAL07,R,0,CIN,BLN,1,0,1,0,1,,30,0,3,3,0,0,0,,0,,0,0,2,0,0,0,0,0,0,0,3,1,1,1,0,0,0,0,1,0,24,34,32,5,3,9,10,1,0,0,0,0,0,0,0,1,1,0,0,0,0,0,0,0,0,,,1,24,40,24,15,1,0,0,0
BLN189708272,box,1897-08-27,2,BAL07,R,0,CIN,BLN,1,0,1,0,1,,34,3,11,14,1,1,0,,3,,3,0,2,0,1,1,0,0,1,0,9,1,1,1,0,0,0,0,1,0,24,35,34,5,5,12,15,3,0,0,0,1,0,0,0,0,0,0,0,1,0,0,0,0,0,,,1,24,37,24,13,0,0,0,0
BLN189708280,box,1897-08-28,0,BAL07,R,0,CIN,BLN,1,0,1,0,1,,34,2,6,8,2,0,0,,1,,2,0,2,0,2,0,0,0,0,0,9,1,1,0,0,0,1,0,1,0,24,44,36,7,7,14,17,3,0,0,0,5,0,2,1,1,2,0,0,0,0,0,0,0,0,,,1,24,38,24,12,2,1,0,0
BLN189708300,box,1897-08-30,0,BAL07,R,0,CIN,BLN,1,0,1,0,1,,32,1,7,7,0,0,0,,0,,1,0,4,0,0,1,0,2,0,0,6,1,1,0,0,0,1,0,1,0,24,41,36,7,7,14,14,0,0,0,0,2,0,3,1,3,0,0,0,0,0,0,0,0,0,,,1,24,35,24,11,0,2,0,0
NY1189708311,box,1897-08-31,1,NYC10,R,0,CIN,NY1,1,0,1,0,1,,39,6,14,18,0,2,0,,6,,1,0,,0,0,1,0,0,3,0,8,1,1,1,0,0,0,0,1,0,26,40,38,7,7,16,18,0,1,0,0,1,0,1,1,0,1,0,0,0,0,0,0,0,0,,,1,26,39,26,13,0,1,0,0
NY1189708312,box,1897-08-31,2,NYC10,R,0,CIN,NY1,1,0,1,0,1,,28,1,6,8,2,0,0,,1,,2,0,4,0,0,0,0,0,1,0,5,1,1,1,0,0,0,0,1,0,21,37,34,9,7,13,20,1,3,0,0,2,0,1,0,1,0,0,0,0,0,0,0,0,0,,,1,21,36,21,13,2,0,0,0
NY1189709010,box,1897-09-01,0,NYC10,R,0,CIN,NY1,1,0,1,0,1,,38,7,12,20,5,0,1,,6,,5,0,3,0,0,2,0,3,0,0,11,1,1,1,0,0,0,0,1,0,26,40,35,8,5,13,14,1,0,0,0,4,0,1,0,0,1,0,0,0,0,0,0,0,0,,,1,26,43,26,16,1,1,0,0
NY1189709020,box,1897-09-02,0,NYC10,R,0,CIN,NY1,1,0,0,1,1,,32,3,9,11,2,0,0,,3,,3,0,,1,0,1,0,0,3,0,6,1,1,0,0,0,1,0,0,0,27,37,34,3,3,8,9,1,0,0,0,2,0,3,0,1,0,0,0,0,0,0,0,0,0,,,1,27,40,27,13,0,1,0,0
NY1189709031,box,1897-09-03,1,NYC10,R,0,CIN,NY1,1,1,0,0,1,,37,11,12,16,1,0,1,,8,,3,0,1,0,4,1,0,1,2,0,7,1,1,1,0,0,0,1,0,0,27,36,35,1,0,7,9,0,1,0,0,1,0,6,0,0,0,0,0,0,0,0,0,0,0,,,1,27,36,27,8,1,0,0,0
NY1189709032,box,1897-09-03,2,NYC10,R,0,CIN,NY1,1,0,1,0,1,,27,3,1,1,0,0,0,,0,,2,0,3,1,0,0,0,0,0,0,2,1,1,1,0,0,0,0,1,0,21,41,34,13,12,14,22,3,1,1,0,6,0,4,1,1,0,0,0,0,0,0,0,0,0,,,1,21,29,21,6,2,2,0,0
BSN189709040,box,1897-09-04,0,BOS05,R,0,CIN,BSN,1,0,1,0,1,,33,6,11,15,1,0,1,,5,,2,0,1,1,0,1,0,2,2,0,3,1,1,0,0,0,1,0,1,0,24,39,36,7,7,14,14,0,0,0,0,2,0,0,0,0,1,0,0,0,0,0,0,0,0,,,1,24,38,24,11,3,0,0,0
BSN189709061,box,1897-09-06,1,BOS05,R,0,CIN,BSN,1,1,0,0,1,,30,5,9,10,1,0,0,,4,,3,0,0,0,1,3,0,2,3,0,5,1,1,1,0,0,0,1,0,0,27,37,33,3,3,5,6,1,0,0,0,3,0,1,0,0,1,0,0,0,0,0,0,0,0,,,1,27,39,27,10,2,0,0,0
BSN189709062,box,1897-09-06,2,BOS05,R,0,CIN,BSN,1,0,1,0,1,,34,2,7,9,0,1,0,,2,,0,0,1,2,0,0,0,0,0,0,5,1,1,1,0,0,0,0,1,0,24,42,38,10,9,16,18,0,1,0,0,2,0,1,0,0,2,0,0,0,0,0,0,0,0,,,1,24,38,24,12,2,0,0,0
BRO189709080,box,1897-09-08,0,NYC11,R,0,CIN,BRO,1,1,0,0,1,,37,4,12,14,2,0,0,,3,,1,0,2,1,0,1,0,0,3,0,8,1,1,1,0,0,0,1,0,0,27,35,34,2,0,7,9,2,0,0,0,1,0,2,2,0,0,0,0,0,0,0,0,0,0,,,1,27,38,27,8,3,2,0,0
BRO189709090,box,1897-09-09,0,NYC11,R,0,CIN,BRO,1,0,1,0,1,,29,1,4,4,0,0,0,,1,,4,0,0,1,1,0,0,2,0,0,6,1,1,1,0,0,0,0,1,0,24,35,32,7,2,7,8,1,0,0,0,2,0,2,0,1,0,0,0,0,0,0,0,0,0,,,1,24,34,24,7,3,0,0,0
BRO189709100,box,1897-09-10,0,NYC11,R,0,CIN,BRO,1,0,1,0,1,,37,4,12,15,1,1,0,,4,,1,0,2,0,0,1,0,1,1,0,8,1,1,1,0,0,0,0,1,0,24,43,37,11,9,15,23,4,2,0,0,3,0,0,0,2,1,0,0,0,0,0,0,0,0,,,1,24,34,24,7,3,0,0,0
WSN189709111,box,1897-09-11,1,WAS06,R,0,CIN,WSN,1,1,0,0,1,,49,19,21,28,4,0,1,,15,,5,0,1,0,0,0,0,5,1,0,8,1,1,1,0,0,0,1,0,0,27,46,46,10,7,21,30,2,2,1,0,0,0,4,1,0,0,0,0,0,0,0,0,0,0,,,1,27,40,27,11,2,2,0,0
WSN189709112,box,1897-09-11,2,WAS06,R,0,CIN,WSN,1,0,1,0,1,,32,4,11,14,0,0,1,,4,,1,0,0,0,1,0,0,0,0,0,9,1,1,1,0,0,0,0,1,0,18,33,30,8,3,14,14,0,0,0,0,2,0,1,1,0,1,0,0,1,0,0,0,0,0,,,1,18,26,18,6,2,1,0,0
WSN189709130,box,1897-09-13,0,WAS06,R,0,CIN,WSN,1,1,0,0,1,,27,2,5,7,0,1,0,,2,,5,1,5,0,1,0,0,3,2,0,7,1,1,1,0,0,0,1,0,0,24,30,27,1,1,6,6,0,0,0,0,2,0,3,0,1,0,0,0,0,0,0,0,0,0,,,1,24,34,24,10,0,2,0,0
WSN189709140,box,1897-09-14,0,WAS06,R,0,CIN,WSN,1,0,1,0,1,,27,9,7,10,3,0,0,,7,,4,0,3,0,1,0,0,3,0,0,5,1,1,0,0,0,1,0,1,0,18,38,33,10,5,15,16,1,0,0,0,4,0,1,2,1,0,0,0,0,0,0,0,0,0,,,1,18,31,18,9,4,2,0,0
CL4189709170,box,1897-09-17,0,CLE05,R,0,CIN,CL4,1,0,1,0,1,,38,3,10,13,3,0,0,,2,,1,0,3,0,0,1,0,0,0,0,10,1,1,0,0,0,1,0,1,0,24,44,39,14,13,19,24,1,2,0,0,5,0,0,0,0,0,0,0,0,0,0,0,0,0,,,1,24,43,24,16,3,2,0,0
CL4189709181,box,1897-09-18,1,CLE05,R,0,CIN,CL4,1,0,1,0,1,,28,0,0,0,0,0,0,,0,,1,0,3,0,1,0,0,1,1,0,3,1,1,1,0,0,0,0,1,0,24,35,30,6,5,8,9,1,0,0,0,4,0,1,0,0,1,0,0,0,0,0,0,0,0,,,1,24,40,24,15,1,0,0,0
CL4189709182,box,1897-09-18,2,CLE05,R,0,CIN,CL4,1,0,1,0,1,,31,3,6,8,0,1,0,,3,,2,0,5,0,1,1,0,2,1,0,5,1,1,1,0,0,0,0,1,0,24,33,31,4,4,8,12,2,1,0,0,2,0,1,0,0,0,0,0,0,0,0,0,0,0,,,1,24,31,24,7,0,1,0,0
CIN189709190,box,1897-09-19,0,CIN05,R,1,CIN,SLN,1,1,0,0,1,,34,5,8,13,2,0,1,,3,,1,0,2,0,1,0,0,0,1,0,7,1,1,1,0,0,0,1,0,0,27,41,37,4,1,7,8,1,0,0,0,4,0,2,0,0,0,0,0,0,0,0,0,0,0,,,1,27,41,27,11,3,0,0,0
PIT189709210,box,1897-09-21,0,PIT05,R,0,CIN,PIT,1,1,0,0,1,,37,11,14,16,2,0,0,,9,,3,0,2,0,3,1,0,3,0,0,6,1,1,1,0,0,0,1,0,0,27,39,36,3,3,9,12,1,1,0,0,3,0,3,1,0,0,0,0,0,0,0,0,0,0,,,1,27,41,27,12,2,1,0,0
PIT189709221,box,1897-09-22,1,PIT05,R,0,CIN,PIT,1,1,0,0,1,,48,13,21,30,5,2,0,,11,,0,0,2,0,0,1,0,0,0,0,9,1,1,1,0,0,0,1,0,0,27,37,34,2,2,9,14,0,1,1,0,2,0,0,1,1,0,0,0,0,0,0,0,0,0,,,1,27,39,27,11,1,1,0,0
PIT189709222,box,1897-09-22,2,PIT05,R,0,CIN,PIT,1,0,1,0,1,,27,4,6,7,1,0,0,,3,,3,0,2,1,1,0,0,3,0,0,6,1,1,1,0,0,0,0,1,0,18,34,26,8,7,9,11,0,1,0,0,4,0,0,0,2,2,0,0,0,0,0,0,0,0,,,1,18,34,18,12,4,0,0,0
SLN189709251,box,1897-09-25,1,STL05,R,0,CIN,SLN,1,1,0,0,1,,38,7,13,22,1,1,2,,7,,3,0,0,0,0,1,0,0,1,0,8,1,1,0,0,0,1,1,0,1,27,44,39,5,4,14,21,1,3,0,0,3,0,,0,1,1,0,0,0,0,0,0,0,0,,,1,27,44,27,15,2,1,0,0
SLN189709252,box,1897-09-25,2,STL05,R,0,CIN,SLN,1,1,0,0,1,,26,8,12,18,1,1,1,,7,,1,0,0,1,0,0,0,1,0,0,4,1,1,1,0,0,0,1,0,0,15,29,26,7,3,10,12,2,0,0,0,1,0,,1,2,0,0,0,0,0,0,0,0,0,,,1,15,23,15,6,2,1,0,0
SLN189709261,box,1897-09-26,1,STL05,R,0,CIN,SLN,1,1,0,0,1,,37,10,14,27,0,2,3,,9,,3,0,,2,0,1,0,0,0,0,4,1,1,1,0,0,0,1,0,0,27,43,37,4,4,8,12,0,2,0,0,6,0,,0,0,0,0,0,0,0,0,0,0,0,,,1,27,42,26,12,4,0,0,1
SLN189709262,box,1897-09-26,2,STL05,R,0,CIN,SLN,1,1,0,0,1,,40,8,13,16,3,0,0,,6,,2,0,,0,0,1,0,1,0,0,8,1,1,1,0,0,0,1,0,0,27,42,40,6,2,14,19,1,2,0,0,2,0,,1,0,0,0,0,0,0,0,0,0,0,,,1,27,42,27,14,1,1,0,0
SLN189709270,box,1897-09-27,0,STL05,R,0,CIN,SLN,1,0,1,0,1,,33,4,8,10,2,0,0,,4,,2,0,,1,1,1,0,1,0,0,6,1,1,1,0,0,0,0,1,0,24,38,31,5,3,7,7,0,0,0,0,5,0,,0,1,1,0,0,0,0,0,0,0,0,,,1,24,33,24,7,2,0,0,0
LS3189710010,box,1897-10-01,0,LOU03,R,0,CIN,LS3,1,0,1,0,1,,37,3,11,11,0,0,0,,3,,0,0,,0,1,0,0,3,0,0,8,1,1,1,0,0,0,0,1,0,24,30,27,5,3,5,9,1,0,1,0,1,0,,0,1,1,0,0,0,0,0,0,0,0,,,1,24,32,24,7,1,1,0,0
LS3189710020,box,1897-10-02,0,LOU03,R,0,CIN,LS3,1,1,0,0,1,,38,9,12,18,3,0,1,,7,,8,0,,0,1,0,0,0,1,0,11,1,1,1,0,0,0,1,0,0,27,42,37,8,7,12,18,1,1,1,0,3,0,0,2,1,1,0,0,0,0,0,0,0,0,,,1,27,45,27,16,2,2,0,0
LS3189710030,box,1897-10-03,0,LOU03,R,0,CIN,LS3,1,1,0,0,1,,38,9,13,23,3,2,1,,8,,4,0,,0,1,1,0,1,0,0,8,1,1,1,0,0,0,1,0,0,27,40,40,7,5,13,16,1,1,0,0,0,0,1,0,0,0,0,0,0,0,0,0,0,0,,,1,27,45,27,13,5,0,0,0
LS3189704220,box,1897-04-22,0,LOU03,R,0,CL4,LS3,1,0,1,0,1,,27,1,4,4,0,0,0,,1,,2,0,,1,0,1,0,0,0,0,2,1,1,1,0,0,0,0,1,0,27,35,32,3,3,8,8,0,0,0,0,2,0,,0,0,1,0,0,0,0,0,0,0,0,,,1,27,40,27,11,2,0,0,0
LS3189704240,box,1897-04-24,0,LOU03,R,0,CL4,LS3,1,0,1,0,1,,32,3,4,4,0,0,0,,3,,7,0,,0,0,1,0,0,0,0,10,1,1,1,0,0,0,0,1,0,27,41,33,9,3,9,15,1,1,1,0,3,0,,0,0,5,0,0,0,0,0,0,0,0,,,1,27,41,27,9,5,0,0,0
CIN189704260,box,1897-04-26,0,CIN05,R,0,CL4,CIN,1,0,1,0,1,,34,3,7,8,1,0,0,,3,,1,0,0,0,0,0,0,1,0,0,5,1,1,1,0,0,0,0,1,0,24,30,29,6,5,10,16,2,2,0,0,1,0,0,0,0,0,0,0,0,0,0,0,0,0,,,1,24,45,24,20,1,1,0,1
CIN189704270,box,1897-04-27,0,CIN05,R,0,CL4,CIN,1,0,1,0,1,,35,3,10,12,0,1,0,,3,,2,0,5,0,0,0,0,1,0,0,7,1,1,1,0,0,0,0,1,0,24,38,31,7,4,10,11,1,0,0,0,4,0,2,1,1,2,0,0,1,0,0,0,0,0,,,1,24,37,24,10,3,1,0,0
CIN189704280,box,1897-04-28,0,CIN05,R,0,CL4,CIN,1,0,1,0,1,,34,0,6,7,1,0,0,,0,,3,0,1,0,0,0,0,0,0,0,10,1,1,1,0,0,0,0,1,0,24,34,31,5,3,11,14,1,1,0,0,1,0,0,0,1,1,0,0,0,0,0,0,0,0,,,1,24,37,24,12,1,0,0,0
SLN189704290,box,1897-04-29,0,STL05,R,0,CL4,SLN,1,0,0,1,1,,42,6,14,20,1,1,1,,6,,1,0,1,0,1,0,0,4,0,0,11,1,1,1,0,0,0,0,0,0,27,44,40,6,5,12,15,0,0,1,0,4,0,0,0,0,0,0,0,0,0,0,0,0,0,,,1,27,41,27,11,3,0,0,0
SLN189704300,box,1897-04-30,0,STL05,R,0,CL4,SLN,1,1,0,0,1,,38,12,12,16,1,0,1,,11,,2,0,2,0,2,5,0,2,0,0,8,1,1,1,0,0,0,1,0,0,27,38,33,4,4,9,17,1,2,1,0,4,0,1,0,0,1,0,0,1,0,0,0,0,0,,,1,27,44,27,17,0,1,0,1
SLN189705010,box,1897-05-01,0,STL05,R,0,CL4,SLN,1,1,0,0,1,,34,8,10,12,0,1,0,,7,,6,0,4,1,0,1,0,4,0,0,6,1,1,1,0,0,0,1,0,0,27,40,36,3,3,12,16,2,1,0,0,2,0,1,0,0,2,0,0,0,0,0,0,0,0,,,1,27,40,27,12,1,0,0,0
SLN189705020,box,1897-05-02,0,STL05,R,0,CL4,SLN,1,1,0,0,1,,32,3,4,4,0,0,0,,1,,2,0,2,0,0,1,0,3,0,0,5,1,1,1,0,0,0,1,0,0,27,35,29,1,1,4,7,0,0,1,0,5,0,3,0,0,1,0,0,0,0,0,0,0,0,,,1,27,40,27,12,1,2,0,0
CL4189705030,box,1897-05-03,0,CLE05,R,1,CL4,CIN,1,1,0,0,1,,32,6,10,12,2,0,0,,5,,4,0,2,0,0,2,0,4,0,0,8,1,1,1,0,0,0,1,0,0,27,34,30,2,2,5,7,0,1,0,0,4,0,2,0,0,0,0,0,0,0,0,0,0,0,,,1,27,40,27,12,1,0,0,0
CL4189705050,box,1897-05-05,0,CLE05,R,1,CL4,CIN,1,0,1,0,1,,35,2,10,15,0,1,1,,2,,3,0,3,0,0,2,0,1,0,0,11,1,1,1,0,0,0,0,1,0,27,37,31,3,3,8,10,2,0,0,0,4,0,1,0,1,1,0,0,0,0,0,0,0,0,,,1,27,43,27,13,3,1,0,0
CL4189705060,box,1897-05-06,0,CLE05,R,1,CL4,CHN,1,1,0,0,1,,27,5,6,7,1,0,0,,4,,3,0,0,0,1,1,0,3,2,0,3,1,1,1,0,0,0,1,0,0,27,32,31,1,1,5,5,0,0,0,0,0,0,3,1,1,0,0,0,0,0,0,0,0,0,,,1,27,44,27,16,1,1,0,0
CL4189705070,box,1897-05-07,0,CLE05,R,1,CL4,CHN,1,1,0,0,1,,36,6,15,17,0,1,0,,5,,5,0,1,1,0,1,0,6,0,0,12,1,1,1,0,0,0,1,0,0,27,41,39,5,3,14,19,2,0,1,0,1,0,0,0,0,1,0,0,1,0,0,0,0,0,,,1,27,46,27,18,1,0,0,1
CL4189705080,box,1897-05-08,0,CLE05,R,1,CL4,CHN,1,1,0,0,1,,34,7,13,15,2,0,0,,7,,2,0,,1,1,1,0,0,1,0,5,1,1,1,0,0,0,1,0,0,27,40,36,6,0,10,14,2,1,0,0,3,0,1,0,0,1,0,0,0,0,0,0,0,0,,,1,27,46,27,14,5,0,0,0
CL4189705100,box,1897-05-10,0,CLE05,R,1,CL4,BRO,1,0,1,0,1,,31,2,5,10,1,2,0,,2,,1,0,1,0,0,1,0,1,0,0,4,1,1,1,0,0,0,0,1,0,27,34,33,3,2,8,10,2,0,0,0,0,0,0,0,0,1,0,0,0,0,0,0,0,0,,,1,27,44,27,13,4,0,0,0
CL4189705110,box,1897-05-11,0,CLE05,R,1,CL4,BRO,1,1,0,0,1,,35,7,13,17,4,0,0,,7,,1,0,1,0,1,0,0,4,1,0,6,1,1,1,1,0,0,1,0,0,27,32,30,0,0,3,3,0,0,0,0,2,0,0,0,0,0,0,0,0,0,0,0,0,0,,,1,27,42,27,14,1,0,0,0
CL4189705120,box,1897-05-12,0,CLE05,R,1,CL4,BRO,1,0,1,0,1,,38,3,11,15,2,1,0,,3,,2,0,4,1,0,0,0,0,0,0,10,1,1,1,0,0,0,0,1,0,27,41,38,5,4,10,11,1,0,0,0,2,0,0,0,0,1,0,0,0,1,0,0,0,0,,,1,27,46,27,17,2,0,0,0
CL4189705130,box,1897-05-13,0,CLE05,R,1,CL4,BSN,1,0,1,0,1,,30,1,4,7,1,1,0,,1,,1,0,5,1,0,0,0,0,1,0,3,1,1,1,0,0,0,0,1,0,27,38,34,4,4,8,11,3,0,0,0,2,0,3,0,2,0,0,0,0,0,0,0,0,0,,,1,27,37,27,10,0,0,0,0
CL4189705151,box,1897-05-15,1,CLE05,R,1,CL4,BSN,1,1,0,0,1,,26,5,6,6,0,0,0,,3,,8,0,3,0,0,0,0,1,1,0,5,1,1,1,0,0,0,1,0,0,27,31,31,1,1,4,5,1,0,0,0,0,0,2,0,0,0,0,0,0,0,0,0,0,0,,,1,27,40,27,13,0,0,0,0
CL4189705152,box,1897-05-15,2,CLE05,R,1,CL4,BSN,1,0,1,0,1,,36,6,11,15,2,1,0,,3,,4,0,4,0,1,1,0,6,0,0,9,1,1,0,0,0,1,0,1,0,27,42,40,7,6,13,21,3,1,1,0,1,0,1,0,1,0,0,0,0,0,0,0,0,0,,,1,27,38,27,10,1,0,0,0
CL4189705170,box,1897-05-17,0,CLE05,R,1,CL4,WSN,1,1,0,0,1,,32,8,11,11,0,0,0,,6,,3,0,2,0,1,4,0,1,0,0,7,1,1,0,0,0,1,1,0,0,27,41,36,7,4,10,11,1,0,0,0,4,0,4,0,0,1,0,0,1,0,0,0,0,0,,,1,27,42,27,12,3,1,0,0
CL4189705180,box,1897-05-18,0,CLE05,R,1,CL4,WSN,1,1,0,0,1,,31,6,6,12,1,1,1,,5,,4,0,5,0,0,0,0,2,1,0,5,1,1,1,0,0,0,1,0,0,27,36,33,5,3,7,8,1,0,0,0,2,0,1,1,0,1,0,0,0,0,0,0,0,0,,,1,27,43,27,15,1,1,0,0
CL4189705190,box,1897-05-19,0,CLE05,R,1,CL4,WSN,1,1,0,0,1,,34,8,12,15,1,1,0,,8,,4,0,3,2,1,1,0,3,0,0,8,1,1,1,0,0,0,1,0,0,27,40,39,5,5,14,20,2,2,0,0,1,0,1,0,0,0,0,0,0,0,0,0,0,0,,,1,27,44,27,14,3,2,0,0
CL4189705221,box,1897-05-22,1,CLE05,R,1,CL4,NY1,1,1,0,0,1,,31,4,9,12,1,1,0,,4,,2,0,4,1,0,4,0,1,3,0,4,1,1,1,0,0,0,1,0,0,30,43,40,3,2,13,14,1,0,0,0,1,0,1,0,0,2,0,0,0,0,0,0,0,0,,,1,30,47,30,14,3,1,0,0
CL4189705222,box,1897-05-22,2,CLE05,R,1,CL4,NY1,1,0,1,0,1,,36,2,8,9,1,0,0,,2,,1,0,,1,1,0,0,0,0,0,9,1,1,0,0,0,1,0,1,0,27,49,44,11,4,15,19,4,0,0,0,5,0,5,1,0,0,0,0,2,0,0,0,0,0,,,1,27,45,27,11,7,1,0,0
CL4189705240,box,1897-05-24,0,CLE05,R,1,CL4,PHI,1,1,0,0,1,,38,9,16,22,4,1,0,,9,,3,1,1,0,0,1,0,0,0,0,9,1,1,1,0,0,0,1,0,0,27,42,40,8,4,14,19,2,0,1,0,2,0,3,0,0,0,0,0,0,0,0,0,0,0,,,1,27,42,27,12,3,0,0,0
CL4189705250,box,1897-05-25,0,CLE05,R,1,CL4,PHI,1,1,0,0,1,,34,10,11,16,3,1,0,,9,,10,0,0,0,1,0,0,0,1,0,10,1,1,0,0,0,1,1,0,0,27,49,47,9,3,16,24,4,2,0,0,1,0,2,0,1,0,0,0,0,0,0,0,0,0,,,1,27,38,27,6,5,0,0,0
CL4189705260,box,1897-05-26,0,CLE05,R,1,CL4,PHI,1,1,0,0,1,,35,4,12,13,1,0,0,,3,,3,0,1,0,0,0,0,0,0,0,10,1,1,1,0,0,0,1,0,0,27,40,38,2,2,12,15,1,1,0,0,1,0,4,0,0,1,0,0,0,0,0,0,0,0,,,1,27,44,27,15,2,0,0,0
CL4189705270,box,1897-05-27,0,CLE05,R,1,CL4,BLN,1,1,0,0,1,,39,8,16,18,2,0,0,,8,,6,0,6,0,0,0,0,2,0,0,13,1,1,0,0,0,1,1,0,0,27,41,39,7,6,12,20,2,3,0,0,0,0,2,0,1,1,0,0,0,0,0,0,0,0,,,1,27,41,27,12,2,0,0,1
CL4189705290,box,1897-05-29,0,CLE05,R,1,CL4,BLN,1,0,1,0,1,,34,2,5,8,1,1,0,,1,,3,0,2,0,0,0,0,3,0,0,8,1,1,0,0,0,1,0,1,0,27,47,45,8,7,18,22,2,1,0,0,1,0,3,0,0,1,0,0,0,1,0,0,0,0,,,1,27,40,27,12,1,0,0,0
BRO189705310,box,1897-05-31,0,NYC11,R,0,CL4,BRO,1,0,1,0,1,,39,2,10,11,1,0,0,,2,,4,0,2,1,0,0,0,0,0,0,14,1,1,1,0,0,0,0,1,0,24,37,33,5,5,12,16,2,1,0,0,2,0,3,1,0,2,0,0,0,0,0,0,0,0,,,1,24,35,23,11,1,1,0,0
BRO189706010,box,1897-06-01,0,NYC11,R,0,CL4,BRO,1,0,1,0,1,,33,2,8,8,0,0,0,,1,,1,0,1,1,0,0,0,0,0,0,5,1,1,1,0,0,0,0,1,0,24,39,35,7,4,13,18,3,1,0,0,3,0,0,0,0,1,0,0,0,0,0,0,0,0,,,1,24,44,24,18,2,1,0,0
BSN189706020,box,1897-06-02,0,BOS05,R,0,CL4,BSN,1,0,1,0,1,,33,3,6,7,1,0,0,,3,,5,0,4,0,1,1,0,0,0,0,10,1,1,1,0,0,0,0,1,0,24,54,44,21,13,20,35,5,5,0,0,8,0,3,1,0,2,0,0,0,0,0,0,0,0,,,1,24,38,24,10,4,1,0,1
BSN189706030,box,1897-06-03,0,BOS05,R,0,CL4,BSN,1,0,1,0,1,,33,1,5,6,1,0,0,,1,,3,0,3,0,0,0,0,0,1,0,8,1,1,1,0,0,0,0,1,0,24,33,28,6,4,9,15,3,0,1,0,2,0,2,0,0,3,0,0,1,0,0,0,0,0,,,1,24,36,24,11,1,0,0,1
WSN189706050,box,1897-06-05,0,WAS06,R,0,CL4,WSN,1,1,0,0,1,,41,10,14,20,2,2,0,,9,,3,0,1,1,0,1,0,1,1,0,8,1,1,1,0,0,0,1,0,0,27,43,36,5,3,13,13,0,0,0,0,5,0,,3,2,0,0,0,0,0,0,0,0,0,,,1,27,46,27,18,1,3,0,0
WSN189706070,box,1897-06-07,0,WAS06,R,0,CL4,WSN,1,1,0,0,1,,42,7,14,19,1,2,0,,6,,3,0,2,1,0,0,0,1,0,0,11,1,1,1,1,0,0,1,0,0,27,33,31,0,0,6,8,0,1,0,0,1,0,5,0,1,0,0,0,0,0,0,0,0,0,,,1,27,41,27,14,0,0,0,0
BLN189706090,box,1897-06-09,0,BAL07,R,0,CL4,BLN,1,0,1,0,1,,36,6,9,13,2,1,0,,5,,4,0,2,2,0,0,0,1,0,0,7,1,1,0,0,0,1,0,1,0,24,43,38,11,10,14,16,2,0,0,0,2,0,0,0,1,2,0,0,1,0,0,0,0,0,,,1,24,38,24,9,5,0,0,1
BLN189706100,box,1897-06-10,0,BAL07,R,0,CL4,BLN,1,0,1,0,1,,32,2,9,12,1,1,0,,2,,1,0,6,2,0,0,0,0,0,0,4,1,1,1,0,0,0,0,1,0,24,29,27,4,3,5,6,1,0,0,0,1,0,1,0,1,0,0,0,0,0,0,0,0,0,,,1,24,39,24,14,1,1,0,1
BLN189706110,box,1897-06-11,0,BAL07,R,0,CL4,BLN,1,0,1,0,1,,36,4,10,12,0,1,0,,4,,1,0,3,0,0,1,0,1,0,0,7,1,1,1,0,0,0,0,1,0,24,37,36,5,4,13,16,3,0,0,0,1,0,2,0,0,0,0,0,0,0,0,0,0,0,,,1,24,39,24,14,1,0,0,0
PHI189706120,box,1897-06-12,0,PHI09,R,0,CL4,PHI,1,0,1,0,1,,31,0,5,6,1,0,0,,0,,1,0,5,1,0,0,0,0,0,0,5,1,1,1,0,0,0,0,1,0,24,37,35,5,2,10,18,3,1,1,0,1,0,4,0,0,1,0,0,0,0,0,0,0,0,,,1,24,44,24,16,4,0,0,0
PHI189706140,box,1897-06-14,0,PHI09,R,0,CL4,PHI,1,1,0,0,1,,40,10,15,18,3,0,0,,8,,8,0,3,0,0,0,0,3,0,0,11,1,1,1,0,0,0,1,0,0,27,35,33,4,4,7,10,3,0,0,0,2,0,3,0,0,0,0,0,0,0,0,0,0,0,,,1,27,33,27,5,1,0,0,0
PHI189706150,box,1897-06-15,0,PHI09,R,0,CL4,PHI,1,1,0,0,1,,24,4,5,7,0,1,0,,4,,2,0,3,0,2,1,0,0,0,0,7,1,1,1,0,0,0,1,0,0,16,26,23,3,3,6,9,0,0,1,0,3,0,0,0,0,0,0,0,0,0,0,0,0,0,,,1,16,25,15,8,2,0,0,0
NY1189706160,box,1897-06-16,0,NYC10,R,0,CL4,NY1,1,1,0,0,1,,40,7,11,16,0,1,1,,6,,1,0,4,0,0,1,0,1,0,0,8,1,1,1,0,0,0,1,0,0,27,34,31,2,0,6,8,2,0,0,0,2,0,1,0,1,0,0,0,0,0,0,0,0,0,,,1,27,50,27,20,3,0,0,0
NY1189706170,box,1897-06-17,0,NYC10,R,0,CL4,NY1,1,0,1,0,1,,37,0,11,11,0,0,0,,0,,1,0,5,0,0,1,0,0,0,0,12,1,1,1,0,0,0,0,1,0,24,33,31,5,3,8,13,1,2,0,0,0,0,2,0,1,1,0,0,2,0,0,0,0,0,,,1,24,36,24,10,2,0,0,0
NY1189706180,box,1897-06-18,0,NYC10,R,0,CL4,NY1,1,0,1,0,1,,28,0,3,5,0,1,0,,0,,7,0,8,1,1,0,0,0,0,0,9,1,1,0,0,0,1,0,1,0,24,35,28,5,3,7,10,3,0,0,0,4,0,3,0,0,3,0,0,0,0,0,0,0,0,,,1,24,35,24,10,1,0,0,0
NY1189706190,box,1897-06-19,0,NYC10,R,0,CL4,NY1,1,0,1,0,1,,30,4,7,9,2,0,0,,4,,5,0,2,0,0,1,0,1,1,0,5,1,1,0,0,0,1,0,1,0,24,44,38,8,7,16,20,1,0,1,0,5,0,0,0,0,1,0,0,1,0,0,0,0,0,,,1,24,37,24,12,1,0,0,1
CL4189706210,box,1897-06-21,0,CLE05,R,1,CL4,LS3,1,0,1,0,1,,37,5,12,15,3,0,0,,5,,6,0,5,0,0,2,0,3,0,0,13,1,1,1,0,0,0,0,1,0,27,39,37,6,5,13,18,1,2,0,0,1,0,0,0,0,1,0,0,0,0,0,0,0,0,,,1,27,39,27,10,2,0,0,0
CL4189706220,box,1897-06-22,0,CLE05,R,1,CL4,LS3,1,0,1,0,1,,36,6,11,13,2,0,0,,6,,9,0,1,0,2,0,0,1,1,0,14,1,1,1,0,0,0,0,1,0,27,48,40,14,12,18,23,3,1,0,0,6,0,3,1,1,1,0,0,0,0,0,0,0,0,,,1,27,45,27,15,3,1,0,0
CL4189706230,box,1897-06-23,0,CLE05,R,1,CL4,LS3,1,1,0,0,1,,42,18,19,19,0,0,0,,14,,8,0,2,0,1,1,0,7,0,0,10,1,1,1,0,0,0,1,0,0,24,32,25,1,1,3,3,0,0,0,0,6,0,0,1,1,0,0,0,0,0,0,0,0,0,,,1,24,33,24,9,0,1,0,0
CHN189706240,box,1897-06-24,0,CHI08,R,0,CL4,CHN,1,1,0,0,1,,35,5,10,11,1,0,0,,4,,4,0,2,0,0,0,0,1,1,0,7,1,1,1,0,0,0,1,0,0,27,35,35,2,2,9,13,2,1,0,0,0,0,2,0,0,0,0,0,0,0,0,0,0,0,,,1,27,40,27,13,0,0,0,0
CHN189706260,box,1897-06-26,0,CHI08,R,0,CL4,CHN,1,0,1,0,1,,35,3,10,11,1,0,0,,3,,5,0,4,0,1,0,0,0,0,0,11,1,1,1,0,0,0,0,1,0,24,34,31,9,5,7,14,1,0,2,0,3,0,0,3,0,0,0,0,0,0,0,0,0,0,,,1,24,46,24,16,6,3,0,0
CHN189706270,box,1897-06-27,0,CHI08,R,0,CL4,CHN,1,1,0,0,1,,35,5,8,9,1,0,0,,3,,3,0,,0,1,1,0,3,0,0,8,1,1,1,1,0,0,1,0,0,27,32,31,0,0,7,8,1,0,0,0,0,0,2,0,1,0,0,0,0,0,0,0,0,0,,,1,27,38,27,10,1,0,0,0
CL4189706280,box,1897-06-28,0,CLE05,R,1,CL4,PIT,1,1,0,0,1,,44,12,17,21,4,0,0,,12,,0,0,3,0,0,1,0,1,0,0,6,1,1,1,0,0,0,1,0,0,27,33,33,2,2,8,10,0,1,0,0,0,0,4,1,0,0,0,0,1,0,0,0,0,0,,,1,27,40,27,12,1,1,0,0
CL4189706290,box,1897-06-29,0,CLE05,R,1,CL4,PIT,1,0,1,0,1,,31,3,7,7,0,0,0,,1,,6,0,1,0,1,1,0,2,1,0,9,1,1,1,0,0,0,0,1,0,24,36,32,9,7,9,11,0,1,0,0,3,0,1,0,1,0,0,0,0,0,0,0,0,0,,,1,24,47,24,20,3,0,0,0
CL4189706300,box,1897-06-30,0,CLE05,R,1,CL4,PIT,1,1,0,0,1,,46,14,20,23,3,0,0,,11,,4,0,0,0,0,2,0,4,0,0,11,1,1,1,0,0,0,1,0,0,27,36,35,3,0,9,11,2,0,0,0,1,0,1,1,0,0,0,0,0,0,0,0,0,0,,,1,27,46,27,15,4,3,0,0
CL4189707010,box,1897-07-01,0,CLE05,R,1,CL4,SLN,1,1,0,0,1,,40,6,15,21,2,2,0,,5,,2,0,0,2,0,0,0,2,1,0,9,1,1,1,0,0,0,1,0,0,27,33,32,2,2,4,8,1,0,1,0,0,0,3,0,1,0,0,0,0,0,0,0,0,0,,,1,27,45,27,16,2,0,0,0
CL4189707020,box,1897-07-02,0,CLE05,R,1,CL4,SLN,1,1,0,0,1,,43,13,18,23,5,0,0,,12,,13,0,2,0,0,1,0,2,0,0,17,1,1,1,0,0,0,1,0,0,27,36,35,1,1,8,9,1,0,0,0,0,0,4,1,1,0,0,0,0,0,0,0,0,0,,,1,27,42,27,13,2,1,0,0
CL4189707030,box,1897-07-03,0,CLE05,R,1,CL4,SLN,1,1,0,0,1,,41,8,14,16,2,0,0,,6,,4,0,3,0,0,0,0,2,2,0,7,1,1,1,0,0,0,1,0,0,30,38,36,4,1,6,8,2,0,0,0,2,0,3,1,0,0,0,0,0,0,0,0,0,0,,,1,30,47,30,14,3,1,0,0
PIT189707051,box,1897-07-05,1,PIT05,R,0,CL4,PIT,1,1,0,0,1,,36,4,9,10,1,0,0,,4,,2,0,3,0,0,0,0,5,0,0,7,1,1,1,0,0,0,1,0,0,27,40,36,3,3,11,14,1,1,0,0,3,0,0,0,1,0,0,0,0,0,0,0,0,0,,,1,27,42,27,15,0,0,0,0
PIT189707052,box,1897-07-05,2,PIT05,R,0,CL4,PIT,1,0,1,0,1,,34,1,7,8,1,0,0,,1,,3,0,4,0,1,0,0,0,0,0,10,1,1,1,0,0,0,0,1,0,24,36,32,6,3,10,14,0,2,0,0,2,0,1,0,0,2,0,0,0,0,0,0,0,0,,,1,24,40,24,12,4,0,0,0
PIT189707060,box,1897-07-06,0,PIT05,R,0,CL4,PIT,1,0,1,0,1,,34,2,8,12,2,1,0,,2,,1,0,2,0,0,0,0,0,0,0,6,1,1,1,0,0,0,0,1,0,25,36,32,3,3,10,12,2,0,0,0,2,0,1,1,1,1,0,0,0,0,0,0,0,0,,,1,25,38,25,13,0,1,0,0
CL4189707080,box,1897-07-08,0,CLE05,R,1,CL4,WSN,1,1,0,0,1,,37,10,14,18,2,1,0,,9,,6,0,3,0,1,1,0,0,0,0,8,1,1,1,0,0,0,1,0,0,27,41,41,5,3,12,17,3,1,0,0,0,0,1,1,0,0,0,0,0,0,0,0,0,0,,,1,27,45,27,13,5,2,0,0
CL4189707100,box,1897-07-10,0,CLE05,R,1,CL4,WSN,1,1,0,0,1,,32,3,6,7,1,0,0,,1,,6,0,2,0,0,0,0,6,2,0,8,1,1,1,0,0,0,1,0,0,27,30,30,1,1,6,7,1,0,0,0,0,0,0,2,0,0,0,0,0,0,0,0,0,0,,,1,27,42,27,15,0,2,0,0
CL4189707110,box,1897-07-11,0,CLE05,R,1,CL4,WSN,1,1,0,0,1,,47,15,21,28,3,2,0,,13,,5,0,0,0,0,1,0,2,0,0,11,1,1,1,0,0,0,1,0,0,27,43,40,4,2,13,15,2,0,0,0,2,0,2,1,1,0,0,0,0,0,0,0,0,0,,,1,27,41,27,12,2,1,0,0
CL4189707120,box,1897-07-12,0,CLE05,R,1,CL4,BSN,1,0,1,0,1,,35,2,7,8,1,0,0,,2,,2,0,2,0,0,0,0,0,0,0,8,1,1,0,0,0,1,0,1,0,24,34,33,8,4,9,17,0,1,2,0,0,0,1,0,1,0,0,0,0,0,0,0,0,0,,,1,24,38,24,12,2,0,0,0
CL4189707130,box,1897-07-13,0,CLE05,R,1,CL4,BSN,1,1,0,0,1,,36,8,11,18,2,1,1,,5,,8,0,5,0,0,1,0,4,1,0,10,1,1,1,0,0,0,1,0,0,27,39,37,5,4,10,15,1,2,0,0,2,0,2,0,0,0,0,0,0,0,0,0,0,0,,,1,27,38,27,9,2,0,0,0
CL4189707140,box,1897-07-14,0,CLE05,R,1,CL4,BSN,1,1,0,0,1,,46,18,20,26,3,0,1,,18,,6,0,2,0,0,2,0,1,0,0,9,1,1,1,0,0,0,1,0,0,27,47,44,12,10,16,32,5,4,1,0,3,0,0,1,0,0,0,0,0,0,0,0,0,0,,,1,27,41,27,11,3,1,0,0
CL4189707150,box,1897-07-15,0,CLE05,R,1,CL4,BRO,1,1,0,0,1,,32,2,6,7,1,0,0,,2,,1,0,4,1,0,0,0,1,0,0,4,1,1,1,0,0,0,1,0,0,27,34,32,1,1,6,6,0,0,0,0,0,0,2,0,0,2,0,0,0,0,0,0,0,0,,,1,27,39,27,11,1,0,0,0
CL4189707170,box,1897-07-17,0,CLE05,R,1,CL4,BRO,1,1,0,0,1,,34,5,10,15,3,1,0,,5,,6,0,3,1,0,1,0,1,1,0,9,1,1,1,0,0,0,1,0,0,27,37,35,2,2,9,11,0,1,0,0,1,0,3,0,0,1,0,0,0,0,0,0,0,0,,,1,27,35,27,8,0,0,0,1
CL4189707180,box,1897-07-18,0,CLE05,R,1,CL4,BRO,1,1,0,0,1,,33,8,10,15,1,2,0,,8,,3,0,0,0,0,2,0,0,0,0,3,1,1,1,0,0,0,1,0,0,27,33,31,1,1,5,7,0,1,0,0,2,0,0,0,0,0,0,0,0,0,0,0,0,0,,,1,27,38,27,11,0,0,0,0
CL4189707190,box,1897-07-19,0,CLE05,R,1,CL4,BLN,1,0,1,0,1,,30,1,5,6,1,0,0,,1,,2,0,,2,0,0,0,1,0,0,4,1,1,0,0,0,1,0,1,0,24,36,32,7,7,11,12,1,0,0,0,1,0,1,0,2,1,0,0,1,0,0,0,0,0,,,1,24,38,24,13,1,1,0,0
CL4189707200,box,1897-07-20,0,CLE05,R,1,CL4,BLN,1,1,0,0,1,,38,7,12,20,3,1,1,,7,,4,0,0,0,0,3,0,2,0,0,11,1,1,1,0,0,0,1,0,0,27,36,33,2,1,6,9,1,1,0,0,3,0,4,1,0,0,0,0,0,0,0,0,0,0,,,1,27,38,27,9,2,1,0,0
CL4189707220,box,1897-07-22,0,CLE05,R,1,CL4,PHI,1,1,0,0,1,,36,6,11,18,3,2,0,,4,,5,0,3,0,0,1,0,3,0,0,9,1,1,1,0,0,0,1,0,0,27,38,34,4,4,9,11,2,0,0,0,4,0,1,0,0,0,0,0,0,0,0,0,0,0,,,1,27,37,27,9,1,2,0,0
CL4189707230,box,1897-07-23,0,CLE05,R,1,CL4,PHI,1,0,1,0,1,,37,4,9,13,4,0,0,,2,,4,0,0,0,0,0,0,1,1,0,10,1,1,1,0,0,0,0,1,0,24,36,34,6,4,10,15,1,2,0,0,1,0,,0,0,1,0,0,1,0,0,0,0,0,,,1,24,36,24,9,3,0,0,0
CL4189707240,box,1897-07-24,0,CLE05,R,1,CL4,PHI,1,0,1,0,1,,31,3,9,13,0,2,0,,3,,3,0,2,0,0,0,0,0,0,0,7,1,1,1,0,0,0,0,0,0,24,35,33,4,3,11,13,0,1,0,0,2,0,3,0,0,0,0,0,0,0,0,0,0,0,,,1,24,37,24,11,2,0,0,0
CL4189707250,box,1897-07-25,0,CLE05,R,1,CL4,BLN,1,0,1,0,1,,41,5,11,18,1,3,0,,4,,3,0,8,0,0,0,0,3,1,0,9,1,1,0,0,0,1,0,1,0,29,40,39,6,5,12,14,2,0,0,0,1,0,,1,0,0,0,0,0,0,0,0,0,0,,,1,29,43,29,12,2,1,0,0
CL4189707260,box,1897-07-26,0,CLE05,R,1,CL4,NY1,1,0,1,0,1,,40,5,9,14,3,1,0,,5,,4,0,7,0,0,1,0,1,2,0,7,1,1,1,0,0,0,0,1,0,31,51,44,6,3,12,14,0,1,0,0,6,0,2,1,0,1,0,0,0,0,0,0,0,0,,,1,31,54,31,19,4,2,0,0
CL4189707280,box,1897-07-28,0,CLE05,R,1,CL4,NY1,1,1,0,0,1,,38,14,16,24,3,1,1,,13,,5,0,0,0,0,0,0,1,0,0,5,1,1,1,0,0,0,1,0,0,27,46,44,8,8,16,25,5,2,0,0,2,0,2,0,0,0,0,0,0,0,0,0,0,0,,,1,27,41,27,12,2,0,0,0
CIN189707300,box,1897-07-30,0,CIN05,R,0,CL4,CIN,1,0,1,0,1,,31,2,6,10,2,1,0,,2,,4,0,2,0,0,1,0,0,0,0,7,1,1,0,0,0,1,0,1,0,24,40,35,8,4,10,13,1,1,0,0,5,0,2,0,0,0,0,0,0,0,0,0,0,0,,,1,24,42,24,13,5,0,0,0
CIN189707310,box,1897-07-31,0,CIN05,R,0,CL4,CIN,1,1,0,0,1,,39,6,12,16,4,0,0,,4,,0,0,,1,1,1,0,0,0,0,8,1,1,1,0,0,0,1,0,0,27,36,35,3,2,9,14,3,1,0,0,0,0,0,0,0,1,0,0,0,0,0,0,0,0,,,1,27,44,27,15,2,0,0,0
CIN189708010,box,1897-08-01,0,CIN05,R,0,CL4,CIN,1,0,1,0,1,,33,5,10,12,2,0,0,,4,,7,0,1,2,0,0,0,0,0,0,8,1,1,1,0,0,0,0,1,0,24,46,41,12,8,18,25,5,1,0,0,4,0,2,0,0,1,0,0,0,0,0,0,0,0,,,1,24,38,24,12,2,0,0,0
LS3189708020,box,1897-08-02,0,LOU03,R,0,CL4,LS3,1,0,1,0,1,,34,3,8,9,1,0,0,,3,,4,0,2,0,1,1,0,0,0,0,10,1,1,0,0,0,1,0,1,0,24,35,29,5,5,9,13,1,0,1,0,5,0,1,1,0,1,0,0,1,0,0,0,0,0,,,1,24,35,24,10,1,1,0,0
LS3189708030,box,1897-08-03,0,LOU03,R,0,CL4,LS3,1,1,0,0,1,,36,16,12,17,1,2,0,,13,,12,0,0,1,1,1,0,3,2,0,10,1,1,1,0,0,0,1,0,0,24,35,31,5,1,9,9,0,0,0,0,3,0,,0,0,1,0,0,1,0,0,0,0,0,,,1,24,41,24,13,4,0,0,1
LS3189708042,box,1897-08-04,2,LOU03,R,0,CL4,LS3,1,0,1,0,1,,36,4,9,16,4,0,1,,3,,3,0,,2,0,0,0,0,0,0,8,1,1,1,0,0,0,0,1,0,24,38,31,7,6,12,16,1,0,1,0,4,0,,0,1,2,0,0,0,0,0,0,0,0,,,1,24,40,24,14,2,0,0,1
CIN189708050,box,1897-08-05,0,CIN05,R,0,CL4,CIN,1,0,1,0,1,,36,4,9,10,1,0,0,,3,,4,0,1,1,0,2,0,0,0,0,11,1,1,1,0,0,0,0,1,0,24,34,31,5,2,9,10,1,0,0,0,1,0,,1,1,1,0,0,0,0,0,0,0,0,,,1,24,41,24,12,5,1,0,0
CHN189708060,box,1897-08-06,0,CHI08,R,0,CL4,CHN,1,0,1,0,1,,37,5,10,11,1,0,0,,4,,4,0,2,2,0,1,0,1,0,0,10,1,1,1,0,0,0,0,1,0,24,39,33,7,4,11,15,4,0,0,0,3,0,1,1,0,3,0,0,0,0,0,0,0,0,,,1,24,41,24,13,4,1,0,1
CHN189708070,box,1897-08-07,0,CHI08,R,0,CL4,CHN,1,0,1,0,1,,39,8,13,18,2,0,1,,7,,2,0,5,0,0,1,0,1,1,0,7,1,1,0,0,0,1,0,1,0,24,43,31,9,7,8,10,2,0,0,0,9,0,2,0,2,1,0,0,2,0,0,0,0,0,,,1,24,37,24,9,4,0,0,0
CHN189708080,box,1897-08-08,0,CHI08,R,0,CL4,CHN,1,0,1,0,1,,37,6,11,13,0,1,0,,6,,7,0,4,0,0,0,0,2,0,0,11,1,1,1,0,0,0,0,1,0,26,40,36,7,5,12,20,1,2,1,0,3,0,3,1,0,1,0,0,0,0,0,0,0,0,,,1,26,40,26,11,3,1,0,0
CL4189708100,box,1897-08-10,0,CLE05,R,1,CL4,PIT,1,1,0,0,1,,39,9,18,23,1,2,0,,6,,0,0,4,0,0,1,0,3,1,0,7,1,1,1,0,0,0,1,0,0,27,43,42,5,5,14,20,4,1,0,0,1,0,4,0,0,0,0,0,0,0,0,0,0,0,,,1,27,37,27,9,1,0,0,0
CL4189708110,box,1897-08-11,0,CLE05,R,1,CL4,PIT,1,1,0,0,1,,37,12,15,17,2,0,0,,12,,7,0,0,0,0,0,0,6,2,0,8,1,1,1,0,0,0,1,0,0,27,39,37,6,4,10,14,1,0,1,0,1,0,6,1,1,0,0,0,0,0,0,0,0,0,,,1,27,45,27,16,2,1,0,0
CL4189708120,box,1897-08-12,0,CLE05,R,1,CL4,PIT,1,1,0,0,1,,31,9,12,14,0,1,0,,9,,4,0,4,0,1,1,0,2,1,0,4,1,1,1,0,0,0,1,0,0,27,37,36,2,2,10,14,0,2,0,0,1,0,0,1,0,0,0,0,0,0,0,0,0,0,,,1,27,34,27,7,0,1,0,0
CL4189708130,box,1897-08-13,0,CLE05,R,1,CL4,SLN,1,1,0,0,1,,36,6,12,16,0,2,0,,6,,2,0,4,0,0,1,0,0,0,0,9,1,1,1,0,0,0,1,0,0,27,40,36,5,2,10,15,0,1,1,0,2,0,4,1,1,1,0,0,0,0,0,0,0,0,,,1,27,43,27,14,2,1,0,0
CL4189708140,box,1897-08-14,0,CLE05,R,1,CL4,SLN,1,0,1,0,1,,33,5,11,15,0,2,0,,5,,5,0,0,2,0,1,0,0,0,0,7,1,1,0,0,0,1,0,1,0,27,46,39,10,9,14,16,2,0,0,0,6,0,2,0,1,0,0,0,0,0,0,0,0,0,,,1,27,44,27,16,1,0,0,0
CL4189708150,box,1897-08-15,0,CLE05,R,1,CL4,SLN,1,1,0,0,1,,44,13,20,25,5,0,0,,9,,2,0,1,0,0,1,0,0,1,0,10,1,1,1,0,0,0,1,0,0,24,37,34,3,0,10,10,0,0,0,0,3,0,0,0,0,0,0,0,0,0,0,0,0,0,,,1,24,36,24,11,1,0,0,0
BLN189708190,box,1897-08-19,0,BAL07,R,0,CL4,BLN,1,1,0,0,1,,32,3,6,8,2,0,0,,3,,1,0,3,0,0,0,0,1,1,0,3,1,1,1,1,0,0,1,0,0,27,31,30,0,0,5,5,0,0,0,0,0,0,0,0,0,1,0,0,0,0,0,0,0,0,,,1,27,47,27,20,0,1,0,0
BLN189708200,box,1897-08-20,0,BAL07,R,0,CL4,BLN,1,1,0,0,1,,37,5,10,11,1,0,0,,5,,1,0,1,0,0,1,0,2,0,0,7,1,1,1,1,0,0,1,0,0,27,32,30,0,0,5,5,0,0,0,0,2,0,1,0,0,0,0,0,0,0,0,0,0,0,,,1,27,38,27,10,1,0,0,0
BLN189708210,box,1897-08-21,0,BAL07,R,0,CL4,BLN,1,0,1,0,1,,38,6,11,13,2,0,0,,0,,1,0,8,0,0,0,0,0,0,0,6,1,1,0,0,0,1,0,1,0,27,45,44,12,12,19,26,3,2,0,0,1,0,1,1,0,0,0,0,0,0,0,0,0,0,,,1,27,44,27,15,2,1,0,0
NY1189708230,box,1897-08-23,0,NYC10,R,0,CL4,NY1,1,0,1,0,1,,34,7,10,10,0,0,0,,5,,4,0,2,0,0,0,0,2,1,0,10,1,1,0,0,0,1,0,1,0,21,37,29,8,7,11,13,0,1,0,0,8,0,4,0,0,0,0,0,1,0,0,0,0,0,,,1,21,33,21,10,2,1,0,0
NY1189708250,box,1897-08-25,0,NYC10,R,0,CL4,NY1,1,0,1,0,1,,30,0,3,3,0,0,0,,0,,4,0,8,1,2,0,0,1,0,0,9,1,1,1,0,0,0,0,1,0,24,35,30,5,5,10,14,4,0,0,0,2,0,1,0,0,3,0,0,0,0,0,0,0,0,,,1,24,40,24,15,1,0,0,0
BSN189708260,box,1897-08-26,0,BOS05,R,0,CL4,BSN,1,1,0,0,1,,39,7,13,19,2,2,0,,5,,0,0,6,0,0,2,0,2,1,0,7,1,1,1,0,0,0,1,0,0,27,31,29,1,1,5,6,1,0,0,0,2,0,1,1,0,0,0,0,0,0,0,0,0,0,,,1,27,37,27,10,0,2,0,1
BSN189708270,box,1897-08-27,0,BOS05,R,0,CL4,BSN,1,1,0,0,1,,37,10,13,17,2,1,0,,8,,4,0,0,1,0,1,0,2,2,0,8,1,1,1,0,0,0,1,0,0,27,39,37,4,3,9,11,0,1,0,0,2,0,0,0,0,0,0,0,1,0,0,0,0,0,,,1,27,36,27,8,1,0,0,0
BSN189708280,box,1897-08-28,0,BOS05,R,0,CL4,BSN,1,0,1,0,1,,39,5,10,14,1,0,1,,4,,0,0,,0,0,0,0,0,1,0,7,1,1,1,0,0,0,0,1,0,27,42,40,11,5,12,15,3,0,0,0,1,0,0,0,0,1,0,0,0,0,0,0,0,0,,,1,27,46,27,14,5,0,0,1
BSN189708300,box,1897-08-30,0,BOS05,R,0,CL4,BSN,1,0,1,0,1,,36,2,8,8,0,0,0,,2,,1,0,4,0,0,0,0,0,0,0,8,1,1,1,0,0,0,0,1,0,24,38,35,6,5,12,14,2,0,0,0,2,0,1,0,0,1,0,0,0,0,0,0,0,0,,,1,24,37,24,11,2,0,0,0
BRO189708310,box,1897-08-31,0,NYC11,R,0,CL4,BRO,1,0,1,0,1,,35,4,9,13,1,0,1,,3,,2,0,1,0,1,0,0,0,0,0,7,1,1,1,0,0,0,0,1,0,24,43,38,9,7,12,17,3,1,0,0,4,0,0,0,0,1,0,0,0,0,0,0,0,0,,,1,24,38,24,8,6,0,0,0
BRO189709010,box,1897-09-01,0,NYC11,R,0,CL4,BRO,1,0,1,0,1,,28,1,2,3,1,0,0,,1,,4,0,1,0,0,0,0,0,0,0,4,1,1,1,0,0,0,0,1,0,24,38,35,5,5,15,23,4,2,0,0,0,0,1,0,2,1,0,0,0,0,0,0,0,0,,,1,24,36,24,11,1,0,0,0
BRO189709021,box,1897-09-02,1,NYC11,R,0,CL4,BRO,1,0,1,0,1,,35,2,6,8,2,0,0,,2,,0,0,4,0,0,0,0,0,0,0,6,1,1,1,0,0,0,0,1,0,25,38,33,3,2,7,10,3,0,0,0,2,0,2,0,1,2,0,0,0,0,0,0,0,0,,,1,25,43,25,15,3,1,0,0
BRO189709022,box,1897-09-02,2,NYC11,R,0,CL4,BRO,1,1,0,0,1,,38,6,10,14,2,1,0,,4,,3,0,0,0,0,0,0,1,2,0,8,1,1,1,0,0,0,1,0,0,27,36,31,2,2,8,10,2,0,0,0,4,0,2,1,1,0,0,0,0,0,0,0,0,0,,,1,27,38,27,11,0,2,0,0
PHI189709040,box,1897-09-04,0,PHI09,R,0,CL4,PHI,1,1,0,0,1,,36,7,10,20,3,2,1,,7,,3,0,0,0,0,0,0,1,0,0,5,1,1,1,0,0,0,1,0,0,27,37,32,5,5,7,13,3,0,1,0,5,0,2,0,0,0,0,0,0,0,0,0,0,0,,,1,27,40,27,13,0,1,0,0
PHI189709061,box,1897-09-06,1,PHI09,R,0,CL4,PHI,1,0,1,0,1,,37,5,9,10,1,0,0,,4,,0,0,3,0,0,0,0,2,0,0,5,1,1,1,0,0,0,0,1,0,26,40,36,6,5,11,15,2,1,0,0,2,0,6,0,0,2,0,0,1,0,0,0,0,0,,,1,26,39,26,11,2,0,0,1
PHI189709062,box,1897-09-06,2,PHI09,R,0,CL4,PHI,1,1,0,0,1,,26,8,9,13,2,1,0,,7,,0,0,1,0,1,2,0,0,0,0,3,1,1,1,0,0,0,1,0,0,18,28,24,2,2,8,11,1,1,0,0,4,0,3,0,0,0,0,0,0,0,0,0,0,0,,,1,18,26,18,7,1,1,0,0
NY1189709071,box,1897-09-07,1,NYC10,R,0,CL4,NY1,1,0,1,0,1,,35,1,9,12,1,1,0,,1,,3,0,6,2,1,0,0,0,0,0,11,1,1,0,0,0,1,0,1,0,24,35,33,6,6,8,18,1,0,3,0,2,0,1,0,0,0,0,0,1,0,0,0,0,0,,,1,24,31,24,6,1,0,0,0
NY1189709072,box,1897-09-07,2,NYC10,R,0,CL4,NY1,1,0,1,0,1,,27,1,10,10,0,0,0,,1,,2,0,7,0,0,1,0,2,1,0,8,1,1,1,0,0,0,0,1,0,18,24,22,4,4,7,13,1,1,1,0,2,0,0,1,0,0,0,0,0,0,0,0,0,0,,,1,18,27,18,9,0,1,0,0
WSN189709081,box,1897-09-08,1,WAS06,R,0,CL4,WSN,1,0,1,0,1,,39,7,10,12,0,1,0,,7,,2,0,,1,1,0,0,3,0,0,8,1,1,1,0,0,0,0,1,0,27,39,38,8,8,15,25,5,1,1,0,1,0,5,0,0,0,0,0,0,0,0,0,0,0,,,1,27,40,27,13,0,1,0,0
WSN189709090,box,1897-09-09,0,WAS06,R,0,CL4,WSN,1,0,1,0,1,,40,8,14,20,2,2,0,,8,,3,0,4,0,0,0,0,0,0,0,11,1,1,1,0,0,0,0,1,0,24,39,36,9,5,11,22,1,5,0,0,2,0,7,0,1,0,0,0,0,0,0,0,0,0,,,1,24,36,24,9,3,0,0,0
WSN189709100,box,1897-09-10,0,WAS06,R,0,CL4,WSN,1,0,1,0,1,,36,4,13,14,1,0,0,,4,,2,0,2,0,0,1,0,2,0,0,8,1,1,1,0,0,0,0,1,0,24,38,36,9,5,13,18,2,0,1,0,0,0,5,0,2,0,0,0,0,0,0,0,0,0,,,1,24,36,24,10,2,0,0,0
CL4189709120,box,1897-09-12,0,CLE05,R,1,CL4,SLN,1,1,0,0,1,,42,15,22,35,5,4,0,,14,,3,0,1,0,1,1,0,6,0,0,8,1,1,1,0,0,0,1,0,0,27,38,36,4,1,9,13,1,0,1,0,1,0,3,0,1,0,0,0,0,0,0,0,0,0,,,1,27,43,27,15,1,0,0,0
CL4189709130,box,1897-09-13,0,CLE05,R,1,CL4,SLN,1,1,0,0,1,,35,7,12,18,2,2,0,,5,,1,0,1,0,0,1,0,1,0,0,6,1,1,1,0,0,0,1,0,0,27,36,36,6,5,9,11,2,0,0,0,0,0,4,0,0,0,0,0,0,0,0,0,0,0,,,1,27,39,27,10,2,0,0,0
CL4189709140,box,1897-09-14,0,CLE05,R,1,CL4,SLN,1,1,0,0,1,,36,8,13,18,5,0,0,,8,,3,0,0,0,0,0,0,1,0,0,7,1,1,1,0,0,0,1,0,0,27,35,34,1,1,8,9,1,0,0,0,1,0,5,2,0,0,0,0,0,0,0,0,0,0,,,1,27,41,27,13,1,2,0,0
CL4189709170,box,1897-09-17,0,CLE05,R,1,CL4,CIN,1,1,0,0,1,,39,14,19,24,1,2,0,,13,,5,0,0,0,0,0,0,0,1,0,6,1,1,1,0,0,0,1,0,0,27,40,38,3,3,10,13,3,0,0,0,1,0,3,0,0,1,0,0,1,0,0,0,0,0,,,1,27,40,27,10,3,0,0,1
CL4189709181,box,1897-09-18,1,CLE05,R,1,CL4,CIN,1,1,0,0,1,,30,6,8,9,1,0,0,,5,,4,0,1,0,0,1,0,2,0,0,5,1,1,1,1,0,0,1,0,0,27,30,28,0,0,0,0,0,0,0,0,1,0,3,0,1,0,0,0,0,0,0,0,0,0,,,1,27,41,27,11,3,0,0,0
CL4189709182,box,1897-09-18,2,CLE05,R,1,CL4,CIN,1,1,0,0,1,,31,4,8,12,2,1,0,,4,,2,0,1,0,0,0,0,0,0,0,5,1,1,1,0,0,0,1,0,0,27,35,31,3,3,6,8,0,1,0,0,2,0,5,0,1,1,0,0,0,0,0,0,0,0,,,1,27,43,27,14,2,0,0,0
CL4189709210,box,1897-09-21,0,CLE05,R,1,CL4,CHN,1,1,0,0,1,,37,8,14,16,0,1,0,,6,,1,0,4,1,0,2,0,1,1,0,7,1,1,1,0,0,0,1,0,0,27,39,37,7,6,11,17,2,2,0,0,1,0,3,0,0,1,0,0,0,0,0,0,0,0,,,1,27,42,27,13,2,0,0,0
CL4189709220,box,1897-09-22,0,CLE05,R,1,CL4,CHN,1,1,0,0,1,,45,18,18,24,3,0,1,,11,,4,0,0,0,1,0,0,4,0,0,8,1,1,1,0,0,0,1,0,0,27,40,38,7,4,8,12,0,2,0,0,2,0,2,0,0,0,0,0,1,0,0,0,0,0,,,1,27,41,27,10,4,0,0,0
CL4189709230,box,1897-09-23,0,CLE05,R,1,CL4,CHN,1,1,0,0,1,,38,8,16,20,2,1,0,,7,,3,0,0,0,1,0,0,2,1,0,10,1,1,1,0,0,0,1,0,0,27,36,35,4,3,10,13,3,0,0,0,0,0,2,1,0,1,0,0,0,0,0,0,0,0,,,1,27,44,27,14,3,1,0,0
CL4189709251,box,1897-09-25,1,CLE05,R,1,CL4,LS3,1,1,0,0,1,,37,9,15,23,2,3,0,,8,,2,0,1,2,1,0,0,2,0,0,7,1,1,1,0,0,0,1,0,0,27,37,36,6,6,11,17,1,1,1,0,0,0,4,0,0,1,0,0,0,0,0,0,0,0,,,1,27,38,27,11,0,0,0,0
CL4189709252,box,1897-09-25,2,CLE05,R,1,CL4,LS3,1,1,0,0,1,,31,6,10,15,0,1,1,,6,,0,0,1,0,0,3,0,1,0,0,4,1,1,1,0,0,0,1,0,0,27,42,37,4,4,15,17,0,1,0,0,3,0,2,1,0,2,0,0,0,0,0,0,0,0,,,1,27,42,27,13,2,1,0,0
CL4189709260,box,1897-09-26,0,CLE05,R,1,CL4,LS3,1,1,0,0,1,,36,8,11,19,4,2,0,,5,,5,0,3,0,0,0,0,1,1,0,9,1,1,1,0,0,0,1,0,0,27,36,33,4,4,8,10,2,0,0,0,2,0,3,0,0,1,0,0,0,0,0,0,0,0,,,1,27,40,27,13,0,1,0,0
PIT189710011,box,1897-10-01,1,PIT05,R,0,CL4,PIT,1,0,1,0,1,,48,10,16,21,1,2,0,,9,,0,0,3,0,0,0,0,0,0,0,11,1,1,1,0,0,0,0,1,0,24,41,36,11,5,11,18,1,3,0,0,4,0,6,0,0,1,0,0,0,0,0,0,0,0,,,1,24,33,24,6,3,0,0,0
PIT189710012,box,1897-10-01,2,PIT05,R,0,CL4,PIT,1,0,1,0,1,,27,3,6,9,1,1,0,,3,,1,0,3,0,0,0,0,0,0,0,4,1,1,1,0,0,0,0,1,0,21,36,29,7,4,10,16,1,1,1,0,5,0,,0,1,1,0,0,0,0,0,0,0,0,,,1,21,30,21,6,3,1,0,0
PIT189710020,box,1897-10-02,0,PIT05,R,0,CL4,PIT,1,0,1,0,1,,32,4,7,10,1,1,0,,4,,2,0,3,1,0,1,0,0,0,0,4,1,1,1,0,0,0,0,1,0,24,39,35,7,6,12,15,1,1,0,0,3,0,4,0,0,1,0,0,0,0,0,0,0,0,,,1,24,30,23,6,1,0,0,0
LS3189704220,box,1897-04-22,0,LOU03,R,1,LS3,CL4,1,1,0,0,1,,32,3,8,8,0,0,0,,3,,2,0,,0,0,1,0,2,2,0,5,1,1,1,0,0,0,1,0,0,27,30,27,1,1,4,4,0,0,0,0,2,0,,1,0,1,0,0,1,0,0,0,0,0,,,1,27,45,27,18,0,1,0,0
LS3189704240,box,1897-04-24,0,LOU03,R,1,LS3,CL4,1,1,0,0,1,,33,9,9,15,1,1,1,,6,,3,0,,0,0,5,0,2,1,0,5,1,1,1,0,0,0,1,0,0,27,40,32,3,2,4,4,0,0,0,0,7,0,,0,0,1,0,0,0,0,0,0,0,0,,,1,27,36,27,7,2,0,0,0
LS3189704260,box,1897-04-26,0,LOU03,R,1,LS3,PIT,1,0,0,1,1,,41,3,8,13,0,1,1,,3,,2,0,6,1,0,4,0,2,1,0,6,1,1,1,0,0,0,0,0,0,36,52,44,3,3,9,15,1,1,1,0,7,0,,0,1,0,0,0,0,0,0,0,0,0,,,1,36,57,36,20,1,0,0,0
LS3189704270,box,1897-04-27,0,LOU03,R,1,LS3,PIT,1,1,0,0,1,,34,8,7,12,1,2,0,,5,,5,0,1,0,2,2,0,5,0,0,8,1,1,1,0,0,0,1,0,0,27,42,36,6,6,11,16,1,2,0,0,5,0,,1,0,1,0,0,0,0,0,0,0,0,,,1,27,42,27,14,1,1,0,0
LS3189704280,box,1897-04-28,0,LOU03,R,1,LS3,PIT,1,0,1,0,1,,26,1,4,5,1,0,0,,1,,5,0,,0,0,2,0,2,1,0,5,1,1,1,0,0,0,0,1,0,24,31,29,2,1,4,5,1,0,0,0,1,0,,0,1,0,0,0,0,0,0,0,0,0,,,1,24,36,24,10,2,0,0,0
LS3189704290,box,1897-04-29,0,LOU03,R,1,LS3,CHN,1,1,0,0,1,,34,5,7,10,1,1,0,,5,,5,0,7,0,0,0,0,2,1,0,7,1,1,1,0,0,0,1,0,0,27,32,29,4,4,5,9,1,0,1,0,2,0,1,1,0,1,0,0,0,0,0,0,0,0,,,1,27,42,27,13,2,2,0,0
LS3189704300,box,1897-04-30,0,LOU03,R,1,LS3,CHN,1,1,0,0,1,,33,3,11,15,0,2,0,,3,,1,0,6,2,1,0,0,2,0,0,5,1,1,1,0,0,0,1,0,0,27,38,34,2,0,7,10,1,1,0,0,4,0,1,0,0,0,0,0,0,0,0,0,0,0,,,1,27,45,27,16,2,0,0,0
LS3189705010,box,1897-05-01,0,LOU03,R,1,LS3,CHN,1,0,0,1,1,,35,5,8,9,1,0,0,,4,,2,0,1,1,0,1,0,1,0,0,6,1,1,0,0,0,1,0,0,0,27,40,34,5,1,7,7,0,0,0,0,5,0,4,1,0,1,0,0,0,0,0,0,0,0,,,1,27,46,27,15,4,2,0,0
PIT189705030,box,1897-05-03,0,PIT05,R,0,LS3,PIT,1,0,1,0,1,,33,4,8,11,1,1,0,,4,,1,0,8,1,0,0,0,0,0,0,3,1,1,1,0,0,0,0,1,0,24,37,32,7,2,10,15,2,0,1,0,5,0,,1,0,0,0,0,0,0,0,0,0,0,,,1,24,38,24,10,4,1,0,0
PIT189705051,box,1897-05-05,1,PIT05,R,0,LS3,PIT,1,1,0,0,1,,35,10,12,19,2,1,1,,8,,6,0,5,0,0,2,0,1,1,0,6,1,1,0,0,0,1,1,0,0,27,41,35,8,8,12,20,1,2,1,0,6,0,1,1,0,0,0,0,1,0,0,0,0,0,,,1,27,44,27,15,2,1,0,0
PIT189705052,box,1897-05-05,2,PIT05,R,0,LS3,PIT,1,0,1,0,1,,32,2,5,8,1,1,0,,2,,0,0,4,1,0,0,0,0,1,0,3,1,1,1,0,0,0,0,1,0,24,34,30,3,2,6,9,1,1,0,0,1,0,2,0,3,0,0,0,0,0,0,0,0,0,,,1,24,38,24,13,1,0,0,0
LS3189705070,box,1897-05-07,0,LOU03,R,1,LS3,SLN,1,1,0,0,1,,39,11,15,19,2,1,0,,10,,4,0,,0,2,1,0,3,0,0,8,1,1,1,0,0,0,1,0,0,27,38,33,7,4,9,13,1,0,1,0,4,0,,1,0,1,0,0,1,0,0,0,0,0,,,1,27,48,27,18,3,1,0,0
LS3189705080,box,1897-05-08,0,LOU03,R,1,LS3,SLN,1,0,1,0,1,,26,2,3,3,0,0,0,,2,,5,0,,0,2,1,0,0,3,0,5,1,1,1,0,0,0,0,1,0,24,38,36,4,4,12,13,1,0,0,0,1,0,,1,0,1,0,0,0,0,0,0,0,0,,,1,24,41,24,13,4,1,0,0
LS3189705090,box,1897-05-09,0,LOU03,R,1,LS3,SLN,1,1,0,0,1,,38,4,11,20,2,2,1,,4,,2,0,0,0,0,0,0,4,0,0,9,1,1,1,0,0,0,1,0,0,27,33,33,2,1,8,11,3,0,0,0,0,0,,0,0,0,0,0,0,0,0,0,0,0,,,1,27,46,27,18,1,1,0,0
LS3189705100,box,1897-05-10,0,LOU03,R,1,LS3,NY1,1,1,0,0,1,,37,9,9,13,0,2,0,,9,,6,0,,1,2,0,0,0,0,0,9,1,1,1,0,0,0,1,0,0,27,41,37,5,2,8,8,0,0,0,0,4,0,,0,0,0,0,0,0,0,0,0,0,0,,,1,27,44,27,10,7,0,0,1
LS3189705130,box,1897-05-13,0,LOU03,R,1,LS3,PHI,1,0,1,0,1,,45,2,12,13,1,0,0,,2,,0,0,,1,0,0,0,1,0,0,7,1,1,1,0,0,0,0,1,0,33,46,42,3,3,10,10,0,0,0,0,1,0,,0,1,2,0,0,0,0,0,0,0,0,,,1,33,50,33,13,4,0,0,1
LS3189705140,box,1897-05-14,0,LOU03,R,1,LS3,PHI,1,0,1,0,1,,28,1,5,7,0,1,0,,1,,7,0,1,0,0,1,0,0,0,0,8,1,1,1,0,0,0,0,1,0,24,40,33,7,6,11,12,1,0,0,0,5,0,0,1,1,1,0,0,1,0,0,0,0,0,,,1,24,43,24,17,2,1,0,0
CIN189705160,box,1897-05-16,0,CIN05,R,0,LS3,CIN,1,0,1,0,1,,37,6,9,11,0,1,0,,4,,2,0,,0,0,0,0,0,1,0,6,1,1,1,0,0,0,0,1,0,24,38,30,7,5,9,13,0,2,0,0,3,0,,0,2,3,0,0,0,0,0,0,0,0,,,1,24,42,24,16,2,0,0,1
LS3189705170,box,1897-05-17,0,LOU03,R,1,LS3,BLN,1,0,1,0,1,,33,0,6,6,0,0,0,,0,,2,0,,2,0,0,0,0,0,0,8,1,1,1,0,0,0,0,1,0,24,36,35,5,5,14,21,2,1,1,0,1,0,0,0,0,0,0,0,0,0,0,0,0,0,,,1,24,34,24,10,0,0,0,0
LS3189705180,box,1897-05-18,0,LOU03,R,1,LS3,BLN,1,0,1,0,1,,38,11,10,12,2,0,0,,8,,7,0,,1,0,1,0,1,0,0,8,1,1,0,0,0,1,0,1,0,24,49,38,14,4,13,15,0,1,0,0,9,0,,0,1,1,0,0,0,0,0,0,0,0,,,1,24,44,24,13,7,0,0,1
LS3189705190,box,1897-05-19,0,LOU03,R,1,LS3,BLN,1,0,1,0,1,,34,1,7,7,0,0,0,,1,,4,0,,0,0,0,0,0,0,0,10,1,1,1,0,0,0,0,1,0,24,29,28,3,2,6,10,0,2,0,0,1,0,,0,0,0,0,0,0,0,0,0,0,0,,,1,24,37,24,12,1,0,0,0
LS3189705200,box,1897-05-20,0,LOU03,R,1,LS3,BRO,1,1,0,0,1,,57,13,22,28,4,1,0,,9,,5,0,,1,0,4,0,1,1,0,14,1,1,0,0,0,1,1,0,0,39,59,51,12,5,14,20,1,1,1,0,4,0,,1,1,3,0,0,0,0,0,0,0,0,,,1,39,59,39,14,6,1,0,2
LS3189705210,box,1897-05-21,0,LOU03,R,1,LS3,BRO,1,0,1,0,1,,41,6,13,19,3,0,1,,6,,4,1,,0,0,0,0,2,1,0,12,1,1,1,0,0,0,0,1,0,24,41,38,8,6,13,20,2,1,1,0,1,0,,0,1,1,0,0,0,0,0,0,0,0,,,1,24,45,24,18,3,0,0,0
LS3189705220,box,1897-05-22,0,LOU03,R,1,LS3,BRO,1,1,0,0,1,,33,11,10,15,0,1,1,,10,,4,0,,1,1,2,0,6,1,0,2,1,1,1,0,0,0,1,0,0,27,39,35,5,5,8,12,2,1,0,0,4,0,,0,0,0,0,0,0,0,0,0,0,0,,,1,27,41,27,13,1,0,0,0
SLN189705230,box,1897-05-23,0,STL05,R,0,LS3,SLN,1,1,0,0,1,,38,14,15,20,2,0,1,,10,,7,0,,0,1,0,0,2,0,0,8,1,1,1,0,0,0,1,0,0,27,38,31,6,4,6,12,1,1,1,0,4,0,,1,0,3,0,0,0,0,0,0,0,0,,,1,27,45,27,14,4,2,0,0
LS3189705240,box,1897-05-24,0,LOU03,R,1,LS3,BSN,1,0,1,0,1,,34,3,7,8,1,0,0,,3,,1,0,,0,0,0,0,1,2,0,5,1,1,1,0,0,0,0,1,0,24,37,30,5,4,8,10,0,1,0,0,6,0,,1,0,1,0,0,0,0,0,0,0,0,,,1,24,41,24,14,3,2,0,0
LS3189705250,box,1897-05-25,0,LOU03,R,1,LS3,BSN,1,0,1,0,1,,29,1,4,4,0,0,0,,1,,3,0,,0,0,0,0,1,1,0,4,1,1,1,0,0,0,0,1,0,24,35,34,7,1,9,13,1,0,1,0,1,0,,0,0,0,0,0,0,0,0,0,0,0,,,1,24,38,24,7,7,0,0,0
LS3189705260,box,1897-05-26,0,LOU03,R,1,LS3,BSN,1,1,0,0,1,,34,5,11,15,1,0,1,,5,,4,0,,1,2,2,0,0,0,0,10,1,1,1,0,0,0,1,0,0,27,38,36,4,4,10,14,2,1,0,0,2,0,1,1,0,0,0,0,0,0,0,0,0,0,,,1,27,37,27,9,1,1,0,0
LS3189705270,box,1897-05-27,0,LOU03,R,1,LS3,WSN,1,1,0,0,1,,33,5,9,10,1,0,0,,4,,2,0,0,0,0,2,0,2,0,0,5,1,1,1,1,0,0,1,0,0,27,30,27,0,0,2,2,0,0,0,0,3,0,1,0,0,0,0,0,0,0,0,0,0,0,,,1,27,36,27,9,0,0,0,2
LS3189705290,box,1897-05-29,0,LOU03,R,1,LS3,WSN,1,0,1,0,1,,29,2,4,4,0,0,0,,1,,2,0,,0,1,1,0,1,1,0,4,1,1,1,0,0,0,0,1,0,24,34,33,5,2,6,8,0,1,0,0,1,0,,0,0,0,0,0,0,0,0,0,0,0,,,1,24,41,24,13,4,0,0,0
PHI189705311,box,1897-05-31,1,PHI09,R,0,LS3,PHI,1,1,0,0,1,,30,4,8,11,0,0,1,,4,,2,0,0,1,0,0,0,1,0,0,4,1,1,1,0,0,0,1,0,0,27,38,31,2,2,8,8,0,0,0,0,5,0,0,1,0,2,0,0,0,0,0,0,0,0,,,1,27,48,27,19,2,1,0,1
PHI189705312,box,1897-05-31,2,PHI09,R,0,LS3,PHI,1,0,1,0,1,,36,0,10,10,0,0,0,,0,,2,0,5,0,0,0,0,0,0,0,11,1,1,0,0,0,1,0,1,0,27,49,38,14,14,12,17,0,1,1,0,9,0,5,0,2,0,0,0,0,0,0,0,0,0,,,1,27,43,27,16,0,0,0,0
PHI189706010,box,1897-06-01,0,PHI09,R,0,LS3,PHI,1,0,1,0,1,,32,2,7,8,1,0,0,,1,,6,0,1,1,1,0,0,3,1,0,10,1,1,1,0,0,0,0,1,0,24,37,32,7,3,10,11,1,0,0,0,4,0,0,0,0,1,0,0,0,0,0,0,0,0,,,1,24,41,24,16,1,1,0,0
NY1189706020,box,1897-06-02,0,NYC10,R,0,LS3,NY1,1,1,0,0,1,,33,7,7,13,1,1,1,,6,,3,0,3,1,0,0,0,1,0,0,2,1,1,1,0,0,0,1,0,0,27,41,34,4,4,8,11,3,0,0,0,7,0,1,0,0,0,0,0,1,0,0,0,0,0,,,1,27,37,27,10,0,1,0,0
NY1189706031,box,1897-06-03,1,NYC10,R,0,LS3,NY1,1,0,1,0,1,,30,1,3,3,0,0,0,,1,,4,0,8,0,1,0,0,1,1,0,7,1,1,0,0,0,1,0,0,0,24,36,27,6,2,3,3,0,0,0,0,8,0,0,1,1,0,0,0,1,0,0,0,0,0,,,1,24,41,24,13,4,2,0,2
NY1189706032,box,1897-06-03,2,NYC10,R,0,LS3,NY1,1,0,1,0,1,,27,6,4,5,1,0,0,,6,,5,0,1,0,1,1,0,2,0,0,7,1,1,0,0,0,1,0,1,0,18,35,28,10,5,8,8,0,0,0,0,5,0,0,0,2,0,0,0,0,0,0,0,0,0,,,1,18,31,18,6,7,0,0,0
NY1189706040,box,1897-06-04,0,NYC10,R,0,LS3,NY1,1,0,1,0,1,,33,3,6,7,1,0,0,,2,,2,0,5,0,0,3,0,0,2,0,8,1,1,1,0,0,0,0,1,0,24,34,30,4,2,5,6,1,0,0,0,3,0,2,0,1,0,0,0,0,0,0,0,0,0,,,1,24,37,24,11,2,0,0,0
BRO189706050,box,1897-06-05,0,NYC11,R,0,LS3,BRO,1,0,1,0,1,,36,5,7,9,2,0,0,,3,,3,0,5,0,0,2,0,0,0,0,9,1,1,1,0,0,0,0,1,0,24,43,33,12,7,11,17,1,1,1,0,7,0,0,1,1,2,0,0,1,0,0,0,0,0,,,1,24,45,24,15,6,1,0,1
BRO189706070,box,1897-06-07,0,NYC11,R,0,LS3,BRO,1,1,0,0,1,,31,3,5,7,2,0,0,,3,,3,0,3,0,0,2,0,3,1,0,6,1,1,1,0,0,0,1,0,0,27,30,30,1,0,5,5,0,0,0,0,0,0,4,0,0,0,0,0,0,0,0,0,0,0,,,1,27,38,27,9,2,0,0,0
BSN189706111,box,1897-06-11,1,BOS05,R,0,LS3,BSN,1,0,1,0,1,,33,4,8,8,0,0,0,,4,,3,0,7,0,2,2,0,1,0,0,9,1,1,1,0,0,0,0,1,0,24,37,29,8,7,8,10,0,1,0,0,3,0,1,1,2,3,0,0,0,0,0,0,0,0,,,1,24,40,24,11,5,1,0,1
BSN189706112,box,1897-06-11,2,BOS05,R,0,LS3,BSN,1,0,1,0,1,,37,4,7,11,1,0,1,,4,,4,0,3,0,2,1,0,1,0,0,13,1,1,1,0,0,0,0,1,0,24,45,39,12,11,19,29,5,1,1,0,5,0,0,1,0,1,0,0,0,0,0,0,0,0,,,1,24,38,24,12,2,3,0,0
BLN189706120,box,1897-06-12,0,BAL07,R,0,LS3,BLN,1,0,1,0,1,,38,6,8,10,2,0,0,,5,,2,0,,0,0,0,0,4,0,0,7,1,1,0,0,0,1,0,1,0,24,44,41,15,7,17,20,3,0,0,0,2,0,0,0,0,1,0,0,0,0,0,0,0,0,,,1,24,40,24,11,5,0,0,1
BLN189706140,box,1897-06-14,0,BAL07,R,0,LS3,BLN,1,0,1,0,1,,38,7,9,13,2,1,0,,6,,3,0,2,0,0,1,0,0,1,0,8,1,1,1,0,0,0,0,1,0,24,39,34,9,8,11,14,3,0,0,0,4,0,1,0,1,0,0,0,0,0,0,0,0,0,,,1,24,44,23,17,4,0,0,1
BLN189706150,box,1897-06-15,0,BAL07,R,0,LS3,BLN,1,0,1,0,1,,37,5,10,16,2,2,0,,5,,1,0,4,0,0,0,0,1,0,0,6,1,1,1,0,0,0,0,1,0,24,39,32,7,3,9,10,1,0,0,0,6,0,1,1,1,0,0,0,0,0,0,0,0,0,,,1,24,47,24,20,3,1,0,1
WSN189706160,box,1897-06-16,0,WAS06,R,0,LS3,WSN,1,0,1,0,1,,32,2,6,8,0,1,0,,2,,2,0,,0,0,1,0,1,1,0,6,1,1,1,0,0,0,0,1,0,24,32,30,4,2,9,12,3,0,0,0,1,0,,0,1,0,0,0,0,0,0,0,0,0,,,1,24,36,24,10,2,1,0,0
WSN189706180,box,1897-06-18,0,WAS06,R,0,LS3,WSN,1,0,1,0,1,,29,3,5,6,1,0,0,,1,,5,0,5,0,1,0,0,2,1,0,5,1,1,1,0,0,0,0,1,0,24,34,31,8,7,10,12,0,1,0,0,3,0,1,0,0,0,0,0,1,0,0,0,0,0,,,1,24,41,24,16,1,0,0,0
WSN189706190,box,1897-06-19,0,WAS06,R,0,LS3,WSN,1,0,1,0,1,,37,7,12,19,3,2,0,,6,,2,0,3,1,0,0,0,1,0,0,5,1,1,0,0,0,1,0,1,0,24,46,39,13,11,16,22,4,1,0,0,5,0,0,0,1,1,0,0,0,0,0,0,0,0,,,1,24,42,24,15,3,1,0,0
CL4189706210,box,1897-06-21,0,CLE05,R,0,LS3,CL4,1,1,0,0,1,,37,6,13,18,1,2,0,,5,,1,0,0,0,0,1,0,4,0,0,6,1,1,1,0,0,0,1,0,0,27,45,37,5,5,12,15,3,0,0,0,6,0,5,0,0,2,0,0,0,0,0,0,0,0,,,1,27,38,27,10,1,0,0,0
CL4189706220,box,1897-06-22,0,CLE05,R,0,LS3,CL4,1,1,0,0,1,,40,14,18,23,3,1,0,,12,,6,0,3,1,1,1,0,3,4,0,7,1,1,1,0,0,0,1,0,0,27,47,36,6,6,11,13,2,0,0,0,9,0,1,0,2,0,0,0,0,0,0,0,0,0,,,1,27,40,27,13,0,1,0,0
CL4189706230,box,1897-06-23,0,CLE05,R,0,LS3,CL4,1,0,1,0,1,,25,1,3,3,0,0,0,,1,,6,0,0,1,1,0,0,0,0,0,7,1,1,1,0,0,0,0,1,0,24,52,42,18,7,19,19,0,0,0,0,8,0,2,0,1,1,0,0,2,0,0,0,0,0,,,1,24,39,24,12,3,0,0,0
CIN189706260,box,1897-06-26,0,CIN05,R,0,LS3,CIN,1,0,1,0,1,,33,1,6,7,1,0,0,,1,,3,0,,0,0,0,0,0,0,0,8,1,1,1,0,0,0,0,1,0,24,40,35,7,5,12,17,1,2,0,0,2,0,,0,1,2,0,0,0,0,0,0,0,0,,,1,24,46,24,19,3,0,0,0
CIN189706270,box,1897-06-27,0,CIN05,R,0,LS3,CIN,1,0,1,0,1,,32,2,8,9,1,0,0,,2,,1,0,,1,0,0,0,0,2,0,4,1,1,1,0,0,0,0,1,0,24,33,27,4,2,4,6,2,0,0,0,2,0,0,0,1,3,0,0,0,0,0,0,0,0,,,1,24,44,24,17,3,0,0,0
CHN189706280,box,1897-06-28,0,CHI08,R,0,LS3,CHN,1,1,0,0,1,,29,7,8,11,0,0,1,,3,,5,0,5,0,0,5,0,2,0,0,5,1,1,1,0,0,0,1,0,0,27,40,31,2,2,7,7,0,0,0,0,7,0,1,2,2,0,0,0,0,0,0,0,0,0,,,1,27,42,27,14,1,2,0,0
CHN189706290,box,1897-06-29,0,CHI08,R,0,LS3,CHN,1,0,1,0,1,,40,7,14,19,5,0,0,,7,,2,0,,0,0,1,0,0,1,0,9,1,1,0,0,0,1,0,1,0,27,70,57,36,23,30,47,7,2,2,0,10,0,0,0,2,1,0,0,0,0,0,0,0,0,,,1,27,59,26,23,10,0,0,0
CHN189706300,box,1897-06-30,0,CHI08,R,0,LS3,CHN,1,1,0,0,1,,35,8,10,14,0,2,0,,6,,4,0,5,1,4,1,0,1,0,0,9,1,1,1,0,0,0,1,0,0,27,47,41,7,2,13,15,2,0,0,0,5,0,1,0,0,1,0,0,0,0,0,0,0,0,,,1,27,46,27,16,3,0,0,1
LS3189707010,box,1897-07-01,0,LOU03,R,1,LS3,CIN,1,0,1,0,1,,35,4,12,12,0,0,0,,4,,0,0,,0,1,2,0,0,3,0,7,1,1,1,0,0,0,0,1,0,27,52,50,14,5,20,21,1,0,0,0,1,0,0,0,1,0,0,0,0,0,0,0,0,0,,,1,27,48,27,15,6,0,0,0
LS3189707020,box,1897-07-02,0,LOU03,R,1,LS3,CIN,1,1,0,0,1,,37,4,13,13,0,0,0,,3,,6,0,,1,1,1,0,1,1,0,14,1,1,1,0,0,0,1,0,0,27,35,30,1,1,4,7,1,1,0,0,5,0,,0,0,0,0,0,0,0,0,0,0,0,,,1,27,45,27,17,1,0,0,0
LS3189707030,box,1897-07-03,0,LOU03,R,1,LS3,CIN,1,0,1,0,1,,31,0,7,8,1,0,0,,0,,1,0,,1,0,2,0,0,1,0,7,1,1,1,0,0,0,0,1,0,24,41,32,12,6,11,16,5,0,0,0,6,0,,0,0,3,0,0,0,0,0,0,0,0,,,1,24,45,24,16,5,0,0,0
LS3189707040,box,1897-07-04,0,LOU03,R,1,LS3,SLN,1,1,0,0,1,,35,6,12,16,1,0,1,,4,,3,0,1,1,1,3,0,5,0,0,9,1,1,1,0,0,0,1,0,0,27,33,31,3,3,8,10,0,1,0,0,2,0,,1,0,0,0,0,0,0,0,0,0,0,,,1,27,38,27,11,0,1,0,0
LS3189707050,box,1897-07-05,0,LOU03,R,1,LS3,SLN,1,1,0,0,1,,36,7,13,14,1,0,0,,6,,7,0,4,1,0,1,0,5,0,0,10,1,1,1,0,0,0,1,0,0,27,43,39,6,4,11,14,1,1,0,0,1,0,1,0,3,0,0,0,0,0,0,0,0,0,,,1,27,44,27,13,4,0,0,0
LS3189707080,box,1897-07-08,0,LOU03,R,1,LS3,BLN,1,1,0,0,1,,33,7,11,17,1,1,1,,5,,3,0,,1,1,1,0,6,2,0,4,1,1,1,0,0,0,1,0,0,27,39,38,3,3,12,14,0,1,0,0,1,0,0,0,0,0,0,0,0,0,0,0,0,0,,,1,27,36,27,9,0,0,0,0
LS3189707090,box,1897-07-09,0,LOU03,R,1,LS3,BLN,1,0,1,0,1,,33,4,6,8,0,1,0,,4,,4,0,0,0,0,0,0,1,1,0,6,1,1,1,0,0,0,0,1,0,24,43,35,9,3,10,14,1,0,1,0,6,0,,0,2,0,0,0,1,0,0,0,0,0,,,1,24,43,24,13,6,0,0,1
CIN189707110,box,1897-07-11,0,CIN05,R,0,LS3,CIN,1,0,1,0,1,,41,4,13,16,1,1,0,,4,,0,0,,1,1,0,0,0,0,0,11,1,1,1,0,0,0,0,1,0,24,41,40,9,6,16,17,1,0,0,0,0,0,0,3,0,1,0,0,0,0,0,0,0,0,,,1,24,47,24,16,7,3,0,0
LS3189707120,box,1897-07-12,0,LOU03,R,1,LS3,PHI,1,1,0,0,1,,40,10,16,27,0,1,3,,9,,2,0,,0,0,2,0,2,0,0,7,1,1,1,0,0,0,1,0,0,27,46,41,7,7,14,20,1,1,1,0,5,1,2,0,0,0,0,0,0,0,0,0,0,0,,,1,27,38,27,10,1,0,0,0
LS3189707131,box,1897-07-13,1,LOU03,R,1,LS3,PHI,1,0,1,0,1,,30,3,5,8,0,0,1,,3,,4,0,,1,0,1,0,1,0,0,5,1,1,1,0,0,0,0,1,0,24,34,30,4,2,7,8,1,0,0,0,3,0,,1,0,1,0,0,1,0,0,0,0,0,,,1,24,45,24,14,7,1,0,0
LS3189707132,box,1897-07-13,2,LOU03,R,1,LS3,PHI,1,0,1,0,1,,38,7,11,14,1,1,0,,7,,1,0,,0,1,0,0,0,0,0,6,1,1,0,0,0,1,0,1,0,24,45,43,9,6,15,20,0,1,1,0,1,0,,0,0,1,0,0,0,0,0,0,0,0,,,1,24,41,24,11,6,0,0,0
LS3189707140,box,1897-07-14,0,LOU03,R,1,LS3,PHI,1,0,1,0,1,,36,5,8,11,3,0,0,,4,,4,1,,0,1,1,0,2,0,0,10,1,1,1,0,0,0,0,1,0,27,42,41,10,5,16,25,3,0,2,0,1,0,,0,0,0,0,0,0,0,0,0,0,0,,,1,27,49,27,16,6,0,0,0
LS3189707150,box,1897-07-15,0,LOU03,R,1,LS3,NY1,1,0,1,0,1,,32,0,5,5,0,0,0,,0,,2,0,5,0,0,0,0,1,1,0,7,1,1,1,0,0,0,0,1,0,27,42,42,10,5,12,14,2,0,0,0,0,0,1,0,0,0,0,0,0,0,0,0,0,0,,,1,27,51,27,17,7,0,0,0
LS3189707161,box,1897-07-16,1,LOU03,R,1,LS3,NY1,1,1,0,0,1,,34,9,10,14,1,0,1,,8,,1,0,4,0,0,0,0,0,0,0,2,1,1,1,0,0,0,1,0,0,27,41,35,4,3,10,10,0,0,0,0,6,0,3,0,0,0,0,0,0,0,0,0,0,0,,,1,27,46,27,18,1,0,0,0
LS3189707162,box,1897-07-16,2,LOU03,R,1,LS3,NY1,1,1,0,0,1,,33,8,11,14,3,0,0,,7,,7,0,3,1,3,0,0,1,1,0,9,1,1,1,0,0,0,1,0,0,27,41,39,7,5,13,16,0,0,1,0,1,0,,0,1,0,0,0,0,0,0,0,0,0,,,1,27,40,27,10,3,1,0,0
LS3189707171,box,1897-07-17,1,LOU03,R,1,LS3,NY1,1,0,1,0,1,,30,3,9,13,1,0,1,,3,,3,0,3,2,0,2,0,0,0,0,5,1,1,1,0,0,0,0,1,0,27,41,37,4,3,9,13,2,1,0,0,4,0,3,0,0,0,0,0,0,0,0,0,0,0,,,1,27,42,27,14,1,0,0,1
LS3189707172,box,1897-07-17,2,LOU03,R,1,LS3,NY1,1,1,0,0,1,,39,12,15,24,4,1,1,,11,,3,0,0,1,1,0,0,1,0,0,7,1,1,1,0,0,0,1,0,0,27,42,35,6,2,7,8,1,0,0,0,2,0,1,2,4,1,0,0,1,0,0,0,0,0,,,1,27,51,27,19,5,2,0,0
LS3189707180,box,1897-07-18,0,LOU03,R,1,LS3,SLN,1,1,0,0,1,,32,10,11,17,1,1,1,,10,,2,0,0,0,1,3,0,1,0,0,4,1,1,1,0,0,0,1,0,0,27,44,41,7,5,13,16,1,1,0,0,3,0,1,0,0,0,0,0,0,0,0,0,0,0,,,1,27,39,27,10,2,0,0,0
LS3189707190,box,1897-07-19,0,LOU03,R,1,LS3,WSN,1,1,0,0,1,,30,6,8,9,1,0,0,,5,,4,0,,0,0,1,0,6,0,0,5,1,1,1,0,0,0,1,0,0,27,32,29,2,1,6,6,0,0,0,0,3,0,0,3,0,0,0,0,2,0,0,0,0,0,,,1,27,47,27,20,0,3,0,1
LS3189707200,box,1897-07-20,0,LOU03,R,1,LS3,WSN,1,0,1,0,1,,38,4,11,14,3,0,0,,4,,2,0,2,0,1,1,0,0,1,0,11,1,1,1,0,0,0,0,1,0,27,38,32,6,4,8,9,1,0,0,0,6,0,3,1,0,0,0,0,0,0,0,0,0,0,,,1,27,42,27,13,2,1,0,0
LS3189707211,box,1897-07-21,1,LOU03,R,1,LS3,WSN,1,1,0,0,1,,30,5,11,14,1,1,0,,5,,1,0,0,0,1,4,0,2,0,0,7,1,1,1,0,0,0,1,0,0,27,37,36,3,3,8,8,0,0,0,0,1,0,,0,0,0,0,0,0,0,0,0,0,0,,,1,27,47,27,16,4,0,0,1
LS3189707212,box,1897-07-21,2,LOU03,R,1,LS3,WSN,1,1,0,0,1,,34,9,13,24,3,1,2,,8,,3,0,,1,0,2,0,4,0,0,6,1,1,0,0,0,1,1,0,0,27,35,33,4,3,7,7,0,0,0,0,1,0,,2,1,0,0,0,0,0,0,0,0,0,,,1,27,47,27,17,3,2,0,0
LS3189707220,box,1897-07-22,0,LOU03,R,1,LS3,BSN,1,0,1,0,1,,33,2,8,10,2,0,0,,2,,2,0,2,0,0,1,0,0,0,0,7,1,1,0,0,0,1,0,1,0,27,51,46,17,8,20,24,2,1,0,0,3,0,2,1,1,1,0,0,0,0,0,0,0,0,,,1,27,45,26,15,4,2,0,0
LS3189707230,box,1897-07-23,0,LOU03,R,1,LS3,BSN,1,1,0,0,1,,29,5,6,6,0,0,0,,4,,6,0,0,0,1,2,0,8,1,0,9,1,1,1,0,0,0,1,0,0,27,40,34,4,4,8,12,2,1,0,0,6,0,,0,0,0,0,0,0,0,0,0,0,0,,,1,27,38,27,10,1,0,0,0
LS3189707240,box,1897-07-24,0,LOU03,R,1,LS3,BSN,1,0,1,0,1,,34,2,8,10,2,0,0,,2,,3,0,2,0,0,1,0,0,0,0,9,1,1,1,0,0,0,0,1,0,27,39,31,5,0,7,8,1,0,0,0,4,0,,0,2,2,0,0,0,0,0,0,0,0,,,1,27,46,27,16,3,1,0,0
CHN189707250,box,1897-07-25,0,CHI08,R,0,LS3,CHN,1,0,1,0,1,,24,0,7,7,0,0,0,,0,,1,0,3,2,0,0,0,0,1,0,4,1,1,1,0,0,0,0,1,0,18,25,24,1,0,6,6,0,0,0,0,0,0,0,0,0,1,0,0,0,0,0,0,0,0,,,1,18,33,18,12,3,0,0,0
LS3189707260,box,1897-07-26,0,LOU03,R,1,LS3,BRO,1,1,0,0,1,,31,4,7,8,1,0,0,,4,,2,0,2,0,0,1,0,1,0,0,6,1,1,1,0,0,0,1,0,0,27,33,29,1,1,4,7,0,0,1,0,3,0,0,0,0,1,0,0,0,0,0,0,0,0,,,1,27,39,27,11,1,0,0,0
LS3189707270,box,1897-07-27,0,LOU03,R,1,LS3,BRO,1,0,1,0,1,,31,2,4,4,0,0,0,,1,,2,0,,0,0,0,0,0,0,0,4,1,1,0,0,0,1,0,1,0,27,50,42,14,10,16,21,2,0,1,0,6,0,2,1,1,1,0,0,0,0,0,0,0,0,,,1,27,46,27,14,5,2,0,2
LS3189707280,box,1897-07-28,0,LOU03,R,1,LS3,BRO,1,0,1,0,1,,34,2,9,11,0,1,0,,2,,2,0,,1,1,0,0,0,0,0,8,1,1,1,0,0,0,0,1,0,27,48,41,12,0,13,14,1,0,0,0,3,0,2,1,2,2,0,0,1,0,0,0,0,0,,,1,27,45,27,12,6,1,0,1
SLN189707300,box,1897-07-30,0,STL05,R,0,LS3,SLN,1,0,1,0,1,,37,6,12,17,3,1,0,,4,,1,0,,0,2,0,0,4,0,0,7,1,1,0,0,0,1,0,1,0,26,40,39,7,6,14,17,1,1,0,0,1,0,,0,0,0,0,0,0,0,0,0,0,0,,,1,26,42,26,13,3,0,0,0
SLN189707311,box,1897-07-31,1,STL05,R,0,LS3,SLN,1,1,0,0,1,,37,11,9,13,2,1,0,,8,,2,0,,0,6,1,0,2,0,0,8,1,1,1,0,0,0,1,0,0,27,48,38,6,6,11,18,1,0,2,0,8,0,,0,2,0,0,0,0,0,0,0,0,0,,,1,27,38,27,9,2,0,0,1
SLN189707312,box,1897-07-31,2,STL05,R,0,LS3,SLN,1,0,1,0,1,,31,5,9,15,3,0,1,,5,,2,0,,0,0,1,0,2,0,0,5,1,1,1,0,0,0,0,1,0,24,44,41,7,4,15,22,5,1,0,0,3,0,,0,0,0,0,0,0,0,0,0,0,0,,,1,24,36,24,8,4,0,0,0
SLN189708011,box,1897-08-01,1,STL05,R,0,LS3,SLN,1,1,0,0,1,,27,5,6,8,2,0,0,,5,,7,0,,1,0,1,0,1,0,0,3,1,1,1,0,0,0,1,0,0,27,36,31,1,1,8,9,1,0,0,0,2,0,0,1,2,1,0,0,0,0,0,0,0,0,,,1,27,48,27,20,1,2,0,0
SLN189708012,box,1897-08-01,2,STL05,R,0,LS3,SLN,1,1,0,0,1,,37,5,9,10,1,0,0,,4,,1,0,0,0,1,0,0,4,0,0,7,1,1,1,0,0,0,0,0,0,24,33,30,4,4,8,13,2,0,1,0,0,0,0,0,2,1,0,0,0,0,0,0,0,0,,,1,24,31,24,7,0,0,0,0
LS3189708020,box,1897-08-02,0,LOU03,R,1,LS3,CL4,1,1,0,0,1,,29,5,9,13,1,0,1,,4,,5,0,1,1,0,1,0,2,1,0,6,1,1,1,0,0,0,1,0,0,27,40,34,3,3,8,9,1,0,0,0,4,0,2,0,1,1,0,0,0,0,0,0,0,0,,,1,27,42,27,13,2,0,0,0
LS3189708030,box,1897-08-03,0,LOU03,R,1,LS3,CL4,1,0,1,0,1,,31,5,9,9,0,0,0,,4,,3,0,,0,0,1,0,1,3,0,6,1,1,0,0,0,1,0,1,0,24,50,36,16,12,12,17,1,2,0,0,12,0,0,1,1,1,0,0,3,0,0,0,0,0,,,1,24,41,24,12,5,1,0,1
LS3189708042,box,1897-08-04,2,LOU03,R,1,LS3,CL4,1,1,0,0,1,,31,7,12,16,1,0,1,,6,,4,0,,0,1,2,0,1,0,0,7,1,1,1,0,0,0,1,0,0,27,39,36,4,1,9,16,4,0,1,0,3,0,,2,0,0,0,0,0,0,0,0,0,0,,,1,27,40,27,10,3,2,0,0
CIN189708070,box,1897-08-07,0,CIN05,R,0,LS3,CIN,1,0,1,0,1,,31,0,3,3,0,0,0,,0,,1,0,,0,0,0,0,0,1,0,5,1,1,1,0,0,0,0,1,0,24,39,33,5,5,12,12,0,0,0,0,4,0,,0,1,1,0,0,0,0,0,0,0,0,,,1,24,36,24,11,1,0,0,0
CIN189708080,box,1897-08-08,0,CIN05,R,0,LS3,CIN,1,1,0,0,1,,40,8,14,22,2,3,0,,7,,2,0,,1,1,0,0,0,0,0,8,1,1,1,0,0,0,1,0,0,27,40,34,2,2,7,7,0,0,0,0,4,0,,0,1,1,0,0,0,0,0,0,0,0,,,1,27,44,27,15,2,0,0,0
LS3189708090,box,1897-08-09,0,LOU03,R,1,LS3,CHN,1,0,1,0,1,,31,2,3,3,0,0,0,,2,,2,0,1,1,0,1,0,0,0,0,5,1,1,1,0,0,0,0,1,0,27,36,32,3,2,7,7,0,0,0,0,2,0,3,1,1,1,0,0,0,0,0,0,0,0,,,1,27,45,27,15,3,1,0,0
LS3189708100,box,1897-08-10,0,LOU03,R,1,LS3,CHN,1,0,1,0,1,,39,6,11,18,0,2,1,,5,,4,0,,0,1,0,0,1,0,0,11,1,1,0,0,0,1,0,1,0,27,46,37,16,7,13,19,1,1,1,0,5,0,,1,2,2,0,0,1,0,0,0,0,0,,,1,27,47,27,13,7,1,0,0
LS3189708110,box,1897-08-11,0,LOU03,R,1,LS3,CHN,1,1,0,0,1,,31,5,10,13,0,0,1,,3,,4,0,,0,0,2,0,0,1,0,8,1,1,1,0,0,0,1,0,0,27,38,34,4,4,15,17,2,0,0,0,1,0,0,2,0,3,0,0,0,0,0,0,0,0,,,1,27,42,27,14,1,3,0,0
LS3189708120,box,1897-08-12,0,LOU03,R,1,LS3,CHN,1,1,0,0,1,,35,6,10,16,4,1,0,,4,,5,1,,0,1,1,0,0,0,0,10,1,1,1,0,0,0,1,0,0,27,42,39,5,4,14,17,0,0,1,0,2,0,,1,0,1,0,0,0,0,0,0,0,0,,,1,27,43,27,13,3,1,0,0
PIT189708140,box,1897-08-14,0,PIT05,R,0,LS3,PIT,1,0,1,0,1,,37,3,9,11,0,1,0,,2,,3,0,0,0,0,1,0,3,0,0,11,1,1,1,0,0,0,0,1,0,24,35,34,6,3,13,15,0,1,0,0,0,0,0,0,0,1,0,0,0,0,0,0,0,0,,,1,24,44,24,17,3,2,0,1
PIT189708160,box,1897-08-16,0,PIT05,R,0,LS3,PIT,1,0,1,0,1,,35,2,12,15,1,1,0,,2,,1,0,5,1,0,2,0,1,0,0,9,1,1,1,0,0,0,0,1,0,24,33,31,3,3,9,12,1,1,0,0,1,0,2,2,0,1,0,0,0,0,0,0,0,0,,,1,24,37,24,12,1,2,0,0
NY1189708190,box,1897-08-19,0,NYC10,R,0,LS3,NY1,1,0,1,0,1,,30,0,4,4,0,0,0,,0,,0,0,,0,0,0,0,1,0,0,3,1,1,1,0,0,0,0,1,0,24,31,31,1,0,8,9,1,0,0,0,0,0,1,0,0,0,0,0,0,0,0,0,0,0,,,1,24,36,24,10,2,1,0,0
NY1189708200,box,1897-08-20,0,NYC10,R,0,LS3,NY1,1,1,0,0,1,,42,9,15,21,1,1,1,,7,,4,0,5,0,0,0,0,1,3,0,10,1,1,1,0,0,0,1,0,0,27,46,37,3,3,8,8,0,0,0,0,8,0,7,0,1,0,0,0,0,0,0,0,0,0,,,1,27,39,27,10,2,0,0,1
NY1189708210,box,1897-08-21,0,NYC10,R,0,LS3,NY1,1,0,1,0,1,,33,1,5,5,0,0,0,,1,,1,0,7,0,0,0,0,2,0,0,6,1,1,1,0,0,0,0,1,0,24,35,32,7,7,11,15,2,1,0,0,2,0,1,0,0,1,0,0,1,0,0,0,0,0,,,1,24,37,24,12,1,1,0,0
BSN189708231,box,1897-08-23,1,BOS05,R,0,LS3,BSN,1,0,1,0,1,,30,1,3,4,1,0,0,,1,,3,0,1,1,0,0,0,0,0,0,5,1,1,1,0,0,0,0,1,0,24,37,33,4,0,6,6,0,0,0,0,3,0,2,0,1,0,0,0,0,0,0,0,0,0,,,1,24,46,24,16,6,0,0,0
BSN189708232,box,1897-08-23,2,BOS05,R,0,LS3,BSN,1,0,1,0,1,,35,3,8,12,4,0,0,,3,,3,0,1,1,0,0,0,1,0,0,8,1,1,1,0,0,0,0,1,0,24,45,40,9,9,18,28,2,1,2,0,3,0,1,1,0,2,0,0,0,0,0,0,0,0,,,1,24,36,24,10,2,1,0,0
BSN189708251,box,1897-08-25,1,BOS05,R,0,LS3,BSN,1,0,1,0,1,,38,7,12,14,2,0,0,,6,,4,0,3,1,1,0,0,0,0,0,9,1,1,1,0,0,0,0,1,0,24,47,34,17,14,14,17,3,0,0,0,8,0,0,0,2,3,0,0,1,0,0,0,0,0,,,1,24,44,24,17,3,2,0,0
BSN189708252,box,1897-08-25,2,BOS05,R,0,LS3,BSN,1,1,0,0,1,,39,11,13,20,5,1,0,,11,,3,0,3,0,1,0,0,0,0,0,5,1,1,1,1,0,0,1,0,0,27,36,33,0,0,7,7,0,0,0,0,3,0,2,0,0,0,0,0,0,0,0,0,0,0,,,1,27,36,27,9,0,0,0,1
BRO189708260,box,1897-08-26,0,NYC11,R,0,LS3,BRO,1,1,0,0,1,,45,16,19,31,4,1,2,,15,,3,0,3,0,1,1,0,4,1,0,7,1,1,1,0,0,0,1,0,0,27,44,41,8,7,13,17,2,1,0,0,3,0,5,0,0,0,0,0,2,0,0,0,0,0,,,1,27,45,27,14,4,0,0,1
BRO189708270,box,1897-08-27,0,NYC11,R,0,LS3,BRO,1,0,1,0,1,,34,4,8,11,0,0,1,,3,,1,0,1,0,0,1,0,1,2,0,5,1,1,1,0,0,0,0,1,0,24,37,35,9,5,14,21,5,1,0,0,0,0,1,0,0,2,0,0,0,0,0,0,0,0,,,1,24,49,24,18,7,1,0,0
BRO189708281,box,1897-08-28,1,NYC11,R,0,LS3,BRO,1,1,0,0,1,,39,11,13,20,2,1,1,,8,,5,0,3,0,0,1,0,6,1,0,7,1,1,1,0,0,0,1,0,0,27,38,35,5,1,6,8,2,0,0,0,2,0,0,0,1,0,0,0,1,0,0,0,0,0,,,1,27,46,27,14,5,0,0,1
BRO189708282,box,1897-08-28,2,NYC11,R,0,LS3,BRO,1,1,0,0,1,,37,6,10,14,2,1,0,,4,,1,0,5,0,0,0,0,4,1,0,5,1,1,1,0,0,0,1,0,0,27,41,37,5,5,11,15,2,1,0,0,2,0,3,0,1,1,0,0,0,0,0,0,0,0,,,1,27,42,27,12,3,0,0,0
PHI189708310,box,1897-08-31,0,PHI09,R,0,LS3,PHI,1,0,1,0,1,,32,4,6,6,0,0,0,,4,,1,0,7,0,1,0,0,3,1,0,3,1,1,1,0,0,0,0,1,0,25,35,33,5,3,8,10,0,1,0,0,1,0,5,0,0,1,0,0,0,0,0,0,0,0,,,1,25,39,25,11,3,0,0,0
PHI189709010,box,1897-09-01,0,PHI09,R,0,LS3,PHI,1,0,1,0,1,,38,6,11,12,1,0,0,,5,,2,0,4,0,0,0,0,2,1,0,7,1,1,1,0,0,0,0,1,0,24,38,32,7,2,7,11,2,1,0,0,4,0,4,0,1,1,0,0,1,0,0,0,0,0,,,1,24,45,24,14,7,0,0,0
PHI189709020,box,1897-09-02,0,PHI09,R,0,LS3,PHI,1,1,0,0,1,,36,6,11,14,3,0,0,,6,,0,0,2,0,1,1,0,0,1,0,5,1,1,1,0,0,0,1,0,0,27,38,31,4,2,5,9,2,1,0,0,4,0,1,0,1,2,0,0,0,0,0,0,0,0,,,1,27,40,27,10,3,0,0,1
WSN189709040,box,1897-09-04,0,WAS06,R,0,LS3,WSN,1,0,0,1,1,,38,7,9,11,2,0,0,,5,,4,0,3,0,1,1,0,3,1,0,7,1,1,1,0,0,0,0,0,0,30,47,41,7,5,15,24,4,1,1,0,5,0,4,1,1,0,0,0,0,0,0,0,0,0,,,1,30,49,30,16,3,2,0,1
WSN189709061,box,1897-09-06,1,WAS06,R,0,LS3,WSN,1,0,1,0,1,,33,5,8,14,1,1,1,,2,,2,0,9,0,3,1,0,0,0,0,7,1,1,1,0,0,0,0,1,0,27,41,38,7,3,14,20,2,2,0,0,0,0,4,1,2,1,0,0,1,0,0,0,0,0,,,1,27,43,27,13,3,1,0,2
WSN189709062,box,1897-09-06,2,WAS06,R,0,LS3,WSN,1,0,1,0,1,,27,3,9,14,3,1,0,,3,,1,0,0,0,1,1,0,0,0,0,6,1,1,1,0,0,0,0,1,0,18,32,25,7,5,12,20,3,1,1,0,2,0,6,0,4,1,0,0,0,0,0,0,0,0,,,1,18,28,18,9,1,1,0,2
WSN189709070,box,1897-09-07,0,WAS06,R,0,LS3,WSN,1,0,1,0,1,,30,1,7,11,2,1,0,,1,,3,0,9,1,1,1,0,1,2,0,7,1,1,1,0,0,0,0,1,0,24,34,33,7,4,10,15,0,1,1,0,1,0,3,0,0,0,0,0,0,0,0,0,0,0,,,1,24,33,24,8,1,0,0,0
BLN189709080,box,1897-09-08,0,BAL07,R,0,LS3,BLN,1,0,1,0,1,,31,1,5,5,0,0,0,,1,,0,0,3,0,0,0,0,1,0,0,3,1,1,1,0,0,0,0,1,0,24,38,32,5,4,11,14,1,1,0,0,4,0,2,1,1,1,0,0,0,0,0,0,0,0,,,1,24,36,24,11,1,1,0,1
BLN189709090,box,1897-09-09,0,BAL07,R,0,LS3,BLN,1,0,1,0,1,,32,2,8,8,0,0,0,,1,,0,0,3,1,1,1,0,0,0,0,5,1,1,1,0,0,0,0,1,0,24,33,31,3,1,8,8,0,0,0,0,2,0,2,0,0,0,0,0,1,0,0,0,0,0,,,1,24,36,24,10,2,1,0,0
BLN189709100,box,1897-09-10,0,BAL07,R,0,LS3,BLN,1,0,1,0,1,,29,5,8,13,1,2,0,,4,,3,0,3,0,2,0,0,0,1,0,8,1,1,1,0,0,0,0,1,0,20,38,28,6,5,10,11,1,0,0,0,6,0,0,0,2,2,0,0,0,0,0,0,0,0,,,1,20,31,20,8,3,0,0,0
PIT189709110,box,1897-09-11,0,PIT05,R,0,LS3,PIT,1,0,1,0,1,,35,5,7,9,2,0,0,,3,,4,0,5,0,1,1,0,1,0,0,6,1,1,1,0,0,0,0,1,0,28,42,38,6,5,11,15,0,2,0,0,3,1,2,0,0,1,0,0,0,0,0,0,0,0,,,1,28,48,28,18,2,0,0,1
LS3189709130,box,1897-09-13,0,LOU03,R,1,LS3,PIT,1,1,0,0,1,,33,7,7,13,1,1,1,,7,,1,0,,0,0,0,0,0,0,0,3,1,1,1,0,0,0,1,0,0,27,37,33,2,1,4,8,1,0,1,0,3,0,,0,1,0,0,0,0,0,0,0,0,0,,,1,27,46,27,14,5,0,0,0
LS3189709141,box,1897-09-14,1,LOU03,R,1,LS3,PIT,1,0,1,0,1,,40,8,12,18,3,0,1,,6,,0,0,,0,1,1,0,3,0,0,7,1,1,0,0,0,1,0,1,0,27,47,41,10,8,16,21,2,0,1,0,4,0,,0,0,2,0,0,0,0,0,0,0,0,,,1,27,45,27,15,3,0,0,1
LS3189709142,box,1897-09-14,2,LOU03,R,1,LS3,PIT,1,0,0,1,1,,17,2,3,4,1,0,0,,2,,1,0,,0,0,0,0,2,2,0,1,1,1,1,0,0,0,0,0,0,15,18,18,2,1,3,4,1,0,0,0,0,0,,0,0,0,0,0,0,0,0,0,0,0,,,1,15,26,15,9,2,0,0,0
LS3189709151,box,1897-09-15,1,LOU03,R,1,LS3,PIT,1,1,0,0,1,,33,4,8,9,1,0,0,,3,,0,0,1,0,1,1,0,2,0,0,7,1,1,1,0,0,0,1,0,0,27,36,35,2,1,6,7,1,0,0,0,0,0,1,1,1,0,0,0,0,0,0,0,0,0,,,1,27,51,27,19,5,1,0,0
LS3189709152,box,1897-09-15,2,LOU03,R,1,LS3,PIT,1,0,1,0,1,,31,2,6,11,1,2,0,,2,,0,0,,0,2,0,0,0,0,0,7,1,1,0,0,0,1,0,1,0,24,42,35,8,7,13,17,1,0,1,0,6,0,0,1,0,1,0,0,0,0,0,0,0,0,,,1,24,39,24,12,3,2,0,0
CHN189709180,box,1897-09-18,0,CHI08,R,0,LS3,CHN,1,0,1,0,1,,32,2,6,12,2,2,0,,2,,3,0,2,1,0,0,0,0,1,0,6,1,1,1,0,0,0,0,1,0,24,34,31,4,2,8,13,3,1,0,0,3,0,2,1,0,0,0,0,1,0,0,0,0,0,,,1,24,39,24,12,3,1,0,3
CHN189709190,box,1897-09-19,0,CHI08,R,0,LS3,CHN,1,0,1,0,1,,34,2,6,6,0,0,0,,2,,3,0,4,0,0,0,0,0,1,0,8,1,1,1,0,0,0,0,1,0,24,36,29,5,0,7,9,2,0,0,0,4,0,1,1,0,3,0,0,1,0,0,0,0,0,,,1,24,47,24,17,6,1,0,1
CL4189709251,box,1897-09-25,1,CLE05,R,0,LS3,CL4,1,0,1,0,1,,36,6,11,17,1,1,1,,6,,0,0,4,0,0,1,0,0,1,0,4,1,1,1,0,0,0,0,1,0,24,40,37,9,8,15,23,2,3,0,0,2,0,1,2,1,0,0,0,0,0,0,0,0,0,,,1,24,38,24,13,1,2,0,0
CL4189709252,box,1897-09-25,2,CLE05,R,0,LS3,CL4,1,0,1,0,1,,37,4,15,17,0,1,0,,4,,3,0,2,1,0,2,0,4,0,0,11,1,1,1,0,0,0,0,1,0,24,34,31,6,5,10,15,0,1,1,0,0,0,1,0,0,3,0,0,0,0,0,0,0,0,,,1,24,34,24,9,1,0,0,0
CL4189709260,box,1897-09-26,0,CLE05,R,0,LS3,CL4,1,0,1,0,1,,33,4,8,10,2,0,0,,4,,2,0,3,0,0,1,0,1,0,0,5,1,1,1,0,0,0,0,1,0,24,41,36,8,4,11,19,4,2,0,0,5,0,3,0,0,0,0,0,1,0,0,0,0,0,,,1,24,42,24,14,4,0,0,1
LS3189710010,box,1897-10-01,0,LOU03,R,1,LS3,CIN,1,1,0,0,1,,27,5,5,9,1,0,1,,3,,1,0,,0,1,1,0,1,0,0,1,1,1,1,0,0,0,1,0,0,27,38,37,3,2,11,11,0,0,0,0,0,0,,0,1,0,0,0,0,0,0,0,0,0,,,1,27,43,27,14,2,0,0,0
LS3189710020,box,1897-10-02,0,LOU03,R,1,LS3,CIN,1,0,1,0,1,,37,8,12,18,1,1,1,,8,,3,0,0,2,1,1,0,2,0,0,7,1,1,0,0,0,1,0,1,0,27,47,38,9,9,12,18,3,0,1,0,8,0,,0,1,0,0,0,1,0,0,0,0,0,,,1,27,41,27,12,2,1,0,1
LS3189710030,box,1897-10-03,0,LOU03,R,1,LS3,CIN,1,0,1,0,1,,40,7,13,16,1,1,0,,5,,0,0,1,0,0,0,0,3,0,0,6,1,1,1,0,0,0,0,1,0,27,44,38,9,8,13,23,3,2,1,0,4,0,,0,1,1,0,0,0,0,0,0,0,0,,,1,27,49,27,19,3,1,0,0
PHI189704220,box,1897-04-22,0,PHI09,R,0,NY1,PHI,1,0,1,0,1,,33,1,5,7,0,1,0,,1,,3,0,,0,0,0,0,0,0,0,8,1,1,1,0,0,0,0,1,0,27,39,31,5,0,8,12,2,1,0,0,7,0,8,1,0,1,0,0,1,0,0,0,0,0,,,1,27,47,27,16,4,1,0,2
PHI189704230,box,1897-04-23,0,PHI09,R,0,NY1,PHI,1,0,1,0,1,,37,7,12,16,1,0,1,,7,,2,0,2,0,0,0,0,1,2,0,5,1,1,1,0,0,0,0,1,0,27,43,31,12,8,9,12,1,1,0,0,7,1,0,0,2,3,0,0,0,0,0,0,0,0,,,1,27,47,27,17,3,1,0,1
PHI189704240,box,1897-04-24,0,PHI09,R,0,NY1,PHI,1,0,1,0,1,,39,4,9,13,2,1,0,,2,,1,0,0,0,0,0,0,0,1,0,9,1,1,1,0,0,0,0,1,0,27,47,42,12,9,17,26,3,3,0,0,3,0,0,0,1,1,0,0,0,0,0,0,0,0,,,1,27,48,27,18,3,0,0,0
NY1189704260,box,1897-04-26,0,NYC10,R,1,NY1,WSN,1,0,0,1,1,,35,3,9,10,1,0,0,,3,,2,0,0,0,2,0,0,2,0,0,9,1,1,1,0,0,0,0,0,0,27,40,32,3,2,8,11,3,0,0,0,5,0,,0,0,3,0,0,0,0,0,0,0,0,,,1,27,49,27,17,5,2,0,1
NY1189704270,box,1897-04-27,0,NYC10,R,1,NY1,WSN,1,1,0,0,1,,36,8,14,16,2,0,0,,5,,4,0,,1,0,0,0,5,1,0,8,1,1,1,0,0,0,1,0,0,27,38,35,3,1,7,8,1,0,0,0,2,0,,0,1,0,0,0,0,0,0,0,0,0,,,1,27,41,27,9,5,0,0,0
NY1189704280,box,1897-04-28,0,NYC10,R,1,NY1,WSN,1,1,0,0,1,,42,11,16,22,2,2,0,,9,,4,0,0,0,0,0,0,8,0,0,11,1,1,1,0,0,0,1,0,0,27,34,28,3,2,4,6,0,1,0,0,5,0,,0,0,1,0,0,0,0,0,0,0,0,,,1,27,41,27,11,3,0,0,0
BLN189704290,box,1897-04-29,0,BAL07,R,0,NY1,BLN,1,0,1,0,1,,36,3,9,9,0,0,0,,3,,2,0,2,0,1,0,0,1,0,0,9,1,1,1,0,0,0,0,1,0,24,37,27,6,4,6,12,2,2,0,0,7,0,2,0,2,1,0,0,0,0,0,0,0,0,,,1,24,41,24,14,3,0,0,1
BLN189704300,box,1897-04-30,0,BAL07,R,0,NY1,BLN,1,0,1,0,1,,35,3,9,13,1,0,1,,3,,2,0,1,0,0,0,0,0,0,0,7,1,1,1,0,0,0,0,1,0,24,31,31,5,4,9,11,0,1,0,0,0,0,1,0,0,0,0,0,1,0,0,0,0,0,,,1,24,36,24,9,3,0,0,0
WSN189705040,box,1897-05-04,0,WAS06,R,0,NY1,WSN,1,1,0,0,1,,31,6,10,14,1,0,1,,6,,2,0,0,0,1,1,0,1,1,0,5,1,1,1,0,0,0,1,0,0,27,34,31,1,1,6,7,1,0,0,0,2,0,4,1,1,0,0,0,1,0,0,0,0,0,,,1,27,43,27,15,1,3,0,0
NY1189705060,box,1897-05-06,0,NYC10,R,1,NY1,BRO,1,0,0,1,1,,44,9,13,18,0,1,1,,9,,3,0,1,0,1,1,0,9,0,0,10,1,1,0,0,0,1,0,0,0,30,47,39,9,6,10,11,1,0,0,0,7,0,4,0,0,1,0,0,0,0,0,0,0,0,,,1,30,51,30,16,5,1,0,0
BRO189705070,box,1897-05-07,0,NYC11,R,0,NY1,BRO,1,1,0,0,1,,38,7,11,17,3,0,1,,7,,4,0,3,0,0,3,0,2,0,0,11,1,1,1,0,0,0,1,0,0,27,37,34,5,1,6,7,1,0,0,0,2,0,1,1,1,0,0,0,2,0,0,0,0,0,,,1,27,45,27,12,6,1,0,1
NY1189705080,box,1897-05-08,0,NYC10,R,1,NY1,BRO,1,1,0,0,1,,38,9,17,21,2,1,0,,8,,2,0,2,0,1,0,0,6,3,0,8,1,1,1,0,0,0,1,0,0,27,38,34,5,5,9,9,0,0,0,0,3,0,5,1,0,1,0,0,0,0,0,0,0,0,,,1,27,44,27,15,2,1,0,0
LS3189705100,box,1897-05-10,0,LOU03,R,0,NY1,LS3,1,0,1,0,1,,37,5,8,8,0,0,0,,3,,4,0,,0,0,0,0,2,1,0,9,1,1,1,0,0,0,0,1,0,27,45,37,9,6,9,13,0,2,0,0,6,0,,1,2,0,0,0,1,0,0,0,0,0,,,1,27,45,27,15,3,1,0,0
CIN189705130,box,1897-05-13,0,CIN05,R,0,NY1,CIN,1,0,1,0,1,,32,3,5,7,2,0,0,,3,,9,0,2,0,1,0,0,0,1,0,12,1,1,1,0,0,0,0,1,0,24,37,30,7,6,7,10,1,1,0,0,5,0,0,1,1,1,0,0,1,0,0,0,0,0,,,1,24,41,24,13,4,1,0,0
CIN189705140,box,1897-05-14,0,CIN05,R,0,NY1,CIN,1,0,1,0,1,,43,5,10,15,1,2,0,,5,,4,0,,0,0,0,0,0,1,0,9,1,1,0,0,0,1,0,1,0,31,45,33,6,6,10,14,4,0,0,0,7,0,0,1,2,3,0,0,1,0,0,0,0,0,,,1,31,48,31,17,0,4,0,0
CIN189705150,box,1897-05-15,0,CIN05,R,0,NY1,CIN,1,0,1,0,1,,39,7,14,14,0,0,0,,7,,4,0,1,0,0,1,0,0,0,0,10,1,1,1,0,0,0,0,1,0,27,43,34,9,7,10,10,0,0,0,0,8,0,,0,1,0,0,0,0,0,0,0,0,0,,,1,27,47,27,16,4,0,1,0
PIT189705170,box,1897-05-17,0,PIT05,R,0,NY1,PIT,1,0,1,0,1,,30,2,2,2,0,0,0,,2,,4,0,3,0,0,0,0,0,0,0,5,1,1,1,0,0,0,0,1,0,24,30,29,3,1,6,8,0,1,0,0,0,0,3,0,1,0,0,0,0,0,0,0,0,0,,,1,24,41,23,13,5,0,0,0
PIT189705180,box,1897-05-18,0,PIT05,R,0,NY1,PIT,1,1,0,0,1,,42,11,16,30,0,4,2,,11,,2,0,7,0,1,0,0,5,2,0,7,1,1,1,0,0,0,1,0,0,27,41,36,5,3,9,11,2,0,0,0,4,0,,1,1,0,0,0,1,0,0,0,0,0,,,1,27,51,27,20,4,2,0,0
PIT189705190,box,1897-05-19,0,PIT05,R,0,NY1,PIT,1,0,1,0,1,,36,5,9,12,1,1,0,,5,,1,0,1,0,0,1,0,1,0,0,6,1,1,0,0,0,1,0,1,0,24,37,32,11,10,9,16,1,0,2,0,2,0,0,0,1,2,0,0,1,0,0,0,0,0,,,1,24,41,24,12,5,0,0,0
CL4189705221,box,1897-05-22,1,CLE05,R,0,NY1,CL4,1,0,1,0,1,,40,3,13,14,1,0,0,,3,,1,0,1,0,0,2,0,0,2,0,10,1,1,1,0,0,0,0,1,0,29,37,31,4,3,9,12,1,1,0,0,2,0,4,1,0,4,0,0,0,0,0,0,0,0,,,1,29,44,29,14,1,1,0,0
CL4189705222,box,1897-05-22,2,CLE05,R,0,NY1,CL4,1,1,0,0,1,,44,11,15,19,4,0,0,,8,,5,0,5,1,0,0,0,3,0,0,11,1,1,1,0,0,0,1,0,0,27,38,36,2,1,8,9,1,0,0,0,1,0,,1,1,0,0,0,1,0,0,0,0,0,,,1,27,40,27,12,1,1,0,0
CHN189705240,box,1897-05-24,0,CHI08,R,0,NY1,CHN,1,1,0,0,1,,34,4,7,8,1,0,0,,3,,2,0,2,0,1,1,0,1,0,0,7,1,1,0,0,0,1,1,0,0,27,37,31,1,1,5,5,0,0,0,0,4,0,2,0,1,1,0,0,0,0,0,0,0,0,,,1,27,38,27,10,1,0,0,0
CHN189705250,box,1897-05-25,0,CHI08,R,0,NY1,CHN,1,1,0,0,1,,33,8,4,9,0,1,1,,4,,7,0,1,1,1,0,0,6,0,0,6,1,1,1,1,0,0,1,0,0,27,30,30,0,0,6,6,0,0,0,0,0,0,3,1,0,0,0,0,0,0,0,0,0,0,,,1,27,44,27,17,0,1,0,0
CHN189705260,box,1897-05-26,0,CHI08,R,0,NY1,CHN,1,0,1,0,1,,35,2,8,11,1,1,0,,1,,2,0,3,0,0,0,0,0,0,0,8,1,1,1,0,0,0,0,1,0,27,43,35,6,3,8,10,2,0,0,0,7,0,2,0,0,1,0,0,0,0,0,0,0,0,,,1,27,47,27,12,8,0,0,0
NY1189705280,box,1897-05-28,0,NYC10,R,1,NY1,SLN,1,1,0,0,1,,39,8,11,15,4,0,0,,8,,0,0,3,0,0,2,0,0,0,0,9,1,1,1,0,0,0,1,0,0,27,31,30,2,1,5,6,1,0,0,0,1,0,3,0,0,0,0,0,0,0,0,0,0,0,,,1,27,40,27,12,1,0,0,1
NY1189705291,box,1897-05-29,1,NYC10,R,1,NY1,SLN,1,1,0,0,1,,31,7,8,11,1,1,0,,6,,2,0,1,0,0,4,0,0,0,0,6,1,1,1,0,0,0,1,0,0,27,42,37,6,2,13,14,1,0,0,0,2,0,0,0,1,2,0,0,2,0,0,0,0,0,,,1,27,42,27,12,3,0,0,0
NY1189705292,box,1897-05-29,2,NYC10,R,1,NY1,SLN,1,1,0,0,1,,34,8,11,18,3,2,0,,7,,3,0,1,0,1,1,0,1,1,0,7,1,1,1,0,0,0,1,0,0,27,34,32,5,2,7,9,0,1,0,0,1,0,6,2,1,0,0,0,1,0,0,0,0,0,,,1,27,45,27,12,6,2,1,0
NY1189705310,box,1897-05-31,0,NYC10,R,1,NY1,PIT,1,1,0,0,1,,37,10,14,16,2,0,0,,6,,2,0,,1,2,0,0,1,0,0,7,1,1,1,0,0,0,1,0,0,27,41,39,2,2,13,14,1,0,0,0,2,0,6,1,0,0,0,0,0,0,0,0,0,0,,,1,27,39,27,9,3,2,0,1
NY1189706010,box,1897-06-01,0,NYC10,R,1,NY1,PIT,1,0,1,0,1,,22,4,6,7,1,0,0,,3,,3,0,4,0,0,0,0,1,1,0,6,1,1,1,0,0,0,0,0,0,18,30,21,7,0,3,3,0,0,0,0,4,0,3,0,2,3,0,0,0,0,0,0,0,0,,,1,18,37,18,14,5,0,0,1
NY1189706020,box,1897-06-02,0,NYC10,R,1,NY1,LS3,1,0,1,0,1,,34,4,8,11,3,0,0,,4,,7,0,1,0,0,0,0,4,0,0,10,1,1,0,0,0,1,0,1,0,27,36,33,7,6,7,13,1,1,1,0,3,0,3,1,0,0,0,0,1,0,0,0,0,0,,,1,27,42,27,11,4,2,0,1
NY1189706031,box,1897-06-03,1,NYC10,R,1,NY1,LS3,1,1,0,0,1,,27,6,3,3,0,0,0,,2,,8,0,0,1,1,0,0,4,1,0,6,1,1,1,0,0,0,0,0,0,27,35,30,1,0,3,3,0,0,0,0,4,0,8,0,1,0,0,0,0,0,0,0,0,0,,,1,27,37,27,8,2,0,0,0
NY1189706032,box,1897-06-03,2,NYC10,R,1,NY1,LS3,1,1,0,0,1,,28,10,8,8,0,0,0,,5,,5,0,0,0,2,0,0,11,1,0,7,1,1,1,0,0,0,1,0,0,21,34,27,6,3,4,5,1,0,0,0,5,0,1,0,1,1,0,0,0,0,0,0,0,0,,,1,21,36,21,11,4,0,0,0
NY1189706040,box,1897-06-04,0,NYC10,R,1,NY1,LS3,1,1,0,0,1,,30,4,5,6,1,0,0,,4,,3,0,2,0,1,0,0,2,0,0,6,1,1,1,0,0,0,1,0,0,27,38,33,3,0,6,7,1,0,0,0,2,0,5,0,0,3,0,0,0,0,0,0,0,0,,,1,27,48,27,15,6,0,0,0
NY1189706050,box,1897-06-05,0,NYC10,R,1,NY1,CHN,1,0,1,0,1,,36,4,8,8,0,0,0,,4,,1,0,4,0,0,0,0,4,1,0,6,1,1,1,0,0,0,0,1,0,27,45,39,10,2,13,17,1,0,1,0,4,0,9,1,0,2,0,0,0,0,0,0,0,0,,,1,27,46,27,12,7,1,0,0
NY1189706070,box,1897-06-07,0,NYC10,R,1,NY1,CHN,1,1,0,0,1,,36,10,13,14,1,0,0,,8,,5,0,3,0,3,1,0,2,1,0,11,1,1,0,0,0,1,1,0,0,27,42,32,6,6,7,8,1,0,0,0,8,0,5,0,2,0,0,0,0,0,0,0,0,0,,,1,27,40,27,13,0,0,0,0
NY1189706110,box,1897-06-11,0,NYC10,R,1,NY1,CIN,1,0,1,0,1,,29,1,3,3,0,0,0,,1,,4,0,2,0,1,0,0,2,1,0,6,1,1,1,0,0,0,0,1,0,27,35,28,2,2,7,8,1,0,0,0,5,0,3,1,0,2,0,0,0,0,0,0,0,0,,,1,27,39,27,11,1,1,0,0
NY1189706120,box,1897-06-12,0,NYC10,R,1,NY1,SLN,1,1,0,0,1,,38,9,17,23,3,0,1,,9,,5,0,1,0,0,0,0,6,1,0,10,1,1,1,0,0,0,1,0,0,27,39,35,2,1,9,11,2,0,0,0,3,0,2,0,0,1,0,0,0,0,0,0,0,0,,,1,27,41,27,11,3,0,0,1
NY1189706140,box,1897-06-14,0,NYC10,R,1,NY1,SLN,1,1,0,0,1,,36,7,13,13,0,0,0,,7,,2,0,0,0,0,0,0,4,1,0,7,1,1,1,0,0,0,1,0,0,27,43,35,4,2,10,10,0,0,0,0,7,0,5,1,1,0,0,0,1,0,0,0,0,0,,,1,27,50,27,17,6,1,0,0
NY1189706150,box,1897-06-15,0,NYC10,R,1,NY1,SLN,1,1,0,0,1,,34,9,12,14,2,0,0,,9,,3,0,4,2,1,0,0,3,1,0,5,1,1,0,0,0,1,1,0,1,27,42,35,3,3,10,14,0,2,0,0,3,0,1,1,2,2,0,0,0,0,0,0,0,0,,,1,27,40,27,11,2,1,0,0
NY1189706160,box,1897-06-16,0,NYC10,R,1,NY1,CL4,1,0,1,0,1,,31,2,6,8,2,0,0,,2,,2,0,1,0,1,0,0,2,0,0,5,1,1,1,0,0,0,0,1,0,27,42,40,7,3,11,16,0,1,1,0,1,0,4,0,0,1,0,0,0,1,0,0,0,0,,,1,27,42,27,11,4,0,0,0
NY1189706170,box,1897-06-17,0,NYC10,R,1,NY1,CL4,1,1,0,0,1,,31,5,8,13,1,2,0,,4,,0,0,2,0,1,1,0,2,0,0,4,1,1,1,1,0,0,1,0,0,27,39,37,0,0,11,11,0,0,0,0,1,0,5,0,0,1,0,0,0,0,0,0,0,0,,,1,27,42,27,12,3,0,0,0
NY1189706180,box,1897-06-18,0,NYC10,R,1,NY1,CL4,1,1,0,0,1,,28,5,7,10,3,0,0,,5,,4,0,3,0,0,3,0,2,0,0,6,1,1,1,1,0,0,1,0,0,27,36,28,0,0,3,5,0,1,0,0,7,0,8,1,1,0,0,0,1,0,0,0,0,0,,,1,27,39,27,12,0,1,0,0
NY1189706190,box,1897-06-19,0,NYC10,R,1,NY1,CL4,1,1,0,0,1,,38,8,16,20,1,0,1,,7,,5,0,0,0,0,1,0,7,0,0,12,1,1,1,0,0,0,1,0,0,27,36,30,4,4,7,9,2,0,0,0,5,0,2,0,0,1,0,0,1,0,0,0,0,0,,,1,27,41,27,12,2,0,0,0
BLN189706211,box,1897-06-21,1,BAL07,R,0,NY1,BLN,1,1,0,0,1,,40,6,13,15,2,0,0,,6,,2,0,3,0,0,1,0,1,0,0,10,1,1,1,0,0,0,1,0,0,27,33,29,2,2,5,7,2,0,0,0,2,0,1,0,1,1,0,0,0,0,0,0,0,0,,,1,27,42,27,14,1,1,0,0
BLN189706212,box,1897-06-21,2,BAL07,R,0,NY1,BLN,1,1,0,0,1,,33,6,8,15,1,3,0,,6,,3,0,2,0,0,0,0,2,1,0,6,1,1,1,0,0,0,1,0,0,27,40,37,5,4,10,13,3,0,0,0,3,0,2,0,0,0,0,0,0,0,0,0,0,0,,,1,27,38,27,10,1,0,0,0
BLN189706220,box,1897-06-22,0,BAL07,R,0,NY1,BLN,1,0,1,0,1,,32,2,6,11,1,2,0,,2,,3,0,4,0,0,0,0,2,1,0,6,1,1,1,0,0,0,0,1,0,27,39,30,4,1,8,8,0,0,0,0,6,0,2,0,1,2,0,0,0,0,0,0,0,0,,,1,27,44,27,14,3,2,0,0
BLN189706230,box,1897-06-23,0,BAL07,R,0,NY1,BLN,1,1,0,0,1,,40,9,16,20,2,1,0,,7,,4,0,3,0,0,1,0,2,0,0,12,1,1,1,0,0,0,1,0,0,27,37,30,4,2,9,10,1,0,0,0,5,0,0,0,2,0,0,0,0,0,0,0,0,0,,,1,27,46,27,15,4,4,0,0
WSN189706251,box,1897-06-25,1,WAS06,R,0,NY1,WSN,1,1,0,0,1,,41,11,12,18,1,1,1,,8,,2,0,1,0,0,0,0,1,0,0,5,1,1,1,0,0,0,1,0,0,27,40,35,6,4,12,16,1,0,1,0,5,0,0,0,0,0,0,0,0,0,0,0,0,0,,,1,27,43,27,14,2,1,0,0
WSN189706252,box,1897-06-25,2,WAS06,R,0,NY1,WSN,1,0,1,0,1,,38,4,14,14,0,0,0,,4,,2,0,7,1,1,0,0,5,0,0,10,1,1,1,0,0,0,0,1,0,24,37,32,6,5,11,16,1,2,0,0,4,0,1,0,0,1,0,0,0,0,0,0,0,0,,,1,24,38,24,13,1,0,0,0
WSN189706261,box,1897-06-26,1,WAS06,R,0,NY1,WSN,1,1,0,0,1,,37,9,10,12,2,0,0,,7,,3,0,3,1,4,0,0,3,2,0,8,1,1,1,0,0,0,1,0,0,27,33,27,1,1,2,3,1,0,0,0,5,0,8,0,0,1,0,0,0,0,0,0,0,0,,,1,27,40,27,13,0,0,0,0
WSN189706262,box,1897-06-26,2,WAS06,R,0,NY1,WSN,1,1,0,0,1,,41,10,16,19,1,1,0,,10,,3,0,3,2,0,0,0,2,1,0,7,1,1,1,0,0,0,1,0,0,27,39,36,5,3,8,14,2,2,0,0,3,0,,0,0,0,0,0,0,0,0,0,0,0,,,1,27,44,27,13,4,0,0,0
NY1189706280,box,1897-06-28,0,NYC10,R,1,NY1,BLN,1,1,0,0,1,,29,4,6,11,0,1,1,,4,,4,0,2,1,0,0,0,2,2,0,5,1,1,1,0,0,0,1,0,0,27,33,30,2,2,4,4,0,0,0,0,2,0,2,1,1,0,0,0,0,0,0,0,0,0,,,1,27,43,27,13,3,1,0,0
NY1189706290,box,1897-06-29,0,NYC10,R,1,NY1,BLN,1,1,0,0,1,,34,8,11,16,2,0,1,,8,,4,0,0,1,0,0,0,3,1,0,6,1,1,1,0,0,0,1,0,0,27,36,32,2,1,4,5,1,0,0,0,4,0,4,1,0,0,0,0,0,0,0,0,0,0,,,1,27,42,27,13,2,1,0,0
NY1189706300,box,1897-06-30,0,NYC10,R,1,NY1,BLN,1,0,1,0,1,,33,3,6,8,2,0,0,,2,,3,0,7,0,1,0,0,5,0,0,7,1,1,1,0,0,0,0,1,0,27,46,35,8,4,9,12,1,1,0,0,11,0,9,0,0,0,0,0,0,1,0,0,0,0,,,1,27,42,27,13,2,0,0,0
NY1189707010,box,1897-07-01,0,NYC10,R,1,NY1,BSN,1,0,1,0,1,,37,4,10,11,1,0,0,,3,,3,0,4,2,0,0,0,1,0,0,9,1,1,1,0,0,0,0,1,0,27,37,36,5,5,10,15,2,0,1,0,1,0,0,0,0,0,0,0,0,0,0,0,0,0,,,1,27,45,27,14,4,0,0,0
NY1189707030,box,1897-07-03,0,NYC10,R,1,NY1,BSN,1,0,1,0,1,,34,2,11,15,2,1,0,,2,,3,0,1,0,0,0,0,0,1,0,8,1,1,1,0,0,0,0,1,0,27,33,33,3,0,3,3,0,0,0,0,0,0,2,0,0,0,0,0,0,0,0,0,0,0,,,1,27,40,27,8,5,0,0,0
NY1189707051,box,1897-07-05,1,NYC10,R,1,NY1,BRO,1,1,0,0,1,,43,10,17,21,2,1,0,,8,,1,0,4,0,1,0,0,6,0,0,11,1,1,0,1,1,1,1,0,1,27,35,30,0,0,3,3,0,0,0,0,5,0,2,1,0,0,0,0,0,0,0,0,0,0,,,1,27,45,27,17,1,1,0,0
NY1189707052,box,1897-07-05,2,NYC10,R,1,NY1,BRO,1,0,1,0,1,,37,3,10,12,0,1,0,,3,,4,0,,1,0,0,0,1,1,0,11,1,1,1,0,0,0,0,1,0,27,34,33,4,4,10,11,1,0,0,0,1,0,,0,0,0,0,0,0,1,0,0,0,0,,,1,27,46,27,17,2,2,0,0
BRO189707060,box,1897-07-06,0,NYC11,R,0,NY1,BRO,1,1,0,0,1,,35,7,12,13,1,0,0,,6,,5,0,2,0,0,3,0,2,1,0,9,1,1,1,0,0,0,1,0,0,27,42,37,5,5,10,13,3,0,0,0,5,0,1,0,0,0,0,0,0,0,0,0,0,0,,,1,27,41,27,12,2,0,0,0
PIT189707080,box,1897-07-08,0,PIT05,R,0,NY1,PIT,1,1,0,0,1,,36,5,11,16,1,2,0,,4,,0,0,0,0,0,0,0,2,1,0,4,1,1,1,0,0,0,1,0,0,27,38,35,4,2,8,13,3,1,0,0,2,2,4,0,0,1,0,0,0,0,0,0,0,0,,,1,27,45,27,13,5,2,0,0
PIT189707090,box,1897-07-09,0,PIT05,R,0,NY1,PIT,1,1,0,0,1,,41,9,13,16,1,1,0,,7,,2,0,,0,0,0,0,2,1,0,7,1,1,1,0,0,0,1,0,0,27,40,35,1,1,10,12,2,0,0,0,4,0,2,0,0,1,0,0,0,0,0,0,0,0,,,1,27,41,27,13,1,0,0,0
PIT189707100,box,1897-07-10,0,PIT05,R,0,NY1,PIT,1,1,0,0,1,,49,15,17,24,1,3,0,,14,,2,0,2,0,3,0,0,0,0,0,12,1,1,1,0,0,0,1,0,0,27,45,41,6,6,10,14,2,1,0,0,4,0,0,0,0,0,0,0,0,0,0,0,0,0,,,1,27,44,27,12,5,0,0,0
CIN189707120,box,1897-07-12,0,CIN05,R,0,NY1,CIN,1,1,0,0,1,,38,8,14,19,1,2,0,,8,,3,0,,1,1,2,0,1,3,0,9,1,1,1,0,0,0,1,0,0,27,36,31,5,5,8,11,3,0,0,0,4,0,3,0,0,1,0,0,0,0,0,0,0,0,,,1,27,40,26,13,1,0,0,0
CIN189707130,box,1897-07-13,0,CIN05,R,0,NY1,CIN,1,0,1,0,1,,37,4,11,17,4,1,0,,4,,2,0,,0,0,2,0,1,0,0,10,1,1,1,0,0,0,0,1,0,24,35,28,5,5,9,14,1,2,0,0,6,0,,1,0,1,0,0,0,0,0,0,0,0,,,1,24,39,24,13,2,2,0,1
CIN189707140,box,1897-07-14,0,CIN05,R,0,NY1,CIN,1,0,1,0,1,,37,6,12,12,0,0,0,,6,,2,0,,1,1,0,0,0,1,0,7,1,1,1,0,0,0,0,1,0,24,43,35,11,10,12,15,3,0,0,0,6,0,1,0,1,1,0,0,0,0,0,0,0,0,,,1,24,39,24,14,1,0,0,0
LS3189707150,box,1897-07-15,0,LOU03,R,0,NY1,LS3,1,1,0,0,1,,42,10,12,14,2,0,0,,7,,0,0,1,0,0,0,0,4,1,0,5,1,1,1,1,0,0,1,0,0,27,34,32,0,0,5,5,0,0,0,0,2,0,5,0,0,0,0,0,0,0,0,0,0,0,,,1,27,40,27,12,1,0,0,1
LS3189707161,box,1897-07-16,1,LOU03,R,0,NY1,LS3,1,0,1,0,1,,35,4,10,10,0,0,0,,4,,6,0,3,0,0,0,0,0,1,0,10,1,1,1,0,0,0,0,1,0,24,35,34,9,8,10,14,1,0,1,0,1,0,4,0,0,0,0,0,0,0,0,0,0,0,,,1,24,37,24,11,2,0,0,1
LS3189707162,box,1897-07-16,2,LOU03,R,0,NY1,LS3,1,0,1,0,1,,39,7,13,16,0,0,1,,6,,1,0,,0,1,0,0,0,1,0,7,1,1,0,0,0,1,0,1,0,26,43,33,8,5,11,14,3,0,0,0,7,0,3,1,3,0,0,0,0,0,0,0,0,0,,,1,26,37,26,9,2,1,0,0
LS3189707171,box,1897-07-17,1,LOU03,R,0,NY1,LS3,1,1,0,0,1,,37,4,9,13,2,1,0,,3,,4,0,3,0,0,0,0,1,0,0,10,1,1,1,0,0,0,1,0,0,27,35,30,3,3,9,13,1,0,1,0,3,0,3,2,0,2,0,0,0,0,0,0,0,0,,,1,27,41,27,14,0,2,0,0
LS3189707172,box,1897-07-17,2,LOU03,R,0,NY1,LS3,1,0,1,0,1,,35,6,7,8,1,0,0,,5,,2,0,1,2,4,1,0,0,1,0,9,1,1,1,0,0,0,0,1,0,24,43,39,12,10,15,24,4,1,1,0,3,0,0,1,1,0,0,0,0,0,0,0,0,0,,,1,24,41,24,15,2,1,0,0
SLN189707190,box,1897-07-19,0,STL05,R,0,NY1,SLN,1,1,0,0,1,,37,11,10,16,1,1,1,,9,,7,0,,1,0,1,0,4,0,0,7,1,1,1,0,0,0,1,0,0,27,44,42,6,4,14,17,1,1,0,0,2,0,,0,0,0,0,0,0,0,0,0,0,0,,,1,27,40,27,10,3,0,0,1
SLN189707211,box,1897-07-21,1,STL05,R,0,NY1,SLN,1,1,0,0,1,,38,10,13,18,3,1,0,,7,,5,0,2,1,3,2,0,5,0,0,11,1,1,0,0,0,1,1,0,0,27,46,36,8,6,13,19,1,1,1,0,7,0,0,2,2,1,0,0,0,0,0,0,0,0,,,1,27,49,27,18,4,2,0,0
SLN189707212,box,1897-07-21,2,STL05,R,0,NY1,SLN,1,1,0,0,1,,44,18,18,28,5,1,1,,18,,5,0,0,1,1,0,0,6,0,0,8,1,1,1,0,0,0,1,0,0,24,31,28,2,2,4,8,1,0,1,0,1,0,,0,2,0,0,0,0,0,0,0,0,0,,,1,24,36,24,9,3,0,0,0
CHN189707220,box,1897-07-22,0,CHI08,R,0,NY1,CHN,1,0,1,0,1,,31,3,8,11,1,1,0,,3,,1,0,,1,0,1,0,1,1,0,3,1,1,1,0,0,0,0,1,0,24,35,32,4,3,8,12,1,0,1,0,1,0,,0,0,2,0,0,1,0,0,0,0,0,,,1,24,36,24,9,3,0,0,0
CHN189707230,box,1897-07-23,0,CHI08,R,0,NY1,CHN,1,0,1,0,1,,34,3,9,13,1,0,1,,3,,3,0,,1,0,0,0,4,1,0,7,1,1,0,0,0,1,0,1,0,24,46,40,14,9,15,21,2,2,0,0,6,0,1,0,0,0,0,0,0,0,0,0,0,0,,,1,24,42,24,11,7,0,0,0
CHN189707240,box,1897-07-24,0,CHI08,R,0,NY1,CHN,1,1,0,0,1,,36,7,12,18,2,2,0,,7,,6,0,3,2,0,1,0,0,0,0,9,1,1,1,0,0,0,1,0,0,27,36,33,3,2,9,11,0,1,0,0,2,0,1,2,0,1,0,0,0,0,0,0,0,0,,,1,27,45,27,16,2,2,0,0
CL4189707260,box,1897-07-26,0,CLE05,R,0,NY1,CL4,1,1,0,0,1,,44,6,12,14,0,1,0,,4,,6,0,2,1,0,1,0,3,1,0,14,1,1,1,0,0,0,1,0,0,33,45,40,5,5,9,14,3,1,0,0,4,0,7,0,0,1,0,0,1,0,0,0,0,0,,,1,33,48,33,12,3,0,0,0
CL4189707280,box,1897-07-28,0,CLE05,R,0,NY1,CL4,1,0,1,0,1,,44,8,16,25,5,2,0,,8,,2,0,2,0,0,0,0,2,2,0,11,1,1,0,0,0,1,0,1,0,24,43,38,14,13,16,24,3,1,1,0,5,0,0,0,0,0,0,0,0,1,0,0,0,0,,,1,24,32,24,8,0,0,0,1
NY1189707300,box,1897-07-30,0,NYC10,R,1,NY1,BRO,1,1,0,0,1,,32,3,10,12,2,0,0,,2,,2,0,2,0,1,1,0,5,1,0,9,1,1,1,0,0,0,1,0,0,27,34,30,1,0,4,4,0,0,0,0,3,0,3,1,1,0,0,0,0,0,0,0,0,0,,,1,27,41,27,12,2,1,0,0
BRO189707310,box,1897-07-31,0,NYC11,R,0,NY1,BRO,1,1,0,0,1,,32,4,6,6,0,0,0,,3,,0,0,1,0,0,1,0,0,0,0,2,1,1,1,0,0,0,1,0,0,27,38,32,3,3,7,8,1,0,0,0,3,0,1,1,1,2,0,0,0,0,0,0,0,0,,,1,27,46,27,16,3,3,0,0
BRO189708020,box,1897-08-02,0,NYC11,R,0,NY1,BRO,1,1,0,0,1,,34,9,9,11,2,0,0,,5,,5,0,3,0,0,1,0,0,3,0,4,1,1,1,0,0,0,1,0,0,27,42,36,8,4,9,15,2,2,0,0,4,0,4,0,1,1,0,0,0,0,0,0,0,0,,,1,27,43,27,13,3,0,0,1
NY1189708030,box,1897-08-03,0,NYC10,R,1,NY1,BRO,1,1,0,0,1,,39,10,16,19,3,0,0,,9,,2,0,0,0,1,1,0,6,2,0,9,1,1,1,0,0,0,1,0,0,27,34,31,2,2,4,4,0,0,0,0,3,0,4,0,0,0,0,0,0,0,0,0,0,0,,,1,27,36,27,9,0,0,0,0
PHI189708050,box,1897-08-05,0,PHI09,R,0,NY1,PHI,1,0,1,0,1,,46,4,11,15,4,0,0,,4,,0,0,2,0,0,0,0,4,0,0,6,1,1,1,0,0,0,0,1,0,35,49,46,5,4,10,16,3,0,1,0,2,0,4,2,0,1,0,0,0,0,0,0,0,0,,,1,35,54,35,15,4,2,0,1
PHI189708060,box,1897-08-06,0,PHI09,R,0,NY1,PHI,1,1,0,0,1,,37,9,12,15,0,0,1,,9,,4,0,,0,1,1,0,6,2,0,7,1,1,1,0,0,0,1,0,0,27,33,27,2,2,3,6,0,0,1,0,6,0,3,1,0,0,0,0,0,0,0,0,0,0,,,1,27,42,27,14,1,1,0,0
PHI189708070,box,1897-08-07,0,PHI09,R,0,NY1,PHI,1,1,0,0,1,,41,11,16,20,2,1,0,,8,,4,0,0,1,0,1,0,0,1,0,8,1,1,1,0,0,0,1,0,0,27,34,32,1,1,5,6,1,0,0,0,2,0,1,0,0,0,0,0,1,0,0,0,0,0,,,1,27,41,27,13,1,0,0,0
BSN189708090,box,1897-08-09,0,BOS05,R,0,NY1,BSN,1,1,0,0,1,,39,10,13,15,0,1,0,,8,,4,0,3,0,0,0,0,3,1,0,6,1,1,1,0,0,0,1,0,0,27,41,38,4,2,10,14,1,0,1,0,1,0,3,0,0,2,0,0,0,0,0,0,0,0,,,1,27,42,27,11,4,0,0,0
BSN189708100,box,1897-08-10,0,BOS05,R,0,NY1,BSN,1,0,1,0,1,,28,0,2,2,0,0,0,,0,,1,0,3,1,0,0,0,0,0,0,2,1,1,1,0,0,0,0,1,0,24,33,27,1,1,6,7,1,0,0,0,3,0,1,1,2,1,0,0,0,0,0,0,0,0,,,1,24,39,24,14,1,2,0,0
BSN189708110,box,1897-08-11,0,BOS05,R,0,NY1,BSN,1,0,1,0,1,,34,5,9,11,2,0,0,,4,,0,0,0,0,2,1,0,2,0,0,5,1,1,1,0,0,0,0,1,0,24,38,34,7,3,8,10,2,0,0,0,4,0,2,0,0,0,0,0,1,0,0,0,0,0,,,1,24,35,24,8,3,0,0,3
NY1189708121,box,1897-08-12,1,NYC10,R,1,NY1,BSN,1,0,1,0,1,,44,4,10,13,1,1,0,,4,,3,0,,0,0,1,0,3,2,0,8,1,1,1,0,0,0,0,1,0,36,51,44,5,4,14,15,1,0,0,0,1,0,4,0,0,6,0,0,0,0,0,0,0,0,,,1,36,60,36,20,4,1,0,0
NY1189708122,box,1897-08-12,2,NYC10,R,1,NY1,BSN,1,0,1,0,1,,33,7,10,16,1,1,1,,7,,2,0,1,0,0,2,0,5,1,0,6,1,1,0,0,0,1,0,1,0,24,40,32,10,1,10,13,3,0,0,0,7,0,1,0,0,1,0,0,0,0,0,0,0,0,,,1,24,42,24,16,2,0,0,0
NY1189708130,box,1897-08-13,0,NYC10,R,1,NY1,BSN,1,1,0,0,1,,42,14,15,22,7,0,0,,11,,3,0,,0,1,1,0,1,0,0,9,1,1,1,0,0,0,1,0,0,27,43,38,6,6,12,16,2,1,0,0,5,0,,1,0,0,0,0,1,0,0,0,0,0,,,1,27,46,27,17,2,1,0,0
NY1189708140,box,1897-08-14,0,NYC10,R,1,NY1,BSN,1,1,0,0,1,,34,6,9,15,2,2,0,,5,,1,0,3,0,1,0,0,0,0,0,6,1,1,1,0,0,0,1,0,0,27,33,32,4,3,6,6,0,0,0,0,0,0,1,1,1,0,0,0,0,0,0,0,0,0,,,1,27,47,27,15,5,2,0,0
NY1189708160,box,1897-08-16,0,NYC10,R,1,NY1,PHI,1,1,0,0,1,,32,7,12,15,0,0,1,,5,,3,0,2,0,2,1,0,3,2,0,7,1,1,1,0,0,0,1,0,0,27,41,34,2,2,10,13,1,1,0,0,5,0,3,0,0,2,0,0,1,0,0,0,0,0,,,1,27,42,27,12,3,1,0,0
NY1189708170,box,1897-08-17,0,NYC10,R,1,NY1,PHI,1,1,0,0,1,,34,10,11,11,0,0,0,,9,,5,0,1,1,1,0,0,3,0,0,6,1,1,1,0,0,0,1,0,0,27,42,37,8,6,12,16,0,2,0,0,4,0,8,0,1,0,0,0,0,0,0,0,0,0,,,1,27,41,27,11,3,1,0,0
NY1189708180,box,1897-08-18,0,NYC10,R,1,NY1,PHI,1,1,0,0,1,,32,8,12,17,1,2,0,,8,,3,0,0,0,0,1,0,3,3,0,4,1,1,1,0,0,0,1,0,0,27,44,41,5,4,16,20,2,1,0,0,2,0,2,1,0,1,0,0,0,0,0,0,0,0,,,1,27,46,27,16,3,1,0,0
NY1189708190,box,1897-08-19,0,NYC10,R,1,NY1,LS3,1,1,0,0,1,,31,1,8,9,1,0,0,,1,,0,0,1,0,0,0,0,1,0,0,6,1,1,1,1,0,0,1,0,0,27,30,30,0,0,4,4,0,0,0,0,0,0,,0,0,0,0,0,0,0,0,0,0,0,,,1,27,39,27,11,1,0,0,0
NY1189708200,box,1897-08-20,0,NYC10,R,1,NY1,LS3,1,0,1,0,1,,37,3,8,8,0,0,0,,3,,8,0,7,0,1,0,0,2,1,0,16,1,1,0,0,0,1,0,1,0,27,46,42,9,6,15,21,1,1,1,0,4,0,5,0,0,0,0,0,1,0,0,0,0,0,,,1,27,40,27,10,3,0,0,0
NY1189708210,box,1897-08-21,0,NYC10,R,1,NY1,LS3,1,1,0,0,1,,32,7,11,15,2,1,0,,7,,2,0,1,0,0,1,0,1,1,0,4,1,1,1,0,0,0,1,0,0,27,34,33,1,1,5,5,0,0,0,0,1,0,7,0,0,0,0,0,0,0,0,0,0,0,,,1,27,40,27,12,1,0,0,1
NY1189708230,box,1897-08-23,0,NYC10,R,1,NY1,CL4,1,1,0,0,1,,29,8,11,13,0,1,0,,5,,8,0,4,0,0,0,0,4,3,0,8,1,1,1,0,0,0,1,0,0,21,38,34,7,6,10,10,0,0,0,0,4,0,2,0,0,0,0,0,1,0,0,0,0,0,,,1,21,33,21,8,4,0,0,2
NY1189708250,box,1897-08-25,0,NYC10,R,1,NY1,CL4,1,1,0,0,1,,30,5,10,14,4,0,0,,5,,2,0,1,0,0,3,0,0,1,0,6,1,1,1,1,0,0,1,0,0,27,36,30,0,0,3,3,0,0,0,0,4,0,8,1,2,0,0,0,2,0,0,0,0,0,,,1,27,41,27,12,2,1,0,0
NY1189708260,box,1897-08-26,0,NYC10,R,1,NY1,CHN,1,1,0,0,1,,48,19,23,31,4,2,0,,17,,5,0,0,1,0,0,0,3,0,0,10,1,1,1,0,0,0,1,0,0,27,40,37,6,5,12,18,4,1,0,0,3,0,3,1,0,0,0,0,0,0,0,0,0,0,,,1,27,41,27,12,2,2,0,0
NY1189708271,box,1897-08-27,1,NYC10,R,1,NY1,CHN,1,1,0,0,1,,37,9,11,16,3,1,0,,8,,4,0,1,0,1,0,0,5,0,0,9,1,1,1,0,0,0,1,0,0,27,37,34,3,3,8,9,1,0,0,0,3,0,2,1,0,0,0,0,1,0,0,0,0,0,,,1,27,37,27,10,0,1,0,1
NY1189708272,box,1897-08-27,2,NYC10,R,1,NY1,CHN,1,1,0,0,1,,35,6,13,14,1,0,0,,6,,3,0,5,0,0,0,0,6,1,0,8,1,1,1,1,0,0,1,0,0,27,31,27,0,0,3,3,0,0,0,0,4,0,1,2,0,0,0,0,0,0,0,0,0,0,,,1,27,42,27,13,2,2,0,0
NY1189708280,box,1897-08-28,0,NYC10,R,1,NY1,CHN,1,0,0,1,1,,32,6,9,13,1,0,1,,3,,3,0,4,1,0,1,0,0,1,0,6,1,1,1,0,0,0,0,0,0,24,34,29,6,3,9,12,3,0,0,0,4,0,10,2,1,0,0,0,0,0,0,0,0,0,,,1,24,38,24,10,4,3,0,1
NY1189708300,box,1897-08-30,0,NYC10,R,1,NY1,CHN,1,0,1,0,1,,32,5,6,6,0,0,0,,5,,3,0,,1,0,0,0,6,1,0,6,1,1,0,0,0,1,0,1,0,24,38,33,7,6,13,24,2,0,3,0,5,0,2,0,0,0,0,0,0,0,0,0,0,0,,,1,24,41,24,15,2,1,0,0
NY1189708311,box,1897-08-31,1,NYC10,R,1,NY1,CIN,1,1,0,0,1,,38,7,16,18,0,1,0,,6,,1,0,1,1,0,1,0,5,2,0,7,1,1,1,0,0,0,1,0,0,27,41,39,6,5,14,18,0,2,0,0,1,0,,0,0,1,0,0,0,0,0,0,0,0,,,1,27,52,27,20,5,0,0,0
NY1189708312,box,1897-08-31,2,NYC10,R,1,NY1,CIN,1,1,0,0,1,,34,9,13,20,1,3,0,,8,,2,0,1,0,1,0,0,1,1,0,7,1,1,1,0,0,0,1,0,0,24,30,28,1,1,6,8,2,0,0,0,2,0,4,0,0,0,0,0,0,0,0,0,0,0,,,1,24,38,24,14,0,0,0,0
NY1189709010,box,1897-09-01,0,NYC10,R,1,NY1,CIN,1,1,0,0,1,,35,8,13,14,1,0,0,,7,,4,0,1,0,0,1,0,4,1,0,6,1,1,1,0,0,0,1,0,0,27,45,38,7,5,12,20,5,0,1,0,5,0,3,0,0,2,0,0,0,0,0,0,0,0,,,1,27,44,27,12,5,0,0,0
NY1189709020,box,1897-09-02,0,NYC10,R,1,NY1,CIN,1,0,0,1,1,,34,3,8,9,1,0,0,,3,,2,0,3,0,1,0,0,2,0,0,7,1,1,1,0,0,0,0,0,0,27,36,32,3,1,9,11,2,0,0,0,3,0,,1,0,1,0,0,0,0,0,0,0,0,,,1,27,44,27,14,3,2,0,0
NY1189709031,box,1897-09-03,1,NYC10,R,1,NY1,CIN,1,0,1,0,1,,35,1,7,9,0,1,0,,1,,1,0,6,0,0,0,0,0,0,0,8,1,1,1,0,0,0,0,1,0,27,45,37,11,8,12,16,1,0,1,0,3,0,1,0,4,1,0,0,3,0,0,0,0,0,,,1,27,42,27,11,4,0,0,0
NY1189709032,box,1897-09-03,2,NYC10,R,1,NY1,CIN,1,1,0,0,1,,34,13,14,22,3,1,1,,13,,6,0,4,1,1,0,0,2,2,0,7,1,1,1,0,0,0,1,0,0,24,29,27,3,0,1,1,0,0,0,0,2,0,3,1,0,0,0,0,0,0,0,0,0,0,,,1,24,37,24,9,4,1,0,0
NY1189709040,box,1897-09-04,0,NYC10,R,1,NY1,SLN,1,1,0,0,1,,36,9,12,17,1,2,0,,8,,6,0,2,0,1,0,0,6,1,0,10,1,1,1,0,0,0,1,0,0,27,38,33,3,1,7,7,0,0,0,0,3,0,6,0,1,1,0,0,1,0,0,0,0,0,,,1,27,44,27,14,3,0,0,0
NY1189709061,box,1897-09-06,1,NYC10,R,1,NY1,SLN,1,1,0,0,1,,39,9,13,17,2,1,0,,7,,1,0,2,1,0,0,0,0,2,0,5,1,1,1,0,0,0,1,0,0,27,45,42,8,5,15,17,2,0,0,0,3,0,2,0,0,0,0,0,2,0,0,0,0,0,,,1,27,43,27,12,4,0,0,0
NY1189709062,box,1897-09-06,2,NYC10,R,1,NY1,SLN,1,1,0,0,1,,38,9,15,23,2,0,2,,8,,3,0,0,0,0,0,0,1,1,0,8,1,1,1,0,0,0,1,0,0,27,44,42,4,3,14,16,2,0,0,0,1,0,5,0,1,0,0,0,0,0,0,0,0,0,,,1,27,39,26,11,2,0,0,0
NY1189709071,box,1897-09-07,1,NYC10,R,1,NY1,CL4,1,1,0,0,1,,33,6,8,18,1,0,3,,6,,2,0,1,0,0,0,0,0,0,0,5,1,1,1,0,0,0,1,0,0,27,39,35,1,1,9,12,1,1,0,0,3,0,6,2,1,0,0,0,0,0,0,0,0,0,,,1,27,35,27,7,1,2,0,0
NY1189709072,box,1897-09-07,2,NYC10,R,1,NY1,CL4,1,1,0,0,1,,22,4,7,13,1,1,1,,4,,2,0,0,1,0,0,0,2,1,0,2,1,1,1,0,0,0,1,0,0,21,30,27,1,1,10,10,0,0,0,0,2,0,7,0,0,1,0,0,0,0,0,0,0,0,,,1,21,32,21,10,1,1,0,0
NY1189709080,box,1897-09-08,0,NYC10,R,1,NY1,PIT,1,1,0,0,1,,31,8,9,12,1,1,0,,6,,2,0,3,0,0,0,0,3,0,0,4,1,1,1,0,0,0,1,0,0,21,35,32,7,1,9,9,0,0,0,0,1,0,5,1,1,1,0,0,2,0,0,0,0,0,,,1,21,40,21,11,8,1,0,1
NY1189709091,box,1897-09-09,1,NYC10,R,1,NY1,PIT,1,0,1,0,1,,32,4,4,8,1,0,1,,2,,1,0,4,1,1,0,0,0,1,0,3,1,1,1,0,0,0,0,1,0,27,39,36,5,4,11,16,1,2,0,0,1,0,4,0,0,2,0,0,0,0,0,0,0,0,,,1,27,43,27,15,1,1,0,0
NY1189709092,box,1897-09-09,2,NYC10,R,1,NY1,PIT,1,1,0,0,1,,27,6,7,8,1,0,0,,3,,2,0,3,0,0,0,0,3,0,0,5,1,1,1,0,0,0,1,0,0,21,28,27,2,2,6,10,1,0,1,0,1,0,5,0,0,0,0,0,1,0,0,0,0,0,,,1,21,34,21,12,1,0,0,0
NY1189709100,box,1897-09-10,0,NYC10,R,1,NY1,PIT,1,0,0,1,1,,36,2,10,13,3,0,0,,2,,1,0,,0,0,1,0,2,0,0,9,1,1,1,0,0,0,0,0,0,27,33,31,2,2,5,5,0,0,0,0,2,0,5,0,0,0,0,0,2,0,0,0,0,0,,,1,27,39,27,11,1,0,0,0
NY1189709110,box,1897-09-11,0,NYC10,R,1,NY1,BRO,1,0,1,0,1,,35,6,12,16,2,1,0,,4,,2,0,2,0,0,2,0,2,0,0,9,1,1,1,0,0,0,0,1,0,24,44,42,9,3,14,17,1,1,0,0,1,0,4,0,1,0,0,0,0,0,0,0,0,0,,,1,24,45,24,13,8,0,0,1
BRO189709130,box,1897-09-13,0,NYC11,R,0,NY1,BRO,1,0,0,1,1,,34,8,11,14,1,1,0,,6,,7,0,2,0,0,0,0,4,0,0,12,1,1,0,0,0,1,0,0,0,21,34,29,8,6,11,20,3,3,0,0,5,0,2,0,0,0,0,0,1,0,0,0,0,0,,,1,21,33,21,8,4,1,0,0
BRO189709140,box,1897-09-14,0,NYC11,R,0,NY1,BRO,1,0,1,0,1,,38,5,9,12,1,1,0,,5,,1,0,2,0,0,0,0,2,1,0,7,1,1,1,0,0,0,0,1,0,24,38,32,7,2,7,7,0,0,0,0,4,0,2,1,2,0,0,0,1,0,0,0,0,0,,,1,24,42,24,14,4,2,0,1
BRO189709150,box,1897-09-15,0,NYC11,R,0,NY1,BRO,1,1,0,0,1,,45,19,15,17,0,1,0,,13,,5,0,3,0,1,0,0,5,0,0,8,1,1,1,0,0,0,1,0,0,24,32,27,4,3,7,8,1,0,0,0,5,0,4,1,0,0,0,0,0,0,0,0,0,0,,,1,24,37,24,11,2,2,0,0
BSN189709160,box,1897-09-16,0,BOS05,R,0,NY1,BSN,1,1,0,0,1,,38,8,9,16,1,0,2,,5,,5,0,3,0,2,0,0,0,0,0,10,1,1,1,0,0,0,1,0,0,27,42,38,5,3,11,15,1,0,1,0,4,0,1,0,0,0,0,0,1,0,0,0,0,0,,,1,27,37,27,8,2,1,0,0
BSN189709170,box,1897-09-17,0,BOS05,R,0,NY1,BSN,1,0,1,0,1,,31,0,5,5,0,0,0,,0,,1,0,0,0,0,0,0,0,0,0,5,1,1,1,0,0,0,0,1,0,24,49,39,17,11,15,18,3,0,0,0,7,0,3,1,1,2,0,0,1,0,0,0,0,0,,,1,24,46,24,13,9,2,0,0
BSN189709180,box,1897-09-18,0,BOS05,R,0,NY1,BSN,1,0,1,0,1,,32,3,7,9,2,0,0,,3,,3,0,5,1,1,0,0,0,1,0,6,1,1,1,0,0,0,0,1,0,24,40,33,9,6,11,14,1,1,0,0,7,0,5,0,0,0,0,0,1,0,0,0,0,0,,,1,24,37,24,9,4,0,0,0
NY1189709200,box,1897-09-20,0,NYC10,R,1,NY1,BLN,1,1,0,0,1,,38,10,18,21,3,0,0,,10,,4,0,6,0,2,1,0,2,1,0,12,1,1,1,0,0,0,1,0,0,24,46,42,9,7,17,20,3,0,0,0,4,0,4,0,0,0,0,0,0,0,0,0,0,0,,,1,24,35,24,7,4,1,0,1
NY1189709210,box,1897-09-21,0,NYC10,R,1,NY1,BLN,1,0,1,0,1,,35,3,11,12,1,0,0,,3,,1,0,2,0,1,0,0,0,1,0,7,1,1,1,0,0,0,0,1,0,27,49,45,10,7,16,20,4,0,0,0,3,0,2,2,1,0,0,0,1,0,0,0,0,0,,,1,27,43,27,13,3,2,0,1
NY1189709220,box,1897-09-22,0,NYC10,R,1,NY1,BLN,1,1,0,0,1,,32,6,8,10,0,1,0,,6,,4,0,7,1,0,1,0,1,0,0,7,1,1,1,0,0,0,1,0,0,27,44,37,4,4,9,12,1,1,0,0,7,0,4,0,0,0,0,0,0,0,0,0,0,0,,,1,27,46,27,16,3,0,0,0
NY1189709241,box,1897-09-24,1,NYC10,R,1,NY1,WSN,1,0,1,0,1,,30,2,6,6,0,0,0,,1,,4,0,8,0,0,1,0,2,3,0,6,1,1,1,0,0,0,0,1,0,27,44,39,7,3,14,14,0,0,0,0,5,0,4,1,0,0,0,0,1,0,0,0,0,0,,,1,27,49,27,18,4,1,0,2
NY1189709242,box,1897-09-24,2,NYC10,R,1,NY1,WSN,1,1,0,0,1,,37,8,14,16,2,0,0,,5,,2,0,,0,1,0,0,1,1,0,8,1,1,1,0,0,0,1,0,0,24,34,31,4,2,9,9,0,0,0,0,3,0,4,1,0,0,0,0,0,0,0,0,0,0,,,1,24,44,24,18,2,1,0,0
NY1189709250,box,1897-09-25,0,NYC10,R,1,NY1,WSN,1,1,0,0,1,,37,11,13,18,3,1,0,,7,,3,0,2,1,2,0,0,4,0,0,7,1,1,1,0,0,0,1,0,0,24,33,29,5,0,8,12,2,1,0,0,3,0,6,0,1,0,0,0,0,0,0,0,0,0,,,1,24,37,24,12,1,1,0,0
NY1189709270,box,1897-09-27,0,NYC10,R,1,NY1,WSN,1,0,1,0,1,,31,3,8,8,0,0,0,,3,,4,0,5,0,1,0,0,3,0,0,9,1,1,1,0,0,0,0,1,0,24,37,30,6,3,5,5,0,0,0,0,6,0,2,1,1,0,0,0,1,0,0,0,0,0,,,1,24,36,24,8,4,1,0,0
NY1189709290,box,1897-09-29,0,NYC10,R,1,NY1,PHI,1,1,0,0,1,,35,7,8,11,1,1,0,,4,,1,0,1,0,0,0,0,1,0,0,5,1,1,0,0,0,1,1,0,1,27,37,35,1,1,11,16,2,0,1,0,2,0,8,2,0,0,0,0,2,0,0,0,0,0,,,1,27,37,27,10,0,2,0,0
NY1189709300,box,1897-09-30,0,NYC10,R,1,NY1,PHI,1,1,0,0,1,,38,6,14,18,2,1,0,,6,,2,0,2,1,0,1,0,3,0,0,11,1,1,1,0,0,0,1,0,0,27,39,35,5,5,8,14,4,1,0,0,4,0,6,0,0,0,0,0,1,0,0,0,0,0,,,1,27,43,27,13,3,0,0,0
NY1189710020,box,1897-10-02,0,NYC10,R,1,NY1,PHI,1,0,1,0,1,,28,5,8,12,2,1,0,,4,,1,0,3,1,1,0,0,1,0,0,4,1,1,0,0,0,1,0,1,0,21,47,42,18,3,19,22,3,0,0,0,4,0,0,0,0,1,0,0,1,0,0,0,0,0,,,1,21,43,21,13,9,0,0,0
BSN189704190,box,1897-04-19,0,BOS05,R,0,PHI,BSN,1,1,0,0,1,,37,6,11,14,0,0,1,,6,,2,0,2,0,0,1,0,0,1,0,7,1,1,1,0,0,0,1,0,0,27,35,32,5,5,8,9,1,0,0,0,3,0,3,0,0,0,0,0,0,0,0,0,0,0,,,1,27,45,27,17,1,1,0,0
PHI189704220,box,1897-04-22,0,PHI09,R,1,PHI,NY1,1,1,0,0,1,,31,5,8,12,2,1,0,,4,,7,0,8,1,0,1,0,1,1,0,7,1,1,1,0,0,0,1,0,0,27,36,33,1,1,5,7,0,1,0,0,3,0,,0,0,0,0,0,1,0,0,0,0,0,,,1,27,37,27,9,1,0,0,0
PHI189704230,box,1897-04-23,0,PHI09,R,1,PHI,NY1,1,1,0,0,1,,31,12,9,12,1,1,0,,10,,7,1,0,0,2,3,0,2,1,0,4,1,1,0,0,0,1,1,0,1,27,39,37,7,6,12,16,1,0,1,0,2,0,2,0,0,0,0,0,0,0,0,0,0,0,,,1,27,41,27,11,3,0,0,0
PHI189704240,box,1897-04-24,0,PHI09,R,1,PHI,NY1,1,1,0,0,1,,42,12,17,26,3,3,0,,11,,3,0,0,0,1,1,0,0,0,0,8,1,1,1,0,0,0,1,0,0,27,40,39,4,1,9,13,2,1,0,0,1,0,0,0,0,0,0,0,0,0,0,0,0,0,,,1,27,51,27,18,6,0,0,0
PHI189704260,box,1897-04-26,0,PHI09,R,1,PHI,BSN,1,0,0,1,1,,41,8,12,18,1,1,1,,7,,7,0,0,0,0,0,0,0,0,0,13,1,1,1,0,0,0,0,0,0,27,45,40,8,8,14,20,4,1,0,0,4,0,3,0,1,0,0,0,0,0,0,0,0,0,,,1,27,41,27,12,2,0,0,0
PHI189704270,box,1897-04-27,0,PHI09,R,1,PHI,BSN,1,1,0,0,1,,42,10,14,17,1,1,0,,7,,1,0,3,0,0,1,0,1,0,0,7,1,1,1,0,0,0,1,0,0,27,47,44,8,7,18,24,2,2,0,0,3,0,2,0,0,0,0,0,0,0,0,0,0,0,,,1,27,37,27,9,1,0,0,0
PHI189704280,box,1897-04-28,0,PHI09,R,1,PHI,BSN,1,0,1,0,1,,35,5,10,14,2,1,0,,4,,7,0,4,0,0,3,0,0,1,0,13,1,1,1,0,0,0,0,1,0,24,40,35,6,5,9,12,1,1,0,0,5,0,1,0,0,0,0,0,0,0,0,0,0,0,,,1,24,33,24,6,3,0,0,0
PHI189704290,box,1897-04-29,0,PHI09,R,1,PHI,BRO,1,1,0,0,1,,38,12,14,20,1,1,1,,11,,5,0,2,0,2,2,0,1,0,0,8,1,1,0,0,0,1,1,0,0,27,47,43,11,11,16,23,3,2,0,0,3,0,2,0,1,0,0,0,1,0,0,0,0,0,,,1,27,46,27,17,2,1,0,0
PHI189704300,box,1897-04-30,0,PHI09,R,1,PHI,BRO,1,1,0,0,1,,33,5,8,9,1,0,0,,5,,3,0,4,0,1,2,0,0,1,0,7,1,1,1,0,0,0,1,0,0,27,35,30,2,1,5,6,1,0,0,0,5,0,3,1,0,0,0,0,0,0,0,0,0,0,,,1,27,44,27,15,2,1,0,0
PHI189705010,box,1897-05-01,0,PHI09,R,1,PHI,BRO,1,1,0,0,1,,37,3,10,13,3,0,0,,3,,4,0,3,0,0,2,0,0,1,0,10,1,1,1,0,0,0,1,0,0,30,46,39,2,1,8,9,1,0,0,0,4,0,0,0,2,1,0,0,0,0,0,0,0,0,,,1,30,43,30,11,2,0,0,0
BSN189705040,box,1897-05-04,0,BOS05,R,0,PHI,BSN,1,0,1,0,1,,36,2,11,12,1,0,0,,2,,4,0,10,0,1,0,0,0,0,0,12,1,1,1,0,0,0,0,1,0,24,38,31,5,5,8,9,1,0,0,0,5,0,1,0,2,0,0,0,0,0,0,0,0,0,,,1,24,34,24,10,0,0,0,0
BSN189705050,box,1897-05-05,0,BOS05,R,0,PHI,BSN,1,0,1,0,1,,39,5,13,14,1,0,0,,5,,5,0,2,0,1,1,0,1,0,0,14,1,1,1,0,0,0,0,1,0,24,36,35,7,2,14,14,0,0,0,0,1,0,2,0,0,0,0,0,0,0,0,0,0,0,,,1,24,38,24,12,2,0,0,0
PHI189705060,box,1897-05-06,0,PHI09,R,1,PHI,BLN,1,0,1,0,1,,37,5,10,14,1,0,1,,4,,4,0,4,1,0,0,0,0,0,0,9,1,1,1,0,0,0,0,1,0,24,40,35,7,5,12,16,2,1,0,0,4,0,2,0,1,0,0,0,3,0,0,0,0,0,,,1,24,36,24,9,3,0,0,0
PHI189705070,box,1897-05-07,0,PHI09,R,1,PHI,BLN,1,0,1,0,1,,40,11,13,18,5,0,0,,9,,6,0,4,2,3,0,0,0,0,0,11,1,1,0,0,0,1,0,1,0,24,48,41,13,11,19,21,2,0,0,0,5,0,2,0,2,0,0,0,0,0,0,0,0,0,,,1,24,34,24,9,1,0,0,0
PHI189705080,box,1897-05-08,0,PHI09,R,1,PHI,BLN,1,0,1,0,1,,36,2,9,12,3,0,0,,2,,3,0,2,0,0,0,0,2,0,0,10,1,1,1,0,0,0,0,1,0,24,34,32,4,0,6,6,0,0,0,0,1,0,1,0,1,0,0,0,0,0,0,0,0,0,,,1,24,36,23,9,4,0,0,0
SLN189705100,box,1897-05-10,0,STL05,R,0,PHI,SLN,1,1,0,0,1,,43,13,14,25,2,0,3,,13,,0,0,,0,0,1,0,1,0,0,4,1,1,1,0,0,0,1,0,0,27,34,33,1,0,8,8,0,0,0,0,1,0,,0,0,0,0,0,0,0,0,0,0,0,,,1,27,39,27,11,1,1,0,0
SLN189705121,box,1897-05-12,1,STL05,R,0,PHI,SLN,1,1,0,0,1,,27,3,5,8,1,1,0,,2,,3,0,1,0,1,2,0,1,0,0,6,1,1,1,0,0,0,1,0,0,27,41,34,2,2,11,13,2,0,0,0,4,1,,0,0,3,0,0,0,0,0,0,0,0,,,1,27,43,27,14,2,1,0,0
SLN189705122,box,1897-05-12,2,STL05,R,0,PHI,SLN,1,1,0,0,1,,39,5,15,18,3,0,0,,5,,0,0,3,1,0,0,0,4,0,0,9,1,1,1,0,0,0,1,0,0,27,41,35,4,4,8,9,1,0,0,0,3,1,,0,0,3,0,0,0,0,0,0,0,0,,,1,27,41,27,10,4,0,0,0
LS3189705130,box,1897-05-13,0,LOU03,R,0,PHI,LS3,1,1,0,0,1,,42,3,10,10,0,0,0,,3,,1,0,,0,1,2,0,2,1,0,10,1,1,1,0,0,0,1,0,0,36,45,45,2,2,12,13,1,0,0,0,0,0,,1,0,0,0,0,0,0,0,0,0,0,,,1,36,52,36,15,1,3,0,1
LS3189705140,box,1897-05-14,0,LOU03,R,0,PHI,LS3,1,1,0,0,1,,33,7,11,12,1,0,0,,6,,5,0,0,1,1,1,0,1,0,0,9,1,1,1,0,0,0,1,0,0,27,36,28,1,1,5,7,0,1,0,0,7,0,1,0,0,1,0,0,0,0,0,0,0,0,,,1,27,39,27,12,0,1,0,0
CIN189705170,box,1897-05-17,0,CIN05,R,0,PHI,CIN,1,0,1,0,1,,34,2,8,11,1,1,0,,1,,1,0,2,0,0,0,0,0,1,0,6,1,1,1,0,0,0,0,1,0,24,34,30,3,2,6,7,1,0,0,0,4,0,0,0,0,0,0,0,0,0,0,0,0,0,,,1,24,35,24,9,2,1,0,0
CIN189705180,box,1897-05-18,0,CIN05,R,0,PHI,CIN,1,0,1,0,1,,36,2,11,13,2,0,0,,2,,2,0,3,2,1,0,0,0,1,0,10,1,1,0,0,0,1,0,1,0,24,46,36,13,7,16,19,1,1,0,0,5,0,2,0,1,4,0,0,0,0,0,0,0,0,,,1,24,44,24,16,4,1,0,0
CIN189705190,box,1897-05-19,0,CIN05,R,0,PHI,CIN,1,0,1,0,1,,34,6,10,17,2,1,1,,6,,1,0,1,0,0,1,0,0,0,0,3,1,1,1,0,0,0,0,1,0,26,41,31,7,5,8,10,0,1,0,0,5,0,,1,3,2,0,0,0,0,0,0,0,0,,,1,26,46,26,15,5,1,0,0
PIT189705200,box,1897-05-20,0,PIT05,R,0,PHI,PIT,1,0,1,0,1,,34,4,3,4,1,0,0,,2,,3,0,0,0,0,0,0,0,1,0,6,1,1,1,0,0,0,0,1,0,24,36,30,10,8,10,21,0,4,1,0,4,0,0,0,1,1,0,0,1,0,0,0,0,0,,,1,24,44,24,17,3,0,0,0
PIT189705210,box,1897-05-21,0,PIT05,R,0,PHI,PIT,1,0,1,0,1,,34,5,9,13,0,2,0,,5,,5,0,1,0,1,0,0,2,2,0,8,1,1,0,0,0,1,0,1,0,24,42,37,6,5,14,17,1,1,0,0,4,0,0,1,0,1,0,0,0,0,0,0,0,0,,,1,24,39,24,12,3,2,0,0
PIT189705220,box,1897-05-22,0,PIT05,R,0,PHI,PIT,1,0,1,0,1,,34,1,9,11,2,0,0,,0,,0,0,3,1,0,0,0,0,0,0,6,1,1,1,0,0,0,0,1,0,24,31,30,2,2,7,10,1,1,0,0,1,0,4,0,0,0,0,0,0,0,0,0,0,0,,,1,24,38,24,13,1,0,0,0
CL4189705240,box,1897-05-24,0,CLE05,R,0,PHI,CL4,1,0,1,0,1,,40,8,14,19,2,0,1,,6,,2,0,3,0,0,0,0,4,2,0,7,1,1,1,0,0,0,0,1,0,24,42,38,9,9,16,22,4,1,0,0,3,1,1,0,0,1,0,0,0,0,0,0,0,0,,,1,24,33,24,8,1,0,0,0
CL4189705250,box,1897-05-25,0,CLE05,R,0,PHI,CL4,1,0,1,0,1,,47,9,16,24,4,2,0,,8,,1,0,2,0,1,0,0,1,0,0,13,1,1,0,0,0,1,0,1,0,25,45,34,10,9,11,16,3,1,0,0,10,0,0,0,1,0,0,0,0,0,0,0,0,0,,,1,25,37,25,11,1,0,0,0
CL4189705260,box,1897-05-26,0,CLE05,R,0,PHI,CL4,1,0,1,0,1,,38,2,12,15,1,1,0,,2,,1,0,4,0,0,1,0,0,0,0,11,1,1,1,0,0,0,0,1,0,24,38,35,4,3,12,13,1,0,0,0,3,0,1,0,0,0,0,0,0,0,0,0,0,0,,,1,24,32,24,7,1,0,0,0
CHN189705270,box,1897-05-27,0,CHI08,R,0,PHI,CHN,1,0,1,0,1,,36,3,9,9,0,0,0,,1,,2,0,2,0,0,0,0,1,1,0,8,1,1,1,0,0,0,0,1,0,27,36,34,6,4,9,11,2,0,0,0,1,0,2,0,0,1,0,0,0,0,0,0,0,0,,,1,27,42,27,12,3,1,0,1
CHN189705280,box,1897-05-28,0,CHI08,R,0,PHI,CHN,1,1,0,0,1,,40,11,18,33,1,4,2,,11,,3,0,1,1,0,0,0,1,2,0,8,1,1,1,0,0,0,1,0,0,27,42,34,7,3,9,9,0,0,0,0,5,0,2,0,1,2,0,0,0,0,0,0,0,0,,,1,27,41,27,12,2,0,0,0
CHN189705290,box,1897-05-29,0,CHI08,R,0,PHI,CHN,1,1,0,0,1,,37,11,14,15,1,0,0,,8,,2,0,3,0,0,1,0,3,1,0,5,1,1,0,0,0,1,1,0,1,27,45,38,10,6,14,23,0,3,1,0,2,0,3,0,2,3,0,0,0,0,0,0,0,0,,,1,27,42,27,12,3,1,0,0
PHI189705311,box,1897-05-31,1,PHI09,R,1,PHI,LS3,1,0,1,0,1,,31,2,8,8,0,0,0,,2,,5,0,0,1,0,2,0,1,0,0,9,1,1,1,0,0,0,0,1,0,24,32,30,4,4,8,11,0,0,1,0,2,0,0,1,0,0,0,0,0,0,0,0,0,0,,,1,24,34,24,10,0,1,0,0
PHI189705312,box,1897-05-31,2,PHI09,R,1,PHI,LS3,1,1,0,0,1,,38,14,12,17,0,1,1,,13,,9,0,5,0,2,0,0,3,0,0,8,1,1,1,1,0,0,1,0,0,27,38,36,0,0,10,10,0,0,0,0,2,0,5,0,0,0,0,0,0,0,0,0,0,0,,,1,27,37,27,10,0,0,0,0
PHI189706010,box,1897-06-01,0,PHI09,R,1,PHI,LS3,1,1,0,0,1,,32,7,10,11,1,0,0,,7,,4,0,0,0,0,1,0,1,0,0,6,1,1,1,0,0,0,1,0,0,27,39,32,2,1,7,8,1,0,0,0,6,0,1,1,1,0,0,0,0,0,0,0,0,0,,,1,27,41,27,13,1,2,0,0
PHI189706020,box,1897-06-02,0,PHI09,R,1,PHI,PIT,1,0,1,0,1,,30,2,6,9,1,1,0,,2,,4,0,1,0,0,0,0,0,2,0,5,1,1,1,0,0,0,0,1,0,27,40,35,5,4,10,11,1,0,0,0,3,0,3,0,0,2,0,0,0,0,0,0,0,0,,,1,27,44,27,14,3,0,0,0
PHI189706030,box,1897-06-03,0,PHI09,R,1,PHI,PIT,1,1,0,0,1,,34,10,8,17,2,2,1,,8,,4,0,3,0,0,1,0,2,1,0,5,1,1,1,0,0,0,1,0,0,27,36,34,1,1,8,9,1,0,0,0,1,0,1,0,0,1,0,0,0,0,0,0,0,0,,,1,27,36,27,8,1,0,0,0
PHI189706050,box,1897-06-05,0,PHI09,R,1,PHI,CIN,1,0,1,0,1,,33,1,7,9,2,0,0,,1,,1,0,1,0,0,1,0,0,0,0,7,1,1,0,0,0,1,0,1,0,27,39,35,6,6,9,15,6,0,0,0,2,0,0,0,0,2,0,0,0,0,0,0,0,0,,,1,27,50,27,20,3,0,0,0
PHI189706070,box,1897-06-07,0,PHI09,R,1,PHI,CIN,1,1,0,0,1,,29,4,8,9,1,0,0,,4,,4,0,,0,0,1,0,1,0,0,6,1,1,1,1,0,0,1,0,0,27,33,32,0,0,5,9,4,0,0,0,1,0,2,1,0,0,0,0,0,0,0,0,0,0,,,1,27,35,27,7,1,1,0,0
PHI189706101,box,1897-06-10,1,PHI09,R,1,PHI,CHN,1,1,0,0,1,,33,7,11,14,3,0,0,,4,,6,0,2,1,1,0,0,4,3,0,9,1,1,1,0,0,0,1,0,0,27,36,35,4,1,5,7,2,0,0,0,1,0,4,0,0,0,0,0,0,0,0,0,0,0,,,1,27,41,27,10,4,0,0,0
PHI189706102,box,1897-06-10,2,PHI09,R,1,PHI,CHN,1,0,1,0,1,,37,7,9,13,2,1,0,,7,,4,0,1,0,1,0,0,1,0,0,8,1,1,0,0,0,1,0,1,0,27,46,43,10,6,15,19,2,1,0,0,2,0,2,1,1,0,0,0,0,0,0,0,0,0,,,1,27,40,27,9,4,1,0,1
PHI189706110,box,1897-06-11,0,PHI09,R,1,PHI,CHN,1,1,0,0,1,,40,10,16,20,2,1,0,,8,,3,0,1,0,1,1,0,4,0,0,11,1,1,0,0,0,1,1,0,0,27,41,34,7,6,8,8,0,0,0,0,5,0,,0,0,2,0,0,0,0,0,0,0,0,,,1,27,41,27,11,3,0,0,0
PHI189706120,box,1897-06-12,0,PHI09,R,1,PHI,CL4,1,1,0,0,1,,35,5,10,18,3,1,1,,3,,1,0,4,0,0,1,0,0,0,0,8,1,1,1,1,0,0,1,0,0,27,32,31,0,0,5,6,1,0,0,0,1,0,5,1,0,0,0,0,0,0,0,0,0,0,,,1,27,41,27,14,0,1,0,0
PHI189706140,box,1897-06-14,0,PHI09,R,1,PHI,CL4,1,0,1,0,1,,33,4,7,10,3,0,0,,4,,2,0,3,0,0,0,0,0,0,0,4,1,1,0,0,0,1,0,1,0,27,48,40,10,9,15,18,3,0,0,0,8,0,3,0,0,0,0,0,1,0,0,0,0,0,,,1,27,38,27,9,2,0,0,0
PHI189706150,box,1897-06-15,0,PHI09,R,1,PHI,CL4,1,0,1,0,1,,23,3,6,9,0,0,1,,3,,3,0,0,0,0,0,0,0,0,0,7,1,1,1,0,0,0,0,1,0,18,29,24,4,1,5,7,0,1,0,0,2,0,3,0,2,1,0,0,0,0,0,0,0,0,,,1,18,25,15,6,4,0,0,0
PHI189706160,box,1897-06-16,0,PHI09,R,1,PHI,SLN,1,1,0,0,1,,36,8,11,15,2,1,0,,6,,4,0,1,0,0,1,0,0,0,0,9,1,1,0,0,0,1,1,0,0,27,42,36,7,3,9,9,0,0,0,0,2,0,2,0,1,3,0,0,1,0,0,0,0,0,,,1,27,46,27,15,4,1,0,0
PHI189706180,box,1897-06-18,0,PHI09,R,1,PHI,SLN,1,0,1,0,1,,36,4,12,12,0,0,0,,3,,3,0,2,0,1,1,0,0,0,0,10,1,1,1,0,0,0,0,1,0,27,49,39,9,4,14,16,2,0,0,0,6,0,3,1,1,3,0,0,0,0,0,0,0,0,,,1,27,44,27,14,3,1,0,0
PHI189706190,box,1897-06-19,0,PHI09,R,1,PHI,SLN,1,0,1,0,1,,37,4,11,13,2,0,0,,2,,2,0,0,0,0,0,0,1,1,0,8,1,1,1,0,0,0,0,1,0,27,39,35,5,5,13,15,2,0,0,0,2,0,1,2,0,2,0,0,0,0,0,0,0,0,,,1,27,37,27,10,0,2,0,0
WSN189706210,box,1897-06-21,0,WAS06,R,0,PHI,WSN,1,0,1,0,1,,32,2,9,11,0,1,0,,1,,3,0,4,1,1,0,0,2,2,0,7,1,1,1,0,0,0,0,1,0,24,38,37,9,8,14,30,2,1,4,0,1,0,3,0,0,0,0,0,0,0,0,0,0,0,,,1,24,34,24,8,2,0,0,0
WSN189706220,box,1897-06-22,0,WAS06,R,0,PHI,WSN,1,0,1,0,1,,46,11,20,30,5,1,1,,11,,3,0,0,2,0,3,0,2,0,0,11,1,1,0,0,0,1,0,1,0,29,48,41,12,11,15,22,1,3,0,0,6,0,4,0,0,1,0,0,0,0,0,0,0,0,,,1,29,46,29,13,4,1,0,0
WSN189706230,box,1897-06-23,0,WAS06,R,0,PHI,WSN,1,0,1,0,1,,35,2,7,9,2,0,0,,2,,0,0,0,2,0,0,0,0,0,0,6,1,1,1,0,0,0,0,1,0,24,43,39,12,7,15,21,2,2,0,0,0,0,2,0,3,1,0,0,0,0,0,0,0,0,,,1,24,43,24,16,3,0,0,0
BRO189706240,box,1897-06-24,0,NYC11,R,0,PHI,BRO,1,0,1,0,1,,37,5,12,14,0,1,0,,4,,1,0,2,0,0,0,0,0,2,0,6,1,1,1,0,0,0,0,1,0,24,38,35,7,3,12,14,2,0,0,0,0,0,1,0,0,3,0,0,0,0,0,0,0,0,,,1,24,38,24,10,4,2,0,1
BRO189706250,box,1897-06-25,0,NYC11,R,0,PHI,BRO,1,1,0,0,1,,44,13,19,27,3,1,1,,12,,2,0,3,0,0,0,0,3,1,0,6,1,1,1,0,0,0,1,0,0,27,40,38,11,10,11,22,3,1,2,0,2,0,2,0,0,0,0,0,0,0,0,0,0,0,,,1,27,42,27,13,2,0,0,0
BRO189706260,box,1897-06-26,0,NYC11,R,0,PHI,BRO,1,0,1,0,1,,34,3,8,13,0,1,1,,3,,1,0,4,1,0,1,0,0,0,0,6,1,1,1,0,0,0,0,1,0,24,37,34,5,5,10,13,0,0,1,0,3,0,1,0,0,0,0,0,0,0,0,0,0,0,,,1,24,40,24,14,2,0,0,0
PHI189706280,box,1897-06-28,0,PHI09,R,1,PHI,WSN,1,1,0,0,1,,37,7,16,18,2,0,0,,7,,2,0,,1,0,1,0,5,3,0,9,1,1,1,0,0,0,1,0,0,27,41,38,6,4,13,15,2,0,0,0,2,0,3,0,0,1,0,0,0,0,0,0,0,0,,,1,27,41,27,11,3,0,0,0
PHI189706290,box,1897-06-29,0,PHI09,R,1,PHI,WSN,1,1,0,0,1,,40,10,14,16,2,0,0,,8,,1,0,1,0,0,0,0,4,2,0,5,1,1,1,0,0,0,1,0,0,27,43,38,9,5,12,15,3,0,0,0,4,0,2,0,0,1,0,0,0,0,0,0,0,0,,,1,27,42,27,13,2,0,0,1
PHI189706300,box,1897-06-30,0,PHI09,R,1,PHI,WSN,1,0,1,0,1,,32,1,6,8,2,0,0,,1,,1,0,,0,1,0,0,0,2,0,6,1,1,1,0,0,0,0,1,0,27,39,36,3,0,7,8,1,0,0,0,2,0,0,0,1,0,0,0,0,0,0,0,0,0,,,1,27,41,27,11,3,0,0,0
PHI189707010,box,1897-07-01,0,PHI09,R,1,PHI,BRO,1,1,0,0,1,,43,16,20,30,3,2,1,,15,,6,0,2,0,2,1,0,2,0,0,12,1,1,1,0,0,0,1,0,0,27,39,35,2,0,8,8,0,0,0,0,2,0,1,0,2,0,0,0,0,0,0,0,0,0,,,1,27,37,27,8,2,0,0,1
PHI189707031,box,1897-07-03,1,PHI09,R,1,PHI,BRO,1,0,1,0,1,,31,2,5,6,1,0,0,,2,,4,0,1,0,0,0,0,1,1,0,6,1,1,1,0,0,0,0,1,0,27,36,33,5,5,9,10,1,0,0,0,3,0,0,0,0,0,0,0,0,0,0,0,0,0,,,1,27,43,27,15,1,0,0,0
PHI189707032,box,1897-07-03,2,PHI09,R,1,PHI,BRO,1,1,0,0,1,,35,7,11,13,0,1,0,,6,,3,0,0,0,1,0,0,3,1,0,8,1,1,1,0,0,0,1,0,0,27,38,35,5,2,10,13,3,0,0,0,2,0,3,0,0,1,0,0,0,0,0,0,0,0,,,1,27,40,27,10,3,1,0,0
PHI189707051,box,1897-07-05,1,PHI09,R,1,PHI,BSN,1,0,1,0,1,,33,2,7,9,0,1,0,,2,,3,0,3,0,1,1,0,3,0,0,9,1,1,1,0,0,0,0,1,0,27,35,33,3,3,7,9,0,1,0,0,2,0,1,0,0,0,0,0,0,0,0,0,0,0,,,1,27,37,27,9,1,0,0,0
PHI189707052,box,1897-07-05,2,PHI09,R,1,PHI,BSN,1,0,1,0,1,,34,5,11,15,2,1,0,,5,,1,0,4,1,0,3,0,0,0,0,6,1,1,1,0,0,0,0,1,0,27,43,41,8,8,13,16,3,0,0,0,0,0,4,0,2,0,0,0,0,0,0,0,0,0,,,1,27,38,27,9,2,0,0,0
PHI189707060,box,1897-07-06,0,PHI09,R,1,PHI,BSN,1,0,1,0,1,,32,2,7,7,0,0,0,,1,,2,0,,1,0,0,0,1,1,0,5,1,1,1,0,0,0,0,1,0,27,41,38,6,5,9,14,2,0,1,0,2,0,2,0,0,1,0,0,0,0,0,0,0,0,,,1,27,41,27,10,4,0,0,1
CIN189707080,box,1897-07-08,0,CIN05,R,0,PHI,CIN,1,0,1,0,1,,34,3,10,13,3,0,0,,3,,4,0,1,0,0,0,0,0,0,0,8,1,1,1,0,0,0,0,1,0,24,33,32,6,6,11,15,4,0,0,0,0,0,,0,0,1,0,0,0,0,0,0,0,0,,,1,24,37,24,13,0,0,0,2
CIN189707090,box,1897-07-09,0,CIN05,R,0,PHI,CIN,1,1,0,0,1,,55,19,28,37,7,1,0,,15,,5,0,,0,1,2,0,1,0,0,17,1,1,1,0,0,0,1,0,0,27,40,37,7,6,12,19,3,2,0,0,3,0,1,0,0,0,0,0,0,0,0,0,0,0,,,1,27,39,27,11,1,1,0,0
CIN189707100,box,1897-07-10,0,CIN05,R,0,PHI,CIN,1,0,1,0,1,,35,3,9,9,0,0,0,,3,,1,0,,0,0,1,0,1,0,0,7,1,1,1,0,0,0,0,1,0,24,38,34,6,4,11,14,3,0,0,0,4,0,0,0,0,0,0,0,0,0,0,0,0,0,,,1,24,37,24,10,3,0,0,0
LS3189707120,box,1897-07-12,0,LOU03,R,0,PHI,LS3,1,0,1,0,1,,41,7,14,20,1,1,1,,7,,5,1,2,0,0,0,0,0,1,0,12,1,1,1,0,0,0,0,1,0,27,44,40,10,9,16,27,0,1,3,0,2,0,,0,0,2,0,0,0,0,0,0,0,0,,,1,27,46,27,14,5,0,0,0
LS3189707131,box,1897-07-13,1,LOU03,R,0,PHI,LS3,1,1,0,0,1,,30,4,7,8,1,0,0,,2,,3,0,,1,0,1,0,0,1,0,6,1,1,1,0,0,0,1,0,0,27,35,30,3,3,5,8,0,0,1,0,4,0,,1,0,1,0,0,0,0,0,0,0,0,,,1,27,41,27,13,1,1,0,0
LS3189707132,box,1897-07-13,2,LOU03,R,0,PHI,LS3,1,1,0,0,1,,43,9,15,20,0,1,1,,8,,1,0,,0,0,1,0,1,0,0,12,1,1,1,0,0,0,1,0,0,27,40,38,7,6,11,14,1,1,0,0,1,0,,0,1,0,0,0,0,0,0,0,0,0,,,1,27,37,27,8,2,1,0,0
LS3189707140,box,1897-07-14,0,LOU03,R,0,PHI,LS3,1,1,0,0,1,,41,10,16,25,3,0,2,,6,,1,0,,0,0,0,0,4,1,0,5,1,1,1,0,0,0,1,0,0,27,42,36,5,4,8,11,3,0,0,0,4,1,,0,1,1,0,0,0,0,0,0,0,0,,,1,27,36,27,6,3,0,0,0
SLN189707150,box,1897-07-15,0,STL05,R,0,PHI,SLN,1,1,0,0,1,,27,2,7,7,0,0,0,,1,,1,0,0,0,0,3,0,0,0,0,5,1,1,1,1,0,0,1,0,0,27,33,30,0,0,3,3,0,0,0,0,2,0,,0,0,1,0,0,0,0,0,0,0,0,,,1,27,39,27,10,2,0,0,0
SLN189707160,box,1897-07-16,0,STL05,R,0,PHI,SLN,1,0,1,0,1,,41,9,13,21,2,0,2,,9,,2,0,0,1,0,0,0,4,0,0,7,1,1,1,0,0,0,0,1,0,25,43,38,10,8,12,21,2,2,1,0,4,0,0,0,0,1,0,0,0,0,0,0,0,0,,,1,25,37,25,9,3,0,0,0
SLN189707170,box,1897-07-17,0,STL05,R,0,PHI,SLN,1,0,1,0,1,,35,5,11,14,1,1,0,,5,,2,0,,0,0,2,0,3,1,0,7,1,1,0,0,0,1,0,1,0,24,43,39,10,9,19,25,4,1,0,0,2,0,1,0,0,2,0,0,0,0,0,0,0,0,,,1,24,37,24,12,1,1,0,0
CHN189707190,box,1897-07-19,0,CHI08,R,0,PHI,CHN,1,0,1,0,1,,38,6,8,11,1,1,0,,4,,4,0,2,1,1,0,0,3,0,0,10,1,1,1,0,0,0,0,1,0,26,39,34,7,3,8,12,4,0,0,0,4,1,3,0,0,1,0,0,0,0,0,0,0,0,,,1,26,37,26,7,4,1,0,0
CHN189707200,box,1897-07-20,0,CHI08,R,0,PHI,CHN,1,1,0,0,1,,39,9,14,14,0,0,0,,7,,3,0,2,0,1,1,0,2,0,0,8,1,1,1,0,0,0,1,0,0,27,41,41,6,6,15,19,2,1,0,0,0,0,2,0,0,0,0,0,0,0,0,0,0,0,,,1,27,37,26,11,0,1,0,0
CHN189707210,box,1897-07-21,0,CHI08,R,0,PHI,CHN,1,1,0,0,1,,40,10,13,22,2,2,1,,9,,6,0,1,0,0,0,0,5,0,0,9,1,1,1,0,0,0,1,0,0,27,46,40,8,6,10,13,0,0,1,0,6,0,2,1,0,0,0,0,0,0,0,0,0,0,,,1,27,43,27,12,4,1,0,0
CL4189707220,box,1897-07-22,0,CLE05,R,0,PHI,CL4,1,0,1,0,1,,34,4,9,11,2,0,0,,3,,4,0,1,0,0,0,0,2,0,0,7,1,1,1,0,0,0,0,1,0,27,42,36,6,4,11,18,3,2,0,0,5,0,3,0,0,1,0,0,1,0,0,0,0,0,,,1,27,39,27,10,2,0,0,0
CL4189707230,box,1897-07-23,0,CLE05,R,0,PHI,CL4,1,1,0,0,1,,34,6,10,15,1,2,0,,6,,1,0,,0,0,1,0,2,0,0,6,1,1,1,0,0,0,1,0,0,27,41,37,4,3,9,13,4,0,0,0,4,0,0,0,0,0,0,0,1,0,0,0,0,0,,,1,27,46,27,17,2,0,0,1
CL4189707240,box,1897-07-24,0,CLE05,R,0,PHI,CL4,1,1,0,0,1,,33,4,11,13,0,1,0,,3,,2,0,3,0,0,0,0,3,0,0,7,1,1,1,0,0,0,0,0,0,24,34,31,3,3,9,13,0,2,0,0,3,0,2,0,0,0,0,0,0,0,0,0,0,0,,,1,24,42,24,16,2,0,0,0
PIT189707260,box,1897-07-26,0,PIT05,R,0,PHI,PIT,1,1,0,0,1,,42,10,15,21,2,2,0,,10,,1,0,3,0,1,0,0,2,1,0,7,1,1,1,0,0,0,1,0,0,27,40,36,6,5,11,11,0,0,0,0,2,0,1,0,1,1,0,0,0,0,0,0,0,0,,,1,27,42,27,13,2,1,0,0
PIT189707281,box,1897-07-28,1,PIT05,R,0,PHI,PIT,1,1,0,0,1,,36,6,15,17,2,0,0,,5,,0,0,1,2,0,3,0,1,1,0,6,1,1,1,0,0,0,1,0,0,27,37,36,5,3,10,14,2,1,0,0,0,0,2,0,0,1,0,0,0,0,0,0,0,0,,,1,27,42,27,13,2,0,0,0
PIT189707282,box,1897-07-28,2,PIT05,R,0,PHI,PIT,1,1,0,0,1,,45,13,18,24,2,2,0,,8,,4,0,1,0,0,1,0,5,1,0,10,1,1,1,0,0,0,1,0,0,27,40,38,3,3,9,14,1,2,0,0,2,0,4,0,0,0,0,0,0,0,0,0,0,0,,,1,27,39,27,10,2,0,0,0
PHI189707300,box,1897-07-30,0,PHI09,R,1,PHI,BSN,1,0,1,0,1,,29,3,4,8,1,0,1,,2,,4,0,2,0,0,1,0,0,0,0,4,1,1,1,0,0,0,0,1,0,27,39,35,7,6,10,13,1,1,0,0,3,0,5,0,0,1,0,0,1,0,0,0,0,0,,,1,27,42,27,13,2,0,0,0
BLN189707310,box,1897-07-31,0,BAL07,R,0,PHI,BLN,1,0,1,0,1,,36,2,9,13,0,2,0,,2,,1,0,1,1,0,0,0,1,0,0,8,1,1,1,0,0,0,0,1,0,24,37,34,8,7,13,16,3,0,0,0,3,0,2,1,0,0,0,0,0,0,0,0,0,0,,,1,24,41,24,15,2,2,0,0
BLN189708020,box,1897-08-02,0,BAL07,R,0,PHI,BLN,1,0,1,0,1,,34,2,9,13,2,1,0,,2,,0,0,1,1,2,0,0,1,0,0,7,1,1,1,0,0,0,0,1,0,24,41,33,4,4,13,15,0,1,0,0,5,0,1,0,0,3,0,0,0,0,0,0,0,0,,,1,24,37,24,12,1,0,0,0
BLN189708030,box,1897-08-03,0,BAL07,R,0,PHI,BLN,1,1,0,0,1,,40,5,15,20,3,1,0,,4,,3,0,4,1,0,1,0,2,0,0,12,1,1,1,0,0,0,1,0,0,27,39,34,2,1,10,13,3,0,0,0,3,0,1,0,1,1,0,0,0,0,0,0,0,0,,,1,27,40,27,12,1,0,0,0
PHI189708050,box,1897-08-05,0,PHI09,R,1,PHI,NY1,1,1,0,0,1,,46,5,10,16,3,0,1,,4,,2,0,4,2,0,1,0,2,0,0,9,1,1,1,0,0,0,1,0,0,36,46,46,4,4,11,15,4,0,0,0,0,0,2,0,0,0,0,0,0,0,0,0,0,0,,,1,36,60,36,21,3,1,0,3
PHI189708060,box,1897-08-06,0,PHI09,R,1,PHI,NY1,1,0,1,0,1,,27,2,3,6,0,0,1,,2,,6,0,3,1,0,0,0,0,2,0,4,1,1,1,0,0,0,0,1,0,27,43,37,9,6,12,15,0,0,1,0,4,0,,0,1,1,0,0,1,0,0,0,0,0,,,1,27,40,27,12,1,0,0,1
PHI189708070,box,1897-08-07,0,PHI09,R,1,PHI,NY1,1,0,1,0,1,,32,1,5,6,1,0,0,,1,,2,0,1,0,0,0,0,1,0,0,6,1,1,0,0,0,1,0,1,0,27,46,41,11,8,16,20,2,1,0,0,4,0,0,1,0,1,0,0,0,0,0,0,0,0,,,1,27,46,27,16,3,1,0,0
WSN189708090,box,1897-08-09,0,WAS06,R,0,PHI,WSN,1,0,1,0,1,,30,2,7,7,0,0,0,,2,,1,0,3,0,0,1,0,1,3,0,3,1,1,1,0,0,0,0,1,0,24,34,32,5,4,14,14,0,0,0,0,0,0,0,1,0,2,0,0,0,0,0,0,0,0,,,1,24,37,24,12,1,2,0,0
WSN189708100,box,1897-08-10,0,WAS06,R,0,PHI,WSN,1,0,1,0,1,,42,6,11,19,3,1,1,,6,,1,0,1,1,0,0,0,1,0,0,7,1,1,1,0,0,0,0,1,0,29,41,37,7,6,9,15,1,1,1,0,2,1,1,0,0,2,0,0,1,0,0,0,0,0,,,1,29,42,29,11,2,0,0,0
WSN189708110,box,1897-08-11,0,WAS06,R,0,PHI,WSN,1,0,1,0,1,,30,0,5,5,0,0,0,,0,,2,0,2,1,0,0,0,3,0,0,5,1,1,1,0,0,0,0,1,0,24,39,32,6,4,10,16,0,0,2,0,4,0,1,0,0,3,0,0,0,0,0,0,0,0,,,1,24,39,24,13,2,0,0,0
PHI189708120,box,1897-08-12,0,PHI09,R,1,PHI,BLN,1,0,1,0,1,,38,7,15,17,2,0,0,,4,,2,0,2,0,0,0,0,3,1,0,6,1,1,1,0,0,0,0,1,0,27,44,40,11,5,16,20,4,0,0,0,3,0,1,1,0,1,0,0,0,0,0,0,0,0,,,1,27,48,27,15,6,2,0,0
PHI189708130,box,1897-08-13,0,PHI09,R,1,PHI,BLN,1,0,1,0,1,,32,1,6,9,3,0,0,,1,,4,0,4,1,0,0,0,0,0,0,8,1,1,1,0,0,0,0,1,0,27,44,43,8,5,17,18,1,0,0,0,0,0,1,0,0,1,0,0,0,0,0,0,0,0,,,1,27,41,26,12,3,0,0,0
PHI189708140,box,1897-08-14,0,PHI09,R,1,PHI,BLN,1,0,1,0,1,,41,10,14,19,3,1,0,,7,,5,0,2,2,0,1,0,0,1,0,7,1,1,1,0,0,0,0,1,0,28,48,45,11,8,20,25,5,0,0,0,0,0,0,0,0,3,0,0,0,0,0,0,0,0,,,1,28,47,28,16,3,0,0,0
NY1189708160,box,1897-08-16,0,NYC10,R,0,PHI,NY1,1,0,1,0,1,,34,2,10,13,1,1,0,,2,,5,0,3,0,0,2,0,0,1,0,12,1,1,1,0,0,0,0,1,0,24,38,32,7,7,12,15,0,0,1,0,3,0,2,0,2,1,0,0,2,0,0,0,0,0,,,1,24,42,24,17,1,1,0,0
NY1189708170,box,1897-08-17,0,NYC10,R,0,PHI,NY1,1,0,1,0,1,,37,8,12,16,0,2,0,,6,,4,0,8,0,1,0,0,0,1,0,7,1,1,1,0,0,0,0,1,0,24,40,34,10,9,11,11,0,0,0,0,5,0,1,1,1,0,0,0,0,0,0,0,0,0,,,1,24,35,24,9,2,1,0,1
NY1189708180,box,1897-08-18,0,NYC10,R,0,PHI,NY1,1,0,1,0,1,,41,5,16,20,2,1,0,,3,,2,0,2,1,0,1,0,1,1,0,12,1,1,1,0,0,0,0,1,0,24,36,32,8,6,12,17,1,2,0,0,3,0,0,0,0,1,0,0,0,0,0,0,0,0,,,1,24,43,24,17,2,0,0,0
PHI189708190,box,1897-08-19,0,PHI09,R,1,PHI,CIN,1,0,1,0,1,,36,3,9,16,1,3,0,,3,,3,0,2,0,0,0,0,1,0,0,9,1,1,1,0,0,0,0,1,0,27,38,36,4,4,9,11,2,0,0,0,2,0,3,0,0,0,0,0,0,0,0,0,0,0,,,1,27,38,27,10,1,0,0,0
PHI189708201,box,1897-08-20,1,PHI09,R,1,PHI,CIN,1,1,0,0,1,,28,6,6,12,1,1,1,,5,,3,0,1,0,2,0,0,0,2,0,4,1,1,1,0,0,0,1,0,0,27,34,34,2,2,7,8,1,0,0,0,0,0,0,0,0,0,0,0,0,0,0,0,0,0,,,1,27,36,27,8,1,0,0,0
PHI189708202,box,1897-08-20,2,PHI09,R,1,PHI,CIN,1,0,1,0,1,,32,3,6,12,3,0,1,,3,,0,0,5,0,1,1,0,0,0,0,4,1,1,1,0,0,0,0,1,0,27,35,34,4,4,9,15,1,1,1,0,1,0,2,0,0,0,0,0,0,0,0,0,0,0,,,1,27,36,27,9,0,1,0,0
PHI189708210,box,1897-08-21,0,PHI09,R,1,PHI,CIN,1,1,0,0,1,,31,8,12,18,1,1,1,,7,,4,0,0,0,0,3,0,0,1,0,6,1,1,1,0,0,0,1,0,0,27,33,32,1,0,5,5,0,0,0,0,1,0,0,1,0,0,0,0,0,0,0,0,0,0,,,1,27,46,27,18,1,1,0,2
PHI189708241,box,1897-08-24,1,PHI09,R,1,PHI,SLN,1,1,0,0,1,,38,8,13,14,1,0,0,,4,,4,0,2,1,0,0,0,0,0,0,7,1,1,1,0,0,0,1,0,0,27,42,37,7,6,11,13,2,0,0,0,3,0,,1,2,0,0,0,0,0,0,0,0,0,,,1,27,41,27,13,1,1,0,0
PHI189708242,box,1897-08-24,2,PHI09,R,1,PHI,SLN,1,1,0,0,1,,36,14,13,20,5,1,0,,13,,6,0,0,1,1,1,0,2,0,0,6,1,1,1,0,0,0,1,0,0,24,35,33,2,1,10,11,1,0,0,0,1,0,1,1,0,1,0,0,0,0,0,0,0,0,,,1,24,35,24,10,1,1,0,0
PHI189708250,box,1897-08-25,0,PHI09,R,1,PHI,SLN,1,1,0,0,1,,39,8,11,21,4,3,0,,7,,3,0,0,0,1,1,0,0,0,0,9,1,1,1,0,0,0,1,0,0,27,37,35,2,2,11,12,1,0,0,0,1,0,4,0,0,1,0,0,0,0,0,0,0,0,,,1,27,36,27,9,0,1,0,0
PHI189708260,box,1897-08-26,0,PHI09,R,1,PHI,PIT,1,0,1,0,1,,47,3,13,14,1,0,0,,2,,1,0,5,0,0,0,0,3,0,0,12,1,1,1,0,0,0,0,1,0,32,47,41,4,2,9,11,0,1,0,0,5,0,1,0,0,1,0,0,0,0,0,0,0,0,,,1,32,47,32,11,4,0,0,0
PHI189708270,box,1897-08-27,0,PHI09,R,1,PHI,PIT,1,0,1,0,1,,35,5,9,15,3,0,1,,4,,5,0,0,0,0,1,0,4,0,0,9,1,1,1,0,0,0,0,1,0,27,40,38,6,0,11,12,1,0,0,0,1,0,0,2,0,1,0,0,0,0,0,0,0,0,,,1,27,44,27,13,4,2,0,0
PHI189708280,box,1897-08-28,0,PHI09,R,1,PHI,PIT,1,0,1,0,1,,39,4,11,14,3,0,0,,3,,4,2,2,0,0,0,0,0,0,0,12,1,1,1,0,0,0,0,1,0,27,39,38,6,0,10,18,4,2,0,0,1,0,1,1,0,0,0,0,0,0,0,0,0,0,,,1,27,50,27,16,7,1,0,1
PHI189708310,box,1897-08-31,0,PHI09,R,1,PHI,LS3,1,1,0,0,1,,33,5,8,10,0,1,0,,3,,1,0,5,0,0,1,0,0,1,0,5,1,1,1,0,0,0,1,0,0,27,34,32,4,3,6,6,0,0,0,0,1,0,7,0,1,0,0,0,0,0,0,0,0,0,,,1,27,42,27,11,4,0,0,0
PHI189709010,box,1897-09-01,0,PHI09,R,1,PHI,LS3,1,1,0,0,1,,32,7,7,11,2,1,0,,5,,4,0,4,0,1,1,0,1,0,0,7,1,1,1,0,0,0,1,0,0,27,40,38,6,3,11,12,1,0,0,0,2,0,4,0,0,0,0,0,0,0,0,0,0,0,,,1,27,46,27,16,3,1,0,0
PHI189709020,box,1897-09-02,0,PHI09,R,1,PHI,LS3,1,0,1,0,1,,31,4,5,9,2,1,0,,4,,4,0,1,0,1,2,0,0,0,0,7,1,1,1,0,0,0,0,1,0,27,38,36,6,2,11,14,3,0,0,0,0,0,2,0,1,1,0,0,0,0,0,0,0,0,,,1,27,43,27,13,3,2,0,0
PHI189709040,box,1897-09-04,0,PHI09,R,1,PHI,CL4,1,0,1,0,1,,32,5,7,13,3,0,1,,5,,5,0,2,0,0,0,0,2,1,0,5,1,1,1,0,0,0,0,1,0,27,39,36,7,6,10,20,3,2,1,0,3,0,0,0,0,0,0,0,1,0,0,0,0,0,,,1,27,36,27,8,1,0,0,1
PHI189709061,box,1897-09-06,1,PHI09,R,1,PHI,CL4,1,1,0,0,1,,36,6,11,15,2,1,0,,5,,2,0,6,0,0,2,0,2,0,0,8,1,1,1,0,0,0,1,0,0,27,37,37,5,3,9,10,1,0,0,0,0,0,3,0,0,0,0,0,0,0,0,0,0,0,,,1,27,39,27,10,2,0,0,1
PHI189709062,box,1897-09-06,2,PHI09,R,1,PHI,CL4,1,0,1,0,1,,24,2,8,11,1,1,0,,2,,4,0,3,0,0,0,0,2,0,0,8,1,1,0,0,0,1,0,1,0,18,29,26,8,6,9,13,2,1,0,0,0,0,1,0,1,2,0,0,0,0,0,0,0,0,,,1,18,31,18,12,1,0,0,0
PHI189709080,box,1897-09-08,0,PHI09,R,1,PHI,CHN,1,0,1,0,1,,38,5,13,19,4,1,0,,5,,2,0,0,1,0,1,0,0,0,0,9,1,1,1,0,0,0,0,1,0,27,41,36,6,2,10,11,1,0,0,0,1,0,4,0,1,3,0,0,0,0,0,0,0,0,,,1,27,43,27,13,3,0,0,0
PHI189709090,box,1897-09-09,0,PHI09,R,1,PHI,CHN,1,1,0,0,1,,33,5,8,11,1,1,0,,5,,6,0,,2,0,1,0,0,0,0,9,1,1,1,0,0,0,1,0,0,27,42,32,4,4,11,13,2,0,0,0,7,0,0,1,1,2,0,0,1,0,0,0,0,0,,,1,27,44,27,16,1,3,0,0
PHI189709100,box,1897-09-10,0,PHI09,R,1,PHI,CHN,1,0,1,0,1,,34,6,8,11,1,1,0,,3,,6,0,3,0,0,0,0,0,0,0,10,1,1,1,0,0,0,0,1,0,24,35,33,8,8,12,18,4,1,0,0,1,0,2,0,0,1,0,0,1,0,0,0,0,0,,,1,24,36,24,9,3,0,0,0
BSN189709110,box,1897-09-11,0,BOS05,R,0,PHI,BSN,1,0,1,0,1,,32,0,7,8,1,0,0,,0,,2,0,3,1,0,0,0,1,0,0,7,1,1,1,0,0,0,0,1,0,24,40,33,11,10,12,24,3,0,3,0,5,0,2,1,1,1,0,0,0,0,0,0,0,0,,,1,24,35,24,9,2,2,0,0
BSN189709140,box,1897-09-14,0,BOS05,R,0,PHI,BSN,1,0,1,0,1,,33,4,6,13,1,0,2,,4,,1,0,2,0,0,0,0,0,0,0,3,1,1,1,0,0,0,0,1,0,24,38,33,6,2,11,12,1,0,0,0,4,0,0,0,0,1,0,0,0,0,0,0,0,0,,,1,24,36,24,9,3,0,0,0
BSN189709150,box,1897-09-15,0,BOS05,R,0,PHI,BSN,1,0,1,0,1,,31,1,4,7,1,1,0,,1,,1,0,3,0,0,1,0,0,0,0,5,1,1,1,0,0,0,0,1,0,24,41,36,9,9,12,17,5,0,0,0,4,0,0,0,0,1,0,0,0,0,0,0,0,0,,,1,24,36,24,10,2,0,0,0
BLN189709160,box,1897-09-16,0,BAL07,R,0,PHI,BLN,1,0,0,1,1,,35,4,10,13,0,0,1,,4,,1,0,1,0,0,1,0,3,0,0,6,1,1,1,0,0,0,0,0,0,27,40,34,4,2,13,14,1,0,0,0,3,0,4,2,3,0,0,0,1,0,0,0,0,0,,,1,27,41,27,12,2,4,0,0
BLN189709171,box,1897-09-17,1,BAL07,R,0,PHI,BLN,1,0,1,0,1,,35,6,11,12,1,0,0,,5,,1,0,1,1,0,0,0,3,0,0,3,1,1,0,0,0,1,0,1,0,24,43,38,11,11,16,23,5,1,0,0,2,0,2,0,1,2,0,0,0,0,0,0,0,0,,,1,24,36,24,9,3,0,0,0
BLN189709172,box,1897-09-17,2,BAL07,R,0,PHI,BLN,1,1,0,0,1,,30,2,7,11,2,1,0,,1,,1,0,1,0,0,1,0,0,0,0,3,1,1,1,0,0,0,1,0,0,27,33,30,1,1,5,7,0,1,0,0,3,0,0,0,0,0,0,0,0,0,0,0,0,0,,,1,27,36,27,8,1,1,0,0
BLN189709180,box,1897-09-18,0,BAL07,R,0,PHI,BLN,1,0,1,0,1,,34,3,8,10,2,0,0,,3,,4,0,2,1,0,0,0,0,1,0,8,1,1,0,0,0,1,0,1,0,24,43,36,8,8,15,19,4,0,0,0,4,0,3,0,1,2,0,0,0,0,0,0,0,0,,,1,24,35,24,11,0,0,0,1
PHI189709200,box,1897-09-20,0,PHI09,R,1,PHI,WSN,1,1,0,0,1,,31,2,9,11,2,0,0,,1,,8,0,6,0,0,0,0,6,1,0,13,1,1,1,0,0,0,1,0,0,27,33,32,1,1,6,7,1,0,0,0,1,0,3,0,0,0,0,0,0,0,0,0,0,0,,,1,27,38,27,11,0,1,0,0
PHI189709210,box,1897-09-21,0,PHI09,R,1,PHI,WSN,1,0,1,0,1,,34,4,5,5,0,0,0,,4,,3,0,0,1,0,1,0,1,0,0,7,1,1,1,0,0,0,0,1,0,27,40,35,5,2,9,11,2,0,0,0,4,0,5,0,0,1,0,0,1,0,0,0,0,0,,,1,27,42,27,11,4,0,0,0
PHI189709220,box,1897-09-22,0,PHI09,R,1,PHI,WSN,1,1,0,0,1,,32,5,8,12,1,0,1,,4,,6,1,3,0,0,2,0,2,0,0,10,1,1,1,0,0,0,1,0,0,27,42,37,4,4,10,11,1,0,0,0,5,0,1,1,0,0,0,0,0,0,0,0,0,0,,,1,27,44,27,12,5,1,0,1
BRO189709240,box,1897-09-24,0,NYC11,R,0,PHI,BRO,1,0,1,0,1,,38,9,14,16,2,0,0,,6,,2,0,1,2,0,1,0,1,1,0,5,1,1,1,0,0,0,0,1,0,24,44,38,10,9,15,20,1,2,0,0,5,0,1,1,1,0,0,0,1,0,0,0,0,0,,,1,24,39,24,13,2,2,0,0
BRO189709251,box,1897-09-25,1,NYC11,R,0,PHI,BRO,1,0,1,0,1,,36,3,8,9,1,0,0,,1,,0,0,4,1,0,0,0,0,0,0,6,1,1,1,0,0,0,0,1,0,24,44,38,15,9,16,21,3,1,0,0,5,0,0,1,0,1,0,0,1,0,0,0,0,0,,,1,24,41,24,12,5,2,0,1
BRO189709252,box,1897-09-25,2,NYC11,R,0,PHI,BRO,1,0,1,0,1,,31,0,4,5,1,0,0,,0,,1,0,3,0,0,0,0,1,1,0,5,1,1,1,0,0,0,0,1,0,24,32,28,3,3,8,10,0,1,0,0,3,0,1,0,0,1,0,0,0,0,0,0,0,0,,,1,24,42,24,17,1,1,0,0
NY1189709290,box,1897-09-29,0,NYC10,R,0,PHI,NY1,1,0,1,0,1,,35,1,11,16,2,0,1,,1,,2,0,8,2,0,0,0,0,0,0,9,1,1,1,0,0,0,0,1,0,24,36,35,7,3,8,11,1,1,0,0,1,0,1,0,0,0,0,0,2,0,0,0,0,0,,,1,24,40,24,11,5,0,0,1
NY1189709300,box,1897-09-30,0,NYC10,R,0,PHI,NY1,1,0,1,0,1,,35,5,8,14,4,1,0,,5,,4,0,6,0,0,0,0,0,1,0,7,1,1,1,0,0,0,0,1,0,24,41,38,6,6,14,18,2,1,0,0,2,0,2,1,0,1,0,0,0,0,0,0,0,0,,,1,24,37,24,11,2,1,0,1
NY1189710020,box,1897-10-02,0,NYC10,R,0,PHI,NY1,1,1,0,0,1,,42,18,19,22,3,0,0,,15,,4,0,0,0,0,1,0,1,0,0,8,1,1,1,0,0,0,1,0,0,21,30,28,5,4,8,12,2,1,0,0,1,0,3,1,1,0,0,0,1,0,0,0,0,0,,,1,21,31,21,9,1,1,0,0
SLN189704220,box,1897-04-22,0,STL05,R,0,PIT,SLN,1,1,0,0,1,,31,4,9,13,4,0,0,,2,,1,0,4,2,0,1,0,2,0,0,5,1,1,1,0,0,0,1,0,0,27,32,30,1,1,6,6,0,0,0,0,1,0,4,0,0,1,0,0,0,0,0,0,0,0,,,1,27,41,27,13,1,1,0,0
SLN189704240,box,1897-04-24,0,STL05,R,0,PIT,SLN,1,0,1,0,1,,24,1,5,10,3,1,0,,1,,2,0,0,0,1,0,0,1,0,0,8,1,1,1,0,0,0,0,1,0,15,28,19,5,3,5,9,2,1,0,0,8,0,,1,0,1,0,0,0,0,0,0,0,0,,,1,15,22,15,5,2,1,0,0
LS3189704260,box,1897-04-26,0,LOU03,R,0,PIT,LS3,1,0,0,1,1,,44,3,9,15,1,1,1,,3,,7,0,,0,1,0,0,4,0,0,13,1,1,1,0,0,0,0,0,0,38,47,41,3,3,8,13,0,1,1,0,2,0,6,1,0,4,0,0,0,0,0,0,0,0,,,1,38,65,38,24,3,1,0,0
LS3189704270,box,1897-04-27,0,LOU03,R,0,PIT,LS3,1,0,1,0,1,,36,6,11,16,1,2,0,,6,,5,0,,1,0,1,0,3,0,0,9,1,1,1,0,0,0,0,1,0,27,43,34,8,4,7,12,1,2,0,0,5,0,1,0,2,2,0,0,0,0,0,0,0,0,,,1,27,44,27,12,5,0,0,1
LS3189704280,box,1897-04-28,0,LOU03,R,0,PIT,LS3,1,1,0,0,1,,29,2,4,5,1,0,0,,2,,1,0,,0,1,0,0,0,0,0,5,1,1,1,0,0,0,1,0,0,27,33,26,1,1,4,5,1,0,0,0,5,0,,0,0,2,0,0,0,0,0,0,0,0,,,1,27,38,27,11,0,0,0,0
CIN189704290,box,1897-04-29,0,CIN05,R,0,PIT,CIN,1,1,0,0,1,,37,8,11,19,3,1,1,,8,,5,0,,2,0,0,0,0,0,0,7,1,1,1,0,0,0,1,0,0,27,41,36,7,4,9,13,2,1,0,0,3,0,0,1,0,2,0,0,0,1,0,0,0,0,,,1,27,40,27,11,2,1,0,0
PIT189705030,box,1897-05-03,0,PIT05,R,1,PIT,LS3,1,1,0,0,1,,32,7,10,15,2,0,1,,7,,5,0,,1,0,0,0,2,1,0,6,1,1,1,0,0,0,1,0,0,27,34,33,4,4,8,11,1,1,0,0,1,0,8,1,0,0,0,0,0,0,0,0,0,0,,,1,27,38,26,11,1,1,0,0
PIT189705051,box,1897-05-05,1,PIT05,R,1,PIT,LS3,1,0,1,0,1,,35,8,12,20,1,2,1,,8,,6,0,1,1,0,0,0,3,0,0,6,1,1,0,0,0,1,0,1,0,27,43,35,10,8,12,19,2,1,1,0,6,0,5,0,0,2,0,0,2,0,0,0,0,0,,,1,27,40,27,12,1,0,0,0
PIT189705052,box,1897-05-05,2,PIT05,R,1,PIT,LS3,1,1,0,0,1,,30,3,6,9,1,1,0,,2,,1,0,2,0,3,0,0,2,1,0,7,1,1,1,0,0,0,1,0,0,27,32,32,2,2,5,8,1,1,0,0,0,0,4,1,0,0,0,0,0,0,0,0,0,0,,,1,27,44,27,16,1,1,0,0
PIT189705060,box,1897-05-06,0,PIT05,R,1,PIT,CIN,1,1,0,0,1,,30,3,8,11,1,1,0,,3,,4,0,0,1,0,0,0,1,1,0,7,1,1,1,0,0,0,1,0,0,27,35,33,1,1,7,7,0,0,0,0,0,0,2,1,2,0,0,0,0,1,0,0,0,0,,,1,27,40,27,12,1,1,0,1
PIT189705070,box,1897-05-07,0,PIT05,R,1,PIT,CIN,1,1,0,0,1,,36,7,13,21,0,4,0,,7,,5,0,3,0,1,0,0,2,0,0,11,1,1,1,0,0,0,1,0,0,27,39,32,6,5,12,16,1,0,1,0,2,0,1,1,0,4,0,0,0,1,0,0,0,0,,,1,27,51,27,21,3,3,0,0
PIT189705080,box,1897-05-08,0,PIT05,R,1,PIT,CIN,1,1,0,0,1,,34,9,12,18,1,1,1,,8,,3,0,1,0,1,2,0,3,1,0,7,1,1,1,0,0,0,1,0,0,27,38,35,1,1,8,12,0,2,0,0,1,0,2,0,2,0,0,0,0,0,0,0,0,0,,,1,27,36,27,8,1,0,0,1
PIT189705100,box,1897-05-10,0,PIT05,R,1,PIT,BSN,1,1,0,0,1,,30,4,6,7,1,0,0,,2,,1,0,2,0,0,0,0,0,0,0,3,1,1,1,0,0,0,1,0,0,27,37,37,2,2,12,14,0,1,0,0,0,0,1,2,0,0,0,0,0,0,0,0,0,0,,,1,27,40,27,12,1,2,0,0
PIT189705110,box,1897-05-11,0,PIT05,R,1,PIT,BSN,1,0,1,0,1,,32,0,7,7,0,0,0,,0,,2,0,2,1,1,0,0,0,1,0,8,1,1,1,0,0,0,0,1,0,27,34,32,2,2,4,8,2,1,0,0,2,0,1,0,0,0,0,0,0,0,0,0,0,0,,,1,27,43,27,14,2,0,0,0
PIT189705120,box,1897-05-12,0,PIT05,R,1,PIT,BSN,1,0,1,0,1,,28,1,4,4,0,0,0,,1,,5,0,2,1,0,1,0,0,0,0,6,1,1,1,0,0,0,0,1,0,27,35,33,3,1,7,9,0,1,0,0,1,0,2,0,0,1,0,0,0,0,0,0,0,0,,,1,27,39,27,10,2,0,0,0
PIT189705130,box,1897-05-13,0,PIT05,R,1,PIT,WSN,1,0,1,0,1,,36,4,8,8,0,0,0,,4,,5,0,3,0,0,0,0,2,0,0,10,1,1,1,0,0,0,0,1,0,27,41,40,7,5,14,16,0,1,0,0,0,0,1,0,0,1,0,0,0,0,0,0,0,0,,,1,27,54,27,22,5,0,0,0
PIT189705140,box,1897-05-14,0,PIT05,R,1,PIT,WSN,1,1,0,0,1,,32,7,7,9,0,1,0,,7,,1,0,2,1,2,0,0,1,1,0,4,1,1,1,0,0,0,1,0,0,27,34,33,1,1,5,6,1,0,0,0,0,0,5,0,1,0,0,0,0,0,0,0,0,0,,,1,27,35,27,7,1,0,0,0
PIT189705150,box,1897-05-15,0,PIT05,R,1,PIT,WSN,1,1,0,0,1,,28,2,6,8,2,0,0,,2,,5,0,0,1,1,0,0,0,2,0,8,1,1,1,1,0,0,1,0,0,27,32,30,0,0,5,7,2,0,0,0,2,0,2,0,0,0,0,0,0,0,0,0,0,0,,,1,27,41,27,14,0,0,0,0
PIT189705170,box,1897-05-17,0,PIT05,R,1,PIT,NY1,1,1,0,0,1,,29,3,6,8,0,1,0,,3,,0,0,3,0,1,0,0,1,2,0,3,1,1,1,0,0,0,1,0,0,27,34,30,2,2,2,2,0,0,0,0,4,0,3,0,0,0,0,0,0,0,0,0,0,0,,,1,27,39,27,11,1,0,0,0
PIT189705180,box,1897-05-18,0,PIT05,R,1,PIT,NY1,1,0,1,0,1,,36,5,9,11,2,0,0,,4,,4,0,,1,1,0,0,1,1,0,9,1,1,0,0,0,1,0,1,0,27,45,42,11,7,16,30,0,4,2,0,2,0,7,0,1,0,0,0,0,0,0,0,0,0,,,1,27,44,27,13,4,0,0,1
PIT189705190,box,1897-05-19,0,PIT05,R,1,PIT,NY1,1,1,0,0,1,,32,11,9,16,1,0,2,,10,,2,0,0,0,1,2,0,3,1,0,2,1,1,1,0,0,0,1,0,0,27,38,36,5,5,9,12,1,1,0,0,1,0,1,0,0,1,0,0,0,0,0,0,0,0,,,1,27,41,27,14,0,0,0,0
PIT189705200,box,1897-05-20,0,PIT05,R,1,PIT,PHI,1,1,0,0,1,,30,10,10,21,0,4,1,,9,,4,0,0,0,1,1,0,1,0,0,2,1,1,1,0,0,0,1,0,0,27,37,34,4,2,3,4,1,0,0,0,3,0,0,0,0,0,0,0,1,0,0,0,0,0,,,1,27,44,27,12,5,0,0,0
PIT189705210,box,1897-05-21,0,PIT05,R,1,PIT,PHI,1,1,0,0,1,,37,6,14,17,1,1,0,,5,,4,0,0,1,0,1,0,2,0,0,12,1,1,1,0,0,0,1,0,0,27,40,34,5,5,9,13,0,2,0,0,5,0,1,0,1,0,0,0,0,0,0,0,0,0,,,1,27,41,27,13,1,0,0,0
PIT189705220,box,1897-05-22,0,PIT05,R,1,PIT,PHI,1,1,0,0,1,,30,2,7,10,1,1,0,,2,,1,0,4,0,0,0,0,1,2,0,5,1,1,1,0,0,0,1,0,0,27,34,34,1,1,9,11,2,0,0,0,0,0,3,1,0,0,0,0,0,0,0,0,0,0,,,1,27,42,27,15,0,1,0,0
PIT189705250,box,1897-05-25,0,PIT05,R,1,PIT,BLN,1,0,1,0,1,,37,2,8,8,0,0,0,,2,,1,0,2,0,0,0,0,2,0,0,9,1,1,1,0,0,0,0,1,0,27,39,34,6,6,11,14,1,1,0,0,3,0,5,1,2,0,0,0,0,0,0,0,0,0,,,1,27,35,27,8,0,2,0,0
PIT189705260,box,1897-05-26,0,PIT05,R,1,PIT,BLN,1,0,1,0,1,,35,8,8,14,0,3,0,,8,,2,0,0,0,3,0,0,1,0,0,5,1,1,0,0,0,1,0,1,0,27,45,40,10,7,14,18,2,1,0,0,2,0,1,1,2,1,0,0,0,0,0,0,0,0,,,1,27,41,27,11,3,1,0,0
PIT189705270,box,1897-05-27,0,PIT05,R,1,PIT,BRO,1,0,1,0,1,,32,3,6,10,1,0,1,,3,,3,0,3,0,1,0,0,0,1,0,6,1,1,1,0,0,0,0,1,0,27,39,34,5,4,10,12,0,1,0,0,2,0,3,0,1,2,0,0,0,0,0,0,0,0,,,1,27,41,27,12,2,0,0,0
PIT189705291,box,1897-05-29,1,PIT05,R,1,PIT,BRO,1,1,0,0,1,,28,5,7,7,0,0,0,,5,,4,0,1,0,1,2,0,3,2,0,6,1,1,1,0,0,0,1,0,0,27,38,36,4,4,6,7,1,0,0,0,1,0,4,0,1,0,0,0,0,0,0,0,0,0,,,1,27,48,27,16,5,1,0,1
PIT189705292,box,1897-05-29,2,PIT05,R,1,PIT,BRO,1,1,0,0,1,,33,9,13,19,0,3,0,,9,,3,0,0,1,0,0,0,2,1,0,3,1,1,1,0,0,0,1,0,0,27,43,39,7,4,11,19,2,3,0,0,3,0,,0,1,0,0,0,0,0,0,0,0,0,,,1,27,43,27,13,3,0,0,0
NY1189705310,box,1897-05-31,0,NYC10,R,0,PIT,NY1,1,0,1,0,1,,39,2,13,14,1,0,0,,2,,2,0,6,1,0,0,0,0,0,0,12,1,1,0,0,0,1,0,1,0,24,41,37,10,4,14,16,2,0,0,0,2,0,,1,2,0,0,0,0,0,0,0,0,0,,,1,24,45,24,15,6,1,0,0
NY1189706010,box,1897-06-01,0,NYC10,R,0,PIT,NY1,1,1,0,0,1,,21,7,3,3,0,0,0,,2,,4,0,3,0,2,3,0,0,0,0,5,1,1,1,0,0,0,0,0,0,15,25,22,4,4,6,7,1,0,0,0,3,0,4,0,0,0,0,0,0,0,0,0,0,0,,,1,15,19,14,4,1,0,0,1
PHI189706020,box,1897-06-02,0,PHI09,R,0,PIT,PHI,1,1,0,0,1,,35,5,10,11,1,0,0,,4,,3,0,3,0,0,2,0,0,0,0,8,1,1,1,0,0,0,1,0,0,27,34,30,2,2,6,9,1,1,0,0,4,0,1,0,0,0,0,0,0,0,0,0,0,0,,,1,27,39,27,11,1,0,0,0
PHI189706030,box,1897-06-03,0,PHI09,R,0,PIT,PHI,1,0,1,0,1,,34,1,8,9,1,0,0,,1,,1,0,1,0,0,1,0,1,0,0,8,1,1,0,0,0,1,0,1,0,24,39,34,10,7,8,17,2,2,1,0,4,0,3,0,0,1,0,0,0,0,0,0,0,0,,,1,24,42,24,14,4,0,0,0
BSN189706050,box,1897-06-05,0,BOS05,R,0,PIT,BSN,1,0,1,0,1,,35,3,7,10,0,0,1,,4,,4,1,1,0,0,0,0,0,0,0,9,1,1,1,0,0,0,0,1,0,24,32,26,5,4,6,9,0,0,1,0,3,0,,0,0,3,0,0,0,0,0,0,0,0,,,1,24,37,24,13,0,0,0,1
BSN189706070,box,1897-06-07,0,BOS05,R,0,PIT,BSN,1,0,1,0,1,,34,0,7,8,1,0,0,,0,,2,0,3,0,0,0,0,2,0,0,9,1,1,1,0,0,0,0,1,0,24,37,32,4,1,11,12,1,0,0,0,3,0,1,0,1,1,0,0,0,0,0,0,0,0,,,1,24,41,24,10,7,0,0,1
BSN189706080,box,1897-06-08,0,BOS05,R,0,PIT,BSN,1,0,1,0,1,,38,4,11,14,0,0,1,,4,,2,0,1,0,0,0,0,0,0,0,9,1,1,1,0,0,0,0,1,0,24,38,33,8,6,11,15,2,1,0,0,4,0,1,0,0,1,0,0,0,0,0,0,0,0,,,1,24,48,24,21,3,0,0,0
BRO189706100,box,1897-06-10,0,NYC11,R,0,PIT,BRO,1,0,1,0,1,,34,2,6,7,1,0,0,,2,,4,0,,0,0,1,0,2,0,0,10,1,1,1,0,0,0,0,1,0,26,33,30,3,2,4,5,1,0,0,0,2,0,,1,1,0,0,0,0,0,0,0,0,0,,,1,26,40,25,12,3,1,0,0
BRO189706110,box,1897-06-11,0,NYC11,R,0,PIT,BRO,1,0,1,0,1,,34,3,7,10,1,1,0,,3,,1,0,,0,0,2,0,2,1,0,7,1,1,1,0,0,0,0,1,0,24,32,29,4,4,7,8,1,0,0,0,3,0,3,1,0,0,0,0,1,0,0,0,0,0,,,1,24,33,24,8,1,2,0,0
WSN189706120,box,1897-06-12,0,WAS06,R,0,PIT,WSN,1,0,1,0,1,,34,2,8,8,0,0,0,,0,,1,0,7,1,4,0,0,2,1,0,10,1,1,1,0,0,0,0,1,0,24,31,29,4,4,8,15,3,2,0,0,2,0,3,0,0,0,0,0,0,0,0,0,0,0,,,1,24,35,24,11,0,0,0,0
WSN189706140,box,1897-06-14,0,WAS06,R,0,PIT,WSN,1,0,1,0,1,,36,2,9,10,1,0,0,,2,,2,0,5,0,0,0,0,1,0,0,9,1,1,1,0,0,0,0,1,0,24,46,40,16,12,18,28,2,1,2,0,4,0,0,0,1,1,0,0,0,0,0,0,0,0,,,1,24,39,23,14,2,0,0,0
WSN189706150,box,1897-06-15,0,WAS06,R,0,PIT,WSN,1,1,0,0,1,,39,10,12,17,0,1,1,,10,,3,0,1,1,2,1,0,0,0,0,8,1,1,0,0,0,1,1,0,0,27,44,38,8,7,15,17,2,0,0,0,5,0,3,1,1,0,0,0,1,0,0,0,0,0,,,1,27,41,26,13,2,1,0,2
BLN189706160,box,1897-06-16,0,BAL07,R,0,PIT,BLN,1,0,1,0,1,,30,3,6,6,0,0,0,,2,,5,0,2,2,0,1,0,1,0,0,6,1,1,0,0,0,1,0,1,0,24,38,36,10,5,11,14,1,1,0,0,1,0,2,1,1,0,0,0,1,0,0,0,0,0,,,1,24,39,24,11,4,1,0,0
BLN189706180,box,1897-06-18,0,BAL07,R,0,PIT,BLN,1,0,1,0,1,,39,9,16,21,2,0,1,,8,,3,0,5,0,1,0,0,2,1,0,7,1,1,1,0,0,0,0,1,0,24,40,37,11,8,16,24,4,2,0,0,1,0,0,0,2,0,0,0,0,0,0,0,0,0,,,1,24,39,23,14,2,0,0,0
BLN189706190,box,1897-06-19,0,BAL07,R,0,PIT,BLN,1,1,0,0,1,,34,7,8,11,1,1,0,,7,,4,0,,0,0,2,0,2,0,0,6,1,1,1,0,0,0,1,0,0,27,33,31,1,1,5,6,1,0,0,0,2,0,,0,0,0,0,0,0,0,0,0,0,0,,,1,27,45,27,16,2,0,0,0
PIT189706210,box,1897-06-21,0,PIT05,R,1,PIT,CHN,1,0,1,0,1,,33,2,8,13,1,2,0,,1,,1,0,3,0,0,2,0,0,0,0,7,1,1,1,0,0,0,0,1,0,27,40,39,6,6,10,15,1,2,0,0,1,0,4,0,0,0,0,0,0,0,0,0,0,0,,,1,27,45,27,15,3,0,0,0
PIT189706220,box,1897-06-22,0,PIT05,R,1,PIT,CHN,1,1,0,0,1,,32,7,10,12,0,1,0,,3,,7,0,2,0,0,1,0,5,1,0,9,1,1,1,0,0,0,1,0,0,27,38,36,3,3,10,18,0,4,0,0,2,0,4,1,0,0,0,0,0,0,0,0,0,0,,,1,27,41,27,12,2,1,0,0
PIT189706230,box,1897-06-23,0,PIT05,R,1,PIT,CHN,1,1,0,0,1,,45,6,16,18,2,0,0,,6,,2,0,6,1,1,1,0,0,0,0,11,1,1,1,0,0,0,1,0,0,33,47,43,5,3,10,12,0,1,0,0,3,0,2,0,1,0,0,0,0,0,0,0,0,0,,,1,33,50,33,14,3,1,0,0
PIT189706240,box,1897-06-24,0,PIT05,R,1,PIT,SLN,1,0,1,0,1,,41,6,9,12,3,0,0,,5,,5,0,3,0,0,4,0,3,1,0,8,1,1,0,0,0,1,0,1,0,36,55,54,7,5,18,21,1,1,0,0,1,0,1,1,0,0,0,0,0,0,0,0,0,0,,,1,36,58,36,17,5,1,0,3
PIT189706250,box,1897-06-25,0,PIT05,R,1,PIT,SLN,1,1,0,0,1,,32,6,10,12,2,0,0,,6,,5,0,0,0,0,1,0,0,0,0,8,1,1,1,0,0,0,1,0,0,27,39,36,4,3,10,16,2,2,0,0,1,0,5,0,1,1,0,0,0,0,0,0,0,0,,,1,27,39,27,11,1,0,0,1
PIT189706260,box,1897-06-26,0,PIT05,R,1,PIT,SLN,1,1,0,0,1,,29,5,7,10,1,1,0,,5,,2,0,1,0,1,1,0,0,2,0,4,1,1,1,0,0,0,1,0,0,27,37,35,3,3,8,8,0,0,0,0,1,0,4,1,1,0,0,0,0,0,0,0,0,0,,,1,27,41,27,13,1,1,0,0
CL4189706280,box,1897-06-28,0,CLE05,R,0,PIT,CL4,1,0,1,0,1,,33,2,8,10,0,1,0,,1,,0,0,4,1,0,0,0,0,0,0,4,1,1,1,0,0,0,0,1,0,27,45,44,12,12,17,21,4,0,0,0,0,0,3,0,0,1,0,0,0,0,0,0,0,0,,,1,27,43,27,14,2,1,0,0
CL4189706290,box,1897-06-29,0,CLE05,R,0,PIT,CL4,1,1,0,0,1,,32,9,9,11,0,1,0,,8,,3,0,1,0,1,0,0,0,0,0,3,1,1,1,0,0,0,1,0,0,27,39,31,3,3,7,7,0,0,0,0,6,0,1,0,1,1,0,0,0,0,0,0,0,0,,,1,27,39,27,12,0,0,0,0
CL4189706300,box,1897-06-30,0,CLE05,R,0,PIT,CL4,1,0,1,0,1,,35,3,9,11,2,0,0,,1,,1,0,1,1,0,0,0,0,0,0,6,1,1,1,0,0,0,0,1,0,27,52,46,14,8,20,23,3,0,0,0,4,0,0,0,0,2,0,0,1,0,0,0,0,0,,,1,27,47,27,17,3,0,0,0
CHN189707010,box,1897-07-01,0,CHI08,R,0,PIT,CHN,1,0,1,0,1,,40,5,10,12,2,0,0,,4,,0,0,2,1,1,0,0,2,0,0,9,1,1,1,0,0,0,0,1,0,24,45,42,13,12,19,27,4,2,0,0,3,0,1,0,0,0,0,0,0,0,0,0,0,0,,,1,24,40,24,14,2,1,0,0
CHN189707020,box,1897-07-02,0,CHI08,R,0,PIT,CHN,1,0,1,0,1,,35,4,9,13,2,1,0,,4,,6,0,0,0,1,0,0,0,2,0,11,1,1,1,0,0,0,0,1,0,24,39,34,7,7,9,12,1,1,0,0,4,1,6,1,0,0,0,0,0,1,0,0,0,0,,,1,24,34,24,7,3,1,0,0
CHN189707030,box,1897-07-03,0,CHI08,R,0,PIT,CHN,1,1,0,0,1,,33,8,6,7,1,0,0,,5,,5,0,2,0,0,3,0,6,0,0,6,1,1,1,0,0,0,1,0,0,27,30,28,2,1,3,3,0,0,0,0,2,0,2,2,0,0,0,0,0,0,0,0,0,0,,,1,27,41,27,13,1,2,0,0
PIT189707051,box,1897-07-05,1,PIT05,R,1,PIT,CL4,1,0,1,0,1,,36,3,11,14,1,1,0,,3,,3,0,0,0,1,0,0,2,0,0,10,1,1,1,0,0,0,0,1,0,27,38,36,4,3,9,10,1,0,0,0,2,0,3,0,0,0,0,0,0,0,0,0,0,0,,,1,27,41,27,11,3,0,0,0
PIT189707052,box,1897-07-05,2,PIT05,R,1,PIT,CL4,1,1,0,0,1,,32,6,10,14,0,2,0,,6,,2,0,1,0,0,2,0,2,0,0,6,1,1,1,0,0,0,1,0,0,27,38,34,1,1,7,8,1,0,0,0,3,0,4,0,1,0,0,0,0,0,0,0,0,0,,,1,27,35,27,8,0,0,0,0
PIT189707060,box,1897-07-06,0,PIT05,R,1,PIT,CL4,1,1,0,0,1,,32,3,10,12,2,0,0,,3,,2,0,1,1,1,1,0,1,0,0,8,1,1,1,0,0,0,1,0,0,27,35,34,2,2,8,12,2,1,0,0,1,0,2,0,0,0,0,0,0,0,0,0,0,0,,,1,27,35,27,8,0,0,0,0
PIT189707080,box,1897-07-08,0,PIT05,R,1,PIT,NY1,1,0,1,0,1,,35,4,8,13,3,1,0,,4,,2,2,4,0,0,1,0,0,2,0,7,1,1,1,0,0,0,0,1,0,27,36,36,5,2,11,16,1,2,0,0,0,0,0,0,0,0,0,0,0,0,0,0,0,0,,,1,27,42,27,11,4,1,0,0
PIT189707090,box,1897-07-09,0,PIT05,R,1,PIT,NY1,1,0,1,0,1,,35,1,10,12,2,0,0,,1,,4,0,2,0,0,1,0,0,0,0,12,1,1,1,0,0,0,0,1,0,27,43,41,9,6,13,16,1,1,0,0,2,0,,0,0,0,0,0,0,0,0,0,0,0,,,1,27,47,27,15,5,0,0,0
PIT189707100,box,1897-07-10,0,PIT05,R,1,PIT,NY1,1,0,1,0,1,,41,6,10,14,2,1,0,,6,,4,0,0,0,0,0,0,0,0,0,12,1,1,0,0,0,1,0,1,0,27,54,49,15,11,17,24,1,3,0,0,2,0,2,0,3,0,0,0,0,0,0,0,0,0,,,1,27,48,27,13,8,0,0,0
PIT189707120,box,1897-07-12,0,PIT05,R,1,PIT,WSN,1,0,1,0,1,,38,6,12,15,1,1,0,,5,,6,0,4,0,0,0,0,1,2,0,11,1,1,0,0,0,1,0,1,0,27,45,41,13,7,13,21,3,1,1,0,3,0,,0,0,1,0,0,1,0,0,0,0,0,,,1,27,45,27,14,4,0,0,0
PIT189707130,box,1897-07-13,0,PIT05,R,1,PIT,WSN,1,1,0,0,1,,33,7,10,11,1,0,0,,4,,1,0,0,1,0,2,0,4,1,0,5,1,1,1,0,0,0,1,0,0,27,40,38,4,2,10,11,1,0,0,0,2,0,,0,0,0,0,0,1,0,0,0,0,0,,,1,27,41,27,10,4,1,0,0
PIT189707140,box,1897-07-14,0,PIT05,R,1,PIT,WSN,1,0,1,0,1,,27,1,3,3,0,0,0,,1,,2,0,,2,0,1,0,0,0,0,2,1,1,0,0,0,1,0,1,0,27,49,45,15,14,18,22,2,1,0,0,4,0,4,0,0,0,0,0,1,0,0,0,0,0,,,1,27,38,27,8,3,0,0,0
PIT189707150,box,1897-07-15,0,PIT05,R,1,PIT,BSN,1,0,1,0,1,,39,5,11,15,2,1,0,,5,,1,0,0,0,0,0,0,1,0,0,8,1,1,1,0,0,0,0,1,0,27,43,40,7,6,13,17,4,0,0,0,2,0,0,1,1,0,0,0,0,0,0,0,0,0,,,1,27,36,27,8,1,1,0,0
PIT189707160,box,1897-07-16,0,PIT05,R,1,PIT,BSN,1,1,0,0,1,,34,5,8,10,0,1,0,,5,,5,0,2,1,1,1,0,0,0,0,9,1,1,1,0,0,0,1,0,0,27,37,35,4,0,9,9,0,0,0,0,2,0,2,0,0,0,0,0,0,0,0,0,0,0,,,1,27,42,27,12,3,0,0,0
PIT189707170,box,1897-07-17,0,PIT05,R,1,PIT,BSN,1,0,1,0,1,,42,5,16,21,3,1,0,,5,,2,0,3,0,0,0,0,0,0,0,12,1,1,1,0,0,0,0,1,0,24,38,34,6,6,10,14,0,2,0,0,2,0,1,0,0,2,0,0,0,0,0,0,0,0,,,1,24,37,24,10,3,0,0,0
PIT189707201,box,1897-07-20,1,PIT05,R,1,PIT,BRO,1,1,0,0,1,,27,4,4,4,0,0,0,,1,,7,0,0,0,1,1,0,2,0,0,8,1,1,1,0,0,0,1,0,0,27,34,31,1,1,5,5,0,0,0,0,1,0,2,1,1,1,0,0,0,0,0,0,0,0,,,1,27,41,27,12,2,1,0,0
PIT189707202,box,1897-07-20,2,PIT05,R,1,PIT,BRO,1,1,0,0,1,,25,3,4,4,0,0,0,,3,,5,0,2,0,0,1,0,2,0,0,4,1,1,1,1,0,0,1,0,0,27,34,32,0,0,6,6,0,0,0,0,0,0,1,0,1,1,0,0,0,0,0,0,0,0,,,1,27,43,27,16,0,0,0,0
PIT189707221,box,1897-07-22,1,PIT05,R,1,PIT,BLN,1,0,1,0,1,,32,1,7,9,2,0,0,,1,,2,0,1,2,0,0,0,0,1,0,6,1,1,0,0,0,1,0,1,0,27,44,37,9,8,13,21,2,3,0,0,3,0,3,0,4,0,0,0,0,0,0,0,0,0,,,1,27,41,27,13,1,0,0,0
PIT189707222,box,1897-07-22,2,PIT05,R,1,PIT,BLN,1,1,0,0,1,,30,4,7,9,2,0,0,,4,,2,0,0,1,1,0,0,0,1,0,5,1,1,1,0,0,0,1,0,0,27,38,34,3,3,10,13,3,0,0,0,3,0,0,0,0,0,0,0,0,1,0,0,0,0,,,1,27,42,27,14,1,0,0,0
PIT189707230,box,1897-07-23,0,PIT05,R,1,PIT,BLN,1,0,1,0,1,,36,7,8,11,1,1,0,,6,,9,0,4,0,2,0,0,5,0,0,13,1,1,1,0,0,0,0,1,0,27,42,41,8,6,11,14,3,0,0,0,1,0,4,0,0,0,0,0,0,0,0,0,0,0,,,1,27,42,27,11,4,0,0,2
PIT189707240,box,1897-07-24,0,PIT05,R,1,PIT,BLN,1,1,0,0,1,,41,16,17,20,1,1,0,,14,,3,0,0,1,3,1,0,0,0,0,8,1,1,1,0,0,0,1,0,0,27,40,39,3,2,11,12,1,0,0,0,0,0,2,0,1,0,0,0,0,0,0,0,0,0,,,1,27,36,27,6,3,1,0,0
PIT189707260,box,1897-07-26,0,PIT05,R,1,PIT,PHI,1,0,1,0,1,,36,6,11,11,0,0,0,,6,,2,0,1,0,1,1,0,2,0,0,7,1,1,1,0,0,0,0,1,0,27,44,42,10,10,15,21,2,2,0,0,1,0,3,0,1,0,0,0,1,0,0,0,0,0,,,1,27,39,27,9,3,0,0,0
PIT189707281,box,1897-07-28,1,PIT05,R,1,PIT,PHI,1,0,1,0,1,,36,5,10,14,2,1,0,,4,,0,0,2,0,0,1,0,1,2,0,5,1,1,1,0,0,0,0,1,0,27,39,36,6,4,15,17,2,0,0,0,0,0,1,2,0,3,0,0,0,0,0,0,0,0,,,1,27,40,27,10,3,2,0,0
PIT189707282,box,1897-07-28,2,PIT05,R,1,PIT,PHI,1,0,1,0,1,,38,3,9,14,1,2,0,,3,,2,0,4,0,0,0,0,2,0,0,10,1,1,1,0,0,0,0,1,0,27,50,45,13,9,18,24,2,2,0,0,4,0,1,0,0,1,0,0,0,0,0,0,0,0,,,1,27,49,27,17,5,1,0,0
CHN189707290,box,1897-07-29,0,CHI08,R,0,PIT,CHN,1,1,0,0,1,,45,12,20,26,2,2,0,,10,,2,0,7,0,0,0,0,1,1,0,8,1,1,1,0,0,0,1,0,0,27,38,36,6,2,9,15,2,2,0,0,1,0,3,0,0,0,0,0,0,1,0,0,0,0,,,1,27,39,27,10,2,0,0,0
CHN189707300,box,1897-07-30,0,CHI08,R,0,PIT,CHN,1,1,0,0,1,,42,7,13,17,0,2,0,,6,,2,0,6,2,0,0,0,1,2,0,7,1,1,0,0,0,1,1,0,0,30,47,40,5,5,12,20,0,4,0,0,7,0,4,0,0,0,0,0,0,0,0,0,0,0,,,1,30,45,30,14,1,1,0,0
CHN189707310,box,1897-07-31,0,CHI08,R,0,PIT,CHN,1,0,1,0,1,,38,6,11,15,2,1,0,,5,,1,0,1,2,0,0,0,1,0,0,6,1,1,1,0,0,0,0,1,0,24,38,37,7,5,11,15,1,0,1,0,1,0,2,1,0,0,0,0,0,0,0,0,0,0,,,1,24,42,24,14,4,1,0,0
CIN189708020,box,1897-08-02,0,CIN05,R,0,PIT,CIN,1,0,1,0,1,,32,2,7,13,2,2,0,,2,,1,0,4,2,2,0,0,0,1,0,6,1,1,1,0,0,0,0,1,0,24,38,34,9,8,12,15,3,0,0,0,1,0,,0,1,2,0,0,0,0,0,0,0,0,,,1,24,38,24,12,2,0,0,0
CIN189708030,box,1897-08-03,0,CIN05,R,0,PIT,CIN,1,1,0,0,1,,35,7,11,16,1,2,0,,7,,4,0,,0,0,1,0,1,0,0,6,1,1,1,0,0,0,1,0,0,27,43,35,6,6,12,16,2,1,0,0,4,0,,2,2,2,0,0,0,0,0,0,0,0,,,1,27,39,27,10,2,2,0,0
CIN189708041,box,1897-08-04,1,CIN05,R,0,PIT,CIN,1,0,1,0,1,,33,3,5,7,0,1,0,,3,,2,0,,0,1,0,0,0,0,0,6,1,1,1,0,0,0,0,1,0,24,49,42,14,5,16,20,2,1,0,0,6,0,2,0,0,1,0,0,0,0,0,0,0,0,,,1,24,43,24,12,7,0,0,0
CIN189708042,box,1897-08-04,2,CIN05,R,0,PIT,CIN,1,0,0,1,1,,24,4,6,9,1,1,0,,3,,0,0,3,1,0,0,0,0,0,0,2,1,1,1,0,0,0,0,0,0,18,29,24,4,0,7,10,1,1,0,0,3,0,0,0,1,1,0,0,0,0,0,0,0,0,,,1,18,30,18,11,1,0,0,0
SLN189708050,box,1897-08-05,0,STL05,R,0,PIT,SLN,1,0,1,0,1,,39,7,12,16,0,2,0,,4,,5,0,,1,0,0,0,1,1,0,10,1,1,1,0,0,0,0,1,0,24,41,32,8,6,11,14,0,0,1,0,5,0,,0,0,4,0,0,0,0,0,0,0,0,,,1,24,35,24,7,4,0,0,1
SLN189708060,box,1897-08-06,0,STL05,R,0,PIT,SLN,1,1,0,0,1,,57,5,18,26,2,3,0,,5,,2,0,2,1,1,1,0,4,0,0,14,1,1,1,0,0,0,1,0,0,42,57,53,4,2,12,17,3,1,0,0,1,0,3,0,2,1,0,0,0,0,0,0,0,0,,,1,42,72,42,27,3,1,0,0
SLN189708071,box,1897-08-07,1,STL05,R,0,PIT,SLN,1,0,1,0,1,,33,5,10,18,1,2,1,,4,,5,0,,0,0,2,0,0,1,0,8,1,1,1,0,0,0,0,1,0,27,42,40,7,3,13,19,2,2,0,0,2,0,3,0,0,0,0,0,0,0,0,0,0,0,,,1,27,45,26,14,5,1,0,0
SLN189708072,box,1897-08-07,2,STL05,R,0,PIT,SLN,1,1,0,0,1,,41,12,12,17,1,2,0,,10,,7,0,,0,1,1,0,2,0,0,11,1,1,1,0,0,0,1,0,0,27,39,38,3,3,11,12,1,0,0,0,1,0,1,0,0,0,0,0,0,0,0,0,0,0,,,1,27,40,27,12,1,0,0,0
CIN189708091,box,1897-08-09,1,CIN05,R,0,PIT,CIN,1,1,0,0,1,,43,7,16,18,2,0,0,,2,,3,0,,1,0,1,0,1,0,0,10,1,1,1,0,0,0,1,0,0,30,46,37,5,3,7,10,3,0,0,0,5,0,,0,2,2,0,0,0,0,0,0,0,0,,,1,30,46,30,14,2,0,0,0
CIN189708092,box,1897-08-09,2,CIN05,R,0,PIT,CIN,1,0,1,0,1,,22,1,4,5,1,0,0,,1,,1,0,,0,0,0,0,0,0,0,4,1,1,1,0,0,0,0,1,0,18,31,25,8,2,6,8,0,1,0,0,4,0,,0,1,1,0,0,0,0,0,0,0,0,,,1,18,25,18,4,3,0,0,0
CL4189708100,box,1897-08-10,0,CLE05,R,0,PIT,CL4,1,0,1,0,1,,42,5,14,20,4,1,0,,5,,1,0,4,0,0,0,0,1,0,0,11,1,1,1,0,0,0,0,1,0,24,40,39,9,6,18,23,1,2,0,0,0,0,4,0,0,1,0,0,0,0,0,0,0,0,,,1,24,38,24,11,3,0,0,0
CL4189708110,box,1897-08-11,0,CLE05,R,0,PIT,CL4,1,0,1,0,1,,37,6,10,14,1,0,1,,4,,1,0,6,1,1,0,0,0,1,0,6,1,1,1,0,0,0,0,1,0,24,44,37,12,11,15,17,2,0,0,0,7,0,0,0,0,0,0,0,4,0,0,0,0,0,,,1,24,36,24,11,1,0,0,0
CL4189708120,box,1897-08-12,0,CLE05,R,0,PIT,CL4,1,0,1,0,1,,36,2,10,14,0,2,0,,1,,1,0,0,1,0,0,0,3,0,0,8,1,1,1,0,0,0,0,1,0,24,37,31,9,8,12,14,0,1,0,0,4,0,4,0,1,1,0,0,0,0,0,0,0,0,,,1,24,34,24,7,3,2,0,0
PIT189708140,box,1897-08-14,0,PIT05,R,1,PIT,LS3,1,1,0,0,1,,34,6,13,15,0,1,0,,5,,0,0,0,0,0,1,0,0,0,0,5,1,1,1,0,0,0,1,0,0,27,41,37,3,2,9,11,0,1,0,0,3,0,0,0,0,1,0,0,0,0,0,0,0,0,,,1,27,47,27,17,3,0,0,0
PIT189708160,box,1897-08-16,0,PIT05,R,1,PIT,LS3,1,1,0,0,1,,31,3,9,12,1,1,0,,3,,1,0,2,2,0,1,0,0,0,0,6,1,1,1,0,0,0,1,0,0,27,38,35,2,2,12,15,1,1,0,0,1,0,5,1,0,2,0,0,0,0,0,0,0,0,,,1,27,41,27,13,1,1,0,0
BSN189708190,box,1897-08-19,0,BOS05,R,0,PIT,BSN,1,0,1,0,1,,30,1,5,7,0,1,0,,1,,1,0,2,0,0,0,0,0,1,0,3,1,1,0,0,0,1,0,1,0,24,47,42,16,11,19,25,3,0,1,0,4,0,5,0,1,0,0,0,0,0,0,0,0,0,,,1,24,41,24,14,3,0,0,1
BSN189708200,box,1897-08-20,0,BOS05,R,0,PIT,BSN,1,0,1,0,1,,32,2,6,9,3,0,0,,2,,1,0,1,0,1,0,0,0,0,0,5,1,1,1,0,0,0,0,1,0,24,44,39,15,10,15,20,2,0,1,0,4,0,2,1,0,1,0,0,0,0,0,0,0,0,,,1,24,42,24,12,6,1,0,0
BSN189708210,box,1897-08-21,0,BOS05,R,0,PIT,BSN,1,0,1,0,1,,41,12,22,28,4,1,0,,11,,6,0,6,1,0,2,0,2,2,0,10,1,1,0,0,0,1,0,1,0,26,50,43,13,10,17,27,5,1,1,0,6,0,3,0,0,1,0,0,0,0,0,0,0,0,,,1,26,43,26,14,3,0,0,0
BRO189708231,box,1897-08-23,1,NYC11,R,0,PIT,BRO,1,0,1,0,1,,37,6,13,20,2,1,1,,6,,1,0,4,1,0,0,0,0,0,0,5,1,1,1,0,0,0,0,1,0,24,46,42,12,12,19,24,3,1,0,0,3,0,1,0,0,1,0,0,1,0,0,0,0,0,,,1,24,31,24,6,1,0,0,0
BRO189708232,box,1897-08-23,2,NYC11,R,0,PIT,BRO,1,0,1,0,1,,22,0,3,3,0,0,0,,0,,4,0,4,0,0,1,0,1,1,0,6,1,1,1,0,0,0,0,1,0,18,23,20,1,0,3,4,1,0,0,0,3,0,4,0,0,0,0,0,1,0,0,0,0,0,,,1,18,25,18,5,2,0,0,1
BRO189708240,box,1897-08-24,0,NYC11,R,0,PIT,BRO,1,0,1,0,1,,40,4,15,18,1,1,0,,3,,2,0,4,0,0,0,0,3,2,0,11,1,1,1,0,0,0,0,1,0,24,39,36,10,9,13,22,2,2,1,0,2,0,5,0,1,0,0,0,0,0,0,0,0,0,,,1,24,35,24,9,2,0,0,0
BRO189708250,box,1897-08-25,0,NYC11,R,0,PIT,BRO,1,0,1,0,1,,37,6,14,19,0,1,1,,6,,2,0,2,0,0,1,0,3,0,0,10,1,1,0,0,0,1,0,1,0,21,44,37,14,14,18,24,4,1,0,0,4,0,0,1,1,2,0,0,0,0,0,0,0,0,,,1,21,33,21,10,2,1,0,0
PHI189708260,box,1897-08-26,0,PHI09,R,0,PIT,PHI,1,1,0,0,1,,41,4,9,11,0,1,0,,2,,5,0,1,0,0,1,0,3,0,0,11,1,1,0,0,0,1,1,0,0,33,48,47,3,2,13,14,1,0,0,0,1,0,5,0,0,0,0,0,0,0,0,0,0,0,,,1,33,52,33,15,4,1,0,0
PHI189708270,box,1897-08-27,0,PHI09,R,0,PIT,PHI,1,1,0,0,1,,38,6,11,12,1,0,0,,2,,1,0,0,2,0,1,0,0,1,0,7,1,1,1,0,0,0,1,0,0,27,41,35,5,2,9,15,3,0,1,0,5,0,0,0,0,1,0,0,0,0,0,0,0,0,,,1,27,45,27,14,4,0,0,1
PHI189708280,box,1897-08-28,0,PHI09,R,0,PIT,PHI,1,1,0,0,1,,38,6,10,18,4,2,0,,4,,1,0,1,1,0,0,0,2,1,0,6,1,1,1,0,0,0,1,0,0,27,43,39,4,2,11,14,3,0,0,0,4,2,2,0,0,0,0,0,0,0,0,0,0,0,,,1,27,41,27,11,3,0,0,0
WSN189708310,box,1897-08-31,0,WAS06,R,0,PIT,WSN,1,0,1,0,1,,38,4,9,14,0,1,1,,4,,0,0,7,0,0,0,0,0,0,0,7,1,1,1,0,0,0,0,1,0,24,37,34,8,8,13,14,1,0,0,0,1,0,1,0,0,2,0,0,0,0,0,0,0,0,,,1,24,34,24,9,1,0,0,0
WSN189709010,box,1897-09-01,0,WAS06,R,0,PIT,WSN,1,0,1,0,1,,27,1,6,6,0,0,0,,1,,1,0,7,0,2,0,0,2,1,0,8,1,1,0,0,0,1,0,1,0,18,28,26,5,5,9,10,1,0,0,0,2,0,3,0,0,0,0,0,2,0,0,0,0,0,,,1,18,26,18,6,2,0,0,0
WSN189709020,box,1897-09-02,0,WAS06,R,0,PIT,WSN,1,1,0,0,1,,32,6,11,13,0,1,0,,6,,2,0,5,0,2,3,0,1,1,0,9,1,1,0,0,0,1,1,0,1,23,37,35,5,3,13,17,1,0,1,0,1,0,2,0,0,1,0,0,0,0,0,0,0,0,,,1,23,34,23,9,2,0,0,0
BLN189709040,box,1897-09-04,0,BAL07,R,0,PIT,BLN,1,0,1,0,1,,34,2,6,9,1,1,0,,2,,0,0,4,0,0,0,0,0,0,0,5,1,1,1,0,0,0,0,1,0,24,40,34,7,6,12,15,0,0,1,0,4,0,3,0,1,1,0,0,0,0,0,0,0,0,,,1,24,35,24,9,2,1,0,0
BLN189709061,box,1897-09-06,1,BAL07,R,0,PIT,BLN,1,0,1,0,1,,37,7,12,14,2,0,0,,6,,1,0,3,0,1,2,0,3,0,0,7,1,1,1,0,0,0,0,1,0,24,41,39,8,8,14,17,3,0,0,0,2,0,2,0,0,0,0,0,0,0,0,0,0,0,,,1,24,35,24,8,3,0,0,0
BLN189709062,box,1897-09-06,2,BAL07,R,0,PIT,BLN,1,0,1,0,1,,33,2,6,6,0,0,0,,2,,3,0,4,0,0,1,0,2,0,0,8,1,1,1,0,0,0,0,1,0,24,36,32,7,7,12,13,1,0,0,0,2,0,1,0,0,2,0,0,0,0,0,0,0,0,,,1,24,35,23,11,1,0,0,0
BRO189709070,box,1897-09-07,0,NYC11,R,0,PIT,BRO,1,1,0,0,1,,36,7,10,11,1,0,0,,5,,2,0,2,1,1,0,0,3,1,0,5,1,1,1,0,0,0,1,0,0,27,37,36,4,2,6,6,0,0,0,0,1,0,4,0,0,0,0,0,1,0,0,0,0,0,,,1,27,42,27,12,3,0,0,0
NY1189709080,box,1897-09-08,0,NYC10,R,0,PIT,NY1,1,0,1,0,1,,32,7,9,9,0,0,0,,3,,1,0,5,1,1,1,0,2,0,0,7,1,1,1,0,0,0,0,1,0,21,33,31,8,2,9,12,1,1,0,0,2,0,3,0,0,0,0,0,0,0,0,0,0,0,,,1,21,36,21,11,4,0,0,0
NY1189709091,box,1897-09-09,1,NYC10,R,0,PIT,NY1,1,1,0,0,1,,36,5,11,16,1,2,0,,5,,1,0,4,0,0,2,0,0,0,0,7,1,1,1,0,0,0,1,0,0,27,34,32,4,1,4,8,1,0,1,0,1,0,4,1,1,0,0,0,0,0,0,0,0,0,,,1,27,43,27,10,6,2,0,0
NY1189709092,box,1897-09-09,2,NYC10,R,0,PIT,NY1,1,0,1,0,1,,27,2,6,10,1,0,1,,2,,1,0,5,0,0,0,0,0,0,0,5,1,1,1,0,0,0,0,1,0,18,29,27,6,1,7,8,1,0,0,0,2,0,3,0,0,0,0,0,1,0,0,0,0,0,,,1,18,32,18,8,6,1,0,1
NY1189709100,box,1897-09-10,0,NYC10,R,0,PIT,NY1,1,0,0,1,1,,31,2,5,5,0,0,0,,2,,2,0,5,0,0,0,0,1,2,0,4,1,1,1,0,0,0,0,0,0,27,38,36,2,2,10,13,3,0,0,0,1,0,,0,0,1,0,0,1,0,0,0,0,0,,,1,27,42,27,15,0,0,0,0
PIT189709110,box,1897-09-11,0,PIT05,R,1,PIT,LS3,1,1,0,0,1,,38,6,11,15,0,2,0,,6,,3,1,2,0,0,1,0,3,0,0,8,1,1,1,0,0,0,1,0,0,30,41,35,5,2,7,9,2,0,0,0,4,0,5,0,1,1,0,0,1,0,0,0,0,0,,,1,30,45,30,11,4,3,0,0
LS3189709130,box,1897-09-13,0,LOU03,R,0,PIT,LS3,1,0,1,0,1,,33,2,4,8,1,0,1,,1,,3,0,,0,1,0,0,0,0,0,8,1,1,0,0,0,1,0,1,0,24,34,33,7,5,7,13,1,1,1,0,1,0,,0,0,0,0,0,0,0,0,0,0,0,,,1,24,38,24,10,4,1,0,0
LS3189709141,box,1897-09-14,1,LOU03,R,0,PIT,LS3,1,1,0,0,1,,41,10,16,21,2,0,1,,9,,4,0,,0,0,2,0,1,1,0,10,1,1,1,0,0,0,1,0,0,27,42,40,8,5,12,18,3,0,1,0,0,0,,0,1,1,0,0,0,0,0,0,0,0,,,1,27,42,27,12,3,0,0,0
LS3189709142,box,1897-09-14,2,LOU03,R,0,PIT,LS3,1,0,0,1,1,,18,2,3,4,1,0,0,,2,,0,0,,0,0,0,0,1,0,0,1,1,1,1,0,0,0,0,0,0,15,18,17,2,1,3,4,1,0,0,0,1,0,,0,0,0,0,0,0,0,0,0,0,0,,,1,15,20,15,4,1,0,0,0
LS3189709151,box,1897-09-15,1,LOU03,R,0,PIT,LS3,1,0,1,0,1,,35,2,6,7,1,0,0,,1,,0,0,1,1,1,0,0,0,0,0,7,1,1,1,0,0,0,0,1,0,24,35,33,4,2,8,9,1,0,0,0,0,0,1,0,1,1,0,0,0,0,0,0,0,0,,,1,24,35,24,9,2,0,0,0
LS3189709152,box,1897-09-15,2,LOU03,R,0,PIT,LS3,1,1,0,0,1,,35,8,13,17,1,0,1,,7,,6,0,0,1,0,1,0,0,0,0,10,1,1,1,0,0,0,1,0,0,24,33,31,2,2,6,11,1,2,0,0,0,0,,0,2,0,0,0,0,0,0,0,0,0,,,1,24,36,24,12,0,0,0,0
PIT189709171,box,1897-09-17,1,PIT05,R,1,PIT,SLN,1,1,0,0,1,,32,6,9,11,2,0,0,,4,,0,0,2,0,1,2,0,2,1,0,5,1,1,1,0,0,0,1,0,0,27,36,35,2,1,7,7,0,0,0,0,1,0,5,1,0,0,0,0,0,0,0,0,0,0,,,1,27,43,27,14,2,1,0,0
PIT189709172,box,1897-09-17,2,PIT05,R,1,PIT,SLN,1,1,0,0,1,,32,10,11,12,1,0,0,,6,,4,0,2,0,0,3,0,3,1,0,5,1,1,1,0,0,0,1,0,0,27,43,39,4,1,10,10,0,0,0,0,3,0,4,1,1,0,0,0,0,0,0,0,0,0,,,1,27,37,27,7,3,1,0,0
PIT189709180,box,1897-09-18,0,PIT05,R,1,PIT,SLN,1,1,0,0,1,,42,13,17,27,4,3,0,,12,,1,0,3,0,1,3,0,1,0,0,10,1,1,0,0,0,1,1,0,0,27,45,38,10,6,12,14,2,0,0,0,4,0,9,1,1,2,0,0,0,0,0,0,0,0,,,1,27,40,27,6,7,2,0,0
PIT189709210,box,1897-09-21,0,PIT05,R,1,PIT,CIN,1,0,1,0,1,,36,3,9,12,1,1,0,,3,,3,0,3,1,0,0,0,1,1,0,9,1,1,1,0,0,0,0,1,0,27,44,37,11,7,14,16,2,0,0,0,3,0,2,0,3,1,0,0,0,0,0,0,0,0,,,1,27,43,27,11,5,0,0,0
PIT189709221,box,1897-09-22,1,PIT05,R,1,PIT,CIN,1,0,1,0,1,,34,2,9,14,0,1,1,,2,,2,0,0,1,1,0,0,1,0,0,8,1,1,1,0,0,0,0,1,0,27,49,48,13,11,21,30,5,2,0,0,0,0,2,0,0,1,0,0,1,0,0,0,0,0,,,1,27,40,27,10,3,0,0,0
PIT189709222,box,1897-09-22,2,PIT05,R,1,PIT,CIN,1,1,0,0,1,,26,8,9,11,0,1,0,,7,,4,0,0,0,2,2,0,1,0,0,8,1,1,1,0,0,0,1,0,0,21,31,27,4,3,6,7,1,0,0,0,3,0,2,1,1,0,0,0,0,0,0,0,0,0,,,1,21,30,21,6,3,1,0,0
PIT189709250,box,1897-09-25,0,PIT05,R,1,PIT,CHN,1,0,1,0,1,,30,1,3,3,0,0,0,,0,,2,0,3,1,0,1,0,0,0,0,8,1,1,1,0,0,0,0,1,0,24,40,35,8,7,14,15,1,0,0,0,3,0,5,0,0,2,0,0,1,0,0,0,0,0,,,1,24,39,24,14,1,0,0,0
PIT189709270,box,1897-09-27,0,PIT05,R,1,PIT,CHN,1,1,0,0,1,,36,5,13,18,1,2,0,,5,,0,0,7,0,0,1,0,0,0,0,8,1,1,1,0,0,0,1,0,0,27,35,32,4,3,7,10,1,1,0,0,2,0,3,0,1,0,0,0,0,0,0,0,0,0,,,1,27,40,27,12,1,0,0,0
PIT189709280,box,1897-09-28,0,PIT05,R,1,PIT,CHN,1,0,1,0,1,,39,14,17,26,0,3,1,,13,,2,0,4,0,2,1,0,0,0,0,9,1,1,0,0,0,1,0,1,0,21,40,35,15,2,15,16,1,0,0,0,4,0,2,1,0,1,0,0,0,0,0,0,0,0,,,1,21,44,21,16,7,2,0,2
PIT189710011,box,1897-10-01,1,PIT05,R,1,PIT,CL4,1,1,0,0,1,,36,11,11,18,1,3,0,,9,,4,0,6,0,0,1,0,1,0,0,6,1,1,1,0,0,0,1,0,0,27,48,48,10,3,16,21,1,2,0,0,0,0,3,0,0,0,0,0,0,0,0,0,0,0,,,1,27,50,27,15,8,0,0,0
PIT189710012,box,1897-10-01,2,PIT05,R,1,PIT,CL4,1,1,0,0,1,,29,7,10,16,1,1,1,,4,,5,0,,0,1,1,0,6,0,0,8,1,1,1,0,0,0,1,0,0,21,28,27,3,3,6,9,1,1,0,0,1,0,3,0,0,0,0,0,1,0,0,0,0,0,,,1,21,36,21,13,2,0,0,0
PIT189710020,box,1897-10-02,0,PIT05,R,1,PIT,CL4,1,1,0,0,1,,35,7,12,15,1,1,0,,7,,3,0,4,0,0,1,0,3,0,0,8,1,1,1,0,0,0,1,0,0,27,35,32,4,4,7,10,1,1,0,0,2,0,3,1,0,1,0,0,0,0,0,0,0,0,,,1,27,42,27,13,2,1,0,0
SLN189704220,box,1897-04-22,0,STL05,R,1,SLN,PIT,1,0,1,0,1,,30,1,6,6,0,0,0,,0,,1,0,4,0,0,1,0,1,1,0,4,1,1,1,0,0,0,0,1,0,24,33,31,4,2,9,13,4,0,0,0,1,0,4,2,0,1,0,0,0,0,0,0,0,0,,,1,24,40,24,14,2,2,0,0
SLN189704240,box,1897-04-24,0,STL05,R,1,SLN,PIT,1,1,0,0,1,,19,5,5,9,2,1,0,,4,,8,0,,1,0,1,0,2,0,0,8,1,1,1,0,0,0,1,0,0,18,27,24,1,1,5,10,3,1,0,0,2,0,0,0,1,0,0,0,0,0,0,0,0,0,,,1,18,27,18,8,1,0,0,0
SLN189704260,box,1897-04-26,0,STL05,R,1,SLN,CHN,1,0,1,0,1,,37,2,11,12,1,0,0,,1,,3,0,,0,0,0,0,1,0,0,11,1,1,0,0,0,1,0,1,0,27,50,42,9,7,17,21,2,1,0,0,7,0,1,0,0,1,0,0,0,0,0,0,0,0,,,1,27,46,27,16,3,0,0,0
SLN189704270,box,1897-04-27,0,STL05,R,1,SLN,CHN,1,1,0,0,1,,27,10,11,14,1,1,0,,10,,6,0,1,1,2,7,0,2,0,0,8,1,1,1,0,0,0,1,0,0,27,36,31,4,2,5,5,0,0,0,0,3,0,3,0,0,2,0,0,0,0,0,0,0,0,,,1,27,40,27,11,2,1,0,0
SLN189704280,box,1897-04-28,0,STL05,R,1,SLN,CHN,1,0,1,0,1,,33,5,10,11,1,0,0,,4,,3,0,2,0,0,1,0,7,1,0,8,1,1,1,0,0,0,0,1,0,24,38,32,6,3,10,15,1,2,0,0,6,0,0,0,0,0,0,0,0,0,0,0,0,0,,,1,24,38,24,12,2,0,0,0
SLN189704290,box,1897-04-29,0,STL05,R,1,SLN,CL4,1,0,0,1,1,,40,6,12,15,0,0,1,,5,,4,0,0,0,0,0,0,4,0,0,11,1,1,1,0,0,0,0,0,0,27,44,42,6,3,14,20,1,1,1,0,1,0,1,0,1,0,0,0,0,0,0,0,0,0,,,1,27,45,27,15,3,0,0,0
SLN189704300,box,1897-04-30,0,STL05,R,1,SLN,CL4,1,0,1,0,1,,33,4,9,17,1,2,1,,4,,4,0,1,0,0,1,0,1,0,0,7,1,1,0,0,0,1,0,1,0,27,47,38,12,9,12,16,1,0,1,0,2,0,2,0,2,5,0,0,0,0,0,0,0,0,,,1,27,47,27,14,6,0,0,0
SLN189705010,box,1897-05-01,0,STL05,R,1,SLN,CL4,1,0,1,0,1,,36,3,12,16,2,1,0,,3,,2,0,1,0,0,2,0,1,0,0,10,1,1,1,0,0,0,0,1,0,27,41,34,8,3,10,12,0,1,0,0,6,0,4,1,0,1,0,0,0,0,0,0,0,0,,,1,27,46,27,14,5,1,0,0
SLN189705020,box,1897-05-02,0,STL05,R,1,SLN,CL4,1,0,1,0,1,,29,1,4,7,0,0,1,,1,,5,0,3,0,0,1,0,0,0,0,7,1,1,1,0,0,0,0,1,0,27,35,32,3,1,4,4,0,0,0,0,2,0,2,0,0,1,0,0,0,0,0,0,0,0,,,1,27,46,27,16,3,0,0,0
CHN189705040,box,1897-05-04,0,CHI08,R,0,SLN,CHN,1,0,1,0,1,,31,2,6,6,0,0,0,,2,,2,0,1,1,0,0,0,0,0,0,4,1,1,1,0,0,0,0,1,0,24,30,30,5,5,7,9,0,1,0,0,0,0,0,0,0,0,0,0,0,0,0,0,0,0,,,1,24,37,24,13,0,0,0,0
CHN189705050,box,1897-05-05,0,CHI08,R,0,SLN,CHN,1,1,0,0,1,,43,9,18,26,4,2,0,,8,,1,0,7,0,1,1,0,2,0,0,10,1,1,1,0,0,0,1,0,0,27,40,34,7,6,7,7,0,0,0,0,4,0,3,0,0,2,0,0,1,0,0,0,0,0,,,1,27,44,27,14,3,1,0,0
LS3189705070,box,1897-05-07,0,LOU03,R,0,SLN,LS3,1,0,1,0,1,,33,7,9,13,1,0,1,,4,,4,0,,1,0,1,0,0,0,0,4,1,1,1,0,0,0,0,1,0,27,46,39,11,10,15,19,2,1,0,0,4,0,,0,2,1,0,0,0,0,0,0,0,0,,,1,27,39,27,11,1,1,0,0
LS3189705080,box,1897-05-08,0,LOU03,R,0,SLN,LS3,1,1,0,0,1,,36,4,12,13,1,0,0,,4,,1,0,,1,0,1,0,1,0,0,10,1,1,1,0,0,0,1,0,0,27,34,26,2,2,3,3,0,0,0,0,5,0,,0,2,1,0,0,0,0,0,0,0,0,,,1,27,41,27,13,1,0,0,0
LS3189705090,box,1897-05-09,0,LOU03,R,0,SLN,LS3,1,0,1,0,1,,33,2,8,11,3,0,0,,1,,0,0,,0,0,0,0,0,1,0,4,1,1,1,0,0,0,0,1,0,27,40,38,4,4,11,20,2,2,1,0,2,0,0,0,0,0,0,0,0,0,0,0,0,0,,,1,27,46,27,18,1,0,0,0
SLN189705100,box,1897-05-10,0,STL05,R,1,SLN,PHI,1,0,1,0,1,,33,1,8,8,0,0,0,,1,,1,0,,0,0,0,0,0,2,0,6,1,1,1,0,0,0,0,1,0,27,44,43,13,10,14,25,2,0,3,0,0,0,,0,0,1,0,0,0,0,0,0,0,0,,,1,27,42,27,12,3,0,0,0
SLN189705121,box,1897-05-12,1,STL05,R,1,SLN,PHI,1,0,1,0,1,,34,2,11,13,2,0,0,,2,,4,1,,0,0,3,0,2,0,0,12,1,1,1,0,0,0,0,1,0,24,33,27,3,0,5,8,1,1,0,0,3,0,1,0,1,2,0,0,0,0,0,0,0,0,,,1,24,46,24,19,3,0,0,0
SLN189705122,box,1897-05-12,2,STL05,R,1,SLN,PHI,1,0,1,0,1,,35,4,8,9,1,0,0,,4,,3,1,,0,0,3,0,3,0,0,10,1,1,1,0,0,0,0,1,0,25,39,39,5,5,15,18,3,0,0,0,0,0,3,1,0,0,0,0,0,0,0,0,0,0,,,1,25,36,25,11,0,1,0,0
SLN189705140,box,1897-05-14,0,STL05,R,1,SLN,BLN,1,0,1,0,1,,33,7,9,14,0,1,1,,6,,3,0,2,2,0,3,0,2,0,0,5,1,1,1,0,0,0,0,1,0,27,47,42,11,9,17,22,1,2,0,0,4,0,1,0,1,0,0,0,0,0,0,0,0,0,,,1,27,40,27,12,1,1,0,2
SLN189705150,box,1897-05-15,0,STL05,R,1,SLN,BLN,1,0,1,0,1,,34,3,6,7,1,0,0,,2,,2,0,,0,1,0,0,1,0,0,7,1,1,0,0,0,1,0,1,0,24,54,45,20,19,22,35,1,3,2,0,6,0,1,1,3,0,0,0,0,0,0,0,0,0,,,1,24,40,24,11,5,1,0,0
SLN189705160,box,1897-05-16,0,STL05,R,1,SLN,BLN,1,0,1,0,1,,36,5,11,14,3,0,0,,2,,3,0,0,0,1,0,0,3,0,0,8,1,1,1,0,0,0,0,1,0,27,52,46,14,11,19,23,4,0,0,0,6,0,,0,0,0,0,0,0,0,0,0,0,0,,,1,27,42,27,12,3,0,0,2
SLN189705170,box,1897-05-17,0,STL05,R,1,SLN,BRO,1,0,1,0,1,,38,5,9,12,3,0,0,,4,,2,0,,0,2,0,0,3,0,0,10,1,1,0,0,0,1,0,1,0,27,52,48,15,7,17,27,1,0,3,0,3,0,,0,0,1,0,0,0,0,0,0,0,0,,,1,27,52,27,16,9,0,0,1
SLN189705180,box,1897-05-18,0,STL05,R,1,SLN,BRO,1,0,1,0,1,,33,3,6,9,3,0,0,,3,,6,0,,2,0,0,0,1,0,0,9,1,1,1,0,0,0,0,1,0,27,38,35,6,4,11,14,3,0,0,0,1,0,,0,1,1,0,0,0,0,0,0,0,0,,,1,27,46,27,17,2,0,0,0
SLN189705190,box,1897-05-19,0,STL05,R,1,SLN,BRO,1,1,0,0,1,,33,3,8,11,0,0,1,,3,,2,0,,1,0,0,0,2,2,0,5,1,1,1,0,0,0,1,0,0,27,38,33,1,1,6,8,0,1,0,0,5,0,1,0,0,0,0,0,0,0,0,0,0,0,,,1,27,41,27,12,2,0,0,0
SLN189705200,box,1897-05-20,0,STL05,R,1,SLN,BSN,1,0,1,0,1,,35,4,12,18,1,1,1,,4,,2,0,,1,0,0,0,1,1,0,6,1,1,1,0,0,0,0,1,0,24,40,33,11,9,10,25,2,2,3,0,6,0,,0,0,1,0,0,2,0,0,0,0,0,,,1,24,32,24,7,1,0,0,1
SLN189705210,box,1897-05-21,0,STL05,R,1,SLN,BSN,1,0,1,0,1,,31,1,4,7,1,1,0,,1,,1,0,,0,0,1,0,0,0,0,5,1,1,1,0,0,0,0,1,0,24,42,37,11,10,16,29,0,2,3,0,3,0,0,0,1,1,0,0,0,0,0,0,0,0,,,1,24,38,24,11,3,1,0,0
SLN189705220,box,1897-05-22,0,STL05,R,1,SLN,BSN,1,0,1,0,1,,37,4,10,13,1,1,0,,4,,2,0,,0,0,0,0,0,0,0,8,1,1,1,0,0,0,0,1,0,24,43,40,11,6,14,20,1,1,1,0,3,0,,0,0,0,0,0,0,0,0,0,0,0,,,1,24,40,24,11,5,0,0,0
SLN189705230,box,1897-05-23,0,STL05,R,1,SLN,LS3,1,0,1,0,1,,31,6,6,12,1,1,1,,4,,4,0,,1,0,3,0,0,1,0,5,1,1,0,0,0,1,0,1,0,24,46,38,14,9,15,20,2,0,1,0,7,0,,0,1,0,0,0,0,0,0,0,0,0,,,1,24,36,24,9,3,0,0,0
SLN189705240,box,1897-05-24,0,STL05,R,1,SLN,WSN,1,0,1,0,1,,37,7,11,15,0,2,0,,6,,6,0,,0,1,0,0,2,2,0,10,1,1,1,0,0,0,0,1,0,27,45,40,13,13,19,26,2,1,1,0,5,0,,2,0,0,0,0,0,0,0,0,0,0,,,1,27,48,27,18,3,3,0,0
SLN189705250,box,1897-05-25,0,STL05,R,1,SLN,WSN,1,1,0,0,1,,38,8,12,20,3,1,1,,7,,4,0,2,0,2,0,0,0,1,0,9,1,1,1,0,0,0,1,0,0,27,41,37,6,6,13,19,1,1,1,0,1,0,,0,0,3,0,0,0,0,0,0,0,0,,,1,27,46,27,16,3,0,0,0
NY1189705280,box,1897-05-28,0,NYC10,R,0,SLN,NY1,1,0,1,0,1,,30,2,5,6,1,0,0,,2,,1,0,3,0,0,0,0,0,2,0,2,1,1,1,0,0,0,0,1,0,24,41,39,8,2,11,15,4,0,0,0,0,0,3,0,0,2,0,0,0,0,0,0,0,0,,,1,24,40,24,10,6,0,0,0
NY1189705291,box,1897-05-29,1,NYC10,R,0,SLN,NY1,1,0,1,0,1,,37,6,13,14,1,0,0,,6,,2,0,0,0,1,2,0,2,3,0,9,1,1,1,0,0,0,0,1,0,24,37,31,7,2,8,11,1,1,0,0,2,0,1,0,0,4,0,0,0,0,0,0,0,0,,,1,24,38,24,11,3,0,0,0
NY1189705292,box,1897-05-29,2,NYC10,R,0,SLN,NY1,1,0,1,0,1,,32,5,7,9,0,1,0,,4,,1,0,6,2,1,0,0,2,0,0,2,1,1,1,0,0,0,0,1,0,24,39,34,8,7,11,18,3,2,0,0,3,0,1,0,1,1,0,0,0,0,0,0,0,0,,,1,24,33,24,8,1,0,0,0
BSN189705310,box,1897-05-31,0,BOS05,R,0,SLN,BSN,1,0,1,0,1,,38,5,12,14,2,0,0,,5,,4,0,4,0,0,0,0,0,0,0,10,1,1,0,0,0,1,0,1,0,27,69,56,25,14,29,36,5,1,0,0,10,0,2,0,1,2,0,0,0,0,0,0,0,0,,,1,27,46,27,13,6,0,0,0
BSN189706011,box,1897-06-01,1,BOS05,R,0,SLN,BSN,1,0,1,0,1,,34,6,7,14,1,0,2,,5,,3,0,4,1,0,0,0,0,0,0,4,1,1,1,0,0,0,0,1,0,24,43,38,14,14,16,23,5,1,0,0,5,0,2,0,0,0,0,0,1,0,0,0,0,0,,,1,24,33,24,7,2,0,0,0
BSN189706012,box,1897-06-01,2,BOS05,R,0,SLN,BSN,1,0,1,0,1,,35,3,7,13,0,3,0,,3,,2,0,1,0,0,0,0,0,1,0,7,1,1,1,0,0,0,0,1,0,24,44,37,12,7,13,24,4,2,1,0,3,0,2,0,0,4,0,0,0,0,0,0,0,0,,,1,24,38,24,9,5,0,0,0
BRO189706020,box,1897-06-02,0,NYC11,R,0,SLN,BRO,1,0,1,0,1,,33,1,8,8,0,0,0,,0,,2,0,2,2,0,0,0,0,0,0,7,1,1,1,0,0,0,0,1,0,24,42,37,10,8,9,13,2,1,0,0,5,0,3,0,0,0,0,0,0,0,0,0,0,0,,,1,24,50,24,19,7,2,0,1
BRO189706030,box,1897-06-03,0,NYC11,R,0,SLN,BRO,1,1,0,0,1,,30,1,5,5,0,0,0,,1,,2,0,2,0,0,1,0,0,2,0,5,1,1,1,1,0,0,1,0,0,27,34,33,0,0,4,4,0,0,0,0,1,0,1,0,0,0,0,0,0,0,0,0,0,0,,,1,27,37,27,8,2,0,0,0
BRO189706040,box,1897-06-04,0,NYC11,R,0,SLN,BRO,1,0,1,0,1,,34,4,7,8,1,0,0,,4,,5,0,3,0,0,1,0,1,0,0,9,1,1,1,0,0,0,0,1,0,24,41,32,8,5,8,11,1,1,0,0,5,0,0,0,2,2,0,0,0,0,0,0,0,0,,,1,24,41,24,14,3,0,0,0
BLN189706050,box,1897-06-05,0,BAL07,R,0,SLN,BLN,1,1,0,0,1,,37,6,12,12,0,0,0,,5,,6,0,,0,3,1,0,1,0,0,14,1,1,1,0,0,0,1,0,0,27,44,40,4,4,15,17,2,0,0,0,4,0,0,2,0,0,0,0,0,0,0,0,0,0,,,1,27,42,27,15,0,2,0,0
BLN189706070,box,1897-06-07,0,BAL07,R,0,SLN,BLN,1,0,1,0,1,,32,2,7,8,1,0,0,,2,,3,0,5,0,3,0,0,1,0,0,9,1,1,1,0,0,0,0,1,0,24,36,32,4,4,9,14,0,1,1,0,3,0,3,0,1,0,0,0,0,0,0,0,0,0,,,1,24,40,24,13,3,0,0,0
WSN189706090,box,1897-06-09,0,WAS06,R,0,SLN,WSN,1,0,1,0,1,,29,0,6,6,0,0,0,,0,,2,0,1,1,1,1,0,0,1,0,6,1,1,1,0,0,0,0,1,0,24,39,34,6,5,14,14,0,0,0,0,3,0,1,0,0,2,0,0,0,0,0,0,0,0,,,1,24,33,24,9,0,0,0,1
WSN189706100,box,1897-06-10,0,WAS06,R,0,SLN,WSN,1,0,1,0,1,,34,3,10,14,2,1,0,,2,,5,0,1,0,1,1,0,3,1,0,11,1,1,0,0,0,1,0,1,0,24,38,34,9,8,12,18,6,0,0,0,3,0,0,1,1,0,0,0,0,0,0,0,0,0,,,1,24,42,24,17,1,1,0,0
WSN189706110,box,1897-06-11,0,WAS06,R,0,SLN,WSN,1,0,1,0,1,,35,3,8,11,3,0,0,,3,,2,0,1,0,1,0,0,2,0,0,8,1,1,1,0,0,0,0,1,0,24,36,33,6,3,9,14,0,1,1,0,3,0,0,0,0,0,0,0,0,0,0,0,0,0,,,1,24,42,24,15,3,0,0,0
NY1189706120,box,1897-06-12,0,NYC10,R,0,SLN,NY1,1,0,1,0,1,,35,2,9,11,2,0,0,,1,,3,0,2,0,0,1,0,2,2,0,10,1,1,1,0,0,0,0,1,0,24,43,38,9,9,17,23,3,0,1,0,5,0,1,0,0,0,0,0,0,0,0,0,0,0,,,1,24,36,24,12,0,1,0,0
NY1189706140,box,1897-06-14,0,NYC10,R,0,SLN,NY1,1,0,1,0,1,,35,4,10,10,0,0,0,,2,,7,0,5,1,1,0,0,0,1,0,12,1,1,1,0,0,0,0,1,0,24,38,36,7,6,13,13,0,0,0,0,2,0,0,0,0,0,0,0,0,0,0,0,0,0,,,1,24,36,24,11,1,1,0,0
NY1189706150,box,1897-06-15,0,NYC10,R,0,SLN,NY1,1,0,1,0,1,,35,3,10,14,0,2,0,,3,,3,0,1,1,2,2,0,0,0,0,12,1,1,1,0,0,0,0,1,0,24,38,34,9,9,12,14,2,0,0,0,3,0,4,2,1,0,0,0,0,0,0,0,0,0,,,1,24,41,24,14,3,2,0,0
PHI189706160,box,1897-06-16,0,PHI09,R,0,SLN,PHI,1,0,1,0,1,,36,7,9,9,0,0,0,,7,,2,0,2,0,1,3,0,0,1,0,8,1,1,1,0,0,0,0,1,0,24,41,36,8,4,11,15,2,1,0,0,4,0,1,0,0,1,0,0,0,0,0,0,0,0,,,1,24,40,24,12,4,0,0,0
PHI189706180,box,1897-06-18,0,PHI09,R,0,SLN,PHI,1,1,0,0,1,,39,9,14,16,2,0,0,,9,,6,0,3,1,1,3,0,2,0,0,13,1,1,1,0,0,0,1,0,0,27,41,36,4,3,12,12,0,0,0,0,3,0,2,0,1,1,0,0,0,0,0,0,0,0,,,1,27,40,26,12,2,1,0,0
PHI189706190,box,1897-06-19,0,PHI09,R,0,SLN,PHI,1,1,0,0,1,,35,5,13,15,2,0,0,,5,,2,0,1,2,0,2,0,1,0,0,7,1,1,1,0,0,0,1,0,0,27,39,37,4,2,11,13,2,0,0,0,2,0,0,0,0,0,0,0,0,0,0,0,0,0,,,1,27,43,27,12,4,1,0,0
CIN189706210,box,1897-06-21,0,CIN05,R,0,SLN,CIN,1,0,1,0,1,,32,3,6,6,0,0,0,,3,,3,0,,0,0,1,0,1,0,0,6,1,1,1,0,0,0,0,1,0,24,37,33,8,2,8,8,0,0,0,0,3,0,0,0,1,0,0,0,0,0,0,0,0,0,,,1,24,48,24,17,7,1,0,0
CIN189706220,box,1897-06-22,0,CIN05,R,0,SLN,CIN,1,0,1,0,1,,33,3,5,9,2,1,0,,2,,2,0,,0,1,0,0,1,2,0,6,1,1,1,0,0,0,0,1,0,24,35,29,7,6,11,16,3,1,0,0,5,0,0,0,0,1,0,0,1,0,0,0,0,0,,,1,24,36,24,11,1,1,0,0
CIN189706230,box,1897-06-23,0,CIN05,R,0,SLN,CIN,1,0,1,0,1,,33,1,7,9,2,0,0,,1,,0,0,0,0,0,1,0,1,0,0,6,1,1,1,0,0,0,0,1,0,24,32,31,5,4,8,12,2,1,0,0,1,0,,0,0,0,0,0,0,0,0,0,0,0,,,1,24,38,24,12,2,0,0,0
PIT189706240,box,1897-06-24,0,PIT05,R,0,SLN,PIT,1,1,0,0,1,,54,7,18,21,1,1,0,,6,,1,0,1,1,0,0,0,1,0,0,12,1,1,1,0,0,0,1,0,0,36,50,41,6,2,9,12,3,0,0,0,5,0,3,0,0,4,0,0,0,0,0,0,0,0,,,1,36,64,36,23,5,1,0,0
PIT189706250,box,1897-06-25,0,PIT05,R,0,SLN,PIT,1,0,1,0,1,,36,4,10,16,2,2,0,,4,,1,0,5,0,1,1,0,3,1,0,8,1,1,1,0,0,0,0,1,0,24,38,32,6,6,10,12,2,0,0,0,5,0,0,0,0,1,0,0,0,0,0,0,0,0,,,1,24,40,24,14,2,1,0,0
PIT189706260,box,1897-06-26,0,PIT05,R,0,SLN,PIT,1,0,1,0,1,,35,3,8,8,0,0,0,,3,,1,0,4,1,1,0,0,0,0,0,7,1,1,1,0,0,0,0,1,0,24,33,29,5,4,7,10,1,1,0,0,2,0,1,0,1,1,0,0,0,0,0,0,0,0,,,1,24,35,24,10,1,0,0,0
SLN189706300,box,1897-06-30,0,STL05,R,1,SLN,CIN,1,0,1,0,1,,30,0,3,3,0,0,0,,0,,1,0,,0,1,0,0,2,0,0,5,1,1,1,0,0,0,0,1,0,27,36,31,3,3,7,9,0,1,0,0,4,0,,0,1,0,0,0,0,0,0,0,0,0,,,1,27,38,27,11,0,0,0,1
CL4189707010,box,1897-07-01,0,CLE05,R,0,SLN,CL4,1,0,1,0,1,,32,2,4,8,1,0,1,,2,,0,0,3,0,1,0,0,2,0,0,4,1,1,1,0,0,0,0,1,0,27,42,40,6,6,15,21,2,2,0,0,2,0,0,2,0,0,0,0,0,0,0,0,0,0,,,1,27,40,27,12,1,2,0,0
CL4189707020,box,1897-07-02,0,CLE05,R,0,SLN,CL4,1,0,1,0,1,,35,1,8,9,1,0,0,,1,,0,0,4,1,1,0,0,1,0,0,8,1,1,0,0,0,1,0,1,0,27,57,43,13,10,18,23,5,0,0,0,13,0,2,0,0,1,0,0,0,0,0,0,0,0,,,1,27,44,27,14,3,1,0,0
CL4189707030,box,1897-07-03,0,CLE05,R,0,SLN,CL4,1,0,1,0,1,,36,4,6,8,2,0,0,,2,,2,0,3,1,0,0,0,0,0,0,4,1,1,1,0,0,0,0,1,0,30,45,41,8,5,14,16,2,0,0,0,4,0,3,0,0,0,0,0,0,0,0,0,0,0,,,1,30,51,30,18,3,0,0,0
LS3189707040,box,1897-07-04,0,LOU03,R,0,SLN,LS3,1,0,1,0,1,,31,3,8,10,0,1,0,,3,,2,0,,1,0,0,0,0,0,0,3,1,1,1,0,0,0,0,1,0,27,42,35,6,4,12,16,1,0,1,0,3,0,1,1,1,3,0,0,0,0,0,0,0,0,,,1,27,43,27,14,2,1,0,0
LS3189707050,box,1897-07-05,0,LOU03,R,0,SLN,LS3,1,0,1,0,1,,39,6,11,14,1,1,0,,6,,1,0,1,0,3,0,0,2,2,0,10,1,1,0,0,0,1,0,1,0,27,44,36,7,7,13,14,1,0,0,0,7,0,4,1,0,1,0,0,0,0,0,0,0,0,,,1,27,43,27,15,1,1,0,0
SLN189707080,box,1897-07-08,0,STL05,R,1,SLN,BRO,1,0,1,0,1,,30,0,4,4,0,0,0,,0,,4,0,,1,2,0,0,2,0,0,9,1,1,1,0,0,0,0,1,0,27,33,31,1,1,3,5,0,1,0,0,1,0,,1,1,0,0,0,0,0,0,0,0,0,,,1,27,40,27,10,3,1,0,0
SLN189707090,box,1897-07-09,0,STL05,R,1,SLN,BRO,1,1,0,0,1,,34,8,12,21,0,3,1,,7,,2,0,,1,1,0,0,2,0,0,5,1,1,1,0,0,0,1,0,0,27,33,29,3,3,6,9,3,0,0,0,2,0,0,1,1,1,0,0,0,0,0,0,0,0,,,1,27,48,27,21,0,1,0,0
SLN189707100,box,1897-07-10,0,STL05,R,1,SLN,BRO,1,1,0,0,1,,34,4,10,17,3,2,0,,3,,1,0,1,0,0,0,0,4,2,0,7,1,1,1,0,0,0,1,0,0,27,40,35,3,3,9,10,1,0,0,0,3,0,3,0,0,2,0,0,1,0,0,0,0,0,,,1,27,41,27,12,2,1,0,0
SLN189707110,box,1897-07-11,0,STL05,R,1,SLN,BLN,1,0,1,0,1,,35,4,10,17,1,3,0,,4,,3,0,,0,2,0,0,2,0,0,9,1,1,0,0,0,1,0,1,0,27,55,47,22,15,23,33,3,2,1,0,3,0,,1,1,4,0,0,0,0,0,0,0,0,,,1,27,47,27,17,3,1,0,0
SLN189707120,box,1897-07-12,0,STL05,R,1,SLN,BLN,1,0,1,0,1,,32,5,7,8,1,0,0,,5,,6,0,,0,0,0,0,5,2,0,6,1,1,1,0,0,0,0,1,0,27,42,36,9,8,11,19,3,1,1,0,5,0,1,1,1,0,0,0,0,0,0,0,0,0,,,1,27,51,27,22,2,1,0,1
SLN189707130,box,1897-07-13,0,STL05,R,1,SLN,BLN,1,0,1,0,1,,38,5,10,18,2,0,2,,4,,0,0,,0,1,0,0,0,0,0,7,1,1,1,0,0,0,0,1,0,24,42,34,10,9,11,15,2,1,0,0,6,0,0,0,1,1,0,0,1,0,0,0,0,0,,,1,24,39,24,13,2,0,0,0
SLN189707150,box,1897-07-15,0,STL05,R,1,SLN,PHI,1,0,1,0,1,,30,0,3,3,0,0,0,,0,,2,0,,0,0,1,0,2,0,0,6,1,1,1,0,0,0,0,1,0,24,31,27,2,1,7,7,0,0,0,0,1,0,0,0,0,3,0,0,0,0,0,0,0,0,,,1,24,39,24,14,1,0,0,0
SLN189707160,box,1897-07-16,0,STL05,R,1,SLN,PHI,1,1,0,0,1,,38,10,12,21,2,2,1,,8,,4,0,0,0,0,1,0,1,1,0,8,1,1,1,0,0,0,1,0,0,27,43,41,9,8,13,21,2,0,2,0,2,0,0,1,0,0,0,0,0,0,0,0,0,0,,,1,27,39,27,9,3,1,0,0
SLN189707170,box,1897-07-17,0,STL05,R,1,SLN,PHI,1,1,0,0,1,,39,10,19,25,4,1,0,,10,,2,0,1,0,0,2,0,1,0,0,9,1,1,1,0,0,0,1,0,0,27,39,35,5,5,11,14,1,1,0,0,2,0,,0,0,2,0,0,0,0,0,0,0,0,,,1,27,46,27,16,3,0,0,0
LS3189707180,box,1897-07-18,0,LOU03,R,0,SLN,LS3,1,0,1,0,1,,41,7,13,16,1,1,0,,5,,3,0,1,0,0,0,0,5,1,0,10,1,1,1,0,0,0,0,1,0,24,38,32,10,9,11,17,1,1,1,0,2,0,0,0,1,3,0,0,0,0,0,0,0,0,,,1,24,43,24,18,1,0,0,1
SLN189707190,box,1897-07-19,0,STL05,R,1,SLN,NY1,1,0,1,0,1,,42,6,14,17,1,1,0,,4,,2,0,,0,0,0,0,1,0,0,11,1,1,0,0,0,1,0,1,0,27,45,37,11,11,10,16,1,1,1,0,7,0,,1,0,1,0,0,0,0,0,0,0,0,,,1,27,40,27,11,2,1,0,0
SLN189707211,box,1897-07-21,1,STL05,R,1,SLN,NY1,1,0,1,0,1,,36,8,13,19,1,1,1,,7,,7,0,0,2,2,1,0,0,2,0,11,1,1,0,0,0,1,0,1,0,27,48,38,10,7,13,18,3,1,0,0,5,0,2,1,3,2,0,0,0,0,0,0,0,0,,,1,27,43,26,15,2,1,0,0
SLN189707212,box,1897-07-21,2,STL05,R,1,SLN,NY1,1,0,1,0,1,,28,2,4,8,1,0,1,,2,,1,0,,0,2,0,0,1,0,0,5,1,1,0,0,0,1,0,1,0,24,50,44,18,18,18,28,5,1,1,0,5,0,0,1,1,0,0,0,0,0,0,0,0,0,,,1,24,39,24,11,4,1,0,0
SLN189707220,box,1897-07-22,0,STL05,R,1,SLN,WSN,1,0,1,0,1,,42,8,14,16,2,0,0,,6,,3,0,,1,2,1,0,2,0,0,13,1,1,1,0,0,0,0,1,0,27,40,35,9,4,11,20,1,1,2,0,4,0,,0,0,1,0,0,0,0,0,0,0,0,,,1,27,47,27,16,4,0,0,0
SLN189707240,box,1897-07-24,0,STL05,R,1,SLN,WSN,1,1,0,0,1,,32,7,12,12,0,0,0,,5,,5,0,1,1,3,2,0,5,1,0,11,1,1,1,0,0,0,1,0,0,27,42,40,5,4,14,15,1,0,0,0,2,0,,0,0,0,0,0,0,0,0,0,0,0,,,1,27,41,27,12,2,0,0,0
SLN189707251,box,1897-07-25,1,STL05,R,1,SLN,WSN,1,1,0,0,1,,35,4,12,15,1,1,0,,2,,3,0,1,0,2,0,0,1,1,0,12,1,1,1,0,0,0,1,0,0,27,40,32,3,2,6,7,1,0,0,0,7,0,,1,0,1,0,0,1,0,0,0,0,0,,,1,27,44,27,15,2,1,0,0
SLN189707252,box,1897-07-25,2,STL05,R,1,SLN,WSN,1,0,1,0,1,,31,0,7,7,0,0,0,,0,,1,0,,0,0,0,0,0,0,0,5,1,1,1,0,0,0,0,1,0,27,46,38,8,5,10,12,2,0,0,0,6,0,0,0,0,2,0,0,0,0,0,0,0,0,,,1,27,42,27,11,4,1,0,0
SLN189707260,box,1897-07-26,0,STL05,R,1,SLN,BSN,1,1,0,0,1,,27,3,7,13,1,1,1,,2,,4,0,1,1,2,3,0,0,1,0,9,1,1,1,0,0,0,1,0,0,27,35,34,2,1,6,7,1,0,0,0,1,0,0,1,0,0,0,0,0,0,0,0,0,0,,,1,27,46,27,16,3,1,0,0
SLN189707270,box,1897-07-27,0,STL05,R,1,SLN,BSN,1,1,0,0,1,,34,5,13,16,1,1,0,,5,,1,0,0,0,0,0,0,2,0,0,6,1,1,1,0,0,0,1,0,0,27,38,32,2,0,6,6,0,0,0,0,6,0,2,1,0,0,0,0,0,0,0,0,0,0,,,1,27,50,27,21,2,3,0,0
SLN189707280,box,1897-07-28,0,STL05,R,1,SLN,BSN,1,0,1,0,1,,32,1,5,5,0,0,0,,1,,0,0,,0,0,0,0,1,0,0,4,1,1,0,0,0,1,0,1,0,27,45,38,8,7,14,18,2,1,0,0,5,0,0,1,0,2,0,0,0,0,0,0,0,0,,,1,27,42,26,12,4,2,0,0
SLN189707300,box,1897-07-30,0,STL05,R,1,SLN,LS3,1,1,0,0,1,,39,7,14,17,1,1,0,,6,,1,0,,0,0,0,0,3,0,0,7,1,1,1,0,0,0,1,0,0,27,40,37,6,2,12,17,3,1,0,0,1,0,,0,2,0,0,0,0,0,0,0,0,0,,,1,27,45,27,14,4,0,1,0
SLN189707311,box,1897-07-31,1,STL05,R,1,SLN,LS3,1,0,1,0,1,,38,6,11,18,1,0,2,,6,,8,0,,0,2,0,0,3,0,0,15,1,1,0,0,0,1,0,1,0,27,46,37,11,2,9,13,2,1,0,0,2,0,,0,6,1,0,0,0,0,0,0,0,0,,,1,27,42,26,11,5,0,0,0
SLN189707312,box,1897-07-31,2,STL05,R,1,SLN,LS3,1,1,0,0,1,,41,7,15,22,5,1,0,,7,,3,0,,0,0,0,0,1,0,0,13,1,1,1,0,0,0,1,0,0,24,34,31,5,4,9,15,3,0,1,0,2,0,,0,0,1,0,0,0,0,0,0,0,0,,,1,24,38,24,13,1,0,0,0
SLN189708011,box,1897-08-01,1,STL05,R,1,SLN,LS3,1,0,1,0,1,,31,1,8,9,1,0,0,,1,,2,0,0,1,2,1,0,0,0,0,8,1,1,1,0,0,0,0,1,0,27,35,27,5,0,6,8,2,0,0,0,7,0,,1,0,1,0,0,0,0,0,0,0,0,,,1,27,45,27,14,4,2,0,0
SLN189708012,box,1897-08-01,2,STL05,R,1,SLN,LS3,1,0,1,0,1,,30,4,8,13,2,0,1,,4,,0,0,0,0,2,1,0,0,1,0,5,1,1,1,0,0,0,0,0,0,27,39,37,5,4,9,10,1,0,0,0,1,0,0,0,1,0,0,0,0,0,0,0,0,0,,,1,27,43,27,11,5,0,0,0
CHN189708021,box,1897-08-02,1,CHI08,R,0,SLN,CHN,1,0,1,0,1,,31,1,5,8,0,0,1,,1,,0,0,0,1,0,0,0,1,1,0,3,1,1,1,0,0,0,0,1,0,24,42,36,10,7,11,13,2,0,0,0,4,0,0,0,1,1,0,0,0,0,0,0,0,0,,,1,24,40,24,13,3,0,0,0
CHN189708022,box,1897-08-02,2,CHI08,R,0,SLN,CHN,1,0,1,0,1,,38,5,10,13,1,1,0,,4,,3,0,1,1,0,0,0,1,0,0,9,1,1,1,0,0,0,0,1,0,24,39,35,9,8,12,18,0,3,0,0,4,0,1,0,0,0,0,0,0,0,0,0,0,0,,,1,24,40,24,14,2,0,0,0
CHN189708030,box,1897-08-03,0,CHI08,R,0,SLN,CHN,1,0,1,0,1,,32,2,6,8,2,0,0,,2,,2,0,2,2,1,0,0,0,0,0,6,1,1,1,0,0,0,0,1,0,24,40,38,7,6,13,17,4,0,0,0,2,0,3,0,0,0,0,0,0,0,0,0,0,0,,,1,24,44,24,16,4,0,0,0
CHN189708040,box,1897-08-04,0,CHI08,R,0,SLN,CHN,1,1,0,0,1,,44,13,17,23,3,0,1,,12,,8,0,3,2,0,1,0,0,0,0,13,1,1,0,0,0,1,1,0,0,27,48,41,12,11,16,25,5,2,0,0,4,0,2,0,1,2,0,0,0,0,0,0,0,0,,,1,27,48,27,19,2,0,0,2
SLN189708050,box,1897-08-05,0,STL05,R,1,SLN,PIT,1,1,0,0,1,,32,8,11,14,0,0,1,,7,,5,0,,0,0,4,0,3,0,0,9,1,1,1,0,0,0,1,0,0,27,44,39,7,4,12,16,0,2,0,0,5,0,,1,0,0,0,0,0,0,0,0,0,0,,,1,27,48,27,17,4,1,0,0
SLN189708060,box,1897-08-06,0,STL05,R,1,SLN,PIT,1,0,1,0,1,,53,4,12,17,3,1,0,,2,,1,0,3,0,2,1,0,4,1,0,11,1,1,1,0,0,0,0,1,0,42,61,57,5,4,18,26,2,3,0,0,2,0,2,1,1,1,0,0,0,0,0,0,0,0,,,1,42,64,42,20,2,1,0,0
SLN189708071,box,1897-08-07,1,STL05,R,1,SLN,PIT,1,1,0,0,1,,40,7,13,19,2,2,0,,3,,2,0,3,0,0,0,0,2,1,0,8,1,1,1,0,0,0,1,0,0,27,40,33,5,5,10,18,1,2,1,0,5,0,,0,0,2,0,0,0,0,0,0,0,0,,,1,27,43,27,14,2,2,0,1
SLN189708072,box,1897-08-07,2,STL05,R,1,SLN,PIT,1,0,1,0,1,,38,3,11,12,1,0,0,,3,,1,0,1,0,0,0,0,0,0,0,9,1,1,1,0,0,0,0,1,0,27,50,41,12,7,12,17,1,2,0,0,7,0,,0,1,1,0,0,0,0,0,0,0,0,,,1,27,42,27,9,6,0,0,0
CIN189708100,box,1897-08-10,0,CIN05,R,0,SLN,CIN,1,0,1,0,1,,38,6,15,19,0,2,0,,6,,7,0,,1,1,2,0,0,1,0,15,1,1,1,0,0,0,0,1,0,24,35,29,8,3,7,10,1,1,0,0,4,0,0,0,0,2,0,0,0,0,0,0,0,0,,,1,24,45,24,17,4,0,0,0
CIN189708110,box,1897-08-11,0,CIN05,R,0,SLN,CIN,1,0,1,0,1,,39,5,14,17,3,0,0,,3,,0,0,5,2,0,0,0,2,0,0,7,1,1,1,0,0,0,0,1,0,24,39,33,6,6,12,18,2,2,0,0,5,0,0,0,0,1,0,0,0,0,0,0,0,0,,,1,24,44,24,17,3,0,0,0
CL4189708130,box,1897-08-13,0,CLE05,R,0,SLN,CL4,1,0,1,0,1,,36,5,10,15,0,1,1,,3,,2,0,4,1,1,1,0,2,0,0,8,1,1,1,0,0,0,0,1,0,24,39,36,6,5,12,16,0,2,0,0,2,0,4,0,0,1,0,0,0,0,0,0,0,0,,,1,24,35,24,8,3,0,0,1
CL4189708140,box,1897-08-14,0,CLE05,R,0,SLN,CL4,1,1,0,0,1,,39,10,14,16,2,0,0,,9,,6,0,2,0,1,0,0,2,0,0,9,1,1,0,0,0,1,1,0,1,27,39,33,5,5,11,15,0,2,0,0,5,0,0,2,0,1,0,0,0,0,0,0,0,0,,,1,27,43,27,16,0,2,0,0
CL4189708150,box,1897-08-15,0,CLE05,R,0,SLN,CL4,1,0,1,0,1,,34,3,10,10,0,0,0,,1,,3,0,0,0,0,0,0,0,1,0,10,1,1,1,0,0,0,0,1,0,24,47,44,13,4,20,25,5,0,0,0,2,0,1,0,0,1,0,0,0,0,0,0,0,0,,,1,24,44,24,13,7,0,0,0
BRO189708190,box,1897-08-19,0,NYC11,R,0,SLN,BRO,1,0,1,0,1,,34,5,8,15,0,2,1,,5,,2,0,2,1,0,0,0,1,0,0,4,1,1,1,0,0,0,0,1,0,24,43,40,13,6,15,24,3,3,0,0,2,0,0,1,0,1,0,0,0,0,0,0,0,0,,,1,24,43,24,15,4,2,0,0
BRO189708200,box,1897-08-20,0,NYC11,R,0,SLN,BRO,1,0,1,0,1,,38,7,11,15,2,1,0,,6,,3,0,1,0,0,0,0,0,0,0,7,1,1,0,0,0,1,0,1,0,24,43,36,12,11,17,26,4,1,1,0,3,0,,1,0,4,0,0,0,0,0,0,0,0,,,1,24,43,24,16,3,1,0,0
BRO189708210,box,1897-08-21,0,NYC11,R,0,SLN,BRO,1,1,0,0,1,,41,4,7,7,0,0,0,,2,,6,0,3,0,1,1,0,4,1,0,12,1,1,1,0,0,0,1,0,0,33,43,41,3,3,9,13,4,0,0,0,0,0,3,0,0,2,0,0,0,0,0,0,0,0,,,1,33,52,33,16,3,1,0,0
PHI189708241,box,1897-08-24,1,PHI09,R,0,SLN,PHI,1,0,1,0,1,,37,7,11,13,2,0,0,,7,,3,0,,1,2,0,0,0,0,0,8,1,1,0,0,0,1,0,1,0,27,42,38,8,2,13,14,1,0,0,0,4,0,2,1,0,0,0,0,1,0,0,0,0,0,,,1,27,50,27,19,4,1,0,0
PHI189708242,box,1897-08-24,2,PHI09,R,0,SLN,PHI,1,0,1,0,1,,33,2,10,11,1,0,0,,1,,1,0,1,1,0,1,0,0,0,0,9,1,1,1,0,0,0,0,1,0,24,44,36,14,13,13,20,5,1,0,0,6,0,0,1,1,1,0,0,0,0,0,0,0,0,,,1,24,39,24,13,2,1,0,0
PHI189708250,box,1897-08-25,0,PHI09,R,0,SLN,PHI,1,0,1,0,1,,35,2,11,12,1,0,0,,2,,1,0,4,0,0,1,0,1,0,0,8,1,1,1,0,0,0,0,1,0,27,44,39,8,5,11,21,4,3,0,0,3,0,0,0,1,1,0,0,0,0,0,0,0,0,,,1,27,40,27,10,3,1,0,0
WSN189708260,box,1897-08-26,0,WAS06,R,0,SLN,WSN,1,0,1,0,1,,30,1,7,7,0,0,0,,1,,3,0,3,1,0,0,0,2,2,0,5,1,1,1,0,0,0,0,1,0,24,36,31,6,5,15,18,3,0,0,0,1,0,3,0,2,2,0,0,0,0,0,0,0,0,,,1,24,40,24,14,2,0,0,0
WSN189708270,box,1897-08-27,0,WAS06,R,0,SLN,WSN,1,0,1,0,1,,31,0,6,7,1,0,0,,0,,1,0,1,0,0,0,0,1,1,0,5,1,1,1,0,0,0,0,1,0,24,30,28,3,3,5,9,2,1,0,0,2,0,2,0,0,0,0,0,0,0,0,0,0,0,,,1,24,35,24,10,1,1,0,0
WSN189708280,box,1897-08-28,0,WAS06,R,0,SLN,WSN,1,0,1,0,1,,40,11,16,20,2,1,0,,8,,3,0,6,0,0,0,0,5,2,0,8,1,1,0,0,0,1,0,1,0,21,44,35,16,1,10,18,1,2,1,0,7,0,4,0,2,0,0,0,1,0,0,0,0,0,,,1,21,38,21,10,7,1,0,1
BLN189708310,box,1897-08-31,0,BAL07,R,0,SLN,BLN,1,0,1,0,1,,34,5,9,13,2,1,0,,5,,1,0,1,0,0,1,0,0,0,0,4,1,1,1,0,0,0,0,1,0,24,44,43,12,7,17,19,2,0,0,0,0,0,3,0,1,0,0,0,0,0,0,0,0,0,,,1,24,40,24,13,3,0,0,0
BLN189709010,box,1897-09-01,0,BAL07,R,0,SLN,BLN,1,0,1,0,1,,36,5,11,12,1,0,0,,5,,1,0,1,0,0,1,0,0,0,0,6,1,1,1,0,0,0,0,1,0,24,42,38,11,10,17,24,5,1,0,0,2,0,0,0,0,2,0,0,1,0,0,0,0,0,,,1,24,41,24,15,2,0,0,1
BLN189709020,box,1897-09-02,0,BAL07,R,0,SLN,BLN,1,1,0,0,1,,40,4,13,13,0,0,0,,2,,2,0,0,0,0,2,0,1,0,0,10,1,1,1,0,0,0,1,0,0,30,48,44,3,2,15,15,0,0,0,0,3,0,2,1,0,1,0,0,1,0,0,0,0,0,,,1,30,53,30,20,3,1,0,0
BLN189709030,box,1897-09-03,0,BAL07,R,0,SLN,BLN,1,0,1,0,1,,34,1,7,8,1,0,0,,1,,2,0,6,1,0,0,0,1,0,0,8,1,1,0,0,0,1,0,1,0,24,56,50,22,12,25,33,6,1,0,0,3,0,1,0,3,0,0,0,2,0,0,0,0,0,,,1,24,41,24,13,4,0,0,0
NY1189709040,box,1897-09-04,0,NYC10,R,0,SLN,NY1,1,0,1,0,1,,33,3,7,7,0,0,0,,2,,3,0,6,0,1,1,0,0,0,0,8,1,1,1,0,0,0,0,1,0,24,43,36,9,7,12,17,1,2,0,0,6,0,2,0,1,0,0,0,1,0,0,0,0,0,,,1,24,39,24,13,2,0,0,1
NY1189709061,box,1897-09-06,1,NYC10,R,0,SLN,NY1,1,0,1,0,1,,42,8,15,17,2,0,0,,5,,3,0,2,0,0,0,0,5,0,0,10,1,1,1,0,0,0,0,1,0,26,40,39,9,4,13,17,2,1,0,0,1,0,2,1,0,0,0,0,1,0,0,0,0,0,,,1,26,47,26,15,6,1,0,1
NY1189709062,box,1897-09-06,2,NYC10,R,0,SLN,NY1,1,0,1,0,1,,42,4,14,16,2,0,0,,4,,1,0,5,0,1,0,0,0,0,0,13,1,1,1,0,0,0,0,1,0,24,41,38,9,8,15,23,2,0,2,0,3,0,0,0,0,0,0,0,1,0,0,0,0,0,,,1,24,39,24,13,2,0,0,1
BSN189709080,box,1897-09-08,0,BOS05,R,0,SLN,BSN,1,0,1,0,1,,39,5,13,17,1,0,1,,5,,1,0,1,0,1,0,0,0,0,0,9,1,1,1,0,0,0,0,1,0,24,49,43,17,13,17,21,1,0,1,0,5,0,2,1,0,1,0,0,0,0,0,0,0,0,,,1,24,47,24,17,6,1,0,0
BSN189709090,box,1897-09-09,0,BOS05,R,0,SLN,BSN,1,0,1,0,1,,36,6,10,13,1,1,0,,6,,4,0,2,0,0,0,0,0,0,0,7,1,1,1,0,0,0,0,1,0,24,47,43,13,12,16,21,1,2,0,0,3,0,0,0,1,0,0,0,0,0,0,0,0,0,,,1,24,35,24,9,2,0,0,0
BSN189709100,box,1897-09-10,0,BOS05,R,0,SLN,BSN,1,0,1,0,1,,43,9,16,20,1,0,1,,8,,2,0,4,0,0,0,0,1,0,0,9,1,1,1,0,0,0,0,1,0,25,45,38,10,9,11,16,3,1,0,0,6,0,3,0,1,0,0,0,0,0,0,0,0,0,,,1,25,35,25,7,3,0,0,0
CL4189709120,box,1897-09-12,0,CLE05,R,0,SLN,CL4,1,0,1,0,1,,36,4,9,13,1,0,1,,4,,1,0,3,0,1,0,0,0,0,0,7,1,1,0,0,0,1,0,1,0,24,47,42,15,12,22,35,5,4,0,0,3,0,1,0,1,1,0,0,0,0,0,0,0,0,,,1,24,41,23,16,2,2,0,0
CL4189709130,box,1897-09-13,0,CLE05,R,0,SLN,CL4,1,0,1,0,1,,36,6,9,11,2,0,0,,5,,0,0,4,0,0,0,0,1,0,0,3,1,1,1,0,0,0,0,1,0,24,37,35,7,3,12,18,2,2,0,0,1,0,1,0,0,1,0,0,0,0,0,0,0,0,,,1,24,44,24,14,6,0,0,0
CL4189709140,box,1897-09-14,0,CLE05,R,0,SLN,CL4,1,0,1,0,1,,34,1,8,9,1,0,0,,1,,1,0,5,2,0,0,0,0,0,0,7,1,1,1,0,0,0,0,1,0,24,39,36,8,8,13,18,5,0,0,0,3,0,0,0,0,0,0,0,1,0,0,0,0,0,,,1,24,43,24,18,1,0,0,0
PIT189709171,box,1897-09-17,1,PIT05,R,0,SLN,PIT,1,0,1,0,1,,35,2,7,7,0,0,0,,2,,1,0,5,1,0,0,0,1,0,0,7,1,1,1,0,0,0,0,1,0,24,35,32,6,1,9,11,2,0,0,0,0,0,2,0,1,2,0,0,0,0,0,0,0,0,,,1,24,46,24,20,2,0,0,1
PIT189709172,box,1897-09-17,2,PIT05,R,0,SLN,PIT,1,0,1,0,1,,39,4,10,10,0,0,0,,3,,3,0,4,1,1,0,0,0,0,0,12,1,1,1,0,0,0,0,1,0,24,39,32,10,4,11,12,1,0,0,0,4,0,2,0,0,3,0,0,1,0,0,0,0,0,,,1,24,42,24,14,4,1,0,0
PIT189709180,box,1897-09-18,0,PIT05,R,0,SLN,PIT,1,0,1,0,1,,38,10,12,14,2,0,0,,9,,4,0,9,1,1,2,0,5,0,0,8,1,1,1,0,0,0,0,1,0,24,47,42,13,11,17,27,4,3,0,0,1,0,3,0,1,3,0,0,0,0,0,0,0,0,,,1,24,42,24,9,9,1,0,0
CIN189709190,box,1897-09-19,0,CIN05,R,0,SLN,CIN,1,0,1,0,1,,37,4,7,8,1,0,0,,3,,4,0,2,0,0,0,0,0,0,0,10,1,1,1,0,0,0,0,1,0,24,36,34,5,1,8,13,2,0,1,0,1,0,2,0,1,0,0,0,0,0,0,0,0,0,,,1,24,43,24,14,5,0,0,0
SLN189709251,box,1897-09-25,1,STL05,R,1,SLN,CIN,1,0,1,0,1,,39,5,14,21,1,3,0,,5,,3,0,,0,1,1,0,3,0,0,12,1,1,1,0,0,0,0,1,0,27,42,38,7,7,13,22,1,1,2,0,3,0,0,0,0,1,0,0,0,0,0,0,0,0,,,1,27,44,27,16,1,0,0,1
SLN189709252,box,1897-09-25,2,STL05,R,1,SLN,CIN,1,0,1,0,1,,26,7,10,12,2,0,0,,4,,1,0,,1,2,0,0,2,0,0,7,1,1,0,0,0,1,0,1,0,15,27,26,8,6,12,18,1,1,1,0,1,0,0,1,0,0,0,0,0,0,0,0,0,0,,,1,15,30,15,12,3,1,0,1
SLN189709261,box,1897-09-26,1,STL05,R,1,SLN,CIN,1,0,1,0,1,,37,4,8,12,0,2,0,,4,,6,0,,0,0,0,0,0,0,0,12,1,1,1,0,0,0,0,1,0,27,41,37,10,7,14,27,0,2,3,0,3,0,,2,0,1,0,0,0,0,0,0,0,0,,,1,27,53,27,22,4,3,0,0
SLN189709262,box,1897-09-26,2,STL05,R,1,SLN,CIN,1,0,1,0,1,,40,6,14,19,1,2,0,,4,,2,0,,1,0,0,0,1,0,0,9,1,1,1,0,0,0,0,1,0,27,43,40,8,4,13,16,3,0,0,0,2,0,,0,0,1,0,0,0,0,0,0,0,0,,,1,27,38,27,9,2,0,0,0
SLN189709270,box,1897-09-27,0,STL05,R,1,SLN,CIN,1,1,0,0,1,,31,5,7,7,0,0,0,,3,,5,0,,0,1,1,0,1,0,0,9,1,1,1,0,0,0,1,0,0,27,37,33,4,4,8,10,2,0,0,0,2,0,,1,1,1,0,0,0,0,0,0,0,0,,,1,27,41,27,14,0,1,0,0
SLN189710020,box,1897-10-02,0,STL05,R,1,SLN,CHN,1,0,1,0,1,,32,2,5,9,2,1,0,,2,,4,0,3,0,1,0,0,0,0,0,8,1,1,1,0,0,0,0,1,0,27,42,34,8,8,12,16,2,1,0,0,5,0,3,2,2,1,0,0,0,0,0,0,0,0,,,1,27,47,27,19,1,2,0,0
SLN189710031,box,1897-10-03,1,STL05,R,1,SLN,CHN,1,1,0,0,1,,39,10,14,22,2,0,2,,7,,3,0,,2,1,0,0,0,0,0,8,1,1,1,0,0,0,1,0,0,27,44,39,9,7,14,28,1,2,3,0,2,0,2,1,1,2,0,0,0,0,0,0,0,0,,,1,27,44,27,14,3,2,0,0
SLN189710032,box,1897-10-03,2,STL05,R,1,SLN,CHN,1,0,1,0,1,,27,1,7,8,1,0,0,,1,,1,0,1,1,0,0,0,0,0,0,6,1,1,1,0,0,0,0,1,0,21,34,27,7,6,7,14,2,1,1,0,4,0,1,0,2,1,0,0,0,0,0,0,0,0,,,1,21,38,21,15,2,0,0,0
WSN189704220,box,1897-04-22,0,WAS06,R,1,WSN,BRO,1,0,1,0,1,,32,4,5,8,0,0,1,,3,,2,0,5,0,1,1,0,2,0,0,5,1,1,1,0,0,0,0,1,0,27,41,37,5,2,9,12,3,0,0,0,3,0,1,0,1,0,0,0,0,0,0,0,0,0,,,1,27,41,27,11,3,0,0,0
WSN189704230,box,1897-04-23,0,WAS06,R,1,WSN,BRO,1,0,1,0,1,,36,7,8,11,0,0,1,,7,,9,0,1,1,1,0,0,2,1,0,12,1,1,0,0,0,1,0,1,0,27,41,39,8,6,13,18,2,0,1,0,1,0,4,0,0,1,0,0,1,0,0,0,0,0,,,1,27,45,27,15,3,0,0,0
WSN189704240,box,1897-04-24,0,WAS06,R,1,WSN,BRO,1,1,0,0,1,,30,8,11,14,1,1,0,,6,,5,0,2,1,1,2,0,3,1,0,6,1,1,1,0,0,0,1,0,0,27,45,43,6,1,15,18,1,1,0,0,2,0,1,0,0,0,0,0,1,0,0,0,0,0,,,1,27,43,27,12,4,0,0,0
NY1189704260,box,1897-04-26,0,NYC10,R,0,WSN,NY1,1,0,0,1,1,,32,3,8,11,3,0,0,,2,,5,0,,0,0,3,0,1,1,0,10,1,1,1,0,0,0,0,0,0,27,39,35,3,3,9,10,1,0,0,0,2,0,0,0,2,0,0,0,0,0,0,0,0,0,,,1,27,41,27,13,1,1,0,0
NY1189704270,box,1897-04-27,0,NYC10,R,0,WSN,NY1,1,0,1,0,1,,35,3,7,8,1,0,0,,2,,2,0,,0,1,0,0,2,1,0,8,1,1,1,0,0,0,0,1,0,24,40,36,8,4,14,16,2,0,0,0,4,0,,1,0,0,0,0,0,0,0,0,0,0,,,1,24,43,23,17,3,1,0,2
NY1189704280,box,1897-04-28,0,NYC10,R,0,WSN,NY1,1,0,1,0,1,,28,3,4,6,0,1,0,,3,,5,0,,0,0,1,0,0,1,0,4,1,1,0,0,0,1,0,1,0,24,46,42,11,6,16,22,2,2,0,0,4,0,0,0,0,0,0,0,0,0,0,0,0,0,,,1,24,44,23,14,7,0,0,0
WSN189704290,box,1897-04-29,0,WAS06,R,1,WSN,BSN,1,1,0,0,1,,37,5,11,11,0,0,0,,5,,2,0,2,0,0,0,0,7,3,0,7,1,1,1,0,0,0,1,0,0,27,40,36,3,3,8,11,1,1,0,0,3,0,0,0,1,0,0,0,1,0,0,0,0,0,,,1,27,40,27,12,1,0,0,0
WSN189704300,box,1897-04-30,0,WAS06,R,1,WSN,BSN,1,0,0,1,1,,33,3,6,6,0,0,0,,1,,3,0,2,0,1,0,0,2,3,0,4,1,1,1,0,0,0,0,0,0,30,42,38,3,3,12,14,0,1,0,0,2,1,2,0,0,2,0,0,3,0,0,0,0,0,,,1,30,47,30,16,1,0,0,0
WSN189705040,box,1897-05-04,0,WAS06,R,1,WSN,NY1,1,0,1,0,1,,31,1,6,7,1,0,0,,1,,2,0,4,1,1,0,0,0,0,0,6,1,1,1,0,0,0,0,1,0,24,35,31,6,6,10,14,1,0,1,0,2,0,0,0,1,1,0,0,0,0,0,0,0,0,,,1,24,32,24,8,0,1,0,0
BSN189705060,box,1897-05-06,0,BOS05,R,0,WSN,BSN,1,0,1,0,1,,33,1,5,7,2,0,0,,1,,2,0,7,0,0,0,0,0,0,0,7,1,1,1,0,0,0,0,1,0,24,36,33,5,3,9,13,1,0,1,0,2,0,1,1,0,1,0,0,0,0,0,0,0,0,,,1,24,42,24,14,4,1,0,0
BSN189705070,box,1897-05-07,0,BOS05,R,0,WSN,BSN,1,0,1,0,1,,33,0,5,6,1,0,0,,0,,0,0,1,0,0,0,0,0,1,0,6,1,1,1,0,0,0,0,1,0,24,31,28,4,4,6,8,0,1,0,0,2,0,3,1,0,1,0,0,2,0,0,0,0,0,,,1,24,37,24,11,2,2,0,0
BSN189705080,box,1897-05-08,0,BOS05,R,0,WSN,BSN,1,1,0,0,1,,33,10,6,12,1,1,1,,10,,12,0,5,0,2,1,0,4,0,0,11,1,1,0,0,0,1,1,0,0,27,39,36,9,8,8,17,1,1,2,0,2,0,0,0,0,1,0,0,1,0,0,0,0,0,,,1,27,44,27,15,2,0,0,0
WSN189705100,box,1897-05-10,0,WAS06,R,1,WSN,BLN,1,1,0,0,1,,36,13,15,20,1,2,0,,12,,3,0,0,0,2,2,0,1,1,0,6,1,1,1,0,0,0,1,0,0,27,36,34,5,3,8,12,1,0,1,0,2,0,6,0,0,0,0,0,0,0,0,0,0,0,,,1,27,37,27,7,3,0,0,0
WSN189705110,box,1897-05-11,0,WAS06,R,1,WSN,BLN,1,0,1,0,1,,34,3,7,10,3,0,0,,3,,1,0,2,1,0,0,0,1,1,0,5,1,1,1,0,0,0,0,1,0,27,42,35,6,2,10,13,1,1,0,0,5,0,0,0,1,1,0,0,1,0,0,0,0,0,,,1,27,55,27,23,5,0,0,0
WSN189705120,box,1897-05-12,0,WAS06,R,1,WSN,BLN,1,0,1,0,1,,36,4,12,15,3,0,0,,4,,2,0,1,0,1,0,0,0,1,0,8,1,1,0,0,0,1,0,1,0,27,39,35,5,5,10,13,3,0,0,0,2,0,2,0,1,1,0,0,1,0,0,0,0,0,,,1,27,41,27,13,1,1,0,0
PIT189705130,box,1897-05-13,0,PIT05,R,0,WSN,PIT,1,1,0,0,1,,40,7,14,16,0,1,0,,6,,0,0,1,0,0,1,0,4,1,0,7,1,1,1,0,0,0,1,0,0,27,41,36,4,4,8,8,0,0,0,0,5,0,3,0,0,0,0,0,0,0,0,0,0,0,,,1,27,36,27,8,1,0,0,0
PIT189705140,box,1897-05-14,0,PIT05,R,0,WSN,PIT,1,0,1,0,1,,33,1,5,6,1,0,0,,1,,0,0,5,0,1,0,0,0,0,0,6,1,1,0,0,0,1,0,1,0,24,35,32,7,7,7,9,0,1,0,0,1,0,2,1,2,0,0,0,0,0,0,0,0,0,,,1,24,38,24,11,3,1,0,1
PIT189705150,box,1897-05-15,0,PIT05,R,0,WSN,PIT,1,0,1,0,1,,30,0,5,7,2,0,0,,0,,2,0,2,0,0,0,0,0,1,0,5,1,1,1,0,0,0,0,1,0,24,34,28,2,2,6,8,2,0,0,0,5,0,0,1,1,0,0,0,0,0,0,0,0,0,,,1,24,38,23,12,3,1,0,1
CL4189705170,box,1897-05-17,0,CLE05,R,0,WSN,CL4,1,0,1,0,1,,36,7,10,11,1,0,0,,5,,4,0,4,0,0,1,0,1,0,0,7,1,1,0,0,0,1,0,1,0,25,40,32,8,5,11,11,0,0,0,0,3,0,2,0,1,4,0,0,0,0,0,0,0,0,,,1,25,41,25,14,2,1,0,0
CL4189705180,box,1897-05-18,0,CLE05,R,0,WSN,CL4,1,0,1,0,1,,33,5,7,8,1,0,0,,4,,2,0,1,1,0,1,0,0,0,0,4,1,1,1,0,0,0,0,1,0,24,35,31,6,6,6,12,1,1,1,0,4,0,5,0,0,0,0,0,1,0,0,0,0,0,,,1,24,38,24,13,1,0,0,2
CL4189705190,box,1897-05-19,0,CLE05,R,0,WSN,CL4,1,0,1,0,1,,39,5,14,20,2,2,0,,5,,1,0,1,0,0,0,0,0,2,0,8,1,1,0,0,0,1,0,1,0,24,40,34,8,7,12,15,1,1,0,0,4,0,3,2,1,1,0,0,0,0,0,0,0,0,,,1,24,37,24,11,2,2,0,0
CHN189705200,box,1897-05-20,0,CHI08,R,0,WSN,CHN,1,1,0,0,1,,42,16,15,17,0,1,0,,12,,6,0,5,0,1,1,0,8,1,0,7,1,1,0,0,0,1,1,0,1,27,52,42,14,12,17,23,3,0,1,0,8,0,0,1,0,2,0,0,0,0,0,0,0,0,,,1,27,45,27,15,3,1,0,1
CHN189705220,box,1897-05-22,0,CHI08,R,0,WSN,CHN,1,0,1,0,1,,30,1,6,7,1,0,0,,1,,3,0,5,0,0,0,0,1,1,0,5,1,1,1,0,0,0,0,1,0,24,36,33,3,3,12,19,4,0,1,0,1,0,2,1,1,1,0,0,0,0,0,0,0,0,,,1,24,33,24,9,0,2,0,0
CHN189705230,box,1897-05-23,0,CHI08,R,0,WSN,CHN,1,1,0,0,1,,42,16,18,23,3,1,0,,15,,5,0,1,0,0,0,0,5,2,0,4,1,1,1,0,0,0,1,0,0,27,50,42,12,7,12,14,2,0,0,0,5,0,3,1,1,2,0,0,0,0,0,0,0,0,,,1,27,51,27,14,10,1,0,0
SLN189705240,box,1897-05-24,0,STL05,R,0,WSN,SLN,1,1,0,0,1,,40,13,19,26,2,1,1,,11,,5,0,,2,0,0,0,2,1,0,5,1,1,0,0,0,1,1,0,1,27,44,37,7,5,11,15,0,2,0,0,6,0,,0,1,0,0,0,0,0,0,0,0,0,,,1,27,44,27,13,4,0,0,0
SLN189705250,box,1897-05-25,0,STL05,R,0,WSN,SLN,1,0,1,0,1,,37,6,13,19,1,1,1,,5,,1,0,,0,0,3,0,1,1,0,8,1,1,0,0,0,1,0,1,0,27,44,38,8,8,12,20,3,1,1,0,4,0,2,0,2,0,0,0,0,0,0,0,0,0,,,1,27,44,27,13,4,1,0,1
LS3189705270,box,1897-05-27,0,LOU03,R,0,WSN,LS3,1,0,1,0,1,,27,0,2,2,0,0,0,,0,,3,0,1,0,0,0,0,0,1,0,3,1,1,1,0,0,0,0,1,0,27,37,33,5,3,9,10,1,0,0,0,2,0,0,0,0,2,0,0,0,0,0,0,0,0,,,1,27,40,27,12,1,1,0,0
LS3189705290,box,1897-05-29,0,LOU03,R,0,WSN,LS3,1,1,0,0,1,,33,5,6,8,0,1,0,,5,,1,0,,0,0,0,0,0,1,0,5,1,1,1,0,0,0,1,0,0,27,33,29,2,1,4,4,0,0,0,0,2,0,,0,1,1,0,0,0,0,0,0,0,0,,,1,27,35,27,7,1,0,0,0
CIN189705300,box,1897-05-30,0,CIN05,R,0,WSN,CIN,1,0,1,0,1,,38,7,13,17,1,0,1,,6,,3,0,4,1,0,1,0,1,2,0,8,1,1,0,0,0,1,0,1,0,24,43,30,8,6,14,17,3,0,0,0,10,0,,1,0,3,0,0,0,0,0,0,0,0,,,1,24,45,24,18,3,1,0,0
CIN189705311,box,1897-05-31,1,CIN05,R,0,WSN,CIN,1,0,1,0,1,,34,3,8,9,1,0,0,,2,,1,0,5,0,3,0,0,2,2,0,8,1,1,1,0,0,0,0,1,0,25,37,28,4,3,8,9,1,0,0,0,5,0,,0,0,4,0,0,0,0,0,0,0,0,,,1,25,38,25,12,1,0,0,1
CIN189705312,box,1897-05-31,2,CIN05,R,0,WSN,CIN,1,0,1,0,1,,34,3,6,8,2,0,0,,2,,0,0,,0,0,0,0,1,0,0,4,1,1,1,0,0,0,0,1,0,24,33,29,4,4,8,11,3,0,0,0,2,0,0,0,0,2,0,0,0,0,0,0,0,0,,,1,24,39,24,15,0,0,0,1
WSN189706020,box,1897-06-02,0,WAS06,R,1,WSN,CHN,1,0,1,0,1,,34,5,10,16,4,1,0,,5,,1,0,4,0,0,2,0,2,1,0,5,1,1,1,0,0,0,0,1,0,27,40,35,6,4,8,13,1,2,0,0,5,0,7,1,0,0,0,0,0,0,0,0,0,0,,,1,27,51,27,18,6,2,0,0
WSN189706040,box,1897-06-04,0,WAS06,R,1,WSN,CHN,1,0,1,0,1,,40,5,16,18,2,0,0,,5,,1,0,4,1,1,0,0,1,0,0,10,1,1,0,0,0,1,0,1,0,27,41,38,8,8,12,21,3,3,0,0,2,0,3,0,1,0,0,0,0,0,0,0,0,0,,,1,27,37,27,10,0,1,0,0
WSN189706050,box,1897-06-05,0,WAS06,R,1,WSN,CL4,1,0,1,0,1,,36,5,13,13,0,0,0,,3,,5,0,,3,2,0,0,1,0,0,11,1,1,0,0,0,1,0,1,0,27,45,41,10,1,14,20,2,2,0,0,3,0,1,1,0,1,0,0,0,0,0,0,0,0,,,1,27,46,27,11,8,2,0,0
WSN189706070,box,1897-06-07,0,WAS06,R,1,WSN,CL4,1,0,1,0,1,,31,0,6,8,0,1,0,,0,,1,0,5,0,1,0,0,0,1,0,6,1,1,1,0,0,0,0,1,0,27,45,42,7,5,14,19,1,2,0,0,3,0,2,1,0,0,0,0,1,0,0,0,0,0,,,1,27,48,27,18,3,1,0,0
WSN189706090,box,1897-06-09,0,WAS06,R,1,WSN,SLN,1,1,0,0,1,,34,6,14,14,0,0,0,,6,,3,0,1,0,0,2,0,4,0,0,9,1,1,1,1,0,0,1,0,0,27,33,29,0,0,6,6,0,0,0,0,2,0,1,1,1,1,0,0,0,0,0,0,0,0,,,1,27,44,27,17,0,2,0,1
WSN189706100,box,1897-06-10,0,WAS06,R,1,WSN,SLN,1,1,0,0,1,,34,9,12,18,6,0,0,,8,,3,0,0,1,1,0,0,2,0,0,5,1,1,1,0,0,0,1,0,0,27,41,34,3,2,10,14,2,1,0,0,5,0,1,0,1,1,0,0,0,0,0,0,0,0,,,1,27,41,26,13,2,1,0,0
WSN189706110,box,1897-06-11,0,WAS06,R,1,WSN,SLN,1,1,0,0,1,,33,6,9,14,0,1,1,,6,,3,0,0,0,0,0,0,2,2,0,6,1,1,1,0,0,0,1,0,0,27,38,35,3,2,8,11,3,0,0,0,2,0,1,0,1,0,0,0,0,0,0,0,0,0,,,1,27,41,27,13,1,0,0,0
WSN189706120,box,1897-06-12,0,WAS06,R,1,WSN,PIT,1,1,0,0,1,,29,4,8,15,3,2,0,,4,,2,0,3,0,0,0,0,2,2,0,3,1,1,1,0,0,0,1,0,0,27,39,34,2,1,8,8,0,0,0,0,1,0,7,1,4,0,0,0,0,0,0,0,0,0,,,1,27,39,27,10,2,1,0,0
WSN189706140,box,1897-06-14,0,WAS06,R,1,WSN,PIT,1,1,0,0,1,,40,16,18,28,2,1,2,,13,,4,0,0,0,1,1,0,5,1,0,6,1,1,1,0,0,0,1,0,0,27,38,36,2,2,9,10,1,0,0,0,2,0,5,0,0,0,0,0,0,0,0,0,0,0,,,1,27,38,27,9,2,1,0,0
WSN189706150,box,1897-06-15,0,WAS06,R,1,WSN,PIT,1,0,1,0,1,,38,8,15,17,2,0,0,,7,,5,0,3,1,1,0,0,0,0,0,9,1,1,1,0,0,0,0,1,0,27,45,39,10,7,12,17,0,1,1,0,3,0,1,1,2,1,0,0,0,0,0,0,0,0,,,1,27,48,27,17,4,1,0,0
WSN189706160,box,1897-06-16,0,WAS06,R,1,WSN,LS3,1,1,0,0,1,,30,4,9,12,3,0,0,,2,,1,0,,0,1,0,0,2,0,0,4,1,1,1,0,0,0,1,0,0,27,35,32,2,2,6,8,0,1,0,0,2,0,,0,0,1,0,0,0,0,0,0,0,0,,,1,27,38,27,9,2,0,0,0
WSN189706180,box,1897-06-18,0,WAS06,R,1,WSN,LS3,1,1,0,0,1,,31,8,10,12,0,1,0,,7,,3,0,1,0,0,0,0,1,2,0,2,1,1,1,0,0,0,1,0,0,27,35,29,3,2,5,6,1,0,0,0,5,0,5,0,1,0,0,0,2,0,0,0,0,0,,,1,27,44,27,17,0,1,0,3
WSN189706190,box,1897-06-19,0,WAS06,R,1,WSN,LS3,1,1,0,0,1,,39,13,16,22,4,1,0,,13,,5,0,0,0,1,1,0,1,0,0,9,1,1,1,0,0,0,1,0,0,27,39,37,7,3,12,19,3,2,0,0,2,0,3,1,0,0,0,0,0,0,0,0,0,0,,,1,27,43,27,13,3,1,0,0
WSN189706210,box,1897-06-21,0,WAS06,R,1,WSN,PHI,1,1,0,0,1,,37,9,14,30,2,1,4,,9,,1,0,3,0,0,0,0,5,1,0,5,1,1,1,0,0,0,1,0,0,27,36,32,2,1,9,11,0,1,0,0,3,0,4,1,1,0,0,0,0,0,0,0,0,0,,,1,27,46,27,18,1,1,0,0
WSN189706220,box,1897-06-22,0,WAS06,R,1,WSN,PHI,1,1,0,0,1,,41,12,15,22,1,3,0,,11,,6,0,4,0,0,1,0,3,1,0,7,1,1,0,0,0,1,1,0,0,30,52,46,11,11,20,30,5,1,1,0,3,0,0,2,0,3,0,0,1,0,0,0,0,0,,,1,30,50,30,18,2,2,0,0
WSN189706230,box,1897-06-23,0,WAS06,R,1,WSN,PHI,1,1,0,0,1,,39,12,15,21,2,2,0,,11,,0,0,2,0,3,1,0,2,1,0,7,1,1,1,0,0,0,1,0,0,27,35,35,2,1,7,9,2,0,0,0,0,0,0,2,0,0,0,0,0,0,0,0,0,0,,,1,27,49,27,17,5,4,0,0
WSN189706251,box,1897-06-25,1,WAS06,R,1,WSN,NY1,1,0,1,0,1,,35,6,12,16,1,0,1,,5,,5,0,0,0,0,0,0,1,1,0,7,1,1,0,0,0,1,0,1,0,27,43,41,11,4,12,18,1,1,1,0,2,0,1,0,0,0,0,0,0,0,0,0,0,0,,,1,27,44,27,11,6,0,0,0
WSN189706252,box,1897-06-25,2,WAS06,R,1,WSN,NY1,1,1,0,0,1,,32,6,11,16,1,2,0,,6,,4,0,1,0,0,1,0,2,3,0,7,1,1,1,0,0,0,1,0,0,27,41,38,4,4,14,14,0,0,0,0,2,0,7,1,1,0,0,0,0,0,0,0,0,0,,,1,27,41,27,11,3,1,0,0
WSN189706261,box,1897-06-26,1,WAS06,R,1,WSN,NY1,1,0,1,0,1,,27,1,2,3,1,0,0,,0,,5,0,8,0,0,1,0,1,1,0,5,1,1,1,0,0,0,0,1,0,27,44,37,9,6,10,12,2,0,0,0,3,0,3,1,4,0,0,0,0,0,0,0,0,0,,,1,27,50,27,18,5,2,0,0
WSN189706262,box,1897-06-26,2,WAS06,R,1,WSN,NY1,1,0,1,0,1,,36,5,8,14,2,2,0,,4,,3,0,,0,0,0,0,2,1,0,7,1,1,1,0,0,0,0,1,0,27,44,41,10,6,16,19,1,1,0,0,3,0,3,2,0,0,0,0,0,0,0,0,0,0,,,1,27,43,27,14,2,2,0,0
PHI189706280,box,1897-06-28,0,PHI09,R,0,WSN,PHI,1,0,1,0,1,,38,6,13,15,2,0,0,,6,,2,0,3,0,0,1,0,0,0,0,8,1,1,1,0,0,0,0,1,0,24,40,37,7,6,16,18,2,0,0,0,2,0,,1,0,1,0,0,0,0,0,0,0,0,,,1,24,34,23,10,1,1,0,0
PHI189706290,box,1897-06-29,0,PHI09,R,0,WSN,PHI,1,0,1,0,1,,38,9,12,15,3,0,0,,7,,4,0,2,0,0,1,0,1,0,0,7,1,1,1,0,0,0,0,1,0,26,41,40,10,5,14,16,2,0,0,0,1,0,1,0,0,0,0,0,1,0,0,0,0,0,,,1,26,46,26,11,9,2,0,1
PHI189706300,box,1897-06-30,0,PHI09,R,0,WSN,PHI,1,1,0,0,1,,36,3,7,8,1,0,0,,1,,2,0,0,0,1,0,0,3,1,0,9,1,1,1,0,0,0,1,0,0,27,34,32,1,1,6,8,2,0,0,0,1,0,,0,1,0,0,0,0,0,0,0,0,0,,,1,27,42,27,14,1,0,0,0
BLN189707010,box,1897-07-01,0,BAL07,R,0,WSN,BLN,1,0,1,0,1,,36,3,8,11,3,0,0,,3,,1,0,6,0,1,0,0,3,0,0,8,1,1,1,0,0,0,0,1,0,24,35,30,6,5,8,11,1,1,0,0,4,0,,0,0,1,0,0,0,0,0,0,0,0,,,1,24,40,24,14,2,1,0,0
BLN189707020,box,1897-07-02,0,BAL07,R,0,WSN,BLN,1,0,1,0,1,,37,4,8,12,2,1,0,,2,,0,0,3,1,0,0,0,0,0,0,6,1,1,1,0,0,0,0,1,0,24,36,31,6,1,8,12,1,0,1,0,4,0,0,0,1,0,0,0,0,0,0,0,0,0,,,1,24,35,23,11,1,0,0,0
CHN189707040,box,1897-07-04,0,CHI08,R,0,WSN,CHN,1,0,1,0,1,,38,7,9,11,2,0,0,,4,,2,0,1,1,1,0,0,1,1,0,7,1,1,0,0,0,1,0,1,0,24,45,43,16,7,15,21,1,1,1,0,2,0,0,1,0,0,0,0,0,0,0,0,0,0,,,1,24,45,24,12,9,1,0,0
CHN189707051,box,1897-07-05,1,CHI08,R,0,WSN,CHN,1,0,1,0,1,,37,4,10,11,1,0,0,,3,,4,0,4,0,1,1,0,1,0,0,12,1,1,1,0,0,0,0,1,0,24,33,32,6,4,8,12,2,1,0,0,1,0,2,1,0,0,0,0,0,1,0,0,0,0,,,1,24,42,24,14,4,1,0,1
CHN189707052,box,1897-07-05,2,CHI08,R,0,WSN,CHN,1,1,0,0,1,,36,4,9,13,2,1,0,,2,,2,0,3,0,0,1,0,1,0,0,8,1,1,1,1,0,0,1,0,0,27,31,30,0,0,3,3,0,0,0,0,0,0,6,0,1,0,0,0,0,0,0,0,0,0,,,1,27,37,26,11,0,0,0,0
CL4189707080,box,1897-07-08,0,CLE05,R,0,WSN,CL4,1,0,1,0,1,,41,5,12,17,3,1,0,,4,,0,0,1,1,0,0,0,0,0,0,9,1,1,1,0,0,0,0,1,0,27,45,37,10,9,14,18,2,1,0,0,6,0,3,0,1,1,0,0,0,0,0,0,0,0,,,1,27,42,27,14,1,1,0,0
CL4189707100,box,1897-07-10,0,CLE05,R,0,WSN,CL4,1,0,1,0,1,,30,1,6,7,1,0,0,,1,,0,0,0,2,0,0,0,0,1,0,2,1,1,1,0,0,0,0,1,0,27,38,32,3,2,6,7,1,0,0,0,6,0,2,0,0,0,0,0,1,0,0,0,0,0,,,1,27,50,27,21,2,0,0,1
CL4189707110,box,1897-07-11,0,CLE05,R,0,WSN,CL4,1,0,1,0,1,,40,4,13,15,2,0,0,,4,,2,0,2,1,1,0,0,0,0,0,12,1,1,1,0,0,0,0,1,0,27,53,47,15,12,21,28,3,2,0,0,5,0,0,0,0,1,0,0,0,0,0,0,0,0,,,1,27,43,27,12,4,1,0,0
PIT189707120,box,1897-07-12,0,PIT05,R,0,WSN,PIT,1,1,0,0,1,,41,13,13,21,3,1,1,,11,,3,0,,0,0,1,0,2,1,0,5,1,1,1,0,0,0,1,0,0,27,44,38,6,6,12,15,1,1,0,0,6,0,4,0,0,0,0,0,0,0,0,0,0,0,,,1,27,47,27,15,5,1,0,0
PIT189707130,box,1897-07-13,0,PIT05,R,0,WSN,PIT,1,0,1,0,1,,38,4,10,11,1,0,0,,2,,2,0,,0,0,0,0,2,0,0,9,1,1,1,0,0,0,0,1,0,24,36,33,7,5,10,11,1,0,0,0,1,0,0,1,0,2,0,0,1,0,0,0,0,0,,,1,24,45,24,15,6,1,0,2
PIT189707140,box,1897-07-14,0,PIT05,R,0,WSN,PIT,1,1,0,0,1,,45,15,18,22,2,1,0,,15,,4,0,4,0,0,0,0,7,0,0,7,1,1,1,0,0,0,1,0,0,27,30,27,1,0,3,3,0,0,0,0,2,0,,2,0,1,0,0,0,0,0,0,0,0,,,1,27,44,27,16,1,3,0,0
CIN189707150,box,1897-07-15,0,CIN05,R,0,WSN,CIN,1,1,0,0,1,,45,16,24,31,5,1,0,,16,,7,0,,0,0,1,0,2,0,0,10,1,1,1,0,0,0,1,0,0,27,36,35,5,4,11,13,0,1,0,0,1,0,,2,0,0,0,0,0,0,0,0,0,0,,,1,27,41,27,14,0,2,0,1
CIN189707170,box,1897-07-17,0,CIN05,R,0,WSN,CIN,1,0,1,0,1,,34,2,9,9,0,0,0,,2,,3,0,0,0,0,0,0,0,0,0,10,1,1,1,0,0,0,0,1,0,24,43,40,14,13,18,22,2,1,0,0,2,0,0,0,0,1,0,0,0,0,0,0,0,0,,,1,24,35,24,10,1,0,0,0
CIN189707180,box,1897-07-18,0,CIN05,R,0,WSN,CIN,1,0,1,0,1,,36,3,6,7,1,0,0,,3,,3,0,,0,0,1,0,0,0,0,7,1,1,1,0,0,0,0,1,0,28,40,38,4,2,13,15,2,0,0,0,0,0,1,0,0,2,0,0,0,0,0,0,0,0,,,1,28,45,28,15,2,0,0,0
LS3189707190,box,1897-07-19,0,LOU03,R,0,WSN,LS3,1,0,1,0,1,,29,2,6,6,0,0,0,,1,,3,0,0,3,0,0,0,0,0,0,3,1,1,1,0,0,0,0,1,0,24,35,30,6,6,8,9,1,0,0,0,4,0,,0,0,1,0,0,0,0,0,0,0,0,,,1,24,33,24,9,0,1,0,0
LS3189707200,box,1897-07-20,0,LOU03,R,0,WSN,LS3,1,1,0,0,1,,32,6,8,9,1,0,0,,5,,6,0,3,1,0,0,0,3,1,0,5,1,1,1,0,0,0,1,0,0,27,42,38,4,3,11,14,3,0,0,0,2,0,2,0,1,1,0,0,0,0,0,0,0,0,,,1,27,40,27,10,3,1,0,0
LS3189707211,box,1897-07-21,1,LOU03,R,0,WSN,LS3,1,0,1,0,1,,36,3,8,8,0,0,0,,3,,1,0,,0,0,0,0,0,0,0,7,1,1,1,0,0,0,0,1,0,24,36,30,5,2,11,14,1,1,0,0,1,0,0,0,1,4,0,0,0,0,0,0,0,0,,,1,24,40,24,15,1,0,0,0
LS3189707212,box,1897-07-21,2,LOU03,R,0,WSN,LS3,1,0,1,0,1,,33,4,7,7,0,0,0,,4,,1,0,,2,1,0,0,0,0,0,4,1,1,0,0,0,1,0,1,0,24,39,34,9,3,13,24,3,1,2,0,3,0,,1,0,2,0,0,0,0,0,0,0,0,,,1,24,36,24,10,2,1,0,0
SLN189707220,box,1897-07-22,0,STL05,R,0,WSN,SLN,1,1,0,0,1,,35,9,11,20,1,1,2,,6,,4,0,,0,0,1,0,2,3,0,4,1,1,1,0,0,0,1,0,0,27,48,42,8,6,14,16,2,0,0,0,3,0,,1,2,1,0,0,1,0,0,0,0,0,,,1,27,43,27,12,4,1,0,0
SLN189707240,box,1897-07-24,0,STL05,R,0,WSN,SLN,1,0,1,0,1,,40,5,14,15,1,0,0,,5,,2,0,,0,0,0,0,1,0,0,10,1,1,1,0,0,0,0,1,0,24,42,32,7,4,12,12,0,0,0,0,5,0,1,1,3,2,0,0,1,0,0,0,0,0,,,1,24,44,24,17,3,1,0,1
SLN189707251,box,1897-07-25,1,STL05,R,0,WSN,SLN,1,0,1,0,1,,32,3,6,7,1,0,0,,3,,7,0,,1,0,1,0,0,0,0,10,1,1,1,0,0,0,0,1,0,24,40,35,4,2,12,15,1,1,0,0,3,0,1,0,2,0,0,0,0,0,0,0,0,0,,,1,24,40,24,13,3,1,0,0
SLN189707252,box,1897-07-25,2,STL05,R,0,WSN,SLN,1,1,0,0,1,,38,8,10,12,2,0,0,,5,,6,0,0,0,0,2,0,0,1,0,11,1,1,1,1,0,0,1,0,0,27,32,31,0,0,7,7,0,0,0,0,1,0,,0,0,0,0,0,0,0,0,0,0,0,,,1,27,37,27,10,0,0,0,0
WSN189707280,box,1897-07-28,0,WAS06,R,1,WSN,BLN,1,0,1,0,1,,35,7,12,15,1,1,0,,7,,4,0,,0,1,1,0,2,0,0,7,1,1,1,0,0,0,0,1,0,27,48,42,14,0,14,16,0,1,0,0,4,0,3,0,2,0,0,0,0,0,0,0,0,0,,,1,27,52,27,14,11,0,0,1
WSN189707290,box,1897-07-29,0,WAS06,R,1,WSN,BLN,1,0,1,0,1,,34,2,8,8,0,0,0,,2,,2,0,4,1,1,0,0,0,0,0,8,1,1,0,0,0,1,0,1,0,27,45,39,8,6,14,15,1,0,0,0,4,0,0,0,2,0,0,0,0,0,0,0,0,0,,,1,27,49,27,21,1,0,0,0
WSN189707300,box,1897-07-30,0,WAS06,R,1,WSN,BLN,1,0,1,0,1,,37,11,14,20,1,1,1,,10,,6,0,,2,1,1,0,2,1,0,7,1,1,0,0,0,1,0,1,0,27,54,41,15,11,19,22,3,0,0,0,7,0,1,0,4,2,0,0,1,0,0,0,0,0,,,1,27,42,27,12,3,0,0,0
WSN189707310,box,1897-07-31,0,WAS06,R,1,WSN,BSN,1,0,1,0,1,,38,6,11,19,1,2,1,,6,,1,0,1,0,0,0,0,0,0,0,6,1,1,1,0,0,0,0,1,0,25,40,32,7,5,8,11,0,0,1,0,6,0,2,2,1,1,0,0,0,0,0,0,0,0,,,1,25,41,25,14,2,2,0,0
WSN189708021,box,1897-08-02,1,WAS06,R,1,WSN,BSN,1,1,0,0,1,,33,9,15,16,1,0,0,,6,,5,0,4,1,0,2,0,4,3,0,7,1,1,1,0,0,0,1,0,0,27,42,37,7,1,13,17,0,2,0,0,4,0,3,2,1,0,0,0,0,0,0,0,0,0,,,1,27,39,27,10,2,2,0,0
WSN189708022,box,1897-08-02,2,WAS06,R,1,WSN,BSN,1,0,1,0,1,,36,5,10,12,2,0,0,,5,,2,0,1,0,0,2,0,0,0,0,8,1,1,0,0,0,1,0,1,0,27,40,33,9,6,8,11,1,1,0,0,5,0,6,0,0,2,0,0,0,0,0,0,0,0,,,1,27,40,27,10,3,0,0,0
WSN189708031,box,1897-08-03,1,WAS06,R,1,WSN,BSN,1,0,1,0,1,,33,5,8,10,2,0,0,,5,,7,0,4,1,0,0,0,1,0,0,8,1,1,1,0,0,0,0,1,0,27,43,38,11,5,13,17,4,0,0,0,5,0,2,1,0,0,0,0,2,0,0,0,0,0,,,1,27,56,27,21,8,1,0,0
WSN189708032,box,1897-08-03,2,WAS06,R,1,WSN,BSN,1,1,0,0,1,,38,7,11,16,2,0,1,,7,,3,0,2,0,0,1,0,1,0,0,8,1,1,1,0,0,0,1,0,0,27,40,35,5,2,5,6,1,0,0,0,4,0,2,0,0,1,0,0,0,0,0,0,0,0,,,1,27,46,27,14,5,0,0,0
BRO189708040,box,1897-08-04,0,NYC11,R,0,WSN,BRO,1,0,1,0,1,,37,1,6,8,2,0,0,,1,,1,0,0,0,0,1,0,0,0,0,5,1,1,1,0,0,0,0,1,0,31,43,41,2,1,11,13,2,0,0,0,0,0,2,2,0,2,0,0,0,0,0,0,0,0,,,1,31,49,31,14,4,2,0,0
BRO189708060,box,1897-08-06,0,NYC11,R,0,WSN,BRO,1,0,1,0,1,,36,5,9,14,3,1,0,,4,,3,0,1,1,0,0,0,0,0,0,7,1,1,0,0,0,1,0,1,0,24,48,42,15,6,16,24,4,2,0,0,3,0,0,0,0,3,0,0,1,0,0,0,0,0,,,1,24,47,24,16,7,0,0,0
BRO189708070,box,1897-08-07,0,NYC11,R,0,WSN,BRO,1,0,1,0,1,,32,1,6,6,0,0,0,,1,,1,0,1,1,0,0,0,0,0,0,5,1,1,1,0,0,0,0,1,0,24,35,32,9,2,8,8,0,0,0,0,1,0,0,1,1,1,0,0,1,0,0,0,0,0,,,1,24,42,24,12,6,2,0,0
WSN189708090,box,1897-08-09,0,WAS06,R,1,WSN,PHI,1,1,0,0,1,,32,5,14,14,0,0,0,,4,,0,0,0,1,0,2,0,3,2,0,5,1,1,1,0,0,0,1,0,0,27,32,30,2,2,7,7,0,0,0,0,1,0,3,0,0,1,0,0,0,0,0,0,0,0,,,1,27,41,27,14,0,0,0,0
WSN189708100,box,1897-08-10,0,WAS06,R,1,WSN,PHI,1,1,0,0,1,,37,7,9,15,1,1,1,,6,,2,1,1,0,0,2,0,0,0,0,5,1,1,0,0,0,1,1,0,0,30,43,42,6,6,11,19,3,1,1,0,1,0,1,1,0,0,0,0,0,0,0,0,0,0,,,1,30,46,30,14,2,1,0,0
WSN189708110,box,1897-08-11,0,WAS06,R,1,WSN,PHI,1,1,0,0,1,,32,6,10,16,0,0,2,,5,,4,0,1,0,0,3,0,2,1,0,9,1,1,1,1,0,0,1,0,0,27,32,30,0,0,5,5,0,0,0,0,2,0,2,1,0,0,0,0,0,0,0,0,0,0,,,1,27,40,27,12,1,1,0,0
WSN189708120,box,1897-08-12,0,WAS06,R,1,WSN,BRO,1,1,0,0,1,,33,3,10,14,2,1,0,,3,,0,0,1,0,1,0,0,0,1,0,7,1,1,1,1,0,0,1,0,0,27,36,34,0,0,9,10,1,0,0,0,2,0,1,0,0,0,0,0,0,0,0,0,0,0,,,1,27,37,27,9,1,0,0,0
WSN189708130,box,1897-08-13,0,WAS06,R,1,WSN,BRO,1,1,0,0,1,,35,7,12,19,2,1,1,,7,,0,0,3,1,0,1,0,0,0,0,5,1,1,1,0,0,0,1,0,0,27,39,32,3,1,5,6,1,0,0,0,6,0,3,0,1,0,0,0,0,0,0,0,0,0,,,1,27,41,27,10,4,0,0,0
WSN189708140,box,1897-08-14,0,WAS06,R,1,WSN,BRO,1,1,0,0,1,,36,7,13,18,1,2,0,,6,,2,0,0,0,1,0,0,3,0,0,8,1,1,1,0,0,0,1,0,0,27,35,34,4,3,11,14,3,0,0,0,0,0,1,1,0,1,0,0,0,0,0,0,0,0,,,1,27,43,27,15,1,1,0,0
BSN189708160,box,1897-08-16,0,BOS05,R,0,WSN,BSN,1,0,1,0,1,,30,2,6,8,2,0,0,,2,,3,0,8,0,0,0,0,0,2,0,4,1,1,1,0,0,0,0,1,0,24,35,31,5,5,9,10,1,0,0,0,2,0,5,0,0,2,0,0,1,0,0,0,0,0,,,1,24,32,24,7,1,0,0,0
BSN189708170,box,1897-08-17,0,BOS05,R,0,WSN,BSN,1,1,0,0,1,,40,9,9,15,2,2,0,,6,,3,0,0,1,0,0,0,2,0,0,7,1,1,0,0,0,1,1,0,1,27,47,42,7,7,16,17,1,0,0,0,4,0,,0,0,1,0,0,0,0,0,0,0,0,,,1,27,44,27,11,6,0,0,0
BSN189708180,box,1897-08-18,0,BOS05,R,0,WSN,BSN,1,0,1,0,1,,31,0,3,4,1,0,0,,0,,5,0,,0,1,0,0,1,0,0,10,1,1,1,0,0,0,0,1,0,24,42,37,8,5,16,18,0,1,0,0,1,0,2,1,1,3,0,0,0,0,0,0,0,0,,,1,24,41,24,13,4,1,0,0
WSN189708190,box,1897-08-19,0,WAS06,R,1,WSN,CHN,1,0,1,0,1,,31,4,5,10,1,2,0,,3,,4,0,5,0,1,0,0,1,0,0,5,1,1,1,0,0,0,0,1,0,27,42,39,10,2,14,19,1,2,0,0,1,0,1,0,0,2,0,0,0,0,0,0,0,0,,,1,27,51,27,19,5,0,0,0
WSN189708201,box,1897-08-20,1,WAS06,R,1,WSN,CHN,1,0,1,0,1,,33,2,9,14,1,2,0,,2,,2,0,0,1,0,0,0,0,1,0,6,1,1,1,0,0,0,0,1,0,27,40,35,6,1,9,9,0,0,0,0,4,0,2,2,0,1,0,0,0,0,0,0,0,0,,,1,27,41,27,9,5,3,0,0
WSN189708202,box,1897-08-20,2,WAS06,R,1,WSN,CHN,1,1,0,0,1,,36,11,13,21,2,0,2,,10,,3,0,3,0,1,0,0,1,1,0,5,1,1,1,0,0,0,1,0,0,24,35,31,1,1,9,9,0,0,0,0,4,0,1,1,0,0,0,0,1,0,0,0,0,0,,,1,24,38,24,12,2,1,0,0
WSN189708210,box,1897-08-21,0,WAS06,R,1,WSN,CHN,1,1,0,0,1,,28,6,9,15,0,3,0,,6,,3,0,10,0,1,0,0,3,2,0,5,1,1,0,0,0,1,1,0,1,21,32,31,4,3,10,12,2,0,0,0,1,0,2,1,0,0,0,0,0,0,0,0,0,0,,,1,21,33,21,10,2,1,0,0
WSN189708240,box,1897-08-24,0,WAS06,R,1,WSN,CIN,1,0,1,0,1,,41,6,14,16,2,0,0,,5,,1,0,2,0,0,0,0,1,1,0,9,1,1,1,0,0,0,0,1,0,24,36,34,9,2,12,16,1,0,1,0,2,0,2,0,0,0,0,0,0,0,0,0,0,0,,,1,24,48,24,18,6,0,0,0
WSN189708250,box,1897-08-25,0,WAS06,R,1,WSN,CIN,1,1,0,0,1,,35,4,11,15,1,0,1,,3,,0,0,2,0,0,1,0,0,1,0,5,1,1,1,1,0,0,1,0,0,27,33,30,0,0,3,3,0,0,0,0,2,0,1,0,1,0,0,0,0,0,0,0,0,0,,,1,27,40,27,12,1,0,0,0
WSN189708260,box,1897-08-26,0,WAS06,R,1,WSN,SLN,1,1,0,0,1,,31,6,15,18,3,0,0,,5,,1,0,3,0,2,2,0,1,4,0,6,1,1,1,0,0,0,1,0,0,27,33,30,1,1,7,7,0,0,0,0,3,0,3,1,0,0,0,0,0,0,0,0,0,0,,,1,27,40,27,12,1,2,0,0
WSN189708270,box,1897-08-27,0,WAS06,R,1,WSN,SLN,1,1,0,0,1,,28,3,5,9,2,1,0,,3,,2,0,2,0,0,0,0,1,1,0,3,1,1,1,1,0,0,1,0,0,27,32,31,0,0,6,7,1,0,0,0,1,0,1,0,0,0,0,0,0,0,0,0,0,0,,,1,27,41,27,14,0,1,0,1
WSN189708280,box,1897-08-28,0,WAS06,R,1,WSN,SLN,1,1,0,0,1,,35,16,10,18,1,2,1,,10,,7,0,4,0,2,0,0,5,0,0,7,1,1,0,0,0,1,1,0,0,24,43,40,11,5,16,20,2,1,0,0,3,0,6,0,0,0,0,0,1,0,0,0,0,0,,,1,24,36,24,9,3,1,0,0
WSN189708310,box,1897-08-31,0,WAS06,R,1,WSN,PIT,1,1,0,0,1,,34,8,13,14,1,0,0,,8,,1,0,1,0,0,2,0,0,1,0,5,1,1,1,0,0,0,1,0,0,27,38,38,4,1,9,14,0,1,1,0,0,0,7,0,0,0,0,0,0,0,0,0,0,0,,,1,27,39,27,9,3,0,0,0
WSN189709010,box,1897-09-01,0,WAS06,R,1,WSN,PIT,1,1,0,0,1,,26,5,9,10,1,0,0,,3,,2,0,3,0,0,0,0,5,1,0,5,1,1,1,0,0,0,1,0,0,21,30,27,1,0,6,6,0,0,0,0,1,0,7,0,2,0,0,0,0,0,0,0,0,0,,,1,21,30,21,8,1,0,0,0
WSN189709020,box,1897-09-02,0,WAS06,R,1,WSN,PIT,1,0,1,0,1,,35,5,13,17,1,0,1,,4,,1,0,2,0,0,1,0,0,0,0,9,1,1,0,0,0,1,0,1,0,24,39,32,6,3,11,13,0,1,0,0,2,0,5,0,2,3,0,0,0,0,0,0,0,0,,,1,24,41,24,16,1,0,0,0
WSN189709040,box,1897-09-04,0,WAS06,R,1,WSN,LS3,1,0,0,1,1,,41,7,15,24,4,1,1,,7,,5,0,4,1,1,0,0,1,1,0,10,1,1,1,0,0,0,0,0,0,30,44,38,7,5,9,11,2,0,0,0,4,0,3,0,1,1,0,0,2,0,0,0,0,0,,,1,30,52,30,20,2,0,0,0
WSN189709061,box,1897-09-06,1,WAS06,R,1,WSN,LS3,1,1,0,0,1,,38,7,14,20,2,2,0,,6,,0,0,4,1,2,1,0,1,0,0,7,1,1,1,0,0,0,1,0,0,27,39,33,5,1,8,14,1,1,1,0,2,0,9,0,3,1,0,0,2,0,0,0,0,0,,,1,27,38,27,8,3,1,0,0
WSN189709062,box,1897-09-06,2,WAS06,R,1,WSN,LS3,1,1,0,0,1,,25,7,12,20,3,1,1,,5,,2,0,6,0,4,1,0,5,2,0,7,1,1,1,0,0,0,1,0,0,21,30,27,3,3,9,14,3,1,0,0,1,0,0,0,1,1,0,0,0,0,0,0,0,0,,,1,21,28,21,7,0,1,0,0
WSN189709070,box,1897-09-07,0,WAS06,R,1,WSN,LS3,1,1,0,0,1,,33,7,10,15,0,1,1,,5,,1,0,3,0,0,0,0,1,0,0,3,1,1,1,0,0,0,1,0,0,27,35,30,1,1,7,11,2,1,0,0,3,0,9,1,1,1,0,0,0,0,0,0,0,0,,,1,27,36,27,9,0,1,0,0
WSN189709081,box,1897-09-08,1,WAS06,R,1,WSN,CL4,1,1,0,0,1,,38,8,15,25,5,1,1,,8,,1,0,5,0,0,0,0,3,1,0,4,1,1,0,0,0,1,1,0,1,27,42,39,7,7,10,12,0,1,0,0,2,0,,1,1,0,0,0,1,0,0,0,0,0,,,1,27,43,27,10,6,1,0,0
WSN189709090,box,1897-09-09,0,WAS06,R,1,WSN,CL4,1,1,0,0,1,,36,9,11,22,1,5,0,,8,,2,0,7,0,1,0,0,1,0,0,6,1,1,1,0,0,0,1,0,0,24,43,40,8,7,14,20,2,2,0,0,3,0,4,0,0,0,0,0,0,0,0,0,0,0,,,1,24,40,24,14,2,0,0,0
WSN189709100,box,1897-09-10,0,WAS06,R,1,WSN,CL4,1,1,0,0,1,,36,9,13,18,2,0,1,,8,,0,0,5,0,2,0,0,3,0,0,5,1,1,1,0,0,0,1,0,0,27,39,36,4,4,13,14,1,0,0,0,2,0,2,0,0,1,0,0,0,0,0,0,0,0,,,1,27,43,27,16,0,0,0,0
WSN189709111,box,1897-09-11,1,WAS06,R,1,WSN,CIN,1,0,1,0,1,,46,10,21,30,2,2,1,,10,,0,0,4,1,0,0,0,1,1,0,9,1,1,0,0,0,1,0,1,0,27,54,49,19,8,21,28,4,0,1,0,5,0,1,0,0,0,0,0,0,0,0,0,0,0,,,1,27,48,27,15,6,1,0,1
WSN189709112,box,1897-09-11,2,WAS06,R,1,WSN,CIN,1,1,0,0,1,,30,8,14,14,0,0,0,,8,,2,0,1,1,0,1,0,1,0,0,7,1,1,1,0,0,0,1,0,0,21,34,32,4,3,11,14,0,0,1,0,1,0,0,0,1,0,0,0,0,0,0,0,0,0,,,1,21,32,21,10,1,0,0,0
WSN189709130,box,1897-09-13,0,WAS06,R,1,WSN,CIN,1,0,1,0,1,,27,1,6,6,0,0,0,,1,,2,0,3,0,1,0,0,1,1,0,5,1,1,0,0,0,1,0,1,0,24,33,27,2,2,5,7,0,1,0,0,5,1,5,0,1,0,0,0,0,0,0,0,0,0,,,1,24,38,24,12,2,0,0,0
WSN189709140,box,1897-09-14,0,WAS06,R,1,WSN,CIN,1,1,0,0,1,,33,10,15,16,1,0,0,,8,,4,0,1,2,1,0,0,6,0,0,10,1,1,1,0,0,0,1,0,0,18,32,27,9,6,7,10,3,0,0,0,4,0,3,0,1,0,0,0,0,0,0,0,0,0,,,1,18,28,18,7,3,0,0,0
BRO189709160,box,1897-09-16,0,NYC11,R,0,WSN,BRO,1,0,1,0,1,,31,4,8,10,2,0,0,,4,,1,0,1,0,1,2,0,0,1,0,4,1,1,1,0,0,0,0,1,0,26,42,37,5,2,13,16,3,0,0,0,3,0,5,1,0,2,0,0,0,0,0,0,0,0,,,1,26,41,26,11,4,1,0,0
BRO189709170,box,1897-09-17,0,NYC11,R,0,WSN,BRO,1,0,1,0,1,,39,4,12,17,2,0,1,,4,,0,0,0,0,0,0,0,2,0,0,8,1,1,1,0,0,0,0,1,0,26,39,38,5,3,12,16,1,0,1,0,1,0,0,0,0,0,0,0,1,0,0,0,0,0,,,1,26,42,26,13,3,0,0,0
BRO189709180,box,1897-09-18,0,NYC11,R,0,WSN,BRO,1,1,0,0,1,,40,10,14,16,2,0,0,,8,,5,0,0,1,0,0,0,1,0,0,8,1,1,0,0,0,1,1,0,1,27,50,41,9,7,14,15,1,0,0,0,6,0,0,0,1,2,0,0,0,0,0,0,0,0,,,1,27,38,27,7,4,0,0,0
PHI189709200,box,1897-09-20,0,PHI09,R,0,WSN,PHI,1,0,1,0,1,,32,1,6,7,1,0,0,,1,,1,0,3,0,0,0,0,0,0,0,5,1,1,1,0,0,0,0,1,0,24,39,31,2,2,9,11,2,0,0,0,8,0,6,0,0,0,0,0,1,0,0,0,0,0,,,1,24,38,24,13,1,1,0,0
PHI189709210,box,1897-09-21,0,PHI09,R,0,WSN,PHI,1,1,0,0,1,,35,5,9,11,2,0,0,,5,,4,0,5,0,0,1,0,4,0,0,8,1,1,1,0,0,0,1,0,0,27,38,34,4,0,5,5,0,0,0,0,3,0,0,1,0,1,0,0,0,0,0,0,0,0,,,1,27,47,27,15,5,1,0,0
PHI189709220,box,1897-09-22,0,PHI09,R,0,WSN,PHI,1,0,1,0,1,,37,4,10,11,1,0,0,,4,,5,0,1,1,0,0,0,3,0,0,11,1,1,1,0,0,0,0,1,0,25,40,32,5,4,8,12,1,0,1,0,6,1,3,0,0,2,0,0,0,0,0,0,0,0,,,1,25,35,25,8,2,0,0,0
NY1189709241,box,1897-09-24,1,NYC10,R,0,WSN,NY1,1,1,0,0,1,,39,7,14,14,0,0,0,,6,,5,0,4,1,0,0,0,4,2,0,10,1,1,1,0,0,0,1,0,0,27,35,30,2,0,6,6,0,0,0,0,4,0,8,0,0,1,0,0,1,0,0,0,0,0,,,1,27,44,27,14,3,0,0,0
NY1189709242,box,1897-09-24,2,NYC10,R,0,WSN,NY1,1,0,1,0,1,,31,4,9,9,0,0,0,,3,,3,0,4,1,0,0,0,0,1,0,6,1,1,1,0,0,0,0,1,0,24,40,37,8,6,14,16,2,0,0,0,2,0,,0,1,0,0,0,2,0,0,0,0,0,,,1,24,38,24,11,3,0,0,0
NY1189709250,box,1897-09-25,0,NYC10,R,0,WSN,NY1,1,0,1,0,1,,29,5,8,12,2,1,0,,4,,3,0,6,0,1,0,0,1,1,0,4,1,1,1,0,0,0,0,1,0,24,42,37,11,7,13,18,3,1,0,0,3,0,2,1,2,0,0,0,0,0,0,0,0,0,,,1,24,40,24,12,4,1,0,0
NY1189709270,box,1897-09-27,0,NYC10,R,0,WSN,NY1,1,1,0,0,1,,30,6,5,5,0,0,0,,6,,6,0,2,1,1,0,0,2,0,0,7,1,1,1,0,0,0,1,0,0,24,36,31,3,1,8,8,0,0,0,0,4,0,5,0,1,0,0,0,0,0,0,0,0,0,,,1,24,35,24,9,2,2,0,0
BLN189709290,box,1897-09-29,0,BAL07,R,0,WSN,BLN,1,0,1,0,1,,39,3,11,12,1,0,0,,1,,1,0,3,0,0,0,0,1,0,0,10,1,1,1,0,0,0,0,1,0,24,40,31,6,6,8,9,1,0,0,0,6,0,5,0,2,1,0,0,1,0,0,0,0,0,,,1,24,34,24,8,2,0,0,0
BLN189709300,box,1897-09-30,0,BAL07,R,0,WSN,BLN,1,1,0,0,1,,40,9,15,21,2,2,0,,8,,5,0,3,0,0,1,0,4,3,0,10,1,1,1,0,0,0,1,0,0,27,39,37,3,3,9,10,1,0,0,0,2,0,,0,0,0,0,0,0,0,0,0,0,0,,,1,27,42,27,12,3,0,0,0
BLN189710010,box,1897-10-01,0,BAL07,R,0,WSN,BLN,1,0,1,0,1,,36,4,12,13,1,0,0,,4,,6,0,4,3,0,0,0,0,0,0,11,1,1,1,0,0,0,0,1,0,27,44,38,7,7,11,15,1,0,1,0,5,0,5,0,1,0,0,0,0,0,0,0,0,0,,,1,27,47,27,16,4,0,0,0
BLN189710020,box,1897-10-02,0,BAL07,R,0,WSN,BLN,1,1,0,0,1,,28,6,8,11,3,0,0,,6,,3,0,3,0,0,2,0,0,0,0,3,1,1,0,0,0,1,1,0,0,24,34,32,3,3,9,10,1,0,0,0,2,0,4,1,0,0,0,0,0,0,0,0,0,0,,,1,24,42,24,17,1,1,0,0
